address,chain,category,source,label,detail,ref_date
0x0000000078aece3a196e1ab2fea62a596ca6af0c,ETH,community_reported,chainabuse_sitemap,reported,,
0x00000000e84f2bbdfb129ed6e495c7f879f3e634,ETH,community_reported,chainabuse_sitemap,reported,,
0x00000B20f0F6a3a212aA6b85106709cd5941457c,ETH,community_reported,chainabuse_sitemap,reported,,
0x002b4ef3eda4e7ba7c7277f8530105121da365f0,ETH,community_reported,chainabuse_sitemap,reported,,
0x0103739a1939cccecddc3a5ab5e3555112a762a8,ETH,community_reported,chainabuse_sitemap,reported,,
0x014b3352dd1209bfb7cfedaf4ec4aa8b8bc80086,ETH,community_reported,chainabuse_sitemap,reported,,
0x0171a1e4cc0b2e5170c93bf155670e2c223d6a0e,ETH,community_reported,chainabuse_sitemap,reported,,
0x0195071dc8fb646846d7a6ca9c6b6ad4dc5d868b,ETH,community_reported,chainabuse_sitemap,reported,,
0x01Cb0Af7BFBB431426FeE85A7065149B60D2bdBc,ETH,community_reported,chainabuse_sitemap,reported,,
0x01Cc6d384aB13E80c365FB91e5228697F48F2571,ETH,community_reported,chainabuse_sitemap,reported,,
0x01baeA860C7661561c31B1F765CfE8e064fF6De6,ETH,community_reported,chainabuse_sitemap,reported,,
0x022b5b0229bd1efb64a6fecfec607ab35e9b56f1,ETH,community_reported,chainabuse_sitemap,reported,,
0x02d8c0c28d8151ba1fe3c9c20570e4f26279d2b7,ETH,community_reported,chainabuse_sitemap,reported,,
0x036587E77eABE6A7e181886a5a6ED10dC25654f9,ETH,community_reported,chainabuse_sitemap,reported,,
0x0376564615aE0f59f425bCa748076bC25b7b524B,ETH,community_reported,chainabuse_sitemap,reported,,
0x0376564615ae0f59f425bca748076bc25b7b524b,ETH,community_reported,chainabuse_sitemap,reported,,
0x0385586542711b5068e5f3fF85D2a6D851d15b5e,ETH,community_reported,chainabuse_sitemap,reported,,
0x039f0812360ebe580aa61a2593c52527ba638d90,ETH,community_reported,chainabuse_sitemap,reported,,
0x03c42eC756c18A63f2c848F77265c7A903b11799,ETH,community_reported,chainabuse_sitemap,reported,,
0x03dFFA990F8fD07d383d4fEC5a595E5153982432,ETH,community_reported,chainabuse_sitemap,reported,,
0x0453bb034313ba0933708dcee743518e6de0664d,ETH,community_reported,chainabuse_sitemap,reported,,
0x048d2e03D81CBa703f396E5bb69002cfd0ddc228,ETH,community_reported,chainabuse_sitemap,reported,,
0x0498d16a498B8Ac1915447a98905B7c616b68074,ETH,community_reported,chainabuse_sitemap,reported,,
0x049a203AC85b2Bca08DfC12841162cc4BEeD42d9,ETH,community_reported,chainabuse_sitemap,reported,,
0x04E4b9fA48e1BB06070A8d4B0ffFafB124d06673,ETH,community_reported,chainabuse_sitemap,reported,,
0x04aE3226C80E8C04D35E6e56089345BdD06DA6DE,ETH,community_reported,chainabuse_sitemap,reported,,
0x04eE62c90FeC42D98Fc21A882DCB40De70D43166,ETH,community_reported,chainabuse_sitemap,reported,,
0x0548f59fee79f8832c299e01dca5c76f034f558e,ETH,community_reported,chainabuse_sitemap,reported,,
0x05584179486314536837E181D725E56560044Bc7,ETH,community_reported,chainabuse_sitemap,reported,,
0x055bDd43D90628540843fa3C06073ABA4A0D3573,ETH,community_reported,chainabuse_sitemap,reported,,
0x05e2b2d12e848263450d9ac0c761ae1060a3fe4f,ETH,community_reported,chainabuse_sitemap,reported,,
0x0608576EA47B265f1F16b8B8383d0508F703a0cb,ETH,community_reported,chainabuse_sitemap,reported,,
0x06424594ff86150f076e406a1b41bf16f53c5c6b,ETH,community_reported,chainabuse_sitemap,reported,,
0x06450b4a193c37376f6d572168734045aff8c848,ETH,community_reported,chainabuse_sitemap,reported,,
0x064F34f367818f161C673ABB251b65cE9dDeC31E,ETH,community_reported,chainabuse_sitemap,reported,,
0x06721E6CEc09Da0A0a83089B795C4ba57BaE97b9,ETH,community_reported,chainabuse_sitemap,reported,,
0x06c232ecdea625545e57c2f038b5426c85cfd3cf,ETH,community_reported,chainabuse_sitemap,reported,,
0x06fb104e36d47c2f533211cff2e9d6379cd565a4,ETH,community_reported,chainabuse_sitemap,reported,,
0x07059e0161e21f9fa5d9040400C802b75625840F,ETH,community_reported,chainabuse_sitemap,reported,,
0x0716e152ebaf0468b7282bb6a277c78747e6848e,ETH,community_reported,chainabuse_sitemap,reported,,
0x071b0545C07Ad6e6a829E60eC8E9B3944814c9A7,ETH,community_reported,chainabuse_sitemap,reported,,
0x0741A2a1383D438239D9Acd015179cDe5350d83d,ETH,community_reported,chainabuse_sitemap,reported,,
0x0752D7e380691F6411415cf23938Afb313d56B53,ETH,community_reported,chainabuse_sitemap,reported,,
0x0784051d5136A5ccB47dDb3a15243890f5268482,ETH,community_reported,chainabuse_sitemap,reported,,
0x07A9ADD93470FC5aD3c4A4683f61F9751D1F38C4,ETH,community_reported,chainabuse_sitemap,reported,,
0x07Ba7e8947f8Fb4d33f3C7E25c2CB35B858F02Eb,ETH,community_reported,chainabuse_sitemap,reported,,
0x087ce5f26c4d29c1443e24f86c956dc8433b756b,ETH,community_reported,chainabuse_sitemap,reported,,
0x090c854132037a7a5fd7f818395365eef88e91ed,ETH,community_reported,chainabuse_sitemap,reported,,
0x095C20a07Bc1133b8aAd3fF5E3583B43Dfe5c565,ETH,community_reported,chainabuse_sitemap,reported,,
0x098B716B8Aaf21512996dC57EB0615e2383E2f96,ETH,community_reported,chainabuse_sitemap,reported,,
0x09923E35f19687a524BbCa7d42B92B6748534F25,ETH,community_reported,chainabuse_sitemap,reported,,
0x09b5027ef3a3b7332ee90321e558bad9c4447afa,ETH,community_reported,chainabuse_sitemap,reported,,
0x09cF0bd01027c7defb575330378C768C5d87d58d,ETH,community_reported,chainabuse_sitemap,reported,,
0x0A5CC88BaBD2d1B68C2B857ac9d016bcBc6608F4,ETH,community_reported,chainabuse_sitemap,reported,,
0x0B768874F06686EEB6F00F44A21b19F831751973,ETH,community_reported,chainabuse_sitemap,reported,,
0x0D018953482166E8E0eC092dC8116FA0cFed3006,ETH,community_reported,chainabuse_sitemap,reported,,
0x0D6e286A7cfD25E0c01fEe9756765D8033B32C71,ETH,community_reported,chainabuse_sitemap,reported,,
0x0D98EAE8d16F95a4913da8ac63AbA69953c87912,ETH,community_reported,chainabuse_sitemap,reported,,
0x0D9ef1052434e9848d6E613F9f733737cD15B7f6,ETH,community_reported,chainabuse_sitemap,reported,,
0x0E57edbA0FccB1E388926193c873120cab961fEe,ETH,community_reported,chainabuse_sitemap,reported,,
0x0EA3b57Af623D0F7876052f9b890E862bBEDD171,ETH,community_reported,chainabuse_sitemap,reported,,
0x0F3C0c6277BA049B6c3f4F3e71d677b923298B35,ETH,community_reported,chainabuse_sitemap,reported,,
0x0a1d8732520051bAf241986B3Efa8B5A6e9B3f15,ETH,community_reported,chainabuse_sitemap,reported,,
0x0a442Af665274eDBC4a76765d7275bcca7c687db,ETH,community_reported,chainabuse_sitemap,reported,,
0x0a5248cd87d72c06bda2545ab72ee9f1e6af2fc4,ETH,community_reported,chainabuse_sitemap,reported,,
0x0a5b9b930fc5be638232d8b9b69cb5b46249c06e,ETH,community_reported,chainabuse_sitemap,reported,,
0x0a853d78125dca91b29a65f89e202dc1b06c3a49,ETH,community_reported,chainabuse_sitemap,reported,,
0x0aDAb45946372c2BE1b94eeaD4B385210A8EBF0B,ETH,community_reported,chainabuse_sitemap,reported,,
0x0aE1554860E51844B61AE20823eF1268C3949f7C,ETH,community_reported,chainabuse_sitemap,reported,,
0x0aF0625b772472d18825c104b9daE35f76d3f6E0,ETH,community_reported,chainabuse_sitemap,reported,,
0x0aaa0bada9879b598862910785cb85dcd9890468,ETH,community_reported,chainabuse_sitemap,reported,,
0x0aca56900e20696749dfdb76147b08abb1b1019d,ETH,community_reported,chainabuse_sitemap,reported,,
0x0b02eEcA0fc9B1e817B5ceD131A12061723C0E40,ETH,community_reported,chainabuse_sitemap,reported,,
0x0b034961CE45af947E5F7cb118D8Db6343084a5A,ETH,community_reported,chainabuse_sitemap,reported,,
0x0b15867b3d08b3b8ea4c76bb06878a74e445d2fa,ETH,community_reported,chainabuse_sitemap,reported,,
0x0b88a083dc7b8ac2a84eba02e4acb2e5f2d3063c,ETH,community_reported,chainabuse_sitemap,reported,,
0x0bacbFb25DC0Caa78DdB7E031c442BB6510BBa6b,ETH,community_reported,chainabuse_sitemap,reported,,
0x0c73488a66c7bca56abf295bc2af93e913f24c57,ETH,community_reported,chainabuse_sitemap,reported,,
0x0c79132266696787598917b079f43cffc13bdcdd,ETH,community_reported,chainabuse_sitemap,reported,,
0x0c9bC8FF3a2625A5A7A7770C74525AF1a1Ba254a,ETH,community_reported,chainabuse_sitemap,reported,,
0x0cEe5a2F50811DF70db34C647cE536bc4891FFf6,ETH,community_reported,chainabuse_sitemap,reported,,
0x0ce83eb78c0eb31b1356b427877342d1e852ad65,ETH,community_reported,chainabuse_sitemap,reported,,
0x0d043128146654C7683Fbf30ac98D7B2285DeD00,ETH,community_reported,chainabuse_sitemap,reported,,
0x0d043128146654c7683fbf30ac98d7b2285ded00,ETH,community_reported,chainabuse_sitemap,reported,,
0x0d422c39024259fd5f250b7ca0e599f0ea371db0,ETH,community_reported,chainabuse_sitemap,reported,,
0x0d5a7B2BE9c19d744F63be39c3DBD7AB992FEc85,ETH,community_reported,chainabuse_sitemap,reported,,
0x0e0f9db58eac38272dffe373f682a13e373888e7,ETH,community_reported,chainabuse_sitemap,reported,,
0x0e2a4d797da81eb3dba908c7f5da7881d2dee33d,ETH,community_reported,chainabuse_sitemap,reported,,
0x0e9209c905b15d93526c0e6bd5903a2918ba8d7c,ETH,community_reported,chainabuse_sitemap,reported,,
0x0e9B85B830f694f8A792bA721DfFe06c7E256588,ETH,community_reported,chainabuse_sitemap,reported,,
0x0eA0eC93E0678AEAF02f107464769DfBBD8A388e,ETH,community_reported,chainabuse_sitemap,reported,,
0x101203746651f97519E53902D3C07E48B5B31d46,ETH,community_reported,chainabuse_sitemap,reported,,
0x103dC4519d984DEb6C3c0AC9E0196Fa6A0529253,ETH,community_reported,chainabuse_sitemap,reported,,
0x1079061d37f7f3fd3295e4aad02ece4a3f20de2d,ETH,community_reported,chainabuse_sitemap,reported,,
0x1087d3584AB80df8d14B4D7d5A2091C3Bb55eF2F,ETH,community_reported,chainabuse_sitemap,reported,,
0x10Da75631D05fCdf5451cFd70eAff6BF343307e9,ETH,community_reported,chainabuse_sitemap,reported,,
0x10FE8b2CA0175844793F1CabE01C261E8986f1E7,ETH,community_reported,chainabuse_sitemap,reported,,
0x10cd051Bd70ce950Fa7158Db1607D90208E50Ad9,ETH,community_reported,chainabuse_sitemap,reported,,
0x1106c5fd308959a6ec4a1b7a61dc7738de83cece,ETH,community_reported,chainabuse_sitemap,reported,,
0x1123Aaf2d3AA6e075c9e7E232895818387826026,ETH,community_reported,chainabuse_sitemap,reported,,
0x1129B2591A7dFDfF453C3520Fd22A4C98dCF463A,ETH,community_reported,chainabuse_sitemap,reported,,
0x113f413371fc4cc4c9d6416cf1de9dfd7bf747df,ETH,community_reported,chainabuse_sitemap,reported,,
0x114068Eeb0f50456E07d26b92ba0ae5f5b55b690,ETH,community_reported,chainabuse_sitemap,reported,,
0x1147f916de9f153f5189bc1538421568ed23dab5,ETH,community_reported,chainabuse_sitemap,reported,,
0x1154dda51263b1bdb9b12482a99540dd28aed7db,ETH,community_reported,chainabuse_sitemap,reported,,
0x117C0391B3483E32AA665b5ecb2Cc539669EA7E9,ETH,community_reported,chainabuse_sitemap,reported,,
0x118203B0f2A3ef9e749D871C8fEF5e5e55ef5C91,ETH,community_reported,chainabuse_sitemap,reported,,
0x11C23ac03B32823B186CcB00cE351bc36b1D7453,ETH,community_reported,chainabuse_sitemap,reported,,
0x11F01E387f3AFd278729f2075a11276b02e25209,ETH,community_reported,chainabuse_sitemap,reported,,
0x11a2356eD527B87e502c19ac85cdCf2B12c975CC,ETH,community_reported,chainabuse_sitemap,reported,,
0x11c514e674b7f721cff44d2ca089ecffd1a65644,ETH,community_reported,chainabuse_sitemap,reported,,
0x11c7C3157e3226Aa2cde1278F40Acc85cc127c60,ETH,community_reported,chainabuse_sitemap,reported,,
0x120f1344e5d7c527643c0826e9e8ee2a8728197b,ETH,community_reported,chainabuse_sitemap,reported,,
0x1219Ad44C3C35E8f55F30D637CC667c6F2D0c877,ETH,community_reported,chainabuse_sitemap,reported,,
0x1238a47cf75496e510e4da096796ef4c99105c45,ETH,community_reported,chainabuse_sitemap,reported,,
0x126b9b179efbc4e7ec9fab6dc08116105531465f,ETH,community_reported,chainabuse_sitemap,reported,,
0x12EfeD3512EA7b76F79BcdE4a387216C7bcE905e,ETH,community_reported,chainabuse_sitemap,reported,,
0x12facd947bef9f3049735e4978d09c1035f74cc1,ETH,community_reported,chainabuse_sitemap,reported,,
0x138D9959083347071c92BdC0F3fCB41af1866c83,ETH,community_reported,chainabuse_sitemap,reported,,
0x13e29674bd976e2dbdb6f073286939d16d6e07a5,ETH,community_reported,chainabuse_sitemap,reported,,
0x149c47ad91a4f01719123a9971b21e112da68d71,ETH,community_reported,chainabuse_sitemap,reported,,
0x14EC0cD2aCee4Ce37260b925F74648127a889a28,ETH,community_reported,chainabuse_sitemap,reported,,
0x14f3dA49e76b4dfBCd93fa3273b54482aF4D8Ea8,ETH,community_reported,chainabuse_sitemap,reported,,
0x1503b6cb665fea9a128a56244df392e950593486,ETH,community_reported,chainabuse_sitemap,reported,,
0x1509ac18feC4C46d4E0a6A70096f1004b93be451,ETH,community_reported,chainabuse_sitemap,reported,,
0x1588afd4da044a607f3085C0844510a79E3Ab0c2,ETH,community_reported,chainabuse_sitemap,reported,,
0x158c244b62058330f2c328c720b072d8db2c612f,ETH,community_reported,chainabuse_sitemap,reported,,
0x15Ad3B3Ec1817e0dc9590Cb776A8e9B30870Fd11,ETH,community_reported,chainabuse_sitemap,reported,,
0x15B07336965fcD73dcb90C218dD39E0cbBEC2d9D,ETH,community_reported,chainabuse_sitemap,reported,,
0x15D4c048F83bd7e37d49eA4C83a07267Ec4203dA,ETH,community_reported,chainabuse_sitemap,reported,,
0x166C7Ae68dc800De903f891a3bb2c9258d797CcA,ETH,community_reported,chainabuse_sitemap,reported,,
0x16ECCfDbb4eE1A85A33f3A9B21175Cd7Ae753dB4,ETH,community_reported,chainabuse_sitemap,reported,,
0x17188397FAC2a8488Fff0FE93288a6Bb3e7E8970,ETH,community_reported,chainabuse_sitemap,reported,,
0x177BB575b45d059510616a05d301F898dADDE294,ETH,community_reported,chainabuse_sitemap,reported,,
0x17bCB43447e6A490eE05A3FB157489aA732c0C68,ETH,community_reported,chainabuse_sitemap,reported,,
0x17c96b587fe67f469a5093f462834fa1e0431a64,ETH,community_reported,chainabuse_sitemap,reported,,
0x17ddd00ed01277bd76718751029fd824088e0e5a,ETH,community_reported,chainabuse_sitemap,reported,,
0x17e4E3e9591998AD988627f3A11B61c459568cee,ETH,community_reported,chainabuse_sitemap,reported,,
0x17e96e4332006de62cc849cde40ff222af8cc6a6,ETH,community_reported,chainabuse_sitemap,reported,,
0x1815b5805DD5260b644B8db230763e38df4C5d7f,ETH,community_reported,chainabuse_sitemap,reported,,
0x18470e00991d01681d1c64371178a6ca36b3076b,ETH,community_reported,chainabuse_sitemap,reported,,
0x18738290AF1Aaf96f0AcfA945C9C31aB21cd65bE,ETH,community_reported,chainabuse_sitemap,reported,,
0x18988d4e3d69f33a288c745c87d6a3493d642329,ETH,community_reported,chainabuse_sitemap,reported,,
0x1902D018D5B380437bE190e253758D08Fb880023,ETH,community_reported,chainabuse_sitemap,reported,,
0x193380b1Cd5a3e4141BE0410Eb1Ee139145db91a,ETH,community_reported,chainabuse_sitemap,reported,,
0x19c02361af5c1f3876f028caa53579c7b1954f47,ETH,community_reported,chainabuse_sitemap,reported,,
0x1A21fCA753B46964D3900511AE434d1beEfbE3b9,ETH,community_reported,chainabuse_sitemap,reported,,
0x1AaE9118e541d1632746De3317ffdb02f36696F1,ETH,community_reported,chainabuse_sitemap,reported,,
0x1B1c5903936D1441B67A07c9d0900D3cFb923d1A,ETH,community_reported,chainabuse_sitemap,reported,,
0x1B46850e856eBf954D591dfaB96551122FbaD597,ETH,community_reported,chainabuse_sitemap,reported,,
0x1Bcf9Edb72f7650DfcdC59aE3b8a73d35a2f2902,ETH,community_reported,chainabuse_sitemap,reported,,
0x1C83B73a52a29F31542C04a50d63dF9D8950649a,ETH,community_reported,chainabuse_sitemap,reported,,
0x1CBaBbaef4fcac7A239bAd0a2E92CDDfe69DcF3E,ETH,community_reported,chainabuse_sitemap,reported,,
0x1D5a56402425C1099497C1AD715A6b56aACcB72B,ETH,community_reported,chainabuse_sitemap,reported,,
0x1E02b45708a5a9717FD0ebc86112e661Af4D96bd,ETH,community_reported,chainabuse_sitemap,reported,,
0x1E897644454e44C500a0F2c158050853474B811d,ETH,community_reported,chainabuse_sitemap,reported,,
0x1F02C31197D5BB916Ec258d93Ae5aA257833C3a3,ETH,community_reported,chainabuse_sitemap,reported,,
0x1a5724f83eb1962d2a627a325a0732bf205b3612,ETH,community_reported,chainabuse_sitemap,reported,,
0x1adf5f712931eb522da5ca6724421952ae36c83e,ETH,community_reported,chainabuse_sitemap,reported,,
0x1afbb2d636ae607a53ad69ccc46affad614f2f5c,ETH,community_reported,chainabuse_sitemap,reported,,
0x1b1b391d1026a4e3fb7f082ede068b25358a61f2,ETH,community_reported,chainabuse_sitemap,reported,,
0x1b666692113e66bcc78c553685de97a9ab59fbd0,ETH,community_reported,chainabuse_sitemap,reported,,
0x1bcdcad6104f8e7ec21a9192d3172de6625189c8,ETH,community_reported,chainabuse_sitemap,reported,,
0x1bd2c35424bcb28b79ff75b540bbe0c84902f76b,ETH,community_reported,chainabuse_sitemap,reported,,
0x1c14f961d2430aabf18e743368dde349c2680510,ETH,community_reported,chainabuse_sitemap,reported,,
0x1c380eb77869f4b1455f790d0e8b04dd8badf47d,ETH,community_reported,chainabuse_sitemap,reported,,
0x1c5dCdd006EA78a7E4783f9e6021C32935a10fb4,ETH,community_reported,chainabuse_sitemap,reported,,
0x1c7e0fb8a0b721e069542b78777a1f00cae0c04b,ETH,community_reported,chainabuse_sitemap,reported,,
0x1c994A7A8038e52758FF39b9E9Fc579FB9Bf1C46,ETH,community_reported,chainabuse_sitemap,reported,,
0x1cE53b3f10Ec853342475064BEaF077D76A8c2d5,ETH,community_reported,chainabuse_sitemap,reported,,
0x1cb6d29c52fd993103eadd0c01209ba000e92459,ETH,community_reported,chainabuse_sitemap,reported,,
0x1d0d6797f63bcd6845f9fcc4995703c14152ac55,ETH,community_reported,chainabuse_sitemap,reported,,
0x1dcC7f61C24A91eb00E26A56730c0879c275958A,ETH,community_reported,chainabuse_sitemap,reported,,
0x1e1e1418dbd2e70625e2cc2a9e6713810a11416b,ETH,community_reported,chainabuse_sitemap,reported,,
0x1e6050b85ad84a26ff75a73ea81d2814792200c5,ETH,community_reported,chainabuse_sitemap,reported,,
0x1e669254badd2866b217983d6a2fcbbf07d66ff7,ETH,community_reported,chainabuse_sitemap,reported,,
0x1ea8ce7D17bFE0149e8AA549F4f58BE18a3cC131,ETH,community_reported,chainabuse_sitemap,reported,,
0x1ed9199bE213D8e914aEe05780596BBE023082A7,ETH,community_reported,chainabuse_sitemap,reported,,
0x1f07957e1e5f3585c762736a83a2ce3140fccfa9,ETH,community_reported,chainabuse_sitemap,reported,,
0x1f2822e9678B429729C02875585336A5344Dc044,ETH,community_reported,chainabuse_sitemap,reported,,
0x1f4c5CEfF08e252Be8F15377A69145c77802ECe5,ETH,community_reported,chainabuse_sitemap,reported,,
0x1f5aeaca7c616ae09424627ee1a5db736cd1fd4f,ETH,community_reported,chainabuse_sitemap,reported,,
0x1fcdb04d0c5364fbd92c73ca8af9baa72c269107,ETH,community_reported,chainabuse_sitemap,reported,,
0x203aa2e14752b9cca5f66ce00b75ab7af45437df,ETH,community_reported,chainabuse_sitemap,reported,,
0x2098145e7d5572828209f89fb972568b765605c7,ETH,community_reported,chainabuse_sitemap,reported,,
0x20EF1664681413d9b0d705eAad72b8f2b43F8047,ETH,community_reported,chainabuse_sitemap,reported,,
0x20f3a94c940Ed0F25Fb9B7a6b468AffcE18006E7,ETH,community_reported,chainabuse_sitemap,reported,,
0x215282684edFA91cfE2388a04c98a31A09f64285,ETH,community_reported,chainabuse_sitemap,reported,,
0x216a81300275ab64a5bd0dcb54baeeba3da64e4a,ETH,community_reported,chainabuse_sitemap,reported,,
0x21bcb4fa299e13c4fa97b2271099f35a1499e74c,ETH,community_reported,chainabuse_sitemap,reported,,
0x21f12444e96f3106fbaba45da67d71cff7f8353b,ETH,community_reported,chainabuse_sitemap,reported,,
0x222E0ABFC5Be71AC628FbD5E40Abb704046a0D43,ETH,community_reported,chainabuse_sitemap,reported,,
0x2278D5A0B4AE2Fc822570F7Fd1894A320F3DB8B6,ETH,community_reported,chainabuse_sitemap,reported,,
0x22BAD7D4498C65d51BDc630c9E5D54e4931b0A5e,ETH,community_reported,chainabuse_sitemap,reported,,
0x22CC92A0BFF96BB2abd60Ae27F74803BccF318Db,ETH,community_reported,chainabuse_sitemap,reported,,
0x22b15e796ab8897bf5de28cafbc3a4e9df8ca802,ETH,community_reported,chainabuse_sitemap,reported,,
0x233a65b06Ef83CCf2fd58832086dD782f9da1642,ETH,community_reported,chainabuse_sitemap,reported,,
0x234cf21f187c05ea60dd20cb090d4c114a88926e,ETH,community_reported,chainabuse_sitemap,reported,,
0x23600C520c44E6560AFa1E5d3cad10a15392fC29,ETH,community_reported,chainabuse_sitemap,reported,,
0x2408E38C358F1881EE18D6fe3583454AC991E70b,ETH,community_reported,chainabuse_sitemap,reported,,
0x2431bec69aa4699ad9A9aE77233F7bdcD6d631f8,ETH,community_reported,chainabuse_sitemap,reported,,
0x24354D31bC9D90F62FE5f2454709C32049cf866b,ETH,community_reported,chainabuse_sitemap,reported,,
0x247749cE1A5aF5761b9b9D544E7Af7f2dfBA8759,ETH,community_reported,chainabuse_sitemap,reported,,
0x2479d74112b5bf1684f73d81233f0f9b51256973,ETH,community_reported,chainabuse_sitemap,reported,,
0x24c9540bd3db9cac1852a6243ac37a37144a7fe4,ETH,community_reported,chainabuse_sitemap,reported,,
0x24dd8607cf6e05d27243b413883dfa1b69a1105c,ETH,community_reported,chainabuse_sitemap,reported,,
0x24fae3a4ca3b5b46Cb4378a83e9036a7Ca0f96b7,ETH,community_reported,chainabuse_sitemap,reported,,
0x2522131C628192e15FfEf7708905d219dC836219,ETH,community_reported,chainabuse_sitemap,reported,,
0x25fb126B6c6B5c8EF732b86822fA0F0024E16C61,ETH,community_reported,chainabuse_sitemap,reported,,
0x261091CbDe098E1543119b91bbbfE2e6Ac59FeC1,ETH,community_reported,chainabuse_sitemap,reported,,
0x26157209301CF93c7C5b2ec5FA1562178C17676f,ETH,community_reported,chainabuse_sitemap,reported,,
0x26446C1658b036A6FA3Efb805F8fc538451D3FC2,ETH,community_reported,chainabuse_sitemap,reported,,
0x266b4F69FC5339350685776cAFB71BB8edB91Aa2,ETH,community_reported,chainabuse_sitemap,reported,,
0x26844cbcc50a9675a24132ccc04473e9613ecfc7,ETH,community_reported,chainabuse_sitemap,reported,,
0x26a76f4fE7a21160274D060acB209f515F35429c,ETH,community_reported,chainabuse_sitemap,reported,,
0x270c21bfb99a14e41408568570c3a4f481253ee6,ETH,community_reported,chainabuse_sitemap,reported,,
0x275e56b195019975412d94e6ab055fbc7b051639,ETH,community_reported,chainabuse_sitemap,reported,,
0x277Af92A3CC749573e43B62393AE30510Ea179B7,ETH,community_reported,chainabuse_sitemap,reported,,
0x27893c03600712bdb9d77c316eac3de011c94174,ETH,community_reported,chainabuse_sitemap,reported,,
0x27a2778c60efaE6B4bC0d7521fbF05F724f8dc3D,ETH,community_reported,chainabuse_sitemap,reported,,
0x289E90E739A797cA53319E7a225a15F587e16D4F,ETH,community_reported,chainabuse_sitemap,reported,,
0x28cb93fe277618270d1e92d9684be5f9031e98f4,ETH,community_reported,chainabuse_sitemap,reported,,
0x28cbe3f160ecc150ff8bf75c16d77b5e41a18de0,ETH,community_reported,chainabuse_sitemap,reported,,
0x2913c126C5e412DCaB0bCBDF376Bed35bdFB0848,ETH,community_reported,chainabuse_sitemap,reported,,
0x291825a139Fca1B17f1Eb690A5aFC913cB8211Dc,ETH,community_reported,chainabuse_sitemap,reported,,
0x291d931172783ab4b059c9e25f5c2af1d541373f,ETH,community_reported,chainabuse_sitemap,reported,,
0x292a727025726A5eb28de4B5FecbB618FF8b841F,ETH,community_reported,chainabuse_sitemap,reported,,
0x29890ee91e8b63a77be34958a55b6e56d54bc142,ETH,community_reported,chainabuse_sitemap,reported,,
0x29957eaa9c858ccbc7becddc95324e6c22f4ec4c,ETH,community_reported,chainabuse_sitemap,reported,,
0x299d149bf59e683c7019ff20eb85fc1ad8c03022,ETH,community_reported,chainabuse_sitemap,reported,,
0x29b1a2298f8d50129fea2537b1c5c0ac521cde7e,ETH,community_reported,chainabuse_sitemap,reported,,
0x29d181df13ebae44983b488e290463c60323679c,ETH,community_reported,chainabuse_sitemap,reported,,
0x29ebece4633A264401042E03a2A8F568C1771182,ETH,community_reported,chainabuse_sitemap,reported,,
0x29fC9B71492ec63696Cf9cd56e9832A42B0dCED0,ETH,community_reported,chainabuse_sitemap,reported,,
0x2A1F4cB6746C259943f7A01a55d38CCBb4629B8E,ETH,community_reported,chainabuse_sitemap,reported,,
0x2A2aA50450811Ae589847D670cB913dF763318E8,ETH,community_reported,chainabuse_sitemap,reported,,
0x2AbA6B55Dd607b60DE4DA26fC1613baDEe413cF9,ETH,community_reported,chainabuse_sitemap,reported,,
0x2BE102d023cF0432362bE3708b63237377aC2687,ETH,community_reported,chainabuse_sitemap,reported,,
0x2C6900b24221dE2B4A45c8c89482fFF96FFB7E55,ETH,community_reported,chainabuse_sitemap,reported,,
0x2DEC970A5E35caDE254B7609403dB02B5C6d1B5f,ETH,community_reported,chainabuse_sitemap,reported,,
0x2F904Fb9a95e92532D42aA3cFB77D19842A3e979,ETH,community_reported,chainabuse_sitemap,reported,,
0x2a1bF7a077E2C8c20A67A75bDD37cC88F3319054,ETH,community_reported,chainabuse_sitemap,reported,,
0x2aC81C02fBFA8fc432d572F2894Ea61554D11dD0,ETH,community_reported,chainabuse_sitemap,reported,,
0x2aa7eb2bc9d08ea10154e5a4fe2eafef4191aeec,ETH,community_reported,chainabuse_sitemap,reported,,
0x2b81104a9cb4c30b58702580fc142a49941be6e9,ETH,community_reported,chainabuse_sitemap,reported,,
0x2b98941e4079C7E412a4d0a5c6866f560a9c9E43,ETH,community_reported,chainabuse_sitemap,reported,,
0x2bddbb495972f3e06c4d3bcbf1c1086f301430f5,ETH,community_reported,chainabuse_sitemap,reported,,
0x2bf3a92b3190751062079f628273208e19c23192,ETH,community_reported,chainabuse_sitemap,reported,,
0x2bf5693dd3A5ceA1139C4510FDcE120Cf042c934,ETH,community_reported,chainabuse_sitemap,reported,,
0x2bf5693dd3a5cea1139c4510fdce120cf042c934,ETH,community_reported,chainabuse_sitemap,reported,,
0x2c1864889cf486c962e46cc7894e6b0e2f55ab43,ETH,community_reported,chainabuse_sitemap,reported,,
0x2c56954b429d0a084c43ffd90cd9457248b0fa74,ETH,community_reported,chainabuse_sitemap,reported,,
0x2c86201eb09981b56fcc94f45d66a2a7341cb77f,ETH,community_reported,chainabuse_sitemap,reported,,
0x2cA34c74163a1A9d3D08Cf601E32Fb94D7f1F143,ETH,community_reported,chainabuse_sitemap,reported,,
0x2cd7e2e65bb6ef5f233f9dea83736cf8195fe70d,ETH,community_reported,chainabuse_sitemap,reported,,
0x2d16514700cE6F7dd6BAA9244ce0CC05dDC07654,ETH,community_reported,chainabuse_sitemap,reported,,
0x2d3a838701c301b3c402c91b3b3f852b7adc0418,ETH,community_reported,chainabuse_sitemap,reported,,
0x2d6cf15d0c1cffaac23995623d4a0b3502031ac1,ETH,community_reported,chainabuse_sitemap,reported,,
0x2e4121b3e264dffd7178a6c72a29c87238829fa1,ETH,community_reported,chainabuse_sitemap,reported,,
0x2e42c07e7f1a00fc86ca2bf1d379a1d5d5b43455,ETH,community_reported,chainabuse_sitemap,reported,,
0x2e454234c1f9D1Fe712D82CD2e5074e7262cf9f1,ETH,community_reported,chainabuse_sitemap,reported,,
0x2e5E5064B9302E03C7dBE5f80b434CECe61099d4,ETH,community_reported,chainabuse_sitemap,reported,,
0x2e86cdda1cb4baf3aa15a0d878c368f10b70ad57,ETH,community_reported,chainabuse_sitemap,reported,,
0x2ef1b70f195fd0432f9c36fb2ef7c99629b0398c,ETH,community_reported,chainabuse_sitemap,reported,,
0x2f053e33bd590830858161d42c67e9e8a9390019,ETH,community_reported,chainabuse_sitemap,reported,,
0x2f2c3eDb0eA64627DBF434C49C7A6A0Ed610f359,ETH,community_reported,chainabuse_sitemap,reported,,
0x2f618493B9Ff77D61426E4dbF3b844666a6B315E,ETH,community_reported,chainabuse_sitemap,reported,,
0x2f9c8a35ef323a41f41ddfc10f1b27901fb740cd,ETH,community_reported,chainabuse_sitemap,reported,,
0x2fe004ae1b6718b09380f8392aa91cd2d5039b98,ETH,community_reported,chainabuse_sitemap,reported,,
0x302685a3c6a4A7144a97f123ec6A0cD835EEE16E,ETH,community_reported,chainabuse_sitemap,reported,,
0x3069388B2C7e45a53EBB32c31bC3817304401D9E,ETH,community_reported,chainabuse_sitemap,reported,,
0x30B53a3FEFE47ad38C9D4b2aaad2cF761bD60Fe8,ETH,community_reported,chainabuse_sitemap,reported,,
0x30Dc7A5b2475EdE0c63689D97D4b147d5521F677,ETH,community_reported,chainabuse_sitemap,reported,,
0x30fa3923c975b7abff30a11c26a706d4056c46af,ETH,community_reported,chainabuse_sitemap,reported,,
0x311914aff4d482591E650284369D38Fc51466DA0,ETH,community_reported,chainabuse_sitemap,reported,,
0x31264Ca6EE7b3Ab6d99e9bd35e1C7d5Dc53656c3,ETH,community_reported,chainabuse_sitemap,reported,,
0x313012ebcc352eba0521846d0997ec276ba51688,ETH,community_reported,chainabuse_sitemap,reported,,
0x313e3bff872fbd49b99f48fcfe11e1513e0ce859,ETH,community_reported,chainabuse_sitemap,reported,,
0x31499E03303dd75851a1738E88972CD998337403,ETH,community_reported,chainabuse_sitemap,reported,,
0x316018a560a6399025ffd6b77483b5f9795838da,ETH,community_reported,chainabuse_sitemap,reported,,
0x3163cd724b4357d3fa70b6a008152b5f244f20a5,ETH,community_reported,chainabuse_sitemap,reported,,
0x31A7CC04987520cEfaCd46F734943A105b29186E,ETH,community_reported,chainabuse_sitemap,reported,,
0x31F654A311b00c4FFB8E5EbE9E59DC0665e5cd80,ETH,community_reported,chainabuse_sitemap,reported,,
0x31b624F0158e3f2763f84bD8d55E659B7CE0dB19,ETH,community_reported,chainabuse_sitemap,reported,,
0x31d41d7009cd0a8a6023521e2bbfd771d419f9c5,ETH,community_reported,chainabuse_sitemap,reported,,
0x3235d40b4e94f35cca5a07cdc3f6057862f6ac5e,ETH,community_reported,chainabuse_sitemap,reported,,
0x3245E504d75E4148a491BaAC5066B0F26965567D,ETH,community_reported,chainabuse_sitemap,reported,,
0x3256ec2dc86d36b63aa0bf9fc37e5e6fcd359fe0,ETH,community_reported,chainabuse_sitemap,reported,,
0x326a857685898070c41e40efa473a6804e3213ec,ETH,community_reported,chainabuse_sitemap,reported,,
0x329e97130846e7F54e8fD892243Ca8b8C354c86e,ETH,community_reported,chainabuse_sitemap,reported,,
0x32ce9e964e83388765b29867f98f9e8fe75c08e9,ETH,community_reported,chainabuse_sitemap,reported,,
0x32ff5b4C3B1744F0344D96fA2f87799Ed2805749,ETH,community_reported,chainabuse_sitemap,reported,,
0x330432eEB335d4DcfFC5E5AF4b9aAA0beD07D083,ETH,community_reported,chainabuse_sitemap,reported,,
0x330bF950Ab2Fb1f8Ed039a50b1a92478714a6c7c,ETH,community_reported,chainabuse_sitemap,reported,,
0x33420A25bE0F454b8F3c73a790ebf41A05e9B3f8,ETH,community_reported,chainabuse_sitemap,reported,,
0x33a3970bec39aba602469c4586ff35bb1a31ca1e,ETH,community_reported,chainabuse_sitemap,reported,,
0x33b24d838605fd6125f5c68b46b58165c5a2cae1,ETH,community_reported,chainabuse_sitemap,reported,,
0x33d2c14ca17e966f8f3F7c750a6d155fA178941c,ETH,community_reported,chainabuse_sitemap,reported,,
0x33e02cc38790a07927c79d1ed75b72bcfb83766d,ETH,community_reported,chainabuse_sitemap,reported,,
0x33e196cd6078a633d92ddcec5cfb9d7fe05cbb66,ETH,community_reported,chainabuse_sitemap,reported,,
0x3444459f158df9000DAf08a5Ba47Bd99A112099a,ETH,community_reported,chainabuse_sitemap,reported,,
0x3463A663De4cCC59C8B21190F81027096f18cf2a,ETH,community_reported,chainabuse_sitemap,reported,,
0x3499ef2178e7ac32237d78fddf1f2ef65da4656e,ETH,community_reported,chainabuse_sitemap,reported,,
0x34CB0f01489ED5D0a55f0f6D5155efC137FCcDdB,ETH,community_reported,chainabuse_sitemap,reported,,
0x34c37102bc24e41a98c6b69b07da46605cc3a994,ETH,community_reported,chainabuse_sitemap,reported,,
0x3538E35A031B1AD41cc6890749858841192EB7a5,ETH,community_reported,chainabuse_sitemap,reported,,
0x3551fD337471a8C6374D2F9c97519cA94BA1D59a,ETH,community_reported,chainabuse_sitemap,reported,,
0x3554187576ec863af63eea81d25fbf6d3f3f13fc,ETH,community_reported,chainabuse_sitemap,reported,,
0x3584742e9dCf93eE9863995505714b313b9D9CC8,ETH,community_reported,chainabuse_sitemap,reported,,
0x358ABcCB4F5BB715482271890929FdaBB3015878,ETH,community_reported,chainabuse_sitemap,reported,,
0x35CEb2Fd6a76a8CAC525F2267e5d8b84891Fcf9e,ETH,community_reported,chainabuse_sitemap,reported,,
0x35f28f94a987c6c4027d3f5b34c340cd52b722b6,ETH,community_reported,chainabuse_sitemap,reported,,
0x360a76c54685c01dc7260c050bd5feb334aed551,ETH,community_reported,chainabuse_sitemap,reported,,
0x3636036A6DAC65Bd57819611fC48d49BCb727ccc,ETH,community_reported,chainabuse_sitemap,reported,,
0x365f0b35488e6a3bf251e40ff92f0e4f2ec8e380,ETH,community_reported,chainabuse_sitemap,reported,,
0x366dD2B536d257fD5FaA118E7503de1BF02B1fda,ETH,community_reported,chainabuse_sitemap,reported,,
0x36aa9e0c8e0427bbbe7028ff8b3232cb25962e08,ETH,community_reported,chainabuse_sitemap,reported,,
0x36cd0f9c995eff4c3344695344d445f363792df9,ETH,community_reported,chainabuse_sitemap,reported,,
0x36dCB078457b8A5cF71e628CF82C4A10ac85992a,ETH,community_reported,chainabuse_sitemap,reported,,
0x371D7C9e4464576D45f11b27Cf88578983D63d75,ETH,community_reported,chainabuse_sitemap,reported,,
0x371DB1AC292267EdA8FE31C34908a92748F58d78,ETH,community_reported,chainabuse_sitemap,reported,,
0x3722c3089011b69d0ef5b619ebaf81553a23d49f,ETH,community_reported,chainabuse_sitemap,reported,,
0x372508b579d96eD5F119B84477E78570D7c71dc3,ETH,community_reported,chainabuse_sitemap,reported,,
0x376accbd875b44385736168e545b0e866f9990a3,ETH,community_reported,chainabuse_sitemap,reported,,
0x3796838b5bc7f443c0ae63853b4faf9aa95a51f7,ETH,community_reported,chainabuse_sitemap,reported,,
0x37a51fD428Bc37D5A3bE6c43b32446C602c1983b,ETH,community_reported,chainabuse_sitemap,reported,,
0x38325deaa0386f7cf86c9c22195bcc1e02bfab05,ETH,community_reported,chainabuse_sitemap,reported,,
0x3845badAde8e6dFF049820680d1F14bD3903a5d0,ETH,community_reported,chainabuse_sitemap,reported,,
0x385f9ae1d8ea691621601c0c23cba2437e198c79,ETH,community_reported,chainabuse_sitemap,reported,,
0x387b5f16f680acc82e64d68fc186dc5ff4553652,ETH,community_reported,chainabuse_sitemap,reported,,
0x38ddcaf99e2291facef6f67cc588b558469bc8d2,ETH,community_reported,chainabuse_sitemap,reported,,
0x38e4242593e9536eafcd5c060f0c4ea45a233087,ETH,community_reported,chainabuse_sitemap,reported,,
0x38ff5537d307f7f65dbf9ae03f76e25738d988db,ETH,community_reported,chainabuse_sitemap,reported,,
0x38ffb85309c8959df41ccc0b50a4e99bc334812e,ETH,community_reported,chainabuse_sitemap,reported,,
0x39177e4170d5f8f668ceff45736f4af20997fef5,ETH,community_reported,chainabuse_sitemap,reported,,
0x391ea4c9407c3d207a0e9d26a66cab0c48b5d854,ETH,community_reported,chainabuse_sitemap,reported,,
0x392054abFD4054AeD7C151299Da7B2171A11Db35,ETH,community_reported,chainabuse_sitemap,reported,,
0x39C280B23b892a32ad7867497d45fAd2Be02D519,ETH,community_reported,chainabuse_sitemap,reported,,
0x39b64c73d1b192d0b18d9bbbbcf4e55455cc128b,ETH,community_reported,chainabuse_sitemap,reported,,
0x39e8554Bc14B4709827B117ebA728E6fc0f4121e,ETH,community_reported,chainabuse_sitemap,reported,,
0x39fB0dCd13945B835d47410Ae0DE7181D3edf270,ETH,community_reported,chainabuse_sitemap,reported,,
0x39fb0dcd13945b835d47410ae0de7181d3edf270,ETH,community_reported,chainabuse_sitemap,reported,,
0x3A196410a0F5FACd08fD7880A4b8551CD085C031,ETH,community_reported,chainabuse_sitemap,reported,,
0x3A9c9398aA8Da33fC5058a6cA8991Aa8E448C347,ETH,community_reported,chainabuse_sitemap,reported,,
0x3AB92d06F5f2A33D8F45F836607F8Da68CAb81e8,ETH,community_reported,chainabuse_sitemap,reported,,
0x3Ab3424C39031E8d066c2838f9d9970AF7B0f262,ETH,community_reported,chainabuse_sitemap,reported,,
0x3B34b79ef2b537F2C69A6c811e60415A885804f5,ETH,community_reported,chainabuse_sitemap,reported,,
0x3B52008ace529A6668BCA2F29e83A54934b1D047,ETH,community_reported,chainabuse_sitemap,reported,,
0x3B6e77722e2bBe97C1cfA337B42C0939AEb83671,ETH,community_reported,chainabuse_sitemap,reported,,
0x3B921F0F543cFDb3FE9797911267e14382d8dB7b,ETH,community_reported,chainabuse_sitemap,reported,,
0x3BCD77ED58771622869aBFf3ff6d0FD60334772C,ETH,community_reported,chainabuse_sitemap,reported,,
0x3C1c8dbfCbc4b1505839430c5B64e355d3d46499,ETH,community_reported,chainabuse_sitemap,reported,,
0x3C4986Bb12582DCd055c335f10c3BfEA1f53e6bE,ETH,community_reported,chainabuse_sitemap,reported,,
0x3E597EA168A85AA2AE5E2c4333665Bcd875eD10F,ETH,community_reported,chainabuse_sitemap,reported,,
0x3E7f25472525D56A96272D7f3743f527315Edb27,ETH,community_reported,chainabuse_sitemap,reported,,
0x3E9bc831Ea0d505991793157b94F3B462E17fc4B,ETH,community_reported,chainabuse_sitemap,reported,,
0x3ECD1dF0c3a85D8eF8cFD48f163306aE0A74B4d9,ETH,community_reported,chainabuse_sitemap,reported,,
0x3F72B979DC53BedE7Fe26e2d70260d4af3B673A0,ETH,community_reported,chainabuse_sitemap,reported,,
0x3a2e77d31dd39dab2e3ae5d2206b007b2adb0b58,ETH,community_reported,chainabuse_sitemap,reported,,
0x3ae7A923A1B318454D69Ef9d902d4A1667d71655,ETH,community_reported,chainabuse_sitemap,reported,,
0x3af4788Ade7A75B90c0d8f59017f3EF56B51b84E,ETH,community_reported,chainabuse_sitemap,reported,,
0x3b46c790ff408e987928169bd1904b6d71c00305,ETH,community_reported,chainabuse_sitemap,reported,,
0x3b9DcFe447f9102EE358daad0EE4d1EcF7039991,ETH,community_reported,chainabuse_sitemap,reported,,
0x3bF4085e1F6D6E4EAE2D06dB0fc4455f4eD7a68F,ETH,community_reported,chainabuse_sitemap,reported,,
0x3baccce781547d9697bf2d9efcd91409f76eb120,ETH,community_reported,chainabuse_sitemap,reported,,
0x3bbf5ebb48f9c6d0166a7b3eb2172485beda56a1,ETH,community_reported,chainabuse_sitemap,reported,,
0x3bd3de20a6dba974affcbbb4f4397f70fe1011f6,ETH,community_reported,chainabuse_sitemap,reported,,
0x3bea19d19d9b2330bec2113404f5ac13768aa879,ETH,community_reported,chainabuse_sitemap,reported,,
0x3c0453c640166c7d940c738d09fe0aa9b821af6b,ETH,community_reported,chainabuse_sitemap,reported,,
0x3c1e66d6fe004b581ace44612726164ad34dbd7f,ETH,community_reported,chainabuse_sitemap,reported,,
0x3d1fa5041f03632ad910450f7ee138e756d55d2b,ETH,community_reported,chainabuse_sitemap,reported,,
0x3d25a43df985092f4e36e716bcc9f634a072db5c,ETH,community_reported,chainabuse_sitemap,reported,,
0x3d789157aC8FA7254237dB509Fe65b0ea907EC87,ETH,community_reported,chainabuse_sitemap,reported,,
0x3dDD8b6D092df917473680d6C41F80F708C45395,ETH,community_reported,chainabuse_sitemap,reported,,
0x3da336601dF9DCCb0203f57922C919649A8981d8,ETH,community_reported,chainabuse_sitemap,reported,,
0x3dab914dedd7d0e58ab0dfc2e4f9bd7867b2dfa3,ETH,community_reported,chainabuse_sitemap,reported,,
0x3dd7ebc3beecdde170906f4e39086523697202e7,ETH,community_reported,chainabuse_sitemap,reported,,
0x3e1b6ea34bc485b0a352802a8d3c2fd508d69aa9,ETH,community_reported,chainabuse_sitemap,reported,,
0x3e54A1FcD9c45e9de7520282b64Bb3F8e319AA94,ETH,community_reported,chainabuse_sitemap,reported,,
0x3e9f1d6e244d773360dce4ca88ab3c054f502d51,ETH,community_reported,chainabuse_sitemap,reported,,
0x3ea7b6E590E9630E847d31b2fEF329E4d67009c0,ETH,community_reported,chainabuse_sitemap,reported,,
0x3ea8477588f821408dc791ccd189c6a3a69fbd52,ETH,community_reported,chainabuse_sitemap,reported,,
0x3f4adba7bfa1806cf3d0c067a20a9144205c4734,ETH,community_reported,chainabuse_sitemap,reported,,
0x3f5aFa49f665c67cB29d2B63042285a139BbE036,ETH,community_reported,chainabuse_sitemap,reported,,
0x400FA7EDD10d480f034113f5e81Bc1bB78c162fA,ETH,community_reported,chainabuse_sitemap,reported,,
0x401caB6b564C3B28d4181d7f8E6514a5de229Ec4,ETH,community_reported,chainabuse_sitemap,reported,,
0x4043d494ddd6fedeb93d0a904f5e6df25c7af0e9,ETH,community_reported,chainabuse_sitemap,reported,,
0x406f1948d8fd27e2fb6370c13741e6c3b6544934,ETH,community_reported,chainabuse_sitemap,reported,,
0x40725828019cdbb69bbfa4e482645ff9bddd8797,ETH,community_reported,chainabuse_sitemap,reported,,
0x4075e7138ef46562b24b6e36338138b57182d206,ETH,community_reported,chainabuse_sitemap,reported,,
0x40862d19758a81aff044aaf3a0a1e3e7d04afde3,ETH,community_reported,chainabuse_sitemap,reported,,
0x409Db2144EB946789A258a6bA1D5bFe73e11A187,ETH,community_reported,chainabuse_sitemap,reported,,
0x40C2f18A1F1321886BB08990533332b4e98273e2,ETH,community_reported,chainabuse_sitemap,reported,,
0x40ad5c25bb323233abfb27f7f25c1fb7a32b4dad,ETH,community_reported,chainabuse_sitemap,reported,,
0x40dF14089beA1bfA5E97cabE8680bB87A59d2fB8,ETH,community_reported,chainabuse_sitemap,reported,,
0x40fF90BC8211C9116596a1477Dce6E96c56cbcbC,ETH,community_reported,chainabuse_sitemap,reported,,
0x411f63104281Ef7c1915fF3a9faF225E9dC20b09,ETH,community_reported,chainabuse_sitemap,reported,,
0x41EFDbbEd5A1E6b02970b631Bf3e6c4AB8874751,ETH,community_reported,chainabuse_sitemap,reported,,
0x4275ffC388aEDaF598c2b336a03831c5effF2EB4,ETH,community_reported,chainabuse_sitemap,reported,,
0x42AeF44C8Bf9588B8CfC4f807980Cbae90CfdF22,ETH,community_reported,chainabuse_sitemap,reported,,
0x430Ad7e178D3e00145F35c041c7F486D7E8a4C7e,ETH,community_reported,chainabuse_sitemap,reported,,
0x436F1f89c00f546bFEf42F8C8d964f1206140c64,ETH,community_reported,chainabuse_sitemap,reported,,
0x43a66d39c830174AD5d06A68E2Fe21E748DEA8b3,ETH,community_reported,chainabuse_sitemap,reported,,
0x43d746110bd937aaf63dc8e03c353948f88c1c82,ETH,community_reported,chainabuse_sitemap,reported,,
0x43f74721d0367ad00329aa6fda408a4316819fbb,ETH,community_reported,chainabuse_sitemap,reported,,
0x44343df908f0fb88326d03ad828524c08f61e4bc,ETH,community_reported,chainabuse_sitemap,reported,,
0x444beb4e1200c9f34a0c1d2f7efef8e200d3af78,ETH,community_reported,chainabuse_sitemap,reported,,
0x44786f1e0327f3be42f2e5d323cfb2196e5fd69e,ETH,community_reported,chainabuse_sitemap,reported,,
0x4499bac5B15321b6fcD6Faf781Be8ae96EAAFeEf,ETH,community_reported,chainabuse_sitemap,reported,,
0x44a1d76f6209eda6dc4404e0ccf33874f0a290c0,ETH,community_reported,chainabuse_sitemap,reported,,
0x44e6692f7901A90887AACA01EF7A3D43Bf0E369E,ETH,community_reported,chainabuse_sitemap,reported,,
0x44f09af4e2daedcb6bbea3f37605ecabc1683ea5,ETH,community_reported,chainabuse_sitemap,reported,,
0x452695408f95d01Dc924E280Ae9F39563a609Cc3,ETH,community_reported,chainabuse_sitemap,reported,,
0x452695408f95d01dc924e280ae9f39563a609cc3,ETH,community_reported,chainabuse_sitemap,reported,,
0x45308f6abFC1c131d89Ef41E519651b30A4f517d,ETH,community_reported,chainabuse_sitemap,reported,,
0x4534a3df5bfcedaabd2f3f557271f42b7bd57543,ETH,community_reported,chainabuse_sitemap,reported,,
0x453d5f6b9e612da644e0e0ee179270ba33d46fe4,ETH,community_reported,chainabuse_sitemap,reported,,
0x454876d97098528d83e661eD3ddf19b10e397352,ETH,community_reported,chainabuse_sitemap,reported,,
0x455f7017F5c08fE13D421B3a9ca6D95455AC08dB,ETH,community_reported,chainabuse_sitemap,reported,,
0x455f7017f5c08fe13d421b3a9ca6d95455ac08db,ETH,community_reported,chainabuse_sitemap,reported,,
0x456ea142d5ebd6cdb698b874847cd611808db8fd,ETH,community_reported,chainabuse_sitemap,reported,,
0x458592b08fb867962ed0b7235c5a1dbd2ae2de67,ETH,community_reported,chainabuse_sitemap,reported,,
0x46107411E40183B665617780B2f03947d24BC6A7,ETH,community_reported,chainabuse_sitemap,reported,,
0x4622A1f3d05DcF5A0589c458136C231009B6A207,ETH,community_reported,chainabuse_sitemap,reported,,
0x462C354676285527CDc40BE952e3Af9311D60d48,ETH,community_reported,chainabuse_sitemap,reported,,
0x46456d383E8a108BD13198E109D0c6fD4e97e4dB,ETH,community_reported,chainabuse_sitemap,reported,,
0x47091E015b294B935BAbDA2d28aD44e3Ab07ae8D,ETH,community_reported,chainabuse_sitemap,reported,,
0x4714A26e4E2e1334C80575332EC9eB043B61a2C4,ETH,community_reported,chainabuse_sitemap,reported,,
0x472A2C88c1a5F794eB80706e587d4A120d9bE255,ETH,community_reported,chainabuse_sitemap,reported,,
0x472E6b8d72cD220802809cE79c68d6C55A4b5947,ETH,community_reported,chainabuse_sitemap,reported,,
0x473998a6eFeB8C676D369E105afB6cc73a0FaDBC,ETH,community_reported,chainabuse_sitemap,reported,,
0x473Fe7d8492c1056318BCA96416b7250C87a5170,ETH,community_reported,chainabuse_sitemap,reported,,
0x4787daCB82742326ec457C779eC8F4F2658C5c5f,ETH,community_reported,chainabuse_sitemap,reported,,
0x47F341D896b08DaACB344d9021f955247E50d089,ETH,community_reported,chainabuse_sitemap,reported,,
0x47Ff426Ad10aFE09ab1e33307f2EE5C0676A5b7C,ETH,community_reported,chainabuse_sitemap,reported,,
0x47aAB867606fAe0B80F272f08ce687c93b14F8F2,ETH,community_reported,chainabuse_sitemap,reported,,
0x47bca5A8fE8D395cB6aa974d0E54D8681cb9cF3D,ETH,community_reported,chainabuse_sitemap,reported,,
0x47c7070e2fB82C5c87C57cf04Bf0c74880743F79,ETH,community_reported,chainabuse_sitemap,reported,,
0x47ca15f1e2be671b0b26c2599a25f3e012a1a7ca,ETH,community_reported,chainabuse_sitemap,reported,,
0x48C94305BDDfd80c6F4076963866D968Cac27d79,ETH,community_reported,chainabuse_sitemap,reported,,
0x48D31fA01b24A8F37e15132fcbDcB70bDe09238C,ETH,community_reported,chainabuse_sitemap,reported,,
0x48aa46b8368e03cb3afae2a908df74a543b695b0,ETH,community_reported,chainabuse_sitemap,reported,,
0x48ad05a3B73c9E7fAC5918857687d6A11d2c73B1,ETH,community_reported,chainabuse_sitemap,reported,,
0x48d5e5c6e418891207154588c48df5a23d30fd85,ETH,community_reported,chainabuse_sitemap,reported,,
0x4923017F3B7fAC4e096b46e401c0662F0B7E393f,ETH,community_reported,chainabuse_sitemap,reported,,
0x49292a60ff8fdd2e903bd946e11eb871c296277e,ETH,community_reported,chainabuse_sitemap,reported,,
0x4974ec3942165b66f2730eee304b3c34f4ec30fc,ETH,community_reported,chainabuse_sitemap,reported,,
0x4986e9017eA60e7AfCd10D844F85c80912C3863c,ETH,community_reported,chainabuse_sitemap,reported,,
0x49A74e38D4D46bEeDE12792a5d0a500Ca823D979,ETH,community_reported,chainabuse_sitemap,reported,,
0x49C2e0bad0c6EC9065619c3bfE291ddbe7b70295,ETH,community_reported,chainabuse_sitemap,reported,,
0x49bD156EE5155f86c799CE3809B73dC8c7E63239,ETH,community_reported,chainabuse_sitemap,reported,,
0x49bc8340ACD3521150d7cCD8a4a3510D2F5130Ca,ETH,community_reported,chainabuse_sitemap,reported,,
0x4A10b9c4E5C1cBfAfa3080581734f21aD0CCFF4b,ETH,community_reported,chainabuse_sitemap,reported,,
0x4A8669dff2c9741893d07ccd3a190213C0a89160,ETH,community_reported,chainabuse_sitemap,reported,,
0x4B4259958D4eFc681B272b4462072E8e02E30b19,ETH,community_reported,chainabuse_sitemap,reported,,
0x4Bf0b2F9509D0ef3D071D1deBFa20cf07fE08223,ETH,community_reported,chainabuse_sitemap,reported,,
0x4C470954Ed0C9372E2F26d20B6535e1F27469e31,ETH,community_reported,chainabuse_sitemap,reported,,
0x4D8146658a153Ef047bFFabC2a7ac42470111596,ETH,community_reported,chainabuse_sitemap,reported,,
0x4D9935687bAdb3bB766a412e6C9F16A4E8c7843A,ETH,community_reported,chainabuse_sitemap,reported,,
0x4DB585F06A2cB9f055770dD49c08Dc66A44f68F2,ETH,community_reported,chainabuse_sitemap,reported,,
0x4EFeea8eC3dd1AC0F493c65A5c34f3c1047a55ad,ETH,community_reported,chainabuse_sitemap,reported,,
0x4F220B4aEaF00a46Db8Cc623EE8Cf4C7a5279E96,ETH,community_reported,chainabuse_sitemap,reported,,
0x4Fe666ECC5263F5dBb34ADB8bc1c8cbB9bbCD1Cc,ETH,community_reported,chainabuse_sitemap,reported,,
0x4a57ae665CE8cc565Eba852245da484695eD34ee,ETH,community_reported,chainabuse_sitemap,reported,,
0x4a688962accf914221ae5d322e0829fd042cde36,ETH,community_reported,chainabuse_sitemap,reported,,
0x4b21151888947f98f42c1c62de6632d830634182,ETH,community_reported,chainabuse_sitemap,reported,,
0x4b76bf3ce65a853dbfa1aa24715f44b3c4840ece,ETH,community_reported,chainabuse_sitemap,reported,,
0x4bb7d80282f5e0616705d7f832acfc59f89f7091,ETH,community_reported,chainabuse_sitemap,reported,,
0x4bc4f448660e12315fcf0fe0d9d60f4e2b169efe,ETH,community_reported,chainabuse_sitemap,reported,,
0x4c6ef190edd3dc258111bada4ac9bdff67b94a98,ETH,community_reported,chainabuse_sitemap,reported,,
0x4c7a8b86d95a6507dc27a3ac311a16bfb2447a14,ETH,community_reported,chainabuse_sitemap,reported,,
0x4ca95a67be867787b01ef7685aee6a73b3070e9f,ETH,community_reported,chainabuse_sitemap,reported,,
0x4caca0bbf970dcc016985eb841260880e384e134,ETH,community_reported,chainabuse_sitemap,reported,,
0x4cbb953d1a86854cf9005f4acc3d82a30f1fdbbb,ETH,community_reported,chainabuse_sitemap,reported,,
0x4ce4e56628a1ec53ba36e984946b124176cf980d,ETH,community_reported,chainabuse_sitemap,reported,,
0x4dafcc597cbef07a3e089200f054c674d549fc8d,ETH,community_reported,chainabuse_sitemap,reported,,
0x4e3B5f66Ec362137f616b354E8F835d30a9f8717,ETH,community_reported,chainabuse_sitemap,reported,,
0x4e8e1457f59fbac3cd4ec5cd0db1c9a3ab0fa127,ETH,community_reported,chainabuse_sitemap,reported,,
0x4eD07767e70199F2423dC67FDE6802C1E7D06cA1,ETH,community_reported,chainabuse_sitemap,reported,,
0x4ea0159be16b7a66a61f689fe79db0e9541152c0,ETH,community_reported,chainabuse_sitemap,reported,,
0x4ee9241dF92e175368FB35dfFbaB39A82C90D8A9,ETH,community_reported,chainabuse_sitemap,reported,,
0x4ef310f4293b0dc8f894f36b72e569399bc66a16,ETH,community_reported,chainabuse_sitemap,reported,,
0x4ef5c3207493d7080557a2ebfb92f63299fc8d3f,ETH,community_reported,chainabuse_sitemap,reported,,
0x4f2094a42e60d736868a7d4de868b8342fff06c6,ETH,community_reported,chainabuse_sitemap,reported,,
0x4f5BC3866858bF892118aC675e015286C37bBEfd,ETH,community_reported,chainabuse_sitemap,reported,,
0x4f87A5e57097937489b9B628d1B71997fbF734f0,ETH,community_reported,chainabuse_sitemap,reported,,
0x4fbf7701b3078b5bed6f3e64df3ae09650ee7de5,ETH,community_reported,chainabuse_sitemap,reported,,
0x4fee2305d97531ba6e288f521e968d423da7e719,ETH,community_reported,chainabuse_sitemap,reported,,
0x50281eD68BCB7850d343c275Dd906A6B5256328f,ETH,community_reported,chainabuse_sitemap,reported,,
0x5055e1d92779fb8400b922dc5f6d953786a68833,ETH,community_reported,chainabuse_sitemap,reported,,
0x50AFA9383EA476BDF626d6FbA62AFd0b01C8fEa1,ETH,community_reported,chainabuse_sitemap,reported,,
0x50f9202e0f1c1577822BD67193960B213CD2f331,ETH,community_reported,chainabuse_sitemap,reported,,
0x510245323739db800b6520463782fbc890caf023,ETH,community_reported,chainabuse_sitemap,reported,,
0x516fa92e3a99e354bd3789644f299964cb98dafd,ETH,community_reported,chainabuse_sitemap,reported,,
0x51B50E76a352a985593eE09869e78739a98CF828,ETH,community_reported,chainabuse_sitemap,reported,,
0x51ea64a9E51101f23C4e72f3233fA8A52b0955f9,ETH,community_reported,chainabuse_sitemap,reported,,
0x51f96e50914FE1De9c63EF63734169Cc357a35F8,ETH,community_reported,chainabuse_sitemap,reported,,
0x523e23B9957cAeE4546Be0b93CAb363436a81d64,ETH,community_reported,chainabuse_sitemap,reported,,
0x5251aab2c0bd1f49571e5e9c688b1ecf29e85e07,ETH,community_reported,chainabuse_sitemap,reported,,
0x525A8F6F3Ba4752868cde25164382BfbaE3990e1,ETH,community_reported,chainabuse_sitemap,reported,,
0x5267ff7B92791DD3b0816E9f91E6E4003C42C0E6,ETH,community_reported,chainabuse_sitemap,reported,,
0x528257067be5638a871dae9314a052cab2953d8b,ETH,community_reported,chainabuse_sitemap,reported,,
0x52CCe45b02BBD0b6b0089A291F44C93848BcdB6F,ETH,community_reported,chainabuse_sitemap,reported,,
0x52de8d3febd3a06d3c627f59d56e6892b80dcf12,ETH,community_reported,chainabuse_sitemap,reported,,
0x52f3Af29127C8BD95aa5ec3dc32c08b8e70f3803,ETH,community_reported,chainabuse_sitemap,reported,,
0x52f73182cd59f2152fc5909e44f307b14d890de4,ETH,community_reported,chainabuse_sitemap,reported,,
0x53035E4e14fb3f82C02357B35d5cC0C5b53928B4,ETH,community_reported,chainabuse_sitemap,reported,,
0x5316E0aEDfB8F75024e65A696beCf6bAAAd5E956,ETH,community_reported,chainabuse_sitemap,reported,,
0x532375f253f76b92167FBF04A4B9cff24C622C25,ETH,community_reported,chainabuse_sitemap,reported,,
0x5357485644bcf6bdfe7026e4c11b32190b887989,ETH,community_reported,chainabuse_sitemap,reported,,
0x537653d82060875550ec201f0d355dc6f7d0e237,ETH,community_reported,chainabuse_sitemap,reported,,
0x53b70C26A5ffA5da24C737b6109Dd1F4E4d9d895,ETH,community_reported,chainabuse_sitemap,reported,,
0x53cF9138ff6AD916E11dc14F0d0B6A2eCA97c5fa,ETH,community_reported,chainabuse_sitemap,reported,,
0x53d07afa123702469aB6cF286E9FF7033A7EFF65,ETH,community_reported,chainabuse_sitemap,reported,,
0x53e83e786444d603c87036487036cd43a3e91704,ETH,community_reported,chainabuse_sitemap,reported,,
0x54bea3f478ae3e974cc0244a5b517e0d4134a9fd,ETH,community_reported,chainabuse_sitemap,reported,,
0x551e9990d07ecf10817a8c399b05d11f0f136421,ETH,community_reported,chainabuse_sitemap,reported,,
0x55442B92a1020cb022866B7a0fbD9c7170f13990,ETH,community_reported,chainabuse_sitemap,reported,,
0x55D98391C97c5d0251576A765eb633C9eAa39687,ETH,community_reported,chainabuse_sitemap,reported,,
0x55d398326f99059ff775485246999027b3197955,ETH,community_reported,chainabuse_sitemap,reported,,
0x5609b9338ec0351dd0f31d29c9a5105b0c22371a,ETH,community_reported,chainabuse_sitemap,reported,,
0x56348105ec4f8bd3f1feabf584c6841c2ba25f1a,ETH,community_reported,chainabuse_sitemap,reported,,
0x563b973f0c57f5423a171a8975c18f9b604342e2,ETH,community_reported,chainabuse_sitemap,reported,,
0x5676e585bf16387bc159fd4f82416434cda5f1a3,ETH,community_reported,chainabuse_sitemap,reported,,
0x56966d5f6221b3399c24615f2fbb2c82280f40db,ETH,community_reported,chainabuse_sitemap,reported,,
0x56aFB1b33e0f50EDDc3AddE1e193Fbb27365ECd1,ETH,community_reported,chainabuse_sitemap,reported,,
0x56d8b635a7c88fd1104d23d632af40c1c3aac4e3,ETH,community_reported,chainabuse_sitemap,reported,,
0x5726916cA25b66a91c8292fF4516bb17C356925a,ETH,community_reported,chainabuse_sitemap,reported,,
0x572A19431474f1FA83D51ee7d730Fa37E73ee85b,ETH,community_reported,chainabuse_sitemap,reported,,
0x5758CFA411fDEAdD8D294342409432b99e699c27,ETH,community_reported,chainabuse_sitemap,reported,,
0x577055b03ac2947e4b0de54b132764c38bf430a4,ETH,community_reported,chainabuse_sitemap,reported,,
0x577bcf7359b3c1dedc0ef25296c63d4d7ebdaaf2,ETH,community_reported,chainabuse_sitemap,reported,,
0x57b79b62c7ee2e706cf63d840beb70ee2c5fc94c,ETH,community_reported,chainabuse_sitemap,reported,,
0x57c483FC071F08780cec1ca512FbB6B1F50cc7b2,ETH,community_reported,chainabuse_sitemap,reported,,
0x5895da888Cbf3656D8f51E5Df9FD26E8E131e7CF,ETH,community_reported,chainabuse_sitemap,reported,,
0x58F4BACcb411ACef70A5f6DD174Af7854fc48Fa9,ETH,community_reported,chainabuse_sitemap,reported,,
0x58b5ec7d96ed7de2dd7e383f9d15a546f462caac,ETH,community_reported,chainabuse_sitemap,reported,,
0x58f4baccb411acef70a5f6dd174af7854fc48fa9,ETH,community_reported,chainabuse_sitemap,reported,,
0x5973EAAC399122DBF22E24475f0a0331bE0e002F,ETH,community_reported,chainabuse_sitemap,reported,,
0x59A30Cf65eB6F8219299512f748af9F6c3c59B8B,ETH,community_reported,chainabuse_sitemap,reported,,
0x59Ad6FF7756e15c43C1a43a12B14F83e861B98BB,ETH,community_reported,chainabuse_sitemap,reported,,
0x59CD817B39a7893A4103212fc434A6B8c172875f,ETH,community_reported,chainabuse_sitemap,reported,,
0x59E1A078545CA14e0486E663Da17321207092027,ETH,community_reported,chainabuse_sitemap,reported,,
0x59EdE53EbC0E70ac060Ee8Eb0F10538b6c12F664,ETH,community_reported,chainabuse_sitemap,reported,,
0x59a82e36C401F4f6F29Fe83833D778af38a398a1,ETH,community_reported,chainabuse_sitemap,reported,,
0x59c686272e6f11dC8701A162F938fb085D940ad3,ETH,community_reported,chainabuse_sitemap,reported,,
0x59fA8ac4f484a7C4C2c202e0761A1713D0925a16,ETH,community_reported,chainabuse_sitemap,reported,,
0x5B68C0B4A259179aE792B91dF30f82521322e795,ETH,community_reported,chainabuse_sitemap,reported,,
0x5B791A69b40416358229166F8c576ed71eC10647,ETH,community_reported,chainabuse_sitemap,reported,,
0x5C4Eb356bD80FA501444ee8C74D8f02BB1127957,ETH,community_reported,chainabuse_sitemap,reported,,
0x5C55EC68daB4cd981ecb6800724d6B25A82A2D88,ETH,community_reported,chainabuse_sitemap,reported,,
0x5Cd60FFDaF898367E3fDa2e7C11a42f67c602292,ETH,community_reported,chainabuse_sitemap,reported,,
0x5D13477D865Aa1A7Ac51128a42E0018E473243e5,ETH,community_reported,chainabuse_sitemap,reported,,
0x5D84a732b355AdA31A36B33c446e3dee28f51555,ETH,community_reported,chainabuse_sitemap,reported,,
0x5EFF347aF3d557Edda4733Bc6dE22beC3280FeF9,ETH,community_reported,chainabuse_sitemap,reported,,
0x5F05a2B84Fb9c08A9aBBBDaA666833017601367a,ETH,community_reported,chainabuse_sitemap,reported,,
0x5F937Bed6624c05606F5cf19Fac79098DFc76a04,ETH,community_reported,chainabuse_sitemap,reported,,
0x5a2bf0efde42e01b318a3997b6cffed39528b62c,ETH,community_reported,chainabuse_sitemap,reported,,
0x5a3a7511ff72f72f1aa95f5ff50f90c6bba760c6,ETH,community_reported,chainabuse_sitemap,reported,,
0x5a57b7D5430464cE0fD010e9145100ecBC08000A,ETH,community_reported,chainabuse_sitemap,reported,,
0x5b0BA1030c95335B934EcFf91bb38cB963c82e51,ETH,community_reported,chainabuse_sitemap,reported,,
0x5b5082214D62585D686850Ab8D9E3f6b6a5c58FF,ETH,community_reported,chainabuse_sitemap,reported,,
0x5b74047ebf61ff768da06ed6bdbe0d7ff3430b79,ETH,community_reported,chainabuse_sitemap,reported,,
0x5b96b9aa9118e9c3fdcbbd49c196c434db3066a5,ETH,community_reported,chainabuse_sitemap,reported,,
0x5bf18769e34de64c156ce8f3a6b5cac5530895a3,ETH,community_reported,chainabuse_sitemap,reported,,
0x5c1Fe6f340dD36B5Daf88c2cf390BF715D2AF139,ETH,community_reported,chainabuse_sitemap,reported,,
0x5c1aac62278ad7ac0377d97eaa4ff1802b5fc9d2,ETH,community_reported,chainabuse_sitemap,reported,,
0x5c2e3d24c34bbdddcbe56e1de90a10bbe6c12212,ETH,community_reported,chainabuse_sitemap,reported,,
0x5c735b534b3eeb78b52720367e2895508ac8d961,ETH,community_reported,chainabuse_sitemap,reported,,
0x5c77617bab4725253F860903474e177c6c46B262,ETH,community_reported,chainabuse_sitemap,reported,,
0x5cfeFD4242C339555614f2D5D663AD3b2EEA7200,ETH,community_reported,chainabuse_sitemap,reported,,
0x5d97eef1148d47db3ced0dd7f6f508f38ea778f4,ETH,community_reported,chainabuse_sitemap,reported,,
0x5e1c6409aad20a27453ea6ecf8fece593fdd7835,ETH,community_reported,chainabuse_sitemap,reported,,
0x5e2f623089f10476a0ca70b69a1429284f72d2e5,ETH,community_reported,chainabuse_sitemap,reported,,
0x5e3c7696d36d31801bf4c2deaf2ffc2956db4736,ETH,community_reported,chainabuse_sitemap,reported,,
0x5e6c3e329c37cad0bab1afc1947d91897a7cd2f9,ETH,community_reported,chainabuse_sitemap,reported,,
0x5ee42438d0d8fc399c94ef3543665e993e847b49,ETH,community_reported,chainabuse_sitemap,reported,,
0x5f1e6d5b942da9c8dbd302cf88f10ef8e2c706b5,ETH,community_reported,chainabuse_sitemap,reported,,
0x5f73d67a036c8e0f1e58875d6212603fb90bcd79,ETH,community_reported,chainabuse_sitemap,reported,,
0x5f9b57ef7b16f310f73251b96c27c53a8b6edd54,ETH,community_reported,chainabuse_sitemap,reported,,
0x5fCA7cbce9D89Ba2Da086BCfAE9B9223AeB7E6c1,ETH,community_reported,chainabuse_sitemap,reported,,
0x5fe4e7124d1DA9046Edc67A6499b565241be0167,ETH,community_reported,chainabuse_sitemap,reported,,
0x60657681f5e5930e076d3010f6575d4ccd8f9142,ETH,community_reported,chainabuse_sitemap,reported,,
0x609FEd6C666Bd95fA9d11b4DbB433225f12E6Cf2,ETH,community_reported,chainabuse_sitemap,reported,,
0x609f49eff8110074273fc3e53c4ff275f89b084d,ETH,community_reported,chainabuse_sitemap,reported,,
0x6129b64ec39fc57a1bf9fcf454334f1f7c448e30,ETH,community_reported,chainabuse_sitemap,reported,,
0x61451ACa2a726555abbB2d0EaE44D0c1a90eB3e7,ETH,community_reported,chainabuse_sitemap,reported,,
0x6162759eDAd730152F0dF8115c698a42E666157F,ETH,community_reported,chainabuse_sitemap,reported,,
0x61B03ee8B0016e0E7A0Be0597D997dE30E3eC7d1,ETH,community_reported,chainabuse_sitemap,reported,,
0x61c150AD33833f19A08A0552CF6726966F336Bbd,ETH,community_reported,chainabuse_sitemap,reported,,
0x61c9651b626b0aed8476243d2d27f4cdd0d2d881,ETH,community_reported,chainabuse_sitemap,reported,,
0x6201a9aE4FB7be9e8242fEB8b18b0b626433415A,ETH,community_reported,chainabuse_sitemap,reported,,
0x620E59769085F69d2712a53Aa0436821218e1068,ETH,community_reported,chainabuse_sitemap,reported,,
0x629e7da20197a5429d30da36e77d06cdf796b71a,ETH,community_reported,chainabuse_sitemap,reported,,
0x62c4A4D878Ef7A53d7CB50221445135c4fA18CdA,ETH,community_reported,chainabuse_sitemap,reported,,
0x6302b04e7ff2463491efe44faa7cec6fc6969742,ETH,community_reported,chainabuse_sitemap,reported,,
0x6326e7ea5f7e9333e85a26eb91815e72df04c11e,ETH,community_reported,chainabuse_sitemap,reported,,
0x63341ba917de90498f3903b199df5699b4a55ac0,ETH,community_reported,chainabuse_sitemap,reported,,
0x635173bdae7abce71ec1daf859c0da568ef30637,ETH,community_reported,chainabuse_sitemap,reported,,
0x635308e731A878741bfeC299e67f5fD28c7553D9,ETH,community_reported,chainabuse_sitemap,reported,,
0x63dccb00c830936a62eb7c46d2b22ce793bd5ea9,ETH,community_reported,chainabuse_sitemap,reported,,
0x6401d72bAcE616eCcf4B088F65cBD398Af7Af00C,ETH,community_reported,chainabuse_sitemap,reported,,
0x642479b6DD94B8e116B0ff689e7e86ea54833A53,ETH,community_reported,chainabuse_sitemap,reported,,
0x648627af3d9f5923813Ae0bABDAf2aF228225459,ETH,community_reported,chainabuse_sitemap,reported,,
0x64Ec1CF0f4f315e95a1DA0F113240dB4a6Ea2BAD,ETH,community_reported,chainabuse_sitemap,reported,,
0x64c4c819750aeaa30461ecf5b2fb9fb95ee9c946,ETH,community_reported,chainabuse_sitemap,reported,,
0x64dbEFE57dd36d79dF7a0800a55f077D17113B38,ETH,community_reported,chainabuse_sitemap,reported,,
0x64e80282Bbf9ff1B900c2042eaAaa6e3CecF6Cac,ETH,community_reported,chainabuse_sitemap,reported,,
0x651197539d7677d2b61a5e0b08e176172c4d289a,ETH,community_reported,chainabuse_sitemap,reported,,
0x65136b37B0D22006E4bab9890Beb1899a0bAbDa1,ETH,community_reported,chainabuse_sitemap,reported,,
0x651391c30c169583c9ba1ad1c9a1b156e4d73ff9,ETH,community_reported,chainabuse_sitemap,reported,,
0x65203a439a4b7Af870888c0d8622d279611a998a,ETH,community_reported,chainabuse_sitemap,reported,,
0x6531a011a51e34cbf0ac4e2ebb4bba2736c180eb,ETH,community_reported,chainabuse_sitemap,reported,,
0x656B0A439E6d8Cd2B95e346f525c40A89DE0A8Fb,ETH,community_reported,chainabuse_sitemap,reported,,
0x65760288f19cFf476B80A36a61F9DEDAb16Bab49,ETH,community_reported,chainabuse_sitemap,reported,,
0x6592D660Cc98d7f26D4EF5b065c19aFA49f41298,ETH,community_reported,chainabuse_sitemap,reported,,
0x65EfeDDde365654C6BB0bc3CBC658897641b75F4,ETH,community_reported,chainabuse_sitemap,reported,,
0x66366E33B26965700B006F536eE618A6Cd1dd158,ETH,community_reported,chainabuse_sitemap,reported,,
0x66517e6066280a2e2ec6413962c148769a2ec4a7,ETH,community_reported,chainabuse_sitemap,reported,,
0x665AE19F5b1e8BBF392dD59DBD460ddFE0c72D2C,ETH,community_reported,chainabuse_sitemap,reported,,
0x6666666C0765744193F48255717f05A0105D2401,ETH,community_reported,chainabuse_sitemap,reported,,
0x66a0A91e94913bDe230f064d72c41dFfE4789Af1,ETH,community_reported,chainabuse_sitemap,reported,,
0x6731633BD509E86dBf3De5E593Fc16F08f79ba8E,ETH,community_reported,chainabuse_sitemap,reported,,
0x677bba535f794c1c489b329a51e779ee99f0a92f,ETH,community_reported,chainabuse_sitemap,reported,,
0x677dbb5997895f34b87abe12e6e53e546361b8ef,ETH,community_reported,chainabuse_sitemap,reported,,
0x67C67B5a3C4009cF849F86be37E79DB3923F1055,ETH,community_reported,chainabuse_sitemap,reported,,
0x67F79423AfF4D46509B468b3515dD447F5dC7C2E,ETH,community_reported,chainabuse_sitemap,reported,,
0x67ef43a7b0fdc38db0990413a86f7b0dc0220f7f,ETH,community_reported,chainabuse_sitemap,reported,,
0x6874c552d3fd1879e3007d44ef54c8f940e84760,ETH,community_reported,chainabuse_sitemap,reported,,
0x68926c8595B211bD8EffD9fFee7355426cdd4CE8,ETH,community_reported,chainabuse_sitemap,reported,,
0x68dcec37506c06ead53dd47b0b74e680091ec469,ETH,community_reported,chainabuse_sitemap,reported,,
0x68e6e284802b6804834b768033106e85a9c67be9,ETH,community_reported,chainabuse_sitemap,reported,,
0x6910940164948FDafb087BfdfE75C0CeBdCf503e,ETH,community_reported,chainabuse_sitemap,reported,,
0x691da2826ac32bbf2a4b5d6f2a07ce07552a9a8e,ETH,community_reported,chainabuse_sitemap,reported,,
0x693e498293799887035A9947Bf06F37462583B49,ETH,community_reported,chainabuse_sitemap,reported,,
0x6B0b61323F6d77ef8A1a35D11FA877631d8f67Bb,ETH,community_reported,chainabuse_sitemap,reported,,
0x6B51dF1A9B82cb1219229a4Ac78bAaAC3035776C,ETH,community_reported,chainabuse_sitemap,reported,,
0x6BC8edDF887724A9009D95E735d60B7FACC83FdD,ETH,community_reported,chainabuse_sitemap,reported,,
0x6Bea26eb1bE5948b013C6De3c097c62C5a73c421,ETH,community_reported,chainabuse_sitemap,reported,,
0x6Ee44979EBcF3A2374F729da5Aa52F59C53C8051,ETH,community_reported,chainabuse_sitemap,reported,,
0x6F39fA0096b075beCdB2C46C62976E92F03cA104,ETH,community_reported,chainabuse_sitemap,reported,,
0x6FC5767621BaF65718eC78751F5dd390c0D5968b,ETH,community_reported,chainabuse_sitemap,reported,,
0x6FFe6e183571139636B9479Ca65CF99eDc6BE215,ETH,community_reported,chainabuse_sitemap,reported,,
0x6a14816b29800b5b2cdf9858359eedba6a129a2d,ETH,community_reported,chainabuse_sitemap,reported,,
0x6b9492F53183E453799CCD987ad62B35ad085bFe,ETH,community_reported,chainabuse_sitemap,reported,,
0x6bD667DA87605FCa1B813092D64CABd88Ddad6f7,ETH,community_reported,chainabuse_sitemap,reported,,
0x6ba10437fD18899a4D920B60A9663b9a1D7a1120,ETH,community_reported,chainabuse_sitemap,reported,,
0x6bc2fa02fcb00d1dbb43d1e340ad83647dbec330,ETH,community_reported,chainabuse_sitemap,reported,,
0x6bc47a2ad3303d57d31c88b6eafc8b1630d89e3b,ETH,community_reported,chainabuse_sitemap,reported,,
0x6c1E30f27Aee1CA2468730c35d5aeBdac9c76831,ETH,community_reported,chainabuse_sitemap,reported,,
0x6ce6afb735ddc2d6c3ac0187a1919fc20b720991,ETH,community_reported,chainabuse_sitemap,reported,,
0x6ceb8bf0b500a0cd1b4a571e62130dc7595df956,ETH,community_reported,chainabuse_sitemap,reported,,
0x6d4C8f43BfbE381486FA37F9Ce88927b7E106e85,ETH,community_reported,chainabuse_sitemap,reported,,
0x6d9ef053867f6b70651332fcf445ddffdad6ad44,ETH,community_reported,chainabuse_sitemap,reported,,
0x6db8d19cffd2030e620d9fcb28e92c50e9aac35e,ETH,community_reported,chainabuse_sitemap,reported,,
0x6dcC257452B1D46F315782A97431b93bCBc9d698,ETH,community_reported,chainabuse_sitemap,reported,,
0x6e092C615262989B7bC7cFe5708C0F2450876Eef,ETH,community_reported,chainabuse_sitemap,reported,,
0x6e1218c55f1aCb588Fc5E55B721f1183D7D29D3d,ETH,community_reported,chainabuse_sitemap,reported,,
0x6e24691bc57bc4De9546a6cA208D3656261B374B,ETH,community_reported,chainabuse_sitemap,reported,,
0x6e25d1162679b8d8ec85603f235c016029548eec,ETH,community_reported,chainabuse_sitemap,reported,,
0x6e43d4061c311185be6cd175b3bc155026d0c176,ETH,community_reported,chainabuse_sitemap,reported,,
0x6ead8f8c4d5c95dc04f0d47423d7cc03626f7d10,ETH,community_reported,chainabuse_sitemap,reported,,
0x6f94b78b4c9790bfd48d1768fd012d70de1abf05,ETH,community_reported,chainabuse_sitemap,reported,,
0x6fF97bD5dE227c31B6e99c21801aaA8061C99A24,ETH,community_reported,chainabuse_sitemap,reported,,
0x6fabfaf72e25e1de96291fce8205d8fa96c6d705,ETH,community_reported,chainabuse_sitemap,reported,,
0x7007Fa3e7dB99686D337C87982a07Baf165a3C1D,ETH,community_reported,chainabuse_sitemap,reported,,
0x701428525cbAc59dAe7AF833f19D9C3aaA2a37cb,ETH,community_reported,chainabuse_sitemap,reported,,
0x7037ce1b4531f8eb9fd025c3e20a41adf0e59e3e,ETH,community_reported,chainabuse_sitemap,reported,,
0x705aE3a57E84412ff7F08E38a7c269Bb35E0E801,ETH,community_reported,chainabuse_sitemap,reported,,
0x7087c50AAf47DD3236aE138AbaF21b299d7c9331,ETH,community_reported,chainabuse_sitemap,reported,,
0x70C17443b506f7484D7223520889565D65Fa0E95,ETH,community_reported,chainabuse_sitemap,reported,,
0x70D49d324A23A2d9614EBc01138d9741C25DB9FC,ETH,community_reported,chainabuse_sitemap,reported,,
0x70F9464Da6d52bfB205E6457AfBBE4e7dA060A4B,ETH,community_reported,chainabuse_sitemap,reported,,
0x70c285f98A5d8FB8af80502AaC15D75a1eBdeF33,ETH,community_reported,chainabuse_sitemap,reported,,
0x710A26Ad2d0189ebEbDADCc9e97e9625dd07505a,ETH,community_reported,chainabuse_sitemap,reported,,
0x71838112b3a4c17f303359b33af872594e179c58,ETH,community_reported,chainabuse_sitemap,reported,,
0x71904416f612FB77Af89374A00635BB5D042506a,ETH,community_reported,chainabuse_sitemap,reported,,
0x71D934Aa2119CA3995F702f075d540f7A6b0f728,ETH,community_reported,chainabuse_sitemap,reported,,
0x71b1ee098dbe801ce7d42a4bdb472ed164f1c21a,ETH,community_reported,chainabuse_sitemap,reported,,
0x71e9b2010cEc7ff0017E3CAC4e7E598223aBf040,ETH,community_reported,chainabuse_sitemap,reported,,
0x728Eedd649FBeDB89843e0b4e4e9A60bB729e7E0,ETH,community_reported,chainabuse_sitemap,reported,,
0x73150b14542F0Ac672DC79d9D613Fa4F2eFcC2E1,ETH,community_reported,chainabuse_sitemap,reported,,
0x73169ccefa0933bfe61838422f1451715f47a33b,ETH,community_reported,chainabuse_sitemap,reported,,
0x731821d13414487ea46f1b485cfb267019917689,ETH,community_reported,chainabuse_sitemap,reported,,
0x734c5F3f8F6ad9697b26eCC6388678aaFd3dB3B2,ETH,community_reported,chainabuse_sitemap,reported,,
0x73D617512dEd1Bb000a0F0a0D8b976417Fc67F3F,ETH,community_reported,chainabuse_sitemap,reported,,
0x743139c2f08146f5089D1533c97D6dD414F72b51,ETH,community_reported,chainabuse_sitemap,reported,,
0x74487eEd1E67F4787E8C0570E8D5d168a05254D4,ETH,community_reported,chainabuse_sitemap,reported,,
0x748346113B6d61870Aa0961C6D3FB38742fc5089,ETH,community_reported,chainabuse_sitemap,reported,,
0x749966d7CA8c1232a320D54401d46aE0149940Fd,ETH,community_reported,chainabuse_sitemap,reported,,
0x75084627d60b3f3be97e3e19516f3bb2bb2bbeec,ETH,community_reported,chainabuse_sitemap,reported,,
0x75134927E043E8B6E628ECb91891448773662cB1,ETH,community_reported,chainabuse_sitemap,reported,,
0x753f2c5c2f6535aa568e77be1404d8510b4b9c02,ETH,community_reported,chainabuse_sitemap,reported,,
0x75539a2Cea43AA12E3fd8B9D2190B0B708085B22,ETH,community_reported,chainabuse_sitemap,reported,,
0x7595bb01dAc71a8877507b05a10110A86bBcbD22,ETH,community_reported,chainabuse_sitemap,reported,,
0x75Ac412E69bC864c83DC40E222aCd68E88aE40cE,ETH,community_reported,chainabuse_sitemap,reported,,
0x75BF015Fd4e45AD82c1e694Fb0A48160Aa84fC53,ETH,community_reported,chainabuse_sitemap,reported,,
0x75E3fBfbaF0D25Db90DDC5D959958974374346cd,ETH,community_reported,chainabuse_sitemap,reported,,
0x75a4F68283aa00EB8FB71BABDb4021Da52c13ca1,ETH,community_reported,chainabuse_sitemap,reported,,
0x75c3b271a6DEe364Ca9Fdaa5eF616B6012Bc3981,ETH,community_reported,chainabuse_sitemap,reported,,
0x75e248C28e5866217326442BF45a07bA5b7FD07d,ETH,community_reported,chainabuse_sitemap,reported,,
0x765a4ef700927a4fefe466e353e426159437addb,ETH,community_reported,chainabuse_sitemap,reported,,
0x766Ee93b6ab3729c25F38b28f5Ed4A6003aCD5b6,ETH,community_reported,chainabuse_sitemap,reported,,
0x77532Dd2eB6E8EaF416F39C65f48cD2369782828,ETH,community_reported,chainabuse_sitemap,reported,,
0x77b6c8c4e14c71bbfcdc4b66489c3117525251ae,ETH,community_reported,chainabuse_sitemap,reported,,
0x77fC4cB0a4a4FFFd607c0D6ff341991Ee8E07338,ETH,community_reported,chainabuse_sitemap,reported,,
0x7818a00bc25b3b65e73a424bd087963ea1e2d3a1,ETH,community_reported,chainabuse_sitemap,reported,,
0x7832128ce0D590E8f2C3EdFCac5D3b99fE464aE4,ETH,community_reported,chainabuse_sitemap,reported,,
0x784378db3a7f2acE423D8eD586394030f4de7848,ETH,community_reported,chainabuse_sitemap,reported,,
0x78639f3dd3cb07de6f90ddf0bb86463b9dcb6463,ETH,community_reported,chainabuse_sitemap,reported,,
0x78f87b86926a43390B7c8A96Fe09a50c3F48B536,ETH,community_reported,chainabuse_sitemap,reported,,
0x79224bC0bf70EC34F0ef56ed8251619499a59dEf,ETH,community_reported,chainabuse_sitemap,reported,,
0x793362f6fbb2508e5f9fbbbf5da3c23b8fdd5ddb,ETH,community_reported,chainabuse_sitemap,reported,,
0x79391843A5EfF373A20e9F93096B41ff38f38013,ETH,community_reported,chainabuse_sitemap,reported,,
0x79963f5bE197C32c1614E89CFD3C322B0e6eF4c9,ETH,community_reported,chainabuse_sitemap,reported,,
0x79dfe403438686f72011f3974e7690ebb79e617e,ETH,community_reported,chainabuse_sitemap,reported,,
0x79f72d864Df3874AA1c734e92994525776ed7E25,ETH,community_reported,chainabuse_sitemap,reported,,
0x79fe014a5fefb1c49f32dfe1bb3da463877973e8,ETH,community_reported,chainabuse_sitemap,reported,,
0x7A53BbCB7a00cD62C298F89D6D3E139835A7de20,ETH,community_reported,chainabuse_sitemap,reported,,
0x7Ab13344000074fd5E21558D9095DaF1CecBfB77,ETH,community_reported,chainabuse_sitemap,reported,,
0x7Ab68663951E9eBd45FFfB06a487f6987C4D2FCE,ETH,community_reported,chainabuse_sitemap,reported,,
0x7Acf0E6469A00757E162851DC4545dadC72cd0d8,ETH,community_reported,chainabuse_sitemap,reported,,
0x7B101015f126f0fFd973f191EfB221ed548ED90B,ETH,community_reported,chainabuse_sitemap,reported,,
0x7B732E6eB24dC885db7ff417478Dea2c1d4D64b2,ETH,community_reported,chainabuse_sitemap,reported,,
0x7B77C5f134dA8b179ba791CfB37528947Fa12947,ETH,community_reported,chainabuse_sitemap,reported,,
0x7C42f2A7D9AD01294Ecef9be1E38272C84607593,ETH,community_reported,chainabuse_sitemap,reported,,
0x7C7aA58Fe236B8bc5FE08632C359eCE8891C40A8,ETH,community_reported,chainabuse_sitemap,reported,,
0x7CB8Df84d14232cfd195749cF04C55681175A3A9,ETH,community_reported,chainabuse_sitemap,reported,,
0x7D4DBFB56a6C8cB9A5D21C0D1D4A078Fe0e61a02,ETH,community_reported,chainabuse_sitemap,reported,,
0x7E3167771BF23AC10930803589d1424903b36584,ETH,community_reported,chainabuse_sitemap,reported,,
0x7F3aCf451e372F517b45F9D2EE0e42E31Bc5E53e,ETH,community_reported,chainabuse_sitemap,reported,,
0x7a4ffc0b95cfded25aee0fbd6b0298b832f3b2b8,ETH,community_reported,chainabuse_sitemap,reported,,
0x7a60ec6626f71ed1d77e620b76a70a842b782bfe,ETH,community_reported,chainabuse_sitemap,reported,,
0x7ae6c1fc4a79129f868f9595fec1a54ff89ff1d2,ETH,community_reported,chainabuse_sitemap,reported,,
0x7b56CB817933411939948B1403fcf365fAF5CDF4,ETH,community_reported,chainabuse_sitemap,reported,,
0x7b69c4f2ACF77300025E49DbDbB65B068b2Fda7D,ETH,community_reported,chainabuse_sitemap,reported,,
0x7b792E49f640676B3706d666075E903B3A4deEc6,ETH,community_reported,chainabuse_sitemap,reported,,
0x7b7A7F26DB00692ED0Bf7Cc5aa842f1A9706E296,ETH,community_reported,chainabuse_sitemap,reported,,
0x7bD1ed3aDF588A89c392c5c424583C0FfFfCe145,ETH,community_reported,chainabuse_sitemap,reported,,
0x7bd19efce7a2b741e0adcf75751c0230e5feccde,ETH,community_reported,chainabuse_sitemap,reported,,
0x7bd34bd408A935fba14c9cD58F965179F1e65643,ETH,community_reported,chainabuse_sitemap,reported,,
0x7c60e48234ffc524993421885a1e8efcb4feb6eb,ETH,community_reported,chainabuse_sitemap,reported,,
0x7c6af2da632952c4b4b33f83843edd249bce386f,ETH,community_reported,chainabuse_sitemap,reported,,
0x7c7343fbbbbe598d00293f62a209e8b0581bb47f,ETH,community_reported,chainabuse_sitemap,reported,,
0x7c91b11baabb36deb153db3c7618a3ca9bc9ad19,ETH,community_reported,chainabuse_sitemap,reported,,
0x7cDa0CdA0Bead3FD3395fAA845bADBC8e0d5654b,ETH,community_reported,chainabuse_sitemap,reported,,
0x7d3bB88d9c0d8c7cC952aD710eF6B7771BC6da5f,ETH,community_reported,chainabuse_sitemap,reported,,
0x7d63203cf8f6f4c0570c7e0c4de38b78a7155aa9,ETH,community_reported,chainabuse_sitemap,reported,,
0x7d85745323c552aa1b6cac08ce38f392a42cd8c6,ETH,community_reported,chainabuse_sitemap,reported,,
0x7dc47bb6abb053932dd954b5bf4d23bd58fdc6ef,ETH,community_reported,chainabuse_sitemap,reported,,
0x7e6da267e4503ffd227652514ad4733c1924ac18,ETH,community_reported,chainabuse_sitemap,reported,,
0x7eB011845d3cB5A5fd9d0ab6d6f6cAcef5b0D074,ETH,community_reported,chainabuse_sitemap,reported,,
0x7ef116d77e0a7cb0df8907e445ce0fe4fdd6b889,ETH,community_reported,chainabuse_sitemap,reported,,
0x7f27865ada420bb9be6d34e0afdb53992cf5156c,ETH,community_reported,chainabuse_sitemap,reported,,
0x7f4A266a773b6d9c2f18895F4D08054891605f9E,ETH,community_reported,chainabuse_sitemap,reported,,
0x7f54fd493C45abe53412798527972d31AE80912d,ETH,community_reported,chainabuse_sitemap,reported,,
0x7fcF92DDc96C5AB25FF108403a9599F387934F90,ETH,community_reported,chainabuse_sitemap,reported,,
0x7fe92aa216f0afd1ab52ed56bd1ec03779cf76c5,ETH,community_reported,chainabuse_sitemap,reported,,
0x8021b2962db803b73aa874030b0b42c202e8458f,ETH,community_reported,chainabuse_sitemap,reported,,
0x802fd93fbae6f7c7f56eee969eb9ffd99fb577d2,ETH,community_reported,chainabuse_sitemap,reported,,
0x8036EbD0Fc9C120BA0469ffCB27b204AA06aaF1F,ETH,community_reported,chainabuse_sitemap,reported,,
0x8037ee36bfe2bc61a5431a42e9bcff556cf388d8,ETH,community_reported,chainabuse_sitemap,reported,,
0x803e0930357bA577Dc414B552402f71656c093ab,ETH,community_reported,chainabuse_sitemap,reported,,
0x8130dD1a8B70bE489C3235C8540F86aD2E6ebfA9,ETH,community_reported,chainabuse_sitemap,reported,,
0x81B34dac5D85e7f88f406D1526556Dd895c6586b,ETH,community_reported,chainabuse_sitemap,reported,,
0x81CC2c9433e8E61dfF5743d61162cF4a827d4Cd8,ETH,community_reported,chainabuse_sitemap,reported,,
0x81CDfB123F25ab1BC00aAcce106Ac84E7FC84d5B,ETH,community_reported,chainabuse_sitemap,reported,,
0x81F600443F72de2D889463674469e759522Fae7E,ETH,community_reported,chainabuse_sitemap,reported,,
0x81cc156b679cff3a5e6b8cb05642ea34d0fae051,ETH,community_reported,chainabuse_sitemap,reported,,
0x81d3ec77438b4e99aa99ba25b1dbc3fea317fe3b,ETH,community_reported,chainabuse_sitemap,reported,,
0x81f099D0FF5cE6433E5f6745884661F167A1d43E,ETH,community_reported,chainabuse_sitemap,reported,,
0x820a78D8e0518fcE090A9D16297924dB7941FD4f,ETH,community_reported,chainabuse_sitemap,reported,,
0x8273fd6776970c95dcb8a50a428fa6ced206c9a7,ETH,community_reported,chainabuse_sitemap,reported,,
0x82B9D87ffd80449ca96ec67c19f5d0631b18D5Db,ETH,community_reported,chainabuse_sitemap,reported,,
0x831192Fc53868517ce5De6Af2666d800ba34D8C4,ETH,community_reported,chainabuse_sitemap,reported,,
0x8318fafbc2f579e4fcdccefba4542ec543059b0c,ETH,community_reported,chainabuse_sitemap,reported,,
0x8336200e11d5AC7C7448B299874Ae9d64FFEE55D,ETH,community_reported,chainabuse_sitemap,reported,,
0x835D5866a8B64242a921bCCFe9AFb7FbE03Fb595,ETH,community_reported,chainabuse_sitemap,reported,,
0x8363490ea1bf7ea00d02fa811047e908114b0329,ETH,community_reported,chainabuse_sitemap,reported,,
0x83927aCF1a3F69f9fD2eD055fFF424a49Cda0c5d,ETH,community_reported,chainabuse_sitemap,reported,,
0x83a2EB63B6Cc296529468Afa85DbDe4A469d8B37,ETH,community_reported,chainabuse_sitemap,reported,,
0x83be39c19b0f68a563ec25e9fe3d46377e777121,ETH,community_reported,chainabuse_sitemap,reported,,
0x83e657aa83c649cdff5b2ffd7a363ec6f0e25c35,ETH,community_reported,chainabuse_sitemap,reported,,
0x841ea52f752b3ac7f5bb198f2a2f39aa5adfba7d,ETH,community_reported,chainabuse_sitemap,reported,,
0x844dcc8a5526a8579796199b651e3176e4b3e3f1,ETH,community_reported,chainabuse_sitemap,reported,,
0x8485265320b8b9cda333dc832387a5aeaceb977a,ETH,community_reported,chainabuse_sitemap,reported,,
0x848726052d975dad7bdc08ec99e5a294f5c7f12e,ETH,community_reported,chainabuse_sitemap,reported,,
0x8491B3921DCB0dF0F9D530937E03280fbC14B225,ETH,community_reported,chainabuse_sitemap,reported,,
0x84b095560c9d56130f3a5eac7fb12b1b21397c43,ETH,community_reported,chainabuse_sitemap,reported,,
0x84c5c58476a022E216F7BAe80eaaFA44a27841eC,ETH,community_reported,chainabuse_sitemap,reported,,
0x852aCbE0cEc6D570FaAD405f5A0B0FB070779F82,ETH,community_reported,chainabuse_sitemap,reported,,
0x856a3a821e0801d90daf2d418e091a276650acb1,ETH,community_reported,chainabuse_sitemap,reported,,
0x85Cc07d28234052D3Cf2e1c9Aae62be949fC99AF,ETH,community_reported,chainabuse_sitemap,reported,,
0x85a8df6564517CD0a8501587dB0Cc74850F191d6,ETH,community_reported,chainabuse_sitemap,reported,,
0x86116a330dca6517820af0fa214e188ced0e22ab,ETH,community_reported,chainabuse_sitemap,reported,,
0x86766247Ba3405C5f15F06b895294200809e9Cfb,ETH,community_reported,chainabuse_sitemap,reported,,
0x86f970bda9fd14e1acbed27205fdbc3cf928cfc4,ETH,community_reported,chainabuse_sitemap,reported,,
0x86f9cf0a0cb921811496eaeb0cf15d8e250bdbbe,ETH,community_reported,chainabuse_sitemap,reported,,
0x872254d530Ae8983628cb1eAafC51F78D78c86D9,ETH,community_reported,chainabuse_sitemap,reported,,
0x872dd6b224bcd5f107834712d2d8fc005875a4e1,ETH,community_reported,chainabuse_sitemap,reported,,
0x87336B36189886a5FbFf4deFA64b86483dc723Fb,ETH,community_reported,chainabuse_sitemap,reported,,
0x874552a6902841A3f8A4eE5B9427982E3930782D,ETH,community_reported,chainabuse_sitemap,reported,,
0x8755Ddc2bC0fa52C7bbf3b1Dc512B0CFC5c33939,ETH,community_reported,chainabuse_sitemap,reported,,
0x877DF7875069b0B0966c2E4f9eE23e76D25efF9A,ETH,community_reported,chainabuse_sitemap,reported,,
0x878099F08131a18Fab6bB0b4Cfc6B6DAe54b177E,ETH,community_reported,chainabuse_sitemap,reported,,
0x87863c53dc939fbdac137265601ccf3db993e578,ETH,community_reported,chainabuse_sitemap,reported,,
0x879Cd104EdE6F9E4148EF5A980773A15567b953C,ETH,community_reported,chainabuse_sitemap,reported,,
0x87ab5384219ec3999b90b5ad0436fd9db8f4918f,ETH,community_reported,chainabuse_sitemap,reported,,
0x87bf73e6dc0716de32c7ceb6d1a31ed183f56d59,ETH,community_reported,chainabuse_sitemap,reported,,
0x8814b39b23f68c6c57bda5ef1eea876588ff2378,ETH,community_reported,chainabuse_sitemap,reported,,
0x8831569a68dcb1e1091f86443ac75214f8f95a86,ETH,community_reported,chainabuse_sitemap,reported,,
0x886358f9296De461d12e791BC9Ef6F5a03410C64,ETH,community_reported,chainabuse_sitemap,reported,,
0x887f8d8875a41aa9f535205ff790b80822162a6d,ETH,community_reported,chainabuse_sitemap,reported,,
0x8881ec63ad9fe676ea9ac2a614a875733d62210c,ETH,community_reported,chainabuse_sitemap,reported,,
0x889121f5d5d675874e4605218040f33198a16319,ETH,community_reported,chainabuse_sitemap,reported,,
0x88c1e14f261cF347f402060a746ad8515545D739,ETH,community_reported,chainabuse_sitemap,reported,,
0x8914d31424fa2ce3b1780964a8bb0d4dc6ce2733,ETH,community_reported,chainabuse_sitemap,reported,,
0x89470bdd67fbfe35b90796dade694dd4fee207d3,ETH,community_reported,chainabuse_sitemap,reported,,
0x89563013dF33B98eCE26C5Eae1c446140DF3E238,ETH,community_reported,chainabuse_sitemap,reported,,
0x897b13fcb742b05b4ee91ead892265a22c75819c,ETH,community_reported,chainabuse_sitemap,reported,,
0x8991f1c9aa03c5aec07fe03d86c3fbdad1171e5c,ETH,community_reported,chainabuse_sitemap,reported,,
0x89A13fD3dF4764Eb92Ff648B5CEF8a213507bAe8,ETH,community_reported,chainabuse_sitemap,reported,,
0x89efc43482e43ca83eb503a5664313994263b4fd,ETH,community_reported,chainabuse_sitemap,reported,,
0x89f8db9193612d2325fe630cd17dd2a941071d24,ETH,community_reported,chainabuse_sitemap,reported,,
0x8A20e042bA60AE6a552a6BA628D23D0E5eb78DDC,ETH,community_reported,chainabuse_sitemap,reported,,
0x8A68a6e2CA2b3cF5f0c042025AF790d983442ba3,ETH,community_reported,chainabuse_sitemap,reported,,
0x8A6b84a3f95Ecf40F5991C99635F1F5467c4d2D9,ETH,community_reported,chainabuse_sitemap,reported,,
0x8A9a8244Fcd6861521d41825945B35057152184E,ETH,community_reported,chainabuse_sitemap,reported,,
0x8B4C1083cd6Aef062298E1Fa900df9832c8351b3,ETH,community_reported,chainabuse_sitemap,reported,,
0x8BdbDb7a949cCaC662b42E982C90da71AB0E6779,ETH,community_reported,chainabuse_sitemap,reported,,
0x8CCA0C7b593D77328F6A5E4748eabd3b79BB7f49,ETH,community_reported,chainabuse_sitemap,reported,,
0x8D095eA3a69511adE706AD6fc96044e5554A751d,ETH,community_reported,chainabuse_sitemap,reported,,
0x8D61fdd326439412149Dfe3D42078E5321303cb7,ETH,community_reported,chainabuse_sitemap,reported,,
0x8D897FF284c13DAfcED15D8ed8df275f34B9cd6b,ETH,community_reported,chainabuse_sitemap,reported,,
0x8E85B7499116c51fb4619d911fA0A3010a6C75F1,ETH,community_reported,chainabuse_sitemap,reported,,
0x8Efab89b497b887CDaA2FB08ff71e4b3827774B2,ETH,community_reported,chainabuse_sitemap,reported,,
0x8F0666bc23936D0F35b1C3fC19C7eC0895c04049,ETH,community_reported,chainabuse_sitemap,reported,,
0x8a0a1Eb0BAE23E4E95608E3aAd7fa25B0D907c6c,ETH,community_reported,chainabuse_sitemap,reported,,
0x8a29242fda06f3d052e9e5385525cbe0b19da653,ETH,community_reported,chainabuse_sitemap,reported,,
0x8a314e8da4a703dda1e32e59177dc79769a21ff1,ETH,community_reported,chainabuse_sitemap,reported,,
0x8ae0e03af14ac64918c48d858a4f9400ca5a2a73,ETH,community_reported,chainabuse_sitemap,reported,,
0x8b0983cf978ab5fc68bdbf64ccad837af4c2580d,ETH,community_reported,chainabuse_sitemap,reported,,
0x8b631a5a6b4225fc48Ef8bfA22cc2dd48ECdA338,ETH,community_reported,chainabuse_sitemap,reported,,
0x8b631a5a6b4225fc48ef8bfa22cc2dd48ecda338,ETH,community_reported,chainabuse_sitemap,reported,,
0x8b8a4abc707f16da24b795e3e46ed22975a9d329,ETH,community_reported,chainabuse_sitemap,reported,,
0x8c0ff426dfa77a87be3729456d1d27fdc8f2de5f,ETH,community_reported,chainabuse_sitemap,reported,,
0x8c12AeAF62da2FA8778F7a6e77526Cf98Ad76f3B,ETH,community_reported,chainabuse_sitemap,reported,,
0x8c1944FAC705ef172f21f905b5523Ae260F76d62,ETH,community_reported,chainabuse_sitemap,reported,,
0x8c297d2505eA666E9e2a5e4c2498ae4956c12a74,ETH,community_reported,chainabuse_sitemap,reported,,
0x8c5ff48b9b25394aa5c0b2765035f440104230cc,ETH,community_reported,chainabuse_sitemap,reported,,
0x8c6AA0E8b4Bee44ADbE4d2A68d36EcC452F92c53,ETH,community_reported,chainabuse_sitemap,reported,,
0x8c769a59f93dac14b7a416294124c01d3ec4daac,ETH,community_reported,chainabuse_sitemap,reported,,
0x8c7934611b6ad70fbea13a1593de167a4689b9a9,ETH,community_reported,chainabuse_sitemap,reported,,
0x8cac227d81ebed6ab4a00514bd0d4c9894a1745d,ETH,community_reported,chainabuse_sitemap,reported,,
0x8cf8686ab3f4dc08c395796abd010bf99a3a357e,ETH,community_reported,chainabuse_sitemap,reported,,
0x8d25ba96d1b5e5a73a5a6bea154ce3dfd7f3a4f4,ETH,community_reported,chainabuse_sitemap,reported,,
0x8d3d13cac607B7297Ff61A5E1E71072758AF4D01,ETH,community_reported,chainabuse_sitemap,reported,,
0x8d87f42d4c0b1c9ca5b7fe843028bfc3c37d0dd2,ETH,community_reported,chainabuse_sitemap,reported,,
0x8d8cD366d377aE8BA002fC29013b67979eEff757,ETH,community_reported,chainabuse_sitemap,reported,,
0x8dDfCE3bC5cCC4EbB0B5EbDB1404283F1c25C3E2,ETH,community_reported,chainabuse_sitemap,reported,,
0x8e0D334A77614a7ce089C9246e9B1d7C7172eF02,ETH,community_reported,chainabuse_sitemap,reported,,
0x8e133cbAC54740F9C908d53bBc01B510Fe180c7e,ETH,community_reported,chainabuse_sitemap,reported,,
0x8eE2741F8325097634576F2eEd5D95Fb8FbcAc2d,ETH,community_reported,chainabuse_sitemap,reported,,
0x8f15Ee6A8Ef02283fD2E85e8Dd8683e8c0E5Aa9E,ETH,community_reported,chainabuse_sitemap,reported,,
0x8f6A86f3aB015F4D03DDB13AbB02710e6d7aB31B,ETH,community_reported,chainabuse_sitemap,reported,,
0x8f6fe0f0efb148e54a69a49bc3a8b83700086212,ETH,community_reported,chainabuse_sitemap,reported,,
0x8f8008AA1444966e83Cb08752697ea7022e88D25,ETH,community_reported,chainabuse_sitemap,reported,,
0x8f836b7307f4ebb1ae5a3f26ee33fcffe7bd57aa,ETH,community_reported,chainabuse_sitemap,reported,,
0x8fe2251b6cdb0aff85d7cdb6a225d57d23b100de,ETH,community_reported,chainabuse_sitemap,reported,,
0x9007a0421145b06a0345d55a8c0f0327f62a2224,ETH,community_reported,chainabuse_sitemap,reported,,
0x905315602Ed9a854e325F692FF82F58799BEaB57,ETH,community_reported,chainabuse_sitemap,reported,,
0x9082fc8b5e6e8278fa93188aae11fb01a0656ff8,ETH,community_reported,chainabuse_sitemap,reported,,
0x90A68aa148DcfF8867e4B7bD09b48C0341e41987,ETH,community_reported,chainabuse_sitemap,reported,,
0x90f57672bcd2b96d4dc5af9aadf3a8d7540f82e9,ETH,community_reported,chainabuse_sitemap,reported,,
0x91F8505748AFe14C4f1Ab79547832c5D72fA7684,ETH,community_reported,chainabuse_sitemap,reported,,
0x91c99a81a382c8c750d01afb73f7cf2d5a6016fa,ETH,community_reported,chainabuse_sitemap,reported,,
0x91e36fC3F9B7873D618EfEaE755958bc6ede898e,ETH,community_reported,chainabuse_sitemap,reported,,
0x925F59e68BF2D218ae6cB42Df763Ae25C6F2e140,ETH,community_reported,chainabuse_sitemap,reported,,
0x92627cc48A9cFe692e62cf6ddC30FCb11681e7c5,ETH,community_reported,chainabuse_sitemap,reported,,
0x92a4a14103936ccF4d6183Ec81871f07B3850f01,ETH,community_reported,chainabuse_sitemap,reported,,
0x930e94B79DE9c8279b286106Bb6A6660629310E2,ETH,community_reported,chainabuse_sitemap,reported,,
0x9318ae7df6274916cdbb856c842434e74f376bb0,ETH,community_reported,chainabuse_sitemap,reported,,
0x937083631f67d3a0Ab7Ecbc289124f53368C60d4,ETH,community_reported,chainabuse_sitemap,reported,,
0x937874B83Bd17AC01A57a1189b3Fba0FF858093d,ETH,community_reported,chainabuse_sitemap,reported,,
0x9391765f5bc30296291b09f7bd701161023f3285,ETH,community_reported,chainabuse_sitemap,reported,,
0x93ea354a587b7a9e9f97e73865e18788b42837a1,ETH,community_reported,chainabuse_sitemap,reported,,
0x941a9E3B91E1cc015702B897C512D265fAE88A9c,ETH,community_reported,chainabuse_sitemap,reported,,
0x9426f507ae4d630fab42de5e8c01aaa5ea729ec6,ETH,community_reported,chainabuse_sitemap,reported,,
0x94645540E62a9076C8Fd027eB7120D233BEDd6A9,ETH,community_reported,chainabuse_sitemap,reported,,
0x94Bf131548f14B83420a0Ee0aDD07D3550447436,ETH,community_reported,chainabuse_sitemap,reported,,
0x94bC1d555E63eEA23fE7FDbf937ef3f9aC5fcF8F,ETH,community_reported,chainabuse_sitemap,reported,,
0x94bc1d555e63eea23fe7fdbf937ef3f9ac5fcf8f,ETH,community_reported,chainabuse_sitemap,reported,,
0x9542966F1114eaA5859201aA8d34358BFedBFa79,ETH,community_reported,chainabuse_sitemap,reported,,
0x95AD718929FBa145a89f8d52Cb4b1F7A777546ae,ETH,community_reported,chainabuse_sitemap,reported,,
0x95BA239748492f17Bc281B440981C98a229F3fF5,ETH,community_reported,chainabuse_sitemap,reported,,
0x95c48b52845a7af3f96ac580fe3e24b777e57e22,ETH,community_reported,chainabuse_sitemap,reported,,
0x95cD4706E9c00D991dB72f83aDd2FF85fa4777B1,ETH,community_reported,chainabuse_sitemap,reported,,
0x9610678F8a87f35601095b397522Daef4e141aB2,ETH,community_reported,chainabuse_sitemap,reported,,
0x961918dcC6F1F78f93E357182614C791041f401E,ETH,community_reported,chainabuse_sitemap,reported,,
0x961B0af9fB3d7C34eFB79f92C067332b7722d4e2,ETH,community_reported,chainabuse_sitemap,reported,,
0x961D2B694D9097f35cfFfa363eF98823928a330d,ETH,community_reported,chainabuse_sitemap,reported,,
0x967BB571F0Fc9Ee79c892aBF9f99233AA1737E31,ETH,community_reported,chainabuse_sitemap,reported,,
0x968DD0fb587dfF8438cCCa2362605CA57921D322,ETH,community_reported,chainabuse_sitemap,reported,,
0x9699db78882215541d909fE58cBacF40cBC3bcF5,ETH,community_reported,chainabuse_sitemap,reported,,
0x96BEfE6A41A15a8108DC5933fA068D6C4bCe0278,ETH,community_reported,chainabuse_sitemap,reported,,
0x96d02f57d4f493ff3a300c228640d58b9b4db8c4,ETH,community_reported,chainabuse_sitemap,reported,,
0x96d9c7dd94d35B3E9B9435b09df0F7F2557Fa8F5,ETH,community_reported,chainabuse_sitemap,reported,,
0x96f907be978a92fb7eaa4e8c5401253bd7a24e7d,ETH,community_reported,chainabuse_sitemap,reported,,
0x975ffD02790Dc04D1ffAaDf2f4A6863149745a44,ETH,community_reported,chainabuse_sitemap,reported,,
0x97B1043ABD9E6FC31681635166d430a458D14F9C,ETH,community_reported,chainabuse_sitemap,reported,,
0x97fe0e9f7e4bf770d57b41da3e77a8140205c970,ETH,community_reported,chainabuse_sitemap,reported,,
0x9803c7aE526049210a1725F7487AF26fE2c24614,ETH,community_reported,chainabuse_sitemap,reported,,
0x980844d9bC79F363cafe22a371F6244232402e79,ETH,community_reported,chainabuse_sitemap,reported,,
0x9825650c6d40ab8cb5f736a49b7ee291cddcfdf5,ETH,community_reported,chainabuse_sitemap,reported,,
0x98553fcb060bc6f8a2907104090388d1b2075af9,ETH,community_reported,chainabuse_sitemap,reported,,
0x985641983d506259f4a5fbdf5a9c3c807cf12559,ETH,community_reported,chainabuse_sitemap,reported,,
0x988a3e9834f1a4977e6f727e18ea167089349ba2,ETH,community_reported,chainabuse_sitemap,reported,,
0x98A5f5B990c70492086fCDFAE38EeEB19823F008,ETH,community_reported,chainabuse_sitemap,reported,,
0x98f5b0A99f258a09403D965647Ee9D53677914AF,ETH,community_reported,chainabuse_sitemap,reported,,
0x990462A8bE01e261eD11cA90dEaf1546ef11B0DF,ETH,community_reported,chainabuse_sitemap,reported,,
0x992ec9e34faa0b9975409b6c4789368e6ad2925f,ETH,community_reported,chainabuse_sitemap,reported,,
0x9947a1f21bf94f422a9063839fd43c1d753b0ffe,ETH,community_reported,chainabuse_sitemap,reported,,
0x99661a5b883c4e37fb1b5634e0bcba5ca866fc12,ETH,community_reported,chainabuse_sitemap,reported,,
0x99905505ec50294155820C0e6128EC598f29dFdb,ETH,community_reported,chainabuse_sitemap,reported,,
0x99AeB028E43F102C5776F6B652952BE540826bf4,ETH,community_reported,chainabuse_sitemap,reported,,
0x99DA8fB52f74B7a3E38d9C75c634f6386F1649C7,ETH,community_reported,chainabuse_sitemap,reported,,
0x99b9c2b49ff03dd1f4d6e537c4d94d73a75e7c4f,ETH,community_reported,chainabuse_sitemap,reported,,
0x99d2D57B485f731B51F6c8ddCb325224D11B74F6,ETH,community_reported,chainabuse_sitemap,reported,,
0x9A563f06aFBf06c95bCF33ca4AA6094C799927DD,ETH,community_reported,chainabuse_sitemap,reported,,
0x9A843BB125a3c03f496CB44653741f2CEF82f445,ETH,community_reported,chainabuse_sitemap,reported,,
0x9BF76534d8Bf0dA45d8C8dC695fb92CDCF6A4a8A,ETH,community_reported,chainabuse_sitemap,reported,,
0x9C2d2d490aB34e91796faa7f81037bbEe42277f5,ETH,community_reported,chainabuse_sitemap,reported,,
0x9CAcfCB41Cb1dB76fa6E632f62FabAbd8118bfa1,ETH,community_reported,chainabuse_sitemap,reported,,
0x9D86A9D926598BdDCA850FcBD0e0B2025cF4cB71,ETH,community_reported,chainabuse_sitemap,reported,,
0x9D9c3695c54601929cd72D34A52935268eb9b00B,ETH,community_reported,chainabuse_sitemap,reported,,
0x9E9189d431612f72757A0173c6FD1de7dB91c672,ETH,community_reported,chainabuse_sitemap,reported,,
0x9E91ae672E7f7330Fc6B9bAb9C259BD94Cd08715,ETH,community_reported,chainabuse_sitemap,reported,,
0x9EC8dA3B6628a380Da858d9385A968c602B86AC6,ETH,community_reported,chainabuse_sitemap,reported,,
0x9Eb5F8e83359Bb5013f3D8eee60bDCe5654e8881,ETH,community_reported,chainabuse_sitemap,reported,,
0x9Ed377db23cA143741cdB2f908b6FE77E25DF2f1,ETH,community_reported,chainabuse_sitemap,reported,,
0x9F4F2e0224Dd9201832a7fF88F91995Bfd5006Bb,ETH,community_reported,chainabuse_sitemap,reported,,
0x9a1c383abbca270bf956070306eda949ff9f1933,ETH,community_reported,chainabuse_sitemap,reported,,
0x9a54EDDA16b442d17EE92B432D017422A59BCDAD,ETH,community_reported,chainabuse_sitemap,reported,,
0x9b2d82d7b0cf6ebbbbacc29e8445ce5a46973470,ETH,community_reported,chainabuse_sitemap,reported,,
0x9b7cfe0e8a632fda672cefeb9e532d279bf444fc,ETH,community_reported,chainabuse_sitemap,reported,,
0x9b852eba2f44a0f4a695da5d72e7b884e085093d,ETH,community_reported,chainabuse_sitemap,reported,,
0x9c627F95c20588C838bdFE37169230936Cc70803,ETH,community_reported,chainabuse_sitemap,reported,,
0x9c62d798f1978baae65d76afcc8d0c8a529c42b8,ETH,community_reported,chainabuse_sitemap,reported,,
0x9c8b72f0d43ba23b96b878f1c1f75edc2beec9f9,ETH,community_reported,chainabuse_sitemap,reported,,
0x9c9800b8204109cef92cb7bf4e497282586a7a89,ETH,community_reported,chainabuse_sitemap,reported,,
0x9cEDD2fF5d4621282951d4a5879C8ef18757cbC8,ETH,community_reported,chainabuse_sitemap,reported,,
0x9cbfB60A09A9a33a10312dA0f39977CbDb7fdE23,ETH,community_reported,chainabuse_sitemap,reported,,
0x9cd2e2f3c8996463b140f0ac6eff9790e16416c9,ETH,community_reported,chainabuse_sitemap,reported,,
0x9d194cbca8d957c3fa4c7bb2b12ff83fca6398ee,ETH,community_reported,chainabuse_sitemap,reported,,
0x9d3829EAAC81A70F62Ee3c0b5cC3B3f72f5Bd1B3,ETH,community_reported,chainabuse_sitemap,reported,,
0x9d7406E749158d0cE5665b0b1777486D7EB801C8,ETH,community_reported,chainabuse_sitemap,reported,,
0x9d7749e2c78efe89f4442cc3aa61f50527a433bf,ETH,community_reported,chainabuse_sitemap,reported,,
0x9ddA8b3F3fb1803911294bE4ccb6096521EB0132,ETH,community_reported,chainabuse_sitemap,reported,,
0x9ddec70Ab6fF39491C449D5CE3A02A852Dc8b80a,ETH,community_reported,chainabuse_sitemap,reported,,
0x9defe505e0C6c260A36330379aa38a16CC0620f6,ETH,community_reported,chainabuse_sitemap,reported,,
0x9e4c09b02767de64e413bae825fd29e03276f05b,ETH,community_reported,chainabuse_sitemap,reported,,
0x9e91ae672e7f7330fc6b9bab9c259bd94cd08715,ETH,community_reported,chainabuse_sitemap,reported,,
0x9e966a54082427d7ac56aeaee4baae7d11a6e468,ETH,community_reported,chainabuse_sitemap,reported,,
0x9eE0A12da8b0D8518F882314fD31B593abb81f4f,ETH,community_reported,chainabuse_sitemap,reported,,
0x9eEE6862b78fB6F9627d7d5a908d2114814FcECd,ETH,community_reported,chainabuse_sitemap,reported,,
0x9ea80403afc91468212b2af811b24ff4184e05c2,ETH,community_reported,chainabuse_sitemap,reported,,
0x9ea8500b97de150d9d20210640add38f1d7cc0c1,ETH,community_reported,chainabuse_sitemap,reported,,
0x9ee7e3f261a44425a98a6b00b7ff5d9ff7b78e3c,ETH,community_reported,chainabuse_sitemap,reported,,
0x9eeAe7b71DB4885a5b015941f5A14519b02BC0Fe,ETH,community_reported,chainabuse_sitemap,reported,,
0x9f188885b31b687e8F23F2eeEfd31fA9F7a5756D,ETH,community_reported,chainabuse_sitemap,reported,,
0x9f26aE5cd245bFEeb5926D61497550f79D9C6C1c,ETH,community_reported,chainabuse_sitemap,reported,,
0x9f4acBb78381742cf6F8aD6394Ac738cb2D102C9,ETH,community_reported,chainabuse_sitemap,reported,,
0x9f826d380169aeb7fa254fb0c40cb1a9e5a138b4,ETH,community_reported,chainabuse_sitemap,reported,,
0x9fc53c75046900d1F58209F50F534852aE9f912a,ETH,community_reported,chainabuse_sitemap,reported,,
0xA03e9C61110950e139d0347A61C474D04E3DF761,ETH,community_reported,chainabuse_sitemap,reported,,
0xA07d9E43E02BA562A2B111f54D16e50E07979e7b,ETH,community_reported,chainabuse_sitemap,reported,,
0xA0b8518Ed085db19D1A550bD1dbeC30C18ddD1Af,ETH,community_reported,chainabuse_sitemap,reported,,
0xA0e7959dA78b1188604a7f0a3fBaa7150fE2A490,ETH,community_reported,chainabuse_sitemap,reported,,
0xA14360328A70C4f1E2a7256080B740B568D978aE,ETH,community_reported,chainabuse_sitemap,reported,,
0xA1e43fcB51656354931D47458EceaDBC6545df57,ETH,community_reported,chainabuse_sitemap,reported,,
0xA23402F08825250Eb977bFae4D9417375BcD2499,ETH,community_reported,chainabuse_sitemap,reported,,
0xA2F00d4B088fe2bE2870ec2B82CcF275D747605A,ETH,community_reported,chainabuse_sitemap,reported,,
0xA31573be292BD03d36DB137B6C2AB6eAA3d5e572,ETH,community_reported,chainabuse_sitemap,reported,,
0xA3530C055f5CB69071F8Aa4FDfdf30759bdB550A,ETH,community_reported,chainabuse_sitemap,reported,,
0xA3F82A78c15106a00FA47436Af662F75d93f05D6,ETH,community_reported,chainabuse_sitemap,reported,,
0xA456341B4718Dd1fccE60D32f5ed58a467842dFC,ETH,community_reported,chainabuse_sitemap,reported,,
0xA458c2A1Cd454D8eaaA8D8b7233e7D540A3D32d8,ETH,community_reported,chainabuse_sitemap,reported,,
0xA4626073C8a246389d7D3a5Fb9CE7BDb1d09b33A,ETH,community_reported,chainabuse_sitemap,reported,,
0xA4674d608d38822765Af8BF76562F6457A2c4621,ETH,community_reported,chainabuse_sitemap,reported,,
0xA6021d8C36b2de6CEB4FE281B89d37D2be321431,ETH,community_reported,chainabuse_sitemap,reported,,
0xA648904b6e812E2d847B87878a9a3f1d74e5AF50,ETH,community_reported,chainabuse_sitemap,reported,,
0xA6AF2872176320015f8ddB2ba013B38Cb35d22Ad,ETH,community_reported,chainabuse_sitemap,reported,,
0xA74bBeB8aeCF2BD3988fA5eD0174CD76AAAA6178,ETH,community_reported,chainabuse_sitemap,reported,,
0xA79370da5B478c60d22a144d3a810222d9169835,ETH,community_reported,chainabuse_sitemap,reported,,
0xA7C0321B2C4ec4595fA030125C10E36Bf084Bc66,ETH,community_reported,chainabuse_sitemap,reported,,
0xA84E9b11F2602f16D02647a18a2Ed0E5Bf0eeF5a,ETH,community_reported,chainabuse_sitemap,reported,,
0xA8cF15A7244bA785e188F2D94aA724F6Ec8A66a8,ETH,community_reported,chainabuse_sitemap,reported,,
0xAAb00F612D7dED169E51cf0142D48FF560f281f3,ETH,community_reported,chainabuse_sitemap,reported,,
0xAE0F538409063e66ff0E382113cb1a051fC069cd,ETH,community_reported,chainabuse_sitemap,reported,,
0xAa01c987952Db328De3aEe15A06F38c7981aE8FB,ETH,community_reported,chainabuse_sitemap,reported,,
0xAb610D4358Ba14E61b0896DE2b68BC933efE0e5A,ETH,community_reported,chainabuse_sitemap,reported,,
0xAd9217e427ed9df8A89E582601a8614FD4F74563,ETH,community_reported,chainabuse_sitemap,reported,,
0xAdf274687e60E834D77C34E9250B71511c6B3e99,ETH,community_reported,chainabuse_sitemap,reported,,
0xAeeE58AB46E626Ea6F272B138c75ac760633b0DF,ETH,community_reported,chainabuse_sitemap,reported,,
0xAf5bB4D60CBE4C3278777513716609525bDf196d,ETH,community_reported,chainabuse_sitemap,reported,,
0xAfad9352eB6BcD085Dd68268D353d0ed2571aF89,ETH,community_reported,chainabuse_sitemap,reported,,
0xB09e66b66B7daA35699496fF560E1034990E5e3a,ETH,community_reported,chainabuse_sitemap,reported,,
0xB1302743ACF31F567e9020810523f5030942e211,ETH,community_reported,chainabuse_sitemap,reported,,
0xB20Ca86302480Bf5AFA1c5B632fbb096Ea3b9E4A,ETH,community_reported,chainabuse_sitemap,reported,,
0xB25b513FE6A2AaDB797A2d3353027e5C16ba42C7,ETH,community_reported,chainabuse_sitemap,reported,,
0xB28F4218c89FCF2EB4413b8238d3f4467664e8D3,ETH,community_reported,chainabuse_sitemap,reported,,
0xB2eE777a8Bc3B70c34c7F9c3078993D063f5bbA0,ETH,community_reported,chainabuse_sitemap,reported,,
0xB3764761E297D6f121e79C32A65829Cd1dDb4D32,ETH,community_reported,chainabuse_sitemap,reported,,
0xB3EaEe47C848EAdCC6ca085ebea05e4007bFb530,ETH,community_reported,chainabuse_sitemap,reported,,
0xB4F6C6F8243D3D3c57A8e9f1B08f1f21ECFb53bC,ETH,community_reported,chainabuse_sitemap,reported,,
0xB5D34Ca72bCBe5fd02Ab35Afd7aC689a7C28C802,ETH,community_reported,chainabuse_sitemap,reported,,
0xB63F0D8B9aA0c4E68D5630F54BFeFC6Cf2C2AD19,ETH,community_reported,chainabuse_sitemap,reported,,
0xB64BBa0fFCdFC54376eE1FFb4121feEE23b6077B,ETH,community_reported,chainabuse_sitemap,reported,,
0xB6AF46BE91B1bA4043C99f968C18871D3A763059,ETH,community_reported,chainabuse_sitemap,reported,,
0xB7A740d67C78bbb81741eA588Db99fBB1c22dFb7,ETH,community_reported,chainabuse_sitemap,reported,,
0xB87122dEd9030B9101482519a4b3902C91E1f1c8,ETH,community_reported,chainabuse_sitemap,reported,,
0xB8E260b0a681b9DfcEf1C06b5F1844236BCFe003,ETH,community_reported,chainabuse_sitemap,reported,,
0xB8e257C18BbEC93A596438171e7E1E77d18671E5,ETH,community_reported,chainabuse_sitemap,reported,,
0xB99843A4b956eA0313883f9A2a2da3ea132a1aE4,ETH,community_reported,chainabuse_sitemap,reported,,
0xB9AE2624Ab08661F010185d72Dd506E199E67C09,ETH,community_reported,chainabuse_sitemap,reported,,
0xBA109c48264785070E35963592540324e8612d09,ETH,community_reported,chainabuse_sitemap,reported,,
0xBBbbCA6A901c926F240b89EacB641d8Aec7AEafD,ETH,community_reported,chainabuse_sitemap,reported,,
0xBD73d147970BcbccdDe3Dd9340827b679e70d9d4,ETH,community_reported,chainabuse_sitemap,reported,,
0xBEC2C85CE6395b44207fCdc3BaB9515c9A3Ad3Fb,ETH,community_reported,chainabuse_sitemap,reported,,
0xBF8c8F20c5fA70DE4Db53FBAeDBc1425884e8C0A,ETH,community_reported,chainabuse_sitemap,reported,,
0xBFAAbA3337C51e97ED4546b4631E8eFdBab63077,ETH,community_reported,chainabuse_sitemap,reported,,
0xBFD6F7b2604e80ECF840208acB005649fAcb3a17,ETH,community_reported,chainabuse_sitemap,reported,,
0xBc1C67A354541c964080bA12cc4cf2aeD4086468,ETH,community_reported,chainabuse_sitemap,reported,,
0xBc565A60Ff205b275FC0812e2C1c6791e4658703,ETH,community_reported,chainabuse_sitemap,reported,,
0xBdab7C50aa43220D15A11006375C728731d449b1,ETH,community_reported,chainabuse_sitemap,reported,,
0xBe235784e7BC7dCAc72D5CF681Cd089A8Af5C809,ETH,community_reported,chainabuse_sitemap,reported,,
0xBeAcbF07229385DcC064276D828aBF3468d16dE5,ETH,community_reported,chainabuse_sitemap,reported,,
0xBf0Db318ea8b0BeB0265850eAbd64fD108B9764D,ETH,community_reported,chainabuse_sitemap,reported,,
0xBfde637fBE78130E0C9b31c5d7E0CCB77242c519,ETH,community_reported,chainabuse_sitemap,reported,,
0xC008c0F712c1289a571E2F9336B237bDED5132e0,ETH,community_reported,chainabuse_sitemap,reported,,
0xC03eD48230467ef75d8ec0f7ef20494224CEe6DC,ETH,community_reported,chainabuse_sitemap,reported,,
0xC045ea08AD10d23D8Bb4D7A84E9351dEe3614dFC,ETH,community_reported,chainabuse_sitemap,reported,,
0xC06F930ab683a8906BAfBC0E97C13b7B25F6AE61,ETH,community_reported,chainabuse_sitemap,reported,,
0xC092D93795ED6610ECfA9D454d534aF3E029375B,ETH,community_reported,chainabuse_sitemap,reported,,
0xC0C4E89349ddfa56BEb776C29B42CBe3e121C5c2,ETH,community_reported,chainabuse_sitemap,reported,,
0xC0E319D2f703546c50cFc59DEC8d6e73a040ECb1,ETH,community_reported,chainabuse_sitemap,reported,,
0xC0f2703d8E604B5AC8eEB8DB0360ABD82dD6354d,ETH,community_reported,chainabuse_sitemap,reported,,
0xC1F60936569Dd970b6cE6222154A01d66e672309,ETH,community_reported,chainabuse_sitemap,reported,,
0xC217e6e09474e10584963979B5e95ba997de508A,ETH,community_reported,chainabuse_sitemap,reported,,
0xC422fCf04eDd6502CC41583c003a959210653807,ETH,community_reported,chainabuse_sitemap,reported,,
0xC43B1f4E7E47bE5D5663C3B26E4FB3fE7e217f90,ETH,community_reported,chainabuse_sitemap,reported,,
0xC471Df5418E2f07cF3C6DDDda653BBB60508B192,ETH,community_reported,chainabuse_sitemap,reported,,
0xC4B0E6CF56e76e831e13d197705b4Ce05c472DDc,ETH,community_reported,chainabuse_sitemap,reported,,
0xC689a68e44cFCaca9C2B0E5A80c15639427B11b5,ETH,community_reported,chainabuse_sitemap,reported,,
0xC69FdC49c168F21F7fD2265d05c7a9691A9ddf83,ETH,community_reported,chainabuse_sitemap,reported,,
0xC78a268dbd56cC468B46163EebC3d3611fD6F896,ETH,community_reported,chainabuse_sitemap,reported,,
0xC7B5418aBA0d7731e1965670b9A51049F7A2f31c,ETH,community_reported,chainabuse_sitemap,reported,,
0xC8a65Fadf0e0dDAf421F28FEAb69Bf6E2E589963,ETH,community_reported,chainabuse_sitemap,reported,,
0xC9D7CC5D224119C6A563a2Aa2c5a49ebC97444D7,ETH,community_reported,chainabuse_sitemap,reported,,
0xCA14cA3048c3900bf8c5BCd2f8Ef67C6aab4fA50,ETH,community_reported,chainabuse_sitemap,reported,,
0xCA67615bb9a9Cc093E13deE3dE1CA55B55AB3586,ETH,community_reported,chainabuse_sitemap,reported,,
0xCAD74065587D6D3eD2299Fb120FbCB9f48aD5cCd,ETH,community_reported,chainabuse_sitemap,reported,,
0xCB36b1ee0Af68Dce5578a487fF2Da81282512233,ETH,community_reported,chainabuse_sitemap,reported,,
0xCBca87Bc35A9a4d6541f4E1286f263E38B808641,ETH,community_reported,chainabuse_sitemap,reported,,
0xCC8b4a9430908bB57014d4962632b25B744FC329,ETH,community_reported,chainabuse_sitemap,reported,,
0xCFfE7b00ab86ccb3EC2074571E57E64A6064bd44,ETH,community_reported,chainabuse_sitemap,reported,,
0xCc3EE5Ab82949e84132E790E63a4105B9b599823,ETH,community_reported,chainabuse_sitemap,reported,,
0xCe5A0059A22f961628C42B75A068924af35Bde74,ETH,community_reported,chainabuse_sitemap,reported,,
0xCeE42a0FF485Aca1F81ec6012cB7ccdB0C21c7a5,ETH,community_reported,chainabuse_sitemap,reported,,
0xCeb98dAEB5bc30902588382cB046C2024760186F,ETH,community_reported,chainabuse_sitemap,reported,,
0xD00137Ac92d29c8AeFd905a329149f207cC5ba7f,ETH,community_reported,chainabuse_sitemap,reported,,
0xD01Ae1A708614948B2B5e0B7AB5be6AFA01325c7,ETH,community_reported,chainabuse_sitemap,reported,,
0xD026297f5C02B1BB0120752De0D73dA253635197,ETH,community_reported,chainabuse_sitemap,reported,,
0xD13c7342e1ef687C5ad21b27c2b65D772cAb5C8c,ETH,community_reported,chainabuse_sitemap,reported,,
0xD23E368689ad3FaBa1817D220A56068e9527B600,ETH,community_reported,chainabuse_sitemap,reported,,
0xD27b89B384Ef33EB17F6D98AfD98A47332543664,ETH,community_reported,chainabuse_sitemap,reported,,
0xD28A956CFfC85900A6f22Dd7D38D77a68fAA8d28,ETH,community_reported,chainabuse_sitemap,reported,,
0xD2DE285bfF16440977e6B529B3a79C55130193A8,ETH,community_reported,chainabuse_sitemap,reported,,
0xD3888a7E6D6A05c6b031F05DdAF3D3dCaB92FC5B,ETH,community_reported,chainabuse_sitemap,reported,,
0xD3DD1435d892bc8A67B671B99706dD42Eb651fE3,ETH,community_reported,chainabuse_sitemap,reported,,
0xD543F7fCBc661C36801b1D318CA3A6Bd8c50609D,ETH,community_reported,chainabuse_sitemap,reported,,
0xD698402c42e07EAEC5d6847A470e5758DB823827,ETH,community_reported,chainabuse_sitemap,reported,,
0xD6c2726efa2f71DE1e27410992C5fC68526d9576,ETH,community_reported,chainabuse_sitemap,reported,,
0xD70441ee7f45E4eE48E21031Ab6796D18C772DC0,ETH,community_reported,chainabuse_sitemap,reported,,
0xD78Ac8184F24a1862a0f75406139b7d7B7971e32,ETH,community_reported,chainabuse_sitemap,reported,,
0xD88e1C6EC0a2479258A6d2aB59D9Ae5F2874bC44,ETH,community_reported,chainabuse_sitemap,reported,,
0xD9480d925e283ebFAC31877c5dDbD978185dfF72,ETH,community_reported,chainabuse_sitemap,reported,,
0xD97F212c69c03F7dce5E56C380F1694E3101ea77,ETH,community_reported,chainabuse_sitemap,reported,,
0xDB166D515EB187ec35a54aF33592d84D5B8Ef1Ff,ETH,community_reported,chainabuse_sitemap,reported,,
0xDC44732f336e577115d4203EA52f246C8a5cBEb5,ETH,community_reported,chainabuse_sitemap,reported,,
0xDCbA4503479923962994CbAac50BbBF30A00D2e9,ETH,community_reported,chainabuse_sitemap,reported,,
0xDD9c12a66E7E280ded99923f9aAC63d87c7977b0,ETH,community_reported,chainabuse_sitemap,reported,,
0xDDC91a05023656B7Af029f99eFc4B346F1f6D7c7,ETH,community_reported,chainabuse_sitemap,reported,,
0xDa4a0b4824F123F2B2DAaF02C50c60dd26F5304F,ETH,community_reported,chainabuse_sitemap,reported,,
0xDd52CE617cAF1b7C8cEaCC111DE2f1c54E20C1b0,ETH,community_reported,chainabuse_sitemap,reported,,
0xDe2c31C9728aC89EC53F744E2f6e87AFBB4545d7,ETH,community_reported,chainabuse_sitemap,reported,,
0xE0E02e88AdB4d4eaa5cb2952842cd3C76571831A,ETH,community_reported,chainabuse_sitemap,reported,,
0xE106564b0A0b0249D4400d05EA2C5a7613B94343,ETH,community_reported,chainabuse_sitemap,reported,,
0xE14d4b9473115622668838521B6715985035a395,ETH,community_reported,chainabuse_sitemap,reported,,
0xE29894DA1d40BB9E55CE25A24617F7B83e72e5C1,ETH,community_reported,chainabuse_sitemap,reported,,
0xE29A07002C7Be4299b51a2892799Cc4A372994dD,ETH,community_reported,chainabuse_sitemap,reported,,
0xE2D26507981A4dAaaA8040bae1846C14E0Fb56bF,ETH,community_reported,chainabuse_sitemap,reported,,
0xE3eA94f2d20deEA8d93573922e5A2e2eCd707D0d,ETH,community_reported,chainabuse_sitemap,reported,,
0xE4182E57EEb29FBc2B3469e45C9e385CEa8995AB,ETH,community_reported,chainabuse_sitemap,reported,,
0xE434eF8F760F03554A9eD8a5c91D031011d768d8,ETH,community_reported,chainabuse_sitemap,reported,,
0xE4eCb6c45Bc8fda0472f57a981bA9682fee191cB,ETH,community_reported,chainabuse_sitemap,reported,,
0xE51649f91af766F6A60e9479E8a8DD3a884806bC,ETH,community_reported,chainabuse_sitemap,reported,,
0xE552133Cc829A7F7e98e349763fAC7aB0F3828b0,ETH,community_reported,chainabuse_sitemap,reported,,
0xE56d461F957bB0e81AB6d1c15926Cd9653Aa6333,ETH,community_reported,chainabuse_sitemap,reported,,
0xE5c783EE536cf5E63E792988335c4255169be4E1,ETH,community_reported,chainabuse_sitemap,reported,,
0xE5e5a2926b282A9b19015b212cF2974bdF5BBa08,ETH,community_reported,chainabuse_sitemap,reported,,
0xE75b678E34352333E8C76ce0f5FEAf0343a725A9,ETH,community_reported,chainabuse_sitemap,reported,,
0xE80C0cd204D654CEbe8dd64A4857cAb6Be8345a3,ETH,community_reported,chainabuse_sitemap,reported,,
0xE8428667c18e07F346259bFA41a1475FED00670D,ETH,community_reported,chainabuse_sitemap,reported,,
0xEA34139606F042058C07Ebd1e492f7133C11F432,ETH,community_reported,chainabuse_sitemap,reported,,
0xED6F630C0829cB786d8c83AA51Eb611143708Ec3,ETH,community_reported,chainabuse_sitemap,reported,,
0xEFa1aA32976E3f19Da5E649FdeEC77b72469bfB3,ETH,community_reported,chainabuse_sitemap,reported,,
0xEa72ce516f04e759D1C1DDa605801247fbD53D0e,ETH,community_reported,chainabuse_sitemap,reported,,
0xEc90B539173AD7F16164FE80854eE5Ada020879f,ETH,community_reported,chainabuse_sitemap,reported,,
0xEcbE385F78041895c311070F344b55BfAa953258,ETH,community_reported,chainabuse_sitemap,reported,,
0xEda5066780dE29D00dfb54581A707ef6F52D8113,ETH,community_reported,chainabuse_sitemap,reported,,
0xEdf73027791F2cF3B040c1fCE3E1C87d35Ad1983,ETH,community_reported,chainabuse_sitemap,reported,,
0xEe33902b81eb4b4A6988EB4Ebbf7E9A72fd2E0B6,ETH,community_reported,chainabuse_sitemap,reported,,
0xEe53E3013Cd58c950987BbE741c223ed5FbF111B,ETH,community_reported,chainabuse_sitemap,reported,,
0xF0907d197D4D7f02E012CdaA375a5b0a0F1c9e81,ETH,community_reported,chainabuse_sitemap,reported,,
0xF11C27eC3Ea15E14e352c3E28ADa4087cEEb1425,ETH,community_reported,chainabuse_sitemap,reported,,
0xF2000037A148Ea53d3f9c24f3B8607C847B60091,ETH,community_reported,chainabuse_sitemap,reported,,
0xF23653FedA01962D0A99F3E88d9304944203c41a,ETH,community_reported,chainabuse_sitemap,reported,,
0xF267Ae74488dbD881A4C4fBc3B775AC94d92B546,ETH,community_reported,chainabuse_sitemap,reported,,
0xF305F6073CFa24f05FF15CA5b387DD91f871b983,ETH,community_reported,chainabuse_sitemap,reported,,
0xF3b0E34b86CCd3C7Fd57bC52473df3367fc96A16,ETH,community_reported,chainabuse_sitemap,reported,,
0xF3b87938cc132833670DC3463fAC19656F3c7425,ETH,community_reported,chainabuse_sitemap,reported,,
0xF5c643cED019Cf5ac4D2106F8E44AEf770445113,ETH,community_reported,chainabuse_sitemap,reported,,
0xF5fCd49311CFE6C86F576b55c6f89C74Af34d7fb,ETH,community_reported,chainabuse_sitemap,reported,,
0xF6A24E145108d2399f41FD51A9fefD1e083753CE,ETH,community_reported,chainabuse_sitemap,reported,,
0xF79B5d185DfFb12fF9724ead8b558AFCDdd91078,ETH,community_reported,chainabuse_sitemap,reported,,
0xF816E499AEB017b112F7d64893Fb505b1a523276,ETH,community_reported,chainabuse_sitemap,reported,,
0xF8F0B489FA4FbcdFad207F1CC3f881Bd3Ff73f0C,ETH,community_reported,chainabuse_sitemap,reported,,
0xF919aa7B84C9E1fDbAbe6dDE66feE9D687697D66,ETH,community_reported,chainabuse_sitemap,reported,,
0xF99e5F80486426E7d3e3921269FFee9c2Da258e2,ETH,community_reported,chainabuse_sitemap,reported,,
0xF9C12BD715Df34c7850766A48178648AC0cB200d,ETH,community_reported,chainabuse_sitemap,reported,,
0xF9F4F92281Bf47BD72c6F578F93389f367f0291e,ETH,community_reported,chainabuse_sitemap,reported,,
0xFA413abaa47901005643a32eC338972c3ca59B99,ETH,community_reported,chainabuse_sitemap,reported,,
0xFC6682db7e9F57882E8b18Ebc9ADC7A19f770494,ETH,community_reported,chainabuse_sitemap,reported,,
0xFDe52C481A11F06C1ED36C3e88E75DE1176770b7,ETH,community_reported,chainabuse_sitemap,reported,,
0xFE852aFB02CBaEe6d409952E2d357883c82af0e5,ETH,community_reported,chainabuse_sitemap,reported,,
0xFcBED20837BB250A27342A125Ac78B4747d50082,ETH,community_reported,chainabuse_sitemap,reported,,
0xFd947851bAa8f701871A8bb57CB82cdd64325AA8,ETH,community_reported,chainabuse_sitemap,reported,,
0xFeDC2487Ed4BB740A268c565daCdD39C17Be7eBd,ETH,community_reported,chainabuse_sitemap,reported,,
0xa020a96544cb648142fe99bcf191f3d588b0a4af,ETH,community_reported,chainabuse_sitemap,reported,,
0xa089d5986F15C4549577Ab6D52e81ce893C72697,ETH,community_reported,chainabuse_sitemap,reported,,
0xa091e54c29a5d56ba9d0a27f6d0cccbb3addea91,ETH,community_reported,chainabuse_sitemap,reported,,
0xa09871AEadF4994Ca12f5c0b6056BBd1d343c029,ETH,community_reported,chainabuse_sitemap,reported,,
0xa09871aeadf4994ca12f5c0b6056bbd1d343c029,ETH,community_reported,chainabuse_sitemap,reported,,
0xa0E62198f43eaa54DBfb61363dC4Ee81381f8aB9,ETH,community_reported,chainabuse_sitemap,reported,,
0xa0acc61547f6bd066f7c9663c17a312b6ad7e187,ETH,community_reported,chainabuse_sitemap,reported,,
0xa0b86991c6218b36c1d19d4a2e9eb0ce3606eb48,ETH,community_reported,chainabuse_sitemap,reported,,
0xa0c7BD318D69424603CBf91e9969870F21B8ab4c,ETH,community_reported,chainabuse_sitemap,reported,,
0xa0eedd6ac3887d8ba9031eda76daa5f6ed2239ca,ETH,community_reported,chainabuse_sitemap,reported,,
0xa10d8a7caE8Dae8019Daa64095f309716264EbcA,ETH,community_reported,chainabuse_sitemap,reported,,
0xa14c28d19007da81bc0de5be416cba0ca5961e0c,ETH,community_reported,chainabuse_sitemap,reported,,
0xa190e531a5eeb31782409807a3719f2cd0507273,ETH,community_reported,chainabuse_sitemap,reported,,
0xa1e43fcb51656354931d47458eceadbc6545df57,ETH,community_reported,chainabuse_sitemap,reported,,
0xa26DC400d31D062360c309e470880cbdA5080003,ETH,community_reported,chainabuse_sitemap,reported,,
0xa30273b4c1dd101a48a2d8fcbb1124bb673f5184,ETH,community_reported,chainabuse_sitemap,reported,,
0xa31132c08a98a4cf7535d71d2766088ef9abe4b3,ETH,community_reported,chainabuse_sitemap,reported,,
0xa31f89ad05972ea7fae89e67088e46cf4cc0a195,ETH,community_reported,chainabuse_sitemap,reported,,
0xa32fa46906316611eaedccedb926c4009c78054a,ETH,community_reported,chainabuse_sitemap,reported,,
0xa33adedbf6f89f6aa008e790ce0ffa0d076db20e,ETH,community_reported,chainabuse_sitemap,reported,,
0xa342A1904b6FC4d659B7dAE30FcA2e87EF2F154A,ETH,community_reported,chainabuse_sitemap,reported,,
0xa3a406da713a23106459712B45645ac27C84Ff72,ETH,community_reported,chainabuse_sitemap,reported,,
0xa3dfbb94def10b4721513bade23ebe61f4772eac,ETH,community_reported,chainabuse_sitemap,reported,,
0xa43bfbe91f057fabfeafbd696e791a539c3fa6f0,ETH,community_reported,chainabuse_sitemap,reported,,
0xa52614349a5dbb907f84f9aaea68d4357fe493fe,ETH,community_reported,chainabuse_sitemap,reported,,
0xa535d0fdc9db833ee4e82132f5768eec05aeab1a,ETH,community_reported,chainabuse_sitemap,reported,,
0xa5f644E28C5B2C726d7bf93DD95446BFcDDafC9e,ETH,community_reported,chainabuse_sitemap,reported,,
0xa6964e26b6e49510934164ceab2dd73fd397509f,ETH,community_reported,chainabuse_sitemap,reported,,
0xa7a30830B1dF1347dE54773b6150f89BE5284dDf,ETH,community_reported,chainabuse_sitemap,reported,,
0xa7a5594faa2b0344b6b5871b808196d857ab1c34,ETH,community_reported,chainabuse_sitemap,reported,,
0xa8189407A37001260975b9dA61a81c3Bd9F55908,ETH,community_reported,chainabuse_sitemap,reported,,
0xa8189c566c8b602e23b016da819c11dae50160d6,ETH,community_reported,chainabuse_sitemap,reported,,
0xa82a02c4a754f5c9564a17760799a794a39847aa,ETH,community_reported,chainabuse_sitemap,reported,,
0xa8aaed26ca4e3a401f1fb7ea1ac56253b946e031,ETH,community_reported,chainabuse_sitemap,reported,,
0xa8b32e9054487c5f56a139e5f37a2b4b4543b3af,ETH,community_reported,chainabuse_sitemap,reported,,
0xa8c2bc23c4d51642c7c8767e1d2d6647f7281317,ETH,community_reported,chainabuse_sitemap,reported,,
0xa8cc612ecb2e853d3a882b0f9cf5357c2d892adb,ETH,community_reported,chainabuse_sitemap,reported,,
0xa97870f8ab4c0b739893b87c2b1dd6d4dc9e5ed5,ETH,community_reported,chainabuse_sitemap,reported,,
0xa98e2D07895E6Fd1012aFC7fBDad0340071F678C,ETH,community_reported,chainabuse_sitemap,reported,,
0xa997D04e2F301196f08ea30aec2883bA9F34B8eD,ETH,community_reported,chainabuse_sitemap,reported,,
0xa9Ef46b6C863b7D81B6F1bcD4CFe9E50275aA197,ETH,community_reported,chainabuse_sitemap,reported,,
0xa9bf70a420d364e923c74448d9d817d3f2a77822,ETH,community_reported,chainabuse_sitemap,reported,,
0xa9e18515982e3e4fa4ef0942f93953d90551bec6,ETH,community_reported,chainabuse_sitemap,reported,,
0xaB667563D81Ab99CD3a613622686c93177B07846,ETH,community_reported,chainabuse_sitemap,reported,,
0xaB9a4145006c37299C86b351B3c400cE2eC85D41,ETH,community_reported,chainabuse_sitemap,reported,,
0xaC8f8A4f693C6BeF022D31936FB75e12172EFAa3,ETH,community_reported,chainabuse_sitemap,reported,,
0xaD7F0A2427F93BC8FC178A73Ae0d2D188682884F,ETH,community_reported,chainabuse_sitemap,reported,,
0xaE7A2ba1B66Fb59b65E709a12FEb06c0BA134Abb,ETH,community_reported,chainabuse_sitemap,reported,,
0xaE9ea4638c582F8797C922Cd991F815a4e16c48E,ETH,community_reported,chainabuse_sitemap,reported,,
0xaFb68d6bb75989e36C7F5A621BafdaA7A48284FA,ETH,community_reported,chainabuse_sitemap,reported,,
0xaa923cd02364bb8a4c3d6f894178d2e12231655c,ETH,community_reported,chainabuse_sitemap,reported,,
0xaada6e18924155bf140e6c9c26ed7ab8301d338f,ETH,community_reported,chainabuse_sitemap,reported,,
0xabdc2823a7c94c00802ea22ec7073dbc07f039de,ETH,community_reported,chainabuse_sitemap,reported,,
0xac2304e22e016046dbc57afce287eabce5d4f18b,ETH,community_reported,chainabuse_sitemap,reported,,
0xace2d948fc7ea3bc49eee5526786d66d19bc470e,ETH,community_reported,chainabuse_sitemap,reported,,
0xacfdbe512380096a213a891b00a7c7a6221a0f45,ETH,community_reported,chainabuse_sitemap,reported,,
0xacfe122d4daff85d4d06abce904013de38c04760,ETH,community_reported,chainabuse_sitemap,reported,,
0xad1e1f80689c7e53d0febf1b435f24545dc071cf,ETH,community_reported,chainabuse_sitemap,reported,,
0xad6c91fea5f2cf39edb6d0dac6ca6d492d686b5e,ETH,community_reported,chainabuse_sitemap,reported,,
0xad7FDf56ba90028e3ad3096E4b2f7897eB889eCf,ETH,community_reported,chainabuse_sitemap,reported,,
0xad998307448674651f2c8a1a59b8f50256533c40,ETH,community_reported,chainabuse_sitemap,reported,,
0xae1c0ccf078728520602338626cd1ac4689764d0,ETH,community_reported,chainabuse_sitemap,reported,,
0xae73c048bB64114d007080650435DB634e76A720,ETH,community_reported,chainabuse_sitemap,reported,,
0xae855cc58d6d864f7332fc1abce9040e425f931c,ETH,community_reported,chainabuse_sitemap,reported,,
0xafad9352eb6bcd085dd68268d353d0ed2571af89,ETH,community_reported,chainabuse_sitemap,reported,,
0xb03e5AcbF8E84C5Ee06B369bD6A8DD9afC3433a0,ETH,community_reported,chainabuse_sitemap,reported,,
0xb057ac84fdaf9274182bc94c9e57fccc51fed946,ETH,community_reported,chainabuse_sitemap,reported,,
0xb18C4Adf1Df0679ddb9eEd0ae1a02F58550BC668,ETH,community_reported,chainabuse_sitemap,reported,,
0xb2016edc04236866e81138b7aa68bd1bcc2cb4bd,ETH,community_reported,chainabuse_sitemap,reported,,
0xb209becee519a7f7fef1b5c97277d7f3df0a75c9,ETH,community_reported,chainabuse_sitemap,reported,,
0xb22ae5aefe700b794aEd46d8cF6DB0Bed0727608,ETH,community_reported,chainabuse_sitemap,reported,,
0xb23095243A8768D2d6278b54acDDFE8E58B386F8,ETH,community_reported,chainabuse_sitemap,reported,,
0xb24fDAfc7b29010A645988b68Aef8a56F17e99a1,ETH,community_reported,chainabuse_sitemap,reported,,
0xb2931381b0db1CD7D0Aa08B8836748B2A10E1f8F,ETH,community_reported,chainabuse_sitemap,reported,,
0xb2a8b37b1fc3fc0c41ec7d72adcfd47bf85f34c0,ETH,community_reported,chainabuse_sitemap,reported,,
0xb2eebe4bc96cef16e0964a3575ab5b82559162ab,ETH,community_reported,chainabuse_sitemap,reported,,
0xb3065fE2125C413E973829108F23E872e1DB9A6b,ETH,community_reported,chainabuse_sitemap,reported,,
0xb3109dcc53Ed67b00351105d97fa93eab5cB3f66,ETH,community_reported,chainabuse_sitemap,reported,,
0xb362c4b2121c21a591c38747d01b8c48a2197bbe,ETH,community_reported,chainabuse_sitemap,reported,,
0xb3743206c391d71D5234D349c456502d74547805,ETH,community_reported,chainabuse_sitemap,reported,,
0xb3De47DC1cd956fD54B7c2Cdab7debfc6570C417,ETH,community_reported,chainabuse_sitemap,reported,,
0xb3d81deffd7b921689408823ce8818ade1f61e18,ETH,community_reported,chainabuse_sitemap,reported,,
0xb452e9F6b861fa8f916D741745839c40cE4131f0,ETH,community_reported,chainabuse_sitemap,reported,,
0xb453f1ba40925ffd9aa2417434fcd2f6eff35eb8,ETH,community_reported,chainabuse_sitemap,reported,,
0xb49dcb0036b03FE13480BF9d55C9694f225bDB2e,ETH,community_reported,chainabuse_sitemap,reported,,
0xb4ef0a8f7e1fa45cd3f1cadfd70c4a67c0b06c06,ETH,community_reported,chainabuse_sitemap,reported,,
0xb526d459633ef674135ac91967a734746faa3637,ETH,community_reported,chainabuse_sitemap,reported,,
0xb531c9fd5cd3119f9e33c4a9ee4844798e0de87a,ETH,community_reported,chainabuse_sitemap,reported,,
0xb5a0ef99a08af33fdf019d242f3aaa96f271b4cf,ETH,community_reported,chainabuse_sitemap,reported,,
0xb5c55f76f90cc528b2609109ca14d8d84593590e,ETH,community_reported,chainabuse_sitemap,reported,,
0xb624E2b10b84a41687caeC94BDd484E48d76B212,ETH,community_reported,chainabuse_sitemap,reported,,
0xb6E3a0E6F0365eFb578426524CA63D3dA29Ec9e6,ETH,community_reported,chainabuse_sitemap,reported,,
0xb6EE99f40AbA0454fF8B5e79Bd4a7E0Cf44529b6,ETH,community_reported,chainabuse_sitemap,reported,,
0xb6ce13095d41ed4ae9ea530454707d0c98c2e169,ETH,community_reported,chainabuse_sitemap,reported,,
0xb713f9b19244b42b5d90566b1e61db913f6aae49,ETH,community_reported,chainabuse_sitemap,reported,,
0xb77D4f4590eCeb77920a6dd94FDFE968de6aC5eE,ETH,community_reported,chainabuse_sitemap,reported,,
0xb79b3a831fb7dcd8e1fb5aca99d8b91d006e017b,ETH,community_reported,chainabuse_sitemap,reported,,
0xb7CBB4d43F1e08327A90B32A8417688C9D0B800a,ETH,community_reported,chainabuse_sitemap,reported,,
0xb7c8d69703289bdaf21d7a419b7af95b32d8ca40,ETH,community_reported,chainabuse_sitemap,reported,,
0xb812adc831ed0b5a3f4c7980ad237c6b989cfaf0,ETH,community_reported,chainabuse_sitemap,reported,,
0xb856cc3aFC1cdc9C67989Ad89747D6D1982611a9,ETH,community_reported,chainabuse_sitemap,reported,,
0xb87A938eAe9425db9F0F802B66362AA0b88e1ABB,ETH,community_reported,chainabuse_sitemap,reported,,
0xb88A8697Eee4d9C7B5091649E8Fc955A675b7570,ETH,community_reported,chainabuse_sitemap,reported,,
0xb8acaae97f2b7579b666cb62dfc1b4ec8ac605ec,ETH,community_reported,chainabuse_sitemap,reported,,
0xb8dc28ef660b26204e5be5366e927b70fd988a08,ETH,community_reported,chainabuse_sitemap,reported,,
0xb913aa79a0365bc4d30c217ae2916e6e2c44c882,ETH,community_reported,chainabuse_sitemap,reported,,
0xb918b3d2bfaf0affa9fecfe7e8fc70468a144252,ETH,community_reported,chainabuse_sitemap,reported,,
0xb97e029b24f106014362fa7ac4bb06a091a5bef7,ETH,community_reported,chainabuse_sitemap,reported,,
0xb9ae2624ab08661f010185d72dd506e199e67c09,ETH,community_reported,chainabuse_sitemap,reported,,
0xbCEaA0040764009fdCFf407e82Ad1f06465fd2C4,ETH,community_reported,chainabuse_sitemap,reported,,
0xbE03BC41e09809935EeB492a0eb170f92a5ec594,ETH,community_reported,chainabuse_sitemap,reported,,
0xbE0fABBE1f83CAA1c32257Ec8d0Da44Db330E0F9,ETH,community_reported,chainabuse_sitemap,reported,,
0xbE118F813D78327ceAC206C12b59b2C0487E4060,ETH,community_reported,chainabuse_sitemap,reported,,
0xbE97830F4f2A4d79B5ba0A18a2D23Db6450ea63a,ETH,community_reported,chainabuse_sitemap,reported,,
0xbED2fcEE0088d3692579aF3c5d7CE39068d1a697,ETH,community_reported,chainabuse_sitemap,reported,,
0xbFb7840e8B89248257cf1B6c7175A8d5db777EAa,ETH,community_reported,chainabuse_sitemap,reported,,
0xbFf2D5d4e5a4A7B1859AC5eDB010FdAfE4ea92a8,ETH,community_reported,chainabuse_sitemap,reported,,
0xba5ed1488be60ba2facc6b66c6d6f0befba22ebe,ETH,community_reported,chainabuse_sitemap,reported,,
0xbaf331f090320502380ea975562c0c72e2da3c85,ETH,community_reported,chainabuse_sitemap,reported,,
0xbb3fd383d1c5540e52ef0a7bcb9433375793aeaf,ETH,community_reported,chainabuse_sitemap,reported,,
0xbb42f789b39af41b796f6C28D4c4aa5aCE389d8A,ETH,community_reported,chainabuse_sitemap,reported,,
0xbb45ecda8a2c6fadfb7333972c50ae372f8ee36b,ETH,community_reported,chainabuse_sitemap,reported,,
0xbb76f621a16718f35785ca61a376dad2f5074508,ETH,community_reported,chainabuse_sitemap,reported,,
0xbb8b7e9a870fbc22ce4b543fc3a43445fbf9097f,ETH,community_reported,chainabuse_sitemap,reported,,
0xbbaf06963400ebd9dbd699956a45ba745ea2fe94,ETH,community_reported,chainabuse_sitemap,reported,,
0xbbfd8041ebde22a7f3e19600b4bab4925cc97f7d,ETH,community_reported,chainabuse_sitemap,reported,,
0xbc06dc1e1787c60390fe8b6cb68c96910ca7f39a,ETH,community_reported,chainabuse_sitemap,reported,,
0xbc089427c8cca8734abc690efccbe82725ea720c,ETH,community_reported,chainabuse_sitemap,reported,,
0xbc25d57412a04956CDD95AF07825C5C1F34d29eb,ETH,community_reported,chainabuse_sitemap,reported,,
0xbc2f286ead41acf369c03d1f1cdf70f201bb0fbc,ETH,community_reported,chainabuse_sitemap,reported,,
0xbcDB800D77ccAAc6597830b026d6af78A1118f42,ETH,community_reported,chainabuse_sitemap,reported,,
0xbcfdd99c2456aeaccaadc5f323c84862a9e0bc8b,ETH,community_reported,chainabuse_sitemap,reported,,
0xbd028194e956a536c20230d129c2ccb6096efab3,ETH,community_reported,chainabuse_sitemap,reported,,
0xbd9683AcF5721Dc3Fe27931093F55A8645A9ee89,ETH,community_reported,chainabuse_sitemap,reported,,
0xbdb8bcc25ad1f621a0e0fd2f39fb12284783542e,ETH,community_reported,chainabuse_sitemap,reported,,
0xbdd291c596e132767227efaac5f267341bd9e839,ETH,community_reported,chainabuse_sitemap,reported,,
0xbdd56e9DD2ACe43699DC40C01DE6051aD0A93335,ETH,community_reported,chainabuse_sitemap,reported,,
0xbdde0207f594797ad28bdcc835c1389200313490,ETH,community_reported,chainabuse_sitemap,reported,,
0xbe401896658fb7339762E8146Db072bdE126A55f,ETH,community_reported,chainabuse_sitemap,reported,,
0xbe6523c29aa175b9ce1fcd938f971dba5e368e28,ETH,community_reported,chainabuse_sitemap,reported,,
0xbef8e8475F72a8E01A62088C157AA0A59F280548,ETH,community_reported,chainabuse_sitemap,reported,,
0xbf293d5138a2a1ba407b43672643434c43827179,ETH,community_reported,chainabuse_sitemap,reported,,
0xbf3227fde241cf0cff652f8c4bfc99724140e7b6,ETH,community_reported,chainabuse_sitemap,reported,,
0xbf885c52e954f15a8f660c03b9008628b4f360c0,ETH,community_reported,chainabuse_sitemap,reported,,
0xbfa9759889f7628f8b67bb6dda47dfbb78c1a501,ETH,community_reported,chainabuse_sitemap,reported,,
0xbfc4664c36ff3cc632fdac143d8e546c4dd7e4d5,ETH,community_reported,chainabuse_sitemap,reported,,
0xc0421d0783ef0a2266edb3043af5ceef275fa627,ETH,community_reported,chainabuse_sitemap,reported,,
0xc0bdda91decbdec90c2464567b13038fa00e8ffb,ETH,community_reported,chainabuse_sitemap,reported,,
0xc123cda2fe562b622f5656692175386cb02d8ea7,ETH,community_reported,chainabuse_sitemap,reported,,
0xc19B54710c8B4f46f3ec23BECD9e8AC383C1D49a,ETH,community_reported,chainabuse_sitemap,reported,,
0xc1d4b3eef3843e8807654f7cdc8935fd77486a31,ETH,community_reported,chainabuse_sitemap,reported,,
0xc200740847f6e9A16fA185925Ed66f64eCc1d449,ETH,community_reported,chainabuse_sitemap,reported,,
0xc255bbf72691f6363c7f96e475f48786e62de4c5,ETH,community_reported,chainabuse_sitemap,reported,,
0xc3205702a9E793D6a23d1bB19F5531632eF0b768,ETH,community_reported,chainabuse_sitemap,reported,,
0xc36b86fbb2c6ae3baf7e987ebd22ab6bc2a19137,ETH,community_reported,chainabuse_sitemap,reported,,
0xc3a3bfbae5732e1abe77d846925c83ab1a1ae432,ETH,community_reported,chainabuse_sitemap,reported,,
0xc3bc2a4791e82101c9de66365455e72685f9526f,ETH,community_reported,chainabuse_sitemap,reported,,
0xc3ed1a3672ae93345e37ff15d39ffa9f97c380d4,ETH,community_reported,chainabuse_sitemap,reported,,
0xc433D50DD0614c81EE314289eC82Aa63710D25e8,ETH,community_reported,chainabuse_sitemap,reported,,
0xc4F2b7795E9F66AEa59e371988D44bDaf910a75B,ETH,community_reported,chainabuse_sitemap,reported,,
0xc4d2897c72549450295f81e9acf50aca06623231,ETH,community_reported,chainabuse_sitemap,reported,,
0xc5602b6d8F56a145779495d0e21685d5d99c4907,ETH,community_reported,chainabuse_sitemap,reported,,
0xc59D46Ce32D8652536b5aE96DED0242E04923FD6,ETH,community_reported,chainabuse_sitemap,reported,,
0xc59ef925b947473b85b85f7583d29487ee2e8620,ETH,community_reported,chainabuse_sitemap,reported,,
0xc60d2852b61ff008310cd0b1ef3ad4e12b32d01b,ETH,community_reported,chainabuse_sitemap,reported,,
0xc611952d81e4ecbd17c8f963123dec5d7bce1c27,ETH,community_reported,chainabuse_sitemap,reported,,
0xc61429117038A1f13881DD7410B80771F28e06ec,ETH,community_reported,chainabuse_sitemap,reported,,
0xc62a0781934744e05927ceabb94a3043cdcfea89,ETH,community_reported,chainabuse_sitemap,reported,,
0xc70652ee438f4a3c234b568fc35f9d918f21e62c,ETH,community_reported,chainabuse_sitemap,reported,,
0xc7511CcAB1E33eeb454854a3Fa545A034B5D9Bb2,ETH,community_reported,chainabuse_sitemap,reported,,
0xc7742928838bff39e399945682e0a96a1abb9e1f,ETH,community_reported,chainabuse_sitemap,reported,,
0xc7B5951cc6c9eAa086B0e38804a35Da3358A81B1,ETH,community_reported,chainabuse_sitemap,reported,,
0xc7b20dc1e847edfb5adfc46084f2b290351ec77c,ETH,community_reported,chainabuse_sitemap,reported,,
0xc7bbd917aa82e919822270a8abdcacc051fcafeb,ETH,community_reported,chainabuse_sitemap,reported,,
0xc7dcb9390f8c524dac27e354f4d342d60db36e5d,ETH,community_reported,chainabuse_sitemap,reported,,
0xc86EAF855709D7dB2adFB2f91b55C1ff9D97d992,ETH,community_reported,chainabuse_sitemap,reported,,
0xc8a65fadf0e0ddaf421f28feab69bf6e2e589963,ETH,community_reported,chainabuse_sitemap,reported,,
0xc8a660e648756bf24c065321d55a315f1fb3b7bc,ETH,community_reported,chainabuse_sitemap,reported,,
0xc8b759860149542a98a3eb57c14aadf59d6d89b9,ETH,community_reported,chainabuse_sitemap,reported,,
0xc8e1C269d2C0754777c500A1af7235B55a570C34,ETH,community_reported,chainabuse_sitemap,reported,,
0xc91acb2991c2528e2ce5cbb9e83059ccdadfc00d,ETH,community_reported,chainabuse_sitemap,reported,,
0xc92a4441bb0371253de99cea83200b2e866be531,ETH,community_reported,chainabuse_sitemap,reported,,
0xc939059aa6c9a7a3b69b21280a19374db5ed0147,ETH,community_reported,chainabuse_sitemap,reported,,
0xc983f037a25d98e85e3094160cf98ae43e22681e,ETH,community_reported,chainabuse_sitemap,reported,,
0xc9ca30b4b7Dc3f2d9f3A618ba411c049d2f5fCe6,ETH,community_reported,chainabuse_sitemap,reported,,
0xc9d36a86e10f9565313026f1fb786943cebae242,ETH,community_reported,chainabuse_sitemap,reported,,
0xcA86010BEd5F5D50DEaB2793dC9CAFDa5145052c,ETH,community_reported,chainabuse_sitemap,reported,,
0xcBa47af0547d12FB6B59c105835fAB6b2FBC22Ed,ETH,community_reported,chainabuse_sitemap,reported,,
0xcBf5AC387a519b7e07603bFA5D6a98e8f2AFAa89,ETH,community_reported,chainabuse_sitemap,reported,,
0xcD8C517C77527C35e4835645E3647F6B25A524BA,ETH,community_reported,chainabuse_sitemap,reported,,
0xcE1F4B4F17224ec6df16Eeb1e3e5321c54Ff6EDe,ETH,community_reported,chainabuse_sitemap,reported,,
0xcE593a29905951E8Fc579bC092ecA72577dA575c,ETH,community_reported,chainabuse_sitemap,reported,,
0xca0bc229e2216A6ba6eF0278351ed6aa2303Ddf6,ETH,community_reported,chainabuse_sitemap,reported,,
0xca23efd643660d5502c9096464e465d9c06ff56c,ETH,community_reported,chainabuse_sitemap,reported,,
0xca82569e4f93d1528f16d4727f7d2e0e61f94108,ETH,community_reported,chainabuse_sitemap,reported,,
0xcac63498c864a41fdabcc2fa943d953ca685a1e6,ETH,community_reported,chainabuse_sitemap,reported,,
0xcba632e0bd96c717115adbcef5714d7caecb9670,ETH,community_reported,chainabuse_sitemap,reported,,
0xcc04bb606F420bC72849C233C53635A36a56EA7b,ETH,community_reported,chainabuse_sitemap,reported,,
0xcc06dd348169d95b1693b9185ca561b28f5b2165,ETH,community_reported,chainabuse_sitemap,reported,,
0xcc74b74e57938e1bd2b108aa06e13d772bedced6,ETH,community_reported,chainabuse_sitemap,reported,,
0xcccC601Eb21654656b973954B08919CE2B610D3e,ETH,community_reported,chainabuse_sitemap,reported,,
0xccd174525209e0af2ea51bca91070d9f93d1bf4b,ETH,community_reported,chainabuse_sitemap,reported,,
0xccd9c1634ab3ccaea31263d208622f0269047bd7,ETH,community_reported,chainabuse_sitemap,reported,,
0xcced5af3f4f8b67731a7e656ac70e5610e775808,ETH,community_reported,chainabuse_sitemap,reported,,
0xcd20335572e485b7222ace2075e46f3236a0aa8d,ETH,community_reported,chainabuse_sitemap,reported,,
0xcdEAc23C1741A80bA9B22Af6B0819B005e27148a,ETH,community_reported,chainabuse_sitemap,reported,,
0xcdFD8f372885C706D98AcA2f30c4677E6a3c242A,ETH,community_reported,chainabuse_sitemap,reported,,
0xcef4ccb03dbc7d87b388407e381a949be6d00e3b,ETH,community_reported,chainabuse_sitemap,reported,,
0xcfab9b35096d5af336cd03ff23ea2364b9a93e03,ETH,community_reported,chainabuse_sitemap,reported,,
0xd0b0d5a8c0b40b7272115a23a2d5e36ad190f13c,ETH,community_reported,chainabuse_sitemap,reported,,
0xd0d6a0f51fd405e9aad112995fdb0e7e123a91ef,ETH,community_reported,chainabuse_sitemap,reported,,
0xd0ef261dcefb88eb86884def0303d85e47a2e694,ETH,community_reported,chainabuse_sitemap,reported,,
0xd1026259034D34469e9596F1325577e2A24Bc296,ETH,community_reported,chainabuse_sitemap,reported,,
0xd13b093EAfA3878De27183388Fea7D0D2B0AbF9E,ETH,community_reported,chainabuse_sitemap,reported,,
0xd165ce48ff3641174828f95b2ce8cbe980cf68f5,ETH,community_reported,chainabuse_sitemap,reported,,
0xd23cFFFa066F81c7640E3F0dc8Bb2958F7686D1F,ETH,community_reported,chainabuse_sitemap,reported,,
0xd294ac18b524ff59ab7fffcbd459f11128220550,ETH,community_reported,chainabuse_sitemap,reported,,
0xd2de5a42b8b6944b9be23e6d794c082627e150b8,ETH,community_reported,chainabuse_sitemap,reported,,
0xd3269fd2a9ff46b968ed0637efec90cd472f210e,ETH,community_reported,chainabuse_sitemap,reported,,
0xd361e29c48841c40506fc6e6211f68a203ec1ef1,ETH,community_reported,chainabuse_sitemap,reported,,
0xd37448aD7949C4aD8Eba5aad1a0aFdD3199971d8,ETH,community_reported,chainabuse_sitemap,reported,,
0xd3ED4E39917805550A3fE4bFbC02455FEe945e9D,ETH,community_reported,chainabuse_sitemap,reported,,
0xd3b0aD4afEb0f576395406f92f8C4C4CB6b61785,ETH,community_reported,chainabuse_sitemap,reported,,
0xd40999c2b045f6a175acc0b478bbf0bed6e918fc,ETH,community_reported,chainabuse_sitemap,reported,,
0xd4caEeD987C549114BEFbb0797c2cEA335842757,ETH,community_reported,chainabuse_sitemap,reported,,
0xd4f4faa31aa748a87025528d80abc39695473ea6,ETH,community_reported,chainabuse_sitemap,reported,,
0xd53a37f9eb79288589f05daf586c49574506f6f2,ETH,community_reported,chainabuse_sitemap,reported,,
0xd5b6625c2Bf78b9BD951F2D0BAe275e3dc1c7612,ETH,community_reported,chainabuse_sitemap,reported,,
0xd5eb61961c9032a14b0e82c78f919fbdfdef8424,ETH,community_reported,chainabuse_sitemap,reported,,
0xd630e965f76138355b20e93ccc2fdf189a4677e1,ETH,community_reported,chainabuse_sitemap,reported,,
0xd67580f10D3740342113C2451BE45a557EBab42e,ETH,community_reported,chainabuse_sitemap,reported,,
0xd6BE74FCfA9aDA3e5c305aC0168aBE57D2e0D00b,ETH,community_reported,chainabuse_sitemap,reported,,
0xd7A5a0d41b59900B2dB89B83a1Ad48e7c3CB5fe9,ETH,community_reported,chainabuse_sitemap,reported,,
0xd7fed01Ac9E93FB6633BBb18a6A87f924c80F13c,ETH,community_reported,chainabuse_sitemap,reported,,
0xd805eb2adef70a33688f5c26181dcdd45ea91566,ETH,community_reported,chainabuse_sitemap,reported,,
0xd808E6fD5083F26aAF1eCEEdFCab5F9cef1b140e,ETH,community_reported,chainabuse_sitemap,reported,,
0xd8A8E47eA785610F83915F09Ca75F9b761589394,ETH,community_reported,chainabuse_sitemap,reported,,
0xd8aa5e8842b09d5b596d22f62c65e47b00f3e6e2,ETH,community_reported,chainabuse_sitemap,reported,,
0xd8da6bf26964af9d7eed9e03e53415d37aa96045,ETH,community_reported,chainabuse_sitemap,reported,,
0xd9377c51beabebebc1309b097027ef82ba5c25f7,ETH,community_reported,chainabuse_sitemap,reported,,
0xd96754cb6eaf3855f6c644312f3471ac2132fc7a,ETH,community_reported,chainabuse_sitemap,reported,,
0xd997226eec11Ad9986B256C52A9a8273626b6EA8,ETH,community_reported,chainabuse_sitemap,reported,,
0xd9C7EfE29F3e90CE3630ea1c665217c7aB298a3B,ETH,community_reported,chainabuse_sitemap,reported,,
0xdAC17F958D2ee523a2206206994597C13D831ec7,ETH,community_reported,chainabuse_sitemap,reported,,
0xdAF38D906A94a20B07Aef895A2cDE34877f9da7f,ETH,community_reported,chainabuse_sitemap,reported,,
0xdC9524a8774DC2956Bdb8b55Fdf91938757F3185,ETH,community_reported,chainabuse_sitemap,reported,,
0xdD97BA95af7B48a69838dba8199C1bBEE3b4a7cB,ETH,community_reported,chainabuse_sitemap,reported,,
0xdDAE2eFDea0bC62d08b8C411AbF7d81ac52B6f87,ETH,community_reported,chainabuse_sitemap,reported,,
0xdE09020653cA303CFC143d23A18183299558065F,ETH,community_reported,chainabuse_sitemap,reported,,
0xda4e688ede9f5de79a0a0e26fbc2a7828fcb4598,ETH,community_reported,chainabuse_sitemap,reported,,
0xda7773726786caf41EB5343Bf06FB66D2f9cE9f5,ETH,community_reported,chainabuse_sitemap,reported,,
0xda881d1324ab05ceb0ac986d97c3859628019b1d,ETH,community_reported,chainabuse_sitemap,reported,,
0xda8aD01f363169F97b8bf33C0A5998f2181aF318,ETH,community_reported,chainabuse_sitemap,reported,,
0xdac17f958d2ee523a2206206994597c13d831ec7,ETH,community_reported,chainabuse_sitemap,reported,,
0xdb1f389925a4bbf4bb138d743b5561ff66871245,ETH,community_reported,chainabuse_sitemap,reported,,
0xdb62aca1d7fdb9a583af04fae4e4907e1950dba4,ETH,community_reported,chainabuse_sitemap,reported,,
0xdbf8175ed63cf2c4b5466de2ddb4159c3fde8e14,ETH,community_reported,chainabuse_sitemap,reported,,
0xdca8b812a53d2468c6f6d526b84ceff96f8d4caa,ETH,community_reported,chainabuse_sitemap,reported,,
0xdcfd0444cd3ece5560b4d27428d6a50a6cb528ad,ETH,community_reported,chainabuse_sitemap,reported,,
0xdd7d10179d28edfa926a9864d2bd501eb1d726d8,ETH,community_reported,chainabuse_sitemap,reported,,
0xddf91fa4f7e1ffd8515d995d83bdde3061457f3a,ETH,community_reported,chainabuse_sitemap,reported,,
0xdebfbe80c8aeba98a32968278463ccb639c6c4e3,ETH,community_reported,chainabuse_sitemap,reported,,
0xdefc385d7038f391eb0063c2f7c238cfb55b206c,ETH,community_reported,chainabuse_sitemap,reported,,
0xdf4639da069055536cd222c7f374bcb4e6191100,ETH,community_reported,chainabuse_sitemap,reported,,
0xdf6116165cfdc0a1f899b334df4a5720d16eda60,ETH,community_reported,chainabuse_sitemap,reported,,
0xe03df86c3af831d96b7748c14f933aca8ff3ff1b,ETH,community_reported,chainabuse_sitemap,reported,,
0xe06ed65924db2e7b4c83e07079a424c8a36701e5,ETH,community_reported,chainabuse_sitemap,reported,,
0xe11E1D5e93cE0Df3B145Bb9ED4DB0AcE113C28A8,ETH,community_reported,chainabuse_sitemap,reported,,
0xe1b4876b98b82d774431fd73278361d0e4e4481b,ETH,community_reported,chainabuse_sitemap,reported,,
0xe1e1ff0d386ab7c43ca7348d0f7143a35df5ef11,ETH,community_reported,chainabuse_sitemap,reported,,
0xe1fed79e64d9f86d3cf6884b5153eb28be3aee93,ETH,community_reported,chainabuse_sitemap,reported,,
0xe25828ed3c9ec06d1fe8e4d84d82ccb3351bb2d1,ETH,community_reported,chainabuse_sitemap,reported,,
0xe2ee623b0ba5c5cc39932102a169f95e90422cc6,ETH,community_reported,chainabuse_sitemap,reported,,
0xe3895999f248a8ab43b82c35de79edb4ac002047,ETH,community_reported,chainabuse_sitemap,reported,,
0xe3b661d0fd1fedf2782997e55c417baa7c49b3b9,ETH,community_reported,chainabuse_sitemap,reported,,
0xe3cD90be37A79D9da86b5E14E2F6042Cd0e53b66,ETH,community_reported,chainabuse_sitemap,reported,,
0xe3fEA8F9C97424E5FaD95C11a89BaAFFb157FC17,ETH,community_reported,chainabuse_sitemap,reported,,
0xe41838b93c998769FD382B06267E400FDAd70d07,ETH,community_reported,chainabuse_sitemap,reported,,
0xe460716a06dbd9d22785dd8a997d0459f7716972,ETH,community_reported,chainabuse_sitemap,reported,,
0xe47E8cD58c8E95F765e642d7dCB898f622ceFA83,ETH,community_reported,chainabuse_sitemap,reported,,
0xe4e18e56dc28a72e97e95aed122ef51ceea4f651,ETH,community_reported,chainabuse_sitemap,reported,,
0xe555D621020f6AA2Cc10d62FE28b41581B15EfCa,ETH,community_reported,chainabuse_sitemap,reported,,
0xe5A3B61cbDB08F31E065eD6963665263D88EFb02,ETH,community_reported,chainabuse_sitemap,reported,,
0xe5a1eeCA6a9b4B8BB97b2CDB47c5eEd796997855,ETH,community_reported,chainabuse_sitemap,reported,,
0xe6113835fbcd3b5107d1bc9eb7cdb6185c3612d4,ETH,community_reported,chainabuse_sitemap,reported,,
0xe6221E24f2B449F8ba3EfC196cef1d6786d1C19c,ETH,community_reported,chainabuse_sitemap,reported,,
0xe65ef4Be0d676eb6a126a1438034Fd0a55956dE2,ETH,community_reported,chainabuse_sitemap,reported,,
0xe6653e9592967c515030b277606b25d1d5f449b0,ETH,community_reported,chainabuse_sitemap,reported,,
0xe66f9e497e1b83959f319b133ecf88feaa8b82ac,ETH,community_reported,chainabuse_sitemap,reported,,
0xe68bcCc24f1B4F5109fDFC2438b7CD9bB028F2b4,ETH,community_reported,chainabuse_sitemap,reported,,
0xe6fa13aeee57ee68f345271431678beb206ebe22,ETH,community_reported,chainabuse_sitemap,reported,,
0xe7e8d50d1d11299f46112ef0e9cb972756b54e98,ETH,community_reported,chainabuse_sitemap,reported,,
0xe7ffacbfdb96525d75fc45af1cbc223f0977b7c4,ETH,community_reported,chainabuse_sitemap,reported,,
0xe80071838db2b7f6a4e906bb28062f28b03e8371,ETH,community_reported,chainabuse_sitemap,reported,,
0xe8F99b4bD4cfCcbCBa3469d7f91be7fd84F32178,ETH,community_reported,chainabuse_sitemap,reported,,
0xe95D1124Ab479B8aDE792629c2D02bA529A3B68C,ETH,community_reported,chainabuse_sitemap,reported,,
0xe96d65ec7c8856114878300697a3e5052de194ff,ETH,community_reported,chainabuse_sitemap,reported,,
0xeCA2592E788c76F2E3CD4eb6ffcdbE5cf8141C72,ETH,community_reported,chainabuse_sitemap,reported,,
0xeCceFaB82bb383afC90b94C8d378DE314e62AC5D,ETH,community_reported,chainabuse_sitemap,reported,,
0xea915959a47552d3102552ed14194b468c422da9,ETH,community_reported,chainabuse_sitemap,reported,,
0xeb45e5ca6269d65c6868971057b261375fb0fc7b,ETH,community_reported,chainabuse_sitemap,reported,,
0xeb911c26f3079b3814be5dfd9fd74ddb3de834d8,ETH,community_reported,chainabuse_sitemap,reported,,
0xeba1cbca39e6d661532a3e3338c1de558f1533d4,ETH,community_reported,chainabuse_sitemap,reported,,
0xec172ebf395296acd627137642f28e897632f8bc,ETH,community_reported,chainabuse_sitemap,reported,,
0xec391c4d19E5Be28eb11256e28321Aa4FcaDD150,ETH,community_reported,chainabuse_sitemap,reported,,
0xec391c4d19e5be28eb11256e28321aa4fcadd150,ETH,community_reported,chainabuse_sitemap,reported,,
0xeca6688427215B4aB86c45415826bA47c33Eddc0,ETH,community_reported,chainabuse_sitemap,reported,,
0xecd91d07b1b6b81d24f2a469de8e47e3fe3050fd,ETH,community_reported,chainabuse_sitemap,reported,,
0xeced0b71f38a3fd834f7cacbeb6914ef6a53b18a,ETH,community_reported,chainabuse_sitemap,reported,,
0xecff2c02a98d8072c17d4ecec340f4f04b9b0bea,ETH,community_reported,chainabuse_sitemap,reported,,
0xed5497931d0da0ff00529c8d1876a745c1b59fcd,ETH,community_reported,chainabuse_sitemap,reported,,
0xee291D1C0c5d5EC74d094f19b4265dcAcbd85fF3,ETH,community_reported,chainabuse_sitemap,reported,,
0xee337D6d9AefD884Cc671a6a3762B26b170b17C9,ETH,community_reported,chainabuse_sitemap,reported,,
0xeee3887b079f5fdceaa1e9e9e3ece6369553c1ed,ETH,community_reported,chainabuse_sitemap,reported,,
0xeeee458c3a5eaafcfd68681d405fb55ef80595ba,ETH,community_reported,chainabuse_sitemap,reported,,
0xef253b05430f396e65863a7f79a5b2875d8aae94,ETH,community_reported,chainabuse_sitemap,reported,,
0xef4b003f13e67f307e7f0f43838cecee53a57dfd,ETH,community_reported,chainabuse_sitemap,reported,,
0xef52a1f78571d3cd4be7865626733275b3d715ac,ETH,community_reported,chainabuse_sitemap,reported,,
0xef743cb046ffcd51a419f2abb55d2862e2cfeda5,ETH,community_reported,chainabuse_sitemap,reported,,
0xef967ECE5322c0D7d26Dab41778ACb55CE5Bd58B,ETH,community_reported,chainabuse_sitemap,reported,,
0xf003dD8117889Cb2A80f86c78629f8EBe1e27224,ETH,community_reported,chainabuse_sitemap,reported,,
0xf079d7911c13369E7fd85607970036D2883aFcfD,ETH,community_reported,chainabuse_sitemap,reported,,
0xf0829B467E21d568cF4D26949879a9db998F278d,ETH,community_reported,chainabuse_sitemap,reported,,
0xf09417DE4d54925CdedFa312A59ceE64CB55f6e2,ETH,community_reported,chainabuse_sitemap,reported,,
0xf09417de4d54925cdedfa312a59cee64cb55f6e2,ETH,community_reported,chainabuse_sitemap,reported,,
0xf0BFd2bACfE0c2897c9d78918B8e6766e6EB0ccC,ETH,community_reported,chainabuse_sitemap,reported,,
0xf1010092ec55c07aA7B7b8476Cca2f9159e6515c,ETH,community_reported,chainabuse_sitemap,reported,,
0xf10b15c9bdee17bdcaf4e63af53440cc151ba636,ETH,community_reported,chainabuse_sitemap,reported,,
0xf15db1a7e40bdec690acaa1067ce8432d759c41a,ETH,community_reported,chainabuse_sitemap,reported,,
0xf16e2f24215ecfb3f4bb6e719121f2537b48d5f7,ETH,community_reported,chainabuse_sitemap,reported,,
0xf2338226c18d6bdd3fdf58efb7b19e92f79f0d67,ETH,community_reported,chainabuse_sitemap,reported,,
0xf27B6923ed24EEd02De7686962339dB00a52d2aA,ETH,community_reported,chainabuse_sitemap,reported,,
0xf27C161fD2D5cb03Eee272d15C179778252e88b4,ETH,community_reported,chainabuse_sitemap,reported,,
0xf2853440eea6dcb90be71437068d4cf4f097e0b9,ETH,community_reported,chainabuse_sitemap,reported,,
0xf2a9a528ddda103d667af7bf9a6cf1572811ef27,ETH,community_reported,chainabuse_sitemap,reported,,
0xf2ab75ffed0a1519682aa8cf5b49fd0c2816c60a,ETH,community_reported,chainabuse_sitemap,reported,,
0xf2eb73f02ef6a43d0e8d894d779f5443ed685cbb,ETH,community_reported,chainabuse_sitemap,reported,,
0xf31cdb090d1d4b86a7af42b62dc5144be8e42906,ETH,community_reported,chainabuse_sitemap,reported,,
0xf34fbf2610456ed7FFe8884381F442A45120B146,ETH,community_reported,chainabuse_sitemap,reported,,
0xf3a9379588905f8CA95ca60462Ae5d31b8091154,ETH,community_reported,chainabuse_sitemap,reported,,
0xf3ef168EBfD20B2b1249509A78568b918358d546,ETH,community_reported,chainabuse_sitemap,reported,,
0xf45273a6cc6c3e7092497ee26e49a0a6362c34e7,ETH,community_reported,chainabuse_sitemap,reported,,
0xf478e86fba35db853e6f569a9143ed4bd84a98a6,ETH,community_reported,chainabuse_sitemap,reported,,
0xf49a68327BA2D8491f02f04246b4400356c8a486,ETH,community_reported,chainabuse_sitemap,reported,,
0xf4f434693337d92e58aE4da2FA24AC34735a0344,ETH,community_reported,chainabuse_sitemap,reported,,
0xf52255af5f8d8b6b7e950df8ebfb2f81e7eff4fc,ETH,community_reported,chainabuse_sitemap,reported,,
0xf566cd3b8f3bee1bd24dbcc14de2264b0b428a8a,ETH,community_reported,chainabuse_sitemap,reported,,
0xf58a2320cdF5921266C4eeC962F20f06A3384Fa1,ETH,community_reported,chainabuse_sitemap,reported,,
0xf5a84c5701fc14bcec92dc10e14cbfeb002e652e,ETH,community_reported,chainabuse_sitemap,reported,,
0xf62776b40917fb253E2C4173F2d8b0031207ABf8,ETH,community_reported,chainabuse_sitemap,reported,,
0xf6298c8f2c3ed3e7221cc1439ea4c90681bb67b4,ETH,community_reported,chainabuse_sitemap,reported,,
0xf63eade94fe28a0b82016c141064e5a3cc3f2270,ETH,community_reported,chainabuse_sitemap,reported,,
0xf6654adf3af907a2d69e9652cf2184d5619daf4c,ETH,community_reported,chainabuse_sitemap,reported,,
0xf6761F769344A377EDac05F75D9Dadb90C196c7e,ETH,community_reported,chainabuse_sitemap,reported,,
0xf6D938d1773c65FD1769778D4B51243a801D29D5,ETH,community_reported,chainabuse_sitemap,reported,,
0xf6E64005B1611f5Bda2Bc1AC81d2fB19818975ED,ETH,community_reported,chainabuse_sitemap,reported,,
0xf6b4351CA3440a8c6678499Bf53feC2Af3e22A59,ETH,community_reported,chainabuse_sitemap,reported,,
0xf6cd0804b41301ad29d63f329f318c847f6a3d17,ETH,community_reported,chainabuse_sitemap,reported,,
0xf70d87e92824e07a7176adc17cf8224d276be56c,ETH,community_reported,chainabuse_sitemap,reported,,
0xf720e5c7192e300e78617e2f1f8cfd20d5f61292,ETH,community_reported,chainabuse_sitemap,reported,,
0xf73c6481fba0a20cc1657ea05c20f095c2304bda,ETH,community_reported,chainabuse_sitemap,reported,,
0xf75e5a38E2504AA5CE2ADBd169ee67DaBF1C4862,ETH,community_reported,chainabuse_sitemap,reported,,
0xf788f89ccd050c9c25d47172e0410d15da235866,ETH,community_reported,chainabuse_sitemap,reported,,
0xf7E6b99717316C43bE7E77865577dbA59Cb5F01e,ETH,community_reported,chainabuse_sitemap,reported,,
0xf7F956fAc9c27F989A0c0bcd9eD9B3973AD66ab8,ETH,community_reported,chainabuse_sitemap,reported,,
0xf7c4ae777d7c268ad962de4c29bdb8cb56511afb,ETH,community_reported,chainabuse_sitemap,reported,,
0xf81a69D5E76eF564aCd5AF27a5820D23DF9F973a,ETH,community_reported,chainabuse_sitemap,reported,,
0xf834eFE5B959E52E3b78cB28c4BC501b52CE41da,ETH,community_reported,chainabuse_sitemap,reported,,
0xf8A4f66210Bc9D712e5a4b00eEF1ab73DE7B7E24,ETH,community_reported,chainabuse_sitemap,reported,,
0xf8dfe4Da86f8e73feC7383784f96752255d50FdC,ETH,community_reported,chainabuse_sitemap,reported,,
0xf9004b31f7597330e05f2b6b0ed2f8a64b73500e,ETH,community_reported,chainabuse_sitemap,reported,,
0xf9286fd87d0a2505e5ad289663f9675d5414a8e2,ETH,community_reported,chainabuse_sitemap,reported,,
0xf92D48dDe90C4aD033381b0cA52d08c0636A7ddc,ETH,community_reported,chainabuse_sitemap,reported,,
0xf931b559468df1b9240edcea2e102ad353859bb6,ETH,community_reported,chainabuse_sitemap,reported,,
0xf979F5D9126e4fCcdbd447C8BB3EF109bC5e525A,ETH,community_reported,chainabuse_sitemap,reported,,
0xf97c47f94ed500691943c07d98745d23b0ad13c1,ETH,community_reported,chainabuse_sitemap,reported,,
0xf9E3D08196F76f5078882d98941b71C0884BEa52,ETH,community_reported,chainabuse_sitemap,reported,,
0xf9a5236493d2abf24850f0d5b9b26f116a6de64b,ETH,community_reported,chainabuse_sitemap,reported,,
0xf9e56D2E507cbA5d71A2DbeC06A03D2700e09a12,ETH,community_reported,chainabuse_sitemap,reported,,
0xfAE400Bf04f88E47D899CFe7e7C16bf8c8AE919b,ETH,community_reported,chainabuse_sitemap,reported,,
0xfAc4088BbA1fA090FD3F1F52fd691a45C30AC053,ETH,community_reported,chainabuse_sitemap,reported,,
0xfC5733D49e8D60B9802677bBC62A3e29d6ba4ed1,ETH,community_reported,chainabuse_sitemap,reported,,
0xfC810c1e2b59C7082Be07c76D7d131Ed1c8ec240,ETH,community_reported,chainabuse_sitemap,reported,,
0xfE4ed52E09FB9F18a574a89F153512c03BFbFfa8,ETH,community_reported,chainabuse_sitemap,reported,,
0xfEb818156aE8AE5FbD6a6039FfEbbEC774A841E0,ETH,community_reported,chainabuse_sitemap,reported,,
0xfF3fCD4E762Bcc5E3adae8554157d86D6De79DF7,ETH,community_reported,chainabuse_sitemap,reported,,
0xfFe59AB3909Ec4A99343743cC9Be3E61da0290cF,ETH,community_reported,chainabuse_sitemap,reported,,
0xfabeff85c85d01b65ee52a6e94c5ebd89f65c8fa,ETH,community_reported,chainabuse_sitemap,reported,,
0xfb5394a59edd1afaa7de12a0160cb4b20278ca57,ETH,community_reported,chainabuse_sitemap,reported,,
0xfbAcb3265cE627F5d21C818669fAE2d7E528efC6,ETH,community_reported,chainabuse_sitemap,reported,,
0xfbecabec7d751e085494d52f8fc6cc57ba7a14e3,ETH,community_reported,chainabuse_sitemap,reported,,
0xfc4cf4cc5d1bbb3092a7c50f4785fa60f35feb9f,ETH,community_reported,chainabuse_sitemap,reported,,
0xfc59caadd68f924ed72597c0780bb80c1b068d04,ETH,community_reported,chainabuse_sitemap,reported,,
0xfcBF3e64c5789198841c1aF611DF76B883732988,ETH,community_reported,chainabuse_sitemap,reported,,
0xfcF6738CAbd9cE27f908A480EcAEA53219fC08f4,ETH,community_reported,chainabuse_sitemap,reported,,
0xfd0F9735Ea0Fe7B66D9640779A05399b7721e006,ETH,community_reported,chainabuse_sitemap,reported,,
0xfd6277272382bef099e9e4ae340cb67765523002,ETH,community_reported,chainabuse_sitemap,reported,,
0xfd6c316bbe226fdffc886e1a9a8dbc35e839f86d,ETH,community_reported,chainabuse_sitemap,reported,,
0xfd92988e77b4575614ac9210355b65d01e4370fe,ETH,community_reported,chainabuse_sitemap,reported,,
0xfd9a8f979f094d33a23e5bff38765a388b55c6cd,ETH,community_reported,chainabuse_sitemap,reported,,
0xfdf0e27dcdd10493cc3aa979cb6eeddf30a63b9f,ETH,community_reported,chainabuse_sitemap,reported,,
0xfe0efd4e1a6434e0395103a3fcddeeac8be4650c,ETH,community_reported,chainabuse_sitemap,reported,,
0xfe5a39b2609b80d11b7109e34577e65af7d86c07,ETH,community_reported,chainabuse_sitemap,reported,,
0xfe974dfdc2df0ed326d0b303d18560c3824b2f94,ETH,community_reported,chainabuse_sitemap,reported,,
0xff1be3171a16fe431e31d874e4de14814362e588,ETH,community_reported,chainabuse_sitemap,reported,,
0xff9ad6ae66c8685d26d0986ee28324407a2bdd38,ETH,community_reported,chainabuse_sitemap,reported,,
0xffacf4e87a50d6dd9497800187855fdb69de2d20,ETH,community_reported,chainabuse_sitemap,reported,,
0xffd34145f5A08b98e53b73f9b46f7B062f050D5b,ETH,community_reported,chainabuse_sitemap,reported,,
