address,chain,category,source,label,detail,ref_date
DdrRnN27KqBUs7hZXfTiKJqvB7jxTJA42izK32Mrei7h,SOL,chainabuse:RUG_PULL,chainabuse_crawl,RUG_PULL,votes=1;checked=False,2026-08-26
UoTfXNNGNjv9zuS6GqYNfoiS1Lb7Z1SVocwcrPY3cjV,SOL,chainabuse:RUG_PULL,chainabuse_crawl,RUG_PULL,label=UOTF;votes=1;checked=False,2026-08-26
5uucPiVVQ2Zms4VmmTTS9vzM1wLsgdKA3zdXg3siBXZx,SOL,chainabuse:RUG_PULL,chainabuse_crawl,RUG_PULL,label=UOTF;votes=1;checked=False,2026-08-26
8tdFUYdGySY3jDDd7mdCaQrGp1ZTb2QDnvdhD4SrjKGy,SOL,chainabuse:PHISHING,chainabuse_crawl,PHISHING,votes=1;checked=False,2026-08-25
2HAWTvXqqTUoQtqdXozebi5nQppc91s5wUwR58zJpump,SOL,chainabuse:RUG_PULL,chainabuse_crawl,RUG_PULL,votes=1;checked=False,2026-08-25
gGPEwj5HGEJqmj1J9npUnENhjjH8tfW85f4xhxMXJUY,SOL,chainabuse:PHISHING,chainabuse_crawl,PHISHING,votes=1;checked=False,2026-08-25
6eP7BmBU65AcriZiQfJTiPBQ62nsB3trxJ3Wacv53NhF,SOL,chainabuse:OTHER_HACK,chainabuse_crawl,OTHER_HACK,label=stolen solana fund;votes=1;checked=False,2026-08-25
9mD91FnUBC4gyFdVHyj4jXAABHKLAzYqQYfEhae9Ekky,SOL,chainabuse:PIGBUTCHERING,chainabuse_crawl,PIGBUTCHERING,votes=1;checked=False,2026-08-25
GT3d3ymrVj2uhRZCVeBuGHrFHmBxHCWneMmh4tUGQMZ6,SOL,chainabuse:PHISHING,chainabuse_crawl,PHISHING,label=Received the stolen SOL;votes=1;checked=False,2026-08-24
FQHcUFvoj3euFr5KK6DU7jt8xzprCG6dKAwGddiPgp67,SOL,chainabuse:OTHER_HACK,chainabuse_crawl,OTHER_HACK,votes=1;checked=False,2026-08-24
35Yic1kF57zxwA5dvwxTsEgkiBXbkPDiggKk2zdMKLJq,SOL,chainabuse:OTHER_HACK,chainabuse_crawl,OTHER_HACK,votes=1;checked=False,2026-08-24
BtsBSdBkEouxw14wLjGrc4VrVpiYW595f6pYnfkK5Tvv,SOL,chainabuse:OTHER_HACK,chainabuse_crawl,OTHER_HACK,votes=1;checked=False,2026-08-24
CVkfM75doCa24VgxjZbWsqAg2FmfNvQru8BmazM5dpbv,SOL,chainabuse:RUG_PULL,chainabuse_crawl,RUG_PULL,label=the creator wallet;votes=1;checked=False,2026-08-23
DQ5JWbJyWdJeyBxZuuyu36sUBud6L6wo3aN1QC1bRmsR,SOL,chainabuse:OTHER_HACK+RUG_PULL,chainabuse_crawl,OTHER_HACK|RUG_PULL,label=Funder wallet;votes=1;checked=False,2026-08-23
CnvVbNxCdGzeKJr63K5i8yLbRDTzSJDhTVsEBxvqeM3N,SOL,chainabuse:OTHER_HACK,chainabuse_crawl,OTHER_HACK,votes=1;checked=False,2026-08-23
47U8ER7J7ui8KeGXzUpWh2WLHTdCLSXv3fVuhqQuFGp2,SOL,chainabuse:IMPERSONATION,chainabuse_crawl,IMPERSONATION,label=my wallet;votes=1;checked=False,2026-08-23
HPxv4YCqzEWHv3LfdeFSWpTXGDcSKSug8aeoVHWcJuz4,SOL,chainabuse:PHISHING,chainabuse_crawl,PHISHING,votes=1;checked=False,2026-08-23
82RkbdEMzKsYEUQhcmph2CE6PELa3CqL776YaYJyM9qY,SOL,chainabuse:OTHER_HACK,chainabuse_crawl,OTHER_HACK,"label=Consolidation, active;votes=1;checked=False",2026-08-23
FgJwkBAfxJsfUMViBnjHu9EFksyvFMBPKRtcsH2y6jnU,SOL,chainabuse:OTHER_HACK,chainabuse_crawl,OTHER_HACK,label=Bridge receiver;votes=1;checked=False,2026-08-23
GpUbFs4W4cqZtsjDeASXywpUdXscKUifo6qRW6DPPPD4,SOL,chainabuse:OTHER_HACK,chainabuse_crawl,OTHER_HACK,"label=Pass-through, drained;votes=1;checked=False",2026-08-23
HeqnirpK6wMUDdT6SCRkugHTgYdfDEH5tuz3311zDvyQ,SOL,chainabuse:OTHER_HACK,chainabuse_crawl,OTHER_HACK,label=Feeder wallet;votes=1;checked=False,2026-08-23
F5gEnnpX4XwbXdacxXqNHLXu1SqXEKLtGgEsdTKqEmop,SOL,chainabuse:PHISHING,chainabuse_crawl,PHISHING,votes=1;checked=False,2026-08-23
AAGiv4aG6Wcqx77p62jfBAFY4WmvP5TCagXdywACh9ZS,SOL,chainabuse:PIGBUTCHERING,chainabuse_crawl,PIGBUTCHERING,label=XTPWALLET SOL deposit;votes=1;checked=False,2026-08-22
FsCrmkUZbXEj5GTh5kLza3kBogW7yCyotz6inFNMJzxi,SOL,chainabuse:PHISHING,chainabuse_crawl,PHISHING,votes=2;checked=False,2026-08-22
FjEMVyMWZzy4tyqu59x2K5Y7Es8bnTnE3Gm17UtRgQGL,SOL,chainabuse:OTHER,chainabuse_crawl,OTHER,votes=1;checked=False,2026-08-21
EH93somtm6C4gAuMrLrj1aL22X3hBZAi4AaX4RmNTtqp,SOL,chainabuse:OTHER,chainabuse_crawl,OTHER,votes=1;checked=False,2026-08-21
5a7PWEm3AVPgTRGRXJ5ZtGWWcxRL9GdP3B6ftEjyh4AF,SOL,chainabuse:OTHER,chainabuse_crawl,OTHER,votes=1;checked=False,2026-08-21
HH63KsMzbAG5zssJvPwTFwXHCq1HqMPU4jtvTesWZ1c,SOL,chainabuse:PHISHING,chainabuse_crawl,PHISHING,label=victim;votes=1;checked=False,2026-08-21
HuXNdY67ApxjWay7t3EKxEgzWr9jECsdbxBs6ngQroZC,SOL,chainabuse:PHISHING,chainabuse_crawl,PHISHING,label=scammer;votes=1;checked=False,2026-08-21
HEAGrmLW9mUu7E2NoyHLro5raEB9NCb9a68qsSZR1wsC,SOL,chainabuse:OTHER_HACK,chainabuse_crawl,OTHER_HACK,label=Main theft recipient;votes=1;checked=False,2026-08-21
AYZRrmA1J17ndWdrUMvc22t9aearxt18GobwMpvckjWP,SOL,chainabuse:OTHER_HACK,chainabuse_crawl,OTHER_HACK,votes=1;checked=False,2026-08-21
54Ka9zXW7K1PAZpycXZAGefETeb95yMjuUeJ3Ass1n2p,SOL,chainabuse:OTHER_HACK,chainabuse_crawl,OTHER_HACK,votes=1;checked=False,2026-08-21
HEAGQzWWV3J4hFxu7aBSmDXkcu91FpCd1pSxjZjWzwsC,SOL,chainabuse:OTHER_HACK,chainabuse_crawl,OTHER_HACK,votes=1;checked=False,2026-08-21
DopdctvuT5BvREfEmH7PLU7ovvBYtoPe5E98VEsCBDiF,SOL,chainabuse:OTHER_HACK,chainabuse_crawl,OTHER_HACK,votes=1;checked=False,2026-08-21
DopdjdYNfxPudwkLL29nyqJ8biGtJhcCtkK2W3WyADiF,SOL,chainabuse:OTHER_HACK,chainabuse_crawl,OTHER_HACK,votes=1;checked=False,2026-08-21
DyuzCNKs8gtuo6UyD5JoeQRSYn7R18E54ugREVgJDPgR,SOL,chainabuse:OTHER_INVESTMENT_SCAM,chainabuse_crawl,OTHER_INVESTMENT_SCAM,votes=1;checked=False,2026-08-21
3m6sPLceSsUnHs1YKj25TgLgFpz5XrENtiv2j8L7yFvx,SOL,chainabuse:OTHER_HACK,chainabuse_crawl,OTHER_HACK,votes=1;checked=False,2026-08-20
5hFuWdijjvizpki7ezzrAQQRP2jno2iMs2S44auxtjeh,SOL,chainabuse:OTHER_HACK,chainabuse_crawl,OTHER_HACK,votes=1;checked=False,2026-08-20
65AyDhjhm3cArhjNpKcF71vRDCq5dVrVPzCLLytjqyKc,SOL,chainabuse:PHISHING,chainabuse_crawl,PHISHING,votes=1;checked=False,2026-08-20
BqcX8YoTMxuxKkcBfB63eXeBvzezHb6Q61ZcLVvz3NfE,SOL,chainabuse:PHISHING,chainabuse_crawl,PHISHING,votes=1;checked=False,2026-08-19
E83T5Anfy6mw3h61qcTZuMnsDKEebhPThxCcgCECNKGt,SOL,chainabuse:OTHER_INVESTMENT_SCAM,chainabuse_crawl,OTHER_INVESTMENT_SCAM,votes=1;checked=False,2026-08-17
F2cCCbKx36D7yKjXmcqZNY7FGK95cbnLvKfjaeYTLhJV,SOL,chainabuse:OTHER_INVESTMENT_SCAM,chainabuse_crawl,OTHER_INVESTMENT_SCAM,votes=1;checked=False,2026-08-17
CCKrWwfyfRPybdU5jrk5GFnDiePP3Han6h28YLJbu2AG,SOL,chainabuse:OTHER_BLACKMAIL,chainabuse_crawl,OTHER_BLACKMAIL,votes=1;checked=False,2026-08-17
FaYJporW8xphghYMYMau7eJbc6m1522hKFvQr7vKTNfX,SOL,chainabuse:FAKE_RETURNS+PIGBUTCHERING,chainabuse_crawl,FAKE_RETURNS|PIGBUTCHERING,label=62 SOL ;votes=1;checked=False,2026-08-17
7Yhy1CTyQi5UPTCsvnEonqXhA9iT9dveSpoxXYSVHDpF,SOL,chainabuse:OTHER_HACK,chainabuse_crawl,OTHER_HACK,votes=1;checked=False,2026-08-17
E2i5cbXo6q6Qj8cEU5JpFGBDxMwnjUvcJRL68mtTSfWJ,SOL,chainabuse:OTHER_HACK,chainabuse_crawl,OTHER_HACK,votes=1;checked=False,2026-08-17
DjEzYfE6Gwdfvg3sLW8dw2d9Zz11qU5aLCbrUoRacrfM,SOL,chainabuse:RUG_PULL,chainabuse_crawl,RUG_PULL,votes=1;checked=False,2026-08-17
EQ2pgTNyFJMXJPxq31bTjjjV9xJBc8BUZwRVeDbvcQ86,SOL,chainabuse:OTHER,chainabuse_crawl,OTHER,votes=1;checked=False,2026-08-17
DzETKczkPXKiGKpLyjSM6YZbYq9hq27tL6Yy7bimMYYF,SOL,chainabuse:OTHER_HACK,chainabuse_crawl,OTHER_HACK,votes=1;checked=False,2026-08-16
Hp8DXE8AkDtVWWEQ1rRckH48kBNdxnrQbXhLEpWP54fF,SOL,chainabuse:OTHER_HACK,chainabuse_crawl,OTHER_HACK,votes=1;checked=False,2026-08-16
HjNzMpJgN4sAZTsAAsnMZdDXVFzYWoeV3b3Y8TGtjaV4,SOL,chainabuse:OTHER_HACK,chainabuse_crawl,OTHER_HACK,votes=1;checked=False,2026-08-16
HWjmoUNYckccg9Qrwi43JTzBcGcM1nbdAtATf9GXmz16,SOL,chainabuse:OTHER_HACK,chainabuse_crawl,OTHER_HACK,votes=1;checked=False,2026-08-16
99n8JAVhk6TXwdkcnf5Md1QpAoYVLCoc3cVMLvnNxjxV,SOL,chainabuse:OTHER_HACK,chainabuse_crawl,OTHER_HACK,votes=1;checked=False,2026-08-16
oQw8xJrXgX3aGmkgBDkyQKaGLqGxCTSBLYihp1ifDpc,SOL,chainabuse:IMPERSONATION,chainabuse_crawl,IMPERSONATION,votes=2;checked=False,2026-08-16
HVwMcVKQu4rMxQszoNyppDdpY8HNcAJFAY6d1b5Y4gf9,SOL,chainabuse:OTHER_HACK,chainabuse_crawl,OTHER_HACK,votes=1;checked=False,2026-08-16
33fq3CEYAbCyyyWtNhbrdaEW8h1ccSyFiw1bi9D2xbFe,SOL,chainabuse:OTHER_HACK,chainabuse_crawl,OTHER_HACK,votes=1;checked=False,2026-08-16
9hKva2C7788AbxRHWdvgv9YgPBWfLRhMsaAu76hytUA6,SOL,chainabuse:OTHER_HACK,chainabuse_crawl,OTHER_HACK,votes=1;checked=False,2026-08-16
2Lvd4NwKjESPwkNFkZN43eJ3o86gdDUrPtGnakKKM4sU,SOL,chainabuse:PHISHING,chainabuse_crawl,PHISHING,votes=1;checked=False,2026-08-16
62NwMKAvw4yKnMtx8fRuShdpAS3UfMJkYHSrt18dR4a5,SOL,chainabuse:ROMANCE,chainabuse_crawl,ROMANCE,votes=1;checked=False,2026-08-15
EH5hEZWhz6Gf1mqVbVUrucW4D8AERqBgtRrJ3gd4W7uV,SOL,chainabuse:PHISHING,chainabuse_crawl,PHISHING,votes=1;checked=False,2026-08-15
52AabAYrNVwgczJixrT7zw8TSE9QV265CD6dqpWwfHUn,SOL,chainabuse:PHISHING,chainabuse_crawl,PHISHING,votes=1;checked=False,2026-08-15
GeDEK9TP54pWYXefBJn6r9fFS71mgKcp42iVKAuVUqip,SOL,chainabuse:PIGBUTCHERING,chainabuse_crawl,PIGBUTCHERING,votes=1;checked=False,2026-08-15
FffKxpeMzFLbmN62yZ25yPLuZPcEkceMLwMoFZtw56zT,SOL,chainabuse:PHISHING,chainabuse_crawl,PHISHING,votes=1;checked=False,2026-08-14
DjM7Tu7whh6P3pGVBfDzwXAx2zaw51GJWrJE3PwtuN7s,SOL,chainabuse:RUG_PULL,chainabuse_crawl,RUG_PULL,votes=1;checked=False,2026-08-14
4ZuwXpSZ8SWiqFpmLW2ZfT8tAeA89DjhQ6NYqe8FmRsh,SOL,chainabuse:OTHER_HACK,chainabuse_crawl,OTHER_HACK,label=Nonce authority;votes=2;checked=False,2026-08-14
Hp2BK1wmsHPgbxZ3rHA2okFGHBtpye1nXQUVD5aidzj9,SOL,chainabuse:OTHER_HACK,chainabuse_crawl,OTHER_HACK,label=Collection wallet;votes=2;checked=False,2026-08-14
9NQWw786tA8gCiU7nXct28yoUssKVZ3kfBT5qUfewRZr,SOL,chainabuse:OTHER_HACK,chainabuse_crawl,OTHER_HACK,label=Secondary attacker;votes=2;checked=False,2026-08-14
HkXHCBwA3A7BDDcuBKLDhoA41DuRBBRpQJ2KSwiXHnyA,SOL,chainabuse:OTHER_HACK,chainabuse_crawl,OTHER_HACK,label=Funded lookalike;votes=2;checked=False,2026-08-14
8NHPVfHggcrbWnypV9FfTpk5X6KorxksroCqtSiGofhV,SOL,chainabuse:OTHER_HACK,chainabuse_crawl,OTHER_HACK,label=Vanity lookalike;votes=2;checked=False,2026-08-14
2K7j76MQc27PypQn6EC7rBYnorKDQ3ANL9pkxfxyxjXz,SOL,chainabuse:OTHER_HACK,chainabuse_crawl,OTHER_HACK,votes=1;checked=False,2026-08-14
D8jHiN1ci9vZzHgfZbJuByZCYgDB6iGWfEdT8sMFkAG2,SOL,chainabuse:PHISHING,chainabuse_crawl,PHISHING,votes=1;checked=False,2026-08-14
DdjUceFC4oeamgW7z8wfQBJuwKpQLUdHVuZD2iJCjbXc,SOL,chainabuse:PHISHING,chainabuse_crawl,PHISHING,votes=1;checked=False,2026-08-14
3xpoobmikzXJ1fXdYfiGipcfTDe7UDrDGxaG4qWThY2b,SOL,chainabuse:OTHER_INVESTMENT_SCAM,chainabuse_crawl,OTHER_INVESTMENT_SCAM,votes=1;checked=False,2026-08-12
2EKanak7K8PYCX4DHDxHvRR1dX2EfWC9Tf4xcaQv74fm,SOL,chainabuse:PHISHING,chainabuse_crawl,PHISHING,label=	Consolidation wallet;votes=1;checked=False,2026-08-12
J4oUhjHqodN9Cu1H9vJVea46xxNiPTfKuYitKQTxXZgs,SOL,chainabuse:PHISHING,chainabuse_crawl,PHISHING,votes=1;checked=False,2026-08-12
AzFiF4NEcaZJzao28Hm4vYtKttqfUh31qFq3oSmZVj31,SOL,chainabuse:AIRDROP+PHISHING,chainabuse_crawl,AIRDROP|PHISHING,votes=1;checked=False,2026-08-12
CPHA3u8WbSbyXCUhWAaQy9LvtXhZD3CkAEab1a7HVqj3,SOL,chainabuse:PHISHING,chainabuse_crawl,PHISHING,votes=1;checked=False,2026-08-12
EdJLXtjY8ErAZpAf8XU7sYXSoDtmVZSMCCc8mEAK1eXN,SOL,chainabuse:PHISHING,chainabuse_crawl,PHISHING,votes=1;checked=False,2026-08-12
e8e8GBeNr3M6C6AAhDGyT8246zALRXfptmXPYky3KBn,SOL,chainabuse:PHISHING,chainabuse_crawl,PHISHING,votes=1;checked=False,2026-08-12
6vfZA8fyaWsu6rmGgraBEFmsCUuT9rUPuk9fwAnR4uyU,SOL,chainabuse:PHISHING,chainabuse_crawl,PHISHING,votes=1;checked=False,2026-08-12
9JgVHNiP7wkP2sitiRf6K6haFBTBzhrJTdwzhVUUAwkP,SOL,chainabuse:PHISHING,chainabuse_crawl,PHISHING,votes=1;checked=False,2026-08-12
H67ehFrMLhFn6xVRymY2GaXMhr1LKH9mdaSEnXnQRKNa,SOL,chainabuse:PHISHING,chainabuse_crawl,PHISHING,votes=1;checked=False,2026-08-12
2G7MTDpk8Xq19iSYdqXaikqLBXbH55dJrCS76MBVbMj5,SOL,chainabuse:PHISHING,chainabuse_crawl,PHISHING,votes=1;checked=False,2026-08-12
Br7ojV7au7xVQAovFfWcT9nb9GEegFpQpSpsxHBLUnd,SOL,chainabuse:PHISHING,chainabuse_crawl,PHISHING,votes=1;checked=False,2026-08-12
9LJy8iLP3wF1wp7rCwF28FU5B6YTcPry9FnUE4DXeyVJ,SOL,chainabuse:PHISHING,chainabuse_crawl,PHISHING,votes=1;checked=False,2026-08-12
heox9AhDKgYUmeb8jyEW3FR8Be6qfEjNvyeLtZQYtig,SOL,chainabuse:PHISHING,chainabuse_crawl,PHISHING,votes=1;checked=False,2026-08-12
UL1mULfxLTWhYzFVW1UDBuqpY7AVSdvyTT1xNJUut8q,SOL,chainabuse:PHISHING,chainabuse_crawl,PHISHING,votes=1;checked=False,2026-08-12
2JgdATgDsW8tdj3Uu1kExTx8fUSWWWkKrjWjerd8oDeT,SOL,chainabuse:PHISHING,chainabuse_crawl,PHISHING,votes=1;checked=False,2026-08-12
B1Ahew3dZeamHmz3eMjGWScLKmavN4SqM4p1rwnpump,SOL,chainabuse:RUG_PULL,chainabuse_crawl,RUG_PULL,label=$TNOS;votes=1;checked=False,2026-08-12
7uAsKqqDFMP9nyFSqenCMjgo6miEmSnXgjk17N65SYz7,SOL,chainabuse:OTHER_HACK,chainabuse_crawl,OTHER_HACK,votes=1;checked=False,2026-08-12
3tbMRMu3hnPUA1WTVhnL2HthnfVB8wxpznn56sfqo6VZ,SOL,chainabuse:OTHER_HACK,chainabuse_crawl,OTHER_HACK,votes=1;checked=False,2026-08-12
ASTyfSima4LLAdDgoFGkgqoKowG1LZFDr9fAQrg7iaJZ,SOL,chainabuse:IMPERSONATION+OTHER_HACK,chainabuse_crawl,IMPERSONATION|OTHER_HACK,label=Scammer MEXC account;votes=1;checked=False,2026-08-12
5PAhQiYdLBd6SVdjzBQDxUAEFyDdF5ExNPQfcscnPRj5,SOL,chainabuse:OTHER_HACK+PHISHING,chainabuse_crawl,OTHER_HACK|PHISHING,votes=1;checked=False,2026-08-12
9S8R72jkaizSgUEdP9PAtqaCjdsJPah41gfccLWixYRr,SOL,chainabuse:OTHER_HACK,chainabuse_crawl,OTHER_HACK,votes=1;checked=False,2026-08-11
3bLkLRvkwHMrqyoCaDSCn6bZnpfJCVsHxcmznUwB1p5,SOL,chainabuse:FAKE_PROJECT,chainabuse_crawl,FAKE_PROJECT,votes=1;checked=False,2026-08-11
zKChGCAfhsd7nZD8y8whJse5abfHXVVbDotJzviPnvV,SOL,chainabuse:IMPERSONATION+OTHER,chainabuse_crawl,IMPERSONATION|OTHER,label=and USDC;votes=1;checked=False,2026-08-11
7zM8VAqpi8njdNgpWRMEG7Wz8bxk9h1sLV2ujyMxn8yR,SOL,chainabuse:OTHER_INVESTMENT_SCAM,chainabuse_crawl,OTHER_INVESTMENT_SCAM,votes=1;checked=False,2026-08-11
3wRre6bqgqBFfNUbdTaUGQSJ4vWFnbwe6QiWJgqzHiu7,SOL,chainabuse:FAKE_RETURNS,chainabuse_crawl,FAKE_RETURNS,votes=1;checked=False,2026-08-09
A5fikwrZDEegeeexzudtHKAmndhR9jv6gZnJRC3jdis,SOL,chainabuse:OTHER_INVESTMENT_SCAM,chainabuse_crawl,OTHER_INVESTMENT_SCAM,votes=1;checked=False,2026-08-09
FwHkyNrmZ38t7sznT3jxnmciPuGbRGeNgwrrv8NCAqhW,SOL,chainabuse:OTHER_INVESTMENT_SCAM,chainabuse_crawl,OTHER_INVESTMENT_SCAM,votes=1;checked=False,2026-08-09
8RSK6oMRHGfTXm3oKHTpWUACHRvug4xGFjFCCKvGz5Zi,SOL,chainabuse:OTHER_INVESTMENT_SCAM,chainabuse_crawl,OTHER_INVESTMENT_SCAM,votes=1;checked=False,2026-08-09
7Lpt84sCqnRuoDa2WFLEqDwkARYVBe9HE7RZD9anCqPH,SOL,chainabuse:OTHER_INVESTMENT_SCAM,chainabuse_crawl,OTHER_INVESTMENT_SCAM,votes=1;checked=False,2026-08-09
yubXjKZcVX8coqjR2h4pccZe7s1GskPzz9CGjJXW1Z5,SOL,chainabuse:PHISHING,chainabuse_crawl,PHISHING,votes=1;checked=False,2026-08-08
5XRvRV8EmB6h858dNBgdVov6B2xpUZ7PA4QvagyGrUPt,SOL,chainabuse:PHISHING,chainabuse_crawl,PHISHING,votes=1;checked=False,2026-08-08
HVHnjHDtZBKVq8ia1incwXstRmHiDNP5rFBzsYCq3LJf,SOL,chainabuse:PHISHING,chainabuse_crawl,PHISHING,votes=1;checked=False,2026-08-07
5uHoeohkjKKnjkBkETx4eRbaokrV1dyGY6vm5orz5VgT,SOL,chainabuse:PHISHING,chainabuse_crawl,PHISHING,votes=1;checked=False,2026-08-07
FiG37e9pCAH3o4qrszFAu23c7DmYZMe8CnV1DQyB7mbt,SOL,chainabuse:FAKE_RETURNS,chainabuse_crawl,FAKE_RETURNS,votes=1;checked=False,2026-08-07
9LJtqo6RGYumKED6dCKPJJc6tNyrryLS9VeawKZ5s4rL,SOL,chainabuse:FAKE_RETURNS,chainabuse_crawl,FAKE_RETURNS,votes=1;checked=False,2026-08-07
GbHfFWfwaSK7Ecumh3RsvQyCL6WeEqQHg6SYKdccm8Sm,SOL,chainabuse:FAKE_PROJECT,chainabuse_crawl,FAKE_PROJECT,votes=1;checked=False,2026-08-07
j2VUW8UGtzuLq8b3vjZTDbk1Fs6FSV19UrsLZqc1Vyi,SOL,chainabuse:FAKE_PROJECT,chainabuse_crawl,FAKE_PROJECT,votes=1;checked=False,2026-08-07
BUYswdU5TDeCwcUEDrAfE4wbrnWCUyXzHdaTZEyjfnYf,SOL,chainabuse:FAKE_PROJECT,chainabuse_crawl,FAKE_PROJECT,votes=1;checked=False,2026-08-07
7eGqYct4fwcDiUgJAhsjX8vrHvmCzK7CKQsdYbzJhHSF,SOL,chainabuse:PHISHING,chainabuse_crawl,PHISHING,votes=1;checked=False,2026-08-07
3wttX1zQjrKmdaT3J6DZiVTj76mHZFgNEz1GvA7BSBe3,SOL,chainabuse:PHISHING,chainabuse_crawl,PHISHING,votes=1;checked=False,2026-08-07
6oVsSD7ZB9Kz3PWs7mscXJe7y7NQeaNcoEbJGcc9nJAA,SOL,chainabuse:PIGBUTCHERING,chainabuse_crawl,PIGBUTCHERING,votes=1;checked=False,2026-08-06
BVag2HBXHFjSm2ofiHh2SwnM4Q8JGihNECk5qTU3GgAo,SOL,chainabuse:PHISHING,chainabuse_crawl,PHISHING,votes=1;checked=False,2026-08-06
5MkBBB31KEF4AXRzWy6sYiBhM8etTPdAqqBpyMuGkMjD,SOL,chainabuse:PHISHING,chainabuse_crawl,PHISHING,votes=1;checked=False,2026-08-05
3rDZoeCTdiPbEBcejXrtiQiJWEpdkmDMhkxWX2a9QPTC,SOL,chainabuse:OTHER_HACK+PHISHING,chainabuse_crawl,OTHER_HACK|PHISHING,votes=1;checked=False,2026-08-05
5MkBBB31KEF4AXRzWy6sYiBhM8etTPdAqqBpYMuGkMjD,SOL,chainabuse:PHISHING,chainabuse_crawl,PHISHING,votes=1;checked=False,2026-08-05
DuUKmvk6GGq4v9owm431c1g2dHTG8KbDg6g6JEaVKAYA,SOL,chainabuse:FAKE_PROJECT,chainabuse_crawl,FAKE_PROJECT,votes=1;checked=False,2026-08-05
88uufnCxKUwGQoX86rgRUi2STUyQjPmDh8PhSWDCmgYn,SOL,chainabuse:FAKE_PROJECT,chainabuse_crawl,FAKE_PROJECT,votes=1;checked=False,2026-08-05
9EDtPuKzoDP1jJoihSxajpu54gJGQexbt4FKYGvhLZt4,SOL,chainabuse:FAKE_PROJECT,chainabuse_crawl,FAKE_PROJECT,votes=1;checked=False,2026-08-05
AEARtPTM97o2uBbMtJ1w5GF7LW1H94cqPUYQCR1Sus5a,SOL,chainabuse:AIRDROP+PHISHING,chainabuse_crawl,AIRDROP|PHISHING,votes=1;checked=False,2026-08-04
54V8CYWBFL5FSJgQA1yQfZi4jKFZGUMrRNTPRavm58K4,SOL,chainabuse:PHISHING,chainabuse_crawl,PHISHING,votes=1;checked=False,2026-08-04
GAueXRKyZyV9Yqbswf967S79pBjiZfCf6SgXZ5b2NNvY,SOL,chainabuse:PHISHING,chainabuse_crawl,PHISHING,votes=1;checked=False,2026-08-04
38M1j2LwFgm4onNGgqo5FnNfmqEv5bbrUN1YxFvRwRUp,SOL,chainabuse:PHISHING,chainabuse_crawl,PHISHING,votes=1;checked=False,2026-08-04
CCga18aHVU7TQpk8dumtDArdzfixfJuSur3FrCJbu4n3,SOL,chainabuse:PHISHING,chainabuse_crawl,PHISHING,votes=1;checked=False,2026-08-04
DAf4Z2FBkhHmqfDKiMdmGRpFhD6C97rkq3inroxMm8Ax,SOL,chainabuse:PHISHING,chainabuse_crawl,PHISHING,votes=1;checked=False,2026-08-04
8izesgKk6nANgHTZYyyiapTc4mfU4TP4xzMCPbsFXBcu,SOL,chainabuse:FAKE_PROJECT,chainabuse_crawl,FAKE_PROJECT,label=0.5;votes=1;checked=False,2026-08-04
HXB349UiAJUcwphViNSLYxGyTaBvoh5myr4E9guArttm,SOL,chainabuse:PIGBUTCHERING,chainabuse_crawl,PIGBUTCHERING,label=100 SOL ;votes=1;checked=False,2026-08-04
9n51u2jn6LUHc3NDB9SipExtQGD3q4zzxWyjDXm2yGuo,SOL,chainabuse:FAKE_RETURNS,chainabuse_crawl,FAKE_RETURNS,label=Deposit address requested;votes=1;checked=False,2026-08-04
DMz78bc9tzjzBjSv9NdCqD7kaRsd2sj1SztujWTmRjFy,SOL,chainabuse:IMPERSONATION,chainabuse_crawl,IMPERSONATION,label=Victim Wallet ;votes=1;checked=False,2026-08-04
2vUSbTKn3Sr3B1EzZsSuofp7UBBgL9MftKaCAPT1iYuP,SOL,chainabuse:IMPERSONATION,chainabuse_crawl,IMPERSONATION,label=Distributor Main;votes=1;checked=False,2026-08-04
2YbEKjjT7tfj9jsmZbKyjKiTL2DE3eVzRybA1VEmLZKj,SOL,chainabuse:IMPERSONATION,chainabuse_crawl,IMPERSONATION,label=Airdrop / Distributor;votes=1;checked=False,2026-08-04
GrAsw7q8vZTSnmKEir5ZrJfbvcypxfUMB5WAqNXgD3Zw,SOL,chainabuse:IMPERSONATION,chainabuse_crawl,IMPERSONATION,label=Airdrop / Distributor;votes=1;checked=False,2026-08-04
4yMDwhJU2snjrGRvy61K6z72MexyUjTCYxZKE5frZtvT,SOL,chainabuse:IMPERSONATION,chainabuse_crawl,IMPERSONATION,label=Airdrop / Distributor;votes=1;checked=False,2026-08-04
EaoCYwxri5qXUrfHLJMrArdRc989AmsqSFfUqPEC5uG8,SOL,chainabuse:IMPERSONATION,chainabuse_crawl,IMPERSONATION,label=Distributor to Wallet;votes=1;checked=False,2026-08-04
FeT82DqAP3rBS7s5aM4pcCT7J9kVMDnc3XJxkMM8Jqmm,SOL,chainabuse:IMPERSONATION,chainabuse_crawl,IMPERSONATION,label=Holding Wallet;votes=1;checked=False,2026-08-04
9kBVEfk28mxD18PUqM36JJLDeTD6jF7av5awVWhZvEPd,SOL,chainabuse:IMPERSONATION+PHISHING,chainabuse_crawl,IMPERSONATION|PHISHING,label=Holding Wallet;votes=1;checked=False,2026-08-04
6ikDpomDhEZ2KLfyR7gQgvFvPecQWgZNfdnuqXaCHsFg,SOL,chainabuse:IMPERSONATION+PHISHING,chainabuse_crawl,IMPERSONATION|PHISHING,label=Holding Wallet;votes=1;checked=False,2026-08-04
2kTqPnTxhPHtHpQtLo4uJCVr97vQi9tWpVyU7fTHo1Kb,SOL,chainabuse:IMPERSONATION,chainabuse_crawl,IMPERSONATION,label=Holding Wallet;votes=1;checked=False,2026-08-04
D89hHJT5Aqyx1trP6EnGY9jJUB3whgnq3aUvvCqedvzf,SOL,chainabuse:IMPERSONATION,chainabuse_crawl,IMPERSONATION,label=Coinbase Wallet;votes=1;checked=False,2026-08-04
76iXe9yKFDjGv3HicUVVy8AYxHLC71L1wYa12zaZzHHp,SOL,chainabuse:IMPERSONATION,chainabuse_crawl,IMPERSONATION,label=Hot Wallet 3;votes=1;checked=False,2026-08-04
8fmD7JsX1jMv6AFz6V8oFo4Q8NyK1G16Vkzytp8BwUSA,SOL,chainabuse:FAKE_PROJECT,chainabuse_crawl,FAKE_PROJECT,votes=1;checked=False,2026-08-03
WpGcsB8G1N1Mo78b8T8p6SENCF1zTY4XdkRy2pw8LuC,SOL,chainabuse:PHISHING,chainabuse_crawl,PHISHING,votes=1;checked=False,2026-08-03
5NXDzJGptfvRYnEHXjQAUw86CtVaNJBFqazgkPMMAvFt,SOL,chainabuse:PHISHING,chainabuse_crawl,PHISHING,votes=1;checked=False,2026-08-03
memeCmSRuE9UirxCVhgsJhWBssz661KoaVkT89rSQMW,SOL,chainabuse:FAKE_PROJECT,chainabuse_crawl,FAKE_PROJECT,label=2;votes=1;checked=False,2026-08-03
C6nHoKiCJ8582cXzmnSdQfQSkmKmj6UxkjJLEsMiX4yb,SOL,chainabuse:FAKE_RETURNS,chainabuse_crawl,FAKE_RETURNS,votes=1;checked=False,2026-08-03
4TDFdcJMesRCtDhhGDn9V6MifDawLUSrN3mpEMaLCdLw,SOL,chainabuse:FAKE_RETURNS,chainabuse_crawl,FAKE_RETURNS,votes=1;checked=False,2026-08-03
8FKVom4eVukSsVNiJDY7L2HjBgUrNFHv7UVWHeJtKFVV,SOL,chainabuse:FAKE_RETURNS,chainabuse_crawl,FAKE_RETURNS,votes=1;checked=False,2026-08-03
D9cmNourLhg8K2py1BJiTsfS6Hi6kuiKjDk2RC4Kwsmh,SOL,chainabuse:FAKE_RETURNS,chainabuse_crawl,FAKE_RETURNS,votes=1;checked=False,2026-08-03
GpNNvZJahvohb5BgZR6ygawpDu6Hp8gg4BxuxrnPTG1o,SOL,chainabuse:FAKE_PROJECT,chainabuse_crawl,FAKE_PROJECT,votes=1;checked=False,2026-08-03
DUwvqkGNLKqy42UhmhJ2V2G4optDpMka4oKHUYhDxHd,SOL,chainabuse:FAKE_RETURNS+OTHER+PHISHING+RUG_PULL,chainabuse_crawl,FAKE_RETURNS|OTHER|PHISHING|RUG_PULL,label=theifs wallet;votes=1;checked=False,2026-08-02
H5vdEKCNrBzLNsrUa89TzEDHaFe1v8SQ8sZhJJwEbX5j,SOL,chainabuse:OTHER_HACK,chainabuse_crawl,OTHER_HACK,votes=1;checked=False,2026-08-02
DgeWDUruQ1i86BTQzsjcjoqu46FXqidAv77d7251xJLE,SOL,chainabuse:PHISHING,chainabuse_crawl,PHISHING,votes=1;checked=False,2026-08-02
JCJi3KoG7VQkw4e7BLPoQ2sxwWzy9zzaJzzpXtQFvjeU,SOL,chainabuse:FAKE_PROJECT,chainabuse_crawl,FAKE_PROJECT,votes=1;checked=False,2026-08-02
GpQj8cycoquHgfKrE1QMeKRYaauB6En42GpG1qtG2wWv,SOL,chainabuse:FAKE_PROJECT,chainabuse_crawl,FAKE_PROJECT,votes=1;checked=False,2026-08-02
AC7Upd3Jhy96oBT9tvAXwsLLazVnXpq4fMMtJTutkkKu,SOL,chainabuse:PHISHING,chainabuse_crawl,PHISHING,votes=1;checked=False,2026-08-01
BVzmuZ1wS2xosjzasvsp1Z35cbj5gBVeeFaZ33aVno8X,SOL,chainabuse:RUG_PULL,chainabuse_crawl,RUG_PULL,votes=1;checked=False,2026-08-01
B3QUGUgNUgcnV59ToBsc79uCFXe4WrTWkeTA8n3nMsgL,SOL,chainabuse:RUG_PULL,chainabuse_crawl,RUG_PULL,votes=1;checked=False,2026-08-01
3cjjGTWVcCbr2hayEkCCKwEzLvR9Ge56gaLLQjPRhmBL,SOL,chainabuse:RUG_PULL,chainabuse_crawl,RUG_PULL,votes=1;checked=False,2026-08-01
HnFNWrJA7KC3Do4Fj3EuDkqp55EqjgwDyrYZqVvViSRX,SOL,chainabuse:RUG_PULL,chainabuse_crawl,RUG_PULL,votes=1;checked=False,2026-08-01
8Xzg4Uj3Xjv1CZtxoPcAYvro22QZY8BSsPoE6wC3Hi5R,SOL,chainabuse:IMPERSONATION,chainabuse_crawl,IMPERSONATION,votes=1;checked=False,2026-08-01
GM9iDcsma9q3P5LKhoyVwFscjxCaWsW87gzbSxPU1Goa,SOL,chainabuse:OTHER_INVESTMENT_SCAM,chainabuse_crawl,OTHER_INVESTMENT_SCAM,label=GOAP Scam Token Contract;votes=1;checked=False,2026-07-31
EdGeQn9npz4KwHfQVAJj575oFUeZw1Z5Vkk3UjqM5h2L,SOL,chainabuse:IMPERSONATION,chainabuse_crawl,IMPERSONATION,votes=1;checked=False,2026-07-31
9aNyLSPgWTymFJ8YBWPHb5FBg78rvNcNAQZN3YvjafXC,SOL,chainabuse:IMPERSONATION,chainabuse_crawl,IMPERSONATION,votes=1;checked=False,2026-07-31
ENGfdqpBGHXiRaf1BKKtwVrnPcPk8qcEjooRaeEYj1TH,SOL,chainabuse:IMPERSONATION,chainabuse_crawl,IMPERSONATION,label=centralized wallet kucoin;votes=1;checked=False,2026-07-31
Cb8qKMrWQhTGE11Bo7DXuPGJEnMzq9yNYMEkjn21Ewa3,SOL,chainabuse:IMPERSONATION,chainabuse_crawl,IMPERSONATION,votes=1;checked=False,2026-07-31
Ac7Zfd69VUNTyQy8tzecv4sxKZA4ucdMpiWJ9bgmoPUJ,SOL,chainabuse:OTHER_INVESTMENT_SCAM,chainabuse_crawl,OTHER_INVESTMENT_SCAM,votes=1;checked=False,2026-07-28
6qKpbjfixVhSAb5aJpbhK2R5UxgeQ9cUa6EqKZVXLm2H,SOL,chainabuse:FAKE_RETURNS,chainabuse_crawl,FAKE_RETURNS,votes=1;checked=False,2026-07-28
3VsTHUMqwHePLh92KUFNJHoVjVVVikZfFYuWMT7nx4BN,SOL,chainabuse:PHISHING,chainabuse_crawl,PHISHING,label=burner  wallet;votes=1;checked=False,2026-07-28
4gKjjye5GDXR15s1VgB3ZMKVBf97H4DUfAZcst4KSRdW,SOL,chainabuse:PHISHING,chainabuse_crawl,PHISHING,label=main treasury wallet;votes=1;checked=False,2026-07-28
64jMhXsuETWPmbdWrsLV2SmhJyGHgYfNXb3qsRRuNgTK,SOL,chainabuse:FAKE_PROJECT,chainabuse_crawl,FAKE_PROJECT,votes=1;checked=False,2026-07-28
HMwbSvMW2fxFQoefpaRyQwMg8KzthXZc4NjKsCN4x54p,SOL,chainabuse:PHISHING,chainabuse_crawl,PHISHING,votes=1;checked=False,2026-07-27
7F8wgxsmk8aoS87Wsvorv5peoswax9y8qUGpdWU8Ss9h,SOL,chainabuse:IMPERSONATION,chainabuse_crawl,IMPERSONATION,votes=1;checked=False,2026-07-27
9DDagKNwN1kDK4xNXeVQt6rxHYrP3Q3DqAWgF2kMaESS,SOL,chainabuse:PHISHING,chainabuse_crawl,PHISHING,votes=1;checked=False,2026-07-25
GsSV2Qqawx42iLAhiUub1ikemgXdTvy6nc56faZm5Y9K,SOL,chainabuse:IMPERSONATION,chainabuse_crawl,IMPERSONATION,votes=1;checked=False,2026-07-24
85Xm4ZvQVA1M4TFmJYnZK4fHzk1Ab6k2dgcAJH185KWX,SOL,chainabuse:OTHER,chainabuse_crawl,OTHER,votes=1;checked=False,2026-07-23
8Yc2WpXMLmTDBgSLqxsioiWum2mjz17mnzGJimsc6X4v,SOL,chainabuse:RUG_PULL,chainabuse_crawl,RUG_PULL,label=Solana;votes=1;checked=False,2026-07-23
HzemHpoMJXUKxdMDBEFmysVEpTiAQdrd9xcgXiZGdL41,SOL,chainabuse:RUG_PULL,chainabuse_crawl,RUG_PULL,votes=1;checked=False,2026-07-23
G2YxRa6wt1qePMwfJzdXZG62ej4qaTC7YURzuh2Lwd3t,SOL,chainabuse:AIRDROP+OTHER+OTHER_HACK+PHISHING+RUG_PULL,chainabuse_crawl,AIRDROP|OTHER|OTHER_HACK|PHISHING|RUG_PULL,votes=1;checked=False,2026-07-23
3urU1WiAbsvH7jQfhG2FfrBtBh7XYPP9KgM41CYaiv8T,SOL,chainabuse:OTHER+RUG_PULL,chainabuse_crawl,OTHER|RUG_PULL,label=withdraw address;votes=1;checked=False,2026-07-23
HjKkxYmvekKYo1WhWJivx5SeZxKP2vJ9CCZp9ZmvCCKq,SOL,chainabuse:RUG_PULL,chainabuse_crawl,RUG_PULL,votes=1;checked=False,2026-07-23
HwhJLSmqTeKWZzuKuiybe9mcosgNzPVnxTjZ27ZDFHqu,SOL,chainabuse:OTHER_HACK,chainabuse_crawl,OTHER_HACK,votes=1;checked=False,2026-07-23
9KrRRRLd99PnA67duMUjrWhUyoGUNrBaQ33bziALdrmC,SOL,chainabuse:OTHER_HACK,chainabuse_crawl,OTHER_HACK,votes=1;checked=False,2026-07-23
2kLGHJM4ewJ9Ssn1JY9ML9DqXNJRtz23ECYbA8BMSptk,SOL,chainabuse:AIRDROP,chainabuse_crawl,AIRDROP,label=Main;votes=1;checked=False,2026-07-23
6qqdhpWKABvNqVehGb415VriuKEmhw8Cyd7tpTV4vDCg,SOL,chainabuse:AIRDROP,chainabuse_crawl,AIRDROP,label=Funded By;votes=1;checked=False,2026-07-23
CS3uuoLDQi6zz9Y3Ur96hB3sjRur85mAxz4xfNMdPaX1,SOL,chainabuse:PHISHING,chainabuse_crawl,PHISHING,votes=1;checked=False,2026-07-23
9PvzcSven8hXSHskyJQQHKD5YFi1c9RZqi8pswJMJTwd,SOL,chainabuse:OTHER_HACK,chainabuse_crawl,OTHER_HACK,votes=1;checked=False,2026-07-23
3bEE4Te32SEc9VQb58E14nXTgqJpY2CyRLyS9Mshf5oL,SOL,chainabuse:OTHER_HACK,chainabuse_crawl,OTHER_HACK,votes=1;checked=False,2026-07-23
4QFiKg8ejx5LfqqLNbnKsiCnbEgRtgakBF6abMrkquKW,SOL,chainabuse:PHISHING,chainabuse_crawl,PHISHING,label=Recipient of stolen funds;votes=1;checked=False,2026-07-22
9PtDdhgPxHWy59D7jPCrCfxvdgkfqVoxdAgK3HdSgoZ,SOL,chainabuse:OTHER,chainabuse_crawl,OTHER,votes=1;checked=False,2026-07-21
9PtDdhpGPxHWy59D7jPCrCfxvdgkfqVoxdAgK3HdSgoZ,SOL,chainabuse:OTHER,chainabuse_crawl,OTHER,votes=1;checked=False,2026-07-21
D9637R7EadaeyVZCzZyBX2mYVpGPf2ST5NTMf6hdfm34,SOL,chainabuse:OTHER,chainabuse_crawl,OTHER,votes=1;checked=False,2026-07-21
25f54WHJPdCefYynedNsVYq1jsMAMNrwtTwGZMUb3qSu,SOL,chainabuse:OTHER_HACK,chainabuse_crawl,OTHER_HACK,votes=1;checked=False,2026-07-21
4D8qUHm334fxqeTauPvF8gQ7fYgrD4Mpmb1Wy6ftUSWR,SOL,chainabuse:FAKE_PROJECT,chainabuse_crawl,FAKE_PROJECT,votes=1;checked=False,2026-07-20
VMtGM3Dimekqxr5eFsRXawZEmwTpfKdPctQiYExDrag,SOL,chainabuse:RUG_PULL,chainabuse_crawl,RUG_PULL,votes=1;checked=False,2026-07-20
EmN5fE5bSgKakLE2jwStWPaXW1NwkQY6KkNkoeEhCZAs,SOL,chainabuse:OTHER,chainabuse_crawl,OTHER,votes=1;checked=False,2026-07-20
5qGhuGhx57NeReQL2FyLCvr1wWqn2iWx8GSLcVgNRCo7,SOL,chainabuse:PHISHING,chainabuse_crawl,PHISHING,votes=1;checked=False,2026-07-20
XaNH3vWpVSaERzKtRgHqdhp5JjNJtpocefLKrNq2oxW,SOL,chainabuse:OTHER_HACK,chainabuse_crawl,OTHER_HACK,votes=1;checked=False,2026-07-19
DBfg5ZjHbYc7w82FFJY37ByGsGC5nLc2HTwTWkNZui3o,SOL,chainabuse:PHISHING,chainabuse_crawl,PHISHING,votes=1;checked=False,2026-07-19
DqEH6LujjZgAUuP1VGrEzPtVN2DpqbbdvvM46F7PFBmi,SOL,chainabuse:PHISHING,chainabuse_crawl,PHISHING,votes=1;checked=False,2026-07-19
DpqGBmkc6SrY2vA1Yb5KuH571WW1oQJjJdD3d2kupump,SOL,chainabuse:PHISHING,chainabuse_crawl,PHISHING,votes=1;checked=False,2026-07-19
C9vQNCBq3DoegGDBs3LNxQaFuVZrPUFp2JzgEtGzzFwE,SOL,chainabuse:PHISHING,chainabuse_crawl,PHISHING,votes=1;checked=False,2026-07-19
G6z42cmtUvuGazX4iYd3Q5r85iNP9rmUxQEqRdpVhTyD,SOL,chainabuse:PHISHING,chainabuse_crawl,PHISHING,label=direct wallet of theft;votes=1;checked=False,2026-07-19
5yASLjtNssGXDv6bR9e71WXKxRymDiUzbgkGPqkQNgRn,SOL,chainabuse:PHISHING,chainabuse_crawl,PHISHING,label=master wallet;votes=1;checked=False,2026-07-19
4grW9aZkZTR6TwW5nWGYJXaE5V1JAyDEXxiU88zNBrzm,SOL,chainabuse:PHISHING+SIM_SWAP,chainabuse_crawl,PHISHING|SIM_SWAP,label=Wallet drainer;votes=1;checked=False,2026-07-19
BEYzc2g85nZQBmLoJJb9iayK67oACxJo9c6AsR9Wb31c,SOL,chainabuse:IMPERSONATION,chainabuse_crawl,IMPERSONATION,votes=1;checked=False,2026-07-18
HsFXoJKU8Lhoe9MrvGKn7R6kUP4zSL7BTtBzRFVa4bG4,SOL,chainabuse:FAKE_RETURNS,chainabuse_crawl,FAKE_RETURNS,votes=1;checked=False,2026-07-18
5RsCLuqHtVNGheVSnHDNKTHDYKZnknKJRjtuGALsi2iz,SOL,chainabuse:FAKE_RETURNS,chainabuse_crawl,FAKE_RETURNS,votes=1;checked=False,2026-07-18
7SP9jCBCESvZSfhnkujeTjCA7WDEz868rAJE1AucjLNH,SOL,chainabuse:FAKE_RETURNS,chainabuse_crawl,FAKE_RETURNS,label=This have 145k;votes=1;checked=False,2026-07-18
77bKf6Y49TzKacj5fWg3j8ajfLSefLBsbZM92fdjGbLu,SOL,chainabuse:PHISHING,chainabuse_crawl,PHISHING,votes=1;checked=False,2026-07-17
AdmQNzoYAR9ReWHszonfhUPfTSZQ5caXKPkkcW562AkH,SOL,chainabuse:PHISHING,chainabuse_crawl,PHISHING,votes=1;checked=False,2026-07-17
9Cff7HnXz5uf96S5kLZz4rpv16ibhXqWZRcM2zZziuR8,SOL,chainabuse:FAKE_RETURNS,chainabuse_crawl,FAKE_RETURNS,votes=1;checked=False,2026-07-17
6ooTF5r9P3nZixoUsc7San2C5LuLgNTy689kC33gbr6h,SOL,chainabuse:IMPERSONATION,chainabuse_crawl,IMPERSONATION,votes=1;checked=False,2026-07-17
8P8vZQ5Lk6GDCVDXddrBw88ZbZbf3qzwRAP7hpviwN6m,SOL,chainabuse:IMPERSONATION,chainabuse_crawl,IMPERSONATION,votes=1;checked=False,2026-07-17
6vSqVzHZkMaUU36rR7RNgJaNb85grcQt9xm7sCSYinHk,SOL,chainabuse:IMPERSONATION,chainabuse_crawl,IMPERSONATION,votes=1;checked=False,2026-07-17
CbPChY99FrcMytvGw8t3B9BLRdWHdePu7xZM8Adbz2Ph,SOL,chainabuse:IMPERSONATION,chainabuse_crawl,IMPERSONATION,votes=1;checked=False,2026-07-17
D8hFWBWv3SsXXSC3yejbXnK4NvKBno5z6ZLBQxXix9vm,SOL,chainabuse:IMPERSONATION,chainabuse_crawl,IMPERSONATION,votes=1;checked=False,2026-07-17
7KEqHRqRu7NmQMp1VNKMTeeQvym9GZynfD8MEskaYprm,SOL,chainabuse:IMPERSONATION,chainabuse_crawl,IMPERSONATION,votes=1;checked=False,2026-07-17
39ZQDsGBBphL7y8AuKfzhXaz1J6vaZZBYDfvGnaX1Smw,SOL,chainabuse:IMPERSONATION,chainabuse_crawl,IMPERSONATION,votes=1;checked=False,2026-07-17
2RWRGVeAA7jSChTdKk6wLpWcXUBpGDJY6Np3271HpLfS,SOL,chainabuse:PHISHING,chainabuse_crawl,PHISHING,votes=1;checked=False,2026-07-17
7JaRJNex7SExfKQB4cat6RsBvoKTDS6jpRStvJAXEsxf,SOL,chainabuse:RUG_PULL,chainabuse_crawl,RUG_PULL,votes=1;checked=False,2026-07-16
FCPwCE4TNuQKwLwPJrfvSTfSdhN6a7Nc6mtHi8yuFt7p,SOL,chainabuse:PHISHING,chainabuse_crawl,PHISHING,votes=1;checked=False,2026-07-16
4ZnDsR6H486nNEU7YqNLWNbNWyz51xKt3Cv9vigTMATm,SOL,chainabuse:OTHER_HACK+PHISHING,chainabuse_crawl,OTHER_HACK|PHISHING,label=drainer addy;votes=1;checked=False,2026-07-16
BANKRDd2XuQda4hshP1sBqUngNYEV2bur9XeiQC23tje,SOL,chainabuse:RUG_PULL,chainabuse_crawl,RUG_PULL,votes=1;checked=False,2026-07-15
AJxa2qcrmrHd4ZUUNBmXGhANc5CRjLwzjLu2Ey8Juopy,SOL,chainabuse:RUG_PULL,chainabuse_crawl,RUG_PULL,votes=1;checked=False,2026-07-15
ApVitvHvYX2NYxfzornWWDXEi385kf8fYEuXjuyYfLUj,SOL,chainabuse:RUG_PULL,chainabuse_crawl,RUG_PULL,votes=1;checked=False,2026-07-15
FNWzestK1LwA5Hadon8NfkHxw4uTcThc4cfWDnkokcdj,SOL,chainabuse:RUG_PULL,chainabuse_crawl,RUG_PULL,votes=1;checked=False,2026-07-15
2tvG7qWPYKo7rG2SUFsQXLMAkackYVfWdqP1rZPZFPU1,SOL,chainabuse:RUG_PULL,chainabuse_crawl,RUG_PULL,votes=1;checked=False,2026-07-15
Bvs26tCpTbQhM8wei8sFj7ecfeKWjDznBjpHsDGkqda2,SOL,chainabuse:RUG_PULL,chainabuse_crawl,RUG_PULL,votes=1;checked=False,2026-07-15
5FxDAnbJMeWfcQVppmeoh43Tdoq6EVr3f7biBcVikKcd,SOL,chainabuse:PHISHING,chainabuse_crawl,PHISHING,votes=1;checked=False,2026-07-14
6w51jMDPAMrYh3UwCTkD9CfKknJchRvKR4JsmGwXTBXo,SOL,chainabuse:PHISHING,chainabuse_crawl,PHISHING,votes=1;checked=False,2026-07-14
9Ws5GF8ViemNfrzbybsWHfVCy8kPNbJcjiFWbvGn64La,SOL,chainabuse:FAKE_RETURNS+OTHER_HACK+PHISHING,chainabuse_crawl,FAKE_RETURNS|OTHER_HACK|PHISHING,votes=2;checked=False,2026-07-14
5ZEMd32pakCMJAL1vMSojkCYRrbQondipjM8CUHE5iek,SOL,chainabuse:PHISHING,chainabuse_crawl,PHISHING,votes=1;checked=False,2026-07-14
6aFAoqe2rgSchH4tKVo4S5JHxNUF2t3gGhc8ZtZjRgn8,SOL,chainabuse:PHISHING,chainabuse_crawl,PHISHING,votes=1;checked=False,2026-07-14
CKfQyZobt8a5AcgKXJAYoZzSGDysYZE38C8tooiV9ocx,SOL,chainabuse:PHISHING,chainabuse_crawl,PHISHING,votes=1;checked=False,2026-07-13
DCjQqb4UMg8cszX55aAvGbZwxRE6pSyhS4bskTqCzWU1,SOL,chainabuse:PHISHING,chainabuse_crawl,PHISHING,votes=1;checked=False,2026-07-13
6348VafwxPfXzyy36cFi6DzMEh34JPcnRuso6zqeHHN4,SOL,chainabuse:PHISHING,chainabuse_crawl,PHISHING,votes=1;checked=False,2026-07-13
JDPHxJdLf7ysAJDHUaox5fp1PYSZ9nxTozMQMkkKScHr,SOL,chainabuse:IMPERSONATION+OTHER_HACK+PHISHING,chainabuse_crawl,IMPERSONATION|OTHER_HACK|PHISHING,votes=1;checked=False,2026-07-12
BYwN775TEuTtqsA1PfQtYcEqrFE1WJx7CFUYfAVQDBth,SOL,chainabuse:PHISHING,chainabuse_crawl,PHISHING,votes=1;checked=False,2026-07-11
7sK6ydbmuwQcj2UqSsAyZzgWw23jm1a8c88w5dnNtNU5,SOL,chainabuse:PHISHING,chainabuse_crawl,PHISHING,votes=1;checked=False,2026-07-11
4LF9aewa5au1XMDqXhm41ww48S2dVEqL8RNsR8o6ff5p,SOL,chainabuse:OTHER,chainabuse_crawl,OTHER,votes=1;checked=False,2026-07-11
7HU9T9CBigyRsuP3JH6SP3gsuUnJNBznYk3K8iyaQKST,SOL,chainabuse:FAKE_PROJECT,chainabuse_crawl,FAKE_PROJECT,votes=1;checked=False,2026-07-10
GK4Note9oHQY84JEtBFBRb6rBS8mSqryFQffdrWv67cR,SOL,chainabuse:PHISHING,chainabuse_crawl,PHISHING,votes=1;checked=False,2026-07-10
9DL9edtE5MMxe3XNF46LPaNkD458urVTGw3nXsUAviGM,SOL,chainabuse:FAKE_PROJECT,chainabuse_crawl,FAKE_PROJECT,votes=1;checked=False,2026-07-10
6uaP4qDYVuRhqK5psvncoDTwmFfcHQNXyqENiB8eUZnJ,SOL,chainabuse:OTHER_HACK,chainabuse_crawl,OTHER_HACK,votes=1;checked=False,2026-07-10
Caiopm9j9Hsk7FX915hCNmPY6J7Dx1ziTSxdHKS7kBtP,SOL,chainabuse:OTHER_HACK,chainabuse_crawl,OTHER_HACK,votes=1;checked=False,2026-07-10
AQ49yUbqp2K1cTsG7vSfnGsK6MKcuzXjeEWTmXHR3Pcp,SOL,chainabuse:OTHER_HACK,chainabuse_crawl,OTHER_HACK,votes=1;checked=False,2026-07-10
5NtafrEMimCFo3saB9eoGUfxsE5F13zghvyPhkqHtx1M,SOL,chainabuse:IMPERSONATION,chainabuse_crawl,IMPERSONATION,votes=1;checked=False,2026-07-09
7MvVBmRpMz55SrGK7iZv3HzdNCgG5Z7tKb78qfyNAug4,SOL,chainabuse:FAKE_PROJECT,chainabuse_crawl,FAKE_PROJECT,label=YourSubAI payment wallet;votes=1;checked=False,2026-07-09
34xHecXbkqUmTP8nFdaRrxfSi7uRj6j67fwaSqHCux3E,SOL,chainabuse:OTHER_HACK,chainabuse_crawl,OTHER_HACK,label=Inital of 7.015 SOL ;votes=1;checked=False,2026-07-09
huXkoiVPwHKoYrfHbgyGqYQNU2maNPfNbAcQ18iQHxC,SOL,chainabuse:AIRDROP,chainabuse_crawl,AIRDROP,votes=1;checked=False,2026-07-09
3F6CMF9PrCjAkN7XeEkNVPhU5P1UhdCLw4mMB8dPimKH,SOL,chainabuse:PHISHING,chainabuse_crawl,PHISHING,votes=1;checked=False,2026-07-08
EfQXY62LycqpSL1qg73wsRWdgCmLH5DemFojfxvwzsUj,SOL,chainabuse:RUG_PULL,chainabuse_crawl,RUG_PULL,votes=1;checked=False,2026-07-08
3BX9GesmPq4Zf1aHQRgrnVRc4SB51pECq8tYKhau1Zme,SOL,chainabuse:OTHER_HACK,chainabuse_crawl,OTHER_HACK,votes=1;checked=False,2026-07-07
FhGerzPKZu9othFd49CcXxrJKfRbVzVG4MC22MQHKGuE,SOL,chainabuse:FAKE_PROJECT,chainabuse_crawl,FAKE_PROJECT,votes=1;checked=False,2026-07-07
9oTpxChJtsod6zx9cTtQjCBo1tfaFYMx63xdgoS4MbfZ,SOL,chainabuse:OTHER_HACK,chainabuse_crawl,OTHER_HACK,votes=1;checked=False,2026-07-07
H4hZg6VV7j6NXP5zAV38CFUkeekkj7Ax9qdn4GAXNLs7,SOL,chainabuse:OTHER_HACK,chainabuse_crawl,OTHER_HACK,votes=1;checked=False,2026-07-07
9SxavcSLeM1wKv9Mdzm7tSWeoWcZmfXynJJgFdCRzX4X,SOL,chainabuse:OTHER_HACK,chainabuse_crawl,OTHER_HACK,votes=1;checked=False,2026-07-07
5agMqVteYjriw3hGsurFCa8h4RSMgyZqT1cs6uCPGxev,SOL,chainabuse:OTHER_HACK,chainabuse_crawl,OTHER_HACK,votes=1;checked=False,2026-07-07
6QVb64GosYS4vmxjoYkiMqoPJ9DihyyQCGk8fxRrjzQY,SOL,chainabuse:OTHER_HACK,chainabuse_crawl,OTHER_HACK,votes=1;checked=False,2026-07-07
Fd7U7wgXAUfNYhVHYFTmPCBRRuvDipEAjrPAr7oHXEVa,SOL,chainabuse:OTHER_HACK,chainabuse_crawl,OTHER_HACK,votes=1;checked=False,2026-07-07
F3juE2TbTyW3Roz7GSHyX8zZVLgnxfFPJUDwJMkiPDCS,SOL,chainabuse:PHISHING,chainabuse_crawl,PHISHING,votes=1;checked=False,2026-07-07
291bvfUe8gwCdoStRg4ykr7GMWdhURep7gYXT6b8pFgU,SOL,chainabuse:PHISHING,chainabuse_crawl,PHISHING,votes=1;checked=False,2026-07-07
6zBjTYzqNh1XmuihQuzMj1qtYiautZRQ2kSyFV86s4gg,SOL,chainabuse:OTHER,chainabuse_crawl,OTHER,votes=1;checked=False,2026-07-07
8gSoZCjhH6dgo8i7wAqAzf7cwU9Njuib1yKZiSUWeduz,SOL,chainabuse:PHISHING,chainabuse_crawl,PHISHING,votes=1;checked=False,2026-07-07
3BnAkQgBftpZRUyKYiQWkrb7V1mUsmSF6qJ24FPcvFNE,SOL,chainabuse:RUG_PULL,chainabuse_crawl,RUG_PULL,votes=1;checked=False,2026-07-07
7LR3hbtBtPSWAjw6oBHB4XBWN6txCBLdh5YJiWj2p6rc,SOL,chainabuse:PHISHING,chainabuse_crawl,PHISHING,votes=1;checked=False,2026-07-06
6r2YS2BTtzr3g95qbTtnwP4YN7k8VtAmtfDnw34ZCjHt,SOL,chainabuse:OTHER_HACK,chainabuse_crawl,OTHER_HACK,votes=1;checked=False,2026-07-06
So1QDRFgrbjRM4UmabfjRaCKsUKrvej8BrUgfPMMyvZ,SOL,chainabuse:PHISHING,chainabuse_crawl,PHISHING,label=Program account;votes=1;checked=False,2026-07-06
4PG6e97DLCn2PRN4ZMmTLg83jsetrDkvamr3JiXoiffa,SOL,chainabuse:PHISHING,chainabuse_crawl,PHISHING,votes=1;checked=False,2026-07-06
syspv6Qe5BbK8GPEjLbMnmF9hZy7juAuePbuspciCFP,SOL,chainabuse:PHISHING,chainabuse_crawl,PHISHING,votes=1;checked=False,2026-07-06
2XxegSqY92y6mAb7fpJBpArxQyxLYhp2DsrEubjYmfxR,SOL,chainabuse:PHISHING,chainabuse_crawl,PHISHING,votes=1;checked=False,2026-07-06
4cfdFcVuJf8PPXpMWPMCDehSE4gV4C8oYwpZnLra7rtW,SOL,chainabuse:PHISHING,chainabuse_crawl,PHISHING,votes=1;checked=False,2026-07-06
7k1LSFoUeYAFrM3HXt4KA9fUFM5R7P1fu5KsDVrLhUTP,SOL,chainabuse:FAKE_PROJECT,chainabuse_crawl,FAKE_PROJECT,label=Main scam wallet;votes=1;checked=False,2026-07-05
HPYjBMSg76zf7KwJox27Xo8ouUHfpMwJs4rDvHPSKFVU,SOL,chainabuse:FAKE_PROJECT,chainabuse_crawl,FAKE_PROJECT,label=10 SOL receiver;votes=1;checked=False,2026-07-05
4HjmdNVLPzP4F6YzoErmB82g78ePaUns7EfhXjCCBZ6o,SOL,chainabuse:FAKE_PROJECT,chainabuse_crawl,FAKE_PROJECT,label=3 SOL receiver;votes=1;checked=False,2026-07-05
96BhVC4A15SCMk6pf5o8jWABFBNoPvRgL3LtiP12asE1,SOL,chainabuse:FAKE_PROJECT,chainabuse_crawl,FAKE_PROJECT,label=PSOL sender wallet;votes=1;checked=False,2026-07-05
Hmfe6JjSZCjQNS7J1Q852bqhCowsPRMAmPppWjrdAi8b,SOL,chainabuse:FAKE_PROJECT,chainabuse_crawl,FAKE_PROJECT,label=PSOL redeem owner;votes=1;checked=False,2026-07-05
6Kvo5kgXPnC94hLz718TMR8nh8DdLdrMqGaSRqnbEBPy,SOL,chainabuse:FAKE_PROJECT,chainabuse_crawl,FAKE_PROJECT,label=PSOL redeem acct;votes=1;checked=False,2026-07-05
62yMoLueZUP5X2dtEyJgGPncBVryKckQGgpmsKLimHuq,SOL,chainabuse:FAKE_PROJECT,chainabuse_crawl,FAKE_PROJECT,label=PSOL source acct;votes=1;checked=False,2026-07-05
9aFUrL5bp7jKTLJqFXnKUiiwXpCPjRY6G6YetSTv8XQQ,SOL,chainabuse:FAKE_PROJECT,chainabuse_crawl,FAKE_PROJECT,label=Fake PSOL mint;votes=1;checked=False,2026-07-05
BF5QYFYrVsMiCkuqaJJN7Gy2dUJT8QK1RYuhJqQrMck4,SOL,chainabuse:OTHER,chainabuse_crawl,OTHER,votes=1;checked=False,2026-07-05
6xNkEDF8NCdskNWy4d7oa3H1QHHzbt4DSc9binsGbkAB,SOL,chainabuse:RUG_PULL,chainabuse_crawl,RUG_PULL,label=Dev wallet;votes=1;checked=False,2026-07-05
F7Wf2wQzCUQTEc5CGiYsbG73j2mBxMXRPEaAQUWurpyQ,SOL,chainabuse:RUG_PULL,chainabuse_crawl,RUG_PULL,label=Fee-claim wallet;votes=1;checked=False,2026-07-05
6qdsxrus5u3Bc5y5hSiMu4ygCXztWVoLy8CfknnHR7eH,SOL,chainabuse:RUG_PULL,chainabuse_crawl,RUG_PULL,votes=1;checked=False,2026-07-05
C1mZz467AKUrJFMmrW5MNw1jKfaW8k58178BGfuMZNSA,SOL,chainabuse:OTHER_HACK,chainabuse_crawl,OTHER_HACK,votes=1;checked=False,2026-07-04
79oBE5SQjyMC3pXAEmo3L5VWw8rr7voRvtMAF5WCo58d,SOL,chainabuse:IMPERSONATION,chainabuse_crawl,IMPERSONATION,votes=1;checked=False,2026-07-04
3ShLRgNdPiLBAoNbY7ds2dF1Dde6uJs4zjcVT6QpNwgF,SOL,chainabuse:OTHER_HACK,chainabuse_crawl,OTHER_HACK,votes=1;checked=False,2026-07-03
5U3raLbMwMqFyEfen4bbvzCRUYwU5VropjvozheDYyHj,SOL,chainabuse:OTHER_HACK,chainabuse_crawl,OTHER_HACK,votes=1;checked=False,2026-07-03
Br6AAwCj4rysVVi51mE7sTodxVHGC5zLExV1uzU2tezV,SOL,chainabuse:PIGBUTCHERING,chainabuse_crawl,PIGBUTCHERING,label=2 Solana lost;votes=1;checked=False,2026-07-03
6T5F72yntxjFb6ZCtwcbAhu6QrEikicFZkpJFRnjeGQL,SOL,chainabuse:PIGBUTCHERING,chainabuse_crawl,PIGBUTCHERING,label=1 Solana Lost;votes=1;checked=False,2026-07-03
842U56G1RS6NNib6eMf6wYCucczhdpVSW62vUNsqyCX,SOL,chainabuse:OTHER,chainabuse_crawl,OTHER,votes=1;checked=False,2026-07-02
47XLJ9FLqB7FEACXdHruDyTGevggkGdQpijcYBQuzVNS,SOL,chainabuse:PHISHING,chainabuse_crawl,PHISHING,votes=1;checked=False,2026-07-02
ESF2hWPfegcHBCbdvn9pjS6aRy18FtjATz4aD1JvfYYp,SOL,chainabuse:PHISHING,chainabuse_crawl,PHISHING,votes=1;checked=False,2026-07-02
AGBJticPBTyGh2GZJrbhJNdQY7bL8QbV11EHHj7oLAPg,SOL,chainabuse:PHISHING,chainabuse_crawl,PHISHING,votes=1;checked=False,2026-07-02
HDE7FuC7bFf6THCv2d9WGjkPzPWKTpWuwriDiV4TGzuM,SOL,chainabuse:PHISHING,chainabuse_crawl,PHISHING,votes=1;checked=False,2026-07-02
GzizsojCmH3JUzepHPAjQJejm6nivFzrtsWgiTG2azhx,SOL,chainabuse:PHISHING,chainabuse_crawl,PHISHING,votes=1;checked=False,2026-07-02
AterknEjBrfEsWe83fXrFLVqQSWt3mT4A9WEyCUQ2jdd,SOL,chainabuse:PHISHING,chainabuse_crawl,PHISHING,votes=1;checked=False,2026-07-02
B1QcUZFdygXriZm4HkmcUkPTMsxKU9fbWmF8twdFgMRn,SOL,chainabuse:PHISHING,chainabuse_crawl,PHISHING,votes=1;checked=False,2026-07-02
6eDi32s86fFaV6XmNFbt7AqicwTBXcn2K9GZEtuFqXoh,SOL,chainabuse:PHISHING,chainabuse_crawl,PHISHING,votes=1;checked=False,2026-07-02
GqhQRRYfgGXiGJpG1TsCVBW2R3GrEGr7DHJaBvwLCjq8,SOL,chainabuse:PHISHING,chainabuse_crawl,PHISHING,votes=1;checked=False,2026-07-02
5Ttwc82xm2wvDMiZB5BvZCT9Vd4Xyni32h3htwfN4gXi,SOL,chainabuse:PHISHING,chainabuse_crawl,PHISHING,votes=1;checked=False,2026-07-02
7qdCVrceex2k2PqhZ3NYKg7s5YWzdm8XVHvV7vwRF1LR,SOL,chainabuse:PHISHING,chainabuse_crawl,PHISHING,votes=1;checked=False,2026-07-02
a6j4RNUSA67X5irU23rMd3C5Xv8r5GLAoLA1SfrtLRs,SOL,chainabuse:PHISHING,chainabuse_crawl,PHISHING,votes=1;checked=False,2026-07-02
Gtk1tdyGYq5aB5gC3xeLvc77H6U3y2XXkx1JtzHSFohY,SOL,chainabuse:PHISHING,chainabuse_crawl,PHISHING,votes=1;checked=False,2026-07-02
6fQhK5UjavPXpsELjmDebiHD3wm7PPr4EyeXaW7c5fhG,SOL,chainabuse:PHISHING,chainabuse_crawl,PHISHING,votes=1;checked=False,2026-07-01
AoReaWuX9gJS93p9qah8iB92LfLkFZ8dfpUnTPmPyytB,SOL,chainabuse:JOB_SCAM,chainabuse_crawl,JOB_SCAM,votes=1;checked=False,2026-07-01
64yvA7DdgBppbiM4tT3gGJuSshhpZT7QPdms8B48z8rV,SOL,chainabuse:OTHER,chainabuse_crawl,OTHER,votes=1;checked=False,2026-06-30
CodoSg2tiDtdVC7EiQbhWYVjzza2SxjE9EApYseHrTCv,SOL,chainabuse:OTHER_HACK+PHISHING,chainabuse_crawl,OTHER_HACK|PHISHING,votes=1;checked=False,2026-06-30
EN2BAKdicR3zbCN6ted1zZQivpgMy9v3VM9KGKjX8SKS,SOL,chainabuse:IMPERSONATION,chainabuse_crawl,IMPERSONATION,votes=1;checked=False,2026-06-30
H3G6bgvEpAzwPyPxESv1b8FNwtFsZRVPJdf58WUvBDxo,SOL,chainabuse:OTHER_HACK,chainabuse_crawl,OTHER_HACK,votes=1;checked=False,2026-06-30
7WorhfwJsrPsfPzFTScyi9BsLy4pVNFgGCdMjBrjWA5h,SOL,chainabuse:MAN_IN_THE_MIDDLE_ATTACK,chainabuse_crawl,MAN_IN_THE_MIDDLE_ATTACK,label=initial clipper;votes=1;checked=False,2026-06-29
BgpuViaXmDhnFazbp4TMyT1KmjnfkGGwYrQy6TKo1QD5,SOL,chainabuse:MAN_IN_THE_MIDDLE_ATTACK,chainabuse_crawl,MAN_IN_THE_MIDDLE_ATTACK,label=Automated sweeper;votes=1;checked=False,2026-06-29
9cDDJ5g2wPqVZUZwpPuwqzxN7ouvc6QFauFwrX2TTTAX,SOL,chainabuse:MAN_IN_THE_MIDDLE_ATTACK,chainabuse_crawl,MAN_IN_THE_MIDDLE_ATTACK,label=Master Consolidation;votes=1;checked=False,2026-06-29
EBYipSxXCPzQ3NgerwuqKyZ1U8EUUZysFuxvSAi5tFuu,SOL,chainabuse:OTHER,chainabuse_crawl,OTHER,votes=1;checked=False,2026-06-29
F964itT7RDRttpekK34bB2BjVWpMEXXiLfWpqjjMGkxx,SOL,chainabuse:FAKE_PROJECT,chainabuse_crawl,FAKE_PROJECT,votes=1;checked=False,2026-06-28
Cstmg2wEcK8wQWX9xwdvTA8YL8WBzf2nhDkxUVGMas38,SOL,chainabuse:FAKE_PROJECT,chainabuse_crawl,FAKE_PROJECT,votes=1;checked=False,2026-06-28
4xSK8GWLy1z7BDYaPC5ZAQr665vdgP6TVMarijHyP6dR,SOL,chainabuse:FAKE_PROJECT,chainabuse_crawl,FAKE_PROJECT,votes=1;checked=False,2026-06-28
4AstNaBgHBu1Q7SYobx27TpFKvvMo31xVnkWpdZQnJwi,SOL,chainabuse:FAKE_PROJECT,chainabuse_crawl,FAKE_PROJECT,votes=1;checked=False,2026-06-28
Bvh44jrZKN2GhLP3JrjQsemUEq3o4K8P3ZUmywTU6waC,SOL,chainabuse:IMPERSONATION,chainabuse_crawl,IMPERSONATION,votes=1;checked=False,2026-06-28
5BRDr7rPy3Yy2wjeWFjF2KEMLDrCnuDHyc2BC16MvXpK,SOL,chainabuse:JOB_SCAM,chainabuse_crawl,JOB_SCAM,votes=1;checked=False,2026-06-28
HsCsKHcAsbXZWCUaJ8dkCL6UDS3RzrJR7AaLgrjGqE2y,SOL,chainabuse:RUG_PULL,chainabuse_crawl,RUG_PULL,label=NTFS;votes=1;checked=False,2026-06-28
BwFHuqECedubbTGhgdbEEoGGV84MBSb9kVLbCgQh9fNs,SOL,chainabuse:OTHER,chainabuse_crawl,OTHER,votes=1;checked=False,2026-06-27
isMrbNvxEAnek5bZCkUKbe1QWsF9q5c73SpfVcdJkSR,SOL,chainabuse:OTHER,chainabuse_crawl,OTHER,votes=1;checked=False,2026-06-26
9yQcU5daLCJMf9RiwKH5Znzuhbzy8SUquVxkS1dVZ61,SOL,chainabuse:IMPERSONATION,chainabuse_crawl,IMPERSONATION,votes=1;checked=False,2026-06-26
BiemcsFauvw5bFF9EQnHcdwwkHiSVQSC8LvFA7ZpcUbZ,SOL,chainabuse:PIGBUTCHERING,chainabuse_crawl,PIGBUTCHERING,label= Scammer payout address;votes=1;checked=False,2026-06-26
B5D25afoQoTqvBgPdDwjaMeHCNg3RJFJy3UDEpig8LjU,SOL,chainabuse:PIGBUTCHERING,chainabuse_crawl,PIGBUTCHERING,label=Honeypot token HTX;votes=1;checked=False,2026-06-26
6DTmby3mF6VbxVaF1iSWmx4m5jaHBMtupsw27hBXBvLd,SOL,chainabuse:OTHER_HACK,chainabuse_crawl,OTHER_HACK,votes=1;checked=False,2026-06-25
8Gf2EKqhME6hiYEGjQi4Uz4fXobzhhySkHg5tb4gSRYB,SOL,chainabuse:JOB_SCAM,chainabuse_crawl,JOB_SCAM,votes=1;checked=False,2026-06-25
9qR2ZZ3Z7P673Sbu3NYCxJYcHM4DutgobV79NWadMr3t,SOL,chainabuse:OTHER_HACK,chainabuse_crawl,OTHER_HACK,votes=1;checked=False,2026-06-23
6iPW5HCGRi7GD8S34CGytYM8S5kPHsnZDzxk229VfyC8,SOL,chainabuse:OTHER_HACK+PIGBUTCHERING,chainabuse_crawl,OTHER_HACK|PIGBUTCHERING,votes=1;checked=False,2026-06-23
4nYz74Mny9qXr2ey3R7bJqkqBKMRkoSmNvf2snvzQcH9,SOL,chainabuse:OTHER_HACK+PIGBUTCHERING,chainabuse_crawl,OTHER_HACK|PIGBUTCHERING,votes=1;checked=False,2026-06-23
E5q6Ep5T32EtiF33M1ktvEUKxnxLNuamsKe2DQK9RE4N,SOL,chainabuse:OTHER_HACK,chainabuse_crawl,OTHER_HACK,votes=1;checked=False,2026-06-23
FRKFANQiEbSJ2zBNUB1cvK9cAzNGdsRzJ9THzHWwJNeE,SOL,chainabuse:OTHER_HACK+PIGBUTCHERING,chainabuse_crawl,OTHER_HACK|PIGBUTCHERING,votes=1;checked=False,2026-06-23
G4BeWdTmTef5mFGoYYcZ4Pv8REbpSF3DmyFPS1PR1VfF,SOL,chainabuse:OTHER_HACK+PIGBUTCHERING,chainabuse_crawl,OTHER_HACK|PIGBUTCHERING,votes=1;checked=False,2026-06-23
EAbt6P8USeV5UcV8ouX8G73w2ZVV1rs4Hq3eV2qpMp2W,SOL,chainabuse:RUG_PULL,chainabuse_crawl,RUG_PULL,label=creator wallet;votes=1;checked=False,2026-06-23
HgnZWMm9rh7267Wb8ub7s8YQEj8tGCFxtsSDfudH7JAm,SOL,chainabuse:RUG_PULL,chainabuse_crawl,RUG_PULL,label=2nd coin address;votes=1;checked=False,2026-06-23
EugYF9x5h6tov98drjXpuyBPypYsrnhkrFh3GxKTkEoS,SOL,chainabuse:RUG_PULL,chainabuse_crawl,RUG_PULL,label=2nd coin creator ;votes=1;checked=False,2026-06-23
FjVCLqGzQ7XLjxx3foKhHb73wAQ8De38Xo1HDReCemZ4,SOL,chainabuse:OTHER_HACK,chainabuse_crawl,OTHER_HACK,votes=1;checked=False,2026-06-23
2ZMDKd46cGo1D9ZtDSoMWZStS4dWkKxzxEZRtm5vF8u6,SOL,chainabuse:OTHER_INVESTMENT_SCAM,chainabuse_crawl,OTHER_INVESTMENT_SCAM,votes=1;checked=False,2026-06-22
HLRUck58iHXjRDhMUDU5bsAT2SBBssNEkagEfAMAWcgT,SOL,chainabuse:OTHER_INVESTMENT_SCAM,chainabuse_crawl,OTHER_INVESTMENT_SCAM,votes=1;checked=False,2026-06-22
Gqqdgfkn7bcsuBQZEk9oMBkqCv1bRXvPmTLs3sQ9pump,SOL,chainabuse:RUG_PULL,chainabuse_crawl,RUG_PULL,votes=1;checked=False,2026-06-22
Dsh9fu3ybX2bfsMxAzFsd5sxynaTsCMv4ctckJMvKM2J,SOL,chainabuse:FAKE_RETURNS,chainabuse_crawl,FAKE_RETURNS,votes=1;checked=False,2026-06-22
2UoxbkKwhZSvEtTUzWf9aghXi1LJgsgpGApxvFpSdvf3,SOL,chainabuse:OTHER_HACK,chainabuse_crawl,OTHER_HACK,votes=1;checked=False,2026-06-21
4rh8PqPQDvivZuUzgegBh4tGSS14QaHKESr5iDyNQBrg,SOL,chainabuse:OTHER,chainabuse_crawl,OTHER,votes=1;checked=False,2026-06-21
GaZrTHpDKBGdyWKnTVanxYpxAfDKivoruT6YZnPV7vr6,SOL,chainabuse:FAKE_RETURNS,chainabuse_crawl,FAKE_RETURNS,label=First transaction;votes=1;checked=False,2026-06-21
J5S3Y45QMqUbBQxLNAc7Sj6enJiJS9gU2CgHeug4RZs7,SOL,chainabuse:FAKE_RETURNS,chainabuse_crawl,FAKE_RETURNS,label=Second transaction;votes=1;checked=False,2026-06-21
DaP44wF8mKmYki1M5zguvXYAW5XF6sLQEzvdmvcizRqD,SOL,chainabuse:FAKE_PROJECT,chainabuse_crawl,FAKE_PROJECT,votes=1;checked=False,2026-06-21
Brwg5JkwQWj1CRknik18KwxP9Vq9HFPYLTAK4ua3gxSY,SOL,chainabuse:OTHER_HACK,chainabuse_crawl,OTHER_HACK,label=My wallet;votes=1;checked=False,2026-06-21
ATeWTrKWpKVqEakLJodK244ig8ougo3vAoinvUqdzogf,SOL,chainabuse:OTHER_HACK,chainabuse_crawl,OTHER_HACK,label=Hacker wallet;votes=1;checked=False,2026-06-21
DwFDi5RXyomsXAW7L2gYB9fGEjN46YLhfvfi9yXByLq5,SOL,chainabuse:OTHER_HACK,chainabuse_crawl,OTHER_HACK,votes=1;checked=False,2026-06-20
5Ztz9EnKk7SvMWNMr9xe1oyYYA5GZA7eaombj4egmK4Y,SOL,chainabuse:FAKE_RETURNS,chainabuse_crawl,FAKE_RETURNS,votes=1;checked=False,2026-06-20
9rtvZjFNmt5FTR52x8WsqJsCuJP1JkGTH2JvvP2xzzsD,SOL,chainabuse:FAKE_RETURNS,chainabuse_crawl,FAKE_RETURNS,votes=1;checked=False,2026-06-20
FxhGbSRSWQdboAS5LwSTLK37MA2SG3wUpqQVg1B6TuGy,SOL,chainabuse:FAKE_RETURNS,chainabuse_crawl,FAKE_RETURNS,votes=1;checked=False,2026-06-20
CC2Qs8ikyYVaaABVFzT664wnBTypUcoaxAYoKKTfsKVD,SOL,chainabuse:JOB_SCAM,chainabuse_crawl,JOB_SCAM,votes=1;checked=False,2026-06-20
13h3cCmq5NXHwsm8q1iF4UgkoBgBH7QMYJr5ci74M9Bt,SOL,chainabuse:FAKE_RETURNS,chainabuse_crawl,FAKE_RETURNS,votes=1;checked=False,2026-06-20
FYL52u4DR6dU6u2NgGmSxLN9QMWZKssH1TiG72EqZgNn,SOL,chainabuse:IMPERSONATION,chainabuse_crawl,IMPERSONATION,votes=1;checked=False,2026-06-20
DjMaUsJ6CRdpn7MW5LXUR6C67WuaJthRwp9URqR5814F,SOL,chainabuse:PHISHING,chainabuse_crawl,PHISHING,votes=1;checked=False,2026-06-20
5iQTtz4TR4wVwA37mrmsCyThbaSWxeWfo6psnhry5zhy,SOL,chainabuse:PHISHING,chainabuse_crawl,PHISHING,votes=1;checked=False,2026-06-20
GcbGiEgzFcan5yoCfS7bozVFY283xfjWudxyKQpZLvyP,SOL,chainabuse:PHISHING,chainabuse_crawl,PHISHING,votes=1;checked=False,2026-06-20
7FeFBYbewCqXG7LP6gC8Fnqzk7hmQFMtntXVRqnXi4g6,SOL,chainabuse:OTHER_HACK,chainabuse_crawl,OTHER_HACK,votes=1;checked=False,2026-06-18
7XwcnFoJmNDpwqSESNV5LbdSvjZEwWbECnTcPuUTHrgo,SOL,chainabuse:OTHER_BLACKMAIL,chainabuse_crawl,OTHER_BLACKMAIL,votes=1;checked=False,2026-06-18
7RcQBg8F5WkJNX6QFduohtL3RWL6V6cH1CFzagRqYxMq,SOL,chainabuse:OTHER_HACK,chainabuse_crawl,OTHER_HACK,votes=1;checked=False,2026-06-18
3xmAmMoFxtN8AMJtUmN64rdSxg8yMugzto3PpJNh6dve,SOL,chainabuse:JOB_SCAM,chainabuse_crawl,JOB_SCAM,votes=2;checked=False,2026-06-18
HBrtM3Dnh8gTW2DmKZosaZdFx1DrUuGnaBdLJZZJN3Zw,SOL,chainabuse:JOB_SCAM,chainabuse_crawl,JOB_SCAM,votes=2;checked=False,2026-06-18
7dQusqgyjFQ1zteogtgLhrq3jmXkWig3eqgPzvSYD3gf,SOL,chainabuse:PHISHING,chainabuse_crawl,PHISHING,votes=1;checked=False,2026-06-16
3iKDHACSQuNsbWbnFTw6moaVrY2XfVkTapqo9Ww8TTKd,SOL,chainabuse:OTHER_HACK,chainabuse_crawl,OTHER_HACK,votes=1;checked=False,2026-06-16
HYth4qas3w1XYfakkA7gRW7ctgY2DjqsgH7cBbcRskmF,SOL,chainabuse:FAKE_PROJECT,chainabuse_crawl,FAKE_PROJECT,votes=1;checked=False,2026-06-16
7cnP2QkkMfrBX88m4LvueFKKYqwG7aPfYZbdbuQj4TCe,SOL,chainabuse:FAKE_PROJECT,chainabuse_crawl,FAKE_PROJECT,votes=1;checked=False,2026-06-16
8xXoT7CgDyWAt8AZsJRLAEeHABMeXuB4NrMxUC4psTUQ,SOL,chainabuse:FAKE_PROJECT,chainabuse_crawl,FAKE_PROJECT,votes=1;checked=False,2026-06-16
7uC8hGstiSxpZY8SaKMqkDqvzJzmidopNY4t1sDkppMr,SOL,chainabuse:FAKE_PROJECT,chainabuse_crawl,FAKE_PROJECT,votes=1;checked=False,2026-06-16
64RD8bVQeoK9JjxHX1FGfQceiimGHDtPc8grYcU9ysDh,SOL,chainabuse:FAKE_PROJECT,chainabuse_crawl,FAKE_PROJECT,votes=1;checked=False,2026-06-16
4oniAVdmd2rY3QAbmqyuVQ1XKq5GGkS9pbs8C9uBaHJo,SOL,chainabuse:FAKE_PROJECT,chainabuse_crawl,FAKE_PROJECT,votes=1;checked=False,2026-06-16
7DLb43KgMphe9fMp7sGar2ubSy3NGq8c86VmmgjQG2Qd,SOL,chainabuse:FAKE_PROJECT,chainabuse_crawl,FAKE_PROJECT,votes=1;checked=False,2026-06-16
dQfTCVv533m5inqPfskYR4h64yLdayBYSoFqeMEWRMW,SOL,chainabuse:PHISHING,chainabuse_crawl,PHISHING,votes=1;checked=False,2026-06-16
D5qQKZhPTCMonCmQSBFvmRyf29s3QPXEBro1qru18Jhr,SOL,chainabuse:PHISHING,chainabuse_crawl,PHISHING,votes=1;checked=False,2026-06-16
67wafJWWq13und9ozfyFQ3KjS2miYMUT8kccPFKrqYG3,SOL,chainabuse:DONATION_SCAM+PHISHING,chainabuse_crawl,DONATION_SCAM|PHISHING,votes=1;checked=False,2026-06-16
HthQKKW6M9Q8pb27r9xoqjfviiJ3kzdojP8TKqjJpump,SOL,chainabuse:RUG_PULL,chainabuse_crawl,RUG_PULL,votes=1;checked=False,2026-06-16
FKj2xngUAeowKGT8UQvgUAJX4eRxSjUPoaBmqDbTkKG2,SOL,chainabuse:IMPERSONATION,chainabuse_crawl,IMPERSONATION,votes=1;checked=False,2026-06-16
42BEVV1k3XuiP5rwj3uSc4V6qFyX1ZujVzKJ3uerUXtP,SOL,chainabuse:PHISHING,chainabuse_crawl,PHISHING,votes=1;checked=False,2026-06-16
3ND2kqvPX626HJEXPV3zooZU8rv6kMWkKAtriP8Tf5e,SOL,chainabuse:RUG_PULL,chainabuse_crawl,RUG_PULL,votes=1;checked=False,2026-06-16
AZZwSNJ2jxaPDAjkzmFHdEFAfspTLRcVCRTBT2GmQkA,SOL,chainabuse:RUG_PULL,chainabuse_crawl,RUG_PULL,votes=1;checked=False,2026-06-16
D4bNgVdKSXnqPWbiDSMNg6K2LZn1NMo9Duac6kCFL3r5,SOL,chainabuse:OTHER,chainabuse_crawl,OTHER,votes=1;checked=False,2026-06-15
2KLFHdEBgSaV8jhPEKC9rLq7Q1CC6FcyzVKiTyxidwdT,SOL,chainabuse:FAKE_PROJECT,chainabuse_crawl,FAKE_PROJECT,votes=1;checked=False,2026-06-15
7MWAhDTcBjaBUVhiUDPqJwj8kAYNy8duvBUH42s8Kz1B,SOL,chainabuse:OTHER_HACK,chainabuse_crawl,OTHER_HACK,votes=1;checked=False,2026-06-15
F62yiTTau2KgJmkX8s1CuZx3GJ58APJnkdSD4qeC3pCc,SOL,chainabuse:FAKE_PROJECT,chainabuse_crawl,FAKE_PROJECT,label=esta mi billetera de Phan;votes=2;checked=False,2026-06-14
F3c2WMbGmGfzorRtWvdaFxhihkSJs1rAbrmADyP1komv,SOL,chainabuse:FAKE_PROJECT,chainabuse_crawl,FAKE_PROJECT,votes=1;checked=False,2026-06-13
CoCLuJYaW4pW4XDeUh6KCi9YvEFqkBa6strZuPP8rjSL,SOL,chainabuse:OTHER,chainabuse_crawl,OTHER,label=bridge reciver;votes=1;checked=False,2026-06-12
4HmcyhkidHmV87sNSmHy3B2gnjoNfS9HTCMZDhCAziZZ,SOL,chainabuse:OTHER,chainabuse_crawl,OTHER,votes=1;checked=False,2026-06-12
D22TAiPU4bhsKeKzXnsxpQB6XCMLmznDvdSoPA7yx9TK,SOL,chainabuse:OTHER,chainabuse_crawl,OTHER,label=Storage wallet of scammer;votes=1;checked=False,2026-06-12
3jMvAxxTDzGzcE2ynqRrMsJ6BokfYRoWE5XLpTCn2Xq9,SOL,chainabuse:PHISHING,chainabuse_crawl,PHISHING,votes=1;checked=False,2026-06-12
8XWfYpJKBbGyfRiPjpbyQPAJKEfwSjft4eotHYs94nho,SOL,chainabuse:IMPERSONATION,chainabuse_crawl,IMPERSONATION,votes=1;checked=False,2026-06-12
ArxqCgEM7BfNUsQnT8yz1FqYUD1fjhNEsdRdQuM9FToT,SOL,chainabuse:PHISHING,chainabuse_crawl,PHISHING,votes=1;checked=False,2026-06-12
7yHxagw85dncfzs7HtjSzzdBNkuQ4zyDYP2eFvswipPj,SOL,chainabuse:PHISHING,chainabuse_crawl,PHISHING,votes=1;checked=False,2026-06-12
2vbhS8rGxBp8Y3L1A43MECBEJdtvJGMq8gGhgex2k1wZ,SOL,chainabuse:DONATION_SCAM,chainabuse_crawl,DONATION_SCAM,votes=1;checked=False,2026-06-10
4jckx1wqATBPWRjEVWsL1nK6omf3h2AyuJ23ZP7aTRJB,SOL,chainabuse:OTHER_HACK,chainabuse_crawl,OTHER_HACK,votes=1;checked=False,2026-06-10
GV46HgrpAtJbGbFf1an9sW5P2YRnYTfDb4GHv64uVY73,SOL,chainabuse:OTHER_HACK,chainabuse_crawl,OTHER_HACK,votes=1;checked=False,2026-06-10
Fzt6PKXHPq1dKxQiXKurTUnv7qY64zK5cSo5a8dCLMYM,SOL,chainabuse:OTHER_HACK,chainabuse_crawl,OTHER_HACK,votes=1;checked=False,2026-06-10
7XCyCbfJgqghrbMTyfZdpHUFxoZNmHiKrc8RAn5FT6w,SOL,chainabuse:OTHER_HACK,chainabuse_crawl,OTHER_HACK,votes=1;checked=False,2026-06-10
4KbaomSLzYkALNYkB9H5fTqHWnMGrpwJ4zT2NKvC6N9R,SOL,chainabuse:OTHER,chainabuse_crawl,OTHER,votes=1;checked=False,2026-06-09
EfwJn8cXCYhcGrsavxWSDbUFHPrCK9gvdCr6AVywFBPg,SOL,chainabuse:IMPERSONATION+OTHER_HACK,chainabuse_crawl,IMPERSONATION|OTHER_HACK,label=Kucoin;votes=1;checked=False,2026-06-09
GLoyGTsJiS3iDAV66NNsiRWkm1VU6H6UjaywmNdaxs4L,SOL,chainabuse:OTHER_HACK,chainabuse_crawl,OTHER_HACK,votes=1;checked=False,2026-06-09
A8Scw8Yt85anFYzFjBiwcwZjsoDZSdicyNKpiFrCsZQm,SOL,chainabuse:OTHER_HACK,chainabuse_crawl,OTHER_HACK,votes=1;checked=False,2026-06-09
E8RcJDs3SaBP2udWy6bD7576zJ3WitfbVh16vgeqoAgi,SOL,chainabuse:OTHER_HACK,chainabuse_crawl,OTHER_HACK,votes=1;checked=False,2026-06-09
5cZWa1KZQnMPeXTHPRF8JSEPMhzRaHPeAoG1rPtiHGc,SOL,chainabuse:OTHER_HACK,chainabuse_crawl,OTHER_HACK,votes=1;checked=False,2026-06-09
AqiHPM3jYDmEsb9cxyejGGamwaHvyC4YtkjQd8jU3BmR,SOL,chainabuse:PHISHING,chainabuse_crawl,PHISHING,votes=1;checked=False,2026-06-09
Fqa1RmH3ekrDZLczMC7V7jVJ45i5G55Wi9LcAP9ujgqL,SOL,chainabuse:IMPERSONATION,chainabuse_crawl,IMPERSONATION,votes=1;checked=False,2026-06-08
4XgYtS9BvP6acRhGqg5BUuJPjJaFdBLPBqbQd528ykCe,SOL,chainabuse:OTHER_HACK,chainabuse_crawl,OTHER_HACK,votes=1;checked=False,2026-06-08
4oUcfHUf8mah57pkigzUMG9UTRBK8NuirRfn4kbpsNdh,SOL,chainabuse:OTHER_INVESTMENT_SCAM,chainabuse_crawl,OTHER_INVESTMENT_SCAM,votes=1;checked=False,2026-06-08
EGsXk3XYbS1t9XqnvYhRYo2RJJQhfkqV5JcPyBDbimp,SOL,chainabuse:RUG_PULL,chainabuse_crawl,RUG_PULL,votes=1;checked=False,2026-06-06
BjHkVhZJmPbrsv2nVvM7Vv2Q7egEMFdUxpdBqmrLmF9J,SOL,chainabuse:OTHER_HACK,chainabuse_crawl,OTHER_HACK,label=scammer;votes=1;checked=False,2026-06-05
9shuzr4M9Qyn4jwVkm6pBF8WZiBc2n92eEjgiR6ppump,SOL,chainabuse:IMPERSONATION,chainabuse_crawl,IMPERSONATION,votes=1;checked=False,2026-06-05
CTNeyrrzJQiruvgF9TEknBivStwznMquNSr3PgULpump,SOL,chainabuse:IMPERSONATION,chainabuse_crawl,IMPERSONATION,label=Impersonator Contract;votes=1;checked=False,2026-06-05
ExVoxYbFQwaLSsavtLCA1uvRjSMQKAXoHFRbpdHUfKqC,SOL,chainabuse:IMPERSONATION,chainabuse_crawl,IMPERSONATION,label=Impersonator Contract;votes=1;checked=False,2026-06-05
9shuzr4M9Qyn4jwVkm6pBF8WZiBc2n92eEJgiR6ppump,SOL,chainabuse:IMPERSONATION,chainabuse_crawl,IMPERSONATION,votes=1;checked=False,2026-06-05
9rA5muZ5xnj7gaywPsM4dNS72LbpBuXpBFSahoRAN5Fk,SOL,chainabuse:OTHER_HACK+PHISHING,chainabuse_crawl,OTHER_HACK|PHISHING,label=Unauthorized transfer;votes=1;checked=False,2026-06-05
DttWaMuVvTiduZRnguLF7jNxTgiMBZ1hyAumKUiL2KRL,SOL,chainabuse:PHISHING,chainabuse_crawl,PHISHING,label=Unauthorized transfer;votes=1;checked=False,2026-06-05
8J6nEUE5LmjYn8aBBBAnGG3wvHbZ2BzQi9CfRszB3AfD,SOL,chainabuse:AIRDROP,chainabuse_crawl,AIRDROP,votes=1;checked=False,2026-06-05
6C4GNWBdnEfmqrdGcjkUf18qtwZGrFUQ7YDk63UD792w,SOL,chainabuse:AIRDROP,chainabuse_crawl,AIRDROP,votes=1;checked=False,2026-06-05
EdNfoKuyknCjX1dc9DuiwoE8CkNBsfTPiFjUE9s3g9tq,SOL,chainabuse:FAKE_PROJECT,chainabuse_crawl,FAKE_PROJECT,votes=1;checked=False,2026-06-04
4Rx73ussitaMFRB8Cjqn27cQ2opbV4N4DGAzLz7qu2f9,SOL,chainabuse:FAKE_PROJECT,chainabuse_crawl,FAKE_PROJECT,votes=1;checked=False,2026-06-03
8KptJyEQeCkKu47zkKUpdcNfYniJfDt3ZqceMwmMFMcN,SOL,chainabuse:FAKE_PROJECT,chainabuse_crawl,FAKE_PROJECT,votes=1;checked=False,2026-06-03
9svbWoLM2Tch3x64oJWBkVWEEHEgYZZ5Fkbwbvn3CGoC,SOL,chainabuse:FAKE_PROJECT,chainabuse_crawl,FAKE_PROJECT,votes=1;checked=False,2026-06-03
92JNH5HKT9oZgvt8XAw2cYZg3usCgk2k4iPNrgYk8c8E,SOL,chainabuse:FAKE_PROJECT,chainabuse_crawl,FAKE_PROJECT,votes=1;checked=False,2026-06-03
HeodpTHTvPCCdWUaXFNWDeFEopYcHVRGyr2sBS9rEzB4,SOL,chainabuse:IMPERSONATION,chainabuse_crawl,IMPERSONATION,votes=1;checked=False,2026-06-03
9d5DxRKLHq3phdTtdPf5yADFsZkrbZUexy8Mgd2iqhG1,SOL,chainabuse:OTHER_HACK,chainabuse_crawl,OTHER_HACK,votes=1;checked=False,2026-06-03
4CHMNMubxFw1YG2Yr6U1qAKsEvTQnRawFVkDzuY5iiqN,SOL,chainabuse:PHISHING,chainabuse_crawl,PHISHING,votes=0;checked=False,2026-06-03
851EPR7L5SsDc1zokeJGmcR9fPXmu8zHxcdi4Xp3QenS,SOL,chainabuse:OTHER_INVESTMENT_SCAM,chainabuse_crawl,OTHER_INVESTMENT_SCAM,votes=1;checked=False,2026-06-03
DQtQ4n9vWpURf7ncDxmMZXTNixetPitk21NzrgnTinVr,SOL,chainabuse:PHISHING,chainabuse_crawl,PHISHING,votes=1;checked=False,2026-06-02
FoVkXkSCBhygG7vSjUo2MLZC6UNccHHxzaX2q841qHBt,SOL,chainabuse:AIRDROP,chainabuse_crawl,AIRDROP,label=my wallet address where 5;votes=1;checked=False,2026-06-02
6vTUXRSiqjDBRxWZauAkdJ1pfdt9inWyrtVFxVL6HQo1,SOL,chainabuse:AIRDROP,chainabuse_crawl,AIRDROP,label=the first address were tr;votes=1;checked=False,2026-06-02
H448WpJZ3Sfz3iNytH7bYeNHn7QyPhSBWEopQztqP6Xt,SOL,chainabuse:AIRDROP+FAKE_RETURNS,chainabuse_crawl,AIRDROP|FAKE_RETURNS,label=the drain wallet used to ;votes=2;checked=False,2026-06-02
2VahKTvQferFLbJxtnuBU739awQEvAnzGhL59sV7W8NP,SOL,chainabuse:FAKE_PROJECT,chainabuse_crawl,FAKE_PROJECT,votes=1;checked=False,2026-06-02
CbDrBcucZ6DQffoTBoR2qoCAeYBqa3G2DYkvvQiWBLHB,SOL,chainabuse:FAKE_PROJECT,chainabuse_crawl,FAKE_PROJECT,votes=1;checked=False,2026-06-02
GmzcpNryscxxi3EmgxFZ1ydzBTrth4pZyNC1efkaLbMM,SOL,chainabuse:AIRDROP,chainabuse_crawl,AIRDROP,votes=1;checked=False,2026-06-02
GDoMNk8V5eZVT5gWTAwAejcph6mfxsCKtR2u4Z3iMs75,SOL,chainabuse:AIRDROP+PHISHING,chainabuse_crawl,AIRDROP|PHISHING,votes=1;checked=False,2026-06-02
Gkcynq6Uqk4kwRjBFLJpVQ6aFKUX86Uw55dWGVLBnxkC,SOL,chainabuse:AIRDROP,chainabuse_crawl,AIRDROP,votes=1;checked=False,2026-06-02
DLZLD3UDp2byr3pM296KtLCGoBmteGP5koLM6Ad5Ah3D,SOL,chainabuse:AIRDROP,chainabuse_crawl,AIRDROP,votes=1;checked=False,2026-06-02
AVvXsEgnZjd1yNrsC7Yz8HX7pjqCKFsL8T4wkcY6UEBk,SOL,chainabuse:FAKE_PROJECT,chainabuse_crawl,FAKE_PROJECT,votes=1;checked=False,2026-06-02
SkKsTkyVPiNa95rfTNqTigNqKvXnPNNS6L7mHD44j6y,SOL,chainabuse:FAKE_PROJECT,chainabuse_crawl,FAKE_PROJECT,votes=1;checked=False,2026-06-02
EyEjCqbaSpjXjTReHNzz6YjtpLPvwDpY7ouCRv4dRii4,SOL,chainabuse:FAKE_PROJECT,chainabuse_crawl,FAKE_PROJECT,votes=1;checked=False,2026-06-02
DiuumJFrLvqynj26Wdj7sLFGnezYtNzT8fzTzwe9955b,SOL,chainabuse:FAKE_PROJECT,chainabuse_crawl,FAKE_PROJECT,votes=1;checked=False,2026-06-02
G3b3SW9DStUwCB1Pd4XnFzGYLwHkbYcWkkN2fxaqha3v,SOL,chainabuse:FAKE_PROJECT,chainabuse_crawl,FAKE_PROJECT,votes=1;checked=False,2026-06-02
2TV8tG8tfDMtChy4e5HGu3QBpH3oqXL8CZKCk2hMRSLv,SOL,chainabuse:FAKE_PROJECT,chainabuse_crawl,FAKE_PROJECT,votes=1;checked=False,2026-06-02
959DPPheXcTwbp2oVZHiwBfi3KYjvaLGqfYe2BT3QsJe,SOL,chainabuse:FAKE_PROJECT,chainabuse_crawl,FAKE_PROJECT,votes=1;checked=False,2026-06-02
8KGuxtBSQ67pnhZ6pas7bAvdVi4QBJJ7Lyv9eBNmKyNk,SOL,chainabuse:FAKE_PROJECT,chainabuse_crawl,FAKE_PROJECT,votes=1;checked=False,2026-06-02
GYXYzetbr87uJ2PwBJsh4MMe4X67PYdsbDZzEKvjXyCP,SOL,chainabuse:FAKE_PROJECT,chainabuse_crawl,FAKE_PROJECT,votes=1;checked=False,2026-06-01
Es9vMFrzaCERmJfrF4H2FYD4KCoNkY11McCe8BenwNYB,SOL,chainabuse:FAKE_PROJECT,chainabuse_crawl,FAKE_PROJECT,votes=1;checked=False,2026-06-01
BdNQP6vFxdKqP2KqqHjYTvEriDhJsMcaxVzCa3ndrYhx,SOL,chainabuse:FAKE_PROJECT,chainabuse_crawl,FAKE_PROJECT,votes=1;checked=False,2026-06-01
G7FHa9R6wfX3ciw9P2M839ZxdDpsMLQErZR1z2Epump,SOL,chainabuse:FAKE_PROJECT,chainabuse_crawl,FAKE_PROJECT,votes=1;checked=False,2026-06-01
5ZjMmafgvqLJSqTsUwrrcP2hpWgJkGL6HFaS2GRupump,SOL,chainabuse:FAKE_PROJECT,chainabuse_crawl,FAKE_PROJECT,votes=1;checked=False,2026-06-01
4k3Dyjzvzp8eMZWUXbBCjEvwSkkk59S5iCNLY3QrkX6R,SOL,chainabuse:FAKE_PROJECT,chainabuse_crawl,FAKE_PROJECT,votes=1;checked=False,2026-06-01
2Evo7ELME2e5m2sWxQxU1UYZeRM7n7o85jHZZX9KAdGo,SOL,chainabuse:FAKE_PROJECT,chainabuse_crawl,FAKE_PROJECT,votes=1;checked=False,2026-06-01
9ESNNcsNQfn3ZhJKmS5oV1j7QCoZwoCGmWxSDnYUy4tn,SOL,chainabuse:FAKE_PROJECT,chainabuse_crawl,FAKE_PROJECT,votes=1;checked=False,2026-06-01
G8fs7woWdvCwAVE5GSbtTrbr5d1e5VWWrKGpJLHCqFH2,SOL,chainabuse:FAKE_PROJECT,chainabuse_crawl,FAKE_PROJECT,votes=1;checked=False,2026-06-01
JDAuW6CaB6BsNr2o4rav25PPuyERUqodZ7Lsz53XjkqB,SOL,chainabuse:FAKE_PROJECT,chainabuse_crawl,FAKE_PROJECT,votes=1;checked=False,2026-06-01
G8ZVtVa2MCkxYvVghq9TTrNMFPT1NHqDp43EtXJbdNtA,SOL,chainabuse:FAKE_PROJECT,chainabuse_crawl,FAKE_PROJECT,votes=1;checked=False,2026-06-01
76QPFwftz4s3xwQMa8kisTa55xWcswhUJ6kkLEN9xHZj,SOL,chainabuse:FAKE_PROJECT,chainabuse_crawl,FAKE_PROJECT,votes=1;checked=False,2026-06-01
4G9nH6tvh7ZCzhWo7vN4KByWRqDfFnM9ucfYe2e6dkd7,SOL,chainabuse:FAKE_PROJECT,chainabuse_crawl,FAKE_PROJECT,votes=1;checked=False,2026-06-01
HP5Vv4YmpWzg8NfRCEgzTjQm95hRGQBzTsHr7LyrG7HD,SOL,chainabuse:FAKE_PROJECT,chainabuse_crawl,FAKE_PROJECT,votes=1;checked=False,2026-06-01
G4C3eRCfpW7w4ecix9RnTqrQVrZi7Gg6PfdC1Ssoj2Xf,SOL,chainabuse:FAKE_PROJECT,chainabuse_crawl,FAKE_PROJECT,votes=1;checked=False,2026-06-01
DF6JTmrtDH1ujAnvMAkpLDXKAqghwpb9NuJqyAxBvgQz,SOL,chainabuse:FAKE_PROJECT,chainabuse_crawl,FAKE_PROJECT,votes=1;checked=False,2026-06-01
54kmVYpvNB4yVzvvpV3eBUdRKUAqFqXVszXZAWCe7RdT,SOL,chainabuse:FAKE_PROJECT,chainabuse_crawl,FAKE_PROJECT,votes=1;checked=False,2026-06-01
4j9W5Ft57Yi2tN7yrfQQL1158vL8JC9V6LBpmVESoF2B,SOL,chainabuse:FAKE_PROJECT,chainabuse_crawl,FAKE_PROJECT,votes=1;checked=False,2026-06-01
AvbXC7TpkjFNgPMjXVnj9aYvTu3U7azxekg3QGi52zWf,SOL,chainabuse:FAKE_PROJECT,chainabuse_crawl,FAKE_PROJECT,votes=1;checked=False,2026-06-01
F8Ank8ggpgeGB5TkNKQvMUz39NUE2MpCjZeCZzpxURwa,SOL,chainabuse:FAKE_PROJECT,chainabuse_crawl,FAKE_PROJECT,votes=1;checked=False,2026-06-01
H6eQpgRp5Ctgct95FdgLBB7z3eWwuP9KVQLRQmScME4E,SOL,chainabuse:PHISHING,chainabuse_crawl,PHISHING,votes=1;checked=False,2026-06-01
H6eQpgRp5Ctgct95FdgLBB7z3eWwuP9KVQLRQmScM4ME,SOL,chainabuse:PHISHING,chainabuse_crawl,PHISHING,votes=1;checked=False,2026-06-01
7kr2Su1tC1hZrPLGt3AnA4x1p82PmTNFbLm6JokgENYT,SOL,chainabuse:FAKE_PROJECT,chainabuse_crawl,FAKE_PROJECT,votes=1;checked=False,2026-06-01
sT6JfSHA76Vr5Mu8TPH438jzv1ZE4KHn8UiTjwA5vGw,SOL,chainabuse:FAKE_PROJECT,chainabuse_crawl,FAKE_PROJECT,votes=1;checked=False,2026-06-01
8bCPW6VKHgqmuoLQ6nYR8dRg9Z27kALq261Qff82wFex,SOL,chainabuse:FAKE_PROJECT,chainabuse_crawl,FAKE_PROJECT,votes=1;checked=False,2026-06-01
4Jut3orxJK95C7v8QYzYuyHdQQhMoWbKHBjuXbUr4mkP,SOL,chainabuse:FAKE_PROJECT,chainabuse_crawl,FAKE_PROJECT,votes=1;checked=False,2026-06-01
6UDLturzhM3SJ3LMh96PiLyt7biuzqb2Mtu3ZiJWRBz,SOL,chainabuse:FAKE_PROJECT,chainabuse_crawl,FAKE_PROJECT,votes=1;checked=False,2026-06-01
HvDfNdCzXghJEewZuhXT9hgTNHwe79Lo9EUhrnFV7g3T,SOL,chainabuse:FAKE_PROJECT,chainabuse_crawl,FAKE_PROJECT,votes=1;checked=False,2026-06-01
9TCALuqEHWkTZkoC317dPR7WTfrRGsdhqyg6k6JbqmV1,SOL,chainabuse:FAKE_PROJECT,chainabuse_crawl,FAKE_PROJECT,votes=1;checked=False,2026-06-01
D3yCFxY51LHeGWUM33MwyZcFoqHBcr2ikPRiMusdU4xX,SOL,chainabuse:FAKE_PROJECT,chainabuse_crawl,FAKE_PROJECT,votes=1;checked=False,2026-06-01
DVFHvJgzw9pAsygVFKkJXbxfQcwf3mQ1hDd1Ass5TVeH,SOL,chainabuse:FAKE_PROJECT,chainabuse_crawl,FAKE_PROJECT,votes=1;checked=False,2026-06-01
4e4n3xwn2G85oNc5XwGqQ7sEiydZLkDbNcRPNvpjB4b3,SOL,chainabuse:FAKE_PROJECT,chainabuse_crawl,FAKE_PROJECT,votes=1;checked=False,2026-06-01
Bv6FTRJz7xWvc4rj4pj5iJhVAYpezPGXpUcZVqHBAbto,SOL,chainabuse:FAKE_PROJECT,chainabuse_crawl,FAKE_PROJECT,votes=1;checked=False,2026-06-01
EEZGYmNoxcptXasWWEnPuyXj7cAs3heuzQR4S3WvPrjE,SOL,chainabuse:FAKE_PROJECT,chainabuse_crawl,FAKE_PROJECT,votes=1;checked=False,2026-06-01
5rntdM6BrbifKoZDJuhA8M7SE4PximtjTPjMMoJbTWhi,SOL,chainabuse:FAKE_PROJECT,chainabuse_crawl,FAKE_PROJECT,votes=1;checked=False,2026-06-01
CYu5vmRyE4TwVt3BHwR647q6cP9nQQLXMBMYhXvVx3Lb,SOL,chainabuse:FAKE_PROJECT,chainabuse_crawl,FAKE_PROJECT,votes=1;checked=False,2026-06-01
ET52jzcd1288tV2jP9f53GW8ucvEMYMJCMCWdo9J9tcx,SOL,chainabuse:FAKE_PROJECT,chainabuse_crawl,FAKE_PROJECT,votes=1;checked=False,2026-06-01
7gpTsnFScjTSndwX5jpAEQTmwU1tTwxESaMq31RcpUpZ,SOL,chainabuse:FAKE_PROJECT,chainabuse_crawl,FAKE_PROJECT,votes=1;checked=False,2026-06-01
G1LGn3zw8FwgMDca6pox3wxYWjwdv95chrWtSSyLY3JM,SOL,chainabuse:FAKE_PROJECT,chainabuse_crawl,FAKE_PROJECT,votes=1;checked=False,2026-06-01
fKtmawUSciCGDtxyqmAoRg1WiHXpmt5Uha8XdQwCEhj,SOL,chainabuse:FAKE_PROJECT,chainabuse_crawl,FAKE_PROJECT,votes=1;checked=False,2026-06-01
23th8DDjiuqvQx1TcmS6xaZ65wTRc5NvtvwDnk7EuTmm,SOL,chainabuse:FAKE_PROJECT,chainabuse_crawl,FAKE_PROJECT,votes=1;checked=False,2026-06-01
A4NF3mDqdcaYaCpgaZfbosgH8T1Yk5M8gfskbtsXgDzr,SOL,chainabuse:FAKE_PROJECT,chainabuse_crawl,FAKE_PROJECT,votes=1;checked=False,2026-06-01
5PDSxkeSQWw5dvAfK4gLAFgWK73Zgc8fCzfQ4w2qywQt,SOL,chainabuse:FAKE_PROJECT,chainabuse_crawl,FAKE_PROJECT,votes=1;checked=False,2026-06-01
8M7xom9xBeuex6oCAFhJxhxhbWfq1UmmCaXMvnmbuibs,SOL,chainabuse:FAKE_PROJECT,chainabuse_crawl,FAKE_PROJECT,votes=1;checked=False,2026-06-01
4YnoPJu9tBnLHGgXFFoc5q1NNkEQrp82AZLYW9ozTJg8,SOL,chainabuse:FAKE_PROJECT,chainabuse_crawl,FAKE_PROJECT,votes=1;checked=False,2026-06-01
ACApdDWrtjPFvEiQhwC26PwMGQVXKdhojP9qyCS7jnti,SOL,chainabuse:FAKE_PROJECT,chainabuse_crawl,FAKE_PROJECT,votes=1;checked=False,2026-06-01
hRQVpfSeccdW4F1V4pR9EbMxqAMsRXLpGyunkMxxTG4,SOL,chainabuse:FAKE_PROJECT,chainabuse_crawl,FAKE_PROJECT,votes=1;checked=False,2026-06-01
5G3YgY5wEzA2ULzFdBs6T9Ehq5pEvEgJBfMNMGT6BQuL,SOL,chainabuse:FAKE_PROJECT,chainabuse_crawl,FAKE_PROJECT,votes=1;checked=False,2026-06-01
HSBZSX6qoreQgdvVhQGLVJ8qAdU9UobnNxLxE6NqWBfs,SOL,chainabuse:PHISHING,chainabuse_crawl,PHISHING,votes=1;checked=False,2026-06-01
9TmTw3B4WVzfZY15Cf28uK3vk32QUixCYcM9W1RrtdiF,SOL,chainabuse:RUG_PULL,chainabuse_crawl,RUG_PULL,votes=1;checked=False,2026-05-31
3Qg3TdgJbAuqz2UszrKLbsr6cCGd3YDD3wStaeJC2Lx4,SOL,chainabuse:IMPERSONATION,chainabuse_crawl,IMPERSONATION,votes=1;checked=False,2026-05-30
4hZLR6gPdh5HqdwyBcknve6SdDeVfmAZE4bMy56jHmae,SOL,chainabuse:OTHER,chainabuse_crawl,OTHER,votes=1;checked=False,2026-05-29
5uRDyz7NY9M6zBbc1fnrdjNnjC7GSVGdCv68WfSVTM7b,SOL,chainabuse:OTHER_HACK,chainabuse_crawl,OTHER_HACK,votes=1;checked=False,2026-05-29
7J2jHmFXAB9c2gWxKNf1Z7oPFEsKiHGiKxqpn8YBShg3,SOL,chainabuse:FAKE_PROJECT,chainabuse_crawl,FAKE_PROJECT,votes=1;checked=False,2026-05-29
Dq3aDcFZbrTZeyx4oqeQzoPKTsyb9ubXiD18B9LmeoqC,SOL,chainabuse:FAKE_PROJECT,chainabuse_crawl,FAKE_PROJECT,votes=1;checked=False,2026-05-29
3d4PpXqgRZgxXcVtAftrKaNqxrvt656zYjZu9Gfnfrmi,SOL,chainabuse:FAKE_PROJECT,chainabuse_crawl,FAKE_PROJECT,votes=1;checked=False,2026-05-29
Fdwk9mLGjRYaPDb23NrU6PvBBgN9frFB8TLQHDR4zkoG,SOL,chainabuse:FAKE_PROJECT,chainabuse_crawl,FAKE_PROJECT,votes=1;checked=False,2026-05-29
DPSRLtXCzDAPFwBPBQ1nhrL5hKmKXF36bWzuqNNwFkwm,SOL,chainabuse:FAKE_PROJECT,chainabuse_crawl,FAKE_PROJECT,votes=1;checked=False,2026-05-29
4iLhxhgEDFQaVGimh2U3mJVNTFakFyuT6xNDHL1A2qnQ,SOL,chainabuse:FAKE_PROJECT,chainabuse_crawl,FAKE_PROJECT,votes=1;checked=False,2026-05-29
EBvLhiLwiPspHRsd4AxbrQjbKkHvvjRtj1G1XjeVKeya,SOL,chainabuse:FAKE_PROJECT,chainabuse_crawl,FAKE_PROJECT,votes=1;checked=False,2026-05-29
s4GeSir4NBTHx1X6f9xGaBUB9vL97y7NLDnRhL7ik2W,SOL,chainabuse:FAKE_PROJECT,chainabuse_crawl,FAKE_PROJECT,votes=1;checked=False,2026-05-29
ERz8rSePqMAaeAaf4zHepmu2wWzBTpY68t85KJY8Kccq,SOL,chainabuse:PHISHING,chainabuse_crawl,PHISHING,votes=1;checked=False,2026-05-29
FWff6UY8rzPVkn4MbGHstB9sXDkXVxttWoNVpXRhpJek,SOL,chainabuse:FAKE_PROJECT,chainabuse_crawl,FAKE_PROJECT,votes=1;checked=False,2026-05-29
Hm9sRVxjfeeuPXP1RzHQBkxJfE4WQZ9tRxQQoNtMBobJ,SOL,chainabuse:FAKE_PROJECT,chainabuse_crawl,FAKE_PROJECT,votes=1;checked=False,2026-05-29
AS6NUEaTmngLR6HsF26zySDtfs9G1yaQXyzB4dm79hpw,SOL,chainabuse:FAKE_PROJECT,chainabuse_crawl,FAKE_PROJECT,votes=1;checked=False,2026-05-29
2UgoJ8nu48HNUnBmMZavpm8CdwpVidvYrdENRBqNgrUy,SOL,chainabuse:FAKE_PROJECT,chainabuse_crawl,FAKE_PROJECT,votes=1;checked=False,2026-05-29
E4oL5BX8iAu6rrz3tUq8toF4pB7WVMUVemKQon6YdfdJ,SOL,chainabuse:FAKE_PROJECT,chainabuse_crawl,FAKE_PROJECT,votes=1;checked=False,2026-05-29
AykVDYGMCAp4AwiULkiLkxEc5JZVV5zu6npjgdgiYYDp,SOL,chainabuse:FAKE_PROJECT,chainabuse_crawl,FAKE_PROJECT,votes=1;checked=False,2026-05-29
D6RpMZMDZguxFa9fNidXxvQCCavBVpn8NLETQYhmnvfC,SOL,chainabuse:FAKE_PROJECT,chainabuse_crawl,FAKE_PROJECT,votes=1;checked=False,2026-05-29
67p6VWCwsnyKNeyd1Uv7sdEaXoVTj9T3WT5kadPUcrcB,SOL,chainabuse:FAKE_PROJECT,chainabuse_crawl,FAKE_PROJECT,votes=1;checked=False,2026-05-29
EXYBeLSWKgf1FuHocugvtCNRCCpJ3jVJcqoKfcnx4QHg,SOL,chainabuse:FAKE_PROJECT,chainabuse_crawl,FAKE_PROJECT,votes=1;checked=False,2026-05-29
95RAXUxknrmigHwzTPpKsY4KRJSmJYchaurZ5xXf7kR3,SOL,chainabuse:FAKE_PROJECT,chainabuse_crawl,FAKE_PROJECT,votes=1;checked=False,2026-05-29
GN9P4dbg8n1vevrGeGJ1zmqxrm5UG69RLmPm6yjLBRYv,SOL,chainabuse:FAKE_PROJECT,chainabuse_crawl,FAKE_PROJECT,votes=1;checked=False,2026-05-29
5ay7XnMd6bUe1UuQVAgwP7ZjnffV27kJLiCnz41xBviL,SOL,chainabuse:FAKE_PROJECT,chainabuse_crawl,FAKE_PROJECT,votes=1;checked=False,2026-05-29
48KHnxZHqPPEYtdnBVHWfwSb3L4w9i2BdNhPgtroXSqx,SOL,chainabuse:FAKE_PROJECT,chainabuse_crawl,FAKE_PROJECT,votes=1;checked=False,2026-05-29
qfTzLxrAeT4Ww2tnd6xb7vpYPhfdQb7PfsMeWKhvxpR,SOL,chainabuse:FAKE_PROJECT,chainabuse_crawl,FAKE_PROJECT,votes=1;checked=False,2026-05-29
Cvzc7Nk9Bc7wJbKy4dR2h4DVP6yHrVgzg26EQsjTbwTN,SOL,chainabuse:FAKE_PROJECT,chainabuse_crawl,FAKE_PROJECT,label=SOL;votes=1;checked=False,2026-05-29
BxsgLXrCNQ8ugTH6TEayywME1kwJLpUCLAEp6XDHZ32X,SOL,chainabuse:FAKE_PROJECT,chainabuse_crawl,FAKE_PROJECT,votes=1;checked=False,2026-05-29
39RT3UoPsQ6pkq58YByiDwLpK1A4d1eZAJsdj9vBmRnt,SOL,chainabuse:FAKE_PROJECT,chainabuse_crawl,FAKE_PROJECT,votes=1;checked=False,2026-05-29
5BQMY1HsmvkeEsHepaxXroZaQaFGfNstSWDYaatcHKMQ,SOL,chainabuse:FAKE_PROJECT,chainabuse_crawl,FAKE_PROJECT,votes=1;checked=False,2026-05-29
AMWAHdYi7hJUKHDvgsHeDU8FAMmzDJGvLEHroJQmVWB6,SOL,chainabuse:FAKE_PROJECT,chainabuse_crawl,FAKE_PROJECT,votes=1;checked=False,2026-05-29
9Z6uGyH8MNcFG475s23FVUz7aqx7Qh9J9aDgomAbew9K,SOL,chainabuse:FAKE_PROJECT,chainabuse_crawl,FAKE_PROJECT,votes=1;checked=False,2026-05-29
6Q4KRhTyBmn314QcCsZPbgbdgmEEe57ae2mmH1pFdXEz,SOL,chainabuse:FAKE_PROJECT,chainabuse_crawl,FAKE_PROJECT,votes=1;checked=False,2026-05-29
3rHw4Gm287YnFwPyWdDvsuYEmtAs2C7E3f6K9jhzbx6B,SOL,chainabuse:FAKE_PROJECT,chainabuse_crawl,FAKE_PROJECT,votes=1;checked=False,2026-05-29
FvDtqwtpsSh9EVn9hoL7x4pYVbiMU72bjXZfvZRKZHhX,SOL,chainabuse:FAKE_PROJECT,chainabuse_crawl,FAKE_PROJECT,votes=1;checked=False,2026-05-29
4E4hRhk5hDggEmrhFPsYdv72y9qaKkvFtxg9PByZVoQf,SOL,chainabuse:FAKE_PROJECT,chainabuse_crawl,FAKE_PROJECT,votes=1;checked=False,2026-05-29
3G66WaeNMkxqgYtkQ6e9kpPMCDPsz2uwmvrxQwtWHmsV,SOL,chainabuse:FAKE_PROJECT,chainabuse_crawl,FAKE_PROJECT,votes=1;checked=False,2026-05-29
BYcjoNUNHA49GcthHDr61Ff4SGHyDaZf6zK6ZJxd9CpC,SOL,chainabuse:FAKE_PROJECT,chainabuse_crawl,FAKE_PROJECT,votes=1;checked=False,2026-05-29
6ycskAGTAgZ8HzWp7dZkNmf6n26Pg6yTF4u7omG5xAu2,SOL,chainabuse:FAKE_PROJECT,chainabuse_crawl,FAKE_PROJECT,votes=1;checked=False,2026-05-29
3YK1iq1m2w5WbxpmYXajDc5cYw8NokJwRjzjni6EGpGk,SOL,chainabuse:FAKE_PROJECT,chainabuse_crawl,FAKE_PROJECT,votes=1;checked=False,2026-05-29
He49HiMxxHYjE4X3RSK9RNfyg2SmuugQJ5W2isSWGKAL,SOL,chainabuse:FAKE_PROJECT,chainabuse_crawl,FAKE_PROJECT,votes=1;checked=False,2026-05-29
3za4A2ZU4unUp4NgLznYHRXhsWucxrEKVJLSmsUfB4Dy,SOL,chainabuse:FAKE_PROJECT,chainabuse_crawl,FAKE_PROJECT,votes=1;checked=False,2026-05-29
CF5HYcJuYvgwJTQLS76sEyNcgAXjGHLtKZ76LeVCZPxw,SOL,chainabuse:FAKE_PROJECT,chainabuse_crawl,FAKE_PROJECT,votes=1;checked=False,2026-05-29
BbkMbA3WLno3dHLerSJwBer776ekGqQkyM8heQp5hA2V,SOL,chainabuse:FAKE_PROJECT,chainabuse_crawl,FAKE_PROJECT,votes=1;checked=False,2026-05-29
CfKkoVF18v52sGFautnMCHxEq8mDJiwpkVF3V5wr8zkU,SOL,chainabuse:FAKE_PROJECT,chainabuse_crawl,FAKE_PROJECT,votes=1;checked=False,2026-05-29
5guSg6bQYCwbzq9L71U4iRcHpH1NjHhFPkeRkjco8bRr,SOL,chainabuse:FAKE_PROJECT,chainabuse_crawl,FAKE_PROJECT,votes=1;checked=False,2026-05-29
G9aY4Z5XRt9DK43YKdGTKmApBB7kcGTncgVRVB3U26Hn,SOL,chainabuse:FAKE_PROJECT,chainabuse_crawl,FAKE_PROJECT,votes=1;checked=False,2026-05-29
3DN2SuhRxrgSkdGannwsgmXWD5cDdA5pxVPRUbuqJoK3,SOL,chainabuse:FAKE_PROJECT,chainabuse_crawl,FAKE_PROJECT,votes=1;checked=False,2026-05-29
A7w3c22CUwrd6hgJGvKdEWmNuSU3pA6Q5w8Q3ZnUpV5D,SOL,chainabuse:FAKE_PROJECT,chainabuse_crawl,FAKE_PROJECT,votes=1;checked=False,2026-05-29
7pTzaWB37srmUq6Kmi5dzw72w4ek4Lg1kNZXL4p53q1a,SOL,chainabuse:FAKE_PROJECT,chainabuse_crawl,FAKE_PROJECT,votes=1;checked=False,2026-05-29
6fy4ZRM6Z31oSTvrkUGnCMecTELe5m2YTvzEhYnrL9PH,SOL,chainabuse:FAKE_PROJECT,chainabuse_crawl,FAKE_PROJECT,votes=1;checked=False,2026-05-29
HLW5rYRQDapYY1fvHF7h1tyABNd2HRNYaDCH4d7Bt2iL,SOL,chainabuse:FAKE_PROJECT,chainabuse_crawl,FAKE_PROJECT,votes=1;checked=False,2026-05-29
51iKD9psB47iM1n7mwsavKDMgj6Xt2DwjAFRoRixa4pP,SOL,chainabuse:FAKE_PROJECT,chainabuse_crawl,FAKE_PROJECT,votes=1;checked=False,2026-05-29
DrWAc8X5i8PUB486HE5GmctAR1pLG5H5vwD1VQbfmPsN,SOL,chainabuse:FAKE_PROJECT,chainabuse_crawl,FAKE_PROJECT,votes=1;checked=False,2026-05-29
CyH775A18biuT7cUXYKvHegQY5UrgYBZrLP7iMN1FV47,SOL,chainabuse:FAKE_PROJECT,chainabuse_crawl,FAKE_PROJECT,votes=1;checked=False,2026-05-29
3ZqNfxCbWfqfxhQHbd1ErZvrZzMARR5BJQdLjT59Zsuu,SOL,chainabuse:FAKE_PROJECT,chainabuse_crawl,FAKE_PROJECT,votes=1;checked=False,2026-05-29
47LuEQQgvsMJ4oRdV1x7enmWiRJgn58Uv3thh7AagvFA,SOL,chainabuse:FAKE_PROJECT,chainabuse_crawl,FAKE_PROJECT,votes=1;checked=False,2026-05-29
GE7dixt2SiSgu9mZqPHnNsvizhQdwLPHTKjyq9b9cFUN,SOL,chainabuse:FAKE_PROJECT,chainabuse_crawl,FAKE_PROJECT,votes=1;checked=False,2026-05-29
8zcPNMGjgRwkoNaZme6QeZBBw4uAv1KBJ2XmwkAfuNW4,SOL,chainabuse:FAKE_PROJECT,chainabuse_crawl,FAKE_PROJECT,votes=1;checked=False,2026-05-29
8BzsMQHQzQUXmiZDYNRDp7kvzp3EQgMtyFd8k9Qo1xkL,SOL,chainabuse:FAKE_PROJECT,chainabuse_crawl,FAKE_PROJECT,votes=1;checked=False,2026-05-29
3Eq8DNZPXh4D6mmWUSpXs5J68hXn3posGXc6aVwA1bh4,SOL,chainabuse:FAKE_PROJECT,chainabuse_crawl,FAKE_PROJECT,votes=1;checked=False,2026-05-29
F2JQx6S7uHWGSaHaFX5uUcSR7pYiRMJPoCwgddPz5t7o,SOL,chainabuse:FAKE_PROJECT,chainabuse_crawl,FAKE_PROJECT,votes=1;checked=False,2026-05-29
BbsadvimjqxLW9BQeVD6HAKoHkvAuxd1ge7YY4zm45Mw,SOL,chainabuse:FAKE_PROJECT,chainabuse_crawl,FAKE_PROJECT,votes=1;checked=False,2026-05-29
Av56Kdimkysw7udFXUAqovvzvpGnfpRzKH22zKaXeksH,SOL,chainabuse:FAKE_PROJECT,chainabuse_crawl,FAKE_PROJECT,votes=1;checked=False,2026-05-29
5bECUstMa3roHNoLTJNq2Y1uPHsu3FvGTmy2khiNpBKm,SOL,chainabuse:FAKE_PROJECT,chainabuse_crawl,FAKE_PROJECT,votes=1;checked=False,2026-05-29
BHqPDCTy6YTeFNngKnb1UFgPo3HoX2dWcpa3m81UMnuN,SOL,chainabuse:FAKE_PROJECT,chainabuse_crawl,FAKE_PROJECT,votes=1;checked=False,2026-05-29
54D3ggFxK69uvQ2Hm4Eeu9gnGespnvykMMYMVBhjseRD,SOL,chainabuse:FAKE_PROJECT,chainabuse_crawl,FAKE_PROJECT,votes=1;checked=False,2026-05-29
HNQfaKVuHBXjLtLYXhf52rC1f3BwKfEqrqDtNoupzgqc,SOL,chainabuse:FAKE_PROJECT,chainabuse_crawl,FAKE_PROJECT,votes=1;checked=False,2026-05-29
GWxWk61nLCS1VJv7Bi2MSpood8q1ym57dmZiL8srsHRW,SOL,chainabuse:FAKE_PROJECT,chainabuse_crawl,FAKE_PROJECT,votes=1;checked=False,2026-05-29
9CKn1VE3VLxjdF8AQajuBDkcUX2Dnk2q5XP3ceewAZu1,SOL,chainabuse:FAKE_PROJECT,chainabuse_crawl,FAKE_PROJECT,votes=1;checked=False,2026-05-29
ALbKsayPFiQYy4si2xsxWtztyhpTYqtJtDAF2mL6gb5z,SOL,chainabuse:FAKE_PROJECT,chainabuse_crawl,FAKE_PROJECT,votes=1;checked=False,2026-05-29
JCghARdQRdc4e1jL7cWikYUmMLwiv6Pwpw5GLUNyVoKP,SOL,chainabuse:FAKE_PROJECT,chainabuse_crawl,FAKE_PROJECT,votes=1;checked=False,2026-05-29
FXmX4WCTWbnPzLfijoyssM4ma7TXdo9wG5Cn3ExcChpM,SOL,chainabuse:FAKE_PROJECT,chainabuse_crawl,FAKE_PROJECT,votes=1;checked=False,2026-05-29
CHT6bbCD1QVFKcCodeFntmg56bADg2v9VRuNdNF5mVxm,SOL,chainabuse:FAKE_PROJECT,chainabuse_crawl,FAKE_PROJECT,votes=1;checked=False,2026-05-29
CKpNyqk9m4aEz7w7NjFnkf449wqEYWJVeFGTYXZaDB6Z,SOL,chainabuse:FAKE_PROJECT,chainabuse_crawl,FAKE_PROJECT,votes=1;checked=False,2026-05-29
G46XcZxwamx3xSRa5Zncrvw7qUi2FKpQeCgnJgQQWd8X,SOL,chainabuse:FAKE_PROJECT,chainabuse_crawl,FAKE_PROJECT,votes=1;checked=False,2026-05-29
2RPtXjwjzqZY2XnRpHUPfMfLSdTgqyDWSS6a8oiJjyaV,SOL,chainabuse:FAKE_PROJECT,chainabuse_crawl,FAKE_PROJECT,votes=1;checked=False,2026-05-29
BD5ttKRcPQJqGwQvx78WJFkAdTLBXzusYhaouSsiovUo,SOL,chainabuse:FAKE_PROJECT,chainabuse_crawl,FAKE_PROJECT,votes=1;checked=False,2026-05-29
5LSPRx35uF3yPmRxpgvmigggXJiLPLR9opYSfNJPWxbh,SOL,chainabuse:FAKE_PROJECT,chainabuse_crawl,FAKE_PROJECT,votes=1;checked=False,2026-05-29
9T4bh3s3AUPZ9psNb7mfb88vy2PuR1Px7kHDi9ZtR1qF,SOL,chainabuse:FAKE_PROJECT,chainabuse_crawl,FAKE_PROJECT,votes=1;checked=False,2026-05-29
Ax6DZrwyJrL24srEgh4ueGYHWVoTTArD6CP2CFMcLCqo,SOL,chainabuse:FAKE_PROJECT,chainabuse_crawl,FAKE_PROJECT,votes=1;checked=False,2026-05-29
FpnAQwG9wkCy81ciYELdBMSCzMEJFUGG9HVsyV1t9Pui,SOL,chainabuse:FAKE_PROJECT,chainabuse_crawl,FAKE_PROJECT,votes=1;checked=False,2026-05-29
GHbqNF4BvXPZuh8tqMkRFuCHbqtFLRzPEyWVcHJa1ge6,SOL,chainabuse:FAKE_PROJECT,chainabuse_crawl,FAKE_PROJECT,votes=1;checked=False,2026-05-29
Bxt7UQPzB9F8YQrmQJ89ZLTjsbY6u8vzB3XCG6RavZYr,SOL,chainabuse:FAKE_PROJECT,chainabuse_crawl,FAKE_PROJECT,votes=1;checked=False,2026-05-29
AR1iQjLPMM9jqkn7WoBJcvSP8u6xjAiK8gtevDqGgsup,SOL,chainabuse:FAKE_PROJECT,chainabuse_crawl,FAKE_PROJECT,votes=1;checked=False,2026-05-29
Bnd995pJU4y1YAFJd3dToLat6JNs7jdK3u3NEXZb9iU9,SOL,chainabuse:FAKE_PROJECT,chainabuse_crawl,FAKE_PROJECT,votes=1;checked=False,2026-05-29
8KetJWo5QTHULTCVuVc6Mc3kbbGAm9ziMy1mCEaMigVr,SOL,chainabuse:FAKE_PROJECT,chainabuse_crawl,FAKE_PROJECT,votes=1;checked=False,2026-05-29
Akg7xbTzRqjN6VauFsjkkmAHQcwrZP3xptbQFC5Rxk9u,SOL,chainabuse:OTHER_HACK,chainabuse_crawl,OTHER_HACK,votes=1;checked=False,2026-05-28
EAN3vG5dPGzDbPLZtsmopLUe4kV9MScuXbAZmR3JAkML,SOL,chainabuse:OTHER_HACK,chainabuse_crawl,OTHER_HACK,votes=1;checked=False,2026-05-28
6xQ6r6Te7u4YUvCR5ZNUexSNcuNHokUvMzMMRJr33x8F,SOL,chainabuse:FAKE_PROJECT,chainabuse_crawl,FAKE_PROJECT,votes=1;checked=False,2026-05-28
44bunfM4KU8e6AYW9ZLUneyCMT4W2RTAnjwwSBiHNwG8,SOL,chainabuse:FAKE_PROJECT,chainabuse_crawl,FAKE_PROJECT,votes=1;checked=False,2026-05-28
FvRUXwTZMDKYJfJ4WELumJqHqGDCrFHn5GsHzJuDtgdr,SOL,chainabuse:FAKE_PROJECT,chainabuse_crawl,FAKE_PROJECT,votes=1;checked=False,2026-05-28
Eq7eyxTMaUvzieMSzaKd2tRhixTH2KNFTnGqMftVr5HQ,SOL,chainabuse:FAKE_PROJECT,chainabuse_crawl,FAKE_PROJECT,votes=1;checked=False,2026-05-28
988mQHcbderBs8E5Yz6CXW6ZgiALTQcXDkaK2pKtLcam,SOL,chainabuse:FAKE_PROJECT,chainabuse_crawl,FAKE_PROJECT,votes=1;checked=False,2026-05-28
XqNh8FdzsDWYwYRen2rYssabrZfJJLLduNKSW4kkMsJ,SOL,chainabuse:FAKE_PROJECT,chainabuse_crawl,FAKE_PROJECT,votes=1;checked=False,2026-05-28
6FnzBNc79c7YbiNy7KwMFtSFM3wtWBa9oPfu7fgK5nsU,SOL,chainabuse:FAKE_PROJECT,chainabuse_crawl,FAKE_PROJECT,votes=1;checked=False,2026-05-28
CKTCMjUD6DQJB9xJD5YyPL7BPjHT8c2KmGobatFGJdfP,SOL,chainabuse:FAKE_PROJECT,chainabuse_crawl,FAKE_PROJECT,votes=1;checked=False,2026-05-28
G93WcxvJezLkiNTEhPEQmhH9jkxWMRx1RVkjd5sx3Thf,SOL,chainabuse:FAKE_PROJECT,chainabuse_crawl,FAKE_PROJECT,votes=1;checked=False,2026-05-28
9S2oLja9u5rP7WmfZK4b6dKWbAZiCLAviYrKxQuB25w2,SOL,chainabuse:FAKE_PROJECT,chainabuse_crawl,FAKE_PROJECT,votes=1;checked=False,2026-05-28
24G7aGP97p9PvrVwfZ67xBeL34oTZGgvUS3jZJEHd81x,SOL,chainabuse:FAKE_PROJECT,chainabuse_crawl,FAKE_PROJECT,votes=1;checked=False,2026-05-28
FzUDZk55t7qGmyuoKgGgaiueKaP5sARK6Jvuv2FCL5ti,SOL,chainabuse:FAKE_PROJECT,chainabuse_crawl,FAKE_PROJECT,votes=1;checked=False,2026-05-28
7QJrHT42KmP9sBLX2fJiTL19wp9jDvMafM9cUbyFvHZF,SOL,chainabuse:FAKE_PROJECT,chainabuse_crawl,FAKE_PROJECT,votes=1;checked=False,2026-05-28
jmDXJyMqMKcnPt28nYx2NLsZ2yqcAZDYGRB5sT6gPqa,SOL,chainabuse:FAKE_PROJECT,chainabuse_crawl,FAKE_PROJECT,votes=1;checked=False,2026-05-28
J7adKubtimuE6HjbjxgtKuSSLU2T4GjauLmJYaq3nmQ,SOL,chainabuse:FAKE_PROJECT,chainabuse_crawl,FAKE_PROJECT,votes=1;checked=False,2026-05-28
9W8PSEYsgZPZT9AAqf6gvN5dE26xFVaqgXVKgGDjamyE,SOL,chainabuse:FAKE_PROJECT,chainabuse_crawl,FAKE_PROJECT,votes=1;checked=False,2026-05-28
9npA53m611w7M9byEwcqXb5PA8AQmsLEthgsf1T9YQoT,SOL,chainabuse:FAKE_PROJECT,chainabuse_crawl,FAKE_PROJECT,votes=1;checked=False,2026-05-28
B5W3iL5dXef9MjL46yZ5NnTeqUAMqPtetWxmnww74TCf,SOL,chainabuse:FAKE_PROJECT,chainabuse_crawl,FAKE_PROJECT,votes=1;checked=False,2026-05-28
CDXxsCEzBR1ws8nZQNUBZNWnRo6GBj3nh29xPUnhhx5o,SOL,chainabuse:FAKE_PROJECT,chainabuse_crawl,FAKE_PROJECT,votes=1;checked=False,2026-05-28
8wFB941YFpXqC6SzWURyh8r1KuckwEWaw71ZnN7nHnYS,SOL,chainabuse:FAKE_PROJECT,chainabuse_crawl,FAKE_PROJECT,votes=1;checked=False,2026-05-28
6Wb3Pwy3ow49co9u5ya7S7gyXsq4aqd4iGkxmz7ukypM,SOL,chainabuse:FAKE_PROJECT,chainabuse_crawl,FAKE_PROJECT,votes=1;checked=False,2026-05-28
HcmV8UuprSzMWNtH9MQZWWVRFeE2Nc2vvB9xJmzEfNDy,SOL,chainabuse:FAKE_PROJECT,chainabuse_crawl,FAKE_PROJECT,votes=1;checked=False,2026-05-28
CA134thw9eVabTLqwrCsA4yrrLX8Mr3eD5XBna3AfK43,SOL,chainabuse:FAKE_PROJECT,chainabuse_crawl,FAKE_PROJECT,votes=1;checked=False,2026-05-28
aR5TN9tWHFrZsnBKVFSCbKDC6REG5N4ABnybSLoY7ET,SOL,chainabuse:FAKE_PROJECT,chainabuse_crawl,FAKE_PROJECT,votes=1;checked=False,2026-05-28
3vYpQruJe8zJPtd7vju9vDKMeUpr8zuTDpVw2do4e2hq,SOL,chainabuse:AIRDROP+PHISHING,chainabuse_crawl,AIRDROP|PHISHING,votes=1;checked=False,2026-05-28
GmXYQpHPjCQaMFZQbJg2BkSiVwgkPkFHENkP4qxPvJC9,SOL,chainabuse:FAKE_PROJECT,chainabuse_crawl,FAKE_PROJECT,votes=1;checked=False,2026-05-28
EQXXWLEoSa3ZKNuFp2TACKH9JVwv259keAJY9aXEqhQU,SOL,chainabuse:FAKE_PROJECT,chainabuse_crawl,FAKE_PROJECT,votes=1;checked=False,2026-05-28
7GY9kWsb6NhymhGzSfrtiJeVyrQrwqQp7ZjPyhkA11zN,SOL,chainabuse:FAKE_PROJECT,chainabuse_crawl,FAKE_PROJECT,votes=1;checked=False,2026-05-28
DxHY9A5qP543v1nrHCzyPEHVeMs5U7X97uEXKQTPGPGZ,SOL,chainabuse:FAKE_PROJECT,chainabuse_crawl,FAKE_PROJECT,votes=1;checked=False,2026-05-28
DJJJjyhb3acFwWu4VZowL5aku67cYHD7eoGH2a8Q4Fey,SOL,chainabuse:FAKE_PROJECT,chainabuse_crawl,FAKE_PROJECT,votes=1;checked=False,2026-05-28
CZCits5kHj77mgqUfQPkEz4vo3CTcmvaHCC1xswdhWH5,SOL,chainabuse:FAKE_PROJECT,chainabuse_crawl,FAKE_PROJECT,votes=1;checked=False,2026-05-28
3Hij8F5drZGqta3Ao81jzmjJwPmGoirsWowtZwKkoC7y,SOL,chainabuse:FAKE_PROJECT,chainabuse_crawl,FAKE_PROJECT,votes=1;checked=False,2026-05-28
GD6eegK3N121AMQrDbj6PBcgKRooESkW4zSd2Ri1DcCQ,SOL,chainabuse:FAKE_PROJECT,chainabuse_crawl,FAKE_PROJECT,votes=1;checked=False,2026-05-28
4wSPdJMrDRCUGxtrPoTSApryT52C1dMYbjeEhemHDmLL,SOL,chainabuse:FAKE_PROJECT,chainabuse_crawl,FAKE_PROJECT,votes=1;checked=False,2026-05-28
1298WvyB3AKpMjvSw8THTo7S8QPsP9egr99nFM7k4wD5,SOL,chainabuse:FAKE_PROJECT,chainabuse_crawl,FAKE_PROJECT,votes=1;checked=False,2026-05-28
GYfHVs2CdydXammv3uyL9tZzmUdixErwkGSP164rMyf7,SOL,chainabuse:FAKE_PROJECT,chainabuse_crawl,FAKE_PROJECT,votes=1;checked=False,2026-05-28
GVZMK8s2ubWidcjCFBBMx2xN18L4FPbUzavSyymJfz1q,SOL,chainabuse:FAKE_PROJECT,chainabuse_crawl,FAKE_PROJECT,votes=1;checked=False,2026-05-28
JBf4roKrnZtzqVH7biTabkCqcqSH1fvK8mZTghYpVRwT,SOL,chainabuse:AIRDROP,chainabuse_crawl,AIRDROP,votes=1;checked=False,2026-05-28
5fsRtNrgG1UwXR8zQb6GkMCx4xQcSMCBVXvXhxpKj6t6,SOL,chainabuse:OTHER_HACK,chainabuse_crawl,OTHER_HACK,votes=1;checked=False,2026-05-27
7scViHBmLLfwE84eYXrZm3BiZoLDXF9y6KqqR9DGwbRL,SOL,chainabuse:FAKE_PROJECT,chainabuse_crawl,FAKE_PROJECT,votes=1;checked=False,2026-05-27
3uhgDPQhXzsTD5vduGY4jJ2A85fGZctMj4oKHfRhGxha,SOL,chainabuse:FAKE_PROJECT+OTHER_HACK+PHISHING,chainabuse_crawl,FAKE_PROJECT|OTHER_HACK|PHISHING,label=Drainer Address;votes=1;checked=False,2026-05-27
DuBgTkGvWpbrbY5rCqNTYtYQowFnZfC4ovk7VNzaxDtT,SOL,chainabuse:AIRDROP+FAKE_RETURNS+OTHER+OTHER_HACK+PHISHING+RUG_PULL,chainabuse_crawl,AIRDROP|FAKE_RETURNS|OTHER|OTHER_HACK|PHISHING|RUG_PULL,label=airdrop;votes=2;checked=False,2026-05-27
3uhgr7msmPtQWYMV5D5zuz9nM1PVyqU3PkW8ruPzXxha,SOL,chainabuse:OTHER_HACK,chainabuse_crawl,OTHER_HACK,label=Theft Wallet;votes=1;checked=False,2026-05-27
3MEeDgQdodAA3KHUjzSxhh38V6qaBfv7qBGffQ9DwX9R,SOL,chainabuse:FAKE_PROJECT,chainabuse_crawl,FAKE_PROJECT,votes=1;checked=False,2026-05-27
KjF2yvBZc6g57V3XPuKgyVGZcWaXbD6Yq64PLCJ1RXP,SOL,chainabuse:FAKE_PROJECT,chainabuse_crawl,FAKE_PROJECT,votes=1;checked=False,2026-05-27
EKEMn42ksfFb1TYGDxGTMjmRVbTei8kedunrjDvxGiLQ,SOL,chainabuse:FAKE_PROJECT,chainabuse_crawl,FAKE_PROJECT,votes=1;checked=False,2026-05-27
EAiQ2k55gNQYbktRtoaQGiTFNYTpPSYb7tvHABVtb47w,SOL,chainabuse:FAKE_PROJECT,chainabuse_crawl,FAKE_PROJECT,votes=1;checked=False,2026-05-27
54ERw5perXEjfSHVNHmdYEqLRcyh6RHLmDhvANTmM3HY,SOL,chainabuse:FAKE_PROJECT,chainabuse_crawl,FAKE_PROJECT,votes=1;checked=False,2026-05-27
Bb8mbCa9v9wNQBLYCWFiGBDKrgZjVjQMyNdArqFvcCL,SOL,chainabuse:FAKE_PROJECT,chainabuse_crawl,FAKE_PROJECT,votes=1;checked=False,2026-05-27
AbCLRiTVjcyrvDoDnvfR47dZvhFR6tcAzGogcFQwfUb9,SOL,chainabuse:FAKE_PROJECT,chainabuse_crawl,FAKE_PROJECT,votes=1;checked=False,2026-05-27
9acdZJR38oXSitrPKdrcemtkfYzPDrRrX2YNz1tDfd8Z,SOL,chainabuse:FAKE_PROJECT,chainabuse_crawl,FAKE_PROJECT,votes=1;checked=False,2026-05-27
8fRgbPZ7KTnYt8kQgv5WrEj765bq9hVdRCcXPfvrovDU,SOL,chainabuse:FAKE_PROJECT,chainabuse_crawl,FAKE_PROJECT,votes=1;checked=False,2026-05-27
2WPpLy2bzWRoeNyCEDPzwLDuxHPRhnV48G3EVZsfjLdV,SOL,chainabuse:FAKE_PROJECT,chainabuse_crawl,FAKE_PROJECT,votes=1;checked=False,2026-05-27
HRht8Mu1BMfLFn6tnsuTxYNaF6jHDTr9hEWSTBFh9yjG,SOL,chainabuse:FAKE_PROJECT,chainabuse_crawl,FAKE_PROJECT,votes=1;checked=False,2026-05-27
HedVdDqshkHKeLBMTEwy9AFcqq5ZVSASR6yF4xSzwKWr,SOL,chainabuse:FAKE_PROJECT,chainabuse_crawl,FAKE_PROJECT,votes=1;checked=False,2026-05-27
EXWgDpDusjeicvWZKdEBsKqh5wUcWzyUc4Ud7JybNM1e,SOL,chainabuse:FAKE_PROJECT,chainabuse_crawl,FAKE_PROJECT,votes=1;checked=False,2026-05-27
Bd6Qpw8Gw7wah7q1iZjbMXiNQyHUkD8wAUa2NiQ6k9GD,SOL,chainabuse:FAKE_PROJECT,chainabuse_crawl,FAKE_PROJECT,votes=1;checked=False,2026-05-27
7VpLW6vQLvTnE9j7XAnJaZioEfydwthvooZrN6j22M3M,SOL,chainabuse:FAKE_PROJECT,chainabuse_crawl,FAKE_PROJECT,votes=1;checked=False,2026-05-27
446rYXXKdP4GanyEcUMBHsfPwvmkUPpA3fHDiW9fbLSU,SOL,chainabuse:FAKE_PROJECT,chainabuse_crawl,FAKE_PROJECT,votes=1;checked=False,2026-05-27
3vEmkS1W4YFMhmixeGeVjKwLR6VqaaZjEFrE1f4yDd86,SOL,chainabuse:FAKE_PROJECT,chainabuse_crawl,FAKE_PROJECT,votes=1;checked=False,2026-05-27
23r5cSd4xt7ySAmJi2XwyskoT6i8JWqj48dxNDpn15eL,SOL,chainabuse:FAKE_PROJECT,chainabuse_crawl,FAKE_PROJECT,votes=1;checked=False,2026-05-27
3MrszT5de3iAEwZTe7BgNbJoszPAjDBnTWDw36qx1Ynz,SOL,chainabuse:FAKE_PROJECT,chainabuse_crawl,FAKE_PROJECT,votes=1;checked=False,2026-05-27
HBtYQwVpBr3DoLGmvqh2ppLdzrLjpngbtRb5Pe3jtrcS,SOL,chainabuse:FAKE_PROJECT,chainabuse_crawl,FAKE_PROJECT,votes=1;checked=False,2026-05-27
Frf9W38aarqSPvPBEz8tqzNavhUT4tp8Qm1AnBh3bm5r,SOL,chainabuse:FAKE_RETURNS,chainabuse_crawl,FAKE_RETURNS,label=Scammer;votes=1;checked=False,2026-05-25
FWy92UcGZ6uyoaSiydE94KoyMySwZxmjyvBo6YJgcvTQ,SOL,chainabuse:OTHER_HACK,chainabuse_crawl,OTHER_HACK,votes=1;checked=False,2026-05-25
SpL1Ws4dk6RzyCBNUfeFX6wDxsneZZSdPhDiaUSFMdj,SOL,chainabuse:OTHER_HACK,chainabuse_crawl,OTHER_HACK,votes=1;checked=False,2026-05-25
BG49LfKGcYMEtvRKRqCTY2mwAsS7vgVqSaSMX5VKHs39,SOL,chainabuse:SEXTORTION,chainabuse_crawl,SEXTORTION,votes=2;checked=False,2026-05-25
5jhJjeCYHx4LGGMdM5n4LrJWc3TLUpZtBV2n4LXd8qrB,SOL,chainabuse:IMPERSONATION,chainabuse_crawl,IMPERSONATION,votes=1;checked=False,2026-05-25
7Mu5jKFLFw4KVsWEJXQZ3sFU1uN3KinY6xhn3Nux6SVT,SOL,chainabuse:OTHER,chainabuse_crawl,OTHER,votes=1;checked=False,2026-05-25
AKFT8bAKtCPgfaEsM76X1bYEVKCHUnNitqLXHrkiLz4k,SOL,chainabuse:PHISHING,chainabuse_crawl,PHISHING,votes=1;checked=False,2026-05-25
7UTeSma9nznmiuraG6wqDFqtmJ7CMHEXtLJQGAFKTQSR,SOL,chainabuse:FAKE_PROJECT,chainabuse_crawl,FAKE_PROJECT,votes=1;checked=False,2026-05-25
CKJ4871vdoUBMRpXY3FfPdUT1B2QLXGYRG2f3sReKQTT,SOL,chainabuse:FAKE_PROJECT,chainabuse_crawl,FAKE_PROJECT,votes=1;checked=False,2026-05-25
HvcEb2Gp3quTGuLUg27fe9KiLdLaNJNuB5XzDiXd1zEJ,SOL,chainabuse:OTHER_HACK,chainabuse_crawl,OTHER_HACK,votes=1;checked=False,2026-05-24
AeBwztwXScyNNuQCEdhS54wttRQrw3Nj1UtqddzB4C7b,SOL,chainabuse:PHISHING,chainabuse_crawl,PHISHING,votes=1;checked=False,2026-05-24
GpmmQBjXxoppbELykD2PGQ4wwVR74o5sSZXVW6hVpump,SOL,chainabuse:PHISHING,chainabuse_crawl,PHISHING,votes=1;checked=False,2026-05-24
5n7iFugQXhCkxCcoTMedpQ1yCgbPYfmvLHPGA3Hg3isx,SOL,chainabuse:PHISHING,chainabuse_crawl,PHISHING,votes=1;checked=False,2026-05-24
6ASwM5gDwNdXzzYemDQac3gx6Rd8MWUKauJLLfjza3sV,SOL,chainabuse:OTHER,chainabuse_crawl,OTHER,votes=1;checked=False,2026-05-24
9ExgTi7Cynhgs8bDcs2cXcb2jYjHQZiyKA3QLrQtpump,SOL,chainabuse:IMPERSONATION,chainabuse_crawl,IMPERSONATION,votes=1;checked=False,2026-05-23
BvXfMpgvLvFffQtR2gmxwJCXE25GG7WtmhriceBWnFfx,SOL,chainabuse:IMPERSONATION,chainabuse_crawl,IMPERSONATION,votes=1;checked=False,2026-05-23
4p6shGnnRNnhSrEN1QnqFZwdu7eFQ63g8dd8w7mZFcae,SOL,chainabuse:IMPERSONATION,chainabuse_crawl,IMPERSONATION,votes=1;checked=False,2026-05-23
GRYcAWUkNkFADLPjmBLX1U462KMxACr9QFS4eMCjFqSu,SOL,chainabuse:OTHER_HACK,chainabuse_crawl,OTHER_HACK,votes=1;checked=False,2026-05-23
6PMazP1vVjBrUEiuaoQWEZKZRXL7u64xJP6NKezvazmK,SOL,chainabuse:FAKE_PROJECT,chainabuse_crawl,FAKE_PROJECT,votes=1;checked=False,2026-05-22
8Koi3aYyjmWv3ERi5Ea7DYah1aZHyADgouMSwWnrzB41,SOL,chainabuse:OTHER,chainabuse_crawl,OTHER,votes=1;checked=False,2026-05-22
9fZfKYU18PMMF6NJDmvTLYNLqXvgoreKyhy3Ee7A7jx4,SOL,chainabuse:PHISHING,chainabuse_crawl,PHISHING,votes=1;checked=False,2026-05-22
GxVFPKdUQ2xmAAUVn157bHXCtuekp9mGogH16Ao6wGAr,SOL,chainabuse:RUG_PULL,chainabuse_crawl,RUG_PULL,votes=1;checked=False,2026-05-21
AY5RJMQRVFVbvLQ17Q7jfpKP4btYZ1cad99TXqeDjXVA,SOL,chainabuse:FAKE_RETURNS,chainabuse_crawl,FAKE_RETURNS,votes=1;checked=False,2026-05-21
CoARSp4P9Yr7MEnKMZE7chyAkK3mNbPFyArdQeMm9a1G,SOL,chainabuse:FAKE_PROJECT,chainabuse_crawl,FAKE_PROJECT,votes=1;checked=False,2026-05-21
7jg3oyJ6qgvgNapT38TYbaYBwoUGBsfkNigzFHF7d3g9,SOL,chainabuse:IMPERSONATION,chainabuse_crawl,IMPERSONATION,votes=1;checked=False,2026-05-21
7Uri2qJEsajKvvyFh42X7nfMdYq7SU3mCWTCK84EEFJS,SOL,chainabuse:OTHER_INVESTMENT_SCAM,chainabuse_crawl,OTHER_INVESTMENT_SCAM,votes=1;checked=False,2026-05-21
HLi83kXhbcTEGT5wE5ZAuDEegVYiVViXF75oTQN76vNT,SOL,chainabuse:IMPERSONATION,chainabuse_crawl,IMPERSONATION,votes=1;checked=False,2026-05-20
6odRAGx6L1S7ZPGPmHgQZuJP8eCpwV8sXwisNxi3jRhR,SOL,chainabuse:FAKE_PROJECT+IMPERSONATION+RUG_PULL,chainabuse_crawl,FAKE_PROJECT|IMPERSONATION|RUG_PULL,label=transfert adress;votes=1;checked=False,2026-05-20
GZxiVHg1JM6gCWRG7FwhaD6gPYpcLhiJ21s4ga7Ynfus,SOL,chainabuse:OTHER_HACK,chainabuse_crawl,OTHER_HACK,votes=1;checked=False,2026-05-19
EtQ4L1X2cfZQ3yvi7EqjF5xXxPbsfrAkJKyTG83fL3o4,SOL,chainabuse:OTHER_HACK,chainabuse_crawl,OTHER_HACK,label=SOL attacker address;votes=1;checked=False,2026-05-19
4XLL9sJ4YmXKBfB1d6kLRf9WnsS91aDs7K3jjrKCcZNd,SOL,chainabuse:OTHER_INVESTMENT_SCAM,chainabuse_crawl,OTHER_INVESTMENT_SCAM,label=Token mint;votes=1;checked=False,2026-05-19
BjcxErc8QS6rwSHomp7iL5pSe7kuEcx29H3miFKgkftW,SOL,chainabuse:OTHER_INVESTMENT_SCAM,chainabuse_crawl,OTHER_INVESTMENT_SCAM,label=Frozen acct;votes=1;checked=False,2026-05-19
381caDFfKNEQWbtugYAuFgfqDDKPNqbfu4FGA83iwSP9,SOL,chainabuse:OTHER_INVESTMENT_SCAM,chainabuse_crawl,OTHER_INVESTMENT_SCAM,label=Victim wallet;votes=1;checked=False,2026-05-19
426pdPkQNeUWfY5o6ms5y8fZunGZbUqMGDyFXWisGVUM,SOL,chainabuse:PHISHING,chainabuse_crawl,PHISHING,votes=1;checked=False,2026-05-19
5tzFkiKscXHK5ZXCGbXZxdw7gTjjD1mBwuoFbhUvuAi9,SOL,chainabuse:FAKE_RETURNS+OTHER+OTHER_HACK+PHISHING+ROMANCE,chainabuse_crawl,FAKE_RETURNS|OTHER|OTHER_HACK|PHISHING|ROMANCE,label=Binance adress;votes=1;checked=False,2026-05-19
2XzKqfpx6wy1XD38gV1L1wvKHJxovLEfBkmcWKMJNhfk,SOL,chainabuse:PHISHING,chainabuse_crawl,PHISHING,votes=1;checked=False,2026-05-19
8PksuLMm27BQNHwDLGsegWFbvx1q78Pdszyufs5WNkse,SOL,chainabuse:PHISHING,chainabuse_crawl,PHISHING,votes=1;checked=False,2026-05-19
7df5p5aoW787CqUWGU2cwtdmtjd5Eiy3oJTbSpeRjupx,SOL,chainabuse:FAKE_PROJECT,chainabuse_crawl,FAKE_PROJECT,votes=1;checked=False,2026-05-19
5MsVpGEEio8nmWBv6UU97U8iCDEPVYgJBzkoqsKpTpfC,SOL,chainabuse:JOB_SCAM,chainabuse_crawl,JOB_SCAM,label=Scammer proxy account;votes=1;checked=False,2026-05-19
8VjFPbQQ2R1WdFDPv8wjQ9W9j9JZknEKpN4yDDRyXt28,SOL,chainabuse:JOB_SCAM,chainabuse_crawl,JOB_SCAM,label=Scammer central scam acco;votes=1;checked=False,2026-05-19
9jLskgx7mrfLiD4o2t9CcZPRBb7bv8JM8auD7xMyEC7f,SOL,chainabuse:PHISHING,chainabuse_crawl,PHISHING,votes=1;checked=False,2026-05-18
CdnH2RZ1THBzz2CgG2nhWxEKHH4z6jYDCMyFne45JcyB,SOL,chainabuse:PHISHING,chainabuse_crawl,PHISHING,votes=1;checked=False,2026-05-18
2Dpw3Cf3NfeBSCkev5zv85rcccft6LWLpWZN4QUXF9Wk,SOL,chainabuse:PHISHING,chainabuse_crawl,PHISHING,votes=1;checked=False,2026-05-18
AzNSwiFBcNLdDjm3Pma1MdQo7ish19PuLqeb2MwEnM2D,SOL,chainabuse:PHISHING,chainabuse_crawl,PHISHING,votes=1;checked=False,2026-05-18
9b5m3s2AmGhSyeeYuVJQmMAq7g7DW14atQ5fBNUVjimK,SOL,chainabuse:PHISHING,chainabuse_crawl,PHISHING,votes=1;checked=False,2026-05-18
trfb53BmkHNeoqaa3REgqnrbwUZqAFYdjTkivkJ6aWg,SOL,chainabuse:PHISHING,chainabuse_crawl,PHISHING,votes=1;checked=False,2026-05-17
ByZZS39qmSyeFbCeHNm7W9HHBmrgw6rw8dQoTLH5WVjQ,SOL,chainabuse:PHISHING,chainabuse_crawl,PHISHING,votes=1;checked=False,2026-05-17
7HTteg1Uw2kLqZGg2onSp1Z2d7ywvmfSuSJdmGsnpsE6,SOL,chainabuse:PHISHING,chainabuse_crawl,PHISHING,votes=1;checked=False,2026-05-17
9F8JfdmMehhMw8k4kUvZzM1EGf4UyLGCwS7Wug57pump,SOL,chainabuse:PHISHING,chainabuse_crawl,PHISHING,votes=1;checked=False,2026-05-17
FTNttY9KLqCwBkQCjrndSpe3qYZ6wqvnu3XRFnmCn7YJ,SOL,chainabuse:OTHER_INVESTMENT_SCAM,chainabuse_crawl,OTHER_INVESTMENT_SCAM,votes=1;checked=False,2026-05-17
9vcJHctgfXnxFdoA863Wf5H4uPu6iYdEtApVk8UeG6qN,SOL,chainabuse:IMPERSONATION,chainabuse_crawl,IMPERSONATION,votes=1;checked=False,2026-05-17
HijjKgduw3ZgaHWums6BriLmHaP1Q68XLNrjoF2qXPv4,SOL,chainabuse:FAKE_PROJECT,chainabuse_crawl,FAKE_PROJECT,votes=1;checked=False,2026-05-17
AS5NzvpUvkc9EK8v6CJR5brtyNFjGxu4yVBXXhoPoFJY,SOL,chainabuse:FAKE_PROJECT,chainabuse_crawl,FAKE_PROJECT,votes=1;checked=False,2026-05-17
7JXNUxAQ4DmbSzeZu6P1Dt2j4Z1YPR2iGs55ydFK4muH,SOL,chainabuse:FAKE_PROJECT,chainabuse_crawl,FAKE_PROJECT,votes=1;checked=False,2026-05-17
8qB2DkT28Fxj2ny4B3vSJEBC1BjNhswCS4kaP3dro5T8,SOL,chainabuse:FAKE_PROJECT,chainabuse_crawl,FAKE_PROJECT,votes=1;checked=False,2026-05-17
Ewy1VgZMKthqBxdRYfu9GP33zkZte6jnnvnXtDnZ7Dxx,SOL,chainabuse:FAKE_RETURNS,chainabuse_crawl,FAKE_RETURNS,votes=1;checked=False,2026-05-16
xkkEo6kD4wo1ccWPA5mnJEazzuzfai5j9bcM3y9fD1c,SOL,chainabuse:PHISHING,chainabuse_crawl,PHISHING,votes=1;checked=False,2026-05-16
CmGiqRQzFsGFhSa9oZfX8JGBCRoWd2YYUFuxWvSshWPV,SOL,chainabuse:OTHER_HACK,chainabuse_crawl,OTHER_HACK,label=new wallet no 1;votes=1;checked=False,2026-05-16
5TDcU7Pe5YBrVQ5WqkzAyULtcqoVUVy41PrmUo1p2Fwz,SOL,chainabuse:OTHER_HACK,chainabuse_crawl,OTHER_HACK,label=new wallet no 2;votes=1;checked=False,2026-05-16
3yYECiyKbbQQZmBy3B9nimWzMW1RSNXz2zVEjmjPYvXb,SOL,chainabuse:OTHER_HACK,chainabuse_crawl,OTHER_HACK,label=new wallet no 3;votes=1;checked=False,2026-05-16
5ndLnEYqSFiA5yUFHo6LVZ1eWc6Rhh11K5CfJNkoHEPs,SOL,chainabuse:OTHER_HACK+PHISHING,chainabuse_crawl,OTHER_HACK|PHISHING,label=+0.10075 SOL adress;votes=1;checked=False,2026-05-16
FeyzAumhdV5cQmYpWymvZ6gYBwaC1WFU811K4qhEUh8H,SOL,chainabuse:AIRDROP,chainabuse_crawl,AIRDROP,votes=1;checked=False,2026-05-16
E2mrNP4vkwyPnbTu5pKSM3TKVKDV2jFXimgaeVLnGysM,SOL,chainabuse:OTHER_INVESTMENT_SCAM,chainabuse_crawl,OTHER_INVESTMENT_SCAM,votes=1;checked=False,2026-05-15
2hP2bd7DHzseqNotWbEsFKSshCCUwk7TtCWFuGzctkUg,SOL,chainabuse:OTHER+OTHER_HACK+PHISHING,chainabuse_crawl,OTHER|OTHER_HACK|PHISHING,votes=2;checked=False,2026-05-15
CreQJ2t94QK5dsxUZGXfPJ8Nx7wA9LHr5chxjSMkbNft,SOL,chainabuse:RUG_PULL,chainabuse_crawl,RUG_PULL,votes=1;checked=False,2026-05-15
5rCf1DM8LjKTw4YqhnoLcngyZYeNnQqztScTogYHAS6,SOL,chainabuse:RUG_PULL,chainabuse_crawl,RUG_PULL,votes=1;checked=False,2026-05-15
8bAVCeuQd9akudbotz4Ug3nv7e2KHVL2NTPtDaZLjvee,SOL,chainabuse:RUG_PULL,chainabuse_crawl,RUG_PULL,votes=1;checked=False,2026-05-15
BhSouhiz8NwEisNLbXpTkuvNmbBTMqbMwZcARFG9bNpn,SOL,chainabuse:RUG_PULL,chainabuse_crawl,RUG_PULL,votes=1;checked=False,2026-05-15
675kPX9MHTjS2zt1qfr1NYHuzeLXfQM9H24wFSUt1Mp8,SOL,chainabuse:RUG_PULL,chainabuse_crawl,RUG_PULL,votes=1;checked=False,2026-05-15
GwUjBNCvqmxgsdzaxNFu4qaEAxRvcf2H9hgNFSffgadw,SOL,chainabuse:FAKE_RETURNS,chainabuse_crawl,FAKE_RETURNS,label=SOSO;votes=1;checked=False,2026-05-14
CLEPxp6y4XZVWghB8UGMBAwvTVV8F8xFAGYBTMaRMZzf,SOL,chainabuse:OTHER_HACK,chainabuse_crawl,OTHER_HACK,votes=1;checked=False,2026-05-14
BnxUPDoXJKY9NJ6uekp2DT5qAh72JLEWjAangS5vWN9a,SOL,chainabuse:OTHER_HACK,chainabuse_crawl,OTHER_HACK,votes=1;checked=False,2026-05-14
2RRAxkqQJnPKJ62V7qTj7pNU2TsmuKFv5MYgRPNz4hHv,SOL,chainabuse:OTHER_HACK,chainabuse_crawl,OTHER_HACK,votes=1;checked=False,2026-05-14
5kuefsvsowE6Sty2PEGJUjjZ4M9UqezCW1zcx67AjzMX,SOL,chainabuse:OTHER_HACK,chainabuse_crawl,OTHER_HACK,votes=1;checked=False,2026-05-14
CyPzpDN7h5TPjEDXdHDHN3iczowKhqaD5j6dZXEi3Gts,SOL,chainabuse:OTHER_HACK,chainabuse_crawl,OTHER_HACK,votes=1;checked=False,2026-05-14
4gWcXNdAo9BnQTDriksi2voUY6BWx1fggm7Dr59UNhA1,SOL,chainabuse:RANSOMWARE,chainabuse_crawl,RANSOMWARE,votes=1;checked=False,2026-05-14
8dppDY1LjkWwC8n1NjDapC1aypTRZXdDMx9DAYWTud25,SOL,chainabuse:PHISHING,chainabuse_crawl,PHISHING,votes=1;checked=False,2026-05-13
Eucx4rq5XUqLzEnAnByNAwXHecciKBTwNLCYtNFgAETC,SOL,chainabuse:OTHER_HACK,chainabuse_crawl,OTHER_HACK,label=First recipient wallet;votes=1;checked=False,2026-05-13
2xCKVe8QDtE4DHoPRywbmTKEJCjYeHRCvM5wp7HXBovL,SOL,chainabuse:OTHER_HACK,chainabuse_crawl,OTHER_HACK,label=Service before bridge;votes=1;checked=False,2026-05-13
6nDayjyeKWmckKbWaJHPrGBfGRUaDF7SNziimYtraf6S,SOL,chainabuse:FAKE_RETURNS,chainabuse_crawl,FAKE_RETURNS,label=Main drainer;votes=1;checked=False,2026-05-13
C53owmeiQWXxfUZqqfcBkBSp1UEx3WDumQT49ZzT5kjb,SOL,chainabuse:FAKE_RETURNS,chainabuse_crawl,FAKE_RETURNS,label=Aggregator;votes=1;checked=False,2026-05-13
9vwDk9MUwBgoHNJjWhpgec4L4FhUbZqnKkwcsJ7HwdCM,SOL,chainabuse:FAKE_RETURNS,chainabuse_crawl,FAKE_RETURNS,label=solmex Bybit deposit #1;votes=1;checked=False,2026-05-13
oM2dYXjzNUMu1L7qE9gdERPuk8pJtnzZuD7fftNKdBs,SOL,chainabuse:FAKE_RETURNS,chainabuse_crawl,FAKE_RETURNS,label=solmex Bybit deposit #2;votes=1;checked=False,2026-05-13
EuWaUW5TETUeBPZruweg72qucSKZmjjzYnr1GLoHD3LK,SOL,chainabuse:FAKE_RETURNS,chainabuse_crawl,FAKE_RETURNS,label=solmex Binance deposit;votes=1;checked=False,2026-05-13
E7FtehuXrZozq3N2iWSUrAE5e1cR6uFymiuhiQfKo5aN,SOL,chainabuse:FAKE_RETURNS,chainabuse_crawl,FAKE_RETURNS,label=solmex op conduit;votes=1;checked=False,2026-05-13
G8Awj5zcQVdBJ4x2aCYaxHoi8cLtcjJJ8PfbUneazoiK,SOL,chainabuse:FAKE_RETURNS,chainabuse_crawl,FAKE_RETURNS,label=solmex op Revolut funder;votes=1;checked=False,2026-05-13
2pUhRZfW5kPTV1c7hXK74yHarCYqXV4ko3C25NYV9jAt,SOL,chainabuse:OTHER_HACK,chainabuse_crawl,OTHER_HACK,votes=1;checked=False,2026-05-13
86Cv1nUotxe9EZ4RZCHZsb9At2xZZLqZxcdvWq68XjTH,SOL,chainabuse:OTHER_HACK,chainabuse_crawl,OTHER_HACK,votes=1;checked=False,2026-05-13
2X2TsZM18LGBsc2QeNENd3C8Rizn2Ryaa4PWUXwKdcsU,SOL,chainabuse:OTHER_HACK,chainabuse_crawl,OTHER_HACK,votes=1;checked=False,2026-05-13
3F3b9B3bnJJjpfGsMKfWNMffamVVn37XyJgHL2xLpump,SOL,chainabuse:RUG_PULL,chainabuse_crawl,RUG_PULL,votes=1;checked=False,2026-05-12
4WibHYwCn42GgnYeQMftE3yzqPWYLtStucXNgFzjknwN,SOL,chainabuse:RUG_PULL,chainabuse_crawl,RUG_PULL,votes=1;checked=False,2026-05-12
8a69qTTbJ6fu6Fvtx1ghDJob7QMzBsS8KasTCHWsn3yh,SOL,chainabuse:PHISHING,chainabuse_crawl,PHISHING,votes=1;checked=False,2026-05-12
6AAGHxc2CVLvZ2dLbsY3raGmF7sGw7LinPi8AruCQxg,SOL,chainabuse:PHISHING,chainabuse_crawl,PHISHING,votes=1;checked=False,2026-05-12
7CMMPAwtMspCDpsTJAMXJ3uW4fcuGN3uwfQWfWLeZ6J4,SOL,chainabuse:OTHER,chainabuse_crawl,OTHER,votes=1;checked=False,2026-05-12
25skNZqQeebbGRbpGQNAaESHFxgMYJ4UKQ2VfS3gpump,SOL,chainabuse:IMPERSONATION,chainabuse_crawl,IMPERSONATION,votes=1;checked=False,2026-05-11
6gnqmewW5waKsW2v3uJALmpdTY5FdFLs4EKJY3VbTkdv,SOL,chainabuse:IMPERSONATION,chainabuse_crawl,IMPERSONATION,votes=1;checked=False,2026-05-11
EkmdtXUGdRs4ToQL19EDajEQMQjDTihcVkPvvWPgCvwQ,SOL,chainabuse:PHISHING,chainabuse_crawl,PHISHING,label=axxiom;votes=1;checked=False,2026-05-11
GftNNNQ4AxQzJxdmrQFG6uUZcqniEPiZ1CXUMqXPMK4V,SOL,chainabuse:PHISHING,chainabuse_crawl,PHISHING,votes=1;checked=False,2026-05-11
8nLsMtZgJVM8nybxiBgKBzSoNemxQFrQGonDj9K5DxfB,SOL,chainabuse:PHISHING,chainabuse_crawl,PHISHING,votes=1;checked=False,2026-05-11
FncazAs6omJJjtLVzquzT9KoyXn6tFixr9kGjr42ktLj,SOL,chainabuse:PHISHING,chainabuse_crawl,PHISHING,votes=1;checked=False,2026-05-11
Bv6su5PEueNXjxbW7EwNF7sAtHdioJxgjyaS5EwR9pHJ,SOL,chainabuse:PHISHING,chainabuse_crawl,PHISHING,votes=1;checked=False,2026-05-11
HYWrJGbcLKB8ocTaCvZYrMe7NYzv6itFTSv5Rbn1pump,SOL,chainabuse:RUG_PULL,chainabuse_crawl,RUG_PULL,votes=1;checked=False,2026-05-10
DtR4D9FtVoTX2569gaL837ZgrB6wNjj6tkmnX9Rdk9B2,SOL,chainabuse:RUG_PULL,chainabuse_crawl,RUG_PULL,votes=1;checked=False,2026-05-10
9ABpQzMpNnnbR82dWLj6kE5y8dr5eZ8LoxsoeHZhnydq,SOL,chainabuse:RUG_PULL,chainabuse_crawl,RUG_PULL,votes=1;checked=False,2026-05-10
A6SyY6Z87y64M1114KA9TpaWj4jdhzV2Z8GrW8Tp45xt,SOL,chainabuse:RUG_PULL,chainabuse_crawl,RUG_PULL,votes=1;checked=False,2026-05-10
GKzRqd42zSqWKSTHTUmPpkrqhu6Y1npSbYTyfvVQVpu3,SOL,chainabuse:RUG_PULL,chainabuse_crawl,RUG_PULL,votes=1;checked=False,2026-05-10
5ksaGLSzmhzhGjfeNx9qyYSwG9LZxXgr4qZUWN2mbh2n,SOL,chainabuse:OTHER_HACK,chainabuse_crawl,OTHER_HACK,votes=1;checked=False,2026-05-10
uncNCRycMtNPj2kXHfwiCgNrzCTnC9xU5FS8ZeWyn3M,SOL,chainabuse:OTHER_HACK,chainabuse_crawl,OTHER_HACK,votes=1;checked=False,2026-05-10
BwrFh47rbHeRmsyXUTJZBNbL5EeuA6umbfk1B4XTMeMy,SOL,chainabuse:PHISHING,chainabuse_crawl,PHISHING,votes=1;checked=False,2026-05-10
DGviuAtXwkNhoZJp2zVewVfh5DpMjucQVKm1dL5csisv,SOL,chainabuse:OTHER+OTHER_HACK+PHISHING,chainabuse_crawl,OTHER|OTHER_HACK|PHISHING,votes=1;checked=False,2026-05-08
2Fs2g6tJCkujrzkUYGvowWdGUJmcDYqnzhkRLvphQJcf,SOL,chainabuse:PIGBUTCHERING,chainabuse_crawl,PIGBUTCHERING,votes=-1;checked=False,2026-05-08
9Nn7i3TWcpri2HBAmBWEJHeCYXPRT2JohABJGqP9ncjM,SOL,chainabuse:OTHER_HACK,chainabuse_crawl,OTHER_HACK,votes=1;checked=False,2026-05-08
7uTT8Xi5RWXzy7h9XL244GRgEycDYDhLjr3ZyNdXi8pZ,SOL,chainabuse:JOB_SCAM+OTHER_HACK,chainabuse_crawl,JOB_SCAM|OTHER_HACK,label=third(transfer);votes=2;checked=False,2026-05-08
4NhUEM8i8Hn76jhntoZJ3tapDPV6bk5ASvCQMvxwUtwp,SOL,chainabuse:PHISHING,chainabuse_crawl,PHISHING,label=scamer adress;votes=1;checked=False,2026-05-08
FYmbdfm14U8j6o1uf8ncFh7JBz22KF78K9vzWsvsbMdV,SOL,chainabuse:PHISHING,chainabuse_crawl,PHISHING,label=scamer adress;votes=1;checked=False,2026-05-08
U1dJrKjDWL1ZqMC8RrFDWB3dVzHaribCYdQ7d1h8H8K,SOL,chainabuse:PHISHING,chainabuse_crawl,PHISHING,votes=1;checked=False,2026-05-08
A1VB98UjENyr6aiw42VW68cYKgS3YmmyFt23ox7mNx8v,SOL,chainabuse:OTHER_BLACKMAIL,chainabuse_crawl,OTHER_BLACKMAIL,votes=1;checked=False,2026-05-07
EhNKGqeaEq7LCTiXjGwjvjJg7JtpNYtpigJDEqTUT44R,SOL,chainabuse:FAKE_PROJECT,chainabuse_crawl,FAKE_PROJECT,votes=2;checked=False,2026-05-06
4nscSRo33yCsPa5GRP46eobCsiK6V7eqiRRWZoELnPER,SOL,chainabuse:PIGBUTCHERING,chainabuse_crawl,PIGBUTCHERING,votes=2;checked=False,2026-05-06
325iMRQ8JcnmsRhYkDBiaxmza8CdtojJAcCBuNepyqjm,SOL,chainabuse:AIRDROP,chainabuse_crawl,AIRDROP,label=convert eth to sol ;votes=3;checked=False,2026-05-06
2B6nbfTVcCcY9ZDvgH1hSAnRc4B1t5PdHBhVvm6ZX15t,SOL,chainabuse:AIRDROP,chainabuse_crawl,AIRDROP,votes=3;checked=False,2026-05-06
G18Q5Ep4DC4SvZ32RVDh5sJAgzJRqDVfRq1iegMYjrY2,SOL,chainabuse:AIRDROP,chainabuse_crawl,AIRDROP,votes=3;checked=False,2026-05-06
BY4StcU9Y2BpgH8quZzorg31EGE4L1rjomN8FNsCBEcx,SOL,chainabuse:AIRDROP,chainabuse_crawl,AIRDROP,label=HTX hot wallet;votes=3;checked=False,2026-05-06
HfuLevGqxUspm3uD2JDTyaMBnWh1kyspsVsV6naFWgEw,SOL,chainabuse:OTHER_HACK,chainabuse_crawl,OTHER_HACK,votes=1;checked=False,2026-05-05
pornefJinU8P4ef86SwNjaCPcUkdrobcXRgdZ9nDD2S,SOL,chainabuse:PHISHING,chainabuse_crawl,PHISHING,votes=1;checked=False,2026-05-05
AbV2Tjuoez74FuJSnik1QaTUvGDZ4oTDtHnwuEFZM6ia,SOL,chainabuse:OTHER_HACK,chainabuse_crawl,OTHER_HACK,label=scammer wallet;votes=1;checked=False,2026-05-05
HYcVt6c9NahsffzUNeiNTRr8PYBeLfM3AoQwMqaM56bP,SOL,chainabuse:PHISHING,chainabuse_crawl,PHISHING,votes=1;checked=False,2026-05-04
JDb4ZuUfEpxxjvRe8PiH9ibMtDeshoQkCprRhs3bw2nP,SOL,chainabuse:OTHER_HACK,chainabuse_crawl,OTHER_HACK,votes=1;checked=False,2026-05-04
66nnLqhAcwYY2LtLUhdpsX8sqK87LZWNqVKxQXJwcCm5,SOL,chainabuse:IMPERSONATION,chainabuse_crawl,IMPERSONATION,votes=1;checked=False,2026-05-04
6C2FdThBhsLyLT8Jq7YrfouAmeaFLAjA4zCtEq3JB7K1,SOL,chainabuse:OTHER_HACK,chainabuse_crawl,OTHER_HACK,votes=1;checked=False,2026-05-04
3d7UKbH16BuwREKSkK99SMeRxgBJt1cYt9KUBQiUFrpX,SOL,chainabuse:OTHER_HACK,chainabuse_crawl,OTHER_HACK,votes=1;checked=False,2026-05-03
J1KLvuYwzmRWGUmpVpmbRiFz5NkMeqHmqoHwDSN2YE6R,SOL,chainabuse:PHISHING,chainabuse_crawl,PHISHING,votes=1;checked=False,2026-05-03
FPBytQgPgNPiDy8r48m4qKQ8NVnWpBhp7qChW3NGZPeZ,SOL,chainabuse:FAKE_PROJECT,chainabuse_crawl,FAKE_PROJECT,votes=1;checked=False,2026-05-02
9GUCgT4Dfh4c321jzfEi8p3xVZZcgvxxMv8RbiAQvL6f,SOL,chainabuse:IMPERSONATION,chainabuse_crawl,IMPERSONATION,votes=1;checked=False,2026-05-01
6GsX4eXcZLwb58SgGTYkaSzTZ7xRH8vfRVsK9jDxASor,SOL,chainabuse:IMPERSONATION,chainabuse_crawl,IMPERSONATION,votes=1;checked=False,2026-05-01
6Txv4YFPu8B1sFp8zA8sHPAWZPDrrLBquj8oUxwXod1m,SOL,chainabuse:IMPERSONATION,chainabuse_crawl,IMPERSONATION,votes=1;checked=False,2026-04-30
9QDFMbnurT62U13E9WEMKcsHrQUMHxxpovabpD7cZ9D8,SOL,chainabuse:OTHER_HACK,chainabuse_crawl,OTHER_HACK,label=DRAINED WALLET;votes=1;checked=False,2026-04-30
8aaCi2KdnLWbS8A1RjbvPWRRb6PFFFkJqLXJgJg3ZMq1,SOL,chainabuse:OTHER_HACK,chainabuse_crawl,OTHER_HACK,label=SCAMMER ACCOUNT;votes=1;checked=False,2026-04-30
ZfctMHBkZNTqeYGE47ekxtydgXgpo9xKJCAasjaCLTU,SOL,chainabuse:CONTRACT_EXPLOIT+OTHER_HACK,chainabuse_crawl,CONTRACT_EXPLOIT|OTHER_HACK,votes=1;checked=False,2026-04-30
7Y29F6NRvEVXTE8dFKYBVa91aWduu9Z9FQS8WgNuSACx,SOL,chainabuse:OTHER_INVESTMENT_SCAM,chainabuse_crawl,OTHER_INVESTMENT_SCAM,votes=1;checked=False,2026-04-30
G16DTPm9Gjr6idFDH7pW3oNYXBbMfXXTgsmkV9Fhd5Yv,SOL,chainabuse:OTHER_HACK,chainabuse_crawl,OTHER_HACK,votes=1;checked=False,2026-04-30
GnecEi8sfNgbmgmKq9mhGZzbiTfHMSZ1aiLa9GmmFMLM,SOL,chainabuse:OTHER_HACK,chainabuse_crawl,OTHER_HACK,votes=1;checked=False,2026-04-30
Hwm9BxrF4NoXuuRTSGbg2h1iGrB6KboDMc3aY2oMpump,SOL,chainabuse:FAKE_PROJECT,chainabuse_crawl,FAKE_PROJECT,label=Scam Token Mint ($TIMMY);votes=2;checked=False,2026-04-30
ARPHdDv38pNMchkFKWLZ5Umis7G8U3hd8WTPrRCGY4g,SOL,chainabuse:FAKE_PROJECT,chainabuse_crawl,FAKE_PROJECT,label=Scam Creator Wallet;votes=2;checked=False,2026-04-30
EwYpgFaGRLpyfXjQagL4scRDwMfDnvLavSRKfAZ65vgS,SOL,chainabuse:FAKE_PROJECT,chainabuse_crawl,FAKE_PROJECT,label=Top Insider Wallet;votes=2;checked=False,2026-04-30
Hzma26pehGu3Bi4CFZhGsHtW63P5vnGXtx1suNPRn7iy,SOL,chainabuse:OTHER_HACK,chainabuse_crawl,OTHER_HACK,votes=1;checked=False,2026-04-29
Andeq4TJjDiZcYMXGwCoKNpQWDrcWaG46ivmnSXF7Q4K,SOL,chainabuse:OTHER_HACK,chainabuse_crawl,OTHER_HACK,votes=1;checked=False,2026-04-29
H8iooYpwwuyTe3aa4JZMK87hefCQucofq6GWkXGCcT3P,SOL,chainabuse:OTHER_HACK,chainabuse_crawl,OTHER_HACK,votes=1;checked=False,2026-04-29
3KXKwkHokuy6nKKh3SWL9GANLWTxR9ZyAtz6H3Ege7UX,SOL,chainabuse:PHISHING,chainabuse_crawl,PHISHING,votes=1;checked=False,2026-04-29
4ZhKJgotJ2tmpYs9Y2NkgJzS7Ac5sghrU4a6cyTLEe7U,SOL,chainabuse:PHISHING,chainabuse_crawl,PHISHING,votes=1;checked=False,2026-04-29
HoVcU7XvCgv6kR4L2urzbhJLcXMdFnFrvSeoBz9k7PDx,SOL,chainabuse:PHISHING,chainabuse_crawl,PHISHING,votes=1;checked=False,2026-04-29
8mSjfpXHnNMpjjPFrMiibXnezkXrrP31BX77Z9MGi8N6,SOL,chainabuse:PHISHING,chainabuse_crawl,PHISHING,votes=1;checked=False,2026-04-29
3KzAE8dPyJRgZ36Eh81v7WPwi6dm7bDhdMb8EAus2RAf,SOL,chainabuse:FAKE_PROJECT,chainabuse_crawl,FAKE_PROJECT,votes=2;checked=False,2026-04-29
8mSjfpXHnMpjjPFrMiibXnezkXrrP31BX77Z9MGi8N6,SOL,chainabuse:PHISHING,chainabuse_crawl,PHISHING,votes=1;checked=False,2026-04-29
DEpauSvCBKn6tmjtC8NYMKdDC1sWfrv8sg68eNGxfxhm,SOL,chainabuse:FAKE_PROJECT,chainabuse_crawl,FAKE_PROJECT,label=the 50 SOL I sent;votes=2;checked=False,2026-04-27
HKbpzLs9bWPuaVbh9Ayy6bDm3Dze1BjB79jgoGem6FK,SOL,chainabuse:FAKE_PROJECT,chainabuse_crawl,FAKE_PROJECT,label=the $200 for VIP channel;votes=2;checked=False,2026-04-27
9DYHy5WJoFWGoF923tb4EYAcx1fsGaQ6NF7tqUk47QHN,SOL,chainabuse:PHISHING,chainabuse_crawl,PHISHING,label=Hacker-A (L1 collection);votes=1;checked=False,2026-04-27
Af6kT8YuUdWj6ShyKJmHG66pmC5redf4uBQPNsmyXkWn,SOL,chainabuse:OTHER_HACK+PHISHING,chainabuse_crawl,OTHER_HACK|PHISHING,label=onceitsgoneitsreallygone;votes=1;checked=False,2026-04-27
3wuSBMMimJRrm7ovWZxmWGGdKFMWvEtSksKH7qkQa8is,SOL,chainabuse:OTHER_HACK,chainabuse_crawl,OTHER_HACK,label=Scam;votes=1;checked=False,2026-04-26
HtbRYL2iv9ZDdvJF75B6ackaEVExpEAoSoAViRJCw77i,SOL,chainabuse:OTHER_HACK,chainabuse_crawl,OTHER_HACK,label=Scam;votes=1;checked=False,2026-04-26
DKLnM9HeydU11AjdHkr2Gz4yHQ2C5HRzYFdZyZww5jwJ,SOL,chainabuse:OTHER_HACK,chainabuse_crawl,OTHER_HACK,label=Scam;votes=1;checked=False,2026-04-26
BB1uS3mmY8kWsBiYVuJEV5QVJD4cZVH6bvu6vujjXYVP,SOL,chainabuse:OTHER_HACK,chainabuse_crawl,OTHER_HACK,label=Scam;votes=1;checked=False,2026-04-26
BZUNHSAjFnQbZWmbSPmkFC87CKaFEdqzxduDchU4JRgN,SOL,chainabuse:OTHER_HACK,chainabuse_crawl,OTHER_HACK,label=Scam;votes=1;checked=False,2026-04-26
2zMMhcVQEXDtdE6vsFS7S7D5oUodfJHE8vd1gnBouauv,SOL,chainabuse:OTHER_HACK,chainabuse_crawl,OTHER_HACK,label=Scam;votes=1;checked=False,2026-04-26
5TjSh51DeZfDF2mWTYPDWzJhYkNkMQk3ZHfq13JaKHkf,SOL,chainabuse:OTHER_HACK,chainabuse_crawl,OTHER_HACK,label=Scam;votes=1;checked=False,2026-04-26
CkaXmXi9ne13jNZ2qgR7miHZzUh7MUiNWHkGaEcGZLsv,SOL,chainabuse:AIRDROP,chainabuse_crawl,AIRDROP,votes=1;checked=False,2026-04-25
HzrKQBgrAxyhNAS8Tgy4ZjVHoE9DKPaYw96zZkUpYwav,SOL,chainabuse:PHISHING,chainabuse_crawl,PHISHING,votes=1;checked=False,2026-04-25
DLGeJKPMVkWTP1Ku2Kcrmrhtq98HHaiZq9CRsXpbgbKV,SOL,chainabuse:PIGBUTCHERING,chainabuse_crawl,PIGBUTCHERING,votes=1;checked=False,2026-04-25
GmM3ALaz9jgdgwoxJjWQhanF4XCDdNPiSMfeasnfRpQe,SOL,chainabuse:PIGBUTCHERING,chainabuse_crawl,PIGBUTCHERING,votes=1;checked=False,2026-04-25
HC7uQjuLDtxqngXCfJgXBamynuQTm1EVvqsjuDtsatf4,SOL,chainabuse:IMPERSONATION,chainabuse_crawl,IMPERSONATION,votes=1;checked=False,2026-04-24
GW2Jc6jyD8dbVLfmDPFFSgkDvw5YvwHSbaiBxXu97Nk6,SOL,chainabuse:IMPERSONATION,chainabuse_crawl,IMPERSONATION,votes=1;checked=False,2026-04-24
6kRTyRyT3U9UsxLeaGGUCDvJgHXHb4vhr36e6Krd2Jac,SOL,chainabuse:OTHER_HACK,chainabuse_crawl,OTHER_HACK,votes=1;checked=False,2026-04-24
5FzEyGxzdqMfUkDurkMHyEHa3namf3Fd2jKT3zP1pump,SOL,chainabuse:IMPERSONATION,chainabuse_crawl,IMPERSONATION,votes=1;checked=False,2026-04-24
DgtHKnyVwzg8rjcZa8b6A1q5WokADUcJFXf4TBdpump,SOL,chainabuse:IMPERSONATION,chainabuse_crawl,IMPERSONATION,votes=1;checked=False,2026-04-24
DHRuLKT1vR5KDB5UUhfrMacieu6m5oQ6keFuCbShpump,SOL,chainabuse:IMPERSONATION,chainabuse_crawl,IMPERSONATION,votes=1;checked=False,2026-04-24
4kuMpwzisi9qq4jgb2xSDnj1NfUr9ETXoxLtYxwzpump,SOL,chainabuse:IMPERSONATION,chainabuse_crawl,IMPERSONATION,votes=1;checked=False,2026-04-24
4RMRh7w7g9GEEh5Y8MhfGyMhaybi2Fqu1kZGHAftEYNB,SOL,chainabuse:FAKE_PROJECT,chainabuse_crawl,FAKE_PROJECT,votes=1;checked=False,2026-04-24
CCSAA6VBERqGahcQjwF86mB8UHPqYaJ22ULmrXC1wzvt,SOL,chainabuse:PHISHING,chainabuse_crawl,PHISHING,votes=1;checked=False,2026-04-23
Ak91sQmxR2AnS33KSaodRqj2ushfy6m3ASFqK2SCznbY,SOL,chainabuse:OTHER_HACK,chainabuse_crawl,OTHER_HACK,votes=1;checked=False,2026-04-23
k6fxrwfWJD7k6vGVnFR6A8ug1NED577CZjzaKFAzCy5,SOL,chainabuse:OTHER_HACK,chainabuse_crawl,OTHER_HACK,votes=1;checked=False,2026-04-22
5YSwXcajeXZKaEdnQB9HkVrAhyviFxyVTmDipabhqiKV,SOL,chainabuse:OTHER_INVESTMENT_SCAM,chainabuse_crawl,OTHER_INVESTMENT_SCAM,votes=1;checked=False,2026-04-21
VDoRrZix72Er41foJAdKrwFqYNozPbktuPa4Xy1A7Au,SOL,chainabuse:IMPERSONATION+RUG_PULL,chainabuse_crawl,IMPERSONATION|RUG_PULL,votes=1;checked=False,2026-04-21
AZRwhdZ4KrcWUGCfa6QHVYUXhzE1uNVFXYx33d2Nye7e,SOL,chainabuse:CONTRACT_EXPLOIT,chainabuse_crawl,CONTRACT_EXPLOIT,votes=1;checked=False,2026-04-21
HetaPyWvKKNswrcbSG9uVGiwfdpUwosdsuuoaHncudaE,SOL,chainabuse:CONTRACT_EXPLOIT,chainabuse_crawl,CONTRACT_EXPLOIT,votes=1;checked=False,2026-04-21
DWypeWYRrtAevsLZhZi9TeEY9H3BGED8kCbBSHTFie3e,SOL,chainabuse:CONTRACT_EXPLOIT,chainabuse_crawl,CONTRACT_EXPLOIT,votes=1;checked=False,2026-04-21
5xsky3nbs4mezixq2ujss8hjwve91ucgnawbhkvgte5b,SOL,chainabuse:PHISHING,chainabuse_crawl,PHISHING,votes=1;checked=False,2026-04-20
9KqYXbL5qriA3aZEYYDG1m9dTwwTPV7tceshmsowPhXQ,SOL,chainabuse:OTHER_INVESTMENT_SCAM,chainabuse_crawl,OTHER_INVESTMENT_SCAM,votes=1;checked=False,2026-04-20
7BwLgoZnEK3qJoQVXYgucun8rAN1r3QDFq5GfYnuTFEj,SOL,chainabuse:IMPERSONATION,chainabuse_crawl,IMPERSONATION,votes=1;checked=False,2026-04-20
56qEvNNqVqZrfNZcwMKzbXwDUqtdnoom2KKvyoBsWkSK,SOL,chainabuse:OTHER,chainabuse_crawl,OTHER,votes=1;checked=False,2026-04-19
4beujqNVh5BVYKFgb2vhF1J5PNsougJqtHRmKDBP7zU9,SOL,chainabuse:OTHER_HACK,chainabuse_crawl,OTHER_HACK,votes=1;checked=False,2026-04-19
CgWzbHowfF4ZWZaKXzBeA9ZMBqrZE5aQqQZSS4BktUPz,SOL,chainabuse:AIRDROP,chainabuse_crawl,AIRDROP,votes=1;checked=False,2026-04-18
65y53hk5snKBZuAjZkUUzDywFPTckkQr6hnGAzdPfk3m,SOL,chainabuse:OTHER_HACK,chainabuse_crawl,OTHER_HACK,votes=1;checked=False,2026-04-18
ASNkAg2QXCUFCPQvmK9HWjJVmSwD5J8Va82iKArhue4r,SOL,chainabuse:RUG_PULL,chainabuse_crawl,RUG_PULL,votes=1;checked=False,2026-04-18
6osaiZnBsBxsqJnVypc6yEoEaS6GQRW445yD4BqpE7ij,SOL,chainabuse:OTHER,chainabuse_crawl,OTHER,votes=1;checked=False,2026-04-18
HcLcishiBhyXKDGR6YccG1amVY3VENeiykEwioUEnYKv,SOL,chainabuse:PHISHING,chainabuse_crawl,PHISHING,votes=1;checked=False,2026-04-17
2Ap3hGVRZRgG8QTf4xDV7NBaXn7YtwxNXAbFj4maNLF2,SOL,chainabuse:OTHER_HACK,chainabuse_crawl,OTHER_HACK,label=Attacker Wallet;votes=1;checked=False,2026-04-17
A8VQu8fwii1VC58BNkMA9kG9S3TChQhaPigqDQEwPkms,SOL,chainabuse:PHISHING,chainabuse_crawl,PHISHING,votes=1;checked=False,2026-04-17
ruguH33QABR7xSj2RPDhP8MmRNdRvwRuQ41PCvRUXMw,SOL,chainabuse:FAKE_PROJECT,chainabuse_crawl,FAKE_PROJECT,votes=1;checked=False,2026-04-17
rugBr45iR8CFjQj4V8pozYoExQZt5LpJ7d2wxTa5R1L,SOL,chainabuse:FAKE_PROJECT,chainabuse_crawl,FAKE_PROJECT,votes=1;checked=False,2026-04-17
rugBVtdCYRed41uuuJ6in5Li8xkBDaNMV5oxyaoyhWQ,SOL,chainabuse:FAKE_PROJECT,chainabuse_crawl,FAKE_PROJECT,votes=1;checked=False,2026-04-17
rugcDX7SbnZ8Th7HYh6yDduUHhGxM6GdEWuMPMJmfyD,SOL,chainabuse:FAKE_PROJECT,chainabuse_crawl,FAKE_PROJECT,votes=1;checked=False,2026-04-17
rugWXNtb5HKNi7qbHBtikyKx2HAV7Pn5Ln7sNHfbBPc,SOL,chainabuse:FAKE_PROJECT,chainabuse_crawl,FAKE_PROJECT,votes=1;checked=False,2026-04-17
rugSQVLPKeWSs4Vg8zK175dDex4jbz973trLXkVjAn6,SOL,chainabuse:FAKE_PROJECT,chainabuse_crawl,FAKE_PROJECT,votes=1;checked=False,2026-04-17
rugr7JhzHHSJK7bfwPeD72vwyqW9HL1HRsFFUYXbLoc,SOL,chainabuse:FAKE_PROJECT,chainabuse_crawl,FAKE_PROJECT,votes=1;checked=False,2026-04-17
rug9jByNgxpyfFNpngmuwRfBZSUhENHT5qCxMiaokvT,SOL,chainabuse:FAKE_PROJECT,chainabuse_crawl,FAKE_PROJECT,votes=1;checked=False,2026-04-17
rug7CF4s9KvXrE3WfToqL3tL8PjSRyuToDaxG2E2xX3,SOL,chainabuse:FAKE_PROJECT,chainabuse_crawl,FAKE_PROJECT,votes=1;checked=False,2026-04-17
rugLTL7KvvUbg9sm6DgczHqEy5TErrcgVRwEZ8xvcff,SOL,chainabuse:FAKE_PROJECT,chainabuse_crawl,FAKE_PROJECT,votes=1;checked=False,2026-04-17
rugHrBSbjCXZL22TJfsmHP84jfcX4Hpr4KbiHmCUn4E,SOL,chainabuse:FAKE_PROJECT,chainabuse_crawl,FAKE_PROJECT,votes=1;checked=False,2026-04-17
rugRmf1QYUtkV99mCvakq3wDhbm3Ji5XzmAJMaZQE3U,SOL,chainabuse:FAKE_PROJECT,chainabuse_crawl,FAKE_PROJECT,votes=1;checked=False,2026-04-17
rugTTNXkx2wsENnrWrf1DmHKkwzwnPtUvfKJ1gbpu78,SOL,chainabuse:FAKE_PROJECT,chainabuse_crawl,FAKE_PROJECT,votes=1;checked=False,2026-04-17
rugqbNTqakhnXLBmv4tezgDaxNPB29bKfXPPjU8JLZg,SOL,chainabuse:FAKE_PROJECT,chainabuse_crawl,FAKE_PROJECT,votes=1;checked=False,2026-04-17
rugWwp1tRs3ENrSUMesaPZh9eN3UFgH7TtXttL8LkCr,SOL,chainabuse:FAKE_PROJECT,chainabuse_crawl,FAKE_PROJECT,votes=1;checked=False,2026-04-17
rugURXQc6tswLuQonh2o8EJBWJo6tvbDb8oVxw5geqV,SOL,chainabuse:FAKE_PROJECT,chainabuse_crawl,FAKE_PROJECT,votes=1;checked=False,2026-04-17
rugNrqvWZstEheS5kNypM7xFZ2U5jaAz8n5poiNRVtT,SOL,chainabuse:FAKE_PROJECT,chainabuse_crawl,FAKE_PROJECT,votes=1;checked=False,2026-04-17
rugpbxTHi9yttdXEuyrazzmzsS1VxTdUXV1x3dhVaYR,SOL,chainabuse:FAKE_PROJECT,chainabuse_crawl,FAKE_PROJECT,votes=1;checked=False,2026-04-17
rugiDYDgSLBmppcaHQcZEBHkdbjYMMKJYv2uGdcho5k,SOL,chainabuse:FAKE_PROJECT,chainabuse_crawl,FAKE_PROJECT,votes=1;checked=False,2026-04-17
rugBE8Jc7bCuASq3LqngKRZgKySCjWiGFdzTzQWxnFc,SOL,chainabuse:FAKE_PROJECT,chainabuse_crawl,FAKE_PROJECT,votes=1;checked=False,2026-04-17
rug1S3BvxrhJZW46o3MxTd9gFddWdJoV8vPye7Lrchy,SOL,chainabuse:FAKE_PROJECT,chainabuse_crawl,FAKE_PROJECT,votes=1;checked=False,2026-04-17
rugYVVWmTeeYr7BHdfiK13dfcMSA3LVnouj3tAdnnDf,SOL,chainabuse:FAKE_PROJECT,chainabuse_crawl,FAKE_PROJECT,votes=1;checked=False,2026-04-17
rugdR6Bf6zwQhbWSUFeGAFmAXVw2goS3XjNQ1uqF5Df,SOL,chainabuse:FAKE_PROJECT,chainabuse_crawl,FAKE_PROJECT,votes=1;checked=False,2026-04-17
rughtMh4h6oGKgTQgxV6JC99mDKBxUWJXfi95UKfTqb,SOL,chainabuse:FAKE_PROJECT,chainabuse_crawl,FAKE_PROJECT,votes=1;checked=False,2026-04-17
rugWdnfakpRJBSvqqzXrXiTjeYbk2W6wDpbPav2PShb,SOL,chainabuse:FAKE_PROJECT,chainabuse_crawl,FAKE_PROJECT,votes=1;checked=False,2026-04-17
rugBNThR3LCkJHmjPWr3RqnNarvXdZUZ4MY1qdE3yuY,SOL,chainabuse:FAKE_PROJECT,chainabuse_crawl,FAKE_PROJECT,votes=1;checked=False,2026-04-17
rugMGZkeHoXmaZcCnb6bzmdohNiDBoSd8Y61gZnG1Hf,SOL,chainabuse:FAKE_PROJECT,chainabuse_crawl,FAKE_PROJECT,votes=1;checked=False,2026-04-17
rugV3t38K9oRrM2hVSFqFmahT1h596qVt8xTDmL19Tw,SOL,chainabuse:FAKE_PROJECT,chainabuse_crawl,FAKE_PROJECT,votes=1;checked=False,2026-04-17
rug9ZhYcvK2uxsiJRZrRxLfnEsrf6RVFJ5FvzxvbpMp,SOL,chainabuse:FAKE_PROJECT,chainabuse_crawl,FAKE_PROJECT,votes=1;checked=False,2026-04-17
rugKV3NTrV58tSKjFNhs57iqWF9Y7xNuo1YEpZVYtjQ,SOL,chainabuse:FAKE_PROJECT,chainabuse_crawl,FAKE_PROJECT,votes=1;checked=False,2026-04-17
rugW5hDoGxz3nR52MJGe4bkgbnxE1Gi3zrccv6J41oq,SOL,chainabuse:FAKE_PROJECT,chainabuse_crawl,FAKE_PROJECT,votes=1;checked=False,2026-04-17
rugFu5TM5Di9yTcHcHriFLoPpwocDgWXxWywZTasmkX,SOL,chainabuse:FAKE_PROJECT,chainabuse_crawl,FAKE_PROJECT,votes=1;checked=False,2026-04-17
ruggDBdRBtBVR22MJgshRS9WMRESVkwyU8t1JTpBsJL,SOL,chainabuse:FAKE_PROJECT,chainabuse_crawl,FAKE_PROJECT,votes=1;checked=False,2026-04-17
rugCfRgBsx6NwaGbLEFRBxC5AiPPcS7UdfCndHDFLkX,SOL,chainabuse:FAKE_PROJECT,chainabuse_crawl,FAKE_PROJECT,votes=1;checked=False,2026-04-17
rughVYzqKS71VWj4j2B8vtzKqWrvQoB9toZZjkLUfaA,SOL,chainabuse:FAKE_PROJECT,chainabuse_crawl,FAKE_PROJECT,votes=1;checked=False,2026-04-17
rugAhJZVzQWutMk7qFXkLr8BF5V8CTBitZBLtDTmoK3,SOL,chainabuse:FAKE_PROJECT,chainabuse_crawl,FAKE_PROJECT,votes=1;checked=False,2026-04-17
rugkasSHNkKrKEXyqTm4i892otZ36AKDkqBnyYZiiF6,SOL,chainabuse:FAKE_PROJECT,chainabuse_crawl,FAKE_PROJECT,votes=1;checked=False,2026-04-17
rugEiJGzFWnbwHU8dsEPeTUFSSLZjUbeeheKiHqt4jU,SOL,chainabuse:FAKE_PROJECT,chainabuse_crawl,FAKE_PROJECT,votes=1;checked=False,2026-04-17
rug6rh8RxeHaqgxZPuiFsLFYftFasWGrAM8z9MMnYDi,SOL,chainabuse:FAKE_PROJECT,chainabuse_crawl,FAKE_PROJECT,votes=1;checked=False,2026-04-17
rugZ5XiECfVSbJeS4GC1wTVXP6fot8sbq4KminkZDPh,SOL,chainabuse:FAKE_PROJECT,chainabuse_crawl,FAKE_PROJECT,votes=1;checked=False,2026-04-17
rug3BhZCm4wSkR5pnesbvgBxbrpALL1LATfS5pacsmB,SOL,chainabuse:FAKE_PROJECT,chainabuse_crawl,FAKE_PROJECT,votes=1;checked=False,2026-04-17
Crkdfj98CiFJN9XuhwPsaK8NXYvKB2TkppaFHiECKYv9,SOL,chainabuse:OTHER_INVESTMENT_SCAM,chainabuse_crawl,OTHER_INVESTMENT_SCAM,votes=1;checked=False,2026-04-17
5JkXEr6m5MsjCpV6Kf1ap5GnuBMer5kGmkqNBrLYn3Sp,SOL,chainabuse:IMPERSONATION,chainabuse_crawl,IMPERSONATION,votes=1;checked=False,2026-04-16
5Pqz3NMdgoWAXq5YuoapHkeYy835pDVKjsLRHaUCUY6a,SOL,chainabuse:IMPERSONATION,chainabuse_crawl,IMPERSONATION,votes=1;checked=False,2026-04-16
96MJ1h8q9wHofWog2ri5so2UVcUPVvtZBm2MqumqA5E4,SOL,chainabuse:OTHER_HACK,chainabuse_crawl,OTHER_HACK,votes=1;checked=False,2026-04-16
E2iXBukyC6psUKo274YgtEnso5SZ9Pm3EkBXyXdPEba6,SOL,chainabuse:OTHER_HACK,chainabuse_crawl,OTHER_HACK,votes=1;checked=False,2026-04-16
24g9FPK7jU1cKB5jTKDPLpSVu8D4hbrUmTN2hxyPHf8H,SOL,chainabuse:OTHER_HACK,chainabuse_crawl,OTHER_HACK,votes=1;checked=False,2026-04-16
5TMY9ZRCHuE3x5knmZFEvHMJ8oYgHTEcajeWRZgKLcT8,SOL,chainabuse:FAKE_RETURNS,chainabuse_crawl,FAKE_RETURNS,votes=1;checked=False,2026-04-16
3R3Q3Yj5L1sBeEaNrEACGvLP3n21wKdiikKiQL34AX6z,SOL,chainabuse:OTHER_HACK,chainabuse_crawl,OTHER_HACK,votes=1;checked=False,2026-04-16
A1YgCveuHYt8YAPD2MPAS9SNey2jvfnMAaih199GkpU5,SOL,chainabuse:OTHER_HACK,chainabuse_crawl,OTHER_HACK,votes=1;checked=False,2026-04-16
F8N4ZxqvRPFd2SSMXs13Yhc6897BAXhZovucKJ5vyE4Z,SOL,chainabuse:PIGBUTCHERING,chainabuse_crawl,PIGBUTCHERING,label=my wallet;votes=1;checked=False,2026-04-15
EUjpmG1147QgxUUYo8h1VkSMmsjDyvt7DuG8HNpfbtAN,SOL,chainabuse:PIGBUTCHERING,chainabuse_crawl,PIGBUTCHERING,label=scammer;votes=1;checked=False,2026-04-15
3oU5j5VCKvoshjfvHNRoP8TBeKtMcmnAKSEKwNMYyJ5o,SOL,chainabuse:FAKE_PROJECT,chainabuse_crawl,FAKE_PROJECT,votes=1;checked=False,2026-04-15
DeWgyx8Sy3RAHt2PysocUY85PazcqyjLLJZFGRUuLoxQ,SOL,chainabuse:FAKE_PROJECT,chainabuse_crawl,FAKE_PROJECT,label=USDT (solana);votes=1;checked=False,2026-04-15
981kyN3UbHNsmD5EZJynQrFW6uTLdqRKB3JxPL74NAPw,SOL,chainabuse:FAKE_PROJECT,chainabuse_crawl,FAKE_PROJECT,label=USDC (Solana);votes=1;checked=False,2026-04-15
vmRETr3nefBdBj5Q2xtbi7NJxU2dQpbCZqdPLHbDXoD,SOL,chainabuse:OTHER_HACK+PHISHING,chainabuse_crawl,OTHER_HACK|PHISHING,votes=2;checked=False,2026-04-13
AxTEVaDvbjNU7mMeEc2wC9YwtqXF9NuQ6bVYCLWjDPJn,SOL,chainabuse:AIRDROP+FAKE_RETURNS,chainabuse_crawl,AIRDROP|FAKE_RETURNS,votes=2;checked=False,2026-04-13
C8aN39BKtJu9JqX1oZfUVm5213k3EhgmzhLaC8912Y9j,SOL,chainabuse:FAKE_RETURNS,chainabuse_crawl,FAKE_RETURNS,votes=2;checked=False,2026-04-13
2ajeHq7St82zHXphxQ6jnWHZ8bXfJ1Z8YJzcmWQrMMeV,SOL,chainabuse:JOB_SCAM,chainabuse_crawl,JOB_SCAM,votes=2;checked=False,2026-04-13
CjpEpHoxDvHmUHBPawdGMqx33H5CWd5g9EzHi6TrUgJ2,SOL,chainabuse:OTHER_HACK,chainabuse_crawl,OTHER_HACK,votes=1;checked=False,2026-04-12
GMEdLg8XZYLChr9wH7MQuj5bLi9f7euKL7oZozWGzamF,SOL,chainabuse:OTHER_HACK,chainabuse_crawl,OTHER_HACK,votes=1;checked=False,2026-04-12
5cusWMBPFkSFcaWBd9ckxmALee3mcDfmobp6MfhqnC3S,SOL,chainabuse:PIGBUTCHERING,chainabuse_crawl,PIGBUTCHERING,votes=1;checked=False,2026-04-12
E6tJLWeTKN8d9biqwnwwEAxHjhHEaNPQT2hEnmhbs4NH,SOL,chainabuse:PHISHING,chainabuse_crawl,PHISHING,votes=1;checked=False,2026-04-11
xtANFtRfiPD4FpdrZnQS7at9mQ17G8Wv7PyLeYR1vC5,SOL,chainabuse:OTHER,chainabuse_crawl,OTHER,label=Main scam wallet;votes=1;checked=False,2026-04-11
VZ3Ahrtyr6mix3HymZNN1dgArjnqT37NedP3hEqY7Vt,SOL,chainabuse:OTHER,chainabuse_crawl,OTHER,label=Secondary wallet;votes=1;checked=False,2026-04-11
WqEpoBGMHjfnpzCqhvgoMKSxY4HUQGDnFDxAhcbW5Mx,SOL,chainabuse:IMPERSONATION,chainabuse_crawl,IMPERSONATION,votes=1;checked=False,2026-04-10
fPAYE54dLeb8s2GUrTfgBcTfSUkWLPQoFnLPpWuQzm7,SOL,chainabuse:OTHER_HACK,chainabuse_crawl,OTHER_HACK,votes=1;checked=False,2026-04-10
5TFwPfum9pT4EW9y9qxQQGUDZeoHq6PxVsmKo4BMGcth,SOL,chainabuse:OTHER,chainabuse_crawl,OTHER,votes=1;checked=False,2026-04-10
FxkHZZYyMW4kGRFToW2SuLj2Vfh3FV8xnYAtt9yPs2xk,SOL,chainabuse:OTHER,chainabuse_crawl,OTHER,votes=1;checked=False,2026-04-10
CptMyBpVxLWQ3SSTFsHM5nzAkoHFi5LZ1PcbLSEpfe1p,SOL,chainabuse:OTHER,chainabuse_crawl,OTHER,votes=1;checked=False,2026-04-10
GEjpFPu8ecYwWePvfFgprq99dEkzqRRwTyYKof4jAArX,SOL,chainabuse:FAKE_RETURNS,chainabuse_crawl,FAKE_RETURNS,votes=1;checked=False,2026-04-10
Abub3NWGjKUgAXeAdPS2yvp7jTzgyYq3foSXirwB3fGR,SOL,chainabuse:JOB_SCAM,chainabuse_crawl,JOB_SCAM,votes=1;checked=False,2026-04-09
EEaVKF3dWFajce5rJg1ehGetSNsXiM5Ca9d76affW1iW,SOL,chainabuse:OTHER,chainabuse_crawl,OTHER,votes=1;checked=False,2026-04-09
EMMrZNwHQFyuiWT4TTSZWMxvhNyyejQmLaVF2T7CHH3f,SOL,chainabuse:CONTRACT_EXPLOIT+OTHER_HACK,chainabuse_crawl,CONTRACT_EXPLOIT|OTHER_HACK,label=Solana Hacker;votes=1;checked=False,2026-04-09
HRes5GxT1RNs4YTjfVgZpEA2B728BeSni4LEJnBfBt4H,SOL,chainabuse:PIGBUTCHERING,chainabuse_crawl,PIGBUTCHERING,votes=1;checked=False,2026-04-08
AT2XhqXkX1PVj4kqm1X8ToqoiTDs7YWC13JwXzvBoPfS,SOL,chainabuse:AIRDROP,chainabuse_crawl,AIRDROP,votes=2;checked=False,2026-04-08
BbDe9TPAvBbALoh9jCZnkBS49NctHNTSvdvVuZwZFU5g,SOL,chainabuse:PHISHING,chainabuse_crawl,PHISHING,votes=1;checked=False,2026-04-07
6UcajfuF1RkQAdK2uEWJAaepAGfnvjWWAHY4fsdfHPj5,SOL,chainabuse:PHISHING,chainabuse_crawl,PHISHING,votes=1;checked=False,2026-04-07
3sdzZdniS1MUyCs2mJ1wy7jHKsK1awMFCpkPKYkEmpqm,SOL,chainabuse:PHISHING,chainabuse_crawl,PHISHING,votes=1;checked=False,2026-04-07
4aQQsFys6qMiLeXeyuFLmuv2qm3XE1vjntKACEqkwQxj,SOL,chainabuse:PHISHING,chainabuse_crawl,PHISHING,label=Attacker main wallet - So;votes=1;checked=False,2026-04-05
Ag37CtvbJpbRKW8Zw5ereuk3zyx2iNkB4Bt6oJjF6dps,SOL,chainabuse:PHISHING,chainabuse_crawl,PHISHING,votes=1;checked=False,2026-04-05
FQif7aBY3PXutoFtZBMih7koVSvDndCEkkJw21TXMQQm,SOL,chainabuse:PHISHING,chainabuse_crawl,PHISHING,votes=1;checked=False,2026-04-05
CKnijUyxyd422mmMo3jY9xJMyxGirWtqfWeEjnYhVAxz,SOL,chainabuse:PHISHING,chainabuse_crawl,PHISHING,votes=1;checked=False,2026-04-05
8QfEafVeazcgp9mGKy9wViFcRcwS3m3ZTSiEo893wfHz,SOL,chainabuse:PHISHING,chainabuse_crawl,PHISHING,votes=1;checked=False,2026-04-05
aTyTdy1ZgswH9kg8Noyqp6pDjPifcdD7NGgf6zZbA2q,SOL,chainabuse:OTHER_HACK+PHISHING,chainabuse_crawl,OTHER_HACK|PHISHING,label=scammer (main);votes=1;checked=False,2026-04-05
38TQeREx4wCvbXgXe2iN7wtUJqWvjhJD6hWour6PFXgp,SOL,chainabuse:PHISHING,chainabuse_crawl,PHISHING,votes=1;checked=False,2026-04-05
CXAGQqZckmHV65wVeP1h1whQbg19KApxvvu83u94Vpbq,SOL,chainabuse:PHISHING,chainabuse_crawl,PHISHING,votes=1;checked=False,2026-04-05
8er1cpDUqdTkhgbmeYr3g6vrF2g2R9S54fUGhWamWgQt,SOL,chainabuse:PHISHING,chainabuse_crawl,PHISHING,votes=1;checked=False,2026-04-05
8L4HkvCDXUGJRghukT6dwC1X7giMuZHqHzKdE9VM6hHk,SOL,chainabuse:PHISHING,chainabuse_crawl,PHISHING,votes=1;checked=False,2026-04-05
2ArKg19A3bgxeusD5duBsqvaJf7kpMkudbQJ7PTnzAtw,SOL,chainabuse:PHISHING,chainabuse_crawl,PHISHING,votes=1;checked=False,2026-04-05
7a23LDuKEyMs7ETwHcKEoVDTkXWebeBTArU6qA5RwReu,SOL,chainabuse:PHISHING,chainabuse_crawl,PHISHING,votes=1;checked=False,2026-04-05
AqHVn8V6XNxsXneRjferEirR3R3NvPWuxY1p5BdhmKBc,SOL,chainabuse:PHISHING,chainabuse_crawl,PHISHING,votes=1;checked=False,2026-04-05
AZhr5Lcpmpfj2J4Us9HCXS2tvoWvhqkFA6BoA4c11D47,SOL,chainabuse:PHISHING,chainabuse_crawl,PHISHING,votes=1;checked=False,2026-04-05
777nncaHveq8MVxa8jmT5nLhAAdXWuZx99duykuhXgiD,SOL,chainabuse:PHISHING,chainabuse_crawl,PHISHING,votes=1;checked=False,2026-04-05
7778L6qSdPgddf6ppVp1CbWzUbBu2V7d5FoFePa726uu,SOL,chainabuse:PHISHING,chainabuse_crawl,PHISHING,votes=1;checked=False,2026-04-05
HC8Q5d8R55bRBsf8oL9zSGkF8hYJPMz8BcbBrPkGjcCe,SOL,chainabuse:PHISHING,chainabuse_crawl,PHISHING,votes=1;checked=False,2026-04-05
7u8Eswy68ZGggJnw4mFH3iE919tm8eokbZDNKXq7nRy8,SOL,chainabuse:PHISHING,chainabuse_crawl,PHISHING,votes=1;checked=False,2026-04-05
HU9zLaoiZo1Uq26qNhAir9KH6ThLVYL8revyhNfMRz3H,SOL,chainabuse:IMPERSONATION,chainabuse_crawl,IMPERSONATION,votes=1;checked=False,2026-04-03
6GA2w3d5BXBqEgWD5AXwnp9UomsUb53ebD56ikgzuAPY,SOL,chainabuse:FAKE_PROJECT,chainabuse_crawl,FAKE_PROJECT,votes=1;checked=False,2026-04-03
5ve4GVLRz848vzNJZgb1di1wqiW8UpmmnVUYcoyEuKoQ,SOL,chainabuse:PHISHING,chainabuse_crawl,PHISHING,votes=1;checked=False,2026-04-03
BwwDqE91McGtdJir8KiQa1TekVbUH39sgc8HMWdY2U3k,SOL,chainabuse:PHISHING,chainabuse_crawl,PHISHING,votes=1;checked=False,2026-04-03
B7WLUiLuZaGWDqGfL8A9wm4Rz7S2MRg4zMtQkba97RDh,SOL,chainabuse:AIRDROP,chainabuse_crawl,AIRDROP,votes=1;checked=False,2026-04-02
9RAufBfjGQjDfrwxeyKmZWPADHSb8HcoqCdrmpqvCr1g,SOL,chainabuse:AIRDROP,chainabuse_crawl,AIRDROP,votes=1;checked=False,2026-04-02
59KMRTZavCsFo5vbZSHWS1HeuLLXx9g3aUAdp8eyLEXv,SOL,chainabuse:AIRDROP,chainabuse_crawl,AIRDROP,votes=1;checked=False,2026-04-02
GkjQ1DCX9Uo8BLuY1n16mhnhJxchxKWSS9jdJuCH5j8b,SOL,chainabuse:AIRDROP,chainabuse_crawl,AIRDROP,votes=1;checked=False,2026-04-02
3k984cKdTixXZ336hAnAuRY3tQZ2KLE5ZNoT8WYfAMS9,SOL,chainabuse:PHISHING,chainabuse_crawl,PHISHING,votes=1;checked=False,2026-04-01
2kjFGz3UPuY4nRg4MTubZPfHmeb9XbmMWKuRrH4dXXGb,SOL,chainabuse:PHISHING,chainabuse_crawl,PHISHING,votes=1;checked=False,2026-04-01
HwFfnN5AqaCjPbMsafM5kNKtdcU97peUi1S8WcXfSfBQ,SOL,chainabuse:FAKE_PROJECT,chainabuse_crawl,FAKE_PROJECT,votes=1;checked=False,2026-04-01
ErjgqdYuYp5fhrJ9C99Lq2MLya6hZ315LDvG29n7NpfR,SOL,chainabuse:OTHER_HACK,chainabuse_crawl,OTHER_HACK,votes=1;checked=False,2026-03-31
ECD7sYg63s4ZKzkXQcvYKWtM2JAaZaLVJLCNFbQmWV64,SOL,chainabuse:OTHER_HACK,chainabuse_crawl,OTHER_HACK,votes=1;checked=False,2026-03-31
9fSvjyRtXhaW97cpx43fnNBgk2A1kNcH8AAu8JnFECxk,SOL,chainabuse:OTHER_HACK,chainabuse_crawl,OTHER_HACK,votes=1;checked=False,2026-03-31
xEyVawjN7pGmuWuY9knD8GYLjqLFejJdA6otHH5Jmhx,SOL,chainabuse:OTHER_HACK,chainabuse_crawl,OTHER_HACK,votes=1;checked=False,2026-03-31
3623EX22FMZnBtMC42mJCVfjWp7iN8GrBAJ5A1yF3o4h,SOL,chainabuse:OTHER_HACK,chainabuse_crawl,OTHER_HACK,votes=1;checked=False,2026-03-31
E3MQjKx6NXDk86wnsSEruQnJSNDgZ8u9keV7QQhTD8ZC,SOL,chainabuse:OTHER_HACK,chainabuse_crawl,OTHER_HACK,votes=1;checked=False,2026-03-31
2yVfTsxnBRsFBefsWiDiN3TZ23GHFqiVXW4Ev7ZW9Hpm,SOL,chainabuse:OTHER_HACK,chainabuse_crawl,OTHER_HACK,votes=1;checked=False,2026-03-31
FtA4VPxjwnqrryHMhieN2gw6BTz6W7jn5RC749EzHyvD,SOL,chainabuse:OTHER_HACK,chainabuse_crawl,OTHER_HACK,votes=1;checked=False,2026-03-31
VwvUSWhzxTgp4tbbKPWitStjmf46VVs7BB88qNn8xg3,SOL,chainabuse:OTHER_HACK,chainabuse_crawl,OTHER_HACK,votes=1;checked=False,2026-03-31
UEHv2tYPBbz38eB2F129Ve7DVAEZ3FG88CuVaQST6Tg,SOL,chainabuse:OTHER_HACK,chainabuse_crawl,OTHER_HACK,votes=1;checked=False,2026-03-31
GwaNTVuJhY2b6peetdwumCUVyr8CPJV4MsfF6Z21YxCX,SOL,chainabuse:OTHER_HACK,chainabuse_crawl,OTHER_HACK,votes=1;checked=False,2026-03-31
BEWenjWHLJCJJMCKAZXu3hrsAVTte3SCqgbC5ASgjfY,SOL,chainabuse:OTHER_HACK,chainabuse_crawl,OTHER_HACK,votes=1;checked=False,2026-03-31
9Wy7bMT2DLfvZZpLEHSNd74UL2c4kbgAfhS1hc9VdYMn,SOL,chainabuse:OTHER_HACK,chainabuse_crawl,OTHER_HACK,votes=1;checked=False,2026-03-31
8ZChea3aXcvkyXFxYaWGs7HFASkBuqDGvffZA3CCV9jB,SOL,chainabuse:OTHER_HACK,chainabuse_crawl,OTHER_HACK,votes=1;checked=False,2026-03-31
HUzsLTWZji5MLjNg2uvfp5iukVEvEE9obL85PU93RnYf,SOL,chainabuse:OTHER_HACK,chainabuse_crawl,OTHER_HACK,votes=1;checked=False,2026-03-31
3LNjmYHHLZtsaaaYsfHuFJj5trLyxR2FoMwBNUZ6FRsD,SOL,chainabuse:OTHER_HACK,chainabuse_crawl,OTHER_HACK,votes=1;checked=False,2026-03-31
6tR1FwRNtYcPH3V52eePhKr5pKjwxZ4kPC8jEUPe9HKg,SOL,chainabuse:OTHER_HACK,chainabuse_crawl,OTHER_HACK,votes=1;checked=False,2026-03-31
EGX2i42xVXiSUYz4FHhYMcNc9EtLzdEBdcYwHSS93bBw,SOL,chainabuse:OTHER_HACK,chainabuse_crawl,OTHER_HACK,votes=1;checked=False,2026-03-31
BG4Gu6gNksJtabXpYw9iAfTnCjjJYMxkZ6L72xynFCq4,SOL,chainabuse:OTHER_HACK,chainabuse_crawl,OTHER_HACK,votes=1;checked=False,2026-03-31
J6engWvrN2k5QYWiMUqgkUzfpgnUvCzizsPtvD7aQ8Yr,SOL,chainabuse:OTHER_HACK,chainabuse_crawl,OTHER_HACK,votes=1;checked=False,2026-03-31
FFsc2BJUWvqFyuWe8tjMjUeMfER9AnZtUGuYqbUaiSpk,SOL,chainabuse:OTHER_HACK,chainabuse_crawl,OTHER_HACK,votes=1;checked=False,2026-03-31
AB3eftnM4NamPYjp6S6UPo3EnkBnogb1rVFt53nCPrqb,SOL,chainabuse:OTHER,chainabuse_crawl,OTHER,votes=1;checked=False,2026-03-31
HwsioA3SbhBZqkDov3WGMjYnnwdm1kjCfc9uj9CQaJq,SOL,chainabuse:OTHER_HACK,chainabuse_crawl,OTHER_HACK,votes=1;checked=False,2026-03-31
7HyxLfsK6Dj5ZRBMarF1d9id55cWRpD6HnuqCuscKG6t,SOL,chainabuse:PHISHING,chainabuse_crawl,PHISHING,label=SOL Address;votes=1;checked=False,2026-03-30
AbDfmy2JWPq1TnJWYXRXdv5v3UaqjJKeniNpR3UUMi2N,SOL,chainabuse:OTHER_HACK,chainabuse_crawl,OTHER_HACK,votes=1;checked=False,2026-03-30
5oVTqMnqQDH3w3LHiLNRGprXgSjrrGE3dSnowG4pGaUd,SOL,chainabuse:OTHER_INVESTMENT_SCAM,chainabuse_crawl,OTHER_INVESTMENT_SCAM,votes=1;checked=False,2026-03-29
FpwQQhQQoEaVu3WU2qZMfF1hx48YyfwsLoRgXG83E99Q,SOL,chainabuse:PHISHING,chainabuse_crawl,PHISHING,votes=1;checked=False,2026-03-28
55woXvxfAXFQsNjn2PsRPs2niLkrGfoR51bsTNSTKA72,SOL,chainabuse:PHISHING,chainabuse_crawl,PHISHING,votes=1;checked=False,2026-03-28
55xt9tPK9MPVBPDnpgBjpndwkb4pRbwBxohr7hLi28yY,SOL,chainabuse:OTHER_HACK,chainabuse_crawl,OTHER_HACK,votes=1;checked=False,2026-03-27
JbTKwKeS5x7ynbcR54Tb2wQ9aUgNQFKD5w5EskeDFAx,SOL,chainabuse:OTHER_HACK,chainabuse_crawl,OTHER_HACK,votes=1;checked=False,2026-03-27
8UVSbjKymL1YqxzFfNFUMLZig8ny5Jej6bvLtAPeHfqt,SOL,chainabuse:PHISHING,chainabuse_crawl,PHISHING,label=scammer wallet;votes=1;checked=False,2026-03-27
42psuMoeRr8jSpHs23KMcAsdtAzbsuPzQ4BqfvfHFiqT,SOL,chainabuse:PHISHING,chainabuse_crawl,PHISHING,label=My Wallet;votes=1;checked=False,2026-03-27
2hbpT4U6U5UKE9iYNKQFEeTNVeMUPj3da4UnemVXv9pM,SOL,chainabuse:FAKE_RETURNS,chainabuse_crawl,FAKE_RETURNS,votes=1;checked=False,2026-03-27
bc1qgyugyn213an17cc255tvwq5zqr5phddx2hzdec6,SOL,chainabuse:IMPERSONATION,chainabuse_crawl,IMPERSONATION,votes=1;checked=False,2026-03-26
bc1qt7qpkss6fjvg2mfwau12a846paanvw4t6nnvn6d,SOL,chainabuse:IMPERSONATION,chainabuse_crawl,IMPERSONATION,votes=1;checked=False,2026-03-26
bc1gqmrvt9kzua544d9spqawheesjxgmjtcqrc4gm99,SOL,chainabuse:SEXTORTION,chainabuse_crawl,SEXTORTION,votes=1;checked=False,2026-03-25
33kp4VrQC2wQT1QCg7brLiC6Qi8nPJeGz1WvBBgcs8oj,SOL,chainabuse:RUG_PULL,chainabuse_crawl,RUG_PULL,votes=1;checked=False,2026-03-23
EhKd3jM1nqstztp38CHHZtfQG6aqxynwamTRxgJ7nzsF,SOL,chainabuse:OTHER_HACK,chainabuse_crawl,OTHER_HACK,votes=1;checked=False,2026-03-23
4HYouakntgDBeS1XS3ixiisUtwKfpm8VManVTjqQHd3x,SOL,chainabuse:PHISHING,chainabuse_crawl,PHISHING,label=Verge AI Scammer;votes=1;checked=False,2026-03-23
6RTtf7KFE5FytvjfUz7GFF3NBAvFCMfRTMCTBuo7YPHL,SOL,chainabuse:PHISHING,chainabuse_crawl,PHISHING,label=Verge AI Token Honeypot;votes=1;checked=False,2026-03-23
wv4y6w4EbaMGWAapV8BE9UUjm3Wp5eQ2jJB5iFJbAGq,SOL,chainabuse:PHISHING,chainabuse_crawl,PHISHING,votes=1;checked=False,2026-03-22
HujCU9tEpfJZpJHMv3bwk1TjkartUQgh7uZEAVeUp4C8,SOL,chainabuse:OTHER_HACK,chainabuse_crawl,OTHER_HACK,label=Stolen;votes=1;checked=False,2026-03-21
A7NEr7Swmz2wrNgDg5UeWg81pitw2WUqcZZ9WLp4CBNK,SOL,chainabuse:OTHER_HACK,chainabuse_crawl,OTHER_HACK,label=Sweep;votes=1;checked=False,2026-03-21
5jxJMD1Af6C1tVvxyGqJyiTmFbEfZYFrjXmHtQbfaVPc,SOL,chainabuse:IMPERSONATION,chainabuse_crawl,IMPERSONATION,votes=1;checked=False,2026-03-21
7aRdeu7DQL4x93Le4KfAZZizyKferXrzMiJEooUMoeAN,SOL,chainabuse:FAKE_RETURNS,chainabuse_crawl,FAKE_RETURNS,votes=1;checked=False,2026-03-21
938WqqLWBfvGs3CGerXV2RiXCUJYFxB4oRGMkqN95WVL,SOL,chainabuse:OTHER_HACK,chainabuse_crawl,OTHER_HACK,label=Hacker wallet;votes=1;checked=False,2026-03-19
C4sV7VybTgnrKxEWFd66M5Rg5pNBkB6aTAVBodZb1LzP,SOL,chainabuse:OTHER_HACK,chainabuse_crawl,OTHER_HACK,votes=1;checked=False,2026-03-19
AfFMKqJRedjLLXEGiN7L3a5j1VbYzAHcEkJ1wnh4JorG,SOL,chainabuse:OTHER_HACK,chainabuse_crawl,OTHER_HACK,votes=1;checked=False,2026-03-19
Dvkw9CFZKV9a7Mdkq24sbSz8PNoQzE7YYQQK73kjy8F7,SOL,chainabuse:OTHER_HACK,chainabuse_crawl,OTHER_HACK,votes=1;checked=False,2026-03-19
Gw361o1w53FLrN8gAzQmAbyNCPXZPqRRoMaJazzXG9uQ,SOL,chainabuse:OTHER_HACK,chainabuse_crawl,OTHER_HACK,votes=1;checked=False,2026-03-19
ANaEAsLNGrp3oqyKnKrcG12q1vU3cspSUhzTVXwnkiF2,SOL,chainabuse:OTHER_HACK,chainabuse_crawl,OTHER_HACK,label=#BabyPOES;votes=1;checked=False,2026-03-18
ArzMLxRL13GCGxYyoL3wCJiZ3AyfzfifTjfGMs5Vw7r2,SOL,chainabuse:OTHER_HACK,chainabuse_crawl,OTHER_HACK,label=#RWC;votes=1;checked=False,2026-03-18
AbVCHn4oNcnKgBKbmwMmTwUJyBz86L2X85zRuRYTGrvt,SOL,chainabuse:OTHER_HACK,chainabuse_crawl,OTHER_HACK,votes=1;checked=False,2026-03-18
CK3wcgEWUcWT2w711UzHMftyhNPq6sBFmhopCieKyA9Z,SOL,chainabuse:FAKE_PROJECT,chainabuse_crawl,FAKE_PROJECT,votes=1;checked=False,2026-03-18
FQ1BmEhctz4q3h63YRCUJKtB77xGW4wVEPKSvMhdJHyf,SOL,chainabuse:FAKE_PROJECT+IMPERSONATION+PHISHING,chainabuse_crawl,FAKE_PROJECT|IMPERSONATION|PHISHING,votes=1;checked=False,2026-03-18
8X8XzDJa1gaDPoox8ixN31dVnUSc2Xwygzda3ZYDFaAL,SOL,chainabuse:PHISHING,chainabuse_crawl,PHISHING,votes=1;checked=False,2026-03-17
BxLHXRsDrJUhnEStm8kCPBN7JoybvjVJaxYz43Z628ig,SOL,chainabuse:OTHER_HACK,chainabuse_crawl,OTHER_HACK,votes=1;checked=False,2026-03-17
7M6bNrfcfhWdko5hsh2f4QoikVbaLZUZgtKUVgWALvs1,SOL,chainabuse:PIGBUTCHERING,chainabuse_crawl,PIGBUTCHERING,votes=1;checked=False,2026-03-17
AobVSwdW9BbpMdJvTqeCN4hPAmh4rHm7vwLnQ5ATSyrS,SOL,chainabuse:PIGBUTCHERING,chainabuse_crawl,PIGBUTCHERING,votes=1;checked=False,2026-03-17
AKJNypzs8HdDXEWVUmvdfARGnL2wrTo7KFMJGz3H28Sc,SOL,chainabuse:PIGBUTCHERING,chainabuse_crawl,PIGBUTCHERING,votes=1;checked=False,2026-03-17
Euhq4Liznyb1uhXsXVHHGPQ5cGMxs8nba1Tb87EZq8o4,SOL,chainabuse:OTHER_HACK,chainabuse_crawl,OTHER_HACK,votes=1;checked=False,2026-03-16
2E8xvyC6Ufs8aYB6D1LUjSXgkqyN5D2qtgTYUfnBxsjF,SOL,chainabuse:OTHER_HACK,chainabuse_crawl,OTHER_HACK,votes=1;checked=False,2026-03-16
iGdFcQoyR2MwbXMHQskhmNsqddZ6rinsipHc4TNSdwu,SOL,chainabuse:OTHER+OTHER_HACK+PHISHING,chainabuse_crawl,OTHER|OTHER_HACK|PHISHING,votes=1;checked=False,2026-03-16
7v24h67inspXXHkwUf96937WK3oJfXAFtDDsk7DEsbK4,SOL,chainabuse:PHISHING,chainabuse_crawl,PHISHING,votes=1;checked=False,2026-03-16
FDbdG2Z2B3UhCXbKL7xjUetYsJPd2uR7b9aX4fX7fCRE,SOL,chainabuse:OTHER_HACK,chainabuse_crawl,OTHER_HACK,votes=1;checked=False,2026-03-16
EozFHiTABdrvDDEFtoLY3PRH1p99CxTZvHGqNgPPA4TT,SOL,chainabuse:PHISHING,chainabuse_crawl,PHISHING,label=First collector email;votes=1;checked=False,2026-03-16
DSmUJy89xXMC2XwYB3cm6JyD4wWuzCd8DZCZLhUEseRi,SOL,chainabuse:PHISHING,chainabuse_crawl,PHISHING,label=aggregator address;votes=1;checked=False,2026-03-16
8u5TjmGC2mzrBjGPVhpqtdwhosc4j9bZf6K44adnPnoE,SOL,chainabuse:IMPERSONATION,chainabuse_crawl,IMPERSONATION,label=scammer;votes=1;checked=False,2026-03-16
5fn9bKtaULxSKMx25kSfuYtaMcpvo73i4Cu4d5ZXX4YH,SOL,chainabuse:OTHER_HACK,chainabuse_crawl,OTHER_HACK,votes=1;checked=False,2026-03-16
8htJwSjxXme6qXjYmi7yPJTtnePVv4Tg5hKSaVhBJprs,SOL,chainabuse:OTHER,chainabuse_crawl,OTHER,votes=1;checked=False,2026-03-16
41Zhshhu16A3STjbZ2YF7Zcnr8DMfz42Jn2TpaFUqpX3,SOL,chainabuse:OTHER,chainabuse_crawl,OTHER,votes=1;checked=False,2026-03-16
6V4TFjRJgr9dota8XjGuR6hFBdzwoMSZASotG5Az1VTP,SOL,chainabuse:OTHER,chainabuse_crawl,OTHER,votes=1;checked=False,2026-03-16
FUdijmy9ovkMtUagFpwC9pnb4YhoLzssKb7hVr8yS5n1,SOL,chainabuse:OTHER,chainabuse_crawl,OTHER,votes=1;checked=False,2026-03-15
CWQDb5kkDMpXAPkx3F66vFra1P7EJEAVLUjDTGLbKCpx,SOL,chainabuse:PHISHING,chainabuse_crawl,PHISHING,votes=1;checked=False,2026-03-15
Ajgm5t5fZixFte6LR9UnvibYeV7rGcpSnDCR5BpxSPNi,SOL,chainabuse:FAKE_PROJECT,chainabuse_crawl,FAKE_PROJECT,votes=3;checked=False,2026-03-15
9WmFjZtUoVuzduUtjHEDWdG7xLLbqgUBtRAzAa2De2Jp,SOL,chainabuse:OTHER_HACK,chainabuse_crawl,OTHER_HACK,votes=1;checked=False,2026-03-14
8M5LMCLUAAMDsy4xq6xaxVs2UcMNe1XKBtKTZZKuvvCW,SOL,chainabuse:OTHER,chainabuse_crawl,OTHER,label=UGOR;votes=1;checked=False,2026-03-13
FpvJSAbfJFfG67wLLfETZ9NhQDyVJT5ogYibpBvFuTB4,SOL,chainabuse:OTHER_HACK,chainabuse_crawl,OTHER_HACK,votes=1;checked=False,2026-03-13
64kMSTxApv7R3He3RnsZ4RTkaWvmfK6MGeJWBn75AbPp,SOL,chainabuse:OTHER_HACK,chainabuse_crawl,OTHER_HACK,votes=1;checked=False,2026-03-13
9jqR1a5QMDf7Av9BhvCnkNKDWJEZUs1jfMM1DQ88wD2Y,SOL,chainabuse:FAKE_PROJECT,chainabuse_crawl,FAKE_PROJECT,votes=1;checked=False,2026-03-13
DKkb1RGN8AGgrMuvHrErfEJCRDUvYYPrmT6sbXDPcqLG,SOL,chainabuse:CONTRACT_EXPLOIT,chainabuse_crawl,CONTRACT_EXPLOIT,label=teligram;votes=1;checked=False,2026-03-13
bc1qgyugyn213an17cc25stvwq5z9r5phddx2hzdec6,SOL,chainabuse:IMPERSONATION,chainabuse_crawl,IMPERSONATION,votes=1;checked=False,2026-03-13
6boMqCUBDvJMoKfMakSBuRCXuUJdh6vsf37cF9DPgkTj,SOL,chainabuse:IMPERSONATION,chainabuse_crawl,IMPERSONATION,votes=1;checked=False,2026-03-12
GGuRyBd9AcRq4kx1X5Ph8bvh4t5xB7537nPXzXEKWvG1,SOL,chainabuse:IMPERSONATION,chainabuse_crawl,IMPERSONATION,votes=1;checked=False,2026-03-12
4daGqFqEzzjSmzDxonrz3dnZtJFUVKD5bswTirrQzxRZ,SOL,chainabuse:IMPERSONATION,chainabuse_crawl,IMPERSONATION,votes=1;checked=False,2026-03-12
2HJWnXmWL39MCtbYdKbDqTkjqcY48od142JwubnrorV6,SOL,chainabuse:FAKE_PROJECT,chainabuse_crawl,FAKE_PROJECT,label=main wallet solana;votes=1;checked=False,2026-03-12
C39V5UNAe74ysg51ohjSzFDXV6CXmVPcHVAGRXvkeKod,SOL,chainabuse:FAKE_PROJECT,chainabuse_crawl,FAKE_PROJECT,label=binance deposit addres;votes=1;checked=False,2026-03-12
4iLKj7fkZF2rSpgSD8W6UFq4fkKXkkbJMGXMz3B8pump,SOL,chainabuse:RUG_PULL,chainabuse_crawl,RUG_PULL,label=Iran;votes=1;checked=False,2026-03-12
Ajr6WsLYaNDnTg6qH4TMQbZeDxpWM1vzjSuZtmZKWoZR,SOL,chainabuse:PHISHING,chainabuse_crawl,PHISHING,votes=1;checked=False,2026-03-11
54Pz1e35z9uoFdnxtzjp7xZQoFiofqhdayQWBMN7dsuy,SOL,chainabuse:PHISHING,chainabuse_crawl,PHISHING,votes=1;checked=False,2026-03-11
2s6NgE6PnDAFZ1SR9dhZ2pPn3jwKWVQAwkxxyuLGixL1,SOL,chainabuse:SEXTORTION,chainabuse_crawl,SEXTORTION,votes=1;checked=False,2026-03-11
4vgiyi7Grd4VLw5JwcxgXcpVF9k14zsan3mpF4qEkN3R,SOL,chainabuse:PHISHING,chainabuse_crawl,PHISHING,votes=1;checked=False,2026-03-11
3974ScXH6tSYqzPBqVLXDWzP5qicFG1QUH4Y3p4yYGtt,SOL,chainabuse:IMPERSONATION,chainabuse_crawl,IMPERSONATION,votes=1;checked=False,2026-03-10
bc1qt7qpkss6fjvg2mfwwau12a846paanw4t6nnvn6d,SOL,chainabuse:IMPERSONATION,chainabuse_crawl,IMPERSONATION,votes=1;checked=False,2026-03-10
HzL7CPRHCHNFBnUmR6TGkQfNDx6CN7sWrfb64QJ6zbEy,SOL,chainabuse:CONTRACT_EXPLOIT,chainabuse_crawl,CONTRACT_EXPLOIT,votes=1;checked=False,2026-03-10
BKVM59wJYMXnZfTkacKjnqNwChLFmbTcdFBsEc6UKUxx,SOL,chainabuse:AIRDROP+FAKE_RETURNS+IMPERSONATION+OTHER_HACK+PHISHING,chainabuse_crawl,AIRDROP|FAKE_RETURNS|IMPERSONATION|OTHER_HACK|PHISHING,votes=1;checked=False,2026-03-08
FeeSZXb5NfkqdEurn9ASNsoCwSifNJAJuMdNBG1UUoG8,SOL,chainabuse:OTHER_HACK,chainabuse_crawl,OTHER_HACK,label=Drained from this;votes=1;checked=False,2026-03-08
6UKmug2tgr4tKKjmE4pNNrMY5PY5MGhBmGtSnoUoqbnb,SOL,chainabuse:FAKE_RETURNS+OTHER_HACK,chainabuse_crawl,FAKE_RETURNS|OTHER_HACK,votes=1;checked=False,2026-03-08
GS2AE2dML5bcJULbJ3YxXBNxBHetQgcjjKprcSUFK8ST,SOL,chainabuse:IMPERSONATION,chainabuse_crawl,IMPERSONATION,votes=1;checked=False,2026-03-08
7aZwfgDkecYYVQGHmF9McCwL4JM3bgFTbCJ8TV6caXN1,SOL,chainabuse:PHISHING,chainabuse_crawl,PHISHING,votes=1;checked=False,2026-03-08
6wQHCAoxX8VzV9S6TtGbNovhbiwfnehehD3SupzMq6ST,SOL,chainabuse:PIGBUTCHERING,chainabuse_crawl,PIGBUTCHERING,votes=1;checked=False,2026-03-07
A15Tg9pRSrgyeyodqGaLMfNg5cwLQi6KLkdthtG1P4dn,SOL,chainabuse:FAKE_RETURNS,chainabuse_crawl,FAKE_RETURNS,votes=2;checked=False,2026-03-07
4md8cLEVZLr3Xz1bckenmvqiazZE5Kabh6pkKze9E273,SOL,chainabuse:FAKE_RETURNS,chainabuse_crawl,FAKE_RETURNS,votes=2;checked=False,2026-03-07
Atx9tLeZ8Z5Bg4a713nsDRoavfqB8pU187oNqbuwaxZ3,SOL,chainabuse:CONTRACT_EXPLOIT+IMPERSONATION+OTHER_HACK+PHISHING+PIGBUTCHERING,chainabuse_crawl,CONTRACT_EXPLOIT|IMPERSONATION|OTHER_HACK|PHISHING|PIGBUTCHERING,label=Sweeper bot;votes=1;checked=False,2026-03-07
12Hh95o3xyeJFDLCCevuE5wcRQ1joe6wvXKFN9HBSn8d,SOL,chainabuse:PIGBUTCHERING,chainabuse_crawl,PIGBUTCHERING,votes=2;checked=False,2026-03-07
FmopVtSjpqrzhhh2SULvgpEv8jt2mpZGU9fBpZQ6HNnX,SOL,chainabuse:FAKE_PROJECT,chainabuse_crawl,FAKE_PROJECT,votes=1;checked=False,2026-03-07
6FZmfcpHRt5J5TMCvteGTUvJbErtYgXWcxfxucX6rfGt,SOL,chainabuse:IMPERSONATION,chainabuse_crawl,IMPERSONATION,votes=1;checked=False,2026-03-07
iYASsa6Lvvt2myPQmw8QDhgQqQdWFDS1YgAM1baMro2,SOL,chainabuse:IMPERSONATION,chainabuse_crawl,IMPERSONATION,votes=1;checked=False,2026-03-07
3erCHAGpCvwhNXozfWXYLCapkSyfk5E4Js4FDNdWSqz5,SOL,chainabuse:OTHER_HACK,chainabuse_crawl,OTHER_HACK,votes=1;checked=False,2026-03-07
3dGQtPdJQFi7uzxR8w9Z74gmMMnj8Vy5ANhGmw8mXDGR,SOL,chainabuse:OTHER_HACK,chainabuse_crawl,OTHER_HACK,votes=1;checked=False,2026-03-06
5Q4VBQF3KP7dCAbu8MWZYoLfSbtKszC2WJ5vci4fhncr,SOL,chainabuse:PHISHING,chainabuse_crawl,PHISHING,votes=1;checked=False,2026-03-06
6ZWdgDGGDmN6gqnJFgG7JXLjYbwsWbWDJzY6g7wsaN43,SOL,chainabuse:PHISHING,chainabuse_crawl,PHISHING,votes=1;checked=False,2026-03-06
9xvqryRBjkhUkcVkPeL4YJa9z6z6pkB5KBZyRZUYRUHk,SOL,chainabuse:OTHER_HACK,chainabuse_crawl,OTHER_HACK,votes=1;checked=False,2026-03-06
J2JVx6m55E6BkrTkpxURJunaDvs9h87fAviBQcvQR67g,SOL,chainabuse:OTHER_HACK,chainabuse_crawl,OTHER_HACK,votes=1;checked=False,2026-03-06
CBVCBBscc8t1JjB3gwyXHFjcYSEyvq8kWHaYCE8UdAax,SOL,chainabuse:FAKE_RETURNS+PHISHING,chainabuse_crawl,FAKE_RETURNS|PHISHING,votes=2;checked=False,2026-03-05
C82rZEhcMBLGkb6gCAv1N2LoRV3fY9yhfBamuyFLzKGU,SOL,chainabuse:PHISHING,chainabuse_crawl,PHISHING,votes=1;checked=False,2026-03-05
4R8k9vX1zB9FvXzMh5tJ7LpWnQ6rY2uV4xK3mS8T9pA,SOL,chainabuse:PHISHING,chainabuse_crawl,PHISHING,votes=1;checked=False,2026-03-05
AzUWMx3fR2k23C2LhF6T7jXpLz8vYmQnU9wE5r7tB4yZ,SOL,chainabuse:PHISHING,chainabuse_crawl,PHISHING,votes=1;checked=False,2026-03-05
CEBs5VamDgiZNZyn4LW675dFifi5SWqiwKywHwd89FPH,SOL,chainabuse:PHISHING,chainabuse_crawl,PHISHING,votes=1;checked=False,2026-03-05
34fn4rxYvYQP8NX67L9FPNU7ib2A4Fo7eMMnKurrCBvG,SOL,chainabuse:PHISHING,chainabuse_crawl,PHISHING,votes=1;checked=False,2026-03-05
6dwTUhRNKsE6YwEtYLe4PkrUPLtqg5HxnZPuVGxgDyVJ,SOL,chainabuse:PHISHING,chainabuse_crawl,PHISHING,votes=1;checked=False,2026-03-04
8118fbQ2CzYiqkUprCdkMHm9Wyi3FCpsKBpG1jsCEBRs,SOL,chainabuse:OTHER_HACK,chainabuse_crawl,OTHER_HACK,votes=1;checked=False,2026-03-04
3nTGcJxaEicCBZ3cHAgeAsgExjXTW19X8dRgWDC36eqj,SOL,chainabuse:OTHER_HACK,chainabuse_crawl,OTHER_HACK,votes=1;checked=False,2026-03-04
HS3HaisVRxpKwKA9qrxceF5f3S9VUrNeWvFktR1zHpaj,SOL,chainabuse:OTHER_HACK,chainabuse_crawl,OTHER_HACK,votes=1;checked=False,2026-03-04
ARu4n5mFdZogZAravu7CcizaojWnS6oqka37gdLT5SZn,SOL,chainabuse:OTHER_HACK,chainabuse_crawl,OTHER_HACK,votes=1;checked=False,2026-03-04
6Xz8JAfgsryTW5DuP1SDTgV4vwzj8BxFjQm9TuHHDzVT,SOL,chainabuse:OTHER_HACK,chainabuse_crawl,OTHER_HACK,votes=1;checked=False,2026-03-04
FKTi97ZBURCbaPYU46bvHPJeypoXaR81n4DdMMwG8yGU,SOL,chainabuse:PHISHING,chainabuse_crawl,PHISHING,label=Scammer;votes=1;checked=False,2026-03-03
6Y7aSANokhGNb4kcbjwbhCgTxtofz1iVDux4nnAqNd3V,SOL,chainabuse:FAKE_RETURNS,chainabuse_crawl,FAKE_RETURNS,votes=2;checked=False,2026-03-03
2SCKVEcfCnGWoizDaj8Ddr4gebhexKZNdhw2YCtKVQhq,SOL,chainabuse:FAKE_RETURNS,chainabuse_crawl,FAKE_RETURNS,votes=2;checked=False,2026-03-03
8p4sRMUttSwcmNGx99zueoMGi3QcNky8BmDMkiua4rhm,SOL,chainabuse:OTHER_HACK,chainabuse_crawl,OTHER_HACK,votes=1;checked=False,2026-03-03
FFG2j1yU1hL2vDZPkKW2g1E2926gvRrjuHkVKq6yxYoQ,SOL,chainabuse:PHISHING,chainabuse_crawl,PHISHING,votes=1;checked=False,2026-03-03
XxunV6cjSFe4As9QKsPn8YoYec9FQtMowmpedQSkT5z,SOL,chainabuse:OTHER,chainabuse_crawl,OTHER,votes=1;checked=False,2026-03-02
2XCqDWcqa8JCHaTyVC9aTCR3E2Pf6iMSbx7D8XkC2fDC,SOL,chainabuse:IMPERSONATION,chainabuse_crawl,IMPERSONATION,votes=1;checked=False,2026-02-28
7YNDP6AMRrbbsfMEBB9FrsNhKyDqS19Ymwq5YsRANTPq,SOL,chainabuse:OTHER,chainabuse_crawl,OTHER,votes=1;checked=False,2026-02-28
Go28HvwAL953LeVJ3qbx8UUYQZbdpCEZ762xpWjijqJG,SOL,chainabuse:PHISHING,chainabuse_crawl,PHISHING,label=Fake BackpackWallet  ext;votes=1;checked=False,2026-02-27
A8PyFHmWHy2ZoPjb6axcPcnPP1j7Y3HoRLCPQoRn2Ueq,SOL,chainabuse:PHISHING,chainabuse_crawl,PHISHING,votes=1;checked=False,2026-02-27
ByA4VC5YqXQdqytHd9YK3Z6jFwJgeKL4qjf7eE3yk4pB,SOL,chainabuse:PHISHING,chainabuse_crawl,PHISHING,votes=1;checked=False,2026-02-27
HdHZe1MvhGSDQ32BBc6AimGpCtGjhb7295akaPVckQ3s,SOL,chainabuse:FAKE_PROJECT,chainabuse_crawl,FAKE_PROJECT,votes=1;checked=False,2026-02-26
96V9Wbu6oAYYFGvGftVce8DC2gdtXS62TTrNSZBqad1J,SOL,chainabuse:FAKE_PROJECT,chainabuse_crawl,FAKE_PROJECT,votes=1;checked=False,2026-02-26
DWNhx9qLqfvF6qf4UZNBgyM21dWNv7PkeizsyETo2jqk,SOL,chainabuse:FAKE_PROJECT,chainabuse_crawl,FAKE_PROJECT,votes=1;checked=False,2026-02-26
Czfq3xZZDmsdGdUyrNLtRhGc47cXcZtLG4crryfu44zE,SOL,chainabuse:FAKE_PROJECT+OTHER_HACK,chainabuse_crawl,FAKE_PROJECT|OTHER_HACK,votes=1;checked=False,2026-02-26
3Riexj9cAbTQkN41XQ9wS9cCiGaC7UUFkX7xz5ZRBhCx,SOL,chainabuse:FAKE_PROJECT,chainabuse_crawl,FAKE_PROJECT,votes=1;checked=False,2026-02-26
3RieRR5RMkoLMGWtTmqPTyPHFEhsLc9751GnJTwyrHAx,SOL,chainabuse:FAKE_PROJECT,chainabuse_crawl,FAKE_PROJECT,votes=1;checked=False,2026-02-26
zvm4dFEPhUf6Rk8Z9gWYcjg9AVYk7vss7g1fdWxBcGg,SOL,chainabuse:FAKE_PROJECT,chainabuse_crawl,FAKE_PROJECT,votes=1;checked=False,2026-02-26
65ZHSArs5Xx64SYXqXvsFEmWJaFVRgrfUuXgtRiXpump,SOL,chainabuse:FAKE_PROJECT,chainabuse_crawl,FAKE_PROJECT,votes=1;checked=False,2026-02-26
AvGeFw71N5sPbYFSCto7FireuavMjRMkUxg1naEjPQiA,SOL,chainabuse:FAKE_PROJECT,chainabuse_crawl,FAKE_PROJECT,votes=1;checked=False,2026-02-26
8ekCy2jEFEMbR9C6oeYJSsEcAcqoSUPJBbMGp4WXJKZD,SOL,chainabuse:FAKE_PROJECT,chainabuse_crawl,FAKE_PROJECT,votes=1;checked=False,2026-02-26
iGdFcQoyLJkKMnGHzPNmBbSEQmGtMhLuGAkkx6YBVkz,SOL,chainabuse:FAKE_PROJECT,chainabuse_crawl,FAKE_PROJECT,votes=1;checked=False,2026-02-26
8VF3onFGhAHbmBSrNXKnseKfUGBXFPSakAfcFm1vDu5P,SOL,chainabuse:FAKE_PROJECT,chainabuse_crawl,FAKE_PROJECT,votes=1;checked=False,2026-02-26
7JXRYY99PejdWVaYwhqRLWEqkdMCRa6HZ1KsdtPBJwhA,SOL,chainabuse:OTHER_BLACKMAIL,chainabuse_crawl,OTHER_BLACKMAIL,votes=1;checked=False,2026-02-25
EyQHd6YexC31geCJjNQUrM9fN91KqBCaJHLCrNLzp78c,SOL,chainabuse:OTHER_HACK,chainabuse_crawl,OTHER_HACK,votes=1;checked=False,2026-02-25
A5eifzyqqeCqmimemDJFkcUT9GR7zCoXwqjYN6snQBB4,SOL,chainabuse:PHISHING,chainabuse_crawl,PHISHING,votes=1;checked=False,2026-02-25
VDRcRcMWJM7exwHfVUau1WqAawLXR8tNF2sJP7PaMyg,SOL,chainabuse:FAKE_PROJECT,chainabuse_crawl,FAKE_PROJECT,votes=1;checked=False,2026-02-25
USRX8A1BNVzPSWt9tXA1ZjeMWWnpsWktdhueCBDZAjS,SOL,chainabuse:FAKE_PROJECT,chainabuse_crawl,FAKE_PROJECT,votes=1;checked=False,2026-02-25
USRNRXseXCx2Gg3PGTrtZZQQGTmg5iBxSeEpDVDzZpC,SOL,chainabuse:FAKE_PROJECT,chainabuse_crawl,FAKE_PROJECT,votes=1;checked=False,2026-02-25
CakfZfJecRtwgbCEBUAH9KEDRak7Kzc9zEfLZWCmDxTW,SOL,chainabuse:OTHER,chainabuse_crawl,OTHER,votes=1;checked=False,2026-02-24
3Pte77EWx6mw44me8v1Mu6kok4QUWF2cbSSVNRaP72QK,SOL,chainabuse:OTHER,chainabuse_crawl,OTHER,votes=1;checked=False,2026-02-23
EF3G4BesnZNVZ7jYTuvCmWVujNmEZq1D3jdFreYoyKB4,SOL,chainabuse:RANSOMWARE,chainabuse_crawl,RANSOMWARE,votes=1;checked=False,2026-02-21
9EankaQ3JAvfCFFyCNN96grzgkVMqwDEgoeQW34n3BVg,SOL,chainabuse:PHISHING,chainabuse_crawl,PHISHING,votes=1;checked=False,2026-02-21
6uA1GgZmgtP2FpfYLwnYWovgDTPhSvzaezox26HSS8sK,SOL,chainabuse:CONTRACT_EXPLOIT,chainabuse_crawl,CONTRACT_EXPLOIT,votes=1;checked=False,2026-02-21
GNMTCasUj3xtneLzWhX1cZRx81rEuCoC8t9h6ufHetMM,SOL,chainabuse:AIRDROP+CONTRACT_EXPLOIT+OTHER_BLACKMAIL,chainabuse_crawl,AIRDROP|CONTRACT_EXPLOIT|OTHER_BLACKMAIL,votes=1;checked=False,2026-02-21
7u8NBS3WbDyLCiwVRN1ayVcX2RXk86JKmxE6RhuJy9y8,SOL,chainabuse:IMPERSONATION,chainabuse_crawl,IMPERSONATION,votes=1;checked=False,2026-02-21
9LuBC8wFHAMsAsMbetdpBoU3LvmfBEbccqE1GrrnF9CA,SOL,chainabuse:FAKE_PROJECT,chainabuse_crawl,FAKE_PROJECT,votes=1;checked=False,2026-02-20
EHCQTFa5Jepq6DwNigCTajyJToxgr2Pq3ATGVE6Tr55n,SOL,chainabuse:RUG_PULL,chainabuse_crawl,RUG_PULL,votes=1;checked=False,2026-02-20
G6and58to3Wcr84hYVMX6UEgEZZiPEYLJVLY1XAnEpHK,SOL,chainabuse:PHISHING,chainabuse_crawl,PHISHING,votes=1;checked=False,2026-02-20
JCchMvDwCeauKbyPpJGCfBPH1YhrRpu9N4jMPVPKqNrH,SOL,chainabuse:FAKE_RETURNS,chainabuse_crawl,FAKE_RETURNS,votes=1;checked=False,2026-02-20
9TXtHvV2qz54hgxyVMkjAaVhnvRPHE5hvNzLN5aUUMjj,SOL,chainabuse:OTHER_HACK,chainabuse_crawl,OTHER_HACK,votes=1;checked=False,2026-02-19
FEoJpkVdiLrPk1M2U99pk6rZQq2oJPU2Qj734cPP3uax,SOL,chainabuse:OTHER,chainabuse_crawl,OTHER,votes=1;checked=False,2026-02-19
5oBMDG4x42WzcAfa25T8AJ7249t4YimWHNbaSPjp19RY,SOL,chainabuse:FAKE_PROJECT,chainabuse_crawl,FAKE_PROJECT,votes=1;checked=False,2026-02-19
BLd7FMYeD6UwAvJuEJcJVyuXkGLmrs5N1UyCkXmLv9Ri,SOL,chainabuse:JOB_SCAM,chainabuse_crawl,JOB_SCAM,votes=1;checked=False,2026-02-18
D6i9TZBTqCcTefT4yJ9FC3eNj2WuSo4BscJoZpNSerPV,SOL,chainabuse:JOB_SCAM,chainabuse_crawl,JOB_SCAM,votes=1;checked=False,2026-02-18
9o1PAk558BUrg2vSxU2cGe2q3AYRNA2Ak3syCepxsUig,SOL,chainabuse:FAKE_RETURNS,chainabuse_crawl,FAKE_RETURNS,votes=1;checked=False,2026-02-18
DstCMGeicu4rJTTL96ZY3b3fzbanspNrkitLYLAahQSW,SOL,chainabuse:PHISHING,chainabuse_crawl,PHISHING,votes=1;checked=False,2026-02-17
GE6BmykNL8bnLnsXHTnoBL5iA8h1Ew59GaG6t1rWfgfz,SOL,chainabuse:OTHER_HACK,chainabuse_crawl,OTHER_HACK,votes=1;checked=False,2026-02-17
GE6yJM248Dkw5XdShKPmGs2bs44bHfGJSfAQG79PjYfz,SOL,chainabuse:OTHER_HACK,chainabuse_crawl,OTHER_HACK,votes=1;checked=False,2026-02-17
42C5pY1fkFSX1qrko45b8WduZt3g9ZoUNREfGoounEWB,SOL,chainabuse:IMPERSONATION,chainabuse_crawl,IMPERSONATION,votes=1;checked=False,2026-02-16
9u5LhQUANmNCAd18VJHfmmhpSjwnQ3fqEVhQq8YmpnUE,SOL,chainabuse:PHISHING,chainabuse_crawl,PHISHING,votes=1;checked=False,2026-02-16
9fV2JDFqoZa937Fh81yLdBmMis1b3z4iRie7f1AFcFAh,SOL,chainabuse:PHISHING,chainabuse_crawl,PHISHING,votes=1;checked=False,2026-02-16
NTHeS85zk29DBQ4pJff4RvzHqXdrEJ1sk9cr2nQkMBV,SOL,chainabuse:AIRDROP,chainabuse_crawl,AIRDROP,votes=1;checked=False,2026-02-16
A5y46pafKGddLaMBEGVUP97JMZS8xnPZa1mmpezDbmwB,SOL,chainabuse:CONTRACT_EXPLOIT+OTHER_HACK,chainabuse_crawl,CONTRACT_EXPLOIT|OTHER_HACK,votes=1;checked=False,2026-02-15
Bfgrtz11S6ivKgqR7HHhENWmnDmVyevY9RBdVvAaBkuX,SOL,chainabuse:OTHER_HACK,chainabuse_crawl,OTHER_HACK,votes=1;checked=False,2026-02-15
4cvPq78bMLERGd3vnJY5dkVddo2bXEdBR9Ry11KvdDyK,SOL,chainabuse:FAKE_RETURNS,chainabuse_crawl,FAKE_RETURNS,votes=1;checked=False,2026-02-15
CMVR9aehobmE9FUXq2mxqtTWgGdpq2dP48RGrD8eajV6,SOL,chainabuse:OTHER_HACK+PHISHING,chainabuse_crawl,OTHER_HACK|PHISHING,votes=1;checked=False,2026-02-13
CV1HggD626mGRnuECV767NaENDJAH7a5CwB2q2eUtEpa,SOL,chainabuse:PHISHING,chainabuse_crawl,PHISHING,votes=1;checked=False,2026-02-11
3othtFniq5fmBQvpqXSU7Pau1mag7TwZgWrQ7XZeh2bX,SOL,chainabuse:CONTRACT_EXPLOIT,chainabuse_crawl,CONTRACT_EXPLOIT,votes=1;checked=False,2026-02-11
6Ljwnf9UB8eFcGPWHCYQLpbX5rpaMzCZjeWFvwnrF2x9,SOL,chainabuse:CONTRACT_EXPLOIT+PHISHING,chainabuse_crawl,CONTRACT_EXPLOIT|PHISHING,label=Drainage wallet 1;votes=1;checked=False,2026-02-11
HPi3tyu7fSUVFujzNWjjsZVBRTnYgmgrdicqQSorJBp6,SOL,chainabuse:RUG_PULL,chainabuse_crawl,RUG_PULL,votes=1;checked=False,2026-02-11
BqdP4zonDaqEEvEyYqJEb785abuJGCGzq2yLfUebsf35,SOL,chainabuse:AIRDROP,chainabuse_crawl,AIRDROP,votes=1;checked=False,2026-02-11
FeeZ57bG4oNRefumrLtLr3Z4V9tpXrKKBJn2A4KQNuu3,SOL,chainabuse:AIRDROP,chainabuse_crawl,AIRDROP,votes=1;checked=False,2026-02-11
3W26fP8SN1dCSFoW2DBJFAit5B5MT1TgFx2KWUq2HWP4,SOL,chainabuse:FAKE_RETURNS,chainabuse_crawl,FAKE_RETURNS,votes=1;checked=False,2026-02-10
EYqiJDm8Em5Nsp89ehk1PiMnA6qLcFuoovEe98r2JaYc,SOL,chainabuse:FAKE_RETURNS,chainabuse_crawl,FAKE_RETURNS,votes=2;checked=False,2026-02-10
26cbToVQgtf9qoLv7TCgf737y5cbSVCNKVeR3k1RW4hu,SOL,chainabuse:OTHER_HACK,chainabuse_crawl,OTHER_HACK,votes=1;checked=False,2026-02-10
Fq4dP6efbd71FVoX1SMZyrb7HPALXDbJKumw9csaGnRD,SOL,chainabuse:OTHER_HACK,chainabuse_crawl,OTHER_HACK,votes=1;checked=False,2026-02-10
GXtBJa8sgzHLfbr2CvdTho8t1RRP1YoyhG6kN519Ucrd,SOL,chainabuse:OTHER_HACK,chainabuse_crawl,OTHER_HACK,votes=1;checked=False,2026-02-10
7yMC7V8JtNJ7hRVQEUMRcVR7VSxKARvvqvJqpqcK8FpN,SOL,chainabuse:PHISHING,chainabuse_crawl,PHISHING,votes=1;checked=False,2026-02-09
8s1iiYRVxYxa6jdprTWonHS8PW7F2MzxuDukoYj2hHLr,SOL,chainabuse:OTHER_HACK,chainabuse_crawl,OTHER_HACK,votes=1;checked=False,2026-02-09
QT8Z6ojfT896L6hqScUQs5h32SsJSt4ze5dGig8kU35,SOL,chainabuse:PHISHING,chainabuse_crawl,PHISHING,votes=1;checked=False,2026-02-08
7SPPzzfa9KUWgM3jxdiRhY9xMBy5uq1ZcEGBAmjESUiV,SOL,chainabuse:OTHER_HACK,chainabuse_crawl,OTHER_HACK,votes=1;checked=False,2026-02-08
6pWdrh8MNpunDK5s1RAXTjqvv1grwrKt7SwtYkS9xEEh,SOL,chainabuse:OTHER_HACK,chainabuse_crawl,OTHER_HACK,label=Scammer;votes=1;checked=False,2026-02-08
E3kccvzan9amxekee7mjr8su1wabdnm3atyesmhke4n9,SOL,chainabuse:FAKE_RETURNS,chainabuse_crawl,FAKE_RETURNS,label=investment scam;votes=1;checked=False,2026-02-08
HwR5XBDHWpRAqQgDiXffbzqPjEYU9KdJwYL3TG8TqDch,SOL,chainabuse:FAKE_RETURNS,chainabuse_crawl,FAKE_RETURNS,label=investment scam;votes=1;checked=False,2026-02-08
Hd5juGpKWftcDm4G8YuUkAZztBTdWuGnr6e6vRc1Anje,SOL,chainabuse:FAKE_PROJECT,chainabuse_crawl,FAKE_PROJECT,votes=1;checked=False,2026-02-07
ieDNNyVHwpNVdbLJFaBHGtsmKwX7UczgarWxp5pSEVf,SOL,chainabuse:OTHER_HACK,chainabuse_crawl,OTHER_HACK,votes=1;checked=False,2026-02-07
7ycJRGEw2TDEBwnx1S9AdixUrQM9hMJFYw2eT8YZHana,SOL,chainabuse:IMPERSONATION+OTHER_HACK,chainabuse_crawl,IMPERSONATION|OTHER_HACK,votes=1;checked=False,2026-02-07
Sig9GJN6wztuKj6BiaWjCRYAavAJULSwBs12ad5rpqn,SOL,chainabuse:OTHER,chainabuse_crawl,OTHER,votes=1;checked=False,2026-02-07
GJdXw4fMyDcZmB49snzEe4AkztHsbAFyb4fgkoEUVAvm,SOL,chainabuse:RUG_PULL,chainabuse_crawl,RUG_PULL,votes=1;checked=False,2026-02-06
Ac74Hr7AjoR8HjLQVjf2RfiuNn3Z1WLtK2Wnk6VRVuH7,SOL,chainabuse:PHISHING,chainabuse_crawl,PHISHING,votes=2;checked=False,2026-02-05
6Qc12ecD6P87ot8RxthU3XRKQhcbuSs1TCb2NnLZAmNy,SOL,chainabuse:OTHER_HACK,chainabuse_crawl,OTHER_HACK,votes=1;checked=False,2026-02-05
Fnm41L6NZXfUZoR4pHBVZWx1P3tQuao6xk8esmrLGtuJ,SOL,chainabuse:OTHER_HACK,chainabuse_crawl,OTHER_HACK,votes=1;checked=False,2026-02-05
HQcFPMqW6HPyXBmDMiEusxmwzGVahiQnfZ5dbJDX8Y2R,SOL,chainabuse:OTHER_HACK,chainabuse_crawl,OTHER_HACK,votes=1;checked=False,2026-02-05
B7BzY6uobtnvr7TJNLU6kTcn8FULATh2jyJXaEMXYgT1,SOL,chainabuse:IMPERSONATION,chainabuse_crawl,IMPERSONATION,votes=1;checked=False,2026-02-05
BnfecdWfiMRFzkRpq3KKpnPyzmdYDoFqfBopNRhBXvVK,SOL,chainabuse:OTHER_HACK,chainabuse_crawl,OTHER_HACK,votes=1;checked=False,2026-02-05
EZ3YMrgbGm29XduYuvqGaVpcVmbiXPXhWo25Fkvqei5g,SOL,chainabuse:OTHER_HACK,chainabuse_crawl,OTHER_HACK,label=Hacker;votes=1;checked=False,2026-02-05
J5n6ZEvnGvXdt9jLWKuF5qmdPytMimCXkGpzXAtmq6He,SOL,chainabuse:OTHER_HACK,chainabuse_crawl,OTHER_HACK,votes=1;checked=False,2026-02-05
4MWFZV2PV4xbgF54Yx7mCdUgusDGbP2ZLSXd54k9iwQ8,SOL,chainabuse:OTHER_HACK,chainabuse_crawl,OTHER_HACK,votes=1;checked=False,2026-02-04
FeeZVQ5GGCMgM5z4nNVK9YB5s2aaAYoPwMWtAaGQeYhT,SOL,chainabuse:OTHER_HACK+PHISHING,chainabuse_crawl,OTHER_HACK|PHISHING,votes=1;checked=False,2026-02-04
xKCSw8XGQYjePx5ZrQRW4X1JdMxbFM4EHPsYFC2bUE3,SOL,chainabuse:PHISHING,chainabuse_crawl,PHISHING,votes=1;checked=False,2026-02-04
G8si7fny1MQmd9m4dibyNnznwcCTgPpryLr8dN5yzdz5,SOL,chainabuse:PHISHING,chainabuse_crawl,PHISHING,votes=1;checked=False,2026-02-04
G68jtxrxJshFoz6TCdpTvrm8hadMNs6jipG1YVVKk9K,SOL,chainabuse:PIGBUTCHERING,chainabuse_crawl,PIGBUTCHERING,label=620K;votes=1;checked=False,2026-02-03
5atLBAAC7hWXEHS5XsREm8qFqpNwZ4iy2WVr2azLMUbL,SOL,chainabuse:PIGBUTCHERING,chainabuse_crawl,PIGBUTCHERING,label=500K;votes=1;checked=False,2026-02-03
6o1ATy3VrQ2XSwULx3q2tRTawtYTPTtqjZxNHhMozecN,SOL,chainabuse:AIRDROP+FAKE_RETURNS,chainabuse_crawl,AIRDROP|FAKE_RETURNS,votes=1;checked=False,2026-02-03
6QtmCEaa6NovEiWMQy1nLqinGeoG38UzdQM9uKM1oKKC,SOL,chainabuse:FAKE_RETURNS,chainabuse_crawl,FAKE_RETURNS,votes=1;checked=False,2026-02-03
ApQSZeioLeiXXHnMTf734QMAxzdq45Sx6kPdwAUyZdeV,SOL,chainabuse:RUG_PULL,chainabuse_crawl,RUG_PULL,votes=1;checked=False,2026-02-03
3MBGqazfSFWouvjFKzW9njyhPufd7w3R6HxMyjCuFKaj,SOL,chainabuse:FAKE_PROJECT,chainabuse_crawl,FAKE_PROJECT,votes=1;checked=False,2026-02-02
HLmRCtDH6g11TwCz3CTest3cbHdRMgKphW9oEXCGeBDW,SOL,chainabuse:PHISHING,chainabuse_crawl,PHISHING,votes=1;checked=False,2026-02-02
BmFdpraQhkiDQE6SnfG5omcA1VwzqfXrwtNYBwWTymy6,SOL,chainabuse:OTHER_HACK,chainabuse_crawl,OTHER_HACK,votes=1;checked=False,2026-02-02
724AmRanhTcRqFfGBQpsLC4AnumvVvw4YNzTwHgSuhK,SOL,chainabuse:OTHER_HACK,chainabuse_crawl,OTHER_HACK,votes=1;checked=False,2026-02-02
E3KNVQCX6xVcqLazeBStJpHuCHkcoUdbmK4bW7DL1dGx,SOL,chainabuse:OTHER_HACK,chainabuse_crawl,OTHER_HACK,votes=1;checked=False,2026-02-02
CPMMoo8L3F4NbTegBCKVNunggL7H1ZpdTHKxQB5qKP1C,SOL,chainabuse:OTHER_HACK,chainabuse_crawl,OTHER_HACK,votes=1;checked=False,2026-02-02
bc1qmu6c4p99u3f86a6pe38te2254k25z6uyphymsgm,SOL,chainabuse:SEXTORTION,chainabuse_crawl,SEXTORTION,votes=1;checked=False,2026-02-02
4Ri6Rd7zN6M6H8jF3vPc6MqnmFioVcPaizZt3crLVGXd,SOL,chainabuse:OTHER,chainabuse_crawl,OTHER,votes=1;checked=False,2026-02-01
EhgxYkt2EWuLmWUMxHooxFHqxxv7oBUgrywC83y22XAq,SOL,chainabuse:OTHER,chainabuse_crawl,OTHER,votes=1;checked=False,2026-02-01
J3jQirNUjHwP3Vy8ciKfPa6r7GRsyY6LYiWUbPCNmviE,SOL,chainabuse:IMPERSONATION,chainabuse_crawl,IMPERSONATION,votes=1;checked=False,2026-02-01
FPY2J9DpH5qjE7kr5EKr5KmwnYnCxuhuXeLdWUJceuQ2,SOL,chainabuse:DONATION_SCAM+IMPERSONATION,chainabuse_crawl,DONATION_SCAM|IMPERSONATION,votes=1;checked=False,2026-02-01
Ckea3KRWaNSEfP8uQMnCQy1nPfx1UYrvKLtgPMFx7wPt,SOL,chainabuse:OTHER_BLACKMAIL,chainabuse_crawl,OTHER_BLACKMAIL,votes=1;checked=False,2026-02-01
7Rd8nR4h57TgBo9LQhbMpS8DXXsdtHCwuWFzXo4SSdfN,SOL,chainabuse:OTHER_HACK,chainabuse_crawl,OTHER_HACK,votes=1;checked=False,2026-02-01
EByUvuTEBuc1N326nEMsJxxeBNXiW3kYp72dTAKQhaYz,SOL,chainabuse:OTHER_HACK,chainabuse_crawl,OTHER_HACK,label=hacked;votes=1;checked=False,2026-01-31
4B5htaZLmBvjoiRCvFqqFH9dVfuc5Xb5x52adauHZfEu,SOL,chainabuse:PHISHING,chainabuse_crawl,PHISHING,label=Drainage wallet 2;votes=1;checked=False,2026-01-31
GmRtk2CuVnpnBTUuJdUBvWDfHzvYm9q2jgcV8MMxiex7,SOL,chainabuse:OTHER_HACK,chainabuse_crawl,OTHER_HACK,votes=1;checked=False,2026-01-31
BSsxExb41R8TuArLcZP68cnfDsKohdaJqkziARGTVTTc,SOL,chainabuse:RUG_PULL,chainabuse_crawl,RUG_PULL,label=VDR (COÍN);votes=1;checked=False,2026-01-31
9MnksujGnx4w34Ucei8LCYtVSakB1WLhka3SFTNbSVMZ,SOL,chainabuse:IMPERSONATION,chainabuse_crawl,IMPERSONATION,votes=1;checked=False,2026-01-31
CWD2bs3BZzzVZ5TjhndWJnyt2E9NE69JnFFcRyneQZvN,SOL,chainabuse:FAKE_RETURNS,chainabuse_crawl,FAKE_RETURNS,votes=1;checked=False,2026-01-30
EEUdMwn6JPMsHJQgR45ohLXt56GYPghL6DLsGHqDocJh,SOL,chainabuse:FAKE_RETURNS,chainabuse_crawl,FAKE_RETURNS,votes=1;checked=False,2026-01-29
5VU9Guwpw4HdryBMYHsX5LafuYAvtQV3BBwndQCWiBBn,SOL,chainabuse:AIRDROP,chainabuse_crawl,AIRDROP,votes=1;checked=False,2026-01-29
Fv3QzujaEPQAQCrWJgLq5JWYC3nKpjsdWpvrr9jyP7Bj,SOL,chainabuse:OTHER,chainabuse_crawl,OTHER,votes=1;checked=False,2026-01-29
3iyCTcqv6jhYtwx9VVtXBeq4YAAy3pFbhMvHxu2x6g17,SOL,chainabuse:SIM_SWAP,chainabuse_crawl,SIM_SWAP,votes=1;checked=False,2026-01-29
75aFRaG1wGJtu2WuXZJxpkxpwSYVDzFKQLkLefHTbJP8,SOL,chainabuse:SIM_SWAP,chainabuse_crawl,SIM_SWAP,votes=1;checked=False,2026-01-29
GwFVUdgRNxhbJW83dVN1hDndwvcMf2obYwgsmLMNY17u,SOL,chainabuse:SIM_SWAP,chainabuse_crawl,SIM_SWAP,votes=1;checked=False,2026-01-29
EDWB9BSzCJ5TNn3JJW2zkKxvGRmwkEDYxnHGgsFNe3cA,SOL,chainabuse:SIM_SWAP,chainabuse_crawl,SIM_SWAP,votes=1;checked=False,2026-01-29
ABCL6wzJMB9553iCx4UPUhLVDW5au5V113dJr1Kut43q,SOL,chainabuse:PHISHING,chainabuse_crawl,PHISHING,votes=1;checked=False,2026-01-29
GUa6LQ9jGuRyfaSsMA3gyZVeoJW15Fa2kj467P2n72rX,SOL,chainabuse:FAKE_RETURNS,chainabuse_crawl,FAKE_RETURNS,votes=1;checked=False,2026-01-28
EDJpgWdA4VXvRZHdeY5EpyPsSnx5QTwBCaBDTJnfZ8vs,SOL,chainabuse:PHISHING,chainabuse_crawl,PHISHING,votes=1;checked=False,2026-01-27
7GLNKTWLpAH1Fcu1dCTHPZAs2yGWsJwiA4vg1rg55Qws,SOL,chainabuse:RUG_PULL,chainabuse_crawl,RUG_PULL,votes=1;checked=False,2026-01-27
5UKyWMYZVcEXmh7Z9yYtueSL7yP87tkwQfGAstD4fFji,SOL,chainabuse:PIGBUTCHERING,chainabuse_crawl,PIGBUTCHERING,label=SOL;votes=1;checked=False,2026-01-26
HiQx1o8axp5CYGrPnQCtu934Tx9Aese6dTkJFoFkvYPs,SOL,chainabuse:FAKE_PROJECT,chainabuse_crawl,FAKE_PROJECT,label=THE FAKE WEBSITE;votes=1;checked=False,2026-01-26
5g1bXSX3LoLt13Nwf9LTPmnnnASHXw3fNAk4g3dMBE7f,SOL,chainabuse:FAKE_PROJECT,chainabuse_crawl,FAKE_PROJECT,label=scammers wallet;votes=1;checked=False,2026-01-26
FyebCP3LHJ9gNUPdPYa6mPK6WreJoENcGucEX6HH2o9r,SOL,chainabuse:FAKE_PROJECT,chainabuse_crawl,FAKE_PROJECT,label=SCAMMER WALLET;votes=1;checked=False,2026-01-26
HiqeeiZa4Th3Q3SYAs6tujPzwLkkJ2ueLVnD6SS9vyPs,SOL,chainabuse:FAKE_PROJECT,chainabuse_crawl,FAKE_PROJECT,label=SCAMMER WALLET;votes=1;checked=False,2026-01-26
HBdhQQVT8SgmaYEGxwrNezJGfMH3meXvQ5p4MjuQW9L8,SOL,chainabuse:FAKE_PROJECT,chainabuse_crawl,FAKE_PROJECT,label=SCAMMER WALLET;votes=1;checked=False,2026-01-26
DH23s4BrDixPvo182ey1cqSrfc4bQEqTu1cXntT6LCU8,SOL,chainabuse:IMPERSONATION,chainabuse_crawl,IMPERSONATION,votes=1;checked=False,2026-01-26
7wRcTHsaP8HGVq77U5fLNhvoi4B1iYmox6F2str4X5nE,SOL,chainabuse:FAKE_PROJECT,chainabuse_crawl,FAKE_PROJECT,votes=1;checked=False,2026-01-26
CY7oEX2FAz2cxqeeHcH9z4tY1xWasNoDvt9BEaaH6xPc,SOL,chainabuse:FAKE_PROJECT,chainabuse_crawl,FAKE_PROJECT,votes=1;checked=False,2026-01-26
5KnbL1Yy1nzeYWv86FkR78tDDhkck8MALtC3pAPTpBHU,SOL,chainabuse:FAKE_PROJECT,chainabuse_crawl,FAKE_PROJECT,votes=1;checked=False,2026-01-26
98fEmo79Kxor4y2uvWjyXe34mmEwaZ9EzJiYimM3VcU1,SOL,chainabuse:OTHER,chainabuse_crawl,OTHER,votes=1;checked=False,2026-01-25
5Eub1Udf1xqagJJuwAQWBd3TjWjPorM3DSGxPdGMKDJQ,SOL,chainabuse:PIGBUTCHERING,chainabuse_crawl,PIGBUTCHERING,votes=1;checked=False,2026-01-25
TokenkegQfeZyiNwAJbNbGKPFXCWuBvf9Ss623VQ5DA,SOL,chainabuse:FAKE_PROJECT,chainabuse_crawl,FAKE_PROJECT,votes=1;checked=False,2026-01-25
GFVd4HKbzT1eH63kQKEonj6uhHUn1qTt12yGni7UvMjD,SOL,chainabuse:OTHER,chainabuse_crawl,OTHER,votes=1;checked=False,2026-01-25
cKxZDGKHh8zsPM7GBFZHhsdGCsNeDquznbktg1eSroT,SOL,chainabuse:PHISHING,chainabuse_crawl,PHISHING,votes=1;checked=False,2026-01-24
DYuR2NGDvtfVyUnEskomkoymnwvC1M8byJHyseZ8vrSk,SOL,chainabuse:FAKE_RETURNS+PIGBUTCHERING,chainabuse_crawl,FAKE_RETURNS|PIGBUTCHERING,votes=1;checked=False,2026-01-23
6TFv5atgoCaPaFXxFip6SFgBL2BJEhUhP4fv4CL5dsS8,SOL,chainabuse:FAKE_RETURNS+OTHER+RANSOMWARE,chainabuse_crawl,FAKE_RETURNS|OTHER|RANSOMWARE,label=Wallet the the scammer se;votes=2;checked=False,2026-01-23
7cDascijhs5HpFSzqjrDyfBakyYFSEKuvv2K2sPQFokj,SOL,chainabuse:FAKE_RETURNS,chainabuse_crawl,FAKE_RETURNS,votes=1;checked=False,2026-01-23
ACmrDKaktvpBJcWmkKDqArPKYknYAhXiRBPwaiqbSqQS,SOL,chainabuse:FAKE_PROJECT,chainabuse_crawl,FAKE_PROJECT,votes=1;checked=False,2026-01-23
FN4Jb89eBAWU2rTGsmnoBs4ATALoQk2rghpFN27vmh9T,SOL,chainabuse:FAKE_RETURNS,chainabuse_crawl,FAKE_RETURNS,votes=1;checked=False,2026-01-23
9GFhNuKRPwQ45WuUmK8opLUFAYRJGg2Jwq3smp9Bmupf,SOL,chainabuse:OTHER,chainabuse_crawl,OTHER,votes=1;checked=False,2026-01-23
8X1pPbwF7S3YBD2umPP1DSqfWvKiwCgRHUPfVHKLtTX1,SOL,chainabuse:FAKE_PROJECT,chainabuse_crawl,FAKE_PROJECT,votes=1;checked=False,2026-01-23
EUHYRSfcLaZFNxpTgMpXE3hrTkhseq3Kp4mAG7La6GB6,SOL,chainabuse:FAKE_PROJECT,chainabuse_crawl,FAKE_PROJECT,votes=1;checked=False,2026-01-22
7J1jmabKcsnogML6AMrkrc5FdRARpZp9Ug2MSbS82XsL,SOL,chainabuse:FAKE_PROJECT,chainabuse_crawl,FAKE_PROJECT,votes=1;checked=False,2026-01-22
7dcj6gRhWCkcajDMWgDQNuQhCzENJQAqFKhiu5DFA4Vg,SOL,chainabuse:CONTRACT_EXPLOIT,chainabuse_crawl,CONTRACT_EXPLOIT,label=-1.99 SOL;votes=1;checked=False,2026-01-22
CwHRYwRjtpwYwAcS2h1KMzXFwNEXBnhcneeJo7B4uaF,SOL,chainabuse:OTHER_HACK,chainabuse_crawl,OTHER_HACK,votes=1;checked=False,2026-01-21
5nkMJZbW2CuKYGKNazS4v7VDELj6a67QocAuJDoG7suG,SOL,chainabuse:PHISHING,chainabuse_crawl,PHISHING,votes=1;checked=False,2026-01-20
DCiEC4ZuVyb7FzRNLTSgbRfSNnKYTkSB1C5zPo6PYucF,SOL,chainabuse:SEXTORTION,chainabuse_crawl,SEXTORTION,votes=1;checked=False,2026-01-20
6MMnbbdpPwtyeyCAoE8mJRtU3b7XHmH6xapGg8yQXxmN,SOL,chainabuse:FAKE_RETURNS,chainabuse_crawl,FAKE_RETURNS,votes=1;checked=False,2026-01-20
H8mr7q6ZRNfGH9hSbyRLYxCQwrJtDkfyePXwN3Fkezak,SOL,chainabuse:IMPERSONATION,chainabuse_crawl,IMPERSONATION,votes=1;checked=False,2026-01-20
9vGxxYaCK7C5QJmbsPawK2ApxGGjcBpFMFWhM82u9ipj,SOL,chainabuse:OTHER_HACK,chainabuse_crawl,OTHER_HACK,label=Attacker wallet – unautho;votes=1;checked=False,2026-01-20
55PbKsmJWSkqqHUtYHpvuQSNQJAQSwHbjvm7rTh81y2L,SOL,chainabuse:PHISHING,chainabuse_crawl,PHISHING,votes=1;checked=False,2026-01-20
AMsBjexKjkZkS4fQ1SiXh2QERCw7XraR7tdo7UmDF5Bm,SOL,chainabuse:FAKE_RETURNS,chainabuse_crawl,FAKE_RETURNS,votes=1;checked=False,2026-01-20
CZrjCK4bawz7hE2VC8FMVcfTrzeDL1XNprB4hGZ1AA3e,SOL,chainabuse:AIRDROP+FAKE_RETURNS+IMPERSONATION+OTHER+OTHER_HACK,chainabuse_crawl,AIRDROP|FAKE_RETURNS|IMPERSONATION|OTHER|OTHER_HACK,label=TrustWallet active $60K;votes=1;checked=False,2026-01-19
DAT4WLVRsmgQL9fHF3BsvefPUgzWYDriK4TQRKY1WZ1u,SOL,chainabuse:OTHER_HACK,chainabuse_crawl,OTHER_HACK,votes=1;checked=False,2026-01-19
GcHfA4w5iwZAtzCHLNWRbSvQdvUtRbvv3XcBnTbDAikd,SOL,chainabuse:OTHER_HACK,chainabuse_crawl,OTHER_HACK,votes=1;checked=False,2026-01-19
DLWhcqU2gw1HfwZMiUQLRFc1GE1ERFcqMBDUbszJoA2d,SOL,chainabuse:OTHER_HACK,chainabuse_crawl,OTHER_HACK,votes=1;checked=False,2026-01-19
9xPmC2pYJWz4oDmBB3ffiyKaiJF84NF5Sujvg89tD453,SOL,chainabuse:OTHER,chainabuse_crawl,OTHER,votes=1;checked=False,2026-01-18
3T3uMgqSp912cpFvnyJ9FmgLCbXE5JcCgJuZUt9FHByA,SOL,chainabuse:FAKE_RETURNS,chainabuse_crawl,FAKE_RETURNS,votes=1;checked=False,2026-01-18
DwdrYTtTWHfnfJBiN2RH6EgPbquDQLjZTfTwpykPEq1g,SOL,chainabuse:AIRDROP,chainabuse_crawl,AIRDROP,votes=2;checked=False,2026-01-17
4yBk3SRhWQuVmgKtX3JDkgcnfmq1y1BnY6dQJ8jN4p9m,SOL,chainabuse:PHISHING,chainabuse_crawl,PHISHING,votes=1;checked=False,2026-01-17
9Eu26kHFaR6nNdA4iy5vrJwDqKSYwZzv19k2NPqLa5Dg,SOL,chainabuse:OTHER+OTHER_HACK,chainabuse_crawl,OTHER|OTHER_HACK,votes=1;checked=False,2026-01-16
5Lf7M1JnPxzRgGCEnM4PrtY2SPDeCMrgJorQBECfiTnT,SOL,chainabuse:OTHER,chainabuse_crawl,OTHER,votes=1;checked=False,2026-01-16
CD4bDQheDhg1FMMtcknfKE3pBBWW4yUCKchQTBW11Txo,SOL,chainabuse:OTHER_HACK,chainabuse_crawl,OTHER_HACK,votes=1;checked=False,2026-01-16
5Je4abvvPgguhRAQvm9gmvVi4oSiK25kJaLF5xt9y96p,SOL,chainabuse:OTHER_HACK,chainabuse_crawl,OTHER_HACK,votes=1;checked=False,2026-01-16
64WN5fF6VTnXnHA4zLKnTnpzMRD9s7X8H9BEzVwypump,SOL,chainabuse:IMPERSONATION,chainabuse_crawl,IMPERSONATION,label=vampower;votes=1;checked=False,2026-01-16
GKJBELftW5Rjg24wP88NRaKGsEBtrPLgMiv3DhbJwbzQ,SOL,chainabuse:FAKE_RETURNS+OTHER_BLACKMAIL+OTHER_HACK,chainabuse_crawl,FAKE_RETURNS|OTHER_BLACKMAIL|OTHER_HACK,votes=1;checked=False,2026-01-16
HwddWRM6EAs1UG1NN5W2LSo7cDa4nJxHMaaAEErTxd89,SOL,chainabuse:FAKE_PROJECT,chainabuse_crawl,FAKE_PROJECT,votes=1;checked=False,2026-01-16
92aVCk2nE7Pk8e2NtvJoztmwgjnMnBAuqhcnGMUn6oon,SOL,chainabuse:OTHER_HACK,chainabuse_crawl,OTHER_HACK,votes=1;checked=False,2026-01-16
4TCoj4wtiC3gpHzW28qh4GqKyegFST3J21XJBQrXY8Dh,SOL,chainabuse:OTHER_HACK,chainabuse_crawl,OTHER_HACK,votes=1;checked=False,2026-01-15
J4bfibPboEVczp8dWRrCWV8uef1WsP26SYGNrV5CnHq8,SOL,chainabuse:OTHER_HACK+PHISHING,chainabuse_crawl,OTHER_HACK|PHISHING,votes=1;checked=False,2026-01-15
6euSh8RsLtHoQBFzH9aAVZMLHZvCFZhatjnbCDUn99q7,SOL,chainabuse:OTHER_HACK,chainabuse_crawl,OTHER_HACK,votes=1;checked=False,2026-01-15
AHkitG2B9KTHXtc5nyun96tPEx3QJajP85NXxaiG2cM5,SOL,chainabuse:RUG_PULL,chainabuse_crawl,RUG_PULL,label=Token adress ;votes=1;checked=False,2026-01-14
23qTB5EUdKp3mPPqLT8QyNvKzLiYZJRT3qektUJVSetF,SOL,chainabuse:FAKE_RETURNS,chainabuse_crawl,FAKE_RETURNS,votes=1;checked=False,2026-01-14
CC1aA2T8WVKASiurHaJt7ivL32TpJi6gt9dggj2LEtE1,SOL,chainabuse:OTHER_HACK,chainabuse_crawl,OTHER_HACK,votes=1;checked=False,2026-01-13
AcJ7iWoHRLN2AsnzGRq6GmuGqs3UT4d4APGrErx4bYih,SOL,chainabuse:PHISHING,chainabuse_crawl,PHISHING,votes=1;checked=False,2026-01-13
CiiAh9YUf7o6Vh73ZFJ8nMMTQdCKwHfBWLFmKGoCqGxv,SOL,chainabuse:PHISHING,chainabuse_crawl,PHISHING,label=3aDcJtddkc39V4vQi8VBFCBQ3;votes=1;checked=False,2026-01-12
BFQi3ZXEzLuxhPeUNRQMx4k8zfvcpJvMc4R7sjYg1pXn,SOL,chainabuse:CONTRACT_EXPLOIT,chainabuse_crawl,CONTRACT_EXPLOIT,votes=1;checked=False,2026-01-12
HsLLNQjk7BstoQWTQnk5cFnpLMW1is2LZwznrTx9fads,SOL,chainabuse:SEXTORTION,chainabuse_crawl,SEXTORTION,votes=1;checked=False,2026-01-12
5QPbtrWQ13ZEi17WZKVVNX2ckRurNKW3SgH9RvFJHjjm,SOL,chainabuse:PHISHING,chainabuse_crawl,PHISHING,votes=1;checked=False,2026-01-12
8Vxa4CbMtidqhNzs18ud6RyUUKWaZY1LCqgb4MgkcC3E,SOL,chainabuse:PHISHING,chainabuse_crawl,PHISHING,votes=1;checked=False,2026-01-12
9u8q3uNCRjcmZm5iK2YUR3UVnzQ5vZVUGbPhjSPpU93m,SOL,chainabuse:FAKE_PROJECT,chainabuse_crawl,FAKE_PROJECT,votes=1;checked=False,2026-01-11
8TYgmNgRfhYEKonTSnDuc8Ur1oDJVFHjYfCZUB2jknRi,SOL,chainabuse:PHISHING,chainabuse_crawl,PHISHING,votes=1;checked=False,2026-01-11
3HgHMLS3o1oqM4mfJZNw8SKTsnRPeGQBFQo4C9fghD7Z,SOL,chainabuse:IMPERSONATION,chainabuse_crawl,IMPERSONATION,votes=1;checked=False,2026-01-11
FAdXWtBnAgeS4pwL7CLPHVMrnmbqxSb21VnQ5N9gWwqE,SOL,chainabuse:OTHER+RUG_PULL,chainabuse_crawl,OTHER|RUG_PULL,label=Transit ;votes=1;checked=False,2026-01-10
FArDgWGo5ojumaA5BqFvGjGosZT1KaQM4qYBBYXFWNBo,SOL,chainabuse:OTHER,chainabuse_crawl,OTHER,label=token adress ;votes=1;checked=False,2026-01-10
9JoABPvAk9WWAFVgLJpUVaXtnS5B73LVk3VxhKEEz5MY,SOL,chainabuse:SIM_SWAP,chainabuse_crawl,SIM_SWAP,votes=1;checked=False,2026-01-10
84gGQ5DqYqu8Kxkvq7zoAfAsnXU1tfKtdGo1jyaJh2iZ,SOL,chainabuse:OTHER,chainabuse_crawl,OTHER,votes=1;checked=False,2026-01-10
DDgtDqkQWHSYHdp27JQMioLndpXWZ2Nt7fgafwNqEygY,SOL,chainabuse:FAKE_RETURNS,chainabuse_crawl,FAKE_RETURNS,votes=1;checked=False,2026-01-10
4vKxXyG9L6m4R8A5pQW8Z7fT1vB3nC2mD1sE4rF5tG6h,SOL,chainabuse:RUG_PULL,chainabuse_crawl,RUG_PULL,label=Consolidator/Deployer/Mai;votes=1;checked=False,2026-01-10
4CiEetx74hMJmWJXqxUKT5gnofNxZL5y4gfi5N8WhhnX,SOL,chainabuse:RUG_PULL,chainabuse_crawl,RUG_PULL,votes=1;checked=False,2026-01-09
4vHfvcTHjU7iDw7kvN1UHnhWAy2cGT6aKGor9sA5qFhm,SOL,chainabuse:IMPERSONATION,chainabuse_crawl,IMPERSONATION,label=Scammer's Address;votes=1;checked=False,2026-01-08
6NYj94wfaYZVKMtVMavEn3F4vkxh8svNRoKmpydAEKre,SOL,chainabuse:PHISHING,chainabuse_crawl,PHISHING,votes=1;checked=False,2026-01-07
6Uus4Hxoqu6YhM5XAjJK2f3hcCXDBEPcttgv9JWdsHi4,SOL,chainabuse:FAKE_PROJECT,chainabuse_crawl,FAKE_PROJECT,label=mian;votes=1;checked=False,2026-01-07
bTNzZFgo35hFXHXoWALT7aXTPAYgytJbXEp9QGyszda,SOL,chainabuse:FAKE_PROJECT,chainabuse_crawl,FAKE_PROJECT,label=sub;votes=1;checked=False,2026-01-07
9rNvefcp16U4ZeTHyVioLiXdnVfJkxmeB7rno6igDESi,SOL,chainabuse:FAKE_PROJECT,chainabuse_crawl,FAKE_PROJECT,label=sub;votes=1;checked=False,2026-01-07
7TqCk8Sr5figrYuu288G3n5DWppjAvWAtEAgAkmhpump,SOL,chainabuse:IMPERSONATION,chainabuse_crawl,IMPERSONATION,label=Impersonation token mint ;votes=1;checked=False,2026-01-07
58SgkkXPcVihx7AnmC2BbRXcQTCU9yCTiiwdMvbGSdfL,SOL,chainabuse:PHISHING,chainabuse_crawl,PHISHING,label=scammer;votes=1;checked=False,2026-01-07
BQGDTT9WmWkTQy1Qo1gEGz7kBbXvxM8LFNYvtQT6DzSc,SOL,chainabuse:OTHER_HACK,chainabuse_crawl,OTHER_HACK,votes=1;checked=False,2026-01-06
2D4rSyATw7k1cjkgVKrFpupAX4RD91trEpiG4qXSeyhE,SOL,chainabuse:IMPERSONATION,chainabuse_crawl,IMPERSONATION,votes=1;checked=False,2026-01-06
ASpsudh3CQmMn5stjUw55sV6jykUCpmVhTzXGY9wN61v,SOL,chainabuse:IMPERSONATION,chainabuse_crawl,IMPERSONATION,votes=1;checked=False,2026-01-05
6zLpusk3WPbTn8hmW8oNy3FGK2F6JpvdeaXMsmmWd2Fw,SOL,chainabuse:OTHER,chainabuse_crawl,OTHER,votes=1;checked=False,2026-01-05
Hyf32AY5UTnTxpDPAfRwhf8nxeygc59ZvBbXKUoJqz4j,SOL,chainabuse:OTHER_BLACKMAIL,chainabuse_crawl,OTHER_BLACKMAIL,votes=1;checked=False,2026-01-05
EkFnufztWmGfVNrcLzwk2DArd7ZxsNY41PoTNufx6K98,SOL,chainabuse:FAKE_RETURNS,chainabuse_crawl,FAKE_RETURNS,votes=1;checked=False,2026-01-04
2q5n1zwPUCsMzUpAY6LxuSbpAS2B2t42YNsjy82ohGKB,SOL,chainabuse:PHISHING,chainabuse_crawl,PHISHING,votes=1;checked=False,2026-01-04
GoPsUdin4wt5Z4wKwLsbNpYZwgXafSt7gtuZaomnQ19h,SOL,chainabuse:PHISHING,chainabuse_crawl,PHISHING,votes=-1;checked=False,2026-01-03
4nZ4wY6Rikxwtynwkr9VH9xBpFam45gigzjQ4B731TLL,SOL,chainabuse:OTHER+PHISHING,chainabuse_crawl,OTHER|PHISHING,votes=1;checked=False,2026-01-03
CdN7ZffGUaiHL5DQqZAduCZXzSW1w65eWwqhLfzTmwZK,SOL,chainabuse:OTHER_BLACKMAIL,chainabuse_crawl,OTHER_BLACKMAIL,votes=1;checked=False,2026-01-03
D4AqYLa2iT6FgiDLhZeQyvGYKfAbdaeUR1RZm1aMX8hD,SOL,chainabuse:FAKE_PROJECT,chainabuse_crawl,FAKE_PROJECT,label=Token Creator;votes=1;checked=False,2026-01-03
5S5PKQiBSQkdd21TQ8Jbr9ohNsafFQ5KK1h4Hc5RjMe,SOL,chainabuse:FAKE_RETURNS,chainabuse_crawl,FAKE_RETURNS,label=markemerwinko;votes=1;checked=False,2026-01-02
GrUmFvDFTpHCE8xR9nxktzFrmG9HX3txTEKYkVVodHG6,SOL,chainabuse:OTHER_HACK,chainabuse_crawl,OTHER_HACK,votes=1;checked=False,2026-01-01
mQg67LtSr5KXAb2d8Lq55P3VMXqSuyDke27TEjgxjnC,SOL,chainabuse:OTHER_HACK,chainabuse_crawl,OTHER_HACK,label=Hacker SOL Address 1;votes=1;checked=False,2026-01-01
BiJitYCiwKnfZnuYHt1vHhw1ozSTQmqR38ZGVTeyv7kh,SOL,chainabuse:OTHER_HACK,chainabuse_crawl,OTHER_HACK,votes=1;checked=False,2025-12-31
2EBghvUfKR3XhV3Tf14nLui41B1zvjq6qKBTcGZvj2G3,SOL,chainabuse:PHISHING,chainabuse_crawl,PHISHING,votes=1;checked=False,2025-12-31
RsBZdwxLw329HwtxVS2xijXepHvot2d9BxXtBqzkzPR,SOL,chainabuse:IMPERSONATION+PHISHING,chainabuse_crawl,IMPERSONATION|PHISHING,votes=1;checked=False,2025-12-31
GESwNMWmHPTvzbSVUbHVL9nFyGjEhMEP6jvYz9SHyqim,SOL,chainabuse:PHISHING,chainabuse_crawl,PHISHING,votes=1;checked=False,2025-12-31
AKznyuaR9vP8Yd3kEA9P8wDnFWwUBkbMHwPhz8pyZor6,SOL,chainabuse:JOB_SCAM,chainabuse_crawl,JOB_SCAM,votes=1;checked=False,2025-12-31
3XEy6xysVNTXgszGhi1Zwmp6Z9imG8nrknxDmMKN5kvu,SOL,chainabuse:FAKE_RETURNS,chainabuse_crawl,FAKE_RETURNS,votes=1;checked=False,2025-12-30
3RnyMAUCujfTCcZ5mYxin5oCKC2TDkEfTkEUqJnA83uD,SOL,chainabuse:OTHER_HACK,chainabuse_crawl,OTHER_HACK,votes=1;checked=False,2025-12-30
BitcoinCJ3k21X3Sik1taX9iaheNLKa2nzLVZT6Wt9VM,SOL,chainabuse:AIRDROP+FAKE_PROJECT,chainabuse_crawl,AIRDROP|FAKE_PROJECT,label=Test label;votes=1;checked=False,2025-12-29
FuMtvQg2zmXw74KJKiUHmmaedJzZXzbDc95FUP28x9dc,SOL,chainabuse:OTHER_HACK,chainabuse_crawl,OTHER_HACK,votes=1;checked=False,2025-12-29
CjKeaK2KuP7vgEyj1AzJJss4gaZGaVhBXpxQtaZMDjMv,SOL,chainabuse:RUG_PULL,chainabuse_crawl,RUG_PULL,label=the one that rug pulled;votes=1;checked=False,2025-12-28
HJ7RS5qx8bfxF7r3sCzC6v9wbuWrfkL3dcUaiMZkntYF,SOL,chainabuse:RUG_PULL,chainabuse_crawl,RUG_PULL,label=another wallet address;votes=1;checked=False,2025-12-28
5ewU2tGgWgGzb5oVgzb1ZJ5RbBMRDbfkuUp247ZnKpNo,SOL,chainabuse:RUG_PULL,chainabuse_crawl,RUG_PULL,votes=1;checked=False,2025-12-28
G1d6V7EmEhyakuTo3YspEJWLV8h2zfWR7yztBMGxRVFv,SOL,chainabuse:RUG_PULL,chainabuse_crawl,RUG_PULL,votes=1;checked=False,2025-12-28
EYocJVWNwLdhRSxd2P7Htkh8h6QsFp2r59GhfE7KFYsT,SOL,chainabuse:RUG_PULL,chainabuse_crawl,RUG_PULL,label=creator wallet;votes=1;checked=False,2025-12-28
TUMq1cyWzCdW6GBKqSSreknZtJjwTAvQKmB2RA1BrFZ,SOL,chainabuse:PHISHING,chainabuse_crawl,PHISHING,votes=1;checked=False,2025-12-28
AxiomRXZAq1Jgjj9pHmNqVP7Lhu67wLXZJZbaK87TTSk,SOL,chainabuse:PHISHING,chainabuse_crawl,PHISHING,votes=1;checked=False,2025-12-28
4h1a91gZjSEAeupd6doFe8hKYRvhC1NKUeun1UgSBobK,SOL,chainabuse:OTHER_HACK,chainabuse_crawl,OTHER_HACK,label=Tokens swapped wallet;votes=1;checked=False,2025-12-28
A3mfgtAowfvHicYjNSdDbx183tGkJamSh5vywpLSXLcm,SOL,chainabuse:OTHER_HACK,chainabuse_crawl,OTHER_HACK,label=My wallets;votes=1;checked=False,2025-12-28
Au5CyA461BBCehd6LLTyvKRZqzssU3PoLMAVRYcZ9BiU,SOL,chainabuse:CONTRACT_EXPLOIT,chainabuse_crawl,CONTRACT_EXPLOIT,votes=1;checked=False,2025-12-27
Du6TBoX6fJgoec6BwZUyjmnzctoH5mpHDqMmbbzY4qtH,SOL,chainabuse:PIGBUTCHERING,chainabuse_crawl,PIGBUTCHERING,votes=2;checked=False,2025-12-27
D46RmgGrzXNAxh4tDg8GuDthSi9T2wDjqfhaoCrqpqRy,SOL,chainabuse:PHISHING,chainabuse_crawl,PHISHING,label=Scam;votes=1;checked=False,2025-12-27
faczL4zr9Ss5U3sN829LgykeUZQ8BiNqkXPub6nUSHe,SOL,chainabuse:OTHER,chainabuse_crawl,OTHER,votes=1;checked=False,2025-12-26
FzZ77TM8Ekcb6gyWPmcT9upWkAZKZc5xrYfuFu7pifPn,SOL,chainabuse:FAKE_RETURNS+IMPERSONATION,chainabuse_crawl,FAKE_RETURNS|IMPERSONATION,label=3° wallet;votes=1;checked=False,2025-12-26
FSiLUv1VryAiuJKssj4ZAEcYpUfCVithUDe7px7hcCQ6,SOL,chainabuse:FAKE_RETURNS,chainabuse_crawl,FAKE_RETURNS,votes=1;checked=False,2025-12-26
SAcHiYijzFQxerTHDzEtQadyQ1E1VdxZZxfUqznC96f,SOL,chainabuse:RUG_PULL,chainabuse_crawl,RUG_PULL,label=SACHI;votes=1;checked=False,2025-12-25
5anqhRnEBAyrCgA6P8Dg74fmU2dhzwr2UMiN5dxUPkv2,SOL,chainabuse:OTHER+OTHER_HACK,chainabuse_crawl,OTHER|OTHER_HACK,votes=1;checked=False,2025-12-25
CPFtKm1ePFjyh1DuwXwExGV6fBujqyVTCq94fTTTLezt,SOL,chainabuse:PHISHING,chainabuse_crawl,PHISHING,votes=1;checked=False,2025-12-24
J82BN4pqPAWce5S2UaoMqsGF6jYxRLU1N6FAT7J2gBYP,SOL,chainabuse:PHISHING,chainabuse_crawl,PHISHING,votes=1;checked=False,2025-12-24
4GTCg9oPHH3ciKdqA17f5AJ4rgMzxKLSfNVSZtniKLWW,SOL,chainabuse:PHISHING,chainabuse_crawl,PHISHING,votes=1;checked=False,2025-12-23
6Pzmd4CnznTq5gMxnvocvxrn1MMbeZhJnd8JFofW47Fn,SOL,chainabuse:OTHER,chainabuse_crawl,OTHER,votes=0;checked=False,2025-12-23
Gcf6eXMCZ4iwQUun4a1mbkGLaW69FxCyc6a31rrXmpj,SOL,chainabuse:OTHER_HACK,chainabuse_crawl,OTHER_HACK,label=HACKER;votes=1;checked=False,2025-12-23
5q26UTsUtdSRsGoTF1PA7YPq6nBgDtytPrfaNcQMd228,SOL,chainabuse:RUG_PULL,chainabuse_crawl,RUG_PULL,votes=1;checked=False,2025-12-23
C1AkonUutyfvEG8ZixqUjQ5kFnszGgaAWf7xPzuVKHiW,SOL,chainabuse:IMPERSONATION,chainabuse_crawl,IMPERSONATION,label=Impersonation;votes=1;checked=False,2025-12-22
B7k84ZKHRkWEMZfTsFSFg6PucMtZPPRuGBU8asD6zmAa,SOL,chainabuse:ROMANCE,chainabuse_crawl,ROMANCE,votes=1;checked=False,2025-12-21
8jbMFTqgMmUvXjLmYY7ipcpdMjE5833i8f57EcExyZJe,SOL,chainabuse:AIRDROP,chainabuse_crawl,AIRDROP,label=WHALESGOAT;votes=1;checked=False,2025-12-20
23YzTvECHkmLgoaM4pt2JwSVL4urtT7VdpY9JoLyTt2Z,SOL,chainabuse:FAKE_RETURNS,chainabuse_crawl,FAKE_RETURNS,votes=1;checked=False,2025-12-20
CNfQ7GFz4581akXBNeM4XYfP6x5dhZ2dogGLnMZ1yfyE,SOL,chainabuse:PIGBUTCHERING,chainabuse_crawl,PIGBUTCHERING,votes=1;checked=False,2025-12-19
9yjz23FXhp9gjH42azk8UhKrkcoFa3zHVByTP79fEpeM,SOL,chainabuse:PIGBUTCHERING,chainabuse_crawl,PIGBUTCHERING,votes=1;checked=False,2025-12-19
CCJArBBsvkKrgKZ3XthqSocHdgBpAjzhTm8GTrF9CLsm,SOL,chainabuse:OTHER_HACK,chainabuse_crawl,OTHER_HACK,votes=1;checked=False,2025-12-18
Dfh5DzRgSvvCFDoYc2ciTkMrbDfRKybA4SoFbPmApump,SOL,chainabuse:AIRDROP+RUG_PULL,chainabuse_crawl,AIRDROP|RUG_PULL,votes=1;checked=False,2025-12-17
E9vf42zJXFv8Ljop1cG68NAxLDat4ZEGEWDLfJVX38GF,SOL,chainabuse:OTHER_BLACKMAIL,chainabuse_crawl,OTHER_BLACKMAIL,votes=1;checked=False,2025-12-16
GmNtWUqn6xAATrC7m3Zpdx7p6VViao8nCDbC8pVWDhrc,SOL,chainabuse:FAKE_PROJECT,chainabuse_crawl,FAKE_PROJECT,votes=1;checked=False,2025-12-16
4495BKqujGPMuM2ifVYXgYGjpmHoy3e6RwZzix5uHJJC,SOL,chainabuse:OTHER_BLACKMAIL,chainabuse_crawl,OTHER_BLACKMAIL,votes=1;checked=False,2025-12-15
4q9N4xYKbLV1DmviwoJ5ssznx57FYPDjNjMXTCuv7pmD,SOL,chainabuse:OTHER_HACK,chainabuse_crawl,OTHER_HACK,votes=1;checked=False,2025-12-15
4NhNTgqVJ31jjsZnjmcziN1rWwDrPsyQiYePUoq7qGJa,SOL,chainabuse:RUG_PULL,chainabuse_crawl,RUG_PULL,votes=1;checked=False,2025-12-15
F8DzCnqXwfJWVtNfQdtuoKMWtR6yWaeB3MTRe1yxnu2P,SOL,chainabuse:RUG_PULL,chainabuse_crawl,RUG_PULL,votes=1;checked=False,2025-12-15
G7ABfXzioqRAFyqTBERWb2PEZaeQG2T36RnwCXGPs4cs,SOL,chainabuse:RUG_PULL,chainabuse_crawl,RUG_PULL,votes=1;checked=False,2025-12-15
3Ma7LANbuJqNqgsYdkgKrVLsmK2XmPCqgfdSXMnMR5au,SOL,chainabuse:RUG_PULL,chainabuse_crawl,RUG_PULL,votes=1;checked=False,2025-12-15
J6mcJpTjX9SU5hktsxxSkmMFYvXsRRFxF5wqRj8rhv9p,SOL,chainabuse:RUG_PULL,chainabuse_crawl,RUG_PULL,votes=1;checked=False,2025-12-15
DEsSF1f39vPJtN2PRgsem6Y6ZXhKqiM1kGxQzuhiLTFE,SOL,chainabuse:RUG_PULL,chainabuse_crawl,RUG_PULL,votes=1;checked=False,2025-12-15
3v1UULYxU6FeCyCmaQmiYza1vUmDs4TdxWjRTrjFCjFj,SOL,chainabuse:RUG_PULL,chainabuse_crawl,RUG_PULL,votes=1;checked=False,2025-12-15
HJA9v1JYcvdzbPUw4pcJcXdmmDcLoaDZ4F7iFYZknTXe,SOL,chainabuse:OTHER,chainabuse_crawl,OTHER,votes=1;checked=False,2025-12-15
GQgrnpVomykamvE6ta46EuBTy85ZLvHtnRUJszTqm2EW,SOL,chainabuse:OTHER_HACK,chainabuse_crawl,OTHER_HACK,votes=1;checked=False,2025-12-14
CZ1xMgChgpkpgHFR8pTu7ghnsFu2HvrZvgrWWCgSZ3xn,SOL,chainabuse:DONATION_SCAM,chainabuse_crawl,DONATION_SCAM,votes=1;checked=False,2025-12-14
7VAN6cpNF5UqGwhf9hQnu6BmNr4yDzAFrP1VGQE6oiAd,SOL,chainabuse:PHISHING,chainabuse_crawl,PHISHING,votes=1;checked=False,2025-12-14
4zgFukCKd6gLNh9jJJ7nQWAQBbmYhWuMWrh43NYL1LSN,SOL,chainabuse:FAKE_RETURNS,chainabuse_crawl,FAKE_RETURNS,votes=2;checked=False,2025-12-13
7FeBL5D5BAkQaEReFuCkYpxGEuFipReUEktrzt9MM9Zm,SOL,chainabuse:PHISHING,chainabuse_crawl,PHISHING,votes=1;checked=False,2025-12-13
7uTC1FJxwkp87aFLedC4QGHS7FeP2wSskHpp2DfUoXqC,SOL,chainabuse:PHISHING,chainabuse_crawl,PHISHING,votes=1;checked=False,2025-12-13
H24F7Eb1uN1N2K1t4PYWWakH3cSoLakZfp1ndPjoRXWE,SOL,chainabuse:FAKE_RETURNS,chainabuse_crawl,FAKE_RETURNS,votes=2;checked=False,2025-12-13
7ck92B5QjpJwmZKqyKN6SsXC9REPDMSCKnJTo1TwkEY2,SOL,chainabuse:PHISHING,chainabuse_crawl,PHISHING,votes=1;checked=False,2025-12-12
HiGZpZbPAVbmf1iuqLkdBowT54qqp9YiVjhuUqBjx6vq,SOL,chainabuse:PHISHING,chainabuse_crawl,PHISHING,votes=1;checked=False,2025-12-12
9ERkhPKyPecfshR6VLhuQYamC7Z8fCo2Bp2AcizF2BR8,SOL,chainabuse:OTHER_HACK,chainabuse_crawl,OTHER_HACK,label=first;votes=2;checked=False,2025-12-12
FcwYnoSQqHovJjMf3eAPYDZueCVtPs7d3LewAKgaaMvK,SOL,chainabuse:PHISHING,chainabuse_crawl,PHISHING,votes=0;checked=False,2025-12-11
5b1bjErSWFrKv9BgEaWotoCrCUo4ySTaV1NiR6DU3YzM,SOL,chainabuse:OTHER_HACK,chainabuse_crawl,OTHER_HACK,votes=1;checked=False,2025-12-11
CkJooo5SQ5F27P6zz7627Hnt7jApizRQ2vyjLQScuNC7,SOL,chainabuse:OTHER_HACK,chainabuse_crawl,OTHER_HACK,votes=1;checked=False,2025-12-11
8SHC8S8K9U7rTJfcNEyRa8LZyJ8ttAmySr776w1E9yek,SOL,chainabuse:OTHER_HACK,chainabuse_crawl,OTHER_HACK,label=scammer wallet;votes=1;checked=False,2025-12-10
8rp758uYxhDzAHMewoZoyaxEhnDnPYduHxfFhVfB2m8,SOL,chainabuse:OTHER_BLACKMAIL,chainabuse_crawl,OTHER_BLACKMAIL,label=paramı caldıgı adres;votes=1;checked=False,2025-12-10
B9S3VKg76Mst3oqnTbw5vzid2dBnB2iUwQaDCrD1yjwb,SOL,chainabuse:PHISHING,chainabuse_crawl,PHISHING,votes=1;checked=False,2025-12-10
2YS8eAmg1dv2SS7QFAcsk4sp7mJVqW5Lun11EB313ijw,SOL,chainabuse:PHISHING,chainabuse_crawl,PHISHING,votes=1;checked=False,2025-12-10
FJs5xARSXEqQwRj1BgaFpBUjcukCQ7FQ5QUBUQK6xjYq,SOL,chainabuse:IMPERSONATION,chainabuse_crawl,IMPERSONATION,label=LedgerScam;votes=1;checked=False,2025-12-09
7EdU9itYpQtJWNvLU2MHXogVf2tJD6FGchDumNK4wJKZ,SOL,chainabuse:OTHER_HACK,chainabuse_crawl,OTHER_HACK,votes=1;checked=False,2025-12-09
FgsRpBMP2YK3VEYKV84j39RsHaGbnxda65FnBoPksptJ,SOL,chainabuse:PHISHING,chainabuse_crawl,PHISHING,votes=1;checked=False,2025-12-08
BMnT51N4iSNhWU5PyFFgWwFvN1jgaiiDr9ZHgnkm3iLJ,SOL,chainabuse:OTHER_HACK,chainabuse_crawl,OTHER_HACK,label=merket maker;votes=1;checked=False,2025-12-08
BApztGvQskwW45vMLJqBkcJypPtDz4wfuJv1RZ9mA6Cd,SOL,chainabuse:PHISHING,chainabuse_crawl,PHISHING,votes=1;checked=False,2025-12-08
7aq7232zmJJRBkp46S8UL3xVJHBuoV7VzyqNmV5kuPiX,SOL,chainabuse:PHISHING,chainabuse_crawl,PHISHING,votes=1;checked=False,2025-12-08
HiAqnGfuWzGDaff9TacjRv13AFNSkmHPficZStWN522r,SOL,chainabuse:OTHER_HACK,chainabuse_crawl,OTHER_HACK,votes=1;checked=False,2025-12-08
4bnQ6HhsQrWZkm2HuTgSHJMm15EMZhmuC7ihj32SahRB,SOL,chainabuse:PHISHING,chainabuse_crawl,PHISHING,votes=1;checked=False,2025-12-07
7NmSWaSUCco7oVEUvm6v7zFZCAhwQDvrXULqipXF8wge,SOL,chainabuse:PHISHING,chainabuse_crawl,PHISHING,votes=1;checked=False,2025-12-07
HkfrNWPFyKLy73j1xtAEHJmtU4VkFt71roqX11WdCn93,SOL,chainabuse:PHISHING,chainabuse_crawl,PHISHING,votes=1;checked=False,2025-12-07
EApywsX1w5fc8iJUvWNKYnHfojVzbYAGYhzuovJpXkeu,SOL,chainabuse:JOB_SCAM,chainabuse_crawl,JOB_SCAM,votes=1;checked=False,2025-12-06
5DK1z8oLG6XEVJ3NnyAmxN4g1NCrSb2TdnnkGgk3gL7H,SOL,chainabuse:OTHER,chainabuse_crawl,OTHER,votes=1;checked=False,2025-12-06
Gtcgdhhqd7eXyqGE1rBf2p1k4Z1cbUiDuqjtDE15FLrY,SOL,chainabuse:PHISHING,chainabuse_crawl,PHISHING,votes=1;checked=False,2025-12-06
B7sn8nJZtGSQzR7dUwSuLALGWMG16PmASRTqC2Pspump,SOL,chainabuse:RUG_PULL,chainabuse_crawl,RUG_PULL,votes=1;checked=False,2025-12-05
8MV8X38GAKwpe1MLyQ5GYo2zADcHJSvtJgkxpihLmLzR,SOL,chainabuse:OTHER_HACK,chainabuse_crawl,OTHER_HACK,votes=0;checked=False,2025-12-05
5SdNC5758Sc1VcTw1UocrUpwjZPcuAJz1qjY6UVK89NV,SOL,chainabuse:FAKE_PROJECT+PHISHING,chainabuse_crawl,FAKE_PROJECT|PHISHING,label=scam wallet;votes=1;checked=False,2025-12-04
F22mKCAHLNAf7ZjZAzKMaGKBKPcBEwZ2PbHsbMVgkzMD,SOL,chainabuse:OTHER,chainabuse_crawl,OTHER,votes=1;checked=False,2025-12-03
HKB4tLFtzjzWDX8yFr8rEH97CbHVaZv9xQN36mSXrKck,SOL,chainabuse:OTHER_HACK,chainabuse_crawl,OTHER_HACK,votes=1;checked=False,2025-12-03
EQHHueEnpGsUf9zhrJtuNu9N2ysv5A1pc4n6S4wBYn8R,SOL,chainabuse:OTHER_HACK,chainabuse_crawl,OTHER_HACK,votes=1;checked=False,2025-12-03
3HZBDLfqr94HTjVsqe4VvZvFBCkvgrb7UoReukzWSQP8,SOL,chainabuse:PHISHING,chainabuse_crawl,PHISHING,votes=1;checked=False,2025-12-02
EXZ1gBZxxM3oc8vYh7SF5wZCJVfBsY66n7U8vd266RDy,SOL,chainabuse:PHISHING,chainabuse_crawl,PHISHING,label=First account;votes=1;checked=False,2025-12-02
GUUfHdgwYicvVfcPvkVRPSUQqdkukt7835dT6pht8JRo,SOL,chainabuse:PHISHING,chainabuse_crawl,PHISHING,label=Second account;votes=1;checked=False,2025-12-02
BpTHeNQZNgMxa5MRYzL2o6NK2JiB1xg9aY3NJjze24cs,SOL,chainabuse:AIRDROP,chainabuse_crawl,AIRDROP,votes=1;checked=False,2025-12-02
6PbRytzPuKuiamKs7HiFJ1WQLbMoZtz6bZLk5qUMcjqg,SOL,chainabuse:OTHER_HACK,chainabuse_crawl,OTHER_HACK,votes=1;checked=False,2025-12-01
3ipVdVtDJNptohKjcBqzbkxXmfUww4E67yYzPULF5aJ7,SOL,chainabuse:FAKE_RETURNS,chainabuse_crawl,FAKE_RETURNS,votes=1;checked=False,2025-12-01
3BsUKtTkVNSaf3YD6qvMmwwuueb1Fk781ThjSyTMbMtd,SOL,chainabuse:OTHER,chainabuse_crawl,OTHER,votes=1;checked=False,2025-12-01
AwqC8h2eargVCTVNonUU9D9kpYNqsJL5UyymsvAAJive,SOL,chainabuse:FAKE_PROJECT,chainabuse_crawl,FAKE_PROJECT,votes=1;checked=False,2025-12-01
J5LRm8Fvck5NaQHi6bCScUb8SweYwKwqKntoAgoPmVif,SOL,chainabuse:PHISHING,chainabuse_crawl,PHISHING,votes=1;checked=False,2025-12-01
DUGnxSUsonZW2qk3U7CYmvQPsG4GfquP1vxjTakzZUky,SOL,chainabuse:OTHER_HACK+PHISHING,chainabuse_crawl,OTHER_HACK|PHISHING,votes=1;checked=False,2025-11-30
H7e1pUT5SZw39sr2sY483kMTSz1c5bDR3Srg9ipw1u5P,SOL,chainabuse:PHISHING,chainabuse_crawl,PHISHING,votes=1;checked=False,2025-11-30
8PKWBMP2UWojbDcrvSFL8R79PefSwG1ziSoJgdd4fWDm,SOL,chainabuse:OTHER_HACK,chainabuse_crawl,OTHER_HACK,votes=1;checked=False,2025-11-30
EqEAGvDN9W8dJeF4GLLh5AHyT5aiePwr5E2KDhCDk6qJ,SOL,chainabuse:OTHER_HACK,chainabuse_crawl,OTHER_HACK,votes=1;checked=False,2025-11-30
RaynRVQXkq1mgTVF4HqE5Cj9TR6WrXjDsRCsANdQUUZ,SOL,chainabuse:PHISHING,chainabuse_crawl,PHISHING,votes=1;checked=False,2025-11-29
2kqUKARB1Ba2kGDYLcmBYuD3A16AcXC3sWzfTK1DrVah,SOL,chainabuse:OTHER,chainabuse_crawl,OTHER,votes=1;checked=False,2025-11-29
hTx18Ue21yveDhFDaaJZ7QpWCQ2bj7F2N3vsCu1WVFB,SOL,chainabuse:PHISHING,chainabuse_crawl,PHISHING,votes=1;checked=False,2025-11-29
d3x8WZRqBtZBkUmSxGSg63EFqpvDbdstoraw282h2Ua,SOL,chainabuse:OTHER_HACK+PHISHING,chainabuse_crawl,OTHER_HACK|PHISHING,votes=1;checked=False,2025-11-27
DVg1AK6zhe6uC4tRPGhNNWXjG11GRzjDoXc9bwMtQwHr,SOL,chainabuse:SEXTORTION,chainabuse_crawl,SEXTORTION,votes=1;checked=False,2025-11-27
25NxjFrBuCAZyiWVPSCN52GjXYdeJ3R4nVTSuc7ZxXZc,SOL,chainabuse:RUG_PULL,chainabuse_crawl,RUG_PULL,votes=1;checked=False,2025-11-27
6DKvp38A9xf9V3XKQRTLjyedCcW4x2Jzme8iMmweCcKS,SOL,chainabuse:PHISHING,chainabuse_crawl,PHISHING,votes=1;checked=False,2025-11-27
9vecEhk7mqqfSeCbPUP2M8WXVmmCAJCdvVS2oPffvj2m,SOL,chainabuse:OTHER,chainabuse_crawl,OTHER,votes=1;checked=False,2025-11-26
EkaajdZSZwf4SAWL1dYUdh2Zq1bzLYuJ6jZ3BXRNqB8,SOL,chainabuse:IMPERSONATION+PIGBUTCHERING,chainabuse_crawl,IMPERSONATION|PIGBUTCHERING,votes=1;checked=False,2025-11-26
1nc1nerator11111111111111111111111111111111,SOL,chainabuse:ROMANCE,chainabuse_crawl,ROMANCE,votes=1;checked=False,2025-11-25
EkaajdZSZwf4SAWL1dYUdh22q1bzLYuJ6jZ3BXRNqB8,SOL,chainabuse:PIGBUTCHERING,chainabuse_crawl,PIGBUTCHERING,votes=1;checked=False,2025-11-25
Fvj3k2GxWvvEsjKjNaaKznKadGQhZNazZ9RXkWFLZKgP,SOL,chainabuse:IMPERSONATION,chainabuse_crawl,IMPERSONATION,votes=1;checked=False,2025-11-25
Ezum9im3uePikWyHTGWaUwGAStsV392TXCA8vb36eJR6,SOL,chainabuse:PHISHING,chainabuse_crawl,PHISHING,label=rango identity fraud;votes=1;checked=False,2025-11-25
LDn18YuXHyHWjaHCH3A4QKz6snGbhWmAmoU4oZhF2xC,SOL,chainabuse:FAKE_PROJECT,chainabuse_crawl,FAKE_PROJECT,label=$2000 ICO buy;votes=-1;checked=False,2025-11-24
3dWiBYXYvahZqLZT2MkZgXrn66cRFKMFfBm9msVWciMv,SOL,chainabuse:FAKE_PROJECT,chainabuse_crawl,FAKE_PROJECT,label=Drainer;votes=-1;checked=False,2025-11-24
5oxRZFv5t37epUALUH3U2rLzPPkXnyWnM8TQ659r5L11,SOL,chainabuse:AIRDROP+FAKE_PROJECT+FAKE_RETURNS+OTHER+PHISHING,chainabuse_crawl,AIRDROP|FAKE_PROJECT|FAKE_RETURNS|OTHER|PHISHING,label=Drainer;votes=1;checked=False,2025-11-24
EcTzfytVUV9tsz87bpNpCusVtq9RfT9D716K9qfeAXHV,SOL,chainabuse:FAKE_RETURNS,chainabuse_crawl,FAKE_RETURNS,votes=1;checked=False,2025-11-24
C3YRodBFB6CkAEa8b3tk87HNTSeAD23s1u8noTn2deCP,SOL,chainabuse:OTHER_HACK,chainabuse_crawl,OTHER_HACK,votes=1;checked=False,2025-11-24
9LZhUC2LNXgsSHecULNLUPGMk58xA2AbVxHq4pmFEdsA,SOL,chainabuse:SIM_SWAP,chainabuse_crawl,SIM_SWAP,votes=1;checked=False,2025-11-24
3EYL27KHZyReVa53aNUrxzkvqZdaWdv3sdq4PE2h8D4K,SOL,chainabuse:OTHER,chainabuse_crawl,OTHER,votes=1;checked=False,2025-11-24
82owc41hNzemKGGp7PbhQ9L62GLZcTKR6QMvzx1rVFPd,SOL,chainabuse:OTHER,chainabuse_crawl,OTHER,votes=1;checked=False,2025-11-24
5jViuWwhThcan1aahHNRwFQDsCp6WSiV2Yqu7JSeHEM1,SOL,chainabuse:AIRDROP,chainabuse_crawl,AIRDROP,votes=1;checked=False,2025-11-24
HGqtb9u3DWXKVsiyUQHjHq2fgHdGzoxMBQoDbNPLAjqH,SOL,chainabuse:OTHER_HACK,chainabuse_crawl,OTHER_HACK,votes=1;checked=False,2025-11-22
Bw91LVcZhEshx3i548SNz9psVRT1icM3WdVDpppdSu6u,SOL,chainabuse:OTHER_HACK,chainabuse_crawl,OTHER_HACK,votes=1;checked=False,2025-11-21
4MVs3Lk63X7Akmz49mpnXPC8U7oXipRetma2PooHrY9c,SOL,chainabuse:FAKE_RETURNS,chainabuse_crawl,FAKE_RETURNS,votes=1;checked=False,2025-11-21
sY9fKqMCPDazKXuASfYyV6Lph9DnNkxJ4pFUXdwpVh1,SOL,chainabuse:OTHER_HACK,chainabuse_crawl,OTHER_HACK,votes=1;checked=False,2025-11-21
7gzZ7HWZh3qZk2UvHk6ci3aPbMVtj8GngFuwzvW1CzcR,SOL,chainabuse:OTHER_HACK,chainabuse_crawl,OTHER_HACK,label=second(transfer);votes=1;checked=False,2025-11-20
8NneapF1JMjBsWx3YLZDCbaSs8gWUejLGhBBwawQooBH,SOL,chainabuse:OTHER_HACK,chainabuse_crawl,OTHER_HACK,votes=1;checked=False,2025-11-20
8KEKqUixNUMuwALwKSKkUTp8YLZcXekEx1BbjXDRxETf,SOL,chainabuse:PHISHING,chainabuse_crawl,PHISHING,votes=1;checked=False,2025-11-20
DrgxvHQb9DzgBG5YkP8FyeFAbJp2M54XTzuubt3QfDZP,SOL,chainabuse:RUG_PULL,chainabuse_crawl,RUG_PULL,votes=1;checked=False,2025-11-18
FS1xzhBdRYf1Gr7YFDFAicHEdtN4wYZaeF4A6qMqR2Pj,SOL,chainabuse:PHISHING,chainabuse_crawl,PHISHING,votes=1;checked=False,2025-11-17
Aj8EQFxhVNbFLRTGJveBYt7p65QfY6YZtXLgjqUbpump,SOL,chainabuse:IMPERSONATION,chainabuse_crawl,IMPERSONATION,label=TICKER;votes=1;checked=False,2025-11-17
HiGubor64QLtuHSd8Zk6MihFxB5wYMd9z9mChgjPYiEN,SOL,chainabuse:IMPERSONATION,chainabuse_crawl,IMPERSONATION,label=Impersonator (Creator);votes=1;checked=False,2025-11-17
EKeeZgCWnbwch6QEKBm5kVeqx1z7G4o93BRHoVXyKCYz,SOL,chainabuse:FAKE_PROJECT,chainabuse_crawl,FAKE_PROJECT,label=Scammer hop address;votes=1;checked=False,2025-11-15
DWVxc47tD6QkMpVy6p68baeGDXKKDFMTPJHcEnsZ6X3t,SOL,chainabuse:FAKE_PROJECT,chainabuse_crawl,FAKE_PROJECT,label=Scammer Final DEST;votes=1;checked=False,2025-11-15
Fmz6bnaQZQr6t88XgnbdShgWFcrnHpoQ7dA561Fa7X3R,SOL,chainabuse:JOB_SCAM,chainabuse_crawl,JOB_SCAM,votes=1;checked=False,2025-11-14
D12Lho9ZGAzNA6QxypnVa1DRR2civprhqTSRjU9q3kfu,SOL,chainabuse:AIRDROP+PHISHING,chainabuse_crawl,AIRDROP|PHISHING,votes=1;checked=False,2025-11-14
BhGLKKvpoGVCEGHB5bbGVDUVsameWgwpinKmRWEmhtmG,SOL,chainabuse:AIRDROP+PHISHING,chainabuse_crawl,AIRDROP|PHISHING,votes=1;checked=False,2025-11-13
816hj1m9LHkhzFUu2vmhiPCyRZPZjbakAQ5sMTgWWMTX,SOL,chainabuse:AIRDROP,chainabuse_crawl,AIRDROP,votes=1;checked=False,2025-11-13
CamXQtqSVC8LT3CHvCqhsxXXG2TZzjadzfXNAFuQVpcf,SOL,chainabuse:AIRDROP,chainabuse_crawl,AIRDROP,votes=1;checked=False,2025-11-13
EAigbbvC2FYEiy58JsxGJQKrWCpq53N4RWAULYva8gqP,SOL,chainabuse:AIRDROP,chainabuse_crawl,AIRDROP,votes=1;checked=False,2025-11-13
gywtmsHdh6Y6CSRRPiah3FkX65xXmHikXbNpXPJxBeE,SOL,chainabuse:AIRDROP,chainabuse_crawl,AIRDROP,votes=1;checked=False,2025-11-13
CiUgdmB2LArXNscmAfgr2ZonkppZpiPFpS8vV92hvGnM,SOL,chainabuse:AIRDROP,chainabuse_crawl,AIRDROP,votes=1;checked=False,2025-11-13
EsXv6AuRKVBmbKzebpmfNFfF1Pane8HGdrutfUVn5vxg,SOL,chainabuse:AIRDROP,chainabuse_crawl,AIRDROP,votes=1;checked=False,2025-11-13
E4qx46YvE1vSfxHPD7FM8Y5uBDb3TbrT56YGNw6pjC9c,SOL,chainabuse:OTHER_HACK,chainabuse_crawl,OTHER_HACK,votes=1;checked=False,2025-11-13
8EZFagDzeurAj5c1ntZmukUHVzN5CymbJuYMqZ1f38Vb,SOL,chainabuse:PHISHING,chainabuse_crawl,PHISHING,votes=1;checked=False,2025-11-13
2xrGC877ZJngEjkiB1FwAYx6Z1yZQEwRo8CdW85kANz1,SOL,chainabuse:FAKE_PROJECT,chainabuse_crawl,FAKE_PROJECT,votes=1;checked=False,2025-11-13
4BZ5sDFDJAsPDUxHPNCZ7fU8LKRx5p7DZQNcDuofTnrM,SOL,chainabuse:PHISHING,chainabuse_crawl,PHISHING,label=scammer;votes=1;checked=False,2025-11-12
4DHNV4PbaEfubf9UswnKF8tDgkr5Lvtgxn1Ef1AXv8rx,SOL,chainabuse:FAKE_RETURNS,chainabuse_crawl,FAKE_RETURNS,votes=1;checked=False,2025-11-12
HVReNx1BiatUUSrsaj3wWjXjH58jkpU415FrRXtJ1wyk,SOL,chainabuse:FAKE_RETURNS,chainabuse_crawl,FAKE_RETURNS,votes=1;checked=False,2025-11-11
2ec7ifTLBg1hC6ys5uSNEzn1qUMhdSiFmqbvEcRKKxAi,SOL,chainabuse:OTHER_HACK,chainabuse_crawl,OTHER_HACK,votes=1;checked=False,2025-11-11
6drSUzJTRkX75BXRunXepi9ecFZ35MMgsuCCeRZNZQWQ,SOL,chainabuse:OTHER,chainabuse_crawl,OTHER,votes=1;checked=False,2025-11-11
6JLNVumTiJC5k9HfmHkTkn2hJgymNLjdaEWXhurAFKxY,SOL,chainabuse:PHISHING,chainabuse_crawl,PHISHING,votes=1;checked=False,2025-11-10
HyEaEMY5ffrtXzxZ4LawAb7bTY31uacjqCsar5uYbuqA,SOL,chainabuse:PHISHING,chainabuse_crawl,PHISHING,votes=1;checked=False,2025-11-10
8Ge47P7ppBu9Nucqd6snzbSHWjYEv1LPTULrdGxLv1WM,SOL,chainabuse:AIRDROP,chainabuse_crawl,AIRDROP,votes=1;checked=False,2025-11-10
54BqSqc3PyJqbEuBYBW9g2e373xg6up7a1BbtBwBrq4y,SOL,chainabuse:AIRDROP,chainabuse_crawl,AIRDROP,votes=1;checked=False,2025-11-10
6HRgJMRmjaj2svP9GpRbUU5TPzLAHnBW3sHgYVbirWYE,SOL,chainabuse:AIRDROP+IMPERSONATION,chainabuse_crawl,AIRDROP|IMPERSONATION,votes=1;checked=False,2025-11-10
2dYEfYJrLVYd19ARnreGw5A42G8JmBtVfV1wZViSj4yJ,SOL,chainabuse:AIRDROP,chainabuse_crawl,AIRDROP,votes=1;checked=False,2025-11-10
EuYAuksrtr6ea1AATBLoCcJDRw4DueXc8HEXVDX9L4E,SOL,chainabuse:AIRDROP,chainabuse_crawl,AIRDROP,votes=1;checked=False,2025-11-10
3kyKVKfc8pdnLZYYYK1KaBxRDipoy7iU3qCNz5bQRSqF,SOL,chainabuse:AIRDROP+OTHER_HACK,chainabuse_crawl,AIRDROP|OTHER_HACK,votes=1;checked=False,2025-11-10
FTz7BHvocVWvWGG9jwFwoLU9H4bTemrGkKQd99T57U9,SOL,chainabuse:JOB_SCAM,chainabuse_crawl,JOB_SCAM,votes=1;checked=False,2025-11-10
7rwnEotmpnSyYcX7WCNEpSaq77Eyc5L4nHvoTrZDrvEe,SOL,chainabuse:PHISHING,chainabuse_crawl,PHISHING,votes=1;checked=False,2025-11-10
3P7tjDW6L2AfN8CK1HnWevG3QEWExA1M91vPdzdZTQbj,SOL,chainabuse:ROMANCE,chainabuse_crawl,ROMANCE,votes=1;checked=False,2025-11-10
CKPsKjskquqie4gpS6ZNYkJWsQC9rCK9zoBhwxnkDsb2,SOL,chainabuse:OTHER_HACK,chainabuse_crawl,OTHER_HACK,votes=1;checked=False,2025-11-09
6e8FE1FVz42WNSTc5MtqxYmrSWAjhuYvq98FJT4U8aqF,SOL,chainabuse:OTHER_HACK,chainabuse_crawl,OTHER_HACK,votes=1;checked=False,2025-11-09
DySrS1KaRe7BVqxmHrgfiPcj7JYp1VLyRvYzYFJ8qeQK,SOL,chainabuse:OTHER_HACK,chainabuse_crawl,OTHER_HACK,votes=1;checked=False,2025-11-08
B4W2PtCA9GW94mABtqZUG9EEy9fGaA4hfhdx7dnCCfWp,SOL,chainabuse:FAKE_PROJECT,chainabuse_crawl,FAKE_PROJECT,votes=1;checked=False,2025-11-08
3r48UBkA7xfngjquPamioiUfyMD6wX3e2m6nkEx6ctUt,SOL,chainabuse:OTHER_HACK,chainabuse_crawl,OTHER_HACK,votes=1;checked=False,2025-11-08
3xfqcx9nW8TkRZF5RRgnwNDSrME6hrU5Cfw1vRZFSV74,SOL,chainabuse:OTHER_HACK,chainabuse_crawl,OTHER_HACK,votes=1;checked=False,2025-11-08
AYo7ae3bnJN7966BJeEp8TjJqoyn3xv8S7PktZKmTCMX,SOL,chainabuse:PHISHING,chainabuse_crawl,PHISHING,votes=1;checked=False,2025-11-08
6SJaS6HgaPhfPeukBKBZU3PGxCR7YZ8pbPvC2KsJkcr6,SOL,chainabuse:AIRDROP,chainabuse_crawl,AIRDROP,votes=1;checked=False,2025-11-08
7ik8yNGESuJ6Y16KYUQRGJGbHyQqeAZ6mqcwCvfPQmAR,SOL,chainabuse:OTHER_HACK,chainabuse_crawl,OTHER_HACK,votes=1;checked=False,2025-11-07
82ovsBm2ppC1axxxrduCJFUZfMDFTrAxWkEMNMcNC6TX,SOL,chainabuse:OTHER_HACK,chainabuse_crawl,OTHER_HACK,votes=1;checked=False,2025-11-07
22ZCa7ZGBF2hJBbHsTakpgbRzoFBzLGBLSA181C82rPK,SOL,chainabuse:OTHER_HACK+PHISHING,chainabuse_crawl,OTHER_HACK|PHISHING,votes=1;checked=False,2025-11-07
J2Biy4Du88wdbECkpiU8S4xsgZ24kUUbd6AX3rKVpump,SOL,chainabuse:FAKE_PROJECT,chainabuse_crawl,FAKE_PROJECT,votes=1;checked=False,2025-11-07
8g9GwW8FFXRo5ghaUzYwAjEay5oNSPVdh7fyyA5kCudo,SOL,chainabuse:PHISHING,chainabuse_crawl,PHISHING,votes=1;checked=False,2025-11-06
Ga8aRvv6CuRPqivKzuArwpn3Ah8jiPFwSP4fMrtRAve7,SOL,chainabuse:OTHER_HACK,chainabuse_crawl,OTHER_HACK,votes=1;checked=False,2025-11-06
EkZfyKjXJmrjrCMreWKgJLj6XYr5YBAWzMS454Ucek6G,SOL,chainabuse:PIGBUTCHERING,chainabuse_crawl,PIGBUTCHERING,votes=1;checked=False,2025-11-06
kYBjkJzsjWtPZShfSHrA2CHTcjGM8azDw1EPUdy84Vx,SOL,chainabuse:OTHER,chainabuse_crawl,OTHER,votes=1;checked=False,2025-11-06
41sbHcjHJ51W1KbuRNiSVJHJipHD1bYooiDUBVMDWti4,SOL,chainabuse:OTHER_HACK,chainabuse_crawl,OTHER_HACK,votes=0;checked=False,2025-11-05
32msn8MYqc7AU4BRKipjY9cVvzVmFtXLz7yC1f8ZkbCU,SOL,chainabuse:AIRDROP,chainabuse_crawl,AIRDROP,votes=1;checked=False,2025-11-05
D9wHtmY3wyonSM3JHHWQj8dRXpmTCuSXUVvbDhjJLPkZ,SOL,chainabuse:CONTRACT_EXPLOIT+OTHER_HACK,chainabuse_crawl,CONTRACT_EXPLOIT|OTHER_HACK,votes=1;checked=False,2025-11-05
4DwERrWGVwhKH9KgYG6DEAPwmZPHytdKFDBkwLNSgpDJ,SOL,chainabuse:AIRDROP,chainabuse_crawl,AIRDROP,votes=1;checked=False,2025-11-04
GhAUuzzLmumtB1CTSbXyj6EbWUsqyu1HdfV4pYng92BR,SOL,chainabuse:PHISHING,chainabuse_crawl,PHISHING,votes=1;checked=False,2025-11-04
4VAAWPtjFefUsLNe7Uy2C4XvAW9d7fwPZ6Xq5nQcKAia,SOL,chainabuse:FAKE_RETURNS,chainabuse_crawl,FAKE_RETURNS,votes=1;checked=False,2025-11-04
5QYiwmciw3ptYEPBX25wgLZVkqk7sFVkeNofncDwo4zz,SOL,chainabuse:OTHER_HACK,chainabuse_crawl,OTHER_HACK,votes=1;checked=False,2025-11-04
Fcr9ircqvNiZcsY5vdUxnQLcNb8qSHgSSum8WyuMPWnt,SOL,chainabuse:OTHER_HACK,chainabuse_crawl,OTHER_HACK,votes=1;checked=False,2025-11-04
4dyXE4NzxJwVQWK613WgwmtzaADyGMkvoZ2p476xx6Hu,SOL,chainabuse:OTHER_HACK,chainabuse_crawl,OTHER_HACK,votes=1;checked=False,2025-11-04
B1oqWQciy9TwRJx2jK2YTbBG9j2dudDRmjXy13W4BYPz,SOL,chainabuse:OTHER_HACK,chainabuse_crawl,OTHER_HACK,votes=1;checked=False,2025-11-04
AwPk2RhSnomQUsTNv8CgbFhERAaZNGbns9A8E31Xtb6V,SOL,chainabuse:PHISHING,chainabuse_crawl,PHISHING,votes=1;checked=False,2025-11-03
3Ny8o1vyxD5hrFMLggu2devF6uRuVuJsv7WcmNW1bkUr,SOL,chainabuse:PHISHING,chainabuse_crawl,PHISHING,votes=1;checked=False,2025-11-03
CHo9QYJFNvUKHXcCf7sDriCm7oMeyuQUZ6VhEXbZfGHW,SOL,chainabuse:FAKE_PROJECT,chainabuse_crawl,FAKE_PROJECT,votes=1;checked=False,2025-11-03
tfkfDWJPuAN4sV9t57yR2bMevg79nenqsmLh9NCVBYx,SOL,chainabuse:FAKE_PROJECT,chainabuse_crawl,FAKE_PROJECT,label=funded wallet;votes=1;checked=False,2025-11-03
3z9SbMCeSGmcw8MkT8gXX469f7ZUrghNL35anNMYvyqY,SOL,chainabuse:PHISHING,chainabuse_crawl,PHISHING,votes=1;checked=False,2025-11-01
6AoCCVTJFLp6waMNCGNujRduLR2JHhUmbsxduxvTmdjj,SOL,chainabuse:ROMANCE,chainabuse_crawl,ROMANCE,votes=0;checked=False,2025-11-01
4qHJhbgFWjzPKeCXQHRfgcxED8jeuqr5BN1Z2KUHoqA7,SOL,chainabuse:OTHER_HACK,chainabuse_crawl,OTHER_HACK,votes=1;checked=False,2025-10-31
A3bW5srnMowVMuvBu5oYhhXcsLxrwwe1jhmrwoFAWd3f,SOL,chainabuse:IMPERSONATION,chainabuse_crawl,IMPERSONATION,votes=1;checked=False,2025-10-31
AHNygkEFrFewDSEagwm8kNjqSTT5qwrbh6yZgWuoh2Mb,SOL,chainabuse:OTHER,chainabuse_crawl,OTHER,votes=1;checked=False,2025-10-31
HV1KXxWFaSeriyFvXyx48FqG9BoFbfinB8njCJonqP7K,SOL,chainabuse:IMPERSONATION+PHISHING,chainabuse_crawl,IMPERSONATION|PHISHING,votes=1;checked=False,2025-10-31
8cPLcRx9Pxmntj8yDZA9Rsm19uXxN2fP87QF3L3FAFnx,SOL,chainabuse:PHISHING,chainabuse_crawl,PHISHING,votes=1;checked=False,2025-10-31
EW6ru6JJNeoT9PfQMdHzjUrVYijJtnnKr38MCjJZHpoC,SOL,chainabuse:IMPERSONATION,chainabuse_crawl,IMPERSONATION,votes=1;checked=False,2025-10-30
ApE5F9hFcwmpPCqESaSJ7MpSmoYymi3sEmg7CBRmw1Ec,SOL,chainabuse:CONTRACT_EXPLOIT+PHISHING,chainabuse_crawl,CONTRACT_EXPLOIT|PHISHING,votes=1;checked=False,2025-10-30
8imkWMHeUCVZeYhV8GdYENigM8BqcoNHYn9aKNEurwsR,SOL,chainabuse:CONTRACT_EXPLOIT,chainabuse_crawl,CONTRACT_EXPLOIT,votes=1;checked=False,2025-10-30
8282ueVV5DSFvTU23yCLDHTPBFtAfHEk8Fttnr1vzC7F,SOL,chainabuse:OTHER,chainabuse_crawl,OTHER,votes=1;checked=False,2025-10-30
4MmcAA9HVaCBeBXyeJH1t4vwuULQfUiWe3cYzpBkWZ37,SOL,chainabuse:PHISHING,chainabuse_crawl,PHISHING,votes=1;checked=False,2025-10-30
GrarLLVoPo8rHzDBBAwEHRYuFHLmidhf6k9bGQMU9VkK,SOL,chainabuse:OTHER_HACK,chainabuse_crawl,OTHER_HACK,votes=1;checked=False,2025-10-30
Gyord9rym4H3D2TgzQyvpj5t9gQC5TYQ32vCLLCL2YTy,SOL,chainabuse:OTHER_HACK,chainabuse_crawl,OTHER_HACK,votes=1;checked=False,2025-10-30
7YUtGKfN8v3Cy1ZPdJSVjfg4iEFDkJPTBbAr6pQYp4gt,SOL,chainabuse:FAKE_RETURNS,chainabuse_crawl,FAKE_RETURNS,votes=1;checked=False,2025-10-30
So11111111111111111111111111111111111111111,SOL,chainabuse:OTHER+PHISHING,chainabuse_crawl,OTHER|PHISHING,votes=1;checked=False,2025-10-29
Yn3RTsgZ7aQiPUBESatrxg6S6kzQxhTjU8oWXaHivA1,SOL,chainabuse:IMPERSONATION,chainabuse_crawl,IMPERSONATION,votes=1;checked=False,2025-10-29
CFueGfaUpStBZeVixrUb6WJ673EC5DeCTki6Z2uoJVox,SOL,chainabuse:IMPERSONATION,chainabuse_crawl,IMPERSONATION,votes=1;checked=False,2025-10-29
s6TFdXy3noxuEhu5TBnaUxGxABv9kDmH1jmXjKVZRgM,SOL,chainabuse:OTHER_HACK,chainabuse_crawl,OTHER_HACK,votes=1;checked=False,2025-10-29
A2VjTtb7UC6pvUtE2uzjVZ1D8tE4fR6zv6us7Z2NfC1o,SOL,chainabuse:OTHER_HACK,chainabuse_crawl,OTHER_HACK,label=1st;votes=1;checked=False,2025-10-29
AdJGMfbUkZpMZ1Djpt8TwiozGczeFTfEGZMg2Xv2YsZ9,SOL,chainabuse:OTHER_HACK,chainabuse_crawl,OTHER_HACK,label=2ed;votes=1;checked=False,2025-10-29
3doE6YC6JDA1e77U2EvcYWWz3yA3xdDbaFtmmHFZz9DN,SOL,chainabuse:CONTRACT_EXPLOIT,chainabuse_crawl,CONTRACT_EXPLOIT,votes=1;checked=False,2025-10-29
5g7yNHyGLJ7fiQ9SN9mf47opDnMjc585kqXWt6d7aBWs,SOL,chainabuse:OTHER,chainabuse_crawl,OTHER,label=Main Wallet;votes=1;checked=False,2025-10-28
4XDwqYUYMZLQPeKAP1mHsLPHYUWP2WAVb3P5Fnb3JAGL,SOL,chainabuse:OTHER,chainabuse_crawl,OTHER,label=Scam wallet;votes=1;checked=False,2025-10-28
2kV6pXu3aT5q61Z9Pq75vWMR5p9ZgWJWbFMnHnmHKARN,SOL,chainabuse:OTHER_HACK,chainabuse_crawl,OTHER_HACK,votes=-1;checked=False,2025-10-28
3K8WyyDPtpkgvBB2h6GKgjKKwgutnyDqMFQfjKFtcYge,SOL,chainabuse:OTHER_HACK,chainabuse_crawl,OTHER_HACK,votes=-1;checked=False,2025-10-28
2kVYQKhL1vYQqM3vvzfkQv1rQqPJi1xbaHjUrqFDRvRN,SOL,chainabuse:OTHER_HACK,chainabuse_crawl,OTHER_HACK,votes=-1;checked=False,2025-10-28
D5r9YrNonnkUDyvX8CbJPix7TkUo3UEdsfggSfXi9QNW,SOL,chainabuse:OTHER_HACK,chainabuse_crawl,OTHER_HACK,votes=-1;checked=False,2025-10-28
7n6UJsoBEAHWZSFFavdpzYFBzzNGEbZqnSGenxU34RRh,SOL,chainabuse:IMPERSONATION,chainabuse_crawl,IMPERSONATION,label=First wallet rug us;votes=1;checked=False,2025-10-28
FAyrUDNrupJ3JbpLs88P9D16krKKG8BRSKwYy1E9k2dd,SOL,chainabuse:IMPERSONATION,chainabuse_crawl,IMPERSONATION,label=mid wallet rug us;votes=1;checked=False,2025-10-28
DTAVTDQ3XxGpyLPdkH1xiRiBm2yqvsufbnm2Qzndb8dY,SOL,chainabuse:IMPERSONATION,chainabuse_crawl,IMPERSONATION,label=final wallet rug us;votes=1;checked=False,2025-10-28
52wEfkft2TrTJ9DZYffuUwWr3K6UCwbezWRd3PxUx7ER,SOL,chainabuse:OTHER,chainabuse_crawl,OTHER,votes=1;checked=False,2025-10-28
EnoSUTiHoTrDPNCJnZNbePuhdA7eaeAFjaUUvivN95Zt,SOL,chainabuse:OTHER,chainabuse_crawl,OTHER,votes=1;checked=False,2025-10-28
3EALEzv7JNzQWFTLqzWXmhGFoCwopNcdHviCnusWjaFe,SOL,chainabuse:FAKE_RETURNS,chainabuse_crawl,FAKE_RETURNS,votes=1;checked=False,2025-10-28
Hcd3QfP2Dn5hqBGELiqcHFQQ3q7QiMKCaoFfaBe89nKM,SOL,chainabuse:FAKE_RETURNS,chainabuse_crawl,FAKE_RETURNS,votes=1;checked=False,2025-10-27
7N8VtS3bh5rfyzLRZZ6th8vJCXgzijDqp8EQrABp5Coz,SOL,chainabuse:OTHER,chainabuse_crawl,OTHER,label=Fraud Proof;votes=1;checked=False,2025-10-27
BLWakWByZJFLCkhoTsnde3fsxLe5AhtovuyuaR1zbP3C,SOL,chainabuse:IMPERSONATION,chainabuse_crawl,IMPERSONATION,label=SOL;votes=1;checked=False,2025-10-27
88tpuCQchoyABszFDbrcD7hvkaUS3CAoJb94nFRT1MHU,SOL,chainabuse:PHISHING,chainabuse_crawl,PHISHING,votes=1;checked=False,2025-10-27
6CgtUNUYhJYEkWb4mPyumdrTn6s5R7g5brvzXUD63c9q,SOL,chainabuse:PHISHING,chainabuse_crawl,PHISHING,votes=1;checked=False,2025-10-27
PcD1q33PtDwm6enq6mfWqmbjSyjg4dBdmTuPr8mMn7z,SOL,chainabuse:IMPERSONATION,chainabuse_crawl,IMPERSONATION,votes=1;checked=False,2025-10-27
Abbjbzd98bptTHWPVaw7hBZxBtyLQDoDVpoJ21GD29oJ,SOL,chainabuse:OTHER_HACK,chainabuse_crawl,OTHER_HACK,votes=1;checked=False,2025-10-26
9SzFQatzh8Yzko6DPhx74tpLv6SSKjSCnd8mhpbkkyW5,SOL,chainabuse:RUG_PULL,chainabuse_crawl,RUG_PULL,votes=1;checked=False,2025-10-26
F5P1tGkWhCAe8Nk12k35jtQhkKRS22tG94q82j5YCqM2,SOL,chainabuse:AIRDROP,chainabuse_crawl,AIRDROP,votes=1;checked=False,2025-10-26
FLipG5QHjZe1H12f6rr5LCnrmqjhwuBTBp78GwzxnwkR,SOL,chainabuse:AIRDROP+PHISHING,chainabuse_crawl,AIRDROP|PHISHING,label=Win-bigflip.gg;votes=1;checked=False,2025-10-26
47EEuxoWVUQssKQkgQSsVfDK1vnp2hUjoGeQTryQX22D,SOL,chainabuse:OTHER_HACK,chainabuse_crawl,OTHER_HACK,votes=1;checked=False,2025-10-26
DZKnDBUk6B1TMj6HRLbrfYSJphqpLee1mjkHZdB9sePX,SOL,chainabuse:PHISHING,chainabuse_crawl,PHISHING,votes=1;checked=False,2025-10-25
FgLMJWpYLVobbbDa1Nw5As8nhb4mGkkvZ7QCaptahRAS,SOL,chainabuse:PHISHING,chainabuse_crawl,PHISHING,votes=1;checked=False,2025-10-25
65ZHSArs5XxPseKQbB1B4r16vDxMWnCxHMzogDAqiDUc,SOL,chainabuse:OTHER_HACK+PHISHING,chainabuse_crawl,OTHER_HACK|PHISHING,votes=1;checked=False,2025-10-25
EPjFWdd5AufqSSqeM2qN1xzybapC8G4wEGGkZwyTDt1v,SOL,chainabuse:PHISHING,chainabuse_crawl,PHISHING,votes=1;checked=False,2025-10-25
3yzbQaSB3TRdKWZpiYidqiP7BktJTdTr1aeCbzS1MjTe,SOL,chainabuse:PHISHING,chainabuse_crawl,PHISHING,votes=1;checked=False,2025-10-25
2rbMgYvzAb3xDk6vXrzKkY3VwsmyDZsJTkvB3JJYsRzA,SOL,chainabuse:PHISHING,chainabuse_crawl,PHISHING,votes=1;checked=False,2025-10-25
So11111111111111111111111111111111111111112,SOL,chainabuse:PHISHING+RUG_PULL,chainabuse_crawl,PHISHING|RUG_PULL,votes=1;checked=False,2025-10-25
5Q544fKrFoe6tsEbD7S8EmxGTJYAKtTVhAW5Q5pge4j1,SOL,chainabuse:CONTRACT_EXPLOIT+FAKE_RETURNS+OTHER+PHISHING+RUG_PULL,chainabuse_crawl,CONTRACT_EXPLOIT|FAKE_RETURNS|OTHER|PHISHING|RUG_PULL,votes=2;checked=False,2025-10-25
C7heQqfNzdMbUFQwcHkL9FvdwsFsDRBnfwZDDyWYCLTZ,SOL,chainabuse:PHISHING,chainabuse_crawl,PHISHING,votes=1;checked=False,2025-10-25
8KpAi4yWRL7kDU26xYSb5GDonSgeKrycaq9yPc4LppYf,SOL,chainabuse:PHISHING,chainabuse_crawl,PHISHING,votes=1;checked=False,2025-10-25
BYZ9CcZGKAXmN2uDsKcQMM9UnZacija4vWcns9Th69xb,SOL,chainabuse:PHISHING,chainabuse_crawl,PHISHING,votes=1;checked=False,2025-10-25
GSortS7WxneSeQpCcjXJaQXjhN2cVtHcBSrxD2kVyucU,SOL,chainabuse:PHISHING,chainabuse_crawl,PHISHING,votes=1;checked=False,2025-10-25
96hj47MzSpZgVcT1v4nwpbQNEU59f6ys48PArGivpump,SOL,chainabuse:PHISHING,chainabuse_crawl,PHISHING,votes=1;checked=False,2025-10-25
BEzU6PicxqWGbGhszyrbS3gKUvvBAqpsPDTfQTrP1oY6,SOL,chainabuse:PHISHING,chainabuse_crawl,PHISHING,votes=1;checked=False,2025-10-25
AvGeFw71N5sNfV97mZ1uNrHg4yfufRicCJUrS9j2ehTX,SOL,chainabuse:OTHER_HACK+PHISHING,chainabuse_crawl,OTHER_HACK|PHISHING,votes=1;checked=False,2025-10-25
AAtnicLL2uyhRWeMxm79ierLXmsYcyFRjGQzbiaURHmm,SOL,chainabuse:PHISHING,chainabuse_crawl,PHISHING,votes=1;checked=False,2025-10-25
HUPfpnsaJtJGpJxAPNX1vXah7BgYiQYt1c2JMgMumvPs,SOL,chainabuse:PHISHING,chainabuse_crawl,PHISHING,votes=1;checked=False,2025-10-25
Gc2zF5SqbLBAPW7ReMNgWu1k9ghQAmpqxhBWtfvokQ37,SOL,chainabuse:PHISHING,chainabuse_crawl,PHISHING,votes=1;checked=False,2025-10-25
8VAjrZBnvTLFVTvTzDsF3BpGcGZ7MnFrhZQ69u6Uze89,SOL,chainabuse:PHISHING,chainabuse_crawl,PHISHING,votes=1;checked=False,2025-10-25
38njdFWjTGQTrDxFh8atqZwLRmwjQ2zy9y6Pb3X3GZLa,SOL,chainabuse:PHISHING,chainabuse_crawl,PHISHING,votes=1;checked=False,2025-10-25
mSoLzYCxHdYgdzU16g5QSh3i5K3z3KZK7ytfqcJm7So,SOL,chainabuse:PHISHING,chainabuse_crawl,PHISHING,votes=1;checked=False,2025-10-25
6FrrzDk5mQARGc1TDYoyVnSyRdds1t4PbtohCD6p3tgG,SOL,chainabuse:PHISHING,chainabuse_crawl,PHISHING,votes=1;checked=False,2025-10-25
AvBSC1KmFNceHpD6jyyXBV6gMXFxZ8BJJ3HVUN8kCurJ,SOL,chainabuse:PHISHING,chainabuse_crawl,PHISHING,votes=1;checked=False,2025-10-25
BmqdWoZVnB56NRjierKkdFUMNwPdUNCZyQcn35QNWHBy,SOL,chainabuse:PHISHING,chainabuse_crawl,PHISHING,votes=1;checked=False,2025-10-25
2rp9bgQz4kczF6yEn8xFJctsK8ANHnUVTZV2MHAd8TeE,SOL,chainabuse:PHISHING,chainabuse_crawl,PHISHING,votes=1;checked=False,2025-10-25
4nymReybmoV1u9GPNjwL8r2LZsCLe7WxgGzovcym2UHK,SOL,chainabuse:ROMANCE,chainabuse_crawl,ROMANCE,votes=1;checked=False,2025-10-25
6QLJfApS7xoTjH8nr4YKNB3KPx5KhRNuapuPgnb5ktpd,SOL,chainabuse:OTHER,chainabuse_crawl,OTHER,votes=1;checked=False,2025-10-25
CsNjmb2HBjLF63KP7Tgi2T431iXvpTbNYXuAHhfPBAdM,SOL,chainabuse:OTHER_HACK,chainabuse_crawl,OTHER_HACK,votes=1;checked=False,2025-10-25
FAMdsCGmco48HjPbjSNozQMjdrLfZWvFyffuQT3Jnhxe,SOL,chainabuse:OTHER_HACK,chainabuse_crawl,OTHER_HACK,votes=1;checked=False,2025-10-25
u6PJ8DtQuPFnfmwHbGFULQ4u4EgjDiyYKjVEsynXq2w,SOL,chainabuse:AIRDROP+SEXTORTION,chainabuse_crawl,AIRDROP|SEXTORTION,votes=1;checked=False,2025-10-24
J48HUYqqjheCjSpqnNWc45gMuSU1vwbauP3QSxEqaBsx,SOL,chainabuse:FAKE_RETURNS,chainabuse_crawl,FAKE_RETURNS,votes=1;checked=False,2025-10-24
VoGLyHzZpPfCGGQ82WtLWqTYk44qYPBY43da2uvd6hy,SOL,chainabuse:IMPERSONATION,chainabuse_crawl,IMPERSONATION,votes=1;checked=False,2025-10-24
CJ9NuoWV8AxfYa72DnokyfJbxL3L6oHQKsyN6xLAyKuZ,SOL,chainabuse:CONTRACT_EXPLOIT+OTHER_HACK,chainabuse_crawl,CONTRACT_EXPLOIT|OTHER_HACK,votes=1;checked=False,2025-10-24
CuT4KvhVAHAArT1XXTXh7BY7uW3LfZPPEeiF8EefLdpm,SOL,chainabuse:CONTRACT_EXPLOIT+OTHER_HACK,chainabuse_crawl,CONTRACT_EXPLOIT|OTHER_HACK,votes=1;checked=False,2025-10-24
8XS1JvMrD6FuCEQUyvCDJgQpYKFp5gyPedUN3zdr7tb3,SOL,chainabuse:OTHER_HACK,chainabuse_crawl,OTHER_HACK,votes=1;checked=False,2025-10-24
4TPyyEKseVG9qn84iuz4jL8mKU9767XMP583UqRMQQx5,SOL,chainabuse:OTHER_HACK,chainabuse_crawl,OTHER_HACK,votes=1;checked=False,2025-10-24
CpDWBC6BnaQgqxqk2CtCvBHiiXvPRb1vhddzQCZ7d671,SOL,chainabuse:ROMANCE,chainabuse_crawl,ROMANCE,votes=1;checked=False,2025-10-24
8cJRaZGoCmDfBSaHqgkibYaE5sTK3xzCPdjJ1Cjuq77u,SOL,chainabuse:ROMANCE,chainabuse_crawl,ROMANCE,votes=1;checked=False,2025-10-24
EAsyxEjYKbDSVi6JbGYF1v9Jq1QyTSghRc8aqCeq7Ub3,SOL,chainabuse:AIRDROP+IMPERSONATION+OTHER_HACK+RUG_PULL,chainabuse_crawl,AIRDROP|IMPERSONATION|OTHER_HACK|RUG_PULL,votes=1;checked=False,2025-10-24
7TBhUreXHKdXvFdD8nLtRB2Xd9DnbxKAHEwPxDnMLdGF,SOL,chainabuse:PHISHING,chainabuse_crawl,PHISHING,votes=1;checked=False,2025-10-24
4fvGfKCZx9VXb3cDPrZUGkhZgyFWXwczEpeVPUVx94y1,SOL,chainabuse:OTHER_HACK,chainabuse_crawl,OTHER_HACK,votes=1;checked=False,2025-10-23
F8qRqaeWuvgNDDUBpPJzkYsUh6KVrfVYr9X83tzyjkNp,SOL,chainabuse:JOB_SCAM,chainabuse_crawl,JOB_SCAM,votes=1;checked=False,2025-10-23
77EWbDRVu2T3XBWnrSvg5FdKMT853p5yX7gYxjbcKTgA,SOL,chainabuse:OTHER_HACK,chainabuse_crawl,OTHER_HACK,votes=1;checked=False,2025-10-23
EzbQ7XJPK2ALPvBERUDSKUJTUdeUyb4oxZWXFP3uBoNs,SOL,chainabuse:PHISHING,chainabuse_crawl,PHISHING,votes=1;checked=False,2025-10-23
5Zy9QySrojN8L9Lt5wFgxHaKuHpwNcom8UUr2HsDo4gS,SOL,chainabuse:PHISHING,chainabuse_crawl,PHISHING,votes=1;checked=False,2025-10-23
ECPn5ri9PuBvQiBYjDFBnbf1tmaoo5KEEaWLyyaAnVUu,SOL,chainabuse:FAKE_RETURNS,chainabuse_crawl,FAKE_RETURNS,label=SOL;votes=0;checked=False,2025-10-23
DWJ8pBcio9qnruRfrQ3eKQrKey37B6rH4xzQbboZyRts,SOL,chainabuse:IMPERSONATION,chainabuse_crawl,IMPERSONATION,votes=1;checked=False,2025-10-23
DF1ow4tspfHX9JwWJsAb9epbkA8hmpSEAtxXy1V27QBH,SOL,chainabuse:PHISHING,chainabuse_crawl,PHISHING,votes=1;checked=False,2025-10-22
8pgfJbAwQREK1g2tbBC6XhQdveS66zcQ9EDnceXisULa,SOL,chainabuse:FAKE_RETURNS,chainabuse_crawl,FAKE_RETURNS,votes=1;checked=False,2025-10-22
BSoFJ5ocbtckv27YmGfyccLjJ1zGQLLzitNyG49QpRFH,SOL,chainabuse:FAKE_RETURNS,chainabuse_crawl,FAKE_RETURNS,votes=1;checked=False,2025-10-22
GCuGeosuhZkMGYyQ7RouqAR1gDzLDkyGtRyLL2kp2nC1,SOL,chainabuse:OTHER_HACK,chainabuse_crawl,OTHER_HACK,votes=1;checked=False,2025-10-22
goditeGBMEfEyDsu53sLTXw2jN2iWCHfyHjAVegWs53,SOL,chainabuse:RUG_PULL,chainabuse_crawl,RUG_PULL,votes=1;checked=False,2025-10-22
2ALZVj7JdcjVrf4v6CrFR6rz9NLsWYoeRk21NMZ7WosP,SOL,chainabuse:FAKE_RETURNS,chainabuse_crawl,FAKE_RETURNS,votes=1;checked=False,2025-10-21
29aVayNNS69PAEUaGxVNDsJry17bapVRnWm7tm8BcBXs,SOL,chainabuse:OTHER_HACK,chainabuse_crawl,OTHER_HACK,votes=1;checked=False,2025-10-21
CwkGxm8n8r9C8LMfcHxpqcFFXuzfchZQPW9hTMU6pump,SOL,chainabuse:IMPERSONATION,chainabuse_crawl,IMPERSONATION,label=Ezkryp AI;votes=1;checked=False,2025-10-20
EAdqBifhWNv4tmqBix4bydPCE4PRF9R2vZnXe56Y8LJA,SOL,chainabuse:PHISHING,chainabuse_crawl,PHISHING,votes=1;checked=False,2025-10-20
23AyiGNFzzWmhbRwUhazMSX1NA72N3U3T6bgpSpXK2ns,SOL,chainabuse:FAKE_RETURNS,chainabuse_crawl,FAKE_RETURNS,votes=1;checked=False,2025-10-20
FCido48UXZY3pSjvrrVfz3p3wGqR4Tu4EyqHZXaBBVZp,SOL,chainabuse:FAKE_PROJECT,chainabuse_crawl,FAKE_PROJECT,votes=1;checked=False,2025-10-20
2XTFw73LLQb3r125e6SDt1KyTutiG49rGSqFiiikLSTK,SOL,chainabuse:OTHER,chainabuse_crawl,OTHER,votes=2;checked=False,2025-10-20
8RWjkY66WeUkQj6hZAaqtpqBK5a4XTxbhiAx7pbsMpsP,SOL,chainabuse:OTHER_HACK,chainabuse_crawl,OTHER_HACK,votes=1;checked=False,2025-10-20
2sj6yUtdkmX68JY4JvpuBhUjnS9zsrNK369Ee6UMagJB,SOL,chainabuse:OTHER_HACK,chainabuse_crawl,OTHER_HACK,votes=1;checked=False,2025-10-20
FdRDj2TqHRsX5tZBDkAoViQXTq3M28VPNh4CzNvJ4H2f,SOL,chainabuse:OTHER_HACK,chainabuse_crawl,OTHER_HACK,votes=2;checked=False,2025-10-20
HWusVZJNp98gau5ztxHasbH69es85nD3cHcsopu8xR8U,SOL,chainabuse:RUG_PULL,chainabuse_crawl,RUG_PULL,label=Wechat;votes=1;checked=False,2025-10-20
2CXC1wDPenYGJ2ceYa8cXATHrA4nodhhH8Lt5yBvjinu,SOL,chainabuse:PHISHING,chainabuse_crawl,PHISHING,votes=1;checked=False,2025-10-19
7GfjZAL4JAkppMAzVqkKYqXntdjPWBbq6EnNqSH75U29,SOL,chainabuse:PHISHING,chainabuse_crawl,PHISHING,votes=1;checked=False,2025-10-19
BNJTZkd6tQjG5ntHpKNptnA8pqCMds9QcZJmRUCvLqgD,SOL,chainabuse:OTHER+OTHER_HACK,chainabuse_crawl,OTHER|OTHER_HACK,label=kindly remove phantom wal;votes=1;checked=False,2025-10-19
JEBSf1Rp4h6eLcPYi3uKch1eCmTjsgevz8VzLnhG62At,SOL,chainabuse:OTHER_HACK,chainabuse_crawl,OTHER_HACK,votes=1;checked=False,2025-10-19
GCYv6MCottPE2GwizcXVBn4nbXtHDL1ZR6ULi2oQu5wA,SOL,chainabuse:PIGBUTCHERING,chainabuse_crawl,PIGBUTCHERING,votes=0;checked=False,2025-10-19
Cjn7b4JFTnLRNi1owpfzA7wekhktqgGgbQyV28ndTBYL,SOL,chainabuse:OTHER_HACK,chainabuse_crawl,OTHER_HACK,votes=1;checked=False,2025-10-19
872ZjXTXsPq3ujCjavBfFV1mscjPvdpv5XVxsQxqVGP1,SOL,chainabuse:RANSOMWARE,chainabuse_crawl,RANSOMWARE,votes=1;checked=False,2025-10-19
9R9uH8gL3yHCQrdKrWcUjrUfihLEzAbhmcqSiU19zzT6,SOL,chainabuse:OTHER_HACK,chainabuse_crawl,OTHER_HACK,votes=1;checked=False,2025-10-18
3C52tjRUj9g1gYmQTER18BXuvxfxSSnyfsp5ZJfMveVU,SOL,chainabuse:OTHER_HACK,chainabuse_crawl,OTHER_HACK,votes=2;checked=False,2025-10-18
EGpDs25TPPwEBZKB8o7xJRkrWqKL18aVF2RBk5fSd6jt,SOL,chainabuse:RUG_PULL,chainabuse_crawl,RUG_PULL,votes=1;checked=False,2025-10-17
FTD7QYrzkSPqxq1Y93odorAXAC1wgkBDS7ZY9AgBJHw2,SOL,chainabuse:FAKE_PROJECT,chainabuse_crawl,FAKE_PROJECT,votes=1;checked=False,2025-10-17
HZJGAcEMVB71xp47C6BjJZSHwx5yxEu9ANQLZnWyvjX5,SOL,chainabuse:PHISHING,chainabuse_crawl,PHISHING,label=scammers;votes=1;checked=False,2025-10-17
5EgK89PLP6M7FmWQMDLgxK1F5q6rzELrNBdBYfu1bF4C,SOL,chainabuse:OTHER_HACK,chainabuse_crawl,OTHER_HACK,votes=1;checked=False,2025-10-16
25f5nAcLYnWLHa6SMheitJSdSQhXnU2BsVKNkSa7BwfS,SOL,chainabuse:OTHER_HACK,chainabuse_crawl,OTHER_HACK,votes=1;checked=False,2025-10-16
FErkFq9ooMhtiJotJuULQivryUqK5KRU3S8Zh4r5vkzJ,SOL,chainabuse:OTHER_HACK,chainabuse_crawl,OTHER_HACK,votes=1;checked=False,2025-10-16
4MmyZbEf6b7oNxWNNJqsMuBy5J4DWYYEtDvi8gpq8jq7,SOL,chainabuse:FAKE_RETURNS,chainabuse_crawl,FAKE_RETURNS,votes=1;checked=False,2025-10-16
CB5xLjFoxpzmALwq2ULrDZQbVKqRadm81mjxwRZeoFor,SOL,chainabuse:OTHER_HACK,chainabuse_crawl,OTHER_HACK,votes=1;checked=False,2025-10-16
7zGASd1xGfLo7qdQjGPUTbu4L8QTWQM6DKiTiykTWS4u,SOL,chainabuse:OTHER+PHISHING,chainabuse_crawl,OTHER|PHISHING,votes=1;checked=False,2025-10-16
5QTN3CJ9Xe61Jq9PbVF5Ed2uVLEJb3RbA53i2TSD2ZMy,SOL,chainabuse:CONTRACT_EXPLOIT,chainabuse_crawl,CONTRACT_EXPLOIT,votes=1;checked=False,2025-10-15
33y48D5Bm8DkKCTdwsXK4U8s8FxZxzscNM1ya5TiWuUZ,SOL,chainabuse:AIRDROP+CONTRACT_EXPLOIT+FAKE_RETURNS+PHISHING,chainabuse_crawl,AIRDROP|CONTRACT_EXPLOIT|FAKE_RETURNS|PHISHING,votes=1;checked=False,2025-10-15
3dxsxWZXXTiKBfpfiFarnqWuDzg7DDhxKJxm9UgRamcd,SOL,chainabuse:OTHER_HACK,chainabuse_crawl,OTHER_HACK,votes=1;checked=False,2025-10-15
5D3Lioy8evr8jspFacbRKVXuSnPwgpCkrg8gGP1iWrX3,SOL,chainabuse:OTHER_HACK,chainabuse_crawl,OTHER_HACK,votes=1;checked=False,2025-10-15
J3mXkJESoQAKnP3ccR9m1NpW1vQmvLCeHifUydCQti8z,SOL,chainabuse:OTHER+OTHER_HACK,chainabuse_crawl,OTHER|OTHER_HACK,label=hacker;votes=1;checked=False,2025-10-15
DhmwNixFqLckxrwp8uRyjsuYFFanrkGEbDtAXDs7rpV,SOL,chainabuse:ROMANCE,chainabuse_crawl,ROMANCE,votes=1;checked=False,2025-10-14
7R5p1NpMUBPEBUmJ33RFWZdUpvHCHKcsnJhfiuR6FJtA,SOL,chainabuse:SEXTORTION,chainabuse_crawl,SEXTORTION,votes=1;checked=False,2025-10-14
J2ZbsL9z2oXHMr2E7JmnFxps5TRXiMGNzLQCv2rrhZRC,SOL,chainabuse:OTHER+PHISHING,chainabuse_crawl,OTHER|PHISHING,votes=1;checked=False,2025-10-14
4qsRcu7zw1WrwBq2gyanLN4giyq6uxWx5woZXtqNgfdo,SOL,chainabuse:OTHER,chainabuse_crawl,OTHER,votes=1;checked=False,2025-10-14
nLbWdBnUvmgpLP3R4KS8KqbHutsSpW4rFzgdStUr63E,SOL,chainabuse:CONTRACT_EXPLOIT+OTHER+PHISHING,chainabuse_crawl,CONTRACT_EXPLOIT|OTHER|PHISHING,votes=1;checked=False,2025-10-13
AV18NPxh2Y5CZoeyXffxFE9VbGrnNjnkqEZAyvRrYduU,SOL,chainabuse:FAKE_PROJECT,chainabuse_crawl,FAKE_PROJECT,votes=1;checked=False,2025-10-13
8XDS9Z7xzfTs746NKwsrXuWqhzKt1UZ6g89FDX7nBrDC,SOL,chainabuse:FAKE_RETURNS,chainabuse_crawl,FAKE_RETURNS,votes=1;checked=False,2025-10-13
AHXDVNdFAaMrBMnSiBLQT6MGsvPS4aSne5FV7DSP4BWt,SOL,chainabuse:OTHER_HACK+PIGBUTCHERING,chainabuse_crawl,OTHER_HACK|PIGBUTCHERING,label=BigONE;votes=1;checked=False,2025-10-13
8i2TGgPE7hKGKz4yXNqDeTQCoNCjrTS4ePTMoUkKRSDM,SOL,chainabuse:OTHER,chainabuse_crawl,OTHER,votes=1;checked=False,2025-10-13
Df5tL6Q9UpKHKZvqF2PAU6kssS6DM7Su6WHpgH5wWMuX,SOL,chainabuse:IMPERSONATION+OTHER_BLACKMAIL+OTHER_HACK,chainabuse_crawl,IMPERSONATION|OTHER_BLACKMAIL|OTHER_HACK,label=329120200;votes=1;checked=False,2025-10-13
Drzxum37WTZAbkk9g52KB3XjCyftb41yDDc9fhi53Te5,SOL,chainabuse:FAKE_RETURNS+IMPERSONATION,chainabuse_crawl,FAKE_RETURNS|IMPERSONATION,votes=1;checked=False,2025-10-12
CWUnUKF6Lw39Ww8kFXkDJscqNsDojqyuLGCgN1LpSpFv,SOL,chainabuse:CONTRACT_EXPLOIT,chainabuse_crawl,CONTRACT_EXPLOIT,votes=1;checked=False,2025-10-12
9j6x7VkrLX2syfiebhLCaGDLh24VQ3yz7eKjs5pxUdUb,SOL,chainabuse:OTHER_HACK,chainabuse_crawl,OTHER_HACK,label=Worker;votes=1;checked=False,2025-10-12
EJr2JtzcxFAges2j9TKq2Xqwkoxbjd29B1D4aBHtyub3,SOL,chainabuse:PHISHING,chainabuse_crawl,PHISHING,votes=1;checked=False,2025-10-12
FuN6PZtH7hPH5fiLZKF78FF3b1UsTuwjxnZSj7q3kDeq,SOL,chainabuse:OTHER_HACK,chainabuse_crawl,OTHER_HACK,label=Swapper;votes=1;checked=False,2025-10-11
6dyqvjDR2ECq7P4aan6QsrrE1antWQXkTUL6gmiZhUdX,SOL,chainabuse:OTHER_HACK,chainabuse_crawl,OTHER_HACK,label=Transfer;votes=1;checked=False,2025-10-11
6dyqvJxqZca1ZTS7RZBYsiEXHTt1KKL6VdfEMHvRhUdX,SOL,chainabuse:OTHER_HACK,chainabuse_crawl,OTHER_HACK,label=Add more to steal;votes=1;checked=False,2025-10-11
H2XvLE1DtwEdmVhDburcudGQYgh4TJ8FdLnyzWycxCz4,SOL,chainabuse:OTHER_HACK,chainabuse_crawl,OTHER_HACK,votes=1;checked=False,2025-10-11
3nzsfZS1YqWKBBwyknZDbPHwqSgt4Z3z5cm9JEpJ28E6,SOL,chainabuse:OTHER_HACK,chainabuse_crawl,OTHER_HACK,votes=1;checked=False,2025-10-11
DTQek4XMxUUZMPZW23kK5jNeDfiNwrj9Ryb11bmXNGFq,SOL,chainabuse:PHISHING,chainabuse_crawl,PHISHING,votes=1;checked=False,2025-10-11
4TB9kHvbpCrcb5g39mhfVjNGtMCMckALrHYPzY7D14GD,SOL,chainabuse:PHISHING,chainabuse_crawl,PHISHING,votes=1;checked=False,2025-10-11
2gk12uzNGtPEdRhJXZaY85zKqQFgnkpxpemBZjX9M3YP,SOL,chainabuse:FAKE_RETURNS,chainabuse_crawl,FAKE_RETURNS,votes=1;checked=False,2025-10-11
3d7PX1jEsp4yJCkRSNA7sMZZpsu18SuH8cAjsHj1RSK9,SOL,chainabuse:FAKE_RETURNS,chainabuse_crawl,FAKE_RETURNS,votes=1;checked=False,2025-10-11
5NqPxfZqKdGj9F5xjfzf64uM8X5bXiSUuPDkNXTMYVZF,SOL,chainabuse:FAKE_RETURNS,chainabuse_crawl,FAKE_RETURNS,votes=1;checked=False,2025-10-11
HHvm7XAwkK8k2zKaKnFeMsbsxTc8s58B2rnhovXTN4cJ,SOL,chainabuse:FAKE_RETURNS,chainabuse_crawl,FAKE_RETURNS,votes=1;checked=False,2025-10-11
5KGLVaok5mkJBJeUinuGoJ36rNjbhyFBK8Qo27wSdZCi,SOL,chainabuse:SIM_SWAP,chainabuse_crawl,SIM_SWAP,votes=1;checked=False,2025-10-11
6U158aCauUDhakJeivKJknNRLmRcL5aGY9QRhX6NnSCe,SOL,chainabuse:OTHER,chainabuse_crawl,OTHER,votes=1;checked=False,2025-10-10
5j3JpV3sqKkSZdeYea4bbJgrgbcyxvntWxuG3aVroVd5,SOL,chainabuse:PHISHING,chainabuse_crawl,PHISHING,votes=1;checked=False,2025-10-10
4rFd7n45wMa24QSDM7t7M47c2RAtPqXLduBegSdcDG2N,SOL,chainabuse:FAKE_PROJECT,chainabuse_crawl,FAKE_PROJECT,votes=1;checked=False,2025-10-10
8fEQj8Ko9U3vsh9sRduUBsohm2FBu3VCU8YR5LTYcojv,SOL,chainabuse:IMPERSONATION,chainabuse_crawl,IMPERSONATION,votes=1;checked=False,2025-10-10
3xWX5aA2GPTRKRufUpu8MPAWkt4mMF9wekS5hmMrkfCp,SOL,chainabuse:IMPERSONATION,chainabuse_crawl,IMPERSONATION,votes=1;checked=False,2025-10-10
RgxsBCsM4Kqcp7jAKCpA7sMETnYAQs5GsGpDSWxNp8t,SOL,chainabuse:OTHER+OTHER_HACK,chainabuse_crawl,OTHER|OTHER_HACK,votes=1;checked=False,2025-10-09
deQzbGSDA3U6bFmxAfWuJYhYBvN647fP1i8DEDoVNW3,SOL,chainabuse:OTHER_HACK+PHISHING,chainabuse_crawl,OTHER_HACK|PHISHING,votes=1;checked=False,2025-10-09
shtNCoARfQ1dQ4HN4kGS5MSwJ5HiFuNpHDrMR1m229p,SOL,chainabuse:OTHER_HACK,chainabuse_crawl,OTHER_HACK,votes=1;checked=False,2025-10-09
J1udAahRYVY6EiPLrEHbqAxaPKentrBpzanaLLeiXhnL,SOL,chainabuse:FAKE_PROJECT,chainabuse_crawl,FAKE_PROJECT,votes=1;checked=False,2025-10-09
Gya8imZCTNAk14HbLFVqLDnXdf5pXJVrbhUiWvbRsaCn,SOL,chainabuse:OTHER_HACK,chainabuse_crawl,OTHER_HACK,votes=1;checked=False,2025-10-09
3MEa3HhN9S5e4GTtbexJWEgV9o2t5CMdGR3zQh9QfLbc,SOL,chainabuse:FAKE_PROJECT,chainabuse_crawl,FAKE_PROJECT,label=Solscan;votes=1;checked=False,2025-10-09
Dzmi1mkgny18To3p6ggFusPXwigFrrm5pPHHLxK4aQJi,SOL,chainabuse:RANSOMWARE,chainabuse_crawl,RANSOMWARE,votes=1;checked=False,2025-10-09
2YMxrV31azoAttiVCjdBQfALEVV6tnTE4LgWczXuFrdA,SOL,chainabuse:OTHER_HACK,chainabuse_crawl,OTHER_HACK,votes=1;checked=False,2025-10-09
JCJzhfe9AS8x8iLEwZMeTEeezf4FbYm2KsETH9WD6XqG,SOL,chainabuse:PHISHING,chainabuse_crawl,PHISHING,votes=1;checked=False,2025-10-09
J4iWVL3wwUKBK71mgMFfypU3sHuEyvB3s1n3cSL5tVeV,SOL,chainabuse:OTHER_HACK,chainabuse_crawl,OTHER_HACK,votes=1;checked=False,2025-10-08
4fiYherdGi5H4vu1AMGDNRa2uXjXJnf8EZQKuiCGdBop,SOL,chainabuse:PHISHING,chainabuse_crawl,PHISHING,votes=1;checked=False,2025-10-08
7r4pbGCGuzEzL46NUbMEpn6Y61cR4RkmgVKgx7C2sDkF,SOL,chainabuse:OTHER_HACK,chainabuse_crawl,OTHER_HACK,votes=1;checked=False,2025-10-08
GzN9Vv75wuJFc9NnhCu5URrWMDFZ6LF6vFV9CWWrDXG7,SOL,chainabuse:PIGBUTCHERING,chainabuse_crawl,PIGBUTCHERING,votes=1;checked=False,2025-10-08
BYQfgK4REye48mseVRsnLycd9XZVNQHmFmjedNTFTEHs,SOL,chainabuse:CONTRACT_EXPLOIT,chainabuse_crawl,CONTRACT_EXPLOIT,votes=1;checked=False,2025-10-08
3iiqnue6XQGMexryzM5c2Mih7h9QrkvoPoqbEuVjZFvF,SOL,chainabuse:OTHER_HACK,chainabuse_crawl,OTHER_HACK,label=Hacker;votes=1;checked=False,2025-10-08
3uhKG6QeVmv44aMaesn3uHMV4P9YGtaXSZG3U8NsVyZS,SOL,chainabuse:AIRDROP+PHISHING,chainabuse_crawl,AIRDROP|PHISHING,votes=1;checked=False,2025-10-08
2JKG1MTPJ5rd34A3ym345SqGurvLuJFSfdtLXPUkoj6X,SOL,chainabuse:FAKE_PROJECT,chainabuse_crawl,FAKE_PROJECT,votes=1;checked=False,2025-10-07
AwMggSMHdBbX65CyNKhTdRrh9DtyQYp5NsBEwAD8u2tn,SOL,chainabuse:SIM_SWAP,chainabuse_crawl,SIM_SWAP,votes=1;checked=False,2025-10-07
GcXG6dwQ9KV3KuJWmbjUBE1aUrT6HsqsMr7deunzXrCF,SOL,chainabuse:FAKE_PROJECT,chainabuse_crawl,FAKE_PROJECT,votes=1;checked=False,2025-10-07
71EB4uE6bDp2s5fJdmShgK5ZDiq3VCTsQFuv2CZxCymT,SOL,chainabuse:OTHER_HACK,chainabuse_crawl,OTHER_HACK,votes=1;checked=False,2025-10-07
9YHvh2cap9b2rbowr9dr5SNKuoVMjdEpbKQRZqhr44eH,SOL,chainabuse:PHISHING,chainabuse_crawl,PHISHING,votes=1;checked=False,2025-10-07
54Ki5wh7wJ7inro6G9sVwh3FcxxvDkdvtf7YmvAGpvi7,SOL,chainabuse:OTHER+OTHER_HACK,chainabuse_crawl,OTHER|OTHER_HACK,votes=1;checked=False,2025-10-06
BuRn1aKhG2SQfy1xaUZE45hxfatB86byFNWDfrcAB8Jv,SOL,chainabuse:OTHER_HACK,chainabuse_crawl,OTHER_HACK,votes=1;checked=False,2025-10-06
G5sSdnfPTBA38hpqomW6kTLr4N9GJYCuqqfHANYeFxs7,SOL,chainabuse:FAKE_RETURNS,chainabuse_crawl,FAKE_RETURNS,label=domp;votes=1;checked=False,2025-10-06
2Dqh9GbtSaXUotEbpSZ2w8RcdQdKaCDA4UWkNRjbu6Ss,SOL,chainabuse:AIRDROP,chainabuse_crawl,AIRDROP,label=LOYA;votes=1;checked=False,2025-10-06
AbDSWRAMGp3h3nB7VrbHVSjqjkzGwUfX7UYbxVRfwspH,SOL,chainabuse:AIRDROP,chainabuse_crawl,AIRDROP,votes=1;checked=False,2025-10-06
8oqg9fewNHr9ZSXSkCpiF4p4NAhasfivq3scLUwRH2Te,SOL,chainabuse:AIRDROP,chainabuse_crawl,AIRDROP,votes=1;checked=False,2025-10-06
HqxpVYWCFR5nHn4GqwtXtXGrSGw7bSdi61HGpXLgDjNj,SOL,chainabuse:OTHER_HACK,chainabuse_crawl,OTHER_HACK,label=first large transfer;votes=1;checked=False,2025-10-06
9yFWDDFU6wQdmrfpg1Qvt1UkG2HHtYbfnFFQmW4Vb4Y4,SOL,chainabuse:OTHER_HACK,chainabuse_crawl,OTHER_HACK,votes=1;checked=False,2025-10-06
7u3wk63dbFfN6WUdxpJ6SDNMwDixK1ti2J3Q21ws5Vxs,SOL,chainabuse:OTHER_HACK,chainabuse_crawl,OTHER_HACK,votes=1;checked=False,2025-10-06
8ekCy2jHHUbW2yeNGFWYJT9Hm9FW7SvZcZK66dSZCDiF,SOL,chainabuse:OTHER_HACK,chainabuse_crawl,OTHER_HACK,votes=1;checked=False,2025-10-06
BjVanGXAEmHL677Lj7ywusqE7Uaop3sqYb7kiL2LFiK9,SOL,chainabuse:OTHER_HACK,chainabuse_crawl,OTHER_HACK,votes=1;checked=False,2025-10-06
4SXAaNttDgp7Jk6VQgBToAVLJUGk8yYtxDwSDzG4Um35,SOL,chainabuse:OTHER_HACK,chainabuse_crawl,OTHER_HACK,votes=1;checked=False,2025-10-06
CAPhoEse9xEH95XmdnJjYrZdNCA8xfUWdy3aWymHa1Vj,SOL,chainabuse:OTHER_HACK,chainabuse_crawl,OTHER_HACK,votes=1;checked=False,2025-10-06
JCNCMFXo5M5qwUPg2Utu1u6YWp3MbygxqBsBeXXJfrw,SOL,chainabuse:OTHER_HACK,chainabuse_crawl,OTHER_HACK,votes=1;checked=False,2025-10-06
9LLbgB4m9T1HPaz89rWZ6NSVjgqKoye6J4j74H6ZSNFs,SOL,chainabuse:JOB_SCAM,chainabuse_crawl,JOB_SCAM,votes=1;checked=False,2025-10-06
5AzweQuPnCET38qHKKKtnGpDrPNYHgcDuE68Rv2agRWJ,SOL,chainabuse:OTHER,chainabuse_crawl,OTHER,votes=1;checked=False,2025-10-06
BxmXCom1UBefnoRe3z5rjgF2551kQF49f4gUT9stYh5q,SOL,chainabuse:OTHER,chainabuse_crawl,OTHER,votes=1;checked=False,2025-10-06
GQtoxS8mcEpuzY3tsvMWpy2BpD7jAvLWXvbd66kCm5iE,SOL,chainabuse:OTHER,chainabuse_crawl,OTHER,votes=1;checked=False,2025-10-06
7bvxCMppVvCVfs4xH9LBRfRsxGCdbwoAmkd7Y81ZH7h3,SOL,chainabuse:OTHER,chainabuse_crawl,OTHER,votes=1;checked=False,2025-10-06
4jRX4iW2F5wBnfYMyB7RjS2PU5MjXrST3fB9DoV4BjHa,SOL,chainabuse:OTHER,chainabuse_crawl,OTHER,label=i dont know the address s;votes=1;checked=False,2025-10-05
2C2hytWy4fe7X6ZdPCMyBTCJQtMLEgXJZoHXCvW52bKF,SOL,chainabuse:OTHER_HACK,chainabuse_crawl,OTHER_HACK,votes=1;checked=False,2025-10-05
Fg9yDmk7LHvbM5X57jnqohhDNs8yHFJtkVkjDrgBcD3e,SOL,chainabuse:OTHER_HACK,chainabuse_crawl,OTHER_HACK,votes=1;checked=False,2025-10-05
GyKfHT4yiWdGQJRCiw9PPGrE93ieiQ7AYKTQifrQp9ca,SOL,chainabuse:AIRDROP+FAKE_RETURNS+PHISHING,chainabuse_crawl,AIRDROP|FAKE_RETURNS|PHISHING,label=Scammer account 1;votes=1;checked=False,2025-10-05
4aWAkCgw1j9z6xrgnDT3yEUXwBufj63eyuKHuAFw6Uou,SOL,chainabuse:AIRDROP,chainabuse_crawl,AIRDROP,votes=1;checked=False,2025-10-05
5N56aAcpKrdJovtw8QCLLfz7v67q2yVk23ex5iSQ4PMz,SOL,chainabuse:AIRDROP,chainabuse_crawl,AIRDROP,votes=1;checked=False,2025-10-05
ALGAba4ubJYJrxxDxd7H9YCUB7fH8YuTgzsCrmXCSoTy,SOL,chainabuse:IMPERSONATION,chainabuse_crawl,IMPERSONATION,votes=1;checked=False,2025-10-04
3geXoDutz4qNy4yTmgkrgG8HZor1bHCxhWKkkSWdEazg,SOL,chainabuse:OTHER,chainabuse_crawl,OTHER,votes=1;checked=False,2025-10-04
2JKDkKcydxmAnN6Km2aecXjeE5ZYUQ2ZLCj4kPDNo6n3,SOL,chainabuse:OTHER_HACK,chainabuse_crawl,OTHER_HACK,votes=1;checked=False,2025-10-04
3vwyKGw5DwTZH3dsJRrvZ5KyKMg6oGopHu2hpTU2FFzm,SOL,chainabuse:OTHER_HACK,chainabuse_crawl,OTHER_HACK,votes=1;checked=False,2025-10-04
65RSS78VbVzqr3CqBDde1Rq7BqMCrcpQUqseCJHiYgS7,SOL,chainabuse:OTHER_HACK,chainabuse_crawl,OTHER_HACK,votes=1;checked=False,2025-10-04
EzmWsC2oPpm63Vw3dbfN2nz9SQTs4H917nNzfCRYtywr,SOL,chainabuse:OTHER_HACK,chainabuse_crawl,OTHER_HACK,votes=1;checked=False,2025-10-04
65RKVY8H4dhsBZYmnQNZ1onC23YpGZAq6zWmLGWuQWS7,SOL,chainabuse:OTHER_HACK,chainabuse_crawl,OTHER_HACK,votes=1;checked=False,2025-10-04
HjgbYeuPnCaqaJEJSvQtDTNBj8KEiZLiDryJCVS1wj65,SOL,chainabuse:OTHER_HACK,chainabuse_crawl,OTHER_HACK,votes=1;checked=False,2025-10-04
7MvA3tri6SU8JcVJXjVGF7sXvrAHtB6UGoUPZfFQyt3q,SOL,chainabuse:OTHER_HACK,chainabuse_crawl,OTHER_HACK,votes=1;checked=False,2025-10-04
4aPUYJZnSXYRg5qz5QAcY27ugzu5aReFQQXsyHMt6ZP1,SOL,chainabuse:OTHER_HACK,chainabuse_crawl,OTHER_HACK,votes=1;checked=False,2025-10-04
7ATuKGME8AG9Tz5Qe4eRf1EAwqJNUvYXMiCGmtSbaJXR,SOL,chainabuse:OTHER_HACK,chainabuse_crawl,OTHER_HACK,votes=1;checked=False,2025-10-04
token9EbyLQJdeY5sfxcFXJdzBRwQ8VrAJysBzSZbvX,SOL,chainabuse:AIRDROP+FAKE_RETURNS+IMPERSONATION+PHISHING+RUG_PULL,chainabuse_crawl,AIRDROP|FAKE_RETURNS|IMPERSONATION|PHISHING|RUG_PULL,votes=1;checked=False,2025-10-03
FundNWPjQQZr1X7ZkASMTb1b7cv7srYm1bY8M6jNAnVY,SOL,chainabuse:PHISHING,chainabuse_crawl,PHISHING,votes=1;checked=False,2025-10-03
AC5RDfQFmDS1deWZos921JfqscXdByf8BKHs5ACWjtW2,SOL,chainabuse:FAKE_RETURNS+OTHER_BLACKMAIL+PHISHING,chainabuse_crawl,FAKE_RETURNS|OTHER_BLACKMAIL|PHISHING,label=bybit;votes=1;checked=False,2025-10-03
GFxq6YG6Dohaif8mfHZbFzWffXreeohPEexNmU9H2Rtp,SOL,chainabuse:OTHER_HACK,chainabuse_crawl,OTHER_HACK,votes=1;checked=False,2025-10-03
FpKvsvfBDY2KFigjY9iLxo7eDQoXRyahUyq8mnpCQMZF,SOL,chainabuse:OTHER_HACK,chainabuse_crawl,OTHER_HACK,votes=1;checked=False,2025-10-03
CsLmzy4bFHv1HH5HiQ5Y8EMvpWjvz8WivQMUSDENexLt,SOL,chainabuse:RUG_PULL,chainabuse_crawl,RUG_PULL,votes=1;checked=False,2025-10-03
Ge3Tky7tnLAYPJ6e8ExpvxGmZsAgu3bSvU54W5pCYDd5,SOL,chainabuse:OTHER_HACK,chainabuse_crawl,OTHER_HACK,votes=1;checked=False,2025-10-03
89sNmYCAGpRHtcj1WMW6n9ug8ouvJxNyHhW5ggUukEwW,SOL,chainabuse:PHISHING,chainabuse_crawl,PHISHING,votes=1;checked=False,2025-10-02
8btpu6RN6BLPNo5cm3LrSkzFM5JEgvwTfkcnL1SikhAm,SOL,chainabuse:PHISHING,chainabuse_crawl,PHISHING,label=Win-bigflip.gg;votes=1;checked=False,2025-10-02
7pdpAcD4LkKrUyxfzgAoToXmAN8NHJSrZQPaH9Szv8a7,SOL,chainabuse:PHISHING,chainabuse_crawl,PHISHING,votes=1;checked=False,2025-10-02
5o4bXiHE5738aGAvApa3twrynYEjoVgKpj6GPewtMJkS,SOL,chainabuse:PHISHING,chainabuse_crawl,PHISHING,votes=1;checked=False,2025-10-02
6qrCBNufEunZs4voFLxc6Wej7F2e239GMu2YjwKepm82,SOL,chainabuse:PHISHING,chainabuse_crawl,PHISHING,votes=1;checked=False,2025-10-02
DXh5hcaGP3o1TYk9wkgsxccSwocrWJWY3aCnvKvCRG39,SOL,chainabuse:IMPERSONATION,chainabuse_crawl,IMPERSONATION,votes=1;checked=False,2025-10-02
A3MUdKwBkmb43GAhzNP6vfrmYqSKArkPjBgAZdu7hcFK,SOL,chainabuse:IMPERSONATION,chainabuse_crawl,IMPERSONATION,votes=1;checked=False,2025-10-02
GSqkTTzMEt7VQDcGYVjwkmHF28uDYKxRCayR7kR9ms1H,SOL,chainabuse:OTHER_HACK,chainabuse_crawl,OTHER_HACK,votes=2;checked=False,2025-10-01
Hwx7dA7UxqdDSKdGq8bquzCkHCSiSnAoBEYywdJZ14Xp,SOL,chainabuse:OTHER_HACK,chainabuse_crawl,OTHER_HACK,label=Steal my money from my ph;votes=1;checked=False,2025-10-01
39XLkyrwUgFaiJNwr64jDT1DHERYxieiiNpmHUMDBrcm,SOL,chainabuse:PHISHING,chainabuse_crawl,PHISHING,votes=1;checked=False,2025-10-01
7u5nSyhxaRGQZxZTMMNySVQi4RHtAwcbohH5bUU56yFS,SOL,chainabuse:OTHER_HACK,chainabuse_crawl,OTHER_HACK,votes=1;checked=False,2025-09-30
AxByGBAbB5rxQ2GdSmvXXc7CgaRvCjqtr4kPMbk8nX1i,SOL,chainabuse:OTHER_HACK,chainabuse_crawl,OTHER_HACK,votes=1;checked=False,2025-09-30
CJafVakQNnhv5oDSjAT4P3VhARu6gBP816GEauenkEQ6,SOL,chainabuse:PHISHING,chainabuse_crawl,PHISHING,votes=1;checked=False,2025-09-29
D4Ji6Zs2wBAbQE9MXhDzazCTnkUptmYTSsPRn5XKpfbW,SOL,chainabuse:OTHER_HACK,chainabuse_crawl,OTHER_HACK,votes=1;checked=False,2025-09-29
ECFuMRESmaWivsi7rha4rDmwuKeN8xppEophf6sNLgUx,SOL,chainabuse:OTHER_HACK,chainabuse_crawl,OTHER_HACK,votes=1;checked=False,2025-09-28
5YNoktMJHuUbfyKMRjf1Z1pNdHH1oV4NbPqkD6V15auN,SOL,chainabuse:AIRDROP+IMPERSONATION+PHISHING+RUG_PULL,chainabuse_crawl,AIRDROP|IMPERSONATION|PHISHING|RUG_PULL,votes=1;checked=False,2025-09-28
3Aqka9zrCq1qJzXHbkSCcS21jwAsN1dx4wYn62C9572Q,SOL,chainabuse:AIRDROP,chainabuse_crawl,AIRDROP,votes=1;checked=False,2025-09-28
7z2cTN6m8JrfNVfaDGQ95f5tMsSgmxYYt3g2HQ3zhwwz,SOL,chainabuse:AIRDROP,chainabuse_crawl,AIRDROP,votes=1;checked=False,2025-09-28
EPBSyyvGakoXxymmuvYppGQD8rMrry4DRXqjLCn3vUd8,SOL,chainabuse:OTHER_HACK,chainabuse_crawl,OTHER_HACK,votes=0;checked=False,2025-09-28
EQDvZnPVj7caBFLnCwc8L13L4S67xAHjiikr7L28R92p,SOL,chainabuse:OTHER_HACK,chainabuse_crawl,OTHER_HACK,votes=1;checked=False,2025-09-28
jupeiUmn818Jg1ekPURTpr4mFo29p46vygyykFJ3wZC,SOL,chainabuse:OTHER_HACK,chainabuse_crawl,OTHER_HACK,votes=1;checked=False,2025-09-28
7s1da8DduuBFqGra5bJBjpnvL5E9mGzCuMk1Qkh4or2Z,SOL,chainabuse:OTHER_HACK,chainabuse_crawl,OTHER_HACK,votes=1;checked=False,2025-09-28
F7oqzMoifTgGJkbzJeYcBL9Fr9AhgDVfhnGR6EJUCSRD,SOL,chainabuse:RUG_PULL,chainabuse_crawl,RUG_PULL,votes=1;checked=False,2025-09-27
Cafvagzg5mD187JGytN3iun1wxRvd5ou7mmyZyaRuMsX,SOL,chainabuse:OTHER_HACK,chainabuse_crawl,OTHER_HACK,votes=1;checked=False,2025-09-27
CPXr6dG9P6HJ3wfnPdB9TQGVibbX8VQ7ZnQcgvQzyhtj,SOL,chainabuse:OTHER_HACK,chainabuse_crawl,OTHER_HACK,votes=1;checked=False,2025-09-27
2MgqMXdwSf3bRZ6S8uKJSffZAaoZBhD2mjst3phJXE7p,SOL,chainabuse:OTHER_HACK,chainabuse_crawl,OTHER_HACK,votes=1;checked=False,2025-09-27
89FnbsKH8n6FXCghGUijxh3snqx3e6VXJ7q1fQAHWkQQ,SOL,chainabuse:OTHER_HACK,chainabuse_crawl,OTHER_HACK,votes=1;checked=False,2025-09-27
BYidGfUnfoQtqi4nHiuo57Fjreizbej6hawJLnbwJmYr,SOL,chainabuse:OTHER_HACK,chainabuse_crawl,OTHER_HACK,votes=1;checked=False,2025-09-27
CHRDWWqUs6LyeeoD7pJb3iRfnvYeMfwMUtf2N7zWk7uh,SOL,chainabuse:OTHER_HACK,chainabuse_crawl,OTHER_HACK,votes=1;checked=False,2025-09-27
Dg5NLa5JuwfRMkuwZEguD9RpVrcQD3536GxogUv7pLNV,SOL,chainabuse:OTHER_HACK,chainabuse_crawl,OTHER_HACK,votes=1;checked=False,2025-09-27
EhJqf1p39c8NnH5iuZAJyw778LQua1AhZWxarT5SF8sT,SOL,chainabuse:OTHER_HACK,chainabuse_crawl,OTHER_HACK,votes=1;checked=False,2025-09-27
GGG2JyBtwbPAsYwUQED8GBbj9UMi7NQa3uwN3DmyGNtz,SOL,chainabuse:OTHER_HACK,chainabuse_crawl,OTHER_HACK,votes=1;checked=False,2025-09-27
DHA75z6fhqfSoG8CkptEoAcwYZ9gv9FGzjMvP2W7zPP,SOL,chainabuse:PHISHING,chainabuse_crawl,PHISHING,votes=1;checked=False,2025-09-27
5WG7NLCJeWn5saCKNqBtoS534zwBnugh8x9GJZPN56yH,SOL,chainabuse:AIRDROP,chainabuse_crawl,AIRDROP,label=main wallet;votes=1;checked=False,2025-09-26
9ipjNdSZmC9o7G7oXBoTdwpBrfbHEseVVwWZy4duMtNj,SOL,chainabuse:AIRDROP,chainabuse_crawl,AIRDROP,label=scum wallet;votes=1;checked=False,2025-09-26
AQRcZ7yMvSGrWWNpShonxCYhcaHsJukzXe2VTBXm1p5T,SOL,chainabuse:OTHER,chainabuse_crawl,OTHER,votes=1;checked=False,2025-09-26
5JGAfmLaa9CmeY9LimHKt3TBM6g61VMca384trr1GmS6,SOL,chainabuse:PHISHING,chainabuse_crawl,PHISHING,votes=1;checked=False,2025-09-25
3SsS3fx2FjqXgSXJFpHS8xxdMpAQtRjW7CSZdqHcxN59,SOL,chainabuse:FAKE_RETURNS,chainabuse_crawl,FAKE_RETURNS,votes=1;checked=False,2025-09-25
BX29hYwbZwj6q48M5uxPuURtnAC7QVRp6ej8PMbr6hyQ,SOL,chainabuse:OTHER+PHISHING,chainabuse_crawl,OTHER|PHISHING,votes=1;checked=False,2025-09-25
D4TU3vVpTXNwToaAmvWjBZHbM5x968vvA8pEbnyi4Mtk,SOL,chainabuse:OTHER+PHISHING,chainabuse_crawl,OTHER|PHISHING,votes=1;checked=False,2025-09-25
BjUMksxGbQCuJf7WQmAFDKBCDdbxVGiBqBNDRpyFaPSs,SOL,chainabuse:PHISHING,chainabuse_crawl,PHISHING,votes=1;checked=False,2025-09-25
EBefQytHLShE5EF4iLQLv4yypQey8rEUWQXMr3MYeuNJ,SOL,chainabuse:PHISHING,chainabuse_crawl,PHISHING,votes=1;checked=False,2025-09-25
GjDxepWj5oBPFZikFCszAHQSagC9yBWg1q9U8b4BnGRw,SOL,chainabuse:OTHER_HACK,chainabuse_crawl,OTHER_HACK,votes=1;checked=False,2025-09-24
waMWniuMJxTJNcMqVEqYLspAL6QBNxA5LVdRNe7Jn5t,SOL,chainabuse:IMPERSONATION,chainabuse_crawl,IMPERSONATION,votes=1;checked=False,2025-09-24
5F3EYjtf49J86XKT6eB4uyzMvLEfTBFYZzFaDABhBjsm,SOL,chainabuse:OTHER_HACK,chainabuse_crawl,OTHER_HACK,votes=2;checked=False,2025-09-24
CMt4m8G5qSxtdJmazX2A8MoQsoBb8jE1fQqkD4vi4U4n,SOL,chainabuse:OTHER,chainabuse_crawl,OTHER,votes=1;checked=False,2025-09-23
6ms92i4AYeMD4EezZGrHawK2A7w9DnwsJjZ3cpgHFcrH,SOL,chainabuse:CONTRACT_EXPLOIT,chainabuse_crawl,CONTRACT_EXPLOIT,votes=1;checked=False,2025-09-23
J4hKUnsp7prUFcqGmfpqHF5Wzjk2xy6eyCAyd3r6zekg,SOL,chainabuse:AIRDROP,chainabuse_crawl,AIRDROP,votes=1;checked=False,2025-09-23
3zx591omrKo1kCKy72dYxcyddh7XH94F7rwjcwH6bUTV,SOL,chainabuse:AIRDROP,chainabuse_crawl,AIRDROP,votes=1;checked=False,2025-09-23
4knuMzwUv6T2NxLxjYhwJ1A8zXrBhJbHRpZjBU41hrY5,SOL,chainabuse:PHISHING,chainabuse_crawl,PHISHING,votes=1;checked=False,2025-09-22
EqGjn1Xk3Kc5mtyRydHJ3HgvVL9R6s2diAu7Rs6FRo8E,SOL,chainabuse:PHISHING,chainabuse_crawl,PHISHING,votes=1;checked=False,2025-09-22
AtxVUe4PxbWs3k6MVQ2oFhNiefpeVdL4B1vxFAtioBYF,SOL,chainabuse:PHISHING,chainabuse_crawl,PHISHING,votes=1;checked=False,2025-09-22
GU9ddeDZff8RisqJjc84kWKDEq1BLd7VSEvtPHJt81QX,SOL,chainabuse:PHISHING,chainabuse_crawl,PHISHING,votes=1;checked=False,2025-09-22
5CPUnvWQizHt3DpJj8YViKzNVuxovMZTZqgKsxtCU7Wg,SOL,chainabuse:PHISHING,chainabuse_crawl,PHISHING,votes=1;checked=False,2025-09-22
2TLch6SeBiJ8jiHS4GLPxhLFb1QqJAQc1sJcRZr4usr6,SOL,chainabuse:PHISHING,chainabuse_crawl,PHISHING,votes=1;checked=False,2025-09-22
4FWLt9JLWSnFMkdof2PDDfydYYuQdL5USSjvGuzzVZta,SOL,chainabuse:IMPERSONATION,chainabuse_crawl,IMPERSONATION,votes=1;checked=False,2025-09-22
6b4KirTvdxBj2QN8n3q1uQHYdSvBNTGg6VQJ1DfPFjge,SOL,chainabuse:OTHER_HACK,chainabuse_crawl,OTHER_HACK,votes=1;checked=False,2025-09-22
A7YdxyZFXTsJcfdk9acmjjWFcPodzN4rJdwWvw9cPL3y,SOL,chainabuse:OTHER_HACK,chainabuse_crawl,OTHER_HACK,votes=1;checked=False,2025-09-21
4q5zs6D8ek7rvykWePJS3ANBojBxd5hxjzD2UC3tCV9K,SOL,chainabuse:FAKE_RETURNS+JOB_SCAM,chainabuse_crawl,FAKE_RETURNS|JOB_SCAM,votes=1;checked=False,2025-09-21
HUrnMQ8vZKojjkBppkPmL5TTF3vAHmvuv8mUgj9FVuaH,SOL,chainabuse:PHISHING,chainabuse_crawl,PHISHING,votes=1;checked=False,2025-09-21
EC9Uud4Eqk49WdoPvzqdWTyEZ7QjP3gAZu4xgnUeH4ps,SOL,chainabuse:PHISHING,chainabuse_crawl,PHISHING,votes=1;checked=False,2025-09-21
6uzaW1vuaUTLnwM4952Km592WDDfcyBQAXE9jWTGavq3,SOL,chainabuse:OTHER_HACK,chainabuse_crawl,OTHER_HACK,votes=1;checked=False,2025-09-20
9c14q8ebwbzmmkRUY91VFUeTrvZi2LV44XSty6WmNiTy,SOL,chainabuse:PHISHING,chainabuse_crawl,PHISHING,votes=1;checked=False,2025-09-20
HEFnjKcrNG1ZF6PVGMzEwCLgLLmJaDY6VtAZYbFzp3z6,SOL,chainabuse:OTHER_HACK,chainabuse_crawl,OTHER_HACK,votes=1;checked=False,2025-09-20
6QWHC4BP1qmsXZuYSTdyctMDKRaFEY7HVEP59yuUxLqN,SOL,chainabuse:PHISHING,chainabuse_crawl,PHISHING,votes=1;checked=False,2025-09-20
2YKmPQ5gRbgbrAQf6UVj2F67MDKiqTuMHLX4DMRnmvem,SOL,chainabuse:IMPERSONATION,chainabuse_crawl,IMPERSONATION,votes=1;checked=False,2025-09-20
4gqRMNgwwk8JoE7ZqCb95R61tTj2oqUwWqGpDs4VnQCJ,SOL,chainabuse:RANSOMWARE,chainabuse_crawl,RANSOMWARE,votes=1;checked=False,2025-09-20
6NxFbM77V7YFrV68F3tMRwEy5XHwfuK6P9dVzx56bq6c,SOL,chainabuse:OTHER_HACK,chainabuse_crawl,OTHER_HACK,votes=1;checked=False,2025-09-20
A9punRV6xQLMbgodqpKV7nspzpKxUCArW2WkK4vgYF8F,SOL,chainabuse:OTHER,chainabuse_crawl,OTHER,votes=1;checked=False,2025-09-19
BrfzMrCrpDQX5GmgcsQ2u9uydvPfZkupTX4scnyWyGpR,SOL,chainabuse:CONTRACT_EXPLOIT,chainabuse_crawl,CONTRACT_EXPLOIT,votes=1;checked=False,2025-09-19
6zJ75C6zktpHRCcu9vAJM3rXYEh8xTVdVTEHJGK9DkgZ,SOL,chainabuse:OTHER_HACK,chainabuse_crawl,OTHER_HACK,votes=1;checked=False,2025-09-19
BLWWXPoUVzQVcPAhQUj6bZy4sEnrZcg9Ggf5qjzqBRvr,SOL,chainabuse:PHISHING,chainabuse_crawl,PHISHING,votes=1;checked=False,2025-09-19
63uMnBt4uX19HsYsdCtMjecTWLhy944V8pFKDpNc63xg,SOL,chainabuse:FAKE_RETURNS,chainabuse_crawl,FAKE_RETURNS,label=My account;votes=1;checked=False,2025-09-19
8aG44XmSi93jhspBc5AN7oYmZR2aqreesVjdLBUSFt5X,SOL,chainabuse:FAKE_RETURNS,chainabuse_crawl,FAKE_RETURNS,label=scammer account 2;votes=1;checked=False,2025-09-19
C8r8wnDbCNEYreCBi6rBLAkKeGu2DRswifW7d2JB4b5Z,SOL,chainabuse:PHISHING,chainabuse_crawl,PHISHING,votes=1;checked=False,2025-09-19
8MGyfgwkn9tXcyvqPWYKjoB1kpNJE5TcJsC6rqh2DW4B,SOL,chainabuse:CONTRACT_EXPLOIT+OTHER+OTHER_HACK+PHISHING,chainabuse_crawl,CONTRACT_EXPLOIT|OTHER|OTHER_HACK|PHISHING,label=funds scam ;votes=1;checked=False,2025-09-19
FJTtuXsJnHUDNpG8mZmMXoGKobU7hufUPfPWFaAyNeM6,SOL,chainabuse:OTHER_HACK,chainabuse_crawl,OTHER_HACK,votes=1;checked=False,2025-09-18
HQHHPVxguG5rMKqyPcybT4wpVt4cEPAW1P3t4E5d7cCU,SOL,chainabuse:OTHER_HACK+PHISHING,chainabuse_crawl,OTHER_HACK|PHISHING,votes=1;checked=False,2025-09-18
9hpmVBvCCYKFNe5Cqe4tGF21RoKiuyydYrWWTY6Nmzb,SOL,chainabuse:OTHER_HACK,chainabuse_crawl,OTHER_HACK,votes=1;checked=False,2025-09-18
6LzjZphKfPvuKiD5Kx97jwCqnrF6akVT6K5gydoUbPT2,SOL,chainabuse:OTHER_HACK,chainabuse_crawl,OTHER_HACK,votes=1;checked=False,2025-09-18
HGFJWLnMyCw813wWiensi8nhzn9Ub8muLXzVXx17P5CQ,SOL,chainabuse:OTHER_HACK,chainabuse_crawl,OTHER_HACK,label=Bitget exchange;votes=1;checked=False,2025-09-18
DEADPvnXnZ2KycmgpFendFQAWkexVrW8SyYzRgqSYBTj,SOL,chainabuse:OTHER_HACK,chainabuse_crawl,OTHER_HACK,votes=1;checked=False,2025-09-18
4mU9vfhTpq8tpe58jzQWBSQdenGWZYxPZLSPzjnzY7yo,SOL,chainabuse:PHISHING,chainabuse_crawl,PHISHING,votes=1;checked=False,2025-09-18
9oNgp2fphqLYk3U2uRBGCStP1P3TnbN66ckJ7Dpyutty,SOL,chainabuse:OTHER_HACK,chainabuse_crawl,OTHER_HACK,votes=1;checked=False,2025-09-17
5nFiaCpA8wAy2ATFTs7cLaaKASnWLSjdQzA7DLDcncAq,SOL,chainabuse:FAKE_RETURNS,chainabuse_crawl,FAKE_RETURNS,votes=1;checked=False,2025-09-17
BURNNeQ2zERsVhL6GgJR45CvGtwdxHeWBs4B5V4zRFgL,SOL,chainabuse:PHISHING,chainabuse_crawl,PHISHING,votes=1;checked=False,2025-09-17
6NSbiySR1eBko2aVhfi43UzvQqhE5hHnvscfx5a4fR3n,SOL,chainabuse:PHISHING,chainabuse_crawl,PHISHING,votes=1;checked=False,2025-09-17
4pjBusU9dvjSkGZd1u3LVMdGD78Vvto5CAMNxnqLgYRx,SOL,chainabuse:PHISHING,chainabuse_crawl,PHISHING,votes=1;checked=False,2025-09-17
92AK62WHdnndH25qc3Q2yj4CACg8QRiv6DLPJk9BoSKr,SOL,chainabuse:PHISHING,chainabuse_crawl,PHISHING,votes=1;checked=False,2025-09-17
REfUndEd1DoYqRzHtjPpx1WYgTL2f2C86pnU44x1jgc,SOL,chainabuse:PHISHING,chainabuse_crawl,PHISHING,votes=1;checked=False,2025-09-17
GnbE82Kd7oNZoiHwfHepZ4Ascc7rpfw6mq6DPHzd3dB6,SOL,chainabuse:FAKE_PROJECT,chainabuse_crawl,FAKE_PROJECT,votes=1;checked=False,2025-09-17
6ybhmBRAAGGBcxYMMdN6rA2EhrbXcABub2K2pAM6EV2v,SOL,chainabuse:OTHER_INVESTMENT_SCAM,chainabuse_crawl,OTHER_INVESTMENT_SCAM,votes=1;checked=False,2025-09-17
5KcMPUB23oa8NRk2q4xDstjU4dQtZmWEydWRDHLd6hpk,SOL,chainabuse:OTHER,chainabuse_crawl,OTHER,votes=1;checked=False,2025-09-17
9seZiKdoYvgu9tYsjLEyySTxm1WCszq3cDwbQT8bxN98,SOL,chainabuse:OTHER_HACK,chainabuse_crawl,OTHER_HACK,votes=1;checked=False,2025-09-16
BPyYuxTbAqbEyLZggDoTna518jQYwgwuNHXawmGEauy2,SOL,chainabuse:OTHER_HACK,chainabuse_crawl,OTHER_HACK,label=SCAMMER;votes=1;checked=False,2025-09-16
ZSwFYmxvR3sXdki3UgSnBARQSpnNtqm4xME4B8RgDTo,SOL,chainabuse:OTHER_HACK,chainabuse_crawl,OTHER_HACK,votes=1;checked=False,2025-09-16
FLipgewPwNeqvwPFW3CvMTLpHTvuX7BQoXC6xhrWiCR3,SOL,chainabuse:FAKE_RETURNS,chainabuse_crawl,FAKE_RETURNS,votes=1;checked=False,2025-09-16
J5jf7TrYn5TBFHpaRci8GbbUmnvcpwa1haTHBHVZHB43,SOL,chainabuse:OTHER_HACK,chainabuse_crawl,OTHER_HACK,votes=-1;checked=False,2025-09-16
4VoAjYtknj4J4xu69wRyr1zyK5qxC3SW3njKrodzfDkP,SOL,chainabuse:PIGBUTCHERING,chainabuse_crawl,PIGBUTCHERING,votes=1;checked=False,2025-09-15
7ZNBhzJhFf2CaWwompHUJK9MyKyREsXwTQiqrzYGdJUU,SOL,chainabuse:FAKE_RETURNS+OTHER+PHISHING,chainabuse_crawl,FAKE_RETURNS|OTHER|PHISHING,votes=1;checked=False,2025-09-15
Frm1in4aiyoqN9EWB3Qwoizstw5UoZWeWNcwRxxSnSA8,SOL,chainabuse:FAKE_RETURNS,chainabuse_crawl,FAKE_RETURNS,votes=0;checked=False,2025-09-15
atrvY21pntgeyZmgxDiEFD6oT8qt6fSJcBzp7HFxZza,SOL,chainabuse:OTHER_HACK,chainabuse_crawl,OTHER_HACK,label=-2.68 SOL adress;votes=1;checked=False,2025-09-15
opNS8ENpEMWdXcJUgJCsJTDp7arTXayoBEeBUg6UezP,SOL,chainabuse:OTHER_HACK,chainabuse_crawl,OTHER_HACK,label=-0.003 SOL adress;votes=1;checked=False,2025-09-15
12YmctPskoUr8MpDpN5V9iwkodVBcJQBf2Uy6TnRojHG,SOL,chainabuse:PHISHING,chainabuse_crawl,PHISHING,votes=1;checked=False,2025-09-15
GRWXumaVbVKNnqysy7w8uH1Zr3FSHXjRGMhT7Uzyoya5,SOL,chainabuse:PHISHING,chainabuse_crawl,PHISHING,votes=1;checked=False,2025-09-14
H98nqDxZjuabAmwzoqp3FwhEo3VAkmeTMKexXywfKHPT,SOL,chainabuse:FAKE_PROJECT,chainabuse_crawl,FAKE_PROJECT,votes=1;checked=False,2025-09-14
L3Lf9sMqEQAYKJvU6QFvqYCzpb2VCoSDKk5VccK9xHt,SOL,chainabuse:FAKE_RETURNS,chainabuse_crawl,FAKE_RETURNS,votes=1;checked=False,2025-09-14
2xjbHtoiFN24pJpUpeS7DRyaF8GR7yzXQ1edJr4w31Ga,SOL,chainabuse:OTHER,chainabuse_crawl,OTHER,label=my address ;votes=1;checked=False,2025-09-14
GasTDAB3cG2Scha2rVXkZpQRevcamzh4aCr29JQMfzb6,SOL,chainabuse:OTHER,chainabuse_crawl,OTHER,label=theft;votes=1;checked=False,2025-09-14
G54Vuk2qmZkWXUekARUU9baquKtDC2Cu5Grehb3LHLEa,SOL,chainabuse:RUG_PULL,chainabuse_crawl,RUG_PULL,votes=1;checked=False,2025-09-13
7NrQtTykxsFosuAYx9dDEZGa7cnWeMmK8PAevTPkMK5b,SOL,chainabuse:OTHER,chainabuse_crawl,OTHER,votes=1;checked=False,2025-09-13
6PRtBFvMNGDoxrsVj2UQUzQGeGGZ7kDCehXE8ydVi8Yt,SOL,chainabuse:IMPERSONATION,chainabuse_crawl,IMPERSONATION,votes=1;checked=False,2025-09-13
7u11kLFWkY3zG8SmuN18oWWwTVaGQkwZT1CPWccVEjy,SOL,chainabuse:OTHER,chainabuse_crawl,OTHER,votes=1;checked=False,2025-09-13
47xvNjZ4nt2eL93npFsySRRfhiPLmVRtn6sBLVn9irWp,SOL,chainabuse:FAKE_PROJECT,chainabuse_crawl,FAKE_PROJECT,label=Deposited to this wallet;votes=1;checked=False,2025-09-12
DxqweCyfZ9MYCCpeVup7oYC56pqimvwpVsUaHcapQmHd,SOL,chainabuse:FAKE_PROJECT,chainabuse_crawl,FAKE_PROJECT,label=Possible personal wallet;votes=1;checked=False,2025-09-12
ETkzvEwo5XKKvk5JZvzAKgUU8jHS8hgXiQS84KFLECGr,SOL,chainabuse:FAKE_PROJECT,chainabuse_crawl,FAKE_PROJECT,votes=1;checked=False,2025-09-12
4zKi1P2Q829QjJe1WZsyDEfXWXrGbcsht4sGFsLqLckM,SOL,chainabuse:OTHER,chainabuse_crawl,OTHER,votes=1;checked=False,2025-09-12
6Wzuv7vLc6Vq8HJcHwwSCE9SKcdJiuoJmJm3EMFkWERN,SOL,chainabuse:FAKE_RETURNS,chainabuse_crawl,FAKE_RETURNS,votes=1;checked=False,2025-09-12
7rkdNGoEWxCdHdPSn6xj12o7Z1xUQuHZX3VS8X6WYZRA,SOL,chainabuse:FAKE_RETURNS,chainabuse_crawl,FAKE_RETURNS,votes=1;checked=False,2025-09-12
mR6Qm7ubNpfqSJqauksJMsFgmR5eJ82qkDTRJYWohrF,SOL,chainabuse:FAKE_RETURNS,chainabuse_crawl,FAKE_RETURNS,votes=1;checked=False,2025-09-12
GpCgj8MFiwFAtN7sduGwTAvK8vRbr87ZPLWEU9UBLXHD,SOL,chainabuse:FAKE_RETURNS,chainabuse_crawl,FAKE_RETURNS,votes=1;checked=False,2025-09-12
5rGm2Lr5fRiD44i7XpNfgy4jDeSHN52VdTCHKcFs7ExX,SOL,chainabuse:IMPERSONATION+PHISHING,chainabuse_crawl,IMPERSONATION|PHISHING,votes=1;checked=False,2025-09-12
67pcj3QMk6f3ExRfFvbREGTdGpHmauNPiBfkzY7tA7Rq,SOL,chainabuse:PHISHING,chainabuse_crawl,PHISHING,votes=1;checked=False,2025-09-12
CfHJ2LQbLJiGe75hf4jiGfVyXG7bjEcneotBqU2pFjFv,SOL,chainabuse:PHISHING,chainabuse_crawl,PHISHING,votes=1;checked=False,2025-09-12
A1dJNetmanMu1Et3pWSp824xcegdyxRUtYTfWLmzQavZ,SOL,chainabuse:PHISHING,chainabuse_crawl,PHISHING,votes=1;checked=False,2025-09-12
76sRB76ScReKJfLPL2To6o41GpDFsCvhL1Bvdsb5Lo8r,SOL,chainabuse:OTHER_HACK,chainabuse_crawl,OTHER_HACK,votes=1;checked=False,2025-09-11
ESS9SyASEU72phJmivdFWFyykzgH4mJedPyZNXhLCyyK,SOL,chainabuse:OTHER_HACK,chainabuse_crawl,OTHER_HACK,votes=1;checked=False,2025-09-11
4qPUjcpc5BofJ6ijJp2S5Xvp7xhYaQxChnN5inZJwok1,SOL,chainabuse:OTHER_HACK,chainabuse_crawl,OTHER_HACK,votes=1;checked=False,2025-09-11
9sjGfHS79v7WbyYbLFJV3btKNQinMvz32HdJxTMk7PtW,SOL,chainabuse:OTHER_HACK,chainabuse_crawl,OTHER_HACK,label=hacker;votes=1;checked=False,2025-09-11
88Lysa4JAwgzvfx56Jva4rVsyWDkykhvM9NUXxPi1Q6s,SOL,chainabuse:PHISHING,chainabuse_crawl,PHISHING,votes=1;checked=False,2025-09-11
FfCALEqyvkvGtvMruMKxorM14xyMQMsqSQMomU4YWZXj,SOL,chainabuse:PHISHING,chainabuse_crawl,PHISHING,votes=1;checked=False,2025-09-10
AKhKZLqKMrCeByyiXxM5RQWmizm4sPdEmiruLidBE6tU,SOL,chainabuse:FAKE_PROJECT,chainabuse_crawl,FAKE_PROJECT,votes=1;checked=False,2025-09-10
4WfNXVppzSb2SYDU9G58UPWyBGUbaEUxmGvsY7aJpXMC,SOL,chainabuse:IMPERSONATION,chainabuse_crawl,IMPERSONATION,votes=1;checked=False,2025-09-09
9QYiw2mRx9mMG2rJ7LcdyBXSema9JcBDNVCBBLYr7nnh,SOL,chainabuse:IMPERSONATION,chainabuse_crawl,IMPERSONATION,votes=1;checked=False,2025-09-09
Ets25stQhbSYUJpiMh3T9RUoRXz28n5Gy3fEGcrFcR91,SOL,chainabuse:OTHER_HACK,chainabuse_crawl,OTHER_HACK,votes=1;checked=False,2025-09-09
BaXMVH1o4rEaKNQuQ12rvKrQmYogqxYBrrp8zGmpA1MJ,SOL,chainabuse:AIRDROP+IMPERSONATION,chainabuse_crawl,AIRDROP|IMPERSONATION,"label=9,186.07;votes=1;checked=False",2025-09-09
2Cj5WwZ8Wty9d9yPDFhE8wZLsM7286WfjNY1v8nKcB8a,SOL,chainabuse:AIRDROP,chainabuse_crawl,AIRDROP,"label=28,893.6;votes=1;checked=False",2025-09-09
F2TJkJj4A2fJAaUtjLmbCcXe4PrxnwZjZpmAcC6orYpm,SOL,chainabuse:OTHER_HACK,chainabuse_crawl,OTHER_HACK,votes=1;checked=False,2025-09-08
Cq7RfoUgYQZE6SFz9mhAApXnQ8N3qaN38DyCuPcUbZ68,SOL,chainabuse:RUG_PULL,chainabuse_crawl,RUG_PULL,votes=1;checked=False,2025-09-08
GPMgS5kX4vQZWApk4s5oxvuprA6xtEzGSMJLE929tmyc,SOL,chainabuse:OTHER_HACK,chainabuse_crawl,OTHER_HACK,votes=2;checked=False,2025-09-08
3u9J3bwmUouKMjtu9JQVFSq8spMES2D5fanVDJeNGuVq,SOL,chainabuse:JOB_SCAM,chainabuse_crawl,JOB_SCAM,votes=1;checked=False,2025-09-08
5ipQ5akw1a1qUEBBpeWK18eixuGBc1fLj2cCM3ZzJNLM,SOL,chainabuse:OTHER_HACK+PHISHING,chainabuse_crawl,OTHER_HACK|PHISHING,votes=1;checked=False,2025-09-08
TYFWG3hvvxWMs2KXEk8cDuJCsXEyKs65eeqpD9P4mK1,SOL,chainabuse:PHISHING,chainabuse_crawl,PHISHING,votes=1;checked=False,2025-09-08
ZuT1V4rfstJJY3n7YosKBXEvUkNLZhETfM8LbxzUFum,SOL,chainabuse:OTHER_HACK,chainabuse_crawl,OTHER_HACK,votes=1;checked=False,2025-09-08
1Pw6GSikUWYsKsiWmg25irLWC5gB32UWTnU7bwRpump,SOL,chainabuse:RUG_PULL,chainabuse_crawl,RUG_PULL,votes=1;checked=False,2025-09-07
E45qRJE6F3k2ouJ8gyAMH3SroJWd8mEWFgAQauBEqpsm,SOL,chainabuse:CONTRACT_EXPLOIT,chainabuse_crawl,CONTRACT_EXPLOIT,votes=1;checked=False,2025-09-07
wxMiUXCeaP6d7sP1twRDJ2HitSgd6NVvhRafJ6Ej9xP,SOL,chainabuse:AIRDROP,chainabuse_crawl,AIRDROP,votes=1;checked=False,2025-09-07
3yaP3JrheAg2P7kjHkeyxPJgFAx53dfd8TW72i59VGSv,SOL,chainabuse:OTHER_HACK,chainabuse_crawl,OTHER_HACK,votes=1;checked=False,2025-09-07
7GcWutPNCUTGg1rgVxhbegCJApDgdDc63bVkMq9x7ZVb,SOL,chainabuse:PHISHING,chainabuse_crawl,PHISHING,votes=1;checked=False,2025-09-06
F8xihnu2W2n3jFQJtWG4DpGqjXdrqdt6Jk64SksRmhgH,SOL,chainabuse:FAKE_PROJECT,chainabuse_crawl,FAKE_PROJECT,votes=1;checked=False,2025-09-05
BcBXe4PncgtihFFsagXAgH453EyFRQZDQu9M9xG23eAu,SOL,chainabuse:OTHER+PHISHING,chainabuse_crawl,OTHER|PHISHING,votes=2;checked=False,2025-09-05
51E28XuG7toJW387Nj4gBjhmJVnPs95PXmECYbomKQKU,SOL,chainabuse:AIRDROP,chainabuse_crawl,AIRDROP,votes=1;checked=False,2025-09-04
5iao4CLWhixFQUrnJL1od9rmtnDg9cK1mCAcXcvoEYEb,SOL,chainabuse:OTHER_HACK,chainabuse_crawl,OTHER_HACK,label=Chor;votes=1;checked=False,2025-09-04
H4u7L26EHjLaxeLfBdv4j4jqrB5De95XGNjMzTMA1j24,SOL,chainabuse:DONATION_SCAM,chainabuse_crawl,DONATION_SCAM,votes=1;checked=False,2025-09-04
Cxxjpo1ngCZFQY9U3tw3WoQvSGCSBatM4uSpHmjayDUE,SOL,chainabuse:OTHER_HACK,chainabuse_crawl,OTHER_HACK,votes=1;checked=False,2025-09-04
3S9x42rSaXyXLdLrrty8XYYttbE6461dZj4UxTyodBsW,SOL,chainabuse:PHISHING,chainabuse_crawl,PHISHING,votes=1;checked=False,2025-09-03
EuYAuksrtr6ea1AATBLoCcJDRw4DueXc8HEXVDX9L4Ep,SOL,chainabuse:PHISHING,chainabuse_crawl,PHISHING,votes=1;checked=False,2025-09-03
5xdtcsqMGkmsBckvqg554KZWd7vpuhzaaJiFs3FNHPbm,SOL,chainabuse:IMPERSONATION,chainabuse_crawl,IMPERSONATION,votes=1;checked=False,2025-09-02
5QuVhHn9sCPTsfRKGwQ4jZtVUq4iCF7rVfwGEvrJvJHE,SOL,chainabuse:PHISHING,chainabuse_crawl,PHISHING,votes=1;checked=False,2025-09-02
6N1VJGyCjR1doeAG3ihxYwLTJuu9qsTLtUYumvrsRTCA,SOL,chainabuse:OTHER_HACK,chainabuse_crawl,OTHER_HACK,votes=1;checked=False,2025-09-01
4XQnXhkTqVgMj5ozZ5Cz3fabhKXaPUXcwF8P6HniTc5j,SOL,chainabuse:RUG_PULL,chainabuse_crawl,RUG_PULL,votes=1;checked=False,2025-09-01
59FjUWoDU7gteoKY5yENZtwFuicApjmrwhzPTjHDw4KE,SOL,chainabuse:PHISHING,chainabuse_crawl,PHISHING,label=my wallet;votes=1;checked=False,2025-09-01
4igphikmzz28MbefQKJ6UMrMGA8roQvKsQEzYWuu3fSq,SOL,chainabuse:PHISHING,chainabuse_crawl,PHISHING,label=scammer;votes=1;checked=False,2025-09-01
EpTANki6JGgMd7erieNndQhuMV5hdPVQmW37jCbzk1Lx,SOL,chainabuse:PHISHING,chainabuse_crawl,PHISHING,label=pumpfun user;votes=1;checked=False,2025-09-01
6zURBi5B1W7a7sJCEWf8h4z1Bmn4T7cmWxwHU9xHyecz,SOL,chainabuse:FAKE_RETURNS,chainabuse_crawl,FAKE_RETURNS,votes=1;checked=False,2025-09-01
B7Ki8K9STmvRs66BRK2DvXCF7Nyf9t2ewZtVwwL3oad4,SOL,chainabuse:OTHER_HACK,chainabuse_crawl,OTHER_HACK,votes=1;checked=False,2025-09-01
ASEk3eyTkihvRX4WzWw2TRafWNj5s3nmYCgBGH998LrS,SOL,chainabuse:IMPERSONATION+OTHER_HACK,chainabuse_crawl,IMPERSONATION|OTHER_HACK,votes=1;checked=False,2025-09-01
GCdgV4VFN8LZ8zrNnET6mbhfDvpobpEQXPACG3GSzoGe,SOL,chainabuse:FAKE_PROJECT,chainabuse_crawl,FAKE_PROJECT,label=initial receiving address;votes=1;checked=False,2025-09-01
9eTRqd2ZEZRq6W3sGrhJyhDsiWjopM9yZASUNk7sAQSy,SOL,chainabuse:FAKE_PROJECT,chainabuse_crawl,FAKE_PROJECT,label=next hop after initial ad;votes=1;checked=False,2025-09-01
5QuVa23A7xvUifFwva2Ta56pzYh57iVNyDVWLc6MJqHE,SOL,chainabuse:IMPERSONATION+PHISHING,chainabuse_crawl,IMPERSONATION|PHISHING,label=Scammer main address;votes=1;checked=False,2025-09-01
27ScS2JnnopfUgpnbCTYQwabdrg8eDwpr6vnQPRbrgwq,SOL,chainabuse:OTHER,chainabuse_crawl,OTHER,votes=1;checked=False,2025-08-31
9rkmZD29rgx8qsNY8bPtgBe28QjsB9Dzr7cR9Qx68baD,SOL,chainabuse:PHISHING,chainabuse_crawl,PHISHING,votes=1;checked=False,2025-08-30
9e1n2gj5g3Kfo3e5m4B5kGcfV9upcQnCv8AzwZo9U6v6,SOL,chainabuse:AIRDROP,chainabuse_crawl,AIRDROP,votes=1;checked=False,2025-08-30
8Gs5t68bbdGhLVeymxtTCKEA1FCwzutHQicsuEysmgvW,SOL,chainabuse:FAKE_RETURNS,chainabuse_crawl,FAKE_RETURNS,votes=1;checked=False,2025-08-29
6reoQutEbiNR7hhvEQVm63A2CJMfVpEiGTQUZszhLhrW,SOL,chainabuse:OTHER_HACK,chainabuse_crawl,OTHER_HACK,label=hacker;votes=1;checked=False,2025-08-29
4JgkV8fpf5JGD7XpWFYduJpsEp4qKXjo8RPMbJ8Jxrj8,SOL,chainabuse:OTHER,chainabuse_crawl,OTHER,votes=1;checked=False,2025-08-29
CgkKUi8m1m3EGVWAZgegjVyeQyQd1c4GBqNx5mKsb6rY,SOL,chainabuse:OTHER_HACK,chainabuse_crawl,OTHER_HACK,votes=1;checked=False,2025-08-29
J7QA824Ho8E21q3kYJ7sSAPR9Nd6UuL116PVpauAoGHJ,SOL,chainabuse:PHISHING,chainabuse_crawl,PHISHING,votes=1;checked=False,2025-08-28
5w6cuL3HmYR6FAwLGjkoXWXX1bHhr7tecCZPFb6YvrXs,SOL,chainabuse:PHISHING,chainabuse_crawl,PHISHING,votes=1;checked=False,2025-08-28
AjTnk1xYEUo8xDh9QnMYNRX5pqVryZcouAgKJErZFGv4,SOL,chainabuse:PHISHING,chainabuse_crawl,PHISHING,votes=1;checked=False,2025-08-28
GDLmT7MxCZbfnJmLWaE8GV8GQfpRAS87Q8yWjXFWFwBW,SOL,chainabuse:PHISHING,chainabuse_crawl,PHISHING,votes=1;checked=False,2025-08-28
A1kHY9aK9tvoL1uJQRHcNnzc6NtL3paiP1Xf7MUHeGkk,SOL,chainabuse:PHISHING,chainabuse_crawl,PHISHING,votes=1;checked=False,2025-08-28
3uNg6VunMvnnH8dBF1c4p1jTxo2BhPYLPPwWt264sCYv,SOL,chainabuse:PHISHING,chainabuse_crawl,PHISHING,votes=1;checked=False,2025-08-28
HPNoYXUiDEXzD1kHha7DXaAASRSNQqV16MpwYVx1mjz1,SOL,chainabuse:PHISHING,chainabuse_crawl,PHISHING,votes=1;checked=False,2025-08-28
7V4m5j4j7CvTXFTPgDae8BJEdszh9eT4jnVAv6uhH4p,SOL,chainabuse:OTHER_INVESTMENT_SCAM,chainabuse_crawl,OTHER_INVESTMENT_SCAM,votes=1;checked=False,2025-08-28
4AhujnThUXdJGXDEK442tjHuKYxVQbdKVjNYcK1GitUQ,SOL,chainabuse:OTHER_INVESTMENT_SCAM,chainabuse_crawl,OTHER_INVESTMENT_SCAM,votes=1;checked=False,2025-08-28
9rJX9FMrTbRM4wRvmHx9MMGbkbrSVuwbFAK8GXS6rRid,SOL,chainabuse:OTHER_INVESTMENT_SCAM,chainabuse_crawl,OTHER_INVESTMENT_SCAM,votes=1;checked=False,2025-08-28
Hc2vsrdknaVuSypGNyMDuzR3FN3yWVcSuFALT6j2Cq71,SOL,chainabuse:OTHER_HACK,chainabuse_crawl,OTHER_HACK,votes=1;checked=False,2025-08-27
9yj3zvLS3fDMqi1F8zhkaWfq8TZpZWHe6cz1Sgt7djXf,SOL,chainabuse:FAKE_RETURNS+OTHER_HACK+PHISHING,chainabuse_crawl,FAKE_RETURNS|OTHER_HACK|PHISHING,votes=1;checked=False,2025-08-26
DkCpAEF4b3ryN5WmauQm5b626BCnM19sNMMRX7hvCa4h,SOL,chainabuse:PHISHING,chainabuse_crawl,PHISHING,votes=1;checked=False,2025-08-26
Fff4ixmjRPbxB5R2G1yhmmECNW23H7AgwJcWghF7FZrA,SOL,chainabuse:PHISHING,chainabuse_crawl,PHISHING,votes=1;checked=False,2025-08-26
2WiLMD2S78pUA8g4UribqBCcqtWNSNeCfCBhixZKYs7W,SOL,chainabuse:OTHER_HACK,chainabuse_crawl,OTHER_HACK,votes=1;checked=False,2025-08-26
EoDbD7NAUdNJkXwtS41668yAEnX7z8Eb5ogdFjFAw2tg,SOL,chainabuse:OTHER_HACK,chainabuse_crawl,OTHER_HACK,votes=1;checked=False,2025-08-26
8U3FyrU7qu1KWNj2p548b6HGQzAMRngDMz5y2nWdjGFe,SOL,chainabuse:OTHER_HACK,chainabuse_crawl,OTHER_HACK,votes=1;checked=False,2025-08-26
7URP3aC3KXRDA4AnWyBaPypBtcjmoV6Lgcxtj4pkkeZg,SOL,chainabuse:PHISHING,chainabuse_crawl,PHISHING,votes=1;checked=False,2025-08-26
HhzzPzQhgfANJzpvVYcrX1ymQhP7bG2BNxUkKqPLwd5a,SOL,chainabuse:PHISHING,chainabuse_crawl,PHISHING,votes=1;checked=False,2025-08-26
6bWCLcWT3VTyyPPHwcBdzGxKQAQXHXNunHHdLQB3ppQ9,SOL,chainabuse:PHISHING,chainabuse_crawl,PHISHING,votes=1;checked=False,2025-08-26
Av8djz1EJqoH2RgPbQjXgBA1ZwkhyoBqeU7ugVVDQv5t,SOL,chainabuse:FAKE_PROJECT,chainabuse_crawl,FAKE_PROJECT,votes=1;checked=False,2025-08-26
BvVWTKQxaonMLkVchZWA5jNi3WVUEWj6575Q4r2pZC36,SOL,chainabuse:OTHER_INVESTMENT_SCAM,chainabuse_crawl,OTHER_INVESTMENT_SCAM,votes=1;checked=False,2025-08-26
9MfFKZLnTmbkfttLBNbYbyfS8StWf89HSAXWLW3yB6wM,SOL,chainabuse:OTHER_INVESTMENT_SCAM,chainabuse_crawl,OTHER_INVESTMENT_SCAM,votes=1;checked=False,2025-08-26
7bSCgzDWir42awAkAZ2UtaPtA9j6HywwZnaD2VePUJHN,SOL,chainabuse:OTHER_INVESTMENT_SCAM,chainabuse_crawl,OTHER_INVESTMENT_SCAM,votes=1;checked=False,2025-08-26
AabdNCbVUV23BnS7WfU9LGxpVnPuoHNCCd4puTVem45M,SOL,chainabuse:OTHER_INVESTMENT_SCAM,chainabuse_crawl,OTHER_INVESTMENT_SCAM,votes=1;checked=False,2025-08-26
C5MVkUpnfn74LJytZeNdB3Cy8UHydGphdtguHWHT4zEQ,SOL,chainabuse:OTHER_INVESTMENT_SCAM,chainabuse_crawl,OTHER_INVESTMENT_SCAM,votes=1;checked=False,2025-08-26
GqtvsgkbQkPCMy3agkeTyJBmcP1aFJoDZWQhGVBAurtc,SOL,chainabuse:OTHER_INVESTMENT_SCAM,chainabuse_crawl,OTHER_INVESTMENT_SCAM,votes=1;checked=False,2025-08-26
5X7sHJbv65UmULdZYuNaKugq9mfrYBmFc8jHW46pY8qN,SOL,chainabuse:OTHER_INVESTMENT_SCAM,chainabuse_crawl,OTHER_INVESTMENT_SCAM,votes=1;checked=False,2025-08-26
HwSqohcExsz58r75JCh9vFq7D8jUbjnJEUkVkVySMj1J,SOL,chainabuse:OTHER_INVESTMENT_SCAM,chainabuse_crawl,OTHER_INVESTMENT_SCAM,votes=1;checked=False,2025-08-26
CkJ7bgL6iLvjSVvaLzHSMdAqEuZoAqhtMevJ3gUvCEPK,SOL,chainabuse:AIRDROP,chainabuse_crawl,AIRDROP,votes=1;checked=False,2025-08-25
7x9kQz3j2mY5v6aL8b9cPqRt2j3k4mN5wX6yZ7qW8vX,SOL,chainabuse:OTHER_HACK,chainabuse_crawl,OTHER_HACK,votes=2;checked=False,2025-08-25
EXEFyT7uCmFvMboxzjbShPfKWpKNuW1KvCJkg4rTXV1d,SOL,chainabuse:OTHER_HACK,chainabuse_crawl,OTHER_HACK,votes=1;checked=False,2025-08-25
EmAxDMfTVsipRAbpY6TrBwGE38T6ByPz2reSpfdCWB3g,SOL,chainabuse:AIRDROP,chainabuse_crawl,AIRDROP,votes=1;checked=False,2025-08-25
3jwgQRfZrDNLdFLs8xZcCHgmoaZaZrrDvWcLStZHPfLU,SOL,chainabuse:FAKE_PROJECT,chainabuse_crawl,FAKE_PROJECT,votes=1;checked=False,2025-08-25
2SygiF3vygFE8q55jikyydiVVDFTLW7AWD2UYMHiqmqD,SOL,chainabuse:OTHER_HACK,chainabuse_crawl,OTHER_HACK,votes=1;checked=False,2025-08-24
6msq6rYs7gV9kBxU8DUsLXCfhGqfsCRmTXTt7nzSxMrG,SOL,chainabuse:OTHER,chainabuse_crawl,OTHER,votes=1;checked=False,2025-08-24
A7xDu78wDb7NxaSTdVTNeHcezk7bR33tS91rpnntn9YY,SOL,chainabuse:AIRDROP+OTHER+PHISHING,chainabuse_crawl,AIRDROP|OTHER|PHISHING,votes=1;checked=False,2025-08-24
FcwMrbokxDTSbU1hR1xvvzTWPsmhmKFChWz1SVFeH71z,SOL,chainabuse:PHISHING,chainabuse_crawl,PHISHING,votes=1;checked=False,2025-08-21
9gxZYr8PigiMSznix55wrEKmLtzzK9dLucteAHsWTu4C,SOL,chainabuse:PHISHING,chainabuse_crawl,PHISHING,votes=1;checked=False,2025-08-21
7WxQLNqjeeiippYw7fbGa1R22ngU68jL5YapvYooasnJ,SOL,chainabuse:IMPERSONATION,chainabuse_crawl,IMPERSONATION,votes=1;checked=False,2025-08-21
3mB4v9abrUmPzpuer8sPBgwTjZiBRKN1yCqmakSvehgW,SOL,chainabuse:FAKE_PROJECT,chainabuse_crawl,FAKE_PROJECT,votes=1;checked=False,2025-08-20
9RcgiMrHtq245VJ6W1nH5B1ssmr9FZooeddaJCaAmm3q,SOL,chainabuse:FAKE_PROJECT,chainabuse_crawl,FAKE_PROJECT,votes=1;checked=False,2025-08-20
G6YjCqprHmzepTkQYJPrpcY976ZPkUG6RtfXuFygyGXp,SOL,chainabuse:OTHER_HACK,chainabuse_crawl,OTHER_HACK,votes=1;checked=False,2025-08-20
GFdH4BninRr1LTQ3cCQC9XaRSohebMN9AcianQ2CsU93,SOL,chainabuse:OTHER,chainabuse_crawl,OTHER,votes=1;checked=False,2025-08-20
HXvJsEux7hzvKM2M3tFFVzJ52JuZKBvVBfcuAFKpHkqg,SOL,chainabuse:OTHER_HACK,chainabuse_crawl,OTHER_HACK,votes=1;checked=False,2025-08-20
6mbhJ5yogioihB6W1RbxCMju231FsemjCk56R1pZQ2AM,SOL,chainabuse:IMPERSONATION,chainabuse_crawl,IMPERSONATION,votes=1;checked=False,2025-08-20
61YZV3DCQFkWiG57YA8SUgTqrLhNHtNJ12sdQGpvhSBp,SOL,chainabuse:PHISHING,chainabuse_crawl,PHISHING,votes=1;checked=False,2025-08-20
2QJPppZuDApu2NjV6fzqwdsFYuigzjYx8xvodKeDqRB4,SOL,chainabuse:PHISHING,chainabuse_crawl,PHISHING,votes=1;checked=False,2025-08-20
2cwXxn724Yj3FZ9sYrN6vJrpcLuFsGVVjqPDFQcpw8K5,SOL,chainabuse:FAKE_PROJECT,chainabuse_crawl,FAKE_PROJECT,votes=1;checked=False,2025-08-20
H4mm8kgZoNMgh1FmU85ta4wagMnwsr7e8NNW3aXw5KFE,SOL,chainabuse:FAKE_PROJECT,chainabuse_crawl,FAKE_PROJECT,votes=1;checked=False,2025-08-20
B6t3zkijkZDrPEBaJK1GxoNgE8UMkTP5oMpy8AqHTq5j,SOL,chainabuse:FAKE_RETURNS,chainabuse_crawl,FAKE_RETURNS,votes=1;checked=False,2025-08-19
CfGh3DcCCMa3c9qoqxqyAscEJebnm2D8in1KHvmTy7tM,SOL,chainabuse:OTHER,chainabuse_crawl,OTHER,votes=1;checked=False,2025-08-19
DVqAC7MjDypA8MC99FeAnHdCdfsroUsnVeNhXCATj1rF,SOL,chainabuse:OTHER,chainabuse_crawl,OTHER,votes=1;checked=False,2025-08-19
Gr7U4ZGEZCwX1TSfLcJv8fquxATvmZ8sYEVZxidSMKEP,SOL,chainabuse:PHISHING,chainabuse_crawl,PHISHING,votes=1;checked=False,2025-08-19
HAjq8pEqboqKSoWfSBYHx9w5WnrshBPXmy5XCuazD6nx,SOL,chainabuse:PHISHING,chainabuse_crawl,PHISHING,label=SCAMMER ;votes=1;checked=False,2025-08-19
HhfxZ87nQgVCYJ69orZAxywFvoknzp36KDemASmXq7mn,SOL,chainabuse:PHISHING,chainabuse_crawl,PHISHING,votes=1;checked=False,2025-08-19
8C81kw4ZWYe5ZaTvJmfgYudXwPdnmmanw2Zm8uEgXPad,SOL,chainabuse:PHISHING,chainabuse_crawl,PHISHING,votes=1;checked=False,2025-08-19
3JTDXyKGSD5wcUHnKyTM5WBeffVzyUX8ofCkfRpvRoug,SOL,chainabuse:PHISHING,chainabuse_crawl,PHISHING,votes=1;checked=False,2025-08-19
2hMjxbMN3HP3PAf3czMjZcPPrXx2SPj45MsdrCv4KfWc,SOL,chainabuse:PHISHING,chainabuse_crawl,PHISHING,votes=1;checked=False,2025-08-19
9ZwSvWQVRzP4LbfBQHkrQGJLQQFx2k98a1xy36bg6sfC,SOL,chainabuse:PHISHING,chainabuse_crawl,PHISHING,votes=1;checked=False,2025-08-19
FAMnLzkAhAYX7vRGnp2Q4nuR3Soax2vTdACmFLK8eYru,SOL,chainabuse:PHISHING,chainabuse_crawl,PHISHING,votes=1;checked=False,2025-08-19
4DAJpeA4Ah6DqRHAETxtouk87t2ndFin6Jsf4dZyUVDa,SOL,chainabuse:PHISHING,chainabuse_crawl,PHISHING,votes=1;checked=False,2025-08-19
CH31Xns5z3M1cTAbKW34jcxPPciazARpijcHj9rxtemt,SOL,chainabuse:PHISHING,chainabuse_crawl,PHISHING,votes=1;checked=False,2025-08-19
HEvSKofvBgfaexv23kMabbYqxasxU3mQ4ibBMEmJWHny,SOL,chainabuse:PHISHING,chainabuse_crawl,PHISHING,votes=1;checked=False,2025-08-19
FDoXphzVCxnUpeQKK4d65Ga3PehFAYtkcedKu3ZfFJN6,SOL,chainabuse:AIRDROP+OTHER_HACK,chainabuse_crawl,AIRDROP|OTHER_HACK,votes=1;checked=False,2025-08-16
CRnuwdpi3HGvFU5gGnvZAA9rV7AWe12v3sap8H3vXFY4,SOL,chainabuse:IMPERSONATION+OTHER,chainabuse_crawl,IMPERSONATION|OTHER,votes=1;checked=False,2025-08-16
G9Gw8DYUZcKgRdZKfYDVrxP829qWPcrPHn6u1soFQ7Yy,SOL,chainabuse:OTHER_HACK,chainabuse_crawl,OTHER_HACK,votes=1;checked=False,2025-08-16
6LeB8pRoPCV6fFx8YcvE3Ey5X8qSo6PuNRb9fD7UcubL,SOL,chainabuse:AIRDROP,chainabuse_crawl,AIRDROP,votes=1;checked=False,2025-08-16
8ApwjBJHNzoRiLDLcv6evTKQcWA7NjzZ8MR25YdSb5h8,SOL,chainabuse:OTHER,chainabuse_crawl,OTHER,votes=1;checked=False,2025-08-16
8p4khd6JFnrMzh6zdpFPT3maV2cu6nGVyTmcU5dD2pxv,SOL,chainabuse:OTHER_HACK,chainabuse_crawl,OTHER_HACK,votes=1;checked=False,2025-08-15
NativeLoader1111111111111111111111111111111,SOL,chainabuse:AIRDROP+CONTRACT_EXPLOIT+OTHER_HACK,chainabuse_crawl,AIRDROP|CONTRACT_EXPLOIT|OTHER_HACK,votes=2;checked=True,2025-08-15
2SjGetEpCD9g1yF65ibisMQMbkM1BofjxFLUL5ZBF62i,SOL,chainabuse:CONTRACT_EXPLOIT,chainabuse_crawl,CONTRACT_EXPLOIT,votes=1;checked=False,2025-08-15
C8kvCTapZ3jtsKd4LRtVQpSY7GZtd88PiLptdMsVJAGb,SOL,chainabuse:IMPERSONATION,chainabuse_crawl,IMPERSONATION,votes=1;checked=False,2025-08-15
9d7nANs1Xk6JhjGZEfewzwUhz4Ana8AJyTpaNcCVTW6r,SOL,chainabuse:OTHER,chainabuse_crawl,OTHER,votes=1;checked=False,2025-08-15
41gNK4Q6JNY1wVcNFkAursuR8UcTquffBT2TVeMLjiXi,SOL,chainabuse:OTHER_HACK,chainabuse_crawl,OTHER_HACK,votes=1;checked=False,2025-08-15
3rC8ih1ugi5PsuXiAn1HW4FiMZWzVhc3UaFzU6jZdzjh,SOL,chainabuse:FAKE_PROJECT,chainabuse_crawl,FAKE_PROJECT,votes=1;checked=False,2025-08-15
BPWkB8WvEjukqGAhyBW4fi1xJXxEUbXACsVpXyv8x1AS,SOL,chainabuse:FAKE_PROJECT,chainabuse_crawl,FAKE_PROJECT,votes=1;checked=False,2025-08-15
GovELWBPj7iBrVZLsvwewCvK2obaKgbFb6zw7wVdQV8J,SOL,chainabuse:PIGBUTCHERING,chainabuse_crawl,PIGBUTCHERING,votes=1;checked=False,2025-08-15
33nGpzXkRctkC4uXQoQxFBq1KXJGhvU17XtnieKzNS6g,SOL,chainabuse:RUG_PULL,chainabuse_crawl,RUG_PULL,votes=1;checked=False,2025-08-14
GcXm8hQ6wx77XHXAkGgiw3tHKkNi4TEP4smMM5dHM5j6,SOL,chainabuse:RUG_PULL,chainabuse_crawl,RUG_PULL,label=Where my SOL went;votes=1;checked=False,2025-08-14
9r9qQXNsFe4yw5uwk6qPoPqwzUqgU1xmy5tg11Th85m5,SOL,chainabuse:RUG_PULL,chainabuse_crawl,RUG_PULL,votes=1;checked=False,2025-08-13
9ZYdKeD8GQqsYwgeBDXjutKDc46qJEyH2V66e1uAc7vt,SOL,chainabuse:FAKE_RETURNS,chainabuse_crawl,FAKE_RETURNS,votes=1;checked=False,2025-08-13
JkDzZxsGwf25qWLq6AqkR615kurMkj1XfBJAzQtYFKp,SOL,chainabuse:OTHER_HACK,chainabuse_crawl,OTHER_HACK,votes=1;checked=False,2025-08-13
4pyVfX6G139NBxo7VpjZ81xWQqPbTP4frAXa3Qc4p1w1,SOL,chainabuse:RANSOMWARE,chainabuse_crawl,RANSOMWARE,votes=1;checked=False,2025-08-12
94xmX5J92nZLanLvRstmxhgiS8kN8SVfFQ2zPKYB3Ynb,SOL,chainabuse:OTHER_HACK+RUG_PULL,chainabuse_crawl,OTHER_HACK|RUG_PULL,votes=1;checked=False,2025-08-12
6nxcsm14Xo32vEqtkVXHKVJ2jijVNnrRZ5c1Dd4LjmbS,SOL,chainabuse:OTHER,chainabuse_crawl,OTHER,votes=1;checked=False,2025-08-12
ZEjeiv2LyvBwYg5cYLkNKDndp2Wf19NrAWHzP2SbaBt,SOL,chainabuse:OTHER,chainabuse_crawl,OTHER,votes=1;checked=False,2025-08-12
2zX7gcSuYtTzs1KFrcd2DEHALLV6pZkVoUvtww3tBYWj,SOL,chainabuse:OTHER,chainabuse_crawl,OTHER,votes=1;checked=False,2025-08-12
EpbpY8abxpRppRb8Ar6iirVbQQBnkGTnM4hE7EFVebLx,SOL,chainabuse:OTHER,chainabuse_crawl,OTHER,votes=1;checked=False,2025-08-12
GcxVNr6RbAdtfQiunvLf7PUKFpRGTuBpdp2LcHZdgtUr,SOL,chainabuse:PHISHING,chainabuse_crawl,PHISHING,votes=1;checked=False,2025-08-11
HACCEBGmmuMGwRjFTcssLfRBV4G49JRMHYLrQWLY7GH3,SOL,chainabuse:OTHER_HACK,chainabuse_crawl,OTHER_HACK,votes=1;checked=False,2025-08-11
7HwjPPQYLE5sLv36qe8kk7DrvBZNkgqjcVpREYzmXcWz,SOL,chainabuse:OTHER_HACK,chainabuse_crawl,OTHER_HACK,votes=1;checked=False,2025-08-11
EY6sHSkauFv2Cjvm6XGMwJrguyCkRG17BjfQDAvtiTQa,SOL,chainabuse:PHISHING,chainabuse_crawl,PHISHING,votes=1;checked=False,2025-08-11
CDKVn1Hj3YA15SPyB7c3RDXUYGN9PdS1bR7V4jrFyUXT,SOL,chainabuse:PHISHING,chainabuse_crawl,PHISHING,votes=1;checked=False,2025-08-11
bjkKsjb4d93MYZMnSfqxxHcssRJ4VbJFF4WM7nKYX75,SOL,chainabuse:PHISHING,chainabuse_crawl,PHISHING,votes=1;checked=False,2025-08-11
4tMjDYJmEch7C63dVPJ2UuAPtkTjdvnJhkcH6kBBcYxQ,SOL,chainabuse:PHISHING,chainabuse_crawl,PHISHING,votes=1;checked=False,2025-08-11
HJUj1NfZdYxL6agNSfMcAftShyDpLvjAHcwzqeJZUsNR,SOL,chainabuse:PHISHING,chainabuse_crawl,PHISHING,votes=1;checked=False,2025-08-11
5uhyQH3UHu4pfdr1sfQjri3JKabrkVh8VrgYpJp35K9T,SOL,chainabuse:OTHER_HACK,chainabuse_crawl,OTHER_HACK,votes=1;checked=False,2025-08-11
BS4nVCLGW7doZyk1Zq74Auq74X6k45hTSJL26JYwizA3,SOL,chainabuse:OTHER_HACK,chainabuse_crawl,OTHER_HACK,votes=1;checked=False,2025-08-10
7tNv8us8jqhSgsA6EBDah6W9YPm7LVdaWxLCNUJyzvTA,SOL,chainabuse:ROMANCE,chainabuse_crawl,ROMANCE,label=mirexc;votes=1;checked=False,2025-08-10
78baR3mf8r3mJzZommqK57W6mt6DQgZP5N3p2nn3MLfP,SOL,chainabuse:SIM_SWAP,chainabuse_crawl,SIM_SWAP,label=sweeper bot;votes=1;checked=False,2025-08-09
GGjmooZ5ZBbFRa37DFedcwHMJdSMwYNkAiefRNU6oyH6,SOL,chainabuse:PHISHING,chainabuse_crawl,PHISHING,votes=1;checked=False,2025-08-09
51iaFZZwBppTWB89tmUQhDjxouwfK2pbUpWbHtnoURhr,SOL,chainabuse:OTHER_HACK,chainabuse_crawl,OTHER_HACK,votes=1;checked=False,2025-08-09
Cf1AHvEtcFPX3fUNidYW2gJABfmjqAQRXyHYwfDRZQz,SOL,chainabuse:FAKE_RETURNS,chainabuse_crawl,FAKE_RETURNS,label=MAYOR SCAMMER;votes=1;checked=False,2025-08-08
CmRrbJ969TLAXpd6NwbTSe7NU6Fk7DZNmjXWrH2GRwhK,SOL,chainabuse:FAKE_PROJECT,chainabuse_crawl,FAKE_PROJECT,votes=1;checked=False,2025-08-08
eBQEfuTzPn7EWT9HYC1eDr9AnjwBmpFM4eY49rBk193,SOL,chainabuse:RUG_PULL,chainabuse_crawl,RUG_PULL,votes=1;checked=False,2025-08-08
EdyZn1dNpyVkMDBmeCdSt11YrTUtF9iFUMMzpVB3tReM,SOL,chainabuse:OTHER,chainabuse_crawl,OTHER,votes=1;checked=False,2025-08-07
F57uK4Raa5mvXi3o2Z6EhfHb8SKKfDcPS6SPcuuvHdCR,SOL,chainabuse:PHISHING,chainabuse_crawl,PHISHING,label=captain arash memecoin ;votes=1;checked=False,2025-08-07
EMp7rzdCiDePavn37i9S4E9gDg8fGPMP5jNxuTHUQxAW,SOL,chainabuse:PHISHING,chainabuse_crawl,PHISHING,votes=1;checked=False,2025-08-07
DN9Yennr7huWSHmuwAPmqt6ioizEBzX1pTrw1KMBYd7P,SOL,chainabuse:PHISHING,chainabuse_crawl,PHISHING,votes=1;checked=False,2025-08-06
HM5Hr14oUPxv9YiRxXXR2kf9w4ZLywVZqxDTPnyqCSVT,SOL,chainabuse:OTHER_HACK,chainabuse_crawl,OTHER_HACK,votes=1;checked=False,2025-08-06
86LMH2pPjnZNWwAaLZoedeEGkosMDSCFjnPsBU4cr5NL,SOL,chainabuse:IMPERSONATION,chainabuse_crawl,IMPERSONATION,votes=1;checked=False,2025-08-06
0x0bb75f517fa9fd310950ca865b3ff6a191195456,SOL,chainabuse:OTHER,chainabuse_crawl,OTHER,votes=1;checked=False,2025-08-05
AzLu73TkaucAxGrDUgiFvnVAazD7hY4mio9fq6sbckvU,SOL,chainabuse:FAKE_RETURNS,chainabuse_crawl,FAKE_RETURNS,votes=1;checked=False,2025-08-05
32wwZJFLT1BvX5vwFiGegvdVLjv2shFnNomeXhZUhsCC,SOL,chainabuse:PHISHING,chainabuse_crawl,PHISHING,votes=1;checked=False,2025-08-05
7cx2mCFhqvKu9pb9r9dN6B86e7URw9nMvSJZq8oVnCHK,SOL,chainabuse:PHISHING,chainabuse_crawl,PHISHING,votes=1;checked=False,2025-08-05
E7RzeDVK4eKMrupSwgNJneqYqSxRLCHxrsEf6vi7u75c,SOL,chainabuse:PHISHING,chainabuse_crawl,PHISHING,votes=1;checked=False,2025-08-05
Gz7RL4PtGMZfsv8uxDFc1yiQi673Mc7ymVAdgx79VDs2,SOL,chainabuse:PHISHING,chainabuse_crawl,PHISHING,votes=1;checked=False,2025-08-05
Ey9ykktBEUA9nhDJbUdQ27Zjj5z4zZHUWfjNzKJThbfR,SOL,chainabuse:PHISHING,chainabuse_crawl,PHISHING,votes=1;checked=False,2025-08-05
BHZjMSLrtBSB2rPqBhMZ2NJ84jNdVGeGfKUHeQhFaZng,SOL,chainabuse:PHISHING,chainabuse_crawl,PHISHING,votes=1;checked=False,2025-08-04
Bdi5syAwabZPFAAxaADtc8Tr8iK2VDFSxditr38Z8eoH,SOL,chainabuse:PHISHING,chainabuse_crawl,PHISHING,votes=1;checked=False,2025-08-04
AoLoFbLyD3aqFugut8SA33T1xHCSt9a2fd8asnemKu4X,SOL,chainabuse:OTHER,chainabuse_crawl,OTHER,votes=1;checked=False,2025-08-04
Hf8FyJTchfETeek7Xe5dYtarHnEcE9T15SR7uQx5RccC,SOL,chainabuse:OTHER_HACK,chainabuse_crawl,OTHER_HACK,label=Attacker ;votes=1;checked=False,2025-08-04
GpMZbSM2GgvTKHJirzeGfMFoaZ8UR2X7F4v8vHTvxFbL,SOL,chainabuse:SIM_SWAP,chainabuse_crawl,SIM_SWAP,votes=1;checked=False,2025-08-04
7v5hRCf6UM7KNNQoqnuW6VHfddcVEtARoXhbrJXFVAC9,SOL,chainabuse:AIRDROP,chainabuse_crawl,AIRDROP,label=Phantom;votes=0;checked=False,2025-08-03
4xK98ejY3c8wRRpu5gJZPVeyMahLwtrE6hWzQSUR7Hq9,SOL,chainabuse:AIRDROP,chainabuse_crawl,AIRDROP,label=Bybit;votes=0;checked=False,2025-08-03
NSwf1zezSwXJ8mgSCp8P5m2WAuxzrXDuwFcsqRLRvZn,SOL,chainabuse:RUG_PULL,chainabuse_crawl,RUG_PULL,votes=1;checked=False,2025-08-03
3gqzZRD3we1UcxG5nZUBFf1y1adP5CXW6wABfsFAsQFD,SOL,chainabuse:FAKE_PROJECT,chainabuse_crawl,FAKE_PROJECT,votes=1;checked=False,2025-08-03
9QzaXFCNPvp5YT9N7T3chMxSjWCtgADHo7dK8db2X5Qc,SOL,chainabuse:FAKE_RETURNS,chainabuse_crawl,FAKE_RETURNS,votes=1;checked=False,2025-08-03
vKvh8dSPh4Zufr8wBcw5NG2hhdDQrkwcCfzZ2irR7QX,SOL,chainabuse:FAKE_PROJECT,chainabuse_crawl,FAKE_PROJECT,votes=1;checked=False,2025-08-01
7rwF3zV2WdzrhtxnUgbrqSNdmkUkzZ7jsoFfQLndEyGs,SOL,chainabuse:AIRDROP+OTHER,chainabuse_crawl,AIRDROP|OTHER,votes=1;checked=False,2025-08-01
BcCjas4voegmgwDj8dz9BdH3HiVmP5EhV2CbTvKNcrHz,SOL,chainabuse:PHISHING,chainabuse_crawl,PHISHING,votes=1;checked=False,2025-07-31
FaM5nRyqGtJDKhiyoS33L1EnBvEYiC3FztB39zKZiUBx,SOL,chainabuse:OTHER,chainabuse_crawl,OTHER,votes=1;checked=False,2025-07-31
CwKf6YUSt7EV3vDRfYMk3Ce2Mx6tAH427WrLo1NaQey,SOL,chainabuse:OTHER_HACK,chainabuse_crawl,OTHER_HACK,votes=1;checked=False,2025-07-30
FseB7GoZZpn9aMRp5PYrG15kw3DD6gXRTrpR1vPfEtiv,SOL,chainabuse:AIRDROP,chainabuse_crawl,AIRDROP,votes=1;checked=False,2025-07-30
3a2C745BWHSu7zLFhX5B25i9zAudA5gJgnKYLykgDKfW,SOL,chainabuse:AIRDROP,chainabuse_crawl,AIRDROP,votes=1;checked=False,2025-07-29
EZ6W7qPMHDCpQeEUYCapYCwpqxgsKyEy2iWGYkgK4rMN,SOL,chainabuse:OTHER_HACK,chainabuse_crawl,OTHER_HACK,label=FIRST LOCATION;votes=1;checked=False,2025-07-29
DtsRY7UbmTjDP4UgqxPdg28b1bZuzWbwkrZ4C5Uf5dVb,SOL,chainabuse:OTHER_HACK,chainabuse_crawl,OTHER_HACK,label=CURRENT LOCATION STOLEN;votes=1;checked=False,2025-07-29
CCn3mLvVDmgjq1oRGJ1E7dUSZHBhBuVxruoWzY9MTAz6,SOL,chainabuse:OTHER_HACK,chainabuse_crawl,OTHER_HACK,label=MY ADDRESS;votes=1;checked=False,2025-07-29
UQB_KrrdNgOs_S9HBWgIliTEz45mmOpDDDk29KoQ3iBoEXSp,SOL,chainabuse:OTHER_HACK,chainabuse_crawl,OTHER_HACK,votes=1;checked=False,2025-07-29
Fnr1eeqZUq849mqkrbKM4EV9RmJ3QuLRhafjga8Qoswq,SOL,chainabuse:OTHER_HACK,chainabuse_crawl,OTHER_HACK,votes=1;checked=False,2025-07-29
FYFztEcRRJXjUvZvo5Nusy7a62Gi3VgTuT4ZfbfmkTB4,SOL,chainabuse:RUG_PULL,chainabuse_crawl,RUG_PULL,votes=1;checked=False,2025-07-29
6hCfDvjnLu6LtgRC6yzrwhDmdabhhQstHDng7FBW7GPU,SOL,chainabuse:PHISHING,chainabuse_crawl,PHISHING,votes=1;checked=False,2025-07-28
FDj5QbV1bmc2C2AJbtoETiykmfU7xC9WwigvhneFzyff,SOL,chainabuse:FAKE_PROJECT,chainabuse_crawl,FAKE_PROJECT,votes=1;checked=False,2025-07-28
8p5VwyhWmofAhfL3SyFm5JmQV2LL1QWeP4j7frL2t5wv,SOL,chainabuse:PHISHING,chainabuse_crawl,PHISHING,votes=1;checked=False,2025-07-27
4cFwqanbGzxmaFD7zKEbNdTynSVFiyooM4xG42FTFcki,SOL,chainabuse:OTHER_HACK,chainabuse_crawl,OTHER_HACK,votes=1;checked=False,2025-07-27
52q7426xsDnbPMuj8BD1KtDgkYxZ7SDYiKpNeJZNjmic,SOL,chainabuse:PIGBUTCHERING,chainabuse_crawl,PIGBUTCHERING,votes=1;checked=False,2025-07-27
AapnrhaRG8SBRs6TtbFZ7qn3279yZDYgkBUcSWsXq773,SOL,chainabuse:OTHER_HACK+SIM_SWAP,chainabuse_crawl,OTHER_HACK|SIM_SWAP,votes=1;checked=False,2025-07-27
688TE9mFEhdX97kYQirTWuetCYQeEVJ56eKpGrqLPe8C,SOL,chainabuse:OTHER,chainabuse_crawl,OTHER,votes=1;checked=False,2025-07-26
6JxoyF8JttArqixV1AMVQpJJhvFTPsFW5RrmbJXeocXn,SOL,chainabuse:SEXTORTION,chainabuse_crawl,SEXTORTION,votes=1;checked=False,2025-07-26
C4EYuHNi3aYJ1UDqd95EtNBgQjRyc8XKHHKZGgNnigog,SOL,chainabuse:OTHER,chainabuse_crawl,OTHER,label=first transfer;votes=1;checked=False,2025-07-25
8feeEkfTrGkWBiaLyvYWfMnJPMnCoez4ZsPCHcLgweiw,SOL,chainabuse:OTHER,chainabuse_crawl,OTHER,votes=1;checked=False,2025-07-25
A77HErqtfN1hLLpvZ9pCtu66FEtM8BveoaKbbMoZ4RiR,SOL,chainabuse:OTHER+PHISHING,chainabuse_crawl,OTHER|PHISHING,votes=1;checked=False,2025-07-25
H4NpnpJmaq3P7MfvSedi7UYYpeFGYfDyNSxXreFzjLyp,SOL,chainabuse:OTHER,chainabuse_crawl,OTHER,votes=1;checked=False,2025-07-25
4qpGANjiiDM79LfKHBMMZtR3qQk8168WVjbmPvzz2Vnd,SOL,chainabuse:OTHER,chainabuse_crawl,OTHER,votes=1;checked=False,2025-07-24
BC8kkBQCSVRY4W5sGZ35LB4GW5fuwkskiuVAxYo6YE3a,SOL,chainabuse:AIRDROP,chainabuse_crawl,AIRDROP,votes=1;checked=False,2025-07-23
2qtsCKrjzRKmtbnrhBjPqhSDpRgx4D6uyq4PSFfZMZQy,SOL,chainabuse:FAKE_RETURNS,chainabuse_crawl,FAKE_RETURNS,votes=1;checked=False,2025-07-23
72pwKHgPL981fNC4axmgra4ViP2ofcYN91M9WSdKKCYc,SOL,chainabuse:FAKE_PROJECT,chainabuse_crawl,FAKE_PROJECT,votes=1;checked=False,2025-07-23
2QBJ24rdSyzkxFYHFZjxAPtLLCfB58892PWsQtv4obwM,SOL,chainabuse:OTHER_HACK,chainabuse_crawl,OTHER_HACK,label=sol;votes=1;checked=False,2025-07-23
86r3a2h7UqyzvgWFuSWa59Eaqzo8BhomREGNpuUeoVEu,SOL,chainabuse:RUG_PULL,chainabuse_crawl,RUG_PULL,label=＄TDCCP;votes=1;checked=False,2025-07-23
9F6SC7SRiup7Qfyzso2gWignKJJPMSEPnzXrM1dERmKV,SOL,chainabuse:OTHER_HACK,chainabuse_crawl,OTHER_HACK,votes=1;checked=False,2025-07-23
DhaUZLDS1mAQd4UzbdttS2GqdcpJDsNaXZav4Ts4K4ag,SOL,chainabuse:PHISHING,chainabuse_crawl,PHISHING,votes=1;checked=False,2025-07-23
89jSuZymnKFF7Mu4Q3aiJc79ddY4ngpQp6rtCoeAUnC8,SOL,chainabuse:PHISHING,chainabuse_crawl,PHISHING,votes=1;checked=False,2025-07-23
9hWQxVKs6QoDarnnGFw6Tw4iWB6Doeh5VYt6CHbBuzkC,SOL,chainabuse:FAKE_PROJECT,chainabuse_crawl,FAKE_PROJECT,votes=1;checked=False,2025-07-23
MoonRx42874sBfvKw1bgPrCYS8HARfndkUQxX27MyVr,SOL,chainabuse:OTHER,chainabuse_crawl,OTHER,votes=1;checked=False,2025-07-22
HyKfMuoe7NCsaTmeTKq3vYyCNrTpVpEr666YqQBwzfze,SOL,chainabuse:PIGBUTCHERING,chainabuse_crawl,PIGBUTCHERING,votes=1;checked=False,2025-07-22
5EoMcLf3pXraoNSF7DhWoyo4PAby2RSmXCX95ZnNqwSy,SOL,chainabuse:PHISHING,chainabuse_crawl,PHISHING,votes=1;checked=False,2025-07-22
HnBtX2YV1TTL1jENkPyWigKH77cQjyuaPJrbnVNQkZBT,SOL,chainabuse:PHISHING,chainabuse_crawl,PHISHING,votes=1;checked=False,2025-07-22
AejVeTPqbMTDELKTHP8p7KHM539JjzYq7bkkqPSXmw5A,SOL,chainabuse:IMPERSONATION,chainabuse_crawl,IMPERSONATION,votes=1;checked=False,2025-07-22
4sEMkDdmv3nF5UG4ShqHisi51vD8FTpv3hkfBnV81MWu,SOL,chainabuse:OTHER,chainabuse_crawl,OTHER,votes=1;checked=False,2025-07-21
VhaAk8qPwnaSAYVB1XtJsxAHzcMdSG2rzhCGuci8YxB,SOL,chainabuse:PHISHING,chainabuse_crawl,PHISHING,votes=1;checked=False,2025-07-21
4N5aahRS66Z1X2mBw3ZcT5tXESs4zguvGN8AUmT8U6dc,SOL,chainabuse:PHISHING,chainabuse_crawl,PHISHING,votes=1;checked=False,2025-07-21
FRZeVvakLnzm24VinomXGAJdM4pzFypR5RTBerqReVfQ,SOL,chainabuse:FAKE_PROJECT,chainabuse_crawl,FAKE_PROJECT,votes=1;checked=False,2025-07-21
DKsLwArvhuuRjYZQGboPepK4D4GZ4Cvhd9EqdNYt3z71,SOL,chainabuse:OTHER_HACK,chainabuse_crawl,OTHER_HACK,votes=1;checked=False,2025-07-21
EW48YZNYa4tYKfDpMY9jCtUGvk7tfdNX3aJ3BLi6cGBy,SOL,chainabuse:PHISHING,chainabuse_crawl,PHISHING,votes=1;checked=False,2025-07-21
55DB3FVuvY43k1hKRnTsPQGj2r7TvoJDpKPf7jzLGrdo,SOL,chainabuse:PHISHING,chainabuse_crawl,PHISHING,votes=1;checked=False,2025-07-21
vxvJxvi6gG4gfRaDhaNoXTrkLTHBesAmGCCM8LL3usj,SOL,chainabuse:OTHER_HACK,chainabuse_crawl,OTHER_HACK,votes=1;checked=False,2025-07-21
34qdJLPVNUQ483wzsyPhcvDrnHZ1aunDLwnSo1JK69nR,SOL,chainabuse:OTHER_HACK,chainabuse_crawl,OTHER_HACK,votes=1;checked=False,2025-07-21
GrXTRScWKyZkPjPgGyaxVZCVA3qxfRwPGC8eRS2CpTLp,SOL,chainabuse:FAKE_RETURNS,chainabuse_crawl,FAKE_RETURNS,votes=1;checked=False,2025-07-20
FyCAwY5ReBV3WinAQxVYWDzV8GKSPjp1tWVJNZ9MbDeX,SOL,chainabuse:OTHER_HACK,chainabuse_crawl,OTHER_HACK,votes=1;checked=False,2025-07-19
998Fy1zF6rV3JCzc89e8DzCDQyj3V6bwKVfujngJq5H5,SOL,chainabuse:FAKE_RETURNS,chainabuse_crawl,FAKE_RETURNS,votes=2;checked=False,2025-07-19
74RjG3Vf7W1d5YNE9tTQCwstQw79JJfUKMT3pwr7efZV,SOL,chainabuse:IMPERSONATION,chainabuse_crawl,IMPERSONATION,label=Primary address;votes=1;checked=False,2025-07-19
AS5eESDidxWZweNTZ1xHQUcNANdcF3T5jpbwmGt2nVtj,SOL,chainabuse:FAKE_RETURNS+OTHER_HACK,chainabuse_crawl,FAKE_RETURNS|OTHER_HACK,votes=1;checked=False,2025-07-19
E2iJkA4iop9RrzMXCHqTGu9txZiCe9UKxKoukQA9W4Fo,SOL,chainabuse:FAKE_RETURNS,chainabuse_crawl,FAKE_RETURNS,votes=1;checked=False,2025-07-19
2ydi6KoAvye85Fv6NhNKbPb7rKakzynxDCgJFeo5zo3Z,SOL,chainabuse:OTHER_HACK,chainabuse_crawl,OTHER_HACK,votes=1;checked=False,2025-07-19
FRYGiutUQcErJtxToz2xZLvkX5z51h5mE1PzNApuoMYD,SOL,chainabuse:PHISHING,chainabuse_crawl,PHISHING,votes=1;checked=False,2025-07-19
FfhKgv1RdhsGUg1pUPo8RjZNdFJoc5Z9fFHtvf3TfTmW,SOL,chainabuse:OTHER,chainabuse_crawl,OTHER,votes=1;checked=False,2025-07-18
9wLN7jU2YaqHqyo2oiyLXSqwkk5vRyDi3uXmQDgoP1Zf,SOL,chainabuse:RUG_PULL,chainabuse_crawl,RUG_PULL,votes=1;checked=False,2025-07-18
HBqJmQr65t13ZNmPgrEehDTdgQWPSLwDzGuQCvTtFowH,SOL,chainabuse:RUG_PULL,chainabuse_crawl,RUG_PULL,votes=1;checked=False,2025-07-18
9EvDwmHuJVxN9W2D9CfSSsk89Tw44hvoCRWyDDSwpauU,SOL,chainabuse:RUG_PULL,chainabuse_crawl,RUG_PULL,votes=1;checked=False,2025-07-18
6gPxwVbtwmV926s9kP1GUyR7A9WoQHr9qE92VpdVGwns,SOL,chainabuse:RUG_PULL,chainabuse_crawl,RUG_PULL,votes=1;checked=False,2025-07-18
DfHw9MfqhsqpszdVJ1EJF1PbDwhpaCgKmnznCQQK1WaU,SOL,chainabuse:RUG_PULL,chainabuse_crawl,RUG_PULL,votes=1;checked=False,2025-07-18
GwRRMtLMmpYd6aJsXwYrByHx9m4EgR9AXhjcTQgDAhPP,SOL,chainabuse:RUG_PULL,chainabuse_crawl,RUG_PULL,votes=1;checked=False,2025-07-18
6RTFegDWAWw1VKiqoygUQj6Lry7pyKTxDzqC9mnt4mht,SOL,chainabuse:RUG_PULL,chainabuse_crawl,RUG_PULL,votes=1;checked=False,2025-07-18
B1cuzyme9jzW1hRJsuUMMKbCNuyaSHrW9hjdW4Avw27c,SOL,chainabuse:RUG_PULL,chainabuse_crawl,RUG_PULL,votes=1;checked=False,2025-07-18
HKvQ6taZAHVJ2wQnFLBtMo7ikQJhCW5wXAhKFkZcPRGN,SOL,chainabuse:RUG_PULL,chainabuse_crawl,RUG_PULL,votes=1;checked=False,2025-07-18
4novC3uBoG5ca4HGQoJnpMucD1BHf3CQdYGYn9zjv1AX,SOL,chainabuse:RUG_PULL,chainabuse_crawl,RUG_PULL,votes=1;checked=False,2025-07-18
AyKE8MpSs1xoFZVieEgzgNJaargrqVFi6VS598gesFC7,SOL,chainabuse:RUG_PULL,chainabuse_crawl,RUG_PULL,votes=1;checked=False,2025-07-18
LwdM8SvkU4qfxm3oiW9zCVPJu7PQnPKCC8Pf4dub1M8,SOL,chainabuse:RUG_PULL,chainabuse_crawl,RUG_PULL,votes=1;checked=False,2025-07-18
GKgFnG4RBDC4X1RLbyswWaFUCtdnt3AthLroq9Vnox6D,SOL,chainabuse:RUG_PULL,chainabuse_crawl,RUG_PULL,votes=1;checked=False,2025-07-18
AJUsw8cTiwDEyv6uCdzv8dNXCNsRRxXeTLDUqtzUF36B,SOL,chainabuse:RUG_PULL,chainabuse_crawl,RUG_PULL,votes=1;checked=False,2025-07-18
GsN8dZ14ZXnVbUFbt8SCG5kCxSZfjuabZ735ZfXARWza,SOL,chainabuse:RUG_PULL,chainabuse_crawl,RUG_PULL,votes=1;checked=False,2025-07-18
7YeN4W5YJ2a9Pysq8E5j4Dn1Y3REpfkamiHZFW5zY3bR,SOL,chainabuse:RUG_PULL,chainabuse_crawl,RUG_PULL,votes=1;checked=False,2025-07-18
C2p8f9tMPYNcWN4uaaexkruZTHGb4FMsnxT8YRteQw9K,SOL,chainabuse:RUG_PULL,chainabuse_crawl,RUG_PULL,votes=1;checked=False,2025-07-18
ANxFJyp8mMVqGi2YjiXhqccrC3aLL3TbhUJfghneaRFk,SOL,chainabuse:RUG_PULL,chainabuse_crawl,RUG_PULL,votes=1;checked=False,2025-07-18
BLii1ZUHvV3u9JioLPmWeWJi6FUJd7Zvted4RQnQaSRo,SOL,chainabuse:RUG_PULL,chainabuse_crawl,RUG_PULL,votes=1;checked=False,2025-07-18
2VtD9g7q4P3zKTVq53B9v169RMu5DPobTCkXgCijurwC,SOL,chainabuse:RUG_PULL,chainabuse_crawl,RUG_PULL,votes=1;checked=False,2025-07-18
ByDB392LA5J3GSVS14suLrewQthMhPZr2QVdjHnYwbD2,SOL,chainabuse:RUG_PULL,chainabuse_crawl,RUG_PULL,votes=1;checked=False,2025-07-18
3wc4aNt4tPzF8MJVpANqS3NdVAWPSevKt1vyUXxFRPvw,SOL,chainabuse:RUG_PULL,chainabuse_crawl,RUG_PULL,votes=1;checked=False,2025-07-18
GCY7uEvsJUaUK89oq89geRg6XEcztHhi7JJarxSwVZau,SOL,chainabuse:RUG_PULL,chainabuse_crawl,RUG_PULL,votes=1;checked=False,2025-07-18
22YJgcLwxPc3GwvLvn6yUn5LAJmuNcHEeqhTxRTYRyaE,SOL,chainabuse:RUG_PULL,chainabuse_crawl,RUG_PULL,votes=1;checked=False,2025-07-18
6MXGmjNke7B2kFc2z7BbdFJDNo6xa9bRGvLjUZ7iw1fm,SOL,chainabuse:RUG_PULL,chainabuse_crawl,RUG_PULL,votes=1;checked=False,2025-07-18
BSDzRiAF9MHS9tH94toDdKAVUr83P2MJiUENd1UZdp51,SOL,chainabuse:RUG_PULL,chainabuse_crawl,RUG_PULL,votes=1;checked=False,2025-07-18
2baVkrSefkNhUom5Vgy7iundvEVn3iReHK5wYfrGFmeh,SOL,chainabuse:RUG_PULL,chainabuse_crawl,RUG_PULL,votes=1;checked=False,2025-07-18
7Dk2R1MJHMVrkCTpocaDAHCXogFDdFCsYFWnNEJFYfmo,SOL,chainabuse:RUG_PULL,chainabuse_crawl,RUG_PULL,votes=1;checked=False,2025-07-18
Bci11crH4rHWdGLvgy6WX4b7Ft79uzdupdPwfVk65qZg,SOL,chainabuse:RUG_PULL,chainabuse_crawl,RUG_PULL,votes=1;checked=False,2025-07-18
aTYvEjogkBfHZ62EUjiMC1NSDz6j5puVc2tiYtSz7MN,SOL,chainabuse:RUG_PULL,chainabuse_crawl,RUG_PULL,votes=1;checked=False,2025-07-18
77d1pahjQdh2HWQK5vg5XY7YaQNUyRWSQQfiuAqTbfYW,SOL,chainabuse:RUG_PULL,chainabuse_crawl,RUG_PULL,votes=1;checked=False,2025-07-18
8TrxUEbw11KNA8WrHT99ayAAKP1piRRMVeKxnvUZytTR,SOL,chainabuse:RUG_PULL,chainabuse_crawl,RUG_PULL,votes=1;checked=False,2025-07-18
8qqbPXknjBU5CZ4s6awmyTL7JjzoUrtUWtAK6BeXsJkg,SOL,chainabuse:RUG_PULL,chainabuse_crawl,RUG_PULL,votes=1;checked=False,2025-07-18
3nF4BrCcTBAWj2jUndHD9KiUjwncFAgN2hXB5qt6SAkc,SOL,chainabuse:RUG_PULL,chainabuse_crawl,RUG_PULL,votes=1;checked=False,2025-07-18
8fpSTZSkocRS9orEY65UJSrXxK4eVj2aDauP2RjMwYfo,SOL,chainabuse:RUG_PULL,chainabuse_crawl,RUG_PULL,votes=1;checked=False,2025-07-18
2rweD3rnNTdjXjauy4yEJXE1nBRatdtghc8g2CecRYfC,SOL,chainabuse:RUG_PULL,chainabuse_crawl,RUG_PULL,votes=1;checked=False,2025-07-18
2yjPahnULiLqoEFN8ZX97wDi4rmBtg8SMKbhGBgfGSoc,SOL,chainabuse:RUG_PULL,chainabuse_crawl,RUG_PULL,votes=1;checked=False,2025-07-18
Ha6iro4Wip3aZkDwekponT8KcmzCBjVqKbauffeLa8bT,SOL,chainabuse:RUG_PULL,chainabuse_crawl,RUG_PULL,votes=1;checked=False,2025-07-18
JAfkPgPkSR5ddeddGHiegVuYdaMfGNT9uYS4EsykjTTi,SOL,chainabuse:RUG_PULL,chainabuse_crawl,RUG_PULL,votes=1;checked=False,2025-07-18
EJcGZwthnHTkcCECo5MvitrZQeY5gf2eRitng7NaeHWN,SOL,chainabuse:RUG_PULL,chainabuse_crawl,RUG_PULL,votes=1;checked=False,2025-07-18
BYVUWmg1hzaQrxeQ3hXYK3QtPExoFoV6Jcx86oirPNCB,SOL,chainabuse:RUG_PULL,chainabuse_crawl,RUG_PULL,votes=1;checked=False,2025-07-18
CtAW7Jp5LWFTwnT7H9ndeVB1T7fAuxP2F7tK9LcBw9SB,SOL,chainabuse:RUG_PULL,chainabuse_crawl,RUG_PULL,votes=1;checked=False,2025-07-18
DQx7TMTWcGy5PUzz9m89RVVba18EDHSWZ1bJoDHtrnou,SOL,chainabuse:RUG_PULL,chainabuse_crawl,RUG_PULL,votes=1;checked=False,2025-07-18
HL8SjNSKeEiffAjJtj4cN6gZe6YTiqxGzkGejj4DFGiP,SOL,chainabuse:RUG_PULL,chainabuse_crawl,RUG_PULL,votes=1;checked=False,2025-07-18
7vFQ3faxkmMnX934f3h8s6a1kVrxUhYas2mWsNQhixQD,SOL,chainabuse:RUG_PULL,chainabuse_crawl,RUG_PULL,votes=1;checked=False,2025-07-18
A1UNNLwFnT79W3NtJWUvTurWm6kBA4yzhgVonK444ncf,SOL,chainabuse:RUG_PULL,chainabuse_crawl,RUG_PULL,votes=1;checked=False,2025-07-18
DLK1zSvm9f1SmdYA4gGZZSTHjiLEjWJYr7neGbY9izh7,SOL,chainabuse:RUG_PULL,chainabuse_crawl,RUG_PULL,votes=1;checked=False,2025-07-18
49veRwYgGYzwyU8aK6tVXW4S74qYtyTHd55Rr8Hjgg1U,SOL,chainabuse:PHISHING,chainabuse_crawl,PHISHING,votes=1;checked=False,2025-07-18
96MgTc4VjMjcCbzwcgHfqcmzkLXkRuLoiRNDzVjjjVCa,SOL,chainabuse:OTHER_HACK,chainabuse_crawl,OTHER_HACK,votes=1;checked=False,2025-07-18
94EUKjDErBeuo7jK5fUYhmrNiQqJcHZvJQjCaabUQT2D,SOL,chainabuse:FAKE_RETURNS+IMPERSONATION+OTHER,chainabuse_crawl,FAKE_RETURNS|IMPERSONATION|OTHER,votes=1;checked=False,2025-07-18
4gLrqncNtZbTpmKRMz8eC8z56MDob4Agdkbjzh4mCMer,SOL,chainabuse:PHISHING,chainabuse_crawl,PHISHING,votes=1;checked=False,2025-07-17
2kyT4ZpgHvD5Dbxpi4aYBaoEfAC2uwpAArM8doYVp5rg,SOL,chainabuse:OTHER_HACK,chainabuse_crawl,OTHER_HACK,label=phantom ;votes=1;checked=False,2025-07-17
FLiPGqowc82LLR173hKiFYBq2fCxLZEST5iHbHwj8xKb,SOL,chainabuse:OTHER_HACK,chainabuse_crawl,OTHER_HACK,votes=1;checked=False,2025-07-17
FLiPgGTXtBtEJoytikaywvWgbz5a56DdHKZU72HSYMFF,SOL,chainabuse:OTHER_HACK,chainabuse_crawl,OTHER_HACK,votes=1;checked=False,2025-07-17
ARhYUJRkuaiCLE55CSGCThkNra4bHv4TcEAxy5Soa8Um,SOL,chainabuse:OTHER_BLACKMAIL,chainabuse_crawl,OTHER_BLACKMAIL,votes=1;checked=False,2025-07-17
7YTenNQysZhaTksFbiv2XXugiHYNtg4aDCoyp7jPcWXv,SOL,chainabuse:OTHER_HACK,chainabuse_crawl,OTHER_HACK,votes=1;checked=False,2025-07-17
GFttLHgG9vTWEWQswSUU4F1F63GXEURGDX7sPAkuGv3p,SOL,chainabuse:OTHER_HACK,chainabuse_crawl,OTHER_HACK,label=scammer;votes=1;checked=False,2025-07-17
BvQV37LsWcNMXZzdoZeRtCxwxWD9P3RCmsAjiWbc9yr8,SOL,chainabuse:OTHER_HACK,chainabuse_crawl,OTHER_HACK,votes=1;checked=False,2025-07-16
CY66SD59H3a4Aut8g3YW1GPoL5URxSjULF23epbRqxRQ,SOL,chainabuse:OTHER_HACK,chainabuse_crawl,OTHER_HACK,votes=1;checked=False,2025-07-16
GVNSR3u4f1xf8zAHsi37SK8mtMXJj3F8PCUksDjuvjLi,SOL,chainabuse:SEXTORTION,chainabuse_crawl,SEXTORTION,label=Scammer Wallet;votes=1;checked=False,2025-07-16
2UL8hbNaoErAYNePqgQYPP9yDCDRZGWbzKW4krLqkhNL,SOL,chainabuse:SEXTORTION,chainabuse_crawl,SEXTORTION,label=Main Wallet (Mixer);votes=1;checked=False,2025-07-16
EFCapjbkv5uaENpnNJuchkYqBY3MKL17rj9QXZeZmvnv,SOL,chainabuse:PHISHING,chainabuse_crawl,PHISHING,votes=1;checked=False,2025-07-16
2MvuLt1dp4MAiswdczvzcX62e5mYajkM3FEXRN22aHbF,SOL,chainabuse:PHISHING,chainabuse_crawl,PHISHING,votes=0;checked=False,2025-07-15
Ey2zpSAJ5gVLfYDD5WjccbksJD3E9jPFMPaJ8wxvpump,SOL,chainabuse:PHISHING,chainabuse_crawl,PHISHING,votes=1;checked=False,2025-07-15
5B3NTSkWvkxDjjaNn7GMjp9G33pauJUe6UFQHpTK8HMr,SOL,chainabuse:FAKE_RETURNS,chainabuse_crawl,FAKE_RETURNS,votes=1;checked=False,2025-07-15
C2MnaTpQKMH8xoPkM6JqRYu6ucoMSA7jFqz3UxLDWnTb,SOL,chainabuse:OTHER_HACK,chainabuse_crawl,OTHER_HACK,label=hacker?;votes=1;checked=False,2025-07-15
8jG9yKMd49C1Crn4Wu6s2hKZ9TQRGD6r3d4uxdfMZ4oF,SOL,chainabuse:OTHER_HACK,chainabuse_crawl,OTHER_HACK,votes=1;checked=False,2025-07-15
qsFQ7nA3RdKWUvCeCf6pv6fBzDEro5LqKeoWW65dMQ7,SOL,chainabuse:OTHER,chainabuse_crawl,OTHER,votes=1;checked=False,2025-07-14
2sgodvD588k7Lq9zPMaXbEis4cWYMm3bhJzUuPXgneem,SOL,chainabuse:CONTRACT_EXPLOIT+DONATION_SCAM+OTHER_HACK,chainabuse_crawl,CONTRACT_EXPLOIT|DONATION_SCAM|OTHER_HACK,votes=1;checked=False,2025-07-14
9aUsvEbFfS42W4LsMXiFSf4qdRpuEnjEiakPMmnkU9Gu,SOL,chainabuse:OTHER_HACK,chainabuse_crawl,OTHER_HACK,votes=1;checked=False,2025-07-14
Cdq1WR1d4i2hMrqKUWgZeUbRpkhamGHSvm1f6ATpuray,SOL,chainabuse:RUG_PULL,chainabuse_crawl,RUG_PULL,label=$Alt;votes=1;checked=False,2025-07-14
6j3dqsW2UcKhEQhxhezp9ymq3SMbbktBwaeNi4VqPUMP,SOL,chainabuse:FAKE_RETURNS,chainabuse_crawl,FAKE_RETURNS,label=LEGACY;votes=1;checked=False,2025-07-14
57Qy68FrsFowRVXJP8tAh9k9bQ6vYKfFgFhQyAX1LtKC,SOL,chainabuse:FAKE_RETURNS,chainabuse_crawl,FAKE_RETURNS,votes=1;checked=False,2025-07-14
GuWzL47CpM8byAbAnoHZapAvyaMtwPj1fhEjyzio4hVR,SOL,chainabuse:OTHER_HACK,chainabuse_crawl,OTHER_HACK,votes=1;checked=False,2025-07-14
55teYSN5LsLEJHJhHNYhFE6MeD5tjugmdNfLicjuppX7,SOL,chainabuse:AIRDROP,chainabuse_crawl,AIRDROP,votes=1;checked=False,2025-07-13
Dg79cz1suC8mFPdUqoPSAnevcMDgEGGSDt6eAE6DjPnu,SOL,chainabuse:PHISHING,chainabuse_crawl,PHISHING,label=scammer first wallet;votes=1;checked=False,2025-07-13
DYtikUiEa5YjZDb1mQ5nmxjdbtRoTK5UPVewBooXgBpe,SOL,chainabuse:PHISHING,chainabuse_crawl,PHISHING,label=second wallet;votes=1;checked=False,2025-07-13
46S5bgHqG1wHGuLgD46a3o78LPCnXLVSQEf4GAarH2Yg,SOL,chainabuse:AIRDROP+CONTRACT_EXPLOIT+PHISHING,chainabuse_crawl,AIRDROP|CONTRACT_EXPLOIT|PHISHING,votes=1;checked=False,2025-07-13
9nn3cxZyWBHZk5J7kBjKL7ZbDLonSFJyEchMVhCbhr2P,SOL,chainabuse:FAKE_RETURNS,chainabuse_crawl,FAKE_RETURNS,votes=1;checked=False,2025-07-13
7Gj3oLm752Lud86cyXonk2X4E1KYqaxNgYFuRvmzL1kA,SOL,chainabuse:FAKE_RETURNS,chainabuse_crawl,FAKE_RETURNS,votes=1;checked=False,2025-07-13
CgCLgkVPpCKULDoQhgBZAtbnfhj6Hbma713cPzpemDQd,SOL,chainabuse:OTHER_HACK,chainabuse_crawl,OTHER_HACK,votes=1;checked=False,2025-07-13
Hw45XBmwaxFRyrdL7gNkvibH983yGFEaVnyVUM91wcqt,SOL,chainabuse:FAKE_RETURNS+OTHER_HACK+PHISHING,chainabuse_crawl,FAKE_RETURNS|OTHER_HACK|PHISHING,votes=2;checked=False,2025-07-12
4U2rfak6MpafTbtPmawkkVSg93HD6hyJ366HTivYCTbC,SOL,chainabuse:PHISHING,chainabuse_crawl,PHISHING,votes=1;checked=False,2025-07-12
DD6vCVa4NEYRKA7K93rYZSKuY7REydFbqB3rog149ySx,SOL,chainabuse:FAKE_RETURNS+OTHER_HACK+PHISHING,chainabuse_crawl,FAKE_RETURNS|OTHER_HACK|PHISHING,votes=1;checked=False,2025-07-12
Aj8xBbCeAGsbgaz5mmMM7s75oyw7RLrggYQxYi28LJm2,SOL,chainabuse:OTHER_HACK,chainabuse_crawl,OTHER_HACK,votes=1;checked=False,2025-07-11
ArrG2GhoZCzycuxBy7ogqLw9YDBD5S19Nsr1wpT3jUty,SOL,chainabuse:IMPERSONATION,chainabuse_crawl,IMPERSONATION,votes=1;checked=False,2025-07-11
8oc4kKc5ypfDSzt12nDTYeGCpuLJ4PFSaVZ6DU86n2kD,SOL,chainabuse:FAKE_RETURNS,chainabuse_crawl,FAKE_RETURNS,votes=1;checked=False,2025-07-11
AhExAMQZXJX2RTdjsijJJzNJhp2qHLYTXtiz3eaBqRjD,SOL,chainabuse:ROMANCE,chainabuse_crawl,ROMANCE,votes=1;checked=False,2025-07-11
nDn9URUkHhCH4eoLT2bLU3w6tXckfXx8ziVTmTceauQ,SOL,chainabuse:SIM_SWAP,chainabuse_crawl,SIM_SWAP,votes=1;checked=False,2025-07-11
3gZLEap6WwrJDG9zufhNmrEaCBGdsagJmrmTY96uLdq6,SOL,chainabuse:OTHER,chainabuse_crawl,OTHER,votes=1;checked=False,2025-07-10
VNv9shWPnyP8KZZswhEayFMkXKfjWTCaZ8QhFZgopj3,SOL,chainabuse:PHISHING,chainabuse_crawl,PHISHING,votes=1;checked=False,2025-07-10
92PHR8FBow4wruR786FNuLTiWyT9bdyK7iodtW55SaaE,SOL,chainabuse:PHISHING,chainabuse_crawl,PHISHING,votes=1;checked=False,2025-07-10
E3WjPKeWdRNEqhUGMqYhfqgvYSGzfPghT9qXVwgKYTtq,SOL,chainabuse:OTHER,chainabuse_crawl,OTHER,label=https://omnipad.app/;votes=1;checked=False,2025-07-10
8b5aY2kzHWgR6oRb339o6YFPnzGc3YpmqKLshBTH8KCw,SOL,chainabuse:OTHER,chainabuse_crawl,OTHER,label=SOL swap USDC Holding wal;votes=1;checked=False,2025-07-10
4jPoXY3L9Xx9iAovUZzP5zSu7QmwM3kocGmfdZRKpYEE,SOL,chainabuse:OTHER_HACK,chainabuse_crawl,OTHER_HACK,votes=1;checked=False,2025-07-10
9eKTQmJpPfpJYvJGJtwMymTCS6Ew39aPAjZjsENz46Ke,SOL,chainabuse:OTHER_HACK,chainabuse_crawl,OTHER_HACK,votes=1;checked=False,2025-07-10
8R1KQChfbbAcCGVHHQAcSZZwYv1AS1fqpN8k53nUc3B,SOL,chainabuse:OTHER_HACK,chainabuse_crawl,OTHER_HACK,votes=1;checked=False,2025-07-10
BPDq5fRP8ukGBgX7u6myidRbf5STQhH2QyghBghdYoAr,SOL,chainabuse:OTHER_HACK,chainabuse_crawl,OTHER_HACK,votes=1;checked=False,2025-07-10
GzGRfdPchKiEG3axYcnjwEjaBFccu6pKoU9gR6kMLDQ,SOL,chainabuse:OTHER_HACK,chainabuse_crawl,OTHER_HACK,votes=1;checked=False,2025-07-10
D4DJvoLmTL9GJ3Am43GvXmtDRLCSmDbbfeorwPMBmMQ2,SOL,chainabuse:OTHER_HACK,chainabuse_crawl,OTHER_HACK,votes=1;checked=False,2025-07-10
FzJfuWJh7yJH7mtHtctgyAiQY3WHwPg8dtQQAQEWp6G,SOL,chainabuse:OTHER_HACK,chainabuse_crawl,OTHER_HACK,votes=1;checked=False,2025-07-10
2jms1NmwbUrByiYN4Yssmwz3EGNjg37ZoZcfm4JwdanR,SOL,chainabuse:OTHER_HACK,chainabuse_crawl,OTHER_HACK,votes=1;checked=False,2025-07-10
iAuydyfp6LoG2obP7Uzfkpnb81sZ6hnSDU1VzE5RvmV,SOL,chainabuse:OTHER_HACK,chainabuse_crawl,OTHER_HACK,votes=1;checked=False,2025-07-10
7LhmKrEGUPmx45pw4r3QoNDPXRw4wtmx5ErwCMGVu3oD,SOL,chainabuse:OTHER_HACK,chainabuse_crawl,OTHER_HACK,votes=1;checked=False,2025-07-10
6T1ZKoRG7nK2MCr6iZXrQQZ2UcoHRc5n7xhWRtwUbPKq,SOL,chainabuse:OTHER_HACK,chainabuse_crawl,OTHER_HACK,votes=1;checked=False,2025-07-10
Doj3UeDLvNL1LnjXMD9CYgPDMBsW9yqS9nrsEJYZacbq,SOL,chainabuse:PHISHING,chainabuse_crawl,PHISHING,votes=1;checked=False,2025-07-09
ExguqQMQxFFacmzayVExJMWwvsFzNGkTTdBUP1PqJ6qo,SOL,chainabuse:FAKE_PROJECT,chainabuse_crawl,FAKE_PROJECT,label=Scammer Wallet;votes=1;checked=False,2025-07-09
Hg8bKz4mvs8KNj9zew1cEF9tDw1x2GViB4RFZjVEmfrD,SOL,chainabuse:RUG_PULL,chainabuse_crawl,RUG_PULL,label=TDCCP;votes=1;checked=False,2025-07-09
3kFJTvhWs68bPs8Bp8i29X8ASDg5Ajt2kHGsCB65vLpo,SOL,chainabuse:RUG_PULL,chainabuse_crawl,RUG_PULL,votes=1;checked=False,2025-07-09
HQ5HS3UsjNL6Su1UnNPjZnWKnY5o9gyY1CNPssHsXdyG,SOL,chainabuse:RUG_PULL,chainabuse_crawl,RUG_PULL,votes=1;checked=False,2025-07-09
86r3a2h7UqyzVgWFuSWa59Eaqzo8BhomREGNpuUeoVEu,SOL,chainabuse:RUG_PULL,chainabuse_crawl,RUG_PULL,votes=1;checked=False,2025-07-09
Emr2guEvo3Bzj1KE5EHt56hW5zwDVynDrRRQQEo28y8u,SOL,chainabuse:FAKE_RETURNS,chainabuse_crawl,FAKE_RETURNS,votes=1;checked=False,2025-07-09
ARVpiH6DXeaR8YuD7KrFxrGSYeWuyh5rjNbc5QsmHdYB,SOL,chainabuse:FAKE_RETURNS,chainabuse_crawl,FAKE_RETURNS,votes=1;checked=False,2025-07-09
HmTWnJL6mSZZfoeaZ6icW7M7s8jugKpSSzqxM68hMNno,SOL,chainabuse:OTHER_HACK,chainabuse_crawl,OTHER_HACK,votes=1;checked=False,2025-07-08
BweiU7YiuQNxeASCNGQi8qBW4Ngs2gwx68Q7M5HfJ52g,SOL,chainabuse:OTHER_HACK,chainabuse_crawl,OTHER_HACK,votes=1;checked=False,2025-07-08
GRmUaTi23QQhkKyUdBFuqMj6Dey2sfrgeorRby3fFQZS,SOL,chainabuse:FAKE_RETURNS,chainabuse_crawl,FAKE_RETURNS,votes=1;checked=False,2025-07-08
DTokc8mNbNM2mFVYiik185AFuSsgnpQoAxA14D1QEP1W,SOL,chainabuse:OTHER_HACK,chainabuse_crawl,OTHER_HACK,votes=1;checked=False,2025-07-08
99PSQhEkTJx47AxSfYZ9YqHPv7US4Z9rxttSApCnSEpQ,SOL,chainabuse:FAKE_PROJECT,chainabuse_crawl,FAKE_PROJECT,votes=1;checked=False,2025-07-08
DZE8ACby1dLsoDYWGK8ZXDPRp5p62RZYYEtYesHd9ke5,SOL,chainabuse:FAKE_PROJECT,chainabuse_crawl,FAKE_PROJECT,votes=1;checked=False,2025-07-08
CNxEcwJsdXzjSLCTZrwRkLrg4Cum64Ak7nurtxdxCsad,SOL,chainabuse:PHISHING,chainabuse_crawl,PHISHING,label=Scammer decoy Wallet;votes=1;checked=False,2025-07-08
CsHB1bE2nEkkhVVf3tT677V5Sz65PpQwGQh6Ew1DPiLq,SOL,chainabuse:PHISHING,chainabuse_crawl,PHISHING,label=Scammer decoy Wallet;votes=1;checked=False,2025-07-08
ABNL41SwMLVRaCq6okEWsWyvLwm56nazUNwMrTHgmuyf,SOL,chainabuse:PHISHING,chainabuse_crawl,PHISHING,label=Scammer Vault Wallet;votes=1;checked=False,2025-07-08
5xjU9Q7AaP9e2J4v9J4JW3gZfsSJGbA8HbbFEGf9PWai,SOL,chainabuse:IMPERSONATION,chainabuse_crawl,IMPERSONATION,votes=1;checked=False,2025-07-08
E2LpVPeLokDFycRD41rqnM38LcqGHfV5E6m9UrNdjtXP,SOL,chainabuse:PHISHING,chainabuse_crawl,PHISHING,votes=1;checked=False,2025-07-07
Ezvu9ZDsZ49fz4XntZ8hJVKjijKtoX3hh6Wt7BkGMmGC,SOL,chainabuse:CONTRACT_EXPLOIT,chainabuse_crawl,CONTRACT_EXPLOIT,votes=1;checked=False,2025-07-07
ETECpQAtYrBE5qMhuX48oG9rMBcr3UvFcbvXiFr3SgE7,SOL,chainabuse:PHISHING,chainabuse_crawl,PHISHING,votes=1;checked=False,2025-07-07
78qaoiDuYibAv7pPhgzY5H7qtHpKmpWeUUBrZH8P9ufj,SOL,chainabuse:OTHER_BLACKMAIL,chainabuse_crawl,OTHER_BLACKMAIL,votes=1;checked=False,2025-07-06
BuaKwPnDEV3JAnev1weMjkVu5pPAK3j58ZYzD2sMNZ1r,SOL,chainabuse:OTHER_HACK,chainabuse_crawl,OTHER_HACK,votes=1;checked=False,2025-07-06
CnFNcbQYcbnoUkd1myo9DEUUxjufHUGGeXjkoMGpf7Tq,SOL,chainabuse:FAKE_RETURNS,chainabuse_crawl,FAKE_RETURNS,label=fake investment;votes=1;checked=False,2025-07-04
HMTfjYvAL7Eee3iKY61Z7aTU8VhNEAYHqx3LD8aEc2x4,SOL,chainabuse:PHISHING,chainabuse_crawl,PHISHING,votes=1;checked=False,2025-07-03
BTVGVtUeJNcRt1rigVmX39iSiygehR5YArUyi3F2wxNq,SOL,chainabuse:FAKE_RETURNS,chainabuse_crawl,FAKE_RETURNS,votes=1;checked=False,2025-07-03
5cPjRjHSyQMoJhA7MpWvxFTizVmN3KgQ9Gw9nTxkTd9N,SOL,chainabuse:IMPERSONATION,chainabuse_crawl,IMPERSONATION,votes=1;checked=False,2025-07-02
Gq7YE6as88GkYp5knPJyE9XDR8ZCTqthCyTKMd64oQBV,SOL,chainabuse:FAKE_PROJECT,chainabuse_crawl,FAKE_PROJECT,votes=1;checked=False,2025-07-02
GXW5btMj7XvBdKwst7k3wFM8Ahp2dMMUwKsnpuoFQ6iZ,SOL,chainabuse:IMPERSONATION,chainabuse_crawl,IMPERSONATION,votes=1;checked=False,2025-07-02
7ppbZs2931Udx2GjAhHJKeUtv4xMUHUa69x5ZB5jSp6V,SOL,chainabuse:OTHER_HACK,chainabuse_crawl,OTHER_HACK,votes=1;checked=False,2025-07-01
FRmTZRRaoCjTx6srtPeU3cSBXzHEqVConbzrUyWnmPkb,SOL,chainabuse:OTHER_HACK,chainabuse_crawl,OTHER_HACK,label=SUI;votes=1;checked=False,2025-07-01
BMGmCYEaNWsHkgXUVcHu79bXWHdEkvub7L87XjZvJffZ,SOL,chainabuse:FAKE_RETURNS,chainabuse_crawl,FAKE_RETURNS,label=Wrixbit receiving wa;votes=0;checked=False,2025-06-30
8KXVrjtkFGbnPEH666swx9SkLFV1QiMLhtzVXUHe3fTQ,SOL,chainabuse:OTHER_HACK,chainabuse_crawl,OTHER_HACK,votes=1;checked=False,2025-06-30
8MAXMRDMdC52r9u6U9uo9AoSuJgr4sLxXviAb1ycT6Ec,SOL,chainabuse:AIRDROP,chainabuse_crawl,AIRDROP,votes=1;checked=False,2025-06-29
9NUW7CLCafDMeRHuNZgQpRwzNNoc5WQYdB3Ndfp4F5bx,SOL,chainabuse:PHISHING,chainabuse_crawl,PHISHING,votes=1;checked=False,2025-06-29
AdSUAuRhDwCUmo1H8ifNHk2L22FMuNNYDuQMx7Unvkz,SOL,chainabuse:PHISHING,chainabuse_crawl,PHISHING,label=surgebotpro;votes=1;checked=False,2025-06-28
CCMsc7L8PBVfGGQ3L9ni2tx2N3NRHuH9aXqrErRGfKeR,SOL,chainabuse:OTHER_BLACKMAIL,chainabuse_crawl,OTHER_BLACKMAIL,votes=1;checked=False,2025-06-28
9vgZU4FrQERNGduUWU3NTsZiM8QNmJnGJPynBGWJ5hPi,SOL,chainabuse:OTHER,chainabuse_crawl,OTHER,votes=1;checked=False,2025-06-28
Cpcy72PTkyWEQAsZmyU8U2nbSPUwwae4DkLzSbJNMtLR,SOL,chainabuse:FAKE_RETURNS,chainabuse_crawl,FAKE_RETURNS,label=1st account;votes=1;checked=False,2025-06-28
Gw1irStv72LceeqArVL6g4QdjDGrU7LrK4gXHyw6PEk7,SOL,chainabuse:OTHER_HACK,chainabuse_crawl,OTHER_HACK,votes=1;checked=False,2025-06-28
7epmFKcPAM4gvJReaWCHAZufzPVtVGAmwd9hbxW9RaSR,SOL,chainabuse:PHISHING,chainabuse_crawl,PHISHING,votes=1;checked=False,2025-06-27
Fef2siGW6eqUpqwFmfuwfMXG75CX5u7LuaND4nW26mAY,SOL,chainabuse:OTHER_HACK,chainabuse_crawl,OTHER_HACK,votes=1;checked=False,2025-06-27
5mm9w4p2eyrKbBRjGVNqBGWE99SpFeYELPspS9xn8WCv,SOL,chainabuse:IMPERSONATION,chainabuse_crawl,IMPERSONATION,votes=1;checked=False,2025-06-27
5jhq6GV8Ah28W5yw8Th6VdMwobVxGp1PsHFx3ttvWFGs,SOL,chainabuse:IMPERSONATION,chainabuse_crawl,IMPERSONATION,votes=1;checked=False,2025-06-27
38UrDru3tfHHZe5G81Yetqx3TDStrTbgf2q5r228qWQB,SOL,chainabuse:PHISHING,chainabuse_crawl,PHISHING,votes=1;checked=False,2025-06-26
2MWyF49zAka21twxCr2CS7euTQPBGJVLooWfma7KWsz1,SOL,chainabuse:RUG_PULL,chainabuse_crawl,RUG_PULL,votes=1;checked=False,2025-06-25
938pqsNgG4mVSsjYYwhwYc4pWABmFCUhhFkjHgAsAWVM,SOL,chainabuse:PHISHING,chainabuse_crawl,PHISHING,votes=1;checked=False,2025-06-25
aTsLJonM1YyA75CbYv8P8LrcgMHGRTnMcg5wUUHeoGy,SOL,chainabuse:PIGBUTCHERING,chainabuse_crawl,PIGBUTCHERING,votes=1;checked=False,2025-06-25
HWKLtmt4xCLRc5NTXSfTicbCqkdv6RwMUZBF2EwGmfnv,SOL,chainabuse:FAKE_RETURNS,chainabuse_crawl,FAKE_RETURNS,votes=1;checked=False,2025-06-25
8471m9eegpc62qfcnXK6ChQac7MxqyQjjs9uGuMrREq5,SOL,chainabuse:OTHER_HACK,chainabuse_crawl,OTHER_HACK,votes=1;checked=False,2025-06-24
2y8QSRSsVivZnk9XeMy53XK7Wmf3Fj4MXj6sXuNuFzT3,SOL,chainabuse:OTHER,chainabuse_crawl,OTHER,label=scammers;votes=1;checked=False,2025-06-24
BmPYn3m3bxKofG5fi7C1p3uzVZgV8985jbshKeakztGc,SOL,chainabuse:PHISHING,chainabuse_crawl,PHISHING,votes=1;checked=False,2025-06-23
2kf46FopeN9JoYkHBNkxhYRdbSruNPZCzq7nE3XZFnnz,SOL,chainabuse:PHISHING,chainabuse_crawl,PHISHING,votes=1;checked=False,2025-06-23
29hLz1uQejTuXdJfTR3WDLqvYEseTDcLCVvShNtCByWJ,SOL,chainabuse:PHISHING,chainabuse_crawl,PHISHING,votes=1;checked=False,2025-06-23
Acyf94GCox91MJxE1X3voxfQb8t7untBc8DJpVKQzeuN,SOL,chainabuse:OTHER_HACK,chainabuse_crawl,OTHER_HACK,votes=1;checked=False,2025-06-23
5k3TnPj8fJdQJp9aN9tEz2LRP8JdGzF6uWDkXsbP6FqR,SOL,chainabuse:OTHER,chainabuse_crawl,OTHER,votes=1;checked=False,2025-06-22
43WUtvsvVCQnq6wacfnEdFwB6Ttk2G5c9nT2jyo7FKSP,SOL,chainabuse:OTHER,chainabuse_crawl,OTHER,votes=1;checked=False,2025-06-22
7EfuGeV75YDSCsA2UvJjdVzaqhtuxShuYTwCZdiFyQre,SOL,chainabuse:FAKE_RETURNS,chainabuse_crawl,FAKE_RETURNS,votes=2;checked=False,2025-06-22
C6jfC9damho8DgrDao299fiLYw5rCAMLXmySDApEebiN,SOL,chainabuse:OTHER,chainabuse_crawl,OTHER,votes=0;checked=False,2025-06-21
HLNu72WN5Th5VAz5J4afm7m2nTWkXcddABdfwSSuLr65,SOL,chainabuse:PHISHING,chainabuse_crawl,PHISHING,label=SCAMMER;votes=1;checked=False,2025-06-21
8AhwqdVUFZqRJ2Fw8BAhh55LaPgzxdYudQW3p4q6sQ64,SOL,chainabuse:PIGBUTCHERING,chainabuse_crawl,PIGBUTCHERING,votes=1;checked=False,2025-06-21
FJswxEvcZDB1X8XtQk8AUQkhcTy2GjMY5dUSUwUJ1n8T,SOL,chainabuse:IMPERSONATION,chainabuse_crawl,IMPERSONATION,votes=1;checked=False,2025-06-20
9XGv1g4TVtKVsuEKGF9uj35SM1kFS1JURA1UpMPdMEA4,SOL,chainabuse:OTHER_HACK+PHISHING,chainabuse_crawl,OTHER_HACK|PHISHING,votes=1;checked=False,2025-06-20
4T3p3riW6ny4dmSx9i2LUfXxDy9LVPnH5nczNymX2xSW,SOL,chainabuse:PHISHING,chainabuse_crawl,PHISHING,votes=1;checked=False,2025-06-20
HcYMjmcSuPE6AtcNJsxD9R1Whj81kefmkJZrKxUgbMYm,SOL,chainabuse:PHISHING,chainabuse_crawl,PHISHING,votes=1;checked=False,2025-06-19
Au1og3bsBeExg1cGW6mDuCdyk758hmh9BUaS1uJmcHFN,SOL,chainabuse:PHISHING,chainabuse_crawl,PHISHING,votes=1;checked=False,2025-06-19
CoJXPLpFVHCqJqfiLyonwyx9SYqrXMs2JUCAbovyHMT8,SOL,chainabuse:OTHER_HACK,chainabuse_crawl,OTHER_HACK,votes=1;checked=False,2025-06-18
mu2Jr3ZDa4wuGXgaKfY6ZfdvUSmeFDKzqMGtDXPLotU,SOL,chainabuse:FAKE_PROJECT,chainabuse_crawl,FAKE_PROJECT,votes=1;checked=False,2025-06-18
8WxKkWHTeqSx75U3WsZoKM8EjLPPrrKMiA5n7q8apKYz,SOL,chainabuse:IMPERSONATION,chainabuse_crawl,IMPERSONATION,label=Scammer wallet;votes=1;checked=False,2025-06-18
BjEbngXvxh8qE8A8BvZMYueaTXvE74zwWbbtW8DJnip8,SOL,chainabuse:IMPERSONATION,chainabuse_crawl,IMPERSONATION,label=Solana 1;votes=1;checked=False,2025-06-18
CPZBW1rRNS21ntAR2qtMdiresFyCMeBDbZyPVnspzVmE,SOL,chainabuse:RANSOMWARE,chainabuse_crawl,RANSOMWARE,votes=1;checked=False,2025-06-17
5WKE3WtLCEoL8tuKPn9UGc6psFGMCpBtPiURstUEpump,SOL,chainabuse:PHISHING,chainabuse_crawl,PHISHING,votes=1;checked=False,2025-06-17
FJQ4yafbWzWb66mRBMzkdJRP85oTh45jPrrAg2mmbLNz,SOL,chainabuse:RUG_PULL,chainabuse_crawl,RUG_PULL,label=Remowe liqudity;votes=2;checked=False,2025-06-16
Bw1REGNhibu3L8F9rFrcL6UFjGLG22j6XwCpqGpicu9k,SOL,chainabuse:RUG_PULL,chainabuse_crawl,RUG_PULL,label=13 sol;votes=2;checked=False,2025-06-16
4niCDQS1dSvsGKYjGg6FXjSh6CyvjeseRVQkkf6hautt,SOL,chainabuse:RUG_PULL,chainabuse_crawl,RUG_PULL,label=39 sol;votes=2;checked=False,2025-06-16
ALFYtYZWAHS5ed3REt9tpZtamowxj94Fu4BpadRe2TBn,SOL,chainabuse:FAKE_PROJECT,chainabuse_crawl,FAKE_PROJECT,votes=1;checked=False,2025-06-16
XzAoU1Gr5QMQ1QeWRJb3arohNn9nNeArWbdGjArCML3,SOL,chainabuse:FAKE_PROJECT,chainabuse_crawl,FAKE_PROJECT,votes=1;checked=False,2025-06-16
GKXsy3RCmrNJjuXMoQfUXUj2CTftMoeKKyAfs1fxMzST,SOL,chainabuse:OTHER_HACK,chainabuse_crawl,OTHER_HACK,votes=1;checked=False,2025-06-15
5uSka1jZRgthBqegP9JJ2cfx7jJkkjfey4CcCaFPWJLR,SOL,chainabuse:RUG_PULL,chainabuse_crawl,RUG_PULL,votes=1;checked=False,2025-06-14
6HBLNrhsWu9RRtbRzSkKm7Ed6879Kd5BJDgj5vPCBa4p,SOL,chainabuse:PHISHING,chainabuse_crawl,PHISHING,votes=1;checked=False,2025-06-14
26wvZMnQBTDEp8cKT8mcYH8U6NLdDs7Rz3xMw7K8Ahbp,SOL,chainabuse:IMPERSONATION+PHISHING,chainabuse_crawl,IMPERSONATION|PHISHING,votes=1;checked=False,2025-06-14
EP5v7AkhCe7SMJutaYz6sKRsrbHJWNf9B2hQWPJLdEzK,SOL,chainabuse:AIRDROP,chainabuse_crawl,AIRDROP,votes=1;checked=False,2025-06-14
GSV9V62dCiM98pyLgkb9gQHqr4CUR9X2eRRm4zAo65xY,SOL,chainabuse:IMPERSONATION,chainabuse_crawl,IMPERSONATION,label=25oTjcfeRev3YUhRrRje52bxt;votes=1;checked=False,2025-06-13
H64CtdLSJ7TDVyws3aHupDkpjRiXVid5YssypZ92wfuh,SOL,chainabuse:PHISHING,chainabuse_crawl,PHISHING,votes=1;checked=False,2025-06-12
GFyMQCfjP2gVuoCEj1NMib3QzqzpGf6Buk5GiBum14d7,SOL,chainabuse:PIGBUTCHERING,chainabuse_crawl,PIGBUTCHERING,votes=1;checked=False,2025-06-11
9r1jXG58z1iFA3q2HL9qZhBGKEVWvZZF6nGt63SocQts,SOL,chainabuse:PIGBUTCHERING,chainabuse_crawl,PIGBUTCHERING,votes=1;checked=False,2025-06-11
B2cziaRPFa1dEJTxjQj8J2VpNf2ksLAAcBgU4zhmYypz,SOL,chainabuse:PIGBUTCHERING,chainabuse_crawl,PIGBUTCHERING,votes=1;checked=False,2025-06-11
v94X1DT69MyCiwQvXpFDJpvGtBn3BAZLa3bc5Br22P9,SOL,chainabuse:PIGBUTCHERING,chainabuse_crawl,PIGBUTCHERING,votes=1;checked=False,2025-06-11
6FPKoxvNkNLbsx9AuEf6Cuk8Tv8yMfQoPSA2x7jPNu1S,SOL,chainabuse:PIGBUTCHERING,chainabuse_crawl,PIGBUTCHERING,votes=1;checked=False,2025-06-11
4xDsmeTWPNjgSVSS1VTfzFq3iHZhp77ffPkAmkZkdu71,SOL,chainabuse:PIGBUTCHERING,chainabuse_crawl,PIGBUTCHERING,votes=1;checked=False,2025-06-11
7BZ4oUNnULvk1CgVughj9vtT4E54dZGsnT1vsnjpiC5h,SOL,chainabuse:PHISHING,chainabuse_crawl,PHISHING,label=MetaNet/DEXVAULT Scam;votes=1;checked=False,2025-06-10
3iAZCTtUtEFtvz9HvePmM1HayGG5aHnkn7icnAeg2RF5,SOL,chainabuse:PHISHING,chainabuse_crawl,PHISHING,label=MetaNet/DEXVAULT Scam;votes=1;checked=False,2025-06-10
Hoi7YNj45zMzxsjsSWUXui64Ye7RtQnob2Sv8pzcXvFJ,SOL,chainabuse:PHISHING,chainabuse_crawl,PHISHING,label=MetaNet/DEXVAULT Scam;votes=1;checked=False,2025-06-10
d33gyQvcixdyZXkZFQDsVmXb74vxyzJAW6PdQ4SHArR,SOL,chainabuse:PHISHING,chainabuse_crawl,PHISHING,label=MetaNet/DEXVAULT Scam;votes=1;checked=False,2025-06-10
ABWkhipVQrof6mbdu98bhScPnHeVWhiZv742bnUX8DV3,SOL,chainabuse:PHISHING,chainabuse_crawl,PHISHING,label=MetaNet/DEXVAULT Scam;votes=1;checked=False,2025-06-10
9ZA96aAiC66XTfJCuX1b4YqGVhWd9QzaxSnqtUuCmnck,SOL,chainabuse:OTHER_HACK,chainabuse_crawl,OTHER_HACK,votes=1;checked=False,2025-06-09
BwLLSuViFWS6gVuXWjq2fNqrpccn8AYqQWWxU6D4pump,SOL,chainabuse:AIRDROP,chainabuse_crawl,AIRDROP,votes=1;checked=False,2025-06-09
7gmbZYLxTVGPX72D8Ge34JPEvwZ8LwkhCZ2xT7koQZyu,SOL,chainabuse:OTHER_HACK,chainabuse_crawl,OTHER_HACK,votes=1;checked=False,2025-06-09
8RLjqm8VkCfpZLct7xq3xVZJUaGZLrbxGxB4VQYBdLKX,SOL,chainabuse:OTHER_HACK,chainabuse_crawl,OTHER_HACK,votes=1;checked=False,2025-06-09
8VJWbreWTeJnHi6BYNkC63fdBYQvLaVqTsCXUA8eWPwg,SOL,chainabuse:OTHER_HACK,chainabuse_crawl,OTHER_HACK,votes=1;checked=False,2025-06-08
HrkRQD7vaLRNF4GhRAsB8YXkv9r7KypTBw75zmxLU1Jd,SOL,chainabuse:OTHER_HACK,chainabuse_crawl,OTHER_HACK,votes=1;checked=False,2025-06-08
G3DD8MqRTi7h1hMyzKXtcHQWvNr1xQ4vUKY84ywK9KhC,SOL,chainabuse:FAKE_PROJECT,chainabuse_crawl,FAKE_PROJECT,votes=1;checked=False,2025-06-08
C5d8GVbXP1EGiF2T9byqNm6iLinmW95qDNoLDL7FbCSJ,SOL,chainabuse:AIRDROP,chainabuse_crawl,AIRDROP,votes=1;checked=False,2025-06-08
BSzuM7EW5aNgw9n4BY45mArFzAvUyD1tDvn9htxRUznE,SOL,chainabuse:PHISHING,chainabuse_crawl,PHISHING,votes=1;checked=False,2025-06-07
AF9o4NNun5FoyRyAoG8VdbeHpgjvxbEw8yBU8YY2mohw,SOL,chainabuse:RUG_PULL,chainabuse_crawl,RUG_PULL,votes=1;checked=False,2025-06-07
Cw2QejFL1BW7F5yJK4SLBTA48Qj6FTXWEJWm4kCSVxJp,SOL,chainabuse:IMPERSONATION+OTHER_HACK,chainabuse_crawl,IMPERSONATION|OTHER_HACK,label=scammer2;votes=1;checked=False,2025-06-07
GE35v7WjbrFAWVMzi9apRnMJaHYvRBRd9aigypV6AorS,SOL,chainabuse:IMPERSONATION,chainabuse_crawl,IMPERSONATION,votes=1;checked=False,2025-06-06
5UPfdXUxApCGyf73puKAgyvG42Gd8LMVUPLhjVQYBVsK,SOL,chainabuse:FAKE_PROJECT,chainabuse_crawl,FAKE_PROJECT,votes=1;checked=False,2025-06-06
BAKpvxUiLHTpwJjQwVd3ScEuUHnXhw6BQnLeiQg4xuwq,SOL,chainabuse:PHISHING,chainabuse_crawl,PHISHING,votes=1;checked=False,2025-06-06
CeWxv1Cmg1okzLM6DQthnNcpnpWssYvVE3kAiKA58peG,SOL,chainabuse:OTHER,chainabuse_crawl,OTHER,votes=1;checked=False,2025-06-06
7wSz2YdLX8ytqTRJMeNwfA4V5hpuqEt2Bx7D1TfzTa8C,SOL,chainabuse:FAKE_PROJECT,chainabuse_crawl,FAKE_PROJECT,votes=1;checked=False,2025-06-05
Gmh3jk6yqrSCdkSt5NCcgTb2PNVUhwS4tzv8iq36J16w,SOL,chainabuse:OTHER_HACK,chainabuse_crawl,OTHER_HACK,votes=1;checked=False,2025-06-05
8e6ZSD772Jhtncr9TyMjyGBTSR47fznvDAF3DfVyYaNg,SOL,chainabuse:AIRDROP,chainabuse_crawl,AIRDROP,votes=1;checked=False,2025-06-05
5Ta5f5e1mRuKfszrPyGsMbU4QbtnxoUyybjhDF2EUbwo,SOL,chainabuse:IMPERSONATION+SIM_SWAP,chainabuse_crawl,IMPERSONATION|SIM_SWAP,votes=1;checked=False,2025-06-05
Gra8pUuXNpX8jXJRPqhvE9WsHQNgXqdi8F1kAX4RKt5M,SOL,chainabuse:OTHER_HACK,chainabuse_crawl,OTHER_HACK,votes=1;checked=False,2025-06-05
EinfungSpLDqa5UQAF3zwMjMjLe1tm1JwytiXMCAJWKs,SOL,chainabuse:FAKE_PROJECT,chainabuse_crawl,FAKE_PROJECT,votes=1;checked=False,2025-06-04
8o5X7sropGf3Vuk3vypzgh7h3hsN4sn3pm5jukNCDUTL,SOL,chainabuse:PHISHING,chainabuse_crawl,PHISHING,votes=1;checked=False,2025-06-04
8GNUqhgKm7BTRQ9gpfrCXytKZP7Edqwyf5PP35njRtJp,SOL,chainabuse:FAKE_RETURNS,chainabuse_crawl,FAKE_RETURNS,votes=1;checked=False,2025-06-04
3detBwSG4NRpNGQpV5nRsNtEjsWjwAoKEJQWv5sPFzRY,SOL,chainabuse:AIRDROP,chainabuse_crawl,AIRDROP,votes=1;checked=False,2025-06-03
DuSnSyRvz6J5MFDMLDTZJiVMgfy7oc7WTguWFKh8KGKw,SOL,chainabuse:RUG_PULL,chainabuse_crawl,RUG_PULL,votes=1;checked=False,2025-06-03
CD976R5LbG8kYiq7AUBgdJWBGsxXD2a4xThJRWEvV7Zg,SOL,chainabuse:RUG_PULL,chainabuse_crawl,RUG_PULL,votes=1;checked=False,2025-06-03
CGTuQxK3CQhQ9NqBXtWUXgBfzvLSiAaGWbDej7AfZjKx,SOL,chainabuse:RUG_PULL,chainabuse_crawl,RUG_PULL,votes=1;checked=False,2025-06-03
EvgajYYsVLj1qR2n277nZLRXFnxiU1RXVvCMpSGMMGbN,SOL,chainabuse:RUG_PULL,chainabuse_crawl,RUG_PULL,votes=1;checked=False,2025-06-03
CjkbpZaCA9kWE667p5WENoGtHQWUbiaSFqobQSZtkByC,SOL,chainabuse:RUG_PULL,chainabuse_crawl,RUG_PULL,votes=1;checked=False,2025-06-03
B1mH6JgWvSKDWVUQCmSq2j7G25L8siGYPijgoKFNYJDS,SOL,chainabuse:RUG_PULL,chainabuse_crawl,RUG_PULL,votes=1;checked=False,2025-06-03
FHmfSftTDrdhaPRmKkwHZYvB8bnRE18CTQX19v9hpump,SOL,chainabuse:RUG_PULL,chainabuse_crawl,RUG_PULL,votes=1;checked=False,2025-06-03
BW1j7Ty1kCqNbjzKLMprzAnkTe9dcQd2AAyQCtrJc29r,SOL,chainabuse:RUG_PULL,chainabuse_crawl,RUG_PULL,votes=1;checked=False,2025-06-03
7kXjaepu7WeBHUYNmLMCUe17v1VL7Y9ZFnUi4gMx45CY,SOL,chainabuse:RUG_PULL,chainabuse_crawl,RUG_PULL,votes=1;checked=False,2025-06-03
7Pg7sMb9QcTjSC7hWuNQxYsDZPvyEATpnS6rbYf6jnBX,SOL,chainabuse:OTHER,chainabuse_crawl,OTHER,label=froud;votes=1;checked=False,2025-06-03
H1VfdKHuuLH4EJaMCdfL5rjwd6fNHCn2sies2PSUisSh,SOL,chainabuse:PHISHING,chainabuse_crawl,PHISHING,votes=1;checked=False,2025-06-03
3TSzG2qxemk3mQY5pwd1dpMPSy4stnYYSaLPJg83dcRL,SOL,chainabuse:OTHER_HACK,chainabuse_crawl,OTHER_HACK,votes=1;checked=False,2025-06-02
CdTUdWjdTjpFvC7m76JyKjmLYXhkpBcDpYZeyi1P5QFP,SOL,chainabuse:PHISHING,chainabuse_crawl,PHISHING,votes=1;checked=False,2025-06-02
5xePayfHiyFiSHrynGMrpvCHBCbJvuYQQuxg5RCGK5SN,SOL,chainabuse:OTHER_HACK,chainabuse_crawl,OTHER_HACK,votes=1;checked=False,2025-06-01
9bGLVJkGa27gEoy1gBwefZyC6364cNGRUt9uecGwzxN8,SOL,chainabuse:CONTRACT_EXPLOIT,chainabuse_crawl,CONTRACT_EXPLOIT,label=scammer ;votes=1;checked=False,2025-06-01
6pHYswciLMYV7V6Uqtvvafc4xbeQdaKzPrX3uuj8yCNp,SOL,chainabuse:PHISHING,chainabuse_crawl,PHISHING,votes=1;checked=False,2025-06-01
G3a5oP2B7xGp4KdFURB4EHCNec3rRwrZM5XdbmbG9ct,SOL,chainabuse:OTHER_HACK,chainabuse_crawl,OTHER_HACK,votes=1;checked=False,2025-05-31
9SfocQRuCwpXfiCKWsxkuDfM5mXVcbDAi9bV2K4nMJG6,SOL,chainabuse:OTHER,chainabuse_crawl,OTHER,votes=1;checked=False,2025-05-31
B7uCZVSCXoSCBkbYGM3V9Z64nEJAjw2z6Nt1mBm4CJdp,SOL,chainabuse:IMPERSONATION,chainabuse_crawl,IMPERSONATION,votes=1;checked=False,2025-05-30
burn68h9dS2tvZwtCFMt79SyaEgvqtcZZWJphizQxgt,SOL,chainabuse:AIRDROP+IMPERSONATION+OTHER+PHISHING,chainabuse_crawl,AIRDROP|IMPERSONATION|OTHER|PHISHING,label=SCAM INFLOW;votes=1;checked=False,2025-05-30
BcZrDiDjdXMp7Wy6XupZGMUiRgMK9xySSgbf9BcNXFLh,SOL,chainabuse:IMPERSONATION,chainabuse_crawl,IMPERSONATION,votes=1;checked=False,2025-05-30
CCKoTEvXCp4x9TmvVvPay8Sqtj7BPFfpugQ6RTX3pump,SOL,chainabuse:OTHER_BLACKMAIL,chainabuse_crawl,OTHER_BLACKMAIL,votes=1;checked=False,2025-05-29
9aCeZoAWtMZdthJwZBkYbdbXKpfujVBvgE5V3pTY6Hhg,SOL,chainabuse:PHISHING,chainabuse_crawl,PHISHING,votes=1;checked=False,2025-05-29
F7p3dFrjRTbtRp8FRF6qHLomXbKRBzpvBLjtQcfcgmNe,SOL,chainabuse:PHISHING,chainabuse_crawl,PHISHING,votes=1;checked=False,2025-05-29
DLeHnkjnKMdSFfbpReW6aoxa6eaFQ2BVj52hXxhyzNSK,SOL,chainabuse:FAKE_RETURNS,chainabuse_crawl,FAKE_RETURNS,votes=1;checked=False,2025-05-29
FLKFWQWYJyjz78WzHSTDbp73ZfPEMRvF2R6YdjsFEzve,SOL,chainabuse:RUG_PULL,chainabuse_crawl,RUG_PULL,votes=1;checked=False,2025-05-28
2A3PJbrncZz1xTcLCq1u5ivgbUUiZrxNRXa43U9S8eLH,SOL,chainabuse:FAKE_RETURNS,chainabuse_crawl,FAKE_RETURNS,votes=1;checked=False,2025-05-28
CCepcKnEhCvhxHTVBS5M9jFi9HXadvEHAF9g2z6Yy18b,SOL,chainabuse:FAKE_PROJECT,chainabuse_crawl,FAKE_PROJECT,votes=1;checked=False,2025-05-28
4xHppCtFqnxQs9TorUmMekrhaiA33ye7t2pwNxCSEuUU,SOL,chainabuse:OTHER_HACK,chainabuse_crawl,OTHER_HACK,votes=1;checked=False,2025-05-27
3Cv8A8wgyZF74NMbcS1c4LNXqdGVm67kakggYZiQiP6N,SOL,chainabuse:FAKE_RETURNS,chainabuse_crawl,FAKE_RETURNS,votes=1;checked=False,2025-05-27
FfJdg8fuMaK8BtTTZkZ51UrwewFDVTszVtVJyAUBo9AN,SOL,chainabuse:PHISHING,chainabuse_crawl,PHISHING,votes=1;checked=False,2025-05-27
6zggU2t2oQNZkSceYY2hnSDFFfKaArqe1BhMzSHGpfj3,SOL,chainabuse:AIRDROP,chainabuse_crawl,AIRDROP,votes=1;checked=False,2025-05-27
8z5pB9wAnnscJu8oCMdim3bDDEeZthaUXVCKMxdC5CmP,SOL,chainabuse:IMPERSONATION,chainabuse_crawl,IMPERSONATION,votes=1;checked=False,2025-05-27
AUcJQyUHwZnaegZ8sVNuiuHttSGAx33tKHaT45TYKbt2,SOL,chainabuse:IMPERSONATION,chainabuse_crawl,IMPERSONATION,votes=1;checked=False,2025-05-26
Ef4z1jGTaMe861jNBfVKUk51CX8SMkN3jKZF4yKMwUU2,SOL,chainabuse:OTHER,chainabuse_crawl,OTHER,votes=1;checked=False,2025-05-26
Eet6WFsTpUq6xNcnv8kVQcXZRrtcPPt9nXUwFhdeuxuU,SOL,chainabuse:OTHER_HACK,chainabuse_crawl,OTHER_HACK,votes=1;checked=False,2025-05-26
3yB5iZYwhRFLqsZ3myWwhuZ6kXiZDdqPg7eBuzeB8xBc,SOL,chainabuse:OTHER_HACK,chainabuse_crawl,OTHER_HACK,votes=1;checked=False,2025-05-26
3EA3hdS9wHhunMACRx3NNHghCjeMiRUgvAKWjFhru6a4,SOL,chainabuse:IMPERSONATION,chainabuse_crawl,IMPERSONATION,votes=1;checked=False,2025-05-25
FpnzzPahB6vhaxK7i92wRLBcbvbFQ3ZGymGXuc8q7AFL,SOL,chainabuse:IMPERSONATION,chainabuse_crawl,IMPERSONATION,votes=1;checked=False,2025-05-25
7RPQzPHRSNSf9VNkQqeUcDwBhkubu1gKMVSoHbDwiA5y,SOL,chainabuse:IMPERSONATION,chainabuse_crawl,IMPERSONATION,votes=1;checked=False,2025-05-25
FZSvB47NTmpZJo83v1RAJGehZNmCQJ53Poqxw7zDZ4SG,SOL,chainabuse:IMPERSONATION,chainabuse_crawl,IMPERSONATION,votes=1;checked=False,2025-05-24
AU4DTuH5uQosCtL2TTeGDzoZeEXu3LduGkx4TgQfFQTR,SOL,chainabuse:OTHER_HACK,chainabuse_crawl,OTHER_HACK,label=Account 1;votes=1;checked=False,2025-05-24
AZCohg5uw2vuQGftnQbk6gVcvhnJfx7PFMesMEv2vCLg,SOL,chainabuse:FAKE_RETURNS,chainabuse_crawl,FAKE_RETURNS,votes=1;checked=False,2025-05-24
B4D5J4zpGHM1JLfDgTdAXvPBgL5BQAwma6Cy6jpa6Czz,SOL,chainabuse:OTHER_BLACKMAIL,chainabuse_crawl,OTHER_BLACKMAIL,votes=1;checked=False,2025-05-24
GarTnd9W5eZ5HiCtoYDUerSUcSxsyPALdzz9aqWBhAMx,SOL,chainabuse:OTHER_BLACKMAIL,chainabuse_crawl,OTHER_BLACKMAIL,votes=1;checked=False,2025-05-24
CxDCLEF14BnJmDrajsGUDu244QQfyFMwoYm76eH2NL4T,SOL,chainabuse:OTHER_BLACKMAIL,chainabuse_crawl,OTHER_BLACKMAIL,votes=1;checked=False,2025-05-24
DWJ2c32MbV2HAtvhA6n86BkEJ4CnU3cxRFrKkMQCK4eh,SOL,chainabuse:OTHER_BLACKMAIL,chainabuse_crawl,OTHER_BLACKMAIL,votes=1;checked=False,2025-05-24
E1zWp8gaS34wD82bwTE5otnt1TFADuBzmyr7DmAprVYU,SOL,chainabuse:OTHER_BLACKMAIL,chainabuse_crawl,OTHER_BLACKMAIL,votes=1;checked=False,2025-05-24
kL66UujqPRDQSC9onnVm96An1dCEUT9miDku5aNNKad,SOL,chainabuse:OTHER_BLACKMAIL,chainabuse_crawl,OTHER_BLACKMAIL,votes=1;checked=False,2025-05-24
DxGcomLaTRRiM2jzeZCyApLDV2wQNTXmgnEqmyC8hxb7,SOL,chainabuse:OTHER_BLACKMAIL,chainabuse_crawl,OTHER_BLACKMAIL,votes=1;checked=False,2025-05-24
GBkMwFvqnUmaPBvNPF8tmdbid6mSEpc1enbZkiRnsWM7,SOL,chainabuse:OTHER_BLACKMAIL,chainabuse_crawl,OTHER_BLACKMAIL,votes=1;checked=False,2025-05-24
CpLaKbL1gmpQcj2RmHaEgHPk7V2HY3TqFM3GrzKSwsZu,SOL,chainabuse:PHISHING,chainabuse_crawl,PHISHING,votes=1;checked=False,2025-05-24
2teRLRJSGAsRiooqVMnAiKaZicwv9h7TFDh9ZxhfW2Dt,SOL,chainabuse:IMPERSONATION,chainabuse_crawl,IMPERSONATION,votes=1;checked=False,2025-05-23
5YnaizpGR3NiDKxxEPRdriw8wsg5fSRbSG3rbvmw9iCz,SOL,chainabuse:OTHER_HACK,chainabuse_crawl,OTHER_HACK,votes=1;checked=False,2025-05-23
3YCigud92CKjp6fnRNFBC1uXWYbybkBzzjyECZN1GUTm,SOL,chainabuse:RUG_PULL,chainabuse_crawl,RUG_PULL,label=Cycle DEV;votes=1;checked=False,2025-05-22
2XGvUnxqAdCDEAK6eNBc56mCdusbwWfY3QvMvg8RPPxj,SOL,chainabuse:OTHER_HACK,chainabuse_crawl,OTHER_HACK,votes=1;checked=False,2025-05-22
TMw1Mzm66FWu1iRAWUeJvW1iRAWUejW1BiYFGVZbBzZx,SOL,chainabuse:ROMANCE,chainabuse_crawl,ROMANCE,votes=1;checked=False,2025-05-22
9AafiprMH8URL6BgtPfZGdsTYjXZMQinhLPN4vVPs7sG,SOL,chainabuse:OTHER_HACK,chainabuse_crawl,OTHER_HACK,votes=1;checked=False,2025-05-22
AfvoSTgH3FXwMYUaFZ655U442p5auaj7FpyQGhSTmYab,SOL,chainabuse:FAKE_RETURNS,chainabuse_crawl,FAKE_RETURNS,votes=1;checked=False,2025-05-22
CcKfkfkXXFyZJQNaq4a7eUJERew4HoZEo7U9TSNWMzyw,SOL,chainabuse:RUG_PULL,chainabuse_crawl,RUG_PULL,votes=1;checked=False,2025-05-21
2Gp4dcXwgsTgmyHDwRTt6TkK6NYmuemopDXC9cfEp2XM,SOL,chainabuse:ROMANCE,chainabuse_crawl,ROMANCE,"label=298,64;votes=1;checked=False",2025-05-21
GyYCoBswM2uNzMiVLPPgbrWixGXrWdqXZ2bgJ5tXKF5b,SOL,chainabuse:OTHER_HACK,chainabuse_crawl,OTHER_HACK,votes=1;checked=False,2025-05-19
6EXW1uMsNWX9e69Apw6DfFgnX3cc1AWjsQo75zDepump,SOL,chainabuse:FAKE_RETURNS,chainabuse_crawl,FAKE_RETURNS,votes=1;checked=False,2025-05-19
3Cdi46HasqDQtgFFB2ihhdw79uKnYcpZTdpZDTq9U158,SOL,chainabuse:OTHER_BLACKMAIL,chainabuse_crawl,OTHER_BLACKMAIL,votes=1;checked=False,2025-05-19
BayzzcB1novYYNZUdd3F6J64zYTsJMdZCu3uttTvvK64,SOL,chainabuse:PHISHING,chainabuse_crawl,PHISHING,votes=1;checked=False,2025-05-19
HKGs373LR8Z69676TTgKifHP5tcgypZzJajSiFCXRZiD,SOL,chainabuse:FAKE_RETURNS,chainabuse_crawl,FAKE_RETURNS,votes=1;checked=False,2025-05-19
D82HihrPkp46SSoBDcDG6MxqLku852aL6WGNe8om6tXs,SOL,chainabuse:FAKE_RETURNS+PHISHING,chainabuse_crawl,FAKE_RETURNS|PHISHING,votes=1;checked=False,2025-05-18
9im5z4hPLMvvJj23iRoSvwAu8FZxg1kqTcgSt3uTgTRx,SOL,chainabuse:FAKE_PROJECT,chainabuse_crawl,FAKE_PROJECT,votes=1;checked=False,2025-05-18
HtmC5Dqm5B6v5GeULdwxyWCBt1GEEPVZJXAdsiJrBgS9,SOL,chainabuse:OTHER_HACK,chainabuse_crawl,OTHER_HACK,votes=1;checked=False,2025-05-18
DQMWWpMaNrssJzUmvvquPCtYemvePDociiBxxKjDVakP,SOL,chainabuse:AIRDROP,chainabuse_crawl,AIRDROP,votes=1;checked=False,2025-05-18
E5VsTC7wXnMG7uVdHoTWtzTDDdmUfrZvNX2Bu3RxpzY5,SOL,chainabuse:AIRDROP,chainabuse_crawl,AIRDROP,votes=1;checked=False,2025-05-18
88e92tRAw43z8mH1FdyPGM3V7UX3iqd8ajiwKno5bWdZ,SOL,chainabuse:AIRDROP,chainabuse_crawl,AIRDROP,votes=1;checked=False,2025-05-18
J4Djo2FUjPXAo4ksKbqQ2nWzcdqK9nNb5KPzgtiPjwBB,SOL,chainabuse:PHISHING,chainabuse_crawl,PHISHING,votes=1;checked=False,2025-05-18
3hSsLVcrBzvjH1q6Xk6vbTgoBQJURXStjaoHooBqwZCp,SOL,chainabuse:PHISHING,chainabuse_crawl,PHISHING,votes=1;checked=False,2025-05-18
FjBXapjfcgTEd3ABmmHkxLYQKzQeYgvLsqVmacSPJPK8,SOL,chainabuse:PHISHING,chainabuse_crawl,PHISHING,votes=1;checked=False,2025-05-18
25aCrKFfwXyQPNAQsgZJvZD89z18yqapAuUkpTovG9BW,SOL,chainabuse:PHISHING,chainabuse_crawl,PHISHING,votes=1;checked=False,2025-05-18
8pnJtyr97P33gv8cz6MuAPLWxukjewETbrFBFtrmL3bV,SOL,chainabuse:FAKE_PROJECT,chainabuse_crawl,FAKE_PROJECT,votes=1;checked=False,2025-05-18
8n1NAnvLi5ZSUWgUsPitKakCixXKkRT2UqLLFH2jq2Cz,SOL,chainabuse:PHISHING,chainabuse_crawl,PHISHING,votes=2;checked=False,2025-05-17
AduL75WEsVQ8fmqb3mH5DWRzXs7iT8zghiPjDY8m9Dm2,SOL,chainabuse:PHISHING,chainabuse_crawl,PHISHING,votes=1;checked=False,2025-05-17
4mBZgpQ4h2RbBGfJP7XZNpKrndm9WcHAapmpgmpEahWD,SOL,chainabuse:PHISHING,chainabuse_crawl,PHISHING,votes=1;checked=False,2025-05-17
Ag3F2jja1Tojig4SWEh56wK9uYA3vYjfXAsmTQejMb78,SOL,chainabuse:PHISHING,chainabuse_crawl,PHISHING,votes=1;checked=False,2025-05-17
5r2HgTg5TPPWvrwG8AyTrwGd8REb7FvVYB5hNKscuzwV,SOL,chainabuse:PHISHING,chainabuse_crawl,PHISHING,votes=1;checked=False,2025-05-17
4UzWsQc6aaXoQ6gU1mBqakRh6aFoqjbDa4ymJzXU5x6V,SOL,chainabuse:PHISHING,chainabuse_crawl,PHISHING,votes=1;checked=False,2025-05-17
46WgjMaGrubkY53JYkGdsN7uCzX2y5ygr3rCjshBFLQD,SOL,chainabuse:PHISHING,chainabuse_crawl,PHISHING,votes=1;checked=False,2025-05-17
2Ntn5DdGfqB2VpAgF64t39Q1UPo3PT9qmGGVLBe2fvKG,SOL,chainabuse:PHISHING,chainabuse_crawl,PHISHING,votes=1;checked=False,2025-05-17
5wmArPqNTozkn4YCqKSSWGFTRQit6XKPtmDauhTfSgXz,SOL,chainabuse:PHISHING,chainabuse_crawl,PHISHING,votes=1;checked=False,2025-05-17
AExbQrBT2qfHKVkXCXwGQib6k9E6riYPaqJnaLKQyvF1,SOL,chainabuse:PHISHING,chainabuse_crawl,PHISHING,votes=1;checked=False,2025-05-17
8Mj3J8rnxhn41vNBy93kom7rqtosYvs8pFBfEFyrtgmj,SOL,chainabuse:PHISHING,chainabuse_crawl,PHISHING,votes=1;checked=False,2025-05-17
7fwQdNjad9ryMqEYkkSmVFmLrxa4hf8t4Hgf9xBF9sQk,SOL,chainabuse:PHISHING,chainabuse_crawl,PHISHING,votes=1;checked=False,2025-05-17
HAkRrVcmWBBemQN8ZUMfj8w5uNwTpgb8ZoJQ5W5hsAKv,SOL,chainabuse:PHISHING,chainabuse_crawl,PHISHING,votes=1;checked=False,2025-05-17
5Wb9rUwoekFcstpHmyxZSVCvyaojCwL9Y7moztgM1G8K,SOL,chainabuse:PHISHING,chainabuse_crawl,PHISHING,votes=1;checked=False,2025-05-17
B3jKZcqMShMNyQSqrYSW7uc7mNHWPrerGg2T4Y8HhoSU,SOL,chainabuse:PHISHING,chainabuse_crawl,PHISHING,votes=1;checked=False,2025-05-17
RBhpQkQCwawzw6xxpnVUG2KevaMbdN6pwqBzNEozt8r,SOL,chainabuse:PHISHING,chainabuse_crawl,PHISHING,votes=1;checked=False,2025-05-17
6e87HTvnvWV8YehkCSpDoNWNPrqnJWkte8igDi5Y1m5e,SOL,chainabuse:PHISHING,chainabuse_crawl,PHISHING,votes=1;checked=False,2025-05-17
7A19xCBoaVBRLQ6DWV73QhCbrvhj4FhKFE8TkGyU2J1Z,SOL,chainabuse:PHISHING,chainabuse_crawl,PHISHING,votes=1;checked=False,2025-05-17
8S7gwyCKvXfgWhKNSjccR4tSiJAbgzzZZygd1fiQi4zH,SOL,chainabuse:PHISHING,chainabuse_crawl,PHISHING,votes=1;checked=False,2025-05-17
BqXzhna3wnZpVZHxjEtCwiYurMoDJ5Cv5mtc5KUnDTrL,SOL,chainabuse:PHISHING,chainabuse_crawl,PHISHING,votes=1;checked=False,2025-05-17
57cnKMABbHEC5qs3HpR7cEYWUZ858AJ7GANt6Gv6tW4Z,SOL,chainabuse:PHISHING,chainabuse_crawl,PHISHING,votes=1;checked=False,2025-05-17
5c8uQ7aAyzRVqHk4Zma66EFBk5Qn6cawLpoWtcDTaTQV,SOL,chainabuse:PHISHING,chainabuse_crawl,PHISHING,votes=1;checked=False,2025-05-17
26eEK7gjXgzdWv25bMQjfwdt3VDQMABwD35hSVh7vk9G,SOL,chainabuse:PHISHING,chainabuse_crawl,PHISHING,votes=1;checked=False,2025-05-17
3f6oN2ja7B6kuiANvfqhkh2SZrVmPvtvBVfZk584yepL,SOL,chainabuse:OTHER_HACK,chainabuse_crawl,OTHER_HACK,votes=1;checked=False,2025-05-17
4ydDGnow5RBzBuiabG6Au6pr8VEntbMSme35vQkhQJXw,SOL,chainabuse:OTHER_HACK,chainabuse_crawl,OTHER_HACK,votes=1;checked=False,2025-05-17
iprKMnf2aYuKjb8a4HPmVS8CapwvYqvpVXMeteqi8H6,SOL,chainabuse:PHISHING,chainabuse_crawl,PHISHING,label=Scammer;votes=1;checked=False,2025-05-16
Bhg9TsthwHMxrH2F1hESRxjCU65eSVyngWTXA8Nac51e,SOL,chainabuse:AIRDROP,chainabuse_crawl,AIRDROP,votes=1;checked=False,2025-05-15
8HCPW1RF8BPaQqBEx1mScng7XvEUmnGmDubWQKUbxWbS,SOL,chainabuse:OTHER_HACK,chainabuse_crawl,OTHER_HACK,votes=1;checked=False,2025-05-15
J9YmnbW8PVFRUfeYshm2UMh94PXTsC3qDx1fQnUVegKC,SOL,chainabuse:PHISHING,chainabuse_crawl,PHISHING,votes=1;checked=False,2025-05-15
zfGnTWxMde2qWn87hdByFjaQkpePgJKKfkeEjs9ACPY,SOL,chainabuse:FAKE_PROJECT,chainabuse_crawl,FAKE_PROJECT,votes=1;checked=False,2025-05-15
5nLS96k3Xx9Hn8RSFqtmSnPqRRFKFQManPBuGemxTDVy,SOL,chainabuse:OTHER_HACK,chainabuse_crawl,OTHER_HACK,votes=0;checked=False,2025-05-15
BpTrbAbrgZ55PjdQj4MBbeHqr9sdRTnmqLZzES3n1VkZ,SOL,chainabuse:OTHER_HACK,chainabuse_crawl,OTHER_HACK,votes=1;checked=False,2025-05-14
CYndvutEH94vuGTHd1s2HGBZ8ASieMfRhgHoMFjMmMu6,SOL,chainabuse:OTHER_HACK,chainabuse_crawl,OTHER_HACK,votes=1;checked=False,2025-05-14
2mY2sfozhPtWgrrz1CcMpscGEegm55EZgGU9BK9Er4Wt,SOL,chainabuse:IMPERSONATION,chainabuse_crawl,IMPERSONATION,votes=1;checked=False,2025-05-13
EvCNeKFdyd3uw7mbBMrAwKmR2zqtUVxHgzk8MpyQ2oJn,SOL,chainabuse:OTHER_HACK,chainabuse_crawl,OTHER_HACK,votes=1;checked=False,2025-05-13
8e8kiGgEMCxYYx2vuSf2iPo859QjE7ojkY6yGWDez9pW,SOL,chainabuse:FAKE_RETURNS+OTHER,chainabuse_crawl,FAKE_RETURNS|OTHER,label=fake investment group;votes=1;checked=False,2025-05-13
8a22Levj99ibM5z2XgPDqKeRtQW8dskL39LhrZ3rWwAc,SOL,chainabuse:PIGBUTCHERING,chainabuse_crawl,PIGBUTCHERING,label=deposit;votes=1;checked=False,2025-05-13
8dMKZ8JZgYa4iCNDBNVa72zeNEYPNA6CQbuCnwukLDXT,SOL,chainabuse:OTHER_HACK,chainabuse_crawl,OTHER_HACK,votes=1;checked=False,2025-05-13
CaUju6XDMoLWpd5if1es3FQWFR71tzGMQ9SsUSnceBYX,SOL,chainabuse:AIRDROP,chainabuse_crawl,AIRDROP,votes=1;checked=False,2025-05-13
5JVo3cGFJ2jWkyiK18uyfTBQKZ8dAYU6ogzFJGqLTxHm,SOL,chainabuse:PHISHING,chainabuse_crawl,PHISHING,votes=1;checked=False,2025-05-13
F57eLoC6bE5gMEXxANVuK8q2kqQLUG7HC8Ptf6PxNbbY,SOL,chainabuse:OTHER_HACK,chainabuse_crawl,OTHER_HACK,votes=1;checked=False,2025-05-12
4q2j7a6VqctbRoaQqZ5jnHSWy8th5RP39uyL48kg9Fx6,SOL,chainabuse:CONTRACT_EXPLOIT+OTHER_HACK,chainabuse_crawl,CONTRACT_EXPLOIT|OTHER_HACK,votes=1;checked=False,2025-05-12
EoS4SUf5FzMkSeZuBGDMTpPpekto2ee3bRf3cPqKYuRu,SOL,chainabuse:AIRDROP,chainabuse_crawl,AIRDROP,votes=1;checked=False,2025-05-12
3aN8x8arbKKjzWwNidwZDntiQ2oApcHMMBKhr45DyAPh,SOL,chainabuse:FAKE_RETURNS,chainabuse_crawl,FAKE_RETURNS,votes=1;checked=False,2025-05-12
xNeAeoWauqQmMuLdTrzBki36mmffJXPp79EU2xY3eaj,SOL,chainabuse:OTHER_HACK,chainabuse_crawl,OTHER_HACK,votes=1;checked=False,2025-05-11
7oZyxaSEy6Q7CsaTT9mkFXvRrmHFGdFVS21VpPh758tm,SOL,chainabuse:CONTRACT_EXPLOIT,chainabuse_crawl,CONTRACT_EXPLOIT,votes=1;checked=False,2025-05-11
F86z9MJLbACKP7CanXm2JGJ79sjVZWK2JngNhycdSz45,SOL,chainabuse:PHISHING,chainabuse_crawl,PHISHING,votes=1;checked=False,2025-05-10
3MbXmMg95WGeqs6kAtNskTECQC87LuAgrPZChKNCPgZ4,SOL,chainabuse:OTHER_HACK,chainabuse_crawl,OTHER_HACK,votes=1;checked=False,2025-05-10
3fdKfnQwMisogicaQgFFh121p6WYFc9G7SKWLJSyCnCo,SOL,chainabuse:OTHER_HACK,chainabuse_crawl,OTHER_HACK,votes=1;checked=False,2025-05-10
AjjXAwqx1MSrs3Jbasyiba18zgR1mGNxaSZVYVcqhjMC,SOL,chainabuse:OTHER_HACK,chainabuse_crawl,OTHER_HACK,votes=1;checked=False,2025-05-10
DyJ27EeGuXVzTyN8Yv3xmjPKSpuHtGfzYVobuD9iLYng,SOL,chainabuse:FAKE_RETURNS,chainabuse_crawl,FAKE_RETURNS,votes=1;checked=False,2025-05-10
6coDVipvhm6DRkVG7MinT6Ntdfu2fufueffwTMLrowMW,SOL,chainabuse:PHISHING,chainabuse_crawl,PHISHING,votes=1;checked=False,2025-05-09
8rs6WSrAWExjcpKLz1LHYh8KCWTnpvHh6RZE7HKUz9Xe,SOL,chainabuse:FAKE_RETURNS,chainabuse_crawl,FAKE_RETURNS,votes=1;checked=False,2025-05-09
6uVM7sKPd5HNBgYEXZEaXedw8dvdG2okPaBbHaBupYNx,SOL,chainabuse:OTHER_HACK,chainabuse_crawl,OTHER_HACK,votes=0;checked=False,2025-05-09
Azs6dQuod5332s2zbDc48TtCX63cEHKYf94uu7wdyeHT,SOL,chainabuse:OTHER,chainabuse_crawl,OTHER,votes=1;checked=False,2025-05-09
tC64hsooWjAdqM4mn4Njof95s4CzgCimhwRM3KRe7pm,SOL,chainabuse:OTHER,chainabuse_crawl,OTHER,votes=1;checked=False,2025-05-09
ZaUEpMj6qeBDGRwxJxUvXmuQbjR1dqSHgqx23Chzobq,SOL,chainabuse:OTHER,chainabuse_crawl,OTHER,votes=1;checked=False,2025-05-09
aTsLJonM1YyA75CbYv8P8LrcgMHGRTnMcg5wUUHeogy,SOL,chainabuse:OTHER,chainabuse_crawl,OTHER,votes=1;checked=False,2025-05-09
FjRP7gSKbkcJJfJcAhVcAFcFjuZHfkGCsNwbGPMC65fe,SOL,chainabuse:FAKE_PROJECT,chainabuse_crawl,FAKE_PROJECT,votes=1;checked=False,2025-05-08
4yCzhde1ZhfF1XtqmW5ejcLfRFxUX3jroZdWJ9bytaS,SOL,chainabuse:PHISHING,chainabuse_crawl,PHISHING,votes=1;checked=False,2025-05-08
H7xiU46PYjhpAzwrW7PqQAjRzXDJyXax1eEtGabsuGz2,SOL,chainabuse:FAKE_RETURNS,chainabuse_crawl,FAKE_RETURNS,votes=1;checked=False,2025-05-08
6hzxg25H8k5XQ49sCKgCAKFRg56sXTLuFPsFGPStPuKt,SOL,chainabuse:OTHER_HACK,chainabuse_crawl,OTHER_HACK,votes=1;checked=False,2025-05-08
CD3G8zZViz7JGnwP7CNjXra5TvU2UaLv3e9VFPs8TsuL,SOL,chainabuse:OTHER_HACK,chainabuse_crawl,OTHER_HACK,votes=1;checked=False,2025-05-08
G9X7F4JzLzbSGMCndiBdWNi5YzZZakmtkdwq7xS3Q3FE,SOL,chainabuse:IMPERSONATION+OTHER_HACK,chainabuse_crawl,IMPERSONATION|OTHER_HACK,votes=1;checked=False,2025-05-08
47HNVLjSf7v7LYo4stGKVFeDRaAGNzHMGyys7vE8uxfc,SOL,chainabuse:IMPERSONATION,chainabuse_crawl,IMPERSONATION,votes=1;checked=False,2025-05-08
A6qSahfCj1CbqFUN6FbKGiSWHZt8LV1qJi4MHRuD4Et7,SOL,chainabuse:OTHER_HACK,chainabuse_crawl,OTHER_HACK,votes=1;checked=False,2025-05-08
7X9i2GHgfGZCjLyUv2xH221hqcrXQVjM3TTrfFdhnTfU,SOL,chainabuse:FAKE_RETURNS,chainabuse_crawl,FAKE_RETURNS,votes=1;checked=False,2025-05-07
7MRXWqw76V1cQPhSsfpmSUjvm1ZE49i9vvxtuhrCfgrT,SOL,chainabuse:FAKE_RETURNS,chainabuse_crawl,FAKE_RETURNS,votes=1;checked=False,2025-05-06
EaLCRsBoDeoAEgtUdEoaZytUsMKrEt2Y5giJmcCKdHge,SOL,chainabuse:OTHER_HACK,chainabuse_crawl,OTHER_HACK,votes=1;checked=False,2025-05-06
FDCrpyGayXrs229hrkGg3X1zQoocos3TZ1EZEUjgdkF2,SOL,chainabuse:FAKE_RETURNS,chainabuse_crawl,FAKE_RETURNS,votes=1;checked=False,2025-05-06
AHN6cCtYACUe2cE8SqTgJ8SzZUGaN9hnM3f3nRSoLNBa,SOL,chainabuse:FAKE_RETURNS,chainabuse_crawl,FAKE_RETURNS,votes=1;checked=False,2025-05-06
C2hcJMeH7kYMC8kABM9sC2J3e3AL57ec6FRURm26eYK2,SOL,chainabuse:FAKE_RETURNS,chainabuse_crawl,FAKE_RETURNS,votes=1;checked=False,2025-05-05
8Dc7FLk2Qt8yPdV2w2nUoyRqkb7veEwAtfyX7S1KMyib,SOL,chainabuse:FAKE_PROJECT,chainabuse_crawl,FAKE_PROJECT,votes=1;checked=False,2025-05-05
45ruCyfdRkWpRNGEqWzjCiXRHkZs8WXCLQ67Pnpye7Hp,SOL,chainabuse:FAKE_PROJECT,chainabuse_crawl,FAKE_PROJECT,votes=1;checked=False,2025-05-05
3oHKyREhFPbjheuTk97eaTwp1WE4puWFRE92qnfn6cnF,SOL,chainabuse:RUG_PULL,chainabuse_crawl,RUG_PULL,votes=1;checked=False,2025-05-05
A7vZXwpWKsAjQzMxKgUzHiY4fcr1wBtCjihNbb2JDb18,SOL,chainabuse:OTHER_HACK,chainabuse_crawl,OTHER_HACK,votes=1;checked=False,2025-05-04
Dpk9iEr4Z2VVxnmVhYVckQRGhNFaXB6xsq39pqMPnTux,SOL,chainabuse:AIRDROP+IMPERSONATION+OTHER_HACK,chainabuse_crawl,AIRDROP|IMPERSONATION|OTHER_HACK,votes=1;checked=False,2025-05-04
A4WX7Gsq6ExHM2XYD2aEt8uGtWVV6aY5kZchmysEeaMM,SOL,chainabuse:RUG_PULL,chainabuse_crawl,RUG_PULL,votes=1;checked=False,2025-05-04
5rk1wcVau94ZKpDqvN7qgLJ47BoXdN6nvMBY4xEZhEV4,SOL,chainabuse:OTHER_HACK,chainabuse_crawl,OTHER_HACK,votes=1;checked=False,2025-05-04
ASdJZ2PCKwUZ1Kp9QC2XcHGXnNZryMmKf15qEaPER5Kk,SOL,chainabuse:FAKE_RETURNS,chainabuse_crawl,FAKE_RETURNS,votes=1;checked=False,2025-05-04
EqBb9skwJuhQPR2A9pE4m1R2Y8QVfNgcGTLEYU5sb4qp,SOL,chainabuse:FAKE_PROJECT,chainabuse_crawl,FAKE_PROJECT,votes=1;checked=False,2025-05-03
EDMw3gSyyQszn7iBUzoKstJvU9PiTBTutgS6EA12ip4o,SOL,chainabuse:FAKE_RETURNS,chainabuse_crawl,FAKE_RETURNS,votes=1;checked=False,2025-05-03
BMBjWehDzNUvU8zAZJ4QU79LY1ZrLkFBr3BwmwPUWySm,SOL,chainabuse:FAKE_RETURNS,chainabuse_crawl,FAKE_RETURNS,votes=1;checked=False,2025-05-03
2TUvxpuTKnoSMnB3nKcqbrT9wSAcUTFpvzdBGtZcGYWA,SOL,chainabuse:FAKE_RETURNS,chainabuse_crawl,FAKE_RETURNS,votes=1;checked=False,2025-05-03
CFxTswCvmFQueBJ9zqszjuDwKvMMkfLqxZEiS3Nr2qQJ,SOL,chainabuse:PIGBUTCHERING,chainabuse_crawl,PIGBUTCHERING,votes=1;checked=False,2025-05-03
CPykSoLnMgivqRGVLvsPMyKULFuJU1zJ3mn4t8QrXAaS,SOL,chainabuse:PIGBUTCHERING,chainabuse_crawl,PIGBUTCHERING,votes=1;checked=False,2025-05-03
AEyFdXZa5e5oQRmq8NVyAX83W3ugfT8QPKnUi5PiHH6H,SOL,chainabuse:OTHER,chainabuse_crawl,OTHER,votes=1;checked=False,2025-05-03
9qEniyQhnN4eL3DdMJk9x7w9sDxN8LjsyodubmhAKHJt,SOL,chainabuse:CONTRACT_EXPLOIT,chainabuse_crawl,CONTRACT_EXPLOIT,votes=1;checked=False,2025-05-03
9upkNm67j8Pdhs8BmqnYo57EVbuY4jfiUS9X7myLjKg3,SOL,chainabuse:SEXTORTION,chainabuse_crawl,SEXTORTION,votes=1;checked=False,2025-05-03
5oCnnFyqbrdMMnPmerqjwK1c8Tr42W6W8QRqbxJ9ErWf,SOL,chainabuse:RUG_PULL,chainabuse_crawl,RUG_PULL,label=peponkey;votes=2;checked=False,2025-05-03
7wdPjDpVKCKJykqUqaDPy8KzRUDqRxjfBWLPW1vQzVug,SOL,chainabuse:OTHER_HACK,chainabuse_crawl,OTHER_HACK,votes=1;checked=False,2025-05-02
5B1uRNmBTLcRY3ntS9YL7s77Z4W4g7tm3CtmGRttDAZY,SOL,chainabuse:AIRDROP,chainabuse_crawl,AIRDROP,votes=1;checked=False,2025-05-02
DcSuCFpAdcKz3T2WDFgDgoWfi54YUEpsecbxSQgKrhmj,SOL,chainabuse:OTHER_HACK,chainabuse_crawl,OTHER_HACK,votes=1;checked=False,2025-05-02
8RhjMHg584Mi8pfJYieiiurmxSZM1JJZ6jdCTpprkZEw,SOL,chainabuse:FAKE_PROJECT+OTHER,chainabuse_crawl,FAKE_PROJECT|OTHER,label=LunaScammer;votes=1;checked=False,2025-05-02
4Nr8b2ok1hh6oMGpersvosEniM8ZiDykiEgtQnnz1PDn,SOL,chainabuse:AIRDROP,chainabuse_crawl,AIRDROP,votes=1;checked=False,2025-05-02
HQKbMpH7ELgcbozuNrELzo4w7oEoMBSbQDwTVWLuCyBR,SOL,chainabuse:AIRDROP,chainabuse_crawl,AIRDROP,votes=1;checked=False,2025-05-02
2ALJLbijjvxRKupasiigqBHsPyhsZ6cjhNPrNE4bvPAo,SOL,chainabuse:AIRDROP,chainabuse_crawl,AIRDROP,votes=1;checked=False,2025-05-02
AiagXVQTHgrxXRLbbptauN2sp4HNy9SX7b8KvG8FAjVQ,SOL,chainabuse:AIRDROP,chainabuse_crawl,AIRDROP,votes=1;checked=False,2025-05-02
AEddS2RD4KyLbSNB4ix68XCYCoKrTCAavA7XiGaXuWxh,SOL,chainabuse:AIRDROP,chainabuse_crawl,AIRDROP,votes=1;checked=False,2025-05-02
FHJxeqvSdjLy65AZpAqT6cFd7NQ1BtMmXcCGrJN4oonF,SOL,chainabuse:AIRDROP,chainabuse_crawl,AIRDROP,votes=1;checked=False,2025-05-02
EbHzxYXdJ9kv2q8L6RbjUcKDYJZ6S32eRVk955sQhr18,SOL,chainabuse:IMPERSONATION,chainabuse_crawl,IMPERSONATION,votes=1;checked=False,2025-05-02
4LBmDMoPzomsFycxtbcGHZoLrWcJFWXQr5W7YPuyJ5Ta,SOL,chainabuse:FAKE_RETURNS,chainabuse_crawl,FAKE_RETURNS,votes=1;checked=False,2025-05-01
51Gjk6oqAbzo5wYeiHbgty4dMFByBiYz6RJsqNXxNwz1,SOL,chainabuse:FAKE_RETURNS,chainabuse_crawl,FAKE_RETURNS,votes=1;checked=False,2025-05-01
DDCaZxSE5retcFvJmoZZoMHnpRGJroUrk7C6GVBvGZ3J,SOL,chainabuse:OTHER,chainabuse_crawl,OTHER,votes=1;checked=False,2025-05-01
FQT95WXraQZFuVBmEHwUDYnww4NaTAU7JdkFVpDHEQbM,SOL,chainabuse:OTHER,chainabuse_crawl,OTHER,votes=1;checked=False,2025-05-01
EUo6WiLqsMWzj4zVFycJbjeDjTyB7dKtPdZ5XJ9M5JvZ,SOL,chainabuse:IMPERSONATION,chainabuse_crawl,IMPERSONATION,votes=1;checked=False,2025-04-30
FnnNT495T48Rk2FQsFd57epZGGkvxV7na8QpviuECRw,SOL,chainabuse:IMPERSONATION,chainabuse_crawl,IMPERSONATION,votes=1;checked=False,2025-04-30
4EsBoV6vYdkWogaTHJMfaTEtngN6Q7jKpq2YHk92xP26,SOL,chainabuse:OTHER_HACK,chainabuse_crawl,OTHER_HACK,votes=1;checked=False,2025-04-30
566imCUTssAotuT9zt6r6oJUknFkWUxnqFF3JGTeKQG4,SOL,chainabuse:IMPERSONATION,chainabuse_crawl,IMPERSONATION,votes=1;checked=False,2025-04-30
H6ropnEL35Yx9RmMmBx3hT1wmfXhSJ9tQVTp9xfLWXew,SOL,chainabuse:FAKE_RETURNS,chainabuse_crawl,FAKE_RETURNS,votes=1;checked=False,2025-04-29
82U6obgCQ4G6qdCVqzns4qsq9UJ3upucjjh4PbJCFYGr,SOL,chainabuse:FAKE_RETURNS,chainabuse_crawl,FAKE_RETURNS,votes=1;checked=False,2025-04-29
3U6GsNZM2uuUy4CHqizW3HC2zQZRkyQxiou8uX7PjMak,SOL,chainabuse:FAKE_RETURNS,chainabuse_crawl,FAKE_RETURNS,votes=1;checked=False,2025-04-29
acSYNwY9x4zHRorw5XiJBf79DGDzeLvTfyV9AB7H8PC,SOL,chainabuse:AIRDROP,chainabuse_crawl,AIRDROP,votes=1;checked=False,2025-04-29
JCjN83QZUSKAeop2ahHqsGVRy55sb3jLtbPt6gWqjd3C,SOL,chainabuse:IMPERSONATION,chainabuse_crawl,IMPERSONATION,votes=1;checked=False,2025-04-29
GgKVibWgEGYZ9xbdHhBREdjoRDCAH4mu1qkk5TrHnXnC,SOL,chainabuse:RUG_PULL,chainabuse_crawl,RUG_PULL,votes=1;checked=False,2025-04-29
2WP2us2Y3NknfkJ4EyXKxe32Wz8tTZtpRJpvM1Z8vnaz,SOL,chainabuse:FAKE_RETURNS,chainabuse_crawl,FAKE_RETURNS,votes=1;checked=False,2025-04-29
2bFRjjbGHwLHioHKePHxWcZmhgin2fJS7APagagTEn3k,SOL,chainabuse:FAKE_RETURNS,chainabuse_crawl,FAKE_RETURNS,votes=1;checked=False,2025-04-26
D7T9BcL2rrPfzXkYMjNpWZ5JVoVbxz6Tfw8A5XotVCFj,SOL,chainabuse:RUG_PULL,chainabuse_crawl,RUG_PULL,votes=1;checked=False,2025-04-26
AeVFx7hScNvFKLZbdBSKMWkH7ktHLMoUmpHVPUU9pLZH,SOL,chainabuse:RUG_PULL,chainabuse_crawl,RUG_PULL,votes=1;checked=False,2025-04-26
2rptxFkDpPodk4kMpJ7YXXSkchfpJ9v2MDTxFJ2osHEX,SOL,chainabuse:OTHER_HACK,chainabuse_crawl,OTHER_HACK,votes=1;checked=False,2025-04-26
7ZypHtPBQjnf8r7VUaaFSurHdbagG6stmGaA9MsKcGXu,SOL,chainabuse:OTHER_HACK,chainabuse_crawl,OTHER_HACK,votes=1;checked=False,2025-04-26
5DaMdrRz7WYhwu273VdKV4f81VkKS7vnRRcS8LDyyxY,SOL,chainabuse:FAKE_RETURNS,chainabuse_crawl,FAKE_RETURNS,votes=1;checked=False,2025-04-26
G2w2VYdiJXe4PJDrfWGxtvpt4JMBfMmaq74YkQkj1RSS,SOL,chainabuse:FAKE_RETURNS,chainabuse_crawl,FAKE_RETURNS,votes=1;checked=False,2025-04-26
BCK5sUYAsEF5okWJjHmKvJHPvMM7xMWqweaiozpr4Dhq,SOL,chainabuse:OTHER,chainabuse_crawl,OTHER,votes=1;checked=False,2025-04-26
AdawxpjH4ZYKCQ7XNytE3fnPZPnRC4ZQhAkWMe5Me9bB,SOL,chainabuse:AIRDROP,chainabuse_crawl,AIRDROP,votes=1;checked=False,2025-04-26
2mL5joop4CnVc4mHrH6P6581KyBo12TEQsV3ke2bZfmR,SOL,chainabuse:OTHER_HACK+PHISHING,chainabuse_crawl,OTHER_HACK|PHISHING,label=hahaitsallgone.sol;votes=1;checked=False,2025-04-26
73hZsLHDXkv9hVEUTGGeQtNSG5zaQUMnkRQMYRiqFfJY,SOL,chainabuse:FAKE_PROJECT,chainabuse_crawl,FAKE_PROJECT,votes=1;checked=False,2025-04-25
5FRGPJgGWbHwqNBzc3VPB9QJ8ZYHVfJf79dxhdBbdtfJ,SOL,chainabuse:RUG_PULL,chainabuse_crawl,RUG_PULL,votes=1;checked=False,2025-04-25
9di29gYZ5peS6WnzFxagv12s1ZY1cq7mbB6NppGr2bCg,SOL,chainabuse:RUG_PULL,chainabuse_crawl,RUG_PULL,votes=1;checked=False,2025-04-25
25S13Dzogrcq49EMUdhkhsfUBFSSAgTHJTgcWfcY51nG,SOL,chainabuse:RUG_PULL,chainabuse_crawl,RUG_PULL,votes=1;checked=False,2025-04-25
ATvbKnsk2ydoKr8S4rBMEqR1svyTCAixxyedyEqu1GjH,SOL,chainabuse:IMPERSONATION,chainabuse_crawl,IMPERSONATION,label=1° wallet;votes=1;checked=False,2025-04-25
5FhgtsNvPyAvpgfU1iyRLLmSWJ5XeN7tN5YjjCCvgaK,SOL,chainabuse:IMPERSONATION,chainabuse_crawl,IMPERSONATION,label=2° wallet;votes=1;checked=False,2025-04-25
8juGCbQEAiz7KxFF7bWRPMU6CkrdA8GQgd8sXDMBUPo8,SOL,chainabuse:IMPERSONATION,chainabuse_crawl,IMPERSONATION,label=4° wallet;votes=1;checked=False,2025-04-25
5JPAWfhLNsYVk3tPpD3gHvpHbvaXDbpUpy1wUfQVYRS2,SOL,chainabuse:IMPERSONATION,chainabuse_crawl,IMPERSONATION,label=Binance;votes=1;checked=False,2025-04-25
3wvf5bLwnHDfFfngobVJiyjstYeVAwWrHT1RrRbzUuyK,SOL,chainabuse:OTHER,chainabuse_crawl,OTHER,votes=1;checked=False,2025-04-25
4zEeUxeTEzrUAUtF1LxBpH4AiZjdQYg5HGDeXXq6t4TF,SOL,chainabuse:IMPERSONATION,chainabuse_crawl,IMPERSONATION,votes=1;checked=False,2025-04-25
FGJiPiTdKTCdpxLPnuBcXnhsfxzcJsMzqMRJbK9N7zvo,SOL,chainabuse:FAKE_PROJECT,chainabuse_crawl,FAKE_PROJECT,votes=1;checked=False,2025-04-24
3VoTsHVWApR4t4sKJHbRGs2YGzE7qGQEwU85GkohueNe,SOL,chainabuse:RUG_PULL,chainabuse_crawl,RUG_PULL,votes=1;checked=False,2025-04-24
gtaPm2UoHkc9smB7kNgST8To8mrTGX5T7fes8rtcWZR,SOL,chainabuse:RUG_PULL,chainabuse_crawl,RUG_PULL,votes=1;checked=False,2025-04-24
GfHViFGvDqhzbaRHYmCgJ9SmBSqQ4gPxDdRfSw1VK1qR,SOL,chainabuse:RUG_PULL,chainabuse_crawl,RUG_PULL,votes=1;checked=False,2025-04-24
2c5WdJJZtcgtguNqRKaHPi2JqaUXCkVA7w8hwX2yq9Dn,SOL,chainabuse:RUG_PULL,chainabuse_crawl,RUG_PULL,votes=1;checked=False,2025-04-24
GT9ifbUgGbRoVYi41mSAeNaWtE1tej7TnsGo5V28VeYS,SOL,chainabuse:RUG_PULL,chainabuse_crawl,RUG_PULL,votes=1;checked=False,2025-04-24
8UjUoFjYCGgHYjFhagec1g6ky7TLgxzBozbS8WExzF6i,SOL,chainabuse:RUG_PULL,chainabuse_crawl,RUG_PULL,votes=1;checked=False,2025-04-24
FHrkxyAQYDRWAKo6fo93o58fPeYriwCDfipg24225WJU,SOL,chainabuse:RUG_PULL,chainabuse_crawl,RUG_PULL,votes=1;checked=False,2025-04-24
FDbUZxSkANsfpRvAPNHt3qRTbYi9CexBBuk5eH7crcdg,SOL,chainabuse:RUG_PULL,chainabuse_crawl,RUG_PULL,votes=1;checked=False,2025-04-24
2P7CZCzXynAq5PYgs3WHZnJ3XgWneQ5mTub2QCH4vQ13,SOL,chainabuse:RUG_PULL,chainabuse_crawl,RUG_PULL,votes=1;checked=False,2025-04-24
QQ7MY8ZVBGynwsdG4zmEZM1s6zdQ9PnV4PCMat3cw3x,SOL,chainabuse:RUG_PULL,chainabuse_crawl,RUG_PULL,votes=1;checked=False,2025-04-24
G37AVd8MgtNd7jrX1n8SGiQZehZNdQNUWLS46qu29qq4,SOL,chainabuse:RUG_PULL,chainabuse_crawl,RUG_PULL,votes=1;checked=False,2025-04-24
3qis3eG4JPqk4Eoxg8R9ogJ7doEETSZmKxqWjCWaWe79,SOL,chainabuse:RUG_PULL,chainabuse_crawl,RUG_PULL,votes=1;checked=False,2025-04-24
45V5mhPtBEhKcQwvtTgv9f3iKkr8JABZ3TKxKDuCcgbc,SOL,chainabuse:RUG_PULL,chainabuse_crawl,RUG_PULL,votes=1;checked=False,2025-04-24
Gvmq4CVbuwhaQQ9PmQKq4qjf2AG3u9P64zTLqJLaAeiE,SOL,chainabuse:RUG_PULL,chainabuse_crawl,RUG_PULL,votes=1;checked=False,2025-04-24
8psNvWTrdNTiVRNzAgsou9kETXNJm2SXZyaKuJraVRtf,SOL,chainabuse:RUG_PULL,chainabuse_crawl,RUG_PULL,votes=1;checked=False,2025-04-24
GEe3Q6o9WgZ6oGkWaWvaVbdjQpYSJxUMyHyF2scx1Xt3,SOL,chainabuse:OTHER_HACK,chainabuse_crawl,OTHER_HACK,votes=1;checked=False,2025-04-24
6gzVtdbGGwUvz3Ff1QFstwgvQkxFXnvNkydJU5ERsvPy,SOL,chainabuse:OTHER_HACK,chainabuse_crawl,OTHER_HACK,votes=1;checked=False,2025-04-24
Bz4z29EbqeJMjURoLf3yGrwNZU52WZ8m31pVYDEnQG91,SOL,chainabuse:PHISHING,chainabuse_crawl,PHISHING,votes=1;checked=False,2025-04-24
2KhQCAgYtCDC5XuQHWKWixdQCHQCdLf5Vrj1hTyCzuyC,SOL,chainabuse:OTHER_HACK,chainabuse_crawl,OTHER_HACK,votes=1;checked=False,2025-04-23
DXcMpoXHkmiz5E83SaQwQT2YrVtzC2y6WT4GsMQEzfdk,SOL,chainabuse:OTHER,chainabuse_crawl,OTHER,votes=1;checked=False,2025-04-23
8ut7BHXtkzjo4MNiJRj4Va7VcP2L3osj8Fi3nUh3wM2d,SOL,chainabuse:FAKE_RETURNS,chainabuse_crawl,FAKE_RETURNS,"label=2,1;votes=1;checked=False",2025-04-23
4xZrJfk2ujz1mkubGRfKaF5gC613R5gki6P9KYD762Yw,SOL,chainabuse:FAKE_RETURNS,chainabuse_crawl,FAKE_RETURNS,label=-4.7054;votes=1;checked=False,2025-04-23
Hp9xdxDxPbU7VBEVCwS3RySELvgUUxT4FpX6JP6Qiuww,SOL,chainabuse:OTHER_HACK,chainabuse_crawl,OTHER_HACK,votes=1;checked=False,2025-04-23
9hMcKY2Y5ZDvZWRpqomKQaPBZppzo51JsZiRuaRFAQ3v,SOL,chainabuse:IMPERSONATION+PHISHING,chainabuse_crawl,IMPERSONATION|PHISHING,votes=1;checked=False,2025-04-23
8DFUdEp2UEzsg9D1i4GhUBUodABmVfHaj3HYvCGndyhB,SOL,chainabuse:PHISHING,chainabuse_crawl,PHISHING,votes=1;checked=False,2025-04-23
BKufU9yi6Fd8xmx4GmyXNqfFtZCSvKC4sGVgVTZVDBj,SOL,chainabuse:PHISHING,chainabuse_crawl,PHISHING,votes=1;checked=False,2025-04-22
FD9cMrd7K7xHHBFkjQutueJht8AyU3QoF5ZCU4F8xJKt,SOL,chainabuse:OTHER_HACK,chainabuse_crawl,OTHER_HACK,votes=1;checked=False,2025-04-22
6kiTcSQCKKx9gjGbhNBasCuzf69wmN7DBEisfnzNskFv,SOL,chainabuse:OTHER_HACK,chainabuse_crawl,OTHER_HACK,votes=1;checked=False,2025-04-22
C9actvrfKqC8CBzJGeYBorqXWrEJLg44xi71eB8Vu8eq,SOL,chainabuse:FAKE_RETURNS,chainabuse_crawl,FAKE_RETURNS,votes=1;checked=False,2025-04-22
Bujif1JbS6MtcVrR3bR8jJ8KFnRkSqLSGKrSAs5S7TSq,SOL,chainabuse:CONTRACT_EXPLOIT,chainabuse_crawl,CONTRACT_EXPLOIT,votes=1;checked=False,2025-04-22
8QKMm2dJCoeduJ33awNK7gmLecQ227h8NMmwBFJ5jn26,SOL,chainabuse:OTHER_HACK,chainabuse_crawl,OTHER_HACK,votes=1;checked=False,2025-04-22
hwf7yfPHwUz972PFHGTbzCN1TYPc56i18vKBN5wk63h,SOL,chainabuse:FAKE_RETURNS,chainabuse_crawl,FAKE_RETURNS,votes=1;checked=False,2025-04-21
HSkugstLqN2RPyvpfWMv6E7xpoXwu4q937kRW9meq22N,SOL,chainabuse:OTHER,chainabuse_crawl,OTHER,label=SCAMMER;votes=1;checked=False,2025-04-21
2nz8s6jYWbHi1ryjMHgBosdRiEaBHVkmBrq6zvtRy4dU,SOL,chainabuse:RUG_PULL,chainabuse_crawl,RUG_PULL,votes=1;checked=False,2025-04-21
AaBMxaeCcTQEB6sZC482aMcaxcSiK8ErAmFqspMwazr3,SOL,chainabuse:RUG_PULL,chainabuse_crawl,RUG_PULL,votes=1;checked=False,2025-04-21
AqJ5LYLHhvUjo2iaYbTrRvGfRjnFigmbjqf4fNW6vucC,SOL,chainabuse:RUG_PULL,chainabuse_crawl,RUG_PULL,votes=1;checked=False,2025-04-21
9zTQ8zwTNmJffA822ZWVZXpjdx668HZEuNFm5GsVHXna,SOL,chainabuse:RUG_PULL,chainabuse_crawl,RUG_PULL,votes=1;checked=False,2025-04-21
CNxRXoMVca13f8i89dsgo5nAmLqf2au3sMJvih7wsU61,SOL,chainabuse:RUG_PULL,chainabuse_crawl,RUG_PULL,votes=1;checked=False,2025-04-21
7X9mRbpRtqno6cXsnYUwz2xsuWTqAGScT2ETUXKAJtfM,SOL,chainabuse:RUG_PULL,chainabuse_crawl,RUG_PULL,votes=1;checked=False,2025-04-21
8fy6qZNKZCTWkQ3MTcsayqTex3itdZgVRsfd4BU1jW9,SOL,chainabuse:RUG_PULL,chainabuse_crawl,RUG_PULL,votes=1;checked=False,2025-04-21
5DdwZSAFWTi9SNZsgPp6WxsfihsdhmF6baf6nDEJgvnj,SOL,chainabuse:RUG_PULL,chainabuse_crawl,RUG_PULL,votes=1;checked=False,2025-04-21
91xszAXY7SPcCuFk6UycfXbARAb7fKU1JDef5MVJc6KW,SOL,chainabuse:RUG_PULL,chainabuse_crawl,RUG_PULL,votes=1;checked=False,2025-04-21
6fkkfBhSxqFHfKcMR5vRwK7wn7WJ68xy5y39GshSvwQg,SOL,chainabuse:RUG_PULL,chainabuse_crawl,RUG_PULL,votes=1;checked=False,2025-04-21
7CNzvyya7z5vxYWnu2CZ55M43SGCBXYtBc9e8hyDBLb9,SOL,chainabuse:RUG_PULL,chainabuse_crawl,RUG_PULL,votes=1;checked=False,2025-04-21
CpzWHUVaoieE3nHbKWYzN5UQKu6WsvM4wDSDvxc73pcS,SOL,chainabuse:RUG_PULL,chainabuse_crawl,RUG_PULL,votes=1;checked=False,2025-04-21
FteHXEF8BJk6Qrj3qPU9r7fkCwf7Rg4QE4D9QLUkNXwW,SOL,chainabuse:RUG_PULL,chainabuse_crawl,RUG_PULL,votes=1;checked=False,2025-04-21
BHR4y8oEq5q4wtXkvekVcWYJaFUkVyMrsDzxVr1JjsFD,SOL,chainabuse:RUG_PULL,chainabuse_crawl,RUG_PULL,votes=1;checked=False,2025-04-21
4WV8UmV1pSXLx5s71LduuharjpWBiLgUAQydiREXLTSw,SOL,chainabuse:RUG_PULL,chainabuse_crawl,RUG_PULL,votes=1;checked=False,2025-04-21
Hg4cYyia3AF5Lg2Rcb5sySTZ5SE56MJLKhitVWHkVrba,SOL,chainabuse:RUG_PULL,chainabuse_crawl,RUG_PULL,votes=1;checked=False,2025-04-21
5v1WGmTuTD3ywPnpTZhPq1ALB9aFDwPqJxJyYc9DJXnF,SOL,chainabuse:RUG_PULL,chainabuse_crawl,RUG_PULL,votes=1;checked=False,2025-04-21
Eo3WataXRt9Xy9ffccGSCyckxMVMKrg9fTYmpVSAhHbA,SOL,chainabuse:OTHER_HACK,chainabuse_crawl,OTHER_HACK,votes=1;checked=False,2025-04-21
8FU4nhBEGKsvwRUo5pp2GPaYPZ5trLaVizUVaQj28F6n,SOL,chainabuse:OTHER_HACK,chainabuse_crawl,OTHER_HACK,votes=1;checked=False,2025-04-21
CWVEsHKxUsKAjZGdnvNx6eXPsrYKGEnCgRjvEcXbbYEe,SOL,chainabuse:FAKE_RETURNS,chainabuse_crawl,FAKE_RETURNS,votes=1;checked=False,2025-04-20
ANj762hLDi4yezCprnrge4bb5Yn5gw2no8aFWWJyVqrb,SOL,chainabuse:IMPERSONATION,chainabuse_crawl,IMPERSONATION,votes=1;checked=False,2025-04-20
aTSLJonM1YyA75CbYv8P8LrcgMHGRTnMcg5wUUHeoGy,SOL,chainabuse:PIGBUTCHERING,chainabuse_crawl,PIGBUTCHERING,votes=1;checked=False,2025-04-20
GjdUxT4kqpEEdkJKpivYwnFaEDTjmHEtjrZr4f6Nk3JT,SOL,chainabuse:PHISHING,chainabuse_crawl,PHISHING,votes=1;checked=False,2025-04-20
FuoX3RnReVFKmnReaWfPeJAwmgcoM7SixhiCuqqqmoRf,SOL,chainabuse:OTHER,chainabuse_crawl,OTHER,votes=1;checked=False,2025-04-20
Dcqw3uV12Jry23rdFNQUzjjaT8mjx4Nd8kBr8SBWpump,SOL,chainabuse:FAKE_RETURNS,chainabuse_crawl,FAKE_RETURNS,votes=1;checked=False,2025-04-20
2g9dU9R9rPnQgDa4516LiY8eFbcRt9DMjKjY6QhgySQy,SOL,chainabuse:PHISHING,chainabuse_crawl,PHISHING,votes=1;checked=False,2025-04-20
7wBPbHe2kdnz8G6QABwU7P3qr6yJ2evtAE7bWS1uA65d,SOL,chainabuse:OTHER,chainabuse_crawl,OTHER,votes=1;checked=False,2025-04-20
7N1noekJAkbQpCshLpwn1zybN25s8w6YqfxbqqGQygjK,SOL,chainabuse:FAKE_RETURNS,chainabuse_crawl,FAKE_RETURNS,votes=0;checked=False,2025-04-19
AXCjF42yeKUGy1VZCRQGXEqKgjY78NmMgaBgnSJMtAuR,SOL,chainabuse:RUG_PULL,chainabuse_crawl,RUG_PULL,votes=1;checked=False,2025-04-19
5yppsL9PJeGTxG8DGCkfQFear3tEdeJBGjrarzT9pD5W,SOL,chainabuse:FAKE_RETURNS,chainabuse_crawl,FAKE_RETURNS,label=MEV provided wallet;votes=1;checked=False,2025-04-18
HBbgiEPRDUFAbXFuEK6d1BUtgFe2Sxg9vWcVaYj3cWam,SOL,chainabuse:FAKE_RETURNS+ROMANCE,chainabuse_crawl,FAKE_RETURNS|ROMANCE,label=linked;votes=1;checked=False,2025-04-18
EjpdmfeT6fgZUNBHyBBaHnQ4V2JWVbMYTny6rNYU4cBu,SOL,chainabuse:OTHER_HACK,chainabuse_crawl,OTHER_HACK,votes=1;checked=False,2025-04-18
HjVR7pPEVBShKdXnVY9tDZJ3ghaYta3jcFdWuvcgDoQe,SOL,chainabuse:PHISHING,chainabuse_crawl,PHISHING,votes=1;checked=False,2025-04-18
3MnVnDEf47NeYW9bvbBUz7nKwW5VaEqrEdkjcs7BHoC8,SOL,chainabuse:ROMANCE,chainabuse_crawl,ROMANCE,votes=1;checked=False,2025-04-18
95F3wuLQb5ouHGBJGsme6to3xrsyCRnby8sdrbsVsMxf,SOL,chainabuse:FAKE_RETURNS,chainabuse_crawl,FAKE_RETURNS,votes=1;checked=False,2025-04-17
9GVMrry4xQ7KRiGa3Bh6DHcjjHs14y5PqowSENXWF2vE,SOL,chainabuse:OTHER_HACK,chainabuse_crawl,OTHER_HACK,votes=1;checked=False,2025-04-17
DcWALJdaNM5QgsbKX7oNqbBtcSbpT56nbvoP7x8XjGzm,SOL,chainabuse:PHISHING,chainabuse_crawl,PHISHING,votes=1;checked=False,2025-04-17
43tPkr3mWrofRDFYVMApbNxys8MfYX2mpDYRJTSsYn4d,SOL,chainabuse:FAKE_PROJECT,chainabuse_crawl,FAKE_PROJECT,votes=1;checked=False,2025-04-17
FCytkG8GhVoj4pLALkAfFZzZezziL6HLAhYXTxTrEdfX,SOL,chainabuse:OTHER_HACK,chainabuse_crawl,OTHER_HACK,votes=1;checked=False,2025-04-17
6bj2uBaEheqjcXkPepJbza61Te5RG3yunYfhpANFFwMD,SOL,chainabuse:RUG_PULL,chainabuse_crawl,RUG_PULL,votes=1;checked=False,2025-04-17
B4MmbaswMgcyARq8skJR6YwaB8EvMFsCHK6kaJaVDgq3,SOL,chainabuse:OTHER_HACK,chainabuse_crawl,OTHER_HACK,label=scammer1;votes=1;checked=False,2025-04-17
9PfWqYpxH9bj2ReLoeuWaBPP87QfZLHfSctRHETnaZy3,SOL,chainabuse:OTHER_HACK,chainabuse_crawl,OTHER_HACK,label=mainscammer sol wallet;votes=1;checked=False,2025-04-17
8yBHucuAiaaJJQLmzug7sja1dNhKUPcGvhP3U6fRwd4o,SOL,chainabuse:OTHER_HACK,chainabuse_crawl,OTHER_HACK,label=mainscammer Binance;votes=1;checked=False,2025-04-17
G75if5iuUxAGqDPhW4qZEih1YUWvJH7ScnioZLzk6dNL,SOL,chainabuse:OTHER_HACK,chainabuse_crawl,OTHER_HACK,label=mainscammer Bybit;votes=1;checked=False,2025-04-17
b2PZCd6j9ar69xQmsVjK6QKDLeZUj2GYS3xEmdnqH2b,SOL,chainabuse:OTHER_HACK,chainabuse_crawl,OTHER_HACK,votes=1;checked=False,2025-04-16
5RK4rWiJjJowLbxujLEHz3A3pBrwJu3a8An38cXufmxy,SOL,chainabuse:OTHER_HACK,chainabuse_crawl,OTHER_HACK,votes=1;checked=False,2025-04-16
6ThxqiV1itFEBoQpzXeZQy1Pk9Z4q3ULeCMd2hUMt3gE,SOL,chainabuse:SIM_SWAP,chainabuse_crawl,SIM_SWAP,votes=1;checked=False,2025-04-16
7fhqe7GoUJ4PJqFG8yZbFNLKaAdEjERZ7FZTZTF5kDiM,SOL,chainabuse:OTHER_HACK,chainabuse_crawl,OTHER_HACK,votes=1;checked=False,2025-04-16
DKxtTHHVs1sg2fUp2rGUJQy47bLdr7upAtPxrNbRETQx,SOL,chainabuse:OTHER_HACK,chainabuse_crawl,OTHER_HACK,votes=1;checked=False,2025-04-16
HpxcoAYFDcakMgbeQL9MqCNZ3q6mtMriREA3Q6zWd2kB,SOL,chainabuse:PHISHING,chainabuse_crawl,PHISHING,votes=1;checked=False,2025-04-16
BzGBsF6acw79mndVdC4vQDmCNw2MrMUJ9UjGBPZVznre,SOL,chainabuse:OTHER,chainabuse_crawl,OTHER,votes=1;checked=False,2025-04-16
HGRDBdThbNnborurxrxfNMiTqUih8nJKCyokYis4ndiw,SOL,chainabuse:CONTRACT_EXPLOIT,chainabuse_crawl,CONTRACT_EXPLOIT,votes=1;checked=False,2025-04-16
6zi52WLmn9bZWFhWzDpBw18iURsYwMmzoUQ6mqKsniXh,SOL,chainabuse:OTHER_HACK,chainabuse_crawl,OTHER_HACK,label=scamer drainer bot;votes=1;checked=False,2025-04-15
D54Smdkf1DUKBrv5DNMqecfgX1kcs69QE5CiUiVRhwBR,SOL,chainabuse:IMPERSONATION,chainabuse_crawl,IMPERSONATION,votes=1;checked=False,2025-04-15
Ak5h5VgcTQjrdriZhtSHKD5cPRsPSFQyLDc8VNX8ESHe,SOL,chainabuse:PHISHING,chainabuse_crawl,PHISHING,votes=1;checked=False,2025-04-15
C1v3JpZWVWjDMkfYGFYRMQLhoAzwqehmUg7W918rAbWo,SOL,chainabuse:IMPERSONATION,chainabuse_crawl,IMPERSONATION,votes=1;checked=False,2025-04-15
FXtNRvGUcjiSjY3KQA8hp1KjjZbfou3PwXYce56ku4qr,SOL,chainabuse:FAKE_PROJECT,chainabuse_crawl,FAKE_PROJECT,votes=1;checked=False,2025-04-15
7rXnadvM6WFmsYDQHXxA6EiJWiRpgzS6x93iPofhNA8v,SOL,chainabuse:FAKE_RETURNS,chainabuse_crawl,FAKE_RETURNS,label=Wallet funds went to for ;votes=2;checked=False,2025-04-15
2VXWaK77ao8NQbbysdvDMcsEyijLZ41G7vYbs28bvpUw,SOL,chainabuse:FAKE_PROJECT+PHISHING,chainabuse_crawl,FAKE_PROJECT|PHISHING,votes=1;checked=False,2025-04-14
BXEHehR7AC81kMrbizWPdDX7jeAorb1HQ7XwHeJbTUGc,SOL,chainabuse:OTHER,chainabuse_crawl,OTHER,label=Scammer;votes=1;checked=False,2025-04-14
2BLv7U2ynTwzxSe2wdfrgYTjogMfXKK2cYE59iVo9D2X,SOL,chainabuse:FAKE_PROJECT+OTHER_HACK,chainabuse_crawl,FAKE_PROJECT|OTHER_HACK,votes=1;checked=False,2025-04-14
HSYnzd7nwJ8xku7W1S1DAoDg9erknosaxrPwkz4YjSp4,SOL,chainabuse:OTHER_HACK,chainabuse_crawl,OTHER_HACK,votes=1;checked=False,2025-04-14
FReMRQTMbhVU23PorkXqJ8naALHBTHoXU6LJHjJkhD56,SOL,chainabuse:FAKE_PROJECT,chainabuse_crawl,FAKE_PROJECT,votes=1;checked=False,2025-04-14
7jTXkbvd7neTC3a2ERrQF22haNPh3KXBiUvX7pQ1yctD,SOL,chainabuse:OTHER,chainabuse_crawl,OTHER,votes=1;checked=False,2025-04-13
nozNVWs5N8mgzuD3qigrCG2UoKxZttxzZ85pvAQVrbP,SOL,chainabuse:OTHER,chainabuse_crawl,OTHER,votes=1;checked=False,2025-04-13
EddGbziCp6RVRuk1kvWyuMRTwhgYhfdGqbsQoJxxXEaw,SOL,chainabuse:PHISHING,chainabuse_crawl,PHISHING,label=Telegram Bot Scam;votes=1;checked=False,2025-04-13
CmdQdftmoYKh2Jr11jaLT586ayqJfZAq55VNB1JtgyjU,SOL,chainabuse:PHISHING,chainabuse_crawl,PHISHING,votes=1;checked=False,2025-04-13
5Mru6DQbZbygGUAuTmVgXkjwVc7Ym9RE8ADHBDKK1NuL,SOL,chainabuse:CONTRACT_EXPLOIT,chainabuse_crawl,CONTRACT_EXPLOIT,votes=1;checked=False,2025-04-12
V1JWiQpoRCLZH3PfJso2HNWn5wb5QyXVUAhRHToaM9G,SOL,chainabuse:OTHER_HACK,chainabuse_crawl,OTHER_HACK,votes=1;checked=False,2025-04-12
GFU4Yp8cyECTxSa9tYfDsVDa71GhavkwJgtGzAztz6PY,SOL,chainabuse:OTHER,chainabuse_crawl,OTHER,votes=1;checked=False,2025-04-11
FdTr7YcdvMKkdUGLAFoQzTJhW4jxF4pGpH86CEUv2RUL,SOL,chainabuse:OTHER,chainabuse_crawl,OTHER,votes=1;checked=False,2025-04-11
94xBpSzQKnyCm7748GEognPCzDYpj7Eg4kUqXjRqwMdz,SOL,chainabuse:PHISHING,chainabuse_crawl,PHISHING,votes=1;checked=False,2025-04-10
AkYLZZAMCSCgLpeeoU481Q45EE3NTgRUW98b3q5eLbGn,SOL,chainabuse:IMPERSONATION,chainabuse_crawl,IMPERSONATION,votes=1;checked=False,2025-04-10
B7nGZhCyH69tkbreG81Rh4vFrsovXXFrjeA5Hmmjd5u7,SOL,chainabuse:PHISHING,chainabuse_crawl,PHISHING,votes=1;checked=False,2025-04-09
GerBVUxQJAJSAcPXwanVnFvvXhhK2SCh3AXeEZJ9Ps6V,SOL,chainabuse:RANSOMWARE,chainabuse_crawl,RANSOMWARE,votes=1;checked=False,2025-04-08
oVFbZz88j7ugmt4tQkHqxzq5upAiDdpZpmpM1FcHxue,SOL,chainabuse:AIRDROP+PHISHING,chainabuse_crawl,AIRDROP|PHISHING,label=Scam;votes=1;checked=False,2025-04-08
4xmyHBP1qAKbdxAepmAVMxns2ikp6iK5WZHLZomJPAsZ,SOL,chainabuse:RUG_PULL,chainabuse_crawl,RUG_PULL,votes=1;checked=False,2025-04-06
CcfDkQicZ8EoTvN7nLBechrNavR8szfwAwPSmu8fSB7E,SOL,chainabuse:FAKE_RETURNS,chainabuse_crawl,FAKE_RETURNS,votes=1;checked=False,2025-04-05
6mRvwNFKen2yodTXAoF1MvMjqeTwdXXdKf2xReCzbKn,SOL,chainabuse:OTHER+OTHER_HACK,chainabuse_crawl,OTHER|OTHER_HACK,label=Scam;votes=1;checked=False,2025-04-05
Q9WDnMSYH8vNJee9o5JrfdpZ3C5TwW7izW9WMBt4Log,SOL,chainabuse:ROMANCE,chainabuse_crawl,ROMANCE,label=linked;votes=1;checked=False,2025-04-03
7rhxnLV8C77o6d8oz26AgK8x8m5ePsdeRawjqvojbjnQ,SOL,chainabuse:ROMANCE,chainabuse_crawl,ROMANCE,label=linked;votes=1;checked=False,2025-04-03
HcwRp1oPC5m7rPByYhFPsHxJUfYRAzn52d2UJz4NjzeF,SOL,chainabuse:ROMANCE,chainabuse_crawl,ROMANCE,label=linked;votes=1;checked=False,2025-04-03
EfaHp9G5Y8mrCh6heb49WuQeJ35GTz6TjvqJMtNJFSWh,SOL,chainabuse:ROMANCE,chainabuse_crawl,ROMANCE,label=linked;votes=1;checked=False,2025-04-03
BVEexPHMYd5g6FhXZHhr7CdbSefyRCn8ELEbAJMcTGrB,SOL,chainabuse:ROMANCE,chainabuse_crawl,ROMANCE,label=linked;votes=1;checked=False,2025-04-03
aqxoAhCwpy3oB1BpNw9hL1HdLYLgPpbPjzxDrrQj3Fs,SOL,chainabuse:AIRDROP+CONTRACT_EXPLOIT,chainabuse_crawl,AIRDROP|CONTRACT_EXPLOIT,label= Final Holding Address;votes=1;checked=False,2025-04-03
7BtEy2eArAYHPoF2qwowaAanFYcrHaHeMsttV29svB1A,SOL,chainabuse:CONTRACT_EXPLOIT,chainabuse_crawl,CONTRACT_EXPLOIT,votes=1;checked=False,2025-04-03
4ZU4ofTrSmcq1Ajdpc8BEoVUeac4ztZ8swjNQEHNutcw,SOL,chainabuse:CONTRACT_EXPLOIT,chainabuse_crawl,CONTRACT_EXPLOIT,votes=1;checked=False,2025-04-03
E1Mbe2NWFFoxSePLdKFzfazk5sFajYLHsjcUz1Jy2n5m,SOL,chainabuse:CONTRACT_EXPLOIT,chainabuse_crawl,CONTRACT_EXPLOIT,votes=1;checked=False,2025-04-03
413KAV5kzA1t7ThLUbzHMv97sndwP8V3swM6YZ4Epump,SOL,chainabuse:OTHER,chainabuse_crawl,OTHER,votes=1;checked=False,2025-04-03
CTViGTL26yVja6uTw51KTakWSh7RaCix9gp4WYJvUJzH,SOL,chainabuse:OTHER_HACK,chainabuse_crawl,OTHER_HACK,votes=1;checked=False,2025-04-03
FjZCjRAgLHaAR4HbA4mZstSc2PB8Fntz83VbAaWcsRML,SOL,chainabuse:PHISHING,chainabuse_crawl,PHISHING,votes=1;checked=False,2025-04-03
3Ysr4zwEB6VkTZZwMTqsQd7neLrAVVyCwE1Abhd6pP3y,SOL,chainabuse:OTHER_HACK,chainabuse_crawl,OTHER_HACK,votes=1;checked=False,2025-04-02
9AYsb95yCcjtfidQNXAhc4PbJtUnvdtquRPXdfXMEMPb,SOL,chainabuse:CONTRACT_EXPLOIT,chainabuse_crawl,CONTRACT_EXPLOIT,votes=1;checked=False,2025-04-02
GBdA8fSVhhsPbuFoPc6Gu7MA7dyKxXVTztnZmteAFKBV,SOL,chainabuse:PHISHING,chainabuse_crawl,PHISHING,label=BAID;votes=1;checked=False,2025-04-02
DznJ5RSNKN3Ppsupq6JJ33JnxCxAcCYUp2VkfcbKk5Eb,SOL,chainabuse:PHISHING,chainabuse_crawl,PHISHING,votes=1;checked=False,2025-04-01
DfExcwUCaRBXAgEMymh7E7Mu2Zpvfpt9uSWEAMUnXCBx,SOL,chainabuse:RUG_PULL,chainabuse_crawl,RUG_PULL,votes=1;checked=False,2025-04-01
BSu37HafYgR8yNLUiKRhVFnWWnQQNtrsFNmj7xALPG2D,SOL,chainabuse:PHISHING,chainabuse_crawl,PHISHING,votes=1;checked=False,2025-04-01
38eXVMBPZJ4GA7q336Vdyjx9ww9tahk6YxFkLL2voH6j,SOL,chainabuse:PHISHING,chainabuse_crawl,PHISHING,votes=1;checked=False,2025-04-01
HFU9UvRdM8gkJrgsC5w9xX6kUM3czuZeFYa1aRqfXy8d,SOL,chainabuse:OTHER_HACK,chainabuse_crawl,OTHER_HACK,votes=1;checked=False,2025-04-01
D1uZ4m2o7isU7Fecpfefpn8f4WcNhFd73acKQCvVco76,SOL,chainabuse:AIRDROP,chainabuse_crawl,AIRDROP,votes=1;checked=False,2025-04-01
BbysR8z8Pjte9ahMZyzrLqBXRiMFUnCXBTHfXPL7Q3kv,SOL,chainabuse:FAKE_RETURNS,chainabuse_crawl,FAKE_RETURNS,votes=1;checked=False,2025-04-01
C8iZtTc4UxShZJmasYGQxyA9SczVNL381CAq1M7EZNsy,SOL,chainabuse:FAKE_RETURNS,chainabuse_crawl,FAKE_RETURNS,votes=1;checked=False,2025-04-01
Fq7jPefUJ4Z4exE7QsBzrWK7cfqxKW8XazNwQ5akGwBz,SOL,chainabuse:FAKE_RETURNS,chainabuse_crawl,FAKE_RETURNS,votes=1;checked=False,2025-04-01
9HodPCHXo6oDYm7Kr9CBUdqsn2Kr7H7cCJy86JPdduB3,SOL,chainabuse:FAKE_RETURNS,chainabuse_crawl,FAKE_RETURNS,votes=1;checked=False,2025-04-01
CP4eczfXpH1cr2JTHKMwTXnZQkkB5WNmr4XEYdLF4sL7,SOL,chainabuse:FAKE_RETURNS,chainabuse_crawl,FAKE_RETURNS,votes=1;checked=False,2025-04-01
85Py3wRuPVmyxbimFnjzGxpJF8xxfaUt2yudXezKdL6H,SOL,chainabuse:OTHER,chainabuse_crawl,OTHER,votes=1;checked=False,2025-04-01
7AvaKf44ptswfwYSrpEQiBwQrNLkM9ugcKtfrBmKMyLb,SOL,chainabuse:OTHER,chainabuse_crawl,OTHER,label=sci-hub.ru;votes=1;checked=False,2025-03-31
y7GonM9RmpZKbfMoykvK9dMdHhhE1fT5vPPSc8EAnDH,SOL,chainabuse:OTHER,chainabuse_crawl,OTHER,label=sci-hub.ru;votes=1;checked=False,2025-03-31
GxdTh6udNstGmLLk9ztBb6bkrms7oLbrJp5yzUaVpump,SOL,chainabuse:OTHER,chainabuse_crawl,OTHER,label=scihub.fans;votes=1;checked=False,2025-03-31
9yxQhEhGQPgjRehgSHsw28JQh5Nj17JSYbZbXQYdvXuc,SOL,chainabuse:OTHER,chainabuse_crawl,OTHER,votes=1;checked=False,2025-03-31
3eYcHK88PR3PnpHBD9YueTUXWSNu41uQYC7R6ePr7ENX,SOL,chainabuse:IMPERSONATION+OTHER_HACK,chainabuse_crawl,IMPERSONATION|OTHER_HACK,votes=1;checked=False,2025-03-30
9FVBugti6g9woavojrBt5tjiakdDubJ1RYv9wfxbh6cy,SOL,chainabuse:PHISHING,chainabuse_crawl,PHISHING,votes=1;checked=False,2025-03-29
DYpL5ML2zqxws8pqKpfWECb7HLnHNqbhyiBdDRL64D3i,SOL,chainabuse:OTHER_HACK,chainabuse_crawl,OTHER_HACK,votes=1;checked=False,2025-03-28
74p5XW7Mq4k2exiv68RYy28yyj5a5nAmAJ98MtwhR3LH,SOL,chainabuse:IMPERSONATION,chainabuse_crawl,IMPERSONATION,votes=1;checked=False,2025-03-28
FTBQhd5rJD4qmgq2inSxfZRwoLBnrtu4XaVh9skfafUN,SOL,chainabuse:IMPERSONATION,chainabuse_crawl,IMPERSONATION,votes=1;checked=False,2025-03-28
Gzwjae1tQQpTMzr6T7FMHSCJqqf5BjvXDMkuMg9PipcY,SOL,chainabuse:PHISHING,chainabuse_crawl,PHISHING,votes=1;checked=False,2025-03-27
AeHeU74DMcatN9aEFSFteHRQHWo8DRza2Y8tVpmKbYs8,SOL,chainabuse:PHISHING,chainabuse_crawl,PHISHING,votes=1;checked=False,2025-03-27
FAiRLSyNPXfX9kNdAGWzwtV2wgmKpoqWXBA4XyjcZUmo,SOL,chainabuse:FAKE_PROJECT,chainabuse_crawl,FAKE_PROJECT,votes=1;checked=False,2025-03-27
BCTqoZcmunRqrKyQjwFxibA37fBfFkhPv9t3Q2M1QE3k,SOL,chainabuse:FAKE_RETURNS,chainabuse_crawl,FAKE_RETURNS,votes=1;checked=False,2025-03-27
7oWwYwY6HhhgxLrDhz3ihUuKQ79dC7ATofk73gBvbesx,SOL,chainabuse:FAKE_PROJECT,chainabuse_crawl,FAKE_PROJECT,votes=1;checked=False,2025-03-27
AQXkaEk24yfSDCKu5uXHpZ3x2BhVYXR3oCgQMNSJAZTE,SOL,chainabuse:FAKE_PROJECT,chainabuse_crawl,FAKE_PROJECT,votes=1;checked=False,2025-03-27
2SjXuMjLZvG24pfpGUzMKgpGXa5xLs698DuvyDsXpump,SOL,chainabuse:FAKE_PROJECT,chainabuse_crawl,FAKE_PROJECT,label=Coin created;votes=1;checked=False,2025-03-27
EdTCmLUNBT13f8VfQ8JBUxMUX17KQq2zsy6gqVqtVMR9,SOL,chainabuse:OTHER,chainabuse_crawl,OTHER,votes=1;checked=False,2025-03-27
ELp7EYf48jqakqTKqXG5GhBFn6zzdhJi2xBfKhNnqYq6,SOL,chainabuse:FAKE_PROJECT,chainabuse_crawl,FAKE_PROJECT,votes=1;checked=False,2025-03-26
nyDGQdMy7fqmZveK4mVuVzbDeW1dQpcbRSve4KYEh3o,SOL,chainabuse:FAKE_PROJECT,chainabuse_crawl,FAKE_PROJECT,votes=1;checked=False,2025-03-26
4ro7NkTH6BEohYcMm7UuPeV9KWr17aAhDsS8Z3rwDYt5,SOL,chainabuse:PIGBUTCHERING,chainabuse_crawl,PIGBUTCHERING,votes=1;checked=False,2025-03-26
9C7BqQK3xDV8jrsnbXNw4xdLAwp3fruexqyc2TcqzFDL,SOL,chainabuse:IMPERSONATION,chainabuse_crawl,IMPERSONATION,votes=1;checked=False,2025-03-26
5LM1SErkKFpB8FCCtm8P9qiUh5Pof2LFExCUX5YEnpBZ,SOL,chainabuse:OTHER,chainabuse_crawl,OTHER,label=Solana;votes=1;checked=False,2025-03-26
7LnD9XkrBV1WTAopkssknr5WqappJKfRFMcMcL1C73Fj,SOL,chainabuse:FAKE_RETURNS,chainabuse_crawl,FAKE_RETURNS,votes=1;checked=False,2025-03-26
FBKFWadXZJahGtFitAsBvbqh5968gLY7dMBBJUoUjeNi,SOL,chainabuse:CONTRACT_EXPLOIT,chainabuse_crawl,CONTRACT_EXPLOIT,votes=1;checked=False,2025-03-25
HWNT2tJvBHFN51o4wdHhWHsNEStmbFMKF9LuFsgTLJwN,SOL,chainabuse:IMPERSONATION,chainabuse_crawl,IMPERSONATION,votes=1;checked=False,2025-03-25
VDVjkC78McuJB9hpUZSyfjS2uagqMedbMCgBwXcNMaj,SOL,chainabuse:IMPERSONATION,chainabuse_crawl,IMPERSONATION,votes=1;checked=False,2025-03-25
8wnUKoSJ2v2L2oiA2MbrzmCN5jogduKr1Jshrdh53XR,SOL,chainabuse:PHISHING,chainabuse_crawl,PHISHING,label=Scammer;votes=1;checked=False,2025-03-25
4Nxos1MrXjCQiva1LSxrRdosMGZxakHCzsB97R1bD6op,SOL,chainabuse:PHISHING,chainabuse_crawl,PHISHING,votes=1;checked=False,2025-03-25
9p5t7dRuAArH58UvusCW4EmYGccY2PND3zQqc5Z1VWq6,SOL,chainabuse:OTHER+PHISHING,chainabuse_crawl,OTHER|PHISHING,label=Scam;votes=1;checked=False,2025-03-24
D9LkdPS7eUrD96EnqY5JBQmWwPKrk71ShtvdFv7k29Ua,SOL,chainabuse:OTHER_HACK,chainabuse_crawl,OTHER_HACK,votes=1;checked=False,2025-03-24
7kEbMHSf91myd338dwSM9S6FWk9sWaHrTQLCN1HJbkwV,SOL,chainabuse:OTHER,chainabuse_crawl,OTHER,votes=1;checked=False,2025-03-24
HQE5im2eYwKUdkuSNuX6CbUrkxwZmM7oGJY4GXAgE1o,SOL,chainabuse:OTHER,chainabuse_crawl,OTHER,votes=1;checked=False,2025-03-23
9HbMRRrwHM3Uy8TRiuPQDy8CoX4bwiT2isri82HUvGjp,SOL,chainabuse:OTHER_BLACKMAIL+OTHER_HACK+PHISHING,chainabuse_crawl,OTHER_BLACKMAIL|OTHER_HACK|PHISHING,votes=1;checked=False,2025-03-23
4zkSgggEn4PjCDLnEUQNsPV3bRjGZu6iCiKD7B4vcyvF,SOL,chainabuse:IMPERSONATION,chainabuse_crawl,IMPERSONATION,votes=1;checked=False,2025-03-23
Cncvcn2KRTuujMTRDxEjau6hfeYAkM31jQMR2PC1qhor,SOL,chainabuse:OTHER_HACK,chainabuse_crawl,OTHER_HACK,votes=1;checked=False,2025-03-22
F6MPYQnysYSQYLTGUZYfESGabQYZQaVannZXia6jQgco,SOL,chainabuse:OTHER_HACK,chainabuse_crawl,OTHER_HACK,votes=1;checked=False,2025-03-21
12U4Rur1xV8Uh81WBXweqJNzvn78Bmf5oZmkts43zNxC,SOL,chainabuse:CONTRACT_EXPLOIT,chainabuse_crawl,CONTRACT_EXPLOIT,votes=0;checked=False,2025-03-20
5rTdYh4tLuMdaEJwcKWPDViqUg2vefXjV9a5zGm6TdW8,SOL,chainabuse:RUG_PULL,chainabuse_crawl,RUG_PULL,votes=1;checked=False,2025-03-20
EakNE3EkLo1vXRLirgzCuYBweuaSmb5qkg4cyBhC441z,SOL,chainabuse:ROMANCE,chainabuse_crawl,ROMANCE,votes=1;checked=False,2025-03-19
AnBfNmFJ5TQnhcbiTbNFXDpA8igYqezJqU2ZTpmfao2z,SOL,chainabuse:PHISHING,chainabuse_crawl,PHISHING,votes=1;checked=False,2025-03-18
FZkuLVjtYLoA4VHtdgiWpLZayye25GZpm2E8nLxnjs5,SOL,chainabuse:PHISHING,chainabuse_crawl,PHISHING,votes=1;checked=False,2025-03-18
3argmeLcSfRUAnsF3F3pQFPxuj1Qi22wg4SfUEUrgaTx,SOL,chainabuse:OTHER_HACK,chainabuse_crawl,OTHER_HACK,votes=1;checked=False,2025-03-17
ETvmsyADQKX98WPu4dVEgaJPMrnT3zvSQdSXaBgqcPHh,SOL,chainabuse:OTHER_HACK,chainabuse_crawl,OTHER_HACK,votes=1;checked=False,2025-03-17
4L7Tauc4zrH53NDX841ee3DoKkztAUt1Pw5iAAY6uhXy,SOL,chainabuse:OTHER_HACK,chainabuse_crawl,OTHER_HACK,votes=1;checked=False,2025-03-17
7cYScAVXtJUfgnvkhC2yyM7rjqkkatBjiPixnKn3fxHX,SOL,chainabuse:FAKE_PROJECT,chainabuse_crawl,FAKE_PROJECT,votes=1;checked=False,2025-03-17
n1XkCA1aRB7RjUvQAHahnFeYBYUG8df4P5SpEv3SiQs,SOL,chainabuse:RUG_PULL,chainabuse_crawl,RUG_PULL,label=SC;votes=1;checked=False,2025-03-17
jTQqn7wZgjcsbTa5xaUPpriWujHQVzj376mij47w9UB,SOL,chainabuse:IMPERSONATION,chainabuse_crawl,IMPERSONATION,label=scam fraud ;votes=1;checked=False,2025-03-17
B4HtdkVJFNJGwB5Z9rAyiftT7WWgRWy1KRkFPyH7bSfC,SOL,chainabuse:PHISHING,chainabuse_crawl,PHISHING,votes=1;checked=False,2025-03-16
5rp1xYuvottTz7kYxe4AKCwYVq4RuRR3PfUuhhpQJrSL,SOL,chainabuse:PHISHING,chainabuse_crawl,PHISHING,votes=1;checked=False,2025-03-15
FUtwS4FtoFyVZ9J8fYMLMJbGi12fPw96gumgy8SdpvCX,SOL,chainabuse:OTHER_HACK,chainabuse_crawl,OTHER_HACK,votes=1;checked=False,2025-03-14
6gLPLUbGCoHmy3MWZYjwysthiPnpCGXar1wFZ4Ca1NrD,SOL,chainabuse:IMPERSONATION,chainabuse_crawl,IMPERSONATION,label=phantom;votes=1;checked=False,2025-03-14
FtnZBPQGzR85yhoYAFYEZTEMYUvQSDBMHHFjX4mAyZxt,SOL,chainabuse:IMPERSONATION,chainabuse_crawl,IMPERSONATION,label=tesla;votes=1;checked=False,2025-03-14
HFJMHyQ9HSokXyAC2f5AHwvY5YjwuePpz8EyVxvcntyB,SOL,chainabuse:OTHER_HACK,chainabuse_crawl,OTHER_HACK,votes=1;checked=False,2025-03-14
4WoAh4fx2MNXNbmeWMEySe34oALvJv9JBFu9xKqBbed6,SOL,chainabuse:PHISHING,chainabuse_crawl,PHISHING,votes=1;checked=False,2025-03-13
A7QGXSuh6WYQfYZhASRBYGCZNDGk8LzdiBboMZLWhLU1,SOL,chainabuse:PHISHING,chainabuse_crawl,PHISHING,votes=1;checked=False,2025-03-13
5tu6nr7Szb2p32PFHwTB23ZJwaSWR7qM6fJj52UL3EFn,SOL,chainabuse:OTHER_HACK,chainabuse_crawl,OTHER_HACK,votes=1;checked=False,2025-03-13
EkJQpWiXw4MNUKrhs6M2Sq6fdBCp2sWLKbPCqsnUqQth,SOL,chainabuse:OTHER_BLACKMAIL,chainabuse_crawl,OTHER_BLACKMAIL,votes=1;checked=False,2025-03-13
9c1dutyCVzZQzV7YA11aCRqULRR9rg5STvjaVdxkoLB1,SOL,chainabuse:OTHER_HACK,chainabuse_crawl,OTHER_HACK,votes=1;checked=False,2025-03-13
E9FTR75JyegvPJjr65yYKz4BcshWfv3krnL8Qn5jb7yw,SOL,chainabuse:FAKE_RETURNS,chainabuse_crawl,FAKE_RETURNS,votes=1;checked=False,2025-03-12
DBsbrxEj28pZUXcTPGvAx5eaFfnkaTj5t6vSHDxb25C4,SOL,chainabuse:FAKE_RETURNS,chainabuse_crawl,FAKE_RETURNS,votes=2;checked=False,2025-03-12
2UBbWZGAdzeZE9rC4AanmoyNJSQnHKCrMq3xynjPNndj,SOL,chainabuse:FAKE_RETURNS,chainabuse_crawl,FAKE_RETURNS,label=solanaadress;votes=1;checked=False,2025-03-12
5Zc8jQzsuP8DEEoCdVS8AhkJyZAtVAYtJ59bgJpu7pwN,SOL,chainabuse:PHISHING,chainabuse_crawl,PHISHING,votes=1;checked=False,2025-03-12
H2jr71teyZULFLi8oiLbLNmsXfgjtgdfbauK7hCXkrCp,SOL,chainabuse:PHISHING,chainabuse_crawl,PHISHING,votes=1;checked=False,2025-03-10
5MCxQaAVSJrsXN9fVdRbhqZFiVqpRwMa1XXtUFPv1JXX,SOL,chainabuse:OTHER_HACK,chainabuse_crawl,OTHER_HACK,votes=1;checked=False,2025-03-09
7dr91c8Tzk9Dg1PiqPXwzWBowY9Nii9W27TKCMs9mcmo,SOL,chainabuse:IMPERSONATION,chainabuse_crawl,IMPERSONATION,votes=1;checked=False,2025-03-08
F5oZfoJPhS8uxViBmyjRvZdfQAmVh9VhcRHrmvD9kmsH,SOL,chainabuse:PHISHING,chainabuse_crawl,PHISHING,votes=1;checked=False,2025-03-08
FvK2nTRkqPrsTQZemu75QjJoazZxzQVRzcnTVwR4FDLr,SOL,chainabuse:FAKE_RETURNS,chainabuse_crawl,FAKE_RETURNS,label=Initial account.;votes=1;checked=False,2025-03-08
8SfRT2KnQMLzYGhv8rkJFP4Yia33eNVfj7hXKoes6TkW,SOL,chainabuse:FAKE_RETURNS,chainabuse_crawl,FAKE_RETURNS,label=Received proceeds;votes=1;checked=False,2025-03-08
GxsJsQrMtjZWcH5WCG5LCimxRG6F3JXyxkvtjaoAo3ew,SOL,chainabuse:PHISHING,chainabuse_crawl,PHISHING,votes=1;checked=False,2025-03-07
DapTiv5aD8azc6p8edphMxRfx7sxAdZH6NuohteEfLxg,SOL,chainabuse:OTHER_HACK+PHISHING,chainabuse_crawl,OTHER_HACK|PHISHING,label=hacker;votes=1;checked=False,2025-03-07
3JJBDdyNwsLTnK3xMuTP16AdEhgNA2c6JhpvewkgmHHS,SOL,chainabuse:OTHER_HACK,chainabuse_crawl,OTHER_HACK,votes=1;checked=False,2025-03-07
3437FszaWvTT4pZyRNnPSo914UUYFYq6xqi9HTeiySZc,SOL,chainabuse:OTHER_HACK,chainabuse_crawl,OTHER_HACK,votes=1;checked=False,2025-03-06
9vyLLtdH16Z3goA2CyY2aKpaDBP9XJnERF2Ln8i9hQbq,SOL,chainabuse:AIRDROP,chainabuse_crawl,AIRDROP,votes=1;checked=False,2025-03-06
52MBeDAne8Ln4MGNfz4cdjLu9piufb4QQ4EJXpH5CqY6,SOL,chainabuse:OTHER,chainabuse_crawl,OTHER,votes=1;checked=False,2025-03-06
Gb5YMZjaHx9hJteHWdGHMPvnpgbnsPoPNbmRLLK6eqAX,SOL,chainabuse:FAKE_RETURNS,chainabuse_crawl,FAKE_RETURNS,votes=1;checked=False,2025-03-06
71nQZYAwCZzJwNYdajrwcD6acQrrKYJDpzYSBng73Eoq,SOL,chainabuse:FAKE_PROJECT,chainabuse_crawl,FAKE_PROJECT,votes=1;checked=False,2025-03-06
Br9zP4M2AJcQtJTdmrwkemZfQ7weMAytGAyjG98o5cJa,SOL,chainabuse:RUG_PULL,chainabuse_crawl,RUG_PULL,votes=1;checked=False,2025-03-05
HnfAATRntTVUSYyvWRoHNpRqAzZt158FFwxB6YtHx6w1,SOL,chainabuse:OTHER_HACK,chainabuse_crawl,OTHER_HACK,votes=1;checked=False,2025-03-04
BYT6A2yPsP6Mt6psLLF9Q4VL86KKKKmfFN6UHAcqGvWD,SOL,chainabuse:PHISHING,chainabuse_crawl,PHISHING,votes=1;checked=False,2025-03-04
1dxwDb4DQXxsb8s7xByh7UxfTDM2J37V23bSPKnSHxC,SOL,chainabuse:OTHER_HACK,chainabuse_crawl,OTHER_HACK,votes=1;checked=False,2025-03-03
JUP6LkbZbjS1jKKwapdHNy74zcZ3tLUZoi5QNyVTaV4,SOL,chainabuse:OTHER_HACK,chainabuse_crawl,OTHER_HACK,votes=1;checked=False,2025-03-03
7KVKc87qLwXy94YqyFD5m7PzNQJuwnTc6PdVUsKW8Q3f,SOL,chainabuse:FAKE_RETURNS,chainabuse_crawl,FAKE_RETURNS,votes=1;checked=False,2025-03-03
DdQY9rNLhfHsx9W9bjxpoEE1J9ACxqpGTJMUU9KiGUh2,SOL,chainabuse:OTHER,chainabuse_crawl,OTHER,votes=1;checked=False,2025-03-03
7c7JEp7oRouVo8Z1i2SKN46RXzwJCvfFipgnhpn3moon,SOL,chainabuse:RUG_PULL,chainabuse_crawl,RUG_PULL,votes=1;checked=False,2025-03-01
AqGv6PHvmWEUuWHtuk8hDe7J64p41zEyzLTzhNpNRwjz,SOL,chainabuse:FAKE_PROJECT,chainabuse_crawl,FAKE_PROJECT,votes=1;checked=False,2025-02-28
5dhKGr8cckqBsr5o55kV7eKpkzEutnhHhNt2fcHummQg,SOL,chainabuse:IMPERSONATION,chainabuse_crawl,IMPERSONATION,label=main account;votes=1;checked=False,2025-02-28
BeDaDbXxJAZSBsSTLmvVvfi2AbXBLscVbWvBpBKUxPiS,SOL,chainabuse:IMPERSONATION,chainabuse_crawl,IMPERSONATION,label=honey pot;votes=1;checked=False,2025-02-28
5gX5Q1rPNEzLL71UStQHNDRcHoqMR1FXzi7jnhcW42HY,SOL,chainabuse:PHISHING,chainabuse_crawl,PHISHING,votes=1;checked=False,2025-02-28
83JjzyfQjAJcikoiaFmR2R1pUiW8chZfzKQntrQ5M4e,SOL,chainabuse:CONTRACT_EXPLOIT,chainabuse_crawl,CONTRACT_EXPLOIT,votes=1;checked=False,2025-02-26
41CHUYHTZ9DvDz54QPVyGgptd5CrgYECcsz7dLfV4XPJ,SOL,chainabuse:PHISHING,chainabuse_crawl,PHISHING,votes=1;checked=False,2025-02-25
Es3pHB25NoF94R5aku5sxNnfnmU3iPiWKevB93nAsTrY,SOL,chainabuse:OTHER,chainabuse_crawl,OTHER,votes=1;checked=False,2025-02-25
9nUNwTjTZASbbK9cigF7WKbo16oQ97uDG5kb38j4nd8H,SOL,chainabuse:FAKE_PROJECT+IMPERSONATION,chainabuse_crawl,FAKE_PROJECT|IMPERSONATION,label=Account $ Transfers To;votes=1;checked=False,2026-08-26
Hfmmnsao2EKnLoBp3hY17ZWsy34HeCH4GuZGSPhpJE7Q,SOL,chainabuse:IMPERSONATION,chainabuse_crawl,IMPERSONATION,label=CA used to steal from me;votes=1;checked=False,2025-02-24
8UvEMYKp88mGmRmVt4tf7bNdgTG6wYKAeorN59EdKMnU,SOL,chainabuse:IMPERSONATION,chainabuse_crawl,IMPERSONATION,"label=TG Fake ""New"" Wallet ;votes=1;checked=False",2025-02-24
3BKgg475qaaUFXwY6dy5KK2NhhvDC7QPk1bnA13ESd4Z,SOL,chainabuse:IMPERSONATION,chainabuse_crawl,IMPERSONATION,"label=Fake ""New"" Wallet 2;votes=1;checked=False",2025-02-24
4FSTJUhe1jJC6LdsRcDpBxz78AGjg7MaVEkTqNCGxPQL,SOL,chainabuse:IMPERSONATION,chainabuse_crawl,IMPERSONATION,votes=1;checked=False,2025-02-24
CjaYkymssLQdAqVztuXRc9RekESTT2DwgKiFR1QPbiP6,SOL,chainabuse:IMPERSONATION,chainabuse_crawl,IMPERSONATION,votes=1;checked=False,2025-02-24
6s4sH4tE1Bjp2gtrektevhqHNjK7YPKx8ki94qsrvZuf,SOL,chainabuse:IMPERSONATION,chainabuse_crawl,IMPERSONATION,votes=1;checked=False,2025-02-24
JD9tHpW4d9KnwS1C1yQWAT2XokhVXBptDMyBMB4JtqhB,SOL,chainabuse:IMPERSONATION,chainabuse_crawl,IMPERSONATION,votes=1;checked=False,2025-02-24
GEMEUjhRntCfG3LXZFaFAX2WtUU8kR7D1VvNhwRgYEfu,SOL,chainabuse:IMPERSONATION,chainabuse_crawl,IMPERSONATION,votes=1;checked=False,2025-02-24
6dzgDN79JCatys2caEy9ynWhvrtYgNS6uouv4xyxrsHm,SOL,chainabuse:IMPERSONATION,chainabuse_crawl,IMPERSONATION,votes=1;checked=False,2025-02-24
AG5rLxrQtNseeS26hPsmQd9k1rAstbTibG848vzfiN7g,SOL,chainabuse:IMPERSONATION,chainabuse_crawl,IMPERSONATION,votes=1;checked=False,2025-02-24
7AVraqdh1k23odnfMx1eLL1xw9eC6UktNcBZkXYr53iK,SOL,chainabuse:IMPERSONATION,chainabuse_crawl,IMPERSONATION,votes=1;checked=False,2025-02-24
478L5WU7rXgsr3LWYLLycUuLg1EkyEBsECtJJ2SmrRuj,SOL,chainabuse:IMPERSONATION,chainabuse_crawl,IMPERSONATION,votes=1;checked=False,2025-02-24
2Qc37xqpc4GEtFBbBxRML3JHwz1iXuTNo4tSs6pNUpmz,SOL,chainabuse:IMPERSONATION,chainabuse_crawl,IMPERSONATION,votes=1;checked=False,2025-02-24
8uf8h6FbPt5szFenM4MGvGB37YYmU6i3REf6yHnLdQVZ,SOL,chainabuse:IMPERSONATION,chainabuse_crawl,IMPERSONATION,votes=1;checked=False,2025-02-24
6x1KdMpiubFnhTEJcQ5irwPuZTVk9nSJQTaoyviq4zkV,SOL,chainabuse:IMPERSONATION,chainabuse_crawl,IMPERSONATION,votes=1;checked=False,2025-02-24
FHf1bnZebEFkDeg3pZjTdjSP62LwqdYMwLhpsNMoQtzF,SOL,chainabuse:IMPERSONATION,chainabuse_crawl,IMPERSONATION,votes=1;checked=False,2025-02-24
2zh1siC3WDJCGtjkqBZpL5RpbiCYyU2XCqUzmXzeE7m1,SOL,chainabuse:IMPERSONATION,chainabuse_crawl,IMPERSONATION,votes=1;checked=False,2025-02-24
7KciuBta2TB1grzFWJrmYWozjmJuZbXZAEu9V86kwM1q,SOL,chainabuse:IMPERSONATION,chainabuse_crawl,IMPERSONATION,votes=1;checked=False,2025-02-24
5WmvxxpTUHAvMD8QMe7DnXpnjcJtQ6jmd5FzcYw81gPF,SOL,chainabuse:IMPERSONATION,chainabuse_crawl,IMPERSONATION,votes=1;checked=False,2025-02-24
7hFiCpwhtQX89wh1eyMwrUVmu85JaVzD4YXpR69uaVcs,SOL,chainabuse:IMPERSONATION,chainabuse_crawl,IMPERSONATION,votes=1;checked=False,2025-02-24
4PEfR4LooaD6DJxbZAr9JFFZovE36yqGHHgaomHioFNp,SOL,chainabuse:IMPERSONATION,chainabuse_crawl,IMPERSONATION,votes=1;checked=False,2025-02-24
Hnh4dWJVgLQ4ULhMVoqabXErZ3zFeBGRS62zxxRBfB3u,SOL,chainabuse:IMPERSONATION,chainabuse_crawl,IMPERSONATION,votes=1;checked=False,2025-02-24
8mWvwpwgUkqMVZoCjVq8XGqgbKRrA59qCKNxLECwHdyE,SOL,chainabuse:IMPERSONATION,chainabuse_crawl,IMPERSONATION,votes=1;checked=False,2025-02-24
8ja6otnRkR48DbdDjQffNsqwaFXuQwbDQrzCavfHwYsx,SOL,chainabuse:IMPERSONATION,chainabuse_crawl,IMPERSONATION,votes=1;checked=False,2025-02-24
HCE4vm7J3h12Sb5m5gWBzhrzfRSDw1KiKmdMteKyZoRP,SOL,chainabuse:IMPERSONATION,chainabuse_crawl,IMPERSONATION,votes=1;checked=False,2025-02-24
6gefKMSEFAbu6ZEWmTtZMRTC9T8FKWSfAdwDX3aGvrpv,SOL,chainabuse:IMPERSONATION,chainabuse_crawl,IMPERSONATION,votes=1;checked=False,2025-02-24
9XPYVUouZQFXnAB73Y3R9kk2jGaPuuYkLE7EMUnJNjRC,SOL,chainabuse:IMPERSONATION,chainabuse_crawl,IMPERSONATION,votes=1;checked=False,2025-02-24
CcGUhijAHwRMSFsg335QqhpdQ55JgPeEoXAcn9toMEfb,SOL,chainabuse:IMPERSONATION,chainabuse_crawl,IMPERSONATION,votes=1;checked=False,2025-02-24
8b4CgW3ffou7L4zfLTdeQrVTTWmw6yNL8LuvuWLoSty,SOL,chainabuse:IMPERSONATION,chainabuse_crawl,IMPERSONATION,votes=1;checked=False,2025-02-24
GRu6uSJidY9PDjX7MTnvZALQp1GfBdE8AW1B7i5pX4iU,SOL,chainabuse:IMPERSONATION,chainabuse_crawl,IMPERSONATION,votes=1;checked=False,2025-02-24
75gZgBGE9w5gkDR3NiNxS5rKKtsTYaQstDXRXVGMo65u,SOL,chainabuse:IMPERSONATION,chainabuse_crawl,IMPERSONATION,votes=1;checked=False,2025-02-24
EMoqHRV9ShKUo6LbbR4dEXWQ5KonXf6YYTHZzpyP1ZrM,SOL,chainabuse:IMPERSONATION,chainabuse_crawl,IMPERSONATION,votes=1;checked=False,2025-02-24
VdQ1zPcMkMjxnz3ZS7UrdztijgeRa8na6fSgrLx7KRf,SOL,chainabuse:IMPERSONATION,chainabuse_crawl,IMPERSONATION,votes=1;checked=False,2025-02-24
83xudkTYMkN9FSzTfR3MyHjZYSrjaRwUFAx86nbHtbe7,SOL,chainabuse:IMPERSONATION,chainabuse_crawl,IMPERSONATION,votes=1;checked=False,2025-02-24
6qATBy6a8ytGYmccXuhD8QzPwG1R3wtVC5ieJ666VSWT,SOL,chainabuse:IMPERSONATION,chainabuse_crawl,IMPERSONATION,votes=1;checked=False,2025-02-24
BypNMw2ZobPPAYBXDQpEtL4E8RHFTHqR4Kpv7aD6iyhW,SOL,chainabuse:IMPERSONATION,chainabuse_crawl,IMPERSONATION,votes=1;checked=False,2025-02-24
94zJwZapWubph89YycNQ3eTdjbcnx2dhjuQ7vhtbv1Ep,SOL,chainabuse:IMPERSONATION,chainabuse_crawl,IMPERSONATION,votes=1;checked=False,2025-02-24
6kCdAiQLKpzhVkypCgY2MAs4mio963NwF4XxvfPWeWxd,SOL,chainabuse:IMPERSONATION,chainabuse_crawl,IMPERSONATION,votes=1;checked=False,2025-02-24
AJASEMc1EA2c2BGH9M7hs4umi3R6A9aWgmHPiwwuYB3b,SOL,chainabuse:IMPERSONATION,chainabuse_crawl,IMPERSONATION,votes=1;checked=False,2025-02-24
8tyFmjPbwUm11W7KKph7jzneZpf7XbZdBnWkjhXhHaPt,SOL,chainabuse:IMPERSONATION,chainabuse_crawl,IMPERSONATION,votes=1;checked=False,2025-02-24
5ecB6qmJ2ByL4MA1jZZS9C8x6oRszf8XDpM8MLYxZxHw,SOL,chainabuse:IMPERSONATION,chainabuse_crawl,IMPERSONATION,votes=1;checked=False,2025-02-24
BNHk2J196bHVDwDE8NNajVzbRZUXzaBYuH5rtt6LH2uN,SOL,chainabuse:IMPERSONATION,chainabuse_crawl,IMPERSONATION,votes=1;checked=False,2025-02-24
3H8S4oTddNVeLZkv2RCNTBymMEpuAEy2FMC5XUqKvctA,SOL,chainabuse:IMPERSONATION,chainabuse_crawl,IMPERSONATION,votes=1;checked=False,2025-02-24
B2bVodyDBL4H26wp21zhhAfYrNqZKxn8mn2X6iyWs51Y,SOL,chainabuse:IMPERSONATION,chainabuse_crawl,IMPERSONATION,votes=1;checked=False,2025-02-24
k8y8j2R5EeGKEnQuuYzrfWe8xdZ4eUA5ey3qKNPxTaG,SOL,chainabuse:IMPERSONATION,chainabuse_crawl,IMPERSONATION,votes=1;checked=False,2025-02-24
CSipxdXk5bXozYTeqYTeeZdfYoMLuUvdMjAux8QxuE81,SOL,chainabuse:IMPERSONATION,chainabuse_crawl,IMPERSONATION,votes=1;checked=False,2025-02-24
8GT13tMBjSGkKU5iQgyR9Gs8uLsDaGpynqEi4EDcdesj,SOL,chainabuse:IMPERSONATION,chainabuse_crawl,IMPERSONATION,votes=1;checked=False,2025-02-24
6rtp1gHGQZUH2F1nkWSPivFaE61DVugjx7WUNXKixLps,SOL,chainabuse:IMPERSONATION,chainabuse_crawl,IMPERSONATION,votes=1;checked=False,2025-02-24
CbxBQPe8NEXvchpwu7kaZHixhf9cJocdnXLX5bbkq5dd,SOL,chainabuse:IMPERSONATION,chainabuse_crawl,IMPERSONATION,votes=1;checked=False,2025-02-24
3Tw6DadroK6zovpXRvbCHPXoPGMcXhVG6ypHMb8dgrUZ,SOL,chainabuse:IMPERSONATION,chainabuse_crawl,IMPERSONATION,votes=1;checked=False,2025-02-24
FXpnmePohKqBBfejsuzhvBPvNL78k1NAzSk9YP2TsW1n,SOL,chainabuse:IMPERSONATION,chainabuse_crawl,IMPERSONATION,votes=1;checked=False,2025-02-24
J4BGkVzDSwg6jCX52tQ3BE3PPtNCMLMqVH9gEwLgyiCN,SOL,chainabuse:IMPERSONATION,chainabuse_crawl,IMPERSONATION,votes=1;checked=False,2025-02-24
DHL27U9FmDZLi6sebHqhS9CtDb5MXmdSpaMY6GcWzSuo,SOL,chainabuse:IMPERSONATION,chainabuse_crawl,IMPERSONATION,votes=1;checked=False,2025-02-24
DgVCMuJgNqvbTQT2n8zCzMeMADqV7zZa74q3YipH7CPH,SOL,chainabuse:IMPERSONATION,chainabuse_crawl,IMPERSONATION,votes=1;checked=False,2025-02-24
BZSc9nX35cqwGR8WVmUDrGDtySgnKZC7xV2AajiKdqYW,SOL,chainabuse:IMPERSONATION,chainabuse_crawl,IMPERSONATION,votes=1;checked=False,2025-02-24
7RYijs7asZX8s8KL2DHizxmfreuieSpHSnPaxEzEMGUC,SOL,chainabuse:OTHER_HACK,chainabuse_crawl,OTHER_HACK,votes=1;checked=False,2025-02-23
6DfNLDvhTQH5Fy9c8fgBtuU2fsoySdXrjLbDcnFecwoU,SOL,chainabuse:OTHER+OTHER_HACK,chainabuse_crawl,OTHER|OTHER_HACK,label=Scam;votes=2;checked=False,2025-02-23
78FicxZ9L5XtZW4Vgn9vsYz3V6LV3zGnvy9sL9ZYqBUC,SOL,chainabuse:PHISHING,chainabuse_crawl,PHISHING,votes=1;checked=False,2025-02-23
coBi27TpL3TDBBz8fXssrjsmMd2pYgrymqZSrsEV91D,SOL,chainabuse:OTHER+OTHER_HACK,chainabuse_crawl,OTHER|OTHER_HACK,votes=1;checked=False,2025-02-22
DqubJdTMXTBnGxv5CoKX7QowwTYYPV6LoCgmo9R3vacY,SOL,chainabuse:OTHER_HACK,chainabuse_crawl,OTHER_HACK,votes=0;checked=False,2025-02-22
5STkQy8LQDGc6xJEisdyv99gUYe8uHFnBrXjG295T7Cq,SOL,chainabuse:OTHER_HACK,chainabuse_crawl,OTHER_HACK,votes=0;checked=False,2025-02-22
4oGf1pd9XvWSjVt3DH4WLTukF2oDoEhhcXtahLWu5it6,SOL,chainabuse:OTHER_HACK,chainabuse_crawl,OTHER_HACK,votes=0;checked=False,2025-02-22
128Us5zMeRwMCXCCDxvEo6XsY3zaq55UV3HEuwScBF8c,SOL,chainabuse:OTHER_HACK,chainabuse_crawl,OTHER_HACK,votes=0;checked=False,2025-02-22
E5v26ZCpwyjj1rTBPUGjPnJf8RtF9iPFq14hHDy8xnk,SOL,chainabuse:OTHER_HACK,chainabuse_crawl,OTHER_HACK,votes=0;checked=False,2025-02-22
A7VuXpbzE5Heowje4YDFdUrvz8dsVG4HsBxfN7mD8DCj,SOL,chainabuse:OTHER_HACK,chainabuse_crawl,OTHER_HACK,votes=0;checked=False,2025-02-22
CQtMzkMFes72xVB8bu1KP7xS8TsuY4uGLRTCnfyQnbxs,SOL,chainabuse:OTHER_HACK,chainabuse_crawl,OTHER_HACK,votes=0;checked=False,2025-02-22
8Pyoffd1kSH8XXcoH2UUcewfLUEuENuLG7P8TdtMAMgp,SOL,chainabuse:OTHER_HACK,chainabuse_crawl,OTHER_HACK,votes=0;checked=False,2025-02-22
9dvVGwN5b4Siu8Fd8SAvY6eLGHpi9hTdUdw5FMXLsttD,SOL,chainabuse:OTHER_HACK,chainabuse_crawl,OTHER_HACK,votes=0;checked=False,2025-02-22
BU4VgAFs4T6aCqLBYd8P2PFuq8YdkvV62thNwyzCYpR5,SOL,chainabuse:PHISHING,chainabuse_crawl,PHISHING,votes=1;checked=False,2025-02-22
e6bTzWpuVD5EHYS7UdXAJUrk8b7hky7bTt3B234wgPy,SOL,chainabuse:PHISHING,chainabuse_crawl,PHISHING,votes=1;checked=False,2025-02-22
Fe4ZjWY47iGju1v2AvpaDJAwVmaiQ9JbDSZfj6BuvtBp,SOL,chainabuse:PHISHING,chainabuse_crawl,PHISHING,votes=1;checked=False,2025-02-22
H1z1QPFcsizCtCaRGiagDkcQJ7oaHPLCDznxPCwXvos,SOL,chainabuse:PHISHING,chainabuse_crawl,PHISHING,votes=1;checked=False,2025-02-22
C94ZUNroPkFzrsnVjE6TdE2tUoxwGJirHPp58fEPUoPz,SOL,chainabuse:OTHER,chainabuse_crawl,OTHER,votes=1;checked=False,2025-02-21
4pwAXoZ6r8GQGbUe73sc89tuWPxTvCA9cFXiXMKq8HXC,SOL,chainabuse:PHISHING,chainabuse_crawl,PHISHING,votes=1;checked=False,2025-02-21
EhXQAYrZ6h2EyVFSkAh2iY3oZsJGEBPdYiZPrQ3fkMbE,SOL,chainabuse:IMPERSONATION+PHISHING,chainabuse_crawl,IMPERSONATION|PHISHING,label=LIBRA ;votes=1;checked=False,2025-02-21
427F45UG6PYc3pZrgwtk4zF22fMaovk6U7Gk7E9YoC2c,SOL,chainabuse:IMPERSONATION,chainabuse_crawl,IMPERSONATION,votes=1;checked=False,2025-02-21
DrfQB5Uz25KuTLHpdHHm1BFE93F2UjfwfR2Nduk6QeoD,SOL,chainabuse:IMPERSONATION,chainabuse_crawl,IMPERSONATION,votes=1;checked=False,2025-02-21
EDDSpjZHrsFKYTMJDcBqXAjkLcu9EKdvrQR4XnqsXErH,SOL,chainabuse:IMPERSONATION,chainabuse_crawl,IMPERSONATION,votes=1;checked=False,2025-02-21
6GaYPCu3yeEravzkAK3oxEqHeKXz8wgKiSjXdr2d4iub,SOL,chainabuse:OTHER_HACK,chainabuse_crawl,OTHER_HACK,votes=1;checked=False,2025-02-21
2BuK8LKBTnE4opTLVyLryxqrKJS2rq9ANdfoggVSVBkq,SOL,chainabuse:OTHER_HACK,chainabuse_crawl,OTHER_HACK,votes=1;checked=False,2025-02-20
3ezDRopiKJtFtH9B5cfa11yx8jXCv3DrwEJBuxf1Q9kh,SOL,chainabuse:FAKE_RETURNS,chainabuse_crawl,FAKE_RETURNS,votes=1;checked=False,2025-02-20
CTBsFnnZXhGH4UB3mPzZEEEezygoKRMfvf2jsaSi1ELK,SOL,chainabuse:DONATION_SCAM,chainabuse_crawl,DONATION_SCAM,votes=1;checked=False,2025-02-19
Df5Weuk7i2Vv9k4itgYsHCWshJapUTJT96nCjcqPdC6M,SOL,chainabuse:IMPERSONATION,chainabuse_crawl,IMPERSONATION,votes=1;checked=False,2025-02-19
AftXzYwYztSjk2SzGJHTyfzu8QsyDdn3XnpNcZW94ZSx,SOL,chainabuse:OTHER_HACK,chainabuse_crawl,OTHER_HACK,votes=1;checked=False,2025-02-19
Cz8txEnWUDB2HQ6scWKE3uogU6SDDxPpvGwBXtHHDmyq,SOL,chainabuse:OTHER_HACK,chainabuse_crawl,OTHER_HACK,votes=1;checked=False,2025-02-19
EdwjtxPNnTJqrMtEg7Rd4AtPAptpTTto8kuFboi2eAjv,SOL,chainabuse:OTHER+OTHER_HACK,chainabuse_crawl,OTHER|OTHER_HACK,votes=1;checked=False,2025-02-19
3A5bU1hvPrvt6iL5YmT6VAHArebC7dAgsEzoyroB47xG,SOL,chainabuse:OTHER_HACK,chainabuse_crawl,OTHER_HACK,votes=1;checked=False,2025-02-19
A2djTmxrnF95NbDTXNBSq3xJTqZpEDTPb9vbuwnooEax,SOL,chainabuse:OTHER_HACK,chainabuse_crawl,OTHER_HACK,label=SAME TIME AS MOVEMENT 3;votes=1;checked=False,2025-02-19
CJ4eeQi4mDtkywQvMxXpdUtGfBapSRekFzYii7RRUkpA,SOL,chainabuse:OTHER_HACK,chainabuse_crawl,OTHER_HACK,label=SAME TIME AS MOVEMENT 3;votes=1;checked=False,2025-02-19
5hxDQStHvnyLJwxebfifNNhAii2jxVdTvm51UyPmPoHc,SOL,chainabuse:OTHER_HACK,chainabuse_crawl,OTHER_HACK,label=FINANCED BY;votes=1;checked=False,2025-02-19
D1R1aEoBCQt9QjLCgzn4QV4yrESBz8wi4mWXAC4uZh8L,SOL,chainabuse:OTHER_HACK,chainabuse_crawl,OTHER_HACK,label=FURTHER FINANCED BY;votes=1;checked=False,2025-02-19
ApkntNjY9bNUsqHTVdb57kFHbx5rPwCuM9j6Zk2oxNvr,SOL,chainabuse:OTHER_HACK,chainabuse_crawl,OTHER_HACK,votes=1;checked=False,2025-02-19
4HN2QmZZLY2891he3AvEUT8GEYepWS1jgp5dQBbXiL8S,SOL,chainabuse:OTHER_HACK,chainabuse_crawl,OTHER_HACK,label=FURTHER FINANCED BY;votes=1;checked=False,2025-02-19
32LvDXHbpVVvueJiDtsp97woAKXzDqZrEdHGquDhLrFe,SOL,chainabuse:OTHER_HACK+PHISHING,chainabuse_crawl,OTHER_HACK|PHISHING,label=Connected to Binance;votes=1;checked=False,2025-02-19
BNUfywPJL8cjjeouoMPU2kybiRbXvVZv4MFuWvMKQ6En,SOL,chainabuse:OTHER_HACK,chainabuse_crawl,OTHER_HACK,label=FURTHER FINANCED BY;votes=1;checked=False,2025-02-19
HXfQ9KKbjqFhzftjRMXxSsiFR7KGX9wLKQc5Z9jGUu8L,SOL,chainabuse:OTHER_HACK,chainabuse_crawl,OTHER_HACK,label=FURTHER FINANCED BY;votes=1;checked=False,2025-02-19
7tgJ2nkBYNCjQLErPuLsabW6a3WTRjpX1z9AZnz8QMD6,SOL,chainabuse:OTHER_HACK,chainabuse_crawl,OTHER_HACK,label=FURTHER FINANCED BY;votes=1;checked=False,2025-02-19
B8UsipLqL3ysoXBqPNcw7mjjhPRMsdythXY1uyjVrjv8,SOL,chainabuse:OTHER_HACK,chainabuse_crawl,OTHER_HACK,label=FURTHER FINANCED BY;votes=1;checked=False,2025-02-19
EYLVTPeKvw54Tjfc7L3zPjyGcETgA5CAD4YGjys8f84Q,SOL,chainabuse:OTHER_HACK,chainabuse_crawl,OTHER_HACK,label=FURTHER FINANCED BY;votes=1;checked=False,2025-02-19
9eWmg2zHUHprKDeUy2NUSeAw1oGWiWAWkah9PkHa2mLY,SOL,chainabuse:OTHER_HACK,chainabuse_crawl,OTHER_HACK,label=FINANCED BY;votes=1;checked=False,2025-02-19
4cBygMrEnDdcD4wqnTBV1nR4ccamNLCTnVB5HfHu6bag,SOL,chainabuse:OTHER_HACK,chainabuse_crawl,OTHER_HACK,label=FURTHER FINANCED BY;votes=1;checked=False,2025-02-19
B7MJAuypwz7qpptiVFgUo5f9zDG6dzZVeTgx7jhoqrf6,SOL,chainabuse:OTHER_HACK,chainabuse_crawl,OTHER_HACK,votes=1;checked=False,2025-02-19
JCsVEC4zCBtbt4MxPVafXdgSvSmfh5jVrCAChrgH5Cw9,SOL,chainabuse:OTHER_HACK,chainabuse_crawl,OTHER_HACK,label=FURTHER FINANCED BY;votes=1;checked=False,2025-02-19
4WEjEc32t543mjaog4HJd8cjKxxrSUQ1YBud6s4PeMuN,SOL,chainabuse:OTHER_HACK,chainabuse_crawl,OTHER_HACK,label=binance from here;votes=1;checked=False,2025-02-19
9ZVN8gj1BJcCm3Q6haDjs8X5ZXutCyg7nzvHjjrXDPgW,SOL,chainabuse:OTHER_HACK,chainabuse_crawl,OTHER_HACK,votes=1;checked=False,2025-02-19
CtTghx3ChaypbaCt1e2g8Jprt9NgGSwJVpUfZU5ZzVr,SOL,chainabuse:OTHER_HACK,chainabuse_crawl,OTHER_HACK,votes=1;checked=False,2025-02-19
Fe5kfhb1HYZWs5ubFx36CwVJ2WGTZ3MX23y2aFjL3juW,SOL,chainabuse:PHISHING,chainabuse_crawl,PHISHING,votes=1;checked=False,2025-02-18
EtNpQk5Wm3bkGw4NWt9v6aaUz52V3NQaDQG6FKZHMQYd,SOL,chainabuse:OTHER_HACK,chainabuse_crawl,OTHER_HACK,votes=1;checked=False,2025-02-18
3cEJVpNWMhbVhxriBbRBmpKKUJVR3M7VjQFpGrAkrRbe,SOL,chainabuse:OTHER_HACK,chainabuse_crawl,OTHER_HACK,label=Scammer;votes=1;checked=False,2025-02-18
AWYWhAU1YNMzJNpS7TK9Kg5KA5joXhtptVpKPaQczkJW,SOL,chainabuse:IMPERSONATION,chainabuse_crawl,IMPERSONATION,votes=-1;checked=False,2025-02-18
ArmFbn3LMcWNipssDa2txhmuLNzqgPgE5zU6dsHm7kWd,SOL,chainabuse:OTHER_HACK,chainabuse_crawl,OTHER_HACK,votes=1;checked=False,2025-02-18
BXhkiLXgsHQ9HaxbiSFh8itdym2EJ4Gfd6tjEcMxKzjY,SOL,chainabuse:FAKE_PROJECT,chainabuse_crawl,FAKE_PROJECT,votes=1;checked=False,2025-02-17
HN6svgwbYypE2vDwymsDEWrJJoyUwYLRnKpNv2yNwfZ7,SOL,chainabuse:PHISHING,chainabuse_crawl,PHISHING,votes=1;checked=False,2025-02-16
E84DApQ8TwGnzeEsdL4k2Ya18mGYTEQXu6eon15EiiGn,SOL,chainabuse:PHISHING,chainabuse_crawl,PHISHING,label=Drainer;votes=1;checked=False,2025-02-16
APhyMCpYjQ9RdEBn8cs4ifyBXjxAS5JtM3wYpWMJjsY5,SOL,chainabuse:IMPERSONATION,chainabuse_crawl,IMPERSONATION,label=Phantomjulian3_455;votes=1;checked=False,2025-02-16
Habp5bncMSsBC3vkChyebepym5dcTNRYeg2LVG464E96,SOL,chainabuse:IMPERSONATION+OTHER+OTHER_HACK+RUG_PULL,chainabuse_crawl,IMPERSONATION|OTHER|OTHER_HACK|RUG_PULL,label=Hacker ;votes=2;checked=False,2025-02-16
2GDZxBGkH9vXrnzC3hcSmkbphZ9ZNJvKqeqk79gw7bjw,SOL,chainabuse:IMPERSONATION,chainabuse_crawl,IMPERSONATION,label=Phantomjulian3_455;votes=1;checked=False,2025-02-16
B19n67iTKJL8FHqLit3kMjQfeZ2UKCq33idL9RrvH6dw,SOL,chainabuse:IMPERSONATION,chainabuse_crawl,IMPERSONATION,label=Phantomjulian3_455;votes=1;checked=False,2025-02-16
2j4dxZEYaEqQUEAiCbyGhiLBC7Vb7r7sjgX2ijxFF9S3,SOL,chainabuse:IMPERSONATION,chainabuse_crawl,IMPERSONATION,label=Eclipse0xanmol__;votes=1;checked=False,2025-02-16
CoREENxT6tW1HoK8ypY1SxRMZTcVPm7R94rH4PZNhX7d,SOL,chainabuse:IMPERSONATION,chainabuse_crawl,IMPERSONATION,label=Eclipse0xanmol__;votes=1;checked=False,2025-02-16
6avCSoE9Ap8kymVCvru3gRNVs6Z4GjSNCWFRWuiJhs9i,SOL,chainabuse:IMPERSONATION,chainabuse_crawl,IMPERSONATION,label=Eclipse0xanmol__;votes=1;checked=False,2025-02-16
5geN1cchcZeF66QdQcPZsJ7RzAcUiwJjg2uzNccxjqhU,SOL,chainabuse:IMPERSONATION,chainabuse_crawl,IMPERSONATION,label=Eclipse0xanmol__;votes=1;checked=False,2025-02-16
FfCmyXeSMM8JWhY9fC3Vmn2yzbLa82oU4NHid2ZxMBwq,SOL,chainabuse:IMPERSONATION,chainabuse_crawl,IMPERSONATION,label=Eclipse0xanmol__;votes=1;checked=False,2025-02-16
3YuxKMzDbw8sbVMwXi71CGRcSqzQkSTSU8ytWds3AXuA,SOL,chainabuse:IMPERSONATION,chainabuse_crawl,IMPERSONATION,label=Eclipse0xanmol__;votes=1;checked=False,2025-02-16
D1AJhC3NBGPnAKV94pCcCmPwpbthfiERzJ8aEffqvcxY,SOL,chainabuse:IMPERSONATION,chainabuse_crawl,IMPERSONATION,label=Phantomjulian3_455;votes=1;checked=False,2025-02-16
AZk3iJgbeNctCnqEuG27gxtgY3pwuADNz8dRk6joncqP,SOL,chainabuse:AIRDROP,chainabuse_crawl,AIRDROP,votes=1;checked=False,2025-02-16
GKxgTzuDHE1ZAW66H8nywXs1K46J7HBcqWBJYnrAAdy9,SOL,chainabuse:PHISHING,chainabuse_crawl,PHISHING,votes=1;checked=False,2025-02-16
5pyRzpjG5rjWpa1HiJd99b812dDT2oL8ucPJqpPLVMxv,SOL,chainabuse:IMPERSONATION,chainabuse_crawl,IMPERSONATION,votes=1;checked=False,2025-02-15
9mGsD6A3c7to8BogwZunFkgiHEo9ZfcgEwxw6gE7AVcM,SOL,chainabuse:FAKE_RETURNS,chainabuse_crawl,FAKE_RETURNS,votes=-1;checked=False,2025-02-14
FBEMo6L7BiQTJ44RjcSbzWAuFjhtgsCo8LbAvjxQXZZ6,SOL,chainabuse:FAKE_PROJECT+PHISHING,chainabuse_crawl,FAKE_PROJECT|PHISHING,votes=1;checked=False,2025-02-14
AKXdNCG4GcTQ1knC7kno9bggHuq8MG9CCb8yQd8Nx2vL,SOL,chainabuse:OTHER_HACK,chainabuse_crawl,OTHER_HACK,votes=0;checked=False,2025-02-14
C9vXnZjBgwov2r2t1advX4aSrCqVFYMEQKtNqvGLQFM4,SOL,chainabuse:OTHER_HACK,chainabuse_crawl,OTHER_HACK,votes=1;checked=False,2025-02-14
3fScUwnsYkKRU9eE9YS6dUdF9FBgUMQxVi7uazjWJJpe,SOL,chainabuse:FAKE_RETURNS,chainabuse_crawl,FAKE_RETURNS,votes=1;checked=False,2025-02-14
6QC1dTK6c3cVWVUbiKUsx4a3Kdg82ZYijzU94Ehcod3E,SOL,chainabuse:PHISHING,chainabuse_crawl,PHISHING,votes=1;checked=False,2025-02-14
6jdnpqKT8dNvLGN1ScwTcgFzm1q7TFP72ErLyGoZF8fk,SOL,chainabuse:AIRDROP,chainabuse_crawl,AIRDROP,votes=1;checked=False,2025-02-13
Act8jqirxAyhorGV8Hi8CidPNxghovsw6w2mRvCXNAYV,SOL,chainabuse:IMPERSONATION,chainabuse_crawl,IMPERSONATION,votes=1;checked=False,2025-02-12
GU2GqE9vrYAwqwuUSV4Aj7pKkkdzUwWLxnMuw9Lkm78P,SOL,chainabuse:IMPERSONATION,chainabuse_crawl,IMPERSONATION,votes=1;checked=False,2025-02-12
3GAjfQh5x69h2dULFkeiWoXQ9nw7PtRLNwY6UVZS2aDR,SOL,chainabuse:IMPERSONATION,chainabuse_crawl,IMPERSONATION,votes=1;checked=False,2025-02-12
FCqaBpbFqHXRhuiWdAvc9UFKvoU6JYXbHdoo8tiKGv1Y,SOL,chainabuse:RUG_PULL,chainabuse_crawl,RUG_PULL,votes=1;checked=False,2025-02-12
2AfAhno4z7qXNsVTQqqhK59EaDpBrNjNUuM2wC5TaWT5,SOL,chainabuse:OTHER,chainabuse_crawl,OTHER,label=Scammer's Wallet;votes=1;checked=False,2025-02-11
EaC6VWDFKA9AYWdgy7DmhhQ4fvKzqZJTvvr7p1L5s3RQ,SOL,chainabuse:OTHER,chainabuse_crawl,OTHER,votes=1;checked=False,2025-02-11
9sepM6oRfPk32b9RzYRPKYJTKvNeUi4Bjd7nWm28MCwZ,SOL,chainabuse:PHISHING,chainabuse_crawl,PHISHING,label=CipPhqPUKcMunBVG5Hn3NxPK3;votes=1;checked=False,2025-02-10
C82L6LMdgQ77QnJYpXKMZ8MMMYX47t9zD8C8bPFA3DZv,SOL,chainabuse:AIRDROP,chainabuse_crawl,AIRDROP,votes=1;checked=False,2025-02-10
9tJgzjfGk6mG3ikZE4QNNXeTfHpimDPf4FHehY5xaS7X,SOL,chainabuse:OTHER_HACK,chainabuse_crawl,OTHER_HACK,votes=1;checked=False,2025-02-10
9sPbvwr2Fud3i5q3y3WkDuYBiZpb9c9ra6tokxc32pN1,SOL,chainabuse:OTHER_HACK,chainabuse_crawl,OTHER_HACK,votes=1;checked=False,2025-02-10
FTTAFaUJEHuwCJDiDuP47UxH1Jqa9BtHB87vT4uUvZ9g,SOL,chainabuse:CONTRACT_EXPLOIT,chainabuse_crawl,CONTRACT_EXPLOIT,votes=1;checked=False,2025-02-09
DhxrosmQqfPvdt9g7TCusUAXRM257dF8gBSA2mq7hoBa,SOL,chainabuse:OTHER_HACK,chainabuse_crawl,OTHER_HACK,votes=1;checked=False,2025-02-09
AYYiheZBUVt9Zz3tpAcPAjhowFryEVkhaa2kBdjVQWP8,SOL,chainabuse:OTHER_HACK+PHISHING,chainabuse_crawl,OTHER_HACK|PHISHING,votes=1;checked=False,2025-02-09
BrniUuD1XpgRakfgboA8WF7fZ2w1wktQwKhZvqpHtLxd,SOL,chainabuse:OTHER_HACK,chainabuse_crawl,OTHER_HACK,votes=1;checked=False,2025-02-09
EAiuvaCjoc2wVy2PzULQnKefxzA1ZnjDnbfQ8zn9ujZS,SOL,chainabuse:AIRDROP+OTHER_HACK,chainabuse_crawl,AIRDROP|OTHER_HACK,votes=1;checked=False,2025-02-08
2aHJJnufhzdksxhqDwXFuKhKXNBeZCwhmTtZCGkrko7z,SOL,chainabuse:AIRDROP,chainabuse_crawl,AIRDROP,votes=1;checked=False,2025-02-08
76RLJ6t8q8ovETUUn66zKjptz4Aj1He6veKD4v1GwGDA,SOL,chainabuse:FAKE_PROJECT,chainabuse_crawl,FAKE_PROJECT,votes=1;checked=False,2025-02-07
JfR5zP1qkxynNVC19U8ES83zKziPvjrCQDUsXrnjPR1,SOL,chainabuse:AIRDROP,chainabuse_crawl,AIRDROP,votes=1;checked=False,2025-02-07
Be9RC2UC4GkV97XHe31aEULMXpex5ZbDt1cUGiwZjoEg,SOL,chainabuse:AIRDROP+OTHER+OTHER_HACK,chainabuse_crawl,AIRDROP|OTHER|OTHER_HACK,votes=1;checked=False,2025-02-07
EqcM84g2Kq9id2HscEohjrDFrCKzYF84WL68Bry9RVii,SOL,chainabuse:OTHER_HACK,chainabuse_crawl,OTHER_HACK,votes=1;checked=False,2025-02-07
CPNBtZeKMm4s1iyFMo5e5d5JSyeMx4KjAknbxCVLBrwc,SOL,chainabuse:OTHER_HACK,chainabuse_crawl,OTHER_HACK,votes=1;checked=False,2025-02-07
AGqFV2sXKrXzgSk7KyB3F1E6uyjGoBM9smU58qypvVWL,SOL,chainabuse:AIRDROP,chainabuse_crawl,AIRDROP,votes=1;checked=False,2025-02-07
AchoVkChiKi4x7UejQUncuFJkoXqbCosG6eyomxGLd2q,SOL,chainabuse:OTHER,chainabuse_crawl,OTHER,votes=1;checked=False,2025-02-06
7uye4HVtM13w8SfHYB3QtLdfWXwMs6u1pby2MnwsAiK,SOL,chainabuse:OTHER_HACK,chainabuse_crawl,OTHER_HACK,votes=1;checked=False,2025-02-06
9d68Se8r1EsXV4L1ikrRHFCbZTZp82sKCj4YMPeN3BZC,SOL,chainabuse:OTHER,chainabuse_crawl,OTHER,votes=1;checked=False,2025-02-06
2v3UpLxyrHFfHpcJ3Bqwut12EePG4uwY5cmdvivGz6dM,SOL,chainabuse:AIRDROP,chainabuse_crawl,AIRDROP,votes=1;checked=False,2025-02-05
FR4FwHhHL22y2oqHK3xSGqt9NmP6KWhajZydL4v52BAk,SOL,chainabuse:PHISHING,chainabuse_crawl,PHISHING,votes=1;checked=False,2025-02-05
6HD3Wc5HUHMrbJkBzxhVFSpiHQgn6EHsVYesGmWxoCwD,SOL,chainabuse:PHISHING,chainabuse_crawl,PHISHING,votes=0;checked=False,2025-02-05
ERfY7E4yxtrRFpzGYAT2bvsXQpcizdB7bveNYYSCn6uN,SOL,chainabuse:IMPERSONATION,chainabuse_crawl,IMPERSONATION,votes=1;checked=False,2025-02-05
4FMWP53prczv2cdxUELcXMSBsjFjixpbzVfkXevfYayD,SOL,chainabuse:SIM_SWAP,chainabuse_crawl,SIM_SWAP,votes=1;checked=False,2025-02-05
DhSa9ndpQpHpRUcsjubTtrEqHTYjkXtHVPkoW21jcEzg,SOL,chainabuse:SIM_SWAP,chainabuse_crawl,SIM_SWAP,votes=1;checked=False,2025-02-05
HRS6JqXcFgWrWxaBPjhnThQiWmUMkE3GrYHWR86tbFqR,SOL,chainabuse:PHISHING,chainabuse_crawl,PHISHING,votes=1;checked=False,2025-02-05
EcDtNbTv8sfsgx935RYWEPywkS7mgvQUptqqYLTUAcML,SOL,chainabuse:CONTRACT_EXPLOIT,chainabuse_crawl,CONTRACT_EXPLOIT,votes=1;checked=False,2025-02-04
5oJbyQVS4N5Dix46Je2SY1m9LEaVs3gDAxAvD2D84WXA,SOL,chainabuse:OTHER,chainabuse_crawl,OTHER,votes=1;checked=False,2025-02-04
5eban1KyxzEP4vcMUsFhyCHYGtPNeGiHc7PkRmURtwXa,SOL,chainabuse:OTHER,chainabuse_crawl,OTHER,votes=1;checked=False,2025-02-04
FQpsmZGPncCP3kqSjxKG4Ckzd243MNuxNnLhDeeKuTeF,SOL,chainabuse:OTHER_BLACKMAIL,chainabuse_crawl,OTHER_BLACKMAIL,votes=1;checked=False,2025-02-04
Af1vm9jb1gj4DDxhG9FofBqzLSitrzbWxR7xxECdLhb,SOL,chainabuse:RUG_PULL,chainabuse_crawl,RUG_PULL,votes=1;checked=False,2025-02-04
5n3j9jTLBotnsFYAjmtyJypGg3SWRuSpVRWdJReEYKdT,SOL,chainabuse:RUG_PULL,chainabuse_crawl,RUG_PULL,votes=1;checked=False,2025-02-04
ASx6HfTygQqSqHxDKyjfBfgS6bxcQnNdgqhtLjzyQ18R,SOL,chainabuse:PHISHING,chainabuse_crawl,PHISHING,votes=2;checked=False,2025-02-03
BwYf2AdSVy2gAVF1T3tuzg5Gh7iZKsQuTYQzSTndUBjn,SOL,chainabuse:AIRDROP+IMPERSONATION,chainabuse_crawl,AIRDROP|IMPERSONATION,votes=1;checked=False,2025-02-03
CUukLSktDAqjEcJCEsjauXtTRnQLq7ySFgwagbZZ22nQ,SOL,chainabuse:PHISHING,chainabuse_crawl,PHISHING,votes=1;checked=False,2025-02-03
LRCzz4hgvE1umCybHNGBWk5cndgF5QQcq9uVhxt6Kn3,SOL,chainabuse:PHISHING,chainabuse_crawl,PHISHING,votes=1;checked=False,2025-02-03
AV7XgjLSVfg7a5MzTQETDfV6t1n1MkqmXSABSgbrweSJ,SOL,chainabuse:AIRDROP,chainabuse_crawl,AIRDROP,votes=1;checked=False,2025-02-03
osmo1ap3e85e9tx4umy9w4s559yegzs7y4wcjt7s3eu,SOL,chainabuse:PHISHING,chainabuse_crawl,PHISHING,label=OSMOSIS NETWORK;votes=1;checked=False,2025-02-03
25mYnjJ2MXHZH6NvTTdA63JvjgRVcuiaj6MRiEQNs1Dq,SOL,chainabuse:PHISHING+RUG_PULL,chainabuse_crawl,PHISHING|RUG_PULL,label=Wallet 2;votes=1;checked=False,2025-02-03
Ef7FJeLRoySiFZC3DfVoFgdUbxU2UpW7sWYVUSVi4hEK,SOL,chainabuse:OTHER_HACK,chainabuse_crawl,OTHER_HACK,votes=1;checked=False,2025-02-01
97UQvPXbadGSsVaGuJCBLRm3Mkm7A5DVJ2HktRzrnDTB,SOL,chainabuse:PHISHING,chainabuse_crawl,PHISHING,votes=1;checked=False,2025-02-01
f1TzyBxzMY1SjbDRyHvKjstk4JVcb3srXc3Y9fkhM8F,SOL,chainabuse:OTHER_HACK,chainabuse_crawl,OTHER_HACK,votes=1;checked=False,2025-02-01
GDV5y9h1rifiMkSWRtNhe3Brrda1h9khRgV4TQxbsQvB,SOL,chainabuse:OTHER_HACK,chainabuse_crawl,OTHER_HACK,votes=1;checked=False,2025-02-01
HsCYLdnX2M412GjkhhLhc5zgMbssDZvpfA4rJ6BsAd5E,SOL,chainabuse:PHISHING,chainabuse_crawl,PHISHING,votes=1;checked=False,2025-02-01
4vRmckRfZ6xGkt4eApDfpPpRVvtBSS2mRcrt5DTayBEQ,SOL,chainabuse:OTHER_HACK,chainabuse_crawl,OTHER_HACK,votes=1;checked=False,2025-02-01
4guVwpkBCD1NErj3Ag3nbBt6mkS1Kv3FHXSnGu4SkJ7X,SOL,chainabuse:PHISHING,chainabuse_crawl,PHISHING,votes=1;checked=False,2025-02-01
GvNh996goDgcmsVtEfUsPscJUEqJzZRP7aNruXuXd6xc,SOL,chainabuse:PHISHING,chainabuse_crawl,PHISHING,votes=1;checked=False,2025-02-01
EzuXqpdCvModRhSMGfSNFLBaNpGQpw9rJpaMm1WzYy3R,SOL,chainabuse:OTHER_HACK,chainabuse_crawl,OTHER_HACK,votes=1;checked=False,2025-01-31
7r9rqThn1xthZUgLv4kZQ1c1FYAbvp21rzityBvtL5mk,SOL,chainabuse:OTHER_HACK,chainabuse_crawl,OTHER_HACK,votes=1;checked=False,2025-01-31
4UqZhyrQgBEnTbD24N1LuPmzLasH8acdjkEEd4XpvDVS,SOL,chainabuse:OTHER_HACK,chainabuse_crawl,OTHER_HACK,votes=1;checked=False,2025-01-31
9Z3LKxapvQcjcSa2qApQhTdgfU4HgVdQX5WWx9mxuJfy,SOL,chainabuse:OTHER_HACK,chainabuse_crawl,OTHER_HACK,votes=1;checked=False,2025-01-31
AAxjPUDapHmsWQcoNtyxEw16HaumQPSwo89rAL6JcPvp,SOL,chainabuse:PHISHING,chainabuse_crawl,PHISHING,votes=1;checked=False,2025-01-31
BSMwvRG8rw5oTrqPyDoN8yk6B1xdFE6TkeK15YBjqhgb,SOL,chainabuse:OTHER_HACK,chainabuse_crawl,OTHER_HACK,votes=1;checked=False,2025-01-31
BHHaQHdqhepQcvxz4DZtkG78MYLgUMaiTzqpdiALSaBQ,SOL,chainabuse:SEXTORTION,chainabuse_crawl,SEXTORTION,votes=1;checked=False,2025-01-31
GMCTrCS8V7iNUMXApn2jEwqivkVGZSRr44VLScx1WxS,SOL,chainabuse:PHISHING,chainabuse_crawl,PHISHING,votes=1;checked=False,2025-01-30
5iKJfpQ5aLg2yjiaNpyFtiyfcJ3hgcMuHGqdFt1UMXM8,SOL,chainabuse:AIRDROP,chainabuse_crawl,AIRDROP,votes=1;checked=False,2025-01-30
6q4qEHkKmsSU6XCoTz2E2A9DNunUmnJ54LirT1TuVCoA,SOL,chainabuse:OTHER_HACK+PHISHING,chainabuse_crawl,OTHER_HACK|PHISHING,votes=1;checked=False,2025-01-30
5Hr7wZg7oBpVhH5nngRqzr5W7ZFUfCsfEhbziZJak7fr,SOL,chainabuse:OTHER_HACK,chainabuse_crawl,OTHER_HACK,votes=0;checked=False,2025-01-30
fLiPgg2yTvmgfhiPkKriAHkDmmXGP6CdeFX9UF5o7Zc,SOL,chainabuse:AIRDROP+IMPERSONATION+OTHER_HACK+RUG_PULL,chainabuse_crawl,AIRDROP|IMPERSONATION|OTHER_HACK|RUG_PULL,votes=1;checked=False,2025-01-30
pigVv65eXGHGXdcZHQCR8iDpqdAeccpEqgCifxuyGQt,SOL,chainabuse:OTHER_HACK,chainabuse_crawl,OTHER_HACK,votes=0;checked=False,2025-01-30
CKTgX8muXvV5xJFGinDUc45RkVXQAFsZHsGKTERZneyo,SOL,chainabuse:OTHER_HACK,chainabuse_crawl,OTHER_HACK,votes=0;checked=False,2025-01-30
G2UrNfnFMYrhHLYXs5u6C8cKP8fydPLmECUow4U9AkQ7,SOL,chainabuse:OTHER_HACK,chainabuse_crawl,OTHER_HACK,votes=0;checked=False,2025-01-30
CLAiMtZ6Up7LVVq6TGQwog2zZMoZDRWk11NWn989yHKz,SOL,chainabuse:OTHER_HACK,chainabuse_crawl,OTHER_HACK,votes=0;checked=False,2025-01-30
4mHzuSmuFw6Xay1NuPQywLr33zo1fJtT14Mn99t8P1r9,SOL,chainabuse:PHISHING,chainabuse_crawl,PHISHING,votes=1;checked=False,2025-01-30
GESGdmJRcPsUvJpXTigTLAcrYq3uRZbDeExLTszDFteN,SOL,chainabuse:OTHER_HACK,chainabuse_crawl,OTHER_HACK,votes=1;checked=False,2025-01-29
3UAZrhGrcCitUfkaqBCiCR5Q45CYAbSvVJZuAp8ZQBxj,SOL,chainabuse:AIRDROP+CONTRACT_EXPLOIT+OTHER_HACK,chainabuse_crawl,AIRDROP|CONTRACT_EXPLOIT|OTHER_HACK,votes=1;checked=False,2025-01-29
ChQr1kbDBPzX6mSEgUY6cMZztagTsSxSyvKrxPpBjpFG,SOL,chainabuse:OTHER_HACK,chainabuse_crawl,OTHER_HACK,votes=1;checked=False,2025-01-29
25CSTHmc2LDWbG7N1qNM9EDtXjDw8JyaiZLVyyPkVUYL,SOL,chainabuse:PHISHING,chainabuse_crawl,PHISHING,label=ARBI BOT;votes=1;checked=False,2025-01-29
3EpDCmiUjcHFj2CQpNdddyk9JK7z3R18E3A7wEnVH6tr,SOL,chainabuse:OTHER_HACK,chainabuse_crawl,OTHER_HACK,votes=1;checked=False,2025-01-28
GfrVGa2CSVRfRqnFEHKfYwrzhcU7M9aUxAJHWLejZcRH,SOL,chainabuse:OTHER_HACK,chainabuse_crawl,OTHER_HACK,votes=1;checked=False,2025-01-28
57e5a2iECVkqEdkR2DdgyMfbct9uc8vQ334f8KZkxgZg,SOL,chainabuse:RUG_PULL,chainabuse_crawl,RUG_PULL,votes=1;checked=False,2025-01-28
HbWsqZakQJtxLUDVGPwSwxTTq3ApEDwoUZ7fcVURUKpj,SOL,chainabuse:OTHER_HACK,chainabuse_crawl,OTHER_HACK,votes=1;checked=False,2025-01-27
9BKMis3AGPRV17pRpEqtA7sQEyjk9XSrm1wFxrhfaGif,SOL,chainabuse:RUG_PULL,chainabuse_crawl,RUG_PULL,votes=1;checked=False,2025-01-26
G5gXJZuiEfrmbiCBenfB5Go9M7snF72oXFug74DBdzQp,SOL,chainabuse:PHISHING,chainabuse_crawl,PHISHING,votes=1;checked=False,2025-01-26
5XWGvnVB1CDeN1Y1iRdETXUMRYytc9BJvNoHw3NQGcSV,SOL,chainabuse:PHISHING,chainabuse_crawl,PHISHING,votes=1;checked=False,2025-01-26
8P7hvnKFR7SJ4iJVE1azwoAdp8nJkkro58RBZvDGa4g9,SOL,chainabuse:OTHER_HACK,chainabuse_crawl,OTHER_HACK,votes=1;checked=False,2025-01-26
9L3mC2mJ2RKZXBRMvwNNuU26ydCftxU8J2wufUD3Nnyy,SOL,chainabuse:OTHER,chainabuse_crawl,OTHER,label=Scammers address;votes=1;checked=False,2025-01-26
CPCWM9tB4HFgm3xpAT1sP8Z4zJDrb3H9Qy2qjeqeeXw6,SOL,chainabuse:OTHER_HACK,chainabuse_crawl,OTHER_HACK,votes=1;checked=False,2025-01-26
J6TMacgK7Z8Tw96MjvuvpjprhTYT7U1BgmcUHUHqUN3b,SOL,chainabuse:OTHER,chainabuse_crawl,OTHER,votes=1;checked=False,2025-01-26
4EFrvYaUH4DafDuz8MrthWPdg1ZmgEkTeSpHWwinNAHB,SOL,chainabuse:FAKE_RETURNS,chainabuse_crawl,FAKE_RETURNS,votes=1;checked=False,2025-01-26
3dzmwmpwWAfqZr5bkR9y6LXzJc2PPL7oGwqWvaAw7sTc,SOL,chainabuse:PHISHING,chainabuse_crawl,PHISHING,votes=1;checked=False,2025-01-26
EtkAEGhjd1AqB1G7J6Ffby7ohDgVdt3pEva6yTwgmqF4,SOL,chainabuse:OTHER,chainabuse_crawl,OTHER,votes=1;checked=False,2025-01-25
G3qWpjwmx96NQPpp8rwrw4Q1pDgxLqP2t9p9GAPFSm3u,SOL,chainabuse:PHISHING+RANSOMWARE,chainabuse_crawl,PHISHING|RANSOMWARE,label=Wallet 1;votes=1;checked=False,2025-01-25
4UYkcBUSY9VSW5p8tgJoVshSuUpFevH8vRmBQbLLFhFc,SOL,chainabuse:OTHER_HACK,chainabuse_crawl,OTHER_HACK,votes=1;checked=False,2025-01-25
2AWYu12aM1cr5V4Lsn5mMPJpoSTaajt1JfWmA5LJ8Ltz,SOL,chainabuse:AIRDROP+DONATION_SCAM,chainabuse_crawl,AIRDROP|DONATION_SCAM,votes=1;checked=False,2025-01-25
Dfjjy7wGtiM8Hqde21raSMtFeH7N7btfDqNNQNwrjfiV,SOL,chainabuse:OTHER_HACK,chainabuse_crawl,OTHER_HACK,votes=1;checked=False,2025-01-25
Ej8J9LgS5hpVEem4qAgHBNWFYFchy4XAUiejsDaGnmGK,SOL,chainabuse:OTHER_HACK,chainabuse_crawl,OTHER_HACK,votes=1;checked=False,2025-01-25
7jbQL2QZwT1v5jwPrv3qj8gqDwKByXduX1qVmggJSGtL,SOL,chainabuse:PHISHING,chainabuse_crawl,PHISHING,votes=1;checked=False,2025-01-25
FxBbG4WX1kZm6YaL6SrpNTvarrQGrRDn1u2ydvjeW4Tq,SOL,chainabuse:PHISHING,chainabuse_crawl,PHISHING,votes=1;checked=False,2025-01-25
4QXmLC3NyMyzRiLbYb18U7gMqqtFgYbRkLyFc6s2hp3S,SOL,chainabuse:FAKE_RETURNS,chainabuse_crawl,FAKE_RETURNS,votes=1;checked=False,2025-01-25
5NMb8wA8Ein6cTz4MmmZtcfHRT3idUWC2pQGv1VrZ1z7,SOL,chainabuse:AIRDROP+PHISHING,chainabuse_crawl,AIRDROP|PHISHING,votes=1;checked=False,2025-01-25
AturjjkRXq93HxdUQP1fQTvSCGPQAd6aL8gz85hV3dzq,SOL,chainabuse:IMPERSONATION,chainabuse_crawl,IMPERSONATION,votes=1;checked=False,2025-01-25
5UPgzPDtWFgmwoLby2ymHcpaUYirzy8Jz4aHioqj12Ge,SOL,chainabuse:IMPERSONATION,chainabuse_crawl,IMPERSONATION,votes=1;checked=False,2025-01-25
7kCL2HxbcvoVvJaF7awjznm36CkPbz11mKk9wn6oySQQ,SOL,chainabuse:AIRDROP+CONTRACT_EXPLOIT+OTHER_HACK,chainabuse_crawl,AIRDROP|CONTRACT_EXPLOIT|OTHER_HACK,votes=1;checked=False,2025-01-25
Cmbv8HXQzr2wV19P4S8TPpag1b8bpkiJPihHf9Lnjno7,SOL,chainabuse:FAKE_RETURNS,chainabuse_crawl,FAKE_RETURNS,votes=1;checked=False,2025-01-24
HFEVqaMi9sX2wVVusfA9vtQPgDqBFjXWB1TWLqkRebre,SOL,chainabuse:OTHER,chainabuse_crawl,OTHER,votes=1;checked=False,2025-01-24
HeUDGoybBcJxMRd5DBThzA9apPQW4vvKFRAfigJz3CKG,SOL,chainabuse:RUG_PULL,chainabuse_crawl,RUG_PULL,votes=1;checked=False,2025-01-24
JD9Gd88p8mP5c7eAF8eQ5BdouSaMczydFBx9MeLnV6ec,SOL,chainabuse:IMPERSONATION,chainabuse_crawl,IMPERSONATION,votes=1;checked=False,2025-01-23
Di2DqDkFTHvXk97cPfczoe4GrDEJNE31pNKNTXTPpojk,SOL,chainabuse:PIGBUTCHERING,chainabuse_crawl,PIGBUTCHERING,label=884 Sol;votes=1;checked=False,2025-01-23
7grxFmt2hcTdXkbhDaKDcSxLrgUK7hkW19HVTTP7c8bf,SOL,chainabuse:PIGBUTCHERING,chainabuse_crawl,PIGBUTCHERING,label=383 Sol;votes=1;checked=False,2025-01-23
EqJwfkDVN6eeUscYQtRTK1tCtR2dpZRNid3kB9n86EHu,SOL,chainabuse:PIGBUTCHERING,chainabuse_crawl,PIGBUTCHERING,votes=1;checked=False,2025-01-23
BfP2dBiHbiqYvsmESsgHEL8wQtZt25sbDNKnwmNRB34G,SOL,chainabuse:OTHER_HACK+PIGBUTCHERING,chainabuse_crawl,OTHER_HACK|PIGBUTCHERING,votes=1;checked=False,2025-01-23
28mM74NFMxeTvgw7EfgVQVE35XJxintZTVEvWtaKyEbG,SOL,chainabuse:PIGBUTCHERING,chainabuse_crawl,PIGBUTCHERING,votes=1;checked=False,2025-01-23
3qJwxTR7jE6RSFUVQkViWtxwgvYwLVkLft2XsWoDHrxm,SOL,chainabuse:PIGBUTCHERING,chainabuse_crawl,PIGBUTCHERING,votes=1;checked=False,2025-01-23
9NLj33uZr546UZDoCLzAyRBpdJUDq26ZKeTtxtYm4USB,SOL,chainabuse:OTHER_HACK,chainabuse_crawl,OTHER_HACK,votes=1;checked=False,2025-01-23
8S6Ujn7EHCw6kyq6ZBmgMAQpig18hVKuJGp2AMHFTLX,SOL,chainabuse:OTHER_HACK,chainabuse_crawl,OTHER_HACK,votes=1;checked=False,2025-01-23
89HcEk4ECBYDHvrt96rJfbSD8o7Qc5EZG5BJfKHtC1Te,SOL,chainabuse:PHISHING,chainabuse_crawl,PHISHING,votes=-1;checked=False,2025-01-23
6X66NMmkU1cnY3uG9LbnD1jspfr5TFiQ45SpuakYNV4y,SOL,chainabuse:OTHER_HACK,chainabuse_crawl,OTHER_HACK,votes=1;checked=False,2025-01-23
EGMyDEPA18jCb47jmWXZsYLpLi4nGnWpfdVScpk4cwAZ,SOL,chainabuse:OTHER_HACK,chainabuse_crawl,OTHER_HACK,votes=1;checked=False,2025-01-23
BsFC9fJCoJrtxu98n6hvYz98ZWXNEPyxiA3B9NyDvner,SOL,chainabuse:OTHER_HACK,chainabuse_crawl,OTHER_HACK,votes=1;checked=False,2025-01-23
GesXXhfSKt4Pt8uEmv4k9sCqmBaZUQJx8diYtsxY3ybi,SOL,chainabuse:AIRDROP+PHISHING,chainabuse_crawl,AIRDROP|PHISHING,votes=1;checked=False,2025-01-22
7qKnr3JAHWpb6eG2i9PBeNZjMFi77h1kHn3nWw6syo8Y,SOL,chainabuse:AIRDROP+OTHER,chainabuse_crawl,AIRDROP|OTHER,votes=1;checked=False,2025-01-22
Aj25wGX4aSco2Xtk1TobKoKVcftMn6J5bM7h8vyWJEWi,SOL,chainabuse:PHISHING,chainabuse_crawl,PHISHING,votes=1;checked=False,2025-01-22
6LYsaMDo6LPBZUQCgSQw799xBmbDSCkmBJy4uYjvu4sb,SOL,chainabuse:OTHER_HACK,chainabuse_crawl,OTHER_HACK,votes=1;checked=False,2025-01-22
B17mkugX7fooLnjjTHkaiAnnRyA6FPo2KvbtAqov1Vnd,SOL,chainabuse:OTHER_HACK,chainabuse_crawl,OTHER_HACK,votes=1;checked=False,2025-01-22
T5HcwEFUeey4w48JnSPzWdr7cegSX8QoAyyj5rYvMhQ,SOL,chainabuse:OTHER_HACK,chainabuse_crawl,OTHER_HACK,votes=1;checked=False,2025-01-22
2F7uTq8kucjPzkhhXTFfMU1uxCVMXd8c75uYLu3gjC1U,SOL,chainabuse:AIRDROP+PHISHING,chainabuse_crawl,AIRDROP|PHISHING,votes=1;checked=False,2025-01-22
DRK9UEYqWXQSbPqvFZSDyUCTb6QgGjLozF5EX5a9c1Ju,SOL,chainabuse:PHISHING,chainabuse_crawl,PHISHING,votes=1;checked=False,2025-01-22
C69tEBKH2vZowEDzdM3ug9bapnFT5qSanwSXdyqFKDxD,SOL,chainabuse:OTHER_HACK,chainabuse_crawl,OTHER_HACK,votes=1;checked=False,2025-01-21
Ek5VPHCWWk6eZKDSmWFaSppmteB4WpVrxWVcyTiA97fS,SOL,chainabuse:AIRDROP,chainabuse_crawl,AIRDROP,votes=1;checked=False,2025-01-21
35Ujgaak8jcQEuVp4N28qRNzoYDgUfNxZa8LFGkYgW8H,SOL,chainabuse:AIRDROP,chainabuse_crawl,AIRDROP,votes=1;checked=False,2025-01-21
CJeGvZFscHtbyJ6nfA6nZH1Gd8ZPqqi44VnKEiSbuGxz,SOL,chainabuse:OTHER,chainabuse_crawl,OTHER,votes=1;checked=False,2025-01-21
D4NjkapS9UNzcAdLM5sXF4tetpJphDHf4Rz7FYtaFCk8,SOL,chainabuse:PHISHING,chainabuse_crawl,PHISHING,votes=1;checked=False,2025-01-21
4zV5ksHQ22qAe4mrbsGEDcRF3bEfVRAsjarmDUsdeHHR,SOL,chainabuse:OTHER_HACK,chainabuse_crawl,OTHER_HACK,votes=1;checked=False,2025-01-21
FnU9FkCK44tJVPtahS8DgyVrb4TCTRqocR2CR88H7dt,SOL,chainabuse:PHISHING,chainabuse_crawl,PHISHING,votes=1;checked=False,2025-01-21
7utEnYPKNcGMn17ufLoxxVneGEkuyd7ey64ASjGkqhuu,SOL,chainabuse:PHISHING,chainabuse_crawl,PHISHING,votes=1;checked=False,2025-01-21
6KX9iiLFBcwfjq3uMqeeMukaMZt5rQYTsbZZTnxbzsz6,SOL,chainabuse:PHISHING,chainabuse_crawl,PHISHING,votes=1;checked=False,2025-01-21
E937gyFmJm2MNGSkL2yWbRGzwf7VRJ3cdmZqMkaLFHqE,SOL,chainabuse:OTHER_HACK,chainabuse_crawl,OTHER_HACK,votes=1;checked=False,2025-01-21
At3VW8sysyhBnAiG9CN5TnESGDHo7nFeSVqRGsVXtfaT,SOL,chainabuse:IMPERSONATION,chainabuse_crawl,IMPERSONATION,votes=1;checked=False,2025-01-20
ECY31gWwxy4s2VnMkYhmqDkrV75KrwR2yTtsnrnSpump,SOL,chainabuse:RUG_PULL,chainabuse_crawl,RUG_PULL,votes=1;checked=False,2025-01-20
FW7aAw92HWnWrUmGe4HHrdHjqshQ2CnyFMqBkSDnpump,SOL,chainabuse:RUG_PULL,chainabuse_crawl,RUG_PULL,votes=1;checked=False,2025-01-20
2Uw2HsBmg66hmYU57A4hYS9j8cxCQ4Wp2w8euoH8pump,SOL,chainabuse:RUG_PULL,chainabuse_crawl,RUG_PULL,votes=1;checked=False,2025-01-20
FkhDua761MF8oDXEfiCKsmMm2v45aFNZCTnKVtrLpump,SOL,chainabuse:RUG_PULL,chainabuse_crawl,RUG_PULL,votes=1;checked=False,2025-01-20
FteEuM1LBsvsrQKWy8TpkAMWUkbL2Q9KrgPtpos6pump,SOL,chainabuse:RUG_PULL,chainabuse_crawl,RUG_PULL,votes=1;checked=False,2025-01-20
EdaURE3eSrHokTvhPVCoM7VYgmBgxXoUhTd1c9XPTSnf,SOL,chainabuse:RUG_PULL,chainabuse_crawl,RUG_PULL,votes=1;checked=False,2025-01-20
3z4ZkY9yQ67ww2YsHYZQZQ49nhtTvCHrPLyEwqMPWH1K,SOL,chainabuse:AIRDROP,chainabuse_crawl,AIRDROP,votes=1;checked=False,2025-01-20
5m8MXmryTMHGUsNCXaoqcsWKmJpnxrNsxzTzQDW3AWhr,SOL,chainabuse:OTHER_HACK,chainabuse_crawl,OTHER_HACK,label=Wallet A that he transfer;votes=1;checked=False,2025-01-20
8jhYko4ex8GGzTH4HGtbdDpa3S3RavCUXF8eKeiUo2Kq,SOL,chainabuse:OTHER_HACK,chainabuse_crawl,OTHER_HACK,label=Wallet B that he transfer;votes=1;checked=False,2025-01-20
JCuqiwkNxcXv3UGR7PpT4gseGWfEw2gLJDGtwuJ4hGbT,SOL,chainabuse:OTHER_HACK,chainabuse_crawl,OTHER_HACK,label=Wallet C that he transfer;votes=1;checked=False,2025-01-20
MfDuWeqSHEqTFVYZ7LoexgAK9dxk7cy4DFJWjWMGVWa,SOL,chainabuse:AIRDROP,chainabuse_crawl,AIRDROP,votes=1;checked=False,2025-01-20
4E59KE12siECFptaFDYvUHjhqD5H6k64csmGzAFVSKGm,SOL,chainabuse:PHISHING,chainabuse_crawl,PHISHING,votes=1;checked=False,2025-01-20
9FA2owtxjwCUzXG1mogYgMj9koYMYoNbYtfnRV9zWSRh,SOL,chainabuse:AIRDROP,chainabuse_crawl,AIRDROP,votes=1;checked=False,2025-01-20
Bs8V5oo9AoTqrebNq2n78WgCgxJqsRpAeicPawDeu5EZ,SOL,chainabuse:PHISHING,chainabuse_crawl,PHISHING,votes=1;checked=False,2025-01-19
A7DpHGFEcVS9tTYJ6huU1MQGpn2ZJfAhFS4aN5NuFt2i,SOL,chainabuse:OTHER_HACK,chainabuse_crawl,OTHER_HACK,label=Scammer;votes=1;checked=False,2025-01-19
Ew4JoKrkAAGqxZJ3Xi7CZ3BWw81ErcrGfwdu4mhhUpUR,SOL,chainabuse:OTHER_HACK,chainabuse_crawl,OTHER_HACK,votes=1;checked=False,2025-01-19
AWCmM6kLTxPVEaAX1AGwDvaJpoFhbnRgA5zmJyqxoiBd,SOL,chainabuse:PHISHING,chainabuse_crawl,PHISHING,votes=1;checked=False,2025-01-18
37JtSxniMupL4g4d6o6WaV8KNGPuedesaqhqvVQHQRBQ,SOL,chainabuse:PHISHING,chainabuse_crawl,PHISHING,votes=1;checked=False,2025-01-18
CdUqz5G3mRJxjo6UjtcNhbAJzqTgMKukshwwWYWREuar,SOL,chainabuse:PHISHING,chainabuse_crawl,PHISHING,votes=1;checked=False,2025-01-17
fWWXu5gcKWd9VKeaoW3CYRN9PjXpB7coB4k1DZE9vfL,SOL,chainabuse:FAKE_PROJECT,chainabuse_crawl,FAKE_PROJECT,votes=1;checked=False,2025-01-17
DWiocR2bgtMMcijVLCbigTaEGvFktorCaNUhh7jyoGKP,SOL,chainabuse:RUG_PULL,chainabuse_crawl,RUG_PULL,votes=1;checked=False,2025-01-17
8o659Y2HK2LVqFzJfPkqedGRm3tqAe6UwiaRmqLcCqDn,SOL,chainabuse:PHISHING,chainabuse_crawl,PHISHING,votes=1;checked=False,2025-01-17
7q51dEeKanHoiz19Yd82oy6zsHHvXJh5pUyM5QS5m428,SOL,chainabuse:OTHER_HACK,chainabuse_crawl,OTHER_HACK,votes=1;checked=False,2025-01-17
9Vfh2xL2jtAgf4P9S3vxgi9ChviTHyaV5vvSfTnPGdLY,SOL,chainabuse:FAKE_RETURNS,chainabuse_crawl,FAKE_RETURNS,label=Bitget;votes=1;checked=False,2025-01-16
7enY91D3qApDrTwdF87CnrRoMjYFEU6Xpc7mLvjMMBEN,SOL,chainabuse:AIRDROP,chainabuse_crawl,AIRDROP,votes=1;checked=False,2025-01-15
3niyKSGTxSEY4FNJe8iW8J9q3gw9AjBRbzFmz82g1rHu,SOL,chainabuse:OTHER,chainabuse_crawl,OTHER,votes=1;checked=False,2025-01-15
7HdZJzZV1Va6H2KvyYCym6q7j5BmEdHz7ikUkdNfuGcz,SOL,chainabuse:AIRDROP+FAKE_PROJECT+OTHER+OTHER_HACK+PHISHING,chainabuse_crawl,AIRDROP|FAKE_PROJECT|OTHER|OTHER_HACK|PHISHING,votes=1;checked=False,2025-01-14
DCRoFBZYXarz83nZ2ic4jJKk1mPjadAocQ8HgBb2MPz6,SOL,chainabuse:OTHER_HACK,chainabuse_crawl,OTHER_HACK,votes=1;checked=False,2025-01-14
E7o2AEHWSB19u2zB2XgBAEHDWgC6Ya8wa75o6qARxHUA,SOL,chainabuse:IMPERSONATION,chainabuse_crawl,IMPERSONATION,votes=1;checked=False,2025-01-13
3ksZvaFjTVdZKz9VJRtq1CGwP7xidNPWKyt5JFg5V5Ec,SOL,chainabuse:PHISHING,chainabuse_crawl,PHISHING,votes=1;checked=False,2025-01-12
EGcRYSn6PtQCGkbey1NcHPa6nK5kDGYkpG8KXBabqjUZ,SOL,chainabuse:OTHER_HACK,chainabuse_crawl,OTHER_HACK,votes=0;checked=False,2025-01-12
EegthnqJAgd14tR4yxp5oVj2uzyA8HaMvnMouWPezvEu,SOL,chainabuse:OTHER_HACK,chainabuse_crawl,OTHER_HACK,votes=0;checked=False,2025-01-12
5N56ALe2WfrnLUR7QnfvhWyu4MZ1CzsbijzuJzHwmJ1h,SOL,chainabuse:IMPERSONATION,chainabuse_crawl,IMPERSONATION,votes=1;checked=False,2025-01-11
66Zk8jGC77A2ZpRVDzoAbnSh26WbGGogJnUC5VHcnXUy,SOL,chainabuse:IMPERSONATION,chainabuse_crawl,IMPERSONATION,votes=1;checked=False,2025-01-11
3sdh9864DyF3NBeVZftAjB5SKQwdwMhzXpRbGhdDtgEp,SOL,chainabuse:PHISHING,chainabuse_crawl,PHISHING,votes=1;checked=False,2025-01-10
CLAiMQdJ5oufDVqqzJEHNJMwXffRQM4NxEBpATtf8aXN,SOL,chainabuse:PHISHING,chainabuse_crawl,PHISHING,votes=1;checked=False,2025-01-10
CzjPvVZPyiho4eP56ziY32inkRvZxaESPZxSpCX7Qyai,SOL,chainabuse:FAKE_RETURNS,chainabuse_crawl,FAKE_RETURNS,votes=0;checked=False,2025-01-10
E4fBTUZZ6iHRvMasUHLDvGBxVD4yt1xegytcWK3Sq2r9,SOL,chainabuse:PHISHING,chainabuse_crawl,PHISHING,votes=1;checked=False,2025-01-09
6DvN2wDHpzRX1oMh6JGQyi1CrNQ3HQpPuV1hVg1C9GRw,SOL,chainabuse:OTHER_HACK,chainabuse_crawl,OTHER_HACK,label=stolen funds sent to;votes=1;checked=False,2025-01-08
AqVyjNfb669ZotpBiUsA1x3ra3dc3KduuBngEQw18StW,SOL,chainabuse:RUG_PULL,chainabuse_crawl,RUG_PULL,votes=1;checked=False,2025-01-08
31zhq6VwEuAWdf4B8TyS963sT7af3Nj5yXc7X1zdhtYb,SOL,chainabuse:FAKE_RETURNS,chainabuse_crawl,FAKE_RETURNS,votes=1;checked=False,2025-01-08
HjkVsDuhfURgL73iGgXntTRrar9Be5XhBix1jU4vFBsQ,SOL,chainabuse:FAKE_PROJECT,chainabuse_crawl,FAKE_PROJECT,votes=1;checked=False,2025-01-07
7Kdpa9RVGYTG39KzFGQUdmbsLEHkB3k2dgxCgNUvrYLD,SOL,chainabuse:PHISHING,chainabuse_crawl,PHISHING,votes=1;checked=False,2025-01-07
4oS78GPe66RqBduuAeiMFANf27FpmgXNwokZ3ocN4z1B,SOL,chainabuse:OTHER_HACK+PHISHING,chainabuse_crawl,OTHER_HACK|PHISHING,votes=1;checked=False,2025-01-06
CYfPWVZutnMhoJcax6yXEuutkw4tL399jrD8D5KE7uEz,SOL,chainabuse:RUG_PULL,chainabuse_crawl,RUG_PULL,votes=1;checked=False,2025-01-06
4uwd6gCz4VK6zeJBg9q6Abk7gNtnPbYMCCfe4oS8PafP,SOL,chainabuse:OTHER_HACK,chainabuse_crawl,OTHER_HACK,votes=1;checked=False,2025-01-06
Be8Sedatjc4Ckhd5hRN5JMYiJDc8WjxSuyBo7P3qVe7P,SOL,chainabuse:PHISHING,chainabuse_crawl,PHISHING,votes=1;checked=False,2025-01-06
GcenUBZG6rnDPinTYY5avwKQpvz4CUxCzzhnzn1x7BZg,SOL,chainabuse:FAKE_RETURNS,chainabuse_crawl,FAKE_RETURNS,votes=1;checked=False,2025-01-06
GBCmP7BSzwLdy2oHpSNdJURveVjVb8LEsTgv2MAxzgfL,SOL,chainabuse:OTHER,chainabuse_crawl,OTHER,label=Scammer;votes=1;checked=False,2025-01-05
3YmNRhwee21JAxZ2d5MDLDdA1ZbTKhS4vMJat3uUoqev,SOL,chainabuse:OTHER,chainabuse_crawl,OTHER,label=2nd Wallet;votes=1;checked=False,2025-01-05
ob2htHLoCu2P6tX7RrNVtiG1mYTas8NGJEVLaFEUngk,SOL,chainabuse:OTHER,chainabuse_crawl,OTHER,label=3rd wallet;votes=1;checked=False,2025-01-05
HiA1Btag3GbjhtRd8zRdvNTyQVpNP2SCimHNutkQ37ia,SOL,chainabuse:PHISHING,chainabuse_crawl,PHISHING,votes=1;checked=False,2025-01-05
9DLzwAU969Z2pbejA3hsTRUi1UGiar1yvSrL1ygCsuFj,SOL,chainabuse:FAKE_RETURNS,chainabuse_crawl,FAKE_RETURNS,votes=1;checked=False,2025-01-05
HawAxQ6ypY23MnvGegD2FsppQj5XvJSmXd6XLpEZRwyn,SOL,chainabuse:FAKE_RETURNS,chainabuse_crawl,FAKE_RETURNS,votes=1;checked=False,2025-01-05
FgwqDY3CaXT16fNwjRgpXsktPMYsjignhQsayRUCBaEB,SOL,chainabuse:OTHER_HACK,chainabuse_crawl,OTHER_HACK,votes=1;checked=False,2025-01-05
9ULKdRJySWaLxVV7LisLsYBpcqVjMuUHwHU1TWY2h9qY,SOL,chainabuse:FAKE_RETURNS,chainabuse_crawl,FAKE_RETURNS,votes=1;checked=False,2025-01-04
2CiiczKm9YF2PMmogZkyEdWJUoLAYsov6DWq4CzapSy3,SOL,chainabuse:OTHER_HACK,chainabuse_crawl,OTHER_HACK,votes=1;checked=False,2025-01-04
CE2gsRwZKcqPnuH5VKcRpwKqqrA8ozrAbbDcezKfnUv5,SOL,chainabuse:AIRDROP,chainabuse_crawl,AIRDROP,votes=1;checked=False,2025-01-03
GYARMZefSErvLZfHUFjhd7goZq7YBYDWdZKV24xvTab4,SOL,chainabuse:OTHER_HACK,chainabuse_crawl,OTHER_HACK,votes=1;checked=False,2025-01-03
5mDFAjVUVXBm8CXQ6wrZS7oGrEDRcPiL4iyZNBotomDf,SOL,chainabuse:OTHER_HACK,chainabuse_crawl,OTHER_HACK,votes=1;checked=False,2025-01-03
42TAHWTubKgFxBoKEbjy4nx83ciuPgRyL58wgDwP1tiH,SOL,chainabuse:FAKE_RETURNS,chainabuse_crawl,FAKE_RETURNS,votes=1;checked=False,2025-01-03
ARzTyLN4KRaYcQMXaQuDUV27TnhX5Wa3LMhoi4zH1kQg,SOL,chainabuse:PHISHING,chainabuse_crawl,PHISHING,votes=1;checked=False,2025-01-02
1SAYZdXqGZWT51cWMZtcN6cMrnpftn57KBehRmMPMGb,SOL,chainabuse:PHISHING,chainabuse_crawl,PHISHING,votes=1;checked=False,2025-01-02
5JQ8b8ZHeu6iSKH8gH7Gee5jWPfW6hc4BZrW4FZpq3Kh,SOL,chainabuse:AIRDROP,chainabuse_crawl,AIRDROP,votes=1;checked=False,2025-01-02
H5pb3Z4zpBQxjacVH3mpEhiP8uLkcmprUvkAfvNZerav,SOL,chainabuse:FAKE_RETURNS,chainabuse_crawl,FAKE_RETURNS,votes=0;checked=False,2025-01-02
E4adTMU7UAA1iwRDvnr65LJCcruaTbDTKjpUZuKEmPeC,SOL,chainabuse:OTHER_HACK,chainabuse_crawl,OTHER_HACK,votes=1;checked=False,2025-01-02
6bMWv3NpP9oY5zNngLCQ5TFQdfLmwqfJAnJ8Tevojkep,SOL,chainabuse:FAKE_PROJECT,chainabuse_crawl,FAKE_PROJECT,votes=1;checked=False,2025-01-02
DzsyMPTCYnEzLPb3WPtdMCd8QD61jsrhYJDrbWFqAnAS,SOL,chainabuse:PHISHING,chainabuse_crawl,PHISHING,votes=1;checked=False,2025-01-02
7wzej6tSMKKpKeGJX3BvftdKwULNeroRjYP7KVSniy9r,SOL,chainabuse:RUG_PULL,chainabuse_crawl,RUG_PULL,label=token owner;votes=1;checked=False,2024-12-31
7P3JNQE1WLAXNuZ2hRjmwtgMEqskeG6ptLYmUnWD7Ask,SOL,chainabuse:RUG_PULL,chainabuse_crawl,RUG_PULL,votes=1;checked=False,2024-12-31
6bcSdT9Yu2Qqn8gE4Vmog9fhi23j3cuhkPmyQzHU2cPu,SOL,chainabuse:RUG_PULL,chainabuse_crawl,RUG_PULL,votes=1;checked=False,2024-12-31
7EQS9EpRi9FAyWJdCEDZpTFPAzdBR4EqqiDgwULAjsRs,SOL,chainabuse:RUG_PULL,chainabuse_crawl,RUG_PULL,votes=1;checked=False,2024-12-31
2s4FFN6ePo8aWrKejRqGDEJ2Kch8L8ANvRUW8Tpfvd7W,SOL,chainabuse:RUG_PULL,chainabuse_crawl,RUG_PULL,votes=1;checked=False,2024-12-31
9Sp8tpiSTqLL8EfCnYEM8ta5867Jz63rWhSwZWreE3Xt,SOL,chainabuse:RUG_PULL,chainabuse_crawl,RUG_PULL,votes=1;checked=False,2024-12-31
D2XYHFXXPhf3MD2SdHCBBXkgPpSiZnG5d6EgcPWRUadR,SOL,chainabuse:RUG_PULL,chainabuse_crawl,RUG_PULL,votes=1;checked=False,2024-12-31
2hrRcqkrfknnd9DkdyFdaMdohyUmDnrF9oomkzqULwWf,SOL,chainabuse:PHISHING,chainabuse_crawl,PHISHING,votes=1;checked=False,2024-12-31
4DhzS1suXmogkLe9yfVGpKWT1xHSUhvBusZSNdVfuMFi,SOL,chainabuse:OTHER+OTHER_HACK,chainabuse_crawl,OTHER|OTHER_HACK,votes=1;checked=False,2024-12-31
3zR2W6MR8WiJMN9NyR4Q1tjJKGHRNKa6KS65ySA8o2Ah,SOL,chainabuse:OTHER_HACK,chainabuse_crawl,OTHER_HACK,label=scammer;votes=1;checked=False,2024-12-31
FzQRfXxgrXRgA8P2nKkSU4nypgd7z5GSv1rwoSnVpXSU,SOL,chainabuse:PHISHING,chainabuse_crawl,PHISHING,votes=1;checked=False,2024-12-30
FAXuoqAWY9xUxjC3wvuMTSq7ZpHkcJGTVoQ2A73TvRP8,SOL,chainabuse:OTHER_HACK,chainabuse_crawl,OTHER_HACK,label=sent out to this one;votes=1;checked=False,2024-12-30
6MVuquFofqrbdFj6FSTAqaxbJESEzW4jB2pBd1RQoami,SOL,chainabuse:OTHER_HACK,chainabuse_crawl,OTHER_HACK,label=sent sol 2 w this one;votes=1;checked=False,2024-12-30
35o4Z7L4bmmLQVd9PwNqzAxmn2UkL5dxp34zELBPH2CJ,SOL,chainabuse:IMPERSONATION,chainabuse_crawl,IMPERSONATION,votes=1;checked=False,2024-12-29
DTnMDvsGLuyrPeHysWPUG8gSqpLXC3oxjYCFuh53GUD2,SOL,chainabuse:PHISHING,chainabuse_crawl,PHISHING,votes=1;checked=False,2024-12-29
GmLmRG1vS1sh3A6Ptm8YP11Wcq6byUdV7iDmGSSMrZUz,SOL,chainabuse:OTHER_HACK,chainabuse_crawl,OTHER_HACK,votes=1;checked=False,2024-12-29
9Qz9yaKgoegNQKavW7xfMzj3VrPr37t5X11bShVLMNat,SOL,chainabuse:RUG_PULL,chainabuse_crawl,RUG_PULL,votes=1;checked=False,2024-12-29
E8gR33rFzTXhNgoTCET73XD2yHbvMeX5VdXE38PnZXvd,SOL,chainabuse:FAKE_PROJECT+FAKE_RETURNS,chainabuse_crawl,FAKE_PROJECT|FAKE_RETURNS,label=sor & sthr;votes=1;checked=False,2024-12-26
7MNeJP9gi5kBY1DVzJA1kzdeCr6oscXEZW51XMnmByC7,SOL,chainabuse:FAKE_RETURNS,chainabuse_crawl,FAKE_RETURNS,votes=1;checked=False,2024-12-26
Dx8iy2o46sK1DzWbEcznqSKeLbLVeu7otkibA3WohGAj,SOL,chainabuse:FAKE_RETURNS,chainabuse_crawl,FAKE_RETURNS,votes=1;checked=False,2024-12-26
4AX23qA1MVR9Wyd8ixU5BZT7V41DddrM6oa4E6L34xTE,SOL,chainabuse:FAKE_RETURNS,chainabuse_crawl,FAKE_RETURNS,votes=1;checked=False,2024-12-26
7pf6VfFwg64YEGPFBp8DKuAKaeHPcAUPjhJfe3eQiQHz,SOL,chainabuse:FAKE_RETURNS,chainabuse_crawl,FAKE_RETURNS,votes=1;checked=False,2024-12-26
6KwdWDiCtnvoTtfNnXUkNNgEkAQ5HNuBu64VZRYNJ14a,SOL,chainabuse:OTHER_HACK,chainabuse_crawl,OTHER_HACK,votes=1;checked=False,2024-12-26
GDx3ou8NnPYuLTBqW4jCoMuTKBWcwwZDLfLERfahsvtT,SOL,chainabuse:FAKE_PROJECT,chainabuse_crawl,FAKE_PROJECT,label=STHR;votes=1;checked=False,2024-12-25
FpwUiYfcbDfJMDtDusGtuv3vwU6Bioz8sDy8ytd1BjsV,SOL,chainabuse:ROMANCE,chainabuse_crawl,ROMANCE,votes=1;checked=False,2024-12-25
FATZsmKDB9oJGsr8t5KudHsSXb9jGEM5BTx6pZHUwpV5,SOL,chainabuse:FAKE_RETURNS,chainabuse_crawl,FAKE_RETURNS,votes=1;checked=False,2024-12-24
BYBLgjZBbefr3vGmDAz43XDWRtmS7n9jYzwU8La1t6Uq,SOL,chainabuse:OTHER_HACK,chainabuse_crawl,OTHER_HACK,votes=2;checked=False,2024-12-24
FzvjyrbmhqEJPpjhyJQLxMepufm4p9tssTqQDKytht57,SOL,chainabuse:OTHER_HACK,chainabuse_crawl,OTHER_HACK,votes=2;checked=False,2024-12-24
AeuH1eVDFbrJ6ChQCFGvUsfKjqPEZBPEq93PTCPQdheG,SOL,chainabuse:OTHER_HACK,chainabuse_crawl,OTHER_HACK,votes=2;checked=False,2024-12-24
FbxHuL484Yi5hrCHAsTpD72k7ZoQT933YUAhDdWmD1VD,SOL,chainabuse:RUG_PULL,chainabuse_crawl,RUG_PULL,votes=1;checked=False,2024-12-24
cotc2DznVcaqmJqg6LAyHUfsyNwepMkrUqE7Y7LRy91,SOL,chainabuse:OTHER_HACK,chainabuse_crawl,OTHER_HACK,votes=1;checked=False,2024-12-24
7QrA3114fx9psc11GEmxmY9CGyNuXUqE8HraGN1R3EfH,SOL,chainabuse:PHISHING,chainabuse_crawl,PHISHING,votes=1;checked=False,2024-12-23
FfkqeheNf1JeguKwfhypvTwxKySbF34a9bqm7zLuBf5R,SOL,chainabuse:PHISHING,chainabuse_crawl,PHISHING,votes=1;checked=False,2024-12-23
9Fh2oT4Hfp71LNfnzqZXWGHaoSHGxT8iW2bjuT5Zm5wA,SOL,chainabuse:AIRDROP,chainabuse_crawl,AIRDROP,votes=1;checked=False,2024-12-23
96gYZGLnJYVFmbjzopPSU6QiEV5fGqZNyN9nmNhvrZU5,SOL,chainabuse:PHISHING,chainabuse_crawl,PHISHING,votes=1;checked=False,2024-12-22
9SFkU5J5r4fGPA6o8MQe12SY1Wn51C8crP97o8yXiXCz,SOL,chainabuse:OTHER_HACK,chainabuse_crawl,OTHER_HACK,votes=1;checked=False,2024-12-22
HvdP56FZc1CQ61G6jNTfDdb6Nw4c4XnGZXCfuKwtnefj,SOL,chainabuse:PHISHING,chainabuse_crawl,PHISHING,votes=1;checked=False,2024-12-22
DjntkVU31DFVbmEpr4mRqinyqk9H382ZjmGnTTiYAcXG,SOL,chainabuse:FAKE_PROJECT,chainabuse_crawl,FAKE_PROJECT,votes=1;checked=False,2024-12-22
CYgdYXJff8USp7Pvqyj35LDAiwfnGjgQsHLEf9SPwVg,SOL,chainabuse:OTHER_HACK,chainabuse_crawl,OTHER_HACK,votes=1;checked=False,2024-12-22
8nmYXcxjGyF34wcHtRdMACZNWEfsPWBxwwf8HvbJxV6B,SOL,chainabuse:PIGBUTCHERING,chainabuse_crawl,PIGBUTCHERING,votes=1;checked=False,2024-12-22
GJXsxCWTJkkkqCdsursccb5uvjvi1Yt25fGSPBNAHnZY,SOL,chainabuse:FAKE_RETURNS,chainabuse_crawl,FAKE_RETURNS,votes=0;checked=False,2024-12-21
3X9pdiD5hnA8sNvBTcDsaGEfTjsKKMivXojuNHjjus4q,SOL,chainabuse:PHISHING,chainabuse_crawl,PHISHING,votes=1;checked=False,2024-12-20
5QZVgmcNUNTqYgbbkgCEKYZdTVYbhjVBMsN3waJidvhz,SOL,chainabuse:PHISHING,chainabuse_crawl,PHISHING,votes=1;checked=False,2024-12-20
E71eA3ZNgxmRL7YFXmycjAAE7QiQwAHseFGmDxGVvhRA,SOL,chainabuse:SIM_SWAP,chainabuse_crawl,SIM_SWAP,votes=1;checked=False,2024-12-20
7W6peKemPz8SsfEtgz8ecTz2HDKjQkcdAQkBLExUNMw4,SOL,chainabuse:OTHER_HACK,chainabuse_crawl,OTHER_HACK,label=Hacker sending addresses;votes=1;checked=False,2024-12-20
DtaR1XSHh97NqSvEbh2Cc8qq4PytUFgJfG24obq2HMsy,SOL,chainabuse:PHISHING,chainabuse_crawl,PHISHING,votes=1;checked=False,2024-12-20
9DiFd4cDhKRWSKjTGyiH24DYBmUgp37pG8zqGtH4M4J4,SOL,chainabuse:PHISHING,chainabuse_crawl,PHISHING,votes=1;checked=False,2024-12-19
CuL4k7odT2cPJ841Y81fk452xpQA4tZLS3pWNZyGJ7ig,SOL,chainabuse:OTHER_HACK,chainabuse_crawl,OTHER_HACK,votes=1;checked=False,2024-12-19
96binEs2tLge9q8ZSyYdoY89vrfjSTtq8udcXgbvmiGo,SOL,chainabuse:PHISHING,chainabuse_crawl,PHISHING,votes=1;checked=False,2024-12-19
7PUzNnzUkeKKHdXftsihPci7umVSoMrqfE9cPjqmrHmP,SOL,chainabuse:CONTRACT_EXPLOIT+PHISHING,chainabuse_crawl,CONTRACT_EXPLOIT|PHISHING,votes=1;checked=False,2024-12-18
BtQX4UC4N7Xc31ieQeZEbvWjdpqMB2zFnDhDQQZg7Yfr,SOL,chainabuse:PHISHING,chainabuse_crawl,PHISHING,votes=1;checked=False,2024-12-18
6BhSCDLMM8honwHzZfAGPCLyca2fy5T9xxm5zkzMNmMH,SOL,chainabuse:FAKE_RETURNS,chainabuse_crawl,FAKE_RETURNS,votes=1;checked=False,2024-12-18
J58C7LyR4NDebnBm9ZzMijrwYzx4p7yPDJMALNJjcNDA,SOL,chainabuse:FAKE_RETURNS,chainabuse_crawl,FAKE_RETURNS,votes=1;checked=False,2024-12-18
A7kSdWRySx7hoHXHRF56Z1uZc36AMFdj3smpGLKEfxB1,SOL,chainabuse:OTHER,chainabuse_crawl,OTHER,votes=2;checked=False,2024-12-18
DWqqnfBtfTv5EjWNwiqaHdqycacP6mzXHSevTuajod1M,SOL,chainabuse:PHISHING,chainabuse_crawl,PHISHING,votes=1;checked=False,2024-12-18
74pUFekyw6N3ckr5T3inC5awDYQNM5mA5RsLLUEFKECT,SOL,chainabuse:CONTRACT_EXPLOIT,chainabuse_crawl,CONTRACT_EXPLOIT,votes=1;checked=False,2024-12-18
EiSYMArsYJKE5Y1S7w1wtRWgvu1ACK6DYrwaoHPfV25b,SOL,chainabuse:CONTRACT_EXPLOIT,chainabuse_crawl,CONTRACT_EXPLOIT,label=Trojan;votes=1;checked=False,2024-12-18
G9qpxnu45ENfN5kvpt7QtzurWW4fp2DZuDXwdGoFVL8G,SOL,chainabuse:AIRDROP,chainabuse_crawl,AIRDROP,votes=1;checked=False,2024-12-18
GT1q5M2jcwveRRRxunQ2V9omQnC9CqzUeUQgmnpFyKT,SOL,chainabuse:CONTRACT_EXPLOIT,chainabuse_crawl,CONTRACT_EXPLOIT,votes=1;checked=False,2024-12-17
Gck5PWhKL4Qn87bhFwpL19Y5gkAbFN93GXXsTzuJ1VX4,SOL,chainabuse:PHISHING,chainabuse_crawl,PHISHING,votes=1;checked=False,2024-12-17
HsnvqmbWpM5UL4r4Y22ek22JKxqDTxnE7oHdPx24vhVZ,SOL,chainabuse:PHISHING,chainabuse_crawl,PHISHING,votes=1;checked=False,2024-12-17
Fq99JMZ8onCCShibFB2PHt3beQ4kP9g1f9HGHZw5QC8h,SOL,chainabuse:OTHER,chainabuse_crawl,OTHER,votes=1;checked=False,2024-12-17
EFAnuQatciRcCgtD2c1dipXyFdX7GEA4wR73pBr56s7s,SOL,chainabuse:AIRDROP+OTHER,chainabuse_crawl,AIRDROP|OTHER,votes=1;checked=False,2024-12-17
AXQPUfHW1GjD7Qt8RAfHovpYv2c9sV5SatM7SW6YyJm5,SOL,chainabuse:AIRDROP,chainabuse_crawl,AIRDROP,votes=1;checked=False,2024-12-16
BhEzLsF9FGwXhX2MxYLzDRWrE384rvEbH7AkZqTpdPcs,SOL,chainabuse:IMPERSONATION,chainabuse_crawl,IMPERSONATION,votes=1;checked=False,2024-12-16
vEp6r1ArgChJsKghxCND4TVarEeVo6uSMWsEDFuCKER,SOL,chainabuse:OTHER_HACK+RUG_PULL,chainabuse_crawl,OTHER_HACK|RUG_PULL,votes=1;checked=False,2024-12-16
BJWpJu9tjprR2fMk1wCFzQjEWrx2w3qDb9G29JP2KRsi,SOL,chainabuse:OTHER_HACK,chainabuse_crawl,OTHER_HACK,votes=1;checked=False,2024-12-16
FYo2DwQyP5udyjdbDMtiaWAKPcusKr4c7DR2TKRUmQjS,SOL,chainabuse:AIRDROP,chainabuse_crawl,AIRDROP,votes=1;checked=False,2024-12-16
AQaLzdUYPZBctEE4RNdFkhMBZMUVU3QCqfS1yRNxa1oj,SOL,chainabuse:OTHER_HACK,chainabuse_crawl,OTHER_HACK,votes=1;checked=False,2024-12-16
6SypGvuX8iAuB9GTo7jCxQ62eNDaUUZRs4L8uhcBu9AL,SOL,chainabuse:OTHER_HACK,chainabuse_crawl,OTHER_HACK,votes=1;checked=False,2024-12-16
EvSqfCUavrKJ6KZx7hb43K6faTEzFu6DSsZoPQu5JUaS,SOL,chainabuse:PHISHING,chainabuse_crawl,PHISHING,votes=1;checked=False,2024-12-16
5t2qoWSKDTnLmYx24f86F78ySiS2UxdAvxQwvmaY3L5U,SOL,chainabuse:PHISHING,chainabuse_crawl,PHISHING,votes=1;checked=False,2024-12-15
D186sBFhyZ9eWHSaLoLyXtvgd1xUcPeaaEXwhqHFMUz8,SOL,chainabuse:OTHER_HACK,chainabuse_crawl,OTHER_HACK,votes=0;checked=False,2024-12-15
5z65uW1LSdFBTFBdzUVztM94GqkuApYN2WPcbaxoSTwX,SOL,chainabuse:FAKE_RETURNS,chainabuse_crawl,FAKE_RETURNS,votes=1;checked=False,2024-12-14
92oNchGbjQstF7XqCLnNxWou2P7ZFAhXcYgDa7s75dxo,SOL,chainabuse:PHISHING,chainabuse_crawl,PHISHING,votes=1;checked=False,2024-12-14
AXCptVUWsUMXiFgTcpBhznccL5SbTTXWLWHTTkL3ErEX,SOL,chainabuse:OTHER_HACK,chainabuse_crawl,OTHER_HACK,votes=1;checked=False,2024-12-14
6LjxgZ9KKPCpWey9anNtSN73RLwbPsFfeJq48eNAhS6w,SOL,chainabuse:CONTRACT_EXPLOIT,chainabuse_crawl,CONTRACT_EXPLOIT,votes=1;checked=False,2024-12-14
CCiup4hxvWhQPsda6aEp9mSH63AqMoMUZFfeCCMefEkK,SOL,chainabuse:OTHER_HACK,chainabuse_crawl,OTHER_HACK,votes=1;checked=False,2024-12-13
GrdKBSetYHpyztAp5KfqUt4JDxtMCqBtRZmaGv1m45Uo,SOL,chainabuse:OTHER+RANSOMWARE,chainabuse_crawl,OTHER|RANSOMWARE,votes=1;checked=False,2024-12-13
DbqzD8p4qo9xbkYCpNDPHLWCcgRvNQ5hgBMcvVLBhtLD,SOL,chainabuse:PHISHING,chainabuse_crawl,PHISHING,votes=1;checked=False,2024-12-13
BWTi8LkMTjcjAqB3fuZvGQxTGn2tQG7gS7TUPhW4kSm1,SOL,chainabuse:AIRDROP+IMPERSONATION,chainabuse_crawl,AIRDROP|IMPERSONATION,label=scammer main account;votes=1;checked=False,2024-12-13
9MVtYvopwj6DX8WcVqWeiX56gYjN6jaK6moba9mybwc7,SOL,chainabuse:OTHER_HACK,chainabuse_crawl,OTHER_HACK,votes=1;checked=False,2024-12-13
4bS95f3UDJPhhYNyS3wa9HuKkgiaJC3AuUvZ6PJziRkW,SOL,chainabuse:PHISHING,chainabuse_crawl,PHISHING,label=First sent here;votes=1;checked=False,2024-12-13
BV2cH7GnPj8cxJuCB13E5BVi8BivRrrTCoe8dT35BxPs,SOL,chainabuse:PHISHING,chainabuse_crawl,PHISHING,label=Then sent here;votes=1;checked=False,2024-12-13
HSpeMDGu2MsGMu7BDfGkzYbRVFmWdESoGwvYEkpmBG5S,SOL,chainabuse:PHISHING,chainabuse_crawl,PHISHING,votes=1;checked=False,2024-12-12
9wnEUxbPKYM4hkqJ6L2TbhYqE8JE8Sejk1PrFX3Empbi,SOL,chainabuse:FAKE_RETURNS,chainabuse_crawl,FAKE_RETURNS,votes=1;checked=False,2024-12-12
DxETo3E7UgGe4Gq7kWHL7zw51J6aAo5fFcJ7jeYARV42,SOL,chainabuse:OTHER_HACK,chainabuse_crawl,OTHER_HACK,votes=1;checked=False,2024-12-11
D1NyPxXPo45muqMLQayMNtTZg8SsgMJ8Hysg5ZNp93Q,SOL,chainabuse:PHISHING,chainabuse_crawl,PHISHING,votes=2;checked=False,2024-12-11
F155XLi4AbEXQANtoMCqLkPPJqXVd98BHYKQ6Dr6j9h2,SOL,chainabuse:PHISHING,chainabuse_crawl,PHISHING,votes=1;checked=False,2024-12-10
HTTt5VQMeiv7quAJA59EBy55Z6LFgT3Ci5HQDSXCCkHg,SOL,chainabuse:PIGBUTCHERING+RUG_PULL,chainabuse_crawl,PIGBUTCHERING|RUG_PULL,votes=1;checked=False,2024-12-10
3EYXJtD6DhW5sFieUamZP4xRNsLkT5W4p493cMJEVkCg,SOL,chainabuse:PIGBUTCHERING+RUG_PULL,chainabuse_crawl,PIGBUTCHERING|RUG_PULL,votes=1;checked=False,2024-12-10
3ZjYoxYBDwxJy6G6QHWXmfe5LVr3s5vi6McsEa1rXWaS,SOL,chainabuse:PIGBUTCHERING+RUG_PULL,chainabuse_crawl,PIGBUTCHERING|RUG_PULL,votes=1;checked=False,2024-12-10
Gx7EyAEaJpVHqgtBVPKdidYZcvnwU9NYj2uWdtPp1mmL,SOL,chainabuse:PIGBUTCHERING+RUG_PULL,chainabuse_crawl,PIGBUTCHERING|RUG_PULL,votes=1;checked=False,2024-12-10
G4b5yYXuSzgLEmZXPZhY8s3yF6PXVHUJpUBTcANxrGCo,SOL,chainabuse:PIGBUTCHERING,chainabuse_crawl,PIGBUTCHERING,votes=1;checked=False,2024-12-09
3cKS6D76Nqq7sUMhoYELHvCF14gUDN6TAUN3iq9GtbkB,SOL,chainabuse:PIGBUTCHERING,chainabuse_crawl,PIGBUTCHERING,votes=1;checked=False,2024-12-09
HtgyqWpqfbRM8a2N7qQb6KJaXqXCv1kPFAA52fPcXwVj,SOL,chainabuse:OTHER_HACK,chainabuse_crawl,OTHER_HACK,votes=1;checked=False,2024-12-09
D2UYptZCEUz95nK9ueKxbwHpbNSb35pKfUgWeu9xuwzK,SOL,chainabuse:FAKE_PROJECT,chainabuse_crawl,FAKE_PROJECT,votes=1;checked=False,2024-12-08
Aov9gCeLuGEDMJLD5U7RrT1KErsiP7VfHNNvewzoFYb2,SOL,chainabuse:PHISHING,chainabuse_crawl,PHISHING,votes=1;checked=False,2024-12-08
qY7ERjrkWDHwfn7F24CXBBC9NSKXRxhjK7ibqXCLBZa,SOL,chainabuse:OTHER_BLACKMAIL,chainabuse_crawl,OTHER_BLACKMAIL,votes=1;checked=False,2024-12-08
7PzSzgWexAadqM9nLyt53qq7HXq5d9k4JNKoNY2zzSwi,SOL,chainabuse:OTHER_HACK,chainabuse_crawl,OTHER_HACK,votes=1;checked=False,2024-12-07
BqRTPmi1zzgFbk9JqQkXJuR2yCwE1zuqXkY3zbEsbFoF,SOL,chainabuse:PHISHING,chainabuse_crawl,PHISHING,votes=1;checked=False,2024-12-07
BbupDJTH1mMPux2gqHLnWDR9rVpqKbuAzx1w76YdToJS,SOL,chainabuse:IMPERSONATION,chainabuse_crawl,IMPERSONATION,label=USA dolllar (USAD);votes=1;checked=False,2024-12-06
8FmjbMuUv3uGwLC6AbdUQnRBE3vLE47uRtJS7m3Xq1Xa,SOL,chainabuse:IMPERSONATION,chainabuse_crawl,IMPERSONATION,votes=0;checked=False,2024-12-06
4hhrRB1mqX8wpu62Ug4k4k2kPpqVD4a4EaScQBJbkFuZ,SOL,chainabuse:IMPERSONATION,chainabuse_crawl,IMPERSONATION,votes=0;checked=False,2024-12-06
BBADnLiTQT69cwK7dtAeQPjaugszF5YRSeL5aNh5FC21,SOL,chainabuse:OTHER_HACK,chainabuse_crawl,OTHER_HACK,label=Account 2;votes=1;checked=False,2024-12-06
AtgfXyXmFQm9hzQcE63CRPYF3x77Fipy2XHHoNeuujop,SOL,chainabuse:OTHER_HACK,chainabuse_crawl,OTHER_HACK,label=Account 3;votes=1;checked=False,2024-12-06
a9rczga9BT8bff7RwhcdAKk2evdur8kPNA8F4N8L1ib,SOL,chainabuse:OTHER_HACK,chainabuse_crawl,OTHER_HACK,label=Scammer;votes=0;checked=False,2024-12-06
7DCbp4NJ4taKRR16AFgqeJX1rcDh1dZaD8FcdVQjWUNw,SOL,chainabuse:FAKE_PROJECT,chainabuse_crawl,FAKE_PROJECT,label=wallet address;votes=1;checked=False,2024-12-05
9gGpc1rDzRVsQ1wi1JrpxisYpVPQ2tiKnvPguYUj2Bwv,SOL,chainabuse:PHISHING,chainabuse_crawl,PHISHING,votes=1;checked=False,2024-12-05
CB32oG8MbmC9XMh6733PUuGc4DdJPSHocVYjQBQ8nc7T,SOL,chainabuse:IMPERSONATION,chainabuse_crawl,IMPERSONATION,votes=1;checked=False,2024-12-05
GjS9Q531qNhV9ApCYMtTGck1HBndCkPxprcq6SzZWVK7,SOL,chainabuse:PHISHING,chainabuse_crawl,PHISHING,votes=2;checked=False,2024-12-05
BZLU3fS67co6wxva2Zq89XZG675wqMH4oBGghioGiwub,SOL,chainabuse:AIRDROP,chainabuse_crawl,AIRDROP,votes=1;checked=False,2024-12-05
BGbQx7sGTsAvhgUBL9fUDDw9feQhdX5uqxYx37XgTNoQ,SOL,chainabuse:AIRDROP+PHISHING,chainabuse_crawl,AIRDROP|PHISHING,votes=1;checked=False,2024-12-05
GCQmHGYrEsmWsaQ9N2YY6o2HZz3DtuZ26MqCL4WnU6xd,SOL,chainabuse:RUG_PULL,chainabuse_crawl,RUG_PULL,votes=1;checked=False,2024-12-04
G9HcFtsyyQfy1wQhgjG9K3atiPy6DxSHT8U4GfvZPPMh,SOL,chainabuse:AIRDROP,chainabuse_crawl,AIRDROP,label=acc created with my sol;votes=1;checked=False,2024-12-03
DkbHixrE8HVsLK3xBWyrUxhXZpANwhni6UqzScBiWtZR,SOL,chainabuse:AIRDROP,chainabuse_crawl,AIRDROP,label=acc created with my sol;votes=1;checked=False,2024-12-03
4hx2s44D7QkECTezjGmaxHyBKtUXWBaLnAquVQSaQvxd,SOL,chainabuse:AIRDROP,chainabuse_crawl,AIRDROP,label=acc created with my sol;votes=1;checked=False,2024-12-03
2RH9bVpYUCizeG8acJS3SX5aNoe3KQ5iXkpsSDJUtVLz,SOL,chainabuse:AIRDROP,chainabuse_crawl,AIRDROP,label=acc created with my sol;votes=1;checked=False,2024-12-03
Hj69SMaHaLzZS5rnRNT3XM5dUDFuRkz7apGzTV5bspK8,SOL,chainabuse:AIRDROP,chainabuse_crawl,AIRDROP,label=acc created with my sol;votes=1;checked=False,2024-12-03
F869jabtugiZAerkXAfneKbaDkbX1yyHrMRJWziL5MAU,SOL,chainabuse:RUG_PULL,chainabuse_crawl,RUG_PULL,votes=1;checked=False,2024-12-03
D932gJMCogjJj4NndUGnm1ZqFfhjEtudYfMKAwsFoFsP,SOL,chainabuse:AIRDROP,chainabuse_crawl,AIRDROP,votes=1;checked=False,2024-12-03
9Vq7TbFh4daAG55V5QLyzpyrddbpzNWzvXqRmEq8gZiD,SOL,chainabuse:OTHER_HACK,chainabuse_crawl,OTHER_HACK,votes=1;checked=False,2024-12-03
Hbqz8GFmLh3yiH64mp5Lp93sP3ZxeMSf1BismzxievkA,SOL,chainabuse:OTHER,chainabuse_crawl,OTHER,votes=1;checked=False,2024-12-03
6FmPN5Dz9Wu2xojUG9Qp2YMoJNGRq8xPhVgkH7yh9Qrk,SOL,chainabuse:AIRDROP,chainabuse_crawl,AIRDROP,votes=1;checked=False,2024-12-03
CcryAViuPAjgYwnjEWAsVsz2prY4c8sr6UrDQyaJken6,SOL,chainabuse:AIRDROP,chainabuse_crawl,AIRDROP,votes=1;checked=False,2024-12-03
7ncg2f4GmwV3tJbZ5YgtMaGZL4WMGabtbaRf9sagPWKW,SOL,chainabuse:OTHER_HACK,chainabuse_crawl,OTHER_HACK,votes=1;checked=False,2024-12-02
5gNQRwqPLoXa4JvhAYfA6EHkv8MGt8BRe12yEdfuHh2o,SOL,chainabuse:OTHER,chainabuse_crawl,OTHER,label=thefts addy ;votes=1;checked=False,2024-12-02
DCFqzURefx4ZxPAkMg319cn8shkEPwX3Mu3zs5G9zSNr,SOL,chainabuse:OTHER,chainabuse_crawl,OTHER,label=my main addy;votes=1;checked=False,2024-12-02
GCwNrNdWyWs2ju7XkU3V5rv165FmGwD6hVZdjRnvhvaG,SOL,chainabuse:OTHER,chainabuse_crawl,OTHER,label=my second addy;votes=1;checked=False,2024-12-02
7TgdAuz4uEAaRv5DGKdshtDVvL63JvA1QuKMKYRsWWei,SOL,chainabuse:IMPERSONATION,chainabuse_crawl,IMPERSONATION,votes=1;checked=False,2024-12-02
5x4hPZRfzm8upjQ4yJeAviaya6dm4GTtiPQhnbwKc2uf,SOL,chainabuse:OTHER_HACK,chainabuse_crawl,OTHER_HACK,votes=1;checked=False,2024-12-02
5DF4MhD27z9zPcwgHeJMFVrqUdY79uo91fZL6GYLKUEp,SOL,chainabuse:FAKE_PROJECT,chainabuse_crawl,FAKE_PROJECT,votes=2;checked=False,2024-12-02
9MhZFCkUiZaSXYMHBFgM7m3xHXh9JmB51A2SKMZrA8L9,SOL,chainabuse:PHISHING,chainabuse_crawl,PHISHING,votes=1;checked=False,2024-12-02
5irpxspVJqcHgpxobqe8242pwHPa356ZCYHQYfrkknZZ,SOL,chainabuse:CONTRACT_EXPLOIT,chainabuse_crawl,CONTRACT_EXPLOIT,votes=1;checked=False,2024-12-02
D86aktBg51pw4byXvNdUuZ2SVxRsd2EzouebWaNnovCM,SOL,chainabuse:IMPERSONATION,chainabuse_crawl,IMPERSONATION,votes=1;checked=False,2024-12-01
9cC2nMHqWf34oPJkHRHcW1uCQran2YpCqNkyBphD6Gkr,SOL,chainabuse:OTHER_HACK,chainabuse_crawl,OTHER_HACK,votes=1;checked=False,2024-12-01
EQ8fyY6x27QXYyaGYYckaULkpWwk5RPfq5gWaMwiiQQE,SOL,chainabuse:FAKE_RETURNS,chainabuse_crawl,FAKE_RETURNS,votes=1;checked=False,2024-12-01
8nwhKwgH1MVvj4eK4X262CHTUda3ri6xmtaBJLZPuuac,SOL,chainabuse:PHISHING,chainabuse_crawl,PHISHING,votes=1;checked=False,2024-12-01
2osY5Mioo6ZeWRf1pTW24hzePpSBjEfhWkkaCvKCCziG,SOL,chainabuse:PHISHING,chainabuse_crawl,PHISHING,label=Trading Bot Waller;votes=1;checked=False,2024-12-01
2Td3o4i4W4xb7j2rAaPHJXwF2oZdvvqac6XV7oDM3DF9,SOL,chainabuse:PHISHING,chainabuse_crawl,PHISHING,label=Scammer Transfered to;votes=1;checked=False,2024-12-01
DuFAENDiB5jAcWvdwGqQj4c6WbbPg3MfNs1TDx7J4FPQ,SOL,chainabuse:FAKE_PROJECT,chainabuse_crawl,FAKE_PROJECT,votes=0;checked=False,2024-12-01
EGZcMu4xigLoo3Kh8q1SdzjtkY9EViz24mZczKJSWr6N,SOL,chainabuse:FAKE_PROJECT,chainabuse_crawl,FAKE_PROJECT,votes=0;checked=False,2024-12-01
JBX8yAsCanrzW5XUg9y2r2XdzxEGMHRacX3dYbAYUSfS,SOL,chainabuse:FAKE_PROJECT,chainabuse_crawl,FAKE_PROJECT,votes=0;checked=False,2024-12-01
6qdKNdo2aYefJ9n6u2f3isnwz7R1Tsp2y2Qo6ijcSWMj,SOL,chainabuse:OTHER_HACK,chainabuse_crawl,OTHER_HACK,label=Wallet hacker;votes=1;checked=False,2024-11-30
AiFiKWkpfKjNe8rNayKUdNMomLtNCscue8t5HuLL5GMm,SOL,chainabuse:PHISHING,chainabuse_crawl,PHISHING,votes=1;checked=False,2024-11-29
FQVT1oGth3wthjmsKzdd5pLkBWGvTysENZz6H5TCWUGb,SOL,chainabuse:OTHER_HACK,chainabuse_crawl,OTHER_HACK,votes=1;checked=False,2024-11-29
F4bPT9ppFRQW2ENy5XhpcbhYAyUTmkwcCAu6tnaSKNPe,SOL,chainabuse:PHISHING,chainabuse_crawl,PHISHING,votes=1;checked=False,2024-11-29
H3ZiRDccxwvi5zdDFuq2jE5Rsfja8VTzXpWxAMNqfEbv,SOL,chainabuse:OTHER,chainabuse_crawl,OTHER,votes=1;checked=False,2024-11-28
G2nKP8upFtxVRHn91WSYR77s3YwpzB4rwPkT7EQQmVz9,SOL,chainabuse:OTHER_HACK,chainabuse_crawl,OTHER_HACK,votes=1;checked=False,2024-11-28
AdNAauC4j3jXug83D95uFgQppRtQFf5L6fBZPgZxCLwy,SOL,chainabuse:OTHER_HACK,chainabuse_crawl,OTHER_HACK,label=scammer;votes=1;checked=False,2024-11-27
7Q4PtDzaqqVVVQ6v1ouVDaMZhBrM5Z7otXrNbfVwroVQ,SOL,chainabuse:OTHER,chainabuse_crawl,OTHER,votes=1;checked=False,2024-11-26
32v4qzHscvjyK894kKPwYPVQLVfJV4DVFuCNGBXfQvYD,SOL,chainabuse:OTHER_HACK,chainabuse_crawl,OTHER_HACK,votes=1;checked=False,2024-11-26
4AhQKabDzgHJEH3w6Lt4Q9AdyVmWLBZbWoRNh7tFUZF1,SOL,chainabuse:IMPERSONATION,chainabuse_crawl,IMPERSONATION,votes=1;checked=False,2024-11-26
3xFDtj8oUY7ASFvmHc7Dju3XQvWFesSw2sKGGWGBLtMR,SOL,chainabuse:OTHER_HACK,chainabuse_crawl,OTHER_HACK,label=phantom;votes=1;checked=False,2024-11-26
Fg4Fjbys4q9WxENApNXnnHkVwPF2T3DNS4TQR414iSWt,SOL,chainabuse:IMPERSONATION,chainabuse_crawl,IMPERSONATION,label=Hackers Address;votes=1;checked=False,2024-11-25
khobTiy5jyXRkgeJ8VhZN6SVev4VAxscYhq6iGs7WVP,SOL,chainabuse:PHISHING,chainabuse_crawl,PHISHING,label=Storage;votes=1;checked=False,2024-11-25
4si3cyDRR2DQuCaieJpQdipBR2HB1G4JVi2pazPSxNGi,SOL,chainabuse:PHISHING,chainabuse_crawl,PHISHING,label=0-Gas Sender;votes=1;checked=False,2024-11-25
2vj5WXHjnh5X6rWaSPZxz9qxJceQLGrWJ3zkVTT3BEQT,SOL,chainabuse:RUG_PULL,chainabuse_crawl,RUG_PULL,votes=2;checked=False,2024-11-25
EJYMy3AQo5oBYxfGRANsN8NXJxXSAjpZ7bRc5J7R8gQf,SOL,chainabuse:FAKE_RETURNS,chainabuse_crawl,FAKE_RETURNS,votes=1;checked=False,2024-11-25
e167dysV3DESTHNuxB6FAxxpwzWYYQAt9WXNUtMnZ6X,SOL,chainabuse:OTHER_HACK,chainabuse_crawl,OTHER_HACK,votes=1;checked=False,2024-11-25
BHiqChTPzv3SuXheskLo4r5GmAg2osFEo3QVfCVR2HYL,SOL,chainabuse:CONTRACT_EXPLOIT,chainabuse_crawl,CONTRACT_EXPLOIT,label=OKX;votes=1;checked=False,2024-11-24
8XPGxhN9GNrfwNLQbhQHuZ7aiyxXX6NqZGK2DmhxWzpz,SOL,chainabuse:OTHER_HACK,chainabuse_crawl,OTHER_HACK,votes=1;checked=False,2024-11-24
9955r2AsxJcbuST11jeE39wGXeQX5FziNhjzeJMK1Zss,SOL,chainabuse:IMPERSONATION+PHISHING,chainabuse_crawl,IMPERSONATION|PHISHING,votes=1;checked=False,2024-11-24
3oikhgBtaJiPsd4WW4UcoJt9pPDKmcGZd8fBBHmuU3Dm,SOL,chainabuse:IMPERSONATION,chainabuse_crawl,IMPERSONATION,votes=1;checked=False,2024-11-24
CfkERyRSnbNxdKt6uRDSdGyne3dZ8VXkHZ1c2RkQdtgb,SOL,chainabuse:OTHER_HACK,chainabuse_crawl,OTHER_HACK,votes=1;checked=False,2024-11-24
GH7ioL8fYasyNt5n5fNeuNrDM6dhifwvq4hwGe4o5fvF,SOL,chainabuse:OTHER,chainabuse_crawl,OTHER,votes=1;checked=False,2024-11-24
9wMWn3fJTEjdCM4XJMZ2MBr8mY2JZwEGEWZpGaEeSuT7,SOL,chainabuse:PHISHING,chainabuse_crawl,PHISHING,votes=1;checked=False,2024-11-23
Bo3bz5HiGB8V9vxDPc8p6CujtXdosT1c4CvU3wdYDkyh,SOL,chainabuse:PHISHING,chainabuse_crawl,PHISHING,votes=1;checked=False,2024-11-23
H84jE7ZvSQc7JM6BpZX5kBKDShYboM6yYLaAZKdGsvTT,SOL,chainabuse:PHISHING,chainabuse_crawl,PHISHING,votes=1;checked=False,2024-11-23
4mADPV5e3c39dDaR8pYwK6hNTUzvTUVKCLnnxXzCuHqT,SOL,chainabuse:OTHER_HACK,chainabuse_crawl,OTHER_HACK,votes=1;checked=False,2024-11-23
A6D1f3WMurJa3qbmfJaZQRLGtKZjSNrM5DTaeDJATRwr,SOL,chainabuse:PHISHING,chainabuse_crawl,PHISHING,votes=1;checked=False,2024-11-23
DHHAJn6nbR6nnDbhUmZWuHjBGArjv7HfUJib8P5UY5jS,SOL,chainabuse:PHISHING,chainabuse_crawl,PHISHING,votes=1;checked=False,2024-11-23
9UShpxzuYgo49AmrqRQapdqX3nUXa6y245D1UF4U7Vc2,SOL,chainabuse:PHISHING,chainabuse_crawl,PHISHING,votes=1;checked=False,2024-11-23
BSbheuB5shQLxfsE1txCcxYXNnk7GKzApe2NedN3Wu5B,SOL,chainabuse:PHISHING,chainabuse_crawl,PHISHING,votes=1;checked=False,2024-11-23
9uJRearTP2fdsFp3Sa4w8MGXoqci59SBErGZqJXaqPqa,SOL,chainabuse:PHISHING,chainabuse_crawl,PHISHING,label=Burn OUTFLOW;votes=1;checked=False,2024-11-23
9y2UmTGLwgspX7jJYyz44HERa6rHzu67iqrGhVtYnJca,SOL,chainabuse:PHISHING,chainabuse_crawl,PHISHING,label=FAILED OUTFLOW;votes=1;checked=False,2024-11-23
6JRfafN3PYat4oDDXSFsjWeKdY86dHdPZtmAt7eFhhAg,SOL,chainabuse:OTHER_HACK+RANSOMWARE+SIM_SWAP,chainabuse_crawl,OTHER_HACK|RANSOMWARE|SIM_SWAP,votes=1;checked=False,2024-11-22
DXFjUpRBNMQd8ykBFXcu3WV2SH397bZqGquXHB2t6QZE,SOL,chainabuse:IMPERSONATION,chainabuse_crawl,IMPERSONATION,votes=1;checked=False,2024-11-22
5PXKX4qQMdv71NsmuomUm6ERs5zVCDojQ5VEjxpkU6Y7,SOL,chainabuse:OTHER_HACK,chainabuse_crawl,OTHER_HACK,votes=1;checked=False,2024-11-22
CJ3MCmnnVCMpp5HCWSd9XWc5T7b8kckJaufy9YHTfzoG,SOL,chainabuse:FAKE_PROJECT,chainabuse_crawl,FAKE_PROJECT,label=binance;votes=1;checked=False,2024-11-22
5darQRccbYDPyM6SkP41BBfX9veTtGAUZV8eyRyu6NPZ,SOL,chainabuse:IMPERSONATION,chainabuse_crawl,IMPERSONATION,votes=1;checked=False,2024-11-21
7xpqkfC7qDRjWEKfUvsaULjhN1AVcC5KLhAvukvQmvJA,SOL,chainabuse:OTHER,chainabuse_crawl,OTHER,votes=1;checked=False,2024-11-21
GjmgTQMqmJhPMavWxjKhrqaYG7WKhUcz4k2YXbYKBhkM,SOL,chainabuse:OTHER,chainabuse_crawl,OTHER,votes=1;checked=False,2024-11-21
6GJiduGUsjWPmR74raVNCXtiMdF3risMmcs1LvSvvzjU,SOL,chainabuse:AIRDROP,chainabuse_crawl,AIRDROP,votes=1;checked=False,2024-11-21
DmJaFCGnvQK3txE5UpMRxe2i4yZ8FEfSGr3Tsk4Lgr4r,SOL,chainabuse:OTHER,chainabuse_crawl,OTHER,label=Vanish Drainer;votes=1;checked=False,2024-11-21
2nK3wVkkkCbvkCGxbkZQfdaoAXbPaZhbkxtmEUS8D4Qz,SOL,chainabuse:OTHER,chainabuse_crawl,OTHER,votes=1;checked=False,2024-11-20
2DhmEAnMJkyUZQoaJjuGUaFuWMoTSWhzJtoj8gHzd1yd,SOL,chainabuse:AIRDROP+OTHER_HACK,chainabuse_crawl,AIRDROP|OTHER_HACK,votes=1;checked=False,2024-11-19
JAAqGZp1RYjrp78QgNf5YkPZbCSNhW2fkfry4qfBidS,SOL,chainabuse:IMPERSONATION,chainabuse_crawl,IMPERSONATION,votes=1;checked=False,2024-11-19
5xRmu7bsRK1bz1xMAEsufvfyyjLr2sK99kGsEKDvhZrV,SOL,chainabuse:OTHER_HACK,chainabuse_crawl,OTHER_HACK,votes=1;checked=False,2024-11-18
4cF8DyUUeCKiDcyMe8X8r5hxgsBwahFdnkWmgQ8Bioms,SOL,chainabuse:FAKE_RETURNS,chainabuse_crawl,FAKE_RETURNS,votes=1;checked=False,2024-11-18
A9CbMft6mg8qWqa7YRc7GpyYxxtRsqkvVfbBF3L6hQui,SOL,chainabuse:ROMANCE,chainabuse_crawl,ROMANCE,votes=1;checked=False,2024-11-17
5RtQUCm6RwbGQxwieoHe3bnVLLf8hER3S4BoHbQNbA8z,SOL,chainabuse:OTHER_HACK,chainabuse_crawl,OTHER_HACK,votes=1;checked=False,2024-11-17
6KCx84pYetDRjupHFp8uqZVDnFYTUhko8RV9v8LQpHB,SOL,chainabuse:PHISHING,chainabuse_crawl,PHISHING,votes=1;checked=False,2024-11-14
xoQe5KPCb9NxzjCnG1NiXnCc2wgPUHoTKYqYhi6mpRj,SOL,chainabuse:OTHER,chainabuse_crawl,OTHER,votes=1;checked=False,2024-11-12
HEqFaxbc7iBHyRUPx3UR5QmYkaBH4AAjx4zqb8f9MuFp,SOL,chainabuse:OTHER_HACK,chainabuse_crawl,OTHER_HACK,votes=1;checked=False,2024-11-12
446CpfS4iDTtcY3nKBXb8ifJuyAYxjKjS2swSkW6Mckj,SOL,chainabuse:PHISHING,chainabuse_crawl,PHISHING,votes=1;checked=False,2024-11-11
GGcuhEouXXTszLUVwTWQcaXbGo7nsQmksnQKMpX3NYdV,SOL,chainabuse:PHISHING,chainabuse_crawl,PHISHING,votes=1;checked=False,2024-11-09
H87nAx74VpZVL6QuWLXrUMxHiqkMA1d4qAykQoYeEPkY,SOL,chainabuse:PHISHING,chainabuse_crawl,PHISHING,votes=1;checked=False,2024-11-09
H8iZua3ZeaX7BVYnRyFHy1KTRK8A6DNY2ZmnfhMM4ZVS,SOL,chainabuse:IMPERSONATION,chainabuse_crawl,IMPERSONATION,votes=2;checked=False,2024-11-09
6Y8wYFrsXMkNLviJaGfH6J5HpJRqVfHfn6LiwFX9gwdh,SOL,chainabuse:OTHER+PHISHING,chainabuse_crawl,OTHER|PHISHING,votes=1;checked=False,2024-11-07
Bh8EYJyDfB1ah8MXz1Y2o3DyZ2iJPekXVzm7eXkv4JJQ,SOL,chainabuse:PHISHING,chainabuse_crawl,PHISHING,votes=1;checked=False,2024-11-07
42hH7xgiGm9jqEm8NWndghqaPfh7t6KDDBBKaeGvbMrT,SOL,chainabuse:IMPERSONATION,chainabuse_crawl,IMPERSONATION,votes=2;checked=False,2024-11-04
7kEGW83ZHmopBmpVGzo7SPpaVWtwJ71DAygPJXJtxcZ5,SOL,chainabuse:CONTRACT_EXPLOIT,chainabuse_crawl,CONTRACT_EXPLOIT,votes=1;checked=False,2024-11-03
GSL3YLYdytmvpzkSeU4DKq5dQoQq7dRQan1NUddHy82F,SOL,chainabuse:OTHER_HACK,chainabuse_crawl,OTHER_HACK,votes=1;checked=False,2024-11-03
GgwJRf8f5fDEEGqkDuXqMEekryiPnCoG6EAMUUqzrt4X,SOL,chainabuse:OTHER_HACK,chainabuse_crawl,OTHER_HACK,votes=1;checked=False,2024-11-03
Fi82oqjE3CP4RnZCVb5Rri4jeFFfu5sWiGDrTC8i3Tqf,SOL,chainabuse:OTHER_HACK,chainabuse_crawl,OTHER_HACK,votes=1;checked=False,2024-11-03
ENMVwm2rewcyaAYUfm4jQPwECqDGubhYuzgXfDTnGDpR,SOL,chainabuse:OTHER_HACK,chainabuse_crawl,OTHER_HACK,votes=1;checked=False,2024-11-03
CMBLvR8oyYm2t7qp6v3s5GXUp4Adm1FsL4sTf5L7pvQ3,SOL,chainabuse:OTHER_HACK,chainabuse_crawl,OTHER_HACK,votes=1;checked=False,2024-11-03
C42SXF1GXeCcfEYVdpgmzeVMSwNDf7Ssar4E378GSxhd,SOL,chainabuse:OTHER_HACK,chainabuse_crawl,OTHER_HACK,votes=1;checked=False,2024-11-03
Ab6hwj4YoDoqhhuCxE5Vvva9PLgqq46CjiyAfxPzCWJ1,SOL,chainabuse:OTHER_HACK,chainabuse_crawl,OTHER_HACK,votes=1;checked=False,2024-11-03
9YCK7FfNnefUvbbNFyuvTsrpwW3CH2gbSkFRfJAPNgGt,SOL,chainabuse:OTHER_HACK,chainabuse_crawl,OTHER_HACK,votes=1;checked=False,2024-11-03
9U6gvUvBqtG359MzJoGvkVTxihfWeShrezpcBprk6tT,SOL,chainabuse:OTHER_HACK,chainabuse_crawl,OTHER_HACK,votes=1;checked=False,2024-11-03
9BowSvPyQ77e4PJpX8wjdfzWB4hwL51LMQy4iKUotEqN,SOL,chainabuse:OTHER_HACK,chainabuse_crawl,OTHER_HACK,votes=1;checked=False,2024-11-03
8wEviLFsm6vf57UUcB63TcvmYrCCWbMuFVWuXfEBLZ8B,SOL,chainabuse:OTHER_HACK,chainabuse_crawl,OTHER_HACK,votes=1;checked=False,2024-11-03
8T4deegvVM4Qi7MKuTecbUCZPwNd8pup7ib8ZPsiU9HZ,SOL,chainabuse:OTHER_HACK,chainabuse_crawl,OTHER_HACK,votes=1;checked=False,2024-11-03
7ifShgytg8cDsMfCSg9QR1fcoBFgY62U2tvXkDJyhTD8,SOL,chainabuse:OTHER_HACK,chainabuse_crawl,OTHER_HACK,votes=1;checked=False,2024-11-03
5D6HWEMzyfeZuaPS1YQjJZVoeRHkF6J4y4XCPB3wixsi,SOL,chainabuse:OTHER_HACK,chainabuse_crawl,OTHER_HACK,votes=1;checked=False,2024-11-03
4tT52eMJSzBzgwf7rzdKzd1MjjYV2i687ijCpWDfqPoy,SOL,chainabuse:OTHER_HACK,chainabuse_crawl,OTHER_HACK,votes=1;checked=False,2024-11-03
4rDpUgXx7XAsecJj91bBS3S8UL3RVDsCmRnnvE5qxTsh,SOL,chainabuse:OTHER_HACK,chainabuse_crawl,OTHER_HACK,votes=1;checked=False,2024-11-03
3GNrJGYGt9TaSDh7icqV82GZEHXEt1Vy48n8fDgKRL4e,SOL,chainabuse:OTHER_HACK,chainabuse_crawl,OTHER_HACK,votes=1;checked=False,2024-11-03
3b4wcCC1PCCJnm2mi9ziYgA2aj8XHhAwo7NfjscJPmyY,SOL,chainabuse:OTHER_HACK,chainabuse_crawl,OTHER_HACK,votes=1;checked=False,2024-11-03
2uEag56aPEhHSM83sFmgDHZvN7sXb4TkSeni3eLyjVz9,SOL,chainabuse:OTHER_HACK,chainabuse_crawl,OTHER_HACK,votes=1;checked=False,2024-11-03
2SZtpQvmxA7Be9zSghz6iKnmqu6oVnrmVQtxowdYN2kE,SOL,chainabuse:OTHER_HACK,chainabuse_crawl,OTHER_HACK,votes=1;checked=False,2024-11-03
Em9SKf921P6q3VqpTWVdmVY3D4Q7zrGLfajcmeCqaDXL,SOL,chainabuse:PHISHING,chainabuse_crawl,PHISHING,votes=1;checked=False,2024-11-03
4wrUPpq38v8ThFssFvdsiaJhQuMtvJM2hfCXw7Kr2nki,SOL,chainabuse:OTHER_HACK,chainabuse_crawl,OTHER_HACK,votes=1;checked=False,2024-11-03
AU45TTFNyTpDg7bfDt5uyHCJXpp4YKiMPKBHukX1LYE5,SOL,chainabuse:OTHER_HACK,chainabuse_crawl,OTHER_HACK,votes=1;checked=False,2024-11-02
9jkyYCis2G98Abvngrb7JcgpxftWrg1DNh6ZUJT13rPK,SOL,chainabuse:OTHER_HACK,chainabuse_crawl,OTHER_HACK,votes=1;checked=False,2024-11-02
6nQ3Uez2r7ezMHaXzPKPZMEXjBbAefnWj5bzdQr2pgLe,SOL,chainabuse:PHISHING,chainabuse_crawl,PHISHING,votes=1;checked=False,2024-10-31
AWe7UCUFf9c7YjD7LddWaibeawYVKemDFX76jYRQ3Hy3,SOL,chainabuse:OTHER_HACK,chainabuse_crawl,OTHER_HACK,votes=1;checked=False,2024-10-31
AeC8NKDJbggdJCtLWG3neUWsveu2EQLWj91zhXAo2Fon,SOL,chainabuse:FAKE_PROJECT,chainabuse_crawl,FAKE_PROJECT,votes=1;checked=False,2024-10-29
2eGuQrMksCsoRb8fwQ1mvc28gqfvzdVrqg6HqnsRLkzD,SOL,chainabuse:FAKE_PROJECT,chainabuse_crawl,FAKE_PROJECT,votes=1;checked=False,2024-10-29
2YnbepiMcohhpFRGYjNewyf2CH2TsoRAm4B4LAfaZc8c,SOL,chainabuse:FAKE_PROJECT,chainabuse_crawl,FAKE_PROJECT,votes=1;checked=False,2024-10-29
EtMQ6AUKtwQ13Ao7NNPjxt2mxnJZqQDM8KuWfeC9veWB,SOL,chainabuse:PHISHING,chainabuse_crawl,PHISHING,votes=1;checked=False,2024-10-28
GmCZ6eb3761QmngQeWTdfKePjq8x4RRGDRj9nCGQsu4u,SOL,chainabuse:OTHER_HACK,chainabuse_crawl,OTHER_HACK,label=Hacker address;votes=1;checked=False,2024-10-27
CVDsPceUWPf77D45MoXPe1Jyn2yegfTvmDC5WHcB81DU,SOL,chainabuse:RUG_PULL,chainabuse_crawl,RUG_PULL,votes=1;checked=False,2024-10-27
FT9qZKV2CvoLSqnqSQ98JN7mwGeTySF2qvAzSxJ2Ucvp,SOL,chainabuse:OTHER_HACK,chainabuse_crawl,OTHER_HACK,votes=1;checked=False,2024-10-26
4yFufU3mdE7JpdotToE3UbNYvmF4d3rup74sBNU1M2nQ,SOL,chainabuse:FAKE_RETURNS,chainabuse_crawl,FAKE_RETURNS,votes=1;checked=False,2024-10-26
Df7Nrbv85rkLmBnw2Dwj5EjFFLgAHsmPzm4Arfhb6Yvj,SOL,chainabuse:OTHER_HACK,chainabuse_crawl,OTHER_HACK,votes=1;checked=False,2024-10-26
5tvSQhWoVvMBrykYeTPXYrQRykZqw1CZEj7kY8ufyY47,SOL,chainabuse:OTHER_HACK,chainabuse_crawl,OTHER_HACK,votes=1;checked=False,2024-10-25
H35m17wqoE428nGeFbKnvCkTNMtdkZ3scPju151kmoVi,SOL,chainabuse:IMPERSONATION,chainabuse_crawl,IMPERSONATION,votes=1;checked=False,2024-10-25
549H1Q8W6af4JQYjxiizbWBFA3aifuqkUPHF5cM4qw5,SOL,chainabuse:OTHER,chainabuse_crawl,OTHER,votes=0;checked=False,2024-10-23
A1bmTAN8nVpquPULyNixq68Wf1wPCKWGanqmGpRcYQGY,SOL,chainabuse:IMPERSONATION,chainabuse_crawl,IMPERSONATION,votes=1;checked=False,2024-10-22
DpcUm4cn6JamWWujgied98yHEemyiWLLbtdWP6nQCmAz,SOL,chainabuse:RUG_PULL,chainabuse_crawl,RUG_PULL,label=@maybectrlfreak;votes=1;checked=False,2024-10-22
DWgT5biDpeLD7Q1ARU5m6A7y11AW6KbMEusmaFPanbwE,SOL,chainabuse:RUG_PULL,chainabuse_crawl,RUG_PULL,votes=1;checked=False,2024-10-22
HWEoBxYs7ssKuudEjzjmpfJVX7Dvi7wescFsVx2L5yoY,SOL,chainabuse:RUG_PULL,chainabuse_crawl,RUG_PULL,label=bloxroute.sol;votes=1;checked=False,2024-10-22
5HScLdzxqPNyMiua4fqsQW49RNP772z7dNGXQbB4XAnD,SOL,chainabuse:RUG_PULL,chainabuse_crawl,RUG_PULL,votes=1;checked=False,2024-10-22
27sgvrf1AjhMcjgfys4C9uMs9wyFvByQtwyhkynee4eK,SOL,chainabuse:RUG_PULL,chainabuse_crawl,RUG_PULL,votes=1;checked=False,2024-10-22
3wtunH8B6Wp3FsBoHajpJK57XU4BkBCCNYaThmxLSXTt,SOL,chainabuse:RUG_PULL,chainabuse_crawl,RUG_PULL,votes=1;checked=False,2024-10-22
5AsYTBRkvnwmHagpGieoZRVowrPA3M2d5Nxo8T5UNQ1P,SOL,chainabuse:RUG_PULL,chainabuse_crawl,RUG_PULL,votes=1;checked=False,2024-10-22
BRxfR1jkdNxWY21tt6LDd8tq4gfZRSMy24aGwwFf23f,SOL,chainabuse:RUG_PULL,chainabuse_crawl,RUG_PULL,votes=1;checked=False,2024-10-22
CXXHX1mYnEwiQ2GMBWTYPRWogUFDp1czP25QhXao5BNe,SOL,chainabuse:RUG_PULL,chainabuse_crawl,RUG_PULL,votes=1;checked=False,2024-10-22
EK3sUaXC8x2Y8Wsh8neBA6DJBLrWGf8NEjowcvPmpCU,SOL,chainabuse:RUG_PULL,chainabuse_crawl,RUG_PULL,votes=1;checked=False,2024-10-22
62qyKhsQmyyZZGNm1dduabTbE75Cnw6DUhyVSV3jjDcs,SOL,chainabuse:RUG_PULL,chainabuse_crawl,RUG_PULL,votes=1;checked=False,2024-10-22
B5yH7krB3xGu3rfiTRnKS9MC2rwVLxsewmFUjFE4KkdT,SOL,chainabuse:IMPERSONATION,chainabuse_crawl,IMPERSONATION,votes=1;checked=False,2024-10-20
GTokvyBxMBY1mEzbY2YBTNhYU6H4rJXVPEi9JieaBS6s,SOL,chainabuse:IMPERSONATION,chainabuse_crawl,IMPERSONATION,votes=1;checked=False,2024-10-20
8YauSjTTWrKBHNfsFFymzTvQzD3oVdnwGTwPgvQMydip,SOL,chainabuse:FAKE_RETURNS+PHISHING,chainabuse_crawl,FAKE_RETURNS|PHISHING,votes=1;checked=False,2024-10-20
7J77NhCHY465DiPTbM2jGNz46AEUdsjSkfoBbPH3ZMQe,SOL,chainabuse:PHISHING,chainabuse_crawl,PHISHING,label=main address;votes=1;checked=False,2024-10-19
AmRWDiAE4bcYFMXNCqxGp9z8m8XjFZfTbwT6eDREuYzL,SOL,chainabuse:PHISHING,chainabuse_crawl,PHISHING,label=address 2;votes=1;checked=False,2024-10-19
4j2Vy5iXgU8Qxbryi8ATCEDLakKqprHAyhezoHL7Pb6g,SOL,chainabuse:PHISHING,chainabuse_crawl,PHISHING,label=address 3;votes=1;checked=False,2024-10-19
DQCkBt7x37MpfY9eRQPZi9cojvADZNQcZ2rL8cCcaX5d,SOL,chainabuse:PHISHING,chainabuse_crawl,PHISHING,label=address 4;votes=1;checked=False,2024-10-19
2C3jFosq44dfGXrz9n1tuVtYzwkGMeGUEPA9RuHbiM6c,SOL,chainabuse:OTHER_HACK,chainabuse_crawl,OTHER_HACK,votes=1;checked=False,2024-10-19
2fuWyamkRAxtqMqTMrWuKyoce9NwbcN7J5J3JM7eGqE8,SOL,chainabuse:OTHER_HACK,chainabuse_crawl,OTHER_HACK,votes=1;checked=False,2024-10-19
bJ4P7cCYJbSz3QDhJS9Qjyce3RFeKT2Ds6xCScSngRg,SOL,chainabuse:OTHER_HACK,chainabuse_crawl,OTHER_HACK,votes=1;checked=False,2024-10-15
7PT9jeBijHUjJmXagYy1NB1chQTAJYhNrsjhBs1f1xMQ,SOL,chainabuse:OTHER_HACK,chainabuse_crawl,OTHER_HACK,votes=1;checked=False,2024-10-15
FcbC4pcafatJx5ScXASbFbg3Wdafs6NMSyBbVjNsy4wQ,SOL,chainabuse:OTHER_HACK,chainabuse_crawl,OTHER_HACK,votes=1;checked=False,2024-10-15
6wR4agj1jBPTdH182SdujQD4BoXv4ba2QSn4krt53EH6,SOL,chainabuse:IMPERSONATION,chainabuse_crawl,IMPERSONATION,votes=1;checked=False,2024-10-14
5WXisGi6vSJfWNUFg6yBMfjB364HGQwfZDXB67GzARyK,SOL,chainabuse:IMPERSONATION,chainabuse_crawl,IMPERSONATION,votes=1;checked=False,2024-10-13
EfTxBJzS81dvjqesqcJR1pARMc95cnQqA9sPehqPjR1b,SOL,chainabuse:FAKE_RETURNS,chainabuse_crawl,FAKE_RETURNS,votes=1;checked=False,2024-10-13
BTUNumiNWpQApmBpfQE86SaL2J4xfoASjHN4C3Z66Vvj,SOL,chainabuse:FAKE_RETURNS,chainabuse_crawl,FAKE_RETURNS,votes=1;checked=False,2024-10-13
GLqfgNJmVYBeT9TrEpvZPf7t79Jd8EFrsCti87RA3bUh,SOL,chainabuse:FAKE_PROJECT+PHISHING,chainabuse_crawl,FAKE_PROJECT|PHISHING,votes=1;checked=False,2024-10-12
8QaKrenSKYJMowR2JXasTMft9w688A2b9JNo6ApzYmrR,SOL,chainabuse:IMPERSONATION,chainabuse_crawl,IMPERSONATION,votes=1;checked=False,2024-10-10
3cPMiKEtddtXCLm8wueQbwk4DxBg4bB64fLEUwnwotgf,SOL,chainabuse:IMPERSONATION,chainabuse_crawl,IMPERSONATION,votes=1;checked=False,2024-10-10
GX8JhvJdqybk8t89Av5yVpVtM4hijrdUrvMj6mB1C7CK,SOL,chainabuse:OTHER_HACK,chainabuse_crawl,OTHER_HACK,votes=0;checked=False,2024-10-05
EpUuGSj4Qp46fzedkq8ForC5vfRb8nudp2u17H2tWGPb,SOL,chainabuse:AIRDROP+IMPERSONATION,chainabuse_crawl,AIRDROP|IMPERSONATION,votes=1;checked=False,2024-10-05
EDHQEVeYqQS2L1iDdVLoniTiu3muTDuYt4XK2sfEYeHa,SOL,chainabuse:RUG_PULL,chainabuse_crawl,RUG_PULL,votes=1;checked=False,2024-10-04
8KNu2J8gk4ZCGdpA2vPbcuKmRyc7R6qSCRPaycbCaia7,SOL,chainabuse:PHISHING,chainabuse_crawl,PHISHING,votes=1;checked=False,2024-10-03
7nfb5Gy1YnFpqa6ZRPuoi73Wi9uY8ko1sUFFNcoUPqDc,SOL,chainabuse:PHISHING,chainabuse_crawl,PHISHING,votes=1;checked=False,2024-10-03
2RuABjkk6bUzD5rMCz1HSn7HbDqWRdzdBSNd4VAZYFBc,SOL,chainabuse:PHISHING,chainabuse_crawl,PHISHING,votes=1;checked=False,2024-10-02
55SYk5rfwkk7rYxzTAnyysbVkLxJA23tAvDYZccdqXH5,SOL,chainabuse:FAKE_RETURNS,chainabuse_crawl,FAKE_RETURNS,votes=1;checked=False,2024-10-01
HiHGSLTPKHmagzz1A6Qd8PoLh5jvcCfYdyk3gxzqG3dd,SOL,chainabuse:PIGBUTCHERING,chainabuse_crawl,PIGBUTCHERING,votes=1;checked=False,2024-09-30
DKvFkVpmtFQHsw6MtUtqGyxmHTGtERADK9ZB9TSp1U9v,SOL,chainabuse:OTHER_HACK,chainabuse_crawl,OTHER_HACK,votes=1;checked=False,2024-09-30
5s1JoCkin4aYdtsasnziUqynTw4aJn1TF4snTjf74wtS,SOL,chainabuse:OTHER_HACK,chainabuse_crawl,OTHER_HACK,votes=1;checked=False,2024-09-30
G3QhVcPuLebsE4sKcF9ogcDt4BPumxXgpFEB7amkiqMS,SOL,chainabuse:PHISHING,chainabuse_crawl,PHISHING,votes=1;checked=False,2024-09-29
jUMMtGVwNaddhFJoREqBXEtJoZKiz2jGuHa7GPZJcuT,SOL,chainabuse:OTHER_HACK,chainabuse_crawl,OTHER_HACK,votes=1;checked=False,2024-09-28
2USsSXPfLcvyFNB2HcsFkkuJ2s2GkHmKZjnZXx6usp93,SOL,chainabuse:OTHER_HACK,chainabuse_crawl,OTHER_HACK,votes=1;checked=False,2024-09-26
HkNmEN54hLe7Wc8F25N2XT1P3B3C8wfMDGS6CQKThUWh,SOL,chainabuse:OTHER_HACK,chainabuse_crawl,OTHER_HACK,votes=1;checked=False,2024-09-26
72PvicoFeSdkAoCvVYRso6wteUUpU43ZnxyDP1181h8h,SOL,chainabuse:OTHER_HACK,chainabuse_crawl,OTHER_HACK,votes=1;checked=False,2024-09-26
Cc2VmqygBbJBEQL7LfpZMSC8ggqYahbp8Xh2GehJ15GZ,SOL,chainabuse:OTHER_HACK,chainabuse_crawl,OTHER_HACK,votes=1;checked=False,2024-09-26
2BZobuQAAUm9qtA68sPDypH1o8xvPUG9cNcBBY321FFj,SOL,chainabuse:OTHER+OTHER_HACK,chainabuse_crawl,OTHER|OTHER_HACK,votes=1;checked=False,2024-09-26
3y9k3Swuj8HmJJs2rzhjFJMRyBMo81YYsmMTUs8kgnAz,SOL,chainabuse:PHISHING,chainabuse_crawl,PHISHING,votes=1;checked=False,2024-09-26
M54jeDLBDTLGaxSUCgedERTzNk13ZSiVaE9vNTbTtmu,SOL,chainabuse:OTHER_HACK,chainabuse_crawl,OTHER_HACK,votes=1;checked=False,2024-09-24
pGcqA5e4HUXqf2oc4HEjY1yVfqLYPd6uq2W6RYNYaJQ,SOL,chainabuse:FAKE_PROJECT,chainabuse_crawl,FAKE_PROJECT,votes=1;checked=False,2024-09-23
E7LKSUs3y8o9nDURXq3SZ6UFP5GBc3H9frBtawhExVap,SOL,chainabuse:FAKE_PROJECT,chainabuse_crawl,FAKE_PROJECT,votes=1;checked=False,2024-09-23
2kchTxt61yx4FEgEJgHJXzzDvnpj81q6eEjqnVWUnqu8,SOL,chainabuse:FAKE_PROJECT,chainabuse_crawl,FAKE_PROJECT,votes=1;checked=False,2024-09-23
r7VNzoAVWkXnP3Wq4pjPpSgqqJehWkoje2pfYhHp85P,SOL,chainabuse:CONTRACT_EXPLOIT,chainabuse_crawl,CONTRACT_EXPLOIT,votes=1;checked=False,2024-09-18
8Qah61rHT6R8KxZaxY2KhsqYhZR3n8RbzryLtmfAJkZF,SOL,chainabuse:CONTRACT_EXPLOIT,chainabuse_crawl,CONTRACT_EXPLOIT,votes=1;checked=False,2024-09-18
FbyJGnaGKod83GeGgugRxLApfxpUA1bg1su4rqKxqyjr,SOL,chainabuse:AIRDROP+OTHER_HACK,chainabuse_crawl,AIRDROP|OTHER_HACK,votes=1;checked=False,2024-09-16
7mPXrU2yC8K9Mph689FZDC2vRRRt38A7Vk4AsSMiQyzc,SOL,chainabuse:OTHER_HACK,chainabuse_crawl,OTHER_HACK,votes=1;checked=False,2024-09-12
GQaz59ExxT4tyNcjNgFh484z1THbg9yrXNk7SFfNBwvt,SOL,chainabuse:OTHER_HACK,chainabuse_crawl,OTHER_HACK,votes=1;checked=False,2024-09-11
EyRcw4ZsatVXHwWemNyFhYC3jdGgEHACniMVbhwkKUw1,SOL,chainabuse:IMPERSONATION,chainabuse_crawl,IMPERSONATION,votes=1;checked=False,2024-09-10
3iQg68PZuYm63ftqoL7gqeQDhaqFgzE2gs5iLJsR8Hmj,SOL,chainabuse:RUG_PULL,chainabuse_crawl,RUG_PULL,label=Presale Wallet;votes=3;checked=False,2024-09-10
9C7tPxsX8YgSpjA8vA3pAusKMZfp3rtqUr1JJdTxGMsc,SOL,chainabuse:RUG_PULL,chainabuse_crawl,RUG_PULL,label=Dev Wallet;votes=3;checked=False,2024-09-10
DdVDswbF23WSrd8SSavKVEfEtMaQugp6SZBY3Ccdzz59,SOL,chainabuse:RUG_PULL,chainabuse_crawl,RUG_PULL,label=Coinbase Wallet;votes=3;checked=False,2024-09-10
E1QiDBGrQjRNpaEubQLDncyeU3uCoYum65yAuEV7wsqb,SOL,chainabuse:FAKE_RETURNS,chainabuse_crawl,FAKE_RETURNS,votes=1;checked=False,2024-09-07
EKe9HTcoW5kGTrdhNdKegjTxUGumCzyAYJriUHLLMzYX,SOL,chainabuse:IMPERSONATION,chainabuse_crawl,IMPERSONATION,votes=1;checked=False,2024-09-06
6pD6oziuNWV6H4wGaLzDdgKQMiwUgK658W1gZ5vkXmnF,SOL,chainabuse:IMPERSONATION,chainabuse_crawl,IMPERSONATION,votes=1;checked=False,2024-09-06
HLUm3ZHUhrwJMPzTksMJZnehzGCEwkv7SES9pvhg6RRU,SOL,chainabuse:FAKE_RETURNS,chainabuse_crawl,FAKE_RETURNS,votes=1;checked=False,2024-09-06
DAfsQ1B15FdxzbtFsSEjb1rfm1gu2H7Zv9eTTnjr1Fj3,SOL,chainabuse:OTHER_HACK,chainabuse_crawl,OTHER_HACK,votes=1;checked=False,2024-09-06
3SrZfch9STcwNkqJHgp66oBqr9nx3DFTAjNr1Fd2D2hT,SOL,chainabuse:FAKE_RETURNS,chainabuse_crawl,FAKE_RETURNS,votes=1;checked=False,2024-09-04
AHn6Saip1DBByLc43g1isDwDFNvNbJeMcFfdbaX1GHSd,SOL,chainabuse:FAKE_RETURNS,chainabuse_crawl,FAKE_RETURNS,votes=1;checked=False,2024-09-03
BY6iHTfa4RC1DMzh6oFkAYnj5WFKJCAiiM89Gbx6RPr8,SOL,chainabuse:FAKE_RETURNS,chainabuse_crawl,FAKE_RETURNS,votes=1;checked=False,2024-09-03
GWMjwnpFsXKa28tQhHbrxQp2Z7wdaSityzHZDR8wkKDj,SOL,chainabuse:FAKE_RETURNS,chainabuse_crawl,FAKE_RETURNS,votes=1;checked=False,2024-09-03
JAo9HXaPwbfAho42956giuvDpz5dxYe6GfzzutxLFsqA,SOL,chainabuse:FAKE_RETURNS,chainabuse_crawl,FAKE_RETURNS,votes=1;checked=False,2024-09-03
BE2pJQsGzF8X24mUBgjLwYJbfBoHKfG9spcfTDJ33hdk,SOL,chainabuse:FAKE_RETURNS,chainabuse_crawl,FAKE_RETURNS,votes=1;checked=False,2024-09-02
GarwXX6G5YYSZCkNG6q6idxq1fFSEV8ZE1PNtTHXNKyL,SOL,chainabuse:FAKE_RETURNS,chainabuse_crawl,FAKE_RETURNS,votes=1;checked=False,2024-09-02
5mQTSuUQMPYaqMLQt5Qq7LZF767w5TBbooENxXKQDvee,SOL,chainabuse:FAKE_RETURNS,chainabuse_crawl,FAKE_RETURNS,votes=1;checked=False,2024-09-02
9iXfwUqD7m4NAfN63Ab5bdNRvNBNme779NkSMqdjhp1H,SOL,chainabuse:FAKE_RETURNS,chainabuse_crawl,FAKE_RETURNS,votes=1;checked=False,2024-09-02
8bQEnQb9bES3bjZPCqbWnMGavxgfqkykdQhtZFzmsUE2,SOL,chainabuse:FAKE_RETURNS,chainabuse_crawl,FAKE_RETURNS,votes=1;checked=False,2024-09-02
HLg7P4PdaNGjVQkGH2T838mRzVXJpYEZ2X1c3WCbXrGT,SOL,chainabuse:FAKE_RETURNS,chainabuse_crawl,FAKE_RETURNS,votes=1;checked=False,2024-09-02
DadEgL8xv3jB48UqEbC5y34zyMGBi8sH7r1oRn5oKukJ,SOL,chainabuse:PHISHING,chainabuse_crawl,PHISHING,votes=1;checked=False,2024-09-02
BjpyuL6ugbZyrhVAArs1KLPzyaiMwy5TjZwYohbmR93A,SOL,chainabuse:FAKE_RETURNS,chainabuse_crawl,FAKE_RETURNS,votes=1;checked=False,2024-09-01
DqFeG96sa5S7GvHiSk3rjw6xNzpyfK75yzq85RvZXXDA,SOL,chainabuse:AIRDROP,chainabuse_crawl,AIRDROP,votes=1;checked=False,2024-08-28
3yFwCLXPtFz52noZGKY8tPXQAP2zEbJCArChhiRFiYAg,SOL,chainabuse:FAKE_RETURNS+OTHER_HACK,chainabuse_crawl,FAKE_RETURNS|OTHER_HACK,votes=1;checked=False,2024-08-26
J1vQ1wBYz3JZAW1yXsygzeE5tMQRbnuMeHaJHcQ459Lg,SOL,chainabuse:FAKE_RETURNS+OTHER_HACK,chainabuse_crawl,FAKE_RETURNS|OTHER_HACK,votes=1;checked=False,2024-08-26
13qESscnJbEZjsUi4fv47nvxMcHjp4VNRapSuog1wYus,SOL,chainabuse:PHISHING,chainabuse_crawl,PHISHING,votes=1;checked=False,2024-08-20
CzXA1gwnbEByQfvNN5DbYZRLxxdDUGUgqCjTJrEBys1x,SOL,chainabuse:PHISHING,chainabuse_crawl,PHISHING,votes=1;checked=False,2024-08-19
7f7dgNNeL1RwbEd6Eao5BE8KNurTnLZnRZeVjkCGJgQD,SOL,chainabuse:IMPERSONATION,chainabuse_crawl,IMPERSONATION,label=Bnb;votes=1;checked=False,2024-08-17
48mpgkYNJuJhuFt6uk3N7erEVn2GXpFtStAhSK49Rx71,SOL,chainabuse:PHISHING,chainabuse_crawl,PHISHING,votes=1;checked=False,2024-08-17
7vADGSb6qsNoe9XNoSzf8Mum7aGzpWr1EpHTzGMc1SVL,SOL,chainabuse:OTHER,chainabuse_crawl,OTHER,votes=1;checked=False,2024-08-15
8SukCbE1Ew3EovAD6kPXSFkEUzg9ybWscVLQkfKPBTu3,SOL,chainabuse:CONTRACT_EXPLOIT,chainabuse_crawl,CONTRACT_EXPLOIT,votes=1;checked=False,2024-08-13
9daiUP2L9ob85B71sBjYrWjNrfaQPn4ENoXtxG22MEA4,SOL,chainabuse:OTHER_HACK,chainabuse_crawl,OTHER_HACK,votes=1;checked=False,2024-08-13
9A3e7VaAAFgpA6EjVKaJ1p8RRafZGjTWG5b4jNYzMEA4,SOL,chainabuse:OTHER_HACK,chainabuse_crawl,OTHER_HACK,votes=1;checked=False,2024-08-13
9J9rfENT84BTAAp6NUY2yNpvopNXKAM5PQoRJKT5Mv1x,SOL,chainabuse:FAKE_RETURNS,chainabuse_crawl,FAKE_RETURNS,votes=1;checked=False,2024-08-13
8dMzcRttkpMMNt4Sen7oBwRkq33CGcxqNq3QsKCocvL5,SOL,chainabuse:OTHER,chainabuse_crawl,OTHER,votes=1;checked=False,2024-08-12
J8XiULq8dCTRbfKVkCnjgZ42zguQWSWGgq3v7cpvwZ1E,SOL,chainabuse:OTHER_HACK,chainabuse_crawl,OTHER_HACK,votes=1;checked=False,2024-08-09
HQwqACbdUqrcbUmbv53B72HJKuQZ6XeSG1zb9H1rbzn3,SOL,chainabuse:PHISHING,chainabuse_crawl,PHISHING,votes=1;checked=False,2024-08-07
CpXF4pfESN44aiHVUC37ypNcRvNpKqwd1aEyvRSU5axW,SOL,chainabuse:PHISHING,chainabuse_crawl,PHISHING,votes=1;checked=False,2024-08-05
Hvb9SuDQsmhCzTRN3gzimMghVjBqfSFUH3qzgj6LF6PU,SOL,chainabuse:OTHER_HACK,chainabuse_crawl,OTHER_HACK,label=Hacker Address;votes=1;checked=False,2024-08-05
96UL1RFMnnrXZp1cQRXsewM565MTSs726XqGSEoRhus6,SOL,chainabuse:OTHER_HACK,chainabuse_crawl,OTHER_HACK,votes=1;checked=False,2024-08-05
bc1qef24wfafu5kp7fv3ch5pwhDxfh4nw96nmkau5zm,SOL,chainabuse:FAKE_RETURNS,chainabuse_crawl,FAKE_RETURNS,votes=1;checked=False,2024-08-04
13qW4ktrXhjt1T3GMrYMdGDeUQ5mLBi6jCEeagtehS3R,SOL,chainabuse:OTHER_HACK,chainabuse_crawl,OTHER_HACK,votes=2;checked=False,2024-08-02
9xgyLDkZ7YRZnkWnYcLP33qVoxkDhkUSmpCv1WfgJodc,SOL,chainabuse:OTHER_HACK,chainabuse_crawl,OTHER_HACK,votes=1;checked=False,2024-08-01
9YkDSguqCUzBxoKrtrFSFwjusZFBFQQprtqr8taYWg41,SOL,chainabuse:OTHER_HACK,chainabuse_crawl,OTHER_HACK,votes=1;checked=False,2024-07-31
6uwBGnemrf9qpAfk6ry7xb3XVSdPeQ6KKGja5oY7Sjt3,SOL,chainabuse:OTHER,chainabuse_crawl,OTHER,votes=1;checked=False,2024-07-30
H8W2wYDJQprPrK38SGtseSsht5Pfk8DSfojxZ7DRUrmV,SOL,chainabuse:DONATION_SCAM,chainabuse_crawl,DONATION_SCAM,votes=1;checked=False,2024-07-30
ByKZfk3ZYT1zLdspvVJbz1gxbL9UJehuCk2UtQtqkRnm,SOL,chainabuse:IMPERSONATION,chainabuse_crawl,IMPERSONATION,votes=1;checked=False,2024-07-30
9AS7tBjEbqv85EeiRwMY7uDY3WQRPXYg783n7XBSraii,SOL,chainabuse:OTHER_HACK,chainabuse_crawl,OTHER_HACK,votes=1;checked=False,2024-07-30
G5iCHCL7oDUB1MkdCzXFnF6MJUMyrxTwpqsiz4mtLxZm,SOL,chainabuse:FAKE_RETURNS,chainabuse_crawl,FAKE_RETURNS,votes=1;checked=False,2024-07-28
5jiEYKPtXNodMsBrHr3WftVR9CynyEs9KudaFaRX183M,SOL,chainabuse:FAKE_PROJECT,chainabuse_crawl,FAKE_PROJECT,votes=1;checked=False,2024-07-27
fh2djPUyG3B8bv4jA3TUGtQnsEKRMy5iLaKh6bEQvie,SOL,chainabuse:PHISHING,chainabuse_crawl,PHISHING,votes=1;checked=False,2024-07-26
73EEefkLgw9beP6YNqtqwk2T8UuBCW7QKEDfjQi7A3Q7,SOL,chainabuse:PHISHING,chainabuse_crawl,PHISHING,label=This is the scammer;votes=1;checked=False,2024-07-25
3WZSjw8CTn7KTDEKsWRv3E6ysACriGcntGtdph5ern9c,SOL,chainabuse:PHISHING,chainabuse_crawl,PHISHING,votes=1;checked=False,2024-07-25
8zY6jjLRxGJgE4yKxFNigdXCbibTPLXMmuCkUqFS32Nq,SOL,chainabuse:PHISHING,chainabuse_crawl,PHISHING,votes=1;checked=False,2024-07-25
CZTJ8Rsxsm7wSJuVr3GpAYL9713KM9pVXmtNKmWnVgew,SOL,chainabuse:PHISHING,chainabuse_crawl,PHISHING,votes=1;checked=False,2024-07-25
GVq3kRFk1XJihNvwFpyw4zAy5Wt5yEVQeS2q2iwMZEhP,SOL,chainabuse:PHISHING,chainabuse_crawl,PHISHING,votes=1;checked=False,2024-07-25
HMh8XcC7x1bgGgXBMoGyMm5TtguFo5L5mXSMG9inwLRL,SOL,chainabuse:PHISHING,chainabuse_crawl,PHISHING,votes=1;checked=False,2024-07-25
8gWHFYWSHBCgcyorWiyS7k1fWN4NycQA3bue68vGyH1S,SOL,chainabuse:OTHER_HACK,chainabuse_crawl,OTHER_HACK,votes=1;checked=False,2024-07-23
3WYuHvbJWegQDv1oJy2Chw5JtFhU9aW5oxFerpFmo1k7,SOL,chainabuse:OTHER,chainabuse_crawl,OTHER,votes=1;checked=False,2024-07-19
HdvRLS38RVGm3XgenaZ35xhLTN7pbUkJTVX6udzTitKy,SOL,chainabuse:OTHER_HACK,chainabuse_crawl,OTHER_HACK,votes=1;checked=False,2024-07-17
H8sMJSCQxfKiFTCfDR3DUMLPwcRbM61LGFJ8N4dK3WjS,SOL,chainabuse:OTHER_HACK,chainabuse_crawl,OTHER_HACK,votes=1;checked=False,2024-07-17
6WKRqzz5QxyRBYdX8rGEpGRw6NauJGPiNZ8NYkU5isVi,SOL,chainabuse:OTHER_HACK,chainabuse_crawl,OTHER_HACK,votes=1;checked=False,2024-07-17
FLiPggWYQyKVTULFWMQjAk26JfK5XRCajfyTmD5weaZ7,SOL,chainabuse:AIRDROP+OTHER+OTHER_HACK,chainabuse_crawl,AIRDROP|OTHER|OTHER_HACK,label=play_flipgg.sol;votes=1;checked=False,2024-07-17
FahnQ9MC7hvnqTePcVTEkdAXMAZ4AGVkLThVmtL247Qg,SOL,chainabuse:FAKE_PROJECT,chainabuse_crawl,FAKE_PROJECT,votes=-1;checked=False,2024-07-16
FtMykNvTJhJ9nbwUyZut8TWayne1zBmZu5iBV7q54DuL,SOL,chainabuse:RUG_PULL,chainabuse_crawl,RUG_PULL,votes=1;checked=False,2024-07-16
6fTu6hfpRvzrj4pKwgPYFXY6k14ggvencUQDgpkc76qq,SOL,chainabuse:PHISHING,chainabuse_crawl,PHISHING,votes=1;checked=False,2024-07-15
8kudNqVAGYR2iARwtpFUwoWH5pkF4WF4pFGuPH8BZYqp,SOL,chainabuse:OTHER_HACK,chainabuse_crawl,OTHER_HACK,votes=1;checked=False,2024-07-15
31XH3BW1nqhLiJYDhEaTSeNfMNqoaTyukcvZ23z4oDFd,SOL,chainabuse:OTHER_HACK,chainabuse_crawl,OTHER_HACK,votes=1;checked=False,2024-07-14
E8F8WwiXv3bhKYzY3UNLSvagbu6SxuavnJ41hRXRetJy,SOL,chainabuse:FAKE_PROJECT,chainabuse_crawl,FAKE_PROJECT,votes=1;checked=False,2024-07-13
7HvRpDB5G5hwM1X6zTbWrJzZiQnVDcPhJDA8WqobrHVC,SOL,chainabuse:OTHER_HACK,chainabuse_crawl,OTHER_HACK,votes=1;checked=False,2024-07-11
4fdQ95MTx3T9hfjr4Evw6kU6HgEns8tS8pqSmNsSUWik,SOL,chainabuse:OTHER,chainabuse_crawl,OTHER,votes=1;checked=False,2024-07-11
438qGqYpyfskD3Gju19dfvW6tnNDB2N7YdMDzeejhvpJ,SOL,chainabuse:PHISHING,chainabuse_crawl,PHISHING,votes=1;checked=False,2024-07-10
4WmQa99BnDEVbthWWSsVwMVfjzVWXLn7GRYBp2AYyNhN,SOL,chainabuse:RUG_PULL,chainabuse_crawl,RUG_PULL,votes=1;checked=False,2024-07-09
J1oUdSi2QPqJdJouV6WvP9q3hN2tTrk8hRD1sUSBxZxp,SOL,chainabuse:AIRDROP,chainabuse_crawl,AIRDROP,label=scammer;votes=1;checked=False,2024-07-07
GGbGvFRc4ctFyTurhx8pDZgRvhGDNnFxw161a8DE491h,SOL,chainabuse:OTHER_BLACKMAIL,chainabuse_crawl,OTHER_BLACKMAIL,votes=1;checked=False,2024-07-06
A9wN4qo5jKikzYMPw3QgT81dLYrRFu3wJ2SptSUKJWhr,SOL,chainabuse:OTHER_BLACKMAIL,chainabuse_crawl,OTHER_BLACKMAIL,votes=1;checked=False,2024-07-06
5H3VZ1u5989yD8qMD9tCWA8t7bXYWBxrFtj3vmonmMMj,SOL,chainabuse:IMPERSONATION,chainabuse_crawl,IMPERSONATION,label=Phantom Wallet;votes=0;checked=False,2024-07-05
3WbS8rFyafwsDjtR3Wubbie9bVsJZTBqbJNL7YX43MhU,SOL,chainabuse:IMPERSONATION,chainabuse_crawl,IMPERSONATION,label=Coinbase wallet;votes=0;checked=False,2024-07-05
DYeHrXVKQj1x91agzzEAQvDnz3HTJBiAgMBSDCTe5gdr,SOL,chainabuse:IMPERSONATION,chainabuse_crawl,IMPERSONATION,label=Coinbase wallet;votes=0;checked=False,2024-07-05
DJ15ZYXqUNMYJ3hL7z4ciSaSFAw5cbos3YjGpdvwmF6c,SOL,chainabuse:AIRDROP,chainabuse_crawl,AIRDROP,votes=1;checked=False,2024-07-04
3LeVizuW3YoCnjfMfuQ22rSFQLDLdo9jXLKjyqfBU3w5,SOL,chainabuse:AIRDROP,chainabuse_crawl,AIRDROP,votes=1;checked=False,2024-07-04
DEEXjEnZMgMK9pgLzR4rzfodS99zPyoDkLaaMvYwWV7Z,SOL,chainabuse:IMPERSONATION,chainabuse_crawl,IMPERSONATION,votes=1;checked=False,2024-07-04
GJ54pFrpzsW3tW32uoEfui5yZRp6Q25NMXxEC8HB8vEi,SOL,chainabuse:PHISHING,chainabuse_crawl,PHISHING,votes=1;checked=False,2024-07-04
GLF8nEiqC72PcGjJJ6LracbJKkXSWFVQ1774rccaepBJ,SOL,chainabuse:PHISHING,chainabuse_crawl,PHISHING,votes=1;checked=False,2024-07-03
7jubAL1LVqGScU72mDvyQTF8dbCjxYNJDfNRwb9ExtTm,SOL,chainabuse:OTHER_HACK,chainabuse_crawl,OTHER_HACK,votes=1;checked=False,2024-07-03
3qDhqSLTT1hyNQBmgVsRGDi6SAcEqi4DL4hecAsP1MTK,SOL,chainabuse:OTHER_HACK+PHISHING,chainabuse_crawl,OTHER_HACK|PHISHING,votes=1;checked=False,2024-07-02
6xWoqoLbuHaijvQ5rAv5iSJ4xEq7t3FVDz2muDYc5XZK,SOL,chainabuse:OTHER+PHISHING,chainabuse_crawl,OTHER|PHISHING,label=scammer;votes=1;checked=False,2024-07-02
GnzAuWBkSfuhTgFUEdyCfmRjHiZiBLg8AvLmxWoMkN3P,SOL,chainabuse:PHISHING,chainabuse_crawl,PHISHING,votes=1;checked=False,2024-07-01
3CvPYEj8Fbx3cjND8ngdmHhgULqrPkjegvWRydt24qP5,SOL,chainabuse:IMPERSONATION,chainabuse_crawl,IMPERSONATION,votes=1;checked=False,2024-06-30
5xZY8dNkygdvg7h58m5LwR5mNqxu4oU1DGpgHGQWYjqj,SOL,chainabuse:OTHER,chainabuse_crawl,OTHER,votes=1;checked=False,2024-06-30
BpxwDYA6VuCRNYs77bg7oWiuLwos6juqXCnAdXirAQ2o,SOL,chainabuse:IMPERSONATION,chainabuse_crawl,IMPERSONATION,votes=1;checked=False,2024-06-29
CNh2o9Zg9Kw6vGfDafSuwfSQvYaymiMHeJaUpwU7BnXd,SOL,chainabuse:IMPERSONATION,chainabuse_crawl,IMPERSONATION,votes=1;checked=False,2024-06-29
3tWAwqro6zcexTK49Jbh3trLfwWHTCUQyY6AZYouQXiD,SOL,chainabuse:PHISHING,chainabuse_crawl,PHISHING,votes=1;checked=False,2024-06-28
4NG5X9r9qd7DeBjRqRWQnpaZsuH52sjMjsxuL9JJAFug,SOL,chainabuse:OTHER_HACK,chainabuse_crawl,OTHER_HACK,votes=1;checked=False,2024-06-28
9zK6y8G3jxB4cMwWAyB1Hs4tqb8jmHFV6RzojWCiw7JC,SOL,chainabuse:OTHER_HACK,chainabuse_crawl,OTHER_HACK,votes=1;checked=False,2024-06-28
DNrcSKF9WWt3yNmKbwFASX373StxuB7et3nVLTEzdYaE,SOL,chainabuse:OTHER_HACK,chainabuse_crawl,OTHER_HACK,votes=1;checked=False,2024-06-28
4ejHAKwiwHViq3Cumvz6FvSkNRpg1rXBJ2Ajf1Meuu7r,SOL,chainabuse:OTHER_HACK,chainabuse_crawl,OTHER_HACK,votes=1;checked=False,2024-06-28
TDX5YYHXGnnVVL4M2M7thtpfLL1PFsqxYHN9Lx159SK,SOL,chainabuse:OTHER_HACK,chainabuse_crawl,OTHER_HACK,votes=1;checked=False,2024-06-28
3oBQtkYNoSrHrbm3MRvknDTd9gf9P6WX3SPKdQPMcmWU,SOL,chainabuse:OTHER_HACK,chainabuse_crawl,OTHER_HACK,votes=1;checked=False,2024-06-28
8TEJH6Vgvr2F5cJJV1S8kPN4rYc153vLhHKPyVsobMV6,SOL,chainabuse:OTHER_HACK,chainabuse_crawl,OTHER_HACK,votes=1;checked=False,2024-06-28
Hzio1SQ3QjTzCb7wtvMpCrwYUNxUXhbnWQ1mUQXwKKq1,SOL,chainabuse:OTHER_HACK,chainabuse_crawl,OTHER_HACK,votes=1;checked=False,2024-06-28
2JKPjfbh3QNNdAjwjoTxUrU7EyNjd2hAhEi6HF3npq8g,SOL,chainabuse:FAKE_PROJECT,chainabuse_crawl,FAKE_PROJECT,votes=1;checked=False,2024-06-27
F45ho1oV96p8SUdh5hRWVpTc8Ffz9jWmGJLwrQL78rNo,SOL,chainabuse:OTHER,chainabuse_crawl,OTHER,label=Scammers wallet;votes=1;checked=False,2024-06-26
EJeYB3Rdo3qKhrJ4S8uYUg5sj1vEdncbr9cDvi7mQQD5,SOL,chainabuse:PHISHING,chainabuse_crawl,PHISHING,votes=1;checked=False,2024-06-26
365fZnWiCHEQny7pMRkJWWcQdGXSBFynz7rM6197V1UU,SOL,chainabuse:PHISHING,chainabuse_crawl,PHISHING,votes=1;checked=False,2024-06-26
5WrpRzoLZrLmx28E9cTKg4twYmqm1QBDUzKboFMHyEsX,SOL,chainabuse:PHISHING,chainabuse_crawl,PHISHING,votes=1;checked=False,2024-06-26
C6u2eDAbGkGj5SHdpKQv6XrjQWKF3Z1cCzn7xsrrJiMR,SOL,chainabuse:OTHER_HACK,chainabuse_crawl,OTHER_HACK,votes=1;checked=False,2024-06-26
Fwo934dpJBJd13fFEtvyeD56kcTNoLf4vLY3PqxX5DNz,SOL,chainabuse:AIRDROP,chainabuse_crawl,AIRDROP,votes=2;checked=False,2024-06-25
J5bETQN9FmLuFncmgPxU4THndumC4U9d1gfZoa9R5isj,SOL,chainabuse:RUG_PULL,chainabuse_crawl,RUG_PULL,votes=1;checked=False,2024-06-23
DmvXr57Rdn6Pvi1gKer21a2gmREGvJqQWqmbLGs2Fj6S,SOL,chainabuse:FAKE_PROJECT,chainabuse_crawl,FAKE_PROJECT,label=His fake deposit address;votes=1;checked=False,2024-06-22
7ownfSa6NvaC6KhWynDHBsGfbKnokN8at4kJGtLFECRP,SOL,chainabuse:FAKE_PROJECT,chainabuse_crawl,FAKE_PROJECT,label=Receiving address;votes=1;checked=False,2024-06-22
22QHmhd8AtuaDYyRQmmHAbLGghciMKBiGGSxe5Qd9XAE,SOL,chainabuse:AIRDROP,chainabuse_crawl,AIRDROP,votes=1;checked=False,2024-06-20
AVJzWULQ1byzNWV5YB77dDyHYnLSQTJYLUdoJbf3CFyE,SOL,chainabuse:OTHER_HACK,chainabuse_crawl,OTHER_HACK,label=macOS.Bkdr.Activator;votes=2;checked=False,2024-06-19
ExiMyGaf45QpEyQEnSbCts9RYvBjZZq9eWBvUZcSg1Lh,SOL,chainabuse:OTHER_HACK,chainabuse_crawl,OTHER_HACK,label=macOS.Bkdr.Activator;votes=2;checked=False,2024-06-19
D4FDcL4jBjo3NmdoQqmqdzH4YEEGiNqqFCrzbXFg8fid,SOL,chainabuse:OTHER_HACK,chainabuse_crawl,OTHER_HACK,votes=2;checked=False,2024-06-19
5ALjVgVXfWFvb5WfNkys7WE1nZqt6UgWbzujzu1addKb,SOL,chainabuse:OTHER_HACK,chainabuse_crawl,OTHER_HACK,votes=2;checked=False,2024-06-19
7k3QDvWz7mkmBqq7sWNnN1RZamt9VwY3ynWaPTFUR7GJ,SOL,chainabuse:OTHER_HACK,chainabuse_crawl,OTHER_HACK,votes=2;checked=False,2024-06-19
CacnMJNrF1duVBRfAi7r26yFwZDEvARRwHpz6PLPzczS,SOL,chainabuse:OTHER_HACK,chainabuse_crawl,OTHER_HACK,votes=2;checked=False,2024-06-19
5aWa3sNaT18pgnd7QgobtKMNdxU7LCmeWfRVxWdKuxF3,SOL,chainabuse:OTHER_HACK,chainabuse_crawl,OTHER_HACK,votes=2;checked=False,2024-06-19
aWa3sNaT18pgnd7QgobtKMNdxU7LCmeWfRVxWdKuxF3,SOL,chainabuse:OTHER_HACK,chainabuse_crawl,OTHER_HACK,votes=2;checked=False,2024-06-19
5fCTfKQ3kzmXq4pCxnsYehsha1ipUs9JJVdDGsAdt15f,SOL,chainabuse:OTHER_HACK,chainabuse_crawl,OTHER_HACK,votes=2;checked=False,2024-06-19
TE7sv9pBfViK98XHsm53K3gc9XHqbW9Ujpjox3sLAXH,SOL,chainabuse:OTHER_HACK,chainabuse_crawl,OTHER_HACK,votes=2;checked=False,2024-06-19
9mXBTBPRWARjnRKMzVabZ4s5PcSgQYobJeQVTYQh65Sj,SOL,chainabuse:OTHER_HACK,chainabuse_crawl,OTHER_HACK,votes=2;checked=False,2024-06-19
GE9eKozivBagws3GvWwPwEbi64UUUnF9fSbFzfdPB1Fw,SOL,chainabuse:OTHER_HACK,chainabuse_crawl,OTHER_HACK,votes=2;checked=False,2024-06-19
7WTC97B5EEy424rLdyNLsr43ksqzcQXcixwMvcBbJqdD,SOL,chainabuse:OTHER_HACK,chainabuse_crawl,OTHER_HACK,votes=1;checked=False,2024-06-18
2y4xdGQtyYoYMokEkADHZH1Pv9TfjPBGD8T9Gsbg9XxG,SOL,chainabuse:OTHER_HACK,chainabuse_crawl,OTHER_HACK,label=SOL;votes=1;checked=False,2024-06-18
2sdNNc3NjACHg2D3Z3iGktQjwy8d3V2eKakgqVkbFVoU,SOL,chainabuse:OTHER_HACK,chainabuse_crawl,OTHER_HACK,votes=1;checked=False,2024-06-18
9RdLhqQXrHSy4MAYUJ9ZDpMca95oz9wXdxLgAXChbLtB,SOL,chainabuse:OTHER_HACK,chainabuse_crawl,OTHER_HACK,votes=1;checked=False,2024-06-17
6DnvheZUfP7sjHri67h1nWYNGUTZZJcwH8LuGPohsiru,SOL,chainabuse:FAKE_RETURNS,chainabuse_crawl,FAKE_RETURNS,votes=1;checked=False,2024-06-17
HbtSzZgPZJabqWgXV9t7S4n6RwkmFuUDze1tQYX22oAP,SOL,chainabuse:AIRDROP+IMPERSONATION+PHISHING,chainabuse_crawl,AIRDROP|IMPERSONATION|PHISHING,label=Beer & Bome ;votes=1;checked=False,2024-06-16
HdkfZn3jEJp6DgAQ8doVbiDdbXYk6a5q1iP7R81Admfu,SOL,chainabuse:IMPERSONATION,chainabuse_crawl,IMPERSONATION,votes=1;checked=False,2024-06-16
9MS7Bt7SkiVNERCLiZEEfDbGj1VcrFnhRaiFpxYKjS2o,SOL,chainabuse:IMPERSONATION,chainabuse_crawl,IMPERSONATION,votes=1;checked=False,2024-06-16
9htfHryds3YLLjZZxa4RTyegFfsScvGcFTQyFCcVXUVm,SOL,chainabuse:IMPERSONATION,chainabuse_crawl,IMPERSONATION,votes=1;checked=False,2024-06-16
HuCVrhcXQTt2T423KMisLNWiHgVaUeFnkXoZWMtFFbJ,SOL,chainabuse:IMPERSONATION,chainabuse_crawl,IMPERSONATION,votes=1;checked=False,2024-06-16
F4oKSPoZ6q7hwJKWCzU9BRPb2idEgCLf72chUgeB13DG,SOL,chainabuse:PHISHING,chainabuse_crawl,PHISHING,votes=1;checked=False,2024-06-15
2MFoS3MPtvyQ4Wh4M9pdfPjz6UhVoNbFbGJAskCPCj3h,SOL,chainabuse:PHISHING,chainabuse_crawl,PHISHING,votes=1;checked=False,2024-06-15
HbVmJvTtquswo7sKmBQoA8TDwyhPQa8izos1SgjZfxXn,SOL,chainabuse:FAKE_PROJECT,chainabuse_crawl,FAKE_PROJECT,votes=1;checked=False,2024-06-13
6qf1TcDPHX1gFVVvdGvZ4Ucyoay3XNXKgzpBL2nCGH1Q,SOL,chainabuse:IMPERSONATION,chainabuse_crawl,IMPERSONATION,votes=2;checked=False,2024-06-13
64aaopi4FpmRK2PhGksHw4qa3v1k7E9Cr2sq1xieWypA,SOL,chainabuse:OTHER_HACK,chainabuse_crawl,OTHER_HACK,label=#1 point theft;votes=1;checked=False,2024-06-12
3r3XV7ny3feM8bTXBhSrzPqYkKPVs4k8NUFUkhqjoGSw,SOL,chainabuse:OTHER_HACK,chainabuse_crawl,OTHER_HACK,label=#2;votes=1;checked=False,2024-06-12
C5v7cA28BnBxGVXciHt8w8wf8N2hDfWRayY9wSVB46t9,SOL,chainabuse:PHISHING,chainabuse_crawl,PHISHING,votes=1;checked=False,2024-06-12
67XXmx8J39PT33kKgVGhxD5rmTa54qSWJ4AtsngpBLTX,SOL,chainabuse:OTHER_HACK,chainabuse_crawl,OTHER_HACK,votes=1;checked=False,2024-06-10
GLstcjV4bgq8E6uixGz4zED9wP1fUNJSQ5kLuRDssu5v,SOL,chainabuse:DONATION_SCAM,chainabuse_crawl,DONATION_SCAM,votes=1;checked=False,2024-06-10
Eophg32jePDavBSi1Si5MZyRQoES8h63fmPB4KdmrP3t,SOL,chainabuse:PHISHING,chainabuse_crawl,PHISHING,votes=1;checked=False,2024-06-08
CapuXNQoDviLvU1PxFiizLgPNQCxrsag1uMeyk6zLVps,SOL,chainabuse:PHISHING,chainabuse_crawl,PHISHING,votes=1;checked=False,2024-06-08
DQtsabXDiEPu2MX7gGV3k5B5EB9Uxe3ecNqzErtic7ik,SOL,chainabuse:OTHER,chainabuse_crawl,OTHER,votes=1;checked=False,2024-06-08
CrvuwmPoeDm4ipqXwFCrpuDg1KroaM4MYAqhsP21i7Hs,SOL,chainabuse:OTHER,chainabuse_crawl,OTHER,votes=1;checked=False,2024-06-08
4Kcm1GHZryfGcDhYLf2u9kLPM3JXPLkTzJJAHYYVZAoR,SOL,chainabuse:AIRDROP,chainabuse_crawl,AIRDROP,votes=1;checked=False,2024-06-08
2MGmTruLksa6noSMzQrroU1LMk3NKaRx7ksNM2bALQUr,SOL,chainabuse:IMPERSONATION,chainabuse_crawl,IMPERSONATION,votes=1;checked=False,2024-06-07
9p6adsm5fEy2Gm6peD6JPNi3UQ7Bd3Yj4xnTCf51RQTW,SOL,chainabuse:AIRDROP+OTHER_HACK,chainabuse_crawl,AIRDROP|OTHER_HACK,votes=1;checked=False,2024-06-06
ADuUkR4vqLUMWXxW9gh6D6L8pMSawimctcNZ5pGwDcEt,SOL,chainabuse:OTHER_HACK,chainabuse_crawl,OTHER_HACK,votes=1;checked=False,2024-06-06
G7MWrtgM1wG7pC5SmZPxAQ3rtzRpWTTjEcBbG6bviQyc,SOL,chainabuse:AIRDROP,chainabuse_crawl,AIRDROP,votes=1;checked=False,2024-06-05
7kVNoMR5dM5XeZ5Z2mfsgrBs63SJG8xY3DvpAA6wrA49,SOL,chainabuse:OTHER_HACK,chainabuse_crawl,OTHER_HACK,votes=1;checked=False,2024-06-05
5C1F3sft8L27YmqtAENCLdGvTxdS69CjB2wGwi5nKAf7,SOL,chainabuse:OTHER_HACK,chainabuse_crawl,OTHER_HACK,votes=1;checked=False,2024-06-04
5aBPcyTAngKfNdicWSsuFCy3ELUf7zqS3mEvJRmm5Xpy,SOL,chainabuse:SEXTORTION,chainabuse_crawl,SEXTORTION,votes=1;checked=False,2024-06-03
GaE1XtFQuW3DfNJrsAs5gATT1XeP2K5zipkmUTBqaDfr,SOL,chainabuse:PHISHING,chainabuse_crawl,PHISHING,votes=1;checked=False,2024-06-02
2W9bJMkbvSbF91NdsWws215kMjWi1vyRAhkJBCRHnmxK,SOL,chainabuse:PHISHING,chainabuse_crawl,PHISHING,votes=1;checked=False,2024-05-31
FjWDqUtwdt59iJDLQk8FWgCXZCKQUUezipWtdWc1Hj5i,SOL,chainabuse:PHISHING,chainabuse_crawl,PHISHING,votes=1;checked=False,2024-05-31
bjAM6woiKsFzjjfzCsgadmHrP2zHiAHenx4s2S3RhUL,SOL,chainabuse:FAKE_RETURNS+RUG_PULL,chainabuse_crawl,FAKE_RETURNS|RUG_PULL,votes=1;checked=False,2024-05-31
54fHr6WMR7DDq8ZokeTej4U6jzDcEGJKNvQxGE6k2vLR,SOL,chainabuse:OTHER,chainabuse_crawl,OTHER,votes=1;checked=False,2024-05-29
58qEoZWDhRXJLZM81dhGBE9yX8SurkZXwcshRUt2eiwy,SOL,chainabuse:PHISHING,chainabuse_crawl,PHISHING,label=Hacker's Solana Address;votes=1;checked=False,2024-05-28
Ab6SDGKe5VLnYBuq4sEgbZ3t58QT6okhmAFn37VhKEBe,SOL,chainabuse:AIRDROP,chainabuse_crawl,AIRDROP,votes=1;checked=False,2024-05-28
G2Lv2uKycrMCXEZ2KCmX7SZiDfK9ua2HTQGLdFvqTdQS,SOL,chainabuse:PHISHING,chainabuse_crawl,PHISHING,votes=1;checked=False,2024-05-27
5yhAyfR5Z7ALwkU7vSH2AjnvLqJb7Zu5DPCEVocvkSwC,SOL,chainabuse:SIM_SWAP,chainabuse_crawl,SIM_SWAP,votes=1;checked=False,2024-05-26
2BN5nmMtQFmwyW9EGiQEintCiU5eNtPS9Us4m46LXzGQ,SOL,chainabuse:PHISHING,chainabuse_crawl,PHISHING,votes=1;checked=False,2024-05-24
2qLd1LHhSctGMr2gpjkqU5cvxKRHtQRgYU3XT8TQWe2A,SOL,chainabuse:OTHER,chainabuse_crawl,OTHER,votes=1;checked=False,2024-05-24
6eB1ULjHkM5VkU8fmWXJcwHUeEqCrHnqQWhYrQBurKvw,SOL,chainabuse:PHISHING,chainabuse_crawl,PHISHING,label=Scammer;votes=1;checked=False,2024-05-23
H77be7x5FdxyznacffYGQYFjpT93F5cYVjdb9oPR5NPz,SOL,chainabuse:PHISHING,chainabuse_crawl,PHISHING,votes=1;checked=False,2024-05-23
bc1q7kn8n7mjngk9t9cvh3crgqa7xzdaday3mearmth,SOL,chainabuse:SEXTORTION,chainabuse_crawl,SEXTORTION,votes=1;checked=False,2024-05-21
CTum86VtuzLY1UWpMX8Dy9FzSx6Njz34aczjECkSh9d8,SOL,chainabuse:PHISHING,chainabuse_crawl,PHISHING,votes=1;checked=False,2024-05-21
8hJHb66Qs7A52J2LdtKHuMVmFQxPWBrF1s7Aquh6LjJB,SOL,chainabuse:AIRDROP,chainabuse_crawl,AIRDROP,votes=1;checked=False,2024-05-20
3zLXKvjbtUVw8cu8F11Q8cBReJXDwWbEyWrKATbFGJVY,SOL,chainabuse:AIRDROP+CONTRACT_EXPLOIT+OTHER_HACK,chainabuse_crawl,AIRDROP|CONTRACT_EXPLOIT|OTHER_HACK,votes=1;checked=False,2024-05-17
3Vz8rqe25p995y2FTXLdVFKT2V1DAYU9L9PyMMh2ZjfS,SOL,chainabuse:OTHER,chainabuse_crawl,OTHER,votes=1;checked=False,2024-05-16
4mhbQEd53q97td8jhugTAn2REA9uNG9cMuxU2NzY7RWG,SOL,chainabuse:OTHER_HACK,chainabuse_crawl,OTHER_HACK,votes=1;checked=False,2024-05-15
46qwFMhp5ZNLdQdbbz7aPLpg4KphD9iksnw9GJnzpJYt,SOL,chainabuse:ROMANCE,chainabuse_crawl,ROMANCE,votes=1;checked=False,2024-05-13
8jg1zLWDrut8jqkkP5movomeorucCCd4rf2MbzddT3di,SOL,chainabuse:OTHER_HACK,chainabuse_crawl,OTHER_HACK,votes=1;checked=False,2024-05-11
nhE5cXbbnimMhq4jPexc9MzCV9p2Aep9DnNSVFQo8bH,SOL,chainabuse:PHISHING,chainabuse_crawl,PHISHING,votes=1;checked=False,2024-05-11
FKp12b2ZYZsRhu5ngzvGRtdybfsjSa1bPfrNv56c6Dz4,SOL,chainabuse:OTHER_HACK,chainabuse_crawl,OTHER_HACK,votes=1;checked=False,2024-05-08
7DyZQw3iV5zhHssnNA6Nopi5zc8NGLbYjHMcaok6NN66,SOL,chainabuse:PHISHING,chainabuse_crawl,PHISHING,votes=1;checked=False,2024-05-08
HyYK4yw3qRB3Km6uTKTvAQrEe4pC5HrGD68VqeJWA93X,SOL,chainabuse:OTHER_HACK,chainabuse_crawl,OTHER_HACK,votes=1;checked=False,2024-05-06
S44EdNjxDeSLSWRq89bwY9C2UiJmTKMiA6cQyWp88Wz,SOL,chainabuse:PHISHING,chainabuse_crawl,PHISHING,votes=1;checked=False,2024-05-06
G9quVAfjmRsLfT9xpacoUp7rkFAvdYEd44kHLhzaFVRu,SOL,chainabuse:DONATION_SCAM+IMPERSONATION+OTHER_BLACKMAIL,chainabuse_crawl,DONATION_SCAM|IMPERSONATION|OTHER_BLACKMAIL,label=DMCA scam;votes=2;checked=False,2024-05-06
D1ceciaCJffr67s845YEgP2PzkvGnvGF9kW1qAsmB75D,SOL,chainabuse:OTHER_HACK,chainabuse_crawl,OTHER_HACK,votes=1;checked=False,2024-05-05
9xDcFWH3H63ctorKxZtUjtTHoE9KPdYRjLPpUkdgL87t,SOL,chainabuse:PHISHING,chainabuse_crawl,PHISHING,votes=1;checked=False,2024-05-05
7SkJzKWBX7iabYZLguMbZaoCAUcaTdmcR8swexqE3qEk,SOL,chainabuse:PHISHING,chainabuse_crawl,PHISHING,votes=1;checked=False,2024-05-05
9pyrWtci9HxvPiSMXsTraCNtfcxbqNWEfKyTgv4Swcew,SOL,chainabuse:PHISHING,chainabuse_crawl,PHISHING,votes=1;checked=False,2024-05-05
GPu4EzPZTKWjMtXpKh5i9oGNDnvcQzJZjCSiQqGs9YUR,SOL,chainabuse:PHISHING,chainabuse_crawl,PHISHING,votes=1;checked=False,2024-05-05
Hrnpq7x9jmGzbTAqgmfgnZX7HsAbfN62sNwpQmQj1n2d,SOL,chainabuse:OTHER,chainabuse_crawl,OTHER,votes=1;checked=False,2024-05-01
6yMW3aFCKTH7TKrLab5gZugQqSPGDJ7b66zxA5ayoitn,SOL,chainabuse:OTHER_HACK,chainabuse_crawl,OTHER_HACK,label=hacker;votes=1;checked=False,2024-04-30
8hEHeGkkYfLwoxyVfbKLoYp9NFAUBLuMYNMQRDVmYFyc,SOL,chainabuse:FAKE_PROJECT,chainabuse_crawl,FAKE_PROJECT,label=myrowifhat.sol;votes=1;checked=False,2024-04-29
YSwLcDHK8dHVoY7SW4674eY7Gyc6BkmvUxYDziJ7kPC,SOL,chainabuse:FAKE_PROJECT,chainabuse_crawl,FAKE_PROJECT,votes=1;checked=False,2024-04-29
AeUaj4JkhTGEM8hgDEaZht1hXHBkc2wZDLGJXBaRMoMR,SOL,chainabuse:FAKE_PROJECT,chainabuse_crawl,FAKE_PROJECT,votes=1;checked=False,2024-04-29
43hTRY6poZjNBCBCg8XHfdvwPDj5CErXWvPtPWr9aX3W,SOL,chainabuse:FAKE_PROJECT,chainabuse_crawl,FAKE_PROJECT,votes=1;checked=False,2024-04-29
8HQ5JzoupuLQt5PkRDqxJFmjHfezXH6Zr1xkdoSAzw2u,SOL,chainabuse:FAKE_PROJECT,chainabuse_crawl,FAKE_PROJECT,votes=1;checked=False,2024-04-29
DswZjgPtCZ5GLH9EVA2Kra7PFexehWMUbog8ybkyhfjq,SOL,chainabuse:FAKE_PROJECT,chainabuse_crawl,FAKE_PROJECT,votes=1;checked=False,2024-04-29
6dH5NxhxiYs4uRup54CAgpHEnfLosJrGJGDSvPpx8ey7,SOL,chainabuse:FAKE_PROJECT,chainabuse_crawl,FAKE_PROJECT,votes=1;checked=False,2024-04-29
9JRVqSGZP8ooNjuk7nGWqaaW3YAmzktj3cW1eoVHW6ZK,SOL,chainabuse:OTHER_HACK,chainabuse_crawl,OTHER_HACK,votes=1;checked=False,2024-04-26
9bd1tTc6WEwKXRvG3UZUvAQN2MFVzzMmBS9hGwc8Uube,SOL,chainabuse:OTHER_HACK,chainabuse_crawl,OTHER_HACK,votes=1;checked=False,2024-04-26
8trQsBWgsEVGNxiSGdqBXeXFxGZpio73mLHYKJ97Wxsj,SOL,chainabuse:OTHER_HACK,chainabuse_crawl,OTHER_HACK,votes=1;checked=False,2024-04-26
7YEpZWGgQNWudS67wRYxC87YVXz6yDajrs6CVTVFbxQB,SOL,chainabuse:OTHER_HACK,chainabuse_crawl,OTHER_HACK,votes=1;checked=False,2024-04-26
4s8NyjvHFgCgTeUmu6ED79KQGsabFsbBrf2pmmg5ygqw,SOL,chainabuse:OTHER,chainabuse_crawl,OTHER,votes=1;checked=False,2024-04-25
2BrLC4CJPJuAieM78kFYU1hHXvF2twjNyYmxVbY17MSD,SOL,chainabuse:OTHER,chainabuse_crawl,OTHER,votes=1;checked=False,2024-04-25
9xR4hy5CXVreDxi4S76XVscuoJfVWEVpKye9f24BTtUX,SOL,chainabuse:OTHER,chainabuse_crawl,OTHER,votes=1;checked=False,2024-04-24
DMzr4ofELKhzDBMkPRmcM4Hm6w5NTTJWt66vVCKxA14G,SOL,chainabuse:FAKE_PROJECT,chainabuse_crawl,FAKE_PROJECT,votes=1;checked=False,2024-04-23
CM1BCf2riR9eCCX1HF45ZoVvDcm9LK1LMTBd3xDwSgsq,SOL,chainabuse:SIM_SWAP,chainabuse_crawl,SIM_SWAP,votes=1;checked=False,2024-04-23
6ETKPvUu3nSsJXdj5BzJJyhgqEzkwRHh1RXUaujsqamF,SOL,chainabuse:AIRDROP,chainabuse_crawl,AIRDROP,votes=1;checked=False,2024-04-23
4db41fjh2xRFiRfxCn8BrJjyJ7h3rhdyXKw781t5CqLE,SOL,chainabuse:OTHER_BLACKMAIL,chainabuse_crawl,OTHER_BLACKMAIL,votes=1;checked=False,2024-04-22
9k9MLAt2ACny9qgMkUwy9vrsPbqz8osuQVyLQELii9QK,SOL,chainabuse:OTHER_HACK,chainabuse_crawl,OTHER_HACK,votes=1;checked=False,2024-04-22
AHyFRJb59b1PDCGPwFczjw3jpyPj98nx5cQNHksGr1yo,SOL,chainabuse:AIRDROP,chainabuse_crawl,AIRDROP,votes=1;checked=False,2024-04-21
877QhXCXuPt74FkiZcUWSMhzCQso3ozmQhbe5H7XWyPt,SOL,chainabuse:DONATION_SCAM,chainabuse_crawl,DONATION_SCAM,votes=1;checked=False,2024-04-21
GBUTY5A2CG8r4wWgbRBDdXdXSA8ReBpGqsFLAKhirsnT,SOL,chainabuse:PHISHING,chainabuse_crawl,PHISHING,votes=1;checked=False,2024-04-20
zdU3uQjp7s6Yu7vPzgPTCGqyTCECy863xs5JAKXw66i,SOL,chainabuse:OTHER_HACK,chainabuse_crawl,OTHER_HACK,votes=1;checked=False,2024-04-19
8E9bosqDLDFmDdAFAR9jzYmiDgPc6yeFtHUNE1tgLefF,SOL,chainabuse:PHISHING,chainabuse_crawl,PHISHING,votes=1;checked=False,2024-04-18
6GyR4rRN4Yz2JAfH6Ydxg7Yr6mVRtq5jivwfSzGYTCAR,SOL,chainabuse:PHISHING,chainabuse_crawl,PHISHING,votes=1;checked=False,2024-04-18
8RfCnDmbDVwiXK1imwGtzftWmizPDZ9bNGCun27QsAAg,SOL,chainabuse:PHISHING,chainabuse_crawl,PHISHING,votes=1;checked=False,2024-04-18
FXGN2AtQawicz8eu6ypa9WAWZd3D4KHGNreeiTzg4Nxn,SOL,chainabuse:PHISHING,chainabuse_crawl,PHISHING,votes=1;checked=False,2024-04-18
2ZCuEXciDvJSCkWtXFRwMd9iz2eA4osK5MWphi79a1ap,SOL,chainabuse:PHISHING,chainabuse_crawl,PHISHING,label=Coinbase Exchange;votes=1;checked=False,2024-04-18
6qypN69quZSePNcY8QP7SRBw9n3waGuyQwfjFeMxjcyk,SOL,chainabuse:PHISHING,chainabuse_crawl,PHISHING,label=USDT;votes=1;checked=False,2024-04-18
CuyREjvrbE5qJus4sczrso8YwRoGps7ZZoBULgicUfYo,SOL,chainabuse:OTHER_HACK,chainabuse_crawl,OTHER_HACK,votes=1;checked=False,2024-04-16
znwSvaAWgihew6Bj9N55zvHVBdoUr62BnKXUPfqhVYj,SOL,chainabuse:FAKE_PROJECT,chainabuse_crawl,FAKE_PROJECT,votes=1;checked=False,2024-04-14
4R556JysAfj9oPp6jB4KnG4WUwmcFyyXZZ9D58UQudLS,SOL,chainabuse:IMPERSONATION,chainabuse_crawl,IMPERSONATION,label=IsOnCurve;votes=1;checked=False,2024-04-14
3KJTUaoZeE1m9oRsphTzpRL7htjDNahuGQkjdvbaqPoM,SOL,chainabuse:PHISHING,chainabuse_crawl,PHISHING,votes=1;checked=False,2024-04-13
H24RXEMJ6TK61NrbMZoNxMj2u3yaxJcVMSM65AqfUj9o,SOL,chainabuse:FAKE_PROJECT,chainabuse_crawl,FAKE_PROJECT,label=CHINA;votes=1;checked=False,2024-04-12
AjJbXzvWKhWLBtPUdupmdPAW9nSuKUZMDnWrkxtBpx9N,SOL,chainabuse:OTHER_HACK,chainabuse_crawl,OTHER_HACK,votes=1;checked=False,2024-04-11
BdRUeAfPbaXL7u8yH5KWaJgL5hkrXohgzCKcgFuopion,SOL,chainabuse:PHISHING,chainabuse_crawl,PHISHING,votes=1;checked=False,2024-04-11
9xi9XpA6tFUAsR5jumqR3Pkxx9ameqLryiyRWcuh2TLh,SOL,chainabuse:AIRDROP,chainabuse_crawl,AIRDROP,label=4000 W Drop 4000W.io;votes=1;checked=False,2024-04-10
7wrHTEfwhKcgcbS3621nKPFCqdkVF3GfYcQvfwDTvudc,SOL,chainabuse:IMPERSONATION,chainabuse_crawl,IMPERSONATION,votes=1;checked=False,2024-04-09
Hi8Cc6Lk15aYUJXU4E5XBTWnaZWuLp8NAF2oCVS4Na1R,SOL,chainabuse:FAKE_PROJECT,chainabuse_crawl,FAKE_PROJECT,votes=1;checked=False,2024-04-09
DQuNWpqVWnqYjwaXtwKA9xSdpQKBQp2jkYzxAEbynnFW,SOL,chainabuse:OTHER_HACK,chainabuse_crawl,OTHER_HACK,votes=1;checked=False,2024-04-09
8cgsAmJ959iErr2ytxYBLMGTpKTBu3a4gGZRvXzotiSE,SOL,chainabuse:AIRDROP+OTHER_HACK,chainabuse_crawl,AIRDROP|OTHER_HACK,votes=1;checked=False,2024-04-08
2xYFa1Zypxa9Q9hJnj2BEqwDYxjB8D8Z1KBzQN2UACJB,SOL,chainabuse:FAKE_PROJECT,chainabuse_crawl,FAKE_PROJECT,label=Sol scammer wallet;votes=1;checked=False,2024-04-07
4PVRRPToPsb3TT78W39voToa5ejTA6famCEFsxWVuUAc,SOL,chainabuse:FAKE_PROJECT,chainabuse_crawl,FAKE_PROJECT,label=Sol scammer wallet nr2;votes=1;checked=False,2024-04-07
Ahanp99mNXs2ih3pG6HPBUzMhs1Afu9GKtMcMjTn1a2M,SOL,chainabuse:AIRDROP,chainabuse_crawl,AIRDROP,votes=1;checked=False,2024-04-07
DoqVpdh3ASdPXCEUQzvgFWJMusSYYKL2SMeTnrpLQ4jA,SOL,chainabuse:OTHER,chainabuse_crawl,OTHER,votes=1;checked=False,2024-04-05
xbothy1CXmqCayfRxFtdLeN1PMRgVLkUydA7HxP59Fa,SOL,chainabuse:OTHER_HACK,chainabuse_crawl,OTHER_HACK,votes=1;checked=False,2024-04-04
253K2jbTGXeGLjXX93aLxQ2rQeDJYcpUxjiLQV5Ym3c3,SOL,chainabuse:PHISHING,chainabuse_crawl,PHISHING,votes=1;checked=False,2024-04-04
6d6uYykdY5L6Fn57NAv4zje4BkanDtPWzN6THTEgBC6o,SOL,chainabuse:OTHER_HACK,chainabuse_crawl,OTHER_HACK,votes=1;checked=False,2024-04-03
37swYPu52MRgFiqZTStgw8f8MWEHNWGL2fqdKgRQP6W3,SOL,chainabuse:PHISHING,chainabuse_crawl,PHISHING,votes=1;checked=False,2024-04-03
ConEPD9Rf9QCVHo3PKKD6VZnXPhFStGoodZFfiWbaXkR,SOL,chainabuse:AIRDROP+IMPERSONATION+PHISHING,chainabuse_crawl,AIRDROP|IMPERSONATION|PHISHING,label=Scammer Drainer Address;votes=1;checked=False,2024-04-03
5N1xjKkpeKNLEk4ocgvMY4om3isNJX3F5idUtSkGqdhQ,SOL,chainabuse:CONTRACT_EXPLOIT,chainabuse_crawl,CONTRACT_EXPLOIT,votes=1;checked=False,2024-04-01
8bBHCbh6b95jK6no9mT3KZ61Z6kkSGURsgTUpvw2HgxU,SOL,chainabuse:FAKE_PROJECT,chainabuse_crawl,FAKE_PROJECT,votes=1;checked=False,2024-03-31
5gFF8fdjTjTza83JWBv7qnRVvLR32yPp4Wpx3ycuxk5L,SOL,chainabuse:IMPERSONATION,chainabuse_crawl,IMPERSONATION,votes=1;checked=False,2024-03-31
ABj4b3SL6tc4FYVopsY5Ri1N38PGJgR2qTrjeH1FQLK3,SOL,chainabuse:IMPERSONATION,chainabuse_crawl,IMPERSONATION,votes=1;checked=False,2024-03-31
55WyXrDeN6hWGrwos4Yevtm3SCUevE3UHQQwooa6jdDj,SOL,chainabuse:PHISHING,chainabuse_crawl,PHISHING,votes=1;checked=False,2024-03-31
6JCNpXi6zXeT1bQUj4b7jaEa2nJvAnkxSKfCj6mbgzD4,SOL,chainabuse:OTHER_HACK,chainabuse_crawl,OTHER_HACK,votes=1;checked=False,2024-03-29
Cnb6fyuosrzx9GBgm5fHx3rNoiZfK81Ja4M93DNVvGir,SOL,chainabuse:OTHER_HACK,chainabuse_crawl,OTHER_HACK,votes=1;checked=False,2024-03-29
687nV1efL1yprxkKUo2N6njPVKXiu2QqoqU5giEDzevZ,SOL,chainabuse:OTHER_HACK,chainabuse_crawl,OTHER_HACK,votes=1;checked=False,2024-03-29
Gux6cujdTabgkaaBn8iDpBBqqQLbZPTyNad14NJCafg8,SOL,chainabuse:OTHER_HACK,chainabuse_crawl,OTHER_HACK,votes=1;checked=False,2024-03-29
FuCor4bRA5mNncwHXPon5KW5knCW1PHo5apvFSK5sFta,SOL,chainabuse:OTHER_HACK,chainabuse_crawl,OTHER_HACK,votes=1;checked=False,2024-03-29
2ymk4r9HunMLtbutJU4JMFfhcF46dvGywmd1WBdwnL9y,SOL,chainabuse:OTHER_HACK,chainabuse_crawl,OTHER_HACK,votes=1;checked=False,2024-03-29
7kCNeLRQno5EcY6isJitgXwfiEWgdYYAtiow1TuZc3sE,SOL,chainabuse:OTHER_HACK,chainabuse_crawl,OTHER_HACK,votes=1;checked=False,2024-03-29
2Rs4xxz1SdZRZBRgzBmSY7T5AZUSGRDh5GpiySoKsamW,SOL,chainabuse:OTHER_HACK,chainabuse_crawl,OTHER_HACK,votes=1;checked=False,2024-03-29
HkhFZnEeTkiDXCgG8RkHR6tZWGBbi2Trrv1Tt68CCvDo,SOL,chainabuse:OTHER_HACK,chainabuse_crawl,OTHER_HACK,votes=1;checked=False,2024-03-29
9kU1QETxpCPgHGSUspUXJwwEchBR4q2ZieDw1Y8tiYJP,SOL,chainabuse:OTHER_HACK,chainabuse_crawl,OTHER_HACK,votes=1;checked=False,2024-03-29
6AZpMspmfdpA7jKCzHpypy18szmgh9sPTvxz6vcPY22a,SOL,chainabuse:OTHER_HACK,chainabuse_crawl,OTHER_HACK,votes=1;checked=False,2024-03-29
CwezuQAc4HNMsKymXffGfG4PFqLazyumdZ2wfQxzmBaC,SOL,chainabuse:OTHER_HACK,chainabuse_crawl,OTHER_HACK,votes=1;checked=False,2024-03-29
D9VACAfVmvTZxHLnmf1JNXhTerFRGUUEkWSeQXvs4FdJ,SOL,chainabuse:OTHER_HACK,chainabuse_crawl,OTHER_HACK,votes=1;checked=False,2024-03-29
5NqYhBxS5TKU725JokRUGZHcWteKXjL8ag5cPKrmG7kn,SOL,chainabuse:OTHER_HACK,chainabuse_crawl,OTHER_HACK,votes=1;checked=False,2024-03-29
A7HkLAzGtiffSpEFPEyRGw7n4UMRUp8VpQQZwRa6Ekus,SOL,chainabuse:OTHER_HACK,chainabuse_crawl,OTHER_HACK,votes=1;checked=False,2024-03-29
ASLeKH6nmo9SYCErtzoDtE757Y1ZW6XnwoKjvw4pRfqL,SOL,chainabuse:OTHER_HACK,chainabuse_crawl,OTHER_HACK,votes=1;checked=False,2024-03-29
Ez7KAmhBXLAjFj5MKYbNNUipU72NDUrGHzRvBS5cjGiy,SOL,chainabuse:OTHER_HACK,chainabuse_crawl,OTHER_HACK,votes=1;checked=False,2024-03-29
5X1N7qkaJaAdRrAfTv1yxGxcLnzdm61ixc1B2dWUsM45,SOL,chainabuse:OTHER_HACK,chainabuse_crawl,OTHER_HACK,votes=1;checked=False,2024-03-29
B8iY8z7VSYvJ2ic3VA3957H8vDfpPRbvhixwnHhb8TDX,SOL,chainabuse:OTHER_HACK,chainabuse_crawl,OTHER_HACK,votes=1;checked=False,2024-03-29
J6WH1RqvZZVBHDoohV1S9gWDsQsZjQzbtooaqQpNeuWy,SOL,chainabuse:OTHER_HACK,chainabuse_crawl,OTHER_HACK,votes=1;checked=False,2024-03-29
3z3nLpD8qskGW25H18mSmx5SKY9z4ibKDx4njP46H9He,SOL,chainabuse:OTHER_HACK,chainabuse_crawl,OTHER_HACK,votes=1;checked=False,2024-03-29
9ZNR3uemrJzeJxLxv21F46W3dShfCy7V6QTwRYrpM3fL,SOL,chainabuse:FAKE_PROJECT,chainabuse_crawl,FAKE_PROJECT,label=2400JUP Drop Box;votes=1;checked=False,2024-03-29
DBH3LcZ4g2qZcoPgDkteg1YnprmeJ7qzbFPz9xBYBe1m,SOL,chainabuse:IMPERSONATION,chainabuse_crawl,IMPERSONATION,label=Scammer Moved Funds ;votes=1;checked=False,2024-03-28
GJFXxzDkmiREw5ZAAgTAgArA8hXU7AeYhfY31fHHUr22,SOL,chainabuse:IMPERSONATION,chainabuse_crawl,IMPERSONATION,label=Scammer Moved Funds ;votes=1;checked=False,2024-03-28
2XmsNRUjNQbzgXLzt5dD4L3W3T6WhZr68jtNQKknLHF6,SOL,chainabuse:IMPERSONATION,chainabuse_crawl,IMPERSONATION,label=Scammer Moved Funds ;votes=1;checked=False,2024-03-28
75ut31vbkfuokXMqLv3tLtbuR4HMg3eGdeJ441gZgE2Q,SOL,chainabuse:IMPERSONATION,chainabuse_crawl,IMPERSONATION,label=Scammer Moved Funds ;votes=1;checked=False,2024-03-28
4eh3qocpes2wGRPMLgFnTHaEkUb8AEQPjj7Gbpv2KqtZ,SOL,chainabuse:IMPERSONATION,chainabuse_crawl,IMPERSONATION,label=Scammer Moved Funds ;votes=1;checked=False,2024-03-28
GiJvgYTSGwmWAaRu75tGSTResek6JHkQg6VnKuxteRU2,SOL,chainabuse:IMPERSONATION,chainabuse_crawl,IMPERSONATION,label=Scammer Moved Funds ;votes=1;checked=False,2024-03-28
ShNmKScEpvwef9PJuSgNLUQyi1GPhK2TLJhW2ehVkZ6,SOL,chainabuse:IMPERSONATION,chainabuse_crawl,IMPERSONATION,label=Scammer Moved Funds ;votes=1;checked=False,2024-03-28
4H9t8STH2N2byXYymyMo1Bq1F5N6U8UmptVeHdk5TzPL,SOL,chainabuse:IMPERSONATION,chainabuse_crawl,IMPERSONATION,label=Scammer Moved Funds ;votes=1;checked=False,2024-03-28
7sbvWDDoaxtFfGP3JCGJaGXJBASmWZKdVr7cncwGtYpU,SOL,chainabuse:IMPERSONATION,chainabuse_crawl,IMPERSONATION,label=Scammer Wallet Main? ;votes=1;checked=False,2024-03-28
6A3r55v2osAi642ZyKApPAcLxZb8LubXtZQHVC5x8mtf,SOL,chainabuse:IMPERSONATION,chainabuse_crawl,IMPERSONATION,label=Scammer Moved Funds ;votes=1;checked=False,2024-03-28
BQDBzUbkS8QxMVhjPmSYYj2k1YfKgjPE9pf5XCFWrqGz,SOL,chainabuse:IMPERSONATION,chainabuse_crawl,IMPERSONATION,label=Scammer Moved Funds ;votes=1;checked=False,2024-03-28
3xM6R8vv5Nqh61haTioFvFQZ3H7ZgJejK4Xn7y1zHpwU,SOL,chainabuse:IMPERSONATION,chainabuse_crawl,IMPERSONATION,votes=1;checked=False,2024-03-26
Hg7fD62QL3vTUHxsWFqnU9ob9pxqS1zSctf4cXvCYBUe,SOL,chainabuse:PHISHING,chainabuse_crawl,PHISHING,votes=1;checked=False,2024-03-26
D2dE5mPt9P5csZjhne4ETQvvrYUJVHn9aG6a7wKU9cRP,SOL,chainabuse:AIRDROP,chainabuse_crawl,AIRDROP,label=Curious NFT Voucher;votes=1;checked=False,2024-03-26
DZGKXB8K1sDuT1qiHoazwkPkZqqCgiU2DHC7VkgqNnwZ,SOL,chainabuse:AIRDROP,chainabuse_crawl,AIRDROP,label=Legendary Pass;votes=1;checked=False,2024-03-26
EAnw6pSYPoZxTXMYqPFWw7GE7SozMoLbQvw61VHpgXug,SOL,chainabuse:AIRDROP,chainabuse_crawl,AIRDROP,label=BACKPACK.PICS PASS;votes=1;checked=False,2024-03-26
EbbztjpzquwrCzRxdkJgYd5DYNGTxYsNpE23sPMJMZqH,SOL,chainabuse:AIRDROP,chainabuse_crawl,AIRDROP,label=🎁9.0 Jupiter AirDrop;votes=1;checked=False,2024-03-26
FY7rZX6rpyBEzbPqU6qCSQd63LaS8YJqkJpfhZ8YBmoS,SOL,chainabuse:AIRDROP,chainabuse_crawl,AIRDROP,label=2400JUP Lucky Box JUPCASE.io;votes=1;checked=False,2024-03-26
FRmUp2ZPjiRzkszsVgM5TVtPNfounMNFrvERN3wRFMDW,SOL,chainabuse:AIRDROP,chainabuse_crawl,AIRDROP,label=🎁6.0 Jupiter AirDrop;votes=1;checked=False,2024-03-26
HR1Nn8JVUx7XydbL8AmfXbfu5mAFeEmbcEmd8y2UmePA,SOL,chainabuse:AIRDROP,chainabuse_crawl,AIRDROP,label=🎁Now Jupiter AirDrop;votes=1;checked=False,2024-03-26
Eri8eehrRuxNeSm6ukLVpic7CHk4snPRUBKwx8djw7yi,SOL,chainabuse:AIRDROP,chainabuse_crawl,AIRDROP,label=Admit One;votes=1;checked=False,2024-03-26
JAU6xztjAd1qk4e9wwarMU7ug9joQh7jNgUj5SJcrhFN,SOL,chainabuse:AIRDROP,chainabuse_crawl,AIRDROP,label=Admit One;votes=1;checked=False,2024-03-26
45dMPARG4JssbbhNvZrTVsQPujCWP5F5ASDGxvWPzzHQ,SOL,chainabuse:AIRDROP,chainabuse_crawl,AIRDROP,label=Admit One;votes=1;checked=False,2024-03-26
3RqxGw4rmwyy3fNxNnosB8rMBhhQs8X54mSHNBfdwVTi,SOL,chainabuse:AIRDROP,chainabuse_crawl,AIRDROP,label=Admit One;votes=1;checked=False,2024-03-26
8RdZYodvDbqjpqM8NDboXCtBRQ1KPm7to2Q9Ybwo42KX,SOL,chainabuse:AIRDROP,chainabuse_crawl,AIRDROP,label=1600$ Random Ticket TAKESAGA.com;votes=1;checked=False,2024-03-26
A3nocWvYuSa6YPZdzENmZe1R5H3y5BAMCQHCXVzJMyTP,SOL,chainabuse:AIRDROP,chainabuse_crawl,AIRDROP,label=1700$ Random Pass TAKESAGA.com;votes=1;checked=False,2024-03-26
HxVPGJi51rncmPjYfxeLPjNq1d35VdViVSUGbHovyAkc,SOL,chainabuse:AIRDROP,chainabuse_crawl,AIRDROP,label=1700$ Random Pass TAKESAGA.com;votes=1;checked=False,2024-03-26
7pDFGPK1jfsJrTQPrTnoMv7QYBfzg9cRkm4EuqJWzbif,SOL,chainabuse:AIRDROP,chainabuse_crawl,AIRDROP,label=1700$ Random Pass TAKESAGA.com;votes=1;checked=False,2024-03-26
2JtJi4f2v5ACUuj1fFs8DKqZMoUxa5CWDV4maVcDencj,SOL,chainabuse:AIRDROP,chainabuse_crawl,AIRDROP,label=1700$ Random Pass TAKESAGA.com;votes=1;checked=False,2024-03-26
De2bQHxEgbiQCp4T8E1vrNXy8x19tMs49yWtVu11111,SOL,chainabuse:CONTRACT_EXPLOIT,chainabuse_crawl,CONTRACT_EXPLOIT,label=scammer;votes=1;checked=False,2024-03-26
44BGrey4p1KJhNRPYaiFBP1psYbTYbgYJ1cNYKQ63FHK,SOL,chainabuse:AIRDROP,chainabuse_crawl,AIRDROP,label=SHERF;votes=1;checked=False,2024-03-25
7ToLycBnGxj7iWjy9ZuhRgvYZZ4nFXTz1VHfEXFmyLgn,SOL,chainabuse:OTHER_BLACKMAIL,chainabuse_crawl,OTHER_BLACKMAIL,votes=1;checked=False,2024-03-25
2HGD2hFzrBwKmyrL2FBryhDgXxLytK6RvacLrnrcw2dF,SOL,chainabuse:OTHER_BLACKMAIL,chainabuse_crawl,OTHER_BLACKMAIL,votes=1;checked=False,2024-03-24
9gi266wrcwmHWXYfqDu5ssrbY1vM751EbaVHs4d5NBep,SOL,chainabuse:OTHER_BLACKMAIL,chainabuse_crawl,OTHER_BLACKMAIL,votes=1;checked=False,2024-03-23
6T7bU36ru5fZofNP5GWf9AxC1EZCRhesmjUBVUv5xwed,SOL,chainabuse:PHISHING,chainabuse_crawl,PHISHING,label=he still has the funds in;votes=1;checked=False,2024-03-23
EDoEnPxmYgKv9ZE9gMYj9pQ1oWZf9sYHkZLCpmUCTprg,SOL,chainabuse:OTHER_HACK,chainabuse_crawl,OTHER_HACK,votes=1;checked=False,2024-03-21
EvyQwUTg6h7YuNn4fdcLAQpuxA1dNsHatMhEZx3uizbN,SOL,chainabuse:SEXTORTION,chainabuse_crawl,SEXTORTION,votes=1;checked=False,2024-03-21
FGL6cEV6gSTJVukjWr1y4CSspHozRurkA9242yq3jZnU,SOL,chainabuse:AIRDROP,chainabuse_crawl,AIRDROP,label=TENSOR.CREDIT REWARD;votes=1;checked=False,2024-03-20
Cuxx49BNbN8MqAt5xYSZFT9YUbp7xmb565rn3xLnF7Ww,SOL,chainabuse:AIRDROP,chainabuse_crawl,AIRDROP,label=MFI.EXPERT PASS;votes=1;checked=False,2024-03-20
3vobdqZRmJpKPAzXfJ1yxhD2iABtQJ1iyH8HXhkS6NSy,SOL,chainabuse:AIRDROP,chainabuse_crawl,AIRDROP,label=104 SOL For You ETHCrate.com;votes=1;checked=False,2024-03-20
4PaQMtGQrysBggwNKdFv81xEF49fLrgcaYiqQNDCDNxS,SOL,chainabuse:AIRDROP,chainabuse_crawl,AIRDROP,label=3000Jup For You 3000Jup.com;votes=1;checked=False,2024-03-20
A11x3v586395uPuMNyAV6ZhbXFyV5TmtY2WipMxQxr6s,SOL,chainabuse:AIRDROP,chainabuse_crawl,AIRDROP,label=3000$ W Drop WORMHOLEDROP.COM;votes=1;checked=False,2024-03-20
JE6Csox12XVCzqDz2kt2PCR8qnfiXcwTHSt2SvJ1Jkri,SOL,chainabuse:AIRDROP,chainabuse_crawl,AIRDROP,votes=1;checked=False,2024-03-20
9jSzeEtj22267xHjR47BgHSdDMCL5wLT7URnMTsySoqj,SOL,chainabuse:PHISHING,chainabuse_crawl,PHISHING,votes=1;checked=False,2024-03-19
CzJzWqxZMb6KzL1kcXgWMp3wxLRCPJ8EoNcGb1qDFWnA,SOL,chainabuse:PHISHING,chainabuse_crawl,PHISHING,votes=1;checked=False,2024-03-19
ATvXy66sKsPSdJrX31UxRqe6KkzruL6yNVfpKu2ToNa5,SOL,chainabuse:OTHER_HACK,chainabuse_crawl,OTHER_HACK,votes=1;checked=False,2024-03-18
HzyeM9ZK3JEBqyA1FziEQ2ih9zP2e1q3Hr5ns6iMuZCj,SOL,chainabuse:PHISHING,chainabuse_crawl,PHISHING,votes=1;checked=False,2024-03-18
6X9n3pCLdsNRsgAbxJsaqXHLc1Vgx3ey5x9myAQiGo72,SOL,chainabuse:FAKE_RETURNS,chainabuse_crawl,FAKE_RETURNS,votes=1;checked=False,2024-03-16
6zCkKLtYH6xiNDL3kexH2CSbXYCd8GjSBXBb4eH5u421,SOL,chainabuse:OTHER_HACK,chainabuse_crawl,OTHER_HACK,votes=1;checked=False,2024-03-16
8YKXSMFFqoYdTBfCfz4P6ahfdrweTKNmFAun8AEFcP2f,SOL,chainabuse:OTHER_HACK,chainabuse_crawl,OTHER_HACK,votes=1;checked=False,2024-03-15
HmJyBkAuphjYhNPViHjARPiUV2VMXUekFnpJa4Qy56Ev,SOL,chainabuse:OTHER_HACK,chainabuse_crawl,OTHER_HACK,votes=1;checked=False,2024-03-14
Bvtd2eJqnzWinieFTyAkWCM18JfPvivf2noof1r6SEH9,SOL,chainabuse:IMPERSONATION,chainabuse_crawl,IMPERSONATION,votes=1;checked=False,2024-03-14
DeG237cLU3QWhH4fTzyB5ciFHJ6cQ4ZifYeppxTasbgo,SOL,chainabuse:RUG_PULL,chainabuse_crawl,RUG_PULL,label=elonwifhat;votes=1;checked=False,2024-03-14
AbGwfgojWeMwvk6F33prX6XsUutdjPQJWsPMgyYxuQ5j,SOL,chainabuse:OTHER_HACK,chainabuse_crawl,OTHER_HACK,votes=1;checked=False,2024-03-13
9YBUJd8xibim8FdwtTmYy5M3csjudAY1UBins59bEyPd,SOL,chainabuse:PHISHING,chainabuse_crawl,PHISHING,votes=1;checked=False,2024-03-13
HMDjah4dh1XhtuvZNt9uzKUiiecNX8fmX8WFqGv3Mwjf,SOL,chainabuse:AIRDROP,chainabuse_crawl,AIRDROP,label=RAYD.PROMO Pass;votes=1;checked=False,2024-03-13
3YADqaWMJ999d8APhxad9Jos6cmciSAaYUaq1Ffcooai,SOL,chainabuse:AIRDROP,chainabuse_crawl,AIRDROP,label=3000Jup For You 3000Jup.com;votes=1;checked=False,2024-03-10
78s6FmPiGTpUoVcKvQAUfYKsxHTUE5wPPqzw63PWCGz3,SOL,chainabuse:AIRDROP,chainabuse_crawl,AIRDROP,label=SAGABOX.io Community Drop;votes=1;checked=False,2024-03-10
9FX1ZutPLUpAU61mc9FEfjnAmNvQR5tVK14oT7Ngpru1,SOL,chainabuse:AIRDROP,chainabuse_crawl,AIRDROP,label=Curious NFT Voucher;votes=1;checked=False,2024-03-09
8LcZrMUCJ3Ldonhu1AyHXbWga7Ed5oVi34BQ2PwZYvTW,SOL,chainabuse:RUG_PULL,chainabuse_crawl,RUG_PULL,votes=1;checked=False,2024-03-08
CAx57siBewAdTH3XGkkDJPkWA2PHPiMrotv2FLiRoKhM,SOL,chainabuse:OTHER_HACK,chainabuse_crawl,OTHER_HACK,votes=1;checked=False,2024-03-08
J9ABUbVALittxfbzShZpSG1oZMb39qqj2kcNzRWdjqjf,SOL,chainabuse:AIRDROP,chainabuse_crawl,AIRDROP,label=Ticket Pass;votes=1;checked=False,2024-03-05
JEDjpQJjbYLcnqnTDt75bCkXEnhMeFENoK4CCELEENNP,SOL,chainabuse:AIRDROP,chainabuse_crawl,AIRDROP,label=🎁WEN Vоucher;votes=1;checked=False,2024-03-05
CxjiKj79EEbY2M7iXBE2dzbxUjXfsjYWKqa8FTQxnHec,SOL,chainabuse:OTHER_HACK,chainabuse_crawl,OTHER_HACK,votes=1;checked=False,2024-03-05
C3VEBuAYc3PiCi7GHxSKTvahSX1oY5n5AMFpMWaRjiS3,SOL,chainabuse:OTHER_HACK,chainabuse_crawl,OTHER_HACK,votes=1;checked=False,2024-03-04
HoWsYd843AGTKupY7XErpUf47XjpfpTNgxKydQMTV9LQ,SOL,chainabuse:AIRDROP+OTHER,chainabuse_crawl,AIRDROP|OTHER,votes=1;checked=False,2024-03-02
9kUhrsa3ybzhUnoM5vAuE61HzLVKRaCeydEzFxt5H8GA,SOL,chainabuse:OTHER_HACK,chainabuse_crawl,OTHER_HACK,votes=1;checked=False,2024-03-01
CihUfcQEahQYk6XnR1CERcwpeCPBUt4pJ7CrKQ8utUxs,SOL,chainabuse:AIRDROP,chainabuse_crawl,AIRDROP,label=1850$ TAKESAGA.io Ticket;votes=1;checked=False,2024-03-01
GdSVp7iy5BiBq3WSj1hCs7wdnucRAV1evHfwyBjY1jB4,SOL,chainabuse:AIRDROP,chainabuse_crawl,AIRDROP,label=2400JUP Reward box;votes=1;checked=False,2024-03-01
74pFmXuZ2frijwbhLGQ3tzXxBtqAZaMGctwRxcQkStsS,SOL,chainabuse:AIRDROP,chainabuse_crawl,AIRDROP,label=🎁8.0 Jupiter AirDrop;votes=1;checked=False,2024-03-01
3g5xouPr55Mb6UyTbKinDFxbRUjFufGuoaAznxaDnCYe,SOL,chainabuse:AIRDROP,chainabuse_crawl,AIRDROP,label=🎁2.0 Jupiter AirDrop;votes=1;checked=False,2024-03-01
3au2HsA9S1yytoVADbzxsfmDUwqooQRYR9XCpB1Pdi53,SOL,chainabuse:AIRDROP,chainabuse_crawl,AIRDROP,label=Limited Drop;votes=1;checked=False,2024-03-01
2wNAXH2vrfMH67keNQ6QW2YVawKYXctaSEYinSJwRq1G,SOL,chainabuse:AIRDROP,chainabuse_crawl,AIRDROP,label=2400JUP Lucky Box JUPCASE.io;votes=1;checked=False,2024-03-01
8YvN2G4uZQjTY2kwtT1woCrFJPihzYm63376oMzrV8g3,SOL,chainabuse:OTHER_HACK,chainabuse_crawl,OTHER_HACK,votes=1;checked=False,2024-02-28
HxEsqS9FQ2UdJ1xnYfEuCUdyvknnoLdGXKKjzrmC19oq,SOL,chainabuse:AIRDROP,chainabuse_crawl,AIRDROP,label=APPSAGA.io Lucky Box;votes=1;checked=False,2024-02-27
3vJDtvVm6mkWgoCKq8EwEwt5agikCCNouiYG948T1Y28,SOL,chainabuse:AIRDROP,chainabuse_crawl,AIRDROP,label=🎁Now Jupiter AirDrop;votes=1;checked=False,2024-02-26
H4viuMhk2Se5ZUM4BRNJEc6qsBfZXHNm9ShTxBT1bPDc,SOL,chainabuse:AIRDROP,chainabuse_crawl,AIRDROP,label=1700$ Random Pass TAKESAGA.com;votes=1;checked=False,2024-02-26
HoS6gHqUaSukZ7QUb4hY7WtEbWhz9iAanwxqsHBqqi3Y,SOL,chainabuse:FAKE_RETURNS,chainabuse_crawl,FAKE_RETURNS,votes=1;checked=False,2024-02-25
FsQCLb6jV3qkR4MRcYnVsTvzcsrE516mm6rj44JqQVf1,SOL,chainabuse:PHISHING,chainabuse_crawl,PHISHING,votes=1;checked=False,2024-02-25
Cv7scGy876NhXCKGVMRkHxYMvL4Jr8MQTQsHCzs5hxcy,SOL,chainabuse:PHISHING,chainabuse_crawl,PHISHING,votes=1;checked=False,2024-02-25
A5JeHFHtMkm3M4UBDu1b59T6vpbbvPvhMj4esvMtRLti,SOL,chainabuse:AIRDROP,chainabuse_crawl,AIRDROP,label=1700$ Random Pass TAKESAGA.com;votes=1;checked=False,2024-02-25
97PvVtZQ6SfrE9mJXNndESQzj71oezVqNGFiL3C82rVa,SOL,chainabuse:AIRDROP,chainabuse_crawl,AIRDROP,label=Bybit X Solana AirDrop;votes=1;checked=False,2024-02-24
7H6uLt8kUqoZep8kakG5Gg1Q9S9hWFYQ6hgWvRnNXWLS,SOL,chainabuse:OTHER_HACK,chainabuse_crawl,OTHER_HACK,votes=1;checked=False,2024-02-24
6u9pwgV4q79W6qHLAN2sFJZEZRJb2u7KWxPNjth5KyCy,SOL,chainabuse:OTHER_HACK,chainabuse_crawl,OTHER_HACK,votes=1;checked=False,2024-02-24
DrcBNhUSfJSke3uy5PMeFJ5TJSYpetHiA3obfm1Vpt2b,SOL,chainabuse:OTHER_HACK,chainabuse_crawl,OTHER_HACK,votes=1;checked=False,2024-02-23
BuT2F7oJuPLVXZVGrWi6xRXhJCkeJ3rc2QrwxTmGxSmZ,SOL,chainabuse:OTHER,chainabuse_crawl,OTHER,votes=1;checked=False,2024-02-22
9CFijEnu1bgpmLuy3ciDXkcnpdrEDFuTvcjecDsv4TmL,SOL,chainabuse:OTHER,chainabuse_crawl,OTHER,votes=1;checked=False,2024-02-22
DezXAZ8z7PnrnRJjz3wXBoRgixCa6xjnB7YaB1pPB263,SOL,chainabuse:OTHER,chainabuse_crawl,OTHER,votes=1;checked=False,2024-02-22
TW4zdc5J3qiEogoAKTWWEGeW8vNgr7dfA2JfpY11111,SOL,chainabuse:AIRDROP,chainabuse_crawl,AIRDROP,votes=1;checked=False,2024-02-21
B1kYUzBqGz5DjrmQZdA8oLjzWcfdpiPfWUC8r4dNZiKu,SOL,chainabuse:PHISHING,chainabuse_crawl,PHISHING,votes=1;checked=False,2024-02-20
HHNy5L2XXYKPkSxfCsZh7fZqMoxmo2PB7B7GTYUuRG45,SOL,chainabuse:IMPERSONATION,chainabuse_crawl,IMPERSONATION,votes=1;checked=False,2024-02-19
263MJggguA3tmz7NwPLNr1yJYqVj8YcwaqJaSTMkLBfZ,SOL,chainabuse:AIRDROP,chainabuse_crawl,AIRDROP,label=1800$ Lucky Ticket TAKESAGA.io;votes=1;checked=False,2024-02-19
8JoEHe3tDXh5eRCSof4JFoi67757NudrKKgYuG9WTVxo,SOL,chainabuse:AIRDROP,chainabuse_crawl,AIRDROP,label=1800$ Lucky Ticket TAKESAGA.io;votes=1;checked=False,2024-02-19
DHZZkGoYvu4jtG8o7GTZQwP5CCNGCcW76QcPQq92aN7G,SOL,chainabuse:AIRDROP,chainabuse_crawl,AIRDROP,label=SAGABOX.io Community Drop;votes=1;checked=False,2024-02-19
2FXYvDj8HwDFjDUStXrrSDLf3SvDM9HhE444YjbYt84D,SOL,chainabuse:AIRDROP,chainabuse_crawl,AIRDROP,label=🎁2.0 Jupiter AirDrop;votes=1;checked=False,2024-02-19
mRf8L1195qxZskZi8EP5NATdsVa3ZXe3YrjoYFU1Nnk,SOL,chainabuse:PHISHING,chainabuse_crawl,PHISHING,votes=1;checked=False,2024-02-16
54R4YnnY68bTNNaeZkzxsEC8tXAA1e6mXosNJcjmTv2T,SOL,chainabuse:PHISHING,chainabuse_crawl,PHISHING,votes=1;checked=False,2024-02-15
si1CbC2KhhzBn8KoTQFC2hpvJhGXa3qMQunmo511111,SOL,chainabuse:AIRDROP,chainabuse_crawl,AIRDROP,votes=1;checked=False,2024-02-14
4zi6H1obgaRSE6QRaLQwGQ6cJ6o2VEiWswCRgmFP1kau,SOL,chainabuse:OTHER_HACK,chainabuse_crawl,OTHER_HACK,votes=1;checked=False,2024-02-13
FaUuTZwg1R8dGsEFkSnggNRA2ASNCgcpP9pyB6Fsr7Lx,SOL,chainabuse:AIRDROP,chainabuse_crawl,AIRDROP,label=Limited Drop;votes=1;checked=False,2024-02-13
8zRAKf7ZS96DLRF76o7rZd6KW3g6ThhPqfmWtVitHzim,SOL,chainabuse:AIRDROP,chainabuse_crawl,AIRDROP,label=Limited Drop;votes=1;checked=False,2024-02-13
47hJTEb8HuLAbSFuE7Vw8DVow6YwLeicMC89iP2zSkrb,SOL,chainabuse:PHISHING,chainabuse_crawl,PHISHING,votes=1;checked=False,2024-02-11
DfPvvbcb3WWSzcko1CVZAA3iKQEGpeaX7vNiwp18PKyz,SOL,chainabuse:AIRDROP,chainabuse_crawl,AIRDROP,label=🎁Redeem NFT Voucher;votes=1;checked=False,2024-02-11
C6BSwzLCKMajG5c7tFNVX7QatYdcEpLQtjXETaX3txmY,SOL,chainabuse:AIRDROP+IMPERSONATION,chainabuse_crawl,AIRDROP|IMPERSONATION,label=scammer;votes=1;checked=False,2024-02-10
BQxXAWrozA7w2KsS89r5Zu34AdvHn9BfErB83wbQmgUJ,SOL,chainabuse:AIRDROP+IMPERSONATION,chainabuse_crawl,AIRDROP|IMPERSONATION,label=scammer;votes=1;checked=False,2024-02-10
DbF7cjsq6aBifX9ogr2JMAqfbHVhXvNJSzm7nXc3SMq1,SOL,chainabuse:FAKE_RETURNS,chainabuse_crawl,FAKE_RETURNS,votes=1;checked=False,2024-02-10
HkRdHHqMWrgDa1rj99TArnvxBskXPLt9LWmkPLqfoynz,SOL,chainabuse:IMPERSONATION,chainabuse_crawl,IMPERSONATION,votes=1;checked=False,2024-02-10
DMJXLpJZfopUHodT3Gz2fFyGkD4aAppT6ijAqLAEvPew,SOL,chainabuse:AIRDROP+OTHER_HACK,chainabuse_crawl,AIRDROP|OTHER_HACK,votes=1;checked=False,2024-02-09
C9rXtNedAb9ukbyeLfcRi9Sk1X4qQA59rp8NAbZSerr5,SOL,chainabuse:OTHER_HACK+PHISHING,chainabuse_crawl,OTHER_HACK|PHISHING,votes=1;checked=False,2024-02-09
E8RMQeSUZkxtBe5M2iohAg7jJooja56bdh4pgcmbY8BS,SOL,chainabuse:AIRDROP,chainabuse_crawl,AIRDROP,votes=1;checked=False,2024-02-08
22WKDxqdT6zLcmwQcWTWdbxcE1ba1yUNDZBwSszydSHV,SOL,chainabuse:AIRDROP,chainabuse_crawl,AIRDROP,votes=1;checked=False,2024-02-08
A4K5xoJgnFaRXhAnL4SYmGVqcBBxKwfavUQSuqREq8B3,SOL,chainabuse:CONTRACT_EXPLOIT,chainabuse_crawl,CONTRACT_EXPLOIT,votes=1;checked=False,2024-02-08
3ZTfejDBT2kA9GdghR9AzWo4xLHPnEPuvGznpDfV1vTL,SOL,chainabuse:AIRDROP,chainabuse_crawl,AIRDROP,votes=1;checked=False,2024-02-08
8Z5rMsqYGTirARimzCoUGpgsHaf4rdc6wsZFP2BXBPXX,SOL,chainabuse:AIRDROP,chainabuse_crawl,AIRDROP,label=🎁2.0 Jupiter AirDrop;votes=1;checked=False,2024-02-08
CyAPVb9J2bWkF3N9JgP5HLDG4qMcN442b3xuGFvsxQJo,SOL,chainabuse:OTHER_HACK,chainabuse_crawl,OTHER_HACK,votes=1;checked=False,2024-02-08
FjA1ACGsJ8Cj7jq5T4bKM4CtgBfByqRizxY3qi4WLwVY,SOL,chainabuse:OTHER_HACK,chainabuse_crawl,OTHER_HACK,votes=1;checked=False,2024-02-07
DG3dcw3z8AWfXtgCzbpvaJS3DYdDrUVLUYVmghXMVypr,SOL,chainabuse:OTHER_HACK,chainabuse_crawl,OTHER_HACK,votes=1;checked=False,2024-02-07
jupoNjAxXgZ4rjzxzPMP4oxduvQsQtZzyknqvzYNrNu,SOL,chainabuse:OTHER_HACK,chainabuse_crawl,OTHER_HACK,votes=1;checked=False,2024-02-07
HFW6hBBeVQju2vqsPdXs6rEoMShqvRDKHDyhsGpE9SAw,SOL,chainabuse:PHISHING,chainabuse_crawl,PHISHING,votes=1;checked=False,2024-02-07
GHsnENy1TrJ67QQ5LmKe3QC1WwA9HpUGsR3aC2E35Fi4,SOL,chainabuse:AIRDROP,chainabuse_crawl,AIRDROP,votes=1;checked=False,2024-02-07
FbEzH8fwjWBXKSEJanGMz43CpUzuDxUgFAYxfm1zk6FH,SOL,chainabuse:AIRDROP,chainabuse_crawl,AIRDROP,votes=1;checked=False,2024-02-07
FreepvzH6g4YHacRJJQ25HQzWHEnrcGskEPVVdBNG7GG,SOL,chainabuse:AIRDROP+CONTRACT_EXPLOIT,chainabuse_crawl,AIRDROP|CONTRACT_EXPLOIT,votes=2;checked=True,2024-02-06
KVMxegqzaTymh1c2dsmmGAUsvDVTaorTarSXaiUT9mv,SOL,chainabuse:OTHER_HACK,chainabuse_crawl,OTHER_HACK,label=SOL;votes=1;checked=False,2024-02-06
6jwkAhMehZ2g5Mnq99E6TM5zLWJJw6VUkgrKWj37Hwis,SOL,chainabuse:OTHER_HACK,chainabuse_crawl,OTHER_HACK,label=SOL;votes=1;checked=False,2024-02-06
CWRKMB6pkrRMAiEBGPU3xswbY9JRU4QcQ5id98smmBAH,SOL,chainabuse:PHISHING,chainabuse_crawl,PHISHING,votes=1;checked=False,2024-02-06
EGyqPKSHwVs73LoMdeHAQLbgRas4aPi6spSeWa1g3n1E,SOL,chainabuse:FAKE_PROJECT,chainabuse_crawl,FAKE_PROJECT,votes=1;checked=False,2024-02-06
CQACKJGRLYNUWbUMsavbVctdkdSM7wm8wqMyb9PBSMFV,SOL,chainabuse:AIRDROP,chainabuse_crawl,AIRDROP,votes=1;checked=False,2024-02-06
7zBzx6eumNsNX13VP6KCBs76Q2WWypsMbtNYeri19Pae,SOL,chainabuse:OTHER,chainabuse_crawl,OTHER,votes=1;checked=False,2024-02-06
8CEb4uA9cmAzPu8JKsEUMy96aGx52vcpE2fDF3SGxBkh,SOL,chainabuse:AIRDROP,chainabuse_crawl,AIRDROP,label=💰 NFT Voucher;votes=1;checked=False,2024-02-05
8HnbAcCaCNVY1C99NdJvHQKzVe5Rc84jDcp76GjgaZ2T,SOL,chainabuse:AIRDROP,chainabuse_crawl,AIRDROP,label=Limited Drop;votes=1;checked=False,2024-02-05
9G8BhDbeSXvtcWfERCq7ThqPmxcJHgPSea7s45e4nuNo,SOL,chainabuse:AIRDROP,chainabuse_crawl,AIRDROP,label=MarginFi WhiteList;votes=1;checked=False,2024-02-05
B72BwjC2ckRGN8JtpGncQCZqGNkTf1q598bcpZWyfvfz,SOL,chainabuse:AIRDROP,chainabuse_crawl,AIRDROP,label=MAGICEDEN.LOL REWARD;votes=1;checked=False,2024-02-05
D7ifQuY6YBuqvXZuygWCWAovQe9Ba4AuMy7vcQRMjaJB,SOL,chainabuse:AIRDROP,chainabuse_crawl,AIRDROP,label=🎁Now Jupiter AirDrop;votes=1;checked=False,2024-02-05
HVoUGk6KLRjwJ92AWV52XPgkk7PoQdYwPuLMTMiU8sQG,SOL,chainabuse:AIRDROP,chainabuse_crawl,AIRDROP,votes=1;checked=False,2024-02-05
J2QgobtkLeaTBo18co2dumLeJRYFwhoNquZPbuvUZrwC,SOL,chainabuse:AIRDROP,chainabuse_crawl,AIRDROP,label=Level Award;votes=1;checked=False,2024-02-05
G1pHjUhsnR8TRTdiWQnUWn6R2LTv2YGDTtbBRQR8ut3D,SOL,chainabuse:AIRDROP,chainabuse_crawl,AIRDROP,label=Limited Drop;votes=1;checked=False,2024-02-05
2oTeoSsDT32bvgQE3SfQozpx2rmZMxPBPxkMvPrVRKyF,SOL,chainabuse:AIRDROP,chainabuse_crawl,AIRDROP,votes=1;checked=False,2024-02-03
6Fu1U6kCwtbzpYNEgXy4N3cQdGAQ9sXomssU69kVrzeT,SOL,chainabuse:OTHER_HACK,chainabuse_crawl,OTHER_HACK,votes=1;checked=False,2024-02-02
4pDGSLgPkw4TYnXqnthFxgqgm6aUyw1ABYo4LeEisdAK,SOL,chainabuse:AIRDROP,chainabuse_crawl,AIRDROP,votes=1;checked=False,2024-02-02
CtNx3aaHU89bLRvHPnjpm3HYmktuYrMYHZebywuVXwcG,SOL,chainabuse:AIRDROP,chainabuse_crawl,AIRDROP,votes=1;checked=False,2024-02-02
GvYm7p1LywKCvPgZVs3NoDxvBYNifukGC5QoVdJzt2wQ,SOL,chainabuse:OTHER_HACK,chainabuse_crawl,OTHER_HACK,votes=1;checked=False,2024-02-02
7P5YbQTpEkCiRz1VjjkdZPRiWJj9PEGhyUhKzBDHUvQf,SOL,chainabuse:AIRDROP,chainabuse_crawl,AIRDROP,votes=1;checked=False,2024-02-01
9HJKiiaA9jB8GLBHqkT7fLnz4925nNtw4ccfYJHfBMHS,SOL,chainabuse:OTHER_BLACKMAIL,chainabuse_crawl,OTHER_BLACKMAIL,votes=1;checked=False,2024-01-31
38E3ETDUvfjVTQ1Bwuxb2Vmt3k4Y88wTHNg7mAfxEyVg,SOL,chainabuse:CONTRACT_EXPLOIT,chainabuse_crawl,CONTRACT_EXPLOIT,votes=1;checked=False,2024-01-31
CompuV3LmCTW7AGGnM6YBftCJkKP3ZKkK1fCAY8L7eM1,SOL,chainabuse:AIRDROP,chainabuse_crawl,AIRDROP,label=WEN airdrop;votes=1;checked=False,2024-01-30
B6AftJvLEbpnoNH5aMAFsDfVi1A385y3hWsfx4FpZYCJ,SOL,chainabuse:IMPERSONATION,chainabuse_crawl,IMPERSONATION,votes=1;checked=False,2024-01-30
84L5pKr3uCdgcNtuMB7kw7WaJJ3FkxDsD9Nfpy8L55ng,SOL,chainabuse:AIRDROP,chainabuse_crawl,AIRDROP,votes=1;checked=False,2024-01-30
9MYv1etk8DVM6qfFV1y5wjd6hH8fW9D4d4jRm6eYXEY2,SOL,chainabuse:AIRDROP,chainabuse_crawl,AIRDROP,label=RAYD.PROMO AIRDROP Raydium;votes=1;checked=False,2024-01-30
CompuQem9CNt7v1cBUDFkpE7FpdFuvACqG3zbPhPfUaH,SOL,chainabuse:AIRDROP,chainabuse_crawl,AIRDROP,votes=1;checked=False,2024-01-30
PYryzE9NTKZNBVKtokA4MWk39DCJwpzuhSoP6DzoTZR,SOL,chainabuse:AIRDROP,chainabuse_crawl,AIRDROP,votes=1;checked=False,2024-01-30
b8pyTBjatpNCVaKxRbPkqiujziAcvTXkcQeYDb11111,SOL,chainabuse:PHISHING,chainabuse_crawl,PHISHING,votes=1;checked=False,2024-01-29
3M6DXwQva1H3oTSiYUJCjPSFqTYzQWm3rMiPpQjzhF6Z,SOL,chainabuse:PHISHING,chainabuse_crawl,PHISHING,votes=1;checked=False,2024-01-29
mrDyGa59EorSRVkvmUkW2U5zLt3K621YVAQXxMoD783,SOL,chainabuse:OTHER_HACK,chainabuse_crawl,OTHER_HACK,votes=1;checked=False,2024-01-29
BqBSiQK6K8C3VzaLN64Uw1XvogqWuSFX9fsZky26cUaA,SOL,chainabuse:AIRDROP,chainabuse_crawl,AIRDROP,label=JUP.PRO Lucky Ticket;votes=1;checked=False,2024-01-28
9xcvs5V7JrvE2eZDEebj9PKgTkjpy91wkRqRXGC69K49,SOL,chainabuse:OTHER_HACK,chainabuse_crawl,OTHER_HACK,votes=1;checked=False,2024-01-28
C1pkiPrH1BwaZSxrwTvPVtf914aMDFiWkKTDaKZRYVXP,SOL,chainabuse:AIRDROP,chainabuse_crawl,AIRDROP,label=🎁WEN Vоucher;votes=1;checked=False,2024-01-27
51DvNAdAGV8hHDy3KuhJ6m4W3gWovTCvG4z8ycTpVYew,SOL,chainabuse:AIRDROP,chainabuse_crawl,AIRDROP,label=JUP.PRO Mystery Ticket;votes=1;checked=False,2024-01-27
DS6aGBPFJo3XgQsnv2fsZJn3kbopjtuv1nbjCAtPbrx4,SOL,chainabuse:AIRDROP,chainabuse_crawl,AIRDROP,label=Collab Airdrop;votes=1;checked=False,2024-01-27
Avm4fjppTzMyUBWoYVP7yVhbZzZV76vfKfdxxXvMzMMu,SOL,chainabuse:AIRDROP,chainabuse_crawl,AIRDROP,label=🎁WEN Vоucher;votes=1;checked=False,2024-01-27
7xMnyjbNqfhcpYSobeoqXvzkfpGNv6y9q3ikY2qbmL7K,SOL,chainabuse:AIRDROP,chainabuse_crawl,AIRDROP,label=TENSOR.CREDIT REWARD;votes=1;checked=False,2024-01-27
7Th3djnjQxk6SsJNVQP8B6CAGNSH5DC3X4qHHjJeRirX,SOL,chainabuse:AIRDROP,chainabuse_crawl,AIRDROP,label=JUP.RED PASS;votes=1;checked=False,2024-01-27
6BWkaUs17kMtWmwKBS2qGqrHNsnJtj8s9LCmk7tVfJo4,SOL,chainabuse:AIRDROP,chainabuse_crawl,AIRDROP,label=🎁2024 Jupiter AirDrop;votes=1;checked=False,2024-01-27
Fe81iNVESTmCHRPV1ivfB3Z39iuzCJtRvhjgAK4qAq6M,SOL,chainabuse:AIRDROP,chainabuse_crawl,AIRDROP,label=MFI.EXPERT PASS;votes=1;checked=False,2024-01-27
tk1XCsH3NZN4gfeQP5SdE2URLvHkg3fksA2kxtPHMR7,SOL,chainabuse:AIRDROP,chainabuse_crawl,AIRDROP,"label=🎁4,592 USDС Vоuchеr;votes=1;checked=False",2024-01-26
D3WxcsLVHBd2jjjXcvKa2kRk9iLN9Dv2nRrvHaG1thvE,SOL,chainabuse:AIRDROP,chainabuse_crawl,AIRDROP,"label=!solusdt.fun 🎁$88,760 USDT;votes=1;checked=False",2024-01-25
HoGhSVx5yssaQkvitC6ofLmSs6iqAPU7XzSdaZU2NS9x,SOL,chainabuse:AIRDROP,chainabuse_crawl,AIRDROP,label=$1000 USDC;votes=1;checked=False,2024-01-25
HuCGsj84X1JVnCBwb4Qo6Ma13SWTiBbJPCtkq2y5N8tt,SOL,chainabuse:AIRDROP,chainabuse_crawl,AIRDROP,"label=💎2,000 JTO Vоuchеr;votes=1;checked=False",2024-01-25
83WKXAw6GL5XMap8Vxg1hJcnkSb1N2dK51Rzdw2biiVD,SOL,chainabuse:AIRDROP,chainabuse_crawl,AIRDROP,label=MAGICEDEN.LOL REWARD;votes=1;checked=False,2024-01-25
68RXNUPvb4u7iBKqViKvieKxs97nMvzxLq2bYZeJfNLa,SOL,chainabuse:AIRDROP,chainabuse_crawl,AIRDROP,label=Outstanding crate #701;votes=1;checked=False,2024-01-25
4ZHqMnwt8ZbjMRSwas2sbAkewLWEnNb2Yf5zk1aErPDm,SOL,chainabuse:AIRDROP,chainabuse_crawl,AIRDROP,label=MFI.EXPERT WhiteList;votes=1;checked=False,2024-01-25
4YfxN4nfLEDaL2GUWac2Y8CqnVk4VoPk94dS4rAtEfYn,SOL,chainabuse:AIRDROP,chainabuse_crawl,AIRDROP,label=Bybit X Solana AirDrop;votes=1;checked=False,2024-01-25
AYEAxNL2JrbNWv8kH5LNpt24SV4qcTHRMyGnwLaUfDoW,SOL,chainabuse:AIRDROP,chainabuse_crawl,AIRDROP,votes=1;checked=False,2024-01-24
BXFbK29TwCfJA3uQCGhMByon6HqBf6vhasd441zyDHw4,SOL,chainabuse:IMPERSONATION,chainabuse_crawl,IMPERSONATION,votes=1;checked=False,2024-01-22
C64duKKidJrxjrYsSrrB5pfcrwsZDYzMCLFbJt9gEGCN,SOL,chainabuse:AIRDROP,chainabuse_crawl,AIRDROP,label=❗UNPROTECTED WALLET❗;votes=1;checked=False,2024-01-22
CTKdJm615wv15Q3c47uAMg8nzHskTELu6wzKeRrv6F47,SOL,chainabuse:AIRDROP,chainabuse_crawl,AIRDROP,label=🎁2024 Jupiter AirDrop;votes=1;checked=False,2024-01-22
5zBhXXnVvMhBQJjBLZUhCWswChSVJw9FwGp9uf4w2wJ6,SOL,chainabuse:AIRDROP,chainabuse_crawl,AIRDROP,label=🎁2024 Jupiter AirDrop;votes=1;checked=False,2024-01-22
CvvEjNWr4vVjLgEwiTtudm34TyzvUEmWDPtatweFamUq,SOL,chainabuse:FAKE_RETURNS,chainabuse_crawl,FAKE_RETURNS,label=solanaus.com scam;votes=1;checked=False,2024-01-21
CfPhT38tYBTB2uUtWBwmuWnxz67VbxsPZ1ZoNZKR1b15,SOL,chainabuse:OTHER_HACK,chainabuse_crawl,OTHER_HACK,votes=1;checked=False,2024-01-20
CDPYmiKk5jgDdgc1aGgaXv2q2G3yxRULR4hAU9ySrxWj,SOL,chainabuse:AIRDROP,chainabuse_crawl,AIRDROP,label=❗UNPROTECTED WALLET❗;votes=1;checked=False,2024-01-20
3ZCmQFN2LLBPGZqTeXKjDQo68b41HbaroVCerWtzdgE1,SOL,chainabuse:AIRDROP,chainabuse_crawl,AIRDROP,label=Bybit X Solana AirDrop;votes=1;checked=False,2024-01-20
664dyZJsxtFtTyk3pw5mjGjgJ8eadm68utbvTUt4jCXK,SOL,chainabuse:PHISHING,chainabuse_crawl,PHISHING,votes=1;checked=False,2024-01-19
7UUqH4YiAE6gRCoLPYKRb9KnUWyP5Xm5eUj4vgrk1Aob,SOL,chainabuse:OTHER_HACK,chainabuse_crawl,OTHER_HACK,votes=1;checked=False,2024-01-19
2VCJzVax8duP8GufazRFzHHZACc26nFDy3ovVdL4V12S,SOL,chainabuse:OTHER_HACK,chainabuse_crawl,OTHER_HACK,votes=1;checked=False,2024-01-19
9KCaL1ny7TxASEzqx9WC6tHdR9kxDry3evk3Cv33mxg7,SOL,chainabuse:AIRDROP,chainabuse_crawl,AIRDROP,votes=1;checked=False,2024-01-19
ErhhSLnRqFkrKKkv7TVEbW9DFCxmyrkeypoZBQaP6P9G,SOL,chainabuse:AIRDROP,chainabuse_crawl,AIRDROP,label=Fantastic crate #478;votes=1;checked=False,2024-01-19
N9hsYTP8MZo61eqUmLwdGBkBVyCbW9pEu8BWbYADdXq,SOL,chainabuse:AIRDROP,chainabuse_crawl,AIRDROP,label=Mystic Box #777;votes=1;checked=False,2024-01-19
BKQ23yn1JBhmFCXjcVBo9qBBV3ootmCprdHGBZfH5LUA,SOL,chainabuse:PHISHING,chainabuse_crawl,PHISHING,votes=1;checked=False,2024-01-18
A2AijN4S8iFHfAX4RuQCtsCLJ79FUWGkAG1k5XxxJnEK,SOL,chainabuse:IMPERSONATION,chainabuse_crawl,IMPERSONATION,votes=1;checked=False,2024-01-17
QxhUydAjJnyyWVPDFRoKdZKH22gtSJtBf2sijmXpK5y,SOL,chainabuse:OTHER_HACK,chainabuse_crawl,OTHER_HACK,votes=1;checked=False,2024-01-16
GqCcZKV27MGzTSy2y1jAPMzVZG7uugFzTbenaBxFfUxy,SOL,chainabuse:FAKE_PROJECT,chainabuse_crawl,FAKE_PROJECT,votes=1;checked=False,2024-01-14
EA6HaBdC3a3eUGNxLMyPDzBkHJARTWha58VvFVCQ9c7x,SOL,chainabuse:RUG_PULL,chainabuse_crawl,RUG_PULL,votes=1;checked=False,2024-01-12
AMBnieZtxdeNQ5v2pDZo3uirNWXWz3HzXYoizjy9vAci,SOL,chainabuse:IMPERSONATION,chainabuse_crawl,IMPERSONATION,votes=1;checked=False,2024-01-12
2AQdpHJ2JpcEgPiATUXjQxA8QmafFegfQwSLWSprPicm,SOL,chainabuse:RUG_PULL,chainabuse_crawl,RUG_PULL,votes=1;checked=False,2024-01-12
35QYHfob1AjFZdR8oyvA4bedxaBXhBCrne2cQJdT9Yd2,SOL,chainabuse:IMPERSONATION,chainabuse_crawl,IMPERSONATION,votes=1;checked=False,2024-01-11
8qoL2aqv2obu6wBHgzSU582JsFRi6y6XrA2wZVaHst12,SOL,chainabuse:PHISHING,chainabuse_crawl,PHISHING,label=Drainer_Commission;votes=1;checked=False,2024-01-10
2nEoHC4jyuHo2qQxXbZiTqgrMojttL8WUjk4ThGZLTAY,SOL,chainabuse:PHISHING,chainabuse_crawl,PHISHING,label=Drainer_Customer;votes=1;checked=False,2024-01-10
2EnZsViWRmtdk9vgbWjcRQYfwNMDQaKTuYSndzsZkCuL,SOL,chainabuse:OTHER_HACK,chainabuse_crawl,OTHER_HACK,votes=2;checked=False,2024-01-10
Dm969ZhWwhJhWPbvYWEU9ekL3kngr9PTvhnXFgVDH2iR,SOL,chainabuse:AIRDROP,chainabuse_crawl,AIRDROP,label=Outstanding crate #327;votes=1;checked=False,2024-01-09
AkwbaZZ4j6iTDpfLThEuXMnjEgYHzafQAFtC3cE4Qqy1,SOL,chainabuse:OTHER_HACK,chainabuse_crawl,OTHER_HACK,votes=2;checked=False,2024-01-09
92qJFJHXJ4NSuLhgnc1HwsjfjEaDBhfNAA6fC38S3jKE,SOL,chainabuse:AIRDROP,chainabuse_crawl,AIRDROP,label=$DRAGON AIRDROP;votes=1;checked=False,2024-01-06
A87YJYTNyHP5AJZueDuaoMA5fboHWiay1EBAVyBQ7y7G,SOL,chainabuse:AIRDROP,chainabuse_crawl,AIRDROP,label=MEMEDROP;votes=1;checked=False,2024-01-06
DS8k4dSkpVVpBaxvKG41H11PkrH6oUxLyXUaT2jqCBfZ,SOL,chainabuse:AIRDROP,chainabuse_crawl,AIRDROP,votes=1;checked=False,2024-01-05
CCi32kiJimRKvYUzQhwRnVgxYAYGN59hj3YF2L814VcC,SOL,chainabuse:PHISHING,chainabuse_crawl,PHISHING,votes=1;checked=False,2024-01-05
2RvWDrSspPyXNsqtCeyT7RM9SbbhvMihpfWHd3a5t4oJ,SOL,chainabuse:PHISHING,chainabuse_crawl,PHISHING,votes=1;checked=False,2024-01-05
HGHa87MAA5us35sbhT457RER2XjWFxd6pGJgccW4Uesw,SOL,chainabuse:AIRDROP,chainabuse_crawl,AIRDROP,votes=1;checked=False,2024-01-05
NCyNWyGcfToQFo32BdJtWWYowfSoGzZ9sgZqFm11111,SOL,chainabuse:AIRDROP,chainabuse_crawl,AIRDROP,votes=2;checked=False,2024-01-04
DComLTQAaXfzc75FGp85FWZLQSLiAuKF5Bz1qk1izMEc,SOL,chainabuse:AIRDROP,chainabuse_crawl,AIRDROP,votes=2;checked=False,2024-01-01
5C9EHpAdSNBFWboWs9HHGy2kZ4CJCkxCHW8fFRhVcZLx,SOL,chainabuse:IMPERSONATION,chainabuse_crawl,IMPERSONATION,label=188.74 SOL went here;votes=1;checked=False,2024-01-01
B8Y1dERnVNoUUXeXA4NaCHiB9htcukMSkfHrFsTMHA7h,SOL,chainabuse:IMPERSONATION,chainabuse_crawl,IMPERSONATION,label=47.18 SOL went here;votes=1;checked=False,2024-01-01
7ZvW4HFSdRawZdqMM3JZt4XmwAtgTPZNfcTi1aYZ3R4R,SOL,chainabuse:FAKE_RETURNS,chainabuse_crawl,FAKE_RETURNS,votes=1;checked=False,2023-12-30
95ckQ6MyZ1oy418ebCa9pqzJ6RSAVFEofpRAnm5ZS5o2,SOL,chainabuse:IMPERSONATION,chainabuse_crawl,IMPERSONATION,votes=1;checked=False,2023-12-30
6YYHx5VgTE3iquRLEXTN74NFE8vochUZFnM4GWsQ3Uxc,SOL,chainabuse:CONTRACT_EXPLOIT,chainabuse_crawl,CONTRACT_EXPLOIT,votes=1;checked=False,2023-12-30
5NM4zTiCqHCtF88qxUw4CSTUEb1yA5P4Q1icStXyXdoX,SOL,chainabuse:AIRDROP,chainabuse_crawl,AIRDROP,votes=2;checked=False,2023-12-30
BF7BkrZGuSG7LdNvHivBPZzswjt1cd2oPzFTxciN58fL,SOL,chainabuse:IMPERSONATION,chainabuse_crawl,IMPERSONATION,votes=1;checked=False,2023-12-28
CompuJkqBtGgNyHuz48Dt88eTBmzKgytV8yLd7osTBFD,SOL,chainabuse:OTHER,chainabuse_crawl,OTHER,votes=1;checked=False,2023-12-27
B4SY4qVsS9Di9kC6WyxmSTfd1CmWv9hz5pvtYriCiqfQ,SOL,chainabuse:AIRDROP,chainabuse_crawl,AIRDROP,votes=2;checked=False,2023-12-25
2GaXctjiEBtkMTcmh5bwTkMXQAQ6rjnaz6e2yHeFhESM,SOL,chainabuse:IMPERSONATION,chainabuse_crawl,IMPERSONATION,votes=2;checked=False,2023-12-25
9rsYjYAzT8NtHDsdwDp2eP7pqTWHjs6CJCzmCySLtXGm,SOL,chainabuse:AIRDROP+PHISHING,chainabuse_crawl,AIRDROP|PHISHING,votes=3;checked=False,2023-12-25
Rust6L69HoG7pFi215hixbCqx8wt3fMCUgErGBQnnnw,SOL,chainabuse:AIRDROP,chainabuse_crawl,AIRDROP,label=Airdrop;votes=3;checked=False,2023-12-25
me1eahhsHszBJqx8YFPQjJnkR97sJS3VcxtkWvYenXZ,SOL,chainabuse:AIRDROP,chainabuse_crawl,AIRDROP,votes=3;checked=False,2023-12-21
HH5DBYK5mbHpAs2SzXQU9Zb3g7a9E1CuYxMUmkohE4tC,SOL,chainabuse:OTHER_HACK,chainabuse_crawl,OTHER_HACK,votes=1;checked=False,2023-12-21
EBcfPtP3w7VKtYemb8ddCVYjXcsfiu61PPJ9vd89u4AU,SOL,chainabuse:OTHER_HACK,chainabuse_crawl,OTHER_HACK,votes=1;checked=False,2023-12-21
JCt4utCioxVq9YJ22qkyPfumcWbwcitcqKijj1FJKHUx,SOL,chainabuse:FAKE_RETURNS,chainabuse_crawl,FAKE_RETURNS,votes=1;checked=False,2023-12-20
FDQ5EJDZbZ1tYE6NosasiowDg4pUpdYedkiAfThYpV8C,SOL,chainabuse:AIRDROP,chainabuse_crawl,AIRDROP,votes=1;checked=False,2023-12-20
CompuN1ccmbcd2wfDU8j8bkLG62AGgHAwMx4XRnGWKTM,SOL,chainabuse:AIRDROP,chainabuse_crawl,AIRDROP,label=received stollen tokens;votes=1;checked=False,2023-12-20
32fi1dNK5a4vEocrVZLv1y2Z6wXtELDsuzpSfAVPVp2P,SOL,chainabuse:AIRDROP,chainabuse_crawl,AIRDROP,votes=1;checked=False,2023-12-20
BANKPVz9gWzPb4iwwUhGB6YuZE5dYmRxgz9KGPeuZqkv,SOL,chainabuse:AIRDROP,chainabuse_crawl,AIRDROP,label=sent spam token;votes=1;checked=False,2023-12-19
Carcj4UkZtkczpQ4Yc9Wy3qSPQwEbukFzCb2DJLGXfTZ,SOL,chainabuse:AIRDROP,chainabuse_crawl,AIRDROP,votes=2;checked=False,2023-12-19
6CW5eAy5fkw2BUvDVMoHChzPfi7XkrcsRpD2frhrJWNZ,SOL,chainabuse:OTHER_HACK,chainabuse_crawl,OTHER_HACK,label=phantom wallet;votes=1;checked=False,2023-12-19
AHiE4xJU4BZWkyvjQt1fWBFs7xcBzfqBXpT7Qk1BM7bP,SOL,chainabuse:PHISHING,chainabuse_crawl,PHISHING,votes=1;checked=False,2023-12-18
5JngqDDyd9zBLi77J2w8u1d6wuD7rbK9NosKKKXnBJ3E,SOL,chainabuse:AIRDROP,chainabuse_crawl,AIRDROP,votes=1;checked=False,2023-12-17
3t1BkE48v5GTxnf4CypuQ4XzEuVTQJmSMwm5b5Kcsu2f,SOL,chainabuse:AIRDROP,chainabuse_crawl,AIRDROP,votes=1;checked=False,2023-12-15
44rnptGvYKs7m7W8Dgh9a5FcD3ur1m2XoSUSDescrfkb,SOL,chainabuse:AIRDROP,chainabuse_crawl,AIRDROP,votes=1;checked=False,2023-12-15
7qbRF6YsyGuLUVs6Y1q64bdVrfe4ZcUUz1JRdoVNUJnm,SOL,chainabuse:AIRDROP,chainabuse_crawl,AIRDROP,votes=1;checked=False,2023-12-15
GB72oJBLbB1tQgCy859BnGHnLGKoUS6inEwetiLjMmav,SOL,chainabuse:AIRDROP,chainabuse_crawl,AIRDROP,votes=1;checked=False,2023-12-15
8zpsq9cVq3dnZdWHEs5G2WS4xh1AaMt2HyRpWHTo1jsW,SOL,chainabuse:AIRDROP,chainabuse_crawl,AIRDROP,label=Scammer address;votes=1;checked=False,2023-12-15
3sk6Hm4pvXHqBwdLB8atzzaKkoEeHTYWGMyAdLVdRHib,SOL,chainabuse:AIRDROP,chainabuse_crawl,AIRDROP,votes=1;checked=False,2023-12-15
EmFuHbivq6KKmSWS1bjfYkmmbDjpX5BA4LcDjeaWaLCn,SOL,chainabuse:IMPERSONATION,chainabuse_crawl,IMPERSONATION,votes=1;checked=False,2023-12-15
4H8egKZEJ4hjE4be61E96765MGy578Ef21spuiHPqjS3,SOL,chainabuse:AIRDROP,chainabuse_crawl,AIRDROP,votes=1;checked=False,2023-12-13
4YHrqCYXVTYdMHWh9SD2yXfwYuvLEXjkQ31Y34mEAeqv,SOL,chainabuse:AIRDROP,chainabuse_crawl,AIRDROP,label=Scammer;votes=1;checked=False,2023-12-13
Compu3aDeye2pAkN9BC5EzsLDS4hFSBDsEBHzNX7Ynqj,SOL,chainabuse:AIRDROP,chainabuse_crawl,AIRDROP,votes=1;checked=False,2023-12-11
7ALUfKwNCHR4ZUyfNjgfsQTDHQRWWHqUnPttZAfpXWg3,SOL,chainabuse:AIRDROP,chainabuse_crawl,AIRDROP,votes=1;checked=False,2023-12-10
CompurwaRQEp7NAbdSnHhmu35gNm3HwGRdBtVSVFjcX5,SOL,chainabuse:AIRDROP,chainabuse_crawl,AIRDROP,votes=1;checked=False,2023-12-10
DiFrTdsZb4hn8fm8S6gRUwoeZZ6bMcqkZgPiK2kn9vcT,SOL,chainabuse:IMPERSONATION,chainabuse_crawl,IMPERSONATION,votes=1;checked=False,2023-12-09
5FBDfVhD9kp5cEBo4fdZ758vEcWTwzV5WwK5PJgs3xo9,SOL,chainabuse:AIRDROP,chainabuse_crawl,AIRDROP,votes=1;checked=False,2023-12-03
DxtQwb4uwtLum978V7p6zd5i2aMDUcZDPf8UxuJKiN2K,SOL,chainabuse:AIRDROP,chainabuse_crawl,AIRDROP,votes=1;checked=False,2023-11-30
CompuMqjzwwtYH5kFbFgqFW92UJzNRSUXMBud1G4svh2,SOL,chainabuse:AIRDROP,chainabuse_crawl,AIRDROP,votes=1;checked=False,2023-11-28
7ZrHPDoiZxKSgbbmFceMfW9jHA851KkCRL3KUSisQNXF,SOL,chainabuse:AIRDROP,chainabuse_crawl,AIRDROP,votes=1;checked=False,2023-11-28
HQuqUNuNVPJPLRfwLUjtwKc97PodvpQ5rRuNriJFSTdp,SOL,chainabuse:AIRDROP,chainabuse_crawl,AIRDROP,votes=1;checked=False,2023-11-28
CJpe4dUcV5Knc2XZKTVsTNHm2MpmJGJNWCJdkfbNdYF5,SOL,chainabuse:OTHER_HACK,chainabuse_crawl,OTHER_HACK,votes=1;checked=False,2023-11-27
B8E7mUso66qDapSoX3bceo4hJv74ZWkjRJR2Vc7vqkam,SOL,chainabuse:DONATION_SCAM,chainabuse_crawl,DONATION_SCAM,votes=1;checked=False,2023-11-26
bc1qqrpp695rhp6mwyg2mjgdpccd78cdjexn5pd8etq,SOL,chainabuse:ROMANCE,chainabuse_crawl,ROMANCE,votes=1;checked=False,2023-11-23
sTAkEUMnk7Y6YvnpFsmjjh4EfhmKzfUJdDur8Q4DwPz,SOL,chainabuse:IMPERSONATION+PHISHING,chainabuse_crawl,IMPERSONATION|PHISHING,votes=1;checked=False,2023-11-18
EK26Goce1pDjSqz4E7Eze3wvNjGt4XVRpNC3S2qgQrh8,SOL,chainabuse:OTHER_HACK,chainabuse_crawl,OTHER_HACK,label=First thief;votes=1;checked=False,2023-11-17
7qDZuH3o6z2LvYq7hxkY5cxyG7L91BWzvdf7RxZr5WPz,SOL,chainabuse:OTHER_HACK,chainabuse_crawl,OTHER_HACK,label=Second thief;votes=1;checked=False,2023-11-17
GArPK1qMTpKaZTKstaHRP3xajFwQwX2w68fX8jLP2ema,SOL,chainabuse:OTHER_HACK,chainabuse_crawl,OTHER_HACK,votes=2;checked=False,2023-11-10
2zQ2kM4gQ7AHUMnt1g2VcfXKzZ1GabjrJBmKWZT6v6po,SOL,chainabuse:OTHER_HACK,chainabuse_crawl,OTHER_HACK,votes=2;checked=False,2023-11-10
GCWHBbnkc4mFH7Uvrmu7LdEcb3YF2u26mpYn8o58Q44X,SOL,chainabuse:OTHER_HACK,chainabuse_crawl,OTHER_HACK,votes=2;checked=False,2023-11-05
EbpBF8YjvkNPyu4tRusx1QP7TEfuAgfe75itjUedJGG6,SOL,chainabuse:RANSOMWARE,chainabuse_crawl,RANSOMWARE,votes=1;checked=False,2023-11-03
G9sHb2zjiMCjHodVhoHREJF3KSGLWm1QpoSvoRWYCDZh,SOL,chainabuse:RANSOMWARE,chainabuse_crawl,RANSOMWARE,votes=1;checked=False,2023-11-03
C1bgz83WcMgBCD1594ywZme6d9vbZNF3nHbkNbp8ePcG,SOL,chainabuse:RANSOMWARE,chainabuse_crawl,RANSOMWARE,votes=1;checked=False,2023-11-03
DKySUS9wcofe6ww8LAcLn48nF6Cz984rcD4C8t4NvqPt,SOL,chainabuse:AIRDROP,chainabuse_crawl,AIRDROP,votes=1;checked=False,2023-10-29
5Ts9UoW3k4bhyCXZsgE1nBYFuLyr2Xryci6WMT5NvESv,SOL,chainabuse:OTHER_HACK,chainabuse_crawl,OTHER_HACK,votes=1;checked=False,2023-10-27
9yjPsRhXP6A6BNs6wC7fvdtg3nBQNfmdATuth8WNcdkK,SOL,chainabuse:IMPERSONATION,chainabuse_crawl,IMPERSONATION,label=Scammer original address;votes=1;checked=False,2023-10-15
BpgZeMs22QSbjA2PrER7BcKsqjstmxUcrWkgQwHxza5,SOL,chainabuse:IMPERSONATION,chainabuse_crawl,IMPERSONATION,label=Scammer second stop;votes=1;checked=False,2023-10-15
47xRnWFYYCKcB4tGcbN9EutQPfv5oMhJsUckNcd8PN2A,SOL,chainabuse:IMPERSONATION,chainabuse_crawl,IMPERSONATION,label=Scammer third stop;votes=1;checked=False,2023-10-15
DsaTKTtQ8e3DBLC1ipBwmhk4MPgXzkSsrea3c7DU11ba,SOL,chainabuse:IMPERSONATION,chainabuse_crawl,IMPERSONATION,label=Scammer trading wallet;votes=1;checked=False,2023-10-15
2KUYhWwe1gTbsePfxpj3hF9wycdvrN5kLJTsh4NjuaFf,SOL,chainabuse:IMPERSONATION,chainabuse_crawl,IMPERSONATION,label=Scammer hold wallet;votes=1;checked=False,2023-10-15
VisagexnDNquAZnkmuDShWtLycPnDwPtmPKVnwZWu4c,SOL,chainabuse:IMPERSONATION,chainabuse_crawl,IMPERSONATION,label=Possible scammer;votes=1;checked=False,2023-10-15
HjejxaKUXdPTctHbnqkYFfPgv7Mf1158sHSPKKWJ8bBd,SOL,chainabuse:AIRDROP,chainabuse_crawl,AIRDROP,label=Drippies #4030;votes=1;checked=False,2023-10-10
969pMJrnrYnUnoebW5KDdWR9uxCNbLR579Y6fTSAnjpr,SOL,chainabuse:AIRDROP,chainabuse_crawl,AIRDROP,label=The Eyedeas #1584;votes=1;checked=False,2023-10-10
5WwBYgQG6BdErM2nNNyUmQXfcUnB68b6kesxBywh1J3n,SOL,chainabuse:CONTRACT_EXPLOIT+OTHER_HACK+RUG_PULL,chainabuse_crawl,CONTRACT_EXPLOIT|OTHER_HACK|RUG_PULL,votes=8;checked=False,2023-10-10
4JfXWXd2aenLncrdpJcryX8kZVJUSHyGPnc6HSyhA2Es,SOL,chainabuse:OTHER_HACK,chainabuse_crawl,OTHER_HACK,votes=1;checked=False,2023-10-10
CEzN7mqP9xoxn2HdyW6fjEJ73t7qaX9Rp2zyS6hb3iEu,SOL,chainabuse:CONTRACT_EXPLOIT+OTHER_HACK+RUG_PULL,chainabuse_crawl,CONTRACT_EXPLOIT|OTHER_HACK|RUG_PULL,votes=8;checked=False,2023-10-10
GeEccGJ9BEzVbVor1njkBCCiqXJbXVeDHaXDCrBDbmuy,SOL,chainabuse:CONTRACT_EXPLOIT+OTHER_HACK+RUG_PULL,chainabuse_crawl,CONTRACT_EXPLOIT|OTHER_HACK|RUG_PULL,votes=8;checked=False,2023-10-10
Htp9MGP8Tig923ZFY7Qf2zzbMUmYneFRAhSp7vSg4wxV,SOL,chainabuse:CONTRACT_EXPLOIT+OTHER_HACK+RUG_PULL,chainabuse_crawl,CONTRACT_EXPLOIT|OTHER_HACK|RUG_PULL,votes=8;checked=False,2023-10-10
7DQ5g5VGKErzWDQDfzHkBTsHdHy8F69SJPNPSVkStsQE,SOL,chainabuse:OTHER_BLACKMAIL+PHISHING,chainabuse_crawl,OTHER_BLACKMAIL|PHISHING,votes=3;checked=False,2023-10-08
4J9Gd9W1exmgakUHXStWW7wCs1kTc86TR9pUH4ia45KM,SOL,chainabuse:OTHER_BLACKMAIL+PHISHING,chainabuse_crawl,OTHER_BLACKMAIL|PHISHING,votes=1;checked=False,2023-10-08
3HZmQ7TVkhcuPu5jb349LARJYP8LMVC7U31qsCuYCkso,SOL,chainabuse:OTHER_BLACKMAIL+PHISHING,chainabuse_crawl,OTHER_BLACKMAIL|PHISHING,votes=3;checked=False,2023-10-08
7G5bBWvQXj38EG5GCyCb5CFXhTNJjK2bzYYdnG2db2g9,SOL,chainabuse:OTHER_BLACKMAIL+PHISHING,chainabuse_crawl,OTHER_BLACKMAIL|PHISHING,votes=3;checked=False,2023-10-08
FTXw9aVwZryUuRH7atedkEKRiwfHWG6tGZnPejWMB3Vk,SOL,chainabuse:OTHER_BLACKMAIL+PHISHING,chainabuse_crawl,OTHER_BLACKMAIL|PHISHING,votes=2;checked=False,2023-10-08
6AvAkhNCnhZXodTij2hQbPxJ79ctbLeBHvhAeyKEgPPV,SOL,chainabuse:OTHER_BLACKMAIL+PHISHING,chainabuse_crawl,OTHER_BLACKMAIL|PHISHING,label=pixelguild.org receiver;votes=2;checked=False,2023-10-08
Boy2vJ51R69cm7fw4RxQmvjnKXt8v9miPnAyq2GQdgjk,SOL,chainabuse:AIRDROP,chainabuse_crawl,AIRDROP,votes=1;checked=False,2023-10-06
DSa8QXnth9ixEqZypvRJ7qwFVNfqQ4CemDuPa8HeCAUD,SOL,chainabuse:AIRDROP,chainabuse_crawl,AIRDROP,votes=1;checked=False,2023-10-02
9YrY334yo46t3kGg3pByDFsABsErudY4P3N6pmmnr9Ey,SOL,chainabuse:AIRDROP,chainabuse_crawl,AIRDROP,label=my address;votes=1;checked=False,2023-10-02
6GrdV2gSDEsWdghX158mDTNT4WoNcLkdeMb5sZZAVpmN,SOL,chainabuse:AIRDROP,chainabuse_crawl,AIRDROP,votes=1;checked=False,2023-09-25
9UUok2eUjzReJoYWc9GEj4wJVSZ1SJdnXM1dWXuqDE52,SOL,chainabuse:OTHER_HACK,chainabuse_crawl,OTHER_HACK,votes=1;checked=False,2023-09-21
ERyHbbem2d1Uv6fSyQjAMREx23NGSTWiD5FFtj5wnw6r,SOL,chainabuse:OTHER_HACK,chainabuse_crawl,OTHER_HACK,votes=1;checked=False,2023-09-21
3WaLnc5eBXkwT8CzUd9bEjsSNHuNWhbWzPtbUfhJhB8j,SOL,chainabuse:AIRDROP,chainabuse_crawl,AIRDROP,label=Origin of Best Friends;votes=1;checked=False,2023-09-11
4GLt8fShv9VirrzAnRAobQWHgti7Sxw9PQJ4taG1XmiS,SOL,chainabuse:AIRDROP,chainabuse_crawl,AIRDROP,votes=1;checked=False,2023-09-05
6eCpBJtcfxw3Z74Mf5cHaLGrR17BDSbX8YPSoBqnYjvL,SOL,chainabuse:FAKE_RETURNS,chainabuse_crawl,FAKE_RETURNS,label=scammer wallet;votes=1;checked=False,2023-09-04
GBTT4iTMSMNiReQpEeKBkLb2pvYefrNPTs5pCJtZqwXp,SOL,chainabuse:AIRDROP,chainabuse_crawl,AIRDROP,votes=1;checked=False,2023-08-29
EWBFhigrnx6q5MMaGgxcg22dZtqTcZwiut8ZG7QCAFo,SOL,chainabuse:OTHER_HACK,chainabuse_crawl,OTHER_HACK,votes=1;checked=False,2023-08-23
hh2oMkkgUF55mxMFeuUgVYwvEnpV5kRbvHVuDWMKDYFC,SOL,chainabuse:OTHER_HACK,chainabuse_crawl,OTHER_HACK,votes=1;checked=False,2023-08-23
98dSLLbmqP4YEr9e4yDS9HhhFm3PNbmnuAeVzNLzwSdQ,SOL,chainabuse:AIRDROP,chainabuse_crawl,AIRDROP,votes=1;checked=False,2023-08-22
HxQvnyGzFYWGs4np2Eq16Zd7XYquvwzjQNK1bWSfCV9Q,SOL,chainabuse:AIRDROP,chainabuse_crawl,AIRDROP,votes=1;checked=False,2023-08-22
Cydq1ipZDegkv9a4Zqqep8qRoJN2WR3ebHykMJJqCpiM,SOL,chainabuse:AIRDROP,chainabuse_crawl,AIRDROP,votes=1;checked=False,2023-08-22
qbx94mzVPsB6xvZ6WzGHRksHTgFyyFwFbxWt1PcwzpE,SOL,chainabuse:AIRDROP,chainabuse_crawl,AIRDROP,votes=1;checked=False,2023-08-22
6AymauUaocFSsGRsnyKH4Xtr4cWannMokiZMa88YpMQG,SOL,chainabuse:AIRDROP,chainabuse_crawl,AIRDROP,votes=1;checked=False,2023-08-22
93R8emRhw8jfno1VsPENroTqCpwp5YqpyNsPoWRZ5uhg,SOL,chainabuse:FAKE_RETURNS,chainabuse_crawl,FAKE_RETURNS,votes=1;checked=False,2023-08-22
BmjJ85zsP2xHPesBKpmHYKt136gzeTtNbeVDcdfybHHT,SOL,chainabuse:OTHER_HACK,chainabuse_crawl,OTHER_HACK,votes=1;checked=False,2023-08-16
6wii6Xk7CyApUfh1sNgvJfe1zbZeTxwyi24b6qmrrUDS,SOL,chainabuse:OTHER_HACK,chainabuse_crawl,OTHER_HACK,votes=1;checked=False,2023-08-16
2JSfrSeCefCdynrAcRejBAR6MM981ytoRbp4rkxp9hf8,SOL,chainabuse:PHISHING,chainabuse_crawl,PHISHING,votes=1;checked=False,2023-08-13
3HhFEn36MQsrGR6ZY12ongCnBy3uo4WwRydbNgHrksFy,SOL,chainabuse:AIRDROP,chainabuse_crawl,AIRDROP,label=Slippery Wen DRiP;votes=1;checked=False,2023-08-05
3ijvpwGNoB2taVGsSYPV2T6kEkziDxHcpW52XLsJbsos,SOL,chainabuse:AIRDROP,chainabuse_crawl,AIRDROP,votes=1;checked=False,2023-07-31
67StdhiQtCrGeeGNHvvzScdj4yqJrTy31oA98SZHaAMn,SOL,chainabuse:AIRDROP,chainabuse_crawl,AIRDROP,votes=1;checked=False,2023-07-31
EXE1NZ7EroF1YTtzzQFHasAKpBKtEPEQXHVDvJeCA1dx,SOL,chainabuse:AIRDROP,chainabuse_crawl,AIRDROP,votes=1;checked=False,2023-07-27
HFGsX5FtCvPgr7nYZYwMhBgqht8fsVQXvfSayKKdydbQ,SOL,chainabuse:AIRDROP,chainabuse_crawl,AIRDROP,label=shallow-violet-beetle;votes=1;checked=False,2023-07-27
EjBibo5Bd3HQKMie1FquCFtbUxWCagvxrfHuzd482Key,SOL,chainabuse:DONATION_SCAM,chainabuse_crawl,DONATION_SCAM,votes=1;checked=False,2023-06-29
CoS68GdBmy5w1FEiu1ii3hWmdsB48Mt1iSpJtNxSVcZo,SOL,chainabuse:IMPERSONATION,chainabuse_crawl,IMPERSONATION,votes=1;checked=False,2023-06-26
7tG9cjydbQEn2fBBY9HLvHPh3oXfpu983V9jQGbuSSxi,SOL,chainabuse:OTHER_HACK,chainabuse_crawl,OTHER_HACK,votes=1;checked=False,2023-06-14
8SmznBkEQwbivS8ybqZtt1K7gmyRJhnWchcSrmrxyNdH,SOL,chainabuse:PHISHING,chainabuse_crawl,PHISHING,label=Stoned Ape Bong;votes=1;checked=False,2023-06-11
A8h5fn4WLtpUwDvzNGVdxBB6vubebmvNXAkqTgVRu4nB,SOL,chainabuse:PHISHING,chainabuse_crawl,PHISHING,votes=1;checked=False,2023-06-10
2rRraZai3MMzPfRYyz57jxNMNGrXk4BCuSgJghXE7DRn,SOL,chainabuse:AIRDROP,chainabuse_crawl,AIRDROP,label=Bonk Boxes WL Claim;votes=1;checked=False,2023-06-08
3LLkKDhDawpdQtTUqyeGxVyGWhbrdrbbwxcYvuhGdTZn,SOL,chainabuse:AIRDROP,chainabuse_crawl,AIRDROP,label=Come try Purebet!;votes=1;checked=False,2023-06-07
63sMo4sNb9J1q6VKtePoVbWzymBrURuS6Ueariq5LR8T,SOL,chainabuse:PHISHING,chainabuse_crawl,PHISHING,votes=2;checked=True,2023-05-27
SwY5jQkf6bT6uLE6jWFk9V19nVgTLdX9ECRZtSsydJ2,SOL,chainabuse:AIRDROP,chainabuse_crawl,AIRDROP,votes=1;checked=False,2023-05-20
DShCwmSu45tNYRXDXD9jdSWA3eg9TEGNiomTqYfptawp,SOL,chainabuse:AIRDROP,chainabuse_crawl,AIRDROP,votes=1;checked=False,2023-05-20
BPFLoaderUpgradeab1e11111111111111111111111,SOL,chainabuse:AIRDROP,chainabuse_crawl,AIRDROP,votes=2;checked=True,2023-05-20
metaqbxxUerdq28cj1RbAWkYQm3ybzjb6a8bt518x1s,SOL,chainabuse:AIRDROP,chainabuse_crawl,AIRDROP,votes=2;checked=True,2023-05-20
F8ZjHTqvN8YKfGwsoEaLXkYfHc3fbDvH35ftF7xFeMLi,SOL,chainabuse:AIRDROP,chainabuse_crawl,AIRDROP,votes=1;checked=False,2023-05-20
5URbL8KoNCgASdpFXCAL1FXsGnP6pNXeuKvA3x94MX92,SOL,chainabuse:AIRDROP,chainabuse_crawl,AIRDROP,votes=2;checked=True,2023-05-20
Bq9gn5TnHAhmP42ujMxJKL1r4xjjmEjtqkfj8eHQ31f6,SOL,chainabuse:OTHER_HACK,chainabuse_crawl,OTHER_HACK,votes=1;checked=True,2023-05-19
AxFunmewFcCogZkDULYMdSe7mHcLodB11CnH17jDvP3Y,SOL,chainabuse:AIRDROP,chainabuse_crawl,AIRDROP,votes=1;checked=True,2023-05-17
HLQyLt3BgJ3Pto3aVHnUNPKKg8JcZiELW236L53MhVLW,SOL,chainabuse:IMPERSONATION,chainabuse_crawl,IMPERSONATION,votes=1;checked=False,2023-05-09
2pCy3SU6wh5V9gA5xufibx77GyW73nADDRzSZG7aXcsQ,SOL,chainabuse:OTHER_HACK,chainabuse_crawl,OTHER_HACK,votes=1;checked=True,2023-05-08
BH96UcPvksn7TF61gdwvysnYCRnH8Qrpy7jJUYvg63pu,SOL,chainabuse:FAKE_PROJECT+OTHER_BLACKMAIL,chainabuse_crawl,FAKE_PROJECT|OTHER_BLACKMAIL,label=Genesis Genopet #3209;votes=2;checked=False,2023-04-26
DEm1d8p5RM9PqvqVMJ5uCbebssEock286PqR7CyZPFcF,SOL,chainabuse:IMPERSONATION,chainabuse_crawl,IMPERSONATION,votes=1;checked=True,2023-04-20
72jXsoiK9UZdwdGpA3TYyAGAnVBGggQ9YvEjFS2CW5UE,SOL,chainabuse:PHISHING,chainabuse_crawl,PHISHING,label=Scam;votes=0;checked=False,2023-04-18
DqyLFUYDrb1BghWENcwtSCiy4XV4apn52RYA4XDriJzG,SOL,chainabuse:AIRDROP+OTHER_BLACKMAIL,chainabuse_crawl,AIRDROP|OTHER_BLACKMAIL,votes=1;checked=True,2023-03-27
Ahp9DvTx3akjhz9cZuD9S3Rtit8DzB8syypp76yAuow6,SOL,chainabuse:AIRDROP,chainabuse_crawl,AIRDROP,label=0rcа;votes=1;checked=True,2023-03-23
EmP1p1AXFsHM7gmzTSUYBsGYgD38btSrp8uLcjS9dp3Y,SOL,chainabuse:OTHER_HACK,chainabuse_crawl,OTHER_HACK,votes=1;checked=True,2023-03-19
E3S1juenVvh2T6Fbqw9Qdi2uQBLigDYbMsRLiks1Cpvk,SOL,chainabuse:OTHER_HACK,chainabuse_crawl,OTHER_HACK,votes=1;checked=True,2023-03-19
3jGW6kYdU2jSV3HHDHLtj2sWx2pmxraCeqpYDMGrKztD,SOL,chainabuse:AIRDROP,chainabuse_crawl,AIRDROP,votes=1;checked=False,2023-01-26
Ggqai5Gi3yaZ6h5TJjVohnJTmCcTgrtQfTwQtH1Jtogj,SOL,chainabuse:AIRDROP,chainabuse_crawl,AIRDROP,votes=1;checked=False,2023-01-26
HvRNNnwmqVyp3jpQbCLnEfjcKhEV25gGvvmwVo3vLuH5,SOL,chainabuse:OTHER_INVESTMENT_SCAM,chainabuse_crawl,OTHER_INVESTMENT_SCAM,votes=2;checked=False,2023-01-10
DPa587s6uDAixaHwKzFndWpnPDYUw1QsLe2oEj6V9dSb,SOL,chainabuse:IMPERSONATION,chainabuse_crawl,IMPERSONATION,votes=1;checked=False,2023-01-07
AgJddDJLt17nHyXDCpyGELxwsZZQPqfUsuwzoiqVGJwD,SOL,chainabuse:OTHER,chainabuse_crawl,OTHER,votes=2;checked=False,2022-12-16
5YPSy4PtNsuw7ebvTvkNAknm6TsKWGTeRSNVgxzWh8NQ,SOL,chainabuse:RANSOMWARE,chainabuse_crawl,RANSOMWARE,label=Raydium;votes=0;checked=False,2022-12-15
8TuYiYQB9aDrN6qRdBg8WANywnVW9Xq95pWVtSttU1Vu,SOL,chainabuse:SEXTORTION,chainabuse_crawl,SEXTORTION,label=Watchful Lady;votes=-1;checked=False,2022-12-14
0,SOL,chainabuse:PHISHING,chainabuse_crawl,PHISHING,votes=1;checked=False,2022-12-10
2He9TvUXZj4BdRHQt9mYskTscN1TkCzyc8ReMULYva62,SOL,chainabuse:OTHER_BLACKMAIL,chainabuse_crawl,OTHER_BLACKMAIL,label=StarAtlas;votes=1;checked=False,2022-12-07
EjQukyrFA9PAjfS6PVDw2tzJZ77YC3oaHVVtGX4adJJX,SOL,chainabuse:OTHER_BLACKMAIL,chainabuse_crawl,OTHER_BLACKMAIL,label=Number #00027;votes=0;checked=False,2022-11-22
9Ke59WkcRezvw5a6vqtQQqeCNL8ZDN9rcB7XeHMXJn1H,SOL,chainabuse:PHISHING,chainabuse_crawl,PHISHING,label=Magiceden;votes=1;checked=False,2022-11-17
4JaiEVeyMReufErLtrejVjFnZkj15N8KNGWf7ReUWfXm,SOL,chainabuse:PHISHING,chainabuse_crawl,PHISHING,label=Number #00070;votes=1;checked=False,2022-11-17
6sEk1enayZBGFyNvvJMTP7qs5S3uC7KLrQWaEk38hSHH,SOL,chainabuse:OTHER,chainabuse_crawl,OTHER,label=FTX account drainer 2;votes=7;checked=False,2022-11-16
5jx8wMxEpuyS8CSef7u6X9JAiV7hVPfphntxMrzMHsJi,SOL,chainabuse:OTHER_BLACKMAIL,chainabuse_crawl,OTHER_BLACKMAIL,label=APE SHOEBOX;votes=1;checked=False,2022-11-07
6M4Aey4ADercx63TLp5teDGoyx4iGKXbkg2rhfgviSbz,SOL,chainabuse:AIRDROP,chainabuse_crawl,AIRDROP,label=Magiceden;votes=1;checked=False,2022-11-07
Gioqhb49ubkdVEKRdaZ1yqH2V5eXUWhB51A1yTppWqdf,SOL,chainabuse:OTHER,chainabuse_crawl,OTHER,label=Solend Exploiter;votes=2;checked=False,2022-11-04
CmWDykPtTkSPtjhjNv9kmuhkUoKySB6zYz8AiohpKuv,SOL,chainabuse:OTHER,chainabuse_crawl,OTHER,label=Solend Exploiter;votes=2;checked=False,2022-11-04
2wnSrzMW4JJP3A353pK97Yp1RpsyRHBarZtpPEaevnoS,SOL,chainabuse:OTHER,chainabuse_crawl,OTHER,label=Solend Exploiter;votes=2;checked=False,2022-11-04
61wJT43nWMUpDR92wC7pmo6xoJRh2s4kCYRBq4d5XQHZ,SOL,chainabuse:OTHER,chainabuse_crawl,OTHER,label=Solend Exploiter;votes=2;checked=False,2022-11-04
4sJmXefDSqCwNaweMeURHk7AP9Nf5a5MjHqoEBst9sH1,SOL,chainabuse:CONTRACT_EXPLOIT+OTHER,chainabuse_crawl,CONTRACT_EXPLOIT|OTHER,label=Exploit Recipient;votes=2;checked=False,2022-11-04
EGaHAfnypqpNTEiByUDjzQAtiqCdM3BW5atysdrauFAM,SOL,chainabuse:OTHER_BLACKMAIL,chainabuse_crawl,OTHER_BLACKMAIL,label=The Suites Upgrade Key;votes=1;checked=False,2022-11-03
2bzyB4K6ifZJVUBXbhEsAqqZsud48FjD2y3NgKut9ura,SOL,chainabuse:OTHER_BLACKMAIL,chainabuse_crawl,OTHER_BLACKMAIL,label=_URGENT;votes=1;checked=False,2022-10-31
BTaxGAk6hJBZy9hxqG5YYKNMvT9m92YNB48o3WZP6PrZ,SOL,chainabuse:OTHER_BLACKMAIL,chainabuse_crawl,OTHER_BLACKMAIL,label=Allert!;votes=1;checked=False,2022-10-31
B9ZArmaKEZnBGANZGr812LSHhNPLRTefzRe1e6Hc6wa5,SOL,chainabuse:OTHER_BLACKMAIL+PHISHING,chainabuse_crawl,OTHER_BLACKMAIL|PHISHING,label=_URGENT;votes=1;checked=False,2022-10-28
57JAVLoynZJTzwJDuVgs8u8BWSQK6qosPyyuW9ZUEMh,SOL,chainabuse:OTHER_BLACKMAIL,chainabuse_crawl,OTHER_BLACKMAIL,label=Metaplex Airdrop;votes=1;checked=False,2022-10-28
6XV3gMtif7FX2n2dxQjZyLeGz9vmfBB2F22mzt9Vy21m,SOL,chainabuse:PHISHING,chainabuse_crawl,PHISHING,label=_URGENT;votes=1;checked=False,2022-10-28
EdSZeskchZ8qQ2BtAx6eZTSCP5qk6vJjRLLPYfnLKzTn,SOL,chainabuse:CONTRACT_EXPLOIT,chainabuse_crawl,CONTRACT_EXPLOIT,label=_URGENT;votes=1;checked=False,2022-10-28
4Yx5eRhgEh8FTsY19VQbP9UpVgbCvggpPjzNQgnHVbdU,SOL,chainabuse:ROMANCE,chainabuse_crawl,ROMANCE,label=is it a monster or?;votes=0;checked=False,2022-10-28
BgsumguDU3N9cPEWHHYoz2ZkrYkkSXnmYUwzHcB8Kpow,SOL,chainabuse:OTHER_BLACKMAIL,chainabuse_crawl,OTHER_BLACKMAIL,label=Magic Eden Pass;votes=1;checked=False,2022-10-28
9u8cbMc5rpZtCeYudwbEHYgQEAvkqp6r2R1J59ndTGQg,SOL,chainabuse:PHISHING,chainabuse_crawl,PHISHING,label=Soladdin Lamp #9403;votes=1;checked=False,2022-10-27
38KQR1VZiYsgjZyPytTsURNmMahBqg1rACjnSLNXncgn,SOL,chainabuse:PHISHING,chainabuse_crawl,PHISHING,label=5;votes=1;checked=False,2022-10-27
HrJ12qYEjza4MGZ3Hm4QC2nquP9DXmYERefxrxFyzED9,SOL,chainabuse:OTHER_BLACKMAIL,chainabuse_crawl,OTHER_BLACKMAIL,label=3;votes=1;checked=False,2022-10-26
Gw8psDJJ6hQJsC1vdvSqSxiXssZaLjUfSBY1wD7N6EMp,SOL,chainabuse:OTHER_BLACKMAIL,chainabuse_crawl,OTHER_BLACKMAIL,label=Number #0009;votes=1;checked=False,2022-10-26
BMSixqGNxahvbrdFLuG88k1KBY97nDSuvvz6QDmUjRdZ,SOL,chainabuse:OTHER_BLACKMAIL+RANSOMWARE,chainabuse_crawl,OTHER_BLACKMAIL|RANSOMWARE,label=Number #0010;votes=1;checked=False,2022-10-24
6qfMVn8dHBK3qWMQHjsE34X5EhfkLT3dg51q1Mg2xWkp,SOL,chainabuse:OTHER,chainabuse_crawl,OTHER,votes=2;checked=False,2022-09-20
HV6si9E9BiBibghusktwMyibr64ahMiJga5PwQiRHB5Z,SOL,chainabuse:PHISHING,chainabuse_crawl,PHISHING,votes=3;checked=False,2022-09-13
EqjpdYRtHhkNWRCur4zsoEcsjysJzoAecrtQ59qryEah,SOL,chainabuse:OTHER_BLACKMAIL,chainabuse_crawl,OTHER_BLACKMAIL,votes=5;checked=False,2022-08-20
8wvPyUe9UmusjkEeMKnyDAWAztcUu3aWBsqwn8sRjLXK,SOL,chainabuse:OTHER_BLACKMAIL,chainabuse_crawl,OTHER_BLACKMAIL,votes=2;checked=False,2022-08-15
Fe5A77H6ZYp8x9TijiNUbZy5qSW7oc1b3tqLkdoA8kDB,SOL,chainabuse:OTHER_BLACKMAIL,chainabuse_crawl,OTHER_BLACKMAIL,votes=3;checked=False,2022-08-10
BmgFSsNKAKPgpo9U8mKZJ8kgCmHdnKX31UkpTMJaE8YB,SOL,chainabuse:CONTRACT_EXPLOIT,chainabuse_crawl,CONTRACT_EXPLOIT,votes=3;checked=False,2022-08-06
Exi964mWHtpazeVMo4nuEjeYzxRzo1ANt5yyREXvBRFc,SOL,chainabuse:CONTRACT_EXPLOIT,chainabuse_crawl,CONTRACT_EXPLOIT,votes=13;checked=False,2022-08-06
BtVGaSY3wsxy4DfGKVYay5S9QmzuRv6P8AMiuEocTwBV,SOL,chainabuse:CONTRACT_EXPLOIT,chainabuse_crawl,CONTRACT_EXPLOIT,votes=2;checked=False,2022-08-06
BvaQ8qJJzTsgRPtWy5YZAU2CATTYgUNAF7Gw63y9a2wW,SOL,chainabuse:CONTRACT_EXPLOIT,chainabuse_crawl,CONTRACT_EXPLOIT,votes=2;checked=False,2022-08-06
3zP2zyuEqg2Kc7ZcyuTSffJpBnWDw9R6aoVhDiAYEFd4,SOL,chainabuse:RUG_PULL,chainabuse_crawl,RUG_PULL,votes=3;checked=False,2022-08-05
EPoNXCrCdwkxZL7Pe2gH4mPS6TFHMgYb3UuNcU67vCJH,SOL,chainabuse:RUG_PULL,chainabuse_crawl,RUG_PULL,votes=3;checked=False,2022-08-05
5LdUdQeQ5md36aCrrEpM5sKG6AT25bJDPTze1xRDfgMS,SOL,chainabuse:RUG_PULL,chainabuse_crawl,RUG_PULL,votes=3;checked=False,2022-08-05
HRyb11gGqwgJL67vLjevtBea1ZWZg6pC38QBQib8p7DE,SOL,chainabuse:RUG_PULL,chainabuse_crawl,RUG_PULL,votes=3;checked=False,2022-08-05
3dtsKYH6atDdWJWksCW6bEQE99xXAzWoKW5ZKvA9GzGq,SOL,chainabuse:RUG_PULL,chainabuse_crawl,RUG_PULL,votes=3;checked=False,2022-08-05
BMBYtj69YjRPPPque4gsiQdNUiNh4FEpXpvNonhEuYpr,SOL,chainabuse:RUG_PULL,chainabuse_crawl,RUG_PULL,votes=3;checked=False,2022-08-05
7wWH3eggXr7HNprgif5uujPrt56QcTtRC3DP6MKqK9u4,SOL,chainabuse:RUG_PULL,chainabuse_crawl,RUG_PULL,votes=3;checked=False,2022-08-05
6sEe5Asitpa6gpstVPVgnPegCoscJBiZNBk787N4CNEq,SOL,chainabuse:RUG_PULL,chainabuse_crawl,RUG_PULL,votes=3;checked=False,2022-08-05
8c5eCsExPqPaaZ8piLiY43ky5d85YRP1stYZtVKx4caK,SOL,chainabuse:RUG_PULL,chainabuse_crawl,RUG_PULL,votes=3;checked=False,2022-08-05
5KywdkYM5buWzjMdZQSFKMoRyWEQvjyirVjErvNKJoho,SOL,chainabuse:RUG_PULL,chainabuse_crawl,RUG_PULL,votes=3;checked=False,2022-08-05
CC5hyoYumpLzsNEUUsConETU4xBj7oTGpZ3eYSZXHACd,SOL,chainabuse:RUG_PULL,chainabuse_crawl,RUG_PULL,votes=3;checked=False,2022-08-05
4QEHa1WBTAGiRDftricd3obbQZQuNL3oUfRerTndc3i9,SOL,chainabuse:OTHER_BLACKMAIL,chainabuse_crawl,OTHER_BLACKMAIL,votes=3;checked=False,2022-08-05
9wwfzQ7yGkB7shUifwqRUrRruDksDzSXKBcF4ETwzoYB,SOL,chainabuse:OTHER,chainabuse_crawl,OTHER,votes=2;checked=False,2022-08-03
CVjpUwfi9HvUAT9HrWGEmGcXkm8ZHwFKHqbWq1Yn95ZN,SOL,chainabuse:AIRDROP+OTHER_BLACKMAIL,chainabuse_crawl,AIRDROP|OTHER_BLACKMAIL,votes=2;checked=False,2022-08-01
GTysRdcv63k8c5tu2m7Vp3vUkQmd9HjoHfEacPvjdPnj,SOL,chainabuse:OTHER_BLACKMAIL,chainabuse_crawl,OTHER_BLACKMAIL,votes=2;checked=False,2022-08-01
BHFssygBCg6r5e12X8C48dZUKLoZcbiPeyBeYhqt4KFU,SOL,chainabuse:OTHER,chainabuse_crawl,OTHER,votes=3;checked=False,2022-07-31
hckKDRDZ9CcJXVsYNb6K1Y9MVALTRU4kcWL8Zwv8SEM,SOL,chainabuse:OTHER,chainabuse_crawl,OTHER,votes=3;checked=False,2022-07-31
DvBWo72YfLKXVmfbgJe16h32hdDjpTouQvgJQGxV1c8W,SOL,chainabuse:OTHER,chainabuse_crawl,OTHER,votes=3;checked=False,2022-07-31
7nYpq2Ynk1J4XYJri3Hcn7iCGbqHMPrysEB3cLiXb1n5,SOL,chainabuse:OTHER,chainabuse_crawl,OTHER,votes=3;checked=False,2022-07-31
13R6kExQpmsZUK259gW643WaJLpeUoNvaGpRaepE3zp,SOL,chainabuse:OTHER,chainabuse_crawl,OTHER,votes=3;checked=False,2022-07-31
2TAXT6SaR51tiGYfYcYUvKy98RyqE4JVJvpfaLnHKb1e,SOL,chainabuse:OTHER,chainabuse_crawl,OTHER,votes=3;checked=False,2022-07-31
3HRtvzbG2utgLo4S8YVsBdgzzVAtvucKPUREA8uaV2br,SOL,chainabuse:OTHER,chainabuse_crawl,OTHER,votes=3;checked=False,2022-07-31
4NwC5KkTcfPtrvm4AS7ntCMxCv2eRzU1u7QqyoTjLPPb,SOL,chainabuse:OTHER,chainabuse_crawl,OTHER,votes=3;checked=False,2022-07-31
5HAst99rxwH4f1bYFyvHw5hm4hVCXNY7gLyzUpNdGMW1,SOL,chainabuse:OTHER,chainabuse_crawl,OTHER,votes=3;checked=False,2022-07-31
de1V7Ep7xggpjyCYHyukUiBPXmCWF3TDs5U7p5tsouh,SOL,chainabuse:OTHER,chainabuse_crawl,OTHER,votes=3;checked=False,2022-07-31
so2u5SrdYppTFEXgRpb7vfgzaveQfAsLKsmfbG5KGaE,SOL,chainabuse:OTHER,chainabuse_crawl,OTHER,votes=3;checked=False,2022-07-31
C1ResCfLjchCut1seuTvEZa1QMsDpdTZW26A9NRQjBwc,SOL,chainabuse:OTHER,chainabuse_crawl,OTHER,votes=3;checked=False,2022-07-31
6CFx74Frr6ocAivKHn2XMEhrzwAFiAjhCVWJhY2gAVdV,SOL,chainabuse:OTHER_BLACKMAIL,chainabuse_crawl,OTHER_BLACKMAIL,votes=2;checked=False,2022-07-30
76w4SBe2of2wWUsx2FjkkwD29rRznfvEkBa1upSbTAWH,SOL,chainabuse:CONTRACT_EXPLOIT,chainabuse_crawl,CONTRACT_EXPLOIT,votes=4;checked=False,2022-07-28
Tc8DLj8TQyKTJRYkbe6zwkUL9rpFq6D3v54R9NBFguX,SOL,chainabuse:OTHER,chainabuse_crawl,OTHER,votes=3;checked=False,2022-07-23
ENgsysQE1QQHGRdgSRmVv4QtyjGcUrdD5Sp6c141K8ho,SOL,chainabuse:CONTRACT_EXPLOIT,chainabuse_crawl,CONTRACT_EXPLOIT,votes=5;checked=False,2022-07-22
DN6FoYTNFTsjQ6ybBVqiL6MCNcSKrww4pgt6BiDtS29G,SOL,chainabuse:CONTRACT_EXPLOIT,chainabuse_crawl,CONTRACT_EXPLOIT,votes=5;checked=False,2022-07-22
DJ7doi4vLtL8N3kpQjh1YK91gcK1a4JYmeUPtJL4bE4K,SOL,chainabuse:PHISHING,chainabuse_crawl,PHISHING,votes=4;checked=False,2022-07-20
Abih5VzqFR8qMCJZNi1C7pJjkVZThgaKk9r6gjv1kYmC,SOL,chainabuse:PHISHING,chainabuse_crawl,PHISHING,votes=4;checked=False,2022-07-20
F4dF9bnf5WxcfTJnDxt4D4t2CipseQgESXS24YCnNmZB,SOL,chainabuse:PHISHING,chainabuse_crawl,PHISHING,votes=4;checked=False,2022-07-20
9GDN5krysAR8xGnLaRZTvzcPzfmForf1VjJzUqCSksqy,SOL,chainabuse:PHISHING,chainabuse_crawl,PHISHING,votes=4;checked=False,2022-07-20
7nRCFwUnZpPYbP4T9hsAqaUaqu2RHx9VhBuvfLoLiMRt,SOL,chainabuse:PHISHING,chainabuse_crawl,PHISHING,votes=4;checked=False,2022-07-20
6uhD4cWsiFgRaH7KC39waEVb6quJprgrUhkCTH65pwPM,SOL,chainabuse:PHISHING,chainabuse_crawl,PHISHING,votes=4;checked=False,2022-07-20
67sCNziG6MPms4RfpPofVjRB31gMM2YMbYXRYRbYUEbr,SOL,chainabuse:PHISHING,chainabuse_crawl,PHISHING,votes=4;checked=False,2022-07-20
tWFWG1x3nKGBgcLKp2hvDtpSYLwBs2MCB1wPPhQZrKn,SOL,chainabuse:OTHER_BLACKMAIL,chainabuse_crawl,OTHER_BLACKMAIL,votes=4;checked=False,2022-07-18
HJxJuUH9Gs1MaDev7aMLKghRojGxrdaNusV6iyo5F5kh,SOL,chainabuse:OTHER_BLACKMAIL,chainabuse_crawl,OTHER_BLACKMAIL,votes=2;checked=False,2022-07-18
DViTjXvW1hANLbcSkeKBcEgAbmjLAQYCudKKjhGCHf7K,SOL,chainabuse:OTHER_BLACKMAIL,chainabuse_crawl,OTHER_BLACKMAIL,votes=2;checked=False,2022-07-18
Deu4wPQB5jWtXLhJ2bENWfmrS5zpDeMzrY9UHTrX2YJ8,SOL,chainabuse:OTHER_BLACKMAIL,chainabuse_crawl,OTHER_BLACKMAIL,votes=2;checked=False,2022-07-18
EwLuX2y9jmDoZafSoHoTgV9zP3958FxTZBZzYMM5xGWn,SOL,chainabuse:OTHER_BLACKMAIL,chainabuse_crawl,OTHER_BLACKMAIL,votes=2;checked=False,2022-07-18
2HfbKHDxiRx9rqZ8Db2eyRLnPR92jVHQWvzF6hQFiDrQ,SOL,chainabuse:OTHER_BLACKMAIL,chainabuse_crawl,OTHER_BLACKMAIL,votes=2;checked=False,2022-07-18
5Rsgx5kvGx5FaXNkXefPb542F5Qg5GXx8XTigXjG1MtL,SOL,chainabuse:OTHER_BLACKMAIL,chainabuse_crawl,OTHER_BLACKMAIL,votes=2;checked=False,2022-07-18
3ahu35qr3BgxbuFpx7jWezFFWewfyMa5VWoGLTrkTYgb,SOL,chainabuse:OTHER_BLACKMAIL,chainabuse_crawl,OTHER_BLACKMAIL,votes=2;checked=False,2022-07-18
FVyEoyV8AcoZufpY4oHR9fLbcKcWiZDwrARo6RX5mf7d,SOL,chainabuse:OTHER_BLACKMAIL,chainabuse_crawl,OTHER_BLACKMAIL,votes=4;checked=False,2022-07-05
BgAPtMTBV3mo18uQ3k61ikrJBWVkfXZjxT5UqCxbEe5U,SOL,chainabuse:OTHER_BLACKMAIL,chainabuse_crawl,OTHER_BLACKMAIL,votes=2;checked=False,2022-07-04
Esmx2QjmDZMjJ15yBJ2nhqisjEt7Gqro4jSkofdoVsvY,SOL,chainabuse:CONTRACT_EXPLOIT,chainabuse_crawl,CONTRACT_EXPLOIT,votes=3;checked=False,2022-07-03
2ipkx6iYkkn63SQAbyodAeYuHqJpCEwFgTVH2txB3sYD,SOL,chainabuse:OTHER_BLACKMAIL,chainabuse_crawl,OTHER_BLACKMAIL,votes=3;checked=False,2022-06-28
4ZCs7eP7teTFcYRazHWZd4FJRwjqFpuBTY6j7AQ79jcv,SOL,chainabuse:OTHER_BLACKMAIL,chainabuse_crawl,OTHER_BLACKMAIL,votes=3;checked=False,2022-06-27
6gvBf1D73QmNFV36oKpRCqkLE1hrDYH7pcCwFvSa96Uf,SOL,chainabuse:OTHER_BLACKMAIL,chainabuse_crawl,OTHER_BLACKMAIL,votes=5;checked=False,2022-06-26
6NntVb6y5Ckwv9eu6E693aDATsFE76GE1ax5VJqsWJhE,SOL,chainabuse:OTHER_BLACKMAIL,chainabuse_crawl,OTHER_BLACKMAIL,votes=5;checked=False,2022-06-18
8beT2XMuQTDBJGCSdmVMrGf2J2KE8dkwyUcZgaaderzr,SOL,chainabuse:OTHER_BLACKMAIL,chainabuse_crawl,OTHER_BLACKMAIL,votes=6;checked=False,2022-06-18
D9fAA13WkiU8jR3GkjFKLW966AkEKLZgKdB1hxQkd5CP,SOL,chainabuse:AIRDROP,chainabuse_crawl,AIRDROP,votes=5;checked=False,2022-06-16
DY29znXDx59Mz3dp2sT6e73SF7oftfnCGF5LC4Zgf5wJ,SOL,chainabuse:AIRDROP,chainabuse_crawl,AIRDROP,votes=5;checked=False,2022-06-16
5giB4Sy4g1NZENnViVbViXPk9VAif6N23VpcYDQ38art,SOL,chainabuse:AIRDROP,chainabuse_crawl,AIRDROP,votes=5;checked=False,2022-06-16
9KgwCHRYU6ZmtjYZwb7vrgtRfNwy2bjCcWBugrAMKC3j,SOL,chainabuse:OTHER_BLACKMAIL,chainabuse_crawl,OTHER_BLACKMAIL,votes=5;checked=False,2022-06-13
BsqT9oQ5HaRuGPaNstpSy9wNjQjAenEM7igzKx1xjzW3,SOL,chainabuse:OTHER_BLACKMAIL,chainabuse_crawl,OTHER_BLACKMAIL,votes=7;checked=False,2022-06-13
EMVBc8bJBvUzJAY4A7UEaUAkJNP59G1jmK3tHkNT85cG,SOL,chainabuse:OTHER_BLACKMAIL,chainabuse_crawl,OTHER_BLACKMAIL,votes=5;checked=False,2022-06-13
CZCHccG7sbJ523ZGNApvJn6HtRZTn63ba182f3TtMAHV,SOL,chainabuse:OTHER_BLACKMAIL,chainabuse_crawl,OTHER_BLACKMAIL,votes=4;checked=False,2022-06-13
CvrZWh7MrtesNXqaBr2NVFK9ADMNLPsSw335n21v58Lc,SOL,chainabuse:OTHER_BLACKMAIL,chainabuse_crawl,OTHER_BLACKMAIL,votes=6;checked=False,2022-06-13
HdvF4cVmdxKT7vhuNpyhFGaNZbGopcxsz4CjaSZdTHww,SOL,chainabuse:OTHER,chainabuse_crawl,OTHER,votes=5;checked=False,2022-06-09
BFR6WoBZg12LiidMXgDA8n9zkcqJ9sBK86dLQ7hF22sp,SOL,chainabuse:OTHER,chainabuse_crawl,OTHER,votes=5;checked=False,2022-06-09
8f3c3mnwrKs9wGnbeEgHifLdHPpRLpqptPFkeRcp3mfU,SOL,chainabuse:OTHER_BLACKMAIL,chainabuse_crawl,OTHER_BLACKMAIL,votes=4;checked=False,2022-06-07
7cSycnDQjX7oRnLB2MeoVfuDfz8ab4wpmocoE8UCwmUM,SOL,chainabuse:OTHER_BLACKMAIL,chainabuse_crawl,OTHER_BLACKMAIL,votes=4;checked=False,2022-06-05
BnQ942SdwPcCDp9qtSwkmy63fXxoAKFM6tpgxhaajPJ6,SOL,chainabuse:AIRDROP,chainabuse_crawl,AIRDROP,votes=3;checked=False,2022-06-02
7NgKBuQ98KVC41LreQhoU7AHvfM4oDoa5EFrE9tyh6ra,SOL,chainabuse:AIRDROP,chainabuse_crawl,AIRDROP,votes=3;checked=False,2022-06-02
CUXfEcNvXD3dvYu16moFzVbXXTfxfZw6GsFp4r24zf11,SOL,chainabuse:IMPERSONATION,chainabuse_crawl,IMPERSONATION,votes=3;checked=False,2022-05-30
4bZvoQdQxhbHXwaoC4zFyyL5Yp5ngMkKAbrgpTWEjQBH,SOL,chainabuse:AIRDROP,chainabuse_crawl,AIRDROP,votes=6;checked=False,2022-05-27
Bc1nF8fybSeShBCdUnWhG9MbbXrf6pvX6dVN32a29PMM,SOL,chainabuse:PHISHING,chainabuse_crawl,PHISHING,votes=2;checked=False,2022-05-15
31qdjWfYL5wVZeXJtVew469enXmJkGQKjZy7PkFK4cKi,SOL,chainabuse:PHISHING,chainabuse_crawl,PHISHING,votes=2;checked=False,2022-05-15
jTZuwZvEJMcdLkcD4RUNt8ap3vDKz1gRrhrbe3gn5MB,SOL,chainabuse:AIRDROP,chainabuse_crawl,AIRDROP,votes=1;checked=False,2022-05-15
G7hqnVmqCoWmYXjupRfgHu3iZwxnEbQnEXre7r1srZWt,SOL,chainabuse:PHISHING,chainabuse_crawl,PHISHING,votes=1;checked=False,2022-05-15
4j2Bi8CNhZKpmv3fgeeSABdpB66U7xWDD9nnnaZCuFZ,SOL,chainabuse:PHISHING,chainabuse_crawl,PHISHING,votes=1;checked=False,2022-05-15
7LprG27q4CM2gJrqWcDmu9W1ETWZEMyiYeC8QB71m4TR,SOL,chainabuse:PHISHING,chainabuse_crawl,PHISHING,votes=2;checked=False,2022-05-06
8vmfpC295wnxH7mnPw3GpfvD9mCCdJBj81mPfe9PL9Wi,SOL,chainabuse:OTHER_BLACKMAIL,chainabuse_crawl,OTHER_BLACKMAIL,votes=6;checked=False,2022-04-28
XzR7CUMqhDBzbAm4aUNvwhVCxjWGn1KEvqTp3Y8fFCD,SOL,chainabuse:OTHER_BLACKMAIL,chainabuse_crawl,OTHER_BLACKMAIL,votes=6;checked=False,2022-04-28
CT4BJTcwKDa5P19Cq4uqDK8hcBwWooB2rnDyTAXvXT5K,SOL,chainabuse:OTHER_BLACKMAIL,chainabuse_crawl,OTHER_BLACKMAIL,votes=6;checked=False,2022-04-28
DXRAhgxEwP5Gpz51ZYsL8XoEh16vsUfKzi5Kd8SBF8rP,SOL,chainabuse:AIRDROP,chainabuse_crawl,AIRDROP,votes=4;checked=False,2022-04-16
8EafB8VStntJmKYxVanVc1BMvkY4Rkm22fYW4VboJfTA,SOL,chainabuse:AIRDROP,chainabuse_crawl,AIRDROP,votes=3;checked=False,2022-04-16
52Co2BSqb6tA24u7Jp4fgFQqnvbNaNhtu3JbvZ6sduWr,SOL,chainabuse:PHISHING,chainabuse_crawl,PHISHING,votes=3;checked=False,2022-04-16
5ByuwsrVFpngose6ZufHMXHHKjQnQLSAQ6DBcoZuUSwf,SOL,chainabuse:OTHER_BLACKMAIL,chainabuse_crawl,OTHER_BLACKMAIL,votes=2;checked=False,2022-04-16
Di3UUJZK3vSRe9xCshsrN65rKkwMr6jKAEiZHQCxhUqe,SOL,chainabuse:AIRDROP,chainabuse_crawl,AIRDROP,votes=1;checked=False,2022-04-16
56dfkDZei4Sozz8Bs9ERimrbsPKBQ7y3R3kBtwFMJChX,SOL,chainabuse:PHISHING,chainabuse_crawl,PHISHING,votes=1;checked=False,2022-04-16
FgqbtTG2VnqieXf1uUuhnNL9Br9yofkFL4mtegUjobbB,SOL,chainabuse:AIRDROP,chainabuse_crawl,AIRDROP,votes=1;checked=False,2022-04-16
3TDTq6rwu4ngasi5DnpkKYnDSyrDAemKyuN5j9YuzAJj,SOL,chainabuse:AIRDROP,chainabuse_crawl,AIRDROP,votes=1;checked=False,2022-04-16
3JHZn9YjHRAW8R5eoyUVbykyCrrKRyymFH25gh4G58br,SOL,chainabuse:AIRDROP,chainabuse_crawl,AIRDROP,votes=1;checked=False,2022-04-16
H29KMo54a65yHCjqNYfvAkSGGuhJMmyP3DozpcvCi3p5,SOL,chainabuse:AIRDROP,chainabuse_crawl,AIRDROP,votes=0;checked=False,2022-04-16
9REGzdSgpwqMxbQ81eftqWXzdA4AUpZ9Xeh3jv92CNDp,SOL,chainabuse:AIRDROP,chainabuse_crawl,AIRDROP,votes=0;checked=False,2022-04-16
2nr1bHFT86W9tGnyvmYW4vcHKsQB3sVQfnddasz4kExM,SOL,chainabuse:AIRDROP,chainabuse_crawl,AIRDROP,votes=1;checked=False,2022-04-16
EzcUptsX3yeQM2yse9SuR19nZJJo22jZbhbaj694Udjg,SOL,chainabuse:RUG_PULL,chainabuse_crawl,RUG_PULL,votes=1;checked=False,2022-04-16
9Yr9mP61Jc7pjhAo2Xfim8334Q25HoZGeJ3rH6vvwbaX,SOL,chainabuse:RUG_PULL,chainabuse_crawl,RUG_PULL,votes=1;checked=False,2022-04-16
8C96GXkoaZvBjJisPGhajuXMhJQSSJtmprgzi8rR41hw,SOL,chainabuse:OTHER_BLACKMAIL,chainabuse_crawl,OTHER_BLACKMAIL,votes=1;checked=False,2022-04-16
7b7ffRv8n2hjj53d4cVUtexmnUqH4MKMUoUrEVd49L3E,SOL,chainabuse:OTHER_BLACKMAIL,chainabuse_crawl,OTHER_BLACKMAIL,votes=1;checked=False,2022-04-16
drop8Ms97kdPbEFebP7BrskRM8tQQJLVvHZnozcAQQS,SOL,chainabuse:RUG_PULL,chainabuse_crawl,RUG_PULL,votes=1;checked=False,2022-04-16
7SAE21bjc3BXMAbfa2efgDhBPFYQpNKZbCg6RxULbcZ6,SOL,chainabuse:OTHER,chainabuse_crawl,OTHER,votes=2;checked=False,2022-04-16
ExetWU1aDdaYnc1LbiNawcFNjH1ot5TzN59FmTv7j265,SOL,chainabuse:OTHER,chainabuse_crawl,OTHER,votes=2;checked=False,2022-04-16
2pEhng25jLz9xMhY3jEBhNRjL9SuzZZFR3pYkox3523g,SOL,chainabuse:OTHER_BLACKMAIL,chainabuse_crawl,OTHER_BLACKMAIL,votes=1;checked=False,2022-04-16
52vUsUcVusA8HVRjz5jC7iJQEdXGnGv3TLwHLhLCMaJ3,SOL,chainabuse:OTHER_BLACKMAIL,chainabuse_crawl,OTHER_BLACKMAIL,votes=1;checked=False,2022-04-16
94ZdMs6EFRRNGX6cVhGCVeecBVVfXedpGnmvYUdMd8cS,SOL,chainabuse:OTHER_BLACKMAIL,chainabuse_crawl,OTHER_BLACKMAIL,votes=1;checked=False,2022-04-16
D8z9A8mRJNe9CVMAevFz2gsEdmC12bXC1AK758umb7GC,SOL,chainabuse:OTHER_BLACKMAIL,chainabuse_crawl,OTHER_BLACKMAIL,votes=1;checked=False,2022-04-16
47svHThN3jD5qmf9WrzetVmCvLD2FpH2PJeK3wuyiuza,SOL,chainabuse:OTHER,chainabuse_crawl,OTHER,votes=2;checked=False,2022-04-16
GkzZ9C6vp2Ju9u59aF2x3iH3kUkXy5aV8JtiwcpVkjvg,SOL,chainabuse:OTHER,chainabuse_crawl,OTHER,votes=2;checked=False,2022-04-16
FtwTTv7oXKDqRFP8kXXkP7AMF2Eordoz2svccktdG3yg,SOL,chainabuse:RUG_PULL,chainabuse_crawl,RUG_PULL,votes=1;checked=False,2022-04-16
FCtJjQSGRmBkh6D9Bgzpuc45cUdhaB45uwiDU4RLRoF6,SOL,chainabuse:RUG_PULL,chainabuse_crawl,RUG_PULL,votes=1;checked=False,2022-04-16
8bPSzDB3w1YGSRLodxTaqG1oENRiXQLCFuXFamMf7hYg,SOL,chainabuse:OTHER_BLACKMAIL,chainabuse_crawl,OTHER_BLACKMAIL,votes=1;checked=False,2022-04-16
4gnSvWrbjmmARvrsieuCThLvqMQrG6y7QiUiMB2H1cTp,SOL,chainabuse:AIRDROP,chainabuse_crawl,AIRDROP,votes=2;checked=False,2022-04-16
4BGKKuj26cbxJNszGXMMzw1gettydfg8SVfaAnRWZ9ud,SOL,chainabuse:RUG_PULL,chainabuse_crawl,RUG_PULL,votes=1;checked=False,2022-04-16
EUjvi8Bv3wcE4f5rxA4rXZtbCQw9wEUjYpzhjhEmLSzG,SOL,chainabuse:RUG_PULL,chainabuse_crawl,RUG_PULL,votes=1;checked=False,2022-04-16
AUrox7sHx1L8mxEPrNqkVjHa16CXQ73UbgZtZTNPNLjx,SOL,chainabuse:OTHER_BLACKMAIL,chainabuse_crawl,OTHER_BLACKMAIL,votes=3;checked=False,2022-04-08
4Lr21mYUtoXC6xcxDL4jwEaJ3um8v91i3Q47K6fwaTDg,SOL,chainabuse:RUG_PULL,chainabuse_crawl,RUG_PULL,votes=1;checked=False,2022-04-01
6D7fgzpPZXtDB6Zqg3xRwfbohzerbytB2U5pFchnVuzw,SOL,chainabuse:CONTRACT_EXPLOIT,chainabuse_crawl,CONTRACT_EXPLOIT,votes=2;checked=False,2022-04-01
3ywrdnMiPYikQeDDqeD4S6ALWwozMGJwLt9hJ4cF1Qdp,SOL,chainabuse:OTHER,chainabuse_crawl,OTHER,votes=1;checked=False,2026-08-28
F7VGpC2gs1xqRyheaAnGPJmmtk4PtnBKK6bpbRsxFYFg,SOL,chainabuse:PHISHING,chainabuse_crawl,PHISHING,votes=1;checked=False,2026-08-28
7WCEG1Tep82mw6pDRanYFHvsSn4EedtnRMWY8Jyrp4YP,SOL,chainabuse:IMPERSONATION,chainabuse_crawl,IMPERSONATION,votes=1;checked=False,2026-08-28
BJG9NmckPEgSnrk2Shkx8cSBh1uNv7NrWs1g3Tv5joGS,SOL,chainabuse:PIGBUTCHERING+ROMANCE,chainabuse_crawl,PIGBUTCHERING|ROMANCE,votes=1;checked=False,2026-08-27
9tkbKmUPrxbtJdgvRuAzWHNpPBU9x5WpQcwT5HMPp755,SOL,chainabuse:AIRDROP,chainabuse_crawl,AIRDROP,votes=1;checked=False,2026-08-27
5E9jkwEzGdG24UPpafgpgb33M2r9jETZX7ajMGLWQu9U,SOL,chainabuse:FAKE_PROJECT,chainabuse_crawl,FAKE_PROJECT,votes=1;checked=False,2026-08-26
9JdF73v6rNbADzDDC1RxBVNyw19GENkhxQgvpKJ24VVU,SOL,chainabuse:FAKE_PROJECT,chainabuse_crawl,FAKE_PROJECT,votes=1;checked=False,2026-08-26
5QVNHWJ6dNbHE6JCeVQsMuiRhkPLa1ZzhuGLB9mEYZDD,SOL,chainabuse:FAKE_PROJECT,chainabuse_crawl,FAKE_PROJECT,votes=1;checked=False,2026-08-26
75wHsATqBg9o3JjsVJ2Emf8fDHQxp4KGfQjKYCJdowp9,SOL,chainabuse:FAKE_PROJECT,chainabuse_crawl,FAKE_PROJECT,votes=1;checked=False,2026-08-26
DfKKMo3VHsMg3NAWLKRndjAgfHBE8CEqqRnChLBMtGVg,SOL,chainabuse:PHISHING,chainabuse_crawl,PHISHING,label=drainer;votes=1;checked=False,2026-08-26
9zuvEn1SFD7hAzSxAUvqBDH1Q7hW62SiaCnJKhiew4uA,SOL,chainabuse:OTHER_HACK,chainabuse_crawl,OTHER_HACK,votes=1;checked=False,2026-08-26
SACFEuRRK1QxJV1PEXTaWo88DSfk2hxjnSton9Ehdad,SOL,chainabuse:FAKE_PROJECT,chainabuse_crawl,FAKE_PROJECT,label=SACF SPL mint;votes=1;checked=False,2026-08-29
