address,chain,category,source,label,detail,ref_date
0x0000000000000000000000000000000000000000,ETH,community_reported_desc,chainabuse_desc,PHISHING,본문 언급 collector/cash-out,2025-07-02
0x000000000000000000000000000000000000dead,ETH,community_reported_desc,chainabuse_desc,RUG_PULL,본문 언급 collector/cash-out,2026-08-25
0x0000000000001ff3684f28c67538d4d072c22734,ETH,community_reported_desc,chainabuse_desc,IMPERSONATION,본문 언급 collector/cash-out,2025-09-27
0x00000961ef480eb55e80d19ad83579a64c007002,ETH,community_reported_desc,chainabuse_desc,IMPERSONATION,본문 언급 collector/cash-out,2025-09-18
0x00001b55f0af7422ac253be8445c10c6798c0000,ETH,community_reported_desc,chainabuse_desc,PHISHING,본문 언급 collector/cash-out,2026-07-04
0x0000317bec33af037b5fab2028f52d14658f6a56,ETH,community_reported_desc,chainabuse_desc,PIGBUTCHERING,본문 언급 collector/cash-out,2026-04-11
0x000037bb05b2cef17c6469f4bcdb198826ce0000,ETH,community_reported_desc,chainabuse_desc,PHISHING,본문 언급 collector/cash-out,2024-12-08
0x000042c622777381f37c1d150acdd1e062ad0000,ETH,community_reported_desc,chainabuse_desc,IMPERSONATION,본문 언급 collector/cash-out,2024-03-17
0x00005d0c9ac39db0798f6ca947202e5f55a10000,ETH,community_reported_desc,chainabuse_desc,AIRDROP,본문 언급 collector/cash-out,2024-01-16
0x0000b39318460816efebd9248dfd8ee934800000,ETH,community_reported_desc,chainabuse_desc,PHISHING,본문 언급 collector/cash-out,2025-09-30
0x0000bdf9df069b009f79f075b50e0d86b8880000,ETH,community_reported_desc,chainabuse_desc,ROMANCE,본문 언급 collector/cash-out,2023-12-23
0x0000db5c8b030ae20308ac975898e09741e70000,ETH,community_reported_desc,chainabuse_desc,OTHER,본문 언급 collector/cash-out,2024-03-25
0x001655a09e32d7041849269289663b9cac2d641f,ETH,community_reported_desc,chainabuse_desc,PIGBUTCHERING,본문 언급 collector/cash-out,2025-11-07
0x002c16040b2f42fcb23dfecd5566ffbdd9865f6f,ETH,community_reported_desc,chainabuse_desc,OTHER,본문 언급 collector/cash-out,2022-06-24
0x005629049b8128b4fb1e33d24355da9b2bf4a3bc,ETH,community_reported_desc,chainabuse_desc,OTHER_HACK,본문 언급 collector/cash-out,2024-01-22
0x00b67a031ec9ce1398b4d49f1ac4ab9205988d91,ETH,community_reported_desc,chainabuse_desc,OTHER,본문 언급 collector/cash-out,2022-06-24
0x00c08066581ecff4d46edd944ad324c4646ba8cb,ETH,community_reported_desc,chainabuse_desc,PHISHING,본문 언급 collector/cash-out,2025-01-17
0x00d93e41aa94069d546b55b51e6c65b0d1b9a921,ETH,community_reported_desc,chainabuse_desc,ROMANCE,본문 언급 collector/cash-out,2024-04-07
0x00eb4cc5eeac114294f3beef4007bcdaec293f59,ETH,community_reported_desc,chainabuse_desc,IMPERSONATION,본문 언급 collector/cash-out,2022-11-05
0x00f8a577a2109672ce2a9843bdc00b1ab1edf8b6,ETH,community_reported_desc,chainabuse_desc,CONTRACT_EXPLOIT,본문 언급 collector/cash-out,2026-08-08
0x0135d83f620a0509e1806e997e24f1f7081b8086,ETH,community_reported_desc,chainabuse_desc,OTHER_HACK,본문 언급 collector/cash-out,2026-01-01
0x01742d89020f467a7c18c781848f36b2120024a8,ETH,community_reported_desc,chainabuse_desc,CONTRACT_EXPLOIT,본문 언급 collector/cash-out,2024-07-22
0x02393a2c9fd1930e8f396d2a6082d295c0b1cb50,ETH,community_reported_desc,chainabuse_desc,RUG_PULL,본문 언급 collector/cash-out,2023-08-10
0x023d8a816a8b6394f3144fd74aa3820689fecaa0,ETH,community_reported_desc,chainabuse_desc,OTHER_HACK,본문 언급 collector/cash-out,2023-04-06
0x0242198ce9a6000d9ab78448c46b80ada1745372,ETH,community_reported_desc,chainabuse_desc,CONTRACT_EXPLOIT,본문 언급 collector/cash-out,2025-03-17
0x0277916808bab20ee11bb12ec48ef89f2cf4a41b,ETH,community_reported_desc,chainabuse_desc,IMPERSONATION,본문 언급 collector/cash-out,2023-12-22
0x029c149f5fb12e7c877bbf9d5517241c8a1de35f,ETH,community_reported_desc,chainabuse_desc,PHISHING,본문 언급 collector/cash-out,2024-01-16
0x02d616eb66a3f2fbf749663636246b9dff3cf8f7,ETH,community_reported_desc,chainabuse_desc,OTHER_HACK,본문 언급 collector/cash-out,2024-12-13
0x0324b504abf6ce45ea530565e7bb843912932548,ETH,community_reported_desc,chainabuse_desc,OTHER_HACK,본문 언급 collector/cash-out,2025-08-04
0x034766ef47ab6598fe4fe17562877132d8c5d84a,ETH,community_reported_desc,chainabuse_desc,PHISHING,본문 언급 collector/cash-out,2026-07-15
0x034b9904a25bb5a6da8050424612f9090a10bfc0,ETH,community_reported_desc,chainabuse_desc,PHISHING,본문 언급 collector/cash-out,2023-12-26
0x0354a495de9e2d407aec20cd0804337718cd2bea,ETH,community_reported_desc,chainabuse_desc,PHISHING,본문 언급 collector/cash-out,2025-01-03
0x03711d6fd82e2625c0aa8badea2a96e4f740ac2e,ETH,community_reported_desc,chainabuse_desc,OTHER_HACK,본문 언급 collector/cash-out,2024-04-19
0x039265a0cc5e5fb95b496106f87eb946d44ee99a,ETH,community_reported_desc,chainabuse_desc,OTHER_HACK,본문 언급 collector/cash-out,2023-12-08
0x03a520b32c04bf3beef7beb72e919cf822ed34f1,ETH,community_reported_desc,chainabuse_desc,PHISHING,본문 언급 collector/cash-out,2025-06-25
0x03b33ab47aeef702b23d6067487a73e4e2549215,ETH,community_reported_desc,chainabuse_desc,OTHER_HACK,본문 언급 collector/cash-out,2024-04-19
0x03b8d129a8f6dc62a797b59aa5eebb11ad63dada,ETH,community_reported_desc,chainabuse_desc,OTHER_HACK,본문 언급 collector/cash-out,2023-01-15
0x03ba854bafc8ad509d6cd9dce0d8e52e1fbaa436,ETH,community_reported_desc,chainabuse_desc,FAKE_PROJECT,본문 언급 collector/cash-out,2024-07-03
0x03d920637c26878b5b776870f215e9062ddc3d0b,ETH,community_reported_desc,chainabuse_desc,OTHER_HACK,본문 언급 collector/cash-out,2026-03-13
0x03f34be1bf910116595db1b11e9d1b2ca5d59659,ETH,community_reported_desc,chainabuse_desc,FAKE_RETURNS,본문 언급 collector/cash-out,2025-03-24
0x0400a34542537b8bdab444ceed6035a9f1adeb6d,ETH,community_reported_desc,chainabuse_desc,PHISHING,본문 언급 collector/cash-out,2025-10-09
0x0468c74ae65de29f1bc104d97560ae26ae7069fe,ETH,community_reported_desc,chainabuse_desc,IMPERSONATION,본문 언급 collector/cash-out,2024-12-10
0x048975ba775163766f6e3692e12dc660309eb4d4,ETH,community_reported_desc,chainabuse_desc,DONATION_SCAM,본문 언급 collector/cash-out,2024-06-11
0x04a0cea519052125100215260d884d26dec3f436,ETH,community_reported_desc,chainabuse_desc,FAKE_RETURNS,본문 언급 collector/cash-out,2026-03-05
0x04a5a1b0f58a98f45f6cd159365591e37ed8a0ca,ETH,community_reported_desc,chainabuse_desc,PHISHING,본문 언급 collector/cash-out,2022-11-27
0x04e46bb6cb9b3c477cf2bcde4c00666473274d17,ETH,community_reported_desc,chainabuse_desc,OTHER_HACK,본문 언급 collector/cash-out,2024-11-05
0x050531406e9417240f20f1b558e5757d14e56920,ETH,community_reported_desc,chainabuse_desc,PHISHING,본문 언급 collector/cash-out,2022-06-01
0x0508afa25cd071a9d7e173d5657b4592c700bc41,ETH,community_reported_desc,chainabuse_desc,OTHER_HACK,본문 언급 collector/cash-out,2026-07-07
0x053965d18afd468a7afa9cc3ff5e089aa6404f44,ETH,community_reported_desc,chainabuse_desc,OTHER_HACK,본문 언급 collector/cash-out,2025-10-31
0x054a3bc6e38de4c39f532881f78e8a1afeb0658f,ETH,community_reported_desc,chainabuse_desc,OTHER,본문 언급 collector/cash-out,2025-05-24
0x056cca921a1fcc51de580df7c0a7c1bba7e7f60a,ETH,community_reported_desc,chainabuse_desc,OTHER_HACK,본문 언급 collector/cash-out,2026-01-01
0x057383d98da8671b5ddf7d70c43f5290aa6c75d6,ETH,community_reported_desc,chainabuse_desc,CONTRACT_EXPLOIT,본문 언급 collector/cash-out,2024-06-06
0x05a0afc52d4d2f14000b63f740d0fa013c04cabb,ETH,community_reported_desc,chainabuse_desc,OTHER_HACK,본문 언급 collector/cash-out,2023-09-29
0x05a5caf2766675e19bc6cc17c192e0d26e9f3f97,ETH,community_reported_desc,chainabuse_desc,SEXTORTION,본문 언급 collector/cash-out,2025-07-07
0x05b0c9ff10e3d599ca4386bc316672c2b5643461,ETH,community_reported_desc,chainabuse_desc,OTHER,본문 언급 collector/cash-out,2025-06-29
0x05fbf1e3f105df6a4553f3c7f2ed93070a4bab46,ETH,community_reported_desc,chainabuse_desc,PHISHING,본문 언급 collector/cash-out,2022-11-05
0x06161f59b3a41cb7e30cbfb631a9631eccbe081f,ETH,community_reported_desc,chainabuse_desc,OTHER_HACK,본문 언급 collector/cash-out,2025-10-23
0x063863d3f3bf890afba8f230b33df83e99e1213e,ETH,community_reported_desc,chainabuse_desc,PHISHING,본문 언급 collector/cash-out,2024-12-29
0x064b2392840a037e474b95daa0715e9664d2e7ff,ETH,community_reported_desc,chainabuse_desc,FAKE_RETURNS,본문 언급 collector/cash-out,2025-11-06
0x0650544cf154d9001d53b80de8bb69c8789063e7,ETH,community_reported_desc,chainabuse_desc,PHISHING,본문 언급 collector/cash-out,2026-08-06
0x06607fae659e2f075071aab0bb37a2341d0ab9c2,ETH,community_reported_desc,chainabuse_desc,FAKE_PROJECT,본문 언급 collector/cash-out,2024-03-08
0x06636e20008f23d02d7c99bc253689135e7c5ac0,ETH,community_reported_desc,chainabuse_desc,AIRDROP,본문 언급 collector/cash-out,2025-11-03
0x06d262ea8a49adee52f36f2473122b3c882b084f,ETH,community_reported_desc,chainabuse_desc,OTHER_HACK,본문 언급 collector/cash-out,2025-09-19
0x06ee29f44b2a303102a06145325997f3964c3c7a,ETH,community_reported_desc,chainabuse_desc,PHISHING,본문 언급 collector/cash-out,2026-04-29
0x06f32a964316d5bbe3ab22c70e6a511b942277dd,ETH,community_reported_desc,chainabuse_desc,FAKE_RETURNS,본문 언급 collector/cash-out,2024-10-21
0x06f7c83f6e4fc38649359563f7d7b777e91ce7e0,ETH,community_reported_desc,chainabuse_desc,FAKE_PROJECT,본문 언급 collector/cash-out,2023-07-19
0x073274d5ed3963776501ed629bf8e8df68463220,ETH,community_reported_desc,chainabuse_desc,FAKE_PROJECT,본문 언급 collector/cash-out,2024-04-26
0x07373084b7280db3089a74ef655ad9d83d2574ae,ETH,community_reported_desc,chainabuse_desc,FAKE_RETURNS,본문 언급 collector/cash-out,2025-06-12
0x075f55b4c8d760066b369102ac18e94a25fb4176,ETH,community_reported_desc,chainabuse_desc,OTHER,본문 언급 collector/cash-out,2026-02-03
0x075f9b47ccdd1e87493943452bc56674fdeb4d39,ETH,community_reported_desc,chainabuse_desc,PHISHING,본문 언급 collector/cash-out,2024-12-17
0x07f56e95bde9238680fc0f3113682729073fed50,ETH,community_reported_desc,chainabuse_desc,IMPERSONATION,본문 언급 collector/cash-out,2026-07-01
0x07fa974d2b7e51458a812c9627c5653a17b01606,ETH,community_reported_desc,chainabuse_desc,OTHER,본문 언급 collector/cash-out,2025-06-22
0x080d8c6eda3358fef5958aee4b9e721d7852b7f9,ETH,community_reported_desc,chainabuse_desc,OTHER_HACK,본문 언급 collector/cash-out,2026-05-19
0x0838941bd9ab4cabfb35fc02858299c91b67bf56,ETH,community_reported_desc,chainabuse_desc,IMPERSONATION,본문 언급 collector/cash-out,2024-04-20
0x084b5191bd08412952337b1108b6e5942418928f,ETH,community_reported_desc,chainabuse_desc,PHISHING,본문 언급 collector/cash-out,2026-01-04
0x084c2ea40eca430dc952ce102d02bb8631f4d4f1,ETH,community_reported_desc,chainabuse_desc,OTHER,본문 언급 collector/cash-out,2023-08-16
0x0871480cbb465fba3ddc05f0af615642c29d95e3,ETH,community_reported_desc,chainabuse_desc,OTHER_HACK,본문 언급 collector/cash-out,2026-03-21
0x088227ee56b17e69c4e6865dc480d0a19d5156f4,ETH,community_reported_desc,chainabuse_desc,RUG_PULL,본문 언급 collector/cash-out,2022-07-13
0x0889e9327b98d7d1be3c301a4585ff3330502c9a,ETH,community_reported_desc,chainabuse_desc,PHISHING,본문 언급 collector/cash-out,2026-08-08
0x08a066431c8280af17d6c06d68c928b4c9d7907a,ETH,community_reported_desc,chainabuse_desc,OTHER_HACK,본문 언급 collector/cash-out,2024-02-16
0x08ae8dc7a2dfdc3e70841986b882778fe8f1b890,ETH,community_reported_desc,chainabuse_desc,OTHER_HACK,본문 언급 collector/cash-out,2023-04-09
0x08eb7adf4135e2aa455475d6cc8464602a72338e,ETH,community_reported_desc,chainabuse_desc,OTHER_HACK,본문 언급 collector/cash-out,2026-03-13
0x090d4613473dee047c3f2706764f49e0821d256e,ETH,community_reported_desc,chainabuse_desc,AIRDROP,본문 언급 collector/cash-out,2022-07-26
0x09350f89e2d7b6e96ba730783c2d76137b045fef,ETH,community_reported_desc,chainabuse_desc,OTHER,본문 언급 collector/cash-out,2025-10-10
0x09a3f996a08d57a733edf94d01acfab23c5b748e,ETH,community_reported_desc,chainabuse_desc,PHISHING,본문 언급 collector/cash-out,2026-06-16
0x09a7a4c66c1912513b0cdd260ff80cd02838e247,ETH,community_reported_desc,chainabuse_desc,OTHER_HACK,본문 언급 collector/cash-out,2026-07-28
0x09ada00e5fae455e9aaef4194853b4be0ed593ba,ETH,community_reported_desc,chainabuse_desc,OTHER_HACK,본문 언급 collector/cash-out,2026-06-14
0x09bb4d35a055b095de99abd5c01d2c836394572b,ETH,community_reported_desc,chainabuse_desc,FAKE_RETURNS,본문 언급 collector/cash-out,2024-03-21
0x09c30cdcdd971423cb3ba757a47d56c35d06d818,ETH,community_reported_desc,chainabuse_desc,PIGBUTCHERING,본문 언급 collector/cash-out,2025-09-20
0x0a2854fbbd9b3ef66f17d47284e7f899b9509330,ETH,community_reported_desc,chainabuse_desc,OTHER,본문 언급 collector/cash-out,2025-03-17
0x0a316f97b2132cb19ceb6505a5b99188248d3dc7,ETH,community_reported_desc,chainabuse_desc,OTHER,본문 언급 collector/cash-out,2024-12-06
0x0a38283aba8fc975d3cb824584d3f3759e6eb3ec,ETH,community_reported_desc,chainabuse_desc,PHISHING,본문 언급 collector/cash-out,2024-02-18
0x0a3d728b053e08a26cdd8bd25ae2c969689765f8,ETH,community_reported_desc,chainabuse_desc,IMPERSONATION,본문 언급 collector/cash-out,2024-11-14
0x0a4f6ecb214dc1d9acdd99743b4dcc58ccc088b9,ETH,community_reported_desc,chainabuse_desc,FAKE_RETURNS,본문 언급 collector/cash-out,2024-12-28
0x0a8071585269fa95bbe4a45b33772c030a13e907,ETH,community_reported_desc,chainabuse_desc,OTHER_HACK,본문 언급 collector/cash-out,2025-07-22
0x0a9fa28d37e17af7be8ed2935184486048a177c6,ETH,community_reported_desc,chainabuse_desc,OTHER_HACK,본문 언급 collector/cash-out,2024-05-08
0x0aba97163cae3be8db405606ed3e7909220e883c,ETH,community_reported_desc,chainabuse_desc,RUG_PULL,본문 언급 collector/cash-out,2025-06-08
0x0ae266236e1eea1d96649db605146ad482fc9f4b,ETH,community_reported_desc,chainabuse_desc,CONTRACT_EXPLOIT,본문 언급 collector/cash-out,2024-03-12
0x0ae8491ad5002caf7c724471d9fc5a214ab6e307,ETH,community_reported_desc,chainabuse_desc,FAKE_PROJECT,본문 언급 collector/cash-out,2025-10-08
0x0aef9d350215e459dcdea06ea64b7e6d587350a4,ETH,community_reported_desc,chainabuse_desc,OTHER_HACK,본문 언급 collector/cash-out,2023-11-07
0x0af8d1c35869be04ba4008f0318c8fda0a487376,ETH,community_reported_desc,chainabuse_desc,AIRDROP,본문 언급 collector/cash-out,2025-08-05
0x0b117d50e511728a90e0f97cf6a52f62611130a1,ETH,community_reported_desc,chainabuse_desc,FAKE_PROJECT,본문 언급 collector/cash-out,2024-06-30
0x0b11e43c00e9dea78b9f43daa0858a7f42ce30a1,ETH,community_reported_desc,chainabuse_desc,FAKE_PROJECT,본문 언급 collector/cash-out,2024-06-30
0x0b157c4946c8953b8b92fdd85132d4b41bce30a1,ETH,community_reported_desc,chainabuse_desc,FAKE_PROJECT,본문 언급 collector/cash-out,2024-06-30
0x0b2c639c533813f4aa9d7837caf62653d097ff85,ETH,community_reported_desc,chainabuse_desc,PHISHING,본문 언급 collector/cash-out,2024-09-17
0x0b43deaf78949528a82cb473c2fdbaefc0e47c31,ETH,community_reported_desc,chainabuse_desc,FAKE_RETURNS,본문 언급 collector/cash-out,2023-05-14
0x0b628f80b1062a2666e86de3ffc823f218b34b0a,ETH,community_reported_desc,chainabuse_desc,CONTRACT_EXPLOIT,본문 언급 collector/cash-out,2024-11-24
0x0b6a8f93b6dddd07d7e6153d07ff21cd07f5e377,ETH,community_reported_desc,chainabuse_desc,PHISHING,본문 언급 collector/cash-out,2026-05-12
0x0ba2112cb49be6a99a87dcd10da6d23c7800f265,ETH,community_reported_desc,chainabuse_desc,PHISHING,본문 언급 collector/cash-out,2024-06-26
0x0bbe61222a78455a0be5d600d13277e3d2f2b00b,ETH,community_reported_desc,chainabuse_desc,OTHER_HACK,본문 언급 collector/cash-out,2023-02-09
0x0bc293ba8d0d8f77fddb1871b44b9cab66a00d89,ETH,community_reported_desc,chainabuse_desc,FAKE_RETURNS,본문 언급 collector/cash-out,2026-06-04
0x0c017b2e94d3008d425ec3c7d49cd54f6f273725,ETH,community_reported_desc,chainabuse_desc,OTHER_HACK,본문 언급 collector/cash-out,2025-11-17
0x0c56f29b8d90eea71d57cadeb3216b4ef7494abc,ETH,community_reported_desc,chainabuse_desc,PHISHING,본문 언급 collector/cash-out,2026-03-14
0x0c788e8cc74b94f8d25ff51dda04c7bc60d2d029,ETH,community_reported_desc,chainabuse_desc,RUG_PULL,본문 언급 collector/cash-out,2025-01-23
0x0c8686932a45325d73470c2d8d928c93b7f40b30,ETH,community_reported_desc,chainabuse_desc,OTHER_HACK,본문 언급 collector/cash-out,2025-05-15
0x0cb5ef5ea4580b671fe318997b4f385363be2374,ETH,community_reported_desc,chainabuse_desc,OTHER_HACK,본문 언급 collector/cash-out,2026-03-15
0x0d27fb58ad2a75438bd128e07b210bd7ce83dde9,ETH,community_reported_desc,chainabuse_desc,PHISHING,본문 언급 collector/cash-out,2026-05-21
0x0d6e1b5b9b3f2addbb428382a6f1e790ba65cf4f,ETH,community_reported_desc,chainabuse_desc,OTHER,본문 언급 collector/cash-out,2024-05-29
0x0d7aa485d626d28de4800c42331bc9c31746e369,ETH,community_reported_desc,chainabuse_desc,PHISHING,본문 언급 collector/cash-out,2025-08-02
0x0e1980ba2440fe08bfd79204823be512c7ebf5d6,ETH,community_reported_desc,chainabuse_desc,IMPERSONATION,본문 언급 collector/cash-out,2024-04-27
0x0e417a43df5edc95eb6ab4ad36aa088f94354eaf,ETH,community_reported_desc,chainabuse_desc,OTHER_HACK,본문 언급 collector/cash-out,2025-08-05
0x0e4cab432b65dbaee6ea2127ed1e6450e516cdea,ETH,community_reported_desc,chainabuse_desc,OTHER_HACK,본문 언급 collector/cash-out,2025-09-19
0x0e554763dc0de46e3ae6adf2cbec4b8fa12776e3,ETH,community_reported_desc,chainabuse_desc,OTHER_HACK,본문 언급 collector/cash-out,2026-02-16
0x0e8c5acc5f2eb2b0a27842268d0a9153969762a9,ETH,community_reported_desc,chainabuse_desc,CONTRACT_EXPLOIT,본문 언급 collector/cash-out,2025-05-03
0x0ecc1a5823f703c8c11365ad3e99557308f79f8b,ETH,community_reported_desc,chainabuse_desc,FAKE_PROJECT,본문 언급 collector/cash-out,2024-12-15
0x0f942218070304ef47ddf821cd48d7e665a3490f,ETH,community_reported_desc,chainabuse_desc,IMPERSONATION,본문 언급 collector/cash-out,2025-06-13
0x0fa353774d30591eb601773dc8c0d2c9febdfd0c,ETH,community_reported_desc,chainabuse_desc,OTHER_HACK,본문 언급 collector/cash-out,2026-01-23
0x0fbe6b79f2d0539bd0c277b3c18de3c023cee982,ETH,community_reported_desc,chainabuse_desc,PHISHING,본문 언급 collector/cash-out,2026-04-29
0x0fc6c0465c9739d4a42daca22eb3b2cb0eb9937a,ETH,community_reported_desc,chainabuse_desc,FAKE_PROJECT,본문 언급 collector/cash-out,2024-03-08
0x0fedd4039305ccd8a6895276ce262fc690195e1d,ETH,community_reported_desc,chainabuse_desc,OTHER_HACK,본문 언급 collector/cash-out,2024-05-31
0x1095692a6237d83c6a72f3f5efedb9a670c49223,ETH,community_reported_desc,chainabuse_desc,PHISHING,본문 언급 collector/cash-out,2025-05-23
0x10aaea5561002cf45dd48429f87683dcab6875a4,ETH,community_reported_desc,chainabuse_desc,OTHER_HACK,본문 언급 collector/cash-out,2025-10-06
0x10efc21dcb3513cf3014d4d2d6cfe612548fcc7b,ETH,community_reported_desc,chainabuse_desc,OTHER,본문 언급 collector/cash-out,2025-06-30
0x1111111254eeb25477b68fb85ed929f73a960582,ETH,community_reported_desc,chainabuse_desc,OTHER_HACK,본문 언급 collector/cash-out,2025-09-27
0x113404d2003c4acf4231a3a62374bb503bff03d7,ETH,community_reported_desc,chainabuse_desc,RUG_PULL,본문 언급 collector/cash-out,2024-01-22
0x116ee1216521438c0255a9d92966b1ece1442bb8,ETH,community_reported_desc,chainabuse_desc,PHISHING,본문 언급 collector/cash-out,2023-03-10
0x1178f95591ff7a5c998ed8afa2f050e10f1c5185,ETH,community_reported_desc,chainabuse_desc,PHISHING,본문 언급 collector/cash-out,2026-04-30
0x118a28b864a275148e56c155d7337e2a6c7e6068,ETH,community_reported_desc,chainabuse_desc,PHISHING,본문 언급 collector/cash-out,2025-04-21
0x118c80bd57d89df96a7dc4f6c096ac07d35fefea,ETH,community_reported_desc,chainabuse_desc,OTHER_HACK,본문 언급 collector/cash-out,2026-05-08
0x11b6458762a12549932206719ad66f9ac4d77afe,ETH,community_reported_desc,chainabuse_desc,OTHER,본문 언급 collector/cash-out,2025-04-25
0x11e95ed46f02d0ec07804f86a97c29ee3d573908,ETH,community_reported_desc,chainabuse_desc,IMPERSONATION,본문 언급 collector/cash-out,2025-07-05
0x11ead484714133633dcedca8fae9d02e268bfae9,ETH,community_reported_desc,chainabuse_desc,PHISHING,본문 언급 collector/cash-out,2026-08-09
0x12166d8ad7f36387302e5f109aa3d0709442573d,ETH,community_reported_desc,chainabuse_desc,AIRDROP,본문 언급 collector/cash-out,2022-10-04
0x1231deb6f5749ef6ce6943a275a1d3e7486f4eae,ETH,community_reported_desc,chainabuse_desc,OTHER_HACK,본문 언급 collector/cash-out,2025-10-30
0x1252ed2539a8c23a654c88b8222ad476f1bad0fc,ETH,community_reported_desc,chainabuse_desc,OTHER_HACK,본문 언급 collector/cash-out,2023-11-08
0x1258d60b224c0c5cd888d37bbf31aa5fcfb7e870,ETH,community_reported_desc,chainabuse_desc,RUG_PULL,본문 언급 collector/cash-out,2026-02-19
0x1268f27cfa248a7ea30ae7fd583cbb1c331add16,ETH,community_reported_desc,chainabuse_desc,JOB_SCAM,본문 언급 collector/cash-out,2026-04-13
0x12a1ccf979d65333e8e27ede047b476736b584a6,ETH,community_reported_desc,chainabuse_desc,PHISHING,본문 언급 collector/cash-out,2022-11-05
0x12c5f37d8dacd420d07270aefb81eb79db1b5055,ETH,community_reported_desc,chainabuse_desc,OTHER_HACK,본문 언급 collector/cash-out,2024-03-04
0x12e1799948d15f4fa90412ef3fc307506c8fa0c2,ETH,community_reported_desc,chainabuse_desc,OTHER_HACK,본문 언급 collector/cash-out,2025-09-19
0x1305f8db7b80ad73131ad78fb0019945a893fe57,ETH,community_reported_desc,chainabuse_desc,RUG_PULL,본문 언급 collector/cash-out,2024-11-21
0x13095def8f82e79a960f8aa351cfd3db966765f9,ETH,community_reported_desc,chainabuse_desc,MAN_IN_THE_MIDDLE_ATTACK,본문 언급 collector/cash-out,2026-08-11
0x1397c24478cbe0a54572adec2a333f87ad75ac02,ETH,community_reported_desc,chainabuse_desc,IMPERSONATION,본문 언급 collector/cash-out,2023-03-20
0x13e48068958b872e6cd8ff6273dd4fed6f146a60,ETH,community_reported_desc,chainabuse_desc,PHISHING,본문 언급 collector/cash-out,2026-05-21
0x13f4ea83d0bd40e75c8222255bc855a974568dd4,ETH,community_reported_desc,chainabuse_desc,CONTRACT_EXPLOIT,본문 언급 collector/cash-out,2026-08-05
0x13f56425c6c395bc6845bd5f2c24d2b0278d93f2,ETH,community_reported_desc,chainabuse_desc,FAKE_PROJECT,본문 언급 collector/cash-out,2025-07-21
0x140b2926f1f83f66a22354e5198cad9a6e7b5ee3,ETH,community_reported_desc,chainabuse_desc,OTHER,본문 언급 collector/cash-out,2025-11-17
0x140b8568cc5170c117c78fce44d75641555b5ee3,ETH,community_reported_desc,chainabuse_desc,OTHER,본문 언급 collector/cash-out,2025-11-16
0x140f5c995422a65af78cf0af9859c23c84bfe74c,ETH,community_reported_desc,chainabuse_desc,OTHER_HACK,본문 언급 collector/cash-out,2024-11-11
0x141bbb56ae3d21f217668a7d25861cfa27d1b08f,ETH,community_reported_desc,chainabuse_desc,FAKE_PROJECT,본문 언급 collector/cash-out,2024-06-25
0x14653f24ff62fb76941da61b2d00d7b4b2739fd0,ETH,community_reported_desc,chainabuse_desc,OTHER_HACK,본문 언급 collector/cash-out,2025-11-30
0x1481e58411608b2d628ef305b92b01cf4f83db70,ETH,community_reported_desc,chainabuse_desc,OTHER,본문 언급 collector/cash-out,2026-08-14
0x14a88277239dcf197408861465ef0409168f0fa6,ETH,community_reported_desc,chainabuse_desc,OTHER_HACK,본문 언급 collector/cash-out,2026-05-08
0x14d182c8bc7e4894e59751af053408ec88ec4a76,ETH,community_reported_desc,chainabuse_desc,ROMANCE,본문 언급 collector/cash-out,2026-06-14
0x14f655d70256e0e5a8b6907dd5debeb1a1a8113b,ETH,community_reported_desc,chainabuse_desc,FAKE_RETURNS,본문 언급 collector/cash-out,2025-04-15
0x15524a99e0d3d588d95cc801822059581b9a41a0,ETH,community_reported_desc,chainabuse_desc,PIGBUTCHERING,본문 언급 collector/cash-out,2024-02-07
0x1588abba5f4ab05ab4a3701a6eb659d5da512c90,ETH,community_reported_desc,chainabuse_desc,OTHER_HACK,본문 언급 collector/cash-out,2024-11-11
0x15abeb78d111020faa282052be399078008c83a2,ETH,community_reported_desc,chainabuse_desc,RUG_PULL,본문 언급 collector/cash-out,2025-07-31
0x15b04a712540e18a62a3f408525a551981853b55,ETH,community_reported_desc,chainabuse_desc,PHISHING,본문 언급 collector/cash-out,2026-07-12
0x15dad0adc0a824f806f09fee6ec82d090e39e13e,ETH,community_reported_desc,chainabuse_desc,FAKE_RETURNS,본문 언급 collector/cash-out,2024-04-16
0x15f0b836f21062d159174634d838863b31f2fe90,ETH,community_reported_desc,chainabuse_desc,FAKE_PROJECT,본문 언급 collector/cash-out,2024-09-08
0x1616b057f8a89955d4a4f9fd9eb10289ac0e44a1,ETH,community_reported_desc,chainabuse_desc,FAKE_PROJECT,본문 언급 collector/cash-out,2024-07-03
0x161755dd75e519b6d799e10c1c6ea7a8e1491a02,ETH,community_reported_desc,chainabuse_desc,FAKE_RETURNS,본문 언급 collector/cash-out,2025-04-09
0x1642184fdeb2db640fedac5c9d0dcab807b5e5cf,ETH,community_reported_desc,chainabuse_desc,FAKE_PROJECT,본문 언급 collector/cash-out,2024-07-03
0x1663f02cb33a8643e15e67a902aa22880fc01ed3,ETH,community_reported_desc,chainabuse_desc,FAKE_RETURNS,본문 언급 collector/cash-out,2025-05-21
0x16770d642e882e1769ce4ac8612b8bc0601506fc,ETH,community_reported_desc,chainabuse_desc,PHISHING,본문 언급 collector/cash-out,2024-02-05
0x1689a089aa12d6cbbd88bc2755e4c192f8702000,ETH,community_reported_desc,chainabuse_desc,OTHER_HACK,본문 언급 collector/cash-out,2024-01-02
0x168e209d7b2f58f1f24b8ae7b7d35e662bbf11cc,ETH,community_reported_desc,chainabuse_desc,PHISHING,본문 언급 collector/cash-out,2024-02-23
0x16ab17634e94803706de1fcc3316112a91165c6b,ETH,community_reported_desc,chainabuse_desc,PHISHING,본문 언급 collector/cash-out,2025-10-04
0x16ba068010ad2b1b2466446e8bb7bef3a0971f3f,ETH,community_reported_desc,chainabuse_desc,PHISHING,본문 언급 collector/cash-out,2025-03-16
0x16de1758f99a693354ccab1304cd6248d9d1183f,ETH,community_reported_desc,chainabuse_desc,PHISHING,본문 언급 collector/cash-out,2024-03-30
0x16e28551c7b65f88fab9ffc93ceaddd03f0de685,ETH,community_reported_desc,chainabuse_desc,IMPERSONATION,본문 언급 collector/cash-out,2024-02-18
0x170f7be1baf9234af5966d194a0a6bd6073eed99,ETH,community_reported_desc,chainabuse_desc,PHISHING,본문 언급 collector/cash-out,2024-03-30
0x1741c3336fafaedd2bdd07e1fa0844b8d34fdf11,ETH,community_reported_desc,chainabuse_desc,CONTRACT_EXPLOIT,본문 언급 collector/cash-out,2025-12-03
0x1742b7dfd6a40ba8f058a7b60dc5f7074157e35f,ETH,community_reported_desc,chainabuse_desc,OTHER,본문 언급 collector/cash-out,2025-06-29
0x175bf01f82bfe4fd700fb203feb80796e6c8639f,ETH,community_reported_desc,chainabuse_desc,OTHER_HACK,본문 언급 collector/cash-out,2025-06-16
0x179688a56f48db0842adfb0c1d62baaddc7d80f5,ETH,community_reported_desc,chainabuse_desc,RUG_PULL,본문 언급 collector/cash-out,2026-08-22
0x17a3637610da64de7c14e80743e0f46a5b8829b3,ETH,community_reported_desc,chainabuse_desc,OTHER_HACK,본문 언급 collector/cash-out,2024-02-06
0x1853716069f9fba0f9e9c04786f9e29d49ba222d,ETH,community_reported_desc,chainabuse_desc,FAKE_PROJECT,본문 언급 collector/cash-out,2025-10-28
0x186060374b740c7b92029d0daa80d813e47d40f3,ETH,community_reported_desc,chainabuse_desc,SIM_SWAP,본문 언급 collector/cash-out,2026-03-12
0x187fe1a8b76c60b85c00a2819152ff00ff642386,ETH,community_reported_desc,chainabuse_desc,PIGBUTCHERING,본문 언급 collector/cash-out,2026-06-15
0x188ea7b5c066006a68eabfb6a3ecfd0d693e32f1,ETH,community_reported_desc,chainabuse_desc,OTHER,본문 언급 collector/cash-out,2026-01-04
0x18d02326bb38d351cd874a0959aefa8c716893d5,ETH,community_reported_desc,chainabuse_desc,PHISHING,본문 언급 collector/cash-out,2026-01-04
0x18e93e01f1cf5d9685e2df2e84c3655a8c4a77de,ETH,community_reported_desc,chainabuse_desc,IMPERSONATION,본문 언급 collector/cash-out,2025-08-13
0x1907e4dfe52a12e333a8dffdbf6a766866236117,ETH,community_reported_desc,chainabuse_desc,FAKE_RETURNS,본문 언급 collector/cash-out,2026-07-06
0x190c552d80b952c025ff93761717277f19b200a8,ETH,community_reported_desc,chainabuse_desc,PHISHING,본문 언급 collector/cash-out,2024-02-05
0x19100a472960e7eedecae2956de4c29df145e9fb,ETH,community_reported_desc,chainabuse_desc,PIGBUTCHERING,본문 언급 collector/cash-out,2026-07-19
0x19166e0d393afc6380caaa23fd043ceb257119a1,ETH,community_reported_desc,chainabuse_desc,PHISHING,본문 언급 collector/cash-out,2026-05-12
0x191d2e11380f8aaae7507c9d6fd06fe51f1f9945,ETH,community_reported_desc,chainabuse_desc,OTHER_HACK,본문 언급 collector/cash-out,2024-12-05
0x19581d5ca2c51a6a8e84132a5911aa187dba08e3,ETH,community_reported_desc,chainabuse_desc,IMPERSONATION,본문 언급 collector/cash-out,2024-06-19
0x1970f3db552a8e492bb4270e68396271140c5193,ETH,community_reported_desc,chainabuse_desc,PHISHING,본문 언급 collector/cash-out,2025-01-24
0x198b1b80afab1df283f10d7d3b07e6cb3ec62660,ETH,community_reported_desc,chainabuse_desc,OTHER,본문 언급 collector/cash-out,2024-05-04
0x19b8dca9178ef327872e601afbb801cdf8fa5ae1,ETH,community_reported_desc,chainabuse_desc,OTHER,본문 언급 collector/cash-out,2025-06-17
0x19ede618bd9875add3a45cd8e036239df211f234,ETH,community_reported_desc,chainabuse_desc,OTHER_HACK,본문 언급 collector/cash-out,2026-01-15
0x1a1a92d05ac94e4ee3362fbb413c9f2ab119da3a,ETH,community_reported_desc,chainabuse_desc,CONTRACT_EXPLOIT,본문 언급 collector/cash-out,2024-03-17
0x1a664440a68de99018fbd676a481ad695b0a641d,ETH,community_reported_desc,chainabuse_desc,FAKE_RETURNS,본문 언급 collector/cash-out,2023-07-23
0x1ab4973a48dc892cd9971ece8e01dcc7688f8f23,ETH,community_reported_desc,chainabuse_desc,IMPERSONATION,본문 언급 collector/cash-out,2026-09-01
0x1ab7145841a17ceca3c5d5093c4b538cf4282a6a,ETH,community_reported_desc,chainabuse_desc,FAKE_RETURNS,본문 언급 collector/cash-out,2026-03-12
0x1ac8bca4a119a0af02efcf13359fe7fd582cd5a3,ETH,community_reported_desc,chainabuse_desc,FAKE_RETURNS,본문 언급 collector/cash-out,2025-11-06
0x1af3f329e8be154074d8769d1ffa4ee058b1dbc3,ETH,community_reported_desc,chainabuse_desc,PHISHING,본문 언급 collector/cash-out,2026-06-07
0x1b02da8cb0d097eb8d57a175b88c7d8b47997506,ETH,community_reported_desc,chainabuse_desc,FAKE_PROJECT,본문 언급 collector/cash-out,2025-03-20
0x1b0e5c38e831bb5971d75a64c5e73d34aa0d208c,ETH,community_reported_desc,chainabuse_desc,AIRDROP,본문 언급 collector/cash-out,2026-02-15
0x1b17d0a3767ad8f177846794a31f079da6cb1e36,ETH,community_reported_desc,chainabuse_desc,PHISHING,본문 언급 collector/cash-out,2026-05-16
0x1b1e6a99f723f5f44b0cd6d030e02ee78eacae21,ETH,community_reported_desc,chainabuse_desc,OTHER_HACK,본문 언급 collector/cash-out,2026-08-16
0x1b34bcc581d535d33c895fabce3c85f1bf3bdb33,ETH,community_reported_desc,chainabuse_desc,FAKE_RETURNS,본문 언급 collector/cash-out,2025-04-11
0x1b7d95b03b7385fc4ec42e1a5ef0918480ca2592,ETH,community_reported_desc,chainabuse_desc,PHISHING,본문 언급 collector/cash-out,2023-12-20
0x1bb014e901ead21635972e537138bb5b0043e216,ETH,community_reported_desc,chainabuse_desc,OTHER_INVESTMENT_SCAM,본문 언급 collector/cash-out,2026-05-24
0x1bbf25e71ec48b84d773809b4ba55b6f4be946fb,ETH,community_reported_desc,chainabuse_desc,FAKE_PROJECT,본문 언급 collector/cash-out,2024-03-08
0x1bcc9aa91b5ed17d5a73bb31cbb1d09ad9d0679e,ETH,community_reported_desc,chainabuse_desc,OTHER_HACK,본문 언급 collector/cash-out,2025-07-30
0x1be3bbcf93ca9d01493013cb576bd99573858602,ETH,community_reported_desc,chainabuse_desc,IMPERSONATION,본문 언급 collector/cash-out,2023-11-29
0x1c257c0b47b91d9b5de0cd096d44dc547050d3d9,ETH,community_reported_desc,chainabuse_desc,IMPERSONATION,본문 언급 collector/cash-out,2025-02-18
0x1c34f262bd0855c113364f2efe54ae5f1d1a475c,ETH,community_reported_desc,chainabuse_desc,PHISHING,본문 언급 collector/cash-out,2026-06-16
0x1c4012e4aa082e3a5230cccb83afcb1745025a47,ETH,community_reported_desc,chainabuse_desc,OTHER_HACK,본문 언급 collector/cash-out,2026-08-12
0x1c56792bf9c78a4d2dc3954e304ef68eabf71acb,ETH,community_reported_desc,chainabuse_desc,AIRDROP,본문 언급 collector/cash-out,2024-02-01
0x1c9c3dcca6b8f072aa3e104fb80584f3f4accb89,ETH,community_reported_desc,chainabuse_desc,PIGBUTCHERING,본문 언급 collector/cash-out,2025-08-14
0x1cc94a9068702cce4d67279891ed5237f08106c9,ETH,community_reported_desc,chainabuse_desc,OTHER,본문 언급 collector/cash-out,2025-06-30
0x1d2a880b721a80c6b3959566279dca2eeed9be64,ETH,community_reported_desc,chainabuse_desc,FAKE_RETURNS,본문 언급 collector/cash-out,2024-12-15
0x1d4991e7d306c2c965eea78344d76414fe820c7f,ETH,community_reported_desc,chainabuse_desc,PHISHING,본문 언급 collector/cash-out,2025-05-31
0x1e4d36874aa42566d6c1771b376b72da48e00470,ETH,community_reported_desc,chainabuse_desc,OTHER_HACK,본문 언급 collector/cash-out,2025-09-19
0x1e52ebf11c9b6d2f43c9688bb1ee273545cc9ddb,ETH,community_reported_desc,chainabuse_desc,SIM_SWAP,본문 언급 collector/cash-out,2024-08-29
0x1e9a21a9ee2447b0e51b74134f95bf0eb8986295,ETH,community_reported_desc,chainabuse_desc,PHISHING,본문 언급 collector/cash-out,2024-12-16
0x1eb44b96242557674c7935a5a65e6ff844dfa21d,ETH,community_reported_desc,chainabuse_desc,PHISHING,본문 언급 collector/cash-out,2025-04-03
0x1eb685ee74970a9e5c23212fe98edb26aeaef3ce,ETH,community_reported_desc,chainabuse_desc,FAKE_RETURNS,본문 언급 collector/cash-out,2025-08-17
0x1ec83036a1dbbd6e001bb216e31b8a259ebd8f3d,ETH,community_reported_desc,chainabuse_desc,OTHER_HACK,본문 언급 collector/cash-out,2025-07-30
0x1ee4a0d6f00fc2d71890c1128fc498fd7e19e3d2,ETH,community_reported_desc,chainabuse_desc,OTHER_HACK,본문 언급 collector/cash-out,2024-03-04
0x1efe4fcde2f86ffdda73dbe76ab5ce1ae8b940b7,ETH,community_reported_desc,chainabuse_desc,IMPERSONATION,본문 언급 collector/cash-out,2022-11-05
0x1f3132133359eb091c408aaf13b36683f545937a,ETH,community_reported_desc,chainabuse_desc,OTHER_HACK,본문 언급 collector/cash-out,2025-10-31
0x1f4765cda44eb605e7dd8ca953d5cb0bdac402a0,ETH,community_reported_desc,chainabuse_desc,OTHER_HACK,본문 언급 collector/cash-out,2024-01-05
0x1f4a6e6070aab106063e5a9fcb4401ebdc96ebad,ETH,community_reported_desc,chainabuse_desc,OTHER_HACK,본문 언급 collector/cash-out,2023-06-10
0x1f6b9f7114fe9ca192af56af2c87bd8ad3ea2ddf,ETH,community_reported_desc,chainabuse_desc,FAKE_RETURNS,본문 언급 collector/cash-out,2025-07-21
0x1fbf128fd2d54ec981a26f1e716dcc6d5ca50bef,ETH,community_reported_desc,chainabuse_desc,OTHER_HACK,본문 언급 collector/cash-out,2024-12-09
0x206625cec8e0a048b286b2645ba575b3ecaca793,ETH,community_reported_desc,chainabuse_desc,OTHER_HACK,본문 언급 collector/cash-out,2024-01-11
0x207e650a7d07bbc93b864e3533ed4db6c3b0544d,ETH,community_reported_desc,chainabuse_desc,PHISHING,본문 언급 collector/cash-out,2026-07-07
0x20b1b60d595d9bc4a1e5afa24b8a90da409c1c6f,ETH,community_reported_desc,chainabuse_desc,PHISHING,본문 언급 collector/cash-out,2025-09-16
0x20f435af76699629fe55c4ac342d33013a0e6677,ETH,community_reported_desc,chainabuse_desc,IMPERSONATION,본문 언급 collector/cash-out,2025-07-08
0x20fc275bcb57f431eb4e6f42ab1ebe6d6c613435,ETH,community_reported_desc,chainabuse_desc,PHISHING,본문 언급 collector/cash-out,2024-07-04
0x2109e8f0d92f1f850e3a6e973128c751a1f33968,ETH,community_reported_desc,chainabuse_desc,OTHER_HACK,본문 언급 collector/cash-out,2025-02-22
0x212b288a60d444139df86952ae779f4fae740f77,ETH,community_reported_desc,chainabuse_desc,OTHER_HACK,본문 언급 collector/cash-out,2024-05-08
0x2170b07179efaa69abc0a1ce2341e0b3936146c2,ETH,community_reported_desc,chainabuse_desc,IMPERSONATION,본문 언급 collector/cash-out,2026-07-01
0x2170ed0880ac9a755fd29b2688956bd959f933f8,ETH,community_reported_desc,chainabuse_desc,PHISHING,본문 언급 collector/cash-out,2024-03-17
0x21a31ee1afc51d94c2efccaa2092ad1028285549,ETH,community_reported_desc,chainabuse_desc,PIGBUTCHERING,본문 언급 collector/cash-out,2026-07-05
0x21b3e4b12ea667a4394f158f8047b70f747af795,ETH,community_reported_desc,chainabuse_desc,PHISHING,본문 언급 collector/cash-out,2024-03-14
0x21bb1f7e04d86e341b9e0bcd13bb9ebb02d00411,ETH,community_reported_desc,chainabuse_desc,OTHER_HACK,본문 언급 collector/cash-out,2024-07-28
0x21bd92f7249cfed3687669740f5ebc922293b9f9,ETH,community_reported_desc,chainabuse_desc,FAKE_PROJECT,본문 언급 collector/cash-out,2023-07-19
0x21de72c14f49b481f9c4940d021228e0ba07a353,ETH,community_reported_desc,chainabuse_desc,OTHER_BLACKMAIL,본문 언급 collector/cash-out,2025-07-23
0x221811183cf321c5e8ab4c9e98f9095714179022,ETH,community_reported_desc,chainabuse_desc,PHISHING,본문 언급 collector/cash-out,2024-12-05
0x222224bc8bba371fe1a83e0308beaebb22add597,ETH,community_reported_desc,chainabuse_desc,CONTRACT_EXPLOIT,본문 언급 collector/cash-out,2025-12-01
0x2253f1485652d9df35dbbb514a1ce4cefb729a4b,ETH,community_reported_desc,chainabuse_desc,OTHER_HACK,본문 언급 collector/cash-out,2026-02-03
0x2260fac5e5542a773aa44fbcfedf7c193bc2c599,ETH,community_reported_desc,chainabuse_desc,IMPERSONATION,본문 언급 collector/cash-out,2024-03-12
0x22771ab6cff233409d253f2aad0b4976427a4436,ETH,community_reported_desc,chainabuse_desc,OTHER_HACK,본문 언급 collector/cash-out,2026-02-06
0x227ff377ffb335b768a2baf92bd13d529b88011b,ETH,community_reported_desc,chainabuse_desc,PHISHING,본문 언급 collector/cash-out,2025-07-05
0x2291eeaf47223270833248195eba84ed677fb30e,ETH,community_reported_desc,chainabuse_desc,FAKE_PROJECT,본문 언급 collector/cash-out,2025-10-25
0x2292a71b4821bf5ac97d9151e28bb91a476cbc8e,ETH,community_reported_desc,chainabuse_desc,RUG_PULL,본문 언급 collector/cash-out,2024-12-29
0x2297daff29b5b46119d76b1ae6a8fc0b707e5c7e,ETH,community_reported_desc,chainabuse_desc,IMPERSONATION,본문 언급 collector/cash-out,2026-01-20
0x2298c5b159cc1953492d8cce28f244d782e1c7b9,ETH,community_reported_desc,chainabuse_desc,OTHER,본문 언급 collector/cash-out,2024-05-20
0x22c1bafe02d5b8aa03ec2d37e16a3267607d60e5,ETH,community_reported_desc,chainabuse_desc,OTHER_HACK,본문 언급 collector/cash-out,2025-08-06
0x22e0324a1a3f0b4731c87c222212317b0494b52b,ETH,community_reported_desc,chainabuse_desc,OTHER,본문 언급 collector/cash-out,2025-03-26
0x235b2fdfb422370e5433da4ceb855fee59ef88a7,ETH,community_reported_desc,chainabuse_desc,FAKE_RETURNS,본문 언급 collector/cash-out,2025-10-10
0x23d7c04a163cee2408a904193100882cbefbd4d6,ETH,community_reported_desc,chainabuse_desc,RUG_PULL,본문 언급 collector/cash-out,2025-04-09
0x23eda19222c6205c5258fb32046638bb8e59c34b,ETH,community_reported_desc,chainabuse_desc,PHISHING,본문 언급 collector/cash-out,2026-06-07
0x243cb8cd3a03a5457e5c907bfd6205c45dd7842c,ETH,community_reported_desc,chainabuse_desc,OTHER_HACK,본문 언급 collector/cash-out,2026-08-16
0x243ce3235cbd9f5e615c49c83e438ab89720842c,ETH,community_reported_desc,chainabuse_desc,OTHER_HACK,본문 언급 collector/cash-out,2026-08-16
0x246df59e89b4cf10dd6678b3157019d85b69729d,ETH,community_reported_desc,chainabuse_desc,FAKE_PROJECT,본문 언급 collector/cash-out,2024-07-03
0x247da1af186f420881508e211bbe38411a4b03ff,ETH,community_reported_desc,chainabuse_desc,OTHER_HACK,본문 언급 collector/cash-out,2024-05-08
0x24b226c7f704e1beca2caf5def9c39e90f469dae,ETH,community_reported_desc,chainabuse_desc,OTHER,본문 언급 collector/cash-out,2025-05-16
0x24e8770b9d953fde298dc52beff27581dfd71281,ETH,community_reported_desc,chainabuse_desc,PHISHING,본문 언급 collector/cash-out,2025-01-03
0x24f0a60a6e0ee42b5e51af22726bcbc1a72b1fca,ETH,community_reported_desc,chainabuse_desc,PHISHING,본문 언급 collector/cash-out,2025-06-19
0x24f0c5a9c00baf77245a795619aed276e5311fca,ETH,community_reported_desc,chainabuse_desc,PHISHING,본문 언급 collector/cash-out,2025-06-19
0x24f0f9d095f823bf16f6b7835a654f12a0e11fca,ETH,community_reported_desc,chainabuse_desc,PHISHING,본문 언급 collector/cash-out,2025-06-19
0x2505dae3683bfb339163791ec36d8bfdb6e27d4c,ETH,community_reported_desc,chainabuse_desc,FAKE_RETURNS,본문 언급 collector/cash-out,2025-03-24
0x2519042aa735edb4688a8376d69d4bb69431206c,ETH,community_reported_desc,chainabuse_desc,PHISHING,본문 언급 collector/cash-out,2026-01-04
0x252dcea6f19209630e89e3d59f3e0c187c9da0ad,ETH,community_reported_desc,chainabuse_desc,PHISHING,본문 언급 collector/cash-out,2024-10-18
0x255a2ae1fa542756e218187cbfe494df35f635a3,ETH,community_reported_desc,chainabuse_desc,PHISHING,본문 언급 collector/cash-out,2025-10-25
0x2588f996b046959bfec760514f147c745f2b62e9,ETH,community_reported_desc,chainabuse_desc,OTHER_HACK,본문 언급 collector/cash-out,2024-03-17
0x25a61146e1039c8343d49469ba7e847eb24576c2,ETH,community_reported_desc,chainabuse_desc,FAKE_RETURNS,본문 언급 collector/cash-out,2026-01-17
0x25ab3efd52e6470681ce037cd546dc60726948d3,ETH,community_reported_desc,chainabuse_desc,IMPERSONATION,본문 언급 collector/cash-out,2026-08-10
0x25b821a0728c3e69c446b7d27f7c7b688d33db1a,ETH,community_reported_desc,chainabuse_desc,OTHER_HACK,본문 언급 collector/cash-out,2024-07-15
0x25d1427733ae41552135d42a7c8bd7a362fc8e30,ETH,community_reported_desc,chainabuse_desc,OTHER_HACK,본문 언급 collector/cash-out,2025-08-13
0x25d54ea4713c6e9408e86ca8a83dc6233cb426ab,ETH,community_reported_desc,chainabuse_desc,PIGBUTCHERING,본문 언급 collector/cash-out,2025-10-23
0x25ee8cc09742158f0cadf8c7779eaffde71237d3,ETH,community_reported_desc,chainabuse_desc,CONTRACT_EXPLOIT,본문 언급 collector/cash-out,2024-05-11
0x25f3fea8dbc01b8cc051ba974b1011cedf1554b8,ETH,community_reported_desc,chainabuse_desc,PHISHING,본문 언급 collector/cash-out,2026-06-03
0x25fd0c4ed6c686a4e49c036df7b6135376248d2c,ETH,community_reported_desc,chainabuse_desc,OTHER_BLACKMAIL,본문 언급 collector/cash-out,2026-03-14
0x260b364fe0d3d37e6fd3cda0fa50926a06c54cea,ETH,community_reported_desc,chainabuse_desc,FAKE_PROJECT,본문 언급 collector/cash-out,2025-07-22
0x263c4e57dbd332168030531427e39f380dc4ba4c,ETH,community_reported_desc,chainabuse_desc,IMPERSONATION,본문 언급 collector/cash-out,2025-07-11
0x2640de0f0453b6220f2c4c46242ed9e0fba60a07,ETH,community_reported_desc,chainabuse_desc,OTHER_HACK,본문 언급 collector/cash-out,2025-09-19
0x264ae4c3fd42cf2eec19abdf1bc403cf4917bf67,ETH,community_reported_desc,chainabuse_desc,IMPERSONATION,본문 언급 collector/cash-out,2024-12-06
0x264bd8291fae1d75db2c5f573b07faa6715997b5,ETH,community_reported_desc,chainabuse_desc,OTHER,본문 언급 collector/cash-out,2025-07-22
0x2654528ed923eff29f99b3bba67d280a231f3201,ETH,community_reported_desc,chainabuse_desc,AIRDROP,본문 언급 collector/cash-out,2025-09-12
0x267be1c1d684f78cb4f6a176c4911b741e4ffdc0,ETH,community_reported_desc,chainabuse_desc,OTHER_HACK,본문 언급 collector/cash-out,2024-12-16
0x26843ba3b8be569351fde4462a3d76e990141bba,ETH,community_reported_desc,chainabuse_desc,IMPERSONATION,본문 언급 collector/cash-out,2025-08-13
0x26ac40c2ba0dfde83acff9d284fbb467f8a41713,ETH,community_reported_desc,chainabuse_desc,OTHER,본문 언급 collector/cash-out,2024-03-30
0x26b0562540f99558fea33ebd2a78f87f7348b137,ETH,community_reported_desc,chainabuse_desc,OTHER_HACK,본문 언급 collector/cash-out,2025-09-27
0x2709fd4c61531473b77c5794a723ea49e48bdef4,ETH,community_reported_desc,chainabuse_desc,PHISHING,본문 언급 collector/cash-out,2023-11-25
0x270f03902ab58d3a29dbba87e86ff66d05474140,ETH,community_reported_desc,chainabuse_desc,RUG_PULL,본문 언급 collector/cash-out,2024-11-05
0x272bc703e52be872b663a6acf01b76fb1e5705ea,ETH,community_reported_desc,chainabuse_desc,OTHER_HACK,본문 언급 collector/cash-out,2024-09-27
0x276879c30b523b85c14ba200ebbbf7a8d0000c42,ETH,community_reported_desc,chainabuse_desc,OTHER,본문 언급 collector/cash-out,2024-03-03
0x27b4f34d49b1d0f9c867d391751a5ed7488001c3,ETH,community_reported_desc,chainabuse_desc,FAKE_RETURNS,본문 언급 collector/cash-out,2023-07-23
0x27b6e2f1c098ddbd9d4ef6f090420ff11767cbfe,ETH,community_reported_desc,chainabuse_desc,RUG_PULL,본문 언급 collector/cash-out,2026-04-12
0x27c855811b3948cace9725897f8b5d8a129e4895,ETH,community_reported_desc,chainabuse_desc,PHISHING,본문 언급 collector/cash-out,2026-05-12
0x27d10ef88fd2f875c7c72fbf6a3e062a56858306,ETH,community_reported_desc,chainabuse_desc,PHISHING,본문 언급 collector/cash-out,2026-08-20
0x27fe3f7d7d6324fe051fcf71b12a59d6727a3a4f,ETH,community_reported_desc,chainabuse_desc,RUG_PULL,본문 언급 collector/cash-out,2026-06-02
0x2816406559fed4c3723affaf1662f09e8f8820e6,ETH,community_reported_desc,chainabuse_desc,OTHER_HACK,본문 언급 collector/cash-out,2026-01-21
0x281ac7b2a8dd09008f2a24debb464aeaa07230bc,ETH,community_reported_desc,chainabuse_desc,PHISHING,본문 언급 collector/cash-out,2025-12-20
0x282889e39af4153b7962c3e4c263d3213e1d5621,ETH,community_reported_desc,chainabuse_desc,FAKE_RETURNS,본문 언급 collector/cash-out,2025-03-09
0x28442822b156c348992fbb055070ddeb17dd5905,ETH,community_reported_desc,chainabuse_desc,CONTRACT_EXPLOIT,본문 언급 collector/cash-out,2025-10-05
0x28974b661cdaacfe1289ce5e8cad1facfd87cb6f,ETH,community_reported_desc,chainabuse_desc,OTHER,본문 언급 collector/cash-out,2025-03-14
0x289c05b862f0f93a5bf17b97ff3c16b1781863f5,ETH,community_reported_desc,chainabuse_desc,FAKE_PROJECT,본문 언급 collector/cash-out,2024-04-26
0x28a646fe53fbf712e2ba5a46f297a500c901d970,ETH,community_reported_desc,chainabuse_desc,OTHER_HACK,본문 언급 collector/cash-out,2024-03-25
0x28c6c06298d514db089934071355e5743bf21d60,ETH,community_reported_desc,chainabuse_desc,FAKE_PROJECT,본문 언급 collector/cash-out,2026-06-03
0x28ca08c3ecac6e24e8a5fba5197a08e2701949fa,ETH,community_reported_desc,chainabuse_desc,OTHER_HACK,본문 언급 collector/cash-out,2024-05-08
0x28d7cf342726c76ad13aea307b9edd357a545628,ETH,community_reported_desc,chainabuse_desc,OTHER,본문 언급 collector/cash-out,2024-05-22
0x29488e5fd6bf9b3cc98a9d06a25204947cccbe4d,ETH,community_reported_desc,chainabuse_desc,IMPERSONATION,본문 언급 collector/cash-out,2023-06-25
0x295f719f4c239d748b31cc7e1c26c72a8976df24,ETH,community_reported_desc,chainabuse_desc,IMPERSONATION,본문 언급 collector/cash-out,2025-07-29
0x2971dce873a0585e24f270e8d56126617d87e180,ETH,community_reported_desc,chainabuse_desc,OTHER_HACK,본문 언급 collector/cash-out,2025-12-09
0x2973903ddc3098e8fe265978ea733ec7a49c9968,ETH,community_reported_desc,chainabuse_desc,FAKE_RETURNS,본문 언급 collector/cash-out,2024-09-25
0x29e45e48957bb8fd42d0c0f7d585bf72e546c526,ETH,community_reported_desc,chainabuse_desc,OTHER_HACK,본문 언급 collector/cash-out,2026-08-27
0x2a082068fbcd1e3f10adf1e242c4cca393bbb388,ETH,community_reported_desc,chainabuse_desc,FAKE_RETURNS,본문 언급 collector/cash-out,2025-05-05
0x2a0d0f8833d0c32c409eb02568eb487670f29137,ETH,community_reported_desc,chainabuse_desc,PHISHING,본문 언급 collector/cash-out,2024-07-24
0x2a2f70dac575a67661293aa51406954fc7ce1f0e,ETH,community_reported_desc,chainabuse_desc,OTHER_HACK,본문 언급 collector/cash-out,2025-09-19
0x2a49f80f8e7dbaea7f6d3f9f127ee53087ec8e94,ETH,community_reported_desc,chainabuse_desc,OTHER_HACK,본문 언급 collector/cash-out,2024-05-08
0x2abe1a3b6bc87f9628500b5a86137e4645b73f23,ETH,community_reported_desc,chainabuse_desc,PHISHING,본문 언급 collector/cash-out,2026-05-21
0x2acb48e79fd6d4960e981218f68c651f11b0fa12,ETH,community_reported_desc,chainabuse_desc,PIGBUTCHERING,본문 언급 collector/cash-out,2026-03-13
0x2ad9addd0d97ec3cdba27f92bf6077893b76ab0b,ETH,community_reported_desc,chainabuse_desc,IMPERSONATION,본문 언급 collector/cash-out,2023-06-22
0x2ae6e711ecd6ea5052839385adfa80400e8408e9,ETH,community_reported_desc,chainabuse_desc,PHISHING,본문 언급 collector/cash-out,2024-04-29
0x2b2232ddde8e787d52f65690f56c5de5f34d2fdc,ETH,community_reported_desc,chainabuse_desc,FAKE_PROJECT,본문 언급 collector/cash-out,2024-11-14
0x2b307fa80d3cdb84903a078a68a641b61eb0ff3c,ETH,community_reported_desc,chainabuse_desc,OTHER_HACK,본문 언급 collector/cash-out,2026-03-14
0x2b45630f6b8559ddd54603e919c7bd52cabc32f2,ETH,community_reported_desc,chainabuse_desc,IMPERSONATION,본문 언급 collector/cash-out,2023-01-12
0x2b6cb0d413fe59e1f893cf6fad814a599608e0c5,ETH,community_reported_desc,chainabuse_desc,PIGBUTCHERING,본문 언급 collector/cash-out,2026-02-27
0x2ba4cdcf1a8d3b7d9dac27d00e1c6fdb42dacc9a,ETH,community_reported_desc,chainabuse_desc,RUG_PULL,본문 언급 collector/cash-out,2024-03-19
0x2bcef069eaea664397a28f99b0de5d4a4f78e23e,ETH,community_reported_desc,chainabuse_desc,CONTRACT_EXPLOIT,본문 언급 collector/cash-out,2026-04-29
0x2bd1c3f219b0209570ea16a3ce4406b6242849f4,ETH,community_reported_desc,chainabuse_desc,IMPERSONATION,본문 언급 collector/cash-out,2025-07-23
0x2bd1ecf9545410b32ddc4f7a873811fd94963e2b,ETH,community_reported_desc,chainabuse_desc,PHISHING,본문 언급 collector/cash-out,2023-11-25
0x2bf2483b394443e49ff8aed1cf0747260c10e16e,ETH,community_reported_desc,chainabuse_desc,FAKE_PROJECT,본문 언급 collector/cash-out,2023-04-05
0x2bf94b77b1b3a711d0a1ab633b21d1c711f12480,ETH,community_reported_desc,chainabuse_desc,OTHER_HACK,본문 언급 collector/cash-out,2025-06-08
0x2c022f77f79342a34d67385831e24a5ef0b6bb08,ETH,community_reported_desc,chainabuse_desc,AIRDROP,본문 언급 collector/cash-out,2024-04-21
0x2c6a3cd97c6283b95ac8c5a4459ebb0d5fd404f4,ETH,community_reported_desc,chainabuse_desc,AIRDROP,본문 언급 collector/cash-out,2024-04-07
0x2c9641c49dae88281d4791d0c568300b130bec51,ETH,community_reported_desc,chainabuse_desc,FAKE_PROJECT,본문 언급 collector/cash-out,2023-07-19
0x2cb5d9fd89d48c516f11904117c57e3934f39524,ETH,community_reported_desc,chainabuse_desc,PHISHING,본문 언급 collector/cash-out,2024-03-20
0x2cc02b25f5c18aab109215afa5f3665a0b79868b,ETH,community_reported_desc,chainabuse_desc,FAKE_RETURNS,본문 언급 collector/cash-out,2025-04-18
0x2ce43dc10a3275695f7d2453c192de1b09ce44aa,ETH,community_reported_desc,chainabuse_desc,OTHER_HACK,본문 언급 collector/cash-out,2024-04-03
0x2cff890f0378a11913b6129b2e97417a2c302680,ETH,community_reported_desc,chainabuse_desc,OTHER,본문 언급 collector/cash-out,2026-02-20
0x2d7d8c628ab5a282bbcdef7f4e74995f677d023f,ETH,community_reported_desc,chainabuse_desc,PHISHING,본문 언급 collector/cash-out,2023-12-20
0x2d96d7adc11e11ddf063230cc3a51245adf55322,ETH,community_reported_desc,chainabuse_desc,FAKE_RETURNS,본문 언급 collector/cash-out,2024-06-17
0x2dc3cdbd92941eb787c03f0084b04908f5f8eeed,ETH,community_reported_desc,chainabuse_desc,FAKE_PROJECT,본문 언급 collector/cash-out,2025-02-10
0x2dc7bd49331fc5c299fe1001d7f0d2cbce7541a3,ETH,community_reported_desc,chainabuse_desc,PHISHING,본문 언급 collector/cash-out,2023-05-30
0x2dcfa71c5d23eb0b902d997a28ed949e27f4ae4d,ETH,community_reported_desc,chainabuse_desc,OTHER,본문 언급 collector/cash-out,2025-02-26
0x2dd5c0fb739d6b61a615a38d06da99c06c45e436,ETH,community_reported_desc,chainabuse_desc,OTHER_HACK,본문 언급 collector/cash-out,2025-11-17
0x2dd79a12ffc100c018b9e1f4f6c130e8d318cccb,ETH,community_reported_desc,chainabuse_desc,FAKE_RETURNS,본문 언급 collector/cash-out,2025-05-15
0x2dfdc37af10a24bf81b639fd2a20ccbc610d4889,ETH,community_reported_desc,chainabuse_desc,PHISHING,본문 언급 collector/cash-out,2024-12-28
0x2e38d809f3714e7db79244d20567e19913625147,ETH,community_reported_desc,chainabuse_desc,FAKE_PROJECT,본문 언급 collector/cash-out,2024-03-12
0x2e6c4504a90e5db38e31cc5ada4abc888142dd3d,ETH,community_reported_desc,chainabuse_desc,FAKE_RETURNS,본문 언급 collector/cash-out,2022-10-11
0x2e9907f18028b534b4dae69b21b3157f5bd41d69,ETH,community_reported_desc,chainabuse_desc,PHISHING,본문 언급 collector/cash-out,2026-01-04
0x2eb08b61e8a27d73e242631b44bbfa1b3bbdd82c,ETH,community_reported_desc,chainabuse_desc,PHISHING,본문 언급 collector/cash-out,2023-05-28
0x2ec5f4bf843f296fc3b69f95849cff01d39e603b,ETH,community_reported_desc,chainabuse_desc,OTHER_HACK,본문 언급 collector/cash-out,2026-08-16
0x2ec89afba136119c5252fc47d14e2bd2144b10d2,ETH,community_reported_desc,chainabuse_desc,RUG_PULL,본문 언급 collector/cash-out,2026-08-25
0x2f1f0fb7a8d0fde461e84b371a80d32a9ada0309,ETH,community_reported_desc,chainabuse_desc,AIRDROP,본문 언급 collector/cash-out,2024-06-16
0x2f2fa9d835bc22975fb12887d29ba3c43bbe90ae,ETH,community_reported_desc,chainabuse_desc,IMPERSONATION,본문 언급 collector/cash-out,2024-11-22
0x2f6f07cdcf3588944bf4c42ac74ff24bf56e7590,ETH,community_reported_desc,chainabuse_desc,CONTRACT_EXPLOIT,본문 언급 collector/cash-out,2023-07-18
0x2f963a8c9c16c49a0a1001f69435670c95a51d0c,ETH,community_reported_desc,chainabuse_desc,FAKE_PROJECT,본문 언급 collector/cash-out,2024-06-30
0x2fb7b5f55d5b3c3a65b1eb8ddcd2a8d6a4f8e5f3,ETH,community_reported_desc,chainabuse_desc,CONTRACT_EXPLOIT,본문 언급 collector/cash-out,2026-02-11
0x2fb7bcba14c1e3bbacfd2312bdc64e1a1f39e5f3,ETH,community_reported_desc,chainabuse_desc,CONTRACT_EXPLOIT,본문 언급 collector/cash-out,2026-02-11
0x306b1ea3ecdf94ab739f1910bbda052ed4a9f949,ETH,community_reported_desc,chainabuse_desc,CONTRACT_EXPLOIT,본문 언급 collector/cash-out,2024-05-22
0x307db05c5b40ceaf7a789b164893075a77b09cb2,ETH,community_reported_desc,chainabuse_desc,FAKE_RETURNS,본문 언급 collector/cash-out,2025-04-15
0x30812dbe89b40b5b7ac1bc9134e82ebbc0b57995,ETH,community_reported_desc,chainabuse_desc,FAKE_PROJECT,본문 언급 collector/cash-out,2024-03-08
0x30b785d0f4d35c3c6afea5f606e28b12873eb5e9,ETH,community_reported_desc,chainabuse_desc,FAKE_PROJECT,본문 언급 collector/cash-out,2023-12-06
0x30c2ad2e419bb74c3af0b5be61cd99a285c0ed7e,ETH,community_reported_desc,chainabuse_desc,IMPERSONATION,본문 언급 collector/cash-out,2026-05-25
0x315d02c8c78687d26e7c71a7afc12b8989622f1a,ETH,community_reported_desc,chainabuse_desc,OTHER_HACK,본문 언급 collector/cash-out,2026-08-16
0x3160d4ea3fc1e7e4fe4502b8bfd66597f04782ad,ETH,community_reported_desc,chainabuse_desc,FAKE_RETURNS,본문 언급 collector/cash-out,2026-03-08
0x318d2aae4c99c2e74f7b5949fa1c34df837789b8,ETH,community_reported_desc,chainabuse_desc,IMPERSONATION,본문 언급 collector/cash-out,2025-07-29
0x31a519f6cf89d9a334e26808f3acb43c1d081c66,ETH,community_reported_desc,chainabuse_desc,OTHER_HACK,본문 언급 collector/cash-out,2025-04-14
0x31d3951d9cc898a8fa90053a5983d4f321658cd5,ETH,community_reported_desc,chainabuse_desc,FAKE_PROJECT,본문 언급 collector/cash-out,2025-08-13
0x31d70b48f653d487981076f02becfbb8f46daf3f,ETH,community_reported_desc,chainabuse_desc,RUG_PULL,본문 언급 collector/cash-out,2025-06-23
0x31da3510000cad0db56efaca9cfe6632bcf5acd1,ETH,community_reported_desc,chainabuse_desc,OTHER_HACK,본문 언급 collector/cash-out,2026-07-03
0x322eeb45f496fa11b0134d14bf5758d4d6f7ba3c,ETH,community_reported_desc,chainabuse_desc,CONTRACT_EXPLOIT,본문 언급 collector/cash-out,2024-12-20
0x324d9c68cdfff092df515075989a2a1a06417ba3,ETH,community_reported_desc,chainabuse_desc,CONTRACT_EXPLOIT,본문 언급 collector/cash-out,2024-10-09
0x326b304095d7de0a6e3e2f277f7f13a16fd0f2f0,ETH,community_reported_desc,chainabuse_desc,RUG_PULL,본문 언급 collector/cash-out,2025-01-23
0x326c4daf6a8002eb790fa2338285e77052078fff,ETH,community_reported_desc,chainabuse_desc,FAKE_PROJECT,본문 언급 collector/cash-out,2023-11-27
0x32b1b06a5cbe65d76902ccbe881ec4b76dd60b75,ETH,community_reported_desc,chainabuse_desc,IMPERSONATION,본문 언급 collector/cash-out,2024-03-18
0x32b6f1edca7507c73de6e7a7612946ebdfbfaf24,ETH,community_reported_desc,chainabuse_desc,IMPERSONATION,본문 언급 collector/cash-out,2024-02-05
0x32e9cc4911c4de5dfbe656fa5bd6c58f1c6e0c88,ETH,community_reported_desc,chainabuse_desc,FAKE_RETURNS,본문 언급 collector/cash-out,2025-04-09
0x33078378791462df8938ae80fe2a2ac6876456bd,ETH,community_reported_desc,chainabuse_desc,PHISHING,본문 언급 collector/cash-out,2025-05-26
0x331d6a591c1ab2a8ee03959e6bf0848602d790b8,ETH,community_reported_desc,chainabuse_desc,OTHER_HACK,본문 언급 collector/cash-out,2024-03-23
0x333334049d3b456bd17046506eb1b87c8d417d91,ETH,community_reported_desc,chainabuse_desc,OTHER_HACK,본문 언급 collector/cash-out,2026-02-22
0x333732069cf2213caa19023e4e5b0de18d0796a8,ETH,community_reported_desc,chainabuse_desc,OTHER,본문 언급 collector/cash-out,2024-07-26
0x3344ecdba2b94f165b2dbf2d3b216ae365e656f7,ETH,community_reported_desc,chainabuse_desc,OTHER_HACK,본문 언급 collector/cash-out,2026-05-10
0x3355f294f74b7e0f1bf608475f2630254b6ccd11,ETH,community_reported_desc,chainabuse_desc,FAKE_RETURNS,본문 언급 collector/cash-out,2026-01-03
0x335b0d8c07457ea1aff2dcf4cc5d4c347553c855,ETH,community_reported_desc,chainabuse_desc,PHISHING,본문 언급 collector/cash-out,2026-07-07
0x336704ff20a53ddfe3aafcaee5c8c7d48a02f97b,ETH,community_reported_desc,chainabuse_desc,PHISHING,본문 언급 collector/cash-out,2024-05-23
0x33d4174659be3e2ada66bc9d14ad10d7f3b0c906,ETH,community_reported_desc,chainabuse_desc,OTHER_HACK,본문 언급 collector/cash-out,2024-12-20
0x33d6e9175684ec4412ce73d4490b09d76f41b34f,ETH,community_reported_desc,chainabuse_desc,ROMANCE,본문 언급 collector/cash-out,2024-12-02
0x340d95069002a2e9a9d1cd07b184a8c738ffcf8f,ETH,community_reported_desc,chainabuse_desc,PHISHING,본문 언급 collector/cash-out,2022-04-24
0x340ed6a7429ed6f6f36ebcb54b41a47a75549353,ETH,community_reported_desc,chainabuse_desc,FAKE_PROJECT,본문 언급 collector/cash-out,2025-03-20
0x340ffc064315344190c9936c825df408436d2c19,ETH,community_reported_desc,chainabuse_desc,PHISHING,본문 언급 collector/cash-out,2025-06-18
0x344e0231c1d4945f23631ddcae43a143ac75d68e,ETH,community_reported_desc,chainabuse_desc,PHISHING,본문 언급 collector/cash-out,2024-02-29
0x3585505423cf5f16acec481d8314e58d1d0c4c19,ETH,community_reported_desc,chainabuse_desc,OTHER_HACK,본문 언급 collector/cash-out,2024-11-24
0x35b346585be0ba4dce8c590aca962b6317c10459,ETH,community_reported_desc,chainabuse_desc,OTHER_HACK,본문 언급 collector/cash-out,2025-01-31
0x35ccc27b14439f8bbbb5d7734e1fd91904f6dc16,ETH,community_reported_desc,chainabuse_desc,AIRDROP,본문 언급 collector/cash-out,2023-01-31
0x35cdae786063235b69e2b7f053b773d82f818947,ETH,community_reported_desc,chainabuse_desc,OTHER,본문 언급 collector/cash-out,2023-11-07
0x36148f8e37e9f492d005848a4fcf625cd657a414,ETH,community_reported_desc,chainabuse_desc,FAKE_PROJECT,본문 언급 collector/cash-out,2025-02-10
0x36890056ef5cef2e7c726ed079b670fcd54ab2d8,ETH,community_reported_desc,chainabuse_desc,OTHER_HACK,본문 언급 collector/cash-out,2024-02-16
0x36d7bc4c360e3800f11d549250381df63345e889,ETH,community_reported_desc,chainabuse_desc,OTHER_HACK,본문 언급 collector/cash-out,2024-10-30
0x36e7ccedd450473e5840c4efc26fb28124d2a9db,ETH,community_reported_desc,chainabuse_desc,OTHER_HACK,본문 언급 collector/cash-out,2026-05-23
0x371090bfb3b230c25fd1cbef3ed747d6e8af2c5a,ETH,community_reported_desc,chainabuse_desc,OTHER,본문 언급 collector/cash-out,2024-04-04
0x375b9ca262be6770d630f25b713fe2199d7a0b65,ETH,community_reported_desc,chainabuse_desc,OTHER_HACK,본문 언급 collector/cash-out,2025-09-19
0x37b26b375c4d44bca537e26df4bd38832f21260f,ETH,community_reported_desc,chainabuse_desc,SIM_SWAP,본문 언급 collector/cash-out,2024-06-04
0x37c6f7b6fff2f32af4338203254def3fa49687c4,ETH,community_reported_desc,chainabuse_desc,OTHER,본문 언급 collector/cash-out,2026-08-14
0x37e64fd34d062fdc69342cb114ac6698dcc2fca9,ETH,community_reported_desc,chainabuse_desc,AIRDROP,본문 언급 collector/cash-out,2024-11-12
0x37f05719ba9195166cbdff3749019a628f38a2e1,ETH,community_reported_desc,chainabuse_desc,OTHER,본문 언급 collector/cash-out,2023-12-16
0x37f19806444d12a6c6b0782e6ea409cadf0b0331,ETH,community_reported_desc,chainabuse_desc,SIM_SWAP,본문 언급 collector/cash-out,2026-03-13
0x3807a8741d8a65aba9023a40a6cebc5c02c715a7,ETH,community_reported_desc,chainabuse_desc,OTHER_HACK,본문 언급 collector/cash-out,2025-09-19
0x383a185f43e6aedf9d2f0f4e714199eadbd4fe59,ETH,community_reported_desc,chainabuse_desc,IMPERSONATION,본문 언급 collector/cash-out,2024-07-11
0x3850bbc7c3454aa41ebf36da5fedbfeeae7a2fda,ETH,community_reported_desc,chainabuse_desc,PHISHING,본문 언급 collector/cash-out,2025-06-22
0x38adc8dd0c3504707c4e17b1fe5f49ce47d9ad50,ETH,community_reported_desc,chainabuse_desc,FAKE_PROJECT,본문 언급 collector/cash-out,2024-10-06
0x38bb6ee88277a070eb4187a0b10cc6246272790e,ETH,community_reported_desc,chainabuse_desc,OTHER_HACK,본문 언급 collector/cash-out,2024-11-06
0x391b85ee4559e033ffc87da719f0567c07993f52,ETH,community_reported_desc,chainabuse_desc,OTHER,본문 언급 collector/cash-out,2024-05-29
0x393d0232832b484a10d6d82378aa95eefc22623a,ETH,community_reported_desc,chainabuse_desc,JOB_SCAM,본문 언급 collector/cash-out,2025-10-25
0x39834420fa10f21b3f674682b5b994087b8ad4c3,ETH,community_reported_desc,chainabuse_desc,OTHER_HACK,본문 언급 collector/cash-out,2026-02-09
0x399aeb575c9bc324be0e3898f274ba9629211be0,ETH,community_reported_desc,chainabuse_desc,CONTRACT_EXPLOIT,본문 언급 collector/cash-out,2026-02-11
0x39ac2de00c44b1809bf1c19d2e69d14867489289,ETH,community_reported_desc,chainabuse_desc,PHISHING,본문 언급 collector/cash-out,2024-01-16
0x39b8fc27ff69c5d83d1938500ccef5ea78307156,ETH,community_reported_desc,chainabuse_desc,OTHER,본문 언급 collector/cash-out,2026-08-14
0x39c3c3c652b5e5724843f9d7ad87257ecc2d4356,ETH,community_reported_desc,chainabuse_desc,PHISHING,본문 언급 collector/cash-out,2024-11-25
0x3a0be685cfe7df9986773bced206826936166809,ETH,community_reported_desc,chainabuse_desc,IMPERSONATION,본문 언급 collector/cash-out,2025-07-29
0x3a47d797aa4d509a7510645ab0c4c50130327ac4,ETH,community_reported_desc,chainabuse_desc,PHISHING,본문 언급 collector/cash-out,2024-03-15
0x3a690982562a2178260e3a6803c8a397b19c7fba,ETH,community_reported_desc,chainabuse_desc,FAKE_PROJECT,본문 언급 collector/cash-out,2025-06-25
0x3aad46d8f4a121574cc8b0d49bab4d2a1a4473d6,ETH,community_reported_desc,chainabuse_desc,FAKE_RETURNS,본문 언급 collector/cash-out,2026-03-18
0x3ac420a7c2e17961b2870c061dac28279df7841f,ETH,community_reported_desc,chainabuse_desc,FAKE_PROJECT,본문 언급 collector/cash-out,2023-09-28
0x3ad555154896c3b078f622c263d60ad920f72594,ETH,community_reported_desc,chainabuse_desc,FAKE_RETURNS,본문 언급 collector/cash-out,2024-11-30
0x3b2348be5bc82a6e1e29e77920ce040aef7b3bbc,ETH,community_reported_desc,chainabuse_desc,FAKE_RETURNS,본문 언급 collector/cash-out,2024-06-25
0x3b3a356f4d1e447e27040a7ea1f260b7847d6e90,ETH,community_reported_desc,chainabuse_desc,OTHER_HACK,본문 언급 collector/cash-out,2026-05-10
0x3b3c0f6ea68333a56c73dd8875daaf57badb5ef1,ETH,community_reported_desc,chainabuse_desc,OTHER_HACK,본문 언급 collector/cash-out,2024-01-16
0x3b6fb4b4765b8bf8f8be60f032fb974a7b23bcdf,ETH,community_reported_desc,chainabuse_desc,OTHER,본문 언급 collector/cash-out,2023-10-20
0x3b762b6a03b5a0772c2d64e1d05e5b77d841c0b4,ETH,community_reported_desc,chainabuse_desc,RUG_PULL,본문 언급 collector/cash-out,2022-07-13
0x3ba8e26f2c7671b3582d75df652b2acd5ddad9fe,ETH,community_reported_desc,chainabuse_desc,FAKE_RETURNS,본문 언급 collector/cash-out,2025-02-01
0x3bc76c34396c88f5feed1e6cfcd4e9dba2fc4842,ETH,community_reported_desc,chainabuse_desc,OTHER_HACK,본문 언급 collector/cash-out,2025-09-19
0x3c499c542cef5e3811e1192ce70d8cc03d5c3359,ETH,community_reported_desc,chainabuse_desc,PHISHING,본문 언급 collector/cash-out,2026-05-18
0x3c6432a14f18b7fb66fb9f89203e6178a3a80de9,ETH,community_reported_desc,chainabuse_desc,PHISHING,본문 언급 collector/cash-out,2025-12-29
0x3c7201f61c491ae4772138fe150008d546c450d9,ETH,community_reported_desc,chainabuse_desc,OTHER,본문 언급 collector/cash-out,2026-08-14
0x3c8f6ba9306fd55ca4d19402e492c26dfd45bf52,ETH,community_reported_desc,chainabuse_desc,OTHER_HACK,본문 언급 collector/cash-out,2024-11-03
0x3c9d6cac280ad25f6a5b2a1b677c00880f4a38a4,ETH,community_reported_desc,chainabuse_desc,OTHER_HACK,본문 언급 collector/cash-out,2025-09-07
0x3ccda997d33f2c750d0a4f7126c78000b2bdb562,ETH,community_reported_desc,chainabuse_desc,OTHER_HACK,본문 언급 collector/cash-out,2026-07-03
0x3d00f919da0667f011013c46591d154e107a23b0,ETH,community_reported_desc,chainabuse_desc,DONATION_SCAM,본문 언급 collector/cash-out,2024-03-14
0x3d28e99df0af53b7562a4798af5ab572fed733b2,ETH,community_reported_desc,chainabuse_desc,FAKE_RETURNS,본문 언급 collector/cash-out,2025-11-06
0x3d470326a91c697d043c05650abe775bcf7f5deb,ETH,community_reported_desc,chainabuse_desc,PHISHING,본문 언급 collector/cash-out,2025-03-27
0x3d71854b5055d99226997efc214894ed9f70fdf9,ETH,community_reported_desc,chainabuse_desc,FAKE_PROJECT,본문 언급 collector/cash-out,2024-10-06
0x3d825d6b37a7925132ce55023acd720c1a20e9a6,ETH,community_reported_desc,chainabuse_desc,OTHER_HACK,본문 언급 collector/cash-out,2026-04-18
0x3dab7974aacc0352607e0e817fd8f17de00b4e69,ETH,community_reported_desc,chainabuse_desc,AIRDROP,본문 언급 collector/cash-out,2025-09-15
0x3de16d87757ecc68aa6f85ddfd842f487a7905a4,ETH,community_reported_desc,chainabuse_desc,PIGBUTCHERING,본문 언급 collector/cash-out,2025-04-25
0x3de4b328cc67d6c9bb0b93e1dea9892cfcb19669,ETH,community_reported_desc,chainabuse_desc,OTHER_HACK,본문 언급 collector/cash-out,2023-12-08
0x3e238a00438837f48756be5516200dddfc304865,ETH,community_reported_desc,chainabuse_desc,OTHER_HACK,본문 언급 collector/cash-out,2023-11-06
0x3e407f6850f358f4341cd1b45e8737c448c9f58d,ETH,community_reported_desc,chainabuse_desc,FAKE_PROJECT,본문 언급 collector/cash-out,2025-08-30
0x3e8e65efaadd1a71fbb65160bd2be100ccf22fed,ETH,community_reported_desc,chainabuse_desc,OTHER,본문 언급 collector/cash-out,2025-09-17
0x3e8ee8e14e173b4df553e6e9dfcf0b448d63f922,ETH,community_reported_desc,chainabuse_desc,OTHER_HACK,본문 언급 collector/cash-out,2025-08-06
0x3e99e8f277a55bc75d4762949043ef01dc5cf16a,ETH,community_reported_desc,chainabuse_desc,OTHER_HACK,본문 언급 collector/cash-out,2025-10-14
0x3ea6478b93e8b25aa2fa553224dd3554e3cbd8b9,ETH,community_reported_desc,chainabuse_desc,FAKE_PROJECT,본문 언급 collector/cash-out,2024-06-16
0x3ebe98a0803445459e46777b5504a4b8fda1af0f,ETH,community_reported_desc,chainabuse_desc,FAKE_PROJECT,본문 언급 collector/cash-out,2025-03-20
0x3edb1ed648aebc685c2c08a6709012e054ee1e68,ETH,community_reported_desc,chainabuse_desc,FAKE_RETURNS,본문 언급 collector/cash-out,2024-12-28
0x3eff90988e7923135886a5ab887480119a878dab,ETH,community_reported_desc,chainabuse_desc,PHISHING,본문 언급 collector/cash-out,2023-05-27
0x3f2a5f5bfa9e2bcbbf2e167c91121e48793c4e2a,ETH,community_reported_desc,chainabuse_desc,FAKE_PROJECT,본문 언급 collector/cash-out,2025-07-25
0x3f36a3e1f9594b83eaaa396882485fd066cdf34d,ETH,community_reported_desc,chainabuse_desc,PHISHING,본문 언급 collector/cash-out,2024-07-03
0x3f58a75965bd363bf45605e0a9a2a6435edfcdfd,ETH,community_reported_desc,chainabuse_desc,FAKE_RETURNS,본문 언급 collector/cash-out,2025-11-06
0x3f69532b603c5c9b01a75af8976c4c6445c6a1a1,ETH,community_reported_desc,chainabuse_desc,ROMANCE,본문 언급 collector/cash-out,2026-04-06
0x3fc1f081c9aacf19c913552a96b5f336fda52561,ETH,community_reported_desc,chainabuse_desc,PHISHING,본문 언급 collector/cash-out,2025-04-29
0x3fc5797ed5e6fe0f7648494e4aa69ff283ac379e,ETH,community_reported_desc,chainabuse_desc,IMPERSONATION,본문 언급 collector/cash-out,2025-09-27
0x3fc91a3afd70395cd496c647d5a6cc9d4b2b7fad,ETH,community_reported_desc,chainabuse_desc,OTHER,본문 언급 collector/cash-out,2024-06-29
0x3fe56bd80b0297b1f6f5e1b4d355e3553adfc645,ETH,community_reported_desc,chainabuse_desc,FAKE_RETURNS,본문 언급 collector/cash-out,2024-12-15
0x3ffb02a1128558a3fd90f78db6bcf8d3167a1323,ETH,community_reported_desc,chainabuse_desc,OTHER_HACK,본문 언급 collector/cash-out,2025-06-09
0x4025ee6512dbbda97049bcf5aa5d38c54af6be8a,ETH,community_reported_desc,chainabuse_desc,PHISHING,본문 언급 collector/cash-out,2024-02-13
0x403e06526d8e86862bc53c63f7d914c9cc1908e0,ETH,community_reported_desc,chainabuse_desc,OTHER,본문 언급 collector/cash-out,2022-10-28
0x4056eb40066b4f7388b1f83c501ea404622d0ddb,ETH,community_reported_desc,chainabuse_desc,FAKE_PROJECT,본문 언급 collector/cash-out,2023-09-28
0x407c1d04557adaa8af3d96701999182b70861676,ETH,community_reported_desc,chainabuse_desc,OTHER,본문 언급 collector/cash-out,2025-01-01
0x40a1a33738fa5e27da919936e53ff150c75acf8a,ETH,community_reported_desc,chainabuse_desc,AIRDROP,본문 언급 collector/cash-out,2025-09-19
0x40a1ce4150d0c373f1baca9e648e66bb7cd6cf8a,ETH,community_reported_desc,chainabuse_desc,FAKE_RETURNS,본문 언급 collector/cash-out,2025-09-19
0x410a0e45139653ceaeaaa237e70f3d139eda7cff,ETH,community_reported_desc,chainabuse_desc,CONTRACT_EXPLOIT,본문 언급 collector/cash-out,2024-10-16
0x413747322df138f91aac57f96ebe6c3026fe08fa,ETH,community_reported_desc,chainabuse_desc,PHISHING,본문 언급 collector/cash-out,2025-07-19
0x41378810cf02627800a79108205ee8ae678708fa,ETH,community_reported_desc,chainabuse_desc,PHISHING,본문 언급 collector/cash-out,2025-07-19
0x413d1af59ed1346bea3a336d012d9aef34f7e26f,ETH,community_reported_desc,chainabuse_desc,IMPERSONATION,본문 언급 collector/cash-out,2025-02-10
0x4153e74c3de81938501f7059e7fd95431b5cb178,ETH,community_reported_desc,chainabuse_desc,PHISHING,본문 언급 collector/cash-out,2026-04-03
0x4168afac83dc81b42290c2db81c443ea3b8daf67,ETH,community_reported_desc,chainabuse_desc,OTHER_HACK,본문 언급 collector/cash-out,2024-12-23
0x4179af9c78b2df3945091979e5dcef2c6878c661,ETH,community_reported_desc,chainabuse_desc,OTHER_HACK,본문 언급 collector/cash-out,2024-07-20
0x41b0e596a42c26f9a5c43500e59991bfce082367,ETH,community_reported_desc,chainabuse_desc,FAKE_PROJECT,본문 언급 collector/cash-out,2026-04-16
0x41c40889753a954521147b2c65ccb303017cc7a2,ETH,community_reported_desc,chainabuse_desc,AIRDROP,본문 언급 collector/cash-out,2022-11-09
0x41df488c7dd4a63d899fda320e328bb6810c7263,ETH,community_reported_desc,chainabuse_desc,OTHER_HACK,본문 언급 collector/cash-out,2023-06-05
0x41e29c02713929f800419abe5770faa8a5b4dadc,ETH,community_reported_desc,chainabuse_desc,OTHER_HACK,본문 언급 collector/cash-out,2025-07-15
0x41ee3f6817d0f601fc9ed5d477a050c8cc98cc35,ETH,community_reported_desc,chainabuse_desc,PHISHING,본문 언급 collector/cash-out,2025-04-10
0x41fd19d5e3d430f353348965d73612185499a931,ETH,community_reported_desc,chainabuse_desc,PIGBUTCHERING,본문 언급 collector/cash-out,2025-11-26
0x42146b11502f8fe48d396fb6228778bb83be8a02,ETH,community_reported_desc,chainabuse_desc,IMPERSONATION,본문 언급 collector/cash-out,2025-05-23
0x42516ddf2ce0c432b52999f07d9b1f674d2838aa,ETH,community_reported_desc,chainabuse_desc,CONTRACT_EXPLOIT,본문 언급 collector/cash-out,2024-03-05
0x42d67e89f05e591e0ff79ad0be46bb9a11122ad7,ETH,community_reported_desc,chainabuse_desc,OTHER_HACK,본문 언급 collector/cash-out,2024-01-19
0x436a9cf44e3df6555c8008662c9ce1140f11e934,ETH,community_reported_desc,chainabuse_desc,FAKE_RETURNS,본문 언급 collector/cash-out,2024-01-25
0x43c4e82975cb856fdbac0c30013be39e5af7b337,ETH,community_reported_desc,chainabuse_desc,PHISHING,본문 언급 collector/cash-out,2025-06-11
0x442e6ada92c7c774200a887952374ad3d862acb9,ETH,community_reported_desc,chainabuse_desc,FAKE_PROJECT,본문 언급 collector/cash-out,2025-11-28
0x4444444455f7a977353e443b2ef36afd1d67ffcc,ETH,community_reported_desc,chainabuse_desc,OTHER_HACK,본문 언급 collector/cash-out,2026-02-22
0x4448726b23483927c492f09c1dbfdffd3967b452,ETH,community_reported_desc,chainabuse_desc,RUG_PULL,본문 언급 collector/cash-out,2025-01-23
0x4459084da2d3a774c436f2e75f2e3fe9335dc5de,ETH,community_reported_desc,chainabuse_desc,AIRDROP,본문 언급 collector/cash-out,2025-04-28
0x446fe54bcaf16693f15ecc394aa4e850deac983e,ETH,community_reported_desc,chainabuse_desc,OTHER,본문 언급 collector/cash-out,2025-06-21
0x44aec7ae73436a042f9058ffc3a3b27eb586d931,ETH,community_reported_desc,chainabuse_desc,RUG_PULL,본문 언급 collector/cash-out,2025-04-09
0x45300136662dd4e58fc0df61e6290dffd992b785,ETH,community_reported_desc,chainabuse_desc,OTHER_HACK,본문 언급 collector/cash-out,2026-04-23
0x4535b787d52e2af006fdd69d9d9ba913d4b64144,ETH,community_reported_desc,chainabuse_desc,OTHER_HACK,본문 언급 collector/cash-out,2024-06-22
0x4564c7df9f51e3190f25f3a6fad53de7f835f8ae,ETH,community_reported_desc,chainabuse_desc,PIGBUTCHERING,본문 언급 collector/cash-out,2025-12-30
0x457a223a59de9f7311c5d9af84bf81ef55c87735,ETH,community_reported_desc,chainabuse_desc,PHISHING,본문 언급 collector/cash-out,2023-11-29
0x45931cda1bfb01a4fca171ce99f86d0442b9a88a,ETH,community_reported_desc,chainabuse_desc,OTHER_HACK,본문 언급 collector/cash-out,2025-09-12
0x45a7c11fad19aa6c142ad5ba9e5f5260950c94ed,ETH,community_reported_desc,chainabuse_desc,OTHER_HACK,본문 언급 collector/cash-out,2026-02-11
0x45c904560ddb86b2b3ecb9758f8d0091119d5c33,ETH,community_reported_desc,chainabuse_desc,OTHER_HACK,본문 언급 collector/cash-out,2025-10-27
0x45e02bc2875a2914c4f585bbf92a6f28bc07cb70,ETH,community_reported_desc,chainabuse_desc,PHISHING,본문 언급 collector/cash-out,2025-07-16
0x45e9583b55f11692676aaeffa9a86db6b75ab3c3,ETH,community_reported_desc,chainabuse_desc,OTHER_HACK,본문 언급 collector/cash-out,2024-12-13
0x461b3d75bc8e1edafcb6a00226cc85d68528ffff,ETH,community_reported_desc,chainabuse_desc,OTHER_HACK,본문 언급 collector/cash-out,2025-05-19
0x46282a441050ed96f1b5701827d713899ab98753,ETH,community_reported_desc,chainabuse_desc,PHISHING,본문 언급 collector/cash-out,2025-01-21
0x46340b20830761efd32832a74d7169b29feb9758,ETH,community_reported_desc,chainabuse_desc,FAKE_RETURNS,본문 언급 collector/cash-out,2026-02-26
0x465fcf51ee22355dcf159c925999b5766f89daae,ETH,community_reported_desc,chainabuse_desc,OTHER_HACK,본문 언급 collector/cash-out,2025-06-03
0x469ad77c420fd12fc9a21fb74064f5379deede3a,ETH,community_reported_desc,chainabuse_desc,PHISHING,본문 언급 collector/cash-out,2025-08-06
0x46b554b1a6ce3d78175d85948cc4f360fa804ddb,ETH,community_reported_desc,chainabuse_desc,PHISHING,본문 언급 collector/cash-out,2024-05-28
0x46e27307bee10d89197f6ea880e544544de3b44d,ETH,community_reported_desc,chainabuse_desc,OTHER_HACK,본문 언급 collector/cash-out,2023-10-11
0x47259f02ece0a1187f255eccf1b0c58c685e4448,ETH,community_reported_desc,chainabuse_desc,OTHER_HACK,본문 언급 collector/cash-out,2025-07-15
0x4727250679294802377dd6ca6541b8e459077c95,ETH,community_reported_desc,chainabuse_desc,IMPERSONATION,본문 언급 collector/cash-out,2023-07-10
0x4797b4e6472b6eea030b0661a495de6fc042089e,ETH,community_reported_desc,chainabuse_desc,OTHER_HACK,본문 언급 collector/cash-out,2026-04-19
0x47aecb3b2a3b87a847b6e6b274ad73b1b32cc3ac,ETH,community_reported_desc,chainabuse_desc,IMPERSONATION,본문 언급 collector/cash-out,2025-07-29
0x4841ea22948fc3d66f9ea13bedf9c6a53728f5fa,ETH,community_reported_desc,chainabuse_desc,FAKE_RETURNS,본문 언급 collector/cash-out,2024-10-21
0x48491f438fcb7b98b97c036627bac7b6af62d5ca,ETH,community_reported_desc,chainabuse_desc,FAKE_PROJECT,본문 언급 collector/cash-out,2023-06-22
0x484d1a7e23003d617f53313f0dec79a27918b10b,ETH,community_reported_desc,chainabuse_desc,PHISHING,본문 언급 collector/cash-out,2023-12-19
0x485ac9a20b52f6c186590fc49205ca761bfc28f2,ETH,community_reported_desc,chainabuse_desc,PHISHING,본문 언급 collector/cash-out,2025-01-21
0x4861f3fa1c007cf74bc0893c4c1e2a55e601c652,ETH,community_reported_desc,chainabuse_desc,FAKE_RETURNS,본문 언급 collector/cash-out,2024-12-15
0x487e58b3b2efdfcd35a1f8bc89b2c4a92e2bc6db,ETH,community_reported_desc,chainabuse_desc,OTHER_BLACKMAIL,본문 언급 collector/cash-out,2024-02-13
0x48c2ee013aa3da4021dfa552314d2f5c2eab2810,ETH,community_reported_desc,chainabuse_desc,OTHER_HACK,본문 언급 collector/cash-out,2024-04-19
0x48f31bf3cb3525b08a07103cfb74ec11a210f05c,ETH,community_reported_desc,chainabuse_desc,PHISHING,본문 언급 collector/cash-out,2025-06-08
0x490c0cc5fb32269b6b0200e76bfedbb1686a76dc,ETH,community_reported_desc,chainabuse_desc,OTHER_HACK,본문 언급 collector/cash-out,2025-09-19
0x49313f23d2a0432930315df89713a750b095f3f3,ETH,community_reported_desc,chainabuse_desc,PHISHING,본문 언급 collector/cash-out,2025-05-14
0x495f947276749ce646f68ac8c248420045cb7b5e,ETH,community_reported_desc,chainabuse_desc,IMPERSONATION,본문 언급 collector/cash-out,2023-03-26
0x4976fb03c32e5b8cfe2b6ccb31c09ba78ebaba41,ETH,community_reported_desc,chainabuse_desc,CONTRACT_EXPLOIT,본문 언급 collector/cash-out,2022-12-05
0x4988b9fc486458bed35a7b84d289b41657adcfdd,ETH,community_reported_desc,chainabuse_desc,PHISHING,본문 언급 collector/cash-out,2026-03-19
0x499fbbb5e0d49ff44cde31cf88a35248bde9c01a,ETH,community_reported_desc,chainabuse_desc,OTHER_HACK,본문 언급 collector/cash-out,2024-07-15
0x49b2f80475ada9978cd3fa105d55216f52650f8d,ETH,community_reported_desc,chainabuse_desc,FAKE_PROJECT,본문 언급 collector/cash-out,2025-02-12
0x49f6f5bcff5b6d1c0df800b23821c0716cd017f3,ETH,community_reported_desc,chainabuse_desc,FAKE_RETURNS,본문 언급 collector/cash-out,2025-04-15
0x4a5242c1de897960fdfddba351f50d8ac4bcfeff,ETH,community_reported_desc,chainabuse_desc,OTHER_HACK,본문 언급 collector/cash-out,2026-07-06
0x4a543d0cdca694a1e7ed94f197a2b716a85dcc2e,ETH,community_reported_desc,chainabuse_desc,CONTRACT_EXPLOIT,본문 언급 collector/cash-out,2024-12-06
0x4a69ae3708b7f298ce73ad6e3ee265110d362df8,ETH,community_reported_desc,chainabuse_desc,PHISHING,본문 언급 collector/cash-out,2024-01-01
0x4a9b5d6be83f40d1bcf1257891408fcf0a7afd25,ETH,community_reported_desc,chainabuse_desc,OTHER,본문 언급 collector/cash-out,2025-09-01
0x4acdb263216c5346e2ea7dfe8afab73094214e6f,ETH,community_reported_desc,chainabuse_desc,IMPERSONATION,본문 언급 collector/cash-out,2024-07-22
0x4af08d37c8dff0563f904eda789ace4236b55c24,ETH,community_reported_desc,chainabuse_desc,PHISHING,본문 언급 collector/cash-out,2024-10-12
0x4b5f834ede79c52bd33d952c719a0b641a0310ea,ETH,community_reported_desc,chainabuse_desc,FAKE_PROJECT,본문 언급 collector/cash-out,2024-12-10
0x4b635d28460057bdea59073126ae8bf518d8a2c6,ETH,community_reported_desc,chainabuse_desc,IMPERSONATION,본문 언급 collector/cash-out,2023-01-12
0x4b7644290e00b234920e0cef2281c1f5e07363c7,ETH,community_reported_desc,chainabuse_desc,PHISHING,본문 언급 collector/cash-out,2024-08-03
0x4b97477802d6784ba3f438f36ae4801ba5c49017,ETH,community_reported_desc,chainabuse_desc,OTHER_HACK,본문 언급 collector/cash-out,2024-04-26
0x4bbe9b84aac9804557e8a90b7186324f20357e5c,ETH,community_reported_desc,chainabuse_desc,OTHER_HACK,본문 언급 collector/cash-out,2026-06-07
0x4bdf84a4a55f7ae9447de58a1f99d2a40784da93,ETH,community_reported_desc,chainabuse_desc,FAKE_PROJECT,본문 언급 collector/cash-out,2025-08-07
0x4be35ec329343d7d9f548d42b0f8c17fffe07db4,ETH,community_reported_desc,chainabuse_desc,OTHER_INVESTMENT_SCAM,본문 언급 collector/cash-out,2026-05-24
0x4be5f015ebdc9ccbfdd14ceca1c7c3d7085f6617,ETH,community_reported_desc,chainabuse_desc,OTHER_HACK,본문 언급 collector/cash-out,2025-06-11
0x4bf38cbaaaa3831835392e4387951b406ab792a6,ETH,community_reported_desc,chainabuse_desc,PHISHING,본문 언급 collector/cash-out,2024-02-29
0x4c0823aad840512d05565a1d58b85c26c93190b2,ETH,community_reported_desc,chainabuse_desc,OTHER,본문 언급 collector/cash-out,2025-08-02
0x4c1277e806f0a51acfc527260eb51c19539c957e,ETH,community_reported_desc,chainabuse_desc,OTHER_HACK,본문 언급 collector/cash-out,2026-07-08
0x4c2444d88ad61b0842fba7ccdcb226260ebfa1bc,ETH,community_reported_desc,chainabuse_desc,CONTRACT_EXPLOIT,본문 언급 collector/cash-out,2026-04-29
0x4c86749425c2f57164bbd8be90a63e87a080df22,ETH,community_reported_desc,chainabuse_desc,PHISHING,본문 언급 collector/cash-out,2025-06-19
0x4c87878eeb3f4f417feed060462575ad88f7cdb1,ETH,community_reported_desc,chainabuse_desc,CONTRACT_EXPLOIT,본문 언급 collector/cash-out,2024-03-08
0x4ccb0bb02fcaba27e82a56646e81d8c5bc4119a5,ETH,community_reported_desc,chainabuse_desc,PHISHING,본문 언급 collector/cash-out,2025-08-17
0x4cd00e387622c35bddb9b4c962c136462338bc31,ETH,community_reported_desc,chainabuse_desc,MAN_IN_THE_MIDDLE_ATTACK,본문 언급 collector/cash-out,2026-08-11
0x4cd532a4ca786637693cf26aff60c54151fe1611,ETH,community_reported_desc,chainabuse_desc,IMPERSONATION,본문 언급 collector/cash-out,2025-10-23
0x4d25a752bd8ed3579d485b878683fdd935ed46bc,ETH,community_reported_desc,chainabuse_desc,OTHER_HACK,본문 언급 collector/cash-out,2026-08-12
0x4d28fbf0ce823b3fee3bf30ceb3e4629934ddf1e,ETH,community_reported_desc,chainabuse_desc,RUG_PULL,본문 언급 collector/cash-out,2024-05-24
0x4d5d02fa93cf16cf50d4754253e200c8b27d6e85,ETH,community_reported_desc,chainabuse_desc,AIRDROP,본문 언급 collector/cash-out,2024-04-09
0x4d82a347653fb1a6eb4eaf275bf71a4b0534cc42,ETH,community_reported_desc,chainabuse_desc,FAKE_RETURNS,본문 언급 collector/cash-out,2024-04-11
0x4d8a71eff1588ea8c953c71b87c7fd87dca6eb40,ETH,community_reported_desc,chainabuse_desc,OTHER_HACK,본문 언급 collector/cash-out,2024-07-20
0x4dd043c542964e5f762dbaa89f17b01e4fa3d77f,ETH,community_reported_desc,chainabuse_desc,OTHER_HACK,본문 언급 collector/cash-out,2025-09-19
0x4dedaf93689f65e0ebb1720860f36c42319a8e3b,ETH,community_reported_desc,chainabuse_desc,PHISHING,본문 언급 collector/cash-out,2026-04-02
0x4df7ea3da34e720549121e749cab45c60b7623de,ETH,community_reported_desc,chainabuse_desc,PHISHING,본문 언급 collector/cash-out,2026-03-31
0x4e25e0912656b7b1b94aefabe355215a2325b985,ETH,community_reported_desc,chainabuse_desc,OTHER,본문 언급 collector/cash-out,2025-05-26
0x4e273ca6aa745d5bcbe0586a2a9a7c879888b06e,ETH,community_reported_desc,chainabuse_desc,OTHER,본문 언급 collector/cash-out,2022-11-17
0x4e488a731f900d6a8648066d030d4210a69624b9,ETH,community_reported_desc,chainabuse_desc,PHISHING,본문 언급 collector/cash-out,2026-08-10
0x4e4a5241589a817c8f01151376ebde90ecaf950b,ETH,community_reported_desc,chainabuse_desc,OTHER_HACK,본문 언급 collector/cash-out,2026-06-15
0x4e6803822506449ef20c214660c9731e3bd79db3,ETH,community_reported_desc,chainabuse_desc,OTHER_HACK,본문 언급 collector/cash-out,2023-10-27
0x4e71abd23aebe75e7cc39ea033c9d23441a75fd6,ETH,community_reported_desc,chainabuse_desc,PHISHING,본문 언급 collector/cash-out,2025-05-13
0x4ea01f0d7dfcb0c894c2553c282ce165c66865f0,ETH,community_reported_desc,chainabuse_desc,PHISHING,본문 언급 collector/cash-out,2024-01-11
0x4ed141110f6eeeaba9a1df36d8c26f684d2475dc,ETH,community_reported_desc,chainabuse_desc,OTHER_HACK,본문 언급 collector/cash-out,2024-12-05
0x4edc987a58b74ed644b441b3c4ec2100134d79d9,ETH,community_reported_desc,chainabuse_desc,AIRDROP,본문 언급 collector/cash-out,2026-02-15
0x4f15938388684bf8539b8eaac28a353ce9be8419,ETH,community_reported_desc,chainabuse_desc,OTHER_HACK,본문 언급 collector/cash-out,2023-11-08
0x4f53c9882ba87d2d7c525df2aef2540efb6e32e5,ETH,community_reported_desc,chainabuse_desc,PHISHING,본문 언급 collector/cash-out,2022-11-05
0x4f67dd1ec65dbd1c372dda98aad2c5f76fa8ad22,ETH,community_reported_desc,chainabuse_desc,FAKE_RETURNS,본문 언급 collector/cash-out,2025-05-21
0x4f6a4204e8f221094f5ef3e5077ccb898ea02d05,ETH,community_reported_desc,chainabuse_desc,AIRDROP,본문 언급 collector/cash-out,2026-05-31
0x4f7847719f615cd01b60a10d1a8630d4258cf851,ETH,community_reported_desc,chainabuse_desc,OTHER_HACK,본문 언급 collector/cash-out,2025-07-27
0x4f9df87c498fe3a1815bc29ddaf3e0679b6ab416,ETH,community_reported_desc,chainabuse_desc,FAKE_RETURNS,본문 언급 collector/cash-out,2025-07-29
0x4fac45477c2ae2db5db6322d72262f5e5003d060,ETH,community_reported_desc,chainabuse_desc,IMPERSONATION,본문 언급 collector/cash-out,2025-06-18
0x4ff4fe304045717f37b82daaf0025599e2ee0f53,ETH,community_reported_desc,chainabuse_desc,OTHER,본문 언급 collector/cash-out,2023-03-21
0x4ff6be6aad50c27fcfc4a9771024c70f6a9a2493,ETH,community_reported_desc,chainabuse_desc,PHISHING,본문 언급 collector/cash-out,2022-11-14
0x4ffba3ff30a7f3a4e0845a54f757977a1e23fd72,ETH,community_reported_desc,chainabuse_desc,OTHER_HACK,본문 언급 collector/cash-out,2026-07-08
0x50168139a296cd43ed7b11ea57600e119134d3e8,ETH,community_reported_desc,chainabuse_desc,PIGBUTCHERING,본문 언급 collector/cash-out,2026-08-03
0x503141d2e50821defd7a95c8ea4b52cf00d49101,ETH,community_reported_desc,chainabuse_desc,OTHER,본문 언급 collector/cash-out,2024-05-29
0x50c4cbc343d85b4278d31a13b81a6d5622094a7f,ETH,community_reported_desc,chainabuse_desc,IMPERSONATION,본문 언급 collector/cash-out,2024-06-12
0x50c4e75a512f2a14a7b304787adf79c4531a5909,ETH,community_reported_desc,chainabuse_desc,OTHER_HACK,본문 언급 collector/cash-out,2026-07-07
0x50e7529281f0ef58b1af5aa2c407790ac656bad0,ETH,community_reported_desc,chainabuse_desc,FAKE_RETURNS,본문 언급 collector/cash-out,2024-06-14
0x50f0c9d44514145766fee313dfea167eaf178274,ETH,community_reported_desc,chainabuse_desc,FAKE_RETURNS,본문 언급 collector/cash-out,2026-06-14
0x50f450f2e9e60cce84c18bffeed0ad20c941753e,ETH,community_reported_desc,chainabuse_desc,OTHER_HACK,본문 언급 collector/cash-out,2025-08-05
0x513c8fd9df4895358df27bf57faa8a93e18f04d2,ETH,community_reported_desc,chainabuse_desc,OTHER_HACK,본문 언급 collector/cash-out,2025-04-23
0x5141b82f5ffda4c6fe1e372978f1c5427640a190,ETH,community_reported_desc,chainabuse_desc,OTHER_HACK,본문 언급 collector/cash-out,2025-07-21
0x51578f23b66b1b85bce6fa733f167bc75ec49787,ETH,community_reported_desc,chainabuse_desc,OTHER_HACK,본문 언급 collector/cash-out,2025-03-28
0x515d5d3c28648907ede9be3ecbd39ddfd7b9d89d,ETH,community_reported_desc,chainabuse_desc,PHISHING,본문 언급 collector/cash-out,2025-02-04
0x517a82fa7eb6e949c887d5e0f9d757c8c752e048,ETH,community_reported_desc,chainabuse_desc,RUG_PULL,본문 언급 collector/cash-out,2024-11-05
0x518ba36f1ca6dfe3bb1b098b8dd0444030e79d9f,ETH,community_reported_desc,chainabuse_desc,PHISHING,본문 언급 collector/cash-out,2023-07-17
0x5194a5f5bceabdc955d1b2bd5ed150610316c1d7,ETH,community_reported_desc,chainabuse_desc,CONTRACT_EXPLOIT,본문 언급 collector/cash-out,2026-04-28
0x51cbbf8051a15e37e274c8a636f660dea499f308,ETH,community_reported_desc,chainabuse_desc,PHISHING,본문 언급 collector/cash-out,2024-05-23
0x51e6f49ffb1c35922239de183d53539ab61bd18b,ETH,community_reported_desc,chainabuse_desc,OTHER,본문 언급 collector/cash-out,2026-07-25
0x5220ea9a89ba4382726839035ce4774a9f0576f5,ETH,community_reported_desc,chainabuse_desc,PHISHING,본문 언급 collector/cash-out,2025-12-02
0x523632276bb487e6fbd34ead9ebbe2eeb71128ea,ETH,community_reported_desc,chainabuse_desc,OTHER_HACK,본문 언급 collector/cash-out,2025-09-11
0x526a064b76e7e0ab266dd00a3b11530d95e0dc2b,ETH,community_reported_desc,chainabuse_desc,PHISHING,본문 언급 collector/cash-out,2026-08-27
0x527d19e9f21835996c58953935f6e6d16b6a3ed8,ETH,community_reported_desc,chainabuse_desc,IMPERSONATION,본문 언급 collector/cash-out,2024-06-19
0x5283f7155c98ba5e293bbd0428a43d68b8dc3f48,ETH,community_reported_desc,chainabuse_desc,PHISHING,본문 언급 collector/cash-out,2024-05-04
0x529f63e1d1f28a5ead52c6cc0d19c3709a169543,ETH,community_reported_desc,chainabuse_desc,OTHER,본문 언급 collector/cash-out,2025-05-16
0x530ad312120b45a91fb32ef81ab2970d27831635,ETH,community_reported_desc,chainabuse_desc,PIGBUTCHERING,본문 언급 collector/cash-out,2024-08-30
0x532d6c35178195dde7ff21510eb77d6ff8f08844,ETH,community_reported_desc,chainabuse_desc,OTHER_HACK,본문 언급 collector/cash-out,2026-02-22
0x5332f807df0fd46dc875d62d58d7df3a2d497ef0,ETH,community_reported_desc,chainabuse_desc,OTHER_HACK,본문 언급 collector/cash-out,2025-06-11
0x536f3c3b76e67feb97d2fd3597bac35c578fe418,ETH,community_reported_desc,chainabuse_desc,OTHER_HACK,본문 언급 collector/cash-out,2025-09-19
0x53752d4d771ec0f454bca890c3e2b03c38254444,ETH,community_reported_desc,chainabuse_desc,RUG_PULL,본문 언급 collector/cash-out,2025-10-25
0x537a192e5958863bded55cea6bef14aad8929623,ETH,community_reported_desc,chainabuse_desc,OTHER_HACK,본문 언급 collector/cash-out,2024-04-26
0x539679b5462a8d3347125eadf44e2e9308e03bff,ETH,community_reported_desc,chainabuse_desc,AIRDROP,본문 언급 collector/cash-out,2024-03-24
0x53bdcf22ef1fd14901382c827d0b2b025c92bfc8,ETH,community_reported_desc,chainabuse_desc,PIGBUTCHERING,본문 언급 collector/cash-out,2024-08-30
0x53edf2f96596ddd26a06119bb02e55a42c41cabd,ETH,community_reported_desc,chainabuse_desc,CONTRACT_EXPLOIT,본문 언급 collector/cash-out,2022-07-20
0x5418226a6c7b1a9beabd15e69686ec07d610bc47,ETH,community_reported_desc,chainabuse_desc,CONTRACT_EXPLOIT,본문 언급 collector/cash-out,2025-05-13
0x5440afa631c6a72b921781d71795281d9f3c16c8,ETH,community_reported_desc,chainabuse_desc,FAKE_RETURNS,본문 언급 collector/cash-out,2025-11-05
0x547204676d3be325e1e8a7aba4bad8ee40fa9437,ETH,community_reported_desc,chainabuse_desc,PHISHING,본문 언급 collector/cash-out,2026-04-21
0x54753409c599d273fa909279b7685b58ebb5bb10,ETH,community_reported_desc,chainabuse_desc,PHISHING,본문 언급 collector/cash-out,2025-06-18
0x54b50187becd0bbcfd52ec5d538433dab044d2a8,ETH,community_reported_desc,chainabuse_desc,OTHER,본문 언급 collector/cash-out,2025-12-13
0x5555555550a33ff78cece5fe8bcad75486a5dde3,ETH,community_reported_desc,chainabuse_desc,OTHER_HACK,본문 언급 collector/cash-out,2026-02-22
0x555a4ebaa7f2d84a7667750f1617dd869f0e77c8,ETH,community_reported_desc,chainabuse_desc,PHISHING,본문 언급 collector/cash-out,2026-05-13
0x557abfdace0dedf7cda4afdb62cba8da66444388,ETH,community_reported_desc,chainabuse_desc,FAKE_PROJECT,본문 언급 collector/cash-out,2023-10-10
0x55d398326f99059ff775485246999027b3197955,ETH,community_reported_desc,chainabuse_desc,PHISHING,본문 언급 collector/cash-out,2026-06-19
0x55ea184d1fff8e477b2d04a48c09472927294373,ETH,community_reported_desc,chainabuse_desc,OTHER_HACK,본문 언급 collector/cash-out,2025-08-24
0x5607792fd4ef95a3079deededcffb82485b09b1e,ETH,community_reported_desc,chainabuse_desc,OTHER_HACK,본문 언급 collector/cash-out,2025-04-25
0x563d614d15ec31a5444bcf43d9b8ccd0da3bf41d,ETH,community_reported_desc,chainabuse_desc,PHISHING,본문 언급 collector/cash-out,2025-01-17
0x564e6d1cceb3a9a73fb00baa90143c1d523b4d3d,ETH,community_reported_desc,chainabuse_desc,OTHER,본문 언급 collector/cash-out,2022-08-16
0x5666281d84670c1ae2af9ff0809c41f828c7af0e,ETH,community_reported_desc,chainabuse_desc,OTHER,본문 언급 collector/cash-out,2025-06-30
0x56688c8ba250106efa96b5f2da4af25ca6173058,ETH,community_reported_desc,chainabuse_desc,IMPERSONATION,본문 언급 collector/cash-out,2025-10-23
0x567868a440dc3695cfe73ef2c5e9768a3a1a2f0d,ETH,community_reported_desc,chainabuse_desc,OTHER_HACK,본문 언급 collector/cash-out,2023-11-08
0x56eddb7aa87536c09ccc2793473599fd21a8b17f,ETH,community_reported_desc,chainabuse_desc,PIGBUTCHERING,본문 언급 collector/cash-out,2026-07-05
0x5707d70ec5f49520845918a41c65afbf24be5218,ETH,community_reported_desc,chainabuse_desc,OTHER_HACK,본문 언급 collector/cash-out,2024-11-12
0x570932b9e9d72ffca06b10ec257c87f64d89d28b,ETH,community_reported_desc,chainabuse_desc,FAKE_PROJECT,본문 언급 collector/cash-out,2024-06-30
0x572817b56b428731cdddec37938c05579d516285,ETH,community_reported_desc,chainabuse_desc,RUG_PULL,본문 언급 collector/cash-out,2026-07-09
0x5745050e787f693ed21e4418d528f78ad9c374a6,ETH,community_reported_desc,chainabuse_desc,PHISHING,본문 언급 collector/cash-out,2026-01-04
0x574c1131a884dd56b2e68aeb63578c6d2e44d372,ETH,community_reported_desc,chainabuse_desc,OTHER_HACK,본문 언급 collector/cash-out,2025-05-08
0x575c1d3d79919f7b7fe9a6cf806fef84025a6a9d,ETH,community_reported_desc,chainabuse_desc,OTHER_HACK,본문 언급 collector/cash-out,2023-04-21
0x5787625f90b93a650398dabffa87572b6aaa78fe,ETH,community_reported_desc,chainabuse_desc,PHISHING,본문 언급 collector/cash-out,2024-12-09
0x57abf35850134b745104b3f208a28ae5935bf247,ETH,community_reported_desc,chainabuse_desc,OTHER_HACK,본문 언급 collector/cash-out,2025-01-31
0x57be096a754d2c2b5283f2e201e99feb1cd96bb5,ETH,community_reported_desc,chainabuse_desc,PHISHING,본문 언급 collector/cash-out,2026-01-04
0x57c9c4231275aa20f8197ab6d9bb8647ed77325e,ETH,community_reported_desc,chainabuse_desc,CONTRACT_EXPLOIT,본문 언급 collector/cash-out,2026-02-11
0x580ecc27c3f93c1f9bcfd142ea59384d885dc8e0,ETH,community_reported_desc,chainabuse_desc,PHISHING,본문 언급 collector/cash-out,2024-03-22
0x582018453ffad507836e2d65d8f3aa77b32c30cf,ETH,community_reported_desc,chainabuse_desc,OTHER_HACK,본문 언급 collector/cash-out,2023-06-04
0x58786ea7f66c821898541fed074016e544ad8f36,ETH,community_reported_desc,chainabuse_desc,FAKE_PROJECT,본문 언급 collector/cash-out,2023-09-28
0x58832ca33ef7d851c32ae5857899c4c1eb0903ad,ETH,community_reported_desc,chainabuse_desc,FAKE_RETURNS,본문 언급 collector/cash-out,2024-07-16
0x58b13696481445accab1ecda9a08bc924727ed0e,ETH,community_reported_desc,chainabuse_desc,OTHER_HACK,본문 언급 collector/cash-out,2025-10-23
0x58e3c5bc60dff84b8f31a20156f5a634dca9bac5,ETH,community_reported_desc,chainabuse_desc,OTHER_HACK,본문 언급 collector/cash-out,2024-02-19
0x599e1e07c28a4fd84ff3ceffb9e8301c29d14a95,ETH,community_reported_desc,chainabuse_desc,FAKE_RETURNS,본문 언급 collector/cash-out,2025-09-26
0x59c8d2a642ec525505cc3c08184250866950ba8f,ETH,community_reported_desc,chainabuse_desc,IMPERSONATION,본문 언급 collector/cash-out,2023-06-22
0x5a32d8f89f28e75b18bab28acbaaa644d93d62ae,ETH,community_reported_desc,chainabuse_desc,FAKE_RETURNS,본문 언급 collector/cash-out,2024-01-01
0x5a624f8c022d55c3af6e47c1c5858a80152f1659,ETH,community_reported_desc,chainabuse_desc,OTHER_HACK,본문 언급 collector/cash-out,2024-05-08
0x5a7749c7caf8cad45a0cbdc9836533343bdf3023,ETH,community_reported_desc,chainabuse_desc,OTHER_HACK,본문 언급 collector/cash-out,2026-07-10
0x5a87bdd88da08357197fe2e4af18dc502762436b,ETH,community_reported_desc,chainabuse_desc,PHISHING,본문 언급 collector/cash-out,2025-05-14
0x5abf20dfd61efe7e89827810f43860f3d6283be3,ETH,community_reported_desc,chainabuse_desc,OTHER_HACK,본문 언급 collector/cash-out,2024-12-13
0x5aeabbff25d5d61c75eab80c48fa14359760e9fb,ETH,community_reported_desc,chainabuse_desc,RUG_PULL,본문 언급 collector/cash-out,2025-01-23
0x5b13d81e71b03aa4df581297c668411266c1c2d0,ETH,community_reported_desc,chainabuse_desc,IMPERSONATION,본문 언급 collector/cash-out,2024-07-22
0x5b17d5111f594d0561ae5d0e3831968351927635,ETH,community_reported_desc,chainabuse_desc,OTHER_HACK,본문 언급 collector/cash-out,2024-03-09
0x5b5970ee025923f59aad8ded095f908f57909615,ETH,community_reported_desc,chainabuse_desc,JOB_SCAM,본문 언급 collector/cash-out,2025-11-10
0x5b5db1b8b51c9b2165d5b734fa0a8db6f9d0fe48,ETH,community_reported_desc,chainabuse_desc,PHISHING,본문 언급 collector/cash-out,2026-03-13
0x5b5ea71c4b13e65ce0ade72a859f14b4fe641243,ETH,community_reported_desc,chainabuse_desc,PHISHING,본문 언급 collector/cash-out,2023-10-14
0x5b66a38f29db71b90a4bfa495ee3fdc0e976ec4c,ETH,community_reported_desc,chainabuse_desc,AIRDROP,본문 언급 collector/cash-out,2024-03-24
0x5bc757e144645c15cecedf67496e81273d7e3061,ETH,community_reported_desc,chainabuse_desc,FAKE_PROJECT,본문 언급 collector/cash-out,2025-07-06
0x5bcbdfb6cc624b959c39a2d16110d1f2d9204f72,ETH,community_reported_desc,chainabuse_desc,OTHER_HACK,본문 언급 collector/cash-out,2023-07-28
0x5be920e89e5bf6c40b1a907580f9a1a4ae926880,ETH,community_reported_desc,chainabuse_desc,OTHER_HACK,본문 언급 collector/cash-out,2025-09-07
0x5cf5fc62dc842b8a0fb22b7f8460224eee04021c,ETH,community_reported_desc,chainabuse_desc,OTHER_HACK,본문 언급 collector/cash-out,2024-05-08
0x5d0cc4627266a8f3c192cf7ce7be5547b858d8c5,ETH,community_reported_desc,chainabuse_desc,OTHER_HACK,본문 언급 collector/cash-out,2024-02-27
0x5da307cc545f9a43eebbcad5180c5c66809138b7,ETH,community_reported_desc,chainabuse_desc,CONTRACT_EXPLOIT,본문 언급 collector/cash-out,2024-03-17
0x5db42679bfd9ca441afcf097c730ab6adcfd8c63,ETH,community_reported_desc,chainabuse_desc,OTHER_HACK,본문 언급 collector/cash-out,2024-06-10
0x5e023c31e1d3dcd08a1b3e8c96f6ef8aa8fcacd1,ETH,community_reported_desc,chainabuse_desc,CONTRACT_EXPLOIT,본문 언급 collector/cash-out,2025-03-17
0x5e0b82eb66737631796754a75b8d4e08f951b540,ETH,community_reported_desc,chainabuse_desc,FAKE_PROJECT,본문 언급 collector/cash-out,2025-07-25
0x5e2c7c27b58c4b34c19ccdb5d7707b6265ee0685,ETH,community_reported_desc,chainabuse_desc,IMPERSONATION,본문 언급 collector/cash-out,2024-04-20
0x5e61753a0df257e733e63a3c7f5e25fd2c421883,ETH,community_reported_desc,chainabuse_desc,AIRDROP,본문 언급 collector/cash-out,2025-11-15
0x5ea4e791d74a40b9abc85b099aa70aa6710ac679,ETH,community_reported_desc,chainabuse_desc,PHISHING,본문 언급 collector/cash-out,2024-09-30
0x5f007d5148443a2875dff47dd6ae0b2cb6a2922c,ETH,community_reported_desc,chainabuse_desc,OTHER_HACK,본문 언급 collector/cash-out,2024-05-12
0x5f7827fdeb7c20b443265fc2f40845b715385ff2,ETH,community_reported_desc,chainabuse_desc,OTHER,본문 언급 collector/cash-out,2023-12-06
0x5fa57dd9efac99124bd5f268ec3184a9a6653088,ETH,community_reported_desc,chainabuse_desc,PHISHING,본문 언급 collector/cash-out,2024-12-09
0x5fb749340d7ddbee4722fb352198ef16dd3631d3,ETH,community_reported_desc,chainabuse_desc,PIGBUTCHERING,본문 언급 collector/cash-out,2026-05-25
0x5fc37161ac213ae99d60debbfd0c00e712c7a87c,ETH,community_reported_desc,chainabuse_desc,OTHER,본문 언급 collector/cash-out,2022-11-18
0x5fdb3913e9b0c2c868431c69d7f9f22c6d1af80b,ETH,community_reported_desc,chainabuse_desc,OTHER_HACK,본문 언급 collector/cash-out,2026-03-14
0x5fdbf4884536f2937da4f7bf5c389470f914e997,ETH,community_reported_desc,chainabuse_desc,IMPERSONATION,본문 언급 collector/cash-out,2025-03-25
0x6000da47483062a0d734ba3dc7576ce6a0b645c4,ETH,community_reported_desc,chainabuse_desc,OTHER,본문 언급 collector/cash-out,2025-03-04
0x60119918a276038203cb8b79e290339780ec12c7,ETH,community_reported_desc,chainabuse_desc,ROMANCE,본문 언급 collector/cash-out,2025-04-18
0x6013fe412cf67f6e62a23de362c2477f3db450e5,ETH,community_reported_desc,chainabuse_desc,PHISHING,본문 언급 collector/cash-out,2025-03-27
0x6056be985dd4c50feca34130fedd0a35857099fd,ETH,community_reported_desc,chainabuse_desc,CONTRACT_EXPLOIT,본문 언급 collector/cash-out,2026-04-29
0x605a38e7d8cc875ca937f40bc8517728e1e55f6d,ETH,community_reported_desc,chainabuse_desc,PHISHING,본문 언급 collector/cash-out,2026-04-07
0x60813e0f3a5a58056a5525395f1d60773e5e6068,ETH,community_reported_desc,chainabuse_desc,OTHER,본문 언급 collector/cash-out,2024-09-08
0x60afc5761212ed59608b0559b4ccbaad24fc74b1,ETH,community_reported_desc,chainabuse_desc,PHISHING,본문 언급 collector/cash-out,2022-11-05
0x60b41b769689b85e780d3411c819cf16723cf8a3,ETH,community_reported_desc,chainabuse_desc,OTHER_HACK,본문 언급 collector/cash-out,2025-09-19
0x60b82642d08eb67148175f1782563eadbad88888,ETH,community_reported_desc,chainabuse_desc,OTHER_HACK,본문 언급 collector/cash-out,2024-10-31
0x60c21793b5335d918a7fd42ec30efca1974cbecd,ETH,community_reported_desc,chainabuse_desc,ROMANCE,본문 언급 collector/cash-out,2024-01-28
0x60f250374293193555ae08172362b6da0036006f,ETH,community_reported_desc,chainabuse_desc,PHISHING,본문 언급 collector/cash-out,2024-07-03
0x610bc1be9fe9a0cb269a59ea548955c7b43def83,ETH,community_reported_desc,chainabuse_desc,IMPERSONATION,본문 언급 collector/cash-out,2025-09-26
0x6131b5fae19ea4f9d964eac0408e4408b66337b5,ETH,community_reported_desc,chainabuse_desc,CONTRACT_EXPLOIT,본문 언급 collector/cash-out,2026-08-05
0x6152c354dd8b24a1224c3d680d3a6f4b4d21954e,ETH,community_reported_desc,chainabuse_desc,ROMANCE,본문 언급 collector/cash-out,2025-06-28
0x618ef6046d77641310b4ee09c482ec1137c2b726,ETH,community_reported_desc,chainabuse_desc,OTHER_HACK,본문 언급 collector/cash-out,2025-01-28
0x61b83f12a11633410b9c89dcb89ef633c497129c,ETH,community_reported_desc,chainabuse_desc,OTHER_HACK,본문 언급 collector/cash-out,2026-08-16
0x61e160c5bf1b02416f5806114dbc36a549c6bac1,ETH,community_reported_desc,chainabuse_desc,OTHER_HACK,본문 언급 collector/cash-out,2024-06-10
0x61eb30ce64241d5274c808edecc77ff3a0dab91a,ETH,community_reported_desc,chainabuse_desc,OTHER_HACK,본문 언급 collector/cash-out,2024-05-08
0x622651529bda465277cb890ef9176c442f42b338,ETH,community_reported_desc,chainabuse_desc,CONTRACT_EXPLOIT,본문 언급 collector/cash-out,2023-01-01
0x622cbcff9ae82f3c964a90337374120975c53a02,ETH,community_reported_desc,chainabuse_desc,CONTRACT_EXPLOIT,본문 언급 collector/cash-out,2024-10-21
0x628fda7a32b88834244a3f170ad0ae14e0ccb7b4,ETH,community_reported_desc,chainabuse_desc,FAKE_PROJECT,본문 언급 collector/cash-out,2025-04-12
0x629b4cc7619b4e0f694b0332b9eeaa6b88516c20,ETH,community_reported_desc,chainabuse_desc,PHISHING,본문 언급 collector/cash-out,2024-06-19
0x629c309999c4da5e02f6821fdfd4cd8fee632854,ETH,community_reported_desc,chainabuse_desc,OTHER_HACK,본문 언급 collector/cash-out,2026-06-06
0x62f03b52c377fea3eb71d451a95ad86c818755d1,ETH,community_reported_desc,chainabuse_desc,PHISHING,본문 언급 collector/cash-out,2024-06-16
0x630065590686dae32bee04f1aa09d341d58ebca4,ETH,community_reported_desc,chainabuse_desc,PHISHING,본문 언급 collector/cash-out,2026-06-28
0x63143ac99b9d1e6fd296a276d5b36c9f5a5ecc08,ETH,community_reported_desc,chainabuse_desc,FAKE_PROJECT,본문 언급 collector/cash-out,2025-03-20
0x631b2fc3c22f424f6a676d3acdaf6cca63d99b8e,ETH,community_reported_desc,chainabuse_desc,OTHER,본문 언급 collector/cash-out,2023-12-20
0x631fc1ea2270e98fbd9d92658ece0f5a269aa161,ETH,community_reported_desc,chainabuse_desc,OTHER_HACK,본문 언급 collector/cash-out,2024-12-16
0x635308e731a878741bfec299e67f5fd28c7553d9,ETH,community_reported_desc,chainabuse_desc,IMPERSONATION,본문 언급 collector/cash-out,2025-07-29
0x63b7eb80a3b176dca88a33718aa09eb4d6a62e40,ETH,community_reported_desc,chainabuse_desc,OTHER_HACK,본문 언급 collector/cash-out,2023-10-11
0x6402d0c0ce63dca93d7a16892797b4ffd8d40bc6,ETH,community_reported_desc,chainabuse_desc,PHISHING,본문 언급 collector/cash-out,2025-03-07
0x64049cd6bae83c0084835de56029cf55d6e5aa8c,ETH,community_reported_desc,chainabuse_desc,PIGBUTCHERING,본문 언급 collector/cash-out,2025-04-18
0x640fb638efcc0868f5e95536678087e14a2e96ab,ETH,community_reported_desc,chainabuse_desc,RUG_PULL,본문 언급 collector/cash-out,2026-03-20
0x6427d2b09abf4ca675afad9c5299636c63149723,ETH,community_reported_desc,chainabuse_desc,PHISHING,본문 언급 collector/cash-out,2024-07-30
0x6478d49fd4bfe8e371ebb19ec220f5146759a40a,ETH,community_reported_desc,chainabuse_desc,PHISHING,본문 언급 collector/cash-out,2025-05-26
0x64a6e9e5ed1da3c6c4b219fc0f6c87cd4f99e6ea,ETH,community_reported_desc,chainabuse_desc,FAKE_RETURNS,본문 언급 collector/cash-out,2025-03-31
0x64a7783c2f47e89d99a9fc14b1c1ee1bdb6288ef,ETH,community_reported_desc,chainabuse_desc,PHISHING,본문 언급 collector/cash-out,2024-06-05
0x64ff10391658b820a218aee8cbeec4eb4e83e90b,ETH,community_reported_desc,chainabuse_desc,PHISHING,본문 언급 collector/cash-out,2026-05-21
0x6504168b2857ad5bdee09dff3a828015a6b722d4,ETH,community_reported_desc,chainabuse_desc,FAKE_RETURNS,본문 언급 collector/cash-out,2024-02-23
0x650a9552a1bab5ab30c6ac4655f3f6230e7cf0a4,ETH,community_reported_desc,chainabuse_desc,OTHER_HACK,본문 언급 collector/cash-out,2024-01-21
0x651a44351a1c9784d96e3bf18fb141d552cb9c50,ETH,community_reported_desc,chainabuse_desc,AIRDROP,본문 언급 collector/cash-out,2023-12-09
0x6567e6ee4f57fbdf89c2bda36c071e83d7850bc9,ETH,community_reported_desc,chainabuse_desc,FAKE_PROJECT,본문 언급 collector/cash-out,2025-06-25
0x65b1a636e356695d90b1c2e7b0407400c790e943,ETH,community_reported_desc,chainabuse_desc,PHISHING,본문 언급 collector/cash-out,2026-03-18
0x668d7daa7bda4b808c1d651e32e95fd38b835a0a,ETH,community_reported_desc,chainabuse_desc,OTHER,본문 언급 collector/cash-out,2024-05-30
0x66a9893cc07d91d95644aedd05d03f95e1dba8af,ETH,community_reported_desc,chainabuse_desc,RUG_PULL,본문 언급 collector/cash-out,2025-06-08
0x66ad4cb4c84f6dad9b2be2bf42eb073a3dae7a9a,ETH,community_reported_desc,chainabuse_desc,OTHER_HACK,본문 언급 collector/cash-out,2026-06-06
0x66e034b826cb4f937823108712cf912207efee4c,ETH,community_reported_desc,chainabuse_desc,FAKE_RETURNS,본문 언급 collector/cash-out,2023-11-05
0x66e2b4ee7bc8e307e58646db63ff6cc7d90f41ff,ETH,community_reported_desc,chainabuse_desc,FAKE_PROJECT,본문 언급 collector/cash-out,2025-02-10
0x672ad6ea3deac6a76f842817153bcce287ea922b,ETH,community_reported_desc,chainabuse_desc,FAKE_RETURNS,본문 언급 collector/cash-out,2024-04-21
0x6747bcaf9bd5a5f0758cbe08903490e45ddfacb5,ETH,community_reported_desc,chainabuse_desc,PHISHING,본문 언급 collector/cash-out,2026-01-04
0x675a7d3fd5cc518d466974c2332c47a0ec3937c2,ETH,community_reported_desc,chainabuse_desc,FAKE_RETURNS,본문 언급 collector/cash-out,2024-07-17
0x6778c81621d0e322887fadcc8311a17953bee5fe,ETH,community_reported_desc,chainabuse_desc,PHISHING,본문 언급 collector/cash-out,2023-12-20
0x678b1b25443c3faff97d7c0094fdefedff54247d,ETH,community_reported_desc,chainabuse_desc,IMPERSONATION,본문 언급 collector/cash-out,2024-11-30
0x678febfb22bfe7c3b0688f9dee4fb7fc116d8e4c,ETH,community_reported_desc,chainabuse_desc,OTHER_HACK,본문 언급 collector/cash-out,2025-09-19
0x679641f9450609d2ca03b2c468ac8631f87d8ee6,ETH,community_reported_desc,chainabuse_desc,OTHER_HACK,본문 언급 collector/cash-out,2026-08-03
0x67fa4b8d66d46c29dbc18fe64c634d74045d004b,ETH,community_reported_desc,chainabuse_desc,OTHER_HACK,본문 언급 collector/cash-out,2025-09-19
0x6817749a69b18d9eb2a86194055710b4ec00923d,ETH,community_reported_desc,chainabuse_desc,IMPERSONATION,본문 언급 collector/cash-out,2025-06-13
0x682b25790a6a699fc6b61541a92ff4aaa8285d98,ETH,community_reported_desc,chainabuse_desc,FAKE_PROJECT,본문 언급 collector/cash-out,2025-02-09
0x68392e7b2c9dda46c57334dc9e3b6477e016866e,ETH,community_reported_desc,chainabuse_desc,CONTRACT_EXPLOIT,본문 언급 collector/cash-out,2025-07-25
0x6841d57f9359df7ed4862c0d0dec0183992a1f17,ETH,community_reported_desc,chainabuse_desc,OTHER_HACK,본문 언급 collector/cash-out,2024-10-30
0x684630d659db3714290916d232e3ee0363301447,ETH,community_reported_desc,chainabuse_desc,OTHER_HACK,본문 언급 collector/cash-out,2024-06-19
0x686f335428193700699522e1c1b3a923fc737f53,ETH,community_reported_desc,chainabuse_desc,PHISHING,본문 언급 collector/cash-out,2024-12-29
0x68f7036f41bf4fc370e273eb3dc7f95a979afc9a,ETH,community_reported_desc,chainabuse_desc,PHISHING,본문 언급 collector/cash-out,2022-07-20
0x690269963244bf6ff0854c70f171069559cde432,ETH,community_reported_desc,chainabuse_desc,FAKE_RETURNS,본문 언급 collector/cash-out,2023-07-23
0x690b9a9e9aa1c9db991c7721a92d351db4fac990,ETH,community_reported_desc,chainabuse_desc,AIRDROP,본문 언급 collector/cash-out,2022-12-04
0x69127e24be90d152678ef356c4129eb4be36200a,ETH,community_reported_desc,chainabuse_desc,PIGBUTCHERING,본문 언급 collector/cash-out,2026-05-11
0x691ae92bc6013e956a1619ce51a645d462962ddd,ETH,community_reported_desc,chainabuse_desc,OTHER_HACK,본문 언급 collector/cash-out,2025-07-25
0x695d4d5a2f2f456742664f3ca7d34840c91f4f67,ETH,community_reported_desc,chainabuse_desc,FAKE_PROJECT,본문 언급 collector/cash-out,2024-03-08
0x6995ce05f1dc3f6a3682b34e1f54d55784e240c0,ETH,community_reported_desc,chainabuse_desc,OTHER_HACK,본문 언급 collector/cash-out,2025-11-15
0x69b14e8d3cebfdd8196bfe530954a0c226e5008e,ETH,community_reported_desc,chainabuse_desc,PHISHING,본문 언급 collector/cash-out,2024-12-10
0x69b565ad74aa0c360e18e81389ae67db8c9ce92a,ETH,community_reported_desc,chainabuse_desc,FAKE_RETURNS,본문 언급 collector/cash-out,2024-04-16
0x69bb0f017969a6cf586175b62c7d59d7cdf3ef96,ETH,community_reported_desc,chainabuse_desc,CONTRACT_EXPLOIT,본문 언급 collector/cash-out,2023-01-01
0x69d3cf8b13c72edb11a1f06429a4718ca19a2901,ETH,community_reported_desc,chainabuse_desc,ROMANCE,본문 언급 collector/cash-out,2024-01-28
0x69f8f6178f2da1d7f391020d8057b9e1f142f04f,ETH,community_reported_desc,chainabuse_desc,FAKE_RETURNS,본문 언급 collector/cash-out,2025-05-21
0x6a04ad56d62e9de95d03693cec823a4f1793d748,ETH,community_reported_desc,chainabuse_desc,OTHER,본문 언급 collector/cash-out,2026-01-19
0x6a6d593ed7458b8213fa71f1adc4a9e5fd0b5a58,ETH,community_reported_desc,chainabuse_desc,CONTRACT_EXPLOIT,본문 언급 collector/cash-out,2022-04-05
0x6a7eff1e2c355ad6eb91bebb5ded49257f3fed98,ETH,community_reported_desc,chainabuse_desc,PHISHING,본문 언급 collector/cash-out,2024-07-31
0x6aba76e8184baffb9f07cc3e2f4f4e78261ed906,ETH,community_reported_desc,chainabuse_desc,PHISHING,본문 언급 collector/cash-out,2023-12-20
0x6b175474e89094c44da98b954eedeac495271d0f,ETH,community_reported_desc,chainabuse_desc,PIGBUTCHERING,본문 언급 collector/cash-out,2025-06-23
0x6b2e2194ef477e0764ba953a7bc8c507e2d6361b,ETH,community_reported_desc,chainabuse_desc,OTHER,본문 언급 collector/cash-out,2024-02-14
0x6b372a92aa8184f71ddec396edfa3b781e872a01,ETH,community_reported_desc,chainabuse_desc,PHISHING,본문 언급 collector/cash-out,2025-05-24
0x6b75d8af000000e20b7a7ddf000ba900b4009a80,ETH,community_reported_desc,chainabuse_desc,FAKE_RETURNS,본문 언급 collector/cash-out,2024-04-21
0x6bbf8e906951657debfbdc6cbc548e5bf0eeda21,ETH,community_reported_desc,chainabuse_desc,PHISHING,본문 언급 collector/cash-out,2026-08-04
0x6bd2fdab1d73b0d4abacded992f3bc9ebd5bf35c,ETH,community_reported_desc,chainabuse_desc,PHISHING,본문 언급 collector/cash-out,2026-05-21
0x6bfea86deb6588986ae0e0a98c88c162d3a4ff23,ETH,community_reported_desc,chainabuse_desc,ROMANCE,본문 언급 collector/cash-out,2025-04-18
0x6c27e9b95cde4237c797d53661baf6c0bb0252a1,ETH,community_reported_desc,chainabuse_desc,PHISHING,본문 언급 collector/cash-out,2025-05-24
0x6c4820a2f8d15a43e2236e30812ed9441643d1d9,ETH,community_reported_desc,chainabuse_desc,FAKE_RETURNS,본문 언급 collector/cash-out,2025-11-06
0x6c6a0d49960cbbb9571682f1707a7d8385bc111b,ETH,community_reported_desc,chainabuse_desc,OTHER_HACK,본문 언급 collector/cash-out,2026-05-23
0x6c6ee5e31d828de241282b9606c8e98ea48526e2,ETH,community_reported_desc,chainabuse_desc,OTHER_HACK,본문 언급 collector/cash-out,2023-09-22
0x6c795bff6fdf893a9ac3cb5ce3153b2f1eb228cc,ETH,community_reported_desc,chainabuse_desc,CONTRACT_EXPLOIT,본문 언급 collector/cash-out,2024-05-11
0x6c7c3806b3cae601b1d99c017e4592753ba8d41e,ETH,community_reported_desc,chainabuse_desc,PHISHING,본문 언급 collector/cash-out,2022-11-27
0x6cb7170fe38270bf10e4dd1433c26ec9f1c116c6,ETH,community_reported_desc,chainabuse_desc,FAKE_RETURNS,본문 언급 collector/cash-out,2025-05-21
0x6cbe999d2a7a80ca54cd0ae395b13964e9138fb2,ETH,community_reported_desc,chainabuse_desc,OTHER,본문 언급 collector/cash-out,2025-09-09
0x6cc27a01c245310046cd47c239a220fa9429f323,ETH,community_reported_desc,chainabuse_desc,AIRDROP,본문 언급 collector/cash-out,2025-03-02
0x6cdbc6bcd2997005e36eee1f81219b724f0d9b78,ETH,community_reported_desc,chainabuse_desc,OTHER_HACK,본문 언급 collector/cash-out,2023-05-17
0x6d1e372ef195d87fd5b987803dc357524ac0990d,ETH,community_reported_desc,chainabuse_desc,OTHER,본문 언급 collector/cash-out,2023-11-10
0x6d303a03d1beb8212e2d3c448985ea4d40006e44,ETH,community_reported_desc,chainabuse_desc,OTHER_HACK,본문 언급 collector/cash-out,2025-06-29
0x6d490b7b8b4ec0ced553297648665804cedf20db,ETH,community_reported_desc,chainabuse_desc,FAKE_RETURNS,본문 언급 collector/cash-out,2024-08-22
0x6d98186df454c9cd02cad00a79ada2952b6f274b,ETH,community_reported_desc,chainabuse_desc,PHISHING,본문 언급 collector/cash-out,2023-12-19
0x6da179979fab27ee54fff6ad3136e4dd306a2c98,ETH,community_reported_desc,chainabuse_desc,FAKE_RETURNS,본문 언급 collector/cash-out,2026-01-25
0x6daa156881eb6970323e425390b0224361b16ab8,ETH,community_reported_desc,chainabuse_desc,OTHER_HACK,본문 언급 collector/cash-out,2024-09-22
0x6dcbce46a8b494c885d0e7b6817d2b519df64467,ETH,community_reported_desc,chainabuse_desc,OTHER,본문 언급 collector/cash-out,2025-11-16
0x6dd5f0038474dc29a0adc6ad34d37b0ba53e5435,ETH,community_reported_desc,chainabuse_desc,OTHER_HACK,본문 언급 collector/cash-out,2024-04-26
0x6ddeb5340a20ac5cd53beb733d579a8b83270691,ETH,community_reported_desc,chainabuse_desc,CONTRACT_EXPLOIT,본문 언급 collector/cash-out,2024-10-21
0x6df3ee285ff5094bdff7c3979677449d35985b3b,ETH,community_reported_desc,chainabuse_desc,CONTRACT_EXPLOIT,본문 언급 collector/cash-out,2026-08-08
0x6e183fc6bc3212644c200f39ea20d39ea5d5519b,ETH,community_reported_desc,chainabuse_desc,FAKE_PROJECT,본문 언급 collector/cash-out,2025-07-06
0x6e37305e43239b003a67e7c288f5ead92bcf9f2a,ETH,community_reported_desc,chainabuse_desc,OTHER_HACK,본문 언급 collector/cash-out,2025-10-20
0x6e5ea3f27d65e7662e0d9e0eaaeb90006cc5945e,ETH,community_reported_desc,chainabuse_desc,OTHER_HACK,본문 언급 collector/cash-out,2024-01-02
0x6e76b4ee699f5190d07203c9539f33908a5b18e2,ETH,community_reported_desc,chainabuse_desc,FAKE_RETURNS,본문 언급 collector/cash-out,2025-12-06
0x6e9736c37d387453a0b08f861ca87720789529ce,ETH,community_reported_desc,chainabuse_desc,PHISHING,본문 언급 collector/cash-out,2026-07-05
0x6e98908ffd0c837b7deb0ac949300b6c60791228,ETH,community_reported_desc,chainabuse_desc,OTHER_HACK,본문 언급 collector/cash-out,2025-10-03
0x6eb3e9d860540fbb8daff2fe4793e2fd718366dc,ETH,community_reported_desc,chainabuse_desc,OTHER_HACK,본문 언급 collector/cash-out,2025-09-19
0x6ed1c8f84c783d76080499f32725e1ae8e97b6d3,ETH,community_reported_desc,chainabuse_desc,OTHER_HACK,본문 언급 collector/cash-out,2025-09-19
0x6edcf87a48319e120e31123ecb5727adba751ec2,ETH,community_reported_desc,chainabuse_desc,OTHER_HACK,본문 언급 collector/cash-out,2025-06-03
0x6f0e27102237bb43207a6277eeef0e3dafccdb77,ETH,community_reported_desc,chainabuse_desc,OTHER,본문 언급 collector/cash-out,2025-09-09
0x6f299cdb1c6d7bf2d67ee2d6a22e4696839dceaa,ETH,community_reported_desc,chainabuse_desc,PHISHING,본문 언급 collector/cash-out,2024-07-23
0x6f605ee3968e5580599ab31f4b7baa5a68f34104,ETH,community_reported_desc,chainabuse_desc,OTHER_HACK,본문 언급 collector/cash-out,2026-03-13
0x6f67ac78474854702c20bc65c742aea7e40404ee,ETH,community_reported_desc,chainabuse_desc,CONTRACT_EXPLOIT,본문 언급 collector/cash-out,2025-10-05
0x6fe314fd4cf845f35fc461ed98e2fb8d9356b566,ETH,community_reported_desc,chainabuse_desc,PHISHING,본문 언급 collector/cash-out,2026-02-27
0x70160601ec260cb3f0b98f8c2f0f71aae72fe3d6,ETH,community_reported_desc,chainabuse_desc,SIM_SWAP,본문 언급 collector/cash-out,2024-08-05
0x70480ab5f66ffc94c39fb881a054e434414b8427,ETH,community_reported_desc,chainabuse_desc,OTHER_HACK,본문 언급 collector/cash-out,2024-05-31
0x70567f618e57691194c5f9de84b595ec5f307035,ETH,community_reported_desc,chainabuse_desc,PHISHING,본문 언급 collector/cash-out,2024-05-20
0x7058807716bc0e1f8b273d8bcbb85fc2792a787b,ETH,community_reported_desc,chainabuse_desc,OTHER_HACK,본문 언급 collector/cash-out,2025-09-19
0x705c2abd975633d38570cdf2b06f0b4e617142fa,ETH,community_reported_desc,chainabuse_desc,PHISHING,본문 언급 collector/cash-out,2026-06-29
0x7080373023c52da6f859cb908e04970d914c44a6,ETH,community_reported_desc,chainabuse_desc,PHISHING,본문 언급 collector/cash-out,2025-09-10
0x7098c5846c570fc30315e31d9f6545a71034abfa,ETH,community_reported_desc,chainabuse_desc,PHISHING,본문 언급 collector/cash-out,2022-07-20
0x70a321c5fe6e4f074d76328fd0e6393733fd4ee8,ETH,community_reported_desc,chainabuse_desc,PHISHING,본문 언급 collector/cash-out,2026-05-21
0x70b5ee11d47668057dd28612675f12cc0e6a3f8f,ETH,community_reported_desc,chainabuse_desc,PHISHING,본문 언급 collector/cash-out,2026-05-06
0x70db2be2496fdf0923e012f7b7df9bf763d862e1,ETH,community_reported_desc,chainabuse_desc,PIGBUTCHERING,본문 언급 collector/cash-out,2025-07-17
0x70e18f7822ffd60d38fda37be63cc4b0f93fd90e,ETH,community_reported_desc,chainabuse_desc,FAKE_PROJECT,본문 언급 collector/cash-out,2026-05-06
0x70e453f8211908965b2a11c7072355008aca653f,ETH,community_reported_desc,chainabuse_desc,OTHER_HACK,본문 언급 collector/cash-out,2024-12-26
0x70eafb8e4db5708d5eff0fb87ba44fd97e294c17,ETH,community_reported_desc,chainabuse_desc,PHISHING,본문 언급 collector/cash-out,2026-05-25
0x70fd38e914dda97d9f2ca9a015278ae59ab75635,ETH,community_reported_desc,chainabuse_desc,DONATION_SCAM,본문 언급 collector/cash-out,2023-07-06
0x7106ef09925c131d085b24bab9391b46041fef09,ETH,community_reported_desc,chainabuse_desc,RUG_PULL,본문 언급 collector/cash-out,2025-04-09
0x718537669e742c8c1cac37a519bc40cc221fdd3f,ETH,community_reported_desc,chainabuse_desc,PIGBUTCHERING,본문 언급 collector/cash-out,2026-04-07
0x71b2716a9a8fe8294b6ede908968127cbf314bcc,ETH,community_reported_desc,chainabuse_desc,FAKE_PROJECT,본문 언급 collector/cash-out,2025-07-20
0x71b4ccd37f832787325fce37f0aa8f20d4a31413,ETH,community_reported_desc,chainabuse_desc,OTHER,본문 언급 collector/cash-out,2024-05-30
0x71c63dc168b6ba76802e120f2f5ae8315b1a3887,ETH,community_reported_desc,chainabuse_desc,OTHER,본문 언급 collector/cash-out,2025-05-03
0x71ce8ac313b0ebfc6410e6c4b4d56340bef50587,ETH,community_reported_desc,chainabuse_desc,IMPERSONATION,본문 언급 collector/cash-out,2025-07-29
0x71ebbcf18b1e74590a16333e9a63d6f2030594e7,ETH,community_reported_desc,chainabuse_desc,OTHER_HACK,본문 언급 collector/cash-out,2026-04-15
0x722156485fbb527bfc8755a383f9a93fddb5b5b3,ETH,community_reported_desc,chainabuse_desc,FAKE_RETURNS,본문 언급 collector/cash-out,2024-07-04
0x722af8c0a93232e7e2ea3f9ed52a7d8746b95a44,ETH,community_reported_desc,chainabuse_desc,FAKE_PROJECT,본문 언급 collector/cash-out,2025-10-16
0x728ec38a9511e6aa988f54359fe3acf168f8ddb4,ETH,community_reported_desc,chainabuse_desc,OTHER_HACK,본문 언급 collector/cash-out,2025-09-19
0x72cdc3fd1a95948936af708025491f1b66e7991f,ETH,community_reported_desc,chainabuse_desc,OTHER_HACK,본문 언급 collector/cash-out,2024-05-08
0x72ee781ee2e22e97a6c90129ef569c981527beaf,ETH,community_reported_desc,chainabuse_desc,FAKE_PROJECT,본문 언급 collector/cash-out,2023-07-19
0x7312f0b280f4bbaa47fc6485809f1c5cc629d7bb,ETH,community_reported_desc,chainabuse_desc,CONTRACT_EXPLOIT,본문 언급 collector/cash-out,2026-04-29
0x733779d04a4c3b417ff7733513fa50979557b724,ETH,community_reported_desc,chainabuse_desc,FAKE_RETURNS,본문 언급 collector/cash-out,2025-06-05
0x73728657d42a2cb01a1faa7b8c7c917f25821226,ETH,community_reported_desc,chainabuse_desc,OTHER_HACK,본문 언급 collector/cash-out,2025-05-31
0x7378ed0572b00049a1e2f88c90416970b298871b,ETH,community_reported_desc,chainabuse_desc,FAKE_PROJECT,본문 언급 collector/cash-out,2023-07-19
0x7398e7e3603119d9241e45f688734436fd7b1540,ETH,community_reported_desc,chainabuse_desc,RUG_PULL,본문 언급 collector/cash-out,2026-03-08
0x73b826c22b02ec1fea7cba4c45aafca2109ddaf0,ETH,community_reported_desc,chainabuse_desc,PHISHING,본문 언급 collector/cash-out,2025-08-19
0x73d663d2f64773453a5c0082486b0b6cd6dba247,ETH,community_reported_desc,chainabuse_desc,OTHER_HACK,본문 언급 collector/cash-out,2023-04-06
0x740365220a6764e7922ff2d84e2ed3b890175807,ETH,community_reported_desc,chainabuse_desc,PHISHING,본문 언급 collector/cash-out,2024-06-16
0x74335139d5215dc5b4760144ff319a0aeef00a9f,ETH,community_reported_desc,chainabuse_desc,FAKE_RETURNS,본문 언급 collector/cash-out,2024-11-15
0x744e4f26ee30213989216e1632d9be3547c4885b,ETH,community_reported_desc,chainabuse_desc,PHISHING,본문 언급 collector/cash-out,2026-07-07
0x7453275ad8cacf3a44d19bd10e5b6a2832b05fc3,ETH,community_reported_desc,chainabuse_desc,PHISHING,본문 언급 collector/cash-out,2023-12-19
0x746defcd23e16b2d1ac466b36c347afb1e9a833c,ETH,community_reported_desc,chainabuse_desc,FAKE_PROJECT,본문 언급 collector/cash-out,2025-01-10
0x748691b0508b005783014056f08cc03d64b495b0,ETH,community_reported_desc,chainabuse_desc,OTHER_HACK,본문 언급 collector/cash-out,2024-11-13
0x74b12055cc46e25c067478f81510f4e3f6587d12,ETH,community_reported_desc,chainabuse_desc,PHISHING,본문 언급 collector/cash-out,2024-07-05
0x74d21fce9a61403c374154d1fe2d5f24c73eb5e9,ETH,community_reported_desc,chainabuse_desc,FAKE_PROJECT,본문 언급 collector/cash-out,2023-12-06
0x74d30bc5e03c2345410ba3cca754b144756d0cb7,ETH,community_reported_desc,chainabuse_desc,OTHER_HACK,본문 언급 collector/cash-out,2025-09-07
0x74eb3200daf359539c8ee38f05cabb6a47740bc7,ETH,community_reported_desc,chainabuse_desc,OTHER_HACK,본문 언급 collector/cash-out,2024-03-03
0x7522d51224c412dbcf5d9d2b7a15393d228c2455,ETH,community_reported_desc,chainabuse_desc,FAKE_RETURNS,본문 언급 collector/cash-out,2024-11-30
0x7554270f6e7eec22321e63bc7154bf988aef5c0d,ETH,community_reported_desc,chainabuse_desc,PHISHING,본문 언급 collector/cash-out,2026-05-21
0x755e0dd004c1364d4d15c4306bf969757c3254c0,ETH,community_reported_desc,chainabuse_desc,PHISHING,본문 언급 collector/cash-out,2026-05-21
0x756623fea3d4c92a5808a39bf79386dab28c42a2,ETH,community_reported_desc,chainabuse_desc,OTHER_INVESTMENT_SCAM,본문 언급 collector/cash-out,2026-04-20
0x757c3c294c09b90881dd217d47e796802ab3b1bf,ETH,community_reported_desc,chainabuse_desc,AIRDROP,본문 언급 collector/cash-out,2024-04-09
0x7591adbc961b9f0fe086bb8885b41eaab5675ea2,ETH,community_reported_desc,chainabuse_desc,OTHER_HACK,본문 언급 collector/cash-out,2026-03-12
0x759b39f9c4621ef37108fb28502656353f54a210,ETH,community_reported_desc,chainabuse_desc,OTHER_HACK,본문 언급 collector/cash-out,2024-04-04
0x759eaa8619eaccb3ceb257014a32ce8f6001dc5b,ETH,community_reported_desc,chainabuse_desc,FAKE_PROJECT,본문 언급 collector/cash-out,2026-03-18
0x75a3d172d677a7648a1a07e3b0a1db11efe68775,ETH,community_reported_desc,chainabuse_desc,RUG_PULL,본문 언급 collector/cash-out,2025-04-09
0x75b0bf26cd166db59a147649733572a51af9ac0c,ETH,community_reported_desc,chainabuse_desc,PIGBUTCHERING,본문 언급 collector/cash-out,2025-08-20
0x762390ae7a3c4d987062a398c1ea8767029ab08e,ETH,community_reported_desc,chainabuse_desc,IMPERSONATION,본문 언급 collector/cash-out,2024-08-15
0x763bc9a0cfd6bdae310d75e3e497979f0c1583f3,ETH,community_reported_desc,chainabuse_desc,FAKE_RETURNS,본문 언급 collector/cash-out,2026-02-07
0x7675aadfb1dbcd075d448091b180f998d53af2c3,ETH,community_reported_desc,chainabuse_desc,FAKE_PROJECT,본문 언급 collector/cash-out,2025-06-09
0x76b84c914e8df83b35d98f3194f41ac05db533ef,ETH,community_reported_desc,chainabuse_desc,FAKE_PROJECT,본문 언급 collector/cash-out,2025-02-09
0x76de28fed51154ca336a062132772e7e9be536de,ETH,community_reported_desc,chainabuse_desc,PHISHING,본문 언급 collector/cash-out,2024-12-27
0x76fc3e6eb17836cc43a399de52cae5cb0bdc8619,ETH,community_reported_desc,chainabuse_desc,PHISHING,본문 언급 collector/cash-out,2024-09-10
0x7711dacadbf67f58de5152cc4b8297fd06d470b0,ETH,community_reported_desc,chainabuse_desc,OTHER_HACK,본문 언급 collector/cash-out,2025-07-18
0x777777770f62b50c6c93d2ace413254561db3884,ETH,community_reported_desc,chainabuse_desc,FAKE_PROJECT,본문 언급 collector/cash-out,2023-12-18
0x777777776ae22446a6d46b2fec86088ad553c0e1,ETH,community_reported_desc,chainabuse_desc,AIRDROP,본문 언급 collector/cash-out,2023-09-20
0x77c0c5e498a77dbdac7e0461b172ad8f971c5662,ETH,community_reported_desc,chainabuse_desc,ROMANCE,본문 언급 collector/cash-out,2025-07-19
0x77d54ca9756399ca0db9d77cfea8fdeb49f40c85,ETH,community_reported_desc,chainabuse_desc,PHISHING,본문 언급 collector/cash-out,2025-08-19
0x77dd9a93d7a1ab9dd3bdd4a70a51b2e8c9b2350d,ETH,community_reported_desc,chainabuse_desc,CONTRACT_EXPLOIT,본문 언급 collector/cash-out,2025-07-25
0x77ddf05ea0d1b26f44c9fd1dcc3bec2876100b3c,ETH,community_reported_desc,chainabuse_desc,OTHER_HACK,본문 언급 collector/cash-out,2026-05-10
0x77ebdef9dc7161a4a706cd387153b35c38527400,ETH,community_reported_desc,chainabuse_desc,OTHER,본문 언급 collector/cash-out,2025-06-22
0x77fcacae3af53abd1797ca8f125db90034f2e8aa,ETH,community_reported_desc,chainabuse_desc,FAKE_RETURNS,본문 언급 collector/cash-out,2025-11-06
0x7830c87c02e56aff27fa8ab1241711331fa86f43,ETH,community_reported_desc,chainabuse_desc,PIGBUTCHERING,본문 언급 collector/cash-out,2026-04-20
0x7835cb043e8d53a5b361d489956d6c30808349da,ETH,community_reported_desc,chainabuse_desc,PHISHING,본문 언급 collector/cash-out,2026-01-04
0x78534ae4488b360288f0c90e5e7b86ec750a9688,ETH,community_reported_desc,chainabuse_desc,OTHER_HACK,본문 언급 collector/cash-out,2025-08-10
0x78587588d8352531631647fcb84c74c088b50b6e,ETH,community_reported_desc,chainabuse_desc,PHISHING,본문 언급 collector/cash-out,2024-05-28
0x78b7621ca4e21c805822bbf97bb7e9d83a0cd6b9,ETH,community_reported_desc,chainabuse_desc,PHISHING,본문 언급 collector/cash-out,2026-05-21
0x78d95b1864ae5643380c43c9160499c7f1a9dacf,ETH,community_reported_desc,chainabuse_desc,OTHER_HACK,본문 언급 collector/cash-out,2025-08-28
0x79213a11cb26f600e19ce00833c8d2ec3b6d93fb,ETH,community_reported_desc,chainabuse_desc,OTHER_HACK,본문 언급 collector/cash-out,2023-11-08
0x795c7b1dd29f2b328726971fbdda9e9b6739f4a6,ETH,community_reported_desc,chainabuse_desc,FAKE_RETURNS,본문 언급 collector/cash-out,2024-12-04
0x79a2620339ddb1368eed07f77beef963c7208c27,ETH,community_reported_desc,chainabuse_desc,OTHER_HACK,본문 언급 collector/cash-out,2024-04-19
0x79b26056e3cadcf2e09de4b7d506843af83cf6bf,ETH,community_reported_desc,chainabuse_desc,OTHER_HACK,본문 언급 collector/cash-out,2026-01-23
0x79c4f88a1da143eb7aa3ce1bf892ab7a045af5e4,ETH,community_reported_desc,chainabuse_desc,OTHER_HACK,본문 언급 collector/cash-out,2026-04-14
0x7a250d5630b4cf539739df2c5dacb4c659f2488d,ETH,community_reported_desc,chainabuse_desc,OTHER_HACK,본문 언급 collector/cash-out,2025-09-27
0x7a2e4a1707dcb0e1f2076f7e2ece708b34f3e5c9,ETH,community_reported_desc,chainabuse_desc,PHISHING,본문 언급 collector/cash-out,2024-12-10
0x7a35a21b8443a42dc680c84588043f5625a01d4e,ETH,community_reported_desc,chainabuse_desc,PHISHING,본문 언급 collector/cash-out,2025-05-14
0x7a63ec7affd8c5916b5df52e830ad38892c2e2d0,ETH,community_reported_desc,chainabuse_desc,IMPERSONATION,본문 언급 collector/cash-out,2023-12-20
0x7a79b51a813e5a1739335ec9407ce4043574aa98,ETH,community_reported_desc,chainabuse_desc,RUG_PULL,본문 언급 collector/cash-out,2026-03-20
0x7aa67bfefb4fdafc779ff1843c6e3b3dfa0af0a8,ETH,community_reported_desc,chainabuse_desc,CONTRACT_EXPLOIT,본문 언급 collector/cash-out,2026-01-20
0x7ae5d0f92bbea8ef536400b4a8852e696b5b1723,ETH,community_reported_desc,chainabuse_desc,OTHER_HACK,본문 언급 collector/cash-out,2026-07-17
0x7b2b4359870ae620d102ec168b963a3fd3b1c661,ETH,community_reported_desc,chainabuse_desc,PHISHING,본문 언급 collector/cash-out,2023-12-14
0x7b939d8a45cdc0f0623bddeabe3efd867fd28d10,ETH,community_reported_desc,chainabuse_desc,IMPERSONATION,본문 언급 collector/cash-out,2026-01-20
0x7bad6c78ceb4d41f26e2b0560d87013ce72e3e44,ETH,community_reported_desc,chainabuse_desc,PHISHING,본문 언급 collector/cash-out,2025-04-23
0x7bbac0ac1ecf4cc6247daeaa5523005fce6ac772,ETH,community_reported_desc,chainabuse_desc,PHISHING,본문 언급 collector/cash-out,2025-06-18
0x7c1a6a91c515028ba978ed270f32691a7a8469bc,ETH,community_reported_desc,chainabuse_desc,OTHER_HACK,본문 언급 collector/cash-out,2025-11-15
0x7c5f5a4bbd8fd63184577525326123b519429bdc,ETH,community_reported_desc,chainabuse_desc,PHISHING,본문 언급 collector/cash-out,2025-06-25
0x7ca90c2bb62601f82f85c5d9141cc859bae6ec49,ETH,community_reported_desc,chainabuse_desc,OTHER_HACK,본문 언급 collector/cash-out,2025-12-05
0x7cb3ce3248e7c0cd320f3440d437a92a54f541f0,ETH,community_reported_desc,chainabuse_desc,PHISHING,본문 언급 collector/cash-out,2022-11-05
0x7d4d28a08d701e73e09373df1abb8376a2196f88,ETH,community_reported_desc,chainabuse_desc,PHISHING,본문 언급 collector/cash-out,2026-05-11
0x7d80c0915787f174cc2611ada698cf6c881b94fc,ETH,community_reported_desc,chainabuse_desc,OTHER,본문 언급 collector/cash-out,2025-01-01
0x7d90e99563718d4aa5eb1cea3f606dea687d7a96,ETH,community_reported_desc,chainabuse_desc,OTHER_HACK,본문 언급 collector/cash-out,2026-07-09
0x7dac99967bc66bc1998847dc86b37faca362143c,ETH,community_reported_desc,chainabuse_desc,RUG_PULL,본문 언급 collector/cash-out,2024-04-09
0x7db09adce62befa979ee6908b0943e87c27ab7d0,ETH,community_reported_desc,chainabuse_desc,CONTRACT_EXPLOIT,본문 언급 collector/cash-out,2024-11-24
0x7ddc52c4de30e94be3a6a0a2b259b2850f421989,ETH,community_reported_desc,chainabuse_desc,PHISHING,본문 언급 collector/cash-out,2024-08-17
0x7e289bcd6af0ec652ead31728d9857548d0194df,ETH,community_reported_desc,chainabuse_desc,OTHER_HACK,본문 언급 collector/cash-out,2026-03-14
0x7e2b7303ba29018b98a85aa386556279ffd78a73,ETH,community_reported_desc,chainabuse_desc,OTHER_HACK,본문 언급 collector/cash-out,2023-09-29
0x7e4c4c32c0d4de7fa3502a54d27d2833f5fd446e,ETH,community_reported_desc,chainabuse_desc,PHISHING,본문 언급 collector/cash-out,2023-07-17
0x7ea867b99ece8960ca349dcd78e76d3dbd08d5d4,ETH,community_reported_desc,chainabuse_desc,CONTRACT_EXPLOIT,본문 언급 collector/cash-out,2025-06-05
0x7eb87a95948348d6ec7231b52f61281e01d53941,ETH,community_reported_desc,chainabuse_desc,FAKE_PROJECT,본문 언급 collector/cash-out,2025-11-28
0x7eb890360dba41041953e679a9f7206c3bf0fb2b,ETH,community_reported_desc,chainabuse_desc,AIRDROP,본문 언급 collector/cash-out,2026-01-25
0x7ebb8e59264353fdf849dc2ce42c42cc32c088a3,ETH,community_reported_desc,chainabuse_desc,OTHER_HACK,본문 언급 collector/cash-out,2025-05-08
0x7ec2458ca217d1605fa7eaeaf8153ea91975addc,ETH,community_reported_desc,chainabuse_desc,CONTRACT_EXPLOIT,본문 언급 collector/cash-out,2025-02-06
0x7ed77788629f5233474fecd02399ce69e0680d20,ETH,community_reported_desc,chainabuse_desc,FAKE_RETURNS,본문 언급 collector/cash-out,2025-02-21
0x7efb5aab0159e9520004299c83a75853506e8e59,ETH,community_reported_desc,chainabuse_desc,FAKE_PROJECT,본문 언급 collector/cash-out,2024-07-03
0x7efc61570e1c1091f253480356b94218a3cad19a,ETH,community_reported_desc,chainabuse_desc,FAKE_PROJECT,본문 언급 collector/cash-out,2022-12-14
0x7f0f456bf2cce8a74c7f4365d84582f732aaa2bd,ETH,community_reported_desc,chainabuse_desc,AIRDROP,본문 언급 collector/cash-out,2022-07-26
0x7f2f3685afd60e33ab9e2d35bfa93d4aaa909806,ETH,community_reported_desc,chainabuse_desc,OTHER_HACK,본문 언급 collector/cash-out,2024-12-20
0x7f48fe5473c7c655366fafbaf1208fa1a55e2091,ETH,community_reported_desc,chainabuse_desc,OTHER_HACK,본문 언급 collector/cash-out,2026-03-13
0x7f561b9d86fca799cd47e4cf0dfbba49aa59a27f,ETH,community_reported_desc,chainabuse_desc,PHISHING,본문 언급 collector/cash-out,2023-10-05
0x7f987bd560993c31164647bd221e696ed9d36ab5,ETH,community_reported_desc,chainabuse_desc,OTHER,본문 언급 collector/cash-out,2023-12-06
0x7f9e06c5ad30088d9e81b48692a5da99faa9962c,ETH,community_reported_desc,chainabuse_desc,FAKE_RETURNS,본문 언급 collector/cash-out,2025-05-21
0x7fb2714530b2acc591cf070844aeb2a20c5363d2,ETH,community_reported_desc,chainabuse_desc,FAKE_RETURNS,본문 언급 collector/cash-out,2025-11-05
0x7fd25ed04d376368522489cfa6d92a0f3208774f,ETH,community_reported_desc,chainabuse_desc,OTHER_HACK,본문 언급 collector/cash-out,2026-01-01
0x7fdac3a1a552d0067fe1a3353dd8a08184288808,ETH,community_reported_desc,chainabuse_desc,FAKE_RETURNS,본문 언급 collector/cash-out,2024-06-17
0x7fe37417b727be5cde96fb2efeefc51ea42dfad8,ETH,community_reported_desc,chainabuse_desc,PHISHING,본문 언급 collector/cash-out,2026-07-04
0x7ff8caeb28f91ad0ee150027af4d51754461e055,ETH,community_reported_desc,chainabuse_desc,IMPERSONATION,본문 언급 collector/cash-out,2022-11-05
0x8008595d869746e6d594d9eb52e8175714fff278,ETH,community_reported_desc,chainabuse_desc,AIRDROP,본문 언급 collector/cash-out,2025-11-03
0x801727931879aa9a21d9904765de8445efc56813,ETH,community_reported_desc,chainabuse_desc,RUG_PULL,본문 언급 collector/cash-out,2025-01-23
0x8046f3fcb237fa7ac1b744d6e05c41dffb00c8b7,ETH,community_reported_desc,chainabuse_desc,OTHER_HACK,본문 언급 collector/cash-out,2026-04-19
0x804b6d13fff6d908663bfc3613a70cb9d2092626,ETH,community_reported_desc,chainabuse_desc,FAKE_PROJECT,본문 언급 collector/cash-out,2025-07-20
0x80787af194c33b74a811f5e5c549316269d7ee1a,ETH,community_reported_desc,chainabuse_desc,PIGBUTCHERING,본문 언급 collector/cash-out,2026-05-10
0x808a49d67dd005337f990d5d2e400b6bdf8b1456,ETH,community_reported_desc,chainabuse_desc,OTHER,본문 언급 collector/cash-out,2022-06-24
0x80bb1872c300e8b2f422b1ae3fd0ff4979a5d6f4,ETH,community_reported_desc,chainabuse_desc,OTHER,본문 언급 collector/cash-out,2025-06-17
0x80d7b3494e4d6d778e4204669e4ec15ca7014805,ETH,community_reported_desc,chainabuse_desc,ROMANCE,본문 언급 collector/cash-out,2025-08-04
0x80eba809477c282572d195683590690df801d2f7,ETH,community_reported_desc,chainabuse_desc,RUG_PULL,본문 언급 collector/cash-out,2026-02-24
0x80fb57583afb32fafb55d138fe44e6f7ace78315,ETH,community_reported_desc,chainabuse_desc,FAKE_RETURNS,본문 언급 collector/cash-out,2024-08-22
0x8174bd34ec2822676dcf214a3cef974713ee33e3,ETH,community_reported_desc,chainabuse_desc,OTHER_BLACKMAIL,본문 언급 collector/cash-out,2025-06-28
0x818655c9b29d5866370469b800ed5de089ebab78,ETH,community_reported_desc,chainabuse_desc,FAKE_RETURNS,본문 언급 collector/cash-out,2025-04-09
0x81a69bb44b60b6e22fd303a7f586dbfd14a8859f,ETH,community_reported_desc,chainabuse_desc,FAKE_RETURNS,본문 언급 collector/cash-out,2024-10-21
0x81c5577f2ffc28d4d3b38dd39c0c6b026cd52760,ETH,community_reported_desc,chainabuse_desc,PIGBUTCHERING,본문 언급 collector/cash-out,2025-05-31
0x81e1ff95699ae73713f8133472b2c9d6f56f6bea,ETH,community_reported_desc,chainabuse_desc,OTHER,본문 언급 collector/cash-out,2024-12-18
0x81fc29040d873b27d2aa510918ae8d7e242ff9f0,ETH,community_reported_desc,chainabuse_desc,PIGBUTCHERING,본문 언급 collector/cash-out,2025-10-03
0x82146e380f4194f9d12f3214ee0ee485a2e65e4f,ETH,community_reported_desc,chainabuse_desc,FAKE_RETURNS,본문 언급 collector/cash-out,2024-11-16
0x8214712a7ccd1ccca3984a8cb0eb6c78cd7dd33a,ETH,community_reported_desc,chainabuse_desc,OTHER_HACK,본문 언급 collector/cash-out,2026-08-13
0x821c9662319f3d389129c92e0c2c59022eda40d4,ETH,community_reported_desc,chainabuse_desc,FAKE_PROJECT,본문 언급 collector/cash-out,2024-11-15
0x82404d7c19eb2e444bd93a15fda6ebc9501d5c3b,ETH,community_reported_desc,chainabuse_desc,PHISHING,본문 언급 collector/cash-out,2024-10-23
0x8246131a7173eae3ce8ea17421482da6169bf6e5,ETH,community_reported_desc,chainabuse_desc,PHISHING,본문 언급 collector/cash-out,2026-04-26
0x825310cad73359fc067b7ea79e0fd9a938b5e02b,ETH,community_reported_desc,chainabuse_desc,OTHER_HACK,본문 언급 collector/cash-out,2025-07-30
0x825f3656cd476888b1d4d74952f2324e2e080f4b,ETH,community_reported_desc,chainabuse_desc,OTHER_HACK,본문 언급 collector/cash-out,2025-11-23
0x8277405a558a24eb392df4d241a7eeb2af6784a7,ETH,community_reported_desc,chainabuse_desc,OTHER_HACK,본문 언급 collector/cash-out,2025-05-08
0x830a1bf1ba2d4c67e39b0852d01d94b99fc55fda,ETH,community_reported_desc,chainabuse_desc,FAKE_PROJECT,본문 언급 collector/cash-out,2024-05-27
0x8323436fc2853166997609068996684fa7d45305,ETH,community_reported_desc,chainabuse_desc,OTHER_HACK,본문 언급 collector/cash-out,2025-05-08
0x833589fcd6edb6e08f4c7c32d4f71b54bda02913,ETH,community_reported_desc,chainabuse_desc,MAN_IN_THE_MIDDLE_ATTACK,본문 언급 collector/cash-out,2026-06-02
0x8364ab71eaabe46fd130a9b995082014138a3a36,ETH,community_reported_desc,chainabuse_desc,OTHER_HACK,본문 언급 collector/cash-out,2026-05-10
0x836b003d1fdb16dbea2e34938b62144a826aae86,ETH,community_reported_desc,chainabuse_desc,OTHER_HACK,본문 언급 collector/cash-out,2026-02-22
0x836bbb4f2a4ad65ca6d9a035549f0e20406e85a7,ETH,community_reported_desc,chainabuse_desc,FAKE_PROJECT,본문 언급 collector/cash-out,2023-12-06
0x837b31297c72508a1d5bceb06c2fc3b48fece0ab,ETH,community_reported_desc,chainabuse_desc,PHISHING,본문 언급 collector/cash-out,2026-03-26
0x83a875ff79730d06a1e99cb8a115aa81238da0d6,ETH,community_reported_desc,chainabuse_desc,PHISHING,본문 언급 collector/cash-out,2026-04-25
0x83bd5c239375ae067c28cdaa02db20b319c43f19,ETH,community_reported_desc,chainabuse_desc,FAKE_PROJECT,본문 언급 collector/cash-out,2026-04-16
0x84345179ccece6258080f9f19d0c416ecf5ecf48,ETH,community_reported_desc,chainabuse_desc,RUG_PULL,본문 언급 collector/cash-out,2025-01-23
0x84527b5949d479c879b8dd71cd8f79048cdf6fb8,ETH,community_reported_desc,chainabuse_desc,PHISHING,본문 언급 collector/cash-out,2022-10-11
0x8479c4c07887df1965a16439bcc82b9b12d223bd,ETH,community_reported_desc,chainabuse_desc,RUG_PULL,본문 언급 collector/cash-out,2025-01-15
0x84a480c49d52d2a3e5787ce86fd2e13583e2792f,ETH,community_reported_desc,chainabuse_desc,CONTRACT_EXPLOIT,본문 언급 collector/cash-out,2023-08-09
0x84ae4dc3a0eea99bb0c692422e0d4881b3689c8c,ETH,community_reported_desc,chainabuse_desc,PHISHING,본문 언급 collector/cash-out,2024-02-27
0x84ba4987682995219580fbabad1ee051a0d4c670,ETH,community_reported_desc,chainabuse_desc,CONTRACT_EXPLOIT,본문 언급 collector/cash-out,2024-05-22
0x84bbd993a8caa727e5a1f7afd62db075e6d0bc47,ETH,community_reported_desc,chainabuse_desc,OTHER_INVESTMENT_SCAM,본문 언급 collector/cash-out,2026-05-24
0x84cbc05f137e147bbf375258cacde674aaf9c7b2,ETH,community_reported_desc,chainabuse_desc,OTHER,본문 언급 collector/cash-out,2025-08-12
0x84d4890da255c5ae56b45dfe62333c79ee40bfbc,ETH,community_reported_desc,chainabuse_desc,OTHER_HACK,본문 언급 collector/cash-out,2025-10-27
0x855986efe38b8d29ce8f23fae3e0526efb74ca03,ETH,community_reported_desc,chainabuse_desc,OTHER_HACK,본문 언급 collector/cash-out,2024-10-19
0x85690f09b37b5b5c27da2f2996d0c19a83eb7164,ETH,community_reported_desc,chainabuse_desc,OTHER_HACK,본문 언급 collector/cash-out,2023-04-09
0x85ab9874cc42e8878022f70eb1600eaf797e86b3,ETH,community_reported_desc,chainabuse_desc,OTHER_HACK,본문 언급 collector/cash-out,2026-02-15
0x85aecc56fe23ea8c5187e55641056142003d82f1,ETH,community_reported_desc,chainabuse_desc,DONATION_SCAM,본문 언급 collector/cash-out,2024-06-11
0x85b60cf464592c47cfc49431111e4b58bfbc294e,ETH,community_reported_desc,chainabuse_desc,OTHER_HACK,본문 언급 collector/cash-out,2026-08-19
0x85c31e0cce6ea22736988890d481ba3cf78d677a,ETH,community_reported_desc,chainabuse_desc,FAKE_PROJECT,본문 언급 collector/cash-out,2025-03-20
0x85e0b9bc4fbde9e404d0cf47694a3e4c8b3c1490,ETH,community_reported_desc,chainabuse_desc,PHISHING,본문 언급 collector/cash-out,2024-03-07
0x863b398cf9be6df5ebf789f0935c350b22390673,ETH,community_reported_desc,chainabuse_desc,OTHER_HACK,본문 언급 collector/cash-out,2025-10-25
0x864050a2f6eaed32bd46a07d3b3f5c3b87fdded0,ETH,community_reported_desc,chainabuse_desc,OTHER_HACK,본문 언급 collector/cash-out,2025-01-30
0x8652934351962b4aaadb5630cc729ff8fbce869d,ETH,community_reported_desc,chainabuse_desc,PHISHING,본문 언급 collector/cash-out,2026-04-29
0x867afde091a7dada470a8a23073e478a519a4d6c,ETH,community_reported_desc,chainabuse_desc,PIGBUTCHERING,본문 언급 collector/cash-out,2025-06-23
0x86b8641a5322f82ffeccf97e30e498fe572bf8fb,ETH,community_reported_desc,chainabuse_desc,PHISHING,본문 언급 collector/cash-out,2024-02-13
0x86c480486eb70482596091886b9d9c329c067958,ETH,community_reported_desc,chainabuse_desc,PHISHING,본문 언급 collector/cash-out,2023-12-04
0x870141c34503b732fa853779223b24eff98e65e1,ETH,community_reported_desc,chainabuse_desc,OTHER,본문 언급 collector/cash-out,2024-02-13
0x87160d62e4bc60f057b5a0646b584efb791fc557,ETH,community_reported_desc,chainabuse_desc,OTHER_BLACKMAIL,본문 언급 collector/cash-out,2026-03-14
0x8731cd92868ae20ba8220c95bd6f45a55a2c9ca1,ETH,community_reported_desc,chainabuse_desc,FAKE_PROJECT,본문 언급 collector/cash-out,2025-06-20
0x877208739413e3ec59daf68024bdc491e0675c13,ETH,community_reported_desc,chainabuse_desc,OTHER_HACK,본문 언급 collector/cash-out,2026-02-08
0x87824ae8fe30b19424ed0b5e1532180d0658b094,ETH,community_reported_desc,chainabuse_desc,OTHER_HACK,본문 언급 collector/cash-out,2024-05-31
0x87af4811f3a69e37b093889b96b89c6e4e3f1f74,ETH,community_reported_desc,chainabuse_desc,OTHER_HACK,본문 언급 collector/cash-out,2025-05-27
0x87e669b4dd68b1f47624bf816c7e405f41a7cebe,ETH,community_reported_desc,chainabuse_desc,FAKE_RETURNS,본문 언급 collector/cash-out,2025-04-09
0x8828a5ec622ccdef58b4adfa0d5f0966b17ca20e,ETH,community_reported_desc,chainabuse_desc,OTHER_HACK,본문 언급 collector/cash-out,2025-07-24
0x8894e0a0c962cb723c1976a4421c95949be2d4e3,ETH,community_reported_desc,chainabuse_desc,OTHER,본문 언급 collector/cash-out,2023-08-16
0x88a594cda2fa679add7173d40827ab96d8878757,ETH,community_reported_desc,chainabuse_desc,OTHER_HACK,본문 언급 collector/cash-out,2025-09-19
0x88ad09518695c6c3712ac10a214be5109a655671,ETH,community_reported_desc,chainabuse_desc,CONTRACT_EXPLOIT,본문 언급 collector/cash-out,2022-12-05
0x88b586e0410ed5368a332aeaf0418ab0a98ccaa9,ETH,community_reported_desc,chainabuse_desc,FAKE_PROJECT,본문 언급 collector/cash-out,2024-05-10
0x88b9f5c66342ebaf661b3e2836b807c8cb1b3195,ETH,community_reported_desc,chainabuse_desc,FAKE_PROJECT,본문 언급 collector/cash-out,2024-03-30
0x88cf071b4bf5facab6712070a671f71282188d46,ETH,community_reported_desc,chainabuse_desc,PHISHING,본문 언급 collector/cash-out,2026-08-10
0x8974336cc441c117d767e80364f4f6977909bd5e,ETH,community_reported_desc,chainabuse_desc,OTHER_HACK,본문 언급 collector/cash-out,2025-09-19
0x8984221e5fd9a387b74ef3eef943b3cbcb2037d6,ETH,community_reported_desc,chainabuse_desc,FAKE_PROJECT,본문 언급 collector/cash-out,2025-07-20
0x8a1d03f13f7de4ae4ae9986c804c959b9ed29bfb,ETH,community_reported_desc,chainabuse_desc,OTHER_HACK,본문 언급 collector/cash-out,2024-08-09
0x8a2983f358a03c6db9c47a70e944368d4de77820,ETH,community_reported_desc,chainabuse_desc,PHISHING,본문 언급 collector/cash-out,2025-06-18
0x8a50a6b5f2db0a76effe02ee8d64512e1946f379,ETH,community_reported_desc,chainabuse_desc,FAKE_PROJECT,본문 언급 collector/cash-out,2025-04-09
0x8a610ed5883c9e0eaa6ae7980f2a105f50c39ba0,ETH,community_reported_desc,chainabuse_desc,PHISHING,본문 언급 collector/cash-out,2025-05-12
0x8a634dfa2609358849d7d65ffa270c8a57a8aba5,ETH,community_reported_desc,chainabuse_desc,PHISHING,본문 언급 collector/cash-out,2026-05-21
0x8a6ec60d3b04508f086f0abe2a17fb3bd1001b1c,ETH,community_reported_desc,chainabuse_desc,FAKE_PROJECT,본문 언급 collector/cash-out,2024-12-31
0x8a809f9728a7b361b28419ea70ecd1959409d01a,ETH,community_reported_desc,chainabuse_desc,OTHER,본문 언급 collector/cash-out,2025-09-18
0x8a9a9272c7931362774d94a37adde3d6778fdc36,ETH,community_reported_desc,chainabuse_desc,PIGBUTCHERING,본문 언급 collector/cash-out,2025-06-23
0x8aa1c79611c908f841a6ae9821f5d7ac15c21b6e,ETH,community_reported_desc,chainabuse_desc,RUG_PULL,본문 언급 collector/cash-out,2025-04-09
0x8ac9c4e91d4408de363638e94b03740156715789,ETH,community_reported_desc,chainabuse_desc,OTHER_HACK,본문 언급 collector/cash-out,2025-06-11
0x8b065a68d746e5ef4529546762b100f39a835228,ETH,community_reported_desc,chainabuse_desc,OTHER,본문 언급 collector/cash-out,2023-12-21
0x8b1462600e9f4d20b77d30002a91e39d0c643da7,ETH,community_reported_desc,chainabuse_desc,OTHER,본문 언급 collector/cash-out,2025-03-14
0x8b441bce3b2237a74fae1c3919c22b5e1c33c036,ETH,community_reported_desc,chainabuse_desc,RUG_PULL,본문 언급 collector/cash-out,2025-01-23
0x8b55db384808856f3e83375a1b173c3397e08fad,ETH,community_reported_desc,chainabuse_desc,OTHER,본문 언급 collector/cash-out,2024-04-04
0x8bc1762464da4bd9a3f5cf5b03c4c5a1cdc8b6de,ETH,community_reported_desc,chainabuse_desc,FAKE_PROJECT,본문 언급 collector/cash-out,2024-04-19
0x8bfd2374bec07de856a2b8aa8845b1a448fe3bdc,ETH,community_reported_desc,chainabuse_desc,PHISHING,본문 언급 collector/cash-out,2024-09-17
0x8bffe2d3fc7121f6d6626ed6f815a1a364060cff,ETH,community_reported_desc,chainabuse_desc,OTHER_HACK,본문 언급 collector/cash-out,2024-05-08
0x8c2b5bce5315afb3748a53f1f842f870f6193cae,ETH,community_reported_desc,chainabuse_desc,RUG_PULL,본문 언급 collector/cash-out,2022-10-17
0x8c6277f6fdf5b5e1d8c29f1fe506e3f643d27039,ETH,community_reported_desc,chainabuse_desc,OTHER_HACK,본문 언급 collector/cash-out,2024-12-13
0x8c7080564b5a792a33ef2fd473fba6364d5495e5,ETH,community_reported_desc,chainabuse_desc,AIRDROP,본문 언급 collector/cash-out,2026-02-12
0x8c7190f6ecd645a93baf1354b937b6705be24c82,ETH,community_reported_desc,chainabuse_desc,OTHER_HACK,본문 언급 collector/cash-out,2024-03-03
0x8c8d7c46219d9205f056f28fee5950ad564d7465,ETH,community_reported_desc,chainabuse_desc,FAKE_RETURNS,본문 언급 collector/cash-out,2025-04-15
0x8ca2fee5a71473152c3f2eac08528270c440168c,ETH,community_reported_desc,chainabuse_desc,OTHER_HACK,본문 언급 collector/cash-out,2026-02-08
0x8cb988b3b5444b5fb0ee19113c465aad9360704c,ETH,community_reported_desc,chainabuse_desc,IMPERSONATION,본문 언급 collector/cash-out,2023-05-09
0x8ce67deae09008414cfa9b3503c7b441db3fb2e8,ETH,community_reported_desc,chainabuse_desc,RUG_PULL,본문 언급 collector/cash-out,2026-06-02
0x8ce70e2482be77a4d6a8967dd0ab35b9a63a2658,ETH,community_reported_desc,chainabuse_desc,OTHER_BLACKMAIL,본문 언급 collector/cash-out,2026-03-14
0x8d177540bfe681ad513e707092721d64b7ded9fc,ETH,community_reported_desc,chainabuse_desc,FAKE_RETURNS,본문 언급 collector/cash-out,2025-07-07
0x8d3441d14d69513d802180aff84efbe3890fba8d,ETH,community_reported_desc,chainabuse_desc,FAKE_RETURNS,본문 언급 collector/cash-out,2024-11-15
0x8d34a38b6b737802570d14c2d3abacd3eabb0234,ETH,community_reported_desc,chainabuse_desc,JOB_SCAM,본문 언급 collector/cash-out,2026-04-05
0x8d5b59287f7eb92618a9a0a0c5084fed17332347,ETH,community_reported_desc,chainabuse_desc,OTHER_HACK,본문 언급 collector/cash-out,2026-03-05
0x8dcdabdd0e90f7f7bea221ecc3c85fa695db9548,ETH,community_reported_desc,chainabuse_desc,RUG_PULL,본문 언급 collector/cash-out,2026-02-19
0x8e5e9744c1d18a8bd2058f295247fc05e732f0a4,ETH,community_reported_desc,chainabuse_desc,PHISHING,본문 언급 collector/cash-out,2025-10-22
0x8e8382de55fd90552dff74c7ea2d5fbfe2a5be26,ETH,community_reported_desc,chainabuse_desc,OTHER_HACK,본문 언급 collector/cash-out,2026-01-11
0x8e8eed1c9beb793a0e0b3fbcd04a5accdeac915e,ETH,community_reported_desc,chainabuse_desc,RUG_PULL,본문 언급 collector/cash-out,2026-06-02
0x8eaadd3a2fff02d4e989119738ac4f3d4a10e45e,ETH,community_reported_desc,chainabuse_desc,OTHER_HACK,본문 언급 collector/cash-out,2025-03-05
0x8ed60308571ba50c00c5750b7f6f4b3b281e767d,ETH,community_reported_desc,chainabuse_desc,PHISHING,본문 언급 collector/cash-out,2026-02-27
0x8ee481bc8743f8f5321e594f9604d2e48c30d801,ETH,community_reported_desc,chainabuse_desc,PHISHING,본문 언급 collector/cash-out,2024-03-14
0x8efa4772bf20f0b08ee110ecd0fbbd13aeba7777,ETH,community_reported_desc,chainabuse_desc,OTHER_HACK,본문 언급 collector/cash-out,2025-10-03
0x8f4e9d43583b7d4b8cff5a027220e36401c12b8e,ETH,community_reported_desc,chainabuse_desc,PHISHING,본문 언급 collector/cash-out,2026-07-04
0x8f93a779a562b47d530227b58d25882d74939652,ETH,community_reported_desc,chainabuse_desc,CONTRACT_EXPLOIT,본문 언급 collector/cash-out,2025-11-08
0x8fb7adf1a655d94f2060085c7c32dcc502398b36,ETH,community_reported_desc,chainabuse_desc,FAKE_PROJECT,본문 언급 collector/cash-out,2024-06-14
0x90048a758035b2fd23fcaa3bda8f5cac94a909db,ETH,community_reported_desc,chainabuse_desc,PHISHING,본문 언급 collector/cash-out,2025-03-12
0x902398aa9819cf376981aa404be084af4318d70f,ETH,community_reported_desc,chainabuse_desc,FAKE_RETURNS,본문 언급 collector/cash-out,2025-06-09
0x904065ba663879deb7e5f902220e7db97cbf04af,ETH,community_reported_desc,chainabuse_desc,CONTRACT_EXPLOIT,본문 언급 collector/cash-out,2024-10-09
0x904cfa5ae0aa61803c98326a21e515f35eaf3eb9,ETH,community_reported_desc,chainabuse_desc,FAKE_RETURNS,본문 언급 collector/cash-out,2024-06-16
0x90996d1d1fe911acf6c241367facee9543200ccb,ETH,community_reported_desc,chainabuse_desc,CONTRACT_EXPLOIT,본문 언급 collector/cash-out,2022-07-20
0x909a69b534a00770e909ca3d4a30d52a969c595b,ETH,community_reported_desc,chainabuse_desc,PHISHING,본문 언급 collector/cash-out,2024-08-15
0x90aa0e69acf6ebed3a124625dd14a19ae8aa81b1,ETH,community_reported_desc,chainabuse_desc,OTHER_HACK,본문 언급 collector/cash-out,2026-06-12
0x90c9b80a00a8a1cad5e3a4878dfccb7bd1697f2c,ETH,community_reported_desc,chainabuse_desc,ROMANCE,본문 언급 collector/cash-out,2025-06-04
0x90d77410e3eafd58ccd2b4b3066054320fd9de77,ETH,community_reported_desc,chainabuse_desc,SEXTORTION,본문 언급 collector/cash-out,2025-02-14
0x90f86774e792e91cf81b2ff9f341efca649343a6,ETH,community_reported_desc,chainabuse_desc,FAKE_RETURNS,본문 언급 collector/cash-out,2024-04-05
0x910cbd523d972eb0a6f4cae4618ad62622b39dbf,ETH,community_reported_desc,chainabuse_desc,OTHER_HACK,본문 언급 collector/cash-out,2026-07-06
0x9124b9a478f843c637dbf5864efba79739f4a0e5,ETH,community_reported_desc,chainabuse_desc,PHISHING,본문 언급 collector/cash-out,2025-06-18
0x9185fb9a17bdb7b42fc538caf345ec08958ada9b,ETH,community_reported_desc,chainabuse_desc,FAKE_RETURNS,본문 언급 collector/cash-out,2025-05-21
0x91d40e4818f4d4c57b4578d9eca6afc92ac8debe,ETH,community_reported_desc,chainabuse_desc,CONTRACT_EXPLOIT,본문 언급 collector/cash-out,2025-09-25
0x91d66b38ae24292e9e12dd962bbb3aecf4ab769a,ETH,community_reported_desc,chainabuse_desc,OTHER,본문 언급 collector/cash-out,2025-11-16
0x9204f8fce3bdbef800cffd7a94e96c2b8b7fc1f6,ETH,community_reported_desc,chainabuse_desc,OTHER_HACK,본문 언급 collector/cash-out,2023-11-08
0x92162e0befa7bfe3cbcc546410498ad1fe526695,ETH,community_reported_desc,chainabuse_desc,IMPERSONATION,본문 언급 collector/cash-out,2025-05-03
0x925c91d82ed0c34ad61777738d9f32959f734c34,ETH,community_reported_desc,chainabuse_desc,DONATION_SCAM,본문 언급 collector/cash-out,2024-06-11
0x925dfc48ff6895c4e15e599ea1f04fc6a59c0cdf,ETH,community_reported_desc,chainabuse_desc,PHISHING,본문 언급 collector/cash-out,2024-05-21
0x926693590370afb50de1947a7667b65f59785b3f,ETH,community_reported_desc,chainabuse_desc,PHISHING,본문 언급 collector/cash-out,2025-05-14
0x926c1efd72d94fa424ccda508199fb7877777777,ETH,community_reported_desc,chainabuse_desc,FAKE_PROJECT,본문 언급 collector/cash-out,2025-12-06
0x92b50d734db3a144b3ca1d0212ca13a54b579d2e,ETH,community_reported_desc,chainabuse_desc,FAKE_PROJECT,본문 언급 collector/cash-out,2024-06-02
0x93184e2c964da5da88dc3ec8e870c49d09ff21cd,ETH,community_reported_desc,chainabuse_desc,OTHER_HACK,본문 언급 collector/cash-out,2025-01-27
0x935d2e470284fb536227a76a723f96a94efae6a9,ETH,community_reported_desc,chainabuse_desc,IMPERSONATION,본문 언급 collector/cash-out,2026-05-10
0x938f2bdbbbf443398193df2a23d0fd8cce4d1639,ETH,community_reported_desc,chainabuse_desc,OTHER,본문 언급 collector/cash-out,2022-05-19
0x93d6ce8e7b946a2d7c26ae3c3b05eff7afb7d5c6,ETH,community_reported_desc,chainabuse_desc,OTHER_HACK,본문 언급 collector/cash-out,2023-07-18
0x93dd6968bd8a45ba3aba03da412dfff433b32f33,ETH,community_reported_desc,chainabuse_desc,PHISHING,본문 언급 collector/cash-out,2026-07-24
0x9454431e88c155a8520d3615569f2745d690e295,ETH,community_reported_desc,chainabuse_desc,PHISHING,본문 언급 collector/cash-out,2024-09-19
0x947141153c8fb15255beeb20686b3e2d6541f212,ETH,community_reported_desc,chainabuse_desc,OTHER_HACK,본문 언급 collector/cash-out,2024-05-26
0x947dceced7618cc254be8dcbef34c64d1d16ff25,ETH,community_reported_desc,chainabuse_desc,OTHER_HACK,본문 언급 collector/cash-out,2023-10-08
0x94be6962be41377d5beda8dfe1b100f3bf0eacf3,ETH,community_reported_desc,chainabuse_desc,FAKE_PROJECT,본문 언급 collector/cash-out,2023-09-06
0x94dbe3556d473a72ef4ef7b833eb1b800f427cd7,ETH,community_reported_desc,chainabuse_desc,JOB_SCAM,본문 언급 collector/cash-out,2026-04-05
0x94f4374573bc33ceeb576ee6594d3ae16ae4dab5,ETH,community_reported_desc,chainabuse_desc,OTHER_HACK,본문 언급 collector/cash-out,2024-07-15
0x955cf459e08b909d7bd381de259f8689ddc0c538,ETH,community_reported_desc,chainabuse_desc,PIGBUTCHERING,본문 언급 collector/cash-out,2026-04-07
0x958975cf0f50198c320f6a24a90aa14399b67ffb,ETH,community_reported_desc,chainabuse_desc,PHISHING,본문 언급 collector/cash-out,2025-02-06
0x95b4fdd13209be8837c9b87cb097ea410ada3e90,ETH,community_reported_desc,chainabuse_desc,PHISHING,본문 언급 collector/cash-out,2024-02-29
0x95bd113164b304dabf1fc940da2298dd45ca92fd,ETH,community_reported_desc,chainabuse_desc,RUG_PULL,본문 언급 collector/cash-out,2026-02-26
0x95cef13441be50d20ca4558cc0a27b601ac544e5,ETH,community_reported_desc,chainabuse_desc,FAKE_PROJECT,본문 언급 collector/cash-out,2024-01-21
0x95d3c67eaf07aa13f2e360fb5d69b753c5e08d47,ETH,community_reported_desc,chainabuse_desc,OTHER_HACK,본문 언급 collector/cash-out,2025-07-31
0x95d986f907ea7aed17c7b09b9689af7819545fb1,ETH,community_reported_desc,chainabuse_desc,PHISHING,본문 언급 collector/cash-out,2022-11-05
0x95dd8db1c0c066eba8c37cd1c6b4c895500b20f2,ETH,community_reported_desc,chainabuse_desc,RUG_PULL,본문 언급 collector/cash-out,2026-02-02
0x96041a06378fbeaa47a9372a2a93c068f772328b,ETH,community_reported_desc,chainabuse_desc,PIGBUTCHERING,본문 언급 collector/cash-out,2025-03-22
0x963737c550e70ffe4d59464542a28604edb2ef9a,ETH,community_reported_desc,chainabuse_desc,FAKE_PROJECT,본문 언급 collector/cash-out,2024-12-10
0x9642b23ed1e01df1092b92641051881a322f5d4e,ETH,community_reported_desc,chainabuse_desc,IMPERSONATION,본문 언급 collector/cash-out,2024-10-08
0x9682310daeb30cab63d24e67b39cb7602c4b5589,ETH,community_reported_desc,chainabuse_desc,OTHER_HACK,본문 언급 collector/cash-out,2023-06-08
0x9696f59e4d72e237be84ffd425dcad154bf96976,ETH,community_reported_desc,chainabuse_desc,OTHER,본문 언급 collector/cash-out,2024-12-14
0x9702230a8ea53601f5cd2dc00fdbc13d4df4a8c7,ETH,community_reported_desc,chainabuse_desc,CONTRACT_EXPLOIT,본문 언급 collector/cash-out,2023-07-18
0x9724b7f1ecd0723f4007a2adf0f69f03572e24c3,ETH,community_reported_desc,chainabuse_desc,OTHER_HACK,본문 언급 collector/cash-out,2025-10-27
0x974caa59e49682cda0ad2bbe82983419a2ecc400,ETH,community_reported_desc,chainabuse_desc,PHISHING,본문 언급 collector/cash-out,2024-01-28
0x9751ee0e42408e7f7a8fa4fe083c222608c4f62a,ETH,community_reported_desc,chainabuse_desc,OTHER_HACK,본문 언급 collector/cash-out,2026-03-25
0x9794e4981c58475c845f4115c0d7b49318ded2ba,ETH,community_reported_desc,chainabuse_desc,FAKE_RETURNS,본문 언급 collector/cash-out,2024-02-21
0x97a4356232785bbcc44537157ebe790b088dfb42,ETH,community_reported_desc,chainabuse_desc,OTHER_HACK,본문 언급 collector/cash-out,2025-09-19
0x97be09f2523b39b835da9ea3857cfa1d3c660cbb,ETH,community_reported_desc,chainabuse_desc,FAKE_PROJECT,본문 언급 collector/cash-out,2024-03-08
0x980dbc64222f7c32f6ae48c56eef62163feec61e,ETH,community_reported_desc,chainabuse_desc,OTHER_HACK,본문 언급 collector/cash-out,2023-10-30
0x981a7d8e4d2807cd536cef529495b946de4ae661,ETH,community_reported_desc,chainabuse_desc,OTHER_HACK,본문 언급 collector/cash-out,2024-05-08
0x983873529f95132bd1812a3b52c98fb271d2f679,ETH,community_reported_desc,chainabuse_desc,FAKE_PROJECT,본문 언급 collector/cash-out,2025-07-25
0x9843a200e9e42c04f5587c62cc6d909a5fc4c670,ETH,community_reported_desc,chainabuse_desc,PHISHING,본문 언급 collector/cash-out,2025-06-25
0x98532fa1dfea60e03499ea02f747d7e12d801dc0,ETH,community_reported_desc,chainabuse_desc,OTHER_HACK,본문 언급 collector/cash-out,2025-07-30
0x98542a7bac725e47dc787e0cb38352b509307c79,ETH,community_reported_desc,chainabuse_desc,PHISHING,본문 언급 collector/cash-out,2026-03-14
0x98552cdbe9dd401ba143c3ef8c096d017103cf17,ETH,community_reported_desc,chainabuse_desc,OTHER_HACK,본문 언급 collector/cash-out,2024-11-13
0x9861848334d80a05ab594d97ee976d71ea327a55,ETH,community_reported_desc,chainabuse_desc,OTHER_HACK,본문 언급 collector/cash-out,2024-03-03
0x9888c90ac311aef2589817f641fa9fb3dbcf0456,ETH,community_reported_desc,chainabuse_desc,ROMANCE,본문 언급 collector/cash-out,2025-09-21
0x988f488ded04a0ee98c14adfced17a2a4bf8c4c8,ETH,community_reported_desc,chainabuse_desc,RUG_PULL,본문 언급 collector/cash-out,2025-04-09
0x98c2b0681d8bf07767826ea8bd3b11b0ca421631,ETH,community_reported_desc,chainabuse_desc,PHISHING,본문 언급 collector/cash-out,2026-01-04
0x98cbabdcc6c3e329ce379dad6c5159e8cc92d78e,ETH,community_reported_desc,chainabuse_desc,OTHER_HACK,본문 언급 collector/cash-out,2026-04-23
0x98e22911ff2708597c8ed52892fc098fa64dff19,ETH,community_reported_desc,chainabuse_desc,OTHER_HACK,본문 언급 collector/cash-out,2023-09-22
0x991cbc881c0c6b24277b82e7ef127fa90697e89f,ETH,community_reported_desc,chainabuse_desc,OTHER_HACK,본문 언급 collector/cash-out,2026-03-13
0x992ee828e9f3c7c485b0bf53daaee81a51dca3cd,ETH,community_reported_desc,chainabuse_desc,FAKE_RETURNS,본문 언급 collector/cash-out,2026-05-25
0x996789193092c369712d4a9071e8db15e95c067b,ETH,community_reported_desc,chainabuse_desc,OTHER,본문 언급 collector/cash-out,2022-05-19
0x9969ad6f9540addd0df1ab136b67fbd2fd75c738,ETH,community_reported_desc,chainabuse_desc,PIGBUTCHERING,본문 언급 collector/cash-out,2026-04-18
0x99bf19dca2125b789cfe8a9609c1a217b4e5c918,ETH,community_reported_desc,chainabuse_desc,OTHER_HACK,본문 언급 collector/cash-out,2025-10-23
0x99c126445c12e5629d702dc7c19567b1afb3d40c,ETH,community_reported_desc,chainabuse_desc,OTHER_HACK,본문 언급 collector/cash-out,2024-08-30
0x99e3c2faef85906eb4c8605ea7efd71fe9e8994d,ETH,community_reported_desc,chainabuse_desc,AIRDROP,본문 언급 collector/cash-out,2025-09-19
0x99f48f077c147feed1718cf4cf58be7f121ebcd0,ETH,community_reported_desc,chainabuse_desc,FAKE_PROJECT,본문 언급 collector/cash-out,2026-05-16
0x9a266b96022911717f850f9601004d725832c34b,ETH,community_reported_desc,chainabuse_desc,OTHER_HACK,본문 언급 collector/cash-out,2024-01-29
0x9a2dfed47e441efd392b35cd1a673530f05a4669,ETH,community_reported_desc,chainabuse_desc,FAKE_RETURNS,본문 언급 collector/cash-out,2025-01-30
0x9a46fcb90a47f08112a21c158c8bf5f4aea29230,ETH,community_reported_desc,chainabuse_desc,OTHER_HACK,본문 언급 collector/cash-out,2024-10-31
0x9a7ac628ba9f330341486380af729c8975388959,ETH,community_reported_desc,chainabuse_desc,DONATION_SCAM,본문 언급 collector/cash-out,2024-06-11
0x9a91afa3dc1cbfa6c8f91192f2f49e9a16df192e,ETH,community_reported_desc,chainabuse_desc,OTHER,본문 언급 collector/cash-out,2025-11-10
0x9a9ec963d56b99cfdb1d238275f216ab83ad5bf0,ETH,community_reported_desc,chainabuse_desc,OTHER_HACK,본문 언급 collector/cash-out,2024-05-16
0x9ac5637d295fea4f51e086c329d791cc157b1c84,ETH,community_reported_desc,chainabuse_desc,IMPERSONATION,본문 언급 collector/cash-out,2025-08-13
0x9b07d901da0a34dc998ccc171fb6b5e4bbbca50d,ETH,community_reported_desc,chainabuse_desc,RUG_PULL,본문 언급 collector/cash-out,2025-08-17
0x9b1d0b166709327812c731c34bedbc8c5986767c,ETH,community_reported_desc,chainabuse_desc,OTHER,본문 언급 collector/cash-out,2025-07-14
0x9b704deaec159ce2c3594d7daea59a637a44a708,ETH,community_reported_desc,chainabuse_desc,RUG_PULL,본문 언급 collector/cash-out,2026-02-26
0x9b7acbdc7e9d89cffc9a758b1290131693c4bc2f,ETH,community_reported_desc,chainabuse_desc,OTHER_HACK,본문 언급 collector/cash-out,2025-01-31
0x9b7bed8bd9cd63e4086c5f9da58fc98afad11d9d,ETH,community_reported_desc,chainabuse_desc,RUG_PULL,본문 언급 collector/cash-out,2024-04-12
0x9bd71c56be3c116731ee1d3065430edd547b16ab,ETH,community_reported_desc,chainabuse_desc,PHISHING,본문 언급 collector/cash-out,2025-01-18
0x9c2b4a4094ff0f86bc1a11e1a50f4fce32e03169,ETH,community_reported_desc,chainabuse_desc,PHISHING,본문 언급 collector/cash-out,2023-08-05
0x9c2e658ffc8ea7fad00a4829bd4b554e8a716f73,ETH,community_reported_desc,chainabuse_desc,PHISHING,본문 언급 collector/cash-out,2024-08-15
0x9c84f58bb51fabd18698efe95f5bab4f33e96e8f,ETH,community_reported_desc,chainabuse_desc,RUG_PULL,본문 언급 collector/cash-out,2025-11-13
0x9cacbfeaeaace165da73ddd057001db005f15424,ETH,community_reported_desc,chainabuse_desc,FAKE_PROJECT,본문 언급 collector/cash-out,2025-02-10
0x9cd094bc19b831d371674a37772ab40989d1c673,ETH,community_reported_desc,chainabuse_desc,PHISHING,본문 언급 collector/cash-out,2023-12-25
0x9d01d46b15d7d1c19db3849532ec75bebd1e06f6,ETH,community_reported_desc,chainabuse_desc,FAKE_PROJECT,본문 언급 collector/cash-out,2025-06-20
0x9d24ec9ebefe43dda56091a7c1319a65e35f114e,ETH,community_reported_desc,chainabuse_desc,OTHER,본문 언급 collector/cash-out,2026-03-03
0x9d3a04f8296efde27e6e7259f4cd1051bb482e3f,ETH,community_reported_desc,chainabuse_desc,PHISHING,본문 언급 collector/cash-out,2025-08-01
0x9d47db9bb57cc355e9a764420711ee161cd75384,ETH,community_reported_desc,chainabuse_desc,OTHER_HACK,본문 언급 collector/cash-out,2025-09-19
0x9d728f35fffca2a640e489ca7e6839e503db8b62,ETH,community_reported_desc,chainabuse_desc,OTHER,본문 언급 collector/cash-out,2024-02-11
0x9d7834c376b2b722c5693af588c3e7a03ea8e44d,ETH,community_reported_desc,chainabuse_desc,OTHER_HACK,본문 언급 collector/cash-out,2025-12-05
0x9d99260f7c9a275558bcff8710a1493dc57c71c5,ETH,community_reported_desc,chainabuse_desc,IMPERSONATION,본문 언급 collector/cash-out,2025-10-23
0x9db82d911328196d50c36450b1ef5985df15732b,ETH,community_reported_desc,chainabuse_desc,PHISHING,본문 언급 collector/cash-out,2026-05-21
0x9dc5c87f8413ca3000f629ba6cb239b6da3ee9d8,ETH,community_reported_desc,chainabuse_desc,FAKE_RETURNS,본문 언급 collector/cash-out,2026-02-07
0x9dcf934bc6a17310d43c6123b12fc12f05598682,ETH,community_reported_desc,chainabuse_desc,OTHER,본문 언급 collector/cash-out,2025-09-09
0x9dcf9360dc1c7d125af49f4d1cc6fda671be8682,ETH,community_reported_desc,chainabuse_desc,OTHER,본문 언급 collector/cash-out,2025-09-09
0x9de88674ec6804432eb79331b6438f5366ec8f79,ETH,community_reported_desc,chainabuse_desc,OTHER_HACK,본문 언급 collector/cash-out,2026-03-05
0x9df531dbeb696dc72662a436e36da715df286205,ETH,community_reported_desc,chainabuse_desc,OTHER_HACK,본문 언급 collector/cash-out,2026-08-06
0x9e0a13263eff87fe3fc8fe28ba53406e0c912a62,ETH,community_reported_desc,chainabuse_desc,OTHER,본문 언급 collector/cash-out,2024-03-05
0x9e29fcb22df996e542f71528382e59b8a67f80f9,ETH,community_reported_desc,chainabuse_desc,PHISHING,본문 언급 collector/cash-out,2024-04-10
0x9e331409fb8fe0bdff1150370063f5522f189bc1,ETH,community_reported_desc,chainabuse_desc,OTHER_BLACKMAIL,본문 언급 collector/cash-out,2025-03-14
0x9e3d6ac643508c1b0259b084e5bea51809c8d67f,ETH,community_reported_desc,chainabuse_desc,FAKE_PROJECT,본문 언급 collector/cash-out,2023-06-22
0x9e45a71ca06ccede12e055985d1cdc7050811e2d,ETH,community_reported_desc,chainabuse_desc,PHISHING,본문 언급 collector/cash-out,2025-07-05
0x9e9f8a913d23fbd78b2b47b61af0da35d1c7cd60,ETH,community_reported_desc,chainabuse_desc,OTHER_HACK,본문 언급 collector/cash-out,2023-04-09
0x9e9fbde7c7a83c43913bddc8779158f1368f0413,ETH,community_reported_desc,chainabuse_desc,AIRDROP,본문 언급 collector/cash-out,2024-02-27
0x9ea1fc680b6768cbf7fc9227203e3013f827f7df,ETH,community_reported_desc,chainabuse_desc,OTHER_HACK,본문 언급 collector/cash-out,2024-03-03
0x9ea3cda5c2adf0370454b9ee28786a068227b1a4,ETH,community_reported_desc,chainabuse_desc,FAKE_RETURNS,본문 언급 collector/cash-out,2023-09-21
0x9ec19ce75a7557d52c32774779158f5a466e0080,ETH,community_reported_desc,chainabuse_desc,OTHER_HACK,본문 언급 collector/cash-out,2024-03-03
0x9efb86dbf4329f3c8eee24d38b3fc2ac5cc63ff2,ETH,community_reported_desc,chainabuse_desc,FAKE_PROJECT,본문 언급 collector/cash-out,2025-06-09
0x9f1af9078dae5d13cb409556bdddc2496e8bb733,ETH,community_reported_desc,chainabuse_desc,OTHER_HACK,본문 언급 collector/cash-out,2024-04-12
0x9f2f0d585f791f0e04d66dd8ae866d628bb2b3c1,ETH,community_reported_desc,chainabuse_desc,FAKE_RETURNS,본문 언급 collector/cash-out,2024-06-17
0x9f6bcc3d52624a2be52a6b5499b582b98f7e5a41,ETH,community_reported_desc,chainabuse_desc,PHISHING,본문 언급 collector/cash-out,2024-01-11
0x9fa7bb759641fcd37fe4ae41f725e0f653f2c726,ETH,community_reported_desc,chainabuse_desc,PHISHING,본문 언급 collector/cash-out,2025-10-22
0x9fd292b40abf7561b7439034ce0ccd6c49b97c62,ETH,community_reported_desc,chainabuse_desc,OTHER,본문 언급 collector/cash-out,2024-03-04
0x9ff614402fecd1642bc63a0f056875c80b9fb500,ETH,community_reported_desc,chainabuse_desc,FAKE_PROJECT,본문 언급 collector/cash-out,2025-05-19
0xa0117792d4b100fd329b37e8ab4181df8a5b3326,ETH,community_reported_desc,chainabuse_desc,IMPERSONATION,본문 언급 collector/cash-out,2024-03-14
0xa02adcd9d7112eb4672c2c486a2a5141acb9eadf,ETH,community_reported_desc,chainabuse_desc,OTHER_HACK,본문 언급 collector/cash-out,2024-01-16
0xa02afd1a203342605912cdbdbf3733386c74de90,ETH,community_reported_desc,chainabuse_desc,AIRDROP,본문 언급 collector/cash-out,2024-12-16
0xa047bac5cec247fc81f2e6bd7b55a28f34a60502,ETH,community_reported_desc,chainabuse_desc,OTHER_HACK,본문 언급 collector/cash-out,2025-08-06
0xa0899e84dbbee4c526f18ba7fac3aa687ae7676e,ETH,community_reported_desc,chainabuse_desc,OTHER_HACK,본문 언급 collector/cash-out,2026-01-23
0xa09a78a79146b8f0d920886e7817cb0b918075a4,ETH,community_reported_desc,chainabuse_desc,OTHER_HACK,본문 언급 collector/cash-out,2026-05-08
0xa0a814e571afe1c58b114b95b21c22fd718dd11a,ETH,community_reported_desc,chainabuse_desc,PHISHING,본문 언급 collector/cash-out,2025-07-31
0xa0b003bee2648bd6ae5782cdca36dc51fbd0b309,ETH,community_reported_desc,chainabuse_desc,PHISHING,본문 언급 collector/cash-out,2026-05-20
0xa0b86991c6218b36c1d19d4a2e9eb0ce3606eb48,ETH,community_reported_desc,chainabuse_desc,OTHER,본문 언급 collector/cash-out,2026-07-11
0xa0d25ff58def598dd4c8cf264d657a0d7622edad,ETH,community_reported_desc,chainabuse_desc,OTHER_HACK,본문 언급 collector/cash-out,2023-11-08
0xa0d4bee1beeafce031c56cfb40210746cc6ab2d0,ETH,community_reported_desc,chainabuse_desc,PHISHING,본문 언급 collector/cash-out,2022-11-05
0xa11aa4b2afd646badde5901e9a456a2f811e76fa,ETH,community_reported_desc,chainabuse_desc,PHISHING,본문 언급 collector/cash-out,2024-11-22
0xa11faf7ee117e581e4a202510f58f0358d9379b1,ETH,community_reported_desc,chainabuse_desc,CONTRACT_EXPLOIT,본문 언급 collector/cash-out,2023-04-07
0xa1344972bfb0879cdd3c9ae2c5967d80d340a3a7,ETH,community_reported_desc,chainabuse_desc,OTHER,본문 언급 collector/cash-out,2023-10-16
0xa139fcba4ad3d26266710c0904dbdbe930c9d739,ETH,community_reported_desc,chainabuse_desc,AIRDROP,본문 언급 collector/cash-out,2023-10-12
0xa16b1831301209c8bf8bcf0445da0d8850301465,ETH,community_reported_desc,chainabuse_desc,OTHER,본문 언급 collector/cash-out,2024-12-14
0xa188093151663ef3c1cbdccd8ab3e08e454b4d13,ETH,community_reported_desc,chainabuse_desc,PHISHING,본문 언급 collector/cash-out,2024-08-03
0xa19b3b22f29e23e4c04678c94cfc3e8f202137d8,ETH,community_reported_desc,chainabuse_desc,FAKE_PROJECT,본문 언급 collector/cash-out,2025-03-20
0xa1aad65360363ffe98b7dd0e6ed3b7fe289f6b62,ETH,community_reported_desc,chainabuse_desc,FAKE_RETURNS,본문 언급 collector/cash-out,2024-02-11
0xa1ab9039b5d54413ab4cbaf7699fe07cff7276a1,ETH,community_reported_desc,chainabuse_desc,AIRDROP,본문 언급 collector/cash-out,2025-08-18
0xa1abfa21f80ecf401bd41365adbb6fef6fefdf09,ETH,community_reported_desc,chainabuse_desc,OTHER_HACK,본문 언급 collector/cash-out,2026-06-17
0xa1ca70de04898328d2e44de4df5023ca08a04ed7,ETH,community_reported_desc,chainabuse_desc,IMPERSONATION,본문 언급 collector/cash-out,2024-12-12
0xa1d5f09aec852a14a9dde9abb8ed62357378e99a,ETH,community_reported_desc,chainabuse_desc,RUG_PULL,본문 언급 collector/cash-out,2025-01-23
0xa1db8cfbba66911d672b74bdc40aefefe7202607,ETH,community_reported_desc,chainabuse_desc,PHISHING,본문 언급 collector/cash-out,2026-01-04
0xa20ca45ff0a0eb0d53badb0051dbfd1a62d64b0c,ETH,community_reported_desc,chainabuse_desc,PHISHING,본문 언급 collector/cash-out,2026-08-15
0xa210c48e7fb5d0f152ce9929c35900c8b80b39ba,ETH,community_reported_desc,chainabuse_desc,PHISHING,본문 언급 collector/cash-out,2024-06-19
0xa21a16ec22a940990922220e4ab5bf4c2310f556,ETH,community_reported_desc,chainabuse_desc,PHISHING,본문 언급 collector/cash-out,2025-02-22
0xa21f6ce344addae8f77965e03a00cc8b2549edca,ETH,community_reported_desc,chainabuse_desc,AIRDROP,본문 언급 collector/cash-out,2024-03-24
0xa228803941b7c585a1db10a07fed6f96f9397e3e,ETH,community_reported_desc,chainabuse_desc,OTHER_HACK,본문 언급 collector/cash-out,2025-11-09
0xa22dda9ffe521e25439d14e7abb2c2d8b6b48a4c,ETH,community_reported_desc,chainabuse_desc,OTHER_HACK,본문 언급 collector/cash-out,2025-06-28
0xa237ba11d9a9d58549532f695d19b789468076eb,ETH,community_reported_desc,chainabuse_desc,OTHER_HACK,본문 언급 collector/cash-out,2024-07-20
0xa24757bc32579541f33b1bcd2e36355d39b1686a,ETH,community_reported_desc,chainabuse_desc,OTHER_HACK,본문 언급 collector/cash-out,2023-03-23
0xa2579788b5f40e0fcd69ad6bf285e3c392f605e5,ETH,community_reported_desc,chainabuse_desc,PHISHING,본문 언급 collector/cash-out,2024-10-12
0xa267a901bb9b546692077a04d46628dac334eab5,ETH,community_reported_desc,chainabuse_desc,PHISHING,본문 언급 collector/cash-out,2023-06-12
0xa27162690f4ffc6ee2fae0d7f78fcc766e7370c8,ETH,community_reported_desc,chainabuse_desc,FAKE_RETURNS,본문 언급 collector/cash-out,2024-08-16
0xa27af41e5863a4451e53075461255d0d6bd68a17,ETH,community_reported_desc,chainabuse_desc,PHISHING,본문 언급 collector/cash-out,2023-05-03
0xa2caa2a85b8e122c2e17be2febc12549e1dce510,ETH,community_reported_desc,chainabuse_desc,CONTRACT_EXPLOIT,본문 언급 collector/cash-out,2026-04-28
0xa2e78596ec778bb90a95b1edc2924fd7f0e0122e,ETH,community_reported_desc,chainabuse_desc,OTHER_HACK,본문 언급 collector/cash-out,2025-11-17
0xa3248bad1894f99ee28731536a41d24c1fa6ac4b,ETH,community_reported_desc,chainabuse_desc,OTHER_HACK,본문 언급 collector/cash-out,2025-06-21
0xa347bb1bc1e12fca14ec138e5c3620e7e3dc70ae,ETH,community_reported_desc,chainabuse_desc,OTHER_HACK,본문 언급 collector/cash-out,2025-05-31
0xa35c394213a77a6579068dab5713c0ce9706465b,ETH,community_reported_desc,chainabuse_desc,PHISHING,본문 언급 collector/cash-out,2026-04-29
0xa37bd06f513455620ed4635b63f18e6d41883752,ETH,community_reported_desc,chainabuse_desc,OTHER_HACK,본문 언급 collector/cash-out,2024-03-27
0xa3a6ff632c2e2855e4ad25aa43b0cbca92306dc3,ETH,community_reported_desc,chainabuse_desc,ROMANCE,본문 언급 collector/cash-out,2026-01-21
0xa3e7a960d4a27957eeecb421e3b1e3e5ddb19778,ETH,community_reported_desc,chainabuse_desc,CONTRACT_EXPLOIT,본문 언급 collector/cash-out,2025-09-25
0xa404d7da4799fe82bead1e2f5299347fc018121c,ETH,community_reported_desc,chainabuse_desc,OTHER_HACK,본문 언급 collector/cash-out,2024-07-20
0xa44fa12aceb5b03061321d49a6b1deee5bdf2bff,ETH,community_reported_desc,chainabuse_desc,PHISHING,본문 언급 collector/cash-out,2024-07-29
0xa45b2b7a9606d79d5c2e9b83660fb096df7f4593,ETH,community_reported_desc,chainabuse_desc,PHISHING,본문 언급 collector/cash-out,2024-11-30
0xa49d6bab85bde0aa59a60e12b3a01e11201c7a99,ETH,community_reported_desc,chainabuse_desc,FAKE_RETURNS,본문 언급 collector/cash-out,2025-10-29
0xa50a009d3b2cf98a9f6d9993db0175b016733899,ETH,community_reported_desc,chainabuse_desc,FAKE_RETURNS,본문 언급 collector/cash-out,2025-09-10
0xa55f37ffa2b5be168debf141f2385727c7881859,ETH,community_reported_desc,chainabuse_desc,PHISHING,본문 언급 collector/cash-out,2024-03-04
0xa56d5921c39fddbaa12d611885abd1ce1e81c828,ETH,community_reported_desc,chainabuse_desc,PHISHING,본문 언급 collector/cash-out,2024-08-17
0xa56e4f9d0f8a6ca17e2a65a8d6b30f51667d0e3c,ETH,community_reported_desc,chainabuse_desc,FAKE_RETURNS,본문 언급 collector/cash-out,2024-06-25
0xa573d17ad485fcd53a81732d295bc9d84f02b192,ETH,community_reported_desc,chainabuse_desc,CONTRACT_EXPLOIT,본문 언급 collector/cash-out,2025-04-27
0xa59381a01daeae334730ef3ee81bfa5099a95faa,ETH,community_reported_desc,chainabuse_desc,IMPERSONATION,본문 언급 collector/cash-out,2022-11-05
0xa5be98ec4f02a0a6c182c2ae6168768d33dfb688,ETH,community_reported_desc,chainabuse_desc,PHISHING,본문 언급 collector/cash-out,2023-11-16
0xa61e24c15ae4b8bb1830dfa46bdeadd714db476e,ETH,community_reported_desc,chainabuse_desc,OTHER_HACK,본문 언급 collector/cash-out,2024-06-24
0xa66b3b1ccdc5841a67d3b2bbe089dc247fa591f6,ETH,community_reported_desc,chainabuse_desc,FAKE_PROJECT,본문 언급 collector/cash-out,2024-12-26
0xa73b4b16d2bc9fd351326e6f2d47e0e23c7ea44e,ETH,community_reported_desc,chainabuse_desc,AIRDROP,본문 언급 collector/cash-out,2025-06-06
0xa76339625b7d9948418ac2c2993d61f7427e8776,ETH,community_reported_desc,chainabuse_desc,FAKE_PROJECT,본문 언급 collector/cash-out,2025-05-04
0xa76e06a97e6da26387ebc76fd514a3341364ff7d,ETH,community_reported_desc,chainabuse_desc,OTHER_HACK,본문 언급 collector/cash-out,2025-07-28
0xa7b61f38c1eb675e705e0530b5bf75659a301144,ETH,community_reported_desc,chainabuse_desc,PHISHING,본문 언급 collector/cash-out,2024-12-02
0xa7bfa14ab198ae3aa4b4b28bdb48c75fba625776,ETH,community_reported_desc,chainabuse_desc,OTHER_HACK,본문 언급 collector/cash-out,2024-05-08
0xa7cb4ec324e223ef0919b7ae8d841c6f0b7ede40,ETH,community_reported_desc,chainabuse_desc,OTHER,본문 언급 collector/cash-out,2025-08-02
0xa7efae728d2936e78bda97dc267687568dd593f3,ETH,community_reported_desc,chainabuse_desc,FAKE_PROJECT,본문 언급 collector/cash-out,2024-07-03
0xa83f83fb91dbc46d779a47c45f98726932a61f63,ETH,community_reported_desc,chainabuse_desc,PHISHING,본문 언급 collector/cash-out,2026-05-21
0xa8582867d2b1272cfb3c9babe3fe0f77a8db6c44,ETH,community_reported_desc,chainabuse_desc,ROMANCE,본문 언급 collector/cash-out,2026-02-17
0xa85919f1a7e22ff9a04a62d8290109d06c729df7,ETH,community_reported_desc,chainabuse_desc,FAKE_PROJECT,본문 언급 collector/cash-out,2024-07-17
0xa85d919d9c3ee5f9548e23fa364e4d4c1e7553e4,ETH,community_reported_desc,chainabuse_desc,FAKE_PROJECT,본문 언급 collector/cash-out,2025-05-04
0xa8ca49033fce85224000dfbfa288f1a3465c5a50,ETH,community_reported_desc,chainabuse_desc,AIRDROP,본문 언급 collector/cash-out,2026-01-18
0xa8cc93f5a898a7e09842007612b0333f2ff08e36,ETH,community_reported_desc,chainabuse_desc,RUG_PULL,본문 언급 collector/cash-out,2022-07-13
0xa8e4a4ea7fdf0f0129caa348af7700f615417e0f,ETH,community_reported_desc,chainabuse_desc,FAKE_RETURNS,본문 언급 collector/cash-out,2024-08-02
0xa93155b1b3c2e8029e60ae71dc596f8a20a28e42,ETH,community_reported_desc,chainabuse_desc,OTHER,본문 언급 collector/cash-out,2024-02-11
0xa954ffbf94ca2053eee3c58e741714e5ea05077c,ETH,community_reported_desc,chainabuse_desc,FAKE_RETURNS,본문 언급 collector/cash-out,2024-04-22
0xa9567b05701c14dc6b6cb5d5e58cfa91c1756a97,ETH,community_reported_desc,chainabuse_desc,OTHER,본문 언급 collector/cash-out,2025-06-17
0xa96469ce872e63593a091779e9472e67f37f0d2e,ETH,community_reported_desc,chainabuse_desc,PHISHING,본문 언급 collector/cash-out,2026-04-25
0xa9ac43f5b5e38155a288d1a01d2cbc4478e14573,ETH,community_reported_desc,chainabuse_desc,OTHER_HACK,본문 언급 collector/cash-out,2025-08-06
0xa9b5e55a3d722f1dd557095238220452a8a770e4,ETH,community_reported_desc,chainabuse_desc,FAKE_RETURNS,본문 언급 collector/cash-out,2025-06-05
0xa9d1e08c7793af67e9d92fe308d5697fb81d3e43,ETH,community_reported_desc,chainabuse_desc,PIGBUTCHERING,본문 언급 collector/cash-out,2026-01-05
0xa9e7cf8979e432ce235830beb0447feb683591eb,ETH,community_reported_desc,chainabuse_desc,OTHER_HACK,본문 언급 collector/cash-out,2024-05-08
0xaa2964314a37568a80aa625d73b42c39cfa871be,ETH,community_reported_desc,chainabuse_desc,OTHER_HACK,본문 언급 collector/cash-out,2024-12-19
0xaa358a3716eadb02d44eafaafda76e9ffbdbc3bb,ETH,community_reported_desc,chainabuse_desc,OTHER_HACK,본문 언급 collector/cash-out,2024-01-30
0xaa4a511d804d516350e20e3d2ac88bf8adda8c4f,ETH,community_reported_desc,chainabuse_desc,OTHER_HACK,본문 언급 collector/cash-out,2026-08-16
0xaa59e823947a95e42df56936d1839bb7bc2bb3c3,ETH,community_reported_desc,chainabuse_desc,OTHER,본문 언급 collector/cash-out,2025-06-17
0xaa862f977d6916a1e89e856fc11fd99a2f2fabf8,ETH,community_reported_desc,chainabuse_desc,PHISHING,본문 언급 collector/cash-out,2025-10-16
0xaa8aecfb0042ddd05d80fc0a85d055ece38ce0fc,ETH,community_reported_desc,chainabuse_desc,FAKE_PROJECT,본문 언급 collector/cash-out,2025-11-28
0xaa9437b966a066259c1b4e3108dbc36de49229d0,ETH,community_reported_desc,chainabuse_desc,FAKE_RETURNS,본문 언급 collector/cash-out,2024-03-04
0xaab506ecd1bc12bd9929e93830eedf4fa7247f92,ETH,community_reported_desc,chainabuse_desc,OTHER_HACK,본문 언급 collector/cash-out,2025-10-11
0xaac1f8053660610457e27bd7f864217f31182776,ETH,community_reported_desc,chainabuse_desc,CONTRACT_EXPLOIT,본문 언급 collector/cash-out,2025-11-12
0xab10ffccfcd52466ec25e613de436c681749eea2,ETH,community_reported_desc,chainabuse_desc,OTHER,본문 언급 collector/cash-out,2025-05-06
0xab1fdc32bab14d023f2baefeab9601bcb4f96cf1,ETH,community_reported_desc,chainabuse_desc,OTHER_HACK,본문 언급 collector/cash-out,2023-11-08
0xabb95e87e6036ddf1e83ee7fa193d41366a47c39,ETH,community_reported_desc,chainabuse_desc,JOB_SCAM,본문 언급 collector/cash-out,2025-10-25
0xabd3e1274a93a09bea79d6e8be9259eaaf57e7dd,ETH,community_reported_desc,chainabuse_desc,OTHER_HACK,본문 언급 collector/cash-out,2023-01-11
0xabe9a2308838678a982c35c8b975e7ee1ababd49,ETH,community_reported_desc,chainabuse_desc,PHISHING,본문 언급 collector/cash-out,2023-08-20
0xabf0335422f27c01595f639e4d907d07d5e9b3e3,ETH,community_reported_desc,chainabuse_desc,PIGBUTCHERING,본문 언급 collector/cash-out,2023-06-18
0xabf53992403a0d0d65d82ba9cf6dd3043beb64dd,ETH,community_reported_desc,chainabuse_desc,PHISHING,본문 언급 collector/cash-out,2026-04-07
0xac57b64540c94560898b89e7381140b3e5dfa513,ETH,community_reported_desc,chainabuse_desc,DONATION_SCAM,본문 언급 collector/cash-out,2024-06-11
0xac789956a5ed3a6b03c7f23063c44a13bc5df231,ETH,community_reported_desc,chainabuse_desc,FAKE_RETURNS,본문 언급 collector/cash-out,2025-01-30
0xac79eb99ca11c8b3a219b38be5a33f5b22854e57,ETH,community_reported_desc,chainabuse_desc,OTHER_HACK,본문 언급 collector/cash-out,2025-06-23
0xac9a31f785441b7a8e1cbcfd9624de694baae74d,ETH,community_reported_desc,chainabuse_desc,CONTRACT_EXPLOIT,본문 언급 collector/cash-out,2024-12-06
0xacd318c695d2973cd8fb091a773df88bc5a2202d,ETH,community_reported_desc,chainabuse_desc,OTHER_HACK,본문 언급 collector/cash-out,2025-09-19
0xad887124ed281b993d4f02a02c5c83b43b60b3ad,ETH,community_reported_desc,chainabuse_desc,PHISHING,본문 언급 collector/cash-out,2026-05-18
0xad896520841fe67eb17c63095d9c829b288cdbef,ETH,community_reported_desc,chainabuse_desc,OTHER_HACK,본문 언급 collector/cash-out,2025-10-30
0xad9620c4037a1a8d82f8f8b694622ca3410354a5,ETH,community_reported_desc,chainabuse_desc,CONTRACT_EXPLOIT,본문 언급 collector/cash-out,2023-06-21
0xadec8ed1a9c8a778673a52c176f58b3cb239bcd9,ETH,community_reported_desc,chainabuse_desc,IMPERSONATION,본문 언급 collector/cash-out,2025-06-05
0xadf7e17f88b8a7a85ec8f8a1d866a1500844da12,ETH,community_reported_desc,chainabuse_desc,OTHER_HACK,본문 언급 collector/cash-out,2026-05-23
0xae28eefa4158580a056268d1b5675032d42aec75,ETH,community_reported_desc,chainabuse_desc,PHISHING,본문 언급 collector/cash-out,2023-05-05
0xae2c9a8b3f373c555f6619834e1b68faab85b91e,ETH,community_reported_desc,chainabuse_desc,OTHER,본문 언급 collector/cash-out,2023-07-12
0xae2fc483527b8ef99eb5d9b44875f005ba1fae13,ETH,community_reported_desc,chainabuse_desc,FAKE_PROJECT,본문 언급 collector/cash-out,2024-06-14
0xae54516e08dde1352c30d98a5efe067c4284d9e3,ETH,community_reported_desc,chainabuse_desc,FAKE_RETURNS,본문 언급 collector/cash-out,2025-03-31
0xae5a517d3b1db9c2b2b48896f250e2d399b67457,ETH,community_reported_desc,chainabuse_desc,OTHER_HACK,본문 언급 collector/cash-out,2023-10-11
0xae74708784d0b6df922f5003a66ec3e252b5745e,ETH,community_reported_desc,chainabuse_desc,ROMANCE,본문 언급 collector/cash-out,2025-05-24
0xae7ab96520de3a18e5e111b5eaab095312d7fe84,ETH,community_reported_desc,chainabuse_desc,PHISHING,본문 언급 collector/cash-out,2026-08-04
0xae7efaba972fe34ccdac1353652461cd7fb6f246,ETH,community_reported_desc,chainabuse_desc,FAKE_RETURNS,본문 언급 collector/cash-out,2025-11-06
0xaf3b63aa1218d1406b85718c338bf6c2a7047595,ETH,community_reported_desc,chainabuse_desc,OTHER_HACK,본문 언급 collector/cash-out,2024-01-30
0xaf5bbb89997eb4a8138e3f351da1540fa8356af1,ETH,community_reported_desc,chainabuse_desc,FAKE_PROJECT,본문 언급 collector/cash-out,2025-06-29
0xafb2423f447d3e16931164c9970b9741aab1723e,ETH,community_reported_desc,chainabuse_desc,PHISHING,본문 언급 collector/cash-out,2026-07-04
0xafebdae918bc4f9c3d6a2c8c5aa518f242deb6de,ETH,community_reported_desc,chainabuse_desc,OTHER_HACK,본문 언급 collector/cash-out,2025-06-11
0xb013eb7f7ba0fb8771a2f6592bd0c9c256ea913e,ETH,community_reported_desc,chainabuse_desc,FAKE_RETURNS,본문 언급 collector/cash-out,2025-12-16
0xb09b04cfdd86aa0849f538a1dd62b11fb6033ffb,ETH,community_reported_desc,chainabuse_desc,OTHER_HACK,본문 언급 collector/cash-out,2026-04-25
0xb09f47b15a765ebbfa3be688032c32c840e141b2,ETH,community_reported_desc,chainabuse_desc,PHISHING,본문 언급 collector/cash-out,2026-07-24
0xb0b760447419cd2441b4dff933e1ade1a09050f8,ETH,community_reported_desc,chainabuse_desc,OTHER_HACK,본문 언급 collector/cash-out,2024-05-08
0xb13b14b367bdcbf2f240ffb84d0939b5c583afd2,ETH,community_reported_desc,chainabuse_desc,OTHER_HACK,본문 언급 collector/cash-out,2026-02-21
0xb179f8c0f6e383bee99aa9b6798fcedd1233bd1c,ETH,community_reported_desc,chainabuse_desc,OTHER_HACK,본문 언급 collector/cash-out,2026-02-11
0xb17a92cc26b88fc5468f821b25dec05552313cfd,ETH,community_reported_desc,chainabuse_desc,OTHER_HACK,본문 언급 collector/cash-out,2024-01-19
0xb18b4ab551c4b8cdb3fcb57c9a30e953c3991748,ETH,community_reported_desc,chainabuse_desc,OTHER_HACK,본문 언급 collector/cash-out,2025-05-09
0xb1aa0a09d43b6b4f289ef14f2441339acdb551ac,ETH,community_reported_desc,chainabuse_desc,PHISHING,본문 언급 collector/cash-out,2026-08-10
0xb1ec92fe3a3aa0761e9af2f91ceaf6c39bf4a233,ETH,community_reported_desc,chainabuse_desc,OTHER_HACK,본문 언급 collector/cash-out,2024-06-30
0xb227b39481800083543f7b79f6cab697b65e4280,ETH,community_reported_desc,chainabuse_desc,FAKE_RETURNS,본문 언급 collector/cash-out,2025-12-04
0xb23b8e79d242bd72f637ac552e568736e8d23a9b,ETH,community_reported_desc,chainabuse_desc,OTHER_HACK,본문 언급 collector/cash-out,2024-05-08
0xb287c09716e4860dea2f7089d8f70f866b25a8a8,ETH,community_reported_desc,chainabuse_desc,CONTRACT_EXPLOIT,본문 언급 collector/cash-out,2025-11-07
0xb29a0b9b4d32c9cd39c02d0f19a6a8bbb3047ceb,ETH,community_reported_desc,chainabuse_desc,PHISHING,본문 언급 collector/cash-out,2022-11-05
0xb2d1f49e4f26e72e9b46a11a4fa457c30c358459,ETH,community_reported_desc,chainabuse_desc,PIGBUTCHERING,본문 언급 collector/cash-out,2025-10-27
0xb2e769cfe985daf5ce3287ba15185e551becf666,ETH,community_reported_desc,chainabuse_desc,FAKE_RETURNS,본문 언급 collector/cash-out,2025-04-23
0xb30f290d53cce6200043a6ab15b12faa87db099e,ETH,community_reported_desc,chainabuse_desc,FAKE_RETURNS,본문 언급 collector/cash-out,2025-06-13
0xb32b027c59f540c22b4c76bf849bcf853b99f158,ETH,community_reported_desc,chainabuse_desc,PHISHING,본문 언급 collector/cash-out,2026-07-07
0xb3345e7cb61003622454b15e22f615eb87e0ca0d,ETH,community_reported_desc,chainabuse_desc,PHISHING,본문 언급 collector/cash-out,2025-02-11
0xb3545a596cc44a03c1e4463f7831c192570f247f,ETH,community_reported_desc,chainabuse_desc,RUG_PULL,본문 언급 collector/cash-out,2026-02-02
0xb38e8c17e38363af6ebdcb3dae12e0243582891d,ETH,community_reported_desc,chainabuse_desc,IMPERSONATION,본문 언급 collector/cash-out,2026-09-01
0xb39161af657b039475f567ec281807a1b036f516,ETH,community_reported_desc,chainabuse_desc,OTHER_HACK,본문 언급 collector/cash-out,2023-08-31
0xb39c099aadd1ced6334beb7e14b4ab820560885a,ETH,community_reported_desc,chainabuse_desc,OTHER,본문 언급 collector/cash-out,2025-01-27
0xb3b90597f8df2b4ea4bdc0ac7d85fda2461a9408,ETH,community_reported_desc,chainabuse_desc,OTHER,본문 언급 collector/cash-out,2025-02-04
0xb42426689392ed745fff4984397cd7e9452bbb42,ETH,community_reported_desc,chainabuse_desc,OTHER_HACK,본문 언급 collector/cash-out,2025-07-30
0xb437b81debf5f17f841a96bfb2a2a867d089cdf8,ETH,community_reported_desc,chainabuse_desc,PHISHING,본문 언급 collector/cash-out,2024-08-28
0xb47a4362dbc1bb844353d17ed9c5d9a31847de70,ETH,community_reported_desc,chainabuse_desc,FAKE_RETURNS,본문 언급 collector/cash-out,2024-04-09
0xb4807865a786e9e9e26e6a9610f2078e7fc507fb,ETH,community_reported_desc,chainabuse_desc,OTHER,본문 언급 collector/cash-out,2025-11-16
0xb4837962855a1594e7ade6b87daa3e8f4a34baed,ETH,community_reported_desc,chainabuse_desc,CONTRACT_EXPLOIT,본문 언급 collector/cash-out,2026-04-29
0xb4b09951d16053eacd5392ec9fcadf474f52d19c,ETH,community_reported_desc,chainabuse_desc,RUG_PULL,본문 언급 collector/cash-out,2026-07-24
0xb4b393987098a4bb139b5387163f02310466f9ec,ETH,community_reported_desc,chainabuse_desc,OTHER,본문 언급 collector/cash-out,2026-05-29
0xb4e93d93465eb45e409f3299967cc5fcfa6e5dd4,ETH,community_reported_desc,chainabuse_desc,OTHER,본문 언급 collector/cash-out,2025-03-14
0xb4f6c55b3e51d1ecef78f9c149e4aea7e7ae86a1,ETH,community_reported_desc,chainabuse_desc,RUG_PULL,본문 언급 collector/cash-out,2026-02-26
0xb523e4b21f58080e6fbd07e83dc3e98f1114bec3,ETH,community_reported_desc,chainabuse_desc,OTHER_HACK,본문 언급 collector/cash-out,2026-03-13
0xb536c90e47b976f40426475dc6a1f03b56673e80,ETH,community_reported_desc,chainabuse_desc,PHISHING,본문 언급 collector/cash-out,2025-12-05
0xb547cf047d7ecd65e199c9c77f1938a95da5dc61,ETH,community_reported_desc,chainabuse_desc,IMPERSONATION,본문 언급 collector/cash-out,2023-06-25
0xb58e0be4c617fa7f427886c191f9570f80d48264,ETH,community_reported_desc,chainabuse_desc,PHISHING,본문 언급 collector/cash-out,2025-08-01
0xb597a81dc889e7fe0ab98c62f47543135ca1436d,ETH,community_reported_desc,chainabuse_desc,OTHER_HACK,본문 언급 collector/cash-out,2025-06-21
0xb5d3d4cf39e7e6a734b45350f55bc5f1d407754a,ETH,community_reported_desc,chainabuse_desc,FAKE_PROJECT,본문 언급 collector/cash-out,2024-03-12
0xb5e82b72818d1997c53478f1325282ef7ea80c8b,ETH,community_reported_desc,chainabuse_desc,PIGBUTCHERING,본문 언급 collector/cash-out,2026-05-10
0xb64d5f23f9219244383005b81f0f6d7690ed4aae,ETH,community_reported_desc,chainabuse_desc,ROMANCE,본문 언급 collector/cash-out,2026-02-17
0xb685760ebd368a891f27ae547391f4e2a289895b,ETH,community_reported_desc,chainabuse_desc,OTHER,본문 언급 collector/cash-out,2026-03-15
0xb69b6e08288aada7cc8d99327eb42213fb6bbedc,ETH,community_reported_desc,chainabuse_desc,OTHER_HACK,본문 언급 collector/cash-out,2024-11-29
0xb6a37b5d14d502c3ab0ae6f3a0e058bc9517786e,ETH,community_reported_desc,chainabuse_desc,CONTRACT_EXPLOIT,본문 언급 collector/cash-out,2024-05-22
0xb6a55a1b12ee1203172ff11a908ef4435c61e28f,ETH,community_reported_desc,chainabuse_desc,PHISHING,본문 언급 collector/cash-out,2023-05-27
0xb6ecd180f5cbb9167147394841d31f94eff77dbf,ETH,community_reported_desc,chainabuse_desc,IMPERSONATION,본문 언급 collector/cash-out,2022-11-05
0xb6eeb4247ff02fa8374fe4769d730067d73402c2,ETH,community_reported_desc,chainabuse_desc,DONATION_SCAM,본문 언급 collector/cash-out,2024-07-31
0xb6f51681220e5717a4e4df6712d2a49455b65f4f,ETH,community_reported_desc,chainabuse_desc,OTHER_HACK,본문 언급 collector/cash-out,2025-08-06
0xb71b26000190d4d9deb3de4915cdb82d959ebce1,ETH,community_reported_desc,chainabuse_desc,FAKE_RETURNS,본문 언급 collector/cash-out,2024-11-14
0xb77682e6dbf2ce41e204787ebf686ec20a6b9d7a,ETH,community_reported_desc,chainabuse_desc,OTHER_HACK,본문 언급 collector/cash-out,2024-12-08
0xb779cdd66a00edfd69f3147e8bedbc4b1ef43884,ETH,community_reported_desc,chainabuse_desc,FAKE_PROJECT,본문 언급 collector/cash-out,2024-03-08
0xb79baba5afad0d5d657485ab2cec0b015fafeeb9,ETH,community_reported_desc,chainabuse_desc,OTHER_HACK,본문 언급 collector/cash-out,2024-01-12
0xb79bd6c363d0205104a20464a5056e12a1200d9a,ETH,community_reported_desc,chainabuse_desc,FAKE_PROJECT,본문 언급 collector/cash-out,2024-12-26
0xb7aa9faaad86149ef026e5aab71e51ad8e960461,ETH,community_reported_desc,chainabuse_desc,FAKE_RETURNS,본문 언급 collector/cash-out,2025-11-06
0xb7bdd27ba54261db3b148fdcd63d470a8c79737a,ETH,community_reported_desc,chainabuse_desc,OTHER_HACK,본문 언급 collector/cash-out,2024-03-06
0xb7c056723e3d516a1a451fd1e90ffa07a508a8c4,ETH,community_reported_desc,chainabuse_desc,PHISHING,본문 언급 collector/cash-out,2026-08-19
0xb7f5cfcf4eddddb4010070277480f85298aade72,ETH,community_reported_desc,chainabuse_desc,PHISHING,본문 언급 collector/cash-out,2025-03-12
0xb83fe522b13e380e32409c85e2256bcd6915bf96,ETH,community_reported_desc,chainabuse_desc,OTHER_HACK,본문 언급 collector/cash-out,2024-08-29
0xb88575df0c5ca22cc2a31710be1d322a92e02b71,ETH,community_reported_desc,chainabuse_desc,FAKE_PROJECT,본문 언급 collector/cash-out,2026-08-09
0xb88582af7583fd8759bf84ddafc1dfa948f97b71,ETH,community_reported_desc,chainabuse_desc,FAKE_PROJECT,본문 언급 collector/cash-out,2026-08-09
0xb8b850e9c85683d53d0b796316319628c3fdfeaf,ETH,community_reported_desc,chainabuse_desc,PHISHING,본문 언급 collector/cash-out,2024-03-20
0xb8defd92a3e6e1c930b85a02af1024f5defe11b1,ETH,community_reported_desc,chainabuse_desc,OTHER_HACK,본문 언급 collector/cash-out,2026-02-22
0xb92ef5fd1046f4af9e7d0b81ff393d31f4e47928,ETH,community_reported_desc,chainabuse_desc,FAKE_RETURNS,본문 언급 collector/cash-out,2025-06-19
0xb9ae8cf137b95490e747312875e91c98011ccd2a,ETH,community_reported_desc,chainabuse_desc,PHISHING,본문 언급 collector/cash-out,2026-05-21
0xb9bef3474f3f10812a7ed9f9b536115ae441079d,ETH,community_reported_desc,chainabuse_desc,OTHER_HACK,본문 언급 collector/cash-out,2025-05-14
0xb9ce53cf5fb1a213b726c9d987edb0c33bb65d6f,ETH,community_reported_desc,chainabuse_desc,OTHER,본문 언급 collector/cash-out,2025-03-17
0xb9ef8aade7a9552d9eae3e9edcdb53bd26ca61c3,ETH,community_reported_desc,chainabuse_desc,PHISHING,본문 언급 collector/cash-out,2024-02-22
0xb9f2d9cef95c7764ef4ba2c865232e998b3af894,ETH,community_reported_desc,chainabuse_desc,OTHER_BLACKMAIL,본문 언급 collector/cash-out,2025-03-14
0xb9fbfe87382ba73cd2df00caba4be308acd8328b,ETH,community_reported_desc,chainabuse_desc,PIGBUTCHERING,본문 언급 collector/cash-out,2024-08-30
0xba4417dcc7f21c34dba23e545ffbe3e4e3fdd62d,ETH,community_reported_desc,chainabuse_desc,PHISHING,본문 언급 collector/cash-out,2026-04-02
0xba6e26bec19e8ba225aa6a8199c3228a91472f89,ETH,community_reported_desc,chainabuse_desc,PHISHING,본문 언급 collector/cash-out,2025-08-07
0xba8d86573139e6640ed30dfcedad268b655ac760,ETH,community_reported_desc,chainabuse_desc,OTHER_HACK,본문 언급 collector/cash-out,2026-02-22
0xba9338c61661512cd07216030352fc086f9d7ebc,ETH,community_reported_desc,chainabuse_desc,RUG_PULL,본문 언급 collector/cash-out,2026-02-02
0xbaac2b4491727d78d2b78815144570b9f2fe8899,ETH,community_reported_desc,chainabuse_desc,PHISHING,본문 언급 collector/cash-out,2023-01-20
0xbac4032b93b501b85232f471b81ecac7cc5bb761,ETH,community_reported_desc,chainabuse_desc,FAKE_PROJECT,본문 언급 collector/cash-out,2023-09-28
0xbadac85b4696f560b77f39dcc217e4b6c6ac9045,ETH,community_reported_desc,chainabuse_desc,FAKE_RETURNS,본문 언급 collector/cash-out,2024-08-22
0xbb089e7ad402fa47af99d0f608ced2c0650ddbff,ETH,community_reported_desc,chainabuse_desc,IMPERSONATION,본문 언급 collector/cash-out,2025-10-22
0xbb0cae830db376cf94002d9ff2e3982fd212f444,ETH,community_reported_desc,chainabuse_desc,OTHER_HACK,본문 언급 collector/cash-out,2025-11-17
0xbb389464fa5ebc69c96edef58d55627ce3df6730,ETH,community_reported_desc,chainabuse_desc,PHISHING,본문 언급 collector/cash-out,2024-08-14
0xbb3d494aad8c61188e7934227deb7b2732cf515c,ETH,community_reported_desc,chainabuse_desc,OTHER_HACK,본문 언급 collector/cash-out,2023-02-17
0xbb9ac988fcf2ee3cf4486eb99e873b7dbf75f434,ETH,community_reported_desc,chainabuse_desc,FAKE_PROJECT,본문 언급 collector/cash-out,2025-05-07
0xbbb68c3041dd2b345808cff11cb04bc1de56f2b3,ETH,community_reported_desc,chainabuse_desc,OTHER_HACK,본문 언급 collector/cash-out,2024-03-03
0xbbc5d7f008582ab30e64633743bb2757baad550e,ETH,community_reported_desc,chainabuse_desc,RUG_PULL,본문 언급 collector/cash-out,2026-08-25
0xbbd31f9c3bb0f8aeee44780afa22979975466c0f,ETH,community_reported_desc,chainabuse_desc,PHISHING,본문 언급 collector/cash-out,2025-02-11
0xbbd7c868b6b9f53068e0abb5b05868d6dfbdf82e,ETH,community_reported_desc,chainabuse_desc,OTHER,본문 언급 collector/cash-out,2024-03-21
0xbbe7f26c38848991e404ba370b1ea03c82c22c11,ETH,community_reported_desc,chainabuse_desc,IMPERSONATION,본문 언급 collector/cash-out,2026-05-11
0xbc2fdc6fe9d6457655ba5032f36c69d21ddcc3ef,ETH,community_reported_desc,chainabuse_desc,PHISHING,본문 언급 collector/cash-out,2025-07-01
0xbc45fb5123dddf9db4e84b0894ecfb615189939c,ETH,community_reported_desc,chainabuse_desc,OTHER,본문 언급 collector/cash-out,2025-09-01
0xbc4ca0eda7647a8ab7c2061c2e118a18a936f13d,ETH,community_reported_desc,chainabuse_desc,PHISHING,본문 언급 collector/cash-out,2023-07-17
0xbc64f33dc96c11aef2de0ebed2127c619b180333,ETH,community_reported_desc,chainabuse_desc,FAKE_RETURNS,본문 언급 collector/cash-out,2024-10-04
0xbca7af384bc384f86d78e37516537b3fecb86bbc,ETH,community_reported_desc,chainabuse_desc,PHISHING,본문 언급 collector/cash-out,2023-05-07
0xbcedf6d2ce444c983df16821d55cb5a755710716,ETH,community_reported_desc,chainabuse_desc,OTHER_HACK,본문 언급 collector/cash-out,2026-08-03
0xbcf2645eec92cbac0099e27da172f5245104369b,ETH,community_reported_desc,chainabuse_desc,OTHER_HACK,본문 언급 collector/cash-out,2024-07-15
0xbcf37850b028937101ddc4a56fe9e980c1143afa,ETH,community_reported_desc,chainabuse_desc,OTHER,본문 언급 collector/cash-out,2025-05-03
0xbd216513d74c8cf14cf4747e6aaa6420ff64ee9e,ETH,community_reported_desc,chainabuse_desc,IMPERSONATION,본문 언급 collector/cash-out,2026-05-25
0xbd36573fbe5024093a5dd6dfbc1e77040d018338,ETH,community_reported_desc,chainabuse_desc,FAKE_RETURNS,본문 언급 collector/cash-out,2025-06-22
0xbd507de9e8a86b4da201eba187f08d18120e02e8,ETH,community_reported_desc,chainabuse_desc,RUG_PULL,본문 언급 collector/cash-out,2025-11-13
0xbdb5f6d15ce744dd4f86c26e134077debfb69d6b,ETH,community_reported_desc,chainabuse_desc,OTHER,본문 언급 collector/cash-out,2024-03-21
0xbdd7b9b6608757600b8b67a0945119c870977b2a,ETH,community_reported_desc,chainabuse_desc,PHISHING,본문 언급 collector/cash-out,2026-03-09
0xbe3bbadfe1140b9bfdad52eea8ef455c6215e85f,ETH,community_reported_desc,chainabuse_desc,FAKE_RETURNS,본문 언급 collector/cash-out,2025-06-05
0xbea9fa8d9dff796fa00e600330557054a83c11d0,ETH,community_reported_desc,chainabuse_desc,OTHER_HACK,본문 언급 collector/cash-out,2026-06-16
0xbeb8c2aefd8112d3d2a9927f8e78a693a6d19de8,ETH,community_reported_desc,chainabuse_desc,RUG_PULL,본문 언급 collector/cash-out,2024-11-21
0xbee1acfd7581e16e316f5a6f110691ecd7e7dbec,ETH,community_reported_desc,chainabuse_desc,FAKE_PROJECT,본문 언급 collector/cash-out,2024-12-15
0xbeea8c6c8683f11306f925bdb9f0902285581826,ETH,community_reported_desc,chainabuse_desc,FAKE_RETURNS,본문 언급 collector/cash-out,2025-07-11
0xbf50ef17846a5f14c4951f1d679bbc08fb5d6e53,ETH,community_reported_desc,chainabuse_desc,FAKE_RETURNS,본문 언급 collector/cash-out,2025-07-25
0xbf53ff6c888a4e3c90965ad0dc446dd6df307734,ETH,community_reported_desc,chainabuse_desc,OTHER_HACK,본문 언급 collector/cash-out,2024-09-17
0xbf7e78a7ed44efeb84b319401c0a5227f65aed68,ETH,community_reported_desc,chainabuse_desc,FAKE_RETURNS,본문 언급 collector/cash-out,2025-06-04
0xbfaacc527a20f4c55078484fbc44c7a649dc7fd2,ETH,community_reported_desc,chainabuse_desc,OTHER,본문 언급 collector/cash-out,2022-05-19
0xbfac43999d5e4fd7cab60e1ac62b14b5bfd82a77,ETH,community_reported_desc,chainabuse_desc,OTHER_HACK,본문 언급 collector/cash-out,2025-04-25
0xbfceedca763d1a88b08b9bf4f2555ca0c25e0eb3,ETH,community_reported_desc,chainabuse_desc,CONTRACT_EXPLOIT,본문 언급 collector/cash-out,2026-04-29
0xc011a7e12a19f7b1f670d46f03b03f3342e82dfb,ETH,community_reported_desc,chainabuse_desc,PHISHING,본문 언급 collector/cash-out,2026-07-24
0xc02112824345757a7a2cce434234c139d267a2d9,ETH,community_reported_desc,chainabuse_desc,RUG_PULL,본문 언급 collector/cash-out,2025-04-09
0xc02aaa39b223fe8d0a0e5c4f27ead9083c756cc2,ETH,community_reported_desc,chainabuse_desc,PHISHING,본문 언급 collector/cash-out,2025-04-06
0xc05288296501cb47c6853786986064a30b1e553f,ETH,community_reported_desc,chainabuse_desc,IMPERSONATION,본문 언급 collector/cash-out,2025-10-02
0xc06abee5290386108587e275dea384e8ad04419d,ETH,community_reported_desc,chainabuse_desc,PIGBUTCHERING,본문 언급 collector/cash-out,2025-05-03
0xc093ec5cd4f3eff34f86c006b2879527dd591e9f,ETH,community_reported_desc,chainabuse_desc,OTHER_HACK,본문 언급 collector/cash-out,2025-09-19
0xc097b091ef15b7ba6ea46fb6ea4a81732b9f735d,ETH,community_reported_desc,chainabuse_desc,OTHER,본문 언급 collector/cash-out,2024-05-29
0xc0b33e7c9e1297782c3a1ae84b41442852afb1de,ETH,community_reported_desc,chainabuse_desc,OTHER_BLACKMAIL,본문 언급 collector/cash-out,2024-01-12
0xc0ebac4664ca08f92b5315997a9d080769376215,ETH,community_reported_desc,chainabuse_desc,PHISHING,본문 언급 collector/cash-out,2025-06-25
0xc10c868e2cd9035e3e720f429fa574bbe892c425,ETH,community_reported_desc,chainabuse_desc,OTHER_HACK,본문 언급 collector/cash-out,2024-05-08
0xc12074efa385e88deb5cc6e8fc9f75ea445c982d,ETH,community_reported_desc,chainabuse_desc,PHISHING,본문 언급 collector/cash-out,2024-01-01
0xc14dd34676aef01a8cfdad2b185a0f2b5d6529ee,ETH,community_reported_desc,chainabuse_desc,FAKE_RETURNS,본문 언급 collector/cash-out,2025-08-20
0xc162d1b4db6f631328326969d4cdc785c8ee948d,ETH,community_reported_desc,chainabuse_desc,FAKE_PROJECT,본문 언급 collector/cash-out,2025-01-10
0xc17644a8217832dbf70b11803aa39573f96073bf,ETH,community_reported_desc,chainabuse_desc,FAKE_PROJECT,본문 언급 collector/cash-out,2026-06-15
0xc1d9cc2111b7cd1a68d35c94ec10f9975020a1b0,ETH,community_reported_desc,chainabuse_desc,PHISHING,본문 언급 collector/cash-out,2025-12-31
0xc2132d05d31c914a87c6611c10748aeb04b58e8f,ETH,community_reported_desc,chainabuse_desc,PHISHING,본문 언급 collector/cash-out,2026-07-23
0xc22f5cd90a7a91cb9aed274d5723167cc6e0b8bd,ETH,community_reported_desc,chainabuse_desc,OTHER_HACK,본문 언급 collector/cash-out,2025-09-14
0xc24c685931151e3ecc79084b09a3948d7fd1901c,ETH,community_reported_desc,chainabuse_desc,PHISHING,본문 언급 collector/cash-out,2025-05-12
0xc28651f91b129138ae6d75f4c00c97bca9486c12,ETH,community_reported_desc,chainabuse_desc,OTHER_HACK,본문 언급 collector/cash-out,2026-02-27
0xc2af152515f003f9129178ef73b89be811d85d81,ETH,community_reported_desc,chainabuse_desc,FAKE_RETURNS,본문 언급 collector/cash-out,2025-11-05
0xc2b64bcf2bfb1027341763791c8757b85795c1a2,ETH,community_reported_desc,chainabuse_desc,FAKE_RETURNS,본문 언급 collector/cash-out,2025-05-17
0xc2cdba49551842d1fcd6fbdf4cc3e84de9c9067e,ETH,community_reported_desc,chainabuse_desc,OTHER_HACK,본문 언급 collector/cash-out,2024-05-08
0xc2e810ef34593efef14460fbc673845978b1181d,ETH,community_reported_desc,chainabuse_desc,PHISHING,본문 언급 collector/cash-out,2024-12-16
0xc2eb40516ecaac04ae9964934983d1e9ebdf51fd,ETH,community_reported_desc,chainabuse_desc,FAKE_RETURNS,본문 언급 collector/cash-out,2024-04-23
0xc2fa5fd1c1ad37701ef1b26c5f0680ac807e3efd,ETH,community_reported_desc,chainabuse_desc,PHISHING,본문 언급 collector/cash-out,2024-08-17
0xc3500996281ca355f2795ef3787f973716d8c0fc,ETH,community_reported_desc,chainabuse_desc,OTHER,본문 언급 collector/cash-out,2025-10-29
0xc352cfcbea7f2700313098e16b860b9a56aacff8,ETH,community_reported_desc,chainabuse_desc,FAKE_PROJECT,본문 언급 collector/cash-out,2025-01-17
0xc3655f2e13db2c2c9dbb21f7b5ea2ac60debbf79,ETH,community_reported_desc,chainabuse_desc,OTHER,본문 언급 collector/cash-out,2025-06-17
0xc375144c841c13e787030fa8bf74205c9689fa81,ETH,community_reported_desc,chainabuse_desc,IMPERSONATION,본문 언급 collector/cash-out,2025-02-02
0xc3d451a033a438d8f7d2612c596ff7dcc8fb99ba,ETH,community_reported_desc,chainabuse_desc,OTHER_HACK,본문 언급 collector/cash-out,2026-01-01
0xc461df06d9a00e611883487e606573afa0dc19f7,ETH,community_reported_desc,chainabuse_desc,RUG_PULL,본문 언급 collector/cash-out,2022-07-13
0xc49acbbf8b98d1ec2296d90afaea14802e7ce4f3,ETH,community_reported_desc,chainabuse_desc,PHISHING,본문 언급 collector/cash-out,2025-06-03
0xc4a10980ef73da7d385449a25ae090079b1f34b3,ETH,community_reported_desc,chainabuse_desc,FAKE_PROJECT,본문 언급 collector/cash-out,2024-06-05
0xc5187144bc29037dcba7b35740255eb736f3bbe2,ETH,community_reported_desc,chainabuse_desc,FAKE_RETURNS,본문 언급 collector/cash-out,2025-04-09
0xc53c6def7ed3babce8bc3994dda5cd6e36db7125,ETH,community_reported_desc,chainabuse_desc,OTHER_HACK,본문 언급 collector/cash-out,2025-05-15
0xc53e8351df6f7be7f961ed14b7cc8cf233d07163,ETH,community_reported_desc,chainabuse_desc,OTHER_HACK,본문 언급 collector/cash-out,2025-09-19
0xc59459009899982668671e797e28844207ec22c2,ETH,community_reported_desc,chainabuse_desc,OTHER_HACK,본문 언급 collector/cash-out,2024-04-19
0xc5a5e35ce2f8146e423be18ef61d566eadc24d0f,ETH,community_reported_desc,chainabuse_desc,OTHER,본문 언급 collector/cash-out,2024-04-02
0xc5af67760c49c40392a4fad3df0ccf2e29a5113f,ETH,community_reported_desc,chainabuse_desc,RUG_PULL,본문 언급 collector/cash-out,2026-03-05
0xc60112c3fb0aebb86a835121ebda43373eac0f1d,ETH,community_reported_desc,chainabuse_desc,PHISHING,본문 언급 collector/cash-out,2025-11-07
0xc61c9f41168c75d4043d2fff2909b7f1b37ac510,ETH,community_reported_desc,chainabuse_desc,PHISHING,본문 언급 collector/cash-out,2026-05-21
0xc62635f348347464b885b79cfd10382e6c20ccd5,ETH,community_reported_desc,chainabuse_desc,PHISHING,본문 언급 collector/cash-out,2025-12-13
0xc635ff5cec79ca5db6ae065d7f103693bffac161,ETH,community_reported_desc,chainabuse_desc,OTHER_HACK,본문 언급 collector/cash-out,2025-01-18
0xc67be41aaf0c6b33bbde0eca293d8340cd4117f0,ETH,community_reported_desc,chainabuse_desc,PHISHING,본문 언급 collector/cash-out,2025-05-12
0xc689f2fb7883bbe9bc092cb145281e29b960227a,ETH,community_reported_desc,chainabuse_desc,PHISHING,본문 언급 collector/cash-out,2026-01-04
0xc6d86d82d810189730679d02af6188d2c3f0a993,ETH,community_reported_desc,chainabuse_desc,PHISHING,본문 언급 collector/cash-out,2024-03-07
0xc6db0b48779435b9a12bf17e687608b926175a8c,ETH,community_reported_desc,chainabuse_desc,AIRDROP,본문 언급 collector/cash-out,2022-07-26
0xc6f616a420ed51169e3ab3cdb46ea5b96f20f427,ETH,community_reported_desc,chainabuse_desc,PHISHING,본문 언급 collector/cash-out,2023-12-19
0xc850806621cc219da80e2719d572b1abf0c31543,ETH,community_reported_desc,chainabuse_desc,FAKE_RETURNS,본문 언급 collector/cash-out,2025-03-09
0xc85892fab6aa5518616a2542db084bb611e9728a,ETH,community_reported_desc,chainabuse_desc,OTHER_HACK,본문 언급 collector/cash-out,2025-07-12
0xc877f891c54f1a4500b7a897749fcfc733694c74,ETH,community_reported_desc,chainabuse_desc,DONATION_SCAM,본문 언급 collector/cash-out,2024-06-11
0xc88b91bb79989bf4884c172703ad2b5febccda6f,ETH,community_reported_desc,chainabuse_desc,PHISHING,본문 언급 collector/cash-out,2023-05-27
0xc908adf13f5733dec0d14b668f5d925c83263615,ETH,community_reported_desc,chainabuse_desc,OTHER_HACK,본문 언급 collector/cash-out,2025-01-31
0xc90bb784f6667ec1bd6c5164e56261ade1e68c27,ETH,community_reported_desc,chainabuse_desc,OTHER_HACK,본문 언급 collector/cash-out,2026-01-01
0xc99512b588a613694dae96168c4c8bc59c7383a7,ETH,community_reported_desc,chainabuse_desc,AIRDROP,본문 언급 collector/cash-out,2025-08-18
0xc99a3bdef26547ae125d4afc417c9b5ce4354f9c,ETH,community_reported_desc,chainabuse_desc,OTHER_HACK,본문 언급 collector/cash-out,2026-03-14
0xca506793a420e901bbca8066be5661e3c52c84c2,ETH,community_reported_desc,chainabuse_desc,OTHER_HACK,본문 언급 collector/cash-out,2025-07-15
0xca656f834d71dc57957c501799e972ff8ec1177c,ETH,community_reported_desc,chainabuse_desc,PHISHING,본문 언급 collector/cash-out,2026-04-07
0xca6ea08ac0f3f94cf9e0bfef646a92619493f931,ETH,community_reported_desc,chainabuse_desc,FAKE_PROJECT,본문 언급 collector/cash-out,2026-05-03
0xcad621da75a66c7a8f4ff86d30a2bf981bfc8fdd,ETH,community_reported_desc,chainabuse_desc,PHISHING,본문 언급 collector/cash-out,2023-06-12
0xcb0c6567281f90817e0319c20edf95e672784a5d,ETH,community_reported_desc,chainabuse_desc,OTHER_HACK,본문 언급 collector/cash-out,2025-01-12
0xcb122a35af14a0c3c3628e52f99ed40e91261d5f,ETH,community_reported_desc,chainabuse_desc,PHISHING,본문 언급 collector/cash-out,2026-01-04
0xcb5c4636fcd9652e1da1c5840343b65b4534b5cb,ETH,community_reported_desc,chainabuse_desc,PHISHING,본문 언급 collector/cash-out,2026-08-26
0xcb6da399d8c7b77a887705ebfb198a75e789c98a,ETH,community_reported_desc,chainabuse_desc,OTHER_HACK,본문 언급 collector/cash-out,2025-08-13
0xcbd57d1d1f4f65043b762454345a5cf3d84c0b9d,ETH,community_reported_desc,chainabuse_desc,FAKE_RETURNS,본문 언급 collector/cash-out,2024-11-18
0xcbdf719c1b6dedf1ed8002cdc28c9cd736cabda5,ETH,community_reported_desc,chainabuse_desc,FAKE_RETURNS,본문 언급 collector/cash-out,2026-05-25
0xcc0c67b2aa0a6f2a0655d7e0c0944027e3fdb091,ETH,community_reported_desc,chainabuse_desc,PHISHING,본문 언급 collector/cash-out,2026-05-21
0xcc160c418be4255644a3818ae0e608d2ddf28c9d,ETH,community_reported_desc,chainabuse_desc,PHISHING,본문 언급 collector/cash-out,2024-05-31
0xcc23cad20b4d9dbb0c48fbd0a70335c65560cc67,ETH,community_reported_desc,chainabuse_desc,OTHER,본문 언급 collector/cash-out,2026-01-04
0xcc23fde040d7c3d6f79801e1168a4383ac7b87d4,ETH,community_reported_desc,chainabuse_desc,OTHER_HACK,본문 언급 collector/cash-out,2025-02-25
0xcc60dcb0833397e53d753423786a55769379ebd9,ETH,community_reported_desc,chainabuse_desc,PHISHING,본문 언급 collector/cash-out,2026-05-24
0xcc7d8c1059a9992ce8925a499709431ffdcff63f,ETH,community_reported_desc,chainabuse_desc,OTHER_HACK,본문 언급 collector/cash-out,2024-05-08
0xcc92b1d75cf0b2fe2cd2dfce141dc31a92c25ce3,ETH,community_reported_desc,chainabuse_desc,OTHER,본문 언급 collector/cash-out,2025-06-17
0xcca776af9390147f3941051d165b18acf1fc9be1,ETH,community_reported_desc,chainabuse_desc,OTHER_HACK,본문 언급 collector/cash-out,2024-03-20
0xcce3b4eee8c8522c8c775842b320d304d60f0d56,ETH,community_reported_desc,chainabuse_desc,PHISHING,본문 언급 collector/cash-out,2025-06-19
0xcd13d926b1e55e9d61f266779ef95a042a142814,ETH,community_reported_desc,chainabuse_desc,PHISHING,본문 언급 collector/cash-out,2025-07-01
0xcd182dd4688dd782bf6cebc9a4c813202114063a,ETH,community_reported_desc,chainabuse_desc,PIGBUTCHERING,본문 언급 collector/cash-out,2025-08-07
0xcd2f73587ae32afc9da77a5d57b4fd22d1af8532,ETH,community_reported_desc,chainabuse_desc,OTHER,본문 언급 collector/cash-out,2025-12-15
0xcd42617673531d61fd31679565216afaf985a8fb,ETH,community_reported_desc,chainabuse_desc,OTHER,본문 언급 collector/cash-out,2025-07-28
0xcd529e9f271b0e8a3acb7414da68c2a47cbfed44,ETH,community_reported_desc,chainabuse_desc,OTHER_HACK,본문 언급 collector/cash-out,2024-12-16
0xcd8ac3918f815f78cc664dea83607a2eb701f6cd,ETH,community_reported_desc,chainabuse_desc,OTHER_HACK,본문 언급 collector/cash-out,2024-06-15
0xcd9b2f26a47cf805eb7cc0c453f9f6265dc228f8,ETH,community_reported_desc,chainabuse_desc,PHISHING,본문 언급 collector/cash-out,2024-04-03
0xcdd347e6c27993c74c331e2425d7c201b33ebd8d,ETH,community_reported_desc,chainabuse_desc,OTHER,본문 언급 collector/cash-out,2024-05-29
0xcdd598d1588503e1609ae1e50cdb74473ffb0090,ETH,community_reported_desc,chainabuse_desc,RUG_PULL,본문 언급 collector/cash-out,2022-07-13
0xcdd8a3d2acab7ff36954f2b2704efe355dc80000,ETH,community_reported_desc,chainabuse_desc,IMPERSONATION,본문 언급 collector/cash-out,2022-12-21
0xcdde2d65933060b15118885162680e0f715e929d,ETH,community_reported_desc,chainabuse_desc,PHISHING,본문 언급 collector/cash-out,2026-07-07
0xce2101e27fd0308c05e79bf37dde20eb83b50e18,ETH,community_reported_desc,chainabuse_desc,OTHER_HACK,본문 언급 collector/cash-out,2024-12-16
0xce218c3be9ec837e7c2de79456daa7ed00e37652,ETH,community_reported_desc,chainabuse_desc,FAKE_PROJECT,본문 언급 collector/cash-out,2023-06-22
0xce242defae4426844d5f11caf305de3974e93e88,ETH,community_reported_desc,chainabuse_desc,OTHER_HACK,본문 언급 collector/cash-out,2024-06-19
0xce313f7fc9235992bedab76d5d6ae5f7d7d4ef5a,ETH,community_reported_desc,chainabuse_desc,OTHER_HACK,본문 언급 collector/cash-out,2025-08-06
0xce3e55f8b1aaa68d95a0616aeb1b3502ec7b73ce,ETH,community_reported_desc,chainabuse_desc,FAKE_PROJECT,본문 언급 collector/cash-out,2025-07-08
0xce5d0b3fb6cf6b75a22468373e7638ba61c9f6c0,ETH,community_reported_desc,chainabuse_desc,RUG_PULL,본문 언급 collector/cash-out,2026-02-19
0xce699b7e4424afae062bfb41ea65421e22c87f50,ETH,community_reported_desc,chainabuse_desc,FAKE_RETURNS,본문 언급 collector/cash-out,2025-10-12
0xce8b515fab13267cab517ae9df04ad1dfa5cc79d,ETH,community_reported_desc,chainabuse_desc,PHISHING,본문 언급 collector/cash-out,2026-08-21
0xceedefdd2249d2ff6121a5f38d56398545f773ba,ETH,community_reported_desc,chainabuse_desc,PHISHING,본문 언급 collector/cash-out,2024-06-23
0xcef6ec4ff7ed6c1d8a0282260040ff9cc34fe7a9,ETH,community_reported_desc,chainabuse_desc,FAKE_RETURNS,본문 언급 collector/cash-out,2025-03-17
0xcf01a5c02c9b9dd5bf73a5a56bcdbc9dca483d43,ETH,community_reported_desc,chainabuse_desc,OTHER_HACK,본문 언급 collector/cash-out,2024-12-02
0xcf0c122c6b73ff809c693db761e7baebe62b6a2e,ETH,community_reported_desc,chainabuse_desc,OTHER,본문 언급 collector/cash-out,2024-04-14
0xcf29f3d5fa967405fd29ab17c8fcea50857e08b9,ETH,community_reported_desc,chainabuse_desc,PHISHING,본문 언급 collector/cash-out,2024-03-14
0xcf4893f57f4c784d1060bf39af891e85b60ea950,ETH,community_reported_desc,chainabuse_desc,OTHER,본문 언급 collector/cash-out,2025-10-27
0xcf4c2c80ed21497ff6e56e7029a636b01ad25a42,ETH,community_reported_desc,chainabuse_desc,PHISHING,본문 언급 collector/cash-out,2026-04-29
0xcf6efe6cad0f9428f2b5f95cff90122dcd3bb4bc,ETH,community_reported_desc,chainabuse_desc,FAKE_PROJECT,본문 언급 collector/cash-out,2023-06-22
0xcf786182bad53382c5b83e9a11c462b8922af7b3,ETH,community_reported_desc,chainabuse_desc,PHISHING,본문 언급 collector/cash-out,2026-06-07
0xcf8299da94bf3fc887c46fc9fd6758537f5b04e5,ETH,community_reported_desc,chainabuse_desc,IMPERSONATION,본문 언급 collector/cash-out,2024-04-02
0xcfb17e2b98af8cf645a006b25d2db712e56aac54,ETH,community_reported_desc,chainabuse_desc,PIGBUTCHERING,본문 언급 collector/cash-out,2025-04-15
0xcfba71a59e7ab7055187336d93a7773cdf1f05f5,ETH,community_reported_desc,chainabuse_desc,PHISHING,본문 언급 collector/cash-out,2024-04-10
0xcff1c636f3d75553c64b5eb17e8837e330fefea9,ETH,community_reported_desc,chainabuse_desc,FAKE_RETURNS,본문 언급 collector/cash-out,2025-11-06
0xcff9cc2eec0ed42cf2847a226d8b1ba254adfbc4,ETH,community_reported_desc,chainabuse_desc,PHISHING,본문 언급 collector/cash-out,2026-05-22
0xd03529e8b7e540ef4486115daf35e4810dec2dd6,ETH,community_reported_desc,chainabuse_desc,PHISHING,본문 언급 collector/cash-out,2024-05-09
0xd04339f206319a693fdad40af693b6543005b784,ETH,community_reported_desc,chainabuse_desc,SIM_SWAP,본문 언급 collector/cash-out,2024-02-01
0xd058737008b6b1d2c361124264b810218f2274d6,ETH,community_reported_desc,chainabuse_desc,CONTRACT_EXPLOIT,본문 언급 collector/cash-out,2025-11-07
0xd0673b1b7fe38c5c458f0fdecdafa070c6984aea,ETH,community_reported_desc,chainabuse_desc,FAKE_RETURNS,본문 언급 collector/cash-out,2024-02-11
0xd0864387d853e30f14659b85c1417531406edfa6,ETH,community_reported_desc,chainabuse_desc,PHISHING,본문 언급 collector/cash-out,2026-04-29
0xd095ef71250b5ff238557c4f0d55398b8f8f3500,ETH,community_reported_desc,chainabuse_desc,OTHER,본문 언급 collector/cash-out,2025-06-30
0xd10d95bbaa10ffa4064d43d04182625e36d3a527,ETH,community_reported_desc,chainabuse_desc,IMPERSONATION,본문 언급 collector/cash-out,2022-08-03
0xd1287e6ba985b85ba94d6a91233e8e3f6901b685,ETH,community_reported_desc,chainabuse_desc,OTHER,본문 언급 collector/cash-out,2025-03-14
0xd13b093eafa3878de27183388fea7d0d2b0abf9e,ETH,community_reported_desc,chainabuse_desc,PHISHING,본문 언급 collector/cash-out,2023-01-04
0xd152f549545093347a162dce210e7293f1452150,ETH,community_reported_desc,chainabuse_desc,OTHER_HACK,본문 언급 collector/cash-out,2026-04-06
0xd17ba17f8e265499586032f15193e1a6e64f4923,ETH,community_reported_desc,chainabuse_desc,OTHER,본문 언급 collector/cash-out,2026-08-14
0xd17f1cc47aa516154025e9ef3c78f18fad48570e,ETH,community_reported_desc,chainabuse_desc,CONTRACT_EXPLOIT,본문 언급 collector/cash-out,2025-08-31
0xd1cc09032b4b80696e20f71c6d05505cd6aec0b2,ETH,community_reported_desc,chainabuse_desc,OTHER_HACK,본문 언급 collector/cash-out,2024-03-13
0xd27a1c4165595fe5a2fd8ba0722ddbec1954370b,ETH,community_reported_desc,chainabuse_desc,FAKE_RETURNS,본문 언급 collector/cash-out,2025-06-13
0xd280572f0f2e6386589aaea71fd87a1bdd9bf304,ETH,community_reported_desc,chainabuse_desc,IMPERSONATION,본문 언급 collector/cash-out,2023-12-03
0xd2a9a7cb303b22ab79cef3ff4f63379459e648fa,ETH,community_reported_desc,chainabuse_desc,OTHER_BLACKMAIL,본문 언급 collector/cash-out,2026-03-14
0xd2c0b69d804b895ef93dc6df061e16dd58c0ecc3,ETH,community_reported_desc,chainabuse_desc,RUG_PULL,본문 언급 collector/cash-out,2025-04-09
0xd2c82f2e5fa236e114a81173e375a73664610998,ETH,community_reported_desc,chainabuse_desc,OTHER,본문 언급 collector/cash-out,2024-03-30
0xd2ff05a138babc73f679623485fbc480c812b747,ETH,community_reported_desc,chainabuse_desc,AIRDROP,본문 언급 collector/cash-out,2025-05-09
0xd347e66ce84aa4526961f5fc322dd9f110806c07,ETH,community_reported_desc,chainabuse_desc,AIRDROP,본문 언급 collector/cash-out,2024-02-27
0xd3592a45ad7f7cef01b0fb13043e3c074d733d27,ETH,community_reported_desc,chainabuse_desc,OTHER_HACK,본문 언급 collector/cash-out,2025-01-09
0xd361e29c48841c40506fc6e6211f68a203ec1ef1,ETH,community_reported_desc,chainabuse_desc,PHISHING,본문 언급 collector/cash-out,2022-10-11
0xd36303a2fa6003e9376e3ae6eca3942f040f1429,ETH,community_reported_desc,chainabuse_desc,FAKE_PROJECT,본문 언급 collector/cash-out,2024-05-23
0xd36bcb250f1451cbfd0939ff3c192cc0f01a1502,ETH,community_reported_desc,chainabuse_desc,OTHER,본문 언급 collector/cash-out,2025-06-17
0xd36e81731c766998d81ca5002367858e3da730af,ETH,community_reported_desc,chainabuse_desc,PHISHING,본문 언급 collector/cash-out,2024-02-01
0xd37bbe5744d730a1d98d8dc97c42f0ca46ad7146,ETH,community_reported_desc,chainabuse_desc,OTHER_HACK,본문 언급 collector/cash-out,2026-05-08
0xd38bedeae1edfbcaff6cc73c588fe25db76dac96,ETH,community_reported_desc,chainabuse_desc,OTHER_HACK,본문 언급 collector/cash-out,2025-10-16
0xd3a11b629004b9d3e09ec2ca3d2a8af00b5fc59b,ETH,community_reported_desc,chainabuse_desc,PHISHING,본문 언급 collector/cash-out,2024-02-13
0xd40a842c718c6d5d710b7a03c76f8c4d995b620b,ETH,community_reported_desc,chainabuse_desc,PHISHING,본문 언급 collector/cash-out,2026-02-27
0xd41540bd46600043b2a3d670c5dcb01260e8ae5f,ETH,community_reported_desc,chainabuse_desc,PHISHING,본문 언급 collector/cash-out,2025-01-02
0xd44f48962e1e9146d9aab3e326a34537c10d66b7,ETH,community_reported_desc,chainabuse_desc,PHISHING,본문 언급 collector/cash-out,2024-01-11
0xd45a3d0758938f7ec6756ae941445ba6626efaa6,ETH,community_reported_desc,chainabuse_desc,PHISHING,본문 언급 collector/cash-out,2024-07-18
0xd4d2960e1e58a597723ae021cc811193f79153b1,ETH,community_reported_desc,chainabuse_desc,PHISHING,본문 언급 collector/cash-out,2025-05-26
0xd4fa1f1744a4e3de9ba3210baa4a1f647a64eb04,ETH,community_reported_desc,chainabuse_desc,FAKE_PROJECT,본문 언급 collector/cash-out,2024-07-23
0xd50bea265858c8769782f6dfb42c092ebced6b62,ETH,community_reported_desc,chainabuse_desc,FAKE_RETURNS,본문 언급 collector/cash-out,2026-03-12
0xd523794c879d9ec028960a231f866758e405be34,ETH,community_reported_desc,chainabuse_desc,OTHER_HACK,본문 언급 collector/cash-out,2025-05-31
0xd52f8cb29147004f082b35ce714e7e65275794aa,ETH,community_reported_desc,chainabuse_desc,FAKE_RETURNS,본문 언급 collector/cash-out,2024-07-04
0xd5300d8b396cb09fa4f5b5c627b44363fdf3475d,ETH,community_reported_desc,chainabuse_desc,RUG_PULL,본문 언급 collector/cash-out,2024-04-09
0xd571d478b93aff0c7827d3d4dc9f981d420c12c3,ETH,community_reported_desc,chainabuse_desc,SEXTORTION,본문 언급 collector/cash-out,2025-10-24
0xd575000b5ad4fc4fa1df5c9577c1314420f9a16a,ETH,community_reported_desc,chainabuse_desc,OTHER_HACK,본문 언급 collector/cash-out,2025-03-13
0xd5d9d0c07a0a254932c9a267ca2df348c7efe43f,ETH,community_reported_desc,chainabuse_desc,OTHER_HACK,본문 언급 collector/cash-out,2025-10-27
0xd655e2fb5c9dac59c4aa46d64599d25341ed92ed,ETH,community_reported_desc,chainabuse_desc,OTHER_HACK,본문 언급 collector/cash-out,2026-03-23
0xd65a3a3ab196b378b5143e559d82526d91e81f49,ETH,community_reported_desc,chainabuse_desc,PHISHING,본문 언급 collector/cash-out,2024-05-23
0xd68836995ebfe1b00408e4874e160a98e5f34186,ETH,community_reported_desc,chainabuse_desc,FAKE_PROJECT,본문 언급 collector/cash-out,2026-03-24
0xd68b25a1a0318dff1ec8a72f4ead0f36b03b7faf,ETH,community_reported_desc,chainabuse_desc,PHISHING,본문 언급 collector/cash-out,2025-10-29
0xd69594fee25db8be6d57c0bcdb5be002b45b5334,ETH,community_reported_desc,chainabuse_desc,OTHER_HACK,본문 언급 collector/cash-out,2024-07-28
0xd6a394ac7471e82084abbb49f3ffe5bbd0e74fb9,ETH,community_reported_desc,chainabuse_desc,IMPERSONATION,본문 언급 collector/cash-out,2025-07-29
0xd6d0f152d3ab2b3c7bc4357d3d021bc4f1ab835a,ETH,community_reported_desc,chainabuse_desc,FAKE_RETURNS,본문 언급 collector/cash-out,2025-04-10
0xd6f631c796a56a5d448dd88a01f15058c4a0be52,ETH,community_reported_desc,chainabuse_desc,CONTRACT_EXPLOIT,본문 언급 collector/cash-out,2022-12-05
0xd70953397aaf81a21d3b47e3160dff74cd0e7cb0,ETH,community_reported_desc,chainabuse_desc,OTHER_HACK,본문 언급 collector/cash-out,2024-06-05
0xd70e6f80939ced089d01851ac754c7a0765518bf,ETH,community_reported_desc,chainabuse_desc,FAKE_PROJECT,본문 언급 collector/cash-out,2024-07-03
0xd717a2a4b7b02e522f04b5b1a9191e332acbcbdc,ETH,community_reported_desc,chainabuse_desc,OTHER,본문 언급 collector/cash-out,2024-03-04
0xd74bc5725edb34087a48e0810667ef95c0c066df,ETH,community_reported_desc,chainabuse_desc,OTHER_HACK,본문 언급 collector/cash-out,2024-02-12
0xd751825e6e129d955bcf02f05c63ec96a5318f52,ETH,community_reported_desc,chainabuse_desc,PHISHING,본문 언급 collector/cash-out,2026-05-12
0xd774557b647330c91bf44cfeab205095f7e6c367,ETH,community_reported_desc,chainabuse_desc,PHISHING,본문 언급 collector/cash-out,2026-03-14
0xd789d807d4f272289f766503da119d553d13797c,ETH,community_reported_desc,chainabuse_desc,FAKE_RETURNS,본문 언급 collector/cash-out,2025-02-01
0xd7c771bd30cbfb0829446c413065e0412c166342,ETH,community_reported_desc,chainabuse_desc,PIGBUTCHERING,본문 언급 collector/cash-out,2025-10-06
0xd7d11d74b63149c6e6793347d6cdd4e573528bde,ETH,community_reported_desc,chainabuse_desc,FAKE_RETURNS,본문 언급 collector/cash-out,2024-01-25
0xd7dd3f39d133fbe471253ac65b391f3b2eaec186,ETH,community_reported_desc,chainabuse_desc,OTHER_HACK,본문 언급 collector/cash-out,2026-03-24
0xd8101caf11b8f6f04e25c312c7a266fb05b0edd2,ETH,community_reported_desc,chainabuse_desc,IMPERSONATION,본문 언급 collector/cash-out,2025-06-03
0xd8169e644045e19b792892b8dbf358c99d3c075b,ETH,community_reported_desc,chainabuse_desc,FAKE_RETURNS,본문 언급 collector/cash-out,2025-11-30
0xd8172675fce3a437c58430c25c3f9b56f2ab21fc,ETH,community_reported_desc,chainabuse_desc,OTHER_HACK,본문 언급 collector/cash-out,2025-11-07
0xd81fd21e3470ed994ae6df9b8313047bbd14eee2,ETH,community_reported_desc,chainabuse_desc,OTHER_HACK,본문 언급 collector/cash-out,2025-04-01
0xd822358813da190d5515f8047ee74277a34cb006,ETH,community_reported_desc,chainabuse_desc,JOB_SCAM,본문 언급 collector/cash-out,2025-09-11
0xd82e9d73fc39851c840483c8457adb9066c9892b,ETH,community_reported_desc,chainabuse_desc,PHISHING,본문 언급 collector/cash-out,2026-08-10
0xd831990fc7fc268c66c1996d76a13f663403b676,ETH,community_reported_desc,chainabuse_desc,OTHER,본문 언급 collector/cash-out,2026-03-03
0xd83b13c30d25dbd58ea29cf746979700865d6d42,ETH,community_reported_desc,chainabuse_desc,ROMANCE,본문 언급 collector/cash-out,2025-04-25
0xd86db5d230994b157fb7e43b60ab3638fcdde373,ETH,community_reported_desc,chainabuse_desc,OTHER_HACK,본문 언급 collector/cash-out,2025-06-18
0xd87445cd1553e81bc2fe4b69f35f8e6b5a0d4054,ETH,community_reported_desc,chainabuse_desc,OTHER,본문 언급 collector/cash-out,2024-06-14
0xd88ea43ff7bfe2e6786e5e80135c4e1a56871783,ETH,community_reported_desc,chainabuse_desc,OTHER_HACK,본문 언급 collector/cash-out,2026-03-06
0xd88f38f930b7952f2db2432cb002e7abbf3dd869,ETH,community_reported_desc,chainabuse_desc,PHISHING,본문 언급 collector/cash-out,2025-06-25
0xd8c14c9c5ba4abe1a0c73673840d4d74449b492a,ETH,community_reported_desc,chainabuse_desc,PHISHING,본문 언급 collector/cash-out,2024-10-01
0xd8f09f5257a5a82f4303beedbeb3c318b92ddb85,ETH,community_reported_desc,chainabuse_desc,PHISHING,본문 언급 collector/cash-out,2026-07-07
0xd90a69f648fa7d68a6b3f86f74d03e6dfd24aaea,ETH,community_reported_desc,chainabuse_desc,OTHER_HACK,본문 언급 collector/cash-out,2025-07-14
0xd90e2f925da726b50c4ed8d0fb90ad053324f31b,ETH,community_reported_desc,chainabuse_desc,OTHER_HACK,본문 언급 collector/cash-out,2026-07-06
0xd978fc14bc4049c8d0acdd09af168f1788f90bf4,ETH,community_reported_desc,chainabuse_desc,JOB_SCAM,본문 언급 collector/cash-out,2025-10-24
0xd991f3186185f6beaacb123bcbf417ea73d2d7b0,ETH,community_reported_desc,chainabuse_desc,PHISHING,본문 언급 collector/cash-out,2023-12-19
0xd99cf37e2b7c1f3e074cc4c769ea09746c59e690,ETH,community_reported_desc,chainabuse_desc,FAKE_PROJECT,본문 언급 collector/cash-out,2025-11-28
0xda206205cb2a4c8ae706ecef6c24d08460057f43,ETH,community_reported_desc,chainabuse_desc,PIGBUTCHERING,본문 언급 collector/cash-out,2025-08-07
0xda4ddae1f7a81f0ba802f81171b9ed503dde480d,ETH,community_reported_desc,chainabuse_desc,PHISHING,본문 언급 collector/cash-out,2025-05-23
0xda5857d0dfcc8e7c53cf816b14f3bce0976b0710,ETH,community_reported_desc,chainabuse_desc,OTHER,본문 언급 collector/cash-out,2026-07-25
0xda60ec5030a821ac0537aa86eed48d0587ec61b4,ETH,community_reported_desc,chainabuse_desc,FAKE_PROJECT,본문 언급 collector/cash-out,2025-02-10
0xda6212e75247233c982b6c1ef51605fbde631dc3,ETH,community_reported_desc,chainabuse_desc,OTHER_HACK,본문 언급 collector/cash-out,2025-08-13
0xda78918ce7af0f99b3dd47a03a53333ddbf1b86d,ETH,community_reported_desc,chainabuse_desc,RUG_PULL,본문 언급 collector/cash-out,2024-06-07
0xda7ecb90221c93e76455a73ce04a34538cc3d818,ETH,community_reported_desc,chainabuse_desc,RUG_PULL,본문 언급 collector/cash-out,2025-06-24
0xdaa1ad33c0497e06aac12c794f42a367ac383b92,ETH,community_reported_desc,chainabuse_desc,FAKE_RETURNS,본문 언급 collector/cash-out,2025-12-06
0xdac17f958d2ee523a2206206994597c13d831ec7,ETH,community_reported_desc,chainabuse_desc,OTHER_HACK,본문 언급 collector/cash-out,2026-06-12
0xdac2daea5ff77757cd8376383d92bacefefa4391,ETH,community_reported_desc,chainabuse_desc,FAKE_RETURNS,본문 언급 collector/cash-out,2025-06-30
0xdac303479eb57f1778a62152d7871978ecbd7455,ETH,community_reported_desc,chainabuse_desc,AIRDROP,본문 언급 collector/cash-out,2024-02-01
0xdaecf32512ef9ec51fdb0d91bb9294e0fd8b1778,ETH,community_reported_desc,chainabuse_desc,OTHER,본문 언급 collector/cash-out,2024-10-11
0xdaf88087954cd5398dc57607799ca6b2b28b8db8,ETH,community_reported_desc,chainabuse_desc,OTHER_HACK,본문 언급 collector/cash-out,2024-05-08
0xdafd694b64006a225d604aae4abe4b6697cfeb15,ETH,community_reported_desc,chainabuse_desc,FAKE_RETURNS,본문 언급 collector/cash-out,2025-10-12
0xdafea492d9c6733ae3d56b7ed1adb60692c98bc5,ETH,community_reported_desc,chainabuse_desc,DONATION_SCAM,본문 언급 collector/cash-out,2024-03-14
0xdb4fdd69d88ebeb0538d3b0f899f6c22f37d4578,ETH,community_reported_desc,chainabuse_desc,PHISHING,본문 언급 collector/cash-out,2024-02-13
0xdb60db48ded9766c1b80c9ecf0e574e835c030eb,ETH,community_reported_desc,chainabuse_desc,PHISHING,본문 언급 collector/cash-out,2025-12-07
0xdb648755175fd75f711c72f74a809ab4faf4bd7d,ETH,community_reported_desc,chainabuse_desc,OTHER_HACK,본문 언급 collector/cash-out,2024-11-13
0xdb68d289caeaeeaa6a343dbce5b4c85777744230,ETH,community_reported_desc,chainabuse_desc,PHISHING,본문 언급 collector/cash-out,2026-07-10
0xdb7285f9bd503fe06194b151cb19f258a15db54d,ETH,community_reported_desc,chainabuse_desc,OTHER_HACK,본문 언급 collector/cash-out,2025-10-24
0xdb9117e8ad983c5d9b852cc60cd806439a0524d2,ETH,community_reported_desc,chainabuse_desc,OTHER_HACK,본문 언급 collector/cash-out,2025-08-06
0xdb917c9f53618474454659cca12d99950f097958,ETH,community_reported_desc,chainabuse_desc,RUG_PULL,본문 언급 collector/cash-out,2025-06-17
0xdbc5ea04bb52626e5b3271cc29b8fa42ad58a2c0,ETH,community_reported_desc,chainabuse_desc,IMPERSONATION,본문 언급 collector/cash-out,2025-08-13
0xdbdb4d16eda451d0503b854cf79d55697f90c8df,ETH,community_reported_desc,chainabuse_desc,PHISHING,본문 언급 collector/cash-out,2024-04-20
0xdc1219909999181524a680a7a7a256215405d373,ETH,community_reported_desc,chainabuse_desc,FAKE_PROJECT,본문 언급 collector/cash-out,2025-09-05
0xdc8d1cbdf7b6a2d5b503ff7bffd85a6002358050,ETH,community_reported_desc,chainabuse_desc,IMPERSONATION,본문 언급 collector/cash-out,2025-09-27
0xdcc4bd0f207807e0feef14ee9ec0e2997f3c3f3a,ETH,community_reported_desc,chainabuse_desc,JOB_SCAM,본문 언급 collector/cash-out,2026-06-18
0xdcd64e8cbd4d534368a7c3da8cf470d35b0ef043,ETH,community_reported_desc,chainabuse_desc,PHISHING,본문 언급 collector/cash-out,2026-05-19
0xdd01d4c23536dac7a9846b0635643ff60a19d80c,ETH,community_reported_desc,chainabuse_desc,OTHER_HACK,본문 언급 collector/cash-out,2025-07-26
0xdd030903c07acfb721dbca90d9ad022ff0b8db32,ETH,community_reported_desc,chainabuse_desc,PIGBUTCHERING,본문 언급 collector/cash-out,2026-03-26
0xdd12aedfb84c20792ef39dbfd500a1007c1df1c4,ETH,community_reported_desc,chainabuse_desc,PHISHING,본문 언급 collector/cash-out,2025-01-18
0xdd43d35b84583767f75ba07d1719bbf24f8dda1f,ETH,community_reported_desc,chainabuse_desc,IMPERSONATION,본문 언급 collector/cash-out,2025-05-17
0xdd63fe25e25b76686df754d5283e8c5e703ae39f,ETH,community_reported_desc,chainabuse_desc,PHISHING,본문 언급 collector/cash-out,2025-10-16
0xdd6d684d8145e23323366b129e1b85d28477de53,ETH,community_reported_desc,chainabuse_desc,IMPERSONATION,본문 언급 collector/cash-out,2024-10-08
0xdd79a1573721caaf7ee6d571cf8aeabde1ed6326,ETH,community_reported_desc,chainabuse_desc,FAKE_RETURNS,본문 언급 collector/cash-out,2025-09-02
0xddb3e83d2f4aaa682cc660f8361a65fdd8fa73b9,ETH,community_reported_desc,chainabuse_desc,PHISHING,본문 언급 collector/cash-out,2026-06-27
0xdde8b12336ef55d0365a8bf43f35dfd536029597,ETH,community_reported_desc,chainabuse_desc,PHISHING,본문 언급 collector/cash-out,2025-02-12
0xde60e7ea42f99851b8dc4234880ac121eef6bd5f,ETH,community_reported_desc,chainabuse_desc,PHISHING,본문 언급 collector/cash-out,2022-11-05
0xde617b937b6707179b858cb09645df6aa5922a4e,ETH,community_reported_desc,chainabuse_desc,OTHER_HACK,본문 언급 collector/cash-out,2026-02-22
0xdedb8cb0524cea05a85840642f6c4d49d2bfe614,ETH,community_reported_desc,chainabuse_desc,PHISHING,본문 언급 collector/cash-out,2024-05-21
0xdefdf3f920c0cd66c176a1b8b71388bc0415dc87,ETH,community_reported_desc,chainabuse_desc,OTHER_HACK,본문 언급 collector/cash-out,2025-01-20
0xdf83ebdff7a967138703828dd08f4008861ebdf0,ETH,community_reported_desc,chainabuse_desc,FAKE_PROJECT,본문 언급 collector/cash-out,2025-07-09
0xdfa4d6433ef8e334ad2cf4daa3c83ed8b8cc515f,ETH,community_reported_desc,chainabuse_desc,FAKE_RETURNS,본문 언급 collector/cash-out,2026-03-05
0xdfc0484fc9adf64a21a86825178ecaefde32d0f7,ETH,community_reported_desc,chainabuse_desc,PHISHING,본문 언급 collector/cash-out,2025-04-21
0xdfd5293d8e347dfe59e90efd55b2956a1343963d,ETH,community_reported_desc,chainabuse_desc,FAKE_PROJECT,본문 언급 collector/cash-out,2026-06-03
0xe0062a28798f85388da4355fe8a1bb4ec921ed3a,ETH,community_reported_desc,chainabuse_desc,FAKE_RETURNS,본문 언급 collector/cash-out,2025-11-05
0xe00b147d4aca460d3043e2361da36b8e4cadd298,ETH,community_reported_desc,chainabuse_desc,RUG_PULL,본문 언급 collector/cash-out,2026-03-20
0xe028ad103c66247f8f9d4fecdb82f206f4efbc90,ETH,community_reported_desc,chainabuse_desc,PHISHING,본문 언급 collector/cash-out,2023-11-03
0xe02f11374256f5fc6b3fa1fbb73e4a116a88f325,ETH,community_reported_desc,chainabuse_desc,FAKE_RETURNS,본문 언급 collector/cash-out,2025-04-15
0xe03e4721c75188de6dd9ccf4fc0eb7c81399e305,ETH,community_reported_desc,chainabuse_desc,PHISHING,본문 언급 collector/cash-out,2023-05-03
0xe046ce08e365220ff374d1c042d2de092aab026c,ETH,community_reported_desc,chainabuse_desc,OTHER,본문 언급 collector/cash-out,2022-11-02
0xe04957a237e12f9f17edbd8966e573543a5af517,ETH,community_reported_desc,chainabuse_desc,OTHER_HACK,본문 언급 collector/cash-out,2026-07-20
0xe0554a476a092703abdb3ef35c80e0d76d32939f,ETH,community_reported_desc,chainabuse_desc,IMPERSONATION,본문 언급 collector/cash-out,2026-03-18
0xe071b2107f42fd40d6fa4b951bf4253cc8146de9,ETH,community_reported_desc,chainabuse_desc,OTHER_HACK,본문 언급 collector/cash-out,2024-12-16
0xe078f05db3a46ed6822796385b0fa962788c6e70,ETH,community_reported_desc,chainabuse_desc,OTHER_HACK,본문 언급 collector/cash-out,2025-07-30
0xe0837e0f308bf1de8747cb514afc0d3f5a08d18a,ETH,community_reported_desc,chainabuse_desc,DONATION_SCAM,본문 언급 collector/cash-out,2024-06-11
0xe0b015e54d54fc84a6cb9b666099c46ade9335ff,ETH,community_reported_desc,chainabuse_desc,OTHER_HACK,본문 언급 collector/cash-out,2024-03-03
0xe0e2978562916b5bf32a4b4751254a0f377c2fe7,ETH,community_reported_desc,chainabuse_desc,FAKE_RETURNS,본문 언급 collector/cash-out,2025-02-11
0xe0e763d58d376724e74cc9bbd1592c172618fd56,ETH,community_reported_desc,chainabuse_desc,FAKE_PROJECT,본문 언급 collector/cash-out,2025-02-14
0xe0ed4cf34225c55600eff5a2083e8d913f018ec8,ETH,community_reported_desc,chainabuse_desc,PHISHING,본문 언급 collector/cash-out,2024-02-26
0xe0f25477261b5aeee4037f7c76307e8985da11b6,ETH,community_reported_desc,chainabuse_desc,PIGBUTCHERING,본문 언급 collector/cash-out,2025-10-23
0xe12e0f117d23a5ccc57f8935cd8c4e80cd91ff01,ETH,community_reported_desc,chainabuse_desc,PIGBUTCHERING,본문 언급 collector/cash-out,2026-04-11
0xe147a73e7d783166f791f10342a0122db80814c4,ETH,community_reported_desc,chainabuse_desc,OTHER_HACK,본문 언급 collector/cash-out,2023-04-06
0xe16056a77c514d5bf5259d722e68c50296b7914e,ETH,community_reported_desc,chainabuse_desc,OTHER_HACK,본문 언급 collector/cash-out,2024-07-15
0xe177e80392843c75a388f40a49388c2dfb67299f,ETH,community_reported_desc,chainabuse_desc,PHISHING,본문 언급 collector/cash-out,2025-07-24
0xe179b9ca4d080f57c9ec1f81945b1ef7740e7b39,ETH,community_reported_desc,chainabuse_desc,FAKE_PROJECT,본문 언급 collector/cash-out,2026-08-09
0xe1c462e63c987221d29538ef6eb348f16d610835,ETH,community_reported_desc,chainabuse_desc,PIGBUTCHERING,본문 언급 collector/cash-out,2026-01-05
0xe1cdfa3a681c9864fd7ed7dd6ca1ffd86547815c,ETH,community_reported_desc,chainabuse_desc,ROMANCE,본문 언급 collector/cash-out,2025-07-14
0xe1d61ce4ea783175af3db196871dc2595ed6c697,ETH,community_reported_desc,chainabuse_desc,AIRDROP,본문 언급 collector/cash-out,2024-12-20
0xe25dde4e75473cec5ca50c74480528b61205cced,ETH,community_reported_desc,chainabuse_desc,OTHER_HACK,본문 언급 collector/cash-out,2023-11-21
0xe288849d0252532d59a9f8158ca968113d94a2a3,ETH,community_reported_desc,chainabuse_desc,AIRDROP,본문 언급 collector/cash-out,2024-01-26
0xe28e415e675dfd32a4e5c0dcb8c09ed45e83b68d,ETH,community_reported_desc,chainabuse_desc,FAKE_PROJECT,본문 언급 collector/cash-out,2025-08-07
0xe291cc3e5b9e0c9b37c9fbdd549abf3b5c0ad342,ETH,community_reported_desc,chainabuse_desc,FAKE_RETURNS,본문 언급 collector/cash-out,2025-07-14
0xe2d14e976e88e7a7911de4e57cc692f0088b620f,ETH,community_reported_desc,chainabuse_desc,AIRDROP,본문 언급 collector/cash-out,2026-02-15
0xe2d2e864ee0add55bf877351980ba79521f9b4f1,ETH,community_reported_desc,chainabuse_desc,FAKE_RETURNS,본문 언급 collector/cash-out,2023-09-20
0xe2fc31f816a9b94326492132018c3aecc4a93ae1,ETH,community_reported_desc,chainabuse_desc,OTHER_HACK,본문 언급 collector/cash-out,2025-03-18
0xe306d61625ee44fd268e669c04176640ae27a2d6,ETH,community_reported_desc,chainabuse_desc,FAKE_PROJECT,본문 언급 collector/cash-out,2024-07-03
0xe3104a907896293fd0733315a5d41e66fa34879d,ETH,community_reported_desc,chainabuse_desc,FAKE_RETURNS,본문 언급 collector/cash-out,2024-01-25
0xe33763a4d3d8edd6d58f92b693bb477cfd110fcb,ETH,community_reported_desc,chainabuse_desc,OTHER,본문 언급 collector/cash-out,2024-06-29
0xe35a9de2be4103ddd6ece0e5871918d35040c7f8,ETH,community_reported_desc,chainabuse_desc,PIGBUTCHERING,본문 언급 collector/cash-out,2026-06-04
0xe3af4782b958e30d13b4a6f1d6fe0905815f74c0,ETH,community_reported_desc,chainabuse_desc,PHISHING,본문 언급 collector/cash-out,2025-02-04
0xe3d1491571880242291322641994689af6a41c99,ETH,community_reported_desc,chainabuse_desc,JOB_SCAM,본문 언급 collector/cash-out,2025-10-25
0xe3e39cab739b94116e64ff8369fe6d453e81c73e,ETH,community_reported_desc,chainabuse_desc,OTHER_HACK,본문 언급 collector/cash-out,2025-08-13
0xe4456a415ea89db019185885b122985b25fd4946,ETH,community_reported_desc,chainabuse_desc,IMPERSONATION,본문 언급 collector/cash-out,2024-10-20
0xe4596d482dc47880b404958cf55a7353328bd469,ETH,community_reported_desc,chainabuse_desc,FAKE_RETURNS,본문 언급 collector/cash-out,2025-11-06
0xe45f7a9d7f8f8bb2a278e3df7aa7b9281166ddf4,ETH,community_reported_desc,chainabuse_desc,OTHER,본문 언급 collector/cash-out,2025-06-17
0xe46309fe8d4bcedc6b7d4d38106763aee48cfd03,ETH,community_reported_desc,chainabuse_desc,OTHER_HACK,본문 언급 collector/cash-out,2026-03-06
0xe4760e207bd7763a332c940fe9182a612b602235,ETH,community_reported_desc,chainabuse_desc,PIGBUTCHERING,본문 언급 collector/cash-out,2026-07-16
0xe4c8ae859f48f2e3999b8146780d7110376099b2,ETH,community_reported_desc,chainabuse_desc,OTHER_HACK,본문 언급 collector/cash-out,2023-01-11
0xe4ede65f4e34b9f62bb40a58c80bbbe0a19a0dc3,ETH,community_reported_desc,chainabuse_desc,PHISHING,본문 언급 collector/cash-out,2026-01-19
0xe58726c44db68cff3bc5b786248a5bc08f98ac9a,ETH,community_reported_desc,chainabuse_desc,OTHER_HACK,본문 언급 collector/cash-out,2025-07-09
0xe58a21044e2181017d3cfa6ad1099cfb34ade98c,ETH,community_reported_desc,chainabuse_desc,CONTRACT_EXPLOIT,본문 언급 collector/cash-out,2025-12-03
0xe58cb658d590912d7c6b5eb21821859468bc91b1,ETH,community_reported_desc,chainabuse_desc,RUG_PULL,본문 언급 collector/cash-out,2025-04-09
0xe5df6583ee8dae9f532e65d7d2c30a961c442f8a,ETH,community_reported_desc,chainabuse_desc,OTHER_HACK,본문 언급 collector/cash-out,2025-07-30
0xe5fb5b912cf9f7e87b1a58cf9d9f1997ef9ef539,ETH,community_reported_desc,chainabuse_desc,FAKE_RETURNS,본문 언급 collector/cash-out,2024-12-28
0xe6072eb5bda16f8d9e3e5a726d913cfe360cf690,ETH,community_reported_desc,chainabuse_desc,PHISHING,본문 언급 collector/cash-out,2024-05-19
0xe62e5bc74d2fc46c728aed982d3b9e760ef4847b,ETH,community_reported_desc,chainabuse_desc,FAKE_PROJECT,본문 언급 collector/cash-out,2024-03-30
0xe638e5b6bc48f3395315b709804fbfcd70d5b5c2,ETH,community_reported_desc,chainabuse_desc,OTHER_HACK,본문 언급 collector/cash-out,2026-02-21
0xe64b48bf7137f61f1d8dbf9011ec87f9b8f030d4,ETH,community_reported_desc,chainabuse_desc,OTHER,본문 언급 collector/cash-out,2022-10-28
0xe65edaeb8fdb554c99987bcf46d984e7b36c8240,ETH,community_reported_desc,chainabuse_desc,OTHER,본문 언급 collector/cash-out,2022-06-24
0xe65f17ad26c7dd899bef4b28679755ae538e8ddd,ETH,community_reported_desc,chainabuse_desc,FAKE_RETURNS,본문 언급 collector/cash-out,2025-04-10
0xe69c3c9a3182f77775768c86d3908eca7f62b9cb,ETH,community_reported_desc,chainabuse_desc,OTHER_HACK,본문 언급 collector/cash-out,2026-02-22
0xe6b3ac2c8409a2f585cf3e0843db548d572d7432,ETH,community_reported_desc,chainabuse_desc,FAKE_PROJECT,본문 언급 collector/cash-out,2025-07-23
0xe6b5cc1b4b47305c58392ce3d359b10282fc36ea,ETH,community_reported_desc,chainabuse_desc,AIRDROP,본문 언급 collector/cash-out,2022-12-14
0xe6d4ea3a094e3989971038580e649fb4f38707e4,ETH,community_reported_desc,chainabuse_desc,FAKE_RETURNS,본문 언급 collector/cash-out,2025-07-25
0xe70ec3709ca57e2102ae9418571fe0e0b4412257,ETH,community_reported_desc,chainabuse_desc,FAKE_PROJECT,본문 언급 collector/cash-out,2024-07-12
0xe73224fec4cd7c67f1bace95bffb4a0c12c5725b,ETH,community_reported_desc,chainabuse_desc,IMPERSONATION,본문 언급 collector/cash-out,2024-12-12
0xe74cf79915b3bcf253b05392acfe32db2e814893,ETH,community_reported_desc,chainabuse_desc,PHISHING,본문 언급 collector/cash-out,2026-07-04
0xe7684ae69553acdc2913bc2d6c3c098eb5ef34ff,ETH,community_reported_desc,chainabuse_desc,OTHER_HACK,본문 언급 collector/cash-out,2024-10-19
0xe76e4e5406d565bb8cc54a1f24281a079617b3e6,ETH,community_reported_desc,chainabuse_desc,FAKE_RETURNS,본문 언급 collector/cash-out,2025-11-06
0xe77d3370c0d89761006c40516847a406c1b8e2ea,ETH,community_reported_desc,chainabuse_desc,FAKE_RETURNS,본문 언급 collector/cash-out,2025-06-04
0xe78490efb5ccea8398aa0e94fe13afa790e235b3,ETH,community_reported_desc,chainabuse_desc,ROMANCE,본문 언급 collector/cash-out,2024-01-15
0xe7a204dc05b80b4117304974077ec4f7523be93b,ETH,community_reported_desc,chainabuse_desc,FAKE_RETURNS,본문 언급 collector/cash-out,2026-06-14
0xe7c22fffe9b389e8d2ce5d03822e752be37b9c5c,ETH,community_reported_desc,chainabuse_desc,PHISHING,본문 언급 collector/cash-out,2025-06-30
0xe7dc2261f18f13e28065236f278e13323e2f24dd,ETH,community_reported_desc,chainabuse_desc,PHISHING,본문 언급 collector/cash-out,2023-12-30
0xe8390e93159e021209143d99039249c660490b4d,ETH,community_reported_desc,chainabuse_desc,PHISHING,본문 언급 collector/cash-out,2025-11-16
0xe8832a868c091263ed190a9f4be304a03895dd91,ETH,community_reported_desc,chainabuse_desc,OTHER_HACK,본문 언급 collector/cash-out,2026-04-23
0xe8f3450ca5f0a47b79eece4ae1002b2e675b9ad0,ETH,community_reported_desc,chainabuse_desc,OTHER_HACK,본문 언급 collector/cash-out,2024-03-04
0xe8fc52b1bb3a40fd8889c0f8f75879676310ddf0,ETH,community_reported_desc,chainabuse_desc,OTHER,본문 언급 collector/cash-out,2024-04-03
0xe91b373212f8ae32925cbcf39ab3a7b0763c27c9,ETH,community_reported_desc,chainabuse_desc,PIGBUTCHERING,본문 언급 collector/cash-out,2026-05-10
0xe96856fd4eedde192f36ccf26a0cfcf73dfe2797,ETH,community_reported_desc,chainabuse_desc,IMPERSONATION,본문 언급 collector/cash-out,2025-07-31
0xe971eef56f7030c94407c3eb323d80643c652c06,ETH,community_reported_desc,chainabuse_desc,OTHER_HACK,본문 언급 collector/cash-out,2024-05-08
0xe98b55383457db7735b531e9543ae5b6d770664a,ETH,community_reported_desc,chainabuse_desc,PHISHING,본문 언급 collector/cash-out,2024-05-09
0xea01563ff865616f39e2e440fd6304d57d4992ba,ETH,community_reported_desc,chainabuse_desc,PHISHING,본문 언급 collector/cash-out,2024-12-04
0xea62defcdfe5254d4dcefcb147fce0eb34a4003e,ETH,community_reported_desc,chainabuse_desc,OTHER_HACK,본문 언급 collector/cash-out,2024-10-31
0xea985a702240cb5ea3785434ab6baac74e7a7e59,ETH,community_reported_desc,chainabuse_desc,IMPERSONATION,본문 언급 collector/cash-out,2023-12-20
0xeaa4b552a498449df3526002a249e93c76958fe4,ETH,community_reported_desc,chainabuse_desc,IMPERSONATION,본문 언급 collector/cash-out,2026-07-07
0xeabfccc51d89b85d78409013063b035d2b6bf63f,ETH,community_reported_desc,chainabuse_desc,AIRDROP,본문 언급 collector/cash-out,2023-10-23
0xeac34060b4d67f91157b2f62cb7cbad18fadb41a,ETH,community_reported_desc,chainabuse_desc,PHISHING,본문 언급 collector/cash-out,2024-12-27
0xeaca56fb98a01fca2a7a9ff643a90add2c346ce7,ETH,community_reported_desc,chainabuse_desc,FAKE_PROJECT,본문 언급 collector/cash-out,2026-04-16
0xeaceab42c66aee3023849a57049f801f14beb7ea,ETH,community_reported_desc,chainabuse_desc,OTHER_HACK,본문 언급 collector/cash-out,2024-10-29
0xeae1a6d4ae27f8f864332fc0ad4d87ec32ddc060,ETH,community_reported_desc,chainabuse_desc,CONTRACT_EXPLOIT,본문 언급 collector/cash-out,2026-06-29
0xeb0a3a6c20cecfe1c92694f7a3406dd42fb1de23,ETH,community_reported_desc,chainabuse_desc,PHISHING,본문 언급 collector/cash-out,2025-06-03
0xeb23c161fa206e3d1bf7229e176bb506c15ca096,ETH,community_reported_desc,chainabuse_desc,OTHER_HACK,본문 언급 collector/cash-out,2026-06-12
0xeb38b26db34e6fefd1421140f450aa1122ffcc61,ETH,community_reported_desc,chainabuse_desc,PIGBUTCHERING,본문 언급 collector/cash-out,2025-04-18
0xeb3e928a2e54be013ef8241d4c9eaf4dfae94d5a,ETH,community_reported_desc,chainabuse_desc,IMPERSONATION,본문 언급 collector/cash-out,2024-08-15
0xeb5312bf6c8c3a90e5da4c5e934a1a329421c271,ETH,community_reported_desc,chainabuse_desc,PHISHING,본문 언급 collector/cash-out,2024-06-26
0xeb604bef0452b4ec1a6ccdaa9be9293572875fad,ETH,community_reported_desc,chainabuse_desc,IMPERSONATION,본문 언급 collector/cash-out,2025-07-28
0xeb62850cccefdff2ea87dde9577b371ae5aa4007,ETH,community_reported_desc,chainabuse_desc,RANSOMWARE,본문 언급 collector/cash-out,2025-09-30
0xeb8a9f443c047253919d5a3ec232387c662a121e,ETH,community_reported_desc,chainabuse_desc,OTHER_HACK,본문 언급 collector/cash-out,2025-01-31
0xeba88149813bec1cccccfdb0dacefaaa5de94cb1,ETH,community_reported_desc,chainabuse_desc,OTHER_HACK,본문 언급 collector/cash-out,2026-03-05
0xebae3301801fc5e775001748509f8fa55975731e,ETH,community_reported_desc,chainabuse_desc,IMPERSONATION,본문 언급 collector/cash-out,2025-05-23
0xebc9c5313038186675df8430099568627f04eba9,ETH,community_reported_desc,chainabuse_desc,OTHER_HACK,본문 언급 collector/cash-out,2026-07-11
0xec16d993b8ac12459e2fac7829e0c25148a6b8d3,ETH,community_reported_desc,chainabuse_desc,IMPERSONATION,본문 언급 collector/cash-out,2024-08-15
0xec458b20f16566e3ada83cbafad0240d5737795f,ETH,community_reported_desc,chainabuse_desc,OTHER_HACK,본문 언급 collector/cash-out,2024-04-01
0xec68602d630982b47133fbd77761ba67d0757ef4,ETH,community_reported_desc,chainabuse_desc,PHISHING,본문 언급 collector/cash-out,2024-05-21
0xec954c8d9e41541155c52ef298b633a200d994c3,ETH,community_reported_desc,chainabuse_desc,PHISHING,본문 언급 collector/cash-out,2026-07-01
0xeca25b9a756ced247a11ece89308e32f584b6c41,ETH,community_reported_desc,chainabuse_desc,OTHER_HACK,본문 언급 collector/cash-out,2024-01-26
0xece806c7eed51a204ef72eee8d68f541efcc14c6,ETH,community_reported_desc,chainabuse_desc,MAN_IN_THE_MIDDLE_ATTACK,본문 언급 collector/cash-out,2026-08-11
0xed1f8b4b1f1e3edc17a8b741b3e4d16d533dc0fe,ETH,community_reported_desc,chainabuse_desc,OTHER_HACK,본문 언급 collector/cash-out,2025-10-03
0xed5af388653567af2f388e6224dc7c4b3241c544,ETH,community_reported_desc,chainabuse_desc,CONTRACT_EXPLOIT,본문 언급 collector/cash-out,2024-05-22
0xed68508ce7254d35fa34eadb13f8c1aa46d56414,ETH,community_reported_desc,chainabuse_desc,FAKE_PROJECT,본문 언급 collector/cash-out,2025-06-24
0xed90fe5c58d62b751e80825d1c558fb8d91a27cd,ETH,community_reported_desc,chainabuse_desc,IMPERSONATION,본문 언급 collector/cash-out,2026-03-18
0xeda95ed3e3436c689376889f9ed0a8f4ba23e866,ETH,community_reported_desc,chainabuse_desc,OTHER_HACK,본문 언급 collector/cash-out,2024-01-11
0xedba0c27025c062897f1eed6bd9ef80216b12d67,ETH,community_reported_desc,chainabuse_desc,FAKE_PROJECT,본문 언급 collector/cash-out,2026-06-03
0xedbc3b763dc9553cbbcdfa85b8a8579b6156e432,ETH,community_reported_desc,chainabuse_desc,OTHER_BLACKMAIL,본문 언급 collector/cash-out,2025-02-04
0xedeff972c35477a546985caabcf295817a99d1b2,ETH,community_reported_desc,chainabuse_desc,OTHER_HACK,본문 언급 collector/cash-out,2024-12-16
0xee6b99695d57bff68bae70485d8cb76ee00da547,ETH,community_reported_desc,chainabuse_desc,OTHER_HACK,본문 언급 collector/cash-out,2024-11-13
0xee7ae85f2fe2239e27d9c1e23fffe168d63b4055,ETH,community_reported_desc,chainabuse_desc,OTHER,본문 언급 collector/cash-out,2026-08-14
0xee80d04303e2c850cc5571a9f41077afc0ff4887,ETH,community_reported_desc,chainabuse_desc,PIGBUTCHERING,본문 언급 collector/cash-out,2026-05-06
0xee8a8e7c85f1b51dc07c8fbcb3bd4214312fb621,ETH,community_reported_desc,chainabuse_desc,PHISHING,본문 언급 collector/cash-out,2025-07-12
0xeed29eb169904a377693bd21ee3bf6941b8cec20,ETH,community_reported_desc,chainabuse_desc,FAKE_RETURNS,본문 언급 collector/cash-out,2026-03-18
0xef1c6e67703c7bd7107eed8303fbe6ec2554bf6b,ETH,community_reported_desc,chainabuse_desc,FAKE_PROJECT,본문 언급 collector/cash-out,2025-10-02
0xef317e433b0836f294866d43f67d6871b609b351,ETH,community_reported_desc,chainabuse_desc,IMPERSONATION,본문 언급 collector/cash-out,2025-07-31
0xef4fb24ad0916217251f553c0596f8edc630eb66,ETH,community_reported_desc,chainabuse_desc,OTHER_HACK,본문 언급 collector/cash-out,2026-03-25
0xef61fe376ca8739fe74f9184343c0c6aefc8f417,ETH,community_reported_desc,chainabuse_desc,SIM_SWAP,본문 언급 collector/cash-out,2025-08-05
0xefea5575bf887de97a7369f7451daa40d0febc5c,ETH,community_reported_desc,chainabuse_desc,PIGBUTCHERING,본문 언급 collector/cash-out,2026-03-01
0xeff037536c08830c29faa14b2c350484d60f33db,ETH,community_reported_desc,chainabuse_desc,PHISHING,본문 언급 collector/cash-out,2023-09-10
0xeff198aee6b0f420d0948db09458816977df2e38,ETH,community_reported_desc,chainabuse_desc,RUG_PULL,본문 언급 collector/cash-out,2025-07-31
0xf023ae708c5c1b99e46853691b2741aff2fe2aa2,ETH,community_reported_desc,chainabuse_desc,CONTRACT_EXPLOIT,본문 언급 collector/cash-out,2025-01-06
0xf029f0ada1599b0eb0b1a7b14001e1313c4a1641,ETH,community_reported_desc,chainabuse_desc,FAKE_PROJECT,본문 언급 collector/cash-out,2024-05-01
0xf05af16738dcf041cb8d571406b36673e3c7bf0b,ETH,community_reported_desc,chainabuse_desc,PHISHING,본문 언급 collector/cash-out,2026-06-05
0xf06b3310486f872ab6808f6602af65a0ef0f48f8,ETH,community_reported_desc,chainabuse_desc,PHISHING,본문 언급 collector/cash-out,2026-02-27
0xf081470f5c6fbccf48cc4e5b82dd926409dcdd67,ETH,community_reported_desc,chainabuse_desc,PHISHING,본문 언급 collector/cash-out,2024-02-11
0xf0de02917b156fce8bdd56c3cdc6ee9ba3829378,ETH,community_reported_desc,chainabuse_desc,OTHER_HACK,본문 언급 collector/cash-out,2026-03-23
0xf121eb05da5a3ef76e277e63867ace86dcea0045,ETH,community_reported_desc,chainabuse_desc,IMPERSONATION,본문 언급 collector/cash-out,2023-06-25
0xf13a291118da2afd992b8947de8293039de5c368,ETH,community_reported_desc,chainabuse_desc,RUG_PULL,본문 언급 collector/cash-out,2026-03-05
0xf1496d0aa181f7ed1f9d0f70d408f72baff39d60,ETH,community_reported_desc,chainabuse_desc,PHISHING,본문 언급 collector/cash-out,2024-03-06
0xf1652a7c76e0df9c491f471dddffca0b79420c7f,ETH,community_reported_desc,chainabuse_desc,OTHER_BLACKMAIL,본문 언급 collector/cash-out,2024-12-13
0xf16b6aa35ee1e26b85530690fd63b6f5d4025579,ETH,community_reported_desc,chainabuse_desc,ROMANCE,본문 언급 collector/cash-out,2023-12-23
0xf17ec722ee16113a98d1c921799f9ad328a16462,ETH,community_reported_desc,chainabuse_desc,OTHER,본문 언급 collector/cash-out,2025-09-17
0xf1a072aab4d9c04c39e3c715cd391116dfdf26c7,ETH,community_reported_desc,chainabuse_desc,PHISHING,본문 언급 collector/cash-out,2026-05-24
0xf1cd51457654860fb457f5720d5d31838a78b2fe,ETH,community_reported_desc,chainabuse_desc,OTHER_HACK,본문 언급 collector/cash-out,2026-04-27
0xf1da173228fcf015f43f3ea15abbb51f0d8f1123,ETH,community_reported_desc,chainabuse_desc,FAKE_PROJECT,본문 언급 collector/cash-out,2025-04-13
0xf216f3de2921034da0e37dde17af1dc97d6734a4,ETH,community_reported_desc,chainabuse_desc,RUG_PULL,본문 언급 collector/cash-out,2025-06-23
0xf23f1beab2de78b6b0f68fff5fef07faea3e3c41,ETH,community_reported_desc,chainabuse_desc,OTHER_HACK,본문 언급 collector/cash-out,2025-10-27
0xf2969fe5766c2ad74f69c3d24f492f327e50b810,ETH,community_reported_desc,chainabuse_desc,PHISHING,본문 언급 collector/cash-out,2026-05-12
0xf2986ced0a1f92114a86df7234004740a61c710f,ETH,community_reported_desc,chainabuse_desc,FAKE_RETURNS,본문 언급 collector/cash-out,2026-01-25
0xf2a909a1565d93fbea69a593b7b5b9a1fd7d2dd3,ETH,community_reported_desc,chainabuse_desc,OTHER_HACK,본문 언급 collector/cash-out,2026-01-01
0xf30ba13e4b04ce5dc4d254ae5fa95477800f0eb0,ETH,community_reported_desc,chainabuse_desc,IMPERSONATION,본문 언급 collector/cash-out,2026-08-18
0xf3261c1916dbb21881797d87c900af56d7b6d3eb,ETH,community_reported_desc,chainabuse_desc,OTHER_HACK,본문 언급 collector/cash-out,2025-10-30
0xf33dc6f3eb0c62a3c1679a74d61a28b2bb5da5b0,ETH,community_reported_desc,chainabuse_desc,PHISHING,본문 언급 collector/cash-out,2025-08-31
0xf36df8be8384722793eb718724aa28bdbc6297d8,ETH,community_reported_desc,chainabuse_desc,OTHER_HACK,본문 언급 collector/cash-out,2024-03-03
0xf384262adb5ef335cb8765e61b4568a0c65107ef,ETH,community_reported_desc,chainabuse_desc,FAKE_PROJECT,본문 언급 collector/cash-out,2022-12-14
0xf3d761a1117878639132ecf9f9a77ea5b46e5ea0,ETH,community_reported_desc,chainabuse_desc,PHISHING,본문 언급 collector/cash-out,2023-08-03
0xf3e07812ebc8604fddb0aa35ff79a03f48f48948,ETH,community_reported_desc,chainabuse_desc,FAKE_RETURNS,본문 언급 collector/cash-out,2023-07-23
0xf440139a62b2b939699c5b3e09f88e40464ab9bc,ETH,community_reported_desc,chainabuse_desc,PIGBUTCHERING,본문 언급 collector/cash-out,2026-03-01
0xf4534b2d56cb9db33941529da57abce2b4b6f669,ETH,community_reported_desc,chainabuse_desc,FAKE_RETURNS,본문 언급 collector/cash-out,2025-06-30
0xf498832dbd3234c49649ab4394e6c97b61a11614,ETH,community_reported_desc,chainabuse_desc,PHISHING,본문 언급 collector/cash-out,2025-06-03
0xf4a188a63a1e830884c1b89d76d07f13d5d8d8b3,ETH,community_reported_desc,chainabuse_desc,FAKE_PROJECT,본문 언급 collector/cash-out,2025-12-26
0xf4e534af2401f8d2bd335df651e12f41d99e41b8,ETH,community_reported_desc,chainabuse_desc,PIGBUTCHERING,본문 언급 collector/cash-out,2026-05-25
0xf5042e6ffac5a625d4e7848e0b01373d8eb9e222,ETH,community_reported_desc,chainabuse_desc,PHISHING,본문 언급 collector/cash-out,2026-04-28
0xf511dd27be0101eda6bf03707bdf7a6527505c96,ETH,community_reported_desc,chainabuse_desc,OTHER_HACK,본문 언급 collector/cash-out,2026-04-13
0xf56135a865e790ba3078d3f23b5deddb066871d9,ETH,community_reported_desc,chainabuse_desc,AIRDROP,본문 언급 collector/cash-out,2023-09-20
0xf5a60683da6877359381b88aaa7be345c3ba7d8a,ETH,community_reported_desc,chainabuse_desc,OTHER_HACK,본문 언급 collector/cash-out,2023-12-01
0xf5bde7eb378661f04c841b22ba057326b0370153,ETH,community_reported_desc,chainabuse_desc,AIRDROP,본문 언급 collector/cash-out,2023-09-14
0xf5bec430576ff1b82e44ddb5a1c93f6f9d0884f3,ETH,community_reported_desc,chainabuse_desc,FAKE_PROJECT,본문 언급 collector/cash-out,2025-12-03
0xf5cc771bca619ce2868e1253f4024d8b4d0332d1,ETH,community_reported_desc,chainabuse_desc,RUG_PULL,본문 언급 collector/cash-out,2026-04-12
0xf5d09e603d792be4ffe823cbb97aa2dbf84be53f,ETH,community_reported_desc,chainabuse_desc,PHISHING,본문 언급 collector/cash-out,2024-07-08
0xf5e10380213880111522dd0efd3dbb45b9f62bcc,ETH,community_reported_desc,chainabuse_desc,OTHER_HACK,본문 언급 collector/cash-out,2025-02-07
0xf6130be9462f847607539e5920e03908061fddd2,ETH,community_reported_desc,chainabuse_desc,OTHER,본문 언급 collector/cash-out,2022-05-19
0xf64564ba87ca5728c988d9e4b102fb377cf73241,ETH,community_reported_desc,chainabuse_desc,OTHER_HACK,본문 언급 collector/cash-out,2026-05-10
0xf676b1d0fbb4cd393cdae460f3312d9b89402b0b,ETH,community_reported_desc,chainabuse_desc,OTHER_HACK,본문 언급 collector/cash-out,2025-10-23
0xf6897fe4df3f40d7658af46bfefe077b4ded8e99,ETH,community_reported_desc,chainabuse_desc,PHISHING,본문 언급 collector/cash-out,2023-12-26
0xf69c234f91a3cb86242acda97577786481691a51,ETH,community_reported_desc,chainabuse_desc,FAKE_RETURNS,본문 언급 collector/cash-out,2024-12-28
0xf6d536c40456761e9bcd15dd227918a821a29b0d,ETH,community_reported_desc,chainabuse_desc,OTHER,본문 언급 collector/cash-out,2024-09-08
0xf6e0d94a74dd238b8a89795caa9f47026f862baf,ETH,community_reported_desc,chainabuse_desc,PHISHING,본문 언급 collector/cash-out,2026-05-24
0xf6ee635c28dda95a74ba989807000cbe00317d27,ETH,community_reported_desc,chainabuse_desc,OTHER_HACK,본문 언급 collector/cash-out,2024-10-30
0xf7413de76ff5e77cb0605b0877594762cc8fe2a9,ETH,community_reported_desc,chainabuse_desc,OTHER,본문 언급 collector/cash-out,2026-02-20
0xf78b2eda7c1e20ff9906b31fe3612195bce9d6ce,ETH,community_reported_desc,chainabuse_desc,OTHER,본문 언급 collector/cash-out,2026-08-14
0xf7ac89b4b91e8c6945b25a82e56699971e7f03b8,ETH,community_reported_desc,chainabuse_desc,OTHER_HACK,본문 언급 collector/cash-out,2026-02-22
0xf7b1cd3e382f39d9f3eedb6c90883d8183fdfbfd,ETH,community_reported_desc,chainabuse_desc,OTHER_HACK,본문 언급 collector/cash-out,2024-10-19
0xf7d142a354322c7560250caa0e2a06c89649e4c2,ETH,community_reported_desc,chainabuse_desc,FAKE_PROJECT,본문 언급 collector/cash-out,2024-03-08
0xf7d9bdc179a8c5b858c78404840508399e066ea9,ETH,community_reported_desc,chainabuse_desc,FAKE_RETURNS,본문 언급 collector/cash-out,2023-07-23
0xf7e34cdde148f3ee1cbbfa65320b43ef490050a9,ETH,community_reported_desc,chainabuse_desc,FAKE_RETURNS,본문 언급 collector/cash-out,2024-04-22
0xf7f4ac1b0a5afb843cbee6cd83ffd62f026cc32f,ETH,community_reported_desc,chainabuse_desc,RUG_PULL,본문 언급 collector/cash-out,2023-06-09
0xf80d8c1aad3cc712b07d834ad267b20b814e2bfa,ETH,community_reported_desc,chainabuse_desc,OTHER_HACK,본문 언급 collector/cash-out,2024-03-23
0xf826927bf2b78eadeb1d8b045115f409e6d9c3dc,ETH,community_reported_desc,chainabuse_desc,PHISHING,본문 언급 collector/cash-out,2024-04-28
0xf83253408d82cc7947e7dc63b10d8ff3e25c7ec4,ETH,community_reported_desc,chainabuse_desc,IMPERSONATION,본문 언급 collector/cash-out,2024-12-13
0xf83e763b736160f0b1def728189b1deeedcbe5ee,ETH,community_reported_desc,chainabuse_desc,OTHER,본문 언급 collector/cash-out,2024-11-03
0xf862f6ae74369ca38b1cab4e962573777de6269b,ETH,community_reported_desc,chainabuse_desc,PHISHING,본문 언급 collector/cash-out,2024-11-25
0xf87f6f77d695039599412b9fe04ddc89a5e7eb79,ETH,community_reported_desc,chainabuse_desc,PHISHING,본문 언급 collector/cash-out,2022-11-05
0xf886b794c716fdc27b51c2237de7ebdadf5801a1,ETH,community_reported_desc,chainabuse_desc,FAKE_PROJECT,본문 언급 collector/cash-out,2025-11-28
0xf89d7b9c864f589bbf53a82105107622b35eaa40,ETH,community_reported_desc,chainabuse_desc,FAKE_RETURNS,본문 언급 collector/cash-out,2025-10-10
0xf8a0cf8f507f08c6414af944acaaf638ae6ffb4c,ETH,community_reported_desc,chainabuse_desc,FAKE_RETURNS,본문 언급 collector/cash-out,2024-12-28
0xf8eac44679a810da49dbc58e89271b00434209d9,ETH,community_reported_desc,chainabuse_desc,OTHER_HACK,본문 언급 collector/cash-out,2026-03-15
0xf9112a7dcec02776dfefda056f179d82ed065d99,ETH,community_reported_desc,chainabuse_desc,FAKE_RETURNS,본문 언급 collector/cash-out,2023-12-04
0xf930b0a0500d8f53b2e7efa4f7bcb5cc0c71067e,ETH,community_reported_desc,chainabuse_desc,OTHER_HACK,본문 언급 collector/cash-out,2024-10-19
0xf93d66697efdd0bf5373a727ce4b72756e2ae1a0,ETH,community_reported_desc,chainabuse_desc,PIGBUTCHERING,본문 언급 collector/cash-out,2026-01-05
0xf94c21d87720376594fc70e5b74501ee29228888,ETH,community_reported_desc,chainabuse_desc,PHISHING,본문 언급 collector/cash-out,2026-08-17
0xf991052e52bedcf6873cc99327aa92ed673c5297,ETH,community_reported_desc,chainabuse_desc,IMPERSONATION,본문 언급 collector/cash-out,2024-08-15
0xf995db3b71903277ba615e2a56baac3e5208880c,ETH,community_reported_desc,chainabuse_desc,PHISHING,본문 언급 collector/cash-out,2024-12-18
0xf9a521579c09ac3addc2fcf7b705284e15b5e579,ETH,community_reported_desc,chainabuse_desc,PIGBUTCHERING,본문 언급 collector/cash-out,2025-07-19
0xf9a5236163729ee3c519c2d83500050296c1e579,ETH,community_reported_desc,chainabuse_desc,PIGBUTCHERING,본문 언급 collector/cash-out,2025-07-19
0xf9b17ea9dd5ee16a46b5c0c24c52ffea38549c6c,ETH,community_reported_desc,chainabuse_desc,OTHER_HACK,본문 언급 collector/cash-out,2025-09-19
0xf9bc652b81f84ee4d4af4f454cf0c6f873c508d2,ETH,community_reported_desc,chainabuse_desc,PHISHING,본문 언급 collector/cash-out,2026-04-13
0xf9f7d38f29d999276a9b8f99b99b27af5203832f,ETH,community_reported_desc,chainabuse_desc,FAKE_PROJECT,본문 언급 collector/cash-out,2024-07-03
0xfa489b0c62ca2301004d26ca2de520cae38fa6f6,ETH,community_reported_desc,chainabuse_desc,OTHER_HACK,본문 언급 collector/cash-out,2024-10-19
0xfa7093cdd9ee6932b4eb2c9e1cde7ce00b1fa4b9,ETH,community_reported_desc,chainabuse_desc,OTHER_HACK,본문 언급 collector/cash-out,2026-02-21
0xfa8c53b715755762209de11923fb99bc4607954b,ETH,community_reported_desc,chainabuse_desc,PHISHING,본문 언급 collector/cash-out,2026-04-21
0xfa8ca24115e19f77748b3e017efe2d03a7cd0581,ETH,community_reported_desc,chainabuse_desc,RUG_PULL,본문 언급 collector/cash-out,2026-02-02
0xfad1d9a812bae02726e42e0099e445b252864fa1,ETH,community_reported_desc,chainabuse_desc,FAKE_RETURNS,본문 언급 collector/cash-out,2024-03-21
0xfadd528331fbcafbd254687150e5a061c7c76be5,ETH,community_reported_desc,chainabuse_desc,PHISHING,본문 언급 collector/cash-out,2024-05-07
0xfaf183728133b98b32dd8997aee02141d0c11008,ETH,community_reported_desc,chainabuse_desc,FAKE_RETURNS,본문 언급 collector/cash-out,2025-11-06
0xfb2979214d093891897d871ebc32f232e9818a98,ETH,community_reported_desc,chainabuse_desc,FAKE_PROJECT,본문 언급 collector/cash-out,2024-06-25
0xfb35b53abf6269abe43ce5c95d4e9fa2efe2b789,ETH,community_reported_desc,chainabuse_desc,OTHER_HACK,본문 언급 collector/cash-out,2024-04-26
0xfb3ce81f610bfc633db2bdb54d2bfdc0b5047dce,ETH,community_reported_desc,chainabuse_desc,OTHER_HACK,본문 언급 collector/cash-out,2024-02-14
0xfb5d5658dc0f72cb4d0873500a84e711b87a831a,ETH,community_reported_desc,chainabuse_desc,PHISHING,본문 언급 collector/cash-out,2025-02-27
0xfb766bd5e70a588fa3a2222cdd16f9145e3c3850,ETH,community_reported_desc,chainabuse_desc,OTHER_HACK,본문 언급 collector/cash-out,2024-06-10
0xfba15eae53c5263b9b272cdb76f278ee9f6e0111,ETH,community_reported_desc,chainabuse_desc,RUG_PULL,본문 언급 collector/cash-out,2026-02-24
0xfba6eb280088fbbe6a387c38386980668b23ed07,ETH,community_reported_desc,chainabuse_desc,PHISHING,본문 언급 collector/cash-out,2024-12-18
0xfbcac0b291507ffdf151ae09899fc86736e59413,ETH,community_reported_desc,chainabuse_desc,PIGBUTCHERING,본문 언급 collector/cash-out,2025-07-19
0xfbe8330e2b05707aa4782192d79724fd6f8b14f2,ETH,community_reported_desc,chainabuse_desc,FAKE_PROJECT,본문 언급 collector/cash-out,2025-07-09
0xfc16cd8bc1c0e1974bb713145ef49a927cbe692a,ETH,community_reported_desc,chainabuse_desc,FAKE_RETURNS,본문 언급 collector/cash-out,2025-08-20
0xfc28d9155efaa0f0f1c0b85542c0da8b372949de,ETH,community_reported_desc,chainabuse_desc,CONTRACT_EXPLOIT,본문 언급 collector/cash-out,2025-07-09
0xfc4eaa4ac84d00f1c5854113581f881b42b4a745,ETH,community_reported_desc,chainabuse_desc,OTHER_HACK,본문 언급 collector/cash-out,2024-12-13
0xfc6c104d190fce9234b8b4720c4830f01e81219b,ETH,community_reported_desc,chainabuse_desc,OTHER_HACK,본문 언급 collector/cash-out,2024-01-21
0xfc8b73d3a94ae48a0703962bb10c863351734d08,ETH,community_reported_desc,chainabuse_desc,AIRDROP,본문 언급 collector/cash-out,2025-04-15
0xfcd5b61ed69df8a211aec1a1ad5d4eaad91a406e,ETH,community_reported_desc,chainabuse_desc,FAKE_PROJECT,본문 언급 collector/cash-out,2025-11-03
0xfcf8acece49eaec6169b9f6d13accba3903affeb,ETH,community_reported_desc,chainabuse_desc,PHISHING,본문 언급 collector/cash-out,2024-03-15
0xfd11496ed6a6d1bc872af818d9e4a1b2fb9e85fd,ETH,community_reported_desc,chainabuse_desc,PHISHING,본문 언급 collector/cash-out,2026-05-29
0xfd2b61e84806bf810b4a0cc8ddf6a1fca1f63102,ETH,community_reported_desc,chainabuse_desc,PHISHING,본문 언급 collector/cash-out,2026-03-08
0xfd5fafbacb05a41748d69de56dcfc5fedfe90e25,ETH,community_reported_desc,chainabuse_desc,PIGBUTCHERING,본문 언급 collector/cash-out,2026-03-01
0xfd7ee4906bda909a240fc56d6b854c738bf7aa7e,ETH,community_reported_desc,chainabuse_desc,PHISHING,본문 언급 collector/cash-out,2026-05-12
0xfd874a29d5056f43d7cace355f80fa8c0714e188,ETH,community_reported_desc,chainabuse_desc,FAKE_PROJECT,본문 언급 collector/cash-out,2023-10-16
0xfd95cb688c1e80aaeface2aaa0d568a0ff6822a8,ETH,community_reported_desc,chainabuse_desc,OTHER_HACK,본문 언급 collector/cash-out,2024-03-03
0xfda83181ebccab7f4260b0beb461c592a0f0f999,ETH,community_reported_desc,chainabuse_desc,RUG_PULL,본문 언급 collector/cash-out,2025-09-25
0xfdecaaec69573f8385a9655827288e1532ee7083,ETH,community_reported_desc,chainabuse_desc,FAKE_RETURNS,본문 언급 collector/cash-out,2025-08-13
0xfe2baaffefe37137cb91f667a0e091e1e4dbf5b8,ETH,community_reported_desc,chainabuse_desc,FAKE_RETURNS,본문 언급 collector/cash-out,2026-03-18
0xfe4e4652813ea5f70a4876cbc0ebbc510d660615,ETH,community_reported_desc,chainabuse_desc,OTHER_BLACKMAIL,본문 언급 collector/cash-out,2022-08-17
0xfe6a68288d052aeaa88863b9f88e44f69fea9e81,ETH,community_reported_desc,chainabuse_desc,RUG_PULL,본문 언급 collector/cash-out,2024-05-24
0xfe7486e3a89591c3ae955183bde1f28c8fa4e182,ETH,community_reported_desc,chainabuse_desc,PHISHING,본문 언급 collector/cash-out,2025-03-27
0xfe947c9e236a1bd9524fc81975fed4c648be93ec,ETH,community_reported_desc,chainabuse_desc,FAKE_RETURNS,본문 언급 collector/cash-out,2023-09-15
0xff04b6030da81eda1abf26aabd42c3c120831c0d,ETH,community_reported_desc,chainabuse_desc,RUG_PULL,본문 언급 collector/cash-out,2025-01-23
0xff3343458ba2f79096ad032503f3845565af3309,ETH,community_reported_desc,chainabuse_desc,RUG_PULL,본문 언급 collector/cash-out,2026-06-02
0xff3a94f1cef9f1bc47471f28700e8fec728578ac,ETH,community_reported_desc,chainabuse_desc,PHISHING,본문 언급 collector/cash-out,2024-08-15
0xff4e1ff7b29a57b5cf434fcf35b0e937e484f98d,ETH,community_reported_desc,chainabuse_desc,FAKE_PROJECT,본문 언급 collector/cash-out,2025-10-25
0xff6137ab7cf970c6284f0a917b2497f7ae109a44,ETH,community_reported_desc,chainabuse_desc,OTHER_HACK,본문 언급 collector/cash-out,2025-09-19
0xff85bc55ba0e52650af5a2ce5ad17473f6677eb5,ETH,community_reported_desc,chainabuse_desc,IMPERSONATION,본문 언급 collector/cash-out,2025-08-13
0xffe691a6ddb5d2645321e0a920c2e7bdd00dd3d8,ETH,community_reported_desc,chainabuse_desc,RUG_PULL,본문 언급 collector/cash-out,2026-02-02
