address,chain,category,source,label,detail,ref_date
0x0000000000000000000000000000000000000000,ETH,defi_hack_attacker,kismp_defihack,,,
0x0000000000000000000000000000000000000001,ETH,defi_hack_attacker,kismp_defihack,,,
0x0000000000000000000000000000000000000802,ETH,defi_hack_attacker,kismp_defihack,,,
0x000000000000000000000000000000000000dead,ETH,defi_hack_attacker,kismp_defihack,,,
0x000000000000000000000005e5205493675adb6b,ETH,defi_hack_attacker,kismp_defihack,,,
0x0000000000004f3d8aaf9175fd824cb00ad4bf80,ETH,defi_hack_attacker,kismp_defihack,,,
0x000000000004444c5dc75cb358380d2e3de08a90,ETH,defi_hack_attacker,kismp_defihack,,,
0x0000000000085d4780b73119b644ae5ecd22b376,ETH,defi_hack_attacker,kismp_defihack,,,
0x00000000000a47b1298f18cf67de547bbe0d723f,ETH,defi_hack_attacker,kismp_defihack,,,
0x0000000002ba96c69b95e32caab8fc38bab8b3f8,ETH,defi_hack_attacker,kismp_defihack,,,
0x000000003704bc4ffb86000046721f44ef3dbabe,ETH,defi_hack_attacker,kismp_defihack,,,
0x0000000038b8889b6ab9790e20fc16fdc5714922,ETH,defi_hack_attacker,kismp_defihack,,,
0x00000000b7da455fed1553c4639c4b29983d8538,ETH,defi_hack_attacker,kismp_defihack,,,
0x00000000dd0412366388639b1101544fff2dce8d,ETH,defi_hack_attacker,kismp_defihack,,,
0x00000000fdac7708d0d360bddc1bc7d097f47439,ETH,defi_hack_attacker,kismp_defihack,,,
0x0000000f95c09138dfea7d9bcf3478fc2e13dcab,ETH,defi_hack_attacker,kismp_defihack,,,
0x0000003502aa61a5f1b1fdadff2cf947dfda526e,ETH,defi_hack_attacker,kismp_defihack,,,
0x00000047bb99ea4d791bb749d970de71ee0b1a34,ETH,defi_hack_attacker,kismp_defihack,,,
0x000000915f1b10b0ef5c4efe696ab65f13f36e74,ETH,defi_hack_attacker,kismp_defihack,,,
0x00007569643bc1709561ec2e86f385df3759e5dd,ETH,defi_hack_attacker,kismp_defihack,,,
0x0000daaee5fbc2d3fc5a5c0cb456d2c24e4f81de,ETH,defi_hack_attacker,kismp_defihack,,,
0x0012365f0a1e5f30a5046c680dcb21d07b15fcf7,ETH,defi_hack_attacker,kismp_defihack,,,
0x001e3ba199b4ff4b5b6e97acd96dafc0e2e4156e,ETH,defi_hack_attacker,kismp_defihack,,,
0x0032f5e1520a66c6e572e96a11fbf54aea26f9be,ETH,defi_hack_attacker,kismp_defihack,,,
0x00467f5921f1a343b96b9bf71ae7e9054ae72ea4,ETH,defi_hack_attacker,kismp_defihack,,,
0x004c167d27ada24305b76d80762997fa6eb8d9b2,ETH,defi_hack_attacker,kismp_defihack,,,
0x005299b37703511b35d851e17dd8d4615e8a2c9b,ETH,defi_hack_attacker,kismp_defihack,,,
0x00693a01221a5e93fb872637e3a9391ef5f48300,ETH,defi_hack_attacker,kismp_defihack,,,
0x00703face6621bd207d3b4ac9867058190c0bb09,ETH,defi_hack_attacker,kismp_defihack,,,
0x0079885e248b572cdc4559a8b156745e2d8ea1f7,ETH,defi_hack_attacker,kismp_defihack,,,
0x007fe7c498a2cf30971ad8f2cbc36bd14ac51156,ETH,defi_hack_attacker,kismp_defihack,,,
0x00a62eb08868ec6feb23465f61aa963b89e57e57,ETH,defi_hack_attacker,kismp_defihack,,,
0x00b700b9da0053009cb84400ed1e8fe251002af3,ETH,defi_hack_attacker,kismp_defihack,,,
0x00bad13fa32e0000e35b8517e19986b93f000034,ETH,defi_hack_attacker,kismp_defihack,,,
0x00c0f54d8afc60f3acd06e476cf504a6f7f06180,ETH,defi_hack_attacker,kismp_defihack,,,
0x00c409001c1900ddcda20000008e112417db003b,ETH,defi_hack_attacker,kismp_defihack,,,
0x00c58434f247dfdca49b9ee82f3013bac96f60ff,ETH,defi_hack_attacker,kismp_defihack,,,
0x00c7f3082833e796a5b3e4bd59f6642ff44dcd15,ETH,defi_hack_attacker,kismp_defihack,,,
0x00cb53780ea58503d3059fc02ddd596d0be926cb,ETH,defi_hack_attacker,kismp_defihack,,,
0x00dd464dba9fc0c20c4cc4d470e8bf965788c150,ETH,defi_hack_attacker,kismp_defihack,,,
0x00e62b6ccf1fe3e5e01ce07f6232d7f378518b6b,ETH,defi_hack_attacker,kismp_defihack,,,
0x00f116ac0c304c570daaa68fa6c30a86a04b5c5f,ETH,defi_hack_attacker,kismp_defihack,,,
0x00fac92881556a90fdb19eae9f23640b95b4bcbd,ETH,defi_hack_attacker,kismp_defihack,,,
0x0100ab3021de6e00c39be16424472164c281c308,ETH,defi_hack_attacker,kismp_defihack,,,
0x010fc97cb0a4d101dce20dab37361514bd59a53a,ETH,defi_hack_attacker,kismp_defihack,,,
0x01112ea0679110cbc0ddea567b51ec36825aef9b,ETH,defi_hack_attacker,kismp_defihack,,,
0x012fc6377f1c5ccf6e29967bce52e3629aaa6025,ETH,defi_hack_attacker,kismp_defihack,,,
0x013e29791a23020cf0621aece8649c38daae96f0,ETH,defi_hack_attacker,kismp_defihack,,,
0x014abff04e5c441b2ceaa62d843bbc5ae49e5504,ETH,defi_hack_attacker,kismp_defihack,,,
0x014e6f6ba7a9f4c9a51a0aa3189b5c0a21006869,ETH,defi_hack_attacker,kismp_defihack,,,
0x014ee3c3de6941cb0202dd2b30c89309e874b114,ETH,defi_hack_attacker,kismp_defihack,,,
0x015d0b51d0a65ad11cf4425de2ec86a7b320db3f,ETH,defi_hack_attacker,kismp_defihack,,,
0x0195448a9c4adeaf27002c6051c949f3c3234bb5,ETH,defi_hack_attacker,kismp_defihack,,,
0x019bfc71d43c3492926d4a9a6c781f36706970c9,ETH,defi_hack_attacker,kismp_defihack,,,
0x01a4d9089c243ccaebe40aa224ad0cab573b83c6,ETH,defi_hack_attacker,kismp_defihack,,,
0x01bdb7ada61c82e951b9ed9f0d312dc9af0ba0f2,ETH,defi_hack_attacker,kismp_defihack,,,
0x02300ac24838570012027e0a90d3feccef3c51d2,ETH,defi_hack_attacker,kismp_defihack,,,
0x025c6da5bd0e6a5dd1350fda9e3b6a614b205a1f,ETH,defi_hack_attacker,kismp_defihack,,,
0x02706a482fc9f6b20238157b56763391a45be60e,ETH,defi_hack_attacker,kismp_defihack,,,
0x028c911c10c9e346158206991e02d09bd0a8a35b,ETH,defi_hack_attacker,kismp_defihack,,,
0x02c30d32a92a3c338bc43b78933d293ded4f68c6,ETH,defi_hack_attacker,kismp_defihack,,,
0x02d841b976298dcd37ed6cc59f75d9dd39a3690c,ETH,defi_hack_attacker,kismp_defihack,,,
0x02dbe46169fdf6555f2a125eee3dce49703b13f5,ETH,defi_hack_attacker,kismp_defihack,,,
0x02f92800f57bcd74066f5709f1daa1a4302df875,ETH,defi_hack_attacker,kismp_defihack,,,
0x02fa2625825917e9b1f8346a465de1bbc150c5b9,ETH,defi_hack_attacker,kismp_defihack,,,
0x0305ddd42887676ec593b39ace691b772eb3c876,ETH,defi_hack_attacker,kismp_defihack,,,
0x03184aaa6ad4f7be876423d9967d1467220a544e,ETH,defi_hack_attacker,kismp_defihack,,,
0x031958a8137745350549fd95055398dd536a07c7,ETH,defi_hack_attacker,kismp_defihack,,,
0x031c97141721d8ceeb74f96684e4e712fcd6fefd,ETH,defi_hack_attacker,kismp_defihack,,,
0x03339ecae41bc162dacae5c2a275c8f64d6c80a0,ETH,defi_hack_attacker,kismp_defihack,,,
0x03560a9d7a2c391fb1a087c33650037ae30de3aa,ETH,defi_hack_attacker,kismp_defihack,,,
0x037e6eb26275dbfe3a5244239bbe973f1a56b449,ETH,defi_hack_attacker,kismp_defihack,,,
0x039d05a19e3436c536be5c814aaa70fcdbdde58b,ETH,defi_hack_attacker,kismp_defihack,,,
0x03b8b1ba6b02b8a566cb757dfa627f7198c44cb7,ETH,defi_hack_attacker,kismp_defihack,,,
0x03d8096377ea7683d840e395d72439f7b6415abe,ETH,defi_hack_attacker,kismp_defihack,,,
0x03d93835f5ce4dd7f0eaab019b33050939c722b1,ETH,defi_hack_attacker,kismp_defihack,,,
0x03f911aedc25c770e701b8f563e8102cfacd62c0,ETH,defi_hack_attacker,kismp_defihack,,,
0x04068da6c83afcfa0e13ba15a6696662335d5b75,ETH,defi_hack_attacker,kismp_defihack,,,
0x04377cfaf4b4a44bb84042218cdda4cebcf8fd62,ETH,defi_hack_attacker,kismp_defihack,,,
0x044b75f554b886a065b9567891e45c79542d7357,ETH,defi_hack_attacker,kismp_defihack,,,
0x044dd988e68902c5d6d24fe2054cbb2445bd1e12,ETH,defi_hack_attacker,kismp_defihack,,,
0x04756126f044634c9a0f0e985e60c88a51acc206,ETH,defi_hack_attacker,kismp_defihack,,,
0x047d41f2544b7f63a8e991af2068a363d210d6da,ETH,defi_hack_attacker,kismp_defihack,,,
0x04c0f31c0f59496cf195d2d7f1da908152722de7,ETH,defi_hack_attacker,kismp_defihack,,,
0x04c7c8476f91d2d6da5cada3b3e17fc4532fe0cc,ETH,defi_hack_attacker,kismp_defihack,,,
0x04c80bb477890f3021f03b068238836ee20aa0b8,ETH,defi_hack_attacker,kismp_defihack,,,
0x050163597d9905ba66400f7b3ca8f2ef23df702d,ETH,defi_hack_attacker,kismp_defihack,,,
0x0506e571aba3dd4c9d71bed479a4e6d40d95c833,ETH,defi_hack_attacker,kismp_defihack,,,
0x051d6a5f987e4fc53b458ec4f88a104356e6995a,ETH,defi_hack_attacker,kismp_defihack,,,
0x051ebd717311350f1684f89335bed4abd083a2b6,ETH,defi_hack_attacker,kismp_defihack,,,
0x05324c970713450ba0bc12efd840034fcb0a4baa,ETH,defi_hack_attacker,kismp_defihack,,,
0x0557713d02a15a69dea5dd4116047e50f521c1b1,ETH,defi_hack_attacker,kismp_defihack,,,
0x0567f2323251f0aab15c8dfb1967e4e8a7d42aee,ETH,defi_hack_attacker,kismp_defihack,,,
0x056c20ab7e25e4dd7e49568f964d98e415da63d3,ETH,defi_hack_attacker,kismp_defihack,,,
0x05a1b877330c168451f081bfaf32d690ea964fca,ETH,defi_hack_attacker,kismp_defihack,,,
0x05c2dd9cf547c6cccf91245346e6e1bc9926cae7,ETH,defi_hack_attacker,kismp_defihack,,,
0x05d968b7101701b6ad5a69d45323746e9a791eb5,ETH,defi_hack_attacker,kismp_defihack,,,
0x05e2899179003d7c328de3c224e9df2827406509,ETH,defi_hack_attacker,kismp_defihack,,,
0x05f016765c6c601fd05a10dba1abe21a04f924a5,ETH,defi_hack_attacker,kismp_defihack,,,
0x05ff2b0db69458a0750badebc4f9e13add608c7f,ETH,defi_hack_attacker,kismp_defihack,,,
0x060c169c4517d52c4be9a1dd53e41a3328d16f04,ETH,defi_hack_attacker,kismp_defihack,,,
0x061944c0f3c2d7dabafb50813efb05c4e0c952e1,ETH,defi_hack_attacker,kismp_defihack,,,
0x0655977feb2f289a4ab78af67bab0d17aab84367,ETH,defi_hack_attacker,kismp_defihack,,,
0x065e8a87b8f11aed6facf9447abe5e8c5d7502b6,ETH,defi_hack_attacker,kismp_defihack,,,
0x0689aa2234d06ac0d04cdac874331d287afa4b43,ETH,defi_hack_attacker,kismp_defihack,,,
0x06f01502327de1c37076bea4689a7e44279155e9,ETH,defi_hack_attacker,kismp_defihack,,,
0x06f585f74e0da633ae813a0f23fb9900b61d0fcd,ETH,defi_hack_attacker,kismp_defihack,,,
0x07185a9e74f8dceb7d6487400e4009ff76d1af46,ETH,defi_hack_attacker,kismp_defihack,,,
0x07d7685becb1a72a1cf614b4067419334c9f1b4d,ETH,defi_hack_attacker,kismp_defihack,,,
0x07df2ad9878f8797b4055230bbae5c808b8259b3,ETH,defi_hack_attacker,kismp_defihack,,,
0x083cfa7fd187be983ce5d519fe7ae78357779998,ETH,defi_hack_attacker,kismp_defihack,,,
0x085bdff2c522e8637d4154039db8746bb8642bff,ETH,defi_hack_attacker,kismp_defihack,,,
0x08606858ee5941af37e46f47012689cf83052b56,ETH,defi_hack_attacker,kismp_defihack,,,
0x08830038a6097c10f4a814274d5a68e64648d91c,ETH,defi_hack_attacker,kismp_defihack,,,
0x08947cedf35f9669012bda6fda9d03c399b017ab,ETH,defi_hack_attacker,kismp_defihack,,,
0x089a2011b577b70ba4bb533dcd413e6dc5b5c869,ETH,defi_hack_attacker,kismp_defihack,,,
0x08a525104ea2a92abbce8e4e61c667eed56f3b42,ETH,defi_hack_attacker,kismp_defihack,,,
0x08cfdff8ded5f1326628077f38d4f90df6417fd9,ETH,defi_hack_attacker,kismp_defihack,,,
0x08e08f4b701d33c253ad846868424c1f3c9a4db3,ETH,defi_hack_attacker,kismp_defihack,,,
0x09039e2082a0a815908e68bd52b86f96573768e8,ETH,defi_hack_attacker,kismp_defihack,,,
0x090a00a2de0ea83def700b5e216f87a5d4f394fe,ETH,defi_hack_attacker,kismp_defihack,,,
0x09176f68003c06f190ecdf40890e3324a9589557,ETH,defi_hack_attacker,kismp_defihack,,,
0x091d52cace1edc5527c99cdcfa6937c1635330e4,ETH,defi_hack_attacker,kismp_defihack,,,
0x096f0f03e4be68d7e6dd39b22a3846b8ce9849a3,ETH,defi_hack_attacker,kismp_defihack,,,
0x098b716b8aaf21512996dc57eb0615e2383e2f96,ETH,defi_hack_attacker,kismp_defihack,,,
0x09a80172ed7335660327cd664876b5df6fe06108,ETH,defi_hack_attacker,kismp_defihack,,,
0x09beddae85a9b5ada57a5bd7979bb7b3dd08b538,ETH,defi_hack_attacker,kismp_defihack,,,
0x09ed480feaf4cbc363481717e04e2c394ab326b4,ETH,defi_hack_attacker,kismp_defihack,,,
0x09eff2449882f9e727a8e9498787f8ff81465ade,ETH,defi_hack_attacker,kismp_defihack,,,
0x09f6be2a7d0d2789f01ddfaf04d4eaa94efc0857,ETH,defi_hack_attacker,kismp_defihack,,,
0x09f77e8a13de9a35a7231028187e9fd5db8a2acb,ETH,defi_hack_attacker,kismp_defihack,,,
0x0a0805082ea0fc8bfdcc6218a986efda6704efe5,ETH,defi_hack_attacker,kismp_defihack,,,
0x0a16a85be44627c10cee75db06b169c7bc76de2c,ETH,defi_hack_attacker,kismp_defihack,,,
0x0a3340129816a86b62b7eafd61427f743c315ef8,ETH,defi_hack_attacker,kismp_defihack,,,
0x0a360bd648eb86613961a2aa41dc1610c5305f4f,ETH,defi_hack_attacker,kismp_defihack,,,
0x0a3fbf5b4cf80db51fcae21efe63f6a36d45d2b2,ETH,defi_hack_attacker,kismp_defihack,,,
0x0a3fee894eb8fcb6f84460d5828d71be50612762,ETH,defi_hack_attacker,kismp_defihack,,,
0x0a652decf9caca373e2b50607ecb7b069d71a7ba,ETH,defi_hack_attacker,kismp_defihack,,,
0x0acd5019edc8ff765517e2e691c5eef6f9c08830,ETH,defi_hack_attacker,kismp_defihack,,,
0x0ad8229d4bc84135786ae752b9a9d53392a8afd4,ETH,defi_hack_attacker,kismp_defihack,,,
0x0ae38f7e10a43b5b2fb064b42a2f4514cba909ef,ETH,defi_hack_attacker,kismp_defihack,,,
0x0b09c86260c12294e3b967f0d523b4b2bcdfbeab,ETH,defi_hack_attacker,kismp_defihack,,,
0x0b1f9c2211f77ec3fa2719671c5646cf6e59b775,ETH,defi_hack_attacker,kismp_defihack,,,
0x0b2bcf06f740c322bc7276b6b90de08812ce9bfe,ETH,defi_hack_attacker,kismp_defihack,,,
0x0b464d2c36d52bbbf3071b2b0fca82032dcf656d,ETH,defi_hack_attacker,kismp_defihack,,,
0x0b47275e0fe7d5054373778960c99fd24f59ff52,ETH,defi_hack_attacker,kismp_defihack,,,
0x0b9a1391269e95162bfec8785e663258c209333b,ETH,defi_hack_attacker,kismp_defihack,,,
0x0b9f4dfb6eb2a8c2f26e98c4538422e6b8c4599f,ETH,defi_hack_attacker,kismp_defihack,,,
0x0bad8f95a996deade828d21dad765b60c2b2509c,ETH,defi_hack_attacker,kismp_defihack,,,
0x0bd0d9ba4f52db225b265c3cffa7bc4a418d22a9,ETH,defi_hack_attacker,kismp_defihack,,,
0x0bfbcf9fa4f9c56b0f40a671ad40e0805a091865,ETH,defi_hack_attacker,kismp_defihack,,,
0x0c06340f5024c114fe196fcb38e42d20ab00f6eb,ETH,defi_hack_attacker,kismp_defihack,,,
0x0c6c80d2061afa35e160f3799411d83bdeea0a5a,ETH,defi_hack_attacker,kismp_defihack,,,
0x0cbd6fadcf8096cc9a43d90b45f65826102e3ece,ETH,defi_hack_attacker,kismp_defihack,,,
0x0cc28b80d21ebe7b3f3320faa059f163e98a55a2,ETH,defi_hack_attacker,kismp_defihack,,,
0x0cc396f558aae5200bb0abb23225accafca31e27,ETH,defi_hack_attacker,kismp_defihack,,,
0x0ccee62efec983f3ec4bad3247153009fb483551,ETH,defi_hack_attacker,kismp_defihack,,,
0x0cd4fd0eecd2c5ad24de7f17ae35f9db6ac51ee7,ETH,defi_hack_attacker,kismp_defihack,,,
0x0cfc28d16d07219249c6d6d6ae24e7132ee4caa7,ETH,defi_hack_attacker,kismp_defihack,,,
0x0d3aafb9ade835456b2595509ac1f58922e465b3,ETH,defi_hack_attacker,kismp_defihack,,,
0x0d4a11d5eeaac28ec3f61d100daf4d40471f1852,ETH,defi_hack_attacker,kismp_defihack,,,
0x0d505c03d30e65f6e9b4ef88855a47a89e4b7676,ETH,defi_hack_attacker,kismp_defihack,,,
0x0dabdc92af35615443412a336344c591faed3f90,ETH,defi_hack_attacker,kismp_defihack,,,
0x0dfb6ac3a8ea88d058be219066931db2bee9a581,ETH,defi_hack_attacker,kismp_defihack,,,
0x0e09fabb73bd3ade0a17ecc321fd13a19e81ce82,ETH,defi_hack_attacker,kismp_defihack,,,
0x0e511aa1a137aad267dfe3a6bfca0b856c1a3682,ETH,defi_hack_attacker,kismp_defihack,,,
0x0e816b0d0a66252c72af822d3e0773a2676f3278,ETH,defi_hack_attacker,kismp_defihack,,,
0x0ec330df28ae6106a774d0add3e540ea8d226e3b,ETH,defi_hack_attacker,kismp_defihack,,,
0x0ed1c01b8420a965d7bd2374db02896464c91cd7,ETH,defi_hack_attacker,kismp_defihack,,,
0x0ed7e52944161450477ee417de9cd3a859b14fd0,ETH,defi_hack_attacker,kismp_defihack,,,
0x0edf13f6bd033f0f267d46c6e9dff9c7190e0fa0,ETH,defi_hack_attacker,kismp_defihack,,,
0x0eee3e3828a45f7601d5f54bf49bb01d1a9df5ea,ETH,defi_hack_attacker,kismp_defihack,,,
0x0f18d8b44a740272f0be4d08338d2b165b7edd17,ETH,defi_hack_attacker,kismp_defihack,,,
0x0f41d34b301e24e549b7445b3f620178bff331be,ETH,defi_hack_attacker,kismp_defihack,,,
0x0f41f9146de354e5ac6bb3996e2e319dc8a3bb7f,ETH,defi_hack_attacker,kismp_defihack,,,
0x0f44f3489d17e42ab13a6beb76e57813081fc1e2,ETH,defi_hack_attacker,kismp_defihack,,,
0x0f6b0960d2569f505126341085ed7f0342b67dae,ETH,defi_hack_attacker,kismp_defihack,,,
0x0fc6c0465c9739d4a42daca22eb3b2cb0eb9937a,ETH,defi_hack_attacker,kismp_defihack,,,
0x0fc91b6fea2e7a827a8c99c91101ed36c638521b,ETH,defi_hack_attacker,kismp_defihack,,,
0x0fdfcfc398ccc90124a0a41d920d6e2d0bd8ccf5,ETH,defi_hack_attacker,kismp_defihack,,,
0x0fe261aee0d1c4dfddee4102e82dd425999065f4,ETH,defi_hack_attacker,kismp_defihack,,,
0x0ff0ebc65deee10ba34fd81afb6b95527be46702,ETH,defi_hack_attacker,kismp_defihack,,,
0x101723def8695f5bb8d5d4aa70869c10b5ff6340,ETH,defi_hack_attacker,kismp_defihack,,,
0x102be4bccc2696c35fd5f5bfe54c1dfba416a741,ETH,defi_hack_attacker,kismp_defihack,,,
0x105e9b0266ae0ae670b7fe9af08cf32049f0dd21,ETH,defi_hack_attacker,kismp_defihack,,,
0x10703f7114dce7beaf8d23cde4bf72130bb0f56a,ETH,defi_hack_attacker,kismp_defihack,,,
0x1093ced81987bf532c2b7907b2a8525cd0c17295,ETH,defi_hack_attacker,kismp_defihack,,,
0x109ea28dbdea5e6ec126fbc8c33845dfe812a300,ETH,defi_hack_attacker,kismp_defihack,,,
0x10aa9eea35a3102cc47d4d93bc0ba9ae45557746,ETH,defi_hack_attacker,kismp_defihack,,,
0x10b5f02956d242ab770605d59b7d27e51e45774c,ETH,defi_hack_attacker,kismp_defihack,,,
0x10bc28d2810dd462e16facff18f78783e859351b,ETH,defi_hack_attacker,kismp_defihack,,,
0x10ed43c718714eb63d5aa57b78b54104e256024e,ETH,defi_hack_attacker,kismp_defihack,,,
0x10ed43c718714eb63d5aa57b78b54704e256024e,ETH,defi_hack_attacker,kismp_defihack,,,
0x1111111111111111111111111111111111111111,ETH,defi_hack_attacker,kismp_defihack,,,
0x1111111111166b7fe7bd91427724b487980afc69,ETH,defi_hack_attacker,kismp_defihack,,,
0x113f16a3341d32c4a38ca207ec6ab109cf63e434,ETH,defi_hack_attacker,kismp_defihack,,,
0x11576cb3d8d6328cf319e85b10e09a228e84a8de,ETH,defi_hack_attacker,kismp_defihack,,,
0x11a4a5733237082a6c08772927ce0a2b5f8a86b6,ETH,defi_hack_attacker,kismp_defihack,,,
0x11a8dc866c5d03ff06bb74565b6575537b215978,ETH,defi_hack_attacker,kismp_defihack,,,
0x11ab0c24fbc359a585587397d270b5fed2c85fd4,ETH,defi_hack_attacker,kismp_defihack,,,
0x11bfd986299bb0d5666536e361f312198e882642,ETH,defi_hack_attacker,kismp_defihack,,,
0x11bffb96daa9b0c47fef01401eb089549e87604e,ETH,defi_hack_attacker,kismp_defihack,,,
0x11cd2168fc420ae1375626655ab8f355f0075bd6,ETH,defi_hack_attacker,kismp_defihack,,,
0x11cee747faaf0c0801075253ac28ab503c888888,ETH,defi_hack_attacker,kismp_defihack,,,
0x11f9564c0e3a203e4c2b427dcae401dfc7ea3b61,ETH,defi_hack_attacker,kismp_defihack,,,
0x12050e4355a392162698c6cf30eb8c9e0777300d,ETH,defi_hack_attacker,kismp_defihack,,,
0x1219f2699893bd05fe03559aa78e0923559cf0cf,ETH,defi_hack_attacker,kismp_defihack,,,
0x1231deb6f5749ef6ce6943a275a1d3e7486f4eae,ETH,defi_hack_attacker,kismp_defihack,,,
0x1234567a98230550894bf93e2346a8bc5c3b36e3,ETH,defi_hack_attacker,kismp_defihack,,,
0x12392f67bdf24fae0af363c24ac620a2f67dad86,ETH,defi_hack_attacker,kismp_defihack,,,
0x126c9fbab3a2fca24edfd17322e71a5e36e91865,ETH,defi_hack_attacker,kismp_defihack,,,
0x128112af3af5478008c84d77c63561885fbbc438,ETH,defi_hack_attacker,kismp_defihack,,,
0x1284c1f20a7f0322a5e17618f764f0d3cbaccee9,ETH,defi_hack_attacker,kismp_defihack,,,
0x128cd0ae1a0ae7e67419111714155e1b1c6b2d8d,ETH,defi_hack_attacker,kismp_defihack,,,
0x1292267f726e6f313972ec4e14578735473e1649,ETH,defi_hack_attacker,kismp_defihack,,,
0x12b3b6b1055b8ad1ae8f60a0b6c79a9825bcb4bc,ETH,defi_hack_attacker,kismp_defihack,,,
0x12bb890508c125661e03b09ec06e404bc9289040,ETH,defi_hack_attacker,kismp_defihack,,,
0x12d85e5869258a80d4bebe70d176d0f58b2d68e4,ETH,defi_hack_attacker,kismp_defihack,,,
0x12fe4bc7d0b969055f763c5587f2ed0ca1b334f3,ETH,defi_hack_attacker,kismp_defihack,,,
0x132d9bbdbe718365af6cc9e43bac109a9a53b138,ETH,defi_hack_attacker,kismp_defihack,,,
0x132e1ea5db918dae00eef685b845c409a83dfa82,ETH,defi_hack_attacker,kismp_defihack,,,
0x13b1f2e227ca6f8e08ac80368fd637f5084f10a5,ETH,defi_hack_attacker,kismp_defihack,,,
0x13c0ef5f1996b4f119e9d6c32f5e23e8dc313109,ETH,defi_hack_attacker,kismp_defihack,,,
0x13d27a2d66ea33a4bc581d5fefb0b2a8defe9fe7,ETH,defi_hack_attacker,kismp_defihack,,,
0x13f3fee69160162a78284c64c1100a3df476d890,ETH,defi_hack_attacker,kismp_defihack,,,
0x13f4ea83d0bd40e75c8222255bc855a974568dd4,ETH,defi_hack_attacker,kismp_defihack,,,
0x14094949152eddbfcd073717200da82fed8dc960,ETH,defi_hack_attacker,kismp_defihack,,,
0x140cca423081ed0366765f18fc9f5ed299699388,ETH,defi_hack_attacker,kismp_defihack,,,
0x142017b52c99d3dfe55e49d79df0baf7f4478c0c,ETH,defi_hack_attacker,kismp_defihack,,,
0x1429a930ec3bcf5aa32ef298ccc5ab09836ef587,ETH,defi_hack_attacker,kismp_defihack,,,
0x145766a51ae96e69810fe76f6f68fd0e95675a0b,ETH,defi_hack_attacker,kismp_defihack,,,
0x14598f3a9f3042097486dc58c65780daf3e3acfb,ETH,defi_hack_attacker,kismp_defihack,,,
0x14b362d2e38250604f21a334d71c13e2ed478467,ETH,defi_hack_attacker,kismp_defihack,,,
0x14cfa851ff34952a223ea7fdf621a05b128411ef,ETH,defi_hack_attacker,kismp_defihack,,,
0x14d8ada7a0ba91f59dc0cb97c8f44f1d177c2195,ETH,defi_hack_attacker,kismp_defihack,,,
0x1514aaa4dcf56c4aa90da6a4ed19118e6800dc46,ETH,defi_hack_attacker,kismp_defihack,,,
0x154863eb71de4a34f88ea57450840eab1c71aba6,ETH,defi_hack_attacker,kismp_defihack,,,
0x155da45d374a286d383839b1ef27567a15e67528,ETH,defi_hack_attacker,kismp_defihack,,,
0x157822ac5fa0efe98daa4b0a55450f4a182c10ca,ETH,defi_hack_attacker,kismp_defihack,,,
0x157c75776f8a966e33028e29d42b6df6e41e9c75,ETH,defi_hack_attacker,kismp_defihack,,,
0x1581262fd72776ba5da2337c4c4e1b92c6e36ae6,ETH,defi_hack_attacker,kismp_defihack,,,
0x158af3d23d96e3104bcc65b76d1a6f53d0f74ed0,ETH,defi_hack_attacker,kismp_defihack,,,
0x15a024061c151045ba483e9243291dee6ee5fd8a,ETH,defi_hack_attacker,kismp_defihack,,,
0x15b1ed79ca9d7955af3e169d7b323c4f1eeb5d12,ETH,defi_hack_attacker,kismp_defihack,,,
0x15e1ecbb34d68201de83c9d7a28338d9c97f756d,ETH,defi_hack_attacker,kismp_defihack,,,
0x15f7c1ac69f0c102e4f390e45306bd917f21cfcf,ETH,defi_hack_attacker,kismp_defihack,,,
0x16059b0b6842b33c088b3246e5b7afddd9dffb4b,ETH,defi_hack_attacker,kismp_defihack,,,
0x16149999c85c3e3f7d1b9402a4c64d125877d89d,ETH,defi_hack_attacker,kismp_defihack,,,
0x161cebb807ac181d5303a4ccec2fc580cc5899fd,ETH,defi_hack_attacker,kismp_defihack,,,
0x16296859c15289731521f199f0a5f762df6347d0,ETH,defi_hack_attacker,kismp_defihack,,,
0x164afe96912099543bc2c48bb9358a095db8e784,ETH,defi_hack_attacker,kismp_defihack,,,
0x16748cb753a68329ca2117a7647aa590317ebf41,ETH,defi_hack_attacker,kismp_defihack,,,
0x169f715cae1f94c203366a6890053e817c767b7c,ETH,defi_hack_attacker,kismp_defihack,,,
0x16a3c9e492dee1503f46dea84c52c6a0608f1ed8,ETH,defi_hack_attacker,kismp_defihack,,,
0x16a5d28b20a3fddecdcaf02df4b3935734df1a1f,ETH,defi_hack_attacker,kismp_defihack,,,
0x16b9a82891338f9ba80e2d6970fdda79d1eb0dae,ETH,defi_hack_attacker,kismp_defihack,,,
0x16be708e257a0df0f4275ecd9b0f70ce4b45430c,ETH,defi_hack_attacker,kismp_defihack,,,
0x16d0a151297a0393915239373897bcc955882110,ETH,defi_hack_attacker,kismp_defihack,,,
0x16d0dc96c1bdf283ce1ff10e01924ac76b06c95c,ETH,defi_hack_attacker,kismp_defihack,,,
0x16f3ae9c1727ee38c98417ca08ba785bb7641b5b,ETH,defi_hack_attacker,kismp_defihack,,,
0x1703062d657c1ca439023f0993d870f4707a37ff,ETH,defi_hack_attacker,kismp_defihack,,,
0x172119155a48de766b126de95c2cb331d3a5c7c2,ETH,defi_hack_attacker,kismp_defihack,,,
0x172dca3e72e4643ce8b7932f4947347c1e49ba6d,ETH,defi_hack_attacker,kismp_defihack,,,
0x172fcd41e0913e95784454622d1c3724f546f849,ETH,defi_hack_attacker,kismp_defihack,,,
0x1751e3e1aaf1a3e7b973c889b7531f43fc59f7d0,ETH,defi_hack_attacker,kismp_defihack,,,
0x176211869ca2b568f2a7d4ee941e073a821ee1ff,ETH,defi_hack_attacker,kismp_defihack,,,
0x17684f4d5385fac79e75ceafc93f22d90066ed5c,ETH,defi_hack_attacker,kismp_defihack,,,
0x179aad597399b9ae078acfe2b746c09117799ca0,ETH,defi_hack_attacker,kismp_defihack,,,
0x17b7163cf1dbd286e262ddc68b553d899b93f526,ETH,defi_hack_attacker,kismp_defihack,,,
0x17bd2e09fa4585c15749f40bb32a6e3db58522ba,ETH,defi_hack_attacker,kismp_defihack,,,
0x17e65e6b9b166fb8e7c59432f0db126711246bc0,ETH,defi_hack_attacker,kismp_defihack,,,
0x17f9132e66a78b93195b4b186702ad18fdcd6e3d,ETH,defi_hack_attacker,kismp_defihack,,,
0x180ea08644b123d8a3f0eccf2a3b45a582075538,ETH,defi_hack_attacker,kismp_defihack,,,
0x1820a4b7618bde71dce8cdc73aab6c95905fad24,ETH,defi_hack_attacker,kismp_defihack,,,
0x184497031808f2b6a2126886c712cc41f146e5dc,ETH,defi_hack_attacker,kismp_defihack,,,
0x1863b74778cf5e1c9c482a1cdc2351362bd08611,ETH,defi_hack_attacker,kismp_defihack,,,
0x186e55c0bebd2f69348d94c4a27556d93c5bd36c,ETH,defi_hack_attacker,kismp_defihack,,,
0x18703a4fd7b3688607abf25424b6ab304def2512,ETH,defi_hack_attacker,kismp_defihack,,,
0x18738290af1aaf96f0acfa945c9c31ab21cd65be,ETH,defi_hack_attacker,kismp_defihack,,,
0x18775475f50557b96c63e8bbf7d75bfeb412082d,ETH,defi_hack_attacker,kismp_defihack,,,
0x189cf534de3097c08b6beaf6eb2b9179dab122d1,ETH,defi_hack_attacker,kismp_defihack,,,
0x18aaa7115705e8be94bffebde57af9bfc265b998,ETH,defi_hack_attacker,kismp_defihack,,,
0x18dd258631b23777c101440380bf053c79db3d9d,ETH,defi_hack_attacker,kismp_defihack,,,
0x18deb09a92c3c119a44b6afb5c815c6c21b1b837,ETH,defi_hack_attacker,kismp_defihack,,,
0x19066f7431df29a0910d287c8822936bb7d89e23,ETH,defi_hack_attacker,kismp_defihack,,,
0x19195ac5f36f8c75da129afca8f92009e292b84a,ETH,defi_hack_attacker,kismp_defihack,,,
0x1954b6bd198c29c3ecf2d6f6bc70a4d41ea1cc07,ETH,defi_hack_attacker,kismp_defihack,,,
0x1962b3356122d6a56f978e112d14f5e23a25037d,ETH,defi_hack_attacker,kismp_defihack,,,
0x19a23ddaa47396335894229e0439d3d187d89ec9,ETH,defi_hack_attacker,kismp_defihack,,,
0x19ae49b9f38dd836317363839a5f6bfbfa7e319a,ETH,defi_hack_attacker,kismp_defihack,,,
0x19b3f588bdc9a6f9ecb8255919b02f9adf053363,ETH,defi_hack_attacker,kismp_defihack,,,
0x19c5538df65075d53d6299904636bae68b6df441,ETH,defi_hack_attacker,kismp_defihack,,,
0x19ed7cd5f1d2bd02713131344d6890454d7c599f,ETH,defi_hack_attacker,kismp_defihack,,,
0x19ef250285b0f632bc17fafa67c7efecf0d3b864,ETH,defi_hack_attacker,kismp_defihack,,,
0x1a2a1c938ce3ec39b6d47113c7955baa9dd454f2,ETH,defi_hack_attacker,kismp_defihack,,,
0x1a35bd28efd46cfc46c2136f878777d69ae16231,ETH,defi_hack_attacker,kismp_defihack,,,
0x1a7981d87e3b6a95c1516eb820e223fe979896b3,ETH,defi_hack_attacker,kismp_defihack,,,
0x1a7b15354e2f6564fcf6960c79542de251ce0dc9,ETH,defi_hack_attacker,kismp_defihack,,,
0x1a84d7e27e7f0e93da74b93095e342b6e8dbd50a,ETH,defi_hack_attacker,kismp_defihack,,,
0x1a8eb8eca01819b695637c55c1707f9497b51cd9,ETH,defi_hack_attacker,kismp_defihack,,,
0x1aaade3e9062d124b7deb0ed6ddc7055efa7354d,ETH,defi_hack_attacker,kismp_defihack,,,
0x1aae0303f795b6fcb185ea9526aa0549963319fc,ETH,defi_hack_attacker,kismp_defihack,,,
0x1abb8967794f574bece9f3c8ee1586a50636ba53,ETH,defi_hack_attacker,kismp_defihack,,,
0x1ac5fac863c0a026e029b173f2ae4d33938ab473,ETH,defi_hack_attacker,kismp_defihack,,,
0x1ad2cb3c2606e6d5e45c339d10f81600bdbf75c0,ETH,defi_hack_attacker,kismp_defihack,,,
0x1ae2dc57399b2f4597366c5bf4fe39859c006f99,ETH,defi_hack_attacker,kismp_defihack,,,
0x1ae3929e1975043e5443868be91cac12d8cc25ec,ETH,defi_hack_attacker,kismp_defihack,,,
0x1afa48b74ba7ac0c3c5a2c8b7e24eb71d440846f,ETH,defi_hack_attacker,kismp_defihack,,,
0x1b02da8cb0d097eb8d57a175b88c7d8b47997506,ETH,defi_hack_attacker,kismp_defihack,,,
0x1b288fba50e9c44d8bb269a403dcb21d5f8c6059,ETH,defi_hack_attacker,kismp_defihack,,,
0x1b3771a66ee31180906972580ade9b81afc5fcdc,ETH,defi_hack_attacker,kismp_defihack,,,
0x1bbf25e71ec48b84d773809b4ba55b6f4be946fb,ETH,defi_hack_attacker,kismp_defihack,,,
0x1bc016c00f8d603c41a582d5da745905b9d034e5,ETH,defi_hack_attacker,kismp_defihack,,,
0x1befe6f3f0e8edd2d4d15cae97baee01e51ea4a4,ETH,defi_hack_attacker,kismp_defihack,,,
0x1bf68a9d1eaee7826b3593c20a0ca93293cb489a,ETH,defi_hack_attacker,kismp_defihack,,,
0x1bf7fe7568211ecff68b6bc7ccad31ecd8fe8092,ETH,defi_hack_attacker,kismp_defihack,,,
0x1c1fb35334290b5ff1bf7b4c09130885b10fc0f4,ETH,defi_hack_attacker,kismp_defihack,,,
0x1c2b102f22c08694eee5b1f45e7973b6eaca3e92,ETH,defi_hack_attacker,kismp_defihack,,,
0x1c5dcdd006ea78a7e4783f9e6021c32935a10fb4,ETH,defi_hack_attacker,kismp_defihack,,,
0x1c651b04bdd1c1718eeeafede0a3c13e87024fa2,ETH,defi_hack_attacker,kismp_defihack,,,
0x1c762e00f1d9317a4214d22b2576995c427f61c9,ETH,defi_hack_attacker,kismp_defihack,,,
0x1c7ecbfc48ed0b34aad4a9f338050685e66235c5,ETH,defi_hack_attacker,kismp_defihack,,,
0x1cc79f3f47bfc060b6f761fcd1afc6d399a968b6,ETH,defi_hack_attacker,kismp_defihack,,,
0x1cea83ec5e48d9157fcae27a19807bef79195ce1,ETH,defi_hack_attacker,kismp_defihack,,,
0x1d0188c4b276a09366d05d6be06af61a73bc7535,ETH,defi_hack_attacker,kismp_defihack,,,
0x1d2f0da169ceb9fc7b3144628db156f3f6c60dbe,ETH,defi_hack_attacker,kismp_defihack,,,
0x1d448e9661c5abfc732ea81330c6439b0aa449b5,ETH,defi_hack_attacker,kismp_defihack,,,
0x1d751bc1a723accf1942122ca9aa82d49d08d2ae,ETH,defi_hack_attacker,kismp_defihack,,,
0x1da4bc596bfb1087f2f7999b0340fcba03c47fbd,ETH,defi_hack_attacker,kismp_defihack,,,
0x1db92e2eebc8e0c075a02bea49a2935bcd2dfcf4,ETH,defi_hack_attacker,kismp_defihack,,,
0x1dba25bda38b2a761141dd23917bd294d679b466,ETH,defi_hack_attacker,kismp_defihack,,,
0x1dc90b5b7fe74715c2056e5158641c0af7d28865,ETH,defi_hack_attacker,kismp_defihack,,,
0x1de399967b206e446b4e9aeeb3cb0a0991bf11b8,ETH,defi_hack_attacker,kismp_defihack,,,
0x1e0447b19bb6ecfdae1e4ae1694b0c3659614e4e,ETH,defi_hack_attacker,kismp_defihack,,,
0x1e1d02d663228e5d47f1de64030b39632a3b787d,ETH,defi_hack_attacker,kismp_defihack,,,
0x1e2a251b29e84e1d6d762c78a9db5113f5ce7c48,ETH,defi_hack_attacker,kismp_defihack,,,
0x1e49768714e438e789047f48fd386686a5707db2,ETH,defi_hack_attacker,kismp_defihack,,,
0x1e692ef9cf786ed4534d5ca11edba7709602c69f,ETH,defi_hack_attacker,kismp_defihack,,,
0x1e791527aea32cddbd7ceb7f04612db536816545,ETH,defi_hack_attacker,kismp_defihack,,,
0x1e813fa05739bf145c1f182cb950da7af046778d,ETH,defi_hack_attacker,kismp_defihack,,,
0x1e8419e724d51e87f78e222d935fbbdeb631a08b,ETH,defi_hack_attacker,kismp_defihack,,,
0x1eb4cf3a948e7d72a198fe073ccb8c7a948cd853,ETH,defi_hack_attacker,kismp_defihack,,,
0x1f006f43f57c45ceb3659e543352b4fae4662df7,ETH,defi_hack_attacker,kismp_defihack,,,
0x1f1ca4e8236cd13032653391db7e9544a6ad123e,ETH,defi_hack_attacker,kismp_defihack,,,
0x1f1d37a3bf840e35c6a860c7c2da71fe555123ca,ETH,defi_hack_attacker,kismp_defihack,,,
0x1f415255f7e2a8546559a553e962de7bc60d7942,ETH,defi_hack_attacker,kismp_defihack,,,
0x1f4e6463e292382ae4f7a4e81dbe615ee90caf64,ETH,defi_hack_attacker,kismp_defihack,,,
0x1f5b26dcc6721c21b9c156bf6ef68f51c0d075b7,ETH,defi_hack_attacker,kismp_defihack,,,
0x1f721e2e82f6676fce4ea07a5958cf098d339e18,ETH,defi_hack_attacker,kismp_defihack,,,
0x1f7cf218b46e613d1ba54cac11dc1b5368d94fb7,ETH,defi_hack_attacker,kismp_defihack,,,
0x1f90bdeb5674833868ee9b36707b929024e7a513,ETH,defi_hack_attacker,kismp_defihack,,,
0x1f9840a85d5af5bf1d1762f925bdaddc4201f984,ETH,defi_hack_attacker,kismp_defihack,,,
0x1f98431c8ad98523631ae4a59f267346ea31f984,ETH,defi_hack_attacker,kismp_defihack,,,
0x1fae46b350c4a5f5c397dbf25ad042d3b9a5cb07,ETH,defi_hack_attacker,kismp_defihack,,,
0x1fb4904b26de8c043959201a63b4b23c414251e2,ETH,defi_hack_attacker,kismp_defihack,,,
0x1fd0a6a5e232eeba8020a40535ad07013ec4ef12,ETH,defi_hack_attacker,kismp_defihack,,,
0x1ff8ea9b29aa10713774b60134d53529301ca9c5,ETH,defi_hack_attacker,kismp_defihack,,,
0x202b233735bf743fa31abb8f71e641970161bf98,ETH,defi_hack_attacker,kismp_defihack,,,
0x202e059a16d29a2f6ae0307ae3d574746b2b6305,ETH,defi_hack_attacker,kismp_defihack,,,
0x2033b54b6789a963a02bfcbd40a46816770f1161,ETH,defi_hack_attacker,kismp_defihack,,,
0x20395d8e8a11cfd2541b942afdb810b7dcc64681,ETH,defi_hack_attacker,kismp_defihack,,,
0x2044697623afa31459642708c83f04ecef8c6ecb,ETH,defi_hack_attacker,kismp_defihack,,,
0x204b937feaec333e9e6d72d35f1d131f187ecea1,ETH,defi_hack_attacker,kismp_defihack,,,
0x207e9def17b4bd1045f5af2c651c081f9fdb0842,ETH,defi_hack_attacker,kismp_defihack,,,
0x20b92862dcb9976e0aa11fae766343b7317ab349,ETH,defi_hack_attacker,kismp_defihack,,,
0x20dbf42970eb3fabe62615534c4ef15fd4d59596,ETH,defi_hack_attacker,kismp_defihack,,,
0x20dcf125f0563417d257b98a116c3fea4f0b2db2,ETH,defi_hack_attacker,kismp_defihack,,,
0x20e5e35ba29dc3b540a1aee781d0814d5c77bce6,ETH,defi_hack_attacker,kismp_defihack,,,
0x2100dcd8758ab8b89b9b545a43a1e47e8e2944f0,ETH,defi_hack_attacker,kismp_defihack,,,
0x21125d94cfe886e7179c8d2fe8c1ea8d57c73e0e,ETH,defi_hack_attacker,kismp_defihack,,,
0x211b6a1137bf539b2750e02b9e525cf5757a35ae,ETH,defi_hack_attacker,kismp_defihack,,,
0x2120f8f305347b6aa5e5dbb347230a8234eb3379,ETH,defi_hack_attacker,kismp_defihack,,,
0x2130c88fd0891ea79430fb490598a5d06bf2a545,ETH,defi_hack_attacker,kismp_defihack,,,
0x216ccfd4fb3f2267677598f96ef1ff151576480c,ETH,defi_hack_attacker,kismp_defihack,,,
0x2170ed0880ac9a755fd29b2688956bd959f933f8,ETH,defi_hack_attacker,kismp_defihack,,,
0x218674fc1df16b5d4f0227a59a2796f13febc5f2,ETH,defi_hack_attacker,kismp_defihack,,,
0x21ab8943380b752306abf4d49c203b011a89266b,ETH,defi_hack_attacker,kismp_defihack,,,
0x21ad028c185ac004474c21ec5666189885f9e518,ETH,defi_hack_attacker,kismp_defihack,,,
0x21c58d8f816578b1193aef4683e8c64405a4312e,ETH,defi_hack_attacker,kismp_defihack,,,
0x223cbc5b865a96dda75d3b0a98536de4f49fcabb,ETH,defi_hack_attacker,kismp_defihack,,,
0x22536030b9ce783b6ddfb9a39ac7f439f568e5e6,ETH,defi_hack_attacker,kismp_defihack,,,
0x225da3d879d379ff6510c1cc27ac8535353f501f,ETH,defi_hack_attacker,kismp_defihack,,,
0x2260fac5e5542a773aa44fbcfedf7c193bc2c599,ETH,defi_hack_attacker,kismp_defihack,,,
0x2287c04a15bb11ad1358ba5702c1c95e2d13a5e0,ETH,defi_hack_attacker,kismp_defihack,,,
0x22ad9eef79615a1592e969bdf7b238a07281ab80,ETH,defi_hack_attacker,kismp_defihack,,,
0x22c89137525b593dd2a18434348b550ffa5984fe,ETH,defi_hack_attacker,kismp_defihack,,,
0x22c9736d4fc73a8fa0eb436d2ce919f5849d6fd2,ETH,defi_hack_attacker,kismp_defihack,,,
0x22d22134612c0741ebdb3b74a58842d6e74e3b16,ETH,defi_hack_attacker,kismp_defihack,,,
0x22dc25866bb53c52bafa6cb80570fc83fc7dd125,ETH,defi_hack_attacker,kismp_defihack,,,
0x22fc5a29bd3d6cce19a06f844019fd506fce4455,ETH,defi_hack_attacker,kismp_defihack,,,
0x2320a28f52334d62622cc2eafa15de55f9987ed9,ETH,defi_hack_attacker,kismp_defihack,,,
0x2321537fd8ef4644bacdceec54e5f35bf44311fa,ETH,defi_hack_attacker,kismp_defihack,,,
0x23811c17bac40500decd5fb92d4feb972ae1e607,ETH,defi_hack_attacker,kismp_defihack,,,
0x2383a550e40a61b41a89da6b91d8a4a2452270d0,ETH,defi_hack_attacker,kismp_defihack,,,
0x239af915abcd0a5dcb8566e863088423831951f8,ETH,defi_hack_attacker,kismp_defihack,,,
0x2405913d54fc46eeaf3fb092bfb099f46803872f,ETH,defi_hack_attacker,kismp_defihack,,,
0x2409af0251dcb89ee3dee572629291f9b087c668,ETH,defi_hack_attacker,kismp_defihack,,,
0x240cd7b53d364a208ed41f8ced4965d11f571b7a,ETH,defi_hack_attacker,kismp_defihack,,,
0x24354d31bc9d90f62fe5f2454709c32049cf866b,ETH,defi_hack_attacker,kismp_defihack,,,
0x243e33aa7f6787154a8e59d3c27a66db3f8818ee,ETH,defi_hack_attacker,kismp_defihack,,,
0x245a551ee0f55005e510b239c917fa34b41b3461,ETH,defi_hack_attacker,kismp_defihack,,,
0x24605e0bb933f6ec96e6bbbcea0be8cc880f6e6f,ETH,defi_hack_attacker,kismp_defihack,,,
0x24a0c66f185874b251eb70bee2c2e35e39848419,ETH,defi_hack_attacker,kismp_defihack,,,
0x24a619dce92c38d5fef9733f9a37050742141647,ETH,defi_hack_attacker,kismp_defihack,,,
0x2525c811ecf22fc5fcde03c67112d34e97da6079,ETH,defi_hack_attacker,kismp_defihack,,,
0x256a5d6852fa5b3c55d3b132e3669a0bde42e22c,ETH,defi_hack_attacker,kismp_defihack,,,
0x25869347f7993c50410a9b9b9c48f37d79e12a36,ETH,defi_hack_attacker,kismp_defihack,,,
0x258850ec735f6532fe34fe24ef9628992a9b7e84,ETH,defi_hack_attacker,kismp_defihack,,,
0x259a9fb74d6a81ee9b3a3d4ec986f08fbb42121a,ETH,defi_hack_attacker,kismp_defihack,,,
0x25bcbbb92c2ae9d0c6f4db814e46fd5c632e2bd3,ETH,defi_hack_attacker,kismp_defihack,,,
0x25c68c44a96518294f5b47d758f98309c6729a21,ETH,defi_hack_attacker,kismp_defihack,,,
0x25e5e82f5702a27c3466fe68f14abdbbadfca826,ETH,defi_hack_attacker,kismp_defihack,,,
0x2607118d363789f841d952f02e359bfa483955f9,ETH,defi_hack_attacker,kismp_defihack,,,
0x26267e41ceca7c8e0f143554af707336f27fa051,ETH,defi_hack_attacker,kismp_defihack,,,
0x2648f5592c09a260c601acde44e7f8f2944944fb,ETH,defi_hack_attacker,kismp_defihack,,,
0x264990fbd0a4796a3e3d8e37c4d5f87a3aca5ebf,ETH,defi_hack_attacker,kismp_defihack,,,
0x268a663584b219a09c3c67aaeb353cc3ab0ef5f0,ETH,defi_hack_attacker,kismp_defihack,,,
0x26bebb6995a4736f088d129e82620eba899b944f,ETH,defi_hack_attacker,kismp_defihack,,,
0x26c0623847637095655b2868c3182b2285bdaeaf,ETH,defi_hack_attacker,kismp_defihack,,,
0x26d0c625e5f5d6de034495fbde1f6e9377185618,ETH,defi_hack_attacker,kismp_defihack,,,
0x26f1457f067bf26881f311833391b52ca871a4b5,ETH,defi_hack_attacker,kismp_defihack,,,
0x26f8bf8a772b8283bc1ef657d690c19e545ccc0d,ETH,defi_hack_attacker,kismp_defihack,,,
0x26fe408bbd7a490feb056da8e2d1e007938e5685,ETH,defi_hack_attacker,kismp_defihack,,,
0x26fe84754a1967d67b7befaa01b10d7b35bbaf0a,ETH,defi_hack_attacker,kismp_defihack,,,
0x2708cace7b42302af26f1ab896111d87faeff92f,ETH,defi_hack_attacker,kismp_defihack,,,
0x27182842e098f60e3d576794a5bffb0777e025d3,ETH,defi_hack_attacker,kismp_defihack,,,
0x271944d9d8ca831f7c0dbcb20c4ee482376d6de7,ETH,defi_hack_attacker,kismp_defihack,,,
0x271d1f2f4194e61f2a17ea82d82e31cea9f6762a,ETH,defi_hack_attacker,kismp_defihack,,,
0x2723e1f6a9a3cd003fd395cc46882e4573cb249f,ETH,defi_hack_attacker,kismp_defihack,,,
0x27441c62dbe261fdf5e1feec7ed19cf6820d583b,ETH,defi_hack_attacker,kismp_defihack,,,
0x274b3e185c9c8f4ddef79cb9a8dc0d94f73a7675,ETH,defi_hack_attacker,kismp_defihack,,,
0x27539b1dee647b38e1b987c41c5336b1a8dce663,ETH,defi_hack_attacker,kismp_defihack,,,
0x277da2d1ce5601c0f0133515c19da314fc52a846,ETH,defi_hack_attacker,kismp_defihack,,,
0x278ce7151bfd1b035e8bc99e15b4d9773969d4ed,ETH,defi_hack_attacker,kismp_defihack,,,
0x2791bca1f2de4661ed88a30c99a7a9449aa84174,ETH,defi_hack_attacker,kismp_defihack,,,
0x279a7dbfae376427ffac52fcb0883147d42165ff,ETH,defi_hack_attacker,kismp_defihack,,,
0x27c70cd1946795b66be9d954418546998b546634,ETH,defi_hack_attacker,kismp_defihack,,,
0x27dd6e51bf715cfc0e2fe96af26fc9ded89e4be8,ETH,defi_hack_attacker,kismp_defihack,,,
0x27defcfa6498f957918f407ed8a58eba2884768c,ETH,defi_hack_attacker,kismp_defihack,,,
0x27e981348c2d1f5b2227c182a9d0ed46eed84946,ETH,defi_hack_attacker,kismp_defihack,,,
0x27f9787dbdca43f92ccc499892a082494c23213f,ETH,defi_hack_attacker,kismp_defihack,,,
0x280a8955a11fcd81d72ba1f99d265a48ce39ac2e,ETH,defi_hack_attacker,kismp_defihack,,,
0x286e09932b8d096cba3423d12965042736b8f850,ETH,defi_hack_attacker,kismp_defihack,,,
0x289424add4a1a503870eb475fd8bf1d586b134ed,ETH,defi_hack_attacker,kismp_defihack,,,
0x28d949fdfb5d9ea6b604fa6fee3d6548ea779f17,ETH,defi_hack_attacker,kismp_defihack,,,
0x28dee01d53fed0edf5f6e310bf8ef9311513ae40,ETH,defi_hack_attacker,kismp_defihack,,,
0x28ec0b36f0819ecb5005cab836f4ed5a2eca4d13,ETH,defi_hack_attacker,kismp_defihack,,,
0x29046f8f9e7623a6a21cc8c3cc2a2121ae855b8d,ETH,defi_hack_attacker,kismp_defihack,,,
0x2971f580c34d3d584e0342741c6a622f69424dd8,ETH,defi_hack_attacker,kismp_defihack,,,
0x297f3996ce5c2dcd033c77098ca9e1acc3c3c3ee,ETH,defi_hack_attacker,kismp_defihack,,,
0x29b2525e11bc0b0e9e59f705f318601ea6756645,ETH,defi_hack_attacker,kismp_defihack,,,
0x29d2bcf0d70f95ce16697e645e2b76d218d66109,ETH,defi_hack_attacker,kismp_defihack,,,
0x29e5f70ebab2b5b830609e0f2b8a357f2295ebfd,ETH,defi_hack_attacker,kismp_defihack,,,
0x29ee4526e3a4078ce37762dc864424a089ebba11,ETH,defi_hack_attacker,kismp_defihack,,,
0x2a1ee1278a8b64fd621b46e3ee9c08071ca3a8a5,ETH,defi_hack_attacker,kismp_defihack,,,
0x2a2b195558cf89aa617979ce28880bbf7e17bc45,ETH,defi_hack_attacker,kismp_defihack,,,
0x2a49c6fd18bd111d51c4fffa6559be1d950b8eff,ETH,defi_hack_attacker,kismp_defihack,,,
0x2aa504586d6cab3c59fa629f74c586d78b93a025,ETH,defi_hack_attacker,kismp_defihack,,,
0x2ad8aed847e8d4d3da52aabb7d0f5c25729d10df,ETH,defi_hack_attacker,kismp_defihack,,,
0x2ae2f691642bb18cd8deb13a378a0f95a9fee933,ETH,defi_hack_attacker,kismp_defihack,,,
0x2ae3f1ec7f1f5012cfeab0185bfc7aa3cf0dec22,ETH,defi_hack_attacker,kismp_defihack,,,
0x2b02bbeab8ecab792d3f4dda7a76f63aa21934fa,ETH,defi_hack_attacker,kismp_defihack,,,
0x2b083beaac310cc5e190b1d2507038ccb03e7606,ETH,defi_hack_attacker,kismp_defihack,,,
0x2b2c81e08f1af8835a78bb2a90ae924ace0ea4be,ETH,defi_hack_attacker,kismp_defihack,,,
0x2b326a17b5ef826fa4e17d3836364ae1f0231a6f,ETH,defi_hack_attacker,kismp_defihack,,,
0x2b806e6d78d8111dd09c58943b9855910bade005,ETH,defi_hack_attacker,kismp_defihack,,,
0x2b948b5d3ebe9f463b29280fc03ebcb82db1072f,ETH,defi_hack_attacker,kismp_defihack,,,
0x2b9bda587ee04fe51c5431709afbafb295f94bb4,ETH,defi_hack_attacker,kismp_defihack,,,
0x2b9dc65253c035eb21778cb3898eab5a0ada0cce,ETH,defi_hack_attacker,kismp_defihack,,,
0x2ba9d4a8c41c60b71ff7df2c3f54b008644b954e,ETH,defi_hack_attacker,kismp_defihack,,,
0x2bc4eb013ddee29d37920938b96d353171289b7c,ETH,defi_hack_attacker,kismp_defihack,,,
0x2bdfb2f33e1aaee08719f50d05ef28057bb6341a,ETH,defi_hack_attacker,kismp_defihack,,,
0x2bee9915ddefdc987a42275fbcc39ed178a70aaa,ETH,defi_hack_attacker,kismp_defihack,,,
0x2bfb373017349820dda2da8230e6b66739be9f96,ETH,defi_hack_attacker,kismp_defihack,,,
0x2c177d20b1b1d68cc85d3215904a7bb6629ca954,ETH,defi_hack_attacker,kismp_defihack,,,
0x2c25aee99ed08a61e7407a5674bc2d1a72b5d8e3,ETH,defi_hack_attacker,kismp_defihack,,,
0x2c349022df145c1a2ed895b5577905e6f1bc7881,ETH,defi_hack_attacker,kismp_defihack,,,
0x2c37655f8d942f2411d9d85a5fe580c156305070,ETH,defi_hack_attacker,kismp_defihack,,,
0x2c42824ef89d6efa7847d3997266b62599560a26,ETH,defi_hack_attacker,kismp_defihack,,,
0x2c53ca7da834ac1650db9faf1179513eb0f7574e,ETH,defi_hack_attacker,kismp_defihack,,,
0x2c6cf65f3cd32a9be1822855abf2321f6f8f6b24,ETH,defi_hack_attacker,kismp_defihack,,,
0x2c7112245fc4af701ebf90399264a7e89205dad4,ETH,defi_hack_attacker,kismp_defihack,,,
0x2c903f97ea69b393ea03e7fab8d64d722b3f5559,ETH,defi_hack_attacker,kismp_defihack,,,
0x2cc392c0207d080aec0befe5272659d3bb8a7052,ETH,defi_hack_attacker,kismp_defihack,,,
0x2cdeee9698ffc9fcabc116b820c24e89184027ba,ETH,defi_hack_attacker,kismp_defihack,,,
0x2d0e64b6bf13660a4c0de42a0b88144a7c10991f,ETH,defi_hack_attacker,kismp_defihack,,,
0x2d3103c8fdd9d9411e24f555fdad6b22f29f613a,ETH,defi_hack_attacker,kismp_defihack,,,
0x2d450322e3526f489afcc8c49923b35d355c70bc,ETH,defi_hack_attacker,kismp_defihack,,,
0x2d7973177d594237a9b347cd41082af4cbb40f2b,ETH,defi_hack_attacker,kismp_defihack,,,
0x2dccdb493827e15a5dc8f8b72147e6c4a5620857,ETH,defi_hack_attacker,kismp_defihack,,,
0x2de7bbaaab48eac228449584f94636bb20d63e65,ETH,defi_hack_attacker,kismp_defihack,,,
0x2dea406bb3bea68d6be8d9ef0071fdf63082fb52,ETH,defi_hack_attacker,kismp_defihack,,,
0x2df07c054138bf29348f35a12a22550230bd1405,ETH,defi_hack_attacker,kismp_defihack,,,
0x2df9c154fe24d081cfe568645fb4075d725431e0,ETH,defi_hack_attacker,kismp_defihack,,,
0x2e1dee213ba8d7af0934c49a23187babeaca8764,ETH,defi_hack_attacker,kismp_defihack,,,
0x2e358f7e323b9e615231873f17b099b833163f23,ETH,defi_hack_attacker,kismp_defihack,,,
0x2e45aef311706e12d48552d0daa8d9b8fb764b1c,ETH,defi_hack_attacker,kismp_defihack,,,
0x2e599883715d2f92468fa5ae3f9aab4e930e3ac7,ETH,defi_hack_attacker,kismp_defihack,,,
0x2e857bc277eb049fb4f27911e4c3498cefc1a1dd,ETH,defi_hack_attacker,kismp_defihack,,,
0x2e95cfc93ebb0a2aace603ed3474d451e4161578,ETH,defi_hack_attacker,kismp_defihack,,,
0x2f2a2543b76a4166549f7aab2e75bef0aefc5b0f,ETH,defi_hack_attacker,kismp_defihack,,,
0x2f3788f2396127061c46fc07bd0fcb91faace328,ETH,defi_hack_attacker,kismp_defihack,,,
0x2f3f25046ea518d1e524b8fb6147c656d6722ced,ETH,defi_hack_attacker,kismp_defihack,,,
0x2f546ad4edd93b956c8999be404cdcafde3e89ae,ETH,defi_hack_attacker,kismp_defihack,,,
0x2f618493b9ff77d61426e4dbf3b844666a6b315e,ETH,defi_hack_attacker,kismp_defihack,,,
0x2f746bc70f72aaf3340b8bbfd254fd91a3996218,ETH,defi_hack_attacker,kismp_defihack,,,
0x2f934b0fd5c4f99bab37d47604a3a1aeadef1ccc,ETH,defi_hack_attacker,kismp_defihack,,,
0x2f99fb66ea797e7fa2d07262402ab38bd5e53b12,ETH,defi_hack_attacker,kismp_defihack,,,
0x2fd602ed1f8cb6deaba9bedd560ffe772eb85940,ETH,defi_hack_attacker,kismp_defihack,,,
0x2ff960f1d9af1a6368c2866f79080c1e0b253997,ETH,defi_hack_attacker,kismp_defihack,,,
0x2ffdce5f0c09a8ee3a568bc01f35894b2d77a6d6,ETH,defi_hack_attacker,kismp_defihack,,,
0x3026c464d3bd6ef0ced0d49e80f171b58176ce32,ETH,defi_hack_attacker,kismp_defihack,,,
0x303554d4d8bd01f18c6fa4a8df3ff57a96071a41,ETH,defi_hack_attacker,kismp_defihack,,,
0x3058ef90929cb8180174d74c507176cca6835d73,ETH,defi_hack_attacker,kismp_defihack,,,
0x306b1ea3ecdf94ab739f1910bbda052ed4a9f949,ETH,defi_hack_attacker,kismp_defihack,,,
0x30dcc4e72dcd2702449190ce8b88d21f2178cd9c,ETH,defi_hack_attacker,kismp_defihack,,,
0x312bc7eaaf93f1c60dc5afc115fccde161055fb0,ETH,defi_hack_attacker,kismp_defihack,,,
0x319ec3ad98cf8b12a8be5719fec6e0a9bb1ad0d1,ETH,defi_hack_attacker,kismp_defihack,,,
0x31a4f372aa891b46ba44dc64be1d8947c889e9c6,ETH,defi_hack_attacker,kismp_defihack,,,
0x31a7cc04987520cefacd46f734943a105b29186e,ETH,defi_hack_attacker,kismp_defihack,,,
0x31abe92d7f6e8549b637b186f4839d5d4d7b8e0e,ETH,defi_hack_attacker,kismp_defihack,,,
0x31adda225642a8f4d7e90d4152be6661ab22a5a2,ETH,defi_hack_attacker,kismp_defihack,,,
0x31bfa137c76561ef848c2af9ca301b60451caac0,ETH,defi_hack_attacker,kismp_defihack,,,
0x31d3231cda62c0b7989b488ca747245676a32d81,ETH,defi_hack_attacker,kismp_defihack,,,
0x31d3243cfb54b34fc9c73e1cb1137124bd6b13e1,ETH,defi_hack_attacker,kismp_defihack,,,
0x31d80ea33271891986d873b397d849a92ef49255,ETH,defi_hack_attacker,kismp_defihack,,,
0x3212b29e33587a00fb1c83346f5dbfa69a458923,ETH,defi_hack_attacker,kismp_defihack,,,
0x3213573c46eb905ba17f0bb650e10c2352552e8a,ETH,defi_hack_attacker,kismp_defihack,,,
0x322696471792440499b1979e0a440491e870667a,ETH,defi_hack_attacker,kismp_defihack,,,
0x323d056b8f99990796dc672464b01c00d59d88bc,ETH,defi_hack_attacker,kismp_defihack,,,
0x325a2e0f3cca2ddbaebb4dfc38df8d19ca165b47,ETH,defi_hack_attacker,kismp_defihack,,,
0x326fb70ef9e70f8f4c38cfbfaf39f960a5c252fa,ETH,defi_hack_attacker,kismp_defihack,,,
0x3274b668aed85479e2a8511e74d7db7240ebe7c8,ETH,defi_hack_attacker,kismp_defihack,,,
0x327df1e6de05895d2ab08513aadd9313fe505d86,ETH,defi_hack_attacker,kismp_defihack,,,
0x32b166e082993af6598a89397e82e123ca44e74e,ETH,defi_hack_attacker,kismp_defihack,,,
0x32dffc3fe8e3ef3571bf8a72c0d0015c5373f41d,ETH,defi_hack_attacker,kismp_defihack,,,
0x32e0a7f7c4b1a19594d25bd9b63eba912b1a5f61,ETH,defi_hack_attacker,kismp_defihack,,,
0x32f9188d6d86bf88dbac3ceee5958adf1aa609df,ETH,defi_hack_attacker,kismp_defihack,,,
0x32fb1bedd95bf78ca2c6943ae5aeaeaafc0d97c1,ETH,defi_hack_attacker,kismp_defihack,,,
0x3335a88bb18fd3b6824b59af62b50ce494143333,ETH,defi_hack_attacker,kismp_defihack,,,
0x33388cf69e032c6f60a420b37e44b1f5443d3333,ETH,defi_hack_attacker,kismp_defihack,,,
0x333896437125ff680f146f18c8a164be831c4c71,ETH,defi_hack_attacker,kismp_defihack,,,
0x335ddce3f07b0bdafc03f56c1b30d3b269366666,ETH,defi_hack_attacker,kismp_defihack,,,
0x3392c91403f09ad3b7e7243dbd4441436c7f443c,ETH,defi_hack_attacker,kismp_defihack,,,
0x33a0aab2642c78729873786e5903cc30f9a94be2,ETH,defi_hack_attacker,kismp_defihack,,,
0x33adbf5f1ec364a4ea3a5ca8f310b597b8afdee3,ETH,defi_hack_attacker,kismp_defihack,,,
0x33cca0e0cff617a2aef1397113e779e42a06a74a,ETH,defi_hack_attacker,kismp_defihack,,,
0x33d5e574bd1ebf3ceb693319c2e276dabe388399,ETH,defi_hack_attacker,kismp_defihack,,,
0x3407c5398256cc242a7a22c373d9f252bab37458,ETH,defi_hack_attacker,kismp_defihack,,,
0x3431c535ddfb6dd5376e5ded276f91deaa864ff2,ETH,defi_hack_attacker,kismp_defihack,,,
0x3463a663de4ccc59c8b21190f81027096f18cf2a,ETH,defi_hack_attacker,kismp_defihack,,,
0x348df930e825da25552d8b3dc44e871c67846cb5,ETH,defi_hack_attacker,kismp_defihack,,,
0x3496b523e5c00a4b4150d6721320cddb234c3079,ETH,defi_hack_attacker,kismp_defihack,,,
0x34b666992fcce34669940ab6b017fe11e5750799,ETH,defi_hack_attacker,kismp_defihack,,,
0x34bccf4af03870265fe99cec262524f343cca7ff,ETH,defi_hack_attacker,kismp_defihack,,,
0x34bd6dba456bc31c2b3393e499fa10bed32a9370,ETH,defi_hack_attacker,kismp_defihack,,,
0x34ea3f7162e6f6ed16bd171267ec180fd5c848da,ETH,defi_hack_attacker,kismp_defihack,,,
0x351d38733de3f1e73468d24401c59f63677000c9,ETH,defi_hack_attacker,kismp_defihack,,,
0x352173fabf0e67e1cb1fcdf15474d0477d5d3674,ETH,defi_hack_attacker,kismp_defihack,,,
0x3541499cda8ca51b24724bb8e7ce569727406e04,ETH,defi_hack_attacker,kismp_defihack,,,
0x354cca2f55dde182d36fe34d673430e226a3cb8c,ETH,defi_hack_attacker,kismp_defihack,,,
0x35594e4992dfefcb0c20ec487d7af22a30bdec60,ETH,defi_hack_attacker,kismp_defihack,,,
0x3559ee265fc9c5c9a333b07e0199480b4a84f369,ETH,defi_hack_attacker,kismp_defihack,,,
0x3561081260186e69369e6c32f280836554292e08,ETH,defi_hack_attacker,kismp_defihack,,,
0x356d439f9788f4b247601064d3a5c296ced2400c,ETH,defi_hack_attacker,kismp_defihack,,,
0x356e7481b957be0165d6751a49b4b7194aef18d5,ETH,defi_hack_attacker,kismp_defihack,,,
0x35a254223960c18b69c0526c46b013d022e93902,ETH,defi_hack_attacker,kismp_defihack,,,
0x35d1b3f3d7966a1dfe207aa4514c12a259a0492b,ETH,defi_hack_attacker,kismp_defihack,,,
0x35d8949372d46b7a3d5a56006ae77b215fc69bc0,ETH,defi_hack_attacker,kismp_defihack,,,
0x36016c4f0e0177861e6377f73c380c70138e13ee,ETH,defi_hack_attacker,kismp_defihack,,,
0x3612e4cb34617bcac849add27366d8d85c102efd,ETH,defi_hack_attacker,kismp_defihack,,,
0x36491840ebcf040413003df9fb65b6bc9a181f52,ETH,defi_hack_attacker,kismp_defihack,,,
0x364f17a23ae4350319b7491224d10df5796190bc,ETH,defi_hack_attacker,kismp_defihack,,,
0x365084b05fa7d5028346bd21d842ed0601bab5b8,ETH,defi_hack_attacker,kismp_defihack,,,
0x36696169c63e42cd08ce11f5deebbcebae652050,ETH,defi_hack_attacker,kismp_defihack,,,
0x367351f854506da9b230cbb5e47332b8e58a1863,ETH,defi_hack_attacker,kismp_defihack,,,
0x3677ff2d89ea10ba5200e6bb3a37106ae33db0ad,ETH,defi_hack_attacker,kismp_defihack,,,
0x368a6558255bccac517da5106647d8182c571b23,ETH,defi_hack_attacker,kismp_defihack,,,
0x369482c78bad380a036cab827fe677c1903d1523,ETH,defi_hack_attacker,kismp_defihack,,,
0x36fb87c3e65ec608d37e38bd556fb6ebdb3d8a39,ETH,defi_hack_attacker,kismp_defihack,,,
0x370a8db1f020ce70e8eab2502c739844ca2c2910,ETH,defi_hack_attacker,kismp_defihack,,,
0x37177ccc66ef919894cef37596bbebd76e7a40b2,ETH,defi_hack_attacker,kismp_defihack,,,
0x373ce6da1aeb73a9bca412f2d3b7ed07af3ad490,ETH,defi_hack_attacker,kismp_defihack,,,
0x3747dbbcb5c07786a4c59883e473a2e38f571af9,ETH,defi_hack_attacker,kismp_defihack,,,
0x375ae76f0450293e50876d0e5bdc3022cab23198,ETH,defi_hack_attacker,kismp_defihack,,,
0x37e42b961ae37883bac2fc29207a5f88efa5db66,ETH,defi_hack_attacker,kismp_defihack,,,
0x37e49bf3749513a02fa535f0cbc383796e8107e4,ETH,defi_hack_attacker,kismp_defihack,,,
0x37ea5f691bce8459c66ffceeb9cf34ffa32fdadc,ETH,defi_hack_attacker,kismp_defihack,,,
0x37fe0f067fa808ffbdd12891c0858532cfe7361d,ETH,defi_hack_attacker,kismp_defihack,,,
0x37ff10390f22fabdc2137e428a6e6965960d60b6,ETH,defi_hack_attacker,kismp_defihack,,,
0x3821f686384c231e2f71ea093fb6189de803f482,ETH,defi_hack_attacker,kismp_defihack,,,
0x382e9652ac6854b56fd41dabcfd7a9e633f1edd5,ETH,defi_hack_attacker,kismp_defihack,,,
0x384b9fb6e42dab87f3023d87ea1575499a69998e,ETH,defi_hack_attacker,kismp_defihack,,,
0x3885869b0f4526806b468a0c64a89bb860a18cee,ETH,defi_hack_attacker,kismp_defihack,,,
0x389a9ae29fbe53cca7bc8b7a4d9d0a04078e1c24,ETH,defi_hack_attacker,kismp_defihack,,,
0x38c63a5d3f206314107a7a9fe8cbba29d629d4f9,ETH,defi_hack_attacker,kismp_defihack,,,
0x38f68f119243adbca187e1ef64344ed475a8c69c,ETH,defi_hack_attacker,kismp_defihack,,,
0x39016479a05626df9ba4cb80864e1b3b69d694b4,ETH,defi_hack_attacker,kismp_defihack,,,
0x3918e0d26b41134c006e8d2d7e3206a53b006108,ETH,defi_hack_attacker,kismp_defihack,,,
0x3921e8cb14e2c08db989fdf88d01220a0c53cc91,ETH,defi_hack_attacker,kismp_defihack,,,
0x39400e67820c88a9d67f4f9c1fbf86f3d688e9f6,ETH,defi_hack_attacker,kismp_defihack,,,
0x394ba273315240510b61ca22ba152e3478a45892,ETH,defi_hack_attacker,kismp_defihack,,,
0x394f61d6a6198746abe784590218b4835279a5c9,ETH,defi_hack_attacker,kismp_defihack,,,
0x39519c027b503f40867548fb0c890b11728faa8f,ETH,defi_hack_attacker,kismp_defihack,,,
0x397ff1542f962076d0bfe58ea045ffa2d347aca0,ETH,defi_hack_attacker,kismp_defihack,,,
0x39aa39c021dfbae8fac545936693ac917d5e7563,ETH,defi_hack_attacker,kismp_defihack,,,
0x39eb555f5f7afd11224ca10e406dba05b4e21bd3,ETH,defi_hack_attacker,kismp_defihack,,,
0x3a0d9d7764fae860a659eb96a500f1323b411e68,ETH,defi_hack_attacker,kismp_defihack,,,
0x3a10408fd7a2b2a43bd14a17c0d4568430b93132,ETH,defi_hack_attacker,kismp_defihack,,,
0x3a23f943181408eac424116af7b7790c94cb97a5,ETH,defi_hack_attacker,kismp_defihack,,,
0x3a38877312d1125d2391663cba9f7190953bf2d9,ETH,defi_hack_attacker,kismp_defihack,,,
0x3a43a5851a3e3e0e25a3c1089670269786be1577,ETH,defi_hack_attacker,kismp_defihack,,,
0x3a6d8ca21d1cf76f653a67577fa0d27453350dd8,ETH,defi_hack_attacker,kismp_defihack,,,
0x3a70dfa7d2262988064a2d051dd47521e43c9bdd,ETH,defi_hack_attacker,kismp_defihack,,,
0x3aa228a80f50763045bdfc45012da124bd0a6809,ETH,defi_hack_attacker,kismp_defihack,,,
0x3aa2b9de4ce397d93e11699c3f07b769b210bbd5,ETH,defi_hack_attacker,kismp_defihack,,,
0x3aa8bb3a19eecd229cb33fbc03ff549473e30f38,ETH,defi_hack_attacker,kismp_defihack,,,
0x3ab5dd69950a948c55d1fbfb7500bf92b4bd4c48,ETH,defi_hack_attacker,kismp_defihack,,,
0x3ae354d7e49039ccd582f1f3c9e65034ffd17bad,ETH,defi_hack_attacker,kismp_defihack,,,
0x3af7da38c9f68df9549ce1980eef4ac6b635223a,ETH,defi_hack_attacker,kismp_defihack,,,
0x3b09a3c9add7d0262e6e9724d7e823cd767a0c74,ETH,defi_hack_attacker,kismp_defihack,,,
0x3b4ffd93ce5fcf97e61aa8275ec241c76cc01a47,ETH,defi_hack_attacker,kismp_defihack,,,
0x3b5e381130673f794a5cf67fbba48688386bea86,ETH,defi_hack_attacker,kismp_defihack,,,
0x3c212a044760de5a529b3ba59363ddeccc2210be,ETH,defi_hack_attacker,kismp_defihack,,,
0x3c98d617db017f51c6a73a13e80e1fe14cd1d8eb,ETH,defi_hack_attacker,kismp_defihack,,,
0x3cc1edd8a25c912fcb51d7e61893e737c48cd98d,ETH,defi_hack_attacker,kismp_defihack,,,
0x3d20601ac0ba9cae4564ddf7870825c505b69f1a,ETH,defi_hack_attacker,kismp_defihack,,,
0x3d817ea746edd02c088c4df47c0ece0bd28dcd72,ETH,defi_hack_attacker,kismp_defihack,,,
0x3d9819210a31b4961b30ef54be2aed79b9c9cd3b,ETH,defi_hack_attacker,kismp_defihack,,,
0x3da0f00d5c4e544924bc7282e18497c4a4c92046,ETH,defi_hack_attacker,kismp_defihack,,,
0x3da4828640ad831f3301a4597821cc3461b06678,ETH,defi_hack_attacker,kismp_defihack,,,
0x3dadf003afcc96d404041d8ae711b94f8c68c6a5,ETH,defi_hack_attacker,kismp_defihack,,,
0x3dc7e6ff0fb79770fa6fb05d1ea4deacce823943,ETH,defi_hack_attacker,kismp_defihack,,,
0x3dd636919d4180b59d9225370cb84f1ba849aba2,ETH,defi_hack_attacker,kismp_defihack,,,
0x3de669c4f1f167a8afbc9993e4753b84b576426f,ETH,defi_hack_attacker,kismp_defihack,,,
0x3df6cd58716d22855afb3b828f82f10708afbb4f,ETH,defi_hack_attacker,kismp_defihack,,,
0x3dfde4a2ba456ffba2d025d7c715bc5ee06dfa7b,ETH,defi_hack_attacker,kismp_defihack,,,
0x3e1c5ddd39801c1e72e5ab7e19c614fd398747f8,ETH,defi_hack_attacker,kismp_defihack,,,
0x3e2324342bf5b8a1dca42915f0489497203d640e,ETH,defi_hack_attacker,kismp_defihack,,,
0x3e47945cca05439f99029a3d21e3166ce1a84fab,ETH,defi_hack_attacker,kismp_defihack,,,
0x3e7d1eab13ad0104d2750b8863b489d65364e32d,ETH,defi_hack_attacker,kismp_defihack,,,
0x3ea6ba6d3415e4dfd380516c799aafa94e420519,ETH,defi_hack_attacker,kismp_defihack,,,
0x3eba5062ca36dfb16156748f0fd3a608be9e3011,ETH,defi_hack_attacker,kismp_defihack,,,
0x3ee505ba316879d246a8fd2b3d7ee63b51b44fab,ETH,defi_hack_attacker,kismp_defihack,,,
0x3f100c9e9b9c575fe73461673f0770435575dc0e,ETH,defi_hack_attacker,kismp_defihack,,,
0x3f2d1bc6d02522dbcdb216b2e75edddafe04b16f,ETH,defi_hack_attacker,kismp_defihack,,,
0x3f4d749675b3e48bccd932033808a7079328eb48,ETH,defi_hack_attacker,kismp_defihack,,,
0x3f803ec2b816ea7f06ec76aa2b6f2532f9892d62,ETH,defi_hack_attacker,kismp_defihack,,,
0x3f814e5fae74cd73a70a0ea38d85971dfa6fda21,ETH,defi_hack_attacker,kismp_defihack,,,
0x3f99d5cd830203a3027eb0ed6548db7f81c3408f,ETH,defi_hack_attacker,kismp_defihack,,,
0x3fa19214705bc82ce4b898205157472a79d026be,ETH,defi_hack_attacker,kismp_defihack,,,
0x3fee6d8aaea76d06cf1ebeaf6b186af215f14088,ETH,defi_hack_attacker,kismp_defihack,,,
0x4015d786e33c1842c3e4d27792098e4a3612fc0e,ETH,defi_hack_attacker,kismp_defihack,,,
0x407feaec31c16b19f24a8a8846ab4939ed7d7d57,ETH,defi_hack_attacker,kismp_defihack,,,
0x4095f064b8d3c3548a3bebfd0bbfd04750e30077,ETH,defi_hack_attacker,kismp_defihack,,,
0x40af3827f39d0eacbf4a168f8d4ee67c121d11c9,ETH,defi_hack_attacker,kismp_defihack,,,
0x40c31236b228935b0329eff066b1ad96e319595e,ETH,defi_hack_attacker,kismp_defihack,,,
0x40cd735d49e43212b5cb0b19773ec2a648aaa96c,ETH,defi_hack_attacker,kismp_defihack,,,
0x40d115198d71cab59668b51dd112a07d273d5831,ETH,defi_hack_attacker,kismp_defihack,,,
0x40d95c4b34127cf43438a963e7c066156c5b87a3,ETH,defi_hack_attacker,kismp_defihack,,,
0x40ed17221b3b2d8455f4f1a05cac6b77c5f707e3,ETH,defi_hack_attacker,kismp_defihack,,,
0x40f75ed09c7bc89bf596ce0ff6fb2ff8d02ac019,ETH,defi_hack_attacker,kismp_defihack,,,
0x410a56541bd912f9b60943fcb344f1e3d6f09567,ETH,defi_hack_attacker,kismp_defihack,,,
0x413e4fb75c300b92fec12d7c44e4c0c0b4faab4d,ETH,defi_hack_attacker,kismp_defihack,,,
0x4189ad9624f838eef865b09a0be3369eaacd8f6f,ETH,defi_hack_attacker,kismp_defihack,,,
0x418c24191ae947a78c99fdc0e45a1f96afb254be,ETH,defi_hack_attacker,kismp_defihack,,,
0x41d0ff4a5ee609b3b7dc2b90f154d4ec7cb63659,ETH,defi_hack_attacker,kismp_defihack,,,
0x4200000000000000000000000000000000000006,ETH,defi_hack_attacker,kismp_defihack,,,
0x4200000000000000000000000000000000000042,ETH,defi_hack_attacker,kismp_defihack,,,
0x4200a9b80b1e84cf94ad8fc28f66195bc3c37f3f,ETH,defi_hack_attacker,kismp_defihack,,,
0x4206d62305d2815494dcdb759c4e32fca1d181a0,ETH,defi_hack_attacker,kismp_defihack,,,
0x420725a69e79eeffb000f98ccd78a52369b6c5d4,ETH,defi_hack_attacker,kismp_defihack,,,
0x420dd381b31aef6683db6b902084cb0ffece40da,ETH,defi_hack_attacker,kismp_defihack,,,
0x421a5671306cb5f66ff580573c1c8d536e266c93,ETH,defi_hack_attacker,kismp_defihack,,,
0x42646478b25317160e0dc8db413991277e4bb3c2,ETH,defi_hack_attacker,kismp_defihack,,,
0x42981d0bfbaf196529376ee702f2a9eb9092fcb5,ETH,defi_hack_attacker,kismp_defihack,,,
0x42e2773508e2ae8ff9434bea599812e28449e2cd,ETH,defi_hack_attacker,kismp_defihack,,,
0x42f6f551ae042cbe50c739158b4f0cac0edb9096,ETH,defi_hack_attacker,kismp_defihack,,,
0x4300000000000000000000000000000000000004,ETH,defi_hack_attacker,kismp_defihack,,,
0x4306b12f8e824ce1fa9604bbd88f2ad4f0fe3c54,ETH,defi_hack_attacker,kismp_defihack,,,
0x4308d314096878d3bf16c9d8db86101f70bbebf1,ETH,defi_hack_attacker,kismp_defihack,,,
0x435444d086649b846e9c912d21e1bc651033a623,ETH,defi_hack_attacker,kismp_defihack,,,
0x43623b96936e854f8d85f893011f22ac91e58164,ETH,defi_hack_attacker,kismp_defihack,,,
0x436d3629888b50127ec4947d54bb0ab1120962a0,ETH,defi_hack_attacker,kismp_defihack,,,
0x437cc33344a0b27a429f795ff6b469c72698b291,ETH,defi_hack_attacker,kismp_defihack,,,
0x4397c76088db8f16c15455eb943dd11f2df56545,ETH,defi_hack_attacker,kismp_defihack,,,
0x439cac149b935ae1d726569800972e1669d17094,ETH,defi_hack_attacker,kismp_defihack,,,
0x43c743e316f40d4511762eedf6f6d484f67b2f82,ETH,defi_hack_attacker,kismp_defihack,,,
0x43cf1856606df2cb22aedba1a3e23725f1594e81,ETH,defi_hack_attacker,kismp_defihack,,,
0x43dc865e916914fd93540461fde124484fbf8faa,ETH,defi_hack_attacker,kismp_defihack,,,
0x43e54c2e7b3e294de3a155785f52ab49d87b9922,ETH,defi_hack_attacker,kismp_defihack,,,
0x443195aa3a4357242a7427fc8ce5f20c1e71fcb1,ETH,defi_hack_attacker,kismp_defihack,,,
0x4437743ac02957068995c48e08465e0ee1769fbe,ETH,defi_hack_attacker,kismp_defihack,,,
0x443cf223e209e5a2c08114a2501d8f0f9ec7d9be,ETH,defi_hack_attacker,kismp_defihack,,,
0x4453aed57c23a50d887a42ad0cd14ff1b819c750,ETH,defi_hack_attacker,kismp_defihack,,,
0x4476b6ca46b28182944ed750e74e2bb1752f87ae,ETH,defi_hack_attacker,kismp_defihack,,,
0x449fea37d339a11efe1b181e5d5462464bba3752,ETH,defi_hack_attacker,kismp_defihack,,,
0x44e251786a699518d6273ea1e027cec27b49d3bd,ETH,defi_hack_attacker,kismp_defihack,,,
0x4512abb79f1f80830f4641caefc5ab33654a2d49,ETH,defi_hack_attacker,kismp_defihack,,,
0x451583b6da479eaa04366443262848e27706f762,ETH,defi_hack_attacker,kismp_defihack,,,
0x4526c263571eb57110d161b41df8fd073df3c44a,ETH,defi_hack_attacker,kismp_defihack,,,
0x452e253eeb3bb16e40337d647c01b6c910aa84b3,ETH,defi_hack_attacker,kismp_defihack,,,
0x4585fe77225b41b697c938b018e2ac67ac5a20c0,ETH,defi_hack_attacker,kismp_defihack,,,
0x4591dbff62656e7859afe5e45f6f47d3669fbb28,ETH,defi_hack_attacker,kismp_defihack,,,
0x45aa258ad08eeeb841c1c02eca7658f9dd4779c0,ETH,defi_hack_attacker,kismp_defihack,,,
0x45e15d1e4f92f28a916f4f2971ad9adc278e148b,ETH,defi_hack_attacker,kismp_defihack,,,
0x45f783cce6b7ff23b2ab2d70e416cdb7d6055f51,ETH,defi_hack_attacker,kismp_defihack,,,
0x460638e6f7605b866736e38045c0de8294d7d87f,ETH,defi_hack_attacker,kismp_defihack,,,
0x460b1ae257118ed6f63ed8489657588a326a206d,ETH,defi_hack_attacker,kismp_defihack,,,
0x46161158b1947d9149e066d6d31af1283b2d377c,ETH,defi_hack_attacker,kismp_defihack,,,
0x4622aff8e521a444c9301da0efd05f6b482221b8,ETH,defi_hack_attacker,kismp_defihack,,,
0x463452c356322d463b84891ebda33daed274cb40,ETH,defi_hack_attacker,kismp_defihack,,,
0x4645863205b47a0a3344684489e8c446a437d66c,ETH,defi_hack_attacker,kismp_defihack,,,
0x4658ea7e9960d6158a261104aaa160cc953bb6ba,ETH,defi_hack_attacker,kismp_defihack,,,
0x465dd76538b6fe8297cadadd0b4b2b4ff8ccb312,ETH,defi_hack_attacker,kismp_defihack,,,
0x466b85b49ec0c5c1eb402d5ea3c4b88864ea0f04,ETH,defi_hack_attacker,kismp_defihack,,,
0x469a2f900ef0504299bfd4d1812618a94b67e189,ETH,defi_hack_attacker,kismp_defihack,,,
0x46ba8a59f4863bd20a066fd985b163235425b5f9,ETH,defi_hack_attacker,kismp_defihack,,,
0x46bea99d977f269399fb3a4637077bb35f075516,ETH,defi_hack_attacker,kismp_defihack,,,
0x46c403e3dcaf219d9d4de167ccc4e0dd8e81eb72,ETH,defi_hack_attacker,kismp_defihack,,,
0x46cf1cf8c69595804ba91dfdd8d6b960c9b0a7c4,ETH,defi_hack_attacker,kismp_defihack,,,
0x46d9b3dfbc163465ca9e306487cba60bc438f5a2,ETH,defi_hack_attacker,kismp_defihack,,,
0x46f54d434063e5f1a2b2cc6d9aaa657b1b9ff82c,ETH,defi_hack_attacker,kismp_defihack,,,
0x471038827c05c87c23e9dba5331c753337fd918b,ETH,defi_hack_attacker,kismp_defihack,,,
0x4726010da871f4b57b5031e3ea48bde961f122aa,ETH,defi_hack_attacker,kismp_defihack,,,
0x47391071824569f29381dfeaf2f1b47a4004933b,ETH,defi_hack_attacker,kismp_defihack,,,
0x473c33c55be10bb53d81fe45173fcc444143a13e,ETH,defi_hack_attacker,kismp_defihack,,,
0x4752ba5dbc23f44d87826276bf6fd6b1c372ad24,ETH,defi_hack_attacker,kismp_defihack,,,
0x47666fab8bd0ac7003bce3f5c3585383f09486e2,ETH,defi_hack_attacker,kismp_defihack,,,
0x476954c752a6ee04b68382c97f7560040eda7309,ETH,defi_hack_attacker,kismp_defihack,,,
0x47bacf935066b802eaa0067ec14ab035b24eb78b,ETH,defi_hack_attacker,kismp_defihack,,,
0x47c4b3144de2c87a458d510c0c0911d1903d1686,ETH,defi_hack_attacker,kismp_defihack,,,
0x47f341d896b08daacb344d9021f955247e50d089,ETH,defi_hack_attacker,kismp_defihack,,,
0x4822d9172e5b76b9db37b75f5552f9988f98a888,ETH,defi_hack_attacker,kismp_defihack,,,
0x48234fb95d4d3e5a09f3ec4dd57f68281b78c825,ETH,defi_hack_attacker,kismp_defihack,,,
0x4826e896e39dc96a8504588d21e9d44750435e2d,ETH,defi_hack_attacker,kismp_defihack,,,
0x482ac1a69a41e7657de6b420b7346fb09da09115,ETH,defi_hack_attacker,kismp_defihack,,,
0x4843e00ef4c9f9f6e6ae8d7b0a787f1c60050b01,ETH,defi_hack_attacker,kismp_defihack,,,
0x4848489f0b2bedd788c696e2d79b6b69d7484848,ETH,defi_hack_attacker,kismp_defihack,,,
0x486af39519b4dc9a7fccd318217352830e8ad9b4,ETH,defi_hack_attacker,kismp_defihack,,,
0x48835a9065af7315916adfc1f952b7abebdbfd62,ETH,defi_hack_attacker,kismp_defihack,,,
0x489a8756c18c0b8b24ec2a2b9ff3d4d447f79bec,ETH,defi_hack_attacker,kismp_defihack,,,
0x489afbaed0ea796712c9a6d366c16ca3876d8184,ETH,defi_hack_attacker,kismp_defihack,,,
0x489ee077994b6658eafa855c308275ead8097c4a,ETH,defi_hack_attacker,kismp_defihack,,,
0x48afbbd342f64ef8a9ab1c143719b63c2ad81710,ETH,defi_hack_attacker,kismp_defihack,,,
0x48d118c9185e4dbafe7f3813f8f29ec8a6248359,ETH,defi_hack_attacker,kismp_defihack,,,
0x48de6bf9e301946b0a32b053804c61dc5f00c0c3,ETH,defi_hack_attacker,kismp_defihack,,,
0x48f1d0f5831eb6e544f8cbde777b527b87a1be98,ETH,defi_hack_attacker,kismp_defihack,,,
0x493361d6164093936c86dcb35ad03b4c0d032076,ETH,defi_hack_attacker,kismp_defihack,,,
0x493c5655d40b051a64bc88a6af21d73d3a9b72a2,ETH,defi_hack_attacker,kismp_defihack,,,
0x4976a4a02f38326660d17bf34b431dc6e2eb2327,ETH,defi_hack_attacker,kismp_defihack,,,
0x49ad262c49c7aa708cc2df262ed53b64a17dd5ee,ETH,defi_hack_attacker,kismp_defihack,,,
0x49b7f6414999551fa27c2b3abd588928a6334c96,ETH,defi_hack_attacker,kismp_defihack,,,
0x4a0a76645941d8c7ba059940b3446228f0db8972,ETH,defi_hack_attacker,kismp_defihack,,,
0x4a6c312ec70e8747a587ee860a0353cd42be0ae0,ETH,defi_hack_attacker,kismp_defihack,,,
0x4a6e0fad381d992f9eb9c037c8f78d788a9e8991,ETH,defi_hack_attacker,kismp_defihack,,,
0x4a9cb5d0b755275fd188f87c0a8df531b0c7c7d2,ETH,defi_hack_attacker,kismp_defihack,,,
0x4aa679402c6afce1e0f7eb99ca4f09a30ce228ab,ETH,defi_hack_attacker,kismp_defihack,,,
0x4ab12e7ce31857ee022f273e8580f73335a73c0b,ETH,defi_hack_attacker,kismp_defihack,,,
0x4acaf8388c97def668e0c3b01e3d18260c6a8f1a,ETH,defi_hack_attacker,kismp_defihack,,,
0x4ade855c2240099c20e361796c8f697d1bdb6938,ETH,defi_hack_attacker,kismp_defihack,,,
0x4ae1da57f2d6b2e9a23d07e264aa2b3bbcaed19a,ETH,defi_hack_attacker,kismp_defihack,,,
0x4ae2cd1f5b8806a973953b76f9ce6d5fab9cdcfd,ETH,defi_hack_attacker,kismp_defihack,,,
0x4b02d85e086809eb7af4e791103bc4cde83480d1,ETH,defi_hack_attacker,kismp_defihack,,,
0x4b0e9a7da8bab813efae92a6651019b8bd6c0a29,ETH,defi_hack_attacker,kismp_defihack,,,
0x4b44b52ef15f7aab9a0a6cfdfa8d2c5eeeb6d8c3,ETH,defi_hack_attacker,kismp_defihack,,,
0x4b53608ff0ce42cdf9cf01d7d024c2c9ea1aa2e8,ETH,defi_hack_attacker,kismp_defihack,,,
0x4b63c0cf524f71847ea05b59f3077a224d922e8d,ETH,defi_hack_attacker,kismp_defihack,,,
0x4b77c789fa35b54dacb5f6bb2daaa01554299d6c,ETH,defi_hack_attacker,kismp_defihack,,,
0x4b92cc3452ef1e37528470495b86d3f976470734,ETH,defi_hack_attacker,kismp_defihack,,,
0x4b9c234779a3332b74dbaff57559ec5b4cb078bd,ETH,defi_hack_attacker,kismp_defihack,,,
0x4baa77013ccd6705ab0522853cb0e9d453579dd4,ETH,defi_hack_attacker,kismp_defihack,,,
0x4bbfae575dd47bcfd5770ab4bc54eb83db088888,ETH,defi_hack_attacker,kismp_defihack,,,
0x4bc9618e9e5dc051ec141d7c964aeadfdf8c7611,ETH,defi_hack_attacker,kismp_defihack,,,
0x4bfd5c65082171df83fd0fbbe54aa74909529b2c,ETH,defi_hack_attacker,kismp_defihack,,,
0x4c0dc529c4252e7be0db8d00592e04f878e4f397,ETH,defi_hack_attacker,kismp_defihack,,,
0x4c100d30d9c511b8bb9d1c951bbc1be489a0172f,ETH,defi_hack_attacker,kismp_defihack,,,
0x4c19596f5aaff459fa38b0f7ed92f11ae6543784,ETH,defi_hack_attacker,kismp_defihack,,,
0x4c36388be6f416a29c8d8eee81c771ce6be14b18,ETH,defi_hack_attacker,kismp_defihack,,,
0x4c4564a1fe775d97297f9e3dc2e762e0ed5dda0e,ETH,defi_hack_attacker,kismp_defihack,,,
0x4cd4bf5079fc09d6989b4b5b42b113377ad8d565,ETH,defi_hack_attacker,kismp_defihack,,,
0x4cf9dc05c715812fead782dc98de0168029e05c8,ETH,defi_hack_attacker,kismp_defihack,,,
0x4d0d746e0f66bf825418e6b3def1a46ec3c0b847,ETH,defi_hack_attacker,kismp_defihack,,,
0x4d224452801aced8b2f0aebe155379bb5d594381,ETH,defi_hack_attacker,kismp_defihack,,,
0x4d3a10d4792dd12ececc5f3034c8e264b28485d1,ETH,defi_hack_attacker,kismp_defihack,,,
0x4d3ca32e687e871a58b78acac73be59ac37c7a47,ETH,defi_hack_attacker,kismp_defihack,,,
0x4d4d05e1205e3a412ae1469c99e0d954113aa76f,ETH,defi_hack_attacker,kismp_defihack,,,
0x4d7968ebfd390d5e7926cb3587c39eff2f9fb225,ETH,defi_hack_attacker,kismp_defihack,,,
0x4d9618239044a2ab2581f0cc954d28873afa4d7b,ETH,defi_hack_attacker,kismp_defihack,,,
0x4d993ec7b44276615bb2f6f20361ab34fbf0ec49,ETH,defi_hack_attacker,kismp_defihack,,,
0x4da35bf35504d77e5c5e9db6a35b76eb4479306a,ETH,defi_hack_attacker,kismp_defihack,,,
0x4da818dd3aafb9d042a76b5037cdba61533c7692,ETH,defi_hack_attacker,kismp_defihack,,,
0x4dd6d5d861edcd361455b330fa28c4c9817da687,ETH,defi_hack_attacker,kismp_defihack,,,
0x4ddc2d193948926d02f9b1fe9e1daa0718270ed5,ETH,defi_hack_attacker,kismp_defihack,,,
0x4deca517d6817b6510798b7328f2314d3003abac,ETH,defi_hack_attacker,kismp_defihack,,,
0x4e332d616b5ba1edfd87c899e534d996c336a2fc,ETH,defi_hack_attacker,kismp_defihack,,,
0x4e48c46779b3b16d63375751467d7eee34d41c3d,ETH,defi_hack_attacker,kismp_defihack,,,
0x4e5a19335017d69c986065b21e9dfe7965f84413,ETH,defi_hack_attacker,kismp_defihack,,,
0x4e77df7b9cdcecec4115e59546f3eacba095a89f,ETH,defi_hack_attacker,kismp_defihack,,,
0x4e87880a72f6896e7e0a635a5838ffc89b13bd17,ETH,defi_hack_attacker,kismp_defihack,,,
0x4e998316ec31d2f3078f8f57b952bfae54728be1,ETH,defi_hack_attacker,kismp_defihack,,,
0x4edda16ab4f4cc46b160abc42763ba63885862a4,ETH,defi_hack_attacker,kismp_defihack,,,
0x4efd5f0749b1b91afdcd2ecf464210db733150e0,ETH,defi_hack_attacker,kismp_defihack,,,
0x4efdcaba42cc31cf5198ec99bdc025aff1e32bb0,ETH,defi_hack_attacker,kismp_defihack,,,
0x4f01aed16d97e3ab5ab2b501154dc9bb0f1a5a2c,ETH,defi_hack_attacker,kismp_defihack,,,
0x4f3126d5de26413abdcf6948943fb9d0847d9818,ETH,defi_hack_attacker,kismp_defihack,,,
0x4f31fa980a675570939b737ebdde0471a4be40eb,ETH,defi_hack_attacker,kismp_defihack,,,
0x4f3a120e72c76c22ae802d129f599bfdbc31cb81,ETH,defi_hack_attacker,kismp_defihack,,,
0x4f3e801bd57dc3d641e72f2774280b21d31f64e4,ETH,defi_hack_attacker,kismp_defihack,,,
0x4f8b8c1b828147c1d6efc37c0326f4ac3e47d068,ETH,defi_hack_attacker,kismp_defihack,,,
0x4fabb145d64652a948d72533023f6e7a623c7c53,ETH,defi_hack_attacker,kismp_defihack,,,
0x4fb9657ac5d311dd54b37a75cfb873b127eb21fd,ETH,defi_hack_attacker,kismp_defihack,,,
0x5002f2d9ac1763f9cf02551b3a72a42e792ae9ea,ETH,defi_hack_attacker,kismp_defihack,,,
0x502b4a51ca7900f391d474268c907b110a277d6f,ETH,defi_hack_attacker,kismp_defihack,,,
0x506d1f9efe24f0d47853adca907eb8d89ae03207,ETH,defi_hack_attacker,kismp_defihack,,,
0x506eebd8d6061202a8e8fc600bb3d5d41f475ee1,ETH,defi_hack_attacker,kismp_defihack,,,
0x50753cfaf86c094925bf976f218d043f8791e408,ETH,defi_hack_attacker,kismp_defihack,,,
0x509c44e59491094a6782d9108f1c90615387fb46,ETH,defi_hack_attacker,kismp_defihack,,,
0x50ce56a3239671ab62f185704caedf626352741e,ETH,defi_hack_attacker,kismp_defihack,,,
0x50df5a2217588772471b84adbbe4194a2ed39066,ETH,defi_hack_attacker,kismp_defihack,,,
0x50f5474724e0ee42d9a4e711ccfb275809fd6d4a,ETH,defi_hack_attacker,kismp_defihack,,,
0x51177db1ff3b450007958447946a2eee388288d2,ETH,defi_hack_attacker,kismp_defihack,,,
0x51195e21bdae8722b29919db56d95ef51faeca6c,ETH,defi_hack_attacker,kismp_defihack,,,
0x511f427cdf0c4e463655856db382e05d79ac44a6,ETH,defi_hack_attacker,kismp_defihack,,,
0x512e9701d314b365921bcb3b8265658a152c9ffd,ETH,defi_hack_attacker,kismp_defihack,,,
0x514910771af9ca656af840dff83e8264ecf986ca,ETH,defi_hack_attacker,kismp_defihack,,,
0x51873a0b615a51115f2cfbc2e24d9db4bfa2e6e2,ETH,defi_hack_attacker,kismp_defihack,,,
0x51c9d0264d829a4f6d525df2357cd20ea79b5049,ETH,defi_hack_attacker,kismp_defihack,,,
0x51cb253744189f11241becb29bedd3f1b5384fdb,ETH,defi_hack_attacker,kismp_defihack,,,
0x5222f9facd6998de73d45175efe56a38639ed10b,ETH,defi_hack_attacker,kismp_defihack,,,
0x523aa213fe806778ffa597b6409382fffcc12de2,ETH,defi_hack_attacker,kismp_defihack,,,
0x526e8e98356194b64eae4c2d443cc8aad367336f,ETH,defi_hack_attacker,kismp_defihack,,,
0x5287e8915445aee78e10190559d8dd21e0e9ea88,ETH,defi_hack_attacker,kismp_defihack,,,
0x528e046acfb52bd3f9c400e7a5c79a8a2c2863d0,ETH,defi_hack_attacker,kismp_defihack,,,
0x52aed741b5007b4fb66860b5b31dd4c542d65785,ETH,defi_hack_attacker,kismp_defihack,,,
0x52b19de39476823d33ab4b1edbec91e29dadba38,ETH,defi_hack_attacker,kismp_defihack,,,
0x52d1c9e81d2bacdae4c0e6815e63db8efba5fd37,ETH,defi_hack_attacker,kismp_defihack,,,
0x52d69c67536f55efefe02941868e5e762538dbd6,ETH,defi_hack_attacker,kismp_defihack,,,
0x52e38d496f8d712394d5ed55e4d4cdd21f1957de,ETH,defi_hack_attacker,kismp_defihack,,,
0x5313f4f04fdcc2330ccfa5ba7da2780850d1d7be,ETH,defi_hack_attacker,kismp_defihack,,,
0x5322bff39339eda261bf878fa7d92791cc969bb0,ETH,defi_hack_attacker,kismp_defihack,,,
0x5326e71ff593ecc2cf7acae5fe57582d6e74cff1,ETH,defi_hack_attacker,kismp_defihack,,,
0x5336a15f27b74f62cc182388c005df419ffb58b8,ETH,defi_hack_attacker,kismp_defihack,,,
0x534a3bb1ecb886ce9e7632e33d97bf22f838d085,ETH,defi_hack_attacker,kismp_defihack,,,
0x5351536145610aa448a8bf85ba97c71caf31909c,ETH,defi_hack_attacker,kismp_defihack,,,
0x53635bf7b92b9512f6de0eb7450b26d5d1ad9a4c,ETH,defi_hack_attacker,kismp_defihack,,,
0x5366c6ba729d9cf8d472500afc1a2976ac2fe9ff,ETH,defi_hack_attacker,kismp_defihack,,,
0x5384b34c74024d6563b323351a4bbfa18432161b,ETH,defi_hack_attacker,kismp_defihack,,,
0x53e562b9b7e5e94b81f10e96ee70ad06df3d2657,ETH,defi_hack_attacker,kismp_defihack,,,
0x53fbcada1201a465740f2d64ecdf6fac425f9030,ETH,defi_hack_attacker,kismp_defihack,,,
0x53feee33527819bb793b72bd67dbf0f8466f7d2c,ETH,defi_hack_attacker,kismp_defihack,,,
0x5417da20ac8157dd5c07230cfc2b226fdcfc5663,ETH,defi_hack_attacker,kismp_defihack,,,
0x542533536e314180e1b9f00b2c046f6282eb3647,ETH,defi_hack_attacker,kismp_defihack,,,
0x5476db8b72337d44a6724277083b1a927c82a389,ETH,defi_hack_attacker,kismp_defihack,,,
0x547fb3db0f13eed5d3ff930a0b61ae35b173b4b5,ETH,defi_hack_attacker,kismp_defihack,,,
0x5499178919c79086fd580d6c5f332a4253244d91,ETH,defi_hack_attacker,kismp_defihack,,,
0x549d0cdc753601fbe29f9de186868429a8558e07,ETH,defi_hack_attacker,kismp_defihack,,,
0x55252a6d50bfad0e5f1009541284c783686f7f25,ETH,defi_hack_attacker,kismp_defihack,,,
0x5575406ef6b15eec1986c412b9fbe144522c45ae,ETH,defi_hack_attacker,kismp_defihack,,,
0x5578f2e245e932a599c46215a0ca88707230f17b,ETH,defi_hack_attacker,kismp_defihack,,,
0x5587ba40b8b1ce090d1a61b293640a7d86fc4c2d,ETH,defi_hack_attacker,kismp_defihack,,,
0x55b41128d4b047abef68efa1f4f42b89dfb82395,ETH,defi_hack_attacker,kismp_defihack,,,
0x55b90b37416dc0bd936045a8110d1af3b6bf0fc3,ETH,defi_hack_attacker,kismp_defihack,,,
0x55c9eebd368873494c7d06a4900e8f5674b11bd2,ETH,defi_hack_attacker,kismp_defihack,,,
0x55d398326f99059ff775485246999027b3197955,ETH,defi_hack_attacker,kismp_defihack,,,
0x55f5aac4466eb9b7bbeee8c05b365e5b18b5afcc,ETH,defi_hack_attacker,kismp_defihack,,,
0x55f5f8058816d5376df310770ca3a2e294089c33,ETH,defi_hack_attacker,kismp_defihack,,,
0x55fa881a2676c16fcc8d3678d10290e76f00fd96,ETH,defi_hack_attacker,kismp_defihack,,,
0x56190cac88b8d4b5d5ed668ef81828913932e7ed,ETH,defi_hack_attacker,kismp_defihack,,,
0x562460d8cfb40ada3ea91d8cf98eaf25d53d53d8,ETH,defi_hack_attacker,kismp_defihack,,,
0x562680a4dc50ed2f14d75bf31f494cfe0b8d10a1,ETH,defi_hack_attacker,kismp_defihack,,,
0x5636e55e4a72299a0f194c001841e2ce75bb527a,ETH,defi_hack_attacker,kismp_defihack,,,
0x564d4126af2b195ffaa7fb470ed658b1d9d07a54,ETH,defi_hack_attacker,kismp_defihack,,,
0x5655c442227371267c165101048e4838a762675d,ETH,defi_hack_attacker,kismp_defihack,,,
0x566777ed780dbbe17c130ae97b9fbc0a3ab829df,ETH,defi_hack_attacker,kismp_defihack,,,
0x5676e585bf16387bc159fd4f82416434cda5f1a3,ETH,defi_hack_attacker,kismp_defihack,,,
0x56974d5af75b1ef96722052a57735187e9b91751,ETH,defi_hack_attacker,kismp_defihack,,,
0x56a201b872b50bbdee0021ed4d1bb36359d291ed,ETH,defi_hack_attacker,kismp_defihack,,,
0x56b2d55457b31fb4b78ebddd6718ea2667804a06,ETH,defi_hack_attacker,kismp_defihack,,,
0x56bcadff30680ebb540a84d75c182a5dc61981c0,ETH,defi_hack_attacker,kismp_defihack,,,
0x56c517308ec9dcbe1db9d38e8b42bc7a948f7ffa,ETH,defi_hack_attacker,kismp_defihack,,,
0x56d8b635a7c88fd1104d23d632af40c1c3aac4e3,ETH,defi_hack_attacker,kismp_defihack,,,
0x56de8bc61346321d4f2211e3ac3c0a7f00db9b76,ETH,defi_hack_attacker,kismp_defihack,,,
0x56f77adc522bffebb3af0669564122933ab5ea4f,ETH,defi_hack_attacker,kismp_defihack,,,
0x56ff4afd909aa66a1530fe69bf94c74e6d44500c,ETH,defi_hack_attacker,kismp_defihack,,,
0x570ce7b89c67200721406525e1848bca6ff5a6f3,ETH,defi_hack_attacker,kismp_defihack,,,
0x5738df8073ad05d0c0fcf60e358033268ebf16cc,ETH,defi_hack_attacker,kismp_defihack,,,
0x5743b2bc41c844c99de3a7f0e5da046224f6786e,ETH,defi_hack_attacker,kismp_defihack,,,
0x5766d1f03378f50c7c981c014ed5e5a8124f38a4,ETH,defi_hack_attacker,kismp_defihack,,,
0x5777d92f208679db4b9778590fa3cab3ac9e2168,ETH,defi_hack_attacker,kismp_defihack,,,
0x579270f151d142eb8bdc081043a983307aa15786,ETH,defi_hack_attacker,kismp_defihack,,,
0x579a3244f38112b8aabefce0227555c9b6e7aaf0,ETH,defi_hack_attacker,kismp_defihack,,,
0x579a3bde631c3d8068cbfe3dc45b0f14ec18dd43,ETH,defi_hack_attacker,kismp_defihack,,,
0x57ab1ec28d129707052df4df418d58a2d46d5f51,ETH,defi_hack_attacker,kismp_defihack,,,
0x57db19127617b77c8abd9420b5a35502b59870d6,ETH,defi_hack_attacker,kismp_defihack,,,
0x57ecf40b596274a985967e3f698437ae0a9600a0,ETH,defi_hack_attacker,kismp_defihack,,,
0x5813d7818c9d8f29a9a96b00031ef576e892def4,ETH,defi_hack_attacker,kismp_defihack,,,
0x582010c270ef877031e6b16554e51ca5bbda882e,ETH,defi_hack_attacker,kismp_defihack,,,
0x5821573d8f04947952e76d94f3abc6d7b43bf8d0,ETH,defi_hack_attacker,kismp_defihack,,,
0x58f5f0684c381fcfc203d77b2bba468ebb29b098,ETH,defi_hack_attacker,kismp_defihack,,,
0x58f876857a02d6762e0101bb5c46a8c1ed44dc16,ETH,defi_hack_attacker,kismp_defihack,,,
0x5908e4650ba07a9cf9ef9fd55854d4e1b700a267,ETH,defi_hack_attacker,kismp_defihack,,,
0x590f820444fa3638e022776752c5eef34e2f89a6,ETH,defi_hack_attacker,kismp_defihack,,,
0x5923375f1a732fd919d320800eaecc25910beda3,ETH,defi_hack_attacker,kismp_defihack,,,
0x59367b057055fd5d38ab9c5f0927f45dc2637390,ETH,defi_hack_attacker,kismp_defihack,,,
0x59537353248d0b12c7fcca56a4e420ffec4abc91,ETH,defi_hack_attacker,kismp_defihack,,,
0x595eac4a0ce9b7175a99094680fbe55a774b5464,ETH,defi_hack_attacker,kismp_defihack,,,
0x59686e01aa841f622a43688153062c2f24f8fded,ETH,defi_hack_attacker,kismp_defihack,,,
0x5979d7b546e38e414f7e9822514be443a4800529,ETH,defi_hack_attacker,kismp_defihack,,,
0x598c6c1cd9459f882530fc9d7da438cb74c6cb3b,ETH,defi_hack_attacker,kismp_defihack,,,
0x59c686272e6f11dc8701a162f938fb085d940ad3,ETH,defi_hack_attacker,kismp_defihack,,,
0x5a0416fbafc21d8f45a355e6ca6fd66f2aca2e49,ETH,defi_hack_attacker,kismp_defihack,,,
0x5a5755e1916f547d04ef43176d4cbe0de4503d5d,ETH,defi_hack_attacker,kismp_defihack,,,
0x5a596eae0010e16ed3b021fc09bbf0b7f1b2d3cd,ETH,defi_hack_attacker,kismp_defihack,,,
0x5a6ebeb61a80b2a2a5e0b4d893d731358d888583,ETH,defi_hack_attacker,kismp_defihack,,,
0x5a7c7eb8d13a53d42a15d2b1d1b694ccc5141ea5,ETH,defi_hack_attacker,kismp_defihack,,,
0x5a88114f02bffb04a9a13a776f592547b3080237,ETH,defi_hack_attacker,kismp_defihack,,,
0x5a8eee279096052588dfcc4e8b466180490db821,ETH,defi_hack_attacker,kismp_defihack,,,
0x5a9846062524631c01ec11684539623dab1fae58,ETH,defi_hack_attacker,kismp_defihack,,,
0x5a9fd7c39a6c488e715437d7b1f3c823d5596ed1,ETH,defi_hack_attacker,kismp_defihack,,,
0x5aa27d556f898846b9bad32f0cdba5b1f8bc3144,ETH,defi_hack_attacker,kismp_defihack,,,
0x5abb91b9c01a5ed3ae762d32b236595b459d5777,ETH,defi_hack_attacker,kismp_defihack,,,
0x5abde8b434133c98c36f4b21476791d95d888bf5,ETH,defi_hack_attacker,kismp_defihack,,,
0x5aec8469414332d62bf5058fb91f2f8457e5c5cb,ETH,defi_hack_attacker,kismp_defihack,,,
0x5af00b07a55f55775e4d99249dc7d81f5bc14c22,ETH,defi_hack_attacker,kismp_defihack,,,
0x5b1bf836fba1836ca7ffce26f155c75dbfa4adf1,ETH,defi_hack_attacker,kismp_defihack,,,
0x5b69f9c6cbb4958008eae46072886e6b9524fdef,ETH,defi_hack_attacker,kismp_defihack,,,
0x5b8d598b354f5760b2a65f492154e7a3df46d1be,ETH,defi_hack_attacker,kismp_defihack,,,
0x5b9b4b4dafbcfceea7afba56958fcbb37d82d4a2,ETH,defi_hack_attacker,kismp_defihack,,,
0x5bac20beef31d0eccb369a33514831ed8e9cdfe0,ETH,defi_hack_attacker,kismp_defihack,,,
0x5bb5b6d41c3e5e41d9b9ed33d12f1537a1293d5f,ETH,defi_hack_attacker,kismp_defihack,,,
0x5c01b97299b32baf75b4940fdae158656c231847,ETH,defi_hack_attacker,kismp_defihack,,,
0x5c2b80214c1961db06f69dd4128bcffc6423d44f,ETH,defi_hack_attacker,kismp_defihack,,,
0x5c65badf7f97345b7b92776b22255c973234efe7,ETH,defi_hack_attacker,kismp_defihack,,,
0x5c92884dfe0795db5ee095e68414d6aabf398130,ETH,defi_hack_attacker,kismp_defihack,,,
0x5c952063c7fc8610ffdb798152d69f0b9550762b,ETH,defi_hack_attacker,kismp_defihack,,,
0x5c9bdc801a600c006c388fc032dcb27355154cc9,ETH,defi_hack_attacker,kismp_defihack,,,
0x5c9f1a9ced41ccc5dcecda5afc317b72f1e49636,ETH,defi_hack_attacker,kismp_defihack,,,
0x5cc162c556092fe1d993b95d1b9e9ce58a11dbc9,ETH,defi_hack_attacker,kismp_defihack,,,
0x5cc741931d01cb1adde193222dfb1ad75930fd60,ETH,defi_hack_attacker,kismp_defihack,,,
0x5d0d99e9886581ff8fcb01f35804317f5ed80bbb,ETH,defi_hack_attacker,kismp_defihack,,,
0x5d16b8ba2a9a4eca6126635a6ffbf05b52727d50,ETH,defi_hack_attacker,kismp_defihack,,,
0x5d4430d14ae1d11526ddac1c1ef01da3b1dae455,ETH,defi_hack_attacker,kismp_defihack,,,
0x5d5c5d5898b486ad907c9fbad610324f45d29fad,ETH,defi_hack_attacker,kismp_defihack,,,
0x5d6e908c4cd6eda1c2a9010d1971c7d62bdb5cd3,ETH,defi_hack_attacker,kismp_defihack,,,
0x5d78cfc8732fd328015c9b73699de9556ef06e8e,ETH,defi_hack_attacker,kismp_defihack,,,
0x5d7b61e91cb59e90f7fae8d0fe2e73976161592f,ETH,defi_hack_attacker,kismp_defihack,,,
0x5d8d9f5b96f4438195be9b99eee6118ed4304286,ETH,defi_hack_attacker,kismp_defihack,,,
0x5d93f216f17c225a8b5ffa34e74b7133436281ee,ETH,defi_hack_attacker,kismp_defihack,,,
0x5d94309e5a0090b165fa4181519701637b6daeba,ETH,defi_hack_attacker,kismp_defihack,,,
0x5da151b95657e788076d04d56234bd93e409cb09,ETH,defi_hack_attacker,kismp_defihack,,,
0x5db4604c8952a8c3474e8ac33e0d31814d75f786,ETH,defi_hack_attacker,kismp_defihack,,,
0x5de8ab7e27f6e7a1fff3e5b337584aa43961beef,ETH,defi_hack_attacker,kismp_defihack,,,
0x5dfc7f3ebbb9cbfe89bc3fb70f750ee229a59f8c,ETH,defi_hack_attacker,kismp_defihack,,,
0x5e15d5e33d318dced84bfe3f4eace07909be6d9c,ETH,defi_hack_attacker,kismp_defihack,,,
0x5e4c45725b1a7c9d42e903e06aee90271842bfe4,ETH,defi_hack_attacker,kismp_defihack,,,
0x5e9cd0861f927adeccfeb2c0124879b277dd66ac,ETH,defi_hack_attacker,kismp_defihack,,,
0x5edbd8808f48ffc9e6d4c0d6845e0a0b4711fd5c,ETH,defi_hack_attacker,kismp_defihack,,,
0x5ee08f40b637417bcc9d2c51b62f4820ec9cf5d8,ETH,defi_hack_attacker,kismp_defihack,,,
0x5ef30b9986345249bc32d8928b7ee64de9435e39,ETH,defi_hack_attacker,kismp_defihack,,,
0x5efd021ab403b5b6bbd30fd2e3c26f83f03163d4,ETH,defi_hack_attacker,kismp_defihack,,,
0x5f02fddbf399b9ce4a0bb9f0a7e86d6508084d70,ETH,defi_hack_attacker,kismp_defihack,,,
0x5f0b31aa37bce387a8b21554a8360c6b8698fbef,ETH,defi_hack_attacker,kismp_defihack,,,
0x5f0e628b693018f639d10e4a4f59bd4d8b2b6b44,ETH,defi_hack_attacker,kismp_defihack,,,
0x5f360c6b7b25dfbfa4f10039ea0f7ecfb9b02e60,ETH,defi_hack_attacker,kismp_defihack,,,
0x5f4c21c9bb73c8b4a296cc256c0cde324db146df,ETH,defi_hack_attacker,kismp_defihack,,,
0x5f4ec3df9cbd43714fe2740f5e3616155c5b8419,ETH,defi_hack_attacker,kismp_defihack,,,
0x5f58058c0ec971492166763c8c22632b583f667f,ETH,defi_hack_attacker,kismp_defihack,,,
0x5f86558387293b6009d7896a61fcc86c17808d62,ETH,defi_hack_attacker,kismp_defihack,,,
0x5fb0b8584b34e56e386941a65dbe455ad43c5a23,ETH,defi_hack_attacker,kismp_defihack,,,
0x5fbbb391d54f4fb1d1cf18310c93d400bc80042e,ETH,defi_hack_attacker,kismp_defihack,,,
0x5fdac50aa48e3e86299a04ad18a68750b2074d2d,ETH,defi_hack_attacker,kismp_defihack,,,
0x5fdbcd61bc9bd4b6d3fd1f49a5d253165ea11750,ETH,defi_hack_attacker,kismp_defihack,,,
0x600ad7b57f3e6aeee53acb8704a5ed50b60cacd6,ETH,defi_hack_attacker,kismp_defihack,,,
0x6023c6afa26a68e05672f111fdbb1de93cbac621,ETH,defi_hack_attacker,kismp_defihack,,,
0x6051428b580f561b627247119eed4d0483b8d28e,ETH,defi_hack_attacker,kismp_defihack,,,
0x6057a831d43c395198a10cf2d7d6d6a063b1fce4,ETH,defi_hack_attacker,kismp_defihack,,,
0x60594a405d53811d3bc4766596efd80fd545a270,ETH,defi_hack_attacker,kismp_defihack,,,
0x606246e9ef6c70dcb6cee42136cd06d127e2b7c7,ETH,defi_hack_attacker,kismp_defihack,,,
0x6066435edce9c2772f3f1184b33fc5f7826d03e7,ETH,defi_hack_attacker,kismp_defihack,,,
0x607742a2adea4037020e11bb67cb98e289e3ec7d,ETH,defi_hack_attacker,kismp_defihack,,,
0x6085bc95f506c326dcbcd7a6dd6c79fbc18d4686,ETH,defi_hack_attacker,kismp_defihack,,,
0x6098a5638d8d7e9ed2f952d35b2b67c34ec6b476,ETH,defi_hack_attacker,kismp_defihack,,,
0x60ae616a2155ee3d9a68541ba4544862310933d4,ETH,defi_hack_attacker,kismp_defihack,,,
0x60baf994f44dd10c19c0c47cbfe6048a4ffe4860,ETH,defi_hack_attacker,kismp_defihack,,,
0x60cf091cd3f50420d50fd7f707414d0df4751c58,ETH,defi_hack_attacker,kismp_defihack,,,
0x6125c643a2d4a927acd63c1185c6be902efd5dc8,ETH,defi_hack_attacker,kismp_defihack,,,
0x61445ca401051c86848ea6b1fad79c5527116aa1,ETH,defi_hack_attacker,kismp_defihack,,,
0x616000e384ef1c2b52f5f3a88d57a3b64f23757e,ETH,defi_hack_attacker,kismp_defihack,,,
0x616b36265759517af14300ba1dd20762241a3828,ETH,defi_hack_attacker,kismp_defihack,,,
0x618f768af6291705eb13e0b2e96600b3851911d1,ETH,defi_hack_attacker,kismp_defihack,,,
0x6191203510c2a6442faecdb6c7bb837a76f02d23,ETH,defi_hack_attacker,kismp_defihack,,,
0x61a7b3dae70d943c6f2ea9ba4ffd2fecc6af15e4,ETH,defi_hack_attacker,kismp_defihack,,,
0x61b0dad9628d3e644eb560a5c9b0f960430e3a75,ETH,defi_hack_attacker,kismp_defihack,,,
0x61dd07ce0cecf0d7bacf5eb208c57d16bbdee168,ETH,defi_hack_attacker,kismp_defihack,,,
0x6223bd82010e2fb69f329933de20897e7a4c225f,ETH,defi_hack_attacker,kismp_defihack,,,
0x625fe79547828b1b54467e5ed822a9a8a074bd61,ETH,defi_hack_attacker,kismp_defihack,,,
0x627a22ff70cb84e74c9c70e2d5b0b75af5a1dcb9,ETH,defi_hack_attacker,kismp_defihack,,,
0x62951cad7659393bf07fbe790cf898a3b6d317cb,ETH,defi_hack_attacker,kismp_defihack,,,
0x629e7da20197a5429d30da36e77d06cdf796b71a,ETH,defi_hack_attacker,kismp_defihack,,,
0x62c81a4f66fc9ef8215b6c06f3e3710de1a6ea49,ETH,defi_hack_attacker,kismp_defihack,,,
0x62ceb08b078b277c3a708d9943ce9dbbd987a4b0,ETH,defi_hack_attacker,kismp_defihack,,,
0x62cf82fb0484af382714cd09296260edc1dc0c6c,ETH,defi_hack_attacker,kismp_defihack,,,
0x62d51aacb079e882b1cb7877438de485cba0dd3f,ETH,defi_hack_attacker,kismp_defihack,,,
0x62f250cf7021e1cf76c765dec8ec623fe173a1b5,ETH,defi_hack_attacker,kismp_defihack,,,
0x63136677355840f26c0695dd6de5c9e4f514f8e8,ETH,defi_hack_attacker,kismp_defihack,,,
0x631adff068d484ce531fb519cda4042805521641,ETH,defi_hack_attacker,kismp_defihack,,,
0x632400f42e96a5deb547a179ca46b02c22cd25cd,ETH,defi_hack_attacker,kismp_defihack,,,
0x6325439389e0797ab35752b4f43a14c004f22a9c,ETH,defi_hack_attacker,kismp_defihack,,,
0x6335a2e4a2e304401fca4fc0deaff066b813d055,ETH,defi_hack_attacker,kismp_defihack,,,
0x633b041c41f61d04089880d7b5c7ed0f10ff6f85,ETH,defi_hack_attacker,kismp_defihack,,,
0x633e538ecf0bee1a18c2edfe10c4da0d6e71e77b,ETH,defi_hack_attacker,kismp_defihack,,,
0x633fa755a83b015cccdc451f82c57ea0bd32b4b4,ETH,defi_hack_attacker,kismp_defihack,,,
0x6345af6da3ebd9df468e37b473128fd3079c4a4b,ETH,defi_hack_attacker,kismp_defihack,,,
0x637b935cba030aeb876eae07aa7ff637166de4d6,ETH,defi_hack_attacker,kismp_defihack,,,
0x637de69f45f3b66d5389f305088a38109aa0cf7c,ETH,defi_hack_attacker,kismp_defihack,,,
0x638a98bbb92a7582d07c52ff407d49664dc8b3ee,ETH,defi_hack_attacker,kismp_defihack,,,
0x639a647fbe20b6c8ac19e48e2de44ea792c62c5c,ETH,defi_hack_attacker,kismp_defihack,,,
0x63b4de190c35f900bb7adf1a13d66fb1f0d624a1,ETH,defi_hack_attacker,kismp_defihack,,,
0x63fc3ff98de8d5ca900e68e6c6f41a7ca949c453,ETH,defi_hack_attacker,kismp_defihack,,,
0x641249db01d5c9a04d1a223765ffd15f95167924,ETH,defi_hack_attacker,kismp_defihack,,,
0x64192819ac13ef72bf6b5ae239ac672b43a9af08,ETH,defi_hack_attacker,kismp_defihack,,,
0x641c00a822e8b671738d32a431a4fb6074e5c79d,ETH,defi_hack_attacker,kismp_defihack,,,
0x643d448cea0d3616f0b32e3718f563b164e7edd2,ETH,defi_hack_attacker,kismp_defihack,,,
0x649127d0800a8c68290129f091564ad2f1d62de1,ETH,defi_hack_attacker,kismp_defihack,,,
0x64aa3364f17a4d01c6f1751fd97c2bd3d7e7f1d5,ETH,defi_hack_attacker,kismp_defihack,,,
0x64cbd3aa07d427e385cb55330406508718e55f01,ETH,defi_hack_attacker,kismp_defihack,,,
0x64dd59d6c7f09dc05b472ce5cb961b6e10106e1d,ETH,defi_hack_attacker,kismp_defihack,,,
0x64f291de10ecd36d5f7b64aaebc70943cface28e,ETH,defi_hack_attacker,kismp_defihack,,,
0x651a89fed302227d41425235f8e934502fb94c48,ETH,defi_hack_attacker,kismp_defihack,,,
0x6524a5fd3fec179db3b3c1d21f700da7abe6b0de,ETH,defi_hack_attacker,kismp_defihack,,,
0x656148f26dbb782a5c6868a52ebe64d2f7593bef,ETH,defi_hack_attacker,kismp_defihack,,,
0x6566194141eefa99af43bb5aa71460ca2dc90245,ETH,defi_hack_attacker,kismp_defihack,,,
0x657334b4ff7bdc4143941b1f94301f37659c6281,ETH,defi_hack_attacker,kismp_defihack,,,
0x657a2b6fe37ced2f31fd7513095dbfb126a53601,ETH,defi_hack_attacker,kismp_defihack,,,
0x6588acb7dd37887c707c08ac710a82c9f9a7c1e9,ETH,defi_hack_attacker,kismp_defihack,,,
0x65baf1dc6fa0c7e459a36e2e310836b396d1b1de,ETH,defi_hack_attacker,kismp_defihack,,,
0x65c210c59b43eb68112b7a4f75c8393c36491f06,ETH,defi_hack_attacker,kismp_defihack,,,
0x65cb8b128bf6e690761044cceca422bb239c25f9,ETH,defi_hack_attacker,kismp_defihack,,,
0x65f11b2de17c4af7a8f70858d6ccb63aac215601,ETH,defi_hack_attacker,kismp_defihack,,,
0x660184ce8af80e0b1e5a1172a16168b15f4136bf,ETH,defi_hack_attacker,kismp_defihack,,,
0x66149ab384cc066fb9e6bc140f1378d1015045e9,ETH,defi_hack_attacker,kismp_defihack,,,
0x66357dcace80431aee0a7507e2e361b7e2402370,ETH,defi_hack_attacker,kismp_defihack,,,
0x6637914482670f91f43025802b6755f27050b0a6,ETH,defi_hack_attacker,kismp_defihack,,,
0x664201579057f50d23820d20558f4b61bd80bdda,ETH,defi_hack_attacker,kismp_defihack,,,
0x6653d9bcbc28fc5a2f5fb5650af8f2b2e1695a15,ETH,defi_hack_attacker,kismp_defihack,,,
0x6666625ab26131b490e7015333f97306f05bf816,ETH,defi_hack_attacker,kismp_defihack,,,
0x6681ebc82551fe52fdb48e65872e85a3ae06921d,ETH,defi_hack_attacker,kismp_defihack,,,
0x6700b021a8bcfae25a2493d16d7078c928c13151,ETH,defi_hack_attacker,kismp_defihack,,,
0x67104175fc5fabbdb5a1876c3914e04b94c71741,ETH,defi_hack_attacker,kismp_defihack,,,
0x6738fa889ff31f82d9fe8862ec025dbe318f3fde,ETH,defi_hack_attacker,kismp_defihack,,,
0x67404bcd629e920100c594d62f3678340f40d95a,ETH,defi_hack_attacker,kismp_defihack,,,
0x675d410dcf6f343219aae8d1dde0bfab46f52106,ETH,defi_hack_attacker,kismp_defihack,,,
0x677d6ec74fa352d4ef9b1886f6155384acd70d90,ETH,defi_hack_attacker,kismp_defihack,,,
0x67a5f6bd9f8763c7e6c4ea0b54d1b14b9e5ee7e2,ETH,defi_hack_attacker,kismp_defihack,,,
0x67a63609cf1c317196724666cc39b2da63545a96,ETH,defi_hack_attacker,kismp_defihack,,,
0x67a909f2953fb1138bea4b60894b51291d2d0795,ETH,defi_hack_attacker,kismp_defihack,,,
0x67ab0e84c7f9e399a67037f94a08e5c664dc1c66,ETH,defi_hack_attacker,kismp_defihack,,,
0x67b66c99d3eb37fa76aa3ed1ff33e8e39f0b9c7a,ETH,defi_hack_attacker,kismp_defihack,,,
0x67ca347e7b9387af4e81c36cca4eaf080dcb33e9,ETH,defi_hack_attacker,kismp_defihack,,,
0x67d9aab77beda392b1ed0276e70598bf2a22945d,ETH,defi_hack_attacker,kismp_defihack,,,
0x6807dc923806fe8fd134338eabca509979a7e0cb,ETH,defi_hack_attacker,kismp_defihack,,,
0x680910cf5fc9969a25fd57e7896a14ff1e55f36b,ETH,defi_hack_attacker,kismp_defihack,,,
0x6844ef18012a383c14e9a76a93602616ee9d6132,ETH,defi_hack_attacker,kismp_defihack,,,
0x68531f3d3a20027ed3a428e90ddf8e32a9f35dc8,ETH,defi_hack_attacker,kismp_defihack,,,
0x6863b549bf730863157318df4496ed111adfa64f,ETH,defi_hack_attacker,kismp_defihack,,,
0x68b3465833fb72a70ecdf485e0e4c7bd8665fc45,ETH,defi_hack_attacker,kismp_defihack,,,
0x68d843d31de072390d41bff30b0076bef0482d8f,ETH,defi_hack_attacker,kismp_defihack,,,
0x68ddeda3f8bc35aae1c73212595ee7949f3f86ff,ETH,defi_hack_attacker,kismp_defihack,,,
0x68e465a8e65521631f36404d9fb0a6fad62a3b37,ETH,defi_hack_attacker,kismp_defihack,,,
0x68eccd584cfb83d874c407c27a862d7dca2f9973,ETH,defi_hack_attacker,kismp_defihack,,,
0x68f180fcce6836688e9084f035309e29bf0a2095,ETH,defi_hack_attacker,kismp_defihack,,,
0x68fa774685154d3d22dec195bc77d53f0261f9fd,ETH,defi_hack_attacker,kismp_defihack,,,
0x6943e74d1109a728f25a2e634ba3d74e9e476aed,ETH,defi_hack_attacker,kismp_defihack,,,
0x694f8f9e0ec188f528d6354fdd0e47dca79b6f2c,ETH,defi_hack_attacker,kismp_defihack,,,
0x6951eb8a4a1dab360f2230fb654551335d560ec0,ETH,defi_hack_attacker,kismp_defihack,,,
0x6980a47bee930a4584b09ee79ebe46484fbdbdd0,ETH,defi_hack_attacker,kismp_defihack,,,
0x69810917928b80636178b1bb011c746efe61770d,ETH,defi_hack_attacker,kismp_defihack,,,
0x6997a8c804642ae2de16d7b8ff09565a5d5658ff,ETH,defi_hack_attacker,kismp_defihack,,,
0x69bd13f775505989883768ebd23d528c708d6bcf,ETH,defi_hack_attacker,kismp_defihack,,,
0x69e068eb917115ed103278b812ec7541f021cea0,ETH,defi_hack_attacker,kismp_defihack,,,
0x69ed5b59d977695650ec4b29e61c0faa8cc0ed5c,ETH,defi_hack_attacker,kismp_defihack,,,
0x6a023ccd1ff6f2045c3309768ead9e68f978f6e1,ETH,defi_hack_attacker,kismp_defihack,,,
0x6a06707ab339bee00c6663db17ddb422301ff5e8,ETH,defi_hack_attacker,kismp_defihack,,,
0x6a0b87d6b74f7d5c92722f6a11714dbeda9f3895,ETH,defi_hack_attacker,kismp_defihack,,,
0x6a355388555433cd876d1c01485523ec1f464690,ETH,defi_hack_attacker,kismp_defihack,,,
0x6a3fa7d2c71fd7d44bf3a2890aa257f34083c90f,ETH,defi_hack_attacker,kismp_defihack,,,
0x6a75ac4b8d8e76d15502e69be4cb6325422833b4,ETH,defi_hack_attacker,kismp_defihack,,,
0x6a7eff1e2c355ad6eb91bebb5ded49257f3fed98,ETH,defi_hack_attacker,kismp_defihack,,,
0x6a89a8c67b5066d59bf4d81d59f70c3976facd0a,ETH,defi_hack_attacker,kismp_defihack,,,
0x6a8c4448763c08adeb80adebf7a29b9477fa0628,ETH,defi_hack_attacker,kismp_defihack,,,
0x6a9143639d8b70d50b031ffad55d4cc65ea55155,ETH,defi_hack_attacker,kismp_defihack,,,
0x6aa78a9b245cc56377b21401b517ec8c03a40f03,ETH,defi_hack_attacker,kismp_defihack,,,
0x6b175474e89094c44da98b954eedeac495271d0f,ETH,defi_hack_attacker,kismp_defihack,,,
0x6b7a87899490ece95443e979ca9485cbe7e71522,ETH,defi_hack_attacker,kismp_defihack,,,
0x6b869795937dd2b6f4e03d5a0ffd07a8ad8c095b,ETH,defi_hack_attacker,kismp_defihack,,,
0x6bbef6df8db12667ae88519090984e4f871e5feb,ETH,defi_hack_attacker,kismp_defihack,,,
0x6bc08509b36a98e829dffad49fde5e412645d0a3,ETH,defi_hack_attacker,kismp_defihack,,,
0x6bc9b4976ba6f8c9574326375204ee469993d038,ETH,defi_hack_attacker,kismp_defihack,,,
0x6bca74586218db34cdb402295796b79663d816e9,ETH,defi_hack_attacker,kismp_defihack,,,
0x6bcd99d6009ac1666b58cb68fb4a50385945cda2,ETH,defi_hack_attacker,kismp_defihack,,,
0x6bded42c6da8fbf0d2ba55b2fa120c5e0c8d7891,ETH,defi_hack_attacker,kismp_defihack,,,
0x6beee2b57b064eac5f432fc19009e3e78734eabc,ETH,defi_hack_attacker,kismp_defihack,,,
0x6beff34a8864b6d44d49ba300c551a81011d6b19,ETH,defi_hack_attacker,kismp_defihack,,,
0x6c8ec8f14be7c01672d31cfa5f2cefeab2562b50,ETH,defi_hack_attacker,kismp_defihack,,,
0x6caad74121bf602e71386505a4687f310e0d833e,ETH,defi_hack_attacker,kismp_defihack,,,
0x6cd71a07e72c514f5d511651f6808c6395353968,ETH,defi_hack_attacker,kismp_defihack,,,
0x6ce5a85cff4c70591da82de5eb91c3fa38b40595,ETH,defi_hack_attacker,kismp_defihack,,,
0x6ce69d7146dbaae18c11c36d8d94428623b29d5a,ETH,defi_hack_attacker,kismp_defihack,,,
0x6ce9fa08f139f5e48bc607845e57efe9aa34c9f6,ETH,defi_hack_attacker,kismp_defihack,,,
0x6d1b7b59e3fab85b7d3a3d86e505dd8e349ea7f3,ETH,defi_hack_attacker,kismp_defihack,,,
0x6d2d124acfe01c2d2adb438e37561a0269c6eabb,ETH,defi_hack_attacker,kismp_defihack,,,
0x6d8981847eb3cc2234179d0f0e72f6b6b2421a01,ETH,defi_hack_attacker,kismp_defihack,,,
0x6d9f6e900ac2ce6770fd9f04f98b7b0fc355e2ea,ETH,defi_hack_attacker,kismp_defihack,,,
0x6dabcbd75b29bf19c98a33ecac2ef7d6e949d75d,ETH,defi_hack_attacker,kismp_defihack,,,
0x6dd61c69415c8ecab3fefd80d079435ead1a5b4d,ETH,defi_hack_attacker,kismp_defihack,,,
0x6de0499e347f07582505930498d01a68b8d7ffa5,ETH,defi_hack_attacker,kismp_defihack,,,
0x6e12ce089a8bedea49532010229f0913475d8d9c,ETH,defi_hack_attacker,kismp_defihack,,,
0x6e36556b3ee5aa28def2a8ec3dae30ec2b208739,ETH,defi_hack_attacker,kismp_defihack,,,
0x6e70c88be1d5c2a4c0c8205764d01abe6a3d2e22,ETH,defi_hack_attacker,kismp_defihack,,,
0x6e799758cee75dae3d84e09d40dc416ecf713652,ETH,defi_hack_attacker,kismp_defihack,,,
0x6e90c85a495d54c6d7e1f3400fef1f6e59f86bd6,ETH,defi_hack_attacker,kismp_defihack,,,
0x6ea83f23795f55434c38ba67fcc428aec0c296dc,ETH,defi_hack_attacker,kismp_defihack,,,
0x6eb211caf6d304a76efe37d9abdfaddc2d4363d1,ETH,defi_hack_attacker,kismp_defihack,,,
0x6ec21d1868743a44318c3c259a6d4953f9978538,ETH,defi_hack_attacker,kismp_defihack,,,
0x6eec0f4c017afe3dfadf32b51339c37e9fd59dfb,ETH,defi_hack_attacker,kismp_defihack,,,
0x6f3390c6c200e9be81b32110ce191a293dc0eaba,ETH,defi_hack_attacker,kismp_defihack,,,
0x6f40a3d0c89cffdc8a1af212a019c220a295e9bb,ETH,defi_hack_attacker,kismp_defihack,,,
0x6fa00a7324dc293ea8ecf56fe3143104494c4213,ETH,defi_hack_attacker,kismp_defihack,,,
0x6fb0b915d0e10c3b2ae42a5dd879c3d995377a2c,ETH,defi_hack_attacker,kismp_defihack,,,
0x6fb2020c236bbd5a7ddeb07e14c9298642253333,ETH,defi_hack_attacker,kismp_defihack,,,
0x6feac5f3792065b21f85bc118d891b33e0673bd8,ETH,defi_hack_attacker,kismp_defihack,,,
0x7012af43f8a3c1141ee4e955cc568ad2af59c3fa,ETH,defi_hack_attacker,kismp_defihack,,,
0x702696b2aa47fd1d4feaaf03ce273009dc47d901,ETH,defi_hack_attacker,kismp_defihack,,,
0x702980b1ed754c214b79192a4d7c39106f19bce9,ETH,defi_hack_attacker,kismp_defihack,,,
0x702ef63881b5241ffb412199547bcd0c6910a970,ETH,defi_hack_attacker,kismp_defihack,,,
0x70319d1c09e1373fc7b10403c852909e5b20a9d5,ETH,defi_hack_attacker,kismp_defihack,,,
0x7057f3b0f4d0649b428f0d8378a8a0e7d21d36a7,ETH,defi_hack_attacker,kismp_defihack,,,
0x705f736145bb9d4a4a186f4595907b60815085c3,ETH,defi_hack_attacker,kismp_defihack,,,
0x706065716569f20971f9cf8c66d092824c284584,ETH,defi_hack_attacker,kismp_defihack,,,
0x706206eabd6a70ca4992eec1646b6d1599259cae,ETH,defi_hack_attacker,kismp_defihack,,,
0x70670b5ee954f9052353bf9dac5c8697f2e5c065,ETH,defi_hack_attacker,kismp_defihack,,,
0x70678291bddfd95498d1214be368e19e882f7614,ETH,defi_hack_attacker,kismp_defihack,,,
0x7094e706e75e13d1e0ea237f71a7c4511e9d270b,ETH,defi_hack_attacker,kismp_defihack,,,
0x709b30b69176a3ccc8ef3bb37219267ee2f5b112,ETH,defi_hack_attacker,kismp_defihack,,,
0x70e1bc7e53eaa96b74fad1696c29459829509be2,ETH,defi_hack_attacker,kismp_defihack,,,
0x70f0406e0a50c53304194b2668ec853d664a3d9c,ETH,defi_hack_attacker,kismp_defihack,,,
0x7109709ecfa91a80626ff3989d68f67f5b1dd12d,ETH,defi_hack_attacker,kismp_defihack,,,
0x712e2b12d75fe092838a3d2ad14b6ff73d3fdbc9,ETH,defi_hack_attacker,kismp_defihack,,,
0x7130d2a12b9bcbfae4f2634d864a1ee1ce3ead9c,ETH,defi_hack_attacker,kismp_defihack,,,
0x7137804200a073f616d92e87007f1f100100b56a,ETH,defi_hack_attacker,kismp_defihack,,,
0x713d2b652e5f2a86233c57af5341db42a5559dd1,ETH,defi_hack_attacker,kismp_defihack,,,
0x71518580f36feceffe0721f06ba4703218cd7f63,ETH,defi_hack_attacker,kismp_defihack,,,
0x715762906489d5d671ea3ec285731975da617583,ETH,defi_hack_attacker,kismp_defihack,,,
0x715cdda5e9ad30a0ced14940f9997ee611496de6,ETH,defi_hack_attacker,kismp_defihack,,,
0x71cd31a564ff30ba61d7167a02babc1484034e84,ETH,defi_hack_attacker,kismp_defihack,,,
0x71decbfc8be353c56052b04b44fcea2227ff1876,ETH,defi_hack_attacker,kismp_defihack,,,
0x71decbfc8be353c560e0ecdbc0e9380a7e85a1d6,ETH,defi_hack_attacker,kismp_defihack,,,
0x71e3056aa4985de9f5441f079e6c74454a3c95f0,ETH,defi_hack_attacker,kismp_defihack,,,
0x7212de58f97ad6c28623752479acaeb6b15ad006,ETH,defi_hack_attacker,kismp_defihack,,,
0x721a66c7767103e7dcacf8440e8dd074edff40a8,ETH,defi_hack_attacker,kismp_defihack,,,
0x7248939f65bdd23aab9eaab1bc4a4f909567486e,ETH,defi_hack_attacker,kismp_defihack,,,
0x724dbea8a0ec7070de448ef4af3b95210bdc8df6,ETH,defi_hack_attacker,kismp_defihack,,,
0x7259e152103756e1616a77ae982353c3751a6a90,ETH,defi_hack_attacker,kismp_defihack,,,
0x7265553986a81c838867aa6b3625aba97b961f00,ETH,defi_hack_attacker,kismp_defihack,,,
0x726fb298168c89d5dce9a578668ab156c7e7be67,ETH,defi_hack_attacker,kismp_defihack,,,
0x72c114a1a4abc65be2be3e356eede296dbb8ba4c,ETH,defi_hack_attacker,kismp_defihack,,,
0x72c590349535ad52e6953744cb2a36b409542719,ETH,defi_hack_attacker,kismp_defihack,,,
0x72dcf845ae36401e82e681b0e063d0703bac0bba,ETH,defi_hack_attacker,kismp_defihack,,,
0x72e901f1bb2bfa2339326dfb90c5cec911e2ba3c,ETH,defi_hack_attacker,kismp_defihack,,,
0x72ed1822262f52115a9cac501f9ebb92a03af0e1,ETH,defi_hack_attacker,kismp_defihack,,,
0x733af324146dcfe743515d8d77dc25140a07f9e0,ETH,defi_hack_attacker,kismp_defihack,,,
0x73504eacb100c7576146618dc306c97454cb3620,ETH,defi_hack_attacker,kismp_defihack,,,
0x737bc98f1d34e19539c074b8ad1169d5d45da619,ETH,defi_hack_attacker,kismp_defihack,,,
0x7398e7e3603119d9241e45f688734436fd7b1540,ETH,defi_hack_attacker,kismp_defihack,,,
0x73a1163ea930a0a67dfefb9c3713ef0923755b78,ETH,defi_hack_attacker,kismp_defihack,,,
0x73c3a78e5ff0d216a50b11d51b262ca839fcfe17,ETH,defi_hack_attacker,kismp_defihack,,,
0x73cb180bf0521828d8849bc8cf2b920918e23032,ETH,defi_hack_attacker,kismp_defihack,,,
0x73d80500b30a6ca840bfab0234409d98cf588089,ETH,defi_hack_attacker,kismp_defihack,,,
0x73f55a95d6959d95b3f3f11ddd268ec502dab1ea,ETH,defi_hack_attacker,kismp_defihack,,,
0x7407f9bdc4140d5e284ea7de32a9de6037842f45,ETH,defi_hack_attacker,kismp_defihack,,,
0x743599ba5cfa3ce8c59691af5ef279aaafa2e4eb,ETH,defi_hack_attacker,kismp_defihack,,,
0x745d6dd206906dd32b3f35e00533ad0963805124,ETH,defi_hack_attacker,kismp_defihack,,,
0x746727fc8212ed49510a2cb81ab0486ee6954444,ETH,defi_hack_attacker,kismp_defihack,,,
0x7507f84610f6d656a70eb8cdec044674799265d3,ETH,defi_hack_attacker,kismp_defihack,,,
0x7529740eca172707d8edbccdd2cba3d140acbd85,ETH,defi_hack_attacker,kismp_defihack,,,
0x7562846468089cf0e8f7b38ac53406b895284901,ETH,defi_hack_attacker,kismp_defihack,,,
0x75739a693459f33b1fbcc02099eea3ebcf150cbe,ETH,defi_hack_attacker,kismp_defihack,,,
0x757e9f49acfab73c25b20d168603d54a66c723a1,ETH,defi_hack_attacker,kismp_defihack,,,
0x759c6de5bca9ade8a1a2719a31553c4b7de02539,ETH,defi_hack_attacker,kismp_defihack,,,
0x75a04a1fee9e6f26385ab1287b20ebdcbdabe478,ETH,defi_hack_attacker,kismp_defihack,,,
0x75ac62ea5d058a7f88f0c3a5f8f73195277c93da,ETH,defi_hack_attacker,kismp_defihack,,,
0x75f805e2fb248462e7817f0230b36e9fae0280fc,ETH,defi_hack_attacker,kismp_defihack,,,
0x764c64b2a09b09acb100b80d8c505aa6a0302ef2,ETH,defi_hack_attacker,kismp_defihack,,,
0x765277eebeca2e31912c9946eae1021199b39c61,ETH,defi_hack_attacker,kismp_defihack,,,
0x76577603f99eae8320f70b410a350a83d744cb77,ETH,defi_hack_attacker,kismp_defihack,,,
0x765b8d7cd8ff304f796f4b6fb1bcf78698333f6d,ETH,defi_hack_attacker,kismp_defihack,,,
0x765decf4fa157756e850c1079f60801b9219edd1,ETH,defi_hack_attacker,kismp_defihack,,,
0x766a0936ff0ad045d39871846194edbd5df63a58,ETH,defi_hack_attacker,kismp_defihack,,,
0x76a962ba6770068bcf454d34dde17175611e6637,ETH,defi_hack_attacker,kismp_defihack,,,
0x76b02ab483482740248e2ab38b5a879a31c6d008,ETH,defi_hack_attacker,kismp_defihack,,,
0x76e2cfc1f5fa8f6a5b3fc4c8f4788f0116861f9b,ETH,defi_hack_attacker,kismp_defihack,,,
0x76ea342bc038d665e8a116392c82552d2605eda1,ETH,defi_hack_attacker,kismp_defihack,,,
0x77a684943aa033e2e9330f12d4a1334986bca3ef,ETH,defi_hack_attacker,kismp_defihack,,,
0x77ab960503659711498a4c0bc99a84e8d0a47589,ETH,defi_hack_attacker,kismp_defihack,,,
0x77d97db5615dfe8a2d16b38eaa3f8f34524a0a74,ETH,defi_hack_attacker,kismp_defihack,,,
0x77e06c9eccf2e797fd462a92b6d7642ef85b0a44,ETH,defi_hack_attacker,kismp_defihack,,,
0x780e5cb8de79846f35541b700637057c9ddded68,ETH,defi_hack_attacker,kismp_defihack,,,
0x78186702bd66905845b469e3b76d4fd63f8722d4,ETH,defi_hack_attacker,kismp_defihack,,,
0x7824322b220cdb4d51f73782fbce95e2e2b0595f,ETH,defi_hack_attacker,kismp_defihack,,,
0x783fbea45b32eaaa596b44412041dd1208025e83,ETH,defi_hack_attacker,kismp_defihack,,,
0x786b374b5eef874279f4b7b4de16940e57301a58,ETH,defi_hack_attacker,kismp_defihack,,,
0x786fcf76dc44b29845f284b81f5680b6c47302c6,ETH,defi_hack_attacker,kismp_defihack,,,
0x791c6542bc52efe4f20df0ee672b88579ae3fd9a,ETH,defi_hack_attacker,kismp_defihack,,,
0x792a6236af69787c40cf76b69b4c8c7b28c4ca20,ETH,defi_hack_attacker,kismp_defihack,,,
0x792ec27874e1f614e757a1ae49d00ef5b2c73959,ETH,defi_hack_attacker,kismp_defihack,,,
0x794a61358d6845594f94dc1db02a252b5b4814ad,ETH,defi_hack_attacker,kismp_defihack,,,
0x7957096bd7324357172b765c4b0996bb164ebfd4,ETH,defi_hack_attacker,kismp_defihack,,,
0x7962acfcfc2ccebc810045391d60040f635404fb,ETH,defi_hack_attacker,kismp_defihack,,,
0x797acb321cb10154aa807fcd1e155c34135483cd,ETH,defi_hack_attacker,kismp_defihack,,,
0x79a7d3559d73ea032120a69e59223d4375deb595,ETH,defi_hack_attacker,kismp_defihack,,,
0x79c5c002410a67ac7a0cde2c2217c3f560859c7e,ETH,defi_hack_attacker,kismp_defihack,,,
0x79cd24ed4524373af6e047556018b1440cf04be3,ETH,defi_hack_attacker,kismp_defihack,,,
0x7a1b3ba1a848696f2ad29dc85923dca078f1bf1e,ETH,defi_hack_attacker,kismp_defihack,,,
0x7a250d5630b4cf539739df2c5dacb4c659f2488d,ETH,defi_hack_attacker,kismp_defihack,,,
0x7a2f4d625fb21f5e51562ce8dc2e722e12a61d1b,ETH,defi_hack_attacker,kismp_defihack,,,
0x7a3adf2f6b239e64dab1738c695cf48155b6e152,ETH,defi_hack_attacker,kismp_defihack,,,
0x7a56e1c57c7475ccf742a1832b028f0456652f97,ETH,defi_hack_attacker,kismp_defihack,,,
0x7a5eb99c993f4c075c222f9327abc7426cfae386,ETH,defi_hack_attacker,kismp_defihack,,,
0x7a6488348a7626c10e35df9ae0a2ad916a56a952,ETH,defi_hack_attacker,kismp_defihack,,,
0x7ac55ac530f2c29659573bde0700c6758d69e677,ETH,defi_hack_attacker,kismp_defihack,,,
0x7afe30cb3e53dba6801aa0ea647a0ecea7cbe18d,ETH,defi_hack_attacker,kismp_defihack,,,
0x7b190a928aa76eece5cb3e0f6b3bdb24fcdd9b4f,ETH,defi_hack_attacker,kismp_defihack,,,
0x7b1de577da005a58565d6d1fbad286fdf2f269b7,ETH,defi_hack_attacker,kismp_defihack,,,
0x7b3928c1cef617810484589f400e8056dd2d772c,ETH,defi_hack_attacker,kismp_defihack,,,
0x7b3a6eff1c9925e509c2b01a389238c1fcc462b6,ETH,defi_hack_attacker,kismp_defihack,,,
0x7b43e3875440b44613dc3bc08e7763e6da63c8f8,ETH,defi_hack_attacker,kismp_defihack,,,
0x7b582033061b96cc3f9421e73a749ed7c62da1f9,ETH,defi_hack_attacker,kismp_defihack,,,
0x7b5969bb51fa3b002579d7ee41a454ac691716dc,ETH,defi_hack_attacker,kismp_defihack,,,
0x7b8c378df8650373d82ceb1085a18fe34031784f,ETH,defi_hack_attacker,kismp_defihack,,,
0x7b9265c6aa4b026b7220eee2e8697bf5ffa6bb9a,ETH,defi_hack_attacker,kismp_defihack,,,
0x7ba5dd9bb357afa2231446198c75bac17cefcda9,ETH,defi_hack_attacker,kismp_defihack,,,
0x7bacb1c805cbbf7c4f74556a4b34fde7793d0887,ETH,defi_hack_attacker,kismp_defihack,,,
0x7c0bfb9ff0af660d76fb2bd8865e9b49ff033045,ETH,defi_hack_attacker,kismp_defihack,,,
0x7c10850718f2346e317e10fcf67d64f2860c91a2,ETH,defi_hack_attacker,kismp_defihack,,,
0x7c2565b563e057d482be2bf77796047e5340c57a,ETH,defi_hack_attacker,kismp_defihack,,,
0x7c28e0977f72c5d08d5e1ac7d52a34db378282b3,ETH,defi_hack_attacker,kismp_defihack,,,
0x7c5c9afecf4013c43217fb6a626a4687381f080d,ETH,defi_hack_attacker,kismp_defihack,,,
0x7c5e04894410e98b1788fbdb181ffacbf8e60617,ETH,defi_hack_attacker,kismp_defihack,,,
0x7c82cb4b2909c50c7c0f2b696eee7565e0a23bb8,ETH,defi_hack_attacker,kismp_defihack,,,
0x7caec5e4a3906d0919895d113f7ed9b3a0cbf826,ETH,defi_hack_attacker,kismp_defihack,,,
0x7caf5f223256f74d378f9770e7f48f863d51dfda,ETH,defi_hack_attacker,kismp_defihack,,,
0x7cb74265e3e2d2b707122bf45aea66137c6c8891,ETH,defi_hack_attacker,kismp_defihack,,,
0x7cc32ee9567b48182e5424a2a782b2aa6cd0b37b,ETH,defi_hack_attacker,kismp_defihack,,,
0x7ccf451d3c48c8bb747f42f29a0cde4209ff863e,ETH,defi_hack_attacker,kismp_defihack,,,
0x7ceb23fd6bc0add59e62ac25578270cff1b9f619,ETH,defi_hack_attacker,kismp_defihack,,,
0x7d03149a2843e4200f07e858d6c0216806ca4242,ETH,defi_hack_attacker,kismp_defihack,,,
0x7d192fa3a48c307100c3e663050291fff786aa1f,ETH,defi_hack_attacker,kismp_defihack,,,
0x7d1a69302d2a94620d5185f2d80e065454a35751,ETH,defi_hack_attacker,kismp_defihack,,,
0x7d1afa7b718fb893db30a3abc0cfc608aacfebb0,ETH,defi_hack_attacker,kismp_defihack,,,
0x7d2768de32b0b80b7a3454c06bdac94a69ddc7a9,ETH,defi_hack_attacker,kismp_defihack,,,
0x7d3bd50336f64b7a473c51f54e7f0bd6771cc355,ETH,defi_hack_attacker,kismp_defihack,,,
0x7d48d6d775fada207291b37e3eaa68cc865bf9eb,ETH,defi_hack_attacker,kismp_defihack,,,
0x7d69e4376535cf8c1e367418919209f70358581e,ETH,defi_hack_attacker,kismp_defihack,,,
0x7d7583724245eeebb745ebcb1cee0091ff43082b,ETH,defi_hack_attacker,kismp_defihack,,,
0x7d83fe202c51982a72e0a1146ec37b4643c725d7,ETH,defi_hack_attacker,kismp_defihack,,,
0x7d9bc45a9abda926a7ce63f78759dbfa9ed72e26,ETH,defi_hack_attacker,kismp_defihack,,,
0x7dbe30fde1eca6856806ff14fc456ec6791c73fe,ETH,defi_hack_attacker,kismp_defihack,,,
0x7dc406b9b904a52d10e19e848521bba2de74888b,ETH,defi_hack_attacker,kismp_defihack,,,
0x7dc48fec48cfd5448a54915ae0b1c30a3ce57502,ETH,defi_hack_attacker,kismp_defihack,,,
0x7dcdea738c2765398baf66e4dbbcd2769f4c00dc,ETH,defi_hack_attacker,kismp_defihack,,,
0x7dda132dd57b773a94e27c5caa97834a73510429,ETH,defi_hack_attacker,kismp_defihack,,,
0x7e0f01918d92b2750bbb18fcebeedd5b94ebb867,ETH,defi_hack_attacker,kismp_defihack,,,
0x7e39e3b3ff7adef2613d5cc49558eab74b9a4202,ETH,defi_hack_attacker,kismp_defihack,,,
0x7e5433f02f4bf07c4f2a2d341c450e07d7531428,ETH,defi_hack_attacker,kismp_defihack,,,
0x7e54c729148a95bca651f3214ac9ebefd3fb1271,ETH,defi_hack_attacker,kismp_defihack,,,
0x7e6c2522fee4e74a0182b9c6159048361bc3260a,ETH,defi_hack_attacker,kismp_defihack,,,
0x7e7c1f0d567c0483f85e1d016718e44414cdbafe,ETH,defi_hack_attacker,kismp_defihack,,,
0x7efaef62fddcca950418312c6c91aef321375a00,ETH,defi_hack_attacker,kismp_defihack,,,
0x7f12d13b34f5f4f0a9449c16bcd42f0da47af200,ETH,defi_hack_attacker,kismp_defihack,,,
0x7f283edc5ec7163de234e6a97fdfb16ff2d2c7ac,ETH,defi_hack_attacker,kismp_defihack,,,
0x7f284235aef122215c46656163f39212ffa77ed9,ETH,defi_hack_attacker,kismp_defihack,,,
0x7f39c581f595b53c5cb19bd0b3f8da6c935e2ca0,ETH,defi_hack_attacker,kismp_defihack,,,
0x7f3fe9d492a9a60aebb06d82cba23c6f32cad10b,ETH,defi_hack_attacker,kismp_defihack,,,
0x7f4e7fb900e0ec043718d05caee549805cab22c8,ETH,defi_hack_attacker,kismp_defihack,,,
0x7f5c764cbc14f9669b88837ca1490cca17c31607,ETH,defi_hack_attacker,kismp_defihack,,,
0x7f90122bf0700f9e7e1f688fe926940e8839f353,ETH,defi_hack_attacker,kismp_defihack,,,
0x7fc66500c84a76ad7e9c93437bfc5ac33e2ddae9,ETH,defi_hack_attacker,kismp_defihack,,,
0x7fcb7dac61ee35b3d4a51117a7c58d53f0a8a670,ETH,defi_hack_attacker,kismp_defihack,,,
0x7fdc0d8857c6d90fd79e22511baf059c0c71bf8b,ETH,defi_hack_attacker,kismp_defihack,,,
0x7fdeb46b3a0916630f36e886d675602b1007fcbb,ETH,defi_hack_attacker,kismp_defihack,,,
0x7fdff64bf87bad52e6430bda30239bd182389ee3,ETH,defi_hack_attacker,kismp_defihack,,,
0x7fe5faf242015cf769ae7fea565b96351dd957a2,ETH,defi_hack_attacker,kismp_defihack,,,
0x7fe68fc06e1a870dcbee0acae8720396dc12fc86,ETH,defi_hack_attacker,kismp_defihack,,,
0x7feaee6094b8b630de3f7202d04c33f3bdc3828a,ETH,defi_hack_attacker,kismp_defihack,,,
0x800cfd4a2ba8ce93ea2cc814fce26c3635169017,ETH,defi_hack_attacker,kismp_defihack,,,
0x80121da952a74c06adc1d7f85a237089b57af347,ETH,defi_hack_attacker,kismp_defihack,,,
0x80663edff11e99e8e0b34cb9c3e1ff32e82a80fe,ETH,defi_hack_attacker,kismp_defihack,,,
0x806d9d1f1b80107a294393c76258b69b441565f0,ETH,defi_hack_attacker,kismp_defihack,,,
0x806f709558cdbba39699fbf323c8fda4e364ac7a,ETH,defi_hack_attacker,kismp_defihack,,,
0x807d99bff0bad97e839df3529466bff09c09e706,ETH,defi_hack_attacker,kismp_defihack,,,
0x808507121b80c02388fad14726482e061b8da827,ETH,defi_hack_attacker,kismp_defihack,,,
0x808602d91e58f2d58d7c09306044b88234ab4628,ETH,defi_hack_attacker,kismp_defihack,,,
0x8087720eeea59f9f04787065447d52150c09643e,ETH,defi_hack_attacker,kismp_defihack,,,
0x80a0d7a6fd2a22982ce282933b384568e5c852bf,ETH,defi_hack_attacker,kismp_defihack,,,
0x80a64c6d7f12c47b7c66c5b4e20e72bc1fcd5d9e,ETH,defi_hack_attacker,kismp_defihack,,,
0x80cb73074a6965f60df59bf8fa3ce398ffa2702c,ETH,defi_hack_attacker,kismp_defihack,,,
0x80d93e9451a6830e9a531f15cca42cb0357d511f,ETH,defi_hack_attacker,kismp_defihack,,,
0x80df77b2ae5828ff499a735ee823d6cd7cf95f5a,ETH,defi_hack_attacker,kismp_defihack,,,
0x80e5fc0d72e4814cb52c16a18c2f2b87ef1ea2d4,ETH,defi_hack_attacker,kismp_defihack,,,
0x80f0c1c49891dcfdd40b6e0f960f84e6042bcb6f,ETH,defi_hack_attacker,kismp_defihack,,,
0x8102ae88c617deb2a5471cac90418da4ccd0579e,ETH,defi_hack_attacker,kismp_defihack,,,
0x8121d345b16469f38bd3b82ee2a547f6be54f9c9,ETH,defi_hack_attacker,kismp_defihack,,,
0x8129026c585bcfa530445a6267f9389057761a00,ETH,defi_hack_attacker,kismp_defihack,,,
0x812cda2181ed7c45a35a691e0c85e231d218e273,ETH,defi_hack_attacker,kismp_defihack,,,
0x812d8622c6f3c45959439e7ede3c580da06f8f25,ETH,defi_hack_attacker,kismp_defihack,,,
0x8134a2fdc127549480865fb8e5a9e8a8a95a54c5,ETH,defi_hack_attacker,kismp_defihack,,,
0x8149f77504007450711023cf0ec11bdd6348401f,ETH,defi_hack_attacker,kismp_defihack,,,
0x8152970a81f558d171a22390e298b34be8d40cf4,ETH,defi_hack_attacker,kismp_defihack,,,
0x8162a5e187128565ace634e76fdd083cb04d0145,ETH,defi_hack_attacker,kismp_defihack,,,
0x8189afbe7b0e81dae735ef027cd31371b3974feb,ETH,defi_hack_attacker,kismp_defihack,,,
0x81917eb96b397dfb1c6000d28a5bc08c0f05fc1d,ETH,defi_hack_attacker,kismp_defihack,,,
0x81ad996ac000d5dfdc65880a9e4ee487629375c4,ETH,defi_hack_attacker,kismp_defihack,,,
0x81c5664be54d89e725ef155f14cf34e6213297b7,ETH,defi_hack_attacker,kismp_defihack,,,
0x81c63d821b7cdf70c61009a81fef8db5949ac0c9,ETH,defi_hack_attacker,kismp_defihack,,,
0x81d5187c8346073b648f2d44b9e269509513aae2,ETH,defi_hack_attacker,kismp_defihack,,,
0x81f48a87ec44208c691f870b9d400d9c13111e2e,ETH,defi_hack_attacker,kismp_defihack,,,
0x8213e87bb381919b292ace364d97d3a1ee38caa4,ETH,defi_hack_attacker,kismp_defihack,,,
0x8228a4ad192d5d82189afd6e194f65edb8c76a41,ETH,defi_hack_attacker,kismp_defihack,,,
0x824dcd7b044d60df2e89b1bb888e66d8bcf41491,ETH,defi_hack_attacker,kismp_defihack,,,
0x8262325bf1d8c3be83eb99f5a74b8458ebb96282,ETH,defi_hack_attacker,kismp_defihack,,,
0x826b180cd3d6fd0a646875f920bb2cf52b7f0b0b,ETH,defi_hack_attacker,kismp_defihack,,,
0x826d5f4d8084980366f975e10db6c4cf1f9dde6d,ETH,defi_hack_attacker,kismp_defihack,,,
0x829c3ae2e82760ecead0f384918a650f8a31ba18,ETH,defi_hack_attacker,kismp_defihack,,,
0x829fe73463ceae6579973b8bcd1e018976040ec4,ETH,defi_hack_attacker,kismp_defihack,,,
0x82af49447d8a07e3bd95bd0d56f35241523fbab1,ETH,defi_hack_attacker,kismp_defihack,,,
0x82c063afefb226859abd427ae40167cb77174b68,ETH,defi_hack_attacker,kismp_defihack,,,
0x8301ae4fc9c624d1d396cbdaa1ed877821d7c511,ETH,defi_hack_attacker,kismp_defihack,,,
0x8317c460c22a9958c27b4b6403b98d2ef4e2ad32,ETH,defi_hack_attacker,kismp_defihack,,,
0x831d6f9aa6af85cead4ccec9b859c64421eeefd4,ETH,defi_hack_attacker,kismp_defihack,,,
0x833589fcd6edb6e08f4c7c32d4f71b54bda02913,ETH,defi_hack_attacker,kismp_defihack,,,
0x835b45d38cbdccf99e609436ff38e31ac05bc502,ETH,defi_hack_attacker,kismp_defihack,,,
0x836a808d4828586a69364065a1e064609f5078c7,ETH,defi_hack_attacker,kismp_defihack,,,
0x838bf9e95cb12dd76a54c9f9d2e3082eaf928270,ETH,defi_hack_attacker,kismp_defihack,,,
0x8390a1da07e376ef7add4be859ba74fb83aa02d5,ETH,defi_hack_attacker,kismp_defihack,,,
0x83cb9449b7077947a13bf32025a8eaa3fb1d8a5e,ETH,defi_hack_attacker,kismp_defihack,,,
0x83e056ba00beae4d8aa83deb326a90a4e100d0c1,ETH,defi_hack_attacker,kismp_defihack,,,
0x83f798e925bcd4017eb265844fddabb448f1707d,ETH,defi_hack_attacker,kismp_defihack,,,
0x841ddf093f5188989fa1524e7b893de64b421f47,ETH,defi_hack_attacker,kismp_defihack,,,
0x844fa82f1e54824655470970f7004dd90546bb28,ETH,defi_hack_attacker,kismp_defihack,,,
0x84524baa1951247b3a2617a843e6ece915bb9674,ETH,defi_hack_attacker,kismp_defihack,,,
0x847705eeb01b4f2ae9a92be12615c1052f52e7ad,ETH,defi_hack_attacker,kismp_defihack,,,
0x84be9475051a08ee5364fba44de7fe83a5ecc4f1,ETH,defi_hack_attacker,kismp_defihack,,,
0x84f37f6cc75ccde5fe9ba99093824a11cfdc329d,ETH,defi_hack_attacker,kismp_defihack,,,
0x85018cf6f53c8bbd03c3137e71f4fca226cda92c,ETH,defi_hack_attacker,kismp_defihack,,,
0x851c01d014b1ad2b1266ca48a4b5578b67194834,ETH,defi_hack_attacker,kismp_defihack,,,
0x8523c7661850d0da4d86587ce9674da23369ff26,ETH,defi_hack_attacker,kismp_defihack,,,
0x85301f7b943fd132c8dbc33f8fd9d77109a84f28,ETH,defi_hack_attacker,kismp_defihack,,,
0x853d955acef822db058eb8505911ed77f175b99e,ETH,defi_hack_attacker,kismp_defihack,,,
0x854c266b06445794fa543b1d8f6137c35924c9eb,ETH,defi_hack_attacker,kismp_defihack,,,
0x85705829c2f71ee3c40a7c28f6903e7c797c9433,ETH,defi_hack_attacker,kismp_defihack,,,
0x8584ddbd1e28bca4bc6fb96bafe39f850301940e,ETH,defi_hack_attacker,kismp_defihack,,,
0x858de6f832c9b92e2ea5c18582551ccd6add0295,ETH,defi_hack_attacker,kismp_defihack,,,
0x85d231c204b82915c909a05847cca8557164c75e,ETH,defi_hack_attacker,kismp_defihack,,,
0x85f82230883693f1bbff65be1f7663ee5f0aa5f8,ETH,defi_hack_attacker,kismp_defihack,,,
0x85faac652b707fdf6907ef726751087f9e0b6687,ETH,defi_hack_attacker,kismp_defihack,,,
0x863d3b920a6d98d5689d2cb8bb0d61e90a91e0dc,ETH,defi_hack_attacker,kismp_defihack,,,
0x863e572b215fd67c855d973f870266cf827aea5e,ETH,defi_hack_attacker,kismp_defihack,,,
0x86407bea2078ea5f5eb5a52b2caa963bc1f889da,ETH,defi_hack_attacker,kismp_defihack,,,
0x864e656c57a5a119f332c47326a35422294db5c9,ETH,defi_hack_attacker,kismp_defihack,,,
0x865377367054516e17014ccded1e7d814edc9ce4,ETH,defi_hack_attacker,kismp_defihack,,,
0x8663fbfc41a0bac88e7cd4b128b7a77381e77781,ETH,defi_hack_attacker,kismp_defihack,,,
0x867faa51b3a437b4e2e699945590ef4f2be2a6d5,ETH,defi_hack_attacker,kismp_defihack,,,
0x868892cccedbff0b028f3b3595205ea91b99376b,ETH,defi_hack_attacker,kismp_defihack,,,
0x86ac3974e2bd0d60825230fa6f355ff11409df5c,ETH,defi_hack_attacker,kismp_defihack,,,
0x86c68d9e13d8d6a70b6423ceb2aedb19b59f2aa5,ETH,defi_hack_attacker,kismp_defihack,,,
0x86cba7808127d76deac14ec26ef6000aa78b2ebb,ETH,defi_hack_attacker,kismp_defihack,,,
0x86ddbfc6f2e3cf096e80ca79e46042392bd90aef,ETH,defi_hack_attacker,kismp_defihack,,,
0x86e06eafa6a1ea631eab51de500e3d474933739f,ETH,defi_hack_attacker,kismp_defihack,,,
0x871d7c0f9e19001fc01e04e6cdfa7fa20f929082,ETH,defi_hack_attacker,kismp_defihack,,,
0x871f28e58f2a0906e4a56a82aec7f005b411f5c5,ETH,defi_hack_attacker,kismp_defihack,,,
0x87230146e138d3f296a9a77e497a2a83012e9bc5,ETH,defi_hack_attacker,kismp_defihack,,,
0x875d564a6a86f6154592b88f7a107a517f00cc17,ETH,defi_hack_attacker,kismp_defihack,,,
0x878099f08131a18fab6bb0b4cfc6b6dae54b177e,ETH,defi_hack_attacker,kismp_defihack,,,
0x8785bb8deae13783b24d7afe250d42ea7d7e9d72,ETH,defi_hack_attacker,kismp_defihack,,,
0x87870bca3f3fd6335c3f4ce8392d69350b4fa4e2,ETH,defi_hack_attacker,kismp_defihack,,,
0x878a36edfb757e8640ff78b612f839b63adc2e51,ETH,defi_hack_attacker,kismp_defihack,,,
0x8798249c2e607446efb7ad49ec89dd1865ff4272,ETH,defi_hack_attacker,kismp_defihack,,,
0x87f585809ce79ae39a5fa0c7c96d0d159eb678c9,ETH,defi_hack_attacker,kismp_defihack,,,
0x880672ab1d46d987e5d663fc7476cd8df3c9f937,ETH,defi_hack_attacker,kismp_defihack,,,
0x882c173bc7ff3b7786ca16dfed3dfffb9ee7847b,ETH,defi_hack_attacker,kismp_defihack,,,
0x8842dd26fd301c74afc4df12e9cdabd9db107d1e,ETH,defi_hack_attacker,kismp_defihack,,,
0x88503f48e437a377f1ac2892cbb3a5b09949fadd,ETH,defi_hack_attacker,kismp_defihack,,,
0x8888801af4d980682e47f1a9036e589479e835c5,ETH,defi_hack_attacker,kismp_defihack,,,
0x8893610232c87f4a38dc9b5ab67cbc331dc615d6,ETH,defi_hack_attacker,kismp_defihack,,,
0x88a69b4e698a4b090df6cf5bd7b2d47325ad30a3,ETH,defi_hack_attacker,kismp_defihack,,,
0x88b3eb62e363d9f153beab49c5c2ef2e785a375a,ETH,defi_hack_attacker,kismp_defihack,,,
0x88e6a0c2ddd26feeb64f039a2c41296fcb3f5640,ETH,defi_hack_attacker,kismp_defihack,,,
0x88eb28009351fb414a5746f5d8ca91cdc02760d8,ETH,defi_hack_attacker,kismp_defihack,,,
0x88ff4f62a75733c0f5afe58672121568a680de84,ETH,defi_hack_attacker,kismp_defihack,,,
0x89257a52ad585aacb1137fcc8abbd03a963b9683,ETH,defi_hack_attacker,kismp_defihack,,,
0x892eb71069fc8df4f7a6c3d4456075f2bb3bf317,ETH,defi_hack_attacker,kismp_defihack,,,
0x89767960b76b009416bc7ff4a4b79051eed0a9ee,ETH,defi_hack_attacker,kismp_defihack,,,
0x89ab32156e46f46d02ade3fecbe5fc4243b9aaed,ETH,defi_hack_attacker,kismp_defihack,,,
0x89cb997c36776d910cfba8948ce38613636cbc3c,ETH,defi_hack_attacker,kismp_defihack,,,
0x8a0dfb61cad29168e1067f6b23553035d83fcfb2,ETH,defi_hack_attacker,kismp_defihack,,,
0x8a30d684b1d3f8f36b36887a3deca0ef2a36a8e3,ETH,defi_hack_attacker,kismp_defihack,,,
0x8a3e44b23f7c5f14292e6e4c3f1ef6749e52d9f8,ETH,defi_hack_attacker,kismp_defihack,,,
0x8a43eb772416f934de3df8f9af627359632cb53f,ETH,defi_hack_attacker,kismp_defihack,,,
0x8a4571c3a618e00d04287ca6385b6b020ce7a305,ETH,defi_hack_attacker,kismp_defihack,,,
0x8a6f7834a9d60090668f5db33fec353a7fb4704b,ETH,defi_hack_attacker,kismp_defihack,,,
0x8a90cab2b38dba80c64b7734e58ee1db38b8992e,ETH,defi_hack_attacker,kismp_defihack,,,
0x8aa6b0e10bd6dbaf5159967f92f2e740afe2b4c3,ETH,defi_hack_attacker,kismp_defihack,,,
0x8ac76a51cc950d9822d68b83fe1ad97b32cd580d,ETH,defi_hack_attacker,kismp_defihack,,,
0x8acb88f90d1f1d67c03379e54d24045d4f6dfddb,ETH,defi_hack_attacker,kismp_defihack,,,
0x8accf43dd31dfcd4919cc7d65912a475bfa60369,ETH,defi_hack_attacker,kismp_defihack,,,
0x8aea7516b3b6aabf474f8872c5e71c1a7907e69e,ETH,defi_hack_attacker,kismp_defihack,,,
0x8af65d9114dfccd050e7352d77eec98f40c42cfd,ETH,defi_hack_attacker,kismp_defihack,,,
0x8aff4e8d24f445df313928839ec96c4a618a91c8,ETH,defi_hack_attacker,kismp_defihack,,,
0x8b068e22e9a4a9bca3c321e0ec428abf32691d1e,ETH,defi_hack_attacker,kismp_defihack,,,
0x8b2b0c101adb9c3654b226a3273e256a74688e57,ETH,defi_hack_attacker,kismp_defihack,,,
0x8b3cb6bf982798fba233bca56749e22eec42dcf3,ETH,defi_hack_attacker,kismp_defihack,,,
0x8b47515579c39a31871d874a23fb87517b975ecc,ETH,defi_hack_attacker,kismp_defihack,,,
0x8b5a8333ec272c9bca1e43f4d009e9b2fad5efc9,ETH,defi_hack_attacker,kismp_defihack,,,
0x8b7218cf6ac641382d7c723de8aa173e98a80196,ETH,defi_hack_attacker,kismp_defihack,,,
0x8bc6ce23e5e2c4f0a96429e3c9d482d74171215e,ETH,defi_hack_attacker,kismp_defihack,,,
0x8befc1d90d03011a7d0b35b3a00ec50f8e014802,ETH,defi_hack_attacker,kismp_defihack,,,
0x8c2d4ed92badb9b65f278efb8b440f4bc995ffe7,ETH,defi_hack_attacker,kismp_defihack,,,
0x8c46b006d1c01739e8f71119adb8c6084f739359,ETH,defi_hack_attacker,kismp_defihack,,,
0x8c7f34436c0037742aecf047e06fd4b27ad01117,ETH,defi_hack_attacker,kismp_defihack,,,
0x8c8687fc965593dfb2f0b4eaefd55e9d8df348df,ETH,defi_hack_attacker,kismp_defihack,,,
0x8c98770cba177b55fd60dfeed2870cd1dcdb9d40,ETH,defi_hack_attacker,kismp_defihack,,,
0x8ca8fd9c7641849a14cbf72faf05c305b0c68a34,ETH,defi_hack_attacker,kismp_defihack,,,
0x8ccb1ffd5c2aa6bd926473425dea4c8c15de60fd,ETH,defi_hack_attacker,kismp_defihack,,,
0x8ccf2860f38fc2f4a56dec897c8c976503fcb123,ETH,defi_hack_attacker,kismp_defihack,,,
0x8cdc37ed79c5ef116b9dc2a53cb86acaca3716bf,ETH,defi_hack_attacker,kismp_defihack,,,
0x8ce2f9286f50fbe2464bfd881fab8effc8dc584f,ETH,defi_hack_attacker,kismp_defihack,,,
0x8cf0a553ab3896e4832ebcc519a7a60828ab5740,ETH,defi_hack_attacker,kismp_defihack,,,
0x8cfdf9e9f7ea8c0871025318407a6f1fbc5d5a18,ETH,defi_hack_attacker,kismp_defihack,,,
0x8d010bf9c26881788b4e6bf5fd1bdc358c8f90b8,ETH,defi_hack_attacker,kismp_defihack,,,
0x8d0d000ee44948fc98c9b98a4fa4921476f08b0d,ETH,defi_hack_attacker,kismp_defihack,,,
0x8d2ef0d39a438c3601112ae21701819e13c41288,ETH,defi_hack_attacker,kismp_defihack,,,
0x8d3d13cac607b7297ff61a5e1e71072758af4d01,ETH,defi_hack_attacker,kismp_defihack,,,
0x8d4de2bc1a566b266bd4b387f62c21e15474d12a,ETH,defi_hack_attacker,kismp_defihack,,,
0x8d5c8d2856d518a5edc7473a3127341492b56243,ETH,defi_hack_attacker,kismp_defihack,,,
0x8d5e1cd48b17d807e81dbfbe6c591cb7fab63971,ETH,defi_hack_attacker,kismp_defihack,,,
0x8d643d954798392403eea19db8108f595bb8b730,ETH,defi_hack_attacker,kismp_defihack,,,
0x8d6778d7fae00ad2e0bc12194cf03b756fed9db3,ETH,defi_hack_attacker,kismp_defihack,,,
0x8d67db0b205e32a5dd96145f022fa18aae7dc8aa,ETH,defi_hack_attacker,kismp_defihack,,,
0x8db0efee6a7622cd9f46a2cf1aedc8505341a1a7,ETH,defi_hack_attacker,kismp_defihack,,,
0x8dd5fbce2f6a956c3022ba3663759011dd51e73e,ETH,defi_hack_attacker,kismp_defihack,,,
0x8de7eaba58efb23b6f323984377af582b23134e9,ETH,defi_hack_attacker,kismp_defihack,,,
0x8dff5e27ea6b7ac08ebfdf9eb090f32ee9a30fcf,ETH,defi_hack_attacker,kismp_defihack,,,
0x8e18fb32061600a82225cabd7fecf5b1be477c43,ETH,defi_hack_attacker,kismp_defihack,,,
0x8e1b75e6c43aeaf5055de07ab4b76e356d7bb2db,ETH,defi_hack_attacker,kismp_defihack,,,
0x8e5bbbb09ed1ebde8674cda39a0c169401db4252,ETH,defi_hack_attacker,kismp_defihack,,,
0x8e83cd1bad00cf933b86214aaaab4db56abf68aa,ETH,defi_hack_attacker,kismp_defihack,,,
0x8eae9827b45bcc6570c4e82b9e4fe76692b2ff7a,ETH,defi_hack_attacker,kismp_defihack,,,
0x8ebd046992afe07eacce6b9b3878fdb45830f42b,ETH,defi_hack_attacker,kismp_defihack,,,
0x8ebd6c7d2b79ca4dc5fbdec239a8bb0f214212b8,ETH,defi_hack_attacker,kismp_defihack,,,
0x8eca806aecc86ce90da803b080ca4e3a9b8097ad,ETH,defi_hack_attacker,kismp_defihack,,,
0x8ee0c2709a34e9fda43f2bd5179fa4c112bed89a,ETH,defi_hack_attacker,kismp_defihack,,,
0x8efab89b497b887cdaa2fb08ff71e4b3827774b2,ETH,defi_hack_attacker,kismp_defihack,,,
0x8efb9311700439d70025d2b372fb54c61a60d5df,ETH,defi_hack_attacker,kismp_defihack,,,
0x8f0528ce5ef7b51152a59745befdd91d97091d2f,ETH,defi_hack_attacker,kismp_defihack,,,
0x8f1cece048cade6b8a05dfa2f90ee4025f4f2662,ETH,defi_hack_attacker,kismp_defihack,,,
0x8f2354f9464514efdae441314b8325e97bf96cdc,ETH,defi_hack_attacker,kismp_defihack,,,
0x8f4ba1832611f0c364de7114bbff92ba676adf0e,ETH,defi_hack_attacker,kismp_defihack,,,
0x8f52e0c41164169818c1fb04b263fdc7c1e56088,ETH,defi_hack_attacker,kismp_defihack,,,
0x8f55d884cad66b79e1a131f6bcb0e66f4fd84d5b,ETH,defi_hack_attacker,kismp_defihack,,,
0x8f7370d5d461559f24b83ba675b4c7e2fdb514cc,ETH,defi_hack_attacker,kismp_defihack,,,
0x8f73b65b4caaf64fba2af91cc5d4a2a1318e5d8c,ETH,defi_hack_attacker,kismp_defihack,,,
0x8f9036732b9aa9b82d8f35e54b71faeb2f573e2f,ETH,defi_hack_attacker,kismp_defihack,,,
0x8f921e27e3af106015d1c3a244ec4f48dbfcad14,ETH,defi_hack_attacker,kismp_defihack,,,
0x8f98075db5d6c620e8d420a8c516e2f2059d9b91,ETH,defi_hack_attacker,kismp_defihack,,,
0x8f9e2f10cc75d7e765f5fb7fcace8a3fde9d23ff,ETH,defi_hack_attacker,kismp_defihack,,,
0x8faa53a742fc732b04db4090a21e955fe5c230be,ETH,defi_hack_attacker,kismp_defihack,,,
0x8fb453687947adb8135ba7d4a739b11d2095290e,ETH,defi_hack_attacker,kismp_defihack,,,
0x8fffffd4afb6115b954bd326cbe7b4ba576818f6,ETH,defi_hack_attacker,kismp_defihack,,,
0x9008d19f58aabd9ed0d60971565aa8510560ab41,ETH,defi_hack_attacker,kismp_defihack,,,
0x90744c976f69c7d112e8fe85c750ace2a2c16f15,ETH,defi_hack_attacker,kismp_defihack,,,
0x90be00229fe8000000009e007743a485d400c3b7,ETH,defi_hack_attacker,kismp_defihack,,,
0x90c4c1aa895a086215765ec9639431309633b198,ETH,defi_hack_attacker,kismp_defihack,,,
0x90fa57d23b85cdd52c46b85636f44c47926ee2e3,ETH,defi_hack_attacker,kismp_defihack,,,
0x910e91d24a948c3e36b71b505fb45fe80e95adb3,ETH,defi_hack_attacker,kismp_defihack,,,
0x9117df9aa33b23c0a9c2c913ad0739273c3930b3,ETH,defi_hack_attacker,kismp_defihack,,,
0x912ce59144191c1204e64559fe8253a0e49e6548,ETH,defi_hack_attacker,kismp_defihack,,,
0x91383a15c391c142b80045d8b4730c1c37ac0378,ETH,defi_hack_attacker,kismp_defihack,,,
0x91430cad2d3975766499717fa0d66a78d814e5c5,ETH,defi_hack_attacker,kismp_defihack,,,
0x915dff6707bea63daea1b41aa5d37353229066ba,ETH,defi_hack_attacker,kismp_defihack,,,
0x916792f7734089470de27297903bed8a4630b26d,ETH,defi_hack_attacker,kismp_defihack,,,
0x916e87d16b2f3e097b9a6375dc7393cf3b5c11f5,ETH,defi_hack_attacker,kismp_defihack,,,
0x91b7f203ed71c5eccf83b40563e409d2f3531114,ETH,defi_hack_attacker,kismp_defihack,,,
0x91c49cc7fbfe8f70aceeb075952cd64817f9d82c,ETH,defi_hack_attacker,kismp_defihack,,,
0x9210f1204b5a24742eba12f710636d76240df3d0,ETH,defi_hack_attacker,kismp_defihack,,,
0x9215748657319b17fecb2b5d086a3147bfbc8613,ETH,defi_hack_attacker,kismp_defihack,,,
0x9263e7873613ddc598a701709875634819176aff,ETH,defi_hack_attacker,kismp_defihack,,,
0x92b7807bf19b7dddf89b706143896d05228f3121,ETH,defi_hack_attacker,kismp_defihack,,,
0x92cfcb70b2591ceb1e3c6d90e21e8154e7d29832,ETH,defi_hack_attacker,kismp_defihack,,,
0x92d5942f468447f1f21c2092580f15544923b434,ETH,defi_hack_attacker,kismp_defihack,,,
0x92ee0df7f6b0674cabc9bfc64873786fa7be82d0,ETH,defi_hack_attacker,kismp_defihack,,,
0x92f32553cc465583d432846955198f0ddcbcafa1,ETH,defi_hack_attacker,kismp_defihack,,,
0x92f961b6bb19d35eedc1e174693aaba85ad2425d,ETH,defi_hack_attacker,kismp_defihack,,,
0x934cbbe5377358e6712b5f041d90313d935c501c,ETH,defi_hack_attacker,kismp_defihack,,,
0x935bfb495e33f74d2e9735df1da66ace442ede48,ETH,defi_hack_attacker,kismp_defihack,,,
0x9362e8cf30635de48bdf8da52139eed8f1e5d400,ETH,defi_hack_attacker,kismp_defihack,,,
0x93790c641d029d1cbd779d87b88f67704b6a8f4c,ETH,defi_hack_attacker,kismp_defihack,,,
0x93c175439726797dcee24d08e4ac9164e88e7aee,ETH,defi_hack_attacker,kismp_defihack,,,
0x93d4f6f84d242c7959f8d1f1917ddbc9fb925ada,ETH,defi_hack_attacker,kismp_defihack,,,
0x93d619623abc60a22ee71a15db62eede3ef4dd5a,ETH,defi_hack_attacker,kismp_defihack,,,
0x940ce652a51ebadb5df09d605dbeda95fdcf697b,ETH,defi_hack_attacker,kismp_defihack,,,
0x941a9e3b91e1cc015702b897c512d265fae88a9c,ETH,defi_hack_attacker,kismp_defihack,,,
0x94598ec1eb8f85d57fba787df6b49dbbabb87f37,ETH,defi_hack_attacker,kismp_defihack,,,
0x94641c01a4937f2c8ef930580cf396142a2942dc,ETH,defi_hack_attacker,kismp_defihack,,,
0x94b008aa00579c1307b0ef2c499ad98a8ce58e58,ETH,defi_hack_attacker,kismp_defihack,,,
0x94bb269518ad17f1c10c85e600bde481d4999bff,ETH,defi_hack_attacker,kismp_defihack,,,
0x94dac4a3ce998143aa119c05460731da80ad90cf,ETH,defi_hack_attacker,kismp_defihack,,,
0x94e06c77b02ade8341489ab9a23451f68c13ec1c,ETH,defi_hack_attacker,kismp_defihack,,,
0x951d51baefb72319d9fbe941e1615938d89abfe2,ETH,defi_hack_attacker,kismp_defihack,,,
0x954386cb43dd2f0f637710a10f6b2d0f86aacb97,ETH,defi_hack_attacker,kismp_defihack,,,
0x9560e827af36c94d2ac33a39bce1fe78631088db,ETH,defi_hack_attacker,kismp_defihack,,,
0x95c78222b3d6e262426483d42cfa53685a67ab9d,ETH,defi_hack_attacker,kismp_defihack,,,
0x95e92b09b89cf31fa9f1eca4109a85f88eb08531,ETH,defi_hack_attacker,kismp_defihack,,,
0x9601313572ecd84b6b42dbc3e47bc54f8177558e,ETH,defi_hack_attacker,kismp_defihack,,,
0x960ea3e3c7fb317332d990873d354e18d7645590,ETH,defi_hack_attacker,kismp_defihack,,,
0x961a14beabd590229b1c68a21d7068c8233c8542,ETH,defi_hack_attacker,kismp_defihack,,,
0x9671ed0ebc3bf00f22d3a3b1b4d18175a9244e09,ETH,defi_hack_attacker,kismp_defihack,,,
0x9682f31b3f572988f93c2b8382586ca26a866475,ETH,defi_hack_attacker,kismp_defihack,,,
0x968e1c984a431f3d0299563f15d48c395f70f719,ETH,defi_hack_attacker,kismp_defihack,,,
0x96bf2e6cc029363b57ffa5984b943f825d333614,ETH,defi_hack_attacker,kismp_defihack,,,
0x96ca744cde8c9a985ec61682314585bb35aafa78,ETH,defi_hack_attacker,kismp_defihack,,,
0x96d0f726fd900e199680277aaad326fbdebc6bf9,ETH,defi_hack_attacker,kismp_defihack,,,
0x9700204d77a67a18ea8f1b47275897b21e5efa97,ETH,defi_hack_attacker,kismp_defihack,,,
0x970a76aea6a0d531096b566340c0de9b027dd39d,ETH,defi_hack_attacker,kismp_defihack,,,
0x971d08bba900230298add23e61e04b04226b5073,ETH,defi_hack_attacker,kismp_defihack,,,
0x9733303117504c146a4e22261f2685ddb79780ef,ETH,defi_hack_attacker,kismp_defihack,,,
0x9748c8540a5f752ba747f1203ac13dae789033de,ETH,defi_hack_attacker,kismp_defihack,,,
0x977087422c008233615b572fbc3f209ed300063a,ETH,defi_hack_attacker,kismp_defihack,,,
0x978d0ce23869ec666bfde9868a8514f3d2754982,ETH,defi_hack_attacker,kismp_defihack,,,
0x97a95886941ea818a2d102b865886ec7eee6cdf2,ETH,defi_hack_attacker,kismp_defihack,,,
0x97be09f2523b39b835da9ea3857cfa1d3c660cbb,ETH,defi_hack_attacker,kismp_defihack,,,
0x97d8170e04771826a31c4c9b81e9f9191a1c8613,ETH,defi_hack_attacker,kismp_defihack,,,
0x97eace4702217c1fea71cf6b79647a8ad5ddb0eb,ETH,defi_hack_attacker,kismp_defihack,,,
0x97effb790f2fbb701d88f89db4521348a2b77be8,ETH,defi_hack_attacker,kismp_defihack,,,
0x9800511c5082c3aa6f4335a75dc78b1a87ea307a,ETH,defi_hack_attacker,kismp_defihack,,,
0x9810512be701801954449408966c630595d0cd51,ETH,defi_hack_attacker,kismp_defihack,,,
0x9813037ee2218799597d83d4a5b6f3b6778218d9,ETH,defi_hack_attacker,kismp_defihack,,,
0x9823e10a0bf6f64f59964be1a7f83090bf5728ab,ETH,defi_hack_attacker,kismp_defihack,,,
0x982d50f8557d57b748733a3fc3d55aef40c46756,ETH,defi_hack_attacker,kismp_defihack,,,
0x9848482da3ee3076165ce6497eda906e66bb85c5,ETH,defi_hack_attacker,kismp_defihack,,,
0x9869674e80d632f93c338bd398408273d20a6c8e,ETH,defi_hack_attacker,kismp_defihack,,,
0x986aca5f2ca6b120f4361c519d7a49c5ac50c240,ETH,defi_hack_attacker,kismp_defihack,,,
0x986b2e2a1cf303536138d8ac762447500fd781c6,ETH,defi_hack_attacker,kismp_defihack,,,
0x98c2e1e85f8bf737d9c1450dd26d4a4bf880b892,ETH,defi_hack_attacker,kismp_defihack,,,
0x98e241bd3be918e0d927af81b430be00d86b04f9,ETH,defi_hack_attacker,kismp_defihack,,,
0x98e938899902217465f17cf0b76d12b3dca8ce1b,ETH,defi_hack_attacker,kismp_defihack,,,
0x99147452078fa5c6642d3e5f7efd51113a9527a5,ETH,defi_hack_attacker,kismp_defihack,,,
0x9943f26831f9b468a7fe5ac531c352baab8af655,ETH,defi_hack_attacker,kismp_defihack,,,
0x9961190b258897bca7a12b8f37f415e689d281c4,ETH,defi_hack_attacker,kismp_defihack,,,
0x99855380e5f48db0a6babeae312b80885a816dce,ETH,defi_hack_attacker,kismp_defihack,,,
0x99a58482bd75cbab83b27ec03ca68ff489b5788f,ETH,defi_hack_attacker,kismp_defihack,,,
0x99c486b908434ae4adf567e9990a929854d0c955,ETH,defi_hack_attacker,kismp_defihack,,,
0x99d8a9c45b2eca8864373a26d1459e3dff1e17f3,ETH,defi_hack_attacker,kismp_defihack,,,
0x9a16b5375e79e409a8bfdb17cfe568e533c2d7c5,ETH,defi_hack_attacker,kismp_defihack,,,
0x9a1aef8c9ada4224ad774afdac07c24955c92a54,ETH,defi_hack_attacker,kismp_defihack,,,
0x9a366027e6be5ae8441c9f54455e1d6c41f12e3c,ETH,defi_hack_attacker,kismp_defihack,,,
0x9a4b9fd32054bfe2099f2a0db24932a4d5f38d0f,ETH,defi_hack_attacker,kismp_defihack,,,
0x9a69eb74060e2808344ac35bb5825051b89bbe76,ETH,defi_hack_attacker,kismp_defihack,,,
0x9a6b926281b0c7bc4f775e81f42b13eda9c1c98e,ETH,defi_hack_attacker,kismp_defihack,,,
0x9aa024d3fd962701ed17f76c17cab22d3dc9d92d,ETH,defi_hack_attacker,kismp_defihack,,,
0x9ab6b21cdf116f611110b048987e58894786c244,ETH,defi_hack_attacker,kismp_defihack,,,
0x9ab872a34139015da07ee905529a8842a6142971,ETH,defi_hack_attacker,kismp_defihack,,,
0x9abe851bcc4fd1986c3d1ef8978fad86a26a0c57,ETH,defi_hack_attacker,kismp_defihack,,,
0x9ad32757920d6ba74e64844b8a0d9137d68e5491,ETH,defi_hack_attacker,kismp_defihack,,,
0x9ad32e3054268b849b84a8dbcc7c8f7c52e4e69a,ETH,defi_hack_attacker,kismp_defihack,,,
0x9ad45d46e2a2ca19bbb5d5a50df319225ad60e0d,ETH,defi_hack_attacker,kismp_defihack,,,
0x9af3dce0813fd7428c47f57a39da2f6dd7c9bb09,ETH,defi_hack_attacker,kismp_defihack,,,
0x9b227f90db49b0845144b94cc423f0bd3c01ee45,ETH,defi_hack_attacker,kismp_defihack,,,
0x9b506584a0f2176494d5f9c858437b54df97bc06,ETH,defi_hack_attacker,kismp_defihack,,,
0x9b99d7ce9e39c68ab93348fd31fd4c99f79e4b19,ETH,defi_hack_attacker,kismp_defihack,,,
0x9ba0cf1588e1dfa905ec948f7fe5104dd40eda31,ETH,defi_hack_attacker,kismp_defihack,,,
0x9bdc730183821b6bb2b51be30b77c964fa645b91,ETH,defi_hack_attacker,kismp_defihack,,,
0x9bdf251435cbc6774c7796632e9c80b233055b93,ETH,defi_hack_attacker,kismp_defihack,,,
0x9be508ce41ae5795e1ebc247101c40da7d5742db,ETH,defi_hack_attacker,kismp_defihack,,,
0x9bf7a4ddca405929dba1fbb136f764f5892a8a7a,ETH,defi_hack_attacker,kismp_defihack,,,
0x9c48d180e4eee0da2a899ee1e4c533ca5e92db77,ETH,defi_hack_attacker,kismp_defihack,,,
0x9c52c485edd3d22847a1614b8988fbf520b33047,ETH,defi_hack_attacker,kismp_defihack,,,
0x9c58bacc331c9aa871afd802db6379a98e80cedb,ETH,defi_hack_attacker,kismp_defihack,,,
0x9c63d6328c8e989c99b8e01de6825e998778b103,ETH,defi_hack_attacker,kismp_defihack,,,
0x9c66b0c68c144ffe33e7084fe8ce36ebc44ad21e,ETH,defi_hack_attacker,kismp_defihack,,,
0x9c80a455ecaca7025a45f5fa3b85fd6a462a447b,ETH,defi_hack_attacker,kismp_defihack,,,
0x9c84a04e232ff0aaca867f3d6b6e0fca96f29ee7,ETH,defi_hack_attacker,kismp_defihack,,,
0x9c87a5726e98f2f404cdd8ac8968e9b2c80c0967,ETH,defi_hack_attacker,kismp_defihack,,,
0x9c9fb3100a2a521985f0c47de3b4598dafd25b01,ETH,defi_hack_attacker,kismp_defihack,,,
0x9cb928bf50ed220ac8f703bce35be5ce7f56c99c,ETH,defi_hack_attacker,kismp_defihack,,,
0x9cbf099ff424979439dfba03f00b5961784c06ce,ETH,defi_hack_attacker,kismp_defihack,,,
0x9cc7283d8f8b92654e6097aca2acb9655fd5ed96,ETH,defi_hack_attacker,kismp_defihack,,,
0x9ce084c378b3e65a164aeba12015ef3881e0f853,ETH,defi_hack_attacker,kismp_defihack,,,
0x9cfa73b8d300ec5bf204e4de4a58e5ee6b7dc93c,ETH,defi_hack_attacker,kismp_defihack,,,
0x9cffc95e742d22c1446a3d22e656bb23835a38ac,ETH,defi_hack_attacker,kismp_defihack,,,
0x9d0d28f7b9a9e6d55abb9e41a87df133f316c68c,ETH,defi_hack_attacker,kismp_defihack,,,
0x9d44f1a37044500064111010632a8a59003701c8,ETH,defi_hack_attacker,kismp_defihack,,,
0x9d4fd681aacbc49d79c6405c9aa70d1afd5accf3,ETH,defi_hack_attacker,kismp_defihack,,,
0x9d6d817ea5d4a69ff4c4509bea8f9b2534cec108,ETH,defi_hack_attacker,kismp_defihack,,,
0x9d7b3586f361e3621bf4f099cbc9d155e8ae6b76,ETH,defi_hack_attacker,kismp_defihack,,,
0x9d8355a8d721e5c79589ac0ab49bc6d3e0ef7c3f,ETH,defi_hack_attacker,kismp_defihack,,,
0x9d9820f10772ffcef842770b6581c07a97fed9e4,ETH,defi_hack_attacker,kismp_defihack,,,
0x9dce7a180c34203fee8ce8ca62f244feeb67bd30,ETH,defi_hack_attacker,kismp_defihack,,,
0x9e8675365366559053f964be5838d5fca008722c,ETH,defi_hack_attacker,kismp_defihack,,,
0x9eadd135641f8b8cc4e060d33d63f8245f42be59,ETH,defi_hack_attacker,kismp_defihack,,,
0x9ed2d048e90cffa5e4a778678cbc3acb8a3abf86,ETH,defi_hack_attacker,kismp_defihack,,,
0x9ee1873ba8383b1d4ac459abd3c9c006eaa8800a,ETH,defi_hack_attacker,kismp_defihack,,,
0x9f26ae5cd245bfeeb5926d61497550f79d9c6c1c,ETH,defi_hack_attacker,kismp_defihack,,,
0x9f2ecec0145242c094b17807f299ce552a625ac5,ETH,defi_hack_attacker,kismp_defihack,,,
0x9f54e8eaa9658316bb8006e03fff1cb191aafbe6,ETH,defi_hack_attacker,kismp_defihack,,,
0x9f626f5941fafe0a5b839907d77fbbd5d0dea9d0,ETH,defi_hack_attacker,kismp_defihack,,,
0x9f72dc67cec672bb99e3d02cbea0a21536a2b657,ETH,defi_hack_attacker,kismp_defihack,,,
0x9f7eabd7c3538ba6b9d10eede63712c0ecce6d69,ETH,defi_hack_attacker,kismp_defihack,,,
0x9fa69536d1cda4a04cfb50688294de75b505a9ae,ETH,defi_hack_attacker,kismp_defihack,,,
0x9ff8b4c842e4a95dab5089781427c836dae94831,ETH,defi_hack_attacker,kismp_defihack,,,
0xa07c5b74c9b40447a954e1466938b865b6bbea36,ETH,defi_hack_attacker,kismp_defihack,,,
0xa08a40e0f11090dcb09967973df82040bff63561,ETH,defi_hack_attacker,kismp_defihack,,,
0xa0959536560776ef8627da14c6e8c91e2c743a0a,ETH,defi_hack_attacker,kismp_defihack,,,
0xa0a1e7571f938cc33dad497849f14a0c98b30fd0,ETH,defi_hack_attacker,kismp_defihack,,,
0xa0acc61547f6bd066f7c9663c17a312b6ad7e187,ETH,defi_hack_attacker,kismp_defihack,,,
0xa0b86991c6218b36c1d19d4a2e9eb0ce3606eb48,ETH,defi_hack_attacker,kismp_defihack,,,
0xa0c7bd318d69424603cbf91e9969870f21b8ab4c,ETH,defi_hack_attacker,kismp_defihack,,,
0xa0ff0e694275023f4986dc3ca12a6eb5d6056c62,ETH,defi_hack_attacker,kismp_defihack,,,
0xa124d3858ab98f75534ad9a2a2fbd1cb1f678b21,ETH,defi_hack_attacker,kismp_defihack,,,
0xa1679abef5cd376cc9a1c4c2868acf52e08ec1b3,ETH,defi_hack_attacker,kismp_defihack,,,
0xa19789f57d0e0225a82eeff0fecb9f3776f276a3,ETH,defi_hack_attacker,kismp_defihack,,,
0xa1ce40702e15d0417a6c74d0bab96772f36f4e99,ETH,defi_hack_attacker,kismp_defihack,,,
0xa1e31b29f94296fc85fac8739511360f279b1976,ETH,defi_hack_attacker,kismp_defihack,,,
0xa1f0a9d51b592ee074ed6987006976908631503b,ETH,defi_hack_attacker,kismp_defihack,,,
0xa21451ac32372c123191b3a4fc01deb69f91533a,ETH,defi_hack_attacker,kismp_defihack,,,
0xa21a2b59d80dc42d332f778cbb9ea127100e5d75,ETH,defi_hack_attacker,kismp_defihack,,,
0xa2209b48506c4e7f3a879ec1c1c2c4ee16c2c017,ETH,defi_hack_attacker,kismp_defihack,,,
0xa2268fcc2fe7a2bb755fbe5a7b3ac346ddfedb9b,ETH,defi_hack_attacker,kismp_defihack,,,
0xa2633ca9eb7465e7db54be30f62f577f039a2984,ETH,defi_hack_attacker,kismp_defihack,,,
0xa26b6df27f520017a2f0a5b0c0aa9c97d05f1f26,ETH,defi_hack_attacker,kismp_defihack,,,
0xa297a53b5554f4feba4077f4cb13da220387deaa,ETH,defi_hack_attacker,kismp_defihack,,,
0xa29e4fe451ccfa5e7def35188919ad7077a4de8f,ETH,defi_hack_attacker,kismp_defihack,,,
0xa2a7ee49750ff12bb60b407da2531db3c50a1789,ETH,defi_hack_attacker,kismp_defihack,,,
0xa2ca18fc541b7b101c64e64bbc2834b05066248b,ETH,defi_hack_attacker,kismp_defihack,,,
0xa2ebf3fcd757e9be1e58b643b6b5077d11b4ad7a,ETH,defi_hack_attacker,kismp_defihack,,,
0xa35ef9fa2f5e0527cb9fbb6f9d3a24cfed948863,ETH,defi_hack_attacker,kismp_defihack,,,
0xa35f69899796ddbc4a8904511d2f1f040b779cb7,ETH,defi_hack_attacker,kismp_defihack,,,
0xa361433e409adac1f87cdf133127585f8a93c67d,ETH,defi_hack_attacker,kismp_defihack,,,
0xa389f9430876455c36478deea9769b7ca4e3ddb1,ETH,defi_hack_attacker,kismp_defihack,,,
0xa38cd27185a464914d3046f0ab9d43356b34829d,ETH,defi_hack_attacker,kismp_defihack,,,
0xa3a64255484ad65158af0f9d96b5577f79901a1d,ETH,defi_hack_attacker,kismp_defihack,,,
0xa3aa817587556c023e78b2285d381c68cee17069,ETH,defi_hack_attacker,kismp_defihack,,,
0xa3e18e6028b1ca09433157cd6a5e807ffe705350,ETH,defi_hack_attacker,kismp_defihack,,,
0xa3f5ea945c4970f48e322f1e70f4cc08e70039ee,ETH,defi_hack_attacker,kismp_defihack,,,
0xa3fdf7f376f4bfd38d7c4a5cf8aab4de68792fd4,ETH,defi_hack_attacker,kismp_defihack,,,
0xa407fe273db74184898cb56d2cb685615e1c0d6e,ETH,defi_hack_attacker,kismp_defihack,,,
0xa4108aa1ec4967f8b52220a4f7e94a8201f2d906,ETH,defi_hack_attacker,kismp_defihack,,,
0xa4133fed73ea3361f2f928f98313b1e1e5049612,ETH,defi_hack_attacker,kismp_defihack,,,
0xa42297ff42a3b65091967945131cd1db962afae4,ETH,defi_hack_attacker,kismp_defihack,,,
0xa43b89d5e7951d410585360f6808133e8b919289,ETH,defi_hack_attacker,kismp_defihack,,,
0xa447f71782135ab96a71374271a749ff7aa54859,ETH,defi_hack_attacker,kismp_defihack,,,
0xa44e79a2c9a8965e7a6fa77bf0ca8faf50e6c73e,ETH,defi_hack_attacker,kismp_defihack,,,
0xa45d4359246dbd523ab690bef01da06b07450030,ETH,defi_hack_attacker,kismp_defihack,,,
0xa47359f87509d783ebb3daa0b75f24ed07888306,ETH,defi_hack_attacker,kismp_defihack,,,
0xa481b139a1a654ca19d2074f174f17d7534e8cec,ETH,defi_hack_attacker,kismp_defihack,,,
0xa499648fd0e80fd911972bbeb069e4c20e68bf22,ETH,defi_hack_attacker,kismp_defihack,,,
0xa4dbc813f7e1bf5827859e278594b1e0ec1f710f,ETH,defi_hack_attacker,kismp_defihack,,,
0xa4e8969bba1e1d48c30c948de0884cdff43e2d54,ETH,defi_hack_attacker,kismp_defihack,,,
0xa4f5d4afd6b9226b3004dd276a9f778eb75f2e9e,ETH,defi_hack_attacker,kismp_defihack,,,
0xa5407eae9ba41422680e2e00537571bcc53efbfd,ETH,defi_hack_attacker,kismp_defihack,,,
0xa5564a2d1190a141cac438c9fde686ac48a18a79,ETH,defi_hack_attacker,kismp_defihack,,,
0xa56622bb16f18af5b6d6e484a1c716893d0b36df,ETH,defi_hack_attacker,kismp_defihack,,,
0xa57eda20be51ae07df3c8b92494c974a92cf8956,ETH,defi_hack_attacker,kismp_defihack,,,
0xa5957e0e2565dc93880da7be32abcbdf55788888,ETH,defi_hack_attacker,kismp_defihack,,,
0xa5e0829caced8ffdd4de3c43696c57f7d7a678ff,ETH,defi_hack_attacker,kismp_defihack,,,
0xa608985f5b40cdf6862bec775207f84280a91e3a,ETH,defi_hack_attacker,kismp_defihack,,,
0xa60fae100d9c3d015c9cd7107f95cbacf58a1cbd,ETH,defi_hack_attacker,kismp_defihack,,,
0xa62f9c5af106feee069f38de51098d9d81b90572,ETH,defi_hack_attacker,kismp_defihack,,,
0xa6447f6156effd23ec3b57d5edd978349e4e192d,ETH,defi_hack_attacker,kismp_defihack,,,
0xa645995e9801f2ca6e2361edf4c2a138362bade4,ETH,defi_hack_attacker,kismp_defihack,,,
0xa6566574edc60d7b2adbacedb71d5142cf2677fb,ETH,defi_hack_attacker,kismp_defihack,,,
0xa6af2872176320015f8ddb2ba013b38cb35d22ad,ETH,defi_hack_attacker,kismp_defihack,,,
0xa7264a43a57ca17012148c46adbc15a5f951766e,ETH,defi_hack_attacker,kismp_defihack,,,
0xa728aa2de568766e2fa4544ec7a77f79c0bf9f97,ETH,defi_hack_attacker,kismp_defihack,,,
0xa75c7eef342fc4c024253aa912f92c8f4c0401b0,ETH,defi_hack_attacker,kismp_defihack,,,
0xa773603b139ae1c52d05b35796df3ee76d8a9a2f,ETH,defi_hack_attacker,kismp_defihack,,,
0xa7741d6b60a64b2aae8b52186adea77b1ca05054,ETH,defi_hack_attacker,kismp_defihack,,,
0xa78aefd483ce3919c0ad55c8a2e5c97cbac1caf8,ETH,defi_hack_attacker,kismp_defihack,,,
0xa7995f71aa11525db02fc2473c37dee5dbf55107,ETH,defi_hack_attacker,kismp_defihack,,,
0xa79fe386b88fbee6e492eeb76ec48517d1ec759a,ETH,defi_hack_attacker,kismp_defihack,,,
0xa7b0e924c2dbb9b4f576cce96ac80657e42c3e42,ETH,defi_hack_attacker,kismp_defihack,,,
0xa7b7d4ebf1f5035f3b289139bada62f981f2916e,ETH,defi_hack_attacker,kismp_defihack,,,
0xa7d7079b0fead91f3e65f86e8915cb59c1a4c664,ETH,defi_hack_attacker,kismp_defihack,,,
0xa7de087329bfcda5639247f96140f9dabe3deed1,ETH,defi_hack_attacker,kismp_defihack,,,
0xa7e92345ddf541aa5cf60fee2a0e721c50ca1adb,ETH,defi_hack_attacker,kismp_defihack,,,
0xa7e9b982b0e19a399bc737ca5346ef0ef12046da,ETH,defi_hack_attacker,kismp_defihack,,,
0xa7fe9c5d4b87b0d03e9bb99f4b4e76785de26b5d,ETH,defi_hack_attacker,kismp_defihack,,,
0xa865197a84e780957422237b5d152772654341f3,ETH,defi_hack_attacker,kismp_defihack,,,
0xa88800cd213da5ae406ce248380802bd53b47647,ETH,defi_hack_attacker,kismp_defihack,,,
0xa88d48a4c6d8dd6a166a71cc159a2c588fa882bb,ETH,defi_hack_attacker,kismp_defihack,,,
0xa8987285e100a8b557f06a7889f79e0064b359f2,ETH,defi_hack_attacker,kismp_defihack,,,
0xa898b78b7cbbabacf9d179c4c46c212c0ac66f46,ETH,defi_hack_attacker,kismp_defihack,,,
0xa8b45dee8306b520465f1f8da7e11cd8cfd1bbc4,ETH,defi_hack_attacker,kismp_defihack,,,
0xa8bb71facdd46445644c277f9499dd22f6f0a30c,ETH,defi_hack_attacker,kismp_defihack,,,
0xa8bbb3742f299b183190a9b079f1c0db8924145b,ETH,defi_hack_attacker,kismp_defihack,,,
0xa900cbe7739c96d2b153a273953620a701d5442b,ETH,defi_hack_attacker,kismp_defihack,,,
0xa911ff351b143634dbc5af3e204ea074583a83e3,ETH,defi_hack_attacker,kismp_defihack,,,
0xa920de414ea4ab66b97da1bfe9e6eca7d4219635,ETH,defi_hack_attacker,kismp_defihack,,,
0xa943ea143cd7e79806d670f4a7cf08f8922a454f,ETH,defi_hack_attacker,kismp_defihack,,,
0xa963ee460cf4b474c35ded8fff91c4ec011fb640,ETH,defi_hack_attacker,kismp_defihack,,,
0xa9bf70a420d364e923c74448d9d817d3f2a77822,ETH,defi_hack_attacker,kismp_defihack,,,
0xa9c7ec037797dc6e3f9255ffde422da6bf96024d,ETH,defi_hack_attacker,kismp_defihack,,,
0xa9f6299a7deaafc4a92acb73fdf02ed4c72ce3b2,ETH,defi_hack_attacker,kismp_defihack,,,
0xaa06fde501a82ce1c0365273684247a736885daf,ETH,defi_hack_attacker,kismp_defihack,,,
0xaa07222e4c3295c4e881ac8640fbe5fb921d6840,ETH,defi_hack_attacker,kismp_defihack,,,
0xaa621d2002b5a6275ef62d7a065a865167914801,ETH,defi_hack_attacker,kismp_defihack,,,
0xaa6f337f16e6658d9c9599c967d3126051b6c726,ETH,defi_hack_attacker,kismp_defihack,,,
0xaa8f35183478b8eced5619521ac3eb3886e98c56,ETH,defi_hack_attacker,kismp_defihack,,,
0xaaee1a9723aadb7afa2810263653a34ba2c21c7a,ETH,defi_hack_attacker,kismp_defihack,,,
0xab74fbd735cd2ed826b64e0f850a890930a91094,ETH,defi_hack_attacker,kismp_defihack,,,
0xab90a897cf6c56c69a4579ead3c900260dfba02d,ETH,defi_hack_attacker,kismp_defihack,,,
0xabba891c633fb27f8aa656ea6244dedb15153fe0,ETH,defi_hack_attacker,kismp_defihack,,,
0xabbc5f99639c9b6bcb58544ddf04efa6802f4064,ETH,defi_hack_attacker,kismp_defihack,,,
0xabc6e5a63689b8542dbdc4b4f39a7e00d4ac30c8,ETH,defi_hack_attacker,kismp_defihack,,,
0xabe45ea636df7ac90fb7d8d8c74a081b169f92ef,ETH,defi_hack_attacker,kismp_defihack,,,
0xabee16e74dd268105f166c27a847edc2b8e7cc4e,ETH,defi_hack_attacker,kismp_defihack,,,
0xac4a2ac76d639e10f2c05a41274c1af85b772598,ETH,defi_hack_attacker,kismp_defihack,,,
0xac4d2f229a3499f7e4e90a5932758a6829d69cff,ETH,defi_hack_attacker,kismp_defihack,,,
0xac899ef647533e0de91e269202f1169d7d47ae92,ETH,defi_hack_attacker,kismp_defihack,,,
0xacd43e627e64355f1861cec6d3a6688b31a6f952,ETH,defi_hack_attacker,kismp_defihack,,,
0xacdbe7b770a14ca3bc34865ac3986c0ce771fd68,ETH,defi_hack_attacker,kismp_defihack,,,
0xad0da05b9c20fa541012ee2e89ac99a864cc68bb,ETH,defi_hack_attacker,kismp_defihack,,,
0xad2cb8f48e74065a0b884af9c5a4ecbba101be23,ETH,defi_hack_attacker,kismp_defihack,,,
0xad444663c6c92b497225c6ce65fee2e7f78bfb86,ETH,defi_hack_attacker,kismp_defihack,,,
0xad45812c62fcbc8d54d0cc82773e85a11f19a248,ETH,defi_hack_attacker,kismp_defihack,,,
0xadad973f8920bc511d94aade2762284f621f1467,ETH,defi_hack_attacker,kismp_defihack,,,
0xadc4eca2a3038b478b591bac1a87e428625d6e0a,ETH,defi_hack_attacker,kismp_defihack,,,
0xadefb902cab716b8043c5231ae9a50b8b4ee7c4e,ETH,defi_hack_attacker,kismp_defihack,,,
0xae191ca19f0f8e21d754c6cab99107ed62b6fe53,ETH,defi_hack_attacker,kismp_defihack,,,
0xae2c7af5fc2ddf45e6250a4c5495e61afc7acf50,ETH,defi_hack_attacker,kismp_defihack,,,
0xae2f168900d5bb38171b01c2323069e5fd6b57b9,ETH,defi_hack_attacker,kismp_defihack,,,
0xae39a6c2379bef53334ea968f4c711c8cf3898b6,ETH,defi_hack_attacker,kismp_defihack,,,
0xae3ada8787245977832c6dab2d4474d3943527ab,ETH,defi_hack_attacker,kismp_defihack,,,
0xae461ca67b15dc8dc81ce7615e0320da1a9ab8d5,ETH,defi_hack_attacker,kismp_defihack,,,
0xae4a7cde7c99fb98b0d5fa414aa40f0300531f43,ETH,defi_hack_attacker,kismp_defihack,,,
0xae5919160a646f5d80d89f7aae35a2ca74738440,ETH,defi_hack_attacker,kismp_defihack,,,
0xae60ac8e69414c2dc362d0e6a03af643d1d85b92,ETH,defi_hack_attacker,kismp_defihack,,,
0xae78736cd615f374d3085123a210448e74fc6393,ETH,defi_hack_attacker,kismp_defihack,,,
0xae7ab96520de3a18e5e111b5eaab095312d7fe84,ETH,defi_hack_attacker,kismp_defihack,,,
0xae7b6514af26bcb2332fea53b8dd57bc13a7838e,ETH,defi_hack_attacker,kismp_defihack,,,
0xae7d68b140ed075e382e0a01d6c67ac675afa223,ETH,defi_hack_attacker,kismp_defihack,,,
0xae975a25646e6eb859615d0a147b909c13d31fed,ETH,defi_hack_attacker,kismp_defihack,,,
0xaefef41f5a0bb29fe3d1330607b48fbba55904ce,ETH,defi_hack_attacker,kismp_defihack,,,
0xaf0ca21363219c8f3d8050e7b61bb5f04e02f8d4,ETH,defi_hack_attacker,kismp_defihack,,,
0xaf211df29f48ae4ebcf35760d5c3d7a5582b2c5e,ETH,defi_hack_attacker,kismp_defihack,,,
0xaf274e912243b19b882f02d731dacd7cd13072d0,ETH,defi_hack_attacker,kismp_defihack,,,
0xaf5191b0de278c7286d6c7cc6ab6bb8a73ba2cd6,ETH,defi_hack_attacker,kismp_defihack,,,
0xaf68efb3c1e81aad5cdb3d4962c8815fb754c688,ETH,defi_hack_attacker,kismp_defihack,,,
0xaf7f22831d1ec86d24be51a1760b04ad4b58e9eb,ETH,defi_hack_attacker,kismp_defihack,,,
0xaf88d065e77c8cc2239327c5edb3a432268e5831,ETH,defi_hack_attacker,kismp_defihack,,,
0xaf8fb60f310dcd8e488e4fa10c48907b7abf115e,ETH,defi_hack_attacker,kismp_defihack,,,
0xaf9e33aa03caaa613c3ba4221f7ea3ee2ac38649,ETH,defi_hack_attacker,kismp_defihack,,,
0xafebc0a9e26fea567cc9e6dd7504800c67f4e3fe,ETH,defi_hack_attacker,kismp_defihack,,,
0xaffd437801434643b734d0b2853654876f66f7d7,ETH,defi_hack_attacker,kismp_defihack,,,
0xb000f121a173d7dd638bb080fee669a2f3af9760,ETH,defi_hack_attacker,kismp_defihack,,,
0xb02f39e382c90160eb816de5e0e428ac771d77b5,ETH,defi_hack_attacker,kismp_defihack,,,
0xb040d88e61ea79a1289507d56938a6ad9955349c,ETH,defi_hack_attacker,kismp_defihack,,,
0xb042ea7b35826e6e537a63bb9fc9fb06b50ae10b,ETH,defi_hack_attacker,kismp_defihack,,,
0xb05cabcd99cf9a73b19805edefc5f67ca5d1895e,ETH,defi_hack_attacker,kismp_defihack,,,
0xb06d402705ad5156b42e4279903cbd7771cf59c9,ETH,defi_hack_attacker,kismp_defihack,,,
0xb0f34ba1617bb7c2528e570070b8770e544b003e,ETH,defi_hack_attacker,kismp_defihack,,,
0xb0f8fe96b4880adbdede0ddf446bd1e7ef122c4e,ETH,defi_hack_attacker,kismp_defihack,,,
0xb14b3b9682990ccc16f52eb04146c3ceab01169a,ETH,defi_hack_attacker,kismp_defihack,,,
0xb162f01c5bda7a68292410aaa059e7ce28d77c82,ETH,defi_hack_attacker,kismp_defihack,,,
0xb192d4a737430aa61cea4ce9bfb6432f7d42592f,ETH,defi_hack_attacker,kismp_defihack,,,
0xb19463ad610ea472a886d77a8ca4b983e4faf245,ETH,defi_hack_attacker,kismp_defihack,,,
0xb19b7f59c08ea447f82b587c058ecbf5fde9c299,ETH,defi_hack_attacker,kismp_defihack,,,
0xb19cd6ab3890f18b662904fd7a40c003703d2554,ETH,defi_hack_attacker,kismp_defihack,,,
0xb1bbeea2da2905e6b0a30203aef55c399c53d042,ETH,defi_hack_attacker,kismp_defihack,,,
0xb1cc59fc717b8d4783d41f952725177298b5619d,ETH,defi_hack_attacker,kismp_defihack,,,
0xb1da08c472567eb0ec19639b1822f578d39f3333,ETH,defi_hack_attacker,kismp_defihack,,,
0xb1de93dae1cddf429eec9db30b78759d17495758,ETH,defi_hack_attacker,kismp_defihack,,,
0xb1e2c543035dc0ca845f91aec68f8a891ea5d74f,ETH,defi_hack_attacker,kismp_defihack,,,
0xb1edf2a0ba8bc789cbc3dfbe519737cada034d2d,ETH,defi_hack_attacker,kismp_defihack,,,
0xb2185950f5a0a46687ac331916508aada202e063,ETH,defi_hack_attacker,kismp_defihack,,,
0xb22cf0e1672344f23f3126fbd35f856e961fd780,ETH,defi_hack_attacker,kismp_defihack,,,
0xb276647e70cb3b81a1ca302cf8de280ff0ce5799,ETH,defi_hack_attacker,kismp_defihack,,,
0xb29f18b89e56cc0151c7c17de0625a21018d8ae7,ETH,defi_hack_attacker,kismp_defihack,,,
0xb2b1dc3204ee8899d6575f419e72b53e370f6b20,ETH,defi_hack_attacker,kismp_defihack,,,
0xb2e855411f67378c08f47401eacff37461e16188,ETH,defi_hack_attacker,kismp_defihack,,,
0xb3094734fe249a7b0110dc12d66f6c404ada28cb,ETH,defi_hack_attacker,kismp_defihack,,,
0xb30da2376f63de30b42dc055c93fa474f31330a5,ETH,defi_hack_attacker,kismp_defihack,,,
0xb31c7b7bdf69554345e47a4393f53c332255c9fb,ETH,defi_hack_attacker,kismp_defihack,,,
0xb31f66aa3c1e785363f0875a1b74e27b85fd66c7,ETH,defi_hack_attacker,kismp_defihack,,,
0xb32979f3a5b426a4a6ae920f2b391d885abf4c18,ETH,defi_hack_attacker,kismp_defihack,,,
0xb32a53af96f7735d47f4b76c525bd5eb02b42600,ETH,defi_hack_attacker,kismp_defihack,,,
0xb32d389901f963e7c87168724fbdcc3a9db20dc9,ETH,defi_hack_attacker,kismp_defihack,,,
0xb38c2d2d6a168d41aa8eb4cead47e01badbdcf57,ETH,defi_hack_attacker,kismp_defihack,,,
0xb390b07fcf76678089cb12d8e615d5fe494b01fb,ETH,defi_hack_attacker,kismp_defihack,,,
0xb3912b20b3abc78c15e85e13ec0bf334fbb924f7,ETH,defi_hack_attacker,kismp_defihack,,,
0xb39392f4b6d92a6bd560ed260c2c488081aab8e9,ETH,defi_hack_attacker,kismp_defihack,,,
0xb3a636ac4c271e6cd962cad98eae9cf71f5a49c8,ETH,defi_hack_attacker,kismp_defihack,,,
0xb3e708a6d1221ed7c58b88622fdbee2c03e4db4d,ETH,defi_hack_attacker,kismp_defihack,,,
0xb3fb1d01b07a706736ca175f827e4f56021b85de,ETH,defi_hack_attacker,kismp_defihack,,,
0xb40b073d7e47986d3a45ca7fd30772c25a2ad57f,ETH,defi_hack_attacker,kismp_defihack,,,
0xb40b6608b2743e691c9b54ddbdee7bf03cd79f1c,ETH,defi_hack_attacker,kismp_defihack,,,
0xb4315e873dbcf96ffd0acd8ea43f689d8c20fb30,ETH,defi_hack_attacker,kismp_defihack,,,
0xb45ad160634c528cc3d2926d9807104fa3157305,ETH,defi_hack_attacker,kismp_defihack,,,
0xb47955b5b7eaf49c815ebc389850eb576c460092,ETH,defi_hack_attacker,kismp_defihack,,,
0xb4c79dab8f259c7aee6e5b2aa729821864227e84,ETH,defi_hack_attacker,kismp_defihack,,,
0xb4e16d0168e52d35cacd2c6185b44281ec28c9dc,ETH,defi_hack_attacker,kismp_defihack,,,
0xb4f4cd1cc2dff1a14c4aaa9e9434a92082855c64,ETH,defi_hack_attacker,kismp_defihack,,,
0xb5680a55d627c52de992e3ea52a86f19da475399,ETH,defi_hack_attacker,kismp_defihack,,,
0xb57e874082417b66877429481473cf9fcd8e0b8a,ETH,defi_hack_attacker,kismp_defihack,,,
0xb589d4a36ef8766d44c9785131413a049d51dbc0,ETH,defi_hack_attacker,kismp_defihack,,,
0xb5b27564d05db32cf4f25813d35b6e6de9210941,ETH,defi_hack_attacker,kismp_defihack,,,
0xb5cb0555a1d28c9dfdbc14017dae131d5c1cc19c,ETH,defi_hack_attacker,kismp_defihack,,,
0xb5cb0555c4a333543dbe0b219923c7b3e9d84a87,ETH,defi_hack_attacker,kismp_defihack,,,
0xb5eebf73448e22ce6a556f848360057f6aadd4e7,ETH,defi_hack_attacker,kismp_defihack,,,
0xb618d91fe014bfcb9c8d440468b6c78e9ada9da1,ETH,defi_hack_attacker,kismp_defihack,,,
0xb6333e994fd02a9255e794c177efbdeb1fe779c7,ETH,defi_hack_attacker,kismp_defihack,,,
0xb63f0d8b9aa0c4e68d5630f54bfefc6cf2c2ad19,ETH,defi_hack_attacker,kismp_defihack,,,
0xb64f5d49656fae38655ef2e3c2e3768ddb5f3d5c,ETH,defi_hack_attacker,kismp_defihack,,,
0xb66585c4e460d49154d50325ce60adc44bc900e9,ETH,defi_hack_attacker,kismp_defihack,,,
0xb66cd966670d962c227b3eaba30a872dbfb995db,ETH,defi_hack_attacker,kismp_defihack,,,
0xb68396dd4230253d27589e2004ac37389836ae17,ETH,defi_hack_attacker,kismp_defihack,,,
0xb687550842a24d7fbc6aad238fd7e0687ed59d55,ETH,defi_hack_attacker,kismp_defihack,,,
0xb6911dee6a5b1c65ad1ac11a99aec09c2cf83c0e,ETH,defi_hack_attacker,kismp_defihack,,,
0xb6a37b5d14d502c3ab0ae6f3a0e058bc9517786e,ETH,defi_hack_attacker,kismp_defihack,,,
0xb6cf5b77b92a722bf34f6f5d6b1fe4700908935e,ETH,defi_hack_attacker,kismp_defihack,,,
0xb715808a78f6041e46d61cb123c9b4a27056ae9c,ETH,defi_hack_attacker,kismp_defihack,,,
0xb7470fd67e997b73f55f85a6af0deb2c96194885,ETH,defi_hack_attacker,kismp_defihack,,,
0xb752def3a1fded45d6c4b9f4a8f18e645b41b324,ETH,defi_hack_attacker,kismp_defihack,,,
0xb754ebdba9b009113b4cf445a7cb0fc9227648ad,ETH,defi_hack_attacker,kismp_defihack,,,
0xb75ca3c3e99747d0e2f6e75a9fbd17f5ac03cebe,ETH,defi_hack_attacker,kismp_defihack,,,
0xb79714634895f52a4f6a75eceb58c96246370149,ETH,defi_hack_attacker,kismp_defihack,,,
0xb7a254237e05ccca0a756f75fb78ab2df222911b,ETH,defi_hack_attacker,kismp_defihack,,,
0xb7b0fe129fefa222efd4eb1f6bef9de339339bbb,ETH,defi_hack_attacker,kismp_defihack,,,
0xb7cbb4d43f1e08327a90b32a8417688c9d0b800a,ETH,defi_hack_attacker,kismp_defihack,,,
0xb7d0a1adafa3e9e8d8e244c20b6277bee17a09b6,ETH,defi_hack_attacker,kismp_defihack,,,
0xb7d7240c207e094a9be802c0f370528a9c39fed5,ETH,defi_hack_attacker,kismp_defihack,,,
0xb7e1d1372f2880373d7c5a931cdbaa73c38663c6,ETH,defi_hack_attacker,kismp_defihack,,,
0xb7e2713cf55cf4b469b5a8421ae6fc0ed18f1467,ETH,defi_hack_attacker,kismp_defihack,,,
0xb7f221e373e3f44409f91c233477ec2859261758,ETH,defi_hack_attacker,kismp_defihack,,,
0xb7f6354b2cfd3018b3261fbc63248a56a24ae91a,ETH,defi_hack_attacker,kismp_defihack,,,
0xb7fbf984a50cd7c66e6da3448d68d9f3b7f24f33,ETH,defi_hack_attacker,kismp_defihack,,,
0xb800aff8391abacdeb0199ab9cebf63771fcf491,ETH,defi_hack_attacker,kismp_defihack,,,
0xb84a1224a43121ea9ffbed8ce3baf0f4b280d819,ETH,defi_hack_attacker,kismp_defihack,,,
0xb84cbaf116eb90fd445dd5aeadfab3e807d2cbac,ETH,defi_hack_attacker,kismp_defihack,,,
0xb87881637b5c8e6885c51ab7d895e53fa7d7c567,ETH,defi_hack_attacker,kismp_defihack,,,
0xb8919522331c59f5c16bdfaa6a121a6e03a91f62,ETH,defi_hack_attacker,kismp_defihack,,,
0xb8a5890d53df78dee6182a6c0968696e827e3305,ETH,defi_hack_attacker,kismp_defihack,,,
0xb8b408a6bd3e43fcde7d7abc381ef10bcccd5349,ETH,defi_hack_attacker,kismp_defihack,,,
0xb8d700f30d93fab242429245e892600dcc03935d,ETH,defi_hack_attacker,kismp_defihack,,,
0xb8dc09eec82cab2e86c7edc8dd5882dd92d22411,ETH,defi_hack_attacker,kismp_defihack,,,
0xb8e0a4758df2954063ca4ba3d094f2d6eda9b993,ETH,defi_hack_attacker,kismp_defihack,,,
0xb8f83f38e262f28f4e7d80aa5a0216378e92baf2,ETH,defi_hack_attacker,kismp_defihack,,,
0xb90cf1d740b206b6d80854bc525e609dc42b45dc,ETH,defi_hack_attacker,kismp_defihack,,,
0xb91ae2c8365fd45030aba84a4666c4db074e53e7,ETH,defi_hack_attacker,kismp_defihack,,,
0xb920456aec6e88c68c16c8294688b2b63c81b2ce,ETH,defi_hack_attacker,kismp_defihack,,,
0xb92336759618f55bd0f8313bd843604592e27bd8,ETH,defi_hack_attacker,kismp_defihack,,,
0xb957ed2f9d104984fc547a26da744cef68a81238,ETH,defi_hack_attacker,kismp_defihack,,,
0xb9596d6e53d81981b9f06ca2ca6d3e422232d575,ETH,defi_hack_attacker,kismp_defihack,,,
0xb97ef9ef8734c71904d8002f8b6bc66dd9c48a6e,ETH,defi_hack_attacker,kismp_defihack,,,
0xb9b0090aaa81f374d66d94a8138d80caa2002950,ETH,defi_hack_attacker,kismp_defihack,,,
0xb9bdc2537c6f4b587a5c81a67e7e3a4e6ddda189,ETH,defi_hack_attacker,kismp_defihack,,,
0xb9c7c84a1aa0dd40b5b38aae815ad0cdd2e5f88a,ETH,defi_hack_attacker,kismp_defihack,,,
0xb9e1c2b011f252b9931bba7fcee418b95b6bdc31,ETH,defi_hack_attacker,kismp_defihack,,,
0xb9f78307ded12112c1f09c16009e03ef4ef16612,ETH,defi_hack_attacker,kismp_defihack,,,
0xba12222222228d8ba445958a75a0704d566bf2c8,ETH,defi_hack_attacker,kismp_defihack,,,
0xba35d089addac99a8e7bcd1a25712b1702623ae3,ETH,defi_hack_attacker,kismp_defihack,,,
0xba5b235cddaac2595bce6bab79274f57fb82bf27,ETH,defi_hack_attacker,kismp_defihack,,,
0xba5bde662c17e2adff1075610382b9b691296350,ETH,defi_hack_attacker,kismp_defihack,,,
0xba5ed1488be60ba2facc6b66c6d6f0befba22ebe,ETH,defi_hack_attacker,kismp_defihack,,,
0xba6fa6e8500cd8eeda8ebb9dfbcc554ff4a3eb77,ETH,defi_hack_attacker,kismp_defihack,,,
0xba8ce86147ded54c0879c9a954f9754a472704aa,ETH,defi_hack_attacker,kismp_defihack,,,
0xba91db0b31d60c45e0b03e6d515e45fcabc7b1cd,ETH,defi_hack_attacker,kismp_defihack,,,
0xbaa87546cf87b5de1b0b52353a86792d40b8ba70,ETH,defi_hack_attacker,kismp_defihack,,,
0xbad58ed9b5f26a002ea250d7a60dc6729a4a2403,ETH,defi_hack_attacker,kismp_defihack,,,
0xbadc0defafcf6d4239bdf0b66da4d7bd36fcf05a,ETH,defi_hack_attacker,kismp_defihack,,,
0xbb02a884621fb8f5bfd263a67f58b65df5b090f3,ETH,defi_hack_attacker,kismp_defihack,,,
0xbb344544ad328b5492397e967fe81737855e7e77,ETH,defi_hack_attacker,kismp_defihack,,,
0xbb3f01a1b1c68f3deb36c55342b5f5706c32fc20,ETH,defi_hack_attacker,kismp_defihack,,,
0xbb4cdb9cbd36b01bd1cbaebf2de08d9173bc095c,ETH,defi_hack_attacker,kismp_defihack,,,
0xbb64302c6f039d4aa800cac93e6e54856958675d,ETH,defi_hack_attacker,kismp_defihack,,,
0xbb652d0f1ebbc2c16632076b1592d45db61a7a68,ETH,defi_hack_attacker,kismp_defihack,,,
0xbb787d6243a8d450659e09ea6fd82f1c859691e9,ETH,defi_hack_attacker,kismp_defihack,,,
0xbb8891671e8fa53e616bb826c800d78c748fe963,ETH,defi_hack_attacker,kismp_defihack,,,
0xbb9bc244d798123fde783fcc1c72d3bb8c189413,ETH,defi_hack_attacker,kismp_defihack,,,
0xbbb587e59251d219a7a05ce989ec1969c01522c0,ETH,defi_hack_attacker,kismp_defihack,,,
0xbbbbbbbbbb9cc5e90e3b3af64bdaf62c37eeffcb,ETH,defi_hack_attacker,kismp_defihack,,,
0xbbcc139933d1580e7c40442e09263e90e6f1d66d,ETH,defi_hack_attacker,kismp_defihack,,,
0xbc0147742882abcd1aeaf9c0ee5f55333fc81f2b,ETH,defi_hack_attacker,kismp_defihack,,,
0xbc2c5392b0b841832bec8b9c30747badda7b70ca,ETH,defi_hack_attacker,kismp_defihack,,,
0xbc452fdc8f851d7c5b72e1fe74dfb63bb793d511,ETH,defi_hack_attacker,kismp_defihack,,,
0xbc4ca0eda7647a8ab7c2061c2e118a18a936f13d,ETH,defi_hack_attacker,kismp_defihack,,,
0xbc631daf86611f32faa63e7ec8c9c9571f2f5bb3,ETH,defi_hack_attacker,kismp_defihack,,,
0xbc70fa7aea50b5ad54df1edd7ed31601c350a91a,ETH,defi_hack_attacker,kismp_defihack,,,
0xbcab7d083cf6a01e0dda9ed7f8a02b47d125e682,ETH,defi_hack_attacker,kismp_defihack,,,
0xbcb8b7fc9197feda75c101fa69d3211b5a30dcd9,ETH,defi_hack_attacker,kismp_defihack,,,
0xbcbcb0e7e28414e084c4a40c1ccc30b75629a7de,ETH,defi_hack_attacker,kismp_defihack,,,
0xbccd57b49f4478ac26ec3ac642c6ed27d1fbc9a5,ETH,defi_hack_attacker,kismp_defihack,,,
0xbcef2955c8955342e9cc92a090bdaecff8c562f8,ETH,defi_hack_attacker,kismp_defihack,,,
0xbd0df7d2383b1ac64afeafdd298e640efd9864e0,ETH,defi_hack_attacker,kismp_defihack,,,
0xbd3531da5cf5857e7cfaa92426877b022e612cf8,ETH,defi_hack_attacker,kismp_defihack,,,
0xbd8a137e79c90063cd5c0db3dbabd5ca2ec7e83e,ETH,defi_hack_attacker,kismp_defihack,,,
0xbda2a27cdb2ffd4258f3b1ed664ed0f28f9e0fc3,ETH,defi_hack_attacker,kismp_defihack,,,
0xbdb0bc0941ba81672593cd8b3f9281789f2754d1,ETH,defi_hack_attacker,kismp_defihack,,,
0xbdb426a2fc2584c2d43dba5a7ab11763dfae0225,ETH,defi_hack_attacker,kismp_defihack,,,
0xbdb515028a6fa6cd1634b5a9651184494abfd336,ETH,defi_hack_attacker,kismp_defihack,,,
0xbdbb5945f252bc3466a319cdcc3ee8056bf2e569,ETH,defi_hack_attacker,kismp_defihack,,,
0xbddfa43dbbfb5120738c922fa0212ef1e4a0850b,ETH,defi_hack_attacker,kismp_defihack,,,
0xbdfbb387fbf20379c016998ac609871c3357d749,ETH,defi_hack_attacker,kismp_defihack,,,
0xbe2f4d0c39416c7c4157ebfdccb65cc2ff5fb2c4,ETH,defi_hack_attacker,kismp_defihack,,,
0xbe33f57f41a20b2f00dec91dcc1169597f36221f,ETH,defi_hack_attacker,kismp_defihack,,,
0xbe52548488992cc76ffa1b42f3a58f646864df45,ETH,defi_hack_attacker,kismp_defihack,,,
0xbe654fa75bad4fd82d3611391fda6628bb000cc7,ETH,defi_hack_attacker,kismp_defihack,,,
0xbe779d420b7d573c08eee226b9958737b6218888,ETH,defi_hack_attacker,kismp_defihack,,,
0xbe9895146f7af43049ca1c1ae358b0541ea49704,ETH,defi_hack_attacker,kismp_defihack,,,
0xbeb0b0623f66be8ce162ebdfa2ec543a522f4ea6,ETH,defi_hack_attacker,kismp_defihack,,,
0xbebc44782c7db0a1a60cb6fe97d0b483032ff1c7,ETH,defi_hack_attacker,kismp_defihack,,,
0xbed4fbf7c3e36727ccdab4c6706c3c0e17b10397,ETH,defi_hack_attacker,kismp_defihack,,,
0xbf6527834dbb89cdc97a79fcd62e6c08b19f8ec0,ETH,defi_hack_attacker,kismp_defihack,,,
0xbf675c80540111a310b06e1482f9127ef4e7469a,ETH,defi_hack_attacker,kismp_defihack,,,
0xbf6ec059f519b668a309e1b6ecb9a8ea62832d95,ETH,defi_hack_attacker,kismp_defihack,,,
0xbf9df575670c739d9bf1424d4913e7244ed3ff66,ETH,defi_hack_attacker,kismp_defihack,,,
0xbfae33128ecf041856378b57adf0449181fffde7,ETH,defi_hack_attacker,kismp_defihack,,,
0xc02aaa39b223fe8d0a0e5c4f27ead9083c756cc2,ETH,defi_hack_attacker,kismp_defihack,,,
0xc043865fb4d542e2bc5ed5ed9a2f0939965671a6,ETH,defi_hack_attacker,kismp_defihack,,,
0xc0a7a7f141b6a5bce3ec1b81823c8afa456b6930,ETH,defi_hack_attacker,kismp_defihack,,,
0xc0afd0e40bb3dcaebd9451aa5c319b745bf792b4,ETH,defi_hack_attacker,kismp_defihack,,,
0xc0ccff0b981b419e6e47560c3659c5f0b00e4985,ETH,defi_hack_attacker,kismp_defihack,,,
0xc0d8daa6516bab4efce440860987e735bab44160,ETH,defi_hack_attacker,kismp_defihack,,,
0xc0ddfd66420ccd3a337a17dd5d94eb54ab87523f,ETH,defi_hack_attacker,kismp_defihack,,,
0xc0f54b8755daf1fd78933335efcd761e3d5b4a6f,ETH,defi_hack_attacker,kismp_defihack,,,
0xc0ffeebabe5d496b2dde509f9fa189c25cf29671,ETH,defi_hack_attacker,kismp_defihack,,,
0xc10e0319337c7f83342424df72e73a70a29579b2,ETH,defi_hack_attacker,kismp_defihack,,,
0xc11b687cd6061a6516e23769e4657b6efa25d78e,ETH,defi_hack_attacker,kismp_defihack,,,
0xc13e21b648a5ee794902342038ff3adab66be987,ETH,defi_hack_attacker,kismp_defihack,,,
0xc18360217d8f7ab5e7c516566761ea12ce7f9d72,ETH,defi_hack_attacker,kismp_defihack,,,
0xc1b6f9898576d722dbf604aaa452cfea3a639c59,ETH,defi_hack_attacker,kismp_defihack,,,
0xc1bb12560468fb255a8e8431bdf883cc4cb3d278,ETH,defi_hack_attacker,kismp_defihack,,,
0xc1d49fa32d150b31c4a5bf1cbf23cf7ac99eaf7d,ETH,defi_hack_attacker,kismp_defihack,,,
0xc1e088fc1323b20bcbee9bd1b9fc9546db5624c5,ETH,defi_hack_attacker,kismp_defihack,,,
0xc1f2b71a502b551a65eee9c96318afdd5fd439fa,ETH,defi_hack_attacker,kismp_defihack,,,
0xc2132d05d31c914a87c6611c10748aeb04b58e8f,ETH,defi_hack_attacker,kismp_defihack,,,
0xc2319e87280c64e2557a51cb324713dd8d1410a3,ETH,defi_hack_attacker,kismp_defihack,,,
0xc254741776a13f0c3eff755a740a4b2aae14a136,ETH,defi_hack_attacker,kismp_defihack,,,
0xc2f394a45e994bc81eff678bde9172e10f7c8ddc,ETH,defi_hack_attacker,kismp_defihack,,,
0xc2f54422c995f6c2935bc52b0f55a03c2f3e429c,ETH,defi_hack_attacker,kismp_defihack,,,
0xc30808d9373093fbfcec9e026457c6a9dab706a7,ETH,defi_hack_attacker,kismp_defihack,,,
0xc310e760778ecbca4c65b6c559874757a4c4ece0,ETH,defi_hack_attacker,kismp_defihack,,,
0xc31a49d1c4c652af57cefdef248f3c55b801c649,ETH,defi_hack_attacker,kismp_defihack,,,
0xc31e54c7a869b9fcbecc14363cf510d1c41fa443,ETH,defi_hack_attacker,kismp_defihack,,,
0xc321ac21a07b3d593b269acdace69c3762ca2dd0,ETH,defi_hack_attacker,kismp_defihack,,,
0xc342774492b54ce5f8ac662113ed702fc1b34972,ETH,defi_hack_attacker,kismp_defihack,,,
0xc36442b4a4522e871399cd717abdd847ab11fe88,ETH,defi_hack_attacker,kismp_defihack,,,
0xc36a7887786389405ea8da0b87602ae3902b88a1,ETH,defi_hack_attacker,kismp_defihack,,,
0xc374f7ec85f8c7de3207a10bb1978ba104bda3b2,ETH,defi_hack_attacker,kismp_defihack,,,
0xc3813645ad2ea0ac9d4d72d77c3755ac3b819e38,ETH,defi_hack_attacker,kismp_defihack,,,
0xc3b1b45e5784a8efececfc0be2e28247d3f49963,ETH,defi_hack_attacker,kismp_defihack,,,
0xc3bc29941677db01b9645f7b8b72d27e3ba75372,ETH,defi_hack_attacker,kismp_defihack,,,
0xc3ebddea4f69df717a8f5c89e7cf20c1c0389100,ETH,defi_hack_attacker,kismp_defihack,,,
0xc40119c7269a5fa813d878bf83d14e3462fc8fde,ETH,defi_hack_attacker,kismp_defihack,,,
0xc4566ae957ad8dde4768bdd28cdc3695e4780b2c,ETH,defi_hack_attacker,kismp_defihack,,,
0xc4574ddef299e7e563971e200433e592eeaafa69,ETH,defi_hack_attacker,kismp_defihack,,,
0xc462ff1063172bac6f6823a17ed181a0586f0fc8,ETH,defi_hack_attacker,kismp_defihack,,,
0xc468d9a3a5557bff457586438c130e3afbec2ff9,ETH,defi_hack_attacker,kismp_defihack,,,
0xc47fcc9263b026033a94574ec432514c639a2d12,ETH,defi_hack_attacker,kismp_defihack,,,
0xc49f2938327aa2cdc3f2f89ed17b54b3671f05de,ETH,defi_hack_attacker,kismp_defihack,,,
0xc4bea60f5644b20ebb4576e34d84854f9588a7e2,ETH,defi_hack_attacker,kismp_defihack,,,
0xc4f82210c2952fcec77efe734ab2d9b14e858469,ETH,defi_hack_attacker,kismp_defihack,,,
0xc5001f60db92afcc23177a6c6b440a4226cb58bf,ETH,defi_hack_attacker,kismp_defihack,,,
0xc513e4f5d7a93a1dd5b7c4d9f6cc2f52d2f1f8e7,ETH,defi_hack_attacker,kismp_defihack,,,
0xc538d17a6aacc5271be5f51b891e2e92c8187edd,ETH,defi_hack_attacker,kismp_defihack,,,
0xc578d755cd56255d3ff6e92e1b6371ba945e3984,ETH,defi_hack_attacker,kismp_defihack,,,
0xc5c134a1f112efa96003f8559dba6fac0ba77692,ETH,defi_hack_attacker,kismp_defihack,,,
0xc5c9fb6223a989208df27dcee33fc59ff5c26fff,ETH,defi_hack_attacker,kismp_defihack,,,
0xc5fb36dd2fb59d3b98deff88425a3f425ee469ed,ETH,defi_hack_attacker,kismp_defihack,,,
0xc632f90affec7121120275610bf17df9963f181c,ETH,defi_hack_attacker,kismp_defihack,,,
0xc64afc460290ed3df848f378621b96cb7179521a,ETH,defi_hack_attacker,kismp_defihack,,,
0xc6548caf18e20f88cc437a52b6d388b0d54d830d,ETH,defi_hack_attacker,kismp_defihack,,,
0xc6585bc17b53792f281a9739579dd60535c1f9fb,ETH,defi_hack_attacker,kismp_defihack,,,
0xc6962004f452be9203591991d15f6b388e09e8d0,ETH,defi_hack_attacker,kismp_defihack,,,
0xc6a8c02dd5a3dd1616ec072bfc7c9d3df9682a63,ETH,defi_hack_attacker,kismp_defihack,,,
0xc6c2fcdf688baeb7b03d9d9c088c183dbb499ac0,ETH,defi_hack_attacker,kismp_defihack,,,
0xc6cb12df4520b7bf83f64c79c585b8462e18b6aa,ETH,defi_hack_attacker,kismp_defihack,,,
0xc6d3b82f9774db8f92095b5e4352a8bb8b0dc20d,ETH,defi_hack_attacker,kismp_defihack,,,
0xc6e8210e47602860c97edc0bd7556641f048868e,ETH,defi_hack_attacker,kismp_defihack,,,
0xc6f2bde06967e04caaf4bf4e43717c3342680d76,ETH,defi_hack_attacker,kismp_defihack,,,
0xc7198437980c041c805a1edcba50c1ce5db95118,ETH,defi_hack_attacker,kismp_defihack,,,
0xc71e2f581b77de945c8a7a191b0b238c81f11ed6,ETH,defi_hack_attacker,kismp_defihack,,,
0xc726bd0e973722e17eb088b8fcfedaa931fa0293,ETH,defi_hack_attacker,kismp_defihack,,,
0xc736ca3d9b1e90af4230bd8f9626528b3d4e0ee0,ETH,defi_hack_attacker,kismp_defihack,,,
0xc73781107d086754314f7720ca14ab8c5ad035e4,ETH,defi_hack_attacker,kismp_defihack,,,
0xc73eed4494382093c6a7c284426a9a00f6c79939,ETH,defi_hack_attacker,kismp_defihack,,,
0xc73fd562de86d7860ee636c20813bcb2cf4d550d,ETH,defi_hack_attacker,kismp_defihack,,,
0xc74147999890ae1be8f0b1d85d3c70d30b397082,ETH,defi_hack_attacker,kismp_defihack,,,
0xc748673057861a797275cd8a068abb95a902e8de,ETH,defi_hack_attacker,kismp_defihack,,,
0xc74b72bbf904bac9fac880303922fc76a69f0bb4,ETH,defi_hack_attacker,kismp_defihack,,,
0xc75aa1fa199eac5adabc832ea4522cff6dfd521a,ETH,defi_hack_attacker,kismp_defihack,,,
0xc7823188d459e1744c0e5fd58a0e074e92982ea3,ETH,defi_hack_attacker,kismp_defihack,,,
0xc793113f1548b97e37c409f39244ee44241bf2b3,ETH,defi_hack_attacker,kismp_defihack,,,
0xc7bbec68d12a0d1830360f8ec58fa599ba1b0e9b,ETH,defi_hack_attacker,kismp_defihack,,,
0xc7c2c8259e43593e2ae903287087bd9aa2c9aea0,ETH,defi_hack_attacker,kismp_defihack,,,
0xc8595392b8ca616a226dce8f69d9e0c7d4c81fe4,ETH,defi_hack_attacker,kismp_defihack,,,
0xc859ac8429fb4a5e24f24a7bed3fe3a8db4fb371,ETH,defi_hack_attacker,kismp_defihack,,,
0xc86d2555f8c360d3c5e8e4364f42c1f2d169330e,ETH,defi_hack_attacker,kismp_defihack,,,
0xc873fecbd354f5a56e00e710b90ef4201db2448d,ETH,defi_hack_attacker,kismp_defihack,,,
0xc892d5576c65e5b0db194c1a28aa758a43bb42a5,ETH,defi_hack_attacker,kismp_defihack,,,
0xc8a65fadf0e0ddaf421f28feab69bf6e2e589963,ETH,defi_hack_attacker,kismp_defihack,,,
0xc8ef4003d9db3863b9af26afcf2275378bfa83e4,ETH,defi_hack_attacker,kismp_defihack,,,
0xc9053b00720eb661bbddc7bd6aba1d222aad5a71,ETH,defi_hack_attacker,kismp_defihack,,,
0xc91cb089084f0126458a1938b794aa73b9f9189d,ETH,defi_hack_attacker,kismp_defihack,,,
0xc93a5ab3737081f00788b61da42281955d3df692,ETH,defi_hack_attacker,kismp_defihack,,,
0xc9716ec1b0503316233e3bcc50853f0df6befd43,ETH,defi_hack_attacker,kismp_defihack,,,
0xc976ed4b25e1e7019ff34fb54f4e63b1550b70c3,ETH,defi_hack_attacker,kismp_defihack,,,
0xc98e183d2e975f0567115cb13af893f0e3c0d0bd,ETH,defi_hack_attacker,kismp_defihack,,,
0xc9a5643ed8e4cd68d16fe779d378c0e8e7225a54,ETH,defi_hack_attacker,kismp_defihack,,,
0xc9f27a50f82571c1c8423a42970613b8dbda14ef,ETH,defi_hack_attacker,kismp_defihack,,,
0xc9fa8f4cfd11559b50c5c7f6672b9eea2757e1bd,ETH,defi_hack_attacker,kismp_defihack,,,
0xc9fbcf3eb24385491f73bbf691b13a6f8be7c339,ETH,defi_hack_attacker,kismp_defihack,,,
0xca143ce32fe78f1f7019d7d551a6402fc5350c73,ETH,defi_hack_attacker,kismp_defihack,,,
0xca2eb45533a6d5e2657382b0d6ec01e33a425bf4,ETH,defi_hack_attacker,kismp_defihack,,,
0xca797539f004c0f9c206678338f820ac38466d4b,ETH,defi_hack_attacker,kismp_defihack,,,
0xcacf2d28b2a5309e099f0c6e8c60ec3ddf656642,ETH,defi_hack_attacker,kismp_defihack,,,
0xcafcd85d8ca7ad1e1c6f82f651fa15e33aefd07d,ETH,defi_hack_attacker,kismp_defihack,,,
0xcb32033c498b54818e58270f341e5f6a3bce993b,ETH,defi_hack_attacker,kismp_defihack,,,
0xcb36b1ee0af68dce5578a487ff2da81282512233,ETH,defi_hack_attacker,kismp_defihack,,,
0xcb3b879ab11f825885d5add8bf3672596d35197c,ETH,defi_hack_attacker,kismp_defihack,,,
0xcb492c701f7fe71bc9c4b703b84b0da933ff26bb,ETH,defi_hack_attacker,kismp_defihack,,,
0xcb733f075ae67a83a9c5f38a0864596e338a0106,ETH,defi_hack_attacker,kismp_defihack,,,
0xcb96dde53f43035f7395d8dbdb652987f7630b3c,ETH,defi_hack_attacker,kismp_defihack,,,
0xcbaef06fa73955eedd3dc476b43058431fdd6c4e,ETH,defi_hack_attacker,kismp_defihack,,,
0xcbb7c0000ab88b473b1f5afd9ef808440eed33bf,ETH,defi_hack_attacker,kismp_defihack,,,
0xcbc0d0c1049eb011d7c7cfc4ff556d281f0afebb,ETH,defi_hack_attacker,kismp_defihack,,,
0xcbee4617abf667830fe3ee7dc8d6f46380829df9,ETH,defi_hack_attacker,kismp_defihack,,,
0xcbf184b8156e1271449cfb42a7d0556a8dcfef72,ETH,defi_hack_attacker,kismp_defihack,,,
0xcc0ecd808ce4fed81f0552b3889656b28aa2bae9,ETH,defi_hack_attacker,kismp_defihack,,,
0xcc0f0f41f4c4c17493517dd6c6d9dd1adb134fc9,ETH,defi_hack_attacker,kismp_defihack,,,
0xcc116696f9852c238a5c8d3d96418ddba02357fc,ETH,defi_hack_attacker,kismp_defihack,,,
0xcc1a341d0f2a06eaba436935399793f05c2bbe92,ETH,defi_hack_attacker,kismp_defihack,,,
0xcc25dac54a1a62061b596fd3baf7d454f34c56ff,ETH,defi_hack_attacker,kismp_defihack,,,
0xcc27779013a1cca68d3d93c640aac807891fd029,ETH,defi_hack_attacker,kismp_defihack,,,
0xcc5159b5538268f45afda7b5756fa8769ce3e21f,ETH,defi_hack_attacker,kismp_defihack,,,
0xcc5fda5e3ca925bd0bb428c8b2669496ee43067e,ETH,defi_hack_attacker,kismp_defihack,,,
0xcc61cc9f2632314c9d452aca79104ddf680952b5,ETH,defi_hack_attacker,kismp_defihack,,,
0xcc7218100da61441905e0c327749972e3cbee9ee,ETH,defi_hack_attacker,kismp_defihack,,,
0xcc8617331849962c27f91859578dc91922f6f050,ETH,defi_hack_attacker,kismp_defihack,,,
0xccc526e2433db1eebb9cbf6acd7f03a19408278c,ETH,defi_hack_attacker,kismp_defihack,,,
0xccd04073f4bdc4510927ea9ba350875c3c65bf81,ETH,defi_hack_attacker,kismp_defihack,,,
0xccd90f6435dd78c4ecced1fa4db0d7242548a2a9,ETH,defi_hack_attacker,kismp_defihack,,,
0xcce2e1a23194bd50d99eb830af580df0b7e3225b,ETH,defi_hack_attacker,kismp_defihack,,,
0xcd03ed98868a6cd78096f116a4b56a5f2c67757d,ETH,defi_hack_attacker,kismp_defihack,,,
0xcd31e27f0a811de7139938b1972b475697f8c50b,ETH,defi_hack_attacker,kismp_defihack,,,
0xcd337b920678cf35143322ab31ab8977c3463a45,ETH,defi_hack_attacker,kismp_defihack,,,
0xcd4cdaa8e96ad88d82eabddae6b9857c010f4ef2,ETH,defi_hack_attacker,kismp_defihack,,,
0xcd5e7b6967c0e832fb908543cbd2564cfc9364c8,ETH,defi_hack_attacker,kismp_defihack,,,
0xcd6ca2f0d0c182c5049d9a1f65cde51a706ae142,ETH,defi_hack_attacker,kismp_defihack,,,
0xcda5dea176f2df95082f4dadb96255bdb2bc7c7d,ETH,defi_hack_attacker,kismp_defihack,,,
0xcda714b58641a18ed69d5d1733670a5f998b2119,ETH,defi_hack_attacker,kismp_defihack,,,
0xcdb189d377ac1cf9d7b1d1a988f2025b99999999,ETH,defi_hack_attacker,kismp_defihack,,,
0xcdb3d057ca0cfdf630baf3f90e9045ddeb9ea4cc,ETH,defi_hack_attacker,kismp_defihack,,,
0xcdb9f8f9be143b7c72480185459ab9720462a786,ETH,defi_hack_attacker,kismp_defihack,,,
0xcdf0eb202cfd1f502f3fdca9006a4b5729aadebc,ETH,defi_hack_attacker,kismp_defihack,,,
0xce16f69375520ab01377ce7b88f5ba8c48f8d666,ETH,defi_hack_attacker,kismp_defihack,,,
0xce196f0a4f0c08e152ae66ecbc06675f44f68e66,ETH,defi_hack_attacker,kismp_defihack,,,
0xce1b3e5087e8215876af976032382dd338cf8401,ETH,defi_hack_attacker,kismp_defihack,,,
0xce21c6e4fa557a9041fa98dff59a4401ef0a18ac,ETH,defi_hack_attacker,kismp_defihack,,,
0xce27b195fa6de27081a86b98b64f77f5fb328dd5,ETH,defi_hack_attacker,kismp_defihack,,,
0xce3e12bd77dd54e20a18cb1b94667f3e697bea06,ETH,defi_hack_attacker,kismp_defihack,,,
0xce450a23378859fb5157f4c4cccaf48faa30865b,ETH,defi_hack_attacker,kismp_defihack,,,
0xce6397e53c13ff2903ffe8735e478d31e648a2c6,ETH,defi_hack_attacker,kismp_defihack,,,
0xce86f7fcd3b40791f63b86c3ea3b8b355ce2685b,ETH,defi_hack_attacker,kismp_defihack,,,
0xceed34f03a3e607cc04c2d0441c7386b190d7cf4,ETH,defi_hack_attacker,kismp_defihack,,,
0xcf2362b46669e04b16d0780cf9b6e61c82de36a7,ETH,defi_hack_attacker,kismp_defihack,,,
0xcf28e9b8aa557616bc24cc9557ffa7fa2c013d53,ETH,defi_hack_attacker,kismp_defihack,,,
0xcf2afe102057ba5c16f899271045a0a37fcb10f2,ETH,defi_hack_attacker,kismp_defihack,,,
0xcfe0de4a50c80b434092f87e106dfa40b71a5563,ETH,defi_hack_attacker,kismp_defihack,,,
0xcff07c4e6aa9e2fec04daaf5f41d1b10f3adadf4,ETH,defi_hack_attacker,kismp_defihack,,,
0xcff086ead392ccb39c49ecda8c974ad5238452ac,ETH,defi_hack_attacker,kismp_defihack,,,
0xcff307451e52b7385a7538f4cf4a861c7a60192b,ETH,defi_hack_attacker,kismp_defihack,,,
0xd01ae1a708614948b2b5e0b7ab5be6afa01325c7,ETH,defi_hack_attacker,kismp_defihack,,,
0xd036414fa2bcbb802691491e323bff1348c5f4ba,ETH,defi_hack_attacker,kismp_defihack,,,
0xd03d360dfc1dac7935e114d564a088077e6754a0,ETH,defi_hack_attacker,kismp_defihack,,,
0xd041ad9aae5cf96b21c3ffcb303a0cb80779e358,ETH,defi_hack_attacker,kismp_defihack,,,
0xd05909852ae07118857f9d071781671d12c0f36c,ETH,defi_hack_attacker,kismp_defihack,,,
0xd06fa1ba7c80f8e113c2dc669a23a9524775cf19,ETH,defi_hack_attacker,kismp_defihack,,,
0xd08e245fdb3f1504aea4056e2c71615da7001440,ETH,defi_hack_attacker,kismp_defihack,,,
0xd0b53d9277642d899df5c87a3966a349a798f224,ETH,defi_hack_attacker,kismp_defihack,,,
0xd0c8af170397c04525a02234b65e9a39969f4e93,ETH,defi_hack_attacker,kismp_defihack,,,
0xd0d56273290d339aaf1417d9bfa1bb8cfe8a0933,ETH,defi_hack_attacker,kismp_defihack,,,
0xd11a93a8db5f8d3fb03b88b4b24c3ed01b8a411c,ETH,defi_hack_attacker,kismp_defihack,,,
0xd11ee5a6a9ebd9327360d7a82e40d2f8c314e985,ETH,defi_hack_attacker,kismp_defihack,,,
0xd129d8c12f0e7aa51157d9e6cc3f7ece2dc84ecd,ETH,defi_hack_attacker,kismp_defihack,,,
0xd138b9a58d3e5f4be1cd5ec90b66310e241c13cd,ETH,defi_hack_attacker,kismp_defihack,,,
0xd1456d1b9ceb59abd4423a49d40942a9485ceef6,ETH,defi_hack_attacker,kismp_defihack,,,
0xd1538a9d69801e57c937f3c64d8c4f57d2967257,ETH,defi_hack_attacker,kismp_defihack,,,
0xd188492217f09d18f2b0ece3f8948015981e961a,ETH,defi_hack_attacker,kismp_defihack,,,
0xd1b3c23955c41a4e6dd9ca3ccb46f132de1bb07e,ETH,defi_hack_attacker,kismp_defihack,,,
0xd20c245e1224fc2e8652a283a8f5cae1d83b353a,ETH,defi_hack_attacker,kismp_defihack,,,
0xd215ffaf0f85fb6f93f11e49bd6175ad58af0dfd,ETH,defi_hack_attacker,kismp_defihack,,,
0xd227dc77561b58c5a2d2644ac0173152a1a5dc3d,ETH,defi_hack_attacker,kismp_defihack,,,
0xd248b30a3207a766d318c7a87f5cf334a439446d,ETH,defi_hack_attacker,kismp_defihack,,,
0xd252953818bdf8507643c237877020398fa4b2e8,ETH,defi_hack_attacker,kismp_defihack,,,
0xd25f43449231218c8be3871073938fcc2202ab56,ETH,defi_hack_attacker,kismp_defihack,,,
0xd2869042e12a3506100af1d192b5b04d65137941,ETH,defi_hack_attacker,kismp_defihack,,,
0xd2933c86216dc0c938ffafeca3c8a2d6e633e2ca,ETH,defi_hack_attacker,kismp_defihack,,,
0xd2f26200cd524db097cf4ab7cc2e5c38ab6ae5c9,ETH,defi_hack_attacker,kismp_defihack,,,
0xd309f0fd5c3b90ecfb7024ede7d329d9582492c5,ETH,defi_hack_attacker,kismp_defihack,,,
0xd310431e98412eb9a7c66808478bf08fdea81e2a,ETH,defi_hack_attacker,kismp_defihack,,,
0xd356c82e0c85e1568641d084dbdaf76b8df96c08,ETH,defi_hack_attacker,kismp_defihack,,,
0xd3641c912a6a4c30338787e3c464420b561a9467,ETH,defi_hack_attacker,kismp_defihack,,,
0xd3c41c85be295607e8ea5c58487ec5894300ee67,ETH,defi_hack_attacker,kismp_defihack,,,
0xd3c8d0cd07ade92df2d88752d36b80498ca12788,ETH,defi_hack_attacker,kismp_defihack,,,
0xd3e323a672f6568390f29f083259debb44c41f41,ETH,defi_hack_attacker,kismp_defihack,,,
0xd3f64baa732061f8b3626ee44bab354f854877ac,ETH,defi_hack_attacker,kismp_defihack,,,
0xd3f827c0b1d224aebcd69c449602bbcb427cb708,ETH,defi_hack_attacker,kismp_defihack,,,
0xd417c28af20884088f600e724441a3bab38b22cc,ETH,defi_hack_attacker,kismp_defihack,,,
0xd45740ab9ec920bedbd9bab2e863519e59731941,ETH,defi_hack_attacker,kismp_defihack,,,
0xd4677b5a8b1b97ea213fdb876b0fcbab3f9f6cd1,ETH,defi_hack_attacker,kismp_defihack,,,
0xd4b6543504df90faba649b80f8f669caffe0ad40,ETH,defi_hack_attacker,kismp_defihack,,,
0xd4bbf439d3eab5155ca7c0537e583088fb4cfce8,ETH,defi_hack_attacker,kismp_defihack,,,
0xd4d5db5ec65272b26f756712247281515f211e95,ETH,defi_hack_attacker,kismp_defihack,,,
0xd4f04374385341da7333b82b230cd223143c4d62,ETH,defi_hack_attacker,kismp_defihack,,,
0xd4f1afd0331255e848c119ca39143d41144f7cb3,ETH,defi_hack_attacker,kismp_defihack,,,
0xd50b9bcd8b7d4b791ea301dbcc8318ee854d8b67,ETH,defi_hack_attacker,kismp_defihack,,,
0xd50cf00b6e600dd036ba8ef475677d816d6c4281,ETH,defi_hack_attacker,kismp_defihack,,,
0xd511096a73292a7419a94354d4c1c73e8a3cd851,ETH,defi_hack_attacker,kismp_defihack,,,
0xd51a44d3fae010294c616388b506acda1bfaae46,ETH,defi_hack_attacker,kismp_defihack,,,
0xd520a3b47e42a1063617a9b6273b206a07bdf834,ETH,defi_hack_attacker,kismp_defihack,,,
0xd534fae679f7f02364d177e9d44f1d15963c0dd7,ETH,defi_hack_attacker,kismp_defihack,,,
0xd5476194bdc298b6981f5414b693363f94d69228,ETH,defi_hack_attacker,kismp_defihack,,,
0xd55f01b4b51b7f48912cd8ca3cdd8070a1a9dba5,ETH,defi_hack_attacker,kismp_defihack,,,
0xd5c6f3b71bcceb2ef8332bd8225f5f39e56a122c,ETH,defi_hack_attacker,kismp_defihack,,,
0xd5ca448b06f8eb5acc6921502e33912fa3d63b12,ETH,defi_hack_attacker,kismp_defihack,,,
0xd60eea80c83779a8a5bfcdac1f3323548e6bb62d,ETH,defi_hack_attacker,kismp_defihack,,,
0xd614927acfb9744441180c2525faf4cedb70207f,ETH,defi_hack_attacker,kismp_defihack,,,
0xd672b766d66662f5c6fd798a999e1193a7945451,ETH,defi_hack_attacker,kismp_defihack,,,
0xd695c08a4c3b9fc646457ad6b0dc0a3b8f1219fe,ETH,defi_hack_attacker,kismp_defihack,,,
0xd6a7cfa86a41b8f40b8dfeb987582a479eb10693,ETH,defi_hack_attacker,kismp_defihack,,,
0xd6be07499d408454d090c96bd74a193f61f706f4,ETH,defi_hack_attacker,kismp_defihack,,,
0xd6c8dd834abeeefa7a663c1265ce840ca457b1ec,ETH,defi_hack_attacker,kismp_defihack,,,
0xd6d66e1993140966e6029815edbb246800928969,ETH,defi_hack_attacker,kismp_defihack,,,
0xd7235d08a48cbd3f63b9faa16130f2fdb50b2341,ETH,defi_hack_attacker,kismp_defihack,,,
0xd74f28c6e0e2c09881ef2d9445f158833c174775,ETH,defi_hack_attacker,kismp_defihack,,,
0xd7659d913430945600dfe875434b6d80646d552a,ETH,defi_hack_attacker,kismp_defihack,,,
0xd771dfa8fa59bd2d1251a0481fca0cf216276dd7,ETH,defi_hack_attacker,kismp_defihack,,,
0xd775fd7b76424a553e4adce6c2f99be419ce8d41,ETH,defi_hack_attacker,kismp_defihack,,,
0xd7a2fc756e1053b152f90990129f94c573e006fd,ETH,defi_hack_attacker,kismp_defihack,,,
0xd7b7218d778338ea05f5ecce82f86d365e25dbce,ETH,defi_hack_attacker,kismp_defihack,,,
0xd7ba198ce82f4c46ad8f6148ccfdb41866750231,ETH,defi_hack_attacker,kismp_defihack,,,
0xd7c9f0e536dc865ae858b0c0453fe76d13c3beac,ETH,defi_hack_attacker,kismp_defihack,,,
0xd83d960debec397fb149b51f8f37dd3b5cfa8913,ETH,defi_hack_attacker,kismp_defihack,,,
0xd861e6f1760d014d6ee6428cf7f7d732563c74c0,ETH,defi_hack_attacker,kismp_defihack,,,
0xd8791f0c10b831b605c5d48959eb763b266940b9,ETH,defi_hack_attacker,kismp_defihack,,,
0xd8e8544e0c808641b9b89dfb285b5655bd5b6982,ETH,defi_hack_attacker,kismp_defihack,,,
0xd9578d4009d9cc284b32d19fe58ffe5113c04a5e,ETH,defi_hack_attacker,kismp_defihack,,,
0xd96f48665a1410c0cd669a88898eca36b9fc2cce,ETH,defi_hack_attacker,kismp_defihack,,,
0xd990094a611c3de34664dd3664ebf979a1230fc1,ETH,defi_hack_attacker,kismp_defihack,,,
0xd9936ea91a461aa4b727a7e3661bcd6cd257481c,ETH,defi_hack_attacker,kismp_defihack,,,
0xd996073019c74b2fb94ead236e32032405bc027c,ETH,defi_hack_attacker,kismp_defihack,,,
0xd9b45e2c389b6ad55dd3631abc1de6f2d2229847,ETH,defi_hack_attacker,kismp_defihack,,,
0xd9bf4716922e7189ebc96eb444bf00cdee1bbbc7,ETH,defi_hack_attacker,kismp_defihack,,,
0xd9ff21caeeea4329133c98a892db16b42f9baa25,ETH,defi_hack_attacker,kismp_defihack,,,
0xda10009cbd5d07dd0cecc66161fc93d7c9000da1,ETH,defi_hack_attacker,kismp_defihack,,,
0xda148143379ae54e06d2429a5c80b19d4a9d6734,ETH,defi_hack_attacker,kismp_defihack,,,
0xda26dd3c1b917fbf733226e9e71189abb4919e3f,ETH,defi_hack_attacker,kismp_defihack,,,
0xda937ddd1f2bd57f507f5764a4f9550c750f7b31,ETH,defi_hack_attacker,kismp_defihack,,,
0xda97a086fc74b20c88bd71e12e365027e9ec2d24,ETH,defi_hack_attacker,kismp_defihack,,,
0xdaaa6294c47b5743bdafe0613d1926ee27ae8cf5,ETH,defi_hack_attacker,kismp_defihack,,,
0xdac17f958d2ee523a2206206994597c13d831ec7,ETH,defi_hack_attacker,kismp_defihack,,,
0xdac30a5e2612206e2756836ed6764ec5817e6fff,ETH,defi_hack_attacker,kismp_defihack,,,
0xdaef6079cb84405dac688a9f6956c6830b7ddbc6,ETH,defi_hack_attacker,kismp_defihack,,,
0xdb051a2a2a936b83c942aa40e74ff273b0f8c2e2,ETH,defi_hack_attacker,kismp_defihack,,,
0xdb0901a3254f47c0ce57fffce2c730bc33a1c0e1,ETH,defi_hack_attacker,kismp_defihack,,,
0xdb103fd28ca4b18115f5ce908baaeed7e0f1f101,ETH,defi_hack_attacker,kismp_defihack,,,
0xdb1d10011ad0ff90774d0c6bb92e5c5c8b4461f7,ETH,defi_hack_attacker,kismp_defihack,,,
0xdb203504ba1fea79164af3ceffba88c59ee8aafd,ETH,defi_hack_attacker,kismp_defihack,,,
0xdb27d4ff4be1cd04c34a7cb6f47402c37cb73459,ETH,defi_hack_attacker,kismp_defihack,,,
0xdb4b73df2f6de4afcd3a883efe8b7a4b0763822b,ETH,defi_hack_attacker,kismp_defihack,,,
0xdb4b84f0e601e40a02b54497f26e03ef33f3a5b7,ETH,defi_hack_attacker,kismp_defihack,,,
0xdb73eb484e7dea3785520d750eabef50a9b9ab33,ETH,defi_hack_attacker,kismp_defihack,,,
0xdb95fbc5532eeb43deed56c8dc050c930e31017e,ETH,defi_hack_attacker,kismp_defihack,,,
0xdbb20a979a92cccce15229e41c9b082d5b5d7e31,ETH,defi_hack_attacker,kismp_defihack,,,
0xdbe783014cb0662c629439fbbba47e84f1b6f2ed,ETH,defi_hack_attacker,kismp_defihack,,,
0xdbead75d3610209a093af1d46d5296bbeffd53f5,ETH,defi_hack_attacker,kismp_defihack,,,
0xdbf1c56b2ad121fe705f9b68225378aa6784f3e5,ETH,defi_hack_attacker,kismp_defihack,,,
0xdbf225e3d626ec31f502d435b0f72d82b08e1bdd,ETH,defi_hack_attacker,kismp_defihack,,,
0xdc459596aed13b9a52fb31e20176a7d430be8b94,ETH,defi_hack_attacker,kismp_defihack,,,
0xdc59ac4fefa32293a95889dc396682858d52e5db,ETH,defi_hack_attacker,kismp_defihack,,,
0xdc630fb4f95faaee087e0ce45d5b9c4fc9888888,ETH,defi_hack_attacker,kismp_defihack,,,
0xdc8cb92aa6fc7277e3ec32e3f00ad7b8437ae883,ETH,defi_hack_attacker,kismp_defihack,,,
0xdca503449899d5649d32175a255a8835a03e4006,ETH,defi_hack_attacker,kismp_defihack,,,
0xdca79f1f78b866988081de8a06f92b5e5d316857,ETH,defi_hack_attacker,kismp_defihack,,,
0xdd0cdb4c3b887bc533957bc32463977e432e49c3,ETH,defi_hack_attacker,kismp_defihack,,,
0xdd309ea4e99b772c1e6a798a6b159211bb95b22c,ETH,defi_hack_attacker,kismp_defihack,,,
0xdd325c38b12903b727d16961e61333f4871a70e0,ETH,defi_hack_attacker,kismp_defihack,,,
0xdd571023d95ff6ce5716bf112ccb752e86212167,ETH,defi_hack_attacker,kismp_defihack,,,
0xdd6d648c991f7d47454354f4ef326b04025a48a8,ETH,defi_hack_attacker,kismp_defihack,,,
0xdd7c2987686b21f656f036458c874d154a923685,ETH,defi_hack_attacker,kismp_defihack,,,
0xdd9b223aec6ea56567a62f21ff89585ff125632c,ETH,defi_hack_attacker,kismp_defihack,,,
0xddaaedcf226729def824cc5c14382c5980844d1f,ETH,defi_hack_attacker,kismp_defihack,,,
0xddadf1bf44363d07e750c20219c2347ed7d826b9,ETH,defi_hack_attacker,kismp_defihack,,,
0xddafbb505ad214d7b80b1f830fccc89b60fb7a83,ETH,defi_hack_attacker,kismp_defihack,,,
0xddc0cff76bcc0ee14c3e73af630c029fe020f907,ETH,defi_hack_attacker,kismp_defihack,,,
0xdddfb3d6fa42e66cf78efa21166b8ef2d26c1ba5,ETH,defi_hack_attacker,kismp_defihack,,,
0xddf309b8161aca09ea6bbf30dd7cbd6c474ff700,ETH,defi_hack_attacker,kismp_defihack,,,
0xde01f6ce91e4f4bdb94bb934d30647d72182320f,ETH,defi_hack_attacker,kismp_defihack,,,
0xde0a99fb39e78efd3529e31d78434f7645601163,ETH,defi_hack_attacker,kismp_defihack,,,
0xde12c7959e1a72bbe8a5f7a1dc8f8eef9ab011b3,ETH,defi_hack_attacker,kismp_defihack,,,
0xde1e704dae0b4051e80dabb26ab6ad6c12262da0,ETH,defi_hack_attacker,kismp_defihack,,,
0xde46fcf6ab7559e4355b8ee3d7fba0f2730cddd8,ETH,defi_hack_attacker,kismp_defihack,,,
0xde521fbbbb0dbcfa57325a9896c34941f23e96a0,ETH,defi_hack_attacker,kismp_defihack,,,
0xde59b88abefa5e6c8aa6d742eee0f887dab136ac,ETH,defi_hack_attacker,kismp_defihack,,,
0xde5d2530a877871f6f0fc240b9fce117246dadae,ETH,defi_hack_attacker,kismp_defihack,,,
0xde62e1b0edaa55aac5ffbe21984d321706418024,ETH,defi_hack_attacker,kismp_defihack,,,
0xde698b5bbb4a12ddf2261bbdf8e034af34399999,ETH,defi_hack_attacker,kismp_defihack,,,
0xde78112ff006f166e4ccfe1dfe4181c9619d3b5d,ETH,defi_hack_attacker,kismp_defihack,,,
0xde7e741bd9dc7209b56f1ef3b663efb288c928d4,ETH,defi_hack_attacker,kismp_defihack,,,
0xdeaddeaddeaddeaddeaddeaddeaddeaddead1111,ETH,defi_hack_attacker,kismp_defihack,,,
0xdec12a1dcbc1f741ccd02dfd862ab226f6383003,ETH,defi_hack_attacker,kismp_defihack,,,
0xded2b1a426e1b7d415a40bcad44e98f47181dda2,ETH,defi_hack_attacker,kismp_defihack,,,
0xded85d83bf06069c0bd5aa792234b5015d5410a9,ETH,defi_hack_attacker,kismp_defihack,,,
0xdeeb242e045e5827edf526399bd13e7ffeba4281,ETH,defi_hack_attacker,kismp_defihack,,,
0xdef1c0ded9bec7f1a1670819833240f027b25eff,ETH,defi_hack_attacker,kismp_defihack,,,
0xdef57a7722d4411726ff40700eb7b6876bee7ecb,ETH,defi_hack_attacker,kismp_defihack,,,
0xdefc385d7038f391eb0063c2f7c238cfb55b206c,ETH,defi_hack_attacker,kismp_defihack,,,
0xdf261f967e87b2aa44e18a22f4ace5d7f74f03cc,ETH,defi_hack_attacker,kismp_defihack,,,
0xdf31a70a21a1931e02033dbba7deace6c45cfd0f,ETH,defi_hack_attacker,kismp_defihack,,,
0xdf31f4c8dc9548eb4c416af26dc396a25fde4d5f,ETH,defi_hack_attacker,kismp_defihack,,,
0xdf3340a436c27655ba62f8281565c9925c3a5221,ETH,defi_hack_attacker,kismp_defihack,,,
0xdf4895cd8247284ae3a7b3e28cf6c03113fada5f,ETH,defi_hack_attacker,kismp_defihack,,,
0xdf5acc616cd3ea9556ec340a11b54859a393ebbb,ETH,defi_hack_attacker,kismp_defihack,,,
0xdf6b0200b4e1bc4a310f33df95a9087cc2c79038,ETH,defi_hack_attacker,kismp_defihack,,,
0xdf7ed22d1fa65eac11a0806b7bb5f35d4a1e957d,ETH,defi_hack_attacker,kismp_defihack,,,
0xdfab184bc668f16c1cb949228068588106924569,ETH,defi_hack_attacker,kismp_defihack,,,
0xdfcdb5a86b167b3a418f3909d6f7a2f2873f2969,ETH,defi_hack_attacker,kismp_defihack,,,
0xdfdcdbc789b56f99b0d0692d14dbc61906d9deed,ETH,defi_hack_attacker,kismp_defihack,,,
0xdfdea277f6b44270bcb804997d1e6cc4ad8407db,ETH,defi_hack_attacker,kismp_defihack,,,
0xe000008459b74a91e306a47c808061dfa372000e,ETH,defi_hack_attacker,kismp_defihack,,,
0xe021baa5b70c62a9ab2468490d3f8ce0afdd88df,ETH,defi_hack_attacker,kismp_defihack,,,
0xe025e3ca2be02316033184551d4d3aa22024d9dc,ETH,defi_hack_attacker,kismp_defihack,,,
0xe053a4014b50666ed388ab8cbb18d5834de0ab12,ETH,defi_hack_attacker,kismp_defihack,,,
0xe0554a476a092703abdb3ef35c80e0d76d32939f,ETH,defi_hack_attacker,kismp_defihack,,,
0xe0570ddfca69e5e90d83ea04bb33824d3bbe6a85,ETH,defi_hack_attacker,kismp_defihack,,,
0xe08d97e151473a848c3d9ca3f323cb720472d015,ETH,defi_hack_attacker,kismp_defihack,,,
0xe0b94a7bb45dd905c79bb1992c9879f40f1caed5,ETH,defi_hack_attacker,kismp_defihack,,,
0xe0c218e1633a5c76d57ff4f11149f07bfff16aea,ETH,defi_hack_attacker,kismp_defihack,,,
0xe0e0e08a6a4b9dc7bd67bcb7aade5cf48157d444,ETH,defi_hack_attacker,kismp_defihack,,,
0xe1091d17473b049cccd65c54f71677da85b77a45,ETH,defi_hack_attacker,kismp_defihack,,,
0xe1272a840f574b68de861ec5009784e3411cb96c,ETH,defi_hack_attacker,kismp_defihack,,,
0xe167cdaac8718b90c03cf2cb75dc976e24ee86d3,ETH,defi_hack_attacker,kismp_defihack,,,
0xe1747a23c44f445062078e3c528c9f4c28c50a51,ETH,defi_hack_attacker,kismp_defihack,,,
0xe1997bc971d5986aa57ee8ffb57eb1deba4fdaaa,ETH,defi_hack_attacker,kismp_defihack,,,
0xe1d5fcfbba4d46f4937de369de415dd7e2d3265a,ETH,defi_hack_attacker,kismp_defihack,,,
0xe1e1aa58983f6b8ee8e4ecd206cea6578f036c21,ETH,defi_hack_attacker,kismp_defihack,,,
0xe2307837524db8961c4541f943598654240bd62f,ETH,defi_hack_attacker,kismp_defihack,,,
0xe2336b08a43f87a4ac8de7707ab7333ba4dbaf7c,ETH,defi_hack_attacker,kismp_defihack,,,
0xe257495224eb1bd710ff18c3758c8a87cde46137,ETH,defi_hack_attacker,kismp_defihack,,,
0xe283d0e3b8c102badf5e8166b73e02d96d92f688,ETH,defi_hack_attacker,kismp_defihack,,,
0xe2910b29252f97bb6f3cc5e66bfa0551821c7461,ETH,defi_hack_attacker,kismp_defihack,,,
0xe2bb1b04c978a8c8cc1e0bcca5ad30e274b69bfa,ETH,defi_hack_attacker,kismp_defihack,,,
0xe2c67a9b15e9e7ff8a9cb0dfb8fee5609923e5db,ETH,defi_hack_attacker,kismp_defihack,,,
0xe2e73a1c69ecf83f464efce6a5be353a37ca09b2,ETH,defi_hack_attacker,kismp_defihack,,,
0xe2ee6252509382a2b6504d5a5f7a1c5018a38168,ETH,defi_hack_attacker,kismp_defihack,,,
0xe2f0a9b60858f436e1f74d8cdbe03625b9bcc532,ETH,defi_hack_attacker,kismp_defihack,,,
0xe2f95ee8b72ffed59bc4d2f35b1d19b909a6e6b3,ETH,defi_hack_attacker,kismp_defihack,,,
0xe3223f7e3343c2c8079f261d59ee1e513086c7c3,ETH,defi_hack_attacker,kismp_defihack,,,
0xe3334e66634acf17b2b97ab560ec92d6861b25fa,ETH,defi_hack_attacker,kismp_defihack,,,
0xe35fc6305984a6811bd832b0d7a2e6694e37dfaf,ETH,defi_hack_attacker,kismp_defihack,,,
0xe38593e7f4f2411e0c0ab74589a7209681ab4b1d,ETH,defi_hack_attacker,kismp_defihack,,,
0xe38b72d6595fd3885d1d2f770aa23e94757f91a1,ETH,defi_hack_attacker,kismp_defihack,,,
0xe38e3a804ef845e36f277d86fb2b24b8c32b3340,ETH,defi_hack_attacker,kismp_defihack,,,
0xe39fd820b58f83205db1d9225f28105971c3d309,ETH,defi_hack_attacker,kismp_defihack,,,
0xe3a0bc3483ae5a04db7ef2954315133a6f7d228e,ETH,defi_hack_attacker,kismp_defihack,,,
0xe3b81318b1b6776f0877c3770afddff97b9f5fe5,ETH,defi_hack_attacker,kismp_defihack,,,
0xe3e73f1e6ace2b27891d41369919e8f57129e8ea,ETH,defi_hack_attacker,kismp_defihack,,,
0xe4062fcade7ac0ed47ad794028967a2314ee02b3,ETH,defi_hack_attacker,kismp_defihack,,,
0xe408b52aefb27a2fb4f1cd760a76daa4bf23794b,ETH,defi_hack_attacker,kismp_defihack,,,
0xe41d2489571d322189246dafa5ebde1f4699f498,ETH,defi_hack_attacker,kismp_defihack,,,
0xe445654f3797c5ee36406dbe88fbaa0dfbddb2bb,ETH,defi_hack_attacker,kismp_defihack,,,
0xe468b43b4ae4d750cd6a5d7edacc1a751302c99c,ETH,defi_hack_attacker,kismp_defihack,,,
0xe4764f9cd8ecc9659d3abf35259638b20ac536e4,ETH,defi_hack_attacker,kismp_defihack,,,
0xe48b75dc1b131fd3a8364b0580f76efd04cf6e9c,ETH,defi_hack_attacker,kismp_defihack,,,
0xe4ca1f75eca6214393fce1c1b316c237664eaa8e,ETH,defi_hack_attacker,kismp_defihack,,,
0xe4d41bdd6459198b33cc795ff280cee02d91087b,ETH,defi_hack_attacker,kismp_defihack,,,
0xe4fb2bc421897006b4ec351e35e80f0b6702f6c7,ETH,defi_hack_attacker,kismp_defihack,,,
0xe51d3de9b81916d383ef97855c271250852ec7b7,ETH,defi_hack_attacker,kismp_defihack,,,
0xe537b5cc158eb71037d4125bdd7538421981e6aa,ETH,defi_hack_attacker,kismp_defihack,,,
0xe5442ae87e0fef3f7cc43e507adf786c311a0529,ETH,defi_hack_attacker,kismp_defihack,,,
0xe546480138d50bb841b204691c39cc514858d101,ETH,defi_hack_attacker,kismp_defihack,,,
0xe55607b2967ddbe5fa9a6a921991545b8277ef8f,ETH,defi_hack_attacker,kismp_defihack,,,
0xe56842ed550ff2794f010738554db45e60730371,ETH,defi_hack_attacker,kismp_defihack,,,
0xe592427a0aece92de3edee1f18e0157c05861564,ETH,defi_hack_attacker,kismp_defihack,,,
0xe5c6f5fef89b64f36bfccb063962820136bac42f,ETH,defi_hack_attacker,kismp_defihack,,,
0xe5c84c7630a505b6adf69b5594d0ff7fedd5f447,ETH,defi_hack_attacker,kismp_defihack,,,
0xe5cbd18db5c1930c0a07696ec908f20626a55e3c,ETH,defi_hack_attacker,kismp_defihack,,,
0xe5f24791e273cb96a1f8e5b67bc2397f0ad9b8b4,ETH,defi_hack_attacker,kismp_defihack,,,
0xe60329a82c5add1898ba273fc53835ac7e6fd5ca,ETH,defi_hack_attacker,kismp_defihack,,,
0xe613c058701c768e0d04d1bf8e6a6dc1a0c6d48a,ETH,defi_hack_attacker,kismp_defihack,,,
0xe61ad5b0e40c856e6c193120bd3fa28a432911b6,ETH,defi_hack_attacker,kismp_defihack,,,
0xe65e970f065643ba80e5822edff483a1d75263e3,ETH,defi_hack_attacker,kismp_defihack,,,
0xe68c1d72340aeefe5be76eda63ae2f4bc7514110,ETH,defi_hack_attacker,kismp_defihack,,,
0xe6c6e86e04de96c4e3a29ad480c94e7a471969ab,ETH,defi_hack_attacker,kismp_defihack,,,
0xe6d97b2099f142513be7a2a068be040656ae4591,ETH,defi_hack_attacker,kismp_defihack,,,
0xe6e06030b33593d140f224fc1cdd1b8ffe99e50a,ETH,defi_hack_attacker,kismp_defihack,,,
0xe6ff0fe017d09d690493dec0f0f55e8f9cdc3512,ETH,defi_hack_attacker,kismp_defihack,,,
0xe70cdd37667cddf52cabf3edabe377c58fae99e9,ETH,defi_hack_attacker,kismp_defihack,,,
0xe7145dd6287ae53326347f3a6694fcf2954bcd8a,ETH,defi_hack_attacker,kismp_defihack,,,
0xe71aca93c0e0721f8250d2d0e4f883aa1c020361,ETH,defi_hack_attacker,kismp_defihack,,,
0xe732a7bd6706cbd6834b300d7c56a8d2096723a7,ETH,defi_hack_attacker,kismp_defihack,,,
0xe73f1576af5573714404a2e3181f7336d3d978f9,ETH,defi_hack_attacker,kismp_defihack,,,
0xe74b28c2eae8679e3ccc3a94d5d0de83ccb84705,ETH,defi_hack_attacker,kismp_defihack,,,
0xe7597f774fd0a15a617894dc39d45a28b97afa4f,ETH,defi_hack_attacker,kismp_defihack,,,
0xe763da20e25103da8e6afa84b6297f87de557419,ETH,defi_hack_attacker,kismp_defihack,,,
0xe7748fce1d1e2f2fd2dddb5074bd074745dda8ea,ETH,defi_hack_attacker,kismp_defihack,,,
0xe7870231992ab4b1a01814fa0a599115fe94203f,ETH,defi_hack_attacker,kismp_defihack,,,
0xe79ecdb7fedd413e697f083982bac29e93d86b2e,ETH,defi_hack_attacker,kismp_defihack,,,
0xe814cc2b4dbfe652c04f2e008ced18875c76f510,ETH,defi_hack_attacker,kismp_defihack,,,
0xe81c4a73bfddb1ddadf7d64734061be58d4c0b4c,ETH,defi_hack_attacker,kismp_defihack,,,
0xe83ee4a30e97887e6b9745be40e5f5aa88888888,ETH,defi_hack_attacker,kismp_defihack,,,
0xe84ef3615b8df94c52e5b6ef21acbf0039b29113,ETH,defi_hack_attacker,kismp_defihack,,,
0xe853e5c1edf8c51e81bae81d742dd861df596de7,ETH,defi_hack_attacker,kismp_defihack,,,
0xe85a08cf316f695ebe7c13736c8cc38a7cc3e944,ETH,defi_hack_attacker,kismp_defihack,,,
0xe8688d014194fd5d7acc3c17477fd6db62addee9,ETH,defi_hack_attacker,kismp_defihack,,,
0xe86df1970055e9caee93dae9b7d5fd71595d0e18,ETH,defi_hack_attacker,kismp_defihack,,,
0xe8a290c6fc6fa6c0b79c9cfae1878d195aeb59af,ETH,defi_hack_attacker,kismp_defihack,,,
0xe8d6502e9601d1a5faa3855de4a25b5b92690623,ETH,defi_hack_attacker,kismp_defihack,,,
0xe918a1784ceca08e51a1b740f4036fd149339811,ETH,defi_hack_attacker,kismp_defihack,,,
0xe91d153e0b41518a2ce8dd3d7944fa863463a97d,ETH,defi_hack_attacker,kismp_defihack,,,
0xe94b97b6b43639e238c851a7e693f50033efd75c,ETH,defi_hack_attacker,kismp_defihack,,,
0xe9544ee39821f72c4fc87a5588522230e340aa54,ETH,defi_hack_attacker,kismp_defihack,,,
0xe968d2e4adc89609773571301abec3399d163c3b,ETH,defi_hack_attacker,kismp_defihack,,,
0xe9a4034e89608df1731835a3fd997fd3a82f2f39,ETH,defi_hack_attacker,kismp_defihack,,,
0xe9bc03ef08e991a99f1bd095a8590499931dcc30,ETH,defi_hack_attacker,kismp_defihack,,,
0xe9c4d4f095c7943a9ef5ec01afd1385d011855a1,ETH,defi_hack_attacker,kismp_defihack,,,
0xe9d1d2a27458378dd6c6f0b2c390807aed2217ca,ETH,defi_hack_attacker,kismp_defihack,,,
0xe9e7cea3dedca5984780bafc599bd69add087d56,ETH,defi_hack_attacker,kismp_defihack,,,
0xe9fac789c947f364f53c3bc28bb6e9e099526468,ETH,defi_hack_attacker,kismp_defihack,,,
0xea0abf7ab2f8f8435e7dc4932ffab37761267843,ETH,defi_hack_attacker,kismp_defihack,,,
0xea47b64e1bfccb773a0420247c0aa0a3c1d2e5c5,ETH,defi_hack_attacker,kismp_defihack,,,
0xea51801b8f5b88543ddad3d1727400c15b209d8f,ETH,defi_hack_attacker,kismp_defihack,,,
0xea6f30e360192bae715599e15e2f765b49e4da98,ETH,defi_hack_attacker,kismp_defihack,,,
0xea75aec151f968b8de3789ca201a2a3a7faeefba,ETH,defi_hack_attacker,kismp_defihack,,,
0xea8f89f47f3d4293897b4fe8cb69b5c233b9f560,ETH,defi_hack_attacker,kismp_defihack,,,
0xeab0d46682ac707a06aefb0ac72a91a3fd6fe5d1,ETH,defi_hack_attacker,kismp_defihack,,,
0xeabd74ee7399b38d63069039bbd9f1c2fcc8eb88,ETH,defi_hack_attacker,kismp_defihack,,,
0xeadf72fd4733665854c76926f4473389ff1b78b1,ETH,defi_hack_attacker,kismp_defihack,,,
0xeaf83465025b4bf9020fdf9ea5fb6e71dc8a0779,ETH,defi_hack_attacker,kismp_defihack,,,
0xeb3a9c56d963b971d320f889be2fb8b59853e449,ETH,defi_hack_attacker,kismp_defihack,,,
0xeb466342c4d449bc9f53a865d5cb90586f405215,ETH,defi_hack_attacker,kismp_defihack,,,
0xeb4c67e5be040068fa477a539341d6aef081e4eb,ETH,defi_hack_attacker,kismp_defihack,,,
0xeb58343b36c7528f23caae63a150240241310049,ETH,defi_hack_attacker,kismp_defihack,,,
0xebba0f3e16ef2f5e87c38e49541b7ae3c7b78e8c,ETH,defi_hack_attacker,kismp_defihack,,,
0xebd571a9c9cdee56c0c24ab91b0825f820748a29,ETH,defi_hack_attacker,kismp_defihack,,,
0xebe0d1cb6a0b8569929e062d67bfbc07608f0a47,ETH,defi_hack_attacker,kismp_defihack,,,
0xebe72cdafebc1abf26517dd64b28762df77912a9,ETH,defi_hack_attacker,kismp_defihack,,,
0xebf2096e01455108badcbaf86ce30b6e5a72aa52,ETH,defi_hack_attacker,kismp_defihack,,,
0xec8fea79026ffed168ccf5c627c7f486d77b765f,ETH,defi_hack_attacker,kismp_defihack,,,
0xec942be8a8114bfd0396a5052c36027f2ca6a9d0,ETH,defi_hack_attacker,kismp_defihack,,,
0xecbe385f78041895c311070f344b55bfaa953258,ETH,defi_hack_attacker,kismp_defihack,,,
0xecbec9c30d357ed3aee8f087a34271904e28e4fb,ETH,defi_hack_attacker,kismp_defihack,,,
0xeccd8b08ac3b587b7175d40fb9c60a20990f8d21,ETH,defi_hack_attacker,kismp_defihack,,,
0xed1521ee1558af6087ad6bc6790ba1ee2a4174ec,ETH,defi_hack_attacker,kismp_defihack,,,
0xed187f37e5ad87d5b3b2624c01de56c5862b7a9b,ETH,defi_hack_attacker,kismp_defihack,,,
0xed1afc8c4604958c2f38a3408fa63b32e737c428,ETH,defi_hack_attacker,kismp_defihack,,,
0xed2a7edd7413021d440b09d654f3b87712abab66,ETH,defi_hack_attacker,kismp_defihack,,,
0xed42cb11b9d03c807ed1ba9c2ed1d3ba5bf37340,ETH,defi_hack_attacker,kismp_defihack,,,
0xed4b3d468ded53a322a8b8280b6f35aae8bc499c,ETH,defi_hack_attacker,kismp_defihack,,,
0xed56784bc8f2c036f6b0d8e04cb83c253e4a6a94,ETH,defi_hack_attacker,kismp_defihack,,,
0xed596991ac5f1aa1858da66c67f7cfa76e54b5f1,ETH,defi_hack_attacker,kismp_defihack,,,
0xed5af388653567af2f388e6224dc7c4b3241c544,ETH,defi_hack_attacker,kismp_defihack,,,
0xeda47e13fd1192e32226753dc2261c4a14908fb7,ETH,defi_hack_attacker,kismp_defihack,,,
0xedd632eaf3b57e100ae9142e8ed1641e5fd6b2c0,ETH,defi_hack_attacker,kismp_defihack,,,
0xedecfa18cae067b2489a2287784a543069f950f4,ETH,defi_hack_attacker,kismp_defihack,,,
0xedee6379fe90bd9b85d8d0b767d4a6deb0dc9dcf,ETH,defi_hack_attacker,kismp_defihack,,,
0xee0221d76504aec40f63ad7e36855eebf5ea5edd,ETH,defi_hack_attacker,kismp_defihack,,,
0xee04a3f9795897fd74b7f04bb299ba25521606e6,ETH,defi_hack_attacker,kismp_defihack,,,
0xee2a9d05b943c1f33f3920c750ac88f74d0220c3,ETH,defi_hack_attacker,kismp_defihack,,,
0xee45384d4861b6fb422dfa03fbdcc6e29d7beb69,ETH,defi_hack_attacker,kismp_defihack,,,
0xee4b3dd20902fa3539706f25005fa51d3b7bdf1b,ETH,defi_hack_attacker,kismp_defihack,,,
0xee6764ac7aa45ed52482e4320906fd75615ba1d1,ETH,defi_hack_attacker,kismp_defihack,,,
0xee6de822159765daf0fd72d71529d7ab026ec2f2,ETH,defi_hack_attacker,kismp_defihack,,,
0xeeb9c6b73a9ba397fbea320d9e4cce7b8ac10513,ETH,defi_hack_attacker,kismp_defihack,,,
0xeebc161437fa948aab99383142564160c92d2974,ETH,defi_hack_attacker,kismp_defihack,,,
0xeeeeee53033f7227d488ae83a27bc9a9d5051756,ETH,defi_hack_attacker,kismp_defihack,,,
0xeeeeeeeeeeeeeeeeeeeeeeeeeeeeeeeeeeeeeeee,ETH,defi_hack_attacker,kismp_defihack,,,
0xef0ba56da26b4ddfef0959c1d0fc7a73a908befc,ETH,defi_hack_attacker,kismp_defihack,,,
0xef1f39d8391cddcaee62b8b383cb992f46a6ce4f,ETH,defi_hack_attacker,kismp_defihack,,,
0xef7bd1543bdacadd7e42822e3f15dd0af0410fda,ETH,defi_hack_attacker,kismp_defihack,,,
0xefa4bce444c09a52941beef5fe8264d70534049f,ETH,defi_hack_attacker,kismp_defihack,,,
0xefb4e3cc438ef2854727a7df0d0baf844484edab,ETH,defi_hack_attacker,kismp_defihack,,,
0xefbf31b0ca397d29e9ba3fb37fe3c013ee32871d,ETH,defi_hack_attacker,kismp_defihack,,,
0xeff23b4be1091b53205e35f3afcd9c7182bf3062,ETH,defi_hack_attacker,kismp_defihack,,,
0xf013406a0b1d544238083df0b93ad0d2cbe0f65f,ETH,defi_hack_attacker,kismp_defihack,,,
0xf0358e8c3cd5fa238a29301d0bea3d63a17bedbe,ETH,defi_hack_attacker,kismp_defihack,,,
0xf05a6361e6f851bbff39c4f1d9ad4b661d3180b3,ETH,defi_hack_attacker,kismp_defihack,,,
0xf073a21f0d68adacfff34d5b8df04550c944e348,ETH,defi_hack_attacker,kismp_defihack,,,
0xf075c5c7ba59208c0b9c41afccd1f60da9ec9c37,ETH,defi_hack_attacker,kismp_defihack,,,
0xf0a6adef0a8f7b13bb22eba8d1e8a4a8b2f0a85b,ETH,defi_hack_attacker,kismp_defihack,,,
0xf0b7de03134857391d8d43ed48e20edf21461097,ETH,defi_hack_attacker,kismp_defihack,,,
0xf10bc5be84640236c71173d1809038af4ee19002,ETH,defi_hack_attacker,kismp_defihack,,,
0xf14f4ce569cb3679e99d5059909e23b07bd2f387,ETH,defi_hack_attacker,kismp_defihack,,,
0xf169bd68ed72b2fdc3c9234833197171aa000580,ETH,defi_hack_attacker,kismp_defihack,,,
0xf18e5ec98541d073daa0864232b9398fa183e0d4,ETH,defi_hack_attacker,kismp_defihack,,,
0xf19308f923582a6f7c465e5ce7a9dc1bec6665b1,ETH,defi_hack_attacker,kismp_defihack,,,
0xf1e73123594cb0f3655d40e4dd6bde41fa8806e8,ETH,defi_hack_attacker,kismp_defihack,,,
0xf224ab004461540778a914ea397c589b677e27bb,ETH,defi_hack_attacker,kismp_defihack,,,
0xf28a352377663ca134bd27b582b1a9a4dad7e534,ETH,defi_hack_attacker,kismp_defihack,,,
0xf29120acd274a0c60a181a37b1ae9119fe0f1c9c,ETH,defi_hack_attacker,kismp_defihack,,,
0xf2919d1d80aff2940274014bef534f7791906ff2,ETH,defi_hack_attacker,kismp_defihack,,,
0xf2c8e860ca12cde3f3195423ecf54427a4f30916,ETH,defi_hack_attacker,kismp_defihack,,,
0xf2d5951bb0a4d14bdcc37b66f919f9a1009c05d1,ETH,defi_hack_attacker,kismp_defihack,,,
0xf2df8794f8f99f1ba4d8adc468ebff2e47cd7010,ETH,defi_hack_attacker,kismp_defihack,,,
0xf340bd3eb3e82994cff5b8c3493245edbce63436,ETH,defi_hack_attacker,kismp_defihack,,,
0xf34c9a6aaac94022f96d4589b73d498491f817fa,ETH,defi_hack_attacker,kismp_defihack,,,
0xf35d63df93f32e025bce4a1b98dcec1fe07ad892,ETH,defi_hack_attacker,kismp_defihack,,,
0xf3721d8a2c051643e06bf2646762522fa66100da,ETH,defi_hack_attacker,kismp_defihack,,,
0xf375709dbde84d800642168c2e8ba751368e8d32,ETH,defi_hack_attacker,kismp_defihack,,,
0xf3b9569f82b18aef890de263b84189bd33ebe452,ETH,defi_hack_attacker,kismp_defihack,,,
0xf3c7cecf8cbc3066f9a87b310cebe198d00479ac,ETH,defi_hack_attacker,kismp_defihack,,,
0xf3ec82f0f8b9907ba0faf20b8f2c3252412eb1e8,ETH,defi_hack_attacker,kismp_defihack,,,
0xf3f1abae8bfeca054b330c379794a7bf84988228,ETH,defi_hack_attacker,kismp_defihack,,,
0xf3f84ce038442ae4c4dcb6a8ca8bacd7f28c9bde,ETH,defi_hack_attacker,kismp_defihack,,,
0xf4003f4efbe8691b60249e6afbd307abe7758adb,ETH,defi_hack_attacker,kismp_defihack,,,
0xf4030086522a5beea4988f8ca5b36dbc97bee88c,ETH,defi_hack_attacker,kismp_defihack,,,
0xf411903cbc70a74d22900a5de66a2dda66507255,ETH,defi_hack_attacker,kismp_defihack,,,
0xf41c13f4e2f750408fc6eb5cf0e34225d52e7002,ETH,defi_hack_attacker,kismp_defihack,,,
0xf423d93de1314d0549a6a8f6165238dac97582b3,ETH,defi_hack_attacker,kismp_defihack,,,
0xf42c318dbfbaab0eee040279c6a2588fa01a961d,ETH,defi_hack_attacker,kismp_defihack,,,
0xf436f8fe7b26d87eb74e5446acec2e8ad4075e47,ETH,defi_hack_attacker,kismp_defihack,,,
0xf43ce1d09050bafd6980dd43cde2ab9f18c85b34,ETH,defi_hack_attacker,kismp_defihack,,,
0xf43fd71f404cc450c470d42e3f478a6d38c96311,ETH,defi_hack_attacker,kismp_defihack,,,
0xf45392bd2d6e6b8c5dc26ba6c8a12889419b82f3,ETH,defi_hack_attacker,kismp_defihack,,,
0xf466f9f431aea853040ef837626b1c59cc963ce2,ETH,defi_hack_attacker,kismp_defihack,,,
0xf4a21ac7e51d17a0e1c8b59f7a98bb7a97806f14,ETH,defi_hack_attacker,kismp_defihack,,,
0xf4b1486dd74d07706052a33d31d7c0aafd0659e1,ETH,defi_hack_attacker,kismp_defihack,,,
0xf508fcd89b8bd15579dc79a6827cb4686a3592c8,ETH,defi_hack_attacker,kismp_defihack,,,
0xf5140fc35c6f94d02d7466f793feb0216082d7e5,ETH,defi_hack_attacker,kismp_defihack,,,
0xf51cbf9f8e089ca48e454eb79731037a405972ce,ETH,defi_hack_attacker,kismp_defihack,,,
0xf51e888616a123875eaf7afd4417fbc4111750f7,ETH,defi_hack_attacker,kismp_defihack,,,
0xf5610cf8c27454b6d7c86fccf1830734501425c5,ETH,defi_hack_attacker,kismp_defihack,,,
0xf56b164efd3cfc02ba739b719b6526a6fa1ca32a,ETH,defi_hack_attacker,kismp_defihack,,,
0xf573748637e0576387289f1914627d716927f90f,ETH,defi_hack_attacker,kismp_defihack,,,
0xf585b5b4f22816baf7629aea55b701662630397b,ETH,defi_hack_attacker,kismp_defihack,,,
0xf59257e961883636290411c11ec5ae622d19455e,ETH,defi_hack_attacker,kismp_defihack,,,
0xf5a32e5e54a771b9d3c853143db74449b721c03b,ETH,defi_hack_attacker,kismp_defihack,,,
0xf5bce5077908a1b7370b9ae04adc565ebd643966,ETH,defi_hack_attacker,kismp_defihack,,,
0xf5c80c305803280b587f8cabbccdc4d9bf522abd,ETH,defi_hack_attacker,kismp_defihack,,,
0xf5f21746ff9351f16a42fa272d7707cc35760e4b,ETH,defi_hack_attacker,kismp_defihack,,,
0xf61b4f980a1f34b55bbf3b2ef28213efcc6248c4,ETH,defi_hack_attacker,kismp_defihack,,,
0xf61e39c7eb1e2ff5af3a24bca88d40fd11594805,ETH,defi_hack_attacker,kismp_defihack,,,
0xf650c3d88d12db855b8bf7d11be6c55a4e07dcc9,ETH,defi_hack_attacker,kismp_defihack,,,
0xf662457774bb0729028ea681bb2c001790999999,ETH,defi_hack_attacker,kismp_defihack,,,
0xf6876f6ab2637774804b85aecc17b434a2b57168,ETH,defi_hack_attacker,kismp_defihack,,,
0xf6f60b0e83d9837c1f247c575c8583b1d085d351,ETH,defi_hack_attacker,kismp_defihack,,,
0xf6ffba5cbf285824000dac0b9431032169672b6e,ETH,defi_hack_attacker,kismp_defihack,,,
0xf70f691d30ce23786cfb3a1522cfd76d159aca8d,ETH,defi_hack_attacker,kismp_defihack,,,
0xf73b8ea8838cba9148fb182e267a000f7cfba8dd,ETH,defi_hack_attacker,kismp_defihack,,,
0xf7552ba0ee5bed0f306658f4a1201f421d703898,ETH,defi_hack_attacker,kismp_defihack,,,
0xf7ca7384cc6619866749955065f17bedd3ed80bc,ETH,defi_hack_attacker,kismp_defihack,,,
0xf7d142a354322c7560250caa0e2a06c89649e4c2,ETH,defi_hack_attacker,kismp_defihack,,,
0xf7ed17f0fb2b7c9d3ddbc9f0679b2e1098993e81,ETH,defi_hack_attacker,kismp_defihack,,,
0xf7f3a556ac21d081f6dba961b6a84e52e37a717d,ETH,defi_hack_attacker,kismp_defihack,,,
0xf819d9cb1c2a819fd991781a822de3ca8607c3c9,ETH,defi_hack_attacker,kismp_defihack,,,
0xf845a7ee8477ad1fb4446651e548901a2635a915,ETH,defi_hack_attacker,kismp_defihack,,,
0xf84efa8a9f7e68855cf17eaac9c2f97a9d131366,ETH,defi_hack_attacker,kismp_defihack,,,
0xf8527dc5611b589cbb365acacaac0d1dc70b25cb,ETH,defi_hack_attacker,kismp_defihack,,,
0xf8a0bf9cf54bb92f17374d9e9a321e6a111a51bd,ETH,defi_hack_attacker,kismp_defihack,,,
0xf8bc1434f3c5a7af0be18c00c675f7b034a002f0,ETH,defi_hack_attacker,kismp_defihack,,,
0xf8bfac82bdd7ac82d3aeec98b9e1e73579509db6,ETH,defi_hack_attacker,kismp_defihack,,,
0xf91d26405fb5e489b7c4bbc11b9a5402ae9243d3,ETH,defi_hack_attacker,kismp_defihack,,,
0xf939e0a03fb07f59a73314e73794be0e57ac1b4e,ETH,defi_hack_attacker,kismp_defihack,,,
0xf97f4df75117a78c1a5a0dbb814af92458539fb4,ETH,defi_hack_attacker,kismp_defihack,,,
0xf98169301b06e906af7f9b719204aa10d1f160d6,ETH,defi_hack_attacker,kismp_defihack,,,
0xf994f331409327425098feecfc15db7fabf782b7,ETH,defi_hack_attacker,kismp_defihack,,,
0xf9a001d5b2c7c5e45693b41fcf931b94e680cac4,ETH,defi_hack_attacker,kismp_defihack,,,
0xf9e3151e813cd6729d52d9a0c3ee69f22cce650a,ETH,defi_hack_attacker,kismp_defihack,,,
0xf9ff933f51ba180a474634440a406c95dfb27596,ETH,defi_hack_attacker,kismp_defihack,,,
0xfa21382cdf68cca1b3a7107a8cc80688eefbeebc,ETH,defi_hack_attacker,kismp_defihack,,,
0xfa6de2697d59e88ed7fc4dfe5a33dac43565ea41,ETH,defi_hack_attacker,kismp_defihack,,,
0xfac7459683cdb9b6f367b42eedfebd745dc8760c,ETH,defi_hack_attacker,kismp_defihack,,,
0xfacb3892f9a8d55eb50fdeee00f2b3fa8a85ded5,ETH,defi_hack_attacker,kismp_defihack,,,
0xfadda925e10d07430f5d7461689fd90d3d81bb48,ETH,defi_hack_attacker,kismp_defihack,,,
0xfafb7581a65a1f554616bf780fc8a8acd2ab8c9b,ETH,defi_hack_attacker,kismp_defihack,,,
0xfb1cc1548d039f14b02cff9ae86757edd2cdb8a5,ETH,defi_hack_attacker,kismp_defihack,,,
0xfb1dcfc67cc496eb0cc592050af7fdf3bf3b5c13,ETH,defi_hack_attacker,kismp_defihack,,,
0xfb2dc2428b6c2fb149a3e6d658fdf979cc0afef9,ETH,defi_hack_attacker,kismp_defihack,,,
0xfb35de57b117fa770761c1a344784075745f84f9,ETH,defi_hack_attacker,kismp_defihack,,,
0xfb5b838b6cfeedc2873ab27866079ac55363d37e,ETH,defi_hack_attacker,kismp_defihack,,,
0xfb63aa935cf0a003335dce9cca03c4f9c0fa4779,ETH,defi_hack_attacker,kismp_defihack,,,
0xfb6fe7802ba9290ef8b00ca16af4bc26eb663a28,ETH,defi_hack_attacker,kismp_defihack,,,
0xfbd2945d3601f21540ddd85c29c5c3caf108b96f,ETH,defi_hack_attacker,kismp_defihack,,,
0xfc2737a742a741d13fe6326011a78cd881de3eb9,ETH,defi_hack_attacker,kismp_defihack,,,
0xfc274ec92bbb1a1472884558d1b5caac6f8220ee,ETH,defi_hack_attacker,kismp_defihack,,,
0xfc604b6fd73a1bc60d31be111f798dd0d4137812,ETH,defi_hack_attacker,kismp_defihack,,,
0xfc7599cffea9de127a9f9c748ccb451a34d2f063,ETH,defi_hack_attacker,kismp_defihack,,,
0xfcbf411237ac830dc892edec054f15ba7f9ea5a6,ETH,defi_hack_attacker,kismp_defihack,,,
0xfcd3842f85ed87ba2889b4d35893403796e67ff1,ETH,defi_hack_attacker,kismp_defihack,,,
0xfcd7ccee4071aa4ecfac1683b7cc0afecaf42a36,ETH,defi_hack_attacker,kismp_defihack,,,
0xfce19f8f823759b5867ef9a5055a376f20c5e454,ETH,defi_hack_attacker,kismp_defihack,,,
0xfcecdbc62dee7233e1c831d06653b5bea7845fcc,ETH,defi_hack_attacker,kismp_defihack,,,
0xfcf88e5e1314ca3b6be7eed851568834233f8b49,ETH,defi_hack_attacker,kismp_defihack,,,
0xfd086bc7cd5c481dcc9c848357a5bccc5e7bfbb9,ETH,defi_hack_attacker,kismp_defihack,,,
0xfd086bc7cd5c481dcc9c85ebe478a1c0b69fcbb9,ETH,defi_hack_attacker,kismp_defihack,,,
0xfd0b4daa7ba535741e6b5ba28cba24f9a816e67e,ETH,defi_hack_attacker,kismp_defihack,,,
0xfd11aba71c06061f446ade4eec057179f19c23c4,ETH,defi_hack_attacker,kismp_defihack,,,
0xfd13b6e1d07bad77dd248780d0c3d30859585242,ETH,defi_hack_attacker,kismp_defihack,,,
0xfd2d3ffb05ad00e61e3c8d8701cb9036b7a16d02,ETH,defi_hack_attacker,kismp_defihack,,,
0xfd36e2c2a6789db23113685031d7f16329158384,ETH,defi_hack_attacker,kismp_defihack,,,
0xfd42cba85f6567fef32bab24179de21b9851b63e,ETH,defi_hack_attacker,kismp_defihack,,,
0xfd4dccd754eaaa8c9196998c5bb06a56df6a1d95,ETH,defi_hack_attacker,kismp_defihack,,,
0xfd51531b26f9be08240f7459eea5be80d5b047d9,ETH,defi_hack_attacker,kismp_defihack,,,
0xfd5840cd36d94d7229439859c0112a4185bc0255,ETH,defi_hack_attacker,kismp_defihack,,,
0xfd80a436da2f4f4c42a5dbfa397064cfeb7d9508,ETH,defi_hack_attacker,kismp_defihack,,,
0xfda3a0effe2f3917aa60e0741c6788619ae19e84,ETH,defi_hack_attacker,kismp_defihack,,,
0xfdbfceea1de360364084a6f37c9cdb7aaea63464,ETH,defi_hack_attacker,kismp_defihack,,,
0xfdc6a621861ed2a846ab475c623e13764f6a5ad0,ETH,defi_hack_attacker,kismp_defihack,,,
0xfdd9b0a7e7e16b5fd48a3d1e242af362bc81bcaa,ETH,defi_hack_attacker,kismp_defihack,,,
0xfde0d1575ed8e06fbf36256bcdfa1f359281455a,ETH,defi_hack_attacker,kismp_defihack,,,
0xfe141c32e36ba7601d128f0c39dedbe0f6abb983,ETH,defi_hack_attacker,kismp_defihack,,,
0xfe2011dad32ad6dfd128e55490c0fd999f3d2221,ETH,defi_hack_attacker,kismp_defihack,,,
0xfe2105e1317dfd6ed3887bf7882977c03cfebb7c,ETH,defi_hack_attacker,kismp_defihack,,,
0xfe380fe1db07e531e3519b9ae3ea9f7888ce20c6,ETH,defi_hack_attacker,kismp_defihack,,,
0xfe51ffcd2af4748d77130646988f966733583dc1,ETH,defi_hack_attacker,kismp_defihack,,,
0xfeafe253802b77456b4627f8c2306a9cebb5d681,ETH,defi_hack_attacker,kismp_defihack,,,
0xfeb19ae8c0448f25de43a3afcb7b29c9cef6eff6,ETH,defi_hack_attacker,kismp_defihack,,,
0xfeef619a56fce9d003e20bf61393d18f62b0b2d5,ETH,defi_hack_attacker,kismp_defihack,,,
0xff13d5899aa7d84c10e4cd6fb030b80554424136,ETH,defi_hack_attacker,kismp_defihack,,,
0xff152e21c5a511c478ed23d1b89bb9391be6de96,ETH,defi_hack_attacker,kismp_defihack,,,
0xff1db040e4f2a44305e28f8de728dabff58f01e1,ETH,defi_hack_attacker,kismp_defihack,,,
0xff1f2b4adb9df6fc8eafecdcbf96a2b351680455,ETH,defi_hack_attacker,kismp_defihack,,,
0xff333de02129af88aae101ab777d3f5d709fec6f,ETH,defi_hack_attacker,kismp_defihack,,,
0xff61ba33ed51322bb716eab4137adf985644b94d,ETH,defi_hack_attacker,kismp_defihack,,,
0xff7f62dc531d709863bc23d7423de11694aa3ab8,ETH,defi_hack_attacker,kismp_defihack,,,
0xff8ef7bc455a57e5893232203052ce0232b39fa2,ETH,defi_hack_attacker,kismp_defihack,,,
0xff970a61a04b1ca14834a43f5de4533ebddb5cc8,ETH,defi_hack_attacker,kismp_defihack,,,
0xff9c1b15b16263c61d017ee9f65c50e4ae0113d7,ETH,defi_hack_attacker,kismp_defihack,,,
0xffac2ed69d61cf4a92347dcd394d36e32443d9d7,ETH,defi_hack_attacker,kismp_defihack,,,
0xffadb0bba4379dfabfb20ca6823f6ec439429ec2,ETH,defi_hack_attacker,kismp_defihack,,,
0xffb512b9176d527c5d32189c3e310ed4ab2bb9ec,ETH,defi_hack_attacker,kismp_defihack,,,
0xffcf45b540e6c9f094ae656d2e34ad11cdfdb187,ETH,defi_hack_attacker,kismp_defihack,,,
0xffffffffffffffffffffffffffffffffffffffff,ETH,defi_hack_attacker,kismp_defihack,,,
13b19ff56de9d2c439a8b461d8fae5dea7d273f6c5c,SOL,defi_hack_attacker,kismp_defihack,,,
16b25d7aef681ade3dc3c9d1a1cc12f35b2c99953ff,SOL,defi_hack_attacker,kismp_defihack,,,
26ec34f35bdde568191fe2fa67724fcf2739e48c3cae,SOL,defi_hack_attacker,kismp_defihack,,,
27haf8L6oxUeXrHrgEgsexjSY5hbVUWEmvv9Nyxg8vQv,SOL,defi_hack_attacker,kismp_defihack,,,
2FPyTwcZLUg1MDrwsyoP4D6s1tM7hAkHYRjkNb5w6Pxk,SOL,defi_hack_attacker,kismp_defihack,,,
2cd59c5e9f6832586bd5167d41a24eb4f4d2ac692755,SOL,defi_hack_attacker,kismp_defihack,,,
345e59fb54de9d2e439a8b461d8fae5dea7d273f6c5c,SOL,defi_hack_attacker,kismp_defihack,,,
4WnPebowR4HHfumvNPaDjG6Pa5Hi1jxLm6xmmBq33QVk,SOL,defi_hack_attacker,kismp_defihack,,,
4k3Dyjzvzp8eMZWUXbBCjEvwSkkk59S5iCNLY3QrkX6R,SOL,defi_hack_attacker,kismp_defihack,,,
4pGQdfFG96Ghqj1xqkaeeAgMQCpttivdkgSRUGc6wVD8,SOL,defi_hack_attacker,kismp_defihack,,,
58c147d8ff643694b43a42e36525b7173ce1daf76e6c,SOL,defi_hack_attacker,kismp_defihack,,,
6KJvWtmrZDi5MxUPkJfDNZTLf2DFGKhQA2WuVAdSRUgH,SOL,defi_hack_attacker,kismp_defihack,,,
6fc2cfeeacd178d7dd9c69f9b211bc661bb11296fde,SOL,defi_hack_attacker,kismp_defihack,,,
6hAcrsQpT83mz2hVpkf87EYdTSL8bwy5dVUNZiVBDrtt,SOL,defi_hack_attacker,kismp_defihack,,,
78aead655f6d5e75a267a47c33fa92b658e3573b93ef,SOL,defi_hack_attacker,kismp_defihack,,,
849447da5bdff4d19546aff4b134481c5b48993cc8a,SOL,defi_hack_attacker,kismp_defihack,,,
88683e6cc3a38d93c3d98899e5783864e15525d5f581,SOL,defi_hack_attacker,kismp_defihack,,,
8stTi5mYWFtwoKNW1YiHRnhkXe48qPjgZHTHgXUzm9ZV,SOL,defi_hack_attacker,kismp_defihack,,,
BPFLoaderUpgradeab1e11111111111111111111111,SOL,defi_hack_attacker,kismp_defihack,,,
EPjFWdd5AufqSSqeM2qN1xzybapC8G4wEGGkZwyTDt1v,SOL,defi_hack_attacker,kismp_defihack,,,
SRMuApVNdxXokk5GT7XD5cUUgXMBCoAz2LHeuAoKWRt,SOL,defi_hack_attacker,kismp_defihack,,,
So11111111111111111111111111111111111111112,SOL,defi_hack_attacker,kismp_defihack,,,
b7db136e97251eaa9897853ddf125f155b7c63bbe4c,SOL,defi_hack_attacker,kismp_defihack,,,
baa993499f9e6dd3ffaffca863fc6ab7d6e4ffa1c83c,SOL,defi_hack_attacker,kismp_defihack,,,
c684b5797ed5b8ac578cf7151ec95f5a1a135cd9d48,SOL,defi_hack_attacker,kismp_defihack,,,
d11794ad2956774b156355e16441d6edb9a448e5a99,SOL,defi_hack_attacker,kismp_defihack,,,
d8c172af12462eef58dea16199185b77147d6533391,SOL,defi_hack_attacker,kismp_defihack,,,
f7d3e9b462468f4f83c2c88bb89d1dee5d7d24262b51,SOL,defi_hack_attacker,kismp_defihack,,,
fffffffffffffffffffffffffffffffffffffffffff,SOL,defi_hack_attacker,kismp_defihack,,,
readAndAgreedToMarketParticipationAgreement,SOL,defi_hack_attacker,kismp_defihack,,,
x23879edbd3366cdc774aaa72a8484b7f7ef641f68f,SOL,defi_hack_attacker,kismp_defihack,,,
x31957ecc43774d19f54d9968e95c69c882468b4686,SOL,defi_hack_attacker,kismp_defihack,,,
x8b74995d1d61d3d7547575649136b8765acb2288296,SOL,defi_hack_attacker,kismp_defihack,,,
x967aa34c69b7775c718545c7f94d92e965eb5fc553c,SOL,defi_hack_attacker,kismp_defihack,,,
xb3e18b1a591ded9fdbf3e1456df7af45c5d32e57a98,SOL,defi_hack_attacker,kismp_defihack,,,
xcb5b22d86819b84ef176aee2d6b89f687e74d82956,SOL,defi_hack_attacker,kismp_defihack,,,
