address,chain,category,source,label,detail,ref_date
0x40d5ffa20fc0df6be4d9991938daa54e6919c714,ETH,exploit,rekt_news,abra-rekt,re currently held in two accumulation addresses: [Exploiter address 2](https://etherscan.io/address/@) ($4.2M) and [Exploiter address 3](https://etherscan.io/address/0xbd12d6054827,
0x87f585809ce79ae39a5fa0c7c96d0d159eb678c9,ETH,exploit,rekt_news,abra-rekt, and take profit The resulting dump of the stolen MIM (for ETH) caused the depeg. Attacker address: @ Attack tx 1 (10:14 UTC): 0x26a83db7… Attack tx 2 (10:26 UTC): 0xdb4616b8… Expl,
0xbd12d6054827ae3fc6d23b1acf47736691b52fd3,ETH,exploit,rekt_news,abra-rekt,fa20fc0df6be4d9991938daa54e6919c714) ($4.2M) and [Exploiter address 3](https://etherscan.io/address/@) ($2.2M). The Abracadabra team have [reached](https://etherscan.io/tx/0x66c7b9,
0x51c9d0264d829a4f6d525df2357cd20ea79b5049,ETH,exploit,rekt_news,abracadabra-rekt2,n \n**Attacker Address:**\n[0xAF9e33Aa03CAaa613c3Ba4221f7EA3eE2AC38649](https://arbiscan.io/address/@)\n\n \n\n**Exploited Cauldron Address:**\n[0x625Fe79547828b1B54467E5Ed822a9A8a,
0x1ff8ea9b29aa10713774b60134d53529301ca9c5,ETH,exploit,rekt_news,abracadabra-rekt3,ds from Tornado Cash:** \n[0x1FF8Ea9b29aa10713774b60134D53529301Ca9C5](https://etherscan.io/address/@)\n\n**Primary Attacker Address:** \n[0x1AaaDe3e9062d124B7DeB0eD6DDC7055EFA7354,
0x8eccacbc1147fc7edc52bae135bd54f5f1950255,ETH,exploit,rekt_news,aevo-rekt,0xCf5DF51A10c097140FB3a367281A4f5313725b1F The Frankenstein Contract (Malicious Option Instrument): @ The Frankenstein Creation Transaction(Executed by The Specialist): 0x9b686c9d9,
0xcf5df51a10c097140fb3a367281a4f5313725b1f,ETH,exploit,rekt_news,aevo-rekt,ney mule in Phase 4):** \n[0xCf5DF51A10c097140FB3a367281A4f5313725b1F](https://etherscan.io/address/@)\n\n**The Frankenstein Contract (Malicious Option Instrument):** [0x8eccacbc11,
0x627654b2782bfc57580ecd11d40869b350b6ebac,ETH,exploit,rekt_news,afx-trade-rekt," a Uniswap auction, now resting in a [wallet holding all of the funds](https://etherscan.io/address/@).**\n\n_When your entire security model depends on validators never being comp",
0x0a16a85be44627c10cee75db06b169c7bc76de2c,ETH,exploit,rekt_news,agave-hundred-rekt,8e)\n\nThe stolen funds were then sent to the attacker’s [ETH address](https://etherscan.io/address/@) and after a few hours 2116 ETH ($5.5M) were sent to Tornado Cash.\n\n**Hundre,
0xd041ad9aae5cf96b21c3ffcb303a0cb80779e358,ETH,exploit,rekt_news,agave-hundred-rekt,98)\n\nThe stolen funds were then sent to the attacker’s [ETH address](https://etherscan.io/address/@) and after a few hours 2363 ETH ($6.2M) were sent to Tornado Cash.\n\n_While t,
0xe2307837524db8961c4541f943598654240bd62f,ETH,exploit,rekt_news,akropolis-rekt,licious token contract which called deposit again (reentrancy). [This](https://etherscan.io/address/@#tokentxns) is the attack contract.\n\n1. Create faketoken\n\n2. Deposit faketo,
0x27055ae433e9dcb30f6ebcc1a374cf5cc03c484e,ETH,exploit,rekt_news,alexlab-rekt,"s/status/1790704640692236553), [Chain Aegis](https://app.chainaegis.com/result?type=bsc\u0026search=@)_\n\n \n**The AlexLab team became aware of an exploit using compromised privat",
0xa747af2a527e72ce303353b458a1c51ebcd53188,ETH,exploit,rekt_news,alexlab-rekt,unds sent to Address 1:**\n[0xA747aF2a527E72cE303353b458a1c51eBCd53188](https://bscscan.com/address/@)\n\n \n\n**Stolen Funds sent to Address 2:**\n[0x27055aE433E9DCb30f6EbCC1A374C,
0x040a96659fd7118259ebcd547771f6ecb9580d17,ETH,exploit,rekt_news,alphapo-rekt,ing dispersed . Some of the stolen funds on Tron were sent to CEXs . Attacker’s main addresses: ETH @ 0x6d2e8a20b8afa88d92406d315b67822c01e53c38 0xde374094C837D192B61972172740BDAfc,
0x6d2e8a20b8afa88d92406d315b67822c01e53c38,ETH,exploit,rekt_news,alphapo-rekt, Tron were sent to CEXs . Attacker’s main addresses: ETH 0x040a96659fd7118259ebcd547771f6ecb9580d17 @ 0xde374094C837D192B61972172740BDAfc4eE16E0 TRON TKSitnfTLVMRbJsF1i2UH5hNUeHLDr,
0x0fa54e967a9cc5df2af38babc376c91a29878615,ETH,exploit,rekt_news,arcadiafi-rekt,5th - exactly when ArcadiaFi was locked out of their own pause mechanism. Primary Attacker Address: @ Targeted Contracts are as follows… GoPlus Security identified the distinction ,
0x2c6900b24221de2b4a45c8c89482fff96ffb7e55,ETH,exploit,rekt_news,ascendex-rekt,unds are currently located in the hacker’s address on:\n\n**[Ethereum](https://etherscan.io/address/@)**\n\n**[BSC](https://bscscan.com/address/0x2C6900b24221dE2B4A45c8c89482fFF96F,
0xa305fab8bda7e1638235b054889b3217441dd645,ETH,exploit,rekt_news,au-dodo-rekt,"ndividual A transfer their funds to another wallet address. Individual A transferred 67,416 BUSD to @ twice - ONE - TWO Individual A transferred 59,245.324743 USDT to 0xa305fab8bda",
0xb6f89d12ff9a9e394f40b701ac46428de0d1bea5,ETH,exploit,rekt_news,aztec-bridge-rekt,*Second Attacker EOA:** \n[0xb6f89d12Ff9A9e394f40B701Ac46428DE0d1bEa5](https://etherscan.io/address/@)\n\n\n**Secondary Attack Transaction:** \n[0x389bce3dad78c09900cb4c9e72397a73b,
0x7ec9f769d932d3f716949e7ca3e079b7817d06db,ETH,exploit,rekt_news,aztec-connect-rekt,*Second Attacker EOA:** \n[0x7ec9F769d932D3f716949E7ca3E079b7817d06DB](https://etherscan.io/address/@)\n\n[By 04:00 UTC on June 15th](https://aztec-labs.com/blog/aztec-connect-inci,
0x1fcdb04d0c5364fbd92c73ca8af9baa72c269107,ETH,exploit,rekt_news,badger-rekt,tently approved the attacker to drain funds. Over 500 addresses have approved the Hacker’s address: @ Check your approvals and revoke here: etherscan.io/tokenapprovalchecker Exampl,
0xed187f37e5ad87d5b3b2624c01de56c5862b7a9b,ETH,exploit,rekt_news,balancer-rekt,their deposits were affected. Exploiter addresses: 0xB23711b9D92C0f1c7b211c4E2DC69791c2df38c1 (ETH) @ (ETH) 0x429313e53a220c4a5693cad1da26ae5045b5762f (ETH) 0x64E08fa89C2bAE9F123cc,
0x0e9c9473d0c504da72763426719f6f03a15544d5,ETH,exploit,rekt_news,balancer-rekt2,data . Current stolen funds are still in the wild sitting in the attacker’s wallets are as follows. @ ($2.6M) 0x506d1f9efe24f0d47853adca907eb8d89ae03207 ($11M) 0xf19fd5c683a958ce92,
0x1c7da4e9740f99279c193540328314c04e2edc00,ETH,exploit,rekt_news,balancer-rekt2,xaa760d53541d8390074c61defeaba314675b8e3f ($20M) 0x0e9c9473D0c504Da72763426719F6f03A15544D5 ($2.6M) @ ($22k) 0x045371528A01071D6E5C934d42D641FD3cBE941c ($520k) Still sitting in the,
0x506d1f9efe24f0d47853adca907eb8d89ae03207,ETH,exploit,rekt_news,balancer-rekt2,itting in the attacker’s wallets are as follows. 0x0e9c9473d0c504da72763426719f6f03a15544d5 ($2.6M) @ ($11M) 0xf19fd5c683a958ce9210948858b80d433f6bfae2 ($574K) 0xaa760d53541d839007,
0x1c5dcdd006ea78a7e4783f9e6021c32935a10fb4,ETH,exploit,rekt_news,beanstalk-rekt,"oans, and converting all received funds into 24.8k WETH ($76M), which went to Tornado Cash. Hacker: @ Hacker Contract: 0x79224bc0bf70ec34f0ef56ed8251619499a59def BIP18: 0xe5ecf7360",
0x79224bc0bf70ec34f0ef56ed8251619499a59def,ETH,exploit,rekt_news,beanstalk-rekt,"M), which went to Tornado Cash. Hacker: 0x1c5dcdd006ea78a7e4783f9e6021c32935a10fb4 Hacker Contract: @ BIP18: 0xe5ecf73603d98a0128f05ed30506ac7a663dbb69 Propose BIP18 tx: 0x68cdec0a",
0x2bfb373017349820dda2da8230e6b66739be9f96,ETH,exploit,rekt_news,bedrock-rekt,**Exploiter Address:** \n[0x2bFB373017349820dda2Da8230E6b66739BE9F96 ](https://etherscan.io/address/@)\n\n**Attack Transaction:**\n[0x725f0d65340c859e0f64e72ca8260220c526c3e0ccde53,
0x9e966a54082427d7ac56aeaee4baae7d11a6e468,ETH,exploit,rekt_news,bent-finance,"n\nThe tokens were then sent on to the exploiter’s [secondary address](https://etherscan.io/address/@), where they were cashed out for CRV, swapped for ETH and sent to Tornado Cash",
0xd23cfffa066f81c7640e3f0dc8bb2958f7686d1f,ETH,exploit,rekt_news,bent-finance," Nov. 30, manually adjusting the balance of the exploiter’s [address.](https://etherscan.io/address/@)\n\n**This assigned the exploiter enormous amounts of rewards, far exceeding t",
HSr1FNv266zCnVtUdZhfYrhgWx1a4LNEpMPDymQzPg4R,SOL,exploit,rekt_news,bigone-rekt,7a BSC: 0x9Bf7a4dDcA405929dba1FBB136F764F5892A8a7a TRON: TKKGH8bwmEEvyp3QkzDCbK61EwCHXdo17c Solana: @ Lookonchain tracked the conversion : attackers quickly exchanged stolen assets,
0x1dd7daf089c16856155fefd7e2170966bb6b3aee,ETH,exploit,rekt_news,bingx-rekt,**Exploiter Address 4:**\n[0x1Dd7dAf089C16856155FeFd7e2170966bb6b3AEE](https://etherscan.io/address/@)\n\n**Exploiter Address 5:**\n[0x719981cf7D1a1dC681a1cf0C6B1eeeE090D0FEd6](htt,
0x49284f0ab5098d7effb3392124903c081d1b9f7e,ETH,exploit,rekt_news,bingx-rekt,84f87538e748f5 Exploiter Address 8: 0x63dc352ddfc17aa04edac47ce36e186c1e54b02c Exploiter Address 9: @ Exploiter Address 10: 0xcfc14fa81226074036622976d95897ff84b58d66 The following,
0x63dc352ddfc17aa04edac47ce36e186c1e54b02c,ETH,exploit,rekt_news,bingx-rekt,765d7a3906091c Exploiter Address 7: 0xb77a4a9678315775c4ba89f18f84f87538e748f5 Exploiter Address 8: @ Exploiter Address 9: 0x49284f0ab5098d7effb3392124903c081d1b9f7e Exploiter Addr,
0x719981cf7d1a1dc681a1cf0c6b1eeee090d0fed6,ETH,exploit,rekt_news,bingx-rekt,**Exploiter Address 5:**\n[0x719981cf7D1a1dC681a1cf0C6B1eeeE090D0FEd6](https://etherscan.io/address/@)\n\n**Exploiter Address 6:** \n[0xf26e64ef4300ca027d2ffedd7d765d7a3906091c](ht,
0x940362b46faf7df48af1c8989d809f50466b5fca,ETH,exploit,rekt_news,bingx-rekt,e0d47d47b43326 Exploiter Address 2: 0xb0146aec3593410c8307b570af69adf4d74678b3 Exploiter Address 3: @ Exploiter Address 4: 0x1Dd7dAf089C16856155FeFd7e2170966bb6b3AEE Exploiter Addr,
0xb0146aec3593410c8307b570af69adf4d74678b3,ETH,exploit,rekt_news,bingx-rekt,in the attack. Exploiter Address 1: 0xf7e8033366166f92eb477b7b38e0d47d47b43326 Exploiter Address 2: @ Exploiter Address 3: 0x940362b46faf7df48af1c8989d809f50466b5fca Exploiter Addr,
0xb77a4a9678315775c4ba89f18f84f87538e748f5,ETH,exploit,rekt_news,bingx-rekt,1eeeE090D0FEd6 Exploiter Address 6: 0xf26e64ef4300ca027d2ffedd7d765d7a3906091c Exploiter Address 7: @ Exploiter Address 8: 0x63dc352ddfc17aa04edac47ce36e186c1e54b02c Exploiter Addr,
0xcfc14fa81226074036622976d95897ff84b58d66,ETH,exploit,rekt_news,bingx-rekt,e186c1e54b02c Exploiter Address 9: 0x49284f0ab5098d7effb3392124903c081d1b9f7e Exploiter Address 10: @ The following 3 addresses were suspected to be involved as well and had intera,
0xf26e64ef4300ca027d2ffedd7d765d7a3906091c,ETH,exploit,rekt_news,bingx-rekt,170966bb6b3AEE Exploiter Address 5: 0x719981cf7D1a1dC681a1cf0C6B1eeeE090D0FEd6 Exploiter Address 6: @ Exploiter Address 7: 0xb77a4a9678315775c4ba89f18f84f87538e748f5 Exploiter Addr,
0xf7e8033366166f92eb477b7b38e0d47d47b43326,ETH,exploit,rekt_news,bingx-rekt,ter addresses and three additional suspected addresses involved in the attack. Exploiter Address 1: @ Exploiter Address 2: 0xb0146aec3593410c8307b570af69adf4d74678b3 Exploiter Addr,
0x489a8756c18c0b8b24ec2a2b9ff3d4d447f79bec,ETH,exploit,rekt_news,bnb-bridge-rekt,"ttacker was able to forge, specifically for block 110217401, from August 2020. Exploiter’s address: @ As samczsun put it: In summary, there was a bug in the way that the Binance Br",
EXaJnmrLf7RAKLfn1hehoKX94keKYmvZm5H5zuYVeh42,SOL,exploit,rekt_news,bonkdao-rekt,"balance had moved again , to a second address ending in &quot;eh42&quot;. Second Attacker’s Wallet: @ No portion of it reached the eighteen thousand members who never voted. None o",
0x8f55d884cad66b79e1a131f6bcb0e66f4fd84d5b,ETH,exploit,rekt_news,bonq-rekt, 0xcacf2d28b2a5309e099f0c6e8c60ec3ddf656642 Example attack tx: 0x31957ecc… Attacked smart contract: @ Samczsun summarised the attack as follows: the attacker said &quot;btw 1 ALBT ,
0xcacf2d28b2a5309e099f0c6e8c60ec3ddf656642,ETH,exploit,rekt_news,bonq-rekt,"ds for collateral valuation will not be tolerated.” Credit: Peckshield , Beosin Attacker’s address: @ Example attack tx: 0x31957ecc… Attacked smart contract: 0x8f55d884cad66b79e1a1",
0x9a4966152f6e10b33cb7a37975e8619816d6a494,ETH,exploit,rekt_news,bonzo-finance-rekt,"… Wallet A, primary attacker’s Hedera Account: 0.0.10633526 Wallet A, primary attacker’s EVM Alias: @ Wallet A, linked EVM address used once funds bridged over to Ethereum: 0xaf20D",
0x0fe41fe8786329fb6bd8f2baa73aa55e770f0951,ETH,exploit,rekt_news,btcturk-rekt,f32d0d210597a996060fbdb5b068b0ea ($15.2 Million) 0x95ab53305bc71d0e6e2d46f2e62690599cbc87fc ($800K) @ ($16.7 Million) Further digging by Beosin revealed more stolen finds were sent,
0x7d91d1ebeba91257733a523409125aedac5d8b6e,ETH,exploit,rekt_news,btcturk-rekt,tiple collection points. Blocksope highlighted that the primary exploiters consolidated funds here: @ 0xb4b537626e21df5386cf167d1e654b38785056cc 0xa041feb3a8297c5689fee180083164a06,
0xb4b537626e21df5386cf167d1e654b38785056cc,ETH,exploit,rekt_news,btcturk-rekt,ted that the primary exploiters consolidated funds here: 0x7d91d1ebeba91257733a523409125aedac5d8b6e @ 0xa041feb3a8297c5689fee180083164a061a17fd6 Blockscope tracked how consolidated,
0x0c3d8fa7762ca5225260039ab2d3990c035b458d,ETH,exploit,rekt_news,bunni-rekt, Attacker on Ethereum:**\n[0x0C3d8fA7762Ca5225260039ab2d3990C035B458D](https://etherscan.io/address/@)\n\n**Primary Attacker on Unichain:** \n[0x0C3d8fA7762Ca5225260039ab2d3990C035,
0xafad9352eb6bcd085dd68268d353d0ed2571af89,ETH,exploit,rekt_news,bzx-rekt," containing a list of addresses used by the hacker across [Polygon](https://polygonscan.com/address/@), BSC ([1](https://bscscan.com/address/0x0ACC0e5faA09Cb1976237c3a9aF3D3d4b2f35",
0x86766247ba3405c5f15f06b895294200809e9cfb,ETH,exploit,rekt_news,cashio-rekt," and swapped for \u003e16k ETH (~$48M) which remains in [this wallet.](https://etherscan.io/address/@)\n\n**Following the attack, the exploiter’s [SOL address](https://solscan.io/a",
6D7fgzpPZXtDB6Zqg3xRwfbohzerbytB2U5pFchnVuzw,SOL,exploit,rekt_news,cashio-rekt,"294200809e9cfb)\n\n**Following the attack, the exploiter’s [SOL address](https://solscan.io/account/@) emitted hundreds of transactions of relatively small amounts of USDC to diffe",
0x89012a55cd6b88e407c9d4ae9b3425f55924919b,ETH,exploit,rekt_news,cetus-rekt,xe28b50cef1d633ea43d3296a3f6b67ff0312a5f1a99f0af753c85b8b5de8ff06 Attacker&#x27;s Ethereum Address: @ First rule of crypto crime: convert your stolen meme coins into something liqu,
0x012fc6377f1c5ccf6e29967bce52e3629aaa6025,ETH,exploit,rekt_news,cloberdex-rekt,\n**Attacker Address:**\n[0x012Fc6377F1c5CCF6e29967Bce52e3629AaA6025 ](https://basescan.org/address/@)\n\nThe stolen funds didn't stay still for long.\n\n \n\n[PeckShield tracked t,
6peRRbTz28xofaJPJzEkxnpcpR5xhYsQcmJHQFdP22n,SOL,exploit,rekt_news,coindcx-rekt,ing with a final $5 million transfer. The stolen funds landed across multiple addresses: Solana #1: @ Solana #2: 3btch8cSVp3Uh2SiY9DeiRNYUBmFiBNHZQzDyecJs7Gu Ethereum (holding roug,
0x10db234e02c3889d8e408c7084e8ce10892bdad7,ETH,exploit,rekt_news,conic-finance-rekt,": 0x8b74995d… Original failed tx (1st attack): 0x97a8315e… Original exploiter address (1st attack): @ The second attack was somewhat simpler and far less damaging , apart from to C",
0x8d67db0b205e32a5dd96145f022fa18aae7dc8aa,ETH,exploit,rekt_news,conic-finance-rekt, pools. Our reentrancy protection failed to trigger because of that Exploiter address (1st attack): @ Over 1700 ETH (around $3.3M) was forwarded to a secondary address: 0x3d32c5a2e,
0xb6369f59fc24117b16742c9dfe064894d03b3b80,ETH,exploit,rekt_news,conic-finance-rekt,"olen from the crvUSD Omnipool, giving the attacker a profit of approx. $300,000. Exploiter address: @ Example hack tx: 0x37acd17a… Frontrunning bot (returned 81 ETH): 0xd050e0a4838",
0x47713cb34fabd63b39d7c5c6f675dca39d22762b,ETH,exploit,rekt_news,cork-protocol-rekt," malicious contract was deployed by an address likely funded by a service provider. Funding Wallet: @ MistTrack identified the exploiter and traced the gas fees back to Swapuz , a ",
0xea6f30e360192bae715599e15e2f765b49e4da98,ETH,exploit,rekt_news,cork-protocol-rekt,n\n**Attacker Address:**\n[0xEA6f30e360192bae715599E15e2F765B49E4da98](https://etherscan.io/address/@)\n\n \n\n**Attacker’s Malicious Callback Contract:**\n[0x9Af3dCE0813FD7428c47F,
0x85abf036ca922e56fed670f4d3ce53fc4ea52b95,ETH,exploit,rekt_news,cover-rekt,"around $4.4 million of user funds and transferred it to this [address](https://etherscan.io/address/@#tokentxns).**\n\nIt seems the loophole was discovered accidentally at first, a",
0x0ec306d7634314d35139d1df4a630d829475a125,ETH,exploit,rekt_news,cream-rekt,"/etherscan.io/address/0x38c40427efbaae566407e4cde2a91947df0bd22b), [B](https://etherscan.io/address/@) and [exploiter wallet](https://etherscan.io/address/0xce1f4b4f17224ec6df16eeb",
0x38c40427efbaae566407e4cde2a91947df0bd22b,ETH,exploit,rekt_news,cream-rekt,"989c95b4d13c81b69d5ddad7ffe61e) (one of 17)**\n\nAttack contracts: [A](https://etherscan.io/address/@), [B](https://etherscan.io/address/0x0ec306d7634314d35139d1df4a630d829475a125)",
0xce1f4b4f17224ec6df16eeb1e3e5321c54ff6ede,ETH,exploit,rekt_news,cream-rekt,"ime of writing, the stolen ETH (currently worth just over $18M) remains in the exploiter’s address: @ Cream has never had a great reputation. Perhaps this is why many believed this",
0xff20817765cb7f73d4bde2e66e067e58d11095c2,ETH,exploit,rekt_news,cream-rekt,rancy.\n\nThe reentrancy vulnerability within the [AMP token contract](https://etherscan.io/address/@#code) allowed the exploiter to nest a second borrow() function inside the toke,
0x24354d31bc9d90f62fe5f2454709c32049cf866b,ETH,exploit,rekt_news,cream-rekt-2,"an.io/address/0x961d2b694d9097f35cfffa363ef98823928a330d), [Address B](https://etherscan.io/address/@)\n\n**The hacker was able to take advantage of a pricing vulnerability by repe",
0x961d2b694d9097f35cfffa363ef98823928a330d,ETH,exploit,rekt_news,cream-rekt-2,"aD0LPtB9fxqIsXQmQ\u0026s=19)_\n\n**Exploiter wallets:**\n\n[Address A](https://etherscan.io/address/@), [Address B](https://etherscan.io/address/0x24354d31bc9d90f62fe5f2454709c3204",
0xc4662b3313333d18a3f49aee24972185114150b6,ETH,exploit,rekt_news,credix-rekt,ee initial wallets. Attacker’s Primary Ethereum Wallets: 0xea39a99090d7f8f7f8f9a88dd730c452dcd6dbba @ 0xf321683831be16eed74dfa58b02a37483cec662e The attacker later consolidated fun,
0xea39a99090d7f8f7f8f9a88dd730c452dcd6dbba,ETH,exploit,rekt_news,credix-rekt,hanism. CertiK tracked the funds across three initial wallets. Attacker’s Primary Ethereum Wallets: @ 0xc4662b3313333d18a3f49aee24972185114150b6 0xf321683831be16eed74dfa58b02a37483,
0xf321683831be16eed74dfa58b02a37483cec662e,ETH,exploit,rekt_news,credix-rekt,"reum Wallets: 0xea39a99090d7f8f7f8f9a88dd730c452dcd6dbba 0xc4662b3313333d18a3f49aee24972185114150b6 @ The attacker later consolidated funds into a fourth address, showing they were",
Esmx2QjmDZMjJ15yBJ2nhqisjEt7Gqro4jSkofdoVsvY,SOL,exploit,rekt_news,crema-finance-rekt,eum and swapped for ETH) and remain in the hacker’s SOL and ETH addresses. Exploiter’s SOL address: @ Exploiter’s ETH address: 0x8021b2962dB803b73Aa874030B0B42c202E8458F The Crema ,
0x50f9202e0f1c1577822bd67193960b213cd2f331,ETH,exploit,rekt_news,curve-finance-rekt,"he malicious contract immediately: 0x9eb5f8e83359bb5013f3d8eee60bdce5654e8881 . Attacker’s address: @ The stolen funds (340 ETH, or ~$575k, in total) have been deposited to CEXs Fi",
0x9eb5f8e83359bb5013f3d8eee60bdce5654e8881,ETH,exploit,rekt_news,curve-finance-rekt,ers who interacted with the platform should revoke approvals to the malicious contract immediately: @ . Attacker’s address: 0x50f9202e0f1c1577822bd67193960b213cd2f331 The stolen fu,
0x6ec21d1868743a44318c3c259a6d4953f9978538,ETH,exploit,rekt_news,curve-vyper-rekt,tective actions were taken) in version 0.3.1. Attacker’s addresses and attack transactions: JPEG’D: @ Tx: 0xa84aa065… Alchemix: 0xdce5d6b41c32f578f875efffc0d422c57a75d7d8 Tx: 0xb67,
0xa43b89d5e7951d410585360f6808133e8b919289,ETH,exploit,rekt_news,daomaker-rekt,"xit with 2.5M CPD, twice 0xdd571023d95ff6ce5716bf112ccb752e86212167 - emergencyExit with 1.44M DERC @ - emergencyExit with approx 20.6M SHO After the exploit and swap routine, the ",
0xee08d6c3a983eb22d7137022f0e9f5e7d4cf0be2,ETH,exploit,rekt_news,defilabs-rekt," funds include BSC-USD (the vast majority), Cake, wrapped BTC and ETH, and BUSD. Exploiter address: @ Rug contract: 0xdEDbd1804569F369e33e453Ee311F0F97dCd0Bde Example tx: 0xcd255e0",
0x118203b0f2a3ef9e749d871c8fef5e5e55ef5c91,ETH,exploit,rekt_news,dego-finance-rekt,"sly the attacker took it all. Slowmist shows a list of the stolen assets. Attackers address on ETH: @ And Binance Smart Chain , and Cronos The attacker helped themselves to multipl",
0xd550cfea0bffdc81b2dee7b6d915d9d9e31d83a2,ETH,exploit,rekt_news,deltaprime-rekt,d Proxy Admin Address:** \n[0xd550cfeA0BFFDC81B2dEe7B6d915D9D9e31d83A2](https://arbiscan.io/address/@)\n\n \n\nThis nefarious upgrade allowed the attacker to artificially inflate t,
0xb87881637b5c8e6885c51ab7d895e53fa7d7c567,ETH,exploit,rekt_news,deltaprime-rekt2,"ed: The Arbitrum Exploit kicked off our exploiter&#x27;s masterclass. Attacker Address on Arbitrum: @ A flash loan of 59.9 ETH set the stage, supplied to DeltaPrime like bait in a ",
0xd3d535141831f6bd8b7df92e2ae0463d60af2413,ETH,exploit,rekt_news,deltaprime-rekt2,llowed the same recipe. Attacker Addresses on Avalanche: 0xd5381c683191EB0999a51567274abAB73a9Df0AD @ The periphery adaptor contract flaw proved just as fatal on a different chain.,
0xd5381c683191eb0999a51567274abab73a9df0ad,ETH,exploit,rekt_news,deltaprime-rekt2,dresses on Avalanche:** \n[0xd5381c683191EB0999a51567274abAB73a9Df0AD](https://snowscan.xyz/address/@)[0xd3d535141831f6bd8b7df92e2ae0463d60af2413](https://snowscan.xyz/address/0xd3,
0x189cf534de3097c08b6beaf6eb2b9179dab122d1,ETH,exploit,rekt_news,deus-dao-r3kt,s approves all tokens from the address to your own call transferFrom Attacker’s address (Arbitrum): @ Example attack tx (Arbitrum): 0xb1141785… Frontrunner address (BSC): 0x5a647e3,
0x5a647e376d3835b8f941c143af3eb3ddf286c474,ETH,exploit,rekt_news,deus-dao-r3kt,3097c08b6beaf6eb2b9179dab122d1 Example attack tx (Arbitrum): 0xb1141785… Frontrunner address (BSC): @ Example attack tx (BSC): 0xde2c8718… Attacker’s address (Ethereum): 0x189cf534,
0xb8f5c9e18abbb21dfa4329586ee74f1e2b685009,ETH,exploit,rekt_news,deus-dao-rekt,"s/0xec1fc57249cea005fc16b2980470504806fca20d#code), with [the attacker](https://ftmscan.com/address/@) making ~$3M profit.\n\nFive months have passed since we [last reported](https",
0xec1fc57249cea005fc16b2980470504806fca20d,ETH,exploit,rekt_news,deus-dao-rekt,"via a flash loan attack on the recently launched DEI [lending contract](https://ftmscan.com/address/@#code), with [the attacker](https://ftmscan.com/address/0xb8f5c9e18abbb21dfa432",
0x701428525cbac59dae7af833f19d9c3aaa2a37cb,ETH,exploit,rekt_news,deus-dao-rekt-2,he Muon manipulation)_ was sent from the attacker’s address on [Fantom](https://ftmscan.com/address/@) to [Ethereum](https://etherscan.io/address/@) and then on,
0x684083f312ac50f538cc4b634d85a2feafaab77a,ETH,exploit,rekt_news,dexible-rekt,"ny account that had spend approval on the Dexible contract Attacker addresses ( ETH , ARBI , BSC ): @ Example tx: 0x138daa4c… Relatively few addresses were affected, with the major",
0xe0d551017c0111ac11108641771897aa33b2817c,ETH,exploit,rekt_news,dforce-network-rekt,"dation of other users using wstETHCRV-gauge as collateral. Exploiter’s address ( OP , ARBI , ETH ): @ Attack tx OP: 0x6c197621… Attack tx ARBI: 0x5db5c240… The vulnerability has be",
0x17f79e70ae89c6e32a9244d3d57b7aa648246468,ETH,exploit,rekt_news,drained-by-design, Players are as follows… Coinbase Fee Wallet: 0x382ffce2287252f930e1c8dc9328dac5bf282ba1 Exploiter: @ Bot: 0xac13439d598cd1a60c14c965ed0fa7c46cb0d89d The exploiter&#x27;s wallet te,
0x382ffce2287252f930e1c8dc9328dac5bf282ba1,ETH,exploit,rekt_news,drained-by-design,s of different tokens hemorrhage from Coinbase&#x27;s corporate wallet. Coinbase&#x27;s Fee Wallet: @ . The culprit wasn&#x27;t some undiscovered vulnerability or complex exploit -,
0xac13439d598cd1a60c14c965ed0fa7c46cb0d89d,ETH,exploit,rekt_news,drained-by-design,382ffce2287252f930e1c8dc9328dac5bf282ba1 Exploiter: 0x17f79e70ae89c6e32a9244d3d57b7aa648246468 Bot: @ The exploiter&#x27;s wallet tells a story. The wallet was funded by a smart co,
0xd91a122b585bc588c9a48d0995ee0d7b4f8ab7dd,ETH,exploit,rekt_news,drift-protocol-rekt,"d to Ethereum via Chainflip, fragmenting the trail across platforms. Chainflip destination address: @ On Ethereum, the attacker consolidated stolen funds into ETH across four recei",
5zpq7DvB6UdFFvpmBPspGPNfUGoBRRCE2HHg5u3gxcsN,SOL,exploit,rekt_news,drift-protocol-rekt," With that, Drift&#x27;s State account had a new owner . Attacker owned Drift&#x27;s State account: @ In the same slot , whoever now controlled that key acted immediately. A new co",
8ubo4HbWJHKyFJYJc2Gh74dxCP7bN7Fu2Pi13KZ9rGxw,SOL,exploit,rekt_news,drift-protocol-rekt,"allet (stolen tokens): HkGz4KmoZ7Zmk7HN6ndJ31UJ1qZ2qgwQxgVqQwovpZES Secondary consolidation wallet: @ From there, the exit was methodical. Some stolen assets were routed through Ju",
CZRBcHAvXU6TzzjGuG4rT98UuTR7PBUeSGPZRDW5mfYW,SOL,exploit,rekt_news,drift-protocol-rekt,ZqWneSek1hU5cQRvhw 39JyWrdbVdRqjzw9yyEjxNtTbTKcTPLdtdCgbz7C7Aq8 Attacker-controlled nonce accounts: @ 48cV6Mw5Y5afT8ofukvtFaMtrsCohHhsv8MfbdW8agh3 In the days following the nonce s,
HkGz4KmoZ7Zmk7HN6ndJ31UJ1qZ2qgwQxgVqQwovpZES,SOL,exploit,rekt_news,drift-protocol-rekt,al cascade): 55udxhScWQxM7cC9d1NPBQoEDC7B38w81EWKPZsM7ZCW Primary receiving wallet (stolen tokens): @ Secondary consolidation wallet: 8ubo4HbWJHKyFJYJc2Gh74dxCP7bN7Fu2Pi13KZ9rGxw F,
JCNCMFXo5M5qwUPg2Utu1u6YWp3MbygxqBsBeXXJfrw,SOL,exploit,rekt_news,drift-protocol-rekt,"). Then lower. [Currently sitting just south of $8 million](https://intel.arkm.com/explorer/address/@).\n\n \n\n**The attacker, meanwhile, [was already converting to ETH](https://x",
0xeb3a9c56d963b971d320f889be2fb8b59853e449,ETH,exploit,rekt_news,dxsale-rekt,"s code. The code was never the problem.** \n \n[A 2021 locker contract](https://bscscan.com/address/@) - unmaintained, unmonitored, still holding millions in locked LP tokens from ",
0x223034edbe95823c1160c16f26e3000315171ca9,ETH,exploit,rekt_news,eminence-rekt-in-prod,"ypto, what happened next certainly is.\n\n11 minutes after [removing ](https://etherscan.io/address/@#tokentxns)$15 million in DAI, the attacker [returned ](https://etherscan.io/tx",
0x00600423c03ec4b46f9b8a28c66d42bdd1b19c36,ETH,exploit,rekt_news,epic-hack-homie,e the attackers funds are flowing through Uniswap and consolidating in the following two addresses. @ 0xf519e276958c3ef2dffd9b6b2d87d26859526505 One of the first tokens to be moved,
0xf519e276958c3ef2dffd9b6b2d87d26859526505,ETH,exploit,rekt_news,epic-hack-homie,niswap and consolidating in the following two addresses. 0x00600423c03ec4b46f9b8a28c66d42bdd1b19c36 @ One of the first tokens to be moved out of the hackers address was a relativel,
0x374f4bd39ad211e67e0f8cb8ebf1b4f6ac3059ad,ETH,exploit,rekt_news,ethtrustfund-rekt,*Bad actor’s address:**\n[0x374f4BD39aD211e67e0f8Cb8Ebf1b4F6Ac3059aD ](https://etherscan.io/address/@)\n\n**Theft Transactions:**\n\n**3.2 million BRETT ($453k stolen on July 20):*,
0xb66cd966670d962c227b3eaba30a872dbfb995db,ETH,exploit,rekt_news,euler-rekt,ate an unbacked DToken debt that will never be liquidated. Attacker’s address (where funds remain): @ Example tx (DAI): 0xc310a0af… SlowMist provided a summary of the addresses and,
0x417179df13ba3ed138b0a58eaa0c3813430a20e0,ETH,exploit,rekt_news,exactly-protocol-rekt,73a2e38f571af9 Exploiter address 2: 0xe4f34a72d7c18b6f666d6ca53fbc3790bc9da042 Exploiter address 3: @ Attack contract: 0x6dd61c69415c8ecab3fefd80d079435ead1a5b4d Example attack tx:,
0x6dd61c69415c8ecab3fefd80d079435ead1a5b4d,ETH,exploit,rekt_news,exactly-protocol-rekt,a53fbc3790bc9da042 Exploiter address 3: 0x417179df13ba3ed138b0a58eaa0c3813430a20e0 Attack contract: @ Example attack tx: 0x3d6367de… The attacker was funded from Tornado Cash on Et,
0xe4f34a72d7c18b6f666d6ca53fbc3790bc9da042,ETH,exploit,rekt_news,exactly-protocol-rekt,s’ collateral. Exploiter address 1: 0x3747dbbcb5c07786a4c59883e473a2e38f571af9 Exploiter address 2: @ Exploiter address 3: 0x417179df13ba3ed138b0a58eaa0c3813430a20e0 Attack contrac,
0x6162759edad730152f0df8115c698a42e666157f,ETH,exploit,rekt_news,fei-rari-rekt,"146, 156**\n\nAttacker’s address (inc. all exploit txs): **[0x616275…](https://etherscan.io/address/@)** \n\nAttack contracts: **[0xE39f3C…](https://etherscan.io/address/0xE39f3C40",
0x86765dde9304bea32f65330d266155c4fa0c4f04,ETH,exploit,rekt_news,furucombo-rekt,"2895f63206afCd1Fc90Ca5f) think that Aave V2 had a new [implementation](https://etherscan.io/address/@).\n\nThe new implementation was, of course, malicious, and had the ability to ",
0xe2ca471124b124831e231fb835778840ad100f97,ETH,exploit,rekt_news,gala-games-rekt,"changing the freshly minted GALA for ETH, executing transactions up to 100 ETH. GALA for ETH swaps: @ 2 hours and 16 minutes later, Gala admins intervened by blocking the exploiter",
0x4b57adc00ac38f74506d29fc4080e3dc65b78a69,ETH,exploit,rekt_news,gamma-strategies-rekt,"flow: Attacker address ( ETH , ARB ): 0x5351536145610aa448a8bf85ba97c71caf31909c Attack contract 1: @ Example attack tx: 0x025cf285… The majority of funds were bridged back to the ",
0x8e18fb32061600a82225cabd7fecf5b1be477c43,ETH,exploit,rekt_news,gempad-rekt,ontract on Mainnet:** \n\n[0x8e18Fb32061600A82225CAbD7fecF5b1be477c43](https://etherscan.io/address/@)\n\n \n\n**Attack Contract on BSC:**\n\n[0x8e18Fb32061600A82225CAbD7fecF5b1be4,
0xfdd9b0a7e7e16b5fd48a3d1e242af362bc81bcaa,ETH,exploit,rekt_news,gempad-rekt, address on Mainnet:**\n\n[0xFDd9b0A7e7e16b5Fd48a3D1e242aF362bC81bCaa](https://etherscan.io/address/@)\n\n \n**Attacker address on BSC:** \n\n[0xFDd9b0A7e7e16b5Fd48a3D1e242aF362bC8,
0xd8c21702b74d14b68f2580e28c10ecc53304c274,ETH,exploit,rekt_news,grand-base,9dd5adc43aa92 Stolen funds are currently sitting in 2 wallets. Wallet 1: https://debank.com/profile/@ Wallet 2: https://debank.com/profile/0xb124546f9f89f178a785d539d299e372b9dc1ec,
0x73e95ae5f3b87e02d4547afe86d0d466e9450d6b,ETH,exploit,rekt_news,gravity-bridge-rekt,7A47 Tornado Cash Routing Address: 0xc8c71ae4261e55a66d9967f2ac252be4e669f562 Other Attacker EOAs : @ 0xDaf38ad7f8F7431978d6bFffa78A23e4c5f010c6 0x91B52e07132a49DAD1B7a3939a51547f7,
0x91b52e07132a49dad1b7a3939a51547f79468ec7,ETH,exploit,rekt_news,gravity-bridge-rekt,"strator Ethereum key:** \n[0x91B52e07132a49DAD1B7a3939a51547f79468Ec7](https://etherscan.io/address/@)\n\n \n_With that foothold established, the attacker moved to Osmosis._ \n \n*",
0xc8c71ae4261e55a66d9967f2ac252be4e669f562,ETH,exploit,rekt_news,gravity-bridge-rekt,let (Primary Fund Holder): 0x4d3ca32e687e871a58b78AcAc73bE59AC37C7A47 Tornado Cash Routing Address: @ Other Attacker EOAs : 0x73e95ae5f3b87e02d4547afe86d0d466e9450d6b 0xDaf38ad7f8F,
0x54a978238984d581edd3a9359dda9be53a930a7e,ETH,exploit,rekt_news,griffinai-rekt,dmin Address (On BSC):** \n[0x54A978238984d581EdD3a9359dDA9BE53A930a7e](https://bscscan.com/address/@)\n\n**Malicious Contract Peer Address (On Ethereum):** \n[0xba159054636e69080a,
0xba159054636e69080ae7c756319e5c85498efeb0,ETH,exploit,rekt_news,griffinai-rekt,(On BSC): 0x54A978238984d581EdD3a9359dDA9BE53A930a7e Malicious Contract Peer Address (On Ethereum): @ The setPeer transaction on BSC shows exactly when the attacker gained their mi,
0xf1755a2b7d0e418e9bab4f81ad674fa39fa7f23d,ETH,exploit,rekt_news,griffinai-rekt,l sitting on 20 ETH:** \n[0xf1755A2b7d0e418E9BAB4F81AD674fa39fA7F23D ](https://etherscan.io/address/@)\n\n**The attacker didn't need to cash out everything to destroy everything.**,
0xf3d17326130f90c1900bc0b69323c4c7e2d58db2,ETH,exploit,rekt_news,griffinai-rekt,"d 5 billion GAIN tokens , bloating total supply from 1 billion to 5.2985 billion. Attacker address: @ Here&#x27;s what makes it beautiful: they dumped just 147.5 million tokens. Th",
0xdefc385d7038f391eb0063c2f7c238cfb55b206c,ETH,exploit,rekt_news,grim-finance-rekt,s back 11) Remove liquidity and get more XXX and YYY tokens 12) Repay Flashloan Attacker’s address: @ The Grim Finance team has an ongoing investigation tracking the movement of fu,
0xb2c035eee03b821cbe78644e5da8b8eaa711d2e5,ETH,exploit,rekt_news,gymnet-rekt,"he hacker can then simply withdraw their balance of falsely credited deposits. Exploiter’s address: @ Example exploit tx: 0x8432c1… The attacker was funded via Tornado Cash, and th",
0x0d043128146654c7683fbf30ac98d7b2285ded00,ETH,exploit,rekt_news,harmony-rekt,"sary to pass any transactions they like, such as draining $100M from the bridge. Exploiter address: @ Harmony ETH Bridge: 0xf9fb1c508ff49f78b60d3a96dea99fa5d7f3a8a6 Harmony ERC20 B",
0x58f4baccb411acef70a5f6dd174af7854fc48fa9,ETH,exploit,rekt_news,harmony-rekt,"herscan.io/address/0x9e91ae672e7f7330fc6b9bab9c259bd94cd08715) and [3](https://etherscan.io/address/@), swapped into ETH and returned to the main address, where they remain.\n\nOn ",
0x9e91ae672e7f7330fc6b9bab9c259bd94cd08715,ETH,exploit,rekt_news,harmony-rekt,ony-explorer.png)\n\nThe above were sent on to exploiter addresses [2](https://etherscan.io/address/@) and [3](https://etherscan.io/address/0x58f4baccb411acef70a5f6dd174af7854fc48f,
0xf9fb1c508ff49f78b60d3a96dea99fa5d7f3a8a6,ETH,exploit,rekt_news,harmony-rekt, from the bridge. Exploiter address: 0x0d043128146654c7683fbf30ac98d7b2285ded00 Harmony ETH Bridge: @ Harmony ERC20 Bridge: 0x2dCCDB493827E15a5dC8f8b72147E6c4A5620857 Harmony BUSD ,
0xfd53b1b4af84d59b20bf2c20ca89a6beeaa2c628,ETH,exploit,rekt_news,harmony-rekt,"99fa5d7f3a8a6 Harmony ERC20 Bridge: 0x2dCCDB493827E15a5dC8f8b72147E6c4A5620857 Harmony BUSD Bridge: @ Beginning at 11:06 UTC, the hacker sent 13.1k ETH from the ETH Bridge to the e",
0x121a0ff24027fffcdd0ae008da82f2789c7945cc,ETH,exploit,rekt_news,heco-htx-rekt,"9ad HTX attacker 1 (ETH): 0x5a22f867dfcb4f32d25a5fa365b9d9d78d5515dc HTX attacker 2 (other assets): @ After receiving, funds were forward on to various further addresses; Hacken pr",
0xfc146d1caf6ba1d1ce6dcb5b35dcbf895f50b0c4,ETH,exploit,rekt_news,heco-htx-rekt,"de up of: 1,240 ETH ($2.5M), 7.3M USDT, 1.78M USDC, and 62.2K $LINK ($870k). HECO attacker address: @ Compromised operator address: 0x3d655889d197125fb90dcb72e4a287a8410ed1b9 HECO ",
0x5a4bc2bda1f6b9929b6efdcef4728246bec4c635,ETH,exploit,rekt_news,hedgey-finance-rekt,"10E848B48530047a8c5b).\n\n \n\n_Hedgey [sent an onchain message](https://etherscan.io/idm?addresses=@,0xd84f48b7d1aafa7bd5905c95c5d1ffb2625ada46\u0026type=1) to the attacker lookin",
0xbc452fdc8f851d7c5b72e1fe74dfb63bb793d511,ETH,exploit,rekt_news,hedgey-finance-rekt,93113f1548b97e37c409f39244ee44241bf2b3 Exploited Contract on Ethereum: https://etherscan.io/address/@ Exploiter’s address on Arbitrum: https://arbiscan.io/txs?a=0xc7241e27ee4b8d32b,
0xc7241e27ee4b8d32b59a10e848b48530047a8c5b,ETH,exploit,rekt_news,hedgey-finance-rekt,bc452fdc8f851d7c5b72e1fe74dfb63bb793d511 Exploiter’s address on Arbitrum: https://arbiscan.io/txs?a=@ Attack Contract on Arbitrum: https://arbiscan.io/txs?a=0xbb52f1723ddf2c84ba266,
0xd84f48b7d1aafa7bd5905c95c5d1ffb2625ada46,ETH,exploit,rekt_news,hedgey-finance-rekt,"t an onchain message](https://etherscan.io/idm?addresses=0x5a4bc2bda1f6b9929b6efdcef4728246bec4c635,@\u0026type=1) to the attacker looking to get in touch and discuss next steps. T",
0xded2b1a426e1b7d415a40bcad44e98f47181dda2,ETH,exploit,rekt_news,hedgey-finance-rekt,oved to the attacker&#x27;s contract. Exploiter’s address on Ethereum: https://etherscan.io/address/@ Attack Contract on Ethereum: https://etherscan.io/address/0xc793113f1548b97e37,
0x9e995952ef7665b243eeef0693acd7fed7150504,ETH,exploit,rekt_news,humanity-protocol-rekt," held by one address:** \n[0x9e995952eF7665B243eeEF0693acD7FEd7150504](https://etherscan.io/address/@)\n\n**Since then, the funds were transferred to these following addresses:** \",
0x155da45d374a286d383839b1ef27567a15e67528,ETH,exploit,rekt_news,hundred-rekt2," it off, the redeemUnderlying function contained a rounding error. Attacker’s address ( OP , ETH ): @ Hack tx 1: 0x6e9ebcde… Hack tx 2: 0x15096dc6… Peckshield summed up the exploit",
0x8d010bf9c26881788b4e6bf5fd1bdc358c8f90b8,ETH,exploit,rekt_news,hyperbridge-rekt,erV1 Contract (vulnerable): 0x6C84eDd2A018b1fe2Fc93a56066B5C60dA4E6D64 Hijacked DOT Token Contract: @ Primary Attacker: 0xc513e4f5d7a93a1dd5b7c4d9f6cc2f52d2f1f8e7 Primary Attack Tr,
0xc0564bba9ba5a9be95ae866429f936012e1bf143,ETH,exploit,rekt_news,hyperbridge-rekt,**Attacker’s Address:** \n[0xc0564bBa9Ba5A9bE95AE866429F936012E1bF143](https://etherscan.io/address/@)\n\n**Contract Used in Attack:**\n[0xCcd363E1A098558b17431b934fffac9906855a5d],
0xc513e4f5d7a93a1dd5b7c4d9f6cc2f52d2f1f8e7,ETH,exploit,rekt_news,hyperbridge-rekt,"s was already moving funds by the time the first alerts landed. Primary Attacker Address on Arkham: @ Hyperbridge went quiet for hours. When the team did speak, they opened with &q",
0xfd413e3afe560182c4471f4d143a96d3e259b6de,ETH,exploit,rekt_news,hyperbridge-rekt,"rbridge-exploit-mints-1-billion) Hyperbridge's [TokenGateway contract](https://etherscan.io/address/@) was hit for 245 ETH, approximately $570k, before the main attack made headlin",
0x3ea6ba6d3415e4dfd380516c799aafa94e420519,ETH,exploit,rekt_news,hypr-network-rekt,x27; modifier. Exploiter address 1: 0x5b8d598b354f5760b2a65f492154e7a3df46d1be Exploiter address 2: @ Attack tx: 0x51ce3d9c… The exploiter was funded from hacker-favourite FixedFlo,
0x5b8d598b354f5760b2a65f492154e7a3df46d1be,ETH,exploit,rekt_news,hypr-network-rekt,"he contract, due to the existence of the &#x27;clearLegacySlot&#x27; modifier. Exploiter address 1: @ Exploiter address 2: 0x3ea6ba6d3415e4dfd380516c799aafa94e420519 Attack tx: 0x5",
0xc49b5e5b9da66b9126c1a62e9761e6b2147de3e1,ETH,exploit,rekt_news,infini-rekt,"e smoking gun? Exploiter’s Contract Address: 0x9A79f4105A4e1A050Ba0b42F25351D394fA7E1DC Created by: @ This wasn’t just an exploit—it was a trap, wired into the contract from day on",
0x7b792e49f640676b3706d666075e903b3a4deec6,ETH,exploit,rekt_news,inverse-rekt2,", and 68 remain in the address. Exploiter’s address, funded via Tornado Cash 2 mins before exploit: @ Exploit contract: 0xf508c58ce37ce40a40997c715075172691f92e2d Exploit tx: 0x958",
0xf508c58ce37ce40a40997c715075172691f92e2d,ETH,exploit,rekt_news,inverse-rekt2,ia Tornado Cash 2 mins before exploit: 0x7b792e49f640676b3706d666075e903b3a4deec6 Exploit contract: @ Exploit tx: 0x958236… Withdrawing 100k USDT from the contract: 0x3d2f86… Withd,
0x15ed470607601274df6ed71172614b67001901eb,ETH,exploit,rekt_news,ionic-money-rekt,y Laundering Pipeline:**\n[0x15Ed470607601274df6ED71172614B67001901Eb](https://etherscan.io/address/@)\n\nBut our thrifty thief isn't done yet - they're still sitting on 38.34 MBTC,
0x964dd444e3192f636322229080a576077b06fba3,ETH,exploit,rekt_news,ionic-money-rekt,bs tell the tale. Exploiter Address: 0x9E34d89C013Da3BF65fc02b59B6F27D710850430 Fake LBTC Contract: @ The attack itself played out like a speedrunner&#x27;s masterpiece. Mint 250 L,
0x6487b5006904f3db3c4a3654409ae92b87ed442f,ETH,exploit,rekt_news,iotex-rekt,*Primary Exploit EOA:**\n[0x6487B5006904f3Db3C4a3654409AE92b87eD442f ](https://etherscan.io/address/@)\n\n**Secondary Exploit EOA:**\n[0xE6A191a894dD3c85e3c89926e9f476F818eE55d9](h,
0xe6a191a894dd3c85e3c89926e9f476f818ee55d9,ETH,exploit,rekt_news,iotex-rekt,"DefimonAlerts/status/2025148338635469074) and [9.3 million CCS tokens](https://etherscan.io/address/@#asset-multichain) ([deprecated tokens with no market value, per Chai](https://",
0xe5f7ae14f02894fcf46ffcb225cc4db38f3c4962,ETH,exploit,rekt_news,jaypegs-automart-rekt,unds were returned. Hacker OG address - 0x3dDD8b6D092df917473680d6C41F80F708C45395 0x3dD funded by: @ Binance link 0xe5f funded by: 0xba6f4f83329b9500672c6955fd5082c9434aaf74 Binan,
0x102be4bccc2696c35fd5f5bfe54c1dfba416a741,ETH,exploit,rekt_news,jimbo-rekt,"ack into the pool, draining all WETH liquidity and crashing the price of JIMBO. Attacker’s address: @ Location of stolen funds (ETH): 0x5f3591e2921d5c9291f5b224e909ab978a22ba7e Att",
0x5f3591e2921d5c9291f5b224e909ab978a22ba7e,ETH,exploit,rekt_news,jimbo-rekt,"MBO. Attacker’s address: 0x102be4bccc2696c35fd5f5bfe54c1dfba416a741 Location of stolen funds (ETH): @ Attack tx: 0x3c6e053f… Over 4000k ETH (~$7.5M) were bridged back to Ethereum, ",
0x95ec03b821f164ce55cbb26f23f591a9bd40d6c1,ETH,exploit,rekt_news,kannagi-finance-rekt, withdraw. Not much of a mystery then. And the effect: Scammer’s address (on zkSync and Ethereum ): @ The rugged funds were bridged to Ethereum and where 600 ETH ($1.1M) was deposi,
0x00fac92881556a90fdb19eae9f23640b95b4bcbd,ETH,exploit,rekt_news,kiloex-rekt,"Same vulnerability, different chains, just under $7.5M gone. Attacker&#x27;s Addresses on Ethereum: @ After receiving funding through Tornado Cash on Mainnet, the exploiter began t",
0x551f3110f12c763d1611d5a63b5f015d1c1a954c,ETH,exploit,rekt_news,kiloex-rekt,"n**Ethereum Address 1:**\n[0x551f3110f12c763D1611d5A63B5F015d1c1a954C](https://etherscan.io/address/@)\n\n \n\n**Total Stolen: Roughly $7,491,500**\n\n \n\nBy the time SlowMist's M",
0xd43b395efad4877e94e06b980f4ed05367484bf3,ETH,exploit,rekt_news,kiloex-rekt,k): 0x9bce6e105cea138fe9fb1e4bfb63fe90d21817db9d2cc6d1bf7697317430215b Attacker’s Address on Manta: @ Attack Transaction on Manta ($100k): 0x06074831103a1e91c7b6dcb3b641cf4b79bfa20,
0x05b2957591a4d1334b230f8c56fd62ddee17b52e,ETH,exploit,rekt_news,kokomo-finance-rekt, and set the implementation contract into a [malicious one](https://optimistic.etherscan.io/address/@).\n\u003e\n\u003e 2/ Address [0x5a2d](https://optimistic.etherscan.io/address/,
0x50275e0b7261559ce1644014d4b78d4aa63be836,ETH,exploit,rekt_news,kyberswap-rekt," and consequently draining the pools. Exploiter address 1 ( ARB , OP , ETH , MATIC , BASE , AVAX ): @ Exploiter address 2 ( ARB , OP , ETH , MATIC , BASE , AVAX ): 0xc9b826bad20872",
0xc9b826bad20872eb29f9b1d8af4befe8460b50c6,ETH,exploit,rekt_news,kyberswap-rekt,"75e0b7261559ce1644014d4b78d4aa63be836 Exploiter address 2 ( ARB , OP , ETH , MATIC , BASE , AVAX ): @ Example attack tx (ETH): 0x485e08dc… The attacker used the 0x50275 address for",
0x70319d1c09e1373fc7b10403c852909e5b20a9d5,ETH,exploit,rekt_news,level-finance-rekt,tion does not contain a check that the claim’s epoch is not being reused: Exploiter&#x27;s address: @ Example tx: 0xe1f25704… LevelReferralControllerV2 contract: 0x977087422C008233,
0x8b3cb6bf982798fba233bca56749e22eec42dcf3,ETH,exploit,rekt_news,lifi-jumper-rekt,n**Attacker's address:**\n[0x8B3Cb6Bf982798fba233Bca56749e22EEc42DcF3](https://etherscan.io/address/@)\n\n \n\n**Affected contract addresses:**\n**EVM Chains:** [0x1231deb6f5749ef6,
0xc29d94386ff784006ff8461c170d1953cc9e2b5c,ETH,exploit,rekt_news,lodestar-rekt,e same block. ” Certik’s report contains a full step-by-step of the attack flow. Attacker’s address @ Example exploit tx: 0xc523c630… The 343 ETH ($430k) necessary for the attack w,
4QsqugQcrCuSVzU9WjeLDoR6HaaSZtMEZr5JCyxwHgCV,SOL,exploit,rekt_news,loopscale-rekt, were bridged to Ethereum through Wormhole. Loopscale Exploiter 1 (Used to move funds to Ethereum): @ Loopscale Exploiter 2 (Used to exploit protocol on Solana): C1QyPYoWQiueqhtLea,
C1QyPYoWQiueqhtLeaG5Nhkv1LJ8oweBNCbfGJ3LprYT,SOL,exploit,rekt_news,loopscale-rekt,gQcrCuSVzU9WjeLDoR6HaaSZtMEZr5JCyxwHgCV Loopscale Exploiter 2 (Used to exploit protocol on Solana): @ Theft activity by Loopscale Exploiter 2 on Solana. Attack Transaction 1 ($1.5 ,
0x968b6984cba14444f23ee51be90652408155e142,ETH,exploit,rekt_news,m2-exchange-rekt,"5f798096bd4D969466E2284Bda01F7A51049d3A Before being moved to another EOA for further distribution: @ The attacker&#x27;s haul materialized across three chains, in a trinity of ter",
EKko14NvgqdvNttUb8JjXkVGuUs6BTikjfN3hqW4LQoL,SOL,exploit,rekt_news,m2-exchange-rekt,TH: 0x968b6984cba14444f23ee51be90652408155e142 BTC: Bc1qu4kh7wa38xpkrp8frgxl4sak88wx0jug8n3vfj SOL: @ The stolen spirits now rest in two main crypts. ETH: ($10.1 million): 0x968b69,
0xb3065fe2125c413e973829108f23e872e1db9a6b,ETH,exploit,rekt_news,madmeerkat-finance-rekt,l interactions with the DEX were rerouted to the [attacker’s address](https://cronoscan.com/address/@).\n\n[600+ transactions](https://cronoscan.com/tokentxns?a=0xb3065fe2125c413e9,
4ND8FVPjUGGjx9VuGFuJefDWpg3THb58c277hbVRnjNa,SOL,exploit,rekt_news,mango-markets-rekt,s collateral. \n\nThe attacker’s [Mango Markets account](https://trade.mango.markets/account?pubkey=@) displays a $115M shortfall. The borrowed assets are listed below:\n\n![](http,
0x2744d62a1e9ab975f4d77fe52e16206464ea79b7,ETH,exploit,rekt_news,merlin-dex-rekt,tes that Serbian authorities have been contacted. Attacker address (into which funds were drained): @ See Beosin’s full analysis for further details and addresses. The rugged funds,
0xf6f6cc59ca893bd11180654b285b1a0652fca36a,ETH,exploit,rekt_news,merlin2-rekt,ede057bc52686186da192e5)\n\nThis is the [address of the second hacker.](https://bscscan.com/address/@)\n\nThe second attack took advantage of a mistake in their new priceCalculator,
0x1863b74778cf5e1c9c482a1cdc2351362bd08611,ETH,exploit,rekt_news,midas-capital-rekt,ed the attack contract&#x27;s position and lent excessive assets to the contract. Attacker address: @ Attack tx: 0x00534902… Attacked smart contract: 0x5bca7ddf1bcccb2ee8e46c56bfc9,
0x5bca7ddf1bcccb2ee8e46c56bfc9d3cdc77262bc,ETH,exploit,rekt_news,midas-capital-rekt,address: 0x1863b74778cf5e1c9c482a1cdc2351362bd08611 Attack tx: 0x00534902… Attacked smart contract: @ The attacker was able to borrow the following assets against the inflated coll,
0x0d5550d52428e7e3175bfc9550207e4ad3859b17,ETH,exploit,rekt_news,midas-rekt2,osited a [portion](https://bscscan.com/address/0x4b92cc3452ef1e37528470495b86d3f976470734?toaddress=@) of the stolen funds into Tornado Cash and bridged some to Ethereum.\n\n![](ht,
0x34027a026f17d0dbe273827baceec7c3e46f9987,ETH,exploit,rekt_news,midas-rekt2,"[Alexand39172242](https://twitter.com/Alexand39172242), the [attacker](https://etherscan.io/address/@), who was [contacted](https://etherscan.io/tx/0xd9057dffd6a46d1da2de02c7cdacff",
0x4b92cc3452ef1e37528470495b86d3f976470734,ETH,exploit,rekt_news,midas-rekt2,"o was contacted by the Tropykus team, also funded the Midas attacker’s address. Attacker’s address: @ The attacker has deposited a portion of the stolen funds into Tornado Cash and",
0x2a566d111d0a5be888fec5f3834434af3245bb1b,ETH,exploit,rekt_news,mobytrade-rekt,ng the Waters:** \n[0x2a566D111d0a5Be888FEC5F3834434Af3245Bb1b](https://sepolia.arbiscan.io/address/@)\n\n \nAt the helm of this exploit sat a compromised admin key - the digital e,
0x119914de3ae03256fd58b66cd6b8c6a12c70cfb2,ETH,exploit,rekt_news,monox-rekt,"351d0cdb7d0738ff69cc6fef5f299).\n\n**Exploit contracts:** [Polygon](https://polygonscan.com/address/@), [Ethereum](https://etherscan.io/address/0xf079d7911c13369e7fd85607970036d288",
0x8f6a86f3ab015f4d03ddb13abb02710e6d7ab31b,ETH,exploit,rekt_news,monox-rekt,"5607970036d2883afcfd)\n\n**Stolen funds:** ($31.4M total) [Polygon](https://polygonscan.com/address/@#tokentxns) ($19.4M), [Ethereum](https://etherscan.io/address/0x8f6a86f3ab015f4",
0xf079d7911c13369e7fd85607970036d2883afcfd,ETH,exploit,rekt_news,monox-rekt,"an.com/address/0x119914de3ae03256fd58b66cd6b8c6a12c70cfb2), [Ethereum](https://etherscan.io/address/@)\n\n**Stolen funds:** ($31.4M total) [Polygon](https://polygonscan.com/address",
0xd7f77169d5e6a32c5044052f9a49eb94697b25ed,ETH,exploit,rekt_news,moola-markets-rekt,"4fa2849017c6169c84c0934ca80c2c8dfd065da90d569d) to the Moola [multisig](https://celoscan.io/address/@), with the exploiter keeping ~$525k as a bounty, of which $37k was donated to ",
0x9d5765ae1c95c21d4cc3b1d5bba71bad3b012b68,ETH,exploit,rekt_news,multichain-rekt2,"recently-launched) v3. Exploiter addresses and current holdings at time of writing (total $126.3M): @ ($16.7M including DAI, LINK, USDT and CRV) 0xefeef8e968a0db92781ac7b3b7c821909",
0x6e8836f050a315611208a5cd7e228701563d09c5,ETH,exploit,rekt_news,munchables-rekt,at appears legit. Then he simply withdrew that balance once TVL was juicy enough. Attacker Address: @ Contract upgraded March 21: 0xea1d9c0d8de4280b538b6fe6dbc3636602075184651dfeb8,
0x0305ddd42887676ec593b39ace691b772eb3c876,ETH,exploit,rekt_news,newgold-protocol-rekt,tember 10th): 0x31b80cf3b477948fb47a03aa5ecb8a9e30b99840e59af8959e5797c1ea4cd3a3 Exploiter Address: @ Attack Transaction: 0xc2066e0dff1a8a042057387d7356ad7ced76ab90904baa1e0b5ecbc2,
0x8618314270528e245fbbb6fba54e245bb61a8d47,ETH,exploit,rekt_news,newgold-protocol-rekt,ned. All the stolen USDT got swapped to ETH and bridged back to Ethereum mainnet. Ethereum Address: @ 444 ETH was methodically fed into Tornado Cash&#x27;s tumble cycle. The attack,
0xe1d5fcfbba4d46f4937de369de415dd7e2d3265a,ETH,exploit,rekt_news,newmarkettrading-rekt,. Key attacker contracts as follows… Ethereum: 0xfac7459683cdb9b6f367b42eedfebd745dc8760c Ethereum: @ Base: 0x2d450322e3526f489afcc8c49923b35d355c70bc Arbitrum: 0x2d450322e3526f489,
0xfac7459683cdb9b6f367b42eedfebd745dc8760c,ETH,exploit,rekt_news,newmarkettrading-rekt,er. The protocol&#x27;s own swap logic did the moving. Key attacker contracts as follows… Ethereum: @ Ethereum: 0xe1d5fcfbba4d46f4937de369de415dd7e2d3265a Base: 0x2d450322e3526f489,
0x1d93c73d575b81a59ff55958afc38a2344e4f878,ETH,exploit,rekt_news,nightmare-ftm,"day exploit on crome ” doesn’t sound so plausible, after all. Attacker addresses (totalling $7.5M): @ ( ETH , FTM , OP ) 0x2f4f1d2c5944dba74e107d1e8e90e7c1475f4001 ( ETH , FTM , OP",
0x2f4f1d2c5944dba74e107d1e8e90e7c1475f4001,ETH,exploit,rekt_news,nightmare-ftm,"Attacker addresses (totalling $7.5M): 0x1d93c73d575b81a59ff55958afc38a2344e4f878 ( ETH , FTM , OP ) @ ( ETH , FTM , OP , AVAX , BSC ) 0xdadc0421ee1b5426fca3db22f0a94a3bad5a329d ( E",
0xdadc0421ee1b5426fca3db22f0a94a3bad5a329d,ETH,exploit,rekt_news,nightmare-ftm,"4f878 ( ETH , FTM , OP ) 0x2f4f1d2c5944dba74e107d1e8e90e7c1475f4001 ( ETH , FTM , OP , AVAX , BSC ) @ ( ETH , FTM ) Attacker consolidation address on ETH (holds 4.5k ETH, $7.1M): 0",
0xb9ae2624ab08661f010185d72dd506e199e67c09,ETH,exploit,rekt_news,nirvana-rekt,"n funds were then bridged via Wormhole to the attacker’s [ETH address](https://etherscan.io/address/@), where they remain at the time of writing.\n\n**Attacker’s address:** [76w4SB",
0x65760288f19cff476b80a36a61f9dedab16bab49,ETH,exploit,rekt_news,nomad-rekt,"cle](https://rekt.news/fei-rari-rekt/), who got away with [almost $3M](https://etherscan.io/address/@#tokentxns) in stablecoins, which went straight into Tornado Cash.\n\nOf the [m",
0x70cbb871e8f30fc8ce23609e9e0ea87b6b222f58,ETH,exploit,rekt_news,okx-dex-rekt,"ently, attackers began calling the DEX Proxy to steal tokens. Relevant addresses/txs: DEX contract: @ OKX DEX TokenApprove contract: 0x40aa958dd87fc8305b97f2ba922cddca374bcd7f DEX ",
0x085bdff2c522e8637d4154039db8746bb8642bff,ETH,exploit,rekt_news,onyx-protocol-rekt,"r is then exploited to withdraw the donated funds, and the flash loan is repaid. Exploiter address: @ Attack tx: 0xf7c21600… Repeat exploiter address: 0x5083956303a145f70ba9f3d80c5",
0x4c9c8661243e9e9a15a35b8873317eb881330c98,ETH,exploit,rekt_news,onyx-protocol-rekt, 1164 ETH ($2.1M) of profits were sent on to an [intermediary address](https://etherscan.io/address/@) before 1140 ETH were [deposited](https://etherscan.io/advanced-filter?fadd=0x,
0x5083956303a145f70ba9f3d80c5e6cb5ac842706,ETH,exploit,rekt_news,onyx-protocol-rekt,ddress: 0x085bdff2c522e8637d4154039db8746bb8642bff Attack tx: 0xf7c21600… Repeat exploiter address: @ Repeat-attack tx: 0x27a3788d… The 1164 ETH ($2.1M) of profits were sent on to ,
0x680910cf5fc9969a25fd57e7896a14ff1e55f36b,ETH,exploit,rekt_news,onyx-protocol-rekt2,n**Exploiter address:**\n[0x680910cf5Fc9969A25Fd57e7896A14fF1E55F36B ](https://etherscan.io/address/@)\n \n **Attack transaction:**\n[0x46567c731c4f4f7e27c4ce591f0aebdeb2d9ae103823,
0xae7d68b140ed075e382e0a01d6c67ac675afa223,ETH,exploit,rekt_news,onyx-protocol-rekt2," \n**Attack Contract:** \n[0xAE7d68b140Ed075E382e0A01d6c67ac675AFa223](https://etherscan.io/address/@)\n\n \nBut wait, there's more! Our enterprising hacker didn't stop there. \n \",
0x496e5a7ba67735c7ee5eb81ef07b65b909a31345,ETH,exploit,rekt_news,orange-finance-rekt,"o late, the protocol was already squeezed to a pulp. Here is how they got juiced… Attacker Address: @ Attack Contract: 0x17c8eA17F174B5fa49D5090933ff28cE2DF10a3c The Attack Sequenc",
0x9263e7873613ddc598a701709875634819176aff,ETH,exploit,rekt_news,orbit-bridge-rekt," thread contains a full list of attacker addresses, where funds remain. Attacker’s primary address: @ The methodical tx pattern suggests this may be another Lazarus job, and the te",
0x3dabf5e36df28f6064a7c5638d0c4e01539e35f1,ETH,exploit,rekt_news,orion-protocol-rekt,"ld produced the following diagram showing the basic attack steps: Attacker address 1 ( ETH , BSC ): @ Attacker address 2 ( ETH , BSC ): 0x837962b686fd5a407fb4e5f92e8be86a230484bd E",
0x837962b686fd5a407fb4e5f92e8be86a230484bd,ETH,exploit,rekt_news,orion-protocol-rekt,"dress 1 ( ETH , BSC ): 0x3dabf5e36df28f6064a7c5638d0c4e01539e35f1 Attacker address 2 ( ETH , BSC ): @ Example tx (BSC): 0xfb153c57… Example tx (ETH): 0xa6f63fcb… Stolen funds have ",
0x321df194646029e7a6193ea05573d4b9c398bfd9,ETH,exploit,rekt_news,ostium-rekt,n\n**Exploiter Address:**\n[0x321Df194646029e7A6193Ea05573d4B9c398bfD9](https://arbiscan.io/address/@)\n\n \n**Test-loop Transaction:** [0x4b7ff5de823dd7af29cf1a6602a84d7b6eee354ed,
0xa0acc61547f6bd066f7c9663c17a312b6ad7e187,ETH,exploit,rekt_news,pancakebunny-rekt," back to PancakeSwap pools and Fortube Bank. The attacker’s loot was initially held in this wallet: @. At its peak, Pancake Bunny had over $10 billion in TVL. At the time of writin",
0x7a2f4d625fb21f5e51562ce8dc2e722e12a61d1b,ETH,exploit,rekt_news,penpie-rekt,ransaction: 0x56e09abb35ff12271fdb38ff8a23e4d4a7396844426a94c4d3af2e8b7a0a2813 Exploiter Addresses: @ 0xc0Eb7e6E2b94aA43BDD0c60E645fe915d5c6eb84 Fake Pendle Market: 0x0ab305033592E,
0x069987773b3dee7ac4affb9f06a4a90f9984ab10,ETH,exploit,rekt_news,phemex-rekt,n**Attacker's Address:**\n [0x069987773b3DeE7AC4afFb9f06A4a90f9984AB10](https://arbiscan.io/address/@)\n\n**Stolen funds sent to:**\n [0xAE2F4172f3665c0AA332e871B32314D26D47f465](h,
0x140dea3b704d724ddff41597b35a10ce0189661f,ETH,exploit,rekt_news,phemex-rekt,"Stolen funds sent to:**\n [0x140dEA3B704D724ddfF41597b35A10Ce0189661f](https://etherscan.io/address/@)\n\n**Amount:** $17,449,663\n\n**Time of theft:**\n1/23/2025 11:49 AM UTC\n\n ",
0x392d99ec0348172c046cd64b85c21df0927ab946,ETH,exploit,rekt_news,phemex-rekt,**Attacker's Address:**\n [0x392d99Ec0348172C046cd64b85C21Df0927ab946](https://basescan.org/address/@)\n\n**Stolen Funds sent to multiple locations:**\n [Tracked on Metasleuth](htt,
0x5b34414e95a8b8d0b16a39baf5b97cec1d517e22,ETH,exploit,rekt_news,phemex-rekt,**Attacker's Address:** \n[0x5B34414e95a8b8D0B16a39BAf5b97CEc1d517E22](https://etherscan.io/address/@)\n\n**Stolen funds sent to:**\n [0x140dEA3B704D724ddfF41597b35A10Ce0189661f](h,
0x6c42f03d730b7643939fa1d00416cb2985ed9cf3,ETH,exploit,rekt_news,phemex-rekt,n**Attacker's Address:**\n [0x6C42F03d730b7643939fA1D00416cB2985eD9cF3](https://bscscan.com/address/@)\n\n**Stolen funds sent to:** [0xd760CC6F2D41E43309912D54a0955dbC8A77890f](htt,
0xae2f4172f3665c0aa332e871b32314d26d47f465,ETH,exploit,rekt_news,phemex-rekt,"*Stolen funds sent to:**\n [0xAE2F4172f3665c0AA332e871B32314D26D47f465](https://arbiscan.io/address/@)\n\n**Amount:** $835,373\n\n**Time of theft:**\n1/23/2025 11:59 AM UTC\n\n \n\",
0xc590175e458b83680867afd273527ff58f74c02b,ETH,exploit,rekt_news,phemex-rekt,len funds sent to:** \n[0xc590175E458b83680867AFD273527Ff58f74c02b](https://polygonscan.com/address/@#tokentxns)\n\n**Stolen Funds also sent here:**\n [0x9B52594bFe50c51A75a8775ea0,
0xd760cc6f2d41e43309912d54a0955dbc8a77890f,ETH,exploit,rekt_news,phemex-rekt,"n**Stolen funds sent to:** [0xd760CC6F2D41E43309912D54a0955dbC8A77890f](https://bscscan.com/address/@)\n\n**Amount:** $2,880,371\n\n**Time of theft:** \n1/23/2025 11:52 AM UTC\n\n ",
0xe9aa4a999ca1d9093054cf4f5dc221a06d433650,ETH,exploit,rekt_news,phemex-rekt,s Address:**\n [0xE9AA4a999ca1D9093054CF4f5dc221a06D433650](https://optimistic.etherscan.io/address/@)\n\n**Stolen Funds sent to multiple locations:** \n[Tracked on Metasleuth](htt,
0xeba89b66c132e7fad2a238bf416fb9d45dcad1ff,ETH,exploit,rekt_news,phemex-rekt,cker's Address:**\n [0xEba89b66C132E7fAd2a238BF416Fb9d45dcAd1FF](https://era.zksync.network/address/@)\n\n**Stolen funds sent to:**\n [0xB66aF6Fe0478507f2cF74F43a2bc383fdcF8d09c](h,
0xf493033b14ce39cbc6a283921ea50919c5d43dfe,ETH,exploit,rekt_news,phemex-rekt,ttacker's Address:** \n[0xf493033B14cE39CBC6a283921eA50919C5D43Dfe](https://polygonscan.com/address/@)\n\n**Stolen funds sent to:** \n[0xc590175E458b83680867AFD273527Ff58f74c02b](h,
0x19066f7431df29a0910d287c8822936bb7d89e23,ETH,exploit,rekt_news,pike-rekt,1ea8034305a83b5cd50aea88adec395fff8298dd90eb1b87667f April 30 Attack on Multiple Networks Attacker: @ Attack contract: 0x1da4bc596bfb1087f2f7999b0340fcba03c47fbd Target contract: 0,
0x1da4bc596bfb1087f2f7999b0340fcba03c47fbd,ETH,exploit,rekt_news,pike-rekt,0 Attack on Multiple Networks Attacker: 0x19066f7431df29a0910d287c8822936bb7d89e23 Attack contract: @ Target contract: 0xfc7599cffea9de127a9f9c748ccb451a34d2f063 Attack Transaction,
0xadaf1626aec26a7937ae7d1fa0664e6e0904c1d0,ETH,exploit,rekt_news,pike-rekt,*\n\n \n\n\nAttacker: \n[0xAdaF1626aEC26A7937aE7d1Fa0664e6E0904C1d0 \n](https://arbiscan.io/address/@)\n\nTarget Contract:\n[0x7856493B59cdb1685757A6DcCe12425F6a6666a0](https://arb,
0xb1ea97c9f68978905fb1bf5089e71a073bc4f5c8,ETH,exploit,rekt_news,pike-rekt,"out to the initial exploiter on April 26 in an [onchain message](https://etherscan.io/idm?addresses=@,0xadaf1626aec26a7937ae7d1fa0664e6e0904c1d0\u0026type=1).\n\n \n\nThey are offe",
0x67afdd6489d40a01dae65f709367e1b1d18a5322,ETH,exploit,rekt_news,platypus-finance-rekt,acker’s address: 0xeff003d64046a6f521ba31f39405cb720e953958 Attack tx: 0x1266a937… Attack contract: @/ The hack has left USP depegged by over 50% as the attacker swapped the USP fo,
0xeff003d64046a6f521ba31f39405cb720e953958,ETH,exploit,rekt_news,platypus-finance-rekt,"draining the existing liquidity of other stables (USDC, USDT, DAI, BUSD, etc.). Attacker’s address: @ Attack tx: 0x1266a937… Attack contract: 0x67afdd6489d40a01dae65f709367e1b1d18a",
0x068e297e8ff74115c9e1c4b5b83b700fda5afdeb,ETH,exploit,rekt_news,platypus-rekt2,tract 2: 0xf2c444572a402ec83b7cb64e4a9fc2188f0628f2 Attack tx 3: 0x6a09d385… Rescued funds ($575k): @ The remaining stolen funds ($1.6M of WAVAX and sAVAX) currently remain in the ,
0x464073f659591507d9255b833d163ef1af5ccc2c,ETH,exploit,rekt_news,platypus-rekt2,391ecb1a5197edc7a38160c261b6f Attack tx 1: 0xab5f6242… Attack tx 2: 0x4425f757… Attacker address 2: @ Malicious contract 2: 0xf2c444572a402ec83b7cb64e4a9fc2188f0628f2 Attack tx 3: ,
0x4cfb527f51b391ecb1a5197edc7a38160c261b6f,ETH,exploit,rekt_news,platypus-rekt2,stolen assets. Attacker address 1: 0x0cd4fd0eecd2c5ad24de7f17ae35f9db6ac51ee7 Malicious contract 1: @ Attack tx 1: 0xab5f6242… Attack tx 2: 0x4425f757… Attacker address 2: 0x464073,
0xf2c444572a402ec83b7cb64e4a9fc2188f0628f2,ETH,exploit,rekt_news,platypus-rekt2,2: 0x4425f757… Attacker address 2: 0x464073f659591507d9255b833d163ef1af5ccc2c Malicious contract 2: @ Attack tx 3: 0x6a09d385… Rescued funds ($575k): 0x068e297e8ff74115c9e1c4b5b83b,
0x0a5984f86200415894821bfefc1c1de036dbf9e7,ETH,exploit,rekt_news,poloniex-rekt,"als of $59.2M, $48.6M, $18.6M held on the three chains, respectively). Main attacker address (ETH): @ Main attaker address (TRON): TKK6d1YALy8HCSoCSWWd1ZJhyC9NPPx4wa Main attaker a",
0x5c2aeb0bc2f6597470698b3b31f606c74c5ec551,ETH,exploit,rekt_news,poloniex-rekt,"persal of tokens among many hacker addresses on Ethereum (labelled [2](https://etherscan.io/address/@), [3](https://etherscan.io/address/0x93f6344465e398de70c145c470bc28d46756ec4a)",
0x511f427cdf0c4e463655856db382e05d79ac44a6,ETH,exploit,rekt_news,polter-finance-rekt,sive. \n \n**Exploiter:**\n[0x511f427Cdf0c4e463655856db382E05D79Ac44a6](https://ftmscan.com/address/@)\n\n \n\n**Exploiter contract:**\n[0xA21451aC32372C123191B3a4FC01deB69F91533a],
0xa21451ac32372c123191b3a4fc01deb69f91533a,ETH,exploit,rekt_news,polter-finance-rekt,\n**Exploiter contract:**\n[0xA21451aC32372C123191B3a4FC01deB69F91533a](https://ftmscan.com/address/@)\n\n**[Flow of Funds on Metasleuth](https://metasleuth.io/result/fantom/0x5118,
0x14413419452aaf089762a0c5e95ed2a13bbc488c,ETH,exploit,rekt_news,poly-network-rekt2,"le tx: 0x1b8f8a38… (deposit on ETH), 0x5c70178e… (withdrawal on BSC) EthCrossChainManager contract: @ Although the notional value of assets minted reached into the tens of billions",
0x250e76987d838a75310c34bf422ea9f1ac4cc906,ETH,exploit,rekt_news,polynetwork-rekt, The hacker exploited the Proxy Lock Contracts of Poly Network on three different chains. Ethereum: @ BSC: 0x05f0fDD0E49A5225011fff92aD85cC68e1D1F08e Polygon: 0x28FF66a1B95d7CAcf8e,
0xa4b291ed1220310d3120f515b5b7accaecd66f17,ETH,exploit,rekt_news,polynetwork-rekt,"7bEd8079B88F35528eF2c722b31fc)\n \nOn the Polygon blockchain: [$1M](https://polygonscan.com/address/@) \n\n**Will the hacker continue to return the funds, or is this just another s",
0xc8a65fadf0e0ddaf421f28feab69bf6e2e589963,ETH,exploit,rekt_news,polynetwork-rekt,".. ever . Poly Network = rekt. But how? Credit: breadcrumbs.app , slowmist , blocksec Attacker ETH: @ Attacker BSC: 0x0D6e286A7cfD25E0c01fEe9756765D8033B32C71 This was not the usua",
0xf8b5c45c6388c9ee12546061786026aaeaa4b682,ETH,exploit,rekt_news,polynetwork-rekt,"unexpected protagonist appeared, going by the name of [hanashiro.eth.](https://etherscan.io/address/@) \n\nhanashiro.eth first gained attention when they [sent the hacker](https://",
0xf9e3d08196f76f5078882d98941b71c0884bea52,ETH,exploit,rekt_news,popsicle-rekt,\n\n**Attacker address:** [0xf9E3D08196F76f5078882d98941b71C0884BEa52](https://etherscan.io/address/@)\n\n**Transaction Hash:** [0xcd7dae143…](https://etherscan.io/tx/0xcd7dae143a4,
0x7e39e3b3ff7adef2613d5cc49558eab74b9a4202,ETH,exploit,rekt_news,prismafi-rekt,n\n \n\nAttacker Address: [0x7E39E3B3ff7ADef2613d5Cc49558EAB74B9a4202](https://etherscan.io/address/@)\n\n \n\nAttack Transaction: [0x00c503b595946bccaea3d58025b5f9b3726177bbdc9674,
0xd996073019c74b2fb94ead236e32032405bc027c,ETH,exploit,rekt_news,prismafi-rekt,\n\n \nAttacker Contract: [0xD996073019c74B2fB94eAD236e32032405bC027c](https://etherscan.io/address/@)\n\n \n\nAttacker Address: [0x7E39E3B3ff7ADef2613d5Cc49558EAB74B9a4202](https:,
0x1695ce70da4521cb94dea036e6ebcf1e8a073ee6,ETH,exploit,rekt_news,punkprotocol-rekt,"en the protocol’s **forgeAddress** with their own [malicious contract](https://etherscan.io/address/@), as a parameter of the CompoundModel’s **initialize()** function.\n\nThe lack",
0x1d5a56402425c1099497c1ad715a6b56aaccb72b,ETH,exploit,rekt_news,punkprotocol-rekt,"mpoundModel directly to the malicious contract, and into their [wallet.](https://etherscan.io/txs?a=@)\n\nAlthough the withdrawal mechanisms are protected by the **OnlyForge** Modi",
0xd01ae1a708614948b2b5e0b7ab5be6afa01325c7,ETH,exploit,rekt_news,qubit-rekt,having deposited ETH on Ethereum.\n\nThe attacker’s Ethereum [address](https://etherscan.io/address/@) was [funded](https://etherscan.io/tx/0x8d2e9fd13c3e3f59eac17ff55bb0a0b10eee96,
0x39519c027b503f40867548fb0c890b11728faa8f,ETH,exploit,rekt_news,radiant-capital-rekt,5th) to be enacted. Attacker’s address: 0x826d5f4d8084980366f975e10db6c4cf1f9dde6d Attack contract: @ Attack tx 1: 0x1ce7e9a9… Attack tx 2: 0x2af55638… Attack tx 3: 0xc5c4bbdd… The,
0x0629b1048298ae9deff0f4100a31967fb3f98962,ETH,exploit,rekt_news,radiant-capital-rekt2,Attacker Address 1:**\n[0x0629b1048298AE9deff0F4100A31967Fb3f98962 \n ](https://bscscan.com/address/@)\n**Attacker Address 2:**\n[0x97a05becc2e7891d07f382457cd5d57fd242e4e8 \n ](ht,
0x3c2bc83dcd293cc8a23526a37aaeedd83ebd62de,ETH,exploit,rekt_news,radiant-capital-rekt2,s Contract on ETH:**\n[0x3C2Bc83Dcd293Cc8a23526A37aaeEdD83eBd62de \n ](https://etherscan.io/address/@)\n**Malicious Contract on BASE:**\n[0x57ba8957ed2ff2e7AE38F4935451E81Ce1eEFbf5,
0x57ba8957ed2ff2e7ae38f4935451e81ce1eefbf5,ETH,exploit,rekt_news,radiant-capital-rekt2,us Contract on BSC:**\n[0x57ba8957ed2ff2e7AE38F4935451E81Ce1eEFbf5 \n ](https://bscscan.com/address/@)\n**Malicious Contract on ARB:**\n[0x57ba8957ed2ff2e7AE38F4935451E81Ce1eEFbf5],
0x8b75e47976c3c500d0148463931717001f620887,ETH,exploit,rekt_news,radiant-capital-rekt2, to Address on ARB:**\n[0x8B75E47976C3C500D0148463931717001F620887 \n ](https://arbiscan.io/address/@)\n**Stolen funds moved to Address on BSC:**\n[0xcF47c058CC4818CE90f9315B478EB2,
0x97a05becc2e7891d07f382457cd5d57fd242e4e8,ETH,exploit,rekt_news,radiant-capital-rekt2,"10fc4e372ea02fb1 Attacker Address 1: 0x0629b1048298AE9deff0F4100A31967Fb3f98962 Attacker Address 2: @ The exploiter used DEXs such as 1inch, ParaSwap, PancakeSwap, and Odos to swap",
0xcf47c058cc4818ce90f9315b478eb2f2d588cc78,ETH,exploit,rekt_news,radiant-capital-rekt2,"oved to Address on BSC:**\n[0xcF47c058CC4818CE90f9315B478EB2f2d588Cc78](https://bscscan.com/address/@)\n\n \n\n_The malicious contract, used as the implementation for the proxy upg",
0x0000000000000000000000000000000000000000,ETH,exploit,rekt_news,raft-rekt,"lected by the attacker, and were sent to the ETH [null address 0x0000](https://etherscan.io/address/@) instead. Igor Igamberdiev [explains](https://twitter.com/FrankResearcher/stat",
0x9ab6b21cdf116f611110b048987e58894786c244,ETH,exploit,rekt_news,raft-rekt,"551a65eee9c96318afdd5fd439fa Attack tx: 0xfeedbf51… Preparatory tx: 0xa1378a4d… Exploited contract: @ The profits, however, were not collected by the attacker, and were sent to the",
0xc1f2b71a502b551a65eee9c96318afdd5fd439fa,ETH,exploit,rekt_news,raft-rekt, who have a CDP on Raft should be able to return R and withdraw their collateral. Attacker address: @ Attack tx: 0xfeedbf51… Preparatory tx: 0xa1378a4d… Exploited contract: 0x9ab6b,
0x7047912c295cd54d6617b5d0d6d8b324a11c91db,ETH,exploit,rekt_news,raydium-rekt,address. Attacker’s SOL address AgJddDJLt17nHyXDCpyGELxwsZZQPqfUsuwzoiqVGJwD Attacker’s ETH address @ As ever with cases of “compromised keys” we must ask ourselves if this could s,
AgJddDJLt17nHyXDCpyGELxwsZZQPqfUsuwzoiqVGJwD,SOL,exploit,rekt_news,raydium-rekt,nto Tornado Cash. 100k SOL ($1.4M) remains in the attacker’s Solana address. Attacker’s SOL address @ Attacker’s ETH address 0x7047912c295cd54d6617b5d0d6d8b324a11c91db As ever with,
0x74530e81e9f4715c720b6b237f682cd0e298b66c,ETH,exploit,rekt_news,remitano-rekt,her HitBTC or Changelly. The funds on Tron remain in the hacker’s address. Attacker addresses: ETH: @ TRON: TEDNf1aqk8YJEUdNH9NRd4MqibZmdP49Fm Assets stolen on ETH: 1.36M USDT 210k,
0x9feeeaec113e6d2dcd5ac997d5358eee41836e5f,ETH,exploit,rekt_news,resolv-labs-rekt,e935361a4fB1Ec5db513caEd Attacker EOA 2: 0xb945ec1be1f42777f3aa7d683562800b4cdd3890 Attacker EOA 3: @ Primary consolidation wallet: 0x8ED8cF0C1c531C1b20848E78f1CB32fa5B99b81C That ,
0xb945ec1be1f42777f3aa7d683562800b4cdd3890,ETH,exploit,rekt_news,resolv-labs-rekt,ts before consolidating: Attacker EOA 1: 0x04A288a7789DD6Ade935361a4fB1Ec5db513caEd Attacker EOA 2: @ Attacker EOA 3: 0x9feeeaec113e6d2dcd5ac997d5358eee41836e5f Primary consolidati,
0x151aa63dbb7c605e7b0a173ab7375e1450e79238,ETH,exploit,rekt_news,resupplyfi-rekt,: 0xf90da523a7c19a0a3d8d4606242c46f1ee459dc7 Main Exploit Contract(orchestrated the entire attack): @ Attacker Addresses are as follows… Attacker’s Primary Address: 0x6D9f6E900ac2C,
0x31129a5c13306a48e827e851d44e19ca07d4928a,ETH,exploit,rekt_news,resupplyfi-rekt,Holding $5.5 Million):**\n[0x31129a5c13306A48E827e851D44E19Ca07d4928A](https://etherscan.io/address/@)\n\n**Attacker’s Third Address (Holding $3.9 Million):**\n[0x886f786618623ffFB,
0x6d9f6e900ac2ce6770fd9f04f98b7b0fc355e2ea,ETH,exploit,rekt_news,resupplyfi-rekt,ker’s Primary Address:**\n[0x6D9f6E900ac2CE6770Fd9f04f98B7B0fc355E2EA](https://etherscan.io/address/@)\n\n \n\n**Attacker’s Second Address (Holding $5.5 Million):**\n[0x31129a5c133,
0x886f786618623fffb2be59830a47661ae6492e16,ETH,exploit,rekt_news,resupplyfi-rekt,Holding $3.9 Million):**\n[0x886f786618623ffFB2be59830A47661Ae6492E16](https://etherscan.io/address/@)\n\nAccording to [CertiK](https://x.com/CertiKAlert/status/1938127545221648862,
0xf90da523a7c19a0a3d8d4606242c46f1ee459dc7,ETH,exploit,rekt_news,resupplyfi-rekt,t for this specific heist. Attack Contracts are as follows… Helper Contract 1(simple ETH receiver): @ Main Exploit Contract(orchestrated the entire attack): 0x151aa63dbb7c605e7b0a1,
0xef967ece5322c0d7d26dab41778acb55ce5bd58b,ETH,exploit,rekt_news,revest-finance-rekt,oins/rena-finance) tokens remain untouched in the [attackers address.](https://etherscan.io/address/@)\n\n_Credit: [@BlockSecTeam](https://twitter.com/BlockSecTeam/status/150806557,
0xbb5fa936469cadb8907f3aef80f5b53f55bc11f6,ETH,exploit,rekt_news,rhea-finance-rekt,"nded in the attacker&#x27;s ETH wallet, and was deposited into Aave as aUSDC . Attacker ETH wallet: @ That position is traceable. Circle has the technical ability to blacklist USDC",
0xe000008459b74a91e306a47c808061dfa372000e,ETH,exploit,rekt_news,rho-market-rekt,"of USDC and USDT._ \n \n**CJ linked to the [possible attacker’s address](https://debank.com/profile/@), which showed a gain of $7.5 million over the past hours.** \n \n[Rho Markets",
0xb9f78307ded12112c1f09c16009e03ef4ef16612,ETH,exploit,rekt_news,ripmevbot,"only the recently acquired 800 ETH, but the entire 1,101 ETH in 0xbad’s wallet. Attacker’s address: @ 0xbad: 0xbadc0defafcf6d4239bdf0b66da4d7bd36fcf05a @bertcmiller of Flashbots br",
0xbadc0defafcf6d4239bdf0b66da4d7bd36fcf05a,ETH,exploit,rekt_news,ripmevbot," 1,101 ETH in 0xbad’s wallet. Attacker’s address: 0xb9f78307ded12112c1f09c16009e03ef4ef16612 0xbad: @ @bertcmiller of Flashbots broke it down: 0xbad did not properly protect the fu",
0x5fe4e7124d1da9046edc67a6499b565241be0167,ETH,exploit,rekt_news,roll-rekt,"ut to the Roll team but had no response.**\n\nApparently, the [hacker](https://etherscan.io/address/@) was not bullish long-term on any of the celebrities, as they chose to immedia",
0x098b716b8aaf21512996dc57eb0615e2383e2f96,ETH,exploit,rekt_news,ronin-rekt,"ce, but KYC’d accounts are easily acquired. The rest of the funds remain in the attacker’s address: @ This theft will be remembered not just for its size, but for the surreal lack ",
0x824dcd7b044d60df2e89b1bb888e66d8bcf41491,ETH,exploit,rekt_news,saddle-finance-rekt2,"g metapool swaps.\n\nThe issue had been fixed in the [current version](https://etherscan.io/address/@), but the swap calculation was still using the old version.\n\nThe hacker made",
0x286e09932b8d096cba3423d12965042736b8f850,ETH,exploit,rekt_news,safemoon-rekt,"it of BNB liquidity, for a profit of 28k BNB, or $8.9M. Exploit tx: 0x48e52a12… Attacker’s address: @ The hacker claims to have frontrunned attack and has reached out to Safemoon t",
0x2044697623afa31459642708c83f04ecef8c6ecb,ETH,exploit,rekt_news,saga-rekt,"ng? Cashing Fiction The attacker didn&#x27;t waste time admiring their handiwork. Attacker address: @ Minted $D flowed straight into Colt and Mustang . Out came yETH, yUSD, tBTC - ",
0xf891de97fa96839329381743f0d6180fcefe3f64,ETH,exploit,rekt_news,saga-rekt,"ng yield under a different address. Wallet holding NFTs LP on Debank (Worth $847k on January 26th): @ The original attacker wallet now sits empty. By the weekend, CertiK traced $6.",
0x59abf3837fa962d6853b4cc0a19513aa031fd32b,ETH,exploit,rekt_news,sbf-mask-off,scued” funds.**\n\n \n\n_1) What?!_\n\n \n\nThe [FTX Accounts Drainer](https://etherscan.io/address/@) address has since swapped assets to ETH making it the 30th largest ETH holder,
0x40d76a78ddba2ea81fb0f9fba147a08bcfc2b866,ETH,exploit,rekt_news,sbi-crypto-rekt,nfrastructure. Maybe both. The theft addresses tell the story of a systematic extraction: Ethereum: @ Bitcoin: bc1qx0a2kfjd7eweczv8xqjm6rggm40v0nkhfss78l Bitcoin Cash: qpv9nh5ktags,
0x9f25779098c5632da2ec55d161c4e5f2afc4e0ec,ETH,exploit,rekt_news,sbi-crypto-rekt,"b0f9fba147a08bcfc2b866 $6.4 million stolen from SBI Crypto&#x27;s pool address (labeled on Arkham): @ The systematic splits started immediately. 1,443 ETH moved to the following la",
0x80787af194c33b74a811f5e5c549316269d7ee1a,ETH,exploit,rekt_news,secret-network-rekt,fc0df61e6290dffd992b785 ChangeNow Wallet: 0xeba88149813bec1cccccfdb0dacefaaa5de94cb1 HitBTC Wallet: @ CoW Protocol Settlement Contract: 0x9008d19f58aabd9ed0d60971565aa8510560ab41 A,
0x9008d19f58aabd9ed0d60971565aa8510560ab41,ETH,exploit,rekt_news,secret-network-rekt,de94cb1 HitBTC Wallet: 0x80787af194c33b74a811f5e5c549316269d7ee1a CoW Protocol Settlement Contract: @ Attacker&#x27;s Secret Wallet: secret154pdez8zazqh26wyuyu70nqraal3hkvf2f03vm A,
0x5217c6923a4efc5bcf53d9a30ec4b0089f080ed0,ETH,exploit,rekt_news,seneca-protocol-rekt,addresses. Exploiter addresses 1: 0x94641c01a4937f2c8ef930580cf396142a2942dc Exploiter addresses 2: @ Exploiter addresses 3: 0xe83b072433f025ef06b73e0caa3095133e7c5bd0 Example atta,
0x94641c01a4937f2c8ef930580cf396142a2942dc,ETH,exploit,rekt_news,seneca-protocol-rekt,various LSTs that were swapped for ETH. Currently being held in 3 addresses. Exploiter addresses 1: @ Exploiter addresses 2: 0x5217c6923a4efc5bcf53d9a30ec4b0089f080ed0 Exploiter ad,
0xe83b072433f025ef06b73e0caa3095133e7c5bd0,ETH,exploit,rekt_news,seneca-protocol-rekt,142a2942dc Exploiter addresses 2: 0x5217c6923a4efc5bcf53d9a30ec4b0089f080ed0 Exploiter addresses 3: @ Example attack tx: 0x9f371267 Seneca addressed the exploit a few hours after. ,
0xed4b3d468ded53a322a8b8280b6f35aae8bc499c,ETH,exploit,rekt_news,shezmu-rekt,n\n**Attack Contract:**\n[0xEd4B3d468DEd53a322A8B8280B6f35aAE8bC499C ](https://etherscan.io/address/@)\n\n**Shezmu Attacker (created contract):** \n[0xA3a64255484aD65158AF0F9d96B55,
0x27defcfa6498f957918f407ed8a58eba2884768c,ETH,exploit,rekt_news,sirtrading-rekt,gh Railgun - one of crypto’s favorite laundromat for post-exploit dry cleaning. Attacker’s Address: @ Vulnerable Contract Address: 0xb91ae2c8365fd45030aba84a4666c4db074e53e7 Attack,
0xb91ae2c8365fd45030aba84a4666c4db074e53e7,ETH,exploit,rekt_news,sirtrading-rekt,eaning. Attacker’s Address: 0x27defcfa6498f957918f407ed8a58eba2884768c Vulnerable Contract Address: @ Attack Transaction: 0xa05f047ddfdad9126624c4496b5d4a59f961ee7c091e7b4e38cee86f,
0x3a23f943181408eac424116af7b7790c94cb97a5,ETH,exploit,rekt_news,socket-rekt,lance check. Attacker’s address: 0x50df5a2217588772471b84adbbe4194a2ed39066 SocketGateway contract: @ Socket contracts have audits by both Peckshield and Consensys Diligence . Howe,
0x50df5a2217588772471b84adbbe4194a2ed39066,ETH,exploit,rekt_news,socket-rekt,caller to specify other functions in the call and still pass the balance check. Attacker’s address: @ SocketGateway contract: 0x3a23f943181408eac424116af7b7790c94cb97a5 Socket cont,
0x9f7a6b16d0d9824197651f33506e3a2bb2f6f432,ETH,exploit,rekt_news,solv-rekt,x1E6101728fD9920465dfA1562c5e371850103da2 Attacker EOAs: 0xa407fe273db74184898cb56d2cb685615e1c0d6e @ 0xd17ddd34c414f666fc51e9fe04d32cf60eda78fe The real damage - 38.0474 SolvBTC d,
0xa407fe273db74184898cb56d2cb685615e1c0d6e,ETH,exploit,rekt_news,solv-rekt,708ad2aaae3a97a958d BRO-SolvBTC Exchange: 0x1E6101728fD9920465dfA1562c5e371850103da2 Attacker EOAs: @ 0x9f7a6b16d0d9824197651f33506e3a2bb2f6f432 0xd17ddd34c414f666fc51e9fe04d32cf60,
0x02fa2625825917e9b1f8346a465de1bbc150c5b9,ETH,exploit,rekt_news,sonne-finance-rekt, at least 7 figures of funds. Attacker: 0xae4a7cde7c99fb98b0d5fa414aa40f0300531f43 Attack Contract: @ Target Contracts: soVELO: 0xe3b81318b1b6776f0877c3770afddff97b9f5fe5 SoUSDC: 0,
0x5d0d99e9886581ff8fcb01f35804317f5ed80bbb,ETH,exploit,rekt_news,sonne-finance-rekt,3c7c3a86f80514878deb5df51aad38b6191d55db53e42b7f0 Stolen Funds currently held in several addresses: @ 0x6277ab36a67cfb5535b02ee95c835a5eec554c07 0xae4a7cde7c99fb98b0d5fa414aa40f030,
0x6277ab36a67cfb5535b02ee95c835a5eec554c07,ETH,exploit,rekt_news,sonne-finance-rekt,42b7f0 Stolen Funds currently held in several addresses: 0x5d0d99e9886581ff8fcb01f35804317f5ed80bbb @ 0xae4a7cde7c99fb98b0d5fa414aa40f0300531f43 0x9f09ec563222fe52712dc413d0b7b66cb,
0xae4a7cde7c99fb98b0d5fa414aa40f0300531f43,ETH,exploit,rekt_news,sonne-finance-rekt,"tack to occur, and the protocol to immediately be drained of at least 7 figures of funds. Attacker: @ Attack Contract: 0x02fa2625825917e9b1f8346a465de1bbc150c5b9 Target Contracts: ",
0xf7b5965f5c117eb1b5450187c9dcfccc3c317e8e,ETH,exploit,rekt_news,sonne-finance-rekt,e3b81318b1b6776f0877c3770afddff97b9f5fe5 SoUSDC: 0xec8fea79026ffed168ccf5c627c7f486d77b765f soWETH: @ Attack Transaction: 0x9312ae377d7ebdf3c7c3a86f80514878deb5df51aad38b6191d55db5,
0xc92ebecda030234c10e149beead6bba61197531a,ETH,exploit,rekt_news,sovryn-rekt,"s , the exploit was down to the “ external call of callTokensToSend function. ” Attacker’s address: @ Example tx: 0xf5ea62… The attacker first deploys the attack contract and trans",
0x6a89a8c67b5066d59bf4d81d59f70c3976facd0a,ETH,exploit,rekt_news,sss-rekt,"a profit, isn’t it? Attacker Contract: 0xDed85d83Bf06069c0bD5AA792234b5015D5410A9 Attacker Address: @ Attack Transaction 1: 0x80012bf784b83baaf28f5549a9f233cae5f70be7afcd8f594dc757",
0xded85d83bf06069c0bd5aa792234b5015d5410a9,ETH,exploit,rekt_news,sss-rekt,png)\nAttacker Contract:\n[0xDed85d83Bf06069c0bD5AA792234b5015D5410A9](https://blastscan.io/address/@)\n\n \n\nAttacker Address: [0x6a89a8c67b5066d59bf4d81d59f70c3976facd0a](https:,
0x3130662aece32f05753d00a7b95c0444150bcd3c,ETH,exploit,rekt_news,stake-rekt,e indeed currently unable to withdraw. Funds were drained into the following hacker addresses: ETH: @ MATIC: 0xfe3f568d58919b14aff72bd3f14e6f55bec6c4e0 BSC: 0x4464e91002c63a623a8a2,
0xfe3f568d58919b14aff72bd3f14e6f55bec6c4e0,ETH,exploit,rekt_news,stake-rekt,drained into the following hacker addresses: ETH: 0x3130662aece32f05753d00a7b95c0444150bcd3c MATIC: @ BSC: 0x4464e91002c63a623a8a218bd5dd1f041b61ec04 Any non-native assets were the,
0xe10d4a5bd440775226c7e1858f573e379d0aca36,ETH,exploit,rekt_news,steadefi-rekt," and bridged to Ethereum before being forwarded onto [another address](https://etherscan.io/address/@), where they remain.\n\nAttacker’s address ([ETH](https://etherscan.io/address",
7raxiejD8hDUH1wyYWFDPrEuHiLUjJ4RiZi2z1u2udNh,SOL,exploit,rekt_news,step-finance-rekt,QUP81nN69mhiAEDJvzL8X317 The operation wasn&#x27;t a solo act. A secondary wallet joined the party: @ QuillAudits confirmed that the majority of stolen funds remain parked in the a,
0x1e8419e724d51e87f78e222d935fbbdeb631a08b,ETH,exploit,rekt_news,sturdy-rekt,ollateral token (B-stETH-STABLE). BlockSec provided the following step-by-step: Attacker’s Address: @ Attack contract (with front-running protection built in): 0x0b09c86260c12294e3,
0x1574f7f4c9d3aca2ebce918e5d19d18ae853c090,ETH,exploit,rekt_news,superfluid-rekt,"touched, presumably because the attacker had “ had enough ”. How did it happen? Attacker’s address: @ Exploit tx: 0xdee86cae2e1bab16496a49… Assets taken: 19.4M QI (pre-hack value o",
2dmoNLgfP1UjqM9ZxtTqWY1YJMHJdXnUkwTrcLhL7Xoq,SOL,exploit,rekt_news,swissborg-rekt,"satJcFJ75BxYh4SbjBMEca6voKkc8Pc2Ja1wNE7CHmf3mUx5 Most of the stolen funds are here ($40,7 million): @ Meanwhile, a much smaller 1,000 SOL started its own journey through a chain of",
6bnSQH4UtGKgo4hUXRj8MeMz2bqPP6hxSaRrBjL96QaT,SOL,exploit,rekt_news,swissborg-rekt,7dvSyM17QeeDemKmpXeL3hDroBZ6LWrvWMRyYU7RZY4k8tZ55Eg2qAEj2K3qGxBbKYntsHezf2Uk SwissBorg Exploiter 2: @ Then Exploiter 2 sent 100 SOL to yet another address - probably testing if thi,
TYFWG3hvvxWMs2KXEk8cDuJCsXEyKs65eeqpD9P4mK1,SOL,exploit,rekt_news,swissborg-rekt,"uot; No fluff, no corporate doublespeak - just the theft address that mattered. Attacker’s Address: @ While SwissBorg&#x27;s crisis team was probably still figuring out how to spel",
0x2997c5ddd3070a46e9938261ce0a16a237121cb0,ETH,exploit,rekt_news,tapioca-dao-rekt,**TAP Vesting Contract:**\n[0x2997C5ddD3070A46E9938261ce0A16a237121cb0](https://arbiscan.io/address/@#code)\n\n \n\n**Exploiter:**\n[0x70285a11489bed93686410EBC727057CAfb8129D](htt,
0x69d91e56ca80f2a4d7b808b59053ea5c5505ffe2,ETH,exploit,rekt_news,tapioca-dao-rekt,"ea039f2b329cb6074383d54ed8240963014ccb6400befa5a4e3 Stolen funds were bridged from Arbitrum to BSC: @ But wait, there&#x27;s more! Our favorite on-chain sleuth, ZachXBT, has stirre",
0x70285a11489bed93686410ebc727057cafb8129d,ETH,exploit,rekt_news,tapioca-dao-rekt,e)\n\n \n\n**Exploiter:**\n[0x70285a11489bed93686410EBC727057CAfb8129D](https://arbiscan.io/address/@)\n\n**Attack Transaction 1:** [0x8cf8def40fa2beab66f46863478bea71ad8f4512003ca,
0x161cebb807ac181d5303a4ccec2fc580cc5899fd,ETH,exploit,rekt_news,teamfinance-rekt,t’s Uniswap v2 pool is as follows: $11.5M CAW $1.7M TSUKA $0.7M KNDX $1.9M FEG Exploiter address 1: @ Exploiter address 2 (containing stolen funds): 0xba399a2580785a2ded740f5e30ec8,
0xba399a2580785a2ded740f5e30ec89fb3e617e6e,ETH,exploit,rekt_news,teamfinance-rekt,ddress 1: 0x161cebb807ac181d5303a4ccec2fc580cc5899fd Exploiter address 2 (containing stolen funds): @ Attack tx: 0xb2e3ea72… Attacker’s contract: 0xcff07c4e6aa9e2fec04daaf5f41d1b10,
0xcff07c4e6aa9e2fec04daaf5f41d1b10f3adadf4,ETH,exploit,rekt_news,teamfinance-rekt,olen funds): 0xba399a2580785a2ded740f5e30ec89fb3e617e6e Attack tx: 0xb2e3ea72… Attacker’s contract: @ The vulnerable migrate() function was included in Zokyo Security’s audit of Te,
0x2b63d4a3b2db8acbb2671ea7b16993077f1db5a0,ETH,exploit,rekt_news,templedao-rekt,"ded via Binance shortly before the attack, and the stolen funds were forwarded to another address ( @ ) where they remain. $2M is a relatively small amount compared to the TVL of T",
0x2df9c154fe24d081cfe568645fb4075d725431e0,ETH,exploit,rekt_news,templedao-rekt,e LP tokens were then swapped for ETH inside the [attacker’s contract](https://etherscan.io/address/@).\n\n \n\n**Attacker’s address: [0x9c9fb3100a2a521985f0c47de3b4598dafd25b01](h,
0x9c9fb3100a2a521985f0c47de3b4598dafd25b01,ETH,exploit,rekt_news,templedao-rekt,rax/Temple LP tokens were then swapped for ETH inside the attacker’s contract . Attacker’s address: @ Attack tx: 0x8c3f442f… The exploiter’s address was funded via Binance shortly ,
0x686457a7468b9b31c5dba43b1b16077b48520691,ETH,exploit,rekt_news,term-labs-rekt,45db486390eede4a7f44fbe1a2eb6744c2e8a0 Attacker Wallets: 0xa908b3472d76e7744bab0a5911768a4a6300612b @ AMLBot reported that both wallets appeared to have been seeded with roughly 1 ,
0xa908b3472d76e7744bab0a5911768a4a6300612b,ETH,exploit,rekt_news,term-labs-rekt,Transaction 2: 0x9f273f9a5a20c2fc957b06bbfa45db486390eede4a7f44fbe1a2eb6744c2e8a0 Attacker Wallets: @ 0x686457a7468b9b31c5dba43b1b16077b48520691 AMLBot reported that both wallets a,
0xe546480138d50bb841b204691c39cc514858d101,ETH,exploit,rekt_news,theidolsnft-rekt,ker&#x27;s address create ripple after ripple across the protocol&#x27;s surface. Attacker Address: @ Even their OpenSea profile stands as a looking glass into their activities: Op,
0x4a33862042d004d3fc45e284e1aafa05b48e3c9c,ETH,exploit,rekt_news,thorchain-rekt,n anonymous attacker? Attacker Wallet: 0x3a196410a0f5facd08fd7880a4b8551cd085c031 Contract Address: @ Tornado Address: 0x4b713980d60b4994e0aa298a66805ec0d35ebc5a According to ThorC,
0x8c1944fac705ef172f21f905b5523ae260f76d62,ETH,exploit,rekt_news,thorchain-rekt2,ack contract: 0x700196e226283671a3de6704ebcdb37a76658805 Attack wallet (spawned from Tornado Cash): @ The simple attack steps can be seen below. The attacker created a fake router ,
0xd95e6eab231b9f3afa24c31c7050bd84c2982072,ETH,exploit,rekt_news,thorchain-rekt2,4326662f7fee230db87d12a624f564b) \n\n[Last Transaction By An Attacker](https://etherscan.io/address/@#tokentxns)\n\n**Transactions to THORChain pass user-intent with the MEMO field,
0x763a67e4418278f84c04383071fc00165c112661,ETH,exploit,rekt_news,tmztribe-rekt,gle emergency pause.** \n \nThen [funds bridged to Ethereum via Across](https://arbiscan.io/address/@#crosschaintx) and [disappeared into Tornado Cash](https://x.com/extractor_web3,
0x092123663804f8801b9b086b03b98d706f77bd59,ETH,exploit,rekt_news,tornado-gov-rekt,"dismissed as a failed attempt. Was it a decoy, perhaps? Or a preparatory move? Exploiter address 1: @ Exploiter address 2: 0x592340957ebc9e4afb0e9af221d06fdddf789de9 The successful",
0xd90e2f925da726b50c4ed8d0fb90ad053324f31b,ETH,exploit,rekt_news,tornado-gov-rekt,"chose to launder](https://etherscan.io/address/0x092123663804f8801b9b086b03b98d706f77bd59?toaddress=@) the profits?_), the hacker may have [other motivations](https://twitter.com/0",
0x75f2aba6a44580d7be2c4e42885d4a1917bffd46,ETH,exploit,rekt_news,transit-swap-rekt,ely half an hour before swapping stolen tokens to ETH and BNB. Exploiter’s address on ETH and BSC : @ Vulnerable contract (revoke approvals on both ETH and BSC): 0xed1afc8c4604958c,
0x273589ca3713e7becf42069f9fb3f0c164ce850a,ETH,exploit,rekt_news,truebit-rekt,ately . Original Attacker’s Wallet: 0x6C8EC8f14bE7C01672d31CFa5f2CEfeAB2562b50 Laundering Wallet 1: @ Laundering Wallet 2 (Middle Man Wallet): 0x3b58192943ee6f9ae92d54dd1ef378cfd51,
0x6c8ec8f14be7c01672d31cfa5f2cefeab2562b50,ETH,exploit,rekt_news,truebit-rekt," to November 2025 . Weeks of prep work before pulling the trigger. Attacker&#x27;s Primary Address: @ Funding Transaction (December 6, 2025): 0xf173f0ed341d3106c1f2eda4704a5e5e9e12",
0x61e6301614178a2ca21bfa0fbb30aba06acc2d1c,ETH,exploit,rekt_news,trustedvolumes-rekt,"M , though the on-chain drain prices totals $5.87M across the four assets . Stolen Funds Address 1: @ Stolen Funds Address 2: 0xc3ebddea4f69df717a8f5c89e7cf20c1c0389100 The funds m",
0xc3ebddea4f69df717a8f5c89e7cf20c1c0389100,ETH,exploit,rekt_news,trustedvolumes-rekt,"assets . Stolen Funds Address 1: 0x61e6301614178a2ca21bfa0fbb30aba06acc2d1c Stolen Funds Address 2: @ The funds moved faster than the response, the conversion happened before the c",
0x413e4fb75c300b92fec12d7c44e4c0b4faab4d04,ETH,exploit,rekt_news,unibot-rekt,been reports of copycat attackers deploying contracts to replicate the exploit. Exploiter address: [@] ( https://etherscan.io/address/@ ) Example attack tx: 0xc,
0x2f744f784000de0b8f1a7da3f0021ad56c09ce1a,ETH,exploit,rekt_news,unizen-rekt,were carried out. Attack Address 3: 0xd440b92739f86b00d1135b5eea871751433da2d7 Attacked Contract 3: @ Attack Transaction: 0x30fef86a72ea7e1109ffeae572439995c78561ffeb968dcbd61c609e,
0x4e2ce48f0b5d97bfd4be3f6c7b6479db1aa5b365,ETH,exploit,rekt_news,unizen-rekt, Attack Transaction: 0x30fef86a72ea7e1109ffeae572439995c78561ffeb968dcbd61c609efc60fdd9 Attacker 4: @ A total of 13 attack transactions were carried out. The flow of funds can be f,
0x6e0f802d987cb4f12038562166034a7414666be1,ETH,exploit,rekt_news,unizen-rekt,"hand.**\n\nThey deposited 128 ETH of stolen loot in an LP on [Uniswap](https://etherscan.io/address/@#tokentxns), with the [Yoink](https://etherscan.io/address/0xf557568d5d813febae",
0x90a7482dd7fa28865f440ec0c3b783775ac01266,ETH,exploit,rekt_news,unizen-rekt,\n \n\nAttack Contract 2: [0x90a7482dD7fA28865f440EC0c3B783775AC01266](https://etherscan.io/address/@)\n\n \n\nA total of 14 attack transactions were carried out.\n\n \nAttack Addr,
0xb660cae1a59336676ea1887b15eb3c0badb90d78,ETH,exploit,rekt_news,unizen-rekt, a malicious actor that stole user funds. Resulting in a robbery worth more than $2.1M. Attacker 1: @ Attack Contract 1: @ Attack Transaction: 0xc12a4155c2c9070,
0xd440b92739f86b00d1135b5eea871751433da2d7,ETH,exploit,rekt_news,unizen-rekt,A28865f440EC0c3B783775AC01266 A total of 14 attack transactions were carried out. Attack Address 3: @ Attacked Contract 3: 0x2f744f784000de0b8f1a7da3f0021ad56c09ce1a Attack Transac,
GeEccGJ9BEzVbVor1njkBCCiqXJbXVeDHaXDCrBDbmuy,SOL,exploit,rekt_news,unsolved-mystery,"6fjEJ73t7qaX9Rp2zyS6hb3iEu ($955,601.51) 5WwBYgQG6BdErM2nNNyUmQXfcUnB68b6kesxBywh1J3n ($446,965.00) @ ($255,555.97) This dashboard provides a useful breakdown of the stolen funds, ",
Htp9MGP8Tig923ZFY7Qf2zzbMUmYneFRAhSp7vSg4wxV,SOL,exploit,rekt_news,unsolved-mystery,"The four exploiter addresses identified on Solana hold a total of $5,276,392.50 at time of writing: @ ($3,618,270.02) CEzN7mqP9xoxn2HdyW6fjEJ73t7qaX9Rp2zyS6hb3iEu ($955,601.51) 5Ww",
0x083379bdac3e138cb0c7210e0282fbc466a3215a,ETH,exploit,rekt_news,uspd-rekt,er's Drainer Address:** \n[0x083379BDAC3E138cb0C7210e0282fbC466A3215A](https://etherscan.io/address/@)\n\n**The Attack Transaction on December 4th:** \n[0xa7cab072bf0453301a0ab1b06,
0x050c7e9c62bf991841827f37745ddadb563feb70,ETH,exploit,rekt_news,uwulend-rekt," stolen funds are parked in the following two addresses: 0x48d7c1dd4214b41eda3301bca434348f8d1c5eb6 @ One person was hit harder than most, Michael Egorov the founder of Curve was r",
0x48d7c1dd4214b41eda3301bca434348f8d1c5eb6,ETH,exploit,rekt_news,uwulend-rekt,ec6624b56242850f07e0f1dadbe4f69ba0d6ac3 The stolen funds are parked in the following two addresses: @ 0x050c7e9c62bf991841827f37745ddadb563feb70 One person was hit harder than most,
0x81d012ed8fc3b868bb163e4c89346545818c2404,ETH,exploit,rekt_news,uwulend-rekt,"tting caught.** \n \n_The same address has [sent messages in the past](https://etherscan.io/address/@) to the exploiter of [Gala Games](https://rekt.news/gala-games-rekt/), [PlayDa",
0x841ddf093f5188989fa1524e7b893de64b421f47,ETH,exploit,rekt_news,uwulend-rekt,g the attacker to borrow sUSDe at 0.99 but liquidate positions at the inflated 1.03 rate. Attacker: @ Attack transactions: 0x242a0fb4fde9de0dc2fd42e8db743cbc197ffa2bf6a036ba0bba303,
0x64ab9377a2b3bbb61dd79f8997e7f8c1cc1a4de8,ETH,exploit,rekt_news,uxlink-rekt,aiting for the next move. Addresses involved in holding exploiter funds (as tracked by Blockscope): @ 0x7277c705b5b1963b602cb4e3ab8e188d925bed00 0xf35dde49a1bbe7a8883a8f35d48fb33c2,
0x7277c705b5b1963b602cb4e3ab8e188d925bed00,ETH,exploit,rekt_news,uxlink-rekt,d in holding exploiter funds (as tracked by Blockscope): 0x64ab9377a2b3bbb61dd79f8997e7f8c1cc1a4de8 @ 0xf35dde49a1bbe7a8883a8f35d48fb33c20a69b39 0x7e1f34418e2da204a8eabdb29eddf7c09,
0xb819e6ae5a6668bb0ce02d64d130deca9ff83691,ETH,exploit,rekt_news,uxlink-rekt,dress did almost twice the damage on Ethereum Mainnet around the same time in several transactions: @ What was stolen on Eth Mainnet in Round 2: $5.382 million DAI $1.377 million U,
0x8cdc37ed79c5ef116b9dc2a53cb86acaca3716bf,ETH,exploit,rekt_news,velocore-rekt,n (0xd3115a8a) again through the router contract to drain funds from the LP pool. Attacker Address: @ Exploited Contracts: 0xed4e130f6f9e68918996f7e1e46a3306b3e12cec 0xb7f6354b2cfd,
0xed4e130f6f9e68918996f7e1e46a3306b3e12cec,ETH,exploit,rekt_news,velocore-rekt,from the LP pool. Attacker Address: 0x8cdc37ed79c5ef116b9dc2a53cb86acaca3716bf Exploited Contracts: @ 0xb7f6354b2cfd3018b3261fbc63248a56a24ae91a 0xc030fba4b741b770f03e715c3a27d02c4,
0x1a35bd28efd46cfc46c2136f878777d69ae16231,ETH,exploit,rekt_news,venus-protocol-rekt4, toward a position representing 84% of Venus&#x27;s 14.5 million THE supply cap . Attacker Address: @ Community members had flagged this address as suspicious before March 15th . V,
0x43c743e316f40d4511762eedf6f6d484f67b2f82,ETH,exploit,rekt_news,venus-protocol-rekt4,"nt‑running, or beneficiary) is not fully detailed in the public write‑ups. Second Attacker Address: @ Venus&#x27;s supply cap is enforced in one place : The mint() function, the st",
0xbda71b58cec0b1c20a8f87ccd52fa0679747855c,ETH,exploit,rekt_news,veruscoin-rekt,"transfers, all inside a single call - and every one of them sits in public record. Attacker Wallet: @ Loot Wallet: 0xcfd0a20703cd11e0b9f665e1c3f1ef989c142d54 Exploit Transaction: 0",
0x10c509aa9ab291c76c45414e7cdbd375e1d5ace8,ETH,exploit,rekt_news,visor-finance-rekt,e hacker was able to mint unlimited shares using their own [contract.](https://etherscan.io/address/@)\n\n![](https://raw.githubusercontent.com/RektHQ/Assets/main/images/2021/12/vi,
0x8efab89b497b887cdaa2fb08ff71e4b3827774b2,ETH,exploit,rekt_news,visor-finance-rekt,s for issuing shares ” not count as a smart contract bug?… What was it this time? Hacker’s address: @ Funded by Tornado Cash a few mins before the execution of the attack. Due to a,
0xc9f27a50f82571c1c8423a42970613b8dbda14ef,ETH,exploit,rekt_news,visor-finance-rekt,"nDue to a vulnerable _require()_ check in the [vVISR Rewards Contract](https://etherscan.io/address/@#code)’s _deposit()_ function, the hacker was able to mint unlimited shares usi",
0xdf8bee861227ffc5eea819c332a1c170ae3dbacb,ETH,exploit,rekt_news,warp-finance-rekt,nd resulted in a loss of stablecoin lender funds. The wallets involved are listed below Attacker SC @ Warp Oracle 0x4A224CD0517f08B26608a2f73bF390b01a6618c8 Warp Control 0xBa539B9a,
0x62ee357dd9170d85da8396765534f1bb01e13d86,ETH,exploit,rekt_news,wasabi-protocol-rekt,"r amounts to several addresses, which also exited through Tornado Cash. Hacker Wallet #4 - 500 ETH: @ Which sent ~500 ETH on May 4th, to this address: 0xc84F0FA1c2bE91DF6800cc37a70",
0x8bf50116aaa2876e1242591b1edc5643cc281208,ETH,exploit,rekt_news,wasabi-protocol-rekt,through Tornado Cash:** \n[0x8bF50116AAA2876E1242591B1EdC5643CC281208](https://etherscan.io/address/@)\n\n**Hacker Wallet #3 - 500 ETH:**\n[0x1A5B4A0bd3f572328AC7a8d7a3A96955F7ed2d,
0xd48180d4697ce4b45a8056b0f3d716d10018ed03,ETH,exploit,rekt_news,wasabi-protocol-rekt,"hrough Tornado Cash. Hacker Wallet #5 - 737.36 ETH (only wallet still holding funds as of May 4th): @ $5.9M tracked across five addresses , four wallet moves and a Tornado Cash exi",
0xc6873ce725229099caf5ac6078f30f48ec6c7e2e,ETH,exploit,rekt_news,wazirx-rekt,bbbe732c244f33 July 10th: Six deposits of 0.1 ETH each were made to Tornado Cash from this address: @ The main attack address received 6 x 0.1 ETH from Tornado Cash: 0x6EeDF92Fb92D,
0xc891b507a7c109179d38e2cb4de6cd8dc70d2ad4,ETH,exploit,rekt_news,wazirx-rekt,tions to this address:**\n[0xC891b507A7c109179d38E2Cb4DE6CD8Dc70D2ad4](https://etherscan.io/address/@)\n\n \n\n**2 Transactions:**\n\n**0.36 ETH:** [0xc2fdc27f98cf02c2da2a180fa3582,
0x0000db5c8b030ae20308ac975898e09741e70000,ETH,exploit,rekt_news,whale-hunters-payday,n\n**Phishing address:**\n[0x0000db5c8B030ae20308ac975898E09741e70000](https://etherscan.io/address/@)\n\n \n\n**Attacker's withdrawal address:**\n[0x5D4b2A02c59197eB2cAe95A6Df9fE2,
0x4f3a120e72c76c22ae802d129f599bfdbc31cb81,ETH,exploit,rekt_news,wintermute-rekt,"ory contract , which was funded by Tornado Cash on the 1st June. Wintermute’s multisig on Ethereum: @ Hijacked address on Optimism: @ So far, 1M OP has been sen",
0x60b28637879b5a09d21b68040020ffbf7dba5107,ETH,exploit,rekt_news,wintermute-rekt,8c6b89bf0b6756a7b7e) has been sent to the [exploiter’s EOA](https://optimistic.etherscan.io/address/@) and [sold](https://optimistic.etherscan.io/tx/0xe9491bfb9a1ad13a47f3c1f61197b,
0x0248f752802b2cfb4373cc0c3bc3964429385c26,ETH,exploit,rekt_news,wintermute-rekt-2,cky this time around? Hacker’s address: 0xe74b28c2eAe8679e3cCc3a94d5d0dE83CCB84705 Attack contract: @ Main attack tx: 0xedd31e2a… Second attack tx: 0xc253450f… The likely cause of ,
0x6c3f90f043a72fa612cbac8115ee7e52bde6e490,ETH,exploit,rekt_news,wintermute-rekt-2,oid any blacklisting.\n\n**The exploiter is now the [3rd largest holder](https://etherscan.io/token/@#balances) of 3CRV with over 13% of the supply.**\n\n_Tornado 3pool?_\n\nThe re,
0x87969ef4811981b72a7d05d647281c8ece046beb,ETH,exploit,rekt_news,wintermute-rekt-2, capitalise on all those watching for signs of movement. The [scammer](https://etherscan.io/address/@) seeded a Uniswap pool with [35 ETH of liquidity](https://etherscan.io/tx/0x42,
0xaa030f95c338c604550d5d2000146c013b406ae0,ETH,exploit,rekt_news,wintermute-rekt-2," after the news broke, the launch of a honeypot token, [WinterMuteInu](https://etherscan.io/address/@), was spoofed from the exploiter’s address to capitalise on all those watching",
0x9961190b258897bca7a12b8f37f415e689d281c4,ETH,exploit,rekt_news,woo-rekt,hin 13 minutes. The attacker still managed to get away with a big stash of ETH. Attacker’s address: @ Attack tx: 0x40e1b8c78083fc666cb7598efcecd0ae0af313fc41441386e4db716c2808ce07 ,
0xb59d04d9957c9e266dff5c4173d4d2324eb029ad,ETH,exploit,rekt_news,woo-rekt,3/01/woofi-flow.png)\n \n\nThe stolen funds were sent to [this address](https://arbiscan.io/address/@). \n \nWoofi sent an [onchain message](https://arbiscan.io/tx/0xe4a7d630b46ecc,
0x87aab7bac1308faf2a0d59da26b8379e18b26355,ETH,exploit,rekt_news,woox-rekt,ereum Network Wallets:**\n[0x87aab7bac1308fAF2A0d59DA26b8379e18b26355](https://etherscan.io/address/@)\n[0x889b49ef0bf787c3ddc2950bfc7d1d439320004b](https://etherscan.io/address/0x,
0x889b49ef0bf787c3ddc2950bfc7d1d439320004b,ETH,exploit,rekt_news,woox-rekt,0786238a7C6cEF8Ffc4 Attacker’s Ethereum Network Wallets: 0x87aab7bac1308fAF2A0d59DA26b8379e18b26355 @ 0x77167f0bc412eb39d004f354869938e7c5acd518 0x14896E88E0F7dCe1FB88A979439C2f87b,
0x629e7da20197a5429d30da36e77d06cdf796b71a,ETH,exploit,rekt_news,wormhole-rekt,"id Wormhole find $326M? Credit: @samczsun , @gf_256 , @ret2jazzy , @kelvinfichter Attacker address: @ The Wormhole, Solana’s bridge, was manipulated into crediting 120k ETH as havi",
0x3e8e7533dcf69c698cf806c3db22f7f10b9b0b97,ETH,exploit,rekt_news,yearn-rekt3,th the Tornado flows):**\n[0x3e8e7533dcf69c698Cf806C3DB22f7f10B9B0b97](https://etherscan.io/address/@)\n\n_You can see the Tornado pipeline directly in the exploit transaction’s in,
0xfb63aa935cf0a003335dce9cca03c4f9c0fa4779,ETH,exploit,rekt_news,yearn-rekt3,ary Attacker Address:** \n[0xFb63aa935Cf0a003335dCE9Cca03c4F9c0fa4779](https://etherscan.io/address/@)\n\n \n\n**Main Attack Contract (Self-Destructed):**\n[0xB8e0A4758Df2954063Ca4,
0x67e0c4cfc88b98b9ed718b49b8d2f812df738e42,ETH,exploit,rekt_news,yearn-rekt4,"nd swapping the output. Attacker EOA: 0xcaca279dff5110efa61091becf577911a2fa4cc3 Attacker Contract: @ A 30,000,000 USDC flash loan from Morpho provided the leverage. Flash Loan Tra",
0xcaca279dff5110efa61091becf577911a2fa4cc3,ETH,exploit,rekt_news,yearn-rekt4,"ics - minting the infinite shares, draining the Curve pools, and swapping the output. Attacker EOA: @ Attacker Contract: 0x67e0c4cfc88b98b9ed718b49b8d2f812df738e42 A 30,000,000 USD",
0x16af29b7efbf019ef30aae9023a5140c012374a5,ETH,exploit,rekt_news,yearn2-rekt,step analysis: Exploiter address 1: 0x5bac20beef31d0eccb369a33514831ed8e9cdfe0 Exploiter address 2: @ Exploiter address 3: 0x6f4a6262d06272c8b2e00ce75e76d84b9d6f6ab8 Attack transac,
0x5bac20beef31d0eccb369a33514831ed8e9cdfe0,ETH,exploit,rekt_news,yearn2-rekt, using just 10k USDT. Theori’s junomon.eth provided the step-by-step analysis: Exploiter address 1: @ Exploiter address 2: 0x16af29b7efbf019ef30aae9023a5140c012374a5 Exploiter addr,
0x6f4a6262d06272c8b2e00ce75e76d84b9d6f6ab8,ETH,exploit,rekt_news,yearn2-rekt,4831ed8e9cdfe0 Exploiter address 2: 0x16af29b7efbf019ef30aae9023a5140c012374a5 Exploiter address 3: @ Attack transaction 1: 0xd55e43c1… Attack transaction 2: 0x8db0ef33… The minted,
0x2d1ce29b4af15fb6e76ba9995bbe1421e8546482,ETH,exploit,rekt_news,yieldblox-rekt,"hack-analysis/yeildblox-10m-hack-explained) in the [attacker's wallet](https://etherscan.io/address/@).**\n\nMeanwhile, [~48M XLM was frozen across the attacker's Stellar accounts ",
0x218c572b1ab6065d74bebcb708a3f523d14f7719,ETH,exploit,rekt_news,zero-to-lend,"y, and someone forgot to mention the heist. \n \n\n**[A single wallet](https://basescan.org/address/@) borrowed 3.92 LBTC across three transactions in 45 minutes, bridged the profi",
0x645c77833833a6654f7edaa977ebeabc680a9109,ETH,exploit,rekt_news,zklend-rekt,*Attacker on Ethereum:**\n[0x645c77833833A6654F7EdaA977eBEaBc680a9109](https://etherscan.io/address/@)\n\n \n\nWhile [zkLend assembled their crisis management squad](https://x.com/,
0x051370419b871f7c05dee8f7134401530832e250,ETH,exploit,rekt_news,zunami-protocol-rekt2,"0xe9b2B067eE106A6E518fB0552F3296d22b82b32B 7 minutes later, Zunami was exploited… Attacker Address: @ Attack Transaction: 0xd7ce50992b36acbc746a821a74e5600230cfe5b36cfc155841581e37",
