address,chain,category,source,label,detail,ref_date
0xed1afc4dcfb39b9ab9d67f3f7f7d02803cea9fc5,ETH,exploit,revokecash,malicious spender/exploit,402bridge Hack / Rug Pull,2025-10-27
0xd83d960debec397fb149b51f8f37dd3b5cfa8913,ETH,exploit,revokecash,malicious spender/exploit,Aperture Finance Hack,2026-01-25
0x7d0047b9d66bcdeb3c16e788336b2ab66601d857,ETH,exploit,revokecash,malicious spender/exploit,Aperture Finance Hack,2026-01-25
0xe008901d50a5740a5f52936c1d398c1f645e05cb,ETH,exploit,revokecash,malicious spender/exploit,Aperture Finance Hack,2026-01-25
0xb8296778564eb45369dcac03191e75cdbd2250d2,ETH,exploit,revokecash,malicious spender/exploit,Aperture Finance Hack,2026-01-25
0xcbedf6b4c3eecd0ecab48bbef9ab806c871aa1cd,ETH,exploit,revokecash,malicious spender/exploit,Aperture Finance Hack,2026-01-25
0xccc715f90b31ca93ecea9fa22f9a70ac02486e12,ETH,exploit,revokecash,malicious spender/exploit,Aperture Finance Hack,2026-01-25
0x8b85229e40b7ece4161d640d29760128b524eff6,ETH,exploit,revokecash,malicious spender/exploit,Aperture Finance Hack,2026-01-25
0x4141a00cea4c294dfe67e47c75b1c02f6e782dff,ETH,exploit,revokecash,malicious spender/exploit,Aperture Finance Hack,2026-01-25
0x86c51034949d047175694826b8abbce7b9635d87,ETH,exploit,revokecash,malicious spender/exploit,Aperture Finance Hack,2026-01-25
0x03be7efd24efad6539931ceaaeeb5e02868bdb63,ETH,exploit,revokecash,malicious spender/exploit,Aperture Finance Hack,2026-01-25
0xef6dd72c942fd30de86ed1372636f070c60ae7a5,ETH,exploit,revokecash,malicious spender/exploit,Aperture Finance Hack,2026-01-25
0x4f42cb936eedfbcc5216c7fc67ee52cccfb56bf9,ETH,exploit,revokecash,malicious spender/exploit,Aperture Finance Hack,2026-01-25
0x9d92e134fd74a370178b9e9960f7d5e818fe87c5,ETH,exploit,revokecash,malicious spender/exploit,Aperture Finance Hack,2026-01-25
0x09243cbbd312d73ee671c1e3b473fbdfd91b2324,ETH,exploit,revokecash,malicious spender/exploit,Aperture Finance Hack,2026-01-25
0x37f610e717fa767469c995df941788b5d50c3724,ETH,exploit,revokecash,malicious spender/exploit,Aperture Finance Hack,2026-01-25
0x1ef972454a18e9811fe05b6fca281152b5aecbf1,ETH,exploit,revokecash,malicious spender/exploit,Aperture Finance Hack,2026-01-25
0x980cd95922c9c0042659f25f66f722d28bc871b0,ETH,exploit,revokecash,malicious spender/exploit,Aperture Finance Hack,2026-01-25
0xed31b1b704dcbda1fac77f3742b4c60fefc7432c,ETH,exploit,revokecash,malicious spender/exploit,Aperture Finance Hack,2026-01-25
0x46f0536efc95f7cf3ab2d4afe0874f3029138888,ETH,exploit,revokecash,malicious spender/exploit,Aperture Finance Hack,2026-01-25
0x8ca101902ad1b3510baf4e093274c13f239eea2d,ETH,exploit,revokecash,malicious spender/exploit,Arcadia Finance Hack,2025-07-15
0x344a219b57d1a62749a0de986744b74542edef81,ETH,exploit,revokecash,malicious spender/exploit,Arcadia Finance Hack,2025-07-15
0xe951ad8c9d5faec6b3ae42067f958db1d84189b1,ETH,exploit,revokecash,malicious spender/exploit,Arcadia Finance Hack,2025-07-15
0x72cd5c2a150536ecd22d28a67c717a1ec45b0235,ETH,exploit,revokecash,malicious spender/exploit,Arcadia Finance Hack,2025-07-15
0x2a33f56e4924fa9102a2d24f1a288a3113b91499,ETH,exploit,revokecash,malicious spender/exploit,Arcadia Finance Hack,2025-07-15
0x28cb86892c5e9de8415c36df2e902cb655f73477,ETH,exploit,revokecash,malicious spender/exploit,Arcadia Finance Hack,2025-07-15
0x003465b50a82b2fbafc0f9df70709b2c6146ba23,ETH,exploit,revokecash,malicious spender/exploit,Arcadia Finance Hack,2025-07-15
0x51c7e60906f86b40ebda2aa7ca4e6ac28d3d7598,ETH,exploit,revokecash,malicious spender/exploit,Arcadia Finance Hack,2025-07-15
0xc8cbdebe96e5e60bdda0b44fd91d74c16b7fbe72,ETH,exploit,revokecash,malicious spender/exploit,Arcadia Finance Hack,2025-07-15
0x9c0b5e995264bed11bea54642fb6c1e7dd4855cb,ETH,exploit,revokecash,malicious spender/exploit,Arcadia Finance Hack,2025-07-15
0xef48bdf98ebbae71b5ec3b393d9bd4d886302a3b,ETH,exploit,revokecash,malicious spender/exploit,Arcadia Finance Hack,2025-07-15
0xe11de856b73d446824ee295a75ca06da2b36b1e5,ETH,exploit,revokecash,malicious spender/exploit,Arcadia Finance Hack,2025-07-15
0xb97fdd974a1fb3c55b67c97fb4c70c23ad781c2a,ETH,exploit,revokecash,malicious spender/exploit,Arcadia Finance Hack,2025-07-15
0x83320f00136b02ca7c9c29af1758ac927e289862,ETH,exploit,revokecash,malicious spender/exploit,Arcadia Finance Hack,2025-07-15
0xdd1f05f215c314521a3d07bb9a17fe189884dbea,ETH,exploit,revokecash,malicious spender/exploit,Arcadia Finance Hack,2025-07-15
0x561b49c4546afcca1c2c87dd349897a936264c67,ETH,exploit,revokecash,malicious spender/exploit,Arcadia Finance Hack,2025-07-15
0xd1759626ff2c7f043e04275c01208e726c4aa4ef,ETH,exploit,revokecash,malicious spender/exploit,Arcadia Finance Hack,2025-07-15
0x25b384db38580df2a146cdc1f1ce1a3fe52e6da3,ETH,exploit,revokecash,malicious spender/exploit,Arcadia Finance Hack,2025-07-15
0x427dd0e7ccc1d289161c9f1d0a946e1b4bde9a98,ETH,exploit,revokecash,malicious spender/exploit,Arcadia Finance Hack,2025-07-15
0x92f4047a1b9899b92623dc54b8104bf412dcfdf6,ETH,exploit,revokecash,malicious spender/exploit,Arcadia Finance Hack,2025-07-15
0x700d2a04cc66cc06187df571ae3833bab03be97a,ETH,exploit,revokecash,malicious spender/exploit,Arcadia Finance Hack,2025-07-15
0xaa4e8949cd6444018116ed8334967e050486421a,ETH,exploit,revokecash,malicious spender/exploit,Arcadia Finance Hack,2025-07-15
0xb82915207f4c546fb64873370510604877dc40a9,ETH,exploit,revokecash,malicious spender/exploit,Arcadia Finance Hack,2025-07-15
0x14a56d6de39f80fb0f662e70921f0ea14efeee55,ETH,exploit,revokecash,malicious spender/exploit,Arcadia Finance Hack,2025-07-15
0x379a3db665f8aabae2c8ab23ab2b54d5f7178bd0,ETH,exploit,revokecash,malicious spender/exploit,Arcadia Finance Hack,2025-07-15
0x984935548f02678521d54e080680b78ed0990511,ETH,exploit,revokecash,malicious spender/exploit,Arcadia Finance Hack,2025-07-15
0x86fe7ac0b26dd0cad43269cfb02d8406d88b6171,ETH,exploit,revokecash,malicious spender/exploit,Arcadia Finance Hack,2025-07-15
0x33854ac31560f32be31bf02309747295ec528ef0,ETH,exploit,revokecash,malicious spender/exploit,Arcadia Finance Hack,2025-07-15
0xbb1f19c52ed15aa5b7237fd95fe47c92e33d1f0a,ETH,exploit,revokecash,malicious spender/exploit,Arcadia Finance Hack,2025-07-15
0x9d3d5382b80eed8f7ffec59b87ae7b07c5effb75,ETH,exploit,revokecash,malicious spender/exploit,Arcadia Finance Hack,2025-07-15
0x0c791db285a579257d143a8cc0d32f77274d9a2a,ETH,exploit,revokecash,malicious spender/exploit,Arcadia Finance Hack,2025-07-15
0x73279d7441afa589d96d049d783a66c029a33a2a,ETH,exploit,revokecash,malicious spender/exploit,Arcadia Finance Hack,2025-07-15
0x74aecc6785ea196192547b2b80051f786041af08,ETH,exploit,revokecash,malicious spender/exploit,Arcadia Finance Hack,2025-07-15
0x2b3d880af6c8c72f8a02571deb5493db3be50789,ETH,exploit,revokecash,malicious spender/exploit,Arcadia Finance Hack,2025-07-15
0x3ba32ce10158354c5e55fda0a88059ad57e1bbe6,ETH,exploit,revokecash,malicious spender/exploit,Arcadia Finance Hack,2025-07-15
0x9da1aec5ab2ecde47f8862dd3f3e0bbbf8482f64,ETH,exploit,revokecash,malicious spender/exploit,Arcadia Finance Hack,2025-07-15
0x3489cfb4b4c36672100613abe8e63d9dbc1f7c9f,ETH,exploit,revokecash,malicious spender/exploit,Arcadia Finance Hack,2025-07-15
0x07fb5a841b09d151e5b396af929fdde499d6c997,ETH,exploit,revokecash,malicious spender/exploit,Arcadia Finance Hack,2025-07-15
0xf0a9eb172fb3ce0c47803fee98f4b5218e2c1f1f,ETH,exploit,revokecash,malicious spender/exploit,Arcadia Finance Hack,2025-07-15
0xc7d313daa19e28fc31ae7efb7d6f5b47f5abfb56,ETH,exploit,revokecash,malicious spender/exploit,Arcadia Finance Hack,2025-07-15
0x1ddde9391c7f01a58acc35a06ebf856fc6fe190a,ETH,exploit,revokecash,malicious spender/exploit,Arcadia Finance Hack,2025-07-15
0x7ef0b1621017664877df4733708fd30908d3cdf5,ETH,exploit,revokecash,malicious spender/exploit,Arcadia Finance Hack,2025-07-15
0xff4951d98bfdf612640dbeb3259d0aa0fde7a70d,ETH,exploit,revokecash,malicious spender/exploit,Arcadia Finance Hack,2025-07-15
0x77d47fa166ad45e4d56f69a99634021f26de2c17,ETH,exploit,revokecash,malicious spender/exploit,Arcadia Finance Hack,2025-07-15
0x036ef2e6a175e90a28d79d5d783bf7f19f4648fd,ETH,exploit,revokecash,malicious spender/exploit,Arcadia Finance Hack,2025-07-15
0x0b17345084eb6c262540e58a54dfef5b59459588,ETH,exploit,revokecash,malicious spender/exploit,Arcadia Finance Hack,2025-07-15
0x45f7de018428c4a07ee8a4e5a13d95268ac95981,ETH,exploit,revokecash,malicious spender/exploit,Arcadia Finance Hack,2025-07-15
0x1036a3d288b6c4bb39af63a4466d3e1ac90f2cc1,ETH,exploit,revokecash,malicious spender/exploit,Arcadia Finance Hack,2025-07-15
0x511ec318cf68a17184cdad49d639facde19cd56d,ETH,exploit,revokecash,malicious spender/exploit,Arcadia Finance Hack,2025-07-15
0x7d29989733532d39c89cef9e3e74377655e369f4,ETH,exploit,revokecash,malicious spender/exploit,Arcadia Finance Hack,2025-07-15
0x24b91a330eb41b59712167952b82a5ef5463f2b9,ETH,exploit,revokecash,malicious spender/exploit,Arcadia Finance Hack,2025-07-15
0x8f824ba7510d74f737e2173d945b22e1e018b065,ETH,exploit,revokecash,malicious spender/exploit,Arcadia Finance Hack,2025-07-15
0xa80f16115c5e571e4297513199a21fac939c7d2d,ETH,exploit,revokecash,malicious spender/exploit,Arcadia Finance Hack,2025-07-15
0xaae7692e4ac41bc4a223598ac50100442b65db09,ETH,exploit,revokecash,malicious spender/exploit,Arcadia Finance Hack,2025-07-15
0x855f517d7d3383efa5ce2ff8e8aa95d2468f84aa,ETH,exploit,revokecash,malicious spender/exploit,Arcadia Finance Hack,2025-07-15
0xed23dbdd81ab7e0e8aff9b060580e79ebbd77dbb,ETH,exploit,revokecash,malicious spender/exploit,Arcadia Finance Hack,2025-07-15
0x65ae12225af4972eb600195e9af5e52cf6cc9aec,ETH,exploit,revokecash,malicious spender/exploit,Arcadia Finance Hack,2025-07-15
0xfd35cdbca2827642dceae7bcceb769670d55b3e0,ETH,exploit,revokecash,malicious spender/exploit,Arcadia Finance Hack,2025-07-15
0x47958a612ee82f18b937d6fd97aba2c25ff7de09,ETH,exploit,revokecash,malicious spender/exploit,Arcadia Finance Hack,2025-07-15
0xba2b9d63a5fecfb9b140685283cb6802c66e1508,ETH,exploit,revokecash,malicious spender/exploit,Arcadia Finance Hack,2025-07-15
0x233445afa922979401bce4c71beca2b1745dd604,ETH,exploit,revokecash,malicious spender/exploit,Arcadia Finance Hack,2025-07-15
0xb911026852ff1ff875ca286a4e347f3ae29b6f74,ETH,exploit,revokecash,malicious spender/exploit,Arcadia Finance Hack,2025-07-15
0x77d2762bae8ecc607cde72a2a1e15c6b5d709ed8,ETH,exploit,revokecash,malicious spender/exploit,Arcadia Finance Hack,2025-07-15
0xf23aceb4ff556ce8a50a82cad05a3bed73441c90,ETH,exploit,revokecash,malicious spender/exploit,Arcadia Finance Hack,2025-07-15
0xda584d394bb4b881b57ac0fc56af3236e9ba3f85,ETH,exploit,revokecash,malicious spender/exploit,Arcadia Finance Hack,2025-07-15
0x96fb4f24c1eaa771aff4703f6616dc350fb251ce,ETH,exploit,revokecash,malicious spender/exploit,Arcadia Finance Hack,2025-07-15
0xea7c5f344157a325ca86a4c80a9170de2b98ca4e,ETH,exploit,revokecash,malicious spender/exploit,Arcadia Finance Hack,2025-07-15
0x1436cab9892e9f04316e39cf0f3ba54dfa7c5351,ETH,exploit,revokecash,malicious spender/exploit,Arcadia Finance Hack,2025-07-15
0xaf9f0913af2b31a47b6f7af3d7feed63a84dcd4d,ETH,exploit,revokecash,malicious spender/exploit,Arcadia Finance Hack,2025-07-15
0xfdeae574da1f59f81da0b5933c30d84319280725,ETH,exploit,revokecash,malicious spender/exploit,Arcadia Finance Hack,2025-07-15
0x8c9aab79d55d6ec1b9d99fcc685c164f58b4bec8,ETH,exploit,revokecash,malicious spender/exploit,Arcadia Finance Hack,2025-07-15
0x9460c2f319061cc420a34a280c49de346e6aab84,ETH,exploit,revokecash,malicious spender/exploit,Arcadia Finance Hack,2025-07-15
0x1fc1f76c70480fd4228c46005b593348b034c78a,ETH,exploit,revokecash,malicious spender/exploit,Arcadia Finance Hack,2025-07-15
0x364321064bebc743fd98451018dc00c5c3128b07,ETH,exploit,revokecash,malicious spender/exploit,Arcadia Finance Hack,2025-07-15
0xe198e3414142a074ff615571ed10884a6a486860,ETH,exploit,revokecash,malicious spender/exploit,Arcadia Finance Hack,2025-07-15
0x3c330f00f6684d5160d79e6c193efb6d0a7618b3,ETH,exploit,revokecash,malicious spender/exploit,Arcadia Finance Hack,2025-07-15
0xc840da8dc0979c39d53dac405fc5f36ca9a1bbcb,ETH,exploit,revokecash,malicious spender/exploit,Arcadia Finance Hack,2025-07-15
0x00f5b895a7f31e3bd9362406e01efc9cbbdd2ea2,ETH,exploit,revokecash,malicious spender/exploit,Arcadia Finance Hack,2025-07-15
0x0a24f563b1d16937cc0b8073bc06de1b23a3ebd4,ETH,exploit,revokecash,malicious spender/exploit,Arcadia Finance Hack,2025-07-15
0xb477bab45d81745e946eed7939033cfc1d3637a0,ETH,exploit,revokecash,malicious spender/exploit,Arcadia Finance Hack,2025-07-15
0xe7549e97969081bdf48a683a02579c2182e81392,ETH,exploit,revokecash,malicious spender/exploit,Arcadia Finance Hack,2025-07-15
0x64b5f541bfde18d8ba3f95f4d7c7b80eb41bc31b,ETH,exploit,revokecash,malicious spender/exploit,Arcadia Finance Hack,2025-07-15
0x6a80042866560f59ce3870aee431fce237cdc354,ETH,exploit,revokecash,malicious spender/exploit,Arcadia Finance Hack,2025-07-15
0x1c13ac405450c3cd1c71ddb71dac26828a67eb55,ETH,exploit,revokecash,malicious spender/exploit,Arcadia Finance Hack,2025-07-15
0x9f7ac1474afdf5ddc7d306098f171aef07d3ec33,ETH,exploit,revokecash,malicious spender/exploit,Arcadia Finance Hack,2025-07-15
0xc3fe1784b02ddd12f7be237a5a4f72a282967cdf,ETH,exploit,revokecash,malicious spender/exploit,Arcadia Finance Hack,2025-07-15
0x6fd91e79b1079ecfaed63b575cc6ae0e2681ece6,ETH,exploit,revokecash,malicious spender/exploit,Arcadia Finance Hack,2025-07-15
0x7737ba8880ed8f51e7621aa3a23f113a99ee4da4,ETH,exploit,revokecash,malicious spender/exploit,Arcadia Finance Hack,2025-07-15
0x91b7d91b29ffcf1551efbba8dba71461734e1a56,ETH,exploit,revokecash,malicious spender/exploit,Arcadia Finance Hack,2025-07-15
0x97902d757bd8b576d303b679d367b9c1cc6e544d,ETH,exploit,revokecash,malicious spender/exploit,Arcadia Finance Hack,2025-07-15
0xec73c7842ee937fb47968bdda04c9ec5545c59a9,ETH,exploit,revokecash,malicious spender/exploit,Arcadia Finance Hack,2025-07-15
0x394cd9b2dc2ba04d53cb83f2cc81aeae3e5f7629,ETH,exploit,revokecash,malicious spender/exploit,Arcadia Finance Hack,2025-07-15
0x245f70049bec20c0e4407606f4c9c1f2f41207f1,ETH,exploit,revokecash,malicious spender/exploit,Arcadia Finance Hack,2025-07-15
0x348f16979ae21cab0b0628e40bd8001b6f75bd06,ETH,exploit,revokecash,malicious spender/exploit,Arcadia Finance Hack,2025-07-15
0x5accbb0a933a5b9057cbf651e5417729e2b33802,ETH,exploit,revokecash,malicious spender/exploit,Arcadia Finance Hack,2025-07-15
0xe7c9b751021f847a2c388881eaafba6796095f65,ETH,exploit,revokecash,malicious spender/exploit,Arcadia Finance Hack,2025-07-15
0xe1b8ff4b138c017d3ee99004eb71c2bbf77c1989,ETH,exploit,revokecash,malicious spender/exploit,Arcadia Finance Hack,2025-07-15
0x6acb57166f732c4e62380a60cfd1a5631eb88e83,ETH,exploit,revokecash,malicious spender/exploit,Arcadia Finance Hack,2025-07-15
0x41b21f4c1a27d6d14690a67260dbb32845931152,ETH,exploit,revokecash,malicious spender/exploit,Arcadia Finance Hack,2025-07-15
0xc27e19198f69a90af74203dfcd536323a3c57a21,ETH,exploit,revokecash,malicious spender/exploit,Arcadia Finance Hack,2025-07-15
0x01ab55620f127182e692e5aa594d1d88c24e6853,ETH,exploit,revokecash,malicious spender/exploit,Arcadia Finance Hack,2025-07-15
0x62a4846f093a327f16e410e4f3542b209406b497,ETH,exploit,revokecash,malicious spender/exploit,Arcadia Finance Hack,2025-07-15
0xd93f26c07656f7552e36d0e1a3e4d6929650f89e,ETH,exploit,revokecash,malicious spender/exploit,Arcadia Finance Hack,2025-07-15
0xddc45afa54496da32ea8b70c9bb1eafb9ee531d4,ETH,exploit,revokecash,malicious spender/exploit,Arcadia Finance Hack,2025-07-15
0xf340979554d827fcb4f121a7f043fcec0b1d94b2,ETH,exploit,revokecash,malicious spender/exploit,Arcadia Finance Hack,2025-07-15
0x54b63c13afb67be2b6a2c16de17231d7cb445cfb,ETH,exploit,revokecash,malicious spender/exploit,Arcadia Finance Hack,2025-07-15
0xf0b1e370da23d2e07c4a26f9fe4a121c245fb951,ETH,exploit,revokecash,malicious spender/exploit,Arcadia Finance Hack,2025-07-15
0x4cabf6660bd795a0e3c952ebc54dc7bd6fe8898e,ETH,exploit,revokecash,malicious spender/exploit,Arcadia Finance Hack,2025-07-15
0xce59eb965fcd7663f57e941dd7836067db8c3c46,ETH,exploit,revokecash,malicious spender/exploit,Arcadia Finance Hack,2025-07-15
0xbdcb2ae9f9e2126663a0f1779ce94d885d13331e,ETH,exploit,revokecash,malicious spender/exploit,Arcadia Finance Hack,2025-07-15
0xd01b5a19e846c25e34c55ebf153f959cbeb2e4d8,ETH,exploit,revokecash,malicious spender/exploit,Arcadia Finance Hack,2025-07-15
0x8d0c560c7f982bfa6ddb57158da975233086ec13,ETH,exploit,revokecash,malicious spender/exploit,Arcadia Finance Hack,2025-07-15
0x6b0ab46a76a52adcd590a79491d851e72e4c352d,ETH,exploit,revokecash,malicious spender/exploit,Arcadia Finance Hack,2025-07-15
0x9d78c05ab3b24ab74a670357cce251eb19f91493,ETH,exploit,revokecash,malicious spender/exploit,Arcadia Finance Hack,2025-07-15
0xb05a1136d7e7f94d5b2abb96a0a102e7e837dc86,ETH,exploit,revokecash,malicious spender/exploit,Arcadia Finance Hack,2025-07-15
0x3c6c0e8faaf4dcd5a23387011defa1bc8b827591,ETH,exploit,revokecash,malicious spender/exploit,Arcadia Finance Hack,2025-07-15
0x3a2a39170f16ebce765747e22144e6611d6448fa,ETH,exploit,revokecash,malicious spender/exploit,Arcadia Finance Hack,2025-07-15
0x2d6b5dda5c645b306fea070a28329799eff26f00,ETH,exploit,revokecash,malicious spender/exploit,Arcadia Finance Hack,2025-07-15
0xe0a62ffff103c4303f7c8d4e0bfb542194cc410b,ETH,exploit,revokecash,malicious spender/exploit,Arcadia Finance Hack,2025-07-15
0x2e72ed392e4c9359396a7809923df026da8d2cb2,ETH,exploit,revokecash,malicious spender/exploit,Arcadia Finance Hack,2025-07-15
0x691c702a950d31279fd823803db2c6422a374a06,ETH,exploit,revokecash,malicious spender/exploit,Arcadia Finance Hack,2025-07-15
0x6b01caf9521a0b0500288e84314ed1710e83a18e,ETH,exploit,revokecash,malicious spender/exploit,Arcadia Finance Hack,2025-07-15
0x8c468121fe347db78cc763b3815fa5f41e2a9246,ETH,exploit,revokecash,malicious spender/exploit,Arcadia Finance Hack,2025-07-15
0xb54d75f9eb2d505eb87c2ef5321912f0d8a8fd78,ETH,exploit,revokecash,malicious spender/exploit,Arcadia Finance Hack,2025-07-15
0x2be88cece79b0b12ab364e5a9fd66a247abeb140,ETH,exploit,revokecash,malicious spender/exploit,Arcadia Finance Hack,2025-07-15
0xbe7ef03a831d908bcb2129365f72ed47d4505155,ETH,exploit,revokecash,malicious spender/exploit,Arcadia Finance Hack,2025-07-15
0xaf65e7ade781f2dc4299a0b2bd0b336f329c7a10,ETH,exploit,revokecash,malicious spender/exploit,Arcadia Finance Hack,2025-07-15
0x8046198720f60d5bd359bdf4e55ff55612989b32,ETH,exploit,revokecash,malicious spender/exploit,Arcadia Finance Hack,2025-07-15
0x7352a0de4425af28f280ac31aac0420b1700f0cd,ETH,exploit,revokecash,malicious spender/exploit,Arcadia Finance Hack,2025-07-15
0x4c28be60394c684d6a4f1abde0d016bbe9ef63e9,ETH,exploit,revokecash,malicious spender/exploit,Arcadia Finance Hack,2025-07-15
0x2f3148231e9a288162e33aee5cc95a3602a46076,ETH,exploit,revokecash,malicious spender/exploit,Arcadia Finance Hack,2025-07-15
0x597ce6bb46481e0a065cf37fbb39a63bb17f2659,ETH,exploit,revokecash,malicious spender/exploit,Arcadia Finance Hack,2025-07-15
0xce1f90a2a7b619c7efba14d99726f8270e219987,ETH,exploit,revokecash,malicious spender/exploit,Arcadia Finance Hack,2025-07-15
0xe05e47b7979f07d34ee066cefd3271d8b73fbee1,ETH,exploit,revokecash,malicious spender/exploit,Arcadia Finance Hack,2025-07-15
0x3480f8ede84871d526fe8543f694291d13587d4a,ETH,exploit,revokecash,malicious spender/exploit,Arcadia Finance Hack,2025-07-15
0x71fb64e8e4317de77e0800ddab7bf50c64a9bd36,ETH,exploit,revokecash,malicious spender/exploit,Arcadia Finance Hack,2025-07-15
0x20f3c2b40f4c35b8b270723ab7efdf422d77c57a,ETH,exploit,revokecash,malicious spender/exploit,Arcadia Finance Hack,2025-07-15
0x362c2044c649ed82f68f7248ea653c0474f728ea,ETH,exploit,revokecash,malicious spender/exploit,Arcadia Finance Hack,2025-07-15
0x72f20444f165377b9ce820200e335dcb78897451,ETH,exploit,revokecash,malicious spender/exploit,Arcadia Finance Hack,2025-07-15
0xfba1adc9ccea02241426e58053c1050ac76771db,ETH,exploit,revokecash,malicious spender/exploit,Arcadia Finance Hack,2025-07-15
0x227c2a87cb70475373406e62fc864bf94250413e,ETH,exploit,revokecash,malicious spender/exploit,Arcadia Finance Hack,2025-07-15
0xbb9de01d7deb52de2c70318d169749bf0f7a6b7a,ETH,exploit,revokecash,malicious spender/exploit,Arcadia Finance Hack,2025-07-15
0x78e03270adf2ebebc6af82c1edd269e7b7a9ec59,ETH,exploit,revokecash,malicious spender/exploit,Arcadia Finance Hack,2025-07-15
0x91617ec117fe17930124c81c737fb6eecde5449e,ETH,exploit,revokecash,malicious spender/exploit,Arcadia Finance Hack,2025-07-15
0xc526cb38213efab59378e41d63d356ab6676b3db,ETH,exploit,revokecash,malicious spender/exploit,Arcadia Finance Hack,2025-07-15
0xcbafa8a3f0a4464c0e88c9eafd5eb17d52723169,ETH,exploit,revokecash,malicious spender/exploit,Arcadia Finance Hack,2025-07-15
0x8a8ec8cb0525c7150b23b9b089e3ea6822c0ca93,ETH,exploit,revokecash,malicious spender/exploit,Arcadia Finance Hack,2025-07-15
0x1b9a5da39b58646a4791a15a05a7b19ffe2260b2,ETH,exploit,revokecash,malicious spender/exploit,Arcadia Finance Hack,2025-07-15
0x54a793d8f71b7ad2866b3204009c846351650655,ETH,exploit,revokecash,malicious spender/exploit,Arcadia Finance Hack,2025-07-15
0x97dfe4d38c9c6040b29dff6ff21a9d82c54440dc,ETH,exploit,revokecash,malicious spender/exploit,Arcadia Finance Hack,2025-07-15
0x839223d3a39dd4cf435e0ac788696d60d76e8f5a,ETH,exploit,revokecash,malicious spender/exploit,Arcadia Finance Hack,2025-07-15
0x3c10580a459921d9cf7969e44c45cd4b025337cb,ETH,exploit,revokecash,malicious spender/exploit,Arcadia Finance Hack,2025-07-15
0xe40431d926ddb5805f32be2f7dbd99dd92caef48,ETH,exploit,revokecash,malicious spender/exploit,Arcadia Finance Hack,2025-07-15
0x1e203dc991d16b9bf4e4df792c81985adc49404e,ETH,exploit,revokecash,malicious spender/exploit,Arcadia Finance Hack,2025-07-15
0xdb0915a66307b15a2b8bcfdb5cce49caee31b1d0,ETH,exploit,revokecash,malicious spender/exploit,Arcadia Finance Hack,2025-07-15
0x5088def88500fb07414e1846767a6e292588ad39,ETH,exploit,revokecash,malicious spender/exploit,Arcadia Finance Hack,2025-07-15
0xdceebc680a52c083ca77359a9c718ac89e958432,ETH,exploit,revokecash,malicious spender/exploit,Arcadia Finance Hack,2025-07-15
0xf9a55c73d25126c419eb4fc61d829f1b329f9676,ETH,exploit,revokecash,malicious spender/exploit,Arcadia Finance Hack,2025-07-15
0x41fe788a339462a7197d7d3a463389d03376af19,ETH,exploit,revokecash,malicious spender/exploit,Arcadia Finance Hack,2025-07-15
0xb07a644c51725834a516974b6ebc81950d2249af,ETH,exploit,revokecash,malicious spender/exploit,Arcadia Finance Hack,2025-07-15
0x0eab6207b5dde016d2bafd440ea14e10645ab167,ETH,exploit,revokecash,malicious spender/exploit,Arcadia Finance Hack,2025-07-15
0xa07062b03ce2884c20823fd18957a1beec1b6780,ETH,exploit,revokecash,malicious spender/exploit,Arcadia Finance Hack,2025-07-15
0xcb55e8e81ed4991dea18d1d4bd482400753078c1,ETH,exploit,revokecash,malicious spender/exploit,Arcadia Finance Hack,2025-07-15
0x8005796e8f46af5049b4b0b454222b8f849483ac,ETH,exploit,revokecash,malicious spender/exploit,Arcadia Finance Hack,2025-07-15
0x3595619133842d80844ea57fbdb2ee9108deebb4,ETH,exploit,revokecash,malicious spender/exploit,Arcadia Finance Hack,2025-07-15
0xf218bb6704f25bb18df8337d9ecfe8238094f901,ETH,exploit,revokecash,malicious spender/exploit,Arcadia Finance Hack,2025-07-15
0x45de655ab37fdb59166a96ec17d189162f6618ef,ETH,exploit,revokecash,malicious spender/exploit,Arcadia Finance Hack,2025-07-15
0xd5403fb63a8404669b7fe772ffa760f6fd7e4c1d,ETH,exploit,revokecash,malicious spender/exploit,Arcadia Finance Hack,2025-07-15
0xc3c4dbddd84fafc2028d917484df7dd70e2a3659,ETH,exploit,revokecash,malicious spender/exploit,Arcadia Finance Hack,2025-07-15
0x3f367d043770acb9d4b7f436c2202b6f62f5fe2e,ETH,exploit,revokecash,malicious spender/exploit,Arcadia Finance Hack,2025-07-15
0x453d3354a708b91bdd1d6af7bed78a02cd282c2d,ETH,exploit,revokecash,malicious spender/exploit,Arcadia Finance Hack,2025-07-15
0xa36bff40d0d951879cf61f8d522ec5f3c0ca7787,ETH,exploit,revokecash,malicious spender/exploit,Arcadia Finance Hack,2025-07-15
0x7906a4ba4aedfa77ec2ce1c7f71fac8b195c7d80,ETH,exploit,revokecash,malicious spender/exploit,Arcadia Finance Hack,2025-07-15
0x0365f9521636037d6f78a12a927d79f3f7b1a619,ETH,exploit,revokecash,malicious spender/exploit,Arcadia Finance Hack,2025-07-15
0xcfb8a75d54d40942afc63bb93846c3d697dc9fe1,ETH,exploit,revokecash,malicious spender/exploit,Arcadia Finance Hack,2025-07-15
0xb0b21e10cf53722073027367c44b5be3d1bdd4f0,ETH,exploit,revokecash,malicious spender/exploit,Arcadia Finance Hack,2025-07-15
0xf9595574899800fb1aa0d634a15f80edd5cc0308,ETH,exploit,revokecash,malicious spender/exploit,Arcadia Finance Hack,2025-07-15
0x6a9b1267824cdd25974ca3590593a75694a4bd65,ETH,exploit,revokecash,malicious spender/exploit,Arcadia Finance Hack,2025-07-15
0xbf953d1979d2b34983f9021fb4300eb4d3246ddb,ETH,exploit,revokecash,malicious spender/exploit,Arcadia Finance Hack,2025-07-15
0x93f8d0516056521341d69476a3b21478dc8d26da,ETH,exploit,revokecash,malicious spender/exploit,Arcadia Finance Hack,2025-07-15
0xee57a8dccb138276fe24a68c5f14eb7c4f97f5f9,ETH,exploit,revokecash,malicious spender/exploit,Arcadia Finance Hack,2025-07-15
0x2b99322743f7b3f2a1fd1b728ae69cf9dd966e7d,ETH,exploit,revokecash,malicious spender/exploit,Arcadia Finance Hack,2025-07-15
0x049a327676f671ce0c492d41362e40a50302b112,ETH,exploit,revokecash,malicious spender/exploit,Arcadia Finance Hack,2025-07-15
0x6076fbdc96221eb89b6d5d2c175d56643644ad56,ETH,exploit,revokecash,malicious spender/exploit,Arcadia Finance Hack,2025-07-15
0xfc8658a234ba769171b906c3ce1c73c48c1fa99b,ETH,exploit,revokecash,malicious spender/exploit,Arcadia Finance Hack,2025-07-15
0x1a2060a7eda35434b9c5bb57da77d3b105ff710d,ETH,exploit,revokecash,malicious spender/exploit,Arcadia Finance Hack,2025-07-15
0x464633bd131960683f184a3fc36530cd5f3479df,ETH,exploit,revokecash,malicious spender/exploit,Arcadia Finance Hack,2025-07-15
0x98863e52679958732beb66f1c87746fd7378f36a,ETH,exploit,revokecash,malicious spender/exploit,Arcadia Finance Hack,2025-07-15
0xc490ea54294859050f0fc93ff3f59224dd058671,ETH,exploit,revokecash,malicious spender/exploit,Arcadia Finance Hack,2025-07-15
0x0b8438a644ebec6cd66b7e5b4ecc198d0f381a5a,ETH,exploit,revokecash,malicious spender/exploit,Arcadia Finance Hack,2025-07-15
0x2f07aa06ed677bd428bcb978db2a4b5106153c96,ETH,exploit,revokecash,malicious spender/exploit,Arcadia Finance Hack,2025-07-15
0xc0380eab9a3a38ac4eb23b6d0f59190ccb45f8d3,ETH,exploit,revokecash,malicious spender/exploit,Arcadia Finance Hack,2025-07-15
0x1807cc60824689e411e6e08cc1aef0b5aa5e4d01,ETH,exploit,revokecash,malicious spender/exploit,Arcadia Finance Hack,2025-07-15
0x1cd3c6adf248d63dfa060401ee6e2ea68870fec9,ETH,exploit,revokecash,malicious spender/exploit,Arcadia Finance Hack,2025-07-15
0xfd2cf52ed6dab0ae6be0686f7878fa6c6f248752,ETH,exploit,revokecash,malicious spender/exploit,Arcadia Finance Hack,2025-07-15
0x8604f3ac476adf35bf58cfe9d24d33af1a3974fc,ETH,exploit,revokecash,malicious spender/exploit,Arcadia Finance Hack,2025-07-15
0x594c2b70dd206f7710998e2670986190f18815d2,ETH,exploit,revokecash,malicious spender/exploit,Arcadia Finance Hack,2025-07-15
0x5134a41837be0e20bd2c876e1b96771125928273,ETH,exploit,revokecash,malicious spender/exploit,Arcadia Finance Hack,2025-07-15
0x33f8b565047b045660e9ee2f4eb5f69f96ff516e,ETH,exploit,revokecash,malicious spender/exploit,Arcadia Finance Hack,2025-07-15
0xd805273d743dcdbf2013966baf190ce56b2a1b16,ETH,exploit,revokecash,malicious spender/exploit,Arcadia Finance Hack,2025-07-15
0x7a961a294de6ba8e95023e534c67d924145c16e0,ETH,exploit,revokecash,malicious spender/exploit,Arcadia Finance Hack,2025-07-15
0xcdbda22a9d262bf94e840f3fcc02dfb986cc47cb,ETH,exploit,revokecash,malicious spender/exploit,Arcadia Finance Hack,2025-07-15
0xc80424489dfea31de178149b8db37f0e0f86dccd,ETH,exploit,revokecash,malicious spender/exploit,Arcadia Finance Hack,2025-07-15
0x654954717dd4a669233c70ff77ff255ef6995ae7,ETH,exploit,revokecash,malicious spender/exploit,Arcadia Finance Hack,2025-07-15
0x27a042bef695a2a977531b837950c828de5ed733,ETH,exploit,revokecash,malicious spender/exploit,Arcadia Finance Hack,2025-07-15
0x469fe7edda459933430b9c04f9dbf575ca2528b8,ETH,exploit,revokecash,malicious spender/exploit,Arcadia Finance Hack,2025-07-15
0x40a6395234711f25dfe44d1aa8a3f91f6ba6a788,ETH,exploit,revokecash,malicious spender/exploit,Arcadia Finance Hack,2025-07-15
0x664fc984cba197608478ee3a498e2ac71178d8a2,ETH,exploit,revokecash,malicious spender/exploit,Arcadia Finance Hack,2025-07-15
0xe0b982f481d6454c8a2d35ec8e55173f4261f15a,ETH,exploit,revokecash,malicious spender/exploit,Arcadia Finance Hack,2025-07-15
0xc95b3aeb49e4d5dd5d405c0746d49da4f5f9258c,ETH,exploit,revokecash,malicious spender/exploit,Arcadia Finance Hack,2025-07-15
0xaf7c0eeaf5facd7a11909c7a43500d6b3efd4b44,ETH,exploit,revokecash,malicious spender/exploit,Arcadia Finance Hack,2025-07-15
0x4435dafaf50215073f2231a9078ab4610db1e357,ETH,exploit,revokecash,malicious spender/exploit,Arcadia Finance Hack,2025-07-15
0x09e71d9b2b3cb967c59dd3313d8fdfb18aaa0644,ETH,exploit,revokecash,malicious spender/exploit,Arcadia Finance Hack,2025-07-15
0x9fc34d5c6bf2ebfc41cf97b18546df4882e43176,ETH,exploit,revokecash,malicious spender/exploit,Arcadia Finance Hack,2025-07-15
0xe64564e40017a6f574c99199d568d168f2f56053,ETH,exploit,revokecash,malicious spender/exploit,Arcadia Finance Hack,2025-07-15
0xaaf4097f893ce8d9d5b05725accd7d8cbd287dea,ETH,exploit,revokecash,malicious spender/exploit,Arcadia Finance Hack,2025-07-15
0x2f73a260c916b04a83a9dba25dd98bcb623b2357,ETH,exploit,revokecash,malicious spender/exploit,Arcadia Finance Hack,2025-07-15
0xe79ed4de05ea028bf315b31f17d582d023b98530,ETH,exploit,revokecash,malicious spender/exploit,Arcadia Finance Hack,2025-07-15
0x9941fe24e2cc1c2527eca2391426762db2cb976f,ETH,exploit,revokecash,malicious spender/exploit,Arcadia Finance Hack,2025-07-15
0xf3ce87fb0d7088d4d214663f794bd3fcf4a7dde9,ETH,exploit,revokecash,malicious spender/exploit,Arcadia Finance Hack,2025-07-15
0x9458b448e5df1bca942ad87fd6148a5dcda0c9f7,ETH,exploit,revokecash,malicious spender/exploit,Arcadia Finance Hack,2025-07-15
0x06f2555dadd91f938ff63524acadca7c2e5bb269,ETH,exploit,revokecash,malicious spender/exploit,Arcadia Finance Hack,2025-07-15
0x6769be8ceb33cd3345593860cf6bfd456f895cd5,ETH,exploit,revokecash,malicious spender/exploit,Arcadia Finance Hack,2025-07-15
0x576aa9217f26650e9af220f9e2e0a29450bd60d0,ETH,exploit,revokecash,malicious spender/exploit,Arcadia Finance Hack,2025-07-15
0x170693f1b0f3d2d14ab1a7454b911e8da777041e,ETH,exploit,revokecash,malicious spender/exploit,Arcadia Finance Hack,2025-07-15
0x4d71c883bb3dfc594eb025e660b5f0a198e33078,ETH,exploit,revokecash,malicious spender/exploit,Arcadia Finance Hack,2025-07-15
0x7ba74d4190558858445a0a32b50883d43f1ae303,ETH,exploit,revokecash,malicious spender/exploit,Arcadia Finance Hack,2025-07-15
0x4f6fc8596ad37369b08c47b0f4fae613ed5c54eb,ETH,exploit,revokecash,malicious spender/exploit,Arcadia Finance Hack,2025-07-15
0xa8c9ed13506375a29efefac922ac8aa8184ae289,ETH,exploit,revokecash,malicious spender/exploit,Arcadia Finance Hack,2025-07-15
0x4ea9ac02ea939a09e8b4a0b2867503f3d21d68a7,ETH,exploit,revokecash,malicious spender/exploit,Arcadia Finance Hack,2025-07-15
0xb7485e95e93322c81dcc0e1893a8711c41d7e52d,ETH,exploit,revokecash,malicious spender/exploit,Arcadia Finance Hack,2025-07-15
0x3134f100cfee2b243a4e720a10fd072295c35c2b,ETH,exploit,revokecash,malicious spender/exploit,Arcadia Finance Hack,2025-07-15
0xe61e65b020a454622b2577e6c1aad30486acfa4f,ETH,exploit,revokecash,malicious spender/exploit,Arcadia Finance Hack,2025-07-15
0x175a535557c8d0c9e5eb9de26eb5756a50358232,ETH,exploit,revokecash,malicious spender/exploit,Arcadia Finance Hack,2025-07-15
0xa8d021217f7a9622e1e82f99615aa6f280f15c7e,ETH,exploit,revokecash,malicious spender/exploit,Arcadia Finance Hack,2025-07-15
0x26ae412c72623e8b6806aaf451c20c06a1e897fb,ETH,exploit,revokecash,malicious spender/exploit,Arcadia Finance Hack,2025-07-15
0xaa40f9e85f78cd11ebee74f6cac1c47c63f7801d,ETH,exploit,revokecash,malicious spender/exploit,Arcadia Finance Hack,2025-07-15
0x220b256a249076bc619669bed16621106883ef90,ETH,exploit,revokecash,malicious spender/exploit,Arcadia Finance Hack,2025-07-15
0x56640c044c4eb62ac832768eade7a308cef7002e,ETH,exploit,revokecash,malicious spender/exploit,Arcadia Finance Hack,2025-07-15
0x98e9c1e4eec8c804a061b5f25eff3bdb0444c3e8,ETH,exploit,revokecash,malicious spender/exploit,Arcadia Finance Hack,2025-07-15
0xd5fcd31611764df0feb4df0f1e24ed3c48853fb3,ETH,exploit,revokecash,malicious spender/exploit,Arcadia Finance Hack,2025-07-15
0xb789b15086cec00d3d304341cba8cb40cb05eeb1,ETH,exploit,revokecash,malicious spender/exploit,Arcadia Finance Hack,2025-07-15
0x357d344006e8828cf53a99a47c3703bf041851b6,ETH,exploit,revokecash,malicious spender/exploit,Arcadia Finance Hack,2025-07-15
0x1f67d5f7e50364d58fbd7a2d497dc51384682117,ETH,exploit,revokecash,malicious spender/exploit,Arcadia Finance Hack,2025-07-15
0xe9483f9fc5f28bbebe1b94a8c8cb2e4a8afd4565,ETH,exploit,revokecash,malicious spender/exploit,Arcadia Finance Hack,2025-07-15
0xb5f55f017f1d5c33a383708b4d6f74ed27e70a0a,ETH,exploit,revokecash,malicious spender/exploit,Arcadia Finance Hack,2025-07-15
0x689190993e3ab5e0a35489d4757b3cca7af245c6,ETH,exploit,revokecash,malicious spender/exploit,Arcadia Finance Hack,2025-07-15
0xbf549480395721a2cf8578be3843954a4740fe70,ETH,exploit,revokecash,malicious spender/exploit,Arcadia Finance Hack,2025-07-15
0x21343357a09eaadc6776d57a52acda3f42003870,ETH,exploit,revokecash,malicious spender/exploit,Arcadia Finance Hack,2025-07-15
0x6da27d53f439a2e784fbb55f80fa61280cccf938,ETH,exploit,revokecash,malicious spender/exploit,Arcadia Finance Hack,2025-07-15
0x82075b01274ac065eaa959bf8ddc0247d67503c2,ETH,exploit,revokecash,malicious spender/exploit,Arcadia Finance Hack,2025-07-15
0x4530575c05b7cc30b2c6b02eed35f0182637dfc5,ETH,exploit,revokecash,malicious spender/exploit,Arcadia Finance Hack,2025-07-15
0x55d4f6108dc4631079019cb56a045569d4a023a3,ETH,exploit,revokecash,malicious spender/exploit,Arcadia Finance Hack,2025-07-15
0x6325886cef82d340324bec1282c11478d474d8c7,ETH,exploit,revokecash,malicious spender/exploit,Arcadia Finance Hack,2025-07-15
0x018c8a63111e238e404049f7401828dac95e6493,ETH,exploit,revokecash,malicious spender/exploit,Arcadia Finance Hack,2025-07-15
0x82ba4887f16ed734e42ca80584050b4a7ee2c3b6,ETH,exploit,revokecash,malicious spender/exploit,Arcadia Finance Hack,2025-07-15
0x920d80ebc94b26bf13ef567200617239793ffcd6,ETH,exploit,revokecash,malicious spender/exploit,Arcadia Finance Hack,2025-07-15
0x343bb819a678dce2517cd9518f135bb85d8b0782,ETH,exploit,revokecash,malicious spender/exploit,Arcadia Finance Hack,2025-07-15
0x34d55a32e45f1e8986bd3340c3335b217bee9213,ETH,exploit,revokecash,malicious spender/exploit,Arcadia Finance Hack,2025-07-15
0x3994832b9b2509b4c4937f54c42f1f95bfcf6cdc,ETH,exploit,revokecash,malicious spender/exploit,Arcadia Finance Hack,2025-07-15
0xb9de0f87abcbe22435539222100d875dd5bcadb9,ETH,exploit,revokecash,malicious spender/exploit,Arcadia Finance Hack,2025-07-15
0x5bcc2623432470abdd427582c9e36ae6586ab578,ETH,exploit,revokecash,malicious spender/exploit,Arcadia Finance Hack,2025-07-15
0xb20a9a6f49d26d3ec5b49821683f4d592865ba4a,ETH,exploit,revokecash,malicious spender/exploit,Arcadia Finance Hack,2025-07-15
0x098067b74fbee150c164a03484db2a39edb91d83,ETH,exploit,revokecash,malicious spender/exploit,Arcadia Finance Hack,2025-07-15
0x16b3e4fd4150634d0af579025c1c22c30ebf6dbb,ETH,exploit,revokecash,malicious spender/exploit,Arcadia Finance Hack,2025-07-15
0xab8dd1cfd5a5192255d75af23daea27f9f91f8e7,ETH,exploit,revokecash,malicious spender/exploit,Arcadia Finance Hack,2025-07-15
0x21276e7966d16d632f85626330b80f0777e6475d,ETH,exploit,revokecash,malicious spender/exploit,Arcadia Finance Hack,2025-07-15
0x90b52b1a87d0ec873b5e38ec2307236b133d9187,ETH,exploit,revokecash,malicious spender/exploit,Arcadia Finance Hack,2025-07-15
0xe561f1415066260000930efa2074ef1ad255f18b,ETH,exploit,revokecash,malicious spender/exploit,Arcadia Finance Hack,2025-07-15
0x043723e5345e43ec7e5d9dfb1418eebe6704d63f,ETH,exploit,revokecash,malicious spender/exploit,Arcadia Finance Hack,2025-07-15
0x86f4a08bf25bc3efa9191068b54802049ff753d4,ETH,exploit,revokecash,malicious spender/exploit,Arcadia Finance Hack,2025-07-15
0x92e7a8c3c0dd9b8eafd76c01c467993bfdfdc9ea,ETH,exploit,revokecash,malicious spender/exploit,Arcadia Finance Hack,2025-07-15
0xec25994fd5870eae5375009a944e310fad8089ce,ETH,exploit,revokecash,malicious spender/exploit,Arcadia Finance Hack,2025-07-15
0x5931256eebfd906ea6da69c4a652d1523e0de242,ETH,exploit,revokecash,malicious spender/exploit,Arcadia Finance Hack,2025-07-15
0x4ce706c57b7b0c3e08d548f292261d51d779d755,ETH,exploit,revokecash,malicious spender/exploit,Arcadia Finance Hack,2025-07-15
0x1a3bbed434835c200814cfe4f48894d3eb2d9462,ETH,exploit,revokecash,malicious spender/exploit,Arcadia Finance Hack,2025-07-15
0xfc1dec45f3953d3962d50c48df43ec8b9854f7a0,ETH,exploit,revokecash,malicious spender/exploit,Arcadia Finance Hack,2025-07-15
0xd002480daf62c94d100901de77a918aff8304a7a,ETH,exploit,revokecash,malicious spender/exploit,Arcadia Finance Hack,2025-07-15
0x04c37ceb6513e45c9f679d19e769230fe9b12ceb,ETH,exploit,revokecash,malicious spender/exploit,Arcadia Finance Hack,2025-07-15
0x3d7fc40c23735fed1b14dc3785154170a1d83fc0,ETH,exploit,revokecash,malicious spender/exploit,Arcadia Finance Hack,2025-07-15
0x6367c60f1fa9866b3d54139c8247bca0d07f5452,ETH,exploit,revokecash,malicious spender/exploit,Arcadia Finance Hack,2025-07-15
0x2938666357e3d229e9025699a86ad79ab24714ed,ETH,exploit,revokecash,malicious spender/exploit,Arcadia Finance Hack,2025-07-15
0x43dbb982a8613a95fc9f3e20fa5de37f4851aa6f,ETH,exploit,revokecash,malicious spender/exploit,Arcadia Finance Hack,2025-07-15
0xd25d747b06077effc8cb62f456f6f569dd29db12,ETH,exploit,revokecash,malicious spender/exploit,Arcadia Finance Hack,2025-07-15
0x4867038d10be1ea74771cffb6b3eedc6840871ac,ETH,exploit,revokecash,malicious spender/exploit,Arcadia Finance Hack,2025-07-15
0xb5890e3b5cc65d1f8d64f3b63177c7c67c7bca7d,ETH,exploit,revokecash,malicious spender/exploit,Arcadia Finance Hack,2025-07-15
0xe45e94989df41e1416745877c0db20cefcf5d116,ETH,exploit,revokecash,malicious spender/exploit,Arcadia Finance Hack,2025-07-15
0x6be7204190b4fd6102db0bbee229ffa8cfa6edd1,ETH,exploit,revokecash,malicious spender/exploit,Arcadia Finance Hack,2025-07-15
0xd26e605f2ba95461390de6e7a348aecfa910e0fd,ETH,exploit,revokecash,malicious spender/exploit,Arcadia Finance Hack,2025-07-15
0x6591cf75da44710e6500fc597390ee5acccbcf7a,ETH,exploit,revokecash,malicious spender/exploit,Arcadia Finance Hack,2025-07-15
0xd27b503aa564c223802162860cd0ac6a99639148,ETH,exploit,revokecash,malicious spender/exploit,Arcadia Finance Hack,2025-07-15
0x9294d90a84f07d4dead1b24be752dafe78051b40,ETH,exploit,revokecash,malicious spender/exploit,Arcadia Finance Hack,2025-07-15
0x71f01bed2f18ad95f4f3a344194ae94bb3ad2ca4,ETH,exploit,revokecash,malicious spender/exploit,Arcadia Finance Hack,2025-07-15
0x9fe46181f090b75c91134764794b64d587765b34,ETH,exploit,revokecash,malicious spender/exploit,Arcadia Finance Hack,2025-07-15
0xca8ed878d031438a862ee4a5966027a8c09300ab,ETH,exploit,revokecash,malicious spender/exploit,Arcadia Finance Hack,2025-07-15
0x77c52530369b54c3b7592355bdcc2d3594a3496b,ETH,exploit,revokecash,malicious spender/exploit,Arcadia Finance Hack,2025-07-15
0xcc255b7ddbbc1e948d7e118a8aa4b85b2c00e5a0,ETH,exploit,revokecash,malicious spender/exploit,Arcadia Finance Hack,2025-07-15
0x9cc74668e9acb4546ca12e8148896be3276b93f0,ETH,exploit,revokecash,malicious spender/exploit,Arcadia Finance Hack,2025-07-15
0x74b61dfea08453200b6cd225d2c2d9eb3aba3d4b,ETH,exploit,revokecash,malicious spender/exploit,Arcadia Finance Hack,2025-07-15
0x5bded644be1f515425b56f4e2fb21b8f74cc4ef7,ETH,exploit,revokecash,malicious spender/exploit,Arcadia Finance Hack,2025-07-15
0xa8ddc5f0e59bf8a5bdc0b939aa3ca70ec467d1bd,ETH,exploit,revokecash,malicious spender/exploit,Arcadia Finance Hack,2025-07-15
0x975eedb94dae5e3353a18db4a3a09ce3625d0357,ETH,exploit,revokecash,malicious spender/exploit,Arcadia Finance Hack,2025-07-15
0xeee96e0b1c782b777a55378565259278e87bee5b,ETH,exploit,revokecash,malicious spender/exploit,Arcadia Finance Hack,2025-07-15
0x929bc4a2771e5d3833f319c2d0299da2dce18d3a,ETH,exploit,revokecash,malicious spender/exploit,Arcadia Finance Hack,2025-07-15
0x6a6e180d5828c2e66a6beb2c0d49939623b63844,ETH,exploit,revokecash,malicious spender/exploit,Arcadia Finance Hack,2025-07-15
0x45bccb1b27744b1fed1cded2af11f1a71810305f,ETH,exploit,revokecash,malicious spender/exploit,Arcadia Finance Hack,2025-07-15
0x307c951aa9eee2d5d3cfe0d95b21cab19fbb33ce,ETH,exploit,revokecash,malicious spender/exploit,Arcadia Finance Hack,2025-07-15
0xb56b1541e9dd76ad9f500e51de569cfd1d975ebd,ETH,exploit,revokecash,malicious spender/exploit,Arcadia Finance Hack,2025-07-15
0xe8d57c7cd2b4e23dd77fc30f2d245fd2233a21f5,ETH,exploit,revokecash,malicious spender/exploit,Arcadia Finance Hack,2025-07-15
0x4be65546ab04f803d894765a36b79888a5ea3cab,ETH,exploit,revokecash,malicious spender/exploit,Arcadia Finance Hack,2025-07-15
0x36c03396292cb30059eacabda1bd641b35620ad5,ETH,exploit,revokecash,malicious spender/exploit,Arcadia Finance Hack,2025-07-15
0x1510beabbbbb70bcd341d2b889c25267f444887b,ETH,exploit,revokecash,malicious spender/exploit,Arcadia Finance Hack,2025-07-15
0x9d6fdba833e57ba4f8b24a6ecb8897bc94af89e9,ETH,exploit,revokecash,malicious spender/exploit,Arcadia Finance Hack,2025-07-15
0xde05b64cbe6a94bcc636057a162786b6a28b1285,ETH,exploit,revokecash,malicious spender/exploit,Arcadia Finance Hack,2025-07-15
0xa81fc500973724ec93c45370f74103512a3cb69d,ETH,exploit,revokecash,malicious spender/exploit,Arcadia Finance Hack,2025-07-15
0x12026d8ddc325642de965e06d190adb0749083de,ETH,exploit,revokecash,malicious spender/exploit,Arcadia Finance Hack,2025-07-15
0xc421508baaca5c385424016bc3c3e93752416ad4,ETH,exploit,revokecash,malicious spender/exploit,Arcadia Finance Hack,2025-07-15
0x88d72358df5666d8e17062eedd92edaec95bbbd4,ETH,exploit,revokecash,malicious spender/exploit,Arcadia Finance Hack,2025-07-15
0x158004f431983d8a56a637e388f149c21d8b1f38,ETH,exploit,revokecash,malicious spender/exploit,Arcadia Finance Hack,2025-07-15
0xd90d4ea28d87be0b3ff61cdb9bad96ddf91d0d3e,ETH,exploit,revokecash,malicious spender/exploit,Arcadia Finance Hack,2025-07-15
0x521a8620a77b1a6a694479e6f6acef3eb5da7b88,ETH,exploit,revokecash,malicious spender/exploit,Arcadia Finance Hack,2025-07-15
0x5815023d0501df5da29eb869e12578291304bfab,ETH,exploit,revokecash,malicious spender/exploit,Arcadia Finance Hack,2025-07-15
0xe7b82779a500dd071f4b563c19879dae00db63d0,ETH,exploit,revokecash,malicious spender/exploit,Arcadia Finance Hack,2025-07-15
0x5136306c671637266c8c929823c2230418f36722,ETH,exploit,revokecash,malicious spender/exploit,Arcadia Finance Hack,2025-07-15
0x16ec02957231c7535dfecc3d6c8a61c344bb8a1c,ETH,exploit,revokecash,malicious spender/exploit,Arcadia Finance Hack,2025-07-15
0xe4aebdb536b538ac91cd08a33094f95c63ded02f,ETH,exploit,revokecash,malicious spender/exploit,Arcadia Finance Hack,2025-07-15
0x9847faf9368854ada72631877a9f7086ad915091,ETH,exploit,revokecash,malicious spender/exploit,Arcadia Finance Hack,2025-07-15
0x82697585857707a5739e4044f6f6c2264f8dd35d,ETH,exploit,revokecash,malicious spender/exploit,Arcadia Finance Hack,2025-07-15
0x80fb2d8f49decc7f82d68537e2f34b53bef62d0a,ETH,exploit,revokecash,malicious spender/exploit,Arcadia Finance Hack,2025-07-15
0xd79594a9a563e9016c5d9c679560049036bcc3aa,ETH,exploit,revokecash,malicious spender/exploit,Arcadia Finance Hack,2025-07-15
0xf13ecb4ed387478511014af352fa08273b78d910,ETH,exploit,revokecash,malicious spender/exploit,Arcadia Finance Hack,2025-07-15
0x9e6d9873423f638268e1c4d868aa5f2d1e5d51eb,ETH,exploit,revokecash,malicious spender/exploit,Arcadia Finance Hack,2025-07-15
0x7804b321901b851cb80eaf81a2fa1049df409ee7,ETH,exploit,revokecash,malicious spender/exploit,Arcadia Finance Hack,2025-07-15
0xd66abbf82ef0ad98baceeabfb52e79deb5501074,ETH,exploit,revokecash,malicious spender/exploit,Arcadia Finance Hack,2025-07-15
0x76cd581b9365a4289b7eba5774d69eae6c784f32,ETH,exploit,revokecash,malicious spender/exploit,Arcadia Finance Hack,2025-07-15
0xde1c4cf954afa41c9120b700caa6238f0806872e,ETH,exploit,revokecash,malicious spender/exploit,Arcadia Finance Hack,2025-07-15
0xbba6f30c75cd80167d7e8aa4326f1a88d8e3b05a,ETH,exploit,revokecash,malicious spender/exploit,Arcadia Finance Hack,2025-07-15
0x4c156b4b1f03cbd28de958e7088527519af8d093,ETH,exploit,revokecash,malicious spender/exploit,Arcadia Finance Hack,2025-07-15
0xd6fde73dcb0bb61b5c3eb02c56807a8448763230,ETH,exploit,revokecash,malicious spender/exploit,Arcadia Finance Hack,2025-07-15
0x9cddb9da5546734c6a801998ec77f2591ae51f33,ETH,exploit,revokecash,malicious spender/exploit,Arcadia Finance Hack,2025-07-15
0x7780b9ab78a512b42120ab35912e58e0b39d022b,ETH,exploit,revokecash,malicious spender/exploit,Arcadia Finance Hack,2025-07-15
0xa553706017bd6d9392a84d84c3a79716588bb331,ETH,exploit,revokecash,malicious spender/exploit,Arcadia Finance Hack,2025-07-15
0x683a636f7b43f48f9ef061f4e8c09a1f47554096,ETH,exploit,revokecash,malicious spender/exploit,Arcadia Finance Hack,2025-07-15
0x6fc0d483f31919f6af9bc01b9d77b1f26294a60f,ETH,exploit,revokecash,malicious spender/exploit,Arcadia Finance Hack,2025-07-15
0x0be8c950560f91ada16c015f12ce21ec8c799fb8,ETH,exploit,revokecash,malicious spender/exploit,Arcadia Finance Hack,2025-07-15
0x8ec768f33a4d9b966014ae06eaec6452eeaee494,ETH,exploit,revokecash,malicious spender/exploit,Arcadia Finance Hack,2025-07-15
0x035c06e67607f17bac781e6bdd55ff46b05aedf7,ETH,exploit,revokecash,malicious spender/exploit,Arcadia Finance Hack,2025-07-15
0x00e82e562cec4a7b877767c2b692b2a627e45001,ETH,exploit,revokecash,malicious spender/exploit,Arcadia Finance Hack,2025-07-15
0x0c6ad2f0d10537104fac3693235343be7d4e93ae,ETH,exploit,revokecash,malicious spender/exploit,Arcadia Finance Hack,2025-07-15
0x04d13a6be082c923c33744a1b7b6206f5e86ece9,ETH,exploit,revokecash,malicious spender/exploit,Arcadia Finance Hack,2025-07-15
0xabb20262249ceedc0cf73bfa7baa0a75828e28b2,ETH,exploit,revokecash,malicious spender/exploit,Arcadia Finance Hack,2025-07-15
0xb2ebb9be1fe6b001f0b4000fd0bff6fd2356ee45,ETH,exploit,revokecash,malicious spender/exploit,Arcadia Finance Hack,2025-07-15
0xb447e2b1ec0f878c710556b2b793a58ec61aef63,ETH,exploit,revokecash,malicious spender/exploit,Arcadia Finance Hack,2025-07-15
0xc4ff73ee9fbe9d3ab2068114e3eac6a6e1d9e0a4,ETH,exploit,revokecash,malicious spender/exploit,Arcadia Finance Hack,2025-07-15
0x63bd06c68bd50214ed14fb4b4015efe474a2dcf9,ETH,exploit,revokecash,malicious spender/exploit,Arcadia Finance Hack,2025-07-15
0xc35185ef7cff3a96743e94ef13549e935ab99bb1,ETH,exploit,revokecash,malicious spender/exploit,Arcadia Finance Hack,2025-07-15
0x790a9a1f97d51e3dffd4103551e03970e2e126f8,ETH,exploit,revokecash,malicious spender/exploit,Arcadia Finance Hack,2025-07-15
0x4eb9310d550043ab4d9c779980c51a631a0244dd,ETH,exploit,revokecash,malicious spender/exploit,Arcadia Finance Hack,2025-07-15
0x55c32f4f3bd9c16b56e85e2286657e10522f63e5,ETH,exploit,revokecash,malicious spender/exploit,Arcadia Finance Hack,2025-07-15
0x0a28de919ecf5695363747b9a3e3d29153e0818b,ETH,exploit,revokecash,malicious spender/exploit,Arcadia Finance Hack,2025-07-15
0x574918d8575cefdfa57a900816f23d9ab6ed3711,ETH,exploit,revokecash,malicious spender/exploit,Arcadia Finance Hack,2025-07-15
0x351c536ef764a26e4a4b8163af8f9b7cec5261b2,ETH,exploit,revokecash,malicious spender/exploit,Arcadia Finance Hack,2025-07-15
0x11128332f5c3b2bb0bef9d1081c9b344c12b83c1,ETH,exploit,revokecash,malicious spender/exploit,Arcadia Finance Hack,2025-07-15
0x51582928d34fe1a1874c3bc764dee19745bb615a,ETH,exploit,revokecash,malicious spender/exploit,Arcadia Finance Hack,2025-07-15
0x14c780371dacf5412d4b264d8a81b388494768d3,ETH,exploit,revokecash,malicious spender/exploit,Arcadia Finance Hack,2025-07-15
0x9e02b3a80f36d5e0e08d72e8d23e9228b57cbd5e,ETH,exploit,revokecash,malicious spender/exploit,Arcadia Finance Hack,2025-07-15
0xa62a9146d59e8ba9ca589010c9b95d980932d537,ETH,exploit,revokecash,malicious spender/exploit,Arcadia Finance Hack,2025-07-15
0x9eee94120f01ead0d39d9dd1275d915638f3f8f6,ETH,exploit,revokecash,malicious spender/exploit,Arcadia Finance Hack,2025-07-15
0x196cfa39a571f441f2c34e8e7d9a4ed4207bc5c9,ETH,exploit,revokecash,malicious spender/exploit,Arcadia Finance Hack,2025-07-15
0xb3d12c2fe4aae3f035ab03099e1937579c7e06f3,ETH,exploit,revokecash,malicious spender/exploit,Arcadia Finance Hack,2025-07-15
0x837532bf93dc9af7a64d987a1f136bbef20fc759,ETH,exploit,revokecash,malicious spender/exploit,Arcadia Finance Hack,2025-07-15
0xd9cc81e93fd9a569a373b10d03c9c368d9f2ab3a,ETH,exploit,revokecash,malicious spender/exploit,Arcadia Finance Hack,2025-07-15
0xd49670176d723f22980056181239913087829d80,ETH,exploit,revokecash,malicious spender/exploit,Arcadia Finance Hack,2025-07-15
0xaaa7e9afd1662b922c1a4f55164ee7c8e6084e01,ETH,exploit,revokecash,malicious spender/exploit,Arcadia Finance Hack,2025-07-15
0xa5fe1ae66becd2d12dda2054ba55cb727d6eb609,ETH,exploit,revokecash,malicious spender/exploit,Arcadia Finance Hack,2025-07-15
0xecb587fee51896767f9631af371db3f27fcd4057,ETH,exploit,revokecash,malicious spender/exploit,Arcadia Finance Hack,2025-07-15
0x1d3e2c623c7d1c2cc0329ee241a62c47bc213145,ETH,exploit,revokecash,malicious spender/exploit,Arcadia Finance Hack,2025-07-15
0x20237938d5c3e209c65fac0d00469bbaac642c16,ETH,exploit,revokecash,malicious spender/exploit,Arcadia Finance Hack,2025-07-15
0x8117c159d1e1f4b2baf7f2cc27307f3554464cb4,ETH,exploit,revokecash,malicious spender/exploit,Arcadia Finance Hack,2025-07-15
0x4b1354bcb41bdf62ffa39e59db64eb02151dd135,ETH,exploit,revokecash,malicious spender/exploit,Arcadia Finance Hack,2025-07-15
0xa066f1154e49e71558b5144a654eadcb38b96119,ETH,exploit,revokecash,malicious spender/exploit,Arcadia Finance Hack,2025-07-15
0x84d48672896d777d662c7e8ccacb88a0178ae236,ETH,exploit,revokecash,malicious spender/exploit,Arcadia Finance Hack,2025-07-15
0x2b608374e76185b2681506e920f972a6f3eed811,ETH,exploit,revokecash,malicious spender/exploit,Arcadia Finance Hack,2025-07-15
0x9c5bb5dd830e0bdef8b91367126f8cfba9164264,ETH,exploit,revokecash,malicious spender/exploit,Arcadia Finance Hack,2025-07-15
0x76a616776311f361a55563708ec675267022feef,ETH,exploit,revokecash,malicious spender/exploit,Arcadia Finance Hack,2025-07-15
0xa9d4763c8dc4606893508f786f380d8b4b03e2f9,ETH,exploit,revokecash,malicious spender/exploit,Arcadia Finance Hack,2025-07-15
0xffdf214f6e7d61a32d42f492666dd19a5a2174f6,ETH,exploit,revokecash,malicious spender/exploit,Arcadia Finance Hack,2025-07-15
0x1f31d89976621c531ef8046a95d16ff8dba0c8a4,ETH,exploit,revokecash,malicious spender/exploit,Arcadia Finance Hack,2025-07-15
0x585378776a812dce41c14a01e409757192bb916b,ETH,exploit,revokecash,malicious spender/exploit,Arcadia Finance Hack,2025-07-15
0x0d300fa44e70c0b22d636c417e35dd2d2b5c1b88,ETH,exploit,revokecash,malicious spender/exploit,Arcadia Finance Hack,2025-07-15
0xa13f6b544764c6e635b8dfd51b98936153cb64ae,ETH,exploit,revokecash,malicious spender/exploit,Arcadia Finance Hack,2025-07-15
0x1292c9da60e869721da37802bf32e1e1a0746533,ETH,exploit,revokecash,malicious spender/exploit,Arcadia Finance Hack,2025-07-15
0xace875c3c9165af5ee024a654584454e5252ff1e,ETH,exploit,revokecash,malicious spender/exploit,Arcadia Finance Hack,2025-07-15
0xab30c62732237593ba979f34ded317e9c41e02d9,ETH,exploit,revokecash,malicious spender/exploit,Arcadia Finance Hack,2025-07-15
0x3f99e8d45d1b0d7acefb0f2817ed6fabb2d270ed,ETH,exploit,revokecash,malicious spender/exploit,Arcadia Finance Hack,2025-07-15
0x14e3a7db7b46f1c0269dddec75f036bf7ddf7645,ETH,exploit,revokecash,malicious spender/exploit,Arcadia Finance Hack,2025-07-15
0xfe9c9df087d63b7010b15c01ee80684c6b4d97c5,ETH,exploit,revokecash,malicious spender/exploit,Arcadia Finance Hack,2025-07-15
0xbc685e0dbbae11582ff34adc6d15ecfd98c40236,ETH,exploit,revokecash,malicious spender/exploit,Arcadia Finance Hack,2025-07-15
0xad8740f2aa9fd562650ac04a01abcf8dbbdff1dd,ETH,exploit,revokecash,malicious spender/exploit,Arcadia Finance Hack,2025-07-15
0x0dd652a1a984b8cf8002446eeaf7cf5c29d0ba27,ETH,exploit,revokecash,malicious spender/exploit,Arcadia Finance Hack,2025-07-15
0x51ca01076388da0eef434cbc61350967888837f9,ETH,exploit,revokecash,malicious spender/exploit,Arcadia Finance Hack,2025-07-15
0xf20e2cc18aaa9b6697c6c672eecfb240e3f6d32e,ETH,exploit,revokecash,malicious spender/exploit,Arcadia Finance Hack,2025-07-15
0x0b8045b1bc36eda6f475001ee644b14633775a53,ETH,exploit,revokecash,malicious spender/exploit,Arcadia Finance Hack,2025-07-15
0xd14621799a9ac2a2d86c1eeab31a2d3f74132f86,ETH,exploit,revokecash,malicious spender/exploit,Arcadia Finance Hack,2025-07-15
0x3322169489c5f64fe7c97e46aed12579ae873009,ETH,exploit,revokecash,malicious spender/exploit,Arcadia Finance Hack,2025-07-15
0x20602caed18c006806544f1e63dfbc94750d31e5,ETH,exploit,revokecash,malicious spender/exploit,Arcadia Finance Hack,2025-07-15
0x9af1b000d0d4bcc528b3acae6e8db1c2da15d348,ETH,exploit,revokecash,malicious spender/exploit,Arcadia Finance Hack,2025-07-15
0x2ca05e16f005732b46708d629a02a6f183213585,ETH,exploit,revokecash,malicious spender/exploit,Arcadia Finance Hack,2025-07-15
0xf1e33681e824d6208b06119f3f1b2b58dde225a7,ETH,exploit,revokecash,malicious spender/exploit,Arcadia Finance Hack,2025-07-15
0x7aa21b7bce3618efba13eca8b2ca3b7549d244ec,ETH,exploit,revokecash,malicious spender/exploit,Arcadia Finance Hack,2025-07-15
0x59fa8dbb3edb6cf7420104a2e7e8b7abc10b02c6,ETH,exploit,revokecash,malicious spender/exploit,Arcadia Finance Hack,2025-07-15
0x8cbd44577590c4a2ab1026bbcfb88ecd4065ec32,ETH,exploit,revokecash,malicious spender/exploit,Arcadia Finance Hack,2025-07-15
0xb26d220a7fbafddd78be2709ca71a584f01c1cbf,ETH,exploit,revokecash,malicious spender/exploit,Arcadia Finance Hack,2025-07-15
0xe7b9d348ed04a4306daabed778cc7ca657765f5b,ETH,exploit,revokecash,malicious spender/exploit,Arcadia Finance Hack,2025-07-15
0xf14c4fda02e3d727849e5488df870eff18e260a3,ETH,exploit,revokecash,malicious spender/exploit,Arcadia Finance Hack,2025-07-15
0x4398a66bb6233b5ce0558f666eaeceaf01d10f0c,ETH,exploit,revokecash,malicious spender/exploit,Arcadia Finance Hack,2025-07-15
0x71a4ada535b78262dc1cf3bdce199fb4f2e3295e,ETH,exploit,revokecash,malicious spender/exploit,Arcadia Finance Hack,2025-07-15
0x229031bbaeb28a7d339b8e55d2867bfe94473dc7,ETH,exploit,revokecash,malicious spender/exploit,Arcadia Finance Hack,2025-07-15
0x3c55e484af1179c006c65f914db6308a1ec543b0,ETH,exploit,revokecash,malicious spender/exploit,Arcadia Finance Hack,2025-07-15
0x98947a49f5bc7bf3babb8d9e25cddb7bef35cd5c,ETH,exploit,revokecash,malicious spender/exploit,Arcadia Finance Hack,2025-07-15
0x56902c3571b9caafe502f3251b5f65fa5fc41497,ETH,exploit,revokecash,malicious spender/exploit,Arcadia Finance Hack,2025-07-15
0x3ea0b673c78599d819de97166ee27bb15aa0b788,ETH,exploit,revokecash,malicious spender/exploit,Arcadia Finance Hack,2025-07-15
0xaa9b4016f3b762158391f0d7653195ed16254095,ETH,exploit,revokecash,malicious spender/exploit,Arcadia Finance Hack,2025-07-15
0xfae089c4761df16543f8453a88e78feab872cba8,ETH,exploit,revokecash,malicious spender/exploit,Arcadia Finance Hack,2025-07-15
0x5ae19fc84f180d0cd7b5922b7f3275af56feb361,ETH,exploit,revokecash,malicious spender/exploit,Arcadia Finance Hack,2025-07-15
0x9e1c0f77d5f680186132a706484425c43217e07d,ETH,exploit,revokecash,malicious spender/exploit,Arcadia Finance Hack,2025-07-15
0x80550eefaec6d80a70eb2c5062e649a0dd47808b,ETH,exploit,revokecash,malicious spender/exploit,Arcadia Finance Hack,2025-07-15
0xe6146d08b6b4837d0a90d7a430351918eee71e32,ETH,exploit,revokecash,malicious spender/exploit,Arcadia Finance Hack,2025-07-15
0xd1f2b4cb1464ff203099ce61f9504730b0738734,ETH,exploit,revokecash,malicious spender/exploit,Arcadia Finance Hack,2025-07-15
0xbd3cc9b6840f99416a6918bc4c2944fa134683a9,ETH,exploit,revokecash,malicious spender/exploit,Arcadia Finance Hack,2025-07-15
0x1b6c98fa5c545b10ae8104ebef558263707f650c,ETH,exploit,revokecash,malicious spender/exploit,Arcadia Finance Hack,2025-07-15
0xb6eb27497213931031f7f6a2f1b7bd0d684cb657,ETH,exploit,revokecash,malicious spender/exploit,Arcadia Finance Hack,2025-07-15
0xc62a79279eb5780c7e74b904a1826b72582d502f,ETH,exploit,revokecash,malicious spender/exploit,Arcadia Finance Hack,2025-07-15
0x69caf71c283d72557329c0d660389f1801425cb4,ETH,exploit,revokecash,malicious spender/exploit,Arcadia Finance Hack,2025-07-15
0xf478569a9bf52ca21c2b6fbb5a58d35188cf805b,ETH,exploit,revokecash,malicious spender/exploit,Arcadia Finance Hack,2025-07-15
0xb079213f982bd06b88e4ae0296c2cc9dad9238db,ETH,exploit,revokecash,malicious spender/exploit,Arcadia Finance Hack,2025-07-15
0x3d6350adcdc9a116b3d916f72fad2936cfa0ffae,ETH,exploit,revokecash,malicious spender/exploit,Arcadia Finance Hack,2025-07-15
0xc409f04852593f7708692eda3f6c6ea5d402fd09,ETH,exploit,revokecash,malicious spender/exploit,Arcadia Finance Hack,2025-07-15
0x24082fd34bb49cbdb790b351f0f9565591074de1,ETH,exploit,revokecash,malicious spender/exploit,Arcadia Finance Hack,2025-07-15
0x2d14b64a40be22972626e582e90402b66e4d496a,ETH,exploit,revokecash,malicious spender/exploit,Arcadia Finance Hack,2025-07-15
0x19fc9992eeca2fa67daa5c7e0ca2d38c8063c3a9,ETH,exploit,revokecash,malicious spender/exploit,Arcadia Finance Hack,2025-07-15
0x41e96cd641fe773a6ddf93d280622c30926b968c,ETH,exploit,revokecash,malicious spender/exploit,Arcadia Finance Hack,2025-07-15
0x420f7fdf8b04706065b0a7a667a78a7318e97024,ETH,exploit,revokecash,malicious spender/exploit,Arcadia Finance Hack,2025-07-15
0xfb7e0e67ccb5ad122f7cb40a66303546ebad6ccb,ETH,exploit,revokecash,malicious spender/exploit,Arcadia Finance Hack,2025-07-15
0x0fb78870d0f7dc76b40c130c70f2f2ea603100cc,ETH,exploit,revokecash,malicious spender/exploit,Arcadia Finance Hack,2025-07-15
0xc89aa94c9460a80dd064004c4e763ea373799480,ETH,exploit,revokecash,malicious spender/exploit,Arcadia Finance Hack,2025-07-15
0xccd508eb78bcc6906d300c4300ddc1f63459fcf6,ETH,exploit,revokecash,malicious spender/exploit,Arcadia Finance Hack,2025-07-15
0x3430cc59906cd9a02b821ba4fa7f116f59df47de,ETH,exploit,revokecash,malicious spender/exploit,Arcadia Finance Hack,2025-07-15
0x45f35a1563c3224c767e02dea5d40d7d31bac03d,ETH,exploit,revokecash,malicious spender/exploit,Arcadia Finance Hack,2025-07-15
0xe08043de63df1998588f86804872e69bdb999ae4,ETH,exploit,revokecash,malicious spender/exploit,Arcadia Finance Hack,2025-07-15
0x37e58c4617bb9aa8ba6f78823a094bb955cd6447,ETH,exploit,revokecash,malicious spender/exploit,Arcadia Finance Hack,2025-07-15
0x018e668aaa5af00bfc373715a013a3708bd37156,ETH,exploit,revokecash,malicious spender/exploit,Arcadia Finance Hack,2025-07-15
0xa355f1d6b60e7881544bade2a9166f5d8a3da4ac,ETH,exploit,revokecash,malicious spender/exploit,Arcadia Finance Hack,2025-07-15
0x0053fe5b091bb73c664e9fbc7111c6ad01aad866,ETH,exploit,revokecash,malicious spender/exploit,Arcadia Finance Hack,2025-07-15
0xb6b779cfcb10f562077cf7f237a56e9eff31bdf5,ETH,exploit,revokecash,malicious spender/exploit,Arcadia Finance Hack,2025-07-15
0x19473853d9b49d936b3db211b9d856b803e1ded7,ETH,exploit,revokecash,malicious spender/exploit,Arcadia Finance Hack,2025-07-15
0xc53e17ad93538fbf457955ec7807c38afd357880,ETH,exploit,revokecash,malicious spender/exploit,Arcadia Finance Hack,2025-07-15
0x8de95b0961fcfd24589080276bf7b8170a5a0bf9,ETH,exploit,revokecash,malicious spender/exploit,Arcadia Finance Hack,2025-07-15
0xf0a5a74f943de31432a0d720c1c7b9a63602116a,ETH,exploit,revokecash,malicious spender/exploit,Arcadia Finance Hack,2025-07-15
0x3fc31a9b72e531e12f2326f7db84a22da258d1a3,ETH,exploit,revokecash,malicious spender/exploit,Arcadia Finance Hack,2025-07-15
0xf655c62f3288a425449a327d97cf4e4845c4d8cd,ETH,exploit,revokecash,malicious spender/exploit,Arcadia Finance Hack,2025-07-15
0xa92c50ec9669bde267a9d766d60d4496d8ec8f3e,ETH,exploit,revokecash,malicious spender/exploit,Arcadia Finance Hack,2025-07-15
0xf28d47b585db2086abf89a406d56d87b6bd4ccd1,ETH,exploit,revokecash,malicious spender/exploit,Arcadia Finance Hack,2025-07-15
0xb2df87b16682435bdf29494fea44df5374f22f3e,ETH,exploit,revokecash,malicious spender/exploit,Arcadia Finance Hack,2025-07-15
0x9516d35fa8f8730144672fb6d6b32d0f6afc5558,ETH,exploit,revokecash,malicious spender/exploit,Arcadia Finance Hack,2025-07-15
0x09497caf51b86905c6da810ade6befe3f90f8c2a,ETH,exploit,revokecash,malicious spender/exploit,Arcadia Finance Hack,2025-07-15
0x812e6b8334155b3ac882a7aa76a1f5a628653b6e,ETH,exploit,revokecash,malicious spender/exploit,Arcadia Finance Hack,2025-07-15
0xc856bbe9e6a29d9ce3451b29a924b6cf1857b825,ETH,exploit,revokecash,malicious spender/exploit,Arcadia Finance Hack,2025-07-15
0xb2fd3b762309e599628fc0bf882ef5e3d837a12f,ETH,exploit,revokecash,malicious spender/exploit,Arcadia Finance Hack,2025-07-15
0xf9d3480990ce211a4f079d9e1b48bb284458a1a5,ETH,exploit,revokecash,malicious spender/exploit,Arcadia Finance Hack,2025-07-15
0xfccfd2757042c982b63a7b4be0df1e934e6a95c4,ETH,exploit,revokecash,malicious spender/exploit,Arcadia Finance Hack,2025-07-15
0x6d355b935737e7b04550d6bed7b6afd1a8040c48,ETH,exploit,revokecash,malicious spender/exploit,Arcadia Finance Hack,2025-07-15
0xb6b2f37e008de4059eb12b1200fa29f630d20452,ETH,exploit,revokecash,malicious spender/exploit,Arcadia Finance Hack,2025-07-15
0xc66df2379325f438b8166113d99d7d88eae80abf,ETH,exploit,revokecash,malicious spender/exploit,Arcadia Finance Hack,2025-07-15
0x42847fcc7122f53d4a667046e52996754d1c6e9c,ETH,exploit,revokecash,malicious spender/exploit,Arcadia Finance Hack,2025-07-15
0x1c854645672f1e5f53238db282d061e912446e19,ETH,exploit,revokecash,malicious spender/exploit,Arcadia Finance Hack,2025-07-15
0x36a9d6c3bcc7e16ad8331a50f638d961ea74109c,ETH,exploit,revokecash,malicious spender/exploit,Arcadia Finance Hack,2025-07-15
0x76ebf7a0f6bdc13fe607736dd4fe8ed242a58045,ETH,exploit,revokecash,malicious spender/exploit,Arcadia Finance Hack,2025-07-15
0x4ddbe1d048f166f140ab7240bc9710e103d07355,ETH,exploit,revokecash,malicious spender/exploit,Arcadia Finance Hack,2025-07-15
0x17bfef53846d8b503bac2eec54d3033c8e681f58,ETH,exploit,revokecash,malicious spender/exploit,Arcadia Finance Hack,2025-07-15
0x1bf05bc7e45a874416ca4acddb179560ca2c9eb4,ETH,exploit,revokecash,malicious spender/exploit,Arcadia Finance Hack,2025-07-15
0xdfc301df6039b9aa5702564a4a05e17b4ba1efb7,ETH,exploit,revokecash,malicious spender/exploit,Arcadia Finance Hack,2025-07-15
0xfe3fd7f32f81ded82804e29c2dfadece09ea0948,ETH,exploit,revokecash,malicious spender/exploit,Arcadia Finance Hack,2025-07-15
0x32082f73125b26d2e6e316688378c138c90f7ab8,ETH,exploit,revokecash,malicious spender/exploit,Arcadia Finance Hack,2025-07-15
0x189e59220a62566287ad98e6442a6ffa87adcd24,ETH,exploit,revokecash,malicious spender/exploit,Arcadia Finance Hack,2025-07-15
0x65e4b13aa62c13184900a9b5d08a739f9002082a,ETH,exploit,revokecash,malicious spender/exploit,Arcadia Finance Hack,2025-07-15
0x37e7d460e8dc949cc4c5915e3f30f9d4902c93f2,ETH,exploit,revokecash,malicious spender/exploit,Arcadia Finance Hack,2025-07-15
0xb6fb6caf8635e1fa2f30ed5e65e35db8bfba02a4,ETH,exploit,revokecash,malicious spender/exploit,Arcadia Finance Hack,2025-07-15
0xb2ef953631d4012ca8500613f13069cab75a2a34,ETH,exploit,revokecash,malicious spender/exploit,Arcadia Finance Hack,2025-07-15
0xcf6df7d3ff625381842a3cdcba2974bcabc4a3e1,ETH,exploit,revokecash,malicious spender/exploit,Arcadia Finance Hack,2025-07-15
0x09a88a8a1a15f9f8dee0fd15f1099861435a5ad2,ETH,exploit,revokecash,malicious spender/exploit,Arcadia Finance Hack,2025-07-15
0x31b7d421e261d708a39a575246d2ba4137d4d1a3,ETH,exploit,revokecash,malicious spender/exploit,Arcadia Finance Hack,2025-07-15
0x0d9968d9a73dcd499e3944ddcd8a35ba039decf8,ETH,exploit,revokecash,malicious spender/exploit,Arcadia Finance Hack,2025-07-15
0x0fa8b9cfd803d2e0a3150f5fbc2f5a7801bf38b9,ETH,exploit,revokecash,malicious spender/exploit,Arcadia Finance Hack,2025-07-15
0x23bc97f8254fd64439559b3403400c671723bbb6,ETH,exploit,revokecash,malicious spender/exploit,Arcadia Finance Hack,2025-07-15
0xfa336dbfb8fd44acb2faed3bf9c64b746585a365,ETH,exploit,revokecash,malicious spender/exploit,Arcadia Finance Hack,2025-07-15
0xc305a4fdbb2239a44bdd1092ad26705562c75af4,ETH,exploit,revokecash,malicious spender/exploit,Arcadia Finance Hack,2025-07-15
0xc39c43a2cd97569fd9c6c5a3efeafe39847c104d,ETH,exploit,revokecash,malicious spender/exploit,Arcadia Finance Hack,2025-07-15
0x549a288cc16c60347df5f5b88635659f8829f7eb,ETH,exploit,revokecash,malicious spender/exploit,Arcadia Finance Hack,2025-07-15
0xb33d69b7f4a5afa7977631c8aaaef3ed1ddaf768,ETH,exploit,revokecash,malicious spender/exploit,Arcadia Finance Hack,2025-07-15
0x8cbc77334e53ef4f888ddbb678c61fe5cecbae1a,ETH,exploit,revokecash,malicious spender/exploit,Arcadia Finance Hack,2025-07-15
0x2cb13fdbac02ab6c9e81af414025eb14609abab1,ETH,exploit,revokecash,malicious spender/exploit,Arcadia Finance Hack,2025-07-15
0x6c7acf3c00c2f4dc29b2bf4875afaa6c40244484,ETH,exploit,revokecash,malicious spender/exploit,Arcadia Finance Hack,2025-07-15
0x9ca68b64e636146865a6b6a482c1a7fc02067ef4,ETH,exploit,revokecash,malicious spender/exploit,Arcadia Finance Hack,2025-07-15
0x93a61f837147be9737381c8dc04481b1ee76a424,ETH,exploit,revokecash,malicious spender/exploit,Arcadia Finance Hack,2025-07-15
0x6476191d435a7decb56a8ba9bc3e69429d2f69fb,ETH,exploit,revokecash,malicious spender/exploit,Arcadia Finance Hack,2025-07-15
0xf2bd4a1f597ca563fab73b4083ef7cfb7a772807,ETH,exploit,revokecash,malicious spender/exploit,Arcadia Finance Hack,2025-07-15
0x27655f5ea1e43fae4896f47db2e84805af105c39,ETH,exploit,revokecash,malicious spender/exploit,Arcadia Finance Hack,2025-07-15
0xc1a12c32a0d010ad601fd350ee7c664002805fdd,ETH,exploit,revokecash,malicious spender/exploit,Arcadia Finance Hack,2025-07-15
0x100ef90ecec1b541daacd02cf1b003eb1d566bec,ETH,exploit,revokecash,malicious spender/exploit,Arcadia Finance Hack,2025-07-15
0x3bc9a0a0c505839fcd0a358fd9a6114ee7474652,ETH,exploit,revokecash,malicious spender/exploit,Arcadia Finance Hack,2025-07-15
0x6667fad1c6a44cb05ed09e9c362d20917af656f4,ETH,exploit,revokecash,malicious spender/exploit,Arcadia Finance Hack,2025-07-15
0xe3531d60e8183e586455d1d39672e08b02bf54d6,ETH,exploit,revokecash,malicious spender/exploit,Arcadia Finance Hack,2025-07-15
0xc4a0898a3c24fa041256018ff5975008308b21be,ETH,exploit,revokecash,malicious spender/exploit,Arcadia Finance Hack,2025-07-15
0x7a1f0e294a12ae0530d86d6b4da930670e686a90,ETH,exploit,revokecash,malicious spender/exploit,Arcadia Finance Hack,2025-07-15
0x0436cb2ad5adf450eb75e95b5e263b87ae1b376e,ETH,exploit,revokecash,malicious spender/exploit,Arcadia Finance Hack,2025-07-15
0x8bc13bd08ef9f222637e38704b76303b23902ac1,ETH,exploit,revokecash,malicious spender/exploit,Arcadia Finance Hack,2025-07-15
0x70578abf2a6451ec12fed5fe76b07cd6d8eb5347,ETH,exploit,revokecash,malicious spender/exploit,Arcadia Finance Hack,2025-07-15
0x8093aaa6f83bc21ead723aba60e054fedd96d819,ETH,exploit,revokecash,malicious spender/exploit,Arcadia Finance Hack,2025-07-15
0xdf298bb950df4ef3996c849f2e95f2b8920f9586,ETH,exploit,revokecash,malicious spender/exploit,Arcadia Finance Hack,2025-07-15
0x14a34fe7e6abfc80d38e7d18f2a50b7440d23ce6,ETH,exploit,revokecash,malicious spender/exploit,Arcadia Finance Hack,2025-07-15
0x25679e99c1490b80f889c385ac700b5822c092fb,ETH,exploit,revokecash,malicious spender/exploit,Arcadia Finance Hack,2025-07-15
0xcb3f03d6b915e073e8cb23cb2feec3546148f0b8,ETH,exploit,revokecash,malicious spender/exploit,Arcadia Finance Hack,2025-07-15
0x594987080ee784d6a6af1d68b5788ded35eab21b,ETH,exploit,revokecash,malicious spender/exploit,Arcadia Finance Hack,2025-07-15
0xacd13ac712be10a1323844e7551195a9afe1589e,ETH,exploit,revokecash,malicious spender/exploit,Arcadia Finance Hack,2025-07-15
0xc7ca8940afd71d882e145cd57094d23dd00c3107,ETH,exploit,revokecash,malicious spender/exploit,Arcadia Finance Hack,2025-07-15
0x0e2a5f5ba86d2b3e74a62276a5a1687522dcc97e,ETH,exploit,revokecash,malicious spender/exploit,Arcadia Finance Hack,2025-07-15
0x74f40d9ed208b3d434479e22b69aa8fc0660a9be,ETH,exploit,revokecash,malicious spender/exploit,Arcadia Finance Hack,2025-07-15
0xc2d6309baaa8d16f7ca6e99b6403e539748f1d9b,ETH,exploit,revokecash,malicious spender/exploit,Arcadia Finance Hack,2025-07-15
0xd894162b91bcf65b6fbc705c3d39fa4b75319e99,ETH,exploit,revokecash,malicious spender/exploit,Arcadia Finance Hack,2025-07-15
0x9adfb80efd238fc817c63b36292306dcad683caa,ETH,exploit,revokecash,malicious spender/exploit,Arcadia Finance Hack,2025-07-15
0x93a2b0c654f94307cedfcf26fd25d10320c48276,ETH,exploit,revokecash,malicious spender/exploit,Arcadia Finance Hack,2025-07-15
0xd2c8d2aaf34cd9da7f1be013fce79a17dfc31073,ETH,exploit,revokecash,malicious spender/exploit,Arcadia Finance Hack,2025-07-15
0x95ce9a0b6aaedde14a1d01179a56e92e2ee6d006,ETH,exploit,revokecash,malicious spender/exploit,Arcadia Finance Hack,2025-07-15
0x97053b5b6a614f2f3db60c9e831f8524c5f52f6c,ETH,exploit,revokecash,malicious spender/exploit,Arcadia Finance Hack,2025-07-15
0xb8c2280dca88c396a60510d680261c6912de5da8,ETH,exploit,revokecash,malicious spender/exploit,Arcadia Finance Hack,2025-07-15
0xb621e60da944b3b0c667650d469b8996ced073f7,ETH,exploit,revokecash,malicious spender/exploit,Arcadia Finance Hack,2025-07-15
0xceca4a34720ebc63e95186092f8711ce41ef6cc3,ETH,exploit,revokecash,malicious spender/exploit,Arcadia Finance Hack,2025-07-15
0x495b140f48476e4859035e40f5d9c974ca6b055b,ETH,exploit,revokecash,malicious spender/exploit,Arcadia Finance Hack,2025-07-15
0x8b931449734b6a90c8f89c68a5bee8c5662805f2,ETH,exploit,revokecash,malicious spender/exploit,Arcadia Finance Hack,2025-07-15
0x8521d25a9c1c2f622b00365267096a39c3ad50ab,ETH,exploit,revokecash,malicious spender/exploit,Arcadia Finance Hack,2025-07-15
0x17e4c60c805ab6a763078a31beb407b25c74dd30,ETH,exploit,revokecash,malicious spender/exploit,Arcadia Finance Hack,2025-07-15
0x20aa2664320e952f8cffbc0c3c9c36d37e818c3a,ETH,exploit,revokecash,malicious spender/exploit,Arcadia Finance Hack,2025-07-15
0xfb2a4cb45b258af3ca1ae2cc7c684bff24f90249,ETH,exploit,revokecash,malicious spender/exploit,Arcadia Finance Hack,2025-07-15
0x2120a5e4a582d50d9e9a8b50fcad41d35eedb18d,ETH,exploit,revokecash,malicious spender/exploit,Arcadia Finance Hack,2025-07-15
0xd0ef97a81b958a35c50b0918fd5097dd31fb6998,ETH,exploit,revokecash,malicious spender/exploit,Arcadia Finance Hack,2025-07-15
0xc0c16941137b19f404b144c728edc857c9ac348c,ETH,exploit,revokecash,malicious spender/exploit,Arcadia Finance Hack,2025-07-15
0x37b7a690371f8602fcf76e6be59dee308d32bd7c,ETH,exploit,revokecash,malicious spender/exploit,Arcadia Finance Hack,2025-07-15
0x0fab2b2a064108150c3e95956b6835d3654c47ae,ETH,exploit,revokecash,malicious spender/exploit,Arcadia Finance Hack,2025-07-15
0x8cb7d55f2fe1cc7bdcca508803492290598d0c69,ETH,exploit,revokecash,malicious spender/exploit,Arcadia Finance Hack,2025-07-15
0xf885e141f772d2846181281655fea697132fa266,ETH,exploit,revokecash,malicious spender/exploit,Arcadia Finance Hack,2025-07-15
0xf8446943592008a432eee327127004d2a2d20c13,ETH,exploit,revokecash,malicious spender/exploit,Arcadia Finance Hack,2025-07-15
0x520ee8afeb8c6c5abada2b0dc148e0ff0f65e8e1,ETH,exploit,revokecash,malicious spender/exploit,Arcadia Finance Hack,2025-07-15
0x6620f937441e3e244f790771b1bc504227927f96,ETH,exploit,revokecash,malicious spender/exploit,Arcadia Finance Hack,2025-07-15
0x8805701cfca5b7175214f927af2dc020fe63ac27,ETH,exploit,revokecash,malicious spender/exploit,Arcadia Finance Hack,2025-07-15
0xd6a5c52ac45b12d38fafe35efd7132ceb953f3dc,ETH,exploit,revokecash,malicious spender/exploit,Arcadia Finance Hack,2025-07-15
0x7592c75c3711f9a71862292a1ca5570486aa9f89,ETH,exploit,revokecash,malicious spender/exploit,Arcadia Finance Hack,2025-07-15
0xea02b52a071f191f71d528749542b392ae0659a4,ETH,exploit,revokecash,malicious spender/exploit,Arcadia Finance Hack,2025-07-15
0xb68a872f0ef2ad150687db14b9502783d6aa3c70,ETH,exploit,revokecash,malicious spender/exploit,Arcadia Finance Hack,2025-07-15
0x68c006209afb143bb5fe9b34e0d46e24b43e849f,ETH,exploit,revokecash,malicious spender/exploit,Arcadia Finance Hack,2025-07-15
0xd0f68e6dda26f5fa950bc92b3124bda05b93b6fa,ETH,exploit,revokecash,malicious spender/exploit,Arcadia Finance Hack,2025-07-15
0x5554f2ffd9329f62965e61765f433520fdf6e775,ETH,exploit,revokecash,malicious spender/exploit,Arcadia Finance Hack,2025-07-15
0x8511434dad5e8ee509cc4e8630b79f87556da3b9,ETH,exploit,revokecash,malicious spender/exploit,Arcadia Finance Hack,2025-07-15
0x6165f4bd69143c6103b39fd04e109da60a3882c4,ETH,exploit,revokecash,malicious spender/exploit,Arcadia Finance Hack,2025-07-15
0xe9e8ecc1535fdca71cc9ae35333e98771bd06abd,ETH,exploit,revokecash,malicious spender/exploit,Arcadia Finance Hack,2025-07-15
0x55f8f46630324644f123c0b08fd348d530a11f81,ETH,exploit,revokecash,malicious spender/exploit,Arcadia Finance Hack,2025-07-15
0x71050157963fb8894c346e4f5bf1b00dc079f56f,ETH,exploit,revokecash,malicious spender/exploit,Arcadia Finance Hack,2025-07-15
0xe77a508be8edc5f72b170bbd1713bc5a6352aa7b,ETH,exploit,revokecash,malicious spender/exploit,Arcadia Finance Hack,2025-07-15
0x2f97cc2ea00b60d5e4f445295c6e0bec6d699e18,ETH,exploit,revokecash,malicious spender/exploit,Arcadia Finance Hack,2025-07-15
0x3abd979768e595886523ed76b968264e3c0ed468,ETH,exploit,revokecash,malicious spender/exploit,Arcadia Finance Hack,2025-07-15
0xf1d4f5a1444347bb6d445254d7210055e876fc91,ETH,exploit,revokecash,malicious spender/exploit,Arcadia Finance Hack,2025-07-15
0x968170e5ada8c76d81e97d07860bd0c215932cd5,ETH,exploit,revokecash,malicious spender/exploit,Arcadia Finance Hack,2025-07-15
0xad2d4189497b3b8cadea0b0aca4e3fbe9a344377,ETH,exploit,revokecash,malicious spender/exploit,Arcadia Finance Hack,2025-07-15
0xec147939a2c14079bbea028383cb2965b4b377f1,ETH,exploit,revokecash,malicious spender/exploit,Arcadia Finance Hack,2025-07-15
0x68c57e7f27c605190ba6541fff1a101c3db69cb1,ETH,exploit,revokecash,malicious spender/exploit,Arcadia Finance Hack,2025-07-15
0xa2f72219af00fbed02cbb2c4c3805a3040f767ec,ETH,exploit,revokecash,malicious spender/exploit,Arcadia Finance Hack,2025-07-15
0xdc949bb33104e0d3804114255825d924078b6156,ETH,exploit,revokecash,malicious spender/exploit,Arcadia Finance Hack,2025-07-15
0x03e1d87665ddfdd9eff45e1a1305c6e69fd38aeb,ETH,exploit,revokecash,malicious spender/exploit,Arcadia Finance Hack,2025-07-15
0x9defdc74465bd9701a3816a9507f016dba5d8a40,ETH,exploit,revokecash,malicious spender/exploit,Arcadia Finance Hack,2025-07-15
0x3d8669f668cf5f353501a846aa44804dfc6735bf,ETH,exploit,revokecash,malicious spender/exploit,Arcadia Finance Hack,2025-07-15
0x5dee15a314052b0d2374653a0bad7ec383fea04c,ETH,exploit,revokecash,malicious spender/exploit,Arcadia Finance Hack,2025-07-15
0xfa591cf46f3c758bb1b514117bf680adda149aed,ETH,exploit,revokecash,malicious spender/exploit,Arcadia Finance Hack,2025-07-15
0x7b7d34ff96317d8bb362232d8cbe063d5bb2d453,ETH,exploit,revokecash,malicious spender/exploit,Arcadia Finance Hack,2025-07-15
0x7d12404171cb415573710497fdba1baa5051a7e7,ETH,exploit,revokecash,malicious spender/exploit,Arcadia Finance Hack,2025-07-15
0xb4a67309fbda5f89bd33b80e4ec2e4872462deec,ETH,exploit,revokecash,malicious spender/exploit,Arcadia Finance Hack,2025-07-15
0x911cc2d7186ad73da95fafba2f21c21ed8149bda,ETH,exploit,revokecash,malicious spender/exploit,Arcadia Finance Hack,2025-07-15
0x0179ba3a3272ccd36319ce870d01bd52932d46cc,ETH,exploit,revokecash,malicious spender/exploit,Arcadia Finance Hack,2025-07-15
0x448d728806f6f4a69c84d0e90bdbc264503f7177,ETH,exploit,revokecash,malicious spender/exploit,Arcadia Finance Hack,2025-07-15
0x2f747bda1400c8f2cd6ae900a5bbcca1400b8477,ETH,exploit,revokecash,malicious spender/exploit,Arcadia Finance Hack,2025-07-15
0xb4394324637837dffb0c911ba6148d62e3be2435,ETH,exploit,revokecash,malicious spender/exploit,Arcadia Finance Hack,2025-07-15
0x3d54723abbccf2e335c6c69c21ea06a80db429c8,ETH,exploit,revokecash,malicious spender/exploit,Arcadia Finance Hack,2025-07-15
0xae43b98f362a62516e3c74ee4b2255f98c137b06,ETH,exploit,revokecash,malicious spender/exploit,Arcadia Finance Hack,2025-07-15
0x2f3acfd69ae6031874074eb64d6cf28732562d6e,ETH,exploit,revokecash,malicious spender/exploit,Arcadia Finance Hack,2025-07-15
0xd3b618bd4c28e897d37739a6d701fdba92f59b8b,ETH,exploit,revokecash,malicious spender/exploit,Arcadia Finance Hack,2025-07-15
0x25ddaa56ad0b7c67981d13306821eb673b79496e,ETH,exploit,revokecash,malicious spender/exploit,Arcadia Finance Hack,2025-07-15
0x9f6c3d664995f0e264cf73a611ad04610fb1d255,ETH,exploit,revokecash,malicious spender/exploit,Arcadia Finance Hack,2025-07-15
0x7ce6ca091d3f6610b63ff96b4fe26480c83d6ec0,ETH,exploit,revokecash,malicious spender/exploit,Arcadia Finance Hack,2025-07-15
0x5a1ec4e264760624f6e7a7ea05e318530532aa8d,ETH,exploit,revokecash,malicious spender/exploit,Arcadia Finance Hack,2025-07-15
0x6813384e7e4d068067f9978217f4ef33484f3730,ETH,exploit,revokecash,malicious spender/exploit,Arcadia Finance Hack,2025-07-15
0xb8e5f625056bee28c13e6352591b3629eb2639df,ETH,exploit,revokecash,malicious spender/exploit,Arcadia Finance Hack,2025-07-15
0xf4c3d322bd903ab527893c7216770b723ddc4076,ETH,exploit,revokecash,malicious spender/exploit,Arcadia Finance Hack,2025-07-15
0x73551a21b98a6ede2949f7ee697283ad482f0964,ETH,exploit,revokecash,malicious spender/exploit,Arcadia Finance Hack,2025-07-15
0x41888d7714a8d1982fc116ec7d7bd15d42332e66,ETH,exploit,revokecash,malicious spender/exploit,Arcadia Finance Hack,2025-07-15
0xbebc2e004aca40a9791d4f645e3bffbef4ce5c84,ETH,exploit,revokecash,malicious spender/exploit,Arcadia Finance Hack,2025-07-15
0x6a51f8f194336d72e9562da918980e13a3af1a13,ETH,exploit,revokecash,malicious spender/exploit,Arcadia Finance Hack,2025-07-15
0x2771bfc125c44a7f843d0384a5ed72eaa18b6bdd,ETH,exploit,revokecash,malicious spender/exploit,Arcadia Finance Hack,2025-07-15
0xee5b56c4cd2e696424e8cd35f3698cf9ef4f7754,ETH,exploit,revokecash,malicious spender/exploit,Arcadia Finance Hack,2025-07-15
0x3b20ac45142a12324c3c42269d0a802076c65fe1,ETH,exploit,revokecash,malicious spender/exploit,Arcadia Finance Hack,2025-07-15
0x573dd6b869d7697d50595915b378c229a39f9d79,ETH,exploit,revokecash,malicious spender/exploit,Arcadia Finance Hack,2025-07-15
0x2117c953cda0c8059d835af440599202c6b160e1,ETH,exploit,revokecash,malicious spender/exploit,Arcadia Finance Hack,2025-07-15
0x6cf52f155e7a060830bc81fea015a5c03c0cc685,ETH,exploit,revokecash,malicious spender/exploit,Arcadia Finance Hack,2025-07-15
0xa97467736241bbbc2d176a4f0b8a0c730fbaddc6,ETH,exploit,revokecash,malicious spender/exploit,Arcadia Finance Hack,2025-07-15
0x7dd41cddff7ab1cda174b02d170fcf6b03be511c,ETH,exploit,revokecash,malicious spender/exploit,Arcadia Finance Hack,2025-07-15
0xe86fd64c83c9a98f9e4250e32a3b8f7e7d2700fb,ETH,exploit,revokecash,malicious spender/exploit,Arcadia Finance Hack,2025-07-15
0x039c74fdbd0d1e8e9b0b2bcea22a2e0c3de9f540,ETH,exploit,revokecash,malicious spender/exploit,Arcadia Finance Hack,2025-07-15
0xa1019ebf42271355e32f2f61223eed6cdb7544e0,ETH,exploit,revokecash,malicious spender/exploit,Arcadia Finance Hack,2025-07-15
0x0cd54f538146dd5fa42ef2159fbe94b3d9e16e83,ETH,exploit,revokecash,malicious spender/exploit,Arcadia Finance Hack,2025-07-15
0x706c2b6003f59d8596c0d6ef64bf8ccdb1671869,ETH,exploit,revokecash,malicious spender/exploit,Arcadia Finance Hack,2025-07-15
0xd17f086c0839d859350c7289af5b13fde2ed5969,ETH,exploit,revokecash,malicious spender/exploit,Arcadia Finance Hack,2025-07-15
0x978b5572a48a8f7c593d82900c77b6e64f986970,ETH,exploit,revokecash,malicious spender/exploit,Arcadia Finance Hack,2025-07-15
0x8ef6f1b5c64405a9a8c75522dac204826a4dc34e,ETH,exploit,revokecash,malicious spender/exploit,Arcadia Finance Hack,2025-07-15
0x4ad69bc679909d7454a5788f84a712b0873456b5,ETH,exploit,revokecash,malicious spender/exploit,Arcadia Finance Hack,2025-07-15
0x3f79821b0a1c5f232b47c5af2a23f915800dc057,ETH,exploit,revokecash,malicious spender/exploit,Arcadia Finance Hack,2025-07-15
0xd596b4406cea844a3083499bd9dff303fe2743e2,ETH,exploit,revokecash,malicious spender/exploit,Arcadia Finance Hack,2025-07-15
0x267ef54ee02975bf0363d6ccadf87991432cef7c,ETH,exploit,revokecash,malicious spender/exploit,Arcadia Finance Hack,2025-07-15
0x95c428fab7dd784e37ad68c8979a759f9fc26179,ETH,exploit,revokecash,malicious spender/exploit,Arcadia Finance Hack,2025-07-15
0x7e30b7cc419204cafb81a950883014a200c698f0,ETH,exploit,revokecash,malicious spender/exploit,Arcadia Finance Hack,2025-07-15
0xd7c43662d7feef4aec2f440edf810ae98d0d132f,ETH,exploit,revokecash,malicious spender/exploit,Arcadia Finance Hack,2025-07-15
0xe6906b7cd6b6ff317ee7d17973254a44f8d34454,ETH,exploit,revokecash,malicious spender/exploit,Arcadia Finance Hack,2025-07-15
0xd4481ab19a4b4403c4adf71e335c7f51303cf365,ETH,exploit,revokecash,malicious spender/exploit,Arcadia Finance Hack,2025-07-15
0xa855eab240c51d9a0d34ee13ae5237ca0676b207,ETH,exploit,revokecash,malicious spender/exploit,Arcadia Finance Hack,2025-07-15
0x4874abc8d3e1a4ca94296131809ff6fc34821cba,ETH,exploit,revokecash,malicious spender/exploit,Arcadia Finance Hack,2025-07-15
0xee53862ff5fe4ce6cc7e0ce216350776fcb25f0c,ETH,exploit,revokecash,malicious spender/exploit,Arcadia Finance Hack,2025-07-15
0xadd9a117f30ac17e1dd7ab4a6a7a4860b9d1e8d1,ETH,exploit,revokecash,malicious spender/exploit,Arcadia Finance Hack,2025-07-15
0x21b9b2c6af69b289e69bddda84cb0495312eb88d,ETH,exploit,revokecash,malicious spender/exploit,Arcadia Finance Hack,2025-07-15
0x1522ce4b1c9ac481fbd36cb23f5b0f4290f3f9be,ETH,exploit,revokecash,malicious spender/exploit,Arcadia Finance Hack,2025-07-15
0x8499cf6a9f416b7cdfda060b08f1b27dd1e39d07,ETH,exploit,revokecash,malicious spender/exploit,Arcadia Finance Hack,2025-07-15
0x56d143474073b5207404ff1e69111e64c4d66490,ETH,exploit,revokecash,malicious spender/exploit,Arcadia Finance Hack,2025-07-15
0x2be1aec46049d22ba92fbebeee1953aed75b0f87,ETH,exploit,revokecash,malicious spender/exploit,Arcadia Finance Hack,2025-07-15
0xb25e8541eb6b49e6fe3e57ad812da31e0a02d2f0,ETH,exploit,revokecash,malicious spender/exploit,Arcadia Finance Hack,2025-07-15
0xd3e7f259fb9265ee520b43f27c62b226ab2fb242,ETH,exploit,revokecash,malicious spender/exploit,Arcadia Finance Hack,2025-07-15
0x8a1596cf543c1d7bf3402f88057ad97255bf0b16,ETH,exploit,revokecash,malicious spender/exploit,Arcadia Finance Hack,2025-07-15
0x7fbf0069808c45ad032f6b782e985bf0b42b4016,ETH,exploit,revokecash,malicious spender/exploit,Arcadia Finance Hack,2025-07-15
0xefb6ddb7e39cf413a123953fe397cb163a22e6a1,ETH,exploit,revokecash,malicious spender/exploit,Arcadia Finance Hack,2025-07-15
0xdee3221809dcd6a6935981088cb13a60133875ea,ETH,exploit,revokecash,malicious spender/exploit,Arcadia Finance Hack,2025-07-15
0x92c87f0ccdf357cacd01b08202b32fb747bac7ff,ETH,exploit,revokecash,malicious spender/exploit,Arcadia Finance Hack,2025-07-15
0x13bfcda7dbba09e5b40cea735814c0822be95ac4,ETH,exploit,revokecash,malicious spender/exploit,Arcadia Finance Hack,2025-07-15
0xdb8b0b1c13f60bd4ebcd3840a4ef96a61464cdd3,ETH,exploit,revokecash,malicious spender/exploit,Arcadia Finance Hack,2025-07-15
0x70b189fc88bf5e9904a8cf191f1d3165803767f7,ETH,exploit,revokecash,malicious spender/exploit,Arcadia Finance Hack,2025-07-15
0x09e9162d2af5ba4a441be7f2610733f74c885062,ETH,exploit,revokecash,malicious spender/exploit,Arcadia Finance Hack,2025-07-15
0x8c7b9a02b29dd24bbd32f9e636556daf38d6c370,ETH,exploit,revokecash,malicious spender/exploit,Arcadia Finance Hack,2025-07-15
0x7af9a729f4b911504a05e633b4ebccca4275d3e8,ETH,exploit,revokecash,malicious spender/exploit,Arcadia Finance Hack,2025-07-15
0x0c6bd0edaef235a5531a27229f474a8d11f65a2b,ETH,exploit,revokecash,malicious spender/exploit,Arcadia Finance Hack,2025-07-15
0xb5f3ae63c742217957fc138aed496c1f6a880f38,ETH,exploit,revokecash,malicious spender/exploit,Arcadia Finance Hack,2025-07-15
0xf1231959b886f2d076b27c17892f6a6dd5f5f75d,ETH,exploit,revokecash,malicious spender/exploit,Arcadia Finance Hack,2025-07-15
0xffe24beb411b4e035adbfd3aa63b7cdf1a2c4ab2,ETH,exploit,revokecash,malicious spender/exploit,Arcadia Finance Hack,2025-07-15
0x768a8202f31f4fe88c434af720eec95ccbdcf667,ETH,exploit,revokecash,malicious spender/exploit,Arcadia Finance Hack,2025-07-15
0x478f9a6c860ce9f8150bcfd956042041371e128a,ETH,exploit,revokecash,malicious spender/exploit,Arcadia Finance Hack,2025-07-15
0xbada323872f805cf8a2d461b5291434f1bc5ccc1,ETH,exploit,revokecash,malicious spender/exploit,Arcadia Finance Hack,2025-07-15
0x899b1260f4d9b39eefa429b2e597b85358474631,ETH,exploit,revokecash,malicious spender/exploit,Arcadia Finance Hack,2025-07-15
0x004f0a6480d9bb50cddd6e03d44cee64010d17b4,ETH,exploit,revokecash,malicious spender/exploit,Arcadia Finance Hack,2025-07-15
0x2842334e02bd56a7fb2978f18ce76e4d7d0c2e33,ETH,exploit,revokecash,malicious spender/exploit,Arcadia Finance Hack,2025-07-15
0xb26bfd0e8e0683b35c17cfa6568f2eb4ed6fee29,ETH,exploit,revokecash,malicious spender/exploit,Arcadia Finance Hack,2025-07-15
0x77ac704a6b92bebb45e4f80b4cb7f837e33a0137,ETH,exploit,revokecash,malicious spender/exploit,Arcadia Finance Hack,2025-07-15
0x73a261495ea5abf635816ebc9fbae576ed02acdb,ETH,exploit,revokecash,malicious spender/exploit,Arcadia Finance Hack,2025-07-15
0x9e85fa2c37e5e27585d3ab4e74d6aaeaedf7ffa2,ETH,exploit,revokecash,malicious spender/exploit,Arcadia Finance Hack,2025-07-15
0x47baedd19bd8c78dd2cc4085a1e6abeeb7e6e072,ETH,exploit,revokecash,malicious spender/exploit,Arcadia Finance Hack,2025-07-15
0x882360b514d02ea597453a3e467ebc6ea0219549,ETH,exploit,revokecash,malicious spender/exploit,Arcadia Finance Hack,2025-07-15
0x4a4da486407953496cd25887ede09e5d1e7cf9a6,ETH,exploit,revokecash,malicious spender/exploit,Arcadia Finance Hack,2025-07-15
0x06f2e09319586b1ebd63a2b9cc24ee53497df485,ETH,exploit,revokecash,malicious spender/exploit,Arcadia Finance Hack,2025-07-15
0xfd82aef18e7627ee6fd31c7955873a92749b4346,ETH,exploit,revokecash,malicious spender/exploit,Arcadia Finance Hack,2025-07-15
0x51c9feeaea8ef44fce556db5946edbc792e8c857,ETH,exploit,revokecash,malicious spender/exploit,Arcadia Finance Hack,2025-07-15
0xb86fa96358655df509d9fc5a5a60959f6ba5ee76,ETH,exploit,revokecash,malicious spender/exploit,Arcadia Finance Hack,2025-07-15
0x57621342d02e4724e7d189e12a92f7a1e2328efb,ETH,exploit,revokecash,malicious spender/exploit,Arcadia Finance Hack,2025-07-15
0x2607833230244d2c2c6f6e968b93ad73c834fd45,ETH,exploit,revokecash,malicious spender/exploit,Arcadia Finance Hack,2025-07-15
0xe1c7653e90f595f5c90a454ca1f1d1ea50ee9f23,ETH,exploit,revokecash,malicious spender/exploit,Arcadia Finance Hack,2025-07-15
0xd31c55b502654b308d50d1552e831192deb4a0bc,ETH,exploit,revokecash,malicious spender/exploit,Arcadia Finance Hack,2025-07-15
0x53841894a28b97ac2fa4266bc77793e7f8686d86,ETH,exploit,revokecash,malicious spender/exploit,Arcadia Finance Hack,2025-07-15
0x86b1593b360ac04f0c5598e079aa2667c610753f,ETH,exploit,revokecash,malicious spender/exploit,Arcadia Finance Hack,2025-07-15
0x6c35eff18181964ebbb1109e4cdeb917b840339a,ETH,exploit,revokecash,malicious spender/exploit,Arcadia Finance Hack,2025-07-15
0x58703a746cc84d208f708dd149cbc1cae69e21fc,ETH,exploit,revokecash,malicious spender/exploit,Arcadia Finance Hack,2025-07-15
0x568e5525723fac96e184a03b694b94fe46e04b85,ETH,exploit,revokecash,malicious spender/exploit,Arcadia Finance Hack,2025-07-15
0x1beeb0c484701107b19668ac6efa228b08fe4c01,ETH,exploit,revokecash,malicious spender/exploit,Arcadia Finance Hack,2025-07-15
0xe563b152ea3690e0b3607cfe96e8f209bd7330fc,ETH,exploit,revokecash,malicious spender/exploit,Arcadia Finance Hack,2025-07-15
0x333aa26413f7537bf84a4e3405fafe56f99095a0,ETH,exploit,revokecash,malicious spender/exploit,Arcadia Finance Hack,2025-07-15
0xa418fda0202180e423e4877cf999ec443b65303a,ETH,exploit,revokecash,malicious spender/exploit,Arcadia Finance Hack,2025-07-15
0xfe7398a4d26739735af5022ba679ca2874ed83c3,ETH,exploit,revokecash,malicious spender/exploit,Arcadia Finance Hack,2025-07-15
0x703a3f4a0e0670ddba6a0488124d56a286ae3ad2,ETH,exploit,revokecash,malicious spender/exploit,Arcadia Finance Hack,2025-07-15
0xcba017c18f47ff6663e9661b1aabe4ef42538115,ETH,exploit,revokecash,malicious spender/exploit,Arcadia Finance Hack,2025-07-15
0xdfa16045b2b463f8a548745a7f23d22344823b6f,ETH,exploit,revokecash,malicious spender/exploit,Arcadia Finance Hack,2025-07-15
0xfc425fce4379fc67757611611b68ed5e9c0e9cc3,ETH,exploit,revokecash,malicious spender/exploit,Arcadia Finance Hack,2025-07-15
0x7cdc2ee0b517e3a56d3666355cb68d54df27e3a4,ETH,exploit,revokecash,malicious spender/exploit,Arcadia Finance Hack,2025-07-15
0x21230d3bc50569f94ed8310ae12054bf08fec6ac,ETH,exploit,revokecash,malicious spender/exploit,Arcadia Finance Hack,2025-07-15
0x0d95da3518a4814b2387177ce913860a71a9419e,ETH,exploit,revokecash,malicious spender/exploit,Arcadia Finance Hack,2025-07-15
0x86784f1fd51210387e1c55c0332f8b85dc7b1b00,ETH,exploit,revokecash,malicious spender/exploit,Arcadia Finance Hack,2025-07-15
0x99ef7309063aadb336158f3c035e4f341485c7e9,ETH,exploit,revokecash,malicious spender/exploit,Arcadia Finance Hack,2025-07-15
0x317a5982618a20a23b1278be6328fcc163153a9b,ETH,exploit,revokecash,malicious spender/exploit,Arcadia Finance Hack,2025-07-15
0xb93c74331644845370785d9d41d78276a7e06451,ETH,exploit,revokecash,malicious spender/exploit,Arcadia Finance Hack,2025-07-15
0xf7a163df9d6f7e00e32ec62a5f72be896583afa7,ETH,exploit,revokecash,malicious spender/exploit,Arcadia Finance Hack,2025-07-15
0x451bab5b69b76d36a3c9d1324941069e518df983,ETH,exploit,revokecash,malicious spender/exploit,Arcadia Finance Hack,2025-07-15
0x79e84edd2715001b071e6fc703e1069e2354900e,ETH,exploit,revokecash,malicious spender/exploit,Arcadia Finance Hack,2025-07-15
0x9b0790f92743007ef2529b63c40341e8a5dbfaa8,ETH,exploit,revokecash,malicious spender/exploit,Arcadia Finance Hack,2025-07-15
0xbd16cc5aaa35e4c33d3f847455f0ad94f7507642,ETH,exploit,revokecash,malicious spender/exploit,Arcadia Finance Hack,2025-07-15
0x278ad2104b1c6b1d4965c54baf7f3dda2477f899,ETH,exploit,revokecash,malicious spender/exploit,Arcadia Finance Hack,2025-07-15
0x3293190b467e6f7f374ede04ed6e1250b6199151,ETH,exploit,revokecash,malicious spender/exploit,Arcadia Finance Hack,2025-07-15
0xe9e74bb6802d40ff77c6840ac60881cfc383fc54,ETH,exploit,revokecash,malicious spender/exploit,Arcadia Finance Hack,2025-07-15
0x5aa636c1260b0df92068da7262ccb14e09be0c8a,ETH,exploit,revokecash,malicious spender/exploit,Arcadia Finance Hack,2025-07-15
0xf0a553e3e7a0cdd9399724d8e583e24d89d39a72,ETH,exploit,revokecash,malicious spender/exploit,Arcadia Finance Hack,2025-07-15
0x825436a566a5593f336934f5e136fac7479d9a97,ETH,exploit,revokecash,malicious spender/exploit,Arcadia Finance Hack,2025-07-15
0x9fa47ba0db0ef64d01eba4e95b0baf873316dfa0,ETH,exploit,revokecash,malicious spender/exploit,Arcadia Finance Hack,2025-07-15
0xa3311d43020246da8923ef49660bc092b5a50139,ETH,exploit,revokecash,malicious spender/exploit,Arcadia Finance Hack,2025-07-15
0x97487918909b6df779a87ee4dad83218738fc7f7,ETH,exploit,revokecash,malicious spender/exploit,Arcadia Finance Hack,2025-07-15
0x33a1f262040b5c2a7db676733c664e24cf5412bc,ETH,exploit,revokecash,malicious spender/exploit,Arcadia Finance Hack,2025-07-15
0x5f06bed790ca09c75d096016cf95fb54a3de28b2,ETH,exploit,revokecash,malicious spender/exploit,Arcadia Finance Hack,2025-07-15
0xffc754de2fdfe009d1b97025a5633dd11b4202ea,ETH,exploit,revokecash,malicious spender/exploit,Arcadia Finance Hack,2025-07-15
0x53bca4642bfe17fd4a84067582c44c6cc46e62d1,ETH,exploit,revokecash,malicious spender/exploit,Arcadia Finance Hack,2025-07-15
0xab95d4d5c915051646b0cb3416317ffb72752f57,ETH,exploit,revokecash,malicious spender/exploit,Arcadia Finance Hack,2025-07-15
0xbe333de4d885811b11554914eb8757f1c8bfa0cb,ETH,exploit,revokecash,malicious spender/exploit,Arcadia Finance Hack,2025-07-15
0x987ffa1e7c865345537da4ab36cdc9f9ba083bed,ETH,exploit,revokecash,malicious spender/exploit,Arcadia Finance Hack,2025-07-15
0x67974e9b345a647232b8f4abd0034a27ffac3851,ETH,exploit,revokecash,malicious spender/exploit,Arcadia Finance Hack,2025-07-15
0x1abf2a2b53d62f34fbdf80d657ba791aeabd365f,ETH,exploit,revokecash,malicious spender/exploit,Arcadia Finance Hack,2025-07-15
0xc4a44c331dd28fb091c448112fb165221c67cfe4,ETH,exploit,revokecash,malicious spender/exploit,Arcadia Finance Hack,2025-07-15
0x87fbe1b8db7ebda5de4e111ca354cd617f4e8ed7,ETH,exploit,revokecash,malicious spender/exploit,Arcadia Finance Hack,2025-07-15
0xb434b5b6c94ec28784868991195ed0158eaf6e2b,ETH,exploit,revokecash,malicious spender/exploit,Arcadia Finance Hack,2025-07-15
0xeb71ebfcebe61e53085b462dfe81992210b627ec,ETH,exploit,revokecash,malicious spender/exploit,Arcadia Finance Hack,2025-07-15
0x9f976300fb81a68266b81c35c505a1fc7b784eae,ETH,exploit,revokecash,malicious spender/exploit,Arcadia Finance Hack,2025-07-15
0xf99690341b4b584d1f73eb8a39fbf603f3be0c66,ETH,exploit,revokecash,malicious spender/exploit,Arcadia Finance Hack,2025-07-15
0x5fbc6c7d5b737fda8a8326a842c3d51936dc167a,ETH,exploit,revokecash,malicious spender/exploit,Arcadia Finance Hack,2025-07-15
0xe929a57a8d62fbb6803c967bcc9b52b5737c1d2e,ETH,exploit,revokecash,malicious spender/exploit,Arcadia Finance Hack,2025-07-15
0x66e984618821d0087a4a1fa11adf8f4b7d3d7d9d,ETH,exploit,revokecash,malicious spender/exploit,Arcadia Finance Hack,2025-07-15
0x22c1b2ab86ab8b3093e7e2a144a4ac1af6522197,ETH,exploit,revokecash,malicious spender/exploit,Arcadia Finance Hack,2025-07-15
0x85bcfba76069363f9f475034f9c1dcdf10ee7809,ETH,exploit,revokecash,malicious spender/exploit,Arcadia Finance Hack,2025-07-15
0x31f9414b83b75d4d0fb896660145c7d4a6f4f736,ETH,exploit,revokecash,malicious spender/exploit,Arcadia Finance Hack,2025-07-15
0x9fd649c74edd216517285c03c2efc5f335a4d606,ETH,exploit,revokecash,malicious spender/exploit,Arcadia Finance Hack,2025-07-15
0xf2f984d5d7a28cf90a924935bd37e1c0d452b0c0,ETH,exploit,revokecash,malicious spender/exploit,Arcadia Finance Hack,2025-07-15
0x48b3ce868e8e4bfbec27ade38d1666c47ad9e38a,ETH,exploit,revokecash,malicious spender/exploit,Arcadia Finance Hack,2025-07-15
0xd6cc3b351348a0ee2e6b903e283448333b93f13a,ETH,exploit,revokecash,malicious spender/exploit,Arcadia Finance Hack,2025-07-15
0xe24536d4a29151ab3ddf97f9bf4e3498e1263abf,ETH,exploit,revokecash,malicious spender/exploit,Arcadia Finance Hack,2025-07-15
0x40e95d592afa98395fdb93c343ed67e8b61d7098,ETH,exploit,revokecash,malicious spender/exploit,Arcadia Finance Hack,2025-07-15
0x74cc76d2dbf6db450a5907ebb756657ba01235e8,ETH,exploit,revokecash,malicious spender/exploit,Arcadia Finance Hack,2025-07-15
0x98739ba7ac7f104d649441d131a5cf31eb26de3e,ETH,exploit,revokecash,malicious spender/exploit,Arcadia Finance Hack,2025-07-15
0x29e78fe1987a96bf76e3900bcbcf7d039f82a003,ETH,exploit,revokecash,malicious spender/exploit,Arcadia Finance Hack,2025-07-15
0x506985a76ad53bba9b32c278a51a3815021941e0,ETH,exploit,revokecash,malicious spender/exploit,Arcadia Finance Hack,2025-07-15
0x02164a35617b2db42fe2c16348fcde8582d7706f,ETH,exploit,revokecash,malicious spender/exploit,Arcadia Finance Hack,2025-07-15
0xa101b17f39b8c41204ed9f8a36dcdd7f07c23a27,ETH,exploit,revokecash,malicious spender/exploit,Arcadia Finance Hack,2025-07-15
0xa524b5188b4b9cac757f711d9f834e80c00ab330,ETH,exploit,revokecash,malicious spender/exploit,Arcadia Finance Hack,2025-07-15
0xc5a1cc77c76e1748f2d2a9b75eca1a9b0b117a8a,ETH,exploit,revokecash,malicious spender/exploit,Arcadia Finance Hack,2025-07-15
0x9f96a5ab0fae6c89a30179c7084e3dff63b0b785,ETH,exploit,revokecash,malicious spender/exploit,Arcadia Finance Hack,2025-07-15
0x369f0b9ed1c016cad8b609f2f804985f33a2a21e,ETH,exploit,revokecash,malicious spender/exploit,Arcadia Finance Hack,2025-07-15
0x261fd28e7b9d93a85991a5e617fa1db4bf581603,ETH,exploit,revokecash,malicious spender/exploit,Arcadia Finance Hack,2025-07-15
0x9ae218af7dbef6b9c40e44fd0a0489b3a55cc604,ETH,exploit,revokecash,malicious spender/exploit,Arcadia Finance Hack,2025-07-15
0x34a4dc584a8aece899b27bc1cb3f7da7a1dedb2b,ETH,exploit,revokecash,malicious spender/exploit,Arcadia Finance Hack,2025-07-15
0x5e38bdab77bb68af8cf1919cc5d26db98595d3f9,ETH,exploit,revokecash,malicious spender/exploit,Arcadia Finance Hack,2025-07-15
0xa516ab00d0e1a8998aae0df679013896ff4d2151,ETH,exploit,revokecash,malicious spender/exploit,Arcadia Finance Hack,2025-07-15
0xe874e529b23ed0616bb03ea83ecc059d3dbd97c3,ETH,exploit,revokecash,malicious spender/exploit,Arcadia Finance Hack,2025-07-15
0x36b4e317bfd4a1c793f427982161d020f5ddbce6,ETH,exploit,revokecash,malicious spender/exploit,Arcadia Finance Hack,2025-07-15
0x4062d8043695e3ea1808bc53664824331383b1ac,ETH,exploit,revokecash,malicious spender/exploit,Arcadia Finance Hack,2025-07-15
0x98346a1b97762f0b0431264e9f3bfddb00df20dd,ETH,exploit,revokecash,malicious spender/exploit,Arcadia Finance Hack,2025-07-15
0xf45ffd00fcd358ac9c7659acc2ee0272f7474376,ETH,exploit,revokecash,malicious spender/exploit,Arcadia Finance Hack,2025-07-15
0x0f4329e4726d2742dd845634dd3109eadaa5cd5f,ETH,exploit,revokecash,malicious spender/exploit,Arcadia Finance Hack,2025-07-15
0xdf27ada2eb324ca469105ab967d4f4dc9c2c5e4c,ETH,exploit,revokecash,malicious spender/exploit,Arcadia Finance Hack,2025-07-15
0x237e8904e00f9b1bc901ec3ebdfd792bbe101896,ETH,exploit,revokecash,malicious spender/exploit,Arcadia Finance Hack,2025-07-15
0x300ea2c3ef64f8347c0ffe91baaac8d81ae7cfa0,ETH,exploit,revokecash,malicious spender/exploit,Arcadia Finance Hack,2025-07-15
0xf59bdb8adb29e642ddd4f8dbe10301331b60ea97,ETH,exploit,revokecash,malicious spender/exploit,Arcadia Finance Hack,2025-07-15
0xed0854a4276cd058ec3bd0f339b1eb68a4522a1c,ETH,exploit,revokecash,malicious spender/exploit,Arcadia Finance Hack,2025-07-15
0x8e0937e6ff9c261d47947dfbffc845e03d9b6c8b,ETH,exploit,revokecash,malicious spender/exploit,Arcadia Finance Hack,2025-07-15
0x58e9208dc68c92e165060ff8ed570aee31d0ffc0,ETH,exploit,revokecash,malicious spender/exploit,Arcadia Finance Hack,2025-07-15
0xf9132e9e1b6860ba3d11cf4f51a373a11c193627,ETH,exploit,revokecash,malicious spender/exploit,Arcadia Finance Hack,2025-07-15
0xfe5a76a6c7116e21ce8c05d8dbce2261b47a5460,ETH,exploit,revokecash,malicious spender/exploit,Arcadia Finance Hack,2025-07-15
0x1a5f63a8244bdb7b30b65958224ae0b8bc8034f6,ETH,exploit,revokecash,malicious spender/exploit,Arcadia Finance Hack,2025-07-15
0x7dea7d1d0b59a95d75f68284c64f962c049e275c,ETH,exploit,revokecash,malicious spender/exploit,Arcadia Finance Hack,2025-07-15
0x04dc309e79dd2de425e2ab55bbc833d22051119d,ETH,exploit,revokecash,malicious spender/exploit,Arcadia Finance Hack,2025-07-15
0x4b67290295d19b79558015123d03c1c637398c06,ETH,exploit,revokecash,malicious spender/exploit,Arcadia Finance Hack,2025-07-15
0x506328bf7221127026caafc6b7de8208bcbdcd4b,ETH,exploit,revokecash,malicious spender/exploit,Arcadia Finance Hack,2025-07-15
0x8c04a175450edd632807da6f347a9ebd11b2ad1e,ETH,exploit,revokecash,malicious spender/exploit,Arcadia Finance Hack,2025-07-15
0xc9c72bf30096e12b1f5763cded8e8cafa3229dd4,ETH,exploit,revokecash,malicious spender/exploit,Arcadia Finance Hack,2025-07-15
0x70bf92f3098c5236f8624c776cbe789d2ceecefe,ETH,exploit,revokecash,malicious spender/exploit,Arcadia Finance Hack,2025-07-15
0x27c15d208d0b7e4a9263a9ae769d6869f066b435,ETH,exploit,revokecash,malicious spender/exploit,Arcadia Finance Hack,2025-07-15
0x1bf441a84413dd8a1b07c958f477efde0983033e,ETH,exploit,revokecash,malicious spender/exploit,Arcadia Finance Hack,2025-07-15
0x30606fbf2607c28784ce886e68e5420e3b2cbef9,ETH,exploit,revokecash,malicious spender/exploit,Arcadia Finance Hack,2025-07-15
0x579a73586b0abbbe12009ac0ace5636ae622769b,ETH,exploit,revokecash,malicious spender/exploit,Arcadia Finance Hack,2025-07-15
0xed526e269b3de512184f3491120d4d3bf91e82ef,ETH,exploit,revokecash,malicious spender/exploit,Arcadia Finance Hack,2025-07-15
0x3f0fc3a675b21835dbf80c3c56390a64825c9336,ETH,exploit,revokecash,malicious spender/exploit,Arcadia Finance Hack,2025-07-15
0xf0f003f6d8e2a8120adbd1a088b3bdb19ff9b34e,ETH,exploit,revokecash,malicious spender/exploit,Arcadia Finance Hack,2025-07-15
0x30008c4f914585f7fbce08876cda40ba7b973d72,ETH,exploit,revokecash,malicious spender/exploit,Arcadia Finance Hack,2025-07-15
0xf79851e7b571cd5c1d8aa1bc90c26abdad211acc,ETH,exploit,revokecash,malicious spender/exploit,Arcadia Finance Hack,2025-07-15
0xa2b480add29be91b5bf821ceba50c54ed99582e4,ETH,exploit,revokecash,malicious spender/exploit,Arcadia Finance Hack,2025-07-15
0x52a4821659b18f7ff74da8e99414aee754be0cb8,ETH,exploit,revokecash,malicious spender/exploit,Arcadia Finance Hack,2025-07-15
0x1639320f777c2a92211b2c8166257c58d6cfa893,ETH,exploit,revokecash,malicious spender/exploit,Arcadia Finance Hack,2025-07-15
0xaa969560da355e3762dea9ab0464e3e702a63211,ETH,exploit,revokecash,malicious spender/exploit,Arcadia Finance Hack,2025-07-15
0x0dc97304c41652ea6833574981ade13e6abe2999,ETH,exploit,revokecash,malicious spender/exploit,Arcadia Finance Hack,2025-07-15
0x91827ae2f18b1c30ecdb7b3fd3897bbcb4512130,ETH,exploit,revokecash,malicious spender/exploit,Arcadia Finance Hack,2025-07-15
0x2e5112985e18cd3ef4ed7151a76491f91eb90ac2,ETH,exploit,revokecash,malicious spender/exploit,Arcadia Finance Hack,2025-07-15
0x736a8cb360f49d034fda701b77bb5400feb49816,ETH,exploit,revokecash,malicious spender/exploit,Arcadia Finance Hack,2025-07-15
0x0c304fd4e18144ea3c5f7520bc070916742140e4,ETH,exploit,revokecash,malicious spender/exploit,Arcadia Finance Hack,2025-07-15
0x26626d3c86f967e4559db3e99f55b7c1f6f142ed,ETH,exploit,revokecash,malicious spender/exploit,Arcadia Finance Hack,2025-07-15
0x148523ebea6a110238e4ae4935572f92f2cfe05b,ETH,exploit,revokecash,malicious spender/exploit,Arcadia Finance Hack,2025-07-15
0x4f9a3a972cf209a8b232626efd3aa1dc7dfbbc46,ETH,exploit,revokecash,malicious spender/exploit,Arcadia Finance Hack,2025-07-15
0xc9cdc28353cbe8eb93e7e8251a4591bf6566fb3e,ETH,exploit,revokecash,malicious spender/exploit,Arcadia Finance Hack,2025-07-15
0x5aac8d24b3b395d0b1ddfe71bc36ef2dbf259558,ETH,exploit,revokecash,malicious spender/exploit,Arcadia Finance Hack,2025-07-15
0x05098a8d74fca63162ec866f93dbf29a85bf9722,ETH,exploit,revokecash,malicious spender/exploit,Arcadia Finance Hack,2025-07-15
0x898e48089d295646f17ae22907de71662271a99d,ETH,exploit,revokecash,malicious spender/exploit,Arcadia Finance Hack,2025-07-15
0xd9aa71d814182998b9153ee4ede7d24d84b96fef,ETH,exploit,revokecash,malicious spender/exploit,Arcadia Finance Hack,2025-07-15
0xccaf65389eefb962c164b207a61738147a5e8ffe,ETH,exploit,revokecash,malicious spender/exploit,Arcadia Finance Hack,2025-07-15
0x6d539945d1f1bfd38e5636d2a8c1375452eaf950,ETH,exploit,revokecash,malicious spender/exploit,Arcadia Finance Hack,2025-07-15
0xb3c4add039806d858afb75b7375d73cc946f7922,ETH,exploit,revokecash,malicious spender/exploit,Arcadia Finance Hack,2025-07-15
0x145ad1049446100f4e04c2633328dd81627ac7e8,ETH,exploit,revokecash,malicious spender/exploit,Arcadia Finance Hack,2025-07-15
0x6b2b9fb9556a7581389629afe12dc119d6c5d20e,ETH,exploit,revokecash,malicious spender/exploit,Arcadia Finance Hack,2025-07-15
0x51e706a99adc2436924b2d358b5645bbb0ce7d98,ETH,exploit,revokecash,malicious spender/exploit,Arcadia Finance Hack,2025-07-15
0x6ead703bdbba8dfb1fa40e7da4f0a6fef07cabd9,ETH,exploit,revokecash,malicious spender/exploit,Arcadia Finance Hack,2025-07-15
0x8f768a81a8346db96884af170b811b9cad42519e,ETH,exploit,revokecash,malicious spender/exploit,Arcadia Finance Hack,2025-07-15
0x65ee4307fc702373c3b1cd73741bb56367c55311,ETH,exploit,revokecash,malicious spender/exploit,Arcadia Finance Hack,2025-07-15
0x91845c6e427fff164c394c7fe45fd48a047c67ea,ETH,exploit,revokecash,malicious spender/exploit,Arcadia Finance Hack,2025-07-15
0x3909d1664308940ed2869b0f7f44094d92c5a92e,ETH,exploit,revokecash,malicious spender/exploit,Arcadia Finance Hack,2025-07-15
0xd2e4b51d6ff0ee4ececdc7880ca5f9c9057944fb,ETH,exploit,revokecash,malicious spender/exploit,Arcadia Finance Hack,2025-07-15
0x1078980361830e3f1d5f754f0fdca36277a1649c,ETH,exploit,revokecash,malicious spender/exploit,Arcadia Finance Hack,2025-07-15
0x93dfc79ee47fe41ed1bc948b16d39b58443b3227,ETH,exploit,revokecash,malicious spender/exploit,Arcadia Finance Hack,2025-07-15
0x7f5d5cb1b570257b5fc7a7fd14bd5ea4c4926163,ETH,exploit,revokecash,malicious spender/exploit,Arcadia Finance Hack,2025-07-15
0xf300976811e380888a2c223b49454ff46b1c3429,ETH,exploit,revokecash,malicious spender/exploit,Arcadia Finance Hack,2025-07-15
0x484bf7183aebd0c09a8bae9b2e37c469332260f4,ETH,exploit,revokecash,malicious spender/exploit,Arcadia Finance Hack,2025-07-15
0x5a445214c16253df5c02643c1a17875b4d019e1d,ETH,exploit,revokecash,malicious spender/exploit,Arcadia Finance Hack,2025-07-15
0x0ce3197299b7b18e13d6551874cae98d72568118,ETH,exploit,revokecash,malicious spender/exploit,Arcadia Finance Hack,2025-07-15
0xac32b9668488bbaf267afb952a710ff855238159,ETH,exploit,revokecash,malicious spender/exploit,Arcadia Finance Hack,2025-07-15
0x6a543a68439c16e03cb850d792e09cc15cfccc59,ETH,exploit,revokecash,malicious spender/exploit,Arcadia Finance Hack,2025-07-15
0x82f529cef67da807df0f1a3e34a6967fe76832df,ETH,exploit,revokecash,malicious spender/exploit,Arcadia Finance Hack,2025-07-15
0x26bf29fd922c329b80d2b58f41c85c52a4791ff0,ETH,exploit,revokecash,malicious spender/exploit,Arcadia Finance Hack,2025-07-15
0x2258c45c47dcd8c10ebbd1390ccc80d818ade4a2,ETH,exploit,revokecash,malicious spender/exploit,Arcadia Finance Hack,2025-07-15
0x6bcf0793352a72abfa6fbf453fce7bbc778520bd,ETH,exploit,revokecash,malicious spender/exploit,Arcadia Finance Hack,2025-07-15
0x473f9a467ae79f14638d80836670be0253faeeb3,ETH,exploit,revokecash,malicious spender/exploit,Arcadia Finance Hack,2025-07-15
0xeeabc4d3c2594d76067ce7307a9bf979219046d4,ETH,exploit,revokecash,malicious spender/exploit,Arcadia Finance Hack,2025-07-15
0x4de10c97d2af8cc3d030307cefbbd64a52338e5e,ETH,exploit,revokecash,malicious spender/exploit,Arcadia Finance Hack,2025-07-15
0x6a7b08dcdf1fb28866b86dc8dcb040d21e284761,ETH,exploit,revokecash,malicious spender/exploit,Arcadia Finance Hack,2025-07-15
0xc93936c5b32128bba142f27c33de9c0154577f02,ETH,exploit,revokecash,malicious spender/exploit,Arcadia Finance Hack,2025-07-15
0xb64aad487d957666d074e870b4556d52c8f61d0d,ETH,exploit,revokecash,malicious spender/exploit,Arcadia Finance Hack,2025-07-15
0x2fce3f3b972d6b163d7256068ae5cddfa11387e3,ETH,exploit,revokecash,malicious spender/exploit,Arcadia Finance Hack,2025-07-15
0x14881fc0ad303fe85a44c5a1568457ab6c2b67cd,ETH,exploit,revokecash,malicious spender/exploit,Arcadia Finance Hack,2025-07-15
0x2aef10567d97a84423d65022e2e43c7d41fbeee7,ETH,exploit,revokecash,malicious spender/exploit,Arcadia Finance Hack,2025-07-15
0x72a435fdc718a618f99e3ddb9ae9b2714d1e9650,ETH,exploit,revokecash,malicious spender/exploit,Arcadia Finance Hack,2025-07-15
0x6be4debe03eadf2ba5260d3cf0b6bc7f88618693,ETH,exploit,revokecash,malicious spender/exploit,Arcadia Finance Hack,2025-07-15
0x70c18e45826261329acc12adf11fafbecbd33341,ETH,exploit,revokecash,malicious spender/exploit,Arcadia Finance Hack,2025-07-15
0xfafbf6a6dc19aa3a210ff095c1d61e5cb7207253,ETH,exploit,revokecash,malicious spender/exploit,Arcadia Finance Hack,2025-07-15
0x234563d822ba84e06483a6e23f7371acdf827f4e,ETH,exploit,revokecash,malicious spender/exploit,Arcadia Finance Hack,2025-07-15
0x5e6b7be6d37adf3d1e7181ff5093543de6349769,ETH,exploit,revokecash,malicious spender/exploit,Arcadia Finance Hack,2025-07-15
0x664cdebf111b3d366399793dd7e1c4fa6b8b0327,ETH,exploit,revokecash,malicious spender/exploit,Arcadia Finance Hack,2025-07-15
0x9d21a7b632d6b87b2fe23b7095cf18a19ffd452e,ETH,exploit,revokecash,malicious spender/exploit,Arcadia Finance Hack,2025-07-15
0x4373d6079f91e770fcd804b55c9af6c6518a04b5,ETH,exploit,revokecash,malicious spender/exploit,Arcadia Finance Hack,2025-07-15
0xf66f8b80908469498885f050a1c650ab90cfd32c,ETH,exploit,revokecash,malicious spender/exploit,Arcadia Finance Hack,2025-07-15
0xea22df6e35c69410c06b178f8267abf5cd29e158,ETH,exploit,revokecash,malicious spender/exploit,Arcadia Finance Hack,2025-07-15
0x2104737dd8108c654ea09c55953b6e0f9dd95f5d,ETH,exploit,revokecash,malicious spender/exploit,Arcadia Finance Hack,2025-07-15
0x5aad84bf868e22c459ed1a6041e3530043f8b15c,ETH,exploit,revokecash,malicious spender/exploit,Arcadia Finance Hack,2025-07-15
0x9acd35f483d9a41cf4940b33759a9d0be0e83abc,ETH,exploit,revokecash,malicious spender/exploit,Arcadia Finance Hack,2025-07-15
0x25991d0df010c0ca781bd25ecc945217ad2c9e4d,ETH,exploit,revokecash,malicious spender/exploit,Arcadia Finance Hack,2025-07-15
0x620d79da6a2c5af6bff138a28c171dbdd07c1c45,ETH,exploit,revokecash,malicious spender/exploit,Arcadia Finance Hack,2025-07-15
0x8152125388482851081dd33da16787a9c718dc16,ETH,exploit,revokecash,malicious spender/exploit,Arcadia Finance Hack,2025-07-15
0x8e727d9c09b9d6fbe7b5494ec2e6b935b3828003,ETH,exploit,revokecash,malicious spender/exploit,Arcadia Finance Hack,2025-07-15
0x53978b85ba00200ad1fabf12a1ef9e77c7e47555,ETH,exploit,revokecash,malicious spender/exploit,Arcadia Finance Hack,2025-07-15
0xa88c9ee7d3ffb72de93169fd79538b1f7de168c5,ETH,exploit,revokecash,malicious spender/exploit,Arcadia Finance Hack,2025-07-15
0x3a6da83b8f58b4b7a0c27baaec03569d75fe29ce,ETH,exploit,revokecash,malicious spender/exploit,Arcadia Finance Hack,2025-07-15
0x64f7160545e6a62b02616cf209f3b23dd95f3f9d,ETH,exploit,revokecash,malicious spender/exploit,Arcadia Finance Hack,2025-07-15
0xa05c81d22fa011bdedf20f1f87603aadedc2f6fd,ETH,exploit,revokecash,malicious spender/exploit,Arcadia Finance Hack,2025-07-15
0x46cdaf056e6b7131480ab399cd304d528700fe2c,ETH,exploit,revokecash,malicious spender/exploit,Arcadia Finance Hack,2025-07-15
0x493cfa7d073dccbd6f5aeb04d9236d99c2f1ba45,ETH,exploit,revokecash,malicious spender/exploit,Arcadia Finance Hack,2025-07-15
0x55ffc6360ff44fbc7ac301ee4d9706823f17c46d,ETH,exploit,revokecash,malicious spender/exploit,Arcadia Finance Hack,2025-07-15
0xd30162813c16ea4fafabeb68cc7b451303c4d6d5,ETH,exploit,revokecash,malicious spender/exploit,Arcadia Finance Hack,2025-07-15
0xb125022a5eab55191116e15553b2313135dc5be3,ETH,exploit,revokecash,malicious spender/exploit,Arcadia Finance Hack,2025-07-15
0x65c412a1ca16cc1c62992b15fcc4d7ba3f3619ac,ETH,exploit,revokecash,malicious spender/exploit,Arcadia Finance Hack,2025-07-15
0x335efdf790a3a710829c81d9b000c6665c1cf461,ETH,exploit,revokecash,malicious spender/exploit,Arcadia Finance Hack,2025-07-15
0xeb2b630f03d0723c48349682e9504cd2a622add7,ETH,exploit,revokecash,malicious spender/exploit,Arcadia Finance Hack,2025-07-15
0x728ffa5283e741c85a731fbceab09427c2f33bf1,ETH,exploit,revokecash,malicious spender/exploit,Arcadia Finance Hack,2025-07-15
0xe822432c27e8a5cd0e3e8d2caeecf1a0982dee83,ETH,exploit,revokecash,malicious spender/exploit,Arcadia Finance Hack,2025-07-15
0x92ae9082d2020caa973d25f4c1581af7caed1921,ETH,exploit,revokecash,malicious spender/exploit,Arcadia Finance Hack,2025-07-15
0x98b38fec301335bdbc2e6006068aeb76811a4c6f,ETH,exploit,revokecash,malicious spender/exploit,Arcadia Finance Hack,2025-07-15
0xd9fcaa483a8c2770946e163af952880d0a95b208,ETH,exploit,revokecash,malicious spender/exploit,Arcadia Finance Hack,2025-07-15
0x615befb3931b52263beef7eea0bb40d43b353794,ETH,exploit,revokecash,malicious spender/exploit,Arcadia Finance Hack,2025-07-15
0x3f09cb50282d2080052ad4c00ec53b759ac96e3e,ETH,exploit,revokecash,malicious spender/exploit,Arcadia Finance Hack,2025-07-15
0x9f82bfd4013dfc16b2fe66e276fae044852b74e5,ETH,exploit,revokecash,malicious spender/exploit,Arcadia Finance Hack,2025-07-15
0x581d409c849e88b1488f32cdd7d9af1e86755b20,ETH,exploit,revokecash,malicious spender/exploit,Arcadia Finance Hack,2025-07-15
0xc1570b933e28caac1c269654a037a2a1a6fca35f,ETH,exploit,revokecash,malicious spender/exploit,Arcadia Finance Hack,2025-07-15
0xfc5def860015c875fc5dec7f76371f863231732b,ETH,exploit,revokecash,malicious spender/exploit,Arcadia Finance Hack,2025-07-15
0x75e1330b0d1d239d44d964d2f3764e7793e65947,ETH,exploit,revokecash,malicious spender/exploit,Arcadia Finance Hack,2025-07-15
0x077af451a8a56d665ae5a634c888a72381c36a35,ETH,exploit,revokecash,malicious spender/exploit,Arcadia Finance Hack,2025-07-15
0x4a0dcf360fd52d975d113c3d571e45a81f523cf9,ETH,exploit,revokecash,malicious spender/exploit,Arcadia Finance Hack,2025-07-15
0x4cc9c650754724924431adebc650e41296d86e81,ETH,exploit,revokecash,malicious spender/exploit,Arcadia Finance Hack,2025-07-15
0x9f400f228cfe4503c1f0840a444c9ebe4e58e62e,ETH,exploit,revokecash,malicious spender/exploit,Arcadia Finance Hack,2025-07-15
0x15d25b8f380b24095d82f5701e208ed3fc2560f1,ETH,exploit,revokecash,malicious spender/exploit,Arcadia Finance Hack,2025-07-15
0x12114131ef27a097e02c232102a2ec0e5dfc3716,ETH,exploit,revokecash,malicious spender/exploit,Arcadia Finance Hack,2025-07-15
0xc29857f5c698378a550d3798b7bf48ac847c4920,ETH,exploit,revokecash,malicious spender/exploit,Arcadia Finance Hack,2025-07-15
0xc7e87b8140b784096a7c7a6c49df98bbcaef2b97,ETH,exploit,revokecash,malicious spender/exploit,Arcadia Finance Hack,2025-07-15
0x82bd4d98aa61c073a8acbbe924afe6a4b39e4d2f,ETH,exploit,revokecash,malicious spender/exploit,Arcadia Finance Hack,2025-07-15
0x46665d3d84e0cd7355aa5931772b667d934506f8,ETH,exploit,revokecash,malicious spender/exploit,Arcadia Finance Hack,2025-07-15
0x8ada16df5888d6784f62e47e4cff5f620785e67e,ETH,exploit,revokecash,malicious spender/exploit,Arcadia Finance Hack,2025-07-15
0x2c92694adc88b3b93f6ac0fde850c4878c77ee4f,ETH,exploit,revokecash,malicious spender/exploit,Arcadia Finance Hack,2025-07-15
0xe55411b71527a0bfa519e9175af0889559072645,ETH,exploit,revokecash,malicious spender/exploit,Arcadia Finance Hack,2025-07-15
0x059616ff6fa608b33c0006e817a5f6b96abcefe4,ETH,exploit,revokecash,malicious spender/exploit,Arcadia Finance Hack,2025-07-15
0xbe46ce3329fb3cd6308d553451c0b2f8ab4bf341,ETH,exploit,revokecash,malicious spender/exploit,Arcadia Finance Hack,2025-07-15
0x182bdf712cd44cd29431721319a0e8f04f2f8224,ETH,exploit,revokecash,malicious spender/exploit,Arcadia Finance Hack,2025-07-15
0x4c322734ce4acf142fc2fe533c1a179185b04fae,ETH,exploit,revokecash,malicious spender/exploit,Arcadia Finance Hack,2025-07-15
0xaf90a236b570eb5fbcb0caa1b777e90fa812d9e2,ETH,exploit,revokecash,malicious spender/exploit,Arcadia Finance Hack,2025-07-15
0x7d7ed202ddb591b4abac0b0e47d4c0cedd072994,ETH,exploit,revokecash,malicious spender/exploit,Arcadia Finance Hack,2025-07-15
0x8ea762809f9570c3baca9083c352c07d02e09056,ETH,exploit,revokecash,malicious spender/exploit,Arcadia Finance Hack,2025-07-15
0x884a5e131cb3524cae54a02c7704a77ed251f029,ETH,exploit,revokecash,malicious spender/exploit,Arcadia Finance Hack,2025-07-15
0x859f021d8bf7e3715a9a1c480ccb3ddc27fa7c51,ETH,exploit,revokecash,malicious spender/exploit,Arcadia Finance Hack,2025-07-15
0x0c54555551956de18cd4cd3d0e5b45692aee8f01,ETH,exploit,revokecash,malicious spender/exploit,Arcadia Finance Hack,2025-07-15
0xfcc506cf251b7f632d2ed8e54c3798f8db1864b9,ETH,exploit,revokecash,malicious spender/exploit,Arcadia Finance Hack,2025-07-15
0x5e4b2ff20e4491c39e521646123753b7fb11e1a6,ETH,exploit,revokecash,malicious spender/exploit,Arcadia Finance Hack,2025-07-15
0x61db1bbb4305aecd73cf07a462625a0dd5b80b18,ETH,exploit,revokecash,malicious spender/exploit,Arcadia Finance Hack,2025-07-15
0xbcb7973bd7f94d6bbe482981062b3955edd274f7,ETH,exploit,revokecash,malicious spender/exploit,Arcadia Finance Hack,2025-07-15
0xddd87afb65f7388a9634baebb6f610330fd2f613,ETH,exploit,revokecash,malicious spender/exploit,Arcadia Finance Hack,2025-07-15
0xdffc5d2cc484ad2997f484658f75f829a32b27ec,ETH,exploit,revokecash,malicious spender/exploit,Arcadia Finance Hack,2025-07-15
0x5f82d1a7c0bc131c0d8166a5b1a75396df191d6d,ETH,exploit,revokecash,malicious spender/exploit,Arcadia Finance Hack,2025-07-15
0x8a6a43df5373fd1e24a23bfa72cf443a45a32619,ETH,exploit,revokecash,malicious spender/exploit,Arcadia Finance Hack,2025-07-15
0x3581a4ce3d231bf9b13f837bed10c8a3b9cc4af3,ETH,exploit,revokecash,malicious spender/exploit,Arcadia Finance Hack,2025-07-15
0x19a75029efabfef2292485bfc5c67807a90d962c,ETH,exploit,revokecash,malicious spender/exploit,Arcadia Finance Hack,2025-07-15
0xc290b736f5ba12495b41f7ebc93b1435549fc19c,ETH,exploit,revokecash,malicious spender/exploit,Arcadia Finance Hack,2025-07-15
0xa8bc9ce3a93588f20f296155a95f3d46429be982,ETH,exploit,revokecash,malicious spender/exploit,Arcadia Finance Hack,2025-07-15
0x7203a0e223b452c0795f6fcdd14604dbc1de65a2,ETH,exploit,revokecash,malicious spender/exploit,Arcadia Finance Hack,2025-07-15
0xffb49e0d74252745554eb1521a5cb5916b40c026,ETH,exploit,revokecash,malicious spender/exploit,Arcadia Finance Hack,2025-07-15
0xb2f1de9c6ce65d2ffe18cc8f55eb77c6697d6417,ETH,exploit,revokecash,malicious spender/exploit,Arcadia Finance Hack,2025-07-15
0x2d92a659b627d6dc161bcec75d7bd037d607e9f2,ETH,exploit,revokecash,malicious spender/exploit,Arcadia Finance Hack,2025-07-15
0xf10a9d85405ce21789dc2f35fce7cd13d9d5f906,ETH,exploit,revokecash,malicious spender/exploit,Arcadia Finance Hack,2025-07-15
0xcff4007ee4fa7272afb36719bbc6a7ba9e80f434,ETH,exploit,revokecash,malicious spender/exploit,Arcadia Finance Hack,2025-07-15
0x3e4cd17b6c251fa88cbb40cc5e38f38162b871ea,ETH,exploit,revokecash,malicious spender/exploit,Arcadia Finance Hack,2025-07-15
0xd857f0e0b4ea7247c06d785035dace73faa282fe,ETH,exploit,revokecash,malicious spender/exploit,Arcadia Finance Hack,2025-07-15
0x4000a40f4313c6a78b36b10cfd395dee01dd1652,ETH,exploit,revokecash,malicious spender/exploit,Arcadia Finance Hack,2025-07-15
0x2af7f7bf17c52876ce52dca76f70b0931eeb124d,ETH,exploit,revokecash,malicious spender/exploit,Arcadia Finance Hack,2025-07-15
0x872c2883a8d7a5c8d47a3ab2bba65179916d74fb,ETH,exploit,revokecash,malicious spender/exploit,Arcadia Finance Hack,2025-07-15
0xd15b910daf70b92c213a6bd63c61c9f7efe353f8,ETH,exploit,revokecash,malicious spender/exploit,Arcadia Finance Hack,2025-07-15
0x40507b6958bf5550f29e254332fd22d29892ac2a,ETH,exploit,revokecash,malicious spender/exploit,Arcadia Finance Hack,2025-07-15
0x798d5025ab6b7d2113daee8933f3cfc87a9736c5,ETH,exploit,revokecash,malicious spender/exploit,Arcadia Finance Hack,2025-07-15
0xde78d7ad2e2f95d13f493dbfea57c5594af9a7af,ETH,exploit,revokecash,malicious spender/exploit,Arcadia Finance Hack,2025-07-15
0xab277b8b93ec71dd0537905f022a5a7dbbde855d,ETH,exploit,revokecash,malicious spender/exploit,Arcadia Finance Hack,2025-07-15
0xba05055791d117e4be568fcbfe5111ffdd82deaa,ETH,exploit,revokecash,malicious spender/exploit,Arcadia Finance Hack,2025-07-15
0xdf5a9b92d459e969cae525014bb68f51037ac61d,ETH,exploit,revokecash,malicious spender/exploit,Arcadia Finance Hack,2025-07-15
0xceab638d6c4a9b095484ac0d055e6afc62d1d723,ETH,exploit,revokecash,malicious spender/exploit,Arcadia Finance Hack,2025-07-15
0x10ff16da1a09d4c4238ec2e76c268a5d31ef358b,ETH,exploit,revokecash,malicious spender/exploit,Arcadia Finance Hack,2025-07-15
0x8f2bd3b876538fc2465370868592ea5e56349020,ETH,exploit,revokecash,malicious spender/exploit,Arcadia Finance Hack,2025-07-15
0x20a9c863cf2dbad169ff0e95671aaae01fdfcd4f,ETH,exploit,revokecash,malicious spender/exploit,Arcadia Finance Hack,2025-07-15
0xf90e268b3c8f3468b7c4bfb248a1f98b83f07b1e,ETH,exploit,revokecash,malicious spender/exploit,Arcadia Finance Hack,2025-07-15
0xade47598aa3b5cb7a62b9af3e16d19c0783c7efa,ETH,exploit,revokecash,malicious spender/exploit,Arcadia Finance Hack,2025-07-15
0x6c54decf8d666ad73e2f352c6799ec1f12dfbbc2,ETH,exploit,revokecash,malicious spender/exploit,Arcadia Finance Hack,2025-07-15
0xd357b0f5cd82c024216225a9ab32750700944f00,ETH,exploit,revokecash,malicious spender/exploit,Arcadia Finance Hack,2025-07-15
0x3bf648a35aa2b9fa62b3bcd1730789b7addc38d9,ETH,exploit,revokecash,malicious spender/exploit,Arcadia Finance Hack,2025-07-15
0x6db7d24c5cf558934b49442ce7e3845d226b5fa2,ETH,exploit,revokecash,malicious spender/exploit,Arcadia Finance Hack,2025-07-15
0x18584222b1769ebc3ea13401a71c05fbb17b25d2,ETH,exploit,revokecash,malicious spender/exploit,Arcadia Finance Hack,2025-07-15
0xbfbc106c120a82d1336eb9de41562b5f668063f4,ETH,exploit,revokecash,malicious spender/exploit,Arcadia Finance Hack,2025-07-15
0xbe4e19d7656de1b8015013315bad09d1575ad99e,ETH,exploit,revokecash,malicious spender/exploit,Arcadia Finance Hack,2025-07-15
0xb364dcdfa76670c6bdee6ab8e7373724a4db4375,ETH,exploit,revokecash,malicious spender/exploit,Arcadia Finance Hack,2025-07-15
0xbe8a9df1c14966f550d5e7df3589ab73324f4ef6,ETH,exploit,revokecash,malicious spender/exploit,Arcadia Finance Hack,2025-07-15
0x432a00a5f074fbd146b376f2bf659f48ff6be5d0,ETH,exploit,revokecash,malicious spender/exploit,Arcadia Finance Hack,2025-07-15
0x832a5a231f9d00d6b01fe9743609c515683b3fa3,ETH,exploit,revokecash,malicious spender/exploit,Arcadia Finance Hack,2025-07-15
0x7d1432fb61cdfeb4a482d6de5f71da7ddb6c0da2,ETH,exploit,revokecash,malicious spender/exploit,Arcadia Finance Hack,2025-07-15
0x236d6f7192f5083cd46a07042f182cdbbaf9e6a3,ETH,exploit,revokecash,malicious spender/exploit,Arcadia Finance Hack,2025-07-15
0x8f83babb05f888f30f33c3d11236385b6d8352c2,ETH,exploit,revokecash,malicious spender/exploit,Arcadia Finance Hack,2025-07-15
0xe7e19de3056561553591690b9cf5fca1c300c193,ETH,exploit,revokecash,malicious spender/exploit,Arcadia Finance Hack,2025-07-15
0x3571f3568e3aced8a7ab932f129f94e57aa3d1b4,ETH,exploit,revokecash,malicious spender/exploit,Arcadia Finance Hack,2025-07-15
0x0e7bf2e645d9b7490e7c68e533123f4bb242776f,ETH,exploit,revokecash,malicious spender/exploit,Arcadia Finance Hack,2025-07-15
0x34a8815b0654a7ff46acb97b94501a8ccbe3e0b5,ETH,exploit,revokecash,malicious spender/exploit,Arcadia Finance Hack,2025-07-15
0x953f4a91a569595547baf6311fe516b9d2a3be01,ETH,exploit,revokecash,malicious spender/exploit,Arcadia Finance Hack,2025-07-15
0x8a06db130fbc181f041f2c2259c22aedd326acdf,ETH,exploit,revokecash,malicious spender/exploit,Arcadia Finance Hack,2025-07-15
0x0bf4e76caabd1b19e937c9cc2112f25d3a166cbc,ETH,exploit,revokecash,malicious spender/exploit,Arcadia Finance Hack,2025-07-15
0x7ead00e5a80c1c485c6ddd9ce757fc927d809e29,ETH,exploit,revokecash,malicious spender/exploit,Arcadia Finance Hack,2025-07-15
0x0740e54f19454ca8efd81cd7fa71f8b393ede853,ETH,exploit,revokecash,malicious spender/exploit,Arcadia Finance Hack,2025-07-15
0x7163d4fa327a89c7c24a0655ca02bcb4636ab98f,ETH,exploit,revokecash,malicious spender/exploit,Arcadia Finance Hack,2025-07-15
0x3ea12564741a217b0b6f7d14f78514abe3a170ce,ETH,exploit,revokecash,malicious spender/exploit,Arcadia Finance Hack,2025-07-15
0x8a08f5d40e28a37cb002a87a8a822402384630fb,ETH,exploit,revokecash,malicious spender/exploit,Arcadia Finance Hack,2025-07-15
0x3ebc246f91d7dd20fbc12f47560d022e3e0aa9d0,ETH,exploit,revokecash,malicious spender/exploit,Arcadia Finance Hack,2025-07-15
0x4acdae86346c79ebc8ebc431c3c626178fa0c0d2,ETH,exploit,revokecash,malicious spender/exploit,Arcadia Finance Hack,2025-07-15
0x28c4e8c3194459b2086ede824709cb5cdd20717b,ETH,exploit,revokecash,malicious spender/exploit,Arcadia Finance Hack,2025-07-15
0x37b9ca3d02a58f497967370eebb4b56f19f15523,ETH,exploit,revokecash,malicious spender/exploit,Arcadia Finance Hack,2025-07-15
0x3d038e4970ece1425c6ac53573165fc85dbfd62a,ETH,exploit,revokecash,malicious spender/exploit,Arcadia Finance Hack,2025-07-15
0xf50c1845d60660f4c7a588b6d012bdaca3d572c6,ETH,exploit,revokecash,malicious spender/exploit,Arcadia Finance Hack,2025-07-15
0x5b98c721d2a2a5b4892b85c3e747bf47d4767edb,ETH,exploit,revokecash,malicious spender/exploit,Arcadia Finance Hack,2025-07-15
0x7c7f7fbc127700e6591201f2b7782f2325a4900e,ETH,exploit,revokecash,malicious spender/exploit,Arcadia Finance Hack,2025-07-15
0x1bf2c41ed3651ce70150d00d0b816d11884a1521,ETH,exploit,revokecash,malicious spender/exploit,Arcadia Finance Hack,2025-07-15
0xb43cdb3e3b6ff7ecb3be915144a5fa43e0523bf3,ETH,exploit,revokecash,malicious spender/exploit,Arcadia Finance Hack,2025-07-15
0x886cd465bf19d4d50f0435d79f548ed911f8b9a7,ETH,exploit,revokecash,malicious spender/exploit,Arcadia Finance Hack,2025-07-15
0x7ffeeba292c87543c665c88dab79c6acc14ef0a0,ETH,exploit,revokecash,malicious spender/exploit,Arcadia Finance Hack,2025-07-15
0x14edbba051ea88358cb0683e66c7cd1c8c898f80,ETH,exploit,revokecash,malicious spender/exploit,Arcadia Finance Hack,2025-07-15
0x5fb6e13ec9e079d396bb451aea3992617854ab13,ETH,exploit,revokecash,malicious spender/exploit,Arcadia Finance Hack,2025-07-15
0x31574ed0756debe6861877677731bfa7b4027044,ETH,exploit,revokecash,malicious spender/exploit,Arcadia Finance Hack,2025-07-15
0x47d10bb843ed8a709ac838ac607ee4d1d6920065,ETH,exploit,revokecash,malicious spender/exploit,Arcadia Finance Hack,2025-07-15
0x09eb8e59717d394c0b86b727960546bc9a70db75,ETH,exploit,revokecash,malicious spender/exploit,Arcadia Finance Hack,2025-07-15
0x688379c13eb0b67e294654da607023d8fe83793c,ETH,exploit,revokecash,malicious spender/exploit,Arcadia Finance Hack,2025-07-15
0x30881b8b05de58742ccaa20befab019ac86c7937,ETH,exploit,revokecash,malicious spender/exploit,Arcadia Finance Hack,2025-07-15
0xa234f2ab1d62a9b89e8d207a47a6e32a651d343a,ETH,exploit,revokecash,malicious spender/exploit,Arcadia Finance Hack,2025-07-15
0x8d8f2d0507e44971924e74f7be616b7abd02c734,ETH,exploit,revokecash,malicious spender/exploit,Arcadia Finance Hack,2025-07-15
0xe7429b10dfa784de4b8cc146dac9c27bc387112c,ETH,exploit,revokecash,malicious spender/exploit,Arcadia Finance Hack,2025-07-15
0xf408abd479a0349a67cc9046353ce7609d475178,ETH,exploit,revokecash,malicious spender/exploit,Arcadia Finance Hack,2025-07-15
0x51259751e992c4121960c8e047cbf53516ee8cd6,ETH,exploit,revokecash,malicious spender/exploit,Arcadia Finance Hack,2025-07-15
0xdf4052ebef1acfad1168332aab610be0a41f7e23,ETH,exploit,revokecash,malicious spender/exploit,Arcadia Finance Hack,2025-07-15
0x50c9525a0086f196da6152617ee7d209eac8dbd0,ETH,exploit,revokecash,malicious spender/exploit,Arcadia Finance Hack,2025-07-15
0x2e6ab819beef8718cdb4ea885508162ce8b199fd,ETH,exploit,revokecash,malicious spender/exploit,Arcadia Finance Hack,2025-07-15
0x3a7a538137cb993917a9c0f58a320f12a8babdc1,ETH,exploit,revokecash,malicious spender/exploit,Arcadia Finance Hack,2025-07-15
0x7ef911585b9e27ba2232d8e075d66e64cbda234b,ETH,exploit,revokecash,malicious spender/exploit,Arcadia Finance Hack,2025-07-15
0x3cf41fc56bbcad473030382aaee24431db37c5bb,ETH,exploit,revokecash,malicious spender/exploit,Arcadia Finance Hack,2025-07-15
0x8e5387291489677011d16fd4c89ce8b8ce354296,ETH,exploit,revokecash,malicious spender/exploit,Arcadia Finance Hack,2025-07-15
0xeb88b999cca18790f69cddae61f37c7377c48a37,ETH,exploit,revokecash,malicious spender/exploit,Arcadia Finance Hack,2025-07-15
0x83dcf58094bde963cbf00c6b69fc74406faee18d,ETH,exploit,revokecash,malicious spender/exploit,Arcadia Finance Hack,2025-07-15
0x4359640bb581771769613c5e82c65707f245a503,ETH,exploit,revokecash,malicious spender/exploit,Arcadia Finance Hack,2025-07-15
0x59eac0b52fbe6a851cb6be7418616d83dfc4975b,ETH,exploit,revokecash,malicious spender/exploit,Arcadia Finance Hack,2025-07-15
0x0bd881201df6d72eddc1226d619a64da9decafe3,ETH,exploit,revokecash,malicious spender/exploit,Arcadia Finance Hack,2025-07-15
0x7a23c63bdd30249d166c80f9dd0524868baa6de3,ETH,exploit,revokecash,malicious spender/exploit,Arcadia Finance Hack,2025-07-15
0x9714638e1fb03236404f969d8c041b9651859fb1,ETH,exploit,revokecash,malicious spender/exploit,Arcadia Finance Hack,2025-07-15
0x4ab598ef57cccde288491f17a492b14026f2259e,ETH,exploit,revokecash,malicious spender/exploit,Arcadia Finance Hack,2025-07-15
0xd9e441a89f05d2748042caccbd2dd841f2bba2f4,ETH,exploit,revokecash,malicious spender/exploit,Arcadia Finance Hack,2025-07-15
0x309ffa04b63427e408a31f51f770311b533a1481,ETH,exploit,revokecash,malicious spender/exploit,Arcadia Finance Hack,2025-07-15
0x0bd6580628fcaf91f1792366c1d6f7a1e199b19f,ETH,exploit,revokecash,malicious spender/exploit,Arcadia Finance Hack,2025-07-15
0xa3635ceea680ea7a9cf69233b05616b65ad9e367,ETH,exploit,revokecash,malicious spender/exploit,Arcadia Finance Hack,2025-07-15
0xa38d38bac55563a607d5a2782168c0db5b737ab6,ETH,exploit,revokecash,malicious spender/exploit,Arcadia Finance Hack,2025-07-15
0x24082636a0471db2cd13be190824b24c1af3f197,ETH,exploit,revokecash,malicious spender/exploit,Arcadia Finance Hack,2025-07-15
0xd70872be6cffc49fd5eeac0716340ae61e1f8589,ETH,exploit,revokecash,malicious spender/exploit,Arcadia Finance Hack,2025-07-15
0x673beed3d5231e470623d3e16d0971c2e1b760a7,ETH,exploit,revokecash,malicious spender/exploit,Arcadia Finance Hack,2025-07-15
0xc51cfc16a711c5b3a4edf35468d7fd69999c41c9,ETH,exploit,revokecash,malicious spender/exploit,Arcadia Finance Hack,2025-07-15
0xdfec4db2b2f1497345f3f4f31e6aafffe5510aed,ETH,exploit,revokecash,malicious spender/exploit,Arcadia Finance Hack,2025-07-15
0xc22ea64a02940f234872af3c2a5bc3511b0be391,ETH,exploit,revokecash,malicious spender/exploit,Arcadia Finance Hack,2025-07-15
0xe97623b2708f5b333147b4fb90f01ad12ba416c6,ETH,exploit,revokecash,malicious spender/exploit,Arcadia Finance Hack,2025-07-15
0x21ecf4a3e3dd072f7e862f11363275ceb493c65d,ETH,exploit,revokecash,malicious spender/exploit,Arcadia Finance Hack,2025-07-15
0xc0dab5b6bc5be3f3e6c29a8b8a8a470c886eb531,ETH,exploit,revokecash,malicious spender/exploit,Arcadia Finance Hack,2025-07-15
0x8dc0893d4cc274f691b93921fcfbe9b6b9c22364,ETH,exploit,revokecash,malicious spender/exploit,Arcadia Finance Hack,2025-07-15
0xc9a271450f035448bc475e0baa9d14e7863df3f7,ETH,exploit,revokecash,malicious spender/exploit,Arcadia Finance Hack,2025-07-15
0xf2bac9aa50c75b3296455647930e0f1c4fde8d4d,ETH,exploit,revokecash,malicious spender/exploit,Arcadia Finance Hack,2025-07-15
0x0b7bc4898da2d7d466da364610a63ade079bbab0,ETH,exploit,revokecash,malicious spender/exploit,Arcadia Finance Hack,2025-07-15
0xc274b11193a02a0281ab78b74ca987ae83f9bd3c,ETH,exploit,revokecash,malicious spender/exploit,Arcadia Finance Hack,2025-07-15
0xaee1c1caeb8280f35f65a750dec432e0119bc1d6,ETH,exploit,revokecash,malicious spender/exploit,Arcadia Finance Hack,2025-07-15
0xa803fb0bcc8777a86894158863eb87630c69effa,ETH,exploit,revokecash,malicious spender/exploit,Arcadia Finance Hack,2025-07-15
0x17f81cbd5076b5f4fff54c5ead02d9d86e7db271,ETH,exploit,revokecash,malicious spender/exploit,Arcadia Finance Hack,2025-07-15
0x3599729c3ec88ac3db1702a4d5cd9d2fbc738063,ETH,exploit,revokecash,malicious spender/exploit,Arcadia Finance Hack,2025-07-15
0xa39fc14fccc6e9a7405547f084af19844d638535,ETH,exploit,revokecash,malicious spender/exploit,Arcadia Finance Hack,2025-07-15
0x49dbeb79527d4ff8339045eef37f720b857821f8,ETH,exploit,revokecash,malicious spender/exploit,Arcadia Finance Hack,2025-07-15
0xdbb9bce9e2ca1ada44950e1d812d4aec21f38429,ETH,exploit,revokecash,malicious spender/exploit,Arcadia Finance Hack,2025-07-15
0xa9a151f23cd997d43a8f9e2e31446b5668d1d954,ETH,exploit,revokecash,malicious spender/exploit,Arcadia Finance Hack,2025-07-15
0xebf76189cc869c4371a3fc44e00426612ae49914,ETH,exploit,revokecash,malicious spender/exploit,Arcadia Finance Hack,2025-07-15
0xf9fcfb77bde92e44b62b39332a134b040c1c3feb,ETH,exploit,revokecash,malicious spender/exploit,Arcadia Finance Hack,2025-07-15
0xf6d47f411e846ef4de5394e6c6f8915b805a5fe4,ETH,exploit,revokecash,malicious spender/exploit,Arcadia Finance Hack,2025-07-15
0x595833861eea26f89fee56872c223d8625c5475a,ETH,exploit,revokecash,malicious spender/exploit,Arcadia Finance Hack,2025-07-15
0xe0684bda027cc29b775a72cff80aa184d1fd2611,ETH,exploit,revokecash,malicious spender/exploit,Arcadia Finance Hack,2025-07-15
0xb222d82a47321b70e3b3a9d74fba13637430fab0,ETH,exploit,revokecash,malicious spender/exploit,Arcadia Finance Hack,2025-07-15
0xe5969d244c8710d5f301d048d9eb6102d4100951,ETH,exploit,revokecash,malicious spender/exploit,Arcadia Finance Hack,2025-07-15
0x7c98075f72a997327f82b3a253f03805ef8231dd,ETH,exploit,revokecash,malicious spender/exploit,Arcadia Finance Hack,2025-07-15
0x1ca9f5cd69f613682d1a393786e22eb621c5a3a4,ETH,exploit,revokecash,malicious spender/exploit,Arcadia Finance Hack,2025-07-15
0xc2e5c967f17c93495ef47fda834a78907251a0ec,ETH,exploit,revokecash,malicious spender/exploit,Arcadia Finance Hack,2025-07-15
0x3ce3885606c50b121b7ff37c5f8da52517c49184,ETH,exploit,revokecash,malicious spender/exploit,Arcadia Finance Hack,2025-07-15
0xbfcfcdaf2191fe13a770b8e3b54cfc4ea2941a47,ETH,exploit,revokecash,malicious spender/exploit,Arcadia Finance Hack,2025-07-15
0xf97d508d409c17a3d8bc76be195470e40ea7fd99,ETH,exploit,revokecash,malicious spender/exploit,Arcadia Finance Hack,2025-07-15
0xe5a2b36e3c60ca907ed1eb76a24018de1490b41b,ETH,exploit,revokecash,malicious spender/exploit,Arcadia Finance Hack,2025-07-15
0xb0138d0031d78f0cff2438b0079ad19f8f13024c,ETH,exploit,revokecash,malicious spender/exploit,Arcadia Finance Hack,2025-07-15
0xcba1801fc4b66ee8dd49dcd9d5997ef07cf99d3f,ETH,exploit,revokecash,malicious spender/exploit,Arcadia Finance Hack,2025-07-15
0x882d2803b03d2f995153f0f3f4367e80348197ac,ETH,exploit,revokecash,malicious spender/exploit,Arcadia Finance Hack,2025-07-15
0x9a69ad2a6b6aa5b79eef8c3c361fa94159bb7bac,ETH,exploit,revokecash,malicious spender/exploit,Arcadia Finance Hack,2025-07-15
0x80d5dfbf5799291269f24b4011912442bf9d6847,ETH,exploit,revokecash,malicious spender/exploit,Arcadia Finance Hack,2025-07-15
0x7f9b6c8920f2e2d2d8b630a3948b3cff4494810c,ETH,exploit,revokecash,malicious spender/exploit,Arcadia Finance Hack,2025-07-15
0x24e16c8f401e9e86533f415e365ef387152504c1,ETH,exploit,revokecash,malicious spender/exploit,Arcadia Finance Hack,2025-07-15
0x901915aa15500d2a5778906509d60bbed2916736,ETH,exploit,revokecash,malicious spender/exploit,Arcadia Finance Hack,2025-07-15
0x9ff658d546d4e73ae543c38e665925fb39129de8,ETH,exploit,revokecash,malicious spender/exploit,Arcadia Finance Hack,2025-07-15
0xc7bc91f59a70f0bf16c600683ffdc78026e27ab8,ETH,exploit,revokecash,malicious spender/exploit,Arcadia Finance Hack,2025-07-15
0xcff38a2d5603f31a479b6074b20e2fd2c1e2beee,ETH,exploit,revokecash,malicious spender/exploit,Arcadia Finance Hack,2025-07-15
0x6ab33c6df5b3ec5273cd25465a16b32133b80b32,ETH,exploit,revokecash,malicious spender/exploit,Arcadia Finance Hack,2025-07-15
0xc5c82bbacbf7c27e696ea8f3216e4d8481aa7e10,ETH,exploit,revokecash,malicious spender/exploit,Arcadia Finance Hack,2025-07-15
0xdd343181071cd14f11ee8a978c261c0c84090a1f,ETH,exploit,revokecash,malicious spender/exploit,Arcadia Finance Hack,2025-07-15
0xde012e2727a374d8d6b22fe201ec0defab3fa075,ETH,exploit,revokecash,malicious spender/exploit,Arcadia Finance Hack,2025-07-15
0x04e11bcbaa6e61b9aa3b269c81889de5e30753e9,ETH,exploit,revokecash,malicious spender/exploit,Arcadia Finance Hack,2025-07-15
0x4ee3a65e23645f031234b6f442774a678451554b,ETH,exploit,revokecash,malicious spender/exploit,Arcadia Finance Hack,2025-07-15
0x3b92c4ba19df56b9603bbca578b8fc7933173eea,ETH,exploit,revokecash,malicious spender/exploit,Arcadia Finance Hack,2025-07-15
0xefbac8ca72d7cf17207498ca5f878b8e455c36c8,ETH,exploit,revokecash,malicious spender/exploit,Arcadia Finance Hack,2025-07-15
0xb05ca23177b8d528043cbc3b1a74ef9bd3d6687b,ETH,exploit,revokecash,malicious spender/exploit,Arcadia Finance Hack,2025-07-15
0xcf67d8c58e2a0580912bac53de606254b5a020df,ETH,exploit,revokecash,malicious spender/exploit,Arcadia Finance Hack,2025-07-15
0x981a42d5c533827428fbbb8ac9f727baeac87a41,ETH,exploit,revokecash,malicious spender/exploit,Arcadia Finance Hack,2025-07-15
0x11df53f4fdcf5cfe99c27caf68ac56002bb7c814,ETH,exploit,revokecash,malicious spender/exploit,Arcadia Finance Hack,2025-07-15
0x525eb176b1ac663f960c6a3ceca5a9c0135ad647,ETH,exploit,revokecash,malicious spender/exploit,Arcadia Finance Hack,2025-07-15
0x820af2c2e54955894bc6d14335a77e31221f9215,ETH,exploit,revokecash,malicious spender/exploit,Arcadia Finance Hack,2025-07-15
0xc720c7c569ac005441d210502d9df45d3bb3f278,ETH,exploit,revokecash,malicious spender/exploit,Arcadia Finance Hack,2025-07-15
0x9450f1162d0487e8a22b574776cb26a0f4ef6165,ETH,exploit,revokecash,malicious spender/exploit,Arcadia Finance Hack,2025-07-15
0x15bead588cc468c7ff69039eef262bba01bdf6c4,ETH,exploit,revokecash,malicious spender/exploit,Arcadia Finance Hack,2025-07-15
0xa3b83d6f653179453c456ea6ff8988470bdefdbf,ETH,exploit,revokecash,malicious spender/exploit,Arcadia Finance Hack,2025-07-15
0x28aec40183f766ce5de38a254df6769ada2adbef,ETH,exploit,revokecash,malicious spender/exploit,Arcadia Finance Hack,2025-07-15
0xb89991d00765a7aaa1de2c9c108e9a0a743b542e,ETH,exploit,revokecash,malicious spender/exploit,Arcadia Finance Hack,2025-07-15
0x2edb2f7917c6add373b6364740c7dd6500ee232b,ETH,exploit,revokecash,malicious spender/exploit,Arcadia Finance Hack,2025-07-15
0x0bf3467045999836a9349e5866b6d7c61c77781e,ETH,exploit,revokecash,malicious spender/exploit,Arcadia Finance Hack,2025-07-15
0x2fed142fc444b16456155d3d428fadc231facee7,ETH,exploit,revokecash,malicious spender/exploit,Arcadia Finance Hack,2025-07-15
0xd7c1143c753415a07bbb8a9395f9a7d4a18cd1de,ETH,exploit,revokecash,malicious spender/exploit,Arcadia Finance Hack,2025-07-15
0x8cebac9950913bae2dd88b1a2ffa0b6632d22107,ETH,exploit,revokecash,malicious spender/exploit,Arcadia Finance Hack,2025-07-15
0xe13e62c831d0149eb44415a0de75fbaf309a84a3,ETH,exploit,revokecash,malicious spender/exploit,Arcadia Finance Hack,2025-07-15
0x0632c8e8922795e67d670b3c92a82a171e08b289,ETH,exploit,revokecash,malicious spender/exploit,Arcadia Finance Hack,2025-07-15
0x09475eadafc4e980e0d90e717417b71cd0fe75b9,ETH,exploit,revokecash,malicious spender/exploit,Arcadia Finance Hack,2025-07-15
0xbcb536082805d1f7a28a2a103535f44761f60767,ETH,exploit,revokecash,malicious spender/exploit,Arcadia Finance Hack,2025-07-15
0x31572f387621e86da7000ccdfae9c1da4e89d170,ETH,exploit,revokecash,malicious spender/exploit,Arcadia Finance Hack,2025-07-15
0x459cc877df0cce36f0886256f563b8ea03eab975,ETH,exploit,revokecash,malicious spender/exploit,Arcadia Finance Hack,2025-07-15
0xe81f6d68871f9177bc62fe6f4b2a64a003ca7770,ETH,exploit,revokecash,malicious spender/exploit,Arcadia Finance Hack,2025-07-15
0xbf7d83fc7109fdb12c17bf7aa49fb8bf345953ca,ETH,exploit,revokecash,malicious spender/exploit,Arcadia Finance Hack,2025-07-15
0xe137cdced0632256071d55d865b9bfee9fbc7cdd,ETH,exploit,revokecash,malicious spender/exploit,Arcadia Finance Hack,2025-07-15
0xb0e74fa65a2d438a4cf3d67f2ed5fb349bfd424c,ETH,exploit,revokecash,malicious spender/exploit,Arcadia Finance Hack,2025-07-15
0xbbde180ff54eee0775e3e4510597d88919e5b8f2,ETH,exploit,revokecash,malicious spender/exploit,Arcadia Finance Hack,2025-07-15
0xfccfe40ad79a19631e84477970bd84e02e96b621,ETH,exploit,revokecash,malicious spender/exploit,Arcadia Finance Hack,2025-07-15
0x3deea6eee56884441cc030e9557ff8ca5d540bb5,ETH,exploit,revokecash,malicious spender/exploit,Arcadia Finance Hack,2025-07-15
0x792186832e6ec54cc9aeb481194a363da21d1122,ETH,exploit,revokecash,malicious spender/exploit,Arcadia Finance Hack,2025-07-15
0xb5f8bfb73018ce46e5108ebed06c22e3a4a8ba30,ETH,exploit,revokecash,malicious spender/exploit,Arcadia Finance Hack,2025-07-15
0x9df0ec7a831223ffb7217116779fc0ac069959d6,ETH,exploit,revokecash,malicious spender/exploit,Arcadia Finance Hack,2025-07-15
0x7352aa33e15e3580b1f77b6dcaf05dd7df7f888e,ETH,exploit,revokecash,malicious spender/exploit,Arcadia Finance Hack,2025-07-15
0x6204f29f5b98b31c6d9faaa6ff3516f49a989a6e,ETH,exploit,revokecash,malicious spender/exploit,Arcadia Finance Hack,2025-07-15
0x3def23178f4e1440158ca7f48e9a1628042dcddc,ETH,exploit,revokecash,malicious spender/exploit,Arcadia Finance Hack,2025-07-15
0xa32785eed10420092f2c4609115095361f78a37a,ETH,exploit,revokecash,malicious spender/exploit,Arcadia Finance Hack,2025-07-15
0x942eb8b82f88afd606a0a6c0b02a7a9352df56f5,ETH,exploit,revokecash,malicious spender/exploit,Arcadia Finance Hack,2025-07-15
0x778a1d36382ef4f3f795c86c56e44217bb911dc2,ETH,exploit,revokecash,malicious spender/exploit,Arcadia Finance Hack,2025-07-15
0xfa9abeb996a7f9a99b2b86ff77173a9ebae66e1c,ETH,exploit,revokecash,malicious spender/exploit,Arcadia Finance Hack,2025-07-15
0xe6e13f1d0ab9b7492fbade448a58d13ec585aa23,ETH,exploit,revokecash,malicious spender/exploit,Arcadia Finance Hack,2025-07-15
0x1162c62c37bf4ea45dcdf907e69c81581bb3bb71,ETH,exploit,revokecash,malicious spender/exploit,Arcadia Finance Hack,2025-07-15
0x91f7bf6c520d853ccb2c1d1fc18cf3d44cee385b,ETH,exploit,revokecash,malicious spender/exploit,Arcadia Finance Hack,2025-07-15
0xaf417ac89541a997abfda2b66e212d2431aa1ae2,ETH,exploit,revokecash,malicious spender/exploit,Arcadia Finance Hack,2025-07-15
0xb8e207d1fde37b23d2910b54b50a420d801234e3,ETH,exploit,revokecash,malicious spender/exploit,Arcadia Finance Hack,2025-07-15
0x634c13fe73652cd79160b49602e0802b20bffc82,ETH,exploit,revokecash,malicious spender/exploit,Arcadia Finance Hack,2025-07-15
0x4f90dafbdcf968d4628a0bfcb8737b009885ddce,ETH,exploit,revokecash,malicious spender/exploit,Arcadia Finance Hack,2025-07-15
0xe9677d1519fc892e66a4a7428985b04afbdb11b4,ETH,exploit,revokecash,malicious spender/exploit,Arcadia Finance Hack,2025-07-15
0xbb7feb98da26d299d413b04530bc4f52cd1d5cd2,ETH,exploit,revokecash,malicious spender/exploit,Arcadia Finance Hack,2025-07-15
0x07e89d529953ff73e278acaa922857a803f42b68,ETH,exploit,revokecash,malicious spender/exploit,Arcadia Finance Hack,2025-07-15
0x16fbbd3a51eb6cf71e660a2c8d808598ddd8595e,ETH,exploit,revokecash,malicious spender/exploit,Arcadia Finance Hack,2025-07-15
0xc86b1d87258adffdcdaeaf592903d2bc5dd901fd,ETH,exploit,revokecash,malicious spender/exploit,Arcadia Finance Hack,2025-07-15
0x3887124d4e8bfce838ed8ecd6f0c9500d87afe94,ETH,exploit,revokecash,malicious spender/exploit,Arcadia Finance Hack,2025-07-15
0x36bc223a1140a602074def2a60c7122c786903a9,ETH,exploit,revokecash,malicious spender/exploit,Arcadia Finance Hack,2025-07-15
0xc40c15c7cf344bee678a346f4969b5bfcafef94b,ETH,exploit,revokecash,malicious spender/exploit,Arcadia Finance Hack,2025-07-15
0xb2993117eae51974807574946c4ed48a362b21e3,ETH,exploit,revokecash,malicious spender/exploit,Arcadia Finance Hack,2025-07-15
0x3ec7a75a2bc745a73acba20eda5273387059a033,ETH,exploit,revokecash,malicious spender/exploit,Arcadia Finance Hack,2025-07-15
0x73e7fcb8a2551f5226dacd46f9993087b5bd3a37,ETH,exploit,revokecash,malicious spender/exploit,Arcadia Finance Hack,2025-07-15
0x6cce56df122316d0da338dae543518de732b5fce,ETH,exploit,revokecash,malicious spender/exploit,Arcadia Finance Hack,2025-07-15
0xf3bf6be5d65bdf52040890b52c68bd1ae9b0b483,ETH,exploit,revokecash,malicious spender/exploit,Arcadia Finance Hack,2025-07-15
0xf7a931c3f9a81fcd9ff8e29e79714dbbd59d93bf,ETH,exploit,revokecash,malicious spender/exploit,Arcadia Finance Hack,2025-07-15
0xd47211e10485502d191b856263d9206f97d0d3e6,ETH,exploit,revokecash,malicious spender/exploit,Arcadia Finance Hack,2025-07-15
0x9767a6a37317779154c3ef91d78b63639d79cb40,ETH,exploit,revokecash,malicious spender/exploit,Arcadia Finance Hack,2025-07-15
0x9a29474d72831623480a82b59f49225bfd32e857,ETH,exploit,revokecash,malicious spender/exploit,Arcadia Finance Hack,2025-07-15
0x382935097fd142fd167ed1d61fbfe014d7d63349,ETH,exploit,revokecash,malicious spender/exploit,Arcadia Finance Hack,2025-07-15
0x27427a036aadf7bf37d80ff08808b465daa0f701,ETH,exploit,revokecash,malicious spender/exploit,Arcadia Finance Hack,2025-07-15
0x010824dbe7624401a8edbc38308edc4ae8bfdef0,ETH,exploit,revokecash,malicious spender/exploit,Arcadia Finance Hack,2025-07-15
0xe4ba295a822277f24ec47cf55c533e5064df05a3,ETH,exploit,revokecash,malicious spender/exploit,Arcadia Finance Hack,2025-07-15
0xe78c6014e03ae1bbedbc6fbfe3662a86938d0937,ETH,exploit,revokecash,malicious spender/exploit,Arcadia Finance Hack,2025-07-15
0xf5d3336339aa7de2654f8672a12b190b7ea0821a,ETH,exploit,revokecash,malicious spender/exploit,Arcadia Finance Hack,2025-07-15
0xb17a15916bf9ec4ec871eb19836cc9ef29e09721,ETH,exploit,revokecash,malicious spender/exploit,Arcadia Finance Hack,2025-07-15
0xb96603b73460af74b7bd8d3171f90d7ae64d6d89,ETH,exploit,revokecash,malicious spender/exploit,Arcadia Finance Hack,2025-07-15
0xb287ec7e46bf98ad137bd21d5e9376a864099c0d,ETH,exploit,revokecash,malicious spender/exploit,Arcadia Finance Hack,2025-07-15
0xe32b2c4e643bd9da0ec95d4e5f4bf454d93bae1b,ETH,exploit,revokecash,malicious spender/exploit,Arcadia Finance Hack,2025-07-15
0xfa96fe04a9f2e2e251363561c03ef77de31939a7,ETH,exploit,revokecash,malicious spender/exploit,Arcadia Finance Hack,2025-07-15
0x670ddcd71a1883506e98e4afe26ccd674bcefd4d,ETH,exploit,revokecash,malicious spender/exploit,Arcadia Finance Hack,2025-07-15
0x35854b2ece414150775bac50b7d4405561fde121,ETH,exploit,revokecash,malicious spender/exploit,Arcadia Finance Hack,2025-07-15
0x6aec893a2fc8caa332f0d852e30815aaee3269f4,ETH,exploit,revokecash,malicious spender/exploit,Arcadia Finance Hack,2025-07-15
0xeb71fd10fb98444d3839ab946b1a48c85f67ada7,ETH,exploit,revokecash,malicious spender/exploit,Arcadia Finance Hack,2025-07-15
0xa7b2e2fd638ebe8e57719c96e5ed5e9e675aaa2d,ETH,exploit,revokecash,malicious spender/exploit,Arcadia Finance Hack,2025-07-15
0x959ffe3f17be60f1b57cd59931c825437beba5a4,ETH,exploit,revokecash,malicious spender/exploit,Arcadia Finance Hack,2025-07-15
0x3eff9912126ba2ef4c4346b750550d36ddeeef6b,ETH,exploit,revokecash,malicious spender/exploit,Arcadia Finance Hack,2025-07-15
0x3ce7f92e093cdfb3831b8cabb8116e8fc3c4ba10,ETH,exploit,revokecash,malicious spender/exploit,Arcadia Finance Hack,2025-07-15
0xe146a0fc13aab15a8e8c77e544decacbef80872b,ETH,exploit,revokecash,malicious spender/exploit,Arcadia Finance Hack,2025-07-15
0x21b4f189c4526c3d10682217af96b1048676381f,ETH,exploit,revokecash,malicious spender/exploit,Arcadia Finance Hack,2025-07-15
0x466c45be5ef165f7fc69c3f70e275428a5d4162f,ETH,exploit,revokecash,malicious spender/exploit,Arcadia Finance Hack,2025-07-15
0xb244f7b44718ca13ffbe13d924a2bf6ef7f9a3e9,ETH,exploit,revokecash,malicious spender/exploit,Arcadia Finance Hack,2025-07-15
0x0c645a81599b24fa099c6eaa79d6e358b7251b5f,ETH,exploit,revokecash,malicious spender/exploit,Arcadia Finance Hack,2025-07-15
0x5f441d0cd24a48268e5a3a30b07260ae022f9086,ETH,exploit,revokecash,malicious spender/exploit,Arcadia Finance Hack,2025-07-15
0x4e987787d6db4aa63f327cb3d3347dd5230b1111,ETH,exploit,revokecash,malicious spender/exploit,Arcadia Finance Hack,2025-07-15
0x07e10530d0d0f3ca66970ff556226151926f4c0e,ETH,exploit,revokecash,malicious spender/exploit,Arcadia Finance Hack,2025-07-15
0x360534adeca315e59334264a41dc447065d6e368,ETH,exploit,revokecash,malicious spender/exploit,Arcadia Finance Hack,2025-07-15
0xdb5f1d701380a63f0bdf054a439e8673fd85d6b4,ETH,exploit,revokecash,malicious spender/exploit,Arcadia Finance Hack,2025-07-15
0x7dc96632de70fa2349bbf1e61ba8eec6aa622a69,ETH,exploit,revokecash,malicious spender/exploit,Arcadia Finance Hack,2025-07-15
0xbecea8283ea360640349da400c7727e0d6d3707d,ETH,exploit,revokecash,malicious spender/exploit,Arcadia Finance Hack,2025-07-15
0x5549763d2bfceb6216ee843d45fd7ccda2348643,ETH,exploit,revokecash,malicious spender/exploit,Arcadia Finance Hack,2025-07-15
0x4bff4737cafb581531f479776e660ad516a9ff87,ETH,exploit,revokecash,malicious spender/exploit,Arcadia Finance Hack,2025-07-15
0x14a31869ccee866908ff72b35158ffd5921fe187,ETH,exploit,revokecash,malicious spender/exploit,Arcadia Finance Hack,2025-07-15
0x19021c14fd9671deb427e9657a3faaf5dbb713c0,ETH,exploit,revokecash,malicious spender/exploit,Arcadia Finance Hack,2025-07-15
0x8b40786980f716f490c51aa4323311d4c5368953,ETH,exploit,revokecash,malicious spender/exploit,Arcadia Finance Hack,2025-07-15
0x79931236edd6d5909d15f0c52705f2b3cc52938f,ETH,exploit,revokecash,malicious spender/exploit,Arcadia Finance Hack,2025-07-15
0x953811d792d0e70b0a91f03ae308046d4e6c8246,ETH,exploit,revokecash,malicious spender/exploit,Arcadia Finance Hack,2025-07-15
0x86f61b583e73c73d6a10cd499c77b0b67dbcd584,ETH,exploit,revokecash,malicious spender/exploit,Arcadia Finance Hack,2025-07-15
0x4632e17eb80d5ac6c91d78ee482b43b0343dea78,ETH,exploit,revokecash,malicious spender/exploit,Arcadia Finance Hack,2025-07-15
0xb2f9dba84307b98629bb1c71b18cf3845f015f89,ETH,exploit,revokecash,malicious spender/exploit,Arcadia Finance Hack,2025-07-15
0xd7b7e565cab8338662f3a061a590115ae74e23db,ETH,exploit,revokecash,malicious spender/exploit,Arcadia Finance Hack,2025-07-15
0x6b1bd1c6f5127ae85298d622dd0c458241e05cfb,ETH,exploit,revokecash,malicious spender/exploit,Arcadia Finance Hack,2025-07-15
0x2d3da610586a8d8e0c1bdd38c5bd80e019d4f3a7,ETH,exploit,revokecash,malicious spender/exploit,Arcadia Finance Hack,2025-07-15
0xbe16c955693b462823a90b6ba18adbb13f1e33eb,ETH,exploit,revokecash,malicious spender/exploit,Arcadia Finance Hack,2025-07-15
0x861643b9fda045ef709a95312f3b09a3381c04ac,ETH,exploit,revokecash,malicious spender/exploit,Arcadia Finance Hack,2025-07-15
0xd939ebf6b552d2a66a8b5abe1557d9888552d5b4,ETH,exploit,revokecash,malicious spender/exploit,Arcadia Finance Hack,2025-07-15
0x0c92ce99049f60b4b011db7f6f6765764da5daa2,ETH,exploit,revokecash,malicious spender/exploit,Arcadia Finance Hack,2025-07-15
0xba598357826f1e071eca2c2d4b1c675e57dde338,ETH,exploit,revokecash,malicious spender/exploit,Arcadia Finance Hack,2025-07-15
0x355dcdc02c5f4f7d401fd482fa01b2d6a40f4c28,ETH,exploit,revokecash,malicious spender/exploit,Arcadia Finance Hack,2025-07-15
0x3c2c0966d87270f57a2fbe05b55d944609293bb2,ETH,exploit,revokecash,malicious spender/exploit,Arcadia Finance Hack,2025-07-15
0x3ecc93987cbcffe27e1f6ae4947db260714f5d46,ETH,exploit,revokecash,malicious spender/exploit,Arcadia Finance Hack,2025-07-15
0x78bf249738799eaa1b36e01dc8bb5810bccb2829,ETH,exploit,revokecash,malicious spender/exploit,Arcadia Finance Hack,2025-07-15
0xb81958c892e04c1539a624d820083f920238400a,ETH,exploit,revokecash,malicious spender/exploit,Arcadia Finance Hack,2025-07-15
0xd2a49dfd028642925f18c7d0f78f4488f6646b89,ETH,exploit,revokecash,malicious spender/exploit,Arcadia Finance Hack,2025-07-15
0xd5403c77668314c8ea802459c7cd5c7dc7e4c80e,ETH,exploit,revokecash,malicious spender/exploit,Arcadia Finance Hack,2025-07-15
0xe4e62243f707ca9ea4b0e15c66dba6d9b9c41a0f,ETH,exploit,revokecash,malicious spender/exploit,Arcadia Finance Hack,2025-07-15
0xe98bff5261d33c8c0697ba9e06064914b3cf28a6,ETH,exploit,revokecash,malicious spender/exploit,Arcadia Finance Hack,2025-07-15
0x21163f9553cd3968636afc0bffdca246833154a2,ETH,exploit,revokecash,malicious spender/exploit,Arcadia Finance Hack,2025-07-15
0x6f371572c726590085b0c926b295447c165dd461,ETH,exploit,revokecash,malicious spender/exploit,Arcadia Finance Hack,2025-07-15
0xfb75537b055f840968909001bc1aaaa33ff63a2f,ETH,exploit,revokecash,malicious spender/exploit,Arcadia Finance Hack,2025-07-15
0x6f35ebc85e3d148dd69c2b6671ab758f6175dd02,ETH,exploit,revokecash,malicious spender/exploit,Arcadia Finance Hack,2025-07-15
0xa592ee13d313716030b81b94317c46c1cbbf3ce4,ETH,exploit,revokecash,malicious spender/exploit,Arcadia Finance Hack,2025-07-15
0xb4291a6ac0070ce4860b251c612c16d876dcb0a5,ETH,exploit,revokecash,malicious spender/exploit,Arcadia Finance Hack,2025-07-15
0x6723d1de2834f60373d613a369c2f16fd7e0c410,ETH,exploit,revokecash,malicious spender/exploit,Arcadia Finance Hack,2025-07-15
0x291c7630d3877cf6a6880887bde9096b65aebd7c,ETH,exploit,revokecash,malicious spender/exploit,Arcadia Finance Hack,2025-07-15
0x1da7ceaf147c16250d9d032ed0e6c763de1f3cb0,ETH,exploit,revokecash,malicious spender/exploit,Arcadia Finance Hack,2025-07-15
0x46666c60cac94d1fe086d2a7be5f288df1de08c5,ETH,exploit,revokecash,malicious spender/exploit,Arcadia Finance Hack,2025-07-15
0x3103a6841fe6d3b0985342f02a86f64182d7d7f1,ETH,exploit,revokecash,malicious spender/exploit,Arcadia Finance Hack,2025-07-15
0xd359d2ed5457c12517032feb4150687c5ba0178e,ETH,exploit,revokecash,malicious spender/exploit,Arcadia Finance Hack,2025-07-15
0xcc900b89775b008937f64a3232eb1e2aa79a215a,ETH,exploit,revokecash,malicious spender/exploit,Arcadia Finance Hack,2025-07-15
0xd1b7885439b6662de836c93dfc365710aa6ab49d,ETH,exploit,revokecash,malicious spender/exploit,Arcadia Finance Hack,2025-07-15
0x3093bffd55caa1d98b39e7385c369718cd86dea7,ETH,exploit,revokecash,malicious spender/exploit,Arcadia Finance Hack,2025-07-15
0x9895ef718fa17ab883ebabe74128bb2724685eda,ETH,exploit,revokecash,malicious spender/exploit,Arcadia Finance Hack,2025-07-15
0xcc3c49e66cfe18b7d58a70e448af8d26b7e2c6f9,ETH,exploit,revokecash,malicious spender/exploit,Arcadia Finance Hack,2025-07-15
0xc64d8e137621d299f16bba1df9e1b13b4a833c25,ETH,exploit,revokecash,malicious spender/exploit,Arcadia Finance Hack,2025-07-15
0x420057bd89c709b377b87635205176300bce9ca9,ETH,exploit,revokecash,malicious spender/exploit,Arcadia Finance Hack,2025-07-15
0x8881f73082188eeed2c0d2bd9a5b446b5123ecb2,ETH,exploit,revokecash,malicious spender/exploit,Arcadia Finance Hack,2025-07-15
0x42756111fd604b7f38024691d288af44a8cae212,ETH,exploit,revokecash,malicious spender/exploit,Arcadia Finance Hack,2025-07-15
0xe2ab37acf3a0db8ebf8374e4632099e6651d80da,ETH,exploit,revokecash,malicious spender/exploit,Arcadia Finance Hack,2025-07-15
0x6cba3083208acc853e0cebf7a50c71557b7ee55e,ETH,exploit,revokecash,malicious spender/exploit,Arcadia Finance Hack,2025-07-15
0x024bce7d6b6333147b118c1ff80c27480d3cc650,ETH,exploit,revokecash,malicious spender/exploit,Arcadia Finance Hack,2025-07-15
0x5dbcc1e902b9a5b95baefab78e0aff29aec399af,ETH,exploit,revokecash,malicious spender/exploit,Arcadia Finance Hack,2025-07-15
0x8baa915a6e79057ff6523d6ebb4bee2596391f97,ETH,exploit,revokecash,malicious spender/exploit,Arcadia Finance Hack,2025-07-15
0xb13881c2c130e82b09300b4d86e61bccec254975,ETH,exploit,revokecash,malicious spender/exploit,Arcadia Finance Hack,2025-07-15
0x8e14199a6f787d9a25d99f5119d09e2be44bd97e,ETH,exploit,revokecash,malicious spender/exploit,Arcadia Finance Hack,2025-07-15
0x98bed3b01bbc2faaebaeb3f0c611ced822c5958e,ETH,exploit,revokecash,malicious spender/exploit,Arcadia Finance Hack,2025-07-15
0x7375d4d25240dbd6a6aff1e3333e1260ff88442a,ETH,exploit,revokecash,malicious spender/exploit,Arcadia Finance Hack,2025-07-15
0xb52e9fe3e08fb293a431dd92796850f82e9d17ec,ETH,exploit,revokecash,malicious spender/exploit,Arcadia Finance Hack,2025-07-15
0xdd333d63b7e444c6d8397d06b1349cb7fcc84f4a,ETH,exploit,revokecash,malicious spender/exploit,Arcadia Finance Hack,2025-07-15
0x7bca6bcaa6a9e3002407f31aa292b15cebd8c20d,ETH,exploit,revokecash,malicious spender/exploit,Arcadia Finance Hack,2025-07-15
0x0373ba70d2dffdc3385c1e8e62d4edc693e955dd,ETH,exploit,revokecash,malicious spender/exploit,Arcadia Finance Hack,2025-07-15
0x6844f5c55375a51af1ec9a16e27bfc5fcac694a5,ETH,exploit,revokecash,malicious spender/exploit,Arcadia Finance Hack,2025-07-15
0x2c8d6dc7b35c92397d8c8e67a1e52e1dafb084ea,ETH,exploit,revokecash,malicious spender/exploit,Arcadia Finance Hack,2025-07-15
0xf74e3e0032c8aaeeac1ac5a2ad31a9cdbd376d9a,ETH,exploit,revokecash,malicious spender/exploit,Arcadia Finance Hack,2025-07-15
0x6a6f1fa4a97f41660087d65aaf11862131c7c89e,ETH,exploit,revokecash,malicious spender/exploit,Arcadia Finance Hack,2025-07-15
0x86c802657c5c51399a4598f2cace165a438c1039,ETH,exploit,revokecash,malicious spender/exploit,Arcadia Finance Hack,2025-07-15
0x2022487f5f4d3757aa082434c0cf6da776c6f5c6,ETH,exploit,revokecash,malicious spender/exploit,Arcadia Finance Hack,2025-07-15
0x3e7a2253c5273db55dd44fa9f2b49e4c5daa4ddc,ETH,exploit,revokecash,malicious spender/exploit,Arcadia Finance Hack,2025-07-15
0x77b5485c23e32f205f9d96acba2bfb31ce25a582,ETH,exploit,revokecash,malicious spender/exploit,Arcadia Finance Hack,2025-07-15
0x04903485afa69339b382c290fea87afae5e349e5,ETH,exploit,revokecash,malicious spender/exploit,Arcadia Finance Hack,2025-07-15
0x50f2463928d04cdfbc084792a5b022cbccf30056,ETH,exploit,revokecash,malicious spender/exploit,Arcadia Finance Hack,2025-07-15
0x5276332df57989710ecc4a56de01e38b661052d5,ETH,exploit,revokecash,malicious spender/exploit,Arcadia Finance Hack,2025-07-15
0x10f930716ed79cbefb7b50a8e6b230a51a945ed2,ETH,exploit,revokecash,malicious spender/exploit,Arcadia Finance Hack,2025-07-15
0x93b840c6630715e44fe856cb2be3b3fcfeecb169,ETH,exploit,revokecash,malicious spender/exploit,Arcadia Finance Hack,2025-07-15
0xda61224581a3bbf4cd8fc33f77f2c9d4fa974a53,ETH,exploit,revokecash,malicious spender/exploit,Arcadia Finance Hack,2025-07-15
0x351397142b244a8c1bb9019154723bb75a9eff4c,ETH,exploit,revokecash,malicious spender/exploit,Arcadia Finance Hack,2025-07-15
0x51ec9824d5d36c5e423cd76596a5a7c7b880bb58,ETH,exploit,revokecash,malicious spender/exploit,Arcadia Finance Hack,2025-07-15
0x0e046ce5ba4a385fdf6fa7340bc51feba6281b18,ETH,exploit,revokecash,malicious spender/exploit,Arcadia Finance Hack,2025-07-15
0x328ca587294a3252166a22bd88e3431464303e2f,ETH,exploit,revokecash,malicious spender/exploit,Arcadia Finance Hack,2025-07-15
0xf4ca3c9892d0de79614c94c051a92ec773cd9ef9,ETH,exploit,revokecash,malicious spender/exploit,Arcadia Finance Hack,2025-07-15
0x07735cb87eff9196d96cf16dad7070a7a5264c14,ETH,exploit,revokecash,malicious spender/exploit,Arcadia Finance Hack,2025-07-15
0x8d461789f70702623391e8eeb941db4d664e2c7e,ETH,exploit,revokecash,malicious spender/exploit,Arcadia Finance Hack,2025-07-15
0xe52e54dce8e1817f1cb8ce4a37a35d5c952f12bb,ETH,exploit,revokecash,malicious spender/exploit,Arcadia Finance Hack,2025-07-15
0x6730af51290292c5262a6e7c8f3a6fcb11e98612,ETH,exploit,revokecash,malicious spender/exploit,Arcadia Finance Hack,2025-07-15
0x846e11e8046f38c6e00e51f78a3d97ba1c716c92,ETH,exploit,revokecash,malicious spender/exploit,Arcadia Finance Hack,2025-07-15
0xdfce84a9e55384a0540ff5672e2b35e7a4e126bb,ETH,exploit,revokecash,malicious spender/exploit,Arcadia Finance Hack,2025-07-15
0x6d41f52dcf5bfd9de06ee3a8fdf255958e7abae4,ETH,exploit,revokecash,malicious spender/exploit,Arcadia Finance Hack,2025-07-15
0x1dc6622875932b758dc17627dc32a4af1be4ba71,ETH,exploit,revokecash,malicious spender/exploit,Arcadia Finance Hack,2025-07-15
0xd54bcdb52e8184ce8628216f281df79d977e74d8,ETH,exploit,revokecash,malicious spender/exploit,Arcadia Finance Hack,2025-07-15
0x346fc1084d86ea3ddf6f61caa926e12ff53973cf,ETH,exploit,revokecash,malicious spender/exploit,Arcadia Finance Hack,2025-07-15
0x74ed9c9100b23fca9e1ce1e6d04ac018c43c836e,ETH,exploit,revokecash,malicious spender/exploit,Arcadia Finance Hack,2025-07-15
0x614a0aba60fd28ecf0d2257e3c1008d7876d0fe3,ETH,exploit,revokecash,malicious spender/exploit,Arcadia Finance Hack,2025-07-15
0xe2b21e3ffad1d4971d1fa2cff29c5b7830d69fc6,ETH,exploit,revokecash,malicious spender/exploit,Arcadia Finance Hack,2025-07-15
0x38e07215cc07cc460ec32ea77e378e21acebefdf,ETH,exploit,revokecash,malicious spender/exploit,Arcadia Finance Hack,2025-07-15
0xa407754978ec8d13a2ed5db5428ce48684b79521,ETH,exploit,revokecash,malicious spender/exploit,Arcadia Finance Hack,2025-07-15
0x124411a29d8acb7692334137e1b76159a7f0d7c1,ETH,exploit,revokecash,malicious spender/exploit,Arcadia Finance Hack,2025-07-15
0xaa5ee9d41fc22d2efd51e3fa574a5dca73e73584,ETH,exploit,revokecash,malicious spender/exploit,Arcadia Finance Hack,2025-07-15
0x675cc994795ccc0573da0c2d12925e79331d8ac1,ETH,exploit,revokecash,malicious spender/exploit,Arcadia Finance Hack,2025-07-15
0xaa952f8982c06b428ba7543f3c313aa0fe2c721d,ETH,exploit,revokecash,malicious spender/exploit,Arcadia Finance Hack,2025-07-15
0x18c74495433593d91f5cd2e2dca0264c9160697a,ETH,exploit,revokecash,malicious spender/exploit,Arcadia Finance Hack,2025-07-15
0xfaa79942112db18bc20514862ea340cd78619fc7,ETH,exploit,revokecash,malicious spender/exploit,Arcadia Finance Hack,2025-07-15
0xaaf3ffc4b6979d8c8792dea7b361476c87d98f6b,ETH,exploit,revokecash,malicious spender/exploit,Arcadia Finance Hack,2025-07-15
0x33393cb2163379bd7e60d582312f50912f9c2462,ETH,exploit,revokecash,malicious spender/exploit,Arcadia Finance Hack,2025-07-15
0x95114fa7c67d0fa137292b8a47b2d09674f9439d,ETH,exploit,revokecash,malicious spender/exploit,Arcadia Finance Hack,2025-07-15
0xfffb747995cfeba2481ea87160ac5ee73f5430c6,ETH,exploit,revokecash,malicious spender/exploit,Arcadia Finance Hack,2025-07-15
0xe95c12246e4b4266cdd90796c38c743e7d597d06,ETH,exploit,revokecash,malicious spender/exploit,Arcadia Finance Hack,2025-07-15
0x2d0ba093ff70ddb6d3fff7a87953b6103b98238c,ETH,exploit,revokecash,malicious spender/exploit,Arcadia Finance Hack,2025-07-15
0xa06b214d03e7df8a00b6e1abefd730f68e520b91,ETH,exploit,revokecash,malicious spender/exploit,Arcadia Finance Hack,2025-07-15
0x7f3d86578dae098a39d83af267849b0e6a26810a,ETH,exploit,revokecash,malicious spender/exploit,Arcadia Finance Hack,2025-07-15
0x9270ae5c770ab6e1b700ac4c4cdd4a9c9c5223b9,ETH,exploit,revokecash,malicious spender/exploit,Arcadia Finance Hack,2025-07-15
0x538f65233e39659d80f556ac4af94e9b35154766,ETH,exploit,revokecash,malicious spender/exploit,Arcadia Finance Hack,2025-07-15
0xd641789f7bca86d49015e61bc166af809a4de0b2,ETH,exploit,revokecash,malicious spender/exploit,Arcadia Finance Hack,2025-07-15
0x5049fc94229ac36372af083d7725805591201f8c,ETH,exploit,revokecash,malicious spender/exploit,Arcadia Finance Hack,2025-07-15
0x9b8bf396d43d0c1dd33396cacf7f3e6edb90d423,ETH,exploit,revokecash,malicious spender/exploit,Arcadia Finance Hack,2025-07-15
0xe5fced3607f0911dcd57f94ad2f016285b1ffc9b,ETH,exploit,revokecash,malicious spender/exploit,Arcadia Finance Hack,2025-07-15
0x875d8df9d6517ec2767b9ddad000dd7df968f72b,ETH,exploit,revokecash,malicious spender/exploit,Arcadia Finance Hack,2025-07-15
0x33960caad212d91fd8ca01f08972e393714f972e,ETH,exploit,revokecash,malicious spender/exploit,Arcadia Finance Hack,2025-07-15
0x5d08bf3e8357b657e93bb2a605ab9d64ccd80c70,ETH,exploit,revokecash,malicious spender/exploit,Arcadia Finance Hack,2025-07-15
0xcbb5284814e16c38d8a19d06362a0f6ac1d9524d,ETH,exploit,revokecash,malicious spender/exploit,Arcadia Finance Hack,2025-07-15
0xe0313f7d0e87e2359599ee6d5ac4587ca85383bd,ETH,exploit,revokecash,malicious spender/exploit,Arcadia Finance Hack,2025-07-15
0xd3fdc7fbc99b5cfe063dd45868c866a10d632b9a,ETH,exploit,revokecash,malicious spender/exploit,Arcadia Finance Hack,2025-07-15
0x9b8f36604113708e0e4eb1f23cedc72b43b23167,ETH,exploit,revokecash,malicious spender/exploit,Arcadia Finance Hack,2025-07-15
0x90023c5169277548ead9788e896972fe0447c3ed,ETH,exploit,revokecash,malicious spender/exploit,Arcadia Finance Hack,2025-07-15
0x53ea22632f65959a87a67746154684757d0bc4b4,ETH,exploit,revokecash,malicious spender/exploit,Arcadia Finance Hack,2025-07-15
0xaa5b6f57ab6fae81d17b91e6438a33aff44af849,ETH,exploit,revokecash,malicious spender/exploit,Arcadia Finance Hack,2025-07-15
0xff15a6688058f1c11daea951d9742ab3a3168064,ETH,exploit,revokecash,malicious spender/exploit,Arcadia Finance Hack,2025-07-15
0xec21764edaf7446d4f015bad202d8dbc0b308ed8,ETH,exploit,revokecash,malicious spender/exploit,Arcadia Finance Hack,2025-07-15
0x97ffac3aa51d042d6517dcc5d69d2c8d1252bfbe,ETH,exploit,revokecash,malicious spender/exploit,Arcadia Finance Hack,2025-07-15
0xa93187dd805b5f143e6237682b6f627b727fd5e4,ETH,exploit,revokecash,malicious spender/exploit,Arcadia Finance Hack,2025-07-15
0x28c0e289aaa60caf1d9f0bb6f53d926f05d87596,ETH,exploit,revokecash,malicious spender/exploit,Arcadia Finance Hack,2025-07-15
0x022334b16e525ea3d8b8ed1c7e642a148d01bd71,ETH,exploit,revokecash,malicious spender/exploit,Arcadia Finance Hack,2025-07-15
0x3f9458cbcffe9463c08ef33eaa84bdb6b5d8852c,ETH,exploit,revokecash,malicious spender/exploit,Arcadia Finance Hack,2025-07-15
0x96821d57cd7c8ee6fa71ca406db3a66790932913,ETH,exploit,revokecash,malicious spender/exploit,Arcadia Finance Hack,2025-07-15
0x1eeb39db0f68c71951d7de4d2bee1296797a20e4,ETH,exploit,revokecash,malicious spender/exploit,Arcadia Finance Hack,2025-07-15
0x2f900df2d80b9d7acdc87c89bf3893e0273da7da,ETH,exploit,revokecash,malicious spender/exploit,Arcadia Finance Hack,2025-07-15
0xbac2037c2eb5d0446420603039caae4d05edecbc,ETH,exploit,revokecash,malicious spender/exploit,Arcadia Finance Hack,2025-07-15
0x15fbd3543b52f05d7c04de70f35fd749d0d2f1b2,ETH,exploit,revokecash,malicious spender/exploit,Arcadia Finance Hack,2025-07-15
0x667c7544fd2dd1ed51af0e60c67e1b8664183b5f,ETH,exploit,revokecash,malicious spender/exploit,Arcadia Finance Hack,2025-07-15
0x6bdcedbc6a57ad4ea0a95fda512e50ba23c08d9e,ETH,exploit,revokecash,malicious spender/exploit,Arcadia Finance Hack,2025-07-15
0x9355ab7c024af12fdcec6a4d26616333fd2b95a8,ETH,exploit,revokecash,malicious spender/exploit,Arcadia Finance Hack,2025-07-15
0xb29a3c18db7d82923ccf04a402dde92f10fd6992,ETH,exploit,revokecash,malicious spender/exploit,Arcadia Finance Hack,2025-07-15
0x3af6ad7b060dfc24fe57b5ec94807319834d1827,ETH,exploit,revokecash,malicious spender/exploit,Arcadia Finance Hack,2025-07-15
0xa7ef01bdf816e22d18e386c013e31cce27516ba4,ETH,exploit,revokecash,malicious spender/exploit,Arcadia Finance Hack,2025-07-15
0x8a388f05e9d8502fcd4123c8a9964fdbdf175dbb,ETH,exploit,revokecash,malicious spender/exploit,Arcadia Finance Hack,2025-07-15
0xa70c038cf5c5ae093f31ed8bc626f552dd8eec46,ETH,exploit,revokecash,malicious spender/exploit,Arcadia Finance Hack,2025-07-15
0x8a6c3cf1d2c743ad120259df5ca954dc509f4f52,ETH,exploit,revokecash,malicious spender/exploit,Arcadia Finance Hack,2025-07-15
0xb288c767b7ea5e57429794ed2d672ddd5655cc40,ETH,exploit,revokecash,malicious spender/exploit,Arcadia Finance Hack,2025-07-15
0x7857e2c1017353e5d8f1119485b70a4f2bc5f662,ETH,exploit,revokecash,malicious spender/exploit,Arcadia Finance Hack,2025-07-15
0xe38d6522a2cd48f6eec9032f688813b9e8f3dc2b,ETH,exploit,revokecash,malicious spender/exploit,Arcadia Finance Hack,2025-07-15
0x9a216ec15f6b8941236187c54115835ee0862981,ETH,exploit,revokecash,malicious spender/exploit,Arcadia Finance Hack,2025-07-15
0xc6eed1edc25403b929a0999779c2c37eab6dc1cf,ETH,exploit,revokecash,malicious spender/exploit,Arcadia Finance Hack,2025-07-15
0xf3837ec44bd0593cee2891c3a48b91c33f6d881c,ETH,exploit,revokecash,malicious spender/exploit,Arcadia Finance Hack,2025-07-15
0x121f0ad55a0253eba998ed724cb7364f64e32504,ETH,exploit,revokecash,malicious spender/exploit,Arcadia Finance Hack,2025-07-15
0x286215952b383be2a4a37cdf7c56fbc1e945fde2,ETH,exploit,revokecash,malicious spender/exploit,Arcadia Finance Hack,2025-07-15
0xd8cde1ffe1abe897a8fed383fd7bc4f1405bd195,ETH,exploit,revokecash,malicious spender/exploit,Arcadia Finance Hack,2025-07-15
0x3707389f8a3fd2f36074539f6019ca4662cb33cc,ETH,exploit,revokecash,malicious spender/exploit,Arcadia Finance Hack,2025-07-15
0xe7a27ec87cf65b85dbfdc978f43021f40764f38c,ETH,exploit,revokecash,malicious spender/exploit,Arcadia Finance Hack,2025-07-15
0x071f40587a35dcd3b66555511bb7f3e9afc088a9,ETH,exploit,revokecash,malicious spender/exploit,Arcadia Finance Hack,2025-07-15
0xc15414d3e8779c4be210cdccf214536bb558435b,ETH,exploit,revokecash,malicious spender/exploit,Arcadia Finance Hack,2025-07-15
0xa524fd8e5fa9b696dde5b49d3270da7edafd6444,ETH,exploit,revokecash,malicious spender/exploit,Arcadia Finance Hack,2025-07-15
0x0886cd655ebdc5955fc1d4b8d9fb1d5d6162f979,ETH,exploit,revokecash,malicious spender/exploit,Arcadia Finance Hack,2025-07-15
0x4c49eb85a84763e77d561e5726ecb1ce3d6d3964,ETH,exploit,revokecash,malicious spender/exploit,Arcadia Finance Hack,2025-07-15
0x83701b569adc71b282b149032dc6b5b29e932486,ETH,exploit,revokecash,malicious spender/exploit,Arcadia Finance Hack,2025-07-15
0xdd875f2d55ed159caf4879214487dc678d92ac5a,ETH,exploit,revokecash,malicious spender/exploit,Arcadia Finance Hack,2025-07-15
0x160bec1c8e9b65bfa6727fffcf3d4da9fb244966,ETH,exploit,revokecash,malicious spender/exploit,Arcadia Finance Hack,2025-07-15
0xc9941b7d75eaa623ff3df1294e6740a4b90d0e3b,ETH,exploit,revokecash,malicious spender/exploit,Arcadia Finance Hack,2025-07-15
0x88801781298de63a2026b706d0e3911e42bcd7d9,ETH,exploit,revokecash,malicious spender/exploit,Arcadia Finance Hack,2025-07-15
0x8c583bb4c52e940c2db2503e6e61c04ed02b4ebe,ETH,exploit,revokecash,malicious spender/exploit,Arcadia Finance Hack,2025-07-15
0x98b10c0de2ee53588526ab36b107965936fc8555,ETH,exploit,revokecash,malicious spender/exploit,Arcadia Finance Hack,2025-07-15
0xa4e59c0c293313c1e9c74e28b9ec03fa9fad6567,ETH,exploit,revokecash,malicious spender/exploit,Arcadia Finance Hack,2025-07-15
0xacafdf5dc91553ab764ee71fcd9d2e6d016a4495,ETH,exploit,revokecash,malicious spender/exploit,Arcadia Finance Hack,2025-07-15
0xbcd82dc83f40e016541b513824629c72ddae7d87,ETH,exploit,revokecash,malicious spender/exploit,Arcadia Finance Hack,2025-07-15
0xf27998f6536c6341084e8fe8ee6d079d618e67fe,ETH,exploit,revokecash,malicious spender/exploit,Arcadia Finance Hack,2025-07-15
0x1ce6a8c53eb84df9133209e5f6fd7a184d38e66e,ETH,exploit,revokecash,malicious spender/exploit,Arcadia Finance Hack,2025-07-15
0x4e47045241662708784bb1278d3ae2783b821aeb,ETH,exploit,revokecash,malicious spender/exploit,Arcadia Finance Hack,2025-07-15
0x3001822864d39ff4447dbecb9455cd44ae7bbf38,ETH,exploit,revokecash,malicious spender/exploit,Arcadia Finance Hack,2025-07-15
0xbcf93bd5fe62911cdf79195a46808ac6fffadbcf,ETH,exploit,revokecash,malicious spender/exploit,Arcadia Finance Hack,2025-07-15
0x3f27db9505ab1241e75c212184a553ba69eae1cc,ETH,exploit,revokecash,malicious spender/exploit,Arcadia Finance Hack,2025-07-15
0x4473f9a2ef0ea61f3842488c3b29f6daf5953a9e,ETH,exploit,revokecash,malicious spender/exploit,Arcadia Finance Hack,2025-07-15
0xfc6992d12f810812f2927d5a74a6bda25aec9ebe,ETH,exploit,revokecash,malicious spender/exploit,Arcadia Finance Hack,2025-07-15
0x903d275f77d78af927fbb65038e83b465b571c7d,ETH,exploit,revokecash,malicious spender/exploit,Arcadia Finance Hack,2025-07-15
0x885f60c827a619e71a8b27f82263e19c2fd35ead,ETH,exploit,revokecash,malicious spender/exploit,Arcadia Finance Hack,2025-07-15
0x8ac09f03949c4de785b4e179cb6a533945801bc8,ETH,exploit,revokecash,malicious spender/exploit,Arcadia Finance Hack,2025-07-15
0xab82753b8ab27611ace915ffa4a47ee1692e0846,ETH,exploit,revokecash,malicious spender/exploit,Arcadia Finance Hack,2025-07-15
0x22a452b4316a7298287089fd3bcdcf9075fe4c2e,ETH,exploit,revokecash,malicious spender/exploit,Arcadia Finance Hack,2025-07-15
0x0e8472f65791dce8fd71efe543cdcb58c85c903e,ETH,exploit,revokecash,malicious spender/exploit,Arcadia Finance Hack,2025-07-15
0x8fa7f8df2f9a238f823c7b3705aa184bd677de48,ETH,exploit,revokecash,malicious spender/exploit,Arcadia Finance Hack,2025-07-15
0xd0baa00b82fb79438bfb9577867cb4a02120067c,ETH,exploit,revokecash,malicious spender/exploit,Arcadia Finance Hack,2025-07-15
0x2d3463db8f8feb5b17bd0d98cec1062c71cd931f,ETH,exploit,revokecash,malicious spender/exploit,Arcadia Finance Hack,2025-07-15
0xae96fb42e7ca1f87461a46089bfb7c6e050492df,ETH,exploit,revokecash,malicious spender/exploit,Arcadia Finance Hack,2025-07-15
0x737ce79b8b992515d60d6918490fede3bd8d71ba,ETH,exploit,revokecash,malicious spender/exploit,Arcadia Finance Hack,2025-07-15
0xc5e391ea83e996d7f2605b8175a6418e702f0665,ETH,exploit,revokecash,malicious spender/exploit,Arcadia Finance Hack,2025-07-15
0x108eca377c66d5559108aaed9343fcc8c384eb62,ETH,exploit,revokecash,malicious spender/exploit,Arcadia Finance Hack,2025-07-15
0x3575678cc3b79d29faea70760dbaaf0ad62e7239,ETH,exploit,revokecash,malicious spender/exploit,Arcadia Finance Hack,2025-07-15
0x3d486955d21376ec9dab1d27449ca067fd09e18d,ETH,exploit,revokecash,malicious spender/exploit,Arcadia Finance Hack,2025-07-15
0xaf989c75770413de8481a87f0c0ccbeb803b778e,ETH,exploit,revokecash,malicious spender/exploit,Arcadia Finance Hack,2025-07-15
0x6f8b4e9c2887b391797d2e00397647ff1c28372d,ETH,exploit,revokecash,malicious spender/exploit,Arcadia Finance Hack,2025-07-15
0x730efbe8f4965bf3ddb2b1dbd01fe044aefa8911,ETH,exploit,revokecash,malicious spender/exploit,Arcadia Finance Hack,2025-07-15
0xcdce02e017ef73f06ba57f140de318ff1bd859b7,ETH,exploit,revokecash,malicious spender/exploit,Arcadia Finance Hack,2025-07-15
0xd94fbc919f0a3c3a616e9db57c9df38d71cba63a,ETH,exploit,revokecash,malicious spender/exploit,Arcadia Finance Hack,2025-07-15
0x32a56e7e97271f519b4008c392174bc0d17e752d,ETH,exploit,revokecash,malicious spender/exploit,Arcadia Finance Hack,2025-07-15
0x2a5e047cdc97b2748d118d408c624a88af5b4018,ETH,exploit,revokecash,malicious spender/exploit,Arcadia Finance Hack,2025-07-15
0xf255866dc46fdfff931b4844186adf6ae15cd05d,ETH,exploit,revokecash,malicious spender/exploit,Arcadia Finance Hack,2025-07-15
0x318a43619030980110ff69a5e2367bbece7bd77b,ETH,exploit,revokecash,malicious spender/exploit,Arcadia Finance Hack,2025-07-15
0x48961e243caa8c4219c6abaf292f00ddd733b8a8,ETH,exploit,revokecash,malicious spender/exploit,Arcadia Finance Hack,2025-07-15
0x479545974a024f1f3241a38742441b1a75bba23b,ETH,exploit,revokecash,malicious spender/exploit,Arcadia Finance Hack,2025-07-15
0x62da5d84fd84573826e0941493a78588d7d6ef42,ETH,exploit,revokecash,malicious spender/exploit,Arcadia Finance Hack,2025-07-15
0x1030cbe3726552eb742ee63ac811d2599b1759ba,ETH,exploit,revokecash,malicious spender/exploit,Arcadia Finance Hack,2025-07-15
0x294b9662318207b450ec58a9ffca62849a71f4e6,ETH,exploit,revokecash,malicious spender/exploit,Arcadia Finance Hack,2025-07-15
0x47d4a811e279f0491ca7486cfc539aaea9cbbbe9,ETH,exploit,revokecash,malicious spender/exploit,Arcadia Finance Hack,2025-07-15
0x66b86f7ee43159b9b457a617225908cf5e711546,ETH,exploit,revokecash,malicious spender/exploit,Arcadia Finance Hack,2025-07-15
0x9ef0e0de7705509ba310176f36265f029320a879,ETH,exploit,revokecash,malicious spender/exploit,Arcadia Finance Hack,2025-07-15
0xb321a083c0cdab4c8cd59c9b8c65a8efb5ecee41,ETH,exploit,revokecash,malicious spender/exploit,Arcadia Finance Hack,2025-07-15
0x70243831aa4f61558a910c71648937b1456ce9b8,ETH,exploit,revokecash,malicious spender/exploit,Arcadia Finance Hack,2025-07-15
0x32e3f48c5c02ffe118d555dc9675ba53976c7356,ETH,exploit,revokecash,malicious spender/exploit,Arcadia Finance Hack,2025-07-15
0x40467b6ad25d72a0b38604945dd6ec48680c3f05,ETH,exploit,revokecash,malicious spender/exploit,Arcadia Finance Hack,2025-07-15
0xd282796eb94f61684b876814adf1054276ef2c74,ETH,exploit,revokecash,malicious spender/exploit,Arcadia Finance Hack,2025-07-15
0x6ea5c36283882d1ebd1421c8c694361c0c674427,ETH,exploit,revokecash,malicious spender/exploit,Arcadia Finance Hack,2025-07-15
0x99a87d40f1d7c2e3c0ba408fa60aaba1f4f9f6f1,ETH,exploit,revokecash,malicious spender/exploit,Arcadia Finance Hack,2025-07-15
0x1da801f73c816d3d06f8a71ed94b236da4a38bf8,ETH,exploit,revokecash,malicious spender/exploit,Arcadia Finance Hack,2025-07-15
0xd77b1bc18e85abacc26c3ba423d0e31ad46b7cd4,ETH,exploit,revokecash,malicious spender/exploit,Arcadia Finance Hack,2025-07-15
0xa610b5f96025b3eaeb5394378f7e261cc27ebd06,ETH,exploit,revokecash,malicious spender/exploit,Arcadia Finance Hack,2025-07-15
0x0178578bab50ae0b7b2f8925f205844db413b8f1,ETH,exploit,revokecash,malicious spender/exploit,Arcadia Finance Hack,2025-07-15
0x0ffdda4eddf84c037ffe87e6bf81d447d89665b1,ETH,exploit,revokecash,malicious spender/exploit,Arcadia Finance Hack,2025-07-15
0xbc5e12469a6eb76418b761d98acd54fc82c92542,ETH,exploit,revokecash,malicious spender/exploit,Arcadia Finance Hack,2025-07-15
0xdff5d2915e665869c829de4e1d6ca0182027d47e,ETH,exploit,revokecash,malicious spender/exploit,Arcadia Finance Hack,2025-07-15
0x91a9db9b50da7e24557cd65762a4a93d696d0714,ETH,exploit,revokecash,malicious spender/exploit,Arcadia Finance Hack,2025-07-15
0x71dceaeee2eeb7add372796634edd99572a66735,ETH,exploit,revokecash,malicious spender/exploit,Arcadia Finance Hack,2025-07-15
0x8238037bb4ea9dbce49161492333bacda06ead9f,ETH,exploit,revokecash,malicious spender/exploit,Arcadia Finance Hack,2025-07-15
0x512f4bca136019bb6747d0c40107faa77c5065ba,ETH,exploit,revokecash,malicious spender/exploit,Arcadia Finance Hack,2025-07-15
0x90fd57dae912888ca49c71d636856a5237ae4291,ETH,exploit,revokecash,malicious spender/exploit,Arcadia Finance Hack,2025-07-15
0x91b9d5fb7fafdf2ec24afb96d3eddeb0dcd02daf,ETH,exploit,revokecash,malicious spender/exploit,Arcadia Finance Hack,2025-07-15
0xb4ca337294742559884f95fe46df9bee13adebf7,ETH,exploit,revokecash,malicious spender/exploit,Arcadia Finance Hack,2025-07-15
0x1229a274ba5fe1cded89be6c4e564c8fba181192,ETH,exploit,revokecash,malicious spender/exploit,Arcadia Finance Hack,2025-07-15
0x37c90efd7d0d2e5f2df9550d15c001bff657e817,ETH,exploit,revokecash,malicious spender/exploit,Arcadia Finance Hack,2025-07-15
0x3bc9e92937e7bc7daa910e771e11bc1ee33644a1,ETH,exploit,revokecash,malicious spender/exploit,Arcadia Finance Hack,2025-07-15
0x300dabe2503ec31a865a68b795612a28adcff1ed,ETH,exploit,revokecash,malicious spender/exploit,Arcadia Finance Hack,2025-07-15
0x98749cddd4eab42912067d0618f78a8b5d83f763,ETH,exploit,revokecash,malicious spender/exploit,Arcadia Finance Hack,2025-07-15
0x2756de3f65ee2bf522690a3161ec544cb6512683,ETH,exploit,revokecash,malicious spender/exploit,Arcadia Finance Hack,2025-07-15
0xeb891ba9db95e866312cc6cb86ea71db5de32f71,ETH,exploit,revokecash,malicious spender/exploit,Arcadia Finance Hack,2025-07-15
0x6a6d63d4e91ad1624c5bc3679f835ab8fc7083da,ETH,exploit,revokecash,malicious spender/exploit,Arcadia Finance Hack,2025-07-15
0xb65c2376513b8c5f61ecd1bdb011ac96bd56cdc2,ETH,exploit,revokecash,malicious spender/exploit,Arcadia Finance Hack,2025-07-15
0xd71b2c059c48a74d78ae2d2026046eda821c6b7a,ETH,exploit,revokecash,malicious spender/exploit,Arcadia Finance Hack,2025-07-15
0x75e3f06cc9bcb079e98c4b892e93310a0890a0d6,ETH,exploit,revokecash,malicious spender/exploit,Arcadia Finance Hack,2025-07-15
0x706fd5f72303ad232ab631d18e557a47a47f6045,ETH,exploit,revokecash,malicious spender/exploit,Arcadia Finance Hack,2025-07-15
0x884cf08e89e632a3b314dc6542b3145356dd2647,ETH,exploit,revokecash,malicious spender/exploit,Arcadia Finance Hack,2025-07-15
0x74f7f90897e450f3efb19f24877a08ee7c7345e6,ETH,exploit,revokecash,malicious spender/exploit,Arcadia Finance Hack,2025-07-15
0x9eefc0d95e0e9362189b3593b58beed50c444271,ETH,exploit,revokecash,malicious spender/exploit,Arcadia Finance Hack,2025-07-15
0xb6123420be71d5f2d85ef3d1a26edc9316a2aeea,ETH,exploit,revokecash,malicious spender/exploit,Arcadia Finance Hack,2025-07-15
0xe336471451438abfa8af3d7eecc3a9bbb81a1b27,ETH,exploit,revokecash,malicious spender/exploit,Arcadia Finance Hack,2025-07-15
0xb12521c1d763b496388b2649f77d6fb68960c4d2,ETH,exploit,revokecash,malicious spender/exploit,Arcadia Finance Hack,2025-07-15
0x0026072214489979f11b7861ef10458b20aba59a,ETH,exploit,revokecash,malicious spender/exploit,Arcadia Finance Hack,2025-07-15
0x32733daeb0d6da3d3301c61434a87b33034866ff,ETH,exploit,revokecash,malicious spender/exploit,Arcadia Finance Hack,2025-07-15
0x85da6a9aa362f41fa1b7f364145e1d37c21f0268,ETH,exploit,revokecash,malicious spender/exploit,Arcadia Finance Hack,2025-07-15
0x18d82097b30fe2c4f4be1fa769a4f5ccbdbf8762,ETH,exploit,revokecash,malicious spender/exploit,Arcadia Finance Hack,2025-07-15
0xcd0b5bbf613d659abf007787e96874e3df76ef66,ETH,exploit,revokecash,malicious spender/exploit,Arcadia Finance Hack,2025-07-15
0x75175aab50a85e9c89d1080ba33961ed998b488b,ETH,exploit,revokecash,malicious spender/exploit,Arcadia Finance Hack,2025-07-15
0x49c0c27bb5558050268a71c5d426c5cc07e53941,ETH,exploit,revokecash,malicious spender/exploit,Arcadia Finance Hack,2025-07-15
0x5abe7d17f7915cbeca5985a748bb10e685e8ffed,ETH,exploit,revokecash,malicious spender/exploit,Arcadia Finance Hack,2025-07-15
0xaf94dc9dd654e58448a17e39f1117b72276b93be,ETH,exploit,revokecash,malicious spender/exploit,Arcadia Finance Hack,2025-07-15
0x072ec4ae480216cd8aa6cb887ccb1239755546f8,ETH,exploit,revokecash,malicious spender/exploit,Arcadia Finance Hack,2025-07-15
0xf5b63604e59d177101b86b041777794a62c40e8e,ETH,exploit,revokecash,malicious spender/exploit,Arcadia Finance Hack,2025-07-15
0x431cfc4b8e01f58426fa811c34f52d9f2c75f69f,ETH,exploit,revokecash,malicious spender/exploit,Arcadia Finance Hack,2025-07-15
0xf74c19f1a1c7e1f77d68bdf79b751c48730fa030,ETH,exploit,revokecash,malicious spender/exploit,Arcadia Finance Hack,2025-07-15
0xb8e9a063e3177098f2ea8307365a97369c3e8641,ETH,exploit,revokecash,malicious spender/exploit,Arcadia Finance Hack,2025-07-15
0x0e928e11d80bfb926ab77a9f15ef91493fe7de28,ETH,exploit,revokecash,malicious spender/exploit,Arcadia Finance Hack,2025-07-15
0xc192c50598ac43076c8965fe8a2eb5fc4497e2b0,ETH,exploit,revokecash,malicious spender/exploit,Arcadia Finance Hack,2025-07-15
0x036776dff7f2928f9afb1f46b6b552c8038be170,ETH,exploit,revokecash,malicious spender/exploit,Arcadia Finance Hack,2025-07-15
0x8ad4e76f1309927ae526a648b244c81379680150,ETH,exploit,revokecash,malicious spender/exploit,Arcadia Finance Hack,2025-07-15
0x9b10b4e261826e893e09fdbc166e1f4332a93e9f,ETH,exploit,revokecash,malicious spender/exploit,Arcadia Finance Hack,2025-07-15
0xd2da53a8c8b1f1fd3a47bf02f489c4345108b6a7,ETH,exploit,revokecash,malicious spender/exploit,Arcadia Finance Hack,2025-07-15
0xf54cae5e30765a51a69934b9fb9971e8de7138ea,ETH,exploit,revokecash,malicious spender/exploit,Arcadia Finance Hack,2025-07-15
0x067b3001d0b3aca4a9f40fd08e41eda805d209b0,ETH,exploit,revokecash,malicious spender/exploit,Arcadia Finance Hack,2025-07-15
0x4bf6df414db017135c25d82189f17b8a293f112e,ETH,exploit,revokecash,malicious spender/exploit,Arcadia Finance Hack,2025-07-15
0x65791f4c564a59a84bf6ddb616bf9cbbe74b5a49,ETH,exploit,revokecash,malicious spender/exploit,Arcadia Finance Hack,2025-07-15
0x543a284b612fe9b8be045ac63d268ff5895665dd,ETH,exploit,revokecash,malicious spender/exploit,Arcadia Finance Hack,2025-07-15
0x43fa6dff2c6167683b21da2a1a59ca6a9dcc26d1,ETH,exploit,revokecash,malicious spender/exploit,Arcadia Finance Hack,2025-07-15
0x0f526d045a28aed756c583dd1a87d5e973900d74,ETH,exploit,revokecash,malicious spender/exploit,Arcadia Finance Hack,2025-07-15
0x5d653970d0b55ec062064e8620baa8240a8f236c,ETH,exploit,revokecash,malicious spender/exploit,Arcadia Finance Hack,2025-07-15
0x4f95552842b82caf71154294748e616f33ba665a,ETH,exploit,revokecash,malicious spender/exploit,Arcadia Finance Hack,2025-07-15
0xe4bb0db8e2d8a93a4140054d167eb795038aabf3,ETH,exploit,revokecash,malicious spender/exploit,Arcadia Finance Hack,2025-07-15
0xf383592f925396a96ddddcb9ca84bd089b00451a,ETH,exploit,revokecash,malicious spender/exploit,Arcadia Finance Hack,2025-07-15
0x50b708243892469816af8a623c8cf1f8cbb9a567,ETH,exploit,revokecash,malicious spender/exploit,Arcadia Finance Hack,2025-07-15
0x3784ea4f88a14f18225283f253a14fb32ac4e4f0,ETH,exploit,revokecash,malicious spender/exploit,Arcadia Finance Hack,2025-07-15
0x1432868b8ba4d25c8bc14b24b7a42f4f9bdf9991,ETH,exploit,revokecash,malicious spender/exploit,Arcadia Finance Hack,2025-07-15
0xb0ef60ed072462b8679aadde00d510cd28720a64,ETH,exploit,revokecash,malicious spender/exploit,Arcadia Finance Hack,2025-07-15
0xb90fe3ebbbcbbfa84960a66aa0015f4da0fe144f,ETH,exploit,revokecash,malicious spender/exploit,Arcadia Finance Hack,2025-07-15
0x543ea802b258c96316d4d8b2b8bc796d10e42306,ETH,exploit,revokecash,malicious spender/exploit,Arcadia Finance Hack,2025-07-15
0x710457fc9d29393787290cda8ebdf7fd27b88f92,ETH,exploit,revokecash,malicious spender/exploit,Arcadia Finance Hack,2025-07-15
0x2c74b124eae59993458f95666c1fdae5bb767d8a,ETH,exploit,revokecash,malicious spender/exploit,Arcadia Finance Hack,2025-07-15
0xf6634a266cb286f72101827af873fb617b5dc264,ETH,exploit,revokecash,malicious spender/exploit,Arcadia Finance Hack,2025-07-15
0xe13c9276e980e19a569ea917390ff1e2b0cc94b5,ETH,exploit,revokecash,malicious spender/exploit,Arcadia Finance Hack,2025-07-15
0xebea59fa8da5e312c08e6734b983acfb0f2a22ef,ETH,exploit,revokecash,malicious spender/exploit,Arcadia Finance Hack,2025-07-15
0x7ee8954bb0b05d5c235cb9bff367a5ae6d0805a0,ETH,exploit,revokecash,malicious spender/exploit,Arcadia Finance Hack,2025-07-15
0xe7720a81a78021617659d203f3a9fd9cb162936d,ETH,exploit,revokecash,malicious spender/exploit,Arcadia Finance Hack,2025-07-15
0xe4c132a32a5def392966de80ce477df41548c759,ETH,exploit,revokecash,malicious spender/exploit,Arcadia Finance Hack,2025-07-15
0x1b5a8c73969bd6e79374c410c2fe2fd505c4517a,ETH,exploit,revokecash,malicious spender/exploit,Arcadia Finance Hack,2025-07-15
0x8f6e5c0f4ed926e2f43faa27a2b1985478c00f50,ETH,exploit,revokecash,malicious spender/exploit,Arcadia Finance Hack,2025-07-15
0xba9d677ba71b7350692e19d882c33460f344ccef,ETH,exploit,revokecash,malicious spender/exploit,Arcadia Finance Hack,2025-07-15
0x262a91082bae526885995c6ee21b64dc3482ca4c,ETH,exploit,revokecash,malicious spender/exploit,Arcadia Finance Hack,2025-07-15
0x3ba78ba2ed90151cef1ef26ad8fef9b69da25d52,ETH,exploit,revokecash,malicious spender/exploit,Arcadia Finance Hack,2025-07-15
0xacb60ec110a903209186dade240a857c1b3b5e80,ETH,exploit,revokecash,malicious spender/exploit,Arcadia Finance Hack,2025-07-15
0x2ad6dd6ff8947e2bf29394c383bde9d88c1306e3,ETH,exploit,revokecash,malicious spender/exploit,Arcadia Finance Hack,2025-07-15
0x7aca0d51df8c9111e70837db040d88ddc93ed63f,ETH,exploit,revokecash,malicious spender/exploit,Arcadia Finance Hack,2025-07-15
0x10ac11f92d4e4ab1533e8cb847c9a3e373b1b4cc,ETH,exploit,revokecash,malicious spender/exploit,Arcadia Finance Hack,2025-07-15
0x6606a0b2ed61d902b5d1624ee405bcf33623b416,ETH,exploit,revokecash,malicious spender/exploit,Arcadia Finance Hack,2025-07-15
0xf10eec8a30f8bc782caaa65d792ba7bd206eccb8,ETH,exploit,revokecash,malicious spender/exploit,Arcadia Finance Hack,2025-07-15
0x437c2f75bb02d92a6e655bb3747aef35c8b79ea0,ETH,exploit,revokecash,malicious spender/exploit,Arcadia Finance Hack,2025-07-15
0x9244a5752a14dfa9a505cded562e7a75900892e1,ETH,exploit,revokecash,malicious spender/exploit,Arcadia Finance Hack,2025-07-15
0x3b10335e98e459c0ae70f5ec090c6848698c88ab,ETH,exploit,revokecash,malicious spender/exploit,Arcadia Finance Hack,2025-07-15
0x50514e35aec58788c5ed9545cf97c3bfd310ee7d,ETH,exploit,revokecash,malicious spender/exploit,Arcadia Finance Hack,2025-07-15
0x621c4f5930efdc104eda54ff51065141cbaf254c,ETH,exploit,revokecash,malicious spender/exploit,Arcadia Finance Hack,2025-07-15
0xae2ce28d4ef2941c4f7c4533edbba8be9167d8b5,ETH,exploit,revokecash,malicious spender/exploit,Arcadia Finance Hack,2025-07-15
0x209c14db9c326cca79ad8ba40929184e8e3e55f5,ETH,exploit,revokecash,malicious spender/exploit,Arcadia Finance Hack,2025-07-15
0xe2c92b8aa804d6df722f8329ffe2d8bab8f54fb4,ETH,exploit,revokecash,malicious spender/exploit,Arcadia Finance Hack,2025-07-15
0x79171ba5a74f8974c58e9faf03726de72d018074,ETH,exploit,revokecash,malicious spender/exploit,Arcadia Finance Hack,2025-07-15
0x6b75670d9ff0c3b1c1957b4a1f6de87bad812783,ETH,exploit,revokecash,malicious spender/exploit,Arcadia Finance Hack,2025-07-15
0x33a6177c6179fcee440647513335f84dcc4a5ef7,ETH,exploit,revokecash,malicious spender/exploit,Arcadia Finance Hack,2025-07-15
0x77a0e89db552228822f0606ab64b0a92a3b5ee00,ETH,exploit,revokecash,malicious spender/exploit,Arcadia Finance Hack,2025-07-15
0x1409b55c8479d28cb4aa7b160634a8102a747ca2,ETH,exploit,revokecash,malicious spender/exploit,Arcadia Finance Hack,2025-07-15
0xbaa414b146fd7f35e8513589e4aebe8491bf7905,ETH,exploit,revokecash,malicious spender/exploit,Arcadia Finance Hack,2025-07-15
0x8b7d337d20d68edbc063c3071893e45d18e3cd1e,ETH,exploit,revokecash,malicious spender/exploit,Arcadia Finance Hack,2025-07-15
0xeb973b7a18cbadc4f06e8f2d6922c190c61af700,ETH,exploit,revokecash,malicious spender/exploit,Arcadia Finance Hack,2025-07-15
0x4f43fb99e022fcb138fd68693c035cddb704454b,ETH,exploit,revokecash,malicious spender/exploit,Arcadia Finance Hack,2025-07-15
0x55c77f038d43e5c0bedf08f727a6ceb93cf18923,ETH,exploit,revokecash,malicious spender/exploit,Arcadia Finance Hack,2025-07-15
0xe0d3f23d4e05b09c84ed8f8acc627f9948a01c11,ETH,exploit,revokecash,malicious spender/exploit,Arcadia Finance Hack,2025-07-15
0x4172227fb56cad7bdf731c56671f9e5dfb54aa82,ETH,exploit,revokecash,malicious spender/exploit,Arcadia Finance Hack,2025-07-15
0xfad8cbedf84fce226062ac75d64b56c07762f7b3,ETH,exploit,revokecash,malicious spender/exploit,Arcadia Finance Hack,2025-07-15
0x7022b32dec4acc9f98f57225a2ba27f856f4b799,ETH,exploit,revokecash,malicious spender/exploit,Arcadia Finance Hack,2025-07-15
0x2c990304f6c540f8f6f5ec650ce1ce02201c2a21,ETH,exploit,revokecash,malicious spender/exploit,Arcadia Finance Hack,2025-07-15
0x159eec371909463b6888872f1de19021d41a15da,ETH,exploit,revokecash,malicious spender/exploit,Arcadia Finance Hack,2025-07-15
0xee58b635066c702dbfaa1d9d4c106fe9df12b8a0,ETH,exploit,revokecash,malicious spender/exploit,Arcadia Finance Hack,2025-07-15
0x95012605a19ba97227cd35c25494ab33106ab911,ETH,exploit,revokecash,malicious spender/exploit,Arcadia Finance Hack,2025-07-15
0x59aadab20b9a42129454374628931c40872e88f7,ETH,exploit,revokecash,malicious spender/exploit,Arcadia Finance Hack,2025-07-15
0x9d8f03dc603661a2efc1543b1b675414e976b58a,ETH,exploit,revokecash,malicious spender/exploit,Arcadia Finance Hack,2025-07-15
0x048eb76fa911830793f58a8c1c2ab1f1e97c2a59,ETH,exploit,revokecash,malicious spender/exploit,Arcadia Finance Hack,2025-07-15
0x0964ae391a676dce833a6c8716c6aba805c106a8,ETH,exploit,revokecash,malicious spender/exploit,Arcadia Finance Hack,2025-07-15
0x8720d08d52053c77aee827cb97f4f375fcfb8e9a,ETH,exploit,revokecash,malicious spender/exploit,Arcadia Finance Hack,2025-07-15
0x0cc0990bec080143488a34ccded678917f9fd763,ETH,exploit,revokecash,malicious spender/exploit,Arcadia Finance Hack,2025-07-15
0x777516c89fa84ea5f39422aa98feeab8b59a9d96,ETH,exploit,revokecash,malicious spender/exploit,Arcadia Finance Hack,2025-07-15
0xc449b76dea92629a5fd570f30870d28d4859c5bc,ETH,exploit,revokecash,malicious spender/exploit,Arcadia Finance Hack,2025-07-15
0xdd926a7c1e07d4649d1367f22e90636a52330365,ETH,exploit,revokecash,malicious spender/exploit,Arcadia Finance Hack,2025-07-15
0x771f2ee413eddb1156fda1a3512dcabae560af69,ETH,exploit,revokecash,malicious spender/exploit,Arcadia Finance Hack,2025-07-15
0x5972e68e160e4b74939fec55e7ab86112538a1f6,ETH,exploit,revokecash,malicious spender/exploit,Arcadia Finance Hack,2025-07-15
0x2dc403d9841c7a66007eb4ce9cace63aa06638f9,ETH,exploit,revokecash,malicious spender/exploit,Arcadia Finance Hack,2025-07-15
0xec81c75b111ac993f183de0c7d82acf90444d64b,ETH,exploit,revokecash,malicious spender/exploit,Arcadia Finance Hack,2025-07-15
0xb3451e22e97a802a468688d3e4ef765f2e46cc93,ETH,exploit,revokecash,malicious spender/exploit,Arcadia Finance Hack,2025-07-15
0xa71c8777278cf353da270df8275bbfecbb211bce,ETH,exploit,revokecash,malicious spender/exploit,Arcadia Finance Hack,2025-07-15
0x16ac831833881a1b7f733c3f7683ede47ffc9a0f,ETH,exploit,revokecash,malicious spender/exploit,Arcadia Finance Hack,2025-07-15
0xae82213d85f3eb05b0dfe424f98e31aa75f1d5f4,ETH,exploit,revokecash,malicious spender/exploit,Arcadia Finance Hack,2025-07-15
0x294a997373041c6f2c5fe8bd37694c6cc094d273,ETH,exploit,revokecash,malicious spender/exploit,Arcadia Finance Hack,2025-07-15
0x9c15d95c0807d6b3538b9f1c9f0fce5d2b77579d,ETH,exploit,revokecash,malicious spender/exploit,Arcadia Finance Hack,2025-07-15
0xf53f6fa1c8356e4a3d4a48a943a0a98231223031,ETH,exploit,revokecash,malicious spender/exploit,Arcadia Finance Hack,2025-07-15
0xa6b4f66a0451c8f4c75bc5168073242f3e423058,ETH,exploit,revokecash,malicious spender/exploit,Arcadia Finance Hack,2025-07-15
0x9c8c6ade486a57f22e3f16ec41500c10eb6bea3d,ETH,exploit,revokecash,malicious spender/exploit,Arcadia Finance Hack,2025-07-15
0xfdc6ed0b87e41dec1bc8b9907a246734bb3aa555,ETH,exploit,revokecash,malicious spender/exploit,Arcadia Finance Hack,2025-07-15
0x9cd4974866ff3aaf519de719199be53bed8ad70d,ETH,exploit,revokecash,malicious spender/exploit,Arcadia Finance Hack,2025-07-15
0x370377c56230e35d6775c648755666d5a55c2bfb,ETH,exploit,revokecash,malicious spender/exploit,Arcadia Finance Hack,2025-07-15
0xcf892a8f3cb0d640be7f72dce9b1c4e9e285b3f5,ETH,exploit,revokecash,malicious spender/exploit,Arcadia Finance Hack,2025-07-15
0x4e3f1316f2d8e0b7e78e460851d3a52a5aaf6e8e,ETH,exploit,revokecash,malicious spender/exploit,Arcadia Finance Hack,2025-07-15
0x021b6da1ce2c865734ee836b4b507df501169a9c,ETH,exploit,revokecash,malicious spender/exploit,Arcadia Finance Hack,2025-07-15
0x7ff87ed7ae6e80110276aade21d6350efb19facf,ETH,exploit,revokecash,malicious spender/exploit,Arcadia Finance Hack,2025-07-15
0x34ff3ef884451e64180a1d3f12666a6b44a35a72,ETH,exploit,revokecash,malicious spender/exploit,Arcadia Finance Hack,2025-07-15
0x73ac06e7eec0b8001d0b211fee0b7981f8db0397,ETH,exploit,revokecash,malicious spender/exploit,Arcadia Finance Hack,2025-07-15
0xa32f39848544581e81b22885b09a759057cc15c3,ETH,exploit,revokecash,malicious spender/exploit,Arcadia Finance Hack,2025-07-15
0x272c20919839c072c7192b36f0ef2db4cfe31058,ETH,exploit,revokecash,malicious spender/exploit,Arcadia Finance Hack,2025-07-15
0xebd8e9b4ab0c20928f33ffd56d69ad78debad921,ETH,exploit,revokecash,malicious spender/exploit,Arcadia Finance Hack,2025-07-15
0xa2264c2ec2a994b7629ec656978df99d1e1964c1,ETH,exploit,revokecash,malicious spender/exploit,Arcadia Finance Hack,2025-07-15
0x8c004178750da6231764c8a3cfab8f111e2235fb,ETH,exploit,revokecash,malicious spender/exploit,Arcadia Finance Hack,2025-07-15
0xdafc4dbe824ced223d1bf929664c6ecc0c25437e,ETH,exploit,revokecash,malicious spender/exploit,Arcadia Finance Hack,2025-07-15
0xa6536f69513c9d92ba487475a69a71a3f201157c,ETH,exploit,revokecash,malicious spender/exploit,Arcadia Finance Hack,2025-07-15
0xb9652ee386884368f45ce22556651ff10f956c51,ETH,exploit,revokecash,malicious spender/exploit,Arcadia Finance Hack,2025-07-15
0x1f82728ff5a485c7f244f8e08ea8df7e328d395c,ETH,exploit,revokecash,malicious spender/exploit,Arcadia Finance Hack,2025-07-15
0x5064c75fc9614d9e1b2b2ceb6f6f0b706f9b6bed,ETH,exploit,revokecash,malicious spender/exploit,Arcadia Finance Hack,2025-07-15
0xf7a8d5782d128687d35c292f0ab12f1f636a1cc4,ETH,exploit,revokecash,malicious spender/exploit,Arcadia Finance Hack,2025-07-15
0x1c5ddaccfa9c82624e0020515755c735d7c0409b,ETH,exploit,revokecash,malicious spender/exploit,Arcadia Finance Hack,2025-07-15
0x7190584ea1915ca566fff40722e0a8a67239239b,ETH,exploit,revokecash,malicious spender/exploit,Arcadia Finance Hack,2025-07-15
0x18fdfd7e6068b11c7ea9a7b0761baf061bb3148c,ETH,exploit,revokecash,malicious spender/exploit,Arcadia Finance Hack,2025-07-15
0xf91bf103ee8ccfdd8782a2bc9de2683d754ff93c,ETH,exploit,revokecash,malicious spender/exploit,Arcadia Finance Hack,2025-07-15
0xec3d1fd3c655ca36b9a4d87ebbabc4a9541f28b0,ETH,exploit,revokecash,malicious spender/exploit,Arcadia Finance Hack,2025-07-15
0x62d260faa131622428451549e8a4879adc2d274e,ETH,exploit,revokecash,malicious spender/exploit,Arcadia Finance Hack,2025-07-15
0x12d140828d83e464a1651b000f0ba4cbe3ba538e,ETH,exploit,revokecash,malicious spender/exploit,Arcadia Finance Hack,2025-07-15
0xb63be38ee54f34e6076d150ef5cc797f68afc4db,ETH,exploit,revokecash,malicious spender/exploit,Arcadia Finance Hack,2025-07-15
0x49aa4f73a1f3d3baeaec744cd75a37a8e18d87b6,ETH,exploit,revokecash,malicious spender/exploit,Arcadia Finance Hack,2025-07-15
0xa208aec349d1263c89012ed2346c17601110d256,ETH,exploit,revokecash,malicious spender/exploit,Arcadia Finance Hack,2025-07-15
0x84a3d8d4f6284bd44235e287ecf4aceadbe85614,ETH,exploit,revokecash,malicious spender/exploit,Arcadia Finance Hack,2025-07-15
0x89063dd481d1da34b099b64598b12ba79a497ec5,ETH,exploit,revokecash,malicious spender/exploit,Arcadia Finance Hack,2025-07-15
0x1d10a5d118f84a4fd5ee2c39a1c417eb1b14d206,ETH,exploit,revokecash,malicious spender/exploit,Arcadia Finance Hack,2025-07-15
0x0417aa5f4d06f3e508d505a615fed2617d5530d4,ETH,exploit,revokecash,malicious spender/exploit,Arcadia Finance Hack,2025-07-15
0x34387b1e0eaa83bca551d6665e172412cd81b12f,ETH,exploit,revokecash,malicious spender/exploit,Arcadia Finance Hack,2025-07-15
0x08f45e9ae01960928d1e95e6b3c9cf5259f65cda,ETH,exploit,revokecash,malicious spender/exploit,Arcadia Finance Hack,2025-07-15
0x96b24a3c9ba77a44a9b4d336ec7d3388d5c21e1f,ETH,exploit,revokecash,malicious spender/exploit,Arcadia Finance Hack,2025-07-15
0x6b5e2bcd78b13a7099be695818bdafbc69cac96f,ETH,exploit,revokecash,malicious spender/exploit,Arcadia Finance Hack,2025-07-15
0xcbd65094b5f313ba692b2ec14c9ed409f50ffda8,ETH,exploit,revokecash,malicious spender/exploit,Arcadia Finance Hack,2025-07-15
0xe5de9be0f4a0eee944168ab7d19cd6a46db9afd8,ETH,exploit,revokecash,malicious spender/exploit,Arcadia Finance Hack,2025-07-15
0xc878d781453b88edb8d2496c6726f239b16dab61,ETH,exploit,revokecash,malicious spender/exploit,Arcadia Finance Hack,2025-07-15
0xec147a4057656ef724afeb145f1c8a0934baa110,ETH,exploit,revokecash,malicious spender/exploit,Arcadia Finance Hack,2025-07-15
0xac8611179d65fd69c8c4773ddd6b6ca92fe820cb,ETH,exploit,revokecash,malicious spender/exploit,Arcadia Finance Hack,2025-07-15
0x2bc075677715aa441bbfa50349e85ddb7fd93455,ETH,exploit,revokecash,malicious spender/exploit,Arcadia Finance Hack,2025-07-15
0x3dcad5c9e788833e6f3651b68916278921d709f3,ETH,exploit,revokecash,malicious spender/exploit,Arcadia Finance Hack,2025-07-15
0x3e02d153496621bf431810fbac36bbf4d087e54c,ETH,exploit,revokecash,malicious spender/exploit,Arcadia Finance Hack,2025-07-15
0xae1cc4d03a09827fc8075af2c6ce7a935bdf730c,ETH,exploit,revokecash,malicious spender/exploit,Arcadia Finance Hack,2025-07-15
0xc2e03b14a4fe2f481e52a5628d56d88d054c24d6,ETH,exploit,revokecash,malicious spender/exploit,Arcadia Finance Hack,2025-07-15
0x6e9797c33d01ec9fb056225bdf919192de9d7a21,ETH,exploit,revokecash,malicious spender/exploit,Arcadia Finance Hack,2025-07-15
0x04c444ececcbb4a7c484e48e32018aa5c822c1c2,ETH,exploit,revokecash,malicious spender/exploit,Arcadia Finance Hack,2025-07-15
0xd10c26639307561bc3ce43fe7b3477cd18ca7295,ETH,exploit,revokecash,malicious spender/exploit,Arcadia Finance Hack,2025-07-15
0x2931bd4772295d08a543b635d3976e62bc958374,ETH,exploit,revokecash,malicious spender/exploit,Arcadia Finance Hack,2025-07-15
0x24c1a2f5daede81551c4ebf1793625f96d573362,ETH,exploit,revokecash,malicious spender/exploit,Arcadia Finance Hack,2025-07-15
0xb723f42431fa8c12b1f4501b2721e5d88dd4a009,ETH,exploit,revokecash,malicious spender/exploit,Arcadia Finance Hack,2025-07-15
0x10ba825ab53f89e4b970b150775718e177707d6d,ETH,exploit,revokecash,malicious spender/exploit,Arcadia Finance Hack,2025-07-15
0xe5c63654704a55aa8fd927e26b17a9123b48e840,ETH,exploit,revokecash,malicious spender/exploit,Arcadia Finance Hack,2025-07-15
0xe747166f150e2c0282d88d659bae7244f1137ff4,ETH,exploit,revokecash,malicious spender/exploit,Arcadia Finance Hack,2025-07-15
0xf64e075362e59c6f0403335edc498726db9fc01f,ETH,exploit,revokecash,malicious spender/exploit,Arcadia Finance Hack,2025-07-15
0xa6c98e2b39a39928364631ba8ab1c811cecf12c0,ETH,exploit,revokecash,malicious spender/exploit,Arcadia Finance Hack,2025-07-15
0x49a1648e1ac6205ff5d96a688736da99c63b59b2,ETH,exploit,revokecash,malicious spender/exploit,Arcadia Finance Hack,2025-07-15
0xa3abc34ea92e6859ba2f228e2ad5d0e0f1f2113e,ETH,exploit,revokecash,malicious spender/exploit,Arcadia Finance Hack,2025-07-15
0x7c6ebaf9c6184eb77148c79ce4bc9035b0e3c30b,ETH,exploit,revokecash,malicious spender/exploit,Arcadia Finance Hack,2025-07-15
0x4c88bc5b706e8cd9f1e6bf3601aa20a407dc0908,ETH,exploit,revokecash,malicious spender/exploit,Arcadia Finance Hack,2025-07-15
0x401913f0594f2a15152daecba3b5205cafbcf566,ETH,exploit,revokecash,malicious spender/exploit,Arcadia Finance Hack,2025-07-15
0x4add5ee4bb6ce1b83e9650c65b8ebff5fb9d296c,ETH,exploit,revokecash,malicious spender/exploit,Arcadia Finance Hack,2025-07-15
0xc44b71e08dc545623b83c1b251d1792d00a5ac9d,ETH,exploit,revokecash,malicious spender/exploit,Arcadia Finance Hack,2025-07-15
0xf3a1c330f27891fbc41e00875c49737ef69997a3,ETH,exploit,revokecash,malicious spender/exploit,Arcadia Finance Hack,2025-07-15
0xf0cc43a63e53e80bd279edf96cc9ec895c5f9e95,ETH,exploit,revokecash,malicious spender/exploit,Arcadia Finance Hack,2025-07-15
0x2e01a2fb2e212e0df2d14bb261a657fae1bbc9f7,ETH,exploit,revokecash,malicious spender/exploit,Arcadia Finance Hack,2025-07-15
0x640c2b15b5209549a9539d996d3e8b0123b140ed,ETH,exploit,revokecash,malicious spender/exploit,Arcadia Finance Hack,2025-07-15
0xa7841d1caa38494f233b4cfe2c79ac9a7e092081,ETH,exploit,revokecash,malicious spender/exploit,Arcadia Finance Hack,2025-07-15
0x0fd9a49b8b89716a3f3f7a8fda09ceb46d8db3bf,ETH,exploit,revokecash,malicious spender/exploit,Arcadia Finance Hack,2025-07-15
0x81339dba2e0a1996bc1992cefe532bfe84d778b2,ETH,exploit,revokecash,malicious spender/exploit,Arcadia Finance Hack,2025-07-15
0xd253952d7dcea7e8908c08223778a59cca4c9651,ETH,exploit,revokecash,malicious spender/exploit,Arcadia Finance Hack,2025-07-15
0xe300948ab571b93caba5bc4c845f8b83f4f04780,ETH,exploit,revokecash,malicious spender/exploit,Arcadia Finance Hack,2025-07-15
0x41df69702193c9d0ef4cf5d31451a18de629fd5b,ETH,exploit,revokecash,malicious spender/exploit,Arcadia Finance Hack,2025-07-15
0x7278447dc01e144966e03628e23cf24d04327874,ETH,exploit,revokecash,malicious spender/exploit,Arcadia Finance Hack,2025-07-15
0x4aa43745cc08b92cc3b0c3f87bc98c8340ec5e4f,ETH,exploit,revokecash,malicious spender/exploit,Arcadia Finance Hack,2025-07-15
0x5f8d22b9953a00524c2800532677f483c8c16898,ETH,exploit,revokecash,malicious spender/exploit,Arcadia Finance Hack,2025-07-15
0x032648ca754f8d726348078b7747cdb77e278fe7,ETH,exploit,revokecash,malicious spender/exploit,Arcadia Finance Hack,2025-07-15
0xa44d010dd2011bfc9e20ff77327c3ae724e198ea,ETH,exploit,revokecash,malicious spender/exploit,Arcadia Finance Hack,2025-07-15
0x3bc46636521079eec1883a4dece521e90c0d6620,ETH,exploit,revokecash,malicious spender/exploit,Arcadia Finance Hack,2025-07-15
0x8f45b3cf7ee7953521bef1f3836cb20e5fcd9478,ETH,exploit,revokecash,malicious spender/exploit,Arcadia Finance Hack,2025-07-15
0xb53636140022083476c7653f0cda99b55ba5b327,ETH,exploit,revokecash,malicious spender/exploit,Arcadia Finance Hack,2025-07-15
0x23fcf07fed3bb78a9674cca6583510e12ce6b1c9,ETH,exploit,revokecash,malicious spender/exploit,Arcadia Finance Hack,2025-07-15
0x14450a9554c4afcdbb86ef16661c77f524de4c5f,ETH,exploit,revokecash,malicious spender/exploit,Arcadia Finance Hack,2025-07-15
0x798c7588442a976598e5e34bf5911d54ddc08743,ETH,exploit,revokecash,malicious spender/exploit,Arcadia Finance Hack,2025-07-15
0xd7d8d0d8cf1220199ec357fe153c511a00dca31a,ETH,exploit,revokecash,malicious spender/exploit,Arcadia Finance Hack,2025-07-15
0x9984406e7fa2a4b63e03ca043838227779bf21d3,ETH,exploit,revokecash,malicious spender/exploit,Arcadia Finance Hack,2025-07-15
0xade6e78d14c3c01437da7db939160a742c80ff46,ETH,exploit,revokecash,malicious spender/exploit,Arcadia Finance Hack,2025-07-15
0xb7e4cea240bffc7d5fed68ceb52052330eb6f4d2,ETH,exploit,revokecash,malicious spender/exploit,Arcadia Finance Hack,2025-07-15
0x3c23e7bdf8c6e3d67c5e2f1e10aa3cd1dfc8f7d5,ETH,exploit,revokecash,malicious spender/exploit,Arcadia Finance Hack,2025-07-15
0x8ead94bd4cb29c1418a2aa43c8be6d77cead5a64,ETH,exploit,revokecash,malicious spender/exploit,Arcadia Finance Hack,2025-07-15
0x941efcb17013dd7ce6049ae19152389fbee5fc8e,ETH,exploit,revokecash,malicious spender/exploit,Arcadia Finance Hack,2025-07-15
0xa37891b84ccdf564c270e1a0717a135184b01634,ETH,exploit,revokecash,malicious spender/exploit,Arcadia Finance Hack,2025-07-15
0xf81e691faa584cb4446da82443ce747ef922037c,ETH,exploit,revokecash,malicious spender/exploit,Arcadia Finance Hack,2025-07-15
0x3b84ceb9836a0b5fd583978a2b77a99ad2f1696d,ETH,exploit,revokecash,malicious spender/exploit,Arcadia Finance Hack,2025-07-15
0x32be85ea6be4748d3cc5296c06309cf3b6894538,ETH,exploit,revokecash,malicious spender/exploit,Arcadia Finance Hack,2025-07-15
0x5735aa555a462431260b9a57f69da70d0f3b9685,ETH,exploit,revokecash,malicious spender/exploit,Arcadia Finance Hack,2025-07-15
0xa10b9dc27ce0b83c3aceb95cce2296d3426e6967,ETH,exploit,revokecash,malicious spender/exploit,Arcadia Finance Hack,2025-07-15
0xcd809fcf7cee7db4afeef9b69db3e539fb30afdf,ETH,exploit,revokecash,malicious spender/exploit,Arcadia Finance Hack,2025-07-15
0x656ed2d5f12b6aa3c32b5197d20917e07516d4c7,ETH,exploit,revokecash,malicious spender/exploit,Arcadia Finance Hack,2025-07-15
0x28fcf15d35ef1d470770a63160883acdaf3bcb23,ETH,exploit,revokecash,malicious spender/exploit,Arcadia Finance Hack,2025-07-15
0x22634a67301ad3b99fe1d8eb59e00bbcb4eb684e,ETH,exploit,revokecash,malicious spender/exploit,Arcadia Finance Hack,2025-07-15
0xa3d3697e004aebd459a24aa4272a88fb8fef5d22,ETH,exploit,revokecash,malicious spender/exploit,Arcadia Finance Hack,2025-07-15
0x8bb8097956a06a97ffee54d7eef514951377099d,ETH,exploit,revokecash,malicious spender/exploit,Arcadia Finance Hack,2025-07-15
0x7f3067988dcc285828d67af32d274fc24976a1e2,ETH,exploit,revokecash,malicious spender/exploit,Arcadia Finance Hack,2025-07-15
0x6b7fdb3f087b53854940b2b929a57b7ba3366684,ETH,exploit,revokecash,malicious spender/exploit,Arcadia Finance Hack,2025-07-15
0xca8c0f854b9c2ce8fe747b3d7c8212c1dbc7bb9d,ETH,exploit,revokecash,malicious spender/exploit,Arcadia Finance Hack,2025-07-15
0x2f9d5a3fc15844660cbfa966a1ed6aa2f3b05d63,ETH,exploit,revokecash,malicious spender/exploit,Arcadia Finance Hack,2025-07-15
0x6d61ede00149b375acaa7ece428e686bb56663f6,ETH,exploit,revokecash,malicious spender/exploit,Arcadia Finance Hack,2025-07-15
0x57dc1b1979e184df9dc97e5228e4d14c2271471d,ETH,exploit,revokecash,malicious spender/exploit,Arcadia Finance Hack,2025-07-15
0x54142c3d9ccec18fa9c3ce00fba5a48bb2d27b29,ETH,exploit,revokecash,malicious spender/exploit,Arcadia Finance Hack,2025-07-15
0x53c6ec7bc1d053de8929e4c895f06344ceffc507,ETH,exploit,revokecash,malicious spender/exploit,Arcadia Finance Hack,2025-07-15
0xc0b2c61406dc5b8f4dac718960b5ff918dd06127,ETH,exploit,revokecash,malicious spender/exploit,Arcadia Finance Hack,2025-07-15
0xc1dde060134c04d6616efce29028118ed73077cb,ETH,exploit,revokecash,malicious spender/exploit,Arcadia Finance Hack,2025-07-15
0xe4b7321c04b616db5022df68c638dff671e2ae81,ETH,exploit,revokecash,malicious spender/exploit,Arcadia Finance Hack,2025-07-15
0x2568944aa427f4ae31c45edf9ac4710b719293e7,ETH,exploit,revokecash,malicious spender/exploit,Arcadia Finance Hack,2025-07-15
0x2ff03a3086aa8cd64699501952882c8e75d6c619,ETH,exploit,revokecash,malicious spender/exploit,Arcadia Finance Hack,2025-07-15
0xdf90b1553e22fc45069190df155b40e31f20f831,ETH,exploit,revokecash,malicious spender/exploit,Arcadia Finance Hack,2025-07-15
0x6999fb50d24856a39bb5bcaa4726fe5a620498c5,ETH,exploit,revokecash,malicious spender/exploit,Arcadia Finance Hack,2025-07-15
0x08242bc6505473d1339df0ae929090d473f9d44f,ETH,exploit,revokecash,malicious spender/exploit,Arcadia Finance Hack,2025-07-15
0xe9342e8a4fb56072b115d31b38c21969ccb478f5,ETH,exploit,revokecash,malicious spender/exploit,Arcadia Finance Hack,2025-07-15
0x9e003858c53ac42e45cb3d03f386c5e1d630e9de,ETH,exploit,revokecash,malicious spender/exploit,Arcadia Finance Hack,2025-07-15
0xc372b91f6ffe91009caaa24aba70898b82c9f159,ETH,exploit,revokecash,malicious spender/exploit,Arcadia Finance Hack,2025-07-15
0x9aa42ea242cbdc3f6769e8c0654bc319cbe59917,ETH,exploit,revokecash,malicious spender/exploit,Arcadia Finance Hack,2025-07-15
0x93ef9102d27537a5145d69b9da5b5afa6cc52658,ETH,exploit,revokecash,malicious spender/exploit,Arcadia Finance Hack,2025-07-15
0x220910b085ef3215d9e4c1de99524b6ec956a736,ETH,exploit,revokecash,malicious spender/exploit,Arcadia Finance Hack,2025-07-15
0xbb9845ed2c9a7e8d45988be376a80601e890f71c,ETH,exploit,revokecash,malicious spender/exploit,Arcadia Finance Hack,2025-07-15
0xacc1106e2ed0911ef99522b26fdb8cb6f387f97c,ETH,exploit,revokecash,malicious spender/exploit,Arcadia Finance Hack,2025-07-15
0x4854e83bedb7bb0249063ba34116f4cffce62337,ETH,exploit,revokecash,malicious spender/exploit,Arcadia Finance Hack,2025-07-15
0x9aaa8e476286c5b8a686163610bab716e0b5d341,ETH,exploit,revokecash,malicious spender/exploit,Arcadia Finance Hack,2025-07-15
0x69adb5bc3f39e6af4b26f53789ea559ab5358265,ETH,exploit,revokecash,malicious spender/exploit,Arcadia Finance Hack,2025-07-15
0x22bc2ba2ab5a0cf235b16f600a1e493f2d5d07aa,ETH,exploit,revokecash,malicious spender/exploit,Arcadia Finance Hack,2025-07-15
0x17c424d373c34904744d9abb27f4a17849c17b76,ETH,exploit,revokecash,malicious spender/exploit,Arcadia Finance Hack,2025-07-15
0xa328d21de77fd759522c18108fbe046e38f99cad,ETH,exploit,revokecash,malicious spender/exploit,Arcadia Finance Hack,2025-07-15
0x1dac579f7b5be54208d21a0cc9a701a6c20aad31,ETH,exploit,revokecash,malicious spender/exploit,Arcadia Finance Hack,2025-07-15
0x679f2ea8bb951b65e371354f3d9502199bf0c15f,ETH,exploit,revokecash,malicious spender/exploit,Arcadia Finance Hack,2025-07-15
0xb3e6eacab9613244fabb6b89596793ecdb040f9d,ETH,exploit,revokecash,malicious spender/exploit,Arcadia Finance Hack,2025-07-15
0xed5e0d4cb9c33a56d90931b5121228ab91c44cb9,ETH,exploit,revokecash,malicious spender/exploit,Arcadia Finance Hack,2025-07-15
0x6279237347602a5491da75155ee2bc802ddfb4b1,ETH,exploit,revokecash,malicious spender/exploit,Arcadia Finance Hack,2025-07-15
0x344daa05796253755984a929642f7c7c0c0fe5d7,ETH,exploit,revokecash,malicious spender/exploit,Arcadia Finance Hack,2025-07-15
0xc0004d35df1068c8a95bd9a79a638f0ee0fb174f,ETH,exploit,revokecash,malicious spender/exploit,Arcadia Finance Hack,2025-07-15
0x140d6befeaec472680be5fad36c4aff50c93410e,ETH,exploit,revokecash,malicious spender/exploit,Arcadia Finance Hack,2025-07-15
0xb60eadc16ae8503b81099c94f5fb6dafbae95d8d,ETH,exploit,revokecash,malicious spender/exploit,Arcadia Finance Hack,2025-07-15
0x09a0a37c7c7feea27a9a00c6dc9fc1e5a6bcf000,ETH,exploit,revokecash,malicious spender/exploit,Arcadia Finance Hack,2025-07-15
0x9cdf8f5752146aec64bd39bb95b44b70063064d7,ETH,exploit,revokecash,malicious spender/exploit,Arcadia Finance Hack,2025-07-15
0x0efdbb9007acfa609578ddbf1d724b4c320d6eba,ETH,exploit,revokecash,malicious spender/exploit,Arcadia Finance Hack,2025-07-15
0x33b0a622dcc9ffe23e3023a6a068fc50e8f95f33,ETH,exploit,revokecash,malicious spender/exploit,Arcadia Finance Hack,2025-07-15
0xdd313354972f56236254333c68d996e3b4e41fd7,ETH,exploit,revokecash,malicious spender/exploit,Arcadia Finance Hack,2025-07-15
0x17ae2d79467f649c7495abe8f54bd13ce6ae2f65,ETH,exploit,revokecash,malicious spender/exploit,Arcadia Finance Hack,2025-07-15
0x6939fa4bebb3188a343bbc0967578caf99269219,ETH,exploit,revokecash,malicious spender/exploit,Arcadia Finance Hack,2025-07-15
0x593bb970d1eebccd6c0d4fb914395032c373eb78,ETH,exploit,revokecash,malicious spender/exploit,Arcadia Finance Hack,2025-07-15
0x7d9ac9c660ed7e3c4a7b96bf1d0d64c38f220677,ETH,exploit,revokecash,malicious spender/exploit,Arcadia Finance Hack,2025-07-15
0x0abf09f589ec84443924337f2f1482b07b110a01,ETH,exploit,revokecash,malicious spender/exploit,Arcadia Finance Hack,2025-07-15
0x92b8c4fa0e37c0f17bb8cee7e114126c062ae361,ETH,exploit,revokecash,malicious spender/exploit,Arcadia Finance Hack,2025-07-15
0x8a29338b0e1f0418ce9ebaad24327770477b33d6,ETH,exploit,revokecash,malicious spender/exploit,Arcadia Finance Hack,2025-07-15
0xb76652c9e1f7feec7eee00e83a4e7bc2a01c977c,ETH,exploit,revokecash,malicious spender/exploit,Arcadia Finance Hack,2025-07-15
0x094e7a697035444287c9fc22a1061be775f53b60,ETH,exploit,revokecash,malicious spender/exploit,Arcadia Finance Hack,2025-07-15
0xa84974a1df3040fb594da9c0cda35e75bea93df3,ETH,exploit,revokecash,malicious spender/exploit,Arcadia Finance Hack,2025-07-15
0xbb32d5b94de3622964d6730dffa32da7e848d17d,ETH,exploit,revokecash,malicious spender/exploit,Arcadia Finance Hack,2025-07-15
0x0dd09dc43723fa996d8ce708a3c95d1c84c63c12,ETH,exploit,revokecash,malicious spender/exploit,Arcadia Finance Hack,2025-07-15
0xbc3c47946051d4ca80bb14b456f16b8e9cb268ab,ETH,exploit,revokecash,malicious spender/exploit,Arcadia Finance Hack,2025-07-15
0x7e2b297f12d76206f8601684cff00411a4e4af2e,ETH,exploit,revokecash,malicious spender/exploit,Arcadia Finance Hack,2025-07-15
0x60fe133926d760f700985e0b6db9833ac535bf5c,ETH,exploit,revokecash,malicious spender/exploit,Arcadia Finance Hack,2025-07-15
0xc93401fc7b3ba5749a914d20c476304f398b687d,ETH,exploit,revokecash,malicious spender/exploit,Arcadia Finance Hack,2025-07-15
0x326d7ca8617b893270a56904e36dcc95dcd1ca05,ETH,exploit,revokecash,malicious spender/exploit,Arcadia Finance Hack,2025-07-15
0x9ef53d43be5d8906dae7b970d13f5fcb1e460a9f,ETH,exploit,revokecash,malicious spender/exploit,Arcadia Finance Hack,2025-07-15
0xd278235628e569cc16cfa316999ffb74d2462620,ETH,exploit,revokecash,malicious spender/exploit,Arcadia Finance Hack,2025-07-15
0xced1f5012988bb54d869476e9156a1efb7bef357,ETH,exploit,revokecash,malicious spender/exploit,Arcadia Finance Hack,2025-07-15
0xef216459e67b3c182349180baba150a247ddef7b,ETH,exploit,revokecash,malicious spender/exploit,Arcadia Finance Hack,2025-07-15
0x3de2d7a6231edc4c41f2eb318a413ade4e5e239f,ETH,exploit,revokecash,malicious spender/exploit,Arcadia Finance Hack,2025-07-15
0x51d8994b6c0b555e54f2ab83460a1469582f3e95,ETH,exploit,revokecash,malicious spender/exploit,Arcadia Finance Hack,2025-07-15
0x2b21cc74cb67cd8296fb355acbb09a3d2878c12c,ETH,exploit,revokecash,malicious spender/exploit,Arcadia Finance Hack,2025-07-15
0xd4d833116cb55288df5a52d286935034e09232e1,ETH,exploit,revokecash,malicious spender/exploit,Arcadia Finance Hack,2025-07-15
0x7f54fc772d5b975b3dd8eca6d70408d8841a9691,ETH,exploit,revokecash,malicious spender/exploit,Arcadia Finance Hack,2025-07-15
0x817fa052bc14e5f5e2d165eeae4ef659ca371786,ETH,exploit,revokecash,malicious spender/exploit,Arcadia Finance Hack,2025-07-15
0x71b7f61993df58f527e611bd15e0f8a00cc70952,ETH,exploit,revokecash,malicious spender/exploit,Arcadia Finance Hack,2025-07-15
0xe2114ff7dcd91620ce6c851d9cc5a4d7514f4006,ETH,exploit,revokecash,malicious spender/exploit,Arcadia Finance Hack,2025-07-15
0x7166b446b76759d64f970fe04aa2088cdcac0153,ETH,exploit,revokecash,malicious spender/exploit,Arcadia Finance Hack,2025-07-15
0x85ca7a6d82c2b8f5da6bdaa6594bfaee33874958,ETH,exploit,revokecash,malicious spender/exploit,Arcadia Finance Hack,2025-07-15
0x1cdf54ea50605a9e381b8fc35cc789af6c441e55,ETH,exploit,revokecash,malicious spender/exploit,Arcadia Finance Hack,2025-07-15
0x319b6cf1fae0a922ba2779b05fb9b6f527b3d9ea,ETH,exploit,revokecash,malicious spender/exploit,Arcadia Finance Hack,2025-07-15
0xf3eefb52255c3d9fe3c252821959f82dba2c5c06,ETH,exploit,revokecash,malicious spender/exploit,Arcadia Finance Hack,2025-07-15
0xea871a3c749f88785618b6d2628e9d9cd0453141,ETH,exploit,revokecash,malicious spender/exploit,Arcadia Finance Hack,2025-07-15
0x99cc89f7c012d733e861c96ffa4509244b0ff928,ETH,exploit,revokecash,malicious spender/exploit,Arcadia Finance Hack,2025-07-15
0x0ba7d87b0a4bd2337b0316706aae23f089e2176a,ETH,exploit,revokecash,malicious spender/exploit,Arcadia Finance Hack,2025-07-15
0xc36383689b607736727cd0aa1750ba463448bf04,ETH,exploit,revokecash,malicious spender/exploit,Arcadia Finance Hack,2025-07-15
0xb3a3056dcd33902e0f200edc4d1505363658967a,ETH,exploit,revokecash,malicious spender/exploit,Arcadia Finance Hack,2025-07-15
0x3a690cb166b6520b373499cee9aae0ff5d626f48,ETH,exploit,revokecash,malicious spender/exploit,Arcadia Finance Hack,2025-07-15
0x9a0d5e3e8e5fca41eee7d133567df92c043f7e4c,ETH,exploit,revokecash,malicious spender/exploit,Arcadia Finance Hack,2025-07-15
0x8b50b434faacea6322332dff3c7d2a57ff28ede0,ETH,exploit,revokecash,malicious spender/exploit,Arcadia Finance Hack,2025-07-15
0x1d275360518b4b96ac422b8b0f5c473c2b3330a6,ETH,exploit,revokecash,malicious spender/exploit,Arcadia Finance Hack,2025-07-15
0xc5360e833ad836b33196b4dff8c98685a5f03a86,ETH,exploit,revokecash,malicious spender/exploit,Arcadia Finance Hack,2025-07-15
0x74023a530ba3c6ecf9873b021813a0e01aa56bd6,ETH,exploit,revokecash,malicious spender/exploit,Arcadia Finance Hack,2025-07-15
0xc69bcef54eae131d37b83e1c4ed969976c20c582,ETH,exploit,revokecash,malicious spender/exploit,Arcadia Finance Hack,2025-07-15
0xb52b03b09177fe24f4f7eb8af7df55cd8e9b6a10,ETH,exploit,revokecash,malicious spender/exploit,Arcadia Finance Hack,2025-07-15
0x8f14d2840c2cdb5bc0489b24d0157f773de10eea,ETH,exploit,revokecash,malicious spender/exploit,Arcadia Finance Hack,2025-07-15
0x05261fe76ab64398cffabceae173919c830a3a92,ETH,exploit,revokecash,malicious spender/exploit,Arcadia Finance Hack,2025-07-15
0xf15fa63a486b921abae781ee7ac2de99258d99bc,ETH,exploit,revokecash,malicious spender/exploit,Arcadia Finance Hack,2025-07-15
0xf60d4b4a2999709cf2f57dcfa222a8ce86e0a419,ETH,exploit,revokecash,malicious spender/exploit,Arcadia Finance Hack,2025-07-15
0xea1d547f65cffaa318bec8e70e842dbcadafc2ab,ETH,exploit,revokecash,malicious spender/exploit,Arcadia Finance Hack,2025-07-15
0xbf94ca834ca53ecbbbcc7827f8dfc999dcefbb59,ETH,exploit,revokecash,malicious spender/exploit,Arcadia Finance Hack,2025-07-15
0x17eeb7aa41b10eb105ad1499810f8c72423b922a,ETH,exploit,revokecash,malicious spender/exploit,Arcadia Finance Hack,2025-07-15
0x8ee76b51e6081205e75e43068d865ddc398bb7f2,ETH,exploit,revokecash,malicious spender/exploit,Arcadia Finance Hack,2025-07-15
0x4ed1d9a340e44e45693a80edc5442a22912d9e94,ETH,exploit,revokecash,malicious spender/exploit,Arcadia Finance Hack,2025-07-15
0xf36a02ece00a364258a6bc6f84220fbef1aacfda,ETH,exploit,revokecash,malicious spender/exploit,Arcadia Finance Hack,2025-07-15
0xa5342034840c2168ba8f50afe2c412e5452ed4b3,ETH,exploit,revokecash,malicious spender/exploit,Arcadia Finance Hack,2025-07-15
0xd1d260587db5869b7ab4d8c71f4b1acc154c85fb,ETH,exploit,revokecash,malicious spender/exploit,Arcadia Finance Hack,2025-07-15
0xd0e1730536a7a2522ea9cc29435d5c01a3a239b4,ETH,exploit,revokecash,malicious spender/exploit,Arcadia Finance Hack,2025-07-15
0x0f4dcd25358784c04f74dcd9b8afbdb167d0e4fc,ETH,exploit,revokecash,malicious spender/exploit,Arcadia Finance Hack,2025-07-15
0x966fddb0eb65455652568e93e92a29642fd4667b,ETH,exploit,revokecash,malicious spender/exploit,Arcadia Finance Hack,2025-07-15
0x2c4f0ba829df9ba2975d2609f6104c8cf06516b1,ETH,exploit,revokecash,malicious spender/exploit,Arcadia Finance Hack,2025-07-15
0x02af73d4303149e955f87d83e761defe4d2723c9,ETH,exploit,revokecash,malicious spender/exploit,Arcadia Finance Hack,2025-07-15
0x6df5b1b1044ee87a9535410256b13b18e49d6764,ETH,exploit,revokecash,malicious spender/exploit,Arcadia Finance Hack,2025-07-15
0x0b3e82f7c09cd090a7c9400f74acfb2582dd4ec2,ETH,exploit,revokecash,malicious spender/exploit,Arcadia Finance Hack,2025-07-15
0x71aea44660da608d96418c8d3e2099ac72db55c8,ETH,exploit,revokecash,malicious spender/exploit,Arcadia Finance Hack,2025-07-15
0x4ce0579027aadca242ca7cfc03d45fa88c819d9f,ETH,exploit,revokecash,malicious spender/exploit,Arcadia Finance Hack,2025-07-15
0xf633e5b9e0cc1b19cbf4dc416a758cf185d05ffd,ETH,exploit,revokecash,malicious spender/exploit,Arcadia Finance Hack,2025-07-15
0xded1464d7a1ba51708fb52f8afeac3112d87f3ae,ETH,exploit,revokecash,malicious spender/exploit,Arcadia Finance Hack,2025-07-15
0xcf0a3f41dac9320aaa494db21002ca89c5f6ffc5,ETH,exploit,revokecash,malicious spender/exploit,Arcadia Finance Hack,2025-07-15
0xb555be2d77b34db46baa490ee4ee013a383775bd,ETH,exploit,revokecash,malicious spender/exploit,Arcadia Finance Hack,2025-07-15
0x7be8ac01f5f9f3e237c5b365b156198a0583522a,ETH,exploit,revokecash,malicious spender/exploit,Arcadia Finance Hack,2025-07-15
0xf402a226ce2cdef2376b8ae309041658c7181ed9,ETH,exploit,revokecash,malicious spender/exploit,Arcadia Finance Hack,2025-07-15
0x554411b6c5be36cd72d9053536a1c26f519a9abc,ETH,exploit,revokecash,malicious spender/exploit,Arcadia Finance Hack,2025-07-15
0x289b23712860faa547728c6b32caadf7ec766998,ETH,exploit,revokecash,malicious spender/exploit,Arcadia Finance Hack,2025-07-15
0x7592f8d0d08b9e14e030921ae2c8b731c3826ac4,ETH,exploit,revokecash,malicious spender/exploit,Arcadia Finance Hack,2025-07-15
0x4234407dd463d3cbb9f099df35ec0af926bf8388,ETH,exploit,revokecash,malicious spender/exploit,Arcadia Finance Hack,2025-07-15
0xbb12d01abd6f3adf4d904b45e52fbe4c571945a3,ETH,exploit,revokecash,malicious spender/exploit,Arcadia Finance Hack,2025-07-15
0x463c9f8b67fd5184bf5de45a5bd2c573e81d0931,ETH,exploit,revokecash,malicious spender/exploit,Arcadia Finance Hack,2025-07-15
0x35014529fd92e7443d664fb48b221c7cdac85321,ETH,exploit,revokecash,malicious spender/exploit,Arcadia Finance Hack,2025-07-15
0xd142351ef4637033c69e5e08c268606e73242450,ETH,exploit,revokecash,malicious spender/exploit,Arcadia Finance Hack,2025-07-15
0xa95f6b63846267288de24e0d9ee435e96cc291b8,ETH,exploit,revokecash,malicious spender/exploit,Arcadia Finance Hack,2025-07-15
0x35fd07f9dbda2ca1e34bba3a7377852be60a227d,ETH,exploit,revokecash,malicious spender/exploit,Arcadia Finance Hack,2025-07-15
0x4608bda70d9138b1cc38eef2a67b127115e873cd,ETH,exploit,revokecash,malicious spender/exploit,Arcadia Finance Hack,2025-07-15
0x63d1cb0510dea3c51c6a527b472b9b79d39076d1,ETH,exploit,revokecash,malicious spender/exploit,Arcadia Finance Hack,2025-07-15
0x31075b5cafda5b47412afea99c61f769ba39a4ff,ETH,exploit,revokecash,malicious spender/exploit,Arcadia Finance Hack,2025-07-15
0x9f45fb940fb93c359ee8fcd1dbbc4b4645fded8e,ETH,exploit,revokecash,malicious spender/exploit,Arcadia Finance Hack,2025-07-15
0x917f03710f63183fea64bac4637e8208c47098e1,ETH,exploit,revokecash,malicious spender/exploit,Arcadia Finance Hack,2025-07-15
0xe169f633227b92c6d07ad6e73d984ebb3efa2c8a,ETH,exploit,revokecash,malicious spender/exploit,Arcadia Finance Hack,2025-07-15
0x27509f07407624cf475469071773a66cd9097a45,ETH,exploit,revokecash,malicious spender/exploit,Arcadia Finance Hack,2025-07-15
0x3953e3c28b5f379b88aa7e3e00acc86c7193b234,ETH,exploit,revokecash,malicious spender/exploit,Arcadia Finance Hack,2025-07-15
0x719b985a8b2939852f03a4b10a528925df2d4519,ETH,exploit,revokecash,malicious spender/exploit,Arcadia Finance Hack,2025-07-15
0xbd9321b2e9215203eb11bfd9ceadc15fd37f9d52,ETH,exploit,revokecash,malicious spender/exploit,Arcadia Finance Hack,2025-07-15
0xbeb7c9018cd7d358ba6f786b9391ebd4cfbf1ea4,ETH,exploit,revokecash,malicious spender/exploit,Arcadia Finance Hack,2025-07-15
0x48ee7d41a69aa135f6afe707dd61500d800a97f3,ETH,exploit,revokecash,malicious spender/exploit,Arcadia Finance Hack,2025-07-15
0x595d16f0b6f922e883003f3815030238772c79ea,ETH,exploit,revokecash,malicious spender/exploit,Arcadia Finance Hack,2025-07-15
0xfe1854b117556db7ed0b2b2d16f4196631dd914a,ETH,exploit,revokecash,malicious spender/exploit,Arcadia Finance Hack,2025-07-15
0x52dc37c49a367b2df667f35c65dde445a989bbe4,ETH,exploit,revokecash,malicious spender/exploit,Arcadia Finance Hack,2025-07-15
0x1615bf75e98eae51abf60c651cbc992f09b82e18,ETH,exploit,revokecash,malicious spender/exploit,Arcadia Finance Hack,2025-07-15
0x16427a3dcb8d2aba6222ab111b74dae6da6eb9a9,ETH,exploit,revokecash,malicious spender/exploit,Arcadia Finance Hack,2025-07-15
0xdb645dbcd0ba0e16dee1acc9c5596defd93c17cc,ETH,exploit,revokecash,malicious spender/exploit,Arcadia Finance Hack,2025-07-15
0x857ceb73ebc7ff4c918e6fba7d3d0f2bc04aff9d,ETH,exploit,revokecash,malicious spender/exploit,Arcadia Finance Hack,2025-07-15
0x060fb5ef551601531b2b36c92071698e927bff89,ETH,exploit,revokecash,malicious spender/exploit,Arcadia Finance Hack,2025-07-15
0xedb3ac5e60f452e305b70bbe96e462fcf2da7e01,ETH,exploit,revokecash,malicious spender/exploit,Arcadia Finance Hack,2025-07-15
0xdd7fadc590a5654c4bc31e8a5941cfa8f320bfd8,ETH,exploit,revokecash,malicious spender/exploit,Arcadia Finance Hack,2025-07-15
0x318f5f85665fd585b144b0de3b4806d01b3cb42f,ETH,exploit,revokecash,malicious spender/exploit,Arcadia Finance Hack,2025-07-15
0x7f38a1a69de62ba171d9d50819a7bf90399a9cff,ETH,exploit,revokecash,malicious spender/exploit,Arcadia Finance Hack,2025-07-15
0x23b02921c5524d0ce8f8994fed02325f02080cf6,ETH,exploit,revokecash,malicious spender/exploit,Arcadia Finance Hack,2025-07-15
0x201385ff9faef60a04c0991e5a415e408bd90d6c,ETH,exploit,revokecash,malicious spender/exploit,Arcadia Finance Hack,2025-07-15
0xb4f8a6c8292a756f1a80208a943edf4a5905b296,ETH,exploit,revokecash,malicious spender/exploit,Arcadia Finance Hack,2025-07-15
0x3f7df5479d4729788fb90f85a8cfeee9e5488755,ETH,exploit,revokecash,malicious spender/exploit,Arcadia Finance Hack,2025-07-15
0x03ca158bbc1f0d39cde7280997fd82c962cb970f,ETH,exploit,revokecash,malicious spender/exploit,Arcadia Finance Hack,2025-07-15
0xe0734a4c9d0c2e488ca073fcb5db1207c4c175e4,ETH,exploit,revokecash,malicious spender/exploit,Arcadia Finance Hack,2025-07-15
0x4e3dd660a8b4074ea00ed2673acad8cd49a7fc18,ETH,exploit,revokecash,malicious spender/exploit,Arcadia Finance Hack,2025-07-15
0x95d6e858325838cac330a9e3d34b85b3e7802909,ETH,exploit,revokecash,malicious spender/exploit,Arcadia Finance Hack,2025-07-15
0xc98e7a83c143a0e9b0d5d22a2c295d76db6f7d10,ETH,exploit,revokecash,malicious spender/exploit,Arcadia Finance Hack,2025-07-15
0x72e9cb1e6e1929460dc9ee0254f997acf55696ac,ETH,exploit,revokecash,malicious spender/exploit,Arcadia Finance Hack,2025-07-15
0x4dfd40d1554d797ac9ef3eb4fd49f9374a75786f,ETH,exploit,revokecash,malicious spender/exploit,Arcadia Finance Hack,2025-07-15
0xe3e0fee8a371332f200520f98e824a9788f66a8e,ETH,exploit,revokecash,malicious spender/exploit,Arcadia Finance Hack,2025-07-15
0xf254730ceb92df97e91716266b92624f4eadf315,ETH,exploit,revokecash,malicious spender/exploit,Arcadia Finance Hack,2025-07-15
0xecbb11ccd5440f70162f02cdce2a1f0d4aea604d,ETH,exploit,revokecash,malicious spender/exploit,Arcadia Finance Hack,2025-07-15
0xc8c9dfc45c74af17530723520a2f30c731b7ada4,ETH,exploit,revokecash,malicious spender/exploit,Arcadia Finance Hack,2025-07-15
0x9bb0956094bb39386af5bbb6abb9c7e6fb14cecf,ETH,exploit,revokecash,malicious spender/exploit,Arcadia Finance Hack,2025-07-15
0x6e321bbbc07f2c37446d6e242ddf471c9cc7ca34,ETH,exploit,revokecash,malicious spender/exploit,Arcadia Finance Hack,2025-07-15
0xaf3675bd1d89941ec442d24753b2905a651025e5,ETH,exploit,revokecash,malicious spender/exploit,Arcadia Finance Hack,2025-07-15
0xda4227ca542551b6be4335075ac5e18c9b8edcc0,ETH,exploit,revokecash,malicious spender/exploit,Arcadia Finance Hack,2025-07-15
0x860ccf7b1ef5ea14d7e3135617c108f810f8c1f4,ETH,exploit,revokecash,malicious spender/exploit,Arcadia Finance Hack,2025-07-15
0x1c6cd4ccdded67b3ec0917864ab1926ca16df314,ETH,exploit,revokecash,malicious spender/exploit,Arcadia Finance Hack,2025-07-15
0xac2db5ae94fb1a5b06c26d6d653a7a1e5756d976,ETH,exploit,revokecash,malicious spender/exploit,Arcadia Finance Hack,2025-07-15
0x2ede5dadaf959eac6bff017447b6864263ec1406,ETH,exploit,revokecash,malicious spender/exploit,Arcadia Finance Hack,2025-07-15
0x7bed0319879382d71aff8afed71310692ba40e7b,ETH,exploit,revokecash,malicious spender/exploit,Arcadia Finance Hack,2025-07-15
0x40a681cf1e152f5e136cb48245aa45cbd11cc592,ETH,exploit,revokecash,malicious spender/exploit,Arcadia Finance Hack,2025-07-15
0x96cf3ff24ec68d7f4de06c279f1c11bf507ba9cb,ETH,exploit,revokecash,malicious spender/exploit,Arcadia Finance Hack,2025-07-15
0xadbf3eb7a68ba4fac3d77062dbc0f6fcc11618d9,ETH,exploit,revokecash,malicious spender/exploit,Arcadia Finance Hack,2025-07-15
0x2c010b361199b537f9c609fd46ba890d224c625a,ETH,exploit,revokecash,malicious spender/exploit,Arcadia Finance Hack,2025-07-15
0x1ff2df4b3a48afe573291a3d34d7053349787fb4,ETH,exploit,revokecash,malicious spender/exploit,Arcadia Finance Hack,2025-07-15
0x8515dfc2f5ace96ac820a747b1bcd8fe1dcd09de,ETH,exploit,revokecash,malicious spender/exploit,Arcadia Finance Hack,2025-07-15
0xeeaff9582d11fbddeb1d73631793c158c2b814ee,ETH,exploit,revokecash,malicious spender/exploit,Arcadia Finance Hack,2025-07-15
0xfaf52cd7020fb00283012dd2e3f4fdc3ca44150b,ETH,exploit,revokecash,malicious spender/exploit,Arcadia Finance Hack,2025-07-15
0x9f46bd454348fa6310bc597d6ef64f87add2c027,ETH,exploit,revokecash,malicious spender/exploit,Arcadia Finance Hack,2025-07-15
0xf5bbb33d54656d93757268f368da2a9781e60a51,ETH,exploit,revokecash,malicious spender/exploit,Arcadia Finance Hack,2025-07-15
0x2c4397d8c8b2352cd137848c20666586414614ae,ETH,exploit,revokecash,malicious spender/exploit,Arcadia Finance Hack,2025-07-15
0x99559dfa89bb4cdab131071a0320b47022a28456,ETH,exploit,revokecash,malicious spender/exploit,Arcadia Finance Hack,2025-07-15
0x9a7b038727361232943e6d017423012754d46207,ETH,exploit,revokecash,malicious spender/exploit,Arcadia Finance Hack,2025-07-15
0x320dff4573762ff518ff77ea0d8f74ab4b33cb56,ETH,exploit,revokecash,malicious spender/exploit,Arcadia Finance Hack,2025-07-15
0x38133b119fef522ac8f5003a96b1ff5641350d93,ETH,exploit,revokecash,malicious spender/exploit,Arcadia Finance Hack,2025-07-15
0x83b5f0b331725dc67d5648f14fa5d50fb06baaf6,ETH,exploit,revokecash,malicious spender/exploit,Arcadia Finance Hack,2025-07-15
0x9b9d0f2e5f126702c0ea71f6a2d3b10c916f43bd,ETH,exploit,revokecash,malicious spender/exploit,Arcadia Finance Hack,2025-07-15
0x852e053607444a00d8b43540e74ea41b9d091d67,ETH,exploit,revokecash,malicious spender/exploit,Arcadia Finance Hack,2025-07-15
0xe831ad6e2853fd401f2c32374ef8d3045200ee0f,ETH,exploit,revokecash,malicious spender/exploit,Arcadia Finance Hack,2025-07-15
0xe576aa5bf9071c30569b19bf9a6aa2f3958c9fd6,ETH,exploit,revokecash,malicious spender/exploit,Arcadia Finance Hack,2025-07-15
0xb8a7b55d9a18566fa67ab77a76ef4d55f5eaf232,ETH,exploit,revokecash,malicious spender/exploit,Arcadia Finance Hack,2025-07-15
0x9978fcc29e3ce6ecd41d2dd4a1fc5bf2a6f5de91,ETH,exploit,revokecash,malicious spender/exploit,Arcadia Finance Hack,2025-07-15
0xab33f3ad51ae21b6564868664014c2acc2dfee3e,ETH,exploit,revokecash,malicious spender/exploit,Arcadia Finance Hack,2025-07-15
0x6750d05eabe4466f3f82d21005f92e2ffbafb79e,ETH,exploit,revokecash,malicious spender/exploit,Arcadia Finance Hack,2025-07-15
0x97aee25121eb472d8adf9cc578dbd0c396b953f1,ETH,exploit,revokecash,malicious spender/exploit,Arcadia Finance Hack,2025-07-15
0x19d8462190f1b411e778843c5eb26d38d11c6c0c,ETH,exploit,revokecash,malicious spender/exploit,Arcadia Finance Hack,2025-07-15
0x37acc21b0170100b7ce318152e7c366158c340fd,ETH,exploit,revokecash,malicious spender/exploit,Arcadia Finance Hack,2025-07-15
0x471bbd5095a4a6fba0f877126c18081b5f426b4d,ETH,exploit,revokecash,malicious spender/exploit,Arcadia Finance Hack,2025-07-15
0xb2e1eb601c5c2b342a3a957cac508c703e6ed9c2,ETH,exploit,revokecash,malicious spender/exploit,Arcadia Finance Hack,2025-07-15
0x04b62bbf85ce6606a7cc74777c63209a5d55e8db,ETH,exploit,revokecash,malicious spender/exploit,Arcadia Finance Hack,2025-07-15
0xb06dbbe40eabda22c232110aaa083d2dc21bab9a,ETH,exploit,revokecash,malicious spender/exploit,Arcadia Finance Hack,2025-07-15
0x0c0ce2db7338158a2b0ce590d9a48a2c80f5ade8,ETH,exploit,revokecash,malicious spender/exploit,Arcadia Finance Hack,2025-07-15
0xaebac4609988079eeb595e9b3864d9685750da5f,ETH,exploit,revokecash,malicious spender/exploit,Arcadia Finance Hack,2025-07-15
0x1bbe03f6a8e0c6d78b458224ee504712c44c72c4,ETH,exploit,revokecash,malicious spender/exploit,Arcadia Finance Hack,2025-07-15
0x843f3e29802671ce7b0367fee9d1ccb48452a48a,ETH,exploit,revokecash,malicious spender/exploit,Arcadia Finance Hack,2025-07-15
0x17ec773325ea19ebffb361e85195163e5982840a,ETH,exploit,revokecash,malicious spender/exploit,Arcadia Finance Hack,2025-07-15
0x62d683e0d6b173955808b6cf004decada324330c,ETH,exploit,revokecash,malicious spender/exploit,Arcadia Finance Hack,2025-07-15
0x070f977aff314594e963f97073025a338260ee25,ETH,exploit,revokecash,malicious spender/exploit,Arcadia Finance Hack,2025-07-15
0x82c619110b906fddc94f34781e5b0d1929e18814,ETH,exploit,revokecash,malicious spender/exploit,Arcadia Finance Hack,2025-07-15
0x86def4f037e3fd13d961b1aace3b03329110d537,ETH,exploit,revokecash,malicious spender/exploit,Arcadia Finance Hack,2025-07-15
0xedfa6daf93105447ad4894aaf2058f929901bc70,ETH,exploit,revokecash,malicious spender/exploit,Arcadia Finance Hack,2025-07-15
0xaa1dda801aabd6aaa5cf060ace26a82908a837e6,ETH,exploit,revokecash,malicious spender/exploit,Arcadia Finance Hack,2025-07-15
0x4dcb432ae927fe21629a74f49343a6ff718d1925,ETH,exploit,revokecash,malicious spender/exploit,Arcadia Finance Hack,2025-07-15
0x0b2337d7a183035e228c82dd24df089922f41a6c,ETH,exploit,revokecash,malicious spender/exploit,Arcadia Finance Hack,2025-07-15
0x0bfaa619e41a52656d790e5070013eec653719f6,ETH,exploit,revokecash,malicious spender/exploit,Arcadia Finance Hack,2025-07-15
0x4ec32f23f955fe242553c622c09b2ef751912ebc,ETH,exploit,revokecash,malicious spender/exploit,Arcadia Finance Hack,2025-07-15
0x613f48913ab3ec6208222bf465bfa577302c2e55,ETH,exploit,revokecash,malicious spender/exploit,Arcadia Finance Hack,2025-07-15
0xfaccec3d5c8b36a429c2a107cd3a09e029fb35af,ETH,exploit,revokecash,malicious spender/exploit,Arcadia Finance Hack,2025-07-15
0xcd881dfaa1712faff900574d2ee30d62f0b2ce68,ETH,exploit,revokecash,malicious spender/exploit,Arcadia Finance Hack,2025-07-15
0x0e902a22a438f4eea536a0c196b731a4855d4b3e,ETH,exploit,revokecash,malicious spender/exploit,Arcadia Finance Hack,2025-07-15
0x2fdfc115bb99288e23edd36f39ba746616700831,ETH,exploit,revokecash,malicious spender/exploit,Arcadia Finance Hack,2025-07-15
0x59dcae5e51ba968b880410f1a117ccc039b19573,ETH,exploit,revokecash,malicious spender/exploit,Arcadia Finance Hack,2025-07-15
0x62bb0f8ec0867ccd7146b2020a6d7a4aa51226ad,ETH,exploit,revokecash,malicious spender/exploit,Arcadia Finance Hack,2025-07-15
0x3f7660b2707a738a197ddc2f2bec011ff55980bb,ETH,exploit,revokecash,malicious spender/exploit,Arcadia Finance Hack,2025-07-15
0xe8c513e26ae1c7a5534150a54525e2cc3755083a,ETH,exploit,revokecash,malicious spender/exploit,Arcadia Finance Hack,2025-07-15
0x21952665f850aac5c2dc8709ed6bbccac0d30c45,ETH,exploit,revokecash,malicious spender/exploit,Arcadia Finance Hack,2025-07-15
0x02f5d28d000a04b7af8f8c29ee189b364c568fde,ETH,exploit,revokecash,malicious spender/exploit,Arcadia Finance Hack,2025-07-15
0xa1f22ae8150b670824c8fae648efc1d749604abc,ETH,exploit,revokecash,malicious spender/exploit,Arcadia Finance Hack,2025-07-15
0xc6bf1ca4db2b2f1ca9b3fff5d9f63cd2f69507ae,ETH,exploit,revokecash,malicious spender/exploit,Arcadia Finance Hack,2025-07-15
0x9475986c6afda2097d5573661be51c2541d1e682,ETH,exploit,revokecash,malicious spender/exploit,Arcadia Finance Hack,2025-07-15
0x55e6f630d93aadecea5306d2e3b2dfd02d170f95,ETH,exploit,revokecash,malicious spender/exploit,Arcadia Finance Hack,2025-07-15
0xbc52c015327b61b5d289ac5c2b46ebcd9adde9d8,ETH,exploit,revokecash,malicious spender/exploit,Arcadia Finance Hack,2025-07-15
0x1f3fa58b268b347d665a30c326d660f1abbe7b86,ETH,exploit,revokecash,malicious spender/exploit,Arcadia Finance Hack,2025-07-15
0x7529f88880bc95d75716d488a2ee50debabda781,ETH,exploit,revokecash,malicious spender/exploit,Arcadia Finance Hack,2025-07-15
0x4b0d8ddb1466122f4279b6d8bce68bc1e90721e8,ETH,exploit,revokecash,malicious spender/exploit,Arcadia Finance Hack,2025-07-15
0x0d364ebd83750a6b72ddf85a25aa66cf44bbcc87,ETH,exploit,revokecash,malicious spender/exploit,Arcadia Finance Hack,2025-07-15
0x13a3e8b86ed825b02d64acac1fa14aac417137cf,ETH,exploit,revokecash,malicious spender/exploit,Arcadia Finance Hack,2025-07-15
0x24a66f18fddc1eb4b15d1809a812413a1a26e5ea,ETH,exploit,revokecash,malicious spender/exploit,Arcadia Finance Hack,2025-07-15
0x69dbcd4fdbbf4e53eb4d782516ae7221a4d4117e,ETH,exploit,revokecash,malicious spender/exploit,Arcadia Finance Hack,2025-07-15
0xd81880b703e5210cf9953039775be2524279df6d,ETH,exploit,revokecash,malicious spender/exploit,Arcadia Finance Hack,2025-07-15
0x3cab4ba7cb7b588661374da301b95a7e4bff71db,ETH,exploit,revokecash,malicious spender/exploit,Arcadia Finance Hack,2025-07-15
0x6d65026c2930a3a93dd4c116aa81b8f1813d2b4b,ETH,exploit,revokecash,malicious spender/exploit,Arcadia Finance Hack,2025-07-15
0x0bf98f832819626ce1059d9d4c3de2b59aa423a2,ETH,exploit,revokecash,malicious spender/exploit,Arcadia Finance Hack,2025-07-15
0x39d344a51aadc8be3165adb958069f75edd0cc4d,ETH,exploit,revokecash,malicious spender/exploit,Arcadia Finance Hack,2025-07-15
0xdfcd4c21b88884e1569de6ae921f57050379dea6,ETH,exploit,revokecash,malicious spender/exploit,Arcadia Finance Hack,2025-07-15
0xc5addc43dc296abca23e677dd081ca8469817d89,ETH,exploit,revokecash,malicious spender/exploit,Arcadia Finance Hack,2025-07-15
0x453aa109e9333f80c1ff7c8f00c065aab2c41fbc,ETH,exploit,revokecash,malicious spender/exploit,Arcadia Finance Hack,2025-07-15
0x0c7dcaa51bd0ea31c0584e061527ab4890c0f1b4,ETH,exploit,revokecash,malicious spender/exploit,Arcadia Finance Hack,2025-07-15
0x1a2e1ad6e63eb54a1ac915c3426123693bc85608,ETH,exploit,revokecash,malicious spender/exploit,Arcadia Finance Hack,2025-07-15
0xd96b40e9a104209f73a4d441e48b671bbfda42c5,ETH,exploit,revokecash,malicious spender/exploit,Arcadia Finance Hack,2025-07-15
0x29d218168f78d7fdf0b72ca64203733655efe7c1,ETH,exploit,revokecash,malicious spender/exploit,Arcadia Finance Hack,2025-07-15
0xd5b170e96406206f15dacfa466dc2828f0d86d62,ETH,exploit,revokecash,malicious spender/exploit,Arcadia Finance Hack,2025-07-15
0x66eec3485b68a42bca4fea2a20efe3ac5d639126,ETH,exploit,revokecash,malicious spender/exploit,Arcadia Finance Hack,2025-07-15
0xe2670cb36c226be78b4b4c0ceee61b3223ff111b,ETH,exploit,revokecash,malicious spender/exploit,Arcadia Finance Hack,2025-07-15
0xd8dc020eee44e791c615696b96b931005c4b61d7,ETH,exploit,revokecash,malicious spender/exploit,Arcadia Finance Hack,2025-07-15
0xcc7b40fe8b08762ff9b828f711d84e6154786cd3,ETH,exploit,revokecash,malicious spender/exploit,Arcadia Finance Hack,2025-07-15
0x9042c86d1c479d9c9e5b4b0878213d9d50e6d277,ETH,exploit,revokecash,malicious spender/exploit,Arcadia Finance Hack,2025-07-15
0xfd2fdd3a4c03ea7d01f686a61d1cb3c8432eac2c,ETH,exploit,revokecash,malicious spender/exploit,Arcadia Finance Hack,2025-07-15
0x34dfb6bce367cc2f682f1aa373701629ffcc25b5,ETH,exploit,revokecash,malicious spender/exploit,Arcadia Finance Hack,2025-07-15
0xd9144bfbe68287cb57fd583fb68ac3ab7d7e1ec9,ETH,exploit,revokecash,malicious spender/exploit,Arcadia Finance Hack,2025-07-15
0xb81b10c9e447fd373d139f8c7c6b330c15639a3d,ETH,exploit,revokecash,malicious spender/exploit,Arcadia Finance Hack,2025-07-15
0xad325dcfef0f53ab9e5d3c43050fc8e2f0ea7bcf,ETH,exploit,revokecash,malicious spender/exploit,Arcadia Finance Hack,2025-07-15
0x3fc284710b9ca6f120df7c3f2d6461ce00ec139b,ETH,exploit,revokecash,malicious spender/exploit,Arcadia Finance Hack,2025-07-15
0x3a237e4995cd1184739c99b85bc07db340dee4ef,ETH,exploit,revokecash,malicious spender/exploit,Arcadia Finance Hack,2025-07-15
0x29268b32802df71fe0e5c068c9caa0eb4df8d284,ETH,exploit,revokecash,malicious spender/exploit,Arcadia Finance Hack,2025-07-15
0x44bd882d3756edb1a1307cf3cee3c3fb82e204cd,ETH,exploit,revokecash,malicious spender/exploit,Arcadia Finance Hack,2025-07-15
0x7d6b636f5856a3a566c4bbf91658cc4739a62589,ETH,exploit,revokecash,malicious spender/exploit,Arcadia Finance Hack,2025-07-15
0x30612e34ef40b6ce33ed4f4085eaa855d2c8ff1f,ETH,exploit,revokecash,malicious spender/exploit,Arcadia Finance Hack,2025-07-15
0xf77856e8d82b531479a17272f7b53e3375e5f8ba,ETH,exploit,revokecash,malicious spender/exploit,Arcadia Finance Hack,2025-07-15
0x65ac2f5274e0312d7d4f27e654c90c754da2bd08,ETH,exploit,revokecash,malicious spender/exploit,Arcadia Finance Hack,2025-07-15
0x86a79b6bebde6521f16e2b1bfa5a556aa40c7848,ETH,exploit,revokecash,malicious spender/exploit,Arcadia Finance Hack,2025-07-15
0x04c8748b3ba3181c09cbf611b2c7da87e923e6bc,ETH,exploit,revokecash,malicious spender/exploit,Arcadia Finance Hack,2025-07-15
0x1b3cc0c338c188c9d38340d9f973520d1276ce79,ETH,exploit,revokecash,malicious spender/exploit,Arcadia Finance Hack,2025-07-15
0x2469a043c0ab7a251f2f92a96ad8f359b0093093,ETH,exploit,revokecash,malicious spender/exploit,Arcadia Finance Hack,2025-07-15
0x6f3785ca4bf6a4343a4ce69f4958972e0ad3c91b,ETH,exploit,revokecash,malicious spender/exploit,Arcadia Finance Hack,2025-07-15
0x902351e325d807fd25198245a8c0abf0c239cd6d,ETH,exploit,revokecash,malicious spender/exploit,Arcadia Finance Hack,2025-07-15
0xf24e6032176709c19577d4e1188d7aa275436a1a,ETH,exploit,revokecash,malicious spender/exploit,Arcadia Finance Hack,2025-07-15
0x31b55973b2f57b94abe794f514e262efcd726629,ETH,exploit,revokecash,malicious spender/exploit,Arcadia Finance Hack,2025-07-15
0x5a638bce007127d1c336d6bd32eb4c7de72024fd,ETH,exploit,revokecash,malicious spender/exploit,Arcadia Finance Hack,2025-07-15
0xb80f4e6b46dc6c425c9410bf538a9d2baa856003,ETH,exploit,revokecash,malicious spender/exploit,Arcadia Finance Hack,2025-07-15
0xddde10237c4aa98b7a64322a50cb687e16c340a0,ETH,exploit,revokecash,malicious spender/exploit,Arcadia Finance Hack,2025-07-15
0x41b5d0a30f4bd869fbab4852e55f643a9809f025,ETH,exploit,revokecash,malicious spender/exploit,Arcadia Finance Hack,2025-07-15
0x6ca8caf70587c7c7a9d727a137b572d073db3ebd,ETH,exploit,revokecash,malicious spender/exploit,Arcadia Finance Hack,2025-07-15
0x62a748cd01623b1fa04b77d8867f48d7e802f7f0,ETH,exploit,revokecash,malicious spender/exploit,Arcadia Finance Hack,2025-07-15
0x1ea22ac62c693c5c7ac3734c6862fb2a15d08e4a,ETH,exploit,revokecash,malicious spender/exploit,Arcadia Finance Hack,2025-07-15
0xeebeb026272057b20ea508ae282cf2d85d4b7655,ETH,exploit,revokecash,malicious spender/exploit,Arcadia Finance Hack,2025-07-15
0x189e84e4896ba998a420fd9436ead1d29b4d18b0,ETH,exploit,revokecash,malicious spender/exploit,Arcadia Finance Hack,2025-07-15
0x2c494f7c63218f16359b27ca94598bccf6b26c61,ETH,exploit,revokecash,malicious spender/exploit,Arcadia Finance Hack,2025-07-15
0xa7a6d18f6ad5b346ea2787698734fda851cb9191,ETH,exploit,revokecash,malicious spender/exploit,Arcadia Finance Hack,2025-07-15
0x3293aff92cf11e847eb93b9f74197f510d51046d,ETH,exploit,revokecash,malicious spender/exploit,Arcadia Finance Hack,2025-07-15
0xf90c066d24091d26550e3498c1b34883c6df7af7,ETH,exploit,revokecash,malicious spender/exploit,Arcadia Finance Hack,2025-07-15
0x13e9b8340acfc83c54d6f496377f99850e5f53df,ETH,exploit,revokecash,malicious spender/exploit,Arcadia Finance Hack,2025-07-15
0x5cd0ad70bb613742748b84ed286f0e6fa3567095,ETH,exploit,revokecash,malicious spender/exploit,Arcadia Finance Hack,2025-07-15
0xe746fd3a87d073f58caec5a7e86dfe90be2115f0,ETH,exploit,revokecash,malicious spender/exploit,Arcadia Finance Hack,2025-07-15
0x56aa060d168e919b5c4061532f262a05c7045936,ETH,exploit,revokecash,malicious spender/exploit,Arcadia Finance Hack,2025-07-15
0x2397edd0c7c327f7d3661e0037c168de0206124b,ETH,exploit,revokecash,malicious spender/exploit,Arcadia Finance Hack,2025-07-15
0x458c93f7b3db644ae9f4876cfb8ee43887f93b11,ETH,exploit,revokecash,malicious spender/exploit,Arcadia Finance Hack,2025-07-15
0x5083978fb5c2f011b18ee6f70f9122a17122fd85,ETH,exploit,revokecash,malicious spender/exploit,Arcadia Finance Hack,2025-07-15
0xf596365233aed0a81efa7d40c83984cdc1604b4c,ETH,exploit,revokecash,malicious spender/exploit,Arcadia Finance Hack,2025-07-15
0x50f5a4b429442c55a0173c2dbf688057ece4e099,ETH,exploit,revokecash,malicious spender/exploit,Arcadia Finance Hack,2025-07-15
0x76b9febf9e702ca0ab875ff164426c247ebd2f4b,ETH,exploit,revokecash,malicious spender/exploit,Arcadia Finance Hack,2025-07-15
0xdbf1ce4bedb6585fb5b50c4e9fe4469c2410ea8b,ETH,exploit,revokecash,malicious spender/exploit,Arcadia Finance Hack,2025-07-15
0x346689dafbd4edee4df4cca686259ae70a98fb41,ETH,exploit,revokecash,malicious spender/exploit,Arcadia Finance Hack,2025-07-15
0xd8bb71adc79c9e781e618f1c47c9f5a742952035,ETH,exploit,revokecash,malicious spender/exploit,Arcadia Finance Hack,2025-07-15
0xca661c0344b1cc8015c6108b6cc41130bcc373f6,ETH,exploit,revokecash,malicious spender/exploit,Arcadia Finance Hack,2025-07-15
0x1c95bb1222f631ed3d4619d2fbfe01cc21d3331d,ETH,exploit,revokecash,malicious spender/exploit,Arcadia Finance Hack,2025-07-15
0x71ce00f622ae253e6caba7a5ec7eff82579f175f,ETH,exploit,revokecash,malicious spender/exploit,Arcadia Finance Hack,2025-07-15
0x65d732bea1eb6c9a9e09a1702a59d80529bdd44f,ETH,exploit,revokecash,malicious spender/exploit,Arcadia Finance Hack,2025-07-15
0x0d07ab00169a7611476b9cc9377a5e8ee76aa89f,ETH,exploit,revokecash,malicious spender/exploit,Arcadia Finance Hack,2025-07-15
0x73083a61819a66d80fd6711f9a7ed33f5818de52,ETH,exploit,revokecash,malicious spender/exploit,Arcadia Finance Hack,2025-07-15
0x9a68c9f73ff7d61711c04b65ec133791cd1ec8e8,ETH,exploit,revokecash,malicious spender/exploit,Arcadia Finance Hack,2025-07-15
0xf59e1693f12d3fc785f1acd4f906f63dec15685a,ETH,exploit,revokecash,malicious spender/exploit,Arcadia Finance Hack,2025-07-15
0xe0acae89c3eb40cb5833923bd525c3ae261d6f01,ETH,exploit,revokecash,malicious spender/exploit,Arcadia Finance Hack,2025-07-15
0x7cf5223b0834f0c68e325a7d9f9e2d0d48f76e07,ETH,exploit,revokecash,malicious spender/exploit,Arcadia Finance Hack,2025-07-15
0x3ab57e2cc509709147959dbef9a5104cc06035f7,ETH,exploit,revokecash,malicious spender/exploit,Arcadia Finance Hack,2025-07-15
0xa1c39a8f31db18fb792d3a47fb69038842a71556,ETH,exploit,revokecash,malicious spender/exploit,Arcadia Finance Hack,2025-07-15
0xd2bd6a453a06b8bb5d691a8b2eb7bcdffadf3180,ETH,exploit,revokecash,malicious spender/exploit,Arcadia Finance Hack,2025-07-15
0x8c5f76835feb532c0d4bd11860d21365b69edcc6,ETH,exploit,revokecash,malicious spender/exploit,Arcadia Finance Hack,2025-07-15
0xaa27fdc2c33c88e725e286de9b999edd550f8e30,ETH,exploit,revokecash,malicious spender/exploit,Arcadia Finance Hack,2025-07-15
0x59450b1134288edbf4b47b48ea8b78fa62692ad4,ETH,exploit,revokecash,malicious spender/exploit,Arcadia Finance Hack,2025-07-15
0x21c271009210d797346ec9e49b4bca7ea139bdcd,ETH,exploit,revokecash,malicious spender/exploit,Arcadia Finance Hack,2025-07-15
0xd88003bc9b80ea7aed7b2014d23e61645933633b,ETH,exploit,revokecash,malicious spender/exploit,Arcadia Finance Hack,2025-07-15
0x0a270c1152194433e640b359d9755625e15d0198,ETH,exploit,revokecash,malicious spender/exploit,Arcadia Finance Hack,2025-07-15
0xb42429a1ded362d2bddae9420f9b3d1c628d1f71,ETH,exploit,revokecash,malicious spender/exploit,Arcadia Finance Hack,2025-07-15
0xda84b1763b34d8aa5c7dbf56cc0153fd9c5d41c4,ETH,exploit,revokecash,malicious spender/exploit,Arcadia Finance Hack,2025-07-15
0x9cf45c751ed1f836c10e312e1168559826b3aa6a,ETH,exploit,revokecash,malicious spender/exploit,Arcadia Finance Hack,2025-07-15
0x09b3142f6f05815c1ce49c8f215273216065138a,ETH,exploit,revokecash,malicious spender/exploit,Arcadia Finance Hack,2025-07-15
0xd32f1ba40522de582a8fa9d6859d0396a661d9e5,ETH,exploit,revokecash,malicious spender/exploit,Arcadia Finance Hack,2025-07-15
0x9a1b6081f8b43a824cb31bd8aa6ba04d2e744136,ETH,exploit,revokecash,malicious spender/exploit,Arcadia Finance Hack,2025-07-15
0x3e0d35b599c6046409eb69deb9d0208427f96f10,ETH,exploit,revokecash,malicious spender/exploit,Arcadia Finance Hack,2025-07-15
0xc4133acc71e66f8aa190bb857550ec789df8fa51,ETH,exploit,revokecash,malicious spender/exploit,Arcadia Finance Hack,2025-07-15
0x9873f55f3d835210482f6e71b00221baa66b95cf,ETH,exploit,revokecash,malicious spender/exploit,Arcadia Finance Hack,2025-07-15
0xad3d06586c8301dc4a51005a9df279bb8bfa6a12,ETH,exploit,revokecash,malicious spender/exploit,Arcadia Finance Hack,2025-07-15
0x3ce36a4fff27ec88d8168f08ac8cd57fb3c9a21b,ETH,exploit,revokecash,malicious spender/exploit,Arcadia Finance Hack,2025-07-15
0x276ece44ef184385cdab70b884f4070556f4a09f,ETH,exploit,revokecash,malicious spender/exploit,Arcadia Finance Hack,2025-07-15
0xf6192445cc43f44d464e0037ef077c97418cefe5,ETH,exploit,revokecash,malicious spender/exploit,Arcadia Finance Hack,2025-07-15
0x561f087cd040f86f34b39c5431b6bef4eec4e6e8,ETH,exploit,revokecash,malicious spender/exploit,Arcadia Finance Hack,2025-07-15
0x7f903f2423ba2b6f1e704c6d8405edaa3df022b0,ETH,exploit,revokecash,malicious spender/exploit,Arcadia Finance Hack,2025-07-15
0x12beca47e39e5eb2a79192b216eb5ea947f04bf1,ETH,exploit,revokecash,malicious spender/exploit,Arcadia Finance Hack,2025-07-15
0x617ed65d1122abe2f775d5bbab954500667b2515,ETH,exploit,revokecash,malicious spender/exploit,Arcadia Finance Hack,2025-07-15
0x7d08d5c4ce31dffdaf81565b9215fd3da7005e1a,ETH,exploit,revokecash,malicious spender/exploit,Arcadia Finance Hack,2025-07-15
0x0b539a6cea463e691edb778e87e251556cd9ee57,ETH,exploit,revokecash,malicious spender/exploit,Arcadia Finance Hack,2025-07-15
0x4820830c1698802857ff79a702771c663d214cb1,ETH,exploit,revokecash,malicious spender/exploit,Arcadia Finance Hack,2025-07-15
0x3c3e5d114a4f996fb8d386d9b450acfc97fc4d92,ETH,exploit,revokecash,malicious spender/exploit,Arcadia Finance Hack,2025-07-15
0xf0faed90bde2acfc40d628327e390cc66ce8b16a,ETH,exploit,revokecash,malicious spender/exploit,Arcadia Finance Hack,2025-07-15
0xd55b318e7b69f2102eabf736447183a3754ebf2e,ETH,exploit,revokecash,malicious spender/exploit,Arcadia Finance Hack,2025-07-15
0xd3549f4ab0dd63c40e155ba65d6c8ba76c199fb5,ETH,exploit,revokecash,malicious spender/exploit,Arcadia Finance Hack,2025-07-15
0x692175a8346077dbf68da1fae878fed21218b597,ETH,exploit,revokecash,malicious spender/exploit,Arcadia Finance Hack,2025-07-15
0x43700cf5f369ab9ceddebef41797b25631a260c0,ETH,exploit,revokecash,malicious spender/exploit,Arcadia Finance Hack,2025-07-15
0x78f1dc386e1edcf37afe3f468da4c609109712e3,ETH,exploit,revokecash,malicious spender/exploit,Arcadia Finance Hack,2025-07-15
0x71a927cadbae819f2370f5d01fbf4f73fac0b200,ETH,exploit,revokecash,malicious spender/exploit,Arcadia Finance Hack,2025-07-15
0x5c309ef097aa4af18e947f123a3392eedb1fbbbe,ETH,exploit,revokecash,malicious spender/exploit,Arcadia Finance Hack,2025-07-15
0x7f9e48acb28fa7e889d7eebcee0e2f9dfd92f174,ETH,exploit,revokecash,malicious spender/exploit,Arcadia Finance Hack,2025-07-15
0xb00bf0955110c115257001436cb35dd3862f1264,ETH,exploit,revokecash,malicious spender/exploit,Arcadia Finance Hack,2025-07-15
0x577c108892c6bd4b1fdc3bd21a9c81632b016ed3,ETH,exploit,revokecash,malicious spender/exploit,Arcadia Finance Hack,2025-07-15
0xc8cb88a8a63b8029a2f6b9ece1cda0183e39e1ee,ETH,exploit,revokecash,malicious spender/exploit,Arcadia Finance Hack,2025-07-15
0xc9a926caf9ea091e3b2e9ee373013dc0ad98da33,ETH,exploit,revokecash,malicious spender/exploit,Arcadia Finance Hack,2025-07-15
0x9508a69ba0abdd23cb070670c828e4ce4be8fc23,ETH,exploit,revokecash,malicious spender/exploit,Arcadia Finance Hack,2025-07-15
0xf7796530491fb20103c46f199e1866cae51dac50,ETH,exploit,revokecash,malicious spender/exploit,Arcadia Finance Hack,2025-07-15
0xb604d524b84eea23176817831cd8ee4e6fd44196,ETH,exploit,revokecash,malicious spender/exploit,Arcadia Finance Hack,2025-07-15
0x14190833e5a0955898f7ef79c4a461ad3902b6d4,ETH,exploit,revokecash,malicious spender/exploit,Arcadia Finance Hack,2025-07-15
0x9c059a99fe0956ba0aaf80b5b3752d0e4635ce2a,ETH,exploit,revokecash,malicious spender/exploit,Arcadia Finance Hack,2025-07-15
0x54cb114f7853240d498d95a66b955276e76d2d62,ETH,exploit,revokecash,malicious spender/exploit,Arcadia Finance Hack,2025-07-15
0x194f0a66cd3f181d65bd4c912cb6834a85e922b5,ETH,exploit,revokecash,malicious spender/exploit,Arcadia Finance Hack,2025-07-15
0x4fb70dbf5eb633beddcfd97d8795ed5126d09a65,ETH,exploit,revokecash,malicious spender/exploit,Arcadia Finance Hack,2025-07-15
0xa3babc93e9667c02bfdb595fd014583648e760a0,ETH,exploit,revokecash,malicious spender/exploit,Arcadia Finance Hack,2025-07-15
0x147cf19267bc4d25bd96f4d5964593cb28a1fee8,ETH,exploit,revokecash,malicious spender/exploit,Arcadia Finance Hack,2025-07-15
0x47e95ce4cc70fea7d30fecb74186ec55aefe09c3,ETH,exploit,revokecash,malicious spender/exploit,Arcadia Finance Hack,2025-07-15
0xd93ca0e05452c1dd2d055607170461c017a5b614,ETH,exploit,revokecash,malicious spender/exploit,Arcadia Finance Hack,2025-07-15
0xfd5300b9d0f105303fea4f6d98627f23c9a7377a,ETH,exploit,revokecash,malicious spender/exploit,Arcadia Finance Hack,2025-07-15
0xa035357ad066ff2ba2c870b30acdc00339a74bf5,ETH,exploit,revokecash,malicious spender/exploit,Arcadia Finance Hack,2025-07-15
0x41dc8e901e92fa4b5ec2b081d52e341f87d723c7,ETH,exploit,revokecash,malicious spender/exploit,Arcadia Finance Hack,2025-07-15
0x8b9919b70bb598ca80970083d83982038dafdc31,ETH,exploit,revokecash,malicious spender/exploit,Arcadia Finance Hack,2025-07-15
0x42e8202ab6f8758eb188f4fa43fb4442b1d87dbc,ETH,exploit,revokecash,malicious spender/exploit,Arcadia Finance Hack,2025-07-15
0xe1a6703a3adbcd4bcb20eeca9943df808c2358f2,ETH,exploit,revokecash,malicious spender/exploit,Arcadia Finance Hack,2025-07-15
0x53f2dd141426bc36c387e8c72f137c529937f6b9,ETH,exploit,revokecash,malicious spender/exploit,Arcadia Finance Hack,2025-07-15
0xccf3eb84a0c15f912577231e96d3557754ce72a9,ETH,exploit,revokecash,malicious spender/exploit,Arcadia Finance Hack,2025-07-15
0x5f149a13cdfd17d7a856e01e25fded1edaaa642e,ETH,exploit,revokecash,malicious spender/exploit,Arcadia Finance Hack,2025-07-15
0x864b7ad7b7170ac07965ac5e27af25c228498f98,ETH,exploit,revokecash,malicious spender/exploit,Arcadia Finance Hack,2025-07-15
0x70d56ba619e4c16fe535de50e1e15e818c233b1e,ETH,exploit,revokecash,malicious spender/exploit,Arcadia Finance Hack,2025-07-15
0x08f7b908d866a9c854c4e1a0a3fded5d589f9c43,ETH,exploit,revokecash,malicious spender/exploit,Arcadia Finance Hack,2025-07-15
0x30c0d386d579c67161028fe05c12bafd7dc365bc,ETH,exploit,revokecash,malicious spender/exploit,Arcadia Finance Hack,2025-07-15
0x640369da4c3a5658c34af67732333448b0359b6f,ETH,exploit,revokecash,malicious spender/exploit,Arcadia Finance Hack,2025-07-15
0xd210c90af602d1fb2a66beed2e8bead33ca1f031,ETH,exploit,revokecash,malicious spender/exploit,Arcadia Finance Hack,2025-07-15
0xe399a9e511ddea0ec54f91567372c778601ba624,ETH,exploit,revokecash,malicious spender/exploit,Arcadia Finance Hack,2025-07-15
0x64980cd7816884687adcc909b64051cfc773a606,ETH,exploit,revokecash,malicious spender/exploit,Arcadia Finance Hack,2025-07-15
0xc4c3628ff6505f5429a123337eb0b5a44872cd0d,ETH,exploit,revokecash,malicious spender/exploit,Arcadia Finance Hack,2025-07-15
0x00e291bc9c3b0ecee1264256e0bc10d067ff53b0,ETH,exploit,revokecash,malicious spender/exploit,Arcadia Finance Hack,2025-07-15
0x103083823b04fe37ba69854833e70a60c33d85ff,ETH,exploit,revokecash,malicious spender/exploit,Arcadia Finance Hack,2025-07-15
0xc52658864ee2c8a5d6fe3a6a791584aa5bb7a721,ETH,exploit,revokecash,malicious spender/exploit,Arcadia Finance Hack,2025-07-15
0xe32eb02721fc15de720d16d523c067f84ac1057c,ETH,exploit,revokecash,malicious spender/exploit,Arcadia Finance Hack,2025-07-15
0x8509524fdfc794841ecbd4171eef2335b1ca9831,ETH,exploit,revokecash,malicious spender/exploit,Arcadia Finance Hack,2025-07-15
0x6357da73f592709c604276f8352ae41959343408,ETH,exploit,revokecash,malicious spender/exploit,Arcadia Finance Hack,2025-07-15
0xce8db91216bddd27e2f430a8fcd303337b2ab8df,ETH,exploit,revokecash,malicious spender/exploit,Arcadia Finance Hack,2025-07-15
0x77fdca167008a5aaf85f73edca189d28cd45a4e2,ETH,exploit,revokecash,malicious spender/exploit,Arcadia Finance Hack,2025-07-15
0xefc2773b51149f2649844b0a88bdfe45f65047bb,ETH,exploit,revokecash,malicious spender/exploit,Arcadia Finance Hack,2025-07-15
0xe56cfaf187d74adaba20baa40028aa8c9dc628fb,ETH,exploit,revokecash,malicious spender/exploit,Arcadia Finance Hack,2025-07-15
0xc527b3bda8ffbacaef10dc764b9aa959e668946c,ETH,exploit,revokecash,malicious spender/exploit,Arcadia Finance Hack,2025-07-15
0xdae7836a8234b64ed977bf36fa442a7db340dffc,ETH,exploit,revokecash,malicious spender/exploit,Arcadia Finance Hack,2025-07-15
0x3d59bcbc449257a0039d6275d0052d6bbfc8a5cb,ETH,exploit,revokecash,malicious spender/exploit,Arcadia Finance Hack,2025-07-15
0x74a8e1732e664c78156e5f5ec6befea52c725894,ETH,exploit,revokecash,malicious spender/exploit,Arcadia Finance Hack,2025-07-15
0x0496850047dee62b65a7e4a60b9a7fe4b635d682,ETH,exploit,revokecash,malicious spender/exploit,Arcadia Finance Hack,2025-07-15
0x2b8c05281518f5a59d83a7a0e3aef777083f21ca,ETH,exploit,revokecash,malicious spender/exploit,Arcadia Finance Hack,2025-07-15
0x7d370c5da837eb09db4d145573490bd83ad6340f,ETH,exploit,revokecash,malicious spender/exploit,Arcadia Finance Hack,2025-07-15
0x0464e267d1036392c729728e6ed3e4c31e8dd752,ETH,exploit,revokecash,malicious spender/exploit,Arcadia Finance Hack,2025-07-15
0x689e12f3b0d76981127da41251cb34779535ddd2,ETH,exploit,revokecash,malicious spender/exploit,Arcadia Finance Hack,2025-07-15
0x4dc02af9f098d04efbcc9299d25a0406e3cfdcff,ETH,exploit,revokecash,malicious spender/exploit,Arcadia Finance Hack,2025-07-15
0xadb8e4e4cdf1a25c414a36dd0f76bcf7f05883d3,ETH,exploit,revokecash,malicious spender/exploit,Arcadia Finance Hack,2025-07-15
0x7d9e8934c18dd0d5f12781a9dd39146bc4603753,ETH,exploit,revokecash,malicious spender/exploit,Arcadia Finance Hack,2025-07-15
0x4b97c119bdad9bb0731ff2bc2bfa2d55a14286a6,ETH,exploit,revokecash,malicious spender/exploit,Arcadia Finance Hack,2025-07-15
0x7d4b327d955941e3d00f7ca20a635aa170d1eca6,ETH,exploit,revokecash,malicious spender/exploit,Arcadia Finance Hack,2025-07-15
0xb53ec61c668f4d5d7ba83345b98979c97363b08d,ETH,exploit,revokecash,malicious spender/exploit,Arcadia Finance Hack,2025-07-15
0xbf847f24162dc977563f3e1212663d8ab29e1fa5,ETH,exploit,revokecash,malicious spender/exploit,Arcadia Finance Hack,2025-07-15
0xafe3f430b2db4880d4c6f9dcf67ac6521b050752,ETH,exploit,revokecash,malicious spender/exploit,Arcadia Finance Hack,2025-07-15
0xc04fe349514f56f87b41f756c711692cf190a982,ETH,exploit,revokecash,malicious spender/exploit,Arcadia Finance Hack,2025-07-15
0x83ef15bd4b8bc9d7054224abf916a54235acf24d,ETH,exploit,revokecash,malicious spender/exploit,Arcadia Finance Hack,2025-07-15
0x8c81837173cd77fd9791111704ee824f2ae2108b,ETH,exploit,revokecash,malicious spender/exploit,Arcadia Finance Hack,2025-07-15
0x693259a4bb9ef69b235b89f5c6a35d2096fcc073,ETH,exploit,revokecash,malicious spender/exploit,Arcadia Finance Hack,2025-07-15
0x1460819cbf823d2dc22fafbf18b903539ac1a443,ETH,exploit,revokecash,malicious spender/exploit,Arcadia Finance Hack,2025-07-15
0x5641ef38e8a69b34e3898e16607b3b9d700ef6a7,ETH,exploit,revokecash,malicious spender/exploit,Arcadia Finance Hack,2025-07-15
0x5d21943794a5bde7c8cf2efbdd22006cf9a04ccf,ETH,exploit,revokecash,malicious spender/exploit,Arcadia Finance Hack,2025-07-15
0x4329462c52d47a131c9572af42cc4d81b3cb28a6,ETH,exploit,revokecash,malicious spender/exploit,Arcadia Finance Hack,2025-07-15
0xa60875a49a5bc96ed37f4d9c61fbf150e7878bf3,ETH,exploit,revokecash,malicious spender/exploit,Arcadia Finance Hack,2025-07-15
0xaafccbca45a358879f9b523d2c3e3055830eee1d,ETH,exploit,revokecash,malicious spender/exploit,Arcadia Finance Hack,2025-07-15
0x1e7656794cede03c67bbe88cf30d72f772eccd7f,ETH,exploit,revokecash,malicious spender/exploit,Arcadia Finance Hack,2025-07-15
0x0284b6d685a03e884a94610fd0f0b1815e5eb494,ETH,exploit,revokecash,malicious spender/exploit,Arcadia Finance Hack,2025-07-15
0x59254b895e35455e0b69cbc694300c65c69ff893,ETH,exploit,revokecash,malicious spender/exploit,Arcadia Finance Hack,2025-07-15
0x9b900ba3c48bfbda750260c3a489350cdc999abf,ETH,exploit,revokecash,malicious spender/exploit,Arcadia Finance Hack,2025-07-15
0xc99035049107d7380afdf9ce60844a541adc3f65,ETH,exploit,revokecash,malicious spender/exploit,Arcadia Finance Hack,2025-07-15
0x90da2fc2c8be1860750e93c369a4bee86bd7082a,ETH,exploit,revokecash,malicious spender/exploit,Arcadia Finance Hack,2025-07-15
0xb4bf226256429493404d97d090ba5889ce988d80,ETH,exploit,revokecash,malicious spender/exploit,Arcadia Finance Hack,2025-07-15
0x296c86a44754a9ed6c267eea14a99145dc521c96,ETH,exploit,revokecash,malicious spender/exploit,Arcadia Finance Hack,2025-07-15
0x68f5f9ce45dcec767aabe866d8a9338ac8665fff,ETH,exploit,revokecash,malicious spender/exploit,Arcadia Finance Hack,2025-07-15
0x740fb02ee8890da0b90da163d05a8d365c25cfaf,ETH,exploit,revokecash,malicious spender/exploit,Arcadia Finance Hack,2025-07-15
0x6777bc7c9ac36ef0eb2a4e3ed5858859fcbeadac,ETH,exploit,revokecash,malicious spender/exploit,Arcadia Finance Hack,2025-07-15
0x5395d7948091669d895d5bc29dc28e7944b525a5,ETH,exploit,revokecash,malicious spender/exploit,Arcadia Finance Hack,2025-07-15
0x99598bca6e87b78283de1e94a44346a28718dad1,ETH,exploit,revokecash,malicious spender/exploit,Arcadia Finance Hack,2025-07-15
0x77779dc8e906a69478618ecbbbcfd31787a61b78,ETH,exploit,revokecash,malicious spender/exploit,Arcadia Finance Hack,2025-07-15
0x9dcfeb15f2f1e423316007207f455d52a68ceb10,ETH,exploit,revokecash,malicious spender/exploit,Arcadia Finance Hack,2025-07-15
0x920c1872ac33e909fde56bafc7767a6b7a3daa0f,ETH,exploit,revokecash,malicious spender/exploit,Arcadia Finance Hack,2025-07-15
0x0a8aef525bcf0e481b817de0d75eae50fd36d6e2,ETH,exploit,revokecash,malicious spender/exploit,Arcadia Finance Hack,2025-07-15
0xeeae474a76728fc6d2c6e8f8b9eac9f63912df09,ETH,exploit,revokecash,malicious spender/exploit,Arcadia Finance Hack,2025-07-15
0x4fa5e17826ffb64ac89472827d352125ac78eb61,ETH,exploit,revokecash,malicious spender/exploit,Arcadia Finance Hack,2025-07-15
0xa7e26040979119b2291143c37637ab53efd2fcb7,ETH,exploit,revokecash,malicious spender/exploit,Arcadia Finance Hack,2025-07-15
0xee8e8c011a82ed43cf8fcfee855fc1936d5095f9,ETH,exploit,revokecash,malicious spender/exploit,Arcadia Finance Hack,2025-07-15
0xce52ffbe6f560a06f79b55f6b7656c88e5dd94b2,ETH,exploit,revokecash,malicious spender/exploit,Arcadia Finance Hack,2025-07-15
0x9beaae3c25907bd4b97fdd1b19aef6220fc068cc,ETH,exploit,revokecash,malicious spender/exploit,Arcadia Finance Hack,2025-07-15
0xceee803104ad466282ec3877ab71bda9499aff45,ETH,exploit,revokecash,malicious spender/exploit,Arcadia Finance Hack,2025-07-15
0x55e9840db47443bc875b77e5832c487703474a6e,ETH,exploit,revokecash,malicious spender/exploit,Arcadia Finance Hack,2025-07-15
0x1065879383fd84e3b8ba0c6d80518dbcc6cd7eff,ETH,exploit,revokecash,malicious spender/exploit,Arcadia Finance Hack,2025-07-15
0xfdd4e52938b0064c035fd443502b53cdd4036571,ETH,exploit,revokecash,malicious spender/exploit,Arcadia Finance Hack,2025-07-15
0xe7dc0274666b2eadb22ce406c4f93cf9e69853e7,ETH,exploit,revokecash,malicious spender/exploit,Arcadia Finance Hack,2025-07-15
0xf7c12a5cae5bc9b70ab72263a22b8e38805cd62c,ETH,exploit,revokecash,malicious spender/exploit,Arcadia Finance Hack,2025-07-15
0x1278447e05cf866f5baab66ef18090e116669088,ETH,exploit,revokecash,malicious spender/exploit,Arcadia Finance Hack,2025-07-15
0x3cd33905cdee7e76c151d70a207eef61eeefe9f1,ETH,exploit,revokecash,malicious spender/exploit,Arcadia Finance Hack,2025-07-15
0x86c62dfff2c28558811065d011da2ac12c34e22d,ETH,exploit,revokecash,malicious spender/exploit,Arcadia Finance Hack,2025-07-15
0x71b060b608c2ba3b9191685a8d0b0c98544ef1db,ETH,exploit,revokecash,malicious spender/exploit,Arcadia Finance Hack,2025-07-15
0x08bdcb0d1c87d050418857b91f06e7951b967366,ETH,exploit,revokecash,malicious spender/exploit,Arcadia Finance Hack,2025-07-15
0xc8f946a088859fa976b4a0c464f258815c3a98a5,ETH,exploit,revokecash,malicious spender/exploit,Arcadia Finance Hack,2025-07-15
0x87dd8f2d047d720263e06edc916a61f6daad32d9,ETH,exploit,revokecash,malicious spender/exploit,Arcadia Finance Hack,2025-07-15
0x40b9b25efaa8b3ee576ba915e50644679268367b,ETH,exploit,revokecash,malicious spender/exploit,Arcadia Finance Hack,2025-07-15
0xf6efeaba53ce062a72410768008bad96da1accca,ETH,exploit,revokecash,malicious spender/exploit,Arcadia Finance Hack,2025-07-15
0x398e9681128c41f75f32dcf5543ffaffc32f373f,ETH,exploit,revokecash,malicious spender/exploit,Arcadia Finance Hack,2025-07-15
0xc18274d573a806a57e32771a2e216ee6acd48fef,ETH,exploit,revokecash,malicious spender/exploit,Arcadia Finance Hack,2025-07-15
0x2f36d97191c21afdf9dd3024ca57e6abd975fb66,ETH,exploit,revokecash,malicious spender/exploit,Arcadia Finance Hack,2025-07-15
0xfad98af6471507a3115fcf644527c9a1b3957649,ETH,exploit,revokecash,malicious spender/exploit,Arcadia Finance Hack,2025-07-15
0xe6f1fe8e404391dcd6489ea65b75d06af2cb4d18,ETH,exploit,revokecash,malicious spender/exploit,Arcadia Finance Hack,2025-07-15
0x8ee2301aca5e133615200ca94c7e91255dfd0c70,ETH,exploit,revokecash,malicious spender/exploit,Arcadia Finance Hack,2025-07-15
0x079c08d9fe56071b342f612866e511ee66a34d5c,ETH,exploit,revokecash,malicious spender/exploit,Arcadia Finance Hack,2025-07-15
0x63740491478c1e4889034b9ea5706961b98601c4,ETH,exploit,revokecash,malicious spender/exploit,Arcadia Finance Hack,2025-07-15
0x3b98b151ebcc5ba198ef1342d786eaeb9e4336af,ETH,exploit,revokecash,malicious spender/exploit,Arcadia Finance Hack,2025-07-15
0x3c7b863dabdc930d071bdf9a7d316bdd4ef642e4,ETH,exploit,revokecash,malicious spender/exploit,Arcadia Finance Hack,2025-07-15
0xca752cf347808d4c91e570034a20819b235a5d5b,ETH,exploit,revokecash,malicious spender/exploit,Arcadia Finance Hack,2025-07-15
0x2dcc8308e33e1d359c472076208f1341b9eb393b,ETH,exploit,revokecash,malicious spender/exploit,Arcadia Finance Hack,2025-07-15
0x86425858b863136bd980b6b17a89e4a6d1933856,ETH,exploit,revokecash,malicious spender/exploit,Arcadia Finance Hack,2025-07-15
0x18986c89f91388d9ece848a36c6ccebac80b9605,ETH,exploit,revokecash,malicious spender/exploit,Arcadia Finance Hack,2025-07-15
0x6e67dea0984869deebfe61aa7d7239f617af7f5b,ETH,exploit,revokecash,malicious spender/exploit,Arcadia Finance Hack,2025-07-15
0x572204f75fb7635d7f59afaac39b5367dd1bbb59,ETH,exploit,revokecash,malicious spender/exploit,Arcadia Finance Hack,2025-07-15
0xbae5e0f7a9b5cdca9e9e7b6cd3f0ed672ae884d6,ETH,exploit,revokecash,malicious spender/exploit,Arcadia Finance Hack,2025-07-15
0x9f92d9e74886c40243eafce81c853d39a466a0b3,ETH,exploit,revokecash,malicious spender/exploit,Arcadia Finance Hack,2025-07-15
0xbf522e7c38aa7f30e7fd99b88d4fbe09cedd54c2,ETH,exploit,revokecash,malicious spender/exploit,Arcadia Finance Hack,2025-07-15
0x288f4fee2a43d7dcb0d4583fc7e3f7f43603a62f,ETH,exploit,revokecash,malicious spender/exploit,Arcadia Finance Hack,2025-07-15
0x8b0f1d85ebe6dfd04eb7a59c781fbfab6784d643,ETH,exploit,revokecash,malicious spender/exploit,Arcadia Finance Hack,2025-07-15
0xaf909e8dfdfd8a55546bbef9ee080c15c753d8b2,ETH,exploit,revokecash,malicious spender/exploit,Arcadia Finance Hack,2025-07-15
0xa3525dba3658ae01249e307553baaeb3879b2a92,ETH,exploit,revokecash,malicious spender/exploit,Arcadia Finance Hack,2025-07-15
0xa2a7aafea2e901e6a88c092fac967942c53edffb,ETH,exploit,revokecash,malicious spender/exploit,Arcadia Finance Hack,2025-07-15
0xc99ae58963018304923ff17141a01a962163c057,ETH,exploit,revokecash,malicious spender/exploit,Arcadia Finance Hack,2025-07-15
0x36e63229a98051121c5787411527f8b06a747598,ETH,exploit,revokecash,malicious spender/exploit,Arcadia Finance Hack,2025-07-15
0x3fd74c0a205c012e7a82dc81585991ce559620fd,ETH,exploit,revokecash,malicious spender/exploit,Arcadia Finance Hack,2025-07-15
0x4d3f7d5fb588846e65f2692d28cc76bc720282fe,ETH,exploit,revokecash,malicious spender/exploit,Arcadia Finance Hack,2025-07-15
0x142cfabc2fbaea3df0ac1cc36ba9df6f2a196e02,ETH,exploit,revokecash,malicious spender/exploit,Arcadia Finance Hack,2025-07-15
0x7ffdebe733e111f512a5f06015690dee733e1909,ETH,exploit,revokecash,malicious spender/exploit,Arcadia Finance Hack,2025-07-15
0x2784a6dc78cd992c3502df004ef3fc9864d41866,ETH,exploit,revokecash,malicious spender/exploit,Arcadia Finance Hack,2025-07-15
0x2097d465b8837a5887b66ec4d81410997de255ea,ETH,exploit,revokecash,malicious spender/exploit,Arcadia Finance Hack,2025-07-15
0xfa4b6bef99bc8d29373aa47bc0a67be3444e94fe,ETH,exploit,revokecash,malicious spender/exploit,Arcadia Finance Hack,2025-07-15
0x9f6388c48ceebdf536a9fa8536ce0c3b8364b2a8,ETH,exploit,revokecash,malicious spender/exploit,Arcadia Finance Hack,2025-07-15
0x8a5a20a5a3b13d11687eae379a737505cba11eab,ETH,exploit,revokecash,malicious spender/exploit,Arcadia Finance Hack,2025-07-15
0x021dece75f9bde868405b18710358b8ea153c180,ETH,exploit,revokecash,malicious spender/exploit,Arcadia Finance Hack,2025-07-15
0x87e6781c9cfd0af6754d82911d5f08a6b5b55e1c,ETH,exploit,revokecash,malicious spender/exploit,Arcadia Finance Hack,2025-07-15
0x01075cbaf532d37c75d0744887b68d859d8d5755,ETH,exploit,revokecash,malicious spender/exploit,Arcadia Finance Hack,2025-07-15
0x62d2bb2f565926374c52285d15fb3ec6475e1e3e,ETH,exploit,revokecash,malicious spender/exploit,Arcadia Finance Hack,2025-07-15
0xde7c1d5010120284abb635de33da0286ca2fb2d1,ETH,exploit,revokecash,malicious spender/exploit,Arcadia Finance Hack,2025-07-15
0x19b76bb9bbcc6ea3c5862b4c9dc76fb2b5608d81,ETH,exploit,revokecash,malicious spender/exploit,Arcadia Finance Hack,2025-07-15
0xe736f4bffab06415435f44e57c25250baaabffa0,ETH,exploit,revokecash,malicious spender/exploit,Arcadia Finance Hack,2025-07-15
0x5bb9f1c810cf38e6e48227e2fcbac4cd3359bc1d,ETH,exploit,revokecash,malicious spender/exploit,Arcadia Finance Hack,2025-07-15
0x48df0940bf41a3bbc10170747bcae61bb458d47f,ETH,exploit,revokecash,malicious spender/exploit,Arcadia Finance Hack,2025-07-15
0xb964d21801499b29f3412055b457810ba04857c2,ETH,exploit,revokecash,malicious spender/exploit,Arcadia Finance Hack,2025-07-15
0xab2e5ad67b70758736b067ca08ca61fc9aa72250,ETH,exploit,revokecash,malicious spender/exploit,Arcadia Finance Hack,2025-07-15
0xcda7dd3c282d76c0b904ff6805736f38eef43027,ETH,exploit,revokecash,malicious spender/exploit,Arcadia Finance Hack,2025-07-15
0xadfe25c8c7e7f3575a12945b7800242638b3e764,ETH,exploit,revokecash,malicious spender/exploit,Arcadia Finance Hack,2025-07-15
0x9c6ba8a8d58eb7c15894ee5b988ad2d12a770ae3,ETH,exploit,revokecash,malicious spender/exploit,Arcadia Finance Hack,2025-07-15
0x553a15a9a57feb968208e90075a093688001d85e,ETH,exploit,revokecash,malicious spender/exploit,Arcadia Finance Hack,2025-07-15
0xd4bfe4e8e78acf01c66899f053e12a65b94ae9c0,ETH,exploit,revokecash,malicious spender/exploit,Arcadia Finance Hack,2025-07-15
0xb1a5739a3c67b058709de9f8e0ed44e5b009405f,ETH,exploit,revokecash,malicious spender/exploit,Arcadia Finance Hack,2025-07-15
0x996eb642a3f77abe9dac026fb75f3ec90bc3321e,ETH,exploit,revokecash,malicious spender/exploit,Arcadia Finance Hack,2025-07-15
0x6f2ea4f66e5d18cdae2508812091d19d653f1307,ETH,exploit,revokecash,malicious spender/exploit,Arcadia Finance Hack,2025-07-15
0x1578a0d99948bc83d9ea702e349b5f10d704ffe0,ETH,exploit,revokecash,malicious spender/exploit,Arcadia Finance Hack,2025-07-15
0x4831d6ce2a5011425703b231aff47c17a33710c2,ETH,exploit,revokecash,malicious spender/exploit,Arcadia Finance Hack,2025-07-15
0x9e4c7a4b22b1fd69e0e412aae0fa4052b56b6e74,ETH,exploit,revokecash,malicious spender/exploit,Arcadia Finance Hack,2025-07-15
0x6d652a2281a22f3a999cd9c65c222ec880775769,ETH,exploit,revokecash,malicious spender/exploit,Arcadia Finance Hack,2025-07-15
0x9e1d9ad44a02c778de340a5186e1ab8ddad74d7e,ETH,exploit,revokecash,malicious spender/exploit,Arcadia Finance Hack,2025-07-15
0x4658f305f6d48c7cd7aeb25f6c3c9a9c78755470,ETH,exploit,revokecash,malicious spender/exploit,Arcadia Finance Hack,2025-07-15
0x5487f77609302de3aa80a01cfa7709ebd8868f4a,ETH,exploit,revokecash,malicious spender/exploit,Arcadia Finance Hack,2025-07-15
0xbcb8423eb253cb905c3b7d7a0e480f20d936e43b,ETH,exploit,revokecash,malicious spender/exploit,Arcadia Finance Hack,2025-07-15
0x6765a33cd2bb9c31a55d513c0f6abbde4f776e76,ETH,exploit,revokecash,malicious spender/exploit,Arcadia Finance Hack,2025-07-15
0x757eed079afc4bd074412e8a5712daa1c78bd0c1,ETH,exploit,revokecash,malicious spender/exploit,Arcadia Finance Hack,2025-07-15
0x1639cbe96d2577b4c058c8e77ee8b4bcd39ae47d,ETH,exploit,revokecash,malicious spender/exploit,Arcadia Finance Hack,2025-07-15
0xcd795c47de066f188953100ff1085271858be5d6,ETH,exploit,revokecash,malicious spender/exploit,Arcadia Finance Hack,2025-07-15
0x62c6b4a8c12bad500190d9794983483207362d03,ETH,exploit,revokecash,malicious spender/exploit,Arcadia Finance Hack,2025-07-15
0x796d317ba0da82517121a62c6b0d9ac50cdad118,ETH,exploit,revokecash,malicious spender/exploit,Arcadia Finance Hack,2025-07-15
0x268fb2e51102298ab96f93db997aac57cf6c1f46,ETH,exploit,revokecash,malicious spender/exploit,Arcadia Finance Hack,2025-07-15
0x3c326e62d41a36ab5cdc26b4bf09531c797df0b6,ETH,exploit,revokecash,malicious spender/exploit,Arcadia Finance Hack,2025-07-15
0x9a42e0b32e1cad56e9974c508e034a1a6652c7cd,ETH,exploit,revokecash,malicious spender/exploit,Arcadia Finance Hack,2025-07-15
0x991aa8b0af8c769875dd84aaad83e6722a9e3353,ETH,exploit,revokecash,malicious spender/exploit,Arcadia Finance Hack,2025-07-15
0x338e940a6fda91ef1c7dd16bd38786109f0efdc8,ETH,exploit,revokecash,malicious spender/exploit,Arcadia Finance Hack,2025-07-15
0x5644ea51ca488882f67e325b8d6b17d402d8386a,ETH,exploit,revokecash,malicious spender/exploit,Arcadia Finance Hack,2025-07-15
0x6c83f0c23eaca7ce586b4e6f4a3d732973e617f8,ETH,exploit,revokecash,malicious spender/exploit,Arcadia Finance Hack,2025-07-15
0xcbff412a76fd02559014cbf0a0a29b36e41a3ae0,ETH,exploit,revokecash,malicious spender/exploit,Arcadia Finance Hack,2025-07-15
0xab08588681a80dd059a7762f96c6ba1d9694fdbf,ETH,exploit,revokecash,malicious spender/exploit,Arcadia Finance Hack,2025-07-15
0xebfafb873dc62c9932c9d9b8d4e5b7cada1b6785,ETH,exploit,revokecash,malicious spender/exploit,Arcadia Finance Hack,2025-07-15
0x9d56cf41140e1a4aedb09245ea24135ae88ba6ef,ETH,exploit,revokecash,malicious spender/exploit,Arcadia Finance Hack,2025-07-15
0x2d36def5eda83b4321504a869352cf8a42e72b65,ETH,exploit,revokecash,malicious spender/exploit,Arcadia Finance Hack,2025-07-15
0x72c55b0ac47fe027e70194ef549a14db6be47670,ETH,exploit,revokecash,malicious spender/exploit,Arcadia Finance Hack,2025-07-15
0x5c3dfcd340225a05b5b72d98a1dc819280fff292,ETH,exploit,revokecash,malicious spender/exploit,Arcadia Finance Hack,2025-07-15
0x9725897313b3da4eb99ae7466253fc50df04cf50,ETH,exploit,revokecash,malicious spender/exploit,Arcadia Finance Hack,2025-07-15
0xc7a9e6b259db11d54749232f74fefde4cd9b50d4,ETH,exploit,revokecash,malicious spender/exploit,Arcadia Finance Hack,2025-07-15
0x347a3952a348d9d734e2c59c144392c124e914c9,ETH,exploit,revokecash,malicious spender/exploit,Arcadia Finance Hack,2025-07-15
0xd02f72fd6bb8e304a83c06bdb794893c532c3ac0,ETH,exploit,revokecash,malicious spender/exploit,Arcadia Finance Hack,2025-07-15
0x06c174a01bfd2793dc5907f1c2f8d2d224a4f45a,ETH,exploit,revokecash,malicious spender/exploit,Arcadia Finance Hack,2025-07-15
0x7eecb6a498f1f31a5f08f20dbe450dbd127355ce,ETH,exploit,revokecash,malicious spender/exploit,Arcadia Finance Hack,2025-07-15
0x6a6d7b3fe1d6e229ea292bad7a090878aeea9818,ETH,exploit,revokecash,malicious spender/exploit,Arcadia Finance Hack,2025-07-15
0x54d3732c6864367b49b3504388d6c93d0f3a1b91,ETH,exploit,revokecash,malicious spender/exploit,Arcadia Finance Hack,2025-07-15
0x573e49388cff61b577c98211e77fd2238c0035da,ETH,exploit,revokecash,malicious spender/exploit,Arcadia Finance Hack,2025-07-15
0x8b380232cebd7ca622d78641c8b9d3b15c3f7c3a,ETH,exploit,revokecash,malicious spender/exploit,Arcadia Finance Hack,2025-07-15
0x0400badcbc71102316f74fd7f9bb6f7e03db9431,ETH,exploit,revokecash,malicious spender/exploit,Arcadia Finance Hack,2025-07-15
0x6d3c13005501c3a6f97fea6d4823e0006e4bd806,ETH,exploit,revokecash,malicious spender/exploit,Arcadia Finance Hack,2025-07-15
0x7978a7a3af086f2c7f0abddc84cf13e5c9c628b7,ETH,exploit,revokecash,malicious spender/exploit,Arcadia Finance Hack,2025-07-15
0xcc6d383b0e0c35fbef4eb8417a0310edc15d9876,ETH,exploit,revokecash,malicious spender/exploit,Arcadia Finance Hack,2025-07-15
0xfb1ed7fd0bfb186750fbe6bcf19197d3680f1f85,ETH,exploit,revokecash,malicious spender/exploit,Arcadia Finance Hack,2025-07-15
0x6ea2fa38b0ad3e6c83c3f9399db651f4b7c43c56,ETH,exploit,revokecash,malicious spender/exploit,Arcadia Finance Hack,2025-07-15
0x2754f7fc7a8d7333473013d478f2d0117b6ab38b,ETH,exploit,revokecash,malicious spender/exploit,Arcadia Finance Hack,2025-07-15
0xdd52eab6095df98665607256c3d7851327f848a6,ETH,exploit,revokecash,malicious spender/exploit,Arcadia Finance Hack,2025-07-15
0x4cf5cdce2a75d021444beb84426d4679ea1191d4,ETH,exploit,revokecash,malicious spender/exploit,Arcadia Finance Hack,2025-07-15
0xe9c525479b9f15f209574f241c2ab3d8a4ac3925,ETH,exploit,revokecash,malicious spender/exploit,Arcadia Finance Hack,2025-07-15
0x7a19ef2281a4d98943c0283d7926cdc7ba40c8b6,ETH,exploit,revokecash,malicious spender/exploit,Arcadia Finance Hack,2025-07-15
0x97dd5f239ee05bbffe18745bb99903cb075ca51c,ETH,exploit,revokecash,malicious spender/exploit,Arcadia Finance Hack,2025-07-15
0xb2f977854b49866c0fe539d6a555960e0f94ab6d,ETH,exploit,revokecash,malicious spender/exploit,Arcadia Finance Hack,2025-07-15
0xf16eb5e10bc81e85afda95c4d1fb6e000423dc2e,ETH,exploit,revokecash,malicious spender/exploit,Arcadia Finance Hack,2025-07-15
0x1d9ff8719959b3f1e215c9e306a48144a0e188cf,ETH,exploit,revokecash,malicious spender/exploit,Arcadia Finance Hack,2025-07-15
0x27f9dd64dbe151c3ccaa7fbc8fe63a87930f21e5,ETH,exploit,revokecash,malicious spender/exploit,Arcadia Finance Hack,2025-07-15
0x8a383415825c15c7ba829cfb386907517ea71156,ETH,exploit,revokecash,malicious spender/exploit,Arcadia Finance Hack,2025-07-15
0x15da66b0e31528a95aba863a632933973f3b87b6,ETH,exploit,revokecash,malicious spender/exploit,Arcadia Finance Hack,2025-07-15
0xd3555a54e708084a5db576f8d02ab86ab8d5ce4a,ETH,exploit,revokecash,malicious spender/exploit,Arcadia Finance Hack,2025-07-15
0xf722ff719f20ca0bd6d68265a3ae9c5d9ca52aed,ETH,exploit,revokecash,malicious spender/exploit,Arcadia Finance Hack,2025-07-15
0x7af78ac59cdfe6bcc5e1eeaffc418fb8f2dd80fb,ETH,exploit,revokecash,malicious spender/exploit,Arcadia Finance Hack,2025-07-15
0x0c698044c5f0077df0ad2aee7135acf5ae20ab29,ETH,exploit,revokecash,malicious spender/exploit,Arcadia Finance Hack,2025-07-15
0x4ba6c71915efbb48c148d5733d513a2821fdf672,ETH,exploit,revokecash,malicious spender/exploit,Arcadia Finance Hack,2025-07-15
0x79b58399215f2300168367fc4438c33d8064e038,ETH,exploit,revokecash,malicious spender/exploit,Arcadia Finance Hack,2025-07-15
0xabcbe622a750f771eaf73436d3ccb3a3848a871a,ETH,exploit,revokecash,malicious spender/exploit,Arcadia Finance Hack,2025-07-15
0x08154aca210c400ea72aae9030a54f6739149575,ETH,exploit,revokecash,malicious spender/exploit,Arcadia Finance Hack,2025-07-15
0xdc3bb2375630e7c7c0c20c73168641c962de07f6,ETH,exploit,revokecash,malicious spender/exploit,Arcadia Finance Hack,2025-07-15
0x9835f8aaa44eebed977c0534cebfdb83c0cd9601,ETH,exploit,revokecash,malicious spender/exploit,Arcadia Finance Hack,2025-07-15
0xe3c85a01c12a38fe488ba8165c2623fd74ae491e,ETH,exploit,revokecash,malicious spender/exploit,Arcadia Finance Hack,2025-07-15
0x10ed156ba9f1e3b77cabc5b587b6a897c2d67ed8,ETH,exploit,revokecash,malicious spender/exploit,Arcadia Finance Hack,2025-07-15
0x1362de3afc8cb477a4159471f124c16e49ec758b,ETH,exploit,revokecash,malicious spender/exploit,Arcadia Finance Hack,2025-07-15
0x5ddf3cd7a3154aca06fd79d16817b289ed2adb94,ETH,exploit,revokecash,malicious spender/exploit,Arcadia Finance Hack,2025-07-15
0x85721184e697bb9a9ce1b64306df5edfee8732c9,ETH,exploit,revokecash,malicious spender/exploit,Arcadia Finance Hack,2025-07-15
0xe98f49baf7507b766eabaccb071a8620de380e2b,ETH,exploit,revokecash,malicious spender/exploit,Arcadia Finance Hack,2025-07-15
0x1230cf4e3c01135629fd9cc90a4359104b95e7ad,ETH,exploit,revokecash,malicious spender/exploit,Arcadia Finance Hack,2025-07-15
0x713701352352ee46e978cb237dbe0c4fe08fd4ba,ETH,exploit,revokecash,malicious spender/exploit,Arcadia Finance Hack,2025-07-15
0x02bd9adee1c5a53ea557853def6bf21f5459e660,ETH,exploit,revokecash,malicious spender/exploit,Arcadia Finance Hack,2025-07-15
0x506226bbc580efef0aae445dc006dcae333dc7e0,ETH,exploit,revokecash,malicious spender/exploit,Arcadia Finance Hack,2025-07-15
0x485375ffc9bdc8445f0b05a1b6089c1b9916ecf4,ETH,exploit,revokecash,malicious spender/exploit,Arcadia Finance Hack,2025-07-15
0xaa702ee486ee3ee2f170f000b2f2dd55b45e9047,ETH,exploit,revokecash,malicious spender/exploit,Arcadia Finance Hack,2025-07-15
0x17f35664e9af455b8496d071e68e5d4ef6f0da6c,ETH,exploit,revokecash,malicious spender/exploit,Arcadia Finance Hack,2025-07-15
0x8f80c5fb60eef2fef0a93df8ed0ebac104647a62,ETH,exploit,revokecash,malicious spender/exploit,Arcadia Finance Hack,2025-07-15
0x4125809bd962e4282dde7194700e0894cbece093,ETH,exploit,revokecash,malicious spender/exploit,Arcadia Finance Hack,2025-07-15
0xc3e58d03d2bac829c605114f6160604455eb3399,ETH,exploit,revokecash,malicious spender/exploit,Arcadia Finance Hack,2025-07-15
0x55240206391d632582196df9202e43c0c54fb46c,ETH,exploit,revokecash,malicious spender/exploit,Arcadia Finance Hack,2025-07-15
0x4c4a33b66f44d31866e019a13e31fe47f6d96299,ETH,exploit,revokecash,malicious spender/exploit,Arcadia Finance Hack,2025-07-15
0xfc64397a2efb481254db1b3246c63167d237a7e9,ETH,exploit,revokecash,malicious spender/exploit,Arcadia Finance Hack,2025-07-15
0xdd7309cbc278310fd34ef03de074c9177637b0b5,ETH,exploit,revokecash,malicious spender/exploit,Arcadia Finance Hack,2025-07-15
0x59c64e4c15a97640aabd7ae75b6dac62772cbce1,ETH,exploit,revokecash,malicious spender/exploit,Arcadia Finance Hack,2025-07-15
0xa2a2134d0a71647db60ac89cb589e4c748b1acb2,ETH,exploit,revokecash,malicious spender/exploit,Arcadia Finance Hack,2025-07-15
0x57903f3fc69c9acb040c2f51dad5225796520a9c,ETH,exploit,revokecash,malicious spender/exploit,Arcadia Finance Hack,2025-07-15
0x992b95063019789fa3b337c90a5d21a0b2afe288,ETH,exploit,revokecash,malicious spender/exploit,Arcadia Finance Hack,2025-07-15
0x8f558323faa98a657b44813842de2d8141548794,ETH,exploit,revokecash,malicious spender/exploit,Arcadia Finance Hack,2025-07-15
0x3c734d8f0bc89d451c79be3218eb7115ee9c3f55,ETH,exploit,revokecash,malicious spender/exploit,Arcadia Finance Hack,2025-07-15
0x0d2ed8f7ebda2d855ede925630619e444e444916,ETH,exploit,revokecash,malicious spender/exploit,Arcadia Finance Hack,2025-07-15
0x80f42095e6a58911a903909a740ba3bfd38bc95c,ETH,exploit,revokecash,malicious spender/exploit,Arcadia Finance Hack,2025-07-15
0x91e379c13faad21d978678d10222baa0888bdf95,ETH,exploit,revokecash,malicious spender/exploit,Arcadia Finance Hack,2025-07-15
0xa9bf7294b4724a6a64b8b8637607a5b91d6b2a85,ETH,exploit,revokecash,malicious spender/exploit,Arcadia Finance Hack,2025-07-15
0xea79aba7fc4da2d153263e4d17c4c8428932081b,ETH,exploit,revokecash,malicious spender/exploit,Arcadia Finance Hack,2025-07-15
0xd2e620944615e7a782962b05ba9c59a87d472caa,ETH,exploit,revokecash,malicious spender/exploit,Arcadia Finance Hack,2025-07-15
0xcfb5f6ba6503a22f9c0df72fcbe60196a86f84da,ETH,exploit,revokecash,malicious spender/exploit,Arcadia Finance Hack,2025-07-15
0xf1c2a77812d7789065103b16af60f7379e73b4f2,ETH,exploit,revokecash,malicious spender/exploit,Arcadia Finance Hack,2025-07-15
0xc42ea26f66e779444b38e3d8adcef3ac1db4043c,ETH,exploit,revokecash,malicious spender/exploit,Arcadia Finance Hack,2025-07-15
0x04d07b95544e6c98a11b64f9e44cbbb5ef87188c,ETH,exploit,revokecash,malicious spender/exploit,Arcadia Finance Hack,2025-07-15
0x47ed959166fdb4f542017b1c6c7db7568a87a30d,ETH,exploit,revokecash,malicious spender/exploit,Arcadia Finance Hack,2025-07-15
0x769c481f0ca1457aec72582c8384a9d4f3695f81,ETH,exploit,revokecash,malicious spender/exploit,Arcadia Finance Hack,2025-07-15
0x6a7f761874d406b5cdc2a93f708ea1f5c05602e3,ETH,exploit,revokecash,malicious spender/exploit,Arcadia Finance Hack,2025-07-15
0xc9c0a768fcb927e0cc632dd151ad1f2eabbbe3bb,ETH,exploit,revokecash,malicious spender/exploit,Arcadia Finance Hack,2025-07-15
0x973c6ceaee86f821d16fc4bcb2b076a9bf317120,ETH,exploit,revokecash,malicious spender/exploit,Arcadia Finance Hack,2025-07-15
0xe5635a00d09166a87d489ddfae020252e104ac49,ETH,exploit,revokecash,malicious spender/exploit,Arcadia Finance Hack,2025-07-15
0xe543f7cbb213efd6f1190c089985bfbe26f5f58c,ETH,exploit,revokecash,malicious spender/exploit,Arcadia Finance Hack,2025-07-15
0x343a988c4611ba5dcc669955c3f8cf34ba496aa2,ETH,exploit,revokecash,malicious spender/exploit,Arcadia Finance Hack,2025-07-15
0x8a668a3831e91f4f10a7694fc72618c45419f113,ETH,exploit,revokecash,malicious spender/exploit,Arcadia Finance Hack,2025-07-15
0xa70f28983f24fca7ee85fa686c9a73fb6a6ec11e,ETH,exploit,revokecash,malicious spender/exploit,Arcadia Finance Hack,2025-07-15
0xf4ddebc92a7d104d65f0b7ff44aef59ef840ead1,ETH,exploit,revokecash,malicious spender/exploit,Arcadia Finance Hack,2025-07-15
0x2af755a946fb1f2de24265b8a022c8a75bfb7760,ETH,exploit,revokecash,malicious spender/exploit,Arcadia Finance Hack,2025-07-15
0x263eaf75bf2d1eaa5e69284dc6257eab9337a5f4,ETH,exploit,revokecash,malicious spender/exploit,Arcadia Finance Hack,2025-07-15
0x6ca5a3b7a96b0af72104c325f0026857417adfcd,ETH,exploit,revokecash,malicious spender/exploit,Arcadia Finance Hack,2025-07-15
0x30213544c67d16aed651010fe8269df4e25f6454,ETH,exploit,revokecash,malicious spender/exploit,Arcadia Finance Hack,2025-07-15
0xf7d2b86dcfe74708049976873889919f5f438da6,ETH,exploit,revokecash,malicious spender/exploit,Arcadia Finance Hack,2025-07-15
0x575c6f695a7215ee2e85a7d0a2b91c4e8fdb746b,ETH,exploit,revokecash,malicious spender/exploit,Arcadia Finance Hack,2025-07-15
0xe5bfa0aabb1db74036367da9123aa3c76735b298,ETH,exploit,revokecash,malicious spender/exploit,Arcadia Finance Hack,2025-07-15
0xe60bb5006db72f84ee06565976a416ee7ded2586,ETH,exploit,revokecash,malicious spender/exploit,Arcadia Finance Hack,2025-07-15
0x46657780963e02c9b9f35fd41ca7d5e272fb86b0,ETH,exploit,revokecash,malicious spender/exploit,Arcadia Finance Hack,2025-07-15
0xb3fcf7ab46eb385c41ed2f85765e28da2aca5362,ETH,exploit,revokecash,malicious spender/exploit,Arcadia Finance Hack,2025-07-15
0x6ea0d01738bf3acaec829cd96b273451f52d767b,ETH,exploit,revokecash,malicious spender/exploit,Arcadia Finance Hack,2025-07-15
0xee69837a550c57d7e9fd2642ee7dcd8cd127fce1,ETH,exploit,revokecash,malicious spender/exploit,Arcadia Finance Hack,2025-07-15
0xc93a950f30409b552c1eee120bc56609b3104b78,ETH,exploit,revokecash,malicious spender/exploit,Arcadia Finance Hack,2025-07-15
0x52dfb240e10db408ab9d98544e3b5aa223430fc6,ETH,exploit,revokecash,malicious spender/exploit,Arcadia Finance Hack,2025-07-15
0xa379583a5a74192e55e03c4fcb699cb36dbfb251,ETH,exploit,revokecash,malicious spender/exploit,Arcadia Finance Hack,2025-07-15
0x6c6200787823390351be4ae36dd34ec61b5bfb40,ETH,exploit,revokecash,malicious spender/exploit,Arcadia Finance Hack,2025-07-15
0xc31969415b49af290625bb18ec78be6a9344f5e0,ETH,exploit,revokecash,malicious spender/exploit,Arcadia Finance Hack,2025-07-15
0xd40c3361aa8d0208171aa8b714259bd566b1c92d,ETH,exploit,revokecash,malicious spender/exploit,Arcadia Finance Hack,2025-07-15
0x220c2a3a76585c9094e24547ba067c3b91e8be7a,ETH,exploit,revokecash,malicious spender/exploit,Arcadia Finance Hack,2025-07-15
0xba36170da04facdf6928cfcbd068a909195359dc,ETH,exploit,revokecash,malicious spender/exploit,Arcadia Finance Hack,2025-07-15
0xbee4385ce6baa53729d825e023d0c9096a761c9a,ETH,exploit,revokecash,malicious spender/exploit,Arcadia Finance Hack,2025-07-15
0x8837f88c0e9d24ae3ce958ec18d8c85c060dbb46,ETH,exploit,revokecash,malicious spender/exploit,Arcadia Finance Hack,2025-07-15
0x41e10ed324a09b2b071a6ec37da28e2791e8c3aa,ETH,exploit,revokecash,malicious spender/exploit,Arcadia Finance Hack,2025-07-15
0x2e80508ab29b5505e5f985317d8c1263e5ebfe83,ETH,exploit,revokecash,malicious spender/exploit,Arcadia Finance Hack,2025-07-15
0xd4aae22d5afc3e9ff5cb1f684b04d3531328b45e,ETH,exploit,revokecash,malicious spender/exploit,Arcadia Finance Hack,2025-07-15
0x32f04f0ec291da2fb0189a53daa7a0075c14af7c,ETH,exploit,revokecash,malicious spender/exploit,Arcadia Finance Hack,2025-07-15
0x89eab1f45f8e7f5df8f322fc6a39c9b5186476f6,ETH,exploit,revokecash,malicious spender/exploit,Arcadia Finance Hack,2025-07-15
0x2da4414fc605f4cab48282e9011807e7ac1c07ee,ETH,exploit,revokecash,malicious spender/exploit,Arcadia Finance Hack,2025-07-15
0xa15abd3c7d81dd95526e78af453eeecd478b000d,ETH,exploit,revokecash,malicious spender/exploit,Arcadia Finance Hack,2025-07-15
0x44805e15f501004b6d28425ce99622b4c505ca6b,ETH,exploit,revokecash,malicious spender/exploit,Arcadia Finance Hack,2025-07-15
0xa7ff3d6244a359e04671da583926ef79ed2391b9,ETH,exploit,revokecash,malicious spender/exploit,Arcadia Finance Hack,2025-07-15
0xd0e294b80ef606ca70b8a50fc75531629472479e,ETH,exploit,revokecash,malicious spender/exploit,Arcadia Finance Hack,2025-07-15
0x1ae2f52bfdf63fb762bf75c85a25ab352342937c,ETH,exploit,revokecash,malicious spender/exploit,Arcadia Finance Hack,2025-07-15
0xf285f477e58204aabf8454d51c728165e8cc34e1,ETH,exploit,revokecash,malicious spender/exploit,Arcadia Finance Hack,2025-07-15
0x2aa90eddce70c4023357b2664a94d2a42e5eb59e,ETH,exploit,revokecash,malicious spender/exploit,Arcadia Finance Hack,2025-07-15
0x533355a81f4b88145f31ba4c5bd4377ca05c3eb9,ETH,exploit,revokecash,malicious spender/exploit,Arcadia Finance Hack,2025-07-15
0x5aaa4a6b4978808cb6b66df69612b2b26922651b,ETH,exploit,revokecash,malicious spender/exploit,Arcadia Finance Hack,2025-07-15
0x45b99e474d3cb7b1c584f3f12e18a3699edf654d,ETH,exploit,revokecash,malicious spender/exploit,Arcadia Finance Hack,2025-07-15
0x04f6dfcac2bac05bd9a22e061e9ced7dc44779e3,ETH,exploit,revokecash,malicious spender/exploit,Arcadia Finance Hack,2025-07-15
0x9c35eb54ccff9bd7e654a11a61d22efcfce9e2b4,ETH,exploit,revokecash,malicious spender/exploit,Arcadia Finance Hack,2025-07-15
0xd6d1530d234f840509a3e6cf274229e972aff175,ETH,exploit,revokecash,malicious spender/exploit,Arcadia Finance Hack,2025-07-15
0xe6be29a6cfb9e2f79f8616beeedf6f00673b66e8,ETH,exploit,revokecash,malicious spender/exploit,Arcadia Finance Hack,2025-07-15
0x3b2845a0e45d2af90ac384fd1544681452e08f1f,ETH,exploit,revokecash,malicious spender/exploit,Arcadia Finance Hack,2025-07-15
0xfbf3d6637601403ece033d28232d8eb1ac633440,ETH,exploit,revokecash,malicious spender/exploit,Arcadia Finance Hack,2025-07-15
0xe99bdf063e02e30964f5f843f390069f02774f6f,ETH,exploit,revokecash,malicious spender/exploit,Arcadia Finance Hack,2025-07-15
0xa1c221fa16a8b6f244c3f153eba4e9413d768665,ETH,exploit,revokecash,malicious spender/exploit,Arcadia Finance Hack,2025-07-15
0xd6f5e510eeeeccba1a94a6a0c8fa0e665d045009,ETH,exploit,revokecash,malicious spender/exploit,Arcadia Finance Hack,2025-07-15
0x9c5f55faac7593459b773996e8c10d51cbd858d3,ETH,exploit,revokecash,malicious spender/exploit,Arcadia Finance Hack,2025-07-15
0x568db6c70ac8849c1cf5ee3bfaeddd1f56b7eeb4,ETH,exploit,revokecash,malicious spender/exploit,Arcadia Finance Hack,2025-07-15
0xd49a2694e40be4dcd7012f184d0910d20f73d3fe,ETH,exploit,revokecash,malicious spender/exploit,Arcadia Finance Hack,2025-07-15
0x4b2e176185a64c97136683f19715ca51dcd9784f,ETH,exploit,revokecash,malicious spender/exploit,Arcadia Finance Hack,2025-07-15
0x26c505bcccc1ff261f592d67ea12977d250aac7f,ETH,exploit,revokecash,malicious spender/exploit,Arcadia Finance Hack,2025-07-15
0xe708ba85462e1a70f5141e9f3ecb555fddee67e5,ETH,exploit,revokecash,malicious spender/exploit,Arcadia Finance Hack,2025-07-15
0x04e152e539ad7ef82ab1fd0100714f9fde92d0a1,ETH,exploit,revokecash,malicious spender/exploit,Arcadia Finance Hack,2025-07-15
0x2d11e5eada97f6b01f3c0dd756a7af9f01b847e3,ETH,exploit,revokecash,malicious spender/exploit,Arcadia Finance Hack,2025-07-15
0x675f280530b0b40a3bd6c0c3748d94a66351bfd7,ETH,exploit,revokecash,malicious spender/exploit,Arcadia Finance Hack,2025-07-15
0x908068e3f5df6603c575d94030e1810c6eb50a31,ETH,exploit,revokecash,malicious spender/exploit,Arcadia Finance Hack,2025-07-15
0xe5c51c0fbb8ab888f1e71b093a106cfcbdb16397,ETH,exploit,revokecash,malicious spender/exploit,Arcadia Finance Hack,2025-07-15
0xa987ff8873dcc8ceb53b72898421e2344f08bb0c,ETH,exploit,revokecash,malicious spender/exploit,Arcadia Finance Hack,2025-07-15
0x0c3c6786f3541d7870cceddc6e6ba800ccc40ac3,ETH,exploit,revokecash,malicious spender/exploit,Arcadia Finance Hack,2025-07-15
0xa93d409311e10163fdc8f254efb9abd055cba6db,ETH,exploit,revokecash,malicious spender/exploit,Arcadia Finance Hack,2025-07-15
0xd52f79a63b84b4eed0982135c04e67b4f3055cfc,ETH,exploit,revokecash,malicious spender/exploit,Arcadia Finance Hack,2025-07-15
0xd325bb7a6538e272881d72771a933e106da3bd7b,ETH,exploit,revokecash,malicious spender/exploit,Arcadia Finance Hack,2025-07-15
0x2cffb54af621af8c0874f303a3461aec6e5c5af0,ETH,exploit,revokecash,malicious spender/exploit,Arcadia Finance Hack,2025-07-15
0xf41200fa1a9ad563ece8a9a0bc8ac880b347e30c,ETH,exploit,revokecash,malicious spender/exploit,Arcadia Finance Hack,2025-07-15
0xa1f9ce69ed58bc38f1899b299ce1774e5bf7958c,ETH,exploit,revokecash,malicious spender/exploit,Arcadia Finance Hack,2025-07-15
0x8e68a2d773b50a8482ab0052a6782e4be2e7ce45,ETH,exploit,revokecash,malicious spender/exploit,Arcadia Finance Hack,2025-07-15
0xc64c1e0201c8462c9f8734dbdbb9ad80c143889e,ETH,exploit,revokecash,malicious spender/exploit,Arcadia Finance Hack,2025-07-15
0x48eabeaefb57a5061f9c4602a05cf62e081eb1a7,ETH,exploit,revokecash,malicious spender/exploit,Arcadia Finance Hack,2025-07-15
0x80d5174f7abcf4df0fb3126ef41b471eaca32105,ETH,exploit,revokecash,malicious spender/exploit,Arcadia Finance Hack,2025-07-15
0x05c48e0afbad9bef038cb2e45577d8fb9b73740a,ETH,exploit,revokecash,malicious spender/exploit,Arcadia Finance Hack,2025-07-15
0x40ffa1bd6228ad46ff6bbabd0fae40427c79323a,ETH,exploit,revokecash,malicious spender/exploit,Arcadia Finance Hack,2025-07-15
0x69bf0e18ddce3af43a8f48429d4c7d71af7e3b8a,ETH,exploit,revokecash,malicious spender/exploit,Arcadia Finance Hack,2025-07-15
0x06db2909c531a57972d4a2e6ecac8349572c10fe,ETH,exploit,revokecash,malicious spender/exploit,Arcadia Finance Hack,2025-07-15
0x0b2900325ac8ce678fbcbebf9195bbd2bc5fae19,ETH,exploit,revokecash,malicious spender/exploit,Arcadia Finance Hack,2025-07-15
0x6591ebc371a21403437e5535e14a17624e90911f,ETH,exploit,revokecash,malicious spender/exploit,Arcadia Finance Hack,2025-07-15
0x070e090af5910f81c0f0c44f60961ea7b0f185ad,ETH,exploit,revokecash,malicious spender/exploit,Arcadia Finance Hack,2025-07-15
0x57dccb144077a694ef6d775b6680f66acb3b27ea,ETH,exploit,revokecash,malicious spender/exploit,Arcadia Finance Hack,2025-07-15
0xdac4a1f65b789210df479af2ca0ae76f5229d012,ETH,exploit,revokecash,malicious spender/exploit,Arcadia Finance Hack,2025-07-15
0x679d25076432a578f9e614b1e66fc48344b75573,ETH,exploit,revokecash,malicious spender/exploit,Arcadia Finance Hack,2025-07-15
0xbfb02961ce27f211309d5aac6e05fed6affda374,ETH,exploit,revokecash,malicious spender/exploit,Arcadia Finance Hack,2025-07-15
0x873357325ec7253a0a0f461dad2e1e7a66b129a3,ETH,exploit,revokecash,malicious spender/exploit,Arcadia Finance Hack,2025-07-15
0x3acb4d2ba5e6478e809274e9f24d5339b4737f06,ETH,exploit,revokecash,malicious spender/exploit,Arcadia Finance Hack,2025-07-15
0xce2415e88bbb5c915bd6f516a0b67d7155f8bdc3,ETH,exploit,revokecash,malicious spender/exploit,Arcadia Finance Hack,2025-07-15
0xffc98a4cba09933eab5aaa3b74329e9a0fa60780,ETH,exploit,revokecash,malicious spender/exploit,Arcadia Finance Hack,2025-07-15
0x5a52ff77695fc522026fbc14e0308007050d12c3,ETH,exploit,revokecash,malicious spender/exploit,Arcadia Finance Hack,2025-07-15
0x59cab4974411ed043cf8aaa7b4cfc14d7da4be23,ETH,exploit,revokecash,malicious spender/exploit,Arcadia Finance Hack,2025-07-15
0xed31bc95f4eb365740ce94ea79d4377360ff5cc9,ETH,exploit,revokecash,malicious spender/exploit,Arcadia Finance Hack,2025-07-15
0x3f0faace872be4f1f4db46dfe71f6575d20eb289,ETH,exploit,revokecash,malicious spender/exploit,Arcadia Finance Hack,2025-07-15
0x92ebd4c068e6de7f69d312401da4e22554150b72,ETH,exploit,revokecash,malicious spender/exploit,Arcadia Finance Hack,2025-07-15
0x4f32e992cc1bb3a6f86244235885eb204171d8f4,ETH,exploit,revokecash,malicious spender/exploit,Arcadia Finance Hack,2025-07-15
0x1722e248fc3275af8908e72bd858c34ec98350d5,ETH,exploit,revokecash,malicious spender/exploit,Arcadia Finance Hack,2025-07-15
0xb66b8fe12fb3b6e9906262dce141de97bf8eea07,ETH,exploit,revokecash,malicious spender/exploit,Arcadia Finance Hack,2025-07-15
0x744e2b5f781fca8b9fc0494c0f920e73a3e49be2,ETH,exploit,revokecash,malicious spender/exploit,Arcadia Finance Hack,2025-07-15
0x4cf4b007a865521dd5d990261bbe93b838f93d96,ETH,exploit,revokecash,malicious spender/exploit,Arcadia Finance Hack,2025-07-15
0xb0b63def3b6d0e50f78309665543ffeda2aed7fc,ETH,exploit,revokecash,malicious spender/exploit,Arcadia Finance Hack,2025-07-15
0x374e6b7db0da0c8f471e20c07ac95ac18ea1923a,ETH,exploit,revokecash,malicious spender/exploit,Arcadia Finance Hack,2025-07-15
0x45a503118261280d0345aa0bfa1fabf18e0e8e6e,ETH,exploit,revokecash,malicious spender/exploit,Arcadia Finance Hack,2025-07-15
0x3a0f2aad9f240860a556bcf0d17a6e2f0be18cca,ETH,exploit,revokecash,malicious spender/exploit,Arcadia Finance Hack,2025-07-15
0xd6a2231091dc57370d14f0fed049dcee8c42b5a4,ETH,exploit,revokecash,malicious spender/exploit,Arcadia Finance Hack,2025-07-15
0x0b42b463dd4368e24139665dd446b6b2827d3271,ETH,exploit,revokecash,malicious spender/exploit,Arcadia Finance Hack,2025-07-15
0x58592e0f69461c177538511eca159913e2560e21,ETH,exploit,revokecash,malicious spender/exploit,Arcadia Finance Hack,2025-07-15
0x89529692de7d58d6e07a1871cf60d09c899b945b,ETH,exploit,revokecash,malicious spender/exploit,Arcadia Finance Hack,2025-07-15
0x79f18690a0d253bd9244996e3fbc5eea33fabff2,ETH,exploit,revokecash,malicious spender/exploit,Arcadia Finance Hack,2025-07-15
0x62a853e48f259f1292a616e72b0a160387766fc2,ETH,exploit,revokecash,malicious spender/exploit,Arcadia Finance Hack,2025-07-15
0x292abd74dcbef49605fd9345c95966326cbee5b9,ETH,exploit,revokecash,malicious spender/exploit,Arcadia Finance Hack,2025-07-15
0x4922b7fb0227bc02efc11c729a2a3b763defb89f,ETH,exploit,revokecash,malicious spender/exploit,Arcadia Finance Hack,2025-07-15
0xae8f84e757ce7a8c37895603dcc530044b46ec45,ETH,exploit,revokecash,malicious spender/exploit,Arcadia Finance Hack,2025-07-15
0xd9fd4bbf845fa6c78009bc481cc8c00fea552153,ETH,exploit,revokecash,malicious spender/exploit,Arcadia Finance Hack,2025-07-15
0x72c9368415d4af65869533570f3926fd1a03f179,ETH,exploit,revokecash,malicious spender/exploit,Arcadia Finance Hack,2025-07-15
0xe92ace91b24a89096d93f87d6c2a1d8bae3a0761,ETH,exploit,revokecash,malicious spender/exploit,Arcadia Finance Hack,2025-07-15
0xc5edbe5efc87a59c1a433450ef1fdb4ac51159b8,ETH,exploit,revokecash,malicious spender/exploit,Arcadia Finance Hack,2025-07-15
0x342898872221804aad8b60ece8cc719203dfd915,ETH,exploit,revokecash,malicious spender/exploit,Arcadia Finance Hack,2025-07-15
0x7b1488969979e9516f30afc0d607c4a4996e1f12,ETH,exploit,revokecash,malicious spender/exploit,Arcadia Finance Hack,2025-07-15
0x1f48218c9a9b927d1323c41e62f4d70715eda548,ETH,exploit,revokecash,malicious spender/exploit,Arcadia Finance Hack,2025-07-15
0xabe66e1d14a4bd0fdd80fa619dbaf88849592dd3,ETH,exploit,revokecash,malicious spender/exploit,Arcadia Finance Hack,2025-07-15
0x695122316808d4678cefc2370d511875dab6374a,ETH,exploit,revokecash,malicious spender/exploit,Arcadia Finance Hack,2025-07-15
0xd2463f6379d23cc078d0651b905a7778d447d8ca,ETH,exploit,revokecash,malicious spender/exploit,Arcadia Finance Hack,2025-07-15
0x3c727a6bd0fdce48eb2fed347d3422ad0fb9edf7,ETH,exploit,revokecash,malicious spender/exploit,Arcadia Finance Hack,2025-07-15
0x64cd733c97a362544e589f00f2d656f9a7d478f4,ETH,exploit,revokecash,malicious spender/exploit,Arcadia Finance Hack,2025-07-15
0x294b05ae104053932ef6540c00f361acc339d130,ETH,exploit,revokecash,malicious spender/exploit,Arcadia Finance Hack,2025-07-15
0xccebf75f074a78802e3d3fb0a7d9b682979d954a,ETH,exploit,revokecash,malicious spender/exploit,Arcadia Finance Hack,2025-07-15
0x283a593ab574f600063c4e8f80c57c5541d2a2e8,ETH,exploit,revokecash,malicious spender/exploit,Arcadia Finance Hack,2025-07-15
0x117d8afdb951f00031489dfb0932e4896c5d5c09,ETH,exploit,revokecash,malicious spender/exploit,Arcadia Finance Hack,2025-07-15
0x7a587711a73a7473877216cec4e9952e463e35d5,ETH,exploit,revokecash,malicious spender/exploit,Arcadia Finance Hack,2025-07-15
0x54fe430f1d257a7f6b563001b6cc3ebd91d85104,ETH,exploit,revokecash,malicious spender/exploit,Arcadia Finance Hack,2025-07-15
0x6ef7a8ca4adb0b671221b412df53c4bb212e1b9c,ETH,exploit,revokecash,malicious spender/exploit,Arcadia Finance Hack,2025-07-15
0x585a20a73989e5d2eb6e8052e2fb92f2a8c032a4,ETH,exploit,revokecash,malicious spender/exploit,Arcadia Finance Hack,2025-07-15
0x98b03819b8f388174ed5ecd062e9503843c8ed6e,ETH,exploit,revokecash,malicious spender/exploit,Arcadia Finance Hack,2025-07-15
0xd27372fcd1a0d42fb50aa8d7a68e42dbaf3228f4,ETH,exploit,revokecash,malicious spender/exploit,Arcadia Finance Hack,2025-07-15
0xe41abd598bb6c6e20776a3fb63e0ff7ec0b43977,ETH,exploit,revokecash,malicious spender/exploit,Arcadia Finance Hack,2025-07-15
0x973471002cea3ea06781eb9dc28e26efa6de4409,ETH,exploit,revokecash,malicious spender/exploit,Arcadia Finance Hack,2025-07-15
0xb60711336c3baa147a72d6519e99060961ea5f83,ETH,exploit,revokecash,malicious spender/exploit,Arcadia Finance Hack,2025-07-15
0xfeff1056ed6f2bedc74b2cadb48fb6901f21d137,ETH,exploit,revokecash,malicious spender/exploit,Arcadia Finance Hack,2025-07-15
0xe68eb486a59a8572bbf48bf7d912ee143dcf2e4b,ETH,exploit,revokecash,malicious spender/exploit,Arcadia Finance Hack,2025-07-15
0x6e6f0f0efbbf3c0a288ae65e5f8c0184f9ab37d8,ETH,exploit,revokecash,malicious spender/exploit,Arcadia Finance Hack,2025-07-15
0xcb98491ca8cd4a7333344bd49d43dab616a43a8a,ETH,exploit,revokecash,malicious spender/exploit,Arcadia Finance Hack,2025-07-15
0xc996b6f66182233958461b4935e1bd1137ca0f3b,ETH,exploit,revokecash,malicious spender/exploit,Arcadia Finance Hack,2025-07-15
0x8ed56d7d56ca233fb9e3a01e7ff3ab8e85d1b266,ETH,exploit,revokecash,malicious spender/exploit,Arcadia Finance Hack,2025-07-15
0x5e30e452648961d6db084ccefbfdc0fdee818db6,ETH,exploit,revokecash,malicious spender/exploit,Arcadia Finance Hack,2025-07-15
0x6b21bd7c9d8c9a968ddb92aa56c91285ff9a68a1,ETH,exploit,revokecash,malicious spender/exploit,Arcadia Finance Hack,2025-07-15
0xacb641054f9e7f43a1874ae7cbcd3034486a26ab,ETH,exploit,revokecash,malicious spender/exploit,Arcadia Finance Hack,2025-07-15
0x62372c4d27c194c3747b764d4d89f3fd8e27ac2d,ETH,exploit,revokecash,malicious spender/exploit,Arcadia Finance Hack,2025-07-15
0x8a4156a4e2c5e9ab1368c9bfa6176590cd1cda3b,ETH,exploit,revokecash,malicious spender/exploit,Arcadia Finance Hack,2025-07-15
0xacfaa509ea13afb6cf8c0b029d99f668686a3c96,ETH,exploit,revokecash,malicious spender/exploit,Arcadia Finance Hack,2025-07-15
0x2966da983ed2e494103c291638279f853b53cc80,ETH,exploit,revokecash,malicious spender/exploit,Arcadia Finance Hack,2025-07-15
0x1ba64f3185a934a7886384c883616f3adb4cac43,ETH,exploit,revokecash,malicious spender/exploit,Arcadia Finance Hack,2025-07-15
0xfd7158313ae82c7342ae77ccc8d7be60786a9355,ETH,exploit,revokecash,malicious spender/exploit,Arcadia Finance Hack,2025-07-15
0x21505004858812701bbd42554053f667bd317862,ETH,exploit,revokecash,malicious spender/exploit,Arcadia Finance Hack,2025-07-15
0x8806fcd7d43af1fee6f1926367b9f03e18779b0d,ETH,exploit,revokecash,malicious spender/exploit,Arcadia Finance Hack,2025-07-15
0x6e2a3d07e5258ca6f36574b466343a941e937641,ETH,exploit,revokecash,malicious spender/exploit,Arcadia Finance Hack,2025-07-15
0xcabed95dad2bc76683c905b1cb159135156d0494,ETH,exploit,revokecash,malicious spender/exploit,Arcadia Finance Hack,2025-07-15
0x849b15609a33ac29d71fa80880b86a39c391cba5,ETH,exploit,revokecash,malicious spender/exploit,Arcadia Finance Hack,2025-07-15
0xe55f161d4505b3211292cd9885a2d3a7b06a46e5,ETH,exploit,revokecash,malicious spender/exploit,Arcadia Finance Hack,2025-07-15
0x2683ad0c797f46e459da1e0d8536ca8046ef4d0b,ETH,exploit,revokecash,malicious spender/exploit,Arcadia Finance Hack,2025-07-15
0xefd354032b8d2d32d8eadb3ad01fe8a3cf866a48,ETH,exploit,revokecash,malicious spender/exploit,Arcadia Finance Hack,2025-07-15
0x8197a9b4b1d8e4a702fdeb83a81102169124159f,ETH,exploit,revokecash,malicious spender/exploit,Arcadia Finance Hack,2025-07-15
0xef0c9538a8080fe3495f0a5692d2ec87ffdeaf5a,ETH,exploit,revokecash,malicious spender/exploit,Arcadia Finance Hack,2025-07-15
0xe8d74990791c777ff0676beaf615b5f8ca335123,ETH,exploit,revokecash,malicious spender/exploit,Arcadia Finance Hack,2025-07-15
0x7e4cea3a215df2e6dbb5f28cecf3710d8bf25be1,ETH,exploit,revokecash,malicious spender/exploit,Arcadia Finance Hack,2025-07-15
0x8c1a6cfc4d7a0454a6db2f14eea2055539a54c0b,ETH,exploit,revokecash,malicious spender/exploit,Arcadia Finance Hack,2025-07-15
0x6007018837b19601c921b45b406f05193ed98b17,ETH,exploit,revokecash,malicious spender/exploit,Arcadia Finance Hack,2025-07-15
0xcafc4d86705582f4a5047c54353ae002d76d547b,ETH,exploit,revokecash,malicious spender/exploit,Arcadia Finance Hack,2025-07-15
0xcdaf31c76811557edc05944fc5b1a85f9c2098aa,ETH,exploit,revokecash,malicious spender/exploit,Arcadia Finance Hack,2025-07-15
0x8c91120ccfbf44d84dc7f2de40c38ad9069faba8,ETH,exploit,revokecash,malicious spender/exploit,Arcadia Finance Hack,2025-07-15
0x2b4348988413dde7604f76ac42e346705c59d8e8,ETH,exploit,revokecash,malicious spender/exploit,Arcadia Finance Hack,2025-07-15
0x7b48c4458c2c38918df61c80a9af1fe5adb95411,ETH,exploit,revokecash,malicious spender/exploit,Arcadia Finance Hack,2025-07-15
0x632f54eb3ef9ca35d029d797068cf6c7a4b11ee9,ETH,exploit,revokecash,malicious spender/exploit,Arcadia Finance Hack,2025-07-15
0x5fefd3ee1b6c76287e407d5211fa155d7caf5c3b,ETH,exploit,revokecash,malicious spender/exploit,Arcadia Finance Hack,2025-07-15
0xfe0d14b39703f5757b7d863b5c28738cc18c14fc,ETH,exploit,revokecash,malicious spender/exploit,Arcadia Finance Hack,2025-07-15
0x398791fcc574e66e7321ba73f5a3533782d01252,ETH,exploit,revokecash,malicious spender/exploit,Arcadia Finance Hack,2025-07-15
0x6d5777be85f97ceeab74d39b966f047934a335d1,ETH,exploit,revokecash,malicious spender/exploit,Arcadia Finance Hack,2025-07-15
0x9f2780c8bae8c8c19eaa049867b2f567bc55f8f4,ETH,exploit,revokecash,malicious spender/exploit,Arcadia Finance Hack,2025-07-15
0xb777e03b6cfdace3686191713689e01c1939c7af,ETH,exploit,revokecash,malicious spender/exploit,Arcadia Finance Hack,2025-07-15
0x62d39cbd9bfcfce22be7f744cf7708bbe40ff72d,ETH,exploit,revokecash,malicious spender/exploit,Arcadia Finance Hack,2025-07-15
0xa53bf4cb9789e126e413166145ff662bd308d899,ETH,exploit,revokecash,malicious spender/exploit,Arcadia Finance Hack,2025-07-15
0x5f0593ec87bbae13bcf91c66cd1ff3c9540f6e0d,ETH,exploit,revokecash,malicious spender/exploit,Arcadia Finance Hack,2025-07-15
0xafc5b5344fcd6e2f9dcfa1afb826d10b8515372c,ETH,exploit,revokecash,malicious spender/exploit,Arcadia Finance Hack,2025-07-15
0x947b55624c8f3a54156f748c95d67196cd190e13,ETH,exploit,revokecash,malicious spender/exploit,Arcadia Finance Hack,2025-07-15
0x476bd1a04823943bc3173203d2bf093553531fd3,ETH,exploit,revokecash,malicious spender/exploit,Arcadia Finance Hack,2025-07-15
0xa3ac018028491770cc8528da788f7b3893154af1,ETH,exploit,revokecash,malicious spender/exploit,Arcadia Finance Hack,2025-07-15
0xce62f9750fa39f85cf6ab3c0ec460761566cd8db,ETH,exploit,revokecash,malicious spender/exploit,Arcadia Finance Hack,2025-07-15
0x9feb978bea9688e384cdb6bc2f7650845678febc,ETH,exploit,revokecash,malicious spender/exploit,Arcadia Finance Hack,2025-07-15
0x59e6abb0f74d9b9721c3c6796671879050433134,ETH,exploit,revokecash,malicious spender/exploit,Arcadia Finance Hack,2025-07-15
0xd7d7f2839b3ab538dff619c45864563ea0011b60,ETH,exploit,revokecash,malicious spender/exploit,Arcadia Finance Hack,2025-07-15
0x61bef21de77e6205600c7888b174e0e3f67884ba,ETH,exploit,revokecash,malicious spender/exploit,Arcadia Finance Hack,2025-07-15
0xbea7503810f8a734e5231def8b37bba5ca9daaf3,ETH,exploit,revokecash,malicious spender/exploit,Arcadia Finance Hack,2025-07-15
0xf49fd98160820b10f500d63dca174bf06f2f7aec,ETH,exploit,revokecash,malicious spender/exploit,Arcadia Finance Hack,2025-07-15
0x55f45d1e709dbe2897476a3a64ffb865ef211121,ETH,exploit,revokecash,malicious spender/exploit,Arcadia Finance Hack,2025-07-15
0x40398a1784453be13a0a639855a48d40e5248fbb,ETH,exploit,revokecash,malicious spender/exploit,Arcadia Finance Hack,2025-07-15
0x0a8717e4e8692a74035a5a98c24dbed38eca35a4,ETH,exploit,revokecash,malicious spender/exploit,Arcadia Finance Hack,2025-07-15
0x915b3a0c9abd4b6a58746da07d14cec2d6972312,ETH,exploit,revokecash,malicious spender/exploit,Arcadia Finance Hack,2025-07-15
0x9b41c02434f30c8ba14fa42223a2291119ad3fc9,ETH,exploit,revokecash,malicious spender/exploit,Arcadia Finance Hack,2025-07-15
0x408e9a06f9d192bd3f30470cf5c63e33ade289e1,ETH,exploit,revokecash,malicious spender/exploit,Arcadia Finance Hack,2025-07-15
0x66e62c01a7c1de0c42c7a8334574f1957088b699,ETH,exploit,revokecash,malicious spender/exploit,Arcadia Finance Hack,2025-07-15
0x26070f0c20f3d46ef5aa7a58bec1db467963cfba,ETH,exploit,revokecash,malicious spender/exploit,Arcadia Finance Hack,2025-07-15
0xf9c6a9754b4e965498d0d6382558304f121f5560,ETH,exploit,revokecash,malicious spender/exploit,Arcadia Finance Hack,2025-07-15
0x0b1e7f8194b36ce8ed63e688b94f388c1a8826a8,ETH,exploit,revokecash,malicious spender/exploit,Arcadia Finance Hack,2025-07-15
0x45d5e6a56bcba24f0eeedd87fb5c594259722e24,ETH,exploit,revokecash,malicious spender/exploit,Arcadia Finance Hack,2025-07-15
0x318686515ce78b687ab51b56e6f36beae1695bc8,ETH,exploit,revokecash,malicious spender/exploit,Arcadia Finance Hack,2025-07-15
0xba0995e63eb05c7645591833a26d02ce04e91a7c,ETH,exploit,revokecash,malicious spender/exploit,Arcadia Finance Hack,2025-07-15
0x80cc440224ceae5a08123adcc4a3b7767842b78c,ETH,exploit,revokecash,malicious spender/exploit,Arcadia Finance Hack,2025-07-15
0x0e0e41d95f75aff907c50a8620ea97dc59ca75c7,ETH,exploit,revokecash,malicious spender/exploit,Arcadia Finance Hack,2025-07-15
0x2af6f11ada26e52c54c424e7a6adbf6f034a9c6d,ETH,exploit,revokecash,malicious spender/exploit,Arcadia Finance Hack,2025-07-15
0xef5725a1f8cb0979b3e4bd007ee102429150d762,ETH,exploit,revokecash,malicious spender/exploit,Arcadia Finance Hack,2025-07-15
0x7a6fa0b7781253d8f2475c62783eee041d8d8955,ETH,exploit,revokecash,malicious spender/exploit,Arcadia Finance Hack,2025-07-15
0x09cab8894213a95b9e6ee813d71c4f542143b353,ETH,exploit,revokecash,malicious spender/exploit,Arcadia Finance Hack,2025-07-15
0x5294901da1621fa8a55d82a7d9f89c56d5ddc954,ETH,exploit,revokecash,malicious spender/exploit,Arcadia Finance Hack,2025-07-15
0x9cc92070626de1208f514b10ff4f81f5632a3721,ETH,exploit,revokecash,malicious spender/exploit,Arcadia Finance Hack,2025-07-15
0x7c9401fed76f98ab88ce4221c296baf215b8eebf,ETH,exploit,revokecash,malicious spender/exploit,Arcadia Finance Hack,2025-07-15
0x73cf66e322dfbb931638c3e87e015cca1d2ba453,ETH,exploit,revokecash,malicious spender/exploit,Arcadia Finance Hack,2025-07-15
0xd69bb81c4065fbc57a489b1c410ecb1499635c06,ETH,exploit,revokecash,malicious spender/exploit,Arcadia Finance Hack,2025-07-15
0x6fc56a4419f901b2d1d97e2c8a2eb582202d971d,ETH,exploit,revokecash,malicious spender/exploit,Arcadia Finance Hack,2025-07-15
0x1e56a20ddcd9bf96f810300d68b9ff09fe501dda,ETH,exploit,revokecash,malicious spender/exploit,Arcadia Finance Hack,2025-07-15
0xb6205f838687028371d7cd8b63c0dc591d4e50ad,ETH,exploit,revokecash,malicious spender/exploit,Arcadia Finance Hack,2025-07-15
0x32ba4e16842560cbe7fc696a977a9dc8c588a56c,ETH,exploit,revokecash,malicious spender/exploit,Arcadia Finance Hack,2025-07-15
0x76b86020b7e3d1d53f351f2a71ea3084027f74fc,ETH,exploit,revokecash,malicious spender/exploit,Arcadia Finance Hack,2025-07-15
0x305aaba7729219ccca8e1a4cfe425c6be3ca84e7,ETH,exploit,revokecash,malicious spender/exploit,Arcadia Finance Hack,2025-07-15
0x1fae4434f86d54a3c61a45a8b269382cc1edcdad,ETH,exploit,revokecash,malicious spender/exploit,Arcadia Finance Hack,2025-07-15
0xe5b4647d7115506080af3eccbe07468aaaa105da,ETH,exploit,revokecash,malicious spender/exploit,Arcadia Finance Hack,2025-07-15
0x40d96b10a4e3aea4a0ddeef236257d0856df01a4,ETH,exploit,revokecash,malicious spender/exploit,Arcadia Finance Hack,2025-07-15
0x51975d85413a08da6855042220157adcdfbe3251,ETH,exploit,revokecash,malicious spender/exploit,Arcadia Finance Hack,2025-07-15
0xad3732afcb6040dd962d47e0d1cb2e3a2883ceeb,ETH,exploit,revokecash,malicious spender/exploit,Arcadia Finance Hack,2025-07-15
0xffce4337cd3287c447ca9dbf8033692532cfe966,ETH,exploit,revokecash,malicious spender/exploit,Arcadia Finance Hack,2025-07-15
0x9031d717c5f5209538c3e2346e6e44bc5c62e6e0,ETH,exploit,revokecash,malicious spender/exploit,Arcadia Finance Hack,2025-07-15
0xf35112a75897effa4e6acd8c510c1392445256c7,ETH,exploit,revokecash,malicious spender/exploit,Arcadia Finance Hack,2025-07-15
0x89a5fbdc5bb4f78c47d3362016f4dc5e83f2ce80,ETH,exploit,revokecash,malicious spender/exploit,Arcadia Finance Hack,2025-07-15
0x16d27712dcca4a6f1564d0acfd70474358454c49,ETH,exploit,revokecash,malicious spender/exploit,Arcadia Finance Hack,2025-07-15
0x25114ea98dab3f71af2e250acfb16a43ee5b8f15,ETH,exploit,revokecash,malicious spender/exploit,Arcadia Finance Hack,2025-07-15
0xbea37c3cbcc23a392054c6a72aa6747817419a20,ETH,exploit,revokecash,malicious spender/exploit,Arcadia Finance Hack,2025-07-15
0xa0fb940987c4cd1d9cc59b0bbfe7ffc8a571cc8f,ETH,exploit,revokecash,malicious spender/exploit,Arcadia Finance Hack,2025-07-15
0x54302025056591ae97ab8119d5c954cd6aeddcc5,ETH,exploit,revokecash,malicious spender/exploit,Arcadia Finance Hack,2025-07-15
0xd2fb800a2dba6daa7208a4abcaf0f255cb1bded7,ETH,exploit,revokecash,malicious spender/exploit,Arcadia Finance Hack,2025-07-15
0x89b5e98e22281d384f91f05c2a3c82f6758f979f,ETH,exploit,revokecash,malicious spender/exploit,Arcadia Finance Hack,2025-07-15
0x12e059ba225a131ca43b4bde7aac7a102fc7b4ce,ETH,exploit,revokecash,malicious spender/exploit,Arcadia Finance Hack,2025-07-15
0x0b0201e6c0b1057bbf38db4987d52d75cabaeff2,ETH,exploit,revokecash,malicious spender/exploit,Arcadia Finance Hack,2025-07-15
0x043d2c74f3cddb4d49900836837427e72f32b442,ETH,exploit,revokecash,malicious spender/exploit,Arcadia Finance Hack,2025-07-15
0x79660fe8b2284a2f077ff396d6e3a0e1f29f9286,ETH,exploit,revokecash,malicious spender/exploit,Arcadia Finance Hack,2025-07-15
0x20e84d5f924133362816538076fd769bb51d1769,ETH,exploit,revokecash,malicious spender/exploit,Arcadia Finance Hack,2025-07-15
0x96acce10aeb9cdd3c718dcf03ce7f119419e79f9,ETH,exploit,revokecash,malicious spender/exploit,Arcadia Finance Hack,2025-07-15
0x45a8d3fab8071c17d8e3cce6c06444812488e8d6,ETH,exploit,revokecash,malicious spender/exploit,Arcadia Finance Hack,2025-07-15
0x70c5518890529d04fbd0163c5da6b89851beb8dc,ETH,exploit,revokecash,malicious spender/exploit,Arcadia Finance Hack,2025-07-15
0x4682307ec10ff586bfcf3503bf115ef3f6ae2fc7,ETH,exploit,revokecash,malicious spender/exploit,Arcadia Finance Hack,2025-07-15
0x33c7b333e7960037f1e9d918e5ce8c78083eb07f,ETH,exploit,revokecash,malicious spender/exploit,Arcadia Finance Hack,2025-07-15
0x7c077acc68f374c154b0d2d3802d7c5e6cb5dcc3,ETH,exploit,revokecash,malicious spender/exploit,Arcadia Finance Hack,2025-07-15
0xe38f6557a8dc01c9013316e002b138ab25c7516a,ETH,exploit,revokecash,malicious spender/exploit,Arcadia Finance Hack,2025-07-15
0xce0fd061b829ca5ebd2543859750a7d680710997,ETH,exploit,revokecash,malicious spender/exploit,Arcadia Finance Hack,2025-07-15
0x6581f6683a6452e369b162f13b160a97e6374d29,ETH,exploit,revokecash,malicious spender/exploit,Arcadia Finance Hack,2025-07-15
0x40aa6415fc5f89ca964d3f026af7507f06190507,ETH,exploit,revokecash,malicious spender/exploit,Arcadia Finance Hack,2025-07-15
0xbc93ca1a722d5a53970da0d530a34488ed3c1f39,ETH,exploit,revokecash,malicious spender/exploit,Arcadia Finance Hack,2025-07-15
0xe8e11ea3e4f53d2864d2bde96072dfeab88505b1,ETH,exploit,revokecash,malicious spender/exploit,Arcadia Finance Hack,2025-07-15
0x94418c348fc92b937a1595501d7a6a611c84cc21,ETH,exploit,revokecash,malicious spender/exploit,Arcadia Finance Hack,2025-07-15
0x710dcb0c6be6cafe3efcb110978e0956ab95033c,ETH,exploit,revokecash,malicious spender/exploit,Arcadia Finance Hack,2025-07-15
0x3833282884d2afbe59ae04cef6fe63c208a5653a,ETH,exploit,revokecash,malicious spender/exploit,Arcadia Finance Hack,2025-07-15
0x62806dc88d60fbddea8821ce2273004c79f853ef,ETH,exploit,revokecash,malicious spender/exploit,Arcadia Finance Hack,2025-07-15
0x1a377f6d73b66d308af80b4896721e0383036d95,ETH,exploit,revokecash,malicious spender/exploit,Arcadia Finance Hack,2025-07-15
0x03799c79d04c62aef653053bb7fdca28ed90a8b1,ETH,exploit,revokecash,malicious spender/exploit,Arcadia Finance Hack,2025-07-15
0xee256d8acaac6ad8cff2c28b4bd2766ba108c718,ETH,exploit,revokecash,malicious spender/exploit,Arcadia Finance Hack,2025-07-15
0x0df5360ecda463dea501a3769b96e563ae98d196,ETH,exploit,revokecash,malicious spender/exploit,Arcadia Finance Hack,2025-07-15
0x61eb014e1d83290732b4b342e90f8bde776826d9,ETH,exploit,revokecash,malicious spender/exploit,Arcadia Finance Hack,2025-07-15
0x5d57c5d8acf1c4be7d291f1b2d7f071ae9b3bdb9,ETH,exploit,revokecash,malicious spender/exploit,Arcadia Finance Hack,2025-07-15
0x55d928eba5a5d4a823282230d1f65e4e88078360,ETH,exploit,revokecash,malicious spender/exploit,Arcadia Finance Hack,2025-07-15
0x8075d0c5e092d14473211362e2e81ffe11dda5de,ETH,exploit,revokecash,malicious spender/exploit,Arcadia Finance Hack,2025-07-15
0xab9da1e68ab44b3fdbf5ba0dc303d2ba90dfdc19,ETH,exploit,revokecash,malicious spender/exploit,Arcadia Finance Hack,2025-07-15
0x93994afa32fcaaf7e374bbf8136dcf327d3559cd,ETH,exploit,revokecash,malicious spender/exploit,Arcadia Finance Hack,2025-07-15
0xcd160e7defa88be4062ee347d1961f36ea0dfd86,ETH,exploit,revokecash,malicious spender/exploit,Arcadia Finance Hack,2025-07-15
0xff9dfb4f49c998f3e4a59ddb8a285a255fcaf947,ETH,exploit,revokecash,malicious spender/exploit,Arcadia Finance Hack,2025-07-15
0x4cc3d06bd26f8ac323f44e19a01ea813d34a4eaa,ETH,exploit,revokecash,malicious spender/exploit,Arcadia Finance Hack,2025-07-15
0xd4305c13c218447da63b9b43f7d1e0c206175599,ETH,exploit,revokecash,malicious spender/exploit,Arcadia Finance Hack,2025-07-15
0x14379594e4eb02f5c3505f9a88250bec640e7bdc,ETH,exploit,revokecash,malicious spender/exploit,Arcadia Finance Hack,2025-07-15
0x3cdf026b5a68ff53ab90696b25e52a039b7a3fb7,ETH,exploit,revokecash,malicious spender/exploit,Arcadia Finance Hack,2025-07-15
0xae6d6f9dba5ee921adb7066acad31acb4dd4c8ff,ETH,exploit,revokecash,malicious spender/exploit,Arcadia Finance Hack,2025-07-15
0x842ec8aaaaf8f679d340b6b6adb2b6ad4fb8d811,ETH,exploit,revokecash,malicious spender/exploit,Arcadia Finance Hack,2025-07-15
0xbaee6ad61ecee37359afb3e68d4364092670a3d6,ETH,exploit,revokecash,malicious spender/exploit,Arcadia Finance Hack,2025-07-15
0xdfa99374f9e5375da1face22d337be58f299a6e5,ETH,exploit,revokecash,malicious spender/exploit,Arcadia Finance Hack,2025-07-15
0xba6d3a4d5e7dae559ca3fc11fe0bfe2079b786d8,ETH,exploit,revokecash,malicious spender/exploit,Arcadia Finance Hack,2025-07-15
0x3d701023ea49ebb9bb751b32cc6816fce97fdaba,ETH,exploit,revokecash,malicious spender/exploit,Arcadia Finance Hack,2025-07-15
0x3cd511bd0cd1db0930db4262c824a7ad27b27e5c,ETH,exploit,revokecash,malicious spender/exploit,Arcadia Finance Hack,2025-07-15
0x380825082f089069fee8141b72e65c2d4e56c365,ETH,exploit,revokecash,malicious spender/exploit,Arcadia Finance Hack,2025-07-15
0x11fad1ecbbe598da77a9dde4b8a6ab95f502bb64,ETH,exploit,revokecash,malicious spender/exploit,Arcadia Finance Hack,2025-07-15
0x0b8f60e083beca2acf6f44d373649a73ad41d360,ETH,exploit,revokecash,malicious spender/exploit,Arcadia Finance Hack,2025-07-15
0x51190066dd725374a2726408a9b736d8430b0a35,ETH,exploit,revokecash,malicious spender/exploit,Arcadia Finance Hack,2025-07-15
0x9710999e8560446158577d942deaa299bd5fd696,ETH,exploit,revokecash,malicious spender/exploit,Arcadia Finance Hack,2025-07-15
0xe1d267213f52549306f4e3a75c841971d045564b,ETH,exploit,revokecash,malicious spender/exploit,Arcadia Finance Hack,2025-07-15
0xbb4bbbd3862ad70c7e17c3b4fadaac1c205a97e3,ETH,exploit,revokecash,malicious spender/exploit,Arcadia Finance Hack,2025-07-15
0x5fdc91bf8538e0cd0f4c0834400ba680f8ba277c,ETH,exploit,revokecash,malicious spender/exploit,Arcadia Finance Hack,2025-07-15
0xd4d3804e4f407e320cebff65e18cada228170b89,ETH,exploit,revokecash,malicious spender/exploit,Arcadia Finance Hack,2025-07-15
0xb89bc1cbece29c7bfb27b1e778c62a42ec040264,ETH,exploit,revokecash,malicious spender/exploit,Arcadia Finance Hack,2025-07-15
0xdafb31ff4a88137a9f814254db2af18098ade2df,ETH,exploit,revokecash,malicious spender/exploit,Arcadia Finance Hack,2025-07-15
0x88438a55174aca0687dd8fb1f10ef33e2d15eb91,ETH,exploit,revokecash,malicious spender/exploit,Arcadia Finance Hack,2025-07-15
0xd334605845277669d39819cd058e63b345d53571,ETH,exploit,revokecash,malicious spender/exploit,Arcadia Finance Hack,2025-07-15
0xd4c2283ec19baeef1166945f7acdd2c5183dd27c,ETH,exploit,revokecash,malicious spender/exploit,Arcadia Finance Hack,2025-07-15
0x5de884541eaf85f0334496196b37a592ae338d0f,ETH,exploit,revokecash,malicious spender/exploit,Arcadia Finance Hack,2025-07-15
0x2553cedd7632249a229d7d9cd5c1ea7555382d2f,ETH,exploit,revokecash,malicious spender/exploit,Arcadia Finance Hack,2025-07-15
0xb74887e79601e315734624856bcdf7494b00749a,ETH,exploit,revokecash,malicious spender/exploit,Arcadia Finance Hack,2025-07-15
0xaddc9652b367eb3a44e78748f5f3432be0fc9171,ETH,exploit,revokecash,malicious spender/exploit,Arcadia Finance Hack,2025-07-15
0xa1f67887f2efb82ac30e521ca45670e03a72647f,ETH,exploit,revokecash,malicious spender/exploit,Arcadia Finance Hack,2025-07-15
0x6ce76d683c268b106f4016ca322681be1ae451b5,ETH,exploit,revokecash,malicious spender/exploit,Arcadia Finance Hack,2025-07-15
0x3ae2b9248b0f64dfc160658ca641a587e4a3c2ec,ETH,exploit,revokecash,malicious spender/exploit,Arcadia Finance Hack,2025-07-15
0xc9ecd0c44c1fad109900b4eecd2d46ea3e5d16ba,ETH,exploit,revokecash,malicious spender/exploit,Arcadia Finance Hack,2025-07-15
0xc4f8332064a3e58fe8164dd0ad6f0ff991264bd2,ETH,exploit,revokecash,malicious spender/exploit,Arcadia Finance Hack,2025-07-15
0x31f090b9b3c2190f2e0964e92d0f74ee124b8c1f,ETH,exploit,revokecash,malicious spender/exploit,Arcadia Finance Hack,2025-07-15
0x59af4d15be40929aa8d30fb1b6576374a9400ea4,ETH,exploit,revokecash,malicious spender/exploit,Arcadia Finance Hack,2025-07-15
0x24b4c20b3498a0e15398e51087e3ab0b4eed6d4d,ETH,exploit,revokecash,malicious spender/exploit,Arcadia Finance Hack,2025-07-15
0xf4a63b0a47e571a0c254584a82aa020a7816c5c4,ETH,exploit,revokecash,malicious spender/exploit,Arcadia Finance Hack,2025-07-15
0x3bba218a350f2427e5b26a6dd284a5acfd9b3cf1,ETH,exploit,revokecash,malicious spender/exploit,Arcadia Finance Hack,2025-07-15
0xcf9091a79d6c23c0733bf87618a5e0d31c7e83fa,ETH,exploit,revokecash,malicious spender/exploit,Arcadia Finance Hack,2025-07-15
0xb209bae4dd909d171b99d89a5fbfb94e6f5a409b,ETH,exploit,revokecash,malicious spender/exploit,Arcadia Finance Hack,2025-07-15
0x8231f6672560c67739fb6ab35160cbcda056cf68,ETH,exploit,revokecash,malicious spender/exploit,Arcadia Finance Hack,2025-07-15
0x4737df687a23bd40a33c3d62b3d05cf07893d335,ETH,exploit,revokecash,malicious spender/exploit,Arcadia Finance Hack,2025-07-15
0xea121cd159f0867388ed690ca64c078768f44e37,ETH,exploit,revokecash,malicious spender/exploit,Arcadia Finance Hack,2025-07-15
0x85096701dde98bc071856039d6c969996f502434,ETH,exploit,revokecash,malicious spender/exploit,Arcadia Finance Hack,2025-07-15
0xaf95b3333edc5cb4a95ff9c1e67e946396f3dfe5,ETH,exploit,revokecash,malicious spender/exploit,Arcadia Finance Hack,2025-07-15
0x34e5a642f829a14c21d81c61eb4580d05a335ba8,ETH,exploit,revokecash,malicious spender/exploit,Arcadia Finance Hack,2025-07-15
0x79891d388b0e874e4bfd718b1e25852930e4140f,ETH,exploit,revokecash,malicious spender/exploit,Arcadia Finance Hack,2025-07-15
0x8d1d22513781ae91af21efd8eb573f0c7de4e7e6,ETH,exploit,revokecash,malicious spender/exploit,Arcadia Finance Hack,2025-07-15
0xc241fac7a7a9242a945587eb59703d718c5efa3d,ETH,exploit,revokecash,malicious spender/exploit,Arcadia Finance Hack,2025-07-15
0xc4b773d722918c31ff8b821aa1b03e60696c9893,ETH,exploit,revokecash,malicious spender/exploit,Arcadia Finance Hack,2025-07-15
0x0d32705edb0f5cb070643a14e041319b7a84e312,ETH,exploit,revokecash,malicious spender/exploit,Arcadia Finance Hack,2025-07-15
0xc2a6ace432b2cbe1d355abed43bd4ca7532c40b6,ETH,exploit,revokecash,malicious spender/exploit,Arcadia Finance Hack,2025-07-15
0x70caa9cfb452f51673ada7e25231332811c81c78,ETH,exploit,revokecash,malicious spender/exploit,Arcadia Finance Hack,2025-07-15
0x1e0963f5df2d1d136b469df114dfa6f8b6121376,ETH,exploit,revokecash,malicious spender/exploit,Arcadia Finance Hack,2025-07-15
0x0f4ac482724c4beda66471e55b29ffba0d1b4ea2,ETH,exploit,revokecash,malicious spender/exploit,Arcadia Finance Hack,2025-07-15
0xe875119e92940e5bf8175a1a8c3063cd14808324,ETH,exploit,revokecash,malicious spender/exploit,Arcadia Finance Hack,2025-07-15
0xcd572a152c76b9cd66de270eb0a38063c1b23374,ETH,exploit,revokecash,malicious spender/exploit,Arcadia Finance Hack,2025-07-15
0x1d9ccf0ea29f07c47359f1ea2066bf6471ab928d,ETH,exploit,revokecash,malicious spender/exploit,Arcadia Finance Hack,2025-07-15
0x3af719b496d09e794cfcfe0bacd5458a24a8065a,ETH,exploit,revokecash,malicious spender/exploit,Arcadia Finance Hack,2025-07-15
0x3d91b849bc4fd254afac9848e916749615895a95,ETH,exploit,revokecash,malicious spender/exploit,Arcadia Finance Hack,2025-07-15
0x0e9e3279f18261e6417fe39b54bf51a90adb78dc,ETH,exploit,revokecash,malicious spender/exploit,Arcadia Finance Hack,2025-07-15
0xe7bb7c8fa568685229000c3be95313c5ec800624,ETH,exploit,revokecash,malicious spender/exploit,Arcadia Finance Hack,2025-07-15
0x789cb3f07d3394578d47fbebae74caaa026c1ed4,ETH,exploit,revokecash,malicious spender/exploit,Arcadia Finance Hack,2025-07-15
0x7403efb40fb1f3a68fb3949ec24c01c14eeb45f0,ETH,exploit,revokecash,malicious spender/exploit,Arcadia Finance Hack,2025-07-15
0xa21ad5c83bac95e2894d36f07b17cc3f2df8ec8e,ETH,exploit,revokecash,malicious spender/exploit,Arcadia Finance Hack,2025-07-15
0x755dbd9cb4a4a54c74473f441e334b7e76581db7,ETH,exploit,revokecash,malicious spender/exploit,Arcadia Finance Hack,2025-07-15
0x6ef88eb5304015139571bc3e492c60df9f87c705,ETH,exploit,revokecash,malicious spender/exploit,Arcadia Finance Hack,2025-07-15
0x741836b6fd65d61cc291b71f52bad60ddc83eb5a,ETH,exploit,revokecash,malicious spender/exploit,Arcadia Finance Hack,2025-07-15
0x68a12864187b64d8f4ea4e827a82c4474792539a,ETH,exploit,revokecash,malicious spender/exploit,Arcadia Finance Hack,2025-07-15
0x7b910551546b8be131f7ace226b901d5db0a8d56,ETH,exploit,revokecash,malicious spender/exploit,Arcadia Finance Hack,2025-07-15
0xf5aa257b365a38880b8788aee5202bd907f9af86,ETH,exploit,revokecash,malicious spender/exploit,Arcadia Finance Hack,2025-07-15
0x3f679e0b1a3b1cd4520b4d98dd187fa7ab63b4dd,ETH,exploit,revokecash,malicious spender/exploit,Arcadia Finance Hack,2025-07-15
0x52c9ef42919e18a041a814662bd47b7422822df3,ETH,exploit,revokecash,malicious spender/exploit,Arcadia Finance Hack,2025-07-15
0xec410df5fce24c03e6ca9a7113ab814df1479377,ETH,exploit,revokecash,malicious spender/exploit,Arcadia Finance Hack,2025-07-15
0x1169142cedba3271ee3b60df6b89648c24ed3f00,ETH,exploit,revokecash,malicious spender/exploit,Arcadia Finance Hack,2025-07-15
0x5b4545f443b2bc488c40a53a19aa42baafcc21d8,ETH,exploit,revokecash,malicious spender/exploit,Arcadia Finance Hack,2025-07-15
0x883efe225eeae9cf8de9e7b7d5ec23a3d4a213b5,ETH,exploit,revokecash,malicious spender/exploit,Arcadia Finance Hack,2025-07-15
0x79f116ab587659a5b3a8317aa8f344356ebeb8be,ETH,exploit,revokecash,malicious spender/exploit,Arcadia Finance Hack,2025-07-15
0x68b5cb8cb4a29fee3edcb084a3e0a2c1b8501842,ETH,exploit,revokecash,malicious spender/exploit,Arcadia Finance Hack,2025-07-15
0x70d32b5663cc3e26c33085684be7f1c4e320e0f6,ETH,exploit,revokecash,malicious spender/exploit,Arcadia Finance Hack,2025-07-15
0xa8cd5ae37aaca13cd2a202195c2f9f2507146f9d,ETH,exploit,revokecash,malicious spender/exploit,Arcadia Finance Hack,2025-07-15
0xcd50f2deea2629239f6f7656bda5ed24ff7b0e0c,ETH,exploit,revokecash,malicious spender/exploit,Arcadia Finance Hack,2025-07-15
0xcec0fb9dcfcd919e0089620a9f5531101f21274c,ETH,exploit,revokecash,malicious spender/exploit,Arcadia Finance Hack,2025-07-15
0x4af223b8de7ee65d1f7b58c9a07b29914002ed26,ETH,exploit,revokecash,malicious spender/exploit,Arcadia Finance Hack,2025-07-15
0x7f3aa384ed495a0e516451e069f7d48ce461d7e6,ETH,exploit,revokecash,malicious spender/exploit,Arcadia Finance Hack,2025-07-15
0x99a174b2e99dab52415567d88424530d75e3df20,ETH,exploit,revokecash,malicious spender/exploit,Arcadia Finance Hack,2025-07-15
0x3eb60320847157d9e13991baf30d6c5d3763a5d5,ETH,exploit,revokecash,malicious spender/exploit,Arcadia Finance Hack,2025-07-15
0xf20380abc7dc250f045448b19606b0b213f71be0,ETH,exploit,revokecash,malicious spender/exploit,Arcadia Finance Hack,2025-07-15
0xce79d147c06bf231a87612a990711cd317edcfd6,ETH,exploit,revokecash,malicious spender/exploit,Arcadia Finance Hack,2025-07-15
0xd25433cf0b01bd74433a694fa6a814410136625e,ETH,exploit,revokecash,malicious spender/exploit,Arcadia Finance Hack,2025-07-15
0x73431a85fa09c61719590be43c0c2a20c99b0147,ETH,exploit,revokecash,malicious spender/exploit,Arcadia Finance Hack,2025-07-15
0x1573bb6d99793f60fc31c38f65d9fe0645127998,ETH,exploit,revokecash,malicious spender/exploit,Arcadia Finance Hack,2025-07-15
0xe0716d938bcd4467ec16aee9cbc3466267752b8b,ETH,exploit,revokecash,malicious spender/exploit,Arcadia Finance Hack,2025-07-15
0x862056265368846013cef17d295f60f673f2a43f,ETH,exploit,revokecash,malicious spender/exploit,Arcadia Finance Hack,2025-07-15
0xa8b9e8a58692aa5fee60f8fae60bdacbf2e63d8f,ETH,exploit,revokecash,malicious spender/exploit,Arcadia Finance Hack,2025-07-15
0x48d8b5f7a7b4e9c560d913ed02a5d4541f819130,ETH,exploit,revokecash,malicious spender/exploit,Arcadia Finance Hack,2025-07-15
0x6306d8dc9efd769f7760dbcbc7e97094db38771c,ETH,exploit,revokecash,malicious spender/exploit,Arcadia Finance Hack,2025-07-15
0x631317ccca7fa1f4e004df959fee3d503f2d72c1,ETH,exploit,revokecash,malicious spender/exploit,Arcadia Finance Hack,2025-07-15
0x8e9615fabfd3fceaf3248787d51ca14c3170a0f0,ETH,exploit,revokecash,malicious spender/exploit,Arcadia Finance Hack,2025-07-15
0x47a1f8215f09b79ba9ab3bf8875681a364a38818,ETH,exploit,revokecash,malicious spender/exploit,Arcadia Finance Hack,2025-07-15
0x52dbb70a2f55393dd58e20b79b50530544deea7d,ETH,exploit,revokecash,malicious spender/exploit,Arcadia Finance Hack,2025-07-15
0x69ab88ca2a3bab186296e54b5b0bc65f95aa0935,ETH,exploit,revokecash,malicious spender/exploit,Arcadia Finance Hack,2025-07-15
0x80303977aa6d21a67b1527ac5406e00d0a8c2323,ETH,exploit,revokecash,malicious spender/exploit,Arcadia Finance Hack,2025-07-15
0x2069adb66653771c1b0ab1877bfb76158c518d1f,ETH,exploit,revokecash,malicious spender/exploit,Arcadia Finance Hack,2025-07-15
0x9dd31e5833545c6c59635582d6c952d83aa639ad,ETH,exploit,revokecash,malicious spender/exploit,Arcadia Finance Hack,2025-07-15
0xaa145ad88740e2a1c20af986d4e59bf6eb3aac2e,ETH,exploit,revokecash,malicious spender/exploit,Arcadia Finance Hack,2025-07-15
0xb14ba88e26f6d0748fb3b5093589e399b7fef402,ETH,exploit,revokecash,malicious spender/exploit,Arcadia Finance Hack,2025-07-15
0xd11172874e8517940976a3e1b294c217e2ab9bd2,ETH,exploit,revokecash,malicious spender/exploit,Arcadia Finance Hack,2025-07-15
0x9b90af5135d4b3dd161be58dc7ba90bbc5c36e9a,ETH,exploit,revokecash,malicious spender/exploit,Arcadia Finance Hack,2025-07-15
0x99e33e27b2fc369c7488d19fc5dd098346c9f9d5,ETH,exploit,revokecash,malicious spender/exploit,Arcadia Finance Hack,2025-07-15
0x1ba76ea5cb4bd75cae62a59339bc3e4984702bc9,ETH,exploit,revokecash,malicious spender/exploit,Arcadia Finance Hack,2025-07-15
0x23f7a93204538df5fcc279e0a1c94d5a37519a49,ETH,exploit,revokecash,malicious spender/exploit,Arcadia Finance Hack,2025-07-15
0x89a0b596c7438a40c900d59c608c862bc3fdb1da,ETH,exploit,revokecash,malicious spender/exploit,Arcadia Finance Hack,2025-07-15
0xc9dc8728a7dde5e906856c4ba27f91351cc95448,ETH,exploit,revokecash,malicious spender/exploit,Arcadia Finance Hack,2025-07-15
0x7fb2c8935c66ddfa7140034af4591625832a7756,ETH,exploit,revokecash,malicious spender/exploit,Arcadia Finance Hack,2025-07-15
0x3465bb365cacd456fae69b16719acf703c761c65,ETH,exploit,revokecash,malicious spender/exploit,Arcadia Finance Hack,2025-07-15
0x4fd6e9374f17c162dc98ac50490f68f0bda8a6eb,ETH,exploit,revokecash,malicious spender/exploit,Arcadia Finance Hack,2025-07-15
0xd0a6c624ff32166d139a74df327fcfd003db467e,ETH,exploit,revokecash,malicious spender/exploit,Arcadia Finance Hack,2025-07-15
0xe84071851661118610e6b939dcad8f9208fe4b04,ETH,exploit,revokecash,malicious spender/exploit,Arcadia Finance Hack,2025-07-15
0xadd0f7c317548ac01028b886d7d2873429b5a7fd,ETH,exploit,revokecash,malicious spender/exploit,Arcadia Finance Hack,2025-07-15
0xb89446dfefe733dcb8b65f4cb0ee4b9efcfdd753,ETH,exploit,revokecash,malicious spender/exploit,Arcadia Finance Hack,2025-07-15
0x9b72747730d6d44ecc68b38ba02849b0c2171274,ETH,exploit,revokecash,malicious spender/exploit,Arcadia Finance Hack,2025-07-15
0x936dd81b6f70f238c7b164ec532ea63288e2cbd3,ETH,exploit,revokecash,malicious spender/exploit,Arcadia Finance Hack,2025-07-15
0x61edc79e97761e0d380a5f22823fc51603026da1,ETH,exploit,revokecash,malicious spender/exploit,Arcadia Finance Hack,2025-07-15
0x4b2642f40307be95e65faa12af671731549c93a8,ETH,exploit,revokecash,malicious spender/exploit,Arcadia Finance Hack,2025-07-15
0xe1403e03a8508854b326920c3f9e0dc92d82fce6,ETH,exploit,revokecash,malicious spender/exploit,Arcadia Finance Hack,2025-07-15
0x0b347f34150b1898a36e409982ec20e9d28877ec,ETH,exploit,revokecash,malicious spender/exploit,Arcadia Finance Hack,2025-07-15
0xd80fd7383558c393c143bd6703a197ccc4fa2a99,ETH,exploit,revokecash,malicious spender/exploit,Arcadia Finance Hack,2025-07-15
0xc5128ec627f6b93801f5e5f7d066adf48a2bf590,ETH,exploit,revokecash,malicious spender/exploit,Arcadia Finance Hack,2025-07-15
0x963e38b5b743fea107c77f8b1f7d57c528c0f9ed,ETH,exploit,revokecash,malicious spender/exploit,Arcadia Finance Hack,2025-07-15
0x3864b2a9f31f8bcb200451be6692546347d19068,ETH,exploit,revokecash,malicious spender/exploit,Arcadia Finance Hack,2025-07-15
0xbef0fb134c0d2de8c772151cf4095e321358f102,ETH,exploit,revokecash,malicious spender/exploit,Arcadia Finance Hack,2025-07-15
0x09eac3077c3b664a8a7047c52bf4818aa688ea6b,ETH,exploit,revokecash,malicious spender/exploit,Arcadia Finance Hack,2025-07-15
0xb1ae1b6a9257abe02471b9c3f62854d9a3537cd2,ETH,exploit,revokecash,malicious spender/exploit,Arcadia Finance Hack,2025-07-15
0x744388dd0a79a2a6efa13bcf2c0389bfd15a18d6,ETH,exploit,revokecash,malicious spender/exploit,Arcadia Finance Hack,2025-07-15
0x6af70af03633b4043bc5e6ebaa17823ab04ab94f,ETH,exploit,revokecash,malicious spender/exploit,Arcadia Finance Hack,2025-07-15
0x40d53d4ccb30f31ea7a485044acf2c7f48da0986,ETH,exploit,revokecash,malicious spender/exploit,Arcadia Finance Hack,2025-07-15
0x8fc73d94e1ace541866f8faa2679bed795fc4a89,ETH,exploit,revokecash,malicious spender/exploit,Arcadia Finance Hack,2025-07-15
0x321a5237217875cd35f26db3c126ed3d28d839cb,ETH,exploit,revokecash,malicious spender/exploit,Arcadia Finance Hack,2025-07-15
0xd4d8dc6d27bfdc2f7bc887efc31ffc66bff70e77,ETH,exploit,revokecash,malicious spender/exploit,Arcadia Finance Hack,2025-07-15
0x7d47e38eb1e262e9bbc424e02411a8e6c28de5c6,ETH,exploit,revokecash,malicious spender/exploit,Arcadia Finance Hack,2025-07-15
0xc84366f0c89908afc61f3c399bd2fed18d00dc33,ETH,exploit,revokecash,malicious spender/exploit,Arcadia Finance Hack,2025-07-15
0xa2713561c40f1c6144f89ac1986cdf49733f67e9,ETH,exploit,revokecash,malicious spender/exploit,Arcadia Finance Hack,2025-07-15
0x48c7333161f860bcc2ed8847684540a90a5fbe08,ETH,exploit,revokecash,malicious spender/exploit,Arcadia Finance Hack,2025-07-15
0x9a81bb27f19020cb56eab85b068baf3223c8b47d,ETH,exploit,revokecash,malicious spender/exploit,Arcadia Finance Hack,2025-07-15
0x74e7eeb3a0225c6073bca9049740d17321731bd6,ETH,exploit,revokecash,malicious spender/exploit,Arcadia Finance Hack,2025-07-15
0x059153af94dd39c29bfcd356e08549141cf48948,ETH,exploit,revokecash,malicious spender/exploit,Arcadia Finance Hack,2025-07-15
0xf8057f4f1ef2678c47292bc42cab83e40513bd77,ETH,exploit,revokecash,malicious spender/exploit,Arcadia Finance Hack,2025-07-15
0xa1c5a9df0d3cc7c4607c0296c37ab83eb329896e,ETH,exploit,revokecash,malicious spender/exploit,Arcadia Finance Hack,2025-07-15
0x9d186cc67c3060ded5e7cb5049544c8af224789d,ETH,exploit,revokecash,malicious spender/exploit,Arcadia Finance Hack,2025-07-15
0xe92e9fac41c75cf674533097546ce98b940dd784,ETH,exploit,revokecash,malicious spender/exploit,Arcadia Finance Hack,2025-07-15
0x22cca4adad3315b2488fc98848b644cbdd0a563e,ETH,exploit,revokecash,malicious spender/exploit,Arcadia Finance Hack,2025-07-15
0xfeb0db0b09d947fd5db130f84030da8a43092c41,ETH,exploit,revokecash,malicious spender/exploit,Arcadia Finance Hack,2025-07-15
0xd9a2c3d571546f63c5b3aaadbac46fdcb3af5c8d,ETH,exploit,revokecash,malicious spender/exploit,Arcadia Finance Hack,2025-07-15
0xae2d59bef8ff2676687b2904efb47346e033cfe1,ETH,exploit,revokecash,malicious spender/exploit,Arcadia Finance Hack,2025-07-15
0x131438df8e93115d10273721c6d072ebbc45f69c,ETH,exploit,revokecash,malicious spender/exploit,Arcadia Finance Hack,2025-07-15
0xf9bbaec2c6afa64c0851335315342548701128cc,ETH,exploit,revokecash,malicious spender/exploit,Arcadia Finance Hack,2025-07-15
0xe1b74fa100f11249c8d29c21aca78fac542f0a00,ETH,exploit,revokecash,malicious spender/exploit,Arcadia Finance Hack,2025-07-15
0x4ca7a8c0a9c97f22a6ccf0c940a6820b21058d02,ETH,exploit,revokecash,malicious spender/exploit,Arcadia Finance Hack,2025-07-15
0x33132fd705c4ca1dc5231bb7bb62b4632d1d60c6,ETH,exploit,revokecash,malicious spender/exploit,Arcadia Finance Hack,2025-07-15
0x1498a7af45119006993bb096587055b24a276efa,ETH,exploit,revokecash,malicious spender/exploit,Arcadia Finance Hack,2025-07-15
0x8f925b36795698027e73908344eacf5b346cece7,ETH,exploit,revokecash,malicious spender/exploit,Arcadia Finance Hack,2025-07-15
0x3d880a54f02d6a86031026acbff7a8f859947553,ETH,exploit,revokecash,malicious spender/exploit,Arcadia Finance Hack,2025-07-15
0xfdf0e08f50590f81e9bb91a01723dcc0f18b0179,ETH,exploit,revokecash,malicious spender/exploit,Arcadia Finance Hack,2025-07-15
0xd5d2e274bb7bddfd94e6c1bf82e32bfd3abc8385,ETH,exploit,revokecash,malicious spender/exploit,Arcadia Finance Hack,2025-07-15
0x8c08f65cc83cd64969a44824433e47a07d69d48a,ETH,exploit,revokecash,malicious spender/exploit,Arcadia Finance Hack,2025-07-15
0xdea1fc18b16dbb601331c23e1570a4ff8e6b39fa,ETH,exploit,revokecash,malicious spender/exploit,Arcadia Finance Hack,2025-07-15
0x0b74f8801f71586224b6f1dbe13ff488778051e9,ETH,exploit,revokecash,malicious spender/exploit,Arcadia Finance Hack,2025-07-15
0x9ee72567ea68b2224a71352e67809f68c60aec69,ETH,exploit,revokecash,malicious spender/exploit,Arcadia Finance Hack,2025-07-15
0xdee05a9db96061a9edb8019529815c28a5fd653f,ETH,exploit,revokecash,malicious spender/exploit,Arcadia Finance Hack,2025-07-15
0xb63e8705db8cb2c0861eba7dd8bd7e710e742de6,ETH,exploit,revokecash,malicious spender/exploit,Arcadia Finance Hack,2025-07-15
0xe675c34ba9ada6fd10c31cee29e6b69d81d416ef,ETH,exploit,revokecash,malicious spender/exploit,Arcadia Finance Hack,2025-07-15
0x772c34f2819d167e62890247b87c9680980293b0,ETH,exploit,revokecash,malicious spender/exploit,Arcadia Finance Hack,2025-07-15
0xbca40dfb869cd53c3515eafd1bb3a9a61df4f6af,ETH,exploit,revokecash,malicious spender/exploit,Arcadia Finance Hack,2025-07-15
0x5654e12685513bba3b2649daa27634b8bc33f31d,ETH,exploit,revokecash,malicious spender/exploit,Arcadia Finance Hack,2025-07-15
0x7d723509d661a0c8604d1373aa0ebae12159f0ac,ETH,exploit,revokecash,malicious spender/exploit,Arcadia Finance Hack,2025-07-15
0x4be60d00c7c506341ffecb3b05102935b6abddc3,ETH,exploit,revokecash,malicious spender/exploit,Arcadia Finance Hack,2025-07-15
0x12df93fef42ea019d2f4ac97a75afdf4d8b24bc4,ETH,exploit,revokecash,malicious spender/exploit,Arcadia Finance Hack,2025-07-15
0x1ec435d82af5960d1090889121b901c6025208df,ETH,exploit,revokecash,malicious spender/exploit,Arcadia Finance Hack,2025-07-15
0x96f2f9a8662aadf4ab28570ff6a213c8943d9cb4,ETH,exploit,revokecash,malicious spender/exploit,Arcadia Finance Hack,2025-07-15
0x057d2fadcd2a4b3b9b8c3dd0c411f2a7701416e0,ETH,exploit,revokecash,malicious spender/exploit,Arcadia Finance Hack,2025-07-15
0xed4c2d83610df3496f293b777082599a061df499,ETH,exploit,revokecash,malicious spender/exploit,Arcadia Finance Hack,2025-07-15
0x48086136541e712f8f05aefa2b9e53315e52deb5,ETH,exploit,revokecash,malicious spender/exploit,Arcadia Finance Hack,2025-07-15
0xa9440750961efceebbfbfa2e92daf3de995f8146,ETH,exploit,revokecash,malicious spender/exploit,Arcadia Finance Hack,2025-07-15
0x79db8c6a05b6fdf863dec262a8a80df767df599f,ETH,exploit,revokecash,malicious spender/exploit,Arcadia Finance Hack,2025-07-15
0x63eda1bd4055184ffea557d0887452eba415ad7f,ETH,exploit,revokecash,malicious spender/exploit,Arcadia Finance Hack,2025-07-15
0x06bccec731c3f00f1f799607835bda02c17c4d04,ETH,exploit,revokecash,malicious spender/exploit,Arcadia Finance Hack,2025-07-15
0x8cce7fa36525359fb6e3ec8e831aa72d94477fa6,ETH,exploit,revokecash,malicious spender/exploit,Arcadia Finance Hack,2025-07-15
0x44b80c0c409bea4478aacffa150bd9ff5b13c6fc,ETH,exploit,revokecash,malicious spender/exploit,Arcadia Finance Hack,2025-07-15
0xb045e59294b4b052266df29b255a506d1a56666b,ETH,exploit,revokecash,malicious spender/exploit,Arcadia Finance Hack,2025-07-15
0x0c20c8e5fcef9eff70b9dce1ea68f1e26a54fe30,ETH,exploit,revokecash,malicious spender/exploit,Arcadia Finance Hack,2025-07-15
0x2c727a6a7776733f4bbd612f69b7f0dcbbf568fb,ETH,exploit,revokecash,malicious spender/exploit,Arcadia Finance Hack,2025-07-15
0x83ef499bcc7c676eefe2b4e950790e120cf51cbe,ETH,exploit,revokecash,malicious spender/exploit,Arcadia Finance Hack,2025-07-15
0xa6ce314c0f657f6cba69286f8cb6cb638e94e3c2,ETH,exploit,revokecash,malicious spender/exploit,Arcadia Finance Hack,2025-07-15
0xe3b1b4983835b345f282624827779df3823959d9,ETH,exploit,revokecash,malicious spender/exploit,Arcadia Finance Hack,2025-07-15
0xec23d265e4ae8b6c3be0241af73007c419947149,ETH,exploit,revokecash,malicious spender/exploit,Arcadia Finance Hack,2025-07-15
0xc9b4b58ca8fa5e448c6331c3facc602a390f073a,ETH,exploit,revokecash,malicious spender/exploit,Arcadia Finance Hack,2025-07-15
0xef5471c143e4b10080f1ce433bd535cc6b3474fc,ETH,exploit,revokecash,malicious spender/exploit,Arcadia Finance Hack,2025-07-15
0xe55bb62611cd9f61cc5b6d0b1090cc93cc072119,ETH,exploit,revokecash,malicious spender/exploit,Arcadia Finance Hack,2025-07-15
0xc6308c13395d89396ed2a73b68ed0df0fa2321c7,ETH,exploit,revokecash,malicious spender/exploit,Arcadia Finance Hack,2025-07-15
0x15a9bf2119ed498487593c179069a6ce90e9d441,ETH,exploit,revokecash,malicious spender/exploit,Arcadia Finance Hack,2025-07-15
0xc53a3aecb97934dbb4262444b04cf7a008c9abd7,ETH,exploit,revokecash,malicious spender/exploit,Arcadia Finance Hack,2025-07-15
0x51f834503e1d550e6cc0674f193b1e1debbf0564,ETH,exploit,revokecash,malicious spender/exploit,Arcadia Finance Hack,2025-07-15
0x90977d2e22f8b81f12d4a744a4cea6b026687e4a,ETH,exploit,revokecash,malicious spender/exploit,Arcadia Finance Hack,2025-07-15
0xc6a557d252f8c58516ad3ab71798479de759a691,ETH,exploit,revokecash,malicious spender/exploit,Arcadia Finance Hack,2025-07-15
0x069ad99874a6fd1ccf953bc8c8419ad0a04abb9f,ETH,exploit,revokecash,malicious spender/exploit,Arcadia Finance Hack,2025-07-15
0xf4171755a31026151b3c4f53cd0f08bf67a38119,ETH,exploit,revokecash,malicious spender/exploit,Arcadia Finance Hack,2025-07-15
0x276dee8c9eda6c2c53ac49482134daf046cfd748,ETH,exploit,revokecash,malicious spender/exploit,Arcadia Finance Hack,2025-07-15
0xbf1c70ca217696473888622c8a45ce27cd26b32d,ETH,exploit,revokecash,malicious spender/exploit,Arcadia Finance Hack,2025-07-15
0xe66a87fab3ad8d17cb8e784d8e92436df687e4c5,ETH,exploit,revokecash,malicious spender/exploit,Arcadia Finance Hack,2025-07-15
0x2c4faa7704f6e169810af37a21e05cb149d05541,ETH,exploit,revokecash,malicious spender/exploit,Arcadia Finance Hack,2025-07-15
0xb228269b2f59ac5bce5bb946b7693cc9477984f4,ETH,exploit,revokecash,malicious spender/exploit,Arcadia Finance Hack,2025-07-15
0x41ad151b6a96eb14c5fcfce4ae734a9ec253204c,ETH,exploit,revokecash,malicious spender/exploit,Arcadia Finance Hack,2025-07-15
0x94c0d6c72a44d254a527bec8217694e11db4ce23,ETH,exploit,revokecash,malicious spender/exploit,Arcadia Finance Hack,2025-07-15
0xb9f9b395df0f0d2f8879aa668afd5c7c8b99155d,ETH,exploit,revokecash,malicious spender/exploit,Arcadia Finance Hack,2025-07-15
0x36be528c84457a25a232f43d16644e03c523f22a,ETH,exploit,revokecash,malicious spender/exploit,Arcadia Finance Hack,2025-07-15
0x0d8b306b250bb1214b8a44fe8f039af6ad33e990,ETH,exploit,revokecash,malicious spender/exploit,Arcadia Finance Hack,2025-07-15
0x1bba8ecb89a3d8869ddd4695718ba044ecd063e7,ETH,exploit,revokecash,malicious spender/exploit,Arcadia Finance Hack,2025-07-15
0x693be37532e3b5e2859932938f2f8999103b06ce,ETH,exploit,revokecash,malicious spender/exploit,Arcadia Finance Hack,2025-07-15
0xdec3ccdc5a9ad16538e1767d437aa8942023b859,ETH,exploit,revokecash,malicious spender/exploit,Arcadia Finance Hack,2025-07-15
0xddcb4b33a9606f1fd438342d33137a89204299e3,ETH,exploit,revokecash,malicious spender/exploit,Arcadia Finance Hack,2025-07-15
0xae014a66069ff035b3da0d1e7fba23fe5c7af0d1,ETH,exploit,revokecash,malicious spender/exploit,Arcadia Finance Hack,2025-07-15
0xd8ff6bdeb877824f6268c470af8c69343f5141cb,ETH,exploit,revokecash,malicious spender/exploit,Arcadia Finance Hack,2025-07-15
0xca7d72f2ac45bd66e4c74d7356216c7c9be76d36,ETH,exploit,revokecash,malicious spender/exploit,Arcadia Finance Hack,2025-07-15
0x2f8332eb4601b1d7d4657e3458c42542e180e3dc,ETH,exploit,revokecash,malicious spender/exploit,Arcadia Finance Hack,2025-07-15
0xa7bc1f6696f0d2991d236477e1969a4239cdd189,ETH,exploit,revokecash,malicious spender/exploit,Arcadia Finance Hack,2025-07-15
0xe798ab8f3d35663afa08297f80c91578074c640c,ETH,exploit,revokecash,malicious spender/exploit,Arcadia Finance Hack,2025-07-15
0xdc4c284390ea4bd19ce908be4247c1c93e9a4990,ETH,exploit,revokecash,malicious spender/exploit,Arcadia Finance Hack,2025-07-15
0x29eb9e46a8df4ac3b0f1d2d448dacdb03f44ed6d,ETH,exploit,revokecash,malicious spender/exploit,Arcadia Finance Hack,2025-07-15
0x7c3896969a6c9f9c8a086bea68f6e211d38f3fa2,ETH,exploit,revokecash,malicious spender/exploit,Arcadia Finance Hack,2025-07-15
0x0b46d57fbd22fdfbef7f814b6539117ff26bda67,ETH,exploit,revokecash,malicious spender/exploit,Arcadia Finance Hack,2025-07-15
0x8a460f24d639a31e2fbd3e0d2441b9dd5d09df5a,ETH,exploit,revokecash,malicious spender/exploit,Arcadia Finance Hack,2025-07-15
0x165524381975b6ebfff7caf99e8bd90d4ca27d38,ETH,exploit,revokecash,malicious spender/exploit,Arcadia Finance Hack,2025-07-15
0xeecf68930756b2a92e747287bdc2ce2a31f4b54c,ETH,exploit,revokecash,malicious spender/exploit,Arcadia Finance Hack,2025-07-15
0x8555b6cd7b97757a984595edbb8c096e58c42e5d,ETH,exploit,revokecash,malicious spender/exploit,Arcadia Finance Hack,2025-07-15
0xfed885296fe4d39dcf127eb0b36afe380335b902,ETH,exploit,revokecash,malicious spender/exploit,Arcadia Finance Hack,2025-07-15
0x6f3ef7b8e36352a8271d5faba40bf7759b059ca5,ETH,exploit,revokecash,malicious spender/exploit,Arcadia Finance Hack,2025-07-15
0x3523385211b5a6629b3d8b06aefbef8b1e3d5180,ETH,exploit,revokecash,malicious spender/exploit,Arcadia Finance Hack,2025-07-15
0x6a521f34a0e2df0a18b768480028f8d4bc962eb3,ETH,exploit,revokecash,malicious spender/exploit,Arcadia Finance Hack,2025-07-15
0xd4d9b0eb745e8666b39f883844bbda1f1964e764,ETH,exploit,revokecash,malicious spender/exploit,Arcadia Finance Hack,2025-07-15
0xbc10e1929231dbe4e7cf0980bade760b6f74dc83,ETH,exploit,revokecash,malicious spender/exploit,Arcadia Finance Hack,2025-07-15
0x2488b9fea983094cb2eba352274d8b654daa5976,ETH,exploit,revokecash,malicious spender/exploit,Arcadia Finance Hack,2025-07-15
0x592f47fc32c7389beb579c99f94b7fff9bf22b70,ETH,exploit,revokecash,malicious spender/exploit,Arcadia Finance Hack,2025-07-15
0x6a006d9b61b262661a78763eec3eb511de10e610,ETH,exploit,revokecash,malicious spender/exploit,Arcadia Finance Hack,2025-07-15
0xae50ece1f6b908af7a79f186dba4cfc6ae8a596c,ETH,exploit,revokecash,malicious spender/exploit,Arcadia Finance Hack,2025-07-15
0xe9b44378617957091da0de1d87a7118c14251ed6,ETH,exploit,revokecash,malicious spender/exploit,Arcadia Finance Hack,2025-07-15
0x6909022b946e53f981d7aea53418c69380e90ff2,ETH,exploit,revokecash,malicious spender/exploit,Arcadia Finance Hack,2025-07-15
0x94d97ad94e564346b445d3b068610346e40cb2bc,ETH,exploit,revokecash,malicious spender/exploit,Arcadia Finance Hack,2025-07-15
0x8eaac03da1f9090d43292b31457a27063a6de687,ETH,exploit,revokecash,malicious spender/exploit,Arcadia Finance Hack,2025-07-15
0x7a625fc44dcd885d2f379789b88a87c7f8cf0698,ETH,exploit,revokecash,malicious spender/exploit,Arcadia Finance Hack,2025-07-15
0x624e5dc88d5b653d9d8dff9f59ed45b34d6d01a7,ETH,exploit,revokecash,malicious spender/exploit,Arcadia Finance Hack,2025-07-15
0xa16c8037f4801040d87eb4f52d56634e46e93e96,ETH,exploit,revokecash,malicious spender/exploit,Arcadia Finance Hack,2025-07-15
0x004431255780d81cdc4305bb6a584e633eda078c,ETH,exploit,revokecash,malicious spender/exploit,Arcadia Finance Hack,2025-07-15
0x319234cb2088de386202f3260afacdf8bfd36ba8,ETH,exploit,revokecash,malicious spender/exploit,Arcadia Finance Hack,2025-07-15
0xf2c81d55e28e2001ee7774b3dcb6f951be39376c,ETH,exploit,revokecash,malicious spender/exploit,Arcadia Finance Hack,2025-07-15
0x0cbe9314c33bbaf6a2f6260a4e82878d5665db9d,ETH,exploit,revokecash,malicious spender/exploit,Arcadia Finance Hack,2025-07-15
0x16379c3b9c1f6ad83eacea17adbb5f29abe0f413,ETH,exploit,revokecash,malicious spender/exploit,Arcadia Finance Hack,2025-07-15
0xdd7cdf5507f5ccdc06673851cdac377d319172de,ETH,exploit,revokecash,malicious spender/exploit,Arcadia Finance Hack,2025-07-15
0x0a838ab15c60278b7af938483190c537608916ba,ETH,exploit,revokecash,malicious spender/exploit,Arcadia Finance Hack,2025-07-15
0xb55e8639a4f82fb61b6bdba2186bc73cef8ea726,ETH,exploit,revokecash,malicious spender/exploit,Arcadia Finance Hack,2025-07-15
0xb50a7774a1628f08f12344b6cf744f630ab63399,ETH,exploit,revokecash,malicious spender/exploit,Arcadia Finance Hack,2025-07-15
0xb3fe7c7adbae0ccbdc55ee22fb2420ce3b451a72,ETH,exploit,revokecash,malicious spender/exploit,Arcadia Finance Hack,2025-07-15
0x71c144366cfdc3aa80104368112c4e230b38d0d6,ETH,exploit,revokecash,malicious spender/exploit,Arcadia Finance Hack,2025-07-15
0x3acb4d0f0ee599de5af452dbdb91876f59223125,ETH,exploit,revokecash,malicious spender/exploit,Arcadia Finance Hack,2025-07-15
0xdc5ccf7a9cffaab1fed646222bc0840d3d3b69b4,ETH,exploit,revokecash,malicious spender/exploit,Arcadia Finance Hack,2025-07-15
0xbdb0e0b337373198681d162a19773eb203f4f0c6,ETH,exploit,revokecash,malicious spender/exploit,Arcadia Finance Hack,2025-07-15
0xb338dc3460d20f88a920029ab6018d440c4283d8,ETH,exploit,revokecash,malicious spender/exploit,Arcadia Finance Hack,2025-07-15
0x77f610bc8182963b89855fafa5e869f8e1265cf6,ETH,exploit,revokecash,malicious spender/exploit,Arcadia Finance Hack,2025-07-15
0x956c192ae45acfd22500cf414beed77aeaf5aa3c,ETH,exploit,revokecash,malicious spender/exploit,Arcadia Finance Hack,2025-07-15
0x37cebd68e856927b7df074b575e7f675fa4aff41,ETH,exploit,revokecash,malicious spender/exploit,Arcadia Finance Hack,2025-07-15
0xb8bab8ea3a885853b9ca0a3ea6365e2a1f598fdb,ETH,exploit,revokecash,malicious spender/exploit,Arcadia Finance Hack,2025-07-15
0x424d0eca02d9898092223a32e6d3a3720c3f47a5,ETH,exploit,revokecash,malicious spender/exploit,Arcadia Finance Hack,2025-07-15
0x27bca3d3bd5666ab0910454373770e7a15ab8736,ETH,exploit,revokecash,malicious spender/exploit,Arcadia Finance Hack,2025-07-15
0x5d92539ea1659a7f65cc7198ab18739281af213a,ETH,exploit,revokecash,malicious spender/exploit,Arcadia Finance Hack,2025-07-15
0x287e5b92d2c439d3a243b70bcbedab35e4ec7233,ETH,exploit,revokecash,malicious spender/exploit,Arcadia Finance Hack,2025-07-15
0x9e36b5b8321268c54e41c4804927198c230b1706,ETH,exploit,revokecash,malicious spender/exploit,Arcadia Finance Hack,2025-07-15
0xc4bc153d42d33a188b1465ba5e9ee02713b9dd6c,ETH,exploit,revokecash,malicious spender/exploit,Arcadia Finance Hack,2025-07-15
0xe7f8d701d08249673207fcceea3bdb1d6b4545f8,ETH,exploit,revokecash,malicious spender/exploit,Arcadia Finance Hack,2025-07-15
0xee6d21e34977a9852316831ef1489c166d683971,ETH,exploit,revokecash,malicious spender/exploit,Arcadia Finance Hack,2025-07-15
0xac362fbc31b85b0ac5e0a867347bc3e222dd7ecb,ETH,exploit,revokecash,malicious spender/exploit,Arcadia Finance Hack,2025-07-15
0x8f47fd6389551792d72950426e9fdfecb60f6f38,ETH,exploit,revokecash,malicious spender/exploit,Arcadia Finance Hack,2025-07-15
0x957fca0a319c3f112cfb43d64bd8fa8b582ad2a5,ETH,exploit,revokecash,malicious spender/exploit,Arcadia Finance Hack,2025-07-15
0xde3a9837892432168805f5fcb698ade5ba48310f,ETH,exploit,revokecash,malicious spender/exploit,Arcadia Finance Hack,2025-07-15
0xf9c58c1aee813ba27abd64d675787c0cc3855b03,ETH,exploit,revokecash,malicious spender/exploit,Arcadia Finance Hack,2025-07-15
0x93df681a4cfcbf7155d7d5d3269c55396a7e7112,ETH,exploit,revokecash,malicious spender/exploit,Arcadia Finance Hack,2025-07-15
0x94115373411bf277342d8ecce29b101116e48da3,ETH,exploit,revokecash,malicious spender/exploit,Arcadia Finance Hack,2025-07-15
0x3aac0355dddc8dbb09c3196f38a1d0e24736fd4b,ETH,exploit,revokecash,malicious spender/exploit,Arcadia Finance Hack,2025-07-15
0x04e0b1fd0b0010e7d998f315c42cd861cfc87573,ETH,exploit,revokecash,malicious spender/exploit,Arcadia Finance Hack,2025-07-15
0xda887c6dfd42577d2d66d62ee782c27539f31768,ETH,exploit,revokecash,malicious spender/exploit,Arcadia Finance Hack,2025-07-15
0xed52e13a73ad0a5faf209a882f2df0dd2fde331b,ETH,exploit,revokecash,malicious spender/exploit,Arcadia Finance Hack,2025-07-15
0xdea9c4ce65d4f6d6d34fbaa67414e9f9beacfb3c,ETH,exploit,revokecash,malicious spender/exploit,Arcadia Finance Hack,2025-07-15
0x57938a75e924dc83022f7c1b4c6dd9483e13eb59,ETH,exploit,revokecash,malicious spender/exploit,Arcadia Finance Hack,2025-07-15
0x4d5ffa428b1d86ffc2e032be016ebaeaf3087604,ETH,exploit,revokecash,malicious spender/exploit,Arcadia Finance Hack,2025-07-15
0x049b0415ba4563913de289b0b9acda5570d38168,ETH,exploit,revokecash,malicious spender/exploit,Arcadia Finance Hack,2025-07-15
0xcec0d4571a8dc8e963e7f166cafa5690fff855b2,ETH,exploit,revokecash,malicious spender/exploit,Arcadia Finance Hack,2025-07-15
0xa57b61822f31a54e503f83b339d1800f18bf7474,ETH,exploit,revokecash,malicious spender/exploit,Arcadia Finance Hack,2025-07-15
0xef21d27caae5a6f1bf310c1a128f915bd7d49b10,ETH,exploit,revokecash,malicious spender/exploit,Arcadia Finance Hack,2025-07-15
0xcb8b2705d2f81591667da5af8c7cefba95acab17,ETH,exploit,revokecash,malicious spender/exploit,Arcadia Finance Hack,2025-07-15
0xd301ac4ba14af24b309079ea9ed730e788644bdb,ETH,exploit,revokecash,malicious spender/exploit,Arcadia Finance Hack,2025-07-15
0xf7bce8e22d5202e94f72b84bfd14d9aa54517192,ETH,exploit,revokecash,malicious spender/exploit,Arcadia Finance Hack,2025-07-15
0x9cd87521f867c274148022c58fb34ce426898c12,ETH,exploit,revokecash,malicious spender/exploit,Arcadia Finance Hack,2025-07-15
0x4c33ef9c445125ee54578847d5f09a88c66f271e,ETH,exploit,revokecash,malicious spender/exploit,Arcadia Finance Hack,2025-07-15
0x61735cdf30bd2229d9dcfcdd6866fb299a6aa453,ETH,exploit,revokecash,malicious spender/exploit,Arcadia Finance Hack,2025-07-15
0x09c2a594e21ebcbae9784ac5cee709f6dda15c21,ETH,exploit,revokecash,malicious spender/exploit,Arcadia Finance Hack,2025-07-15
0x6d2b42362451d914df90c94831539a8fcdf65e7f,ETH,exploit,revokecash,malicious spender/exploit,Arcadia Finance Hack,2025-07-15
0x68384d32174af944b5e666108738a1fb3e81dc87,ETH,exploit,revokecash,malicious spender/exploit,Arcadia Finance Hack,2025-07-15
0xb0d6a9d7ad9218995ec3a4026eca8d62ebe9d463,ETH,exploit,revokecash,malicious spender/exploit,Arcadia Finance Hack,2025-07-15
0x3be121ec4f756300151b5d442ee32d71e4665763,ETH,exploit,revokecash,malicious spender/exploit,Arcadia Finance Hack,2025-07-15
0x79c356b4618fd122308a6f13c40e8d5a66fc7c85,ETH,exploit,revokecash,malicious spender/exploit,Arcadia Finance Hack,2025-07-15
0xa2fbea712017c7dd17efa0b6b75c888586019a71,ETH,exploit,revokecash,malicious spender/exploit,Arcadia Finance Hack,2025-07-15
0xd9a74817420ca533ab4b30fe7fb75015aeb92c9a,ETH,exploit,revokecash,malicious spender/exploit,Arcadia Finance Hack,2025-07-15
0x937cdae50f861040870f37f51f4a9b98a4f624be,ETH,exploit,revokecash,malicious spender/exploit,Arcadia Finance Hack,2025-07-15
0xfb3bb3c6484910f24f8e99ab5a01793b1ad6716a,ETH,exploit,revokecash,malicious spender/exploit,Arcadia Finance Hack,2025-07-15
0xb8954a81dbebdbf6494733945d41e1a19df933b0,ETH,exploit,revokecash,malicious spender/exploit,Arcadia Finance Hack,2025-07-15
0x56e2fd81e63fde768bc2bb0200eaebeb901b5c8d,ETH,exploit,revokecash,malicious spender/exploit,Arcadia Finance Hack,2025-07-15
0xaeea72f42aba15318ab5a9279c64cb94684ad328,ETH,exploit,revokecash,malicious spender/exploit,Arcadia Finance Hack,2025-07-15
0xbb1119bf7e559178b8fbb7238b1ab7000cd7eb4b,ETH,exploit,revokecash,malicious spender/exploit,Arcadia Finance Hack,2025-07-15
0xa1beb2497cc8ad94a5ccb5e6f17ae0f895783509,ETH,exploit,revokecash,malicious spender/exploit,Arcadia Finance Hack,2025-07-15
0xd45936aa876b4129df0c0910e6dc8fbd950cf544,ETH,exploit,revokecash,malicious spender/exploit,Arcadia Finance Hack,2025-07-15
0x8c94f72003fad9f80f6ddba75a4125ef4a1e7770,ETH,exploit,revokecash,malicious spender/exploit,Arcadia Finance Hack,2025-07-15
0x2f38ec6bfc7fb09f1d1edbfb6607ae62bffcb0f3,ETH,exploit,revokecash,malicious spender/exploit,Arcadia Finance Hack,2025-07-15
0xbee46c92cb9f8383d110d87a44739095bbc4860c,ETH,exploit,revokecash,malicious spender/exploit,Arcadia Finance Hack,2025-07-15
0xe37bc45e558941fb8dbb6186c24a817ac29ed959,ETH,exploit,revokecash,malicious spender/exploit,Arcadia Finance Hack,2025-07-15
0x33b3fb5a67efa41fdd333f8fde448b92bb30473a,ETH,exploit,revokecash,malicious spender/exploit,Arcadia Finance Hack,2025-07-15
0xcc6ed94929df81baac78bc7daf72acbf409cc0bb,ETH,exploit,revokecash,malicious spender/exploit,Arcadia Finance Hack,2025-07-15
0x5b669ab2b3bddbd3e09a5a3e123340d76784b613,ETH,exploit,revokecash,malicious spender/exploit,Arcadia Finance Hack,2025-07-15
0x06b531cc80e044d80e9b66130cb617dfd72a6c39,ETH,exploit,revokecash,malicious spender/exploit,Arcadia Finance Hack,2025-07-15
0x713ac4d8c42fc03c0d6364436e8c4ba4a0b6dcd6,ETH,exploit,revokecash,malicious spender/exploit,Arcadia Finance Hack,2025-07-15
0xf253a30e5f6a352dcd71c35e0f5fb020009e5f14,ETH,exploit,revokecash,malicious spender/exploit,Arcadia Finance Hack,2025-07-15
0xeed90017c3d881219f4bc6a3025c79afd582a4fc,ETH,exploit,revokecash,malicious spender/exploit,Arcadia Finance Hack,2025-07-15
0x590a07ffc5879c51714750ac240c308d99f78634,ETH,exploit,revokecash,malicious spender/exploit,Arcadia Finance Hack,2025-07-15
0x37df484b010f30c9601dcad5651056e887922254,ETH,exploit,revokecash,malicious spender/exploit,Arcadia Finance Hack,2025-07-15
0xc0dce1a7741b06f57ecd4fcb76b6574ea8496823,ETH,exploit,revokecash,malicious spender/exploit,Arcadia Finance Hack,2025-07-15
0x449f03c223ab74fc80449d6cdbd7a22aeb4f0af0,ETH,exploit,revokecash,malicious spender/exploit,Arcadia Finance Hack,2025-07-15
0x8257ff9e46432feac733b5bb27485134ebfc893d,ETH,exploit,revokecash,malicious spender/exploit,Arcadia Finance Hack,2025-07-15
0x97bc8f7e3257138b4c88910956a7d02167b0c7e2,ETH,exploit,revokecash,malicious spender/exploit,Arcadia Finance Hack,2025-07-15
0x318d2b944d9dbca6bb199b59c0cbd6ceea5eb540,ETH,exploit,revokecash,malicious spender/exploit,Arcadia Finance Hack,2025-07-15
0x4b800a4bf5b3916032d1ba1c03f227841f50c0ad,ETH,exploit,revokecash,malicious spender/exploit,Arcadia Finance Hack,2025-07-15
0x609a339ccebe9e4f666e362f0c2f302224d2621c,ETH,exploit,revokecash,malicious spender/exploit,Arcadia Finance Hack,2025-07-15
0x6b60b612d52ba52afbc3c2c356c19cef1b2cb7d8,ETH,exploit,revokecash,malicious spender/exploit,Arcadia Finance Hack,2025-07-15
0x3337b25e59d08c4047e584596bd0d13852e4ceab,ETH,exploit,revokecash,malicious spender/exploit,Arcadia Finance Hack,2025-07-15
0x382ff4591e468834ed9223eba609b676cfe3d4ca,ETH,exploit,revokecash,malicious spender/exploit,Arcadia Finance Hack,2025-07-15
0xf1aa28dac007be970817829cf0d50b6a9786eb69,ETH,exploit,revokecash,malicious spender/exploit,Arcadia Finance Hack,2025-07-15
0x4ccdf28466e6875d969d7d4421bac280da1d6684,ETH,exploit,revokecash,malicious spender/exploit,Arcadia Finance Hack,2025-07-15
0xae7d0b3727d9e2b2911b31e10f7f20d2aa6b5571,ETH,exploit,revokecash,malicious spender/exploit,Arcadia Finance Hack,2025-07-15
0x98891c3621236bb3f70e14b8ca853cbe35ed616c,ETH,exploit,revokecash,malicious spender/exploit,Arcadia Finance Hack,2025-07-15
0x30cd07dfe7fa775567928d7a0d1bd5827b1a35d6,ETH,exploit,revokecash,malicious spender/exploit,Arcadia Finance Hack,2025-07-15
0xa191159c040070daf9f398dc719e7b3f0385b154,ETH,exploit,revokecash,malicious spender/exploit,Arcadia Finance Hack,2025-07-15
0xe96a8194623e09d055bc4046811086dcf7ddc00e,ETH,exploit,revokecash,malicious spender/exploit,Arcadia Finance Hack,2025-07-15
0xfd0ee990ae98b0e372613bb9c638fbc3b55f0f97,ETH,exploit,revokecash,malicious spender/exploit,Arcadia Finance Hack,2025-07-15
0x1d8959037b927d2421fd6a52dcda329007767399,ETH,exploit,revokecash,malicious spender/exploit,Arcadia Finance Hack,2025-07-15
0xac943d184a0bc4b40fefb0d26cc3e2feee4b27d1,ETH,exploit,revokecash,malicious spender/exploit,Arcadia Finance Hack,2025-07-15
0x972b7381e131518094a50d670ba173231566cf7d,ETH,exploit,revokecash,malicious spender/exploit,Arcadia Finance Hack,2025-07-15
0xf2d4ed2c67e3d0d265d5fb07ba46b6354eb6dd97,ETH,exploit,revokecash,malicious spender/exploit,Arcadia Finance Hack,2025-07-15
0x637fe21bc722c88fe167ac434387261bc16cf90a,ETH,exploit,revokecash,malicious spender/exploit,Arcadia Finance Hack,2025-07-15
0x36954fba21449dff81b19ee988d6a5f6a652a68f,ETH,exploit,revokecash,malicious spender/exploit,Arcadia Finance Hack,2025-07-15
0x82ccb7657be34b2e3c82baf1a3a66c44d7baa764,ETH,exploit,revokecash,malicious spender/exploit,Arcadia Finance Hack,2025-07-15
0xa94b3e67db50d957f722473752d7449ef3c227d7,ETH,exploit,revokecash,malicious spender/exploit,Arcadia Finance Hack,2025-07-15
0x68a718d972d901c0771588956465f9736f918ac9,ETH,exploit,revokecash,malicious spender/exploit,Arcadia Finance Hack,2025-07-15
0xcbc210aee391b1c37c3ef8d43430d1d27a360134,ETH,exploit,revokecash,malicious spender/exploit,Arcadia Finance Hack,2025-07-15
0x1d99411f9c3442bae58d222012ba81df7c64eba1,ETH,exploit,revokecash,malicious spender/exploit,Arcadia Finance Hack,2025-07-15
0xecc2c889f5e6d425f57f2835ef98cd168d26935a,ETH,exploit,revokecash,malicious spender/exploit,Arcadia Finance Hack,2025-07-15
0x7085a272d821bffedde6472ed6f41c13f3cfdd6c,ETH,exploit,revokecash,malicious spender/exploit,Arcadia Finance Hack,2025-07-15
0x682713b6b19ea9f1d259c6191525019ff6e6e936,ETH,exploit,revokecash,malicious spender/exploit,Arcadia Finance Hack,2025-07-15
0x77098336c71346710c4688aad3459def9df6852f,ETH,exploit,revokecash,malicious spender/exploit,Arcadia Finance Hack,2025-07-15
0xfc1440695540cb24a836cb992869741ef48bf0f6,ETH,exploit,revokecash,malicious spender/exploit,Arcadia Finance Hack,2025-07-15
0x51e9cd2da24c3b65debe8176f314b091c029bc15,ETH,exploit,revokecash,malicious spender/exploit,Arcadia Finance Hack,2025-07-15
0x4244cd8c1efcc3a93891835eb67aee23f1288207,ETH,exploit,revokecash,malicious spender/exploit,Arcadia Finance Hack,2025-07-15
0x43f6c15f1b8d82abd7a420d3ca69f0e83e2944bf,ETH,exploit,revokecash,malicious spender/exploit,Arcadia Finance Hack,2025-07-15
0x1420d15f8908696c33377257ba873dfbc8da65e1,ETH,exploit,revokecash,malicious spender/exploit,Arcadia Finance Hack,2025-07-15
0xcc4bd7cf2e22d7a273996bf85bc0bcabbc818fc2,ETH,exploit,revokecash,malicious spender/exploit,Arcadia Finance Hack,2025-07-15
0x6b85437c090a7fb63c5bd26b3c6e6ba826fe66e5,ETH,exploit,revokecash,malicious spender/exploit,Arcadia Finance Hack,2025-07-15
0x7adfa12b680bebc43a99ce762da624de21b644cd,ETH,exploit,revokecash,malicious spender/exploit,Arcadia Finance Hack,2025-07-15
0x002ae70ba350ba8638c4b34d1060f425289e6faf,ETH,exploit,revokecash,malicious spender/exploit,Arcadia Finance Hack,2025-07-15
0xad0629f600b8f554d5de8cc40690a292d679edb1,ETH,exploit,revokecash,malicious spender/exploit,Arcadia Finance Hack,2025-07-15
0xb7e4fa58cecfc643562a4dcd7cb0f1b0a1da35c5,ETH,exploit,revokecash,malicious spender/exploit,Arcadia Finance Hack,2025-07-15
0x033988d5ecb1bfeecef72d21c0834f01c5864656,ETH,exploit,revokecash,malicious spender/exploit,Arcadia Finance Hack,2025-07-15
0x6a204117b799bf6215e2b13a7787f59caebf47ed,ETH,exploit,revokecash,malicious spender/exploit,Arcadia Finance Hack,2025-07-15
0x36ccf3675b023a1c495859691d47e17fde15c4d4,ETH,exploit,revokecash,malicious spender/exploit,Arcadia Finance Hack,2025-07-15
0x02071a9e952652a1cac3884077cd2c53cb159476,ETH,exploit,revokecash,malicious spender/exploit,Arcadia Finance Hack,2025-07-15
0xf697fdd6caded9749a40960ced81815cdaaacd25,ETH,exploit,revokecash,malicious spender/exploit,Arcadia Finance Hack,2025-07-15
0x4b62f888a9dd1429ab7433aa11b83ef1dba5b639,ETH,exploit,revokecash,malicious spender/exploit,Arcadia Finance Hack,2025-07-15
0x020c8668b87e043a529a8ddd3aa92f9d17e8f559,ETH,exploit,revokecash,malicious spender/exploit,Arcadia Finance Hack,2025-07-15
0x54553f0f5507d82a8bd9d353b8e23972d329f506,ETH,exploit,revokecash,malicious spender/exploit,Arcadia Finance Hack,2025-07-15
0x0c70c96c2f316e4f3f435db3754004d47fcee529,ETH,exploit,revokecash,malicious spender/exploit,Arcadia Finance Hack,2025-07-15
0x00b25cb0c79eb2cb48a362a56a69d6e0f86e6c5e,ETH,exploit,revokecash,malicious spender/exploit,Arcadia Finance Hack,2025-07-15
0x6f96945595e89878739e44ecffeb1ae41a9db81a,ETH,exploit,revokecash,malicious spender/exploit,Arcadia Finance Hack,2025-07-15
0xa472ab61bdf231ba5246b4cde3281f70a3db4951,ETH,exploit,revokecash,malicious spender/exploit,Arcadia Finance Hack,2025-07-15
0x1711fd4c315c0ec5322f9e25504eae49b11d3da3,ETH,exploit,revokecash,malicious spender/exploit,Arcadia Finance Hack,2025-07-15
0xe94f9aa676a91c481ec3bb5a0b442a54b2e05541,ETH,exploit,revokecash,malicious spender/exploit,Arcadia Finance Hack,2025-07-15
0xaa2b2875f17feb1d908ee44f761e8dd5f6b45495,ETH,exploit,revokecash,malicious spender/exploit,Arcadia Finance Hack,2025-07-15
0xa6af5513e44c5c151940ecaad206d6d4d48fa52c,ETH,exploit,revokecash,malicious spender/exploit,Arcadia Finance Hack,2025-07-15
0x3ea8b622b780d58d5dd6b1815e7dc735656f03eb,ETH,exploit,revokecash,malicious spender/exploit,Arcadia Finance Hack,2025-07-15
0xabc16bb2600888afe9343f2342c380cc7f40b3b0,ETH,exploit,revokecash,malicious spender/exploit,Arcadia Finance Hack,2025-07-15
0x8f8e51a51e264263322c7d785c2d26ea4dd5ee38,ETH,exploit,revokecash,malicious spender/exploit,Arcadia Finance Hack,2025-07-15
0x4b6d5b56f7d2dbf09c3fb02dee0280bda24718e5,ETH,exploit,revokecash,malicious spender/exploit,Arcadia Finance Hack,2025-07-15
0xd79e242f7a10d39273c2edd425de44076ad627f1,ETH,exploit,revokecash,malicious spender/exploit,Arcadia Finance Hack,2025-07-15
0x59e02f8042c0abc416f5b4261d3cb5b19d3241c8,ETH,exploit,revokecash,malicious spender/exploit,Arcadia Finance Hack,2025-07-15
0x1286f54e8df7116e24f98ce4247a8bd511784a4d,ETH,exploit,revokecash,malicious spender/exploit,Arcadia Finance Hack,2025-07-15
0x1963ddadc84547b6c28754f48f5182b8bd0bc2d1,ETH,exploit,revokecash,malicious spender/exploit,Arcadia Finance Hack,2025-07-15
0x5935c478b49428491773f3122c1f666416a4915c,ETH,exploit,revokecash,malicious spender/exploit,Arcadia Finance Hack,2025-07-15
0xc62501558311fa1bde6568a8262aeaec20c6da19,ETH,exploit,revokecash,malicious spender/exploit,Arcadia Finance Hack,2025-07-15
0x68f1c8e684d518c9b0e8d7d26af179ad0edbea97,ETH,exploit,revokecash,malicious spender/exploit,Arcadia Finance Hack,2025-07-15
0xe7b0ab9dff4e5da4b2696b107ff662402aef0515,ETH,exploit,revokecash,malicious spender/exploit,Arcadia Finance Hack,2025-07-15
0xd57e2bb6335c9ef6235181ad18e1f6d6a62a40bd,ETH,exploit,revokecash,malicious spender/exploit,Arcadia Finance Hack,2025-07-15
0xc955025fbbd6d8d7192849c9e3fa748e715e5d43,ETH,exploit,revokecash,malicious spender/exploit,Arcadia Finance Hack,2025-07-15
0x455f3557be1f22b3dc4f82cb148f0adee59b963e,ETH,exploit,revokecash,malicious spender/exploit,Arcadia Finance Hack,2025-07-15
0x2970a0e30c4cda50aedb08cba520d8f6c2efd1d4,ETH,exploit,revokecash,malicious spender/exploit,Arcadia Finance Hack,2025-07-15
0xa3514825faeed6e3f3f737078f0e05f7098f4346,ETH,exploit,revokecash,malicious spender/exploit,Arcadia Finance Hack,2025-07-15
0x80b2a496c7a8b125e9ae4a5864e99259ecc7a519,ETH,exploit,revokecash,malicious spender/exploit,Arcadia Finance Hack,2025-07-15
0x0e3f2e5bd3a75d2a701ed9e7bc275a3db653ebe0,ETH,exploit,revokecash,malicious spender/exploit,Arcadia Finance Hack,2025-07-15
0x810f5f87af350cdfc9393500011483ed3f0db516,ETH,exploit,revokecash,malicious spender/exploit,Arcadia Finance Hack,2025-07-15
0x909b959e8cabd2ab2b086895c883c094532e99c3,ETH,exploit,revokecash,malicious spender/exploit,Arcadia Finance Hack,2025-07-15
0x4270697246b6d2812b6dab98e6ec4ff26114857d,ETH,exploit,revokecash,malicious spender/exploit,Arcadia Finance Hack,2025-07-15
0xa166f1865cb515013ff8e4718089608efffbfa92,ETH,exploit,revokecash,malicious spender/exploit,Arcadia Finance Hack,2025-07-15
0x7dc316dbabbc3fdc57a75c040bbea73c519291dc,ETH,exploit,revokecash,malicious spender/exploit,Arcadia Finance Hack,2025-07-15
0x5885f951bed50a522c44e1f99c9a6a8b0f543ba5,ETH,exploit,revokecash,malicious spender/exploit,Arcadia Finance Hack,2025-07-15
0x6dd6b255bdab33ce0575d5ead20b89bba18e3cc9,ETH,exploit,revokecash,malicious spender/exploit,Arcadia Finance Hack,2025-07-15
0xaec5b3ffd251710fb8731ddd3e5e9263eacff47e,ETH,exploit,revokecash,malicious spender/exploit,Arcadia Finance Hack,2025-07-15
0x95d8c3d211b294f1b9d336c91219ae448ee34dc5,ETH,exploit,revokecash,malicious spender/exploit,Arcadia Finance Hack,2025-07-15
0x8b267f3e1c74114e03b235dba25762810467ab76,ETH,exploit,revokecash,malicious spender/exploit,Arcadia Finance Hack,2025-07-15
0xffb22fe7c913c50a63f7bd1d04093991cd0bef39,ETH,exploit,revokecash,malicious spender/exploit,Arcadia Finance Hack,2025-07-15
0xf7804e4b53dc7d1a6d2c76ada361ddb0fba8e0d1,ETH,exploit,revokecash,malicious spender/exploit,Arcadia Finance Hack,2025-07-15
0xddbebdbd0ea722fd78a0bd736d51058aa142f5dd,ETH,exploit,revokecash,malicious spender/exploit,Arcadia Finance Hack,2025-07-15
0x0dfead77b3368a2af1de88b71349212ea09bdc28,ETH,exploit,revokecash,malicious spender/exploit,Arcadia Finance Hack,2025-07-15
0xea4da17f7a46fd2ba5b53e37e2a03ad71faebac3,ETH,exploit,revokecash,malicious spender/exploit,Arcadia Finance Hack,2025-07-15
0xea2bb8fe2fcf44f54ca789ab1e5e638e0352de7c,ETH,exploit,revokecash,malicious spender/exploit,Arcadia Finance Hack,2025-07-15
0xea5fa569932ef1bf43ca23256921c78ae7c57924,ETH,exploit,revokecash,malicious spender/exploit,Arcadia Finance Hack,2025-07-15
0x9f28edfb057f5effac267d04c92799053fcab0d0,ETH,exploit,revokecash,malicious spender/exploit,Arcadia Finance Hack,2025-07-15
0xcea7a93dce70a6910fe0ef28264c00a9eb08711a,ETH,exploit,revokecash,malicious spender/exploit,Arcadia Finance Hack,2025-07-15
0x91028c61dbf9f468c4ae1c096cc03fb4ed6e878e,ETH,exploit,revokecash,malicious spender/exploit,Arcadia Finance Hack,2025-07-15
0xe73154b925b8d98060c70dfaecda19bf6c119de0,ETH,exploit,revokecash,malicious spender/exploit,Arcadia Finance Hack,2025-07-15
0x03e46baad68fda5cc369ce144819452fc98d7a30,ETH,exploit,revokecash,malicious spender/exploit,Arcadia Finance Hack,2025-07-15
0xbb6f5d897a203530bdd9fe2db9e4260417e8965f,ETH,exploit,revokecash,malicious spender/exploit,Arcadia Finance Hack,2025-07-15
0x08b145d848072313bba6ff01feb5692c724d426d,ETH,exploit,revokecash,malicious spender/exploit,Arcadia Finance Hack,2025-07-15
0x26a8df9b6e42ae13816c41e1161560694420394e,ETH,exploit,revokecash,malicious spender/exploit,Arcadia Finance Hack,2025-07-15
0xf81d2ad919c9317675efde7182d598961f5400ea,ETH,exploit,revokecash,malicious spender/exploit,Arcadia Finance Hack,2025-07-15
0x2bd2803895b1f01ac2c6f7ed044bb72ab7574078,ETH,exploit,revokecash,malicious spender/exploit,Arcadia Finance Hack,2025-07-15
0xbb1ee296a43d5013819bfc6a68b939e330f53227,ETH,exploit,revokecash,malicious spender/exploit,Arcadia Finance Hack,2025-07-15
0x19d04cefc6fc617bf6eb77d87ca0c88b8e213886,ETH,exploit,revokecash,malicious spender/exploit,Arcadia Finance Hack,2025-07-15
0x9ba7a00d8b494ba003de02b54dcdd8643d76a5a1,ETH,exploit,revokecash,malicious spender/exploit,Arcadia Finance Hack,2025-07-15
0xb36352fe7a0e5d431fd4f2369c858ac3157e7146,ETH,exploit,revokecash,malicious spender/exploit,Arcadia Finance Hack,2025-07-15
0x0c46bc55b14f1e4dec4e4af829ddae0a66ee52d3,ETH,exploit,revokecash,malicious spender/exploit,Arcadia Finance Hack,2025-07-15
0xb80d59efc0f4840dba9e76cea73995fc6faac883,ETH,exploit,revokecash,malicious spender/exploit,Arcadia Finance Hack,2025-07-15
0xf8146be254a9daa2628728e78d3179dd05ce09e5,ETH,exploit,revokecash,malicious spender/exploit,Arcadia Finance Hack,2025-07-15
0x2b4e24aef482e7f166deab3e94cc52fd8a3dfee9,ETH,exploit,revokecash,malicious spender/exploit,Arcadia Finance Hack,2025-07-15
0x4db6f7ebd5fc505964c6d78b75c70163d2affeb6,ETH,exploit,revokecash,malicious spender/exploit,Arcadia Finance Hack,2025-07-15
0x0eb88a1588d8897417bd0b8ee413ad7878073c82,ETH,exploit,revokecash,malicious spender/exploit,Arcadia Finance Hack,2025-07-15
0x36f913521f8e31b9a661ae40cf0f29c0b32cbb8a,ETH,exploit,revokecash,malicious spender/exploit,Arcadia Finance Hack,2025-07-15
0x2f772042d6b1c74b74d1d0070b2145dee5f7dd1a,ETH,exploit,revokecash,malicious spender/exploit,Arcadia Finance Hack,2025-07-15
0x98a9cf8df10e6c6f1547aa15e1084bff59a30935,ETH,exploit,revokecash,malicious spender/exploit,Arcadia Finance Hack,2025-07-15
0x029c0fa830ba52b5f088819d70f39ead6a229135,ETH,exploit,revokecash,malicious spender/exploit,Arcadia Finance Hack,2025-07-15
0xefdef7132e2f6641ed455a389238046706bfea52,ETH,exploit,revokecash,malicious spender/exploit,Arcadia Finance Hack,2025-07-15
0xd2a9717a12df7410216ac73f4e81f845d0c409e5,ETH,exploit,revokecash,malicious spender/exploit,Arcadia Finance Hack,2025-07-15
0x8a948f7123cea3739c3646463b8d43eb1f4b8a1a,ETH,exploit,revokecash,malicious spender/exploit,Arcadia Finance Hack,2025-07-15
0x5383a279961282360b43400d3d7b42aee2046e84,ETH,exploit,revokecash,malicious spender/exploit,Arcadia Finance Hack,2025-07-15
0x4cbb2a4965622cb760e4b2d4aae1519b1ea247fb,ETH,exploit,revokecash,malicious spender/exploit,Arcadia Finance Hack,2025-07-15
0x35f39b7b8f1c195464432a575b4fc05d08c80fa4,ETH,exploit,revokecash,malicious spender/exploit,Arcadia Finance Hack,2025-07-15
0x904f1d142ba4ee513a4cd397c63aad2d7ed857f2,ETH,exploit,revokecash,malicious spender/exploit,Arcadia Finance Hack,2025-07-15
0xac4c15c84c24a2ff23fb56b1e1a343ff24370867,ETH,exploit,revokecash,malicious spender/exploit,Arcadia Finance Hack,2025-07-15
0xba18dec20f4df80dde72fec22483e04e9ae383fe,ETH,exploit,revokecash,malicious spender/exploit,Arcadia Finance Hack,2025-07-15
0xa2459018f21c0f11b7a88ec52a4dd8a473541aa4,ETH,exploit,revokecash,malicious spender/exploit,Arcadia Finance Hack,2025-07-15
0x49db4100f1613b3b6174a47a80c478b3051db917,ETH,exploit,revokecash,malicious spender/exploit,Arcadia Finance Hack,2025-07-15
0xb01db766ecaa9f5f929b2b76a3fa4ba505a43bff,ETH,exploit,revokecash,malicious spender/exploit,Arcadia Finance Hack,2025-07-15
0xa9526dfa3a4e831cb37800e35cba1e4f20c66d24,ETH,exploit,revokecash,malicious spender/exploit,Arcadia Finance Hack,2025-07-15
0x1b33a20e7efeed9f2c11d1acca034c52cd3a38b2,ETH,exploit,revokecash,malicious spender/exploit,Arcadia Finance Hack,2025-07-15
0xa49a0c3666af00512743e5f028d6e30f07a9f14a,ETH,exploit,revokecash,malicious spender/exploit,Arcadia Finance Hack,2025-07-15
0x7249e1f7658593262cb1de084ae1f939b448d5a6,ETH,exploit,revokecash,malicious spender/exploit,Arcadia Finance Hack,2025-07-15
0x4b3c54471e5e12715ad7649d32c2e034f316e494,ETH,exploit,revokecash,malicious spender/exploit,Arcadia Finance Hack,2025-07-15
0x71a59f2c9c393d259a41e0b3a179bf861d128604,ETH,exploit,revokecash,malicious spender/exploit,Arcadia Finance Hack,2025-07-15
0x3c5f7d2f60a56dd8367c9d66311c3079ac53947b,ETH,exploit,revokecash,malicious spender/exploit,Arcadia Finance Hack,2025-07-15
0xca156ac73c08c9cc03b535408145f0092c6bb7da,ETH,exploit,revokecash,malicious spender/exploit,Arcadia Finance Hack,2025-07-15
0x3fbe53a48572c83d367d1e6869ca6276bda5fa2f,ETH,exploit,revokecash,malicious spender/exploit,Arcadia Finance Hack,2025-07-15
0x179e92787e6f59d5e8614920eff5a62c9c3973a8,ETH,exploit,revokecash,malicious spender/exploit,Arcadia Finance Hack,2025-07-15
0xd5ae6901a9b8b3f4927091a87319d05567dadd2c,ETH,exploit,revokecash,malicious spender/exploit,Arcadia Finance Hack,2025-07-15
0x16099259ddef509000f1c44559fb120f89d44b28,ETH,exploit,revokecash,malicious spender/exploit,Arcadia Finance Hack,2025-07-15
0x65dca1bd64aa83ed4b99b7d13bbc3ed06acb4828,ETH,exploit,revokecash,malicious spender/exploit,Arcadia Finance Hack,2025-07-15
0x419a7b342093e4bd7c2607153d6c319b6bfa193e,ETH,exploit,revokecash,malicious spender/exploit,Arcadia Finance Hack,2025-07-15
0xe6a8c7aab5bf4fcc088d82a1b5943b2586aea93a,ETH,exploit,revokecash,malicious spender/exploit,Arcadia Finance Hack,2025-07-15
0xe95aedfbc72e50286d99d274cb399fd65a75fea9,ETH,exploit,revokecash,malicious spender/exploit,Arcadia Finance Hack,2025-07-15
0xe91560e1e6426103af1671bcbd421950900a393f,ETH,exploit,revokecash,malicious spender/exploit,Arcadia Finance Hack,2025-07-15
0xc4170eead8c2782978e69913bb481c6b7867a26e,ETH,exploit,revokecash,malicious spender/exploit,Arcadia Finance Hack,2025-07-15
0x173d4b2eae22a0414784a4cc3809232009dc1bed,ETH,exploit,revokecash,malicious spender/exploit,Arcadia Finance Hack,2025-07-15
0x4017fc9ebded695884c7d13bd87b773dc6ed7c17,ETH,exploit,revokecash,malicious spender/exploit,Arcadia Finance Hack,2025-07-15
0x5e154667f61ee8bff0b820a6259112ff818f03b6,ETH,exploit,revokecash,malicious spender/exploit,Arcadia Finance Hack,2025-07-15
0x1fb9097c6aa635f2e79fcb634ae680340248cc25,ETH,exploit,revokecash,malicious spender/exploit,Arcadia Finance Hack,2025-07-15
0x92c350e9375f3fe36cfcd94483e31bdee0bce25f,ETH,exploit,revokecash,malicious spender/exploit,Arcadia Finance Hack,2025-07-15
0xe4298f48553d418326f927eab3c92dc45e498ad6,ETH,exploit,revokecash,malicious spender/exploit,Arcadia Finance Hack,2025-07-15
0x1c2d18a383d48286f1dd74e6797b9aec2bb44382,ETH,exploit,revokecash,malicious spender/exploit,Arcadia Finance Hack,2025-07-15
0x23ec508a80f0bc3145f2fb5e55d80689d539e939,ETH,exploit,revokecash,malicious spender/exploit,Arcadia Finance Hack,2025-07-15
0x509a107b2b57582c8afca3e7dcd4ccd530967f80,ETH,exploit,revokecash,malicious spender/exploit,Arcadia Finance Hack,2025-07-15
0x67479eaac23c80d0fe3272796667b04041477be9,ETH,exploit,revokecash,malicious spender/exploit,Arcadia Finance Hack,2025-07-15
0xe8fa8778d232f64a28095c1504286fc6d87f5ed8,ETH,exploit,revokecash,malicious spender/exploit,Arcadia Finance Hack,2025-07-15
0x83dc7a0bb0c3116c605db5913b812749b21a2b17,ETH,exploit,revokecash,malicious spender/exploit,Arcadia Finance Hack,2025-07-15
0x817bf10eeb43c0d2670a445b67a16d7289b98d55,ETH,exploit,revokecash,malicious spender/exploit,Arcadia Finance Hack,2025-07-15
0xf11d8cb1520667cac2428941a15225be7f1f2ee7,ETH,exploit,revokecash,malicious spender/exploit,Arcadia Finance Hack,2025-07-15
0xacec1a8df51b23b517d51e71c112f65869a79948,ETH,exploit,revokecash,malicious spender/exploit,Arcadia Finance Hack,2025-07-15
0xef3f3b1d7eec9e9c885616666b7cd81afb2f9fe2,ETH,exploit,revokecash,malicious spender/exploit,Arcadia Finance Hack,2025-07-15
0x7378b97fab0d488dfd961b44a96071afd2f17072,ETH,exploit,revokecash,malicious spender/exploit,Arcadia Finance Hack,2025-07-15
0xa2cd06445e12ec491f7a906a4c92a6d1b31eda27,ETH,exploit,revokecash,malicious spender/exploit,Arcadia Finance Hack,2025-07-15
0xf3c30a072cf8678bb0172e1e98464075e393d605,ETH,exploit,revokecash,malicious spender/exploit,Arcadia Finance Hack,2025-07-15
0xb7a3f7e04a8f03f44ed4221b6f25fd9f1edfdb8b,ETH,exploit,revokecash,malicious spender/exploit,Arcadia Finance Hack,2025-07-15
0x62c65695e8038a5afdb88ae8cd5a968c72f0ccd4,ETH,exploit,revokecash,malicious spender/exploit,Arcadia Finance Hack,2025-07-15
0x5d141a4ea997b3dad2d13a7c1dd43ec9667de7ef,ETH,exploit,revokecash,malicious spender/exploit,Arcadia Finance Hack,2025-07-15
0x3728249198cc0342206bf18e1927338490da3239,ETH,exploit,revokecash,malicious spender/exploit,Arcadia Finance Hack,2025-07-15
0xb14a5fdcc1c3e6a87fb878a7344a99fa33827b0a,ETH,exploit,revokecash,malicious spender/exploit,Arcadia Finance Hack,2025-07-15
0x9f75ef9d3b0781565cdfdb32a2ee4d22bc0d8336,ETH,exploit,revokecash,malicious spender/exploit,Arcadia Finance Hack,2025-07-15
0x784d45e86e1e4d7cae8a210f45fbe1f8d0a95dd6,ETH,exploit,revokecash,malicious spender/exploit,Arcadia Finance Hack,2025-07-15
0xa47f942624d0921921ae7ed728bb65cb23e72ee2,ETH,exploit,revokecash,malicious spender/exploit,Arcadia Finance Hack,2025-07-15
0x64ab2f4698eebef9978df4936caa4042ad9ead70,ETH,exploit,revokecash,malicious spender/exploit,Arcadia Finance Hack,2025-07-15
0xcb40f399ce5b1f069aceb43e7aafaa1a1bd69e8e,ETH,exploit,revokecash,malicious spender/exploit,Arcadia Finance Hack,2025-07-15
0xefa0627833f17ac8f6b87e5713b748334c03c9dd,ETH,exploit,revokecash,malicious spender/exploit,Arcadia Finance Hack,2025-07-15
0x32af84060208a7f069e4dc49a0582ec8db3f26e2,ETH,exploit,revokecash,malicious spender/exploit,Arcadia Finance Hack,2025-07-15
0x13b80666c5311a89315709e9e34eb7976277bf3c,ETH,exploit,revokecash,malicious spender/exploit,Arcadia Finance Hack,2025-07-15
0x6c3c4df1c2d12a8b97dbdd314767b12b8503d40a,ETH,exploit,revokecash,malicious spender/exploit,Arcadia Finance Hack,2025-07-15
0xb5aa8368bbb07a61f18e85c9abaffda0707957d3,ETH,exploit,revokecash,malicious spender/exploit,Arcadia Finance Hack,2025-07-15
0x840ea19b60be46bd9f1ae44949e022e8c1d2bed0,ETH,exploit,revokecash,malicious spender/exploit,Arcadia Finance Hack,2025-07-15
0x46a5a7eb068650dee4c9daf3048e669be5a75759,ETH,exploit,revokecash,malicious spender/exploit,Arcadia Finance Hack,2025-07-15
0x29e2b999aa93f2c05364ff4ff2e64285a01594f8,ETH,exploit,revokecash,malicious spender/exploit,Arcadia Finance Hack,2025-07-15
0x32a753541851737520edd852e64f15fa8027300b,ETH,exploit,revokecash,malicious spender/exploit,Arcadia Finance Hack,2025-07-15
0xd67eb629ed21a3e81587f4601d603fd9ab60eb0e,ETH,exploit,revokecash,malicious spender/exploit,Arcadia Finance Hack,2025-07-15
0x854b6679465a2c846c9e421117f0b4841ff15b9b,ETH,exploit,revokecash,malicious spender/exploit,Arcadia Finance Hack,2025-07-15
0xe3cb4d80952343196790b0477a8397a0929e5e47,ETH,exploit,revokecash,malicious spender/exploit,Arcadia Finance Hack,2025-07-15
0x4dd8f1ded748664e4aac989b7c03f534781a1f11,ETH,exploit,revokecash,malicious spender/exploit,Arcadia Finance Hack,2025-07-15
0xfa4a594f7109e1842e432ed319ac15c2d1ad331c,ETH,exploit,revokecash,malicious spender/exploit,Arcadia Finance Hack,2025-07-15
0x501b40690eb98137d56f8ebeb3de7c5f131f9f4a,ETH,exploit,revokecash,malicious spender/exploit,Arcadia Finance Hack,2025-07-15
0xe9f7a88e52ced91c3c25e2b183854ba5509edc66,ETH,exploit,revokecash,malicious spender/exploit,Arcadia Finance Hack,2025-07-15
0xf840bad41622057341b5ba502242426b9eed03df,ETH,exploit,revokecash,malicious spender/exploit,Arcadia Finance Hack,2025-07-15
0xaf9967ec9b36fd15b32c6606ef657f3fdfc39dd0,ETH,exploit,revokecash,malicious spender/exploit,Arcadia Finance Hack,2025-07-15
0x49a7d305210b677c1139ab110e968308b5a7e805,ETH,exploit,revokecash,malicious spender/exploit,Arcadia Finance Hack,2025-07-15
0xc5c171294efd23c46fae54ec6ccca5cee950b731,ETH,exploit,revokecash,malicious spender/exploit,Arcadia Finance Hack,2025-07-15
0xad1b881cf3f2e4cdb70615ed8a3f6a1c11efbdc4,ETH,exploit,revokecash,malicious spender/exploit,Arcadia Finance Hack,2025-07-15
0x73bf9a83161097364a6a724bc1da23ff36441f3e,ETH,exploit,revokecash,malicious spender/exploit,Arcadia Finance Hack,2025-07-15
0xe0be4a4867c7536f165d7818e926fa2c7f40c5d2,ETH,exploit,revokecash,malicious spender/exploit,Arcadia Finance Hack,2025-07-15
0xccaa4995cf5ec97fde073c54caef0ed6361a4b7d,ETH,exploit,revokecash,malicious spender/exploit,Arcadia Finance Hack,2025-07-15
0xa10f8eb9acb38e3866b04c4ea4d5ec4d994b309a,ETH,exploit,revokecash,malicious spender/exploit,Arcadia Finance Hack,2025-07-15
0x82d51c695f8cbe44406cc88abe18eef6f673c426,ETH,exploit,revokecash,malicious spender/exploit,Arcadia Finance Hack,2025-07-15
0xe75bb0f4555c2d60f6043302d7015b7899eb695c,ETH,exploit,revokecash,malicious spender/exploit,Arcadia Finance Hack,2025-07-15
0xef92ada7dc39fef8a8b0d515b8659379c2cb0a71,ETH,exploit,revokecash,malicious spender/exploit,Arcadia Finance Hack,2025-07-15
0xa181e2ec9bdd3d6104f2f38176fffd7849459c90,ETH,exploit,revokecash,malicious spender/exploit,Arcadia Finance Hack,2025-07-15
0x9ef1c8447cb0e2acbbcf6ecb5996e3969d714183,ETH,exploit,revokecash,malicious spender/exploit,Arcadia Finance Hack,2025-07-15
0xade47fd5d240ca70f732cc7372a688ca29cc02f6,ETH,exploit,revokecash,malicious spender/exploit,Arcadia Finance Hack,2025-07-15
0xe00212802a7c42e59931b26ca71ded63f6648db8,ETH,exploit,revokecash,malicious spender/exploit,Arcadia Finance Hack,2025-07-15
0xe2bf57c70161aab182a87b8319beb4bb3cb7fd84,ETH,exploit,revokecash,malicious spender/exploit,Arcadia Finance Hack,2025-07-15
0x3aef54312fc49303380f99620e8ce073e7a90529,ETH,exploit,revokecash,malicious spender/exploit,Arcadia Finance Hack,2025-07-15
0xf1dd4eba84506a643c443b56ece6b081684fbd0d,ETH,exploit,revokecash,malicious spender/exploit,Arcadia Finance Hack,2025-07-15
0x5a3415dbee25ddedfd53e448ae2bb675bcfee09c,ETH,exploit,revokecash,malicious spender/exploit,Arcadia Finance Hack,2025-07-15
0x327769f97444c98c72eab046dc31c1392c188e8d,ETH,exploit,revokecash,malicious spender/exploit,Arcadia Finance Hack,2025-07-15
0x88d8faa3c15bddf809103b4e1f110dbc5ec8052f,ETH,exploit,revokecash,malicious spender/exploit,Arcadia Finance Hack,2025-07-15
0x59011faf0d50d1e40c5ac201705a26afcdb7413a,ETH,exploit,revokecash,malicious spender/exploit,Arcadia Finance Hack,2025-07-15
0xa56c97d252c6fa8429647718dee750e0ad32da13,ETH,exploit,revokecash,malicious spender/exploit,Arcadia Finance Hack,2025-07-15
0xcd4e5e66610b530a5afe0c582721d381227a2e32,ETH,exploit,revokecash,malicious spender/exploit,Arcadia Finance Hack,2025-07-15
0x58f09fc0eb7b2322b6da2a26f772214dde290439,ETH,exploit,revokecash,malicious spender/exploit,Arcadia Finance Hack,2025-07-15
0x361dac26997dc81385f1f383bc0819b1d9fd8072,ETH,exploit,revokecash,malicious spender/exploit,Arcadia Finance Hack,2025-07-15
0x3191eefc0f783f77a40413621846f8b4ea173c44,ETH,exploit,revokecash,malicious spender/exploit,Arcadia Finance Hack,2025-07-15
0xe7fb63b381604dbcdd827becaff24c922b449d82,ETH,exploit,revokecash,malicious spender/exploit,Arcadia Finance Hack,2025-07-15
0x574e216da53e0859bc84fdfc2d6e6f396d5345db,ETH,exploit,revokecash,malicious spender/exploit,Arcadia Finance Hack,2025-07-15
0xbb4d7f06db4f849b2ec04513df390c3f3d8d9737,ETH,exploit,revokecash,malicious spender/exploit,Arcadia Finance Hack,2025-07-15
0x8d67d3c745574b0ef700b0a0edca2285c74836aa,ETH,exploit,revokecash,malicious spender/exploit,Arcadia Finance Hack,2025-07-15
0xef1f240f607b83f78c86692d29e616251b9a6b42,ETH,exploit,revokecash,malicious spender/exploit,Arcadia Finance Hack,2025-07-15
0xe5adbd16d7d03960cc7e15e6d424d21b4e6dc187,ETH,exploit,revokecash,malicious spender/exploit,Arcadia Finance Hack,2025-07-15
0x51b54a6e7c21e843fa6045da7ea10f46c1ac7b3c,ETH,exploit,revokecash,malicious spender/exploit,Arcadia Finance Hack,2025-07-15
0x03493d757f0b3034a9f66f64f6a1097038ecd1b1,ETH,exploit,revokecash,malicious spender/exploit,Arcadia Finance Hack,2025-07-15
0x5f4b2a2d0a534ede5151ad4b6e5c89716a9dab86,ETH,exploit,revokecash,malicious spender/exploit,Arcadia Finance Hack,2025-07-15
0x3677a8d402bae44acf3f6787194cef0cfe892be0,ETH,exploit,revokecash,malicious spender/exploit,Arcadia Finance Hack,2025-07-15
0xeea5e76f3560bfd5a959b3dd3a2bf2a0d826a3df,ETH,exploit,revokecash,malicious spender/exploit,Arcadia Finance Hack,2025-07-15
0xa2e243abb95ed00468842cbe21b518cae1643823,ETH,exploit,revokecash,malicious spender/exploit,Arcadia Finance Hack,2025-07-15
0xeb025162c5f3f0e8cd6093f3d5beab968d19e43a,ETH,exploit,revokecash,malicious spender/exploit,Arcadia Finance Hack,2025-07-15
0xcf1f4d465a3773a45b3467eeb03ba23427ba8170,ETH,exploit,revokecash,malicious spender/exploit,Arcadia Finance Hack,2025-07-15
0x76721554b82d33ef8b84a0b520e55530763a88ca,ETH,exploit,revokecash,malicious spender/exploit,Arcadia Finance Hack,2025-07-15
0xe7b87d07f2945dc1871324bbde93296f5883ed39,ETH,exploit,revokecash,malicious spender/exploit,Arcadia Finance Hack,2025-07-15
0x62804682ce45d045c945c24f00531564f1df11e0,ETH,exploit,revokecash,malicious spender/exploit,Arcadia Finance Hack,2025-07-15
0x011935bc71ff8ce5cbfc2ef34bbae4cd692bef13,ETH,exploit,revokecash,malicious spender/exploit,Arcadia Finance Hack,2025-07-15
0xcc4e8112bb79f7c20bcd3c73c3cd88156a98b9ec,ETH,exploit,revokecash,malicious spender/exploit,Arcadia Finance Hack,2025-07-15
0x9865719388758d43453863fa2e952b8bbcca3488,ETH,exploit,revokecash,malicious spender/exploit,Arcadia Finance Hack,2025-07-15
0x4512308f85eece8e707987a13fa12ff7a6cdb0d1,ETH,exploit,revokecash,malicious spender/exploit,Arcadia Finance Hack,2025-07-15
0x6af92a149862eaf58a723f89d12ac11427ffd10f,ETH,exploit,revokecash,malicious spender/exploit,Arcadia Finance Hack,2025-07-15
0x156f9095ed9dd610a14593b703505d40c8ff8748,ETH,exploit,revokecash,malicious spender/exploit,Arcadia Finance Hack,2025-07-15
0x15fdf4c61ff1a1684e24c5ed0e82793c54701b54,ETH,exploit,revokecash,malicious spender/exploit,Arcadia Finance Hack,2025-07-15
0x4f61359958e2894e0554684641a0d9546dce1ace,ETH,exploit,revokecash,malicious spender/exploit,Arcadia Finance Hack,2025-07-15
0x06552fe879c6a93b3c4d5db4c42800960d09d4c2,ETH,exploit,revokecash,malicious spender/exploit,Arcadia Finance Hack,2025-07-15
0xf0b26c2a26fce94a4aaeaac0b5b6016e02f097ff,ETH,exploit,revokecash,malicious spender/exploit,Arcadia Finance Hack,2025-07-15
0xf9ae11c1a2c3c3331d9d9c9d1e142d94b6b45bc4,ETH,exploit,revokecash,malicious spender/exploit,Arcadia Finance Hack,2025-07-15
0x8abcec47a1364ee4ca99af6a853fb343b86a4fc5,ETH,exploit,revokecash,malicious spender/exploit,Arcadia Finance Hack,2025-07-15
0xfe8e8683c4d3e4393036b38359a84f649f6de136,ETH,exploit,revokecash,malicious spender/exploit,Arcadia Finance Hack,2025-07-15
0x62bcaffbe2f5f77c0e0d199dde1216c652c1fb9e,ETH,exploit,revokecash,malicious spender/exploit,Arcadia Finance Hack,2025-07-15
0x26329410380177348aa230cec1fb681b0e9686f6,ETH,exploit,revokecash,malicious spender/exploit,Arcadia Finance Hack,2025-07-15
0xe4edcadbf4dec504a7bb35748d504ebdcf02d500,ETH,exploit,revokecash,malicious spender/exploit,Arcadia Finance Hack,2025-07-15
0x5e625569cf4974db9630556ed5b0450c83d6e8b9,ETH,exploit,revokecash,malicious spender/exploit,Arcadia Finance Hack,2025-07-15
0xc47e6897ea2ab582788d6fa10d9ed6d4383c8eff,ETH,exploit,revokecash,malicious spender/exploit,Arcadia Finance Hack,2025-07-15
0xf2bb20d64ae97c8533c83a76244efb5c98874951,ETH,exploit,revokecash,malicious spender/exploit,Arcadia Finance Hack,2025-07-15
0xba2160a0e3be5ec90923b00cafd5909da6b05226,ETH,exploit,revokecash,malicious spender/exploit,Arcadia Finance Hack,2025-07-15
0x1964baba4eb820efde50073d29b16c5429b99503,ETH,exploit,revokecash,malicious spender/exploit,Arcadia Finance Hack,2025-07-15
0x4ee2945fb8d2b87151db38a01882ec3e4cf9c101,ETH,exploit,revokecash,malicious spender/exploit,Arcadia Finance Hack,2025-07-15
0x864918bb16ebbdcd0cde4b0cbb602905539655ba,ETH,exploit,revokecash,malicious spender/exploit,Arcadia Finance Hack,2025-07-15
0xe0ef75dfc79118e99569e1d7ba42f1886fd9fb13,ETH,exploit,revokecash,malicious spender/exploit,Arcadia Finance Hack,2025-07-15
0xd254fffcccbe49df28157c424388872c52400393,ETH,exploit,revokecash,malicious spender/exploit,Arcadia Finance Hack,2025-07-15
0x73f2af3fff36ce5a77462c044f7ec34a59842ad6,ETH,exploit,revokecash,malicious spender/exploit,Arcadia Finance Hack,2025-07-15
0x3a8df676737301f86981efa0f09c2ce15c502616,ETH,exploit,revokecash,malicious spender/exploit,Arcadia Finance Hack,2025-07-15
0x6c404a84ea6b942527b00cb900b0ebda3b1b1dcc,ETH,exploit,revokecash,malicious spender/exploit,Arcadia Finance Hack,2025-07-15
0xb9afdcbbc7acde3c48f46f48766af2d681813318,ETH,exploit,revokecash,malicious spender/exploit,Arcadia Finance Hack,2025-07-15
0x40109870409031ba3b6a82789e7fcd8c0afd4f2d,ETH,exploit,revokecash,malicious spender/exploit,Arcadia Finance Hack,2025-07-15
0xe3913f9abdc7ec0588feb2deacad6cb5d0ad16e0,ETH,exploit,revokecash,malicious spender/exploit,Arcadia Finance Hack,2025-07-15
0xce4342a6dba1bb6ef53914dd5f4530f18a8fe146,ETH,exploit,revokecash,malicious spender/exploit,Arcadia Finance Hack,2025-07-15
0x9adb4089220b980c6e9ab853d6079a0db5ec3516,ETH,exploit,revokecash,malicious spender/exploit,Arcadia Finance Hack,2025-07-15
0xb1f59d8132db020ba577b738fb63aae32f5e795f,ETH,exploit,revokecash,malicious spender/exploit,Arcadia Finance Hack,2025-07-15
0xeaad92412359527cb39e33f64772eb1eba950e39,ETH,exploit,revokecash,malicious spender/exploit,Arcadia Finance Hack,2025-07-15
0x2bd0a6dc1c1e64f4bb8b0c042dc24a0dd413f379,ETH,exploit,revokecash,malicious spender/exploit,Arcadia Finance Hack,2025-07-15
0x8a9bed6b989f2cb6408680123275e5a8871072b3,ETH,exploit,revokecash,malicious spender/exploit,Arcadia Finance Hack,2025-07-15
0xe484351f54493ee4519d1e092928865b0e71b5d3,ETH,exploit,revokecash,malicious spender/exploit,Arcadia Finance Hack,2025-07-15
0x8fd2d5f944ba657cefe2ded95bc4aafd18190bf6,ETH,exploit,revokecash,malicious spender/exploit,Arcadia Finance Hack,2025-07-15
0x48cc37241476c6561a2876f95f4f7d99c7fd6c74,ETH,exploit,revokecash,malicious spender/exploit,Arcadia Finance Hack,2025-07-15
0xa26027fb3150d475cfd20987f7c651ca091783b0,ETH,exploit,revokecash,malicious spender/exploit,Arcadia Finance Hack,2025-07-15
0x5b2d9bfc6fa6fb705ff8a9f8a55bef823b329134,ETH,exploit,revokecash,malicious spender/exploit,Arcadia Finance Hack,2025-07-15
0x62699e313fb410aef951bcbccf3e52557810b76e,ETH,exploit,revokecash,malicious spender/exploit,Arcadia Finance Hack,2025-07-15
0x734525c9cbe21cb7904ac1a7df8c2c85ced1ca66,ETH,exploit,revokecash,malicious spender/exploit,Arcadia Finance Hack,2025-07-15
0x3b93d093dc0f2833d69ed626333a0b97ee59a110,ETH,exploit,revokecash,malicious spender/exploit,Arcadia Finance Hack,2025-07-15
0x131338f82ae942c0b6ca45e94c0b744d6174c955,ETH,exploit,revokecash,malicious spender/exploit,Arcadia Finance Hack,2025-07-15
0xffb7230d81a0a151efe77b4a3c2047a8ed73ad01,ETH,exploit,revokecash,malicious spender/exploit,Arcadia Finance Hack,2025-07-15
0x0b9785275b847b6403e624fa5cf4055e317e7631,ETH,exploit,revokecash,malicious spender/exploit,Arcadia Finance Hack,2025-07-15
0xf53dc2fbb76cdc1fce5a0c9f6ec9f59897d8fe3b,ETH,exploit,revokecash,malicious spender/exploit,Arcadia Finance Hack,2025-07-15
0xfcbe4b0ff0cbce2eec04cc7a47cbbfa32e16eaaa,ETH,exploit,revokecash,malicious spender/exploit,Arcadia Finance Hack,2025-07-15
0x31ecb59df5ab03e0093d589505254c33009c04d9,ETH,exploit,revokecash,malicious spender/exploit,Arcadia Finance Hack,2025-07-15
0x724f1b418be2e550f956fd34e1a73870dd909d51,ETH,exploit,revokecash,malicious spender/exploit,Arcadia Finance Hack,2025-07-15
0xba1ea63826139a5ebd226e20f0145b29ac38ae2b,ETH,exploit,revokecash,malicious spender/exploit,Arcadia Finance Hack,2025-07-15
0x1cee3f3fa8c3c20d68160a8d74802e54df5f4490,ETH,exploit,revokecash,malicious spender/exploit,Arcadia Finance Hack,2025-07-15
0xf7d6252dc10189c4a12e9f9307c8287b215913e8,ETH,exploit,revokecash,malicious spender/exploit,Arcadia Finance Hack,2025-07-15
0x42bf4cbe2c98872c5f1694980eabe210942d84c3,ETH,exploit,revokecash,malicious spender/exploit,Arcadia Finance Hack,2025-07-15
0x1cecf934aa4c261f3f22a40c5dcde213ea8969c8,ETH,exploit,revokecash,malicious spender/exploit,Arcadia Finance Hack,2025-07-15
0xc02ca0846d93479d86b75d89dad53cee527d5e19,ETH,exploit,revokecash,malicious spender/exploit,Arcadia Finance Hack,2025-07-15
0x8b42a652e16d1ff7a29413d52b66c7806f6b19da,ETH,exploit,revokecash,malicious spender/exploit,Arcadia Finance Hack,2025-07-15
0xeee69ab68975533b70570a55b1a5b7bfb79bf2ed,ETH,exploit,revokecash,malicious spender/exploit,Arcadia Finance Hack,2025-07-15
0xd4ec7f525f961aad32f2c44955f9c75f2f1a2754,ETH,exploit,revokecash,malicious spender/exploit,Arcadia Finance Hack,2025-07-15
0xeafae7293709039a98825498a48c33872a857636,ETH,exploit,revokecash,malicious spender/exploit,Arcadia Finance Hack,2025-07-15
0x7d0667f22787771916033149d7a551b3855f5bb2,ETH,exploit,revokecash,malicious spender/exploit,Arcadia Finance Hack,2025-07-15
0x8e959470933e4c4b5fe6a03d382a2e25e22788ba,ETH,exploit,revokecash,malicious spender/exploit,Arcadia Finance Hack,2025-07-15
0xa2b1d5d047594f323d27e5ea7537c43a75155716,ETH,exploit,revokecash,malicious spender/exploit,Arcadia Finance Hack,2025-07-15
0x7b074d2dd5ddc67d0d694f3b38a33e06726fc581,ETH,exploit,revokecash,malicious spender/exploit,Arcadia Finance Hack,2025-07-15
0x3b07e9123efaead6031961a57601330e89bd822a,ETH,exploit,revokecash,malicious spender/exploit,Arcadia Finance Hack,2025-07-15
0xee3f2f1bcbb543441970ce59d8960ad1c76c76e4,ETH,exploit,revokecash,malicious spender/exploit,Arcadia Finance Hack,2025-07-15
0x139eae7a336666dfa78cf38c8a61ecd3f9343fe7,ETH,exploit,revokecash,malicious spender/exploit,Arcadia Finance Hack,2025-07-15
0xe949c835c5da29d13b709cf1463768cdba700782,ETH,exploit,revokecash,malicious spender/exploit,Arcadia Finance Hack,2025-07-15
0x7b7d8febf78613e5b57f6997c5286e385fc4e908,ETH,exploit,revokecash,malicious spender/exploit,Arcadia Finance Hack,2025-07-15
0xfed885bb048346cb224b3702c8b17be045b58483,ETH,exploit,revokecash,malicious spender/exploit,Arcadia Finance Hack,2025-07-15
0xfb5a3e226babad79d4676c0e230bcb604d49408b,ETH,exploit,revokecash,malicious spender/exploit,Arcadia Finance Hack,2025-07-15
0x88cef3c57f39ede7c06afa44ebfed97365d5ad9b,ETH,exploit,revokecash,malicious spender/exploit,Arcadia Finance Hack,2025-07-15
0x824c858a7dbf90fae0931bc5055568d462842782,ETH,exploit,revokecash,malicious spender/exploit,Arcadia Finance Hack,2025-07-15
0x3e055a39e270c59bfd5a5a7ecf59c2ed07f6b922,ETH,exploit,revokecash,malicious spender/exploit,Arcadia Finance Hack,2025-07-15
0x466ac8ea4d06689b842ea9667225083e376f4ba0,ETH,exploit,revokecash,malicious spender/exploit,Arcadia Finance Hack,2025-07-15
0xc7ac49606c73f42d9beb18d19e32077b907056cf,ETH,exploit,revokecash,malicious spender/exploit,Arcadia Finance Hack,2025-07-15
0xa711c6e6c126ea4dd463afdd3bcebb107cf3448c,ETH,exploit,revokecash,malicious spender/exploit,Arcadia Finance Hack,2025-07-15
0xcd9b732dfa5cbb9516c4dc53f671bea169a90d8c,ETH,exploit,revokecash,malicious spender/exploit,Arcadia Finance Hack,2025-07-15
0xb79624df6b63dd3742d265f3c46e3b902f42abb2,ETH,exploit,revokecash,malicious spender/exploit,Arcadia Finance Hack,2025-07-15
0x58bfaf87093e71fac44b84b8a86c7b31b9609f69,ETH,exploit,revokecash,malicious spender/exploit,Arcadia Finance Hack,2025-07-15
0x1e4fcdfcda860edb3644d9ccad9c1612c0fd8dbd,ETH,exploit,revokecash,malicious spender/exploit,Arcadia Finance Hack,2025-07-15
0xa212dcad94451f7f1209d4e381564f24895ce6d1,ETH,exploit,revokecash,malicious spender/exploit,Arcadia Finance Hack,2025-07-15
0x00c5b6cc3f3de7545776b73abac132b97902d7f1,ETH,exploit,revokecash,malicious spender/exploit,Arcadia Finance Hack,2025-07-15
0xdbfde6da0c56ebe6fba80f89898e00a3b39f6f27,ETH,exploit,revokecash,malicious spender/exploit,Arcadia Finance Hack,2025-07-15
0x056eee02de26e29c7dd79eee0d94097da73cf5f7,ETH,exploit,revokecash,malicious spender/exploit,Arcadia Finance Hack,2025-07-15
0xc2f5bef1f81a5292bcade386d2ede090f01f57e3,ETH,exploit,revokecash,malicious spender/exploit,Arcadia Finance Hack,2025-07-15
0x2def18caaf23c788c8a253c774a00dfd3c4b5ee8,ETH,exploit,revokecash,malicious spender/exploit,Arcadia Finance Hack,2025-07-15
0x0ac444f7951159f720afbac718fa029a3838c14d,ETH,exploit,revokecash,malicious spender/exploit,Arcadia Finance Hack,2025-07-15
0x46bd99964cd961e630779d9e855ecec6e4fad002,ETH,exploit,revokecash,malicious spender/exploit,Arcadia Finance Hack,2025-07-15
0xf0236ecf3642cede44811b741cad6227a31182e4,ETH,exploit,revokecash,malicious spender/exploit,Arcadia Finance Hack,2025-07-15
0xb16121159c7fbd686684f830b5c0214405f3f16f,ETH,exploit,revokecash,malicious spender/exploit,Arcadia Finance Hack,2025-07-15
0xdd7f1269ceeb06eb8e7d68b53f1b8e868ad0d2f5,ETH,exploit,revokecash,malicious spender/exploit,Arcadia Finance Hack,2025-07-15
0xa2aec78b053231f35a498f74a52d0cf503fc47db,ETH,exploit,revokecash,malicious spender/exploit,Arcadia Finance Hack,2025-07-15
0x3e63e3f611ce2ed2ee1ba9c91ddbc34ac9817040,ETH,exploit,revokecash,malicious spender/exploit,Arcadia Finance Hack,2025-07-15
0x38dc98a5063eb5a4c5380e6aec18f5143335a301,ETH,exploit,revokecash,malicious spender/exploit,Arcadia Finance Hack,2025-07-15
0x1558a1b7dc5e3ecdbf1ec0ed220889826a35a1fd,ETH,exploit,revokecash,malicious spender/exploit,Arcadia Finance Hack,2025-07-15
0x4c6d86b49e6c984c5455735a65d9136bdece7e85,ETH,exploit,revokecash,malicious spender/exploit,Arcadia Finance Hack,2025-07-15
0x60a768964facf49dfa1737047c3842dcf57ce52c,ETH,exploit,revokecash,malicious spender/exploit,Arcadia Finance Hack,2025-07-15
0xacc01aa56d9f8fe52dc002788a8e0b2c784c5800,ETH,exploit,revokecash,malicious spender/exploit,Arcadia Finance Hack,2025-07-15
0x53df5ea9a21d1689a804efd842b1c6e11e5322b2,ETH,exploit,revokecash,malicious spender/exploit,Arcadia Finance Hack,2025-07-15
0x25b348eaf5db0be63a6121cf6fbb37c3ce74f878,ETH,exploit,revokecash,malicious spender/exploit,Arcadia Finance Hack,2025-07-15
0xef87b187ffe9e71655cc079589c37485b7827622,ETH,exploit,revokecash,malicious spender/exploit,Arcadia Finance Hack,2025-07-15
0x4e678ed6bd4e510b690167e4c42e55708fee5845,ETH,exploit,revokecash,malicious spender/exploit,Arcadia Finance Hack,2025-07-15
0x60f621fd86ae94196eaf423e9573f16b7464c4d1,ETH,exploit,revokecash,malicious spender/exploit,Arcadia Finance Hack,2025-07-15
0xb6d5cf1df94c881013a5fd513d01f70c685d65bf,ETH,exploit,revokecash,malicious spender/exploit,Arcadia Finance Hack,2025-07-15
0xd24257bc40f23092576b39eb97ec97466c9a2e3b,ETH,exploit,revokecash,malicious spender/exploit,Arcadia Finance Hack,2025-07-15
0xf3e742e1e3045b8b3656bd1f770b05b7a3b0ea74,ETH,exploit,revokecash,malicious spender/exploit,Arcadia Finance Hack,2025-07-15
0xbab3bf5ee6d83b679f5319e8c910349fe00ccc64,ETH,exploit,revokecash,malicious spender/exploit,Arcadia Finance Hack,2025-07-15
0x4badad0da626ce458b831d02efd005e05d8f2452,ETH,exploit,revokecash,malicious spender/exploit,Arcadia Finance Hack,2025-07-15
0x993be03e63e5d18ee3c3b0ee99a99e44fa5c4d81,ETH,exploit,revokecash,malicious spender/exploit,Arcadia Finance Hack,2025-07-15
0xb7ac179f8a016151c2bfc1c7958980bed29e6eab,ETH,exploit,revokecash,malicious spender/exploit,Arcadia Finance Hack,2025-07-15
0x41e65af6359e8cd6a0272a40a0e387f0abe4f939,ETH,exploit,revokecash,malicious spender/exploit,Arcadia Finance Hack,2025-07-15
0x5c543489af4f715919f6f4613320ab4d53c61d8d,ETH,exploit,revokecash,malicious spender/exploit,Arcadia Finance Hack,2025-07-15
0x638a562ab45c988535c237a869f147c2c82f1caf,ETH,exploit,revokecash,malicious spender/exploit,Arcadia Finance Hack,2025-07-15
0xe4ef3a248f53ea0fe803c75aa9d60f11e65145b2,ETH,exploit,revokecash,malicious spender/exploit,Arcadia Finance Hack,2025-07-15
0x7f2d9dee89b3c3dda3703a0840716c89cc87cc34,ETH,exploit,revokecash,malicious spender/exploit,Arcadia Finance Hack,2025-07-15
0x0eff5a157f5dce8a682e82450d47b8425c4abde2,ETH,exploit,revokecash,malicious spender/exploit,Arcadia Finance Hack,2025-07-15
0x522338499479cedfeb699774381d1693f7838fd4,ETH,exploit,revokecash,malicious spender/exploit,Arcadia Finance Hack,2025-07-15
0x8f96c73c12a927808a32832f562e73b38e10d370,ETH,exploit,revokecash,malicious spender/exploit,Arcadia Finance Hack,2025-07-15
0x9dd3fede688b22ecde0d83d5306f5a6e2bd6fecd,ETH,exploit,revokecash,malicious spender/exploit,Arcadia Finance Hack,2025-07-15
0xe0e7988e6a4af9682e6e451afc67d92d4dff8a66,ETH,exploit,revokecash,malicious spender/exploit,Arcadia Finance Hack,2025-07-15
0x8136595545be082d4ab1353e4c4dd1570d0015a6,ETH,exploit,revokecash,malicious spender/exploit,Arcadia Finance Hack,2025-07-15
0x125c81db8fa70792e9308ce53b0715c6d3e1c217,ETH,exploit,revokecash,malicious spender/exploit,Arcadia Finance Hack,2025-07-15
0x7b5249dc0ce46c8230e7d8a24bdb98f353c6d91a,ETH,exploit,revokecash,malicious spender/exploit,Arcadia Finance Hack,2025-07-15
0x4f7beac6fb64b898c37bd396c551e47747cec468,ETH,exploit,revokecash,malicious spender/exploit,Arcadia Finance Hack,2025-07-15
0xfa45401e8e73a0a5944da7446ebf0baf763c8a07,ETH,exploit,revokecash,malicious spender/exploit,Arcadia Finance Hack,2025-07-15
0x314771788658b8a5d69c897f013664c584a977ad,ETH,exploit,revokecash,malicious spender/exploit,Arcadia Finance Hack,2025-07-15
0x8bc73469a91779f26ca63870f389585f776b9bc6,ETH,exploit,revokecash,malicious spender/exploit,Arcadia Finance Hack,2025-07-15
0x8bd62583ae575a4d8cdd9578525c4e17e3d4b6fd,ETH,exploit,revokecash,malicious spender/exploit,Arcadia Finance Hack,2025-07-15
0x8790a5e22fb5d99d11cb01e998b1f5960a3f1129,ETH,exploit,revokecash,malicious spender/exploit,Arcadia Finance Hack,2025-07-15
0x13f1eac60f195c44f5effe8313e35c0b57c08248,ETH,exploit,revokecash,malicious spender/exploit,Arcadia Finance Hack,2025-07-15
0x2c253df4ae7078a59704123e3b5bb8461a425de4,ETH,exploit,revokecash,malicious spender/exploit,Arcadia Finance Hack,2025-07-15
0x056e61bf3e99d5b1730781b60386640f5b8d8579,ETH,exploit,revokecash,malicious spender/exploit,Arcadia Finance Hack,2025-07-15
0x6f214d8eb939527d5589f6e3fb135b2b3816ec1d,ETH,exploit,revokecash,malicious spender/exploit,Arcadia Finance Hack,2025-07-15
0xc42b9f63510c2f310ee93ce35920e1d36f3b355f,ETH,exploit,revokecash,malicious spender/exploit,Arcadia Finance Hack,2025-07-15
0x65f43d4694d7a56253e0c7f71e846c2da109e06f,ETH,exploit,revokecash,malicious spender/exploit,Arcadia Finance Hack,2025-07-15
0x909d14da49fdb66c7c26c21f8cdff7d0c72464db,ETH,exploit,revokecash,malicious spender/exploit,Arcadia Finance Hack,2025-07-15
0x5943b37b74b1aea90acadf25cc4d0dd3b90af54a,ETH,exploit,revokecash,malicious spender/exploit,Arcadia Finance Hack,2025-07-15
0xb21e8212baaf38bee1b8586a7d4d1aab610ce6b5,ETH,exploit,revokecash,malicious spender/exploit,Arcadia Finance Hack,2025-07-15
0xaa49b8133b87837614e437ce0eab0dbbdc5eb570,ETH,exploit,revokecash,malicious spender/exploit,Arcadia Finance Hack,2025-07-15
0x4e2c53fd455675fd261a1a645b3f8f7891c78fb3,ETH,exploit,revokecash,malicious spender/exploit,Arcadia Finance Hack,2025-07-15
0xf8c0e399a9e5181e66feded2dae59295246157b4,ETH,exploit,revokecash,malicious spender/exploit,Arcadia Finance Hack,2025-07-15
0x259d6d993bf7e55dbb3467582346ca375e7bf3c5,ETH,exploit,revokecash,malicious spender/exploit,Arcadia Finance Hack,2025-07-15
0x8217ec7f37e14ad4e44c3c149b812c7ed256fd36,ETH,exploit,revokecash,malicious spender/exploit,Arcadia Finance Hack,2025-07-15
0xe716db7ebbccdd1d7af70154e8f6219c909b156d,ETH,exploit,revokecash,malicious spender/exploit,Arcadia Finance Hack,2025-07-15
0xdaa970e8ad238ecadda83fe5889e7ace52fad991,ETH,exploit,revokecash,malicious spender/exploit,Arcadia Finance Hack,2025-07-15
0xf10803f893a631cc9648eb2e47d653ac03e22604,ETH,exploit,revokecash,malicious spender/exploit,Arcadia Finance Hack,2025-07-15
0x2abe6ce7dbad7f9f7b783c6e95f7343fd0e940ae,ETH,exploit,revokecash,malicious spender/exploit,Arcadia Finance Hack,2025-07-15
0x38c20b15cb71b6cb937a1f402f12de3518f2bc21,ETH,exploit,revokecash,malicious spender/exploit,Arcadia Finance Hack,2025-07-15
0xe581c575f095e4ae771e2a19a460b29e9b814ef6,ETH,exploit,revokecash,malicious spender/exploit,Arcadia Finance Hack,2025-07-15
0x86d912736afd22c80977077aa589ba33686d3025,ETH,exploit,revokecash,malicious spender/exploit,Arcadia Finance Hack,2025-07-15
0x588541460174ca80c0cb9acd3048fba9510b466f,ETH,exploit,revokecash,malicious spender/exploit,Arcadia Finance Hack,2025-07-15
0x91fea5c080a34c225c2289d90012a98cb4dbf065,ETH,exploit,revokecash,malicious spender/exploit,Arcadia Finance Hack,2025-07-15
0xfed97013c51009d1741e8fd4cfcaef6e214b3904,ETH,exploit,revokecash,malicious spender/exploit,Arcadia Finance Hack,2025-07-15
0x173e8052c12b56603a584ed8f0ce7f07a3fb92fd,ETH,exploit,revokecash,malicious spender/exploit,Arcadia Finance Hack,2025-07-15
0x99d59ba87ddeb94f9c5f387019963dd456450323,ETH,exploit,revokecash,malicious spender/exploit,Arcadia Finance Hack,2025-07-15
0x414ba3af4022bf501a874ec115bc0658a13f287b,ETH,exploit,revokecash,malicious spender/exploit,Arcadia Finance Hack,2025-07-15
0x333f934e35c76baae96685f74a0e7c83377058a1,ETH,exploit,revokecash,malicious spender/exploit,Arcadia Finance Hack,2025-07-15
0xf601b9e1ce83bb2444acbf4d22ca03c69b3ca101,ETH,exploit,revokecash,malicious spender/exploit,Arcadia Finance Hack,2025-07-15
0xd3518c468e782fccc38a844838afdd05ed20f3b6,ETH,exploit,revokecash,malicious spender/exploit,Arcadia Finance Hack,2025-07-15
0xb2c870f310dacb9224d5944f8a09fa5da160d0a9,ETH,exploit,revokecash,malicious spender/exploit,Arcadia Finance Hack,2025-07-15
0xe350a5c24fc3f543afaba2129d3e34d09e50c7d8,ETH,exploit,revokecash,malicious spender/exploit,Arcadia Finance Hack,2025-07-15
0xb9fa1db2f335c577cd009fcecf13ed324f16e34a,ETH,exploit,revokecash,malicious spender/exploit,Arcadia Finance Hack,2025-07-15
0x895d55431538bfce5c6f430b39dc30f50a176117,ETH,exploit,revokecash,malicious spender/exploit,Arcadia Finance Hack,2025-07-15
0xdcf24cdc289d83f23e61cae42108fdd966342651,ETH,exploit,revokecash,malicious spender/exploit,Arcadia Finance Hack,2025-07-15
0xb28b743fe5acab89de9d7ef0858cd41e2985b42c,ETH,exploit,revokecash,malicious spender/exploit,Arcadia Finance Hack,2025-07-15
0xf78856cfaf3dd926114fe0b243cf5705e231ad62,ETH,exploit,revokecash,malicious spender/exploit,Arcadia Finance Hack,2025-07-15
0x1f686bc536a345a3f8074fdbced61a32d70d7f36,ETH,exploit,revokecash,malicious spender/exploit,Arcadia Finance Hack,2025-07-15
0x8b44e345703ff2e280f38c7dd7995edefc03f103,ETH,exploit,revokecash,malicious spender/exploit,Arcadia Finance Hack,2025-07-15
0x0e5560dcc20926477a5d6767010cf175703630de,ETH,exploit,revokecash,malicious spender/exploit,Arcadia Finance Hack,2025-07-15
0xcd28cfd88657f0e13e5f31477789f5106e5bb5f9,ETH,exploit,revokecash,malicious spender/exploit,Arcadia Finance Hack,2025-07-15
0xfe75e867da19f3c08eea21e46f98d8c49c1118ba,ETH,exploit,revokecash,malicious spender/exploit,Arcadia Finance Hack,2025-07-15
0x5698d75460fe1666452c880f070ce9ec0e3f1e77,ETH,exploit,revokecash,malicious spender/exploit,Arcadia Finance Hack,2025-07-15
0x6aa9a95c7d6636ecfaecc5fe42187dd8e88e212a,ETH,exploit,revokecash,malicious spender/exploit,Arcadia Finance Hack,2025-07-15
0xe38859371b4ac1f0ed5f919a1e75f7a1d713f328,ETH,exploit,revokecash,malicious spender/exploit,Arcadia Finance Hack,2025-07-15
0x9b11122f21d45fb5347191fba5146bd2a4811276,ETH,exploit,revokecash,malicious spender/exploit,Arcadia Finance Hack,2025-07-15
0x3fd6b6d2e8db0c43181f55703acd253b1e720f34,ETH,exploit,revokecash,malicious spender/exploit,Arcadia Finance Hack,2025-07-15
0x8554d2813a432a378f0e8fbd83a332ab547f5412,ETH,exploit,revokecash,malicious spender/exploit,Arcadia Finance Hack,2025-07-15
0x17a1fad39a11d2c91004799f0edba194ce972e5a,ETH,exploit,revokecash,malicious spender/exploit,Arcadia Finance Hack,2025-07-15
0x2cc1023a580ffc60b1a64141a81a406d7ffc89cb,ETH,exploit,revokecash,malicious spender/exploit,Arcadia Finance Hack,2025-07-15
0xc12830d85f09d00a988a4bec5a39b449fb8142e8,ETH,exploit,revokecash,malicious spender/exploit,Arcadia Finance Hack,2025-07-15
0xb208877184b6d8e7b7e616675bb214de16f95fb9,ETH,exploit,revokecash,malicious spender/exploit,Arcadia Finance Hack,2025-07-15
0x23927eaa0c971aa1fa9f7f5d0a119cb468b63842,ETH,exploit,revokecash,malicious spender/exploit,Arcadia Finance Hack,2025-07-15
0x3a8433a6b54dec564ecdbbe039716bb811a39466,ETH,exploit,revokecash,malicious spender/exploit,Arcadia Finance Hack,2025-07-15
0x8bf03c88a03f89c297fb41f1131b6eab06677a06,ETH,exploit,revokecash,malicious spender/exploit,Arcadia Finance Hack,2025-07-15
0xcc2cdc68874bc2346b3ca2ce4ee1d490a795b46a,ETH,exploit,revokecash,malicious spender/exploit,Arcadia Finance Hack,2025-07-15
0x91f26f29b9226820786f0147707e7287ea866762,ETH,exploit,revokecash,malicious spender/exploit,Arcadia Finance Hack,2025-07-15
0xa3f0f4da3f594c0aa0d186b09a03361e6182e76f,ETH,exploit,revokecash,malicious spender/exploit,Arcadia Finance Hack,2025-07-15
0x5afae1eb69661f392b6593be289f8f4551969ed7,ETH,exploit,revokecash,malicious spender/exploit,Arcadia Finance Hack,2025-07-15
0x606f2881d37df8a3cc64f16c631fccd35f02115e,ETH,exploit,revokecash,malicious spender/exploit,Arcadia Finance Hack,2025-07-15
0x539ca0b2f9c7558e8c62be8fa3b5a76e620f0649,ETH,exploit,revokecash,malicious spender/exploit,Arcadia Finance Hack,2025-07-15
0x11586d2634a4e1fe88d9e10c41025003ffa0c638,ETH,exploit,revokecash,malicious spender/exploit,Arcadia Finance Hack,2025-07-15
0x8aa1d80bb9fafc838a1598a472eb2697be2acb38,ETH,exploit,revokecash,malicious spender/exploit,Arcadia Finance Hack,2025-07-15
0xcba4ff4767049235d51be2537fb603a0de608d89,ETH,exploit,revokecash,malicious spender/exploit,Arcadia Finance Hack,2025-07-15
0x3afee88699783766ba55c4f95f842916e5891b1b,ETH,exploit,revokecash,malicious spender/exploit,Arcadia Finance Hack,2025-07-15
0xd8c82d7672dcf742ac49d6017c81cafd84a20fc2,ETH,exploit,revokecash,malicious spender/exploit,Arcadia Finance Hack,2025-07-15
0x44bb9eb1fc4eeaf3d8cbd819b680a63c222002e1,ETH,exploit,revokecash,malicious spender/exploit,Arcadia Finance Hack,2025-07-15
0x3c0be2ecec50c7288d54418fc760385978bca964,ETH,exploit,revokecash,malicious spender/exploit,Arcadia Finance Hack,2025-07-15
0xfefd38146800a91eff54ddce5ab242c384fe29b4,ETH,exploit,revokecash,malicious spender/exploit,Arcadia Finance Hack,2025-07-15
0xbfb412ba4f7188b5198408c7d904229984216cb9,ETH,exploit,revokecash,malicious spender/exploit,Arcadia Finance Hack,2025-07-15
0x03a4e8d6e7aeb3023f7feb976d4a02893ccb83bd,ETH,exploit,revokecash,malicious spender/exploit,Arcadia Finance Hack,2025-07-15
0xb6e664f07888961fcd6bb897e07320f0bca83c65,ETH,exploit,revokecash,malicious spender/exploit,Arcadia Finance Hack,2025-07-15
0xb3b9854aeebc12e86ca948eb4c53cba2dda6535f,ETH,exploit,revokecash,malicious spender/exploit,Arcadia Finance Hack,2025-07-15
0xcb2a422d10b6487cb1228a06fc35a0ec9dcead90,ETH,exploit,revokecash,malicious spender/exploit,Arcadia Finance Hack,2025-07-15
0xccdb2bd91cb741e845715c49daa79703ff7cfd36,ETH,exploit,revokecash,malicious spender/exploit,Arcadia Finance Hack,2025-07-15
0x7098effa38a8528e3579d30e57055baa1416db2a,ETH,exploit,revokecash,malicious spender/exploit,Arcadia Finance Hack,2025-07-15
0x9529acb0c1b54fd67e362b30cf82ecd99e8c64f2,ETH,exploit,revokecash,malicious spender/exploit,Arcadia Finance Hack,2025-07-15
0xd36f0174a7340e89425cf63b698634d9629edd2c,ETH,exploit,revokecash,malicious spender/exploit,Arcadia Finance Hack,2025-07-15
0x505b32f5da34a7ce7809407d1cc968f965a4d4f4,ETH,exploit,revokecash,malicious spender/exploit,Arcadia Finance Hack,2025-07-15
0xfc85535f004bb76c78d585cd1da1d1f059ece06e,ETH,exploit,revokecash,malicious spender/exploit,Arcadia Finance Hack,2025-07-15
0xb7b9f9a66b48e68d182b0c3e116f6e6b01b8d738,ETH,exploit,revokecash,malicious spender/exploit,Arcadia Finance Hack,2025-07-15
0xa55cd1589b5f7e3bb245880259d79d9ea822aeaf,ETH,exploit,revokecash,malicious spender/exploit,Arcadia Finance Hack,2025-07-15
0x36012330e4e0b38eef42a237f86f4e9745ce4456,ETH,exploit,revokecash,malicious spender/exploit,Arcadia Finance Hack,2025-07-15
0x5a9cfb06f3df49033826ad83737ab8870226c09b,ETH,exploit,revokecash,malicious spender/exploit,Arcadia Finance Hack,2025-07-15
0x3f4ef2624f7b0a261bdb7e3fd4908fd547ce8381,ETH,exploit,revokecash,malicious spender/exploit,Arcadia Finance Hack,2025-07-15
0xc7d71f83fb58ea3ff2b9e1da88d8d56e070b39b9,ETH,exploit,revokecash,malicious spender/exploit,Arcadia Finance Hack,2025-07-15
0xc337b332544c097ce25c967e7bf03d2bac66cb7c,ETH,exploit,revokecash,malicious spender/exploit,Arcadia Finance Hack,2025-07-15
0xc6e575d177c03592818adcb3e71a71540f5635e6,ETH,exploit,revokecash,malicious spender/exploit,Arcadia Finance Hack,2025-07-15
0x781debca5bb0424551438aec9a5f2d778360998b,ETH,exploit,revokecash,malicious spender/exploit,Arcadia Finance Hack,2025-07-15
0xf49b8411ef55dde4b0b544305cf2e733d550c839,ETH,exploit,revokecash,malicious spender/exploit,Arcadia Finance Hack,2025-07-15
0x8b2082a6591be433aee9dca0ea4ad775f766c255,ETH,exploit,revokecash,malicious spender/exploit,Arcadia Finance Hack,2025-07-15
0x02b6acdb5b558e5f7851f6235ab01005eb896033,ETH,exploit,revokecash,malicious spender/exploit,Arcadia Finance Hack,2025-07-15
0x0e0afa44a9de4b79ee3f21bb2e3b64d1c6814a27,ETH,exploit,revokecash,malicious spender/exploit,Arcadia Finance Hack,2025-07-15
0xf096980672e6d7412bad0e09829c270612826aad,ETH,exploit,revokecash,malicious spender/exploit,Arcadia Finance Hack,2025-07-15
0x428ce3c8fbd73d5ea345df866375968707ecaac8,ETH,exploit,revokecash,malicious spender/exploit,Arcadia Finance Hack,2025-07-15
0x330173d534d17d28652401335e7639380f3f150f,ETH,exploit,revokecash,malicious spender/exploit,Arcadia Finance Hack,2025-07-15
0x6c07fd110f9cb5e44b4d9bbd3fe9449defab6d88,ETH,exploit,revokecash,malicious spender/exploit,Arcadia Finance Hack,2025-07-15
0x42fcdd265835e01b3d1c3cadafa3b70dd2a59876,ETH,exploit,revokecash,malicious spender/exploit,Arcadia Finance Hack,2025-07-15
0x5740da4238313fee9041804e8d555fdc01f9b680,ETH,exploit,revokecash,malicious spender/exploit,Arcadia Finance Hack,2025-07-15
0x424805dfc609a29eadc5f3730da2df80c0d8764d,ETH,exploit,revokecash,malicious spender/exploit,Arcadia Finance Hack,2025-07-15
0x22be555ebc62b49f909e795db167eec7fd8800f4,ETH,exploit,revokecash,malicious spender/exploit,Arcadia Finance Hack,2025-07-15
0xaa4e38208680e14443584f6ff605659aa4612aa2,ETH,exploit,revokecash,malicious spender/exploit,Arcadia Finance Hack,2025-07-15
0xe8bab93239314a030a6180c9b8d4c5668d2bce73,ETH,exploit,revokecash,malicious spender/exploit,Arcadia Finance Hack,2025-07-15
0x2a83398345aa8c7525404f3f83c12b5fa55e92e3,ETH,exploit,revokecash,malicious spender/exploit,Arcadia Finance Hack,2025-07-15
0xcce5efaed175713dbc89af240cd5b207a98b10cf,ETH,exploit,revokecash,malicious spender/exploit,Arcadia Finance Hack,2025-07-15
0xc9f5748be974c2a5cfcdd9fdcf62a2d245ec9509,ETH,exploit,revokecash,malicious spender/exploit,Arcadia Finance Hack,2025-07-15
0x10e581a2aed73fb346a8f021d76c7490320f8eba,ETH,exploit,revokecash,malicious spender/exploit,Arcadia Finance Hack,2025-07-15
0xef60e74fdee8a872ac3b8400cb7df6a17120edd6,ETH,exploit,revokecash,malicious spender/exploit,Arcadia Finance Hack,2025-07-15
0x94d80243923ee81629bf57c2394eca59e9fdcf55,ETH,exploit,revokecash,malicious spender/exploit,Arcadia Finance Hack,2025-07-15
0x830f226d4b5483f013e01622134ce7b8a2922d4e,ETH,exploit,revokecash,malicious spender/exploit,Arcadia Finance Hack,2025-07-15
0xfc4e6aca256cfa117a92facffc6b95eca3f25e57,ETH,exploit,revokecash,malicious spender/exploit,Arcadia Finance Hack,2025-07-15
0x383e725bb8d2819b2a9e9ac258c9823dcc1b2b5a,ETH,exploit,revokecash,malicious spender/exploit,Arcadia Finance Hack,2025-07-15
0x7032daa22cc7508a3b175a9ab29adfb7f357c223,ETH,exploit,revokecash,malicious spender/exploit,Arcadia Finance Hack,2025-07-15
0x24f047e29dc1ac65ba1373c4caaf8a9e15306006,ETH,exploit,revokecash,malicious spender/exploit,Arcadia Finance Hack,2025-07-15
0x17ded2260df12ac7f8d9f0841b1c9f7bd863a7b9,ETH,exploit,revokecash,malicious spender/exploit,Arcadia Finance Hack,2025-07-15
0x175fd3ae97ccf5487fbac0e6de641afb7b96fc69,ETH,exploit,revokecash,malicious spender/exploit,Arcadia Finance Hack,2025-07-15
0xd0c53a4147e4f65143cabde52dc6eed370d38519,ETH,exploit,revokecash,malicious spender/exploit,Arcadia Finance Hack,2025-07-15
0xd9019f2ba83d8f734c010db92f8653b5489bd4e6,ETH,exploit,revokecash,malicious spender/exploit,Arcadia Finance Hack,2025-07-15
0xf9aab392778f67cb37df3e3bf25dea646269780d,ETH,exploit,revokecash,malicious spender/exploit,Arcadia Finance Hack,2025-07-15
0x2cbd2c92783b08b36e3343d8b2063db130f93d42,ETH,exploit,revokecash,malicious spender/exploit,Arcadia Finance Hack,2025-07-15
0x949abdd9317e7f16baa70fe9b1cd6a58c4563aaf,ETH,exploit,revokecash,malicious spender/exploit,Arcadia Finance Hack,2025-07-15
0x5d0d8b38ca5caffeaff493b1e077d802a410e0c7,ETH,exploit,revokecash,malicious spender/exploit,Arcadia Finance Hack,2025-07-15
0x77f2fc9d4d30e4c0e46913cb21e360bdcabfcf8d,ETH,exploit,revokecash,malicious spender/exploit,Arcadia Finance Hack,2025-07-15
0xfd3950184c9ef08eb9c4b779b74f2b968afe00a4,ETH,exploit,revokecash,malicious spender/exploit,Arcadia Finance Hack,2025-07-15
0xc19924b6f7dc45a5c3f8d66c67a2b4fecb03c667,ETH,exploit,revokecash,malicious spender/exploit,Arcadia Finance Hack,2025-07-15
0xa443072f991d7a7f40682ce0747013b7c5f475e8,ETH,exploit,revokecash,malicious spender/exploit,Arcadia Finance Hack,2025-07-15
0xf621872bd967bb708ba90d80d561896d359e5f0a,ETH,exploit,revokecash,malicious spender/exploit,Arcadia Finance Hack,2025-07-15
0x2c4d0209831ed693a1a083ec9ce73d2abb50d77c,ETH,exploit,revokecash,malicious spender/exploit,Arcadia Finance Hack,2025-07-15
0xd41e32a1dc98305c40df14768a162dc54c1722d7,ETH,exploit,revokecash,malicious spender/exploit,Arcadia Finance Hack,2025-07-15
0xb1acbf4adac95fc475f298ab8c1cc432d2013556,ETH,exploit,revokecash,malicious spender/exploit,Arcadia Finance Hack,2025-07-15
0x3281741c1466b23298168845bd40930e0aef5e5a,ETH,exploit,revokecash,malicious spender/exploit,Arcadia Finance Hack,2025-07-15
0xf912aeb16c14602a5f27cdca8509b7eeff27caa6,ETH,exploit,revokecash,malicious spender/exploit,Arcadia Finance Hack,2025-07-15
0xd8d0f90eadd52bf4e3ca6c4d685da04ca2a8b600,ETH,exploit,revokecash,malicious spender/exploit,Arcadia Finance Hack,2025-07-15
0x60ec5f9925a1a336dbd9e1faac6ef2c5813a36f7,ETH,exploit,revokecash,malicious spender/exploit,Arcadia Finance Hack,2025-07-15
0x13df38d70d9007fafa1b0f78e52c241094f5d099,ETH,exploit,revokecash,malicious spender/exploit,Arcadia Finance Hack,2025-07-15
0xdade84fafeceb7bd8c49dae0c2a0ee73b92e1f14,ETH,exploit,revokecash,malicious spender/exploit,Arcadia Finance Hack,2025-07-15
0xabe92003795d07101afc049b6d8f42ba98bf9ae1,ETH,exploit,revokecash,malicious spender/exploit,Arcadia Finance Hack,2025-07-15
0x9516a9c7819c333fa3afc8bf5e35c64c3ea8df9f,ETH,exploit,revokecash,malicious spender/exploit,Arcadia Finance Hack,2025-07-15
0x52ae019eb5f594f5da18986c9f4647de50717153,ETH,exploit,revokecash,malicious spender/exploit,Arcadia Finance Hack,2025-07-15
0x97830c94f8a7c08657901244166b0fe2261ad041,ETH,exploit,revokecash,malicious spender/exploit,Arcadia Finance Hack,2025-07-15
0x61510fa87b46155c94c4887893c12caf7757370c,ETH,exploit,revokecash,malicious spender/exploit,Arcadia Finance Hack,2025-07-15
0xe4acc59e047959b8e1f5fe5deedfb2d3cf1a7459,ETH,exploit,revokecash,malicious spender/exploit,Arcadia Finance Hack,2025-07-15
0xa40d2557ebe32b0a6f54ea2d3fa7d10374dded9f,ETH,exploit,revokecash,malicious spender/exploit,Arcadia Finance Hack,2025-07-15
0x9569992a2938900764a9d3669132c16de7d90198,ETH,exploit,revokecash,malicious spender/exploit,Arcadia Finance Hack,2025-07-15
0xc2f760ef07efb96452ed2a59acaf0f9006f7bf36,ETH,exploit,revokecash,malicious spender/exploit,Arcadia Finance Hack,2025-07-15
0x18385232e8891e560e85afe16b4871338a36d684,ETH,exploit,revokecash,malicious spender/exploit,Arcadia Finance Hack,2025-07-15
0x00db6480cb32368590e6bc60e074ed95172605e1,ETH,exploit,revokecash,malicious spender/exploit,Arcadia Finance Hack,2025-07-15
0x273fbf623416440cb0c5e73ddd2b82194b4826da,ETH,exploit,revokecash,malicious spender/exploit,Arcadia Finance Hack,2025-07-15
0x171a7bd4c9e1ccc3cbe975d22b75d78c79019933,ETH,exploit,revokecash,malicious spender/exploit,Arcadia Finance Hack,2025-07-15
0xb33b85cff427958fa7ed16163e0489ea1cd4bdf6,ETH,exploit,revokecash,malicious spender/exploit,Arcadia Finance Hack,2025-07-15
0x7dadc0cff276d0d0d183b34efc892e89eaa7d763,ETH,exploit,revokecash,malicious spender/exploit,Arcadia Finance Hack,2025-07-15
0xb69f62fee368eb3033ff36ff48663565bbb66d80,ETH,exploit,revokecash,malicious spender/exploit,Arcadia Finance Hack,2025-07-15
0xcf6b8be83207bfb4ac0274a2b0298ee780d57850,ETH,exploit,revokecash,malicious spender/exploit,Arcadia Finance Hack,2025-07-15
0xa3d7edb00e4a57c6e8320f156b79b58d47f527df,ETH,exploit,revokecash,malicious spender/exploit,Arcadia Finance Hack,2025-07-15
0x9a61020732d642bdaaa048dc870c88942c1432d2,ETH,exploit,revokecash,malicious spender/exploit,Arcadia Finance Hack,2025-07-15
0xc286607060ae77f371172202049d24d7d4960b21,ETH,exploit,revokecash,malicious spender/exploit,Arcadia Finance Hack,2025-07-15
0x3cd9b9107e48ac8c64c989033dd22d12bb28d19c,ETH,exploit,revokecash,malicious spender/exploit,Arcadia Finance Hack,2025-07-15
0x110690127e40791b47d831bf29ede99a2df654f9,ETH,exploit,revokecash,malicious spender/exploit,Arcadia Finance Hack,2025-07-15
0xe06ced47eddd15b7bfb8cfa1ba517c404d18da3d,ETH,exploit,revokecash,malicious spender/exploit,Arcadia Finance Hack,2025-07-15
0x9e0a5d6f7ee0303c9a3e9d3a619be9e3771119d2,ETH,exploit,revokecash,malicious spender/exploit,Arcadia Finance Hack,2025-07-15
0xc20e56088a27567d3c861f490354b4061fe0bb0c,ETH,exploit,revokecash,malicious spender/exploit,Arcadia Finance Hack,2025-07-15
0x87a67dcae213d33e4334d195c1fe143c11d6375a,ETH,exploit,revokecash,malicious spender/exploit,Arcadia Finance Hack,2025-07-15
0x758b20458133cee2973a80d3d61781b76ae58250,ETH,exploit,revokecash,malicious spender/exploit,Arcadia Finance Hack,2025-07-15
0x2f1f23accca143b8a24a53d69ba3b24c3071f2d2,ETH,exploit,revokecash,malicious spender/exploit,Arcadia Finance Hack,2025-07-15
0x4805bb9b45354c668bcf2739dfe574b88f3ce67e,ETH,exploit,revokecash,malicious spender/exploit,Arcadia Finance Hack,2025-07-15
0x1c310f98adc87aea3036c7fa5cb70b692771dfdd,ETH,exploit,revokecash,malicious spender/exploit,Arcadia Finance Hack,2025-07-15
0x198ecf48ac21c07764d1805d3cc8a50069d4a541,ETH,exploit,revokecash,malicious spender/exploit,Arcadia Finance Hack,2025-07-15
0x341ff4c0a3908d5da31a071fbb2cf85beda99975,ETH,exploit,revokecash,malicious spender/exploit,Arcadia Finance Hack,2025-07-15
0x70a886244cca5481ac28415281a0533b3b442421,ETH,exploit,revokecash,malicious spender/exploit,Arcadia Finance Hack,2025-07-15
0x4c3c53202b1261944ce9a26d538cc499f65d6ec8,ETH,exploit,revokecash,malicious spender/exploit,Arcadia Finance Hack,2025-07-15
0xf76b4befa09f859d91e160855b535a3a7d9607a6,ETH,exploit,revokecash,malicious spender/exploit,Arcadia Finance Hack,2025-07-15
0xfa8ed379f2f224731ad33f8599e9d87c5b51a607,ETH,exploit,revokecash,malicious spender/exploit,Arcadia Finance Hack,2025-07-15
0xd604927abe6526f8258740d0fa04ebcb4148fba2,ETH,exploit,revokecash,malicious spender/exploit,Arcadia Finance Hack,2025-07-15
0x21b8ceebfecd299462d5480c20010e159a6d0eb9,ETH,exploit,revokecash,malicious spender/exploit,Arcadia Finance Hack,2025-07-15
0x9a35f3387b49702c8ce1854ee34a10984a0de18b,ETH,exploit,revokecash,malicious spender/exploit,Arcadia Finance Hack,2025-07-15
0xe95f1125fdbaab48161cb216803fd26ea0c6255c,ETH,exploit,revokecash,malicious spender/exploit,Arcadia Finance Hack,2025-07-15
0x48fd648638ac7f0151bf8ffe11e0a81288bdf8ed,ETH,exploit,revokecash,malicious spender/exploit,Arcadia Finance Hack,2025-07-15
0xc097f12737d7b435a0aa2edb4921a7736a31207d,ETH,exploit,revokecash,malicious spender/exploit,Arcadia Finance Hack,2025-07-15
0x9be67b96a2e905032bc0c054a51686253b7397d1,ETH,exploit,revokecash,malicious spender/exploit,Arcadia Finance Hack,2025-07-15
0x2a0d5a8bef77de9cb5c43ae20c31ad3f13e02744,ETH,exploit,revokecash,malicious spender/exploit,Arcadia Finance Hack,2025-07-15
0x0cc7e99b13973e55cd7ef61df37ad20c408ef298,ETH,exploit,revokecash,malicious spender/exploit,Arcadia Finance Hack,2025-07-15
0x7ab3a170aa9415e1863be4479436af116e27c42b,ETH,exploit,revokecash,malicious spender/exploit,Arcadia Finance Hack,2025-07-15
0xca9a4fd6531681a6280933ef380e37e12e2521a4,ETH,exploit,revokecash,malicious spender/exploit,Arcadia Finance Hack,2025-07-15
0xff08cd90244abfde57ad16523c0ceb0f4e7d9eb9,ETH,exploit,revokecash,malicious spender/exploit,Arcadia Finance Hack,2025-07-15
0xdaefb59aeca5a0af6dc01da21ca9b21607034672,ETH,exploit,revokecash,malicious spender/exploit,Arcadia Finance Hack,2025-07-15
0xcea694f880c43cb1da5a0b1e01b2ac43dc64e0cd,ETH,exploit,revokecash,malicious spender/exploit,Arcadia Finance Hack,2025-07-15
0x56de91545a1ee6c269a0198a809e0ea5c000c7b5,ETH,exploit,revokecash,malicious spender/exploit,Arcadia Finance Hack,2025-07-15
0x2b17ff56753629bb4822e430acdffb9bd141c262,ETH,exploit,revokecash,malicious spender/exploit,Arcadia Finance Hack,2025-07-15
0xd5173e12c648adb9c59e256356be9a1581686cce,ETH,exploit,revokecash,malicious spender/exploit,Arcadia Finance Hack,2025-07-15
0xa0c2d8a15fdf9f556739a1b15d0323ca582902dc,ETH,exploit,revokecash,malicious spender/exploit,Arcadia Finance Hack,2025-07-15
0x293b3b1760ee47502c0cbab84b090487f78b34eb,ETH,exploit,revokecash,malicious spender/exploit,Arcadia Finance Hack,2025-07-15
0x21978f32be5c0088602db45df8d586026381d3c8,ETH,exploit,revokecash,malicious spender/exploit,Arcadia Finance Hack,2025-07-15
0x511ea15a99084a150811c3de75299aa611e0886a,ETH,exploit,revokecash,malicious spender/exploit,Arcadia Finance Hack,2025-07-15
0x49c53817304b439449edc344e6a96f3892b5f011,ETH,exploit,revokecash,malicious spender/exploit,Arcadia Finance Hack,2025-07-15
0xbd10f5aeacb04b11f465ffc5c9738ff64f24c2d5,ETH,exploit,revokecash,malicious spender/exploit,Arcadia Finance Hack,2025-07-15
0x58b622bb0a0937e97a8073e4e942ac646887aba1,ETH,exploit,revokecash,malicious spender/exploit,Arcadia Finance Hack,2025-07-15
0x781e32a78eb01b8715c2325460436499048859ec,ETH,exploit,revokecash,malicious spender/exploit,Arcadia Finance Hack,2025-07-15
0xa6bb0392bdc30bba7867d4d2f35ec56817d11306,ETH,exploit,revokecash,malicious spender/exploit,Arcadia Finance Hack,2025-07-15
0xf7d0310a91517261b73a1c56ac1411750576e256,ETH,exploit,revokecash,malicious spender/exploit,Arcadia Finance Hack,2025-07-15
0x5e43a3425b942154f7487ab679d5e2ddf27f912d,ETH,exploit,revokecash,malicious spender/exploit,Arcadia Finance Hack,2025-07-15
0x2d06d319c2b4dbf55b6d62be236928497a7513e6,ETH,exploit,revokecash,malicious spender/exploit,Arcadia Finance Hack,2025-07-15
0x06e1ec598d0c91d6762dff2fc89931ffa3f18aba,ETH,exploit,revokecash,malicious spender/exploit,Arcadia Finance Hack,2025-07-15
0x785c602b4fcc1cab00627ad8cf9cbf5f3769881d,ETH,exploit,revokecash,malicious spender/exploit,Arcadia Finance Hack,2025-07-15
0xff4bb4165260c765d25e534a558c565ce25e4616,ETH,exploit,revokecash,malicious spender/exploit,Arcadia Finance Hack,2025-07-15
0xcc63f0733d3f113a1b897fea2b4bfc4ff531cd23,ETH,exploit,revokecash,malicious spender/exploit,Arcadia Finance Hack,2025-07-15
0xc36312b8cca195205fd14a902a76dc58789ab09c,ETH,exploit,revokecash,malicious spender/exploit,Arcadia Finance Hack,2025-07-15
0xa7f9f0dee909c9f7550abebc849debd681f1bc62,ETH,exploit,revokecash,malicious spender/exploit,Arcadia Finance Hack,2025-07-15
0x339f09905ac9cd3430de8711f74eda572d2b5591,ETH,exploit,revokecash,malicious spender/exploit,Arcadia Finance Hack,2025-07-15
0x047cf7f249799682e210671651df32e43aa24043,ETH,exploit,revokecash,malicious spender/exploit,Arcadia Finance Hack,2025-07-15
0x58456b201ced86acf79cc8625b83c67ebe45a904,ETH,exploit,revokecash,malicious spender/exploit,Arcadia Finance Hack,2025-07-15
0xc45edae3653f957b5d3889de22e246ad5ce7aee2,ETH,exploit,revokecash,malicious spender/exploit,Arcadia Finance Hack,2025-07-15
0x3dd674b8bb5a1b0fc7e56503c1286a3332083a1b,ETH,exploit,revokecash,malicious spender/exploit,Arcadia Finance Hack,2025-07-15
0x6dda5df9bed7bbbf1cc32231533107e5bca8d715,ETH,exploit,revokecash,malicious spender/exploit,Arcadia Finance Hack,2025-07-15
0x04b18db9f07f3ce6c03f32b45b90be5a1ebcb6dd,ETH,exploit,revokecash,malicious spender/exploit,Arcadia Finance Hack,2025-07-15
0xb7e2429916ac86472d95f815249d69b01233684e,ETH,exploit,revokecash,malicious spender/exploit,Arcadia Finance Hack,2025-07-15
0xba3cac6994d1bee618407724c6843c75b5e5ed04,ETH,exploit,revokecash,malicious spender/exploit,Arcadia Finance Hack,2025-07-15
0xa9d10f25a6bc3a69912656599318ff3ae36c276e,ETH,exploit,revokecash,malicious spender/exploit,Arcadia Finance Hack,2025-07-15
0x05e4211f716ab0604e924a056465f8c75069aeba,ETH,exploit,revokecash,malicious spender/exploit,Arcadia Finance Hack,2025-07-15
0xbef24e4782a34aa87baad8db8f236cc6477866d8,ETH,exploit,revokecash,malicious spender/exploit,Arcadia Finance Hack,2025-07-15
0xb9cb48ac814a7d74838e50b8f2023f3ff531b4bc,ETH,exploit,revokecash,malicious spender/exploit,Arcadia Finance Hack,2025-07-15
0xb20ead4f467f9ec2a998eb3dea84178845204b55,ETH,exploit,revokecash,malicious spender/exploit,Arcadia Finance Hack,2025-07-15
0x0fdfcfc7188a4daf9db2ea5e51d0367d49e006c0,ETH,exploit,revokecash,malicious spender/exploit,Arcadia Finance Hack,2025-07-15
0xb06d6c9873712f9e76a036565070e0e895192b1c,ETH,exploit,revokecash,malicious spender/exploit,Arcadia Finance Hack,2025-07-15
0x57f666339b8bd7e8f0fb347c9f263b409f02163f,ETH,exploit,revokecash,malicious spender/exploit,Arcadia Finance Hack,2025-07-15
0x85ac0db8271eace3f6bd71946aa57649c2eead2e,ETH,exploit,revokecash,malicious spender/exploit,Arcadia Finance Hack,2025-07-15
0xadc2b36869d0339fc963d2964cfae04c230be26b,ETH,exploit,revokecash,malicious spender/exploit,Arcadia Finance Hack,2025-07-15
0xaa70404679f226f269bb3a3f86b0d309df0df6d8,ETH,exploit,revokecash,malicious spender/exploit,Arcadia Finance Hack,2025-07-15
0x8f8d529bd2c7822b5dc2c34ade110640637c63b0,ETH,exploit,revokecash,malicious spender/exploit,Arcadia Finance Hack,2025-07-15
0x41c863825839da5737dfa723d8c3c5b2fd661b1b,ETH,exploit,revokecash,malicious spender/exploit,Arcadia Finance Hack,2025-07-15
0xafb2c9a2d7384efc67ce48ba0a0066f6770a2492,ETH,exploit,revokecash,malicious spender/exploit,Arcadia Finance Hack,2025-07-15
0x8b3b8edf1e30f8ef07176ef4a51ca9d206f1105a,ETH,exploit,revokecash,malicious spender/exploit,Arcadia Finance Hack,2025-07-15
0xa84c8eac81b1af89fb1d45de6769c7ef5abd8314,ETH,exploit,revokecash,malicious spender/exploit,Arcadia Finance Hack,2025-07-15
0xecad2886ce0d5379c95e71ed9efc80592b2d61fa,ETH,exploit,revokecash,malicious spender/exploit,Arcadia Finance Hack,2025-07-15
0xbe9ea949130e1bc2dd5ccf65480e6f605e105e3c,ETH,exploit,revokecash,malicious spender/exploit,Arcadia Finance Hack,2025-07-15
0x93839434a6741c44ab6410d2f1c3896946791f18,ETH,exploit,revokecash,malicious spender/exploit,Arcadia Finance Hack,2025-07-15
0x850f24e0796258e0c0cc7588deb94d513c1e01e2,ETH,exploit,revokecash,malicious spender/exploit,Arcadia Finance Hack,2025-07-15
0x3830b20659c8257fb096521ce288da89e88d9753,ETH,exploit,revokecash,malicious spender/exploit,Arcadia Finance Hack,2025-07-15
0xaf020512d9fba0fdb857eeba9ca98c8ccc0a8567,ETH,exploit,revokecash,malicious spender/exploit,Arcadia Finance Hack,2025-07-15
0x2fd50fc8a11fd516a1f5a1d1d160cfcc178cb9ae,ETH,exploit,revokecash,malicious spender/exploit,Arcadia Finance Hack,2025-07-15
0x9d22a6087d511358f07f3890577733e99a6a9d72,ETH,exploit,revokecash,malicious spender/exploit,Arcadia Finance Hack,2025-07-15
0xe385c3f06855a91cbf98f672be52fe0b3b79a02a,ETH,exploit,revokecash,malicious spender/exploit,Arcadia Finance Hack,2025-07-15
0x3f9b5a22502a54751a191e56aece661f9b4f545d,ETH,exploit,revokecash,malicious spender/exploit,Arcadia Finance Hack,2025-07-15
0xd8c99a270196c73ddcb52fd66e5fdb3ae15ccb5e,ETH,exploit,revokecash,malicious spender/exploit,Arcadia Finance Hack,2025-07-15
0x9aa198a13fa1835d11f4e5ea176246f0fc48e642,ETH,exploit,revokecash,malicious spender/exploit,Arcadia Finance Hack,2025-07-15
0x53969ab8c117524e71424cda25f33ba715a4335e,ETH,exploit,revokecash,malicious spender/exploit,Arcadia Finance Hack,2025-07-15
0xc7e2da6ab4c85e0dfe6015ceef264703300e4446,ETH,exploit,revokecash,malicious spender/exploit,Arcadia Finance Hack,2025-07-15
0x1993f55220625108c01488c4e4c0fa10134a4305,ETH,exploit,revokecash,malicious spender/exploit,Arcadia Finance Hack,2025-07-15
0x4c5ec123819eab8ca66110b4bef8fe926f096f19,ETH,exploit,revokecash,malicious spender/exploit,Arcadia Finance Hack,2025-07-15
0x1acb19d5d47895a3aff6b7e6c7bcc73ef3f6cc76,ETH,exploit,revokecash,malicious spender/exploit,Arcadia Finance Hack,2025-07-15
0xc31ae301dc9229b4a2a78f4ca9dd6dc7500b3cd4,ETH,exploit,revokecash,malicious spender/exploit,Arcadia Finance Hack,2025-07-15
0x78b2bcde1268e2a9d249cd0577a68d72f9be4312,ETH,exploit,revokecash,malicious spender/exploit,Arcadia Finance Hack,2025-07-15
0x681f6691c617e4b512ee20f1c72050cedcb388e1,ETH,exploit,revokecash,malicious spender/exploit,Arcadia Finance Hack,2025-07-15
0xb99e4a6465eb6f6908168d158c929d0b58bbc05a,ETH,exploit,revokecash,malicious spender/exploit,Arcadia Finance Hack,2025-07-15
0x41fd678504d0fa3491b8ffd6914c6199910a36f5,ETH,exploit,revokecash,malicious spender/exploit,Arcadia Finance Hack,2025-07-15
0x2e7e77982189430a9bf035719a633e3be67e7dff,ETH,exploit,revokecash,malicious spender/exploit,Arcadia Finance Hack,2025-07-15
0x72daee9d41fc3a5bfb843997667ef8590d8ce32a,ETH,exploit,revokecash,malicious spender/exploit,Arcadia Finance Hack,2025-07-15
0x6f678cdff815951450949316d2d6abae236b4f9d,ETH,exploit,revokecash,malicious spender/exploit,Arcadia Finance Hack,2025-07-15
0x0aeea66a491e55d1ae722b49f0c3808d87734c37,ETH,exploit,revokecash,malicious spender/exploit,Arcadia Finance Hack,2025-07-15
0xfba665442c9354a621597f0dd55e5f35f0fea0dc,ETH,exploit,revokecash,malicious spender/exploit,Arcadia Finance Hack,2025-07-15
0xc346a330a22598a67c738bf8cbcf206e92b21a2e,ETH,exploit,revokecash,malicious spender/exploit,Arcadia Finance Hack,2025-07-15
0x3f3c2675a141809e5af31587fe41d9f3e3a75de0,ETH,exploit,revokecash,malicious spender/exploit,Arcadia Finance Hack,2025-07-15
0x3929a28833ed67e8333437ea13650cec1d9cfd01,ETH,exploit,revokecash,malicious spender/exploit,Arcadia Finance Hack,2025-07-15
0x11cdefdd0243f202ea058cac22cb207e33822f8e,ETH,exploit,revokecash,malicious spender/exploit,Arcadia Finance Hack,2025-07-15
0x28e39793c3777c5f1e0276e0b73372132eaa387b,ETH,exploit,revokecash,malicious spender/exploit,Arcadia Finance Hack,2025-07-15
0x20e6892744011b90ec4f8f0f13b43837a8303dcf,ETH,exploit,revokecash,malicious spender/exploit,Arcadia Finance Hack,2025-07-15
0x470d4fe48833b22273af00c717d2a32490aca6fa,ETH,exploit,revokecash,malicious spender/exploit,Arcadia Finance Hack,2025-07-15
0xc6f5c7806ed2125f899bd2d663f80c7211a01904,ETH,exploit,revokecash,malicious spender/exploit,Arcadia Finance Hack,2025-07-15
0x2d4c68e8544be4e87c31ffd9ed2bf6983de1a716,ETH,exploit,revokecash,malicious spender/exploit,Arcadia Finance Hack,2025-07-15
0x4aa12f116f8e577a8c7ff748f6b1c867d967d1e1,ETH,exploit,revokecash,malicious spender/exploit,Arcadia Finance Hack,2025-07-15
0x91bf0b7c3af0412fbf2d5ab58383bfa97f73d9e4,ETH,exploit,revokecash,malicious spender/exploit,Arcadia Finance Hack,2025-07-15
0x6dd61338885c8a864d3ede6e8f06f1eacbb8dae1,ETH,exploit,revokecash,malicious spender/exploit,Arcadia Finance Hack,2025-07-15
0xf76b5e1d5ddad83609306679ac2c2f9bb77ebd9f,ETH,exploit,revokecash,malicious spender/exploit,Arcadia Finance Hack,2025-07-15
0x8f6a80701ffacafde9849ee2c71d71f6272c52f5,ETH,exploit,revokecash,malicious spender/exploit,Arcadia Finance Hack,2025-07-15
0xdda00fb16baee9c4ca9815aae5cbe0a8c10292db,ETH,exploit,revokecash,malicious spender/exploit,Arcadia Finance Hack,2025-07-15
0x37eaf5aef41894408343e1cb21438d8eee17b63f,ETH,exploit,revokecash,malicious spender/exploit,Arcadia Finance Hack,2025-07-15
0x32699b3d2ba1fb4e1ad87a121f9eca413cd7c534,ETH,exploit,revokecash,malicious spender/exploit,Arcadia Finance Hack,2025-07-15
0xe54321f327a611c2bb249868341842cf51023d0e,ETH,exploit,revokecash,malicious spender/exploit,Arcadia Finance Hack,2025-07-15
0xd0fdba4592cd6e884a66ae9ed8948d34c54da362,ETH,exploit,revokecash,malicious spender/exploit,Arcadia Finance Hack,2025-07-15
0x7be2e05480865c64e3d4c58b70d690e9d7154685,ETH,exploit,revokecash,malicious spender/exploit,Arcadia Finance Hack,2025-07-15
0xd2cee7eb7c8914ef0e485dd058120c944d4c2c3f,ETH,exploit,revokecash,malicious spender/exploit,Arcadia Finance Hack,2025-07-15
0x77c8304e2cfe8c1d2e2d47fef6526e6899ae5470,ETH,exploit,revokecash,malicious spender/exploit,Arcadia Finance Hack,2025-07-15
0x5ea38dcb4c2b71b5300c7cdbb816ca4efedef67b,ETH,exploit,revokecash,malicious spender/exploit,Arcadia Finance Hack,2025-07-15
0xae0fdd160b41db154e28534b3fbcbcf068335a8f,ETH,exploit,revokecash,malicious spender/exploit,Arcadia Finance Hack,2025-07-15
0xb67fb439ea380f924f3e77bc6b54c8007e48217c,ETH,exploit,revokecash,malicious spender/exploit,Arcadia Finance Hack,2025-07-15
0xb42a64a8dfe5ea65a6ccd126689619f7086f4c0b,ETH,exploit,revokecash,malicious spender/exploit,Arcadia Finance Hack,2025-07-15
0xc456f3ad1b9f23cc32ccd9df6329963f10457058,ETH,exploit,revokecash,malicious spender/exploit,Arcadia Finance Hack,2025-07-15
0x4862e42d9e9303d901693852c7ad6275ae865ad4,ETH,exploit,revokecash,malicious spender/exploit,Arcadia Finance Hack,2025-07-15
0x2885d519c6d6205e21f5d486d32425d81a5cb2d4,ETH,exploit,revokecash,malicious spender/exploit,Arcadia Finance Hack,2025-07-15
0x7cd1e64f5cd9ca3b4059147bdb8bf8acfd58ccf5,ETH,exploit,revokecash,malicious spender/exploit,Arcadia Finance Hack,2025-07-15
0xa9a7aa8f326ede21f727e12651694af4951f2e1d,ETH,exploit,revokecash,malicious spender/exploit,Arcadia Finance Hack,2025-07-15
0x81822f13300a761faf0aab9a07730d4c97f3b7e7,ETH,exploit,revokecash,malicious spender/exploit,Arcadia Finance Hack,2025-07-15
0xce7973ea38eeb20d5c1a429db928475772dcd4eb,ETH,exploit,revokecash,malicious spender/exploit,Arcadia Finance Hack,2025-07-15
0xcf3b11eee20f203f2ef1bf941b2522deda07a0b7,ETH,exploit,revokecash,malicious spender/exploit,Arcadia Finance Hack,2025-07-15
0x057ead8bd803b21c57e8e1724a07a896b8e460c3,ETH,exploit,revokecash,malicious spender/exploit,Arcadia Finance Hack,2025-07-15
0x1eefd64c5c71f4ccff2b402b7b421c5af4ebdb6d,ETH,exploit,revokecash,malicious spender/exploit,Arcadia Finance Hack,2025-07-15
0x1b8146fe6a2acd96fceb911b7546b06f47e96d59,ETH,exploit,revokecash,malicious spender/exploit,Arcadia Finance Hack,2025-07-15
0x1e9980e7230d27c696f99d76c14a7e9af3f28ecd,ETH,exploit,revokecash,malicious spender/exploit,Arcadia Finance Hack,2025-07-15
0x7fad84da6281ed8e7dcf0f3cdc0db7320830217d,ETH,exploit,revokecash,malicious spender/exploit,Arcadia Finance Hack,2025-07-15
0xa40b812fbbfbb03b13667a617a55ea041088a9e1,ETH,exploit,revokecash,malicious spender/exploit,Arcadia Finance Hack,2025-07-15
0x87ec31fe0d4ad747787b9131376a58d2da2d765e,ETH,exploit,revokecash,malicious spender/exploit,Arcadia Finance Hack,2025-07-15
0x493b1f7af86b9fcac4d1d27abe5285de33c72dce,ETH,exploit,revokecash,malicious spender/exploit,Arcadia Finance Hack,2025-07-15
0xe55cb6957e38c52f264496c82ad5dc4267d518e9,ETH,exploit,revokecash,malicious spender/exploit,Arcadia Finance Hack,2025-07-15
0xf92af1b0bcdc1b75501f58ab1f7b611d90b3e16b,ETH,exploit,revokecash,malicious spender/exploit,Arcadia Finance Hack,2025-07-15
0xd56848991722c65cb02603008fb82a0e139d56eb,ETH,exploit,revokecash,malicious spender/exploit,Arcadia Finance Hack,2025-07-15
0x190a153e99c3d526a2e714709dd6a31df99d17e0,ETH,exploit,revokecash,malicious spender/exploit,Arcadia Finance Hack,2025-07-15
0xdc9d045a44b624578c5e7669977cbe227614c6f6,ETH,exploit,revokecash,malicious spender/exploit,Arcadia Finance Hack,2025-07-15
0x6f73635dfda5433b33f30caf7627cca17fb77838,ETH,exploit,revokecash,malicious spender/exploit,Arcadia Finance Hack,2025-07-15
0x3c52292b83ff5855227e9edb225bc8477410d4f9,ETH,exploit,revokecash,malicious spender/exploit,Arcadia Finance Hack,2025-07-15
0x76f6cc217d72db0c7a4b022fb7b3acdc26c11c6d,ETH,exploit,revokecash,malicious spender/exploit,Arcadia Finance Hack,2025-07-15
0x8fea16060bd6ec35344b471e034c2b061082c3a9,ETH,exploit,revokecash,malicious spender/exploit,Arcadia Finance Hack,2025-07-15
0xb654ee46047dbdb434c3be6208957b69481e8a47,ETH,exploit,revokecash,malicious spender/exploit,Arcadia Finance Hack,2025-07-15
0x1f86058370d23c42f2fbdd377002a9e78c6f31b6,ETH,exploit,revokecash,malicious spender/exploit,Arcadia Finance Hack,2025-07-15
0x396b1ab672415d4619ae27926e9171e0a7ac9d11,ETH,exploit,revokecash,malicious spender/exploit,Arcadia Finance Hack,2025-07-15
0xe74c7fcb2a69d4723c216514436d340cd22b3149,ETH,exploit,revokecash,malicious spender/exploit,Arcadia Finance Hack,2025-07-15
0xc604206f0d739c42608539fbc32291b61e85915e,ETH,exploit,revokecash,malicious spender/exploit,Arcadia Finance Hack,2025-07-15
0x2f7c403ce8a25bdbdbd2277422589ebd35f495f6,ETH,exploit,revokecash,malicious spender/exploit,Arcadia Finance Hack,2025-07-15
0x0d8bc80d953037ffe9ca9cd5ff2e8da2a551fdad,ETH,exploit,revokecash,malicious spender/exploit,Arcadia Finance Hack,2025-07-15
0x9650d90f11a9a7d93bc7a86c7abc22d8b9555a79,ETH,exploit,revokecash,malicious spender/exploit,Arcadia Finance Hack,2025-07-15
0x164d67e9c6b9ee9528289c075658f3d598dfbce9,ETH,exploit,revokecash,malicious spender/exploit,Arcadia Finance Hack,2025-07-15
0x07797352b732e0d4490b51421d0136ebc49dd45c,ETH,exploit,revokecash,malicious spender/exploit,Arcadia Finance Hack,2025-07-15
0xc67cd82d89670f77f9bd2f09fd7fc16d5fb7b293,ETH,exploit,revokecash,malicious spender/exploit,Arcadia Finance Hack,2025-07-15
0x8cabcbbbc7f5365247334faa3c7bfe4ab22b41b5,ETH,exploit,revokecash,malicious spender/exploit,Arcadia Finance Hack,2025-07-15
0x1b883871955a2ef6bfbf53682c8b1a17d2a358d1,ETH,exploit,revokecash,malicious spender/exploit,Arcadia Finance Hack,2025-07-15
0xd7b2b1ecaf140571a32d1f626b0081999f51c061,ETH,exploit,revokecash,malicious spender/exploit,Arcadia Finance Hack,2025-07-15
0xdb0667f2635e179acad1a7c79bf2c32ae6e8b2f0,ETH,exploit,revokecash,malicious spender/exploit,Arcadia Finance Hack,2025-07-15
0xe46da552cf8a3fd166b521dd0c56477e54674c35,ETH,exploit,revokecash,malicious spender/exploit,Arcadia Finance Hack,2025-07-15
0xbae1445474f9250fbd0fb29367179ac695b75f14,ETH,exploit,revokecash,malicious spender/exploit,Arcadia Finance Hack,2025-07-15
0x55db5fbcc0e3f39d7ad55c1b70aa7afab4f6fb3d,ETH,exploit,revokecash,malicious spender/exploit,Arcadia Finance Hack,2025-07-15
0x2f90a2427639845cfb467cdb52b352c34a1f05c5,ETH,exploit,revokecash,malicious spender/exploit,Arcadia Finance Hack,2025-07-15
0x49e8644db3e342b976d7d8d6e32fbbea3d01805b,ETH,exploit,revokecash,malicious spender/exploit,Arcadia Finance Hack,2025-07-15
0x92795af6f14d093f2c6fa53037a9bbae121159bb,ETH,exploit,revokecash,malicious spender/exploit,Arcadia Finance Hack,2025-07-15
0x288c6f54b752d33449a6cc148ad848be371530d8,ETH,exploit,revokecash,malicious spender/exploit,Arcadia Finance Hack,2025-07-15
0x239b351d230d47d156ebf3d38af0369e14dde4fd,ETH,exploit,revokecash,malicious spender/exploit,Arcadia Finance Hack,2025-07-15
0x90a82c2105b20a357775a0fd47bd34b5f27b9337,ETH,exploit,revokecash,malicious spender/exploit,Arcadia Finance Hack,2025-07-15
0x1b49fbcd7332d972fe38033d92360b3ad3c6191f,ETH,exploit,revokecash,malicious spender/exploit,Arcadia Finance Hack,2025-07-15
0xe1611266c349198351b8e0675e9fba6b0702ce0c,ETH,exploit,revokecash,malicious spender/exploit,Arcadia Finance Hack,2025-07-15
0x33e5197f37c405e7135163e0a5e33c9a2d2321d5,ETH,exploit,revokecash,malicious spender/exploit,Arcadia Finance Hack,2025-07-15
0xd4f3d9d6eb4f4e6dbbbe666188d7de4146b9c33f,ETH,exploit,revokecash,malicious spender/exploit,Arcadia Finance Hack,2025-07-15
0x8069dc64076eb07f8012548a21ca1226251dc899,ETH,exploit,revokecash,malicious spender/exploit,Arcadia Finance Hack,2025-07-15
0x60af6703021896834ebfb79e1ee037ff793d55f8,ETH,exploit,revokecash,malicious spender/exploit,Arcadia Finance Hack,2025-07-15
0x19a196948a90f64525a95a58bea867d70db048ec,ETH,exploit,revokecash,malicious spender/exploit,Arcadia Finance Hack,2025-07-15
0x945d5178ab8bd9a916047412472f3cf340a333c3,ETH,exploit,revokecash,malicious spender/exploit,Arcadia Finance Hack,2025-07-15
0x8867d081daccbc5bc618be90855fa87bd2c9dacf,ETH,exploit,revokecash,malicious spender/exploit,Arcadia Finance Hack,2025-07-15
0xd5cb4bf2c15ba6a84c70d895f8abeb273bfd4e7b,ETH,exploit,revokecash,malicious spender/exploit,Arcadia Finance Hack,2025-07-15
0x8af7d2012114a06009581b06645637bbab7877f8,ETH,exploit,revokecash,malicious spender/exploit,Arcadia Finance Hack,2025-07-15
0x4fb49b15ec67e8dd6c0b95c0482363b8d0c82b42,ETH,exploit,revokecash,malicious spender/exploit,Arcadia Finance Hack,2025-07-15
0x1ae0793bab318b0821d09feb81373ec52fccac07,ETH,exploit,revokecash,malicious spender/exploit,Arcadia Finance Hack,2025-07-15
0xd6821c947cb0baf207299a28b4d54f6baf83a294,ETH,exploit,revokecash,malicious spender/exploit,Arcadia Finance Hack,2025-07-15
0x677a5a3ed689f97739c8e29d6314b098d12092b0,ETH,exploit,revokecash,malicious spender/exploit,Arcadia Finance Hack,2025-07-15
0xe74fa0d7fdb020fdad5a737914879084413e9407,ETH,exploit,revokecash,malicious spender/exploit,Arcadia Finance Hack,2025-07-15
0x96314e0464cf7c237a3713186918377be042d9c0,ETH,exploit,revokecash,malicious spender/exploit,Arcadia Finance Hack,2025-07-15
0x12823bd2ede215c42ef15211ae5d9fd8f33e9547,ETH,exploit,revokecash,malicious spender/exploit,Arcadia Finance Hack,2025-07-15
0x634f422374183cbf170b3eeb45245be292b11a02,ETH,exploit,revokecash,malicious spender/exploit,Arcadia Finance Hack,2025-07-15
0xe5896b28c226ace3ce4c399caa18f3bd33652e16,ETH,exploit,revokecash,malicious spender/exploit,Arcadia Finance Hack,2025-07-15
0xc54c69fb5ad0d472a33a68a375a201ed2f1b278e,ETH,exploit,revokecash,malicious spender/exploit,Arcadia Finance Hack,2025-07-15
0xe5ddb9b66fa464719372736bf71fbefff2657766,ETH,exploit,revokecash,malicious spender/exploit,Arcadia Finance Hack,2025-07-15
0xbad87e52fb788397cf56f0a4b7ea2cc6d995ea5a,ETH,exploit,revokecash,malicious spender/exploit,Arcadia Finance Hack,2025-07-15
0x9ec65eeab4283399c8837719d5bc69b3ffbc720d,ETH,exploit,revokecash,malicious spender/exploit,Arcadia Finance Hack,2025-07-15
0x065b5cdba11ee944850e1a60f162d5af38ca499f,ETH,exploit,revokecash,malicious spender/exploit,Arcadia Finance Hack,2025-07-15
0x5167a072c05859a580d06a6e2d5d0176ab831fc7,ETH,exploit,revokecash,malicious spender/exploit,Arcadia Finance Hack,2025-07-15
0xa526df90d999828f518d0ab11f9a567cb7e641d0,ETH,exploit,revokecash,malicious spender/exploit,Arcadia Finance Hack,2025-07-15
0xe85b8377880cbd1e7e1c36c9fa691ebdb4d2efd6,ETH,exploit,revokecash,malicious spender/exploit,Arcadia Finance Hack,2025-07-15
0xa1065772bba28b480a61385ebada99a71a2d06ce,ETH,exploit,revokecash,malicious spender/exploit,Arcadia Finance Hack,2025-07-15
0x19accf1623d9865c998c421fa2dfc29d8aa5aa40,ETH,exploit,revokecash,malicious spender/exploit,Arcadia Finance Hack,2025-07-15
0xf3d883625b758b4a1224d70efc7f6fdde1609c3d,ETH,exploit,revokecash,malicious spender/exploit,Arcadia Finance Hack,2025-07-15
0xf6264274c690738690b90be65c5340ace117a60e,ETH,exploit,revokecash,malicious spender/exploit,Arcadia Finance Hack,2025-07-15
0xd6ed3f0d0d4e55c8cdeb9c5f670f9e11134de24c,ETH,exploit,revokecash,malicious spender/exploit,Arcadia Finance Hack,2025-07-15
0x7dbc6ddedacca2abcd4307df0c32af0ba0fe25e7,ETH,exploit,revokecash,malicious spender/exploit,Arcadia Finance Hack,2025-07-15
0x24cfc46ae2cb8d6f12c598ce939d12928b77ce56,ETH,exploit,revokecash,malicious spender/exploit,Arcadia Finance Hack,2025-07-15
0x35b8f09cb056b1b7199c8ca680d233b6985cfd78,ETH,exploit,revokecash,malicious spender/exploit,Arcadia Finance Hack,2025-07-15
0x00f5d5dd545f73fb63360bc7e23de1d525fc9630,ETH,exploit,revokecash,malicious spender/exploit,Arcadia Finance Hack,2025-07-15
0x307bab45b861787dae2e574a5a9ac73c67d379fd,ETH,exploit,revokecash,malicious spender/exploit,Arcadia Finance Hack,2025-07-15
0x12b47dddcb328f082f8a78570a41feaf7baca831,ETH,exploit,revokecash,malicious spender/exploit,Arcadia Finance Hack,2025-07-15
0x724d4891ed0663fa17594242bffc2513932ab0fb,ETH,exploit,revokecash,malicious spender/exploit,Arcadia Finance Hack,2025-07-15
0x0fa6e3c62bf95673c75e6fa6b2f602691e99d593,ETH,exploit,revokecash,malicious spender/exploit,Arcadia Finance Hack,2025-07-15
0x35696f6ca6151382b93af6fe2f07a9046facbcf0,ETH,exploit,revokecash,malicious spender/exploit,Arcadia Finance Hack,2025-07-15
0x5ec76da4fa448301207979107049880ff4a84b1a,ETH,exploit,revokecash,malicious spender/exploit,Arcadia Finance Hack,2025-07-15
0x29f480d706e3200380c00c45afda7c665faa4e62,ETH,exploit,revokecash,malicious spender/exploit,Arcadia Finance Hack,2025-07-15
0xc0707304da81677797e5702bc6116534bf958ce0,ETH,exploit,revokecash,malicious spender/exploit,Arcadia Finance Hack,2025-07-15
0x0e136c05a1c972ff4484e0baee80cbc697762e06,ETH,exploit,revokecash,malicious spender/exploit,Arcadia Finance Hack,2025-07-15
0x6aac46fba9274a2af92e5616baa837dcda147091,ETH,exploit,revokecash,malicious spender/exploit,Arcadia Finance Hack,2025-07-15
0x87b1c0c6740e7fdec6dec63ac0eb7be0b7602af9,ETH,exploit,revokecash,malicious spender/exploit,Arcadia Finance Hack,2025-07-15
0x893cb8b379f58029110b1b86e7da87df6e435b4e,ETH,exploit,revokecash,malicious spender/exploit,Arcadia Finance Hack,2025-07-15
0xf8bb7934bd5130d409f1d5cefd3242a787ab5d63,ETH,exploit,revokecash,malicious spender/exploit,Arcadia Finance Hack,2025-07-15
0xbb29e89fa2570a2e698e7117f7f6f0e5e62b7ef1,ETH,exploit,revokecash,malicious spender/exploit,Arcadia Finance Hack,2025-07-15
0xdf061c629edd04c0550d61fa475148fa6d8d0073,ETH,exploit,revokecash,malicious spender/exploit,Arcadia Finance Hack,2025-07-15
0xcf08d6582db451c8913f9d09f00b53be0ff285d6,ETH,exploit,revokecash,malicious spender/exploit,Arcadia Finance Hack,2025-07-15
0xe738ddc79ec7e1c7dd25cbd5e2ae4654dce38a12,ETH,exploit,revokecash,malicious spender/exploit,Arcadia Finance Hack,2025-07-15
0x14260ab6f6bc4dabf5eaa4203a87e251d490292a,ETH,exploit,revokecash,malicious spender/exploit,Arcadia Finance Hack,2025-07-15
0xe131112d639bb09a220eaaa11e6bae0407b21b36,ETH,exploit,revokecash,malicious spender/exploit,Arcadia Finance Hack,2025-07-15
0xb93e8729632bd200d29349915b26d0a6477c4d62,ETH,exploit,revokecash,malicious spender/exploit,Arcadia Finance Hack,2025-07-15
0x7c41ad5d57499535f05ab1095f0ee99083ba6db8,ETH,exploit,revokecash,malicious spender/exploit,Arcadia Finance Hack,2025-07-15
0xd4705ddb34ff5c6151dc1650aa95c3038ace1e1f,ETH,exploit,revokecash,malicious spender/exploit,Arcadia Finance Hack,2025-07-15
0x1073399df2146bc8f86856c3435074039a2ec688,ETH,exploit,revokecash,malicious spender/exploit,Arcadia Finance Hack,2025-07-15
0xdb374ae4e5379161fcbc4be1516e2f229b5a5f38,ETH,exploit,revokecash,malicious spender/exploit,Arcadia Finance Hack,2025-07-15
0x76be381777495b51607881369d24a0a1d0d02963,ETH,exploit,revokecash,malicious spender/exploit,Arcadia Finance Hack,2025-07-15
0xfa5490b01d11e73d92fffe8c33413999d0655893,ETH,exploit,revokecash,malicious spender/exploit,Arcadia Finance Hack,2025-07-15
0xf96992d79f050e3aee93eee0789129758eb82d9f,ETH,exploit,revokecash,malicious spender/exploit,Arcadia Finance Hack,2025-07-15
0xfb70b3534080f4f69b773cc5c1112385fac86585,ETH,exploit,revokecash,malicious spender/exploit,Arcadia Finance Hack,2025-07-15
0xd483a75ce03b289a776d208967377c1acd2525fd,ETH,exploit,revokecash,malicious spender/exploit,Arcadia Finance Hack,2025-07-15
0x8801c0f9b1b82c5ae1000c61a8f6adaa5fd27c99,ETH,exploit,revokecash,malicious spender/exploit,Arcadia Finance Hack,2025-07-15
0x9771cbfa7a52248d6f0c2bc7f971c8ce4ca19336,ETH,exploit,revokecash,malicious spender/exploit,Arcadia Finance Hack,2025-07-15
0xb4dca6341db900fdb170493b4f290a9be286af49,ETH,exploit,revokecash,malicious spender/exploit,Arcadia Finance Hack,2025-07-15
0x18fc8fc2cf87becc4061c2399e13df8e05e90dce,ETH,exploit,revokecash,malicious spender/exploit,Arcadia Finance Hack,2025-07-15
0x363e162d09fe982dd8eb4cb1dd9169c31fb6e69f,ETH,exploit,revokecash,malicious spender/exploit,Arcadia Finance Hack,2025-07-15
0x1d511fa1223feadc44e909416c3a05f879ee12d7,ETH,exploit,revokecash,malicious spender/exploit,Arcadia Finance Hack,2025-07-15
0xe02f2615860f8a58611a2ca3cb8398fd6242cead,ETH,exploit,revokecash,malicious spender/exploit,Arcadia Finance Hack,2025-07-15
0xdaffed84a82ed98537731f85f32b3f70bb3cf4a1,ETH,exploit,revokecash,malicious spender/exploit,Arcadia Finance Hack,2025-07-15
0x8c1b669362400a6b409294c27300780f1d30e25b,ETH,exploit,revokecash,malicious spender/exploit,Arcadia Finance Hack,2025-07-15
0x2962bb7d4b7225f848d4477b1c580ec4e0c2e1a7,ETH,exploit,revokecash,malicious spender/exploit,Arcadia Finance Hack,2025-07-15
0x5ecad00e24a54800a57c8a6c6f3f1aec7991214e,ETH,exploit,revokecash,malicious spender/exploit,Arcadia Finance Hack,2025-07-15
0xc058f2b52e5121efb54f68f63fbff162e2772f4c,ETH,exploit,revokecash,malicious spender/exploit,Arcadia Finance Hack,2025-07-15
0x317f0f4c0b1c665e26d6e96c155fd6f567dd03bc,ETH,exploit,revokecash,malicious spender/exploit,Arcadia Finance Hack,2025-07-15
0xd27ce2b321a054b32a00c4af244b18205df19230,ETH,exploit,revokecash,malicious spender/exploit,Arcadia Finance Hack,2025-07-15
0xe054e6c56df3ea0c3a3bdbdbd4f5cdc05d37d11c,ETH,exploit,revokecash,malicious spender/exploit,Arcadia Finance Hack,2025-07-15
0x68218530dc21501c5a0cd439e848a773d7b1915d,ETH,exploit,revokecash,malicious spender/exploit,Arcadia Finance Hack,2025-07-15
0x12c4b9659451c2293ae2beed72f91298a423b14b,ETH,exploit,revokecash,malicious spender/exploit,Arcadia Finance Hack,2025-07-15
0xc0ebb66731e1132c2d1617c33e7a544f4b279740,ETH,exploit,revokecash,malicious spender/exploit,Arcadia Finance Hack,2025-07-15
0x16978f8a460bde733b6da19940bedf583cb7f469,ETH,exploit,revokecash,malicious spender/exploit,Arcadia Finance Hack,2025-07-15
0x9bf5bb9829a7588da9e1b649e521b0896f654056,ETH,exploit,revokecash,malicious spender/exploit,Arcadia Finance Hack,2025-07-15
0xfa8f319863cc0c0eb4a5d82483d949a23b93786b,ETH,exploit,revokecash,malicious spender/exploit,Arcadia Finance Hack,2025-07-15
0xe758b3b15d95d74ef7075b690354eccd08c97673,ETH,exploit,revokecash,malicious spender/exploit,Arcadia Finance Hack,2025-07-15
0x155863426e1087f6764ff616500a4164ae3afa12,ETH,exploit,revokecash,malicious spender/exploit,Arcadia Finance Hack,2025-07-15
0xfc1adb029fe783d9d4aee107ba796633827b6c3c,ETH,exploit,revokecash,malicious spender/exploit,Arcadia Finance Hack,2025-07-15
0xbcb3a2332d4d58fc99e8b1824f6ffec5442e63fb,ETH,exploit,revokecash,malicious spender/exploit,Arcadia Finance Hack,2025-07-15
0x2c79de1691af76096c9c50ddf417e8be0042cfd9,ETH,exploit,revokecash,malicious spender/exploit,Arcadia Finance Hack,2025-07-15
0x9c54e6013cc16ad4357da07fa2d76748924192ed,ETH,exploit,revokecash,malicious spender/exploit,Arcadia Finance Hack,2025-07-15
0x51106688076699adf9c24280d4778be087c9c6ac,ETH,exploit,revokecash,malicious spender/exploit,Arcadia Finance Hack,2025-07-15
0x6490d3c328034f5052da98faaa3e5a4d7f9f05f4,ETH,exploit,revokecash,malicious spender/exploit,Arcadia Finance Hack,2025-07-15
0x2c0aab290b1bdebd5e6feaff3c652d7a41d0a690,ETH,exploit,revokecash,malicious spender/exploit,Arcadia Finance Hack,2025-07-15
0x870a32dfe1766a235fe2265e77fcc1cb07e37451,ETH,exploit,revokecash,malicious spender/exploit,Arcadia Finance Hack,2025-07-15
0x67a9c6eecfc6e58410135c236616abaaceb74bfb,ETH,exploit,revokecash,malicious spender/exploit,Arcadia Finance Hack,2025-07-15
0x4ea9415ca774148ed8e91283002fc601698397fb,ETH,exploit,revokecash,malicious spender/exploit,Arcadia Finance Hack,2025-07-15
0xdfd444087d133d4e415de9ceeaef921903c9db95,ETH,exploit,revokecash,malicious spender/exploit,Arcadia Finance Hack,2025-07-15
0xc4eb430696aebee89fd3e040140f673af2611074,ETH,exploit,revokecash,malicious spender/exploit,Arcadia Finance Hack,2025-07-15
0x528a6c413ba8576e67250b10e5e8023bbbe8f000,ETH,exploit,revokecash,malicious spender/exploit,Arcadia Finance Hack,2025-07-15
0x11d04c03145f96e502b22e130ef3ff28378e9f95,ETH,exploit,revokecash,malicious spender/exploit,Arcadia Finance Hack,2025-07-15
0x5ab270e01afb021da8510bf217b0ae1dfd779898,ETH,exploit,revokecash,malicious spender/exploit,Arcadia Finance Hack,2025-07-15
0xcb88c9a4151b140a53b97df4948b3fd76ad795f0,ETH,exploit,revokecash,malicious spender/exploit,Arcadia Finance Hack,2025-07-15
0xb9bbcd7fae60889e054dd54bab30efff70683774,ETH,exploit,revokecash,malicious spender/exploit,Arcadia Finance Hack,2025-07-15
0x5064916241845b162685ac884128de5fe3da84b9,ETH,exploit,revokecash,malicious spender/exploit,Arcadia Finance Hack,2025-07-15
0xa55fba9dc854842c12bb25bd82da4a29188c6695,ETH,exploit,revokecash,malicious spender/exploit,Arcadia Finance Hack,2025-07-15
0xa0b9c382a92f7217ccd77b9d8ddc94beac9f903f,ETH,exploit,revokecash,malicious spender/exploit,Arcadia Finance Hack,2025-07-15
0x51840b185f72d7fe87b25a44493940d5c8562e9e,ETH,exploit,revokecash,malicious spender/exploit,Arcadia Finance Hack,2025-07-15
0x48044dce5c5ab25cd37846202207a154bfc0d2d0,ETH,exploit,revokecash,malicious spender/exploit,Arcadia Finance Hack,2025-07-15
0xa7a56dd528abb92b83f6260a6b1410366d5f65d4,ETH,exploit,revokecash,malicious spender/exploit,Arcadia Finance Hack,2025-07-15
0x3158373c6219a8787c5c04e330b53bcf285cc16b,ETH,exploit,revokecash,malicious spender/exploit,Arcadia Finance Hack,2025-07-15
0x897fd26bbc48d8bf7714c86f5b4b656732d36651,ETH,exploit,revokecash,malicious spender/exploit,Arcadia Finance Hack,2025-07-15
0x805946c2ee917ecda2beda07f50b3e9b1f1c382d,ETH,exploit,revokecash,malicious spender/exploit,Arcadia Finance Hack,2025-07-15
0x6df8089668722aed61a5bb76a755e099cf551fb7,ETH,exploit,revokecash,malicious spender/exploit,Arcadia Finance Hack,2025-07-15
0x98e5ea0f0ab33632684c6a84cd2bd6dcfad8ebd7,ETH,exploit,revokecash,malicious spender/exploit,Arcadia Finance Hack,2025-07-15
0x8dfc10fe66827e69c1d242f6f0ec8f4f2dfb916f,ETH,exploit,revokecash,malicious spender/exploit,Arcadia Finance Hack,2025-07-15
0xd5deb1dc9146d4513f4df4dcc321f1d66bf18d1c,ETH,exploit,revokecash,malicious spender/exploit,Arcadia Finance Hack,2025-07-15
0x6e3b550782f10e00ff4ef64bfed79cdb24fa36f3,ETH,exploit,revokecash,malicious spender/exploit,Arcadia Finance Hack,2025-07-15
0x124c20d00f67674eb23c63d08f39a60f7c6440cd,ETH,exploit,revokecash,malicious spender/exploit,Arcadia Finance Hack,2025-07-15
0x70083e88e1c651302f5f706bd225cf71e9a0d4ac,ETH,exploit,revokecash,malicious spender/exploit,Arcadia Finance Hack,2025-07-15
0x9f0f5caf05f2ede60e9f978bcbfb25e78ccb1d6b,ETH,exploit,revokecash,malicious spender/exploit,Arcadia Finance Hack,2025-07-15
0x49c6508e6e729871174380807e589598bfb29934,ETH,exploit,revokecash,malicious spender/exploit,Arcadia Finance Hack,2025-07-15
0x9e5b2019af85056f010a69f2d877891ca253b854,ETH,exploit,revokecash,malicious spender/exploit,Arcadia Finance Hack,2025-07-15
0xbe1fce0dfe9d4406ba3381c2f580b52ebc356df0,ETH,exploit,revokecash,malicious spender/exploit,Arcadia Finance Hack,2025-07-15
0xaadde9fc50bc170ca9c4b866fd909da0f0528f3f,ETH,exploit,revokecash,malicious spender/exploit,Arcadia Finance Hack,2025-07-15
0x9a708a65d358bb2cb9eef7f2851557acf8c1e5a3,ETH,exploit,revokecash,malicious spender/exploit,Arcadia Finance Hack,2025-07-15
0xaa35ed210391ff48d81b1852000bb0c061f8229f,ETH,exploit,revokecash,malicious spender/exploit,Arcadia Finance Hack,2025-07-15
0x495cf8cb775591c74d12efa4f9910472d57fbcef,ETH,exploit,revokecash,malicious spender/exploit,Arcadia Finance Hack,2025-07-15
0x85c1ba55db0819fee468c4bce2433094fbb2b22c,ETH,exploit,revokecash,malicious spender/exploit,Arcadia Finance Hack,2025-07-15
0x51c0660cc50d5a742b5f0aba5a61cfb991c19929,ETH,exploit,revokecash,malicious spender/exploit,Arcadia Finance Hack,2025-07-15
0xbdc978647964f86cb64a183e2bae809031a6317f,ETH,exploit,revokecash,malicious spender/exploit,Arcadia Finance Hack,2025-07-15
0x780d7608dc1bb0f8627be45edcd1289fd75517a9,ETH,exploit,revokecash,malicious spender/exploit,Arcadia Finance Hack,2025-07-15
0x07404a59ce8d23813dde9c3314bb84f186da863c,ETH,exploit,revokecash,malicious spender/exploit,Arcadia Finance Hack,2025-07-15
0xd628c58a78935e259f5baec5408829a1bd6e57d9,ETH,exploit,revokecash,malicious spender/exploit,Arcadia Finance Hack,2025-07-15
0x11feb8f677c6ce9225c9e32edcc031e8a247de82,ETH,exploit,revokecash,malicious spender/exploit,Arcadia Finance Hack,2025-07-15
0xd6fad4b557f4de41e5cc667582d20da401ab2c87,ETH,exploit,revokecash,malicious spender/exploit,Arcadia Finance Hack,2025-07-15
0x8e1828889c8295f7ce43e1a4c0ee318e41c989a9,ETH,exploit,revokecash,malicious spender/exploit,Arcadia Finance Hack,2025-07-15
0x42cb201d5c135f813c1c73342c861dfdcf226b53,ETH,exploit,revokecash,malicious spender/exploit,Arcadia Finance Hack,2025-07-15
0xd21f9a074539349e0f7e8499c3647c26f3b26bc1,ETH,exploit,revokecash,malicious spender/exploit,Arcadia Finance Hack,2025-07-15
0xf1a05dab49c4642992827933452abaf3b3f38477,ETH,exploit,revokecash,malicious spender/exploit,Arcadia Finance Hack,2025-07-15
0x75979136b5369423135ce5deae7c5519351a48f8,ETH,exploit,revokecash,malicious spender/exploit,Arcadia Finance Hack,2025-07-15
0x6cfdae5b43cccf4165e408279368550b52819042,ETH,exploit,revokecash,malicious spender/exploit,Arcadia Finance Hack,2025-07-15
0x391bc81fa6e38094a2fc65487261c9d5d1f3a7ce,ETH,exploit,revokecash,malicious spender/exploit,Arcadia Finance Hack,2025-07-15
0x5e24cbdb9b5094f2ef8eabe605b13d78fc693c0e,ETH,exploit,revokecash,malicious spender/exploit,Arcadia Finance Hack,2025-07-15
0x5a035a6297411988f05cdd7702f36bbe9cc05a6d,ETH,exploit,revokecash,malicious spender/exploit,Arcadia Finance Hack,2025-07-15
0x04c8c3c315c1d6c09f7ae1a9d8fb1aafb09fb177,ETH,exploit,revokecash,malicious spender/exploit,Arcadia Finance Hack,2025-07-15
0x5c4720c4b3dba5602a83d1862c09ed4540ee7595,ETH,exploit,revokecash,malicious spender/exploit,Arcadia Finance Hack,2025-07-15
0x54b9f9a0252d436eaa4751c3fabbc1a993ecf2d3,ETH,exploit,revokecash,malicious spender/exploit,Arcadia Finance Hack,2025-07-15
0x8d82e666f5787c455f4aa676f2821649d73cedec,ETH,exploit,revokecash,malicious spender/exploit,Arcadia Finance Hack,2025-07-15
0x6788f63b3fb401506462b41b89400f26a46aeef9,ETH,exploit,revokecash,malicious spender/exploit,Arcadia Finance Hack,2025-07-15
0x1d0b21051b5126b44f2619c83c4d568a826effe9,ETH,exploit,revokecash,malicious spender/exploit,Arcadia Finance Hack,2025-07-15
0x22e9aa75ca5fe2f7cfb8c8c706d990204d6c94b8,ETH,exploit,revokecash,malicious spender/exploit,Arcadia Finance Hack,2025-07-15
0x0e5e4cbad5d8cd53bf7d4944c41b8f5430548f8b,ETH,exploit,revokecash,malicious spender/exploit,Arcadia Finance Hack,2025-07-15
0xea5d8fbeb33f728e28663351dc06abdc395eb631,ETH,exploit,revokecash,malicious spender/exploit,Arcadia Finance Hack,2025-07-15
0x3d85ff6ee24314496063670326815080d0434f5c,ETH,exploit,revokecash,malicious spender/exploit,Arcadia Finance Hack,2025-07-15
0x426371fdfb8e98cbf744ba54642c8bc493899e63,ETH,exploit,revokecash,malicious spender/exploit,Arcadia Finance Hack,2025-07-15
0x9d0753e327c19e1ec512befad8c37922bc292fdd,ETH,exploit,revokecash,malicious spender/exploit,Arcadia Finance Hack,2025-07-15
0xcd820e206328aa9e222679c9b9697944975f4aa8,ETH,exploit,revokecash,malicious spender/exploit,Arcadia Finance Hack,2025-07-15
0x5dadb9e388cd39d578a138d97128f32744bcc45d,ETH,exploit,revokecash,malicious spender/exploit,Arcadia Finance Hack,2025-07-15
0x20cb32d5e1cf95391460b2a9b7175452eb73c97a,ETH,exploit,revokecash,malicious spender/exploit,Arcadia Finance Hack,2025-07-15
0xa21f9e4400986e51261ed51fd6f7745224d9f581,ETH,exploit,revokecash,malicious spender/exploit,Arcadia Finance Hack,2025-07-15
0x9e5f9c9fe1de785bbfd2e92534db3433a5461bb9,ETH,exploit,revokecash,malicious spender/exploit,Arcadia Finance Hack,2025-07-15
0x034ed28d030ffc4fc66f7d0597a832539dcc320b,ETH,exploit,revokecash,malicious spender/exploit,Arcadia Finance Hack,2025-07-15
0x0e260b9b60ff603facdb82a6047a0f9a90db4c2a,ETH,exploit,revokecash,malicious spender/exploit,Arcadia Finance Hack,2025-07-15
0xb88d070d20e684aeeadce344b4813bdce40849a0,ETH,exploit,revokecash,malicious spender/exploit,Arcadia Finance Hack,2025-07-15
0x93cd56bc0528b34653af915b8a2c63cee25931da,ETH,exploit,revokecash,malicious spender/exploit,Arcadia Finance Hack,2025-07-15
0x773a1dacb09cf492e762b5c1f80d83ff9cb89f5a,ETH,exploit,revokecash,malicious spender/exploit,Arcadia Finance Hack,2025-07-15
0x2825080c529b955dc240ad4ebb52ec6d13b5af08,ETH,exploit,revokecash,malicious spender/exploit,Arcadia Finance Hack,2025-07-15
0x4aa526039fa34eee50424b2912ae974d286981a1,ETH,exploit,revokecash,malicious spender/exploit,Arcadia Finance Hack,2025-07-15
0xc483e5d71f03b43989275aa460722f23b082f467,ETH,exploit,revokecash,malicious spender/exploit,Arcadia Finance Hack,2025-07-15
0xa7632756c534efe17e7123d05cd7e10edef267e1,ETH,exploit,revokecash,malicious spender/exploit,Arcadia Finance Hack,2025-07-15
0xe1be6dd705c1c865189e187557adaf8b8dd1ed27,ETH,exploit,revokecash,malicious spender/exploit,Arcadia Finance Hack,2025-07-15
0x49ab4977284fbbb2eb57f05d7242cb33f3c39d4f,ETH,exploit,revokecash,malicious spender/exploit,Arcadia Finance Hack,2025-07-15
0x81b7b1106908cdb88bc671836621fc0be7308e4c,ETH,exploit,revokecash,malicious spender/exploit,Arcadia Finance Hack,2025-07-15
0x37690ff608e031f275532b67cfdc89953d57b003,ETH,exploit,revokecash,malicious spender/exploit,Arcadia Finance Hack,2025-07-15
0x9affa35f00719ca697f9d032454dde8734c9f30a,ETH,exploit,revokecash,malicious spender/exploit,Arcadia Finance Hack,2025-07-15
0x91a1ba9eb486907e6b7b2f38858a1cbb1c78374e,ETH,exploit,revokecash,malicious spender/exploit,Arcadia Finance Hack,2025-07-15
0x84953727056c7657cc59833525c6766e0a1d708a,ETH,exploit,revokecash,malicious spender/exploit,Arcadia Finance Hack,2025-07-15
0x8a927474e0dda5894ddf13de36429a67b89a2e40,ETH,exploit,revokecash,malicious spender/exploit,Arcadia Finance Hack,2025-07-15
0x6c8f1e75b9abeb1e905559897850a899b70a1e8b,ETH,exploit,revokecash,malicious spender/exploit,Arcadia Finance Hack,2025-07-15
0x8523f5051985ea5bde2660f4721de5994f428cab,ETH,exploit,revokecash,malicious spender/exploit,Arcadia Finance Hack,2025-07-15
0x89c18b05f467570316bb223aa75e7d9901e89d61,ETH,exploit,revokecash,malicious spender/exploit,Arcadia Finance Hack,2025-07-15
0x82a21a976c0c538e9af36e5a28a18fad0834ed71,ETH,exploit,revokecash,malicious spender/exploit,Arcadia Finance Hack,2025-07-15
0xf673b5f14a4c8e58b5d316927c0d995a3f7e7cb7,ETH,exploit,revokecash,malicious spender/exploit,Arcadia Finance Hack,2025-07-15
0x572a3f8d8878e122f6b60591c81ecb6127296162,ETH,exploit,revokecash,malicious spender/exploit,Arcadia Finance Hack,2025-07-15
0x9f7bfa604c78f3c2d2668de3848cd2833deda490,ETH,exploit,revokecash,malicious spender/exploit,Arcadia Finance Hack,2025-07-15
0x8ba8f837cd838361d2403215c536df7335179667,ETH,exploit,revokecash,malicious spender/exploit,Arcadia Finance Hack,2025-07-15
0x016f7dc68f0770470d8386eb00a17ef3c4759faf,ETH,exploit,revokecash,malicious spender/exploit,Arcadia Finance Hack,2025-07-15
0xeb234dded4db4dfe76b915242cff9819018f3c97,ETH,exploit,revokecash,malicious spender/exploit,Arcadia Finance Hack,2025-07-15
0x8924000c9c79beb0f80999c2e2b9adb131e579cb,ETH,exploit,revokecash,malicious spender/exploit,Arcadia Finance Hack,2025-07-15
0xbade86f029a147918da68cdf4f214947c652f51b,ETH,exploit,revokecash,malicious spender/exploit,Arcadia Finance Hack,2025-07-15
0xd17f5856b300ae9aa662dd30a1ea126d5e417fa1,ETH,exploit,revokecash,malicious spender/exploit,Arcadia Finance Hack,2025-07-15
0xe34076b9438498cbb40580865105c3e640bc2571,ETH,exploit,revokecash,malicious spender/exploit,Arcadia Finance Hack,2025-07-15
0x9609cd397f71277ace0313554e532be261d95df5,ETH,exploit,revokecash,malicious spender/exploit,Arcadia Finance Hack,2025-07-15
0x45820fa21cf30d47e77418b979c875eb94652d94,ETH,exploit,revokecash,malicious spender/exploit,Arcadia Finance Hack,2025-07-15
0x179ea836ad96bccbfa32b57b59a4d1b8555869fd,ETH,exploit,revokecash,malicious spender/exploit,Arcadia Finance Hack,2025-07-15
0x1b6dfebcce0239e57e7065331bc87260e0752fed,ETH,exploit,revokecash,malicious spender/exploit,Arcadia Finance Hack,2025-07-15
0xeda930a9ff8aad4306a7006785ce4d2b3da30cd3,ETH,exploit,revokecash,malicious spender/exploit,Arcadia Finance Hack,2025-07-15
0x78adc55c02e1967a4e5ece13c654e96366351550,ETH,exploit,revokecash,malicious spender/exploit,Arcadia Finance Hack,2025-07-15
0x889200630a814b817b101ceeadf2f51d64f01487,ETH,exploit,revokecash,malicious spender/exploit,Arcadia Finance Hack,2025-07-15
0x990320c2a1175097cb7d2464c2594d2d23640965,ETH,exploit,revokecash,malicious spender/exploit,Arcadia Finance Hack,2025-07-15
0x4f7ba75f8e3378247366870e3639373272b6787f,ETH,exploit,revokecash,malicious spender/exploit,Arcadia Finance Hack,2025-07-15
0x66b5548bf8852a790af26dbe287561c20ed355af,ETH,exploit,revokecash,malicious spender/exploit,Arcadia Finance Hack,2025-07-15
0xb2cfe4bbeba9d6169f9dabeaabcfb0e2cc3948fd,ETH,exploit,revokecash,malicious spender/exploit,Arcadia Finance Hack,2025-07-15
0x136a611d1432a7f623159d5e560e6a01765163f5,ETH,exploit,revokecash,malicious spender/exploit,Arcadia Finance Hack,2025-07-15
0x4a261772fb15c21033143777169d7a127639838e,ETH,exploit,revokecash,malicious spender/exploit,Arcadia Finance Hack,2025-07-15
0x8d1f4f455d2f804ac0da7c61cb3970fff1663673,ETH,exploit,revokecash,malicious spender/exploit,Arcadia Finance Hack,2025-07-15
0x808628448f8616379236ae62c330f06009ae6d6f,ETH,exploit,revokecash,malicious spender/exploit,Arcadia Finance Hack,2025-07-15
0x6f96e3ecba69034269e945025ea932f03e5b6450,ETH,exploit,revokecash,malicious spender/exploit,Arcadia Finance Hack,2025-07-15
0x26ca1bbbc42f8068e34857fc2878944da803d598,ETH,exploit,revokecash,malicious spender/exploit,Arcadia Finance Hack,2025-07-15
0xafd65689b8a0585b4b4f3109b378e969cc37cd66,ETH,exploit,revokecash,malicious spender/exploit,Arcadia Finance Hack,2025-07-15
0x136d66d9bb4bceb7256eff6a6ec01c4a8a6abbe7,ETH,exploit,revokecash,malicious spender/exploit,Arcadia Finance Hack,2025-07-15
0x319f8489809e8dac6b56ef6b2bf961ae36dbe026,ETH,exploit,revokecash,malicious spender/exploit,Arcadia Finance Hack,2025-07-15
0x0ca900064c2fca684bf14bf883f13187eb15e486,ETH,exploit,revokecash,malicious spender/exploit,Arcadia Finance Hack,2025-07-15
0x5dff1e424075f48827f6dbc45f9651ab0c552f70,ETH,exploit,revokecash,malicious spender/exploit,Arcadia Finance Hack,2025-07-15
0x59aaeb381553a35062735aba949be9c09618c4ab,ETH,exploit,revokecash,malicious spender/exploit,Arcadia Finance Hack,2025-07-15
0xc2f698c74c715b01a3c4ea5e6984b61881bd0d72,ETH,exploit,revokecash,malicious spender/exploit,Arcadia Finance Hack,2025-07-15
0x971bba59678215121f58e55c6023faedf323aafe,ETH,exploit,revokecash,malicious spender/exploit,Arcadia Finance Hack,2025-07-15
0x014fd64009d51427880a137bb21a4b196d644231,ETH,exploit,revokecash,malicious spender/exploit,Arcadia Finance Hack,2025-07-15
0x3d530c2c85581dc3c7ebc0be9d45cc129970b04e,ETH,exploit,revokecash,malicious spender/exploit,Arcadia Finance Hack,2025-07-15
0xe7aed42a9ee692c29398298520ee5c4f87ebb770,ETH,exploit,revokecash,malicious spender/exploit,Arcadia Finance Hack,2025-07-15
0x866566b86b7b0c4b1c186c9d0b8f4fb707fe187a,ETH,exploit,revokecash,malicious spender/exploit,Arcadia Finance Hack,2025-07-15
0x7df5ccb15ed50d0e2c21eb7155846a4dbd83db6e,ETH,exploit,revokecash,malicious spender/exploit,Arcadia Finance Hack,2025-07-15
0x0f606e6c37b070ddb7544135501bb20a71f91133,ETH,exploit,revokecash,malicious spender/exploit,Arcadia Finance Hack,2025-07-15
0x68a6172b319c0390893ded2041f7f53d9b8f724c,ETH,exploit,revokecash,malicious spender/exploit,Arcadia Finance Hack,2025-07-15
0x87414adfcae8eccedab1bf1173c9cb2d8fd04344,ETH,exploit,revokecash,malicious spender/exploit,Arcadia Finance Hack,2025-07-15
0xe29ad6e2a6256900c3257fd762c5e66031ab0c44,ETH,exploit,revokecash,malicious spender/exploit,Arcadia Finance Hack,2025-07-15
0xe551efe4194249723b7c008ade017734551e36bd,ETH,exploit,revokecash,malicious spender/exploit,Arcadia Finance Hack,2025-07-15
0x8124ba08f0ab100bfea1d338dcb9e44dae1cb6f6,ETH,exploit,revokecash,malicious spender/exploit,Arcadia Finance Hack,2025-07-15
0x721e86b7f67a0f3318a90cb4f91810b0eca902e9,ETH,exploit,revokecash,malicious spender/exploit,Arcadia Finance Hack,2025-07-15
0xd2a49b613e3bbd7f9a37c6fb19bb566464f6d217,ETH,exploit,revokecash,malicious spender/exploit,Arcadia Finance Hack,2025-07-15
0x57cc1f8bc684a498312983f72c1d736c6cb76f2f,ETH,exploit,revokecash,malicious spender/exploit,Arcadia Finance Hack,2025-07-15
0xa02ca65d6e8c573157c59c70595601057e1d9368,ETH,exploit,revokecash,malicious spender/exploit,Arcadia Finance Hack,2025-07-15
0x05137912c064e0af839c504aae1151c5a01ef7d2,ETH,exploit,revokecash,malicious spender/exploit,Arcadia Finance Hack,2025-07-15
0x2f308c63de8fdad27b99596207a94eeb634645c5,ETH,exploit,revokecash,malicious spender/exploit,Arcadia Finance Hack,2025-07-15
0xa668f930f1fb5ac1058aeede3e569502e210d798,ETH,exploit,revokecash,malicious spender/exploit,Arcadia Finance Hack,2025-07-15
0x1336396da879c8364c47eb296a95e18c0206ddf6,ETH,exploit,revokecash,malicious spender/exploit,Arcadia Finance Hack,2025-07-15
0xf9f932ed2f374f54ce17380df25ebc375eea293f,ETH,exploit,revokecash,malicious spender/exploit,Arcadia Finance Hack,2025-07-15
0x59f3dddb109a1150f727388e7a51594b6d5cd6d3,ETH,exploit,revokecash,malicious spender/exploit,Arcadia Finance Hack,2025-07-15
0xfd256f1234eaf65fd0afb7f3d2a8e0b95faeefc1,ETH,exploit,revokecash,malicious spender/exploit,Arcadia Finance Hack,2025-07-15
0xcb4dd0057dbe7b67481555682344d157df74964a,ETH,exploit,revokecash,malicious spender/exploit,Arcadia Finance Hack,2025-07-15
0xa30840358785c8644148e7b6ac4be129d5261abf,ETH,exploit,revokecash,malicious spender/exploit,Arcadia Finance Hack,2025-07-15
0x5012fea13894bbc1be123ffe492744ea882e8fe9,ETH,exploit,revokecash,malicious spender/exploit,Arcadia Finance Hack,2025-07-15
0x07514cede59ad16ae5caf8ef88ab17bb59fa6eea,ETH,exploit,revokecash,malicious spender/exploit,Arcadia Finance Hack,2025-07-15
0xfc763411a827715ac0438bdd4f84084239fca8df,ETH,exploit,revokecash,malicious spender/exploit,Arcadia Finance Hack,2025-07-15
0xb29f1ca417b9a629cf7501d722335a717b1fbee9,ETH,exploit,revokecash,malicious spender/exploit,Arcadia Finance Hack,2025-07-15
0xe390f0d6f903ed674eb5be9d95db6bdfa49f0731,ETH,exploit,revokecash,malicious spender/exploit,Arcadia Finance Hack,2025-07-15
0x6d2970e884952bc620c6ceec4d9e877500b3c15f,ETH,exploit,revokecash,malicious spender/exploit,Arcadia Finance Hack,2025-07-15
0x072eff0071fa34b3bf0647230a0f3f3ca236c20a,ETH,exploit,revokecash,malicious spender/exploit,Arcadia Finance Hack,2025-07-15
0x3b7cb6c30550ea188c5ac63d87b559f6fa66e74d,ETH,exploit,revokecash,malicious spender/exploit,Arcadia Finance Hack,2025-07-15
0xc0d68f0bf8c16012dc21e22e7f98dc25f1ca5246,ETH,exploit,revokecash,malicious spender/exploit,Arcadia Finance Hack,2025-07-15
0x44744f85443b42b41ea06e4a9534e8a623ae331c,ETH,exploit,revokecash,malicious spender/exploit,Arcadia Finance Hack,2025-07-15
0xe3e472f2a1d5bd59afaa088660861f76ab94d079,ETH,exploit,revokecash,malicious spender/exploit,Arcadia Finance Hack,2025-07-15
0x94978ebfe2e301623bc783691d6724b88123868e,ETH,exploit,revokecash,malicious spender/exploit,Arcadia Finance Hack,2025-07-15
0x20b24f18533a35b86fe24fb3b7c9dcf78e9942f2,ETH,exploit,revokecash,malicious spender/exploit,Arcadia Finance Hack,2025-07-15
0xd0da4610c4fd89f0fb83d12df307ba6b6bdd6e26,ETH,exploit,revokecash,malicious spender/exploit,Arcadia Finance Hack,2025-07-15
0x8fe36ede9a8b4e71988f6bcfa57dcf835c25dd4a,ETH,exploit,revokecash,malicious spender/exploit,Arcadia Finance Hack,2025-07-15
0x6c5d31bd6e2f1338877a7d9d1f8318b3dcd954c1,ETH,exploit,revokecash,malicious spender/exploit,Arcadia Finance Hack,2025-07-15
0xc3b8095b999000b8c5149cc68e07415abf649acc,ETH,exploit,revokecash,malicious spender/exploit,Arcadia Finance Hack,2025-07-15
0x0b987235c72d2dfa166b7c3f6088d1bd8f589d4c,ETH,exploit,revokecash,malicious spender/exploit,Arcadia Finance Hack,2025-07-15
0x4336e3aa6744d65867e45e34dab68a592f88c392,ETH,exploit,revokecash,malicious spender/exploit,Arcadia Finance Hack,2025-07-15
0x4d07b64024b3a2dde5f248bfb0b872818ba8b2f4,ETH,exploit,revokecash,malicious spender/exploit,Arcadia Finance Hack,2025-07-15
0xb915bef03d092f986d448f58cb39d3125669ff47,ETH,exploit,revokecash,malicious spender/exploit,Arcadia Finance Hack,2025-07-15
0x6f703aec5b4272292085785d21375ff867ec1d3b,ETH,exploit,revokecash,malicious spender/exploit,Arcadia Finance Hack,2025-07-15
0x52a600471c0f5b427dd089862768711c000d02cd,ETH,exploit,revokecash,malicious spender/exploit,Arcadia Finance Hack,2025-07-15
0x7d01b12e8e036dbbb06cd5fe6260fd04ac3c12ec,ETH,exploit,revokecash,malicious spender/exploit,Arcadia Finance Hack,2025-07-15
0xdb384f4b32b891d83b2d8f256b9d58ed29e3864f,ETH,exploit,revokecash,malicious spender/exploit,Arcadia Finance Hack,2025-07-15
0xb564c8307c2aabda038e4e6e4766a69396b675d5,ETH,exploit,revokecash,malicious spender/exploit,Arcadia Finance Hack,2025-07-15
0x1db5feaf6ccefc0867e7ed95908fc6d35ca4f90b,ETH,exploit,revokecash,malicious spender/exploit,Arcadia Finance Hack,2025-07-15
0x89387ec8fe934268a074edfd9712a85648e7ef85,ETH,exploit,revokecash,malicious spender/exploit,Arcadia Finance Hack,2025-07-15
0x0a5c989ae93e1b3a2e6392fe243347073abc0591,ETH,exploit,revokecash,malicious spender/exploit,Arcadia Finance Hack,2025-07-15
0xe86848296f3a20f78d859f45e46e5be1f058ce25,ETH,exploit,revokecash,malicious spender/exploit,Arcadia Finance Hack,2025-07-15
0xb9d04225dc1b020f9b94f6553d51f9d9ed26907e,ETH,exploit,revokecash,malicious spender/exploit,Arcadia Finance Hack,2025-07-15
0x86acca740d96ada8224279359ca74f5617fb91c9,ETH,exploit,revokecash,malicious spender/exploit,Arcadia Finance Hack,2025-07-15
0x50b0238858fb7f056a3f1b0d5c3d8ab3e7fa86e7,ETH,exploit,revokecash,malicious spender/exploit,Arcadia Finance Hack,2025-07-15
0x361948130258a70bac40c26e142cd91b6d4fccd0,ETH,exploit,revokecash,malicious spender/exploit,Arcadia Finance Hack,2025-07-15
0xb05c0c4ff0a11d293e2c97339981915486935cbf,ETH,exploit,revokecash,malicious spender/exploit,Arcadia Finance Hack,2025-07-15
0x055bde58c7040d8c124cdff06d1d5c39421244d5,ETH,exploit,revokecash,malicious spender/exploit,Arcadia Finance Hack,2025-07-15
0x6d592cb4da540cb397561d71c04e38b00f35a5fb,ETH,exploit,revokecash,malicious spender/exploit,Arcadia Finance Hack,2025-07-15
0x6ee7c8f54cebb7d966040b453f140e4133ca6fa2,ETH,exploit,revokecash,malicious spender/exploit,Arcadia Finance Hack,2025-07-15
0x4b241ed8db0e925296ce0a8db506c12725f41f28,ETH,exploit,revokecash,malicious spender/exploit,Arcadia Finance Hack,2025-07-15
0x8fd7f5eae5925cdadeba580e1770ec6fe5a6b156,ETH,exploit,revokecash,malicious spender/exploit,Arcadia Finance Hack,2025-07-15
0xbbe930adfabd198afbf9ecdedc36e06c2a60fd5d,ETH,exploit,revokecash,malicious spender/exploit,Arcadia Finance Hack,2025-07-15
0xc9980884aaa1491197801a17fb2ad1ca36fd4b98,ETH,exploit,revokecash,malicious spender/exploit,Arcadia Finance Hack,2025-07-15
0x17b854bf0af4e066524c53d19fa352bd3e6ccb8d,ETH,exploit,revokecash,malicious spender/exploit,Arcadia Finance Hack,2025-07-15
0x5ead46ab7ec02e4e764b469217dce023a926ca14,ETH,exploit,revokecash,malicious spender/exploit,Arcadia Finance Hack,2025-07-15
0x9435d31a5113be3a501b050110a49daffa198620,ETH,exploit,revokecash,malicious spender/exploit,Arcadia Finance Hack,2025-07-15
0x20d8ba5e1a94e8c849648e36624b651ed8c0768d,ETH,exploit,revokecash,malicious spender/exploit,Arcadia Finance Hack,2025-07-15
0x2285f508e6721d36530e04461112c9137c99ce81,ETH,exploit,revokecash,malicious spender/exploit,Arcadia Finance Hack,2025-07-15
0xbbc8ba7f161b5b6593f3b660250dedbdf1b74c11,ETH,exploit,revokecash,malicious spender/exploit,Arcadia Finance Hack,2025-07-15
0xc771ca26a370cd64c0568bfc9b14f4e627ff4e98,ETH,exploit,revokecash,malicious spender/exploit,Arcadia Finance Hack,2025-07-15
0x72f63ac07939ddc313f510c9bd4f233b94779b6b,ETH,exploit,revokecash,malicious spender/exploit,Arcadia Finance Hack,2025-07-15
0x42c4cde3c92b8565497574ce1b1d87d7dfd6f1bb,ETH,exploit,revokecash,malicious spender/exploit,Arcadia Finance Hack,2025-07-15
0xaf44c74cc1f1208b2bdf30be2b99dac31ceab2eb,ETH,exploit,revokecash,malicious spender/exploit,Arcadia Finance Hack,2025-07-15
0x573baddd2d53cee84b569ad7c90c873987ad57a3,ETH,exploit,revokecash,malicious spender/exploit,Arcadia Finance Hack,2025-07-15
0xa1779e5bc6143c1d699f92c1b0c4d888c24d0576,ETH,exploit,revokecash,malicious spender/exploit,Arcadia Finance Hack,2025-07-15
0x5a375cb771f01206be1fb5a69759061b860572cb,ETH,exploit,revokecash,malicious spender/exploit,Arcadia Finance Hack,2025-07-15
0xd4c84a8fe3c2486caf513dfe01b090dea876b3f3,ETH,exploit,revokecash,malicious spender/exploit,Arcadia Finance Hack,2025-07-15
0x1b9988ead7cf9d8973fd1e2f7535f62187bb896c,ETH,exploit,revokecash,malicious spender/exploit,Arcadia Finance Hack,2025-07-15
0xe3cf6e85c19d481c355ca0da6003fdd72c70496a,ETH,exploit,revokecash,malicious spender/exploit,Arcadia Finance Hack,2025-07-15
0xf9a14d1a7b1e694ea58f7b1595a687177d2222ed,ETH,exploit,revokecash,malicious spender/exploit,Arcadia Finance Hack,2025-07-15
0x8e040699ba11ca597b1658c0f2385d29bc721aee,ETH,exploit,revokecash,malicious spender/exploit,Arcadia Finance Hack,2025-07-15
0xa14c90494512a261b7119086ba82c3ac733bae8c,ETH,exploit,revokecash,malicious spender/exploit,Arcadia Finance Hack,2025-07-15
0xb76ed73a2bb75e2475013e65f0105b3a81229249,ETH,exploit,revokecash,malicious spender/exploit,Arcadia Finance Hack,2025-07-15
0xf8a2ff01940adc5dea6b988a9ad103acd5d1cbf0,ETH,exploit,revokecash,malicious spender/exploit,Arcadia Finance Hack,2025-07-15
0xaa5c79b31bd3547e3b46c829f81bcda6a6db501f,ETH,exploit,revokecash,malicious spender/exploit,Arcadia Finance Hack,2025-07-15
0x2682caffc5ca4ef683baffaf713abb30a4444962,ETH,exploit,revokecash,malicious spender/exploit,Arcadia Finance Hack,2025-07-15
0x9fc6353dc28fac047b98a3e30adf467807ed19ff,ETH,exploit,revokecash,malicious spender/exploit,Arcadia Finance Hack,2025-07-15
0xbbf1fa4d416aa7f558f4fe2ea0c2f92ccfeafd54,ETH,exploit,revokecash,malicious spender/exploit,Arcadia Finance Hack,2025-07-15
0x6d136ec2c20d8b9f851d355d2ea52ca5710a9d89,ETH,exploit,revokecash,malicious spender/exploit,Arcadia Finance Hack,2025-07-15
0xef6c4937320d494e10ac875664084f14bd031398,ETH,exploit,revokecash,malicious spender/exploit,Arcadia Finance Hack,2025-07-15
0xa5de18af687b6eef4ab68a16ec3554422771ba23,ETH,exploit,revokecash,malicious spender/exploit,Arcadia Finance Hack,2025-07-15
0x895044fe8ed118a966f30b444c39e1ce0369b9b1,ETH,exploit,revokecash,malicious spender/exploit,Arcadia Finance Hack,2025-07-15
0x90c05a0a7cf95be7641b35ded11e54cfed1519c5,ETH,exploit,revokecash,malicious spender/exploit,Arcadia Finance Hack,2025-07-15
0x113f3228361227a4c029ca72d53df06346c29d87,ETH,exploit,revokecash,malicious spender/exploit,Arcadia Finance Hack,2025-07-15
0xbd29a28a47770cc785a088be71cb99556064105d,ETH,exploit,revokecash,malicious spender/exploit,Arcadia Finance Hack,2025-07-15
0x77696cc3d5da34eb2b5487ad0f663c11746eeedf,ETH,exploit,revokecash,malicious spender/exploit,Arcadia Finance Hack,2025-07-15
0xcb18ac2bc03dd17779f510e985895abbf6dd611c,ETH,exploit,revokecash,malicious spender/exploit,Arcadia Finance Hack,2025-07-15
0x748bd745e2a4737beaa2085aec670fdc3f14d56b,ETH,exploit,revokecash,malicious spender/exploit,Arcadia Finance Hack,2025-07-15
0xd2485080708f6d3c6d3c3d610baf987453db909b,ETH,exploit,revokecash,malicious spender/exploit,Arcadia Finance Hack,2025-07-15
0x0adeb6cdd4c167a4e387b875bdf532e9b7b30d69,ETH,exploit,revokecash,malicious spender/exploit,Arcadia Finance Hack,2025-07-15
0xc9a8444a857c00beed25c0e05c0ccb4d1878c082,ETH,exploit,revokecash,malicious spender/exploit,Arcadia Finance Hack,2025-07-15
0xfb2e0bab0fd341af00efadee2d9e2541cd272529,ETH,exploit,revokecash,malicious spender/exploit,Arcadia Finance Hack,2025-07-15
0x2dfb2bceef23cebafbc916180b60ebedb329e7a4,ETH,exploit,revokecash,malicious spender/exploit,Arcadia Finance Hack,2025-07-15
0x112660704b91fbca596b986f1ead6b5850168ec1,ETH,exploit,revokecash,malicious spender/exploit,Arcadia Finance Hack,2025-07-15
0xb01e81ea386c16665d732ebf95509a6e0be2bc87,ETH,exploit,revokecash,malicious spender/exploit,Arcadia Finance Hack,2025-07-15
0xcbc7e98fddd1ef7abbca521df30266ddc6ac4328,ETH,exploit,revokecash,malicious spender/exploit,Arcadia Finance Hack,2025-07-15
0x731f1ec4d86901e1e82a90c158b5e2b01c7c9878,ETH,exploit,revokecash,malicious spender/exploit,Arcadia Finance Hack,2025-07-15
0xe538b9d7dffe2dffe4f7eef6bbee465a05571cd2,ETH,exploit,revokecash,malicious spender/exploit,Arcadia Finance Hack,2025-07-15
0xbc16fc5f545405bfa8ae7e8f4f4abf08f2bf7825,ETH,exploit,revokecash,malicious spender/exploit,Arcadia Finance Hack,2025-07-15
0x5e085756326d2ec99a87c9e689f2e84577a89712,ETH,exploit,revokecash,malicious spender/exploit,Arcadia Finance Hack,2025-07-15
0x8d713fc3eef24ce0cea9da19f9a0bc37fdf6932f,ETH,exploit,revokecash,malicious spender/exploit,Arcadia Finance Hack,2025-07-15
0x58a667ca1bc455327859f79983b9a3bd9152d5ff,ETH,exploit,revokecash,malicious spender/exploit,Arcadia Finance Hack,2025-07-15
0xe97fac65a6b140f69ab8fe484b3126a086bad9c8,ETH,exploit,revokecash,malicious spender/exploit,Arcadia Finance Hack,2025-07-15
0xd899f073fcae54f1585a5c358f859c403ff8e9d8,ETH,exploit,revokecash,malicious spender/exploit,Arcadia Finance Hack,2025-07-15
0xe133a9de633693b06fd188e2b72b8209737ceca2,ETH,exploit,revokecash,malicious spender/exploit,Arcadia Finance Hack,2025-07-15
0xc381975dd59471f1f183e78f083e8841cec77cce,ETH,exploit,revokecash,malicious spender/exploit,Arcadia Finance Hack,2025-07-15
0x7c33bb768ec8b46502e9fce8933d76a4b17dc149,ETH,exploit,revokecash,malicious spender/exploit,Arcadia Finance Hack,2025-07-15
0x7f3c51720b21efd04e333da098d62d38379d8f6c,ETH,exploit,revokecash,malicious spender/exploit,Arcadia Finance Hack,2025-07-15
0x9e1564c0c908b534da147a38bf07ec0958723d45,ETH,exploit,revokecash,malicious spender/exploit,Arcadia Finance Hack,2025-07-15
0x87acf621cfeee5564d5f53ca630b052dca84ad74,ETH,exploit,revokecash,malicious spender/exploit,Arcadia Finance Hack,2025-07-15
0x497861c4987be70d65b4658c60b65f7901d97450,ETH,exploit,revokecash,malicious spender/exploit,Arcadia Finance Hack,2025-07-15
0xad6c63d15ca59842c8d590e59eec0a74ea718196,ETH,exploit,revokecash,malicious spender/exploit,Arcadia Finance Hack,2025-07-15
0xb79d15b2bcbeac3fae20e75b396cc28f7c4bccb5,ETH,exploit,revokecash,malicious spender/exploit,Arcadia Finance Hack,2025-07-15
0xe92330b701ca62ab3b163b311c731aa249583c49,ETH,exploit,revokecash,malicious spender/exploit,Arcadia Finance Hack,2025-07-15
0xbe3408306e6c2bec2228208cc750a06d49fc5940,ETH,exploit,revokecash,malicious spender/exploit,Arcadia Finance Hack,2025-07-15
0xb43f37ca544b12db030eb87bbfe79aa599fb61af,ETH,exploit,revokecash,malicious spender/exploit,Arcadia Finance Hack,2025-07-15
0x6fdcbf6e64f3dc44f589ca3a916022541e33cdda,ETH,exploit,revokecash,malicious spender/exploit,Arcadia Finance Hack,2025-07-15
0x16209a4c5eede1401588964d94ddc6adea5b3248,ETH,exploit,revokecash,malicious spender/exploit,Arcadia Finance Hack,2025-07-15
0xd9e68553e55fb0c369f72c2b6c8a1d9733dcc98b,ETH,exploit,revokecash,malicious spender/exploit,Arcadia Finance Hack,2025-07-15
0xd17b03f4b5cf865d3c42155a0760e0e823b730b3,ETH,exploit,revokecash,malicious spender/exploit,Arcadia Finance Hack,2025-07-15
0x3a5ec38d8fc973c527f54dc75b55aa20b97483d7,ETH,exploit,revokecash,malicious spender/exploit,Arcadia Finance Hack,2025-07-15
0x1d2a44c58234da4e0b97d72bd8dca14da5d58f4e,ETH,exploit,revokecash,malicious spender/exploit,Arcadia Finance Hack,2025-07-15
0x7b948be29967be2ba9ab0752bf3ea67046c17b15,ETH,exploit,revokecash,malicious spender/exploit,Arcadia Finance Hack,2025-07-15
0xe6ac60f849bb6713e7bf5b9aaeeea6c002d3f27f,ETH,exploit,revokecash,malicious spender/exploit,Arcadia Finance Hack,2025-07-15
0x7d43647038102f8f7df991384a1ca9c18dc904ea,ETH,exploit,revokecash,malicious spender/exploit,Arcadia Finance Hack,2025-07-15
0xdcad9b8e2ef5c0fbde7c816309f0be147bdaa8a1,ETH,exploit,revokecash,malicious spender/exploit,Arcadia Finance Hack,2025-07-15
0x773fdd344c9cdd486fce336e8aeb54e1d71422fb,ETH,exploit,revokecash,malicious spender/exploit,Arcadia Finance Hack,2025-07-15
0xef5131f3063ba4d2d23b12d52c1c115ab2da950b,ETH,exploit,revokecash,malicious spender/exploit,Arcadia Finance Hack,2025-07-15
0xcca41fb4d3ac1ea230dfcd00066461a096a905b6,ETH,exploit,revokecash,malicious spender/exploit,Arcadia Finance Hack,2025-07-15
0x07feab3fc85bbd4701665758aa60ee5afa58f519,ETH,exploit,revokecash,malicious spender/exploit,Arcadia Finance Hack,2025-07-15
0x8f520af29f916a0a9ea4928676ceebe935e9be73,ETH,exploit,revokecash,malicious spender/exploit,Arcadia Finance Hack,2025-07-15
0x5d5aed0c59b63a9b15ff299cbba56fa077364303,ETH,exploit,revokecash,malicious spender/exploit,Arcadia Finance Hack,2025-07-15
0x177499c8f1cda0f850b0b049df8f9a41c6aec93c,ETH,exploit,revokecash,malicious spender/exploit,Arcadia Finance Hack,2025-07-15
0xd22236071dbbabe16f8a457396cb5b042e62cb86,ETH,exploit,revokecash,malicious spender/exploit,Arcadia Finance Hack,2025-07-15
0xdb87baee279d6946d31b7504e747a8416c48ecac,ETH,exploit,revokecash,malicious spender/exploit,Arcadia Finance Hack,2025-07-15
0xcf55adfba83a0152098acedadd5b8f9e07f7638b,ETH,exploit,revokecash,malicious spender/exploit,Arcadia Finance Hack,2025-07-15
0x5aa99bb5540ebe1affd533cd13d132e015f4247d,ETH,exploit,revokecash,malicious spender/exploit,Arcadia Finance Hack,2025-07-15
0xfb52d2b5c9fcfe6386b172e28670a5709353840e,ETH,exploit,revokecash,malicious spender/exploit,Arcadia Finance Hack,2025-07-15
0x983c56172b644cc7b25c0b192df968a88633b935,ETH,exploit,revokecash,malicious spender/exploit,Arcadia Finance Hack,2025-07-15
0xb4b147d715c94b4220ce41c7bb612873e926a996,ETH,exploit,revokecash,malicious spender/exploit,Arcadia Finance Hack,2025-07-15
0x862329339fe000e7e323142ee0dbf8bf3c7eb27a,ETH,exploit,revokecash,malicious spender/exploit,Arcadia Finance Hack,2025-07-15
0x766756be6f0bf3ef3290441fc20c00dfe2da15e3,ETH,exploit,revokecash,malicious spender/exploit,Arcadia Finance Hack,2025-07-15
0xb0ab5ae9bc60f7f0371323accccfb45bc6870677,ETH,exploit,revokecash,malicious spender/exploit,Arcadia Finance Hack,2025-07-15
0x86f405932442f2f23d04d476256304963e383a51,ETH,exploit,revokecash,malicious spender/exploit,Arcadia Finance Hack,2025-07-15
0x9b7faa99596d39eac762e00487ab1e9b28f18cd3,ETH,exploit,revokecash,malicious spender/exploit,Arcadia Finance Hack,2025-07-15
0xe56a69497ecd4728df07726cd4353f66f8c1f6ae,ETH,exploit,revokecash,malicious spender/exploit,Arcadia Finance Hack,2025-07-15
0x2b58c9d03da98a9444db6184e2a2975396168ec7,ETH,exploit,revokecash,malicious spender/exploit,Arcadia Finance Hack,2025-07-15
0xd30cb19da5c44db025a3789b5da42d220c45a84b,ETH,exploit,revokecash,malicious spender/exploit,Arcadia Finance Hack,2025-07-15
0x0aa33b2b25a385414983048918b4b0e5bca1d2f2,ETH,exploit,revokecash,malicious spender/exploit,Arcadia Finance Hack,2025-07-15
0x6a49af43c5d3bf699228d1e53fe1d2c6376dec94,ETH,exploit,revokecash,malicious spender/exploit,Arcadia Finance Hack,2025-07-15
0x92f31f4a3383e8b279185bfae02af97dc300ae99,ETH,exploit,revokecash,malicious spender/exploit,Arcadia Finance Hack,2025-07-15
0x0c91926cc5aeabca5e078f36ed41c55d7d2a5cb6,ETH,exploit,revokecash,malicious spender/exploit,Arcadia Finance Hack,2025-07-15
0xf0bc68dee5ddb9b7ae1d63a428714756ebd609b3,ETH,exploit,revokecash,malicious spender/exploit,Arcadia Finance Hack,2025-07-15
0x4ae4c3d916d590a542c6a797c6b6ba27fc66e2b6,ETH,exploit,revokecash,malicious spender/exploit,Arcadia Finance Hack,2025-07-15
0x6fe28528e53e97542180eed8d10099238b05de2f,ETH,exploit,revokecash,malicious spender/exploit,Arcadia Finance Hack,2025-07-15
0xbd6844665d4877f8296ce9ae0e81ad4cf90458d3,ETH,exploit,revokecash,malicious spender/exploit,Arcadia Finance Hack,2025-07-15
0xc043263be7bd553ed1ce1720236cb5229f1b3938,ETH,exploit,revokecash,malicious spender/exploit,Arcadia Finance Hack,2025-07-15
0x46e3d4147fa2b591270d17d980135422f9e8f5e3,ETH,exploit,revokecash,malicious spender/exploit,Arcadia Finance Hack,2025-07-15
0x10ecf9c3a6be6918bec049cfda4678feefa996e2,ETH,exploit,revokecash,malicious spender/exploit,Arcadia Finance Hack,2025-07-15
0xb86477283604525295dbdd4ac525df0135355e57,ETH,exploit,revokecash,malicious spender/exploit,Arcadia Finance Hack,2025-07-15
0x9993def5f007b2c5f224db096222ce9840794272,ETH,exploit,revokecash,malicious spender/exploit,Arcadia Finance Hack,2025-07-15
0x78870b359c3d844e99ac5e9915a63774ad9f6e27,ETH,exploit,revokecash,malicious spender/exploit,Arcadia Finance Hack,2025-07-15
0xedab31b3b2d134d3cd12134ec5431389b3f0d916,ETH,exploit,revokecash,malicious spender/exploit,Arcadia Finance Hack,2025-07-15
0xf0e27bdbb705001f364185ed0e538ddb9dbcb67b,ETH,exploit,revokecash,malicious spender/exploit,Arcadia Finance Hack,2025-07-15
0x9c918c7e05891c65cec371ac6fdf89d6e9db841b,ETH,exploit,revokecash,malicious spender/exploit,Arcadia Finance Hack,2025-07-15
0x3337292eb38a482c5c9797e260c6a5317aa63e75,ETH,exploit,revokecash,malicious spender/exploit,Arcadia Finance Hack,2025-07-15
0x5e9dd4cdc29416308660baf88a2003fb99f59741,ETH,exploit,revokecash,malicious spender/exploit,Arcadia Finance Hack,2025-07-15
0x07f4241882c8416f2fcb2363d3fefb029b8b80bc,ETH,exploit,revokecash,malicious spender/exploit,Arcadia Finance Hack,2025-07-15
0x47c480741fa0cf5d7cbe06576a7e61c7a329113b,ETH,exploit,revokecash,malicious spender/exploit,Arcadia Finance Hack,2025-07-15
0xe3e365d90dc1ed3db20c8ef0cc75294a79dab039,ETH,exploit,revokecash,malicious spender/exploit,Arcadia Finance Hack,2025-07-15
0x177aff8a406e0bea9b4f787605747e220f36fce4,ETH,exploit,revokecash,malicious spender/exploit,Arcadia Finance Hack,2025-07-15
0x6837e037516a4831ac51623c9c4be2114282370f,ETH,exploit,revokecash,malicious spender/exploit,Arcadia Finance Hack,2025-07-15
0xc421d7feca169ab1adb6e0805caf19e7da425258,ETH,exploit,revokecash,malicious spender/exploit,Arcadia Finance Hack,2025-07-15
0x6da4955c98052160b30138c9514938cafd20ec43,ETH,exploit,revokecash,malicious spender/exploit,Arcadia Finance Hack,2025-07-15
0xa6f17f57e4660e0298b098f15e70abcbbb6b8e7a,ETH,exploit,revokecash,malicious spender/exploit,Arcadia Finance Hack,2025-07-15
0x023da2f82d9d892a09ec7de63a5f13614014015f,ETH,exploit,revokecash,malicious spender/exploit,Arcadia Finance Hack,2025-07-15
0x1c4d8b511b6e455f06b96806c80894f22869b5e7,ETH,exploit,revokecash,malicious spender/exploit,Arcadia Finance Hack,2025-07-15
0x0bfb051aa3d7b89039af9b6ec3e5be1a479eaa92,ETH,exploit,revokecash,malicious spender/exploit,Arcadia Finance Hack,2025-07-15
0xeb7c492efaffb559adbeda805c7b5e17a320f907,ETH,exploit,revokecash,malicious spender/exploit,Arcadia Finance Hack,2025-07-15
0x30d4a4ffce8cd8956599832797dfb222554c1b32,ETH,exploit,revokecash,malicious spender/exploit,Arcadia Finance Hack,2025-07-15
0xdafb411f3ccbe3eb878e2a46c678bba8b7fc71a3,ETH,exploit,revokecash,malicious spender/exploit,Arcadia Finance Hack,2025-07-15
0x96bc45d317247c22e60848927b2f78ee11a561bf,ETH,exploit,revokecash,malicious spender/exploit,Arcadia Finance Hack,2025-07-15
0xdce32b580d2dfe85d545a419ad9d90e437bd47b3,ETH,exploit,revokecash,malicious spender/exploit,Arcadia Finance Hack,2025-07-15
0x93a41c8ed5eb4af97015cbd4b5c3107261bdef68,ETH,exploit,revokecash,malicious spender/exploit,Arcadia Finance Hack,2025-07-15
0x8ea2ac3b8523e2fbdf77594d795ddcfac38877cc,ETH,exploit,revokecash,malicious spender/exploit,Arcadia Finance Hack,2025-07-15
0xd90712e3709007c4939dcf0d22fd3da4384a529b,ETH,exploit,revokecash,malicious spender/exploit,Arcadia Finance Hack,2025-07-15
0x086b14ca105647083c3695927f5e5e06c107cefa,ETH,exploit,revokecash,malicious spender/exploit,Arcadia Finance Hack,2025-07-15
0x93ace365841852bc03c8e4bacc1e474a011e9950,ETH,exploit,revokecash,malicious spender/exploit,Arcadia Finance Hack,2025-07-15
0xd15bd3d358ed3c064d2ec03d8dbe369e5ca4677c,ETH,exploit,revokecash,malicious spender/exploit,Arcadia Finance Hack,2025-07-15
0xf881558f4877b62c5d017a9cbae576703eba3021,ETH,exploit,revokecash,malicious spender/exploit,Arcadia Finance Hack,2025-07-15
0x92460eaeacfd8403004b773005eaa7d0717f2820,ETH,exploit,revokecash,malicious spender/exploit,Arcadia Finance Hack,2025-07-15
0x442ebc24f6a552b959f64449b0e0ceb2081e347f,ETH,exploit,revokecash,malicious spender/exploit,Arcadia Finance Hack,2025-07-15
0xe42673e60b84c7a1dbe3e3cb009ed1fd402fb8a1,ETH,exploit,revokecash,malicious spender/exploit,Arcadia Finance Hack,2025-07-15
0xefce3dd6bfe75913803192f4c9d171ff7de50bc6,ETH,exploit,revokecash,malicious spender/exploit,Arcadia Finance Hack,2025-07-15
0xd5f53796e6bcac86d32261d5261f8fee553180ad,ETH,exploit,revokecash,malicious spender/exploit,Arcadia Finance Hack,2025-07-15
0x1dc5618d8a3145066cc83735da684fb74ad190b8,ETH,exploit,revokecash,malicious spender/exploit,Arcadia Finance Hack,2025-07-15
0x086c7ac841897ecfb440f5e1152b23325f1445bc,ETH,exploit,revokecash,malicious spender/exploit,Arcadia Finance Hack,2025-07-15
0xa5e5f0f5aaeb78e40b6dcab17e5b0a360b2f0481,ETH,exploit,revokecash,malicious spender/exploit,Arcadia Finance Hack,2025-07-15
0x45c186aaa02364edb5796dbbf770238dcff65bea,ETH,exploit,revokecash,malicious spender/exploit,Arcadia Finance Hack,2025-07-15
0x2ad55bc7f171afbf6ceabc0ce6bb0363906f7774,ETH,exploit,revokecash,malicious spender/exploit,Arcadia Finance Hack,2025-07-15
0xcd17824193af91f776da6f925d23511772b3af2c,ETH,exploit,revokecash,malicious spender/exploit,Arcadia Finance Hack,2025-07-15
0x90de1cdc085adb82cd0f4c4b872a3c9d99532cb2,ETH,exploit,revokecash,malicious spender/exploit,Arcadia Finance Hack,2025-07-15
0x495d3a0f0755c6bb948fd6c4ec1cc9ccea9bab66,ETH,exploit,revokecash,malicious spender/exploit,Arcadia Finance Hack,2025-07-15
0x06123e93885f2998683d75b2bf1a89ace4f1ca8f,ETH,exploit,revokecash,malicious spender/exploit,Arcadia Finance Hack,2025-07-15
0x5269d7ab7c0645fbf76b47981e4d67993df54e71,ETH,exploit,revokecash,malicious spender/exploit,Arcadia Finance Hack,2025-07-15
0x7b1b0291914889f38d5f38ab6436f78a78fff9a3,ETH,exploit,revokecash,malicious spender/exploit,Arcadia Finance Hack,2025-07-15
0xc13d646fdc93b68d4072de189dd6209eec0b2b67,ETH,exploit,revokecash,malicious spender/exploit,Arcadia Finance Hack,2025-07-15
0xcdad36ab60c8bb84946524bd331a132ffcf1f3de,ETH,exploit,revokecash,malicious spender/exploit,Arcadia Finance Hack,2025-07-15
0x64e2bb9723ff278f2f3e9e6c7ac0c77722941ebb,ETH,exploit,revokecash,malicious spender/exploit,Arcadia Finance Hack,2025-07-15
0x915020063ef7f691aaae1079acbbe6670f7ba6a3,ETH,exploit,revokecash,malicious spender/exploit,Arcadia Finance Hack,2025-07-15
0xa427830ae36bdf0baf88ce3790a777622f86cce8,ETH,exploit,revokecash,malicious spender/exploit,Arcadia Finance Hack,2025-07-15
0x6bf39a5d8a31186fbb9ac59a6f6d7e5db933c5aa,ETH,exploit,revokecash,malicious spender/exploit,Arcadia Finance Hack,2025-07-15
0x37030b0768db3d0bae4d083869e25da2c5c0383c,ETH,exploit,revokecash,malicious spender/exploit,Arcadia Finance Hack,2025-07-15
0x73d7f13a6126c957a0afe605bbaa507df69077e3,ETH,exploit,revokecash,malicious spender/exploit,Arcadia Finance Hack,2025-07-15
0x16d32de4ebc62c9f374318b91c3f6dacf41c65a5,ETH,exploit,revokecash,malicious spender/exploit,Arcadia Finance Hack,2025-07-15
0xc40d11cc163473af8ce667cefd1fec1f0bc5c064,ETH,exploit,revokecash,malicious spender/exploit,Arcadia Finance Hack,2025-07-15
0x7c9ffacbd90e9a9d1cdc3908505dfe4655b5e4ed,ETH,exploit,revokecash,malicious spender/exploit,Arcadia Finance Hack,2025-07-15
0xf119ca341accb3923e883849d7e6596c60254fe4,ETH,exploit,revokecash,malicious spender/exploit,Arcadia Finance Hack,2025-07-15
0x523165d185898d7e68db409531cfa9b6c8926223,ETH,exploit,revokecash,malicious spender/exploit,Arcadia Finance Hack,2025-07-15
0xe29d570698556c72f0d6020c30a746ba88f63154,ETH,exploit,revokecash,malicious spender/exploit,Arcadia Finance Hack,2025-07-15
0xeac6dc9345e843f72b60107f0416bda7b4dedebf,ETH,exploit,revokecash,malicious spender/exploit,Arcadia Finance Hack,2025-07-15
0x99211b06829d119a832f82d1d5b739ad5542ad7e,ETH,exploit,revokecash,malicious spender/exploit,Arcadia Finance Hack,2025-07-15
0x836fc4887188d09d6f879a5e9232a841a6afd91e,ETH,exploit,revokecash,malicious spender/exploit,Arcadia Finance Hack,2025-07-15
0x8280d682c6a281ec6e2b2b8f08e3c8a9fbc1bf85,ETH,exploit,revokecash,malicious spender/exploit,Arcadia Finance Hack,2025-07-15
0x0b8e330216903581e6a48d8ef1332b8901ec8138,ETH,exploit,revokecash,malicious spender/exploit,Arcadia Finance Hack,2025-07-15
0xf3cfebcf0127b1b966fae9d9108f7b3f15cd7677,ETH,exploit,revokecash,malicious spender/exploit,Arcadia Finance Hack,2025-07-15
0xfe484ef135e24f6eb1d0e4080fd2cc89524f79c1,ETH,exploit,revokecash,malicious spender/exploit,Arcadia Finance Hack,2025-07-15
0xeb4084e4de929723e7d084a19599feae3ea9a2c1,ETH,exploit,revokecash,malicious spender/exploit,Arcadia Finance Hack,2025-07-15
0x218cfc8da1f118be1813ba26be3cc93cc04c9983,ETH,exploit,revokecash,malicious spender/exploit,Arcadia Finance Hack,2025-07-15
0x64e0e48b646cdf7fd1c8758dd31c3472e0851669,ETH,exploit,revokecash,malicious spender/exploit,Arcadia Finance Hack,2025-07-15
0xee6c85e7f5c134713a300407e057e575a3a86b95,ETH,exploit,revokecash,malicious spender/exploit,Arcadia Finance Hack,2025-07-15
0x7cab32a9cf0cb7839ca5024f2edfd41a9cfff4dc,ETH,exploit,revokecash,malicious spender/exploit,Arcadia Finance Hack,2025-07-15
0xa02653796c954718ee55463c9f0c5708a34f1ffb,ETH,exploit,revokecash,malicious spender/exploit,Arcadia Finance Hack,2025-07-15
0x28d313d17e8b4fe794afaae6bb4235f288e20ca8,ETH,exploit,revokecash,malicious spender/exploit,Arcadia Finance Hack,2025-07-15
0xae7586709fdba56e9a925a7c503381dcc9d656f7,ETH,exploit,revokecash,malicious spender/exploit,Arcadia Finance Hack,2025-07-15
0x6709ff45416499ef4d4c3b997786c9498c4a081a,ETH,exploit,revokecash,malicious spender/exploit,Arcadia Finance Hack,2025-07-15
0x671326d8540fdc2e0f7ea82e00feaa3db7d4bf6b,ETH,exploit,revokecash,malicious spender/exploit,Arcadia Finance Hack,2025-07-15
0x471a17f7df32b040101bf5d49fdcbc603ad79677,ETH,exploit,revokecash,malicious spender/exploit,Arcadia Finance Hack,2025-07-15
0xba72cb63806455196ef26d129b49c92ceaf57583,ETH,exploit,revokecash,malicious spender/exploit,Arcadia Finance Hack,2025-07-15
0x13a4e606afa66a8f621514824d638b25b60b1245,ETH,exploit,revokecash,malicious spender/exploit,Arcadia Finance Hack,2025-07-15
0xc204b3372c32c72d43ed305e40a04573a2ee4499,ETH,exploit,revokecash,malicious spender/exploit,Arcadia Finance Hack,2025-07-15
0x55c7d2a119e5d378110ff0c3fbc777e699e3d8d0,ETH,exploit,revokecash,malicious spender/exploit,Arcadia Finance Hack,2025-07-15
0xfa831d23ba61ab02c5de01c8a42685d805cc4030,ETH,exploit,revokecash,malicious spender/exploit,Arcadia Finance Hack,2025-07-15
0xa0a34255046da43fbcb81c861ef7322787fb35b6,ETH,exploit,revokecash,malicious spender/exploit,Arcadia Finance Hack,2025-07-15
0x77162cc072a97ac8d63a2641235eb6f033f28e0c,ETH,exploit,revokecash,malicious spender/exploit,Arcadia Finance Hack,2025-07-15
0x7fbebc93495636a009e8ddc22218483983c94ec7,ETH,exploit,revokecash,malicious spender/exploit,Arcadia Finance Hack,2025-07-15
0x1af24879b702067d9ab49a0d05ba7d35d69937bc,ETH,exploit,revokecash,malicious spender/exploit,Arcadia Finance Hack,2025-07-15
0x19f83f59cf330d195411606fe4515430a23b5d47,ETH,exploit,revokecash,malicious spender/exploit,Arcadia Finance Hack,2025-07-15
0x31c8a52380aec2062d3b2b41b6132313a18850ca,ETH,exploit,revokecash,malicious spender/exploit,Arcadia Finance Hack,2025-07-15
0xd49b7adfe8bc10ddc939909b8bf09b783eec4364,ETH,exploit,revokecash,malicious spender/exploit,Arcadia Finance Hack,2025-07-15
0x1629f80c2033a5561a68471c1803ff2b0429e8a9,ETH,exploit,revokecash,malicious spender/exploit,Arcadia Finance Hack,2025-07-15
0x727ee33242e460172fbf413ea2d983323e4657df,ETH,exploit,revokecash,malicious spender/exploit,Arcadia Finance Hack,2025-07-15
0x39e75fbdc04b195b3b8c60382e501070113d4ad8,ETH,exploit,revokecash,malicious spender/exploit,Arcadia Finance Hack,2025-07-15
0x01fea29921b905cb0fe48bfdb670fa9a1339736c,ETH,exploit,revokecash,malicious spender/exploit,Arcadia Finance Hack,2025-07-15
0x59cbe39a7f8af3855a55cf48673ece5a71213e08,ETH,exploit,revokecash,malicious spender/exploit,Arcadia Finance Hack,2025-07-15
0xb0a0fa254c66c9a5879bdfba2fe4ad6eadabe855,ETH,exploit,revokecash,malicious spender/exploit,Arcadia Finance Hack,2025-07-15
0xf62c11a185020833d6ce72eb4bc5f701da4735d3,ETH,exploit,revokecash,malicious spender/exploit,Arcadia Finance Hack,2025-07-15
0x0502af4e20b4c0252d4e1ea0dbc297faf6ceeec6,ETH,exploit,revokecash,malicious spender/exploit,Arcadia Finance Hack,2025-07-15
0x4b9f8ab93a10b7b974525f1656af142811e48d4c,ETH,exploit,revokecash,malicious spender/exploit,Arcadia Finance Hack,2025-07-15
0x93e4fcfa76a5224d6fb52b6f42c8fabfc25475c8,ETH,exploit,revokecash,malicious spender/exploit,Arcadia Finance Hack,2025-07-15
0x89f6563a0d0b90a0dd68adf355fca37998f187c4,ETH,exploit,revokecash,malicious spender/exploit,Arcadia Finance Hack,2025-07-15
0x6d61030cf822badc12a88e28821d66886b0e2f55,ETH,exploit,revokecash,malicious spender/exploit,Arcadia Finance Hack,2025-07-15
0xad26638ffc6c0bb7b36989c5b27b51d210d7ea53,ETH,exploit,revokecash,malicious spender/exploit,Arcadia Finance Hack,2025-07-15
0x91a122e0937b9f4d6054a35dfa66dce4bee6715b,ETH,exploit,revokecash,malicious spender/exploit,Arcadia Finance Hack,2025-07-15
0xa30eea53edc13e938443b491aa991ada21c2d673,ETH,exploit,revokecash,malicious spender/exploit,Arcadia Finance Hack,2025-07-15
0xe4db151fb15337a0d1e73bf2edccd3ee0fa18bc6,ETH,exploit,revokecash,malicious spender/exploit,Arcadia Finance Hack,2025-07-15
0x828e76b05b20261faa7554ee6d614a99bfad442c,ETH,exploit,revokecash,malicious spender/exploit,Arcadia Finance Hack,2025-07-15
0xe09e90007bb5ed4a844991aa56ec8e1f401c5159,ETH,exploit,revokecash,malicious spender/exploit,Arcadia Finance Hack,2025-07-15
0x9891ec3de44c967f233e908cd67cfe0b53552eba,ETH,exploit,revokecash,malicious spender/exploit,Arcadia Finance Hack,2025-07-15
0x1064c0bd4ca212c8a1c47e661e101790070b41e1,ETH,exploit,revokecash,malicious spender/exploit,Arcadia Finance Hack,2025-07-15
0xd9219ca70cda6bdf895e90edbe44c8c95139ead1,ETH,exploit,revokecash,malicious spender/exploit,Arcadia Finance Hack,2025-07-15
0xe47970430f3a294e49e5b79f7b18d3f4226ba814,ETH,exploit,revokecash,malicious spender/exploit,Arcadia Finance Hack,2025-07-15
0xd7e9f774a4cff6917d32891cad066119926ed3e9,ETH,exploit,revokecash,malicious spender/exploit,Arcadia Finance Hack,2025-07-15
0xaacfb15635312b1ad10b85890c7f69132bd63085,ETH,exploit,revokecash,malicious spender/exploit,Arcadia Finance Hack,2025-07-15
0x03602ce0c34dcf467d73721e2ac34e6b4c4c7a62,ETH,exploit,revokecash,malicious spender/exploit,Arcadia Finance Hack,2025-07-15
0x9060e6fdba32000bbda9dc81f408dd22738e7011,ETH,exploit,revokecash,malicious spender/exploit,Arcadia Finance Hack,2025-07-15
0xd1b6586397e1b8e75361aa76587edc0307d4156d,ETH,exploit,revokecash,malicious spender/exploit,Arcadia Finance Hack,2025-07-15
0x073ede3cbff08752dd071e7507f22ed5796a6d41,ETH,exploit,revokecash,malicious spender/exploit,Arcadia Finance Hack,2025-07-15
0x7822ab16c2e054b7c6bb7258df8bbac3e2ea8c9c,ETH,exploit,revokecash,malicious spender/exploit,Arcadia Finance Hack,2025-07-15
0xc4d9526c97f7a61c78a80c42399096476d5c3a37,ETH,exploit,revokecash,malicious spender/exploit,Arcadia Finance Hack,2025-07-15
0x4106a48cb8ca8daa4cdaa0648a375a5af1949011,ETH,exploit,revokecash,malicious spender/exploit,Arcadia Finance Hack,2025-07-15
0xbe68b78dddc5379d8f935e5da28dbfd3adad8fe5,ETH,exploit,revokecash,malicious spender/exploit,Arcadia Finance Hack,2025-07-15
0xdd18fdd8ce37ee07754432fa618a856b670f05f1,ETH,exploit,revokecash,malicious spender/exploit,Arcadia Finance Hack,2025-07-15
0x2b7c62c6a7953a83325611f2a38bec69ad24505a,ETH,exploit,revokecash,malicious spender/exploit,Arcadia Finance Hack,2025-07-15
0x39be1a8fc03498fff67a6cd5b3e9962713be6977,ETH,exploit,revokecash,malicious spender/exploit,Arcadia Finance Hack,2025-07-15
0x0af27b8488dfca565d227772da6f6a37be26cf43,ETH,exploit,revokecash,malicious spender/exploit,Arcadia Finance Hack,2025-07-15
0xef00157b183337be9fd2c07017688b9e384fa7a2,ETH,exploit,revokecash,malicious spender/exploit,Arcadia Finance Hack,2025-07-15
0x889d7daae4a90a996be834e0127ecdd1d1e17be9,ETH,exploit,revokecash,malicious spender/exploit,Arcadia Finance Hack,2025-07-15
0x2cbb1c331df5fed99110d2bd53bb2dcba0d8c173,ETH,exploit,revokecash,malicious spender/exploit,Arcadia Finance Hack,2025-07-15
0xbef5398c106dfe2ea0742fd8c12a4485458dcfc8,ETH,exploit,revokecash,malicious spender/exploit,Arcadia Finance Hack,2025-07-15
0x024b78d872259fca0791c24aa843df86ede47d98,ETH,exploit,revokecash,malicious spender/exploit,Arcadia Finance Hack,2025-07-15
0x629ba6320c60ccfe67800390b043a747563ac7d5,ETH,exploit,revokecash,malicious spender/exploit,Arcadia Finance Hack,2025-07-15
0xf07033c2043f5eb7f562254bc3e98ffc70179012,ETH,exploit,revokecash,malicious spender/exploit,Arcadia Finance Hack,2025-07-15
0x50fd67ef6a9cba495acfaa22e1de10c89e2e84da,ETH,exploit,revokecash,malicious spender/exploit,Arcadia Finance Hack,2025-07-15
0xc36ffc40daee65d8a6ba9ea1d1ac0d54d9025394,ETH,exploit,revokecash,malicious spender/exploit,Arcadia Finance Hack,2025-07-15
0x5168ce1f6b2090b9cfa674c7aefe146e9b695c65,ETH,exploit,revokecash,malicious spender/exploit,Arcadia Finance Hack,2025-07-15
0xc2730af306cc4e544503f2da732454025c14407b,ETH,exploit,revokecash,malicious spender/exploit,Arcadia Finance Hack,2025-07-15
0x8ae06bbe7e99e818e3bcddf5a12bdad3a2cfbc76,ETH,exploit,revokecash,malicious spender/exploit,Arcadia Finance Hack,2025-07-15
0xbcb4c13d1a629549dea83b78e12b847404f5a3b4,ETH,exploit,revokecash,malicious spender/exploit,Arcadia Finance Hack,2025-07-15
0xfa1e813065819dfad666c517c636c2421c8ef0f2,ETH,exploit,revokecash,malicious spender/exploit,Arcadia Finance Hack,2025-07-15
0xec4d434f7697eda09c8f06edafacb5275f510714,ETH,exploit,revokecash,malicious spender/exploit,Arcadia Finance Hack,2025-07-15
0x22688c3e2f6536fd20e4f511a145fc0a0e8bbfc3,ETH,exploit,revokecash,malicious spender/exploit,Arcadia Finance Hack,2025-07-15
0x3a3544c58b45f3bfcfa77ecce889affb86facfd0,ETH,exploit,revokecash,malicious spender/exploit,Arcadia Finance Hack,2025-07-15
0x455b0161c620df00e8db8159fa02636fb6bb403f,ETH,exploit,revokecash,malicious spender/exploit,Arcadia Finance Hack,2025-07-15
0x08256cf2cf5d99d1f144ecb3bb4a8c1e00de258e,ETH,exploit,revokecash,malicious spender/exploit,Arcadia Finance Hack,2025-07-15
0xa0f782861009bd4061acf5c2cc49e3b30fda8ed1,ETH,exploit,revokecash,malicious spender/exploit,Arcadia Finance Hack,2025-07-15
0xfadc43824e78572dee6556b566504e712098dad5,ETH,exploit,revokecash,malicious spender/exploit,Arcadia Finance Hack,2025-07-15
0x8d391dc7e119a9c3607a4da62ce66d2e9fba7d5d,ETH,exploit,revokecash,malicious spender/exploit,Arcadia Finance Hack,2025-07-15
0x0069502b1ec65c0ba0ab1a804f711f3a79b716a8,ETH,exploit,revokecash,malicious spender/exploit,Arcadia Finance Hack,2025-07-15
0x9ab6ee4c1452a9d151038a493b0142cd79cf66a3,ETH,exploit,revokecash,malicious spender/exploit,Arcadia Finance Hack,2025-07-15
0xdb90ada45537ee48c98873d133a8ef2c57d8b2fa,ETH,exploit,revokecash,malicious spender/exploit,Arcadia Finance Hack,2025-07-15
0xce80e7b034cb5bd3ada4ba7fbf416ac82fb3ae14,ETH,exploit,revokecash,malicious spender/exploit,Arcadia Finance Hack,2025-07-15
0xae3a944efa2e0ac51d550903a18b220f8b54eb6f,ETH,exploit,revokecash,malicious spender/exploit,Arcadia Finance Hack,2025-07-15
0x352d22335f88a6c06bddb3d3a41af06862a97f2d,ETH,exploit,revokecash,malicious spender/exploit,Arcadia Finance Hack,2025-07-15
0xb224ee609773472c28ea440b542a51d6c83c304d,ETH,exploit,revokecash,malicious spender/exploit,Arcadia Finance Hack,2025-07-15
0x9d6cd4c6d71af99c2536d233b5cbc36c35be8606,ETH,exploit,revokecash,malicious spender/exploit,Arcadia Finance Hack,2025-07-15
0x905bbc95e87dac709df4269f375a47ac1d5e793e,ETH,exploit,revokecash,malicious spender/exploit,Arcadia Finance Hack,2025-07-15
0x6688a7c2d4d86377d708ee366c408aeee628c1b8,ETH,exploit,revokecash,malicious spender/exploit,Arcadia Finance Hack,2025-07-15
0x58b8f126b49a63d183be8f0872eaba2ce3670059,ETH,exploit,revokecash,malicious spender/exploit,Arcadia Finance Hack,2025-07-15
0x1e49c19d592ebe40ce8281021d483c69f9a99ac8,ETH,exploit,revokecash,malicious spender/exploit,Arcadia Finance Hack,2025-07-15
0x0b83fb153c4d45f25c15ffb3a3f08d77793e4cc8,ETH,exploit,revokecash,malicious spender/exploit,Arcadia Finance Hack,2025-07-15
0xe5a3025bad23e12d68e0acc8389799e8338d314a,ETH,exploit,revokecash,malicious spender/exploit,Arcadia Finance Hack,2025-07-15
0x8a11df809e3f901bbd8c41e953b32e0e52105341,ETH,exploit,revokecash,malicious spender/exploit,Arcadia Finance Hack,2025-07-15
0x41f561f5f58d502359c1faaadc2105bc871eab57,ETH,exploit,revokecash,malicious spender/exploit,Arcadia Finance Hack,2025-07-15
0x21db1425841ed10baa6ba526599664043b622723,ETH,exploit,revokecash,malicious spender/exploit,Arcadia Finance Hack,2025-07-15
0x92b401e381223227d8183a23b2562f4cbdf5903d,ETH,exploit,revokecash,malicious spender/exploit,Arcadia Finance Hack,2025-07-15
0x10f4d4b7a7251bfea50edad119ab80a2fce84ebb,ETH,exploit,revokecash,malicious spender/exploit,Arcadia Finance Hack,2025-07-15
0x38f4a49ad75fb1f95fce4590b1dc828e26fd5532,ETH,exploit,revokecash,malicious spender/exploit,Arcadia Finance Hack,2025-07-15
0x49db0c1e4e68481d17c1e054c560147d90c47af4,ETH,exploit,revokecash,malicious spender/exploit,Arcadia Finance Hack,2025-07-15
0x48dd726cf05de97dbc044d05f740cdbf9c953f49,ETH,exploit,revokecash,malicious spender/exploit,Arcadia Finance Hack,2025-07-15
0xcedcbb3179891ab7d25023e6f81ba49a66c565a9,ETH,exploit,revokecash,malicious spender/exploit,Arcadia Finance Hack,2025-07-15
0x22b01f83febce31011934aebaa7def7e69d1dc7d,ETH,exploit,revokecash,malicious spender/exploit,Arcadia Finance Hack,2025-07-15
0x85965177d0bf3bcf37295e34e43a81e1f5f1a92c,ETH,exploit,revokecash,malicious spender/exploit,Arcadia Finance Hack,2025-07-15
0x0ac4b70752dab1222e0d05603c08fbdcb4dc1c5a,ETH,exploit,revokecash,malicious spender/exploit,Arcadia Finance Hack,2025-07-15
0x601ac993b48f6d3380d068d7719567a6f028db2d,ETH,exploit,revokecash,malicious spender/exploit,Arcadia Finance Hack,2025-07-15
0x6f2a972bbb02bde99e50e4b0e151e530d579f734,ETH,exploit,revokecash,malicious spender/exploit,Arcadia Finance Hack,2025-07-15
0x70604bb353d02185965a12c2feec2deac0580c05,ETH,exploit,revokecash,malicious spender/exploit,Arcadia Finance Hack,2025-07-15
0x175529d5561693ea7ff70d96ed292866389135d8,ETH,exploit,revokecash,malicious spender/exploit,Arcadia Finance Hack,2025-07-15
0xfd594e649a1d448a8aaf0ff33e66d1c079e38be2,ETH,exploit,revokecash,malicious spender/exploit,Arcadia Finance Hack,2025-07-15
0x168ae8a8ec4053bc1177b678964adbcba833f053,ETH,exploit,revokecash,malicious spender/exploit,Arcadia Finance Hack,2025-07-15
0x99848f6f486dcc8aef0da3e57be163b7c882f219,ETH,exploit,revokecash,malicious spender/exploit,Arcadia Finance Hack,2025-07-15
0x4ae7229450006fe3103264dea15f6bdd7fa3b6b4,ETH,exploit,revokecash,malicious spender/exploit,Arcadia Finance Hack,2025-07-15
0xe92e8668281c4487bf3bd44b1623cb4052f6cac4,ETH,exploit,revokecash,malicious spender/exploit,Arcadia Finance Hack,2025-07-15
0xad9854924bb2916c3f138ad210d994295de5738e,ETH,exploit,revokecash,malicious spender/exploit,Arcadia Finance Hack,2025-07-15
0x6ae503c78614cc05d233f501a509a826067dc529,ETH,exploit,revokecash,malicious spender/exploit,Arcadia Finance Hack,2025-07-15
0xf0532302f34dd2096c571d696c2bb7e8de471ad9,ETH,exploit,revokecash,malicious spender/exploit,Arcadia Finance Hack,2025-07-15
0x6be654d21c234dd262e40e9a9964142ead5f533e,ETH,exploit,revokecash,malicious spender/exploit,Arcadia Finance Hack,2025-07-15
0x4744452432afdeccbc6944d0b91a556707eac3a4,ETH,exploit,revokecash,malicious spender/exploit,Arcadia Finance Hack,2025-07-15
0xa3f00222199d37341527ca1d470e484dfe68b6c2,ETH,exploit,revokecash,malicious spender/exploit,Arcadia Finance Hack,2025-07-15
0x80b8d87539425d0ce783a7339f0450750080e3bb,ETH,exploit,revokecash,malicious spender/exploit,Arcadia Finance Hack,2025-07-15
0x8044d893102b0df43e4ebd0d74e266036919f12f,ETH,exploit,revokecash,malicious spender/exploit,Arcadia Finance Hack,2025-07-15
0xa27f00385fbc4b828441f430f4ed12d74436419d,ETH,exploit,revokecash,malicious spender/exploit,Arcadia Finance Hack,2025-07-15
0x58efca29fd840c2a431dc97d2101d3ea88264104,ETH,exploit,revokecash,malicious spender/exploit,Arcadia Finance Hack,2025-07-15
0x9091cdd6edf7be2abc816755ecd9290e30201187,ETH,exploit,revokecash,malicious spender/exploit,Arcadia Finance Hack,2025-07-15
0xffd3042a7b46119ee990bc83f96af625570106b0,ETH,exploit,revokecash,malicious spender/exploit,Arcadia Finance Hack,2025-07-15
0x88eb56956f78667e4e8ea38211c84c03c6ba8524,ETH,exploit,revokecash,malicious spender/exploit,Arcadia Finance Hack,2025-07-15
0xda82bc32723e9cbe032d5204b678c063ca2069ca,ETH,exploit,revokecash,malicious spender/exploit,Arcadia Finance Hack,2025-07-15
0x9f308f2e1a2045acf06b0024bc581d7e0d71fccf,ETH,exploit,revokecash,malicious spender/exploit,Arcadia Finance Hack,2025-07-15
0x92cbf5353009f9795d9fee0a163e6e6aa2762e09,ETH,exploit,revokecash,malicious spender/exploit,Arcadia Finance Hack,2025-07-15
0xe27fe1d3ca9ed37ae1e11f1a22339f067ef28150,ETH,exploit,revokecash,malicious spender/exploit,Arcadia Finance Hack,2025-07-15
0x621b76bf8ebd1bd9f4ef79303e7e4a5135f126cc,ETH,exploit,revokecash,malicious spender/exploit,Arcadia Finance Hack,2025-07-15
0xe262d5a684ba02a3ba093bb264ecd3e49b3eb236,ETH,exploit,revokecash,malicious spender/exploit,Arcadia Finance Hack,2025-07-15
0x55bd04e5f251918cea22a256e9bc90129b79a2ce,ETH,exploit,revokecash,malicious spender/exploit,Arcadia Finance Hack,2025-07-15
0x39357aae4678e7d68c9521031f16d11ac2f10a2d,ETH,exploit,revokecash,malicious spender/exploit,Arcadia Finance Hack,2025-07-15
0xed882a85520599b30f269d04dff1c242986eeea8,ETH,exploit,revokecash,malicious spender/exploit,Arcadia Finance Hack,2025-07-15
0xbe767b0f43a30a0182e34e0387716dbc2f787cd4,ETH,exploit,revokecash,malicious spender/exploit,Arcadia Finance Hack,2025-07-15
0x7ba7f59fea2122471e8deafc677368a7c3d79619,ETH,exploit,revokecash,malicious spender/exploit,Arcadia Finance Hack,2025-07-15
0x084438d9e7be831020647f53bb883077182fad8f,ETH,exploit,revokecash,malicious spender/exploit,Arcadia Finance Hack,2025-07-15
0x498b837bef485ac269eea6a5b600463eaa1fad15,ETH,exploit,revokecash,malicious spender/exploit,Arcadia Finance Hack,2025-07-15
0xb6fbc88884dac11594249c5bb53718f32a40c944,ETH,exploit,revokecash,malicious spender/exploit,Arcadia Finance Hack,2025-07-15
0x92e57766273d0f56c6f55d8cbf7cf7d7f5658b7d,ETH,exploit,revokecash,malicious spender/exploit,Arcadia Finance Hack,2025-07-15
0xcbdc509c0ec7d0b5150eed6bf7bf18aecb4b1824,ETH,exploit,revokecash,malicious spender/exploit,Arcadia Finance Hack,2025-07-15
0x22a44e377cf5be2c691f0de653c7407e0c829099,ETH,exploit,revokecash,malicious spender/exploit,Arcadia Finance Hack,2025-07-15
0xa607d0608a10a02ecb5172a5ccb043f022c038e8,ETH,exploit,revokecash,malicious spender/exploit,Arcadia Finance Hack,2025-07-15
0xe93097d6f6be1039396377751ac8fadfef8722f1,ETH,exploit,revokecash,malicious spender/exploit,Arcadia Finance Hack,2025-07-15
0x84521c981236d8723adbd75f8c10992b84baf0e8,ETH,exploit,revokecash,malicious spender/exploit,Arcadia Finance Hack,2025-07-15
0x444863b6716a9681d7c0a283f4473f891902576f,ETH,exploit,revokecash,malicious spender/exploit,Arcadia Finance Hack,2025-07-15
0x60316b200676e1db3047abd4672ea192da9c3132,ETH,exploit,revokecash,malicious spender/exploit,Arcadia Finance Hack,2025-07-15
0x91ee4493ab4411e2e5d3caf65549f3051acda520,ETH,exploit,revokecash,malicious spender/exploit,Arcadia Finance Hack,2025-07-15
0xc901ab498709f260bb588c0285713936dc76d477,ETH,exploit,revokecash,malicious spender/exploit,Arcadia Finance Hack,2025-07-15
0xdb5ec685c6248bad60dc23690c3aecb9b6c8c423,ETH,exploit,revokecash,malicious spender/exploit,Arcadia Finance Hack,2025-07-15
0xa5e3d0f7c292c2f16951ec4a30cc9556f87d61b3,ETH,exploit,revokecash,malicious spender/exploit,Arcadia Finance Hack,2025-07-15
0x6f314dfe3362b8d17ab7e361161500551bb0f76b,ETH,exploit,revokecash,malicious spender/exploit,Arcadia Finance Hack,2025-07-15
0xcc432b307ea7db29601861bd7f5423f825bfd2fb,ETH,exploit,revokecash,malicious spender/exploit,Arcadia Finance Hack,2025-07-15
0xbeb6f13e4644272b8940b7644423a07cb027915c,ETH,exploit,revokecash,malicious spender/exploit,Arcadia Finance Hack,2025-07-15
0xeca834a16f89c19ba8d11be1f67abb5e9ba9fdd6,ETH,exploit,revokecash,malicious spender/exploit,Arcadia Finance Hack,2025-07-15
0xea6f516cc8ba43e0c77048102a5fbb6ccaedba8c,ETH,exploit,revokecash,malicious spender/exploit,Arcadia Finance Hack,2025-07-15
0xfe8acc3e4edc67909c54eeda6f2d3195d2da324e,ETH,exploit,revokecash,malicious spender/exploit,Arcadia Finance Hack,2025-07-15
0xe7c7dc1bebf33dc8588d67caae2d5b760527f04c,ETH,exploit,revokecash,malicious spender/exploit,Arcadia Finance Hack,2025-07-15
0x447497b0237bcecd4b304dbe7d5482be44332549,ETH,exploit,revokecash,malicious spender/exploit,Arcadia Finance Hack,2025-07-15
0x0c8492a4adac68b1fd295519a04bb20d673bd86a,ETH,exploit,revokecash,malicious spender/exploit,Arcadia Finance Hack,2025-07-15
0x435cdeb1e4c6c07bee05a3524ccd1bdf7780e11e,ETH,exploit,revokecash,malicious spender/exploit,Arcadia Finance Hack,2025-07-15
0xf045e84055f4363c7fd332d46159eded27b08332,ETH,exploit,revokecash,malicious spender/exploit,Arcadia Finance Hack,2025-07-15
0xdfc66d12f3a4b7a4d34d47ecb16a6250fd5e2bd3,ETH,exploit,revokecash,malicious spender/exploit,Arcadia Finance Hack,2025-07-15
0xe25f8c06cacef12695669cdf048ec1fb8c33b9f0,ETH,exploit,revokecash,malicious spender/exploit,Arcadia Finance Hack,2025-07-15
0xd5e11e7b658eed924bad7e99c53e5ec9df3ac020,ETH,exploit,revokecash,malicious spender/exploit,Arcadia Finance Hack,2025-07-15
0x8c56ac0c5c0c605001eb6401d927c47573660782,ETH,exploit,revokecash,malicious spender/exploit,Arcadia Finance Hack,2025-07-15
0xe8a67dfae6966fe6803e9ec9ac9c353bcb15aa64,ETH,exploit,revokecash,malicious spender/exploit,Arcadia Finance Hack,2025-07-15
0x706b7301011414ca06925ecadb67e04853d0dbf9,ETH,exploit,revokecash,malicious spender/exploit,Arcadia Finance Hack,2025-07-15
0x54d49ddd4ba3e9387be850ece901aa6e3e5c5c93,ETH,exploit,revokecash,malicious spender/exploit,Arcadia Finance Hack,2025-07-15
0x81adecf13b823c77354ba143f35d6afa80d1ddbb,ETH,exploit,revokecash,malicious spender/exploit,Arcadia Finance Hack,2025-07-15
0x1335bfacb4765a2bbfafca1855e9c133ebd87b23,ETH,exploit,revokecash,malicious spender/exploit,Arcadia Finance Hack,2025-07-15
0x4810f3e85a8a32cd51ce42008322efc954e14604,ETH,exploit,revokecash,malicious spender/exploit,Arcadia Finance Hack,2025-07-15
0x4488b7cf7a7c138ad6f3efe6acafc9c4ac05ed72,ETH,exploit,revokecash,malicious spender/exploit,Arcadia Finance Hack,2025-07-15
0x2f0aee2e2f5e2eccaffc59ae62ac0646dad0d9d0,ETH,exploit,revokecash,malicious spender/exploit,Arcadia Finance Hack,2025-07-15
0x5b8916b73160597aa866a1639515501a941ad30a,ETH,exploit,revokecash,malicious spender/exploit,Arcadia Finance Hack,2025-07-15
0x8d694827a20654ae2c4e436a8fd0a47a89b57000,ETH,exploit,revokecash,malicious spender/exploit,Arcadia Finance Hack,2025-07-15
0x685604ba856c729b2ef423bd78a452a1f7ba10ba,ETH,exploit,revokecash,malicious spender/exploit,Arcadia Finance Hack,2025-07-15
0xf2273f3119cb17a7a14f29816e634efe702be034,ETH,exploit,revokecash,malicious spender/exploit,Arcadia Finance Hack,2025-07-15
0xe1a23d56d2afe4fbebe860a9fd24a2c69a2784da,ETH,exploit,revokecash,malicious spender/exploit,Arcadia Finance Hack,2025-07-15
0x50d45c11d5d7deea1e747d1cdc4a4fa6a06a61f6,ETH,exploit,revokecash,malicious spender/exploit,Arcadia Finance Hack,2025-07-15
0xdf1eae9ef4bf4e6e77edb705377120b73e16c042,ETH,exploit,revokecash,malicious spender/exploit,Arcadia Finance Hack,2025-07-15
0xdf785460f810983238bd9922c81896134e47c45d,ETH,exploit,revokecash,malicious spender/exploit,Arcadia Finance Hack,2025-07-15
0xebd763edcb40c8f8ba8e2078f1e0935b6ae621d1,ETH,exploit,revokecash,malicious spender/exploit,Arcadia Finance Hack,2025-07-15
0x7948f76679e51d3fcc3c45198514e3e4896c8c50,ETH,exploit,revokecash,malicious spender/exploit,Arcadia Finance Hack,2025-07-15
0xf481affe027750165fa7d665097967b768380739,ETH,exploit,revokecash,malicious spender/exploit,Arcadia Finance Hack,2025-07-15
0x974566b8399ec36c9fa1388c85f53d58041f963e,ETH,exploit,revokecash,malicious spender/exploit,Arcadia Finance Hack,2025-07-15
0x9d1f08bae3855d448fc43d0c4ddd036cc5f11723,ETH,exploit,revokecash,malicious spender/exploit,Arcadia Finance Hack,2025-07-15
0xd8658d01d33117d1307718dca3271ea469333126,ETH,exploit,revokecash,malicious spender/exploit,Arcadia Finance Hack,2025-07-15
0x392f8da5b8cd4cf774eda20517e84416ae7b305c,ETH,exploit,revokecash,malicious spender/exploit,Arcadia Finance Hack,2025-07-15
0x0c9808f5da87bd95b69e6501af72590b489af33b,ETH,exploit,revokecash,malicious spender/exploit,Arcadia Finance Hack,2025-07-15
0x14f96e095b34309023f0eb8ac465a3b7c6f66b1f,ETH,exploit,revokecash,malicious spender/exploit,Arcadia Finance Hack,2025-07-15
0x10a21b1e27137fe6a777078bce2e0af61c62b57b,ETH,exploit,revokecash,malicious spender/exploit,Arcadia Finance Hack,2025-07-15
0x05a4b15b767643115a3996e49e335b0f069246ca,ETH,exploit,revokecash,malicious spender/exploit,Arcadia Finance Hack,2025-07-15
0x7475e62a2286f23dcb88e0897a814344c28df98c,ETH,exploit,revokecash,malicious spender/exploit,Arcadia Finance Hack,2025-07-15
0x655010ac4f55633c2b53153b5bf13d0a8aa6c62c,ETH,exploit,revokecash,malicious spender/exploit,Arcadia Finance Hack,2025-07-15
0xb0c909609ab916a38c2ef25c97c223d37432b591,ETH,exploit,revokecash,malicious spender/exploit,Arcadia Finance Hack,2025-07-15
0x9a97731fae31312b6b50fa202fac58e67f41dc1d,ETH,exploit,revokecash,malicious spender/exploit,Arcadia Finance Hack,2025-07-15
0x4c4cf9221e890b3c1ddffa477e371e6cf792b379,ETH,exploit,revokecash,malicious spender/exploit,Arcadia Finance Hack,2025-07-15
0x65cf7c915fe8d687f072b96b70f19b1123d6d96c,ETH,exploit,revokecash,malicious spender/exploit,Arcadia Finance Hack,2025-07-15
0x7676f7e420d4390b0219fb59efb9f8f77566abba,ETH,exploit,revokecash,malicious spender/exploit,Arcadia Finance Hack,2025-07-15
0x62076935afb24e79d2e43f84322efdbe89e6491d,ETH,exploit,revokecash,malicious spender/exploit,Arcadia Finance Hack,2025-07-15
0x1141182efa53b8b78426b6dfe5770618547d6129,ETH,exploit,revokecash,malicious spender/exploit,Arcadia Finance Hack,2025-07-15
0xd55113982167df4696d2fdd659bc3a6b15ba3f2b,ETH,exploit,revokecash,malicious spender/exploit,Arcadia Finance Hack,2025-07-15
0xbacbc664ea8f6fd551a4c740f2f406b8bd663ca6,ETH,exploit,revokecash,malicious spender/exploit,Arcadia Finance Hack,2025-07-15
0x9e287eaa3ce661d8f5805fb00ff5c3bc219e090a,ETH,exploit,revokecash,malicious spender/exploit,Arcadia Finance Hack,2025-07-15
0x15d5fa8f144dfc3b3c80ae7ce0b979a4b2a94da3,ETH,exploit,revokecash,malicious spender/exploit,Arcadia Finance Hack,2025-07-15
0x75c6e965627e302b0cbeed47ecd8bcbbb5899d3c,ETH,exploit,revokecash,malicious spender/exploit,Arcadia Finance Hack,2025-07-15
0x23c2a587fe5bd7d91a9e55cd057294ddfdcc9156,ETH,exploit,revokecash,malicious spender/exploit,Arcadia Finance Hack,2025-07-15
0x8d145f391d893c79d9bc6ba4110052c7048dbd57,ETH,exploit,revokecash,malicious spender/exploit,Arcadia Finance Hack,2025-07-15
0x21fba4f784ac3619e304ecf04cfc4a2f9e4da262,ETH,exploit,revokecash,malicious spender/exploit,Arcadia Finance Hack,2025-07-15
0x01bdfc64a4945b15c5024aea01c0f7a9a5063eca,ETH,exploit,revokecash,malicious spender/exploit,Arcadia Finance Hack,2025-07-15
0xe199a28467f9268f68b80eaf0b5a3cac1cc4ed20,ETH,exploit,revokecash,malicious spender/exploit,Arcadia Finance Hack,2025-07-15
0x719fb35638576afce56919b7d9a4ab61e40e8d2b,ETH,exploit,revokecash,malicious spender/exploit,Arcadia Finance Hack,2025-07-15
0x1b94362012ad1d756ed415abb5eb2181cbdb608c,ETH,exploit,revokecash,malicious spender/exploit,Arcadia Finance Hack,2025-07-15
0xac2ea038156f4d87dc320d924f80577b0a4994ee,ETH,exploit,revokecash,malicious spender/exploit,Arcadia Finance Hack,2025-07-15
0x02f54a416d6f95d83f0278cf8baa8a02533cd246,ETH,exploit,revokecash,malicious spender/exploit,Arcadia Finance Hack,2025-07-15
0xa38e8f5ddbc0792c000c4bba3fb03c15d05b5182,ETH,exploit,revokecash,malicious spender/exploit,Arcadia Finance Hack,2025-07-15
0x007743a110fd437b01db5f6b42ab8f93add00728,ETH,exploit,revokecash,malicious spender/exploit,Arcadia Finance Hack,2025-07-15
0x426477f8ec39d085bd467f99aa3f3728c8d0742b,ETH,exploit,revokecash,malicious spender/exploit,Arcadia Finance Hack,2025-07-15
0xb2768de3539be38476313811e0ecc4b5794e089b,ETH,exploit,revokecash,malicious spender/exploit,Arcadia Finance Hack,2025-07-15
0x5f7d06fdcdc0d5d8deac2680f5413b23627c4fa4,ETH,exploit,revokecash,malicious spender/exploit,Arcadia Finance Hack,2025-07-15
0x940ebcb6e6f1ef81e128624ec3d9872c73455f91,ETH,exploit,revokecash,malicious spender/exploit,Arcadia Finance Hack,2025-07-15
0x40180930df9c24e23d6fec3e0c094dc8223e3dad,ETH,exploit,revokecash,malicious spender/exploit,Arcadia Finance Hack,2025-07-15
0x1736bce469247ff2f7ee04b64c0d2d570f14b0ce,ETH,exploit,revokecash,malicious spender/exploit,Arcadia Finance Hack,2025-07-15
0xd7ca708734202be7bb0736501ce525404b0765f6,ETH,exploit,revokecash,malicious spender/exploit,Arcadia Finance Hack,2025-07-15
0xec206fb1c57dc3abbd87b026ca28bd241e69b376,ETH,exploit,revokecash,malicious spender/exploit,Arcadia Finance Hack,2025-07-15
0x14ffbc6a7ba8a3755050f3f6d40072edb2bfa6ce,ETH,exploit,revokecash,malicious spender/exploit,Arcadia Finance Hack,2025-07-15
0x8c1c220c8509ef53b877ecd161885735b29874e2,ETH,exploit,revokecash,malicious spender/exploit,Arcadia Finance Hack,2025-07-15
0x06235ebcdbd21c3731ae8318d884b07dbd87374f,ETH,exploit,revokecash,malicious spender/exploit,Arcadia Finance Hack,2025-07-15
0xff655a3be131cf135c7f503346c9efa390735db8,ETH,exploit,revokecash,malicious spender/exploit,Arcadia Finance Hack,2025-07-15
0x1360e386fc2b606739de0cb0babbf6413c1b78ec,ETH,exploit,revokecash,malicious spender/exploit,Arcadia Finance Hack,2025-07-15
0xecd26381a1cdcb1c2f3e8cb3faaa534872e0af30,ETH,exploit,revokecash,malicious spender/exploit,Arcadia Finance Hack,2025-07-15
0xe672d233039356462fde13d2f071a6cd44409e6d,ETH,exploit,revokecash,malicious spender/exploit,Arcadia Finance Hack,2025-07-15
0x29aa2076e0b1a8676a744f2b5eac7b79787bdd95,ETH,exploit,revokecash,malicious spender/exploit,Arcadia Finance Hack,2025-07-15
0x0eaf161740f08337a4d8b95637be9b8ded1b3dbc,ETH,exploit,revokecash,malicious spender/exploit,Arcadia Finance Hack,2025-07-15
0xe9e812bbfb2314d011316f6fe5a175f7a95aa09b,ETH,exploit,revokecash,malicious spender/exploit,Arcadia Finance Hack,2025-07-15
0x55d515b5f0da1587a45f7c45c1d8fb63ebd98a15,ETH,exploit,revokecash,malicious spender/exploit,Arcadia Finance Hack,2025-07-15
0xf6735aa85b0dffdef97ebcf373c017460a66f313,ETH,exploit,revokecash,malicious spender/exploit,Arcadia Finance Hack,2025-07-15
0xbcf9d6cb771241a158488f028b367fa497b2f983,ETH,exploit,revokecash,malicious spender/exploit,Arcadia Finance Hack,2025-07-15
0x69aede2b2d94152297860144176396fe972acf97,ETH,exploit,revokecash,malicious spender/exploit,Arcadia Finance Hack,2025-07-15
0xf336395295acc86fc60fc81691370eb94ed4e404,ETH,exploit,revokecash,malicious spender/exploit,Arcadia Finance Hack,2025-07-15
0x1ff5ed250e9067e84c1da528b9acb67cc41a5357,ETH,exploit,revokecash,malicious spender/exploit,Arcadia Finance Hack,2025-07-15
0xb5711dd06b0246e5bbce625afb83a104a6a20ae9,ETH,exploit,revokecash,malicious spender/exploit,Arcadia Finance Hack,2025-07-15
0x4ebb6e3403f0e658a729a13c4dd6b65db84df694,ETH,exploit,revokecash,malicious spender/exploit,Arcadia Finance Hack,2025-07-15
0x2c6d21cc9d97323d93599254db2242f32d84d940,ETH,exploit,revokecash,malicious spender/exploit,Arcadia Finance Hack,2025-07-15
0x4529ec835cf23620818585f6933d714b7def0b05,ETH,exploit,revokecash,malicious spender/exploit,Arcadia Finance Hack,2025-07-15
0x66733c13257b9a6a77aff9eb39e61dd18047b940,ETH,exploit,revokecash,malicious spender/exploit,Arcadia Finance Hack,2025-07-15
0x2c9d67e53c05619c7323a0983b1223f610c9b543,ETH,exploit,revokecash,malicious spender/exploit,Arcadia Finance Hack,2025-07-15
0x67db96f94faff85536548d1affa76cc65b35ed60,ETH,exploit,revokecash,malicious spender/exploit,Arcadia Finance Hack,2025-07-15
0x9bd5bd0c8dd6e8ef6166743ccd40cd33a3cef8e9,ETH,exploit,revokecash,malicious spender/exploit,Arcadia Finance Hack,2025-07-15
0x9a771a7a50a4f3c83b70c7a5a87117b5a4ca5ce8,ETH,exploit,revokecash,malicious spender/exploit,Arcadia Finance Hack,2025-07-15
0x001fe81f2c31ccacd74070bb81bb629160dfa711,ETH,exploit,revokecash,malicious spender/exploit,Arcadia Finance Hack,2025-07-15
0x38aba56c8f9331468134323b55de40c2c4902121,ETH,exploit,revokecash,malicious spender/exploit,Arcadia Finance Hack,2025-07-15
0x8a2e3a38a26ee5f096d10f84504b61ec4f0dfefb,ETH,exploit,revokecash,malicious spender/exploit,Arcadia Finance Hack,2025-07-15
0xf918743dbd5910a2fc53ad5ffb385901778a7ada,ETH,exploit,revokecash,malicious spender/exploit,Arcadia Finance Hack,2025-07-15
0x894b42c9d86c69cd3019b7c37bd00904cabce278,ETH,exploit,revokecash,malicious spender/exploit,Arcadia Finance Hack,2025-07-15
0xec20c61055dcc8e5219b4c3998c02aa2188eb677,ETH,exploit,revokecash,malicious spender/exploit,Arcadia Finance Hack,2025-07-15
0x449371ce242e027a42e8b8513e2f29952391ea54,ETH,exploit,revokecash,malicious spender/exploit,Arcadia Finance Hack,2025-07-15
0x7567f8a739c4f607f332aac13c2af381408fcdb3,ETH,exploit,revokecash,malicious spender/exploit,Arcadia Finance Hack,2025-07-15
0xf591f614d6cc86bbde815558d9757f78841a1562,ETH,exploit,revokecash,malicious spender/exploit,Arcadia Finance Hack,2025-07-15
0xa870bed7c76d7ddcd5c791e36d0216d044e37253,ETH,exploit,revokecash,malicious spender/exploit,Arcadia Finance Hack,2025-07-15
0xf669bfe3d4f85b305a2c49c65c45ee674367ec34,ETH,exploit,revokecash,malicious spender/exploit,Arcadia Finance Hack,2025-07-15
0x0b5cb9a6fc9bc21eaf9bae97e4350a0d804cba75,ETH,exploit,revokecash,malicious spender/exploit,Arcadia Finance Hack,2025-07-15
0xcb100b33f84c9bcb8ccb3d77850d58c4ada1ce54,ETH,exploit,revokecash,malicious spender/exploit,Arcadia Finance Hack,2025-07-15
0x16e255d5ece1879e2707cc0e4ecbe8e0b89f18ad,ETH,exploit,revokecash,malicious spender/exploit,Arcadia Finance Hack,2025-07-15
0xff3b4598cfa8a128988abea3b7909e46ac31279c,ETH,exploit,revokecash,malicious spender/exploit,Arcadia Finance Hack,2025-07-15
0xc25a3e6daf26e19e4013f6a6f65903511c20123f,ETH,exploit,revokecash,malicious spender/exploit,Arcadia Finance Hack,2025-07-15
0xd96d52b7a5e852140fd5e455e0a9264e40f18064,ETH,exploit,revokecash,malicious spender/exploit,Arcadia Finance Hack,2025-07-15
0x54baf8b6cf38f9a44f88640ed648c4bdcf9d695c,ETH,exploit,revokecash,malicious spender/exploit,Arcadia Finance Hack,2025-07-15
0x39de4d169c31b388bd478b69f55809eba2e104ec,ETH,exploit,revokecash,malicious spender/exploit,Arcadia Finance Hack,2025-07-15
0x15b1aac7a2d79703d35ffe37763e232a65ff9e8b,ETH,exploit,revokecash,malicious spender/exploit,Arcadia Finance Hack,2025-07-15
0x4b51d1f9ca13d4ff27cbb05c30a74d4742dd5f6f,ETH,exploit,revokecash,malicious spender/exploit,Arcadia Finance Hack,2025-07-15
0xa88a6c53c7152454e6ec85ce295ca3d2388bafdd,ETH,exploit,revokecash,malicious spender/exploit,Arcadia Finance Hack,2025-07-15
0x61243ee2eb77d874eff31cc93cf9f06e894c380d,ETH,exploit,revokecash,malicious spender/exploit,Arcadia Finance Hack,2025-07-15
0xa6adea23166774c3af5e1dc3ad9e5a506d543636,ETH,exploit,revokecash,malicious spender/exploit,Arcadia Finance Hack,2025-07-15
0xfc8ab76547d659fd1e3841d7a200a83a25f9d59b,ETH,exploit,revokecash,malicious spender/exploit,Arcadia Finance Hack,2025-07-15
0xecadc6aa3a558dd517b6c345cca910d32d63d7c6,ETH,exploit,revokecash,malicious spender/exploit,Arcadia Finance Hack,2025-07-15
0xb014452d7b2ae49da13d6942c5c35b7eeb8edce6,ETH,exploit,revokecash,malicious spender/exploit,Arcadia Finance Hack,2025-07-15
0xa176ad2691fa7804cb5fc12a321f4659fd3220e9,ETH,exploit,revokecash,malicious spender/exploit,Arcadia Finance Hack,2025-07-15
0x278870fcc06e792f72b72e124602b47931afcbf8,ETH,exploit,revokecash,malicious spender/exploit,Arcadia Finance Hack,2025-07-15
0xf85214e55faeb6bc551ce56d8eabfe75d2660269,ETH,exploit,revokecash,malicious spender/exploit,Arcadia Finance Hack,2025-07-15
0x08782ee50c420b6cb810ed7702c3de2983c99a2e,ETH,exploit,revokecash,malicious spender/exploit,Arcadia Finance Hack,2025-07-15
0x73fd108aab02127db68252c18dc0a6524174e715,ETH,exploit,revokecash,malicious spender/exploit,Arcadia Finance Hack,2025-07-15
0x1d1a16b59a9eb9eeea5d022cf592aca8742c0b5f,ETH,exploit,revokecash,malicious spender/exploit,Arcadia Finance Hack,2025-07-15
0xafcebd17b493cf2ca11e716cb84460ce7604a5b5,ETH,exploit,revokecash,malicious spender/exploit,Arcadia Finance Hack,2025-07-15
0xcfc1b79b93517c50df99f5407248894e32b948bc,ETH,exploit,revokecash,malicious spender/exploit,Arcadia Finance Hack,2025-07-15
0xe75f7f331a8c7e3b4324312f6b9121a0c6d7c3a7,ETH,exploit,revokecash,malicious spender/exploit,Arcadia Finance Hack,2025-07-15
0x3220555d48c2a81fba2f496b930eaa5df008e064,ETH,exploit,revokecash,malicious spender/exploit,Arcadia Finance Hack,2025-07-15
0x7b900534c07b8c89f9769060c65344ed27d05a01,ETH,exploit,revokecash,malicious spender/exploit,Arcadia Finance Hack,2025-07-15
0xb37702b869b2877f4ea1f3c4e3bd3a733f4cb036,ETH,exploit,revokecash,malicious spender/exploit,Arcadia Finance Hack,2025-07-15
0x4fad0d64f55e11f7f23147a65b6ddd964c91f8a5,ETH,exploit,revokecash,malicious spender/exploit,Arcadia Finance Hack,2025-07-15
0xc0b10f8de8f8f2dc42dfb90eb3fb882971be205c,ETH,exploit,revokecash,malicious spender/exploit,Arcadia Finance Hack,2025-07-15
0xa9824b317ca41656330077e8a612b9205ef8eae5,ETH,exploit,revokecash,malicious spender/exploit,Arcadia Finance Hack,2025-07-15
0x2a1cc3580d5c590f65fc9a9b92d433093f34d73c,ETH,exploit,revokecash,malicious spender/exploit,Arcadia Finance Hack,2025-07-15
0x383a0582b03c813a8852e38bce6157fb58196930,ETH,exploit,revokecash,malicious spender/exploit,Arcadia Finance Hack,2025-07-15
0xef01efda991e62608d55da17f7cad5f200677313,ETH,exploit,revokecash,malicious spender/exploit,Arcadia Finance Hack,2025-07-15
0x51a5b7ba88f9e4271e1bf8eb953a33ba00b58565,ETH,exploit,revokecash,malicious spender/exploit,Arcadia Finance Hack,2025-07-15
0xf23c14c282cfc538ef1c7762260631da0c79f788,ETH,exploit,revokecash,malicious spender/exploit,Arcadia Finance Hack,2025-07-15
0x0c4d6b0cfd854e94b00ef5ceae7db5a34b610e1f,ETH,exploit,revokecash,malicious spender/exploit,Arcadia Finance Hack,2025-07-15
0x04c9baf2d84ad0be40b9c9886721f37c4e7f671d,ETH,exploit,revokecash,malicious spender/exploit,Arcadia Finance Hack,2025-07-15
0x3cb8519f37514d4057b951711c274f17fe25c831,ETH,exploit,revokecash,malicious spender/exploit,Arcadia Finance Hack,2025-07-15
0x0b0a0bfe9f74d7ce2e862d05acf945b0bcf783bc,ETH,exploit,revokecash,malicious spender/exploit,Arcadia Finance Hack,2025-07-15
0x8cec5f4c44edb33486197182291356c03216c762,ETH,exploit,revokecash,malicious spender/exploit,Arcadia Finance Hack,2025-07-15
0x5f25d7172964fa9d6a9fe7d74962b0aa4cceb507,ETH,exploit,revokecash,malicious spender/exploit,Arcadia Finance Hack,2025-07-15
0x69b22f71f4b8d58188daefc58aee9c0a4ee4c992,ETH,exploit,revokecash,malicious spender/exploit,Arcadia Finance Hack,2025-07-15
0xabac657281cfa1de3d26cafa7379dbe0b2f4a6bc,ETH,exploit,revokecash,malicious spender/exploit,Arcadia Finance Hack,2025-07-15
0xde35f7b992550070a7d4b48f7ee35ae87fd93bcb,ETH,exploit,revokecash,malicious spender/exploit,Arcadia Finance Hack,2025-07-15
0xfc6b54daa9a6fdabc63c8f89e812be75ba4181fd,ETH,exploit,revokecash,malicious spender/exploit,Arcadia Finance Hack,2025-07-15
0x7c47d43ec03377d92069d67f202eff167a72439f,ETH,exploit,revokecash,malicious spender/exploit,Arcadia Finance Hack,2025-07-15
0x0ddbe877dd656f2c34784f6db5f0ed6e524c1bbd,ETH,exploit,revokecash,malicious spender/exploit,Arcadia Finance Hack,2025-07-15
0xfdb7275871d8b8620db95d178b8ad67ffedf74fb,ETH,exploit,revokecash,malicious spender/exploit,Arcadia Finance Hack,2025-07-15
0x104643fb517315791e9bde69658b747e792e5303,ETH,exploit,revokecash,malicious spender/exploit,Arcadia Finance Hack,2025-07-15
0x3dd9c00c931f7375eb33bda5e36d0f3027585cdd,ETH,exploit,revokecash,malicious spender/exploit,Arcadia Finance Hack,2025-07-15
0x70e691178bb19795dd8b7e6f653f1d5e5b18508f,ETH,exploit,revokecash,malicious spender/exploit,Arcadia Finance Hack,2025-07-15
0x4bba2cd130d2f470a0730a60e05884399456ff28,ETH,exploit,revokecash,malicious spender/exploit,Arcadia Finance Hack,2025-07-15
0x8293549a0436948c7447eb58eb9f3b87167ed06b,ETH,exploit,revokecash,malicious spender/exploit,Arcadia Finance Hack,2025-07-15
0x4237068d1a3500c5a90670ce0e582d4d342065da,ETH,exploit,revokecash,malicious spender/exploit,Arcadia Finance Hack,2025-07-15
0x436e11d1598f6e7f78b2192773fa5f0e15b8d4a3,ETH,exploit,revokecash,malicious spender/exploit,Arcadia Finance Hack,2025-07-15
0xd35d7750a8acd25d905e869e9cf9de0c198d87f2,ETH,exploit,revokecash,malicious spender/exploit,Arcadia Finance Hack,2025-07-15
0x474d205f6998e5e52118ca4b70f4186b8e6a3d4f,ETH,exploit,revokecash,malicious spender/exploit,Arcadia Finance Hack,2025-07-15
0x276bab3a8225e1907a8fb995126f07adfb476a67,ETH,exploit,revokecash,malicious spender/exploit,Arcadia Finance Hack,2025-07-15
0x12e03acaa0658453bafd5227028b5592d21c9528,ETH,exploit,revokecash,malicious spender/exploit,Arcadia Finance Hack,2025-07-15
0x39be0f34fb82a58a34571412d530d83370eaa262,ETH,exploit,revokecash,malicious spender/exploit,Arcadia Finance Hack,2025-07-15
0x074bf147f1b45db6d7bb04c1bdfac4e4df5a62c2,ETH,exploit,revokecash,malicious spender/exploit,Arcadia Finance Hack,2025-07-15
0x1956738c649975b1b0c5512731dc89f674da4d63,ETH,exploit,revokecash,malicious spender/exploit,Arcadia Finance Hack,2025-07-15
0x06d9f9d1b630901a6b70ab9e3b3268240160f748,ETH,exploit,revokecash,malicious spender/exploit,Arcadia Finance Hack,2025-07-15
0x5d54e7cbca906576e52cbd3afaac4f00bfb5b21d,ETH,exploit,revokecash,malicious spender/exploit,Arcadia Finance Hack,2025-07-15
0xed8faadba46e8286dc6d4cfc9575e26d51ea636f,ETH,exploit,revokecash,malicious spender/exploit,Arcadia Finance Hack,2025-07-15
0xb0c569b2a1abc8bf0f0b11082216fe94495bf4c7,ETH,exploit,revokecash,malicious spender/exploit,Arcadia Finance Hack,2025-07-15
0x96fb4b06e6a0f7c69b0fe83be18e9058071aa07d,ETH,exploit,revokecash,malicious spender/exploit,Arcadia Finance Hack,2025-07-15
0x5f8a20fb1c674a83e975ab37072243e0f3718f65,ETH,exploit,revokecash,malicious spender/exploit,Arcadia Finance Hack,2025-07-15
0x4c34454056fb7f9f51607398ccf30049b00f4251,ETH,exploit,revokecash,malicious spender/exploit,Arcadia Finance Hack,2025-07-15
0x7d0ff96efdd291f6412d952b6ff5ad40d2a3cabb,ETH,exploit,revokecash,malicious spender/exploit,Arcadia Finance Hack,2025-07-15
0x52e51128090e250f7012d01f94763954d2bb469e,ETH,exploit,revokecash,malicious spender/exploit,Arcadia Finance Hack,2025-07-15
0x3b43d7564217197f985da96f048b7100eb9076f8,ETH,exploit,revokecash,malicious spender/exploit,Arcadia Finance Hack,2025-07-15
0xe81505905636baf77596963f0fdec144b1166192,ETH,exploit,revokecash,malicious spender/exploit,Arcadia Finance Hack,2025-07-15
0xaf8ba16436d4f0f30d065e78ebe29442eaa4f5c1,ETH,exploit,revokecash,malicious spender/exploit,Arcadia Finance Hack,2025-07-15
0xfc2af3246ba652be56ef63147169e2ba76105aea,ETH,exploit,revokecash,malicious spender/exploit,Arcadia Finance Hack,2025-07-15
0x21d51268e518bcb1b15c1c4143fb3656bdb494c7,ETH,exploit,revokecash,malicious spender/exploit,Arcadia Finance Hack,2025-07-15
0x32d4d9dc6c56e8142ed7c8c0b9c25d7ea6af9372,ETH,exploit,revokecash,malicious spender/exploit,Arcadia Finance Hack,2025-07-15
0xc20175016aefd560c04b7bfc58307c25cd20e789,ETH,exploit,revokecash,malicious spender/exploit,Arcadia Finance Hack,2025-07-15
0x4bc1bf976bb6d6e0babfeb6d28a76501a018685c,ETH,exploit,revokecash,malicious spender/exploit,Arcadia Finance Hack,2025-07-15
0x6537617716b2b2711d78577d7b78846e6b24166c,ETH,exploit,revokecash,malicious spender/exploit,Arcadia Finance Hack,2025-07-15
0x300c6163e31da477d6dcf180b19798bf53c6f9fd,ETH,exploit,revokecash,malicious spender/exploit,Arcadia Finance Hack,2025-07-15
0xd9a568bfa98b2b00e1a1228ebf7fb610576e9326,ETH,exploit,revokecash,malicious spender/exploit,Arcadia Finance Hack,2025-07-15
0xe7372bda1f2969033a6be129f69c6fd7d3301d72,ETH,exploit,revokecash,malicious spender/exploit,Arcadia Finance Hack,2025-07-15
0xb346116f0a89895ee0e1232a15a0ca994fe3269e,ETH,exploit,revokecash,malicious spender/exploit,Arcadia Finance Hack,2025-07-15
0xf5b4204de8d07d87fbd2e9df70fcc6d3cf5d2488,ETH,exploit,revokecash,malicious spender/exploit,Arcadia Finance Hack,2025-07-15
0xe672f4b58b4dd1fd3e9aa21cf487a71095300d0f,ETH,exploit,revokecash,malicious spender/exploit,Arcadia Finance Hack,2025-07-15
0xaa7476d3d4a3ca8e97ecc1c915e24aa1590416ea,ETH,exploit,revokecash,malicious spender/exploit,Arcadia Finance Hack,2025-07-15
0xbe55e4f08d8a2163d841fea7fdc1a0f8b511d17c,ETH,exploit,revokecash,malicious spender/exploit,Arcadia Finance Hack,2025-07-15
0x87461f8cc039471c4cebefbabfdb99cbe3a8e728,ETH,exploit,revokecash,malicious spender/exploit,Arcadia Finance Hack,2025-07-15
0x4c4f9c673b05abe97e342391a9e18d2ef11305f4,ETH,exploit,revokecash,malicious spender/exploit,Arcadia Finance Hack,2025-07-15
0x35f149c1bd925ce5656b5cdc8f842ce9dfc8351e,ETH,exploit,revokecash,malicious spender/exploit,Arcadia Finance Hack,2025-07-15
0xac89e0f663457c5a4f09069fdf3b1384e99a0bcb,ETH,exploit,revokecash,malicious spender/exploit,Arcadia Finance Hack,2025-07-15
0xba3e63f02c7284721d2338045750acfc3d941cc7,ETH,exploit,revokecash,malicious spender/exploit,Arcadia Finance Hack,2025-07-15
0x9f9f820de9d1e21f1a51c9a144f8227b774fe45d,ETH,exploit,revokecash,malicious spender/exploit,Arcadia Finance Hack,2025-07-15
0x0c4f3d44f2554a1d6bb8f7783e200e5d92f5bdcf,ETH,exploit,revokecash,malicious spender/exploit,Arcadia Finance Hack,2025-07-15
0x5e1fb9af1d96493e7b93845c603fd99c8ff77902,ETH,exploit,revokecash,malicious spender/exploit,Arcadia Finance Hack,2025-07-15
0x8fedfb79bf177ee0a755926bc225b2aa95e85fa2,ETH,exploit,revokecash,malicious spender/exploit,Arcadia Finance Hack,2025-07-15
0x9cd38bcf0456f255dd05c93ea650224c3bc115ad,ETH,exploit,revokecash,malicious spender/exploit,Arcadia Finance Hack,2025-07-15
0x92d305c9c85f22968d6d5a8bd4536adb5cc7ffb1,ETH,exploit,revokecash,malicious spender/exploit,Arcadia Finance Hack,2025-07-15
0x8cffac09ba47db66661f91dbfde9466e4764249c,ETH,exploit,revokecash,malicious spender/exploit,Arcadia Finance Hack,2025-07-15
0x33e452d442e73e77f7ffcb0962b586666ecd41c4,ETH,exploit,revokecash,malicious spender/exploit,Arcadia Finance Hack,2025-07-15
0x0df46c7f8c46c455081ae5b48f6ed112d0458f81,ETH,exploit,revokecash,malicious spender/exploit,Arcadia Finance Hack,2025-07-15
0xe31357875cb679f954f0a181791f4b28be68d6c3,ETH,exploit,revokecash,malicious spender/exploit,Arcadia Finance Hack,2025-07-15
0x6584a9da5f9abe0eb90e60f259981d23a73f6567,ETH,exploit,revokecash,malicious spender/exploit,Arcadia Finance Hack,2025-07-15
0xaf9b0db313768f5ec225dcff9d2371dbb4cb1137,ETH,exploit,revokecash,malicious spender/exploit,Arcadia Finance Hack,2025-07-15
0xda86b0d176318a7f4ba5113657672fc1c96b2ad8,ETH,exploit,revokecash,malicious spender/exploit,Arcadia Finance Hack,2025-07-15
0x4f5b138ae8a1ff2fee64b465ccb8793ccb16b9a1,ETH,exploit,revokecash,malicious spender/exploit,Arcadia Finance Hack,2025-07-15
0x2306c8a0b502dfbf228ce0177020980f04e0f11a,ETH,exploit,revokecash,malicious spender/exploit,Arcadia Finance Hack,2025-07-15
0x96b3b8087024394c8e075e1470d5134ddb96f5e4,ETH,exploit,revokecash,malicious spender/exploit,Arcadia Finance Hack,2025-07-15
0x5f9b56bc939e2b8b51a9e51eaa96811391bbf77a,ETH,exploit,revokecash,malicious spender/exploit,Arcadia Finance Hack,2025-07-15
0x43b6ed999aac17d47514487a7612f82394808bbc,ETH,exploit,revokecash,malicious spender/exploit,Arcadia Finance Hack,2025-07-15
0x0a342bd0ba1b1b8e42938451d28ae1f802fb7d24,ETH,exploit,revokecash,malicious spender/exploit,Arcadia Finance Hack,2025-07-15
0x1dd8dcec9b38e816eab08f20ca39d2cd9e6d8ef1,ETH,exploit,revokecash,malicious spender/exploit,Arcadia Finance Hack,2025-07-15
0x062ce94ffd4d623f95be22c096c7fb22f7910e82,ETH,exploit,revokecash,malicious spender/exploit,Arcadia Finance Hack,2025-07-15
0xed37e8a0b2992d70ed87b5393e289bdc94b6292a,ETH,exploit,revokecash,malicious spender/exploit,Arcadia Finance Hack,2025-07-15
0x973cb53b3517fcccbec5bd390cd5bf2680dc80ac,ETH,exploit,revokecash,malicious spender/exploit,Arcadia Finance Hack,2025-07-15
0xf3f309fdf39657223ae4e7aeb7dadb6e02b7dabf,ETH,exploit,revokecash,malicious spender/exploit,Arcadia Finance Hack,2025-07-15
0xdca94a6885a9dd2f4024364397633610aa764757,ETH,exploit,revokecash,malicious spender/exploit,Arcadia Finance Hack,2025-07-15
0xfd9248c8e5e9cb6720797d4c766750c0d492f816,ETH,exploit,revokecash,malicious spender/exploit,Arcadia Finance Hack,2025-07-15
0xe04b68477156b33225e611e3bceb06d3d99513cb,ETH,exploit,revokecash,malicious spender/exploit,Arcadia Finance Hack,2025-07-15
0xe29f10be99d32b84314af768baf447c02b20038c,ETH,exploit,revokecash,malicious spender/exploit,Arcadia Finance Hack,2025-07-15
0xbb36e2e3819858a47c8363413bde797b93dc8dc1,ETH,exploit,revokecash,malicious spender/exploit,Arcadia Finance Hack,2025-07-15
0xf214b6269ef06a82fa4d000052a64790c1fcb376,ETH,exploit,revokecash,malicious spender/exploit,Arcadia Finance Hack,2025-07-15
0x2d97f556952bad69d8a25796a235528549193995,ETH,exploit,revokecash,malicious spender/exploit,Arcadia Finance Hack,2025-07-15
0x15608fc6da80d21280438d41e243b4a9eab70f84,ETH,exploit,revokecash,malicious spender/exploit,Arcadia Finance Hack,2025-07-15
0xbceb48869161a50519493d8a4c7905309131bd11,ETH,exploit,revokecash,malicious spender/exploit,Arcadia Finance Hack,2025-07-15
0x91744ff9c9751785351eb9288f48be6622aed69b,ETH,exploit,revokecash,malicious spender/exploit,Arcadia Finance Hack,2025-07-15
0xb5e0b5425e2243319173d1302bb45c4f98bc5360,ETH,exploit,revokecash,malicious spender/exploit,Arcadia Finance Hack,2025-07-15
0xe058561557187ba01263927743c27afbbd216185,ETH,exploit,revokecash,malicious spender/exploit,Arcadia Finance Hack,2025-07-15
0x23cbdf71cf008b37366156a497072a7d2d112ddd,ETH,exploit,revokecash,malicious spender/exploit,Arcadia Finance Hack,2025-07-15
0x5377b108eda53168c9cfda35f066df3d0ebc5324,ETH,exploit,revokecash,malicious spender/exploit,Arcadia Finance Hack,2025-07-15
0xb5e1d213b8fc9aaa5cc6d4e15678a9628e8dc5fb,ETH,exploit,revokecash,malicious spender/exploit,Arcadia Finance Hack,2025-07-15
0xdb1e04dbe9796b123099d1aace9fbddab0627606,ETH,exploit,revokecash,malicious spender/exploit,Arcadia Finance Hack,2025-07-15
0xf3d71c1989918337d4cc184e4eae0a8136238828,ETH,exploit,revokecash,malicious spender/exploit,Arcadia Finance Hack,2025-07-15
0x83cbadeb33f48d6cb985a9cfbe0f1b6f6705c6ac,ETH,exploit,revokecash,malicious spender/exploit,Arcadia Finance Hack,2025-07-15
0xaa58db019bb6135f4226dbf16d4c7a30cdfe3d36,ETH,exploit,revokecash,malicious spender/exploit,Arcadia Finance Hack,2025-07-15
0xa4aa4cc1b5473bb1f9fcd5c4cdf490e938e2ee2c,ETH,exploit,revokecash,malicious spender/exploit,Arcadia Finance Hack,2025-07-15
0xaece05a40307e5b88e4e93bef5677355a559481e,ETH,exploit,revokecash,malicious spender/exploit,Arcadia Finance Hack,2025-07-15
0x167bcad9cce1ee9f172bf3634ca8198221ae53a6,ETH,exploit,revokecash,malicious spender/exploit,Arcadia Finance Hack,2025-07-15
0xd6a08c3c450397ce6a588c3641cd320e66506b7f,ETH,exploit,revokecash,malicious spender/exploit,Arcadia Finance Hack,2025-07-15
0x7afae7dd505a0d6caff7b111947f99faa0adb82c,ETH,exploit,revokecash,malicious spender/exploit,Arcadia Finance Hack,2025-07-15
0x7d0c7bb6a01bc1d88e87e12fec1c92f9026cadb3,ETH,exploit,revokecash,malicious spender/exploit,Arcadia Finance Hack,2025-07-15
0x80610e0ee16c24aa981345404459c6bfbe9950ab,ETH,exploit,revokecash,malicious spender/exploit,Arcadia Finance Hack,2025-07-15
0xa905eb5ef5aaa1b8dfda8cc42864a2b4fd2767c1,ETH,exploit,revokecash,malicious spender/exploit,Arcadia Finance Hack,2025-07-15
0xaa946c45d5b1e98b5f6a2dae72017b08e4ad521a,ETH,exploit,revokecash,malicious spender/exploit,Arcadia Finance Hack,2025-07-15
0xa071343461d2ad0375c76ea2e4c1affe7328c131,ETH,exploit,revokecash,malicious spender/exploit,Arcadia Finance Hack,2025-07-15
0x6f49824d15746f957b785066a296e9acd6fb6ef3,ETH,exploit,revokecash,malicious spender/exploit,Arcadia Finance Hack,2025-07-15
0x3152da8da7b7dea6bf4e0cadcbc5afca52b63174,ETH,exploit,revokecash,malicious spender/exploit,Arcadia Finance Hack,2025-07-15
0x7686e521d99558eacc0457e74c90c3b2b83343b3,ETH,exploit,revokecash,malicious spender/exploit,Arcadia Finance Hack,2025-07-15
0x8c17883c6739c8e74cbbda6910a1eaf414d56d68,ETH,exploit,revokecash,malicious spender/exploit,Arcadia Finance Hack,2025-07-15
0xc8cee2973790773986545b31497ccbd968802791,ETH,exploit,revokecash,malicious spender/exploit,Arcadia Finance Hack,2025-07-15
0xc243a0db64d9dfcdf9a80bd34286e15c505882fd,ETH,exploit,revokecash,malicious spender/exploit,Arcadia Finance Hack,2025-07-15
0xb51c18258272ad770cf69afcb55eef3bc129a3ad,ETH,exploit,revokecash,malicious spender/exploit,Arcadia Finance Hack,2025-07-15
0xedbb66c8fb3ed8b9e2df24edb971a1ec24691359,ETH,exploit,revokecash,malicious spender/exploit,Arcadia Finance Hack,2025-07-15
0xdac3290027aa262f1a165fadcbd96586ea0e8911,ETH,exploit,revokecash,malicious spender/exploit,Arcadia Finance Hack,2025-07-15
0xe318ff3ee664021e8f70650f5e814aeba4d3f227,ETH,exploit,revokecash,malicious spender/exploit,Arcadia Finance Hack,2025-07-15
0x0bb07c4cd5fda77bb54d6b0f540a85c2d62caeb2,ETH,exploit,revokecash,malicious spender/exploit,Arcadia Finance Hack,2025-07-15
0x3616019817a00012c7ff7ce85ed018c77867515f,ETH,exploit,revokecash,malicious spender/exploit,Arcadia Finance Hack,2025-07-15
0x0c18c1f17385a2817f6f2d2d6c6cc1f3d0876d14,ETH,exploit,revokecash,malicious spender/exploit,Arcadia Finance Hack,2025-07-15
0x60542a3ae1c430ea3db4ed29077aa8ef6c40cbbd,ETH,exploit,revokecash,malicious spender/exploit,Arcadia Finance Hack,2025-07-15
0x19663dde76eeaf5adfe63462ba6215e588adee6e,ETH,exploit,revokecash,malicious spender/exploit,Arcadia Finance Hack,2025-07-15
0xb4526079263191fc009264dafd47ebaa484f8107,ETH,exploit,revokecash,malicious spender/exploit,Arcadia Finance Hack,2025-07-15
0x2c9d6ec38647accc4f7190306cf6be417c2bc66a,ETH,exploit,revokecash,malicious spender/exploit,Arcadia Finance Hack,2025-07-15
0xc952c8cdef0fe0f79d8440da6eda072553990cf9,ETH,exploit,revokecash,malicious spender/exploit,Arcadia Finance Hack,2025-07-15
0xb80ad4c403594298f11cde458d7ff31ca6028f43,ETH,exploit,revokecash,malicious spender/exploit,Arcadia Finance Hack,2025-07-15
0x7c82c0d00caa06b88ccd6a7d8b38a9f25013dd31,ETH,exploit,revokecash,malicious spender/exploit,Arcadia Finance Hack,2025-07-15
0x87a0f1df4b6cbcb2d080b8f1dde53afa49fd24a7,ETH,exploit,revokecash,malicious spender/exploit,Arcadia Finance Hack,2025-07-15
0x27df79ce9f37c14d26fcb3ee2f69c2e5d0c91972,ETH,exploit,revokecash,malicious spender/exploit,Arcadia Finance Hack,2025-07-15
0x5089a50246c020f9e6ef2aa03da1163633902b22,ETH,exploit,revokecash,malicious spender/exploit,Arcadia Finance Hack,2025-07-15
0x276365739f2cee884373925e44f774596f6389cb,ETH,exploit,revokecash,malicious spender/exploit,Arcadia Finance Hack,2025-07-15
0xe466ae5d6efc07443153213312efe0fdbbd423d1,ETH,exploit,revokecash,malicious spender/exploit,Arcadia Finance Hack,2025-07-15
0x93b98414e39279871c14d25c5bcb488227aaea78,ETH,exploit,revokecash,malicious spender/exploit,Arcadia Finance Hack,2025-07-15
0x8e6b26cdafc0907c96d8b05ebea01bd04eec0189,ETH,exploit,revokecash,malicious spender/exploit,Arcadia Finance Hack,2025-07-15
0x1e774ba03d7427f14eedecfc2a37365822af87d7,ETH,exploit,revokecash,malicious spender/exploit,Arcadia Finance Hack,2025-07-15
0x679882c56528ffe1342c5f4d4180a8f4a33a61ac,ETH,exploit,revokecash,malicious spender/exploit,Arcadia Finance Hack,2025-07-15
0xd935806404d50ff43b342e809e6b7128b0b3836f,ETH,exploit,revokecash,malicious spender/exploit,Arcadia Finance Hack,2025-07-15
0x20e0a5fe03129e4cfac2ddc5076ba75995921ef3,ETH,exploit,revokecash,malicious spender/exploit,Arcadia Finance Hack,2025-07-15
0x7de6e97c2f0fac43fd479ef73aa8bbc3d9b41699,ETH,exploit,revokecash,malicious spender/exploit,Arcadia Finance Hack,2025-07-15
0x187c1757dc76e9f4b6d19dac8077a096f119e312,ETH,exploit,revokecash,malicious spender/exploit,Arcadia Finance Hack,2025-07-15
0x09ab1364259c2593003b38c7539ff6192d155cb3,ETH,exploit,revokecash,malicious spender/exploit,Arcadia Finance Hack,2025-07-15
0x35900c36aff343d642f1d4ebabdb1ede73a2b08d,ETH,exploit,revokecash,malicious spender/exploit,Arcadia Finance Hack,2025-07-15
0xcb4d83d99df0bd0171c22ae085a30f5e7609e1a8,ETH,exploit,revokecash,malicious spender/exploit,Arcadia Finance Hack,2025-07-15
0x8f730443fbcf7269c05d0e68487ffb93705dd5fa,ETH,exploit,revokecash,malicious spender/exploit,Arcadia Finance Hack,2025-07-15
0xf1e57fc83b8188df67f9e820f2820535c9eed7c1,ETH,exploit,revokecash,malicious spender/exploit,Arcadia Finance Hack,2025-07-15
0xe5e3d666ba31e812eafdbcf42d28f02c13ea5077,ETH,exploit,revokecash,malicious spender/exploit,Arcadia Finance Hack,2025-07-15
0x7c83373cb5889a13a3afa5c074e2819cda04e99f,ETH,exploit,revokecash,malicious spender/exploit,Arcadia Finance Hack,2025-07-15
0xe99ff74423b3adc4b18d26a58009767c107b0c69,ETH,exploit,revokecash,malicious spender/exploit,Arcadia Finance Hack,2025-07-15
0x556c379b01c1407ae097f1a4e92f89ee4bd9d7c2,ETH,exploit,revokecash,malicious spender/exploit,Arcadia Finance Hack,2025-07-15
0x11afe178c9fa87576f6e6c2966bca6d6c981ad3c,ETH,exploit,revokecash,malicious spender/exploit,Arcadia Finance Hack,2025-07-15
0xb0dd6ed0c12a0fe7456b1046c0058ce64a51b12e,ETH,exploit,revokecash,malicious spender/exploit,Arcadia Finance Hack,2025-07-15
0x8ec41b6c0197d5e770527534c035b1f5079fcb24,ETH,exploit,revokecash,malicious spender/exploit,Arcadia Finance Hack,2025-07-15
0x876d7090e338a11e4c68997bf1702ec47560a47c,ETH,exploit,revokecash,malicious spender/exploit,Arcadia Finance Hack,2025-07-15
0x47e54c80b88d45b362007300d92ca030ab7f0e17,ETH,exploit,revokecash,malicious spender/exploit,Arcadia Finance Hack,2025-07-15
0xd9b6b689bc64639721a8fdd1132a705d920a1a68,ETH,exploit,revokecash,malicious spender/exploit,Arcadia Finance Hack,2025-07-15
0x2b88f484461567ffc108ea2f9b709788c696be17,ETH,exploit,revokecash,malicious spender/exploit,Arcadia Finance Hack,2025-07-15
0xdd86a245c1aca563cd9326d6fbb291fa6b90913b,ETH,exploit,revokecash,malicious spender/exploit,Arcadia Finance Hack,2025-07-15
0xe6535ac15f97e056ad131d6ddd04069060c84b84,ETH,exploit,revokecash,malicious spender/exploit,Arcadia Finance Hack,2025-07-15
0x4d95b1f259e174e06de5d0ea5ba17f08a1237c80,ETH,exploit,revokecash,malicious spender/exploit,Arcadia Finance Hack,2025-07-15
0x9e40c8137a27f80a62b364e7fafb7b2908870a18,ETH,exploit,revokecash,malicious spender/exploit,Arcadia Finance Hack,2025-07-15
0x35d1682ed7ae974b0d8d58bf980fc3fb68f4cb9f,ETH,exploit,revokecash,malicious spender/exploit,Arcadia Finance Hack,2025-07-15
0x84b3b4006801ceebe6c2b49d1b5ee672cf201964,ETH,exploit,revokecash,malicious spender/exploit,Arcadia Finance Hack,2025-07-15
0xa6552d5cc15f01215dc564269d08a9abdf015a4a,ETH,exploit,revokecash,malicious spender/exploit,Arcadia Finance Hack,2025-07-15
0xbb5b4db5e4f840b182bf80b7ef102e2a6d8ef07b,ETH,exploit,revokecash,malicious spender/exploit,Arcadia Finance Hack,2025-07-15
0x5c7544354547490055536245e3e87da323c02e1c,ETH,exploit,revokecash,malicious spender/exploit,Arcadia Finance Hack,2025-07-15
0x2b4af0981f0627b3408c4c05514386f1e6e69637,ETH,exploit,revokecash,malicious spender/exploit,Arcadia Finance Hack,2025-07-15
0x677a29526a2b1dc8409596b13ca2965ad99f08fc,ETH,exploit,revokecash,malicious spender/exploit,Arcadia Finance Hack,2025-07-15
0xfe8c7725bdd5d318aa88a7fd8652e6d7817f7ecf,ETH,exploit,revokecash,malicious spender/exploit,Arcadia Finance Hack,2025-07-15
0xcf1b3ff8a76361bbe3d310ef1836e154522e0b7b,ETH,exploit,revokecash,malicious spender/exploit,Arcadia Finance Hack,2025-07-15
0x298b875bcfb9499b5fc190b8bbaae7ff0f10e1fa,ETH,exploit,revokecash,malicious spender/exploit,Arcadia Finance Hack,2025-07-15
0x9243ea69023b6c20d18ad3ec7670c922f6459eeb,ETH,exploit,revokecash,malicious spender/exploit,Arcadia Finance Hack,2025-07-15
0x9ed4d82de74a98dd9eb3fedec92b3a24a2cad8fe,ETH,exploit,revokecash,malicious spender/exploit,Arcadia Finance Hack,2025-07-15
0x7a656fba31c07726d68ce058e3a3d7d32bb18d25,ETH,exploit,revokecash,malicious spender/exploit,Arcadia Finance Hack,2025-07-15
0xdcc63dd1f13136ebcd7f53d04711b179ded28934,ETH,exploit,revokecash,malicious spender/exploit,Arcadia Finance Hack,2025-07-15
0x7653a8bed08b967e08c9d126c7be66df691bbcc0,ETH,exploit,revokecash,malicious spender/exploit,Arcadia Finance Hack,2025-07-15
0x295a47f4410e219b58098ecc4ab580d888800ca0,ETH,exploit,revokecash,malicious spender/exploit,Arcadia Finance Hack,2025-07-15
0x9b0f59112d0fde528426a5a00a65125779c1f6ef,ETH,exploit,revokecash,malicious spender/exploit,Arcadia Finance Hack,2025-07-15
0x1bcd51343c414eab03b26f11f1b6face76050b63,ETH,exploit,revokecash,malicious spender/exploit,Arcadia Finance Hack,2025-07-15
0x89aa1cd62da1b30fd307c03d2f810eae6d563c5a,ETH,exploit,revokecash,malicious spender/exploit,Arcadia Finance Hack,2025-07-15
0x04227ce1ac7c7d55cfb58b092d5aebae180905d9,ETH,exploit,revokecash,malicious spender/exploit,Arcadia Finance Hack,2025-07-15
0xe5459eaef4be5eff9d2d4ecea9bf80df8c44792c,ETH,exploit,revokecash,malicious spender/exploit,Arcadia Finance Hack,2025-07-15
0xca73cb06d880a81b8f80ea4683a790abc8a910cd,ETH,exploit,revokecash,malicious spender/exploit,Arcadia Finance Hack,2025-07-15
0x20ca659f226528d83d9beb43137313a7e57018c1,ETH,exploit,revokecash,malicious spender/exploit,Arcadia Finance Hack,2025-07-15
0xff5f63bc57d030c79fd106c5cd657d73bbc9bcf8,ETH,exploit,revokecash,malicious spender/exploit,Arcadia Finance Hack,2025-07-15
0x6cfbcae9df0ab8daa4fac5df7f11c2e59efc43db,ETH,exploit,revokecash,malicious spender/exploit,Arcadia Finance Hack,2025-07-15
0xb1802a93156c0d70b33d989d6d7a2b8575843d42,ETH,exploit,revokecash,malicious spender/exploit,Arcadia Finance Hack,2025-07-15
0x762383370200f6a53c1016303cc768a6b0dc339d,ETH,exploit,revokecash,malicious spender/exploit,Arcadia Finance Hack,2025-07-15
0xd11f04bab9c4928ce83ba169c872abf7ae0f8fd2,ETH,exploit,revokecash,malicious spender/exploit,Arcadia Finance Hack,2025-07-15
0x75f6ada19f342ce9614ee861684aa8048562406b,ETH,exploit,revokecash,malicious spender/exploit,Arcadia Finance Hack,2025-07-15
0xaa7661ca78a1c35629165484a88a418216ae3740,ETH,exploit,revokecash,malicious spender/exploit,Arcadia Finance Hack,2025-07-15
0x1ccce479cacb5830c9af7be651de3edc5ced0d55,ETH,exploit,revokecash,malicious spender/exploit,Arcadia Finance Hack,2025-07-15
0x5eb8b9c828c254b802495791027f39599a805b33,ETH,exploit,revokecash,malicious spender/exploit,Arcadia Finance Hack,2025-07-15
0xec08d7b49d1af12a4e08328d198dd22b138eac2c,ETH,exploit,revokecash,malicious spender/exploit,Arcadia Finance Hack,2025-07-15
0x79ad57a43eaf208056a13b0c037620f5ac175544,ETH,exploit,revokecash,malicious spender/exploit,Arcadia Finance Hack,2025-07-15
0x6399b41df2b41ddd97d684f368026496735a180c,ETH,exploit,revokecash,malicious spender/exploit,Arcadia Finance Hack,2025-07-15
0xb960c7e8717ced1433d1f91dfd13544d15631b5c,ETH,exploit,revokecash,malicious spender/exploit,Arcadia Finance Hack,2025-07-15
0x9ffc34151b622664ab7367b34051f925008bca30,ETH,exploit,revokecash,malicious spender/exploit,Arcadia Finance Hack,2025-07-15
0x5530f422a5a68f8e58e0e820eab973e5d292fb25,ETH,exploit,revokecash,malicious spender/exploit,Arcadia Finance Hack,2025-07-15
0x84204976cc0278d852a45b8353f2c450a8fbc5fc,ETH,exploit,revokecash,malicious spender/exploit,Arcadia Finance Hack,2025-07-15
0x9a5ed8149a24aec7b42870569451cfe54e1ecde4,ETH,exploit,revokecash,malicious spender/exploit,Arcadia Finance Hack,2025-07-15
0xe8fce6257168fd9ec6574cede9bd6a0c3160d9f8,ETH,exploit,revokecash,malicious spender/exploit,Arcadia Finance Hack,2025-07-15
0x5ecdcdada618b5558babe16c7fab5ca4b53f767d,ETH,exploit,revokecash,malicious spender/exploit,Arcadia Finance Hack,2025-07-15
0xe8d700d9b084ff79b78456c17e4f8601498ec477,ETH,exploit,revokecash,malicious spender/exploit,Arcadia Finance Hack,2025-07-15
0x5dd78d2b6b884651f403d7e98230a703459499ad,ETH,exploit,revokecash,malicious spender/exploit,Arcadia Finance Hack,2025-07-15
0x27149987a530b3dbfa4a95fc199e342d22817d7d,ETH,exploit,revokecash,malicious spender/exploit,Arcadia Finance Hack,2025-07-15
0x4874e8238d51cf0b9f01adc3e55a9e5ef2049d87,ETH,exploit,revokecash,malicious spender/exploit,Arcadia Finance Hack,2025-07-15
0x8592b66426f5844a687600f9f196f70c8b24fb66,ETH,exploit,revokecash,malicious spender/exploit,Arcadia Finance Hack,2025-07-15
0x5a517f9ef945366b37d112c5f59291029a9d0618,ETH,exploit,revokecash,malicious spender/exploit,Arcadia Finance Hack,2025-07-15
0x536f7173338b4b6fa347ac655ca2b9d67eb47c95,ETH,exploit,revokecash,malicious spender/exploit,Arcadia Finance Hack,2025-07-15
0xcb978a4e1cd08ad4d4f80dccabf02d70bef001c4,ETH,exploit,revokecash,malicious spender/exploit,Arcadia Finance Hack,2025-07-15
0xab372728557116bc546a9c27f177cfdb9a7384a9,ETH,exploit,revokecash,malicious spender/exploit,Arcadia Finance Hack,2025-07-15
0xc398ab15d8bdcab4c90aa655975df80b3f2815a7,ETH,exploit,revokecash,malicious spender/exploit,Arcadia Finance Hack,2025-07-15
0x85c66707f66bf4760967978058983948e49c3312,ETH,exploit,revokecash,malicious spender/exploit,Arcadia Finance Hack,2025-07-15
0x52e512a75b9a8f606c1185dc0365b420ac46d36f,ETH,exploit,revokecash,malicious spender/exploit,Arcadia Finance Hack,2025-07-15
0xe78c9415a0239f62dfe880db89205fdf60459864,ETH,exploit,revokecash,malicious spender/exploit,Arcadia Finance Hack,2025-07-15
0x8bd00968558d33c476a8351a51d1a6abc516ca33,ETH,exploit,revokecash,malicious spender/exploit,Arcadia Finance Hack,2025-07-15
0x0cceda6a6d24154909063119bc3465a94b2a7c54,ETH,exploit,revokecash,malicious spender/exploit,Arcadia Finance Hack,2025-07-15
0x73bc605e9a14e4769b43ab1b60d9b95e4d89d559,ETH,exploit,revokecash,malicious spender/exploit,Arcadia Finance Hack,2025-07-15
0xaebb2412fda1b9d8240b35546f56ae47c5e19316,ETH,exploit,revokecash,malicious spender/exploit,Arcadia Finance Hack,2025-07-15
0xf3d25979a0296bc24278b74f3fb6831b71d6faba,ETH,exploit,revokecash,malicious spender/exploit,Arcadia Finance Hack,2025-07-15
0x025ce8e3e877be5fff18209e78de4dec8300931a,ETH,exploit,revokecash,malicious spender/exploit,Arcadia Finance Hack,2025-07-15
0x37e521d1add4dfdd64592cfc27fb65df4c4f54c1,ETH,exploit,revokecash,malicious spender/exploit,Arcadia Finance Hack,2025-07-15
0x1daf07df2fddff5f1cd2cea3695fcf3ec70a72c0,ETH,exploit,revokecash,malicious spender/exploit,Arcadia Finance Hack,2025-07-15
0x5ed5c6c5992ecbf3e6dd8f7e39956975f6848420,ETH,exploit,revokecash,malicious spender/exploit,Arcadia Finance Hack,2025-07-15
0xf2e6ec2edc698da5d687e00f6e8f227503b473e3,ETH,exploit,revokecash,malicious spender/exploit,Arcadia Finance Hack,2025-07-15
0xee3c5a0b0140d0e513d3641e2190bbe7d150c168,ETH,exploit,revokecash,malicious spender/exploit,Arcadia Finance Hack,2025-07-15
0x5d1cb2a124a0b456404a16b54abc534ccaa323ae,ETH,exploit,revokecash,malicious spender/exploit,Arcadia Finance Hack,2025-07-15
0x962b1863b761d97258f3fb344429b84ad29dd5e9,ETH,exploit,revokecash,malicious spender/exploit,Arcadia Finance Hack,2025-07-15
0x34f872a9f53c90650d0fe936317af7e4d7cbb547,ETH,exploit,revokecash,malicious spender/exploit,Arcadia Finance Hack,2025-07-15
0x82e8efe4bf9d68682c9dd34c7d3a498d442ece36,ETH,exploit,revokecash,malicious spender/exploit,Arcadia Finance Hack,2025-07-15
0xeda8d5b409c864ea0efeaf5fd0b83618fa08d06f,ETH,exploit,revokecash,malicious spender/exploit,Arcadia Finance Hack,2025-07-15
0xd9381b6efacc046159786c0fbbc2f21d4b20189e,ETH,exploit,revokecash,malicious spender/exploit,Arcadia Finance Hack,2025-07-15
0xb49853224d76778304fb903287507582b2063b3b,ETH,exploit,revokecash,malicious spender/exploit,Arcadia Finance Hack,2025-07-15
0x9d04d2ba09286faf005400fa72d54b516f036d42,ETH,exploit,revokecash,malicious spender/exploit,Arcadia Finance Hack,2025-07-15
0xb9b4a250a21f817c243c8fc33b91a0c19dacfbc7,ETH,exploit,revokecash,malicious spender/exploit,Arcadia Finance Hack,2025-07-15
0x889afef9b49e0def7944882025e964464e78683a,ETH,exploit,revokecash,malicious spender/exploit,Arcadia Finance Hack,2025-07-15
0xbf69acefa215fc3cdc682357a8275ae0286d411c,ETH,exploit,revokecash,malicious spender/exploit,Arcadia Finance Hack,2025-07-15
0x66e864cd11e175eccfef9dc5c2193fe21dacf160,ETH,exploit,revokecash,malicious spender/exploit,Arcadia Finance Hack,2025-07-15
0x89374e4333af1537cb563c5437911dd15bd469bc,ETH,exploit,revokecash,malicious spender/exploit,Arcadia Finance Hack,2025-07-15
0x01e5ffe962fba8f0f0242b9eda0a02390e3666be,ETH,exploit,revokecash,malicious spender/exploit,Arcadia Finance Hack,2025-07-15
0x697c92ab0d494b53ce9a67f7053d89f612ab3bb9,ETH,exploit,revokecash,malicious spender/exploit,Arcadia Finance Hack,2025-07-15
0xcc29f98f1e10a460309439ce6456f58c0882a8c8,ETH,exploit,revokecash,malicious spender/exploit,Arcadia Finance Hack,2025-07-15
0xb1750ff01ffa5d8a0f19e5da907f3917c9190c0a,ETH,exploit,revokecash,malicious spender/exploit,Arcadia Finance Hack,2025-07-15
0x8489007d8c4d2ff178c510cabb728754bb2081ec,ETH,exploit,revokecash,malicious spender/exploit,Arcadia Finance Hack,2025-07-15
0x3c79e3006d5238af4d114a977432c2f728925a21,ETH,exploit,revokecash,malicious spender/exploit,Arcadia Finance Hack,2025-07-15
0x3dc9a1dfcb7c9272d4788594ff47f367fbaa2d7b,ETH,exploit,revokecash,malicious spender/exploit,Arcadia Finance Hack,2025-07-15
0x514a6f31c6abfbb54334a4bf780878af78e22ab2,ETH,exploit,revokecash,malicious spender/exploit,Arcadia Finance Hack,2025-07-15
0xc59c4e4abf4953fc7ce2750d062be2602e15a049,ETH,exploit,revokecash,malicious spender/exploit,Arcadia Finance Hack,2025-07-15
0x5386a44a733d5ca86c95295ebbe53560471b5c4a,ETH,exploit,revokecash,malicious spender/exploit,Arcadia Finance Hack,2025-07-15
0xf4966a63cc5732eb523911213b6aaa1f999b11d2,ETH,exploit,revokecash,malicious spender/exploit,Arcadia Finance Hack,2025-07-15
0x0d1b7ba8e28644910676cac5a43ef56b23203743,ETH,exploit,revokecash,malicious spender/exploit,Arcadia Finance Hack,2025-07-15
0xf31caa5be86cccd86a9e357a175847d5b46bcf04,ETH,exploit,revokecash,malicious spender/exploit,Arcadia Finance Hack,2025-07-15
0xcefdcbfab676c27b86021072dae564c0017f45eb,ETH,exploit,revokecash,malicious spender/exploit,Arcadia Finance Hack,2025-07-15
0x9839e645a472331a31ff3ee4aba821d6414ac2c4,ETH,exploit,revokecash,malicious spender/exploit,Arcadia Finance Hack,2025-07-15
0xa047a25fbb3267773d75bb1fcb437861c94745d3,ETH,exploit,revokecash,malicious spender/exploit,Arcadia Finance Hack,2025-07-15
0x245ab01d2c5d0f4230be4cc34bbd095ca6dd90c6,ETH,exploit,revokecash,malicious spender/exploit,Arcadia Finance Hack,2025-07-15
0x4ef3f9018a8cf997c048631caa84819de909a6c9,ETH,exploit,revokecash,malicious spender/exploit,Arcadia Finance Hack,2025-07-15
0xd2cb3f9a3fe9ef6faa0684149c1ed6b63fdf8494,ETH,exploit,revokecash,malicious spender/exploit,Arcadia Finance Hack,2025-07-15
0x81cf9ff09a0d59aec64feaf4cfebaf7897f67782,ETH,exploit,revokecash,malicious spender/exploit,Arcadia Finance Hack,2025-07-15
0xe62ce39060bf76ce92118376d405c2fb0170d9e5,ETH,exploit,revokecash,malicious spender/exploit,Arcadia Finance Hack,2025-07-15
0x993da4917da95506951a70f66cba6c003465567e,ETH,exploit,revokecash,malicious spender/exploit,Arcadia Finance Hack,2025-07-15
0xb076bd5841a16553680b60ab23eba7ee37c1ee7e,ETH,exploit,revokecash,malicious spender/exploit,Arcadia Finance Hack,2025-07-15
0xd14dbe7ac31253a2a6f1964f7263e1a8e55df81a,ETH,exploit,revokecash,malicious spender/exploit,Arcadia Finance Hack,2025-07-15
0x417e9e77afdc534f0ddf8c2372c5bea5f91dce71,ETH,exploit,revokecash,malicious spender/exploit,Arcadia Finance Hack,2025-07-15
0x37d7fe83761c987bda9a52d292b4fe6c7d46049b,ETH,exploit,revokecash,malicious spender/exploit,Arcadia Finance Hack,2025-07-15
0x4c99dfb296a7b643c6424c06386f4cdf7f430016,ETH,exploit,revokecash,malicious spender/exploit,Arcadia Finance Hack,2025-07-15
0xbe707a0a498ddccf529e0d5889c853c5de827744,ETH,exploit,revokecash,malicious spender/exploit,Arcadia Finance Hack,2025-07-15
0x40f6362cc94b1c4fbf91c080ef8671bb40301acc,ETH,exploit,revokecash,malicious spender/exploit,Arcadia Finance Hack,2025-07-15
0xe6035b6e1d760081770987b3b3ca83f0990adcec,ETH,exploit,revokecash,malicious spender/exploit,Arcadia Finance Hack,2025-07-15
0x3c8f612cdcadaf9545e5c7b433f0f9ee879fd9d7,ETH,exploit,revokecash,malicious spender/exploit,Arcadia Finance Hack,2025-07-15
0x3b44be3493a7c93a7dcafa5605068879cb1be93f,ETH,exploit,revokecash,malicious spender/exploit,Arcadia Finance Hack,2025-07-15
0xa0792b7b54c8592c3cbb8bafe4a53993089d3ddf,ETH,exploit,revokecash,malicious spender/exploit,Arcadia Finance Hack,2025-07-15
0x648806ee7686eb8bf5e5159e389aad142bc030de,ETH,exploit,revokecash,malicious spender/exploit,Arcadia Finance Hack,2025-07-15
0xc99a9b31197157b4e508d6ea980aa6d9152ddae5,ETH,exploit,revokecash,malicious spender/exploit,Arcadia Finance Hack,2025-07-15
0xe43897b31bd75eca79bf78bf57689d97bad967c0,ETH,exploit,revokecash,malicious spender/exploit,Arcadia Finance Hack,2025-07-15
0x035782fae853a83ed7710d9db7233420bade3b99,ETH,exploit,revokecash,malicious spender/exploit,Arcadia Finance Hack,2025-07-15
0xab7c08b1e52d7fcadcd9442e15179bcb42ca9b08,ETH,exploit,revokecash,malicious spender/exploit,Arcadia Finance Hack,2025-07-15
0x7a7c7152cdc954639dbdd2315dd3ee8bc1ffac6c,ETH,exploit,revokecash,malicious spender/exploit,Arcadia Finance Hack,2025-07-15
0x290b5d930541d119d74601133b7e3298ff8c9f40,ETH,exploit,revokecash,malicious spender/exploit,Arcadia Finance Hack,2025-07-15
0x8a969b6bd39cacb2eab14653b2c46d2f9c6f9745,ETH,exploit,revokecash,malicious spender/exploit,Arcadia Finance Hack,2025-07-15
0xd52d75d9a5dd566ec980eadf55d36769a9b0cd42,ETH,exploit,revokecash,malicious spender/exploit,Arcadia Finance Hack,2025-07-15
0x8afec9a0d9b17597bcea3ff5a381ae3a0fd9068f,ETH,exploit,revokecash,malicious spender/exploit,Arcadia Finance Hack,2025-07-15
0x300f384bb2aac985e3e75985596288be6aabe49b,ETH,exploit,revokecash,malicious spender/exploit,Arcadia Finance Hack,2025-07-15
0x3a1c7233aa33c50faffc294868b6a553b6162fd1,ETH,exploit,revokecash,malicious spender/exploit,Arcadia Finance Hack,2025-07-15
0x4a83cd7217555260f39e9798df4942319709a56b,ETH,exploit,revokecash,malicious spender/exploit,Arcadia Finance Hack,2025-07-15
0x690056ce16a1fd4eca9fe8068fe684e750224997,ETH,exploit,revokecash,malicious spender/exploit,Arcadia Finance Hack,2025-07-15
0x84e7e9756c8b78b6fe27bf7df93cc5655513ee5a,ETH,exploit,revokecash,malicious spender/exploit,Arcadia Finance Hack,2025-07-15
0xfaa0dcd3f10a3856f2288353a0a258b9e78ac996,ETH,exploit,revokecash,malicious spender/exploit,Arcadia Finance Hack,2025-07-15
0x141530582747066c47dd2e08eba3fe6642055b73,ETH,exploit,revokecash,malicious spender/exploit,Arcadia Finance Hack,2025-07-15
0xc8e925d11593f377e559f0aa9785603f60e839cb,ETH,exploit,revokecash,malicious spender/exploit,Arcadia Finance Hack,2025-07-15
0x1e49072cfaae5897c518948e0f4db0ee2abff5b1,ETH,exploit,revokecash,malicious spender/exploit,Arcadia Finance Hack,2025-07-15
0x6c985abb5558f6273ed5ef98bdfcab3e5a1a5730,ETH,exploit,revokecash,malicious spender/exploit,Arcadia Finance Hack,2025-07-15
0xe6e6ecfd16a5fe9964c2ccd9d0de6816295cef60,ETH,exploit,revokecash,malicious spender/exploit,Arcadia Finance Hack,2025-07-15
0x8a84027c741ab35a65758f2aa833ab80e21a6c64,ETH,exploit,revokecash,malicious spender/exploit,Arcadia Finance Hack,2025-07-15
0xf4784b9cab6ab501032f4ed86e4e9ddab1dc4ed9,ETH,exploit,revokecash,malicious spender/exploit,Arcadia Finance Hack,2025-07-15
0xc272ad1083bc79fa901eeb756ee224a026b240cc,ETH,exploit,revokecash,malicious spender/exploit,Arcadia Finance Hack,2025-07-15
0xc232319f45780588f642b3296fb3971202d282dc,ETH,exploit,revokecash,malicious spender/exploit,Arcadia Finance Hack,2025-07-15
0xc9308f817b9f8da64fb1369bf64da8f7c75581ca,ETH,exploit,revokecash,malicious spender/exploit,Arcadia Finance Hack,2025-07-15
0x043e2188dda75f8c1221498c4b0777a2beb8351f,ETH,exploit,revokecash,malicious spender/exploit,Arcadia Finance Hack,2025-07-15
0xa5bd84c2c2057fd9651e6126a8636a2cf7223eda,ETH,exploit,revokecash,malicious spender/exploit,Arcadia Finance Hack,2025-07-15
0x9180c97295d7f48942bd3aabb9067cc851e1bed6,ETH,exploit,revokecash,malicious spender/exploit,Arcadia Finance Hack,2025-07-15
0x2e7df6b1b9f4d9e064d344f1b0b61825fcfadfc9,ETH,exploit,revokecash,malicious spender/exploit,Arcadia Finance Hack,2025-07-15
0x74dac1cc6ec119e16af695b9d32d77b12034a581,ETH,exploit,revokecash,malicious spender/exploit,Arcadia Finance Hack,2025-07-15
0xc98cd3c2ba4530e031e5ba946edd7c0f093ca1b3,ETH,exploit,revokecash,malicious spender/exploit,Arcadia Finance Hack,2025-07-15
0x088f4d3caec16bbdc74351e0824642915166aed9,ETH,exploit,revokecash,malicious spender/exploit,Arcadia Finance Hack,2025-07-15
0x26be16bc97177e75fad1b297270d348f92134d24,ETH,exploit,revokecash,malicious spender/exploit,Arcadia Finance Hack,2025-07-15
0x00c51505439bd634b0a9f98b811ffe96885c82c1,ETH,exploit,revokecash,malicious spender/exploit,Arcadia Finance Hack,2025-07-15
0x922f9da94229df89a39cca79f37b73ba3af0e8e4,ETH,exploit,revokecash,malicious spender/exploit,Arcadia Finance Hack,2025-07-15
0xaae0da8749281d0e1ed096f84a5e099c28f9c404,ETH,exploit,revokecash,malicious spender/exploit,Arcadia Finance Hack,2025-07-15
0x6641404e0ebe8ce274e01fd537a7a3ea2536c465,ETH,exploit,revokecash,malicious spender/exploit,Arcadia Finance Hack,2025-07-15
0xba9c5b20f1498aedd3b386c32cc928cea0843d52,ETH,exploit,revokecash,malicious spender/exploit,Arcadia Finance Hack,2025-07-15
0xbb1ac802540d6feb538b27c9b275909e94f659d7,ETH,exploit,revokecash,malicious spender/exploit,Arcadia Finance Hack,2025-07-15
0x06a4cf3d574a3404e9f9332a57b80fd13f5faac3,ETH,exploit,revokecash,malicious spender/exploit,Arcadia Finance Hack,2025-07-15
0xb018130ab3bbe6a5ff433d29103488b0c995ef3b,ETH,exploit,revokecash,malicious spender/exploit,Arcadia Finance Hack,2025-07-15
0x7b7fca46099331486b1a0c07c588f3bd3965342d,ETH,exploit,revokecash,malicious spender/exploit,Arcadia Finance Hack,2025-07-15
0xa7aa6ff508bc82726692c613a155de6e97f70e5d,ETH,exploit,revokecash,malicious spender/exploit,Arcadia Finance Hack,2025-07-15
0x76a049167903f224c9faf76d748fceb3deed128d,ETH,exploit,revokecash,malicious spender/exploit,Arcadia Finance Hack,2025-07-15
0x037232d59e5a0a1e521d0578a855d1f273f3d474,ETH,exploit,revokecash,malicious spender/exploit,Arcadia Finance Hack,2025-07-15
0xe66d62a3ff63df6f92ce68cbb97133e5a2f66b17,ETH,exploit,revokecash,malicious spender/exploit,Arcadia Finance Hack,2025-07-15
0x78131204b2fbc8e92e2ea7dcfd2d627216ee5e82,ETH,exploit,revokecash,malicious spender/exploit,Arcadia Finance Hack,2025-07-15
0xa7dc94c7cde8ce4092140b796ef3377d4c9f4631,ETH,exploit,revokecash,malicious spender/exploit,Arcadia Finance Hack,2025-07-15
0xcb7bc6005864c13d8ab1fdcf326f8433bba37fe4,ETH,exploit,revokecash,malicious spender/exploit,Arcadia Finance Hack,2025-07-15
0xca36ded56100f6cc595648ed2c9b35e255b60882,ETH,exploit,revokecash,malicious spender/exploit,Arcadia Finance Hack,2025-07-15
0xe3bbde80dc4e2f61f12d397679a138cf6e6e8328,ETH,exploit,revokecash,malicious spender/exploit,Arcadia Finance Hack,2025-07-15
0x60ec378fa810966286df48986ee208f2b1fc4475,ETH,exploit,revokecash,malicious spender/exploit,Arcadia Finance Hack,2025-07-15
0xbe01f115013b47638e974d2edd6cdc1796acf1fc,ETH,exploit,revokecash,malicious spender/exploit,Arcadia Finance Hack,2025-07-15
0x7e019a5872cb5676295ef5d1dc446b4a2daf35cb,ETH,exploit,revokecash,malicious spender/exploit,Arcadia Finance Hack,2025-07-15
0xf5ca39966b49ad4a1b42db18c39efb3771eb74b7,ETH,exploit,revokecash,malicious spender/exploit,Arcadia Finance Hack,2025-07-15
0x3a3da8b3a2ef17a2aa8b90a7671a8264c927e2a5,ETH,exploit,revokecash,malicious spender/exploit,Arcadia Finance Hack,2025-07-15
0x9e1a9d6cb8d8b7149e0171653c676af919649fcf,ETH,exploit,revokecash,malicious spender/exploit,Arcadia Finance Hack,2025-07-15
0x940fbd937fb712a452cc04d103564a593c22f13a,ETH,exploit,revokecash,malicious spender/exploit,Arcadia Finance Hack,2025-07-15
0xe5fa038e0a7630d013a67ded1e9513fe1b6e10da,ETH,exploit,revokecash,malicious spender/exploit,Arcadia Finance Hack,2025-07-15
0xdfc6ca225503b93dee4a97887a8ba0fbea213a88,ETH,exploit,revokecash,malicious spender/exploit,Arcadia Finance Hack,2025-07-15
0x2e98feee40d740928c4a5101fb4fb63140d85176,ETH,exploit,revokecash,malicious spender/exploit,Arcadia Finance Hack,2025-07-15
0xd768ee0ae99ca378fb511ce473c397ac781b8c2f,ETH,exploit,revokecash,malicious spender/exploit,Arcadia Finance Hack,2025-07-15
0x6d6f36849faaff2aa8541f732371285aa02b41be,ETH,exploit,revokecash,malicious spender/exploit,Arcadia Finance Hack,2025-07-15
0x5a06f887df2016f5850d445f8c1739d4bd2c927c,ETH,exploit,revokecash,malicious spender/exploit,Arcadia Finance Hack,2025-07-15
0x6c4e53e2841fd46bf265fb6aaed60563098749d4,ETH,exploit,revokecash,malicious spender/exploit,Arcadia Finance Hack,2025-07-15
0x15e703949450d6a9deca30a8c56212a9f9a26d28,ETH,exploit,revokecash,malicious spender/exploit,Arcadia Finance Hack,2025-07-15
0x5672910508fcd3f4ca696f5ee55e69ed8b033e22,ETH,exploit,revokecash,malicious spender/exploit,Arcadia Finance Hack,2025-07-15
0x78d6ee52c641340d5dd793d925f217bd993984d0,ETH,exploit,revokecash,malicious spender/exploit,Arcadia Finance Hack,2025-07-15
0x5bbf0272bd44c2a2279d93461a5402de02796b45,ETH,exploit,revokecash,malicious spender/exploit,Arcadia Finance Hack,2025-07-15
0x20579b81945293ac0ff75982e9b38a6fa9a65559,ETH,exploit,revokecash,malicious spender/exploit,Arcadia Finance Hack,2025-07-15
0xfc36d2571d2ee4bf4708797ed19fb82887dd4df6,ETH,exploit,revokecash,malicious spender/exploit,Arcadia Finance Hack,2025-07-15
0x9205b8bf42d7473e6a93530055640b40f5508fae,ETH,exploit,revokecash,malicious spender/exploit,Arcadia Finance Hack,2025-07-15
0x4dd7d2034e65bab7df34b4e3ec2e92529f618ff2,ETH,exploit,revokecash,malicious spender/exploit,Arcadia Finance Hack,2025-07-15
0xae6a76a0152798d43a1a9708b4484cdee9382c83,ETH,exploit,revokecash,malicious spender/exploit,Arcadia Finance Hack,2025-07-15
0x734b9303760b778c475aadee0a853b93e75f786f,ETH,exploit,revokecash,malicious spender/exploit,Arcadia Finance Hack,2025-07-15
0xa5b2cf42dab99ed39f49a3670de1ecc4a0fb1e69,ETH,exploit,revokecash,malicious spender/exploit,Arcadia Finance Hack,2025-07-15
0x1b20fb3d60818e1187977c19705255a97faef173,ETH,exploit,revokecash,malicious spender/exploit,Arcadia Finance Hack,2025-07-15
0xc7a7f7d7a49068d200c0ac0183c5ffa437e5e003,ETH,exploit,revokecash,malicious spender/exploit,Arcadia Finance Hack,2025-07-15
0xe537196c661adfe9e4fce1891fc7f77e447d94fc,ETH,exploit,revokecash,malicious spender/exploit,Arcadia Finance Hack,2025-07-15
0x118018376f6a98906e13e2d37cb2c33da9d9a5a7,ETH,exploit,revokecash,malicious spender/exploit,Arcadia Finance Hack,2025-07-15
0x573091196a24fff142c0eace482e4b6dd930f758,ETH,exploit,revokecash,malicious spender/exploit,Arcadia Finance Hack,2025-07-15
0x8e2753c65d4258a3c457c509633622fbe9f57682,ETH,exploit,revokecash,malicious spender/exploit,Arcadia Finance Hack,2025-07-15
0xd848f29deff95a3774b0d46bb5a280702ba7b3c7,ETH,exploit,revokecash,malicious spender/exploit,Arcadia Finance Hack,2025-07-15
0x647b63936d5cd78a84e5bbb62ebc66562a2f1e6e,ETH,exploit,revokecash,malicious spender/exploit,Arcadia Finance Hack,2025-07-15
0xac34febd8a5e02cd2030214e0a2220b18f44a3da,ETH,exploit,revokecash,malicious spender/exploit,Arcadia Finance Hack,2025-07-15
0x04b6915952ff30e993ecb56f7eabed3a287af91b,ETH,exploit,revokecash,malicious spender/exploit,Arcadia Finance Hack,2025-07-15
0x8f3636814c3d17e029873fdc8e53a4aaaaed3f7f,ETH,exploit,revokecash,malicious spender/exploit,Arcadia Finance Hack,2025-07-15
0x61f95738bc20311dfd5ec70b749004496c4ed73a,ETH,exploit,revokecash,malicious spender/exploit,Arcadia Finance Hack,2025-07-15
0xa50761938448efb4ee9854722ea0bac0b3c344cf,ETH,exploit,revokecash,malicious spender/exploit,Arcadia Finance Hack,2025-07-15
0x1db72879c9a0a6462efd0d8ce11d7cd6c18e558f,ETH,exploit,revokecash,malicious spender/exploit,Arcadia Finance Hack,2025-07-15
0x1b8ad472a8b86e5c632ea51c29ceb246e4926048,ETH,exploit,revokecash,malicious spender/exploit,Arcadia Finance Hack,2025-07-15
0xc6307b4638a5ccd8104d164c8f616217b3a882f5,ETH,exploit,revokecash,malicious spender/exploit,Arcadia Finance Hack,2025-07-15
0x68e57ff64f7f37810b80d77896dddb4d25702437,ETH,exploit,revokecash,malicious spender/exploit,Arcadia Finance Hack,2025-07-15
0xbec9b3afe23f9b724d412cdf3d0a07d09aaad5f4,ETH,exploit,revokecash,malicious spender/exploit,Arcadia Finance Hack,2025-07-15
0xc333abd2b46fc8346274f2ed12d11a3d6128229b,ETH,exploit,revokecash,malicious spender/exploit,Arcadia Finance Hack,2025-07-15
0x9665b6b14a4c65235c7b6167ab80cc193485124b,ETH,exploit,revokecash,malicious spender/exploit,Arcadia Finance Hack,2025-07-15
0x604f0000c731ab703e64a222466ddf69eef00585,ETH,exploit,revokecash,malicious spender/exploit,Arcadia Finance Hack,2025-07-15
0x3859cd3cb44a7b9c2b9321ffa97fff2b641b22c4,ETH,exploit,revokecash,malicious spender/exploit,Arcadia Finance Hack,2025-07-15
0xe3ad981942b029ac374e7f211c8c99acc5487ec7,ETH,exploit,revokecash,malicious spender/exploit,Arcadia Finance Hack,2025-07-15
0x07c5a30eb386b0494089957678ad20a2a1264bab,ETH,exploit,revokecash,malicious spender/exploit,Arcadia Finance Hack,2025-07-15
0x7597209e565921fb4f0f734bdf2d723e1ce74181,ETH,exploit,revokecash,malicious spender/exploit,Arcadia Finance Hack,2025-07-15
0xa759da4efbefe737fe89b02570ac4c6298d5c44b,ETH,exploit,revokecash,malicious spender/exploit,Arcadia Finance Hack,2025-07-15
0x1b0cabd0974d7a82f02a23d4f7a6f1bee0486d1d,ETH,exploit,revokecash,malicious spender/exploit,Arcadia Finance Hack,2025-07-15
0x0df0d727d0be65e304f0cb5d0efe92d7235457d3,ETH,exploit,revokecash,malicious spender/exploit,Arcadia Finance Hack,2025-07-15
0x9609ad8dcc0df52ec9f983fd520cf0acf11211db,ETH,exploit,revokecash,malicious spender/exploit,Arcadia Finance Hack,2025-07-15
0x9eebb10a420c6f2a48fb3393a6ddd82c4944a775,ETH,exploit,revokecash,malicious spender/exploit,Arcadia Finance Hack,2025-07-15
0x54e572279f6a7ad97f9acba05c563431015168e8,ETH,exploit,revokecash,malicious spender/exploit,Arcadia Finance Hack,2025-07-15
0x219de28ed7241c03ad986feede6ff1de9470ea0f,ETH,exploit,revokecash,malicious spender/exploit,Arcadia Finance Hack,2025-07-15
0xdd17edfeb96488038e4f16dc2e08c7320006ebc3,ETH,exploit,revokecash,malicious spender/exploit,Arcadia Finance Hack,2025-07-15
0x3b0f3f45482b6120a82735c8267c397b356b5823,ETH,exploit,revokecash,malicious spender/exploit,Arcadia Finance Hack,2025-07-15
0x27ddf93bb8e659ceb85ea9d8e34cb4c6ddfd5c12,ETH,exploit,revokecash,malicious spender/exploit,Arcadia Finance Hack,2025-07-15
0xa11c70bbc804fcebc9c7fb08b87a6b8f920b1544,ETH,exploit,revokecash,malicious spender/exploit,Arcadia Finance Hack,2025-07-15
0x7998a35d93338332d979d55c23fc775dd8cd1371,ETH,exploit,revokecash,malicious spender/exploit,Arcadia Finance Hack,2025-07-15
0x80598abcd3c53aa42bb606bf4024db2c518c4f9a,ETH,exploit,revokecash,malicious spender/exploit,Arcadia Finance Hack,2025-07-15
0x2158760affc6d5030c6c8c829aa9e984c696d7da,ETH,exploit,revokecash,malicious spender/exploit,Arcadia Finance Hack,2025-07-15
0x71a925d2a985877ac8a4e746be7c2a983b051661,ETH,exploit,revokecash,malicious spender/exploit,Arcadia Finance Hack,2025-07-15
0x311b5e318abd45f8e3b72c74435703683a15c6aa,ETH,exploit,revokecash,malicious spender/exploit,Arcadia Finance Hack,2025-07-15
0x595e62077fe2ae90a53f4fc54945d03b144f7cf7,ETH,exploit,revokecash,malicious spender/exploit,Arcadia Finance Hack,2025-07-15
0x5b2933a2c7879932e131888714413c2e1378f3b1,ETH,exploit,revokecash,malicious spender/exploit,Arcadia Finance Hack,2025-07-15
0x02238160d70a1f10cfb11f0696191455e8774b28,ETH,exploit,revokecash,malicious spender/exploit,Arcadia Finance Hack,2025-07-15
0x6eb93a022bd2cccf165ef23590151e5d88e95c74,ETH,exploit,revokecash,malicious spender/exploit,Arcadia Finance Hack,2025-07-15
0x0465638e78c5658b6a8b6f4486116a1eb5bd2583,ETH,exploit,revokecash,malicious spender/exploit,Arcadia Finance Hack,2025-07-15
0x890dcf7d6bb9d12ce9666d92f860e8fbe099ddf7,ETH,exploit,revokecash,malicious spender/exploit,Arcadia Finance Hack,2025-07-15
0x66c0c73aea53f54a0d4765908dce6e81504ad089,ETH,exploit,revokecash,malicious spender/exploit,Arcadia Finance Hack,2025-07-15
0x7ebb0541b00179deeb278c4025e74c362f7960ad,ETH,exploit,revokecash,malicious spender/exploit,Arcadia Finance Hack,2025-07-15
0xbc7c6c16e2601dd97004aff711787224b600acc6,ETH,exploit,revokecash,malicious spender/exploit,Arcadia Finance Hack,2025-07-15
0x98798407b4be35e14f0b0f1a7766746af4b696f5,ETH,exploit,revokecash,malicious spender/exploit,Arcadia Finance Hack,2025-07-15
0xb3cded280e81bde0c6c9e0050bfc8f632ff86d4f,ETH,exploit,revokecash,malicious spender/exploit,Arcadia Finance Hack,2025-07-15
0x566c3385d1165ed2e4b4584ed83b5a855c563660,ETH,exploit,revokecash,malicious spender/exploit,Arcadia Finance Hack,2025-07-15
0xc63b8f4e0a0069ba1cd336d6b778768f96b6c8d5,ETH,exploit,revokecash,malicious spender/exploit,Arcadia Finance Hack,2025-07-15
0x7078e0a310c0f51102c83047ec12670d66385724,ETH,exploit,revokecash,malicious spender/exploit,Arcadia Finance Hack,2025-07-15
0xf24fd6367b2cb4e73a3b9181fc64c96027071265,ETH,exploit,revokecash,malicious spender/exploit,Arcadia Finance Hack,2025-07-15
0x5846f1abe910c3da483c461b9a6b69f7096bae47,ETH,exploit,revokecash,malicious spender/exploit,Arcadia Finance Hack,2025-07-15
0x2b07bc6c1919196922c906bbf09a73b2206f9d3b,ETH,exploit,revokecash,malicious spender/exploit,Arcadia Finance Hack,2025-07-15
0xc84dda68d9d07170f0169f4c682c12d92816089f,ETH,exploit,revokecash,malicious spender/exploit,Arcadia Finance Hack,2025-07-15
0x000a40014b8395f763f7a3e318ac5d1d27284e20,ETH,exploit,revokecash,malicious spender/exploit,Arcadia Finance Hack,2025-07-15
0xe3326da64452bd4d4a67268835363cef94afff71,ETH,exploit,revokecash,malicious spender/exploit,Arcadia Finance Hack,2025-07-15
0x34a38bd4956133d9c5520c7e117d6cbd86c6a567,ETH,exploit,revokecash,malicious spender/exploit,Arcadia Finance Hack,2025-07-15
0xa63c847336a36d3f562e885f701c0b28186ecf79,ETH,exploit,revokecash,malicious spender/exploit,Arcadia Finance Hack,2025-07-15
0xc7f66a61610682455c4c56ae7234d0e7bfb39685,ETH,exploit,revokecash,malicious spender/exploit,Arcadia Finance Hack,2025-07-15
0x12ff0fb4c54bb813b5ec08806ce9a5fc0408924c,ETH,exploit,revokecash,malicious spender/exploit,Arcadia Finance Hack,2025-07-15
0xec333bea6c50ef38b19e2bc8ba4f87476aa76444,ETH,exploit,revokecash,malicious spender/exploit,Arcadia Finance Hack,2025-07-15
0xb76cd32e9d2150b58f4e0e4543f9cd5f12d71806,ETH,exploit,revokecash,malicious spender/exploit,Arcadia Finance Hack,2025-07-15
0x952005d122b3911ded0a0128ee10bd5f5b07c4cd,ETH,exploit,revokecash,malicious spender/exploit,Arcadia Finance Hack,2025-07-15
0x9b5dcc6ece05e1f7e031bd04d373a91f5fad1008,ETH,exploit,revokecash,malicious spender/exploit,Arcadia Finance Hack,2025-07-15
0x0fd88516410a5d13e9b265ee700a85e952ac402d,ETH,exploit,revokecash,malicious spender/exploit,Arcadia Finance Hack,2025-07-15
0xbfc5aaa825b5e1c6fc5ee8c9c954bf012b7efe50,ETH,exploit,revokecash,malicious spender/exploit,Arcadia Finance Hack,2025-07-15
0xa8a08a0e3c1c282501eeea8b19491f28c4847734,ETH,exploit,revokecash,malicious spender/exploit,Arcadia Finance Hack,2025-07-15
0x4cd4e329883593da4a36fe9b7d4aee158b8be018,ETH,exploit,revokecash,malicious spender/exploit,Arcadia Finance Hack,2025-07-15
0x168f557b38ab27adee433c6654eeb83b8a09e432,ETH,exploit,revokecash,malicious spender/exploit,Arcadia Finance Hack,2025-07-15
0x7e2ac792dad24264217332aef8129ddf7927e184,ETH,exploit,revokecash,malicious spender/exploit,Arcadia Finance Hack,2025-07-15
0x93fd0a9e76c9008213579b8e173cd4ef44c6a67e,ETH,exploit,revokecash,malicious spender/exploit,Arcadia Finance Hack,2025-07-15
0x6bde03a4fc55034b96f2edcd7b4efde7010a93fb,ETH,exploit,revokecash,malicious spender/exploit,Arcadia Finance Hack,2025-07-15
0xfc4c94181157f5fa5144b5bb1238f89c438de229,ETH,exploit,revokecash,malicious spender/exploit,Arcadia Finance Hack,2025-07-15
0x846a26704fb7c1a7d1a47384ddee3bd35a36678e,ETH,exploit,revokecash,malicious spender/exploit,Arcadia Finance Hack,2025-07-15
0xfe78ab9e1f01eefa7bbe8ecbad646f4ed16021fe,ETH,exploit,revokecash,malicious spender/exploit,Arcadia Finance Hack,2025-07-15
0x217c00b85dc3b4e23db975a9f391769d26dba784,ETH,exploit,revokecash,malicious spender/exploit,Arcadia Finance Hack,2025-07-15
0xd1464abb17a366549a759469079fb992050ee381,ETH,exploit,revokecash,malicious spender/exploit,Arcadia Finance Hack,2025-07-15
0x1cf5f195db86d2c019051ebb96fe4af7a5631733,ETH,exploit,revokecash,malicious spender/exploit,Arcadia Finance Hack,2025-07-15
0x25c59322c2a12f2ff2b71c5123d8423b285242a2,ETH,exploit,revokecash,malicious spender/exploit,Arcadia Finance Hack,2025-07-15
0xb16cde8ce72271bc652680bf3f8f695f709313d6,ETH,exploit,revokecash,malicious spender/exploit,Arcadia Finance Hack,2025-07-15
0x583cbd4fee63631568daa1460b5dc1bef42d3c64,ETH,exploit,revokecash,malicious spender/exploit,Arcadia Finance Hack,2025-07-15
0xf5570d1f785cd14a42f2b13c50d248cb51e19e22,ETH,exploit,revokecash,malicious spender/exploit,Arcadia Finance Hack,2025-07-15
0x526dd459faaf9e6690c73472ce25efc5fd6ead55,ETH,exploit,revokecash,malicious spender/exploit,Arcadia Finance Hack,2025-07-15
0xbb0d4ccf17d37934fa8d5b5900346da85e0314e2,ETH,exploit,revokecash,malicious spender/exploit,Arcadia Finance Hack,2025-07-15
0xc10ae3dd6fd04c66bcbe505bd8cb88d297042069,ETH,exploit,revokecash,malicious spender/exploit,Arcadia Finance Hack,2025-07-15
0xf9f1679503784d7e5443089e73082631f6c08f8b,ETH,exploit,revokecash,malicious spender/exploit,Arcadia Finance Hack,2025-07-15
0xc91839dd728dc7e4a78aec4aceceff77a7be1178,ETH,exploit,revokecash,malicious spender/exploit,Arcadia Finance Hack,2025-07-15
0xd4e392391e398731e6212ebcec00ae7857b988e5,ETH,exploit,revokecash,malicious spender/exploit,Arcadia Finance Hack,2025-07-15
0x56ff90ccaf2c1a48940f0c0d64eeeebdccfbc3b4,ETH,exploit,revokecash,malicious spender/exploit,Arcadia Finance Hack,2025-07-15
0x897b6fd1e94a728a79c54aa5d6a048b7b0efd9f2,ETH,exploit,revokecash,malicious spender/exploit,Arcadia Finance Hack,2025-07-15
0x2c45b729e8ff83817ef7b67425e9332f7781f0d6,ETH,exploit,revokecash,malicious spender/exploit,Arcadia Finance Hack,2025-07-15
0x00c7654a3f90bf83f71c964d6ff26bb0faaebd14,ETH,exploit,revokecash,malicious spender/exploit,Arcadia Finance Hack,2025-07-15
0x0fa23e65ee255d3c0a3efbc7594dbdb91ab2983b,ETH,exploit,revokecash,malicious spender/exploit,Arcadia Finance Hack,2025-07-15
0x4a93ac4a0da118046e1c6822d512fbfadca31d8e,ETH,exploit,revokecash,malicious spender/exploit,Arcadia Finance Hack,2025-07-15
0x8f56b993f1ae36d1c9c0200de5d9073d8523cadf,ETH,exploit,revokecash,malicious spender/exploit,Arcadia Finance Hack,2025-07-15
0x70cfbad786d04f6e8bb10d0c0dd43e3a1a8e4284,ETH,exploit,revokecash,malicious spender/exploit,Arcadia Finance Hack,2025-07-15
0x83aa45afbf54c64b37de13bf2d950a182a1cc859,ETH,exploit,revokecash,malicious spender/exploit,Arcadia Finance Hack,2025-07-15
0x361e0eda83f30186a8fb0595df45a90dff2330b2,ETH,exploit,revokecash,malicious spender/exploit,Arcadia Finance Hack,2025-07-15
0x45c4cc5e1435760ccda9555483c8ba4924131426,ETH,exploit,revokecash,malicious spender/exploit,Arcadia Finance Hack,2025-07-15
0x63993851718c94903ac50e90d4180bb20ca18bff,ETH,exploit,revokecash,malicious spender/exploit,Arcadia Finance Hack,2025-07-15
0x44223ef2d245cfa1493fb2f17c96194eea33ffbe,ETH,exploit,revokecash,malicious spender/exploit,Arcadia Finance Hack,2025-07-15
0x68ef4ac933bacde73a7c15a6e4739d06fdef653e,ETH,exploit,revokecash,malicious spender/exploit,Arcadia Finance Hack,2025-07-15
0x2e9d8db7ce3e1a978cfc312c85dfce0f6f95255f,ETH,exploit,revokecash,malicious spender/exploit,Arcadia Finance Hack,2025-07-15
0x47d9dc62aba38f988961f6bfaafd7376b6281178,ETH,exploit,revokecash,malicious spender/exploit,Arcadia Finance Hack,2025-07-15
0xb98f2ddc566a257eeecca0dbb25824764d38df89,ETH,exploit,revokecash,malicious spender/exploit,Arcadia Finance Hack,2025-07-15
0x1ee61af2eeb577d400edbea3f35a1956ca99b1b0,ETH,exploit,revokecash,malicious spender/exploit,Arcadia Finance Hack,2025-07-15
0x2caac93cee665a6bec9dbdfc50da46993fb84ff7,ETH,exploit,revokecash,malicious spender/exploit,Arcadia Finance Hack,2025-07-15
0x19ef314b7ed2cd0bdc1ef04b505b8977245e29a6,ETH,exploit,revokecash,malicious spender/exploit,Arcadia Finance Hack,2025-07-15
0xbddb951476478142b8ae4e88538ae3f75d0d46e6,ETH,exploit,revokecash,malicious spender/exploit,Arcadia Finance Hack,2025-07-15
0xc5e8db6fb9342c3a8a23164e186b3fd7b3a69852,ETH,exploit,revokecash,malicious spender/exploit,Arcadia Finance Hack,2025-07-15
0xf42d87db47a45de024ab3def39f9d7630406a4c6,ETH,exploit,revokecash,malicious spender/exploit,Arcadia Finance Hack,2025-07-15
0xfe1e9bc6a27d2223383020afc904718334f17e16,ETH,exploit,revokecash,malicious spender/exploit,Arcadia Finance Hack,2025-07-15
0xf9a0fed0ba26a514b7b5eaf6afd89585fe768d02,ETH,exploit,revokecash,malicious spender/exploit,Arcadia Finance Hack,2025-07-15
0xc3261ef93ffd252c099941f39052a8ec381133ed,ETH,exploit,revokecash,malicious spender/exploit,Arcadia Finance Hack,2025-07-15
0x5427eed6d0f53e5e708fa9d7a5033e4f9c28d43f,ETH,exploit,revokecash,malicious spender/exploit,Arcadia Finance Hack,2025-07-15
0xc359318487250a6d71a01d0bf3b20c2362434325,ETH,exploit,revokecash,malicious spender/exploit,Arcadia Finance Hack,2025-07-15
0x6eb98ffe84204b4c78a541949d5e4b481d391587,ETH,exploit,revokecash,malicious spender/exploit,Arcadia Finance Hack,2025-07-15
0x63ab3c2395c0ef98fcd1789a9c13a8bd80c9f168,ETH,exploit,revokecash,malicious spender/exploit,Arcadia Finance Hack,2025-07-15
0x0e04f49c66fa2423f67d6b8da0fe9dd76182318f,ETH,exploit,revokecash,malicious spender/exploit,Arcadia Finance Hack,2025-07-15
0x2f6fad07bf78799a92174f08d92a3b005055ffe1,ETH,exploit,revokecash,malicious spender/exploit,Arcadia Finance Hack,2025-07-15
0x3b0938b9758e37b1c9df91ac3ac65047b68b4f46,ETH,exploit,revokecash,malicious spender/exploit,Arcadia Finance Hack,2025-07-15
0x6638c8ec8ef9202d9b083f5354530f2e31370588,ETH,exploit,revokecash,malicious spender/exploit,Arcadia Finance Hack,2025-07-15
0xda32003dba3fd33cb5105677d8589318c35f1749,ETH,exploit,revokecash,malicious spender/exploit,Arcadia Finance Hack,2025-07-15
0x29573c31c958f206a701cb6ff73e61bfe14f2ad5,ETH,exploit,revokecash,malicious spender/exploit,Arcadia Finance Hack,2025-07-15
0xfb3c23da6d3c03283048da90821b23b8a9bb9c78,ETH,exploit,revokecash,malicious spender/exploit,Arcadia Finance Hack,2025-07-15
0xafba013fde8473d5f0d3fadfeccad8b007136641,ETH,exploit,revokecash,malicious spender/exploit,Arcadia Finance Hack,2025-07-15
0x44cd0c0f376d58b9b8c6b6000186896b942757db,ETH,exploit,revokecash,malicious spender/exploit,Arcadia Finance Hack,2025-07-15
0x5a5c7c751a98ec7264096d962b2bb0e6bbaddd19,ETH,exploit,revokecash,malicious spender/exploit,Arcadia Finance Hack,2025-07-15
0xd75727d47d707efec1ce26f010aa8f81a3c8e290,ETH,exploit,revokecash,malicious spender/exploit,Arcadia Finance Hack,2025-07-15
0x868895023a6ba1fd935e93a81d7b48c01909bd29,ETH,exploit,revokecash,malicious spender/exploit,Arcadia Finance Hack,2025-07-15
0xcd50fc1de3017d164a192a16695bca033c179f60,ETH,exploit,revokecash,malicious spender/exploit,Arcadia Finance Hack,2025-07-15
0x5c43e6fc5d59aa67b827bd0170639f4e7052a326,ETH,exploit,revokecash,malicious spender/exploit,Arcadia Finance Hack,2025-07-15
0x503ce6360e7824f6e0daf4108a0d7142a475ec75,ETH,exploit,revokecash,malicious spender/exploit,Arcadia Finance Hack,2025-07-15
0x3baca1ea7f6ca1f0336b6664b3d599f946736b29,ETH,exploit,revokecash,malicious spender/exploit,Arcadia Finance Hack,2025-07-15
0xf60fd9d5d9dc2bebc429c552832c215cbdc85711,ETH,exploit,revokecash,malicious spender/exploit,Arcadia Finance Hack,2025-07-15
0xae0c108c391c96a5b3a8f9042e703c2ed568be66,ETH,exploit,revokecash,malicious spender/exploit,Arcadia Finance Hack,2025-07-15
0x8dcc1575b0b42e7d34e3e21ee569f7adfb8a1ba8,ETH,exploit,revokecash,malicious spender/exploit,Arcadia Finance Hack,2025-07-15
0xaf304d602612ba8e474f602a0d51d5061ed0c0f2,ETH,exploit,revokecash,malicious spender/exploit,Arcadia Finance Hack,2025-07-15
0x6649db4745028718dde4879c4699170231af1e0d,ETH,exploit,revokecash,malicious spender/exploit,Arcadia Finance Hack,2025-07-15
0xb00b1290b4b6a2bc8bef26f30d9ea2c997e02499,ETH,exploit,revokecash,malicious spender/exploit,Arcadia Finance Hack,2025-07-15
0xc79b48e365195af12f3fd5ae2b45894b36b79e4a,ETH,exploit,revokecash,malicious spender/exploit,Arcadia Finance Hack,2025-07-15
0xa0c48bcecfce70c0f1faf6d305a385e98196f428,ETH,exploit,revokecash,malicious spender/exploit,Arcadia Finance Hack,2025-07-15
0xd037be65ddf4b38b4398f81184797c7620c0b161,ETH,exploit,revokecash,malicious spender/exploit,Arcadia Finance Hack,2025-07-15
0x4418faa8c8dc2ff70cd499cd33236cd182f40354,ETH,exploit,revokecash,malicious spender/exploit,Arcadia Finance Hack,2025-07-15
0x47add0a1a756f60ca3efb0820f993ada704f340a,ETH,exploit,revokecash,malicious spender/exploit,Arcadia Finance Hack,2025-07-15
0xe8634bd9dff32cd0ae509297c6c93a760b666e66,ETH,exploit,revokecash,malicious spender/exploit,Arcadia Finance Hack,2025-07-15
0x1a379926f4e5c622d2ac24d37f5f36252b987742,ETH,exploit,revokecash,malicious spender/exploit,Arcadia Finance Hack,2025-07-15
0x087f56c38fec8c3b3e5603e4cefe656d0b5e09ab,ETH,exploit,revokecash,malicious spender/exploit,Arcadia Finance Hack,2025-07-15
0x4aa9dd791d475d41cf2b57d085a722b669b0d72b,ETH,exploit,revokecash,malicious spender/exploit,Arcadia Finance Hack,2025-07-15
0x794c2c08e5f3f2b34f2886351f2c17eef6bec83d,ETH,exploit,revokecash,malicious spender/exploit,Arcadia Finance Hack,2025-07-15
0xce936ad1f0b03af26667fe5e4caaf71030dcfe05,ETH,exploit,revokecash,malicious spender/exploit,Arcadia Finance Hack,2025-07-15
0xb002af7b13137a48b7e2e5ce3878d16e721e533d,ETH,exploit,revokecash,malicious spender/exploit,Arcadia Finance Hack,2025-07-15
0x0470459c8fe08bc88602f81df2c2ee3f4c38cf23,ETH,exploit,revokecash,malicious spender/exploit,Arcadia Finance Hack,2025-07-15
0x1d242e3052d70e690985c814b19be629cf41172f,ETH,exploit,revokecash,malicious spender/exploit,Arcadia Finance Hack,2025-07-15
0xa3f5f342370ab3003ba8e49d5697829626d51697,ETH,exploit,revokecash,malicious spender/exploit,Arcadia Finance Hack,2025-07-15
0xa297c6b7355d82d83c58a11b422a170effa7bd62,ETH,exploit,revokecash,malicious spender/exploit,Arcadia Finance Hack,2025-07-15
0xdbc0adbd22dd26ccceedd67c85fb9fc1470b0389,ETH,exploit,revokecash,malicious spender/exploit,Arcadia Finance Hack,2025-07-15
0xbe04b2f4b8e9c42f358117f495c78a7fee2e1560,ETH,exploit,revokecash,malicious spender/exploit,Arcadia Finance Hack,2025-07-15
0x821a96e77f9756c1d9debbc6aab43bebe92e0da9,ETH,exploit,revokecash,malicious spender/exploit,Arcadia Finance Hack,2025-07-15
0x195ebfdffbb53b901dd65d91cbe8d33a4f40ac3e,ETH,exploit,revokecash,malicious spender/exploit,Arcadia Finance Hack,2025-07-15
0x19aa24045b2ded893d1a500791023971c3272509,ETH,exploit,revokecash,malicious spender/exploit,Arcadia Finance Hack,2025-07-15
0xefb689bd7014895505d480992d58b4bb725085fc,ETH,exploit,revokecash,malicious spender/exploit,Arcadia Finance Hack,2025-07-15
0xa3417ce2d9edb7b151d04b01ed55abe766168edf,ETH,exploit,revokecash,malicious spender/exploit,Arcadia Finance Hack,2025-07-15
0x888a356a0d183d0b28bb3cf68763ae83dd1c3647,ETH,exploit,revokecash,malicious spender/exploit,Arcadia Finance Hack,2025-07-15
0x5d26bdeab249e7af03a7b501df059348b4ab0b70,ETH,exploit,revokecash,malicious spender/exploit,Arcadia Finance Hack,2025-07-15
0x4652d842783fe4124347c7ab0ad134afddb75886,ETH,exploit,revokecash,malicious spender/exploit,Arcadia Finance Hack,2025-07-15
0xfb583d1609799f5c46350d6a07a36597ad7cff82,ETH,exploit,revokecash,malicious spender/exploit,Arcadia Finance Hack,2025-07-15
0xdac761c11ee53076b1cea58adf33b8db8253a709,ETH,exploit,revokecash,malicious spender/exploit,Arcadia Finance Hack,2025-07-15
0x6529996a91014a1bc0806d703a008cb9db3571fa,ETH,exploit,revokecash,malicious spender/exploit,Arcadia Finance Hack,2025-07-15
0xdb49aea6b75db6cc9f3719bfffa90b911b119d26,ETH,exploit,revokecash,malicious spender/exploit,Arcadia Finance Hack,2025-07-15
0x34b07b4e0b8afc5c7c1e03331881a9e766d9831d,ETH,exploit,revokecash,malicious spender/exploit,Arcadia Finance Hack,2025-07-15
0x48050037d5a6a3c66baa4af579b6ebafb0077d69,ETH,exploit,revokecash,malicious spender/exploit,Arcadia Finance Hack,2025-07-15
0x5bc5d99e89715be28f6b7aa8bc68a9f4741e7186,ETH,exploit,revokecash,malicious spender/exploit,Arcadia Finance Hack,2025-07-15
0x452c583989f79baeace398a08c2111964303d9f8,ETH,exploit,revokecash,malicious spender/exploit,Arcadia Finance Hack,2025-07-15
0x152fa76df15e82e335704bbb8912b618b4fe91ba,ETH,exploit,revokecash,malicious spender/exploit,Arcadia Finance Hack,2025-07-15
0xcefd99b982ebbb9ea8b7c680a42d48c18b973fc9,ETH,exploit,revokecash,malicious spender/exploit,Arcadia Finance Hack,2025-07-15
0x5ac2fbb02412490f4ca40f66065f10b105df17df,ETH,exploit,revokecash,malicious spender/exploit,Arcadia Finance Hack,2025-07-15
0x431895de50f46ea0f5ebea9af5358ab74bbbbb1e,ETH,exploit,revokecash,malicious spender/exploit,Arcadia Finance Hack,2025-07-15
0x14e001ce4e0f9e65ec73b6668edfca933329f015,ETH,exploit,revokecash,malicious spender/exploit,Arcadia Finance Hack,2025-07-15
0x397efb032f56532f96f97200e8f996544e123f4d,ETH,exploit,revokecash,malicious spender/exploit,Arcadia Finance Hack,2025-07-15
0xd2b87266fe0a519b54d6d805ea4d90dad83e3e58,ETH,exploit,revokecash,malicious spender/exploit,Arcadia Finance Hack,2025-07-15
0x23304c370a7cc5b9bd9adf4526299b69363a8aa6,ETH,exploit,revokecash,malicious spender/exploit,Arcadia Finance Hack,2025-07-15
0x3cb8e3199ad8eb09c3aec4407c6a1bfdb2c89b25,ETH,exploit,revokecash,malicious spender/exploit,Arcadia Finance Hack,2025-07-15
0xbd273bea0e4711daa1c5c097cd39ca5bc6c562f9,ETH,exploit,revokecash,malicious spender/exploit,Arcadia Finance Hack,2025-07-15
0xc4132b8ba85572ca1c325378199841b8d80c5dd6,ETH,exploit,revokecash,malicious spender/exploit,Arcadia Finance Hack,2025-07-15
0xbc41067e308a041dc293b58f6bd1bf97353dbb9b,ETH,exploit,revokecash,malicious spender/exploit,Arcadia Finance Hack,2025-07-15
0x1bbf55ef32e22311b1197f5de0c691ed3e33bea2,ETH,exploit,revokecash,malicious spender/exploit,Arcadia Finance Hack,2025-07-15
0xeb6ce0c7b0ca3f262dd9b391e399149560f36afc,ETH,exploit,revokecash,malicious spender/exploit,Arcadia Finance Hack,2025-07-15
0x23932fbe0ad937fabca00e80d42d1344c04833b8,ETH,exploit,revokecash,malicious spender/exploit,Arcadia Finance Hack,2025-07-15
0x2625f37bf528a0ff7ea8090b096460c9f7516a57,ETH,exploit,revokecash,malicious spender/exploit,Arcadia Finance Hack,2025-07-15
0x51c2a9f7f7a5f52356b40daf791247a8b36b8d00,ETH,exploit,revokecash,malicious spender/exploit,Arcadia Finance Hack,2025-07-15
0x3c17edeaaaee503e3753818723b2286f687d2481,ETH,exploit,revokecash,malicious spender/exploit,Arcadia Finance Hack,2025-07-15
0x3503ed906c72946cb93439115b5379046b819c4f,ETH,exploit,revokecash,malicious spender/exploit,Arcadia Finance Hack,2025-07-15
0x86b698d017d8d40661bc12978462a4070d453f26,ETH,exploit,revokecash,malicious spender/exploit,Arcadia Finance Hack,2025-07-15
0xd239ab5f9e5e581cea3b901107a758f5a8656305,ETH,exploit,revokecash,malicious spender/exploit,Arcadia Finance Hack,2025-07-15
0xb2b345e3de1fe8f2cf11370b4233ddeacbe083de,ETH,exploit,revokecash,malicious spender/exploit,Arcadia Finance Hack,2025-07-15
0x0a6a6c0b633a60ca1040c40302626441cfffd305,ETH,exploit,revokecash,malicious spender/exploit,Arcadia Finance Hack,2025-07-15
0x122e9bfc0a73ee707bf8663afa29558fe562c6f7,ETH,exploit,revokecash,malicious spender/exploit,Arcadia Finance Hack,2025-07-15
0x3a8ee00c1d7cae0eb90377126cb5a917cb62836d,ETH,exploit,revokecash,malicious spender/exploit,Arcadia Finance Hack,2025-07-15
0xaa6235a04fab808946435fe0211ba3ceae3dbf57,ETH,exploit,revokecash,malicious spender/exploit,Arcadia Finance Hack,2025-07-15
0x1c5f6a32353374d17021f2e47cebda54cd22697d,ETH,exploit,revokecash,malicious spender/exploit,Arcadia Finance Hack,2025-07-15
0x2b55d01cb8d1b9c4c6b57591bd4b9053b531d76d,ETH,exploit,revokecash,malicious spender/exploit,Arcadia Finance Hack,2025-07-15
0x4baee3e20530741c9c7e95548017ed07d6195e9a,ETH,exploit,revokecash,malicious spender/exploit,Arcadia Finance Hack,2025-07-15
0xbdf2697289434bfbe860c3f14fad6a60ff8b4eb9,ETH,exploit,revokecash,malicious spender/exploit,Arcadia Finance Hack,2025-07-15
0xdef65753028c4b1e151dd0df57218bca2865d82e,ETH,exploit,revokecash,malicious spender/exploit,Arcadia Finance Hack,2025-07-15
0x6526119f6e1d1fc52cd2003421156a9d4bab333b,ETH,exploit,revokecash,malicious spender/exploit,Arcadia Finance Hack,2025-07-15
0x034c1cc1d50cbf59b808a6a0337825e88e2b0f04,ETH,exploit,revokecash,malicious spender/exploit,Arcadia Finance Hack,2025-07-15
0xf30b5516420aa4d785b72a8126bdaa60ce26143c,ETH,exploit,revokecash,malicious spender/exploit,Arcadia Finance Hack,2025-07-15
0xf45ef99b4988d3dd9c566fb86bb15f79325d8f02,ETH,exploit,revokecash,malicious spender/exploit,Arcadia Finance Hack,2025-07-15
0x186b89895bb8537ed102395851ab9b04f7d947bf,ETH,exploit,revokecash,malicious spender/exploit,Arcadia Finance Hack,2025-07-15
0xb606f418b0f2feb9472204195f8aeac34c595df3,ETH,exploit,revokecash,malicious spender/exploit,Arcadia Finance Hack,2025-07-15
0x6cb1877cbe049b47a7bc72444f95aa12ae458d01,ETH,exploit,revokecash,malicious spender/exploit,Arcadia Finance Hack,2025-07-15
0xefc659a29e1edbf2fd7507eaef072054efcf7fdb,ETH,exploit,revokecash,malicious spender/exploit,Arcadia Finance Hack,2025-07-15
0x29d782c251c2e9c009c255ccdcd219df3cfaf324,ETH,exploit,revokecash,malicious spender/exploit,Arcadia Finance Hack,2025-07-15
0x1ebecfac9b0ff71b9a6671b47029dcc451c3dac8,ETH,exploit,revokecash,malicious spender/exploit,Arcadia Finance Hack,2025-07-15
0xe0a68a26b9313f4f234c50e0962e6a21f48a94df,ETH,exploit,revokecash,malicious spender/exploit,Arcadia Finance Hack,2025-07-15
0x23c7d4ac8c8848db07aa1a98c8b171818966c08a,ETH,exploit,revokecash,malicious spender/exploit,Arcadia Finance Hack,2025-07-15
0x615d6c4759261d5bad333ccb431b0ae96cb18345,ETH,exploit,revokecash,malicious spender/exploit,Arcadia Finance Hack,2025-07-15
0x8ec87f4d41bc719e8c2b2dbeb42d76be3f557bb3,ETH,exploit,revokecash,malicious spender/exploit,Arcadia Finance Hack,2025-07-15
0x7d08a94bde1cd5add13ca0c78a321ecc9301502c,ETH,exploit,revokecash,malicious spender/exploit,Arcadia Finance Hack,2025-07-15
0x9ec1ff3ad4e5ebc76ba90eb755e7c7336331cb3a,ETH,exploit,revokecash,malicious spender/exploit,Arcadia Finance Hack,2025-07-15
0x02b07a215c29889ffd8eebf8fb7175a1cfe983af,ETH,exploit,revokecash,malicious spender/exploit,Arcadia Finance Hack,2025-07-15
0xc8373b38f2bd1b21a8c48aa03f9291849388f710,ETH,exploit,revokecash,malicious spender/exploit,Arcadia Finance Hack,2025-07-15
0xf8fbbd906442faa1aee3dfebe8249ceb28ef6634,ETH,exploit,revokecash,malicious spender/exploit,Arcadia Finance Hack,2025-07-15
0xd77bbef5965ad753797e1e0aed140bfd9c8e3688,ETH,exploit,revokecash,malicious spender/exploit,Arcadia Finance Hack,2025-07-15
0x9e171d2ba5712031be092921cc581e94871ef7f6,ETH,exploit,revokecash,malicious spender/exploit,Arcadia Finance Hack,2025-07-15
0xcb9344c5740a0b99907c65b380b6c91b6d266f2e,ETH,exploit,revokecash,malicious spender/exploit,Arcadia Finance Hack,2025-07-15
0x53aa962d3a27ea687cbfc135cd2ef103dda40bbd,ETH,exploit,revokecash,malicious spender/exploit,Arcadia Finance Hack,2025-07-15
0x603cc2db8c6465c6dbb9e916026bf944231ae8ba,ETH,exploit,revokecash,malicious spender/exploit,Arcadia Finance Hack,2025-07-15
0x3a3566f6ee949db1eb1f7f74ccc778dfa50562b6,ETH,exploit,revokecash,malicious spender/exploit,Arcadia Finance Hack,2025-07-15
0x2f0df8742854aee7448cec6f39434ecdc1d576f5,ETH,exploit,revokecash,malicious spender/exploit,Arcadia Finance Hack,2025-07-15
0xadcbd847f48acce1f81e5285597a3d9927042e7b,ETH,exploit,revokecash,malicious spender/exploit,Arcadia Finance Hack,2025-07-15
0x1e1bb9ae5095e51f2b0a9adbf4c5963b8f11397e,ETH,exploit,revokecash,malicious spender/exploit,Arcadia Finance Hack,2025-07-15
0x7393360c29d6cb3f077f9a9f07edd72b30664bdb,ETH,exploit,revokecash,malicious spender/exploit,Arcadia Finance Hack,2025-07-15
0xbf648fd47f6cd684501a60a87b46848bfbdb43ef,ETH,exploit,revokecash,malicious spender/exploit,Arcadia Finance Hack,2025-07-15
0xa0835eaf25cc07c47bc336fd38f92b97b03fdd2f,ETH,exploit,revokecash,malicious spender/exploit,Arcadia Finance Hack,2025-07-15
0xb76e394aad362c5205a5acdec17ccebaf32c3d73,ETH,exploit,revokecash,malicious spender/exploit,Arcadia Finance Hack,2025-07-15
0xcddd516602fce3ccd160f31cf2f55adfa362e2a2,ETH,exploit,revokecash,malicious spender/exploit,Arcadia Finance Hack,2025-07-15
0x0ccea9b52c5cb7ece51080f92f6ae77ff7bbd91a,ETH,exploit,revokecash,malicious spender/exploit,Arcadia Finance Hack,2025-07-15
0xbf58d8857ee7e2d68125adb175415c97e5f45119,ETH,exploit,revokecash,malicious spender/exploit,Arcadia Finance Hack,2025-07-15
0x00c033024a497941fb9fbbb8cf587649f3828725,ETH,exploit,revokecash,malicious spender/exploit,Arcadia Finance Hack,2025-07-15
0xf32bcd81a230883193592cfa6c47240b85eb8658,ETH,exploit,revokecash,malicious spender/exploit,Arcadia Finance Hack,2025-07-15
0xef05141ad1ce211327b0cde1751597555f79d2c4,ETH,exploit,revokecash,malicious spender/exploit,Arcadia Finance Hack,2025-07-15
0xe194a228897593b1f1e838246a72686ce6200a2c,ETH,exploit,revokecash,malicious spender/exploit,Arcadia Finance Hack,2025-07-15
0x48409421a5b98a78efbbdca12af39e8bcad13053,ETH,exploit,revokecash,malicious spender/exploit,Arcadia Finance Hack,2025-07-15
0x11cbe90bf7e6c3f9ce3f26c6565971c7cd4b8f14,ETH,exploit,revokecash,malicious spender/exploit,Arcadia Finance Hack,2025-07-15
0xecd64b054f5deb146a51a041839c5485cb7ee066,ETH,exploit,revokecash,malicious spender/exploit,Arcadia Finance Hack,2025-07-15
0xe231f6e109bc9e3a0be08524c3e2308eaee28df8,ETH,exploit,revokecash,malicious spender/exploit,Arcadia Finance Hack,2025-07-15
0xb5425092f513495ccdc7c0694fe001da94601563,ETH,exploit,revokecash,malicious spender/exploit,Arcadia Finance Hack,2025-07-15
0xbf16fdebc675bcb8d4e3578fff490bdcd5d7e676,ETH,exploit,revokecash,malicious spender/exploit,Arcadia Finance Hack,2025-07-15
0xa1dccb707add64e602178a5650b61211e82ab7a7,ETH,exploit,revokecash,malicious spender/exploit,Arcadia Finance Hack,2025-07-15
0x3cedd5dd8d9f07f0b364a217d26d5605b922c57d,ETH,exploit,revokecash,malicious spender/exploit,Arcadia Finance Hack,2025-07-15
0xfe717be1ab3936a2ec4622d8de640ade215c39f1,ETH,exploit,revokecash,malicious spender/exploit,Arcadia Finance Hack,2025-07-15
0x7c5abc170e8be3762fccda70ff96a5883b5a0e48,ETH,exploit,revokecash,malicious spender/exploit,Arcadia Finance Hack,2025-07-15
0xc2b305cc8c60a3c0932486042e22c6a63cc5d624,ETH,exploit,revokecash,malicious spender/exploit,Arcadia Finance Hack,2025-07-15
0xfefdedb939af5fed14c4d5e079f6dc4cffbc683d,ETH,exploit,revokecash,malicious spender/exploit,Arcadia Finance Hack,2025-07-15
0x45115e8505f903e46ffd90b06dc3d90dfcb75c34,ETH,exploit,revokecash,malicious spender/exploit,Arcadia Finance Hack,2025-07-15
0x33b4c48fa0830a0dcb2520a806c49d8ba8076851,ETH,exploit,revokecash,malicious spender/exploit,Arcadia Finance Hack,2025-07-15
0x87a95463b5725cc5e33b209485e914b7764a8b29,ETH,exploit,revokecash,malicious spender/exploit,Arcadia Finance Hack,2025-07-15
0x2b12111a268059a1f55bfd52c0e29cde9ee39b8f,ETH,exploit,revokecash,malicious spender/exploit,Arcadia Finance Hack,2025-07-15
0x77e12c6be7a4476a3d06e6848f70ddf2a0a89ed1,ETH,exploit,revokecash,malicious spender/exploit,Arcadia Finance Hack,2025-07-15
0xe68299f7075914a3472f3a027a3aebb98aae8230,ETH,exploit,revokecash,malicious spender/exploit,Arcadia Finance Hack,2025-07-15
0x8592d296bccc4cbe334c027ea0bcec261dd4fbda,ETH,exploit,revokecash,malicious spender/exploit,Arcadia Finance Hack,2025-07-15
0xae15a05ff59d25fed0f3dc0ef67fb590a5de954c,ETH,exploit,revokecash,malicious spender/exploit,Arcadia Finance Hack,2025-07-15
0x70ace1018fffd11cb7b035fb1abc9626b53f5026,ETH,exploit,revokecash,malicious spender/exploit,Arcadia Finance Hack,2025-07-15
0x5e8d4acb482f7b9eb3546e2cf67aee7d2b38cc40,ETH,exploit,revokecash,malicious spender/exploit,Arcadia Finance Hack,2025-07-15
0x84ae8b5f7b98725b2341f9c275f1bc53367e7279,ETH,exploit,revokecash,malicious spender/exploit,Arcadia Finance Hack,2025-07-15
0x377286a5bc24e6ec8035c44d4450adf6bec47f9a,ETH,exploit,revokecash,malicious spender/exploit,Arcadia Finance Hack,2025-07-15
0x52a2c3bc93b769528d70611625b7f1df3dd247e7,ETH,exploit,revokecash,malicious spender/exploit,Arcadia Finance Hack,2025-07-15
0xdd9bbf5a278a2d5c3b208f2c8d8747db77c82dff,ETH,exploit,revokecash,malicious spender/exploit,Arcadia Finance Hack,2025-07-15
0x948be322f2798dbe64554aa5a3e420c9ec20f0c7,ETH,exploit,revokecash,malicious spender/exploit,Arcadia Finance Hack,2025-07-15
0xf0c01cdc192b1718a73a400b3a6984a043c43da7,ETH,exploit,revokecash,malicious spender/exploit,Arcadia Finance Hack,2025-07-15
0xb8219c79fd6b0ba2f3103ce5ae8e4fac060d3312,ETH,exploit,revokecash,malicious spender/exploit,Arcadia Finance Hack,2025-07-15
0x69d72c74e0d17c5d583975f2fb112f0370ec97d5,ETH,exploit,revokecash,malicious spender/exploit,Arcadia Finance Hack,2025-07-15
0x0f30a96957d6065f31a3eb4f32f58f46de1289cf,ETH,exploit,revokecash,malicious spender/exploit,Arcadia Finance Hack,2025-07-15
0xc35f9597289d4d7fb672166175d84fcafc7b2da5,ETH,exploit,revokecash,malicious spender/exploit,Arcadia Finance Hack,2025-07-15
0x1ed0d5846e69b512976e87f6ab5d45106a706107,ETH,exploit,revokecash,malicious spender/exploit,Arcadia Finance Hack,2025-07-15
0x864e2fe354b997d6edea3fdbdae506d353c7177f,ETH,exploit,revokecash,malicious spender/exploit,Arcadia Finance Hack,2025-07-15
0x3f04eb288a9e27701e3bf3e53ac93d9b19b7bf55,ETH,exploit,revokecash,malicious spender/exploit,Arcadia Finance Hack,2025-07-15
0x8e021a614a26f687b5cd1fa5077c9504f9648a63,ETH,exploit,revokecash,malicious spender/exploit,Arcadia Finance Hack,2025-07-15
0xe762025f5a5386f7b952fee10b2b58a551712636,ETH,exploit,revokecash,malicious spender/exploit,Arcadia Finance Hack,2025-07-15
0x5527581ee2971c9b2e8ff41b67c1c02b60618e8f,ETH,exploit,revokecash,malicious spender/exploit,Arcadia Finance Hack,2025-07-15
0xc95d12dd90e464f50ea35ed653c602e0a499d68a,ETH,exploit,revokecash,malicious spender/exploit,Arcadia Finance Hack,2025-07-15
0xbf6c356af5203c9c4374099ccc09d39625e698a2,ETH,exploit,revokecash,malicious spender/exploit,Arcadia Finance Hack,2025-07-15
0x9d6531b8deebf3967a628a66bc40ee0a3d94dd9f,ETH,exploit,revokecash,malicious spender/exploit,Arcadia Finance Hack,2025-07-15
0x4a5937890c573e907941fe07dcec9d77c2f5bdda,ETH,exploit,revokecash,malicious spender/exploit,Arcadia Finance Hack,2025-07-15
0x7598c44af958a2f8b6ab03f554ad98127f393a2b,ETH,exploit,revokecash,malicious spender/exploit,Arcadia Finance Hack,2025-07-15
0xffcd3cd4358d339d6eb91c19b4a970bdf78656ce,ETH,exploit,revokecash,malicious spender/exploit,Arcadia Finance Hack,2025-07-15
0xb5b3c4450bc44e40be9ae68c448b385a49264355,ETH,exploit,revokecash,malicious spender/exploit,Arcadia Finance Hack,2025-07-15
0xee3c3af15abc357a79250d24ac3b02cbee9e842d,ETH,exploit,revokecash,malicious spender/exploit,Arcadia Finance Hack,2025-07-15
0x5b29e2b64c26294b72cd0cd30ff6ab4fb1c48ce5,ETH,exploit,revokecash,malicious spender/exploit,Arcadia Finance Hack,2025-07-15
0x252aa06c21fd63e976f22f56b4fb6d9ae403b3f6,ETH,exploit,revokecash,malicious spender/exploit,Arcadia Finance Hack,2025-07-15
0x2940d2eed7d1f7b53cb5989824b5a75709d1513d,ETH,exploit,revokecash,malicious spender/exploit,Arcadia Finance Hack,2025-07-15
0x150d6c2f6d385512e89f17d22bc89c73b91d825e,ETH,exploit,revokecash,malicious spender/exploit,Arcadia Finance Hack,2025-07-15
0x014638dd38124212a53afc888a5ea4ffbcfbb9e0,ETH,exploit,revokecash,malicious spender/exploit,Arcadia Finance Hack,2025-07-15
0xc31a1f23f4748dd83c4dceed5e2af56a299d32c9,ETH,exploit,revokecash,malicious spender/exploit,Arcadia Finance Hack,2025-07-15
0x8e1098ad6f9d23c2e4498601bdc211acce7fe984,ETH,exploit,revokecash,malicious spender/exploit,Arcadia Finance Hack,2025-07-15
0xb407730f86a3d32d6e8716ac160529faebda2669,ETH,exploit,revokecash,malicious spender/exploit,Arcadia Finance Hack,2025-07-15
0xfd7cd580bf44df23481fc49377dd0f232d63f05a,ETH,exploit,revokecash,malicious spender/exploit,Arcadia Finance Hack,2025-07-15
0xc573439fb19c1353021995c25dc108c0b19feeda,ETH,exploit,revokecash,malicious spender/exploit,Arcadia Finance Hack,2025-07-15
0xcdb86e91b7fbaa26dec233a3e65ab50b93a5f30b,ETH,exploit,revokecash,malicious spender/exploit,Arcadia Finance Hack,2025-07-15
0xe701f8040094539bb756ad5225582cf8fd9b7973,ETH,exploit,revokecash,malicious spender/exploit,Arcadia Finance Hack,2025-07-15
0x6089dbe559288a160d264c7b5072a52899323a3f,ETH,exploit,revokecash,malicious spender/exploit,Arcadia Finance Hack,2025-07-15
0x316030caba5b912587bbf77f8d758b2e014ed07c,ETH,exploit,revokecash,malicious spender/exploit,Arcadia Finance Hack,2025-07-15
0x3a41697ea8f6054acdf9890a4e41a954acbcbce1,ETH,exploit,revokecash,malicious spender/exploit,Arcadia Finance Hack,2025-07-15
0x11e5cd0e2604e338a418536612e7d2bc2fd14425,ETH,exploit,revokecash,malicious spender/exploit,Arcadia Finance Hack,2025-07-15
0xbb6a403927242d20984c1ea478013581110a245e,ETH,exploit,revokecash,malicious spender/exploit,Arcadia Finance Hack,2025-07-15
0x0c45f1bfa09270e40c08289984c065649b110984,ETH,exploit,revokecash,malicious spender/exploit,Arcadia Finance Hack,2025-07-15
0x94ab920f246ab7254f52eb0a31d3ef526d0f4fd0,ETH,exploit,revokecash,malicious spender/exploit,Arcadia Finance Hack,2025-07-15
0xe465fd6a019e14571990095a2ac72d24016bedd0,ETH,exploit,revokecash,malicious spender/exploit,Arcadia Finance Hack,2025-07-15
0xcb9b1947cea3df9cde7483c91ab68890f51445df,ETH,exploit,revokecash,malicious spender/exploit,Arcadia Finance Hack,2025-07-15
0x95f808dedf72502f3dc0ade88992ebdf4d82eba4,ETH,exploit,revokecash,malicious spender/exploit,Arcadia Finance Hack,2025-07-15
0x3492d76563530e726aa4e8b83a34e771451c1062,ETH,exploit,revokecash,malicious spender/exploit,Arcadia Finance Hack,2025-07-15
0x6c781a89a9ac570396a5186d9af5850fefdb2edf,ETH,exploit,revokecash,malicious spender/exploit,Arcadia Finance Hack,2025-07-15
0x3e1a95d86efded45eac286641fba233d10e67942,ETH,exploit,revokecash,malicious spender/exploit,Arcadia Finance Hack,2025-07-15
0xe73b63a033ca8be850a6ad6a1607b703cfe2c75b,ETH,exploit,revokecash,malicious spender/exploit,Arcadia Finance Hack,2025-07-15
0xee6f0f9d9962c49006df96043f6324d65c53f075,ETH,exploit,revokecash,malicious spender/exploit,Arcadia Finance Hack,2025-07-15
0xf0f7be16e58f854983f40cabc7b922ef37dc4e53,ETH,exploit,revokecash,malicious spender/exploit,Arcadia Finance Hack,2025-07-15
0x24b3108b0231d1a94ec7b3f4799d038ed682affa,ETH,exploit,revokecash,malicious spender/exploit,Arcadia Finance Hack,2025-07-15
0x8631f13a86819432dbe74defdfd2ca3ad22699b0,ETH,exploit,revokecash,malicious spender/exploit,Arcadia Finance Hack,2025-07-15
0x6c97db07f2275f39b2ce55d1749f247835a33e27,ETH,exploit,revokecash,malicious spender/exploit,Arcadia Finance Hack,2025-07-15
0x8310402ad3362ee9b52c7da17bb34b71713a6422,ETH,exploit,revokecash,malicious spender/exploit,Arcadia Finance Hack,2025-07-15
0xfba13f668d3a32d3ff3e285976589c1ffeb5e0e4,ETH,exploit,revokecash,malicious spender/exploit,Arcadia Finance Hack,2025-07-15
0xb5bad86afc479e98b5ac38d0cf5fe438cba22fb2,ETH,exploit,revokecash,malicious spender/exploit,Arcadia Finance Hack,2025-07-15
0x72a8d3c9825316fe2d1fa9150fc1f069e5fc160a,ETH,exploit,revokecash,malicious spender/exploit,Arcadia Finance Hack,2025-07-15
0xfde9841405987a8329d51117a9ff059ea83418f7,ETH,exploit,revokecash,malicious spender/exploit,Arcadia Finance Hack,2025-07-15
0xc43d43adfd54db729972a025a4f8e47263f15408,ETH,exploit,revokecash,malicious spender/exploit,Arcadia Finance Hack,2025-07-15
0xb615f2a0db45d86db4bd88824419ba8e869d2d11,ETH,exploit,revokecash,malicious spender/exploit,Arcadia Finance Hack,2025-07-15
0x9ce698eafb4de691ef4a53da3d9ac7ab6b79f61d,ETH,exploit,revokecash,malicious spender/exploit,Arcadia Finance Hack,2025-07-15
0xa47a17f3cd127126c7810c67286e90b5918e4de6,ETH,exploit,revokecash,malicious spender/exploit,Arcadia Finance Hack,2025-07-15
0xd3d2fab826fd976933233a9c0ea5ce6750ff106c,ETH,exploit,revokecash,malicious spender/exploit,Arcadia Finance Hack,2025-07-15
0x055b12e051663e7e48f863c97788d9b2e99040ad,ETH,exploit,revokecash,malicious spender/exploit,Arcadia Finance Hack,2025-07-15
0xd3b082f43e1341e4fcf7f7fca98e3d40f2ebea1f,ETH,exploit,revokecash,malicious spender/exploit,Arcadia Finance Hack,2025-07-15
0xe0031e712a61ecf7fc434465c7240f99b34ee9dd,ETH,exploit,revokecash,malicious spender/exploit,Arcadia Finance Hack,2025-07-15
0x70ab57389a03f5b24915b583cc0e84f373a24c6f,ETH,exploit,revokecash,malicious spender/exploit,Arcadia Finance Hack,2025-07-15
0x876fdca6cc8ce5b240b1e0e4e13c73a51ab2a0b5,ETH,exploit,revokecash,malicious spender/exploit,Arcadia Finance Hack,2025-07-15
0xe7d057d9f063e4a81c31a689564b958db38179e8,ETH,exploit,revokecash,malicious spender/exploit,Arcadia Finance Hack,2025-07-15
0x3816d0e5031501fac107231f52f120b8649713a4,ETH,exploit,revokecash,malicious spender/exploit,Arcadia Finance Hack,2025-07-15
0x04bebb8c47559851cf326514a4d8a7b1aaa12561,ETH,exploit,revokecash,malicious spender/exploit,Arcadia Finance Hack,2025-07-15
0xc787c836ecf6679564e08a3ce2e5a476593861df,ETH,exploit,revokecash,malicious spender/exploit,Arcadia Finance Hack,2025-07-15
0xdc58331b7c6478eb930df3710d8908fba6bbc5e0,ETH,exploit,revokecash,malicious spender/exploit,Arcadia Finance Hack,2025-07-15
0xe1ebe3ae05adb32f01ec0c0ab0529a0e3b2b9d20,ETH,exploit,revokecash,malicious spender/exploit,Arcadia Finance Hack,2025-07-15
0x2769c90a618bdb78b20ab8c0691b1a8b9b28aa5a,ETH,exploit,revokecash,malicious spender/exploit,Arcadia Finance Hack,2025-07-15
0x57c1da63e8bc3a542a3a52e8eee9228397d3c0fa,ETH,exploit,revokecash,malicious spender/exploit,Arcadia Finance Hack,2025-07-15
0xc968c27902a8aa7806afcdfe34dba5922fb84fe4,ETH,exploit,revokecash,malicious spender/exploit,Arcadia Finance Hack,2025-07-15
0x6de7dcc0476ce4af4119db8c51e497f215e6a286,ETH,exploit,revokecash,malicious spender/exploit,Arcadia Finance Hack,2025-07-15
0x91e766a8426789b7f3d6e14f617acbfb5acaf306,ETH,exploit,revokecash,malicious spender/exploit,Arcadia Finance Hack,2025-07-15
0x65a17cb1ccd4db47fccc1726d76371cf53640ce5,ETH,exploit,revokecash,malicious spender/exploit,Arcadia Finance Hack,2025-07-15
0xb3b44c157bf082a4d57c9427d2629f875bd97f85,ETH,exploit,revokecash,malicious spender/exploit,Arcadia Finance Hack,2025-07-15
0x02acf5578550a013677c2264b85179590675520c,ETH,exploit,revokecash,malicious spender/exploit,Arcadia Finance Hack,2025-07-15
0xb6f2ceb01ebd3faec52b8ea984200ea32b2a3f0b,ETH,exploit,revokecash,malicious spender/exploit,Arcadia Finance Hack,2025-07-15
0x43b29f3d0c46901448b58d8e55290500f26fbf15,ETH,exploit,revokecash,malicious spender/exploit,Arcadia Finance Hack,2025-07-15
0xcec3c1a45736bc23a62f5fe36374365ef247f7e9,ETH,exploit,revokecash,malicious spender/exploit,Arcadia Finance Hack,2025-07-15
0x1cdcb244b384873a9ab398733973e561aef71736,ETH,exploit,revokecash,malicious spender/exploit,Arcadia Finance Hack,2025-07-15
0xf2fe5047f839bbf1ace42e7b22674c27e655ed10,ETH,exploit,revokecash,malicious spender/exploit,Arcadia Finance Hack,2025-07-15
0x1bda1f766a019b676e8d7a61d79082c065cbfbfc,ETH,exploit,revokecash,malicious spender/exploit,Arcadia Finance Hack,2025-07-15
0x8436e5146779a0d9b3ddfb34c9a13923055f6dc8,ETH,exploit,revokecash,malicious spender/exploit,Arcadia Finance Hack,2025-07-15
0x029594a4e60b1936be3128e25f7eb6264257e892,ETH,exploit,revokecash,malicious spender/exploit,Arcadia Finance Hack,2025-07-15
0xd5904599b0a476dfc46feca7bf01570a5c966f75,ETH,exploit,revokecash,malicious spender/exploit,Arcadia Finance Hack,2025-07-15
0xf926f7bb6b6a1a60e5e5a2ea40fba5fbc06383df,ETH,exploit,revokecash,malicious spender/exploit,Arcadia Finance Hack,2025-07-15
0x1b88fe713e01e828356c5e94a98e2b5987d42a22,ETH,exploit,revokecash,malicious spender/exploit,Arcadia Finance Hack,2025-07-15
0xc88938b114b50aec4dbc9c25e112d162b483d1f8,ETH,exploit,revokecash,malicious spender/exploit,Arcadia Finance Hack,2025-07-15
0x9169a58ef92ebd66fb092595d6d5fdc73a3518ba,ETH,exploit,revokecash,malicious spender/exploit,Arcadia Finance Hack,2025-07-15
0x253632c97b1e3df2ad6c0e01bc2d9e7d83346a13,ETH,exploit,revokecash,malicious spender/exploit,Arcadia Finance Hack,2025-07-15
0xded71c9a5cc8e91f2e0f80f0023ecc1c906f99fc,ETH,exploit,revokecash,malicious spender/exploit,Arcadia Finance Hack,2025-07-15
0x31508149f1f300f545574696102bdeb460491309,ETH,exploit,revokecash,malicious spender/exploit,Arcadia Finance Hack,2025-07-15
0x4ef2eddb6297a6d8fbc9585d446029a28333cd9e,ETH,exploit,revokecash,malicious spender/exploit,Arcadia Finance Hack,2025-07-15
0xb73d58a04c958df02086ae3035ad1000de898e63,ETH,exploit,revokecash,malicious spender/exploit,Arcadia Finance Hack,2025-07-15
0x240dfdc05ad0a1242bf44f755f569adf88de5ba9,ETH,exploit,revokecash,malicious spender/exploit,Arcadia Finance Hack,2025-07-15
0x4daf9a4a27aee23c67824b950698966cd947e06e,ETH,exploit,revokecash,malicious spender/exploit,Arcadia Finance Hack,2025-07-15
0xf5aec1bec9fe93b3a48c9821fd0edc58f6d4c997,ETH,exploit,revokecash,malicious spender/exploit,Arcadia Finance Hack,2025-07-15
0x837a14fc5e866a6b0e752ce6a1ede41200af2e9e,ETH,exploit,revokecash,malicious spender/exploit,Arcadia Finance Hack,2025-07-15
0x1e23c2d62f60f3b8a4c72999523bf2374c57a17e,ETH,exploit,revokecash,malicious spender/exploit,Arcadia Finance Hack,2025-07-15
0x5c5fcbaf76909f9dae2495b412ce5a147506590b,ETH,exploit,revokecash,malicious spender/exploit,Arcadia Finance Hack,2025-07-15
0x4aee2a4e41055c49e1d2e70bc57fc53829c887ce,ETH,exploit,revokecash,malicious spender/exploit,Arcadia Finance Hack,2025-07-15
0x22ac0798462f292d155ca24dfac9d32fec7c05d1,ETH,exploit,revokecash,malicious spender/exploit,Arcadia Finance Hack,2025-07-15
0xe5570c84b4197a971a0046bf235fe47769363f7f,ETH,exploit,revokecash,malicious spender/exploit,Arcadia Finance Hack,2025-07-15
0x3f2ab546c149ae329c5fa29ceafeca749ca816e7,ETH,exploit,revokecash,malicious spender/exploit,Arcadia Finance Hack,2025-07-15
0x5320135d63e625acfbbe239e1ce6dafb7394be3e,ETH,exploit,revokecash,malicious spender/exploit,Arcadia Finance Hack,2025-07-15
0x917e907f5d87f2e70018477474ce2b86efb53780,ETH,exploit,revokecash,malicious spender/exploit,Arcadia Finance Hack,2025-07-15
0xf5c32ec2b3b97b4532b683cecfbeafe0bbd1d407,ETH,exploit,revokecash,malicious spender/exploit,Arcadia Finance Hack,2025-07-15
0x6d8f0f2fedbf142674e1cf3578bae6588356ed43,ETH,exploit,revokecash,malicious spender/exploit,Arcadia Finance Hack,2025-07-15
0x50cf1dbaf89d771fc279c3b7ed7897b1fa3496da,ETH,exploit,revokecash,malicious spender/exploit,Arcadia Finance Hack,2025-07-15
0xf9894758c6a7ba05a34d9cf0bb3c74ef8081323e,ETH,exploit,revokecash,malicious spender/exploit,Arcadia Finance Hack,2025-07-15
0x1d504736521865f8c5895630481dff505e70ea99,ETH,exploit,revokecash,malicious spender/exploit,Arcadia Finance Hack,2025-07-15
0x026de0068704c4ce2b7ecdf9d3fced52e998e810,ETH,exploit,revokecash,malicious spender/exploit,Arcadia Finance Hack,2025-07-15
0xce54b7450e6c64008990215c9347f5b1d1baadee,ETH,exploit,revokecash,malicious spender/exploit,Arcadia Finance Hack,2025-07-15
0xed3aa324ef5dce211b28412518a991fa6c870254,ETH,exploit,revokecash,malicious spender/exploit,Arcadia Finance Hack,2025-07-15
0x74c09156a36ade5a82b886095f744bd2fee90b66,ETH,exploit,revokecash,malicious spender/exploit,Arcadia Finance Hack,2025-07-15
0xd09f612462bd4ff0a98b29c7aab852c348f630ad,ETH,exploit,revokecash,malicious spender/exploit,Arcadia Finance Hack,2025-07-15
0x3b6890aab9b5e5ed402ae7786280f2f4a02b9cd5,ETH,exploit,revokecash,malicious spender/exploit,Arcadia Finance Hack,2025-07-15
0x8c316bfff1b3083a5b2a8c352c8bd306174b0e86,ETH,exploit,revokecash,malicious spender/exploit,Arcadia Finance Hack,2025-07-15
0x0fea9e04ff5e2e2abb4f00313b615ef5408950fd,ETH,exploit,revokecash,malicious spender/exploit,Arcadia Finance Hack,2025-07-15
0x53c4104fdf68f897b6c511364b6a88d12910884d,ETH,exploit,revokecash,malicious spender/exploit,Arcadia Finance Hack,2025-07-15
0x84bf7ab4a5e026ebbb6ad9f3e723daa0ee0b4b0b,ETH,exploit,revokecash,malicious spender/exploit,Arcadia Finance Hack,2025-07-15
0x028193fdb461e2c4160397260248e49a1df9aeeb,ETH,exploit,revokecash,malicious spender/exploit,Arcadia Finance Hack,2025-07-15
0x4b46f2616cf79339e0820678017fc1753cbc816a,ETH,exploit,revokecash,malicious spender/exploit,Arcadia Finance Hack,2025-07-15
0xe125c51ab8270631a7e34ee0f8196691e516915a,ETH,exploit,revokecash,malicious spender/exploit,Arcadia Finance Hack,2025-07-15
0x92852f854e2859bd9d9709ed3e4a240eb37856c7,ETH,exploit,revokecash,malicious spender/exploit,Arcadia Finance Hack,2025-07-15
0x376afb42a3f24f014917672d5ba3ee5280f6457e,ETH,exploit,revokecash,malicious spender/exploit,Arcadia Finance Hack,2025-07-15
0xe3085671ab6c70c26019e1e4b72e9ddfc6436814,ETH,exploit,revokecash,malicious spender/exploit,Arcadia Finance Hack,2025-07-15
0xd85262ba996accc95bde1be44fc734c409a5f3e5,ETH,exploit,revokecash,malicious spender/exploit,Arcadia Finance Hack,2025-07-15
0x23d9585fae3b20e0e7ec2f99c80d7329f9de5770,ETH,exploit,revokecash,malicious spender/exploit,Arcadia Finance Hack,2025-07-15
0xe9de28c259b4a91123a3fa721bd161d567c22954,ETH,exploit,revokecash,malicious spender/exploit,Arcadia Finance Hack,2025-07-15
0x2270afad8cd3197b8a341837a1a79dbdd95bd6a3,ETH,exploit,revokecash,malicious spender/exploit,Arcadia Finance Hack,2025-07-15
0xd65faa0df345248da243673619ffea1511db5c0e,ETH,exploit,revokecash,malicious spender/exploit,Arcadia Finance Hack,2025-07-15
0x466ce50687a47c32a6145fc5ac47dd0b4350d50a,ETH,exploit,revokecash,malicious spender/exploit,Arcadia Finance Hack,2025-07-15
0xc06962d5f48dda783682ffb51ef12610cddc1db2,ETH,exploit,revokecash,malicious spender/exploit,Arcadia Finance Hack,2025-07-15
0x01a272e7f0573fe395be019a8617a2926fd63d4e,ETH,exploit,revokecash,malicious spender/exploit,Arcadia Finance Hack,2025-07-15
0x5cf8089da50a080e77c3a6841fbd5f3605a6666e,ETH,exploit,revokecash,malicious spender/exploit,Arcadia Finance Hack,2025-07-15
0x623af2b16699d99e724b6fd6aeb546e6df8f8852,ETH,exploit,revokecash,malicious spender/exploit,Arcadia Finance Hack,2025-07-15
0xe230c33dfe91351c0f1954e426cddc8fa37c25a1,ETH,exploit,revokecash,malicious spender/exploit,Arcadia Finance Hack,2025-07-15
0x8def11f1c2aac6748b105c6a91e82386053d0255,ETH,exploit,revokecash,malicious spender/exploit,Arcadia Finance Hack,2025-07-15
0xf0c395a6c1343e746a2596c447bb9a4f5d2afb02,ETH,exploit,revokecash,malicious spender/exploit,Arcadia Finance Hack,2025-07-15
0xa868cd7412c02da7e00e1a6f0b4c1d385c80a112,ETH,exploit,revokecash,malicious spender/exploit,Arcadia Finance Hack,2025-07-15
0x67cfbee492bd5d70eba6c47a0b2fb00274f663b7,ETH,exploit,revokecash,malicious spender/exploit,Arcadia Finance Hack,2025-07-15
0x456cbd7bad36230355bb7479632e8c7947241a0b,ETH,exploit,revokecash,malicious spender/exploit,Arcadia Finance Hack,2025-07-15
0x664ec4aada325d76981e5296487a0bb7c3fc082b,ETH,exploit,revokecash,malicious spender/exploit,Arcadia Finance Hack,2025-07-15
0xbf85d55350bf880967f58204f87f96cd15f57ccd,ETH,exploit,revokecash,malicious spender/exploit,Arcadia Finance Hack,2025-07-15
0x541b26e1ade358d971537a27e57cbaaa872ab011,ETH,exploit,revokecash,malicious spender/exploit,Arcadia Finance Hack,2025-07-15
0x1ffa2ea4a407e9bbe59002aa34c042369d6b915f,ETH,exploit,revokecash,malicious spender/exploit,Arcadia Finance Hack,2025-07-15
0xb0383ee0050ae5741d1028a0c8ea9c3802d5127d,ETH,exploit,revokecash,malicious spender/exploit,Arcadia Finance Hack,2025-07-15
0x29237156389497cf95de0e504f617500804ab812,ETH,exploit,revokecash,malicious spender/exploit,Arcadia Finance Hack,2025-07-15
0x0c6289ea9407df8ee222693053968b8389a235cf,ETH,exploit,revokecash,malicious spender/exploit,Arcadia Finance Hack,2025-07-15
0xa34d742ef94fe61da97a2b9c101cc94101996080,ETH,exploit,revokecash,malicious spender/exploit,Arcadia Finance Hack,2025-07-15
0xb9015414bd4dd77fb71c1cc2e17d3ffb4e32b3f6,ETH,exploit,revokecash,malicious spender/exploit,Arcadia Finance Hack,2025-07-15
0x29899a53a124919bf255ad30d3d0a3666adbe6ab,ETH,exploit,revokecash,malicious spender/exploit,Arcadia Finance Hack,2025-07-15
0x211c97b96b0f65b5cb82d121d9e2a9989681f9c4,ETH,exploit,revokecash,malicious spender/exploit,Arcadia Finance Hack,2025-07-15
0xf70f6f028dd8fea43495462b1f12028269ac381b,ETH,exploit,revokecash,malicious spender/exploit,Arcadia Finance Hack,2025-07-15
0xe0b04eda66b6ac7f381d9e66958a4b66afea9f0f,ETH,exploit,revokecash,malicious spender/exploit,Arcadia Finance Hack,2025-07-15
0x56c4ecffe6bc432d71b7e1c31df87e520c33bfa4,ETH,exploit,revokecash,malicious spender/exploit,Arcadia Finance Hack,2025-07-15
0xec1d73371c10119552f31e5a3ce03db14b1d65be,ETH,exploit,revokecash,malicious spender/exploit,Arcadia Finance Hack,2025-07-15
0xb98ae06d8d8fac7001460b912faebc980e5206ce,ETH,exploit,revokecash,malicious spender/exploit,Arcadia Finance Hack,2025-07-15
0x0422c2577321d44191349e364f1f9a343bcf1185,ETH,exploit,revokecash,malicious spender/exploit,Arcadia Finance Hack,2025-07-15
0x40d91fe0fb50eb0f6da63fd9ccea84d35c76ba05,ETH,exploit,revokecash,malicious spender/exploit,Arcadia Finance Hack,2025-07-15
0xc977dcd91c904c61234f26e705ded35b985b8441,ETH,exploit,revokecash,malicious spender/exploit,Arcadia Finance Hack,2025-07-15
0xab4bf116b99d16c505adae42daa890447abf4490,ETH,exploit,revokecash,malicious spender/exploit,Arcadia Finance Hack,2025-07-15
0x042c86b6f7ee01926c97222e150cf19a9578009e,ETH,exploit,revokecash,malicious spender/exploit,Arcadia Finance Hack,2025-07-15
0x54dad859c2756d0b19bba274839cb20a7ff03807,ETH,exploit,revokecash,malicious spender/exploit,Arcadia Finance Hack,2025-07-15
0xebd32fe4330eddd40382391f7b7e5330e6134fea,ETH,exploit,revokecash,malicious spender/exploit,Arcadia Finance Hack,2025-07-15
0x2345ff17c3bb124be032317919fb966b58c3408d,ETH,exploit,revokecash,malicious spender/exploit,Arcadia Finance Hack,2025-07-15
0x9a2dcd580fb3c3657d6352646b291bfb6ff08a7b,ETH,exploit,revokecash,malicious spender/exploit,Arcadia Finance Hack,2025-07-15
0xc782f7d93b087f99c5712a058001291e11fb356f,ETH,exploit,revokecash,malicious spender/exploit,Arcadia Finance Hack,2025-07-15
0xfe987de9d253f54f069b6e1228fd424496c018ce,ETH,exploit,revokecash,malicious spender/exploit,Arcadia Finance Hack,2025-07-15
0x4168eea4bfcd832feeb2200a690f4c4128ecdd89,ETH,exploit,revokecash,malicious spender/exploit,Arcadia Finance Hack,2025-07-15
0x8d9800d3f8e219b7e0dd50d2468714ebe3146b35,ETH,exploit,revokecash,malicious spender/exploit,Arcadia Finance Hack,2025-07-15
0xc3a0800406a06a4c246c35b8ccf7d2febadbb12a,ETH,exploit,revokecash,malicious spender/exploit,Arcadia Finance Hack,2025-07-15
0xf18fdc4ce0a3d38983a00d84b11395a004749efe,ETH,exploit,revokecash,malicious spender/exploit,Arcadia Finance Hack,2025-07-15
0xede56e6a3c296dbacda74e79afe98271fe34a2a1,ETH,exploit,revokecash,malicious spender/exploit,Arcadia Finance Hack,2025-07-15
0x704490159f621057e5dc299a2dd24d640c646a1d,ETH,exploit,revokecash,malicious spender/exploit,Arcadia Finance Hack,2025-07-15
0x3f8efbf9283a2824148fbfb76f2491078e52a6a5,ETH,exploit,revokecash,malicious spender/exploit,Arcadia Finance Hack,2025-07-15
0xa6ca305c1d8863dec62fc4f14d43455db95fe63b,ETH,exploit,revokecash,malicious spender/exploit,Arcadia Finance Hack,2025-07-15
0x8a4577ce3b454c66781baa3c4a2bcd506e09322a,ETH,exploit,revokecash,malicious spender/exploit,Arcadia Finance Hack,2025-07-15
0x239a92da035e0934536cad87bf74c132d337bc67,ETH,exploit,revokecash,malicious spender/exploit,Arcadia Finance Hack,2025-07-15
0x818024eb471a871483973b06625c6460ed0eb7e1,ETH,exploit,revokecash,malicious spender/exploit,Arcadia Finance Hack,2025-07-15
0x170e1261c409a1b8eaeb99e38b1122c2ab3346fd,ETH,exploit,revokecash,malicious spender/exploit,Arcadia Finance Hack,2025-07-15
0x89f9a09c9e98d760052c4a4bce1aae4a68101003,ETH,exploit,revokecash,malicious spender/exploit,Arcadia Finance Hack,2025-07-15
0x027d434a88c89ccbd51a282249b2571ee0916248,ETH,exploit,revokecash,malicious spender/exploit,Arcadia Finance Hack,2025-07-15
0xe4a91c232aaea5cc077bfdaf7d7a74cb5345a91f,ETH,exploit,revokecash,malicious spender/exploit,Arcadia Finance Hack,2025-07-15
0xcc17cc864a9e064408882f91fa793f077af8c647,ETH,exploit,revokecash,malicious spender/exploit,Arcadia Finance Hack,2025-07-15
0x3cfcf5ce951565f9edd3cd421d8c3bf3e4fede99,ETH,exploit,revokecash,malicious spender/exploit,Arcadia Finance Hack,2025-07-15
0xd17bba361409841869b010157bf5533bc9a0a3d9,ETH,exploit,revokecash,malicious spender/exploit,Arcadia Finance Hack,2025-07-15
0x5238206bb6f3539f7688a5e0925035ce9a594d5e,ETH,exploit,revokecash,malicious spender/exploit,Arcadia Finance Hack,2025-07-15
0xa070cabdab05fe556e479b61ffd9d2a1f6ce4fbc,ETH,exploit,revokecash,malicious spender/exploit,Arcadia Finance Hack,2025-07-15
0xd5bc4176e88066cecabd6472d3532aab57ad21aa,ETH,exploit,revokecash,malicious spender/exploit,Arcadia Finance Hack,2025-07-15
0x8c49ceaf795c19e499da8af41cbf8d71bca10cd8,ETH,exploit,revokecash,malicious spender/exploit,Arcadia Finance Hack,2025-07-15
0xa2d190957a7e28cfa5d21d9b7c36bb4ad90f49af,ETH,exploit,revokecash,malicious spender/exploit,Arcadia Finance Hack,2025-07-15
0xc592ced593ee772b09cbc8caf67be84c1526242f,ETH,exploit,revokecash,malicious spender/exploit,Arcadia Finance Hack,2025-07-15
0xcd37270110b65d8883439c424e0a063ddb88777a,ETH,exploit,revokecash,malicious spender/exploit,Arcadia Finance Hack,2025-07-15
0x8c9422b4ca05da5761fa8a35a3730e99768b87ae,ETH,exploit,revokecash,malicious spender/exploit,Arcadia Finance Hack,2025-07-15
0xa0f2f107b1de8521aca7512b0485b3b3b7a5b790,ETH,exploit,revokecash,malicious spender/exploit,Arcadia Finance Hack,2025-07-15
0xe82a8abe93f3d314afaef9aa5ebeb4c24fadaa83,ETH,exploit,revokecash,malicious spender/exploit,Arcadia Finance Hack,2025-07-15
0xaa0ab3fa924e4b07009a3d84b6f9e3865ee455f0,ETH,exploit,revokecash,malicious spender/exploit,Arcadia Finance Hack,2025-07-15
0xee6a70b47164fd8773823e20bc94abf4dcbd97b5,ETH,exploit,revokecash,malicious spender/exploit,Arcadia Finance Hack,2025-07-15
0xc29362d1ce5a1e23323305176c05c7a6f22aa807,ETH,exploit,revokecash,malicious spender/exploit,Arcadia Finance Hack,2025-07-15
0xaaf8763b29cbef604a1cef9176c6b456da02b7e8,ETH,exploit,revokecash,malicious spender/exploit,Arcadia Finance Hack,2025-07-15
0x2920ad33acf91f4bffd3d0024abe8f4f060f6973,ETH,exploit,revokecash,malicious spender/exploit,Arcadia Finance Hack,2025-07-15
0x633642cc79d4b0c75632ebbb42e014ee918a4fdf,ETH,exploit,revokecash,malicious spender/exploit,Arcadia Finance Hack,2025-07-15
0x3c77ac7b4a05064972c65dd7a897f0afb3375209,ETH,exploit,revokecash,malicious spender/exploit,Arcadia Finance Hack,2025-07-15
0x9a08ee2d0012cf1b58d5ac88a573e0c1a2b07d93,ETH,exploit,revokecash,malicious spender/exploit,Arcadia Finance Hack,2025-07-15
0xf7790b2b344c350734e0543554e46118cb8bfa1f,ETH,exploit,revokecash,malicious spender/exploit,Arcadia Finance Hack,2025-07-15
0xc1b6047add06fa4b72b40658e36c761d5b23eca0,ETH,exploit,revokecash,malicious spender/exploit,Arcadia Finance Hack,2025-07-15
0xecb39eca271052854e8cad97aad5febec89f0b67,ETH,exploit,revokecash,malicious spender/exploit,Arcadia Finance Hack,2025-07-15
0xa1e5c15ebcd0859bb58f21effe1a2d0be975abc9,ETH,exploit,revokecash,malicious spender/exploit,Arcadia Finance Hack,2025-07-15
0x7c05bbab8d70331328ba07fcb06c99cc8625a7d0,ETH,exploit,revokecash,malicious spender/exploit,Arcadia Finance Hack,2025-07-15
0x6a7ffdebcb852b36c652aa8b7774c8eff485596d,ETH,exploit,revokecash,malicious spender/exploit,Arcadia Finance Hack,2025-07-15
0x285ae95fedfe4a9d433007a3707eee2f57444425,ETH,exploit,revokecash,malicious spender/exploit,Arcadia Finance Hack,2025-07-15
0xc10701fd018c70545390e696951f9de8e87814bd,ETH,exploit,revokecash,malicious spender/exploit,Arcadia Finance Hack,2025-07-15
0x4c724abd3f2845914bf19ebcde7efe4b905e4f94,ETH,exploit,revokecash,malicious spender/exploit,Arcadia Finance Hack,2025-07-15
0x1e94bd03a3eb60b9b2f98de501e775c83d548c88,ETH,exploit,revokecash,malicious spender/exploit,Arcadia Finance Hack,2025-07-15
0x2cd842a39a603834c48ae9d8a1c54828513118dc,ETH,exploit,revokecash,malicious spender/exploit,Arcadia Finance Hack,2025-07-15
0xde3e05e267171abd1aa16f2f20ffebd03cc5d646,ETH,exploit,revokecash,malicious spender/exploit,Arcadia Finance Hack,2025-07-15
0x68406b1ce6c8c895a35acf18b4d3f7b33c963aa3,ETH,exploit,revokecash,malicious spender/exploit,Arcadia Finance Hack,2025-07-15
0x9bdd9fa227958d0df541958a742364cddb3f1778,ETH,exploit,revokecash,malicious spender/exploit,Arcadia Finance Hack,2025-07-15
0xea11015262fd3461aeade8828b09fb87f4085324,ETH,exploit,revokecash,malicious spender/exploit,Arcadia Finance Hack,2025-07-15
0x6faff69a42786e03d8d8af4b702b84200e7b46bc,ETH,exploit,revokecash,malicious spender/exploit,Arcadia Finance Hack,2025-07-15
0x16e1353b2e2de51f3221b34b3046139a970ba0b6,ETH,exploit,revokecash,malicious spender/exploit,Arcadia Finance Hack,2025-07-15
0x36f854a4c0b103958348d5f443beeea9ded699f7,ETH,exploit,revokecash,malicious spender/exploit,Arcadia Finance Hack,2025-07-15
0x831582d30be1f964b718a060ed0a6822141d4a8e,ETH,exploit,revokecash,malicious spender/exploit,Arcadia Finance Hack,2025-07-15
0x79dfdd1e9fa7d3f8c5d8c16f0a49a343f9a9aa1f,ETH,exploit,revokecash,malicious spender/exploit,Arcadia Finance Hack,2025-07-15
0xfe6f78cdc3737e51f2e0667f6e01fc9bf4b99185,ETH,exploit,revokecash,malicious spender/exploit,Arcadia Finance Hack,2025-07-15
0x76acf74970939a49c6e34599eb1622de79fde1da,ETH,exploit,revokecash,malicious spender/exploit,Arcadia Finance Hack,2025-07-15
0xca34c69e86060dfc6e0a1a97c5a384f60b54c8b3,ETH,exploit,revokecash,malicious spender/exploit,Arcadia Finance Hack,2025-07-15
0x7d9e5cedd8ad79c34110e370da4f1fbd1f62ffe7,ETH,exploit,revokecash,malicious spender/exploit,Arcadia Finance Hack,2025-07-15
0x69e6344c89f4fb25ad1b8c28518f21f33f9f4447,ETH,exploit,revokecash,malicious spender/exploit,Arcadia Finance Hack,2025-07-15
0x52950f10a90cfb578afaa6eca2e88e5b51b5d8cf,ETH,exploit,revokecash,malicious spender/exploit,Arcadia Finance Hack,2025-07-15
0xe46d70fe3a4d82202779759873fabba6a66d25a5,ETH,exploit,revokecash,malicious spender/exploit,Arcadia Finance Hack,2025-07-15
0xdf28426a975ea2e94ad7fd06165ceebc97fdea10,ETH,exploit,revokecash,malicious spender/exploit,Arcadia Finance Hack,2025-07-15
0xe34cf27b8b83e738ffb86b8711fa6acf976a8971,ETH,exploit,revokecash,malicious spender/exploit,Arcadia Finance Hack,2025-07-15
0xec144d7e52e67f630c0b3a8793ba4715f888bf9a,ETH,exploit,revokecash,malicious spender/exploit,Arcadia Finance Hack,2025-07-15
0x41a8699a6bdbbde7b75e8c7211dc16cedd9272a7,ETH,exploit,revokecash,malicious spender/exploit,Arcadia Finance Hack,2025-07-15
0x43c239e684de8e5d24b8b71daa5c0a009fcb0148,ETH,exploit,revokecash,malicious spender/exploit,Arcadia Finance Hack,2025-07-15
0x2ab09fc816979f6915406b7dba88a47baecce35f,ETH,exploit,revokecash,malicious spender/exploit,Arcadia Finance Hack,2025-07-15
0x8e3927543f126b1f06a312a7569eea05a93cd524,ETH,exploit,revokecash,malicious spender/exploit,Arcadia Finance Hack,2025-07-15
0x6a05e898a73c4e507f99ec2e656106733a6567a9,ETH,exploit,revokecash,malicious spender/exploit,Arcadia Finance Hack,2025-07-15
0xcf9170c26d2ffe631612c4749227cca7f259a6bd,ETH,exploit,revokecash,malicious spender/exploit,Arcadia Finance Hack,2025-07-15
0x45216c04d1f88aad1caaf66fcf7f0934d975ea45,ETH,exploit,revokecash,malicious spender/exploit,Arcadia Finance Hack,2025-07-15
0x8d9716b28aa9cde01049b49891ce8a8123258c37,ETH,exploit,revokecash,malicious spender/exploit,Arcadia Finance Hack,2025-07-15
0x2108cb4d2ebf81eef8eadf3ef809723aa120c507,ETH,exploit,revokecash,malicious spender/exploit,Arcadia Finance Hack,2025-07-15
0xc1c14fd8da9b264990e5500d1c6f56d704acfc3e,ETH,exploit,revokecash,malicious spender/exploit,Arcadia Finance Hack,2025-07-15
0x1ec0db72cd6c3ff318304c0148625ee8736390c9,ETH,exploit,revokecash,malicious spender/exploit,Arcadia Finance Hack,2025-07-15
0xb94afa4c25fe65ea4c35619c9b70f6c6aff091d0,ETH,exploit,revokecash,malicious spender/exploit,Arcadia Finance Hack,2025-07-15
0xdc5c2083d5a3173486f00cbaaaa50ac9fd887734,ETH,exploit,revokecash,malicious spender/exploit,Arcadia Finance Hack,2025-07-15
0x02b253b8488dc2342fabf3cd8d035e777b1ea796,ETH,exploit,revokecash,malicious spender/exploit,Arcadia Finance Hack,2025-07-15
0xf51b43229daec1d5bede9cb16acf44a81dcf6eef,ETH,exploit,revokecash,malicious spender/exploit,Arcadia Finance Hack,2025-07-15
0xfaca9d78f4d8b5719d6d45b0e57fdaf69f47eb75,ETH,exploit,revokecash,malicious spender/exploit,Arcadia Finance Hack,2025-07-15
0x36146e0391e5c804e09c1fd6e6b754cf3ef364ae,ETH,exploit,revokecash,malicious spender/exploit,Arcadia Finance Hack,2025-07-15
0xe5b312c3a757f1ab5eaae6431bfa203659c40fde,ETH,exploit,revokecash,malicious spender/exploit,Arcadia Finance Hack,2025-07-15
0x2e42d4475f33ff26f5ac4f9631f438471b3858fd,ETH,exploit,revokecash,malicious spender/exploit,Arcadia Finance Hack,2025-07-15
0xd7df932bb8eb3c36b2ca64e60bb2630c043fd3b3,ETH,exploit,revokecash,malicious spender/exploit,Arcadia Finance Hack,2025-07-15
0x0dff91dc54301ddfdb3a77ab42aa25bb340b67b9,ETH,exploit,revokecash,malicious spender/exploit,Arcadia Finance Hack,2025-07-15
0xeac9355ad9bd12c75cc502cf6e911c0393e6a929,ETH,exploit,revokecash,malicious spender/exploit,Arcadia Finance Hack,2025-07-15
0xaf01a6943ea0d678c4322fd95025719d14ac83c4,ETH,exploit,revokecash,malicious spender/exploit,Arcadia Finance Hack,2025-07-15
0x32dba4eb21ab1e0f3f80acce107f2b80aa54573b,ETH,exploit,revokecash,malicious spender/exploit,Arcadia Finance Hack,2025-07-15
0xad368e724f5fbd8fdad009a5110c60cb458f6ad6,ETH,exploit,revokecash,malicious spender/exploit,Arcadia Finance Hack,2025-07-15
0x4ce61d3fa7d31503dc66f29b6ba3daf00ae00689,ETH,exploit,revokecash,malicious spender/exploit,Arcadia Finance Hack,2025-07-15
0x817144364039d6dbb1e138982396fb0e1801327c,ETH,exploit,revokecash,malicious spender/exploit,Arcadia Finance Hack,2025-07-15
0x8bc4d8c414d04c222340fefb768afa1046e8c7fc,ETH,exploit,revokecash,malicious spender/exploit,Arcadia Finance Hack,2025-07-15
0xbff90a53379b11785386f8aadf00f1523f656287,ETH,exploit,revokecash,malicious spender/exploit,Arcadia Finance Hack,2025-07-15
0x8ef061bcdfe37a13d37adb866a56da655e4e16d6,ETH,exploit,revokecash,malicious spender/exploit,Arcadia Finance Hack,2025-07-15
0x8097bb257fe931d3609b645976957b619083f4bd,ETH,exploit,revokecash,malicious spender/exploit,Arcadia Finance Hack,2025-07-15
0x976025bb60a90ab9573841739010e0cb5311e1cb,ETH,exploit,revokecash,malicious spender/exploit,Arcadia Finance Hack,2025-07-15
0x09feeea44595462aa38ed01ec626ea2032d8ed6a,ETH,exploit,revokecash,malicious spender/exploit,Arcadia Finance Hack,2025-07-15
0xe9cbf615b578a44d440c66761635b4828f600a1d,ETH,exploit,revokecash,malicious spender/exploit,Arcadia Finance Hack,2025-07-15
0xd81b23c9b20f62106fdd38c6faa99712b87fcc52,ETH,exploit,revokecash,malicious spender/exploit,Arcadia Finance Hack,2025-07-15
0x39d48be3db33267f1045d6101f62d92bec64d8c8,ETH,exploit,revokecash,malicious spender/exploit,Arcadia Finance Hack,2025-07-15
0x2dea93d9ea52782100f1decb05b968f09b173d07,ETH,exploit,revokecash,malicious spender/exploit,Arcadia Finance Hack,2025-07-15
0x6879f35e1035e5073d1d5712bc86b0affad7fc11,ETH,exploit,revokecash,malicious spender/exploit,Arcadia Finance Hack,2025-07-15
0xcfb326e346962b6baa6c0dab3feeab335fafbd40,ETH,exploit,revokecash,malicious spender/exploit,Arcadia Finance Hack,2025-07-15
0x708c69f03a688a99217c07a3af16a0771d346944,ETH,exploit,revokecash,malicious spender/exploit,Arcadia Finance Hack,2025-07-15
0x6c7353590bc542c105018c50c8bca833cc4a90bf,ETH,exploit,revokecash,malicious spender/exploit,Arcadia Finance Hack,2025-07-15
0x13a69e32482d15697a6fe8a34da71861e11a10b6,ETH,exploit,revokecash,malicious spender/exploit,Arcadia Finance Hack,2025-07-15
0xe1cf7cc93d65cc02dedafef31b71de899892d533,ETH,exploit,revokecash,malicious spender/exploit,Arcadia Finance Hack,2025-07-15
0xc0c2ea68559ecf1616b6674e3631fcc772a0f80b,ETH,exploit,revokecash,malicious spender/exploit,Arcadia Finance Hack,2025-07-15
0x27e34d1f86731e7b676012cf90ff036262039d43,ETH,exploit,revokecash,malicious spender/exploit,Arcadia Finance Hack,2025-07-15
0x98dc947149f62f9535426bc49c6a7f1a6ed40b2b,ETH,exploit,revokecash,malicious spender/exploit,Arcadia Finance Hack,2025-07-15
0x7942b8f8b81171cfbd00921ecb24f28f472a6e69,ETH,exploit,revokecash,malicious spender/exploit,Arcadia Finance Hack,2025-07-15
0xce35f9b54c896ca7da642a82ded268a47a9d7eaa,ETH,exploit,revokecash,malicious spender/exploit,Arcadia Finance Hack,2025-07-15
0x7b3e486abf0ed9dbcb62068d79c14556ea9b4e8c,ETH,exploit,revokecash,malicious spender/exploit,Arcadia Finance Hack,2025-07-15
0xa9bba0cb990a02a87f6139242af4e6b5a629e8d9,ETH,exploit,revokecash,malicious spender/exploit,Arcadia Finance Hack,2025-07-15
0xa4b001814acc69a1b09dbfe52df059eb9dccfcbe,ETH,exploit,revokecash,malicious spender/exploit,Arcadia Finance Hack,2025-07-15
0x634a6969dfcbd3a1c3275e191b171eee8c4ddc5e,ETH,exploit,revokecash,malicious spender/exploit,Arcadia Finance Hack,2025-07-15
0x3c335f3e394ff07a554cf5ede30d4f00498b417f,ETH,exploit,revokecash,malicious spender/exploit,Arcadia Finance Hack,2025-07-15
0xfa59fe8cf3ff7685458128c2a25b78cf12995d97,ETH,exploit,revokecash,malicious spender/exploit,Arcadia Finance Hack,2025-07-15
0x53f903fe36132417dfbd4b686f4fa176aa3dcbb2,ETH,exploit,revokecash,malicious spender/exploit,Arcadia Finance Hack,2025-07-15
0x7acca006463a62e96f19ac9e7b433032f275b57d,ETH,exploit,revokecash,malicious spender/exploit,Arcadia Finance Hack,2025-07-15
0x7c4c5d8fb701d7e7ec0bea5fc6753aa3d58cabc2,ETH,exploit,revokecash,malicious spender/exploit,Arcadia Finance Hack,2025-07-15
0x58d60d9c9efa9a8b6fc7de43fcd9036241a1ee59,ETH,exploit,revokecash,malicious spender/exploit,Arcadia Finance Hack,2025-07-15
0x94c2219ed1622a77832dbf50882ada0e9ecf5c45,ETH,exploit,revokecash,malicious spender/exploit,Arcadia Finance Hack,2025-07-15
0xf7719a7d5800236354cc21fd621b976a6abad51e,ETH,exploit,revokecash,malicious spender/exploit,Arcadia Finance Hack,2025-07-15
0xa5e36407d9e5d7d0e56f7936a3a0651ce00fa066,ETH,exploit,revokecash,malicious spender/exploit,Arcadia Finance Hack,2025-07-15
0x7ea92e60fef85d16c1617fc5a4bbdc36861d6048,ETH,exploit,revokecash,malicious spender/exploit,Arcadia Finance Hack,2025-07-15
0x5c4b98d48600c022946c2a9cd5e940c08051d492,ETH,exploit,revokecash,malicious spender/exploit,Arcadia Finance Hack,2025-07-15
0x76d1ff03bf47a47102c686f2d05b09155a9ee800,ETH,exploit,revokecash,malicious spender/exploit,Arcadia Finance Hack,2025-07-15
0x01c795acb357af204e1f83d051e19649c71074e2,ETH,exploit,revokecash,malicious spender/exploit,Arcadia Finance Hack,2025-07-15
0x649e4b6da7ce6bc6c1c866c85176726495a2b3d9,ETH,exploit,revokecash,malicious spender/exploit,Arcadia Finance Hack,2025-07-15
0xfb46f3280513d3c017f3440442eb89eea9464333,ETH,exploit,revokecash,malicious spender/exploit,Arcadia Finance Hack,2025-07-15
0x88cceef850659ebb1682e46839c24dea5bf64ee0,ETH,exploit,revokecash,malicious spender/exploit,Arcadia Finance Hack,2025-07-15
0xd361695eaccd920d86601517c67f13d511fd3222,ETH,exploit,revokecash,malicious spender/exploit,Arcadia Finance Hack,2025-07-15
0x0d5ccd3d5884bf85c47c4e0e117883cc78337aad,ETH,exploit,revokecash,malicious spender/exploit,Arcadia Finance Hack,2025-07-15
0x6b3ef6531647f0553f627a211944eb84744dc66b,ETH,exploit,revokecash,malicious spender/exploit,Arcadia Finance Hack,2025-07-15
0x52ddb1fd551b3784c16194ba00ced1df3edc346b,ETH,exploit,revokecash,malicious spender/exploit,Arcadia Finance Hack,2025-07-15
0x5c728338637a68662d0e559f024e6bac1315ea7b,ETH,exploit,revokecash,malicious spender/exploit,Arcadia Finance Hack,2025-07-15
0x450242d326b73d8022d8a5ad60e94eff295dabab,ETH,exploit,revokecash,malicious spender/exploit,Arcadia Finance Hack,2025-07-15
0x4e82d4b1750f60940e0c311e7ae95def86538aa8,ETH,exploit,revokecash,malicious spender/exploit,Arcadia Finance Hack,2025-07-15
0x8f90fe07e90963f15475195afbaad628a1b05427,ETH,exploit,revokecash,malicious spender/exploit,Arcadia Finance Hack,2025-07-15
0xc1ac65540202db97671f4247e65536e51d3e3cf2,ETH,exploit,revokecash,malicious spender/exploit,Arcadia Finance Hack,2025-07-15
0xfc77463c62de9d100cdd45cdb0c045e44d81cd3f,ETH,exploit,revokecash,malicious spender/exploit,Arcadia Finance Hack,2025-07-15
0xeb04434613895544c76f52c0ca882865d0afc67e,ETH,exploit,revokecash,malicious spender/exploit,Arcadia Finance Hack,2025-07-15
0xe3b57c87efec88128d8d6b051e9dcf885e17ef5c,ETH,exploit,revokecash,malicious spender/exploit,Arcadia Finance Hack,2025-07-15
0x1b9fceebe0115c5ed029f7e0f9ea508032a76aaa,ETH,exploit,revokecash,malicious spender/exploit,Arcadia Finance Hack,2025-07-15
0xc05e710b8a61257b6488aaab76b214427dbdc5d1,ETH,exploit,revokecash,malicious spender/exploit,Arcadia Finance Hack,2025-07-15
0x8f9cab0248741ec38a474077b08a276ed6da3696,ETH,exploit,revokecash,malicious spender/exploit,Arcadia Finance Hack,2025-07-15
0xaebb5231e8522ba8c0026d8ad7721bdd025db032,ETH,exploit,revokecash,malicious spender/exploit,Arcadia Finance Hack,2025-07-15
0xff16cb1e06fb8cd7d256943293e05bb871e75fd8,ETH,exploit,revokecash,malicious spender/exploit,Arcadia Finance Hack,2025-07-15
0x3e6a70e22e6e21e3a350452d8432d105517eb6c0,ETH,exploit,revokecash,malicious spender/exploit,Arcadia Finance Hack,2025-07-15
0xc1b811fa592ee00015002d5710a50afe68e1d11c,ETH,exploit,revokecash,malicious spender/exploit,Arcadia Finance Hack,2025-07-15
0xea871aa1ad4d463bf4fd852cf65fc054e02c2925,ETH,exploit,revokecash,malicious spender/exploit,Arcadia Finance Hack,2025-07-15
0x2102caf6080dfdaf50cf10baa6ca6b2d095ff795,ETH,exploit,revokecash,malicious spender/exploit,Arcadia Finance Hack,2025-07-15
0x0749925c4f280fe7d0958d7dd1041fd21a58dc4a,ETH,exploit,revokecash,malicious spender/exploit,Arcadia Finance Hack,2025-07-15
0xdd9d8af84fadc0c25128cf739a85dbfeb6e48a97,ETH,exploit,revokecash,malicious spender/exploit,Arcadia Finance Hack,2025-07-15
0x2f0499d86fbb14b6930b99b924a853b289ad2c19,ETH,exploit,revokecash,malicious spender/exploit,Arcadia Finance Hack,2025-07-15
0xb5dca00d51adbc13065eb58ebc272695b8b031fc,ETH,exploit,revokecash,malicious spender/exploit,Arcadia Finance Hack,2025-07-15
0xa1d7cefd386e241a4972f2eabbca50275e4e5457,ETH,exploit,revokecash,malicious spender/exploit,Arcadia Finance Hack,2025-07-15
0x21cf73f9668501c54af273c4dea609aa97f13806,ETH,exploit,revokecash,malicious spender/exploit,Arcadia Finance Hack,2025-07-15
0xcbb7e23f8d4fb39365aeefb8788401c63d16a94b,ETH,exploit,revokecash,malicious spender/exploit,Arcadia Finance Hack,2025-07-15
0x23d1c1a2cd5087d6fb73513423951cfc7efed06a,ETH,exploit,revokecash,malicious spender/exploit,Arcadia Finance Hack,2025-07-15
0xc40fcfc1a0c6a3f52b84f3b70feaab72360d8978,ETH,exploit,revokecash,malicious spender/exploit,Arcadia Finance Hack,2025-07-15
0xca2c29e49a448c0e4f9d54533eaf4a712406b1a2,ETH,exploit,revokecash,malicious spender/exploit,Arcadia Finance Hack,2025-07-15
0x380ee4edd06f4a5facdc8c6ba424ebb71a466b42,ETH,exploit,revokecash,malicious spender/exploit,Arcadia Finance Hack,2025-07-15
0xed8e335fe1698fa05c4a749f6653dab6eaa5f2fe,ETH,exploit,revokecash,malicious spender/exploit,Arcadia Finance Hack,2025-07-15
0x5d80c2e3b2ebd8f724facd680d801ec5e2c3a64a,ETH,exploit,revokecash,malicious spender/exploit,Arcadia Finance Hack,2025-07-15
0xb602eff63321496ae86388118f57ab3872f6059f,ETH,exploit,revokecash,malicious spender/exploit,Arcadia Finance Hack,2025-07-15
0x416dcfe1c711c909b2959b8c3e503c9404e64db5,ETH,exploit,revokecash,malicious spender/exploit,Arcadia Finance Hack,2025-07-15
0x4c8bbdbac5c249add095310a118a1bc8f62c5200,ETH,exploit,revokecash,malicious spender/exploit,Arcadia Finance Hack,2025-07-15
0xd69a826c05ae9363d6cf93b6ca0c6f757a213cc3,ETH,exploit,revokecash,malicious spender/exploit,Arcadia Finance Hack,2025-07-15
0x9529e5988ced568898566782e88012cf11c3ec99,ETH,exploit,revokecash,malicious spender/exploit,Arcadia Finance Hack,2025-07-15
0x0bc7418c4857e015a3aeed9f0bb0c0bc34a9bb00,ETH,exploit,revokecash,malicious spender/exploit,Arcadia Finance Hack,2025-07-15
0x1fc46e1ba7dca11259899a8fe13f5022d4cc82e7,ETH,exploit,revokecash,malicious spender/exploit,Arcadia Finance Hack,2025-07-15
0x94e89da9ada4cc00f6c8fb83a90390ebafecc525,ETH,exploit,revokecash,malicious spender/exploit,Arcadia Finance Hack,2025-07-15
0x927401399c5afd7338240c50106b3eb00c2e2b3d,ETH,exploit,revokecash,malicious spender/exploit,Arcadia Finance Hack,2025-07-15
0x815e18bc52c438a43a5b6deefc77ec193017f5a6,ETH,exploit,revokecash,malicious spender/exploit,Arcadia Finance Hack,2025-07-15
0x1d67485856a468b3a9f70b65565f7c9f8c18e18c,ETH,exploit,revokecash,malicious spender/exploit,Arcadia Finance Hack,2025-07-15
0x1bc421b8dcc43c0a211530fb5712d03eadb197a8,ETH,exploit,revokecash,malicious spender/exploit,Arcadia Finance Hack,2025-07-15
0x63ca9e8f3c13d265a3e713cf0b4ea5b42983c3ba,ETH,exploit,revokecash,malicious spender/exploit,Arcadia Finance Hack,2025-07-15
0xd4ce4e360bc60f8c2a64b7a24b1c09b2450f759e,ETH,exploit,revokecash,malicious spender/exploit,Arcadia Finance Hack,2025-07-15
0x83cd3ffa36003a33a55ed514e66b8322f3fc6e43,ETH,exploit,revokecash,malicious spender/exploit,Arcadia Finance Hack,2025-07-15
0x2f5666a9ed979204427f2c8399a08d81847d0cca,ETH,exploit,revokecash,malicious spender/exploit,Arcadia Finance Hack,2025-07-15
0x9c586e66797eba7d81e1233994245c2230f21446,ETH,exploit,revokecash,malicious spender/exploit,Arcadia Finance Hack,2025-07-15
0xc738a7f75a88c60fdc8c7e85ed6757bafba8f696,ETH,exploit,revokecash,malicious spender/exploit,Arcadia Finance Hack,2025-07-15
0xa694bc7da20418eb570555e54477f8f972a14c9f,ETH,exploit,revokecash,malicious spender/exploit,Arcadia Finance Hack,2025-07-15
0x33e30048617682baa39eaf7dd575e60e5f93ef32,ETH,exploit,revokecash,malicious spender/exploit,Arcadia Finance Hack,2025-07-15
0xb86ea36adbd72704fdad708fa25cbe696e179cdc,ETH,exploit,revokecash,malicious spender/exploit,Arcadia Finance Hack,2025-07-15
0xd346e3608ee39bb120e9868325fa223a3490c09f,ETH,exploit,revokecash,malicious spender/exploit,Arcadia Finance Hack,2025-07-15
0x1643101f92bfa421fb295478adea75ca24c71f99,ETH,exploit,revokecash,malicious spender/exploit,Arcadia Finance Hack,2025-07-15
0x302708ae3397ecac78b75190a18b039fea9c424e,ETH,exploit,revokecash,malicious spender/exploit,Arcadia Finance Hack,2025-07-15
0xb3df089c368505f3b392951b388f65078cbc1d56,ETH,exploit,revokecash,malicious spender/exploit,Arcadia Finance Hack,2025-07-15
0xc8a60a65d68646c9d0b050d7923b78fca74b5fd2,ETH,exploit,revokecash,malicious spender/exploit,Arcadia Finance Hack,2025-07-15
0x344498a5006da32d8024e8190218550f496d65cb,ETH,exploit,revokecash,malicious spender/exploit,Arcadia Finance Hack,2025-07-15
0x71b113115c76c1b983205d870deb01fdce2bc9fb,ETH,exploit,revokecash,malicious spender/exploit,Arcadia Finance Hack,2025-07-15
0x845e09ca34ebe35dcf3a28d94fba17eb3071745b,ETH,exploit,revokecash,malicious spender/exploit,Arcadia Finance Hack,2025-07-15
0x04c555a7de8577020b3e5b2ae81cfa7e5a02de66,ETH,exploit,revokecash,malicious spender/exploit,Arcadia Finance Hack,2025-07-15
0x84a7c157f15014ed7b2aba9aa09db41eddb02a0d,ETH,exploit,revokecash,malicious spender/exploit,Arcadia Finance Hack,2025-07-15
0x727dd4fff8bdd7735e6e4b339032cc592e17ad88,ETH,exploit,revokecash,malicious spender/exploit,Arcadia Finance Hack,2025-07-15
0xedbfd4c7f82e80d98cc30392ae6af8e082e4b370,ETH,exploit,revokecash,malicious spender/exploit,Arcadia Finance Hack,2025-07-15
0xe6bbdb8dc097e4f299871dedeee9b823e68289d5,ETH,exploit,revokecash,malicious spender/exploit,Arcadia Finance Hack,2025-07-15
0xf80183d4dbda85c7c8d8a51a92cadf1f50ea569a,ETH,exploit,revokecash,malicious spender/exploit,Arcadia Finance Hack,2025-07-15
0xea712a4a32f73912c591feae690559a756805175,ETH,exploit,revokecash,malicious spender/exploit,Arcadia Finance Hack,2025-07-15
0x929fd73481e837a58b3fe047051b8efbf916b70f,ETH,exploit,revokecash,malicious spender/exploit,Arcadia Finance Hack,2025-07-15
0xbf2123cfd04aa44552a9d21fb24609c78aa968b2,ETH,exploit,revokecash,malicious spender/exploit,Arcadia Finance Hack,2025-07-15
0x9e405b9e560e73badb252ee1638c1851914a49a3,ETH,exploit,revokecash,malicious spender/exploit,Arcadia Finance Hack,2025-07-15
0x15287bec7ab4ade20f7904834be4c914d1acf8cf,ETH,exploit,revokecash,malicious spender/exploit,Arcadia Finance Hack,2025-07-15
0x469f960468054dbc78e1480e9da9eedef62b6d6a,ETH,exploit,revokecash,malicious spender/exploit,Arcadia Finance Hack,2025-07-15
0x57fd5f581d5ddaaab27d35d1e915fbcc51d6c67a,ETH,exploit,revokecash,malicious spender/exploit,Arcadia Finance Hack,2025-07-15
0x1e35cb876900172c16a6a876b3ff5488871ee1a8,ETH,exploit,revokecash,malicious spender/exploit,Arcadia Finance Hack,2025-07-15
0x8cd69a1c111b324ec6d9363c95fedf1d1c91facd,ETH,exploit,revokecash,malicious spender/exploit,Arcadia Finance Hack,2025-07-15
0xdd196e14b0b7635f304b37392b6f1069b1c16c46,ETH,exploit,revokecash,malicious spender/exploit,Arcadia Finance Hack,2025-07-15
0xe0df39ad4f7b284855270d0a419c2db55e211f2c,ETH,exploit,revokecash,malicious spender/exploit,Arcadia Finance Hack,2025-07-15
0x0b8f47300edcd845127a57b1dabc70c7b8f93f81,ETH,exploit,revokecash,malicious spender/exploit,Arcadia Finance Hack,2025-07-15
0xf94dc5aba521308eb9a318eb5c2448918f2361dc,ETH,exploit,revokecash,malicious spender/exploit,Arcadia Finance Hack,2025-07-15
0x568768eee17b770ea8b5720c437552d6212ee686,ETH,exploit,revokecash,malicious spender/exploit,Arcadia Finance Hack,2025-07-15
0x45376ad542455f09a8029c39857bfef5af610894,ETH,exploit,revokecash,malicious spender/exploit,Arcadia Finance Hack,2025-07-15
0xa5f82ddf23c59f83cac7c2b3c93e8805c3de1d52,ETH,exploit,revokecash,malicious spender/exploit,Arcadia Finance Hack,2025-07-15
0x6ea43095509444e92d6ca9f1377f0372036be069,ETH,exploit,revokecash,malicious spender/exploit,Arcadia Finance Hack,2025-07-15
0x10d42500cb9ff1dc49fd253191cd83fb5ee28190,ETH,exploit,revokecash,malicious spender/exploit,Arcadia Finance Hack,2025-07-15
0xbd8f234352ed45b6c579cd950008a344bf27066d,ETH,exploit,revokecash,malicious spender/exploit,Arcadia Finance Hack,2025-07-15
0xece3a32c003564324a8cf530ba5d475b7e6d0ba1,ETH,exploit,revokecash,malicious spender/exploit,Arcadia Finance Hack,2025-07-15
0x97e55de9016f3ee9d0fa0191745ffc4fa127d28d,ETH,exploit,revokecash,malicious spender/exploit,Arcadia Finance Hack,2025-07-15
0xe0be87eed00afb1f6e55a1e357d204f3179b90ed,ETH,exploit,revokecash,malicious spender/exploit,Arcadia Finance Hack,2025-07-15
0x375788d140b0d71ac9e596fec021025205e778b6,ETH,exploit,revokecash,malicious spender/exploit,Arcadia Finance Hack,2025-07-15
0x9a695c752a57befb8ee9848380a27b07ad4a1f5a,ETH,exploit,revokecash,malicious spender/exploit,Arcadia Finance Hack,2025-07-15
0x30c64ba9d35faa3cb30ca97644899a2be9a3446b,ETH,exploit,revokecash,malicious spender/exploit,Arcadia Finance Hack,2025-07-15
0xbf535b2266a55a3cbc00784cadb20640a6441b60,ETH,exploit,revokecash,malicious spender/exploit,Arcadia Finance Hack,2025-07-15
0xdd51ebba02b84548dacfaf9e10e398f49ca4b50b,ETH,exploit,revokecash,malicious spender/exploit,Arcadia Finance Hack,2025-07-15
0x8ab73172da72e7e7aadd9e38b51e2c84bec49025,ETH,exploit,revokecash,malicious spender/exploit,Arcadia Finance Hack,2025-07-15
0x7c3c4eb49c2273c54c1083dab93a4624d15c9ec6,ETH,exploit,revokecash,malicious spender/exploit,Arcadia Finance Hack,2025-07-15
0xfcc8c096a2128bdc563b154e5975dc6d422ef515,ETH,exploit,revokecash,malicious spender/exploit,Arcadia Finance Hack,2025-07-15
0x2949f3c1bb6ee43f49ee641af63e54000ad3a926,ETH,exploit,revokecash,malicious spender/exploit,Arcadia Finance Hack,2025-07-15
0x437c588514ac3be6f6a3a30c6586d042bc491307,ETH,exploit,revokecash,malicious spender/exploit,Arcadia Finance Hack,2025-07-15
0x95951fc98c99e6cee18ed2553333ddeadf64821e,ETH,exploit,revokecash,malicious spender/exploit,Arcadia Finance Hack,2025-07-15
0x3fd92e70a5d8ff115bddf2178de26b34c7dadc7f,ETH,exploit,revokecash,malicious spender/exploit,Arcadia Finance Hack,2025-07-15
0x7b916a139eb72e1ee18b48e009a8c43a7db3de91,ETH,exploit,revokecash,malicious spender/exploit,Arcadia Finance Hack,2025-07-15
0x82422b6f05540ce492d2a8e323f94e241ab5661f,ETH,exploit,revokecash,malicious spender/exploit,Arcadia Finance Hack,2025-07-15
0x8c1dafe8e40c8bd8780ef5e239fabe2f9bae9216,ETH,exploit,revokecash,malicious spender/exploit,Arcadia Finance Hack,2025-07-15
0x844a6a3f236e34f3fc6beab82d37d8c62bfae07f,ETH,exploit,revokecash,malicious spender/exploit,Arcadia Finance Hack,2025-07-15
0x317344c4cd82ad9dc55473e0d357c3c381e81c17,ETH,exploit,revokecash,malicious spender/exploit,Arcadia Finance Hack,2025-07-15
0x5b8e197c2a76405591d05e932650372e520fe688,ETH,exploit,revokecash,malicious spender/exploit,Arcadia Finance Hack,2025-07-15
0x3c2bd6158158153687f3721375a6982549649905,ETH,exploit,revokecash,malicious spender/exploit,Arcadia Finance Hack,2025-07-15
0x36eeccb0913fa825abb75aeea1407563b2009c6b,ETH,exploit,revokecash,malicious spender/exploit,Arcadia Finance Hack,2025-07-15
0x5be88af96bcc25b22c33a3513dddaad1163a5b42,ETH,exploit,revokecash,malicious spender/exploit,Arcadia Finance Hack,2025-07-15
0x865f432d2cdccd27fcfba42b1e0fd120058b87b5,ETH,exploit,revokecash,malicious spender/exploit,Arcadia Finance Hack,2025-07-15
0x4717e257e342f79665c46634ad683883cd90d74b,ETH,exploit,revokecash,malicious spender/exploit,Arcadia Finance Hack,2025-07-15
0xa08c6d25260fbdb3b9f072a6d75d2c5827abb5d0,ETH,exploit,revokecash,malicious spender/exploit,Arcadia Finance Hack,2025-07-15
0xcbcb2d03470925e06c65c3405451b30f7992446a,ETH,exploit,revokecash,malicious spender/exploit,Arcadia Finance Hack,2025-07-15
0xc93e9f56a65c1f9f3ab325efd0c0d0fb84debc3c,ETH,exploit,revokecash,malicious spender/exploit,Arcadia Finance Hack,2025-07-15
0xd6eb117932e5b2c8bdd8d5ad3ab78630aaac4a22,ETH,exploit,revokecash,malicious spender/exploit,Arcadia Finance Hack,2025-07-15
0xde37c2bcda9eed451460089ac5f47b6ed74a7587,ETH,exploit,revokecash,malicious spender/exploit,Arcadia Finance Hack,2025-07-15
0x891ea291689ddde3815612811c622344d02c33c2,ETH,exploit,revokecash,malicious spender/exploit,Arcadia Finance Hack,2025-07-15
0x1fbe32c4a2257cc2ef8046895234edf0e4d000d8,ETH,exploit,revokecash,malicious spender/exploit,Arcadia Finance Hack,2025-07-15
0x9c5f38ee52c9372e2acaa5adbd612eb00ab4e4d6,ETH,exploit,revokecash,malicious spender/exploit,Arcadia Finance Hack,2025-07-15
0x316b530c681829e81a18796c753719ae7b175e55,ETH,exploit,revokecash,malicious spender/exploit,Arcadia Finance Hack,2025-07-15
0x8cab664de156feaebec205ddc2933312a191f895,ETH,exploit,revokecash,malicious spender/exploit,Arcadia Finance Hack,2025-07-15
0x31fb328cd12784dcf9a1b77cdd714f7f0138754e,ETH,exploit,revokecash,malicious spender/exploit,Arcadia Finance Hack,2025-07-15
0xb3b8248f52d1eccd58e7c7377808aface8f85e78,ETH,exploit,revokecash,malicious spender/exploit,Arcadia Finance Hack,2025-07-15
0x82b42a95b5f89380bb66598dc5d5a96f1970b441,ETH,exploit,revokecash,malicious spender/exploit,Arcadia Finance Hack,2025-07-15
0x021bc38d8f7aab46e80c6d635bd9a81c2b6f57e0,ETH,exploit,revokecash,malicious spender/exploit,Arcadia Finance Hack,2025-07-15
0xb7168ffe5f291abbdbdf8799d0d243e9027e49af,ETH,exploit,revokecash,malicious spender/exploit,Arcadia Finance Hack,2025-07-15
0xe6fa04800c81eaecd075d37dfc684dd8f229eb3f,ETH,exploit,revokecash,malicious spender/exploit,Arcadia Finance Hack,2025-07-15
0x06e04450c115ccf7e8acd11e137c55157657736d,ETH,exploit,revokecash,malicious spender/exploit,Arcadia Finance Hack,2025-07-15
0x60b0e60e641d5f93770d915266125618cda1d024,ETH,exploit,revokecash,malicious spender/exploit,Arcadia Finance Hack,2025-07-15
0x77e2c3afa6c11b2b2a31ba6b322241f5a24c58b5,ETH,exploit,revokecash,malicious spender/exploit,Arcadia Finance Hack,2025-07-15
0x0b60eb2516cc0bd1ea3946e2cb5ea9aeb33b5b94,ETH,exploit,revokecash,malicious spender/exploit,Arcadia Finance Hack,2025-07-15
0x92e8ce1753e9bc92a418b56f33c47eb5d02fbe9e,ETH,exploit,revokecash,malicious spender/exploit,Arcadia Finance Hack,2025-07-15
0x9662b3bf144b4d6abaf58d0627e9f8ecf1b662bd,ETH,exploit,revokecash,malicious spender/exploit,Arcadia Finance Hack,2025-07-15
0x7f420e66902742c8fd08b3896f42b664965f0776,ETH,exploit,revokecash,malicious spender/exploit,Arcadia Finance Hack,2025-07-15
0xa07c94bba463f860bc86006a38fd2f9b7600b390,ETH,exploit,revokecash,malicious spender/exploit,Arcadia Finance Hack,2025-07-15
0x2ba8d1c460c37286357b7f511adfdf8a23df5ae7,ETH,exploit,revokecash,malicious spender/exploit,Arcadia Finance Hack,2025-07-15
0x7406c4e9443e211d030961e7801b04b13e30cd1a,ETH,exploit,revokecash,malicious spender/exploit,Arcadia Finance Hack,2025-07-15
0x5c4db2c1dc3402cc87edbde80e5992b026ddeb58,ETH,exploit,revokecash,malicious spender/exploit,Arcadia Finance Hack,2025-07-15
0x5a5af0577d95066e5f5db2296b2ad0518e5d1bee,ETH,exploit,revokecash,malicious spender/exploit,Arcadia Finance Hack,2025-07-15
0x38fbcbdc3cc78f2981ee447b0dd0ce04d2f9f15f,ETH,exploit,revokecash,malicious spender/exploit,Arcadia Finance Hack,2025-07-15
0xfd72ddf75b34ba8551d73e04c091a846d307ad64,ETH,exploit,revokecash,malicious spender/exploit,Arcadia Finance Hack,2025-07-15
0xa33e48352d4000c37e186e28376eea4ad74b858a,ETH,exploit,revokecash,malicious spender/exploit,Arcadia Finance Hack,2025-07-15
0xde987dd5c4c49716ec2da60c6fc73a7aa47b0998,ETH,exploit,revokecash,malicious spender/exploit,Arcadia Finance Hack,2025-07-15
0xf57fc54a1500ee957f36727331f155890791bbee,ETH,exploit,revokecash,malicious spender/exploit,Arcadia Finance Hack,2025-07-15
0xacb0cd439b31075346f61a216a7205f135e897b2,ETH,exploit,revokecash,malicious spender/exploit,Arcadia Finance Hack,2025-07-15
0x5b00ae070affa992f5c5f44d6c10c9d6086458d0,ETH,exploit,revokecash,malicious spender/exploit,Arcadia Finance Hack,2025-07-15
0xb844cfad27ab9ed56bf6a47bfb764909cdbf1d62,ETH,exploit,revokecash,malicious spender/exploit,Arcadia Finance Hack,2025-07-15
0x0c824a2d56d35bf037c618bda0db60d1e8a1eaf7,ETH,exploit,revokecash,malicious spender/exploit,Arcadia Finance Hack,2025-07-15
0x7f9a5388c4e3376dbe4eacd4a00646068586afb4,ETH,exploit,revokecash,malicious spender/exploit,Arcadia Finance Hack,2025-07-15
0x58c5b774bc19f961419d1a3ad3c45519896f336e,ETH,exploit,revokecash,malicious spender/exploit,Arcadia Finance Hack,2025-07-15
0xd72e0b50111e21f18797645cf4036f0aa429bab2,ETH,exploit,revokecash,malicious spender/exploit,Arcadia Finance Hack,2025-07-15
0x1630800b419d25454e8e86ccc8ae9d68056e064a,ETH,exploit,revokecash,malicious spender/exploit,Arcadia Finance Hack,2025-07-15
0x6acd4a61342a969ff3d880c2596a7c450bb3c3c6,ETH,exploit,revokecash,malicious spender/exploit,Arcadia Finance Hack,2025-07-15
0xb8746fe9d834a06b3cd88b5f8373ed362544a9b8,ETH,exploit,revokecash,malicious spender/exploit,Arcadia Finance Hack,2025-07-15
0x0fdee8d22bae23bc8b67cd0579e42d935ca5a6c4,ETH,exploit,revokecash,malicious spender/exploit,Arcadia Finance Hack,2025-07-15
0x14ea7890ba28e0536476a53dd3220ab51a74f476,ETH,exploit,revokecash,malicious spender/exploit,Arcadia Finance Hack,2025-07-15
0x1df69c09e0aa0fb547d3049ec806466f4484e281,ETH,exploit,revokecash,malicious spender/exploit,Arcadia Finance Hack,2025-07-15
0xca5bd59f812762dedad265515a91a89efdccf9ce,ETH,exploit,revokecash,malicious spender/exploit,Arcadia Finance Hack,2025-07-15
0x8a43702f555b8f447fe1c385a5e55f9927940c00,ETH,exploit,revokecash,malicious spender/exploit,Arcadia Finance Hack,2025-07-15
0x78ba0d8610f1772ddeb5fd75c09c916fb68a5b0b,ETH,exploit,revokecash,malicious spender/exploit,Arcadia Finance Hack,2025-07-15
0x6010575baf91a53d85c3144c6d66191a3b20ef85,ETH,exploit,revokecash,malicious spender/exploit,Arcadia Finance Hack,2025-07-15
0x71a5bb3a32308f2732162c4d35a4b0ac550852e4,ETH,exploit,revokecash,malicious spender/exploit,Arcadia Finance Hack,2025-07-15
0xf88d79aaba381de81902eb602770abe33c73f260,ETH,exploit,revokecash,malicious spender/exploit,Arcadia Finance Hack,2025-07-15
0xc428044b8e9a3f7027dd6dee60c4642a82e48c15,ETH,exploit,revokecash,malicious spender/exploit,Arcadia Finance Hack,2025-07-15
0x018dc4b96d75a00cb61604240473afc8b8a8bd0f,ETH,exploit,revokecash,malicious spender/exploit,Arcadia Finance Hack,2025-07-15
0x1fe7626e7e746dc6fa70ef0f224758788d3ff675,ETH,exploit,revokecash,malicious spender/exploit,Arcadia Finance Hack,2025-07-15
0x9bf86aec0a9d180b2d6afcad1c53dd841bae0332,ETH,exploit,revokecash,malicious spender/exploit,Arcadia Finance Hack,2025-07-15
0x541ab7ea6b1eff72188302fe9c7c1d86a3b63614,ETH,exploit,revokecash,malicious spender/exploit,Arcadia Finance Hack,2025-07-15
0x1b5a9e96cb61303a1bdf54c45096b03d6e28b6cf,ETH,exploit,revokecash,malicious spender/exploit,Arcadia Finance Hack,2025-07-15
0x58369a04ddede980978162e757dd99226d365081,ETH,exploit,revokecash,malicious spender/exploit,Arcadia Finance Hack,2025-07-15
0x16dabbb8352a63f28bb9fada08b70b2cbd7c3cbd,ETH,exploit,revokecash,malicious spender/exploit,Arcadia Finance Hack,2025-07-15
0xbefc6608f5664eb6016a8928ed5f7cee018ba3db,ETH,exploit,revokecash,malicious spender/exploit,Arcadia Finance Hack,2025-07-15
0xe3a8580b061b7babbe748372a050a56cbea5e0a6,ETH,exploit,revokecash,malicious spender/exploit,Arcadia Finance Hack,2025-07-15
0xbd580594b585228bd60ade28dee4e47208d985f5,ETH,exploit,revokecash,malicious spender/exploit,Arcadia Finance Hack,2025-07-15
0x45f48f0f3ed88233a5ad74b6b47f2fd2abe74541,ETH,exploit,revokecash,malicious spender/exploit,Arcadia Finance Hack,2025-07-15
0xbf7b9bcb8bd71a76a6d6619c22fe789ef1763b13,ETH,exploit,revokecash,malicious spender/exploit,Arcadia Finance Hack,2025-07-15
0x74d36f61e7c9afc996142fef4252af66d88e1324,ETH,exploit,revokecash,malicious spender/exploit,Arcadia Finance Hack,2025-07-15
0x821966ce600a1290ae57016f6643f4f976749b3c,ETH,exploit,revokecash,malicious spender/exploit,Arcadia Finance Hack,2025-07-15
0xa31521746ae15e9583ef44c4e7a602efb50d4424,ETH,exploit,revokecash,malicious spender/exploit,Arcadia Finance Hack,2025-07-15
0xda95c8ed5723439f28700fdc5540cc99afe4853a,ETH,exploit,revokecash,malicious spender/exploit,Arcadia Finance Hack,2025-07-15
0xdd350c3e7c50483b27409b0ae2b1e8c0130b27f9,ETH,exploit,revokecash,malicious spender/exploit,Arcadia Finance Hack,2025-07-15
0x3ce26bc4fd10c08a711f9f4a9c741eb51bcb8ea1,ETH,exploit,revokecash,malicious spender/exploit,Arcadia Finance Hack,2025-07-15
0xd63c02e15bd43f7d75011895e42be6d3770a30b1,ETH,exploit,revokecash,malicious spender/exploit,Arcadia Finance Hack,2025-07-15
0x281dc81179d48b0a60878a0dbef01b4374288d1c,ETH,exploit,revokecash,malicious spender/exploit,Arcadia Finance Hack,2025-07-15
0xd86c3d457e69a4dedb073664ae1edbae18270acd,ETH,exploit,revokecash,malicious spender/exploit,Arcadia Finance Hack,2025-07-15
0xc19916bf10653e45561f1a9d032c80d00cb40fc9,ETH,exploit,revokecash,malicious spender/exploit,Arcadia Finance Hack,2025-07-15
0x4fd7bf59f94459e031385d687eba1220c52f8f1b,ETH,exploit,revokecash,malicious spender/exploit,Arcadia Finance Hack,2025-07-15
0xc47063570cc916d9397e6b3cb89f691d5775a14e,ETH,exploit,revokecash,malicious spender/exploit,Arcadia Finance Hack,2025-07-15
0xc67c08b1e3b91797b1ab3584424704e055c4c5ee,ETH,exploit,revokecash,malicious spender/exploit,Arcadia Finance Hack,2025-07-15
0x3fe6215c4dad62d89ac89ba65973ead5de6f05e0,ETH,exploit,revokecash,malicious spender/exploit,Arcadia Finance Hack,2025-07-15
0x5abdf94208b96f85fb8cf178d2d27db6cbc24adb,ETH,exploit,revokecash,malicious spender/exploit,Arcadia Finance Hack,2025-07-15
0x2555b101457415034a8fdc8fb7583f6246abcfa0,ETH,exploit,revokecash,malicious spender/exploit,Arcadia Finance Hack,2025-07-15
0x87a4c66e980f21cd0c20396543ed4bada6ad7b6f,ETH,exploit,revokecash,malicious spender/exploit,Arcadia Finance Hack,2025-07-15
0x1964b587ed3b2fbd25c1221405f17793b22c2517,ETH,exploit,revokecash,malicious spender/exploit,Arcadia Finance Hack,2025-07-15
0x1601ef368ba932df9c99e985c2c341518185ae78,ETH,exploit,revokecash,malicious spender/exploit,Arcadia Finance Hack,2025-07-15
0x63208e3954da398ea8e1361fbd73f8e810f4da78,ETH,exploit,revokecash,malicious spender/exploit,Arcadia Finance Hack,2025-07-15
0x8edf6168c0b0795526db43e1363a30b53b7dd9e1,ETH,exploit,revokecash,malicious spender/exploit,Arcadia Finance Hack,2025-07-15
0x70c93d7f9a75700dc0b6d1cbd2539d6677b19a36,ETH,exploit,revokecash,malicious spender/exploit,Arcadia Finance Hack,2025-07-15
0x3296bb109a6a6e531c4a086995377eade25739a4,ETH,exploit,revokecash,malicious spender/exploit,Arcadia Finance Hack,2025-07-15
0x0386e62d8b172459b6c800f2e5b2da224ca7609a,ETH,exploit,revokecash,malicious spender/exploit,Arcadia Finance Hack,2025-07-15
0xadf5f64122a38986d7b10c47ea833b007f9c24bc,ETH,exploit,revokecash,malicious spender/exploit,Arcadia Finance Hack,2025-07-15
0xf37b9059281ec53d4ea3ece275a84c84a2bb12c0,ETH,exploit,revokecash,malicious spender/exploit,Arcadia Finance Hack,2025-07-15
0x66d2e3eda2b285646d024ef366f5d78c20642f75,ETH,exploit,revokecash,malicious spender/exploit,Arcadia Finance Hack,2025-07-15
0x514a3e4971e6b46e302bc1f2bc422566178cd49e,ETH,exploit,revokecash,malicious spender/exploit,Arcadia Finance Hack,2025-07-15
0x5e1ba7bb514f0a38111b1587c8b36c9c84b28561,ETH,exploit,revokecash,malicious spender/exploit,Arcadia Finance Hack,2025-07-15
0xac7ee7ea58607187d66ff76ef13c217757dbbc08,ETH,exploit,revokecash,malicious spender/exploit,Arcadia Finance Hack,2025-07-15
0x4de4d3488dd24352683cb342b056f87de780867c,ETH,exploit,revokecash,malicious spender/exploit,Arcadia Finance Hack,2025-07-15
0x96c45717d62648624acfcfdda364a020785aa57f,ETH,exploit,revokecash,malicious spender/exploit,Arcadia Finance Hack,2025-07-15
0xc7dc87cc1c81b68feeb3327e3ec1643649ade4b8,ETH,exploit,revokecash,malicious spender/exploit,Arcadia Finance Hack,2025-07-15
0x77d11870e4dc53f2d0726f0ae11186c0d03b3c9b,ETH,exploit,revokecash,malicious spender/exploit,Arcadia Finance Hack,2025-07-15
0x41237236e122c09b8c11d265c74883ba8de6d743,ETH,exploit,revokecash,malicious spender/exploit,Arcadia Finance Hack,2025-07-15
0xc833156f203379596476ab112405d264f92b61d2,ETH,exploit,revokecash,malicious spender/exploit,Arcadia Finance Hack,2025-07-15
0xa062a10de758c96824e843765146c1a6136cd4bc,ETH,exploit,revokecash,malicious spender/exploit,Arcadia Finance Hack,2025-07-15
0x788b4e20ce838f0e03cf93913714888251eb18cc,ETH,exploit,revokecash,malicious spender/exploit,Arcadia Finance Hack,2025-07-15
0x90b3182cdc95e16a1464620c2992d27289106605,ETH,exploit,revokecash,malicious spender/exploit,Arcadia Finance Hack,2025-07-15
0x9a58d53674c78b1cfbeb646c2db6652061707bd5,ETH,exploit,revokecash,malicious spender/exploit,Arcadia Finance Hack,2025-07-15
0xb77077f77e8fc28f9e1d0ef8de90fe4a3e439b59,ETH,exploit,revokecash,malicious spender/exploit,Arcadia Finance Hack,2025-07-15
0x725b0a68757c896ec22f3cd11559c35990dc2131,ETH,exploit,revokecash,malicious spender/exploit,Arcadia Finance Hack,2025-07-15
0xa076fe2c30aef220032d51178978872e52c84dc5,ETH,exploit,revokecash,malicious spender/exploit,Arcadia Finance Hack,2025-07-15
0xa95722eb13b48ef43302fa8dae26338120574ea1,ETH,exploit,revokecash,malicious spender/exploit,Arcadia Finance Hack,2025-07-15
0xc56fcd0108d3fb693fcc1b1c1463a9888a9ee741,ETH,exploit,revokecash,malicious spender/exploit,Arcadia Finance Hack,2025-07-15
0x08acdd21f77a10829dad215b71886da9df164a3e,ETH,exploit,revokecash,malicious spender/exploit,Arcadia Finance Hack,2025-07-15
0xa9461a694aeda3660b128473c65a78b67eedcde1,ETH,exploit,revokecash,malicious spender/exploit,Arcadia Finance Hack,2025-07-15
0x9ca9f9ca8997fa5d556fad50acd43088a1ebce35,ETH,exploit,revokecash,malicious spender/exploit,Arcadia Finance Hack,2025-07-15
0x0d445d418bfac5a5542cbf69a82600dbd4d27ee9,ETH,exploit,revokecash,malicious spender/exploit,Arcadia Finance Hack,2025-07-15
0x6aaa3b0ac575c07ce043515dd77289493faaed9a,ETH,exploit,revokecash,malicious spender/exploit,Arcadia Finance Hack,2025-07-15
0x553ac9cbf1a9e64fc3f5345a94597efccdfe6ca5,ETH,exploit,revokecash,malicious spender/exploit,Arcadia Finance Hack,2025-07-15
0x8db275fb8e7cfb07f5e9aabdf8c84caa976ae560,ETH,exploit,revokecash,malicious spender/exploit,Arcadia Finance Hack,2025-07-15
0xdc68292e3cb45ab144f0c0357962c947b9dc4fbe,ETH,exploit,revokecash,malicious spender/exploit,Arcadia Finance Hack,2025-07-15
0x2e3a8ecaef05ca2612011b7934dca094265f7da9,ETH,exploit,revokecash,malicious spender/exploit,Arcadia Finance Hack,2025-07-15
0xdce7e74d2ea60e4ab511c6c34269623c4f9d023b,ETH,exploit,revokecash,malicious spender/exploit,Arcadia Finance Hack,2025-07-15
0xcd0037f27276a25bdd90e60a64e61b0c8ef7679e,ETH,exploit,revokecash,malicious spender/exploit,Arcadia Finance Hack,2025-07-15
0xf18262526968d6990479343d4641626ae5a1f04a,ETH,exploit,revokecash,malicious spender/exploit,Arcadia Finance Hack,2025-07-15
0xdfb72d436c5e8fe29dbb85a128523dfe127da3a4,ETH,exploit,revokecash,malicious spender/exploit,Arcadia Finance Hack,2025-07-15
0x64ae2bb467e41f41480671af0ec0ea6f9dff82af,ETH,exploit,revokecash,malicious spender/exploit,Arcadia Finance Hack,2025-07-15
0x9e504e98339f7d6724592fa941a04c9fe79d5084,ETH,exploit,revokecash,malicious spender/exploit,Arcadia Finance Hack,2025-07-15
0x31aa79d219661bdbc64c4327563b7549f2b3fa24,ETH,exploit,revokecash,malicious spender/exploit,Arcadia Finance Hack,2025-07-15
0x4c0fb5df7c56fbb938914a7e2afc5b7e43fd6fd5,ETH,exploit,revokecash,malicious spender/exploit,Arcadia Finance Hack,2025-07-15
0x8e9c0dad5651600a70aa5a181c5b641216f48fa1,ETH,exploit,revokecash,malicious spender/exploit,Arcadia Finance Hack,2025-07-15
0xb54287c560094d1e47d2ee16d2507e679aa9c088,ETH,exploit,revokecash,malicious spender/exploit,Arcadia Finance Hack,2025-07-15
0x95818f2256fa2f50304a415bfd1c99236400996c,ETH,exploit,revokecash,malicious spender/exploit,Arcadia Finance Hack,2025-07-15
0x408ad4eef373b3a7276a2aa1afda49197ccb2d8e,ETH,exploit,revokecash,malicious spender/exploit,Arcadia Finance Hack,2025-07-15
0x40232f11668f7e66be40eecf07f7538e43ed816d,ETH,exploit,revokecash,malicious spender/exploit,Arcadia Finance Hack,2025-07-15
0x7a30c850c19d8cee0adb55268e58bfc0c4d0d7e1,ETH,exploit,revokecash,malicious spender/exploit,Arcadia Finance Hack,2025-07-15
0x4cf6d7d66f73665498049aff89cf20dd889f6ed8,ETH,exploit,revokecash,malicious spender/exploit,Arcadia Finance Hack,2025-07-15
0xbea7fdbb6d68aa04739d9db2b73f4e3389084f77,ETH,exploit,revokecash,malicious spender/exploit,Arcadia Finance Hack,2025-07-15
0x5656b9e637e72f7cefdbb7a250dfb022ad3ba286,ETH,exploit,revokecash,malicious spender/exploit,Arcadia Finance Hack,2025-07-15
0x002bda21c0e31684a976cc549bd8ef7c3646194b,ETH,exploit,revokecash,malicious spender/exploit,Arcadia Finance Hack,2025-07-15
0xee7adefd5e1f4a882e616fe8f8b69777f108d6bf,ETH,exploit,revokecash,malicious spender/exploit,Arcadia Finance Hack,2025-07-15
0x03a2b62492e5f6bb6890c3fe145926a6b2f67bad,ETH,exploit,revokecash,malicious spender/exploit,Arcadia Finance Hack,2025-07-15
0xa4fb0b79e28ba141bdcd63eed07b8e90ac44a91b,ETH,exploit,revokecash,malicious spender/exploit,Arcadia Finance Hack,2025-07-15
0x6d1715e4b0ffef8e4b54c353cb1d2429b3205b9a,ETH,exploit,revokecash,malicious spender/exploit,Arcadia Finance Hack,2025-07-15
0x0384aee6943505c975b449369b828d21c38654a2,ETH,exploit,revokecash,malicious spender/exploit,Arcadia Finance Hack,2025-07-15
0x593b356469126134a3e87d30bfcf42f58d7641cc,ETH,exploit,revokecash,malicious spender/exploit,Arcadia Finance Hack,2025-07-15
0xfd09355f34da0d49321c85b19a717ee6ff432297,ETH,exploit,revokecash,malicious spender/exploit,Arcadia Finance Hack,2025-07-15
0xb313d2ac9440bdbee66fe8053baa81b913ef898b,ETH,exploit,revokecash,malicious spender/exploit,Arcadia Finance Hack,2025-07-15
0xc2af360720da1b19fc59c40e37a5c124b025bd51,ETH,exploit,revokecash,malicious spender/exploit,Arcadia Finance Hack,2025-07-15
0x12a06c52068ec793ceb5eeb79cf440f742156450,ETH,exploit,revokecash,malicious spender/exploit,Arcadia Finance Hack,2025-07-15
0xb5ad2fb5986b1d5b8f99c1a4baedd06fbb2803b0,ETH,exploit,revokecash,malicious spender/exploit,Arcadia Finance Hack,2025-07-15
0x8b4626c9952a83c3040fc14c7dbfdd96971f54b0,ETH,exploit,revokecash,malicious spender/exploit,Arcadia Finance Hack,2025-07-15
0xd5f457ba91072f589e71c66d0da9e310fdf2d3a5,ETH,exploit,revokecash,malicious spender/exploit,Arcadia Finance Hack,2025-07-15
0x803350c02c3c7e1a66e34b97696c501b24387980,ETH,exploit,revokecash,malicious spender/exploit,Arcadia Finance Hack,2025-07-15
0xa82b096601b9789460fba8584d0fee164d636edf,ETH,exploit,revokecash,malicious spender/exploit,Arcadia Finance Hack,2025-07-15
0xe47b3a156d92a74d3c9915fd540e1bfb9cdee49b,ETH,exploit,revokecash,malicious spender/exploit,Arcadia Finance Hack,2025-07-15
0x4b9468ee45712160ee88b9fed5a9131f2b01b685,ETH,exploit,revokecash,malicious spender/exploit,Arcadia Finance Hack,2025-07-15
0xb4557ac78a237af9f503fc2f2091d6a9e4d12283,ETH,exploit,revokecash,malicious spender/exploit,Arcadia Finance Hack,2025-07-15
0x41de1b38cc37580dbf8f22e3c53e9ffc36e7cafe,ETH,exploit,revokecash,malicious spender/exploit,Arcadia Finance Hack,2025-07-15
0x10c59aa60528a28f210c067611c5ca178f780e5e,ETH,exploit,revokecash,malicious spender/exploit,Arcadia Finance Hack,2025-07-15
0xaddac0c9d022710aa052014640cf1ac5b1f04d54,ETH,exploit,revokecash,malicious spender/exploit,Arcadia Finance Hack,2025-07-15
0xe5392828f5c6919c5ad5e41d815d488447f1c112,ETH,exploit,revokecash,malicious spender/exploit,Arcadia Finance Hack,2025-07-15
0xbc87e6a9d358b2336c0fc95a790d6f00ba0e3262,ETH,exploit,revokecash,malicious spender/exploit,Arcadia Finance Hack,2025-07-15
0xbba7e86296cabf5d3da6b66f95c5bee9b2fc2cb9,ETH,exploit,revokecash,malicious spender/exploit,Arcadia Finance Hack,2025-07-15
0x6865d546a097771e0443c617a848c23e59e7152f,ETH,exploit,revokecash,malicious spender/exploit,Arcadia Finance Hack,2025-07-15
0x48b9045c2dea081edd698a56881e4f680315ae0c,ETH,exploit,revokecash,malicious spender/exploit,Arcadia Finance Hack,2025-07-15
0xe63ffd214950629c07598849547f70ea02dbfc6e,ETH,exploit,revokecash,malicious spender/exploit,Arcadia Finance Hack,2025-07-15
0x60ff37eaa38be38e9d6083cb31f5f22401110c7f,ETH,exploit,revokecash,malicious spender/exploit,Arcadia Finance Hack,2025-07-15
0x32e2e0f4c8185bd613b3b986795dd2cf5282d70e,ETH,exploit,revokecash,malicious spender/exploit,Arcadia Finance Hack,2025-07-15
0x767b09ab1e46a84322578067e63ab4b28147015f,ETH,exploit,revokecash,malicious spender/exploit,Arcadia Finance Hack,2025-07-15
0x8f6b06664e5b92d66648ca0dfde16e5a3e3e6cf6,ETH,exploit,revokecash,malicious spender/exploit,Arcadia Finance Hack,2025-07-15
0x4f0547a83503a825c3a0813bc88814607d6d5800,ETH,exploit,revokecash,malicious spender/exploit,Arcadia Finance Hack,2025-07-15
0x1de7fd4d55836b8eb13364ea51da533cb8265bb0,ETH,exploit,revokecash,malicious spender/exploit,Arcadia Finance Hack,2025-07-15
0x519e204a1ca7395ce3db9e5f3b7090a4b9382d99,ETH,exploit,revokecash,malicious spender/exploit,Arcadia Finance Hack,2025-07-15
0x90b4ed1d29a3b53a73fdd9b4794dc054b003a011,ETH,exploit,revokecash,malicious spender/exploit,Arcadia Finance Hack,2025-07-15
0x2eb525d8d09bddaab8dda23c50af2803af0bac80,ETH,exploit,revokecash,malicious spender/exploit,Arcadia Finance Hack,2025-07-15
0xbf1302ec5c9864c8dd0f4e5a5aba0512299c32a0,ETH,exploit,revokecash,malicious spender/exploit,Arcadia Finance Hack,2025-07-15
0x9baf49539192b0bb2ec5cdf7fcadef6ebd8392f4,ETH,exploit,revokecash,malicious spender/exploit,Arcadia Finance Hack,2025-07-15
0x7d11f4c55ecc19d31f5bb91f8b53f4ba4910f921,ETH,exploit,revokecash,malicious spender/exploit,Arcadia Finance Hack,2025-07-15
0x296f7bac59d7bb8feb0155c02b16d048ff8edfbf,ETH,exploit,revokecash,malicious spender/exploit,Arcadia Finance Hack,2025-07-15
0xfe97b133813b2f8dc13c15917d8684ddcf41ef29,ETH,exploit,revokecash,malicious spender/exploit,Arcadia Finance Hack,2025-07-15
0xd81151baa5d6f085cea45754bba54c68ee6042b6,ETH,exploit,revokecash,malicious spender/exploit,Arcadia Finance Hack,2025-07-15
0x3580a9c3f8bc56423add15cbeb2afb090a53903a,ETH,exploit,revokecash,malicious spender/exploit,Arcadia Finance Hack,2025-07-15
0x05c197a49e4a9d70b9eb24ca3ec9761799239cde,ETH,exploit,revokecash,malicious spender/exploit,Arcadia Finance Hack,2025-07-15
0x15ee92881feebeba1dcf9baadc91cbc6460b63ac,ETH,exploit,revokecash,malicious spender/exploit,Arcadia Finance Hack,2025-07-15
0x8636d97fa126aaaa2196294a21c8c0faf82d9ade,ETH,exploit,revokecash,malicious spender/exploit,Arcadia Finance Hack,2025-07-15
0x216d52e8c0f7ccba90cf047f4587c02fab9dfa39,ETH,exploit,revokecash,malicious spender/exploit,Arcadia Finance Hack,2025-07-15
0x362ad4bc9b639a183c094989bc38d3e7ae50edcf,ETH,exploit,revokecash,malicious spender/exploit,Arcadia Finance Hack,2025-07-15
0xc28aac0e23eb8346e11dc11b5d2ae63084a0d053,ETH,exploit,revokecash,malicious spender/exploit,Arcadia Finance Hack,2025-07-15
0x9c10876a602df4d966835dcecd93b38ef6d155bb,ETH,exploit,revokecash,malicious spender/exploit,Arcadia Finance Hack,2025-07-15
0x6e6b2ec9ec6906fcd790993d26b0100f9d4c9934,ETH,exploit,revokecash,malicious spender/exploit,Arcadia Finance Hack,2025-07-15
0x0e24e57baaa66db9731bb3533e790a02fdfa136b,ETH,exploit,revokecash,malicious spender/exploit,Arcadia Finance Hack,2025-07-15
0xf72627c013df5b7f892f291d821dd4ba2eccd462,ETH,exploit,revokecash,malicious spender/exploit,Arcadia Finance Hack,2025-07-15
0x4227ffe1ab87fd4cc050253ca01a2f084447d44e,ETH,exploit,revokecash,malicious spender/exploit,Arcadia Finance Hack,2025-07-15
0x36ecef2439bcc67eede207b37798b5dc3d2f345d,ETH,exploit,revokecash,malicious spender/exploit,Arcadia Finance Hack,2025-07-15
0x8bcd46453f1edcfc329e6035934a120ae238a7d7,ETH,exploit,revokecash,malicious spender/exploit,Arcadia Finance Hack,2025-07-15
0x4ea3b19271c6d3c91f0488882e943d0622361086,ETH,exploit,revokecash,malicious spender/exploit,Arcadia Finance Hack,2025-07-15
0x05191d5389b5eb34bc038b97ec2dfaaa5eed7a7d,ETH,exploit,revokecash,malicious spender/exploit,Arcadia Finance Hack,2025-07-15
0xcf3bc652aa3f29b3e980e3b685cdddb354024f0d,ETH,exploit,revokecash,malicious spender/exploit,Arcadia Finance Hack,2025-07-15
0xcf1f7676a88cf8b67214f3cbedc5a0d88f7c999d,ETH,exploit,revokecash,malicious spender/exploit,Arcadia Finance Hack,2025-07-15
0xe8f5c03bb127f47e3ac852df714eadd5700de174,ETH,exploit,revokecash,malicious spender/exploit,Arcadia Finance Hack,2025-07-15
0xb0f38b6e2b65452266150c3d0186aef8582ca019,ETH,exploit,revokecash,malicious spender/exploit,Arcadia Finance Hack,2025-07-15
0x51ffc20c924dfa1396e3c045107d82964a56f9e0,ETH,exploit,revokecash,malicious spender/exploit,Arcadia Finance Hack,2025-07-15
0x131280d2d6f6bb69e7ab7d3ed29bdbe5151424cb,ETH,exploit,revokecash,malicious spender/exploit,Arcadia Finance Hack,2025-07-15
0x28cb2b8fc5831085522de796217c1f6f1cafce2f,ETH,exploit,revokecash,malicious spender/exploit,Arcadia Finance Hack,2025-07-15
0x56a92fd8842fdb7de9b57adc3c2412ed40740f8a,ETH,exploit,revokecash,malicious spender/exploit,Arcadia Finance Hack,2025-07-15
0x4224194df38dd4bfc9c9262a0d792aff26ffe2f8,ETH,exploit,revokecash,malicious spender/exploit,Arcadia Finance Hack,2025-07-15
0xb3993200e383e16cc2604a63ffd61770ef9d56c0,ETH,exploit,revokecash,malicious spender/exploit,Arcadia Finance Hack,2025-07-15
0x522129e542c3191f80ae423dc8b0eb2255f4b619,ETH,exploit,revokecash,malicious spender/exploit,Arcadia Finance Hack,2025-07-15
0xc5702265786d1eb1a743dcc89ccd03ffcc737ba3,ETH,exploit,revokecash,malicious spender/exploit,Arcadia Finance Hack,2025-07-15
0x415eb7abc19536798d45afdc0ebd8c40310a7010,ETH,exploit,revokecash,malicious spender/exploit,Arcadia Finance Hack,2025-07-15
0xea67eb9997ad4e2bda39d17c1dd94dafbe081dff,ETH,exploit,revokecash,malicious spender/exploit,Arcadia Finance Hack,2025-07-15
0xd28bda430b0719fa36d3b141e7e324cf5d4f2a8d,ETH,exploit,revokecash,malicious spender/exploit,Arcadia Finance Hack,2025-07-15
0x9f4f5a9a39688a14ea38af910610850d5032a2bd,ETH,exploit,revokecash,malicious spender/exploit,Arcadia Finance Hack,2025-07-15
0x713f0119543b7f0b0de1fba18a48efcdadf0ba42,ETH,exploit,revokecash,malicious spender/exploit,Arcadia Finance Hack,2025-07-15
0xafcaca7432659e4a205e551ac1a01599c4abad71,ETH,exploit,revokecash,malicious spender/exploit,Arcadia Finance Hack,2025-07-15
0x5ca4792d5a78d46f90bf8463a57cdae3982482d5,ETH,exploit,revokecash,malicious spender/exploit,Arcadia Finance Hack,2025-07-15
0xb766abcd68228a5fdc861023c96e8c3f492e3a19,ETH,exploit,revokecash,malicious spender/exploit,Arcadia Finance Hack,2025-07-15
0x7c3946084d4365354a419011d277bda78832e5b1,ETH,exploit,revokecash,malicious spender/exploit,Arcadia Finance Hack,2025-07-15
0x3b9a9bacdaf99dbd0fcee564000807d5df2b7fea,ETH,exploit,revokecash,malicious spender/exploit,Arcadia Finance Hack,2025-07-15
0xaf75bce248d3cc6332e4e4709123485680f63575,ETH,exploit,revokecash,malicious spender/exploit,Arcadia Finance Hack,2025-07-15
0x89578b3457d0e3af75338a2d3a143234f7882c96,ETH,exploit,revokecash,malicious spender/exploit,Arcadia Finance Hack,2025-07-15
0x3a58ce5f1eb66f4428fbe1817d729d1a68974016,ETH,exploit,revokecash,malicious spender/exploit,Arcadia Finance Hack,2025-07-15
0x59a5d0dd7f61151b944ea3ce539ccee0b51ece87,ETH,exploit,revokecash,malicious spender/exploit,Arcadia Finance Hack,2025-07-15
0xe6734419cec6bb40368bf3c519af681aa2f22b0f,ETH,exploit,revokecash,malicious spender/exploit,Arcadia Finance Hack,2025-07-15
0x1629ae1c13bbb59c37fdefea9dccdec9782bb820,ETH,exploit,revokecash,malicious spender/exploit,Arcadia Finance Hack,2025-07-15
0xb18c5b84045ca8eb97d0b33d0a1bd251b66c579a,ETH,exploit,revokecash,malicious spender/exploit,Arcadia Finance Hack,2025-07-15
0xe9a50137bc107bfefb32a8113509d7318e6c7e1e,ETH,exploit,revokecash,malicious spender/exploit,Arcadia Finance Hack,2025-07-15
0xd2720df3f6a29e2226f805afe34af77ca2131318,ETH,exploit,revokecash,malicious spender/exploit,Arcadia Finance Hack,2025-07-15
0xee5fe9ba8739938d3bb0b277b924341796b833f5,ETH,exploit,revokecash,malicious spender/exploit,Arcadia Finance Hack,2025-07-15
0x0c18640ffeed610fae41ce30f26aee578c885760,ETH,exploit,revokecash,malicious spender/exploit,Arcadia Finance Hack,2025-07-15
0x7eda801db3ef9f1e3124700e26e5030a048147d0,ETH,exploit,revokecash,malicious spender/exploit,Arcadia Finance Hack,2025-07-15
0xfc00942062e5707737f909ed6f08db799ec57de7,ETH,exploit,revokecash,malicious spender/exploit,Arcadia Finance Hack,2025-07-15
0xf165bd118fd2d8feb6593a3f5a8069e2d11e1f0a,ETH,exploit,revokecash,malicious spender/exploit,Arcadia Finance Hack,2025-07-15
0xd36ec94049f1cdbd1d7f4dbedfc7551adea71730,ETH,exploit,revokecash,malicious spender/exploit,Arcadia Finance Hack,2025-07-15
0x9e546a21b43e8de706d3e9215ace765e87b98c30,ETH,exploit,revokecash,malicious spender/exploit,Arcadia Finance Hack,2025-07-15
0x1f2674d3972201bfb92c27aa7ffa9f7615461602,ETH,exploit,revokecash,malicious spender/exploit,Arcadia Finance Hack,2025-07-15
0x43413e2c07766a3127ba00d959882d18e0d9801f,ETH,exploit,revokecash,malicious spender/exploit,Arcadia Finance Hack,2025-07-15
0xc32c85085bf6e7926fa38bb95880ef504215c9d4,ETH,exploit,revokecash,malicious spender/exploit,Arcadia Finance Hack,2025-07-15
0x8576ef81dbce6abbed03cac546a61917106dde4d,ETH,exploit,revokecash,malicious spender/exploit,Arcadia Finance Hack,2025-07-15
0x1fe6266c8ee7f0e1166dc2f512460d02e6117ac7,ETH,exploit,revokecash,malicious spender/exploit,Arcadia Finance Hack,2025-07-15
0x8adc011760ef50bd909e0418d010df8cf3b438fc,ETH,exploit,revokecash,malicious spender/exploit,Arcadia Finance Hack,2025-07-15
0xb908cb54f1dacd8a809ce7741e3492091e594451,ETH,exploit,revokecash,malicious spender/exploit,Arcadia Finance Hack,2025-07-15
0x33771430a3781996ac6c661507bb4b725a983750,ETH,exploit,revokecash,malicious spender/exploit,Arcadia Finance Hack,2025-07-15
0xd356c200b67502e5d36571d440340f25e7ef4f24,ETH,exploit,revokecash,malicious spender/exploit,Arcadia Finance Hack,2025-07-15
0x806af73911a9901df8cbac4b17abbf1d2d5e0b4b,ETH,exploit,revokecash,malicious spender/exploit,Arcadia Finance Hack,2025-07-15
0xd87b6264d0f9174a629d17aacd40269848d6b47f,ETH,exploit,revokecash,malicious spender/exploit,Arcadia Finance Hack,2025-07-15
0x96c4a090e1698d0de49e86d879e7e65447811af4,ETH,exploit,revokecash,malicious spender/exploit,Arcadia Finance Hack,2025-07-15
0x3f5bb3f14488b72a12fa87603e002765413604a3,ETH,exploit,revokecash,malicious spender/exploit,Arcadia Finance Hack,2025-07-15
0xb17f72dab142b744549741c3380a0ed038bc08a7,ETH,exploit,revokecash,malicious spender/exploit,Arcadia Finance Hack,2025-07-15
0x0cc6aa37db605b054dbe667a89c6cb85a960b5d7,ETH,exploit,revokecash,malicious spender/exploit,Arcadia Finance Hack,2025-07-15
0x9c9b036a45ba5cafa68f6fbd120236c7fb97e79c,ETH,exploit,revokecash,malicious spender/exploit,Arcadia Finance Hack,2025-07-15
0x34f0d8dea066bdc3dcba3470423a8d06f1b80357,ETH,exploit,revokecash,malicious spender/exploit,Arcadia Finance Hack,2025-07-15
0x329ca844cef39615a0467fb6f77ebe5a61480660,ETH,exploit,revokecash,malicious spender/exploit,Arcadia Finance Hack,2025-07-15
0x3ebdc50d4482c579fbb33f6f89bb4bc8e0a397d2,ETH,exploit,revokecash,malicious spender/exploit,Arcadia Finance Hack,2025-07-15
0x6bfa0e604daee98f42ff974f04e751e456a166ea,ETH,exploit,revokecash,malicious spender/exploit,Arcadia Finance Hack,2025-07-15
0xb9ae487255eb7b6a873f4102f359d7dc73540a1f,ETH,exploit,revokecash,malicious spender/exploit,Arcadia Finance Hack,2025-07-15
0x90ddf07a049d75d043f0ce932a0d061d79ea6e54,ETH,exploit,revokecash,malicious spender/exploit,Arcadia Finance Hack,2025-07-15
0x2be715dd77cb5e75f21a118332600dddddc34362,ETH,exploit,revokecash,malicious spender/exploit,Arcadia Finance Hack,2025-07-15
0xdad0126f0596b01c43810d81c2f0bd9a07e431f5,ETH,exploit,revokecash,malicious spender/exploit,Arcadia Finance Hack,2025-07-15
0xfe85d6de7ad7a3a4b5119a0aa1a12bea8b812541,ETH,exploit,revokecash,malicious spender/exploit,Arcadia Finance Hack,2025-07-15
0xaedee08e647288e04de9329a891cce55384c921b,ETH,exploit,revokecash,malicious spender/exploit,Arcadia Finance Hack,2025-07-15
0x3c894c45403953f00c04176a26977f534c642311,ETH,exploit,revokecash,malicious spender/exploit,Arcadia Finance Hack,2025-07-15
0x8bac2eaf1421341e57e1b3b9f54c201891899cad,ETH,exploit,revokecash,malicious spender/exploit,Arcadia Finance Hack,2025-07-15
0x475232fd640aa4e3ad7644a1c972ec3ce07c89b3,ETH,exploit,revokecash,malicious spender/exploit,Arcadia Finance Hack,2025-07-15
0x21d032a110622120eb6a72defca30fd92b96ca56,ETH,exploit,revokecash,malicious spender/exploit,Arcadia Finance Hack,2025-07-15
0x349c2035764f72122fb18df0b48f425a68d8f798,ETH,exploit,revokecash,malicious spender/exploit,Arcadia Finance Hack,2025-07-15
0xbf9461a312eec044feb7ae85b2b05e7f015443ee,ETH,exploit,revokecash,malicious spender/exploit,Arcadia Finance Hack,2025-07-15
0xafa675e4465d2baecfd9c4f7158815c8213300ed,ETH,exploit,revokecash,malicious spender/exploit,Arcadia Finance Hack,2025-07-15
0x92c13cf025d7af5643e7dca7db8e96b5ae7c8cff,ETH,exploit,revokecash,malicious spender/exploit,Arcadia Finance Hack,2025-07-15
0x93267f8293dd44966d02e03dcf8eaa972c4527db,ETH,exploit,revokecash,malicious spender/exploit,Arcadia Finance Hack,2025-07-15
0xe9a4a1c0d11d75363285a79bd3150acef8bc9823,ETH,exploit,revokecash,malicious spender/exploit,Arcadia Finance Hack,2025-07-15
0x33ea4aa3e8c9f6f6722da3da2a603d85cc12a13c,ETH,exploit,revokecash,malicious spender/exploit,Arcadia Finance Hack,2025-07-15
0xb7b6aed08d852b426d687b3c3c7d9a1787c1e1eb,ETH,exploit,revokecash,malicious spender/exploit,Arcadia Finance Hack,2025-07-15
0x6a83c54cd5720a9186be00919b9e3c036f80e0ff,ETH,exploit,revokecash,malicious spender/exploit,Arcadia Finance Hack,2025-07-15
0x757de1807c698b18eba4a973e5a69abc6275636c,ETH,exploit,revokecash,malicious spender/exploit,Arcadia Finance Hack,2025-07-15
0x0d2843b0ed5dbcc6f42f99b80f6161b135041a8f,ETH,exploit,revokecash,malicious spender/exploit,Arcadia Finance Hack,2025-07-15
0x05eea2b508e8d8caae38817c2da8e599af54c277,ETH,exploit,revokecash,malicious spender/exploit,Arcadia Finance Hack,2025-07-15
0x8bd6379d1f0ad913f6f14805d243936b961fc24c,ETH,exploit,revokecash,malicious spender/exploit,Arcadia Finance Hack,2025-07-15
0xabb7ea62e01cbe5b87509a3e2df19bceef3dd718,ETH,exploit,revokecash,malicious spender/exploit,Arcadia Finance Hack,2025-07-15
0xf1381669c328b7e12964011c04b2cc5de2bfa0e7,ETH,exploit,revokecash,malicious spender/exploit,Arcadia Finance Hack,2025-07-15
0x3588cfc13068bfe93f6abb5e3ea2263085b17ace,ETH,exploit,revokecash,malicious spender/exploit,Arcadia Finance Hack,2025-07-15
0x66f0ba73469bf107e1f51c0499102234c579e037,ETH,exploit,revokecash,malicious spender/exploit,Arcadia Finance Hack,2025-07-15
0x37124084886ae66b3985bc378bc674913c25ec06,ETH,exploit,revokecash,malicious spender/exploit,Arcadia Finance Hack,2025-07-15
0x044aa038119164d73e9c8bf25a2a39665e4f15e3,ETH,exploit,revokecash,malicious spender/exploit,Arcadia Finance Hack,2025-07-15
0xc001b09a068841b4edb6a02f381ba965b87ef487,ETH,exploit,revokecash,malicious spender/exploit,Arcadia Finance Hack,2025-07-15
0x5453e5ae8a95872ba432c5cfcb3269cff57b98bc,ETH,exploit,revokecash,malicious spender/exploit,Arcadia Finance Hack,2025-07-15
0x1855a93febe2ddfe9bedf8b7468b00e571479620,ETH,exploit,revokecash,malicious spender/exploit,Arcadia Finance Hack,2025-07-15
0x5595a85c94789bf64493946924222d18d3334334,ETH,exploit,revokecash,malicious spender/exploit,Arcadia Finance Hack,2025-07-15
0x11b6a251daf77a09df337ad582f1244c1e9e6759,ETH,exploit,revokecash,malicious spender/exploit,Arcadia Finance Hack,2025-07-15
0x4087f75d74aec435465c621d6d909178b12cb0ec,ETH,exploit,revokecash,malicious spender/exploit,Arcadia Finance Hack,2025-07-15
0xbacf1d6fb74f173c0060161dba2c511f1905c7cf,ETH,exploit,revokecash,malicious spender/exploit,Arcadia Finance Hack,2025-07-15
0xf5aebeed3c45823dbc5848abb2dad28cf31b585c,ETH,exploit,revokecash,malicious spender/exploit,Arcadia Finance Hack,2025-07-15
0xac3f3b3073a9e537c7ac0836d0a136ac82f48578,ETH,exploit,revokecash,malicious spender/exploit,Arcadia Finance Hack,2025-07-15
0xb97ede24dd6edd16afa3b2f995881a5ffd9ba170,ETH,exploit,revokecash,malicious spender/exploit,Arcadia Finance Hack,2025-07-15
0xcd89a6f090eda2bd7b8cbc7ccde4d65de6d2b60d,ETH,exploit,revokecash,malicious spender/exploit,Arcadia Finance Hack,2025-07-15
0xa7a6f0e4c45a650220b11b7474e7e52430c82834,ETH,exploit,revokecash,malicious spender/exploit,Arcadia Finance Hack,2025-07-15
0xa28d19a657a4fdc78fcadb5fa25f7d69a17c9173,ETH,exploit,revokecash,malicious spender/exploit,Arcadia Finance Hack,2025-07-15
0xfcd6937fe887da7a05f8e171bb12fc7fcc5830a0,ETH,exploit,revokecash,malicious spender/exploit,Arcadia Finance Hack,2025-07-15
0x3ea4907e234b12aaa4ce1fed9768e6140c66fbf7,ETH,exploit,revokecash,malicious spender/exploit,Arcadia Finance Hack,2025-07-15
0x29f0590b06c2b7e38dc4d87d7f934260ec597fb7,ETH,exploit,revokecash,malicious spender/exploit,Arcadia Finance Hack,2025-07-15
0x54405bff086b0a6486de79368e14c97d0f76e8a2,ETH,exploit,revokecash,malicious spender/exploit,Arcadia Finance Hack,2025-07-15
0xc5feb43f4df602778ed976244bb53ac792306edd,ETH,exploit,revokecash,malicious spender/exploit,Arcadia Finance Hack,2025-07-15
0x5bddb231f990d30e99db92905d5c9c1b2048d90d,ETH,exploit,revokecash,malicious spender/exploit,Arcadia Finance Hack,2025-07-15
0x3a0a3646d093107b5070ebc1a6c230b784504912,ETH,exploit,revokecash,malicious spender/exploit,Arcadia Finance Hack,2025-07-15
0xfb97eac7166ff414aa4b14dc993105e4f08d0705,ETH,exploit,revokecash,malicious spender/exploit,Arcadia Finance Hack,2025-07-15
0x24b99bf1d5110dca74f2b70661fe986f4f2bab8d,ETH,exploit,revokecash,malicious spender/exploit,Arcadia Finance Hack,2025-07-15
0x7254c03ccf178f897324ddb8a98bab6abd88b0a8,ETH,exploit,revokecash,malicious spender/exploit,Arcadia Finance Hack,2025-07-15
0x825a867859c9a552d1eddec01fa3810a02f6fe70,ETH,exploit,revokecash,malicious spender/exploit,Arcadia Finance Hack,2025-07-15
0x5f6d19bcf6c8fefc956303921456e34cbeeecc22,ETH,exploit,revokecash,malicious spender/exploit,Arcadia Finance Hack,2025-07-15
0x8f9e3f198df13cce965b760620cd48223d98c72c,ETH,exploit,revokecash,malicious spender/exploit,Arcadia Finance Hack,2025-07-15
0x102e8c6afde38321337161f1ee23ad0ac57600a6,ETH,exploit,revokecash,malicious spender/exploit,Arcadia Finance Hack,2025-07-15
0xaaa8da5d644c4cb570ba5c59b00b198767a4787c,ETH,exploit,revokecash,malicious spender/exploit,Arcadia Finance Hack,2025-07-15
0x2f6a0bcd2f767f55c5f36a098fcd2e1472568b65,ETH,exploit,revokecash,malicious spender/exploit,Arcadia Finance Hack,2025-07-15
0xc635d1eaf0e8956bb5c9214b693c635bc00185ef,ETH,exploit,revokecash,malicious spender/exploit,Arcadia Finance Hack,2025-07-15
0x821ddfa042a35577e1969f04203c3717cdc9d6ba,ETH,exploit,revokecash,malicious spender/exploit,Arcadia Finance Hack,2025-07-15
0xa18c5e053a17a852a17f6098e146925228c89aca,ETH,exploit,revokecash,malicious spender/exploit,Arcadia Finance Hack,2025-07-15
0x413c09533e997c0f027507a43e128d76614fbad8,ETH,exploit,revokecash,malicious spender/exploit,Arcadia Finance Hack,2025-07-15
0x9c29e58fdc44ebe72adbe6307ebc80abfaa20410,ETH,exploit,revokecash,malicious spender/exploit,Arcadia Finance Hack,2025-07-15
0xbf53b3869bfb74e3e77caef0b0e76453414d8053,ETH,exploit,revokecash,malicious spender/exploit,Arcadia Finance Hack,2025-07-15
0x94a80131d943c543f266caff46c134c8fc69bb2a,ETH,exploit,revokecash,malicious spender/exploit,Arcadia Finance Hack,2025-07-15
0x2f1c62a5cfebd4abf747a6a62673b676c82b04af,ETH,exploit,revokecash,malicious spender/exploit,Arcadia Finance Hack,2025-07-15
0xd61023f2c4754f30d273bef7a9ed99809530cbe2,ETH,exploit,revokecash,malicious spender/exploit,Arcadia Finance Hack,2025-07-15
0x1b2a15ae5b8857a918e356f193d0a68920c1c9a9,ETH,exploit,revokecash,malicious spender/exploit,Arcadia Finance Hack,2025-07-15
0xbba383e5e5b308747ed419719a0f34d88e6ed852,ETH,exploit,revokecash,malicious spender/exploit,Arcadia Finance Hack,2025-07-15
0x0c3fbe279b29148e17b98f7ac039d71fe8f76f7b,ETH,exploit,revokecash,malicious spender/exploit,Arcadia Finance Hack,2025-07-15
0x10eb434796f1d94afa029f915ea9ce6630ece619,ETH,exploit,revokecash,malicious spender/exploit,Arcadia Finance Hack,2025-07-15
0xbacf9598604d76cfcc59c90d2e930079d7431acb,ETH,exploit,revokecash,malicious spender/exploit,Arcadia Finance Hack,2025-07-15
0x1a3c6eba38e2ac7f31a25cbb061560b82f8fbbb5,ETH,exploit,revokecash,malicious spender/exploit,Arcadia Finance Hack,2025-07-15
0x6033e3d7d1979786ac25c0c02b7ec9cc3fe04a6d,ETH,exploit,revokecash,malicious spender/exploit,Arcadia Finance Hack,2025-07-15
0xdab8b48837d957add39914c0feff89a7d5868cef,ETH,exploit,revokecash,malicious spender/exploit,Arcadia Finance Hack,2025-07-15
0x7c77be28117258a070b33ec9e54bbc187d336bf9,ETH,exploit,revokecash,malicious spender/exploit,Arcadia Finance Hack,2025-07-15
0x133fd8251f6da2b8eb821f34c685dcd3b8b791a8,ETH,exploit,revokecash,malicious spender/exploit,Arcadia Finance Hack,2025-07-15
0xcd5592e09dcb68aaf83ecd287b190679a8a51e8e,ETH,exploit,revokecash,malicious spender/exploit,Arcadia Finance Hack,2025-07-15
0x5d399e979e298b27efb1ee3605887962bbd94e02,ETH,exploit,revokecash,malicious spender/exploit,Arcadia Finance Hack,2025-07-15
0x2f0abba4bbd9e82a44193c2cbcfd4ad679275a0e,ETH,exploit,revokecash,malicious spender/exploit,Arcadia Finance Hack,2025-07-15
0x337046d2f2f477b3f870e98ccc60dba358cb4a77,ETH,exploit,revokecash,malicious spender/exploit,Arcadia Finance Hack,2025-07-15
0xc75f1f3ef3ed32e0202944fe518972316e76b733,ETH,exploit,revokecash,malicious spender/exploit,Arcadia Finance Hack,2025-07-15
0x6b1ad7436dfe928119e468f979a8416c22dac891,ETH,exploit,revokecash,malicious spender/exploit,Arcadia Finance Hack,2025-07-15
0x221453ee31d6f3f871e2de89a0b88e34a65386f8,ETH,exploit,revokecash,malicious spender/exploit,Arcadia Finance Hack,2025-07-15
0x5a84ddc50fc383c4cdc3e6769e19e1479cfc2ca3,ETH,exploit,revokecash,malicious spender/exploit,Arcadia Finance Hack,2025-07-15
0x58e5dd5f236081555271d6d0bb1c27b4ce35715e,ETH,exploit,revokecash,malicious spender/exploit,Arcadia Finance Hack,2025-07-15
0x446a63962349cde2c194cdbcc04d869423dfc212,ETH,exploit,revokecash,malicious spender/exploit,Arcadia Finance Hack,2025-07-15
0xa1858b6d80b031b5e8e798277dce0581d201b137,ETH,exploit,revokecash,malicious spender/exploit,Arcadia Finance Hack,2025-07-15
0x1112848f603ea29d334813d59b30517f94811bec,ETH,exploit,revokecash,malicious spender/exploit,Arcadia Finance Hack,2025-07-15
0xb49726cc268924a84e2ee303a69b54b793b4c7ea,ETH,exploit,revokecash,malicious spender/exploit,Arcadia Finance Hack,2025-07-15
0x15232418da8ac0f55d39602b1edaf96c5b311cd8,ETH,exploit,revokecash,malicious spender/exploit,Arcadia Finance Hack,2025-07-15
0xbfaa31b97379981a7f28f3a37f96c2036991ea89,ETH,exploit,revokecash,malicious spender/exploit,Arcadia Finance Hack,2025-07-15
0x9fcfa88e07e6ff013615879d5e8c0f93a54238f2,ETH,exploit,revokecash,malicious spender/exploit,Arcadia Finance Hack,2025-07-15
0x551e609d7458cabcc568af2599996479df34ea02,ETH,exploit,revokecash,malicious spender/exploit,Arcadia Finance Hack,2025-07-15
0xe6f3d2431507455dbfc6862de9b00117696cbc5f,ETH,exploit,revokecash,malicious spender/exploit,Arcadia Finance Hack,2025-07-15
0xcd9f554579ca217220b6982df9e163a08e9f4d14,ETH,exploit,revokecash,malicious spender/exploit,Arcadia Finance Hack,2025-07-15
0xa8ab347ca95fe7dd7292da3473b3fe578f53a758,ETH,exploit,revokecash,malicious spender/exploit,Arcadia Finance Hack,2025-07-15
0xb086ba3ccd644a0c9e6639e7778e6846d1ed5829,ETH,exploit,revokecash,malicious spender/exploit,Arcadia Finance Hack,2025-07-15
0x8634cacbdb8ef388ad5d77e464dba1f4ec732bd6,ETH,exploit,revokecash,malicious spender/exploit,Arcadia Finance Hack,2025-07-15
0xc3c21a9190e92ea6b8a009d326121091eda4307c,ETH,exploit,revokecash,malicious spender/exploit,Arcadia Finance Hack,2025-07-15
0x78505a41df7b3b600d9ba32733913e0e308f9cfc,ETH,exploit,revokecash,malicious spender/exploit,Arcadia Finance Hack,2025-07-15
0x5913c21915a5ab5beb33940730a674c24a212ed9,ETH,exploit,revokecash,malicious spender/exploit,Arcadia Finance Hack,2025-07-15
0x820c9129c3e97d644280bbb86c8b7fdcca6a991b,ETH,exploit,revokecash,malicious spender/exploit,Arcadia Finance Hack,2025-07-15
0xea28640c10a3b62936af67674eca4717ee9c9ee0,ETH,exploit,revokecash,malicious spender/exploit,Arcadia Finance Hack,2025-07-15
0xf98f9ad35b5d09dd881ba313b6f47ccbf4cab1c2,ETH,exploit,revokecash,malicious spender/exploit,Arcadia Finance Hack,2025-07-15
0x4b8ea14c4a39c8925b0046166c536172f4827e36,ETH,exploit,revokecash,malicious spender/exploit,Arcadia Finance Hack,2025-07-15
0x2f1c3d9e2aa347d377dbd70222f735f5e0a4ceb0,ETH,exploit,revokecash,malicious spender/exploit,Arcadia Finance Hack,2025-07-15
0xb9633f054d615c36fc864ee2984cfdab7f483394,ETH,exploit,revokecash,malicious spender/exploit,Arcadia Finance Hack,2025-07-15
0x4b888eaf10412082ae6b1ff63b999aceabe2b3f5,ETH,exploit,revokecash,malicious spender/exploit,Arcadia Finance Hack,2025-07-15
0x11f592ad4e60244d7110d0466cd3f6b09d8f4dd6,ETH,exploit,revokecash,malicious spender/exploit,Arcadia Finance Hack,2025-07-15
0x11ff7594380f21525f26f7fa68f3bed07bef8477,ETH,exploit,revokecash,malicious spender/exploit,Arcadia Finance Hack,2025-07-15
0x9368ac880f19441ae10ac87b5dadc3871743bc62,ETH,exploit,revokecash,malicious spender/exploit,Arcadia Finance Hack,2025-07-15
0x0159d05f7d199c610e876478494cea107a9c28a9,ETH,exploit,revokecash,malicious spender/exploit,Arcadia Finance Hack,2025-07-15
0xf345d267c7e6678f1604f3ccf8998d75e37b8387,ETH,exploit,revokecash,malicious spender/exploit,Arcadia Finance Hack,2025-07-15
0xd80a2605ef1adf18ceb0bad9ff4fb2c1563cc741,ETH,exploit,revokecash,malicious spender/exploit,Arcadia Finance Hack,2025-07-15
0xd6c4b00bb0ee50c3268273a74216f615cf095a82,ETH,exploit,revokecash,malicious spender/exploit,Arcadia Finance Hack,2025-07-15
0x63ca47766eb9c0b5980b7fedba7f2a2d383c3b53,ETH,exploit,revokecash,malicious spender/exploit,Arcadia Finance Hack,2025-07-15
0x76e3a1bcb34d9e3fdd845ae19e686542bc3faf09,ETH,exploit,revokecash,malicious spender/exploit,Arcadia Finance Hack,2025-07-15
0xc65f0cea95566fa76d48b649b6cd99c1a85223b9,ETH,exploit,revokecash,malicious spender/exploit,Arcadia Finance Hack,2025-07-15
0x70a6b697c13886b05597cfe44a9496aa0411cc69,ETH,exploit,revokecash,malicious spender/exploit,Arcadia Finance Hack,2025-07-15
0x41182d628a4153154a6f018c45bd64998fa959e0,ETH,exploit,revokecash,malicious spender/exploit,Arcadia Finance Hack,2025-07-15
0x22c4d9a54825add55ad015f220268fcad8402279,ETH,exploit,revokecash,malicious spender/exploit,Arcadia Finance Hack,2025-07-15
0xa9d128daa3ab88fab6e65674e9e0359edd4f7f29,ETH,exploit,revokecash,malicious spender/exploit,Arcadia Finance Hack,2025-07-15
0x2f2e49cdfc2e4c3cc5009d903172bf22e6918580,ETH,exploit,revokecash,malicious spender/exploit,Arcadia Finance Hack,2025-07-15
0x8e106a5989cfecb4f43053cac5b8e08a44ff5dc1,ETH,exploit,revokecash,malicious spender/exploit,Arcadia Finance Hack,2025-07-15
0x1753399b1281e30d0a12cd4a23f7986c5f3fb218,ETH,exploit,revokecash,malicious spender/exploit,Arcadia Finance Hack,2025-07-15
0x7d502d5f8bde3ca1ca100f5168ac3cb730104570,ETH,exploit,revokecash,malicious spender/exploit,Arcadia Finance Hack,2025-07-15
0x39717a4fa6007f15f745d577ba6a9ac6a821a045,ETH,exploit,revokecash,malicious spender/exploit,Arcadia Finance Hack,2025-07-15
0x8b51e9fa0efd82f602d9dcff869bab7d2ff7edd2,ETH,exploit,revokecash,malicious spender/exploit,Arcadia Finance Hack,2025-07-15
0x8d2dde66dd8443f486803dbfe5ecb22090c02ef6,ETH,exploit,revokecash,malicious spender/exploit,Arcadia Finance Hack,2025-07-15
0xdf823cb36670fa09d9aa1bb3f17bb1d1d73d008c,ETH,exploit,revokecash,malicious spender/exploit,Arcadia Finance Hack,2025-07-15
0x25000d71b6dc87b7cceccd62cc49ac8734a83723,ETH,exploit,revokecash,malicious spender/exploit,Arcadia Finance Hack,2025-07-15
0x42c96addacecc8efc499093adfc09632481dc406,ETH,exploit,revokecash,malicious spender/exploit,Arcadia Finance Hack,2025-07-15
0xc1736659383f744cbf21d2c7462d42bf82548f27,ETH,exploit,revokecash,malicious spender/exploit,Arcadia Finance Hack,2025-07-15
0x0db1d2343060e87431cc2a7463ca6b83fb942ef5,ETH,exploit,revokecash,malicious spender/exploit,Arcadia Finance Hack,2025-07-15
0xeafeba4e1af1d7543ec1e583b7b53baad80c7783,ETH,exploit,revokecash,malicious spender/exploit,Arcadia Finance Hack,2025-07-15
0xf2a051411a3a749f6e8eb164fd5aec59a6c6f408,ETH,exploit,revokecash,malicious spender/exploit,Arcadia Finance Hack,2025-07-15
0x6dc2c20ec86b12da7574e325a12347243301a63e,ETH,exploit,revokecash,malicious spender/exploit,Arcadia Finance Hack,2025-07-15
0x9e8cba8a7239307030ae33cdd00a5308ba89c016,ETH,exploit,revokecash,malicious spender/exploit,Arcadia Finance Hack,2025-07-15
0x2a1b5fd8720c50a37632449d5fe10c2af344ba58,ETH,exploit,revokecash,malicious spender/exploit,Arcadia Finance Hack,2025-07-15
0x0296334c78313571adcf5163aa8b9811935a7963,ETH,exploit,revokecash,malicious spender/exploit,Arcadia Finance Hack,2025-07-15
0x0d2ed1483f667131675d2d212c167760b75772de,ETH,exploit,revokecash,malicious spender/exploit,Arcadia Finance Hack,2025-07-15
0x62f69cb6467c0dca48d0526c6bba296d47d8cc34,ETH,exploit,revokecash,malicious spender/exploit,Arcadia Finance Hack,2025-07-15
0x6c05d99009d9dcb69b5e8aa1cfe52b5f5d49ade5,ETH,exploit,revokecash,malicious spender/exploit,Arcadia Finance Hack,2025-07-15
0x9498ed3abbb6262b7f1eb7751db07dc0cd220980,ETH,exploit,revokecash,malicious spender/exploit,Arcadia Finance Hack,2025-07-15
0xfa78c5d32e0fc5df4324d7dc61069b970a7f0da3,ETH,exploit,revokecash,malicious spender/exploit,Arcadia Finance Hack,2025-07-15
0x9c1a70929eb1f83a46c4d82ce6c59577c4062adc,ETH,exploit,revokecash,malicious spender/exploit,Arcadia Finance Hack,2025-07-15
0x73ffbc946701c811f64364aa09f4d8d08fe39929,ETH,exploit,revokecash,malicious spender/exploit,Arcadia Finance Hack,2025-07-15
0x162b40a7ac8fee52f6a6bfb282aa69f5ac4c858b,ETH,exploit,revokecash,malicious spender/exploit,Arcadia Finance Hack,2025-07-15
0x96fe315d2c410254d6a4f89b6f5b97af7a587ad6,ETH,exploit,revokecash,malicious spender/exploit,Arcadia Finance Hack,2025-07-15
0x2d52e14a753dd4a14430094e8027e3ca15e5dc3b,ETH,exploit,revokecash,malicious spender/exploit,Arcadia Finance Hack,2025-07-15
0x49a7ee3cb3848ec3c51b3c6f0ba333af39ba0ac5,ETH,exploit,revokecash,malicious spender/exploit,Arcadia Finance Hack,2025-07-15
0x9824a54c127c5447f905cf879160ef8b9e8ceec9,ETH,exploit,revokecash,malicious spender/exploit,Arcadia Finance Hack,2025-07-15
0xfbef08fb05a075e818b3e3d4d957f555bb354d03,ETH,exploit,revokecash,malicious spender/exploit,Arcadia Finance Hack,2025-07-15
0xd9e492e9f94b78a884f08cd9d1ad9509e530e60b,ETH,exploit,revokecash,malicious spender/exploit,Arcadia Finance Hack,2025-07-15
0x287db6b67ad76f41f001db7cc63cc30f8c73b337,ETH,exploit,revokecash,malicious spender/exploit,Arcadia Finance Hack,2025-07-15
0x1080a9ea382d131fd01ca97d0e3cf6064ae1bb5e,ETH,exploit,revokecash,malicious spender/exploit,Arcadia Finance Hack,2025-07-15
0x590e2dcafbe6a2122fab0545be1033372015f500,ETH,exploit,revokecash,malicious spender/exploit,Arcadia Finance Hack,2025-07-15
0xf545318dfac62c0be55c9f5c5a40d30f410cea2c,ETH,exploit,revokecash,malicious spender/exploit,Arcadia Finance Hack,2025-07-15
0xa8894438f477168f89e89e69cc6105cadafe7376,ETH,exploit,revokecash,malicious spender/exploit,Arcadia Finance Hack,2025-07-15
0x7d824adeba51ad1be62c423d6484b1d9df49d1ba,ETH,exploit,revokecash,malicious spender/exploit,Arcadia Finance Hack,2025-07-15
0xfef368029d22aa3b661c3b65c808a3ffa20fede9,ETH,exploit,revokecash,malicious spender/exploit,Arcadia Finance Hack,2025-07-15
0x976127fe468e532d05051853e90e58f7332c83b2,ETH,exploit,revokecash,malicious spender/exploit,Arcadia Finance Hack,2025-07-15
0x9c00bf8d885e98bd013332a777aad599a9db2d0d,ETH,exploit,revokecash,malicious spender/exploit,Arcadia Finance Hack,2025-07-15
0x075b6a161b7d8ce4427fa2217b1245f7a2570ad4,ETH,exploit,revokecash,malicious spender/exploit,Arcadia Finance Hack,2025-07-15
0x875e792ed2a0ee91ef9c303d2ce70753846da82b,ETH,exploit,revokecash,malicious spender/exploit,Arcadia Finance Hack,2025-07-15
0x0e59cb51e5cd50bf9881370797bb28901fa16469,ETH,exploit,revokecash,malicious spender/exploit,Arcadia Finance Hack,2025-07-15
0x62e0e178dba6a8e64e53ed0d1971991e3b1cc77a,ETH,exploit,revokecash,malicious spender/exploit,Arcadia Finance Hack,2025-07-15
0xc1ba180a86027ed707277667a486591a7b7a4877,ETH,exploit,revokecash,malicious spender/exploit,Arcadia Finance Hack,2025-07-15
0x44715a21efd7f4dcc03da32f7bccd1f3018e87d1,ETH,exploit,revokecash,malicious spender/exploit,Arcadia Finance Hack,2025-07-15
0x7ebad66e757a1a1bf6074bc6699f6ec04b3e2583,ETH,exploit,revokecash,malicious spender/exploit,Arcadia Finance Hack,2025-07-15
0xc9e201b01edf54163b065c743be1c5ec45297186,ETH,exploit,revokecash,malicious spender/exploit,Arcadia Finance Hack,2025-07-15
0x688dab5d52dcf6434570cfa03286e7adfd9725c4,ETH,exploit,revokecash,malicious spender/exploit,Arcadia Finance Hack,2025-07-15
0x68018deef617cd4090c1159ec633cc5060bbd310,ETH,exploit,revokecash,malicious spender/exploit,Arcadia Finance Hack,2025-07-15
0xac04a2d90e2dee2a7e74d0ae7083eadf2b4484a1,ETH,exploit,revokecash,malicious spender/exploit,Arcadia Finance Hack,2025-07-15
0x77ea5d5cd43f5a55de99620380156267bc931f9a,ETH,exploit,revokecash,malicious spender/exploit,Arcadia Finance Hack,2025-07-15
0xb97c7f6645ff6cefd94cf25cc23bd7f09c6f21c7,ETH,exploit,revokecash,malicious spender/exploit,Arcadia Finance Hack,2025-07-15
0xe29dc8a745dd668b208bbbd36df4bdecb3d29583,ETH,exploit,revokecash,malicious spender/exploit,Arcadia Finance Hack,2025-07-15
0xa929f8d9719fae2d4484c15b13e8939c0571aa9e,ETH,exploit,revokecash,malicious spender/exploit,Arcadia Finance Hack,2025-07-15
0xb3694d05d41dba32555884609c498ca882635a5a,ETH,exploit,revokecash,malicious spender/exploit,Arcadia Finance Hack,2025-07-15
0xb5011d5870e9a175885e081ca21d8f1808be6166,ETH,exploit,revokecash,malicious spender/exploit,Arcadia Finance Hack,2025-07-15
0x88f487decafe396299643ec4e115a7f1bb9335d7,ETH,exploit,revokecash,malicious spender/exploit,Arcadia Finance Hack,2025-07-15
0x193f44b80535d1cc966dd7c25922465f6570c734,ETH,exploit,revokecash,malicious spender/exploit,Arcadia Finance Hack,2025-07-15
0xb8f93afe8a7114d04f9676b425b5473f732e1240,ETH,exploit,revokecash,malicious spender/exploit,Arcadia Finance Hack,2025-07-15
0x1c22d77606ea2d1f083cccf49125ca0c97b79175,ETH,exploit,revokecash,malicious spender/exploit,Arcadia Finance Hack,2025-07-15
0xbb8a595c96641e9df0048b4684bad2c8f846dcbe,ETH,exploit,revokecash,malicious spender/exploit,Arcadia Finance Hack,2025-07-15
0x8fa417831c06b8ed8d2324b41a11e9f26398e3e9,ETH,exploit,revokecash,malicious spender/exploit,Arcadia Finance Hack,2025-07-15
0x0150c4f41d8851a0656c63cf687c963d94b44a2b,ETH,exploit,revokecash,malicious spender/exploit,Arcadia Finance Hack,2025-07-15
0xb19e57a9a5c89583972bca29a130d28e610d8a7d,ETH,exploit,revokecash,malicious spender/exploit,Arcadia Finance Hack,2025-07-15
0x796f115aaecc65b963f2d2288be2395e4999e664,ETH,exploit,revokecash,malicious spender/exploit,Arcadia Finance Hack,2025-07-15
0xe24e1cdad8dabb557acde61676f8cf6ca8ad5595,ETH,exploit,revokecash,malicious spender/exploit,Arcadia Finance Hack,2025-07-15
0xb7d0d092d607e35bcd45069fdf40ab487b568ada,ETH,exploit,revokecash,malicious spender/exploit,Arcadia Finance Hack,2025-07-15
0x29213c28b9f6719482fb1b9b6159cf054aabcfe8,ETH,exploit,revokecash,malicious spender/exploit,Arcadia Finance Hack,2025-07-15
0x1e081f46ce2f2009c0fe743c4f84ebca95b5906b,ETH,exploit,revokecash,malicious spender/exploit,Arcadia Finance Hack,2025-07-15
0xc1b3718eefb2718f5d0ee06303ccea81ed1c3a9f,ETH,exploit,revokecash,malicious spender/exploit,Arcadia Finance Hack,2025-07-15
0x4be3e70d567a184f2ca5e1399d701a2519ec4b79,ETH,exploit,revokecash,malicious spender/exploit,Arcadia Finance Hack,2025-07-15
0x267f4a7c242a9e92611dda0e1cb6c8be1839950c,ETH,exploit,revokecash,malicious spender/exploit,Arcadia Finance Hack,2025-07-15
0x46e78dd53d2023be8cc59cc4335c787081932e27,ETH,exploit,revokecash,malicious spender/exploit,Arcadia Finance Hack,2025-07-15
0x5fe7d342643362f4dc9bc728b55ef99c2ccfdedd,ETH,exploit,revokecash,malicious spender/exploit,Arcadia Finance Hack,2025-07-15
0xb5c414bbc8e5df39510ecda4e262029f9509919a,ETH,exploit,revokecash,malicious spender/exploit,Arcadia Finance Hack,2025-07-15
0x805b4daae6c81abf3ac3f671b4e42e38c93e2c92,ETH,exploit,revokecash,malicious spender/exploit,Arcadia Finance Hack,2025-07-15
0xc90492a11e240f6675e6c51079af670203b7d77a,ETH,exploit,revokecash,malicious spender/exploit,Arcadia Finance Hack,2025-07-15
0x02dea79ebc89c2fa6f6744e7280bd9cdda85bb20,ETH,exploit,revokecash,malicious spender/exploit,Arcadia Finance Hack,2025-07-15
0xafc9a6a40c0980ad277d473f95b8f961b117259b,ETH,exploit,revokecash,malicious spender/exploit,Arcadia Finance Hack,2025-07-15
0xb68d5ed1a47c2d13e094f4b93b95d32a6b81b2bc,ETH,exploit,revokecash,malicious spender/exploit,Arcadia Finance Hack,2025-07-15
0x037a27558ed081ec75c4be85bfd351ce230ff427,ETH,exploit,revokecash,malicious spender/exploit,Arcadia Finance Hack,2025-07-15
0x349ca720f9280b5cd1d5922215fe2abe56cbc882,ETH,exploit,revokecash,malicious spender/exploit,Arcadia Finance Hack,2025-07-15
0x5ec4bdd73b2dc2b042de994a2e2ad0db50f2d53a,ETH,exploit,revokecash,malicious spender/exploit,Arcadia Finance Hack,2025-07-15
0xa0d54f7912b539a905d09373cad498a84c80c883,ETH,exploit,revokecash,malicious spender/exploit,Arcadia Finance Hack,2025-07-15
0xa80b85005fa7f098407440da866283f91383c9c7,ETH,exploit,revokecash,malicious spender/exploit,Arcadia Finance Hack,2025-07-15
0x6df348e0314ed4f119fa429c715b5f0392f260c3,ETH,exploit,revokecash,malicious spender/exploit,Arcadia Finance Hack,2025-07-15
0xb272757879270a7cbe30bdb1bfa625c5a0d13708,ETH,exploit,revokecash,malicious spender/exploit,Arcadia Finance Hack,2025-07-15
0x0c6bcfe7e94557e4e8cd150127629419ea56264a,ETH,exploit,revokecash,malicious spender/exploit,Arcadia Finance Hack,2025-07-15
0xbb979bc70f7e272f7460b6775374b2443c9c04d8,ETH,exploit,revokecash,malicious spender/exploit,Arcadia Finance Hack,2025-07-15
0x2c861f673eb00d66c5c15b8130793580327e89d8,ETH,exploit,revokecash,malicious spender/exploit,Arcadia Finance Hack,2025-07-15
0x18dffcffb3a3df985b7e0964c659e01b55805dbb,ETH,exploit,revokecash,malicious spender/exploit,Arcadia Finance Hack,2025-07-15
0xaa2d63bc0b15dcd8e35ffb6c29229d1f3a503393,ETH,exploit,revokecash,malicious spender/exploit,Arcadia Finance Hack,2025-07-15
0x077e85e773a541e4dc7de05a1be8953ecb899673,ETH,exploit,revokecash,malicious spender/exploit,Arcadia Finance Hack,2025-07-15
0x2af54fc4b489cb44a5c32a7a42c665884d7da296,ETH,exploit,revokecash,malicious spender/exploit,Arcadia Finance Hack,2025-07-15
0xbd434c7b2171b07b84b1724a3ef6291fc1412334,ETH,exploit,revokecash,malicious spender/exploit,Arcadia Finance Hack,2025-07-15
0x37d11a3f3d8565143ae7cd8b0a8e264165aa2868,ETH,exploit,revokecash,malicious spender/exploit,Arcadia Finance Hack,2025-07-15
0xbc8b89d63af9c568d466d2315559583f7a265cf9,ETH,exploit,revokecash,malicious spender/exploit,Arcadia Finance Hack,2025-07-15
0x8cee83ef41ab27a7a935408f333c53bbebf9d2aa,ETH,exploit,revokecash,malicious spender/exploit,Arcadia Finance Hack,2025-07-15
0x3088b162324f23a115ada4aa384eb0b08660b504,ETH,exploit,revokecash,malicious spender/exploit,Arcadia Finance Hack,2025-07-15
0x783c628a91378c810d18d507715ba34ed2c0088d,ETH,exploit,revokecash,malicious spender/exploit,Arcadia Finance Hack,2025-07-15
0x90cc9c4ae56b084d7dee726f9c25c1ab193c2e20,ETH,exploit,revokecash,malicious spender/exploit,Arcadia Finance Hack,2025-07-15
0xf2d6249e6b638789130e8f32ee63f58d3ea61935,ETH,exploit,revokecash,malicious spender/exploit,Arcadia Finance Hack,2025-07-15
0xcbccda182af802e9a82813b2667d101182954063,ETH,exploit,revokecash,malicious spender/exploit,Arcadia Finance Hack,2025-07-15
0x21f32a2d83128828ccc2dde16eb434fae3b2dff8,ETH,exploit,revokecash,malicious spender/exploit,Arcadia Finance Hack,2025-07-15
0xfc7a4c3c0819275b82f86a3a4cf5394000ab693b,ETH,exploit,revokecash,malicious spender/exploit,Arcadia Finance Hack,2025-07-15
0xdf5d7e6112c8b4cc3135da3f718fd6c470ad8839,ETH,exploit,revokecash,malicious spender/exploit,Arcadia Finance Hack,2025-07-15
0xdc4bb2e562fc93e4688478247bbe636b3e3f76f1,ETH,exploit,revokecash,malicious spender/exploit,Arcadia Finance Hack,2025-07-15
0x3687f51ededeaf57c6ec74e2799cff8f1d83c43f,ETH,exploit,revokecash,malicious spender/exploit,Arcadia Finance Hack,2025-07-15
0x335a830319aec5bee3343fdbb565afffe17e9f83,ETH,exploit,revokecash,malicious spender/exploit,Arcadia Finance Hack,2025-07-15
0xae4f1262cc0be4e2a2fbfd44d9fe5b862c6fbd86,ETH,exploit,revokecash,malicious spender/exploit,Arcadia Finance Hack,2025-07-15
0xe384479d2026203cde6119536aed1106f546a5ce,ETH,exploit,revokecash,malicious spender/exploit,Arcadia Finance Hack,2025-07-15
0x3ea0b0ca49412bb5c4ffe914c16765d133797586,ETH,exploit,revokecash,malicious spender/exploit,Arcadia Finance Hack,2025-07-15
0x4cb328248becabddfb77bc29569fe98f6be65f74,ETH,exploit,revokecash,malicious spender/exploit,Arcadia Finance Hack,2025-07-15
0xac5c3cf25a5139954bd464c6df167aaf49aaa7f5,ETH,exploit,revokecash,malicious spender/exploit,Arcadia Finance Hack,2025-07-15
0x6931b13f235f5adf36d02e4aeb32339b806b9653,ETH,exploit,revokecash,malicious spender/exploit,Arcadia Finance Hack,2025-07-15
0x4851f187545fc898eb8bdb2d5b7fb9102f911cf8,ETH,exploit,revokecash,malicious spender/exploit,Arcadia Finance Hack,2025-07-15
0x60323cc097d4a22fc141659c067008ad724abccb,ETH,exploit,revokecash,malicious spender/exploit,Arcadia Finance Hack,2025-07-15
0x0527cbc0eb454fc4bf10178206dd03b78a656f1f,ETH,exploit,revokecash,malicious spender/exploit,Arcadia Finance Hack,2025-07-15
0xca8baae76283ae0707cad9bdadd9f961259f687c,ETH,exploit,revokecash,malicious spender/exploit,Arcadia Finance Hack,2025-07-15
0x10fbbc7726f332ee595f308251aa61df56a5921f,ETH,exploit,revokecash,malicious spender/exploit,Arcadia Finance Hack,2025-07-15
0x504d5f77fb51994390a029ab695e7cff2afb0efb,ETH,exploit,revokecash,malicious spender/exploit,Arcadia Finance Hack,2025-07-15
0x4716f35f357c9f874db9a490bb9e5fffef6383a3,ETH,exploit,revokecash,malicious spender/exploit,Arcadia Finance Hack,2025-07-15
0x70ca3f683ae7689502612c0f008097c4d8b81f4c,ETH,exploit,revokecash,malicious spender/exploit,Arcadia Finance Hack,2025-07-15
0xeef80a46c28b097e988f511b7f7f39e11c640240,ETH,exploit,revokecash,malicious spender/exploit,Arcadia Finance Hack,2025-07-15
0xd8302a5ee43936840d5f262d2406ce7ca239fc98,ETH,exploit,revokecash,malicious spender/exploit,Arcadia Finance Hack,2025-07-15
0x3b981f5afe4e52e8972e71d978fa57a11fa2b9ad,ETH,exploit,revokecash,malicious spender/exploit,Arcadia Finance Hack,2025-07-15
0x343b7028fdb0d777de429de2215686396fedd105,ETH,exploit,revokecash,malicious spender/exploit,Arcadia Finance Hack,2025-07-15
0x5b08d8235dc58c7393775407a571fc99b01215c3,ETH,exploit,revokecash,malicious spender/exploit,Arcadia Finance Hack,2025-07-15
0x8c4465ba1091721ff4ea1a6dc3f226754d229556,ETH,exploit,revokecash,malicious spender/exploit,Arcadia Finance Hack,2025-07-15
0x091aec347514e669abe93122433170d10ff59d65,ETH,exploit,revokecash,malicious spender/exploit,Arcadia Finance Hack,2025-07-15
0x400a1666d994855bc27d9d43e867861220c727b1,ETH,exploit,revokecash,malicious spender/exploit,Arcadia Finance Hack,2025-07-15
0xddb293cdbfcb28eb7317b0ce1b246edae65dfb30,ETH,exploit,revokecash,malicious spender/exploit,Arcadia Finance Hack,2025-07-15
0x6e6f87c6feae903d52c27978b1d16cfb76d87dc1,ETH,exploit,revokecash,malicious spender/exploit,Arcadia Finance Hack,2025-07-15
0xd6f8215dafdcd38119a88a1eb352758460e5fcda,ETH,exploit,revokecash,malicious spender/exploit,Arcadia Finance Hack,2025-07-15
0x1e015b1150c6486f72b27520b76f34ca6a3ef53e,ETH,exploit,revokecash,malicious spender/exploit,Arcadia Finance Hack,2025-07-15
0xf3b769bc11442ac0b9f5509f1c24a3a2ff61dfcf,ETH,exploit,revokecash,malicious spender/exploit,Arcadia Finance Hack,2025-07-15
0x29f3d3b4c4164a2bcadb71f30ea657986f040997,ETH,exploit,revokecash,malicious spender/exploit,Arcadia Finance Hack,2025-07-15
0x8d17e8a961d8c7bea3fa585e721a107082dd3ff4,ETH,exploit,revokecash,malicious spender/exploit,Arcadia Finance Hack,2025-07-15
0x38aef33f91a8d87e70c5b9e9c95ef5cd579c2daf,ETH,exploit,revokecash,malicious spender/exploit,Arcadia Finance Hack,2025-07-15
0x3c599d74c1529df5752332239d9db8c6eafe25d2,ETH,exploit,revokecash,malicious spender/exploit,Arcadia Finance Hack,2025-07-15
0x2e916452dc4099d0671bb158b89655749a69bd6d,ETH,exploit,revokecash,malicious spender/exploit,Arcadia Finance Hack,2025-07-15
0xb40e090d6a8d3edb94911e218ff96f855b410b42,ETH,exploit,revokecash,malicious spender/exploit,Arcadia Finance Hack,2025-07-15
0xdf37db2c959f198ef16f3e578d0d597a23d0704a,ETH,exploit,revokecash,malicious spender/exploit,Arcadia Finance Hack,2025-07-15
0x58fe9815c1d506de480b193203419ba13b0a4378,ETH,exploit,revokecash,malicious spender/exploit,Arcadia Finance Hack,2025-07-15
0xe6f9549453aa99de6153c39b42c7d836735c21ad,ETH,exploit,revokecash,malicious spender/exploit,Arcadia Finance Hack,2025-07-15
0x0db2e6acc8a00c3d86efed7ab90b1fe5a653ca5f,ETH,exploit,revokecash,malicious spender/exploit,Arcadia Finance Hack,2025-07-15
0x581b6d90fa97549cec125c030f6664824c187f31,ETH,exploit,revokecash,malicious spender/exploit,Arcadia Finance Hack,2025-07-15
0x9ccacc88eb045da415afc2d4b183668d07d0c1d3,ETH,exploit,revokecash,malicious spender/exploit,Arcadia Finance Hack,2025-07-15
0x60a13ee532e3fc3cb905dc5c49833f046c3e1359,ETH,exploit,revokecash,malicious spender/exploit,Arcadia Finance Hack,2025-07-15
0x0a98bc9179818c3ddb33c2199c58829ae3cb7476,ETH,exploit,revokecash,malicious spender/exploit,Arcadia Finance Hack,2025-07-15
0xddaed742253fdf84030013fa3cc1365b21da0596,ETH,exploit,revokecash,malicious spender/exploit,Arcadia Finance Hack,2025-07-15
0xb7554a2397ed133a5f14d4567a5cc921cd3b5555,ETH,exploit,revokecash,malicious spender/exploit,Arcadia Finance Hack,2025-07-15
0x77347417037b5b85e23565e9f2fdbdeebea36290,ETH,exploit,revokecash,malicious spender/exploit,Arcadia Finance Hack,2025-07-15
0x1be3d513fc7f4f12c5b43d477a8002b69e5c0862,ETH,exploit,revokecash,malicious spender/exploit,Arcadia Finance Hack,2025-07-15
0x1750936c49f56c7c470ab7a06de23d6b23252f09,ETH,exploit,revokecash,malicious spender/exploit,Arcadia Finance Hack,2025-07-15
0x59eeb3fa140f2b43163ffbcd398eb2d0416141e6,ETH,exploit,revokecash,malicious spender/exploit,Arcadia Finance Hack,2025-07-15
0xa87bf4187e8e237c697107780a4133f36ffa5b93,ETH,exploit,revokecash,malicious spender/exploit,Arcadia Finance Hack,2025-07-15
0x1d5e90e3bdae9674d46ecc86d2ef4ed2f3eccf26,ETH,exploit,revokecash,malicious spender/exploit,Arcadia Finance Hack,2025-07-15
0xd71b308decc81d494c71883813673c88eb3769fb,ETH,exploit,revokecash,malicious spender/exploit,Arcadia Finance Hack,2025-07-15
0x68d11f60cb621130fc1300125bd8f010e84f2da0,ETH,exploit,revokecash,malicious spender/exploit,Arcadia Finance Hack,2025-07-15
0x89f7478e6b23d9447a8dca98d146eb64b571f1b8,ETH,exploit,revokecash,malicious spender/exploit,Arcadia Finance Hack,2025-07-15
0xc779204167c6e57357943c3cf2524152eff712e3,ETH,exploit,revokecash,malicious spender/exploit,Arcadia Finance Hack,2025-07-15
0x957ade74e777dcd76ff09d789ff2b0d1f696ae4e,ETH,exploit,revokecash,malicious spender/exploit,Arcadia Finance Hack,2025-07-15
0x9185bae2b1da8d93eee32ac372be7a67c08e6629,ETH,exploit,revokecash,malicious spender/exploit,Arcadia Finance Hack,2025-07-15
0x093be33c52c105d13fae1aed70f7f7ad36817371,ETH,exploit,revokecash,malicious spender/exploit,Arcadia Finance Hack,2025-07-15
0x23779b3fc081c4f91bc9ad82e4aa7870367ca892,ETH,exploit,revokecash,malicious spender/exploit,Arcadia Finance Hack,2025-07-15
0x942d49e49bb9a733fe7b36da73dc75513f0ab48e,ETH,exploit,revokecash,malicious spender/exploit,Arcadia Finance Hack,2025-07-15
0x559a6d239af8ba7b53442b841e66de2e3733763c,ETH,exploit,revokecash,malicious spender/exploit,Arcadia Finance Hack,2025-07-15
0x6130b9816b558e0210e598c1b3cbc58c8f3466a9,ETH,exploit,revokecash,malicious spender/exploit,Arcadia Finance Hack,2025-07-15
0x4e833158cf447f7cc12a24d098abd3854c1c99b7,ETH,exploit,revokecash,malicious spender/exploit,Arcadia Finance Hack,2025-07-15
0xadcc4a6ab788a114202cf0a4b46f0dfa6d352f9c,ETH,exploit,revokecash,malicious spender/exploit,Arcadia Finance Hack,2025-07-15
0xf8cb2a9698c98166b828caaaa11223e26ad799a9,ETH,exploit,revokecash,malicious spender/exploit,Arcadia Finance Hack,2025-07-15
0x85be63544b7b85db8345ef0c25d3f1d178332848,ETH,exploit,revokecash,malicious spender/exploit,Arcadia Finance Hack,2025-07-15
0x0b64d5b8d6b69658b5730facb93fe37a999f1958,ETH,exploit,revokecash,malicious spender/exploit,Arcadia Finance Hack,2025-07-15
0x7fe5256f35be6c5f7fe9cf6f94db50c49179d32e,ETH,exploit,revokecash,malicious spender/exploit,Arcadia Finance Hack,2025-07-15
0xb82741bb00dd859c9a95bfac358bcc911fb902d2,ETH,exploit,revokecash,malicious spender/exploit,Arcadia Finance Hack,2025-07-15
0x3e111f24d39e01941d97d4c8440aa514c250b0b0,ETH,exploit,revokecash,malicious spender/exploit,Arcadia Finance Hack,2025-07-15
0xbece5393f2abd991dec622a643bbcad57c7a3a59,ETH,exploit,revokecash,malicious spender/exploit,Arcadia Finance Hack,2025-07-15
0x13eb13fe50ccbebb6474074745481993cdf17195,ETH,exploit,revokecash,malicious spender/exploit,Arcadia Finance Hack,2025-07-15
0xdcf26e0ab73cfdaf0ec8a83b65780dd852e6fa6a,ETH,exploit,revokecash,malicious spender/exploit,Arcadia Finance Hack,2025-07-15
0x494c3b8576766bb0f67124063d31c6e59192fdf8,ETH,exploit,revokecash,malicious spender/exploit,Arcadia Finance Hack,2025-07-15
0xd49580e2ea7b818a178bdb034144b97c6fc5a1dc,ETH,exploit,revokecash,malicious spender/exploit,Arcadia Finance Hack,2025-07-15
0xfa275b4a3002c9d3599ed3c2fc6d33c51a81f9f5,ETH,exploit,revokecash,malicious spender/exploit,Arcadia Finance Hack,2025-07-15
0x82a939bbb724937fb465fbfa490530f65be6272a,ETH,exploit,revokecash,malicious spender/exploit,Arcadia Finance Hack,2025-07-15
0xd7d0e634a4e96bdcc918094b4eecd23bfd989c1b,ETH,exploit,revokecash,malicious spender/exploit,Arcadia Finance Hack,2025-07-15
0xb0f638deedf009420bcd601a79e99714e9348fd7,ETH,exploit,revokecash,malicious spender/exploit,Arcadia Finance Hack,2025-07-15
0x8edc4d6891616cbb83d684cda5f8972d131f0bd8,ETH,exploit,revokecash,malicious spender/exploit,Arcadia Finance Hack,2025-07-15
0xccf3da017ba71fddd19fd757e980fecd969b5b41,ETH,exploit,revokecash,malicious spender/exploit,Arcadia Finance Hack,2025-07-15
0x874eecb31cf0c0390c6dafb914e41f0261924023,ETH,exploit,revokecash,malicious spender/exploit,Arcadia Finance Hack,2025-07-15
0x30d1d5cda77ae7842ae768b697b3398a9269247e,ETH,exploit,revokecash,malicious spender/exploit,Arcadia Finance Hack,2025-07-15
0x1cb9b103cf9d87e684e1f595baf6b3948d63c5c3,ETH,exploit,revokecash,malicious spender/exploit,Arcadia Finance Hack,2025-07-15
0x898387b775f2ba3ac47e0f4daa7f2b4b9a2edf2f,ETH,exploit,revokecash,malicious spender/exploit,Arcadia Finance Hack,2025-07-15
0xbd57472c3fc36376613f1a2e6c414936c3878822,ETH,exploit,revokecash,malicious spender/exploit,Arcadia Finance Hack,2025-07-15
0x0fd6880629c54167af5e5ccedcf7c7ee61261392,ETH,exploit,revokecash,malicious spender/exploit,Arcadia Finance Hack,2025-07-15
0x874bb748271306f4ca26462717b1719fa1f796f9,ETH,exploit,revokecash,malicious spender/exploit,Arcadia Finance Hack,2025-07-15
0x507455f874b7acef01088b4d60110b60f31f1463,ETH,exploit,revokecash,malicious spender/exploit,Arcadia Finance Hack,2025-07-15
0xb6ad840298ad1ab3df99e738d2e5a99f45babf0f,ETH,exploit,revokecash,malicious spender/exploit,Arcadia Finance Hack,2025-07-15
0x94659886bba27b29d78813418a399707b2a01fc0,ETH,exploit,revokecash,malicious spender/exploit,Arcadia Finance Hack,2025-07-15
0x2d70c6b0f1293f6b32d1e4e04cb019bf4e92ae4a,ETH,exploit,revokecash,malicious spender/exploit,Arcadia Finance Hack,2025-07-15
0x186ac61c7b661bd4de57a54bc360557b6ee87dae,ETH,exploit,revokecash,malicious spender/exploit,Arcadia Finance Hack,2025-07-15
0x842e09889cd46acc0186c54d8196c5c2b4766973,ETH,exploit,revokecash,malicious spender/exploit,Arcadia Finance Hack,2025-07-15
0x07cfac1517c4e7e526614a11bd7c4071755b1b87,ETH,exploit,revokecash,malicious spender/exploit,Arcadia Finance Hack,2025-07-15
0x981079903aef043a3f0909015d551e29cf17ed73,ETH,exploit,revokecash,malicious spender/exploit,Arcadia Finance Hack,2025-07-15
0x58962922b44ab071072518d350a7e9cf3a7b17cd,ETH,exploit,revokecash,malicious spender/exploit,Arcadia Finance Hack,2025-07-15
0xac6b6826a451755abdf4fb000e763f7f1eb75e08,ETH,exploit,revokecash,malicious spender/exploit,Arcadia Finance Hack,2025-07-15
0x5c7ea4a48004cb07a8a26af74dce8e9ca345cb1c,ETH,exploit,revokecash,malicious spender/exploit,Arcadia Finance Hack,2025-07-15
0x4e6de190a43d0eb2917c06429259dedeefa7ffcc,ETH,exploit,revokecash,malicious spender/exploit,Arcadia Finance Hack,2025-07-15
0x67818b5c98d7752533f8e177b3c177e91410aeba,ETH,exploit,revokecash,malicious spender/exploit,Arcadia Finance Hack,2025-07-15
0x5dee0d99e603c7a594467b9fc83b23dd9be47e1b,ETH,exploit,revokecash,malicious spender/exploit,Arcadia Finance Hack,2025-07-15
0x29b411e87726dc5d2c4b84b34f86974ea30caa85,ETH,exploit,revokecash,malicious spender/exploit,Arcadia Finance Hack,2025-07-15
0x8c619cff0bda6a2eda79ccaf761277cd199b0764,ETH,exploit,revokecash,malicious spender/exploit,Arcadia Finance Hack,2025-07-15
0x5e6ab5ef04893b292d7282ec216c03ac59691b53,ETH,exploit,revokecash,malicious spender/exploit,Arcadia Finance Hack,2025-07-15
0x19b490183b8c0a12a9502c6839559fb6e1160a9a,ETH,exploit,revokecash,malicious spender/exploit,Arcadia Finance Hack,2025-07-15
0x0d8d98f9359114af82aba7e07303e9f4d73becbd,ETH,exploit,revokecash,malicious spender/exploit,Arcadia Finance Hack,2025-07-15
0x81976f5bac5f9b9ba6d0f198e3fd2bcecb6612bf,ETH,exploit,revokecash,malicious spender/exploit,Arcadia Finance Hack,2025-07-15
0xd7925d3ad8a8ed43def2a14a6fdb1290d0098d8c,ETH,exploit,revokecash,malicious spender/exploit,Arcadia Finance Hack,2025-07-15
0xdadcfb0c81c8652ba913675a6dfa1c43deee9f7d,ETH,exploit,revokecash,malicious spender/exploit,Arcadia Finance Hack,2025-07-15
0xc5ea3d4d22a388d5cba11f6f21b437530130e922,ETH,exploit,revokecash,malicious spender/exploit,Arcadia Finance Hack,2025-07-15
0x1d6ea72ca796427193f905035d398cc72b904d21,ETH,exploit,revokecash,malicious spender/exploit,Arcadia Finance Hack,2025-07-15
0x4dc362edeeb9bdf3875e500e8e92c4db54eedebc,ETH,exploit,revokecash,malicious spender/exploit,Arcadia Finance Hack,2025-07-15
0x257c876a113a996db28c5456aeda24bc6eee3c1c,ETH,exploit,revokecash,malicious spender/exploit,Arcadia Finance Hack,2025-07-15
0xf75cfb06f1a007b0b36df501b63b25657ea4642b,ETH,exploit,revokecash,malicious spender/exploit,Arcadia Finance Hack,2025-07-15
0x8ac54070d990d40299ad8f985ade3061cf78282d,ETH,exploit,revokecash,malicious spender/exploit,Arcadia Finance Hack,2025-07-15
0x9cb11a3cf6a1e2f7d7983838b6c1e0094797509f,ETH,exploit,revokecash,malicious spender/exploit,Arcadia Finance Hack,2025-07-15
0xc6458c9266c522c35ae897402580f646223bc423,ETH,exploit,revokecash,malicious spender/exploit,Arcadia Finance Hack,2025-07-15
0xa917f5daec8652a104d7a113807591519251f0e4,ETH,exploit,revokecash,malicious spender/exploit,Arcadia Finance Hack,2025-07-15
0xf919dcd9d9da73cdb46a355be663c5908953ddab,ETH,exploit,revokecash,malicious spender/exploit,Arcadia Finance Hack,2025-07-15
0x569a6532e4f326c2828aad814638f1bd11ddcb21,ETH,exploit,revokecash,malicious spender/exploit,Arcadia Finance Hack,2025-07-15
0x4410dd7bc7bd715dc63971cafae78da1a3c25189,ETH,exploit,revokecash,malicious spender/exploit,Arcadia Finance Hack,2025-07-15
0x86ba89deb18d297c79ae5d27ca4808ecca5eae61,ETH,exploit,revokecash,malicious spender/exploit,Arcadia Finance Hack,2025-07-15
0xbf1af7d3f49bce741fbe10689ab8f7def5d1a740,ETH,exploit,revokecash,malicious spender/exploit,Arcadia Finance Hack,2025-07-15
0x77c24f2556890e9aa502cc580bce13b0ea86d0e9,ETH,exploit,revokecash,malicious spender/exploit,Arcadia Finance Hack,2025-07-15
0xa1ea72ce3bdf18fbf90e6d048557714d686e3817,ETH,exploit,revokecash,malicious spender/exploit,Arcadia Finance Hack,2025-07-15
0x2a3236ed013f3a11263aead84df4bcf9a88a719e,ETH,exploit,revokecash,malicious spender/exploit,Arcadia Finance Hack,2025-07-15
0xa82792053dfcf5e821ac9e86497267832064d24a,ETH,exploit,revokecash,malicious spender/exploit,Arcadia Finance Hack,2025-07-15
0x2b98cedcb4b2db8e38873f2137949e029f837fef,ETH,exploit,revokecash,malicious spender/exploit,Arcadia Finance Hack,2025-07-15
0xa67a7a1b50caa5826c44e5d498add0b786c9361d,ETH,exploit,revokecash,malicious spender/exploit,Arcadia Finance Hack,2025-07-15
0xea26f8aa1522b25f3906b8f81c8e0288b5e14f6a,ETH,exploit,revokecash,malicious spender/exploit,Arcadia Finance Hack,2025-07-15
0x251d8bb6eaf31595787f018e322496e8db521f0b,ETH,exploit,revokecash,malicious spender/exploit,Arcadia Finance Hack,2025-07-15
0x57c9f8f9eb6027fb6d38bb8c370989758354926a,ETH,exploit,revokecash,malicious spender/exploit,Arcadia Finance Hack,2025-07-15
0x0779cf977f73f3d936ad678992aa5d60db9804a7,ETH,exploit,revokecash,malicious spender/exploit,Arcadia Finance Hack,2025-07-15
0x74cc61984975269612522777971007c050ca39f1,ETH,exploit,revokecash,malicious spender/exploit,Arcadia Finance Hack,2025-07-15
0xcc7b66e2497d1a4562046a0d7773f9121450f2ac,ETH,exploit,revokecash,malicious spender/exploit,Arcadia Finance Hack,2025-07-15
0x415a79052a221820f90f1c14548ed88c697bb52e,ETH,exploit,revokecash,malicious spender/exploit,Arcadia Finance Hack,2025-07-15
0x0f0ad25ba93b44f9e470068a7db96477d325a759,ETH,exploit,revokecash,malicious spender/exploit,Arcadia Finance Hack,2025-07-15
0x82c84036153055fb4fd42dae64514088e840df6e,ETH,exploit,revokecash,malicious spender/exploit,Arcadia Finance Hack,2025-07-15
0xdb3ab526cac1a52b8ea7430d7f9dd7f85e98c72b,ETH,exploit,revokecash,malicious spender/exploit,Arcadia Finance Hack,2025-07-15
0x31b1c1befd9ad85b05d1e9fc0bb1e39cd00fe0f7,ETH,exploit,revokecash,malicious spender/exploit,Arcadia Finance Hack,2025-07-15
0x131873bdf2eb67c360d5f5c9f1e14230e90a97be,ETH,exploit,revokecash,malicious spender/exploit,Arcadia Finance Hack,2025-07-15
0x41cb62e03caa00efa609509446b606dcc6b05a6c,ETH,exploit,revokecash,malicious spender/exploit,Arcadia Finance Hack,2025-07-15
0xa9a91444a4784159c7305f51082ed7375ca099e7,ETH,exploit,revokecash,malicious spender/exploit,Arcadia Finance Hack,2025-07-15
0xd7506297ef5ff7cd9a06d742bbbdc667a60bf8e3,ETH,exploit,revokecash,malicious spender/exploit,Arcadia Finance Hack,2025-07-15
0x3cfdf8485579ed8b1e5b2d9c544cfe2e6014012e,ETH,exploit,revokecash,malicious spender/exploit,Arcadia Finance Hack,2025-07-15
0x548a353e94843e46a511c2bcf01e4600166f0f61,ETH,exploit,revokecash,malicious spender/exploit,Arcadia Finance Hack,2025-07-15
0x3490d455c433a995f6511402244d2e256ff2e521,ETH,exploit,revokecash,malicious spender/exploit,Arcadia Finance Hack,2025-07-15
0xf9ca86078748c3cbe6c6768f6252f697ebd61753,ETH,exploit,revokecash,malicious spender/exploit,Arcadia Finance Hack,2025-07-15
0x204d45810bfd78ce1156b8da48ea44390077621e,ETH,exploit,revokecash,malicious spender/exploit,Arcadia Finance Hack,2025-07-15
0x82d2dc9711c9b0ee44c77d046f26ad865e022867,ETH,exploit,revokecash,malicious spender/exploit,Arcadia Finance Hack,2025-07-15
0xaf5b45171f48ebe7e6f6ff3e205c4821a6084e8e,ETH,exploit,revokecash,malicious spender/exploit,Arcadia Finance Hack,2025-07-15
0x206c6397a2d1e1f9c6d9da25c631c790b4ff5546,ETH,exploit,revokecash,malicious spender/exploit,Arcadia Finance Hack,2025-07-15
0x53bc10054d78cbd4fdc6c6c9828ea74749526754,ETH,exploit,revokecash,malicious spender/exploit,Arcadia Finance Hack,2025-07-15
0x90506e6a1dad77614578989abe6a3fd1c8a5a7f3,ETH,exploit,revokecash,malicious spender/exploit,Arcadia Finance Hack,2025-07-15
0x0f2e72909a4ae803a0d8ae2999e3b7ac24943e73,ETH,exploit,revokecash,malicious spender/exploit,Arcadia Finance Hack,2025-07-15
0x6a25e16bf65a575ec0b98d886beed1546ab8653e,ETH,exploit,revokecash,malicious spender/exploit,Arcadia Finance Hack,2025-07-15
0xaf459a25a60be24b28c4b209b731d91a057458fe,ETH,exploit,revokecash,malicious spender/exploit,Arcadia Finance Hack,2025-07-15
0xa6ac88a4685d38e2c3271fb2acca00f27aa793de,ETH,exploit,revokecash,malicious spender/exploit,Arcadia Finance Hack,2025-07-15
0xd741d3bfcd6fd26b7d5e2dbf5b87097c671f719a,ETH,exploit,revokecash,malicious spender/exploit,Arcadia Finance Hack,2025-07-15
0xb83ce7f6c454e00f1ff5c3abc782f249cce30cfe,ETH,exploit,revokecash,malicious spender/exploit,Arcadia Finance Hack,2025-07-15
0xa8593909b9512ecf55515cde574f57e3d31a6665,ETH,exploit,revokecash,malicious spender/exploit,Arcadia Finance Hack,2025-07-15
0x4353baac835cd36f1268c7ae9b748722c27498d5,ETH,exploit,revokecash,malicious spender/exploit,Arcadia Finance Hack,2025-07-15
0x38cd5743e1430917e2045e3114fe8b1f90aaa841,ETH,exploit,revokecash,malicious spender/exploit,Arcadia Finance Hack,2025-07-15
0x4393ff59908b400f6e1dcedb2d30aa9a800fb229,ETH,exploit,revokecash,malicious spender/exploit,Arcadia Finance Hack,2025-07-15
0xbf23c7c74853b0468282870fdb447152dea35b77,ETH,exploit,revokecash,malicious spender/exploit,Arcadia Finance Hack,2025-07-15
0xc005c788d3a7a15bbfa8649ee11692231c3279ba,ETH,exploit,revokecash,malicious spender/exploit,Arcadia Finance Hack,2025-07-15
0xbf1f58428c9f0d444d57de76bb1b11f92c3e22c8,ETH,exploit,revokecash,malicious spender/exploit,Arcadia Finance Hack,2025-07-15
0xd416b93cdcc447f52be3d34cc9cc767fe836067f,ETH,exploit,revokecash,malicious spender/exploit,Arcadia Finance Hack,2025-07-15
0x681814edfa44e38b6f226cc6e792ac98a62658f1,ETH,exploit,revokecash,malicious spender/exploit,Arcadia Finance Hack,2025-07-15
0x7b4c07eb4e6657c6a955994bc0f388fca5fd97fb,ETH,exploit,revokecash,malicious spender/exploit,Arcadia Finance Hack,2025-07-15
0xa9c51fdb750f8e7eaabc9fca07214b7801176a9f,ETH,exploit,revokecash,malicious spender/exploit,Arcadia Finance Hack,2025-07-15
0xbc841071af6165c121a665b4d4b5ad911066bad4,ETH,exploit,revokecash,malicious spender/exploit,Arcadia Finance Hack,2025-07-15
0x10bde190c5e3e2fda59c6c73603fdff6fb6d17ed,ETH,exploit,revokecash,malicious spender/exploit,Arcadia Finance Hack,2025-07-15
0xf1436e086df33c51f84c163d01f14042a04c1e39,ETH,exploit,revokecash,malicious spender/exploit,Arcadia Finance Hack,2025-07-15
0x84b71726ce4118a463d1446b4f761f265613316a,ETH,exploit,revokecash,malicious spender/exploit,Arcadia Finance Hack,2025-07-15
0x6795c995bfb353943dabea8902564292d19444dc,ETH,exploit,revokecash,malicious spender/exploit,Arcadia Finance Hack,2025-07-15
0x076b6408aa2eebe0c91a050d1b7f37be565e7d8f,ETH,exploit,revokecash,malicious spender/exploit,Arcadia Finance Hack,2025-07-15
0xcefc2ad3f72e9e96054d9f7e72506b6b85058df2,ETH,exploit,revokecash,malicious spender/exploit,Arcadia Finance Hack,2025-07-15
0xf1c303cf637a32b25c262c37e6dca984dee85e15,ETH,exploit,revokecash,malicious spender/exploit,Arcadia Finance Hack,2025-07-15
0x0350e69f1674109835c6f4839ae8c2dbbe6d33a5,ETH,exploit,revokecash,malicious spender/exploit,Arcadia Finance Hack,2025-07-15
0x732f846930e6d7a4729729c71c84c6b8cbd1cf91,ETH,exploit,revokecash,malicious spender/exploit,Arcadia Finance Hack,2025-07-15
0x523cb4bdeb928f3a5af3eae50b032a5fadf710e0,ETH,exploit,revokecash,malicious spender/exploit,Arcadia Finance Hack,2025-07-15
0x02dfc1663435f791b439e22cbfc5b5af4a75f801,ETH,exploit,revokecash,malicious spender/exploit,Arcadia Finance Hack,2025-07-15
0x7f0a08b661ee0ec709f0008c9fa29729486ec69c,ETH,exploit,revokecash,malicious spender/exploit,Arcadia Finance Hack,2025-07-15
0x1365c565c0e2d88470c65f166c9c6940e6b8f24d,ETH,exploit,revokecash,malicious spender/exploit,Arcadia Finance Hack,2025-07-15
0x44ef7180806ece92434b9bc2b3a095431480a0ce,ETH,exploit,revokecash,malicious spender/exploit,Arcadia Finance Hack,2025-07-15
0xcb1d2b1d83e70bcbd39237b067fbf3d7439846eb,ETH,exploit,revokecash,malicious spender/exploit,Arcadia Finance Hack,2025-07-15
0x080763c5f84c504b53a687ab877326120d579f68,ETH,exploit,revokecash,malicious spender/exploit,Arcadia Finance Hack,2025-07-15
0x470dc1c32fece9a2230317651436e2945c182a70,ETH,exploit,revokecash,malicious spender/exploit,Arcadia Finance Hack,2025-07-15
0x149bd20e5e479f833f7b1a1c5ba99cede3b0f3cd,ETH,exploit,revokecash,malicious spender/exploit,Arcadia Finance Hack,2025-07-15
0x545eb9fdb26b433c7ac3c25b9234998a6bbefdcf,ETH,exploit,revokecash,malicious spender/exploit,Arcadia Finance Hack,2025-07-15
0x23f639024ca8ce1739359061b58cab7794a6bbc7,ETH,exploit,revokecash,malicious spender/exploit,Arcadia Finance Hack,2025-07-15
0xabdcaa9a06033ab74d772ab66db5812f62c6352c,ETH,exploit,revokecash,malicious spender/exploit,Arcadia Finance Hack,2025-07-15
0xf4685c7333ae8c77ba9e6812afd1f6a03c8b99c6,ETH,exploit,revokecash,malicious spender/exploit,Arcadia Finance Hack,2025-07-15
0x40e960797623d8f2130f12937798cd9df13f3b7e,ETH,exploit,revokecash,malicious spender/exploit,Arcadia Finance Hack,2025-07-15
0x79ac79c05bd0436cb4ff72e4e3bd336485b97f8c,ETH,exploit,revokecash,malicious spender/exploit,Arcadia Finance Hack,2025-07-15
0xcd7b50464d89b20106e31443d8c3762f6fbb8030,ETH,exploit,revokecash,malicious spender/exploit,Arcadia Finance Hack,2025-07-15
0xadc489da3f418da3ab4ff96eb046a7a98f4d8846,ETH,exploit,revokecash,malicious spender/exploit,Arcadia Finance Hack,2025-07-15
0x6716573a41f61940cca9f1a2a3e56a1b096d313f,ETH,exploit,revokecash,malicious spender/exploit,Arcadia Finance Hack,2025-07-15
0xd2e815f6107b2a1776ad82089b0f2bfe8e68309d,ETH,exploit,revokecash,malicious spender/exploit,Arcadia Finance Hack,2025-07-15
0x15b0bffd1775ddb21276a2468f70690c49e61ebc,ETH,exploit,revokecash,malicious spender/exploit,Arcadia Finance Hack,2025-07-15
0x5f194708a49c4527c369379cc6513e28df2263e4,ETH,exploit,revokecash,malicious spender/exploit,Arcadia Finance Hack,2025-07-15
0x8b627dc6f65a6137ef5df856756c3e3e4d41556b,ETH,exploit,revokecash,malicious spender/exploit,Arcadia Finance Hack,2025-07-15
0x4c30abc4c20a97f14bbba428507a910e760e2e47,ETH,exploit,revokecash,malicious spender/exploit,Arcadia Finance Hack,2025-07-15
0x45e4ca1723922f393e28cf5f67a924cf4d5514cd,ETH,exploit,revokecash,malicious spender/exploit,Arcadia Finance Hack,2025-07-15
0x7ad271183925398d5e64208909ab08276f4be068,ETH,exploit,revokecash,malicious spender/exploit,Arcadia Finance Hack,2025-07-15
0xf8c2194930255e5669bc6f6a56b2d28929607134,ETH,exploit,revokecash,malicious spender/exploit,Arcadia Finance Hack,2025-07-15
0x61b0d10b2604ed9a521129bd9d0b49e66ed8a490,ETH,exploit,revokecash,malicious spender/exploit,Arcadia Finance Hack,2025-07-15
0x9127711342dc17ca75052374c4ee882f5516cf6a,ETH,exploit,revokecash,malicious spender/exploit,Arcadia Finance Hack,2025-07-15
0x9d2004d6a5875a96bb064d802e61737f4ea96dd8,ETH,exploit,revokecash,malicious spender/exploit,Arcadia Finance Hack,2025-07-15
0xb648e634586bfdb2972addf9ab3f4133cc8c7553,ETH,exploit,revokecash,malicious spender/exploit,Arcadia Finance Hack,2025-07-15
0x8a4c8063237e45c162272ba19836bfb283fc9056,ETH,exploit,revokecash,malicious spender/exploit,Arcadia Finance Hack,2025-07-15
0xeee4d84b74098763c7c982bea1d6993e3134612e,ETH,exploit,revokecash,malicious spender/exploit,Arcadia Finance Hack,2025-07-15
0x3a2575dcc187f9edf23a626f206d0c92cd7d30b9,ETH,exploit,revokecash,malicious spender/exploit,Arcadia Finance Hack,2025-07-15
0x089a6cb37b1cda8eae0a483857e18a5fbe264e86,ETH,exploit,revokecash,malicious spender/exploit,Arcadia Finance Hack,2025-07-15
0x0fc4b1997732f579e4e1a830dc8849239ca3366d,ETH,exploit,revokecash,malicious spender/exploit,Arcadia Finance Hack,2025-07-15
0x36d164bc42b841217db3276c0b4aeabf5793f3f8,ETH,exploit,revokecash,malicious spender/exploit,Arcadia Finance Hack,2025-07-15
0xc0f79e3cf4aceeadd46a92d565481fa48dad0542,ETH,exploit,revokecash,malicious spender/exploit,Arcadia Finance Hack,2025-07-15
0x0bd691aa00002d1993e94d1872553c5576bd7c95,ETH,exploit,revokecash,malicious spender/exploit,Arcadia Finance Hack,2025-07-15
0x36ae16266597583a0e55c4ce084be3fc27da05b0,ETH,exploit,revokecash,malicious spender/exploit,Arcadia Finance Hack,2025-07-15
0x267fee6fddb2dab9815473f3ceef1d43fd01987e,ETH,exploit,revokecash,malicious spender/exploit,Arcadia Finance Hack,2025-07-15
0x75be7c49131e9175e72a233984b8d18e8ac51e93,ETH,exploit,revokecash,malicious spender/exploit,Arcadia Finance Hack,2025-07-15
0x813cfb23b9cbe95fe8ec3c4590dbbfd23491f926,ETH,exploit,revokecash,malicious spender/exploit,Arcadia Finance Hack,2025-07-15
0x53681d0848443c6f7d5655bc86271a89ca9276d5,ETH,exploit,revokecash,malicious spender/exploit,Arcadia Finance Hack,2025-07-15
0x150a83df3d89b41c08d6f80a4c800a28c20d2da1,ETH,exploit,revokecash,malicious spender/exploit,Arcadia Finance Hack,2025-07-15
0x67e208217066f92d7783b385145a951b0ab33954,ETH,exploit,revokecash,malicious spender/exploit,Arcadia Finance Hack,2025-07-15
0xe9efffc91ef9589a6e48d738c93075fe54df4181,ETH,exploit,revokecash,malicious spender/exploit,Arcadia Finance Hack,2025-07-15
0x373afcc3efc650a39a2321d3aac897c9586beafc,ETH,exploit,revokecash,malicious spender/exploit,Arcadia Finance Hack,2025-07-15
0x54478f4f126ffeded0f578327dbdf8d5159dd3f0,ETH,exploit,revokecash,malicious spender/exploit,Arcadia Finance Hack,2025-07-15
0x36c378b154934c951376c00e85affd3c6419e6b0,ETH,exploit,revokecash,malicious spender/exploit,Arcadia Finance Hack,2025-07-15
0x4c7f449d48983db3dc70bfa7e539fc334f4f5f37,ETH,exploit,revokecash,malicious spender/exploit,Arcadia Finance Hack,2025-07-15
0x012cf40df9577d7583d61b050827a74643a8ef37,ETH,exploit,revokecash,malicious spender/exploit,Arcadia Finance Hack,2025-07-15
0xf1a36298f7096ebee73888c79f7da7cca2f1db99,ETH,exploit,revokecash,malicious spender/exploit,Arcadia Finance Hack,2025-07-15
0x6fa5dfb01dc88ea5e39088dc27d8fa4ca5925a1d,ETH,exploit,revokecash,malicious spender/exploit,Arcadia Finance Hack,2025-07-15
0x903925e993ff5bb202fbd2045f2d7a49ddff4718,ETH,exploit,revokecash,malicious spender/exploit,Arcadia Finance Hack,2025-07-15
0x395e5d97b50fbed2871631b496f2fa8797c55540,ETH,exploit,revokecash,malicious spender/exploit,Arcadia Finance Hack,2025-07-15
0xe6922581684dfcd9d58a6f49c4f1bdf5903c4a77,ETH,exploit,revokecash,malicious spender/exploit,Arcadia Finance Hack,2025-07-15
0x4e214b985fcecd9c1e1c7885772bd6751e3d1b24,ETH,exploit,revokecash,malicious spender/exploit,Arcadia Finance Hack,2025-07-15
0x6a9f3607a040997c7c3d21b0978d965fa6ce5e15,ETH,exploit,revokecash,malicious spender/exploit,Arcadia Finance Hack,2025-07-15
0x6fe89c6f5a12b0928a3fef90165bffcfb6d5af47,ETH,exploit,revokecash,malicious spender/exploit,Arcadia Finance Hack,2025-07-15
0x41538180531cea39ce9d037e28d86ba43eb1829a,ETH,exploit,revokecash,malicious spender/exploit,Arcadia Finance Hack,2025-07-15
0x6369520ce50dc6dbe0e7b8b4420bedead82a1684,ETH,exploit,revokecash,malicious spender/exploit,Arcadia Finance Hack,2025-07-15
0x27e5d063f808ea2f67247057364ef4c89c4b0b4f,ETH,exploit,revokecash,malicious spender/exploit,Arcadia Finance Hack,2025-07-15
0xd233f25d6d73e08f457bb666eb506327f6f90aea,ETH,exploit,revokecash,malicious spender/exploit,Arcadia Finance Hack,2025-07-15
0xa90bba6cbd99f81cf2eee35a54a7285da2883395,ETH,exploit,revokecash,malicious spender/exploit,Arcadia Finance Hack,2025-07-15
0x159221e470bb40d3bb2ce6ae222933267b7f98a4,ETH,exploit,revokecash,malicious spender/exploit,Arcadia Finance Hack,2025-07-15
0x1a2c953bd85d3d5aa85470b7e3d5b0000a3c0b30,ETH,exploit,revokecash,malicious spender/exploit,Arcadia Finance Hack,2025-07-15
0x963515324a12992f71e08e4ef96a3a1808c94176,ETH,exploit,revokecash,malicious spender/exploit,Arcadia Finance Hack,2025-07-15
0x25fae970f8eb92bc9f4f7abf6101eb2230a71291,ETH,exploit,revokecash,malicious spender/exploit,Arcadia Finance Hack,2025-07-15
0x6922ea558fdca6c7cb83fe0e839b24b3aa07d442,ETH,exploit,revokecash,malicious spender/exploit,Arcadia Finance Hack,2025-07-15
0xf3c91eb0a64d8888bae77fddb7bacc9722e380a0,ETH,exploit,revokecash,malicious spender/exploit,Arcadia Finance Hack,2025-07-15
0xc6031fd08ebe351b17d0915dbd2d61a9c4aeee05,ETH,exploit,revokecash,malicious spender/exploit,Arcadia Finance Hack,2025-07-15
0xaa1621ab8e7b1ed300b775a783e7b7acd36b242c,ETH,exploit,revokecash,malicious spender/exploit,Arcadia Finance Hack,2025-07-15
0x1acd50d6b76c6448a272902cf89258d1e3972d5d,ETH,exploit,revokecash,malicious spender/exploit,Arcadia Finance Hack,2025-07-15
0x8411d4080ba19d4ab333db11d5a7d8bd03c210b4,ETH,exploit,revokecash,malicious spender/exploit,Arcadia Finance Hack,2025-07-15
0x05c2f1faa318e1a8dc905525bf6ae8587c3295cb,ETH,exploit,revokecash,malicious spender/exploit,Arcadia Finance Hack,2025-07-15
0x9f9ff8f0e3c9065fa5d03f7ea26bb72a6b92349a,ETH,exploit,revokecash,malicious spender/exploit,Arcadia Finance Hack,2025-07-15
0xa5d446d021903b1ee9eb3596a03681950ea04b91,ETH,exploit,revokecash,malicious spender/exploit,Arcadia Finance Hack,2025-07-15
0xf71f42057caaeb81df73672ecbf2d79413af43c6,ETH,exploit,revokecash,malicious spender/exploit,Arcadia Finance Hack,2025-07-15
0x8c2e03a274ba184eb2cd70bf83f637f131ade16a,ETH,exploit,revokecash,malicious spender/exploit,Arcadia Finance Hack,2025-07-15
0x12840d5dd919e1509393fa891eeb3d293ac9d5c2,ETH,exploit,revokecash,malicious spender/exploit,Arcadia Finance Hack,2025-07-15
0xd8201aa0df87c00ec363a480c7ed311a6bfbf853,ETH,exploit,revokecash,malicious spender/exploit,Arcadia Finance Hack,2025-07-15
0xdb1a1f771c47d3acd755ee93914d27f6e7381858,ETH,exploit,revokecash,malicious spender/exploit,Arcadia Finance Hack,2025-07-15
0x2332b104de919f284e983a57ec945ff13ceafec1,ETH,exploit,revokecash,malicious spender/exploit,Arcadia Finance Hack,2025-07-15
0x7a3124cd3755603985dbc00feabc8c6969fcd84e,ETH,exploit,revokecash,malicious spender/exploit,Arcadia Finance Hack,2025-07-15
0xf0e3d7994cebfcbe052b3386072742f08f3ddcf6,ETH,exploit,revokecash,malicious spender/exploit,Arcadia Finance Hack,2025-07-15
0xc58ab48d7e471ebfc834ca8ab6bf8356cb44c4fb,ETH,exploit,revokecash,malicious spender/exploit,Arcadia Finance Hack,2025-07-15
0xb8f3d6b536a71091f0161969e816a5be0bc8c418,ETH,exploit,revokecash,malicious spender/exploit,Arcadia Finance Hack,2025-07-15
0xa098386d72ff0be300799ffdb8f08a977401c14d,ETH,exploit,revokecash,malicious spender/exploit,Arcadia Finance Hack,2025-07-15
0xdfc2acd0871bb6029b22d38fa75656c003108b5f,ETH,exploit,revokecash,malicious spender/exploit,Arcadia Finance Hack,2025-07-15
0xd04d27ff5ddd655f46814b3b8aba981ebd1b9055,ETH,exploit,revokecash,malicious spender/exploit,Arcadia Finance Hack,2025-07-15
0xe9cd307a98fffa289446b7f1aaa2f4eb6ac1ffb1,ETH,exploit,revokecash,malicious spender/exploit,Arcadia Finance Hack,2025-07-15
0x84805949e241e50533d20e6204100ec6dc530ec9,ETH,exploit,revokecash,malicious spender/exploit,Arcadia Finance Hack,2025-07-15
0x2d7eeaf7dde1a2fec9bb478a4ced801f1775278b,ETH,exploit,revokecash,malicious spender/exploit,Arcadia Finance Hack,2025-07-15
0x969ea285346dad6cbb31dd84a469750f1cb4b104,ETH,exploit,revokecash,malicious spender/exploit,Arcadia Finance Hack,2025-07-15
0x6817e879831e1c0d16ff7bfc07e030010ea0ec71,ETH,exploit,revokecash,malicious spender/exploit,Arcadia Finance Hack,2025-07-15
0x8036a3e5e00972732019c301214ce694e39a1d3e,ETH,exploit,revokecash,malicious spender/exploit,Arcadia Finance Hack,2025-07-15
0xf3495784eb41997678bd1efa84472c6d36665455,ETH,exploit,revokecash,malicious spender/exploit,Arcadia Finance Hack,2025-07-15
0xa75a3c5e420fe4b99479a9b4fa310dda4f136420,ETH,exploit,revokecash,malicious spender/exploit,Arcadia Finance Hack,2025-07-15
0x69477bb2e90aeaef3025df3fec646a34a699d8f9,ETH,exploit,revokecash,malicious spender/exploit,Arcadia Finance Hack,2025-07-15
0x5ff949509459b458a81ce2b97a3e987112324bdd,ETH,exploit,revokecash,malicious spender/exploit,Arcadia Finance Hack,2025-07-15
0x3e6b9fd880346a23444a7c59a51525f5f79eae58,ETH,exploit,revokecash,malicious spender/exploit,Arcadia Finance Hack,2025-07-15
0x3e05a795390f7e633904e17154238ee242756821,ETH,exploit,revokecash,malicious spender/exploit,Arcadia Finance Hack,2025-07-15
0x7e18df46b01ecaadf7ca145eec7519b875689e96,ETH,exploit,revokecash,malicious spender/exploit,Arcadia Finance Hack,2025-07-15
0xfb86d3b8c90ab1594c0b90444a75845ccd2a1305,ETH,exploit,revokecash,malicious spender/exploit,Arcadia Finance Hack,2025-07-15
0xe6f76d7a1e009acf61b82f49894cd41328c0938e,ETH,exploit,revokecash,malicious spender/exploit,Arcadia Finance Hack,2025-07-15
0x525785ff08fc3ed9dd9928c3eca6c6419f1f6ebe,ETH,exploit,revokecash,malicious spender/exploit,Arcadia Finance Hack,2025-07-15
0x40ae2331dc0bc27554e1415a6b022f1b022be17c,ETH,exploit,revokecash,malicious spender/exploit,Arcadia Finance Hack,2025-07-15
0x9c8128e7cd1d080562ef1c7d206f598055bf94fb,ETH,exploit,revokecash,malicious spender/exploit,Arcadia Finance Hack,2025-07-15
0xc5c8c6bf28db052a37c050f0ab655ef3a98e4d3f,ETH,exploit,revokecash,malicious spender/exploit,Arcadia Finance Hack,2025-07-15
0x9d518e6be65d33693d27966f6478f24768cd2967,ETH,exploit,revokecash,malicious spender/exploit,Arcadia Finance Hack,2025-07-15
0xe360eae74e0b5e26b0f3318dc28601837a2d5598,ETH,exploit,revokecash,malicious spender/exploit,Arcadia Finance Hack,2025-07-15
0x3e7719a40d2eddd103a166f7d99f241fc8c01546,ETH,exploit,revokecash,malicious spender/exploit,Arcadia Finance Hack,2025-07-15
0x86f13668092908c7e00129ba4b910bf51bb79e40,ETH,exploit,revokecash,malicious spender/exploit,Arcadia Finance Hack,2025-07-15
0xd3190212865671cde8f0c38ed8578898f98e9a26,ETH,exploit,revokecash,malicious spender/exploit,Arcadia Finance Hack,2025-07-15
0x30448b72da03bb5833aa1292e0c58819a1ac510b,ETH,exploit,revokecash,malicious spender/exploit,Arcadia Finance Hack,2025-07-15
0xa0df21e0f01bdcc6179a9e7fe1e0fab531af96ac,ETH,exploit,revokecash,malicious spender/exploit,Arcadia Finance Hack,2025-07-15
0x4b2319c0421968841f85d126092e66eff989db39,ETH,exploit,revokecash,malicious spender/exploit,Arcadia Finance Hack,2025-07-15
0x69ab6bda98669edccf1661115e8db2fa7d91b96b,ETH,exploit,revokecash,malicious spender/exploit,Arcadia Finance Hack,2025-07-15
0x03d7feb03cf974c6ba8fe448d8f5a7076b50dbde,ETH,exploit,revokecash,malicious spender/exploit,Arcadia Finance Hack,2025-07-15
0x88577c935a3a796612b275d414707f29f809c58c,ETH,exploit,revokecash,malicious spender/exploit,Arcadia Finance Hack,2025-07-15
0xc96541f7581bfc759ee78f905d456a7d1d0a253e,ETH,exploit,revokecash,malicious spender/exploit,Arcadia Finance Hack,2025-07-15
0x5a11b5b34457e7289cd051ff8998080f220c5534,ETH,exploit,revokecash,malicious spender/exploit,Arcadia Finance Hack,2025-07-15
0x8c5e28d218de1372c2aa7f4b06adbbf1ce9cf286,ETH,exploit,revokecash,malicious spender/exploit,Arcadia Finance Hack,2025-07-15
0x17232c1080ae3c4ee45df4f650ebd51142c93c5b,ETH,exploit,revokecash,malicious spender/exploit,Arcadia Finance Hack,2025-07-15
0x9ea710e8d79f080ea4a8c53e864b3fd33b756286,ETH,exploit,revokecash,malicious spender/exploit,Arcadia Finance Hack,2025-07-15
0x64a74d659d553399f007af91c877b687802466c6,ETH,exploit,revokecash,malicious spender/exploit,Arcadia Finance Hack,2025-07-15
0x1363bfe56ea19c9dc3725d15624cf5492cd09f4f,ETH,exploit,revokecash,malicious spender/exploit,Arcadia Finance Hack,2025-07-15
0xecca2af00930a7bb5162ed5ff1d2f6904ac334c3,ETH,exploit,revokecash,malicious spender/exploit,Arcadia Finance Hack,2025-07-15
0xea9d1ee41dce4cbaf7e4a6307d20f3f472357915,ETH,exploit,revokecash,malicious spender/exploit,Arcadia Finance Hack,2025-07-15
0x4706d2f02822bf671b628a7ade970617fed4a758,ETH,exploit,revokecash,malicious spender/exploit,Arcadia Finance Hack,2025-07-15
0xcc555cba3b591b23869234f7fc4afce06dc392aa,ETH,exploit,revokecash,malicious spender/exploit,Arcadia Finance Hack,2025-07-15
0x456b5e956b314e6309792e0b84d9041ac9b2831f,ETH,exploit,revokecash,malicious spender/exploit,Arcadia Finance Hack,2025-07-15
0xe82a1b16ab0c3c07fed3ff412b880cad2f8dd2cd,ETH,exploit,revokecash,malicious spender/exploit,Arcadia Finance Hack,2025-07-15
0x1639f35b651bf10103cd73f27dbc75d956a0c895,ETH,exploit,revokecash,malicious spender/exploit,Arcadia Finance Hack,2025-07-15
0x212df98ea68e9c0d7a6a0e4bf8922c3a5af015bc,ETH,exploit,revokecash,malicious spender/exploit,Arcadia Finance Hack,2025-07-15
0x436576c98f64a4b36ffd34b72e30fb8854180856,ETH,exploit,revokecash,malicious spender/exploit,Arcadia Finance Hack,2025-07-15
0x3170cb49ef468b4dcc8696ca19aec8346a809daf,ETH,exploit,revokecash,malicious spender/exploit,Arcadia Finance Hack,2025-07-15
0xd878bb997063ea169f80a6c6ce221476fe14a7d8,ETH,exploit,revokecash,malicious spender/exploit,Arcadia Finance Hack,2025-07-15
0xe5178f10bb97ed091efe43aab8045fadca410287,ETH,exploit,revokecash,malicious spender/exploit,Arcadia Finance Hack,2025-07-15
0xf11c030510aec9d45b850067ab48247636e04cc5,ETH,exploit,revokecash,malicious spender/exploit,Arcadia Finance Hack,2025-07-15
0x60273d00f58606028e43f35369c8721f9f51e67b,ETH,exploit,revokecash,malicious spender/exploit,Arcadia Finance Hack,2025-07-15
0xd6933f15f6c14ec9ef835244c933bc8acb85f040,ETH,exploit,revokecash,malicious spender/exploit,Arcadia Finance Hack,2025-07-15
0x5869dcb70ba01eb925772189e1e1ccd570385755,ETH,exploit,revokecash,malicious spender/exploit,Arcadia Finance Hack,2025-07-15
0xb399739f1e5ffbc6e3e3031c74d644a8b2123f85,ETH,exploit,revokecash,malicious spender/exploit,Arcadia Finance Hack,2025-07-15
0xf843fcd7c8a4f040e262b227a4d47966d0a72caa,ETH,exploit,revokecash,malicious spender/exploit,Arcadia Finance Hack,2025-07-15
0x23f7c84f7d13abc5215de66e62b70cdab0898fe0,ETH,exploit,revokecash,malicious spender/exploit,Arcadia Finance Hack,2025-07-15
0xc57584c0b2468cfb12a4a51f44a7522a8ace5287,ETH,exploit,revokecash,malicious spender/exploit,Arcadia Finance Hack,2025-07-15
0x6c5bc1f4a25c9e88fd929cf59d2dd2a65004a9be,ETH,exploit,revokecash,malicious spender/exploit,Arcadia Finance Hack,2025-07-15
0x8f68eaa7e3e9f35dd4cc8c87e803c0ff7edac176,ETH,exploit,revokecash,malicious spender/exploit,Arcadia Finance Hack,2025-07-15
0x096d89bcf190e3bc84f96daeda41834f394f0fed,ETH,exploit,revokecash,malicious spender/exploit,Arcadia Finance Hack,2025-07-15
0x2270500ff78325b2cfb1e4384f091f511003f17d,ETH,exploit,revokecash,malicious spender/exploit,Arcadia Finance Hack,2025-07-15
0x34cd817b25d300cd4eeff1a1933491ea909b7847,ETH,exploit,revokecash,malicious spender/exploit,Arcadia Finance Hack,2025-07-15
0xbbea167de8c24c16d2f2c2d1e06cad085a7ab083,ETH,exploit,revokecash,malicious spender/exploit,Arcadia Finance Hack,2025-07-15
0xacb5d5a28bc0444fa6d6869a907afe92fcf970ef,ETH,exploit,revokecash,malicious spender/exploit,Arcadia Finance Hack,2025-07-15
0xac58771eb786a121032d2a37e8959e1b43c712b5,ETH,exploit,revokecash,malicious spender/exploit,Arcadia Finance Hack,2025-07-15
0x6c2d81a5bfcdbc1bf3cd1043998eed52dd60e51b,ETH,exploit,revokecash,malicious spender/exploit,Arcadia Finance Hack,2025-07-15
0x9fa232bb314996823ebc0f2070f9f8abb547d788,ETH,exploit,revokecash,malicious spender/exploit,Arcadia Finance Hack,2025-07-15
0x72368e92ff15fa02529ceaf00db0d6394de51045,ETH,exploit,revokecash,malicious spender/exploit,Arcadia Finance Hack,2025-07-15
0x89079a9cf7707cbd66db05cac1cd99a29fe5a764,ETH,exploit,revokecash,malicious spender/exploit,Arcadia Finance Hack,2025-07-15
0x6367fc73bb7ea4a251c3f4cc779ebf72bc9e017b,ETH,exploit,revokecash,malicious spender/exploit,Arcadia Finance Hack,2025-07-15
0x87c49129fa008239852ceea6b388c5bcbd4a4bc1,ETH,exploit,revokecash,malicious spender/exploit,Arcadia Finance Hack,2025-07-15
0x6ff2714dbf279ca8efcade491c75c094643b146e,ETH,exploit,revokecash,malicious spender/exploit,Arcadia Finance Hack,2025-07-15
0x7e2efc888b77982ace53ad15516a0d0f82b56423,ETH,exploit,revokecash,malicious spender/exploit,Arcadia Finance Hack,2025-07-15
0xa0618b3bb2ee2cab7072d250f6620ea03e524889,ETH,exploit,revokecash,malicious spender/exploit,Arcadia Finance Hack,2025-07-15
0x93f402e7fe99a1abe8772a7aa86a1cd558c29cde,ETH,exploit,revokecash,malicious spender/exploit,Arcadia Finance Hack,2025-07-15
0x8022505bd1b9c903c859405efb2022f719c46184,ETH,exploit,revokecash,malicious spender/exploit,Arcadia Finance Hack,2025-07-15
0xc2ead73db0f2ecb57119b9f5b4f20cbe143f3fbc,ETH,exploit,revokecash,malicious spender/exploit,Arcadia Finance Hack,2025-07-15
0x1fd5918b6be6c0f516f9d948dfb422db4089d33e,ETH,exploit,revokecash,malicious spender/exploit,Arcadia Finance Hack,2025-07-15
0x2eadb59ac0b71f2ec76a75a9ac14c4ce584b510b,ETH,exploit,revokecash,malicious spender/exploit,Arcadia Finance Hack,2025-07-15
0x05f693293518604fe81023a59b8a38fc240ba711,ETH,exploit,revokecash,malicious spender/exploit,Arcadia Finance Hack,2025-07-15
0x7b4d36fa0084f0d4bf6a674e786f8ffba2eae9db,ETH,exploit,revokecash,malicious spender/exploit,Arcadia Finance Hack,2025-07-15
0x3aec7cf5c490475815d84351b81261b78b3e8eda,ETH,exploit,revokecash,malicious spender/exploit,Arcadia Finance Hack,2025-07-15
0xd58eaaa428187c15c9395fb7a85d284e13075cb1,ETH,exploit,revokecash,malicious spender/exploit,Arcadia Finance Hack,2025-07-15
0xe82e4205007db504b4ff47bf18064f410ffe1925,ETH,exploit,revokecash,malicious spender/exploit,Arcadia Finance Hack,2025-07-15
0x282d00e4de6fbd9fc489aec5c1c53d7507ff9bb4,ETH,exploit,revokecash,malicious spender/exploit,Arcadia Finance Hack,2025-07-15
0x13c48b67c2be4d63f5805aaab37231966f006371,ETH,exploit,revokecash,malicious spender/exploit,Arcadia Finance Hack,2025-07-15
0x4eba8d43c1f5d9acd43feef17edd725ec10fcdff,ETH,exploit,revokecash,malicious spender/exploit,Arcadia Finance Hack,2025-07-15
0xce3314ceb2f24598e81ccd0c91e209920bbb0e40,ETH,exploit,revokecash,malicious spender/exploit,Arcadia Finance Hack,2025-07-15
0x40449f2eefd9814afc63c19806862081783b9fdc,ETH,exploit,revokecash,malicious spender/exploit,Arcadia Finance Hack,2025-07-15
0x5a6179d734b9e69d10f25edac025edcaa7d76fa8,ETH,exploit,revokecash,malicious spender/exploit,Arcadia Finance Hack,2025-07-15
0xbc5e0cb59a790f2dacc253791423cae70e82812f,ETH,exploit,revokecash,malicious spender/exploit,Arcadia Finance Hack,2025-07-15
0x0301d9dcb5d91722f2bcc94a429b0b8a51faf64f,ETH,exploit,revokecash,malicious spender/exploit,Arcadia Finance Hack,2025-07-15
0x1df22f2e262829cfa2287c41b398756d75bf04a8,ETH,exploit,revokecash,malicious spender/exploit,Arcadia Finance Hack,2025-07-15
0x8fdc49e738093ac5631b744529429cf7db27aaab,ETH,exploit,revokecash,malicious spender/exploit,Arcadia Finance Hack,2025-07-15
0x611beb81e10402aae03c3ce796bf4c82eb73e334,ETH,exploit,revokecash,malicious spender/exploit,Arcadia Finance Hack,2025-07-15
0x73d81e476ae365e3f01856890984976df1541f56,ETH,exploit,revokecash,malicious spender/exploit,Arcadia Finance Hack,2025-07-15
0xf55e58f34e779727fece6fd748be9b7d0ee60cdd,ETH,exploit,revokecash,malicious spender/exploit,Arcadia Finance Hack,2025-07-15
0x53375ea3e526ed068a9bb1f210a1a82609a370b4,ETH,exploit,revokecash,malicious spender/exploit,Arcadia Finance Hack,2025-07-15
0x31f2fa7f2dbd87b6b5c013704f56e0d5306e0a20,ETH,exploit,revokecash,malicious spender/exploit,Arcadia Finance Hack,2025-07-15
0x1e32329efb6969204727d81441789cc7b508a785,ETH,exploit,revokecash,malicious spender/exploit,Arcadia Finance Hack,2025-07-15
0xc4e18fc856b85baf481c56f06a3483e35c987d43,ETH,exploit,revokecash,malicious spender/exploit,Arcadia Finance Hack,2025-07-15
0x2236064b1b4315052f394b9cf2a61648ff5db715,ETH,exploit,revokecash,malicious spender/exploit,Arcadia Finance Hack,2025-07-15
0xba88b0a0d7d2cbb778d9c6ea5d8c5f7fb9d325b8,ETH,exploit,revokecash,malicious spender/exploit,Arcadia Finance Hack,2025-07-15
0xe4e98acbf9b7db23c16c8a0c32ac8eb55ca81c0b,ETH,exploit,revokecash,malicious spender/exploit,Arcadia Finance Hack,2025-07-15
0xef7bdb5b0221e40a3dc7c73151a787de1c72aacc,ETH,exploit,revokecash,malicious spender/exploit,Arcadia Finance Hack,2025-07-15
0x82aa7a89a1d616c8a5f097e1b248f92a6183f4e8,ETH,exploit,revokecash,malicious spender/exploit,Arcadia Finance Hack,2025-07-15
0x601bd005b84f6a2254c5fd7691554fff0ec5192e,ETH,exploit,revokecash,malicious spender/exploit,Arcadia Finance Hack,2025-07-15
0x41ddf76f2a0ba413a8e72a37031734ead5d47784,ETH,exploit,revokecash,malicious spender/exploit,Arcadia Finance Hack,2025-07-15
0x5f1809a362d424694012b9757aaa912a0827164b,ETH,exploit,revokecash,malicious spender/exploit,Arcadia Finance Hack,2025-07-15
0xafaf80bcda1af23bb98f056f4335d2ba3c149e43,ETH,exploit,revokecash,malicious spender/exploit,Arcadia Finance Hack,2025-07-15
0xd32a23149aab88ac90df16b4f294f5a627c6480d,ETH,exploit,revokecash,malicious spender/exploit,Arcadia Finance Hack,2025-07-15
0x4581d2606371ccff89f6ad318d4074e26050314c,ETH,exploit,revokecash,malicious spender/exploit,Arcadia Finance Hack,2025-07-15
0x19fcdb7366025a9fd140a1ff064fa1c67dd93307,ETH,exploit,revokecash,malicious spender/exploit,Arcadia Finance Hack,2025-07-15
0xa41a185bc9980b179ad9f39143abd6c5a659ee11,ETH,exploit,revokecash,malicious spender/exploit,Arcadia Finance Hack,2025-07-15
0xb6642e0acb3d498e8d06fe5e6e6b2a8ad8b7fde2,ETH,exploit,revokecash,malicious spender/exploit,Arcadia Finance Hack,2025-07-15
0x573aeaeb3078a71f577c85d6003989d07bb18ccb,ETH,exploit,revokecash,malicious spender/exploit,Arcadia Finance Hack,2025-07-15
0x6f47150472e7cf89bb4057d6944afe3d78faa383,ETH,exploit,revokecash,malicious spender/exploit,Arcadia Finance Hack,2025-07-15
0xb1fb37af874b774fa1e2abb539fab6b49a6eb6bb,ETH,exploit,revokecash,malicious spender/exploit,Arcadia Finance Hack,2025-07-15
0xb302f753c9925a0cf3a15fdf2cb2f740e2ec141e,ETH,exploit,revokecash,malicious spender/exploit,Arcadia Finance Hack,2025-07-15
0xb44b2d73ea2ad17a2a28a7272b3bc60fd2eb087a,ETH,exploit,revokecash,malicious spender/exploit,Arcadia Finance Hack,2025-07-15
0x431b173c425aa8bcc8ce79e41822e5b635cdc46b,ETH,exploit,revokecash,malicious spender/exploit,Arcadia Finance Hack,2025-07-15
0xa4f9606deca90c5edc2b9b22583d916514dd34e5,ETH,exploit,revokecash,malicious spender/exploit,Arcadia Finance Hack,2025-07-15
0xc42fb706620a0ec05e45adec0faff0eb80aaf47b,ETH,exploit,revokecash,malicious spender/exploit,Arcadia Finance Hack,2025-07-15
0xd10f7b7c22d2f0b44e2713ddc6957677d37244d2,ETH,exploit,revokecash,malicious spender/exploit,Arcadia Finance Hack,2025-07-15
0x1c10810b4856c32b7723399e6434abe7db6e8983,ETH,exploit,revokecash,malicious spender/exploit,Arcadia Finance Hack,2025-07-15
0xab1940aaefd580db0c365cef377cea714721b8dc,ETH,exploit,revokecash,malicious spender/exploit,Arcadia Finance Hack,2025-07-15
0xb7a617546bbb1f3b55de98917e3ffe475e946b3f,ETH,exploit,revokecash,malicious spender/exploit,Arcadia Finance Hack,2025-07-15
0xac8ea9c8ab19a7fddffb9271fc68d018be6ab103,ETH,exploit,revokecash,malicious spender/exploit,Arcadia Finance Hack,2025-07-15
0xd9c9683e041b66f880eb4030178379cf213c054e,ETH,exploit,revokecash,malicious spender/exploit,Arcadia Finance Hack,2025-07-15
0x1142c11587b4201ffc417b96752c0f5cc9319091,ETH,exploit,revokecash,malicious spender/exploit,Arcadia Finance Hack,2025-07-15
0xebd8a051e98d0fbac4acdf32eb556832d2a48072,ETH,exploit,revokecash,malicious spender/exploit,Arcadia Finance Hack,2025-07-15
0x610a10014298b48dcd743d9e61665ecbcc73d881,ETH,exploit,revokecash,malicious spender/exploit,Arcadia Finance Hack,2025-07-15
0x88ddbbce26a777ce9a8578625f87592f19a4e899,ETH,exploit,revokecash,malicious spender/exploit,Arcadia Finance Hack,2025-07-15
0xa7fbf898c5093dfa486d03e78b2fcec4e53aec87,ETH,exploit,revokecash,malicious spender/exploit,Arcadia Finance Hack,2025-07-15
0xd9d242d8808644128cd028089110c9cb7b89435f,ETH,exploit,revokecash,malicious spender/exploit,Arcadia Finance Hack,2025-07-15
0xf11e0073502b8798e83eb8f62bfb3c41f8401400,ETH,exploit,revokecash,malicious spender/exploit,Arcadia Finance Hack,2025-07-15
0x34a8bbec4095bb6d65927d6fd59529e5701e3d78,ETH,exploit,revokecash,malicious spender/exploit,Arcadia Finance Hack,2025-07-15
0xb67df8db47f96a7fdb906d2091eaa5f1419750a5,ETH,exploit,revokecash,malicious spender/exploit,Arcadia Finance Hack,2025-07-15
0x664789b7c4913cd2ca2e6695e1abddef7a8c1490,ETH,exploit,revokecash,malicious spender/exploit,Arcadia Finance Hack,2025-07-15
0x9a68009848dfaf826d51a6dbe24a3b222c5115e6,ETH,exploit,revokecash,malicious spender/exploit,Arcadia Finance Hack,2025-07-15
0xafa102f8fb6239b4ca27242f1c3bebd56f1e9c59,ETH,exploit,revokecash,malicious spender/exploit,Arcadia Finance Hack,2025-07-15
0x7f67c6e6fb7ce9b54d91c606015b1b971f4b3aeb,ETH,exploit,revokecash,malicious spender/exploit,Arcadia Finance Hack,2025-07-15
0x0e1188e9f1837d01538d68ad18e7969e24db73fb,ETH,exploit,revokecash,malicious spender/exploit,Arcadia Finance Hack,2025-07-15
0xc69cd3c60ae291da8bc0def7eaf7dc78ec87fb8d,ETH,exploit,revokecash,malicious spender/exploit,Arcadia Finance Hack,2025-07-15
0xcb3fa8164791d4e6e282476f902a211108daa587,ETH,exploit,revokecash,malicious spender/exploit,Arcadia Finance Hack,2025-07-15
0xe3c3db902915a5e024f152b99e0dec359aaa092f,ETH,exploit,revokecash,malicious spender/exploit,Arcadia Finance Hack,2025-07-15
0x6a0f64a535a9ea7399c913cb4fc6b67ef9727610,ETH,exploit,revokecash,malicious spender/exploit,Arcadia Finance Hack,2025-07-15
0xb4d467c4108e8aa181f6655e44e99a2ca9ef974a,ETH,exploit,revokecash,malicious spender/exploit,Arcadia Finance Hack,2025-07-15
0x40ef9e48183ef5c9337a9f490518a7e2fd5c27c1,ETH,exploit,revokecash,malicious spender/exploit,Arcadia Finance Hack,2025-07-15
0xa3ad81830e1852f30c32ed0daa190bb6dc4fa8c8,ETH,exploit,revokecash,malicious spender/exploit,Arcadia Finance Hack,2025-07-15
0x513d4191450ac847982d4d0d4d3af84e2ead0ea1,ETH,exploit,revokecash,malicious spender/exploit,Arcadia Finance Hack,2025-07-15
0xd53b4a9b7caea4cf07650a2649b2f63c5705edd9,ETH,exploit,revokecash,malicious spender/exploit,Arcadia Finance Hack,2025-07-15
0x0a2bacc5cb010877175cc95f8411506c4caa9bdb,ETH,exploit,revokecash,malicious spender/exploit,Arcadia Finance Hack,2025-07-15
0x82d202db1c965f213058e8027b6aae5c643bb88c,ETH,exploit,revokecash,malicious spender/exploit,Arcadia Finance Hack,2025-07-15
0xfcac87e16016d9beee516eaaf1d0b7d3854e2551,ETH,exploit,revokecash,malicious spender/exploit,Arcadia Finance Hack,2025-07-15
0x171637fa74174c0f113d9014b81199f62c5d1dab,ETH,exploit,revokecash,malicious spender/exploit,Arcadia Finance Hack,2025-07-15
0x09fd042bf0c184ce97bfd94256dbb93983a13016,ETH,exploit,revokecash,malicious spender/exploit,Arcadia Finance Hack,2025-07-15
0x2620c77d6e55190a0afc04363b217ef406fc5ad2,ETH,exploit,revokecash,malicious spender/exploit,Arcadia Finance Hack,2025-07-15
0x59014d4f484e20a2b7259d6832867c5528c3d4a1,ETH,exploit,revokecash,malicious spender/exploit,Arcadia Finance Hack,2025-07-15
0x866fafa4fbcbf3f8ac946d71ccc70a86cf54b64c,ETH,exploit,revokecash,malicious spender/exploit,Arcadia Finance Hack,2025-07-15
0x4ea4f1c57bbac3b16b28f15ec8c2984d259cd8b7,ETH,exploit,revokecash,malicious spender/exploit,Arcadia Finance Hack,2025-07-15
0xcb8e0ab0a6c0bef6f678663162b1dadecbf3f699,ETH,exploit,revokecash,malicious spender/exploit,Arcadia Finance Hack,2025-07-15
0xcb0d6c2e221eb7bb816e6926dd7c905f3692a1e0,ETH,exploit,revokecash,malicious spender/exploit,Arcadia Finance Hack,2025-07-15
0xa3f88f7f50e3fc6aa4ca77a0da00bb328a2cec04,ETH,exploit,revokecash,malicious spender/exploit,Arcadia Finance Hack,2025-07-15
0xfb9433a592909cadec2f375bf97213a9826eef31,ETH,exploit,revokecash,malicious spender/exploit,Arcadia Finance Hack,2025-07-15
0x70610f01a6be7ea1c94ff4a02fd492f85bdf66a7,ETH,exploit,revokecash,malicious spender/exploit,Arcadia Finance Hack,2025-07-15
0x436e449f8fb7e85e3f9042f14682c2d3b73f18b3,ETH,exploit,revokecash,malicious spender/exploit,Arcadia Finance Hack,2025-07-15
0x1837a1ff1c3877e13a89743b43aa11d69ee96ec8,ETH,exploit,revokecash,malicious spender/exploit,Arcadia Finance Hack,2025-07-15
0xff9652266887c3b1fccff1f4d261b5f61d74896f,ETH,exploit,revokecash,malicious spender/exploit,Arcadia Finance Hack,2025-07-15
0x287a870cfe2a1dd34f0d6c347a6f501a100df175,ETH,exploit,revokecash,malicious spender/exploit,Arcadia Finance Hack,2025-07-15
0xcdfd7a8b826c261d0bc5d70c9f41817b4508f8ac,ETH,exploit,revokecash,malicious spender/exploit,Arcadia Finance Hack,2025-07-15
0x7f37f90eefe1466f127efd5f4b2250151979a5ef,ETH,exploit,revokecash,malicious spender/exploit,Arcadia Finance Hack,2025-07-15
0x84fa562b8e40bac9ddfc4a5d11ada3b3cc4de908,ETH,exploit,revokecash,malicious spender/exploit,Arcadia Finance Hack,2025-07-15
0x0443f672654e7ae100cedaf9e0fdf3b82853a2d9,ETH,exploit,revokecash,malicious spender/exploit,Arcadia Finance Hack,2025-07-15
0x1c104e36e515fa1b95a9d1c70d859775208a669b,ETH,exploit,revokecash,malicious spender/exploit,Arcadia Finance Hack,2025-07-15
0xd8f31b0c3e2db8a6efcd50c2967b126db5cd6898,ETH,exploit,revokecash,malicious spender/exploit,Arcadia Finance Hack,2025-07-15
0xb40aa93f66ca5af2244b60400c3dcc3404df51d8,ETH,exploit,revokecash,malicious spender/exploit,Arcadia Finance Hack,2025-07-15
0x8c98adeef72a6079ca2c7084bc667522ecec22bf,ETH,exploit,revokecash,malicious spender/exploit,Arcadia Finance Hack,2025-07-15
0x8ecf823a4d084a1d8d36a12ca000e963a79ab3dd,ETH,exploit,revokecash,malicious spender/exploit,Arcadia Finance Hack,2025-07-15
0x68c462743d49b5a77d9dfe53ec91589aff1baa7b,ETH,exploit,revokecash,malicious spender/exploit,Arcadia Finance Hack,2025-07-15
0xe3c5a9acda0c07a9ccd314fe72ca81c3cd9cc4f6,ETH,exploit,revokecash,malicious spender/exploit,Arcadia Finance Hack,2025-07-15
0xf0a75bb41283d8a8cf9ca3ee4beacd4339629c8e,ETH,exploit,revokecash,malicious spender/exploit,Arcadia Finance Hack,2025-07-15
0xc22009fcc5fedd066deed84e3aaad848c66bbd7d,ETH,exploit,revokecash,malicious spender/exploit,Arcadia Finance Hack,2025-07-15
0xd47804a7ef8e4f25d777813637e3ab5f08ed25f6,ETH,exploit,revokecash,malicious spender/exploit,Arcadia Finance Hack,2025-07-15
0xe33019d804ebb171520c74a5211a63ac202558f0,ETH,exploit,revokecash,malicious spender/exploit,Arcadia Finance Hack,2025-07-15
0x630484433cf30a4e2f748e175a1cfa3a478340f5,ETH,exploit,revokecash,malicious spender/exploit,Arcadia Finance Hack,2025-07-15
0xf5546081d8de0df8cb7de8a75be92cb45c423da6,ETH,exploit,revokecash,malicious spender/exploit,Arcadia Finance Hack,2025-07-15
0xcdd82c1cf9e939e0a68438ceb72df28294a72da0,ETH,exploit,revokecash,malicious spender/exploit,Arcadia Finance Hack,2025-07-15
0xf58a4a14aee77c428b3c0cdf3d04f6920ee8f25c,ETH,exploit,revokecash,malicious spender/exploit,Arcadia Finance Hack,2025-07-15
0x3d48a1cfd7ee1910f84edb10a26fd31f7b43a4df,ETH,exploit,revokecash,malicious spender/exploit,Arcadia Finance Hack,2025-07-15
0xfbea465cd4b1747802b9f3ccbcae507375e9de6b,ETH,exploit,revokecash,malicious spender/exploit,Arcadia Finance Hack,2025-07-15
0x5db0e74d6002f5ba8ffb781f3b59813a0c55298a,ETH,exploit,revokecash,malicious spender/exploit,Arcadia Finance Hack,2025-07-15
0xbeb39eb90552922e946494e3f784cc0dd28facdb,ETH,exploit,revokecash,malicious spender/exploit,Arcadia Finance Hack,2025-07-15
0xddbaaf4da5b239d5fbe1df9793646751b660eb8d,ETH,exploit,revokecash,malicious spender/exploit,Arcadia Finance Hack,2025-07-15
0xfce8e54f9cd8f0b4b75475c4c68838740a450482,ETH,exploit,revokecash,malicious spender/exploit,Arcadia Finance Hack,2025-07-15
0xd4c03e9a71d8c8b0a82b96445fad7085d2d61b02,ETH,exploit,revokecash,malicious spender/exploit,Arcadia Finance Hack,2025-07-15
0x307b8066005345b5db07447d1e24ea7622c85652,ETH,exploit,revokecash,malicious spender/exploit,Arcadia Finance Hack,2025-07-15
0x43822c813e4801099ad90d7100bc8dc830e687e7,ETH,exploit,revokecash,malicious spender/exploit,Arcadia Finance Hack,2025-07-15
0xc0d0ff9b0d5e5a8909adb30894ba2a6165400bdf,ETH,exploit,revokecash,malicious spender/exploit,Arcadia Finance Hack,2025-07-15
0x268cdbc69ba1ad41eebb26265a3ae5a4a0b5548e,ETH,exploit,revokecash,malicious spender/exploit,Arcadia Finance Hack,2025-07-15
0xcfe89aa28d36eafe43c6a8e2e9d86cacebfa68b1,ETH,exploit,revokecash,malicious spender/exploit,Arcadia Finance Hack,2025-07-15
0xf254133343ec974d2e6f1a151886d9a244326564,ETH,exploit,revokecash,malicious spender/exploit,Arcadia Finance Hack,2025-07-15
0x7cf4f3f235667e0bc635898957e2019eac604a51,ETH,exploit,revokecash,malicious spender/exploit,Arcadia Finance Hack,2025-07-15
0xc50f9a27cf0094ab3e6a40f11423ddfb7991f61a,ETH,exploit,revokecash,malicious spender/exploit,Arcadia Finance Hack,2025-07-15
0x0cff3f32b43a680f6057a4b1c8bcd3a7164a4738,ETH,exploit,revokecash,malicious spender/exploit,Arcadia Finance Hack,2025-07-15
0xfd5eac81744d0a3401896d795d4296d09c300739,ETH,exploit,revokecash,malicious spender/exploit,Arcadia Finance Hack,2025-07-15
0x9dd6e270eeaaf14666b72f7137a262622a3f02f4,ETH,exploit,revokecash,malicious spender/exploit,Arcadia Finance Hack,2025-07-15
0x8e0094fad74cd609c53ecf54a995af47ea68ac09,ETH,exploit,revokecash,malicious spender/exploit,Arcadia Finance Hack,2025-07-15
0x17f66cede8092fe0758721d890063680f880a56a,ETH,exploit,revokecash,malicious spender/exploit,Arcadia Finance Hack,2025-07-15
0x163903afe87c519ef21ae6f3b7bc961ee8ce2eac,ETH,exploit,revokecash,malicious spender/exploit,Arcadia Finance Hack,2025-07-15
0xd9e554af996658de451798537e3fe5b2ea90f87d,ETH,exploit,revokecash,malicious spender/exploit,Arcadia Finance Hack,2025-07-15
0x1e0d20c58d4b9e016f80275ca216a54cb940d5b6,ETH,exploit,revokecash,malicious spender/exploit,Arcadia Finance Hack,2025-07-15
0x6750b56ca8f4ab11680be2e450b00f91025af5ab,ETH,exploit,revokecash,malicious spender/exploit,Arcadia Finance Hack,2025-07-15
0x335a17bf345b0f3649b204f506e51fa8bcbb586e,ETH,exploit,revokecash,malicious spender/exploit,Arcadia Finance Hack,2025-07-15
0x9a0632c40401d3b02f139e7404476776544fa058,ETH,exploit,revokecash,malicious spender/exploit,Arcadia Finance Hack,2025-07-15
0x312574c039bb3216b339715e92471e8835f39d55,ETH,exploit,revokecash,malicious spender/exploit,Arcadia Finance Hack,2025-07-15
0x80f3e3aa45e9cf5d5d897f25d7b100e30379c73a,ETH,exploit,revokecash,malicious spender/exploit,Arcadia Finance Hack,2025-07-15
0xaa53923235268c46dbdfdba855e856ec92a59bec,ETH,exploit,revokecash,malicious spender/exploit,Arcadia Finance Hack,2025-07-15
0x82a494c0ec5c4bd86c877eacb78d7a71ed5626c5,ETH,exploit,revokecash,malicious spender/exploit,Arcadia Finance Hack,2025-07-15
0x85f4a6e432f2d6bc6ebbef1e2c3b78030bc6f95c,ETH,exploit,revokecash,malicious spender/exploit,Arcadia Finance Hack,2025-07-15
0xda0b1f443adba29c0cac30f82e1293fd607662c6,ETH,exploit,revokecash,malicious spender/exploit,Arcadia Finance Hack,2025-07-15
0x8fcd653117ef4077631653f955553b649315ff90,ETH,exploit,revokecash,malicious spender/exploit,Arcadia Finance Hack,2025-07-15
0x3d2ff0d3764fe89ab02c07fdfd78b00b9fd6b61b,ETH,exploit,revokecash,malicious spender/exploit,Arcadia Finance Hack,2025-07-15
0xe11c0660ae23a603c590ec4dc5bd469f6871fdf0,ETH,exploit,revokecash,malicious spender/exploit,Arcadia Finance Hack,2025-07-15
0x3802d66c40de22697976a6f3600a590058d43298,ETH,exploit,revokecash,malicious spender/exploit,Arcadia Finance Hack,2025-07-15
0x09abb3c2df9133e069817116e1dc6b8a6deb63da,ETH,exploit,revokecash,malicious spender/exploit,Arcadia Finance Hack,2025-07-15
0x9e1ce557e966181f7f54e70468ea3831774b09a0,ETH,exploit,revokecash,malicious spender/exploit,Arcadia Finance Hack,2025-07-15
0x7465d67dd52e80c99d806bba9b8096b6f3d0e2c2,ETH,exploit,revokecash,malicious spender/exploit,Arcadia Finance Hack,2025-07-15
0x9d0f2332af9348f083f637568ce020ab43243856,ETH,exploit,revokecash,malicious spender/exploit,Arcadia Finance Hack,2025-07-15
0x1d5a0b8b54409317fe25082c5423304fe3373471,ETH,exploit,revokecash,malicious spender/exploit,Arcadia Finance Hack,2025-07-15
0x717a943fe0dd9f78fb08716be62630cedde6acfd,ETH,exploit,revokecash,malicious spender/exploit,Arcadia Finance Hack,2025-07-15
0x9826b1257049b5455e04b5abafc819fed4e89986,ETH,exploit,revokecash,malicious spender/exploit,Arcadia Finance Hack,2025-07-15
0x16cc7f47b5b982dd27f19fa97b3a26494548e609,ETH,exploit,revokecash,malicious spender/exploit,Arcadia Finance Hack,2025-07-15
0x6b5bf8af61a13a29a447dc356226b898a0e6c596,ETH,exploit,revokecash,malicious spender/exploit,Arcadia Finance Hack,2025-07-15
0xc7b83c3c45282f3bae94726e529205cd4e7ebd8b,ETH,exploit,revokecash,malicious spender/exploit,Arcadia Finance Hack,2025-07-15
0x83d3896ede81e61c7e8c7ec237355106bce8d0e0,ETH,exploit,revokecash,malicious spender/exploit,Arcadia Finance Hack,2025-07-15
0xb55a2a2be987509adbfc01fe97f66c014aacf8db,ETH,exploit,revokecash,malicious spender/exploit,Arcadia Finance Hack,2025-07-15
0x9f39360d87a7dddc559bc51015184716359cdf61,ETH,exploit,revokecash,malicious spender/exploit,Arcadia Finance Hack,2025-07-15
0x99d13f9be7a3faef00070695097340537612df9e,ETH,exploit,revokecash,malicious spender/exploit,Arcadia Finance Hack,2025-07-15
0x53ad5dbf18b404d32e1f49fcf6c3036f4086b67a,ETH,exploit,revokecash,malicious spender/exploit,Arcadia Finance Hack,2025-07-15
0xc97bef6a656ed41f4b39dc6f15d4e2773d62a52c,ETH,exploit,revokecash,malicious spender/exploit,Arcadia Finance Hack,2025-07-15
0xa7f4e0949990f9866e7c9bad6f685746d17bbe7b,ETH,exploit,revokecash,malicious spender/exploit,Arcadia Finance Hack,2025-07-15
0x1dc153e408d506b068bad46f8b320abdbf0430d6,ETH,exploit,revokecash,malicious spender/exploit,Arcadia Finance Hack,2025-07-15
0x7c4c606db7810a8c32fb8a3fdc576d2f22ef9e52,ETH,exploit,revokecash,malicious spender/exploit,Arcadia Finance Hack,2025-07-15
0xca045007b68e12c53ee1b1a5858089935ccb2b27,ETH,exploit,revokecash,malicious spender/exploit,Arcadia Finance Hack,2025-07-15
0x9180db9efdcff46ac6f7a019cc49df19e0e90189,ETH,exploit,revokecash,malicious spender/exploit,Arcadia Finance Hack,2025-07-15
0x220dea2c9e0874dc145bed8c4f5528f395ab9c9a,ETH,exploit,revokecash,malicious spender/exploit,Arcadia Finance Hack,2025-07-15
0x2fbc808ae0f0f63e9093083434bb24d1c6954c3e,ETH,exploit,revokecash,malicious spender/exploit,Arcadia Finance Hack,2025-07-15
0x2aeb4e48f81b577e444cbea287423a4416b0b322,ETH,exploit,revokecash,malicious spender/exploit,Arcadia Finance Hack,2025-07-15
0x4f7f573da4bdcf9c75d86bf1bdeb7fcb0d0ed547,ETH,exploit,revokecash,malicious spender/exploit,Arcadia Finance Hack,2025-07-15
0x0816b1cbcbf9fdcbb358d7cc892f8a195f612d05,ETH,exploit,revokecash,malicious spender/exploit,Arcadia Finance Hack,2025-07-15
0x8c123b65428158a675783d69bc2f246552c9f21d,ETH,exploit,revokecash,malicious spender/exploit,Arcadia Finance Hack,2025-07-15
0xd2923431a18be21a79e9ec7c961a67e1b1522a8a,ETH,exploit,revokecash,malicious spender/exploit,Arcadia Finance Hack,2025-07-15
0xab76780a398165ad1d4b1c9ac23fd5c5056192c0,ETH,exploit,revokecash,malicious spender/exploit,Arcadia Finance Hack,2025-07-15
0x12ca9b1abb170aff521b75c4904f530decf7ba10,ETH,exploit,revokecash,malicious spender/exploit,Arcadia Finance Hack,2025-07-15
0xdd7af17438e41ed3d1680bd4872ba301040cff4d,ETH,exploit,revokecash,malicious spender/exploit,Arcadia Finance Hack,2025-07-15
0x5a4b26bf43523951f4132d0c64fad7dafdfdca97,ETH,exploit,revokecash,malicious spender/exploit,Arcadia Finance Hack,2025-07-15
0x1972f7f09cde185a4329130c58a054520336cf12,ETH,exploit,revokecash,malicious spender/exploit,Arcadia Finance Hack,2025-07-15
0xfaeb13c8988f1e566a4e1c5d6974b3f221c994fb,ETH,exploit,revokecash,malicious spender/exploit,Arcadia Finance Hack,2025-07-15
0x6c0c6ee03e0ef2fd19bcada91ce690c9ee1ff5a8,ETH,exploit,revokecash,malicious spender/exploit,Arcadia Finance Hack,2025-07-15
0x007fc5bf5122ce3db72e7bc07acf32ebb83de5ed,ETH,exploit,revokecash,malicious spender/exploit,Arcadia Finance Hack,2025-07-15
0x0841315a8c0ac2ee86ed6451136a94d6ff0032e7,ETH,exploit,revokecash,malicious spender/exploit,Arcadia Finance Hack,2025-07-15
0xebd828964a59c3fec3922babd26670564c2c10cb,ETH,exploit,revokecash,malicious spender/exploit,Arcadia Finance Hack,2025-07-15
0xbd7d319a3bb15d47beb1739866b659824ac14dd7,ETH,exploit,revokecash,malicious spender/exploit,Arcadia Finance Hack,2025-07-15
0xefddf75b8664dd6ad93a6d1c022a30233e52dcf3,ETH,exploit,revokecash,malicious spender/exploit,Arcadia Finance Hack,2025-07-15
0x709f8e8c4a41eda3e3895c35ab6d00b05e8c2c1e,ETH,exploit,revokecash,malicious spender/exploit,Arcadia Finance Hack,2025-07-15
0x98254b226ae86a7d27856c59ea96d96e7916264c,ETH,exploit,revokecash,malicious spender/exploit,Arcadia Finance Hack,2025-07-15
0x23afe0e1233ec882ad85b5a7363ca82e188aca11,ETH,exploit,revokecash,malicious spender/exploit,Arcadia Finance Hack,2025-07-15
0x01c80c5587ef72fef6fab24bbe921b60dc6e395f,ETH,exploit,revokecash,malicious spender/exploit,Arcadia Finance Hack,2025-07-15
0x852e748f5ba7b83ac7809ece13cd3b8d63cb94ee,ETH,exploit,revokecash,malicious spender/exploit,Arcadia Finance Hack,2025-07-15
0x214b86844fe624643dcd2f12faf17bef126d8025,ETH,exploit,revokecash,malicious spender/exploit,Arcadia Finance Hack,2025-07-15
0x8fc16c698833679f8b8fee3fe34abd4dd57a285f,ETH,exploit,revokecash,malicious spender/exploit,Arcadia Finance Hack,2025-07-15
0xcaf6fd2fdcac08fe650bba63043af8bd17e5c157,ETH,exploit,revokecash,malicious spender/exploit,Arcadia Finance Hack,2025-07-15
0xc483324bccad47fca121c4820232d1ffe5e1dfe0,ETH,exploit,revokecash,malicious spender/exploit,Arcadia Finance Hack,2025-07-15
0x43701cc524dbad7e3e07d925779b2e02ac5ad79b,ETH,exploit,revokecash,malicious spender/exploit,Arcadia Finance Hack,2025-07-15
0xbb74cfbb523b4f62762eb547c8624ecc59b7b90a,ETH,exploit,revokecash,malicious spender/exploit,Arcadia Finance Hack,2025-07-15
0xbad37fd4a1d09b7195e10c3166638af6b5ee5b26,ETH,exploit,revokecash,malicious spender/exploit,Arcadia Finance Hack,2025-07-15
0x45f732cb8b003fae51006baac523993d9c556029,ETH,exploit,revokecash,malicious spender/exploit,Arcadia Finance Hack,2025-07-15
0x5806757c9d0018b6dc33c7b95b976c1de93db3de,ETH,exploit,revokecash,malicious spender/exploit,Arcadia Finance Hack,2025-07-15
0x186cb764653d63653395f9d571b1c6396ea9ee2b,ETH,exploit,revokecash,malicious spender/exploit,Arcadia Finance Hack,2025-07-15
0x1a0980d996e856ac186a0baad3253f077ef1825e,ETH,exploit,revokecash,malicious spender/exploit,Arcadia Finance Hack,2025-07-15
0x5d64b0b275a7e925427f78c6ee54312fc3f96932,ETH,exploit,revokecash,malicious spender/exploit,Arcadia Finance Hack,2025-07-15
0x585313ecf61106a8882f3816a1b7d744c2f26521,ETH,exploit,revokecash,malicious spender/exploit,Arcadia Finance Hack,2025-07-15
0x4b2e88577149395eead2488acdb1255f8d315526,ETH,exploit,revokecash,malicious spender/exploit,Arcadia Finance Hack,2025-07-15
0x4f5febd14c94ea879e339e4e59d126536bb4c709,ETH,exploit,revokecash,malicious spender/exploit,Arcadia Finance Hack,2025-07-15
0xc46d2813e0181a0266395ebd35e9f62e5587b292,ETH,exploit,revokecash,malicious spender/exploit,Arcadia Finance Hack,2025-07-15
0x1d0efa1fb178de33ebbe20db85a59a2acec2c7c7,ETH,exploit,revokecash,malicious spender/exploit,Arcadia Finance Hack,2025-07-15
0xb05dc5a8bd98735e5edc105487dfc40df19508e4,ETH,exploit,revokecash,malicious spender/exploit,Arcadia Finance Hack,2025-07-15
0x0a4e6a7190e51d84083069c75c0ab8647c301a56,ETH,exploit,revokecash,malicious spender/exploit,Arcadia Finance Hack,2025-07-15
0x600d629cf915bc39bae578ae5654cb74f49a07c0,ETH,exploit,revokecash,malicious spender/exploit,Arcadia Finance Hack,2025-07-15
0x7ab06b7cc1552c65a932bd9728f0f38d2960d7b7,ETH,exploit,revokecash,malicious spender/exploit,Arcadia Finance Hack,2025-07-15
0x8896a6f36909ac277ac699dd10ecf242022a2f52,ETH,exploit,revokecash,malicious spender/exploit,Arcadia Finance Hack,2025-07-15
0xf510d525821284b423d1ecc9d620b2f2f94929e5,ETH,exploit,revokecash,malicious spender/exploit,Arcadia Finance Hack,2025-07-15
0x7271101684c2574846e092b0675e2ab9b3ee90ad,ETH,exploit,revokecash,malicious spender/exploit,Arcadia Finance Hack,2025-07-15
0x05c3304b54c8734bfec3623316bdc89883663768,ETH,exploit,revokecash,malicious spender/exploit,Arcadia Finance Hack,2025-07-15
0x5a147c14a318d424165b648dbcfb696ff027a6e8,ETH,exploit,revokecash,malicious spender/exploit,Arcadia Finance Hack,2025-07-15
0x1698e58d5d7ec41d980caac3f4d008af6a5dedf6,ETH,exploit,revokecash,malicious spender/exploit,Arcadia Finance Hack,2025-07-15
0x18494fc51cceaeda52571fee931c9f9e6c7e9b9f,ETH,exploit,revokecash,malicious spender/exploit,Arcadia Finance Hack,2025-07-15
0x28e7d386b5148435dcdba7178f8a47b3f4d90e43,ETH,exploit,revokecash,malicious spender/exploit,Arcadia Finance Hack,2025-07-15
0xbe5a66ba3dddd667b7cb7cae348a374eda547293,ETH,exploit,revokecash,malicious spender/exploit,Arcadia Finance Hack,2025-07-15
0x6f9c9f6b3fa67eed46f3a750b3c44baeeb8a7ec5,ETH,exploit,revokecash,malicious spender/exploit,Arcadia Finance Hack,2025-07-15
0x596dea4d03e4325899417370fbc32d8b49b2a424,ETH,exploit,revokecash,malicious spender/exploit,Arcadia Finance Hack,2025-07-15
0x3d7818eff1d90aeefc52a165da184a50d17278d2,ETH,exploit,revokecash,malicious spender/exploit,Arcadia Finance Hack,2025-07-15
0x75e02203e98ad74f4abc7d0afee5c6a1e2cf0e1e,ETH,exploit,revokecash,malicious spender/exploit,Arcadia Finance Hack,2025-07-15
0xa375dbec97b699a4f47352babe6c1614efa78a72,ETH,exploit,revokecash,malicious spender/exploit,Arcadia Finance Hack,2025-07-15
0xf6073ee2f8084f1aa706ff6a812e58f905b2d015,ETH,exploit,revokecash,malicious spender/exploit,Arcadia Finance Hack,2025-07-15
0x439a0c0a0dd288a057effcfb666335e13950f625,ETH,exploit,revokecash,malicious spender/exploit,Arcadia Finance Hack,2025-07-15
0xebfc14e595ce3be01ad64137c932ca9070d705e1,ETH,exploit,revokecash,malicious spender/exploit,Arcadia Finance Hack,2025-07-15
0xa1449633118c28d82c982b01a330d64fd795e8a3,ETH,exploit,revokecash,malicious spender/exploit,Arcadia Finance Hack,2025-07-15
0xdb91642cc2d9f229dceb90bd24f51cb8bc8ad2ee,ETH,exploit,revokecash,malicious spender/exploit,Arcadia Finance Hack,2025-07-15
0xcd236b8292dccd5945e0e15af018fb4035996a60,ETH,exploit,revokecash,malicious spender/exploit,Arcadia Finance Hack,2025-07-15
0xb9798c0da1d1ec2b2aa6b2af2f7c8d1edbefc992,ETH,exploit,revokecash,malicious spender/exploit,Arcadia Finance Hack,2025-07-15
0xb1788b8e913644d9a08bc8025c3bad8d6e86eff2,ETH,exploit,revokecash,malicious spender/exploit,Arcadia Finance Hack,2025-07-15
0xdb9eab6d0229929f2adc8ba134441d478225360c,ETH,exploit,revokecash,malicious spender/exploit,Arcadia Finance Hack,2025-07-15
0x49af6a801d3319639228bbb10fcb67904bd3c76c,ETH,exploit,revokecash,malicious spender/exploit,Arcadia Finance Hack,2025-07-15
0x8b7ac1ba9a370f4c5e0123795dc399e1290c6ec3,ETH,exploit,revokecash,malicious spender/exploit,Arcadia Finance Hack,2025-07-15
0x6a1a88d43756182d4ac9fb60b3b724ccbba5cba9,ETH,exploit,revokecash,malicious spender/exploit,Arcadia Finance Hack,2025-07-15
0xc257725fd938b61894f9e3a1e397fa5d04446163,ETH,exploit,revokecash,malicious spender/exploit,Arcadia Finance Hack,2025-07-15
0x57470d3a754bfcf4b840fcdf4ff71133b4c1072c,ETH,exploit,revokecash,malicious spender/exploit,Arcadia Finance Hack,2025-07-15
0x13571b5a7b495e1d2bab2b0cfa431833ca5f00bf,ETH,exploit,revokecash,malicious spender/exploit,Arcadia Finance Hack,2025-07-15
0xb08e17d0ad75971e1200e870f5f048a73777a122,ETH,exploit,revokecash,malicious spender/exploit,Arcadia Finance Hack,2025-07-15
0xc78fa85407fdd93732a3acd7392fc43f3f812987,ETH,exploit,revokecash,malicious spender/exploit,Arcadia Finance Hack,2025-07-15
0x2a8af688e1417518c832f9a6835828d0c3e6888b,ETH,exploit,revokecash,malicious spender/exploit,Arcadia Finance Hack,2025-07-15
0x88cc714c07aee3f9ec850df6997a5526206a8b1b,ETH,exploit,revokecash,malicious spender/exploit,Arcadia Finance Hack,2025-07-15
0x4f80c0aff937ce0c924c8d71bd9309d7c26f464b,ETH,exploit,revokecash,malicious spender/exploit,Arcadia Finance Hack,2025-07-15
0xedbb7a1b6fcf40ee2d932d7a24cd5a92105d68cb,ETH,exploit,revokecash,malicious spender/exploit,Arcadia Finance Hack,2025-07-15
0xa4ff8674a58408847a56f3d0055e30ba35bba6ce,ETH,exploit,revokecash,malicious spender/exploit,Arcadia Finance Hack,2025-07-15
0x3dcbb2cc7b5ef7f43f385ed46b28bbe9ec8581f9,ETH,exploit,revokecash,malicious spender/exploit,Arcadia Finance Hack,2025-07-15
0xda5c5b712e4e9ac0f2bf00342f88503a8e144182,ETH,exploit,revokecash,malicious spender/exploit,Arcadia Finance Hack,2025-07-15
0x7cfa85a487a9c2d48fcf60fae52c1d95cf0cc40d,ETH,exploit,revokecash,malicious spender/exploit,Arcadia Finance Hack,2025-07-15
0xf85ba12886ff471b0a3bf7d569ac1c3bbe32225f,ETH,exploit,revokecash,malicious spender/exploit,Arcadia Finance Hack,2025-07-15
0x3761a78d96065137f2c66da456d4ecbee09eb80e,ETH,exploit,revokecash,malicious spender/exploit,Arcadia Finance Hack,2025-07-15
0x45b9c8ad7848a27fe8caefd8694cb3a38850bacf,ETH,exploit,revokecash,malicious spender/exploit,Arcadia Finance Hack,2025-07-15
0xaec48e0164489dea3f36cc10b1d8eab41d457f74,ETH,exploit,revokecash,malicious spender/exploit,Arcadia Finance Hack,2025-07-15
0xa958a87ba1a7ac1d5d2b778f4f34e7fdcc4aea4b,ETH,exploit,revokecash,malicious spender/exploit,Arcadia Finance Hack,2025-07-15
0xa9dcf8af46ed4746bf9f93deb60f1fcc837d37d1,ETH,exploit,revokecash,malicious spender/exploit,Arcadia Finance Hack,2025-07-15
0xd8a336b0c1f03f1f12f33ff69772248faece86a3,ETH,exploit,revokecash,malicious spender/exploit,Arcadia Finance Hack,2025-07-15
0x423786bb4ecd19b3ae055c22ced4904757910729,ETH,exploit,revokecash,malicious spender/exploit,Arcadia Finance Hack,2025-07-15
0x3e6b4ae6bcb9f7205b2304aec5886051b72f2cb9,ETH,exploit,revokecash,malicious spender/exploit,Arcadia Finance Hack,2025-07-15
0x6a4a1b547b2d61f80aa43b0bd9d031e6335dcec4,ETH,exploit,revokecash,malicious spender/exploit,Arcadia Finance Hack,2025-07-15
0x1537c119c880af17bcbd3f7bb7523b9bd317082c,ETH,exploit,revokecash,malicious spender/exploit,Arcadia Finance Hack,2025-07-15
0xa2cf04eec2a5bbc247ed807232cf1f6ec060f509,ETH,exploit,revokecash,malicious spender/exploit,Arcadia Finance Hack,2025-07-15
0xdbdbe04b755e5f98c3a063b7ea137eaedfde7ee2,ETH,exploit,revokecash,malicious spender/exploit,Arcadia Finance Hack,2025-07-15
0x009dc9466507548a79306e3b2a104b683c55bf08,ETH,exploit,revokecash,malicious spender/exploit,Arcadia Finance Hack,2025-07-15
0xc42e4dbda4b53efb356b54f3f5af3975bd654668,ETH,exploit,revokecash,malicious spender/exploit,Arcadia Finance Hack,2025-07-15
0x115e4ec8d9e2ef6c0363abda45050805d09759a7,ETH,exploit,revokecash,malicious spender/exploit,Arcadia Finance Hack,2025-07-15
0xbb2b00c1b636ca504063f9310b7dc20e50af65f9,ETH,exploit,revokecash,malicious spender/exploit,Arcadia Finance Hack,2025-07-15
0xa06b71c68f5a02c9cd131d5767dc522131286dfd,ETH,exploit,revokecash,malicious spender/exploit,Arcadia Finance Hack,2025-07-15
0x8d25bc49c5cc0ca96051b06edc3b21325010c0e7,ETH,exploit,revokecash,malicious spender/exploit,Arcadia Finance Hack,2025-07-15
0x81a66cea7287394218cdc5c9614f3690aee01873,ETH,exploit,revokecash,malicious spender/exploit,Arcadia Finance Hack,2025-07-15
0x66cf70a1a5aeeb8b2846ec0e9257d8a19bdb9da9,ETH,exploit,revokecash,malicious spender/exploit,Arcadia Finance Hack,2025-07-15
0x6c7c7cecba3b6da6864d8cc80ee14eff8cef94a6,ETH,exploit,revokecash,malicious spender/exploit,Arcadia Finance Hack,2025-07-15
0x4107ea93285a705731dfeb1e25565a92e99b88dc,ETH,exploit,revokecash,malicious spender/exploit,Arcadia Finance Hack,2025-07-15
0xa6c64642b546026c768d3c20ab9d2bcbbad88712,ETH,exploit,revokecash,malicious spender/exploit,Arcadia Finance Hack,2025-07-15
0xe4520ea7e5e526cb0c4511ae06165218f3befbdf,ETH,exploit,revokecash,malicious spender/exploit,Arcadia Finance Hack,2025-07-15
0x1602462f9a6d5a05966fad5522dc7af72b48a774,ETH,exploit,revokecash,malicious spender/exploit,Arcadia Finance Hack,2025-07-15
0x2e4bd963ee2a2af49fac1a8e046e006458d822ab,ETH,exploit,revokecash,malicious spender/exploit,Arcadia Finance Hack,2025-07-15
0x440bd3de4a5ee4f5ad328ab98ab1a24fae1e9027,ETH,exploit,revokecash,malicious spender/exploit,Arcadia Finance Hack,2025-07-15
0x6e7657c1e29133e26d651af8b762b72fb0dd8699,ETH,exploit,revokecash,malicious spender/exploit,Arcadia Finance Hack,2025-07-15
0x59e1f408f7e33354ee4147d9fe40665297b06f85,ETH,exploit,revokecash,malicious spender/exploit,Arcadia Finance Hack,2025-07-15
0x083f7ea59d19d0536f98d7ff64200ee224453351,ETH,exploit,revokecash,malicious spender/exploit,Arcadia Finance Hack,2025-07-15
0xfc9973188b2afce412f0a89d7829a107633c2d69,ETH,exploit,revokecash,malicious spender/exploit,Arcadia Finance Hack,2025-07-15
0xd86282ae8bfd38d23e915372c3953177ab4dda12,ETH,exploit,revokecash,malicious spender/exploit,Arcadia Finance Hack,2025-07-15
0x057a5345a6f5b914314a4255665d1599a8362c1a,ETH,exploit,revokecash,malicious spender/exploit,Arcadia Finance Hack,2025-07-15
0xb6c18f377d1936ac903b8b6d6ce8587e9144fa21,ETH,exploit,revokecash,malicious spender/exploit,Arcadia Finance Hack,2025-07-15
0x1b90b7f3f5d6b80e35aca5cc3208359cbe37bdc2,ETH,exploit,revokecash,malicious spender/exploit,Arcadia Finance Hack,2025-07-15
0xb810ed7fa20a9992ee1ebdbea04b7cc1cf74a370,ETH,exploit,revokecash,malicious spender/exploit,Arcadia Finance Hack,2025-07-15
0xbfac7d468a43588df4d6f7d845699bb9e78da5a4,ETH,exploit,revokecash,malicious spender/exploit,Arcadia Finance Hack,2025-07-15
0x949a579d11a9e0ded305dba4542468731c360932,ETH,exploit,revokecash,malicious spender/exploit,Arcadia Finance Hack,2025-07-15
0x93d1a67403d2e33ce1a784f9f00d4fffd5bf3ea5,ETH,exploit,revokecash,malicious spender/exploit,Arcadia Finance Hack,2025-07-15
0xdece6a0111dfbfa00eee7cc92935a0d74b0f40b1,ETH,exploit,revokecash,malicious spender/exploit,Arcadia Finance Hack,2025-07-15
0x95ff870888c857c72e3c2313cbf160292eade810,ETH,exploit,revokecash,malicious spender/exploit,Arcadia Finance Hack,2025-07-15
0x3dca5466c73bf3450564f31c25b188ee8f4a6f7d,ETH,exploit,revokecash,malicious spender/exploit,Arcadia Finance Hack,2025-07-15
0xc03131bd3428c8b8ee0c4b1d22913de9b6fe25dd,ETH,exploit,revokecash,malicious spender/exploit,Arcadia Finance Hack,2025-07-15
0xf97524d83ad7b0a0df6dceff25d1e4000fc81e05,ETH,exploit,revokecash,malicious spender/exploit,Arcadia Finance Hack,2025-07-15
0x7b1f8b11c2fedd717a6e1c6727250830ba9fd6de,ETH,exploit,revokecash,malicious spender/exploit,Arcadia Finance Hack,2025-07-15
0x869f26db85415b86c19e70eebe7143a6001dd9e3,ETH,exploit,revokecash,malicious spender/exploit,Arcadia Finance Hack,2025-07-15
0x6ed541375ca6ee64336740aa878d0bc007090e9d,ETH,exploit,revokecash,malicious spender/exploit,Arcadia Finance Hack,2025-07-15
0xe4b3875cc6bb7f96a201da6d435dc0de957b885b,ETH,exploit,revokecash,malicious spender/exploit,Arcadia Finance Hack,2025-07-15
0x71c7ff7ea05416114a42e0ec4cbf93e16f9ae750,ETH,exploit,revokecash,malicious spender/exploit,Arcadia Finance Hack,2025-07-15
0xff9ca0badc58c3e133cb0ea81d61a1e453d4d744,ETH,exploit,revokecash,malicious spender/exploit,Arcadia Finance Hack,2025-07-15
0x6b1ab6ed594d3b5912bdc6b0d339a739c173500a,ETH,exploit,revokecash,malicious spender/exploit,Arcadia Finance Hack,2025-07-15
0xe9a28005290755dec3513ec0794200a156c46cba,ETH,exploit,revokecash,malicious spender/exploit,Arcadia Finance Hack,2025-07-15
0x7017698da51c75ddfe0b2620faddc7b120dbab16,ETH,exploit,revokecash,malicious spender/exploit,Arcadia Finance Hack,2025-07-15
0x7c0697155617b7a797cb7517d483dbbdb17089cf,ETH,exploit,revokecash,malicious spender/exploit,Atlantis Loans Hack,2023-06-10
0x24ce0e8a115b850dd9f8f28125534f102059a307,ETH,exploit,revokecash,malicious spender/exploit,Atlantis Loans Hack,2023-06-10
0xd47084cc0e974e5b88958fca5fafb7f7726c4058,ETH,exploit,revokecash,malicious spender/exploit,Atlantis Loans Hack,2023-06-10
0xe7e304f136c054ee71199efa6e26e8b0dae242f3,ETH,exploit,revokecash,malicious spender/exploit,Atlantis Loans Hack,2023-06-10
0x0503feaa5854e55e5607e40371e2a1b0d1b9df7f,ETH,exploit,revokecash,malicious spender/exploit,Atlantis Loans Hack,2023-06-10
0x788a791ff9641a5e1ff3596487b120c348be1db3,ETH,exploit,revokecash,malicious spender/exploit,Atlantis Loans Hack,2023-06-10
0xfead9619e88464e5ad1ea9df458dcc147f03ea0c,ETH,exploit,revokecash,malicious spender/exploit,Atlantis Loans Hack,2023-06-10
0x558b96ee93ea9c7ec9839beafab641d75f94e9a3,ETH,exploit,revokecash,malicious spender/exploit,Atlantis Loans Hack,2023-06-10
0x4e9bf21ce718dde4be2e0f5b167181b8adad12f6,ETH,exploit,revokecash,malicious spender/exploit,Atlantis Loans Hack,2023-06-10
0x59123a930e52b52edb27f91135253331f36cd87c,ETH,exploit,revokecash,malicious spender/exploit,Atlantis Loans Hack,2023-06-10
0xcc7fc8666f6e62cb44aa781de841ee6be3bbe54c,ETH,exploit,revokecash,malicious spender/exploit,Atlantis Loans Hack,2023-06-10
0x219db7e6f8a609645e8559f8553a48c6e6b17f57,ETH,exploit,revokecash,malicious spender/exploit,Atlantis Loans Hack,2023-06-10
0xd7c38eb724a4610a9fb78f3f9f6c400577e30ac2,ETH,exploit,revokecash,malicious spender/exploit,Atlantis Loans Hack,2023-06-10
0xc182ea25c72ce276f80748497775499059f6c74e,ETH,exploit,revokecash,malicious spender/exploit,Atlantis Loans Hack,2023-06-10
0x02a7de4598da1f18cb6ab85d342b4688fec66e6b,ETH,exploit,revokecash,malicious spender/exploit,Atlantis Loans Hack,2023-06-10
0x2f4ba3a96b9b5b660c78310fdde4987c09a2eeba,ETH,exploit,revokecash,malicious spender/exploit,Atlantis Loans Hack,2023-06-10
0x5c81c0f55a15dbc97749a83c843044702768a2a2,ETH,exploit,revokecash,malicious spender/exploit,Atlantis Loans Hack,2023-06-10
0x2c5056167cb2797a7d82996800f896d4f0684343,ETH,exploit,revokecash,malicious spender/exploit,Atlantis Loans Hack,2023-06-10
0x350bd6efe303f5d6e10bd9e9d6347bc4a3e708c0,ETH,exploit,revokecash,malicious spender/exploit,Atlantis Loans Hack,2023-06-10
0x1e3c741e1d94b88871dce2a9b55cc2b2b10ad04f,ETH,exploit,revokecash,malicious spender/exploit,Atlantis Loans Hack,2023-06-10
0x26458660bc2f9112e43de7f0dae003298c6a6dc4,ETH,exploit,revokecash,malicious spender/exploit,Atlantis Loans Hack,2023-06-10
0x96ffc0c6e91fd65460bd1dd180500fa5bda11940,ETH,exploit,revokecash,malicious spender/exploit,Atlantis Loans Hack,2023-06-10
0x20c7e6eb3fab3990a0db8b2eed57ff7d799603f9,ETH,exploit,revokecash,malicious spender/exploit,Atlantis Loans Hack,2023-06-10
0x14f235bb338804d194679bef1ed7f619f4fe684f,ETH,exploit,revokecash,malicious spender/exploit,Atlantis Loans Hack,2023-06-10
0x8df3719eb4c9f17ecf30ba298cc2da7c88162894,ETH,exploit,revokecash,malicious spender/exploit,Atlantis Loans Hack,2023-06-10
0x6a3ebe48a297a61048ddbeb0ef62da4e35ef11f2,ETH,exploit,revokecash,malicious spender/exploit,Atlantis Loans Hack,2023-06-10
0x13047b242dd799340fdc1ff8df8038a06f5b2a38,ETH,exploit,revokecash,malicious spender/exploit,Atlantis Loans Hack,2023-06-10
0x02ded9052b696f9848fa909d8923e02c69625ae5,ETH,exploit,revokecash,malicious spender/exploit,Atlantis Loans Hack,2023-06-10
0x8cfc23414d758f7a5ecb922947a19c7380eac61b,ETH,exploit,revokecash,malicious spender/exploit,Atlantis Loans Hack,2023-06-10
0x294c94559c7449b44015ce692e3d2fb75845abfc,ETH,exploit,revokecash,malicious spender/exploit,Atlantis Loans Hack,2023-06-10
0xf59aa1208f398a699c31271b036df30b0bd63149,ETH,exploit,revokecash,malicious spender/exploit,Atlantis Loans Hack,2023-06-10
0x1fd991fb6c3102873ba68a4e6e6a87b3a5c10271,ETH,exploit,revokecash,malicious spender/exploit,Atlantis Loans Hack,2023-06-10
0x4f9d3eeb422f48aa71dc553b7f26948f31c8c503,ETH,exploit,revokecash,malicious spender/exploit,Atlantis Loans Hack,2023-06-10
0x9f019142f8fd51f97c8da95d4f84551860f63117,ETH,exploit,revokecash,malicious spender/exploit,Atlantis Loans Hack,2023-06-10
0xa0f88c98578e85acfad30cffabf3932053cb2103,ETH,exploit,revokecash,malicious spender/exploit,Atlantis Loans Hack,2023-06-10
0x8f85ee1c0a96734cb76870106dd9c016db6de09a,ETH,exploit,revokecash,malicious spender/exploit,Atlantis Loans Hack,2023-06-10
0xe7597f774fd0a15a617894dc39d45a28b97afa4f,ETH,exploit,revokecash,malicious spender/exploit,Auctus Hack,2022-03-26
0x1fcdb04d0c5364fbd92c73ca8af9baa72c269107,ETH,exploit,revokecash,malicious spender/exploit,BadgerDAO Frontend Hack,2021-12-02
0x8dfeb86c7c962577ded19ab2050ac78654fea9f7,ETH,exploit,revokecash,malicious spender/exploit,Bancor Hack,2020-06-18
0x5f58058c0ec971492166763c8c22632b583f667f,ETH,exploit,revokecash,malicious spender/exploit,Bancor Hack,2020-06-18
0x923cab01e6a4639664aa64b76396eec0ea7d3a5f,ETH,exploit,revokecash,malicious spender/exploit,Bancor Hack,2020-06-18
0x7b3611b0affc27d212a68293831d3b55354b802f,ETH,exploit,revokecash,malicious spender/exploit,Bankroll Network Hack,2025-06-19
0x84a4eccb81a1fd0867c7682e2c85ffef4538a2f4,ETH,exploit,revokecash,malicious spender/exploit,Bankroll Network Hack,2025-06-19
0xadefb902cab716b8043c5231ae9a50b8b4ee7c4e,ETH,exploit,revokecash,malicious spender/exploit,Bankroll Network Hack,2025-06-19
0x16d0a151297a0393915239373897bcc955882110,ETH,exploit,revokecash,malicious spender/exploit,Bankroll Network Hack,2025-06-19
0x0a15b914388d48d77fe70c8a832cd992dd05e76e,ETH,exploit,revokecash,malicious spender/exploit,Bankroll Network Hack,2025-06-19
0x313e71df70b106bd8e456cfbafd3583595ede490,ETH,exploit,revokecash,malicious spender/exploit,Bankroll Network Hack,2025-06-19
0xef6676536a1d98942d149f52708770e11db47bce,ETH,exploit,revokecash,malicious spender/exploit,Bankroll Network Hack,2025-06-19
0xdaa037f99d168b552c0c61b7fb64cf7819d78310,ETH,exploit,revokecash,malicious spender/exploit,BarnBridge Governance Attack,2026-07-15
0x372d02e58a8fcf42114232f614d57f31401d4c7d,ETH,exploit,revokecash,malicious spender/exploit,BarnBridge Governance Attack,2026-07-15
0xe6c1a8e7a879d7febb8144276a62f9a6b381bd37,ETH,exploit,revokecash,malicious spender/exploit,BarnBridge Governance Attack,2026-07-15
0x37923eb0f4a9097b2774eab9d928afad6196cf76,ETH,exploit,revokecash,malicious spender/exploit,BarnBridge Governance Attack,2026-07-15
0x99230f93135f3650ab5706b7b6d4b30b4ee961c9,ETH,exploit,revokecash,malicious spender/exploit,BarnBridge Governance Attack,2026-07-15
0xa4f8310cd972b1fc3ca9f130b235a91bc882badb,ETH,exploit,revokecash,malicious spender/exploit,BarnBridge Governance Attack,2026-07-15
0xbf5649526aa1dc1daa82ed29ddc65149278ca5d8,ETH,exploit,revokecash,malicious spender/exploit,BarnBridge Governance Attack,2026-07-15
0x6ac048ee380cbf0cb22c30401e710c28d91eb94d,ETH,exploit,revokecash,malicious spender/exploit,BarnBridge Governance Attack,2026-07-15
0x7b1e1a841afe589f1b5337a2eec41a18a58475be,ETH,exploit,revokecash,malicious spender/exploit,BarnBridge Governance Attack,2026-07-15
0x5cfcfb6171db72a26b84bc50edd2d80b0f3fc094,ETH,exploit,revokecash,malicious spender/exploit,BarnBridge Governance Attack,2026-07-15
0x02cbe7feaa8b969acc43ab368b6ed45cb63f3354,ETH,exploit,revokecash,malicious spender/exploit,BarnBridge Governance Attack,2026-07-15
0x1f316c385a5249c83f48061de45e691acdc98f06,ETH,exploit,revokecash,malicious spender/exploit,BasketDAO Peripheral Exploit,2021-10-24
0x4622aff8e521a444c9301da0efd05f6b482221b8,ETH,exploit,revokecash,malicious spender/exploit,BasketDAO Hack,2022-03-27
0x01a903c12a2dd87a5410173a29543504df8bd14b,ETH,exploit,revokecash,malicious spender/exploit,BasketDAO Hack,2022-03-27
0x839b0afd0a0528ea184448e890cbaaffd99c1dbf,ETH,exploit,revokecash,malicious spender/exploit,Biswap v3 Migrator Hack,2023-06-30
0xb7933eb7a36ce8387910519f9eba49403871c4c0,ETH,exploit,revokecash,malicious spender/exploit,Biswap v3 Migrator Hack,2023-06-30
0x75eb01bf6e265e2a7dbba1644913b5adf0cc12de,ETH,exploit,revokecash,malicious spender/exploit,BitKeep Swap Hack,2022-10-17
0xf6463845b0b9d9d33d8e2bcb6c628bc5cb1ad133,ETH,exploit,revokecash,malicious spender/exploit,BitKeep Swap Hack,2022-10-17
0x1d3f8fcfe508d7031c242e213b27fbe432f52c67,ETH,exploit,revokecash,malicious spender/exploit,Bitmor Hack,2026-05-25
0xd248b30a3207a766d318c7a87f5cf334a439446d,ETH,exploit,revokecash,malicious spender/exploit,Brahma Hack,2022-11-09
0x26585626e4a8d4fc409146b47a61790d9008967c,ETH,exploit,revokecash,malicious spender/exploit,BSCex Hack,2023-02-27
0x8f34c8232d482cb65fea0d05184596001997d352,ETH,exploit,revokecash,malicious spender/exploit,BSCex Hack,2023-02-27
0x544fde4e25dd7e0aff084f4975d808ae366b746b,ETH,exploit,revokecash,malicious spender/exploit,BSCex Hack,2023-02-27
0x6d8981847eb3cc2234179d0f0e72f6b6b2421a01,ETH,exploit,revokecash,malicious spender/exploit,BSCex Hack,2023-02-27
0x97ebf27d40d306ad00bb2922e02c58264b295a95,ETH,exploit,revokecash,malicious spender/exploit,bZx Hack,2021-11-05
0xda4f261f26c82766408dcf6ba1b510fa8e64efe9,ETH,exploit,revokecash,malicious spender/exploit,bZx Hack,2021-11-05
0xf326b42a237086f1de4e7d68f2d2456fc787bc01,ETH,exploit,revokecash,malicious spender/exploit,bZx Hack,2021-11-05
0x7343b25c4953f4c57ed4d16c33cbedefae9e8eb9,ETH,exploit,revokecash,malicious spender/exploit,bZx Hack,2021-11-05
0x949cc03e43c24a954baa963a00bfc5ab146c6ce7,ETH,exploit,revokecash,malicious spender/exploit,bZx Hack,2021-11-05
0xacd39c8d46461bca7d5fb23ecd57a4cb0d31fab5,ETH,exploit,revokecash,malicious spender/exploit,bZx Hack,2021-11-05
0xc5b6cc0a9d61600be42e83d8fa1331db9e29e48c,ETH,exploit,revokecash,malicious spender/exploit,bZx Hack,2021-11-05
0x49646513609085f39d9e44b413c74530ba6e2c0f,ETH,exploit,revokecash,malicious spender/exploit,bZx Hack,2021-11-05
0xa9f5746e6a44cc40fc58b291c0f55fca69389f1b,ETH,exploit,revokecash,malicious spender/exploit,bZx Hack,2021-11-05
0xa726f2a7b200b03beb41d1713e6158e0bda8731f,ETH,exploit,revokecash,malicious spender/exploit,bZx Hack,2021-11-05
0xc47812857a74425e2039b57891a3dfcf51602d5d,ETH,exploit,revokecash,malicious spender/exploit,bZx Hack,2021-11-05
0x1fdca2422668b961e162a8849dc0c2feadb58915,ETH,exploit,revokecash,malicious spender/exploit,bZx Hack,2021-11-05
0xf009c28b2d9e13886105714b895f013e2e43ee12,ETH,exploit,revokecash,malicious spender/exploit,bZx Hack,2021-11-05
0x97dfbef4ed5a7f63781472dbc69ab8e5d7357cb9,ETH,exploit,revokecash,malicious spender/exploit,bZx Hack,2021-11-05
0x2e1a74a16e3a9f8e3d825902ab9fb87c606cb13f,ETH,exploit,revokecash,malicious spender/exploit,bZx Hack,2021-11-05
0x18d755c981a550b0b8919f1de2cdf882f489c155,ETH,exploit,revokecash,malicious spender/exploit,bZx Hack,2021-11-05
0x500c3877650c6c08a59d425d27441eae847ecfda,ETH,exploit,revokecash,malicious spender/exploit,bZx Hack,2021-11-05
0xfe4f0eb0a1ad109185c9aade64c48ff8e928e54b,ETH,exploit,revokecash,malicious spender/exploit,bZx Hack,2021-11-05
0xd39ff512c3e55373a30e94bb1398651420ae1d43,ETH,exploit,revokecash,malicious spender/exploit,bZx Hack,2021-11-05
0x2a2aa50450811ae589847d670cb913df763318e8,ETH,exploit,revokecash,malicious spender/exploit,Celer Frontend Hack,2022-08-17
0x5895da888cbf3656d8f51e5df9fd26e8e131e7cf,ETH,exploit,revokecash,malicious spender/exploit,Celer Frontend Hack,2022-08-17
0x458f4d7ef4fb1a0e56b36bf7a403df830cfdf972,ETH,exploit,revokecash,malicious spender/exploit,Celer Frontend Hack,2022-08-17
0x9c8b72f0d43ba23b96b878f1c1f75edc2beec9f9,ETH,exploit,revokecash,malicious spender/exploit,Celer Frontend Hack,2022-08-17
0x7caec5e4a3906d0919895d113f7ed9b3a0cbf826,ETH,exploit,revokecash,malicious spender/exploit,CivTrade Hack,2023-07-08
0xf169bd68ed72b2fdc3c9234833197171aa000580,ETH,exploit,revokecash,malicious spender/exploit,CivTrade Hack,2023-07-08
0x8883d82e852f966ce88a9a9917d70d6f9e3933d9,ETH,exploit,revokecash,malicious spender/exploit,Concentric Hack,2024-01-22
0xd0bf4ae42e262b6bea561a424e53525df83f6368,ETH,exploit,revokecash,malicious spender/exploit,Concentric Hack,2024-01-22
0x2ada5779759b164bee3f35392033f2ea213de436,ETH,exploit,revokecash,malicious spender/exploit,Concentric Hack,2024-01-22
0x600d0b555c0e2143c846a61c370106cb2a60dfb1,ETH,exploit,revokecash,malicious spender/exploit,Concentric Hack,2024-01-22
0x3cc167d53abeea49bc780da36104a9992bcd4de9,ETH,exploit,revokecash,malicious spender/exploit,Concentric Hack,2024-01-22
0x7f8863c2086fde3d199f5dd27d555574d1bb7228,ETH,exploit,revokecash,malicious spender/exploit,Concentric Hack,2024-01-22
0x6277f4f9f55bfc331bcbe8db2f221ae186489915,ETH,exploit,revokecash,malicious spender/exploit,Concentric Hack,2024-01-22
0x319e70fc896a138619617b7d06f0dfcd2e554808,ETH,exploit,revokecash,malicious spender/exploit,Concentric Hack,2024-01-22
0x39c1bc90ba23d4d95eafa9335ceb83e0826e7ea7,ETH,exploit,revokecash,malicious spender/exploit,Concentric Hack,2024-01-22
0x0f9da8eaf006079d772955644bac36f17934b36e,ETH,exploit,revokecash,malicious spender/exploit,Concentric Hack,2024-01-22
0x920e5a9e4c8d8f8ae624230734b992fc18e000e9,ETH,exploit,revokecash,malicious spender/exploit,Concentric Hack,2024-01-22
0x02f747d9cc9cb03d8e6bb13b54ae609710aa5072,ETH,exploit,revokecash,malicious spender/exploit,Concentric Hack,2024-01-22
0xafb2423f447d3e16931164c9970b9741aab1723e,ETH,exploit,revokecash,malicious spender/exploit,CoW Swap DNS Hijack,2026-04-14
0x87690ab6c4228fac0d77e94b3f9e47a7184bb430,ETH,exploit,revokecash,malicious spender/exploit,CoW Swap DNS Hijack,2026-04-14
0xbd364db4f6c1e3ae5c437e109260c4951ecaacc5,ETH,exploit,revokecash,malicious spender/exploit,CoW Swap DNS Hijack,2026-04-14
0xa6a59f6148b1397f62b74f1e331cf5af2e1da1a7,ETH,exploit,revokecash,malicious spender/exploit,CoW Swap DNS Hijack,2026-04-14
0xed0e416e0feea5b484ba5c95d375545ac2b60572,ETH,exploit,revokecash,malicious spender/exploit,CoW Swap DNS Hijack,2026-04-14
0xe0f07f64c6247168ce71b68fefb8ce2f9e8cdcea,ETH,exploit,revokecash,malicious spender/exploit,CoW Swap DNS Hijack,2026-04-14
0x5a929ff9e5fabb291814dc26ce1b8994a27174c5,ETH,exploit,revokecash,malicious spender/exploit,CoW Swap DNS Hijack,2026-04-14
0xb1857e250af4e48ac5778d967d8645c044eaa6fa,ETH,exploit,revokecash,malicious spender/exploit,CoW Swap DNS Hijack,2026-04-14
0x60ec169e0688b9c7b7784a2b4de2f9e84ebaf3d7,ETH,exploit,revokecash,malicious spender/exploit,CoW Swap DNS Hijack,2026-04-14
0x41e0990a226fe317061c5ea80625bf1f5f973456,ETH,exploit,revokecash,malicious spender/exploit,CoW Swap DNS Hijack,2026-04-14
0x0921b3fd3893de5518ace08a20c115dacd09fddc,ETH,exploit,revokecash,malicious spender/exploit,CoW Swap DNS Hijack,2026-04-14
0x1360232dc0461784f7496aa2360fe7aee2ca7226,ETH,exploit,revokecash,malicious spender/exploit,CoW Swap DNS Hijack,2026-04-14
0x20766cea4f4ff91e389b0fce9fa89ee5111445cc,ETH,exploit,revokecash,malicious spender/exploit,CoW Swap DNS Hijack,2026-04-14
0x6d44232c0c4f8b9d28db0cc8e8ae5ff234adcd51,ETH,exploit,revokecash,malicious spender/exploit,CoW Swap DNS Hijack,2026-04-14
0x37c20ddc680925dc747310981a3f057300f9e276,ETH,exploit,revokecash,malicious spender/exploit,CoW Swap DNS Hijack,2026-04-14
0x3ee8f9848c5b55d84b5211c6a3c1c4289febaafc,ETH,exploit,revokecash,malicious spender/exploit,CoW Swap DNS Hijack,2026-04-14
0x563c770e1dddada7bd0f1dd14a020b6511388b8b,ETH,exploit,revokecash,malicious spender/exploit,CoW Swap DNS Hijack,2026-04-14
0x2299541e615a322d96f4d44b221839b37fc7b2a0,ETH,exploit,revokecash,malicious spender/exploit,CoW Swap DNS Hijack,2026-04-14
0x251db0b02a3516e5c70d5a49287c84eb4526d0c6,ETH,exploit,revokecash,malicious spender/exploit,CoW Swap DNS Hijack,2026-04-14
0x27c4bc76ade76bf688c5d847679f62dfc2d5a5e8,ETH,exploit,revokecash,malicious spender/exploit,CoW Swap DNS Hijack,2026-04-14
0x9448803c95bad8f89fadf787dc0f43597d8f9e39,ETH,exploit,revokecash,malicious spender/exploit,CoW Swap DNS Hijack,2026-04-14
0xab82a0e627127234452cdfd8eac9332586b2bbce,ETH,exploit,revokecash,malicious spender/exploit,CoW Swap DNS Hijack,2026-04-14
0x10e7d285d05c3ba6c16ab7278f64c47f3a70bf95,ETH,exploit,revokecash,malicious spender/exploit,CoW Swap DNS Hijack,2026-04-14
0x70098d1bde31047a7c0801283f1a239fe017c784,ETH,exploit,revokecash,malicious spender/exploit,CoW Swap DNS Hijack,2026-04-14
0x9eb5f8e83359bb5013f3d8eee60bdce5654e8881,ETH,exploit,revokecash,malicious spender/exploit,Curve Frontend Hack,2022-08-09
0xde62e1b0edaa55aac5ffbe21984d321706418024,ETH,exploit,revokecash,malicious spender/exploit,Dexible Hack,2023-02-17
0x7222b106acac96dc5dbdbb4eefa7649dd1f5d434,ETH,exploit,revokecash,malicious spender/exploit,Dexible Hack,2023-02-17
0x405f6266d9bcc028f04e92b6ac09087806470761,ETH,exploit,revokecash,malicious spender/exploit,Dexible Hack,2023-02-17
0x67d35dd5f03f8c9fdac4056743456ac0c27711ec,ETH,exploit,revokecash,malicious spender/exploit,Dexible Hack,2023-02-17
0x11976d208e1f86e26c3a8c5c97d1db42ef5b44b2,ETH,exploit,revokecash,malicious spender/exploit,Dexible Hack,2023-02-17
0x53f416f782ded95285c179f6ceeca80324bf4cf7,ETH,exploit,revokecash,malicious spender/exploit,Dexible Hack,2023-02-17
0xe2466deb9536a69bf8131ecd0c267ee41dd1cda0,ETH,exploit,revokecash,malicious spender/exploit,Dolomite Hack,2024-03-20
0x9a8af808dd8884c7caafc6c90abdc3f9ea418a83,ETH,exploit,revokecash,malicious spender/exploit,dTRINITY dLEND Hack,2025-09-28
0x95c0afea3f48d4e3a5fe51b62e8b9f8538b8ff11,ETH,exploit,revokecash,malicious spender/exploit,dTRINITY dLEND Hack,2025-09-28
0xa860d1f093092440bbeadc0b85f1f14c004ab6f6,ETH,exploit,revokecash,malicious spender/exploit,dTRINITY dLEND Hack,2025-09-28
0x9ee939ddc8eaaac72d3cae793b12a09d92624e4a,ETH,exploit,revokecash,malicious spender/exploit,dTRINITY dLEND Hack,2025-09-28
0x951ed02c90a0185575dc82e94088b9d3016b7263,ETH,exploit,revokecash,malicious spender/exploit,dTRINITY dLEND Hack,2025-09-28
0xb8445316db44c05c5d2fe37f610b773a072432c1,ETH,exploit,revokecash,malicious spender/exploit,dTRINITY dLEND Hack,2025-09-28
0x6df9a77c866e8a9c998286bda5a17543e2105991,ETH,exploit,revokecash,malicious spender/exploit,dTRINITY dLEND Hack,2025-09-28
0xb7c8b7c260d3cf0cc3ccf1aadf5a55d0c5032eb1,ETH,exploit,revokecash,malicious spender/exploit,dTRINITY dLEND Hack,2025-09-28
0x53773fe5ff4451c896127dd2c91b8de7ac51ba2c,ETH,exploit,revokecash,malicious spender/exploit,dYdX Hack,2021-11-27
0x8ccb1ffd5c2aa6bd926473425dea4c8c15de60fd,ETH,exploit,revokecash,malicious spender/exploit,Ekubo Hack,2026-05-05
0x8f52903d17e2d8d6c77d1a1de0cc975b6b5a0d15,ETH,exploit,revokecash,malicious spender/exploit,Ekubo Hack,2026-05-05
0x4f168f17923435c999f5c8565acab52c2218edf2,ETH,exploit,revokecash,malicious spender/exploit,Ekubo Hack,2026-05-05
0xc93c4ad185ca48d66fefe80f906a67ef859fc47d,ETH,exploit,revokecash,malicious spender/exploit,Ekubo Hack,2026-05-05
0x0b19823ef1f4a6b1f7c52336f428f1a92e9f645e,ETH,exploit,revokecash,malicious spender/exploit,Fisclend Rug Pull,2025-01-03
0xca4708652243fc0d4e0663b1b52ce94fa24a113e,ETH,exploit,revokecash,malicious spender/exploit,Fisclend Rug Pull,2025-01-03
0x4e4b2025c694d9053c4da88e88957d5ed9aeb7b8,ETH,exploit,revokecash,malicious spender/exploit,Fisclend Rug Pull,2025-01-03
0x45274379d89ba7efa4b41b49a4ee5e2349359e61,ETH,exploit,revokecash,malicious spender/exploit,Fisclend Rug Pull,2025-01-03
0xf7247c3a957b2f329f429f8a9a8a63bf3ff32159,ETH,exploit,revokecash,malicious spender/exploit,Fisclend Rug Pull,2025-01-03
0xb1974b31b60c7134978e5574f5f1fc8a16535b5d,ETH,exploit,revokecash,malicious spender/exploit,Fisclend Rug Pull,2025-01-03
0x7498cf790b5ceb908144f925077c28df7f67694c,ETH,exploit,revokecash,malicious spender/exploit,Fisclend Rug Pull,2025-01-03
0xa76f696ad9a423cc9aec4b17bb6f03465d3b9f0b,ETH,exploit,revokecash,malicious spender/exploit,Fisclend Rug Pull,2025-01-03
0x3eff99a1e6dfafadc8a143897064a90698acf610,ETH,exploit,revokecash,malicious spender/exploit,Fisclend Rug Pull,2025-01-03
0x272156ba547d0e01b59ab1c612041c75efaaf3c8,ETH,exploit,revokecash,malicious spender/exploit,Fisclend Rug Pull,2025-01-03
0xcd04992d1d8d42bb432ad794103c3b498016da88,ETH,exploit,revokecash,malicious spender/exploit,Fisclend Rug Pull,2025-01-03
0xdd03226cf843aa201add2b0572125dc688e1668b,ETH,exploit,revokecash,malicious spender/exploit,Fisclend Rug Pull,2025-01-03
0x4f06eaee287892145ec07f57e11cd3751f4d20e4,ETH,exploit,revokecash,malicious spender/exploit,Fisclend Rug Pull,2025-01-03
0x08cba051f82c61731b18b2f0e4fdb111f93709b8,ETH,exploit,revokecash,malicious spender/exploit,Fisclend Rug Pull,2025-01-03
0x49ad262c49c7aa708cc2df262ed53b64a17dd5ee,ETH,exploit,revokecash,malicious spender/exploit,Floor Protocol Hack,2023-12-17
0x3eb879cc9a0ef4c6f1d870a40ae187768c278da2,ETH,exploit,revokecash,malicious spender/exploit,Floor Protocol Hack,2023-12-17
0x17e8ca1b4798b97602895f63206afcd1fc90ca5f,ETH,exploit,revokecash,malicious spender/exploit,Furucombo Hack,2021-02-27
0x0000eaab14253e1421aef4f48ee539f2653c0000,ETH,exploit,revokecash,malicious spender/exploit,Galxe Frontend Hack,2023-10-06
0x00008c6dc619b0ea53dd8d02b58bb726afc40000,ETH,exploit,revokecash,malicious spender/exploit,Galxe Frontend Hack,2023-10-06
0xc10472ac1bf9f2e58ff2c83596b4535334c90814,ETH,exploit,revokecash,malicious spender/exploit,GONDI Hack,2026-03-09
0x1fba531724ea2493a15bf5c4ea05f6ab5c0fcd62,ETH,exploit,revokecash,malicious spender/exploit,GONDI Hack,2026-03-09
0x53ceda4c47585df08201955820e23bb261489140,ETH,exploit,revokecash,malicious spender/exploit,GONDI Hack,2026-03-09
0x3b59bffe109e0f33f20887343759a98b48ecdf5f,ETH,exploit,revokecash,malicious spender/exploit,GONDI Hack,2026-03-09
0xfd31a0cd628f0bab2cc174c3abd6bfc2d01aca61,ETH,exploit,revokecash,malicious spender/exploit,GONDI Hack,2026-03-09
0xfaaff69da43b8195e5b0945c4fea4476e4264157,ETH,exploit,revokecash,malicious spender/exploit,GONDI Hack,2026-03-09
0x250ce5a8d8a8f0345fb8708e0575c8ede7710c14,ETH,exploit,revokecash,malicious spender/exploit,Harvest Keeper Rug Pull,2023-03-17
0x79cdfd7bc46d577b95ed92bcdc8ababa1844af0c,ETH,exploit,revokecash,malicious spender/exploit,Hashflow Hack,2023-06-14
0x36c543b8bb76b330ecb66a13c1c1377f889f1919,ETH,exploit,revokecash,malicious spender/exploit,Hashflow Hack,2023-06-14
0x43b4bf8758cae65e6b8242d2669e0e5e20ff693a,ETH,exploit,revokecash,malicious spender/exploit,Hashflow Hack,2023-06-14
0x375e05f6e12028e933ce598ad1bed7f1194ab071,ETH,exploit,revokecash,malicious spender/exploit,Hashflow Hack,2023-06-14
0xacfaaa9da11e66a8cc8af8e3d844673968fff63f,ETH,exploit,revokecash,malicious spender/exploit,Hashflow Hack,2023-06-14
0x14bb98581ac1f1a43fd148db7d7d793308dc4d80,ETH,exploit,revokecash,malicious spender/exploit,Kame Aggregator Hack,2025-09-12
0x1415e8eec45dae07e7bbdf57a88ea0a309233617,ETH,exploit,revokecash,malicious spender/exploit,Kame Aggregator Hack,2025-09-12
0xa9b9e1af3cfd8b1c29e0ae4fddf2dadd74a108cc,ETH,exploit,revokecash,malicious spender/exploit,Kame Aggregator Hack,2025-09-12
0x9af49eb880e0ef621fd45c6cb8c4738f6f59dafa,ETH,exploit,revokecash,malicious spender/exploit,Ledger Connect Kit Hack,2023-12-14
0xcd4044190d80d46554744350a3a5e5e3cc02d2c7,ETH,exploit,revokecash,malicious spender/exploit,Ledger Connect Kit Hack,2023-12-14
0x000067464bdcbec51051ddcce8551e702f130000,ETH,exploit,revokecash,malicious spender/exploit,Ledger Connect Kit Hack,2023-12-14
0x464dfdbd9d304dda059e2e76f83421f45b358be0,ETH,exploit,revokecash,malicious spender/exploit,Ledger Connect Kit Hack,2023-12-14
0x3b5d4edbf190202d3c755a4f64c576c37e788f4e,ETH,exploit,revokecash,malicious spender/exploit,Ledger Connect Kit Hack,2023-12-14
0xd3c9b275a2f07edc7302a39144dee4b5a162dc62,ETH,exploit,revokecash,malicious spender/exploit,Ledger Connect Kit Hack,2023-12-14
0xa95ae71e40bdc8dfef525d17bbc86ca6c4e5eb43,ETH,exploit,revokecash,malicious spender/exploit,Ledger Connect Kit Hack,2023-12-14
0x561c288b1d0c46574952f507c3c9a5d34d6937f9,ETH,exploit,revokecash,malicious spender/exploit,Ledger Connect Kit Hack,2023-12-14
0x2888811c0342efd2e35718d94b12b422c60ad1dc,ETH,exploit,revokecash,malicious spender/exploit,Ledger Connect Kit Hack,2023-12-14
0x38a78a0b73f432382ea23ee0cfebc44ef4f7cc53,ETH,exploit,revokecash,malicious spender/exploit,Ledger Connect Kit Hack,2023-12-14
0xdfd5b70673d9900218c3bb8487f9c18b474e88b6,ETH,exploit,revokecash,malicious spender/exploit,Ledger Connect Kit Hack,2023-12-14
0xa99258a6fd209d9c269ff3335b03a86d349c193d,ETH,exploit,revokecash,malicious spender/exploit,Ledger Connect Kit Hack,2023-12-14
0xa25243da422f04ed0ba3aa445bc3ff4fad53fbfb,ETH,exploit,revokecash,malicious spender/exploit,Ledger Connect Kit Hack,2023-12-14
0xeb1014723e2d23f396e86f5b04ee7f7d251e298b,ETH,exploit,revokecash,malicious spender/exploit,Ledger Connect Kit Hack,2023-12-14
0xb62a435296d3729a54f1bd095991cea8696940f1,ETH,exploit,revokecash,malicious spender/exploit,Ledger Connect Kit Hack,2023-12-14
0x665932486b2a635ddbbd4f982fdf4e6430cde431,ETH,exploit,revokecash,malicious spender/exploit,Ledger Connect Kit Hack,2023-12-14
0x0fc039046c23c13e37c7c554468f3d80bd798331,ETH,exploit,revokecash,malicious spender/exploit,Ledger Connect Kit Hack,2023-12-14
0x94f09028204fb1455c2f47018c93a865a7ce9a91,ETH,exploit,revokecash,malicious spender/exploit,Ledger Connect Kit Hack,2023-12-14
0x522bcefe3e7261a5227cabf961e4f89ad757482f,ETH,exploit,revokecash,malicious spender/exploit,Ledger Connect Kit Hack,2023-12-14
0xbd10bbdfd000e9a7609fada79baa450eb441d460,ETH,exploit,revokecash,malicious spender/exploit,Ledger Connect Kit Hack,2023-12-14
0x1bdd75c80ac5191245c656ed0f61ca73cb7018ac,ETH,exploit,revokecash,malicious spender/exploit,Ledger Connect Kit Hack,2023-12-14
0x68fb18eac6324b04d733eaee047f3286e927c5ff,ETH,exploit,revokecash,malicious spender/exploit,Ledger Connect Kit Hack,2023-12-14
0xf5e2e79a63c864c62cfa50142e35d33b197b671c,ETH,exploit,revokecash,malicious spender/exploit,Ledger Connect Kit Hack,2023-12-14
0x350b68cc074b81a871712a9fb6c09685c740f60b,ETH,exploit,revokecash,malicious spender/exploit,Ledger Connect Kit Hack,2023-12-14
0x16fbd834934961b4e72282e203e307b3fe9a8e17,ETH,exploit,revokecash,malicious spender/exploit,Ledger Connect Kit Hack,2023-12-14
0xc1eb1416b4ad9d452f6e4df1a09aaf61b90b1e01,ETH,exploit,revokecash,malicious spender/exploit,Ledger Connect Kit Hack,2023-12-14
0xbfb8e844f2b88dc2d6380d812f13c7e7f07be309,ETH,exploit,revokecash,malicious spender/exploit,Ledger Connect Kit Hack,2023-12-14
0xd28bdb3a27cfecdbe21494449b5acff26930adcf,ETH,exploit,revokecash,malicious spender/exploit,Ledger Connect Kit Hack,2023-12-14
0xe0f7021a736c0ea6b9b7d037ca77dc401bf823e5,ETH,exploit,revokecash,malicious spender/exploit,Ledger Connect Kit Hack,2023-12-14
0xbf29b6eeb75042fb84e68f7126ead276b45e3fc1,ETH,exploit,revokecash,malicious spender/exploit,Ledger Connect Kit Hack,2023-12-14
0x1bed77a251db4371086ae9d72b10e0ff0fde04a7,ETH,exploit,revokecash,malicious spender/exploit,Ledger Connect Kit Hack,2023-12-14
0xc600f6f69ed64b7c9a3b1f7c13434f7a77dc6321,ETH,exploit,revokecash,malicious spender/exploit,Ledger Connect Kit Hack,2023-12-14
0x1f8526c085a7a9ddd9b9106ecf28e246d6fd082f,ETH,exploit,revokecash,malicious spender/exploit,Ledger Connect Kit Hack,2023-12-14
0x7433000728a86e66d0151cdbc55c773e3d70d448,ETH,exploit,revokecash,malicious spender/exploit,Ledger Connect Kit Hack,2023-12-14
0xaca4ef195cfa9bf94dfa93f05d50a3dbc4d6dfe4,ETH,exploit,revokecash,malicious spender/exploit,Ledger Connect Kit Hack,2023-12-14
0x21834f8c1a2a81ef8bae0c546f0ebbfe8f08193c,ETH,exploit,revokecash,malicious spender/exploit,Ledger Connect Kit Hack,2023-12-14
0xc28a7b73d192dc90312b90f8983c7faf49dd8478,ETH,exploit,revokecash,malicious spender/exploit,Ledger Connect Kit Hack,2023-12-14
0xb9b30b9816fa575baadb976e03de0ae52726a00e,ETH,exploit,revokecash,malicious spender/exploit,Ledger Connect Kit Hack,2023-12-14
0xa7f1e301e331a304cb2c77838928eac8bbc8112d,ETH,exploit,revokecash,malicious spender/exploit,Ledger Connect Kit Hack,2023-12-14
0x4273b852cdc33e4e8ae2792cf3aec0d0f4e4d2f6,ETH,exploit,revokecash,malicious spender/exploit,Ledger Connect Kit Hack,2023-12-14
0xb3d4d0ba075db1917741ed68f08b1cc4a17d983d,ETH,exploit,revokecash,malicious spender/exploit,Ledger Connect Kit Hack,2023-12-14
0x67d0f1850e42b6e53d9f34d852018dd26ff1eb62,ETH,exploit,revokecash,malicious spender/exploit,Ledger Connect Kit Hack,2023-12-14
0x327e0a3c7c1afd013add8e6a3ddbfabc6a4d7b17,ETH,exploit,revokecash,malicious spender/exploit,Ledger Connect Kit Hack,2023-12-14
0xdda3373eeecc114fecb41d9dac2210bf06babf08,ETH,exploit,revokecash,malicious spender/exploit,Ledger Connect Kit Hack,2023-12-14
0x41b0a6a2458a285f71bef5811946e6cf968e3f6f,ETH,exploit,revokecash,malicious spender/exploit,Ledger Connect Kit Hack,2023-12-14
0xe0ba6725dee50e94ffe5d8c9cf77aac3b874b12a,ETH,exploit,revokecash,malicious spender/exploit,Ledger Connect Kit Hack,2023-12-14
0xf650308a9f7f2bcc9ff368f31e62de4884397f71,ETH,exploit,revokecash,malicious spender/exploit,Ledger Connect Kit Hack,2023-12-14
0xe9e07aab00ff472e9036382bfdd291bb23ac8086,ETH,exploit,revokecash,malicious spender/exploit,Ledger Connect Kit Hack,2023-12-14
0xcbd9109bf67accfd3c1ef6b4afc81c48ca244e12,ETH,exploit,revokecash,malicious spender/exploit,Ledger Connect Kit Hack,2023-12-14
0xb84f6073832f52195ebdc0df724a0d124582a07b,ETH,exploit,revokecash,malicious spender/exploit,Ledger Connect Kit Hack,2023-12-14
0x8c98fe9233e609c36e4d4eab3a89a684ef0c6989,ETH,exploit,revokecash,malicious spender/exploit,Ledger Connect Kit Hack,2023-12-14
0xc6b67b2cdb05bae3723ca6e71e191b64d53727d8,ETH,exploit,revokecash,malicious spender/exploit,Ledger Connect Kit Hack,2023-12-14
0x9a03e651be0f80e6f92739692988be89dafc3a87,ETH,exploit,revokecash,malicious spender/exploit,Ledger Connect Kit Hack,2023-12-14
0xf20f84304d301538b515e8bb0f1e634d3fd9d485,ETH,exploit,revokecash,malicious spender/exploit,Ledger Connect Kit Hack,2023-12-14
0x8ef53d4919064aeb90eb58ed009c52e664e77993,ETH,exploit,revokecash,malicious spender/exploit,Ledger Connect Kit Hack,2023-12-14
0x0c9532e9b7a8280bbde40f8dfb1281c9f8d4e2bb,ETH,exploit,revokecash,malicious spender/exploit,Ledger Connect Kit Hack,2023-12-14
0x49a4a83d2b28b515904a61c562463d805b39a2f1,ETH,exploit,revokecash,malicious spender/exploit,Ledger Connect Kit Hack,2023-12-14
0x3ecffc1b9409bdee2380d2b9a2bd8b0f85d46e80,ETH,exploit,revokecash,malicious spender/exploit,Ledger Connect Kit Hack,2023-12-14
0xbd84327e2d59d6aa2ccc416ca76889776f3625d5,ETH,exploit,revokecash,malicious spender/exploit,Ledger Connect Kit Hack,2023-12-14
0xcec339e6ecdf55fd201b2efe5ca1154b2deaf80f,ETH,exploit,revokecash,malicious spender/exploit,Ledger Connect Kit Hack,2023-12-14
0x1a535127c548ffe6672f84be094165eccf2f7b39,ETH,exploit,revokecash,malicious spender/exploit,Ledger Connect Kit Hack,2023-12-14
0x3d2f76f9d263bf8a738cc62900b934eb28eaebf2,ETH,exploit,revokecash,malicious spender/exploit,Ledger Connect Kit Hack,2023-12-14
0x0c860e43d2e5f8daae0a73380d9e020edb124689,ETH,exploit,revokecash,malicious spender/exploit,Ledger Connect Kit Hack,2023-12-14
0xd8bd81c4311d8ce7e8e2047a4c09bedbd399e026,ETH,exploit,revokecash,malicious spender/exploit,Ledger Connect Kit Hack,2023-12-14
0xee93bdc52d395a95f72dde66c1e98b5fa3c3ed53,ETH,exploit,revokecash,malicious spender/exploit,Ledger Connect Kit Hack,2023-12-14
0xf5216fb506dd6a21c03b8fb339d19ac3ae07efaa,ETH,exploit,revokecash,malicious spender/exploit,Ledger Connect Kit Hack,2023-12-14
0xcc09b0e3214cee0a961e0c0a4b1863441c87f951,ETH,exploit,revokecash,malicious spender/exploit,Ledger Connect Kit Hack,2023-12-14
0x0a2759b4714ddceed3746110d99d524e696f34de,ETH,exploit,revokecash,malicious spender/exploit,Ledger Connect Kit Hack,2023-12-14
0xe87502b8efb8d4c17fdf70ac60bb8eb1bfedd47d,ETH,exploit,revokecash,malicious spender/exploit,Ledger Connect Kit Hack,2023-12-14
0xfc2f1d7479829ddcc53308399caf43fa92234910,ETH,exploit,revokecash,malicious spender/exploit,Ledger Connect Kit Hack,2023-12-14
0x2b8c5e098452e0961cd41e1150470c51511ad720,ETH,exploit,revokecash,malicious spender/exploit,Ledger Connect Kit Hack,2023-12-14
0xbf477a246e5e90fb5481aac87aae2b93eaedaa40,ETH,exploit,revokecash,malicious spender/exploit,Ledger Connect Kit Hack,2023-12-14
0xd0663082cc6120ba032976267054992b311311de,ETH,exploit,revokecash,malicious spender/exploit,Ledger Connect Kit Hack,2023-12-14
0xaff28f3460147c3b9d9792cf0c638a7da917f442,ETH,exploit,revokecash,malicious spender/exploit,Ledger Connect Kit Hack,2023-12-14
0xd66c72ace9fa714fee5a020e31e87690a530fb13,ETH,exploit,revokecash,malicious spender/exploit,Ledger Connect Kit Hack,2023-12-14
0xd982dcb289136f0539c222d671ec1f70c1719d09,ETH,exploit,revokecash,malicious spender/exploit,Ledger Connect Kit Hack,2023-12-14
0xc0a2fada6911b6b01f0c8a315ed5fa8becd31717,ETH,exploit,revokecash,malicious spender/exploit,Ledger Connect Kit Hack,2023-12-14
0x9df2ca8d80bac99fc7728c807d27391baf4de891,ETH,exploit,revokecash,malicious spender/exploit,Ledger Connect Kit Hack,2023-12-14
0x13dcd2c12856a6e4372505581767c41711f7cfd5,ETH,exploit,revokecash,malicious spender/exploit,Ledger Connect Kit Hack,2023-12-14
0xe5f3e431b165ba46023b7c6199bd4ff84725fee0,ETH,exploit,revokecash,malicious spender/exploit,Ledger Connect Kit Hack,2023-12-14
0x62f3793f3df9b32a18a4f8051564e4f6838faec2,ETH,exploit,revokecash,malicious spender/exploit,Ledger Connect Kit Hack,2023-12-14
0x77f5142bd1cbe91aec8b4f5f18cc02ee8912ab93,ETH,exploit,revokecash,malicious spender/exploit,Ledger Connect Kit Hack,2023-12-14
0x34e7ecd1c6f60e965988486e138cb26f9a91bfe0,ETH,exploit,revokecash,malicious spender/exploit,Ledger Connect Kit Hack,2023-12-14
0x703439ba4aee13fd91d617a7c3dbd08c13ea5be9,ETH,exploit,revokecash,malicious spender/exploit,Ledger Connect Kit Hack,2023-12-14
0xaf5bbc16991959b22b9abfdbb9d38d6cb5885cb5,ETH,exploit,revokecash,malicious spender/exploit,Ledger Connect Kit Hack,2023-12-14
0x64986cde2ac0a77b49a3b4d3b0fef12037eb41a7,ETH,exploit,revokecash,malicious spender/exploit,Ledger Connect Kit Hack,2023-12-14
0x3d31e7aa2a8491d09010bedb658e926a7bb17304,ETH,exploit,revokecash,malicious spender/exploit,Ledger Connect Kit Hack,2023-12-14
0xe67b9cd1ac0db3c046e9bf9f64f54f02d33588f7,ETH,exploit,revokecash,malicious spender/exploit,Ledger Connect Kit Hack,2023-12-14
0x63facc787208248cfb877d8169bdd296da98e23d,ETH,exploit,revokecash,malicious spender/exploit,Ledger Connect Kit Hack,2023-12-14
0x58794f125b6e6db9a3470b70ee5109fa8d4698f7,ETH,exploit,revokecash,malicious spender/exploit,Ledger Connect Kit Hack,2023-12-14
0x7f2f2b0439c03405666a9ae754761d86e8a8f764,ETH,exploit,revokecash,malicious spender/exploit,Ledger Connect Kit Hack,2023-12-14
0x34cfd929b553963fc1fbf3c6185fe17ccd719397,ETH,exploit,revokecash,malicious spender/exploit,Ledger Connect Kit Hack,2023-12-14
0xb00fcbb7e95809fa8c0d6133b054bb2848981745,ETH,exploit,revokecash,malicious spender/exploit,Ledger Connect Kit Hack,2023-12-14
0xea500c43992c6755a84b30172cf7ff51d7850ba8,ETH,exploit,revokecash,malicious spender/exploit,Ledger Connect Kit Hack,2023-12-14
0x17963f148af0a63c81963f70d1da64df3433f763,ETH,exploit,revokecash,malicious spender/exploit,Ledger Connect Kit Hack,2023-12-14
0xe03137e085f21d3395dee734a38dac3b54f16db4,ETH,exploit,revokecash,malicious spender/exploit,Ledger Connect Kit Hack,2023-12-14
0xe16f338d42fb4cb18dcba481127e8bbc1351fc4b,ETH,exploit,revokecash,malicious spender/exploit,Ledger Connect Kit Hack,2023-12-14
0x656e5e976d523a427f05b0c212a22a89ccd9ef18,ETH,exploit,revokecash,malicious spender/exploit,Lien Finance Hack,2026-07-24
0x7db84492cfd27e47c39499d852decc2a01476a75,ETH,exploit,revokecash,malicious spender/exploit,Lien Finance Hack,2026-07-24
0x0949c77ad52602ac61b42d2de0eeb1b7cc79250f,ETH,exploit,revokecash,malicious spender/exploit,Lien Finance Hack,2026-07-24
0x1231deb6f5749ef6ce6943a275a1d3e7486f4eae,ETH,exploit,revokecash,malicious spender/exploit,2024 LI.FI Hack,2024-07-16
0x341e94069f53234fe6dabef707ad424830525715,ETH,exploit,revokecash,malicious spender/exploit,2024 LI.FI Hack,2024-07-16
0xde1e598b81620773454588b85d6b5d4eec32573e,ETH,exploit,revokecash,malicious spender/exploit,2024 LI.FI Hack,2024-07-16
0x24ca98fb6972f5ee05f0db00595c7f68d9fafd68,ETH,exploit,revokecash,malicious spender/exploit,2024 LI.FI Hack,2024-07-16
0x5a9fd7c39a6c488e715437d7b1f3c823d5596ed1,ETH,exploit,revokecash,malicious spender/exploit,2022 LI.FI Hack,2022-03-20
0x80a64c6d7f12c47b7c66c5b4e20e72bc1fcd5d9e,ETH,exploit,revokecash,malicious spender/exploit,Maestro Hack,2023-10-24
0xcf32c5bb41f7a302298a2d2072155800871baad3,ETH,exploit,revokecash,malicious spender/exploit,Magpie Hack,2024-04-23
0x746b0ca3762e229d4dcbd22b4a10906aa788d396,ETH,exploit,revokecash,malicious spender/exploit,Magpie Hack,2024-04-23
0x59b37ed62599f3d2f9a593be0153ef08702cb370,ETH,exploit,revokecash,malicious spender/exploit,Magpie Hack,2024-04-23
0x6a1431bb23e08e3209dae3130b441863855fc14b,ETH,exploit,revokecash,malicious spender/exploit,Magpie Hack,2024-04-23
0x5fe556bcf5fc7db6e075ca6f4cd4f8bbee2a3e54,ETH,exploit,revokecash,malicious spender/exploit,Magpie Hack,2024-04-23
0x956df8424b556f0076e8abf5481605f5a791cc7f,ETH,exploit,revokecash,malicious spender/exploit,Magpie Hack,2024-04-23
0xbf2685d3b22f9e4753aeacbc8f14fc73965c17f2,ETH,exploit,revokecash,malicious spender/exploit,Merkle Trade Hack,2024-04-18
0xb03e14eeb1a4b2f95a7e1cbe400baec3e78d2a1f,ETH,exploit,revokecash,malicious spender/exploit,Moby Trade Hack,2025-01-08
0xa62027c5edc68abc52d3a3bbdd213fa12457320b,ETH,exploit,revokecash,malicious spender/exploit,Moby Trade Hack,2025-01-08
0x64e1fafa9e9d5f1a7431b886f5fbff4052c5925d,ETH,exploit,revokecash,malicious spender/exploit,Moby Trade Hack,2025-01-08
0x6881e756ea3322aeaade0267c2a7fcf2a887ee9a,ETH,exploit,revokecash,malicious spender/exploit,Moby Trade Hack,2025-01-08
0x46fa90cabecea5369f5ca9466655277eca36b574,ETH,exploit,revokecash,malicious spender/exploit,Moby Trade Hack,2025-01-08
0x986b713fc57d653d29c57f23077e67ebe160a132,ETH,exploit,revokecash,malicious spender/exploit,Moby Trade Hack,2025-01-08
0x870daa37233be5624cef865f56be9326256a5b0e,ETH,exploit,revokecash,malicious spender/exploit,Moby Trade Hack,2025-01-08
0xdb6f4aa12ac37332cfb02df2b795550a38a44b9c,ETH,exploit,revokecash,malicious spender/exploit,Moby Trade Hack,2025-01-08
0xb6f4c1fe04d7539f1128c17c3d1fcfa6a169f2ed,ETH,exploit,revokecash,malicious spender/exploit,Moby Trade Hack,2025-01-08
0x6b7a87899490ece95443e979ca9485cbe7e71522,ETH,exploit,revokecash,malicious spender/exploit,2022 Multichain Hack,2022-01-17
0x9b17baadf0f21f03e35249e0e59723f34994f806,ETH,exploit,revokecash,malicious spender/exploit,2022 Multichain Hack,2022-01-17
0xc1be9a4d5d45beeacae296a7bd5fadbfc14602c4,ETH,exploit,revokecash,malicious spender/exploit,2022 Multichain Hack,2022-01-17
0xae27785b2c91c91c072ba4484d759e0c92d6fae7,ETH,exploit,revokecash,malicious spender/exploit,2022 Multichain Hack,2022-01-17
0x5d9ab5522c64e1f6ef5e3627eccc093f56167818,ETH,exploit,revokecash,malicious spender/exploit,2022 Multichain Hack,2022-01-17
0x4f3aff3a747fcade12598081e80c6605a8be192f,ETH,exploit,revokecash,malicious spender/exploit,2022 Multichain Hack,2022-01-17
0xafaace7138ab3c2bcb2db4264f8312e1bbb80653,ETH,exploit,revokecash,malicious spender/exploit,2022 Multichain Hack,2022-01-17
0xd1c5966f9f5ee6881ff6b261bbeda45972b1b5f3,ETH,exploit,revokecash,malicious spender/exploit,2022 Multichain Hack,2022-01-17
0xe95fd76cf16008c12ff3b3a937cb16cd9cc20284,ETH,exploit,revokecash,malicious spender/exploit,2022 Multichain Hack,2022-01-17
0x765277eebeca2e31912c9946eae1021199b39c61,ETH,exploit,revokecash,malicious spender/exploit,2022 Multichain Hack,2022-01-17
0x1ccca1ce62c62f7be95d4a67722a8fdbed6eecb4,ETH,exploit,revokecash,malicious spender/exploit,2022 Multichain Hack,2022-01-17
0xf3ce95ec61114a4b1bfc615c16e6726015913ccc,ETH,exploit,revokecash,malicious spender/exploit,2022 Multichain Hack,2022-01-17
0xb0731d50c681c45856bfc3f7539d5f61d4be81d8,ETH,exploit,revokecash,malicious spender/exploit,2022 Multichain Hack,2022-01-17
0xf9736ec3926703e85c843fc972bd89a7f8e827c0,ETH,exploit,revokecash,malicious spender/exploit,2022 Multichain Hack,2022-01-17
0xabd380327fe66724ffda91a87c772fb8d00be488,ETH,exploit,revokecash,malicious spender/exploit,2022 Multichain Hack,2022-01-17
0x0cae51e1032e8461f4806e26332c030e34de3adb,ETH,exploit,revokecash,malicious spender/exploit,2022 Multichain Hack,2022-01-17
0xc931f61b1534eb21d8c11b24f3f5ab2471d4ab50,ETH,exploit,revokecash,malicious spender/exploit,2022 Multichain Hack,2022-01-17
0x7c598c96d02398d89fbcb9d41eab3df0c16f227d,ETH,exploit,revokecash,malicious spender/exploit,2022 Multichain Hack,2022-01-17
0xf27ee99622c3c9b264583dacb2cce056e194494f,ETH,exploit,revokecash,malicious spender/exploit,2022 Multichain Hack,2022-01-17
0x65a8ec2c367a2d60efc1944c6eab614d73453b2f,ETH,exploit,revokecash,malicious spender/exploit,Namecheap DNS Hijack,2022-06-23
0xcc326c1d41f64c5331bc7ba555d75306c3159624,ETH,exploit,revokecash,malicious spender/exploit,Namecheap DNS Hijack,2022-06-23
0xdd499857c8539bef04477b52782be6a9fbd3c82b,ETH,exploit,revokecash,malicious spender/exploit,Namecheap DNS Hijack,2022-06-23
0x80142a55f0f4f6bf6b5644b8c1f8a3cfed0086ae,ETH,exploit,revokecash,malicious spender/exploit,Namecheap DNS Hijack,2022-06-23
0x3267ead61ceb7d16c5ecc2be572ccf0538824e2f,ETH,exploit,revokecash,malicious spender/exploit,Namecheap DNS Hijack,2022-06-23
0x3fe61e2306999eeaaff2a3ac1d0fada6f566587e,ETH,exploit,revokecash,malicious spender/exploit,Namecheap DNS Hijack,2022-06-23
0x72a1a639c69f8002f035a7dc231d634d74e6b86e,ETH,exploit,revokecash,malicious spender/exploit,Namecheap DNS Hijack,2022-06-23
0xdc2933ab1918678bcfd13bcd653a20c0e9ceba9a,ETH,exploit,revokecash,malicious spender/exploit,Namecheap DNS Hijack,2022-06-23
0xcc320aa1fe572798a1f900cfa0df6524b04c9624,ETH,exploit,revokecash,malicious spender/exploit,Namecheap DNS Hijack,2022-06-23
0x65a8135596ae13c0dd5c17ba1059c61bc42d3b2f,ETH,exploit,revokecash,malicious spender/exploit,Namecheap DNS Hijack,2022-06-23
0xcf50193c27df08423bfe813676541b2268789332,ETH,exploit,revokecash,malicious spender/exploit,Namecheap DNS Hijack,2022-06-23
0xf403a2c10b0b9fef8f0d4f931df5d86ad187ae31,ETH,exploit,revokecash,malicious spender/exploit,Namecheap DNS Hijack,2022-06-23
0x8014ae6574cace1f2435a86d4ea0472f466786ae,ETH,exploit,revokecash,malicious spender/exploit,Namecheap DNS Hijack,2022-06-23
0xa1da0e05114b5cd243ad7eb2b09baf90d7755edf,ETH,exploit,revokecash,malicious spender/exploit,Namecheap DNS Hijack,2022-06-23
0x72a13c100d35773157e1a156a9fb74362424b86e,ETH,exploit,revokecash,malicious spender/exploit,Namecheap DNS Hijack,2022-06-23
0x80142a102f75e67853fb3289611408201af686ae,ETH,exploit,revokecash,malicious spender/exploit,Namecheap DNS Hijack,2022-06-23
0x8014c5f23b602622ed5a9d29f22c76e69bf086ae,ETH,exploit,revokecash,malicious spender/exploit,Namecheap DNS Hijack,2022-06-23
0xf403da4881e95233be3b60813168f94cb025ae31,ETH,exploit,revokecash,malicious spender/exploit,Namecheap DNS Hijack,2022-06-23
0x53775ae12c52af2c8908fc107d685b4666688e8c,ETH,exploit,revokecash,malicious spender/exploit,Namecheap DNS Hijack,2022-06-23
0x65a8e56ee6b549456fd8927db3fa526b8d143b2f,ETH,exploit,revokecash,malicious spender/exploit,Namecheap DNS Hijack,2022-06-23
0x65a89e791d2a4384f3760b3c207894b8a59a3b2f,ETH,exploit,revokecash,malicious spender/exploit,Namecheap DNS Hijack,2022-06-23
0xbbbd505dad14404b31f1b69e112c5d917b5fe884,ETH,exploit,revokecash,malicious spender/exploit,Namecheap DNS Hijack,2022-06-23
0x3fe64d78d093f65532cbe82ef6ffd8610c6d587e,ETH,exploit,revokecash,malicious spender/exploit,Namecheap DNS Hijack,2022-06-23
0x3fe6fa8a659d2b720fbd0ae9a9a4653ae555587e,ETH,exploit,revokecash,malicious spender/exploit,Namecheap DNS Hijack,2022-06-23
0xfdbca05318dd888df98a8f5c83474220c93b528e,ETH,exploit,revokecash,malicious spender/exploit,Namecheap DNS Hijack,2022-06-23
0x4b94e8ddd3be9d10a9f64b40589c371dd597080a,ETH,exploit,revokecash,malicious spender/exploit,Namecheap DNS Hijack,2022-06-23
0x121c9dd5aca17b11684c827e6816bc9880ec518f,ETH,exploit,revokecash,malicious spender/exploit,Namecheap DNS Hijack,2022-06-23
0xdd492da24286d359d97f19875248bff2c38fc82b,ETH,exploit,revokecash,malicious spender/exploit,Namecheap DNS Hijack,2022-06-23
0xdd4967fa239c8fdd4f62e7e2cd8cb66f3366c82b,ETH,exploit,revokecash,malicious spender/exploit,Namecheap DNS Hijack,2022-06-23
0xdd49ad972736a9e1a9866fe4a95ca64fbf7fc82b,ETH,exploit,revokecash,malicious spender/exploit,Namecheap DNS Hijack,2022-06-23
0xdd49d5d420148f6514bac24ec8ec5ba279e2c82b,ETH,exploit,revokecash,malicious spender/exploit,Namecheap DNS Hijack,2022-06-23
0xf403ee300b8b502dfc142372d6eed3ff83e6ae31,ETH,exploit,revokecash,malicious spender/exploit,Namecheap DNS Hijack,2022-06-23
0xf403366d476d76d109db94c4a09480d7bdcfae31,ETH,exploit,revokecash,malicious spender/exploit,Namecheap DNS Hijack,2022-06-23
0xf4037d696e7d05f0720116ffd724ae0c0275ae31,ETH,exploit,revokecash,malicious spender/exploit,Namecheap DNS Hijack,2022-06-23
0xf403e011a7a2995e87baf4ac10b7189697efae31,ETH,exploit,revokecash,malicious spender/exploit,Namecheap DNS Hijack,2022-06-23
0xf403c3c4a0b29aed2d914c88cb542d74aee5ae31,ETH,exploit,revokecash,malicious spender/exploit,Namecheap DNS Hijack,2022-06-23
0xf4036f808770e1cdb4baa604d14b2f9c6601ae31,ETH,exploit,revokecash,malicious spender/exploit,Namecheap DNS Hijack,2022-06-23
0x8014417c5f917f0c3338376ceb4e060b406a86ae,ETH,exploit,revokecash,malicious spender/exploit,Namecheap DNS Hijack,2022-06-23
0x80149554d138c869588b45ce7ba757844c4f86ae,ETH,exploit,revokecash,malicious spender/exploit,Namecheap DNS Hijack,2022-06-23
0x8014aafaea23e0e5e866fa8b4508588f8fbe86ae,ETH,exploit,revokecash,malicious spender/exploit,Namecheap DNS Hijack,2022-06-23
0xe631f8304d00edfbab8a0d0e7b3417b9614ed365,ETH,exploit,revokecash,malicious spender/exploit,Namecheap DNS Hijack,2022-06-23
0xe631f05ddeb9b47c48dc1ff45426a1223697d365,ETH,exploit,revokecash,malicious spender/exploit,Namecheap DNS Hijack,2022-06-23
0xbbbd216c0334a9e4ce7d0acde5189b5548e3e884,ETH,exploit,revokecash,malicious spender/exploit,Namecheap DNS Hijack,2022-06-23
0x13d8faf4a690f5ae52e2d2c52938d1167057b9af,ETH,exploit,revokecash,malicious spender/exploit,NFT Trader Hack,2023-12-16
0x657e383edb9a7407e468acbcc9fe4c9730c7c275,ETH,exploit,revokecash,malicious spender/exploit,NFT Trader Hack,2023-12-16
0xc310e760778ecbca4c65b6c559874757a4c4ece0,ETH,exploit,revokecash,malicious spender/exploit,NFT Trader Hack,2023-12-16
0x22dd31a495cafb229131a16c54a8e5b2f43c1162,ETH,exploit,revokecash,malicious spender/exploit,Orange Finance Hack,2025-01-07
0xe1b68841e764cc31be1eb1e59d156a4ed1217c2c,ETH,exploit,revokecash,malicious spender/exploit,Orange Finance Hack,2025-01-07
0x5f6d5a7e8ecca2a53c6322a96e9a48907a8284e0,ETH,exploit,revokecash,malicious spender/exploit,Orange Finance Hack,2025-01-07
0x708790d732c5886d56b0cbbed7b60abf47848faa,ETH,exploit,revokecash,malicious spender/exploit,Orange Finance Hack,2025-01-07
0xe32132282d181967960928b77236b3c472d5f396,ETH,exploit,revokecash,malicious spender/exploit,Orange Finance Hack,2025-01-07
0x01e371c500c49bea2fa985334f46a8dc906253ea,ETH,exploit,revokecash,malicious spender/exploit,Orange Finance Hack,2025-01-07
0x3d2692bb38686d0fb9b1faa2a3e2e5620ef112a9,ETH,exploit,revokecash,malicious spender/exploit,Orange Finance Hack,2025-01-07
0x49f60f02b45087ed99ecc4de63d0337db0d0c6bf,ETH,exploit,revokecash,malicious spender/exploit,Orange Finance Hack,2025-01-07
0x5bb109e834a4e4c5422526f0f3d42783031ba80d,ETH,exploit,revokecash,malicious spender/exploit,Orange Finance Hack,2025-01-07
0xd6eceb3978bf2b76958b96e8a207246b98c7d639,ETH,exploit,revokecash,malicious spender/exploit,Orange Finance Hack,2025-01-07
0x65fb7fa8731710b435999cb7d036d689097548e8,ETH,exploit,revokecash,malicious spender/exploit,Orange Finance Hack,2025-01-07
0x59671aa8f4e5adccb26f4c88f0d6047b0ae7620b,ETH,exploit,revokecash,malicious spender/exploit,Orange Finance Hack,2025-01-07
0x0b48540e214bc196e1d0954834876691fe19068d,ETH,exploit,revokecash,malicious spender/exploit,Orange Finance Hack,2025-01-07
0x00000000fdac7708d0d360bddc1bc7d097f47439,ETH,exploit,revokecash,malicious spender/exploit,ParaSwap Hack,2024-03-20
0xb162f01c5bda7a68292410aaa059e7ce28d77c82,ETH,exploit,revokecash,malicious spender/exploit,Polynomial Protocol Hack,2022-11-18
0xf5d2f24c5438af754920928b13d16e10a91ac31e,ETH,exploit,revokecash,malicious spender/exploit,PREMINT Frontend Hack,2022-07-17
0x768c566dde1a34e8907910f6185f8f65f16ad3f8,ETH,exploit,revokecash,malicious spender/exploit,PREMINT Frontend Hack,2022-07-17
0x544db63995e70d5bcf5707cbd2530c6e487965f4,ETH,exploit,revokecash,malicious spender/exploit,PREMINT Frontend Hack,2022-07-17
0x5fcdcdcacaf5c553e1452f97543d77dff09e643a,ETH,exploit,revokecash,malicious spender/exploit,PREMINT Frontend Hack,2022-07-17
0x4ed07767e70199f2423dc67fde6802c1e7d06ca1,ETH,exploit,revokecash,malicious spender/exploit,PREMINT Frontend Hack,2022-07-17
0xeb9599391ff595125f49181f521a8b7388b253a4,ETH,exploit,revokecash,malicious spender/exploit,PREMINT Frontend Hack,2022-07-17
0x14ae598023cafd6fe83a6600e55016927d8ea1d1,ETH,exploit,revokecash,malicious spender/exploit,PREMINT Frontend Hack,2022-07-17
0x3f99d449d3812f461e8c579bef72b47a5fcf0825,ETH,exploit,revokecash,malicious spender/exploit,PREMINT Frontend Hack,2022-07-17
0x5099e1d1da2065f444ed89638fe7eb7584b75ac5,ETH,exploit,revokecash,malicious spender/exploit,PREMINT Frontend Hack,2022-07-17
0xbd9683acf5721dc3fe27931093f55a8645a9ee89,ETH,exploit,revokecash,malicious spender/exploit,PREMINT Frontend Hack,2022-07-17
0x4499bac5b15321b6fcd6faf781be8ae96eaafeef,ETH,exploit,revokecash,malicious spender/exploit,PREMINT Frontend Hack,2022-07-17
0x883047f214ded33c9b549f0d0d71f141134c824e,ETH,exploit,revokecash,malicious spender/exploit,PREMINT Frontend Hack,2022-07-17
0x4a06a2c3b1eb43eaf49474216e560ef5e2efed6c,ETH,exploit,revokecash,malicious spender/exploit,PREMINT Frontend Hack,2022-07-17
0x5271245db88c1bf363d855cf1106d28ba6b58789,ETH,exploit,revokecash,malicious spender/exploit,PREMINT Frontend Hack,2022-07-17
0x408512284c300dbf399c50ec9a536dd030192701,ETH,exploit,revokecash,malicious spender/exploit,PREMINT Frontend Hack,2022-07-17
0x87bdf7bddcd7df0afd5462f52698343e60ef3ca4,ETH,exploit,revokecash,malicious spender/exploit,PREMINT Frontend Hack,2022-07-17
0xf93938ed7613e15561990e112e86278bed8a8404,ETH,exploit,revokecash,malicious spender/exploit,PREMINT Frontend Hack,2022-07-17
0x16174fa335526db45d427fc26a0060646cc52ed9,ETH,exploit,revokecash,malicious spender/exploit,PREMINT Frontend Hack,2022-07-17
0x0b8db10cb439113a34e217c1bc4d677f45468ee1,ETH,exploit,revokecash,malicious spender/exploit,PREMINT Frontend Hack,2022-07-17
0xf6eebb79a76b4f6f776f7d59cf9f535f5b850c9d,ETH,exploit,revokecash,malicious spender/exploit,PREMINT Frontend Hack,2022-07-17
0x065e8a87b8f11aed6facf9447abe5e8c5d7502b6,ETH,exploit,revokecash,malicious spender/exploit,Quixotic Hack,2022-07-01
0x6eb211caf6d304a76efe37d9abdfaddc2d4363d1,ETH,exploit,revokecash,malicious spender/exploit,Rabby Swap Hack,2022-10-11
0xf23b0f5cc2e533283ea97f7b9245242b8d65b26b,ETH,exploit,revokecash,malicious spender/exploit,Rabby Swap Hack,2022-10-11
0xf756a77e74954c89351c12da24c84d3c206e5355,ETH,exploit,revokecash,malicious spender/exploit,Rabby Swap Hack,2022-10-11
0x509f49ad29d52bfaacac73245ee72c59171346a8,ETH,exploit,revokecash,malicious spender/exploit,Rabby Swap Hack,2022-10-11
0x3422656fb4bb0c6b43b4bf65ea174d5b5ebc4a39,ETH,exploit,revokecash,malicious spender/exploit,Rabby Swap Hack,2022-10-11
0xd1a57cb694cf4941360a937d5f5633b363204e18,ETH,exploit,revokecash,malicious spender/exploit,Rabby Swap Hack,2022-10-11
0xf401c6373a63c7a2ddf88d704650773232cea391,ETH,exploit,revokecash,malicious spender/exploit,Rabby Swap Hack,2022-10-11
0x5a0ab5d78c4d40e3a467a8bc52ce16cce88c999d,ETH,exploit,revokecash,malicious spender/exploit,Rabby Swap Hack,2022-10-11
0xa1b61f32a7c11e64df6b11d420d2bb7656f4b6ab,ETH,exploit,revokecash,malicious spender/exploit,Rabby Swap Hack,2022-10-11
0x67832c40daf905ea5dde3fca036219e861a6bb8a,ETH,exploit,revokecash,malicious spender/exploit,Rabby Swap Hack,2022-10-11
0x563b6c3646e587caad54d57b5c0e98d7e99aeb4f,ETH,exploit,revokecash,malicious spender/exploit,Rabby Swap Hack,2022-10-11
0xb490f6a28eb43709410737dbdc1ffb4d3a5c4989,ETH,exploit,revokecash,malicious spender/exploit,Rabby Swap Hack,2022-10-11
0xa166a168463c44c6c973c4f8adf97031d7b25499,ETH,exploit,revokecash,malicious spender/exploit,Rabby Swap Hack,2022-10-11
0xe02504dcbc0721e7a4861c56b842c53e28dec84d,ETH,exploit,revokecash,malicious spender/exploit,Rabby Swap Hack,2022-10-11
0xfcda4bd27e841dec3d8a49a3187f44757c8b9eac,ETH,exploit,revokecash,malicious spender/exploit,Rabby Swap Hack,2022-10-11
0x328fd59a417463af4b0a465794ad627d5fc90d7b,ETH,exploit,revokecash,malicious spender/exploit,Rabby Swap Hack,2022-10-11
0x275ad6133d7662e6feb70365c93d78363286dfcc,ETH,exploit,revokecash,malicious spender/exploit,Rabby Swap Hack,2022-10-11
0xc9f8a7d8cabb46135a90b9fa0ce58b75e8d15cc5,ETH,exploit,revokecash,malicious spender/exploit,Rabby Swap Hack,2022-10-11
0xa950974f64aa33f27f6c5e017eee93bf7588ed07,ETH,exploit,revokecash,malicious spender/exploit,Radiant Capital Hack,2024-10-16
0xd50cf00b6e600dd036ba8ef475677d816d6c4281,ETH,exploit,revokecash,malicious spender/exploit,Radiant Capital Hack,2024-10-16
0x30798cfe2cca822321ceed7e6085e633aabc492f,ETH,exploit,revokecash,malicious spender/exploit,Radiant Capital Hack,2024-10-16
0xf4b1486dd74d07706052a33d31d7c0aafd0659e1,ETH,exploit,revokecash,malicious spender/exploit,Radiant Capital Hack,2024-10-16
0x531110418d8591c92e9cbbfc722db8ffb604fafd,ETH,exploit,revokecash,malicious spender/exploit,Revert Finance Hack,2023-02-18
0x8c925768c793e00c095135b8656d6014ee2d07bb,ETH,exploit,revokecash,malicious spender/exploit,Revert Finance Hack,2023-02-18
0x2a017f2fb369f4ca061b8d8a922bb05100e8f8c3,ETH,exploit,revokecash,malicious spender/exploit,Revert Finance Hack,2023-02-18
0x95a8cc9ab71b26bdacbe6a7ccf519456edc2a164,ETH,exploit,revokecash,malicious spender/exploit,Revert Finance Hack,2023-02-18
0x3335a88bb18fd3b6824b59af62b50ce494143333,ETH,exploit,revokecash,malicious spender/exploit,Rubic Hack,2022-12-25
0x33388cf69e032c6f60a420b37e44b1f5443d3333,ETH,exploit,revokecash,malicious spender/exploit,Rubic Hack,2022-12-25
0x529ebb6d157dfe5ae2aa7199a6f9e0e9830e6dc1,ETH,exploit,revokecash,malicious spender/exploit,Seneca Hack,2024-02-28
0xd837321fc7faba9af2f37effa08d4973a9bace34,ETH,exploit,revokecash,malicious spender/exploit,Seneca Hack,2024-02-28
0xbc83f2711d0749d7454e4a9d53d8594df0377c05,ETH,exploit,revokecash,malicious spender/exploit,Seneca Hack,2024-02-28
0x65c210c59b43eb68112b7a4f75c8393c36491f06,ETH,exploit,revokecash,malicious spender/exploit,Seneca Hack,2024-02-28
0x11446bbb511e4ea8b0622cb7d1437c23c2f3489b,ETH,exploit,revokecash,malicious spender/exploit,Seneca Hack,2024-02-28
0x7c160ffe3741a28e754e018dccbd25db04b313ac,ETH,exploit,revokecash,malicious spender/exploit,Seneca Hack,2024-02-28
0x4d7b1a1900b74ea4b843a5747740f483152cba5c,ETH,exploit,revokecash,malicious spender/exploit,Seneca Hack,2024-02-28
0x2d99e1116e73110b88c468189aa6af8bb4675ec9,ETH,exploit,revokecash,malicious spender/exploit,Seneca Hack,2024-02-28
0x2216e32006bb80d20f7906b88876964f9af68afb,ETH,exploit,revokecash,malicious spender/exploit,Seneca Hack,2024-02-28
0x3a23f943181408eac424116af7b7790c94cb97a5,ETH,exploit,revokecash,malicious spender/exploit,Socket Hack,2024-01-16
0x14e6d67f824c3a7b4329d3228807f8654294e4bd,ETH,exploit,revokecash,malicious spender/exploit,Sorbet Finance Hack,2021-12-11
0xb89e9365cb5bacfcf4a4b0386dfad45c3b4d3258,ETH,exploit,revokecash,malicious spender/exploit,StableMagnet Rug Pull,2021-06-23
0x1c5771e96c9d5524fb6e606f5b356d08c40eb194,ETH,exploit,revokecash,malicious spender/exploit,SushiSwap Hack,2023-04-09
0xa7cac4207579a179c1069435d032ee0f9f150e5c,ETH,exploit,revokecash,malicious spender/exploit,SushiSwap Hack,2023-04-09
0xbaceb8ec6b9355dfc0269c18bac9d6e2bdc29c4f,ETH,exploit,revokecash,malicious spender/exploit,SushiSwap Hack,2023-04-09
0x2f686751b19a9d91cc3d57d90150bc767f050066,ETH,exploit,revokecash,malicious spender/exploit,SushiSwap Hack,2023-04-09
0xd75f5369724b513b497101fb15211160c1d96550,ETH,exploit,revokecash,malicious spender/exploit,SushiSwap Hack,2023-04-09
0x044b75f554b886a065b9567891e45c79542d7357,ETH,exploit,revokecash,malicious spender/exploit,SushiSwap Hack,2023-04-09
0x3e603c14af37ebdad31709c4f848fc6ad5bec715,ETH,exploit,revokecash,malicious spender/exploit,SushiSwap Hack,2023-04-09
0x145d82bca93cca2ae057d1c6f26245d1b9522e6f,ETH,exploit,revokecash,malicious spender/exploit,SushiSwap Hack,2023-04-09
0x1838b053e0223f05fb768fa79aa07df3f0f27480,ETH,exploit,revokecash,malicious spender/exploit,SushiSwap Hack,2023-04-09
0x3d2f8ae0344d38525d2ae96ab750b83480c0844f,ETH,exploit,revokecash,malicious spender/exploit,SushiSwap Hack,2023-04-09
0xf0cbce1942a68beb3d1b73f0dd86c8dcc363ef49,ETH,exploit,revokecash,malicious spender/exploit,SushiSwap Hack,2023-04-09
0x5097cbb61d3c75907656dc4e3bba892ff136649a,ETH,exploit,revokecash,malicious spender/exploit,SushiSwap Hack,2023-04-09
0x93395129bd3fcf49d95730d3c2737c17990ff328,ETH,exploit,revokecash,malicious spender/exploit,SushiSwap Hack,2023-04-09
0x616000e384ef1c2b52f5f3a88d57a3b64f23757e,ETH,exploit,revokecash,malicious spender/exploit,SwapNet Hack,2026-01-25
0x6160006c4aa63ad1cb8cc075d99127f9d8948bb5,ETH,exploit,revokecash,malicious spender/exploit,SwapNet Hack,2026-01-25
0x81d57dd01a15bc1c19563693902df621500d4d2a,ETH,exploit,revokecash,malicious spender/exploit,Thirdweb Bridge Hack,2025-12-09
0xa36e052ab76076355b25909c23d5f61d43fe9631,ETH,exploit,revokecash,malicious spender/exploit,Thirdweb Bridge Hack,2025-12-09
0x3e992b0dfb1aa0add70543ed0d13262c136fe6b3,ETH,exploit,revokecash,malicious spender/exploit,Transit Swap Hack,2022-10-01
0xed1afc8c4604958c2f38a3408fa63b32e737c428,ETH,exploit,revokecash,malicious spender/exploit,Transit Swap Hack,2022-10-01
0x6f4c830f290193a90badfd3bca6104b255d72913,ETH,exploit,revokecash,malicious spender/exploit,Unagii Hack,2023-06-28
0x126c9fbab3a2fca24edfd17322e71a5e36e91865,ETH,exploit,revokecash,malicious spender/exploit,Unibot Hack,2023-10-31
0xd3f64baa732061f8b3626ee44bab354f854877ac,ETH,exploit,revokecash,malicious spender/exploit,Unizen Hack,2024-03-08
0x1f0d1927498fbd4f9e8558704ce5b658929527ec,ETH,exploit,revokecash,malicious spender/exploit,Zapper Hack,2021-06-13
