address,chain,category,source,label,detail,ref_date
0x000000002651a7206f8d7a23fe4410edf16dbec3,ETH,phishing_drainer,scamsniffer,phishing,,
0x000000009b0e0800549dba4210a24eabbc93f9ef,ETH,phishing_drainer,scamsniffer,phishing,,
0x00000002846f5f08a0b9bc34ed34c0b5e77f4a98,ETH,phishing_drainer,scamsniffer,phishing,,
0x0000000d5377bff1cb2e310362d0bbec826fb425,ETH,phishing_drainer,scamsniffer,phishing,,
0x0000000dc3d9e17e3449e59bb75cb4005ee8aa7f,ETH,phishing_drainer,scamsniffer,phishing,,
0x0000000f7e71bfbcdae6d29aa49ed557afaef9d2,ETH,phishing_drainer,scamsniffer,phishing,,
0x000000b0fc5292c824cfaad9eea42b8040c33eeb,ETH,phishing_drainer,scamsniffer,phishing,,
0x0000010e3cb01bcdc1c70fb1e0e7a06a6d580000,ETH,phishing_drainer,scamsniffer,phishing,,
0x000001c4e699f4a1393914a87a62c4c0afa00000,ETH,phishing_drainer,scamsniffer,phishing,,
0x000006d683610e61ad9ee4b487fae3904b392b9e,ETH,phishing_drainer,scamsniffer,phishing,,
0x000008224baff10562ca3c1f4c4870a0becd4d17,ETH,phishing_drainer,scamsniffer,phishing,,
0x000008a68d2f43dd0c5958067735cd876f1a4d1c,ETH,phishing_drainer,scamsniffer,phishing,,
0x0000098a312e1244f313f83cac319603a97f4582,ETH,phishing_drainer,scamsniffer,phishing,,
0x00000a2f6efb2defc786ef09710b60b29c220000,ETH,phishing_drainer,scamsniffer,phishing,,
0x00000a8a27646e939716f7ee48e64d532a000000,ETH,phishing_drainer,scamsniffer,phishing,,
0x00000c07575bb4e64457687a0382b4d3ea470000,ETH,phishing_drainer,scamsniffer,phishing,,
0x00000d586274c009813979f27ead56bc633f0000,ETH,phishing_drainer,scamsniffer,phishing,,
0x00000e59fe1a8a3077e2b17bbb406c550b916346,ETH,phishing_drainer,scamsniffer,phishing,,
0x00000f312c54d0dd25888ee9cdc3dee988700000,ETH,phishing_drainer,scamsniffer,phishing,,
0x000011387eb24f199e875b1325e4805efd3b0000,ETH,phishing_drainer,scamsniffer,phishing,,
0x00001414fa907c6a9d4cbb86996cd32e51a80000,ETH,phishing_drainer,scamsniffer,phishing,,
0x000014fb8dca1d855ecab28f955b17f20d0a0000,ETH,phishing_drainer,scamsniffer,phishing,,
0x0000185df4a19299558f723459db58fca920c600,ETH,phishing_drainer,scamsniffer,phishing,,
0x000019ef40f8eaab40a233906a5d428418920000,ETH,phishing_drainer,scamsniffer,phishing,,
0x00001c46f02ddf529a6621604e8fc47730580000,ETH,phishing_drainer,scamsniffer,phishing,,
0x00001d0460b5e5c8f7cba443b35b030a73180000,ETH,phishing_drainer,scamsniffer,phishing,,
0x00001f78189be22c3498cff1b8e02272c3220000,ETH,phishing_drainer,scamsniffer,phishing,,
0x000025142701bc51d60b02ac69d5beafc77a0000,ETH,phishing_drainer,scamsniffer,phishing,,
0x00002644e79602f056b03235106a9963826d0000,ETH,phishing_drainer,scamsniffer,phishing,,
0x0000281be678c6618052fad0ef6a0da24e1b0000,ETH,phishing_drainer,scamsniffer,phishing,,
0x00002b3becfc9499f271aa81201138afefe6bb00,ETH,phishing_drainer,scamsniffer,phishing,,
0x0000300fa2b43d5627fa53ee8e38cc489c0e0000,ETH,phishing_drainer,scamsniffer,phishing,,
0x000038f1e0c4417a3650c3f9a9a920b2e52e0000,ETH,phishing_drainer,scamsniffer,phishing,,
0x00003a4a311a5b37aee9f77abf2176cb7ac50000,ETH,phishing_drainer,scamsniffer,phishing,,
0x00003c8316f49fea0e88bbe0ab4fa95c9c50f500,ETH,phishing_drainer,scamsniffer,phishing,,
0x00003e34f672177ce375af93785f53bbd5142e90,ETH,phishing_drainer,scamsniffer,phishing,,
0x00003ec25cb13f3f5f991d2f49c15f0763a40000,ETH,phishing_drainer,scamsniffer,phishing,,
0x000043b11185d6ae131445d4168471b4b6620000,ETH,phishing_drainer,scamsniffer,phishing,,
0x00004597ae40e0333f292b3f40cd5222cc080000,ETH,phishing_drainer,scamsniffer,phishing,,
0x000047ed3b5f29bd52f33892c225bac38d3ef000,ETH,phishing_drainer,scamsniffer,phishing,,
0x000048d9159398861e9eac13bde2bebaa9370000,ETH,phishing_drainer,scamsniffer,phishing,,
0x0000553f880ffa3728b290e04e819053a3590000,ETH,phishing_drainer,scamsniffer,phishing,,
0x000056c346441ef8065e56b0cddd43fdec100000,ETH,phishing_drainer,scamsniffer,phishing,,
0x000058a517a067cda43066fceb522d7bc8990000,ETH,phishing_drainer,scamsniffer,phishing,,
0x000058d75ab402902838dbf5aa9d1894bb420000,ETH,phishing_drainer,scamsniffer,phishing,,
0x00005d0c9ac39db0798f6ca947202e5f55a10000,ETH,phishing_drainer,scamsniffer,phishing,,
0x00006024be07ac938ab8ae0b12d4e34ac3c70000,ETH,phishing_drainer,scamsniffer,phishing,,
0x00006078d4b475d648e0e7e5979ce76b56580000,ETH,phishing_drainer,scamsniffer,phishing,,
0x000061e3f0f3b885e31eee676ded50fff2490000,ETH,phishing_drainer,scamsniffer,phishing,,
0x000062accd1a9d62ef428ec86ca3dd4f45120000,ETH,phishing_drainer,scamsniffer,phishing,,
0x0000663d2684d2dc1c13e5b129c5ae9f38630000,ETH,phishing_drainer,scamsniffer,phishing,,
0x000066903443d14b628d0c20686f56f17d370000,ETH,phishing_drainer,scamsniffer,phishing,,
0x0000699246cd5289d3a99fac66fa735f1ccd0000,ETH,phishing_drainer,scamsniffer,phishing,,
0x00006bf6a31de135bd2a9a5ee59105b9ed6c0000,ETH,phishing_drainer,scamsniffer,phishing,,
0x00006deacd9ad19db3d81f8410ea2b45ea570000,ETH,phishing_drainer,scamsniffer,phishing,,
0x000077b171a0167ea1f3400a19cf82fc031a0000,ETH,phishing_drainer,scamsniffer,phishing,,
0x000079039120085984a1dc3e69decb8330e50000,ETH,phishing_drainer,scamsniffer,phishing,,
0x00007ab40a96859f7f329bcb280b17a4f41e0000,ETH,phishing_drainer,scamsniffer,phishing,,
0x00007bd85ff9e3b15ec0ebffc9f72d6800c10000,ETH,phishing_drainer,scamsniffer,phishing,,
0x000088f2ab5a0e83e6131ae14138c57e140a0000,ETH,phishing_drainer,scamsniffer,phishing,,
0x00008a7299aacab28139c3b7d75ae886572c0000,ETH,phishing_drainer,scamsniffer,phishing,,
0x00008f1149168c1d2fa1eba1ad3e9cd644510000,ETH,phishing_drainer,scamsniffer,phishing,,
0x00009316616f21175ea0046244f684e959570000,ETH,phishing_drainer,scamsniffer,phishing,,
0x00009435f1870ad4144a77adaa22c61392464e00,ETH,phishing_drainer,scamsniffer,phishing,,
0x0000977cbf1305d70976da8193e83189a9ca2800,ETH,phishing_drainer,scamsniffer,phishing,,
0x0000985ef6f633cc6cee66311b995beae3440000,ETH,phishing_drainer,scamsniffer,phishing,,
0x0000990a8aca316c931d426e3ac44fa1aae3e995,ETH,phishing_drainer,scamsniffer,phishing,,
0x000099fe5c0867ddd4344a44ce730d438b6f0000,ETH,phishing_drainer,scamsniffer,phishing,,
0x00009b528e1d6a487dcf1d6995017ecbf9a30000,ETH,phishing_drainer,scamsniffer,phishing,,
0x00009b95f379d40a69b4334e9334535266a40000,ETH,phishing_drainer,scamsniffer,phishing,,
0x0000aa02e8818f4cbc5066d228a7f74f524e0000,ETH,phishing_drainer,scamsniffer,phishing,,
0x0000aa86477af0460cd990eff4767e55968c4000,ETH,phishing_drainer,scamsniffer,phishing,,
0x0000b197f2439432c68f1969c9a2b3c638190000,ETH,phishing_drainer,scamsniffer,phishing,,
0x0000b2379d2d8ad4bfef821f90921bca65da0000,ETH,phishing_drainer,scamsniffer,phishing,,
0x0000b662d73ea5d948ded973c977dd96d8590000,ETH,phishing_drainer,scamsniffer,phishing,,
0x0000c006e14e9888ca5ebcb177c07793d8120000,ETH,phishing_drainer,scamsniffer,phishing,,
0x0000c3ace9e31a26ce1870d418cb045d73b30000,ETH,phishing_drainer,scamsniffer,phishing,,
0x0000c6fbcc926fcd54d8e521632b52dbe7fe0000,ETH,phishing_drainer,scamsniffer,phishing,,
0x0000c780a030c8c1cc74e8ffd927f08d1c200000,ETH,phishing_drainer,scamsniffer,phishing,,
0x0000d38a234679f88dd6343d34e26dcb50c30000,ETH,phishing_drainer,scamsniffer,phishing,,
0x0000d47307dc88b0d5f0d39e0ef55f1526c10000,ETH,phishing_drainer,scamsniffer,phishing,,
0x0000d8f49cfe1a9974d2e5d3d6330f887ac30000,ETH,phishing_drainer,scamsniffer,phishing,,
0x0000ec937b862c25398d34969515108aed340000,ETH,phishing_drainer,scamsniffer,phishing,,
0x0000f3b15fce720cc6d0bc915e06bc753ea30000,ETH,phishing_drainer,scamsniffer,phishing,,
0x0000f5fbce553a5ed163f02e59119d62f4e50000,ETH,phishing_drainer,scamsniffer,phishing,,
0x000130cc1c2427d68a14a2de27e1f7e1e6ea0000,ETH,phishing_drainer,scamsniffer,phishing,,
0x000186a652f1e70388d32b38369f0eb6e9a10000,ETH,phishing_drainer,scamsniffer,phishing,,
0x0001e609d4719cae688db7c07bc41e7dbf1bf000,ETH,phishing_drainer,scamsniffer,phishing,,
0x0001efcc64bdbcee3db071f42f1a5072965f0000,ETH,phishing_drainer,scamsniffer,phishing,,
0x000208cde57743046faa67d347cbf026a2560000,ETH,phishing_drainer,scamsniffer,phishing,,
0x00022cbef52bb7ae7f7bfe0cd1432897f939d000,ETH,phishing_drainer,scamsniffer,phishing,,
0x00024e1e811a04f0de3734d17d65bb07e8cbe60a,ETH,phishing_drainer,scamsniffer,phishing,,
0x0002865fa8644e0dde3fd5374acc7f68bb370000,ETH,phishing_drainer,scamsniffer,phishing,,
0x0003cababad4dc9b82b6afd9fd32d19c992c0000,ETH,phishing_drainer,scamsniffer,phishing,,
0x0003fd282af2c5f9555584f8714066d4b4f80f00,ETH,phishing_drainer,scamsniffer,phishing,,
0x00049a45a910dd548ee4eaca43bcf96a127d4000,ETH,phishing_drainer,scamsniffer,phishing,,
0x0004cbecfc78fb243ecd16f2ea2d8f4373cc1000,ETH,phishing_drainer,scamsniffer,phishing,,
0x0004e078ed290d8962efea186738a5adb0f60000,ETH,phishing_drainer,scamsniffer,phishing,,
0x00050786a5f6a76270b0c23cfb9a814b92cf0000,ETH,phishing_drainer,scamsniffer,phishing,,
0x00051a80e9ed9fa7b64c8b2e5c588de37e060000,ETH,phishing_drainer,scamsniffer,phishing,,
0x00061f778b5021404f731f597eb6864530a50000,ETH,phishing_drainer,scamsniffer,phishing,,
0x0006228eac679a629d4c61e4949cac878a5e5000,ETH,phishing_drainer,scamsniffer,phishing,,
0x0006ea538de0af480b5958d989842efe0b493000,ETH,phishing_drainer,scamsniffer,phishing,,
0x00080f71745494b21a7a963d1c3e8d1ab62e0000,ETH,phishing_drainer,scamsniffer,phishing,,
0x000812de2241ab594ae154060028f70f39dae000,ETH,phishing_drainer,scamsniffer,phishing,,
0x00088116f5f3c14f950256bdd576eb54ee73a000,ETH,phishing_drainer,scamsniffer,phishing,,
0x000921e4af72cd72915db188e7f98fab67c21000,ETH,phishing_drainer,scamsniffer,phishing,,
0x0009e9fc1601433cbaad31f1ddf6da580ab96000,ETH,phishing_drainer,scamsniffer,phishing,,
0x000a33d97105f988434272f1bf172b358990f000,ETH,phishing_drainer,scamsniffer,phishing,,
0x000a6062c17fc59ff7ff5179e4873f09e6df0000,ETH,phishing_drainer,scamsniffer,phishing,,
0x000a703b3b09b0730dade51b9113d17b7ab10000,ETH,phishing_drainer,scamsniffer,phishing,,
0x000a8296832643d3adeb9a20a25a37004c7c0000,ETH,phishing_drainer,scamsniffer,phishing,,
0x000aaa7ee31bc4d856b2c372f235e1cf17369000,ETH,phishing_drainer,scamsniffer,phishing,,
0x000b21c78b2c07b07559c6b4f00dacfdcc393000,ETH,phishing_drainer,scamsniffer,phishing,,
0x000b35775668bed2c33e5b416b6316a8be5f0000,ETH,phishing_drainer,scamsniffer,phishing,,
0x000cc594468b21eeafd57355f32ff095c3375000,ETH,phishing_drainer,scamsniffer,phishing,,
0x000d27842ecb1c2343d360d61871bbf5dcf40000,ETH,phishing_drainer,scamsniffer,phishing,,
0x000db6cf04f1bb39757d0411e87c4ba922403000,ETH,phishing_drainer,scamsniffer,phishing,,
0x000de7fbed071c1600745bc8c6f5aadbe2000000,ETH,phishing_drainer,scamsniffer,phishing,,
0x000deb055a289e7e60dc7e4c391a25f2fb044000,ETH,phishing_drainer,scamsniffer,phishing,,
0x000e13ca7776cfaa7af2ee8a9ef89a6f01155000,ETH,phishing_drainer,scamsniffer,phishing,,
0x000e4053ff89256ad178456dcbf80911ddd9a000,ETH,phishing_drainer,scamsniffer,phishing,,
0x000ef658ce5ed7b6323b5550ceb9548451ec2000,ETH,phishing_drainer,scamsniffer,phishing,,
0x000f1e24f3f0c7e3dd25939dbf0ba61da3c40000,ETH,phishing_drainer,scamsniffer,phishing,,
0x000fd3e5100323d5b36c57b730e53c6b05eb0000,ETH,phishing_drainer,scamsniffer,phishing,,
0x000fe3b32430f8a493bbf78ea02907a47dc30000,ETH,phishing_drainer,scamsniffer,phishing,,
0x00205be50bee7c6c714c41343fb1096fd91c0000,ETH,phishing_drainer,scamsniffer,phishing,,
0x00372f8489197207dc892b87ec44e12f76b0cb04,ETH,phishing_drainer,scamsniffer,phishing,eventbycook.com,
0x0038593ce30c2d5547fedd7a20f9f0dccc2d0000,ETH,phishing_drainer,scamsniffer,phishing,,
0x003f13d95ccbd7b8778ca66be31adf71add79ee6,ETH,phishing_drainer,scamsniffer,phishing,,
0x0056772bdf90826648cf25c6977e535733875724,ETH,phishing_drainer,scamsniffer,phishing,,
0x0064177a1332ea7994a53dca69f69afd01b7e771,ETH,phishing_drainer,scamsniffer,phishing,,
0x006bfe806273b9bf223769532332a687d8f6dd11,ETH,phishing_drainer,scamsniffer,phishing,,
0x006c809c62fc9f77db7d91ca661acb69daebfbfc,ETH,phishing_drainer,scamsniffer,phishing,,
0x007872741ebc63c23826268e486ff4052fca0000,ETH,phishing_drainer,scamsniffer,phishing,,
0x007b975f1605d4c4bcb17c3a4043bf49c86d0000,ETH,phishing_drainer,scamsniffer,phishing,,
0x008c4bb1c24d3c6e50f32b6d66e8b6065b3d68d1,ETH,phishing_drainer,scamsniffer,phishing,,
0x009515efabccdbafa485f3919d94c85ff23ba75d,ETH,phishing_drainer,scamsniffer,phishing,,
0x009781a8be2bea0a2f5c626f3d1e7c3df66e0000,ETH,phishing_drainer,scamsniffer,phishing,,
0x00a50d7e9b6d3e6ad4849d939c7857b3d50a5958,ETH,phishing_drainer,scamsniffer,phishing,scoobs-mint.nftverse.sbs,
0x00b1fd5fb9f0fc47df092d8e71547e753a56d1f1,ETH,phishing_drainer,scamsniffer,phishing,,
0x00c0b6390ffaec7eb7269145e408d1e8947b0000,ETH,phishing_drainer,scamsniffer,phishing,,
0x00c69f9421a1d58601a61275799cc2aeb443acc8,ETH,phishing_drainer,scamsniffer,phishing,,
0x00d0351d9ca199b94b89ccea5f43e5d7c9e50000,ETH,phishing_drainer,scamsniffer,phishing,,
0x00da2b44b06bf7fc235ece591c04f4daa3abc3b1,ETH,phishing_drainer,scamsniffer,phishing,,
0x00f4d7044c10331e007731c689190fc6dbcb7a9a,ETH,phishing_drainer,scamsniffer,phishing,,
0x00ffca7c5166307977c1d9db52edbe36c3fc0457,ETH,phishing_drainer,scamsniffer,phishing,,
0x010b7dbc4ae899196b1ffbec4b59561858692589,ETH,phishing_drainer,scamsniffer,phishing,,
0x010d271b8e97d593839d9db18fa8d989e9dbb359,ETH,phishing_drainer,scamsniffer,phishing,,
0x010fe691f0e12248e71f6e8c96043fe334cfaa54,ETH,phishing_drainer,scamsniffer,phishing,,
0x0112faf0cc1155f6c277c724c23fcb66f8accdd1,ETH,phishing_drainer,scamsniffer,phishing,,
0x0117646fc1e34b908aaa08b4a5ac629224210735,ETH,phishing_drainer,scamsniffer,phishing,,
0x013c72cfa8cd9f3291d683c579df6cfeb397a7c4,ETH,phishing_drainer,scamsniffer,phishing,,
0x01421ccc0e90d01827ce8c6269e2df04056026d3,ETH,phishing_drainer,scamsniffer,phishing,,
0x0152f218ce980db7dc2871961bf239f9c8979fc0,ETH,phishing_drainer,scamsniffer,phishing,,
0x0169a0ab7443bb52f3d16cbd371a10eed335b3a5,ETH,phishing_drainer,scamsniffer,phishing,,
0x0169b51139730b4b149e19c96a8ea7575fd265db,ETH,phishing_drainer,scamsniffer,phishing,,
0x01816d383bfaf2008100b57a36e84640b214ea70,ETH,phishing_drainer,scamsniffer,phishing,,
0x019f294423412f07a9ff35d09847384f87e76f66,ETH,phishing_drainer,scamsniffer,phishing,,
0x01a5bd4d6ce6b158af2368ada25fb7dd358b92ac,ETH,phishing_drainer,scamsniffer,phishing,,
0x01ac0e00ba3c95dec3715be20c3755df92dd6d7d,ETH,phishing_drainer,scamsniffer,phishing,,
0x01b5e1e3156f2a1221a16583fae561cb10eb88d4,ETH,phishing_drainer,scamsniffer,phishing,,
0x01b79e94ec66a303d507bfa4ad82ab5766b37078,ETH,phishing_drainer,scamsniffer,phishing,,
0x01d3cf0aa04367cdb0599c36c62dcb66094089b3,ETH,phishing_drainer,scamsniffer,phishing,,
0x01f3269bc24f190bd4cb40150740b685f0bfaf63,ETH,phishing_drainer,scamsniffer,phishing,,
0x01fdf2a630acca36494215bc07b706901ede063f,ETH,phishing_drainer,scamsniffer,phishing,,
0x01fe6f7f910300c31273a75e9492937984b73f5d,ETH,phishing_drainer,scamsniffer,phishing,,
0x02079885dede256a209c4c056e2b6d5cce64a488,ETH,phishing_drainer,scamsniffer,phishing,,
0x0209889b7a36163a0a3db11978f3fe4ecdec5eb1,ETH,phishing_drainer,scamsniffer,phishing,,
0x021df91e4b45776fcc55159df74d6ffe81b13f61,ETH,phishing_drainer,scamsniffer,phishing,,
0x021ef692f39a75cee36cb3cf821d83216c638fa3,ETH,phishing_drainer,scamsniffer,phishing,,
0x0228924f5640fea70af08b7f28c9252d81024a72,ETH,phishing_drainer,scamsniffer,phishing,,
0x0234a75f5c715d61a716db37c0b56f3a2223ccef,ETH,phishing_drainer,scamsniffer,phishing,,
0x02444dc249856c21f1d3c246d34b9c2f5bc81cd7,ETH,phishing_drainer,scamsniffer,phishing,,
0x0246735079de765a97b49adf9c11cb29cf835ae1,ETH,phishing_drainer,scamsniffer,phishing,,
0x02530d90b5555d712d76d3feef3b43fe0afac4b3,ETH,phishing_drainer,scamsniffer,phishing,,
0x026c16f1c9e079621f427d30e4a6ef4500ae1d18,ETH,phishing_drainer,scamsniffer,phishing,,
0x02910a95904824aad0ba7e1750f24108fff90a0c,ETH,phishing_drainer,scamsniffer,phishing,,
0x0296e237e5e196a3b27fbda67df9eba5ead6d9e7,ETH,phishing_drainer,scamsniffer,phishing,,
0x029be452dd25e57b2bcdaefe7b98b6917f975d74,ETH,phishing_drainer,scamsniffer,phishing,,
0x029d257d1ff7419b859222929b876f1a0d505da1,ETH,phishing_drainer,scamsniffer,phishing,,
0x029dfd5b016ed918416cd1faf53d79a013b3065c,ETH,phishing_drainer,scamsniffer,phishing,,
0x02bc3d118e9df7ba6edb56dff5c7af7866f6423e,ETH,phishing_drainer,scamsniffer,phishing,,
0x02bd156eac3bc63041afa57945232ff3d04c58c1,ETH,phishing_drainer,scamsniffer,phishing,,
0x02c9f1a32a7119204c84abdabadfe9bbd3127157,ETH,phishing_drainer,scamsniffer,phishing,,
0x02cbbede84577866616119d1b78858a6a49d617e,ETH,phishing_drainer,scamsniffer,phishing,,
0x02d917f959fbe6c54188ed5e173731d88cace0f3,ETH,phishing_drainer,scamsniffer,phishing,,
0x02f9e09504c72f55796d779ee95fae6a972cdd3b,ETH,phishing_drainer,scamsniffer,phishing,,
0x02fc09e5b10480250a49bf86776f5997d93a4f79,ETH,phishing_drainer,scamsniffer,phishing,,
0x030f7745e5abc1e632a86c9121b01ece5d6a9c8f,ETH,phishing_drainer,scamsniffer,phishing,,
0x031e810714c06a8ef2129aef11c5d9d9581ff865,ETH,phishing_drainer,scamsniffer,phishing,,
0x0321e4c72a770906db882962b755a3cccc37906c,ETH,phishing_drainer,scamsniffer,phishing,,
0x033b160e7302628b937bd286eff46cdaba307825,ETH,phishing_drainer,scamsniffer,phishing,,
0x0344a007714fe4c56142f4a1e606bb73a8f45063,ETH,phishing_drainer,scamsniffer,phishing,,
0x0344aa5d39b4746b3f1c8eb327baa175b5911d1e,ETH,phishing_drainer,scamsniffer,phishing,,
0x03499474a491ef05127d8087a227089361ba7303,ETH,phishing_drainer,scamsniffer,phishing,,
0x036605a5c239644f0f5e81e2a4986f8ab8b58b81,ETH,phishing_drainer,scamsniffer,phishing,,
0x037abe67a7cb27bbcd6859214577eec25736bf8f,ETH,phishing_drainer,scamsniffer,phishing,,
0x037b5e773fade0a484ac72256cc1f77a4dca7106,ETH,phishing_drainer,scamsniffer,phishing,,
0x038cd3dc5ed5a4e63e9d32abf7551f881de77d41,ETH,phishing_drainer,scamsniffer,phishing,,
0x03ac22eae938b21fb843e51fd9e339c22a851f5c,ETH,phishing_drainer,scamsniffer,phishing,,
0x03b49e509e2eb993ad2c304a22a3ec6f8f5572b1,ETH,phishing_drainer,scamsniffer,phishing,,
0x03c4b92f7283f52ad43ef354f709e6778a74b7f4,ETH,phishing_drainer,scamsniffer,phishing,,
0x03cdcf270097f93621f9e22a4125b0439194f49b,ETH,phishing_drainer,scamsniffer,phishing,,
0x03ceefadda784b04cdce77065d0344d8151a9b16,ETH,phishing_drainer,scamsniffer,phishing,,
0x03d3b9978007fe0512a28311747f36ada73f4962,ETH,phishing_drainer,scamsniffer,phishing,,
0x03e6dd5129fd58b76339aeaf9ec6f174d2b34362,ETH,phishing_drainer,scamsniffer,phishing,,
0x040aa7e1f2ea1c4913eac22d53ec9a4ab7deed2c,ETH,phishing_drainer,scamsniffer,phishing,,
0x042a61189745e07792fac647bc8b1fa76d83bc29,ETH,phishing_drainer,scamsniffer,phishing,,
0x043a02e6fc737edd155c1bc246e7f9b9cd76a031,ETH,phishing_drainer,scamsniffer,phishing,,
0x043ad0e52a41322c61fc4d880abf1f4511388aa2,ETH,phishing_drainer,scamsniffer,phishing,,
0x043d3e1c6391f2e15742fea3755c49e4cfe9f1fa,ETH,phishing_drainer,scamsniffer,phishing,,
0x045b7e329a7a09f0a9efd882db62e9d0f243bc0e,ETH,phishing_drainer,scamsniffer,phishing,,
0x045f099a103ac401e6884979d609f996a888dc6d,ETH,phishing_drainer,scamsniffer,phishing,,
0x046aebdd255af3126e2f1f793fb229f889263c4b,ETH,phishing_drainer,scamsniffer,phishing,,
0x047e1d530e23002dfa8c8ca2a5738968fc51f611,ETH,phishing_drainer,scamsniffer,phishing,,
0x049d5203af6d3be823a81ccec9a8f9e7dcba78a3,ETH,phishing_drainer,scamsniffer,phishing,,
0x04a735d026c2f384c00f97c07d2e5ac051806626,ETH,phishing_drainer,scamsniffer,phishing,,
0x04aa9817e8c2461baf8b331af716ef81f510ebd3,ETH,phishing_drainer,scamsniffer,phishing,,
0x04b00de4860813c4ed64c0cc7b7af57f24e2a972,ETH,phishing_drainer,scamsniffer,phishing,,
0x04c7d61d7c01a685378848d57fb13904aa80143c,ETH,phishing_drainer,scamsniffer,phishing,,
0x04d273de03ba46e8b798951a6a466fd04e639114,ETH,phishing_drainer,scamsniffer,phishing,,
0x04daf6af7e9ab39fce531d1f6c5a8b282e897dac,ETH,phishing_drainer,scamsniffer,phishing,,
0x04e44dd4f3657ede304792b95ddce90df89c12b8,ETH,phishing_drainer,scamsniffer,phishing,,
0x04e4b9fa48e1bb06070a8d4b0fffafb124d06673,ETH,phishing_drainer,scamsniffer,phishing,,
0x04ee62c90fec42d98fc21a882dcb40de70d43166,ETH,phishing_drainer,scamsniffer,phishing,,
0x04f00c091c936d46f8c5d640dfac9d81fe5fcb75,ETH,phishing_drainer,scamsniffer,phishing,,
0x04f532235aa39abf41c978a1cf8504df013b7b3f,ETH,phishing_drainer,scamsniffer,phishing,,
0x04f71f75aadb38f85418e6737d3619ec0158b513,ETH,phishing_drainer,scamsniffer,phishing,,
0x05086a670e09d3264f3699665163975f5c69b9a6,ETH,phishing_drainer,scamsniffer,phishing,,
0x0528c4a929b158b3c6ffea59d3ca3f48628e72ba,ETH,phishing_drainer,scamsniffer,phishing,,
0x053973d64ee9256d6957e3c5d2b5dd100064f07f,ETH,phishing_drainer,scamsniffer,phishing,,
0x0539c5f2995f9bfba38bb368277602fcf88cd763,ETH,phishing_drainer,scamsniffer,phishing,,
0x054964970a75f2819f32095ad9e6e67709092548,ETH,phishing_drainer,scamsniffer,phishing,,
0x055373101fdc2a042ff0dfed59f0204c1274c11e,ETH,phishing_drainer,scamsniffer,phishing,,
0x0555c5fd9b2abbf989335664463a394ba77de14f,ETH,phishing_drainer,scamsniffer,phishing,,
0x05584179486314536837e181d725e56560044bc7,ETH,phishing_drainer,scamsniffer,phishing,,
0x055ff3569b233dfe41a65da590e1be3bab737391,ETH,phishing_drainer,scamsniffer,phishing,,
0x056f00764c0896a6bf91bb032bff7a3cef1bcc29,ETH,phishing_drainer,scamsniffer,phishing,,
0x0572426bfe1fac2a1982706c611dfea42dfe83e8,ETH,phishing_drainer,scamsniffer,phishing,,
0x0577f68a3a0daaa67b1aa703f2c08389b7bd6690,ETH,phishing_drainer,scamsniffer,phishing,,
0x057f65c9d4282a45684fa45b4f0bfb5764c562c3,ETH,phishing_drainer,scamsniffer,phishing,,
0x0584ac76e6516913d8ed9da930bb6c3a1e3725e9,ETH,phishing_drainer,scamsniffer,phishing,,
0x059050dc76620f27ea41d79d4e49f5570ee86d2b,ETH,phishing_drainer,scamsniffer,phishing,,
0x0598e4f1c5c5ad349adbde57bbf58a36267a72e2,ETH,phishing_drainer,scamsniffer,phishing,,
0x059f09b0f3d5fd676bdaa8d42759177a16008925,ETH,phishing_drainer,scamsniffer,phishing,,
0x05a242216b23a44127c6643ab5a7b90f1193a2ed,ETH,phishing_drainer,scamsniffer,phishing,,
0x05a8841d3122ff1931d082b593cadda549459538,ETH,phishing_drainer,scamsniffer,phishing,,
0x05b64db666aebbd2ce2b2b501e5e34493ab1dc81,ETH,phishing_drainer,scamsniffer,phishing,,
0x05c7f091f34442cc5938962ad09d1156c05a848a,ETH,phishing_drainer,scamsniffer,phishing,,
0x05cc236add269a69e024e45f46deb5fa2d9a5b97,ETH,phishing_drainer,scamsniffer,phishing,,
0x05d21f234962922202ccf13539f4044b184c69b1,ETH,phishing_drainer,scamsniffer,phishing,,
0x05d51381a8e19ee05d292b4c83918ffcb40c78ce,ETH,phishing_drainer,scamsniffer,phishing,,
0x05d987db5fc406bfabb8485fabc48775215cc626,ETH,phishing_drainer,scamsniffer,phishing,,
0x05eb198b38bbb89c22247010672341572479cb16,ETH,phishing_drainer,scamsniffer,phishing,,
0x060ce179fc30f98022228d3694a7d5f71b5c2c3e,ETH,phishing_drainer,scamsniffer,phishing,,
0x063a2953fb36cc8ebeac80259dd8a1c972ad778a,ETH,phishing_drainer,scamsniffer,phishing,,
0x06473f1fbdf9b7e7368470c838f05c99b462e37b,ETH,phishing_drainer,scamsniffer,phishing,,
0x064a1e3ce94cd44d81949cff3170e5b4d3476df4,ETH,phishing_drainer,scamsniffer,phishing,pandabears.club,
0x06569e99aeee8d1f914914a00dea91ad498fa3ec,ETH,phishing_drainer,scamsniffer,phishing,,
0x0660e55dca2c44fa9f1716286d81c84c79fb2ac7,ETH,phishing_drainer,scamsniffer,phishing,,
0x067cbc0f1d1805ab8dea9a59cf8b020a81d4f5cb,ETH,phishing_drainer,scamsniffer,phishing,,
0x068e755258285ca7b4cd3acb0e855b878e89a9e1,ETH,phishing_drainer,scamsniffer,phishing,,
0x06981d9181892aaa56605c268679d0b979a2351e,ETH,phishing_drainer,scamsniffer,phishing,,
0x0698bda55cf6887d2932a30845c8ea723fb58b4c,ETH,phishing_drainer,scamsniffer,phishing,,
0x069c7f42958e26887f61313c5c6b2a4e81acb5e8,ETH,phishing_drainer,scamsniffer,phishing,,
0x06c0545a498da6c7887d131151248b6d891095a1,ETH,phishing_drainer,scamsniffer,phishing,,
0x06d05f1faafaea906bc25f8f2afa0feae00d0ba5,ETH,phishing_drainer,scamsniffer,phishing,,
0x06d73f90aac6e7ad427e6aa9526a83b6c1e2d5dc,ETH,phishing_drainer,scamsniffer,phishing,,
0x06d79a07c72783c5462614f4d95416634fa1cbc4,ETH,phishing_drainer,scamsniffer,phishing,,
0x07059e0161e21f9fa5d9040400c802b75625840f,ETH,phishing_drainer,scamsniffer,phishing,,
0x070c746103fe8a1b6752c0d30eaec59286309cef,ETH,phishing_drainer,scamsniffer,phishing,,
0x070cc35011c2b9962c835499c836b031af1131d9,ETH,phishing_drainer,scamsniffer,phishing,,
0x0716abdc9618dfe762e7ea7ff2cd0131cd3426d5,ETH,phishing_drainer,scamsniffer,phishing,,
0x071ed056f3373d0f0190af691dd9735bd7438d4f,ETH,phishing_drainer,scamsniffer,phishing,,
0x0720f0704f57ad2a9f2d85f18d2f52d3e0134633,ETH,phishing_drainer,scamsniffer,phishing,,
0x072dd0aaa1db2f09bcb69b604d1c70fabcd6cb4d,ETH,phishing_drainer,scamsniffer,phishing,,
0x0731d257d7d69298d116c2cb109cc4ecd3487e9f,ETH,phishing_drainer,scamsniffer,phishing,,
0x0749620c19e2c0f96fc462259dd0463c113ea0f1,ETH,phishing_drainer,scamsniffer,phishing,,
0x075d9bbefacb33b7b73ab8559989776fa0107bb8,ETH,phishing_drainer,scamsniffer,phishing,,
0x076fcd40df29d46a4799a7a64c9cc4cea4eb6802,ETH,phishing_drainer,scamsniffer,phishing,,
0x078be4a36a614ee4d29bca32c6d7eb686a8a7a5d,ETH,phishing_drainer,scamsniffer,phishing,,
0x0794ebc80b1b8ebd8dd8503c2d3fd752f4e9c080,ETH,phishing_drainer,scamsniffer,phishing,,
0x079dddb349c21a46d4e3f9924082bbedc936dfe6,ETH,phishing_drainer,scamsniffer,phishing,,
0x07c2e376b18e8e4af49c0cd590d5bbc964a50222,ETH,phishing_drainer,scamsniffer,phishing,,
0x07ca0182097443bd2eb379572974e8b2b717aa52,ETH,phishing_drainer,scamsniffer,phishing,,
0x07cd15853cc4d18023d8ebf60222bc14dcdf326e,ETH,phishing_drainer,scamsniffer,phishing,,
0x07d3e741c921728ebb587f3bfc401f87aed1b8b7,ETH,phishing_drainer,scamsniffer,phishing,,
0x07e3229306c58607213b9e2dfd25e78aa0624d73,ETH,phishing_drainer,scamsniffer,phishing,,
0x07ebc29f3f7a2c37f1254b395dd469ddd572a857,ETH,phishing_drainer,scamsniffer,phishing,,
0x0817351c8c75b527e329a6d7fb004ba899034f85,ETH,phishing_drainer,scamsniffer,phishing,,
0x082666f545ec0c9aa60f2f02d175da4955b954ae,ETH,phishing_drainer,scamsniffer,phishing,,
0x0828d8cfa77c10513480a50ce53e926f1562ee09,ETH,phishing_drainer,scamsniffer,phishing,,
0x082f7524558b8de99f653491a697661b273e6ac6,ETH,phishing_drainer,scamsniffer,phishing,,
0x08341214035da979b8ecc6e5ad5fce2b7b9e332d,ETH,phishing_drainer,scamsniffer,phishing,,
0x085a30e1c6fb0f6e3e9e221c32fbfa1e77a8bbb1,ETH,phishing_drainer,scamsniffer,phishing,,
0x0877827305ac724fe772b05526deacf2ab2dd973,ETH,phishing_drainer,scamsniffer,phishing,,
0x087f87ac0a05cfc380be099ea3e721d40226eb2e,ETH,phishing_drainer,scamsniffer,phishing,,
0x088251d92971fe4dec9a949fd02a5d75cbdfa24d,ETH,phishing_drainer,scamsniffer,phishing,,
0x088b11adb3fe9c7142e6d2944ffdc9e78c09d833,ETH,phishing_drainer,scamsniffer,phishing,,
0x08915b57db78c0ff7e26b241820eede4b1badf2f,ETH,phishing_drainer,scamsniffer,phishing,,
0x08a66c51e2d16a44c91592c8d5e62ef94bcbf4aa,ETH,phishing_drainer,scamsniffer,phishing,,
0x08b2e0c6a2c0b5c81b5f38b629585a472ee1bb48,ETH,phishing_drainer,scamsniffer,phishing,,
0x08bc4c07a72fd3bf26565516b5d6de1fee715885,ETH,phishing_drainer,scamsniffer,phishing,,
0x08bfd8a61f0dd9c2832c2d9d6ba6c032ff9f903a,ETH,phishing_drainer,scamsniffer,phishing,aavee.one,
0x08c44bcdcb27177d819925cb67771fa97a220ffd,ETH,phishing_drainer,scamsniffer,phishing,,
0x08d14aae50b7da86379b7f2c611cb7c4477bd41f,ETH,phishing_drainer,scamsniffer,phishing,,
0x08ec5448e52775e0311826b92e38e4cc1f8b03b9,ETH,phishing_drainer,scamsniffer,phishing,,
0x08eebfe2bfa397586857bfe3349e449ed67acfe3,ETH,phishing_drainer,scamsniffer,phishing,,
0x0904340c1bf4c811beb98862d32844b9788d9ed1,ETH,phishing_drainer,scamsniffer,phishing,,
0x09155e8cbb30b34a0fdc65e8419d6c9d684dbe62,ETH,phishing_drainer,scamsniffer,phishing,,
0x09163f7dfd1817b4b6dafddb2d0f37a18c255187,ETH,phishing_drainer,scamsniffer,phishing,,
0x09176c9ee188cb4519c5215d4c022aa89859681c,ETH,phishing_drainer,scamsniffer,phishing,,
0x094c1913d85ad3faf44111fbe4b76ffdad96543d,ETH,phishing_drainer,scamsniffer,phishing,,
0x095c20a07bc1133b8aad3ff5e3583b43dfe5c565,ETH,phishing_drainer,scamsniffer,phishing,,
0x095c26f0160fe3c5eb30a7a6e2956dde50f37f3d,ETH,phishing_drainer,scamsniffer,phishing,,
0x0973f56b1b4fd4b2b358038dda957ccb3ad47c1a,ETH,phishing_drainer,scamsniffer,phishing,,
0x09756a3eee741ae45649999136df88908cd9f984,ETH,phishing_drainer,scamsniffer,phishing,,
0x09851ce72e703fbd2b009ed26db2847cb2ff482b,ETH,phishing_drainer,scamsniffer,phishing,,
0x099c443b6fb0d8162b8cdde403d94b537589b4c2,ETH,phishing_drainer,scamsniffer,phishing,,
0x09c742efe485fa9b1f5912f35bc1361346fb91e8,ETH,phishing_drainer,scamsniffer,phishing,,
0x09cc2c010992471089627f9d32e3b11bb6d4bc27,ETH,phishing_drainer,scamsniffer,phishing,,
0x09cfe35f47521d713d130885afa557d664536bf7,ETH,phishing_drainer,scamsniffer,phishing,,
0x09d0b4a0d31bc0629a6ddd734295e29a5be43cf9,ETH,phishing_drainer,scamsniffer,phishing,,
0x09f0c4f37ec5420d4f60c8d296e7f16bcb6cceb0,ETH,phishing_drainer,scamsniffer,phishing,,
0x09f259647b6fdefad7c1baa746e97ed2671d192e,ETH,phishing_drainer,scamsniffer,phishing,,
0x09f38e3a8ab2fad04848aa862b07ada1de2880e8,ETH,phishing_drainer,scamsniffer,phishing,,
0x09faf279be240485fc8d77b271deca50b52e8899,ETH,phishing_drainer,scamsniffer,phishing,,
0x0a01f08edd363c2179e0d2c73f147550899b2717,ETH,phishing_drainer,scamsniffer,phishing,,
0x0a24ea23b91f7869a4c0d18ba5492a6155701144,ETH,phishing_drainer,scamsniffer,phishing,,
0x0a2b026509a7b34ad71381974e1a910104900f68,ETH,phishing_drainer,scamsniffer,phishing,,
0x0a3f582635b88c8c2fcfdd0a81dc10dff143b76f,ETH,phishing_drainer,scamsniffer,phishing,,
0x0a5bc150298e8b63ba27849ad2720c651f4719ee,ETH,phishing_drainer,scamsniffer,phishing,,
0x0a5cc88babd2d1b68c2b857ac9d016bcbc6608f4,ETH,phishing_drainer,scamsniffer,phishing,,
0x0a62a6684f1a38ba272ee2fdd190209d275df821,ETH,phishing_drainer,scamsniffer,phishing,,
0x0a63054930e47814d9ff6071923011cbb9ae6a78,ETH,phishing_drainer,scamsniffer,phishing,,
0x0a64c37da4f12d4b34f900b4e6ef8b25617989e4,ETH,phishing_drainer,scamsniffer,phishing,,
0x0a70ee94a9e03ef2a82ebede121a38843a600f44,ETH,phishing_drainer,scamsniffer,phishing,,
0x0a89a1d6674565bffdd776156930061aebc05a3d,ETH,phishing_drainer,scamsniffer,phishing,,
0x0a8ae9261aca2616bc6507507388163ac27f1416,ETH,phishing_drainer,scamsniffer,phishing,,
0x0aa7f992dfb485cf9c4fbe9688f1ecdf9e0a15f9,ETH,phishing_drainer,scamsniffer,phishing,,
0x0aa9ab64951d571ed360142e31681bbc0af61596,ETH,phishing_drainer,scamsniffer,phishing,,
0x0ac60b06bff836d44178cd237dc6942297fdabc2,ETH,phishing_drainer,scamsniffer,phishing,,
0x0ac9797f3d32c068696c48e66d1dc45abe46255f,ETH,phishing_drainer,scamsniffer,phishing,,
0x0ae685bbf593f6f1aea8d32033cecf94051d6e8d,ETH,phishing_drainer,scamsniffer,phishing,,
0x0ae840e9f22ee82c9c1ed56425cca2413593e89d,ETH,phishing_drainer,scamsniffer,phishing,,
0x0ae8effcc4d12d96478c8253c8556bd4fff5555a,ETH,phishing_drainer,scamsniffer,phishing,,
0x0af579ee843a92be5bc525252acec6bc9301a274,ETH,phishing_drainer,scamsniffer,phishing,,
0x0afe27ed18f96b3d0b136f6f732d5b454faabaf9,ETH,phishing_drainer,scamsniffer,phishing,,
0x0b22485f0422c0928c7e06717bef1d13f0bb3ebb,ETH,phishing_drainer,scamsniffer,phishing,,
0x0b2382bdbf5f9871d8030d436f0717a9b47fc08f,ETH,phishing_drainer,scamsniffer,phishing,,
0x0b310ccd59dbadd4a65e8b2833ac64eac1e66926,ETH,phishing_drainer,scamsniffer,phishing,,
0x0b3e87a076ac4b0d1975f0f232444af6deb96c59,ETH,phishing_drainer,scamsniffer,phishing,,
0x0b4bd6edde650a34dc5572e33624e3e077d63fef,ETH,phishing_drainer,scamsniffer,phishing,,
0x0b5d1e0b3b8821863c1e8a61d98e54cd074395f6,ETH,phishing_drainer,scamsniffer,phishing,,
0x0b6ee39f2e3a6ea1787e2cdd43fcf48330ee3889,ETH,phishing_drainer,scamsniffer,phishing,,
0x0b768874f06686eeb6f00f44a21b19f831751973,ETH,phishing_drainer,scamsniffer,phishing,moonrunners.life,
0x0b7bb2a4bb5d40a15e33872daedc46b206a8da61,ETH,phishing_drainer,scamsniffer,phishing,,
0x0b80ace6ba77fb95c61d4832286179ab5bf3fa09,ETH,phishing_drainer,scamsniffer,phishing,,
0x0b8c46d1e9649848acd918095cd76ced85341cfc,ETH,phishing_drainer,scamsniffer,phishing,,
0x0b9480925418e618bb8f92db7945a2b3b0165802,ETH,phishing_drainer,scamsniffer,phishing,,
0x0b96b72744ea17bc040fb1da7e81a99aa2b5f36a,ETH,phishing_drainer,scamsniffer,phishing,,
0x0bbffe0bebd0a7503e4f44bbecd73724806976ee,ETH,phishing_drainer,scamsniffer,phishing,,
0x0be95d1b7ad7e76456b67f379248d11823b3548a,ETH,phishing_drainer,scamsniffer,phishing,,
0x0c04272943d9c0144282881d0952ba87e787a3ae,ETH,phishing_drainer,scamsniffer,phishing,,
0x0c05314f96750e8d725d6de508e196bf57ac9863,ETH,phishing_drainer,scamsniffer,phishing,,
0x0c0d93dfe02021d7d9164ffc45881ec947e611ba,ETH,phishing_drainer,scamsniffer,phishing,,
0x0c28ef5e4c5b6b708f4196a6d2c61f9c65fda952,ETH,phishing_drainer,scamsniffer,phishing,,
0x0c36614d5b794da5918157e0ef104848edd4c71e,ETH,phishing_drainer,scamsniffer,phishing,,
0x0c37ce6cbb2c9462c609974a4e9c3dcd9c679f31,ETH,phishing_drainer,scamsniffer,phishing,,
0x0c3d430d8280456b6e05769ed3f88d64c339b1bd,ETH,phishing_drainer,scamsniffer,phishing,,
0x0c521cc697ef52f999033d61a0910d6b1f2d7cd2,ETH,phishing_drainer,scamsniffer,phishing,,
0x0c54e864a1e938645a2ac3706dc3647ba38a239d,ETH,phishing_drainer,scamsniffer,phishing,,
0x0c84c44956995949a4a03276228a13855034772c,ETH,phishing_drainer,scamsniffer,phishing,,
0x0c881af3d8f2b2ba4d53fcbb4f2c32a9808a4330,ETH,phishing_drainer,scamsniffer,phishing,,
0x0c91edc0de1cd5cb3b24ac0fea3ffa0e6025f13d,ETH,phishing_drainer,scamsniffer,phishing,,
0x0cac2b1f7dc409a8f39516189bef2fe42e2d770a,ETH,phishing_drainer,scamsniffer,phishing,,
0x0cbab26923816440d1b8bab3f6ad52a6c3e92544,ETH,phishing_drainer,scamsniffer,phishing,,
0x0cbce13a1da2face8e7e75c64dc5a607488aad53,ETH,phishing_drainer,scamsniffer,phishing,,
0x0cc008ca45646595b1179f7806ea1c06a5097035,ETH,phishing_drainer,scamsniffer,phishing,,
0x0cc131b43de76a459c3dd0df729df93d35a5bb95,ETH,phishing_drainer,scamsniffer,phishing,,
0x0ccdd2e45c455eac13ed6edf9648d9125ff8e576,ETH,phishing_drainer,scamsniffer,phishing,,
0x0cec7843b9c2b125d837d87f0c9197724a94bf42,ETH,phishing_drainer,scamsniffer,phishing,,
0x0cf35414e38b371f2fa250ec97b64f3b3d9580ab,ETH,phishing_drainer,scamsniffer,phishing,,
0x0cf39331c5dc2cdc43c2345a1d34a1842ff68e63,ETH,phishing_drainer,scamsniffer,phishing,,
0x0cfc24a6826ec9b714d11fe977d7aca3b478c290,ETH,phishing_drainer,scamsniffer,phishing,,
0x0cfecfb3796ff3ce2e0f5a63edab9f6597fdf87d,ETH,phishing_drainer,scamsniffer,phishing,,
0x0cfede8d6dbe0af3c20b726e4d3c66e649e69fed,ETH,phishing_drainer,scamsniffer,phishing,,
0x0d11520bd08f29f510839ce257391363a7a7718e,ETH,phishing_drainer,scamsniffer,phishing,,
0x0d174e80dfbcf7536ab9c12af38995ffb22d3f58,ETH,phishing_drainer,scamsniffer,phishing,,
0x0d207d1c45be7ba5cce3e104580d9802b5ee0365,ETH,phishing_drainer,scamsniffer,phishing,,
0x0d23f9350bbf9a76e6a41b8a4cc497366e29513b,ETH,phishing_drainer,scamsniffer,phishing,,
0x0d524a5b52737c0a02880d5e84f7d20b8d66bfba,ETH,phishing_drainer,scamsniffer,phishing,,
0x0daa87c0d72e9b005015148d65449178867aadcf,ETH,phishing_drainer,scamsniffer,phishing,,
0x0dad1dfd24025def1a5c815e870a7784870f3435,ETH,phishing_drainer,scamsniffer,phishing,,
0x0db2e2a4cf21eab3eef3a0e86e9e663f2eb65fc3,ETH,phishing_drainer,scamsniffer,phishing,,
0x0dc283476228ccefa2129718db45179683c0a7da,ETH,phishing_drainer,scamsniffer,phishing,,
0x0dde54724dada3269ba914107c15ccfdb76fe56e,ETH,phishing_drainer,scamsniffer,phishing,,
0x0df6001acdf8c85ab4571769a28571130aeec10c,ETH,phishing_drainer,scamsniffer,phishing,,
0x0e0bb0cc029c221277329552403c976e1bd176d2,ETH,phishing_drainer,scamsniffer,phishing,,
0x0e16b3a406e1c1170013337f27995e514b0d361f,ETH,phishing_drainer,scamsniffer,phishing,,
0x0e188570adbe7fb6e9483152d9daa181b1d6fd54,ETH,phishing_drainer,scamsniffer,phishing,,
0x0e243df285a3fa69feea1f3c2d9feb71b9f54009,ETH,phishing_drainer,scamsniffer,phishing,,
0x0e2bd0bf9022c5b3994e472333862a8c80a0ffdd,ETH,phishing_drainer,scamsniffer,phishing,,
0x0e2c6f2d2345689d871a3b55b5e45903eab87418,ETH,phishing_drainer,scamsniffer,phishing,,
0x0e3cbd7c0d3713c8f405197d793959394e761274,ETH,phishing_drainer,scamsniffer,phishing,,
0x0e420103547f598454ab6bbca2eb8f5f9015d40d,ETH,phishing_drainer,scamsniffer,phishing,,
0x0e7619cccfa3e181898e3b885a2527968953cf4b,ETH,phishing_drainer,scamsniffer,phishing,,
0x0e8e40d8216132c1c8b91c06f1274140a42cfe59,ETH,phishing_drainer,scamsniffer,phishing,,
0x0e92c3b88a8c6fbb3374148095308ffcc30fc486,ETH,phishing_drainer,scamsniffer,phishing,,
0x0ea77027e0d1ad221661d78ea59bce4389617f53,ETH,phishing_drainer,scamsniffer,phishing,,
0x0eb09fa9b2f28a9064e86d7796db69f3a203e332,ETH,phishing_drainer,scamsniffer,phishing,,
0x0eb794fb3ad6e48332936063955c322df15b3ed7,ETH,phishing_drainer,scamsniffer,phishing,,
0x0ec3b5af50e2108ac153df21cf07fb38823b48ff,ETH,phishing_drainer,scamsniffer,phishing,,
0x0ee6b037ac4f526f9a47936c4cafc52037ad0fb4,ETH,phishing_drainer,scamsniffer,phishing,,
0x0eef9c316cc93b2014450822140db6156169d0d4,ETH,phishing_drainer,scamsniffer,phishing,,
0x0ef39ff0d1d649aaa498bb9940d72c0469d0faa3,ETH,phishing_drainer,scamsniffer,phishing,,
0x0efa0d326f127c73b57129bc8d78c70896da89db,ETH,phishing_drainer,scamsniffer,phishing,,
0x0f0627896e47f877ac4aac6342cbb7548771d3d8,ETH,phishing_drainer,scamsniffer,phishing,,
0x0f4807e6a014fd218fb56a78f293f211c466c118,ETH,phishing_drainer,scamsniffer,phishing,,
0x0f4b56e9a06c45033ef7deb39b0bd28bd162137f,ETH,phishing_drainer,scamsniffer,phishing,,
0x0f56cceb1a2dc1a598bb14d7121525db2c05a7c5,ETH,phishing_drainer,scamsniffer,phishing,,
0x0f732ccbb681021ba33d99f976b9a6199f8e72d8,ETH,phishing_drainer,scamsniffer,phishing,,
0x0f79ac46778e570db5ebac5c08c614448219cd2a,ETH,phishing_drainer,scamsniffer,phishing,,
0x0fa72515d71ccdae5de3307b43b9bd6201f40ee0,ETH,phishing_drainer,scamsniffer,phishing,,
0x0fa90cfdc3a81bf02f5abec69828569804741d30,ETH,phishing_drainer,scamsniffer,phishing,,
0x0fb117da456103180b22f5d64a2970da3df4dcf5,ETH,phishing_drainer,scamsniffer,phishing,,
0x0fc2f15cbf46527ef0384d7b4ae28c056814e1bf,ETH,phishing_drainer,scamsniffer,phishing,,
0x0fc89a14f99f5871caf23a51dfa039ff24e46495,ETH,phishing_drainer,scamsniffer,phishing,,
0x0fe7723b20913600fc7bf462346bb0e99eb7d691,ETH,phishing_drainer,scamsniffer,phishing,,
0x0fed7386bb6185cd8d98c4b797928bfae872566a,ETH,phishing_drainer,scamsniffer,phishing,,
0x0ff6def502fa48e151d0b1b9fb45dc8536fe23a4,ETH,phishing_drainer,scamsniffer,phishing,,
0x0ffc6712be911a29d2fcedab00901b7c871d29bc,ETH,phishing_drainer,scamsniffer,phishing,,
0x0ffc7b2a5ea0cb9f2db43d852f43dc9ccfe52657,ETH,phishing_drainer,scamsniffer,phishing,,
0x101ce0cedd142f199c9ef61739ae59b6611a0fc0,ETH,phishing_drainer,scamsniffer,phishing,,
0x102ab99f51bbffeb936046419cff4d2793e8edae,ETH,phishing_drainer,scamsniffer,phishing,,
0x1047a7528252586edaad066f3ca2b21f66677125,ETH,phishing_drainer,scamsniffer,phishing,,
0x1055839cf88eceb30a7cdb74afbd1d0f922cf9dd,ETH,phishing_drainer,scamsniffer,phishing,,
0x106152f23475964460fd160f3e78f1fbe7826d11,ETH,phishing_drainer,scamsniffer,phishing,,
0x10677d8dad1412bf068b9422068759b13b11cb0d,ETH,phishing_drainer,scamsniffer,phishing,,
0x106df0524aa9707e0dd7d2eaec0f94db05bd6bd2,ETH,phishing_drainer,scamsniffer,phishing,,
0x10932bdf523ccfad13613e7bc96c0edae71b1373,ETH,phishing_drainer,scamsniffer,phishing,,
0x1099ac30cdc4159b7a8c4acca27aa14628d5a93f,ETH,phishing_drainer,scamsniffer,phishing,,
0x109ce844cdc34ebe3c9eef4b1b11a150625227b8,ETH,phishing_drainer,scamsniffer,phishing,,
0x10a60f358ce60d538d4f4a46b77c00a5f01bc48c,ETH,phishing_drainer,scamsniffer,phishing,,
0x10ab9911442329990b0c6928b825b6b2f4216896,ETH,phishing_drainer,scamsniffer,phishing,,
0x10accfd26c7bd910aba4cebb9710619ffb187498,ETH,phishing_drainer,scamsniffer,phishing,,
0x10c81ec99360f28eedcbf385ae9849e59387d4b1,ETH,phishing_drainer,scamsniffer,phishing,,
0x10c9061a5dec0aeaaa4b50b77e6d3433be5a9173,ETH,phishing_drainer,scamsniffer,phishing,,
0x10cd051bd70ce950fa7158db1607d90208e50ad9,ETH,phishing_drainer,scamsniffer,phishing,,
0x10d4763549ca0017522ce286cab5e92e2e3688ac,ETH,phishing_drainer,scamsniffer,phishing,,
0x10f847863ffdbcac1c559f54d2687c19ed31fea7,ETH,phishing_drainer,scamsniffer,phishing,,
0x10f9ec4181988b83d36a9df8ec87a73a3e27e4ac,ETH,phishing_drainer,scamsniffer,phishing,,
0x10fd497e61b1aa7055ece54b3f06eeec511caa47,ETH,phishing_drainer,scamsniffer,phishing,,
0x112893f553d48a3917475fec16867a063d15e89d,ETH,phishing_drainer,scamsniffer,phishing,,
0x1133805de803d9af378941a09d22de9634bec3e0,ETH,phishing_drainer,scamsniffer,phishing,,
0x1147f916de9f153f5189bc1538421568ed23dab5,ETH,phishing_drainer,scamsniffer,phishing,esionnft.xyz,
0x1149bbbf925a808894590571d96b50e03e94c2a7,ETH,phishing_drainer,scamsniffer,phishing,,
0x114ebec198ce54edacd5d40f17f67c8afd27d1df,ETH,phishing_drainer,scamsniffer,phishing,,
0x115d745bf806671862366c1b662b538d49829032,ETH,phishing_drainer,scamsniffer,phishing,,
0x11601ce264430c1a26d2802d56a24672f3dc1a2d,ETH,phishing_drainer,scamsniffer,phishing,,
0x119001d47731f5bd8683ed6b9103034302f884e2,ETH,phishing_drainer,scamsniffer,phishing,,
0x119e73808f20e7d45333230195b19d82070859c7,ETH,phishing_drainer,scamsniffer,phishing,,
0x11a8f04a7bb44f5354cc7bb3104fb8e0fe9a3bf6,ETH,phishing_drainer,scamsniffer,phishing,,
0x11ad308ead5486c3bacc4ecc7ec4dbec4958162f,ETH,phishing_drainer,scamsniffer,phishing,,
0x11c424713e8f67c384fcd0260501c8a36e995c83,ETH,phishing_drainer,scamsniffer,phishing,,
0x11ceb3aab35e2510d7eee3728468cfea7c39bee6,ETH,phishing_drainer,scamsniffer,phishing,,
0x11e0cdfb151a42f43d85fdd0695bf6690654a3c3,ETH,phishing_drainer,scamsniffer,phishing,,
0x11efa79e588f4a5c88c2f4652be7c87546fdeb77,ETH,phishing_drainer,scamsniffer,phishing,,
0x11fd01874ba95525aed1f54565e6fde3881bfd61,ETH,phishing_drainer,scamsniffer,phishing,,
0x1222ac805cd51bd431e3f1a8de3f8a0df0ee3757,ETH,phishing_drainer,scamsniffer,phishing,,
0x1224be5ab3be2489834e75cdc50267a8b150ab80,ETH,phishing_drainer,scamsniffer,phishing,,
0x122724736109eaac71c0b594d9836f79dbefbc67,ETH,phishing_drainer,scamsniffer,phishing,,
0x12457759b02a3f37f72ee18611ce44911c90cc03,ETH,phishing_drainer,scamsniffer,phishing,,
0x124ba0671024cc8d3df23cee5da034076797b7a2,ETH,phishing_drainer,scamsniffer,phishing,,
0x125ac37f9b5c811a683b4f4ac77d9c3d89b3788d,ETH,phishing_drainer,scamsniffer,phishing,,
0x125df0f86af92b74faea5fcdcdd0344eb087c3b7,ETH,phishing_drainer,scamsniffer,phishing,,
0x1277e912ca70b0593dc357bb2b60ee1158117617,ETH,phishing_drainer,scamsniffer,phishing,,
0x12817ff53d1e207cf932c82fe71098811a24e097,ETH,phishing_drainer,scamsniffer,phishing,,
0x12ed74842c240db56f20e37d9080514118f05b76,ETH,phishing_drainer,scamsniffer,phishing,,
0x12fb3c33af3f7b65e0c3de4a595794fc3f7852c2,ETH,phishing_drainer,scamsniffer,phishing,,
0x1305661f7dad36b0a14fe33234cecb991cc84cf5,ETH,phishing_drainer,scamsniffer,phishing,,
0x1316da9d3cf73b9bbed97dc9ced853f6c12e8a8b,ETH,phishing_drainer,scamsniffer,phishing,,
0x1329345d795507e25d14f780f58839be0bbb02ea,ETH,phishing_drainer,scamsniffer,phishing,,
0x132e48f56fcf0d67e092a74ca61c244f08225374,ETH,phishing_drainer,scamsniffer,phishing,,
0x132ee5ddf9e93b19000ff2d500179e4723054be8,ETH,phishing_drainer,scamsniffer,phishing,,
0x1331e071b1c0d242ca72fe9b3d32a74f2354b1b8,ETH,phishing_drainer,scamsniffer,phishing,,
0x1337997f30bb4eb2d6073304bf36bf5e98a3a0cb,ETH,phishing_drainer,scamsniffer,phishing,,
0x1339903db2b4a259208d5c6dd1870574a04f0168,ETH,phishing_drainer,scamsniffer,phishing,,
0x13563fc204ec40cd52f0429fdf085ce88a55f51b,ETH,phishing_drainer,scamsniffer,phishing,,
0x13611fcf98a345f460732147863496767fa70ef5,ETH,phishing_drainer,scamsniffer,phishing,,
0x137fcc71e3be35b45e6246e5f3cdcff2c457af78,ETH,phishing_drainer,scamsniffer,phishing,,
0x13b850274e5ba3e409340acaf27d35fefcde529a,ETH,phishing_drainer,scamsniffer,phishing,,
0x13c7c338ce7cc7a8aca8711c8e706adb48343836,ETH,phishing_drainer,scamsniffer,phishing,,
0x13c7e407250c9f56218319eeea2f10d7fd1c2c02,ETH,phishing_drainer,scamsniffer,phishing,,
0x13c895ee2d42560691fc2a524e0e465b4f7a151a,ETH,phishing_drainer,scamsniffer,phishing,,
0x13d55040a32f964f6553aaf9b75fb9b521dd3351,ETH,phishing_drainer,scamsniffer,phishing,,
0x13d603565457035e8b5f29f1b67d2c136c29061d,ETH,phishing_drainer,scamsniffer,phishing,,
0x13e90e90a68d63ad6a931a313d61f6b34dcb71e1,ETH,phishing_drainer,scamsniffer,phishing,,
0x13f8b95b9a7536c9f4e2216fbb469b0a4fc006f3,ETH,phishing_drainer,scamsniffer,phishing,,
0x13fb7ad70b732818e745f2bca08af1525ab309a5,ETH,phishing_drainer,scamsniffer,phishing,,
0x140d2a1453e3a8320d3895e45dad01c21dd9e821,ETH,phishing_drainer,scamsniffer,phishing,,
0x141f6cea8461b58f210dee23319858b3b6dcd0ec,ETH,phishing_drainer,scamsniffer,phishing,,
0x144115e7175fd05fc67ce89f2634e961c9ddf7f8,ETH,phishing_drainer,scamsniffer,phishing,,
0x144335b6c0ce0b67226150268264d2b88bff5cc0,ETH,phishing_drainer,scamsniffer,phishing,,
0x144d982468db835dd83112b48d4013011ab86761,ETH,phishing_drainer,scamsniffer,phishing,,
0x1456f414f0cc6c37de766adc3b151e2edd531c50,ETH,phishing_drainer,scamsniffer,phishing,,
0x1466053227ee72982ef4cc36007328c773be22a3,ETH,phishing_drainer,scamsniffer,phishing,,
0x14690a83aeb4ce00461ba46c1f2fff2820c63cb7,ETH,phishing_drainer,scamsniffer,phishing,,
0x1485063a7b88dee5d9692d52c807858bfadd8ea3,ETH,phishing_drainer,scamsniffer,phishing,,
0x148cdd291dfc41a9082625aaa32cc01463100e76,ETH,phishing_drainer,scamsniffer,phishing,,
0x149c47ad91a4f01719123a9971b21e112da68d71,ETH,phishing_drainer,scamsniffer,phishing,,
0x14a64f89ca7b327deb2b2e318f2952c41a259940,ETH,phishing_drainer,scamsniffer,phishing,,
0x14b81021c34c6aaec185a51285ad03e611f00b9a,ETH,phishing_drainer,scamsniffer,phishing,,
0x14c11c0b8b397a58a88ac8565bed3b212f6ca5d2,ETH,phishing_drainer,scamsniffer,phishing,,
0x14c5c13d4edaffd193c1a01eab004e51e6249ff7,ETH,phishing_drainer,scamsniffer,phishing,,
0x14c974c5ebd9d3a2ab718aa3c35d4de8c018290a,ETH,phishing_drainer,scamsniffer,phishing,,
0x14cf0f5d191406e716304e0f1b1a73128cf3f76b,ETH,phishing_drainer,scamsniffer,phishing,,
0x14db3a6168d4818977c6985b37dbe80f3871dcca,ETH,phishing_drainer,scamsniffer,phishing,,
0x14e55a62898944a39eb86f4cec34e8eda4253499,ETH,phishing_drainer,scamsniffer,phishing,,
0x14e8db36a218d28f38be031421e31e0f1b6fc44e,ETH,phishing_drainer,scamsniffer,phishing,,
0x1518516b49cfd766142f1e1d318649da1b852551,ETH,phishing_drainer,scamsniffer,phishing,,
0x152acdcaaebec3047e68571e991420829ac45d07,ETH,phishing_drainer,scamsniffer,phishing,,
0x154fd50b950d3a50d9a13871d1df87508701cf1b,ETH,phishing_drainer,scamsniffer,phishing,,
0x155c5a7e0e08b5ecf5c7abf2566fceaee8f15acd,ETH,phishing_drainer,scamsniffer,phishing,,
0x156c7a66d7089c3dbc0ea594f9d65ba7e9fce623,ETH,phishing_drainer,scamsniffer,phishing,,
0x1572e6d687a79a30b7e25e4f3837f7af2ee442e2,ETH,phishing_drainer,scamsniffer,phishing,,
0x1573813332a5bef2d59107e2228f972ff6a52983,ETH,phishing_drainer,scamsniffer,phishing,,
0x157543a77cb98d97470c498cdac70fc831f59a9a,ETH,phishing_drainer,scamsniffer,phishing,,
0x1579bc1f63123a55239c29911a1546046f67db18,ETH,phishing_drainer,scamsniffer,phishing,,
0x157c88c1f0c07d8e2dc4b21b6370147cb34b3a97,ETH,phishing_drainer,scamsniffer,phishing,,
0x157c99fb1cf0706cd16b38361ce1e92b65be0431,ETH,phishing_drainer,scamsniffer,phishing,,
0x159e93ad0c74a26dfebbf3cabeef7380734b3e66,ETH,phishing_drainer,scamsniffer,phishing,,
0x15acf9a44ae4e83efe8d3e8ac374bf7f275bf651,ETH,phishing_drainer,scamsniffer,phishing,,
0x15ad3b3ec1817e0dc9590cb776a8e9b30870fd11,ETH,phishing_drainer,scamsniffer,phishing,,
0x15aff8d004a5dc6053cfb598b2af44e1e99ee3e3,ETH,phishing_drainer,scamsniffer,phishing,,
0x15b4902c22efc153899baa95b5f35a8771515ef2,ETH,phishing_drainer,scamsniffer,phishing,,
0x15ce483c6b8a8c09ef362ad71145fb6fb5522820,ETH,phishing_drainer,scamsniffer,phishing,,
0x15dd049babd5c2137d52ea0c5b028d320fc742d0,ETH,phishing_drainer,scamsniffer,phishing,,
0x16039e8c9d2e32f940d95380f3856d8270b5fe57,ETH,phishing_drainer,scamsniffer,phishing,,
0x16294eaa2813754a05b0ddf8f86a8ecf3816e200,ETH,phishing_drainer,scamsniffer,phishing,,
0x164e84226882c385940134f5b292cb89bc4feed6,ETH,phishing_drainer,scamsniffer,phishing,,
0x1651d9c330f3f59de02cf397f47bc5a5619e9add,ETH,phishing_drainer,scamsniffer,phishing,,
0x165aacaec4650f146121d03c73ff2760797f85ee,ETH,phishing_drainer,scamsniffer,phishing,,
0x165cc48c8eb5deccb1973a43b92e3dbe9d02e2e7,ETH,phishing_drainer,scamsniffer,phishing,,
0x1661f1b207629e4f385da89cff535c8e5eb23ee3,ETH,phishing_drainer,scamsniffer,phishing,,
0x1665bd914c07be16293d08b114d790297b53d73d,ETH,phishing_drainer,scamsniffer,phishing,,
0x169a9896414e46924e56e70fcb8d88bc0878798f,ETH,phishing_drainer,scamsniffer,phishing,,
0x169b6a19d3d077a4809029f94c953b744ebe0b88,ETH,phishing_drainer,scamsniffer,phishing,,
0x16b2396478d693312c314c78c9655078e4ad1182,ETH,phishing_drainer,scamsniffer,phishing,,
0x16c558ecc7d31f4e0098ee1d72c53f6422d64873,ETH,phishing_drainer,scamsniffer,phishing,,
0x16c975250971d13f6af564608317a1a4426aae38,ETH,phishing_drainer,scamsniffer,phishing,,
0x16d2efabe69a6ebfbb48888aadfc8db227801942,ETH,phishing_drainer,scamsniffer,phishing,,
0x16df3862b103976a2f5dd876f81aa3ec60757f04,ETH,phishing_drainer,scamsniffer,phishing,,
0x16e03f47e2aae437a285192325f42e25253070b3,ETH,phishing_drainer,scamsniffer,phishing,,
0x1704fd5878883da992df4efb24cd9e3c20431429,ETH,phishing_drainer,scamsniffer,phishing,,
0x17188397fac2a8488fff0fe93288a6bb3e7e8970,ETH,phishing_drainer,scamsniffer,phishing,,
0x172c91eab73865c5f589effeffd06cbe75c2773f,ETH,phishing_drainer,scamsniffer,phishing,,
0x1731c354c65529ea627d7e68b80ec3c3070fe9fa,ETH,phishing_drainer,scamsniffer,phishing,,
0x17504785059123e758f1cd2bfa00ab45b613f9e5,ETH,phishing_drainer,scamsniffer,phishing,,
0x1772866bf6ad90a5c6bcce7fabe8058c8994ed0f,ETH,phishing_drainer,scamsniffer,phishing,,
0x1776c6ca2f1a679193f82d8bdffc7ecd95c3ba7e,ETH,phishing_drainer,scamsniffer,phishing,,
0x177bb575b45d059510616a05d301f898dadde294,ETH,phishing_drainer,scamsniffer,phishing,,
0x1799023a8a7b11ba65c8f4657a4ca17e809c6f8d,ETH,phishing_drainer,scamsniffer,phishing,,
0x17ac2a51449f9faa27bde71d136032ccc29b7bad,ETH,phishing_drainer,scamsniffer,phishing,,
0x17b2d6c1242bc450565da15cb99c71a40fb2e3a5,ETH,phishing_drainer,scamsniffer,phishing,,
0x17b421d2eb40055c08f13333c558a9384ed55768,ETH,phishing_drainer,scamsniffer,phishing,,
0x17ca7975474bca5c4a46d27c8a5ae42049d3015b,ETH,phishing_drainer,scamsniffer,phishing,,
0x17cdcd5d828d21035c99eebbc3e9877e07aa6be5,ETH,phishing_drainer,scamsniffer,phishing,,
0x17ce37bef93d8a0faf0c832ff68914a8038f083d,ETH,phishing_drainer,scamsniffer,phishing,,
0x17d45579bf8cb524bb61dc8949625ce2591c3b66,ETH,phishing_drainer,scamsniffer,phishing,,
0x17d5e51a4270f98c81593989b23b3c9108bf2fcb,ETH,phishing_drainer,scamsniffer,phishing,,
0x17ece9c860a3b1c8daa0888cdee352e71f2d88fb,ETH,phishing_drainer,scamsniffer,phishing,,
0x1807823deb1ca3ff5f94640af39c61745dde6dd0,ETH,phishing_drainer,scamsniffer,phishing,,
0x1818db4f1689c01a418c48c4aff9a7c510a155f5,ETH,phishing_drainer,scamsniffer,phishing,,
0x183bf0190b98c74af9fd94b979352f76ac26cddb,ETH,phishing_drainer,scamsniffer,phishing,,
0x184b660ac3aa80037132df456a55f37e2d3fbf68,ETH,phishing_drainer,scamsniffer,phishing,,
0x1852ce87aac9654e86d376cef4018951984919ed,ETH,phishing_drainer,scamsniffer,phishing,,
0x18750359746aa811e292816f8913cc52f84ed6e6,ETH,phishing_drainer,scamsniffer,phishing,,
0x1878ebcd90ce98127ed7991b8f7489a1a686148b,ETH,phishing_drainer,scamsniffer,phishing,,
0x187b133d24d8f2fd838ad1b91af19ce968528f06,ETH,phishing_drainer,scamsniffer,phishing,,
0x1886e461e62d24bf336604c2a8267de7408a849b,ETH,phishing_drainer,scamsniffer,phishing,,
0x1890314ac916fc0ddb8d5f38d9ddc6d6eb51d12e,ETH,phishing_drainer,scamsniffer,phishing,,
0x189c56efa95b3a14f6a717e536c3bf5b7e97ddb0,ETH,phishing_drainer,scamsniffer,phishing,,
0x18a58fa657d82d27f7d756513c1b356cf64ada2f,ETH,phishing_drainer,scamsniffer,phishing,,
0x18c7cbe76f06e55a093d7d8ab914b06d56072313,ETH,phishing_drainer,scamsniffer,phishing,,
0x18ea8a9ac49454d1c99c6c348ab3f453bf130b77,ETH,phishing_drainer,scamsniffer,phishing,,
0x18fc8ea4f1939caba66ac4515c496b62dd5f8f0d,ETH,phishing_drainer,scamsniffer,phishing,,
0x1902d018d5b380437be190e253758d08fb880023,ETH,phishing_drainer,scamsniffer,phishing,,
0x190aa9b2cb3440abc201a4cade3a469695384981,ETH,phishing_drainer,scamsniffer,phishing,,
0x191326db16ed40b20f716803e299f219cf92ad2a,ETH,phishing_drainer,scamsniffer,phishing,,
0x19222cdb906c6d090a896d102b19116be914e6f1,ETH,phishing_drainer,scamsniffer,phishing,,
0x19305a854addecddbb056b70767866af57592781,ETH,phishing_drainer,scamsniffer,phishing,,
0x193aa46eb2dd25331e194b2102f9431bf25b45ff,ETH,phishing_drainer,scamsniffer,phishing,,
0x194c07e44b6a7d3b8c64426f031514700e9281bf,ETH,phishing_drainer,scamsniffer,phishing,,
0x194c9781f9337ea65a1b8dfff12dc32bed7b5ca3,ETH,phishing_drainer,scamsniffer,phishing,,
0x1966b66c48c248edaccccc6c5a71fcfcc3d30c24,ETH,phishing_drainer,scamsniffer,phishing,,
0x197316bf4f4538ece2d813edf631501e49a956c7,ETH,phishing_drainer,scamsniffer,phishing,,
0x19754576b34dbf1c17cef8e7afaae7dfba1f7b75,ETH,phishing_drainer,scamsniffer,phishing,,
0x197c65e6b0333ac834328c50d9f24685a9b22765,ETH,phishing_drainer,scamsniffer,phishing,,
0x1992c7cc9c64602534cb285a2d7bc0e858d60f40,ETH,phishing_drainer,scamsniffer,phishing,,
0x19a72ea327b37e3650e1092abd724c723172962c,ETH,phishing_drainer,scamsniffer,phishing,,
0x19a963a5676877551446a78065462135ca21a7e3,ETH,phishing_drainer,scamsniffer,phishing,,
0x19b4e699b2fb833c2a6696bc96ba027c3b5d749c,ETH,phishing_drainer,scamsniffer,phishing,,
0x19b799fca779ed2cbf76c50282bc448ff2071eaf,ETH,phishing_drainer,scamsniffer,phishing,,
0x19cb49098fe05d6a434b3f250efd6f40d91698b0,ETH,phishing_drainer,scamsniffer,phishing,,
0x19d1bead295316d8dfc1c6fc9c1aa7e910abbf91,ETH,phishing_drainer,scamsniffer,phishing,,
0x19da974cebae60a2bc82ba19295c7078290be6d0,ETH,phishing_drainer,scamsniffer,phishing,,
0x19e906bbbc862df197b2bc5798396ffc769d176a,ETH,phishing_drainer,scamsniffer,phishing,,
0x19f05e6ddb5f83f7c4152dacb2fd4a617ae6fd43,ETH,phishing_drainer,scamsniffer,phishing,,
0x19feba1e961779579f3b945c79d7a9b7ea3dc1a7,ETH,phishing_drainer,scamsniffer,phishing,,
0x1a06b9aadb01c34a050dfd41f8cf5f2394fddc79,ETH,phishing_drainer,scamsniffer,phishing,,
0x1a0dce01cff0c2e1df0fbe6b40cb2b7e4bfefa6d,ETH,phishing_drainer,scamsniffer,phishing,,
0x1a0e60f072bcee6711a08937b0192de210702716,ETH,phishing_drainer,scamsniffer,phishing,,
0x1a2ba7b454c9f5aa9cc546df96568ed7b6633098,ETH,phishing_drainer,scamsniffer,phishing,,
0x1a3d13f1a838570f1ed1fb1682a18d0ba210fcc5,ETH,phishing_drainer,scamsniffer,phishing,,
0x1a3e47bb63a57cc19d3c312eb3e675eefe8ab52c,ETH,phishing_drainer,scamsniffer,phishing,,
0x1a425786714bd0678698ba3fc158d432a46ed3dd,ETH,phishing_drainer,scamsniffer,phishing,,
0x1a6187bad385c105147cd1c33031e7b4ff3afda3,ETH,phishing_drainer,scamsniffer,phishing,,
0x1a633538b169b41052bfc40b0c973ac1bff31a4e,ETH,phishing_drainer,scamsniffer,phishing,,
0x1a7433e612f1803fef00bf25443e20a2dd61e58f,ETH,phishing_drainer,scamsniffer,phishing,,
0x1a8c9fe937984a353213e340178efd520ec7d479,ETH,phishing_drainer,scamsniffer,phishing,,
0x1a930ca8982ad80338f0404b34271e0b3d4ff89b,ETH,phishing_drainer,scamsniffer,phishing,,
0x1a97ff04b310d0c8c9541c6ca84683672128d873,ETH,phishing_drainer,scamsniffer,phishing,,
0x1aaf1cbdb53a4e59f06d44e827143dc037907faa,ETH,phishing_drainer,scamsniffer,phishing,,
0x1abf0a2edc83a25f51412d685fe15bb51597732a,ETH,phishing_drainer,scamsniffer,phishing,,
0x1acb3bcc823bfa96084797b59206b7bb4b565319,ETH,phishing_drainer,scamsniffer,phishing,,
0x1ae903747574be866498e83c5730dc00f034b092,ETH,phishing_drainer,scamsniffer,phishing,,
0x1aeb450888ae36ce11bc3764e8ba4770d43b9e41,ETH,phishing_drainer,scamsniffer,phishing,,
0x1b0c2250fa71d7ceb2b0f0039c5c2418cfb315fa,ETH,phishing_drainer,scamsniffer,phishing,,
0x1b199b8acde4f05a49703a9e598a8d47629c0dc5,ETH,phishing_drainer,scamsniffer,phishing,,
0x1b2096e7f9611a5ce31e4aa2171bde778d00fd6d,ETH,phishing_drainer,scamsniffer,phishing,,
0x1b2c705e1c54ac20cf4627e8c804959c3cb5c53f,ETH,phishing_drainer,scamsniffer,phishing,,
0x1b4204e0439b8e6ee40d93e6a0d12241ef20392c,ETH,phishing_drainer,scamsniffer,phishing,,
0x1b5102e2864262aa12323e54fd9a0275b483c70c,ETH,phishing_drainer,scamsniffer,phishing,,
0x1b61371e55447ad648a483d5f9e20a118912c5bd,ETH,phishing_drainer,scamsniffer,phishing,,
0x1b65daca93a7cf00f44648920a1f61c3cce646d8,ETH,phishing_drainer,scamsniffer,phishing,,
0x1b7ac5160c049788b5a99d8d5e72fc0e38ec5c95,ETH,phishing_drainer,scamsniffer,phishing,,
0x1b84d746d09dc8267c1ebddce5be0c426228516f,ETH,phishing_drainer,scamsniffer,phishing,,
0x1b856e40b0770537837582e0cc835b6b7876307b,ETH,phishing_drainer,scamsniffer,phishing,,
0x1b85e75be76d51c68bd1d3559d57785af6e488d0,ETH,phishing_drainer,scamsniffer,phishing,,
0x1b9335f320c9e9448eeec3c97385235ee7d3be24,ETH,phishing_drainer,scamsniffer,phishing,,
0x1b9e34bcb00f7dc605bffad7ce617d9d8500adab,ETH,phishing_drainer,scamsniffer,phishing,,
0x1ba383587e6b6e8925bc2fff5d6165ab8a2eeaaf,ETH,phishing_drainer,scamsniffer,phishing,,
0x1bcff5db4f9a53a6697d5a82067893525717b47a,ETH,phishing_drainer,scamsniffer,phishing,,
0x1bd0de55c1db4c759262ceba2ebe87fceeaab12d,ETH,phishing_drainer,scamsniffer,phishing,,
0x1bd1bd550e0951ba31de2e891947d74f61dcc182,ETH,phishing_drainer,scamsniffer,phishing,,
0x1be4461021e197ef9f08038989c8c124f2213ffa,ETH,phishing_drainer,scamsniffer,phishing,,
0x1be4a9079abb69b6e2ad0503292ef7e1ae4853e3,ETH,phishing_drainer,scamsniffer,phishing,,
0x1c0f3c356cf02c3afc99ec6f878ffc6f7ea4aac1,ETH,phishing_drainer,scamsniffer,phishing,,
0x1c1167aba95a55d33eaf10248dba7d5071cb15e2,ETH,phishing_drainer,scamsniffer,phishing,,
0x1c3c3167cd0c990be8ff44dff798e3ab0d0155fd,ETH,phishing_drainer,scamsniffer,phishing,,
0x1c3dcb8464e0ce224e0981d9aef5d5b879e193f5,ETH,phishing_drainer,scamsniffer,phishing,,
0x1c42cceabe14e9a9f89ca3f3c584227eab80cf1c,ETH,phishing_drainer,scamsniffer,phishing,,
0x1c55d59c1fffafe52e1df092509fd203bd18595b,ETH,phishing_drainer,scamsniffer,phishing,www.wombat.freeclaim.live,
0x1c83b73a52a29f31542c04a50d63df9d8950649a,ETH,phishing_drainer,scamsniffer,phishing,,
0x1c90e381d63b0651f46f6fea08e51daca06b7917,ETH,phishing_drainer,scamsniffer,phishing,,
0x1ca08eafe910fd5f940f6bf2d79b9c3074092ad2,ETH,phishing_drainer,scamsniffer,phishing,,
0x1cb0af978c760d3a410aa5f00844be9db47ee049,ETH,phishing_drainer,scamsniffer,phishing,,
0x1cb4bc48a9a0101370929b20211024f7961d819f,ETH,phishing_drainer,scamsniffer,phishing,,
0x1cbabbaef4fcac7a239bad0a2e92cddfe69dcf3e,ETH,phishing_drainer,scamsniffer,phishing,,
0x1cc678f4a740aac5598851ef07d71c282bd93603,ETH,phishing_drainer,scamsniffer,phishing,,
0x1cdd7c8db76586183d5f014daca2c6c49ae9def5,ETH,phishing_drainer,scamsniffer,phishing,,
0x1cede208f3c070bf8e4b2480c51b2ac42a45102e,ETH,phishing_drainer,scamsniffer,phishing,,
0x1cf553fbaaeb8f55167a23165967e63a12f14174,ETH,phishing_drainer,scamsniffer,phishing,,
0x1cfc8b7ab84c198ac2b95d82ee7bbea41db5c59d,ETH,phishing_drainer,scamsniffer,phishing,,
0x1d10213968e0252cef37ee34e91a8b545f9e68d9,ETH,phishing_drainer,scamsniffer,phishing,,
0x1d1029baa2be66bd58be041657c9cddc0de4ffe7,ETH,phishing_drainer,scamsniffer,phishing,,
0x1d1a10838f973ae536952c3c5c280c15b61da52e,ETH,phishing_drainer,scamsniffer,phishing,,
0x1d21f45ed6620a9e5323a083458691f86cecc94c,ETH,phishing_drainer,scamsniffer,phishing,,
0x1d2de19ad4d609116923dd8b2a1d85d34f1d031e,ETH,phishing_drainer,scamsniffer,phishing,,
0x1d415322eaef5cafae79c8b3cfe984bb9669a840,ETH,phishing_drainer,scamsniffer,phishing,,
0x1d5071048370df50839c8879cdf5144ace4b3b3b,ETH,phishing_drainer,scamsniffer,phishing,,
0x1d562948a1f38d80462d4ff3bb55c8a0f6481ed3,ETH,phishing_drainer,scamsniffer,phishing,,
0x1d580593135cf0e1079a6d54b7eabbd21b881a3f,ETH,phishing_drainer,scamsniffer,phishing,,
0x1d664cc0d9abc1554d747cd3c8a19b0eab59bf1b,ETH,phishing_drainer,scamsniffer,phishing,,
0x1d6cada7af0c86323c3be27e0719e9cfdccd2a7a,ETH,phishing_drainer,scamsniffer,phishing,,
0x1d6e3c166d26ca655c40ba2cdf1f5f87b62f714c,ETH,phishing_drainer,scamsniffer,phishing,,
0x1d6f4d04bcadb831176418778def040726487813,ETH,phishing_drainer,scamsniffer,phishing,,
0x1d82a4b90304592427eefac4a375c1ec4abd55db,ETH,phishing_drainer,scamsniffer,phishing,,
0x1d865fe45d735c74a18d67b9ab420c7b5a84da4b,ETH,phishing_drainer,scamsniffer,phishing,,
0x1d87765def82b3c839a66c69537731774f8bc007,ETH,phishing_drainer,scamsniffer,phishing,,
0x1d878da5c2835d212d931315098c9c865fdfa09a,ETH,phishing_drainer,scamsniffer,phishing,,
0x1d98505fcbae25a7e98265e5b015eef411c59568,ETH,phishing_drainer,scamsniffer,phishing,,
0x1dab7c71d7414a62807bcc14586d3b82f505c767,ETH,phishing_drainer,scamsniffer,phishing,,
0x1db6b549a22446d78069f63da223c305d4fed689,ETH,phishing_drainer,scamsniffer,phishing,,
0x1dc56ef7aaf7a0d68c37281b21136ef2e807d444,ETH,phishing_drainer,scamsniffer,phishing,,
0x1dd4a75bf0bd60d9c6da22da9b04eed7729c7788,ETH,phishing_drainer,scamsniffer,phishing,,
0x1de7def5f15df36731b96fff106375ff511b84b4,ETH,phishing_drainer,scamsniffer,phishing,,
0x1dfb78f82b083ac5d7d184954aec66ed33090b2b,ETH,phishing_drainer,scamsniffer,phishing,,
0x1e01ad56cb6639ec65a21bd9d4c9c25cceae631d,ETH,phishing_drainer,scamsniffer,phishing,,
0x1e157f86ceb5560a2d7eb3b8a380c9e67846b885,ETH,phishing_drainer,scamsniffer,phishing,,
0x1e2a7b0726d3b13a3a5a0a1d20c238034853cdfd,ETH,phishing_drainer,scamsniffer,phishing,,
0x1e3841e2b7591e6aa4bbdf2469e0bdf28ac6d982,ETH,phishing_drainer,scamsniffer,phishing,,
0x1e4d54ef04106ffa0b179cdfcfe106dad8a7fa1b,ETH,phishing_drainer,scamsniffer,phishing,,
0x1e87c0c802b8dd184f0e0f14b237beeceb4b326e,ETH,phishing_drainer,scamsniffer,phishing,,
0x1eb80b13dc0a40adbb0b9846ea3579b8b406da65,ETH,phishing_drainer,scamsniffer,phishing,,
0x1ecc09cc321f14b901143ee2ea8bb8f5c992346a,ETH,phishing_drainer,scamsniffer,phishing,,
0x1ee688d1cee5b9045f5fd944eabcdf5a6f274e42,ETH,phishing_drainer,scamsniffer,phishing,,
0x1ee7dcab7736b6ee09f0f4f986f0e46ce2f29a67,ETH,phishing_drainer,scamsniffer,phishing,,
0x1eed7f82b33cf731ae6ab00a8532a43227856b41,ETH,phishing_drainer,scamsniffer,phishing,,
0x1ef520459fb58089ed76fcd5c7d1985d37c47820,ETH,phishing_drainer,scamsniffer,phishing,,
0x1ef8691c23e6e2cfb087a99ea9cf76f8e9def7f0,ETH,phishing_drainer,scamsniffer,phishing,,
0x1efb1df5bd17b2b9eafa9d7cb80e54239bb4174d,ETH,phishing_drainer,scamsniffer,phishing,,
0x1f07134ec1885031ee9f7efc000f7be58531a4f5,ETH,phishing_drainer,scamsniffer,phishing,,
0x1f2114ebac9341a3162a236edb0e2242c6f1343c,ETH,phishing_drainer,scamsniffer,phishing,,
0x1f2680b5b1afd971d77942ddd5e7e72efb7f168d,ETH,phishing_drainer,scamsniffer,phishing,,
0x1f31c9354e030c0384ce5d4b89b661231d607356,ETH,phishing_drainer,scamsniffer,phishing,,
0x1f3d3100435f977a8921eeb95a7a89e99639e8de,ETH,phishing_drainer,scamsniffer,phishing,,
0x1f3f81c6e989943bb7da7a49d4f0aad4a926a632,ETH,phishing_drainer,scamsniffer,phishing,,
0x1f480736b772f3ebe808e53e7c9d21f60b577038,ETH,phishing_drainer,scamsniffer,phishing,,
0x1f4b46d095e6b4516fb5f66e6159c74609e74e9f,ETH,phishing_drainer,scamsniffer,phishing,,
0x1f5194475f9c2f21b1d165cbb7b443b9aec27ac3,ETH,phishing_drainer,scamsniffer,phishing,,
0x1f62d3df48b74cf8dace681f2bff5187a794ef06,ETH,phishing_drainer,scamsniffer,phishing,,
0x1f8069f056f134c72ecdbe79d49ff0763ed75b73,ETH,phishing_drainer,scamsniffer,phishing,,
0x1f8075cfc5278b37fcbd4b7ce87f185d2ce295fb,ETH,phishing_drainer,scamsniffer,phishing,,
0x1fa47d9a793b9d517eb475a04b00f82b31e8c493,ETH,phishing_drainer,scamsniffer,phishing,,
0x1fac05329739d694f3efc0ced07bcb1112c1d609,ETH,phishing_drainer,scamsniffer,phishing,,
0x1fb65ff34b806033ddbaf01a2c80d7263b314346,ETH,phishing_drainer,scamsniffer,phishing,,
0x1fbd573857bd8bf5b792cce652f4eb0748fbc187,ETH,phishing_drainer,scamsniffer,phishing,,
0x1fc41eb91573a055f660a55f48f8d1d8ce792e54,ETH,phishing_drainer,scamsniffer,phishing,,
0x1fcf5b541a291ed5e81948331f860ab8767595a7,ETH,phishing_drainer,scamsniffer,phishing,,
0x1fdb63ea569c37798c6b7b1cd4e2042ee694a6ba,ETH,phishing_drainer,scamsniffer,phishing,,
0x1fdeb062c5f37524c6c51d2817be6448ae3ca53a,ETH,phishing_drainer,scamsniffer,phishing,,
0x1feeb5c715def8b8eeea227739aa50a539b3d708,ETH,phishing_drainer,scamsniffer,phishing,,
0x1ff272d28d7f89455c00843f26d787b3b3245d8f,ETH,phishing_drainer,scamsniffer,phishing,,
0x20383cf611998ea0e6ce1c7a111ec104a0c557e8,ETH,phishing_drainer,scamsniffer,phishing,,
0x20416dbb736d78b4c73b8272d408928431f7fc17,ETH,phishing_drainer,scamsniffer,phishing,,
0x2042320030d7748f15350b77776144129d4c2214,ETH,phishing_drainer,scamsniffer,phishing,,
0x205670c5aba92402d1a0932b2ae31e05e85ff2c3,ETH,phishing_drainer,scamsniffer,phishing,,
0x206ee1c23937879f66885b0c7d7e9c78e576de25,ETH,phishing_drainer,scamsniffer,phishing,,
0x2071da1d9e2e6b8ef4456ef8793597e2eb79a480,ETH,phishing_drainer,scamsniffer,phishing,,
0x207d239bddd69e8ea70fe3e9babea91b7da89091,ETH,phishing_drainer,scamsniffer,phishing,,
0x208491aff6672b7a8691cfcaabc72dde80240b5b,ETH,phishing_drainer,scamsniffer,phishing,,
0x20a15509647b3daade13ecfa467a180a807b69f5,ETH,phishing_drainer,scamsniffer,phishing,,
0x20a9ff01b49cd8967cdd8081c547236eed1d1a4e,ETH,phishing_drainer,scamsniffer,phishing,,
0x20ae39ff9fb5340a2e9d737f811053d9026d0b1d,ETH,phishing_drainer,scamsniffer,phishing,,
0x20b3a9520b27d9111ea5e34165bfb4f9e78aa582,ETH,phishing_drainer,scamsniffer,phishing,,
0x20b8e1830b200d04d853a37fed45c6fd4ce0f7db,ETH,phishing_drainer,scamsniffer,phishing,,
0x20edef88a27a7632a1ccbd67b4c6675883117978,ETH,phishing_drainer,scamsniffer,phishing,,
0x20ef1664681413d9b0d705eaad72b8f2b43f8047,ETH,phishing_drainer,scamsniffer,phishing,,
0x20f3a94c940ed0f25fb9b7a6b468affce18006e7,ETH,phishing_drainer,scamsniffer,phishing,mydobermann.org,
0x2104385cc17cae4ed3a8b9500f8b1b2a22e0e8d5,ETH,phishing_drainer,scamsniffer,phishing,,
0x21189d46eb8a64b20bbf3c43800c82eaae2d8050,ETH,phishing_drainer,scamsniffer,phishing,,
0x211bda5034fa0f01948f91671d77e814c4ceab59,ETH,phishing_drainer,scamsniffer,phishing,,
0x211d826585cee8dce1f2162e63ab2655f09e555e,ETH,phishing_drainer,scamsniffer,phishing,,
0x2128b2cbf6e056cc40ec459d1c2f6d674e3a7797,ETH,phishing_drainer,scamsniffer,phishing,,
0x2130d219b0f81049d99c9d8975e04679e6aaf727,ETH,phishing_drainer,scamsniffer,phishing,,
0x213f2c908a20dd718ec92cd4c050b23315eae4c1,ETH,phishing_drainer,scamsniffer,phishing,,
0x2144f0ce790d20d31859772b2ee248a066c8525d,ETH,phishing_drainer,scamsniffer,phishing,,
0x2150080e5def17003ec8f56d71133291d72be111,ETH,phishing_drainer,scamsniffer,phishing,,
0x21541e17c6d0b12b80fad974911a4eb13a84031f,ETH,phishing_drainer,scamsniffer,phishing,,
0x215571865c74710525a334ae1c3ceddbd3ba2699,ETH,phishing_drainer,scamsniffer,phishing,,
0x2169929917e532e44b28b1aae4a9bf8eca25e6c2,ETH,phishing_drainer,scamsniffer,phishing,,
0x2170ed0880ac9a755fd29b2688956bd959f933f8,ETH,phishing_drainer,scamsniffer,phishing,binaryx.quick-mint.com,
0x218d1e63cf6f7dbe8acaf88375897cbf4f3ca39e,ETH,phishing_drainer,scamsniffer,phishing,,
0x21b764bd4bb1e1e1c8cd6f6037a13f10512939e8,ETH,phishing_drainer,scamsniffer,phishing,,
0x21bb443a8ad812dc9ffe3becc87ffda25a3dd476,ETH,phishing_drainer,scamsniffer,phishing,,
0x21c60341473f513236c7d13ea70ddda9c3922e2f,ETH,phishing_drainer,scamsniffer,phishing,,
0x21d81ae7c7ccdd9899dbd898231fbda9c036c7c5,ETH,phishing_drainer,scamsniffer,phishing,,
0x21db6de49ea397049469e16740894bed61d27a1c,ETH,phishing_drainer,scamsniffer,phishing,,
0x21f139636186b99a0d457570b6b7f24e1c38c105,ETH,phishing_drainer,scamsniffer,phishing,,
0x2204a4da8a937f02a9babc8d6a315735a44c8f08,ETH,phishing_drainer,scamsniffer,phishing,,
0x222bdfdf8bfc701e6ecf8cb72689dde0934fbb26,ETH,phishing_drainer,scamsniffer,phishing,,
0x22359070103de90af7b51688aeacda5c4d0173df,ETH,phishing_drainer,scamsniffer,phishing,,
0x22448a2dc22bcf6ba363ed88dfd133aba74df4a9,ETH,phishing_drainer,scamsniffer,phishing,,
0x2245c6b806fea2eb59ce0ee2987e352b0b271fab,ETH,phishing_drainer,scamsniffer,phishing,,
0x224c66b54b9c05b372a4fb21e82326fb45c91134,ETH,phishing_drainer,scamsniffer,phishing,,
0x2250ee6dcd94b8f8c732d56503b23ffae79704c3,ETH,phishing_drainer,scamsniffer,phishing,,
0x2252096d66c72985e66639c344695b17bbed4192,ETH,phishing_drainer,scamsniffer,phishing,,
0x225b1e18c0f34dec22a6175594516354575b6a8b,ETH,phishing_drainer,scamsniffer,phishing,,
0x226cded9f848a046611be8ef6a393d0f6cad8f5f,ETH,phishing_drainer,scamsniffer,phishing,,
0x22714eedf31269f84c7bde6d58f0a4193ec7f15e,ETH,phishing_drainer,scamsniffer,phishing,,
0x22908e943683c3a14f909aca2f94400ed6d24614,ETH,phishing_drainer,scamsniffer,phishing,,
0x22a44ba7eb45e122b7224db77b79949e09449401,ETH,phishing_drainer,scamsniffer,phishing,,
0x22af344920a302ae1edfc8bfd10a44d395723e46,ETH,phishing_drainer,scamsniffer,phishing,,
0x22ba4c9911ff8a34668f6f2df220926116138c38,ETH,phishing_drainer,scamsniffer,phishing,,
0x22c7947ae70b8d2441c6416ec82aff677a05292a,ETH,phishing_drainer,scamsniffer,phishing,,
0x22ce2a6565a201c2c52080a512a3c84d38903603,ETH,phishing_drainer,scamsniffer,phishing,,
0x22dd67345c10140163a7cc15acca977edef3ae9e,ETH,phishing_drainer,scamsniffer,phishing,,
0x22eebd01e9d9a7d2bcd0a6a7ce2710e433f96ab0,ETH,phishing_drainer,scamsniffer,phishing,,
0x2310f36d194f317006c359b8fc4a629b2d0c8619,ETH,phishing_drainer,scamsniffer,phishing,,
0x23127838b33e68b92b9329053a2beafeda8e11c1,ETH,phishing_drainer,scamsniffer,phishing,,
0x2332f426d5ada2f3df0c02fb1775806e5ca5d2b2,ETH,phishing_drainer,scamsniffer,phishing,,
0x234ffc9b27e56817e4357d3bf7a71adc09699477,ETH,phishing_drainer,scamsniffer,phishing,,
0x2357a0b82e1ff79ec51cb98202a4ac72df8363a2,ETH,phishing_drainer,scamsniffer,phishing,,
0x236728cd8c96d839f880d277b8e996a2193f7567,ETH,phishing_drainer,scamsniffer,phishing,,
0x2380fd8b951b6d53c014bb12e8108fee36c18fdf,ETH,phishing_drainer,scamsniffer,phishing,,
0x238881de1e1a5964c55249a9edca99f8da172631,ETH,phishing_drainer,scamsniffer,phishing,,
0x2393bffe9281421e29e20b8c5c7c94f867fa2ab4,ETH,phishing_drainer,scamsniffer,phishing,,
0x23ab73dafee550e56cc6ec0fb521ffd303d09409,ETH,phishing_drainer,scamsniffer,phishing,cyberpandaclub.com,
0x23b88061b4c3e3e2fcea4dab1729a50e6617c123,ETH,phishing_drainer,scamsniffer,phishing,,
0x23d028f071faa91f16d04deb4a89a2ca49db4e50,ETH,phishing_drainer,scamsniffer,phishing,,
0x23d8e7a4c1d7fdd7c043f238cd98605a4e338c4c,ETH,phishing_drainer,scamsniffer,phishing,,
0x23e2a2d1e88bf9a7e12fb59c06e4a41bf8a7555d,ETH,phishing_drainer,scamsniffer,phishing,,
0x23eb992a1b75e59937655867ffd6b491e93bc9b7,ETH,phishing_drainer,scamsniffer,phishing,,
0x23ee07200fa49b4e1ea39ef0417efc020486206b,ETH,phishing_drainer,scamsniffer,phishing,,
0x23f84ddc0f55c339af60d8c041a102fa90ca6b28,ETH,phishing_drainer,scamsniffer,phishing,,
0x2408e38c358f1881ee18d6fe3583454ac991e70b,ETH,phishing_drainer,scamsniffer,phishing,,
0x240c2af76bafa77f190a285e6ae1d679655c2157,ETH,phishing_drainer,scamsniffer,phishing,,
0x2417c276386425466a075c50240933810d347da5,ETH,phishing_drainer,scamsniffer,phishing,,
0x242900a744e4d9d0e017db9d353a93c41f10353a,ETH,phishing_drainer,scamsniffer,phishing,,
0x2436b8836b751b9782fb090ec89d40e447e1f38b,ETH,phishing_drainer,scamsniffer,phishing,,
0x24597571b8ae3824bddd4f97ec57a18729e03da6,ETH,phishing_drainer,scamsniffer,phishing,,
0x246cede4d3bb1aed83fa3a82a3fd5dc0b7e1af3d,ETH,phishing_drainer,scamsniffer,phishing,,
0x247749ce1a5af5761b9b9d544e7af7f2dfba8759,ETH,phishing_drainer,scamsniffer,phishing,,
0x24c65fcc3e8ef57d4848d10ca1ca0372baa29c44,ETH,phishing_drainer,scamsniffer,phishing,,
0x24c7143109dae8d10e686ed98100881c413fe3f8,ETH,phishing_drainer,scamsniffer,phishing,,
0x24d2f974327cb49a6e6c56ca7d2b7993315ffb7c,ETH,phishing_drainer,scamsniffer,phishing,,
0x24dfe3492c742ecf2406f779c456a55f90902e88,ETH,phishing_drainer,scamsniffer,phishing,,
0x25026eea30835c7b99d1f8ce442cfa13ec1791b4,ETH,phishing_drainer,scamsniffer,phishing,,
0x250ce5a8d8a8f0345fb8708e0575c8ede7710c14,ETH,phishing_drainer,scamsniffer,phishing,,
0x252166461cbe83cbe69d7baf9344a74e64f5bc3f,ETH,phishing_drainer,scamsniffer,phishing,,
0x253c4444cd2b9e74e1bbb030d06679b398167dfd,ETH,phishing_drainer,scamsniffer,phishing,,
0x254a90f1ab509440dc9050095ff74f4668d76871,ETH,phishing_drainer,scamsniffer,phishing,,
0x255e330ab2e1fc73b51a5fa4c231bf4facc7642b,ETH,phishing_drainer,scamsniffer,phishing,,
0x2572e3946e083b6ca84b55d787fa2716cf516c22,ETH,phishing_drainer,scamsniffer,phishing,,
0x257dc415b7e177513d3d994f928f1bb9e7b55327,ETH,phishing_drainer,scamsniffer,phishing,,
0x258317cdecf0a97021176b54a4777503880ee2cd,ETH,phishing_drainer,scamsniffer,phishing,,
0x25afd896df84b5f0f6f163c954823398031f9d0a,ETH,phishing_drainer,scamsniffer,phishing,,
0x25c38437c1031888d4ca5a65826bb17bb06f140e,ETH,phishing_drainer,scamsniffer,phishing,,
0x25d34ce16bab70c38dc0ca46b745d54b7a36cfac,ETH,phishing_drainer,scamsniffer,phishing,,
0x25dc40a73a085dbb32b7f4ed1998c610c218d5e9,ETH,phishing_drainer,scamsniffer,phishing,,
0x25e63acb56dc30f812dd7b564e39194613cf76bb,ETH,phishing_drainer,scamsniffer,phishing,,
0x25edab152cf8680ce982c303016cfa953de5fb51,ETH,phishing_drainer,scamsniffer,phishing,,
0x25f97d4d4515e06ee6475af3134cc79a0ab00028,ETH,phishing_drainer,scamsniffer,phishing,,
0x2603274dd8d851d0015427fbca30cdee77171c05,ETH,phishing_drainer,scamsniffer,phishing,,
0x26065a4c4d39fc4662fac683a6d1059697b792ab,ETH,phishing_drainer,scamsniffer,phishing,,
0x26266a30b61772b5f34550118a2e4decfea1e092,ETH,phishing_drainer,scamsniffer,phishing,,
0x264363cfcd1ec5a0232558a41c560903d6a883b6,ETH,phishing_drainer,scamsniffer,phishing,,
0x26538ce2b878b022e728fab851ed8beb1eac382f,ETH,phishing_drainer,scamsniffer,phishing,,
0x26562a726e3dea7a04e16dad37cf60137e8d53ed,ETH,phishing_drainer,scamsniffer,phishing,,
0x265af8077c200bcbb30d8e33c3ecc869fef0899a,ETH,phishing_drainer,scamsniffer,phishing,,
0x265f041f10061f063860a186343373838dcae977,ETH,phishing_drainer,scamsniffer,phishing,,
0x2663750edc47594439f4f18fc95d8f69f6b54e21,ETH,phishing_drainer,scamsniffer,phishing,,
0x268dbf85f73732460eb47cfeb067d9e49be49aca,ETH,phishing_drainer,scamsniffer,phishing,,
0x2691391e21c61912bd4c6a690b51bb5789769c7d,ETH,phishing_drainer,scamsniffer,phishing,,
0x2699942b9edca772624cc9ec95ae0725d2708fb3,ETH,phishing_drainer,scamsniffer,phishing,,
0x26a71c85d41c0eddb65c10de4f290b405b47dc2b,ETH,phishing_drainer,scamsniffer,phishing,,
0x26b36d2e8f39d853d89ab99962bcfc65da7087e3,ETH,phishing_drainer,scamsniffer,phishing,,
0x26b9b5d0a0e3a8df527bd80453a88c64566799e1,ETH,phishing_drainer,scamsniffer,phishing,,
0x26bc6456424b324d9ad14e95c5c43c2d32f02cb4,ETH,phishing_drainer,scamsniffer,phishing,,
0x26bc917f6b1a162895b28a92b4a7c17da772c1d9,ETH,phishing_drainer,scamsniffer,phishing,,
0x26d4b835049efc36c94685a4e19e9b9fc75f075a,ETH,phishing_drainer,scamsniffer,phishing,,
0x26f47448b9153001b550dc784fae836636ef2fd4,ETH,phishing_drainer,scamsniffer,phishing,,
0x26fdbbe0fdc5d49729189fe45b9f140a8f05e26b,ETH,phishing_drainer,scamsniffer,phishing,,
0x270ec8226a9a3ee41433426092906bc8025b1b92,ETH,phishing_drainer,scamsniffer,phishing,,
0x272c5fb458d612a1e5160a0420a6098f072b13cd,ETH,phishing_drainer,scamsniffer,phishing,,
0x272cbc2f61d1cc48a3c86bd229ed02c194004c5a,ETH,phishing_drainer,scamsniffer,phishing,,
0x274d0b9b9c2d731f08f368c9d4726575d454575f,ETH,phishing_drainer,scamsniffer,phishing,,
0x275dc929ad70dc35e9ccffb476d2f7e3e567aabf,ETH,phishing_drainer,scamsniffer,phishing,,
0x276c094b89367eefad5f3a8545e692cf8a7512e8,ETH,phishing_drainer,scamsniffer,phishing,,
0x276ca1b5b8d8dc239dfdc3f9c69121050d460d4d,ETH,phishing_drainer,scamsniffer,phishing,,
0x276dd3c5eee07d17495fdffafecbbc6feb059a9a,ETH,phishing_drainer,scamsniffer,phishing,,
0x279d600b1e0880cf395dff081dae9e05b5906505,ETH,phishing_drainer,scamsniffer,phishing,,
0x27a2778c60efae6b4bc0d7521fbf05f724f8dc3d,ETH,phishing_drainer,scamsniffer,phishing,,
0x27c6cb2af57f66be3337eee05efe1d6e14017438,ETH,phishing_drainer,scamsniffer,phishing,,
0x27e99f47c67979e6e29696296080e80b80ee3273,ETH,phishing_drainer,scamsniffer,phishing,,
0x27f002a4bd1e3f931c13c2930aaf71fdcaca97d6,ETH,phishing_drainer,scamsniffer,phishing,,
0x27f9b0a88271c83e729ef799b8dd0f805e71880f,ETH,phishing_drainer,scamsniffer,phishing,,
0x27fb936de36c9d226ac32314dca4c354fa794a36,ETH,phishing_drainer,scamsniffer,phishing,,
0x281b9af991dbda430d000a020fa7526f1d4183f2,ETH,phishing_drainer,scamsniffer,phishing,,
0x2847d5bbe7e0851533303467d6dadfdf4fcdc619,ETH,phishing_drainer,scamsniffer,phishing,,
0x2851ee90120f19619810c0edbc9ee18d4f96214d,ETH,phishing_drainer,scamsniffer,phishing,,
0x2868e4e6939f0e3e01142f8b702a1685b382f917,ETH,phishing_drainer,scamsniffer,phishing,,
0x286dfa2668390be81a1c5aa3b4bafa3313058203,ETH,phishing_drainer,scamsniffer,phishing,,
0x288313bd6b368a85da49a9b2b175b1aa76521293,ETH,phishing_drainer,scamsniffer,phishing,,
0x2892da634fbc372b07439d43b85bdaba888bf994,ETH,phishing_drainer,scamsniffer,phishing,,
0x289a94694bbd7d1441cbc51ab9be0ae5997e0c75,ETH,phishing_drainer,scamsniffer,phishing,,
0x28b02b4125799d48872ffb26a7c47762799dfbe1,ETH,phishing_drainer,scamsniffer,phishing,,
0x28b0553c6a183c61245333ae3513689fce0ac15a,ETH,phishing_drainer,scamsniffer,phishing,,
0x28c01a5340e5600581467227a431096839589fb8,ETH,phishing_drainer,scamsniffer,phishing,,
0x28c8d8709a341713bddb3f555de4ef4448e064dd,ETH,phishing_drainer,scamsniffer,phishing,,
0x28cc91709cf08fc5d879ee4ccf2b5986a87dc05b,ETH,phishing_drainer,scamsniffer,phishing,,
0x28d8f1379125a6240768b14757c09c8824356527,ETH,phishing_drainer,scamsniffer,phishing,,
0x28e98c1e00dfe4d0fd9c4a4bba55db2730a22a29,ETH,phishing_drainer,scamsniffer,phishing,,
0x28f372e2031d43159c3a0015cda0ae739c6ebc31,ETH,phishing_drainer,scamsniffer,phishing,,
0x28f3da79570b7a1520bf22bd95bff3677464e4a3,ETH,phishing_drainer,scamsniffer,phishing,,
0x28fa22184f3748e116b9288d236b267466a3a017,ETH,phishing_drainer,scamsniffer,phishing,,
0x28fb40e38715c50b2666f723503f1b5547add20c,ETH,phishing_drainer,scamsniffer,phishing,,
0x28fde71d85d5d8145c33313397068b399a04117e,ETH,phishing_drainer,scamsniffer,phishing,,
0x29052d47e359b6a339d8ad586951ad461b8556dd,ETH,phishing_drainer,scamsniffer,phishing,,
0x290a62556e90c96be45bd5f070318b83b14d5c86,ETH,phishing_drainer,scamsniffer,phishing,,
0x2914724c98050eec49a06e072bf305911fbfbf9f,ETH,phishing_drainer,scamsniffer,phishing,,
0x291825a139fca1b17f1eb690a5afc913cb8211dc,ETH,phishing_drainer,scamsniffer,phishing,,
0x291c4492d3438e84ac29f928787dbcf4cd7a0ea6,ETH,phishing_drainer,scamsniffer,phishing,,
0x2931ba7494123213a1eab3bc9298ea07730ab41b,ETH,phishing_drainer,scamsniffer,phishing,,
0x29748c4b57f4c97a7dc19c9149d52a9d497627b8,ETH,phishing_drainer,scamsniffer,phishing,,
0x2977630140ca9885ab8d721d6f1d8dcb95c77e46,ETH,phishing_drainer,scamsniffer,phishing,,
0x297df6f21837ce6ab7c24dc035753a8bfe751a8c,ETH,phishing_drainer,scamsniffer,phishing,,
0x29837f19bc2b95c31d8bb5ab612e4d761b3f64d1,ETH,phishing_drainer,scamsniffer,phishing,,
0x29a003692a4fb37fb3c780720514a0694e6704d1,ETH,phishing_drainer,scamsniffer,phishing,,
0x29a470bb2dd172340ec113ebdcc2f3ef762ab0a7,ETH,phishing_drainer,scamsniffer,phishing,,
0x29a652387f5a1a3dc111d71920e89f8cf3155596,ETH,phishing_drainer,scamsniffer,phishing,,
0x29c438d9f0e3cdea2e8b616b3726dd63dec04a51,ETH,phishing_drainer,scamsniffer,phishing,,
0x29dc991289d6ebe5a25d1444dcd83654fde67d76,ETH,phishing_drainer,scamsniffer,phishing,,
0x29ebece4633a264401042e03a2a8f568c1771182,ETH,phishing_drainer,scamsniffer,phishing,,
0x2a04306413ea36a32af1c9fac58c401bc02dd489,ETH,phishing_drainer,scamsniffer,phishing,,
0x2a1c54e408c45d701df1f4eb1de1d7006322d64c,ETH,phishing_drainer,scamsniffer,phishing,,
0x2a2c35adbeb59f618c26af2eaa8dd58e130957b0,ETH,phishing_drainer,scamsniffer,phishing,,
0x2a317780e3b7ba92c44e6d369707d9d699428f36,ETH,phishing_drainer,scamsniffer,phishing,,
0x2a355cf7aea729fd38e523bd4eedfe48a1b07e32,ETH,phishing_drainer,scamsniffer,phishing,,
0x2a43a1da40d5b0821614bffad0fbfb4183b08a18,ETH,phishing_drainer,scamsniffer,phishing,,
0x2a600ef923b1b5c2d2e916164bcc43ad3c5c0e13,ETH,phishing_drainer,scamsniffer,phishing,,
0x2a690d71992b423267e8ab0f0607b1e5d06949d2,ETH,phishing_drainer,scamsniffer,phishing,,
0x2a6e22bb5ad7540b662e4e4e8020a9c6f6e40143,ETH,phishing_drainer,scamsniffer,phishing,,
0x2a7269050d6f5f134a0988e7b83286b2ee035c20,ETH,phishing_drainer,scamsniffer,phishing,,
0x2a8ab71020b7c077673cde2572114361231c9297,ETH,phishing_drainer,scamsniffer,phishing,,
0x2a9401806230c01b8c23f2edd87c083f3acf8c63,ETH,phishing_drainer,scamsniffer,phishing,,
0x2aa1b5abd060c5ec1078cc201fa168f41c12e6db,ETH,phishing_drainer,scamsniffer,phishing,,
0x2aaabdf45bf223283d4bca613c848a11642aee64,ETH,phishing_drainer,scamsniffer,phishing,,
0x2acbc10f6af960d02b4907e9fec5ea259b038e16,ETH,phishing_drainer,scamsniffer,phishing,,
0x2ad0875e63116e96eec7c4d38a726457b628dd68,ETH,phishing_drainer,scamsniffer,phishing,,
0x2ae59d8c9aaff64a1464fba5d083e56a93b4d9ac,ETH,phishing_drainer,scamsniffer,phishing,,
0x2af486e6b2a02a12d70973eece5ad43af7892299,ETH,phishing_drainer,scamsniffer,phishing,,
0x2b09b640c4722597d071bd5f7296511324826190,ETH,phishing_drainer,scamsniffer,phishing,,
0x2b0f3dee3e5b362c67953e7a3aea36b3b74c9c9d,ETH,phishing_drainer,scamsniffer,phishing,,
0x2b22480ce770600333b99e86f06b4245ef21df0a,ETH,phishing_drainer,scamsniffer,phishing,,
0x2b22d1256fbffed294c83624c08a79d63be13a12,ETH,phishing_drainer,scamsniffer,phishing,,
0x2b48ccb32c9544dbd221ab573720b1f03d24ae63,ETH,phishing_drainer,scamsniffer,phishing,,
0x2b5410b12ddaf243872d3b81fd6e457fd1713c4a,ETH,phishing_drainer,scamsniffer,phishing,,
0x2b541be367cedde85dbf1d66ad503112060b6fc9,ETH,phishing_drainer,scamsniffer,phishing,,
0x2b5d947dd955df7c2b09f849b1a5d634375ea32e,ETH,phishing_drainer,scamsniffer,phishing,,
0x2b6931468a3fd7ec759172bda58ed96d9307056d,ETH,phishing_drainer,scamsniffer,phishing,,
0x2b82e507084b2d2dd877af237ad4720e028acfd0,ETH,phishing_drainer,scamsniffer,phishing,,
0x2ba48341ec5d41e4c40d930c7e3b057bea6146b9,ETH,phishing_drainer,scamsniffer,phishing,,
0x2baf7f2e4251cdbd402a9fa1a092156ea17819a9,ETH,phishing_drainer,scamsniffer,phishing,,
0x2bbc6c0827663dc05d5c63ffd05eb624b9edd8b9,ETH,phishing_drainer,scamsniffer,phishing,,
0x2bccf77ec6b6cda8fc6112745a2f481b2e475318,ETH,phishing_drainer,scamsniffer,phishing,,
0x2be45e89c0e51f1101335bf71d9fcc82abd1b0ca,ETH,phishing_drainer,scamsniffer,phishing,,
0x2beb5c5b5e39da712b5bf0eec7a57e8ae629bf8d,ETH,phishing_drainer,scamsniffer,phishing,,
0x2bf9f2d5a87e08d1118100d85cf744e3b48ea73f,ETH,phishing_drainer,scamsniffer,phishing,,
0x2bfa09f6c2f7bace069c53cdee35a50eaa5efb90,ETH,phishing_drainer,scamsniffer,phishing,,
0x2bffe9b1a8656b1e9d13a2d747dd77aea891a8d8,ETH,phishing_drainer,scamsniffer,phishing,,
0x2c06fd6fd916fb85974d6209817af06accf546b9,ETH,phishing_drainer,scamsniffer,phishing,,
0x2c093fa8d0ea1f646c0a77d7a0e31494429f8822,ETH,phishing_drainer,scamsniffer,phishing,,
0x2c2595c95c54ca39ee54842f9765d7d4514b6a89,ETH,phishing_drainer,scamsniffer,phishing,,
0x2c27bf34b9320606cf4b57b65cd58af3390695ce,ETH,phishing_drainer,scamsniffer,phishing,,
0x2c3cbf1224f67a679fd70cc68af1748e10dbea86,ETH,phishing_drainer,scamsniffer,phishing,,
0x2c4b3dc748a7cebb89d8e519074284f4a0101316,ETH,phishing_drainer,scamsniffer,phishing,,
0x2c4c1fe8d25712745b8caca3525082edab9d7752,ETH,phishing_drainer,scamsniffer,phishing,,
0x2c4cdf15a8351dea5430b6c8a4e8330d84757732,ETH,phishing_drainer,scamsniffer,phishing,,
0x2c4e0b3e37c6e46304589fdc29b256e6931feea5,ETH,phishing_drainer,scamsniffer,phishing,,
0x2c5b4a35ce9ddfcc2de5f60b041c40650f35cac0,ETH,phishing_drainer,scamsniffer,phishing,,
0x2c715a9e90488e4f950b45b8daa0173c5c8aeaaf,ETH,phishing_drainer,scamsniffer,phishing,,
0x2c7a7192d7d56ac49ef885e5913225fc85a4644d,ETH,phishing_drainer,scamsniffer,phishing,,
0x2c7c2750284dd3ef6bf6ae0133aab14e3f5d5abe,ETH,phishing_drainer,scamsniffer,phishing,,
0x2c95c0db8e4d6c36d9fe8845b47d0722033fda29,ETH,phishing_drainer,scamsniffer,phishing,,
0x2cbac16b230dd3bfa0463785977ea0ef954c4bde,ETH,phishing_drainer,scamsniffer,phishing,,
0x2cebdb169fa4ff609952408d8522681c748aa3bb,ETH,phishing_drainer,scamsniffer,phishing,,
0x2cf0a6930a7f8a4156201b72b9c0a10d419e7c0b,ETH,phishing_drainer,scamsniffer,phishing,,
0x2d0b76ec82ac6cdefaa280fd65b9570bb7c733d9,ETH,phishing_drainer,scamsniffer,phishing,,
0x2d0d4214dac7424253b667d1531a1e8a369b6d03,ETH,phishing_drainer,scamsniffer,phishing,,
0x2d12df4474f9ec9e0aee2b4748c9a6e57f5cf8d0,ETH,phishing_drainer,scamsniffer,phishing,,
0x2d18120eaf5bf460a85f2691199c1c56fc84a8e9,ETH,phishing_drainer,scamsniffer,phishing,,
0x2d25719aa237cd23a214388cd8c8487c7b76dc8f,ETH,phishing_drainer,scamsniffer,phishing,,
0x2d2f33e59a2e4ac8cffc2f62ac7826d8ef45c505,ETH,phishing_drainer,scamsniffer,phishing,,
0x2d32ccc4a300f988a24a1e911b126388f4d0770d,ETH,phishing_drainer,scamsniffer,phishing,,
0x2d4073847e9ee6c251ceb6ee92ef94719ea65e0a,ETH,phishing_drainer,scamsniffer,phishing,,
0x2d488823ee2e98c6ad458d3d233d2126c7ab068d,ETH,phishing_drainer,scamsniffer,phishing,,
0x2d59c892f894201a01f79587981006cf6383ad63,ETH,phishing_drainer,scamsniffer,phishing,,
0x2d7a70cfba2409b47f1ffa98d6c0c7be374d5435,ETH,phishing_drainer,scamsniffer,phishing,,
0x2d964ca714ee9ff31c0e1cac97c335d4f8f283d4,ETH,phishing_drainer,scamsniffer,phishing,,
0x2dad9db14a5438498007f1b8c363b5ec42354e93,ETH,phishing_drainer,scamsniffer,phishing,,
0x2db79ce83bf7295b9c3010322b168ae61c83bc19,ETH,phishing_drainer,scamsniffer,phishing,,
0x2dc123983ab228359050e05e111fa18225b4ff96,ETH,phishing_drainer,scamsniffer,phishing,,
0x2dc25542ef6267396a19037f2d328cb5721880b0,ETH,phishing_drainer,scamsniffer,phishing,,
0x2dc3d8fde162cf5eddda7ed1326e9e06468a4ec0,ETH,phishing_drainer,scamsniffer,phishing,,
0x2dcadacc906b6f87751d4312be277245ec851be4,ETH,phishing_drainer,scamsniffer,phishing,,
0x2ddf89273aad5109c6849b64709d4ded6e7263ae,ETH,phishing_drainer,scamsniffer,phishing,,
0x2de302a6a045ab5340a93d83d024e7ead3131ff4,ETH,phishing_drainer,scamsniffer,phishing,,
0x2e1b0a6091223b5146d20149073697857b84b532,ETH,phishing_drainer,scamsniffer,phishing,,
0x2e24092ed31d5675ab8c7c2b7459f1ad7d241ea4,ETH,phishing_drainer,scamsniffer,phishing,,
0x2e2ffa95f5f638ba58fa2322626403218ceccb43,ETH,phishing_drainer,scamsniffer,phishing,,
0x2e375abb460194515d0614e1a7c86638b2d8bb46,ETH,phishing_drainer,scamsniffer,phishing,,
0x2e541bd6bdaf0e52f2bc000ddc483de00b5e26e5,ETH,phishing_drainer,scamsniffer,phishing,,
0x2e6b74a732e95b507c3875dc0642af977314d959,ETH,phishing_drainer,scamsniffer,phishing,,
0x2e78a697b848c0f564f8a3be246b40edddf63133,ETH,phishing_drainer,scamsniffer,phishing,,
0x2ec00718fbcfdddebeb3a4f2bbec7e82072154a9,ETH,phishing_drainer,scamsniffer,phishing,,
0x2ece57279d8a7e46fbc17506b1814a7d063df6ca,ETH,phishing_drainer,scamsniffer,phishing,www.societyofsatoshi.com,
0x2ed12fb3146cd2eac390ea73acc83f80d6020b03,ETH,phishing_drainer,scamsniffer,phishing,,
0x2ed858f2a9850fa33956e2f2598ae289622b36db,ETH,phishing_drainer,scamsniffer,phishing,,
0x2ef08e5a38d8bcdac2aeccfa6b8c1a37d064d255,ETH,phishing_drainer,scamsniffer,phishing,,
0x2f03b9f8289b4736988dcc6a4ed6c2c48d48dffb,ETH,phishing_drainer,scamsniffer,phishing,,
0x2f0aea861f481bb14756a435ff73309ae72df8ea,ETH,phishing_drainer,scamsniffer,phishing,,
0x2f1b74a151405dc653d0ae5ca3a61c60e4cce220,ETH,phishing_drainer,scamsniffer,phishing,,
0x2f29377fb2de6d5fb365ac4f0c6c389aec47b88f,ETH,phishing_drainer,scamsniffer,phishing,,
0x2f35c7983d7bd79fbab2c58c684cd050c41abba8,ETH,phishing_drainer,scamsniffer,phishing,,
0x2f3c644345aebda2ef76822b2586eadb643d68b2,ETH,phishing_drainer,scamsniffer,phishing,,
0x2f4d49f960e2b1ccf7a3eab8f58b54105e405de9,ETH,phishing_drainer,scamsniffer,phishing,,
0x2f5877ca409573c61ead90cc4e461a827957bd16,ETH,phishing_drainer,scamsniffer,phishing,,
0x2f5af1b5141a01b46d4fc46d6663ed76264a8aed,ETH,phishing_drainer,scamsniffer,phishing,,
0x2f71039339f18d2f16cccc1292ae6279568d1b68,ETH,phishing_drainer,scamsniffer,phishing,,
0x2f87c10307870edee50e91d4c6a9a4371252cdbb,ETH,phishing_drainer,scamsniffer,phishing,,
0x2fd60e518e93340906c3dff70f502efb38d07338,ETH,phishing_drainer,scamsniffer,phishing,,
0x2ffbbba4efc6d3fe976af5fb43478dc103e9558d,ETH,phishing_drainer,scamsniffer,phishing,,
0x2ffdce87e2de466348a589acb4121b476c7605a5,ETH,phishing_drainer,scamsniffer,phishing,,
0x3011630f2fe9e3494f8dd84830b00bb62c11b6c4,ETH,phishing_drainer,scamsniffer,phishing,,
0x301b926a6853112f2aaebda1e14de3bbe757b277,ETH,phishing_drainer,scamsniffer,phishing,,
0x301c711e92153b3725f5c2ff47e4903a91b865f7,ETH,phishing_drainer,scamsniffer,phishing,,
0x3043583f4c20326e00ecab4c6f765c2f1d34e4fe,ETH,phishing_drainer,scamsniffer,phishing,,
0x3062d4bc66b249e087ce59c5147d4adcc5069569,ETH,phishing_drainer,scamsniffer,phishing,,
0x307116674a0a2fdd50405d26699596c7f7d76db6,ETH,phishing_drainer,scamsniffer,phishing,,
0x30747ad91bd4b0c2aaf55bb4a1973f517485e2aa,ETH,phishing_drainer,scamsniffer,phishing,,
0x3077703aa475df9914717fe7dbabfaa9e222c716,ETH,phishing_drainer,scamsniffer,phishing,,
0x3077d47a741e41c02ed17aae329ce0af77a5c069,ETH,phishing_drainer,scamsniffer,phishing,,
0x30946151ef8d5d3c7691fd9bb28d9b293f5bbbdd,ETH,phishing_drainer,scamsniffer,phishing,,
0x309471aa5a39f311e78711de6f5806c2ca124d8a,ETH,phishing_drainer,scamsniffer,phishing,,
0x309b2e48dcd784c4111f310c64d9bd790feeed6f,ETH,phishing_drainer,scamsniffer,phishing,,
0x30a1be4c79a9674d561eff005b095765fe6a1f33,ETH,phishing_drainer,scamsniffer,phishing,,
0x30baeaec76fafd12cac260eb762d3bdb49ba4d25,ETH,phishing_drainer,scamsniffer,phishing,,
0x30bdbedee3ade2452dacaf3b52de480614bcefcb,ETH,phishing_drainer,scamsniffer,phishing,,
0x30dadfcbcf672a3be8fb67aacf001d56929ff7ea,ETH,phishing_drainer,scamsniffer,phishing,,
0x30ed9c7b70c35b7c75ce8fceef7c88cdfe21deb5,ETH,phishing_drainer,scamsniffer,phishing,,
0x30fe4fe434f49799ab72adca4fa202a622828a3e,ETH,phishing_drainer,scamsniffer,phishing,,
0x3104f72cf187d0acd059a341fc5d1894350ffeea,ETH,phishing_drainer,scamsniffer,phishing,,
0x310c0b6f012df4d5b08e47fa8e7bfc78ec88a105,ETH,phishing_drainer,scamsniffer,phishing,,
0x310fdb1ea3201ba5717bf8a4d8446c5def5aca57,ETH,phishing_drainer,scamsniffer,phishing,,
0x312c88f77ab5958c9e67c6cd6518e4e7aff22f8e,ETH,phishing_drainer,scamsniffer,phishing,,
0x31527235b2cda40955a2fcd36bb2e54a85c1499a,ETH,phishing_drainer,scamsniffer,phishing,,
0x31550495fb0d148b7f665ae7950d04aadcd81332,ETH,phishing_drainer,scamsniffer,phishing,,
0x316fc4ec66616ac27298e4803915c5048f11fb6b,ETH,phishing_drainer,scamsniffer,phishing,,
0x31c7baefa42953916e433143f0e56fb43a699c7e,ETH,phishing_drainer,scamsniffer,phishing,,
0x31cdb2d06de68ab26e9ff31a30405f3ff68e00ba,ETH,phishing_drainer,scamsniffer,phishing,,
0x31e0968a096a1e080a6f7ecc0a3f133481d04f9e,ETH,phishing_drainer,scamsniffer,phishing,,
0x31e9a05faef919617dcd337a5b14a8015e1f7e21,ETH,phishing_drainer,scamsniffer,phishing,,
0x31ec8b7864d96a2510ed2951dc0571682937256a,ETH,phishing_drainer,scamsniffer,phishing,,
0x31eeb80f47c37163d2457a1f66a1a89776e7dd47,ETH,phishing_drainer,scamsniffer,phishing,,
0x31fc98c35ff935a0730acafeb32b7cf344622dae,ETH,phishing_drainer,scamsniffer,phishing,,
0x3209512d3177a145447184f137a73755673f8340,ETH,phishing_drainer,scamsniffer,phishing,,
0x3211c7b6e42a137a53e6ff851ec3bf77a9ea4071,ETH,phishing_drainer,scamsniffer,phishing,,
0x32153e46f9f29639626056db479f54e401b47d8a,ETH,phishing_drainer,scamsniffer,phishing,,
0x321ddd97643b8a49c566eddad394075d6de09ce0,ETH,phishing_drainer,scamsniffer,phishing,,
0x321e94f85c622c6de268c33ef446f8990d0e2f05,ETH,phishing_drainer,scamsniffer,phishing,,
0x321ebf6f94acf105da4a30e794fe9991b25bffb4,ETH,phishing_drainer,scamsniffer,phishing,,
0x3221c58175f52200000000000000000000000000,ETH,phishing_drainer,scamsniffer,phishing,,
0x3226f6b6220d14171cf1b664f4581ceec5708131,ETH,phishing_drainer,scamsniffer,phishing,,
0x322ed36e9a3cc2cb2728f26d021d6abca5891921,ETH,phishing_drainer,scamsniffer,phishing,,
0x323310c07f12a6dd554057c5745296218af3d5d2,ETH,phishing_drainer,scamsniffer,phishing,,
0x323ac86588563e8176889cd47a3448e10df8a4c8,ETH,phishing_drainer,scamsniffer,phishing,,
0x3245e504d75e4148a491baac5066b0f26965567d,ETH,phishing_drainer,scamsniffer,phishing,,
0x3253e71aef7b8e181062a4b07c57fa85bf12bdd2,ETH,phishing_drainer,scamsniffer,phishing,,
0x3256e931236a9cde00901755477d7ba554b5d472,ETH,phishing_drainer,scamsniffer,phishing,donsnft.com,
0x32579485f88c817f7eb89999f9ffe4e4a4592af1,ETH,phishing_drainer,scamsniffer,phishing,,
0x326ff33d25b50ec22a2e88da81ec9ab63f84e996,ETH,phishing_drainer,scamsniffer,phishing,,
0x32c1e913bc165fefa7cb2f6f15f1671f709c9cd2,ETH,phishing_drainer,scamsniffer,phishing,,
0x32d4e198de5427bb0fc43e1cb316ecdb3ff855a7,ETH,phishing_drainer,scamsniffer,phishing,,
0x32e74b34b1189a15edf420e1c861e736502e50f5,ETH,phishing_drainer,scamsniffer,phishing,,
0x32e981224d1633e385b62e068d8c5b3ee147bbf5,ETH,phishing_drainer,scamsniffer,phishing,,
0x32f04a634811f79dd78dd7c37eaf7cfb5a772a33,ETH,phishing_drainer,scamsniffer,phishing,,
0x32f6e315809d38ad73ba9d863c4cdc2cd3116778,ETH,phishing_drainer,scamsniffer,phishing,,
0x3323b02eab01a903f9ec00fb55cd234ad4f21222,ETH,phishing_drainer,scamsniffer,phishing,,
0x3342c0e319c6703bf81363933764dccf5eceddc9,ETH,phishing_drainer,scamsniffer,phishing,,
0x33541ed384d06735db87e8763fbbe8efc3c13371,ETH,phishing_drainer,scamsniffer,phishing,,
0x335d0e52f6b98d26f8e43b0e214b91a6c88fc9e3,ETH,phishing_drainer,scamsniffer,phishing,,
0x337d91758621b5da92f01a09debffca762cc47ec,ETH,phishing_drainer,scamsniffer,phishing,,
0x337f2b17e1eff2c15745b4aaee93cbf9a9563264,ETH,phishing_drainer,scamsniffer,phishing,,
0x33994c7e78359e4c2948d8cb344dc34e472501b6,ETH,phishing_drainer,scamsniffer,phishing,,
0x339da6f230080d9653a4005b7952736b949d9081,ETH,phishing_drainer,scamsniffer,phishing,rocketlaunchpad.finance,
0x33a0a40f16ac2eb4e1721254c827f529b88cc4d1,ETH,phishing_drainer,scamsniffer,phishing,,
0x33a8d735e415ac77ef8f3c415cdbc361fb2abf3f,ETH,phishing_drainer,scamsniffer,phishing,,
0x33b0b344e8c6e0e52b4abbac0b75cb5568cd930a,ETH,phishing_drainer,scamsniffer,phishing,,
0x33bfab8729400924f8bc5989b0bb7b43b8fc6234,ETH,phishing_drainer,scamsniffer,phishing,,
0x33c31054b1d73378c08349c091e90e92654b19af,ETH,phishing_drainer,scamsniffer,phishing,,
0x33cf0150e4639893d7932acd038095370a1a24c7,ETH,phishing_drainer,scamsniffer,phishing,,
0x33cf4abcf1ce53d2056ab49759c7ab4d47e77ef8,ETH,phishing_drainer,scamsniffer,phishing,,
0x33f4eb422c4f184cdf1d0501915406adad7f616b,ETH,phishing_drainer,scamsniffer,phishing,,
0x34205b422c99c2f3ec5dac2f5cbccecd54ad6f26,ETH,phishing_drainer,scamsniffer,phishing,,
0x343c1f586ce7153c55157ec0caa9c168902c4990,ETH,phishing_drainer,scamsniffer,phishing,,
0x3450cb642ef000a087dcba926fca451b0275a6cf,ETH,phishing_drainer,scamsniffer,phishing,,
0x345d069b9d376829c5a8d3e202ac51e65a138946,ETH,phishing_drainer,scamsniffer,phishing,,
0x345e3789538cfb1d5b030cfce8ca18532c871aab,ETH,phishing_drainer,scamsniffer,phishing,,
0x3467e36c4efee76caf3aceb011e3446a30361677,ETH,phishing_drainer,scamsniffer,phishing,,
0x3474d1a1af51c12f5bb942bab325d733f84e61e1,ETH,phishing_drainer,scamsniffer,phishing,,
0x34b059980d00eee2b1c48b80ba4d3fd7c121e6f4,ETH,phishing_drainer,scamsniffer,phishing,,
0x34c3a43f3f3658a0bba42fe7ffaffe5cc498697c,ETH,phishing_drainer,scamsniffer,phishing,,
0x34c4cb81022c7e4fd25ffe48746dd6d94016b242,ETH,phishing_drainer,scamsniffer,phishing,,
0x34e99d7def1d3da235bdb9046a7ea2cebdd71eb9,ETH,phishing_drainer,scamsniffer,phishing,,
0x34f3f4ba979e177a517970e014250cab61a80529,ETH,phishing_drainer,scamsniffer,phishing,,
0x34f77aac4810a075415ba06589d8d76a14008c0f,ETH,phishing_drainer,scamsniffer,phishing,,
0x35009dcdeb4711306ac1f14ccadc025f74ed3959,ETH,phishing_drainer,scamsniffer,phishing,,
0x3527374e3fac07c10545e8d9333f34f7c4502592,ETH,phishing_drainer,scamsniffer,phishing,,
0x353d473f8b959fa7f74831b476ba9eb1a0153f16,ETH,phishing_drainer,scamsniffer,phishing,,
0x354bd558a511a32af58f965cb780f66991893470,ETH,phishing_drainer,scamsniffer,phishing,,
0x3550a5f5b55014abb76d867bd268f00a876c472d,ETH,phishing_drainer,scamsniffer,phishing,,
0x3560d356011c3b5848a79030082ce5dd9fab8abb,ETH,phishing_drainer,scamsniffer,phishing,,
0x3569563839c4e308f09122126b4fad3ecaa99999,ETH,phishing_drainer,scamsniffer,phishing,,
0x356a5177a68ed4ca5196f2fb70dc37486debebdc,ETH,phishing_drainer,scamsniffer,phishing,,
0x3581800afb65f2230b0888acfa17af054fe242ef,ETH,phishing_drainer,scamsniffer,phishing,,
0x358c52d7434f82c4d13c663cb88d277f53c2b848,ETH,phishing_drainer,scamsniffer,phishing,,
0x359a83794c778189d4124534d1456bf5d5112b5e,ETH,phishing_drainer,scamsniffer,phishing,,
0x35a3919df24ba07b6e2311926497a2303a182202,ETH,phishing_drainer,scamsniffer,phishing,,
0x35b35dc5f1f36afba2027b74ee174aa57d3b549f,ETH,phishing_drainer,scamsniffer,phishing,,
0x35bb0779a91ec4c4221d67c34b522c4fc9aa0aae,ETH,phishing_drainer,scamsniffer,phishing,,
0x35cbf3af283ab69a4c94519b499b91585a35dd97,ETH,phishing_drainer,scamsniffer,phishing,,
0x35ceb2fd6a76a8cac525f2267e5d8b84891fcf9e,ETH,phishing_drainer,scamsniffer,phishing,,
0x35db0f6125ecd21676a09bfd9edb8a0aaae4f0b5,ETH,phishing_drainer,scamsniffer,phishing,,
0x35e5720cb3de7fe55a127f4905c32cff751e5857,ETH,phishing_drainer,scamsniffer,phishing,,
0x35f4e7f393c9ba4cd8ce252977092e64a3aedaca,ETH,phishing_drainer,scamsniffer,phishing,,
0x35f6cc795c6047f915ce37197f8de7681f33e555,ETH,phishing_drainer,scamsniffer,phishing,,
0x35fc29574ce5aa3170b55414bb0b815708962c58,ETH,phishing_drainer,scamsniffer,phishing,x2y2.team,
0x36038059236fc88ecc3e42f20bb20ef11797ee6e,ETH,phishing_drainer,scamsniffer,phishing,,
0x361028b0bbbef1170480b2a08c3e74381d1ad8de,ETH,phishing_drainer,scamsniffer,phishing,,
0x3626efb26783006c97431a3a77ddc4113572a619,ETH,phishing_drainer,scamsniffer,phishing,,
0x364ce4e74a1ddd42e6f96a5ee69280e7596b0aaf,ETH,phishing_drainer,scamsniffer,phishing,etherphrock.com,
0x364f5ad9b522237fe91aa01fba18054f379eba5f,ETH,phishing_drainer,scamsniffer,phishing,,
0x36557dd9ec844e32f0ab0c41eb1226f484a81e64,ETH,phishing_drainer,scamsniffer,phishing,,
0x3659a7ad20e886ace6dc2b1cdee383c0e948595e,ETH,phishing_drainer,scamsniffer,phishing,,
0x36737241ac15590ec43e59c13607abac9fdda5ea,ETH,phishing_drainer,scamsniffer,phishing,,
0x3679d9d96a8ee227324bdfe7222618cfe2227418,ETH,phishing_drainer,scamsniffer,phishing,,
0x36886340db61bffa8ece409fc6545f035a44300e,ETH,phishing_drainer,scamsniffer,phishing,,
0x368a4d9c478d37bdec3fbd7a780ad318df5996d1,ETH,phishing_drainer,scamsniffer,phishing,,
0x369fd83cbfa4a57fe43e451b103964bd46559341,ETH,phishing_drainer,scamsniffer,phishing,,
0x36ae618b4e920048eca5f94b3220831b6e13c4fe,ETH,phishing_drainer,scamsniffer,phishing,,
0x36d5dc95503db75e8c014d2f0706f6aa1041fb40,ETH,phishing_drainer,scamsniffer,phishing,,
0x36d8d14f768ceb3c63ea4c508d393232fb75eff4,ETH,phishing_drainer,scamsniffer,phishing,,
0x36dcb078457b8a5cf71e628cf82c4a10ac85992a,ETH,phishing_drainer,scamsniffer,phishing,,
0x36f0ee52adb16837cde15ea4f7c8b38e7e0f6841,ETH,phishing_drainer,scamsniffer,phishing,,
0x370709af74256108d2dd194e36f74f53ca22e92a,ETH,phishing_drainer,scamsniffer,phishing,,
0x370942d77070da2f79f1eb67ed891326f3a112be,ETH,phishing_drainer,scamsniffer,phishing,,
0x370f16860606cc28ac8aae4b596cfd91ef57d3b7,ETH,phishing_drainer,scamsniffer,phishing,,
0x371536557bd3d368014612623f0a904411b20952,ETH,phishing_drainer,scamsniffer,phishing,,
0x37224b53e33e54b33f5651346fb2abfdb2279783,ETH,phishing_drainer,scamsniffer,phishing,,
0x372ff3f22e2ecc1fd1585d52e91dac908b57939a,ETH,phishing_drainer,scamsniffer,phishing,,
0x3745c8d913ecadda427d934ef492d5a309cb0ee9,ETH,phishing_drainer,scamsniffer,phishing,,
0x375500a341863d39bfb1fb766786b4c2d69c9e39,ETH,phishing_drainer,scamsniffer,phishing,,
0x3772d3d3863de286ed03ee29f906dec63a13033d,ETH,phishing_drainer,scamsniffer,phishing,,
0x37786b60845b0f301648e23053b676eb92aec322,ETH,phishing_drainer,scamsniffer,phishing,,
0x377dd12ee5be89d6f8bfa9a69825095e8efbe38e,ETH,phishing_drainer,scamsniffer,phishing,,
0x3783a3683fbdbf3c129310e24d0962ce98314f8f,ETH,phishing_drainer,scamsniffer,phishing,,
0x3789c8e51107f259fce329ad5be309bf7a60c31b,ETH,phishing_drainer,scamsniffer,phishing,,
0x378f9365011fb9b45e7a5db45abda6654ed931af,ETH,phishing_drainer,scamsniffer,phishing,,
0x379f983f9edba3a4b5055325467000f26df6cc43,ETH,phishing_drainer,scamsniffer,phishing,,
0x37a18143a26d4665cd9860a45cbda99a2c5319e2,ETH,phishing_drainer,scamsniffer,phishing,,
0x37a51fd428bc37d5a3be6c43b32446c602c1983b,ETH,phishing_drainer,scamsniffer,phishing,,
0x37c47761117b2d76fa1ea5aef851adb9d87a89c3,ETH,phishing_drainer,scamsniffer,phishing,,
0x37d0127960ba6cd04d1db008316ef6f410b9fb61,ETH,phishing_drainer,scamsniffer,phishing,,
0x37ef7caef1057b0781d6c1240656b0e3fd14221a,ETH,phishing_drainer,scamsniffer,phishing,,
0x37f69728d93ff97f1414035f6b4af7a12c1ae5a9,ETH,phishing_drainer,scamsniffer,phishing,,
0x3804d8a14b6a2bdcf3ecace58d713dc783a8f2de,ETH,phishing_drainer,scamsniffer,phishing,,
0x380dcded7e65d9752f9fb3ae15fb769b9fd32561,ETH,phishing_drainer,scamsniffer,phishing,,
0x381ae774b706f156c6ff0f47ab5adaf5cceaf2b6,ETH,phishing_drainer,scamsniffer,phishing,,
0x382db28647a73836b73f9bc1634d163ab8cac7a5,ETH,phishing_drainer,scamsniffer,phishing,,
0x38313c0668c897b6d591a69e0a9fdc9305e67b55,ETH,phishing_drainer,scamsniffer,phishing,,
0x384df6bab7acf51803da122357e10f8d2172f233,ETH,phishing_drainer,scamsniffer,phishing,,
0x3853e3e1c2138f78ea3043f094be1230d59f441c,ETH,phishing_drainer,scamsniffer,phishing,,
0x38675922f69a15f64933522087d133a2d0bfa245,ETH,phishing_drainer,scamsniffer,phishing,,
0x386a4a362954a3962768ed9726a0ce3a403d1d32,ETH,phishing_drainer,scamsniffer,phishing,,
0x3884e1b6ef34764526eacb581a8ba35841c1f263,ETH,phishing_drainer,scamsniffer,phishing,,
0x388d455fca14cf278d614fe3cbb59e9656c7dc96,ETH,phishing_drainer,scamsniffer,phishing,,
0x3895c7e8c65c4ad1102e16689a9f83b56bc67c14,ETH,phishing_drainer,scamsniffer,phishing,,
0x38962f6d24d334d025282655109c38a76b930f02,ETH,phishing_drainer,scamsniffer,phishing,,
0x38a18307fdfe3f2ad5377b674ab65b539d9d6461,ETH,phishing_drainer,scamsniffer,phishing,,
0x38b00b0b025f2365def28e37439e255307b055a7,ETH,phishing_drainer,scamsniffer,phishing,,
0x38d557348c80d95fdae5945b268dc1585d66685e,ETH,phishing_drainer,scamsniffer,phishing,,
0x38d6301a3aff6d618acb74e4b9a90f4b3ac8b1c8,ETH,phishing_drainer,scamsniffer,phishing,,
0x38e45cbd710cd9c170a428cf0191cdcbcdc8ac06,ETH,phishing_drainer,scamsniffer,phishing,,
0x38f4bd345108c65f39f42c34d7f29884239e8cdf,ETH,phishing_drainer,scamsniffer,phishing,,
0x3900e1260181525236d2aea70894ff21e8f6d1c9,ETH,phishing_drainer,scamsniffer,phishing,,
0x39195bae82d9f492130ce8b4be6a2c1bf5c056e4,ETH,phishing_drainer,scamsniffer,phishing,,
0x391da521dfffaaafde113f8ea006194a76d352f4,ETH,phishing_drainer,scamsniffer,phishing,,
0x392054abfd4054aed7c151299da7b2171a11db35,ETH,phishing_drainer,scamsniffer,phishing,,
0x3944fb2e694f59129dd6531a0cd1f8c760dd0385,ETH,phishing_drainer,scamsniffer,phishing,,
0x39450486bfd3c9ec296016df9ebe64d159e60621,ETH,phishing_drainer,scamsniffer,phishing,,
0x394a5a96ccc9796ca11b96d3072f05203c8df3d2,ETH,phishing_drainer,scamsniffer,phishing,,
0x3951d8186bf618c69228c85c7ba5b5e972d8d448,ETH,phishing_drainer,scamsniffer,phishing,,
0x395672e235e31b5fbc6f16ea0fc0e7010439d794,ETH,phishing_drainer,scamsniffer,phishing,,
0x3960cb07da47a2e8634f549842db24ee4b402ee7,ETH,phishing_drainer,scamsniffer,phishing,,
0x396706017c7d9115a1db0debc96d00e4771bf66b,ETH,phishing_drainer,scamsniffer,phishing,,
0x396a0eb8cfc070d7c29ae0d62f885c07e6e0c450,ETH,phishing_drainer,scamsniffer,phishing,,
0x398e98b7c19db2f5df086eb4f83624146aa1ab53,ETH,phishing_drainer,scamsniffer,phishing,,
0x39a69185309b8b8cba4a90b94e4400bc94237dfb,ETH,phishing_drainer,scamsniffer,phishing,,
0x39aa7cd4b942a79d8dee5240bee3a935046815e0,ETH,phishing_drainer,scamsniffer,phishing,,
0x39b6c80d095bec0323f94070f27e617f03ca4e53,ETH,phishing_drainer,scamsniffer,phishing,,
0x39bc02af76ca261b9bc1ff9bf54696d79ffff059,ETH,phishing_drainer,scamsniffer,phishing,,
0x39bd1eaad1cfb9028e168cf53b38c1bd4d89c040,ETH,phishing_drainer,scamsniffer,phishing,,
0x39c377cfc8f0bca9ec40a0093d9b6703c748f82e,ETH,phishing_drainer,scamsniffer,phishing,,
0x39cdf7435967d1ec2b1c0b47e320293eaf2debd0,ETH,phishing_drainer,scamsniffer,phishing,,
0x39d5b7fbc06c1b73029e6c7a639e599725ca1cb3,ETH,phishing_drainer,scamsniffer,phishing,,
0x39d87d4791abb9c027ac28e75675a566e88f6509,ETH,phishing_drainer,scamsniffer,phishing,,
0x39e5efbf80a074cd0656599753b04ee616b15d7b,ETH,phishing_drainer,scamsniffer,phishing,,
0x39e8554bc14b4709827b117eba728e6fc0f4121e,ETH,phishing_drainer,scamsniffer,phishing,,
0x39ef68fea5b33d0aeaa5b0598a7109853c0a1dfd,ETH,phishing_drainer,scamsniffer,phishing,,
0x39f954c8674009e4bd03c4afb36ccaf1732d3f7b,ETH,phishing_drainer,scamsniffer,phishing,,
0x3a0581cca42427fe9319c13c56df3a6e16dd7d71,ETH,phishing_drainer,scamsniffer,phishing,,
0x3a05a5fe107500c26d550d2420249afee98b1b54,ETH,phishing_drainer,scamsniffer,phishing,,
0x3a156d5f158d77c0df74ee6be8fe423a59e92997,ETH,phishing_drainer,scamsniffer,phishing,,
0x3a1d12c5452877c764e241284b30ea93c4bd2b19,ETH,phishing_drainer,scamsniffer,phishing,,
0x3a3542d6997cd357e1b1044490a3ed164946dded,ETH,phishing_drainer,scamsniffer,phishing,,
0x3a3aad9a6f72b1bb30525c8c03ecd9d24c1c4211,ETH,phishing_drainer,scamsniffer,phishing,,
0x3a4e46aa64ae9159e12ec5d42cafb24cbcd73bfe,ETH,phishing_drainer,scamsniffer,phishing,,
0x3a5756fff53f55d2437824fc1a59f27231f36252,ETH,phishing_drainer,scamsniffer,phishing,,
0x3a5ca6284905c3e1965cd80ee9aba773f79cf517,ETH,phishing_drainer,scamsniffer,phishing,,
0x3a7e3e5035d97ce550f4fdbf81a097cbeda00468,ETH,phishing_drainer,scamsniffer,phishing,,
0x3a8cee422dfb7f53309e1f477a75d22a172c4231,ETH,phishing_drainer,scamsniffer,phishing,,
0x3a8ea70cf1cd077f488d4597304613bc4a3b04e6,ETH,phishing_drainer,scamsniffer,phishing,,
0x3aa87091093b59377329c5765187d1a98a6ed979,ETH,phishing_drainer,scamsniffer,phishing,,
0x3acb5bdb4e844cf2fe1f4ffcfc207b7094846db7,ETH,phishing_drainer,scamsniffer,phishing,,
0x3acf56faf4eae119fd5469bd16231aaac691cb1a,ETH,phishing_drainer,scamsniffer,phishing,,
0x3ad36e84164a5bc5419008bdb9504224bbfcf864,ETH,phishing_drainer,scamsniffer,phishing,,
0x3adef38159b332c279bc8cf4957a93b64e369115,ETH,phishing_drainer,scamsniffer,phishing,,
0x3afa83bfed6cb8a57941a17608fa8f1e01c20e13,ETH,phishing_drainer,scamsniffer,phishing,,
0x3b1a151b7aaa2e038b45bbe8460395c395fb072e,ETH,phishing_drainer,scamsniffer,phishing,,
0x3b24c38e9e9967c678199d6ee5402b367d984c21,ETH,phishing_drainer,scamsniffer,phishing,,
0x3b37e90a131d8c531903bf16d005254345677d04,ETH,phishing_drainer,scamsniffer,phishing,,
0x3b506006b327d728ab73fe3a8d6885cb6c98c100,ETH,phishing_drainer,scamsniffer,phishing,,
0x3b8901778ffef35c21d524dc8e83af49b287ca02,ETH,phishing_drainer,scamsniffer,phishing,,
0x3bc88cd2fbd56a9d889408e6bdce1bf1c29e3fe9,ETH,phishing_drainer,scamsniffer,phishing,,
0x3bde96f61cec53e760456ad1f7bcc37e9da1e4b1,ETH,phishing_drainer,scamsniffer,phishing,,
0x3bf198cbdcfc48c16423987f63ba453f7ae04af8,ETH,phishing_drainer,scamsniffer,phishing,,
0x3c05f47308eec291b113a85ad448269d9cd4680e,ETH,phishing_drainer,scamsniffer,phishing,,
0x3c2cb71cc219f30a1c1840addd084bab5e31f8bb,ETH,phishing_drainer,scamsniffer,phishing,,
0x3c3d30ea33d4077b4d9fff1d942f5fb9da493277,ETH,phishing_drainer,scamsniffer,phishing,,
0x3c4084ad4b266d67ff8ffbc7178b6f89f3ba2e08,ETH,phishing_drainer,scamsniffer,phishing,,
0x3c41e890ba611c7f76cae52ffd75a89de4aa36e8,ETH,phishing_drainer,scamsniffer,phishing,,
0x3c45781b07bf143dbfb4d9da18cb9228d1d6f22c,ETH,phishing_drainer,scamsniffer,phishing,,
0x3c483190eb626490e78e88479fcb5fc5f30069f4,ETH,phishing_drainer,scamsniffer,phishing,,
0x3c49b6b5f5fb98a039b9f20c6b1b6cfca70b525d,ETH,phishing_drainer,scamsniffer,phishing,,
0x3c4d11b383ed6b003d0b8361bd9d51a647f03d08,ETH,phishing_drainer,scamsniffer,phishing,,
0x3c6bab999cfe6412645f996fc36d8033ce85f7da,ETH,phishing_drainer,scamsniffer,phishing,,
0x3c6e151577903cb995baf4583fe4247dc2c2b751,ETH,phishing_drainer,scamsniffer,phishing,,
0x3c9f8719553e5689285b989091f44f2de5f46f3c,ETH,phishing_drainer,scamsniffer,phishing,,
0x3cb5650599ebfe4e96f94770d49bbe76bdec4cca,ETH,phishing_drainer,scamsniffer,phishing,,
0x3cb91f6d0d14a6603cd0bcf867df6ccc1821adb8,ETH,phishing_drainer,scamsniffer,phishing,,
0x3cca40ac2a62aceefdfef11f821817ba56ef7b49,ETH,phishing_drainer,scamsniffer,phishing,,
0x3cd2fa0b3abe65a3d5a9ecfac8275592f090fe85,ETH,phishing_drainer,scamsniffer,phishing,,
0x3cd3f086098421642b7b7f8021467624f721b85d,ETH,phishing_drainer,scamsniffer,phishing,,
0x3ce76ba7600b535bc2d7821c5f6688873f383c1d,ETH,phishing_drainer,scamsniffer,phishing,,
0x3ceef594d46f605e22ffd3372bfac7131a736d43,ETH,phishing_drainer,scamsniffer,phishing,,
0x3cf5d4b5c8df4352fece25fc848a65a280928acb,ETH,phishing_drainer,scamsniffer,phishing,,
0x3cfe129cb3e390ba437b64e2ab2e734a3c2546a9,ETH,phishing_drainer,scamsniffer,phishing,,
0x3d053f8c62666b6553c61d0236c9010f6a9edb9f,ETH,phishing_drainer,scamsniffer,phishing,,
0x3d0c7258445018fa9039d20efce80ed1825fe838,ETH,phishing_drainer,scamsniffer,phishing,,
0x3d0f21eafa298177a4903973ddee69f01cbfe8c6,ETH,phishing_drainer,scamsniffer,phishing,,
0x3d2c2d7793e3a6bf178108b405b32ed2f5a21d90,ETH,phishing_drainer,scamsniffer,phishing,,
0x3d4442004fc62d0250af3289715df91b2cd0de7f,ETH,phishing_drainer,scamsniffer,phishing,,
0x3d459f85be2493a31bcc44659ca3c7379793f448,ETH,phishing_drainer,scamsniffer,phishing,,
0x3d5caa927ebf2c08bd32e350c0d5783334b9800e,ETH,phishing_drainer,scamsniffer,phishing,,
0x3d90d8ef295a486605172aea882685bbb371376f,ETH,phishing_drainer,scamsniffer,phishing,,
0x3da02e1f29bcbed185eca0d3299efd46e6e7e155,ETH,phishing_drainer,scamsniffer,phishing,,
0x3da336601df9dccb0203f57922c919649a8981d8,ETH,phishing_drainer,scamsniffer,phishing,,
0x3da9233e09ef99593cda1af5d76254fb50d9822a,ETH,phishing_drainer,scamsniffer,phishing,,
0x3db13d1a4cb7b668a253cf79e74ebd41348cc0bc,ETH,phishing_drainer,scamsniffer,phishing,,
0x3dc0e3bdf9c02530042d5151fefb29bc9740bb9a,ETH,phishing_drainer,scamsniffer,phishing,,
0x3dc1d083b166cbfc0421400a94626ba7cef21056,ETH,phishing_drainer,scamsniffer,phishing,,
0x3de34a1fd5c088821aa1a03f0f2284af9bff8b37,ETH,phishing_drainer,scamsniffer,phishing,,
0x3de3df0de78de784918291389cb7bc4c7dccc873,ETH,phishing_drainer,scamsniffer,phishing,,
0x3e01d25c381758f1ea9cca3344b5f12c0b4e6177,ETH,phishing_drainer,scamsniffer,phishing,,
0x3e1b1bf9ab7d3285ba19cd2379317b0b54cfd750,ETH,phishing_drainer,scamsniffer,phishing,,
0x3e20ee84f70a10b775f73786e9270759a74eb5b9,ETH,phishing_drainer,scamsniffer,phishing,,
0x3e23ef8428466d16041d1a5b2502c39dfc2ffb4b,ETH,phishing_drainer,scamsniffer,phishing,,
0x3e29dd94f4a128c551cd3750284a26ace7d56b80,ETH,phishing_drainer,scamsniffer,phishing,ezekclub.net,
0x3e2c915c66470472e69e2a629ce4d177c2a4d081,ETH,phishing_drainer,scamsniffer,phishing,,
0x3e47c99c784e681b6a9b84d5ddd039a4b52eaf8d,ETH,phishing_drainer,scamsniffer,phishing,,
0x3e54a1fcd9c45e9de7520282b64bb3f8e319aa94,ETH,phishing_drainer,scamsniffer,phishing,,
0x3e5debef799daf2e7d92dfc329304d6bbe16694a,ETH,phishing_drainer,scamsniffer,phishing,,
0x3e6b8c50c1df8a9760153cacc9b1624e62204658,ETH,phishing_drainer,scamsniffer,phishing,,
0x3e6c44a21b11a4411d5242f7c5e26518732b163e,ETH,phishing_drainer,scamsniffer,phishing,,
0x3e79c5266d01791481d4c7041f1b0acf3b448076,ETH,phishing_drainer,scamsniffer,phishing,,
0x3e89fc2d63934216e50a8e67c621bc09b69e08d0,ETH,phishing_drainer,scamsniffer,phishing,,
0x3e8b21fd752f0dd2d410c8538200bd71e06000fd,ETH,phishing_drainer,scamsniffer,phishing,,
0x3ea0a4a663a00a9f17f8238c78087b8e51ffd94f,ETH,phishing_drainer,scamsniffer,phishing,,
0x3eb30fb34f1d5417298159418790ead96fd48bd1,ETH,phishing_drainer,scamsniffer,phishing,,
0x3ec7733f00dd000da3ea37e68ae379d4382f471c,ETH,phishing_drainer,scamsniffer,phishing,,
0x3ecd1df0c3a85d8ef8cfd48f163306ae0a74b4d9,ETH,phishing_drainer,scamsniffer,phishing,thesaudisnfts.art,
0x3ed51228140dc85661c4a4b305b9855474557c4c,ETH,phishing_drainer,scamsniffer,phishing,,
0x3eda48190cbd6511b00ae771802202b4039896b5,ETH,phishing_drainer,scamsniffer,phishing,,
0x3f0e8aa10346d31cc3e6ff12ff4b480fff6eca51,ETH,phishing_drainer,scamsniffer,phishing,,
0x3f115b7d4311795a4dbc62bd3532e0bbc6f81d3d,ETH,phishing_drainer,scamsniffer,phishing,vandalcitycorps.com,
0x3f31af53e7dbfc329107b8dbbb4a359d1182753a,ETH,phishing_drainer,scamsniffer,phishing,,
0x3f3e65ce32ea4ddcca80ceef92d6199d5b3ca814,ETH,phishing_drainer,scamsniffer,phishing,,
0x3f441b870ab4bf3e2f7241cd34c72ce09dc726e9,ETH,phishing_drainer,scamsniffer,phishing,,
0x3f47cbccda187733b72ebc8b2a9d3d215f82ab78,ETH,phishing_drainer,scamsniffer,phishing,,
0x3f528fe76cb1081e85bf181c1605c23cc40bd024,ETH,phishing_drainer,scamsniffer,phishing,,
0x3f64d6c087e6e226e45ee868950fe6441ad4e1d9,ETH,phishing_drainer,scamsniffer,phishing,,
0x3f6a7447c5a5fa69fc7109a7756ffdc8043553b6,ETH,phishing_drainer,scamsniffer,phishing,,
0x3f6f98c4c56db864e7357474f9e84c6b6af32589,ETH,phishing_drainer,scamsniffer,phishing,,
0x3f72b979dc53bede7fe26e2d70260d4af3b673a0,ETH,phishing_drainer,scamsniffer,phishing,,
0x3fa660cb1a04de8bd9153b006af012ca37a2d69f,ETH,phishing_drainer,scamsniffer,phishing,,
0x3fa8f47bbf2cdd5b01adfd75fa9f0af659dac7db,ETH,phishing_drainer,scamsniffer,phishing,,
0x3fda56d0ea3c6058d997c53c4ad60622ea2838cc,ETH,phishing_drainer,scamsniffer,phishing,,
0x3fdbc8d88e618e372eca2935a77e97563cbaaa94,ETH,phishing_drainer,scamsniffer,phishing,,
0x3fe57bd63ef0cf951259717e42d901953d378eab,ETH,phishing_drainer,scamsniffer,phishing,,
0x3ff4331ee8f005e1884a166dcf789c87b46795c7,ETH,phishing_drainer,scamsniffer,phishing,,
0x4006b3c6a0d108885aa9e8441c9f33ba2fd4a76c,ETH,phishing_drainer,scamsniffer,phishing,,
0x401b88454094731e7d10a8ebace5f3ed07ab3ebf,ETH,phishing_drainer,scamsniffer,phishing,,
0x40337d3bab19ee820b46344be523a3a080921942,ETH,phishing_drainer,scamsniffer,phishing,,
0x403ad631954bb71f4d5476cd61f395f631bc8824,ETH,phishing_drainer,scamsniffer,phishing,,
0x40473bdb95e3c36208f318c68a96c37c8c3a37fa,ETH,phishing_drainer,scamsniffer,phishing,,
0x404c887e2d157718e793fa555556b408dc683262,ETH,phishing_drainer,scamsniffer,phishing,,
0x40549cade3356ddd465849a34612ef5e240dd219,ETH,phishing_drainer,scamsniffer,phishing,,
0x4075dc390fa406c2dd981fc2b71e037ae16f7f4e,ETH,phishing_drainer,scamsniffer,phishing,,
0x40863e15c80c607338cff9c3b10daadf9dd65cc8,ETH,phishing_drainer,scamsniffer,phishing,,
0x40877e8ae9c0af0b448ddd095bfac357c5377459,ETH,phishing_drainer,scamsniffer,phishing,,
0x40881dd5b6482854fc01d010ed99fd346f0608b1,ETH,phishing_drainer,scamsniffer,phishing,,
0x4097292355b3f1b777f9373d1d747941c7238b6b,ETH,phishing_drainer,scamsniffer,phishing,,
0x40a973f96948c0d90184c7a9ccb36a703711342f,ETH,phishing_drainer,scamsniffer,phishing,,
0x40ad11c98e430f96e17d63eff141aa2a967005e0,ETH,phishing_drainer,scamsniffer,phishing,,
0x40c8590f2d2f543689b42f9a1f1872cb7461aa0d,ETH,phishing_drainer,scamsniffer,phishing,,
0x40cbf8d261f0fe5838ff7c6daeaacaf2ef9e52b7,ETH,phishing_drainer,scamsniffer,phishing,,
0x40e0ff2c71536b3045a61e54c22816cd9fea2073,ETH,phishing_drainer,scamsniffer,phishing,,
0x40f576a94e3d1cdabe66426835e33191f859ae82,ETH,phishing_drainer,scamsniffer,phishing,,
0x4106075f95d04ff988c27917308723adeee749b4,ETH,phishing_drainer,scamsniffer,phishing,,
0x4108ee39dbfc520fee1e759699762bc9550b236e,ETH,phishing_drainer,scamsniffer,phishing,,
0x41126e19981eb1bbfe92b1d1cc4fe7104b044ab2,ETH,phishing_drainer,scamsniffer,phishing,,
0x411be70a215df02311d62f9a8cd201b38ae4effd,ETH,phishing_drainer,scamsniffer,phishing,,
0x4129b646d599e3806a87b0fb6b3bfe449639288c,ETH,phishing_drainer,scamsniffer,phishing,,
0x4130dd9823a251dabf9c283942b1379b0030e626,ETH,phishing_drainer,scamsniffer,phishing,,
0x414cb13e88ea9cb8db3972dd5a498f8f4aada874,ETH,phishing_drainer,scamsniffer,phishing,,
0x415a9d9830447811aae0dc5e04b81b470b3eb65f,ETH,phishing_drainer,scamsniffer,phishing,,
0x415b1e66a132a8c6e360fa2b93dcf822a49cbe82,ETH,phishing_drainer,scamsniffer,phishing,,
0x41651432d7ad3ff54e898fe784687656a7297344,ETH,phishing_drainer,scamsniffer,phishing,,
0x416635216fffe323fa95b5ba901287cbafdc23ab,ETH,phishing_drainer,scamsniffer,phishing,,
0x41833dc56eda6e81f70db9b3931da2c97cd63287,ETH,phishing_drainer,scamsniffer,phishing,,
0x418663448f76d79ec73a4e5b8b3fdf3fae755dea,ETH,phishing_drainer,scamsniffer,phishing,,
0x4189f6c30fd4933a97260afd42a4300fd94a71a3,ETH,phishing_drainer,scamsniffer,phishing,,
0x4192cfe47d60de1144a4ba5dedf3760730217d2b,ETH,phishing_drainer,scamsniffer,phishing,,
0x419ad8d54956e8ed588bb6cb55c2688ac60986c5,ETH,phishing_drainer,scamsniffer,phishing,,
0x41a21fab6cfa2272df0ad121d4b610f93988434a,ETH,phishing_drainer,scamsniffer,phishing,,
0x41a53a0be497c828f09ebf8462563325b1e82bea,ETH,phishing_drainer,scamsniffer,phishing,,
0x41a76cf5f7b5bf769a23a7001d7fd5791f6bc21f,ETH,phishing_drainer,scamsniffer,phishing,,
0x41b538ac6220566e3fd4bdb06f08210373fbb877,ETH,phishing_drainer,scamsniffer,phishing,,
0x41b8922c41fd87940b6184dde6785b4a16b9e16c,ETH,phishing_drainer,scamsniffer,phishing,,
0x41ba809e84409da14a0ea43291e02c85d73ed63a,ETH,phishing_drainer,scamsniffer,phishing,,
0x41bfcfe373c3c1e33585adf1326bb4f409a2532e,ETH,phishing_drainer,scamsniffer,phishing,,
0x41c846bab28f32dc12e6ed721b80b524d3810f36,ETH,phishing_drainer,scamsniffer,phishing,,
0x41cfe951ff2695fa20a21e9a3617bd24585c75e6,ETH,phishing_drainer,scamsniffer,phishing,,
0x41d2c6e78f53cad7dc630c53d7f7204af1aae322,ETH,phishing_drainer,scamsniffer,phishing,,
0x41d3be8c67d59b7659d1727e98f7fb7a870fcc34,ETH,phishing_drainer,scamsniffer,phishing,,
0x41d4c8894b529d50eb82a1c183019e883c77d1db,ETH,phishing_drainer,scamsniffer,phishing,,
0x41e8a9188136cf26bda9bd33acbfd0bc808a025b,ETH,phishing_drainer,scamsniffer,phishing,,
0x41fe63738eeab23a70e38fd1ce10989716eacac8,ETH,phishing_drainer,scamsniffer,phishing,,
0x420edf97f811ab258ac8ddbef0e500b0394d6d28,ETH,phishing_drainer,scamsniffer,phishing,,
0x4218e774634c1ed1761d3b169d89c2ba8b2d6c41,ETH,phishing_drainer,scamsniffer,phishing,,
0x4229f503cac20f8a2bf6f45f7a379e1be9ba291e,ETH,phishing_drainer,scamsniffer,phishing,,
0x422e922f018d6661375a7139a89839328aa130dc,ETH,phishing_drainer,scamsniffer,phishing,,
0x42364069e9cbfb46ab48ab8b02f1418522165e11,ETH,phishing_drainer,scamsniffer,phishing,,
0x42515dc2c77f53b2ede8eefb2ff86d3e85c82f2f,ETH,phishing_drainer,scamsniffer,phishing,,
0x4258ebe8ca35de27d7f60a2512015190b8ad70e7,ETH,phishing_drainer,scamsniffer,phishing,,
0x42696591012b58b2a825ba67dcf488afe274aebb,ETH,phishing_drainer,scamsniffer,phishing,,
0x427f7f7a32b9764a141608f41897eeaf3309c11a,ETH,phishing_drainer,scamsniffer,phishing,,
0x428ef7a429979ebde3b8d2b361123703bd998e26,ETH,phishing_drainer,scamsniffer,phishing,,
0x42aabfcbf547a01b09346395a6724802794fbb9b,ETH,phishing_drainer,scamsniffer,phishing,,
0x42accde77afbdb744179765e70007aaea982a7b1,ETH,phishing_drainer,scamsniffer,phishing,,
0x42b168ea09ba9f1657b5334ec1ce0f3b7d1b7de6,ETH,phishing_drainer,scamsniffer,phishing,,
0x42bac0718917c3c27d8cb41733e0a4b474ccf447,ETH,phishing_drainer,scamsniffer,phishing,,
0x42ce2cfb84726c865e772db434d032705ebb8e17,ETH,phishing_drainer,scamsniffer,phishing,,
0x42f07f00c5ef5e7df6d5daf75c1a4219c98cf416,ETH,phishing_drainer,scamsniffer,phishing,,
0x42f1d96e23269ab5396efee7c4ea92787f7f2ad7,ETH,phishing_drainer,scamsniffer,phishing,,
0x4315d8647899fed3f115af31c4dbca0219da2299,ETH,phishing_drainer,scamsniffer,phishing,,
0x433a8562672b2dcd69c97e28c0d0b423434d86fa,ETH,phishing_drainer,scamsniffer,phishing,,
0x433c99b77a134741f73dfe5e9bca6878df8889bf,ETH,phishing_drainer,scamsniffer,phishing,,
0x433d46d0c76841ef7fe48aee4399801ada3cadda,ETH,phishing_drainer,scamsniffer,phishing,,
0x43412801d29861ecc4c4d86e5becfd16af86a67b,ETH,phishing_drainer,scamsniffer,phishing,,
0x4382b9673097c4a58c0554e3021a79430e778101,ETH,phishing_drainer,scamsniffer,phishing,,
0x43a28e7fe21cfe00b4cbfc8210ecdd5cd01088b2,ETH,phishing_drainer,scamsniffer,phishing,,
0x43c922deb0827b9f5b1bac648677077a66f108e5,ETH,phishing_drainer,scamsniffer,phishing,,
0x43cde5a0fded18fb1b2273fbaafaeac38b77abf6,ETH,phishing_drainer,scamsniffer,phishing,,
0x43dc4ae5466e8c9be82d75477efa3cbaff5865b4,ETH,phishing_drainer,scamsniffer,phishing,,
0x43fa0dc3654db405172647e64f41e7c81f7b17de,ETH,phishing_drainer,scamsniffer,phishing,,
0x44136967f00f65fafdf27e8b8c7fe5aa7f523695,ETH,phishing_drainer,scamsniffer,phishing,,
0x4421cf5be03999a864f87ec0737cb7c37b20b54a,ETH,phishing_drainer,scamsniffer,phishing,,
0x442fba69b995867981357adbb5e853ca1c0d4bc4,ETH,phishing_drainer,scamsniffer,phishing,,
0x4431c8e94598c6519e5a10462d4281ea746596b4,ETH,phishing_drainer,scamsniffer,phishing,,
0x44354ba8e41d613dd62d58de5b90b26f07b3ff0f,ETH,phishing_drainer,scamsniffer,phishing,,
0x44387514e257fe70d2430ee39a1e59161f4c293a,ETH,phishing_drainer,scamsniffer,phishing,,
0x443ef2978280acc7e5035165bda45fa0613c43a0,ETH,phishing_drainer,scamsniffer,phishing,,
0x444cbe60b4c163c764ba68eefea196a3d514deee,ETH,phishing_drainer,scamsniffer,phishing,,
0x448891c149a699264daa8b9b290d2b5983bf48cf,ETH,phishing_drainer,scamsniffer,phishing,,
0x449774e801d03d425d370732f3378df5782c6f20,ETH,phishing_drainer,scamsniffer,phishing,,
0x44ace81a473e8ac74cc1e4f5eefa3b936a05ae06,ETH,phishing_drainer,scamsniffer,phishing,,
0x44bfc384bc7439c6b1ecc67c79cf779572a5fb7c,ETH,phishing_drainer,scamsniffer,phishing,,
0x44c2ece8caf20fb4488aaffafffb485383a16525,ETH,phishing_drainer,scamsniffer,phishing,,
0x44cc448892e30078dd588bd0d5121e0796cf7e7f,ETH,phishing_drainer,scamsniffer,phishing,,
0x44d2ff17f5b24b9630129ceaa931f383cae3677a,ETH,phishing_drainer,scamsniffer,phishing,,
0x44e15afa9019267e8b3c09d9cbdcb552cf5cd7e9,ETH,phishing_drainer,scamsniffer,phishing,,
0x44eb8273dff6620fde4e5ae9ee6ede53bd1ae8be,ETH,phishing_drainer,scamsniffer,phishing,,
0x44eb8431d829120c82216c58aa66e1638b9aceb4,ETH,phishing_drainer,scamsniffer,phishing,,
0x44f4b48835b0151af6bafcbb5dceafabd2236c82,ETH,phishing_drainer,scamsniffer,phishing,,
0x44f533db733c2653c5fe39f50fe35ebcdd7d1ed9,ETH,phishing_drainer,scamsniffer,phishing,,
0x45282eb76b58aa0e935722b7615ec3a55349660e,ETH,phishing_drainer,scamsniffer,phishing,,
0x4543821e2f3e6d3f3e6b3314800262e019f1dfd7,ETH,phishing_drainer,scamsniffer,phishing,,
0x455f2a2fbf67657b69ce1fa171d74fac24c227b8,ETH,phishing_drainer,scamsniffer,phishing,,
0x4575875140abbf7cbce7563982e82d4448893211,ETH,phishing_drainer,scamsniffer,phishing,,
0x4594f88df9d400de05c1f9de91d61099e8fe5da8,ETH,phishing_drainer,scamsniffer,phishing,,
0x459c055efe401d28f0efba572d31014cd0b21a11,ETH,phishing_drainer,scamsniffer,phishing,,
0x45c287ff1603c82208a1351f5f4a9f8e7483e933,ETH,phishing_drainer,scamsniffer,phishing,,
0x45c711878ce573a9e285a2fb5fba081ad494abf1,ETH,phishing_drainer,scamsniffer,phishing,,
0x45d2c20b50bd34f09f9c99d3b94ceecf9804437f,ETH,phishing_drainer,scamsniffer,phishing,,
0x462a7b3b5960800bfa60305a4cfdddba3e1dddd4,ETH,phishing_drainer,scamsniffer,phishing,,
0x462c354676285527cdc40be952e3af9311d60d48,ETH,phishing_drainer,scamsniffer,phishing,,
0x463224c0af60e2e47f9c6320f337ba94e809ddb3,ETH,phishing_drainer,scamsniffer,phishing,,
0x463ee1be94da594c9bee53f6c17f7c9536d537ea,ETH,phishing_drainer,scamsniffer,phishing,,
0x4657072869f9619b8f0464eff47a9f23fdb768c0,ETH,phishing_drainer,scamsniffer,phishing,,
0x4657532e1f6cc134d4b3d411bce9d48b8da127b9,ETH,phishing_drainer,scamsniffer,phishing,,
0x465dd42f5e2de7afd5e70a9d75b384e83b09a224,ETH,phishing_drainer,scamsniffer,phishing,,
0x465f1e668ca098cd9fe7bef3c48eb5aaf3868ad0,ETH,phishing_drainer,scamsniffer,phishing,,
0x46851efa4f3925dca3864ff7e88c9085c3624f27,ETH,phishing_drainer,scamsniffer,phishing,,
0x468ab1cf169a47059d135a6c7c82d365b065d2da,ETH,phishing_drainer,scamsniffer,phishing,,
0x46a0097a0e5166391634ea0452a1fccdd36c45a9,ETH,phishing_drainer,scamsniffer,phishing,,
0x46b8dc3b3c638ff27eecec73b77de75dfb5888bc,ETH,phishing_drainer,scamsniffer,phishing,,
0x46bddfd89d20f53c3506e69e15ce4445b3cb34c8,ETH,phishing_drainer,scamsniffer,phishing,,
0x46e8259cc33e2d08df8b650e1fea1db613a5e43b,ETH,phishing_drainer,scamsniffer,phishing,,
0x46f6086930520854a0c82d6ff060f138e04cb290,ETH,phishing_drainer,scamsniffer,phishing,,
0x47013347a2490eb5a6282cd0962c7a355431b42d,ETH,phishing_drainer,scamsniffer,phishing,,
0x470843233963ddb943a34838a61b1113cbb899b7,ETH,phishing_drainer,scamsniffer,phishing,,
0x4721fcf90fe83f86bffa4e5f224694299b075c32,ETH,phishing_drainer,scamsniffer,phishing,,
0x472a0d61875bbeb88727a836fb81bbbc406d1d64,ETH,phishing_drainer,scamsniffer,phishing,,
0x472de8f722d779f33d65325f18b6aceeef97f1f8,ETH,phishing_drainer,scamsniffer,phishing,,
0x472e6b8d72cd220802809ce79c68d6c55a4b5947,ETH,phishing_drainer,scamsniffer,phishing,,
0x4756142c37b3e374292aeb4dea0c12d3a07cc8a4,ETH,phishing_drainer,scamsniffer,phishing,,
0x476eac9f97bf836c749cdc48ceedf425e6be86db,ETH,phishing_drainer,scamsniffer,phishing,,
0x479445ed1c488c66bab39bddc0c4030af765c003,ETH,phishing_drainer,scamsniffer,phishing,,
0x47a5de9ecb7c17f944b1d89b865f245de0ff9a94,ETH,phishing_drainer,scamsniffer,phishing,,
0x47b08f832daece0fcc612fa85ab037b3ca30bb7e,ETH,phishing_drainer,scamsniffer,phishing,,
0x47b4c34f2f10002e23d876fdd6ba3ef15ea9096d,ETH,phishing_drainer,scamsniffer,phishing,,
0x47b858cd13a2fb38129fd79412025cc70acd2019,ETH,phishing_drainer,scamsniffer,phishing,,
0x47ba29b3603f26132548bc73ffa1157947895d22,ETH,phishing_drainer,scamsniffer,phishing,,
0x47bca5a8fe8d395cb6aa974d0e54d8681cb9cf3d,ETH,phishing_drainer,scamsniffer,phishing,,
0x47ccaea4ce5f881de2654a91a057c6354ad6223a,ETH,phishing_drainer,scamsniffer,phishing,,
0x47ccbbe2c595091184adaa16a484cba747cc34f6,ETH,phishing_drainer,scamsniffer,phishing,,
0x4817ca9880a8ca6d441a17d9665cee94679c89aa,ETH,phishing_drainer,scamsniffer,phishing,,
0x484e3584a0d38d45ccef0220f8f5bb68dd61aaff,ETH,phishing_drainer,scamsniffer,phishing,,
0x485a15f541dceb5403276b220319e01344772b1e,ETH,phishing_drainer,scamsniffer,phishing,,
0x485f376537c17acd0615cc7c8815e7d6bc36d9fa,ETH,phishing_drainer,scamsniffer,phishing,,
0x48618c851a83303ea2877edcb971ddbf88207b87,ETH,phishing_drainer,scamsniffer,phishing,,
0x48665d55bfdc3ac44adea5996fff2574b0e934bf,ETH,phishing_drainer,scamsniffer,phishing,,
0x486be92b01ed63a733a22d29b3b78311ac5fdfe6,ETH,phishing_drainer,scamsniffer,phishing,,
0x486e5cb581b74327f9ce34db262c79bb74fe7d25,ETH,phishing_drainer,scamsniffer,phishing,,
0x4873187a8d4a5c68dafa1364f2cd1e7ac70036e2,ETH,phishing_drainer,scamsniffer,phishing,,
0x48c8b0f4d7bb278dd81f00d5bfe4ff2029a1d197,ETH,phishing_drainer,scamsniffer,phishing,,
0x48d62319bba6339a01fd5ffe71061daf59e25a47,ETH,phishing_drainer,scamsniffer,phishing,,
0x48e0d008179cb24f6bdf74abb98d5e625f12738a,ETH,phishing_drainer,scamsniffer,phishing,,
0x48f262f64edee8243a2a69b4853695cd96be11a9,ETH,phishing_drainer,scamsniffer,phishing,,
0x490e54c9ca7cf289a75352e25fb36193effd414c,ETH,phishing_drainer,scamsniffer,phishing,,
0x4918279e1e514ab52eb91846e58704d5e5cd9417,ETH,phishing_drainer,scamsniffer,phishing,,
0x4920a2307e8e8f36b8cfaa006952573dccf29803,ETH,phishing_drainer,scamsniffer,phishing,,
0x49236d2c94f6f223c51e7398d23df812cf662834,ETH,phishing_drainer,scamsniffer,phishing,,
0x492394ca31dd868b859125a681e4ff0fd9cbed95,ETH,phishing_drainer,scamsniffer,phishing,,
0x493b733d008e9af91cd3e2efee321f11fc62e60f,ETH,phishing_drainer,scamsniffer,phishing,pinaverse.xyz,
0x493f1e3a869c5c559e01ce183417e7575bae3b90,ETH,phishing_drainer,scamsniffer,phishing,,
0x499718188aca7bc80182d5c25bafe8a3bc4764c4,ETH,phishing_drainer,scamsniffer,phishing,,
0x49b6dc86e3ef1e0af6e562fea082298ed295024c,ETH,phishing_drainer,scamsniffer,phishing,nft.lifestylefever.com,
0x49c755c49559f3141ae50911c25a9d1285fbb7b4,ETH,phishing_drainer,scamsniffer,phishing,,
0x49c7be70c9ce7877380a347da62a889a11edb419,ETH,phishing_drainer,scamsniffer,phishing,,
0x49d0ff32efb806ec9c668df0cf6d68592245788b,ETH,phishing_drainer,scamsniffer,phishing,,
0x49d4a61f1cbfa28a78af631f058c18d14c1a3acf,ETH,phishing_drainer,scamsniffer,phishing,,
0x49dc14dd851b6eae8d685715e12a06cc1bfc5d8d,ETH,phishing_drainer,scamsniffer,phishing,,
0x49e406b3128084df2a47b23d7d84bbe7208fbbe4,ETH,phishing_drainer,scamsniffer,phishing,,
0x49ed4715f7cc2424c2a4cc93ba35b5bf50401000,ETH,phishing_drainer,scamsniffer,phishing,,
0x4a0fb84c1c5faf53d3a5a4f64bf8da16249438aa,ETH,phishing_drainer,scamsniffer,phishing,,
0x4a1c151a25b12a517f7f07b3bc10925a5fc08ff1,ETH,phishing_drainer,scamsniffer,phishing,,
0x4a279ae19bbef5f67dae41e73e45e66c399ea2c3,ETH,phishing_drainer,scamsniffer,phishing,,
0x4a2833e8b6892d58a2979aa2ffadeee1c48bda21,ETH,phishing_drainer,scamsniffer,phishing,,
0x4a29b5b42f8f0f539a9ca9eb706a63703864b689,ETH,phishing_drainer,scamsniffer,phishing,,
0x4a2cd65d35a20014699f28fdad031383582dd62d,ETH,phishing_drainer,scamsniffer,phishing,,
0x4a2f9eb56227286924cadd817b195e127cca5f69,ETH,phishing_drainer,scamsniffer,phishing,,
0x4a404be0cc6982ed80138f4b8ddea4db64deaa4e,ETH,phishing_drainer,scamsniffer,phishing,,
0x4a440f518f9ce50d908f107d6dccf789927d8c32,ETH,phishing_drainer,scamsniffer,phishing,,
0x4a57ae665ce8cc565eba852245da484695ed34ee,ETH,phishing_drainer,scamsniffer,phishing,,
0x4a631e9c2100378f46fed7d3dcd7ccec2ad67f65,ETH,phishing_drainer,scamsniffer,phishing,,
0x4a7f32516a0a8f421d52b7d13e1e869631379348,ETH,phishing_drainer,scamsniffer,phishing,,
0x4a8acc8f9b2c58d9b67389b612d4a5fce80f7d4a,ETH,phishing_drainer,scamsniffer,phishing,,
0x4aa838569a9d95bb45647173362b925325fcb2e7,ETH,phishing_drainer,scamsniffer,phishing,,
0x4aa8debf6e9a510d8b456d27f84a35489d7d32c1,ETH,phishing_drainer,scamsniffer,phishing,,
0x4aaf615170365e01f7ec5e88897ffbd40c7c86ea,ETH,phishing_drainer,scamsniffer,phishing,,
0x4abf1fbe1a305279a2cc5280d7ef7be105b0266b,ETH,phishing_drainer,scamsniffer,phishing,,
0x4ac363d223358dc689f7dab788b9eb0d3cbc0543,ETH,phishing_drainer,scamsniffer,phishing,,
0x4ad22b7bac2e152fa05e05166a57f98a96820d9b,ETH,phishing_drainer,scamsniffer,phishing,,
0x4adcade47c630fe7e538f0f73bd9cfe5891fcf0c,ETH,phishing_drainer,scamsniffer,phishing,,
0x4ae6ad76bb15079f581223a3462c4f38ac2658a1,ETH,phishing_drainer,scamsniffer,phishing,,
0x4aef505aac208e70633c790f8399d9deeb803a34,ETH,phishing_drainer,scamsniffer,phishing,,
0x4af1004ef2c3f29cc2bfacf3b1b4a6c204794def,ETH,phishing_drainer,scamsniffer,phishing,,
0x4afe18cbf1f12bbad712fea55af296a8d54b6c27,ETH,phishing_drainer,scamsniffer,phishing,,
0x4b0ea25889e50cf07354cf63aa1811d2e772db42,ETH,phishing_drainer,scamsniffer,phishing,,
0x4b1c780947bf727899e85bfecb2d808fb27b9451,ETH,phishing_drainer,scamsniffer,phishing,,
0x4b21151888947f98f42c1c62de6632d830634182,ETH,phishing_drainer,scamsniffer,phishing,weareallgoingtodie.wtf,
0x4b2d0d87417b4916091d65e7da8bae9ddd80fed2,ETH,phishing_drainer,scamsniffer,phishing,,
0x4b3c097e9a6d55314bcc6e362f34e3532bf694d3,ETH,phishing_drainer,scamsniffer,phishing,,
0x4b3e2fbf00944f3902f70e56eaa710ad11089c63,ETH,phishing_drainer,scamsniffer,phishing,www.boredbunnysmint.com,
0x4b470bdfb79d9767055c9563da07e5e7593f611d,ETH,phishing_drainer,scamsniffer,phishing,,
0x4b4cd4bc8a3a09f37b54585b2762c14325d00953,ETH,phishing_drainer,scamsniffer,phishing,gobilintown.wtf,
0x4b5a6589d05bf77759266a562aebb5521c7e5046,ETH,phishing_drainer,scamsniffer,phishing,,
0x4b5c16cc27371221254171cc6dac25f8e52306d2,ETH,phishing_drainer,scamsniffer,phishing,,
0x4b64ca1429c24b86f2374057edb3400e92363b00,ETH,phishing_drainer,scamsniffer,phishing,,
0x4b7109a385208b9eddd47dcc54ab4820baba79b5,ETH,phishing_drainer,scamsniffer,phishing,,
0x4b7862c779617e4705c9c66c266ea9cb530875e6,ETH,phishing_drainer,scamsniffer,phishing,,
0x4ba38dcd6f4d0048a46df9ad971d244409cb166c,ETH,phishing_drainer,scamsniffer,phishing,,
0x4bcaf53f566ff14d3f920b20660884e7e3e0dd63,ETH,phishing_drainer,scamsniffer,phishing,,
0x4bd554a0904041b6e283454d4094d76641b82f37,ETH,phishing_drainer,scamsniffer,phishing,,
0x4bdc3b9e6a71ed7609d73843738f27d9c7ada91d,ETH,phishing_drainer,scamsniffer,phishing,,
0x4becbdf08e5ef5de9939be748c409774f5735b01,ETH,phishing_drainer,scamsniffer,phishing,,
0x4bed16aa8af304bf249cbe317554d71a56b46272,ETH,phishing_drainer,scamsniffer,phishing,,
0x4bf8325e8acb26db5f0d7b618ce111d0444c67ab,ETH,phishing_drainer,scamsniffer,phishing,,
0x4c07aeb5499febcf46083ed983b3c88d1f24cf04,ETH,phishing_drainer,scamsniffer,phishing,,
0x4c0c0cf65e31baeb7b9cc104ada6658875cca172,ETH,phishing_drainer,scamsniffer,phishing,,
0x4c0c28821cb724692499e65ce7134c20655e5681,ETH,phishing_drainer,scamsniffer,phishing,,
0x4c0ce7248e8a18d54009b8d2ba982d1b0ca4ea49,ETH,phishing_drainer,scamsniffer,phishing,,
0x4c10a462cd1e639da8a062ae8a33a23401120ab1,ETH,phishing_drainer,scamsniffer,phishing,,
0x4c117d7895c5d2268163009f70dd44c24ab7f504,ETH,phishing_drainer,scamsniffer,phishing,,
0x4c1417f028ccf804b68c6070e3109fccf8cebf9b,ETH,phishing_drainer,scamsniffer,phishing,,
0x4c3c6fda65cec9fe3fe341e3c494811207af8ba3,ETH,phishing_drainer,scamsniffer,phishing,,
0x4c5d1c4f682bacc23143bc9e528982471e2e70ef,ETH,phishing_drainer,scamsniffer,phishing,,
0x4c68d5d96ee4f8390bd0ddd4e8dca46e1ab7b1e9,ETH,phishing_drainer,scamsniffer,phishing,,
0x4c7984bd3999ca90eb16914bdd9db436a2a8a66a,ETH,phishing_drainer,scamsniffer,phishing,,
0x4c79883da15851a900216791e7ab059580c0ee55,ETH,phishing_drainer,scamsniffer,phishing,,
0x4c93bf8b19b3bf7b610eb27da8ed94019232088a,ETH,phishing_drainer,scamsniffer,phishing,,
0x4c93dcace8d0ff650690b2e55e30448b6aef24c6,ETH,phishing_drainer,scamsniffer,phishing,,
0x4c9f1c9b4f44a8b7b8b9c47bae59787f84897065,ETH,phishing_drainer,scamsniffer,phishing,,
0x4ca42d610ed914b16bb3b15de74d023da973ec24,ETH,phishing_drainer,scamsniffer,phishing,,
0x4ca9891b2fa25106549c283cc4767840863c88af,ETH,phishing_drainer,scamsniffer,phishing,,
0x4ce9c40af6338a0b5e222ca7dabe3868f1317139,ETH,phishing_drainer,scamsniffer,phishing,,
0x4cf47b7c7301df4e055e1b404d5675463942531b,ETH,phishing_drainer,scamsniffer,phishing,,
0x4d08d5dedc4122230f5f906f3f83027aaed23085,ETH,phishing_drainer,scamsniffer,phishing,,
0x4d196816585eab4b30118c49664b159889e8ce92,ETH,phishing_drainer,scamsniffer,phishing,,
0x4d1f50728023882ae62bed3cc5adc9e5da418ccd,ETH,phishing_drainer,scamsniffer,phishing,,
0x4d3b701e8c828802dcd80e555a436b3ee882bbce,ETH,phishing_drainer,scamsniffer,phishing,,
0x4d53869f39e4258f3759783390241f209af6416d,ETH,phishing_drainer,scamsniffer,phishing,,
0x4d55846b105551251410d68739461852adc13d5d,ETH,phishing_drainer,scamsniffer,phishing,www.luckylionclub.io,
0x4d6a07ad7e7870e5d0fe4bb3d0a6a4c7d5e15f56,ETH,phishing_drainer,scamsniffer,phishing,,
0x4d7059ae877ce36c82f523d2d5fee0f1dbf9de0c,ETH,phishing_drainer,scamsniffer,phishing,,
0x4d7f5daa27a7fc62702f2367a5cde810543ff51a,ETH,phishing_drainer,scamsniffer,phishing,,
0x4d8000078f55b3352c093abbf179282ea5739b6e,ETH,phishing_drainer,scamsniffer,phishing,,
0x4d80e2d444e1fff67042b01ee264a4b682e067d8,ETH,phishing_drainer,scamsniffer,phishing,,
0x4d8b5dcc6c4b7de7660ce0020125a4e55dbcee8f,ETH,phishing_drainer,scamsniffer,phishing,,
0x4d94f0ee902038441a6a18b287165d117b53451a,ETH,phishing_drainer,scamsniffer,phishing,,
0x4d9a1d40f4be710aa2a34fc9d101a31668b6d4bd,ETH,phishing_drainer,scamsniffer,phishing,,
0x4daa1a7e75367e938ea1cda3d1cec87cc6da336e,ETH,phishing_drainer,scamsniffer,phishing,,
0x4db49fffe23b858325956f68d6c5660a175119ef,ETH,phishing_drainer,scamsniffer,phishing,,
0x4db585f06a2cb9f055770dd49c08dc66a44f68f2,ETH,phishing_drainer,scamsniffer,phishing,,
0x4dba22c61b8818c94de797680840d25b1e2623b4,ETH,phishing_drainer,scamsniffer,phishing,,
0x4dbc6e86be8d10c8d8d6188114cbb79ae4b09e7c,ETH,phishing_drainer,scamsniffer,phishing,,
0x4dd6a48ef6f5d92c408b9084815474e560943a8b,ETH,phishing_drainer,scamsniffer,phishing,,
0x4ddda7f0eaa5203ab369a8807e77c89788aca6fd,ETH,phishing_drainer,scamsniffer,phishing,,
0x4df1cd71e1be0c74707058b2e084cd90016f6188,ETH,phishing_drainer,scamsniffer,phishing,,
0x4e00262d73aadabe513cc2e4bf724908f97d9b22,ETH,phishing_drainer,scamsniffer,phishing,,
0x4e0179be22e84af4d3f9a792cf4d3f5832b63472,ETH,phishing_drainer,scamsniffer,phishing,,
0x4e1afe1a284e5b39a596e64020a48c2049362c3b,ETH,phishing_drainer,scamsniffer,phishing,,
0x4e1b160f263b79572fa713e6f6eee05498c7f5b8,ETH,phishing_drainer,scamsniffer,phishing,,
0x4e2a3e7c00e0620d78a53ddfe9d6881342d7fc56,ETH,phishing_drainer,scamsniffer,phishing,,
0x4e5c564fe3da52c1f88c6a95163a91d0fdb1898f,ETH,phishing_drainer,scamsniffer,phishing,,
0x4e9476afe1b035d73c253a995bbff168be4efa01,ETH,phishing_drainer,scamsniffer,phishing,,
0x4e9885c13e7e4b71ca3d80973e73e23ba68ed6bc,ETH,phishing_drainer,scamsniffer,phishing,,
0x4e99a52efcdbeb4c02805151d75975f614315aa9,ETH,phishing_drainer,scamsniffer,phishing,,
0x4e9da292d7c0eafb14b216f38107d656fdf66b36,ETH,phishing_drainer,scamsniffer,phishing,,
0x4ea4bd67af6168fd68a7a4b76e6eb692507f591f,ETH,phishing_drainer,scamsniffer,phishing,,
0x4eb96bf67785e6e056a91b77ca89d1d2e10fab7f,ETH,phishing_drainer,scamsniffer,phishing,,
0x4ec97678a576b8269ace204710d7ac8043c80dcf,ETH,phishing_drainer,scamsniffer,phishing,,
0x4ee9241df92e175368fb35dffbab39a82c90d8a9,ETH,phishing_drainer,scamsniffer,phishing,,
0x4ef037081d8adc9907b6a304b1ed38c1929be2b8,ETH,phishing_drainer,scamsniffer,phishing,,
0x4ef431b18f371d81e71f6a30ac6b58788f828cf2,ETH,phishing_drainer,scamsniffer,phishing,,
0x4ef71dd289b7d024c8a910b10d660144c58ecead,ETH,phishing_drainer,scamsniffer,phishing,,
0x4f44bd9853737e37668a91963e1b20a0ef52e30c,ETH,phishing_drainer,scamsniffer,phishing,,
0x4f5a62e83f16a50149aea95249a61cd3c23c17eb,ETH,phishing_drainer,scamsniffer,phishing,,
0x4f64e8f52b2a3d45777c4e42fbcbf9e1d036d39b,ETH,phishing_drainer,scamsniffer,phishing,,
0x4f84d3a5299004c659184d1703de788b73174dd8,ETH,phishing_drainer,scamsniffer,phishing,,
0x4f9119db871a59688822ad8b0fcf283e754c9507,ETH,phishing_drainer,scamsniffer,phishing,,
0x4fa3a7790ba17fc6cb2e49d74338ecdd920ab25f,ETH,phishing_drainer,scamsniffer,phishing,,
0x4fa54d58cc9aced0a35445f4023df4841c01b600,ETH,phishing_drainer,scamsniffer,phishing,,
0x4fabb145d64652a948d72533023f6e7a623c7c53,ETH,phishing_drainer,scamsniffer,phishing,www.claimreward.fun,
0x5007046dc030b8ac69dae4aab2778e4d5316ec15,ETH,phishing_drainer,scamsniffer,phishing,,
0x5015b0cd7085522883295b7d3c68bab3c99d3d64,ETH,phishing_drainer,scamsniffer,phishing,,
0x5032387bfb582283b35fd71ba90df03f0ddd2dab,ETH,phishing_drainer,scamsniffer,phishing,,
0x503a7574924314acfe6f5550d2bdd14ba75489b9,ETH,phishing_drainer,scamsniffer,phishing,,
0x505fd4a25c9c5053a3b155e8a0cb95d3a05f3d4b,ETH,phishing_drainer,scamsniffer,phishing,,
0x506ad0a8b68f79afd0a2b22a9bb620e0b5c20ae6,ETH,phishing_drainer,scamsniffer,phishing,,
0x5095107f90c83a8a1ce5de1a64301723203eb4d4,ETH,phishing_drainer,scamsniffer,phishing,,
0x509b763a33e788b10721437d62d6cd0c49aeb8bd,ETH,phishing_drainer,scamsniffer,phishing,,
0x50a118f91031cb26bf29deb601473f034f0b9cb9,ETH,phishing_drainer,scamsniffer,phishing,,
0x50a795b2297485fd1fe38a337ac04c1e6778a89e,ETH,phishing_drainer,scamsniffer,phishing,,
0x50b131915bfa6849e3a6f0b71681871f7cb06eee,ETH,phishing_drainer,scamsniffer,phishing,,
0x50cc02fa99123c3749b0c674694db87d84dfbacf,ETH,phishing_drainer,scamsniffer,phishing,,
0x50d8088d81b5fc0e55e470bc2ef001a7f5415a85,ETH,phishing_drainer,scamsniffer,phishing,,
0x50fb3c0a35d94b98bfdb8c32e4532eb880fec977,ETH,phishing_drainer,scamsniffer,phishing,,
0x50fe2e73961b3385f7c776873fffb7856cc67991,ETH,phishing_drainer,scamsniffer,phishing,,
0x510ab0533f5eea0edcdb401650e813916f222232,ETH,phishing_drainer,scamsniffer,phishing,,
0x5116d3f2812ae0db6364f2c2ff3fdf82cb5edd92,ETH,phishing_drainer,scamsniffer,phishing,,
0x5118e6d7c4653c315a0c013be6a5bd3b5f5d6c3a,ETH,phishing_drainer,scamsniffer,phishing,,
0x513462c44978a1375f030aa9510874823f4bb690,ETH,phishing_drainer,scamsniffer,phishing,,
0x514910771af9ca656af840dff83e8264ecf986ca,ETH,phishing_drainer,scamsniffer,phishing,www.claimreward.fun,
0x515a453be1245798c5ec4434b1c69c1b70dc95b5,ETH,phishing_drainer,scamsniffer,phishing,,
0x5187726085828f732f89dd0c28072d18522abb5b,ETH,phishing_drainer,scamsniffer,phishing,,
0x518a618d7f5db8feaed345a11d35530104d63401,ETH,phishing_drainer,scamsniffer,phishing,,
0x51c65c817353110c0f8a44e83396f435a293efbf,ETH,phishing_drainer,scamsniffer,phishing,,
0x51cd8c64345d606f59f866185493e045def976d8,ETH,phishing_drainer,scamsniffer,phishing,,
0x51d07e2899c0ac6058b52c6f8f352f73d3f0e2e9,ETH,phishing_drainer,scamsniffer,phishing,,
0x51d2bf67faaf714c248e5624e02ac74d75378f47,ETH,phishing_drainer,scamsniffer,phishing,,
0x51eddcb498b55c8b52792f0de74810fa329a8adb,ETH,phishing_drainer,scamsniffer,phishing,,
0x51f0596d45c530e93ed9bcd0f6d7fa59b0c1d75e,ETH,phishing_drainer,scamsniffer,phishing,,
0x51f2e367c56a8572fd47f3e28fd4b1cdfef66805,ETH,phishing_drainer,scamsniffer,phishing,,
0x51fb1c41a979caf4a881fcfef2d703c7f4e68b0f,ETH,phishing_drainer,scamsniffer,phishing,,
0x520b230af60c0d74b71515c69d6544e989ddecf4,ETH,phishing_drainer,scamsniffer,phishing,,
0x520d2769adf9042b8481cd908bc9e84687dc6374,ETH,phishing_drainer,scamsniffer,phishing,,
0x52101ae3980c96e9e0858ec95a4d7a3c9bb81ae4,ETH,phishing_drainer,scamsniffer,phishing,,
0x521045d22ec8adf90f35b8de9b5000905ba3c027,ETH,phishing_drainer,scamsniffer,phishing,,
0x5213895e87f9458afb3795f792bf8957b30d4017,ETH,phishing_drainer,scamsniffer,phishing,,
0x522471b31e9be428ff263d075d61da5df3406a7c,ETH,phishing_drainer,scamsniffer,phishing,,
0x52524af88fb196a5cdeec8856f443dd6edd430ca,ETH,phishing_drainer,scamsniffer,phishing,,
0x5269d53f29a33f787736dbb544d0a4ed50d51bb4,ETH,phishing_drainer,scamsniffer,phishing,,
0x52837cb3b337be6ee968119e7e939b1bf21778fa,ETH,phishing_drainer,scamsniffer,phishing,,
0x5286f9a2d7db7e0bfea591ae6ea9d2e064c08038,ETH,phishing_drainer,scamsniffer,phishing,,
0x52872c80336e10c702fa71c4c0e1804d375fc1cf,ETH,phishing_drainer,scamsniffer,phishing,,
0x52adb9810284ac185483eb02cfcae1d86034b4b5,ETH,phishing_drainer,scamsniffer,phishing,,
0x52bebe4b7898b2b6cb5e314fd89020904e140b20,ETH,phishing_drainer,scamsniffer,phishing,,
0x52c30cff016658ac43089cb739cf6d6aba138997,ETH,phishing_drainer,scamsniffer,phishing,,
0x52ca83c7ce9202c4d1359d8f38d32bacc316253f,ETH,phishing_drainer,scamsniffer,phishing,,
0x52e7c9a1b0fa655c42ed623e963f8e761d3cede4,ETH,phishing_drainer,scamsniffer,phishing,,
0x52eb44dfcaace3fb824ef48eac78e3b32f9fa70d,ETH,phishing_drainer,scamsniffer,phishing,,
0x52eef1ddc99e289cb8426089d0edcd62485ecf9c,ETH,phishing_drainer,scamsniffer,phishing,,
0x52f174a476f0a575797e188e226f0f7301939fca,ETH,phishing_drainer,scamsniffer,phishing,,
0x532143bd4d55856ecf4866fa9f882342e4fa920b,ETH,phishing_drainer,scamsniffer,phishing,,
0x5322e0f2c2638343b1cad82638c9dd7c26354595,ETH,phishing_drainer,scamsniffer,phishing,,
0x53370ebfb35a1973444dd263fee9735b14757e65,ETH,phishing_drainer,scamsniffer,phishing,,
0x5337be98735797c89753154b99782020504162b1,ETH,phishing_drainer,scamsniffer,phishing,,
0x534a66fa52a74de9344b94373c798c8ca7f47ed8,ETH,phishing_drainer,scamsniffer,phishing,,
0x536daba80647ddb85cfeaa08f921c2276d3ac179,ETH,phishing_drainer,scamsniffer,phishing,,
0x5380f7544af0418f6bca40897536748cbd5ad2a9,ETH,phishing_drainer,scamsniffer,phishing,,
0x5392cac04ab1a1b50cee311bb7f895b5a5735dd2,ETH,phishing_drainer,scamsniffer,phishing,,
0x539843c5f431b370093a49712cb2d0c9a046ed2e,ETH,phishing_drainer,scamsniffer,phishing,,
0x53b82176147e1c31b40b6f6ed3711555984f2b5e,ETH,phishing_drainer,scamsniffer,phishing,,
0x53bacf6b3ed1b0c11d2b3ebbcbd94eff79bb7e80,ETH,phishing_drainer,scamsniffer,phishing,,
0x53bc5b3ac5463ead867f43f066b50dca202dabad,ETH,phishing_drainer,scamsniffer,phishing,,
0x53bf9d8b133f6ce04fd992ecf4b222dbd69bfc2f,ETH,phishing_drainer,scamsniffer,phishing,,
0x54047621eae7acc34cf08e01016cdd37183c4414,ETH,phishing_drainer,scamsniffer,phishing,,
0x5408ac9dd8f775e42820704eb352377f36395208,ETH,phishing_drainer,scamsniffer,phishing,,
0x541cb7ee31d0544c491608c97666865c87ffe36d,ETH,phishing_drainer,scamsniffer,phishing,,
0x541e8d7d97fbdc745d62f4ffeb26aa8ed67371c1,ETH,phishing_drainer,scamsniffer,phishing,,
0x5426d6c09349a7c96ff666c4747e154cc86481e5,ETH,phishing_drainer,scamsniffer,phishing,,
0x542b18a5c862c02647912ca7347d365577f4f3b2,ETH,phishing_drainer,scamsniffer,phishing,,
0x5438c8c41af44ca10340e2a9b2af962396b2a729,ETH,phishing_drainer,scamsniffer,phishing,,
0x5444e7e26c0574faac6d0e06b1a0f9ea3da564fb,ETH,phishing_drainer,scamsniffer,phishing,,
0x545534d53ce276ecce0395e184a65091d84ab112,ETH,phishing_drainer,scamsniffer,phishing,,
0x548215163d161f5474f3909504c2baa3ddd10860,ETH,phishing_drainer,scamsniffer,phishing,,
0x549e5ccd3105e186b09f3acfec4a221c32458737,ETH,phishing_drainer,scamsniffer,phishing,,
0x54b5669fabf1d7ec58cffd753a214fc4f0434b7b,ETH,phishing_drainer,scamsniffer,phishing,,
0x54c3bdccf63c29f725dd2d9804c5655c863587ab,ETH,phishing_drainer,scamsniffer,phishing,,
0x54d470a4cbe03c92a6cd766a5b94cb3d1958f21a,ETH,phishing_drainer,scamsniffer,phishing,,
0x54e070cacbe522da1380cbe4269db4a396d86044,ETH,phishing_drainer,scamsniffer,phishing,,
0x54e4be2440d8697fef16b898a1f21e1bcdaa0412,ETH,phishing_drainer,scamsniffer,phishing,,
0x5501a55e6141ac36f35222c5b7c62d6b29a4cceb,ETH,phishing_drainer,scamsniffer,phishing,,
0x5507fc83ada25c33869ffa6b3079c5022d1100e0,ETH,phishing_drainer,scamsniffer,phishing,,
0x5509dfd69c7fe9770c8d34be00868a1f33d7b108,ETH,phishing_drainer,scamsniffer,phishing,,
0x5514e91311428553d224fa743443b160a537ad73,ETH,phishing_drainer,scamsniffer,phishing,,
0x55186046e1e33ec70dc21cd47a2f5b9d353af1f6,ETH,phishing_drainer,scamsniffer,phishing,,
0x5536c7f286595f1491461aba7176b71a4be898b2,ETH,phishing_drainer,scamsniffer,phishing,,
0x553932a13e7efa714820b2d72f68f0433d054f8a,ETH,phishing_drainer,scamsniffer,phishing,,
0x55483cd25de645fd14d6fa637e55e565141d5166,ETH,phishing_drainer,scamsniffer,phishing,,
0x5556178de6dcb747caea45e27a5b5a70101cba42,ETH,phishing_drainer,scamsniffer,phishing,,
0x555653221996e0b394e6bd32fe828128510f5636,ETH,phishing_drainer,scamsniffer,phishing,,
0x55571b8ee380a1a3a4ed9f3dff61cdde765589f4,ETH,phishing_drainer,scamsniffer,phishing,,
0x555a1b1a822c9b81636fb496254b6e1e0671d597,ETH,phishing_drainer,scamsniffer,phishing,,
0x556786088f9874a4a52b478c5374cee901beb43d,ETH,phishing_drainer,scamsniffer,phishing,,
0x557468ea6a35c733ca5524aa1d2d43d06e877d8a,ETH,phishing_drainer,scamsniffer,phishing,,
0x5575415f7158d33d443564a69b802faa7d485035,ETH,phishing_drainer,scamsniffer,phishing,,
0x5575efb656c96e2342ec9244dd0e84e17ce3eb80,ETH,phishing_drainer,scamsniffer,phishing,,
0x5576071c0ed2710c912b3846cbc0a5d8d3ab14a4,ETH,phishing_drainer,scamsniffer,phishing,,
0x557abfdace0dedf7cda4afdb62cba8da66444388,ETH,phishing_drainer,scamsniffer,phishing,,
0x5581d27d8cc433e50d29298e580a986dd797bab8,ETH,phishing_drainer,scamsniffer,phishing,,
0x5595fac5fb391f6ee28bed8ab3c2b39b0a45b935,ETH,phishing_drainer,scamsniffer,phishing,,
0x55a76bab9e51c27655872278e936c5712522c652,ETH,phishing_drainer,scamsniffer,phishing,,
0x55c3f34c992cbac8d966609773fbc441dddd9c45,ETH,phishing_drainer,scamsniffer,phishing,,
0x55cd0d4b1766895d86fe5e92fd83497c50057807,ETH,phishing_drainer,scamsniffer,phishing,,
0x55e712a70101028781af5007fdd05ea23f91e725,ETH,phishing_drainer,scamsniffer,phishing,,
0x55f3d908addd310ee57fd3cf17e445edba6d399f,ETH,phishing_drainer,scamsniffer,phishing,,
0x5614290c3276560c5f62126f6a5e9632796e5340,ETH,phishing_drainer,scamsniffer,phishing,,
0x561a5ed9f412506b9df147103aca4347f37ae954,ETH,phishing_drainer,scamsniffer,phishing,,
0x562145a321ec03d22854eb164d00e02acf2c2b32,ETH,phishing_drainer,scamsniffer,phishing,,
0x5654e88e4d33f32aaed787aaae910b8711364748,ETH,phishing_drainer,scamsniffer,phishing,,
0x5664bc7b6a9b3ab4e7793af00bada51cb3aae818,ETH,phishing_drainer,scamsniffer,phishing,,
0x566b6cecb33f94d5a99609ff85cab8885e7a71b1,ETH,phishing_drainer,scamsniffer,phishing,reveal-degenheim.com,
0x56763265e0ba13e07bbb55aaa5674b01a426992e,ETH,phishing_drainer,scamsniffer,phishing,,
0x567d1775308f920908ca2de61b7667f5cd636558,ETH,phishing_drainer,scamsniffer,phishing,,
0x56832ea128cdff4d0fade8fa1847c6b22018f43a,ETH,phishing_drainer,scamsniffer,phishing,,
0x56869242233dc749e2d39d25fbe00e65e4386431,ETH,phishing_drainer,scamsniffer,phishing,,
0x56a2ba8e5b2189c4bae9142175298ee4b7114738,ETH,phishing_drainer,scamsniffer,phishing,,
0x56af787418ddf90d2df34934e0635c4a66eaf7d9,ETH,phishing_drainer,scamsniffer,phishing,,
0x56cc5099d0df3e8087de679e291134e6797dc0b5,ETH,phishing_drainer,scamsniffer,phishing,,
0x56e6ad794b644eb6a8862b20bd477a92452ea515,ETH,phishing_drainer,scamsniffer,phishing,,
0x56ef70c45810dabaa79a3f8323f0c9cc0f42b2a3,ETH,phishing_drainer,scamsniffer,phishing,,
0x56f1feca65beb25cec92f512f43cfa1dbcf83b3d,ETH,phishing_drainer,scamsniffer,phishing,,
0x570cd82a4cef4ece41fd84de092d592ac16d10eb,ETH,phishing_drainer,scamsniffer,phishing,,
0x572019e36969b63d5b2430bd148e21d697871d6e,ETH,phishing_drainer,scamsniffer,phishing,,
0x572d53782c7a1d0e11f5ca6c759360be0f058b85,ETH,phishing_drainer,scamsniffer,phishing,,
0x573c59d7306584174a94fad7c407fdeeb401b0d8,ETH,phishing_drainer,scamsniffer,phishing,,
0x574980d8cc8ea68581d923129b4e93217c849dfe,ETH,phishing_drainer,scamsniffer,phishing,,
0x5757fd8ef5248b7f427bea5fca0c31164715fa42,ETH,phishing_drainer,scamsniffer,phishing,,
0x5758cfa411fdeadd8d294342409432b99e699c27,ETH,phishing_drainer,scamsniffer,phishing,,
0x57643dc5ba891f6c19d0d7f5bf9a5118e70cac42,ETH,phishing_drainer,scamsniffer,phishing,,
0x577ef07758a145bcd51172f3437eda21084b3735,ETH,phishing_drainer,scamsniffer,phishing,,
0x57862f4c20fd3450bf63381235b1d36095daf364,ETH,phishing_drainer,scamsniffer,phishing,,
0x579c01b82542c7c941cd6bd4d98c3d0756ab545a,ETH,phishing_drainer,scamsniffer,phishing,,
0x57b1ce09d0c05c6c5e4329c6a2b8c2d5a402637c,ETH,phishing_drainer,scamsniffer,phishing,,
0x57c5603fda50e5d1b9c69398c32cbcca89f845d4,ETH,phishing_drainer,scamsniffer,phishing,,
0x57e5c216271e6324688eedf1c36e5d0d9ec8e483,ETH,phishing_drainer,scamsniffer,phishing,,
0x57e802f79ffa68cb75edc903b8e5ef9cfffc941f,ETH,phishing_drainer,scamsniffer,phishing,,
0x57f5fca4699308be280f2a98d90bd5f39d186691,ETH,phishing_drainer,scamsniffer,phishing,,
0x581998b6907c072c81159d0b1f7ed736a6c8fde1,ETH,phishing_drainer,scamsniffer,phishing,,
0x581ee8dce2338329cc1bfcc93fa6e9518c57f14f,ETH,phishing_drainer,scamsniffer,phishing,,
0x5829621e79378c5b4fc74ff402ba587ef8db5fab,ETH,phishing_drainer,scamsniffer,phishing,,
0x582a7558ee8950a8ac4a739c96c0eabf35e3bb50,ETH,phishing_drainer,scamsniffer,phishing,,
0x582cd90bb580cc77e57f1c08530679ef778d0422,ETH,phishing_drainer,scamsniffer,phishing,,
0x5842f3359dc1a4aec5788dc1bbd952a1b9542487,ETH,phishing_drainer,scamsniffer,phishing,,
0x584743009ab27544f8dac1a97172f0100f613897,ETH,phishing_drainer,scamsniffer,phishing,xn--etheeum-job.org,
0x584b07e07c024d6d89163ad1c8396fa081e914cf,ETH,phishing_drainer,scamsniffer,phishing,,
0x584ccb05ed37d471bdf97ecd9256bdef46003242,ETH,phishing_drainer,scamsniffer,phishing,,
0x586c60d10820efc2cf678ed7c01d373cb08444d8,ETH,phishing_drainer,scamsniffer,phishing,miuzium-mint.com,
0x587deca23398c0514afb482fada76be97e3e78a0,ETH,phishing_drainer,scamsniffer,phishing,,
0x58a2555478c3a1b8c6aadd9e7b872f6b426bc944,ETH,phishing_drainer,scamsniffer,phishing,,
0x58a64315455f481c1a11dd1313477c7151e4bb3e,ETH,phishing_drainer,scamsniffer,phishing,,
0x58a7e6fb3304421fa61bff92df73c86c45f2f3ba,ETH,phishing_drainer,scamsniffer,phishing,,
0x58bec9a8351e617875e8a0d91e43fbf4b59a9393,ETH,phishing_drainer,scamsniffer,phishing,,
0x58c2477cb097dc3fab075f1263d7c92540eddfdc,ETH,phishing_drainer,scamsniffer,phishing,,
0x58e2e0e9f4d919d9b9951d42f974029663bb81d9,ETH,phishing_drainer,scamsniffer,phishing,,
0x58ea1c0616d6356c82d0282d220fe9f9b7706796,ETH,phishing_drainer,scamsniffer,phishing,,
0x5919b286ad1f7fef85d539c9b02152f4084add93,ETH,phishing_drainer,scamsniffer,phishing,,
0x5935d743402a2a766cc556ba5039c44d7996159f,ETH,phishing_drainer,scamsniffer,phishing,,
0x593a788e8bef44c4a4df7acc984e7f2ef207b3de,ETH,phishing_drainer,scamsniffer,phishing,,
0x59467919d4eada151791a663b62ca728be03d4d6,ETH,phishing_drainer,scamsniffer,phishing,,
0x5950854c11acaa2954ffed50de7fbe5434208503,ETH,phishing_drainer,scamsniffer,phishing,,
0x596ba7a94f38380d7894c5a16b3dfa4cb057b740,ETH,phishing_drainer,scamsniffer,phishing,,
0x597389e92b18c06fd19c581fbfd9a199e5e1a103,ETH,phishing_drainer,scamsniffer,phishing,,
0x597c49bcd536eac13a03d9adeba89de0496e043c,ETH,phishing_drainer,scamsniffer,phishing,,
0x597f19c863d8640acda43e5b9c024a5e55724e70,ETH,phishing_drainer,scamsniffer,phishing,,
0x59ad6ff7756e15c43c1a43a12b14f83e861b98bb,ETH,phishing_drainer,scamsniffer,phishing,,
0x59adb6b4cb18dda7f06bec25d723e901ccaa56c8,ETH,phishing_drainer,scamsniffer,phishing,,
0x59b753f271c88c663de9994003b0014c7fc886e3,ETH,phishing_drainer,scamsniffer,phishing,,
0x59bd216b973640bf109cb0e244d4404bfb89a528,ETH,phishing_drainer,scamsniffer,phishing,,
0x59c4f83aff05e4ea8ab1f00013d6f014aab40acd,ETH,phishing_drainer,scamsniffer,phishing,,
0x59cd817b39a7893a4103212fc434a6b8c172875f,ETH,phishing_drainer,scamsniffer,phishing,,
0x59e1a078545ca14e0486e663da17321207092027,ETH,phishing_drainer,scamsniffer,phishing,,
0x59fc701f9c8cecb9d0841cb714629ed324e769be,ETH,phishing_drainer,scamsniffer,phishing,,
0x59fed4cbd3434256cf0c23e4361035704e6f5579,ETH,phishing_drainer,scamsniffer,phishing,,
0x5a0dbfbdebf88c6500f23fff0a612cb1277a7b40,ETH,phishing_drainer,scamsniffer,phishing,,
0x5a40cb8d93a514699a64066718057b41118b6c01,ETH,phishing_drainer,scamsniffer,phishing,,
0x5a462ab06a81ab0ae184487ff47d45493330a758,ETH,phishing_drainer,scamsniffer,phishing,,
0x5a4d8b9f035592621b9405852b2838326df24b4d,ETH,phishing_drainer,scamsniffer,phishing,,
0x5a568d8280d499083f6b1bf1d4b546ac24486948,ETH,phishing_drainer,scamsniffer,phishing,,
0x5a697967f0791d12db8a0f92344abc6dd07a1c17,ETH,phishing_drainer,scamsniffer,phishing,,
0x5a6fb0306cad30272ed2d70a76af9ba3d64f0345,ETH,phishing_drainer,scamsniffer,phishing,,
0x5a7246e88ad5a09db41f060a98c12020a548ed83,ETH,phishing_drainer,scamsniffer,phishing,,
0x5a734556809124ab5ed07344aa8c0114a7554dbd,ETH,phishing_drainer,scamsniffer,phishing,,
0x5a79342824840986e8330a43f5e0fde8d5b77d4e,ETH,phishing_drainer,scamsniffer,phishing,,
0x5a83994776c9cfa7a049548bffbf003901b9764e,ETH,phishing_drainer,scamsniffer,phishing,,
0x5a83a53e27d4d039950aae2142824dabbc192475,ETH,phishing_drainer,scamsniffer,phishing,,
0x5a8fd953eff277a3b98fd6e6009ec63b8e5a97e6,ETH,phishing_drainer,scamsniffer,phishing,,
0x5a95be03c537253cdfdb43582f7cdbb919dbaa05,ETH,phishing_drainer,scamsniffer,phishing,,
0x5aaa4b5bf9c2e6c194c1155b33ef7a4d257625b7,ETH,phishing_drainer,scamsniffer,phishing,,
0x5aabf31d89547c037e96cd3cdda88bf54a0dded2,ETH,phishing_drainer,scamsniffer,phishing,,
0x5ac4bfb8a5852d1d40b7186ab09cc090e07241ef,ETH,phishing_drainer,scamsniffer,phishing,,
0x5ad2d1998169e0a15fc2161dc98946e917e0c7d5,ETH,phishing_drainer,scamsniffer,phishing,,
0x5ad5754109718cc3837c3e872c907b7a6c7d25b4,ETH,phishing_drainer,scamsniffer,phishing,,
0x5adb47a987c2fb45a623b066d05b89f591243174,ETH,phishing_drainer,scamsniffer,phishing,,
0x5ae226c5755ca1661715d05139fb8595c9c07235,ETH,phishing_drainer,scamsniffer,phishing,,
0x5ae245b095526d3680dcf0192b4d531333cc8c64,ETH,phishing_drainer,scamsniffer,phishing,,
0x5aefae631a896bcecec55ef2a209c9234b948184,ETH,phishing_drainer,scamsniffer,phishing,,
0x5af12b3bf16a0a45f7414846f46db567daff82fb,ETH,phishing_drainer,scamsniffer,phishing,,
0x5b0f92c4aa7ce699b7c7397a76bc7e9d4cdb58e3,ETH,phishing_drainer,scamsniffer,phishing,,
0x5b13f5ec5d5df107807416608be0925d4e3f74be,ETH,phishing_drainer,scamsniffer,phishing,,
0x5b14f58c33da0477da3cab4b4a54286d1abd5042,ETH,phishing_drainer,scamsniffer,phishing,,
0x5b19a172b4ce95310d14f49c3575ed84f9b55b27,ETH,phishing_drainer,scamsniffer,phishing,,
0x5b1fe1319e251f8d8875162b66575a262adf2d73,ETH,phishing_drainer,scamsniffer,phishing,,
0x5b233ade1ee3b265bd5098a5ab81df2455ead0ec,ETH,phishing_drainer,scamsniffer,phishing,,
0x5b3412197839945a7c34ed9b69e46e4e2aeb53cf,ETH,phishing_drainer,scamsniffer,phishing,,
0x5b372d489f01c9f54946993d7049cd182af98866,ETH,phishing_drainer,scamsniffer,phishing,,
0x5b41ff24331cdc89404bda7656324db2737f28ae,ETH,phishing_drainer,scamsniffer,phishing,,
0x5b4ae7d49421705882e999a75ecdfdfe17da7878,ETH,phishing_drainer,scamsniffer,phishing,,
0x5b55f322c9b72f00e7b451e8dde6555dbfdbdb9e,ETH,phishing_drainer,scamsniffer,phishing,,
0x5b791a69b40416358229166f8c576ed71ec10647,ETH,phishing_drainer,scamsniffer,phishing,,
0x5b84abfe2dca43ea5d0ab3ce3799c330995317c8,ETH,phishing_drainer,scamsniffer,phishing,,
0x5b8a425ac4a041389d88ea309f1cfd2b58adfe71,ETH,phishing_drainer,scamsniffer,phishing,,
0x5b93432e37a9289c9b5ec88dac84f5091bf6a7cb,ETH,phishing_drainer,scamsniffer,phishing,,
0x5ba8797aafc4991c4123d8932a6675ee500dbdc5,ETH,phishing_drainer,scamsniffer,phishing,,
0x5ba9c407e6ffdd566b666b231fd3c0cf62687043,ETH,phishing_drainer,scamsniffer,phishing,,
0x5bab1eb26363c7c688f7d303a409c53d3fb5a47c,ETH,phishing_drainer,scamsniffer,phishing,,
0x5bae48cdc78944693e010c5ad95862d1879395c5,ETH,phishing_drainer,scamsniffer,phishing,,
0x5bbd726c0455ade17dea775ef32a5373b38a9a9b,ETH,phishing_drainer,scamsniffer,phishing,,
0x5bcf729e1815879878dbbcb5af17978a36ddbf10,ETH,phishing_drainer,scamsniffer,phishing,,
0x5bd06e4bebe156686082b9098ddf5376f5644d3f,ETH,phishing_drainer,scamsniffer,phishing,,
0x5bd0f7d5e5a011671475599d21364575b3fddaca,ETH,phishing_drainer,scamsniffer,phishing,,
0x5bef9062a8c8c45ca2cdf01d75c8a523458fe989,ETH,phishing_drainer,scamsniffer,phishing,,
0x5bf5745c159d3c5b91f6ec3445603622af78a835,ETH,phishing_drainer,scamsniffer,phishing,,
0x5c0895c2178b4f13c09b070df5747748da20b93c,ETH,phishing_drainer,scamsniffer,phishing,,
0x5c1aab6850e73c5b79bf104f6a98b8c8597e6b86,ETH,phishing_drainer,scamsniffer,phishing,,
0x5c327005823406875fef11df769613cbcaa54f10,ETH,phishing_drainer,scamsniffer,phishing,,
0x5c38ab1da4907ad1fb07b46b745dcfa0288f04de,ETH,phishing_drainer,scamsniffer,phishing,,
0x5c56a826334aa80b3f5d64bb4f69dcc4bdd79d17,ETH,phishing_drainer,scamsniffer,phishing,,
0x5c851d441fc0a03c844b2bb8a5d1019a409045fb,ETH,phishing_drainer,scamsniffer,phishing,,
0x5c893fba70df50d70ec98c8df85dc6078247afb2,ETH,phishing_drainer,scamsniffer,phishing,,
0x5c97bb5dbb87d196b3f93a4e6d84aee859d4acc3,ETH,phishing_drainer,scamsniffer,phishing,,
0x5ca8cecd41c761f7d84c0324a4a017fe2cfb1129,ETH,phishing_drainer,scamsniffer,phishing,,
0x5cd6ac5769b65bb8e032946faed88ea9e6892585,ETH,phishing_drainer,scamsniffer,phishing,,
0x5cdeae44f986fe1120d594cf21dfbc01f4b3a3f4,ETH,phishing_drainer,scamsniffer,phishing,,
0x5cfefd4242c339555614f2d5d663ad3b2eea7200,ETH,phishing_drainer,scamsniffer,phishing,,
0x5d13ee1d5653290e95e29595478dc833848d26f4,ETH,phishing_drainer,scamsniffer,phishing,,
0x5d1d8eb04ec907e7bbb30975d852977ba648c559,ETH,phishing_drainer,scamsniffer,phishing,,
0x5d32dea089e4a3a56c46b33c975c14272136d04e,ETH,phishing_drainer,scamsniffer,phishing,,
0x5d434f2805d4deffa7469921931da222b0c58229,ETH,phishing_drainer,scamsniffer,phishing,,
0x5d6ceed5526bee19cf714d598f23ec0fcc15a937,ETH,phishing_drainer,scamsniffer,phishing,,
0x5d79d96b13a28f84b3969106c947dbaa13a17ead,ETH,phishing_drainer,scamsniffer,phishing,,
0x5d88866271e0e4e55ca44ca16f7b1098cb449933,ETH,phishing_drainer,scamsniffer,phishing,,
0x5d94a4121fc08fcd95ee4de0b72ff549ad8531f4,ETH,phishing_drainer,scamsniffer,phishing,,
0x5d985ac432bb38452718356fcc7e3944b8b8cf9f,ETH,phishing_drainer,scamsniffer,phishing,,
0x5da4133263ca39dfbc51b1fa47352fef9249d606,ETH,phishing_drainer,scamsniffer,phishing,,
0x5db40b7f7cb0c2b03605499308af850112048137,ETH,phishing_drainer,scamsniffer,phishing,,
0x5dbeb0fe0e6b5a03e9912628df6a073aeabe5b47,ETH,phishing_drainer,scamsniffer,phishing,,
0x5dc97e06e0933d6b4c30ef43157193b6a363a483,ETH,phishing_drainer,scamsniffer,phishing,,
0x5dcc4ec2e9c12ab2af2ebe010ea8bf6b41daa80a,ETH,phishing_drainer,scamsniffer,phishing,,
0x5de7bf8c058d39a532b62463a127c3ff77d3b9ed,ETH,phishing_drainer,scamsniffer,phishing,,
0x5dfb816ee5a63245bb4a4472ffa2e46fa8e522d3,ETH,phishing_drainer,scamsniffer,phishing,,
0x5e0102e6448b602fcd955fcfc7ceea9a36e7e5f0,ETH,phishing_drainer,scamsniffer,phishing,,
0x5e04d1b0047300038323b9ac5f7cb9e0843e15e6,ETH,phishing_drainer,scamsniffer,phishing,,
0x5e17206c726fe29ce0b4bd5fd1866d44adf21e9a,ETH,phishing_drainer,scamsniffer,phishing,,
0x5e188a91aca51ec3968ad32034c03a8c398aaa78,ETH,phishing_drainer,scamsniffer,phishing,,
0x5e19c5c80881fc78003267f8a72b80977ac429dd,ETH,phishing_drainer,scamsniffer,phishing,,
0x5e225fa1ad17f765d31c5ecadb0119c50f25a59e,ETH,phishing_drainer,scamsniffer,phishing,,
0x5e27220075a427a1c7e5826612470381b18b0ddc,ETH,phishing_drainer,scamsniffer,phishing,,
0x5e2904aa79f8df9d427e7026fc5b185fb3b62ebc,ETH,phishing_drainer,scamsniffer,phishing,,
0x5e55cd9ff52fdd94d6c84bc20ee717976414dd9a,ETH,phishing_drainer,scamsniffer,phishing,,
0x5e5c79dce5ac88e28861c33952708e75d8c9d49c,ETH,phishing_drainer,scamsniffer,phishing,,
0x5e6d9399a9c387053361b9bd1d5706548e425bc8,ETH,phishing_drainer,scamsniffer,phishing,,
0x5e6ec63f39f75f9af42f3738ea26a034b62ba6a8,ETH,phishing_drainer,scamsniffer,phishing,,
0x5e7e56d8a1c57aa910d59a81b5fbe3c362b81c92,ETH,phishing_drainer,scamsniffer,phishing,,
0x5ea744f61feb1f253c671a79f494e43634f70c3d,ETH,phishing_drainer,scamsniffer,phishing,,
0x5eb0efd1c84dda823969a57a74bbbd7bc277dc3b,ETH,phishing_drainer,scamsniffer,phishing,,
0x5eb5d601f600264a7847297e7426a4d2ee4624b5,ETH,phishing_drainer,scamsniffer,phishing,,
0x5ee4a19bf6d6908ab12853af169575bbfecf8bfe,ETH,phishing_drainer,scamsniffer,phishing,,
0x5ee716747f19bab6b49e86b152bec56892810f83,ETH,phishing_drainer,scamsniffer,phishing,,
0x5f00a29882b5683586afd0baa4e22b083b941978,ETH,phishing_drainer,scamsniffer,phishing,,
0x5f036566e7bfdc1665d2538fee2fefffe94389d9,ETH,phishing_drainer,scamsniffer,phishing,,
0x5f0d5fe5955de852b5a40e8404a672da0c8b80cb,ETH,phishing_drainer,scamsniffer,phishing,,
0x5f0fbf1bb3e553c2edfd887dd9f2308792f162b9,ETH,phishing_drainer,scamsniffer,phishing,,
0x5f113f23ded36aadc41ed27c5398d409fe716aba,ETH,phishing_drainer,scamsniffer,phishing,,
0x5f22e85bea19f17a888886ef3b098b95c932cdec,ETH,phishing_drainer,scamsniffer,phishing,,
0x5f2cf04e6d61add09b2d3a3ccd01b00b27254b3d,ETH,phishing_drainer,scamsniffer,phishing,,
0x5f42269e5f625c85d376a13b76692f1a81b38d8a,ETH,phishing_drainer,scamsniffer,phishing,,
0x5f691a593c8579e6665da6d80176011237edfc3c,ETH,phishing_drainer,scamsniffer,phishing,,
0x5f6ec770a65da872de955eb00c7c1d04cdd21088,ETH,phishing_drainer,scamsniffer,phishing,,
0x5f8c6ebacc92ac94257fa97f36d56fc7060fe07f,ETH,phishing_drainer,scamsniffer,phishing,,
0x5f95fe0dbd6cbd03afa160f4d9aead9d44cf9ce6,ETH,phishing_drainer,scamsniffer,phishing,,
0x5fa585fd8428ca46beaf7d2694946aa9eb22ebf8,ETH,phishing_drainer,scamsniffer,phishing,,
0x5fa592f45abaca4105f469884a9d46cdebd82f9a,ETH,phishing_drainer,scamsniffer,phishing,,
0x5fa8a107ba6b2a6375762621a9c100fc1ea92ff9,ETH,phishing_drainer,scamsniffer,phishing,nftpages.net,
0x5faf3e692e3a4cd3a329ca5f628f6d509e1412dc,ETH,phishing_drainer,scamsniffer,phishing,,
0x5fbc2c6a25a05b42ae6b6e3c65a8caf5a4cd2e1b,ETH,phishing_drainer,scamsniffer,phishing,,
0x5fc214cdec2c6947208c28948f9c1a771f05f96a,ETH,phishing_drainer,scamsniffer,phishing,,
0x5fc21eb62919c57c2cd8f45123d684fa82013b6c,ETH,phishing_drainer,scamsniffer,phishing,,
0x5fc491685c463afc945c93c1a0790c640026f6da,ETH,phishing_drainer,scamsniffer,phishing,,
0x5fc7c85c6b7cbc0b7afb791edfdd5348ae580bdb,ETH,phishing_drainer,scamsniffer,phishing,ancientcatsclub.io,
0x5fca7cbce9d89ba2da086bcfae9b9223aeb7e6c1,ETH,phishing_drainer,scamsniffer,phishing,,
0x5fd035b7a7f06bf4be4212422ac15d84a8639772,ETH,phishing_drainer,scamsniffer,phishing,,
0x5fdfa3027e7dfb2acbd70698d04bdd0ad1034f0f,ETH,phishing_drainer,scamsniffer,phishing,,
0x5fe411b416c3c782ddfe083473d275f7754b64fa,ETH,phishing_drainer,scamsniffer,phishing,,
0x5fe58d8366aa4a891f87f760c45f55075ed6998f,ETH,phishing_drainer,scamsniffer,phishing,,
0x5feb5fcea4b75fc7169a5bfdfc716c67e8e471b4,ETH,phishing_drainer,scamsniffer,phishing,,
0x5fefaecf71ad78357d1bc0b5832a87016e2158cd,ETH,phishing_drainer,scamsniffer,phishing,,
0x5ff4543a65e3e29f92c002d21757777edd386db5,ETH,phishing_drainer,scamsniffer,phishing,,
0x600f1bd5729ae704719c8c2f8a09073ada7d86c3,ETH,phishing_drainer,scamsniffer,phishing,,
0x6011ac0035cacd356ef9cbb404166ae793a1f4ba,ETH,phishing_drainer,scamsniffer,phishing,,
0x601d55d810e80b6be82dea7c48f596257e594b56,ETH,phishing_drainer,scamsniffer,phishing,,
0x60263b8236349474f0a43ff8188b0f1748a0ad8c,ETH,phishing_drainer,scamsniffer,phishing,,
0x602b210924c3ffe4eb68e8f40325562c277acea2,ETH,phishing_drainer,scamsniffer,phishing,,
0x6035b34ae02389da3859e1f625e56e66a49656be,ETH,phishing_drainer,scamsniffer,phishing,,
0x60396e55d31ffe2f8d24c94af43963be5ade3349,ETH,phishing_drainer,scamsniffer,phishing,,
0x6043a82e3e8a67d3bfe11f91c73087b2708446e7,ETH,phishing_drainer,scamsniffer,phishing,,
0x60494ce10c4467ae8b2e29fc4e26b446db194f14,ETH,phishing_drainer,scamsniffer,phishing,,
0x6054981ca84b0c54b722205015dcbbd8720cf9d0,ETH,phishing_drainer,scamsniffer,phishing,,
0x6066d328f4492aed354660d3978077ed2220e451,ETH,phishing_drainer,scamsniffer,phishing,,
0x606cc4ffcf9fe049e4b8e40c03a7db2d905c34b8,ETH,phishing_drainer,scamsniffer,phishing,,
0x6075eb07fc1e2acb47753db3abc9b4ccc4893cc8,ETH,phishing_drainer,scamsniffer,phishing,,
0x60786b4545cdc03749d6230d31ef71c56151cf6b,ETH,phishing_drainer,scamsniffer,phishing,,
0x6098ac2c66b44324da44bd289b7c43924224961a,ETH,phishing_drainer,scamsniffer,phishing,,
0x60c0f5a79a42ea8ec69a056049d75f3be887fa40,ETH,phishing_drainer,scamsniffer,phishing,,
0x60d12d2f360de2bbc404164933005156dbc590fc,ETH,phishing_drainer,scamsniffer,phishing,,
0x60e9a36b0c3d256d830a35bea3afa108a600cb48,ETH,phishing_drainer,scamsniffer,phishing,,
0x60f30dafcd3d885174788ebfaec1609b3e867208,ETH,phishing_drainer,scamsniffer,phishing,,
0x61018bdce873eb4a325b35471443bf4805f0da81,ETH,phishing_drainer,scamsniffer,phishing,,
0x61066ee741759665f7852f634537b2a335466898,ETH,phishing_drainer,scamsniffer,phishing,,
0x610cb908a442b5d49f2e001f6934965a899a141d,ETH,phishing_drainer,scamsniffer,phishing,,
0x611bc1138c4bf87bb7e487be93b6be35254d18d0,ETH,phishing_drainer,scamsniffer,phishing,,
0x61356ac53e6ea99383044581a9b5e20afab8732c,ETH,phishing_drainer,scamsniffer,phishing,,
0x61375c9e8da3a90cf02a3c1fd28e983c6e529195,ETH,phishing_drainer,scamsniffer,phishing,,
0x61480d37dba0519a95f2318a642cab44ec84cbfb,ETH,phishing_drainer,scamsniffer,phishing,,
0x6168ad961bee3bc9b0ff31a2de3179f30708aac1,ETH,phishing_drainer,scamsniffer,phishing,,
0x616df95d03a68cf42f7f8290af7c75ad28c00e22,ETH,phishing_drainer,scamsniffer,phishing,,
0x61756b595d4a6de33c28e1a5a2c9761fdab90efe,ETH,phishing_drainer,scamsniffer,phishing,,
0x618437b3a94596c3e3e733ca4fc0d7b3a34361ab,ETH,phishing_drainer,scamsniffer,phishing,,
0x61843ec42caf7f3f5e97f96f90725fc7bd3c43dd,ETH,phishing_drainer,scamsniffer,phishing,,
0x61a1434eab6c22e3c1b88aeeba99d31ef40ca65c,ETH,phishing_drainer,scamsniffer,phishing,,
0x61a3266c1e5570884c3cb042209d04af4d157aee,ETH,phishing_drainer,scamsniffer,phishing,,
0x61a59393daeb8391a2da2c5ad9d38db515a963c5,ETH,phishing_drainer,scamsniffer,phishing,,
0x61b006fb5017161ea27f01ba787f254119df960a,ETH,phishing_drainer,scamsniffer,phishing,,
0x61b03ee8b0016e0e7a0be0597d997de30e3ec7d1,ETH,phishing_drainer,scamsniffer,phishing,,
0x61b4c3ba5282e4eedb396ca0bc2bd878d339c197,ETH,phishing_drainer,scamsniffer,phishing,,
0x61c150ad33833f19a08a0552cf6726966f336bbd,ETH,phishing_drainer,scamsniffer,phishing,,
0x61d9a39d56fbace4ddf26a738325ac046cf12652,ETH,phishing_drainer,scamsniffer,phishing,,
0x62113624103bcb48e710bd00fff6da7f7085769d,ETH,phishing_drainer,scamsniffer,phishing,,
0x62210da2e85fa574f6b372479f7c7ad36e9f1a90,ETH,phishing_drainer,scamsniffer,phishing,,
0x622adeae91fa0d1fbd08cc37cc1bdae1d4cc0738,ETH,phishing_drainer,scamsniffer,phishing,,
0x62313f263a7eb371bffc3f8edfede1fd54488fca,ETH,phishing_drainer,scamsniffer,phishing,,
0x623b8d88278bb7be6fc3e90e71e3dd4bad6b9771,ETH,phishing_drainer,scamsniffer,phishing,,
0x623bef9c6b65d0099e4e163e59d2fff2571afdcf,ETH,phishing_drainer,scamsniffer,phishing,,
0x623fdcf65c4044421d4caa7df58803514f556022,ETH,phishing_drainer,scamsniffer,phishing,,
0x6243670b609cb91a6ddcf5cd19195c3628055638,ETH,phishing_drainer,scamsniffer,phishing,,
0x62474d6c379788be4f9cddc0e67c3013a78522d9,ETH,phishing_drainer,scamsniffer,phishing,,
0x625269a214fa31a8caaff203878fb15d373c2b86,ETH,phishing_drainer,scamsniffer,phishing,,
0x625329977fc746493865d84c880bdab697c31b0a,ETH,phishing_drainer,scamsniffer,phishing,,
0x625498d243f432fe24b6d3371f9e50f60ba8fe04,ETH,phishing_drainer,scamsniffer,phishing,,
0x625bebea868a3053636a6719d683fd7e793fdb79,ETH,phishing_drainer,scamsniffer,phishing,,
0x6268330f39dbaed2631b0f664b2bc042fdd69849,ETH,phishing_drainer,scamsniffer,phishing,,
0x627a6d79057393f1cbb6b6a7c9b19dac5daed17a,ETH,phishing_drainer,scamsniffer,phishing,,
0x627fe14e789380067688058c1f23d16b0690eb2c,ETH,phishing_drainer,scamsniffer,phishing,,
0x629f2232158b9a33cddff531669791ff742428a0,ETH,phishing_drainer,scamsniffer,phishing,,
0x62acd4598940ba8d520510fdc4253b1257caa9be,ETH,phishing_drainer,scamsniffer,phishing,,
0x62c65e81270bb576ee8a0178447d039e1be8a886,ETH,phishing_drainer,scamsniffer,phishing,,
0x62d865c887bf611a2d087bcaf9c13c4dbfd55ff8,ETH,phishing_drainer,scamsniffer,phishing,,
0x62d902deaedd0330f5bc6a9833203762a12da2d4,ETH,phishing_drainer,scamsniffer,phishing,,
0x62df525ef34a96571e34d6e7b34148b052dd6653,ETH,phishing_drainer,scamsniffer,phishing,,
0x62e34cda1a6e6e399bd5872b74e95973debd15ce,ETH,phishing_drainer,scamsniffer,phishing,,
0x62ef62e7936565b0274390041444cb46e8213195,ETH,phishing_drainer,scamsniffer,phishing,,
0x63069319cbb5fb3173eeccc78cc26b2b2ce7816e,ETH,phishing_drainer,scamsniffer,phishing,,
0x630acaecc100c47e3329450634a5985b1451b2d4,ETH,phishing_drainer,scamsniffer,phishing,,
0x6317d43b1738a9c0f185ab4cb89901b8b78976d4,ETH,phishing_drainer,scamsniffer,phishing,,
0x631945492c2a5189ee8fdb6d4cd802c7fd8ae332,ETH,phishing_drainer,scamsniffer,phishing,,
0x631961e37e2b587ad9296cfd16323df4652581ff,ETH,phishing_drainer,scamsniffer,phishing,,
0x633185b0765a2aa07d64548bf328e8ec18e26eaf,ETH,phishing_drainer,scamsniffer,phishing,,
0x6335ca066cee5af231436d92fa694f1ecbc60e5d,ETH,phishing_drainer,scamsniffer,phishing,,
0x6344b7e6886650e49f807de409db736057c67edf,ETH,phishing_drainer,scamsniffer,phishing,,
0x6344da0f1cac9256bc13712d7665e40109c1af47,ETH,phishing_drainer,scamsniffer,phishing,,
0x634f84a3392d88a5869bf8558291be81b9d5b787,ETH,phishing_drainer,scamsniffer,phishing,,
0x635241d839ecbdc5eb47874138053288e92f4dbc,ETH,phishing_drainer,scamsniffer,phishing,,
0x63567f3e97626cb4500506987e2d20bb7584d902,ETH,phishing_drainer,scamsniffer,phishing,,
0x63605e53d422c4f1ac0e01390ac59aaf84c44a51,ETH,phishing_drainer,scamsniffer,phishing,,
0x6380dc72994aa4bcfb8d26f923a6939f3d5e65ef,ETH,phishing_drainer,scamsniffer,phishing,,
0x63ae15f74612d63ed5bae303fb1bab66f1b816ac,ETH,phishing_drainer,scamsniffer,phishing,,
0x63cffd384f4a880117de9641673a567c4f2c23b6,ETH,phishing_drainer,scamsniffer,phishing,,
0x63e175e56c58f270de017882b2eb486d14764124,ETH,phishing_drainer,scamsniffer,phishing,,
0x63e298aa312a0d7e636112a2aa85d43030607025,ETH,phishing_drainer,scamsniffer,phishing,,
0x63f7aa9a9ceab424d3b4ff81fd39d9b9560a2059,ETH,phishing_drainer,scamsniffer,phishing,,
0x64057d3d4f9e85be89d44aa825438c9e026cf398,ETH,phishing_drainer,scamsniffer,phishing,,
0x640bfe98ee0799b892486ef916ed2e07efffc27c,ETH,phishing_drainer,scamsniffer,phishing,,
0x6419f170308928633e0afd8ba6a42f684ef891f2,ETH,phishing_drainer,scamsniffer,phishing,,
0x641f54c31c09c584a52ac4bdf2b801933f45b043,ETH,phishing_drainer,scamsniffer,phishing,,
0x6446058612b572e59fe0ab895ea94d083ca90473,ETH,phishing_drainer,scamsniffer,phishing,,
0x64480d380da9abbc9c95f8ca44bfcf1682bb4788,ETH,phishing_drainer,scamsniffer,phishing,,
0x644866bc9eb61766692fdcba7c6214342ab19b8b,ETH,phishing_drainer,scamsniffer,phishing,,
0x6459661231d38538a2296fa14105d3adc6532f31,ETH,phishing_drainer,scamsniffer,phishing,,
0x6470e514f665fa5284fe8e42568a112e908b9359,ETH,phishing_drainer,scamsniffer,phishing,,
0x64726c9f0148331e5433122fa85943b8ecdbcd92,ETH,phishing_drainer,scamsniffer,phishing,,
0x6484b20a4eb653e0153b2ead79da7fc4d44e12d2,ETH,phishing_drainer,scamsniffer,phishing,,
0x64abed8223542e65e1744f33525084382137e951,ETH,phishing_drainer,scamsniffer,phishing,,
0x64b24217ee56fded008162d9ac00ae0a339bd039,ETH,phishing_drainer,scamsniffer,phishing,,
0x64badd85ea665a9a616dad2b87825913c3c0e68f,ETH,phishing_drainer,scamsniffer,phishing,,
0x64c9066cbd741093abba7ae990afc6e671c4abe6,ETH,phishing_drainer,scamsniffer,phishing,,
0x64cf71225ec98a11577fa19ad78251e994a9dac5,ETH,phishing_drainer,scamsniffer,phishing,,
0x64ec1cf0f4f315e95a1da0f113240db4a6ea2bad,ETH,phishing_drainer,scamsniffer,phishing,,
0x650539492385343f907b23498c27484eeb9df03e,ETH,phishing_drainer,scamsniffer,phishing,,
0x651537952aded446fdee91124679d8562bdd059f,ETH,phishing_drainer,scamsniffer,phishing,,
0x651a39365573b647c8f5eb68edd0e38ae4e0371d,ETH,phishing_drainer,scamsniffer,phishing,,
0x651af62a8d3c83c1bdd6c8fad336eaccece9cd91,ETH,phishing_drainer,scamsniffer,phishing,,
0x656f840a06c769f44b7d39a1df04897af052795e,ETH,phishing_drainer,scamsniffer,phishing,,
0x6572bcfeed46967a93dfbfa632659258a2f52c45,ETH,phishing_drainer,scamsniffer,phishing,,
0x65780c01487d68851b12a3e023cc474c3fa2ff2c,ETH,phishing_drainer,scamsniffer,phishing,,
0x657945a02d334226f9560f8e6d3a8f181c1b9bff,ETH,phishing_drainer,scamsniffer,phishing,,
0x65821b06d16832cd8d00a1bfc326565cc00bf48c,ETH,phishing_drainer,scamsniffer,phishing,,
0x6582f2e484b02170e709cafd09b7750e944bd24d,ETH,phishing_drainer,scamsniffer,phishing,,
0x65a6906c55f7515095d2d638ddf338a7ba87c3ef,ETH,phishing_drainer,scamsniffer,phishing,,
0x65ac40cdf2db52292e119ff7471b107f51006105,ETH,phishing_drainer,scamsniffer,phishing,,
0x65bb455e9a94622e0856ac55cb8597d108c6fa71,ETH,phishing_drainer,scamsniffer,phishing,,
0x65d5f38e5292dc0e50e3260d4ec42d2b182b0083,ETH,phishing_drainer,scamsniffer,phishing,,
0x65e37c99f403c13aa00be8625515484c26fd5f3a,ETH,phishing_drainer,scamsniffer,phishing,,
0x6625a707a229c9f77b6dddfe88fa8f6f1a03a293,ETH,phishing_drainer,scamsniffer,phishing,,
0x66366e33b26965700b006f536ee618a6cd1dd158,ETH,phishing_drainer,scamsniffer,phishing,,
0x6651c325047d482f9e16a4f986db33508d89dd41,ETH,phishing_drainer,scamsniffer,phishing,,
0x6666ea71b7c52b61fde5faed791902937986ee1c,ETH,phishing_drainer,scamsniffer,phishing,,
0x666a135f40cf8fef3bdf47e707a8cb5b682858c9,ETH,phishing_drainer,scamsniffer,phishing,,
0x666b72edd5baee2c939436241441d8210e254158,ETH,phishing_drainer,scamsniffer,phishing,,
0x667200d20087357f77a5b5e5805575285ee27571,ETH,phishing_drainer,scamsniffer,phishing,,
0x66833c45d52b3f950cb60368a5fd30b84754c17f,ETH,phishing_drainer,scamsniffer,phishing,,
0x668bf3c9b97156725de265711539815f920c5520,ETH,phishing_drainer,scamsniffer,phishing,,
0x669701fdaf54058e6498aba4004221d400ba5ff8,ETH,phishing_drainer,scamsniffer,phishing,,
0x669e3d76e6e812e623f6679274d75c20e70bfb65,ETH,phishing_drainer,scamsniffer,phishing,,
0x669fa54badd538af64d3190b228e164e3b3da3ad,ETH,phishing_drainer,scamsniffer,phishing,,
0x66abe62b7f14d9465787119bf59c2c05c79eaf61,ETH,phishing_drainer,scamsniffer,phishing,,
0x66c7b75366947f07b5afd7d795833b0a490a6147,ETH,phishing_drainer,scamsniffer,phishing,,
0x66dc1f8dd762c182a9bd9dce47b181c9c414e656,ETH,phishing_drainer,scamsniffer,phishing,,
0x66e704eece448b840ab2658dd31d4c98a25f8274,ETH,phishing_drainer,scamsniffer,phishing,,
0x66efc9f2604dc771d0081111b296a1e98d4f0a57,ETH,phishing_drainer,scamsniffer,phishing,,
0x66fe880c950577bc506cab112ce252dea6aff3df,ETH,phishing_drainer,scamsniffer,phishing,,
0x6714674bc01aaf42308ccb94a4612b5b0a7b9671,ETH,phishing_drainer,scamsniffer,phishing,,
0x6738e6c11088eb5b9099e43b2edc52b276a7670d,ETH,phishing_drainer,scamsniffer,phishing,,
0x6752580ff714db72e5904901c458f6703fa29c03,ETH,phishing_drainer,scamsniffer,phishing,,
0x675a1043007eb09d959fef1f229186d0280a1543,ETH,phishing_drainer,scamsniffer,phishing,,
0x676ca33022fb1a41c6cfe47eac2e896f398e5783,ETH,phishing_drainer,scamsniffer,phishing,,
0x677194b74f7b080b211515a1b97229dea910604f,ETH,phishing_drainer,scamsniffer,phishing,,
0x67880a84e2c63d48f2cae06588049218274a2fa5,ETH,phishing_drainer,scamsniffer,phishing,,
0x678ee51f91d27e9c835796ce4cd854e0621a61f9,ETH,phishing_drainer,scamsniffer,phishing,,
0x67965987847e97771bdb39aee2a5c1469f719791,ETH,phishing_drainer,scamsniffer,phishing,aireth.pro,
0x679dbce52f42f277b59859c5a3b4953a6fff3e46,ETH,phishing_drainer,scamsniffer,phishing,,
0x67a8142d93ec172175bccce4969873058b56290a,ETH,phishing_drainer,scamsniffer,phishing,,
0x67bba05e09d7ef9fe3fbfd0345efb206dacfaffb,ETH,phishing_drainer,scamsniffer,phishing,,
0x67c6bdd85e0c71c8bd82b09e864daf4c7fbae610,ETH,phishing_drainer,scamsniffer,phishing,,
0x67e16ea3aa6e606d604893063b6934542ca44d27,ETH,phishing_drainer,scamsniffer,phishing,,
0x67e58531f664b4f69a118add7824cac8755f27f2,ETH,phishing_drainer,scamsniffer,phishing,,
0x67e955886174a73e089af538882c2cae3fd15a84,ETH,phishing_drainer,scamsniffer,phishing,,
0x67f51179b59d32563a1ad370b717a82cfb081ced,ETH,phishing_drainer,scamsniffer,phishing,,
0x67fa4a0f281f1357b5de93ba31ace30054e12ec4,ETH,phishing_drainer,scamsniffer,phishing,,
0x6806f8a116b5ed1c3b46b473a2787affa1fe1abb,ETH,phishing_drainer,scamsniffer,phishing,,
0x68144468bc9170c0391b5e2cf75fa4a6fca252d3,ETH,phishing_drainer,scamsniffer,phishing,,
0x682eb8c32496082f3c68166db6eee94a7e19b0a1,ETH,phishing_drainer,scamsniffer,phishing,,
0x6831176e6d49ae91016ebb276598c1f227a7ae52,ETH,phishing_drainer,scamsniffer,phishing,,
0x685e7db34eae3320fe1673b1507c12b6a6a19324,ETH,phishing_drainer,scamsniffer,phishing,,
0x6895a3558b765d8bd60a0c1617c0eab99e5c8574,ETH,phishing_drainer,scamsniffer,phishing,,
0x689b378f9c1ab4c37d25112ca6b8da787eca72ba,ETH,phishing_drainer,scamsniffer,phishing,,
0x68a94ced96b5662d088ac5de35768df987e57130,ETH,phishing_drainer,scamsniffer,phishing,,
0x68adeec1ad223ac71a36ed9a2d2a0ade7ccb1ef7,ETH,phishing_drainer,scamsniffer,phishing,,
0x68ae722be0e8d360325e933bbd584de2a434f815,ETH,phishing_drainer,scamsniffer,phishing,,
0x68b20c30db178decc96c3e6e7414801d5154d791,ETH,phishing_drainer,scamsniffer,phishing,,
0x68b80574cf8733ebeb0f8056820f84f82f76f323,ETH,phishing_drainer,scamsniffer,phishing,,
0x68baa34a07eb045beee0b32f70a84e9fa71ad669,ETH,phishing_drainer,scamsniffer,phishing,,
0x68bd6076f8af20f669c58b4422b20b6dbb2766ae,ETH,phishing_drainer,scamsniffer,phishing,,
0x68c511153fa90d87c98f96d1431bae7c1ce6e90c,ETH,phishing_drainer,scamsniffer,phishing,,
0x68e415eb5bd36dd0dcd69f6bbb7099a594309b8f,ETH,phishing_drainer,scamsniffer,phishing,,
0x68e42c2e8d088c822f83543bc819bba6883f2f83,ETH,phishing_drainer,scamsniffer,phishing,,
0x68f1f37df65b74501b38c7f1e38a28807250a635,ETH,phishing_drainer,scamsniffer,phishing,,
0x68f54b92c9b985e17bb33328e11a0193f7a6451b,ETH,phishing_drainer,scamsniffer,phishing,,
0x68f5e08784d6e0725051c8850c016372fb62231d,ETH,phishing_drainer,scamsniffer,phishing,,
0x68f9b323b600796d50b5f95af07bf988c965b946,ETH,phishing_drainer,scamsniffer,phishing,,
0x691ff47ec401e32341a38917335a6abfd08bf79f,ETH,phishing_drainer,scamsniffer,phishing,,
0x69227919ef39aa8c1aa5a56ba738b52986dafabf,ETH,phishing_drainer,scamsniffer,phishing,,
0x692727e99a7b44a6732afb4f9b1def6f25354842,ETH,phishing_drainer,scamsniffer,phishing,,
0x69420e2b4ef22d935a4e2c194bbf3a2f02f27be1,ETH,phishing_drainer,scamsniffer,phishing,,
0x694930b4e93b370176edfbbc04da7dc3657b089f,ETH,phishing_drainer,scamsniffer,phishing,,
0x697b7891c41ffb2259d4c5588342d6c24315722b,ETH,phishing_drainer,scamsniffer,phishing,,
0x699949d35b453b49c14bcc249fa5810f6e7545fa,ETH,phishing_drainer,scamsniffer,phishing,,
0x69a68f913b8c835969bb6814d84908fd39858c05,ETH,phishing_drainer,scamsniffer,phishing,,
0x69b66678ed3d62eea6e3a8b6c4ef9882d40c3568,ETH,phishing_drainer,scamsniffer,phishing,,
0x69b78f6f3cf8e8c59b3c385e416a9dd25311166d,ETH,phishing_drainer,scamsniffer,phishing,,
0x69bbc1ec38a822039f99d2a1e295b394178fc19a,ETH,phishing_drainer,scamsniffer,phishing,,
0x69c0e632f868f1b0300af6f59d688c1cff52ab82,ETH,phishing_drainer,scamsniffer,phishing,,
0x69c5a5d68a7b378e408943c4b12b0c117f3be0a7,ETH,phishing_drainer,scamsniffer,phishing,,
0x6a0058b2c6b732e3ab09f157a3d63d79faa561b7,ETH,phishing_drainer,scamsniffer,phishing,,
0x6a01190188fb870ba809951f4e52fe038b55ec70,ETH,phishing_drainer,scamsniffer,phishing,sporefare.xyz,
0x6a01ca1127ec61d590aad7180de3e77ee7038388,ETH,phishing_drainer,scamsniffer,phishing,,
0x6a0661d5e1bd4e420075e6beb46318c09b106b2b,ETH,phishing_drainer,scamsniffer,phishing,,
0x6a09ffee847db80652c6711596bb176b04573ab7,ETH,phishing_drainer,scamsniffer,phishing,,
0x6a10ee1fa8adf9f088978b10acce106f29f98bec,ETH,phishing_drainer,scamsniffer,phishing,,
0x6a1595d869f9c517f25c565853ae6de9aa25929e,ETH,phishing_drainer,scamsniffer,phishing,,
0x6a1719546014f0390905c33779d4c1d173fb7578,ETH,phishing_drainer,scamsniffer,phishing,,
0x6a2142b66b8d5c991c3699955e254a8b804d3e44,ETH,phishing_drainer,scamsniffer,phishing,,
0x6a29e1a50961487b726c8ae2287c19683f3f40ea,ETH,phishing_drainer,scamsniffer,phishing,,
0x6a4d7d9e9386a4ad055f451c4f82e7b544b89f46,ETH,phishing_drainer,scamsniffer,phishing,,
0x6a4e20037fc2970204281a84fe37b1c7d1bc05a9,ETH,phishing_drainer,scamsniffer,phishing,,
0x6a5731c52e8d6b9f2562527d6687ca0d532a3deb,ETH,phishing_drainer,scamsniffer,phishing,,
0x6a705efc2bc5f6535be6816d2e499fbc0a7c3c18,ETH,phishing_drainer,scamsniffer,phishing,,
0x6a7b47cfe62a0d2859c150fb22de628ae8b5901d,ETH,phishing_drainer,scamsniffer,phishing,,
0x6a8198d0c35c299073c054012adde1c34e9f12fc,ETH,phishing_drainer,scamsniffer,phishing,,
0x6a97f2f78efa2f15fbc73a9f59cdfb1ceaae30ac,ETH,phishing_drainer,scamsniffer,phishing,,
0x6aae7adbd8adb92cf7ed8fa8ce776d5614ca65de,ETH,phishing_drainer,scamsniffer,phishing,,
0x6abf433716c2a36675747e27da3e35c36e6c23e4,ETH,phishing_drainer,scamsniffer,phishing,,
0x6ac00ef690822de4a39c5161833f0cacee2806b5,ETH,phishing_drainer,scamsniffer,phishing,,
0x6ae9a3937e9df8bff944ec0307e7d4748533c5f7,ETH,phishing_drainer,scamsniffer,phishing,,
0x6af0eb1f826b515c102454804e6bec2f345536b9,ETH,phishing_drainer,scamsniffer,phishing,,
0x6b175474e89094c44da98b954eedeac495271d0f,ETH,phishing_drainer,scamsniffer,phishing,www.claimreward.fun,
0x6b1981eb135a2455fee6bcb55f71422c6a0db195,ETH,phishing_drainer,scamsniffer,phishing,,
0x6b1c106c1ebc105a343d1b6c3130f18b259ab1e6,ETH,phishing_drainer,scamsniffer,phishing,,
0x6b1f7068121b49fa551b21bde5e0f51570fcf857,ETH,phishing_drainer,scamsniffer,phishing,,
0x6b385fabf59c87574c63bf3f54b4aa7bd9aa5cd2,ETH,phishing_drainer,scamsniffer,phishing,,
0x6b40046916c1c85ecce4b02f4d4e7f29a79c506d,ETH,phishing_drainer,scamsniffer,phishing,,
0x6b51064813627987939376706dff1d1f0dc5d65a,ETH,phishing_drainer,scamsniffer,phishing,,
0x6b5b8024161816cf44f3553d76f1e337b8cdb54f,ETH,phishing_drainer,scamsniffer,phishing,,
0x6b65511e18f8cab0af076c63c29c218842427d49,ETH,phishing_drainer,scamsniffer,phishing,,
0x6b767b688ea87c94708291ef79137029e829cd71,ETH,phishing_drainer,scamsniffer,phishing,,
0x6b7bd5c336eb08c801e60566a92a8451172bf689,ETH,phishing_drainer,scamsniffer,phishing,,
0x6b83e76c6a9105f6e76bbed6841103d62003a8de,ETH,phishing_drainer,scamsniffer,phishing,,
0x6b99238ad029c221ffea9e9628a7c1a822593512,ETH,phishing_drainer,scamsniffer,phishing,,
0x6ba0bf1116e390ebbf94ffea75e6abcbf346e4f0,ETH,phishing_drainer,scamsniffer,phishing,,
0x6baae56b534b9b779f824af6b5dfe742dac6d6a2,ETH,phishing_drainer,scamsniffer,phishing,,
0x6bae7840c813c2a91e7f50b37214223369bd73e1,ETH,phishing_drainer,scamsniffer,phishing,,
0x6bb3529bcdf08ff6177f145a5c990d1eff65879a,ETH,phishing_drainer,scamsniffer,phishing,,
0x6bc4895e09b4925c981e602335db93ec54d658cc,ETH,phishing_drainer,scamsniffer,phishing,,
0x6be253cd909b694476516ca173561ae702b32366,ETH,phishing_drainer,scamsniffer,phishing,,
0x6bead068a21acec03c0f5e81a0a4a9636420bcfc,ETH,phishing_drainer,scamsniffer,phishing,,
0x6bf0918df30aa65c185088b7dd84b385960ca8bb,ETH,phishing_drainer,scamsniffer,phishing,,
0x6bf220ed578236b18bfab8d94576625bc32d619e,ETH,phishing_drainer,scamsniffer,phishing,,
0x6c18c8039566c823ddb99eaa31e2c391a4c49904,ETH,phishing_drainer,scamsniffer,phishing,,
0x6c1e30f27aee1ca2468730c35d5aebdac9c76831,ETH,phishing_drainer,scamsniffer,phishing,,
0x6c54760e472feb30f2adea06fffd8b22d68031f8,ETH,phishing_drainer,scamsniffer,phishing,,
0x6c5f27e088ffdd71f4de7a88f191594ac33cb883,ETH,phishing_drainer,scamsniffer,phishing,,
0x6c64e13d82980c6ddbc3a9b86165551d0c00a1a9,ETH,phishing_drainer,scamsniffer,phishing,,
0x6c689542c8d434f7500f5623279872b260bfa8c8,ETH,phishing_drainer,scamsniffer,phishing,,
0x6c68cf923201e18029ace7e52c71b1bc91996da8,ETH,phishing_drainer,scamsniffer,phishing,,
0x6c6fcf0c05fb86e88bd55aa2fe28c3a5334fb173,ETH,phishing_drainer,scamsniffer,phishing,,
0x6c7b205967459f258309eb853921afe8fcdecf15,ETH,phishing_drainer,scamsniffer,phishing,,
0x6ca2d0678c284542da212e12a821ed90c8e5e021,ETH,phishing_drainer,scamsniffer,phishing,,
0x6ccd6eedd18392c2e6501a6f14dfa288436e9887,ETH,phishing_drainer,scamsniffer,phishing,,
0x6cd66f2843dd1b59b81b18faad7d3aeefa20e199,ETH,phishing_drainer,scamsniffer,phishing,,
0x6cd72e17f2086e123825e13b4d0a78d61916d75b,ETH,phishing_drainer,scamsniffer,phishing,,
0x6ced525aea1f3589c06466de3bf537d80bff0c30,ETH,phishing_drainer,scamsniffer,phishing,,
0x6d2c6e03eb25180512163d3aa8fce995fdca3eae,ETH,phishing_drainer,scamsniffer,phishing,,
0x6d2d9533637b004fa31ed388e908d064e5bbbc34,ETH,phishing_drainer,scamsniffer,phishing,,
0x6d36e939344b0668028b9ba475ead234d22c9d07,ETH,phishing_drainer,scamsniffer,phishing,,
0x6d5a8ca1eb1ad2e4873b8da3a3c2452635b3da8a,ETH,phishing_drainer,scamsniffer,phishing,,
0x6d643a0fc91a5429ed0746618b1d93d49f38a00f,ETH,phishing_drainer,scamsniffer,phishing,,
0x6d940ac9aa2689eb3deeeaa11f2bf146df83ceb9,ETH,phishing_drainer,scamsniffer,phishing,,
0x6da87a0fbba4f949519786f7ce42b8b331f19035,ETH,phishing_drainer,scamsniffer,phishing,,
0x6dcce05b8467987b03c13cf3dbbf8daeb1e4f70c,ETH,phishing_drainer,scamsniffer,phishing,,
0x6dd2f906368fa50133d724d3346d9c5b3c2d17ea,ETH,phishing_drainer,scamsniffer,phishing,,
0x6dd4f9914236a365785f875e20d320f10b8ca70c,ETH,phishing_drainer,scamsniffer,phishing,,
0x6df47cb2d455ce8cfd4c1ffe088e54fb91917b37,ETH,phishing_drainer,scamsniffer,phishing,,
0x6df6cbf633df7ca01554b5a6c1d8405fcbd631da,ETH,phishing_drainer,scamsniffer,phishing,,
0x6e01af3913026660fcebb93f054345eccd972251,ETH,phishing_drainer,scamsniffer,phishing,,
0x6e0860afd765ea783d06cc507eb68dc7d91dccfa,ETH,phishing_drainer,scamsniffer,phishing,,
0x6e09449f1b52ef4215c9615243f1fb95956d258f,ETH,phishing_drainer,scamsniffer,phishing,,
0x6e16eaab989b7951ec46d06b006fcba40b8b6dbf,ETH,phishing_drainer,scamsniffer,phishing,,
0x6e19ab77193dd90b9eb39d9a00c0e88810281659,ETH,phishing_drainer,scamsniffer,phishing,,
0x6e20ce224c087336143bdd4fff616729b8f921d0,ETH,phishing_drainer,scamsniffer,phishing,,
0x6e3063098d03363006d757ffd29782e12fdac208,ETH,phishing_drainer,scamsniffer,phishing,,
0x6e5fb49eb89f0e6dd2f9e0220935a0de3dd35485,ETH,phishing_drainer,scamsniffer,phishing,,
0x6e60f5a04423a5ca5b6330ef6711e29d86989d01,ETH,phishing_drainer,scamsniffer,phishing,,
0x6e7dc7b389a187e4fd617adcfe61972fc1a18699,ETH,phishing_drainer,scamsniffer,phishing,,
0x6e87200ea8bd28de5b00ef8f4049cc67de4d3352,ETH,phishing_drainer,scamsniffer,phishing,,
0x6e89cdf2622208ad58d10aad6ee0a6e93f777488,ETH,phishing_drainer,scamsniffer,phishing,,
0x6e8c07641d2372f328381e6ffda10a17203785af,ETH,phishing_drainer,scamsniffer,phishing,,
0x6e901f034457bf3180faf676be7e018778f480c6,ETH,phishing_drainer,scamsniffer,phishing,,
0x6e92c0c0dbfcb30b92676d4426aed2a587672751,ETH,phishing_drainer,scamsniffer,phishing,,
0x6e9bb86c62a52172e8ebaafdef3ffed82fdb9655,ETH,phishing_drainer,scamsniffer,phishing,,
0x6ec339479feb024c4944c5e32e0677a033cc798b,ETH,phishing_drainer,scamsniffer,phishing,,
0x6ed0ed3afa85d36462e5fb3612994936a55f8c16,ETH,phishing_drainer,scamsniffer,phishing,,
0x6ee164d8a52f4fa6a0b79da49de2fa56cc208142,ETH,phishing_drainer,scamsniffer,phishing,,
0x6eeaa2e7b8074a34992b4dbffdeb3d1cdd32fa27,ETH,phishing_drainer,scamsniffer,phishing,,
0x6efe8236f3e41e0237d75d14d4cc893e0f26b003,ETH,phishing_drainer,scamsniffer,phishing,,
0x6f033dce6c3f1dd7af543765aef0cd1a815de569,ETH,phishing_drainer,scamsniffer,phishing,,
0x6f07183cebcc9a704488ad58db5d93022e2f4173,ETH,phishing_drainer,scamsniffer,phishing,,
0x6f0aa719dc5c85f594116c359f1f116944da35eb,ETH,phishing_drainer,scamsniffer,phishing,,
0x6f14d48e8013266d6737e9a30178b381a16287b8,ETH,phishing_drainer,scamsniffer,phishing,,
0x6f185f478cac1c29f4b53e09776e149c662d15fc,ETH,phishing_drainer,scamsniffer,phishing,,
0x6f1ed372edceba48db7fc5e80e67d6166878f62f,ETH,phishing_drainer,scamsniffer,phishing,,
0x6f2df504da8f7ab8f4041dfa279f45c2e43fad21,ETH,phishing_drainer,scamsniffer,phishing,,
0x6f2fb9167d6ff26662bd33459b61a821e3ec34d4,ETH,phishing_drainer,scamsniffer,phishing,,
0x6f434af0b94351a1fd695e4390f307585253ae2c,ETH,phishing_drainer,scamsniffer,phishing,,
0x6f4b9e544860ab06a3367fac36bffd8100cc9f31,ETH,phishing_drainer,scamsniffer,phishing,,
0x6f4bb89f6290adb36c1eacd24de06332a92a442a,ETH,phishing_drainer,scamsniffer,phishing,,
0x6f59b7332a65962a6bd9fa5e9ca303f540d8d055,ETH,phishing_drainer,scamsniffer,phishing,,
0x6f5dbd8b9c836752bab266425cc1046e53b271e6,ETH,phishing_drainer,scamsniffer,phishing,,
0x6f5df4312185a5dd85965ff8dc4fc023a15c47b9,ETH,phishing_drainer,scamsniffer,phishing,,
0x6f6e4d4cdb1150d5b1abe62e91e9613461765d15,ETH,phishing_drainer,scamsniffer,phishing,,
0x6f70ef0252d9ea23fa4f4f5ce0aac7d452973c3b,ETH,phishing_drainer,scamsniffer,phishing,,
0x6f777797d9c60ae334fc4561b0c931fa9f442395,ETH,phishing_drainer,scamsniffer,phishing,,
0x6f935c7b20a61ff52013f02170f3868b7913d05c,ETH,phishing_drainer,scamsniffer,phishing,,
0x6fae7fc943edd3ff852176abe2a1f7e1dd1b94b7,ETH,phishing_drainer,scamsniffer,phishing,,
0x6fbcd9429512622e32329520f3f768d54b8c37a1,ETH,phishing_drainer,scamsniffer,phishing,,
0x6fc68efc7f076fc3e91cd39efb43a829d262c49a,ETH,phishing_drainer,scamsniffer,phishing,,
0x6fd46b8f504334699c869ea02ddceff0e7bece3d,ETH,phishing_drainer,scamsniffer,phishing,,
0x6fd99b85200ff44ab2c667532d4f7166ca0aa230,ETH,phishing_drainer,scamsniffer,phishing,,
0x6fe2ee963643ac7e480aacafefddb3683e38fcf9,ETH,phishing_drainer,scamsniffer,phishing,,
0x6fe447d28813765d71fe325ed688ac2761ce7747,ETH,phishing_drainer,scamsniffer,phishing,,
0x6fe50d3557f344484a20bb01b4d6891f7a1741a6,ETH,phishing_drainer,scamsniffer,phishing,,
0x6fe76152785b094e75aa6b98992834a3a5f4d095,ETH,phishing_drainer,scamsniffer,phishing,,
0x6ffa15fd1fe59a09be1497df44e8e939308702b3,ETH,phishing_drainer,scamsniffer,phishing,,
0x70010f3715a98bd30b6f235ef961c983656ef26d,ETH,phishing_drainer,scamsniffer,phishing,,
0x7019da29f98458c5fb52a144ada8b0f5bd6c4abf,ETH,phishing_drainer,scamsniffer,phishing,,
0x7029853d86eb02cc93eceede0adfff5684f13b1e,ETH,phishing_drainer,scamsniffer,phishing,,
0x703513b5861bcdce2d177f63bdfd36498d4be899,ETH,phishing_drainer,scamsniffer,phishing,,
0x7036520268350667cb5a9be6d40d3218aec88f4f,ETH,phishing_drainer,scamsniffer,phishing,,
0x703d371c0413223f77bae1f2aa01248cb8f8515e,ETH,phishing_drainer,scamsniffer,phishing,,
0x70501b2c9aa43b7b63be784f5b261ed4d609b0e4,ETH,phishing_drainer,scamsniffer,phishing,,
0x7051211aacf6fe1bdd69f0ff80546e14b280240d,ETH,phishing_drainer,scamsniffer,phishing,,
0x70522e99a0852d4218d14ba460aa223a16f5e242,ETH,phishing_drainer,scamsniffer,phishing,,
0x7052ca7f960d7dce9e824985addeda9ca919203b,ETH,phishing_drainer,scamsniffer,phishing,,
0x70660dcd5d4833276bfcb72c4f811b3637750826,ETH,phishing_drainer,scamsniffer,phishing,,
0x7087c50aaf47dd3236ae138abaf21b299d7c9331,ETH,phishing_drainer,scamsniffer,phishing,,
0x7088e7ad395921c403af490ef282e6f067b827f9,ETH,phishing_drainer,scamsniffer,phishing,,
0x708ea8cd8d4e9f487d7f05e33a3d4ea844c8db80,ETH,phishing_drainer,scamsniffer,phishing,,
0x709c8c262ee59f3b9b426180c9a368e57dfb1e68,ETH,phishing_drainer,scamsniffer,phishing,,
0x709fd1d21085b5280ec05b719e27087c98da72d4,ETH,phishing_drainer,scamsniffer,phishing,,
0x70ada813fa63349df9933683fe172dd43d8ccc46,ETH,phishing_drainer,scamsniffer,phishing,,
0x70c17443b506f7484d7223520889565d65fa0e95,ETH,phishing_drainer,scamsniffer,phishing,,
0x70c6d61a0814b54b65dd3190c3ea0d7d351cfb2e,ETH,phishing_drainer,scamsniffer,phishing,,
0x70eb37b0340eab5f34aaca49402912aea99e71a2,ETH,phishing_drainer,scamsniffer,phishing,,
0x70fc465d8f45a0b961b8c1bd12beab5172a46109,ETH,phishing_drainer,scamsniffer,phishing,,
0x710b5bb4552f20524232ae3e2467a6dc74b21982,ETH,phishing_drainer,scamsniffer,phishing,,
0x710cd1d982a9e7d1fe57e534cfbfc53fbf356d10,ETH,phishing_drainer,scamsniffer,phishing,,
0x711264a9df2b8f103ce1587454b1d4cb83a672c4,ETH,phishing_drainer,scamsniffer,phishing,,
0x71141178bb0a647f4c3236f1faf23d79d4966c7f,ETH,phishing_drainer,scamsniffer,phishing,,
0x711b8ff320fdbe6ce063e8b738b0ae70233da14f,ETH,phishing_drainer,scamsniffer,phishing,,
0x712dd65e00d630b035d1185a61bd902d3a1f150d,ETH,phishing_drainer,scamsniffer,phishing,,
0x714d7ae5aed0699a569b0e3f061c674d21ea8d5a,ETH,phishing_drainer,scamsniffer,phishing,,
0x714f9e905f131a95603530d61d9eeadf884b119a,ETH,phishing_drainer,scamsniffer,phishing,,
0x71555fd3c87db56738b25f497302fd33f636cf04,ETH,phishing_drainer,scamsniffer,phishing,,
0x71892d217cc0cbe14cc7f9d2a6f94b2e457211f6,ETH,phishing_drainer,scamsniffer,phishing,,
0x719d6a9282e5976e1f828631c8e940e612739bfc,ETH,phishing_drainer,scamsniffer,phishing,,
0x719f289c405c28ef8bde2657952367e49506f04c,ETH,phishing_drainer,scamsniffer,phishing,,
0x71b3f2c2689570c399a361021d0d01bc4491d120,ETH,phishing_drainer,scamsniffer,phishing,,
0x71c6aa3f727d00590b5b3539d8f81d62ea8e4e38,ETH,phishing_drainer,scamsniffer,phishing,,
0x71dd08de8141767414fad30a4a30b95a4cd683c3,ETH,phishing_drainer,scamsniffer,phishing,,
0x71ef0488d78ed490c8ffa3112fb3d7b4614f76b5,ETH,phishing_drainer,scamsniffer,phishing,yamsdev.com,
0x71f191fca1b38e85fcbe2afa90aa3590164677ef,ETH,phishing_drainer,scamsniffer,phishing,,
0x723b7ceffe55ee16a5bdc461bd3046359644f32b,ETH,phishing_drainer,scamsniffer,phishing,,
0x7271eecee5d13228579e72e95f6459c4a8c15ffe,ETH,phishing_drainer,scamsniffer,phishing,,
0x7276ae926e549cfe1306f536b120a8ed1ff85632,ETH,phishing_drainer,scamsniffer,phishing,,
0x727b6866bdba3921bda2757c42956a02c71f8d7e,ETH,phishing_drainer,scamsniffer,phishing,,
0x727c9e06ae0af657522285b19d50a03419422df4,ETH,phishing_drainer,scamsniffer,phishing,,
0x729f71e2c29fd6d6800a6dfb41b3466244ec7a9a,ETH,phishing_drainer,scamsniffer,phishing,,
0x72b30630c8b29cba0e0142bae1971fc347177caf,ETH,phishing_drainer,scamsniffer,phishing,,
0x72b6e053b16f137749092547548c5e372f2af0a9,ETH,phishing_drainer,scamsniffer,phishing,,
0x72bd08bea09ece3f8213a9d9ce95fb9e0d05670d,ETH,phishing_drainer,scamsniffer,phishing,,
0x72befca6f095099c3387cbca32bf4637c9f952c9,ETH,phishing_drainer,scamsniffer,phishing,,
0x72c6e157e68c8e1e731d413ea46c0db1ca415036,ETH,phishing_drainer,scamsniffer,phishing,,
0x734a2da79284952707293d4795136d00e07a259c,ETH,phishing_drainer,scamsniffer,phishing,,
0x7395770759502eada4a76f84041aeb3d696fcb0b,ETH,phishing_drainer,scamsniffer,phishing,,
0x73a6c0b87197d1306d4867bd3043c30dea622c9d,ETH,phishing_drainer,scamsniffer,phishing,,
0x73c5b15cd1c4099a21a714106d36bcb7b8a9ce84,ETH,phishing_drainer,scamsniffer,phishing,,
0x73c6222d44e3b4a3664cf82a2dd0ad68005e4c1a,ETH,phishing_drainer,scamsniffer,phishing,,
0x73c882e55d4487d652d98521966480c352a3bedd,ETH,phishing_drainer,scamsniffer,phishing,,
0x73cba7ff2efd517db8a95207030682113a815e57,ETH,phishing_drainer,scamsniffer,phishing,,
0x73d335866d6437863f71a3f41f39460221e77560,ETH,phishing_drainer,scamsniffer,phishing,,
0x73ee8076e095a37f3bf517cee086b7eb45af99cd,ETH,phishing_drainer,scamsniffer,phishing,,
0x74067b98eb2f6e5ca5b0a55dbb25cea04086cfc3,ETH,phishing_drainer,scamsniffer,phishing,,
0x743ec84cfeb89a2a9f9709375743ead672f72019,ETH,phishing_drainer,scamsniffer,phishing,,
0x744b8197e5d6a513ae577f21dacf60282234b5b2,ETH,phishing_drainer,scamsniffer,phishing,,
0x744e309a515c0393d53aaff504be9399d18ecea7,ETH,phishing_drainer,scamsniffer,phishing,,
0x745623b4593203955888d3f6ffc7c650e4731bc7,ETH,phishing_drainer,scamsniffer,phishing,,
0x745d65ed9c6e3780cb7a731eb795f93b4087af09,ETH,phishing_drainer,scamsniffer,phishing,,
0x7467a92e2a0e8f67d79721e3e3d6af9689f35a2e,ETH,phishing_drainer,scamsniffer,phishing,,
0x7486e2dd55e3afbf307c906028a081a940814e47,ETH,phishing_drainer,scamsniffer,phishing,,
0x749bdd6bdc42e52d95c4574d09054f6f3ff4b34b,ETH,phishing_drainer,scamsniffer,phishing,,
0x749e2e257a5ba4d122eab3b4d286922a61efb3e7,ETH,phishing_drainer,scamsniffer,phishing,,
0x74aa24fd95a8b05a2b93247d44f4aa4f65234341,ETH,phishing_drainer,scamsniffer,phishing,,
0x74ae50382a882c71a20235c75420fe29cbda0e72,ETH,phishing_drainer,scamsniffer,phishing,,
0x74c74f8f16bd8b5ccf53b39d4a72f1acc3a051d1,ETH,phishing_drainer,scamsniffer,phishing,,
0x74f4cf5c7c1fa6dd77ac68edbf81ee5512450187,ETH,phishing_drainer,scamsniffer,phishing,,
0x74fc83cf3b4b13bb4900e04c6ce1ff33867e8182,ETH,phishing_drainer,scamsniffer,phishing,,
0x7502359202de8f2ebaa7229850b4387e1da43b63,ETH,phishing_drainer,scamsniffer,phishing,,
0x7504dfb1c35dc0febb3885c35ad40b80919a0114,ETH,phishing_drainer,scamsniffer,phishing,,
0x750b4868b11f9b6cbbb9e1ce4770ffb8852d0e7c,ETH,phishing_drainer,scamsniffer,phishing,,
0x75134927e043e8b6e628ecb91891448773662cb1,ETH,phishing_drainer,scamsniffer,phishing,,
0x751497a863f606eafcd63418b920ad98f5d7f972,ETH,phishing_drainer,scamsniffer,phishing,,
0x752d61303f7d1e6eb5cfe78688caff6ae3896bad,ETH,phishing_drainer,scamsniffer,phishing,,
0x7530731e8e438ba3bdf790e731026cffcf19b805,ETH,phishing_drainer,scamsniffer,phishing,,
0x753536e5aae0254558d26f8b34b90ce39ece07b2,ETH,phishing_drainer,scamsniffer,phishing,,
0x7538fd1e30d8e7771105d470fe8d65b6ab0da93f,ETH,phishing_drainer,scamsniffer,phishing,,
0x753978d307ea2d727017f39a012f01c9fed21bb7,ETH,phishing_drainer,scamsniffer,phishing,,
0x753d3f577f95f0acbe21c6c0819ab3c6f61288f6,ETH,phishing_drainer,scamsniffer,phishing,,
0x756754abfe564e84a83aff2baa71f3117e640671,ETH,phishing_drainer,scamsniffer,phishing,,
0x756f76a8d56b2c8192a576865fbffd12cffe3631,ETH,phishing_drainer,scamsniffer,phishing,,
0x75798c3c28d95c96705d77bd7b906c2237ef9659,ETH,phishing_drainer,scamsniffer,phishing,,
0x7586983ed3b58e71a5415edd559c1fb210e18db6,ETH,phishing_drainer,scamsniffer,phishing,,
0x7586e3239a24d56a192132b36b8d6b9ac0600ef9,ETH,phishing_drainer,scamsniffer,phishing,,
0x759e0f2f2c7293f83e3b596be4acfa6868b8f817,ETH,phishing_drainer,scamsniffer,phishing,,
0x75b1bd85b176fb6fba1f54aebe913d4251ce0ce3,ETH,phishing_drainer,scamsniffer,phishing,,
0x75b6ce0384bc77bc034561525891a5b98d650f6a,ETH,phishing_drainer,scamsniffer,phishing,,
0x75c30212163c0344c3d9130472e4a69c59ec84fe,ETH,phishing_drainer,scamsniffer,phishing,,
0x75d513b8143a29498e004e542f916bf723373e8b,ETH,phishing_drainer,scamsniffer,phishing,,
0x75e0158fe7b15b8ff3e7ffb40ef2f9b077ff0f70,ETH,phishing_drainer,scamsniffer,phishing,,
0x75e44f7541d5ce46f4d21075b45760f109c14b51,ETH,phishing_drainer,scamsniffer,phishing,,
0x75f088909c83e8dfd34486a0959b4829bd628866,ETH,phishing_drainer,scamsniffer,phishing,,
0x764d586c28913effefffb8a24fea32e8724b4df0,ETH,phishing_drainer,scamsniffer,phishing,,
0x76557d63a200bcc575ad8a856bc6daebda2ab5b9,ETH,phishing_drainer,scamsniffer,phishing,,
0x7656e792212e38c2049f98714388f994b3787663,ETH,phishing_drainer,scamsniffer,phishing,,
0x766279855703e3edd79f322e27ca000273d0e77f,ETH,phishing_drainer,scamsniffer,phishing,,
0x76792e5376f3459a06822c66383dfdfa0a0a9fd8,ETH,phishing_drainer,scamsniffer,phishing,,
0x767aadb3629e4a091e2875621f41ee21d3c81b03,ETH,phishing_drainer,scamsniffer,phishing,,
0x767ecec33cfc86518971da34e89ea208d7f78398,ETH,phishing_drainer,scamsniffer,phishing,,
0x769633a7a69e50e2bbfbbf806ad6642ff0197f7e,ETH,phishing_drainer,scamsniffer,phishing,kgdy2-eaaaa-aaaad-qbomq-cai.raw.ic0.app,
0x769ffcbf7cd348476309b08473b5ac76d3eaded8,ETH,phishing_drainer,scamsniffer,phishing,,
0x76b041bff08ca3091838e348ac8426da75ecedc5,ETH,phishing_drainer,scamsniffer,phishing,,
0x76b1baa42069b734073f8308539ec38186ab230d,ETH,phishing_drainer,scamsniffer,phishing,,
0x76c2cc48be51b31481ad592a645910c0a85a9b23,ETH,phishing_drainer,scamsniffer,phishing,,
0x76c4bf187f40cfb56ee0a5e5f26fa1f804827929,ETH,phishing_drainer,scamsniffer,phishing,,
0x76d6fccd16f5d715036845c3d9ebff54ef7571c1,ETH,phishing_drainer,scamsniffer,phishing,,
0x76dd4fbcc20e7de7cdeae04c735457c5dd642be0,ETH,phishing_drainer,scamsniffer,phishing,,
0x76e637e83663fc7a00995183fe7e22003bc33076,ETH,phishing_drainer,scamsniffer,phishing,,
0x76ef0c1ad48a677b844ed8fa7e345a2abfa812f6,ETH,phishing_drainer,scamsniffer,phishing,,
0x76fac1a5f4200f182941c056b385aef6d4a09216,ETH,phishing_drainer,scamsniffer,phishing,,
0x76ff6574a8d1d39be07d154514a9e2f8230f0b8e,ETH,phishing_drainer,scamsniffer,phishing,,
0x7703b35b27a649b3ebd6f0eb93952e36ecc58909,ETH,phishing_drainer,scamsniffer,phishing,,
0x77227eec4292c798f23054b3bfddb6882d7997fc,ETH,phishing_drainer,scamsniffer,phishing,,
0x77258f7dc171e666e9714376124447b0bae71c64,ETH,phishing_drainer,scamsniffer,phishing,,
0x77520b634880ff8cf55ac3e0644b90b47bbf7155,ETH,phishing_drainer,scamsniffer,phishing,,
0x77662202f6b6827cb0bb354d97b63c0158257ad8,ETH,phishing_drainer,scamsniffer,phishing,,
0x7784604037f1245e8a720059cfb8ecc809a215f9,ETH,phishing_drainer,scamsniffer,phishing,,
0x77918ebd23fdbf4232eef4811a016f4fec1db546,ETH,phishing_drainer,scamsniffer,phishing,,
0x77accbaa010e579781aec0960d948757b6a75a3b,ETH,phishing_drainer,scamsniffer,phishing,,
0x77c03cf26fd359781d76aa1c72aadd774f5471b3,ETH,phishing_drainer,scamsniffer,phishing,,
0x77e0dede447662d6026f8fffa7beddf12f37bcbe,ETH,phishing_drainer,scamsniffer,phishing,,
0x77e8175057d746863dad4b3acc2ae15db538d8e3,ETH,phishing_drainer,scamsniffer,phishing,,
0x7832128ce0d590e8f2c3edfcac5d3b99fe464ae4,ETH,phishing_drainer,scamsniffer,phishing,,
0x783f8cd62cb1e2330057f0f8dcd0f6a41db9616a,ETH,phishing_drainer,scamsniffer,phishing,,
0x7841b53daab14fb3d06057df56fd882acb98abc5,ETH,phishing_drainer,scamsniffer,phishing,,
0x7841d353cae6201788f5fc6f10e37309122d9bd8,ETH,phishing_drainer,scamsniffer,phishing,,
0x78537cb946e5f852716ce9298d39779d14f39fa9,ETH,phishing_drainer,scamsniffer,phishing,,
0x787450d78225fb16300cb9a10a1af648c2abd115,ETH,phishing_drainer,scamsniffer,phishing,,
0x7879ffdff60efcc057cbb54f12ee8bd8c02037d9,ETH,phishing_drainer,scamsniffer,phishing,,
0x788651c3e0e486c6a99281c9ca477fa02f717a96,ETH,phishing_drainer,scamsniffer,phishing,,
0x78a107295e84524d42889bd66359ede357ae4e62,ETH,phishing_drainer,scamsniffer,phishing,,
0x78aa2c23b5238864e41ebbc1224605b55a019912,ETH,phishing_drainer,scamsniffer,phishing,,
0x78aeaaf5a1332d690bc00773fe8baf2c750893cf,ETH,phishing_drainer,scamsniffer,phishing,,
0x78b1360f1fe84abcbfbe31621455d73db96a1261,ETH,phishing_drainer,scamsniffer,phishing,,
0x78e3683225d0b049cc3fd8253b0d1acf407d1e4d,ETH,phishing_drainer,scamsniffer,phishing,,
0x78e6b2a07cdd3bc72501809ff08005565998fd10,ETH,phishing_drainer,scamsniffer,phishing,,
0x791deae863ac3d18c35948a83b514c5673729516,ETH,phishing_drainer,scamsniffer,phishing,,
0x7924bb20e48dc618a634fe53d808c56989e80acb,ETH,phishing_drainer,scamsniffer,phishing,,
0x7926211738ceb9c2f2244a79a5a8fef3b4048b30,ETH,phishing_drainer,scamsniffer,phishing,,
0x7943c8dfac2498a6273088915e23653af3fc9648,ETH,phishing_drainer,scamsniffer,phishing,,
0x794d65ba54c12cacbedb4a45cff6668bbbf91efe,ETH,phishing_drainer,scamsniffer,phishing,,
0x798ca5facbc7fa810365ab7919c11a445fa70f3c,ETH,phishing_drainer,scamsniffer,phishing,,
0x79a82273b074d9dfa25eda8b6a26f28e2fd35d5b,ETH,phishing_drainer,scamsniffer,phishing,,
0x79aa596d0ab3f620969de204793c2053369a0eb8,ETH,phishing_drainer,scamsniffer,phishing,,
0x79b2b2defce6e3b84bdbb36be4cda9a9ebbb490f,ETH,phishing_drainer,scamsniffer,phishing,,
0x79c3af7677028e1183c54dd655ef4a9dad7b84b9,ETH,phishing_drainer,scamsniffer,phishing,,
0x7a06f737bdf9a22e24d87542b0428ae917a54c66,ETH,phishing_drainer,scamsniffer,phishing,,
0x7a22b9b31efa8b5773691788f74f67e324813c83,ETH,phishing_drainer,scamsniffer,phishing,,
0x7a26d601b8ee8675ad7f526000d70cfcbda9162c,ETH,phishing_drainer,scamsniffer,phishing,,
0x7a27dd322e508826bbbade3404d1ef29f902380e,ETH,phishing_drainer,scamsniffer,phishing,,
0x7a4a2cfe122f7d84759e486056d8628df7e86837,ETH,phishing_drainer,scamsniffer,phishing,,
0x7a8bcb8cbb69c65b8ec9b3dec5ca8b7a822f14f2,ETH,phishing_drainer,scamsniffer,phishing,,
0x7a9616932314cf8651dbb0c90a51a8cbf7df8cc4,ETH,phishing_drainer,scamsniffer,phishing,,
0x7a9ea59f3d2f058f0bd0e551db66278a5b4bcd58,ETH,phishing_drainer,scamsniffer,phishing,,
0x7a9ff1691fe38d6320b7fc574c89f1beab8a8ede,ETH,phishing_drainer,scamsniffer,phishing,,
0x7aa155182927aec5fcb905a142cee91b1365377e,ETH,phishing_drainer,scamsniffer,phishing,,
0x7aaa7de0eb6857519152a7f675a05d9f89427893,ETH,phishing_drainer,scamsniffer,phishing,,
0x7aab37000671f80a0f4f8801f58c5d156e4efe2e,ETH,phishing_drainer,scamsniffer,phishing,,
0x7ac02207250ff4fee68e587ee6571f0725376e96,ETH,phishing_drainer,scamsniffer,phishing,,
0x7ac175546b10cc982216be9c51345a64fe777ca8,ETH,phishing_drainer,scamsniffer,phishing,,
0x7ad4c759c0ccfbb3daa94c320cba77e617d04ab6,ETH,phishing_drainer,scamsniffer,phishing,,
0x7ad90923d3c55bb4313f587cff54eb6401e39175,ETH,phishing_drainer,scamsniffer,phishing,,
0x7aedb5e8a83b4af9cd3e29e9247263369528612c,ETH,phishing_drainer,scamsniffer,phishing,,
0x7af66a4ee6768cbd600680d6d9eff98b52008902,ETH,phishing_drainer,scamsniffer,phishing,,
0x7af89ba4944fd7977ef41791a575c5eb50cb5d74,ETH,phishing_drainer,scamsniffer,phishing,,
0x7b0520a9958cd04ec7d6145f0c04be12ccb538b2,ETH,phishing_drainer,scamsniffer,phishing,,
0x7b12810001e183744d03d789fdaab12071981a0b,ETH,phishing_drainer,scamsniffer,phishing,,
0x7b2c84073582aa37b660ff5048915bc4a1fbd4e9,ETH,phishing_drainer,scamsniffer,phishing,,
0x7b3579c8bffe6c8c19ff06de9e54fd1da8cebfb6,ETH,phishing_drainer,scamsniffer,phishing,,
0x7b53cc5759ae05ffe61a743711a9f25d131ac3a4,ETH,phishing_drainer,scamsniffer,phishing,,
0x7b56cb817933411939948b1403fcf365faf5cdf4,ETH,phishing_drainer,scamsniffer,phishing,,
0x7b5f326d9e8b36237d17a1918f2fd99992619eae,ETH,phishing_drainer,scamsniffer,phishing,,
0x7b64a9d924c60e675759ee05a9e7aa9efa85e7ef,ETH,phishing_drainer,scamsniffer,phishing,,
0x7b6a4c1e89cce0ee21970efa9ef72148a3f177bf,ETH,phishing_drainer,scamsniffer,phishing,,
0x7b732e6eb24dc885db7ff417478dea2c1d4d64b2,ETH,phishing_drainer,scamsniffer,phishing,,
0x7b7a7f26db00692ed0bf7cc5aa842f1a9706e296,ETH,phishing_drainer,scamsniffer,phishing,,
0x7b7d499c4494cde92fb6eb3ac55409ec12c7e85b,ETH,phishing_drainer,scamsniffer,phishing,,
0x7b92fb979ae44b646121e5ec07abf82a7022883d,ETH,phishing_drainer,scamsniffer,phishing,,
0x7bb0c6705cafaf36416a6b8d23a5c64e375beb96,ETH,phishing_drainer,scamsniffer,phishing,,
0x7bbee32ecf607aef3a8233a75c167352a9d27c84,ETH,phishing_drainer,scamsniffer,phishing,,
0x7bc415201e3a17d6624b586aeaefd9e2a0b1b8b3,ETH,phishing_drainer,scamsniffer,phishing,,
0x7bccd4a1ca683ad86d4f08ad6978337f3f1be588,ETH,phishing_drainer,scamsniffer,phishing,,
0x7bce5344995ed76b10905285f14866d79cb7d8ee,ETH,phishing_drainer,scamsniffer,phishing,,
0x7bf268f135c4fc81868ab8ae82d82ea828ce6fbb,ETH,phishing_drainer,scamsniffer,phishing,,
0x7c09194d33686e9b4dda51a5221340f484919446,ETH,phishing_drainer,scamsniffer,phishing,,
0x7c1f78792f303990465516b60e1bce7de95bb2c8,ETH,phishing_drainer,scamsniffer,phishing,,
0x7c1fb7350d1060fc05ee309ee9692978260dc6a4,ETH,phishing_drainer,scamsniffer,phishing,,
0x7c25659c244dbb01e71e05f3893b822e4982e8ec,ETH,phishing_drainer,scamsniffer,phishing,,
0x7c3bb2ef15f4e36f7b6f28a073416296d31153ca,ETH,phishing_drainer,scamsniffer,phishing,,
0x7c420a00a3264538e0a5c3af4ea02be5af7d8c9e,ETH,phishing_drainer,scamsniffer,phishing,,
0x7c53b9fbb969ef5bc020ff810f1840218a33739e,ETH,phishing_drainer,scamsniffer,phishing,,
0x7c57bd3e833ee913e6ef7f2ed40bb5642c9e2b5c,ETH,phishing_drainer,scamsniffer,phishing,,
0x7c5c5bc1f28a74525b64046203331a1464476c97,ETH,phishing_drainer,scamsniffer,phishing,,
0x7c63d64571d64d17bc7f0d496742b538122bf1b7,ETH,phishing_drainer,scamsniffer,phishing,,
0x7c74dc20f2d9511c0157f2931bdd51c7fdfce7da,ETH,phishing_drainer,scamsniffer,phishing,,
0x7ca138eaa52354b81bfe389c24954b242a4035c5,ETH,phishing_drainer,scamsniffer,phishing,,
0x7cb677d0b1da71d10cce3148c7a1139de49bb2d0,ETH,phishing_drainer,scamsniffer,phishing,,
0x7cb977eb59288585e3d3222c23f1514cbfd80faf,ETH,phishing_drainer,scamsniffer,phishing,,
0x7cc316e439eb2c4d1b9ebe37edffe0aa16a3053b,ETH,phishing_drainer,scamsniffer,phishing,,
0x7ce41629617d9e71a2dbc0bb855d90cdffcf0ac5,ETH,phishing_drainer,scamsniffer,phishing,,
0x7cf9fabcde58b9044a1fc1ce2b3ac839d5e998e6,ETH,phishing_drainer,scamsniffer,phishing,,
0x7cffedb2f4fc0cd7c29af95488fd34554539589d,ETH,phishing_drainer,scamsniffer,phishing,mutant-potion.xyz,
0x7d0315ae285637b7be03ed511f6543b3c82e30c2,ETH,phishing_drainer,scamsniffer,phishing,,
0x7d0c0a118a029db98cc52eac4b315f63f8b8785b,ETH,phishing_drainer,scamsniffer,phishing,,
0x7d16d3b5c153bca5de071fa0796f878c5c611b1b,ETH,phishing_drainer,scamsniffer,phishing,,
0x7d194e79d778c3426d0561e6b2345ec341aa4ff0,ETH,phishing_drainer,scamsniffer,phishing,,
0x7d1c1e5fbcfc6a09234f3e81705d200d1746d4a8,ETH,phishing_drainer,scamsniffer,phishing,,
0x7d21e718ecf7e5186bd6fda9ff034fd6252f6813,ETH,phishing_drainer,scamsniffer,phishing,,
0x7d4677124f07721b6ec51df262b93f2fc2e909ca,ETH,phishing_drainer,scamsniffer,phishing,,
0x7d4dbfb56a6c8cb9a5d21c0d1d4a078fe0e61a02,ETH,phishing_drainer,scamsniffer,phishing,,
0x7d60695116f5608626e8f95d6de923a7db4bf634,ETH,phishing_drainer,scamsniffer,phishing,,
0x7d60c632aac99b916371ad96dc4ce3a75a36b130,ETH,phishing_drainer,scamsniffer,phishing,,
0x7d651fc1e355db3ecf896248cd87d18b81281aa2,ETH,phishing_drainer,scamsniffer,phishing,,
0x7d67cd7b3312db5f2f7cc6115ee01304c96d85cf,ETH,phishing_drainer,scamsniffer,phishing,,
0x7d7c8ac4a0340dd1452a88dcf20dd94f2544cb75,ETH,phishing_drainer,scamsniffer,phishing,,
0x7d8904598e5ec80ffb241349767a1840bd35d51d,ETH,phishing_drainer,scamsniffer,phishing,,
0x7d8b2f5ea02d62320eb6e544ce00e7a34ed9f243,ETH,phishing_drainer,scamsniffer,phishing,,
0x7d975ed609b30b95b6eff132cb551f4be82d5b75,ETH,phishing_drainer,scamsniffer,phishing,,
0x7d9ce2627fd6d2bdd59039f7537dfca17a98bd12,ETH,phishing_drainer,scamsniffer,phishing,,
0x7da4d659f78ade3c43daa67763dcca40b4fb09d7,ETH,phishing_drainer,scamsniffer,phishing,,
0x7dafbf82b73be444cb2771191501cc2eec1deb42,ETH,phishing_drainer,scamsniffer,phishing,,
0x7dbffd0aaff69c5967fa04dcdce5553fbcc11ec3,ETH,phishing_drainer,scamsniffer,phishing,,
0x7dce3b72e99519d71db5e5e583dbe96facfe726e,ETH,phishing_drainer,scamsniffer,phishing,,
0x7dd6583f4a0de31b6ec1d22b5c4b69e86eafb1ee,ETH,phishing_drainer,scamsniffer,phishing,,
0x7df0f9bed21870f4b3e8060ef6f8ef804f03a6fd,ETH,phishing_drainer,scamsniffer,phishing,,
0x7df59c684743de43218a9198fc9f0632c3da0034,ETH,phishing_drainer,scamsniffer,phishing,,
0x7df9805fa545b53cbbaa0b4cd14a427b18c4cb59,ETH,phishing_drainer,scamsniffer,phishing,,
0x7e05ac782bc4af8f9e76090ecd6012fbf0f6d326,ETH,phishing_drainer,scamsniffer,phishing,,
0x7e0d3081c0594017f26543f0a50b195f0a5da5fd,ETH,phishing_drainer,scamsniffer,phishing,,
0x7e229ac89a82be3b52cdda3fcb8f388e450430e2,ETH,phishing_drainer,scamsniffer,phishing,,
0x7e2d35a00d73a534d4d5508e557e0b1c6e60c977,ETH,phishing_drainer,scamsniffer,phishing,,
0x7e4384ad48860ae13107b8c8a2b877191edfe2a6,ETH,phishing_drainer,scamsniffer,phishing,,
0x7e48d5dee82eda008c721a6dacb485fc4b2cf228,ETH,phishing_drainer,scamsniffer,phishing,,
0x7e56b683b7e1abb561b2581d3de6077ed683b872,ETH,phishing_drainer,scamsniffer,phishing,,
0x7e6033e24620dcff23d721119f10a8fe1f889a46,ETH,phishing_drainer,scamsniffer,phishing,,
0x7e74f74a434f039927d5f3f6897d0237a811a3ea,ETH,phishing_drainer,scamsniffer,phishing,,
0x7e92b316d18459e859f33d345d41db6c6d90f615,ETH,phishing_drainer,scamsniffer,phishing,,
0x7eb07e6bfda797b279a060561de9ce6a066338d7,ETH,phishing_drainer,scamsniffer,phishing,,
0x7ed48dc988e1486b8cbfe155e8452ca99ec963e9,ETH,phishing_drainer,scamsniffer,phishing,,
0x7edad2889f85fc2ae9332e86cfd16f11146f0934,ETH,phishing_drainer,scamsniffer,phishing,,
0x7eeaab455e9a7f3214d7c028203eac253ea940b0,ETH,phishing_drainer,scamsniffer,phishing,,
0x7eebaabe82af2a52949404d377aeff4188286e9d,ETH,phishing_drainer,scamsniffer,phishing,,
0x7ef278d3842d948ca70603ec3f6825cd6c3c59b5,ETH,phishing_drainer,scamsniffer,phishing,,
0x7ef702ea842efda7ec2d6b20f41cb2f6a4bb5063,ETH,phishing_drainer,scamsniffer,phishing,,
0x7efc51adcf1396db115097bb074d70250a78ced6,ETH,phishing_drainer,scamsniffer,phishing,,
0x7f1c4252c0f2ab6729aea76f4e6de7f4958aef97,ETH,phishing_drainer,scamsniffer,phishing,,
0x7f1fcc6f677433df815306e3684876b5be6b99e8,ETH,phishing_drainer,scamsniffer,phishing,,
0x7f3b3312b19756bd2a990263b9c91ffcbae2ffc9,ETH,phishing_drainer,scamsniffer,phishing,,
0x7f4d6ba7a07b82d4c016a4058724192595443550,ETH,phishing_drainer,scamsniffer,phishing,,
0x7f624cfaa88688c50a89ded2a31396f088be398b,ETH,phishing_drainer,scamsniffer,phishing,,
0x7f703a3ad0188413b37a4a67b7de99ee13fd3abc,ETH,phishing_drainer,scamsniffer,phishing,,
0x7f9133abcfbe95668268936c14c72c609e0e580d,ETH,phishing_drainer,scamsniffer,phishing,,
0x7f9241ac942ba97085ef1a1542d270bfd6a987fd,ETH,phishing_drainer,scamsniffer,phishing,,
0x7fa2eebbcc84dd4eec99a78021d334aade1aa643,ETH,phishing_drainer,scamsniffer,phishing,,
0x7fb0e1f9264eae7190278a228900c0714a37ae5c,ETH,phishing_drainer,scamsniffer,phishing,,
0x7fb2224cc00a8d9106ac9280abde1e2f480f4f41,ETH,phishing_drainer,scamsniffer,phishing,,
0x7fbd0de5b62429687c04458f17eac469089f75c7,ETH,phishing_drainer,scamsniffer,phishing,,
0x7fe421a8fc84d3c58548e32f5d5fb7a7d5757e55,ETH,phishing_drainer,scamsniffer,phishing,,
0x7ffb21bad201b26f31def7dc6619481ffb3e00bd,ETH,phishing_drainer,scamsniffer,phishing,,
0x8009194614a7b3bca888fc8f994d8545050b9d5e,ETH,phishing_drainer,scamsniffer,phishing,,
0x800a1c87ebf72653240b9fa664690d6b6e460d42,ETH,phishing_drainer,scamsniffer,phishing,,
0x805a46ba0a6710876d3583ec67f521186a563e1b,ETH,phishing_drainer,scamsniffer,phishing,,
0x805b83851831e3cd386c7fe26f2c551b1eb45573,ETH,phishing_drainer,scamsniffer,phishing,,
0x80623bff7d45e8f6569010072c7e8c8fb4330d76,ETH,phishing_drainer,scamsniffer,phishing,,
0x80646e553729a02158b240b81a8130f8f038e430,ETH,phishing_drainer,scamsniffer,phishing,,
0x806b80c9427dc8f5c3360ad4419fac7da9b9f0d8,ETH,phishing_drainer,scamsniffer,phishing,,
0x807e7f7e6de4669ab30164eb7701dc7b24ccd386,ETH,phishing_drainer,scamsniffer,phishing,,
0x80a28ed130cd5ab74e89dc24df904f7ce271aa0e,ETH,phishing_drainer,scamsniffer,phishing,,
0x80b750e36eca41f0d5b96aefa875de133725044e,ETH,phishing_drainer,scamsniffer,phishing,,
0x80c82049c83f39a3497956646d6cf182d04a4f7e,ETH,phishing_drainer,scamsniffer,phishing,,
0x80cdb687ed67058fb22bd99c625dd05fe7dada3e,ETH,phishing_drainer,scamsniffer,phishing,,
0x80ec7f1dd22149fe181647213820c46e90e74489,ETH,phishing_drainer,scamsniffer,phishing,,
0x8122d07b4d21f4c3ab196625d15cb90ff300b958,ETH,phishing_drainer,scamsniffer,phishing,,
0x812ff33549634dede87ed5011fa976abf5c2a162,ETH,phishing_drainer,scamsniffer,phishing,,
0x81312d3e749336053f74eced8d29670b20d13a73,ETH,phishing_drainer,scamsniffer,phishing,,
0x8132de054aa9cf0623957f3a032c6a0e7c709853,ETH,phishing_drainer,scamsniffer,phishing,,
0x813672b3c390d3deabebe0081178a47a72769fad,ETH,phishing_drainer,scamsniffer,phishing,,
0x81372c5e4a5739a80c717a67f5b0cfddf6a3204b,ETH,phishing_drainer,scamsniffer,phishing,,
0x8138dd7d6a8818e77a0e5ab4c70d09304aa5f4cc,ETH,phishing_drainer,scamsniffer,phishing,,
0x813af92f8a1415c8dfe4e94ac0567a802c1f1b46,ETH,phishing_drainer,scamsniffer,phishing,,
0x81401bdefd168742ee04e54166fee34acf2df2a2,ETH,phishing_drainer,scamsniffer,phishing,,
0x8151303a4fde4a1a454acf8d3fc735a0cc042f3c,ETH,phishing_drainer,scamsniffer,phishing,,
0x815a17003ae8d14463fa37df0d9fa5790bb12de3,ETH,phishing_drainer,scamsniffer,phishing,,
0x815c49567d6c82f914f653d5b798be6701bae149,ETH,phishing_drainer,scamsniffer,phishing,,
0x8164a2ca43f65f7b5258ed9ccf06a2611652e8da,ETH,phishing_drainer,scamsniffer,phishing,,
0x816eef08f68d2ed64970c08666df75426b6ff4f3,ETH,phishing_drainer,scamsniffer,phishing,,
0x818af6a967fb329c04abc9d9e2301483cc268636,ETH,phishing_drainer,scamsniffer,phishing,,
0x8191ae9b6ca3f99935d1d3fb6f6a2994beaaae90,ETH,phishing_drainer,scamsniffer,phishing,,
0x819a01a1233786cf11ee5b43ac8bf5b89c2452b2,ETH,phishing_drainer,scamsniffer,phishing,,
0x81a1b3914e18f1bb7516b4b87806c9ceb8676b85,ETH,phishing_drainer,scamsniffer,phishing,,
0x81a634ac3427007ebfdbc24620a7ca82724c0fe4,ETH,phishing_drainer,scamsniffer,phishing,,
0x81b9d3549d8f8b32b3acc647c3465831a60b3942,ETH,phishing_drainer,scamsniffer,phishing,,
0x81cdfb123f25ab1bc00aacce106ac84e7fc84d5b,ETH,phishing_drainer,scamsniffer,phishing,,
0x81e91cc8ec44f9f38ea1650e6a83fb0caead5e79,ETH,phishing_drainer,scamsniffer,phishing,,
0x81eb6617ddc5753830b05f8d3c24da3ee72c4395,ETH,phishing_drainer,scamsniffer,phishing,,
0x81fa8793a7e8b337e4701645521ba64177512fd4,ETH,phishing_drainer,scamsniffer,phishing,,
0x81fd837fac2227bfc8323e7ac0205fa294a6c318,ETH,phishing_drainer,scamsniffer,phishing,,
0x8204526834c36011674ac13b0250eb5564e83a5a,ETH,phishing_drainer,scamsniffer,phishing,,
0x820e4a2dd7f9a34ab378a739553d4c590de8f4de,ETH,phishing_drainer,scamsniffer,phishing,,
0x821a46f370f173e43d9bf060a91e7a6e5d7a0b36,ETH,phishing_drainer,scamsniffer,phishing,,
0x82242f63946c6198ec5bdf765bb013995195a586,ETH,phishing_drainer,scamsniffer,phishing,,
0x822f288add96496e23b9df628986e367e459957e,ETH,phishing_drainer,scamsniffer,phishing,,
0x822f759db8ac15b4e9d6da32917d7a163ef41810,ETH,phishing_drainer,scamsniffer,phishing,,
0x8239fc719f4fb9184eb3d1c50f79a9b52b23ed1b,ETH,phishing_drainer,scamsniffer,phishing,,
0x824284ab23ed8b55b1a0c9b401400e459c14584a,ETH,phishing_drainer,scamsniffer,phishing,,
0x824a556523f99753d506d4a1c7ed16971c460b77,ETH,phishing_drainer,scamsniffer,phishing,,
0x82563ba592986cb277d67b2e7c56ab3bb3fdd6b8,ETH,phishing_drainer,scamsniffer,phishing,,
0x825a82aa4324d9c271bd232e61a17123541e2293,ETH,phishing_drainer,scamsniffer,phishing,,
0x825b7f43510cdc6113c9c9eb148f2a08a1ed19a5,ETH,phishing_drainer,scamsniffer,phishing,,
0x8262a7983cbd489e9b05623e9a202a27a2930b97,ETH,phishing_drainer,scamsniffer,phishing,,
0x82753c8853cd650699e23d42810587f07f98460d,ETH,phishing_drainer,scamsniffer,phishing,,
0x8275aea6abe8a950aa5b0d3754db4ad4625e2e66,ETH,phishing_drainer,scamsniffer,phishing,,
0x8283f78db944e2970b7773c3411ccc6d728f1e70,ETH,phishing_drainer,scamsniffer,phishing,pabloslol.wtf,
0x8286fa03cb03f9396183450ffbbe90a935ee7dcf,ETH,phishing_drainer,scamsniffer,phishing,,
0x82a0a0d854bff8641472d116825044ad13cf3daf,ETH,phishing_drainer,scamsniffer,phishing,,
0x82c72545c585d98470b1950b5a6f36902348a677,ETH,phishing_drainer,scamsniffer,phishing,,
0x82d8f4061fcc75d5dbd7904fd7799a402620dc19,ETH,phishing_drainer,scamsniffer,phishing,,
0x82e29793c4a0785c556806a74b5fffca30f33d78,ETH,phishing_drainer,scamsniffer,phishing,,
0x82f1f2296dd6d764b443664f2ea16a03bd59e2dc,ETH,phishing_drainer,scamsniffer,phishing,,
0x82f262af67904eac7f42b72a1cad7b833ccc7799,ETH,phishing_drainer,scamsniffer,phishing,,
0x82f6088f6dc063a877db9ecd5cfa1dded63779a7,ETH,phishing_drainer,scamsniffer,phishing,,
0x82f8b9d44ce0c0503e3ccda4d894839d5467620b,ETH,phishing_drainer,scamsniffer,phishing,,
0x82fa497bb1003068e0a10b2b91258ee027ac12ec,ETH,phishing_drainer,scamsniffer,phishing,,
0x82fdc983ba7bddf8f780769fc85960f6dc66eaf4,ETH,phishing_drainer,scamsniffer,phishing,,
0x830601f4446d8e1a792d5da9f571275a56b41aac,ETH,phishing_drainer,scamsniffer,phishing,,
0x8324fa8ca26a2af5e3facedecc87611a9d7a817c,ETH,phishing_drainer,scamsniffer,phishing,,
0x833326b482a38c37f24f4f271298936ce8aed3bc,ETH,phishing_drainer,scamsniffer,phishing,,
0x8336200e11d5ac7c7448b299874ae9d64ffee55d,ETH,phishing_drainer,scamsniffer,phishing,,
0x835e2660944cf0d7c932cff3c99612151dd83f29,ETH,phishing_drainer,scamsniffer,phishing,,
0x8366c33eee56da4f70da46496578a3ebba6e7e10,ETH,phishing_drainer,scamsniffer,phishing,,
0x83818573502f7b23528dcc0d1e583b73be9878fb,ETH,phishing_drainer,scamsniffer,phishing,,
0x838259409659f1fcf57134379589e2f749dcd90e,ETH,phishing_drainer,scamsniffer,phishing,,
0x83a6773f9a0a9e3a1afd2caa3ef1e25a8c4f43a6,ETH,phishing_drainer,scamsniffer,phishing,,
0x83bc0cd6c24ec6e4ba97872cc46f71a9347288a1,ETH,phishing_drainer,scamsniffer,phishing,,
0x83bfff719ec2f355020dce9513dd4a94548cc25a,ETH,phishing_drainer,scamsniffer,phishing,,
0x83cdb9f80ee46ac5abe2996e621d2709a8349d6b,ETH,phishing_drainer,scamsniffer,phishing,,
0x83d97a71ff3a2cff96c25895530a9a70a67fc496,ETH,phishing_drainer,scamsniffer,phishing,,
0x83dbb470d147ac2cb2af34466c62a15b49dbbeaf,ETH,phishing_drainer,scamsniffer,phishing,,
0x83eb92c96b5faf64328e787508f6ca511a2dbb23,ETH,phishing_drainer,scamsniffer,phishing,,
0x83f45e1898bdd4beb801f819a827583246492fcf,ETH,phishing_drainer,scamsniffer,phishing,freefoxfam-nft.app,
0x83ffc404d66e005cc91aecda44eb12a0da814153,ETH,phishing_drainer,scamsniffer,phishing,,
0x8413c544095f7e69d4ad3bfcf4b77deedda0cc39,ETH,phishing_drainer,scamsniffer,phishing,,
0x841eb9c3175638c96c3be91ae7d014df6771eeab,ETH,phishing_drainer,scamsniffer,phishing,,
0x84364a7cb83016f48efc376d1030690952cdfb94,ETH,phishing_drainer,scamsniffer,phishing,,
0x8441cc7cc7cc2d21a4ef99f652be35bcbccf3acf,ETH,phishing_drainer,scamsniffer,phishing,,
0x84563ff63f1b1c49730342a5e7b7b4d0ea258978,ETH,phishing_drainer,scamsniffer,phishing,,
0x8459fea4d7d561af55f1eab3a03248a2ad059b6e,ETH,phishing_drainer,scamsniffer,phishing,,
0x84866fd19256f229f748e31198280a004e7eb4aa,ETH,phishing_drainer,scamsniffer,phishing,,
0x84a473e105b5d8ec008196864c4379a05a16486b,ETH,phishing_drainer,scamsniffer,phishing,,
0x84aaff53f2ecaa1349b6f1b846f524a73023893a,ETH,phishing_drainer,scamsniffer,phishing,,
0x84b4a270242d1145ec0b80e846745a43892535c8,ETH,phishing_drainer,scamsniffer,phishing,,
0x84b50512ff85d8b69a0cbce6037945950061f6b0,ETH,phishing_drainer,scamsniffer,phishing,,
0x84c5c58476a022e216f7bae80eaafa44a27841ec,ETH,phishing_drainer,scamsniffer,phishing,,
0x852358bcd1ba90bfc6334b4dd6bf550132dd411a,ETH,phishing_drainer,scamsniffer,phishing,,
0x852acbe0cec6d570faad405f5a0b0fb070779f82,ETH,phishing_drainer,scamsniffer,phishing,,
0x852e9bef1b4f6b9c3b8da53beb7aee022618af0f,ETH,phishing_drainer,scamsniffer,phishing,,
0x854402534559e38666ff43225c9968b71a98b6c5,ETH,phishing_drainer,scamsniffer,phishing,,
0x85669235c21350886fe2dbda96da51cc14136c6c,ETH,phishing_drainer,scamsniffer,phishing,,
0x8578e357504b72ad54ba60c138cb9386f210e50d,ETH,phishing_drainer,scamsniffer,phishing,,
0x857d06e3a3c9b789b32d72f149075e4c15205f10,ETH,phishing_drainer,scamsniffer,phishing,,
0x859950787357fcff0ce3344cf739651fba50ec7a,ETH,phishing_drainer,scamsniffer,phishing,,
0x85afa2dcc3360e4a4bbf0044b337a1d959e400cd,ETH,phishing_drainer,scamsniffer,phishing,,
0x85b67c9619da96a412e63a561445ee608c284148,ETH,phishing_drainer,scamsniffer,phishing,,
0x85b9ec2787d47b2cfc21445d19aba062cc3ce923,ETH,phishing_drainer,scamsniffer,phishing,,
0x85bc0d58556f41f0463927c9dcb81d190f452610,ETH,phishing_drainer,scamsniffer,phishing,,
0x85c705ab437350448bdd10f1bb31f26e550f1a6f,ETH,phishing_drainer,scamsniffer,phishing,,
0x85e9a2942bed5306ed625499ffd171bc15467322,ETH,phishing_drainer,scamsniffer,phishing,,
0x85f0f87aaa1f54924cda9283d575cf85ab9ae37e,ETH,phishing_drainer,scamsniffer,phishing,,
0x85f1eea6c1159f68742c6c959a6a6d15daaf2471,ETH,phishing_drainer,scamsniffer,phishing,,
0x85f468175b773ac7ce27efc49954a056d7d4cb71,ETH,phishing_drainer,scamsniffer,phishing,,
0x85febc827129c3aa11e9bdc0c52eecc044f6fcab,ETH,phishing_drainer,scamsniffer,phishing,,
0x8611a984bbbe7cb07107901407be6bb15bb9ad1d,ETH,phishing_drainer,scamsniffer,phishing,,
0x861586407648f2b14bea053ad4379a8a8a12a7ef,ETH,phishing_drainer,scamsniffer,phishing,,
0x8620d40610ea1a55e974daa60416fea5fe699d78,ETH,phishing_drainer,scamsniffer,phishing,,
0x862ed3fc70747d888696ac30bc2cdf6e4c1d5c70,ETH,phishing_drainer,scamsniffer,phishing,,
0x862ee8dd6b992048b45d4ca273b208956010fa5f,ETH,phishing_drainer,scamsniffer,phishing,,
0x8636d7d2e511d3c56d307abfe3dbd9f74dfe46b4,ETH,phishing_drainer,scamsniffer,phishing,,
0x864004adb83b4af504bc421a9848b7508b353a5c,ETH,phishing_drainer,scamsniffer,phishing,,
0x8642a771dc58e8ceace2a763583e5a026ea1e415,ETH,phishing_drainer,scamsniffer,phishing,,
0x86476adb1d4e7be94b9a212a3f4339b585aea56c,ETH,phishing_drainer,scamsniffer,phishing,,
0x86544f7e7a90d05048469d209d6c3d1009e8c3e0,ETH,phishing_drainer,scamsniffer,phishing,,
0x865acd696c73d2a26ef4ff1a974c1fad6df3fb8d,ETH,phishing_drainer,scamsniffer,phishing,,
0x8677df4341687b62c16b22a085f4a4a8e38e545b,ETH,phishing_drainer,scamsniffer,phishing,,
0x86781430f51d6a03256723372929c140ed6147d4,ETH,phishing_drainer,scamsniffer,phishing,,
0x867cd4124708fb7d097658e3d1af8d456530b970,ETH,phishing_drainer,scamsniffer,phishing,,
0x869cb16cebbabc0412a24e7e1a8fd280aff9c7b5,ETH,phishing_drainer,scamsniffer,phishing,,
0x869f8bb8866ff8475fe9e274be81cfd5c0581379,ETH,phishing_drainer,scamsniffer,phishing,,
0x86a013facb3dd6f6a371559f0f37a8d683643a41,ETH,phishing_drainer,scamsniffer,phishing,,
0x86ab9109f88c4247bab5e053f7ef0cdeb3544aa1,ETH,phishing_drainer,scamsniffer,phishing,,
0x86c9c3b4989999a0a2e66b00891bbd797a55190d,ETH,phishing_drainer,scamsniffer,phishing,,
0x86d021e4b742a7abcb6b12321b5f59fb419a167c,ETH,phishing_drainer,scamsniffer,phishing,,
0x86d557409bbae3be8e489c391b42768434ccb4ae,ETH,phishing_drainer,scamsniffer,phishing,,
0x86dc26bf4c3d4f2b542fd92501a1850c7629a9a0,ETH,phishing_drainer,scamsniffer,phishing,,
0x86dc335bf9b10cf5b463ca3b169ec81edda180d0,ETH,phishing_drainer,scamsniffer,phishing,,
0x86e9ae0a0192f77dbf7b7192dfd47b69b2c30e11,ETH,phishing_drainer,scamsniffer,phishing,,
0x86ec433f3a7ad674d4610510a303d2f94ed91667,ETH,phishing_drainer,scamsniffer,phishing,,
0x86fa387fd0c5e6c82509fefdc5450579f86f5426,ETH,phishing_drainer,scamsniffer,phishing,,
0x874b7e504bcf81c83cde69802106750babc78754,ETH,phishing_drainer,scamsniffer,phishing,,
0x8760513f944be842ffb4888fde71cad1e2a394c3,ETH,phishing_drainer,scamsniffer,phishing,,
0x877df7875069b0b0966c2e4f9ee23e76d25eff9a,ETH,phishing_drainer,scamsniffer,phishing,possessdpixels.xyz,
0x879cd104ede6f9e4148ef5a980773a15567b953c,ETH,phishing_drainer,scamsniffer,phishing,,
0x87ad7cddb40e3f9203523653a52d8847a0d76b48,ETH,phishing_drainer,scamsniffer,phishing,,
0x87f7ee5c4156ed411b6481f53493d3dd04fba734,ETH,phishing_drainer,scamsniffer,phishing,,
0x8804d09aeec11eb69808bf9cbdfaf9ed88b4bf4e,ETH,phishing_drainer,scamsniffer,phishing,,
0x880693f6fa17395914a9c6f280f6af6eec6ea195,ETH,phishing_drainer,scamsniffer,phishing,,
0x880a3a156848a62acf69a7427aefd30f4cd1ee41,ETH,phishing_drainer,scamsniffer,phishing,,
0x880aa1dcf0fd4da09a6d1d440bff6356709a0c3b,ETH,phishing_drainer,scamsniffer,phishing,,
0x88111f1fc0ec5b02c614eb4bcdd8271e044270d6,ETH,phishing_drainer,scamsniffer,phishing,,
0x8811d963d9a48c66253cbb3d29c81e0115cfe9fc,ETH,phishing_drainer,scamsniffer,phishing,,
0x8816ef457e6f066d0410aed20a49f3c5bea1c3c8,ETH,phishing_drainer,scamsniffer,phishing,,
0x8822117f19bc7cbe82f308499f2db9e62cb60e51,ETH,phishing_drainer,scamsniffer,phishing,,
0x8823961049cbfa15d853ac896c45f2f486fd4750,ETH,phishing_drainer,scamsniffer,phishing,,
0x882e2f5f443ac8c219018f67c3a9418839a5dd53,ETH,phishing_drainer,scamsniffer,phishing,,
0x88522a43427c96f9773ca110fe9373be6bbc5cc1,ETH,phishing_drainer,scamsniffer,phishing,,
0x88584b51431e265f3d162af863110259a23ac279,ETH,phishing_drainer,scamsniffer,phishing,,
0x88593860ebce9733b475ce02957e57ea6cc45ac6,ETH,phishing_drainer,scamsniffer,phishing,,
0x88695c8b4ffdff729942437189780728d1343877,ETH,phishing_drainer,scamsniffer,phishing,,
0x887ad16a50fbcc0f01840476aee4942f4724f0a5,ETH,phishing_drainer,scamsniffer,phishing,,
0x8880b22f5e86d753ebc9dbc2e2023ee63befe7b7,ETH,phishing_drainer,scamsniffer,phishing,,
0x888487978cd9a71e049f1c81dd27ee20d63c9cd4,ETH,phishing_drainer,scamsniffer,phishing,,
0x88902035f0fd9e7b671be03db5583e3d1f68c215,ETH,phishing_drainer,scamsniffer,phishing,,
0x889e1625795bf4dbebaa1cb9b7225da0ceb61942,ETH,phishing_drainer,scamsniffer,phishing,,
0x88b54da6c7b14f699e998206a2fb95721be2d3e2,ETH,phishing_drainer,scamsniffer,phishing,,
0x88b802bd291f8d7f8e99f4bdfbe1192dea9a0c15,ETH,phishing_drainer,scamsniffer,phishing,,
0x88cd5fcec7f4bb5a267cb610ff1836b800988632,ETH,phishing_drainer,scamsniffer,phishing,,
0x89016e9f3ace193bca91c52b8686b6443b4942c7,ETH,phishing_drainer,scamsniffer,phishing,,
0x89085b8ea43833c6f690940643ffcf48d129dee0,ETH,phishing_drainer,scamsniffer,phishing,,
0x890bfe5aae1e8afc54bbcbf3c96903ee1c3f4156,ETH,phishing_drainer,scamsniffer,phishing,,
0x891619ea8de8c73779c1fb8b6a582f7a913e55ff,ETH,phishing_drainer,scamsniffer,phishing,,
0x8928a0785591d0b738cdf8276cade981cf0cd7c0,ETH,phishing_drainer,scamsniffer,phishing,,
0x892cac6a3406f5c42559009b0eb7fe842c4c550a,ETH,phishing_drainer,scamsniffer,phishing,,
0x892e6f74be8d92d45736ce2bb3c719bbd207cbd4,ETH,phishing_drainer,scamsniffer,phishing,,
0x894054782f62d4faa782f9f8a776ec806eff9cf7,ETH,phishing_drainer,scamsniffer,phishing,,
0x89409a4938bab81edb99e48c508cf3214d077d7d,ETH,phishing_drainer,scamsniffer,phishing,,
0x8941825b3591adb9074a5c933478b1cd059379c9,ETH,phishing_drainer,scamsniffer,phishing,,
0x89587bebcf2e364692bff781440d366653422608,ETH,phishing_drainer,scamsniffer,phishing,,
0x895fcd38a216832d1a57773f6ba366046f642416,ETH,phishing_drainer,scamsniffer,phishing,,
0x896d4525d875ccdf0ca9ffde2849fb57ff57abb3,ETH,phishing_drainer,scamsniffer,phishing,,
0x8975ea150d825e8394076dbed3aca9cf614d6a99,ETH,phishing_drainer,scamsniffer,phishing,,
0x8987ed1907f3048e799d4a474d77261cbc5f9795,ETH,phishing_drainer,scamsniffer,phishing,,
0x89bcc65889cf8dc3b7e508e4e1eead25dcb6583e,ETH,phishing_drainer,scamsniffer,phishing,,
0x89cc25852af977376c7021cd8ddd7764bc028707,ETH,phishing_drainer,scamsniffer,phishing,,
0x89dbbefa737599708a8da1595134af9597965aef,ETH,phishing_drainer,scamsniffer,phishing,,
0x89ef0fe9f8d3b28d07a6feb99814ae5204d8df19,ETH,phishing_drainer,scamsniffer,phishing,,
0x89f3ef08b975c920416a6b0847a3c4526bd734c3,ETH,phishing_drainer,scamsniffer,phishing,,
0x89fb4b5e0125409262cd4efbafb464878c7186d9,ETH,phishing_drainer,scamsniffer,phishing,,
0x8a07b12114b9e7d862877325f3fd61669dacac77,ETH,phishing_drainer,scamsniffer,phishing,,
0x8a1b0379e31bc4642f3d63e0c56f39753d4caafb,ETH,phishing_drainer,scamsniffer,phishing,,
0x8a25cf46d8170d4b3edf31b78ecd12d43994caab,ETH,phishing_drainer,scamsniffer,phishing,,
0x8a2695241623923b885f3313ff85c2e5e077bb41,ETH,phishing_drainer,scamsniffer,phishing,,
0x8a29ae4b61a7b7a6702a61279af961d0e64d9d8c,ETH,phishing_drainer,scamsniffer,phishing,,
0x8a2d574f1ddc5dac2b1e156a328240c4c07cf86a,ETH,phishing_drainer,scamsniffer,phishing,,
0x8a325ce141fe422d2460a4cc9750ed4e5101bab0,ETH,phishing_drainer,scamsniffer,phishing,,
0x8a4878acb0e3de78a57477dbb86d84925e3de0db,ETH,phishing_drainer,scamsniffer,phishing,,
0x8a50fb1644da95ec1975bc3702da91ef8379e77b,ETH,phishing_drainer,scamsniffer,phishing,,
0x8a5e690f38bf904b3d59df22821ea6256a9ddc32,ETH,phishing_drainer,scamsniffer,phishing,,
0x8a611494d1d706a07464eca6a206fb67db7a7c8b,ETH,phishing_drainer,scamsniffer,phishing,,
0x8a68a6e2ca2b3cf5f0c042025af790d983442ba3,ETH,phishing_drainer,scamsniffer,phishing,,
0x8a7747e04679a14ad38aade50ed8cbb49ef09999,ETH,phishing_drainer,scamsniffer,phishing,,
0x8a89c0d00c7edd948a74c83c7672a958efbd5efa,ETH,phishing_drainer,scamsniffer,phishing,,
0x8a8a2436fc920e6c73c3a9e9a00b8d937812ee0d,ETH,phishing_drainer,scamsniffer,phishing,multi-coin.org,
0x8a94a06b3ca4e196d58b94493827677f2820a2d6,ETH,phishing_drainer,scamsniffer,phishing,,
0x8a9eab59d578ff9c6475666b9d565d49ec7c51a2,ETH,phishing_drainer,scamsniffer,phishing,,
0x8aa973c7faea89bef74a7be03b94a90d9fc5b964,ETH,phishing_drainer,scamsniffer,phishing,,
0x8ab0dcb4037130b62166119d7d1e302c21b6dc38,ETH,phishing_drainer,scamsniffer,phishing,,
0x8ac27603b5c2c31d32bc8b3b6b738420cf36a74e,ETH,phishing_drainer,scamsniffer,phishing,,
0x8adc1a6d311753d395c030bc0bd5eac45fd101ff,ETH,phishing_drainer,scamsniffer,phishing,,
0x8b10e17e33745bb4ec69aad01e6c4a1db86a4332,ETH,phishing_drainer,scamsniffer,phishing,,
0x8b4652bbaefcdde13ed4ff66cb61c2746fb9aad5,ETH,phishing_drainer,scamsniffer,phishing,,
0x8b519b3f9bb099e0fe4ebfd27400daa439716473,ETH,phishing_drainer,scamsniffer,phishing,,
0x8b631a5a6b4225fc48ef8bfa22cc2dd48ecda338,ETH,phishing_drainer,scamsniffer,phishing,,
0x8b68ecbfafd934efef77c18cb1e3b2daa27c8ccc,ETH,phishing_drainer,scamsniffer,phishing,,
0x8b6c0ced90de46cadc0c22cde4d795003bfec3b0,ETH,phishing_drainer,scamsniffer,phishing,,
0x8b8d8019b2d51f397aa3756c1382f9b8adc57175,ETH,phishing_drainer,scamsniffer,phishing,,
0x8b944239c2b808171ad0c83921dfe429d91afd73,ETH,phishing_drainer,scamsniffer,phishing,,
0x8ba224b160fdb02000ba8e49d2d6fb2a81869f74,ETH,phishing_drainer,scamsniffer,phishing,,
0x8ba23de8eafd043947d0d822775c1299ef79550d,ETH,phishing_drainer,scamsniffer,phishing,,
0x8bba4833139c57c4931cb090fd86bc217ad3a790,ETH,phishing_drainer,scamsniffer,phishing,,
0x8bc584640305d0688ba4df2dc5fd3a2182a76e21,ETH,phishing_drainer,scamsniffer,phishing,,
0x8c12aeaf62da2fa8778f7a6e77526cf98ad76f3b,ETH,phishing_drainer,scamsniffer,phishing,,
0x8c1ea8fc7dd94df08d60ad12dfd11f9150c21a91,ETH,phishing_drainer,scamsniffer,phishing,,
0x8c219072181b92d040c017b31f0ed4a11c363314,ETH,phishing_drainer,scamsniffer,phishing,,
0x8c27473263f366b9934940a193ca58da550093a9,ETH,phishing_drainer,scamsniffer,phishing,,
0x8c28405836057d58c39d5665d2138f91c0132c92,ETH,phishing_drainer,scamsniffer,phishing,,
0x8c297d2505ea666e9e2a5e4c2498ae4956c12a74,ETH,phishing_drainer,scamsniffer,phishing,,
0x8c2d5e09f763d401a5abfe366d5237512b106828,ETH,phishing_drainer,scamsniffer,phishing,,
0x8c339327bc91f481ae53e6bbabfec214111accf5,ETH,phishing_drainer,scamsniffer,phishing,,
0x8c4a5c29a1e94a0e88f42ab172501a34b0d2c38f,ETH,phishing_drainer,scamsniffer,phishing,,
0x8c5d6dab815e24cf68aed155de377693e5020739,ETH,phishing_drainer,scamsniffer,phishing,,
0x8c63294a529d7cd81040c793faacc714be523539,ETH,phishing_drainer,scamsniffer,phishing,,
0x8c6e4f478dce6500129343a37055f078c66acb52,ETH,phishing_drainer,scamsniffer,phishing,,
0x8c7d7cd3de3e5027e4df4b11667ad8829eb4c2d1,ETH,phishing_drainer,scamsniffer,phishing,,
0x8c85f05d8bdc4beb0ab551a13c051d4e94e9d221,ETH,phishing_drainer,scamsniffer,phishing,,
0x8c8853ab75413bbcb7ca0b14b1677e6049f9d19b,ETH,phishing_drainer,scamsniffer,phishing,,
0x8c88d1b9fe57a3940bcfd7dbcd145f8597918501,ETH,phishing_drainer,scamsniffer,phishing,,
0x8c966cae614910137b13e9e241b88dd82df36c38,ETH,phishing_drainer,scamsniffer,phishing,,
0x8cb289a14790c947bf768781ec08d62756dc3941,ETH,phishing_drainer,scamsniffer,phishing,,
0x8cb4f89fee4d6a0cba3a9e24558fe02217ece9bb,ETH,phishing_drainer,scamsniffer,phishing,,
0x8cccdc0da2d3c6ad4a754db4812b9eef19877eec,ETH,phishing_drainer,scamsniffer,phishing,,
0x8ce094fa98192012774cb01501c0abf0eda43ecd,ETH,phishing_drainer,scamsniffer,phishing,,
0x8cf3d53774d93ebefc582cff434bf1c58a5b1908,ETH,phishing_drainer,scamsniffer,phishing,,
0x8cf6cc426e91b8e7877ddb33d3d2c0a5ee24f6ad,ETH,phishing_drainer,scamsniffer,phishing,,
0x8d01f826be9ea94527484aeae4f0d0eeb9542b5c,ETH,phishing_drainer,scamsniffer,phishing,,
0x8d095ea3a69511ade706ad6fc96044e5554a751d,ETH,phishing_drainer,scamsniffer,phishing,,
0x8d1d6c9a058ad31de1ec3c773e05d1ddb4c018ec,ETH,phishing_drainer,scamsniffer,phishing,,
0x8d2f666b67fef1c0752cac9c7a5de37672af8bde,ETH,phishing_drainer,scamsniffer,phishing,,
0x8d30ae75baa378e1194d4f95146b712e794a0c42,ETH,phishing_drainer,scamsniffer,phishing,,
0x8d322e671d211ec4c41c7737b476f993da3849f0,ETH,phishing_drainer,scamsniffer,phishing,,
0x8d50d2eeeed7ea1de60c51ba3f767e48dfbd2320,ETH,phishing_drainer,scamsniffer,phishing,,
0x8d50e0ed19247508ef9b9c276e0f86a79d238364,ETH,phishing_drainer,scamsniffer,phishing,,
0x8d5a3d7f57dfc8962c896c7f62b552cab0efdf66,ETH,phishing_drainer,scamsniffer,phishing,,
0x8d7e9faee2a1a36e0bef507e805f9c8b9e275e92,ETH,phishing_drainer,scamsniffer,phishing,,
0x8d8ba23085d156130640cfe8ce69686d6e084a41,ETH,phishing_drainer,scamsniffer,phishing,,
0x8d9d6a30fc6e3f674645681d403d51024b0b89cb,ETH,phishing_drainer,scamsniffer,phishing,,
0x8da07bfbcb9afdf8c238648fe749a8660fe8a62b,ETH,phishing_drainer,scamsniffer,phishing,,
0x8dc0eea263c74b8d726273040721fe28072e6843,ETH,phishing_drainer,scamsniffer,phishing,,
0x8dd465df3d1d4e0a4ae978fa7fb30eb558ab8714,ETH,phishing_drainer,scamsniffer,phishing,nudiecommunity.com,
0x8ddfce3bc5ccc4ebb0b5ebdb1404283f1c25c3e2,ETH,phishing_drainer,scamsniffer,phishing,,
0x8e029305a4f769bab3692a883b5e33339e9905e5,ETH,phishing_drainer,scamsniffer,phishing,,
0x8e133cbac54740f9c908d53bbc01b510fe180c7e,ETH,phishing_drainer,scamsniffer,phishing,,
0x8e2c14d6ac7e7316c0c72689d358d59d636240f6,ETH,phishing_drainer,scamsniffer,phishing,,
0x8e2cf0d0b36f8933815b45ce6998ac7d0c020191,ETH,phishing_drainer,scamsniffer,phishing,,
0x8e3e1b2ad7a5b5d7e8d72942a4a239ef6ac6abff,ETH,phishing_drainer,scamsniffer,phishing,,
0x8e4390a8e1f8e159de0afeba0588e45341e59bcb,ETH,phishing_drainer,scamsniffer,phishing,,
0x8e4c2bd3ebd83780ae94d8e79df887d4be9e8409,ETH,phishing_drainer,scamsniffer,phishing,,
0x8e536551b1a1497cb88de25c6bed27471821742f,ETH,phishing_drainer,scamsniffer,phishing,,
0x8e54ba17e9d5ee98692ed49596ab20aacbb4ab86,ETH,phishing_drainer,scamsniffer,phishing,,
0x8e5d2cb4dc2ca4ad7b40cdf0e9203e58bd6b293e,ETH,phishing_drainer,scamsniffer,phishing,,
0x8e900f8b7868484948e4cdd6b862678b25fcd469,ETH,phishing_drainer,scamsniffer,phishing,,
0x8e9c4ea37a0f2f2abc02588662ae607bfa4596d0,ETH,phishing_drainer,scamsniffer,phishing,,
0x8ebb4f339aa1f11f211053b31cffe21b38e66237,ETH,phishing_drainer,scamsniffer,phishing,,
0x8ec04f889a55ac5afb1e59766f13331d06fc7fc4,ETH,phishing_drainer,scamsniffer,phishing,,
0x8ed0533fe6622d1c08b32e9075b0f0d2e090ff80,ETH,phishing_drainer,scamsniffer,phishing,,
0x8ee2741f8325097634576f2eed5d95fb8fbcac2d,ETH,phishing_drainer,scamsniffer,phishing,,
0x8ee460f4b2ac29daf5c560098b65b518e1aebe5c,ETH,phishing_drainer,scamsniffer,phishing,,
0x8ee7a44a1f42d507c5b323340d48f78269d3514e,ETH,phishing_drainer,scamsniffer,phishing,,
0x8ef6861d980a764829d314509fbf2c534720a65d,ETH,phishing_drainer,scamsniffer,phishing,,
0x8f051d80af327a8abbf238f1413130d2ecc2b0a8,ETH,phishing_drainer,scamsniffer,phishing,,
0x8f1a7d3efe816c0108b12a113e2eed9ddc823079,ETH,phishing_drainer,scamsniffer,phishing,,
0x8f22983ae5bdc740313930a6f6442b76a592670b,ETH,phishing_drainer,scamsniffer,phishing,,
0x8f22f49eb82cf0bcf0e2c3f061ff9105465083ab,ETH,phishing_drainer,scamsniffer,phishing,,
0x8f32f3ee0312dca80b8e3e3080fabf2e8a436960,ETH,phishing_drainer,scamsniffer,phishing,,
0x8f3b780d02a4f9100355dc9a9efc56f3ff70aff4,ETH,phishing_drainer,scamsniffer,phishing,,
0x8f583add58c17ac95a0af811749313c32df300cd,ETH,phishing_drainer,scamsniffer,phishing,,
0x8f5c837317b8e7f69409610494f5f74a188a3800,ETH,phishing_drainer,scamsniffer,phishing,,
0x8f5dbe82eab8977913de33cfb95a902a4e73fa90,ETH,phishing_drainer,scamsniffer,phishing,,
0x8f6113b4b9ff5f032ee8f56146e55bef5f005f08,ETH,phishing_drainer,scamsniffer,phishing,,
0x8f9b055058b7a714c3cfafaf6db190a9c622fd2b,ETH,phishing_drainer,scamsniffer,phishing,,
0x8fa26d9d66ba0b3075a2ec1a6ee4a7499cecd28e,ETH,phishing_drainer,scamsniffer,phishing,,
0x8fbb1f669e7ab566d16534259500abdf5b4d92c7,ETH,phishing_drainer,scamsniffer,phishing,,
0x8fbbb777aceb45eb58ea184160f5bb649bbc4a4e,ETH,phishing_drainer,scamsniffer,phishing,,
0x8fbe8655315d6b9ee32fe507db41825ae5b1e770,ETH,phishing_drainer,scamsniffer,phishing,,
0x8fc0ef2c02f8a248dd98ed26316556d8b2d65e00,ETH,phishing_drainer,scamsniffer,phishing,,
0x8fcf2416e7914760f5fee398bad6d091b31723de,ETH,phishing_drainer,scamsniffer,phishing,,
0x8fcfb8064da26c5472a8bb6ba42dd49e6b99d8bc,ETH,phishing_drainer,scamsniffer,phishing,,
0x8ff1d4916ad0576c0fdeb2610a9b5eeaac544252,ETH,phishing_drainer,scamsniffer,phishing,,
0x90066cd9dacbde8e2a2d793f4754f067f73c01d7,ETH,phishing_drainer,scamsniffer,phishing,,
0x90162a69b855bc8477d2d0f013dce3e217fcc8dd,ETH,phishing_drainer,scamsniffer,phishing,,
0x903b83827ca11bfa92a3f623bc22015a6292999e,ETH,phishing_drainer,scamsniffer,phishing,,
0x903cb5c4cd7fcebbd0097db439e15a4d65a98c58,ETH,phishing_drainer,scamsniffer,phishing,,
0x905a2d50629f6e2479a13f0595b7c1c8920701f3,ETH,phishing_drainer,scamsniffer,phishing,,
0x9070f72ea2402aca57f8252182e2e95e7c749551,ETH,phishing_drainer,scamsniffer,phishing,,
0x90717619aea6920aedd6fa23fa5eb3d49a9c1c1b,ETH,phishing_drainer,scamsniffer,phishing,,
0x908e4b083d55485bade5e0c4a69e8c3055fadb52,ETH,phishing_drainer,scamsniffer,phishing,,
0x9094df5d580cda43649066791598f15b134fb62f,ETH,phishing_drainer,scamsniffer,phishing,,
0x909874bdd61a6c43c823f2c436d24ead3058d603,ETH,phishing_drainer,scamsniffer,phishing,,
0x90cc4ed708a07330a5820b66294156163ab02ccb,ETH,phishing_drainer,scamsniffer,phishing,,
0x90ec8a29e113765dc70a23fd8827fb707fe7d341,ETH,phishing_drainer,scamsniffer,phishing,,
0x90f17fcf642f7da67871de7b4e822dfb9b710fb3,ETH,phishing_drainer,scamsniffer,phishing,,
0x90f6fdd34b8d856f1cc2825a4f1f556091ed13b6,ETH,phishing_drainer,scamsniffer,phishing,,
0x9100f2d14b8431f989724dded7a31ef7e9b63426,ETH,phishing_drainer,scamsniffer,phishing,,
0x912632eacb36cedb9cac05e21ae71a694eedcad5,ETH,phishing_drainer,scamsniffer,phishing,,
0x9138a38cdd5261f7ed58fd82736edf51014a1718,ETH,phishing_drainer,scamsniffer,phishing,,
0x913f9b4d7ffeec32d885932007711ab0c8710ae7,ETH,phishing_drainer,scamsniffer,phishing,,
0x9150bf530458aa1e6febf68b235189a160b351fb,ETH,phishing_drainer,scamsniffer,phishing,,
0x915c2aa279a49e9c98917b74d8a42af66eafe8f2,ETH,phishing_drainer,scamsniffer,phishing,,
0x9161eef046fe8894114cc43d81fc6be66e0c725a,ETH,phishing_drainer,scamsniffer,phishing,,
0x91843287afecb1e0c92d765672ceeb1da856d6d9,ETH,phishing_drainer,scamsniffer,phishing,,
0x919f08ee29b8a6b681e44b785f3626ec3c249d19,ETH,phishing_drainer,scamsniffer,phishing,mint-seaside.com,
0x91a447507bd5636024393b4d0b8456ea6b4ec047,ETH,phishing_drainer,scamsniffer,phishing,,
0x91c5dbf465e8ef6fb34fb1a0393fa4bd7de7e0d7,ETH,phishing_drainer,scamsniffer,phishing,,
0x91d8f341e80985af53a7675d1c4451504d17b275,ETH,phishing_drainer,scamsniffer,phishing,,
0x91e29cfe13efeec4722aebabba1158f46cd67c9d,ETH,phishing_drainer,scamsniffer,phishing,,
0x91eb084cb3c6932ee1b60a741d2301e43b0cb6a5,ETH,phishing_drainer,scamsniffer,phishing,,
0x91efa65500e0277098a85bd2c4ce7093d9ca89c0,ETH,phishing_drainer,scamsniffer,phishing,,
0x91fdb7bba6ebf741781aafa80b21a3330a6f0bb2,ETH,phishing_drainer,scamsniffer,phishing,,
0x9201d749fd7462d19d932ac327361948a77c2121,ETH,phishing_drainer,scamsniffer,phishing,,
0x92054166ac4ca6a109e9acad4efdfe348215024e,ETH,phishing_drainer,scamsniffer,phishing,,
0x920ac5b379ade32b6fa8922e34ada3bc96519dd0,ETH,phishing_drainer,scamsniffer,phishing,,
0x92133c762fb967c9d9adeafadec07e5a03f4050d,ETH,phishing_drainer,scamsniffer,phishing,,
0x921466989037c7697ce7e0f173eae7e285520394,ETH,phishing_drainer,scamsniffer,phishing,,
0x9233bb72f1bfdff01df883c60fea4e5c0994ba0f,ETH,phishing_drainer,scamsniffer,phishing,,
0x924c89310228bd2d05a99ef89ece83b432b3bd43,ETH,phishing_drainer,scamsniffer,phishing,,
0x92602d03514e16661753c1a170bec9b70e81f2c2,ETH,phishing_drainer,scamsniffer,phishing,,
0x92627cc48a9cfe692e62cf6ddc30fcb11681e7c5,ETH,phishing_drainer,scamsniffer,phishing,,
0x92690642e9dd47b0741f2f5c26b39c9e8f8401f4,ETH,phishing_drainer,scamsniffer,phishing,,
0x927e8ea19a0cc5efd9197f05ac6311b9228ba9b9,ETH,phishing_drainer,scamsniffer,phishing,,
0x9283dd64506ad432483e599db84e6d930fbc516f,ETH,phishing_drainer,scamsniffer,phishing,,
0x92946a267ed208463eb40b19229c664806f8e637,ETH,phishing_drainer,scamsniffer,phishing,,
0x929a2920e437ee3ef322ed9f69c48515abb6e7f9,ETH,phishing_drainer,scamsniffer,phishing,,
0x929bf7dfc9c9ef3d3824ba368cb5b70300fc0186,ETH,phishing_drainer,scamsniffer,phishing,,
0x92c582a59582ae1c150e69125b2ea08e7594b6c9,ETH,phishing_drainer,scamsniffer,phishing,,
0x92d2f52ce80161b8debd5d34ee454cca2112f44d,ETH,phishing_drainer,scamsniffer,phishing,,
0x92dcec10555dadbe99d1d762162b6947ae33d18f,ETH,phishing_drainer,scamsniffer,phishing,,
0x92ddd932c53ee820eb9397e03d865392c396d836,ETH,phishing_drainer,scamsniffer,phishing,,
0x92f5ae24da305f6fbd2d62586ed4de84ad05650f,ETH,phishing_drainer,scamsniffer,phishing,,
0x92fab0bbe357c2f31c85fd5e6b60690f7a1ae53b,ETH,phishing_drainer,scamsniffer,phishing,,
0x9307d0730bbe0e2df8f747e3f693772ad83debcb,ETH,phishing_drainer,scamsniffer,phishing,,
0x931153a6dc00198a0d6145ce957ef94f05e69b43,ETH,phishing_drainer,scamsniffer,phishing,,
0x931182e447f0da2f915c5e024c0d8feb9c47bbe3,ETH,phishing_drainer,scamsniffer,phishing,,
0x9337fa0f40067b321ad9fbbeadf67b8400e189c3,ETH,phishing_drainer,scamsniffer,phishing,,
0x9350dc887ee1c4ae0b3b0404666020008393f457,ETH,phishing_drainer,scamsniffer,phishing,,
0x9355ddb84b1a8377f9ab764459cea38c497408b3,ETH,phishing_drainer,scamsniffer,phishing,,
0x93594f83589df19b4e5cc836cd1e1379e179a070,ETH,phishing_drainer,scamsniffer,phishing,,
0x935d9c4da96c55bedd432f0fa73f0958aed3d51b,ETH,phishing_drainer,scamsniffer,phishing,,
0x93668c02fa17d0c3e2de08fc89cad4fde0d25fcd,ETH,phishing_drainer,scamsniffer,phishing,,
0x936bb1645379a30b2c6a3e7da9313bd96818ebc2,ETH,phishing_drainer,scamsniffer,phishing,,
0x93941d195fcd0ae25ef4182848a2febcd43b5200,ETH,phishing_drainer,scamsniffer,phishing,,
0x93bbf194175c0bddb2812f60b4eb70ef2bb17bef,ETH,phishing_drainer,scamsniffer,phishing,,
0x93bf3082be744fe30b263fa04a96604e9860f91c,ETH,phishing_drainer,scamsniffer,phishing,,
0x93c16289f9dda4cc7d7b0750857864217080dc00,ETH,phishing_drainer,scamsniffer,phishing,,
0x93e3237af09d0aef4e4402f13fb794bba4689b8a,ETH,phishing_drainer,scamsniffer,phishing,,
0x93ee633542a503e5f4d7d813baf3e0b2d5b94531,ETH,phishing_drainer,scamsniffer,phishing,,
0x93f715bc3a464bdb408554bb691db3b3ebcdfbbe,ETH,phishing_drainer,scamsniffer,phishing,,
0x940cf734ac44f689e3df3889d4e01255960134a8,ETH,phishing_drainer,scamsniffer,phishing,,
0x94218b31f29de3fa66cb012de95bc29c183842bc,ETH,phishing_drainer,scamsniffer,phishing,,
0x943029eb33c6ebc6c034f9795bfe5599a97dcc95,ETH,phishing_drainer,scamsniffer,phishing,,
0x9430c3017e7cab186871b473d02c3d4814b39c99,ETH,phishing_drainer,scamsniffer,phishing,,
0x9433b1e6bd4596a3899d7e576283375b749002af,ETH,phishing_drainer,scamsniffer,phishing,,
0x9445ab6df8d0882fc7d8c6262d8ff1c038cf4dc2,ETH,phishing_drainer,scamsniffer,phishing,,
0x9447d57d19f38eff509590f51931c63ef4ca00eb,ETH,phishing_drainer,scamsniffer,phishing,,
0x944a5886761487f241f9317c87c8250d5cc38890,ETH,phishing_drainer,scamsniffer,phishing,,
0x94535803712be3ab6f9c82a86538b2ac15d08364,ETH,phishing_drainer,scamsniffer,phishing,,
0x945d368abcf2bef875853bb1855c502c873060a8,ETH,phishing_drainer,scamsniffer,phishing,,
0x945e5da00ff55feda8c4ad9b8cda225d014e219a,ETH,phishing_drainer,scamsniffer,phishing,,
0x946d45c866afd5b8f436d40e551d8e50a5b84230,ETH,phishing_drainer,scamsniffer,phishing,,
0x94727450bebc0040ffcc3652f3aa41800e48dc0f,ETH,phishing_drainer,scamsniffer,phishing,,
0x94bea9ac7f8459e4230563d1e77fc883da206117,ETH,phishing_drainer,scamsniffer,phishing,,
0x94cbdd2ec37645629f2650ea785a6713d7644696,ETH,phishing_drainer,scamsniffer,phishing,,
0x94dec14fe07ca693741e1e28135cd32865832c3b,ETH,phishing_drainer,scamsniffer,phishing,,
0x94ed419ebb0b92188c512efff4b526fe82256388,ETH,phishing_drainer,scamsniffer,phishing,,
0x950ba4aa9d138f0a5a68661e84835d8ab4c4cfd2,ETH,phishing_drainer,scamsniffer,phishing,,
0x950cb62960f2399826af70a3adeb622db0e778cb,ETH,phishing_drainer,scamsniffer,phishing,,
0x952820e4cbd0106ab61e7edada39b8d7047299ac,ETH,phishing_drainer,scamsniffer,phishing,,
0x953de0fee9e7b8056dd802b2e9ba0c8e540c68b8,ETH,phishing_drainer,scamsniffer,phishing,,
0x954484b592cc6fccc40b571045f2c2225f5fc2a6,ETH,phishing_drainer,scamsniffer,phishing,,
0x955fb859ff8e356cd9b94340f1f4368dfb73bf46,ETH,phishing_drainer,scamsniffer,phishing,,
0x958cf1e4c5c5274d47899a9a0b9a5efcdde70e8f,ETH,phishing_drainer,scamsniffer,phishing,,
0x95a43ca6663ae07757ced45503021bda65169bba,ETH,phishing_drainer,scamsniffer,phishing,,
0x95a4b51af936cd2f52a261eaef563beb78a7a4ef,ETH,phishing_drainer,scamsniffer,phishing,,
0x95ad61b0a150d79219dcf64e1e6cc01f0b64c4ce,ETH,phishing_drainer,scamsniffer,phishing,www.claimreward.fun,
0x95d39de21227444038b4f5251e428be35ee83fb4,ETH,phishing_drainer,scamsniffer,phishing,,
0x96106da84933b3867bbb7c235243ddb0bc0d65d7,ETH,phishing_drainer,scamsniffer,phishing,,
0x9614a2c06014365a60b0459a2802e67569563e7e,ETH,phishing_drainer,scamsniffer,phishing,,
0x962f440db4d0ff33dd440042e8458eb22f099595,ETH,phishing_drainer,scamsniffer,phishing,,
0x9639026be336a0b6e879071beec3f32491425970,ETH,phishing_drainer,scamsniffer,phishing,,
0x9639a0145ae0ea26bb6afb3547eadadf3ee2018d,ETH,phishing_drainer,scamsniffer,phishing,,
0x963bbc70151154e8b97f60ad908705188c82b69f,ETH,phishing_drainer,scamsniffer,phishing,,
0x96492993c231284fe54edd017bcfe6ed93c90756,ETH,phishing_drainer,scamsniffer,phishing,,
0x964ec7472319243893afca9f8e02d6e15bc2d21d,ETH,phishing_drainer,scamsniffer,phishing,,
0x966ca5cccc1dddeb32921b68e3992596c34daf73,ETH,phishing_drainer,scamsniffer,phishing,,
0x966d8a5c6a259bdc4b46350f7ee7e569af8a27f0,ETH,phishing_drainer,scamsniffer,phishing,,
0x969adf6f99eb2756513bbc5d45605f6fcfbb4bdd,ETH,phishing_drainer,scamsniffer,phishing,,
0x96a29239a64ea58c224ff6f46ac31f8c7f886775,ETH,phishing_drainer,scamsniffer,phishing,,
0x96b2073301ac5f7c0ceb85846296dd620027bad4,ETH,phishing_drainer,scamsniffer,phishing,,
0x96b60389d016c00b500eccd85b5024feb30a6763,ETH,phishing_drainer,scamsniffer,phishing,,
0x96d300745b918b4a86b4e95a8cc7904347daf197,ETH,phishing_drainer,scamsniffer,phishing,,
0x96d983263c0689fc990dfb0853621875c48c049d,ETH,phishing_drainer,scamsniffer,phishing,,
0x96e651c598a08243a1a328afaba8ce6593fa4ef4,ETH,phishing_drainer,scamsniffer,phishing,,
0x96ef686a2c6969ef47b117c691b0e68e17c8e1b6,ETH,phishing_drainer,scamsniffer,phishing,,
0x96f245ddaa16c17dfbc56986c6cc1690647a55c0,ETH,phishing_drainer,scamsniffer,phishing,,
0x9715a647767bd5f904a7c4d75941dea8cda95223,ETH,phishing_drainer,scamsniffer,phishing,,
0x9739c1d0fae7130e9491b3b431fddc0d66de6a84,ETH,phishing_drainer,scamsniffer,phishing,,
0x974a38026d3b3472b491aa334365191cd53f1acd,ETH,phishing_drainer,scamsniffer,phishing,,
0x975823d9ef3257370fc122efafeeee013e540943,ETH,phishing_drainer,scamsniffer,phishing,,
0x977143ba90c9bd43e5fea6f6b801993463858d43,ETH,phishing_drainer,scamsniffer,phishing,,
0x977252f8c0fd52c404c46bbc8d49619112ca4720,ETH,phishing_drainer,scamsniffer,phishing,,
0x9772f5280550821b04435855b0394309f6339aed,ETH,phishing_drainer,scamsniffer,phishing,,
0x977767bc740588e11a4926af1b8c38cd1b03d3ad,ETH,phishing_drainer,scamsniffer,phishing,,
0x9777b8fef68d29b52051ca38b53a4eb0bc578d9f,ETH,phishing_drainer,scamsniffer,phishing,,
0x978306311e54b5dba55bbcc6b06508a561f42b73,ETH,phishing_drainer,scamsniffer,phishing,,
0x978438cc6bf9aa6c930cab96a9f4c1326f385509,ETH,phishing_drainer,scamsniffer,phishing,,
0x97908ec0794c74f99973f6e9d830bd558485bac2,ETH,phishing_drainer,scamsniffer,phishing,,
0x97b08c191a98be172314234938300afa9a035399,ETH,phishing_drainer,scamsniffer,phishing,,
0x97c9bfdec4fdd49825e529b11a2f9440230d5626,ETH,phishing_drainer,scamsniffer,phishing,,
0x97cc39e70e7e1635ee4f34f8e8c30883db19eb28,ETH,phishing_drainer,scamsniffer,phishing,,
0x97dbbca2213607ac880a05f2481c994a387cbee6,ETH,phishing_drainer,scamsniffer,phishing,,
0x97ee8829546b083b21eb47b10a9c8d440361693b,ETH,phishing_drainer,scamsniffer,phishing,,
0x9809967c396dc3f00e1eb032ae9b416bfcf0d07e,ETH,phishing_drainer,scamsniffer,phishing,,
0x981162ad7cdea92d9ade27c048a265dbfe996b81,ETH,phishing_drainer,scamsniffer,phishing,,
0x982d654bed7fc445335406ce310d605b3e9414b6,ETH,phishing_drainer,scamsniffer,phishing,,
0x983e1f9a157ae4e780c3f0bead92e45e81996c7a,ETH,phishing_drainer,scamsniffer,phishing,,
0x98480f170c11002dfabec7f7510cfeba217c13e5,ETH,phishing_drainer,scamsniffer,phishing,,
0x985c8871c364fb232d56093dca343adaf0d7cbc8,ETH,phishing_drainer,scamsniffer,phishing,,
0x9864d21466010ffac0305ba9e6039976aab40995,ETH,phishing_drainer,scamsniffer,phishing,,
0x9868b5935b1b2bfca9db689a329f018d35306f4c,ETH,phishing_drainer,scamsniffer,phishing,,
0x98706ea942f330f4725cd5ee79f9b050ce44b4df,ETH,phishing_drainer,scamsniffer,phishing,,
0x9886b0f295622123965806ecafb6e2e2fb246971,ETH,phishing_drainer,scamsniffer,phishing,,
0x98ac16730203821d56d2fbe6f1799ccb02512b2b,ETH,phishing_drainer,scamsniffer,phishing,,
0x98bddafd42372e862f97a1dae3663bad8ad1ac02,ETH,phishing_drainer,scamsniffer,phishing,,
0x98cbe29970b5b2d2b6924df9a243578875c1ee86,ETH,phishing_drainer,scamsniffer,phishing,,
0x98ce4c5f547fd896ea03ee9109815f87ed7b293f,ETH,phishing_drainer,scamsniffer,phishing,,
0x98d0a5b7a3fcb169c6df1c4878d7d1b15ec9bcde,ETH,phishing_drainer,scamsniffer,phishing,,
0x98e8b85e27a19cc4a7fcf99187d0d556be7bde48,ETH,phishing_drainer,scamsniffer,phishing,,
0x9901e7fd20e716150d1db4cde253c275db9c1ae4,ETH,phishing_drainer,scamsniffer,phishing,,
0x9904b4376a5caad128f338997601508fe6af2beb,ETH,phishing_drainer,scamsniffer,phishing,,
0x9942ae714fd60d3d5336686c470923104740699d,ETH,phishing_drainer,scamsniffer,phishing,,
0x9948ef9b6043787e6daa8396c1f3ede2ebc73870,ETH,phishing_drainer,scamsniffer,phishing,,
0x9959e2974a3478101defdab9bb2f3ca05725ba3d,ETH,phishing_drainer,scamsniffer,phishing,,
0x995b279758c9a7a58a2dcac47565ddf9fb6c6195,ETH,phishing_drainer,scamsniffer,phishing,,
0x996c0d331e3ec3fdc40bfd6b5d88ad1747f32774,ETH,phishing_drainer,scamsniffer,phishing,,
0x99b898229db6edf55c50318388499f70637703bb,ETH,phishing_drainer,scamsniffer,phishing,,
0x99c31cd50cf29185f19eca5ee9b0f3bf95b7af73,ETH,phishing_drainer,scamsniffer,phishing,,
0x99d01153a8c5d35bad737c28780da835da0a9ce0,ETH,phishing_drainer,scamsniffer,phishing,,
0x99d2d57b485f731b51f6c8ddcb325224d11b74f6,ETH,phishing_drainer,scamsniffer,phishing,,
0x99d82c95c6f88332d66ac4f9333aaa6c39048809,ETH,phishing_drainer,scamsniffer,phishing,,
0x99d8982f2ec40ea56ab622d1e97a451cd210f50e,ETH,phishing_drainer,scamsniffer,phishing,,
0x99db8f1c3e7713db0756f8a55f91b8ebd7006421,ETH,phishing_drainer,scamsniffer,phishing,,
0x99e2625bdeb4fea128aa9b34f1ccb27cc0d62a7c,ETH,phishing_drainer,scamsniffer,phishing,,
0x99f85ee3a5955d383d2ace88992b0179ee74da94,ETH,phishing_drainer,scamsniffer,phishing,,
0x9a0525016ff2f6e0c63214a52bc4adce3be0a990,ETH,phishing_drainer,scamsniffer,phishing,,
0x9a1883a5b0f10e129cf025484dabf377f65982ea,ETH,phishing_drainer,scamsniffer,phishing,,
0x9a2eff4cc6934efb7ff3cd9a3d54dd09137c053a,ETH,phishing_drainer,scamsniffer,phishing,,
0x9a3b0b63e5ccc5962051e4c3b6dd2b265472cfe4,ETH,phishing_drainer,scamsniffer,phishing,,
0x9a3c1a5d4251e5082dc8826d97f66ff1358cc9e6,ETH,phishing_drainer,scamsniffer,phishing,,
0x9a3d1f4555f05fc94380f79d87fc8e19d737f911,ETH,phishing_drainer,scamsniffer,phishing,,
0x9a3d3c15f89b4110b274c8b4d5e2e8ddf76ee962,ETH,phishing_drainer,scamsniffer,phishing,,
0x9a4c7c25ba6b0cfe2c202706c4408ad3a71b6f2f,ETH,phishing_drainer,scamsniffer,phishing,,
0x9a64c1be24576d72da486f27cfd3fb079380a918,ETH,phishing_drainer,scamsniffer,phishing,,
0x9a72d79e48e9a03fa9f6f10a1b1997bf919a93b6,ETH,phishing_drainer,scamsniffer,phishing,,
0x9a735c231ad994d48929d3d8ce0970fca25c2908,ETH,phishing_drainer,scamsniffer,phishing,,
0x9a7cd983332139ea27bba81b4a5a5a93fdfed172,ETH,phishing_drainer,scamsniffer,phishing,,
0x9a87d4c0a898f3c4c0ed47c551ee10adf234f8b4,ETH,phishing_drainer,scamsniffer,phishing,,
0x9a88d6651cfc5d912989887b4eec5a6066fb16e3,ETH,phishing_drainer,scamsniffer,phishing,,
0x9a9464de94652e61c4da16d9aab7500c59688260,ETH,phishing_drainer,scamsniffer,phishing,,
0x9a9cdb3747b2f280fd809f62a20abc8256ea650a,ETH,phishing_drainer,scamsniffer,phishing,,
0x9aa06b7f6c821c1b0c19c4c60ae217b83d4f70ad,ETH,phishing_drainer,scamsniffer,phishing,,
0x9ad0d6968f335a5c04900ef5121cfe86164ea121,ETH,phishing_drainer,scamsniffer,phishing,,
0x9ad3c512a1f2d1c64bd57cbb941bd906a48badd8,ETH,phishing_drainer,scamsniffer,phishing,,
0x9ad9b61a2af06ab64543839fd2bc980c6b7768bd,ETH,phishing_drainer,scamsniffer,phishing,,
0x9af7bf88af243cfeff5ae480ce10f88f0a6ecb81,ETH,phishing_drainer,scamsniffer,phishing,,
0x9afdbc669f83f2eb81f5cb3c12d26454cb9c0e27,ETH,phishing_drainer,scamsniffer,phishing,,
0x9b07c4e8f6e363711c5292e10b905285513a66c6,ETH,phishing_drainer,scamsniffer,phishing,,
0x9b09fa702aaf41fa05a2b03865afbd0377e7c38b,ETH,phishing_drainer,scamsniffer,phishing,,
0x9b0d6bf3f4e918c2b648831482b0fb352555e058,ETH,phishing_drainer,scamsniffer,phishing,,
0x9b0f1b4d025ab320ba05fa7a11ee7ec5ba7bcc57,ETH,phishing_drainer,scamsniffer,phishing,,
0x9b12e03acb73dd8b58c0559c07be1df49a1da507,ETH,phishing_drainer,scamsniffer,phishing,,
0x9b160c95e073a381b86d2a39422c347eca5f88fc,ETH,phishing_drainer,scamsniffer,phishing,,
0x9b1898a6c4a8be00ea8120d866357cd0c592f8e0,ETH,phishing_drainer,scamsniffer,phishing,,
0x9b21eff8061e5994f39142951e3ffe3e4db014e8,ETH,phishing_drainer,scamsniffer,phishing,,
0x9b22ed396cd2eba81c2c0228318e0d88a9cf06bd,ETH,phishing_drainer,scamsniffer,phishing,,
0x9b2754a30545d0f66ae90c1b44e686bf98595963,ETH,phishing_drainer,scamsniffer,phishing,,
0x9b2ee2554e7d1a4b5ae44bf4ceec159c65661f3a,ETH,phishing_drainer,scamsniffer,phishing,,
0x9b3bd80bae762a59d6998ee060671a992456d14c,ETH,phishing_drainer,scamsniffer,phishing,,
0x9b3d7b0ef17d7b8a520d825b65b7b96648e32ba6,ETH,phishing_drainer,scamsniffer,phishing,,
0x9b41671315b11e86bfd7c239a3bbf2180eeaa066,ETH,phishing_drainer,scamsniffer,phishing,,
0x9b4b1010504d10c079d907c6660e43984ecbf62b,ETH,phishing_drainer,scamsniffer,phishing,,
0x9b56aaa0937047a211ad41b9ce5a4c0d731a442e,ETH,phishing_drainer,scamsniffer,phishing,,
0x9ba289a21c31665752a05d35e6f5b33b5dc934fe,ETH,phishing_drainer,scamsniffer,phishing,,
0x9ba8746bf0713e9565c0b6edfc221cb1b08fd29e,ETH,phishing_drainer,scamsniffer,phishing,,
0x9bac31eeade2b7c39b78a884ddb74c368e21df26,ETH,phishing_drainer,scamsniffer,phishing,,
0x9bc6ccbc17a41d1ecde8a236081159894b683386,ETH,phishing_drainer,scamsniffer,phishing,,
0x9bce2f6656847ac24540d27a4cfaf7670462febf,ETH,phishing_drainer,scamsniffer,phishing,,
0x9beba61cc0ac6bf85122dd070cb407c9dcfeec57,ETH,phishing_drainer,scamsniffer,phishing,,
0x9bfcd424aeea3478ea07c3fb21e3f58b6698ca7a,ETH,phishing_drainer,scamsniffer,phishing,,
0x9bfe3728db8f9888eb38091333d2f5356bed06c6,ETH,phishing_drainer,scamsniffer,phishing,,
0x9c0648d07d9ea5a3aeea7ac21ff1021b4f2f7fb3,ETH,phishing_drainer,scamsniffer,phishing,,
0x9c0913bd3c980bbda86035658f9cea5f3b415ea7,ETH,phishing_drainer,scamsniffer,phishing,,
0x9c107ddcbe216f7ecdc8308076a8b52dc7f3a5fd,ETH,phishing_drainer,scamsniffer,phishing,,
0x9c1c46705a729df8bd25154e03a8a57bb28010e5,ETH,phishing_drainer,scamsniffer,phishing,,
0x9c2002ef42311155ebd157f6997364c97f329c75,ETH,phishing_drainer,scamsniffer,phishing,,
0x9c2fa5b7ccf2c56297742eee05a3874b8c644656,ETH,phishing_drainer,scamsniffer,phishing,,
0x9c3413cb905700cb2f0d05e6d19d0934151e0093,ETH,phishing_drainer,scamsniffer,phishing,,
0x9c40417f86f69ea2c38b7b7b1dcaed5a93222df8,ETH,phishing_drainer,scamsniffer,phishing,,
0x9c42011ac4327e94214bab603be6d173ee5b05aa,ETH,phishing_drainer,scamsniffer,phishing,,
0x9c5c4ce1454a9e93842cee9ae23563f07419008c,ETH,phishing_drainer,scamsniffer,phishing,,
0x9c75f66abc2dbd26412ce1344bfc93870524338e,ETH,phishing_drainer,scamsniffer,phishing,,
0x9c83551e8c31b55e81db9e1aaffeea71c5c0c4e9,ETH,phishing_drainer,scamsniffer,phishing,,
0x9c8492eec168e93be8930133f93fd1fc81776c47,ETH,phishing_drainer,scamsniffer,phishing,,
0x9caae803f0f50e3b05663774a3013f386e0de446,ETH,phishing_drainer,scamsniffer,phishing,,
0x9caca9694709a1c120f9422155300d3814da16d2,ETH,phishing_drainer,scamsniffer,phishing,,
0x9cd1a63b7cfcbe0396880cb8e3ea08ede00f0cc1,ETH,phishing_drainer,scamsniffer,phishing,,
0x9cd294b11310a277daa51201acbd7c396e6cf716,ETH,phishing_drainer,scamsniffer,phishing,,
0x9cd8f81af696f729916746524421d3a2c138b332,ETH,phishing_drainer,scamsniffer,phishing,,
0x9ce67dc9856c9f887ef5a80ae2178d5903864155,ETH,phishing_drainer,scamsniffer,phishing,,
0x9d00808c604fef60daa3ac2d1c61815c57eda7c8,ETH,phishing_drainer,scamsniffer,phishing,,
0x9d06c6da524bd27996460ae781b06d586a17e1ca,ETH,phishing_drainer,scamsniffer,phishing,mint.jengas.io,
0x9d0e4c417706bd06434ee512546db8f21603dcb6,ETH,phishing_drainer,scamsniffer,phishing,,
0x9d158cc937a4a3886cbbf79c752d406c3ee58235,ETH,phishing_drainer,scamsniffer,phishing,,
0x9d3829eaac81a70f62ee3c0b5cc3b3f72f5bd1b3,ETH,phishing_drainer,scamsniffer,phishing,,
0x9d3b09a7f99a21c4ed9203f5e5d660e6b58da466,ETH,phishing_drainer,scamsniffer,phishing,,
0x9d488e334bb32fb3f397c768ce54c50a506e6e0a,ETH,phishing_drainer,scamsniffer,phishing,,
0x9d4966697fb32bb262668712144c0abc5af419e8,ETH,phishing_drainer,scamsniffer,phishing,,
0x9d50f8b26391fbc078a8cdec3fbe8e63d67b34e2,ETH,phishing_drainer,scamsniffer,phishing,,
0x9d79bb57efb37bc5122bf412fddb7d6ab2c9f5f5,ETH,phishing_drainer,scamsniffer,phishing,,
0x9d8a3f49888d23594a2efcd2f3c5fa8145541a51,ETH,phishing_drainer,scamsniffer,phishing,,
0x9da7afc9f231dca180f8946b80e4755f0db33868,ETH,phishing_drainer,scamsniffer,phishing,,
0x9dc279d44af18f233de27bc833350950b5896cfd,ETH,phishing_drainer,scamsniffer,phishing,,
0x9dd9989f5baf3f3ade1315b1c6695e122047af4d,ETH,phishing_drainer,scamsniffer,phishing,,
0x9de06c483d4e72129453114275e0605014bc440c,ETH,phishing_drainer,scamsniffer,phishing,,
0x9dfc43b689d7a15b681d7fa33b4b19217d5fca22,ETH,phishing_drainer,scamsniffer,phishing,,
0x9e03d21907a227fadb996483babb60213be8f5b7,ETH,phishing_drainer,scamsniffer,phishing,,
0x9e1aef1c27e9349402218087957944e53ce81b06,ETH,phishing_drainer,scamsniffer,phishing,,
0x9e2524562d812338ec53b402562c247f74f28fd4,ETH,phishing_drainer,scamsniffer,phishing,,
0x9e25eee8f62628ad28509aa04b06e172366b8bff,ETH,phishing_drainer,scamsniffer,phishing,,
0x9e282e89b52fc9baca90fb973bc3f5d79e2a018a,ETH,phishing_drainer,scamsniffer,phishing,,
0x9e3a6c3c9337841a5201289e03c0ec0862dcec6b,ETH,phishing_drainer,scamsniffer,phishing,,
0x9e3dccbc7e08d33e12c195349abca52720712da9,ETH,phishing_drainer,scamsniffer,phishing,,
0x9e3e0c451248520739c4a237dbedefa1062b8658,ETH,phishing_drainer,scamsniffer,phishing,,
0x9e433d3d0a7a02492d4179cbbb45c0f421e68750,ETH,phishing_drainer,scamsniffer,phishing,,
0x9e4630d744b45e0c56fb57c731f87e321f8843fb,ETH,phishing_drainer,scamsniffer,phishing,,
0x9e66c0909892d4c4c5cfcebcdc04160bc68266bb,ETH,phishing_drainer,scamsniffer,phishing,,
0x9e701aafee6a520499477fee267088f92aa51f0a,ETH,phishing_drainer,scamsniffer,phishing,,
0x9e87a0c515c0c9ef0c58195ac56e24d4442e6614,ETH,phishing_drainer,scamsniffer,phishing,,
0x9e9c79415344e8f8fae8298d89396d0d89760181,ETH,phishing_drainer,scamsniffer,phishing,,
0x9ea2780e6e6fb61be3f694f16d265077b751b52c,ETH,phishing_drainer,scamsniffer,phishing,,
0x9eafd4096c93aaa42ca6c24cfe5d9bfa9dabe719,ETH,phishing_drainer,scamsniffer,phishing,,
0x9ee8402c84a63f94e6901c6fe2d09187a3285706,ETH,phishing_drainer,scamsniffer,phishing,,
0x9ef28e7a16f94c95c44906d8f1bd603f931e82ab,ETH,phishing_drainer,scamsniffer,phishing,,
0x9efc8fb514bf00b0f7412ee3000d3a6f1c50ced5,ETH,phishing_drainer,scamsniffer,phishing,,
0x9f0fa05a365307d74d37acd16e3732bc0bbc80db,ETH,phishing_drainer,scamsniffer,phishing,,
0x9f1337e583623e34bbbe93ab113ea7f3ecc9342f,ETH,phishing_drainer,scamsniffer,phishing,,
0x9f23dc4c410252bb841644a8f833771cbff97df9,ETH,phishing_drainer,scamsniffer,phishing,,
0x9f293d796e2ccd796248e9d9664004c938691785,ETH,phishing_drainer,scamsniffer,phishing,,
0x9f3341f4254325baa2b39f17317a44665a418d1a,ETH,phishing_drainer,scamsniffer,phishing,,
0x9f35325e8033caec318199b4e0bdbb93407ff9cd,ETH,phishing_drainer,scamsniffer,phishing,,
0x9f399f13058232da96628fe74ea482d9328f260c,ETH,phishing_drainer,scamsniffer,phishing,,
0x9f42cd9104209ef97b75d37f529366edae9c6b50,ETH,phishing_drainer,scamsniffer,phishing,,
0x9f6d083c99e5559ae99309732772bf775fd89527,ETH,phishing_drainer,scamsniffer,phishing,,
0x9f6f7dc14030b338baaac7b113dcc6dcfefcbf38,ETH,phishing_drainer,scamsniffer,phishing,,
0x9f912ed8fd5935cd8007fe4fa40b624b9afa3577,ETH,phishing_drainer,scamsniffer,phishing,,
0x9fc2a70958814178b9b588bf7abd691f0011f030,ETH,phishing_drainer,scamsniffer,phishing,,
0x9fc722b5766b0be5fa0db5b128c18e9136a43de9,ETH,phishing_drainer,scamsniffer,phishing,,
0x9fcd0783ee1f717f8169a7ce1870a7eac4dd0ddd,ETH,phishing_drainer,scamsniffer,phishing,,
0x9fe3c6d763cc87ca883b9b6ec41ff15bec71948c,ETH,phishing_drainer,scamsniffer,phishing,,
0x9fe994c0847b2642f860b80c1089db96930985fd,ETH,phishing_drainer,scamsniffer,phishing,,
0xa0038f51429f1b6a72340ada2b317491cadc1546,ETH,phishing_drainer,scamsniffer,phishing,,
0xa05e963b20658afd34f731beef11bb9de8ed1990,ETH,phishing_drainer,scamsniffer,phishing,,
0xa07a2e7afe1336334a66368a7f6fb6d10b5cd5b8,ETH,phishing_drainer,scamsniffer,phishing,,
0xa0a10de075d898c6e36259bc8e97c5b6fb9cf58f,ETH,phishing_drainer,scamsniffer,phishing,,
0xa0a3be5b22131ed1eb22b2a47a43e79da2c7d435,ETH,phishing_drainer,scamsniffer,phishing,,
0xa0b46840734a3d09857bf8e23ee36b4c39119008,ETH,phishing_drainer,scamsniffer,phishing,,
0xa0b4c948cb684919776563a6afc3aa174db2fd51,ETH,phishing_drainer,scamsniffer,phishing,,
0xa0b8518ed085db19d1a550bd1dbec30c18ddd1af,ETH,phishing_drainer,scamsniffer,phishing,,
0xa0b86991c6218b36c1d19d4a2e9eb0ce3606eb48,ETH,phishing_drainer,scamsniffer,phishing,www.claimreward.fun,
0xa0c12e3aeac3e2d28a9a0909f4a982d4995db85d,ETH,phishing_drainer,scamsniffer,phishing,,
0xa0d679dd698390f98b6d2a9cbfcdb84d1612b657,ETH,phishing_drainer,scamsniffer,phishing,,
0xa0d7dd61aed55bac4fb2b2374cc7b5d421f3adb3,ETH,phishing_drainer,scamsniffer,phishing,,
0xa0d94b9a87e61f56dc7550770626e14dce5b9ae9,ETH,phishing_drainer,scamsniffer,phishing,,
0xa0db38548d69879e844020742bfd888c28dcd17f,ETH,phishing_drainer,scamsniffer,phishing,,
0xa0e7959da78b1188604a7f0a3fbaa7150fe2a490,ETH,phishing_drainer,scamsniffer,phishing,,
0xa0ec2733e8aef26dab0be9abfbacd9ef337740e3,ETH,phishing_drainer,scamsniffer,phishing,,
0xa10df3f212e8480db5fff956d46945b25c762045,ETH,phishing_drainer,scamsniffer,phishing,www.azuki.com.co,
0xa10e76741c165bbfb1aa88cd6a89c6820f3f3c11,ETH,phishing_drainer,scamsniffer,phishing,,
0xa11102be112d13fddbfd91e5d9a2bc0093c0b4fc,ETH,phishing_drainer,scamsniffer,phishing,,
0xa11c13fce4fd7ffd899d05d0cfaefdb869408888,ETH,phishing_drainer,scamsniffer,phishing,,
0xa16054406c6cdacc858ea34e12a64b082315a63b,ETH,phishing_drainer,scamsniffer,phishing,,
0xa169c1b120625d86dfecdfa1d50fdccfbb4e5b47,ETH,phishing_drainer,scamsniffer,phishing,,
0xa185e4d0d8e89900dbf73d252aafd4abdd15f1c5,ETH,phishing_drainer,scamsniffer,phishing,,
0xa19fcaac0e32b8217f0fec6149dbd56c3d9420d7,ETH,phishing_drainer,scamsniffer,phishing,,
0xa1b18f631a450674ac00bf680da47294b4c1289c,ETH,phishing_drainer,scamsniffer,phishing,,
0xa1b8ccad8fbbd508f31974fec72fad675d21f3ce,ETH,phishing_drainer,scamsniffer,phishing,,
0xa1ca989871323ec1e0df234f8b81ee8389776eb8,ETH,phishing_drainer,scamsniffer,phishing,,
0xa1d0982936ff1433ae611f9746c7556ca1c835b8,ETH,phishing_drainer,scamsniffer,phishing,,
0xa1d3e1e54c943529f473f619790a284c12979c9d,ETH,phishing_drainer,scamsniffer,phishing,,
0xa1eb8347e9d8e523f7f94205db90c42b470db695,ETH,phishing_drainer,scamsniffer,phishing,,
0xa1f6a88e93b99b3d701cc6c7a7c6a3a8a65b1ee8,ETH,phishing_drainer,scamsniffer,phishing,,
0xa1fc0d24fad0a34bc5c6697256035bad833eeec2,ETH,phishing_drainer,scamsniffer,phishing,zkmoney.org,
0xa1ff39556d4e49f2eeac1c2e01f4f557d712ce28,ETH,phishing_drainer,scamsniffer,phishing,,
0xa207d13617e572c708741bcf44b930c3f5e9faac,ETH,phishing_drainer,scamsniffer,phishing,,
0xa20b1e377f7e80fd5ee7f36f64e4f96bd5aa7e1a,ETH,phishing_drainer,scamsniffer,phishing,,
0xa21e392060480f09b73191d89cb02fa0a360d260,ETH,phishing_drainer,scamsniffer,phishing,,
0xa2247caf5a46bd2fda546d7bea4f83d7aeec0ade,ETH,phishing_drainer,scamsniffer,phishing,,
0xa2260526fd0f0b616dfc8b89f254ae83a092fddd,ETH,phishing_drainer,scamsniffer,phishing,,
0xa23402f08825250eb977bfae4d9417375bcd2499,ETH,phishing_drainer,scamsniffer,phishing,othersides.run,
0xa274ff19c6f8384c2335c47cca4727f3e67979af,ETH,phishing_drainer,scamsniffer,phishing,bigeyes.live,
0xa2a44ddc508f0b67f86e4756a8770e400df2b18d,ETH,phishing_drainer,scamsniffer,phishing,,
0xa2a55db3c3504e1c98286b9ab7c89213f3570288,ETH,phishing_drainer,scamsniffer,phishing,,
0xa2a5ab9928aa332f54655edef30262e9c4a35654,ETH,phishing_drainer,scamsniffer,phishing,,
0xa2af4e97c9cc7cc3594b2a865a927946fad30126,ETH,phishing_drainer,scamsniffer,phishing,,
0xa2b6a7bd0176f137e9978c156593d3597f0a8e40,ETH,phishing_drainer,scamsniffer,phishing,,
0xa2b76f1e4ba2558c9536593ad173d73c0ffd64ca,ETH,phishing_drainer,scamsniffer,phishing,,
0xa2c4163e71a75f2e3c9de2aed988f8131d41bb03,ETH,phishing_drainer,scamsniffer,phishing,,
0xa2d316e5a1c1fa2e1c8c420e29580da773335678,ETH,phishing_drainer,scamsniffer,phishing,,
0xa2e01fd8f960f01b99d7b0c63c65f9f3cd0629cc,ETH,phishing_drainer,scamsniffer,phishing,,
0xa30669c9ddb1cbf1594a923f7eccac8ce0eee7fa,ETH,phishing_drainer,scamsniffer,phishing,,
0xa30967247a2bed5c662d042b2de09a01781427da,ETH,phishing_drainer,scamsniffer,phishing,,
0xa31573be292bd03d36db137b6c2ab6eaa3d5e572,ETH,phishing_drainer,scamsniffer,phishing,,
0xa342a1904b6fc4d659b7dae30fca2e87ef2f154a,ETH,phishing_drainer,scamsniffer,phishing,,
0xa344da96a46cb135f8559177c7872b3dd295c703,ETH,phishing_drainer,scamsniffer,phishing,,
0xa3579b6491f51673ccd3a3e26de4a58c28c80929,ETH,phishing_drainer,scamsniffer,phishing,,
0xa357b8f4ed34dd4fbeb16c4474b4993c06d3314f,ETH,phishing_drainer,scamsniffer,phishing,,
0xa372a45fab2aa66d79fae09b6089da5c53ca8fdf,ETH,phishing_drainer,scamsniffer,phishing,,
0xa39fd8ebe1952283ba876da6dc46182f0f047034,ETH,phishing_drainer,scamsniffer,phishing,,
0xa3a406da713a23106459712b45645ac27c84ff72,ETH,phishing_drainer,scamsniffer,phishing,,
0xa3a86824042eb9a7748d593796c71b91d64c8d5c,ETH,phishing_drainer,scamsniffer,phishing,,
0xa3b6d2d11a8c2f6191d551317a3a36e389936702,ETH,phishing_drainer,scamsniffer,phishing,,
0xa3c847f474f1d358a678fc70a03916fe1344a13f,ETH,phishing_drainer,scamsniffer,phishing,,
0xa3c88e140367547d11cff2912d00caa3fc442d67,ETH,phishing_drainer,scamsniffer,phishing,,
0xa3e20a10cc221ce0172ba80bfea3e7eab0dd6d2a,ETH,phishing_drainer,scamsniffer,phishing,,
0xa3e3f9af7a382703209e135dcba3fd584416e0c9,ETH,phishing_drainer,scamsniffer,phishing,,
0xa3ea2372bdc3663082cce0f84e185125cca814f6,ETH,phishing_drainer,scamsniffer,phishing,,
0xa3ef5dfa96e5863d57f6f7dc56a9a86d39651c51,ETH,phishing_drainer,scamsniffer,phishing,,
0xa3f8911cdcecbcc6509ff1e782953c41fd03c49b,ETH,phishing_drainer,scamsniffer,phishing,,
0xa3fdf93843fa411e9cb9411bd841689ff1dcdbbb,ETH,phishing_drainer,scamsniffer,phishing,,
0xa4084634151ee82f819fb8c97b1bd23aa05146af,ETH,phishing_drainer,scamsniffer,phishing,,
0xa40af2c61296b7950d96ab0a496021df68dc62e3,ETH,phishing_drainer,scamsniffer,phishing,,
0xa43890f24aef8c60928253945f04479493e29bcf,ETH,phishing_drainer,scamsniffer,phishing,,
0xa445131a44f84e1d205a169234f92dfa1bbf8576,ETH,phishing_drainer,scamsniffer,phishing,,
0xa4674d608d38822765af8bf76562f6457a2c4621,ETH,phishing_drainer,scamsniffer,phishing,,
0xa473bfbe93e07c8eabf00aa69a3a99f812f461a7,ETH,phishing_drainer,scamsniffer,phishing,,
0xa4814e86a33e78e55234916be276d22c354599eb,ETH,phishing_drainer,scamsniffer,phishing,,
0xa4829d0a3f5de8c5344cdd795ea04a14f954659a,ETH,phishing_drainer,scamsniffer,phishing,,
0xa48e4959ffd0dd810c2a832ed49d505c1191604a,ETH,phishing_drainer,scamsniffer,phishing,,
0xa4923941cd425326c708f5b768310de2f1e45258,ETH,phishing_drainer,scamsniffer,phishing,,
0xa49a0e5ef83cf89ac8aae182f22e6464b229efc8,ETH,phishing_drainer,scamsniffer,phishing,,
0xa4b24cb878255253ef0940f519636449aaaa505c,ETH,phishing_drainer,scamsniffer,phishing,,
0xa4d08225a0b49945020480a99410757efd2dae9b,ETH,phishing_drainer,scamsniffer,phishing,,
0xa4d1d348122826938a30bf42b1ba21fb584e3ade,ETH,phishing_drainer,scamsniffer,phishing,,
0xa4ed13597445695f848c0c631d881e0347def86c,ETH,phishing_drainer,scamsniffer,phishing,,
0xa501568cee4bc7375b453b98cefc714c1a0fe644,ETH,phishing_drainer,scamsniffer,phishing,,
0xa50b50ddbf02828d13cadd9215b191f894a681fd,ETH,phishing_drainer,scamsniffer,phishing,,
0xa542e87a4d905b9a7a9300ed4a627f4cf5684f41,ETH,phishing_drainer,scamsniffer,phishing,,
0xa55f1203739635b4bf59ad05ff7c648e4df354c6,ETH,phishing_drainer,scamsniffer,phishing,,
0xa564b4ae325518b9365b529cda5f237f6c08dd69,ETH,phishing_drainer,scamsniffer,phishing,,
0xa58461d76680d7fc0c06142a4ded1a68e7a7a1d2,ETH,phishing_drainer,scamsniffer,phishing,,
0xa5879f4ddf965bc4012d72632a184e235515e113,ETH,phishing_drainer,scamsniffer,phishing,,
0xa5e1f7e79b3e854ac67a660288c7c97755867627,ETH,phishing_drainer,scamsniffer,phishing,,
0xa5e59bb9a9ef8a851205fa0d28938c75ece23d07,ETH,phishing_drainer,scamsniffer,phishing,,
0xa5f244a81bb684bc3d8d47e9a480d11619578dfe,ETH,phishing_drainer,scamsniffer,phishing,,
0xa5f59f747e88597ebcbe81ee3695a12ab1f93b83,ETH,phishing_drainer,scamsniffer,phishing,,
0xa5fa5d90ce4e1c41ea0da1d116ba6d3b270a12bf,ETH,phishing_drainer,scamsniffer,phishing,,
0xa602d1e488a58281dddb3099cfe14e836ef18011,ETH,phishing_drainer,scamsniffer,phishing,,
0xa60fb7ce42e51b8b72f4b3930a88e642a5f69722,ETH,phishing_drainer,scamsniffer,phishing,,
0xa612b0a3c2ddf24f05a7b7934b20c5d1a8edd5f1,ETH,phishing_drainer,scamsniffer,phishing,,
0xa615e6ba1540fd554fd5f55d513f62e8085439ba,ETH,phishing_drainer,scamsniffer,phishing,,
0xa62dcc65e775db2d6b38d879df2fbc067cc363fa,ETH,phishing_drainer,scamsniffer,phishing,,
0xa6317659d60f89e2e8a26e5c6e49e73a4e18276e,ETH,phishing_drainer,scamsniffer,phishing,,
0xa63da4e37210dfd53e62d6325d5545096c88c5b9,ETH,phishing_drainer,scamsniffer,phishing,,
0xa6523f42b3c437a40c8f123110586829902ae476,ETH,phishing_drainer,scamsniffer,phishing,,
0xa663f5511d0d2f1b566dfbcf1d6ac11b276b4151,ETH,phishing_drainer,scamsniffer,phishing,,
0xa66459436ac6899f4d06eeb985f488c59d75a4d2,ETH,phishing_drainer,scamsniffer,phishing,,
0xa66fb0be2cef38359696b7cb66608304803657c8,ETH,phishing_drainer,scamsniffer,phishing,,
0xa66fe708796f18f57f78fa1199aabf02a1c84f3b,ETH,phishing_drainer,scamsniffer,phishing,,
0xa672c1c1862ae9e96934ad961b7a3a6b2cacaac2,ETH,phishing_drainer,scamsniffer,phishing,,
0xa68798a415e49a8632558c19606e1e108618100d,ETH,phishing_drainer,scamsniffer,phishing,,
0xa691240845331b8b6855064f670d85038d1d4830,ETH,phishing_drainer,scamsniffer,phishing,,
0xa69f8d3f55e2010012d59feb359ebbb258b00b0a,ETH,phishing_drainer,scamsniffer,phishing,,
0xa6a04d05bb2e5ee42206a76e64dd849780c4ffb3,ETH,phishing_drainer,scamsniffer,phishing,,
0xa6a8dc7904911b23347989eac761e8322db67018,ETH,phishing_drainer,scamsniffer,phishing,,
0xa6d4fa3563ff4f2e1fd148a027eef3c11fafd30e,ETH,phishing_drainer,scamsniffer,phishing,,
0xa6e042979dfe5839b70ca54c833c7d6343763269,ETH,phishing_drainer,scamsniffer,phishing,,
0xa6e572318fd0d6838bab935933c451d784515e08,ETH,phishing_drainer,scamsniffer,phishing,,
0xa6f1be348224cf6cf2dd66723a5b5fd84d589c91,ETH,phishing_drainer,scamsniffer,phishing,,
0xa7061688c5eab3665f57e590390fe8529eb5e3ee,ETH,phishing_drainer,scamsniffer,phishing,,
0xa70a7bfb8a38b247f35e43894331acef7bc6399d,ETH,phishing_drainer,scamsniffer,phishing,,
0xa70c0145e7f65aa3cde5422f639a0b1bb86ca90d,ETH,phishing_drainer,scamsniffer,phishing,,
0xa70d0709987c5a27f2bac0f39abbc4d8cf6d03b4,ETH,phishing_drainer,scamsniffer,phishing,,
0xa70e998c2cdb01deb6b3447e54838ea5c3e4392e,ETH,phishing_drainer,scamsniffer,phishing,,
0xa70fb19286e21af723bb54b7c6a813b66365e6db,ETH,phishing_drainer,scamsniffer,phishing,,
0xa7156b07cf9fb58ac09621bd2acbbf874b8f3952,ETH,phishing_drainer,scamsniffer,phishing,,
0xa722cba723d69a21421f2f6b91b074c3c8a27448,ETH,phishing_drainer,scamsniffer,phishing,,
0xa72eaeea69e57ef2151fa3022862efc768896239,ETH,phishing_drainer,scamsniffer,phishing,,
0xa72f2943e856aa5266b01fe015a2c9e73a42a72a,ETH,phishing_drainer,scamsniffer,phishing,,
0xa74675f3b6cf874b1e8a03003599333022b4c76f,ETH,phishing_drainer,scamsniffer,phishing,,
0xa74cbd5b80f73b5950768c8dc467f1c6307c00fd,ETH,phishing_drainer,scamsniffer,phishing,,
0xa75bd202a6fff921246e2ac57ae35a09aef6b0ac,ETH,phishing_drainer,scamsniffer,phishing,,
0xa763c8a4f911f8dcae0ceddc77d78bc44617d120,ETH,phishing_drainer,scamsniffer,phishing,,
0xa7746cdc22b78d058859816e543c7140b2f1586f,ETH,phishing_drainer,scamsniffer,phishing,,
0xa77c36a9da86eab20765fdd321181a95085f1f94,ETH,phishing_drainer,scamsniffer,phishing,,
0xa7a30830b1df1347de54773b6150f89be5284ddf,ETH,phishing_drainer,scamsniffer,phishing,,
0xa7b1ae65d2f743870fb96950b3bdf0940f2d9b1a,ETH,phishing_drainer,scamsniffer,phishing,,
0xa7ca89befad1b33755ef60e1d9a500286ccccc2a,ETH,phishing_drainer,scamsniffer,phishing,,
0xa7d0c0ece37ff638dec6191a048ef15c63fa53e1,ETH,phishing_drainer,scamsniffer,phishing,,
0xa8005e7a0605a5eb997f538c9f4785f2c52216aa,ETH,phishing_drainer,scamsniffer,phishing,,
0xa80ffc9eb72dad5aa803bd3da58c2d016c2603b7,ETH,phishing_drainer,scamsniffer,phishing,,
0xa822cbd2380ada43f98bea515f350216cdcdcecf,ETH,phishing_drainer,scamsniffer,phishing,,
0xa82492c2cfa86958291c808b05091d9968b8e919,ETH,phishing_drainer,scamsniffer,phishing,,
0xa833ca45dee1a14d2582db2a14e68e309de2dfbc,ETH,phishing_drainer,scamsniffer,phishing,,
0xa84fabdfaaf3a7cc9c81ccc84922bac84998d783,ETH,phishing_drainer,scamsniffer,phishing,,
0xa85c03116b1775bc13266d59968c863acf2b50c3,ETH,phishing_drainer,scamsniffer,phishing,,
0xa871377f91ab23d02108e021f4acf5a5ceb5a1ec,ETH,phishing_drainer,scamsniffer,phishing,,
0xa87772a2abaf6a6f4bdb51bb7c7e36985e8b9686,ETH,phishing_drainer,scamsniffer,phishing,,
0xa8886ef50c254490a8893c8b2ffb97f3a0d3c354,ETH,phishing_drainer,scamsniffer,phishing,,
0xa8d6cb224311ab39c8f299720ddb465d2e481bab,ETH,phishing_drainer,scamsniffer,phishing,,
0xa8e9d22a920413cd8607dc3f0b274c9f82f2822c,ETH,phishing_drainer,scamsniffer,phishing,,
0xa8ec0fd060a91e566c3cb305f9245a58f9b0745a,ETH,phishing_drainer,scamsniffer,phishing,,
0xa8eeaf66ef4e0d4b6c3d5ec69141acfbc5b16ace,ETH,phishing_drainer,scamsniffer,phishing,,
0xa8f3762b03ae73cbbdb9173d3537c632628727a4,ETH,phishing_drainer,scamsniffer,phishing,,
0xa9053a60286247701a4cd6a5f1d6d2e3824f6485,ETH,phishing_drainer,scamsniffer,phishing,,
0xa91803c1523d711f4a2108b4588d584d6ef2a4d7,ETH,phishing_drainer,scamsniffer,phishing,,
0xa9193a6e406ec0c715ce985f619263cb0f717b79,ETH,phishing_drainer,scamsniffer,phishing,,
0xa928dd6dd929251700c01a97e92806b2c416397c,ETH,phishing_drainer,scamsniffer,phishing,,
0xa92ddc31b089cc80f05f9ffe7eb2a57abbde545c,ETH,phishing_drainer,scamsniffer,phishing,,
0xa934cddc9cf2da7fbed937859de020a4309ccb47,ETH,phishing_drainer,scamsniffer,phishing,,
0xa93ab76cb9e05ab53054a06936313a097efdf2df,ETH,phishing_drainer,scamsniffer,phishing,,
0xa941f931c4fa83babe5ac934dd27d229c9876668,ETH,phishing_drainer,scamsniffer,phishing,,
0xa9495019e4f0d142ad72189ec4e4ded61df0fb0f,ETH,phishing_drainer,scamsniffer,phishing,,
0xa955fd60a3a345250988572f2f88bff432765170,ETH,phishing_drainer,scamsniffer,phishing,,
0xa974551cc5d452b5e3ad2147d88114699205f042,ETH,phishing_drainer,scamsniffer,phishing,,
0xa9863460ca6881d2827c36a6be95ffb12f441d7b,ETH,phishing_drainer,scamsniffer,phishing,,
0xa98c09debbfbd49c126dfc6a8192a01b00e10b7a,ETH,phishing_drainer,scamsniffer,phishing,,
0xa991eec1fde93d98c8bf48272fff7afb5047f40b,ETH,phishing_drainer,scamsniffer,phishing,,
0xa9946fb050b5076423416769005e8352eb2f71e1,ETH,phishing_drainer,scamsniffer,phishing,,
0xa9a1f8833f0d0161f4e8f90a418cd7700f940771,ETH,phishing_drainer,scamsniffer,phishing,,
0xa9a411c1e78147da8e2749bcaa1665657e811726,ETH,phishing_drainer,scamsniffer,phishing,,
0xa9af4652479792ee8cff54bff33033ba890f223f,ETH,phishing_drainer,scamsniffer,phishing,,
0xa9b10d7c4548f4edc24834e0a4f75cb7b54d56a4,ETH,phishing_drainer,scamsniffer,phishing,,
0xa9c4923f7b294ffc73201ef63bd59938d3e9ba89,ETH,phishing_drainer,scamsniffer,phishing,,
0xa9c5ff0f8d0f3c20036efbf54af433679d255b20,ETH,phishing_drainer,scamsniffer,phishing,,
0xa9cfc982a66d0134fee2539cfd633559fb5cf9a0,ETH,phishing_drainer,scamsniffer,phishing,,
0xa9de2c12ffcf8ae9b45ca1a60980ba8578a46903,ETH,phishing_drainer,scamsniffer,phishing,,
0xa9e5e7868a39ce91bf7a5cd98a1d5f055c2e1beb,ETH,phishing_drainer,scamsniffer,phishing,,
0xa9f4edfab9f626441029e29d5763400b52cdc30f,ETH,phishing_drainer,scamsniffer,phishing,,
0xa9fac309ea02c09f5eb7137bbaaca80032dcea5b,ETH,phishing_drainer,scamsniffer,phishing,,
0xaa01c987952db328de3aee15a06f38c7981ae8fb,ETH,phishing_drainer,scamsniffer,phishing,,
0xaa0be9b44b1ab698ba2c1948f2aa232edd2ae8b8,ETH,phishing_drainer,scamsniffer,phishing,,
0xaa1405b7a1048cfe738c8ee710851c434c8eaafc,ETH,phishing_drainer,scamsniffer,phishing,,
0xaa1e38582cbe7d4057cc2790c827df3eca70bde3,ETH,phishing_drainer,scamsniffer,phishing,,
0xaa22da7573cc20c190dda9aed3a53506b10b2611,ETH,phishing_drainer,scamsniffer,phishing,,
0xaa2b06696c81ff5c7eb8ee93a31ecf4f714f7672,ETH,phishing_drainer,scamsniffer,phishing,,
0xaa2b62f86e67815f2d7243e63b46afa0cda37842,ETH,phishing_drainer,scamsniffer,phishing,,
0xaa39e71b5b5797b7ea72eb6f67d2330919276773,ETH,phishing_drainer,scamsniffer,phishing,,
0xaa4633b410d4663cc70f38dec4c462ced17dab1a,ETH,phishing_drainer,scamsniffer,phishing,,
0xaa53316a6fb64b4cc61cc7b008d1046c8c35cfc8,ETH,phishing_drainer,scamsniffer,phishing,,
0xaa642b98788ed0e7c83022c99b47abcd1db803a4,ETH,phishing_drainer,scamsniffer,phishing,,
0xaa6787221cc254b149b4b61e0fc1edab26eae1c8,ETH,phishing_drainer,scamsniffer,phishing,,
0xaaa3f13c7f6b7ac260ec99d1ffb9100ff7b71f11,ETH,phishing_drainer,scamsniffer,phishing,,
0xaaa7b3fb33d02cf25e896f4838b1a9e4a5f0519f,ETH,phishing_drainer,scamsniffer,phishing,,
0xaacdc49ee145e93d33b9799ad345f994eecc6662,ETH,phishing_drainer,scamsniffer,phishing,,
0xab03016ffe5aad0105f4c6a72532bc4494b32ede,ETH,phishing_drainer,scamsniffer,phishing,,
0xab12bd1d256d2090fd6bf5ad3fbc3a479abc6c58,ETH,phishing_drainer,scamsniffer,phishing,,
0xab20a3f7d77ec07ceef283016aeda9fba7a413fa,ETH,phishing_drainer,scamsniffer,phishing,,
0xab21cd98b9b1649e5c2de490dee85e2d62994c2a,ETH,phishing_drainer,scamsniffer,phishing,,
0xab45b218954f0c5c8a88e0b9b33b4c4852c67a5c,ETH,phishing_drainer,scamsniffer,phishing,,
0xab63502a660b9aaa48551b10cf477c75c5deacb9,ETH,phishing_drainer,scamsniffer,phishing,,
0xab6b078602b2fe48e3d5501a2f74b7e605ae86c6,ETH,phishing_drainer,scamsniffer,phishing,,
0xab710daaa979f988244bdf011a24ff1e3b848bfb,ETH,phishing_drainer,scamsniffer,phishing,bonfirenft.xyz,
0xab91d85db1ca6ca2c5e58181eb557334e04bc34a,ETH,phishing_drainer,scamsniffer,phishing,,
0xab9350f2ef64c1016a2fa5834b39e53271757f62,ETH,phishing_drainer,scamsniffer,phishing,,
0xabb8472a739c7c2abbcb0e725fb46a87a4be8f2a,ETH,phishing_drainer,scamsniffer,phishing,,
0xabce814554b552c77f95daa2dfb59cef409c6aa1,ETH,phishing_drainer,scamsniffer,phishing,,
0xabe13a5fca8c353872dca0970718d16c77f83abd,ETH,phishing_drainer,scamsniffer,phishing,,
0xabe329a9f4fe0e36dca315da06b4bd62c5c59fb5,ETH,phishing_drainer,scamsniffer,phishing,,
0xabf43e45d83e431b25315de2add5008e90f39a93,ETH,phishing_drainer,scamsniffer,phishing,,
0xac215225ba9ea6afd71d7d4dad05bec59b1bc560,ETH,phishing_drainer,scamsniffer,phishing,,
0xac2aead9cca640cef5c46bdc50b1a6276e241eda,ETH,phishing_drainer,scamsniffer,phishing,,
0xac2c69377fb2f202768a638d4fce71c7880fec59,ETH,phishing_drainer,scamsniffer,phishing,www.sarabi.freeclaim.live,
0xac31d018526068951267a7068a9aa0b4593e8023,ETH,phishing_drainer,scamsniffer,phishing,,
0xac32cf9889ef9974cb28e3d69b1b34092aa89248,ETH,phishing_drainer,scamsniffer,phishing,,
0xac3da828f773b0a39247821905c6ed3d33235909,ETH,phishing_drainer,scamsniffer,phishing,,
0xac5c75b2982c6b00177e818dc72c6581c55231f2,ETH,phishing_drainer,scamsniffer,phishing,,
0xac75724a9713db3d3d1a82847fbdb41770445e17,ETH,phishing_drainer,scamsniffer,phishing,,
0xac7be03e3a2c30bcc7eec7f10146d41581f4fce2,ETH,phishing_drainer,scamsniffer,phishing,,
0xac7f4efedbb6ca045013578d692a9d974319e0b5,ETH,phishing_drainer,scamsniffer,phishing,,
0xac89f355d28f31d4018226c1f9a501c8afd4a7d0,ETH,phishing_drainer,scamsniffer,phishing,,
0xac8f8a4f693c6bef022d31936fb75e12172efaa3,ETH,phishing_drainer,scamsniffer,phishing,,
0xac927fdd1e2621ef6df38f2848bd373d31159d08,ETH,phishing_drainer,scamsniffer,phishing,,
0xac974a879f4e6830d7b626cce3333c33454370ef,ETH,phishing_drainer,scamsniffer,phishing,,
0xaca0ae45b4643847c19776e1e02612e494cb13f5,ETH,phishing_drainer,scamsniffer,phishing,,
0xaca0ec2a894389fe0636801e9eddbfc8f3b57bd1,ETH,phishing_drainer,scamsniffer,phishing,,
0xaca2266f43b5bf10bd566004a0d26d564bb017a9,ETH,phishing_drainer,scamsniffer,phishing,,
0xaca447eba1d8c9175b276ac7781e09819ed214e9,ETH,phishing_drainer,scamsniffer,phishing,,
0xacbf2d3adcd25bd5d4341787d962ea802a4d4751,ETH,phishing_drainer,scamsniffer,phishing,,
0xacc4a57ad5592e627542f31fc58f9d162bb22cba,ETH,phishing_drainer,scamsniffer,phishing,,
0xaccd16d4257198a386f03c5025f4c46b52b04f4e,ETH,phishing_drainer,scamsniffer,phishing,,
0xacd05b0771c2f84324128bda3563724551cead37,ETH,phishing_drainer,scamsniffer,phishing,,
0xacdfe193155f4c2e0ad6238a1036ecc6807cba53,ETH,phishing_drainer,scamsniffer,phishing,,
0xace5ef13e0b4fa2beaac957408d6d0936227c559,ETH,phishing_drainer,scamsniffer,phishing,,
0xacf2ba7f6420a602210c1eade6f3b3342b6b6756,ETH,phishing_drainer,scamsniffer,phishing,,
0xad1f2cee29b2c28e20a0e74958bdc0063226939d,ETH,phishing_drainer,scamsniffer,phishing,,
0xad3778df92927d936db91683812aac8a3fdfe51d,ETH,phishing_drainer,scamsniffer,phishing,,
0xad445ca90e15d587b1b6182dd47334a5990026b4,ETH,phishing_drainer,scamsniffer,phishing,,
0xad512ddce9de2b0dc312f91e0e908e9ce40e2bf1,ETH,phishing_drainer,scamsniffer,phishing,,
0xad5994765509b4347f3e77f01667e9f77467cff7,ETH,phishing_drainer,scamsniffer,phishing,,
0xad6a436716908d3f81176429812de1d0ae6cbd34,ETH,phishing_drainer,scamsniffer,phishing,,
0xad7131b14f9c65457a13e480a7c80a07d9c09b00,ETH,phishing_drainer,scamsniffer,phishing,,
0xad9b414344b89fe52007234230eb4026aa38f949,ETH,phishing_drainer,scamsniffer,phishing,,
0xad9f4a6490d38d2a2b07c7b65fc8094b4209fe7e,ETH,phishing_drainer,scamsniffer,phishing,,
0xadb26e803bd5f6287b7329ccdbd31a81baa8e605,ETH,phishing_drainer,scamsniffer,phishing,,
0xadb4145d5cd07379c250780f312b6d0a77bf6aef,ETH,phishing_drainer,scamsniffer,phishing,,
0xadc1c4a526fbf5ebe1be5ed77ef0efb203ddbfc6,ETH,phishing_drainer,scamsniffer,phishing,,
0xadce57c22cd34b30ff46fcfc8decac5c85a5cbac,ETH,phishing_drainer,scamsniffer,phishing,,
0xade5d6d9a177165287e211436d19b262570943e5,ETH,phishing_drainer,scamsniffer,phishing,,
0xadf31f15b984f2df4a7b5477a72095a0aa70374a,ETH,phishing_drainer,scamsniffer,phishing,,
0xadf363c6090f911f20c1b59a99928bcb5eed0e5c,ETH,phishing_drainer,scamsniffer,phishing,,
0xadf928d05690a3940b8bb28422076bf06ac43cfe,ETH,phishing_drainer,scamsniffer,phishing,,
0xadffd82255e316f51871da62d59f5590822988fb,ETH,phishing_drainer,scamsniffer,phishing,,
0xae13aed4d8e4889cc95e734571f27cfaaf52cf7b,ETH,phishing_drainer,scamsniffer,phishing,,
0xae199365a05fbfb16fa63aef80e4c32e51d383dd,ETH,phishing_drainer,scamsniffer,phishing,,
0xae22028b1810bd1e17ea7620e3d6f95173ca5c44,ETH,phishing_drainer,scamsniffer,phishing,,
0xae30c5236c93393fb59ad617239d49482f634554,ETH,phishing_drainer,scamsniffer,phishing,,
0xae34212eddae5b5e994b5c798f95e0dc08282efe,ETH,phishing_drainer,scamsniffer,phishing,,
0xae44ffba176b1ee04cddc820d320d30df83600d8,ETH,phishing_drainer,scamsniffer,phishing,,
0xae47edc4ffe80960b82b8cec94c036561b5a5179,ETH,phishing_drainer,scamsniffer,phishing,bitmojis.rf.gd,
0xae61d8409cd0c859c8f6fd69288cd70be794db2d,ETH,phishing_drainer,scamsniffer,phishing,,
0xae687a490bbb2ab0e0263f750a3aa6a29754fbd3,ETH,phishing_drainer,scamsniffer,phishing,,
0xae83a8469ecfbfdf6f98fad48d82d62dc4d76e5b,ETH,phishing_drainer,scamsniffer,phishing,,
0xae8451e670d040d9fe77b026fe2b9b42638d5a5f,ETH,phishing_drainer,scamsniffer,phishing,,
0xae8561cdbf6e0b5ccea2efdc548ba72c494a1d0e,ETH,phishing_drainer,scamsniffer,phishing,,
0xae8e296e23c1903c7e1b6066698d2b937475c278,ETH,phishing_drainer,scamsniffer,phishing,,
0xae981bd5c27387f6f7aa34150eea73db7b2eca93,ETH,phishing_drainer,scamsniffer,phishing,,
0xae995c8131881243f47dfad0789d5601a5b231be,ETH,phishing_drainer,scamsniffer,phishing,,
0xaeaa92d4635292bd0eecbcfe157c4e347a130d4d,ETH,phishing_drainer,scamsniffer,phishing,,
0xaeaf7f2e853ccf4ff4ef0df44bea34f68482a160,ETH,phishing_drainer,scamsniffer,phishing,,
0xaec4e783330ffada001741a1b862c486e3307d68,ETH,phishing_drainer,scamsniffer,phishing,,
0xaed1759cb106374fafd41f234f3a88400cac28b2,ETH,phishing_drainer,scamsniffer,phishing,,
0xaef9af0667e23a5d7df64caadcc08adb3a7c4a9a,ETH,phishing_drainer,scamsniffer,phishing,,
0xaf020461de5d7144aa4a66fcd5383d59c884fb2e,ETH,phishing_drainer,scamsniffer,phishing,,
0xaf0a2ac65599e8a9826f969260d0b3f677bdfd08,ETH,phishing_drainer,scamsniffer,phishing,,
0xaf18b801b9c166a1bbaa5d949edc2c8d9d2526a9,ETH,phishing_drainer,scamsniffer,phishing,,
0xaf60cd58ad95936de97d53103f3a3ecd3c5ee347,ETH,phishing_drainer,scamsniffer,phishing,,
0xaf642cb0cf417174815d833e6fae2adbb6e9c3c9,ETH,phishing_drainer,scamsniffer,phishing,,
0xaf6ac70fc92952edcfbf253a48c77f731eacdc30,ETH,phishing_drainer,scamsniffer,phishing,,
0xaf6d18473cd91acbf5c109f12d2126955ebb553a,ETH,phishing_drainer,scamsniffer,phishing,,
0xaf8bdb3b623e686200d6dde0cc1c7a6fa2b11e3b,ETH,phishing_drainer,scamsniffer,phishing,,
0xaf92c2ded405fbdb095babdcd229e3b025516b59,ETH,phishing_drainer,scamsniffer,phishing,,
0xaf92d25248767357041c002ea5ae24ef350102ef,ETH,phishing_drainer,scamsniffer,phishing,,
0xafa716f583bb141e816731aae75d3eb1872c3148,ETH,phishing_drainer,scamsniffer,phishing,,
0xafac2553af0436264d92d519d8020f37de1277bd,ETH,phishing_drainer,scamsniffer,phishing,,
0xafbd24e205fae9e9212c0213495e5cfc1ce69890,ETH,phishing_drainer,scamsniffer,phishing,,
0xafbdbe5e55b777088111a736793526be429b4cd2,ETH,phishing_drainer,scamsniffer,phishing,,
0xafd5f3b56038b4a2bd60a35c693f51b6a7c89623,ETH,phishing_drainer,scamsniffer,phishing,,
0xafd6ef16f759ea5cc0fe4bc5d599bfc861359b4c,ETH,phishing_drainer,scamsniffer,phishing,,
0xafdf95fce4e1a39fdb8c98ab4b3a0c026b0eef9f,ETH,phishing_drainer,scamsniffer,phishing,,
0xafe4113a0813b01fecad75442f3b095e994a3c2b,ETH,phishing_drainer,scamsniffer,phishing,,
0xafea0be804ab6936ef800f15f0d4d5f44e2343ef,ETH,phishing_drainer,scamsniffer,phishing,,
0xaff2cea2e6512e4d0d3f4b16c04e8ba3790e6790,ETH,phishing_drainer,scamsniffer,phishing,,
0xaff3c27ef6fd5e69af18e3bf32c39edcb48a6f8b,ETH,phishing_drainer,scamsniffer,phishing,,
0xaffe4546f6bd8732aebc357ef84e516d35b9ea02,ETH,phishing_drainer,scamsniffer,phishing,,
0xb00e39c435ce8d4ff4cb756a9bf1f5ad1426d0c5,ETH,phishing_drainer,scamsniffer,phishing,,
0xb0116ad788a61f05c60398062f05265fc484b8e5,ETH,phishing_drainer,scamsniffer,phishing,,
0xb01791edc4d16fb7620dc06d0e750e0f81467368,ETH,phishing_drainer,scamsniffer,phishing,,
0xb01fee005014bd927b746f933419a7186c3fbdd7,ETH,phishing_drainer,scamsniffer,phishing,,
0xb03bb5921661c3edbe0e1eeb0cf03c715abd1267,ETH,phishing_drainer,scamsniffer,phishing,,
0xb052fe6a594cc9f1e87dcad83cc478f56f0d24b1,ETH,phishing_drainer,scamsniffer,phishing,,
0xb05b23d5ce442481662ca0b270ee3c8946d304ca,ETH,phishing_drainer,scamsniffer,phishing,,
0xb0711619ede3c1ecfe299dc36c132f5eb5ae2920,ETH,phishing_drainer,scamsniffer,phishing,,
0xb0831f26ce6ebd0b778ad2e27ebcd29b387842c7,ETH,phishing_drainer,scamsniffer,phishing,,
0xb08a778b7f6798882df1fc8a8965474ccc46d7c0,ETH,phishing_drainer,scamsniffer,phishing,,
0xb098f3b87c3ccd31339301d20af01b24adf433c2,ETH,phishing_drainer,scamsniffer,phishing,,
0xb0a2e72a037905bf5609ecb445d173c1f5a07a3f,ETH,phishing_drainer,scamsniffer,phishing,,
0xb0a7403f8c767e1896352438aecf3a6a3555317d,ETH,phishing_drainer,scamsniffer,phishing,,
0xb0a7e5ca4058fb0d199c5e1c28856e960693cf36,ETH,phishing_drainer,scamsniffer,phishing,,
0xb0b1b5b32802d05cb5bf3cf53257209d808e07f2,ETH,phishing_drainer,scamsniffer,phishing,,
0xb0b5cd643f2a0c4d8f1a35a55f541fed7dbb3976,ETH,phishing_drainer,scamsniffer,phishing,,
0xb0baf2161973f4224488e3945ff2c4499fa99d1c,ETH,phishing_drainer,scamsniffer,phishing,oddstronauts.com,
0xb0c7ec7742e54273460dce98312bb50db574cb3a,ETH,phishing_drainer,scamsniffer,phishing,,
0xb0cf4ac72424849694e564103a00fca02c2b7ea8,ETH,phishing_drainer,scamsniffer,phishing,,
0xb0d0da4a1f21079fc0999e28f8bdade521c9f722,ETH,phishing_drainer,scamsniffer,phishing,,
0xb0f4291c1691d4bebb580487570b3c9772fae261,ETH,phishing_drainer,scamsniffer,phishing,,
0xb116a33fa9099a785a8c1cf7eb31588e8847ac92,ETH,phishing_drainer,scamsniffer,phishing,,
0xb12578f3f89f3b52d7d49409eb99d16303b79bab,ETH,phishing_drainer,scamsniffer,phishing,,
0xb1259cc986ed64b3f42ff6223846e68d740cba8c,ETH,phishing_drainer,scamsniffer,phishing,,
0xb1321253910fb5ade8f92a174b9b60ff30ee22f0,ETH,phishing_drainer,scamsniffer,phishing,,
0xb13f0c8d887d1fe71fbb3cbfbc286583cce1fcc6,ETH,phishing_drainer,scamsniffer,phishing,,
0xb14d1f5015e4907171fa3d5b1e2ff426ae940d3d,ETH,phishing_drainer,scamsniffer,phishing,,
0xb1573a40970c0023d4c57f5ab188c29566009512,ETH,phishing_drainer,scamsniffer,phishing,,
0xb18493efdb305cb6e541342bb0c72845de58c3c6,ETH,phishing_drainer,scamsniffer,phishing,,
0xb188faf74746822e08c11f8a5a98dc6d21edcf27,ETH,phishing_drainer,scamsniffer,phishing,,
0xb1b30f3dc470ff6859ad69de05b879779058cab5,ETH,phishing_drainer,scamsniffer,phishing,,
0xb1ee1226361e45538f4d507111adb76c351a4555,ETH,phishing_drainer,scamsniffer,phishing,,
0xb1f6ca0379c32804fd17ad573db3078922aaee68,ETH,phishing_drainer,scamsniffer,phishing,,
0xb20d1f946aa917087d9f0fd23eca11bb7e738fcb,ETH,phishing_drainer,scamsniffer,phishing,,
0xb2246e29ef64d6837968290c8631f87bcb4d914e,ETH,phishing_drainer,scamsniffer,phishing,,
0xb23f665719b9922c787eec70556da3ed050799cc,ETH,phishing_drainer,scamsniffer,phishing,,
0xb23f71ff33c08f3a718f1a95c47509f24f854939,ETH,phishing_drainer,scamsniffer,phishing,,
0xb240f81bf1a12d085c84b2422134bf18fd80e6ba,ETH,phishing_drainer,scamsniffer,phishing,,
0xb246ce56751439c1ab6d4de9393129cda7ac1e95,ETH,phishing_drainer,scamsniffer,phishing,,
0xb24929c8d4357e86d396af5b214732cca1b17449,ETH,phishing_drainer,scamsniffer,phishing,,
0xb25362a408be309c76fb6ef52090386369c170b9,ETH,phishing_drainer,scamsniffer,phishing,,
0xb259678ef5b7540cbbc1ccda9e016089992dc6ce,ETH,phishing_drainer,scamsniffer,phishing,,
0xb26180260067b50f8677f566b2889cd34633f5af,ETH,phishing_drainer,scamsniffer,phishing,,
0xb27594fc32a36367dfe870baf5caa0a70960b9cf,ETH,phishing_drainer,scamsniffer,phishing,,
0xb27f09b4be98836649c19c294293836695dd97a4,ETH,phishing_drainer,scamsniffer,phishing,,
0xb27f36c8bad9f262751a1c19d81e6013b6b4f2fa,ETH,phishing_drainer,scamsniffer,phishing,,
0xb284141c0909ce2e8e4cf468e9c192242565558a,ETH,phishing_drainer,scamsniffer,phishing,,
0xb2931381b0db1cd7d0aa08b8836748b2a10e1f8f,ETH,phishing_drainer,scamsniffer,phishing,,
0xb296b3508478e6ccb040d62622a37a0c27cbeda1,ETH,phishing_drainer,scamsniffer,phishing,,
0xb2b226fbfe3afa5d396ac964a0fde8f91b86fc29,ETH,phishing_drainer,scamsniffer,phishing,,
0xb2c357848da0de4b6aeabdf54e63f292a6310ac9,ETH,phishing_drainer,scamsniffer,phishing,,
0xb2cb818071118cb022567d6bfb0d02a685a0d2f2,ETH,phishing_drainer,scamsniffer,phishing,,
0xb2da7748f16dbddef7c1963000c35b49297a7d06,ETH,phishing_drainer,scamsniffer,phishing,,
0xb2e9cad00ef220930aabcc4a039e2dc4177c09e1,ETH,phishing_drainer,scamsniffer,phishing,,
0xb2ee777a8bc3b70c34c7f9c3078993d063f5bba0,ETH,phishing_drainer,scamsniffer,phishing,,
0xb2f571083f3ec5756b9e6b8f473863ff29f9e194,ETH,phishing_drainer,scamsniffer,phishing,,
0xb2fc2fb266d6f4077dfb2ff203a6067fa1cf9b35,ETH,phishing_drainer,scamsniffer,phishing,,
0xb30832f14179b037340ef539f7ed61ab94b71760,ETH,phishing_drainer,scamsniffer,phishing,,
0xb31105de3eec82b4c78b0983d4cc8acae3916653,ETH,phishing_drainer,scamsniffer,phishing,,
0xb324c10f5779e42445a70b5ce5331791adcc6f43,ETH,phishing_drainer,scamsniffer,phishing,,
0xb329321564c16c74f8df3223ef8c90421d25256f,ETH,phishing_drainer,scamsniffer,phishing,,
0xb32e7d8fad9bee06ec7429991150e913b55f5931,ETH,phishing_drainer,scamsniffer,phishing,,
0xb330665203ffbaf0286e60b82af3fbb4f944e579,ETH,phishing_drainer,scamsniffer,phishing,,
0xb353e8a0db6a390fe1f131ef633976c332b4b608,ETH,phishing_drainer,scamsniffer,phishing,,
0xb36454774daddc2ac24424853b6a1346150b39c5,ETH,phishing_drainer,scamsniffer,phishing,,
0xb3744fcf41d71d5178f391792abe63fe5d638b7e,ETH,phishing_drainer,scamsniffer,phishing,,
0xb37844ae1456a5d26d81fcc8385afa691100e633,ETH,phishing_drainer,scamsniffer,phishing,,
0xb39cfa19e8b6a51e09bc42ea441be1b52b6254b4,ETH,phishing_drainer,scamsniffer,phishing,,
0xb3a39d81ab29fc88e5f8bb0198a3fb7b4ae56edb,ETH,phishing_drainer,scamsniffer,phishing,,
0xb3a7307b0aee2f1843b638a27a53903dcbbe7a54,ETH,phishing_drainer,scamsniffer,phishing,,
0xb3b08ed59eff08447093fd3ee9e92086b2e22f57,ETH,phishing_drainer,scamsniffer,phishing,,
0xb3b93ea036ffae3636adcd1d1ede8c5f3709bfa1,ETH,phishing_drainer,scamsniffer,phishing,,
0xb3c8bee03974ec2c1defb5403d985c62ceb363c4,ETH,phishing_drainer,scamsniffer,phishing,,
0xb3e54c530dab0fe5d5bfa76af99ef9307bb775dd,ETH,phishing_drainer,scamsniffer,phishing,,
0xb3e5c6be2480850d92b9641fd327aa4a7423f95d,ETH,phishing_drainer,scamsniffer,phishing,,
0xb40a8ba4c35c74c9ce503d4a9e492c7ed2c282b7,ETH,phishing_drainer,scamsniffer,phishing,,
0xb4189212e13dd57abdef3465f723d4357069f82e,ETH,phishing_drainer,scamsniffer,phishing,,
0xb42e42c80f6af7b6afd8877f4853f0bbc0eb3a43,ETH,phishing_drainer,scamsniffer,phishing,,
0xb44be502f7948ae709465ba8e5d3d01a67f5be1a,ETH,phishing_drainer,scamsniffer,phishing,,
0xb4517d07f2603c844bfea3f653758ad8e399c3fa,ETH,phishing_drainer,scamsniffer,phishing,,
0xb45e378073c553c58f8797cb54d1e30c60065f61,ETH,phishing_drainer,scamsniffer,phishing,,
0xb471aacb80e64a8df2a9e698f5ea2d74705f733d,ETH,phishing_drainer,scamsniffer,phishing,,
0xb476b65a032ad3e5cd90a677cfe6d072f6e7ae37,ETH,phishing_drainer,scamsniffer,phishing,,
0xb481aab14df626a330677cc4c9e7c8e6a900bc24,ETH,phishing_drainer,scamsniffer,phishing,,
0xb49dcb0036b03fe13480bf9d55c9694f225bdb2e,ETH,phishing_drainer,scamsniffer,phishing,,
0xb49fd56a219ee2aa41d8d58df3cbeb3360899994,ETH,phishing_drainer,scamsniffer,phishing,,
0xb4d1d11458eaceaa8a0105f458c5fc31c9bbe8c1,ETH,phishing_drainer,scamsniffer,phishing,,
0xb511a1e1fee0e2a41ce40e50b63325b22ff40225,ETH,phishing_drainer,scamsniffer,phishing,,
0xb531c9fd5cd3119f9e33c4a9ee4844798e0de87a,ETH,phishing_drainer,scamsniffer,phishing,,
0xb5590ce74a6efaef0a9080dd2c5e66ce3e143103,ETH,phishing_drainer,scamsniffer,phishing,,
0xb559f3631bae124b5dfc08c1070ae4e14e02cadc,ETH,phishing_drainer,scamsniffer,phishing,,
0xb55cd65e656a664e1a27ff8f7bf1daebdeca284a,ETH,phishing_drainer,scamsniffer,phishing,,
0xb55febe8f9903c35e75f88d906ac83d425d57153,ETH,phishing_drainer,scamsniffer,phishing,,
0xb56bcdd349d11160977a3c7bc0de29f085fa6596,ETH,phishing_drainer,scamsniffer,phishing,,
0xb56f3d5986b4835b448942490859a6fdfd511324,ETH,phishing_drainer,scamsniffer,phishing,,
0xb576859a3b150bae6a748d8fc9a82ebfc1389386,ETH,phishing_drainer,scamsniffer,phishing,,
0xb57e8f5d35e5ee415bfcefe3cdc48504d322cae6,ETH,phishing_drainer,scamsniffer,phishing,,
0xb5a57c964ac98b9965b64486198588b06edc17b2,ETH,phishing_drainer,scamsniffer,phishing,,
0xb5cadc1e4603eed73c80cdcfb5de4002128db94b,ETH,phishing_drainer,scamsniffer,phishing,,
0xb5d0fbd7018ae8be704bb35313af690c8e1faf29,ETH,phishing_drainer,scamsniffer,phishing,,
0xb5ee49d4800807221fc6be68c61464ee0446f217,ETH,phishing_drainer,scamsniffer,phishing,,
0xb5f8694fa3cc557986a904140fa7b5c89468346b,ETH,phishing_drainer,scamsniffer,phishing,,
0xb60005d67a90807837d08f3ce59f721c3e369b60,ETH,phishing_drainer,scamsniffer,phishing,,
0xb6045cd24169d329263db14756eb341f80e8b2dd,ETH,phishing_drainer,scamsniffer,phishing,,
0xb611e5b4a1c567957d5589cd896b078bab203942,ETH,phishing_drainer,scamsniffer,phishing,,
0xb6137eb8398ad05e04699e9eb3cc73d35f146872,ETH,phishing_drainer,scamsniffer,phishing,,
0xb6271b648ed13c775b4765081171beba5182a439,ETH,phishing_drainer,scamsniffer,phishing,,
0xb6280e57f48d7083089d4b87989caa22e1c1b9b9,ETH,phishing_drainer,scamsniffer,phishing,,
0xb62f21d23201b47fd40382739581c0a9db2d124f,ETH,phishing_drainer,scamsniffer,phishing,,
0xb64bba0ffcdfc54376ee1ffb4121feee23b6077b,ETH,phishing_drainer,scamsniffer,phishing,,
0xb65d18b91d401224dcf2b072d30c29bc8398463c,ETH,phishing_drainer,scamsniffer,phishing,,
0xb675526c6d7d9304f70b4e566619ce342dd650b4,ETH,phishing_drainer,scamsniffer,phishing,,
0xb67897a53275f258fb4e0c02b29c9cd197bec9f5,ETH,phishing_drainer,scamsniffer,phishing,,
0xb69157542bcbe2a3f8200854a46e42a418feedef,ETH,phishing_drainer,scamsniffer,phishing,,
0xb69577c679652953be51da26aeaeeed4f69174ab,ETH,phishing_drainer,scamsniffer,phishing,,
0xb69ded315df9a8308b119bc7606dcd2ca28103ed,ETH,phishing_drainer,scamsniffer,phishing,,
0xb6a5b73a09d2baa393498bff8e6af502f57022db,ETH,phishing_drainer,scamsniffer,phishing,,
0xb6a65a87a6d58fc35020d51c1b7ec812b3290653,ETH,phishing_drainer,scamsniffer,phishing,,
0xb6ae485edf46a457cb9dd6672c9f8a1bccfb32f5,ETH,phishing_drainer,scamsniffer,phishing,,
0xb6b2fa50c6fe313a9e4652bf9375cb1a63a29b45,ETH,phishing_drainer,scamsniffer,phishing,,
0xb6be62b1e06a0bfb17bc7687caa5bf66385b3a7b,ETH,phishing_drainer,scamsniffer,phishing,,
0xb6c97f483c705e5b8ada2b4aecc57e5518774ab8,ETH,phishing_drainer,scamsniffer,phishing,,
0xb6cc7afa1d9b9a43fcaafc3c23dd082cb7754d30,ETH,phishing_drainer,scamsniffer,phishing,,
0xb6cee95674be83dbc0e600f60257b8a2141a8b1a,ETH,phishing_drainer,scamsniffer,phishing,,
0xb6d4674224918220cf75df8ab530759b5af7e7e9,ETH,phishing_drainer,scamsniffer,phishing,,
0xb6df76e0cc714dfd3e4d5b518d7f40c1f8dcc918,ETH,phishing_drainer,scamsniffer,phishing,,
0xb6ee99f40aba0454ff8b5e79bd4a7e0cf44529b6,ETH,phishing_drainer,scamsniffer,phishing,,
0xb6ef4f42cb0877a504293b288a4b6407c9bf5ae6,ETH,phishing_drainer,scamsniffer,phishing,,
0xb704a8c74cf724a6271d7fbaf709e4de0eae6d86,ETH,phishing_drainer,scamsniffer,phishing,,
0xb714aa2fc03cd6e9c876bdd012591c29396addd1,ETH,phishing_drainer,scamsniffer,phishing,,
0xb71cccde6711fb90940342afc4b53568a43bb13e,ETH,phishing_drainer,scamsniffer,phishing,,
0xb71cfcdf0e3ee02991a17c82bf4f6da2debdd668,ETH,phishing_drainer,scamsniffer,phishing,,
0xb72a82be7c8a11c53e89a00b535e05e4736d12ac,ETH,phishing_drainer,scamsniffer,phishing,,
0xb74445b68eea267bd16ebdf3325f1b362832c68c,ETH,phishing_drainer,scamsniffer,phishing,,
0xb7473618709fa22285e12e396d194457c1493450,ETH,phishing_drainer,scamsniffer,phishing,,
0xb75df45d32551a44f4fd3392c4b9b8cd495e8485,ETH,phishing_drainer,scamsniffer,phishing,,
0xb7690c9a5725699406b91467ce05619fefdbf870,ETH,phishing_drainer,scamsniffer,phishing,,
0xb7a21bd92ef7cbedc9753902141fc0c45b90ce70,ETH,phishing_drainer,scamsniffer,phishing,,
0xb7aefbecae139c63eede51529d0e1ac42359e84b,ETH,phishing_drainer,scamsniffer,phishing,,
0xb7caaf00f3d07ea489cf0b5736b4575240b0eff7,ETH,phishing_drainer,scamsniffer,phishing,,
0xb7d6f3d5d590ff9efdb168477578ef6d98e49acc,ETH,phishing_drainer,scamsniffer,phishing,,
0xb802e6b4a9e24342f33f08cdba77469472e55f52,ETH,phishing_drainer,scamsniffer,phishing,,
0xb81d7efa288231ea256d610458bac8c4625cd6ee,ETH,phishing_drainer,scamsniffer,phishing,,
0xb826c0014c127490ef7b62d81b834fbd035c0a79,ETH,phishing_drainer,scamsniffer,phishing,,
0xb82b4c1ac03f8f8a9e817759937e57eef1dd2b0a,ETH,phishing_drainer,scamsniffer,phishing,,
0xb84b026e13d6f18f6e59dbd90c34a112ac0d608a,ETH,phishing_drainer,scamsniffer,phishing,,
0xb85492afc686d5ca405e3cd4f50b05d358c75ede,ETH,phishing_drainer,scamsniffer,phishing,,
0xb8636a1636604d2caaf95f828f7731da865ffe75,ETH,phishing_drainer,scamsniffer,phishing,,
0xb8659dc05a5668e502009513e0bfa5cb9bf1579c,ETH,phishing_drainer,scamsniffer,phishing,,
0xb87a93d86831fa40638203ff50c2ddec9c15d99e,ETH,phishing_drainer,scamsniffer,phishing,,
0xb883110e731021cf9c138a031c77e181b7373ffe,ETH,phishing_drainer,scamsniffer,phishing,,
0xb891307ea0784d5d838a0c8faea0268dec5a6e1f,ETH,phishing_drainer,scamsniffer,phishing,,
0xb8996bfd8e3a1b147ada45e4c5d1ad1e445a08b6,ETH,phishing_drainer,scamsniffer,phishing,,
0xb89bc3863e55c070f4901ff328b9bfccb81385f0,ETH,phishing_drainer,scamsniffer,phishing,,
0xb89c34a15079d11ffe022a70da3dc594d23e6fb4,ETH,phishing_drainer,scamsniffer,phishing,,
0xb8a6f3708e544926ea57350c230117921348faaf,ETH,phishing_drainer,scamsniffer,phishing,,
0xb8ad69d9a9b9b65b90c50d55ca62ac000671dd8b,ETH,phishing_drainer,scamsniffer,phishing,,
0xb8b684b62a6bc6cce8b0ba2004e85242a6b8d9cb,ETH,phishing_drainer,scamsniffer,phishing,,
0xb8b91da5c05cf0d72287bb0d8193fd694b90530b,ETH,phishing_drainer,scamsniffer,phishing,,
0xb8c5b68355b5daa8333db2a1b39072d0cac7b494,ETH,phishing_drainer,scamsniffer,phishing,,
0xb8c5fd7ce79c8b834fddb88d0312af513167f83b,ETH,phishing_drainer,scamsniffer,phishing,,
0xb8c6ddfece7bf42412acaa88f9c1c06adbe3af85,ETH,phishing_drainer,scamsniffer,phishing,,
0xb8d263778daa72559caf22444ed477bde592a8b6,ETH,phishing_drainer,scamsniffer,phishing,,
0xb8dcea5668aacab0e69562bf946022a63ef4a637,ETH,phishing_drainer,scamsniffer,phishing,,
0xb8e05443d4ab6e6bda34d7a8fa483a0a1cf60ccf,ETH,phishing_drainer,scamsniffer,phishing,,
0xb8f3ab35b5101a658319187b22d82d72e6fdbf41,ETH,phishing_drainer,scamsniffer,phishing,,
0xb8f6e49976d90d61c809c7be50211da4d35a5011,ETH,phishing_drainer,scamsniffer,phishing,,
0xb8f955176771a9eef0f0c912c7d4138c46a693f5,ETH,phishing_drainer,scamsniffer,phishing,,
0xb90ebbf995ad7b30d1a3b2653e1ab3ecc16b9acb,ETH,phishing_drainer,scamsniffer,phishing,,
0xb934684493773de32d01ec38632003986b5797dd,ETH,phishing_drainer,scamsniffer,phishing,,
0xb94f9a31fa7f86fecd7cc88e2aff26b965958e17,ETH,phishing_drainer,scamsniffer,phishing,,
0xb952849fe10ea74b3036b23e7fda92f77ca4d4c2,ETH,phishing_drainer,scamsniffer,phishing,,
0xb96629f7ee409d67e3f58bd30a846734cd808bac,ETH,phishing_drainer,scamsniffer,phishing,,
0xb9684e01575e8a0e10993b52b4cb168bcbeb6cb8,ETH,phishing_drainer,scamsniffer,phishing,,
0xb96b2eb882d599c8cacc37cdb9c73802a1be36ff,ETH,phishing_drainer,scamsniffer,phishing,,
0xb96d7b8c2a807470f8bc9c458bee8f4f1da2c0e7,ETH,phishing_drainer,scamsniffer,phishing,,
0xb972553b2674707b412d0143b711fcaa9f36bb07,ETH,phishing_drainer,scamsniffer,phishing,,
0xb976b018c0449f540a02f6780d88e484e113fabb,ETH,phishing_drainer,scamsniffer,phishing,,
0xb9773e7659f4a9436ef118d7db9018406ebba97d,ETH,phishing_drainer,scamsniffer,phishing,,
0xb97b9868415cb60e79611eac02c131d50856f0d2,ETH,phishing_drainer,scamsniffer,phishing,,
0xb9b3eaa045a01f3a8b4c77ac921b3f97b51fca67,ETH,phishing_drainer,scamsniffer,phishing,,
0xb9d0093fda01785e8794ec99d3514f5039ca2f24,ETH,phishing_drainer,scamsniffer,phishing,,
0xb9df393a4f04d92882717f5858b164a815e83c6e,ETH,phishing_drainer,scamsniffer,phishing,,
0xb9e4848c6ac35bb0bf856cbc163aa07588584c4d,ETH,phishing_drainer,scamsniffer,phishing,,
0xb9f0d255563dfa8b7e918448daf4d6a0c0170ec6,ETH,phishing_drainer,scamsniffer,phishing,,
0xb9f51278110a1dbec8421629c06796308c7b6729,ETH,phishing_drainer,scamsniffer,phishing,,
0xb9fd92407ab39fd21e139971ed51e932afe863ab,ETH,phishing_drainer,scamsniffer,phishing,,
0xb9ff00698907c2760b9d76c933d9992cbc80be1e,ETH,phishing_drainer,scamsniffer,phishing,,
0xba00284bf8b9965907833599d8fba783b7a455b1,ETH,phishing_drainer,scamsniffer,phishing,,
0xba144b40370d1d2d755c457172c09e44d8e12fcb,ETH,phishing_drainer,scamsniffer,phishing,,
0xba42fa05f8ff36c2046c2ebf6e3705a452758dac,ETH,phishing_drainer,scamsniffer,phishing,,
0xba4599e62deea9804a7f1a8b277915440f6e78b2,ETH,phishing_drainer,scamsniffer,phishing,,
0xba4b97051c0c5dfe5127334f803bc1e75f0d6728,ETH,phishing_drainer,scamsniffer,phishing,,
0xba67afd75b502305b7d465a12361f1783f1a32d8,ETH,phishing_drainer,scamsniffer,phishing,,
0xba6eba164b1ee5ef9a6c673909e478597c7007a6,ETH,phishing_drainer,scamsniffer,phishing,,
0xba954d629377ff220ae05f9d7ce05659bf2fdfc3,ETH,phishing_drainer,scamsniffer,phishing,,
0xba9d726d9831b163cf20fd9c6c597121d9a7d433,ETH,phishing_drainer,scamsniffer,phishing,,
0xbac0ffc1e838555504215c83f497627c921886a8,ETH,phishing_drainer,scamsniffer,phishing,,
0xbaca576e8c32ae9a004b873148fea6fad8e7cd7d,ETH,phishing_drainer,scamsniffer,phishing,,
0xbadc0ec2264ea25a89251b9048a7aa3136051646,ETH,phishing_drainer,scamsniffer,phishing,,
0xbae737bf84ec8bf463c31732bb61ac96454139ac,ETH,phishing_drainer,scamsniffer,phishing,,
0xbaed976cf195c0149c51b86638b4a5435196c295,ETH,phishing_drainer,scamsniffer,phishing,revoke.shop,
0xbafe6bf76af430c5296b73dc699e655fc13e35a7,ETH,phishing_drainer,scamsniffer,phishing,,
0xbb2dfa66ab0a1e707af5e2948102aa0e44d39c01,ETH,phishing_drainer,scamsniffer,phishing,,
0xbb33e291699faf0fc4a07830625d9027f4375883,ETH,phishing_drainer,scamsniffer,phishing,,
0xbb40bad96d809b5a8a7cecb47dff63469782b804,ETH,phishing_drainer,scamsniffer,phishing,,
0xbb4a6855ddfde2670061eb6e5bfcc608f96d6aa6,ETH,phishing_drainer,scamsniffer,phishing,,
0xbb6c2b33f0ab32b39d8a5f6ffdc3fdaeffa26b5a,ETH,phishing_drainer,scamsniffer,phishing,,
0xbb7e94b6d292443bcf665eb9733a79d27fff8294,ETH,phishing_drainer,scamsniffer,phishing,,
0xbb8213e0de93a56ce93dbc9f3adb40b83b2d54ad,ETH,phishing_drainer,scamsniffer,phishing,,
0xbb824f1e6f1672be0a97f5f59e8c92b2608b2514,ETH,phishing_drainer,scamsniffer,phishing,,
0xbb921dceb3dc967531179187a74a5ad5481726cf,ETH,phishing_drainer,scamsniffer,phishing,,
0xbbacede5c70ab9aa3f911dfb460da103bfd31f49,ETH,phishing_drainer,scamsniffer,phishing,,
0xbbaf05fdad7b6cb71b0f1ccf3031af0ea4eab521,ETH,phishing_drainer,scamsniffer,phishing,,
0xbbca899c0a800cdf460855dccfe0d713c99377c2,ETH,phishing_drainer,scamsniffer,phishing,,
0xbbcda503d1e1750ef893a89f1c74ad4d15c95e5c,ETH,phishing_drainer,scamsniffer,phishing,,
0xbbd21d6eddc71151ff4a1d6c99a246ae45c05ef6,ETH,phishing_drainer,scamsniffer,phishing,,
0xbbe73fa050e0fc6a316fde2342794087f006f8bb,ETH,phishing_drainer,scamsniffer,phishing,,
0xbc1a7736c12dc64632fd51f16a5271a0bc202acd,ETH,phishing_drainer,scamsniffer,phishing,,
0xbc288eae3cfaee326a367dcbcba5eca3dde4b515,ETH,phishing_drainer,scamsniffer,phishing,,
0xbc32ff717084eca7baca1504e72edab58d333097,ETH,phishing_drainer,scamsniffer,phishing,,
0xbc454b3f5f9c12891d86c6beccbab5546d5ed38d,ETH,phishing_drainer,scamsniffer,phishing,,
0xbc4b89f8fe70328bafe3a3c03cb97056e6869eff,ETH,phishing_drainer,scamsniffer,phishing,,
0xbc4ca0eda7647a8ab7c2061c2e118a18a936f13d,ETH,phishing_drainer,scamsniffer,phishing,sudoswapamm.com,
0xbc5b22d0e33c4e124efe1707b6126ef8a89eaaf3,ETH,phishing_drainer,scamsniffer,phishing,,
0xbc80c0bebd7195daad9ff1fba9a9002a680c1305,ETH,phishing_drainer,scamsniffer,phishing,,
0xbc9557617860e5f3601582fbe65139119c0744e6,ETH,phishing_drainer,scamsniffer,phishing,,
0xbca7af384bc384f86d78e37516537b3fecb86bbc,ETH,phishing_drainer,scamsniffer,phishing,,
0xbcabeae8652fa9f50d862135ba123db2c6e2133a,ETH,phishing_drainer,scamsniffer,phishing,,
0xbcbf47d57886a50ce75c95e411d7e09c2e82e0c7,ETH,phishing_drainer,scamsniffer,phishing,,
0xbcd2ef59005d063f551d3748e7efb11e00233b67,ETH,phishing_drainer,scamsniffer,phishing,,
0xbcd8187b82bbbc1560e69b9f0d999a05342745fa,ETH,phishing_drainer,scamsniffer,phishing,,
0xbcf3a5f6b1ae4b8f4cc15bc010f65ac838a1b622,ETH,phishing_drainer,scamsniffer,phishing,,
0xbd06c6ad5d0ecaaafdc01a301ad771e08bae0af4,ETH,phishing_drainer,scamsniffer,phishing,,
0xbd09fd80f2afad3a5b1b5d79653f706fed04d9a3,ETH,phishing_drainer,scamsniffer,phishing,,
0xbd3a3a511583506a2ccf31086fe0a9154ac78ca2,ETH,phishing_drainer,scamsniffer,phishing,,
0xbd4d7ad4edb34b29e1f86a1ab74245a03b09150e,ETH,phishing_drainer,scamsniffer,phishing,,
0xbd4fee42893e8bac47541dc2b5229d7139186666,ETH,phishing_drainer,scamsniffer,phishing,,
0xbd9135724ea50f3419f20487f13fb64e618ff27a,ETH,phishing_drainer,scamsniffer,phishing,,
0xbd9308aa9ab8e564dc964589d64fa6fb6e897751,ETH,phishing_drainer,scamsniffer,phishing,,
0xbdab7c50aa43220d15a11006375c728731d449b1,ETH,phishing_drainer,scamsniffer,phishing,,
0xbdad479928f840adca3732cc20647a9d18656a49,ETH,phishing_drainer,scamsniffer,phishing,,
0xbdad7397de4f8aa163d85d78279cd71a96584d15,ETH,phishing_drainer,scamsniffer,phishing,,
0xbdadd6dc0a1f8905cc339b9ce0a25208fd2b5da5,ETH,phishing_drainer,scamsniffer,phishing,,
0xbdba34c2f6dce629bf9f12085e052c9dd1101c53,ETH,phishing_drainer,scamsniffer,phishing,,
0xbddc892df7e868e70787d30c83d8062231b033db,ETH,phishing_drainer,scamsniffer,phishing,,
0xbddf97857754f09a160088020b78c2d5c821fc62,ETH,phishing_drainer,scamsniffer,phishing,,
0xbde488b4a36afca07a4d330fa7aee7bb8cfbff68,ETH,phishing_drainer,scamsniffer,phishing,,
0xbde6e63e7ca2de77d7a3eb9bced7cf504960e83b,ETH,phishing_drainer,scamsniffer,phishing,,
0xbdf51404565ea37369b5387af20a3a4a9290921c,ETH,phishing_drainer,scamsniffer,phishing,,
0xbe03bc41e09809935eeb492a0eb170f92a5ec594,ETH,phishing_drainer,scamsniffer,phishing,,
0xbe0af605bde1f97723d3e5a499100363f97f00db,ETH,phishing_drainer,scamsniffer,phishing,,
0xbe2105d8e72b70dcbcb5b81696abced1f3ac06fc,ETH,phishing_drainer,scamsniffer,phishing,,
0xbe3439bd3794f2775d48e501c9c5e1708514d233,ETH,phishing_drainer,scamsniffer,phishing,,
0xbe36c54ad3e9131e6928863988cda9a430922f2c,ETH,phishing_drainer,scamsniffer,phishing,,
0xbe38aa996fee71df17c5c1bd5a8c14c103bb0d81,ETH,phishing_drainer,scamsniffer,phishing,,
0xbe3d1ffd2a7bea5f91b46a6320f5ceea53b73f1c,ETH,phishing_drainer,scamsniffer,phishing,,
0xbe4d5b09a2a35de1cc3b959b404898588964b281,ETH,phishing_drainer,scamsniffer,phishing,,
0xbe54de17ab2dc21bb8e706c435faf35539a51c6c,ETH,phishing_drainer,scamsniffer,phishing,,
0xbe659b2fc06e6d54705acbbd1d931cf703043802,ETH,phishing_drainer,scamsniffer,phishing,,
0xbe6a9a33adea6dabc0e25e105e07219493b6a88e,ETH,phishing_drainer,scamsniffer,phishing,,
0xbe6dce553a006000496210030d41fa95798b7a4c,ETH,phishing_drainer,scamsniffer,phishing,,
0xbe71c0e9e695810f3a18c1814a93bfb9940c82f8,ETH,phishing_drainer,scamsniffer,phishing,,
0xbe8d1cc954ee7e8fbe1996201b4923c97376d4ed,ETH,phishing_drainer,scamsniffer,phishing,,
0xbe8d7c46dbc772af4d24bb7457587ec09171803d,ETH,phishing_drainer,scamsniffer,phishing,,
0xbe9cfe97714ea36e4a9aadd90fe15c2475f0fd1c,ETH,phishing_drainer,scamsniffer,phishing,,
0xbeacbf07229385dcc064276d828abf3468d16de5,ETH,phishing_drainer,scamsniffer,phishing,,
0xbebe86cc689242f88ff3d7fd7066ee2bba1079b0,ETH,phishing_drainer,scamsniffer,phishing,,
0xbec8c98211949a8df90b1538f0c8533c5f7f0c1c,ETH,phishing_drainer,scamsniffer,phishing,,
0xbeca6f6b5e233706ceddd995e05c92dee5ab5f72,ETH,phishing_drainer,scamsniffer,phishing,,
0xbed067bb46675f2477d791e9aa3c9e1e055cc1ea,ETH,phishing_drainer,scamsniffer,phishing,,
0xbedb9d008c3c2d7a01f3034aefe882b077b64b94,ETH,phishing_drainer,scamsniffer,phishing,,
0xbee52b9ef04f04778ee948bd9df2ff54be4b7009,ETH,phishing_drainer,scamsniffer,phishing,,
0xbee538ecb678b588c5385859d769a4297e9e8172,ETH,phishing_drainer,scamsniffer,phishing,,
0xbefd1f68604872f46a8d1db5348db05cd6040291,ETH,phishing_drainer,scamsniffer,phishing,,
0xbf28eb4e017e472f9f6c11efabcdcb97f5761707,ETH,phishing_drainer,scamsniffer,phishing,,
0xbf29b773efee4706468b383b50247330ee78c242,ETH,phishing_drainer,scamsniffer,phishing,,
0xbf2d6b784df3ca1d735ad6f5e51d09c830652f4d,ETH,phishing_drainer,scamsniffer,phishing,,
0xbf3790474b0c2aad0f4783c68323a1c9011de414,ETH,phishing_drainer,scamsniffer,phishing,,
0xbf7cb50c2f63402d6d4acf51449c06740245bd84,ETH,phishing_drainer,scamsniffer,phishing,,
0xbf8c8f20c5fa70de4db53fbaedbc1425884e8c0a,ETH,phishing_drainer,scamsniffer,phishing,,
0xbf8d486bd0962c659c77a2a8ebc4f62155311dd1,ETH,phishing_drainer,scamsniffer,phishing,,
0xbf92bc0553dee0b97fb59b3e5c4c5c65b76401a2,ETH,phishing_drainer,scamsniffer,phishing,,
0xbf96c9db8926bd25c1b6803532e124e695c603c5,ETH,phishing_drainer,scamsniffer,phishing,,
0xbf9b4a88dee919ecb9702d84a9fd1f33a282f5b9,ETH,phishing_drainer,scamsniffer,phishing,,
0xbfd3beea69a886e800d577516bfd57886b76e78e,ETH,phishing_drainer,scamsniffer,phishing,,
0xbfe8cd249290109e30ae6db0bd90c62c99b395ec,ETH,phishing_drainer,scamsniffer,phishing,,
0xbff22c7ed74b6c58bfb0ad11e1ecf08f30a6d64a,ETH,phishing_drainer,scamsniffer,phishing,,
0xbffefa426119b6f363bd41c90665dfe0f4381021,ETH,phishing_drainer,scamsniffer,phishing,,
0xc013edc160a4ceb28d2998cbdb99f6ff83443117,ETH,phishing_drainer,scamsniffer,phishing,,
0xc029a173ab1167bb9d3106dca2ec8bf77c88a266,ETH,phishing_drainer,scamsniffer,phishing,,
0xc02aaa39b223fe8d0a0e5c4f27ead9083c756cc2,ETH,phishing_drainer,scamsniffer,phishing,tradingdappnodes.com,
0xc035b4cdd56819068ae241908f146ade8601c757,ETH,phishing_drainer,scamsniffer,phishing,,
0xc0460fa146be925cfd29f88770501ff560efa059,ETH,phishing_drainer,scamsniffer,phishing,,
0xc05abc8f93815182664ef22ced7d221b9366a5a3,ETH,phishing_drainer,scamsniffer,phishing,,
0xc062c2a491b6627e3b0dc4b7a19c2a4ea56a1885,ETH,phishing_drainer,scamsniffer,phishing,,
0xc0642ea6b5f4f2b7fdaf419125c4aa01dfc8cc8d,ETH,phishing_drainer,scamsniffer,phishing,,
0xc064d6ac568346c5f9c9fa12e9e663bdfbe61956,ETH,phishing_drainer,scamsniffer,phishing,,
0xc080a256baa2959ccd8b6a9d879830cdb0877c24,ETH,phishing_drainer,scamsniffer,phishing,,
0xc083d5b993d53d4d479af6c4cf9d7707bbee682f,ETH,phishing_drainer,scamsniffer,phishing,,
0xc092d93795ed6610ecfa9d454d534af3e029375b,ETH,phishing_drainer,scamsniffer,phishing,,
0xc09e8759b81c1f2f5e4ec114a6a51955627f4aff,ETH,phishing_drainer,scamsniffer,phishing,,
0xc0a384a65e26ecafe0b37b2917e43862b04216b9,ETH,phishing_drainer,scamsniffer,phishing,,
0xc0aa97378a78dd6ebafc8518349641d9a8cbaa26,ETH,phishing_drainer,scamsniffer,phishing,,
0xc0b932c1837a4d2f56438459c7952bedd2ef74c6,ETH,phishing_drainer,scamsniffer,phishing,,
0xc0cefead8981939d223ce27f1e2c764aa575db76,ETH,phishing_drainer,scamsniffer,phishing,,
0xc0d4576dcb649d6a3e32e4e43fec2b4cc25fe146,ETH,phishing_drainer,scamsniffer,phishing,,
0xc0dee988054ca16a31e79e5ae5ff445194639a65,ETH,phishing_drainer,scamsniffer,phishing,,
0xc0e087b7af8920643ef2d966e692e575bbd93fcc,ETH,phishing_drainer,scamsniffer,phishing,,
0xc0f776d93814d8f8409b359597bf30e7d0636a16,ETH,phishing_drainer,scamsniffer,phishing,,
0xc0fdf4fa92f88b82ccbebfc80fbe4eb7e5a8e0ca,ETH,phishing_drainer,scamsniffer,phishing,,
0xc106d2dc58a06b74f9d46c3e5c044b398027b063,ETH,phishing_drainer,scamsniffer,phishing,,
0xc12664021db5ada2325366c98bcacf2e22c5c36d,ETH,phishing_drainer,scamsniffer,phishing,,
0xc12ba780e5338cc010566150acf9554e0dd271ae,ETH,phishing_drainer,scamsniffer,phishing,,
0xc13c9316a3d34e022539a2890126e48ab7235b44,ETH,phishing_drainer,scamsniffer,phishing,,
0xc18360217d8f7ab5e7c516566761ea12ce7f9d72,ETH,phishing_drainer,scamsniffer,phishing,www.claimreward.fun,
0xc186426082b8460b6d08da0ac98f9f87b3499263,ETH,phishing_drainer,scamsniffer,phishing,,
0xc189e353ae001a727b1cefecc9c43c68825a6c0f,ETH,phishing_drainer,scamsniffer,phishing,,
0xc1ba3fe01aec33a81bd9e648d2c831ad30908a95,ETH,phishing_drainer,scamsniffer,phishing,,
0xc1ccefbd3592e08866a683e314d65bf5eb810dc8,ETH,phishing_drainer,scamsniffer,phishing,,
0xc1e3224ecec7e216ca2acfba621e523743168c72,ETH,phishing_drainer,scamsniffer,phishing,,
0xc1f2b642a0b07271f4b735d088f672930c28ca11,ETH,phishing_drainer,scamsniffer,phishing,,
0xc1f82c55f925f574369cf33e856dc60314666dde,ETH,phishing_drainer,scamsniffer,phishing,,
0xc1f908863feca9f0b352d31606173d13fa113134,ETH,phishing_drainer,scamsniffer,phishing,,
0xc2058fa6ce0f2644475203456b46964e4dbc38cb,ETH,phishing_drainer,scamsniffer,phishing,,
0xc20df206837d3a81706e7453ed39dcde34faae33,ETH,phishing_drainer,scamsniffer,phishing,,
0xc210edf9e1ef97efb108c6d8b7da14a73b65bacd,ETH,phishing_drainer,scamsniffer,phishing,,
0xc26641e440088183916580b3b7fb3d09bf8a31fe,ETH,phishing_drainer,scamsniffer,phishing,,
0xc273908488ab13bcd6eb0a65be084f1d662452b6,ETH,phishing_drainer,scamsniffer,phishing,,
0xc28d5d922eb85c51b114f35242216ae792f29f16,ETH,phishing_drainer,scamsniffer,phishing,,
0xc293e3daafaec41af43a7e7a60a537d9e1eb6390,ETH,phishing_drainer,scamsniffer,phishing,,
0xc296688bfda27ed88db245af58983754506a8588,ETH,phishing_drainer,scamsniffer,phishing,,
0xc2a3469ada7f2032c878979bdf2898417068567d,ETH,phishing_drainer,scamsniffer,phishing,,
0xc2b9817ce8556f836911f424c23024b80981697b,ETH,phishing_drainer,scamsniffer,phishing,,
0xc2bc71b3720f7cb37181b9be1aa404b7025477c0,ETH,phishing_drainer,scamsniffer,phishing,,
0xc2c31a9feafb54e07d7d4e69aaa41c9b10e16135,ETH,phishing_drainer,scamsniffer,phishing,,
0xc2e581f7fd938e3e484810a30ac129231b6e414a,ETH,phishing_drainer,scamsniffer,phishing,,
0xc2e789725ccf8ec7534837e532c63be5f34347cd,ETH,phishing_drainer,scamsniffer,phishing,validaccessauth.pages.dev,
0xc3205702a9e793d6a23d1bb19f5531632ef0b768,ETH,phishing_drainer,scamsniffer,phishing,,
0xc33d8f9b4859b7ce8267c5f6eb1526b16ecf0863,ETH,phishing_drainer,scamsniffer,phishing,,
0xc33e89982b55d5cbdc3c651786ed243ab2e635b6,ETH,phishing_drainer,scamsniffer,phishing,,
0xc34a06ba78bf7ff9c2574feea6897669399de747,ETH,phishing_drainer,scamsniffer,phishing,,
0xc3552897fdd996e1b0e922f79f6a2eec49aa130e,ETH,phishing_drainer,scamsniffer,phishing,,
0xc35715fb94b1d13d7579b7fdfe678321f3b85c8d,ETH,phishing_drainer,scamsniffer,phishing,,
0xc36676e154ac6900692562f6f5d398ee9a53e4a5,ETH,phishing_drainer,scamsniffer,phishing,,
0xc36c22dd0dbd1882743f78374d93f5cf192da033,ETH,phishing_drainer,scamsniffer,phishing,,
0xc36c3088dce943fce4149f0cae5ebef1616ad12e,ETH,phishing_drainer,scamsniffer,phishing,,
0xc370f33f595913de942457f5c39870a34c4bc3b4,ETH,phishing_drainer,scamsniffer,phishing,,
0xc37e4ec8f4dcc8d322fc54219c3cf115130abb44,ETH,phishing_drainer,scamsniffer,phishing,,
0xc3827c48416e3d9ac2df12e491ed8d637afeafbc,ETH,phishing_drainer,scamsniffer,phishing,,
0xc38510c6dc70b310bff70820f5b1384a29ba80b8,ETH,phishing_drainer,scamsniffer,phishing,,
0xc38d5b98fe3ff91c7bf22d2101d8e364f322b250,ETH,phishing_drainer,scamsniffer,phishing,,
0xc38e595612c0ff8585b64dd36d4cf98a15e0aec6,ETH,phishing_drainer,scamsniffer,phishing,,
0xc3a1fefb4d1caa2082102d54a968a478379a7681,ETH,phishing_drainer,scamsniffer,phishing,,
0xc3ba17fa6cf6ecde38cc7b4e68adc08a1ca35dbd,ETH,phishing_drainer,scamsniffer,phishing,,
0xc3ce906703ecd1ae84cc24f1dff5cebf8c2462ba,ETH,phishing_drainer,scamsniffer,phishing,,
0xc3e5d3a9bd6efd866e4cbdc97c2da53efd522d5c,ETH,phishing_drainer,scamsniffer,phishing,,
0xc3e6157dfe1bfc2bd93cf74cde85b0ca7ba77aa8,ETH,phishing_drainer,scamsniffer,phishing,,
0xc3f4c5ebf9d63729404129b5375cab54ba9c9b39,ETH,phishing_drainer,scamsniffer,phishing,,
0xc3f551c794f9b2af3a1efccfdbd4fa112a14bfef,ETH,phishing_drainer,scamsniffer,phishing,,
0xc40a8a6763969e88c8bf58a6e7a5adc61b8ebe11,ETH,phishing_drainer,scamsniffer,phishing,,
0xc4131965e267e761c1925fe7077cb43820c68182,ETH,phishing_drainer,scamsniffer,phishing,,
0xc422fcf04edd6502cc41583c003a959210653807,ETH,phishing_drainer,scamsniffer,phishing,,
0xc4245308ea99b137b29ef6e1c9bcb2aeabe8ba1b,ETH,phishing_drainer,scamsniffer,phishing,,
0xc443033dd19c470f46a7e96d9dccdcacf9d80700,ETH,phishing_drainer,scamsniffer,phishing,,
0xc44513498c74609b7649528b0a827c79596ab56c,ETH,phishing_drainer,scamsniffer,phishing,,
0xc455103ac468af514171e2a56f1f0f9c7a59dfe6,ETH,phishing_drainer,scamsniffer,phishing,,
0xc45a2b457baea9bd7f24c63d6e52b876b3221d87,ETH,phishing_drainer,scamsniffer,phishing,,
0xc45c2fc0eae87263f4055c7838a93730edabebb6,ETH,phishing_drainer,scamsniffer,phishing,,
0xc4663014c2eff0c0ceb687ca29985bee24180560,ETH,phishing_drainer,scamsniffer,phishing,,
0xc46bea11caa6cf648d378e86b9aaf5e6634855be,ETH,phishing_drainer,scamsniffer,phishing,,
0xc471df5418e2f07cf3c6dddda653bbb60508b192,ETH,phishing_drainer,scamsniffer,phishing,,
0xc4802dade68748ab43f3cfe437bbd3d736406257,ETH,phishing_drainer,scamsniffer,phishing,,
0xc4855e707b5c7546567fa2748c60a51a17efed49,ETH,phishing_drainer,scamsniffer,phishing,,
0xc48ad449a340d789200604e278f3e08d5414f3ef,ETH,phishing_drainer,scamsniffer,phishing,,
0xc48b128fe0f98adc265949bddd39944cf6baab98,ETH,phishing_drainer,scamsniffer,phishing,,
0xc4ac53db78b981cfd23e2a753dcfa64930add617,ETH,phishing_drainer,scamsniffer,phishing,,
0xc4b0e6cf56e76e831e13d197705b4ce05c472ddc,ETH,phishing_drainer,scamsniffer,phishing,,
0xc4be96b279b25520bcfebba763f335fdb8f5b790,ETH,phishing_drainer,scamsniffer,phishing,,
0xc4cf51cc504f09967f04c6b198d81bb155563b57,ETH,phishing_drainer,scamsniffer,phishing,,
0xc4d4581f8a399e8c5bb79b3ec73b5a97a18b1ab5,ETH,phishing_drainer,scamsniffer,phishing,,
0xc4eeb9157fb4e50f64b964dccf9ca1d6b8545a2b,ETH,phishing_drainer,scamsniffer,phishing,,
0xc5056538b510a898335291b387a35042dcdcb00b,ETH,phishing_drainer,scamsniffer,phishing,,
0xc5096c3b738521e3e23ba2c9c7f96d4e41c3b259,ETH,phishing_drainer,scamsniffer,phishing,,
0xc52539e71b0dcfdf6db916769c2a7cb19c596d7d,ETH,phishing_drainer,scamsniffer,phishing,,
0xc52943e232cd686265c96083ec76b9db4eee5002,ETH,phishing_drainer,scamsniffer,phishing,,
0xc53b0af100deadba0181cce91c79c91a66624849,ETH,phishing_drainer,scamsniffer,phishing,,
0xc5602b6d8f56a145779495d0e21685d5d99c4907,ETH,phishing_drainer,scamsniffer,phishing,,
0xc56b931f19bfbdb5f7ff3d095cf2a8a87b3de60c,ETH,phishing_drainer,scamsniffer,phishing,,
0xc58e8f88e8240e30f240700074b93c01b146fe29,ETH,phishing_drainer,scamsniffer,phishing,,
0xc5ab8b67cbc996740c4a42e9b32c3d27002774ed,ETH,phishing_drainer,scamsniffer,phishing,,
0xc5b6a41752df4ae4f1e76419da7361f33a47ae86,ETH,phishing_drainer,scamsniffer,phishing,,
0xc5bbe3e327012d03947fceb90242ae1a98f45951,ETH,phishing_drainer,scamsniffer,phishing,,
0xc5d561970c995e6785da2869d5c1ffe8ab68f31e,ETH,phishing_drainer,scamsniffer,phishing,,
0xc5e0ac69131ca5089d1c9f6a2c48148f7ead5856,ETH,phishing_drainer,scamsniffer,phishing,,
0xc60b7d0335b6b89a0034cdef6ba045021eb19fed,ETH,phishing_drainer,scamsniffer,phishing,,
0xc60ea95a6fa618b52dae3d5c30ddcc1d195ab553,ETH,phishing_drainer,scamsniffer,phishing,,
0xc61248fd95d00853e04031221403b5a2275b6906,ETH,phishing_drainer,scamsniffer,phishing,,
0xc6197be009ecb8295b0b3fd4742cbb52d074acb9,ETH,phishing_drainer,scamsniffer,phishing,,
0xc62cfa6f54bc11443a22b3d337eda7843174c7b1,ETH,phishing_drainer,scamsniffer,phishing,,
0xc6344ec635b660b69e8f27c001fa93078e39bab4,ETH,phishing_drainer,scamsniffer,phishing,,
0xc63c55b472fe15b7f580097086753a380e40cdd8,ETH,phishing_drainer,scamsniffer,phishing,,
0xc6436c6bdd657a79bbab8b2eecd5ba1ce69de266,ETH,phishing_drainer,scamsniffer,phishing,,
0xc657ee14f60fbf33a59ff8881f98656c435c40c5,ETH,phishing_drainer,scamsniffer,phishing,,
0xc6661014373805405c54e96dcac2d51e00bd128c,ETH,phishing_drainer,scamsniffer,phishing,,
0xc66631b72ec458c9b3ce792c32bcc7b466e86507,ETH,phishing_drainer,scamsniffer,phishing,,
0xc66ea26c7f8c5fe08b8a1b0519df9e0b2618e169,ETH,phishing_drainer,scamsniffer,phishing,,
0xc67e080f74af2a128633546c7bc51203a25a8e9d,ETH,phishing_drainer,scamsniffer,phishing,,
0xc689d134e5db324c588b21fcfd5ef25f50d92704,ETH,phishing_drainer,scamsniffer,phishing,,
0xc68c8567991e2b5718ff999a70326ef483403bee,ETH,phishing_drainer,scamsniffer,phishing,www.redeem-azuki.com,
0xc698c1df4932737cfc3e7c6b735fc6da3c4f3ffd,ETH,phishing_drainer,scamsniffer,phishing,,
0xc6ad36bc270ececd4a2f6af43c9b7b15c3037e5d,ETH,phishing_drainer,scamsniffer,phishing,,
0xc6b5329bdbb1ac4e96b4537850340cdf53a1df6c,ETH,phishing_drainer,scamsniffer,phishing,,
0xc6bada623b61d89b2bf9bfd2b3c641f2ef01887f,ETH,phishing_drainer,scamsniffer,phishing,,
0xc6d41e668c177b107c5533baa56aa34c11a74ece,ETH,phishing_drainer,scamsniffer,phishing,,
0xc6e8108da56156dfc51a7cd43bcc749ed4d61244,ETH,phishing_drainer,scamsniffer,phishing,,
0xc6f5341d0cfea47660985b1245387ebc0dbb6a12,ETH,phishing_drainer,scamsniffer,phishing,,
0xc70aca8e2b8579cf25944aadd45e66d9e95a8f7e,ETH,phishing_drainer,scamsniffer,phishing,,
0xc70f849e0c4fb364a853a1853b6885217033a939,ETH,phishing_drainer,scamsniffer,phishing,,
0xc715b0f45a01fd9e2ef570bb3680e5d405e412a7,ETH,phishing_drainer,scamsniffer,phishing,moondens.xyz,
0xc72f2d6cc0a5f1489e31a5e23272caaf45539c7d,ETH,phishing_drainer,scamsniffer,phishing,,
0xc741dbd00684be11f234804b6e0ff3ab50239d5f,ETH,phishing_drainer,scamsniffer,phishing,,
0xc74cdbbdfcfe02711dde8e7faca0f74186932414,ETH,phishing_drainer,scamsniffer,phishing,,
0xc75269b342c1b7f4cbb82e80a7986878ac0f545b,ETH,phishing_drainer,scamsniffer,phishing,,
0xc761e60bd4ce6fbe2b730a30e4f3c5a4d6954878,ETH,phishing_drainer,scamsniffer,phishing,,
0xc76789dcf1ad912dc4cbb863dc7c6589833a124f,ETH,phishing_drainer,scamsniffer,phishing,,
0xc778a846284cd0c222bccb4c6d624d07001e1164,ETH,phishing_drainer,scamsniffer,phishing,,
0xc78a268dbd56cc468b46163eebc3d3611fd6f896,ETH,phishing_drainer,scamsniffer,phishing,,
0xc7b1c3c9c76c48e28e78c756a979f179450b4bea,ETH,phishing_drainer,scamsniffer,phishing,,
0xc7c28a5a281d7f54acd4cc65d3d3881274ab834c,ETH,phishing_drainer,scamsniffer,phishing,,
0xc7ed9325c96692b38b88b7cb665596b4e55c2c83,ETH,phishing_drainer,scamsniffer,phishing,,
0xc7fa3982562ffd2fedaa14d120c7710971bd8dce,ETH,phishing_drainer,scamsniffer,phishing,,
0xc7fb70519af8ade692f36a24311e7688f5d0a9bb,ETH,phishing_drainer,scamsniffer,phishing,,
0xc8034dcee48ff34dd76e26211acc133f3d71510c,ETH,phishing_drainer,scamsniffer,phishing,,
0xc808262e6f818caf1c5682143911b97fd7b4f987,ETH,phishing_drainer,scamsniffer,phishing,,
0xc811e4cf9afb6721d4012107dab853005e160add,ETH,phishing_drainer,scamsniffer,phishing,,
0xc81476ae9f2748725a36b326a1831200ed4f3ecf,ETH,phishing_drainer,scamsniffer,phishing,,
0xc829700218ca0526eee697f48602aa474a162f92,ETH,phishing_drainer,scamsniffer,phishing,,
0xc83c726fc623d482e85a1f68c7beeda70849e4cb,ETH,phishing_drainer,scamsniffer,phishing,,
0xc85e65f19442eef47e4ac70843c044df4bb5f4c4,ETH,phishing_drainer,scamsniffer,phishing,,
0xc861601009d4a652a8b68fec75148d751b36bba0,ETH,phishing_drainer,scamsniffer,phishing,,
0xc8633caa280fe8afc628a8396cc44364b3422b86,ETH,phishing_drainer,scamsniffer,phishing,,
0xc863fd3cfb0edbd64e85b3470d92aabe62fa5f56,ETH,phishing_drainer,scamsniffer,phishing,,
0xc8873761a823d843ce31b48054a1684ee68203db,ETH,phishing_drainer,scamsniffer,phishing,,
0xc88b9ee0e6b5d69c1c3ca4cbf91f2d2c8de08856,ETH,phishing_drainer,scamsniffer,phishing,,
0xc89de7149d014cab158d69be4778089f6a678d3a,ETH,phishing_drainer,scamsniffer,phishing,,
0xc8a1c58b0eeaad9c1f08d70743e2d2983e50fbb6,ETH,phishing_drainer,scamsniffer,phishing,,
0xc8b27cc7d20b15acdeaf6002f30af358f741fefc,ETH,phishing_drainer,scamsniffer,phishing,,
0xc8bfd14b558a9265eb2405ea55f26a42cff8b569,ETH,phishing_drainer,scamsniffer,phishing,,
0xc8d5db247dc9cdb1981194e1e73aaee15b1ffbae,ETH,phishing_drainer,scamsniffer,phishing,,
0xc8e15585ed23d2c08b3d7a845060a3050261568b,ETH,phishing_drainer,scamsniffer,phishing,,
0xc8e1c269d2c0754777c500a1af7235b55a570c34,ETH,phishing_drainer,scamsniffer,phishing,,
0xc8f5c61d021b4faf2121e7684c134ed714fcd162,ETH,phishing_drainer,scamsniffer,phishing,,
0xc91a056426017e91bc7fd5c5ca62faa2c1a3191e,ETH,phishing_drainer,scamsniffer,phishing,,
0xc91f3b858bcc316c96426d0f390df70aa5bee39b,ETH,phishing_drainer,scamsniffer,phishing,,
0xc92312b746580cfe9cfcb918e2ce07cd782f7772,ETH,phishing_drainer,scamsniffer,phishing,,
0xc9354047126a48196c0e24a6663d411855584295,ETH,phishing_drainer,scamsniffer,phishing,,
0xc94c714c607d4e74aa78a1e6e6cb536ca4bd56a9,ETH,phishing_drainer,scamsniffer,phishing,,
0xc95d488dc46af6bb7aafb7a283c627667526a193,ETH,phishing_drainer,scamsniffer,phishing,,
0xc965465517a9af291041dd54176680d743a8994a,ETH,phishing_drainer,scamsniffer,phishing,,
0xc96f12f7308e095e84ad71697661f10c6876ae3b,ETH,phishing_drainer,scamsniffer,phishing,,
0xc974913de4a4dcd0749ac1be8f05ed08e7309762,ETH,phishing_drainer,scamsniffer,phishing,,
0xc97ddc36e15e4c98d5c19245110391eb9c97ef4f,ETH,phishing_drainer,scamsniffer,phishing,,
0xc9862ddd2b64c5d32ab1b7a0cebd8547e87f4015,ETH,phishing_drainer,scamsniffer,phishing,,
0xc98e603a92415cf76614a4af05ca741ec3fb0447,ETH,phishing_drainer,scamsniffer,phishing,,
0xc9984286393f8b564473f682f34bde4898049d31,ETH,phishing_drainer,scamsniffer,phishing,,
0xc9985b5a8dd93f5f015a8a2e91fae331d5a3a8fd,ETH,phishing_drainer,scamsniffer,phishing,,
0xc9b667fae8bc814700b778f155a3229b34053f44,ETH,phishing_drainer,scamsniffer,phishing,,
0xc9c3c335a4b0a46267008f2efc4a0a5c522390fd,ETH,phishing_drainer,scamsniffer,phishing,,
0xc9ca30b4b7dc3f2d9f3a618ba411c049d2f5fce6,ETH,phishing_drainer,scamsniffer,phishing,,
0xc9e39017d5f659b090bf58be1288a4ba0889db4b,ETH,phishing_drainer,scamsniffer,phishing,,
0xc9eafc2a971ae0088d269627054c4a5cd691fe5c,ETH,phishing_drainer,scamsniffer,phishing,,
0xc9f6d0f9dce4c67f13bdda7a1b2be7aa1c3ff124,ETH,phishing_drainer,scamsniffer,phishing,,
0xca0498f384e73c8a3fce9183ed5b8b123bd18c3c,ETH,phishing_drainer,scamsniffer,phishing,,
0xca16d13d5eed95f200426a9fe7a71d52a88948ab,ETH,phishing_drainer,scamsniffer,phishing,,
0xca3b50eb1fa334b53a6bb3a604a792f21920acf5,ETH,phishing_drainer,scamsniffer,phishing,,
0xca3de1be318758b38e73e26735bf68073a9b8316,ETH,phishing_drainer,scamsniffer,phishing,,
0xca65425694a5c21129075e48eb3f7879bb85654b,ETH,phishing_drainer,scamsniffer,phishing,,
0xca820a77b37dbfa376d7466490aa7679c508bec1,ETH,phishing_drainer,scamsniffer,phishing,,
0xca86010bed5f5d50deab2793dc9cafda5145052c,ETH,phishing_drainer,scamsniffer,phishing,,
0xca8f81beae40e8a91aa74ca0c810731cb6dd9cac,ETH,phishing_drainer,scamsniffer,phishing,,
0xca97140644fd1ba65e337b59caaf637616d5f9a6,ETH,phishing_drainer,scamsniffer,phishing,,
0xca98f11729895dec59b614cc9c7432bf4b9e8e8d,ETH,phishing_drainer,scamsniffer,phishing,,
0xcaa597ce9cb641812fbb82092918a7b50d6a442b,ETH,phishing_drainer,scamsniffer,phishing,,
0xcab2fd99e002fb29e4ac6aacda371971de1f6bf8,ETH,phishing_drainer,scamsniffer,phishing,,
0xcab47488a742d20260be255f452175fe36646522,ETH,phishing_drainer,scamsniffer,phishing,,
0xcac344446338c50825f10de1c55b7e6558f865fd,ETH,phishing_drainer,scamsniffer,phishing,,
0xcacf918ce680dddac7655a440b95e85955302b9a,ETH,phishing_drainer,scamsniffer,phishing,,
0xcad5230d7c8ca75786e225918757d23e7a7498ce,ETH,phishing_drainer,scamsniffer,phishing,,
0xcad74065587d6d3ed2299fb120fbcb9f48ad5ccd,ETH,phishing_drainer,scamsniffer,phishing,,
0xcae40ee8d99b4abe4d88bf759e326f37ee43ce80,ETH,phishing_drainer,scamsniffer,phishing,,
0xcafa11ab425425d7986be974d7b9a38ec058320a,ETH,phishing_drainer,scamsniffer,phishing,,
0xcafdbdcfc075d0b68f2b319ae01aabe40c63a7ff,ETH,phishing_drainer,scamsniffer,phishing,,
0xcb3af88ca756a9fe3478862be8f40c11d6b09729,ETH,phishing_drainer,scamsniffer,phishing,,
0xcb48ef95d3aaa3cb82b10fb1f5ef281b1d208e7a,ETH,phishing_drainer,scamsniffer,phishing,,
0xcb562568d2db9a7d79646d4e9d354f37061fa860,ETH,phishing_drainer,scamsniffer,phishing,,
0xcb699c11b81ceb56c16392e71c3330607a1894d0,ETH,phishing_drainer,scamsniffer,phishing,,
0xcb6bd32eb87a47cccda73b81f3e2e87847ac9147,ETH,phishing_drainer,scamsniffer,phishing,,
0xcb718e76f4f9a7f8d37562c9c38fd50740647fc8,ETH,phishing_drainer,scamsniffer,phishing,,
0xcb75cba24b40fc8a556f751184fd3efe3c67ffef,ETH,phishing_drainer,scamsniffer,phishing,,
0xcb7d876dda6b20b29ac969f90f542c44302bea68,ETH,phishing_drainer,scamsniffer,phishing,,
0xcb804f75f641bc6a876aa0b682c1e3d6fcac2a07,ETH,phishing_drainer,scamsniffer,phishing,,
0xcb861d4538cd4cc37f0b66c6d2ea1c5f983f4870,ETH,phishing_drainer,scamsniffer,phishing,,
0xcb95f216c144daa2aef966083ac5c2b745a76194,ETH,phishing_drainer,scamsniffer,phishing,,
0xcbaab3bc7d8fdc7020e7a636a7f3bda66026d833,ETH,phishing_drainer,scamsniffer,phishing,,
0xcbb9a1d126043ef84b66d94fedec31568f60cc1a,ETH,phishing_drainer,scamsniffer,phishing,,
0xcbc3bcaf1340870d5b40df4bd468509939c8ec67,ETH,phishing_drainer,scamsniffer,phishing,,
0xcbd032dcc07c226122710af02e4320f7ec601182,ETH,phishing_drainer,scamsniffer,phishing,,
0xcbf2b45684aa61085667961a7419ef5bc3187938,ETH,phishing_drainer,scamsniffer,phishing,,
0xcbfbf7f86637dbfbf119fb6fe2cb5da5e6feff39,ETH,phishing_drainer,scamsniffer,phishing,,
0xcc068ee1004adaa2ca5760e29b2ef657c74a401e,ETH,phishing_drainer,scamsniffer,phishing,,
0xcc0b488dba202cb0945df6c49a1edd69705cb2b8,ETH,phishing_drainer,scamsniffer,phishing,,
0xcc0e37b5684db9d204fedf669fdeb505dfa4336e,ETH,phishing_drainer,scamsniffer,phishing,,
0xcc3ee5ab82949e84132e790e63a4105b9b599823,ETH,phishing_drainer,scamsniffer,phishing,,
0xcc5fca73c5f5e8cb1e3a5e3420652ec369cf6c56,ETH,phishing_drainer,scamsniffer,phishing,,
0xcc6a6d6aa339d28ab8e0f944f208c0dc42320c8e,ETH,phishing_drainer,scamsniffer,phishing,,
0xcc9419c7b222381fa8bb1e2062bd82421960e295,ETH,phishing_drainer,scamsniffer,phishing,,
0xcc97db15a4393cb9a69657b2d37eda78bfbedc53,ETH,phishing_drainer,scamsniffer,phishing,,
0xcca3791ad3d340ac1e507c83bdd445039427657b,ETH,phishing_drainer,scamsniffer,phishing,,
0xccd315031d722a725fe28e0c5958800b21e8fba1,ETH,phishing_drainer,scamsniffer,phishing,,
0xccfd29158dfc8320cdd4b7ce7a3373805cfdda6e,ETH,phishing_drainer,scamsniffer,phishing,,
0xcd19e61f5305da0425e3016ddcf1fca10e818063,ETH,phishing_drainer,scamsniffer,phishing,,
0xcd3505aae3a2ea3967beff85e65cee1dc993378c,ETH,phishing_drainer,scamsniffer,phishing,,
0xcd3c8f4fd25d96913ee69e03564dfde9237b1cce,ETH,phishing_drainer,scamsniffer,phishing,,
0xcd3cb83f1e66ce11d84c0da516cdbe5e20c72711,ETH,phishing_drainer,scamsniffer,phishing,,
0xcd4d1c5c02a7e6dbaf85bcf504e6b8877cd05a55,ETH,phishing_drainer,scamsniffer,phishing,,
0xcd4d7ac2676443e375d677fbac163e5f368b4c74,ETH,phishing_drainer,scamsniffer,phishing,,
0xcd684ab735835f5886bbc075369b5b3ad1b9c0f1,ETH,phishing_drainer,scamsniffer,phishing,,
0xcd6bd4fcf5b4707263cf5aaa70ab7bee46f82adc,ETH,phishing_drainer,scamsniffer,phishing,,
0xcd6de743664a347fda30c792371ae3b578aa6b83,ETH,phishing_drainer,scamsniffer,phishing,cabalacreepz.co,
0xcd70d93adb2d3678f95f967f2166704c53778715,ETH,phishing_drainer,scamsniffer,phishing,,
0xcd9c8bf857042783c9f5d1e86f442ceeda8576dc,ETH,phishing_drainer,scamsniffer,phishing,,
0xcda312245c903a0726ba5a821b325257a30c95e5,ETH,phishing_drainer,scamsniffer,phishing,,
0xcda4b8f0c4be7259f86de4082d6a85fa1635d2fe,ETH,phishing_drainer,scamsniffer,phishing,,
0xcda74277521bdc29eeca86bacce49297026e631b,ETH,phishing_drainer,scamsniffer,phishing,,
0xcdb7889422b2303fef8bed8ee0882aaa35f0a844,ETH,phishing_drainer,scamsniffer,phishing,,
0xcdb94670ae9b985287363190cc3e9ca46610b685,ETH,phishing_drainer,scamsniffer,phishing,,
0xcdc1824fb8594d74ad8986df7dd086d6c89d7d56,ETH,phishing_drainer,scamsniffer,phishing,,
0xcdcd8230785c422b3d748579a7906c7a1ef89fc9,ETH,phishing_drainer,scamsniffer,phishing,,
0xcdef7727a8df46b4c38ea914aa69abdbf4aa7404,ETH,phishing_drainer,scamsniffer,phishing,,
0xcdef9447127c9aa9fbc838ae6c8df93a7502fe9e,ETH,phishing_drainer,scamsniffer,phishing,,
0xce064d7145a30c5aea11e64b77723bccf12b779e,ETH,phishing_drainer,scamsniffer,phishing,,
0xce13e353c28de15b833db719fc07cd1a7791f8bb,ETH,phishing_drainer,scamsniffer,phishing,,
0xce1669c8dcef50b5823fdfe1a390be2a6a8548fa,ETH,phishing_drainer,scamsniffer,phishing,,
0xce2183fd7e7d296bb9857b39883aaf6f253b70d6,ETH,phishing_drainer,scamsniffer,phishing,,
0xce314217f2aac04d22cfb6d2d3ee7a5ec9061c17,ETH,phishing_drainer,scamsniffer,phishing,,
0xce48aedc08088f0e948e441c6f818c463dd87629,ETH,phishing_drainer,scamsniffer,phishing,,
0xce4a6e12b3d189a291d018dbf7fa7eeba8d1a39f,ETH,phishing_drainer,scamsniffer,phishing,,
0xce5472a25d61eeb717f3de6e18f6b8e9801243e3,ETH,phishing_drainer,scamsniffer,phishing,,
0xce60c29e93cb7bfce7cd7cb6a761b614acb9538f,ETH,phishing_drainer,scamsniffer,phishing,,
0xce6866f1277cb9de625573efe8da9f4686b3faf1,ETH,phishing_drainer,scamsniffer,phishing,,
0xce82c1fc11e1f96723d93570735c095aaf380733,ETH,phishing_drainer,scamsniffer,phishing,,
0xce846169145904fc4e646f9ac89e37435b51a57f,ETH,phishing_drainer,scamsniffer,phishing,,
0xce8ea6ab837c177a96c8a41d389382a66eac58f4,ETH,phishing_drainer,scamsniffer,phishing,,
0xce9314700065542801f568ad8403030c973c9c0c,ETH,phishing_drainer,scamsniffer,phishing,,
0xce9fef27a8f33884b2b6c065afedfcb8d6fd904e,ETH,phishing_drainer,scamsniffer,phishing,,
0xcea0f1fad75e62dcf89ab18d6566482916baa65c,ETH,phishing_drainer,scamsniffer,phishing,artblocks-october.io,
0xced5341d789c7eb5eb37e528bd7580f731fb4b0d,ETH,phishing_drainer,scamsniffer,phishing,,
0xcee7cc3e9f4e4284626969f288ffaa63e3acbb0d,ETH,phishing_drainer,scamsniffer,phishing,,
0xceef23a5b2b95a289bf4152a40e792a695596656,ETH,phishing_drainer,scamsniffer,phishing,,
0xcef2b803ea968d8103da6b24f816b75bb805802d,ETH,phishing_drainer,scamsniffer,phishing,,
0xcf0f69b09c3ab85b2e0b498dbd8dffd220b3a29d,ETH,phishing_drainer,scamsniffer,phishing,,
0xcf2a7ce8cb124cfb25768620c72023c0a60f6f56,ETH,phishing_drainer,scamsniffer,phishing,,
0xcf310ca0d1d9a2261bb016262f97f75bdfd25a9c,ETH,phishing_drainer,scamsniffer,phishing,,
0xcf3a0f47c6474b05617cbbbc6826e1d9de133517,ETH,phishing_drainer,scamsniffer,phishing,,
0xcf3c0fe422b20a92466f3457eb89b167486e6253,ETH,phishing_drainer,scamsniffer,phishing,,
0xcf6624f604222056be37332e594856e829197d89,ETH,phishing_drainer,scamsniffer,phishing,,
0xcfb6cf271f61870098eaaa11081057b944233eef,ETH,phishing_drainer,scamsniffer,phishing,,
0xcfbf4a7b6b872b4aa5dfe03cbe89939b44c0eb98,ETH,phishing_drainer,scamsniffer,phishing,,
0xcfdc67738d88c395e06efb4b25dc4f71805c1533,ETH,phishing_drainer,scamsniffer,phishing,,
0xcfe3b948e8bd94d4f22b900a88825fc1e6695956,ETH,phishing_drainer,scamsniffer,phishing,,
0xcff143a8b4a6127c3d37201e27112ac7f8612d6d,ETH,phishing_drainer,scamsniffer,phishing,,
0xd00e81dcbf8600ea04845a2b128566b76c5e9b60,ETH,phishing_drainer,scamsniffer,phishing,,
0xd01c6036e2a832fd3ce566b8e2f934f8c60e53c2,ETH,phishing_drainer,scamsniffer,phishing,,
0xd01eeabc7f5fa2574e237ba02f2430cd6226901e,ETH,phishing_drainer,scamsniffer,phishing,,
0xd030308a2ac47d4d7c456acafe9ea4c20fdbebda,ETH,phishing_drainer,scamsniffer,phishing,,
0xd042bef470d4e51ebfd009aa7a40afbc0cb0946e,ETH,phishing_drainer,scamsniffer,phishing,,
0xd044b9999ae25ce76a0ef6bcea9950a254cbf076,ETH,phishing_drainer,scamsniffer,phishing,,
0xd05ad33117098b6250853b77d6e4ae07689e09cc,ETH,phishing_drainer,scamsniffer,phishing,,
0xd05e5aeee3ba028d63d38d7cb254a86068d3bf00,ETH,phishing_drainer,scamsniffer,phishing,,
0xd0621aec753afe99be5e8334d703bcf43b3e0044,ETH,phishing_drainer,scamsniffer,phishing,,
0xd06824c47878421440fa6516ba087a0583a9e3a7,ETH,phishing_drainer,scamsniffer,phishing,,
0xd075bf8193196c68cec8e5ee487c938b2ceeb401,ETH,phishing_drainer,scamsniffer,phishing,,
0xd0a364bf7dff2ed4ecb435a2e58a4b6d7778bf7c,ETH,phishing_drainer,scamsniffer,phishing,,
0xd0c5fa8d30b983f5fa3c925039e7307c034dc4a2,ETH,phishing_drainer,scamsniffer,phishing,,
0xd0c6f7fcf5203bd37394291028f4ce80acdbabe6,ETH,phishing_drainer,scamsniffer,phishing,,
0xd0f0008cf87c4071d646baed86fb379b1c122576,ETH,phishing_drainer,scamsniffer,phishing,,
0xd0f06126855f5118a2d0e0cb9e57e7088ec84a40,ETH,phishing_drainer,scamsniffer,phishing,,
0xd10471a6f98be2fa63e8678b1067ee10b151ae22,ETH,phishing_drainer,scamsniffer,phishing,,
0xd10aec9ee7a5450b33f05a3543d7bda33d5add76,ETH,phishing_drainer,scamsniffer,phishing,,
0xd10dd2ba1929c0e59456e89ecd436187696188e7,ETH,phishing_drainer,scamsniffer,phishing,,
0xd120bc52d73a0f75320be40f23c762b3725e231b,ETH,phishing_drainer,scamsniffer,phishing,,
0xd12cbd7987e391a55686894ec84cac1ae05a6048,ETH,phishing_drainer,scamsniffer,phishing,,
0xd133dccf9ba55b84b660eb5330f64d4ab6dafe75,ETH,phishing_drainer,scamsniffer,phishing,,
0xd13797007bae65320c78f4ae92f5f595769d441f,ETH,phishing_drainer,scamsniffer,phishing,,
0xd13b093eafa3878de27183388fea7d0d2b0abf9e,ETH,phishing_drainer,scamsniffer,phishing,,
0xd1426e1b8d7e938f0036a60966c43effa117feb9,ETH,phishing_drainer,scamsniffer,phishing,,
0xd14e0972b774f6956ceb46eb32b7772c8551d6be,ETH,phishing_drainer,scamsniffer,phishing,,
0xd154ae1e290ae30772baaef8a3ce6603a910534f,ETH,phishing_drainer,scamsniffer,phishing,,
0xd166225fc80f97d1d912f1c9c98ee776fe726fa3,ETH,phishing_drainer,scamsniffer,phishing,,
0xd17552cb589f3fbc2ddf479170b36849d3c56fdc,ETH,phishing_drainer,scamsniffer,phishing,,
0xd18b2b8af867bbaa7a9d211a922397ec49d560ec,ETH,phishing_drainer,scamsniffer,phishing,,
0xd19c346476f168a0fa97eed0e39180f204da5c15,ETH,phishing_drainer,scamsniffer,phishing,,
0xd1a86cf78798eba600223e509b5c5989d7c1ce79,ETH,phishing_drainer,scamsniffer,phishing,,
0xd1aa7276f96c126f32187682defdf2ab8a972e1e,ETH,phishing_drainer,scamsniffer,phishing,,
0xd1b3882c1d9abc78c5fb9b9ea3bafeaa7bba3265,ETH,phishing_drainer,scamsniffer,phishing,,
0xd1df2a97c6ceef845d8a751a793a27d6c040deef,ETH,phishing_drainer,scamsniffer,phishing,,
0xd1fb34b96ab3855d9949037c85ab0274a8740ac5,ETH,phishing_drainer,scamsniffer,phishing,,
0xd204da2439fb41e69fc44fd579e19d681b41e403,ETH,phishing_drainer,scamsniffer,phishing,,
0xd2089ff4e050a29e85fb5a447f83628e2a697555,ETH,phishing_drainer,scamsniffer,phishing,,
0xd230bdb5b53b5b82161fab45d1cd9c6649b1bfb0,ETH,phishing_drainer,scamsniffer,phishing,,
0xd2356c12b2962a2a218870ab5c0c2a0ff480325f,ETH,phishing_drainer,scamsniffer,phishing,,
0xd23939ab8fd3d875e94ac05ab1026d2509415bdc,ETH,phishing_drainer,scamsniffer,phishing,,
0xd23e368689ad3faba1817d220a56068e9527b600,ETH,phishing_drainer,scamsniffer,phishing,,
0xd24cc484003bfbabf5fefef5daa869b137f61fe9,ETH,phishing_drainer,scamsniffer,phishing,,
0xd2613e6e8818967349b8eef41584aaa908a450cb,ETH,phishing_drainer,scamsniffer,phishing,,
0xd2758bcb74e34433ec602d3c86b866e1594ffad5,ETH,phishing_drainer,scamsniffer,phishing,,
0xd28a956cffc85900a6f22dd7d38d77a68faa8d28,ETH,phishing_drainer,scamsniffer,phishing,doodles-legendary.com,
0xd28d4ae7dd8fd3dab898f5f9e03e7f8552d38b46,ETH,phishing_drainer,scamsniffer,phishing,,
0xd2bc8e2af8b98701fdac23ccb30a1bcdcb2f8875,ETH,phishing_drainer,scamsniffer,phishing,,
0xd2c4b19229df42ad4b5c195e1e5c728d260382c9,ETH,phishing_drainer,scamsniffer,phishing,,
0xd2de285bff16440977e6b529b3a79c55130193a8,ETH,phishing_drainer,scamsniffer,phishing,,
0xd2e247ceca9981883472d19e20ed32ee8b94e014,ETH,phishing_drainer,scamsniffer,phishing,,
0xd2e3d6e00b5a1d199962afc8bd9822b37758214c,ETH,phishing_drainer,scamsniffer,phishing,,
0xd2e9667e0de2b6b5899fa9530ec5c823f5c0fa43,ETH,phishing_drainer,scamsniffer,phishing,,
0xd307e99b79c4cb290a9d4583ac3b31df39e06ffb,ETH,phishing_drainer,scamsniffer,phishing,,
0xd313bd618d061b727b6203ebacef98a42086178f,ETH,phishing_drainer,scamsniffer,phishing,multipad-pro.org,
0xd31f1b528d39b320871be5bbd8bae20c888244f2,ETH,phishing_drainer,scamsniffer,phishing,,
0xd32e70b9fe755c70bdb52642bb3c5cacf9455634,ETH,phishing_drainer,scamsniffer,phishing,,
0xd355a82af09172c1f10351984a7f0ebf39a4043e,ETH,phishing_drainer,scamsniffer,phishing,,
0xd359ecd66d76bb942c4370e77e5bc0e24291b002,ETH,phishing_drainer,scamsniffer,phishing,,
0xd3647794b7d97a002a696743a1a5a67a2936abd2,ETH,phishing_drainer,scamsniffer,phishing,,
0xd37126e3be921d56bc010d17c4772bacc4e813c7,ETH,phishing_drainer,scamsniffer,phishing,,
0xd38a24706d512eb2f77cf9951205251e048cef4d,ETH,phishing_drainer,scamsniffer,phishing,,
0xd38e66d4176ece009fb767bc705e9d91fc1e7641,ETH,phishing_drainer,scamsniffer,phishing,,
0xd3b0ad4afeb0f576395406f92f8c4c4cb6b61785,ETH,phishing_drainer,scamsniffer,phishing,,
0xd3d6de64e9e14581ecd8051cdb49b1c6ec1f4ad7,ETH,phishing_drainer,scamsniffer,phishing,,
0xd3ed4e39917805550a3fe4bfbc02455fee945e9d,ETH,phishing_drainer,scamsniffer,phishing,,
0xd41732785f3eb9e3f4152045261ec77bfcb82d08,ETH,phishing_drainer,scamsniffer,phishing,,
0xd422b783ea64f4d30c3531daceb31870c9ac2e61,ETH,phishing_drainer,scamsniffer,phishing,,
0xd433d2ad730cff25f36782faae4cdf855b9f5134,ETH,phishing_drainer,scamsniffer,phishing,,
0xd47ca2e3fc205671245dd63e176d2a6108c58815,ETH,phishing_drainer,scamsniffer,phishing,,
0xd480b21d93ff4745a2fbaeb5d313a36dcd4be929,ETH,phishing_drainer,scamsniffer,phishing,,
0xd48c85b5d44bf0146bc8572201a20b924a8bda49,ETH,phishing_drainer,scamsniffer,phishing,,
0xd48e6da7903cedc25a3ba5a0bab7ac55e86a010b,ETH,phishing_drainer,scamsniffer,phishing,,
0xd4aea62e2dd222760829742f7fee6e4147c86dbd,ETH,phishing_drainer,scamsniffer,phishing,,
0xd4c1566963d9441f529a8aea732812d7d889cc4d,ETH,phishing_drainer,scamsniffer,phishing,,
0xd4d5a4fb4c46a6a8b9a7b0ca17be96e1f054bd2c,ETH,phishing_drainer,scamsniffer,phishing,,
0xd4e8f78106c05170f7f43bc0c0a6fd176e4c5727,ETH,phishing_drainer,scamsniffer,phishing,,
0xd4eef30348d31abf2d8d40eef505c2a5cdc50160,ETH,phishing_drainer,scamsniffer,phishing,,
0xd4fcad05e35fb298a6a4167b522fbda550836f71,ETH,phishing_drainer,scamsniffer,phishing,,
0xd508af4133128d8acd749184bdbf9f9b09aff68b,ETH,phishing_drainer,scamsniffer,phishing,,
0xd50d84e52d0df090787c03a09767a1e7889b09d5,ETH,phishing_drainer,scamsniffer,phishing,,
0xd51ec1eef089e58e21b84842ab3fb20d6c107d56,ETH,phishing_drainer,scamsniffer,phishing,,
0xd52e9fcb6ab9ba8270de2183e781d98e44f1d8e1,ETH,phishing_drainer,scamsniffer,phishing,,
0xd538c424e1f854419d4f6cc2687f2c64589ea6b4,ETH,phishing_drainer,scamsniffer,phishing,,
0xd55320b0d1156c9d4bbe7c4572c6fadf310b1ce2,ETH,phishing_drainer,scamsniffer,phishing,,
0xd56021870ae23435db27c196f96d13d608edcd05,ETH,phishing_drainer,scamsniffer,phishing,,
0xd56b2105b23fd333d8ad70081b68245f5a7f3e77,ETH,phishing_drainer,scamsniffer,phishing,,
0xd56c2056d33b74877d4a524beccd352b65d006bd,ETH,phishing_drainer,scamsniffer,phishing,,
0xd57e3ef66d65297f2ae2466a9aa900a157d9375a,ETH,phishing_drainer,scamsniffer,phishing,,
0xd589c772cdb8474aaa847a90d9f236fc9bdcd6c5,ETH,phishing_drainer,scamsniffer,phishing,,
0xd59c700aef88a0219572a9eecea5be0619d305ca,ETH,phishing_drainer,scamsniffer,phishing,,
0xd59f94657e6cfd40d3de192cb7d5074941395efd,ETH,phishing_drainer,scamsniffer,phishing,,
0xd5a03fa3f983ad229cc062d9c74310731bf08f25,ETH,phishing_drainer,scamsniffer,phishing,,
0xd5b6e0aeacf4b17fa522e783a0e82029138111e1,ETH,phishing_drainer,scamsniffer,phishing,,
0xd5b9fdc57fb8b7d40afb94558761707a43a4e2f3,ETH,phishing_drainer,scamsniffer,phishing,,
0xd5cbc5fc254585a4bbc1e195fa86afe43ed0ed21,ETH,phishing_drainer,scamsniffer,phishing,,
0xd5dea80bef02942c9787434b804b7202697623a4,ETH,phishing_drainer,scamsniffer,phishing,,
0xd5e71d5aab68d465a66b8c1da47e35151cae8788,ETH,phishing_drainer,scamsniffer,phishing,,
0xd5efeed9a64265c4b5f6d6a06b8714923c68c322,ETH,phishing_drainer,scamsniffer,phishing,,
0xd60d9fb23c258f62338c27c7bb80834b14a4978f,ETH,phishing_drainer,scamsniffer,phishing,,
0xd613efbccfdc65ba5606061d20fcb0904c224ebd,ETH,phishing_drainer,scamsniffer,phishing,,
0xd61dbf9c2ac47e243dd08f52f269974841d39d0b,ETH,phishing_drainer,scamsniffer,phishing,,
0xd6298a38308bd5de2dc280f201d6919f8cb915c2,ETH,phishing_drainer,scamsniffer,phishing,,
0xd646aa1928c28bb2d498bf05e57da7ea9b9dd7ee,ETH,phishing_drainer,scamsniffer,phishing,,
0xd67580f10d3740342113c2451be45a557ebab42e,ETH,phishing_drainer,scamsniffer,phishing,,
0xd6812abf14d0c1e5571431f7ec35dd17a47c4aae,ETH,phishing_drainer,scamsniffer,phishing,,
0xd688f63104a91e350068938a008f1e28c9602d27,ETH,phishing_drainer,scamsniffer,phishing,,
0xd698402c42e07eaec5d6847a470e5758db823827,ETH,phishing_drainer,scamsniffer,phishing,,
0xd6998adb67f28447791795054f3f575ed839492b,ETH,phishing_drainer,scamsniffer,phishing,,
0xd6b8c482c1f06265223b8bd0ad6efbf1214a9287,ETH,phishing_drainer,scamsniffer,phishing,,
0xd6c2726efa2f71de1e27410992c5fc68526d9576,ETH,phishing_drainer,scamsniffer,phishing,,
0xd6c7fa76d8035d4eebadf67e8853228018574bae,ETH,phishing_drainer,scamsniffer,phishing,,
0xd6d60b0aef43c6054681ee5e6066ecacc137485a,ETH,phishing_drainer,scamsniffer,phishing,,
0xd6d98c58eecc6c8209c44abf3ebb342b8876aa93,ETH,phishing_drainer,scamsniffer,phishing,,
0xd6eb59c6d8bfa7249694543682f84df869cc3756,ETH,phishing_drainer,scamsniffer,phishing,,
0xd7000a32931eab1e456c074f0dbf30c7a838857e,ETH,phishing_drainer,scamsniffer,phishing,,
0xd71ad2dc5f42eaf0285e1e49161c2e5164fa8332,ETH,phishing_drainer,scamsniffer,phishing,,
0xd7544b54a43bf745855edb2b2a20c1fdee3d1afc,ETH,phishing_drainer,scamsniffer,phishing,,
0xd75f9c64dcfa53e892affa64493a9189d50abfe8,ETH,phishing_drainer,scamsniffer,phishing,,
0xd76483dc5ca302b36e573a3961bdf613a2e00a71,ETH,phishing_drainer,scamsniffer,phishing,,
0xd7694264c87b864d32b2f4bd14f07b5cdd60a100,ETH,phishing_drainer,scamsniffer,phishing,,
0xd7904f1fd33396f6ed3e8aa64406ca365966181b,ETH,phishing_drainer,scamsniffer,phishing,,
0xd7ac12b479c4f3e62d9e8c713626cbb976cb110d,ETH,phishing_drainer,scamsniffer,phishing,,
0xd7b77ae96295e8a63512bad16a86127685308b53,ETH,phishing_drainer,scamsniffer,phishing,,
0xd7c52bc12165064668b14ee604f2be308a43165d,ETH,phishing_drainer,scamsniffer,phishing,,
0xd7cf8f30c1f26a392cfee289ac4a2f114ee8ca2b,ETH,phishing_drainer,scamsniffer,phishing,defi-chains.org,
0xd7dadbc826664af79319c0b989f02f405ddb0339,ETH,phishing_drainer,scamsniffer,phishing,,
0xd7e90c823e142a5464439a48a9d3702c50789d38,ETH,phishing_drainer,scamsniffer,phishing,,
0xd7e98eac5bab2c09f9019bcdf46a609d1ceb6035,ETH,phishing_drainer,scamsniffer,phishing,,
0xd805ee45f0ff684109b71bcfb6e4927b6774d1fd,ETH,phishing_drainer,scamsniffer,phishing,,
0xd8080d82aab00b5273e3c9b39e059e82d6c5142f,ETH,phishing_drainer,scamsniffer,phishing,,
0xd8276eb3d27e6af013398711f710ceb76d51d22f,ETH,phishing_drainer,scamsniffer,phishing,,
0xd82acc4d3852cec05ffb5c3e5c02595eee6666fd,ETH,phishing_drainer,scamsniffer,phishing,,
0xd82eaf68309ef983516198aefb6d18fe207e6898,ETH,phishing_drainer,scamsniffer,phishing,,
0xd834c3346e27f5d5b1c76896d79b167fb7480bb2,ETH,phishing_drainer,scamsniffer,phishing,,
0xd86f378396f9e3adb13c23121f1e16e62e0078a8,ETH,phishing_drainer,scamsniffer,phishing,,
0xd8729735ab13cf9e09c199ae6eb772b25a3c89f8,ETH,phishing_drainer,scamsniffer,phishing,,
0xd8770e115b9fdc20c9143a8d2435242c3dc0e324,ETH,phishing_drainer,scamsniffer,phishing,,
0xd8985dc563808510336c32198b031558263a4223,ETH,phishing_drainer,scamsniffer,phishing,,
0xd8a0f8d1ed54b5edebe38026228f334f2f98c295,ETH,phishing_drainer,scamsniffer,phishing,,
0xd8ae532f8bdb44f1e5a66d627b2c6c80d3388535,ETH,phishing_drainer,scamsniffer,phishing,,
0xd8ecdabee9112b2ca43e9554ea1ac1030d186c79,ETH,phishing_drainer,scamsniffer,phishing,,
0xd8f7719c6f686d1ca7cdba8a012ef3f82851e7ab,ETH,phishing_drainer,scamsniffer,phishing,,
0xd90f4010d38d9093f90011df4971597c5e3af2ab,ETH,phishing_drainer,scamsniffer,phishing,,
0xd912e41aecacbed3514356053dc737bf18f552ca,ETH,phishing_drainer,scamsniffer,phishing,,
0xd92951fa1eb41e3956e99752064b66908e683e2c,ETH,phishing_drainer,scamsniffer,phishing,,
0xd93f3d6417753f69253f67d6a45e04750abfd770,ETH,phishing_drainer,scamsniffer,phishing,,
0xd9480d925e283ebfac31877c5ddbd978185dff72,ETH,phishing_drainer,scamsniffer,phishing,,
0xd94e3334861e24439b8b6069598a9ffd8add3c34,ETH,phishing_drainer,scamsniffer,phishing,,
0xd95588bd76f00ee5ab9c0b304f4f9bacf46c807a,ETH,phishing_drainer,scamsniffer,phishing,,
0xd95889bc28bf3440f34a7e0610e7371247935b09,ETH,phishing_drainer,scamsniffer,phishing,,
0xd96c8ae2e14943a16c9934747ae25cc7084903aa,ETH,phishing_drainer,scamsniffer,phishing,,
0xd97f212c69c03f7dce5e56c380f1694e3101ea77,ETH,phishing_drainer,scamsniffer,phishing,,
0xd980ecabef881c083317de4c0396d6e7658b3ca0,ETH,phishing_drainer,scamsniffer,phishing,,
0xd998ebfcc64ffdce1ba9630285aebecd3bfae413,ETH,phishing_drainer,scamsniffer,phishing,,
0xd9c7217be8370e8cc370c84d3e4c00a295c8dd23,ETH,phishing_drainer,scamsniffer,phishing,,
0xd9d49546c9353f6ebfd6ee28c6db506ca0645381,ETH,phishing_drainer,scamsniffer,phishing,,
0xd9da38c311f0425bc104a0c8fef2a2e24deeb13e,ETH,phishing_drainer,scamsniffer,phishing,,
0xd9e6abb3487cf0d1672152d14b938c3f34520f7c,ETH,phishing_drainer,scamsniffer,phishing,,
0xd9ed23ce3848ed47e47a06d8a3ac9279cd1902d4,ETH,phishing_drainer,scamsniffer,phishing,,
0xd9f9300b2e1fa0eaf404d015736021d45af616c0,ETH,phishing_drainer,scamsniffer,phishing,,
0xda06ce2f48089939dcca58dcc28b59cf08f3eb15,ETH,phishing_drainer,scamsniffer,phishing,,
0xda07c1b3a841a046357870210542c543e3829869,ETH,phishing_drainer,scamsniffer,phishing,,
0xda142632466f164ac5a508e01fc42f6945bcc9a1,ETH,phishing_drainer,scamsniffer,phishing,,
0xda26c3adbeaec4afa3f80fe2ddaeb5bc6220b88d,ETH,phishing_drainer,scamsniffer,phishing,,
0xda28f44ea62159235f59a10a25beac89f1d9daea,ETH,phishing_drainer,scamsniffer,phishing,,
0xda3c984aa23c1d45bd424771238435aee37bbd1a,ETH,phishing_drainer,scamsniffer,phishing,,
0xda3ffd3fbaa65e04eab0511dc8064effe86f1f85,ETH,phishing_drainer,scamsniffer,phishing,,
0xda4ae08632855123dd23572e18491ff145ed6140,ETH,phishing_drainer,scamsniffer,phishing,,
0xda666a4a812bce743b08a88e9162bc7ae94eb9c6,ETH,phishing_drainer,scamsniffer,phishing,,
0xda7773726786caf41eb5343bf06fb66d2f9ce9f5,ETH,phishing_drainer,scamsniffer,phishing,,
0xda8ad01f363169f97b8bf33c0a5998f2181af318,ETH,phishing_drainer,scamsniffer,phishing,x2y2y.com,
0xda8adf82405c32cd057572def9468dc1c127d7b2,ETH,phishing_drainer,scamsniffer,phishing,,
0xda9f3d7cc8329f15bba901700c8bcb62fa9dfa66,ETH,phishing_drainer,scamsniffer,phishing,,
0xdaa1efbc174030235e5a3b64a3fe6980ff918f15,ETH,phishing_drainer,scamsniffer,phishing,,
0xdaab778a37763fd5d72e03d41f514d5d9b867474,ETH,phishing_drainer,scamsniffer,phishing,,
0xdaafe441a69375eed23cc00f69afe645ec4b52cf,ETH,phishing_drainer,scamsniffer,phishing,,
0xdabf90969a65d71a2c4a7259eace6483878c0009,ETH,phishing_drainer,scamsniffer,phishing,,
0xdac17f958d2ee523a2206206994597c13d831ec7,ETH,phishing_drainer,scamsniffer,phishing,www.claimreward.fun,
0xdacea04a43eaf3c5a6f171cdfbd9ae7447faf325,ETH,phishing_drainer,scamsniffer,phishing,v3punks.io,
0xdacfbda08f8ec9d857f7baa4d76aabdb243a11ac,ETH,phishing_drainer,scamsniffer,phishing,,
0xdad38a577e187a684bb751537262f67118fd0408,ETH,phishing_drainer,scamsniffer,phishing,,
0xdaef4f0b250ae81093d1e55d5af21e1db1a84c48,ETH,phishing_drainer,scamsniffer,phishing,,
0xdb2263464a83330c2724b9f757ff4db135125be7,ETH,phishing_drainer,scamsniffer,phishing,,
0xdb2dfeddd270b1b2a5e817dfc51e30ba638199c3,ETH,phishing_drainer,scamsniffer,phishing,,
0xdb37a36b16214b500b1836243e7880cff7b76b7c,ETH,phishing_drainer,scamsniffer,phishing,,
0xdb3e9c73d2613b1cad05021df14bb424bc4002f1,ETH,phishing_drainer,scamsniffer,phishing,,
0xdb4e0ffe53374470b3d5c2e559a7707cf7c492ed,ETH,phishing_drainer,scamsniffer,phishing,,
0xdb6042cb095f966459ce20046931544414f84799,ETH,phishing_drainer,scamsniffer,phishing,,
0xdb7082fe40090964e5364cf9d0b2ff7d0a7614dc,ETH,phishing_drainer,scamsniffer,phishing,,
0xdb789fd1d874544f5def146073bd70b830ab2230,ETH,phishing_drainer,scamsniffer,phishing,,
0xdb98eafb04718aa02cc53d758d136b6a7b26405f,ETH,phishing_drainer,scamsniffer,phishing,,
0xdba78d6f236401e5c353206229752c81dbe7f4fd,ETH,phishing_drainer,scamsniffer,phishing,,
0xdbaf8e6cedcb1b63905a603dac3e52356b8fc65f,ETH,phishing_drainer,scamsniffer,phishing,,
0xdbce0cb09536c3408e7d9c8051a7eb7cbc33f719,ETH,phishing_drainer,scamsniffer,phishing,,
0xdbd6e33cb6534ee5a9dbb818f908c5df6c561aea,ETH,phishing_drainer,scamsniffer,phishing,,
0xdbd895b56e12e126b52be182412eed8f1398114f,ETH,phishing_drainer,scamsniffer,phishing,,
0xdbdd8d8340f59e30e05b3cb3fb96a0b79f4a597c,ETH,phishing_drainer,scamsniffer,phishing,,
0xdbddbc2b2be722237174aa163ca422069aa2862e,ETH,phishing_drainer,scamsniffer,phishing,,
0xdbe5bfab65294149e596694a71939e6a7e349cd8,ETH,phishing_drainer,scamsniffer,phishing,,
0xdc0b6b3bcd52469e1a7219c59a0c5da1a1978f02,ETH,phishing_drainer,scamsniffer,phishing,,
0xdc0ece1cc95f35f2ae43094df4df3636cc30246c,ETH,phishing_drainer,scamsniffer,phishing,,
0xdc1bd763ad168be481b88c1d009816c7dfbe332e,ETH,phishing_drainer,scamsniffer,phishing,,
0xdc21d2862e80e9308f1df80f09085af7e8c69445,ETH,phishing_drainer,scamsniffer,phishing,,
0xdc38ba8fc8572a8c71130bfb800fd3b36015babe,ETH,phishing_drainer,scamsniffer,phishing,,
0xdc4d51d732a7c8e90727eb3628c89ef655a25ec5,ETH,phishing_drainer,scamsniffer,phishing,,
0xdc4e37f7565b127e9ebf1b406e528a5a41e6f840,ETH,phishing_drainer,scamsniffer,phishing,,
0xdc51348d5d3a919bab6e20c1908b8d034f3deec3,ETH,phishing_drainer,scamsniffer,phishing,,
0xdc54ddeae33a65a232622ede8f7e30c7bd0b0f9e,ETH,phishing_drainer,scamsniffer,phishing,,
0xdc5789598bae0103f6cab6c97ec2f28bf3562d31,ETH,phishing_drainer,scamsniffer,phishing,,
0xdc6a26a14202bda7fce9036d53ca410d3405d02d,ETH,phishing_drainer,scamsniffer,phishing,,
0xdc726d4394b1918323caeed8c12d64c049634758,ETH,phishing_drainer,scamsniffer,phishing,,
0xdc961cf2f71dd0ab4f83ea294dbfef1970ae15c6,ETH,phishing_drainer,scamsniffer,phishing,,
0xdc9bc901de1c0eb3ee7209982601d44f11cb376c,ETH,phishing_drainer,scamsniffer,phishing,,
0xdca8afd802a10fed52bcbd831dc37b3e19265a6d,ETH,phishing_drainer,scamsniffer,phishing,,
0xdcaa3dccf04f1d926fa6860ea9778a923d336fd7,ETH,phishing_drainer,scamsniffer,phishing,,
0xdcc7405fd6be09886de55087b07b0f361f77c87a,ETH,phishing_drainer,scamsniffer,phishing,,
0xdcc8dddd0968583aaccf5918ff42ef33f9f78fb1,ETH,phishing_drainer,scamsniffer,phishing,,
0xdcc91b29aa9795d2a4859294b98e8abb580ecaf1,ETH,phishing_drainer,scamsniffer,phishing,,
0xdccc88ef3b2b025eb6220da8fe582e29dd664b78,ETH,phishing_drainer,scamsniffer,phishing,,
0xdcd2b5ba4b36f7c056228fcf1d34dc63ea998a3a,ETH,phishing_drainer,scamsniffer,phishing,,
0xdcdcf1f321ae47eebbe94f695483529d03e52395,ETH,phishing_drainer,scamsniffer,phishing,,
0xdcedeada026a23d3b868b05750f65fe01b791970,ETH,phishing_drainer,scamsniffer,phishing,,
0xdd052e4c7930d48110a415fb55cf737d974ab85a,ETH,phishing_drainer,scamsniffer,phishing,,
0xdd0d00e51b8625a745fbb12cf203e85b04cc62e8,ETH,phishing_drainer,scamsniffer,phishing,,
0xdd127d479fbf30313cea5ac68bc37a06fa53d72b,ETH,phishing_drainer,scamsniffer,phishing,,
0xdd1e5fad1b867499bfb1987bb783a17ced9a1171,ETH,phishing_drainer,scamsniffer,phishing,,
0xdd27021aba7df15108dee094e287bc2973c6d371,ETH,phishing_drainer,scamsniffer,phishing,,
0xdd2919e355dd49e635caa943ab8ddd495eb1db64,ETH,phishing_drainer,scamsniffer,phishing,,
0xdd29cb3e95d6c4635eaa1144dece4ac3a8413d0d,ETH,phishing_drainer,scamsniffer,phishing,,
0xdd3ac65301c5e27042a57e9d3242026222546e8a,ETH,phishing_drainer,scamsniffer,phishing,,
0xdd404975a5c0c84f5f4a451502deaf67521e28fe,ETH,phishing_drainer,scamsniffer,phishing,,
0xdd40676d4f0dd78221bd70b4e927caaa81c181e4,ETH,phishing_drainer,scamsniffer,phishing,,
0xdd5df90d12ea9f4c1aaef439253e1b51c90a48f2,ETH,phishing_drainer,scamsniffer,phishing,,
0xdd6cf6483fe5d948e0aeee94d94b8c98f055d1b0,ETH,phishing_drainer,scamsniffer,phishing,,
0xdd80e1c9d978bd98e102395503350d10576edcc9,ETH,phishing_drainer,scamsniffer,phishing,,
0xdd892ea715d508a9b8187aa8aabdad6d16477323,ETH,phishing_drainer,scamsniffer,phishing,,
0xdd9e71c77b8384c6a70bb0872f770a13389274b5,ETH,phishing_drainer,scamsniffer,phishing,,
0xdda8ccd65bad3d638e6e9e16ea42680f30c7f8a0,ETH,phishing_drainer,scamsniffer,phishing,,
0xddaae84c577b5d25876de1f509773059c6e20ea7,ETH,phishing_drainer,scamsniffer,phishing,,
0xdddaa474d75e736a54080a229e6e101acbb0d7ab,ETH,phishing_drainer,scamsniffer,phishing,,
0xde18e75d48bf142fc84ea2cdeae08fdae9102dea,ETH,phishing_drainer,scamsniffer,phishing,,
0xde2c31c9728ac89ec53f744e2f6e87afbb4545d7,ETH,phishing_drainer,scamsniffer,phishing,,
0xde47d6a4e5e8811dff94d9990b9cbd7b98c907da,ETH,phishing_drainer,scamsniffer,phishing,,
0xde4ef3bd75dcbf83f43dbb9b071a48b1451e0183,ETH,phishing_drainer,scamsniffer,phishing,,
0xde5e6a6c63ac5d8ea38752034cdad8c919d78670,ETH,phishing_drainer,scamsniffer,phishing,,
0xde878a5ae8a0f1c8f59fdef91d55f7a45bb16829,ETH,phishing_drainer,scamsniffer,phishing,,
0xdeaae160a1ca73999eacffee50e381aa52df457d,ETH,phishing_drainer,scamsniffer,phishing,,
0xdeaf1e151430c146a5044cc2fe12749bd772bbaf,ETH,phishing_drainer,scamsniffer,phishing,,
0xdeb57d3432f30fc3697e9fca8158b6c27027a7c7,ETH,phishing_drainer,scamsniffer,phishing,,
0xdebcd6708e93276a74410632426e14c7fbc2b860,ETH,phishing_drainer,scamsniffer,phishing,,
0xded703c6d32fa9899438663327399bd45353a094,ETH,phishing_drainer,scamsniffer,phishing,,
0xdefa315324ac0109f244cd2965b1f61d79a142db,ETH,phishing_drainer,scamsniffer,phishing,,
0xdf0de6986b60bbd4226ecf456c681929d6dac98d,ETH,phishing_drainer,scamsniffer,phishing,,
0xdf1812480ea31c5a111731c5d1087b6970d3c2b0,ETH,phishing_drainer,scamsniffer,phishing,,
0xdf40f5cadb5194a362d48c4f481bad857711bc58,ETH,phishing_drainer,scamsniffer,phishing,,
0xdf414f693be58e6d2788066ec388ae0136eca9ae,ETH,phishing_drainer,scamsniffer,phishing,,
0xdf44d2d78038f0b0b4a8a6ce449f54bc24e1474a,ETH,phishing_drainer,scamsniffer,phishing,,
0xdf4d1235d7e11807413f7bd7997a5bed5d24c49b,ETH,phishing_drainer,scamsniffer,phishing,,
0xdf5c6c3d439eed77cca22c56197d41009157e725,ETH,phishing_drainer,scamsniffer,phishing,,
0xdf6b296c92a21e6e519bbf1687fac5f8206aea59,ETH,phishing_drainer,scamsniffer,phishing,,
0xdf6f1a930e7a680f0cbcbcadfb1665529ec11a78,ETH,phishing_drainer,scamsniffer,phishing,dudulab.netlify.app,
0xdf6f7de40c9b8614eb080260aa658fb99adc8916,ETH,phishing_drainer,scamsniffer,phishing,,
0xdf860c6faf6bbc6cd915c9d22e0a1aa8757997fb,ETH,phishing_drainer,scamsniffer,phishing,,
0xdf86b09ac88bf718d8180f661c82d031c105670f,ETH,phishing_drainer,scamsniffer,phishing,,
0xdf932bc5e68391b4fb93968cb87226176a2b629d,ETH,phishing_drainer,scamsniffer,phishing,,
0xdf97aaec23ce2fe7a40327990d1fa606a91296fc,ETH,phishing_drainer,scamsniffer,phishing,,
0xdfc8712f825d64c86537d25d81e8516c009b9c0b,ETH,phishing_drainer,scamsniffer,phishing,,
0xdfcd11d7c64b32714b53111515601cdd8ad6fc20,ETH,phishing_drainer,scamsniffer,phishing,,
0xdfce1e0eca059e5ea66ce0925277925203ab970d,ETH,phishing_drainer,scamsniffer,phishing,,
0xdfdc0b1cf8e9950d6a860af6501c4fecf7825cc1,ETH,phishing_drainer,scamsniffer,phishing,,
0xdfeeb33be04b53fab2db0c4b429f27680cbb34f3,ETH,phishing_drainer,scamsniffer,phishing,,
0xdff751b71949b2b00cbb1a313dc2c1c6f2d5687d,ETH,phishing_drainer,scamsniffer,phishing,,
0xdffbae5e4366e136486e948c687483f3374fcff9,ETH,phishing_drainer,scamsniffer,phishing,,
0xe00381c4904005f84998a43343357b56327d262b,ETH,phishing_drainer,scamsniffer,phishing,,
0xe00b37127c711010e26249d141190ea3f3bc7d48,ETH,phishing_drainer,scamsniffer,phishing,,
0xe0105f89dd139a0339f84838558a96d449b51ecc,ETH,phishing_drainer,scamsniffer,phishing,,
0xe01a28cefde7cd3510c103fd67f9c91bf6fccef9,ETH,phishing_drainer,scamsniffer,phishing,legendarydoodles.app,
0xe02e955a3f168cffcce973999ba95b6fe5426f0f,ETH,phishing_drainer,scamsniffer,phishing,,
0xe04140b62b464a73dbe3a65afc93493674700af6,ETH,phishing_drainer,scamsniffer,phishing,,
0xe0607a3938a73992d61cae1a4ea8b6dcfb9472cc,ETH,phishing_drainer,scamsniffer,phishing,,
0xe060a50caacd04e50e66cca80f76962584140874,ETH,phishing_drainer,scamsniffer,phishing,,
0xe0b7f31f10d9b0572fb60e2fe37d8a6a493aab6b,ETH,phishing_drainer,scamsniffer,phishing,,
0xe0ce8577cbe16e11cac4158ec62b9f8a561c3616,ETH,phishing_drainer,scamsniffer,phishing,,
0xe0d761d62c5f007bc420c9b081fe8d838418e32e,ETH,phishing_drainer,scamsniffer,phishing,,
0xe0efe47a819227403080935adb9800a10efc7a86,ETH,phishing_drainer,scamsniffer,phishing,,
0xe10da2c1edac5e2061b19b3504a7608142d96f59,ETH,phishing_drainer,scamsniffer,phishing,,
0xe12480618c1bd7cf43a616c8a430b210e37fcf3b,ETH,phishing_drainer,scamsniffer,phishing,,
0xe12b168f78e80d3ebfb509f425f22f7beff1bc6e,ETH,phishing_drainer,scamsniffer,phishing,,
0xe12d30b77c5bcf56ffb072a73058ae20dd2612be,ETH,phishing_drainer,scamsniffer,phishing,,
0xe13f907f807f784d35e0d1285f52a52076c0ae6c,ETH,phishing_drainer,scamsniffer,phishing,,
0xe13fdc319237695dbb357fa6d71b5f612efa193f,ETH,phishing_drainer,scamsniffer,phishing,,
0xe1468752a20c4204dc328effdd47af20596d70f6,ETH,phishing_drainer,scamsniffer,phishing,,
0xe154b2270b6a72094769ebdafb9e729741ca7ac1,ETH,phishing_drainer,scamsniffer,phishing,,
0xe176c9ee9c6f404a7e6407faf4ffcc2a3a2c1912,ETH,phishing_drainer,scamsniffer,phishing,,
0xe17722256bb1106801d6ebe286f93986cca14ab7,ETH,phishing_drainer,scamsniffer,phishing,,
0xe18548933bf85e6b20ed2e7ee3508c03f1634d6c,ETH,phishing_drainer,scamsniffer,phishing,,
0xe18da714c66403e41b098436607759c749ee759e,ETH,phishing_drainer,scamsniffer,phishing,,
0xe19656b4799feb85c29076042be7a15673a007b1,ETH,phishing_drainer,scamsniffer,phishing,,
0xe1b7608e1f94fdc282411d90dfcd7a6307c82e53,ETH,phishing_drainer,scamsniffer,phishing,,
0xe1baeaa9c7155ba2b713c5888f848554c46bc9bc,ETH,phishing_drainer,scamsniffer,phishing,,
0xe1bce5fca191aa8be34f750ef3af8442dc200e46,ETH,phishing_drainer,scamsniffer,phishing,,
0xe1c4718c3d6ed83bf72a8a67cb7b61f39d9af643,ETH,phishing_drainer,scamsniffer,phishing,,
0xe1d8ee60ed60d6e31aed8286fed0864f26898458,ETH,phishing_drainer,scamsniffer,phishing,,
0xe1eba1b8c9e8339ca2a2474c5121fddf8a9fdd3c,ETH,phishing_drainer,scamsniffer,phishing,,
0xe1fa70e115e1c29886ff038661e178ae09233e87,ETH,phishing_drainer,scamsniffer,phishing,,
0xe22271d666bf6c879734d66803c36d08c38f3e25,ETH,phishing_drainer,scamsniffer,phishing,,
0xe23383d212539deb20cc063610e0f9b5779c7811,ETH,phishing_drainer,scamsniffer,phishing,,
0xe23628b070d29a3cee26f1bb3290780941556a8b,ETH,phishing_drainer,scamsniffer,phishing,,
0xe2423d038f98a09b59afc0f98cc0fbf08969d817,ETH,phishing_drainer,scamsniffer,phishing,,
0xe24fb042e6766b92f51e2b90988ee3d3da9112d5,ETH,phishing_drainer,scamsniffer,phishing,,
0xe25331408143e434873ba628b48dd9e07f2f4349,ETH,phishing_drainer,scamsniffer,phishing,,
0xe258e101a01e84da434e945b295cf02f28d76c30,ETH,phishing_drainer,scamsniffer,phishing,,
0xe28f22a7cfb29d0033eef076709851cb069cdd4a,ETH,phishing_drainer,scamsniffer,phishing,,
0xe2af483b202ad9d6b2dcf766741e86a8c137d556,ETH,phishing_drainer,scamsniffer,phishing,,
0xe2d6e434f21312aae4a252d030dd4d0d1ad48691,ETH,phishing_drainer,scamsniffer,phishing,,
0xe3032c76f98af487db9570a6c73d5c5bc32e84c1,ETH,phishing_drainer,scamsniffer,phishing,,
0xe320025b0c229c33b814880626c625b6310a7254,ETH,phishing_drainer,scamsniffer,phishing,,
0xe334dfd881df87df9763ccefaeeb2c9c84a5af58,ETH,phishing_drainer,scamsniffer,phishing,,
0xe33fcf1ca636ac28550b47a64b13bb29364c20d2,ETH,phishing_drainer,scamsniffer,phishing,,
0xe344dbaa709c52982ecd3bbdd9b690631d127b9a,ETH,phishing_drainer,scamsniffer,phishing,,
0xe356a0392813d64666ba90659e0f517ac51fd70c,ETH,phishing_drainer,scamsniffer,phishing,,
0xe356ae15a39e33a6ae9c4bff5e70bbf320802bdc,ETH,phishing_drainer,scamsniffer,phishing,,
0xe358ee47699f03dadc4ceed89cb10be6609a1344,ETH,phishing_drainer,scamsniffer,phishing,,
0xe359df16debd9dffbd4eab0ecba048aab917c6fa,ETH,phishing_drainer,scamsniffer,phishing,,
0xe36d6371d5742504a8d1679ea7a6aa5d81e82dbb,ETH,phishing_drainer,scamsniffer,phishing,,
0xe3717b5399b2cbe01d295f7b1c1e72618b7b26f8,ETH,phishing_drainer,scamsniffer,phishing,,
0xe38948bdd74b0791f819f195d628753cb5ba991e,ETH,phishing_drainer,scamsniffer,phishing,,
0xe39fcaf5f31827aaeb6390b7e0ebba7cd9cc06c5,ETH,phishing_drainer,scamsniffer,phishing,,
0xe3d77a45330276fccd6f003cbebdbb13a1f76877,ETH,phishing_drainer,scamsniffer,phishing,,
0xe3e35311c808b73a2502a279d175643673be385e,ETH,phishing_drainer,scamsniffer,phishing,,
0xe3e7b69f03a2b650fe444393553016519f417cc7,ETH,phishing_drainer,scamsniffer,phishing,,
0xe3ef9a27eec5c1c7c8812813f16e58be1f06b065,ETH,phishing_drainer,scamsniffer,phishing,,
0xe3f473623783c604e21926e57d58ca479c27d8e8,ETH,phishing_drainer,scamsniffer,phishing,,
0xe3fab8a8d85fbbe19358174bf46b35e22b89f19c,ETH,phishing_drainer,scamsniffer,phishing,,
0xe3fea8f9c97424e5fad95c11a89baaffb157fc17,ETH,phishing_drainer,scamsniffer,phishing,,
0xe40fbedd793007147c1568a270dc9c4b342b6566,ETH,phishing_drainer,scamsniffer,phishing,,
0xe417cdb37fd88840212397e5f5c586a94fcce4e8,ETH,phishing_drainer,scamsniffer,phishing,,
0xe42359230f4afa892f93f3b81ceac1367dd0b904,ETH,phishing_drainer,scamsniffer,phishing,,
0xe4244f235d88b690648cdaa2c45e94addffe12cb,ETH,phishing_drainer,scamsniffer,phishing,,
0xe429b49625ac0c239544faf13d6b1e4cb146192e,ETH,phishing_drainer,scamsniffer,phishing,,
0xe42e42eb06266d2fab1b8e539792efe26a4c3c2d,ETH,phishing_drainer,scamsniffer,phishing,,
0xe43dbcfe0117d6f039ba23427e68e10cf0bfa116,ETH,phishing_drainer,scamsniffer,phishing,,
0xe455395bd3468069e0f506e22e13f61666eba36a,ETH,phishing_drainer,scamsniffer,phishing,,
0xe464da92a137365e0bab6b7b122465a36310bfb3,ETH,phishing_drainer,scamsniffer,phishing,,
0xe47434f1d84a9fa59648ec39bf021a89b5c107a5,ETH,phishing_drainer,scamsniffer,phishing,,
0xe47810989eaf20eeb62f9f08e33c3e162d2f320d,ETH,phishing_drainer,scamsniffer,phishing,,
0xe484a5b7b865fa138a3c3f8e06a02f72168b6a7d,ETH,phishing_drainer,scamsniffer,phishing,,
0xe48a7dbc5925ff20f7aaf25614c364eb9d01c842,ETH,phishing_drainer,scamsniffer,phishing,,
0xe49a090d35566ed79c3a2c665476dcaca57ac01b,ETH,phishing_drainer,scamsniffer,phishing,,
0xe4b7cee4af5016714dd6294e0ad6bbaf42e52787,ETH,phishing_drainer,scamsniffer,phishing,,
0xe4bb1c9ab41bd3cbeebbe431c13952c116c9df93,ETH,phishing_drainer,scamsniffer,phishing,,
0xe4bb57cf97c6248efdaeb495a6123d8adf6f9bf2,ETH,phishing_drainer,scamsniffer,phishing,,
0xe4be4d71019427415ee6af574b43090be3dbf6d5,ETH,phishing_drainer,scamsniffer,phishing,,
0xe4be9c171333171fb2f9e1c593466946d99ebccd,ETH,phishing_drainer,scamsniffer,phishing,,
0xe4c1ad47feace8d1246f8fdcdffcabcc879c4acf,ETH,phishing_drainer,scamsniffer,phishing,,
0xe4e08f22cbb485b82a5af328c24a34cc438ee02d,ETH,phishing_drainer,scamsniffer,phishing,,
0xe4ed6afa78692ec667b32f1fb02cadf848a1df16,ETH,phishing_drainer,scamsniffer,phishing,,
0xe4eee394be21bd1aa4915126f17cc5877c28eb6b,ETH,phishing_drainer,scamsniffer,phishing,,
0xe4f4f6cf3b2320d1081a2f5b2444fdd6fbbe2af9,ETH,phishing_drainer,scamsniffer,phishing,,
0xe504f46ff6db1f2bb958bee9f868ab5e1348c15d,ETH,phishing_drainer,scamsniffer,phishing,,
0xe50a2dbc466d01a34c3e8b7e8e45fce4f7da39e6,ETH,phishing_drainer,scamsniffer,phishing,,
0xe5100c85dc221758d9ceba53cc0e097ccb836ed0,ETH,phishing_drainer,scamsniffer,phishing,,
0xe52331cac0cec1d6b7f0032500fb6aa52c9a3ae6,ETH,phishing_drainer,scamsniffer,phishing,,
0xe53f565e326a08eea805f79ba3b381e7bf8507c7,ETH,phishing_drainer,scamsniffer,phishing,,
0xe555d621020f6aa2cc10d62fe28b41581b15efca,ETH,phishing_drainer,scamsniffer,phishing,,
0xe55623dcea31d5f7bdc352dd1f10cffeaa8d4f6f,ETH,phishing_drainer,scamsniffer,phishing,,
0xe55664dbe2bfa860c4b592874e8e255c28195091,ETH,phishing_drainer,scamsniffer,phishing,,
0xe55adae90316ff3a70446428fd552e29580905f2,ETH,phishing_drainer,scamsniffer,phishing,,
0xe56794d73d666de2956d6d5720935f5c4372eeb9,ETH,phishing_drainer,scamsniffer,phishing,,
0xe56b3fbd7f1bb7e6f35b4d1783e136f73be5d50e,ETH,phishing_drainer,scamsniffer,phishing,,
0xe578f154c0519c64d52105487f3795c579ad6310,ETH,phishing_drainer,scamsniffer,phishing,,
0xe57ff03ecb646121a3a8b4f56c7dccf9815ba838,ETH,phishing_drainer,scamsniffer,phishing,,
0xe586f653f7ddf8d674c6315cd7b195bfadaf963f,ETH,phishing_drainer,scamsniffer,phishing,,
0xe5a1eeca6a9b4b8bb97b2cdb47c5eed796997855,ETH,phishing_drainer,scamsniffer,phishing,,
0xe5bc363412f8963189e89638306810b8018bfcf7,ETH,phishing_drainer,scamsniffer,phishing,,
0xe5c65ab5b67e6c9c4341a9e835bebd63285c4c8a,ETH,phishing_drainer,scamsniffer,phishing,pinaverse.xyz,
0xe5cd1e341ab501e3f0115b52beac941cadc7dce6,ETH,phishing_drainer,scamsniffer,phishing,,
0xe5d9f237133180e06ec102c3675687396e4cbd40,ETH,phishing_drainer,scamsniffer,phishing,,
0xe5dd04d6637bdd9e647aaec5e9045298e19e3bff,ETH,phishing_drainer,scamsniffer,phishing,,
0xe5dde74ad977acdacbf7107540b071ded5886284,ETH,phishing_drainer,scamsniffer,phishing,,
0xe5e5a2926b282a9b19015b212cf2974bdf5bba08,ETH,phishing_drainer,scamsniffer,phishing,,
0xe601c884843a075c44c2c0b37144cabda8f241bc,ETH,phishing_drainer,scamsniffer,phishing,,
0xe633b1bdb45c36ef477dd454c64513d36e8b1e13,ETH,phishing_drainer,scamsniffer,phishing,,
0xe642c4ec5a6f9eaa39a6bad70ba1fbf328163376,ETH,phishing_drainer,scamsniffer,phishing,,
0xe64d6de4e2af1dede76f6c574ecf8edc04a8db69,ETH,phishing_drainer,scamsniffer,phishing,,
0xe654df2e2479f8ab0eb57bebda7b9e581578522f,ETH,phishing_drainer,scamsniffer,phishing,,
0xe656123f5b16f573e6cd97edab5bc6e68477b80f,ETH,phishing_drainer,scamsniffer,phishing,,
0xe65ef4be0d676eb6a126a1438034fd0a55956de2,ETH,phishing_drainer,scamsniffer,phishing,,
0xe6705ad0aad45a5f8cc752c5b01565e926f2836c,ETH,phishing_drainer,scamsniffer,phishing,,
0xe67b5f231ebba30b8af36a8a32343a1a93a0d21e,ETH,phishing_drainer,scamsniffer,phishing,,
0xe68522a482041c9f9526180b62b971759d0f7bb7,ETH,phishing_drainer,scamsniffer,phishing,,
0xe68b8c9158d83f4e9ff4816eeadd28a9cc724f85,ETH,phishing_drainer,scamsniffer,phishing,,
0xe68ef95c1a5191d8f71bd6847c4e178ed08c37be,ETH,phishing_drainer,scamsniffer,phishing,,
0xe6933dffb69e07e3ae6e9202590d01c0a24fdc7e,ETH,phishing_drainer,scamsniffer,phishing,,
0xe6a790195690a6ae51b49907eb9a4e3cad02447e,ETH,phishing_drainer,scamsniffer,phishing,,
0xe6b2d077ac5908260d2dabfbc7ce5fdc402a6c61,ETH,phishing_drainer,scamsniffer,phishing,,
0xe6b39db1dc73f0e591eaeddda1f8798dabf836d0,ETH,phishing_drainer,scamsniffer,phishing,,
0xe6b831c7b7b42286279850733f75558f6b6888cc,ETH,phishing_drainer,scamsniffer,phishing,,
0xe6d047a1994d7591087dfbf53a337bb495da8bd8,ETH,phishing_drainer,scamsniffer,phishing,,
0xe6eb09a54e5035fc51cb21133e596197d336d3c6,ETH,phishing_drainer,scamsniffer,phishing,,
0xe6f78ee0ad78d77dbd080bef8a1a56af7f41e22a,ETH,phishing_drainer,scamsniffer,phishing,,
0xe6f9307d3d6e0237528cb81d42fb8600dae4119d,ETH,phishing_drainer,scamsniffer,phishing,mintonft.com,
0xe734d2344327a3bcfec65f5a4aa3790e0aa69862,ETH,phishing_drainer,scamsniffer,phishing,,
0xe73c9658e87121735cd2c552d9137e61ad7efbf5,ETH,phishing_drainer,scamsniffer,phishing,,
0xe73ea34ac4d72400f61c98d842984ce8adefca5e,ETH,phishing_drainer,scamsniffer,phishing,,
0xe7428c5f4bb09d6a8b2aba12af1bdaa5a2b9c750,ETH,phishing_drainer,scamsniffer,phishing,,
0xe7613bbb3bb70912635be122773f5ba4695efa69,ETH,phishing_drainer,scamsniffer,phishing,,
0xe7671cbd52992cbf24f4bd3adaca31b97cf1608d,ETH,phishing_drainer,scamsniffer,phishing,,
0xe76cb9b4a8785f318a525e0b578bbe27f07e9eb2,ETH,phishing_drainer,scamsniffer,phishing,,
0xe76db3199f10a8c1ad25b4c087915d1c8032b06c,ETH,phishing_drainer,scamsniffer,phishing,,
0xe77766393a06bcda53e88958dbbb9795d20e5083,ETH,phishing_drainer,scamsniffer,phishing,rtfkt-drops.com,
0xe77e93c9c27002e7ea5fe182914eda2e3e758dc7,ETH,phishing_drainer,scamsniffer,phishing,,
0xe77f60c814c199ee4559b78e80194194372e219e,ETH,phishing_drainer,scamsniffer,phishing,,
0xe7a91ae10ca5419b8bcafdedce6c1c72508d1cb1,ETH,phishing_drainer,scamsniffer,phishing,,
0xe7c524f9dd9576a2dc5c020122f12fba2e68b29a,ETH,phishing_drainer,scamsniffer,phishing,,
0xe7cb1c645babf81607d91adeaf266ef8202d165f,ETH,phishing_drainer,scamsniffer,phishing,,
0xe7d42b6229731263c5bebd80aa91af33925631b7,ETH,phishing_drainer,scamsniffer,phishing,,
0xe7ebb56edf0cc4108060309e4cdd906448b7701d,ETH,phishing_drainer,scamsniffer,phishing,,
0xe83d2c540669851b4b0306c46e3e4965354248f7,ETH,phishing_drainer,scamsniffer,phishing,,
0xe840fef2ed77504b96b5bbcf4dcd577f381daffd,ETH,phishing_drainer,scamsniffer,phishing,,
0xe87d805c20c6013dd1883e7edce342f1efd26939,ETH,phishing_drainer,scamsniffer,phishing,,
0xe89046c747961a46762cd7593f57e2c586dc0d12,ETH,phishing_drainer,scamsniffer,phishing,,
0xe89884d9f1743ec12dfac444034406715699c181,ETH,phishing_drainer,scamsniffer,phishing,,
0xe8b64212ccba2bbb6bc3b7fb424a695c88388ce5,ETH,phishing_drainer,scamsniffer,phishing,,
0xe8bfafe723a691f3b6d574ed79a05ef5ea117870,ETH,phishing_drainer,scamsniffer,phishing,,
0xe8c358a1f8847bbdd231176338f035ddd330b24b,ETH,phishing_drainer,scamsniffer,phishing,,
0xe8c5d3243b5c9677583049aedb223b4f73b7c10c,ETH,phishing_drainer,scamsniffer,phishing,,
0xe8c8b0285a0b1db01d584984df9cd378335a5ca7,ETH,phishing_drainer,scamsniffer,phishing,,
0xe8cdaf69adedcaa61616de3394bcce5c691465e8,ETH,phishing_drainer,scamsniffer,phishing,,
0xe8d20921738ebb9f38c416cafd49ec406646e4f9,ETH,phishing_drainer,scamsniffer,phishing,,
0xe8f825b6003ef5738f41c2fecb0043112959b64a,ETH,phishing_drainer,scamsniffer,phishing,,
0xe8ff7ea39a86954fc7639814e291cb3eb0bbad52,ETH,phishing_drainer,scamsniffer,phishing,,
0xe90773a66e9c71e3bd2e30474acff591529b97e7,ETH,phishing_drainer,scamsniffer,phishing,,
0xe90dd80112b5859032ffc9b4a4891aea60a35fba,ETH,phishing_drainer,scamsniffer,phishing,,
0xe920078d9c867b202f771506d216b95057ccc3a0,ETH,phishing_drainer,scamsniffer,phishing,,
0xe933fa07f0a8b04ad93742a69b9bcd51d77420eb,ETH,phishing_drainer,scamsniffer,phishing,,
0xe9441766a8f01423f891d8b0395f2071f4d67504,ETH,phishing_drainer,scamsniffer,phishing,,
0xe94a4f74f1962ecb970bd677de4a5a78b299be73,ETH,phishing_drainer,scamsniffer,phishing,,
0xe9564ed7e9b74c236856ffc7a1cb8ddea1a7e36d,ETH,phishing_drainer,scamsniffer,phishing,,
0xe9786aff8703fa3f8816867e2d6278be8d122ce4,ETH,phishing_drainer,scamsniffer,phishing,,
0xe97a60f5d34da4f68bc1f1b9ce2c19ec1a33e928,ETH,phishing_drainer,scamsniffer,phishing,,
0xe983a68892fcdce95c4eb2d141d8456e1e702025,ETH,phishing_drainer,scamsniffer,phishing,,
0xe9852df43c7d6355d1c417017ea457731242812c,ETH,phishing_drainer,scamsniffer,phishing,,
0xe995269255777303ea6800ba0351c055c0c264b8,ETH,phishing_drainer,scamsniffer,phishing,,
0xe9979c071e8d8ce04b917a6e88f1c82d8d8e5b89,ETH,phishing_drainer,scamsniffer,phishing,,
0xe9b01a715c17080a4fd8182cfc2e77595f7c62ce,ETH,phishing_drainer,scamsniffer,phishing,,
0xe9c201331118b497844daba84c55da31fb8b5ee9,ETH,phishing_drainer,scamsniffer,phishing,,
0xe9e6049d4a1eeb306690bb6ec18bab3215c25751,ETH,phishing_drainer,scamsniffer,phishing,,
0xea0ead526ea8e291a906d0085c4c89d20074d3e4,ETH,phishing_drainer,scamsniffer,phishing,,
0xea1d0217bcaca4ef04b91a0924c14173f09073d2,ETH,phishing_drainer,scamsniffer,phishing,,
0xea2663450920267c7acb7dfb17be14585adf88e3,ETH,phishing_drainer,scamsniffer,phishing,,
0xea3c38b8074c46459b12ee920416db19dc0d7753,ETH,phishing_drainer,scamsniffer,phishing,,
0xea59d61040dc83c0688fc2eabe3538085eabb31b,ETH,phishing_drainer,scamsniffer,phishing,,
0xea6d048cbefc210ad43695d98e526b377aaeb2f1,ETH,phishing_drainer,scamsniffer,phishing,,
0xea90da6dc0f84cb0c6016cf9cdeda9782a46f9d8,ETH,phishing_drainer,scamsniffer,phishing,,
0xeab51eb84e25673054a64030e31988c8b0418cbd,ETH,phishing_drainer,scamsniffer,phishing,,
0xeab5fd5c3c781514c1264730fcfd8420e6df6e8e,ETH,phishing_drainer,scamsniffer,phishing,,
0xeabdc32dc3904ae02b8c71a41ae16b23e7bd3d8b,ETH,phishing_drainer,scamsniffer,phishing,,
0xead28eca1eadf62ef82c594bb767f8e952864a8c,ETH,phishing_drainer,scamsniffer,phishing,,
0xead4a700245bb9498d17834e49a2f11125aefe78,ETH,phishing_drainer,scamsniffer,phishing,,
0xead4d841206ba163b2ddebfd6f014fa7ed5f005c,ETH,phishing_drainer,scamsniffer,phishing,,
0xeafba64991b9f1646a5ac64968357b461733a30f,ETH,phishing_drainer,scamsniffer,phishing,,
0xeb15b8e2920285f0c78592e850d64e3b07969a71,ETH,phishing_drainer,scamsniffer,phishing,,
0xeb39d2fc0e8b1a12a7a91d1fffbaa4222f4bc9f0,ETH,phishing_drainer,scamsniffer,phishing,,
0xeb3cc4672da028107ff79cd8841d6b63707aebd9,ETH,phishing_drainer,scamsniffer,phishing,,
0xeb3eb49e93e2c0c45dbc4a53af73cfeadaa9f66b,ETH,phishing_drainer,scamsniffer,phishing,,
0xeb45156afec97cbfd51f0464251e044ed4689c72,ETH,phishing_drainer,scamsniffer,phishing,,
0xeb5033f62c8f94dc69a208513ed1c13dd7643e89,ETH,phishing_drainer,scamsniffer,phishing,,
0xeb74194525baaf86e422f14a8c0ffc32c868819c,ETH,phishing_drainer,scamsniffer,phishing,,
0xeb837b09ae9835905b4ae64829b0a58576d96636,ETH,phishing_drainer,scamsniffer,phishing,,
0xeb83847453902d624118bb707c58cdbde58c9908,ETH,phishing_drainer,scamsniffer,phishing,,
0xeb8a76b8c320053f147b4c1483dbe99e9f88641d,ETH,phishing_drainer,scamsniffer,phishing,,
0xeb946bc1f203c19e5d5e284e35b95774ca4661a4,ETH,phishing_drainer,scamsniffer,phishing,,
0xebb3795c764d396d22b59a2f7375f4ff70eca637,ETH,phishing_drainer,scamsniffer,phishing,,
0xebca295e309e3bed2695dbc2a04d22cbd1bd6bad,ETH,phishing_drainer,scamsniffer,phishing,,
0xec02bd65ad5ea4d4ac4d6774bb47b8f8dcc36b93,ETH,phishing_drainer,scamsniffer,phishing,,
0xec176199f3d33ef82e6d96fa9ee61820343bb4e7,ETH,phishing_drainer,scamsniffer,phishing,,
0xec2a84a0d06b3ff2a5dc2cd86b159a39d1eb8371,ETH,phishing_drainer,scamsniffer,phishing,,
0xec31449e1ded40bf56a091dcc8958c4946a57e6b,ETH,phishing_drainer,scamsniffer,phishing,,
0xec407b5ea5f486a3a80a1108a31b3eb37b6bc94f,ETH,phishing_drainer,scamsniffer,phishing,,
0xec4f11ab6e7e62a135431b82156cc730fdb97d19,ETH,phishing_drainer,scamsniffer,phishing,,
0xec5036854815d42a4528aa8eb6e8c41c43c0713f,ETH,phishing_drainer,scamsniffer,phishing,,
0xec56ac6a0af69f394e80f541afe0fec8c102f6aa,ETH,phishing_drainer,scamsniffer,phishing,,
0xec580b53801eacd4a1cee628ee5f676a8d519d0d,ETH,phishing_drainer,scamsniffer,phishing,,
0xec6e6043bdc7a2af5c73e599f11dca4b6412dcfb,ETH,phishing_drainer,scamsniffer,phishing,,
0xec6f463714e19ab22c122edb03f7ac8a50f35272,ETH,phishing_drainer,scamsniffer,phishing,,
0xec73a20b2670edba471615fe9c4b0cb2590dc644,ETH,phishing_drainer,scamsniffer,phishing,,
0xec7c67263b5ee969b132b0b3f2bebbd0631963ed,ETH,phishing_drainer,scamsniffer,phishing,,
0xeca888a9f4bc0e52cca10e6f1451fc0d642ae8ba,ETH,phishing_drainer,scamsniffer,phishing,,
0xecd15d3fa5c77a7e4be6281ff6de6e2f23facb5a,ETH,phishing_drainer,scamsniffer,phishing,,
0xecd3eacbd71408fb5ac05aa34f1b24572651d0b5,ETH,phishing_drainer,scamsniffer,phishing,,
0xecde12419524c2a834c0fb8bbd70fecbb2999385,ETH,phishing_drainer,scamsniffer,phishing,,
0xecf5ef3de06c46adefb0640ebb44d37ca0de9eba,ETH,phishing_drainer,scamsniffer,phishing,,
0xed02f7fe2edca53837262ffdaf00f76bbc718c1d,ETH,phishing_drainer,scamsniffer,phishing,,
0xed25a3fe82ef1364dcccf9476a2a0c48bfb1a94c,ETH,phishing_drainer,scamsniffer,phishing,,
0xed2acaeeff41c1c78266930d83f7a8eeebebded2,ETH,phishing_drainer,scamsniffer,phishing,,
0xed2d7f3ab585d7edbe50c682f0ffd3708f7a1208,ETH,phishing_drainer,scamsniffer,phishing,,
0xed303aed96d681924e7db98df30aa67964a794ae,ETH,phishing_drainer,scamsniffer,phishing,,
0xed3f9766c191657ef376abb5418e81550a73eb1f,ETH,phishing_drainer,scamsniffer,phishing,,
0xed4efcb53b8323ed55471ea5b86c191242786574,ETH,phishing_drainer,scamsniffer,phishing,,
0xed5afe2de60281d5247bec81e727c2af0b7d9c71,ETH,phishing_drainer,scamsniffer,phishing,,
0xed6f630c0829cb786d8c83aa51eb611143708ec3,ETH,phishing_drainer,scamsniffer,phishing,,
0xed81b91eb84dbfd53a2c29e69b0b4ec259da86fd,ETH,phishing_drainer,scamsniffer,phishing,,
0xeda6c3f790e67bcc80f5eacea6cc1c37d80e46ca,ETH,phishing_drainer,scamsniffer,phishing,,
0xedabd0731d93c68f632360d0cde6e648936474ed,ETH,phishing_drainer,scamsniffer,phishing,,
0xedb75c32b1cffa42743a22218aa0476fcbbf5486,ETH,phishing_drainer,scamsniffer,phishing,,
0xede26742364289d24a3c17d11b293b09ff63db1c,ETH,phishing_drainer,scamsniffer,phishing,,
0xedf70fe7dd89417862bb3b37c8056b80da68dd18,ETH,phishing_drainer,scamsniffer,phishing,,
0xedf9f957ac7ec74636388cde2f313a3ca151d0f1,ETH,phishing_drainer,scamsniffer,phishing,,
0xee159f2ddf07d2cf159db071551fa3152b0f938b,ETH,phishing_drainer,scamsniffer,phishing,,
0xee23459989798bb9fce8291e7011f7cbb3cb1193,ETH,phishing_drainer,scamsniffer,phishing,,
0xee2b7ff408b79a2252ccbf5d11c984d2cded9744,ETH,phishing_drainer,scamsniffer,phishing,,
0xee55dfe9e7a20631ddf015cff6b10309ed553f6f,ETH,phishing_drainer,scamsniffer,phishing,,
0xee5ccd81e2f50cfd03b2e4bf817e3b0ab9047d5b,ETH,phishing_drainer,scamsniffer,phishing,,
0xee683fa3ef35970eb3c32f6e58154cfd690af436,ETH,phishing_drainer,scamsniffer,phishing,,
0xee9260bf473b7d7c3cbaba225e8fbbf075fca58a,ETH,phishing_drainer,scamsniffer,phishing,,
0xee9fa1703d7a70596a274ab2b893b14030b1d476,ETH,phishing_drainer,scamsniffer,phishing,,
0xeea751b3c4319201eeda7baf189408bd6f522d58,ETH,phishing_drainer,scamsniffer,phishing,,
0xeea80b0c0ab366615a0da004c36b06ccc7942768,ETH,phishing_drainer,scamsniffer,phishing,,
0xeed1d45d091ebba9b04142591bbf1b3101d75065,ETH,phishing_drainer,scamsniffer,phishing,,
0xeed4088cc77555908f51fee427211d6cb7dd6e2b,ETH,phishing_drainer,scamsniffer,phishing,,
0xeee495d9fa356175623e227546cbe46dffdaf6f2,ETH,phishing_drainer,scamsniffer,phishing,,
0xeeee798c777fabac70d5aa70406fc808ce200000,ETH,phishing_drainer,scamsniffer,phishing,,
0xeef7e2fad35b009d14b50221106a1dbd98b954c9,ETH,phishing_drainer,scamsniffer,phishing,,
0xef0159e704d06c888a140a50e06b3eab8375b538,ETH,phishing_drainer,scamsniffer,phishing,,
0xef0ff3b644b4423712df74a333a366503f6803ec,ETH,phishing_drainer,scamsniffer,phishing,,
0xef176f8bd53fa98af209bb1e3c8c12fab4deef98,ETH,phishing_drainer,scamsniffer,phishing,,
0xef236a0600dff3fcb55e1c03401cdd1daf6ff71e,ETH,phishing_drainer,scamsniffer,phishing,,
0xef239c44ac981fc343f51e35687ad889f57a7c37,ETH,phishing_drainer,scamsniffer,phishing,,
0xef4b9564581ac0e5635b24a0655e907569e651e8,ETH,phishing_drainer,scamsniffer,phishing,,
0xef52a1f78571d3cd4be7865626733275b3d715ac,ETH,phishing_drainer,scamsniffer,phishing,thesandboxland.org,
0xef6c1a9bc418fabc68494a3fd8a59b7221f760ab,ETH,phishing_drainer,scamsniffer,phishing,,
0xef78641af30cff4a41bfd2871f3a160dceffa428,ETH,phishing_drainer,scamsniffer,phishing,,
0xef9d7a881e8d59db44f77181703636f7a21a5668,ETH,phishing_drainer,scamsniffer,phishing,,
0xefa231063d2f6b95353ac4c0f5435d27fa365f66,ETH,phishing_drainer,scamsniffer,phishing,,
0xefb254aaf01c81c35f41a7beab0193d4f603c556,ETH,phishing_drainer,scamsniffer,phishing,,
0xefd4cf5f580bf311b38fb6ff96aa4ecbe7a5c288,ETH,phishing_drainer,scamsniffer,phishing,,
0xf02a207228e01ef82a5613ae1b4b1e03fccc25fc,ETH,phishing_drainer,scamsniffer,phishing,,
0xf02a6c184f6ca5f4f6d2d27206ecdef605d4fb80,ETH,phishing_drainer,scamsniffer,phishing,,
0xf02ad67d0797164001aa61afeb9c786f712530d9,ETH,phishing_drainer,scamsniffer,phishing,,
0xf02c21668962abba296040c276987ea7fa4d4cc4,ETH,phishing_drainer,scamsniffer,phishing,,
0xf02ee89bcea4b38ce71b10b1f1e7c30b11005791,ETH,phishing_drainer,scamsniffer,phishing,,
0xf0379be6d406e490bee420743b1116e1785bb54a,ETH,phishing_drainer,scamsniffer,phishing,,
0xf05a9a775343de2edb6a808c7e3a6ac8c3d38912,ETH,phishing_drainer,scamsniffer,phishing,,
0xf0acd658ebc0df12bb420832bd3cd07778b35db8,ETH,phishing_drainer,scamsniffer,phishing,,
0xf0b9f6929e6a99a1e32c6a471ec85b9acfb42605,ETH,phishing_drainer,scamsniffer,phishing,,
0xf0bfd2bacfe0c2897c9d78918b8e6766e6eb0ccc,ETH,phishing_drainer,scamsniffer,phishing,,
0xf0daea88c48feb359b653e19699d35013ef789eb,ETH,phishing_drainer,scamsniffer,phishing,,
0xf0e9e43af47a6cb2f978226b410f9ca7bc5dd828,ETH,phishing_drainer,scamsniffer,phishing,,
0xf0f7bdc0f1b3357c9f4db748f72204e3cf39c02a,ETH,phishing_drainer,scamsniffer,phishing,,
0xf12780fe502839a673c79ac98166abab0bbc1f30,ETH,phishing_drainer,scamsniffer,phishing,,
0xf137a3cb39ae6272dc283689e7f4e176699ca7c1,ETH,phishing_drainer,scamsniffer,phishing,,
0xf16f322ccda034aad638c62588c0312d63868bd0,ETH,phishing_drainer,scamsniffer,phishing,,
0xf171f54c086c5968c87668c3c82779cf3317a3d4,ETH,phishing_drainer,scamsniffer,phishing,,
0xf17315034bff9a5049148461f4b6c6cbd0e6d844,ETH,phishing_drainer,scamsniffer,phishing,,
0xf1ba5650a1d9119c8465068df15e35582f074ec8,ETH,phishing_drainer,scamsniffer,phishing,,
0xf1db5adff01b1a6314f989d5775b0b97b0f4bafa,ETH,phishing_drainer,scamsniffer,phishing,,
0xf1ed1ec325dfb8f58434ee2bb362fd5424ab8796,ETH,phishing_drainer,scamsniffer,phishing,,
0xf1f0cc47e0886be0837006193b793b6b91b50f99,ETH,phishing_drainer,scamsniffer,phishing,,
0xf206c8d17520fd9f8209e57eb7d1eb5a71f1fe9e,ETH,phishing_drainer,scamsniffer,phishing,,
0xf2114c725077ee6dfd8bc2ff1492641c548ca5d9,ETH,phishing_drainer,scamsniffer,phishing,,
0xf2134e55dc9ad62a073ec95e582761c61a0912e1,ETH,phishing_drainer,scamsniffer,phishing,,
0xf228bddca3770bbab168e1772d9f23d0d107c356,ETH,phishing_drainer,scamsniffer,phishing,gobblintown.wtf,
0xf2388f790ac052888eee91d8463b257f0b9d2b42,ETH,phishing_drainer,scamsniffer,phishing,,
0xf23beee7394b128f145b030a7112d8fdf44b15e5,ETH,phishing_drainer,scamsniffer,phishing,,
0xf24022c385ef78398807ad601fb2665413d298cd,ETH,phishing_drainer,scamsniffer,phishing,,
0xf27c161fd2d5cb03eee272d15c179778252e88b4,ETH,phishing_drainer,scamsniffer,phishing,,
0xf27e6f33c8f4eb551e79d610e347e9959c0ca2a4,ETH,phishing_drainer,scamsniffer,phishing,,
0xf2832077a1467e7ea362f44ec2e5ee97510ba669,ETH,phishing_drainer,scamsniffer,phishing,,
0xf2922c3780f63aa074115423002d9c5e069ef6d6,ETH,phishing_drainer,scamsniffer,phishing,,
0xf2996b85d5d7f4495ba2fe2331e521ad5091616e,ETH,phishing_drainer,scamsniffer,phishing,,
0xf29e5cdd9afeea81daaf292a6b9ac563ecc1de65,ETH,phishing_drainer,scamsniffer,phishing,,
0xf2a56d4a85d9bcfab7a7bc19d7de0217cda8a1b9,ETH,phishing_drainer,scamsniffer,phishing,,
0xf2ac66d9e7fc51d5d84d5fcfee71f5c9633f7696,ETH,phishing_drainer,scamsniffer,phishing,,
0xf2bfc01f0e4f6724c885165ec4d463d13a4592dc,ETH,phishing_drainer,scamsniffer,phishing,,
0xf2c26e2bb5cbdb6cd6e1573b986a55d9cc1f7e5d,ETH,phishing_drainer,scamsniffer,phishing,,
0xf2cdc4cf92b3c873f4c543c70ce18c5a49f1016b,ETH,phishing_drainer,scamsniffer,phishing,,
0xf310b60ccd8936b867d0c4f61c712c6513f9789e,ETH,phishing_drainer,scamsniffer,phishing,,
0xf318de50705639dd9784835e0b5d7a600d568834,ETH,phishing_drainer,scamsniffer,phishing,,
0xf318f347d6bcb52251c32f290b07ac63efb24fcc,ETH,phishing_drainer,scamsniffer,phishing,,
0xf32059a1880d22fd5863018b30179d31bd5646e3,ETH,phishing_drainer,scamsniffer,phishing,,
0xf34bd05e24be128a66b7417ed02c77efbc4fcdf9,ETH,phishing_drainer,scamsniffer,phishing,,
0xf3547e4b30cf419199687fe52c4c3c9047551228,ETH,phishing_drainer,scamsniffer,phishing,,
0xf358da5a928cd152226249fa06d580655c66af6f,ETH,phishing_drainer,scamsniffer,phishing,,
0xf35f8853522ac21e6134c7691cc5f3c9ab6b6b62,ETH,phishing_drainer,scamsniffer,phishing,,
0xf3644dd3bbf658e1fcb3618a725183eb56b3399e,ETH,phishing_drainer,scamsniffer,phishing,,
0xf3761fd30a8668eda782f330f1232b0628a0d8eb,ETH,phishing_drainer,scamsniffer,phishing,,
0xf377d7bcc75b5ec14bba6f28f7f64713f47dcc8a,ETH,phishing_drainer,scamsniffer,phishing,,
0xf37aeab06f1e3651cc57c758c3f02154fb572e13,ETH,phishing_drainer,scamsniffer,phishing,www.cryptoaffiliaterewards.com,
0xf38c8c1cfc465f5444a1216218da12b86f85ee7b,ETH,phishing_drainer,scamsniffer,phishing,,
0xf39879f0a8948925ed0c7e2bec5e6c071fb0e798,ETH,phishing_drainer,scamsniffer,phishing,,
0xf3b87938cc132833670dc3463fac19656f3c7425,ETH,phishing_drainer,scamsniffer,phishing,,
0xf3bf9132105eb5ca27e2c5a59fdfcdb6866b4221,ETH,phishing_drainer,scamsniffer,phishing,,
0xf3cc7bf7b8cf56bcbe500ff0af063383f97108f1,ETH,phishing_drainer,scamsniffer,phishing,,
0xf3def1d1262ba9d631cac8bc7b369b446e7f19cd,ETH,phishing_drainer,scamsniffer,phishing,,
0xf3e7f34a1a4db145145bce06e7c2b2c5546ef0c3,ETH,phishing_drainer,scamsniffer,phishing,,
0xf3f412835f04d02b06eb5d8b6d8ec46278e90f94,ETH,phishing_drainer,scamsniffer,phishing,,
0xf431213a605e3d137baa4e2000a084f1a47b2272,ETH,phishing_drainer,scamsniffer,phishing,,
0xf43a816eb705d27e8555b85ab82103b48194444e,ETH,phishing_drainer,scamsniffer,phishing,,
0xf43e1ec7fbd4bb41236a221b344bab843e3d94ae,ETH,phishing_drainer,scamsniffer,phishing,,
0xf45bbd2f2ac49c34e03dc15e90241b94d78ec260,ETH,phishing_drainer,scamsniffer,phishing,,
0xf4740003307476979ed461cb696bbfb37b480ca1,ETH,phishing_drainer,scamsniffer,phishing,,
0xf475b3fe737d6b2ceb56487c463a1bf22773d30a,ETH,phishing_drainer,scamsniffer,phishing,,
0xf4876c7b6f4a5d50b7f3b8bce8df19c5ec505dbf,ETH,phishing_drainer,scamsniffer,phishing,,
0xf49e329f433387f788841e513b2404259c638420,ETH,phishing_drainer,scamsniffer,phishing,,
0xf4e3e3dc470f2d8e3508e7b26a8dc0bfd05238eb,ETH,phishing_drainer,scamsniffer,phishing,,
0xf4ef1875aa8d831a43fd3d0581c80818d94c5299,ETH,phishing_drainer,scamsniffer,phishing,,
0xf4f693b1c92e68711c9b48a5e4be605e073f2a38,ETH,phishing_drainer,scamsniffer,phishing,,
0xf51289e4de4baa02be2197207a77be350bd2caa6,ETH,phishing_drainer,scamsniffer,phishing,,
0xf520d454002eef657a7caaea1e54880e00b9ba8d,ETH,phishing_drainer,scamsniffer,phishing,,
0xf522fe2f0e786c4206a6b4312f112dbc55bebe79,ETH,phishing_drainer,scamsniffer,phishing,,
0xf5362de2ab1339625af5ecc6c2d905ad8ae758ed,ETH,phishing_drainer,scamsniffer,phishing,,
0xf53656409045312755aba5a1d6d62307e985e050,ETH,phishing_drainer,scamsniffer,phishing,,
0xf53d83aa7ff9d26d686dd9d0e56d30ae65c54d61,ETH,phishing_drainer,scamsniffer,phishing,,
0xf54374d31a90a9a2e274fd7ec087996551e22742,ETH,phishing_drainer,scamsniffer,phishing,,
0xf54c8daaa225f4cd6b717c85d9f37ab30e73a8a2,ETH,phishing_drainer,scamsniffer,phishing,,
0xf564b6d2a092d26a33fb77161c67b6b09e8f4528,ETH,phishing_drainer,scamsniffer,phishing,,
0xf5675780f4e2790f551f3382b2445ea747d79b65,ETH,phishing_drainer,scamsniffer,phishing,,
0xf56e45a09c9a988eed3dac03987ffa54ec3b11a6,ETH,phishing_drainer,scamsniffer,phishing,,
0xf57501e51bbb2f23d532166429e5fae078fef6d8,ETH,phishing_drainer,scamsniffer,phishing,,
0xf58e52ed188823fd42e3d6d92e271063dade71c4,ETH,phishing_drainer,scamsniffer,phishing,,
0xf591add4f116e9b4b94e17915c963e9b5466720f,ETH,phishing_drainer,scamsniffer,phishing,,
0xf5a9fb7b8bcd6be26a2e5b4ec42832c8a3bbe4d5,ETH,phishing_drainer,scamsniffer,phishing,,
0xf5aa3da043b2f2a2207df5da098a0097c51d11bb,ETH,phishing_drainer,scamsniffer,phishing,,
0xf5d3f82790c10f4059e7d94428e1631b67cd51fa,ETH,phishing_drainer,scamsniffer,phishing,,
0xf5e85d9c3eca978ccfda62fdf6a2b2552b8f1440,ETH,phishing_drainer,scamsniffer,phishing,,
0xf5e8f69285c093ab3e2a74e9f78688c21aa2ba16,ETH,phishing_drainer,scamsniffer,phishing,,
0xf5fc187ed41eb9f6f9ab12849349ef2aff6be334,ETH,phishing_drainer,scamsniffer,phishing,,
0xf5fcd49311cfe6c86f576b55c6f89c74af34d7fb,ETH,phishing_drainer,scamsniffer,phishing,,
0xf60df89b68924bf6e4188aa6e279224738a2cc2e,ETH,phishing_drainer,scamsniffer,phishing,,
0xf61977431642b6ad4903e7f57a5110aa1f925183,ETH,phishing_drainer,scamsniffer,phishing,,
0xf61ac9508de7786bd78d327e7c2d17c3d1ebc893,ETH,phishing_drainer,scamsniffer,phishing,,
0xf632cb521117d9a97094cebddb3cb42d2fc6f1fd,ETH,phishing_drainer,scamsniffer,phishing,,
0xf63828a91af142ebdad29fa737936373eae68523,ETH,phishing_drainer,scamsniffer,phishing,,
0xf65230b4d5c0b7017b5598eaae2f8464ef6dd3bb,ETH,phishing_drainer,scamsniffer,phishing,,
0xf665571fa425410413ff0e2e0a0bafce1bbeea92,ETH,phishing_drainer,scamsniffer,phishing,,
0xf66ddc783cfa428257355eb34cd151df743aa23a,ETH,phishing_drainer,scamsniffer,phishing,,
0xf66e58ac4dbbc266cd122bbe75158c23051a3fa3,ETH,phishing_drainer,scamsniffer,phishing,,
0xf6761f769344a377edac05f75d9dadb90c196c7e,ETH,phishing_drainer,scamsniffer,phishing,,
0xf69db988f52976a0d32d2f9012cdd292c200e5be,ETH,phishing_drainer,scamsniffer,phishing,,
0xf69e379d7b82949f1a11819b2daaffcdd98595f3,ETH,phishing_drainer,scamsniffer,phishing,,
0xf6df07dd0c6b97b1a9905a2491cce776b433b4c6,ETH,phishing_drainer,scamsniffer,phishing,,
0xf6e73e9cf471cefe8eabb6d9eaea45f182aabb33,ETH,phishing_drainer,scamsniffer,phishing,,
0xf6f8ca7ccc21829b08aeec6fca1a8a7a1ddea3e4,ETH,phishing_drainer,scamsniffer,phishing,www.nephalem.premint-claim.xyz,
0xf7043e9c90f38299f22a348d7d00f70c07ea6efb,ETH,phishing_drainer,scamsniffer,phishing,,
0xf705fc8ae9ea7d03d19e14758ba0c744796227f8,ETH,phishing_drainer,scamsniffer,phishing,,
0xf719ebd6baf5467c00e44e7f0cbfc9f42c3aa4cb,ETH,phishing_drainer,scamsniffer,phishing,,
0xf72d03e9eed66396b0db6a9746a683199be54a47,ETH,phishing_drainer,scamsniffer,phishing,,
0xf7419dc8411af08e8c03bf24156010e3e5549e9d,ETH,phishing_drainer,scamsniffer,phishing,,
0xf7605f033a8b246bfc90e9f3c70c21a9537986b5,ETH,phishing_drainer,scamsniffer,phishing,,
0xf7672b55cd3e7954722176f5bc4ac10a83b474c3,ETH,phishing_drainer,scamsniffer,phishing,,
0xf767f020e241e2d351501f7dcb42d90d84891eef,ETH,phishing_drainer,scamsniffer,phishing,,
0xf774705f4e127c9fb70c1d808724d152acb25fb6,ETH,phishing_drainer,scamsniffer,phishing,,
0xf7800971f6b0d8474ffeee458ea7108033a0ed88,ETH,phishing_drainer,scamsniffer,phishing,,
0xf78bf349211877e3b186f284e05a3b54d1daf764,ETH,phishing_drainer,scamsniffer,phishing,,
0xf7b2ab2321f32607fa8bb13723ae98d1e7bdd099,ETH,phishing_drainer,scamsniffer,phishing,,
0xf7ceb206a295277f2cbcc97c8fabda27580c7503,ETH,phishing_drainer,scamsniffer,phishing,,
0xf7d15d8fe9dc8db5960d839585012cbf232b66db,ETH,phishing_drainer,scamsniffer,phishing,doodlecatmint.com,
0xf7d7e69023b48eca13baaecce954d7cb6e4169a0,ETH,phishing_drainer,scamsniffer,phishing,,
0xf7e3c67d8458c71bd0c17f20cbf8e5c26cd186fa,ETH,phishing_drainer,scamsniffer,phishing,,
0xf7f0c779f7e53f989384f366b955d29203fb44be,ETH,phishing_drainer,scamsniffer,phishing,,
0xf8137be31b516f481e25f4f09f173ec26a5ba649,ETH,phishing_drainer,scamsniffer,phishing,,
0xf820d928f0702750ad1658cf5ce7c03dcd572cff,ETH,phishing_drainer,scamsniffer,phishing,,
0xf827b683708595247d06c59efc4dc41296f4d86b,ETH,phishing_drainer,scamsniffer,phishing,,
0xf8663df7b1943b9f5a4706812edf4a8b41d98e8a,ETH,phishing_drainer,scamsniffer,phishing,,
0xf873e25c7c5149f21beb8b3f951bb281da16ffd1,ETH,phishing_drainer,scamsniffer,phishing,,
0xf87ac58dcb458effcad752294f92d5cb05f742cf,ETH,phishing_drainer,scamsniffer,phishing,,
0xf89964518fd091aae7dace0132f8ba81e726723b,ETH,phishing_drainer,scamsniffer,phishing,,
0xf89cf740183a7505b0b47e0e1d165ade166e8835,ETH,phishing_drainer,scamsniffer,phishing,,
0xf8aab6bbb6f8176e0c9cc8ea0ffcf3d0ac6f67d7,ETH,phishing_drainer,scamsniffer,phishing,,
0xf8bfd79def67c08f2a497c08be0775de3402886c,ETH,phishing_drainer,scamsniffer,phishing,,
0xf8c4688f85562b92f367c22ae5d5c1d88da65872,ETH,phishing_drainer,scamsniffer,phishing,metawins.org,
0xf8c8d81d86a0b7964de2fc2053ab078f304ad013,ETH,phishing_drainer,scamsniffer,phishing,,
0xf8d4c76d1b828c545d3fd656a29f124916f5eeaa,ETH,phishing_drainer,scamsniffer,phishing,,
0xf8dad83d8a1ff34566c290841b901164479a8c5b,ETH,phishing_drainer,scamsniffer,phishing,,
0xf8def96afa0f92f135cb41b49cff9432ea33333d,ETH,phishing_drainer,scamsniffer,phishing,,
0xf8fdaad144da18333dc111d9d9b9a58fd0ce067b,ETH,phishing_drainer,scamsniffer,phishing,,
0xf919aa7b84c9e1fdbabe6dde66fee9d687697d66,ETH,phishing_drainer,scamsniffer,phishing,,
0xf91d1b393a72245de5ca2bca1fdaf6a8fa5175ad,ETH,phishing_drainer,scamsniffer,phishing,,
0xf92be2db6aabe27739ab81947085f0d2ba25ee25,ETH,phishing_drainer,scamsniffer,phishing,,
0xf92d55d70d60d3b331a781d9861b767e6bfb82ad,ETH,phishing_drainer,scamsniffer,phishing,,
0xf92e8f57795d50149319c5f4e28aef43afdb4645,ETH,phishing_drainer,scamsniffer,phishing,,
0xf93655d253b91bb8b19ebfc17d33ea540ba5242b,ETH,phishing_drainer,scamsniffer,phishing,,
0xf9373eea6fc5900e1c4451536033f363cb1552b1,ETH,phishing_drainer,scamsniffer,phishing,,
0xf9408a711c21dcec148823c1e30364795622d942,ETH,phishing_drainer,scamsniffer,phishing,,
0xf94e5e47ea7198caaf8b0cda3523ad8742efb95d,ETH,phishing_drainer,scamsniffer,phishing,,
0xf9537e027aa4c59595060eefc7153b67d2ca2c29,ETH,phishing_drainer,scamsniffer,phishing,,
0xf979f5d9126e4fccdbd447c8bb3ef109bc5e525a,ETH,phishing_drainer,scamsniffer,phishing,theazukigarden.com,
0xf994c143002388e11e9c939b8456dce9de68a656,ETH,phishing_drainer,scamsniffer,phishing,,
0xf9954abd33245898237873d14398e02d0d2c60c0,ETH,phishing_drainer,scamsniffer,phishing,,
0xf9a71dddb2fd49ccc79d1ab53e7a47b759f10fd7,ETH,phishing_drainer,scamsniffer,phishing,,
0xf9a93fcaf6dd7e8692f876e8e12f064f5a1c95f9,ETH,phishing_drainer,scamsniffer,phishing,,
0xf9cb08cab5359b2516ca6eb4278bd6204f70aaa6,ETH,phishing_drainer,scamsniffer,phishing,,
0xf9d40213ad5e55c775e660a3485c04ae88a0ab93,ETH,phishing_drainer,scamsniffer,phishing,,
0xf9e56d2e507cba5d71a2dbec06a03d2700e09a12,ETH,phishing_drainer,scamsniffer,phishing,,
0xf9fc55f7a579fcefcdc99aae5bea5912fba72061,ETH,phishing_drainer,scamsniffer,phishing,,
0xfa047df2ccf3c6fd9b8d566a0768c4d118960353,ETH,phishing_drainer,scamsniffer,phishing,,
0xfa1cebe7d6924005a592a1e44dac78e88ae05113,ETH,phishing_drainer,scamsniffer,phishing,,
0xfa1ebe1e125cf84b17ca9df872cfc29aa6f4964a,ETH,phishing_drainer,scamsniffer,phishing,,
0xfa274ab1fc606d5c044d561cebd296d8f8714598,ETH,phishing_drainer,scamsniffer,phishing,,
0xfa510abde79c3e10b0dfe1b071726a2dede3a536,ETH,phishing_drainer,scamsniffer,phishing,,
0xfa77ac5d034171eb43dead543b9db5f3e4ee6aeb,ETH,phishing_drainer,scamsniffer,phishing,,
0xfa7b2a0205e32598c37d23872a3ca62c7427e8d5,ETH,phishing_drainer,scamsniffer,phishing,,
0xfa7bb710a944e7e46da4e56e27c21880bc064692,ETH,phishing_drainer,scamsniffer,phishing,,
0xfa8b6c3a7b1dde0c54b4db812e07985310239bd6,ETH,phishing_drainer,scamsniffer,phishing,,
0xfa8b83ccb7fb1a8365a449549ac0fc96c75c54d5,ETH,phishing_drainer,scamsniffer,phishing,,
0xfa91d4ee8b46993c66749544c42f809a67551bf6,ETH,phishing_drainer,scamsniffer,phishing,,
0xfa9d152dc16107844a0c3d43d4f9866cab849b43,ETH,phishing_drainer,scamsniffer,phishing,,
0xfac3e93133c980601acb10593336e896b36b7e1f,ETH,phishing_drainer,scamsniffer,phishing,,
0xfac86b6d77569e8f9a18765324e4444e20b81de2,ETH,phishing_drainer,scamsniffer,phishing,,
0xfad887986187f31ef4d16d5ab01bfab19f1cb3bd,ETH,phishing_drainer,scamsniffer,phishing,,
0xfb04f5bb49a7f2ccf757fd5ec316a7fabc27aac0,ETH,phishing_drainer,scamsniffer,phishing,,
0xfb0a0a2241ba157388bbd7863b5a7a3567a37fa0,ETH,phishing_drainer,scamsniffer,phishing,,
0xfb0eda65ef558efe18903269765dd60cd126be5d,ETH,phishing_drainer,scamsniffer,phishing,,
0xfb149193265d9f3b39a95b3acb6417ff1b4a0542,ETH,phishing_drainer,scamsniffer,phishing,,
0xfb1684fb03b98ed117516a461add3e216c1a2f5b,ETH,phishing_drainer,scamsniffer,phishing,,
0xfb1c32fb43fb8bec73f429339e2eef1c50b93046,ETH,phishing_drainer,scamsniffer,phishing,,
0xfb1c91d7ee409a85dde34fc703bb7482be018055,ETH,phishing_drainer,scamsniffer,phishing,,
0xfb3695ed8e1d1959183d4b07ecafdeed9f47ec2a,ETH,phishing_drainer,scamsniffer,phishing,,
0xfb4c68caccfa3ea46a7d9a7b59a3f91b40705194,ETH,phishing_drainer,scamsniffer,phishing,,
0xfb4d3eb37bde8fa4b52c60aabe55b3cd9908ec73,ETH,phishing_drainer,scamsniffer,phishing,,
0xfb707e8113d2d4a2820e71ecddcf7da6bad66afd,ETH,phishing_drainer,scamsniffer,phishing,,
0xfb922b718ac3d4284f9d99ab9e056b1de2a41619,ETH,phishing_drainer,scamsniffer,phishing,,
0xfb98172ae8431830fbcb9fe7380cf88985c824a4,ETH,phishing_drainer,scamsniffer,phishing,,
0xfb9e9729db82f1e85d787b8a1bac52f27f3a11b4,ETH,phishing_drainer,scamsniffer,phishing,,
0xfba69c56b8a36d25db43de1b78786081ee099171,ETH,phishing_drainer,scamsniffer,phishing,,
0xfba83fd50d70849699889675a9ba0cd8676d00a7,ETH,phishing_drainer,scamsniffer,phishing,,
0xfbaa4a68681e3c0e7dfabb636add055b3895c5dd,ETH,phishing_drainer,scamsniffer,phishing,,
0xfbb3649e6a821cbef531eb8c26af869a8e6d12f6,ETH,phishing_drainer,scamsniffer,phishing,,
0xfbc901ea9f160d72df99f60e0b80647a28edafb5,ETH,phishing_drainer,scamsniffer,phishing,,
0xfbd0b8a9aa2f8c41b820e725d871bd6f20a6a7bc,ETH,phishing_drainer,scamsniffer,phishing,,
0xfbe051acf47666a6f23ace6ccd6f63d15def7826,ETH,phishing_drainer,scamsniffer,phishing,,
0xfc0bd7ff03159af1e3fab72a42dd2de3689f3563,ETH,phishing_drainer,scamsniffer,phishing,,
0xfc0f10845dec1420be18816f40cdf79eefbc56e0,ETH,phishing_drainer,scamsniffer,phishing,,
0xfc143227931b9e2b05773511f3ce548894562a88,ETH,phishing_drainer,scamsniffer,phishing,,
0xfc254efdf68d0fb77bd06ae8d10cf70d9a3c1867,ETH,phishing_drainer,scamsniffer,phishing,,
0xfc2ce9373bf72ffa8c1d123f2d24deb1fedd6a47,ETH,phishing_drainer,scamsniffer,phishing,,
0xfc44e13c6935cfbc64bd5a3324c942cc9eb4e797,ETH,phishing_drainer,scamsniffer,phishing,,
0xfc48255bff44906c8ab25ccfdb15e2fed953084a,ETH,phishing_drainer,scamsniffer,phishing,,
0xfc6189294891434799c14c039d6e614f902f8677,ETH,phishing_drainer,scamsniffer,phishing,,
0xfc6bbebeda8626397723ec0a57d6efa7331fde7c,ETH,phishing_drainer,scamsniffer,phishing,,
0xfc6e23af690bfa315db290973b8d95b389d81276,ETH,phishing_drainer,scamsniffer,phishing,,
0xfc756f278bda9e1dbe33d3c693d76e054c0cb5c8,ETH,phishing_drainer,scamsniffer,phishing,,
0xfcb4533ebbac8ded9d09602be40992fa109768c0,ETH,phishing_drainer,scamsniffer,phishing,,
0xfcc2b25f5fe4ecd1e5badd8caa99ea50bc5899a9,ETH,phishing_drainer,scamsniffer,phishing,,
0xfcd7f2e77303ee8ed5ef30c1d843ab4ac2d716e3,ETH,phishing_drainer,scamsniffer,phishing,,
0xfce7b8e75b156bea8f322c34880fab48c5fdcb80,ETH,phishing_drainer,scamsniffer,phishing,,
0xfcf92317297a911797849ad1b33e433f22a83202,ETH,phishing_drainer,scamsniffer,phishing,,
0xfd00093890af8d8600c4b6939bb8d8ec2fb47057,ETH,phishing_drainer,scamsniffer,phishing,,
0xfd17816c81d27f073c9185b3bfae7f850310903f,ETH,phishing_drainer,scamsniffer,phishing,,
0xfd1f21a19b49cca24318d73197b625cdb730eabc,ETH,phishing_drainer,scamsniffer,phishing,,
0xfd23ae17194f3164804cd06947b45d90d5e46f78,ETH,phishing_drainer,scamsniffer,phishing,,
0xfd36b5c4a52a85de1dd4711d4356b940d31e936f,ETH,phishing_drainer,scamsniffer,phishing,,
0xfd3b524744a39787aa7b94bf8dc9ad089bfd0e77,ETH,phishing_drainer,scamsniffer,phishing,,
0xfd3b554f42e473613545a0f006e48de34a0b95d6,ETH,phishing_drainer,scamsniffer,phishing,,
0xfd3dcccb3f66a396b82505877588023e0879612a,ETH,phishing_drainer,scamsniffer,phishing,,
0xfd502d35e47eb08c166d18afc7172083edea9813,ETH,phishing_drainer,scamsniffer,phishing,,
0xfd561362bec15910dacd018722ec726f69aa7fa5,ETH,phishing_drainer,scamsniffer,phishing,,
0xfd681f728f99250c522569fcf3b2e6e0e5a7fd19,ETH,phishing_drainer,scamsniffer,phishing,,
0xfd6ade3c2a97f2c8c4581b152197f6efaec41c25,ETH,phishing_drainer,scamsniffer,phishing,,
0xfd7a6ffe87372cc71680219ac5a5f2dffd609f6f,ETH,phishing_drainer,scamsniffer,phishing,,
0xfd7af8fccc71321c7c1c83ee4239579559ae3925,ETH,phishing_drainer,scamsniffer,phishing,,
0xfd8de29594220a6b44ed080f7e5a04047da03248,ETH,phishing_drainer,scamsniffer,phishing,,
0xfd94dad70a782ca5750a698c09dcc45312d375cc,ETH,phishing_drainer,scamsniffer,phishing,,
0xfda3288b42e80ccbf0a0c62b077018d5d7a84725,ETH,phishing_drainer,scamsniffer,phishing,,
0xfdcbae1bfee5de08554d4abc298858d709d849bc,ETH,phishing_drainer,scamsniffer,phishing,,
0xfddaaedd0b033a6fa5622db7f46662599fccb668,ETH,phishing_drainer,scamsniffer,phishing,,
0xfde52c481a11f06c1ed36c3e88e75de1176770b7,ETH,phishing_drainer,scamsniffer,phishing,,
0xfde5d255541403091e66f75f0b02fd8422e163a3,ETH,phishing_drainer,scamsniffer,phishing,,
0xfdf2072e2c6fe988792c5251df0333e051301d91,ETH,phishing_drainer,scamsniffer,phishing,,
0xfdf47bd2072041d501d61b98e8a6792448b3fb36,ETH,phishing_drainer,scamsniffer,phishing,,
0xfe106015594ce8928dff87c4c96dea0865df42b5,ETH,phishing_drainer,scamsniffer,phishing,,
0xfe15154223fdfc43bb1589178d8f9f7a2930fd52,ETH,phishing_drainer,scamsniffer,phishing,,
0xfe1e5bee1c157daa26b89b424f150b117c37c858,ETH,phishing_drainer,scamsniffer,phishing,,
0xfe29ba94e47fe31d7e2425d47014029ec70fac31,ETH,phishing_drainer,scamsniffer,phishing,,
0xfe2d3c051234958b4e6bd34e30b5b73e2e5f661f,ETH,phishing_drainer,scamsniffer,phishing,,
0xfe3179f5e373f266ed0e438b8c79769697436bad,ETH,phishing_drainer,scamsniffer,phishing,,
0xfe441bd2ee3d1c3c0a05c995af56a08b178c5cc0,ETH,phishing_drainer,scamsniffer,phishing,,
0xfe47e06fa38bb6ecb8d1eee65c932e851c0d6194,ETH,phishing_drainer,scamsniffer,phishing,,
0xfe5055e161a3a5da62d7ec20f425b0b587907d93,ETH,phishing_drainer,scamsniffer,phishing,,
0xfe635d7af0e778c5ab0219626a3729bdf623d173,ETH,phishing_drainer,scamsniffer,phishing,,
0xfe7978fadab0393319fe6c9947b1765a6a59a6c3,ETH,phishing_drainer,scamsniffer,phishing,,
0xfe7fee30afd19d6ad0167291b338a786b8beca57,ETH,phishing_drainer,scamsniffer,phishing,,
0xfe9fca0d8f83b6a423c28e174435be71aeb26383,ETH,phishing_drainer,scamsniffer,phishing,,
0xfeafb284064b8519e21b0e546ae289034f095d88,ETH,phishing_drainer,scamsniffer,phishing,,
0xfedc03052e73ecc83214bd11055841ba4ad96d27,ETH,phishing_drainer,scamsniffer,phishing,,
0xfef769970bdea8d65e258acf2db91b2e2e24a06a,ETH,phishing_drainer,scamsniffer,phishing,,
0xff11914ab4c26d3707dfdd3fd54a77241de04391,ETH,phishing_drainer,scamsniffer,phishing,,
0xff178b609ee25267abdf8641a2cc18cf86f88dfe,ETH,phishing_drainer,scamsniffer,phishing,,
0xff180e9ab7aeb7939906452b8a33d471d11fc239,ETH,phishing_drainer,scamsniffer,phishing,,
0xff2e82129528138f0b333d053354714fc82cf55f,ETH,phishing_drainer,scamsniffer,phishing,,
0xff30b32c7e7da16cc7cd100a54ecd77b103d1a1c,ETH,phishing_drainer,scamsniffer,phishing,,
0xff34023396de50ee46f65c7f9f327ace9cfb8266,ETH,phishing_drainer,scamsniffer,phishing,,
0xff3d65089b49fa50598c806aa31cc41537901d16,ETH,phishing_drainer,scamsniffer,phishing,,
0xff53bbd8bc335ee5f5b60dcb76efb2f59964b1a5,ETH,phishing_drainer,scamsniffer,phishing,,
0xff5f1c17eb5dc07dc084077e53433745c8355acc,ETH,phishing_drainer,scamsniffer,phishing,,
0xff71504cdc572feb7e776cd3a64fcf00cd3f65d8,ETH,phishing_drainer,scamsniffer,phishing,,
0xff7545806e983dfb8d6908012fd666f0a2f7750d,ETH,phishing_drainer,scamsniffer,phishing,,
0xff89a23fda558cbb3ec2c41bee589fe93e00efb1,ETH,phishing_drainer,scamsniffer,phishing,,
0xff92104ffa62db76aa7fc9ec97442dacfe05e99c,ETH,phishing_drainer,scamsniffer,phishing,,
0xffacc35a8f705d32a9eb0154840c70c0b0d0998e,ETH,phishing_drainer,scamsniffer,phishing,wurldcupapes.com,
0xffb0cb50154365f8dca973635a7d769a9301e5bd,ETH,phishing_drainer,scamsniffer,phishing,,
0xffb2b004d89983d55dda6beb927b7d43fbfadf7f,ETH,phishing_drainer,scamsniffer,phishing,,
0xffb437a35e383059089c3b26cfac58189f09a4ae,ETH,phishing_drainer,scamsniffer,phishing,,
0xffb7b19b66a4cd28b2370129fdd964ecf46546fa,ETH,phishing_drainer,scamsniffer,phishing,,
0xffb94a68c23d245e084ea28b58cde5dc58f6da7e,ETH,phishing_drainer,scamsniffer,phishing,,
0xffbae3fcd23e96a3caeb8a7bf560e90eecadcc59,ETH,phishing_drainer,scamsniffer,phishing,,
0xffbaf49bf8580a3adb9ba28f46dae6631e2e2c58,ETH,phishing_drainer,scamsniffer,phishing,,
0xffc0d69f90c1ee7196b08a5b810f90a4570987d0,ETH,phishing_drainer,scamsniffer,phishing,,
0xffca7e0c8ec6b917fcc5986e5f1c9597d4b906f7,ETH,phishing_drainer,scamsniffer,phishing,,
0xffce882291924be7a370c8ecb99b6723a826f9a3,ETH,phishing_drainer,scamsniffer,phishing,,
0xffe1b64007635ea9164f3a96d2ca10823561fbf7,ETH,phishing_drainer,scamsniffer,phishing,,
0xffffff486494e006306365ab59c957295cc5f684,ETH,phishing_drainer,scamsniffer,phishing,,
