address,chain,category,source,label,detail,ref_date
0x0000000000000000000000000000000000000000,ETH,usdt_frozen_illicit,usdt_banned,Tether AddedBlackList,frozen by Tether,
0x0000000000000000000000000000000000000001,ETH,usdt_frozen_illicit,usdt_banned,Tether AddedBlackList,frozen by Tether,
0x0000000000000000000000000000000000000018,ETH,usdt_frozen_illicit,usdt_banned,Tether AddedBlackList,frozen by Tether,
0x0000000000000000000000000000000000000019,ETH,usdt_frozen_illicit,usdt_banned,Tether AddedBlackList,frozen by Tether,
0x000000000000000000000000000000000000001a,ETH,usdt_frozen_illicit,usdt_banned,Tether AddedBlackList,frozen by Tether,
0x000000000000000000000000000000000000001e,ETH,usdt_frozen_illicit,usdt_banned,Tether AddedBlackList,frozen by Tether,
0x000000000000000000000000000000000000015d,ETH,usdt_frozen_illicit,usdt_banned,Tether AddedBlackList,frozen by Tether,
0x00000000000000000000000000000000000001f2,ETH,usdt_frozen_illicit,usdt_banned,Tether AddedBlackList,frozen by Tether,
0x0000000000000000000000000000000000000aa3,ETH,usdt_frozen_illicit,usdt_banned,Tether AddedBlackList,frozen by Tether,
0x0000000000000000000000000000000000000e33,ETH,usdt_frozen_illicit,usdt_banned,Tether AddedBlackList,frozen by Tether,
0x0000000000000000000000000000000000000fdc,ETH,usdt_frozen_illicit,usdt_banned,Tether AddedBlackList,frozen by Tether,
0x000000000000000000000000000000000000129f,ETH,usdt_frozen_illicit,usdt_banned,Tether AddedBlackList,frozen by Tether,
0x00000000000000000000000000000000000012e5,ETH,usdt_frozen_illicit,usdt_banned,Tether AddedBlackList,frozen by Tether,
0x00000000000000000000000000000000000018fe,ETH,usdt_frozen_illicit,usdt_banned,Tether AddedBlackList,frozen by Tether,
0x0000000000000000000000000000018148086009,ETH,usdt_frozen_illicit,usdt_banned,Tether AddedBlackList,frozen by Tether,
0x0000000000000000000000000001fc24fe892306,ETH,usdt_frozen_illicit,usdt_banned,Tether AddedBlackList,frozen by Tether,
0x0000000000000000880620000000203571704007,ETH,usdt_frozen_illicit,usdt_banned,Tether AddedBlackList,frozen by Tether,
0x0000000000004946c0e9f43f4dee607b0ef1fa1c,ETH,usdt_frozen_illicit,usdt_banned,Tether AddedBlackList,frozen by Tether,
0x000000000cd2ea93ac6de3054ad27667ed965a81,ETH,usdt_frozen_illicit,usdt_banned,Tether AddedBlackList,frozen by Tether,
0x0000ef2a62c7c7580db66bbb50e1a913f0cc0615,ETH,usdt_frozen_illicit,usdt_banned,Tether AddedBlackList,frozen by Tether,
0x0007f1253511e3e9312df8f180db96f0000000ad,ETH,usdt_frozen_illicit,usdt_banned,Tether AddedBlackList,frozen by Tether,
0x0022206aa86f7cfcf1b02e8a9174eca336f4c742,ETH,usdt_frozen_illicit,usdt_banned,Tether AddedBlackList,frozen by Tether,
0x003623fde47262673e65be76436718fafa86faa6,ETH,usdt_frozen_illicit,usdt_banned,Tether AddedBlackList,frozen by Tether,
0x006f57b24aaee14eb749441c10869c1c94df7d38,ETH,usdt_frozen_illicit,usdt_banned,Tether AddedBlackList,frozen by Tether,
0x007c19472741442bf3375cca2b7106f6f9f80592,ETH,usdt_frozen_illicit,usdt_banned,Tether AddedBlackList,frozen by Tether,
0x007fc370e968932ae9a596261086476550a8b712,ETH,usdt_frozen_illicit,usdt_banned,Tether AddedBlackList,frozen by Tether,
0x008fe40574e881e7247b50b991c0cc057d66647f,ETH,usdt_frozen_illicit,usdt_banned,Tether AddedBlackList,frozen by Tether,
0x009c46a6aff01133e07d34727c3270f7cd723220,ETH,usdt_frozen_illicit,usdt_banned,Tether AddedBlackList,frozen by Tether,
0x00c4afd0a80c3699cd31f585bdc8bd373d818123,ETH,usdt_frozen_illicit,usdt_banned,Tether AddedBlackList,frozen by Tether,
0x00c543bf4b29c60a655b34128bed709b2b119818,ETH,usdt_frozen_illicit,usdt_banned,Tether AddedBlackList,frozen by Tether,
0x00caf5921207523d72c08776e526985084bd0385,ETH,usdt_frozen_illicit,usdt_banned,Tether AddedBlackList,frozen by Tether,
0x010da518c1aa53517ef87062dddccf018949b6dd,ETH,usdt_frozen_illicit,usdt_banned,Tether AddedBlackList,frozen by Tether,
0x01219971f0dc2a6d82a17fb27064c76026ca5f4e,ETH,usdt_frozen_illicit,usdt_banned,Tether AddedBlackList,frozen by Tether,
0x0128e4fccf5ef86b030b28f0a8a029a3c5397a94,ETH,usdt_frozen_illicit,usdt_banned,Tether AddedBlackList,frozen by Tether,
0x016913ead5672f01de2043874e5c1cac5df608de,ETH,usdt_frozen_illicit,usdt_banned,Tether AddedBlackList,frozen by Tether,
0x0199f775670c4f767319f8dd1646ba7c617e4063,ETH,usdt_frozen_illicit,usdt_banned,Tether AddedBlackList,frozen by Tether,
0x021190a289c72d7ad0b19f60e7151609c4d1dfd9,ETH,usdt_frozen_illicit,usdt_banned,Tether AddedBlackList,frozen by Tether,
0x021cde4419076f3d1bca2077157937e390ad72b3,ETH,usdt_frozen_illicit,usdt_banned,Tether AddedBlackList,frozen by Tether,
0x023343f2d09b97f4db3eab702f3e8578d2af869a,ETH,usdt_frozen_illicit,usdt_banned,Tether AddedBlackList,frozen by Tether,
0x024160d38d7b9789f11aa57150dd750e807fb636,ETH,usdt_frozen_illicit,usdt_banned,Tether AddedBlackList,frozen by Tether,
0x024461600cca3b7746ae389088f1d5c06b5e90b5,ETH,usdt_frozen_illicit,usdt_banned,Tether AddedBlackList,frozen by Tether,
0x027308fe7b566198ac4fec8f1e3d323b6f370120,ETH,usdt_frozen_illicit,usdt_banned,Tether AddedBlackList,frozen by Tether,
0x027ac10b698e00edcf66fbad8508ac58cdb02ee9,ETH,usdt_frozen_illicit,usdt_banned,Tether AddedBlackList,frozen by Tether,
0x027b2930d0f45d581e8ac1e35eb039d194b5e7ac,ETH,usdt_frozen_illicit,usdt_banned,Tether AddedBlackList,frozen by Tether,
0x0283bd581220fc835691380401ad89e046ad9ad3,ETH,usdt_frozen_illicit,usdt_banned,Tether AddedBlackList,frozen by Tether,
0x02ad83b352720e39178f5179ad080881d050223e,ETH,usdt_frozen_illicit,usdt_banned,Tether AddedBlackList,frozen by Tether,
0x02b5f39f80af45885142cdcaa0c383842612d8ba,ETH,usdt_frozen_illicit,usdt_banned,Tether AddedBlackList,frozen by Tether,
0x02ea6e29d7e85972f859462f8d725888e050d9e3,ETH,usdt_frozen_illicit,usdt_banned,Tether AddedBlackList,frozen by Tether,
0x030cc6caa945e9acafe12c6f306b0bfcf03f9fd5,ETH,usdt_frozen_illicit,usdt_banned,Tether AddedBlackList,frozen by Tether,
0x033dbe4112d4cc1f3c0afcd284f8405fa101740f,ETH,usdt_frozen_illicit,usdt_banned,Tether AddedBlackList,frozen by Tether,
0x03dc111606458c79d71fc707a98b130421668fa6,ETH,usdt_frozen_illicit,usdt_banned,Tether AddedBlackList,frozen by Tether,
0x0417312627a3147690c63395c92e10be6ef254e3,ETH,usdt_frozen_illicit,usdt_banned,Tether AddedBlackList,frozen by Tether,
0x0425d11ba2b1c8b983342a4ae9e8c4e395e1e318,ETH,usdt_frozen_illicit,usdt_banned,Tether AddedBlackList,frozen by Tether,
0x04470123a91330ddd7ccd4c6dd3514143df19808,ETH,usdt_frozen_illicit,usdt_banned,Tether AddedBlackList,frozen by Tether,
0x046c45407e6e985fbd3de969a4cfb6d43c31d829,ETH,usdt_frozen_illicit,usdt_banned,Tether AddedBlackList,frozen by Tether,
0x0475c649f27b00accd9611184481d29a9ebac333,ETH,usdt_frozen_illicit,usdt_banned,Tether AddedBlackList,frozen by Tether,
0x04c7aa3b8d10caeba5e711b8c67d3d0aa630570c,ETH,usdt_frozen_illicit,usdt_banned,Tether AddedBlackList,frozen by Tether,
0x04e0fc6608ee526826e7839063b632f3cecfecb0,ETH,usdt_frozen_illicit,usdt_banned,Tether AddedBlackList,frozen by Tether,
0x04f29f2245bfd73dc3a26948a0a36195a566f496,ETH,usdt_frozen_illicit,usdt_banned,Tether AddedBlackList,frozen by Tether,
0x05000560dc4d1ad85dc80845d53eb76a173e3d3a,ETH,usdt_frozen_illicit,usdt_banned,Tether AddedBlackList,frozen by Tether,
0x05594df248cb01f8046aba8a37d744b99acb6d9f,ETH,usdt_frozen_illicit,usdt_banned,Tether AddedBlackList,frozen by Tether,
0x0582aa82344b23374d065bd9de9e1a379061f467,ETH,usdt_frozen_illicit,usdt_banned,Tether AddedBlackList,frozen by Tether,
0x0584120c32dd3471cfb7e2549e2dbd81069cf31d,ETH,usdt_frozen_illicit,usdt_banned,Tether AddedBlackList,frozen by Tether,
0x05b49f435c1eacb0c618b5d13cadad28ad34209a,ETH,usdt_frozen_illicit,usdt_banned,Tether AddedBlackList,frozen by Tether,
0x05b615af1b5939a2d91523bc37b415cf1d31b0cf,ETH,usdt_frozen_illicit,usdt_banned,Tether AddedBlackList,frozen by Tether,
0x05f95d2ca01e81144e11e7a6892fa56a40e1e964,ETH,usdt_frozen_illicit,usdt_banned,Tether AddedBlackList,frozen by Tether,
0x06083c4d615920cf267b53550b265497155ce71a,ETH,usdt_frozen_illicit,usdt_banned,Tether AddedBlackList,frozen by Tether,
0x060c676d9bd33d4eb944f3b6c19b3ac9eaa9ef66,ETH,usdt_frozen_illicit,usdt_banned,Tether AddedBlackList,frozen by Tether,
0x0643d7ace2912ea4243c222c6156806881860dc1,ETH,usdt_frozen_illicit,usdt_banned,Tether AddedBlackList,frozen by Tether,
0x065a132647d69e815beb123d9d4487214eb86bce,ETH,usdt_frozen_illicit,usdt_banned,Tether AddedBlackList,frozen by Tether,
0x067eaf82802e92256f212df8042aa64b008c12c9,ETH,usdt_frozen_illicit,usdt_banned,Tether AddedBlackList,frozen by Tether,
0x06b21bfac6118263327ae7001d6a676d362c89dd,ETH,usdt_frozen_illicit,usdt_banned,Tether AddedBlackList,frozen by Tether,
0x06c048c2afb355b22b76d73b4ec244a862e7e260,ETH,usdt_frozen_illicit,usdt_banned,Tether AddedBlackList,frozen by Tether,
0x06c4303d10a1b91c78b6dc11c336617c92eecbf2,ETH,usdt_frozen_illicit,usdt_banned,Tether AddedBlackList,frozen by Tether,
0x06f406e7963bec67c5f89d97ae4d085acc3ccd1d,ETH,usdt_frozen_illicit,usdt_banned,Tether AddedBlackList,frozen by Tether,
0x073e1a1cf93060f71b799961d737811440ba915b,ETH,usdt_frozen_illicit,usdt_banned,Tether AddedBlackList,frozen by Tether,
0x0747fb95a1ad27cf1a8cc9f14768c7cc0a8f5dde,ETH,usdt_frozen_illicit,usdt_banned,Tether AddedBlackList,frozen by Tether,
0x0763fa09cc7d60e734c670d327d11b3a8a3f7776,ETH,usdt_frozen_illicit,usdt_banned,Tether AddedBlackList,frozen by Tether,
0x07792b7843a0a1ed42434674441a7097f49d0d56,ETH,usdt_frozen_illicit,usdt_banned,Tether AddedBlackList,frozen by Tether,
0x0792c1eae810ace99005a917bdb271210a24b0a6,ETH,usdt_frozen_illicit,usdt_banned,Tether AddedBlackList,frozen by Tether,
0x07aff5c0cc27473c3e4ac359e7a2372d85d556e2,ETH,usdt_frozen_illicit,usdt_banned,Tether AddedBlackList,frozen by Tether,
0x08422a6435a87362c435a234e97a068854d14fe4,ETH,usdt_frozen_illicit,usdt_banned,Tether AddedBlackList,frozen by Tether,
0x087a39ecd3e12db24b76025efaf077a2fd6e44c2,ETH,usdt_frozen_illicit,usdt_banned,Tether AddedBlackList,frozen by Tether,
0x08914a74959101c5770a10bf0e8de495794cac23,ETH,usdt_frozen_illicit,usdt_banned,Tether AddedBlackList,frozen by Tether,
0x089f232ce975dddf28fd9f9c6e25899cfc1d2c3c,ETH,usdt_frozen_illicit,usdt_banned,Tether AddedBlackList,frozen by Tether,
0x08f931d4b4c587d39d49899d2b7f9818e2dd282f,ETH,usdt_frozen_illicit,usdt_banned,Tether AddedBlackList,frozen by Tether,
0x08ff37c31d8434ed95975c8297ee6c830b7c36c2,ETH,usdt_frozen_illicit,usdt_banned,Tether AddedBlackList,frozen by Tether,
0x091bd12d1ae092aefb4e8dbcafd2982302e4d686,ETH,usdt_frozen_illicit,usdt_banned,Tether AddedBlackList,frozen by Tether,
0x09293e2b7ced95799d43ece07b46e6bb86c59f21,ETH,usdt_frozen_illicit,usdt_banned,Tether AddedBlackList,frozen by Tether,
0x09318d9dc9c46abb27b2129b18a7aa5ad09a7e9b,ETH,usdt_frozen_illicit,usdt_banned,Tether AddedBlackList,frozen by Tether,
0x094729a2f59be6d47f62bc5512a1f5b93ae27d01,ETH,usdt_frozen_illicit,usdt_banned,Tether AddedBlackList,frozen by Tether,
0x094904b9816493aba8a246aec82e0d04a81dfd9e,ETH,usdt_frozen_illicit,usdt_banned,Tether AddedBlackList,frozen by Tether,
0x096e0a00d6d18f68f6e3e88e3101bdd030252230,ETH,usdt_frozen_illicit,usdt_banned,Tether AddedBlackList,frozen by Tether,
0x09d281705b811314702b23bfb97b83584b6f81e3,ETH,usdt_frozen_illicit,usdt_banned,Tether AddedBlackList,frozen by Tether,
0x0a45b7081c812340abd8ca26f58837960bbdbf9e,ETH,usdt_frozen_illicit,usdt_banned,Tether AddedBlackList,frozen by Tether,
0x0a49f76bbc121470a05f4d1fe5f8db2fb23f9723,ETH,usdt_frozen_illicit,usdt_banned,Tether AddedBlackList,frozen by Tether,
0x0a9cb439f65f51c879ef4a5cc2889c8ea633960c,ETH,usdt_frozen_illicit,usdt_banned,Tether AddedBlackList,frozen by Tether,
0x0ab18527970d8f3c5faf22dfe96f4970cc849002,ETH,usdt_frozen_illicit,usdt_banned,Tether AddedBlackList,frozen by Tether,
0x0acc0e5faa09cb1976237c3a9af3d3d4b2f35fa5,ETH,usdt_frozen_illicit,usdt_banned,Tether AddedBlackList,frozen by Tether,
0x0b21edd3fd396a58746bedb2c849b94c5013b686,ETH,usdt_frozen_illicit,usdt_banned,Tether AddedBlackList,frozen by Tether,
0x0b52f217b46f53d13001b058d2be65101b691281,ETH,usdt_frozen_illicit,usdt_banned,Tether AddedBlackList,frozen by Tether,
0x0b9dc111babbc23dea075210a132106787d0c457,ETH,usdt_frozen_illicit,usdt_banned,Tether AddedBlackList,frozen by Tether,
0x0bc529c00c6401aef6d220be8c6ea1667f6ad93e,ETH,usdt_frozen_illicit,usdt_banned,Tether AddedBlackList,frozen by Tether,
0x0bf0143b288d7456cfa2abb9c29e538d2de324da,ETH,usdt_frozen_illicit,usdt_banned,Tether AddedBlackList,frozen by Tether,
0x0c339536162ecf5cc2adb00c11224672de6b525b,ETH,usdt_frozen_illicit,usdt_banned,Tether AddedBlackList,frozen by Tether,
0x0c6c855d3627ce4cafe13e4822f2976dbcdad256,ETH,usdt_frozen_illicit,usdt_banned,Tether AddedBlackList,frozen by Tether,
0x0c6cf7670ae4e45f1344e0567ffda556b5ee1932,ETH,usdt_frozen_illicit,usdt_banned,Tether AddedBlackList,frozen by Tether,
0x0c756d1df8a72424d7c4266fe14109186a1f3cbc,ETH,usdt_frozen_illicit,usdt_banned,Tether AddedBlackList,frozen by Tether,
0x0c7ad8a995ef1fddc449e3658d879c1196286290,ETH,usdt_frozen_illicit,usdt_banned,Tether AddedBlackList,frozen by Tether,
0x0cc1dce845e054017845565a0a58249d7bc28ff9,ETH,usdt_frozen_illicit,usdt_banned,Tether AddedBlackList,frozen by Tether,
0x0cdf9acd87e940837ff21bb40c9fd55f68bba059,ETH,usdt_frozen_illicit,usdt_banned,Tether AddedBlackList,frozen by Tether,
0x0cfe7f72cdde20dffb6dd030663af1f8b8ab6047,ETH,usdt_frozen_illicit,usdt_banned,Tether AddedBlackList,frozen by Tether,
0x0d4007851987baf974fb85abe84eeb359591186a,ETH,usdt_frozen_illicit,usdt_banned,Tether AddedBlackList,frozen by Tether,
0x0d4487d29d825f6199c907402c8699bf7507fac6,ETH,usdt_frozen_illicit,usdt_banned,Tether AddedBlackList,frozen by Tether,
0x0d6debd02d7d652c5ee449ddcdb44289a0c23158,ETH,usdt_frozen_illicit,usdt_banned,Tether AddedBlackList,frozen by Tether,
0x0d8f46356564de44a98377611d156afaedbe972a,ETH,usdt_frozen_illicit,usdt_banned,Tether AddedBlackList,frozen by Tether,
0x0e14e68b956e4d9e17e4d46ad88892ab63394bc7,ETH,usdt_frozen_illicit,usdt_banned,Tether AddedBlackList,frozen by Tether,
0x0e1f5f828f7c66631728658cb4cbd966700acf6d,ETH,usdt_frozen_illicit,usdt_banned,Tether AddedBlackList,frozen by Tether,
0x0e29e5abbb5fd88e28b2d355774e73bd47de3bcd,ETH,usdt_frozen_illicit,usdt_banned,Tether AddedBlackList,frozen by Tether,
0x0e571d7f200b3d2b1cdd4538f8ad434ae4b7840c,ETH,usdt_frozen_illicit,usdt_banned,Tether AddedBlackList,frozen by Tether,
0x0e82e631bfdf5ec6d0389abc56eee40281d98842,ETH,usdt_frozen_illicit,usdt_banned,Tether AddedBlackList,frozen by Tether,
0x0e95ba1a4a05d9f4811d9d02934712a7e1f8c928,ETH,usdt_frozen_illicit,usdt_banned,Tether AddedBlackList,frozen by Tether,
0x0ea0a0a322576fcdf5a8b76168a1e49c5f86cf4e,ETH,usdt_frozen_illicit,usdt_banned,Tether AddedBlackList,frozen by Tether,
0x0ec080bebbd7716a51d19477770e25b92b7ce62e,ETH,usdt_frozen_illicit,usdt_banned,Tether AddedBlackList,frozen by Tether,
0x0ee00dd612a6ad29d5ff016ef32976472daa0fff,ETH,usdt_frozen_illicit,usdt_banned,Tether AddedBlackList,frozen by Tether,
0x0ef5da68d67abeb5be2868bf1cdc8c08e88506ef,ETH,usdt_frozen_illicit,usdt_banned,Tether AddedBlackList,frozen by Tether,
0x0f18647467de7b885fe1bf77a78e12e19c814ad7,ETH,usdt_frozen_illicit,usdt_banned,Tether AddedBlackList,frozen by Tether,
0x0f24eafe619cabd89638b497ee06329e1c2234af,ETH,usdt_frozen_illicit,usdt_banned,Tether AddedBlackList,frozen by Tether,
0x0f2b20ce63cb8275ac68d06ac54a8fd0e783cdc4,ETH,usdt_frozen_illicit,usdt_banned,Tether AddedBlackList,frozen by Tether,
0x0f3b3ac549719e2d796c358a61ea26fc12ca0c6d,ETH,usdt_frozen_illicit,usdt_banned,Tether AddedBlackList,frozen by Tether,
0x0f51bb10119727a7e5ea3538074fb341f56b09ad,ETH,usdt_frozen_illicit,usdt_banned,Tether AddedBlackList,frozen by Tether,
0x0f542406989cbd26615b91f3c5eca0652252382f,ETH,usdt_frozen_illicit,usdt_banned,Tether AddedBlackList,frozen by Tether,
0x0f65c1c39744353cf0636957c80c4bd889080d95,ETH,usdt_frozen_illicit,usdt_banned,Tether AddedBlackList,frozen by Tether,
0x0f6d0662525a1ed7f36f9d96cd2f5e4042360f1f,ETH,usdt_frozen_illicit,usdt_banned,Tether AddedBlackList,frozen by Tether,
0x0fa804510c0f803d80b4906e821bebc427afb60c,ETH,usdt_frozen_illicit,usdt_banned,Tether AddedBlackList,frozen by Tether,
0x0fd4aff57d93ba30ed9c4470c839de1df2f90c85,ETH,usdt_frozen_illicit,usdt_banned,Tether AddedBlackList,frozen by Tether,
0x10511a6165518119f37b9891d2d1f6a2e5b523ed,ETH,usdt_frozen_illicit,usdt_banned,Tether AddedBlackList,frozen by Tether,
0x10591751958e270047802ed222a623125673cc4e,ETH,usdt_frozen_illicit,usdt_banned,Tether AddedBlackList,frozen by Tether,
0x1097850b35dfecd1b7e7ce9190aeba45c6c2b1e9,ETH,usdt_frozen_illicit,usdt_banned,Tether AddedBlackList,frozen by Tether,
0x109ea1577d0bdf599e63d0735b911e190f9f0d7d,ETH,usdt_frozen_illicit,usdt_banned,Tether AddedBlackList,frozen by Tether,
0x10be2136dfc4be114f83fdad36e3fa5464b9202f,ETH,usdt_frozen_illicit,usdt_banned,Tether AddedBlackList,frozen by Tether,
0x10e86900b25f500f75c0de2b9453cd2469153cbf,ETH,usdt_frozen_illicit,usdt_banned,Tether AddedBlackList,frozen by Tether,
0x110d82f3d281ce39c7f2a7eb745a986bda22fce9,ETH,usdt_frozen_illicit,usdt_banned,Tether AddedBlackList,frozen by Tether,
0x111c4c9c58a535ef34531826db623b20395fe7e8,ETH,usdt_frozen_illicit,usdt_banned,Tether AddedBlackList,frozen by Tether,
0x111f2df2b3b99054a69809dfffe4f6f2b54297f0,ETH,usdt_frozen_illicit,usdt_banned,Tether AddedBlackList,frozen by Tether,
0x115a77fbc0963f088bcc5876883f697c9b2d040e,ETH,usdt_frozen_illicit,usdt_banned,Tether AddedBlackList,frozen by Tether,
0x11837e0394a30998e28fb6eb0f33b467a65b8493,ETH,usdt_frozen_illicit,usdt_banned,Tether AddedBlackList,frozen by Tether,
0x11a187ed42116d3ced517555840634ae9e89a8ea,ETH,usdt_frozen_illicit,usdt_banned,Tether AddedBlackList,frozen by Tether,
0x11b0cbad1eb39f14d934be986b590f3e663978e6,ETH,usdt_frozen_illicit,usdt_banned,Tether AddedBlackList,frozen by Tether,
0x120826b3f10c4d5fa282d7d9c6bc31c5fbd5134f,ETH,usdt_frozen_illicit,usdt_banned,Tether AddedBlackList,frozen by Tether,
0x1267d66a24ba02458acdb775431b8a33d515abb0,ETH,usdt_frozen_illicit,usdt_banned,Tether AddedBlackList,frozen by Tether,
0x127a35f56c5bcc5ed515b0ba091be72649ab8f58,ETH,usdt_frozen_illicit,usdt_banned,Tether AddedBlackList,frozen by Tether,
0x127c9c904ca178a5230da25d228a5eaecd732f7e,ETH,usdt_frozen_illicit,usdt_banned,Tether AddedBlackList,frozen by Tether,
0x129b147a85b7b838b328c8a343a55a2ea17fbd7a,ETH,usdt_frozen_illicit,usdt_banned,Tether AddedBlackList,frozen by Tether,
0x129b4aca864eaa4881d6f85668c81ca9929cbb50,ETH,usdt_frozen_illicit,usdt_banned,Tether AddedBlackList,frozen by Tether,
0x12a60d819c2a8012da7c561b82242cf6dbe5d7a9,ETH,usdt_frozen_illicit,usdt_banned,Tether AddedBlackList,frozen by Tether,
0x12c2f9ad3588967b83b4f9b2f788c463abf14c8f,ETH,usdt_frozen_illicit,usdt_banned,Tether AddedBlackList,frozen by Tether,
0x12e5ebc4bf37c7ad879ea2f5fee7db66df80ca05,ETH,usdt_frozen_illicit,usdt_banned,Tether AddedBlackList,frozen by Tether,
0x12ed624dbe31a7c49e4a9f8fdbb1eb3365847515,ETH,usdt_frozen_illicit,usdt_banned,Tether AddedBlackList,frozen by Tether,
0x13045d03de74254b0cbb88780ba48cd726764707,ETH,usdt_frozen_illicit,usdt_banned,Tether AddedBlackList,frozen by Tether,
0x1321f1f1aa541a56c31682c57b80ecfccd9bb288,ETH,usdt_frozen_illicit,usdt_banned,Tether AddedBlackList,frozen by Tether,
0x1322bab2872694f6d6bf4bc46051d3361ec2a009,ETH,usdt_frozen_illicit,usdt_banned,Tether AddedBlackList,frozen by Tether,
0x1329410051fc114d8050b007717fc7575a221c71,ETH,usdt_frozen_illicit,usdt_banned,Tether AddedBlackList,frozen by Tether,
0x13e19ace56c9efbcd3d27f34bf09baad1ef47bc9,ETH,usdt_frozen_illicit,usdt_banned,Tether AddedBlackList,frozen by Tether,
0x1429ffdf813f4902cb73ea6ae93cad35d60b644b,ETH,usdt_frozen_illicit,usdt_banned,Tether AddedBlackList,frozen by Tether,
0x1448d6ad289c058f0d7ae455e649d6f5ce971250,ETH,usdt_frozen_illicit,usdt_banned,Tether AddedBlackList,frozen by Tether,
0x1450d3cf36d3c6794dc6a47d6be60e120b06f8c2,ETH,usdt_frozen_illicit,usdt_banned,Tether AddedBlackList,frozen by Tether,
0x1452093d9054990eef078b88f8d5832ad6b0f5e9,ETH,usdt_frozen_illicit,usdt_banned,Tether AddedBlackList,frozen by Tether,
0x14675623b1d8fcaa086ebcc82ce5d390d6c681c3,ETH,usdt_frozen_illicit,usdt_banned,Tether AddedBlackList,frozen by Tether,
0x14695f3d696bad62bbc7bfc8024317fcab744192,ETH,usdt_frozen_illicit,usdt_banned,Tether AddedBlackList,frozen by Tether,
0x1478dbad15d3096f114890b35e1bfbc42d3e248d,ETH,usdt_frozen_illicit,usdt_banned,Tether AddedBlackList,frozen by Tether,
0x14a3f239eebbc649f030694dffd7b1bf37ffc6ca,ETH,usdt_frozen_illicit,usdt_banned,Tether AddedBlackList,frozen by Tether,
0x14ec0cd2acee4ce37260b925f74648127a889a28,ETH,usdt_frozen_illicit,usdt_banned,Tether AddedBlackList,frozen by Tether,
0x15148d99cb8ca101296ef8a5203954ffc5718b3a,ETH,usdt_frozen_illicit,usdt_banned,Tether AddedBlackList,frozen by Tether,
0x15793e615ac7a6f27cd6a38d9561475501183d6c,ETH,usdt_frozen_illicit,usdt_banned,Tether AddedBlackList,frozen by Tether,
0x15824de78a61a8b493ccd8a48e58463536b17028,ETH,usdt_frozen_illicit,usdt_banned,Tether AddedBlackList,frozen by Tether,
0x15ae596e333da3f41c9e7926cd5c028f42647af4,ETH,usdt_frozen_illicit,usdt_banned,Tether AddedBlackList,frozen by Tether,
0x15cce358a48bc3f2a4b346e1b4ccca90c552910f,ETH,usdt_frozen_illicit,usdt_banned,Tether AddedBlackList,frozen by Tether,
0x15e6f98d8d5b56dfa3977d37f72a9f4265b8d27e,ETH,usdt_frozen_illicit,usdt_banned,Tether AddedBlackList,frozen by Tether,
0x16122aba7cd03c8e867ccf28276cd5edfe1e7762,ETH,usdt_frozen_illicit,usdt_banned,Tether AddedBlackList,frozen by Tether,
0x1659668950f84a3127b14cb4eaedf59a55fbf30c,ETH,usdt_frozen_illicit,usdt_banned,Tether AddedBlackList,frozen by Tether,
0x16701d1ab0c42b0434d22be76993ea8beec13217,ETH,usdt_frozen_illicit,usdt_banned,Tether AddedBlackList,frozen by Tether,
0x16ab8e7f8dee006dbe4bd2d322dfdbde11d3ef52,ETH,usdt_frozen_illicit,usdt_banned,Tether AddedBlackList,frozen by Tether,
0x16dfeeaa3bc7850c9474be8b5ce418efe02af1b0,ETH,usdt_frozen_illicit,usdt_banned,Tether AddedBlackList,frozen by Tether,
0x16eda424fc241542eb95739992e7d0fd821bf3ff,ETH,usdt_frozen_illicit,usdt_banned,Tether AddedBlackList,frozen by Tether,
0x17100d6ed658272b00fed012b6f6dbafff321c52,ETH,usdt_frozen_illicit,usdt_banned,Tether AddedBlackList,frozen by Tether,
0x17101f2153d55de3344aad88504d28058c4a5c26,ETH,usdt_frozen_illicit,usdt_banned,Tether AddedBlackList,frozen by Tether,
0x1714d94511ef3d9a91f83706ff84be534c847b12,ETH,usdt_frozen_illicit,usdt_banned,Tether AddedBlackList,frozen by Tether,
0x1723eb6c8fb98d2678ed186c48db11bbd12a80eb,ETH,usdt_frozen_illicit,usdt_banned,Tether AddedBlackList,frozen by Tether,
0x1736bde1fde86ffa7ee124f4c40aa7d9e1c90c83,ETH,usdt_frozen_illicit,usdt_banned,Tether AddedBlackList,frozen by Tether,
0x1769452cd6460fbab71edf9b8ec12cc1e8a2709a,ETH,usdt_frozen_illicit,usdt_banned,Tether AddedBlackList,frozen by Tether,
0x178efb90b5ac407db5edc3697f1b24f37e5e996f,ETH,usdt_frozen_illicit,usdt_banned,Tether AddedBlackList,frozen by Tether,
0x17ce88e3e2417f6c13db93f619423cc4c5f51e89,ETH,usdt_frozen_illicit,usdt_banned,Tether AddedBlackList,frozen by Tether,
0x17d25a67781122e89bcaeba36a5c72a4aa809e4e,ETH,usdt_frozen_illicit,usdt_banned,Tether AddedBlackList,frozen by Tether,
0x17ee3933081f651db731971f6996372acbd56800,ETH,usdt_frozen_illicit,usdt_banned,Tether AddedBlackList,frozen by Tether,
0x17f4380e78e43604df55cd6da1c81ae6f2554826,ETH,usdt_frozen_illicit,usdt_banned,Tether AddedBlackList,frozen by Tether,
0x181dc0c824fa88d86f51a44722303d619a3ede32,ETH,usdt_frozen_illicit,usdt_banned,Tether AddedBlackList,frozen by Tether,
0x1850d3c5bc9ce1105f6df80e54709463f3241cb0,ETH,usdt_frozen_illicit,usdt_banned,Tether AddedBlackList,frozen by Tether,
0x187ac32a4848a0537e643f0b01e9592147df89b8,ETH,usdt_frozen_illicit,usdt_banned,Tether AddedBlackList,frozen by Tether,
0x188301e12db86560dcc87b1f06a4c1e6c285c620,ETH,usdt_frozen_illicit,usdt_banned,Tether AddedBlackList,frozen by Tether,
0x1888853b19cdb9c2285394aceab610cbdd254c71,ETH,usdt_frozen_illicit,usdt_banned,Tether AddedBlackList,frozen by Tether,
0x189c2b7c2bbccb3ee57b6549bd4a63ae26def340,ETH,usdt_frozen_illicit,usdt_banned,Tether AddedBlackList,frozen by Tether,
0x189d23128272a4960283140d720b511abbe9284b,ETH,usdt_frozen_illicit,usdt_banned,Tether AddedBlackList,frozen by Tether,
0x18a433b71d4fb79eebfedf20a1eb60c7459132a3,ETH,usdt_frozen_illicit,usdt_banned,Tether AddedBlackList,frozen by Tether,
0x18a487aa3ec47219c4a4846ee5a683d08e2410ff,ETH,usdt_frozen_illicit,usdt_banned,Tether AddedBlackList,frozen by Tether,
0x18bc757caa7658995c40dc7542254613ab2580f6,ETH,usdt_frozen_illicit,usdt_banned,Tether AddedBlackList,frozen by Tether,
0x18f8f21f92334f8ce8da915eec755bc1751cf124,ETH,usdt_frozen_illicit,usdt_banned,Tether AddedBlackList,frozen by Tether,
0x18fae44d01a92ede3362d321ad435e3876767edd,ETH,usdt_frozen_illicit,usdt_banned,Tether AddedBlackList,frozen by Tether,
0x193d132f72eec38c6fa74bc9300d343826df0b2a,ETH,usdt_frozen_illicit,usdt_banned,Tether AddedBlackList,frozen by Tether,
0x1976a8edab55fe92a57517be49bc747d7ad90fc2,ETH,usdt_frozen_illicit,usdt_banned,Tether AddedBlackList,frozen by Tether,
0x19bd896186bdc727afa03b8ac8516939d95f9da9,ETH,usdt_frozen_illicit,usdt_banned,Tether AddedBlackList,frozen by Tether,
0x1a2ee266f32e20c00c13d66b8401e2e0705fd5b4,ETH,usdt_frozen_illicit,usdt_banned,Tether AddedBlackList,frozen by Tether,
0x1a3a132f218d07b426e535f14f2572ab025ad69b,ETH,usdt_frozen_illicit,usdt_banned,Tether AddedBlackList,frozen by Tether,
0x1a4b46696b2bb4794eb3d4c26f1c55f9170fa4c5,ETH,usdt_frozen_illicit,usdt_banned,Tether AddedBlackList,frozen by Tether,
0x1a4f09916577049e7b125bf55a2768d008aaba46,ETH,usdt_frozen_illicit,usdt_banned,Tether AddedBlackList,frozen by Tether,
0x1a97ed16289ab9098e2466758e6e5c7d4853bd46,ETH,usdt_frozen_illicit,usdt_banned,Tether AddedBlackList,frozen by Tether,
0x1a9c4c93bf60f4ccdbb1580137d7963f4cd0fc48,ETH,usdt_frozen_illicit,usdt_banned,Tether AddedBlackList,frozen by Tether,
0x1aaa2377cece78a46dbfca7861110093d45f71aa,ETH,usdt_frozen_illicit,usdt_banned,Tether AddedBlackList,frozen by Tether,
0x1ae8840ceaef6eec4da1b1e6e5fcf298800b46e6,ETH,usdt_frozen_illicit,usdt_banned,Tether AddedBlackList,frozen by Tether,
0x1b0b7607bc9df784f707c82e84410d7dfae3d006,ETH,usdt_frozen_illicit,usdt_banned,Tether AddedBlackList,frozen by Tether,
0x1b1adcdb3502d4a92e53db16840165466f3c6236,ETH,usdt_frozen_illicit,usdt_banned,Tether AddedBlackList,frozen by Tether,
0x1b1d670b084aa73c5c209c1b2f24862ab1e2dc91,ETH,usdt_frozen_illicit,usdt_banned,Tether AddedBlackList,frozen by Tether,
0x1b82b68da24409fbc6371345d0bb3c5c66656c13,ETH,usdt_frozen_illicit,usdt_banned,Tether AddedBlackList,frozen by Tether,
0x1b8d716f3e5b8571487cafbe16d1a3da24ba3010,ETH,usdt_frozen_illicit,usdt_banned,Tether AddedBlackList,frozen by Tether,
0x1bc00d6653dc62976a9932df580e78eab08385df,ETH,usdt_frozen_illicit,usdt_banned,Tether AddedBlackList,frozen by Tether,
0x1bcc27cc9314e7851a9ff65f096c6e6a45f8a204,ETH,usdt_frozen_illicit,usdt_banned,Tether AddedBlackList,frozen by Tether,
0x1bdd6956015976209e34e5f47c574a0f2ca9bd87,ETH,usdt_frozen_illicit,usdt_banned,Tether AddedBlackList,frozen by Tether,
0x1beefd787cee4dab81595c4bc3fbf3e029287af6,ETH,usdt_frozen_illicit,usdt_banned,Tether AddedBlackList,frozen by Tether,
0x1c097e02bcd6cd69946663ace4bc0b115e256bac,ETH,usdt_frozen_illicit,usdt_banned,Tether AddedBlackList,frozen by Tether,
0x1c2a8c2ab922500ee3cb7a38c54f040d252c6551,ETH,usdt_frozen_illicit,usdt_banned,Tether AddedBlackList,frozen by Tether,
0x1c66a84aefb21cd1a63b89cb90f771ed4e1859d4,ETH,usdt_frozen_illicit,usdt_banned,Tether AddedBlackList,frozen by Tether,
0x1cac2a92628989a0af7889a82d4deb40b53d1279,ETH,usdt_frozen_illicit,usdt_banned,Tether AddedBlackList,frozen by Tether,
0x1d211d4d043b81d1ff2793ea5f03c361c8015401,ETH,usdt_frozen_illicit,usdt_banned,Tether AddedBlackList,frozen by Tether,
0x1d2c41f7fa538b1f51db04147de5cbd68c90fa27,ETH,usdt_frozen_illicit,usdt_banned,Tether AddedBlackList,frozen by Tether,
0x1d33c71e95f452b49ba75a52f79588c48fa8731c,ETH,usdt_frozen_illicit,usdt_banned,Tether AddedBlackList,frozen by Tether,
0x1d35d77087b5998644e5180ce0b5867b44757f21,ETH,usdt_frozen_illicit,usdt_banned,Tether AddedBlackList,frozen by Tether,
0x1d7393441311992715f9adbebcfb0feec9a1d9e1,ETH,usdt_frozen_illicit,usdt_banned,Tether AddedBlackList,frozen by Tether,
0x1d8bd9c0c0a3f4b958d4263adc7904dfdd8889d8,ETH,usdt_frozen_illicit,usdt_banned,Tether AddedBlackList,frozen by Tether,
0x1dd16a5e2fb1d69529f7a37c4717a77035fc6682,ETH,usdt_frozen_illicit,usdt_banned,Tether AddedBlackList,frozen by Tether,
0x1dd53613618f47b27a148f8ef9eddfcd58e2a724,ETH,usdt_frozen_illicit,usdt_banned,Tether AddedBlackList,frozen by Tether,
0x1ddb6557315f58362dba3c37d55eec83023a8ec3,ETH,usdt_frozen_illicit,usdt_banned,Tether AddedBlackList,frozen by Tether,
0x1e18821e69b9faa8e6e75dffe54e7e25754beda0,ETH,usdt_frozen_illicit,usdt_banned,Tether AddedBlackList,frozen by Tether,
0x1e4190249873519726b9a275ffab5c560e5c02dc,ETH,usdt_frozen_illicit,usdt_banned,Tether AddedBlackList,frozen by Tether,
0x1e4ab07d8a19ef282254df8605e02c9441b9715f,ETH,usdt_frozen_illicit,usdt_banned,Tether AddedBlackList,frozen by Tether,
0x1e6e09c12e15cc46b1a03c7b50456021fe72a9a5,ETH,usdt_frozen_illicit,usdt_banned,Tether AddedBlackList,frozen by Tether,
0x1e942a68ec34e89d8d29741c93aab10d6bd95a31,ETH,usdt_frozen_illicit,usdt_banned,Tether AddedBlackList,frozen by Tether,
0x1eb570752c49a35675015626c8c86c3054e9f177,ETH,usdt_frozen_illicit,usdt_banned,Tether AddedBlackList,frozen by Tether,
0x1ebb70a5a92b66d4a7016c991d29f05c96c1400a,ETH,usdt_frozen_illicit,usdt_banned,Tether AddedBlackList,frozen by Tether,
0x1ed8fc553dd4159f8475c776811adf7139b6f3bf,ETH,usdt_frozen_illicit,usdt_banned,Tether AddedBlackList,frozen by Tether,
0x1f304d900c8a6eea0d5a12b776d1ce219da2e8a7,ETH,usdt_frozen_illicit,usdt_banned,Tether AddedBlackList,frozen by Tether,
0x1f36ecbd76f05f631a98932195a19b4b0494949e,ETH,usdt_frozen_illicit,usdt_banned,Tether AddedBlackList,frozen by Tether,
0x1f9dd945afc958f2c37e1a4b3eb9b08739922306,ETH,usdt_frozen_illicit,usdt_banned,Tether AddedBlackList,frozen by Tether,
0x1faf4344beaf9c90f9ed2cd2fdae0128063e6ae5,ETH,usdt_frozen_illicit,usdt_banned,Tether AddedBlackList,frozen by Tether,
0x1fb63d6bc35553b708317596a12a441112328aa3,ETH,usdt_frozen_illicit,usdt_banned,Tether AddedBlackList,frozen by Tether,
0x1fc9979855038ffa561871c7936156e13a6ae52b,ETH,usdt_frozen_illicit,usdt_banned,Tether AddedBlackList,frozen by Tether,
0x1fe09d4483a1c48f5eaf316fc933def5824eae82,ETH,usdt_frozen_illicit,usdt_banned,Tether AddedBlackList,frozen by Tether,
0x1fe24f25b1cf609b9c4e7e12d802e3640dfa5e43,ETH,usdt_frozen_illicit,usdt_banned,Tether AddedBlackList,frozen by Tether,
0x2009a69abfda4ee761c6e7c7fe5bdcd50fd696b4,ETH,usdt_frozen_illicit,usdt_banned,Tether AddedBlackList,frozen by Tether,
0x200f8f5135b90d75d54ecbe34367343f77867096,ETH,usdt_frozen_illicit,usdt_banned,Tether AddedBlackList,frozen by Tether,
0x20502a23ba21dd4cec15c2391ebe8fa3adec3586,ETH,usdt_frozen_illicit,usdt_banned,Tether AddedBlackList,frozen by Tether,
0x205e84af169123acf01bb8a46fedd4745536b641,ETH,usdt_frozen_illicit,usdt_banned,Tether AddedBlackList,frozen by Tether,
0x206691d35c14670dc7226dc5b0f8256107853c56,ETH,usdt_frozen_illicit,usdt_banned,Tether AddedBlackList,frozen by Tether,
0x2067343b705a444b6732ef5f786a4eb96be0e679,ETH,usdt_frozen_illicit,usdt_banned,Tether AddedBlackList,frozen by Tether,
0x207ba6a35a043be0865299e2a0c86b4a44558fbf,ETH,usdt_frozen_illicit,usdt_banned,Tether AddedBlackList,frozen by Tether,
0x207ef0c29c9b25d1ef276341adb17bb992262cc7,ETH,usdt_frozen_illicit,usdt_banned,Tether AddedBlackList,frozen by Tether,
0x20866e5dae7c3da3ca0e2b1fe10c92ad52d625a9,ETH,usdt_frozen_illicit,usdt_banned,Tether AddedBlackList,frozen by Tether,
0x20be90ebfd8395a34740db71d670d99da93b10a9,ETH,usdt_frozen_illicit,usdt_banned,Tether AddedBlackList,frozen by Tether,
0x20d99ca2c88b20e34f5d7f7e5fdc61c9181c6732,ETH,usdt_frozen_illicit,usdt_banned,Tether AddedBlackList,frozen by Tether,
0x20e66f6dccbd11092028273b86ab8d80954502df,ETH,usdt_frozen_illicit,usdt_banned,Tether AddedBlackList,frozen by Tether,
0x20e951590a56e860419c586fcb49faae80f4bd56,ETH,usdt_frozen_illicit,usdt_banned,Tether AddedBlackList,frozen by Tether,
0x21552e9fc5aa1e0839c53b576d94d909759d5944,ETH,usdt_frozen_illicit,usdt_banned,Tether AddedBlackList,frozen by Tether,
0x216b6aae1c05cd2e19324c91ce5a5ecad1d9143e,ETH,usdt_frozen_illicit,usdt_banned,Tether AddedBlackList,frozen by Tether,
0x21a3c54b186a7a832a68d96b10856c1cea6c385f,ETH,usdt_frozen_illicit,usdt_banned,Tether AddedBlackList,frozen by Tether,
0x21b1b0c3b12f69048c21ae70465b1f45e02b8dcc,ETH,usdt_frozen_illicit,usdt_banned,Tether AddedBlackList,frozen by Tether,
0x21d26a1054b9605ccc8cb15c5ca43eddefe72edc,ETH,usdt_frozen_illicit,usdt_banned,Tether AddedBlackList,frozen by Tether,
0x223947a0666aee8e078c7cc9abad3c2a7cffb15d,ETH,usdt_frozen_illicit,usdt_banned,Tether AddedBlackList,frozen by Tether,
0x2295f647854842d3636a369b29bf24622e0cb8d1,ETH,usdt_frozen_illicit,usdt_banned,Tether AddedBlackList,frozen by Tether,
0x229cc9cd2b2d63315cb9dc94462564cf4bd70f1b,ETH,usdt_frozen_illicit,usdt_banned,Tether AddedBlackList,frozen by Tether,
0x22c98b148a897e9540696234209e1e061fb37805,ETH,usdt_frozen_illicit,usdt_banned,Tether AddedBlackList,frozen by Tether,
0x22d6bf28bb93a9cc4afbfdb887224017feb27325,ETH,usdt_frozen_illicit,usdt_banned,Tether AddedBlackList,frozen by Tether,
0x23477020918e082ed756a6bbf5c0814e83835121,ETH,usdt_frozen_illicit,usdt_banned,Tether AddedBlackList,frozen by Tether,
0x2348131cae62b92307b75632f56816e9ea64d39a,ETH,usdt_frozen_illicit,usdt_banned,Tether AddedBlackList,frozen by Tether,
0x2381459cbf658f1a2aa009df5cb76667caaaf70c,ETH,usdt_frozen_illicit,usdt_banned,Tether AddedBlackList,frozen by Tether,
0x239ca59a143558e02c84c632176a067a8bbba314,ETH,usdt_frozen_illicit,usdt_banned,Tether AddedBlackList,frozen by Tether,
0x23fc72be7f0e751b2c6c8ec7d347f69dab630504,ETH,usdt_frozen_illicit,usdt_banned,Tether AddedBlackList,frozen by Tether,
0x23fd5cd59cc9c84b6e75cc9ee70de5a2e1f21a26,ETH,usdt_frozen_illicit,usdt_banned,Tether AddedBlackList,frozen by Tether,
0x241d5cc8435582eb9d03ece4f6a56181bc9a39c5,ETH,usdt_frozen_illicit,usdt_banned,Tether AddedBlackList,frozen by Tether,
0x242d65529f330751baf13120a0cf5face08ca9ca,ETH,usdt_frozen_illicit,usdt_banned,Tether AddedBlackList,frozen by Tether,
0x248f50eab61ad11608fd07fb2188163fd2e0c5c6,ETH,usdt_frozen_illicit,usdt_banned,Tether AddedBlackList,frozen by Tether,
0x249e38ea4102d0cf8264d3701f1a0e39c4f2dc3b,ETH,usdt_frozen_illicit,usdt_banned,Tether AddedBlackList,frozen by Tether,
0x24e3794605c84e580eea4972738d633e8a7127c8,ETH,usdt_frozen_illicit,usdt_banned,Tether AddedBlackList,frozen by Tether,
0x24e84708c39d9ddf841c2c6986c677ae89dfde75,ETH,usdt_frozen_illicit,usdt_banned,Tether AddedBlackList,frozen by Tether,
0x25375fb40645c4ec12b2ec9b627a9e0f4d1690b3,ETH,usdt_frozen_illicit,usdt_banned,Tether AddedBlackList,frozen by Tether,
0x257aa0ff90d49808adf31326fd8aee2b6ab44ee8,ETH,usdt_frozen_illicit,usdt_banned,Tether AddedBlackList,frozen by Tether,
0x258fbe6eadbde07ff979f306e1500c6b11740dd3,ETH,usdt_frozen_illicit,usdt_banned,Tether AddedBlackList,frozen by Tether,
0x25a6a1135ab4f0cba0a4c7c7a2ee1cff9f1d6737,ETH,usdt_frozen_illicit,usdt_banned,Tether AddedBlackList,frozen by Tether,
0x25babdfe9a422493a2c3f68db43a5f705d8e144f,ETH,usdt_frozen_illicit,usdt_banned,Tether AddedBlackList,frozen by Tether,
0x25d33526deed7ef7fbf280e0ae64ffa2885797a2,ETH,usdt_frozen_illicit,usdt_banned,Tether AddedBlackList,frozen by Tether,
0x25d4cfc04411a1f9e17b5b36e20bd079f9460b9a,ETH,usdt_frozen_illicit,usdt_banned,Tether AddedBlackList,frozen by Tether,
0x25f8a01ebd73d620d7e1923edbddfbbb0fb812d6,ETH,usdt_frozen_illicit,usdt_banned,Tether AddedBlackList,frozen by Tether,
0x2609bfda99430fe5b62b17afd91c62ab1a843ca9,ETH,usdt_frozen_illicit,usdt_banned,Tether AddedBlackList,frozen by Tether,
0x261b5256b3ef108be3823cad6a471f11c56036dd,ETH,usdt_frozen_illicit,usdt_banned,Tether AddedBlackList,frozen by Tether,
0x264f2723a8d802a29c3800dbb5a2f4461935aa0d,ETH,usdt_frozen_illicit,usdt_banned,Tether AddedBlackList,frozen by Tether,
0x266cf685565a922f45a9f18492b30d7e4dbf1c84,ETH,usdt_frozen_illicit,usdt_banned,Tether AddedBlackList,frozen by Tether,
0x2671b2845f445430c1dad7499a092d971f591157,ETH,usdt_frozen_illicit,usdt_banned,Tether AddedBlackList,frozen by Tether,
0x269915190502566025d195fd2adb57501699d8fd,ETH,usdt_frozen_illicit,usdt_banned,Tether AddedBlackList,frozen by Tether,
0x26acf10fa17175dda0105fdd80acc8eaa73103ec,ETH,usdt_frozen_illicit,usdt_banned,Tether AddedBlackList,frozen by Tether,
0x26b8d4320c8c35136bd662f8648bacd316aea066,ETH,usdt_frozen_illicit,usdt_banned,Tether AddedBlackList,frozen by Tether,
0x26bcaf23dcdc753328d28a3dfcacc77df7e140e7,ETH,usdt_frozen_illicit,usdt_banned,Tether AddedBlackList,frozen by Tether,
0x26e2265c66d7de39bdf0570a74118bbeec782ea1,ETH,usdt_frozen_illicit,usdt_banned,Tether AddedBlackList,frozen by Tether,
0x2705261404fcac697edf6f643fb0aa4b2b0832d1,ETH,usdt_frozen_illicit,usdt_banned,Tether AddedBlackList,frozen by Tether,
0x270e7b73aba8232b2dbfed6b4667b13f8bd868a0,ETH,usdt_frozen_illicit,usdt_banned,Tether AddedBlackList,frozen by Tether,
0x27280a1a1f6262f7492b96a93019341d17530d28,ETH,usdt_frozen_illicit,usdt_banned,Tether AddedBlackList,frozen by Tether,
0x27889548c9d767e48e45b2f07ef3cf1faa5b2a97,ETH,usdt_frozen_illicit,usdt_banned,Tether AddedBlackList,frozen by Tether,
0x27ab9f64be24ff3ec67e00fa39e6d2fb129db035,ETH,usdt_frozen_illicit,usdt_banned,Tether AddedBlackList,frozen by Tether,
0x28332c6afb5100d9a9b82844fe29ff6884223c6b,ETH,usdt_frozen_illicit,usdt_banned,Tether AddedBlackList,frozen by Tether,
0x285449ff46ac43301091b0582ddd986e0117906e,ETH,usdt_frozen_illicit,usdt_banned,Tether AddedBlackList,frozen by Tether,
0x28ee8303123fe04afe698bdc5b9ff8ffe0f4ea64,ETH,usdt_frozen_illicit,usdt_banned,Tether AddedBlackList,frozen by Tether,
0x28f3b5559344d2425096893e2ed89026ab9158ae,ETH,usdt_frozen_illicit,usdt_banned,Tether AddedBlackList,frozen by Tether,
0x290c99e7b6d30a8ed01a6549580c2edeb745a5a0,ETH,usdt_frozen_illicit,usdt_banned,Tether AddedBlackList,frozen by Tether,
0x291bc570aac1e90a0c5230fbfb3f97274c111273,ETH,usdt_frozen_illicit,usdt_banned,Tether AddedBlackList,frozen by Tether,
0x29270189812cbe729e30ef847cc07a089ec3ef23,ETH,usdt_frozen_illicit,usdt_banned,Tether AddedBlackList,frozen by Tether,
0x2955fb0bfde98353a92fc2981fd00da5839cb88c,ETH,usdt_frozen_illicit,usdt_banned,Tether AddedBlackList,frozen by Tether,
0x2957facb719e8892900340c663f1e07ecc2b01b4,ETH,usdt_frozen_illicit,usdt_banned,Tether AddedBlackList,frozen by Tether,
0x296ab0cd87840db642a05522306f679c77f9bbc1,ETH,usdt_frozen_illicit,usdt_banned,Tether AddedBlackList,frozen by Tether,
0x2971a0f1f152e60349ce9be43cebcff132cb5c2d,ETH,usdt_frozen_illicit,usdt_banned,Tether AddedBlackList,frozen by Tether,
0x29e7e2ccad6cd025a9b03fedcdd344eeba19cf76,ETH,usdt_frozen_illicit,usdt_banned,Tether AddedBlackList,frozen by Tether,
0x29ecb21e126ea61f531fc6383cbc8c7b66efb93d,ETH,usdt_frozen_illicit,usdt_banned,Tether AddedBlackList,frozen by Tether,
0x29fcc7c3e2cfc916ee3103ff3ffb4a95825151ad,ETH,usdt_frozen_illicit,usdt_banned,Tether AddedBlackList,frozen by Tether,
0x2a12b4986119e606958c259d622d2920480b3eaf,ETH,usdt_frozen_illicit,usdt_banned,Tether AddedBlackList,frozen by Tether,
0x2a49f49c0930abad81de3edf75a61cf3c06772d3,ETH,usdt_frozen_illicit,usdt_banned,Tether AddedBlackList,frozen by Tether,
0x2a4f9e8a8071adf0b6be883644c4f4910c3d1c30,ETH,usdt_frozen_illicit,usdt_banned,Tether AddedBlackList,frozen by Tether,
0x2ab2adeb0a365080f13f9507199c57829767f966,ETH,usdt_frozen_illicit,usdt_banned,Tether AddedBlackList,frozen by Tether,
0x2b0aaf924e8e0e00c014c3222473df5f58f34323,ETH,usdt_frozen_illicit,usdt_banned,Tether AddedBlackList,frozen by Tether,
0x2b0ba71801089f324c1d844bea921090ee350b6b,ETH,usdt_frozen_illicit,usdt_banned,Tether AddedBlackList,frozen by Tether,
0x2b19d941d6a639ab9a3a70555c34cbba47a52076,ETH,usdt_frozen_illicit,usdt_banned,Tether AddedBlackList,frozen by Tether,
0x2b4cb2a3898c0e2f179340850331d7ec022bc353,ETH,usdt_frozen_illicit,usdt_banned,Tether AddedBlackList,frozen by Tether,
0x2b591e99afe9f32eaa6214f7b7629768c40eeb39,ETH,usdt_frozen_illicit,usdt_banned,Tether AddedBlackList,frozen by Tether,
0x2b6709c5d0b2d747f65ade7b74065517b664fb2e,ETH,usdt_frozen_illicit,usdt_banned,Tether AddedBlackList,frozen by Tether,
0x2bad00af1c9c5306d7bab880931f5f51c631a286,ETH,usdt_frozen_illicit,usdt_banned,Tether AddedBlackList,frozen by Tether,
0x2bde13ac4c6dd333471186b93ab009f4c7aca6b8,ETH,usdt_frozen_illicit,usdt_banned,Tether AddedBlackList,frozen by Tether,
0x2c09de5466ea6234dbad3915b8f9ec53c321e90e,ETH,usdt_frozen_illicit,usdt_banned,Tether AddedBlackList,frozen by Tether,
0x2c6ce190452c43f6387929d3802b23e3d43270f3,ETH,usdt_frozen_illicit,usdt_banned,Tether AddedBlackList,frozen by Tether,
0x2c77621324be3bfeefdc5e25204af6db88ff798a,ETH,usdt_frozen_illicit,usdt_banned,Tether AddedBlackList,frozen by Tether,
0x2ccee18f506e92ef914c15b3ee729d54808fe357,ETH,usdt_frozen_illicit,usdt_banned,Tether AddedBlackList,frozen by Tether,
0x2cedfa2a7f5e1102830b81759b95353c08973386,ETH,usdt_frozen_illicit,usdt_banned,Tether AddedBlackList,frozen by Tether,
0x2d43b14ed6c61389fd0b398b73c6782231dff73a,ETH,usdt_frozen_illicit,usdt_banned,Tether AddedBlackList,frozen by Tether,
0x2d5c4de9a8a12ebf64aadcd120f9ebc22b22dbda,ETH,usdt_frozen_illicit,usdt_banned,Tether AddedBlackList,frozen by Tether,
0x2d80c54cb71ad3c7da123e8ed2d18bc36ccd23e6,ETH,usdt_frozen_illicit,usdt_banned,Tether AddedBlackList,frozen by Tether,
0x2d8e135b4bd81e8a1d04efa19d9485d2eb12fcf3,ETH,usdt_frozen_illicit,usdt_banned,Tether AddedBlackList,frozen by Tether,
0x2dd2eb56cd4cb11ec41d413ccb2957474858db9b,ETH,usdt_frozen_illicit,usdt_banned,Tether AddedBlackList,frozen by Tether,
0x2e1d38d7eca34477c64dd8d94bdf0d4dd92e5f53,ETH,usdt_frozen_illicit,usdt_banned,Tether AddedBlackList,frozen by Tether,
0x2e2b305cfd35ab22a767b67a8bf5dceb75c8dc7d,ETH,usdt_frozen_illicit,usdt_banned,Tether AddedBlackList,frozen by Tether,
0x2eaebe56cc35cda0bc9ab07e5e7f54d6fba50ffe,ETH,usdt_frozen_illicit,usdt_banned,Tether AddedBlackList,frozen by Tether,
0x2ebfeb8f352f1c6f77bdd48b0bc02c91e31214bd,ETH,usdt_frozen_illicit,usdt_banned,Tether AddedBlackList,frozen by Tether,
0x2eda15ed492081d73aff4023e32da200abc6992f,ETH,usdt_frozen_illicit,usdt_banned,Tether AddedBlackList,frozen by Tether,
0x2ef383177d7b2fc4b7b881e6749be83a88f5920a,ETH,usdt_frozen_illicit,usdt_banned,Tether AddedBlackList,frozen by Tether,
0x2f20be0ed344b97e1d916b577b446111335971d5,ETH,usdt_frozen_illicit,usdt_banned,Tether AddedBlackList,frozen by Tether,
0x2fa88388dd6ab3caa19caaf24d33f551d33a45c9,ETH,usdt_frozen_illicit,usdt_banned,Tether AddedBlackList,frozen by Tether,
0x2fe0f1228f5bc2e2b9969a6dddea280fb0d24647,ETH,usdt_frozen_illicit,usdt_banned,Tether AddedBlackList,frozen by Tether,
0x30106c34c8ef46a000acf888f8ea38a71e7d170d,ETH,usdt_frozen_illicit,usdt_banned,Tether AddedBlackList,frozen by Tether,
0x303064434e5ae73dbef734a7c0a7ecc0a2bfce1a,ETH,usdt_frozen_illicit,usdt_banned,Tether AddedBlackList,frozen by Tether,
0x307113b50601b9e6a995ceda88fab1976ab5a0d4,ETH,usdt_frozen_illicit,usdt_banned,Tether AddedBlackList,frozen by Tether,
0x307d6c4256366735328986560e5ff455daaf9229,ETH,usdt_frozen_illicit,usdt_banned,Tether AddedBlackList,frozen by Tether,
0x308082ed2e1c0e23b139416b0ed0a3b69c42f81b,ETH,usdt_frozen_illicit,usdt_banned,Tether AddedBlackList,frozen by Tether,
0x30e2fcf89b3c1c084b6bb07c08cc482dfcb0a6a6,ETH,usdt_frozen_illicit,usdt_banned,Tether AddedBlackList,frozen by Tether,
0x31083543ef3e76447bb44b2d089c8cfbfb1fde82,ETH,usdt_frozen_illicit,usdt_banned,Tether AddedBlackList,frozen by Tether,
0x31305b5d8ee928a8240981b2fb1ad16d5c075add,ETH,usdt_frozen_illicit,usdt_banned,Tether AddedBlackList,frozen by Tether,
0x3134d3494d0fb206e5760782f6f247cf879cef44,ETH,usdt_frozen_illicit,usdt_banned,Tether AddedBlackList,frozen by Tether,
0x313dfe7900935237e4f46d146756bfc476caf930,ETH,usdt_frozen_illicit,usdt_banned,Tether AddedBlackList,frozen by Tether,
0x315a3e57f294e6db9c04a0cc05f8440057d55ae1,ETH,usdt_frozen_illicit,usdt_banned,Tether AddedBlackList,frozen by Tether,
0x3167f13de0c274085b6c7876b63cefdf3f743e1b,ETH,usdt_frozen_illicit,usdt_banned,Tether AddedBlackList,frozen by Tether,
0x317a06c1691f0649ff54d99b0b5183c4fcdf70ab,ETH,usdt_frozen_illicit,usdt_banned,Tether AddedBlackList,frozen by Tether,
0x31b302d7f45e3293052b40e3d754f63d6015ef41,ETH,usdt_frozen_illicit,usdt_banned,Tether AddedBlackList,frozen by Tether,
0x321df98447b5a2518c30e55a40fc1450c57d3533,ETH,usdt_frozen_illicit,usdt_banned,Tether AddedBlackList,frozen by Tether,
0x322a2a125fd8924ddd09bfd8be5cc61dd9868c2d,ETH,usdt_frozen_illicit,usdt_banned,Tether AddedBlackList,frozen by Tether,
0x3239bd0e775ac483822197012a2db4e65b335233,ETH,usdt_frozen_illicit,usdt_banned,Tether AddedBlackList,frozen by Tether,
0x3256332eb5ed3c3886a67de8db6d78ff0d8a9564,ETH,usdt_frozen_illicit,usdt_banned,Tether AddedBlackList,frozen by Tether,
0x325ca1f85b9bb42af97a3a17638e5a461c982402,ETH,usdt_frozen_illicit,usdt_banned,Tether AddedBlackList,frozen by Tether,
0x32854585d620b74733430796d5a5ddd4085e3c10,ETH,usdt_frozen_illicit,usdt_banned,Tether AddedBlackList,frozen by Tether,
0x32a895bae7aa91ee5e423d756eb36b29b1d45785,ETH,usdt_frozen_illicit,usdt_banned,Tether AddedBlackList,frozen by Tether,
0x32e321b5ba608e8323a25447ebef3896960b7396,ETH,usdt_frozen_illicit,usdt_banned,Tether AddedBlackList,frozen by Tether,
0x32efdda019ed6481a94208a3ec9c19f87a56a861,ETH,usdt_frozen_illicit,usdt_banned,Tether AddedBlackList,frozen by Tether,
0x3302c2ea22520bd5e7ebde0eef31072e9990c18c,ETH,usdt_frozen_illicit,usdt_banned,Tether AddedBlackList,frozen by Tether,
0x3331576d271f39ee303c7cfc05b35d4736e1a109,ETH,usdt_frozen_illicit,usdt_banned,Tether AddedBlackList,frozen by Tether,
0x334cd55f412ad6bc8105486c7e61953da6129e7a,ETH,usdt_frozen_illicit,usdt_banned,Tether AddedBlackList,frozen by Tether,
0x3365cff5e0970fbb2cf744796901002d9987c0dc,ETH,usdt_frozen_illicit,usdt_banned,Tether AddedBlackList,frozen by Tether,
0x3383c5a8969dc413bfddc9656eb80a1408e4ba20,ETH,usdt_frozen_illicit,usdt_banned,Tether AddedBlackList,frozen by Tether,
0x33b09d87b0e601eea026a2d6d2689a719096aefa,ETH,usdt_frozen_illicit,usdt_banned,Tether AddedBlackList,frozen by Tether,
0x33bf8d9996bae754e5eb24931e38c74a072edeb3,ETH,usdt_frozen_illicit,usdt_banned,Tether AddedBlackList,frozen by Tether,
0x33c55d65ff2116fc1de1ad48f5bdb85d56dc3f68,ETH,usdt_frozen_illicit,usdt_banned,Tether AddedBlackList,frozen by Tether,
0x33d0568941c0c64ff7e0fb4fba0b11bd37deed9f,ETH,usdt_frozen_illicit,usdt_banned,Tether AddedBlackList,frozen by Tether,
0x3431bb7a9a1d229928a090ae21bbfad59e15df33,ETH,usdt_frozen_illicit,usdt_banned,Tether AddedBlackList,frozen by Tether,
0x3449fc1cd036255ba1eb19d65ff4ba2b8903a69a,ETH,usdt_frozen_illicit,usdt_banned,Tether AddedBlackList,frozen by Tether,
0x344d9d600e6b59a51198c00f681603cc72fd62db,ETH,usdt_frozen_illicit,usdt_banned,Tether AddedBlackList,frozen by Tether,
0x3485fad6dea96f0c6edc86eadfb73e9282f59172,ETH,usdt_frozen_illicit,usdt_banned,Tether AddedBlackList,frozen by Tether,
0x348a042dfedaf64400bf6660fe0ed523b373f172,ETH,usdt_frozen_illicit,usdt_banned,Tether AddedBlackList,frozen by Tether,
0x34de531869bf6405caa530fc984d9e4c520b7a80,ETH,usdt_frozen_illicit,usdt_banned,Tether AddedBlackList,frozen by Tether,
0x353fb6aa97fb808fcc8c7baa43df273cd64d4355,ETH,usdt_frozen_illicit,usdt_banned,Tether AddedBlackList,frozen by Tether,
0x35663b9a8e4563eefdf852018548b4947b20fce6,ETH,usdt_frozen_illicit,usdt_banned,Tether AddedBlackList,frozen by Tether,
0x3598e420d848a8661e266adc7793f2c0f13e29ff,ETH,usdt_frozen_illicit,usdt_banned,Tether AddedBlackList,frozen by Tether,
0x35b2d9e777be4826532bc96d22ad3b4f4dbe0e60,ETH,usdt_frozen_illicit,usdt_banned,Tether AddedBlackList,frozen by Tether,
0x35be05ab08bf0efb4d8760af86a3e2e995f1391d,ETH,usdt_frozen_illicit,usdt_banned,Tether AddedBlackList,frozen by Tether,
0x3602f3a38ebe0077a187bac005c11d93fdc92335,ETH,usdt_frozen_illicit,usdt_banned,Tether AddedBlackList,frozen by Tether,
0x365a80b9d9a333e4a455a3e9360c646f8943a734,ETH,usdt_frozen_illicit,usdt_banned,Tether AddedBlackList,frozen by Tether,
0x36817c7b968160c4be0132c5985d0985893a17d3,ETH,usdt_frozen_illicit,usdt_banned,Tether AddedBlackList,frozen by Tether,
0x36fc866dce5268d68c1ae91ede771cf57887851b,ETH,usdt_frozen_illicit,usdt_banned,Tether AddedBlackList,frozen by Tether,
0x37b8c7cfea96a632572c63fb4101980d5550606d,ETH,usdt_frozen_illicit,usdt_banned,Tether AddedBlackList,frozen by Tether,
0x37b9a0e18bf70b009b757c49857b5299745a63a0,ETH,usdt_frozen_illicit,usdt_banned,Tether AddedBlackList,frozen by Tether,
0x37c2097e14b44c7d4225af26dc6812a0863c7007,ETH,usdt_frozen_illicit,usdt_banned,Tether AddedBlackList,frozen by Tether,
0x37c545dae781c5ee433e81cdbe54401effd111b4,ETH,usdt_frozen_illicit,usdt_banned,Tether AddedBlackList,frozen by Tether,
0x37cd869582ddcc9db0cee5c587105cb597a9a76b,ETH,usdt_frozen_illicit,usdt_banned,Tether AddedBlackList,frozen by Tether,
0x37e77753fb405ece1164b7179ca4800c99f5c7d8,ETH,usdt_frozen_illicit,usdt_banned,Tether AddedBlackList,frozen by Tether,
0x37eb76496528592c03d29f4570bdfdf3113c8b5d,ETH,usdt_frozen_illicit,usdt_banned,Tether AddedBlackList,frozen by Tether,
0x382ead84df105d269c2cd01314ab060e6d7e43fb,ETH,usdt_frozen_illicit,usdt_banned,Tether AddedBlackList,frozen by Tether,
0x384c4aa36e545d7e4edce95dbe60daba706966cf,ETH,usdt_frozen_illicit,usdt_banned,Tether AddedBlackList,frozen by Tether,
0x386a6517171542a5e9d58ff8e6acf4217e18ee57,ETH,usdt_frozen_illicit,usdt_banned,Tether AddedBlackList,frozen by Tether,
0x38a7ad1b9c79446428297932aa2b14875b5a4ebe,ETH,usdt_frozen_illicit,usdt_banned,Tether AddedBlackList,frozen by Tether,
0x38a8fc7133b11ca8c1128a0c3523435002ea1cfe,ETH,usdt_frozen_illicit,usdt_banned,Tether AddedBlackList,frozen by Tether,
0x38cbe416e56585425993a38aa8e8ce49e915423f,ETH,usdt_frozen_illicit,usdt_banned,Tether AddedBlackList,frozen by Tether,
0x396213452da6b60aca7c487f6c3f2260a99cadfb,ETH,usdt_frozen_illicit,usdt_banned,Tether AddedBlackList,frozen by Tether,
0x396d520b52bbb7b3818bf02f47456515658d8799,ETH,usdt_frozen_illicit,usdt_banned,Tether AddedBlackList,frozen by Tether,
0x399d4bd869012762832996d8817580b20db0669c,ETH,usdt_frozen_illicit,usdt_banned,Tether AddedBlackList,frozen by Tether,
0x39c0aef56c4f35d29db3f2d6c86e30468cceb0d6,ETH,usdt_frozen_illicit,usdt_banned,Tether AddedBlackList,frozen by Tether,
0x39c5088b3019cab57ee8d5b2798fe55b8c3a560d,ETH,usdt_frozen_illicit,usdt_banned,Tether AddedBlackList,frozen by Tether,
0x39f288ea61d0ca284f2fc62ec321b6775cbee144,ETH,usdt_frozen_illicit,usdt_banned,Tether AddedBlackList,frozen by Tether,
0x3a07efbd1103eb958ef9fc93442be91c7e07fbc3,ETH,usdt_frozen_illicit,usdt_banned,Tether AddedBlackList,frozen by Tether,
0x3a20f163d40c046311d1f91d015bc65bcbff671c,ETH,usdt_frozen_illicit,usdt_banned,Tether AddedBlackList,frozen by Tether,
0x3a2630e63c8bf6acf383ea89289a6c050f572051,ETH,usdt_frozen_illicit,usdt_banned,Tether AddedBlackList,frozen by Tether,
0x3a9448be406c87573f5d35ede38af8731ca02114,ETH,usdt_frozen_illicit,usdt_banned,Tether AddedBlackList,frozen by Tether,
0x3a9566c752e2f22189aad63371afb627ac8a3e9a,ETH,usdt_frozen_illicit,usdt_banned,Tether AddedBlackList,frozen by Tether,
0x3ac4a91b718b9845d4519936ea4db8fb2a6ec115,ETH,usdt_frozen_illicit,usdt_banned,Tether AddedBlackList,frozen by Tether,
0x3ac53c9acceb59d37ea663ff7f57004d00f7c0f5,ETH,usdt_frozen_illicit,usdt_banned,Tether AddedBlackList,frozen by Tether,
0x3acc2ed65a65a5694ba9f1282aa4f0d752013d20,ETH,usdt_frozen_illicit,usdt_banned,Tether AddedBlackList,frozen by Tether,
0x3b00d4664b9921f9f7b3d07f64401cf0a9de7213,ETH,usdt_frozen_illicit,usdt_banned,Tether AddedBlackList,frozen by Tether,
0x3b1857ac764af6663cdc0deef7ab72ed89e0d878,ETH,usdt_frozen_illicit,usdt_banned,Tether AddedBlackList,frozen by Tether,
0x3b2a153a99f1855d8aefe2c925c796eeb0b78d60,ETH,usdt_frozen_illicit,usdt_banned,Tether AddedBlackList,frozen by Tether,
0x3b2aca3b9d5f84a5f4a838c3954693ba639a9d88,ETH,usdt_frozen_illicit,usdt_banned,Tether AddedBlackList,frozen by Tether,
0x3b7f525dc67cca55251abb5d04c81a83a6005269,ETH,usdt_frozen_illicit,usdt_banned,Tether AddedBlackList,frozen by Tether,
0x3b9f47e7054cd07ab58837cacf8fc3c0859f0854,ETH,usdt_frozen_illicit,usdt_banned,Tether AddedBlackList,frozen by Tether,
0x3ba66fdd72ed4f666857abcbbc190626d069dc24,ETH,usdt_frozen_illicit,usdt_banned,Tether AddedBlackList,frozen by Tether,
0x3ba87300217aae17289338bc9d1db7f20b674552,ETH,usdt_frozen_illicit,usdt_banned,Tether AddedBlackList,frozen by Tether,
0x3c2af79de64f2c075dd2f1540278fa1a1d65bad2,ETH,usdt_frozen_illicit,usdt_banned,Tether AddedBlackList,frozen by Tether,
0x3c78da974a177c4737f59643c5531552bc4207ad,ETH,usdt_frozen_illicit,usdt_banned,Tether AddedBlackList,frozen by Tether,
0x3c7bf82f9dda782cec4102d18f53afb28aa1d26a,ETH,usdt_frozen_illicit,usdt_banned,Tether AddedBlackList,frozen by Tether,
0x3c98d617db017f51c6a73a13e80e1fe14cd1d8eb,ETH,usdt_frozen_illicit,usdt_banned,Tether AddedBlackList,frozen by Tether,
0x3cbd49908576a68d846b8b2048693b08d7833b3f,ETH,usdt_frozen_illicit,usdt_banned,Tether AddedBlackList,frozen by Tether,
0x3cf52ff9d5d7d06927856f24e523deec7fbd92e7,ETH,usdt_frozen_illicit,usdt_banned,Tether AddedBlackList,frozen by Tether,
0x3d0bc0092d4bd70799b67ab673189573dca66d36,ETH,usdt_frozen_illicit,usdt_banned,Tether AddedBlackList,frozen by Tether,
0x3d791db79d90ee3d82c938f5789800096610bca9,ETH,usdt_frozen_illicit,usdt_banned,Tether AddedBlackList,frozen by Tether,
0x3d977b5506572622849800d92ff80ee5b43d84a6,ETH,usdt_frozen_illicit,usdt_banned,Tether AddedBlackList,frozen by Tether,
0x3d9db4b09e432bc2a10f798a27b3bdaa006c4b6d,ETH,usdt_frozen_illicit,usdt_banned,Tether AddedBlackList,frozen by Tether,
0x3dffa8e6e97f06ff4b76fa9771f7e21597688f38,ETH,usdt_frozen_illicit,usdt_banned,Tether AddedBlackList,frozen by Tether,
0x3e24f610639e105173003ef1c47dc4dbaa33f8d7,ETH,usdt_frozen_illicit,usdt_banned,Tether AddedBlackList,frozen by Tether,
0x3e2a47e085225b0dc123a04fb48dc611766c5855,ETH,usdt_frozen_illicit,usdt_banned,Tether AddedBlackList,frozen by Tether,
0x3e2bf2822a6086ac0cca35f52714b953f2436f29,ETH,usdt_frozen_illicit,usdt_banned,Tether AddedBlackList,frozen by Tether,
0x3e3bad022cee35a816d0694bc425241c6e296826,ETH,usdt_frozen_illicit,usdt_banned,Tether AddedBlackList,frozen by Tether,
0x3e732383de30e25ab0cafbe05bc3aab0eef86129,ETH,usdt_frozen_illicit,usdt_banned,Tether AddedBlackList,frozen by Tether,
0x3e903457d4641218b9546e5dc2ed4cb1b049fb9b,ETH,usdt_frozen_illicit,usdt_banned,Tether AddedBlackList,frozen by Tether,
0x3e9bc21c9b189c09df3ef1b824798658d5011937,ETH,usdt_frozen_illicit,usdt_banned,Tether AddedBlackList,frozen by Tether,
0x3ea8b081806a189cbc8ddc345bb184b813924ae8,ETH,usdt_frozen_illicit,usdt_banned,Tether AddedBlackList,frozen by Tether,
0x3ec9ea7c8b37914f86a61eb36e5f1d43185e09ef,ETH,usdt_frozen_illicit,usdt_banned,Tether AddedBlackList,frozen by Tether,
0x3ef130a38c6719c578747e2eb4fce5a2e887a151,ETH,usdt_frozen_illicit,usdt_banned,Tether AddedBlackList,frozen by Tether,
0x3f308beefb69482ff3ed1fbadc93eeebb2c92c83,ETH,usdt_frozen_illicit,usdt_banned,Tether AddedBlackList,frozen by Tether,
0x3f382dbd960e3a9bbceae22651e88158d2791550,ETH,usdt_frozen_illicit,usdt_banned,Tether AddedBlackList,frozen by Tether,
0x3f398a03b751c9b9f4f2fbbba5a57003a4315a01,ETH,usdt_frozen_illicit,usdt_banned,Tether AddedBlackList,frozen by Tether,
0x401374e2a8938b0e3fe698dde7629c637e21fe30,ETH,usdt_frozen_illicit,usdt_banned,Tether AddedBlackList,frozen by Tether,
0x40364674c2ed1ef7dc30cde5e5d3691d7c970797,ETH,usdt_frozen_illicit,usdt_banned,Tether AddedBlackList,frozen by Tether,
0x405350797d414f303b2e626b0259d9a4d1f7c7a7,ETH,usdt_frozen_illicit,usdt_banned,Tether AddedBlackList,frozen by Tether,
0x406900534dd7ae3fb1de7f99aef986178feb3d76,ETH,usdt_frozen_illicit,usdt_banned,Tether AddedBlackList,frozen by Tether,
0x40d3c991b9cecf8b390f3622bf4cb9418283e57c,ETH,usdt_frozen_illicit,usdt_banned,Tether AddedBlackList,frozen by Tether,
0x40dcd815b738aa6f75346ecde6818c613ea98a33,ETH,usdt_frozen_illicit,usdt_banned,Tether AddedBlackList,frozen by Tether,
0x410a6626524b30c2e59bdb7ec81d4c154038f3e9,ETH,usdt_frozen_illicit,usdt_banned,Tether AddedBlackList,frozen by Tether,
0x4166ab48ed12a060628905ab672e4a24d20310d9,ETH,usdt_frozen_illicit,usdt_banned,Tether AddedBlackList,frozen by Tether,
0x417d46b12ebfb45cdf3403e99a760798db3737fd,ETH,usdt_frozen_illicit,usdt_banned,Tether AddedBlackList,frozen by Tether,
0x41860c3914c55ad6f63d5c6fd2a2cd6c893a2fc7,ETH,usdt_frozen_illicit,usdt_banned,Tether AddedBlackList,frozen by Tether,
0x4190a5fceaee7bff5add5247d8a15db607af5402,ETH,usdt_frozen_illicit,usdt_banned,Tether AddedBlackList,frozen by Tether,
0x41d705913d4238c03b1f19c1b9e9679a00740081,ETH,usdt_frozen_illicit,usdt_banned,Tether AddedBlackList,frozen by Tether,
0x41eb11d733f1313698d09e0a178e65cd25c9448a,ETH,usdt_frozen_illicit,usdt_banned,Tether AddedBlackList,frozen by Tether,
0x42215cfadbf8a30240f410bdbbbde78f061d4423,ETH,usdt_frozen_illicit,usdt_banned,Tether AddedBlackList,frozen by Tether,
0x423fa923965a02b9c40d0b1647e54c0aac922781,ETH,usdt_frozen_illicit,usdt_banned,Tether AddedBlackList,frozen by Tether,
0x42476f744292107e34519f9c357927074ea3f75d,ETH,usdt_frozen_illicit,usdt_banned,Tether AddedBlackList,frozen by Tether,
0x428467c2794bf44d2d542619473934a6c19af6ed,ETH,usdt_frozen_illicit,usdt_banned,Tether AddedBlackList,frozen by Tether,
0x4295a1d5b19aa6f9dbe98358944e2f20b9c8d631,ETH,usdt_frozen_illicit,usdt_banned,Tether AddedBlackList,frozen by Tether,
0x429abda04ee408f7fac7c2ad3a8dd6fa3c270e0b,ETH,usdt_frozen_illicit,usdt_banned,Tether AddedBlackList,frozen by Tether,
0x42b07bd8c55bfe4d20c4be2d62bc2c0d905ef9e7,ETH,usdt_frozen_illicit,usdt_banned,Tether AddedBlackList,frozen by Tether,
0x42d8568c56c44e070f51ff9d268b6388ef2f846d,ETH,usdt_frozen_illicit,usdt_banned,Tether AddedBlackList,frozen by Tether,
0x42ee804aa213396ad2b3b801351168a4dd76d835,ETH,usdt_frozen_illicit,usdt_banned,Tether AddedBlackList,frozen by Tether,
0x4306ca74f91a3eed57ce2e7bfa0469f4c4b76fda,ETH,usdt_frozen_illicit,usdt_banned,Tether AddedBlackList,frozen by Tether,
0x4314426d87779ac81b79b643b6937c4dc3ac26b9,ETH,usdt_frozen_illicit,usdt_banned,Tether AddedBlackList,frozen by Tether,
0x4327cc5d25afc58f7e65923184bf76d9666e4aa8,ETH,usdt_frozen_illicit,usdt_banned,Tether AddedBlackList,frozen by Tether,
0x433ebd9a0b461b33e3155c97fa7df9b22d849934,ETH,usdt_frozen_illicit,usdt_banned,Tether AddedBlackList,frozen by Tether,
0x4355849b431db6a75b06535532299b82529300c9,ETH,usdt_frozen_illicit,usdt_banned,Tether AddedBlackList,frozen by Tether,
0x439af4f349d1d06fcde1cbef42d2b2646abd036d,ETH,usdt_frozen_illicit,usdt_banned,Tether AddedBlackList,frozen by Tether,
0x43be5845d37be9bd70be740093cb98ed2c3a8bbf,ETH,usdt_frozen_illicit,usdt_banned,Tether AddedBlackList,frozen by Tether,
0x43d09627a843526c93115439ae4dedc010e504fc,ETH,usdt_frozen_illicit,usdt_banned,Tether AddedBlackList,frozen by Tether,
0x4406da9deb276e89e4a839f30b0268115b1c0183,ETH,usdt_frozen_illicit,usdt_banned,Tether AddedBlackList,frozen by Tether,
0x44281fe195402ed29c8067ef107c1dd4b6fbefb2,ETH,usdt_frozen_illicit,usdt_banned,Tether AddedBlackList,frozen by Tether,
0x44550affe4624cefa5d6c2be4dd4a069cdd9ddfd,ETH,usdt_frozen_illicit,usdt_banned,Tether AddedBlackList,frozen by Tether,
0x446005387a06dfc152f8deebeaa77926c49d6209,ETH,usdt_frozen_illicit,usdt_banned,Tether AddedBlackList,frozen by Tether,
0x448cfcf16f20fd85c0fdaa468f4e1655bbc34770,ETH,usdt_frozen_illicit,usdt_banned,Tether AddedBlackList,frozen by Tether,
0x450195a34602fa0f8f1eaa82646abead93641953,ETH,usdt_frozen_illicit,usdt_banned,Tether AddedBlackList,frozen by Tether,
0x45412c2a74ff5a3a282e49fc163e4d8c72e25d1f,ETH,usdt_frozen_illicit,usdt_banned,Tether AddedBlackList,frozen by Tether,
0x4580edc4801d914c341d3263a5ed3fda3e1ec7a9,ETH,usdt_frozen_illicit,usdt_banned,Tether AddedBlackList,frozen by Tether,
0x45873aae84306244ae29b9225e1391bfa5d08b92,ETH,usdt_frozen_illicit,usdt_banned,Tether AddedBlackList,frozen by Tether,
0x4596d093a1faf9aa8621264e2cb3bfff518d9611,ETH,usdt_frozen_illicit,usdt_banned,Tether AddedBlackList,frozen by Tether,
0x459ce908b9dd5d430a386f18f49b521bba4920cd,ETH,usdt_frozen_illicit,usdt_banned,Tether AddedBlackList,frozen by Tether,
0x45c700eb711fa6a2f150cf6f64b97d3e5cca2e64,ETH,usdt_frozen_illicit,usdt_banned,Tether AddedBlackList,frozen by Tether,
0x45ce164a3033469b77adc5a4effb134254bb127a,ETH,usdt_frozen_illicit,usdt_banned,Tether AddedBlackList,frozen by Tether,
0x45db4b432e06d490236d7296aca8b6a2cb70ac62,ETH,usdt_frozen_illicit,usdt_banned,Tether AddedBlackList,frozen by Tether,
0x45f24baeef268bb6d63aee5129015d69702bcdfa,ETH,usdt_frozen_illicit,usdt_banned,Tether AddedBlackList,frozen by Tether,
0x46354b547b719a5bc9e2a2e08e699933d2ed10f6,ETH,usdt_frozen_illicit,usdt_banned,Tether AddedBlackList,frozen by Tether,
0x4688a8b1f292fdab17e9a90c8bc379dc1dbd8713,ETH,usdt_frozen_illicit,usdt_banned,Tether AddedBlackList,frozen by Tether,
0x469e5dbfcf619f5f02631d643de99cbe8635d480,ETH,usdt_frozen_illicit,usdt_banned,Tether AddedBlackList,frozen by Tether,
0x46a94a919f7864373d7fde8c25ff4e779e605a31,ETH,usdt_frozen_illicit,usdt_banned,Tether AddedBlackList,frozen by Tether,
0x46a955e82d871a974322ad6967fac89a0ca007c2,ETH,usdt_frozen_illicit,usdt_banned,Tether AddedBlackList,frozen by Tether,
0x46aa7219b792c23e358c1deb7a42103129e36898,ETH,usdt_frozen_illicit,usdt_banned,Tether AddedBlackList,frozen by Tether,
0x47065db6f21a24f5f4ddf1b7898d112e24169c1c,ETH,usdt_frozen_illicit,usdt_banned,Tether AddedBlackList,frozen by Tether,
0x470e19aca6ea428489049edeaecdb675c3265f0f,ETH,usdt_frozen_illicit,usdt_banned,Tether AddedBlackList,frozen by Tether,
0x47409050f0ced07aac3dae0c48aa6fe8db63455d,ETH,usdt_frozen_illicit,usdt_banned,Tether AddedBlackList,frozen by Tether,
0x4787946e27ba984b1f7de57469fba64c859a2a4d,ETH,usdt_frozen_illicit,usdt_banned,Tether AddedBlackList,frozen by Tether,
0x479bc73d3b500606777697d896d255d76e3cd90d,ETH,usdt_frozen_illicit,usdt_banned,Tether AddedBlackList,frozen by Tether,
0x47e553546a125b57a4802e75a942fc4d0fe4d524,ETH,usdt_frozen_illicit,usdt_banned,Tether AddedBlackList,frozen by Tether,
0x47eb7816fca47f4f212b394b96e7ff4573101379,ETH,usdt_frozen_illicit,usdt_banned,Tether AddedBlackList,frozen by Tether,
0x4812042a9fdf864ffd80d298628b23a3cc4f8988,ETH,usdt_frozen_illicit,usdt_banned,Tether AddedBlackList,frozen by Tether,
0x4814e4dc9f24f3e920f7adfa7aef01c4ccf75d81,ETH,usdt_frozen_illicit,usdt_banned,Tether AddedBlackList,frozen by Tether,
0x4847761d6576f911345ae2998397e6d4dfb2ad73,ETH,usdt_frozen_illicit,usdt_banned,Tether AddedBlackList,frozen by Tether,
0x485762d9309d36bc45318099658850cb4e575977,ETH,usdt_frozen_illicit,usdt_banned,Tether AddedBlackList,frozen by Tether,
0x487860d44e5c27c467343da9da0f263a958c9575,ETH,usdt_frozen_illicit,usdt_banned,Tether AddedBlackList,frozen by Tether,
0x489a8756c18c0b8b24ec2a2b9ff3d4d447f79bec,ETH,usdt_frozen_illicit,usdt_banned,Tether AddedBlackList,frozen by Tether,
0x48a57c98f50a6a40cc064f5ee1d3283a76cb99d8,ETH,usdt_frozen_illicit,usdt_banned,Tether AddedBlackList,frozen by Tether,
0x48badfa52ec26d335e775e2c9587e023e9990260,ETH,usdt_frozen_illicit,usdt_banned,Tether AddedBlackList,frozen by Tether,
0x48c57fad8e28b18e33883839dc73a9819e7733bb,ETH,usdt_frozen_illicit,usdt_banned,Tether AddedBlackList,frozen by Tether,
0x49264e01ee3b668f5c34a8f69fe4bb210d5edeff,ETH,usdt_frozen_illicit,usdt_banned,Tether AddedBlackList,frozen by Tether,
0x4933038d1ab1e8d042c3944fee2c2d4cb2b02fcf,ETH,usdt_frozen_illicit,usdt_banned,Tether AddedBlackList,frozen by Tether,
0x49662eba5ae85c5d2a64c6e59021b5c5831ecff6,ETH,usdt_frozen_illicit,usdt_banned,Tether AddedBlackList,frozen by Tether,
0x496737f15798d738c6bf8e61d2a41682d8e1669f,ETH,usdt_frozen_illicit,usdt_banned,Tether AddedBlackList,frozen by Tether,
0x49811267f2b6c0154d1e0590dfbc440a01f2f9f4,ETH,usdt_frozen_illicit,usdt_banned,Tether AddedBlackList,frozen by Tether,
0x49bd004626bb5e97898fa803dd7ccac23d2ac7c0,ETH,usdt_frozen_illicit,usdt_banned,Tether AddedBlackList,frozen by Tether,
0x49c7064563f8c76dd53a76f31d539d5fb8d2478b,ETH,usdt_frozen_illicit,usdt_banned,Tether AddedBlackList,frozen by Tether,
0x49e48c946593d793e0ea06ceb371eeb3e5a1ea52,ETH,usdt_frozen_illicit,usdt_banned,Tether AddedBlackList,frozen by Tether,
0x49f508bd95c3e7fba1678f5e486e4d9b1bcc8eeb,ETH,usdt_frozen_illicit,usdt_banned,Tether AddedBlackList,frozen by Tether,
0x4a2296f5edaf9dc8043b209014da813e695ac98d,ETH,usdt_frozen_illicit,usdt_banned,Tether AddedBlackList,frozen by Tether,
0x4a665c1bdee96199101d877bad1754a6f518430e,ETH,usdt_frozen_illicit,usdt_banned,Tether AddedBlackList,frozen by Tether,
0x4a97980dba3558d16bbf476484786eb8b2b7fe14,ETH,usdt_frozen_illicit,usdt_banned,Tether AddedBlackList,frozen by Tether,
0x4aab7808f615d8bb293fd6b555f761cfeb180460,ETH,usdt_frozen_illicit,usdt_banned,Tether AddedBlackList,frozen by Tether,
0x4af4c325fb69726bc0962222bb27f781104e19c9,ETH,usdt_frozen_illicit,usdt_banned,Tether AddedBlackList,frozen by Tether,
0x4b4d2e899658fb59b1d518b68fe836b100ee8958,ETH,usdt_frozen_illicit,usdt_banned,Tether AddedBlackList,frozen by Tether,
0x4b6d1ce5887f5dbfbf91797917c1d19f912eaed2,ETH,usdt_frozen_illicit,usdt_banned,Tether AddedBlackList,frozen by Tether,
0x4b9f1c01099a4ea4b5272d8f61ea6dfb0c84f3ba,ETH,usdt_frozen_illicit,usdt_banned,Tether AddedBlackList,frozen by Tether,
0x4bd43598b27f75852265d54a3908fcd57d622a26,ETH,usdt_frozen_illicit,usdt_banned,Tether AddedBlackList,frozen by Tether,
0x4c063d6df4e969e67d774e3e05290fb899d9a861,ETH,usdt_frozen_illicit,usdt_banned,Tether AddedBlackList,frozen by Tether,
0x4c529ece308a84689a0d0f8187f5fbd808a36986,ETH,usdt_frozen_illicit,usdt_banned,Tether AddedBlackList,frozen by Tether,
0x4c642578d0f5ba387ab3a7cbd787839aaf813b97,ETH,usdt_frozen_illicit,usdt_banned,Tether AddedBlackList,frozen by Tether,
0x4c6f160ef40e124a1eef5b343c27f8dd0325f8dc,ETH,usdt_frozen_illicit,usdt_banned,Tether AddedBlackList,frozen by Tether,
0x4c9e4ef0a16232e758e10c8977c75a7b2b76b906,ETH,usdt_frozen_illicit,usdt_banned,Tether AddedBlackList,frozen by Tether,
0x4cba2551c0071a512f360d196f796bb284abe663,ETH,usdt_frozen_illicit,usdt_banned,Tether AddedBlackList,frozen by Tether,
0x4cbc672f5c4870c455032267be1893af7e040f28,ETH,usdt_frozen_illicit,usdt_banned,Tether AddedBlackList,frozen by Tether,
0x4cd05d0634697276a6fda7b7de2afb0123444d08,ETH,usdt_frozen_illicit,usdt_banned,Tether AddedBlackList,frozen by Tether,
0x4cd1761af5c771fb4046ed0f6ed39239f466f63b,ETH,usdt_frozen_illicit,usdt_banned,Tether AddedBlackList,frozen by Tether,
0x4cd6f7136b28d65bf2cda061a9ab02e667e2632e,ETH,usdt_frozen_illicit,usdt_banned,Tether AddedBlackList,frozen by Tether,
0x4ce240c1092424b3f3c9ba7a1911e4b81445e49c,ETH,usdt_frozen_illicit,usdt_banned,Tether AddedBlackList,frozen by Tether,
0x4cea7a8271959b4329ad79ba0ed05c489dec3f11,ETH,usdt_frozen_illicit,usdt_banned,Tether AddedBlackList,frozen by Tether,
0x4cf7b30742dc81afc562843f0c3b8015ec95f528,ETH,usdt_frozen_illicit,usdt_banned,Tether AddedBlackList,frozen by Tether,
0x4d195277855c60e09ac8c25dfc95d4768e1f1332,ETH,usdt_frozen_illicit,usdt_banned,Tether AddedBlackList,frozen by Tether,
0x4d4c7b8dbaef3b23248d4d22179e0a74410d3d3f,ETH,usdt_frozen_illicit,usdt_banned,Tether AddedBlackList,frozen by Tether,
0x4de23f3f0fb3318287378adbde030cf61714b2f3,ETH,usdt_frozen_illicit,usdt_banned,Tether AddedBlackList,frozen by Tether,
0x4debafea523bd94dbe030836e1dd3b6e64a79ea7,ETH,usdt_frozen_illicit,usdt_banned,Tether AddedBlackList,frozen by Tether,
0x4e09c7dd0a77bcebb161a3a0f62fa0904f071b07,ETH,usdt_frozen_illicit,usdt_banned,Tether AddedBlackList,frozen by Tether,
0x4e0ca95a7267349228ecb74a134dd7ab552ce5a6,ETH,usdt_frozen_illicit,usdt_banned,Tether AddedBlackList,frozen by Tether,
0x4e16ce8047d9e34ce21310c4c34fbb6391d07773,ETH,usdt_frozen_illicit,usdt_banned,Tether AddedBlackList,frozen by Tether,
0x4e220a522a7473319534968e5935f54755c1ed29,ETH,usdt_frozen_illicit,usdt_banned,Tether AddedBlackList,frozen by Tether,
0x4e31f4ee7ee7dd58cca2be6b4934469e61a634d6,ETH,usdt_frozen_illicit,usdt_banned,Tether AddedBlackList,frozen by Tether,
0x4e46da18a5dddf492a0648faa4150807a28e2273,ETH,usdt_frozen_illicit,usdt_banned,Tether AddedBlackList,frozen by Tether,
0x4e4a82ff9f8978ca3184a91cb7824ede8d303dc3,ETH,usdt_frozen_illicit,usdt_banned,Tether AddedBlackList,frozen by Tether,
0x4e6d4f64f0a72e54f43b148706e85a1a0f7c7b06,ETH,usdt_frozen_illicit,usdt_banned,Tether AddedBlackList,frozen by Tether,
0x4e73c5f93b3de80cac4c3474039b313e2e8ae799,ETH,usdt_frozen_illicit,usdt_banned,Tether AddedBlackList,frozen by Tether,
0x4e7e22db6cb5631140b464ff50ad12dbcc8c3394,ETH,usdt_frozen_illicit,usdt_banned,Tether AddedBlackList,frozen by Tether,
0x4ea95fdaa57b8594b7ef740d2a7e163e05c67b59,ETH,usdt_frozen_illicit,usdt_banned,Tether AddedBlackList,frozen by Tether,
0x4eaa957fdded610f13e0bb03416f0b0093b99851,ETH,usdt_frozen_illicit,usdt_banned,Tether AddedBlackList,frozen by Tether,
0x4efd425b8666cefa11b05a1047dad282e95c2a4a,ETH,usdt_frozen_illicit,usdt_banned,Tether AddedBlackList,frozen by Tether,
0x4f1e734cfb2720ccf94345e5d90f17f8c459ce32,ETH,usdt_frozen_illicit,usdt_banned,Tether AddedBlackList,frozen by Tether,
0x4f47bc496083c727c5fbe3ce9cdf2b0f6496270c,ETH,usdt_frozen_illicit,usdt_banned,Tether AddedBlackList,frozen by Tether,
0x4fca7116151400fcf7b52191505d6d03c0d3a8c4,ETH,usdt_frozen_illicit,usdt_banned,Tether AddedBlackList,frozen by Tether,
0x504bd49883be977e203104637d3d1540fb7c583c,ETH,usdt_frozen_illicit,usdt_banned,Tether AddedBlackList,frozen by Tether,
0x506dd68c3a9f51606831c2112ca524992748df9e,ETH,usdt_frozen_illicit,usdt_banned,Tether AddedBlackList,frozen by Tether,
0x5077675ca7d212f87532ed0874e03b1368920093,ETH,usdt_frozen_illicit,usdt_banned,Tether AddedBlackList,frozen by Tether,
0x50823b9c9178e805edae2b5dd83648177d253fbb,ETH,usdt_frozen_illicit,usdt_banned,Tether AddedBlackList,frozen by Tether,
0x50b6071561f068963bcfe2b341126cd6accafafb,ETH,usdt_frozen_illicit,usdt_banned,Tether AddedBlackList,frozen by Tether,
0x5100f7253cf749e57871f8e2d5b6fbdd85302e6b,ETH,usdt_frozen_illicit,usdt_banned,Tether AddedBlackList,frozen by Tether,
0x510f22f7f28a82c8ce7a6e3703b4b0809aa9f1c3,ETH,usdt_frozen_illicit,usdt_banned,Tether AddedBlackList,frozen by Tether,
0x511d50d6ee60080cc5166ab16cafede534c8d72c,ETH,usdt_frozen_illicit,usdt_banned,Tether AddedBlackList,frozen by Tether,
0x513bda4126638762a2fe6e55f9567312c889bc9d,ETH,usdt_frozen_illicit,usdt_banned,Tether AddedBlackList,frozen by Tether,
0x51710b457852a08ea07404b9a61f2ab3e352197a,ETH,usdt_frozen_illicit,usdt_banned,Tether AddedBlackList,frozen by Tether,
0x51adce227bc02638f4801ddcc6a7f26a87b52202,ETH,usdt_frozen_illicit,usdt_banned,Tether AddedBlackList,frozen by Tether,
0x51cc775b3ef7bcf9b73a542856572b570dead4d6,ETH,usdt_frozen_illicit,usdt_banned,Tether AddedBlackList,frozen by Tether,
0x51d0d3a1912263bdf3b103ad13b6b03598c5680d,ETH,usdt_frozen_illicit,usdt_banned,Tether AddedBlackList,frozen by Tether,
0x51d146e0d9b29bfe8b75de1ff46ea75ca1e51b07,ETH,usdt_frozen_illicit,usdt_banned,Tether AddedBlackList,frozen by Tether,
0x51d5c14c7c90c41b4c49daf0ff9def851cd2a25d,ETH,usdt_frozen_illicit,usdt_banned,Tether AddedBlackList,frozen by Tether,
0x523eeafdac23fa2cb0c3873cda4818cdc80e28e8,ETH,usdt_frozen_illicit,usdt_banned,Tether AddedBlackList,frozen by Tether,
0x526e4783aa4be86d49b8e4a31e7394864b1a1eda,ETH,usdt_frozen_illicit,usdt_banned,Tether AddedBlackList,frozen by Tether,
0x5291da2bd63ca984323877be35135f98ee164117,ETH,usdt_frozen_illicit,usdt_banned,Tether AddedBlackList,frozen by Tether,
0x52984e9735f1e5664d53fa6845858442819620ee,ETH,usdt_frozen_illicit,usdt_banned,Tether AddedBlackList,frozen by Tether,
0x529c3a6253e803fe6cffe9b8f3eb735df2e19c28,ETH,usdt_frozen_illicit,usdt_banned,Tether AddedBlackList,frozen by Tether,
0x52c625b3920bb70e3a12daa2895eb0dbfebddf85,ETH,usdt_frozen_illicit,usdt_banned,Tether AddedBlackList,frozen by Tether,
0x52e9ae81edcc42b64b3373a86158c80be6ab4069,ETH,usdt_frozen_illicit,usdt_banned,Tether AddedBlackList,frozen by Tether,
0x52f6335d6b6fe435f0c0898d8a007b633b7978df,ETH,usdt_frozen_illicit,usdt_banned,Tether AddedBlackList,frozen by Tether,
0x5357ca709f0469c4a4de562d96cfec65e87e7e8d,ETH,usdt_frozen_illicit,usdt_banned,Tether AddedBlackList,frozen by Tether,
0x535d816dac1b112b083f3d88719e96efadc75aa6,ETH,usdt_frozen_illicit,usdt_banned,Tether AddedBlackList,frozen by Tether,
0x53b8aa6b245993c362b5747464a940631605a455,ETH,usdt_frozen_illicit,usdt_banned,Tether AddedBlackList,frozen by Tether,
0x53ba94ac472dbec5ad4cb28da03e366f73db45ec,ETH,usdt_frozen_illicit,usdt_banned,Tether AddedBlackList,frozen by Tether,
0x54172c432473eb3244007f3d3a31e347c7bb36e4,ETH,usdt_frozen_illicit,usdt_banned,Tether AddedBlackList,frozen by Tether,
0x5435ee8414d495d6eb15c79f5b10ed5f6684f448,ETH,usdt_frozen_illicit,usdt_banned,Tether AddedBlackList,frozen by Tether,
0x543bfa3d40848da53994b3a08dcd6638752ad56f,ETH,usdt_frozen_illicit,usdt_banned,Tether AddedBlackList,frozen by Tether,
0x5441bfcda141759eaae9737a28cb2f9fd43e8869,ETH,usdt_frozen_illicit,usdt_banned,Tether AddedBlackList,frozen by Tether,
0x54871130e5e658ad6565d84c742f9b63d73832b9,ETH,usdt_frozen_illicit,usdt_banned,Tether AddedBlackList,frozen by Tether,
0x549f8dd622b5f6286367fa9ffc6f06c14c1eca51,ETH,usdt_frozen_illicit,usdt_banned,Tether AddedBlackList,frozen by Tether,
0x54ad47acb2290f9e4586fb1427f6be39a376cc77,ETH,usdt_frozen_illicit,usdt_banned,Tether AddedBlackList,frozen by Tether,
0x54b55804174db7bc80b0d43fef26c4aac895e031,ETH,usdt_frozen_illicit,usdt_banned,Tether AddedBlackList,frozen by Tether,
0x55045996f4a34d93a814d467cff95a613b23cb1d,ETH,usdt_frozen_illicit,usdt_banned,Tether AddedBlackList,frozen by Tether,
0x552804d08eb7abbf89c131e4c4b1e9e259d90751,ETH,usdt_frozen_illicit,usdt_banned,Tether AddedBlackList,frozen by Tether,
0x552e671a975575df34213682914b005d373bdbd6,ETH,usdt_frozen_illicit,usdt_banned,Tether AddedBlackList,frozen by Tether,
0x55d398326f99059ff775485246999027b3197955,ETH,usdt_frozen_illicit,usdt_banned,Tether AddedBlackList,frozen by Tether,
0x55df4ecd9066c417103f59d3ecc9b309dedfd131,ETH,usdt_frozen_illicit,usdt_banned,Tether AddedBlackList,frozen by Tether,
0x55ead2a592ab2f0f7dc08b45f49950974280c891,ETH,usdt_frozen_illicit,usdt_banned,Tether AddedBlackList,frozen by Tether,
0x5665b926c0ce90f595231683c29ce17fbf33b459,ETH,usdt_frozen_illicit,usdt_banned,Tether AddedBlackList,frozen by Tether,
0x56ac6ba3a0dac34ceec4096a5db8fd3739a967f3,ETH,usdt_frozen_illicit,usdt_banned,Tether AddedBlackList,frozen by Tether,
0x56b990885afdf1573767705edfb3e2963e57c64c,ETH,usdt_frozen_illicit,usdt_banned,Tether AddedBlackList,frozen by Tether,
0x56d387f05d5940e10c2942d065a724620fffd7d1,ETH,usdt_frozen_illicit,usdt_banned,Tether AddedBlackList,frozen by Tether,
0x56d811088235f11c8920698a204a5010a788f4b3,ETH,usdt_frozen_illicit,usdt_banned,Tether AddedBlackList,frozen by Tether,
0x5707aa6944e357cea1a25ff991fb3a2e60268ab5,ETH,usdt_frozen_illicit,usdt_banned,Tether AddedBlackList,frozen by Tether,
0x575d0149422fe888b18194f106614067fdcc1c2f,ETH,usdt_frozen_illicit,usdt_banned,Tether AddedBlackList,frozen by Tether,
0x5798a80d220135b0833886852124c167a9db5f70,ETH,usdt_frozen_illicit,usdt_banned,Tether AddedBlackList,frozen by Tether,
0x579aec2e6c3d505c38d480490333ba4038cd8abd,ETH,usdt_frozen_illicit,usdt_banned,Tether AddedBlackList,frozen by Tether,
0x57a8627a40677cd7cdfe91476f603b78e827c101,ETH,usdt_frozen_illicit,usdt_banned,Tether AddedBlackList,frozen by Tether,
0x57fe81468893ae7feac03d7e8320598d8ab44534,ETH,usdt_frozen_illicit,usdt_banned,Tether AddedBlackList,frozen by Tether,
0x58259c48a2221fb740daee38bd69ff1fba01b6c7,ETH,usdt_frozen_illicit,usdt_banned,Tether AddedBlackList,frozen by Tether,
0x583409a4a643b4a347d40ea0252e80f569e10d47,ETH,usdt_frozen_illicit,usdt_banned,Tether AddedBlackList,frozen by Tether,
0x58624ed16129092be9b77bc38c3da39d8c2c403b,ETH,usdt_frozen_illicit,usdt_banned,Tether AddedBlackList,frozen by Tether,
0x58e548b10d6b67e726849604f692b0d8eed53f4e,ETH,usdt_frozen_illicit,usdt_banned,Tether AddedBlackList,frozen by Tether,
0x58f2f452b5500a95e92b1c8b8ca44e996712606d,ETH,usdt_frozen_illicit,usdt_banned,Tether AddedBlackList,frozen by Tether,
0x5906be59993d7f8b8677c565c6489df2e61a1bef,ETH,usdt_frozen_illicit,usdt_banned,Tether AddedBlackList,frozen by Tether,
0x5952e08ea5b46d89d800471c4e98321b6c6a78f1,ETH,usdt_frozen_illicit,usdt_banned,Tether AddedBlackList,frozen by Tether,
0x59639d3f2df85212c2b317cc10e543082445756d,ETH,usdt_frozen_illicit,usdt_banned,Tether AddedBlackList,frozen by Tether,
0x598c6ff50b159451850b216b17c465ec85621855,ETH,usdt_frozen_illicit,usdt_banned,Tether AddedBlackList,frozen by Tether,
0x5994f7a08a46f33980c28c14d3803eabc030c90b,ETH,usdt_frozen_illicit,usdt_banned,Tether AddedBlackList,frozen by Tether,
0x59cae209b58f8b105c89045b6d9a4d830c0ff490,ETH,usdt_frozen_illicit,usdt_banned,Tether AddedBlackList,frozen by Tether,
0x59d0d7c64fa4616f22f832ba56d78f6dc12b3aef,ETH,usdt_frozen_illicit,usdt_banned,Tether AddedBlackList,frozen by Tether,
0x59d2f60c073535109df0a02819167e5ecab17a14,ETH,usdt_frozen_illicit,usdt_banned,Tether AddedBlackList,frozen by Tether,
0x59fa2f46322745f905762007aa614da6d442f8d7,ETH,usdt_frozen_illicit,usdt_banned,Tether AddedBlackList,frozen by Tether,
0x5a2038173eb1082e1a08dcc6702da829601e56eb,ETH,usdt_frozen_illicit,usdt_banned,Tether AddedBlackList,frozen by Tether,
0x5a43b74c332d51e9a133542d3b768606218e07b1,ETH,usdt_frozen_illicit,usdt_banned,Tether AddedBlackList,frozen by Tether,
0x5a659ddee84a6bbf9a3389423fe5bd41de508e08,ETH,usdt_frozen_illicit,usdt_banned,Tether AddedBlackList,frozen by Tether,
0x5a828123741b0f9a9e124d3ffa93011a48cdbb48,ETH,usdt_frozen_illicit,usdt_banned,Tether AddedBlackList,frozen by Tether,
0x5aaace475669ef0be27b241ee7eceb74ea5e36b7,ETH,usdt_frozen_illicit,usdt_banned,Tether AddedBlackList,frozen by Tether,
0x5aacd0b530b2ddcaeddce6e1316650480213f423,ETH,usdt_frozen_illicit,usdt_banned,Tether AddedBlackList,frozen by Tether,
0x5b6a54b88c63dc8ecab17d6efef570bbc8b701d4,ETH,usdt_frozen_illicit,usdt_banned,Tether AddedBlackList,frozen by Tether,
0x5b8b53007674272cbc8ccd8dd48ce3a165342753,ETH,usdt_frozen_illicit,usdt_banned,Tether AddedBlackList,frozen by Tether,
0x5bd1bf648cd8b066cad8807e3e23ff0dd5ec62c2,ETH,usdt_frozen_illicit,usdt_banned,Tether AddedBlackList,frozen by Tether,
0x5c27cc68fe01a3994807b60a6c81d8ba638b4ba1,ETH,usdt_frozen_illicit,usdt_banned,Tether AddedBlackList,frozen by Tether,
0x5c3cb9a9d0bc64be0bf57cd877c4f345b99b1412,ETH,usdt_frozen_illicit,usdt_banned,Tether AddedBlackList,frozen by Tether,
0x5cb182a51c452937abecc9e81a9663efbeb425f5,ETH,usdt_frozen_illicit,usdt_banned,Tether AddedBlackList,frozen by Tether,
0x5cb5ef3c177eecc8c019f2e0892ded8b51b0a664,ETH,usdt_frozen_illicit,usdt_banned,Tether AddedBlackList,frozen by Tether,
0x5cdc576ef0f805b95f77f41f76317aff03e72706,ETH,usdt_frozen_illicit,usdt_banned,Tether AddedBlackList,frozen by Tether,
0x5d10551280c548fe687b2e0e7804630bbe00bc29,ETH,usdt_frozen_illicit,usdt_banned,Tether AddedBlackList,frozen by Tether,
0x5d8353072bc0f62dacb7e3937d4c58a808db4d0e,ETH,usdt_frozen_illicit,usdt_banned,Tether AddedBlackList,frozen by Tether,
0x5da7970bc6b14e31cc0ee64c94bf347d16e33d04,ETH,usdt_frozen_illicit,usdt_banned,Tether AddedBlackList,frozen by Tether,
0x5db53001838e1a119f1232d0504f22d09c3a945c,ETH,usdt_frozen_illicit,usdt_banned,Tether AddedBlackList,frozen by Tether,
0x5def1f2f8aa773fb92ec5028ebbdd33edac6e850,ETH,usdt_frozen_illicit,usdt_banned,Tether AddedBlackList,frozen by Tether,
0x5dfbd56d0ae08063573478da2916b87ca69b5f92,ETH,usdt_frozen_illicit,usdt_banned,Tether AddedBlackList,frozen by Tether,
0x5e02d96b47c13f40253cb22ff96681b48a6c8ddf,ETH,usdt_frozen_illicit,usdt_banned,Tether AddedBlackList,frozen by Tether,
0x5e616364d12c438e060a0ddcfb54b7b506e1c1b6,ETH,usdt_frozen_illicit,usdt_banned,Tether AddedBlackList,frozen by Tether,
0x5e670bf3dde345ab9c6b4d7382d21b2acb09a25a,ETH,usdt_frozen_illicit,usdt_banned,Tether AddedBlackList,frozen by Tether,
0x5e98f0ffef7aafa75d18f24dc7a35171b4d03142,ETH,usdt_frozen_illicit,usdt_banned,Tether AddedBlackList,frozen by Tether,
0x5eb95f30bd4409cfaadeba75cd8d9c2ce4ed992a,ETH,usdt_frozen_illicit,usdt_banned,Tether AddedBlackList,frozen by Tether,
0x5f30e761b5f8274dd04ee0c4b1a15952d202be47,ETH,usdt_frozen_illicit,usdt_banned,Tether AddedBlackList,frozen by Tether,
0x5f42af5c7c7a4c64c5529655763e7240740ee48a,ETH,usdt_frozen_illicit,usdt_banned,Tether AddedBlackList,frozen by Tether,
0x5f94d8df3a0b90498538616c5c180cac9da18c25,ETH,usdt_frozen_illicit,usdt_banned,Tether AddedBlackList,frozen by Tether,
0x600ae3c68fe447e4aeb02a0a237d7376279a44f1,ETH,usdt_frozen_illicit,usdt_banned,Tether AddedBlackList,frozen by Tether,
0x60665b420b0fb1d04ef775b3d5dca2228e367377,ETH,usdt_frozen_illicit,usdt_banned,Tether AddedBlackList,frozen by Tether,
0x6069c9223e8a5da1ec49ac5525d4bb757af72cd8,ETH,usdt_frozen_illicit,usdt_banned,Tether AddedBlackList,frozen by Tether,
0x60891b856cdae4fd0878d45d2768e640be2dc2a5,ETH,usdt_frozen_illicit,usdt_banned,Tether AddedBlackList,frozen by Tether,
0x609b7484e90f260c226a59c52d8e7806174693d0,ETH,usdt_frozen_illicit,usdt_banned,Tether AddedBlackList,frozen by Tether,
0x60a97cd5edec7d3d1be611ed943753c3f2206bd5,ETH,usdt_frozen_illicit,usdt_banned,Tether AddedBlackList,frozen by Tether,
0x60b26eca9f55816cf42c5ae67c7b836d3325f9b3,ETH,usdt_frozen_illicit,usdt_banned,Tether AddedBlackList,frozen by Tether,
0x60bd000b619e7ac467f9581a991d69338db18dba,ETH,usdt_frozen_illicit,usdt_banned,Tether AddedBlackList,frozen by Tether,
0x60c30bb4bb08c5905bd5d1dfd64766f069755bbe,ETH,usdt_frozen_illicit,usdt_banned,Tether AddedBlackList,frozen by Tether,
0x6115b7a669e777ec657489159ad86d937948176c,ETH,usdt_frozen_illicit,usdt_banned,Tether AddedBlackList,frozen by Tether,
0x61a16fc2e352647ac9c130be6742ced32c911dee,ETH,usdt_frozen_illicit,usdt_banned,Tether AddedBlackList,frozen by Tether,
0x61b53e06a3c1d2bfaff284ca394f8e7693177adf,ETH,usdt_frozen_illicit,usdt_banned,Tether AddedBlackList,frozen by Tether,
0x61b56d3c0cd91e52382600f9014c0634d7d87434,ETH,usdt_frozen_illicit,usdt_banned,Tether AddedBlackList,frozen by Tether,
0x61bedaf1cd900cabe7ae6877a37f3dd37696a2cb,ETH,usdt_frozen_illicit,usdt_banned,Tether AddedBlackList,frozen by Tether,
0x61d02b4603ccb93b5b1b1a5523a63bf837cbbfad,ETH,usdt_frozen_illicit,usdt_banned,Tether AddedBlackList,frozen by Tether,
0x61fa37346147117325b92bcafa82d7dc215eed2e,ETH,usdt_frozen_illicit,usdt_banned,Tether AddedBlackList,frozen by Tether,
0x6239d6cdbd7605b599b79d72004209f12adf0caf,ETH,usdt_frozen_illicit,usdt_banned,Tether AddedBlackList,frozen by Tether,
0x6250833e015dfc04449137b186dfbfffcafb8411,ETH,usdt_frozen_illicit,usdt_banned,Tether AddedBlackList,frozen by Tether,
0x6303f52c03602c92b94655486acdfd3b2e77d9e2,ETH,usdt_frozen_illicit,usdt_banned,Tether AddedBlackList,frozen by Tether,
0x63489f0a8493d84309589d75b791da315e67d35b,ETH,usdt_frozen_illicit,usdt_banned,Tether AddedBlackList,frozen by Tether,
0x6362e98c06a4437c4497f53cfea4a2d8f1eec042,ETH,usdt_frozen_illicit,usdt_banned,Tether AddedBlackList,frozen by Tether,
0x63f8e1fb9304fc6f7c613023c8104ba464122fd1,ETH,usdt_frozen_illicit,usdt_banned,Tether AddedBlackList,frozen by Tether,
0x641a67e0583f05e3fb93fce93bd3bdfe47301c3e,ETH,usdt_frozen_illicit,usdt_banned,Tether AddedBlackList,frozen by Tether,
0x641baa34748d4304988e87860d8891c39b79c025,ETH,usdt_frozen_illicit,usdt_banned,Tether AddedBlackList,frozen by Tether,
0x645720c3358d57cad69e14cd2e2ea7749b24b8fb,ETH,usdt_frozen_illicit,usdt_banned,Tether AddedBlackList,frozen by Tether,
0x646e56d617a53befaacf4cae07b749ac0e59450c,ETH,usdt_frozen_illicit,usdt_banned,Tether AddedBlackList,frozen by Tether,
0x648ddc908057ff3ee108658f0fc5f5b57f3faf71,ETH,usdt_frozen_illicit,usdt_banned,Tether AddedBlackList,frozen by Tether,
0x64b3f10008aa12f34d6a427a3da96f0562a9c4fb,ETH,usdt_frozen_illicit,usdt_banned,Tether AddedBlackList,frozen by Tether,
0x6529cffdfbcdb1edabc46fd4e9ed35909f98c4a7,ETH,usdt_frozen_illicit,usdt_banned,Tether AddedBlackList,frozen by Tether,
0x653256427bf5d90de98e3f8c94de2f3f002e7544,ETH,usdt_frozen_illicit,usdt_banned,Tether AddedBlackList,frozen by Tether,
0x654b213d97fdbb0b132023d7844f4a1f0bbbec57,ETH,usdt_frozen_illicit,usdt_banned,Tether AddedBlackList,frozen by Tether,
0x6551fb9be444987f7482012cbf7ea95a1ee8dd0e,ETH,usdt_frozen_illicit,usdt_banned,Tether AddedBlackList,frozen by Tether,
0x655f081df45f52508047a2fd96c92a41b6786e36,ETH,usdt_frozen_illicit,usdt_banned,Tether AddedBlackList,frozen by Tether,
0x6566fd32e6440b4268d616479707321851f354df,ETH,usdt_frozen_illicit,usdt_banned,Tether AddedBlackList,frozen by Tether,
0x656767086d77c1d84aed28b65ed98378d2e3d98b,ETH,usdt_frozen_illicit,usdt_banned,Tether AddedBlackList,frozen by Tether,
0x657b83a0336561c8f64389a6f5ade675c04b0c3b,ETH,usdt_frozen_illicit,usdt_banned,Tether AddedBlackList,frozen by Tether,
0x657bca80e9d191ab7ccfdeef3548e70bdb2f3c29,ETH,usdt_frozen_illicit,usdt_banned,Tether AddedBlackList,frozen by Tether,
0x65c9c0db32af99885b5c4fa3ce7bb6d01d9b9a12,ETH,usdt_frozen_illicit,usdt_banned,Tether AddedBlackList,frozen by Tether,
0x6612d8a4f6d8f45ffdb878353a66c40193a8f82f,ETH,usdt_frozen_illicit,usdt_banned,Tether AddedBlackList,frozen by Tether,
0x661be0562b31e9e8ddc2a7c93803005a1c71d749,ETH,usdt_frozen_illicit,usdt_banned,Tether AddedBlackList,frozen by Tether,
0x661f7588ce31225f7fa04644edc0c83f68592880,ETH,usdt_frozen_illicit,usdt_banned,Tether AddedBlackList,frozen by Tether,
0x662ebe15fdda4d945712104954b06239d0bc4380,ETH,usdt_frozen_illicit,usdt_banned,Tether AddedBlackList,frozen by Tether,
0x6655267ee0bc6511f27d4040d9074fff1a373eff,ETH,usdt_frozen_illicit,usdt_banned,Tether AddedBlackList,frozen by Tether,
0x668dbf100635f593a3847c0bdaf21f0a09380188,ETH,usdt_frozen_illicit,usdt_banned,Tether AddedBlackList,frozen by Tether,
0x66bd27b6a12ebc6b6ce6285c1ab351e216da86a9,ETH,usdt_frozen_illicit,usdt_banned,Tether AddedBlackList,frozen by Tether,
0x66eea6e71a55a5e5b82b39c5230f0520b8daf131,ETH,usdt_frozen_illicit,usdt_banned,Tether AddedBlackList,frozen by Tether,
0x67843bf1aca4c7b348869024f10eea91504f8d1d,ETH,usdt_frozen_illicit,usdt_banned,Tether AddedBlackList,frozen by Tether,
0x678da83ad6a059a66c97febab40698e7b6b521bf,ETH,usdt_frozen_illicit,usdt_banned,Tether AddedBlackList,frozen by Tether,
0x67ab29354a70732cdc97f372be81d657ce8822cd,ETH,usdt_frozen_illicit,usdt_banned,Tether AddedBlackList,frozen by Tether,
0x67b62074c6b38095ac81cf9a0388a1b41cbbf6ce,ETH,usdt_frozen_illicit,usdt_banned,Tether AddedBlackList,frozen by Tether,
0x67dec5541ab69fb967271d99be7d5990585d3f0a,ETH,usdt_frozen_illicit,usdt_banned,Tether AddedBlackList,frozen by Tether,
0x67fb8f8c0a612d69060e95d50530e413d5667df6,ETH,usdt_frozen_illicit,usdt_banned,Tether AddedBlackList,frozen by Tether,
0x683c333ff1ca151e2ed4c3d33ebcbd37843795b7,ETH,usdt_frozen_illicit,usdt_banned,Tether AddedBlackList,frozen by Tether,
0x6867f9e9ad928815e4b08e210a5b707971f98a40,ETH,usdt_frozen_illicit,usdt_banned,Tether AddedBlackList,frozen by Tether,
0x686b8b7540a6f8174afb76303719234c8cc2b1dc,ETH,usdt_frozen_illicit,usdt_banned,Tether AddedBlackList,frozen by Tether,
0x688f239bc2b6fccb3ad5ea3d2b7d456e6731ca66,ETH,usdt_frozen_illicit,usdt_banned,Tether AddedBlackList,frozen by Tether,
0x68c132f3cc84d7871e3f2eb9ddbfdc8afff2a677,ETH,usdt_frozen_illicit,usdt_banned,Tether AddedBlackList,frozen by Tether,
0x68c88fccbc6d5a218711bd897add734aeefd1270,ETH,usdt_frozen_illicit,usdt_banned,Tether AddedBlackList,frozen by Tether,
0x68cd733939e66374e2d0ee808395039c8de6ba46,ETH,usdt_frozen_illicit,usdt_banned,Tether AddedBlackList,frozen by Tether,
0x68de6ec7b21b6eaefef6344b2648417ede88f2c8,ETH,usdt_frozen_illicit,usdt_banned,Tether AddedBlackList,frozen by Tether,
0x68f40c8b3661d9482a529176ca5a46c602f1fadf,ETH,usdt_frozen_illicit,usdt_banned,Tether AddedBlackList,frozen by Tether,
0x68f64608fcb137f8ceccaa08e41678cde0a73de6,ETH,usdt_frozen_illicit,usdt_banned,Tether AddedBlackList,frozen by Tether,
0x68fa1364da6fc974c766fe4bcc9438a07bde7b46,ETH,usdt_frozen_illicit,usdt_banned,Tether AddedBlackList,frozen by Tether,
0x691adb34fc64391bb7e37aa26a3138708fdc551b,ETH,usdt_frozen_illicit,usdt_banned,Tether AddedBlackList,frozen by Tether,
0x69470da792ed4de8f09c51f1bd1168447fbde948,ETH,usdt_frozen_illicit,usdt_banned,Tether AddedBlackList,frozen by Tether,
0x69643145c3bf63605f3b797831d02a3571ab801a,ETH,usdt_frozen_illicit,usdt_banned,Tether AddedBlackList,frozen by Tether,
0x69692d3345010a207b759a7d1af6fc7f38b35c5e,ETH,usdt_frozen_illicit,usdt_banned,Tether AddedBlackList,frozen by Tether,
0x697e8842061746fbd2c23909cd76cc00d0e915fc,ETH,usdt_frozen_illicit,usdt_banned,Tether AddedBlackList,frozen by Tether,
0x69a92b37659d1682e39a403a9a2ccedaef13b77c,ETH,usdt_frozen_illicit,usdt_banned,Tether AddedBlackList,frozen by Tether,
0x69ff1b145e55cb4117c65c05f33e1b051ec3871e,ETH,usdt_frozen_illicit,usdt_banned,Tether AddedBlackList,frozen by Tether,
0x6a054c13799055db287cfeb27426b4904421c28e,ETH,usdt_frozen_illicit,usdt_banned,Tether AddedBlackList,frozen by Tether,
0x6a35326f5cdac8e46c645abcd9cb0731997cc603,ETH,usdt_frozen_illicit,usdt_banned,Tether AddedBlackList,frozen by Tether,
0x6a67ecf57bf9f97671785b38ad3df85b6c683bdc,ETH,usdt_frozen_illicit,usdt_banned,Tether AddedBlackList,frozen by Tether,
0x6a715c4cd36a00bf61994f15c725063f7ed692c3,ETH,usdt_frozen_illicit,usdt_banned,Tether AddedBlackList,frozen by Tether,
0x6a83322e3da0affffc2e0f9c65674bc19adf531a,ETH,usdt_frozen_illicit,usdt_banned,Tether AddedBlackList,frozen by Tether,
0x6a8fd46f88dbd7bdc2d536c604f811c63052ce0f,ETH,usdt_frozen_illicit,usdt_banned,Tether AddedBlackList,frozen by Tether,
0x6a8fdd94f5658c7da0b7c88b93fad036666a3152,ETH,usdt_frozen_illicit,usdt_banned,Tether AddedBlackList,frozen by Tether,
0x6b3595068778dd592e39a122f4f5a5cf09c90fe2,ETH,usdt_frozen_illicit,usdt_banned,Tether AddedBlackList,frozen by Tether,
0x6bb8cf7f1daf7818c0ae6db2eccc75711cb4eebb,ETH,usdt_frozen_illicit,usdt_banned,Tether AddedBlackList,frozen by Tether,
0x6bf7c0eb5d12664f327fe8e88d22ba08a07450d4,ETH,usdt_frozen_illicit,usdt_banned,Tether AddedBlackList,frozen by Tether,
0x6c30205ed6eeae635a30651c2358f9e403c5be0d,ETH,usdt_frozen_illicit,usdt_banned,Tether AddedBlackList,frozen by Tether,
0x6c3ce666a5b030e82d08881216d4aac582604f3f,ETH,usdt_frozen_illicit,usdt_banned,Tether AddedBlackList,frozen by Tether,
0x6c5ba91642f10282b576d91922ae6448c9d52f4e,ETH,usdt_frozen_illicit,usdt_banned,Tether AddedBlackList,frozen by Tether,
0x6c91deb46092962fdad5688bc1481f8cc1fbd150,ETH,usdt_frozen_illicit,usdt_banned,Tether AddedBlackList,frozen by Tether,
0x6cbff13f972d69ef4c8e0f3c56394b7c3f319c53,ETH,usdt_frozen_illicit,usdt_banned,Tether AddedBlackList,frozen by Tether,
0x6d13bc86fd53e8d94646a41139bb6bfa231befe7,ETH,usdt_frozen_illicit,usdt_banned,Tether AddedBlackList,frozen by Tether,
0x6d4df9f6f42c07b627c5afdf01740ecd0a6fed0d,ETH,usdt_frozen_illicit,usdt_banned,Tether AddedBlackList,frozen by Tether,
0x6d60d36af38b5bd8aa8a0db805e6ded08a332f9a,ETH,usdt_frozen_illicit,usdt_banned,Tether AddedBlackList,frozen by Tether,
0x6d61b4754ffd4801a856639407164cf34b756e77,ETH,usdt_frozen_illicit,usdt_banned,Tether AddedBlackList,frozen by Tether,
0x6d82a06dc8e9a6f7aee2328d6a8d6f9688551ad5,ETH,usdt_frozen_illicit,usdt_banned,Tether AddedBlackList,frozen by Tether,
0x6dc301b6ea463fe17fc2548f98ef5cf78014dd21,ETH,usdt_frozen_illicit,usdt_banned,Tether AddedBlackList,frozen by Tether,
0x6dd9a2ff7617c07a2bda29b44b1ea22c257ea7a7,ETH,usdt_frozen_illicit,usdt_banned,Tether AddedBlackList,frozen by Tether,
0x6dd9d8c9c560b235dd72dc428044e2bb2ab0c38e,ETH,usdt_frozen_illicit,usdt_banned,Tether AddedBlackList,frozen by Tether,
0x6ddd91455fcfdd5f1b82fc1b613d5484e60c843b,ETH,usdt_frozen_illicit,usdt_banned,Tether AddedBlackList,frozen by Tether,
0x6dee00aa921242af9ee53613488fb505bdf6cd2a,ETH,usdt_frozen_illicit,usdt_banned,Tether AddedBlackList,frozen by Tether,
0x6e181a323a77bdbd26e9f3e9ccb288de88b22b06,ETH,usdt_frozen_illicit,usdt_banned,Tether AddedBlackList,frozen by Tether,
0x6e2bf7cacc44df65cb97af11548e18d9dd0559c9,ETH,usdt_frozen_illicit,usdt_banned,Tether AddedBlackList,frozen by Tether,
0x6e2f0deab1c358547b353342524489e32640d530,ETH,usdt_frozen_illicit,usdt_banned,Tether AddedBlackList,frozen by Tether,
0x6e3f2361e3e37b4c5c46417fbcc1ba3ab83e8b45,ETH,usdt_frozen_illicit,usdt_banned,Tether AddedBlackList,frozen by Tether,
0x6e778402b3542b24654ee1ec785295fb8f89d2f7,ETH,usdt_frozen_illicit,usdt_banned,Tether AddedBlackList,frozen by Tether,
0x6e82ab852f0584d61142adc2b5f196a661292e16,ETH,usdt_frozen_illicit,usdt_banned,Tether AddedBlackList,frozen by Tether,
0x6ea774ae84f2a01a89328640c516d5d01a2f29c7,ETH,usdt_frozen_illicit,usdt_banned,Tether AddedBlackList,frozen by Tether,
0x6ecf33109ec60606d141b7ef763ed935fecd9405,ETH,usdt_frozen_illicit,usdt_banned,Tether AddedBlackList,frozen by Tether,
0x6ed62422d0d2b9a9f6ec31909e6a1e121111e7d0,ETH,usdt_frozen_illicit,usdt_banned,Tether AddedBlackList,frozen by Tether,
0x6ef45e8d694c35f6cf00b9e9d31ce05b24a384d4,ETH,usdt_frozen_illicit,usdt_banned,Tether AddedBlackList,frozen by Tether,
0x6efeca9dec822502b57ac8518b5fc125e6d6d984,ETH,usdt_frozen_illicit,usdt_banned,Tether AddedBlackList,frozen by Tether,
0x6f223cfe1a849e426dc484bf8d158847ffa2060c,ETH,usdt_frozen_illicit,usdt_banned,Tether AddedBlackList,frozen by Tether,
0x6f28bcfa6aa0bd93201a1e31262a374f949fcd8e,ETH,usdt_frozen_illicit,usdt_banned,Tether AddedBlackList,frozen by Tether,
0x6f29b5b1462f3875e5e39c9fe5143e1a1fd85ab7,ETH,usdt_frozen_illicit,usdt_banned,Tether AddedBlackList,frozen by Tether,
0x6f2f58817db62a31a0253495c7550444958daf17,ETH,usdt_frozen_illicit,usdt_banned,Tether AddedBlackList,frozen by Tether,
0x6f35a5e6a7301627a090822895e5e7209ed72f77,ETH,usdt_frozen_illicit,usdt_banned,Tether AddedBlackList,frozen by Tether,
0x6f37977054f36f4c4416a5845a32716173612430,ETH,usdt_frozen_illicit,usdt_banned,Tether AddedBlackList,frozen by Tether,
0x6f38c4de96433f8ce53952d286495bab3eb5f851,ETH,usdt_frozen_illicit,usdt_banned,Tether AddedBlackList,frozen by Tether,
0x6f446b03a63cc68aad86395bc2d8a38f358d3d69,ETH,usdt_frozen_illicit,usdt_banned,Tether AddedBlackList,frozen by Tether,
0x6f4617a2b686e722fa7550caec775148c20b8626,ETH,usdt_frozen_illicit,usdt_banned,Tether AddedBlackList,frozen by Tether,
0x6f5901e3c53a51fce8edc15f6fa2b01b24226dcc,ETH,usdt_frozen_illicit,usdt_banned,Tether AddedBlackList,frozen by Tether,
0x6f82d8d46268b84220b869c46adff42daf4b989c,ETH,usdt_frozen_illicit,usdt_banned,Tether AddedBlackList,frozen by Tether,
0x6f9aeec6e3e74025d5a58a25ef5d6bc4757c9dba,ETH,usdt_frozen_illicit,usdt_banned,Tether AddedBlackList,frozen by Tether,
0x6fa0952355607dfb2d399138b7fe10eb90f245e4,ETH,usdt_frozen_illicit,usdt_banned,Tether AddedBlackList,frozen by Tether,
0x6fe56c0bcdd471359019fcbc48863d6c3e9d4f41,ETH,usdt_frozen_illicit,usdt_banned,Tether AddedBlackList,frozen by Tether,
0x6ff05ab2f2e47a9ca5d4d8ffc8b3e163e6a74876,ETH,usdt_frozen_illicit,usdt_banned,Tether AddedBlackList,frozen by Tether,
0x703034e521c6402f2fb044fa4f01343a6ad6620b,ETH,usdt_frozen_illicit,usdt_banned,Tether AddedBlackList,frozen by Tether,
0x7062517f6762d3c65a2d656be8e72335048cbf71,ETH,usdt_frozen_illicit,usdt_banned,Tether AddedBlackList,frozen by Tether,
0x707176b584d0ae0c77d3035da8686f8b58cda73b,ETH,usdt_frozen_illicit,usdt_banned,Tether AddedBlackList,frozen by Tether,
0x708462df347dbe85b1f764b696773b32afe225d7,ETH,usdt_frozen_illicit,usdt_banned,Tether AddedBlackList,frozen by Tether,
0x7085bf6f54ef6c823af247efb4d934e5ab1c18ae,ETH,usdt_frozen_illicit,usdt_banned,Tether AddedBlackList,frozen by Tether,
0x70a1a95178c8b8188157ba64e798184a4363d748,ETH,usdt_frozen_illicit,usdt_banned,Tether AddedBlackList,frozen by Tether,
0x70ad5cf7fdca10517b0129e0a8fff2ff3233756e,ETH,usdt_frozen_illicit,usdt_banned,Tether AddedBlackList,frozen by Tether,
0x70be75aa9df59f9eb52ce1ef4f02e33ef52a6c14,ETH,usdt_frozen_illicit,usdt_banned,Tether AddedBlackList,frozen by Tether,
0x70dce8efe47f46fb5511e4c3aa49a59c8f0183f9,ETH,usdt_frozen_illicit,usdt_banned,Tether AddedBlackList,frozen by Tether,
0x71259b92b69d1876975f9dd0e493a54ede73dd86,ETH,usdt_frozen_illicit,usdt_banned,Tether AddedBlackList,frozen by Tether,
0x715c2e51f33f538b485354136c76be12064279c3,ETH,usdt_frozen_illicit,usdt_banned,Tether AddedBlackList,frozen by Tether,
0x715dd76ae9ddb4d03b9df071a78ecdb75c431b13,ETH,usdt_frozen_illicit,usdt_banned,Tether AddedBlackList,frozen by Tether,
0x7164a643224f29d63b149d0e83c4a451892e8303,ETH,usdt_frozen_illicit,usdt_banned,Tether AddedBlackList,frozen by Tether,
0x7174c5fff8dba58e974b8297eff8746ac3d67db7,ETH,usdt_frozen_illicit,usdt_banned,Tether AddedBlackList,frozen by Tether,
0x7188465237ce13b95d593dacaad387c19b25423a,ETH,usdt_frozen_illicit,usdt_banned,Tether AddedBlackList,frozen by Tether,
0x71c85fa7a572dbac28917534fe18aba4805ab346,ETH,usdt_frozen_illicit,usdt_banned,Tether AddedBlackList,frozen by Tether,
0x71dd8fdf74d6bfa79c8d4629a4772033aeeda76b,ETH,usdt_frozen_illicit,usdt_banned,Tether AddedBlackList,frozen by Tether,
0x7202e03b5cde32ec58e7fdfbde853173570594e3,ETH,usdt_frozen_illicit,usdt_banned,Tether AddedBlackList,frozen by Tether,
0x722d6a30631f99656f3c1a0c5e4ab486ee7b8dc6,ETH,usdt_frozen_illicit,usdt_banned,Tether AddedBlackList,frozen by Tether,
0x728e2e4123ae9f27a70642ed19d86cfc421ecdb4,ETH,usdt_frozen_illicit,usdt_banned,Tether AddedBlackList,frozen by Tether,
0x729191805f6bbe845de6e3e4a554c40111bc6c26,ETH,usdt_frozen_illicit,usdt_banned,Tether AddedBlackList,frozen by Tether,
0x72a69c83bdf65a0197786d615582695c24560a3a,ETH,usdt_frozen_illicit,usdt_banned,Tether AddedBlackList,frozen by Tether,
0x72c7ca996bb133acb16e9963c9f955a5b04edbb0,ETH,usdt_frozen_illicit,usdt_banned,Tether AddedBlackList,frozen by Tether,
0x72fe109eb0e9f469efd24e8d3081c33680abf4ba,ETH,usdt_frozen_illicit,usdt_banned,Tether AddedBlackList,frozen by Tether,
0x733afd9c3423d1b07efe6bd17395a46eaf034091,ETH,usdt_frozen_illicit,usdt_banned,Tether AddedBlackList,frozen by Tether,
0x735ebe3ed47877a11023b904054a0ffe44e91ab7,ETH,usdt_frozen_illicit,usdt_banned,Tether AddedBlackList,frozen by Tether,
0x737f8a1c3558753292735f021d419b180602dd85,ETH,usdt_frozen_illicit,usdt_banned,Tether AddedBlackList,frozen by Tether,
0x738ebbedcb4f6aa9ccbb91085239e7d83cbf9e13,ETH,usdt_frozen_illicit,usdt_banned,Tether AddedBlackList,frozen by Tether,
0x73903812dba8bf5d79dd62a12f2f7675b43799c8,ETH,usdt_frozen_illicit,usdt_banned,Tether AddedBlackList,frozen by Tether,
0x7405a6b74df0952ff97f5d7df5af9fd112eeba98,ETH,usdt_frozen_illicit,usdt_banned,Tether AddedBlackList,frozen by Tether,
0x741564f5563abbe85f1b091eb39e38c000cb3e70,ETH,usdt_frozen_illicit,usdt_banned,Tether AddedBlackList,frozen by Tether,
0x741bbc7ee7ef244d91cb12348e85619553f1b846,ETH,usdt_frozen_illicit,usdt_banned,Tether AddedBlackList,frozen by Tether,
0x7420b4b9a0110cdc71fb720908340c03f9bc03ec,ETH,usdt_frozen_illicit,usdt_banned,Tether AddedBlackList,frozen by Tether,
0x74487eed1e67f4787e8c0570e8d5d168a05254d4,ETH,usdt_frozen_illicit,usdt_banned,Tether AddedBlackList,frozen by Tether,
0x748544161584ac19abbc1c6b87de5c79f33cfd0c,ETH,usdt_frozen_illicit,usdt_banned,Tether AddedBlackList,frozen by Tether,
0x749177007d6b55f1cbfddc28b386d25f6c65c592,ETH,usdt_frozen_illicit,usdt_banned,Tether AddedBlackList,frozen by Tether,
0x74b76a5ce326bcdab7c9ba4c8b4c204cc42b1cb2,ETH,usdt_frozen_illicit,usdt_banned,Tether AddedBlackList,frozen by Tether,
0x74e24340d7f1c08716c87532639c5096d4e51713,ETH,usdt_frozen_illicit,usdt_banned,Tether AddedBlackList,frozen by Tether,
0x74ea2bf20ed852014ece490c8ad9cb2598517d3b,ETH,usdt_frozen_illicit,usdt_banned,Tether AddedBlackList,frozen by Tether,
0x7500f0c7b6de1987e5bf617f681c0e10f0b73cae,ETH,usdt_frozen_illicit,usdt_banned,Tether AddedBlackList,frozen by Tether,
0x751acef1a33fef522abd98f6e3a3c6d546c93923,ETH,usdt_frozen_illicit,usdt_banned,Tether AddedBlackList,frozen by Tether,
0x75248c7a940f2cb5de924bfb4c4bdbbe52e9ec49,ETH,usdt_frozen_illicit,usdt_banned,Tether AddedBlackList,frozen by Tether,
0x754a7d510311dd13a8909de088dd767275ff19d3,ETH,usdt_frozen_illicit,usdt_banned,Tether AddedBlackList,frozen by Tether,
0x75720b408dec3110d4432f9a87498261968efdc6,ETH,usdt_frozen_illicit,usdt_banned,Tether AddedBlackList,frozen by Tether,
0x757a22bd624b91fd86db87b9973fe71d1c262588,ETH,usdt_frozen_illicit,usdt_banned,Tether AddedBlackList,frozen by Tether,
0x75954b2cce7726b1afba2c1bc7724348e3dd1b87,ETH,usdt_frozen_illicit,usdt_banned,Tether AddedBlackList,frozen by Tether,
0x75b3308a9a8904aa2c40cfcb4eaf958700d4b3e6,ETH,usdt_frozen_illicit,usdt_banned,Tether AddedBlackList,frozen by Tether,
0x75cbcb43ab68337eb05b366bd5a2b1b78e2881e8,ETH,usdt_frozen_illicit,usdt_banned,Tether AddedBlackList,frozen by Tether,
0x76034f8a9acd3e8dda947161398b8175d2f511ba,ETH,usdt_frozen_illicit,usdt_banned,Tether AddedBlackList,frozen by Tether,
0x760ee593861973b4cbc372a2cc31892e80f22ecd,ETH,usdt_frozen_illicit,usdt_banned,Tether AddedBlackList,frozen by Tether,
0x7670071c90bdbca7b73c7103365b9d843fb8223c,ETH,usdt_frozen_illicit,usdt_banned,Tether AddedBlackList,frozen by Tether,
0x7679a8b5e13db0f549672b18d76751db5092ea58,ETH,usdt_frozen_illicit,usdt_banned,Tether AddedBlackList,frozen by Tether,
0x76875893fd31be9530142c67676e277b130ee739,ETH,usdt_frozen_illicit,usdt_banned,Tether AddedBlackList,frozen by Tether,
0x76946ee7924894c1007acbc316b407ab351a2a8f,ETH,usdt_frozen_illicit,usdt_banned,Tether AddedBlackList,frozen by Tether,
0x76cd1cc6999a22903ffdc3a529086304c4bb780c,ETH,usdt_frozen_illicit,usdt_banned,Tether AddedBlackList,frozen by Tether,
0x76cfc13743a1150c9126108fdda9d59dacd67c63,ETH,usdt_frozen_illicit,usdt_banned,Tether AddedBlackList,frozen by Tether,
0x76eec2288e4aa9d60fb25eed53e9703ab6689b7b,ETH,usdt_frozen_illicit,usdt_banned,Tether AddedBlackList,frozen by Tether,
0x76f124bcc15b0eaa415e7ee2a4c854765bfd1b3d,ETH,usdt_frozen_illicit,usdt_banned,Tether AddedBlackList,frozen by Tether,
0x7701308ee2ad4499492957517a3c8481be3b83d7,ETH,usdt_frozen_illicit,usdt_banned,Tether AddedBlackList,frozen by Tether,
0x771823c82bdd03437f274942ed8481b1dd9d1971,ETH,usdt_frozen_illicit,usdt_banned,Tether AddedBlackList,frozen by Tether,
0x7748ebfe40fb4ca6ae9e4a7ea826a359609d353f,ETH,usdt_frozen_illicit,usdt_banned,Tether AddedBlackList,frozen by Tether,
0x77844fc0be83bb8e88c60b44c1281c5055f5e83a,ETH,usdt_frozen_illicit,usdt_banned,Tether AddedBlackList,frozen by Tether,
0x7799df6db4d61facaf68da278b3091464a581a9d,ETH,usdt_frozen_illicit,usdt_banned,Tether AddedBlackList,frozen by Tether,
0x77db6d48985a1f836873af5fea732b5131d3f876,ETH,usdt_frozen_illicit,usdt_banned,Tether AddedBlackList,frozen by Tether,
0x77fc179f0de44fd77c2f00dbdf4535abdb73afb0,ETH,usdt_frozen_illicit,usdt_banned,Tether AddedBlackList,frozen by Tether,
0x7816095d41be0ef5875aa8046816ca64a506576a,ETH,usdt_frozen_illicit,usdt_banned,Tether AddedBlackList,frozen by Tether,
0x781ade5b26e54acfe07bbcc9fa280b12f1b81a5b,ETH,usdt_frozen_illicit,usdt_banned,Tether AddedBlackList,frozen by Tether,
0x78345397f8e8bedc13d8e1eba8a019f3da47ebf9,ETH,usdt_frozen_illicit,usdt_banned,Tether AddedBlackList,frozen by Tether,
0x783856a3da6ce4b2df87eb388cde0f354d003963,ETH,usdt_frozen_illicit,usdt_banned,Tether AddedBlackList,frozen by Tether,
0x787de0c82de2f1b9ddc22766d0bce402098624c6,ETH,usdt_frozen_illicit,usdt_banned,Tether AddedBlackList,frozen by Tether,
0x78b207ffb60c7cb4719562dc00f5775ddf317416,ETH,usdt_frozen_illicit,usdt_banned,Tether AddedBlackList,frozen by Tether,
0x78b98b5e28796b65267addb231a99a79d07ed8f9,ETH,usdt_frozen_illicit,usdt_banned,Tether AddedBlackList,frozen by Tether,
0x78bc05de11d5504beb9857bf20418240d7d64af6,ETH,usdt_frozen_illicit,usdt_banned,Tether AddedBlackList,frozen by Tether,
0x78cce13d75ab006ce98b5401108ba4c18cf1b3bc,ETH,usdt_frozen_illicit,usdt_banned,Tether AddedBlackList,frozen by Tether,
0x79670976372798787e5d781134a4671cc1eda48f,ETH,usdt_frozen_illicit,usdt_banned,Tether AddedBlackList,frozen by Tether,
0x7978042cd0116b48e9833a6b5c08fee283e4ccf7,ETH,usdt_frozen_illicit,usdt_banned,Tether AddedBlackList,frozen by Tether,
0x79bab15110686c684962bfdbd1a30ffdd3ef999a,ETH,usdt_frozen_illicit,usdt_banned,Tether AddedBlackList,frozen by Tether,
0x79f81fcd0d59876b40fbe1a44cf783e150fbc811,ETH,usdt_frozen_illicit,usdt_banned,Tether AddedBlackList,frozen by Tether,
0x7a0c5bf3ac8778bd63efb914f89c048447331dab,ETH,usdt_frozen_illicit,usdt_banned,Tether AddedBlackList,frozen by Tether,
0x7a0ce83a8607a1dada23236920b5bb462e740eb8,ETH,usdt_frozen_illicit,usdt_banned,Tether AddedBlackList,frozen by Tether,
0x7a58c0be72be218b41c608b7fe7c5bb630736c71,ETH,usdt_frozen_illicit,usdt_banned,Tether AddedBlackList,frozen by Tether,
0x7a5920c6e104a829a92621394a4b9991de2af326,ETH,usdt_frozen_illicit,usdt_banned,Tether AddedBlackList,frozen by Tether,
0x7a67f1fcf106877b35c4708eae24e57c712073ba,ETH,usdt_frozen_illicit,usdt_banned,Tether AddedBlackList,frozen by Tether,
0x7a6d37d7637a4ae334a8bec5a3ae414460c4ff5b,ETH,usdt_frozen_illicit,usdt_banned,Tether AddedBlackList,frozen by Tether,
0x7aad82463dfd68486f29d5d157967fd24d324de6,ETH,usdt_frozen_illicit,usdt_banned,Tether AddedBlackList,frozen by Tether,
0x7b3232c08c61e097219d3ac64797c4bc0e861a0d,ETH,usdt_frozen_illicit,usdt_banned,Tether AddedBlackList,frozen by Tether,
0x7b63076d8d2656079f0f4ea330f05c4d583c17b3,ETH,usdt_frozen_illicit,usdt_banned,Tether AddedBlackList,frozen by Tether,
0x7b8c3644bff1a2407d369b7218aec08de96414e0,ETH,usdt_frozen_illicit,usdt_banned,Tether AddedBlackList,frozen by Tether,
0x7b8ce4bce491966a542c4fdb2cdfbf962bee038d,ETH,usdt_frozen_illicit,usdt_banned,Tether AddedBlackList,frozen by Tether,
0x7b99fea8f296fd21b4fc75aac8ae602c247fb7af,ETH,usdt_frozen_illicit,usdt_banned,Tether AddedBlackList,frozen by Tether,
0x7bc20b2e31b13a3fc7efbf87e2c042cf1f7d5683,ETH,usdt_frozen_illicit,usdt_banned,Tether AddedBlackList,frozen by Tether,
0x7bc2326599db178d200d2a7b7ade3938be413770,ETH,usdt_frozen_illicit,usdt_banned,Tether AddedBlackList,frozen by Tether,
0x7bd58988cf7d2560c942758d05980c9643738241,ETH,usdt_frozen_illicit,usdt_banned,Tether AddedBlackList,frozen by Tether,
0x7bdcfbbd956e63a646f88a3bec3251c9e84c9f3d,ETH,usdt_frozen_illicit,usdt_banned,Tether AddedBlackList,frozen by Tether,
0x7c19d0bd082bc418059d97aa271509fb6b4f409f,ETH,usdt_frozen_illicit,usdt_banned,Tether AddedBlackList,frozen by Tether,
0x7c214b43350b51b8c2b72c0c2b10b764fc9774c6,ETH,usdt_frozen_illicit,usdt_banned,Tether AddedBlackList,frozen by Tether,
0x7c73e2eba3d1f73d1d45e4d74168cab6b9ce3964,ETH,usdt_frozen_illicit,usdt_banned,Tether AddedBlackList,frozen by Tether,
0x7ca7c0e051577dd9f1e129fa70e7d2bb90ef3475,ETH,usdt_frozen_illicit,usdt_banned,Tether AddedBlackList,frozen by Tether,
0x7ca9893f743d13fffd39c90c95da1bdf74c5a164,ETH,usdt_frozen_illicit,usdt_banned,Tether AddedBlackList,frozen by Tether,
0x7cae936f7be05f154f8ab07c52d52b7bc9884dd4,ETH,usdt_frozen_illicit,usdt_banned,Tether AddedBlackList,frozen by Tether,
0x7cc1c8bdf79909da7305fa96bb93e9de3946f463,ETH,usdt_frozen_illicit,usdt_banned,Tether AddedBlackList,frozen by Tether,
0x7d8115947cea2966aa61fdfaa4d58053aeac4e2f,ETH,usdt_frozen_illicit,usdt_banned,Tether AddedBlackList,frozen by Tether,
0x7d9d6b322555350d658b00db175aaac5a2a65fbe,ETH,usdt_frozen_illicit,usdt_banned,Tether AddedBlackList,frozen by Tether,
0x7dbc24be1ba60be24d8c161f1795c334acc77d12,ETH,usdt_frozen_illicit,usdt_banned,Tether AddedBlackList,frozen by Tether,
0x7dd5273989f10527c7ba68a4c838262b9aa27610,ETH,usdt_frozen_illicit,usdt_banned,Tether AddedBlackList,frozen by Tether,
0x7dfea7bc6587bfae2400fb099e08e08be7760dbf,ETH,usdt_frozen_illicit,usdt_banned,Tether AddedBlackList,frozen by Tether,
0x7e2d2f42be2da4de8ffbeccb777de15f6c06e581,ETH,usdt_frozen_illicit,usdt_banned,Tether AddedBlackList,frozen by Tether,
0x7e4e5e1673b9616e5382ed9a499d659d30c445a6,ETH,usdt_frozen_illicit,usdt_banned,Tether AddedBlackList,frozen by Tether,
0x7e5c85bcb39b59e9910f6e271e20433c7b0561c4,ETH,usdt_frozen_illicit,usdt_banned,Tether AddedBlackList,frozen by Tether,
0x7e7d6cc7e8a376828ce66ae187ac2a43cddf8fa8,ETH,usdt_frozen_illicit,usdt_banned,Tether AddedBlackList,frozen by Tether,
0x7ea4ff532f7c90422cbc4e63250f82acbc0e59b2,ETH,usdt_frozen_illicit,usdt_banned,Tether AddedBlackList,frozen by Tether,
0x7edd37db75241364fa4916617f472031b073193c,ETH,usdt_frozen_illicit,usdt_banned,Tether AddedBlackList,frozen by Tether,
0x7f4fddcc0ee2d3b8e1fa85e27a4cd8210b967980,ETH,usdt_frozen_illicit,usdt_banned,Tether AddedBlackList,frozen by Tether,
0x7f5d16d805011b8d8f0ffcbcc1254ff1620dc045,ETH,usdt_frozen_illicit,usdt_banned,Tether AddedBlackList,frozen by Tether,
0x7fccf9c4141b15adb256858aded74c5c9a94d9e7,ETH,usdt_frozen_illicit,usdt_banned,Tether AddedBlackList,frozen by Tether,
0x801b9c709f31663e3a56cddd9fa797ea5584adc4,ETH,usdt_frozen_illicit,usdt_banned,Tether AddedBlackList,frozen by Tether,
0x804c31f17ba79d82120e2bea6613463e754ad2bc,ETH,usdt_frozen_illicit,usdt_banned,Tether AddedBlackList,frozen by Tether,
0x80edf323dd0f0a67464d10c6f491c2c49891cb64,ETH,usdt_frozen_illicit,usdt_banned,Tether AddedBlackList,frozen by Tether,
0x813ab3d3618420057b0d27106ae4f2a4a10ac056,ETH,usdt_frozen_illicit,usdt_banned,Tether AddedBlackList,frozen by Tether,
0x815f335f976301f496167bfef237f0622f92ac38,ETH,usdt_frozen_illicit,usdt_banned,Tether AddedBlackList,frozen by Tether,
0x817882d000f61327b6da9f70bb22569ac54d30f9,ETH,usdt_frozen_illicit,usdt_banned,Tether AddedBlackList,frozen by Tether,
0x81875042b15fb8d06c78b4427fa571363686a43f,ETH,usdt_frozen_illicit,usdt_banned,Tether AddedBlackList,frozen by Tether,
0x81c4d8816b29147c542dde87485608204690acf2,ETH,usdt_frozen_illicit,usdt_banned,Tether AddedBlackList,frozen by Tether,
0x81eb6bd1951ad87953721efcfe5446b722bb0b9c,ETH,usdt_frozen_illicit,usdt_banned,Tether AddedBlackList,frozen by Tether,
0x8269e4f62b9253121579e500204aff5d0c897830,ETH,usdt_frozen_illicit,usdt_banned,Tether AddedBlackList,frozen by Tether,
0x829bc85049b487bddd253a81ed1ad473ac0f2163,ETH,usdt_frozen_illicit,usdt_banned,Tether AddedBlackList,frozen by Tether,
0x82a9dc9c17fedc7bad5b64f63e3dd081f8964fe0,ETH,usdt_frozen_illicit,usdt_banned,Tether AddedBlackList,frozen by Tether,
0x82e2a45ed49e7975ae4c2f0f00e3e14180fecb15,ETH,usdt_frozen_illicit,usdt_banned,Tether AddedBlackList,frozen by Tether,
0x82ededb4316b10f35a15f71ac7b1c94c42cccb32,ETH,usdt_frozen_illicit,usdt_banned,Tether AddedBlackList,frozen by Tether,
0x82fbb317644a553a406a9b9819fe7a000b89fce8,ETH,usdt_frozen_illicit,usdt_banned,Tether AddedBlackList,frozen by Tether,
0x832970f1bc731d8119bf022072bb1015e3ad87f1,ETH,usdt_frozen_illicit,usdt_banned,Tether AddedBlackList,frozen by Tether,
0x835a87d3bb4f3310ca452cb8bbb45870c9e85968,ETH,usdt_frozen_illicit,usdt_banned,Tether AddedBlackList,frozen by Tether,
0x8365fcf42ebec34d5bda221583968a1a6fd3841c,ETH,usdt_frozen_illicit,usdt_banned,Tether AddedBlackList,frozen by Tether,
0x83736a07ff573e9bd06aaff4302c58ea756a6072,ETH,usdt_frozen_illicit,usdt_banned,Tether AddedBlackList,frozen by Tether,
0x8392207e6466248c650eb466af93906def5f9624,ETH,usdt_frozen_illicit,usdt_banned,Tether AddedBlackList,frozen by Tether,
0x83a1e994a65dd6e57aaf71fb0b3f762d8efe44b8,ETH,usdt_frozen_illicit,usdt_banned,Tether AddedBlackList,frozen by Tether,
0x83b379afaf9a0553f4dd41f1358d6a95dcb0e814,ETH,usdt_frozen_illicit,usdt_banned,Tether AddedBlackList,frozen by Tether,
0x83b90e819199542c4d3832bf8fcb85bd8affb66e,ETH,usdt_frozen_illicit,usdt_banned,Tether AddedBlackList,frozen by Tether,
0x84189833c6b11450fb7dbd2e0d8bd3382b4032e0,ETH,usdt_frozen_illicit,usdt_banned,Tether AddedBlackList,frozen by Tether,
0x845839bd0f1d88966e2ee157be9e8d5a0c906f0b,ETH,usdt_frozen_illicit,usdt_banned,Tether AddedBlackList,frozen by Tether,
0x84a846d4b81f9bcbbc4ce753e2a6c5fc4bd85376,ETH,usdt_frozen_illicit,usdt_banned,Tether AddedBlackList,frozen by Tether,
0x84c03c2c14e73e90bf8cea11d625271b3a92dfac,ETH,usdt_frozen_illicit,usdt_banned,Tether AddedBlackList,frozen by Tether,
0x84cbe3dbe1fb4002ea60b71dd21f32c76dc89c91,ETH,usdt_frozen_illicit,usdt_banned,Tether AddedBlackList,frozen by Tether,
0x85498e42e71a4bdfe67aacde2639aaa641c4d9c9,ETH,usdt_frozen_illicit,usdt_banned,Tether AddedBlackList,frozen by Tether,
0x85b4636eec80358a074ddfa68d9120ecd70d52be,ETH,usdt_frozen_illicit,usdt_banned,Tether AddedBlackList,frozen by Tether,
0x85f4e048bf830621c67ecf99c8f7a3b1c87df809,ETH,usdt_frozen_illicit,usdt_banned,Tether AddedBlackList,frozen by Tether,
0x8604fd24e99eac88448146efb10aeb8f3dc0b5da,ETH,usdt_frozen_illicit,usdt_banned,Tether AddedBlackList,frozen by Tether,
0x861aa875d84c8229102f8367a284a5cb4c0d4d66,ETH,usdt_frozen_illicit,usdt_banned,Tether AddedBlackList,frozen by Tether,
0x8632c2ce3c4fde3b42871f493a012ef45a01892c,ETH,usdt_frozen_illicit,usdt_banned,Tether AddedBlackList,frozen by Tether,
0x86772b1409b61c639eaac9ba0acfbb6e238e5f83,ETH,usdt_frozen_illicit,usdt_banned,Tether AddedBlackList,frozen by Tether,
0x8679b074480c47d6e4b4c4bb24e5970e1a0d0cfc,ETH,usdt_frozen_illicit,usdt_banned,Tether AddedBlackList,frozen by Tether,
0x86aba7b5d13d8013462914ffe5bfeb10a02ee665,ETH,usdt_frozen_illicit,usdt_banned,Tether AddedBlackList,frozen by Tether,
0x86ac74e010b46cc74a3a2e160cd56d087222d727,ETH,usdt_frozen_illicit,usdt_banned,Tether AddedBlackList,frozen by Tether,
0x86c1ef1c9645f9716272ac72c681afbfadff7309,ETH,usdt_frozen_illicit,usdt_banned,Tether AddedBlackList,frozen by Tether,
0x86d086d67bfc744f5992081a707be96900ac7025,ETH,usdt_frozen_illicit,usdt_banned,Tether AddedBlackList,frozen by Tether,
0x86d6e5417ec47b1531e45669436c0bb4514ec724,ETH,usdt_frozen_illicit,usdt_banned,Tether AddedBlackList,frozen by Tether,
0x873132bdecf05929305cf562c834114073b9cfa2,ETH,usdt_frozen_illicit,usdt_banned,Tether AddedBlackList,frozen by Tether,
0x87370ec2e2686952e4dfbcdde5641f03956ceebb,ETH,usdt_frozen_illicit,usdt_banned,Tether AddedBlackList,frozen by Tether,
0x87816f927d13f3ec84ede6eaaa1b43289925b206,ETH,usdt_frozen_illicit,usdt_banned,Tether AddedBlackList,frozen by Tether,
0x87b220c084466dd429f9fc767f53592f35ec94bb,ETH,usdt_frozen_illicit,usdt_banned,Tether AddedBlackList,frozen by Tether,
0x87f4302bbff812b415e265a78341c044aa1f6aa9,ETH,usdt_frozen_illicit,usdt_banned,Tether AddedBlackList,frozen by Tether,
0x87f7a1b09a00a512c1825ee8a6649f8f23f5fa3d,ETH,usdt_frozen_illicit,usdt_banned,Tether AddedBlackList,frozen by Tether,
0x87fc2ec57e05d393219ba22f16c6cf87247dee8b,ETH,usdt_frozen_illicit,usdt_banned,Tether AddedBlackList,frozen by Tether,
0x881d40237659c251811cec9c364ef91dc08d300c,ETH,usdt_frozen_illicit,usdt_banned,Tether AddedBlackList,frozen by Tether,
0x882c244394595c7b26bdeab00ce224f71ffda3a2,ETH,usdt_frozen_illicit,usdt_banned,Tether AddedBlackList,frozen by Tether,
0x8836e2efc7c9db81bca164e20b1e15a8efef0b84,ETH,usdt_frozen_illicit,usdt_banned,Tether AddedBlackList,frozen by Tether,
0x88392b45dcf6a8acc482b8daa675d40094101b1d,ETH,usdt_frozen_illicit,usdt_banned,Tether AddedBlackList,frozen by Tether,
0x886b2797d1d229605073c7c66bb3fe96fb61a642,ETH,usdt_frozen_illicit,usdt_banned,Tether AddedBlackList,frozen by Tether,
0x8897f0080ca1572dd55fe38b54f3b87413c98e08,ETH,usdt_frozen_illicit,usdt_banned,Tether AddedBlackList,frozen by Tether,
0x889abf9989dddf92c8d4d169ee6fcba17ca4bdce,ETH,usdt_frozen_illicit,usdt_banned,Tether AddedBlackList,frozen by Tether,
0x889b92b4e0c02a96d62fe2237e2f5363d93fd62e,ETH,usdt_frozen_illicit,usdt_banned,Tether AddedBlackList,frozen by Tether,
0x88cc9b3f6858109fd15103a247d5209dee86e6f8,ETH,usdt_frozen_illicit,usdt_banned,Tether AddedBlackList,frozen by Tether,
0x88f2f7fb92efe4f35073a431cbf56b992a7d1069,ETH,usdt_frozen_illicit,usdt_banned,Tether AddedBlackList,frozen by Tether,
0x890edf40e6da6c19e6dfa7bf29bf50b4653e8f0f,ETH,usdt_frozen_illicit,usdt_banned,Tether AddedBlackList,frozen by Tether,
0x891cb46cf734538cc52eff7b68c9edd8e07ff2c9,ETH,usdt_frozen_illicit,usdt_banned,Tether AddedBlackList,frozen by Tether,
0x8946a15b530c435fc0fe221f9efad6faa68eeac2,ETH,usdt_frozen_illicit,usdt_banned,Tether AddedBlackList,frozen by Tether,
0x8951972b1c30bf4bbd4de80a63e5de5da2329a22,ETH,usdt_frozen_illicit,usdt_banned,Tether AddedBlackList,frozen by Tether,
0x8993060b04367ffb12a09f9b68e3b0d37cd2c688,ETH,usdt_frozen_illicit,usdt_banned,Tether AddedBlackList,frozen by Tether,
0x89b9ca8aad0f1d095ddacf8ae991193abc86a64c,ETH,usdt_frozen_illicit,usdt_banned,Tether AddedBlackList,frozen by Tether,
0x89bf78881eb1905d6d23e990aaa87a76e644d096,ETH,usdt_frozen_illicit,usdt_banned,Tether AddedBlackList,frozen by Tether,
0x89c599f27d3ed04b4522a0585c89bf51d43050b3,ETH,usdt_frozen_illicit,usdt_banned,Tether AddedBlackList,frozen by Tether,
0x89c61abda2a1061182765656dc591306a491643c,ETH,usdt_frozen_illicit,usdt_banned,Tether AddedBlackList,frozen by Tether,
0x89ef55b2d925175b5c14b47bf9601fbe291f2b32,ETH,usdt_frozen_illicit,usdt_banned,Tether AddedBlackList,frozen by Tether,
0x89f99b28d0c57981ba3aeb7581c01e8cf16bf039,ETH,usdt_frozen_illicit,usdt_banned,Tether AddedBlackList,frozen by Tether,
0x8a124d501fd2ab4ce832e6d3d7edf4022e8c55fa,ETH,usdt_frozen_illicit,usdt_banned,Tether AddedBlackList,frozen by Tether,
0x8a160cac2f51f0365f92114837ee1cc8c5f9acb7,ETH,usdt_frozen_illicit,usdt_banned,Tether AddedBlackList,frozen by Tether,
0x8a55cafb137ef8c206d24d7efa3cc9859bf21415,ETH,usdt_frozen_illicit,usdt_banned,Tether AddedBlackList,frozen by Tether,
0x8a88ec253662ce5ae2600be6a38c17624d3332ad,ETH,usdt_frozen_illicit,usdt_banned,Tether AddedBlackList,frozen by Tether,
0x8ab7404063ec4dbcfd4598215992dc3f8ec853d7,ETH,usdt_frozen_illicit,usdt_banned,Tether AddedBlackList,frozen by Tether,
0x8ac7c0ba14eafdb8fe4378028d540e9ed576afdb,ETH,usdt_frozen_illicit,usdt_banned,Tether AddedBlackList,frozen by Tether,
0x8aebed593fddbee769ddd2776ea5bdd2b8ce0bc4,ETH,usdt_frozen_illicit,usdt_banned,Tether AddedBlackList,frozen by Tether,
0x8b187abcc83a9add6accbee6251cac90aaa73616,ETH,usdt_frozen_illicit,usdt_banned,Tether AddedBlackList,frozen by Tether,
0x8b37d9a0eb0ffef19d2082f7c7becc36f4625051,ETH,usdt_frozen_illicit,usdt_banned,Tether AddedBlackList,frozen by Tether,
0x8b3faa9e846c64924bc844fb83faba2cb8dc318d,ETH,usdt_frozen_illicit,usdt_banned,Tether AddedBlackList,frozen by Tether,
0x8b47e7daa3c7471f446f6500243be9b59fd57451,ETH,usdt_frozen_illicit,usdt_banned,Tether AddedBlackList,frozen by Tether,
0x8bc5a57188a2221f5f05ab95af367701d85d792f,ETH,usdt_frozen_illicit,usdt_banned,Tether AddedBlackList,frozen by Tether,
0x8bcab2cd3cbe029443bbe1e4146ec26ea1d36bdf,ETH,usdt_frozen_illicit,usdt_banned,Tether AddedBlackList,frozen by Tether,
0x8c0969614377fa73e46d3f105a79d092c6c7a07e,ETH,usdt_frozen_illicit,usdt_banned,Tether AddedBlackList,frozen by Tether,
0x8c15480b2b67672cf8023f1fed5138f1eb43032b,ETH,usdt_frozen_illicit,usdt_banned,Tether AddedBlackList,frozen by Tether,
0x8c29c982782b4ea2a2c69329e3e4e2afe8bdcdae,ETH,usdt_frozen_illicit,usdt_banned,Tether AddedBlackList,frozen by Tether,
0x8c2f29b14d7326dc19ccb5c0f6dfc69617ef3277,ETH,usdt_frozen_illicit,usdt_banned,Tether AddedBlackList,frozen by Tether,
0x8c37b927fa392ad0b1890c8fb49fe939563f768f,ETH,usdt_frozen_illicit,usdt_banned,Tether AddedBlackList,frozen by Tether,
0x8c6b4a65e3b442b1d7b4d4b3143049c36d78a173,ETH,usdt_frozen_illicit,usdt_banned,Tether AddedBlackList,frozen by Tether,
0x8c7605a2b38790edfe6103e960fd7e13bd8345d5,ETH,usdt_frozen_illicit,usdt_banned,Tether AddedBlackList,frozen by Tether,
0x8c955e7695c414df8999bac633751200ec554eed,ETH,usdt_frozen_illicit,usdt_banned,Tether AddedBlackList,frozen by Tether,
0x8cdf78370d829d4d3efd03071cdf57c23da3e9b8,ETH,usdt_frozen_illicit,usdt_banned,Tether AddedBlackList,frozen by Tether,
0x8d1584260a692ed2f92d884c7a36f35cc800db1e,ETH,usdt_frozen_illicit,usdt_banned,Tether AddedBlackList,frozen by Tether,
0x8d411e049106ed724029649d455b12981c83dd38,ETH,usdt_frozen_illicit,usdt_banned,Tether AddedBlackList,frozen by Tether,
0x8d56ca20b4bf735c6fac4034c2c51209e31dfa68,ETH,usdt_frozen_illicit,usdt_banned,Tether AddedBlackList,frozen by Tether,
0x8d86c14f3bc6f57d0f7d66850dc727c2286a1ba8,ETH,usdt_frozen_illicit,usdt_banned,Tether AddedBlackList,frozen by Tether,
0x8db8b37c2363aacd10f0e1bbac153f1d688daa32,ETH,usdt_frozen_illicit,usdt_banned,Tether AddedBlackList,frozen by Tether,
0x8dd27cc651fb6db976083029c205c3153ae8dea9,ETH,usdt_frozen_illicit,usdt_banned,Tether AddedBlackList,frozen by Tether,
0x8df2a8c10a7ee001d6e4e0d96704eee59e685f12,ETH,usdt_frozen_illicit,usdt_banned,Tether AddedBlackList,frozen by Tether,
0x8e4fa3ca996c403f8f5bbafc99c02c4c878d4e05,ETH,usdt_frozen_illicit,usdt_banned,Tether AddedBlackList,frozen by Tether,
0x8e5540381f9e54cc2ce592253dc1f63d68261ecd,ETH,usdt_frozen_illicit,usdt_banned,Tether AddedBlackList,frozen by Tether,
0x8e5a9922f6427d05af990627b0758f4beed17adf,ETH,usdt_frozen_illicit,usdt_banned,Tether AddedBlackList,frozen by Tether,
0x8e80b88620e0a2395a46a5fa639e19cb0c493974,ETH,usdt_frozen_illicit,usdt_banned,Tether AddedBlackList,frozen by Tether,
0x8ea613625e2da67df9c6064fa935fda42dbf5dc5,ETH,usdt_frozen_illicit,usdt_banned,Tether AddedBlackList,frozen by Tether,
0x8eab734f5639dcde8197e7b8724ea04556d5d69b,ETH,usdt_frozen_illicit,usdt_banned,Tether AddedBlackList,frozen by Tether,
0x8ee035f286a861259117a6973bba7724bf5601f0,ETH,usdt_frozen_illicit,usdt_banned,Tether AddedBlackList,frozen by Tether,
0x8ee195f3c9f2b92aa37d8ab1a9ff1366f831c5ad,ETH,usdt_frozen_illicit,usdt_banned,Tether AddedBlackList,frozen by Tether,
0x8ee1c2b5d20c6c941f422cb59e1e74f988772fc6,ETH,usdt_frozen_illicit,usdt_banned,Tether AddedBlackList,frozen by Tether,
0x8eeaa8b309327c617c74acedd3987bb46824e9a8,ETH,usdt_frozen_illicit,usdt_banned,Tether AddedBlackList,frozen by Tether,
0x8efd504db5aa960682aeb1e69ecbdf121a8e6b1a,ETH,usdt_frozen_illicit,usdt_banned,Tether AddedBlackList,frozen by Tether,
0x8f8a8f4b54a2aac7799d7bc81368ac27b852822a,ETH,usdt_frozen_illicit,usdt_banned,Tether AddedBlackList,frozen by Tether,
0x8f9538e45a4434bdc8551d24a2c61097082f1cb0,ETH,usdt_frozen_illicit,usdt_banned,Tether AddedBlackList,frozen by Tether,
0x8faff11fde21191e7fd50806dcbcdd49265d51a0,ETH,usdt_frozen_illicit,usdt_banned,Tether AddedBlackList,frozen by Tether,
0x8ffdaff347c0caa27b951aebafea06cbdfbacdc5,ETH,usdt_frozen_illicit,usdt_banned,Tether AddedBlackList,frozen by Tether,
0x90893431b0d0cc1a67fc853955e7190a6d8da835,ETH,usdt_frozen_illicit,usdt_banned,Tether AddedBlackList,frozen by Tether,
0x90a0a27b53f968879b12cd56cd67d27904ba25a4,ETH,usdt_frozen_illicit,usdt_banned,Tether AddedBlackList,frozen by Tether,
0x90a3309f03cfaa13601678f3fdccc4ec94fef6ab,ETH,usdt_frozen_illicit,usdt_banned,Tether AddedBlackList,frozen by Tether,
0x9114de4df6a8d2def725c6a40f5fa9a8f4049fe5,ETH,usdt_frozen_illicit,usdt_banned,Tether AddedBlackList,frozen by Tether,
0x911d86c1f9949777c942f44902bd6e6e7f251520,ETH,usdt_frozen_illicit,usdt_banned,Tether AddedBlackList,frozen by Tether,
0x91b57a3d8a39885185c15b22642247de8870b1cb,ETH,usdt_frozen_illicit,usdt_banned,Tether AddedBlackList,frozen by Tether,
0x91b64adad5429f7184e12ae84b0c1b6a966070aa,ETH,usdt_frozen_illicit,usdt_banned,Tether AddedBlackList,frozen by Tether,
0x9206b8b62bfb1e52089598580ce87d7cb7e31ced,ETH,usdt_frozen_illicit,usdt_banned,Tether AddedBlackList,frozen by Tether,
0x9222d77145fac7e96f17c1803f37e65ec41e4f9f,ETH,usdt_frozen_illicit,usdt_banned,Tether AddedBlackList,frozen by Tether,
0x92ba165015a5172e4c01dcf08966e4a4afe249d0,ETH,usdt_frozen_illicit,usdt_banned,Tether AddedBlackList,frozen by Tether,
0x92cf4d125b904864b016c8c10b7a8e8504060a4e,ETH,usdt_frozen_illicit,usdt_banned,Tether AddedBlackList,frozen by Tether,
0x92da4e60828a3e01a421c654702d01d3095519a9,ETH,usdt_frozen_illicit,usdt_banned,Tether AddedBlackList,frozen by Tether,
0x92fabf832320b18723f9c34bdd3759b9f1c0eac6,ETH,usdt_frozen_illicit,usdt_banned,Tether AddedBlackList,frozen by Tether,
0x9329a51842c82496117d6d493c0c2cd828423dd6,ETH,usdt_frozen_illicit,usdt_banned,Tether AddedBlackList,frozen by Tether,
0x933526e67f177fa9fd0e876102d33a54012f58e3,ETH,usdt_frozen_illicit,usdt_banned,Tether AddedBlackList,frozen by Tether,
0x935f5afaed90ed1c994dbc8f599a58c60809b9b7,ETH,usdt_frozen_illicit,usdt_banned,Tether AddedBlackList,frozen by Tether,
0x93644e2325601c2aab36b5a8145eaac63fd8ecfc,ETH,usdt_frozen_illicit,usdt_banned,Tether AddedBlackList,frozen by Tether,
0x93d0a6b272ad0c02a6f6f40140ee7cce03a75435,ETH,usdt_frozen_illicit,usdt_banned,Tether AddedBlackList,frozen by Tether,
0x93d11bae932c7e32f811ef8e8f738a5ad1671d5a,ETH,usdt_frozen_illicit,usdt_banned,Tether AddedBlackList,frozen by Tether,
0x93d1b565f47319d0511a050fbd14d4a775b5873a,ETH,usdt_frozen_illicit,usdt_banned,Tether AddedBlackList,frozen by Tether,
0x9404a2cbd5e46b91e814909c49fa071f31c86b7d,ETH,usdt_frozen_illicit,usdt_banned,Tether AddedBlackList,frozen by Tether,
0x941a9e3b91e1cc015702b897c512d265fae88a9c,ETH,usdt_frozen_illicit,usdt_banned,Tether AddedBlackList,frozen by Tether,
0x94b73aea0d688af50ecc1195a06d470e20c2b3c7,ETH,usdt_frozen_illicit,usdt_banned,Tether AddedBlackList,frozen by Tether,
0x94bf8a5ea95c837f72729abe0fdfb249fa9e6880,ETH,usdt_frozen_illicit,usdt_banned,Tether AddedBlackList,frozen by Tether,
0x94d76d217843b80c56903040ce95cc93c691aa4f,ETH,usdt_frozen_illicit,usdt_banned,Tether AddedBlackList,frozen by Tether,
0x957126019d0bc1458513b94a341f82902950c6e3,ETH,usdt_frozen_illicit,usdt_banned,Tether AddedBlackList,frozen by Tether,
0x95ad9f76655b958b1f7c0553b15355bd7e38cf49,ETH,usdt_frozen_illicit,usdt_banned,Tether AddedBlackList,frozen by Tether,
0x95beeeffbdbc44de5ea391d3caea35e0ba0cb66e,ETH,usdt_frozen_illicit,usdt_banned,Tether AddedBlackList,frozen by Tether,
0x95c422e71c3c8ff24b870ae6727c5b012adfd327,ETH,usdt_frozen_illicit,usdt_banned,Tether AddedBlackList,frozen by Tether,
0x95f019e39ac85cd9d38d8a432a6a97c3bebd12f8,ETH,usdt_frozen_illicit,usdt_banned,Tether AddedBlackList,frozen by Tether,
0x96469f20ab980499e558f9fbbe148faab9f7b403,ETH,usdt_frozen_illicit,usdt_banned,Tether AddedBlackList,frozen by Tether,
0x96610186f3ab8d73ebee1cf950c750f3b1fb79c2,ETH,usdt_frozen_illicit,usdt_banned,Tether AddedBlackList,frozen by Tether,
0x966bded931cc7495b264b0c4510aeec22ee96fdb,ETH,usdt_frozen_illicit,usdt_banned,Tether AddedBlackList,frozen by Tether,
0x967bb571f0fc9ee79c892abf9f99233aa1737e31,ETH,usdt_frozen_illicit,usdt_banned,Tether AddedBlackList,frozen by Tether,
0x969315d667be52f0b4036e79253d30ac05040f94,ETH,usdt_frozen_illicit,usdt_banned,Tether AddedBlackList,frozen by Tether,
0x96a997e5e95ff84bc6a286e7e25e6adadf12ae43,ETH,usdt_frozen_illicit,usdt_banned,Tether AddedBlackList,frozen by Tether,
0x96bd030b35732b9cb971655ed762635e3e753f94,ETH,usdt_frozen_illicit,usdt_banned,Tether AddedBlackList,frozen by Tether,
0x96de2b69a47686e34769ffe50f97bd3dfaab2347,ETH,usdt_frozen_illicit,usdt_banned,Tether AddedBlackList,frozen by Tether,
0x97005d821905bd11ca0574cf0319956e4c7eec09,ETH,usdt_frozen_illicit,usdt_banned,Tether AddedBlackList,frozen by Tether,
0x973289b3c70a4a11f119a04a3513c155aac2ade5,ETH,usdt_frozen_illicit,usdt_banned,Tether AddedBlackList,frozen by Tether,
0x97592973fe70199eba79e57cfa30867e7fdee380,ETH,usdt_frozen_illicit,usdt_banned,Tether AddedBlackList,frozen by Tether,
0x977a00f2c7af6e4287d73e34611ed8a2ea5e80b7,ETH,usdt_frozen_illicit,usdt_banned,Tether AddedBlackList,frozen by Tether,
0x97a334123cc0e5863dd7c8eed6dde9f9deed24ac,ETH,usdt_frozen_illicit,usdt_banned,Tether AddedBlackList,frozen by Tether,
0x97e934b523a632651d86b32e3e34f98dc2a00ef2,ETH,usdt_frozen_illicit,usdt_banned,Tether AddedBlackList,frozen by Tether,
0x97eb195bdae6a3afa19567a68d475c1006c2cbcb,ETH,usdt_frozen_illicit,usdt_banned,Tether AddedBlackList,frozen by Tether,
0x9805c1a2f937bbe6c2d2256ddacc069099c271bc,ETH,usdt_frozen_illicit,usdt_banned,Tether AddedBlackList,frozen by Tether,
0x981c0676e9e2e06d91615a87326e6edd8b250a62,ETH,usdt_frozen_illicit,usdt_banned,Tether AddedBlackList,frozen by Tether,
0x98378025e21b40583dbb2b4c6833a20f4dc972f3,ETH,usdt_frozen_illicit,usdt_banned,Tether AddedBlackList,frozen by Tether,
0x98393fee5171c20092f5d0a7b57aac413ba9538f,ETH,usdt_frozen_illicit,usdt_banned,Tether AddedBlackList,frozen by Tether,
0x98a65067424a2a512eb22d0919bf772d4acb7dd4,ETH,usdt_frozen_illicit,usdt_banned,Tether AddedBlackList,frozen by Tether,
0x98d97e60b4ccd255172f1662eecfd9b7a2361d67,ETH,usdt_frozen_illicit,usdt_banned,Tether AddedBlackList,frozen by Tether,
0x98e2e73b8bebbd693ac1fad90c21a378b27a344b,ETH,usdt_frozen_illicit,usdt_banned,Tether AddedBlackList,frozen by Tether,
0x98e6ae0980e30b7d76f81bed308ffba08ff3b857,ETH,usdt_frozen_illicit,usdt_banned,Tether AddedBlackList,frozen by Tether,
0x98eaba2684b49bbde9842cd48f3bae8caa31dac4,ETH,usdt_frozen_illicit,usdt_banned,Tether AddedBlackList,frozen by Tether,
0x990180fc27e2f5109df446c579b21604ead52442,ETH,usdt_frozen_illicit,usdt_banned,Tether AddedBlackList,frozen by Tether,
0x99050a8fbe7d8f3b53fd1c4886d47d88bcc04d69,ETH,usdt_frozen_illicit,usdt_banned,Tether AddedBlackList,frozen by Tether,
0x992b97648a9aba4b0b0037c844f1d45842ce91f0,ETH,usdt_frozen_illicit,usdt_banned,Tether AddedBlackList,frozen by Tether,
0x993b904d707f3405cfe2f7eda31b5b4766c8a106,ETH,usdt_frozen_illicit,usdt_banned,Tether AddedBlackList,frozen by Tether,
0x99631c0ae9eee3a2c33ded12168bc67c9262c9fe,ETH,usdt_frozen_illicit,usdt_banned,Tether AddedBlackList,frozen by Tether,
0x99654dc4c9ed8bbe0d2274366ca388b0f0ca1a6a,ETH,usdt_frozen_illicit,usdt_banned,Tether AddedBlackList,frozen by Tether,
0x99ac5d887edc1b325780b83b84c6ba90261f4184,ETH,usdt_frozen_illicit,usdt_banned,Tether AddedBlackList,frozen by Tether,
0x99fb8ea7fd859c1d8425f4f7a024bf355db476d9,ETH,usdt_frozen_illicit,usdt_banned,Tether AddedBlackList,frozen by Tether,
0x9a0aba393aac4dfbff4333b06c407458002c6183,ETH,usdt_frozen_illicit,usdt_banned,Tether AddedBlackList,frozen by Tether,
0x9a538ea3cf2414bf4545edd7e6a08d6801b15cc1,ETH,usdt_frozen_illicit,usdt_banned,Tether AddedBlackList,frozen by Tether,
0x9a74f5add9dbed9764b89abcbcff319ddbe4b60c,ETH,usdt_frozen_illicit,usdt_banned,Tether AddedBlackList,frozen by Tether,
0x9ac94bf18c762cfcdbe8f435a734d3957bf05605,ETH,usdt_frozen_illicit,usdt_banned,Tether AddedBlackList,frozen by Tether,
0x9ad0fe3b1fa00cecd24ed21ce36882bf86d357bf,ETH,usdt_frozen_illicit,usdt_banned,Tether AddedBlackList,frozen by Tether,
0x9af20b60ec0a2b6bc6130c04fca34307ff6b1961,ETH,usdt_frozen_illicit,usdt_banned,Tether AddedBlackList,frozen by Tether,
0x9b016a77f82eee594d081b5b795b6293bf1bed83,ETH,usdt_frozen_illicit,usdt_banned,Tether AddedBlackList,frozen by Tether,
0x9b3029657a63ca0f8c4cdbb29848acb356ce5282,ETH,usdt_frozen_illicit,usdt_banned,Tether AddedBlackList,frozen by Tether,
0x9c04faba41138ecaebc14fe9bf5f0ff449be6045,ETH,usdt_frozen_illicit,usdt_banned,Tether AddedBlackList,frozen by Tether,
0x9c1aec4fa72b7c3ff135999b2087868ec85d9ed2,ETH,usdt_frozen_illicit,usdt_banned,Tether AddedBlackList,frozen by Tether,
0x9c24c404afd4b953976169edaee4bb7533ae54e9,ETH,usdt_frozen_illicit,usdt_banned,Tether AddedBlackList,frozen by Tether,
0x9c350fe2ae9c47fa402312cfc3f17719566a0335,ETH,usdt_frozen_illicit,usdt_banned,Tether AddedBlackList,frozen by Tether,
0x9c399c4859c95330d4cd03dbedd8f03566b1ab70,ETH,usdt_frozen_illicit,usdt_banned,Tether AddedBlackList,frozen by Tether,
0x9c65d635501154f041969305036c52a24d74e7e3,ETH,usdt_frozen_illicit,usdt_banned,Tether AddedBlackList,frozen by Tether,
0x9c6b4341648157b7210dbe7a732933a085bcd844,ETH,usdt_frozen_illicit,usdt_banned,Tether AddedBlackList,frozen by Tether,
0x9c7e5de0bce2f401c081ae5fa5185885d480432b,ETH,usdt_frozen_illicit,usdt_banned,Tether AddedBlackList,frozen by Tether,
0x9cac39efd787f1e74f1021994e0a44bfcfe0ebbb,ETH,usdt_frozen_illicit,usdt_banned,Tether AddedBlackList,frozen by Tether,
0x9cd13942894b6bb7bba1608628d60b5ab91109ba,ETH,usdt_frozen_illicit,usdt_banned,Tether AddedBlackList,frozen by Tether,
0x9d634cb4fb53f73c68cb792bdadf3229d8304b17,ETH,usdt_frozen_illicit,usdt_banned,Tether AddedBlackList,frozen by Tether,
0x9d8da58bfa9df34917958c553c21b134a8395c01,ETH,usdt_frozen_illicit,usdt_banned,Tether AddedBlackList,frozen by Tether,
0x9d9f3c80dd99420da1f183aeeca74d93b8c7a08f,ETH,usdt_frozen_illicit,usdt_banned,Tether AddedBlackList,frozen by Tether,
0x9dc2c41ffd47e44e03863e7dee5bf4bf1b415e16,ETH,usdt_frozen_illicit,usdt_banned,Tether AddedBlackList,frozen by Tether,
0x9de910d1f817cfc0d86635903b9ddb787821773f,ETH,usdt_frozen_illicit,usdt_banned,Tether AddedBlackList,frozen by Tether,
0x9e0b1c83f793a61270c2e34cdad95c6826173cee,ETH,usdt_frozen_illicit,usdt_banned,Tether AddedBlackList,frozen by Tether,
0x9e1a5c1bbfb0e6bd11a52fff463ef5bbb449bfcd,ETH,usdt_frozen_illicit,usdt_banned,Tether AddedBlackList,frozen by Tether,
0x9e570f7c7068b4accc519dda3a92544cd5947692,ETH,usdt_frozen_illicit,usdt_banned,Tether AddedBlackList,frozen by Tether,
0x9e7fa8dd15b4b0bade7245d8c9d51a872e324d2c,ETH,usdt_frozen_illicit,usdt_banned,Tether AddedBlackList,frozen by Tether,
0x9ec2c3add938bdd63fd369afc2800595f69ba00d,ETH,usdt_frozen_illicit,usdt_banned,Tether AddedBlackList,frozen by Tether,
0x9ed0be50a6000f4a8d93137e22dabe5dfb2b7bea,ETH,usdt_frozen_illicit,usdt_banned,Tether AddedBlackList,frozen by Tether,
0x9f1c87c3224dca911f6412fba5865c30647bddb1,ETH,usdt_frozen_illicit,usdt_banned,Tether AddedBlackList,frozen by Tether,
0x9f284e1337a815fe77d2ff4ae46544645b20c5ff,ETH,usdt_frozen_illicit,usdt_banned,Tether AddedBlackList,frozen by Tether,
0x9f4e279e87e4b16e0a4c482b01874382f3e627eb,ETH,usdt_frozen_illicit,usdt_banned,Tether AddedBlackList,frozen by Tether,
0x9faf5515f177f3a8a845d48c19032b33cc54c09c,ETH,usdt_frozen_illicit,usdt_banned,Tether AddedBlackList,frozen by Tether,
0xa0246c9032bc3a600820415ae600c6388619a14d,ETH,usdt_frozen_illicit,usdt_banned,Tether AddedBlackList,frozen by Tether,
0xa05414b630d53ab56be811f8eaa987f62827e937,ETH,usdt_frozen_illicit,usdt_banned,Tether AddedBlackList,frozen by Tether,
0xa0786e9009587362250e33c749db29714c7b201c,ETH,usdt_frozen_illicit,usdt_banned,Tether AddedBlackList,frozen by Tether,
0xa0820e7e310a061d92df27540d369f962b708e09,ETH,usdt_frozen_illicit,usdt_banned,Tether AddedBlackList,frozen by Tether,
0xa0bddef20eafff49780e81bc7fbf79c3fdc44685,ETH,usdt_frozen_illicit,usdt_banned,Tether AddedBlackList,frozen by Tether,
0xa0c0a75be09f1e8a9a0b5404cfae554602928eb3,ETH,usdt_frozen_illicit,usdt_banned,Tether AddedBlackList,frozen by Tether,
0xa0c6565cffcdda0cb6fc3000c6a5d6b123dc0163,ETH,usdt_frozen_illicit,usdt_banned,Tether AddedBlackList,frozen by Tether,
0xa0e283a75e498fecae3a5bd0170d89b9fc26bce8,ETH,usdt_frozen_illicit,usdt_banned,Tether AddedBlackList,frozen by Tether,
0xa0ecd7f12b2f6baba85eff448211cee1426833c8,ETH,usdt_frozen_illicit,usdt_banned,Tether AddedBlackList,frozen by Tether,
0xa0f8fd1e47e917b9c02057d32ceda9647713071f,ETH,usdt_frozen_illicit,usdt_banned,Tether AddedBlackList,frozen by Tether,
0xa14d5da3c6bf2d9304fe6d4bc6942395b4de048b,ETH,usdt_frozen_illicit,usdt_banned,Tether AddedBlackList,frozen by Tether,
0xa15b09facc7de0367604c79f138c6e50efc5e011,ETH,usdt_frozen_illicit,usdt_banned,Tether AddedBlackList,frozen by Tether,
0xa1891aba5fefe61854c457e7f5568a9d8669abb3,ETH,usdt_frozen_illicit,usdt_banned,Tether AddedBlackList,frozen by Tether,
0xa1ba11daa1ca5307b8e31b2d418328bea6fdc6b7,ETH,usdt_frozen_illicit,usdt_banned,Tether AddedBlackList,frozen by Tether,
0xa1e1c09b1a6bf3811d60342df0aac0bf6acf252a,ETH,usdt_frozen_illicit,usdt_banned,Tether AddedBlackList,frozen by Tether,
0xa21f748436c0487ec16e09000487adc7a79cea5c,ETH,usdt_frozen_illicit,usdt_banned,Tether AddedBlackList,frozen by Tether,
0xa25b8a888ddffa99f1b72dd96d76b8d7cf3bc7b2,ETH,usdt_frozen_illicit,usdt_banned,Tether AddedBlackList,frozen by Tether,
0xa2e12b7b527b85148f2d816545c19dc6bad1d56f,ETH,usdt_frozen_illicit,usdt_banned,Tether AddedBlackList,frozen by Tether,
0xa2f13fe4a1bc491e556c082e91ed4b48d0701ad7,ETH,usdt_frozen_illicit,usdt_banned,Tether AddedBlackList,frozen by Tether,
0xa2f2d51852fffd9f4c81290ca8332a87b277724c,ETH,usdt_frozen_illicit,usdt_banned,Tether AddedBlackList,frozen by Tether,
0xa313d59111aee950fb517c4b1c336d3a3aba6bec,ETH,usdt_frozen_illicit,usdt_banned,Tether AddedBlackList,frozen by Tether,
0xa347094aaa7482c1ec61ab8d6445859dfe28d5d9,ETH,usdt_frozen_illicit,usdt_banned,Tether AddedBlackList,frozen by Tether,
0xa35b2fa35abc9722c412931b35e5171b3a90fadc,ETH,usdt_frozen_illicit,usdt_banned,Tether AddedBlackList,frozen by Tether,
0xa3767eebecccf11b99e9af400240d102df408012,ETH,usdt_frozen_illicit,usdt_banned,Tether AddedBlackList,frozen by Tether,
0xa37a38fbf25b5353278020e7d993aa433584b37e,ETH,usdt_frozen_illicit,usdt_banned,Tether AddedBlackList,frozen by Tether,
0xa38450b7503f33c803b43539485df45377758e17,ETH,usdt_frozen_illicit,usdt_banned,Tether AddedBlackList,frozen by Tether,
0xa3992870af7fe585ae3880361f27d18f01072a22,ETH,usdt_frozen_illicit,usdt_banned,Tether AddedBlackList,frozen by Tether,
0xa3bed4e1c75d00fa6f4e5e6922db7261b5e9acd2,ETH,usdt_frozen_illicit,usdt_banned,Tether AddedBlackList,frozen by Tether,
0xa3dee927f4aa04147804a9f44cc3b4f84d71268a,ETH,usdt_frozen_illicit,usdt_banned,Tether AddedBlackList,frozen by Tether,
0xa3e07fd099ff52d79d743d8c0e728947db48c638,ETH,usdt_frozen_illicit,usdt_banned,Tether AddedBlackList,frozen by Tether,
0xa408546dd8078858e2b291ba6a7b26c622b8dc56,ETH,usdt_frozen_illicit,usdt_banned,Tether AddedBlackList,frozen by Tether,
0xa41fc53e6cb56258b1014564e0dca5879bb6a06b,ETH,usdt_frozen_illicit,usdt_banned,Tether AddedBlackList,frozen by Tether,
0xa4579b13f5c1ff919d9971188f423d8aa4521f1a,ETH,usdt_frozen_illicit,usdt_banned,Tether AddedBlackList,frozen by Tether,
0xa488ff79282af5c9e381ee255f6212b7dff8752b,ETH,usdt_frozen_illicit,usdt_banned,Tether AddedBlackList,frozen by Tether,
0xa490436844c1e653f1d6cf0959d7eda71da472d8,ETH,usdt_frozen_illicit,usdt_banned,Tether AddedBlackList,frozen by Tether,
0xa4b59cb94a82e351d0b3f4eaa876f3300543192d,ETH,usdt_frozen_illicit,usdt_banned,Tether AddedBlackList,frozen by Tether,
0xa4f5d39c95d40de4b31fba6b3c45d0f3c2d7f914,ETH,usdt_frozen_illicit,usdt_banned,Tether AddedBlackList,frozen by Tether,
0xa52216e88170c9495ae97ceb413c5563ab9b9d3e,ETH,usdt_frozen_illicit,usdt_banned,Tether AddedBlackList,frozen by Tether,
0xa53001a1c87e236f869e6ab49a9d0f120051a140,ETH,usdt_frozen_illicit,usdt_banned,Tether AddedBlackList,frozen by Tether,
0xa5335063ee4531d96921d0be010c1cf9b976adb4,ETH,usdt_frozen_illicit,usdt_banned,Tether AddedBlackList,frozen by Tether,
0xa543b38bdc309f7f0ce072ffa7cda7454194a9fe,ETH,usdt_frozen_illicit,usdt_banned,Tether AddedBlackList,frozen by Tether,
0xa559beab731644cdea7a0c240fac1bf0b470fa28,ETH,usdt_frozen_illicit,usdt_banned,Tether AddedBlackList,frozen by Tether,
0xa55d142507e1bacd3c18c71a12ecce6aeb36859b,ETH,usdt_frozen_illicit,usdt_banned,Tether AddedBlackList,frozen by Tether,
0xa58b120028938cd52a673b366b3a7b96142cabd7,ETH,usdt_frozen_illicit,usdt_banned,Tether AddedBlackList,frozen by Tether,
0xa5a5d3271df7f411afbcfb3d9b5ad92aff58f960,ETH,usdt_frozen_illicit,usdt_banned,Tether AddedBlackList,frozen by Tether,
0xa5b634075efc2f9b8321e83a1c5f56e95f4d6ceb,ETH,usdt_frozen_illicit,usdt_banned,Tether AddedBlackList,frozen by Tether,
0xa5f7d005d760c44392a30e3c0d03f7190d7476ed,ETH,usdt_frozen_illicit,usdt_banned,Tether AddedBlackList,frozen by Tether,
0xa60fcac8a4cf70af2a2e0c0cda73afef208c6daa,ETH,usdt_frozen_illicit,usdt_banned,Tether AddedBlackList,frozen by Tether,
0xa6424dcbc756427724e9ab24b9ef41524b07d4f5,ETH,usdt_frozen_illicit,usdt_banned,Tether AddedBlackList,frozen by Tether,
0xa65d8ab49125dc4704c0b29908983db3936cdada,ETH,usdt_frozen_illicit,usdt_banned,Tether AddedBlackList,frozen by Tether,
0xa6c171d4c7f763605405e6bdd9784be172e473a1,ETH,usdt_frozen_illicit,usdt_banned,Tether AddedBlackList,frozen by Tether,
0xa6cc6b5f0f1c225673a1e6f84d10afe88199ff49,ETH,usdt_frozen_illicit,usdt_banned,Tether AddedBlackList,frozen by Tether,
0xa71bb2a6219fdc0f66f142ac093c0f075ee22eed,ETH,usdt_frozen_illicit,usdt_banned,Tether AddedBlackList,frozen by Tether,
0xa722a35622a6488c827c0e4dd9484afc3f1d8602,ETH,usdt_frozen_illicit,usdt_banned,Tether AddedBlackList,frozen by Tether,
0xa722a35622a64bbc827c0e4dd9484afc3f1d8602,ETH,usdt_frozen_illicit,usdt_banned,Tether AddedBlackList,frozen by Tether,
0xa74476443119a942de498590fe1f2454d7d4ac0d,ETH,usdt_frozen_illicit,usdt_banned,Tether AddedBlackList,frozen by Tether,
0xa7610b2ba35756bb01384debea3cb0f0855247b1,ETH,usdt_frozen_illicit,usdt_banned,Tether AddedBlackList,frozen by Tether,
0xa7a621a76bd0aca522dfda21573a72e7e313b42b,ETH,usdt_frozen_illicit,usdt_banned,Tether AddedBlackList,frozen by Tether,
0xa7b62f0bca27e9d4187a8f1e4282e564a20ec55a,ETH,usdt_frozen_illicit,usdt_banned,Tether AddedBlackList,frozen by Tether,
0xa7c319feb6cf651b15ed9b6f2e9b1b0b75fa1b4b,ETH,usdt_frozen_illicit,usdt_banned,Tether AddedBlackList,frozen by Tether,
0xa7ed29b253d8b4e3109ce07c80fc570f81b63696,ETH,usdt_frozen_illicit,usdt_banned,Tether AddedBlackList,frozen by Tether,
0xa7ef6b851caa6bd4727714846f8eac380ea5428d,ETH,usdt_frozen_illicit,usdt_banned,Tether AddedBlackList,frozen by Tether,
0xa80ad5855a75bc9c412b9e51dd68dfbb252a0fc4,ETH,usdt_frozen_illicit,usdt_banned,Tether AddedBlackList,frozen by Tether,
0xa86d9264fda5abdee9460f786870bb9c1393fb42,ETH,usdt_frozen_illicit,usdt_banned,Tether AddedBlackList,frozen by Tether,
0xa872511c800e97db9166fa67f8352fcc57ba0457,ETH,usdt_frozen_illicit,usdt_banned,Tether AddedBlackList,frozen by Tether,
0xa88935815be2a0795cc468e64d5dc27edf1b9459,ETH,usdt_frozen_illicit,usdt_banned,Tether AddedBlackList,frozen by Tether,
0xa8d1a4f9c3a26eb19e5b585e16a384311b7fb1a8,ETH,usdt_frozen_illicit,usdt_banned,Tether AddedBlackList,frozen by Tether,
0xa91670daf54c72690272b3b67c402f19c0aedc2a,ETH,usdt_frozen_illicit,usdt_banned,Tether AddedBlackList,frozen by Tether,
0xa93c721ccaa299e15b3281be8fec9557f426a525,ETH,usdt_frozen_illicit,usdt_banned,Tether AddedBlackList,frozen by Tether,
0xa95662473f0bc4644dbcafdabdec17922d042def,ETH,usdt_frozen_illicit,usdt_banned,Tether AddedBlackList,frozen by Tether,
0xa9826dccb345bb2d84e78040ae8522cd22cbfc6e,ETH,usdt_frozen_illicit,usdt_banned,Tether AddedBlackList,frozen by Tether,
0xa9a274b921894b4264bb36467626b8f50c7723c5,ETH,usdt_frozen_illicit,usdt_banned,Tether AddedBlackList,frozen by Tether,
0xa9a466e28a593f0dcde9074ef8c319643d4d402c,ETH,usdt_frozen_illicit,usdt_banned,Tether AddedBlackList,frozen by Tether,
0xa9b0f02107b28b950666bfaa6b7e324586a47f1b,ETH,usdt_frozen_illicit,usdt_banned,Tether AddedBlackList,frozen by Tether,
0xa9b324a17dbd851ecdc543bdf17448a10611ce36,ETH,usdt_frozen_illicit,usdt_banned,Tether AddedBlackList,frozen by Tether,
0xa9e8c881b448e9e18ca3acaaf1e7cd69ab68c81f,ETH,usdt_frozen_illicit,usdt_banned,Tether AddedBlackList,frozen by Tether,
0xa9ec64a863fbf61c9af62b8ba48195b17aefcd25,ETH,usdt_frozen_illicit,usdt_banned,Tether AddedBlackList,frozen by Tether,
0xa9f851e6543a25972886b86b1160c47c9240d685,ETH,usdt_frozen_illicit,usdt_banned,Tether AddedBlackList,frozen by Tether,
0xaa6edb1f014838440d5d3a2c489c5fb0a2d910d5,ETH,usdt_frozen_illicit,usdt_banned,Tether AddedBlackList,frozen by Tether,
0xaa6fc48854c20438cc4416dcebd9c7a7cd452174,ETH,usdt_frozen_illicit,usdt_banned,Tether AddedBlackList,frozen by Tether,
0xaa745a4776b555ac3e4d7ae82e48aa84226cad0d,ETH,usdt_frozen_illicit,usdt_banned,Tether AddedBlackList,frozen by Tether,
0xaa8ba72c355cb2438f060ad441cbfca2176f541c,ETH,usdt_frozen_illicit,usdt_banned,Tether AddedBlackList,frozen by Tether,
0xaaa2078b0c3378c24fa042afb80fd61e3281cdd9,ETH,usdt_frozen_illicit,usdt_banned,Tether AddedBlackList,frozen by Tether,
0xaaae21b96542cc52d9e0f8e7b74cfb171d6ba339,ETH,usdt_frozen_illicit,usdt_banned,Tether AddedBlackList,frozen by Tether,
0xaaca86b876ca011844b5798eca7a67591a9743c8,ETH,usdt_frozen_illicit,usdt_banned,Tether AddedBlackList,frozen by Tether,
0xaad31691c0a725bf847da5a5236e813132933f3c,ETH,usdt_frozen_illicit,usdt_banned,Tether AddedBlackList,frozen by Tether,
0xaad73d4523a41c1eb595683606c10448dc957a82,ETH,usdt_frozen_illicit,usdt_banned,Tether AddedBlackList,frozen by Tether,
0xaafa4200c567b429a9ac2353162d551188d2bf01,ETH,usdt_frozen_illicit,usdt_banned,Tether AddedBlackList,frozen by Tether,
0xab019806fc72bfdfeee1331798e13e707db020b9,ETH,usdt_frozen_illicit,usdt_banned,Tether AddedBlackList,frozen by Tether,
0xab3504aacb6425f9f1c4df38b5f74a4937534cda,ETH,usdt_frozen_illicit,usdt_banned,Tether AddedBlackList,frozen by Tether,
0xab633d712e27cc593a2e504e370b22342a387a1e,ETH,usdt_frozen_illicit,usdt_banned,Tether AddedBlackList,frozen by Tether,
0xaba8cac6866b83ae4eec97dd07ed254282f6ad8a,ETH,usdt_frozen_illicit,usdt_banned,Tether AddedBlackList,frozen by Tether,
0xac24380e15217a07ccb1669eea3d0e8170a79edc,ETH,usdt_frozen_illicit,usdt_banned,Tether AddedBlackList,frozen by Tether,
0xac24cca6628df67d7c6afabadc35018680e9d17f,ETH,usdt_frozen_illicit,usdt_banned,Tether AddedBlackList,frozen by Tether,
0xac26a25917580e833fb8edc7ec8ebcb06b9e62bc,ETH,usdt_frozen_illicit,usdt_banned,Tether AddedBlackList,frozen by Tether,
0xac516d2484b4ca30c643ee839875bedfee19dfe4,ETH,usdt_frozen_illicit,usdt_banned,Tether AddedBlackList,frozen by Tether,
0xac6403c5fa00499f1cce0e97f5d0a66f5def40ea,ETH,usdt_frozen_illicit,usdt_banned,Tether AddedBlackList,frozen by Tether,
0xacd0d01289ba317561105418c078343ef4baf467,ETH,usdt_frozen_illicit,usdt_banned,Tether AddedBlackList,frozen by Tether,
0xace03f077ab93edad192aa32940699b1f445c7dd,ETH,usdt_frozen_illicit,usdt_banned,Tether AddedBlackList,frozen by Tether,
0xad0f49cc8aa54f775748c6cc25a494facd9f0d2a,ETH,usdt_frozen_illicit,usdt_banned,Tether AddedBlackList,frozen by Tether,
0xad6aff393502ed70f126c88c7692d68ab0ddf09a,ETH,usdt_frozen_illicit,usdt_banned,Tether AddedBlackList,frozen by Tether,
0xadaae2e3c52e4e55afca9e67f612195216a0c605,ETH,usdt_frozen_illicit,usdt_banned,Tether AddedBlackList,frozen by Tether,
0xadae9188effbdb608fb6e14fdb0dfce198a5ef2e,ETH,usdt_frozen_illicit,usdt_banned,Tether AddedBlackList,frozen by Tether,
0xae07a26268f9819135d8b4d88487c1ef6fafdafd,ETH,usdt_frozen_illicit,usdt_banned,Tether AddedBlackList,frozen by Tether,
0xae1c66afd3add84f1054a86268b10dcf7567b95a,ETH,usdt_frozen_illicit,usdt_banned,Tether AddedBlackList,frozen by Tether,
0xae40a4eb159c125f1962fb0bcb3a7f3d35e893df,ETH,usdt_frozen_illicit,usdt_banned,Tether AddedBlackList,frozen by Tether,
0xae565793a4ea61d9a9d2056fb993e1088321c042,ETH,usdt_frozen_illicit,usdt_banned,Tether AddedBlackList,frozen by Tether,
0xae9570eb8d56adb65d6c64eb28771fe300d62a2b,ETH,usdt_frozen_illicit,usdt_banned,Tether AddedBlackList,frozen by Tether,
0xaebcc069bff76e397ff22d4c3f62ae40d516036a,ETH,usdt_frozen_illicit,usdt_banned,Tether AddedBlackList,frozen by Tether,
0xaec82edfdae51ec06407fb459cf7465427f24212,ETH,usdt_frozen_illicit,usdt_banned,Tether AddedBlackList,frozen by Tether,
0xaed4fa526cbf10ccdf6278a871b3155d7ce21664,ETH,usdt_frozen_illicit,usdt_banned,Tether AddedBlackList,frozen by Tether,
0xaeec554804e21bda0bb771af72c1beb500a591a0,ETH,usdt_frozen_illicit,usdt_banned,Tether AddedBlackList,frozen by Tether,
0xaf018bc43138a1fb2aa688c1eea771bb339ec97e,ETH,usdt_frozen_illicit,usdt_banned,Tether AddedBlackList,frozen by Tether,
0xaf0f30d580d1ace6e81ab3285786e14d91a118f8,ETH,usdt_frozen_illicit,usdt_banned,Tether AddedBlackList,frozen by Tether,
0xaf182bee671c6cb76797dccb3236170e783bd627,ETH,usdt_frozen_illicit,usdt_banned,Tether AddedBlackList,frozen by Tether,
0xaf33b8f70e803b812e01ac67674eaeaa233f0fe1,ETH,usdt_frozen_illicit,usdt_banned,Tether AddedBlackList,frozen by Tether,
0xaf60ac3178567ef1a8110c0cfc4e3df68c61f3e2,ETH,usdt_frozen_illicit,usdt_banned,Tether AddedBlackList,frozen by Tether,
0xaf8323cca0b15114ebf37b968bc27a7387a0af1c,ETH,usdt_frozen_illicit,usdt_banned,Tether AddedBlackList,frozen by Tether,
0xaf9539c3d46dc1ea4ae81e780ecc9c1c99ebfcc0,ETH,usdt_frozen_illicit,usdt_banned,Tether AddedBlackList,frozen by Tether,
0xafad9352eb6bcd085dd68268d353d0ed2571af89,ETH,usdt_frozen_illicit,usdt_banned,Tether AddedBlackList,frozen by Tether,
0xafda0032bf9d78d661265cef910ec7e39331eaf5,ETH,usdt_frozen_illicit,usdt_banned,Tether AddedBlackList,frozen by Tether,
0xaff69655bf23c118ad2f2f98c7c819542ba1a263,ETH,usdt_frozen_illicit,usdt_banned,Tether AddedBlackList,frozen by Tether,
0xafff1c3534880ff1d9e99c1ce64b4f3189452f03,ETH,usdt_frozen_illicit,usdt_banned,Tether AddedBlackList,frozen by Tether,
0xb034dfb2a8de767a3eba2f97efcd488aaf3aaf7a,ETH,usdt_frozen_illicit,usdt_banned,Tether AddedBlackList,frozen by Tether,
0xb04c054115e2e1941f416c0b5babbdb66c8bba14,ETH,usdt_frozen_illicit,usdt_banned,Tether AddedBlackList,frozen by Tether,
0xb05686a17ed23360d6bbb37652bc0424b12af5fd,ETH,usdt_frozen_illicit,usdt_banned,Tether AddedBlackList,frozen by Tether,
0xb064a2a76262db9ac1a4e4606ae0532b3f565db8,ETH,usdt_frozen_illicit,usdt_banned,Tether AddedBlackList,frozen by Tether,
0xb09249cba50c3516d4953ad7ff01503942323572,ETH,usdt_frozen_illicit,usdt_banned,Tether AddedBlackList,frozen by Tether,
0xb0c5f3100a4d9d9532a4cfd68c55f1ae8da987eb,ETH,usdt_frozen_illicit,usdt_banned,Tether AddedBlackList,frozen by Tether,
0xb0e0fe6f7315d0b1857c820a8463ffa07bc3a865,ETH,usdt_frozen_illicit,usdt_banned,Tether AddedBlackList,frozen by Tether,
0xb1192b03b914e31acf917932c148d973f39dc3ac,ETH,usdt_frozen_illicit,usdt_banned,Tether AddedBlackList,frozen by Tether,
0xb13719a185a0338c70dc091e5d9270d97f710a24,ETH,usdt_frozen_illicit,usdt_banned,Tether AddedBlackList,frozen by Tether,
0xb17714d07c08636f70208b19a8498fe0cfcab2b3,ETH,usdt_frozen_illicit,usdt_banned,Tether AddedBlackList,frozen by Tether,
0xb179fe021147bae18c00feaa8e09183a36429d43,ETH,usdt_frozen_illicit,usdt_banned,Tether AddedBlackList,frozen by Tether,
0xb18a8772dfd01972f58ec9d2496e0608c0f26de3,ETH,usdt_frozen_illicit,usdt_banned,Tether AddedBlackList,frozen by Tether,
0xb1e22a5b9d7d4163f834b3247afe119122b10175,ETH,usdt_frozen_illicit,usdt_banned,Tether AddedBlackList,frozen by Tether,
0xb1f66997a5760428d3a87d68b90bfe0ae64121cc,ETH,usdt_frozen_illicit,usdt_banned,Tether AddedBlackList,frozen by Tether,
0xb25a1f3a7084ef8aff33c2e94ee02045cbcfa869,ETH,usdt_frozen_illicit,usdt_banned,Tether AddedBlackList,frozen by Tether,
0xb26d406050bedcde4ce1f76c7eed02963bf11ce1,ETH,usdt_frozen_illicit,usdt_banned,Tether AddedBlackList,frozen by Tether,
0xb2754333e5f7a1b01414e32f93fdc2a71b835ad9,ETH,usdt_frozen_illicit,usdt_banned,Tether AddedBlackList,frozen by Tether,
0xb287427e4ca8762cf8860df6d76ffe98bfd1f801,ETH,usdt_frozen_illicit,usdt_banned,Tether AddedBlackList,frozen by Tether,
0xb2888d5153af19469c9b809544c13fd16ba12f7c,ETH,usdt_frozen_illicit,usdt_banned,Tether AddedBlackList,frozen by Tether,
0xb29e4972b4268d81d5e36a8fbb29975ee619e988,ETH,usdt_frozen_illicit,usdt_banned,Tether AddedBlackList,frozen by Tether,
0xb2a55570ae16cb8b04432790ada44d6008e1111a,ETH,usdt_frozen_illicit,usdt_banned,Tether AddedBlackList,frozen by Tether,
0xb2e69eff4c919aff66f495cc8233ead1e05b4810,ETH,usdt_frozen_illicit,usdt_banned,Tether AddedBlackList,frozen by Tether,
0xb2e77a7370dfa7949bbc05f22beb1967f63dd699,ETH,usdt_frozen_illicit,usdt_banned,Tether AddedBlackList,frozen by Tether,
0xb2f6dca9aad3e274dfafd268a432755ea2891b25,ETH,usdt_frozen_illicit,usdt_banned,Tether AddedBlackList,frozen by Tether,
0xb31d374d54ffcfba5330ece49aa50c07380c1948,ETH,usdt_frozen_illicit,usdt_banned,Tether AddedBlackList,frozen by Tether,
0xb323a404a1b391b8072ba86b5746f9cc862b21cd,ETH,usdt_frozen_illicit,usdt_banned,Tether AddedBlackList,frozen by Tether,
0xb3273dd8b99884bc3b37844df44f6a2575d2b8d1,ETH,usdt_frozen_illicit,usdt_banned,Tether AddedBlackList,frozen by Tether,
0xb3282c5caefb26c24e462e828ea977d8dfe9effb,ETH,usdt_frozen_illicit,usdt_banned,Tether AddedBlackList,frozen by Tether,
0xb389b4b4a8a6e267ca0712321cdca5c856ef8a72,ETH,usdt_frozen_illicit,usdt_banned,Tether AddedBlackList,frozen by Tether,
0xb3b4be9db6f4c3a0eccf9c40ccc97c73ad0cc14d,ETH,usdt_frozen_illicit,usdt_banned,Tether AddedBlackList,frozen by Tether,
0xb3ba79e2ce9f9c3d7b1975e4ff4873c993a3a60d,ETH,usdt_frozen_illicit,usdt_banned,Tether AddedBlackList,frozen by Tether,
0xb41ed79226eef18e995260c07f6556d50f181c77,ETH,usdt_frozen_illicit,usdt_banned,Tether AddedBlackList,frozen by Tether,
0xb4558ac451506502f32f54d144a07027c0bb6c3f,ETH,usdt_frozen_illicit,usdt_banned,Tether AddedBlackList,frozen by Tether,
0xb47a6f53827171c136701c2f85cdb8b01e85919c,ETH,usdt_frozen_illicit,usdt_banned,Tether AddedBlackList,frozen by Tether,
0xb487137a1d1c98bd96e5bd1a9ad076119127d1bb,ETH,usdt_frozen_illicit,usdt_banned,Tether AddedBlackList,frozen by Tether,
0xb4986e9a247ce2e70556c3ef4817df65e81a3e12,ETH,usdt_frozen_illicit,usdt_banned,Tether AddedBlackList,frozen by Tether,
0xb4a2e40158a1251bb42b458371edbe9dcd6c5924,ETH,usdt_frozen_illicit,usdt_banned,Tether AddedBlackList,frozen by Tether,
0xb4c52c78ecb963583ece00733ed6836bc187672a,ETH,usdt_frozen_illicit,usdt_banned,Tether AddedBlackList,frozen by Tether,
0xb4da3ea40c2548765ca5ba8a10c0cef3c24f5ee6,ETH,usdt_frozen_illicit,usdt_banned,Tether AddedBlackList,frozen by Tether,
0xb4e530f8ad9c55550524216a5128cd3a05e13da3,ETH,usdt_frozen_illicit,usdt_banned,Tether AddedBlackList,frozen by Tether,
0xb4f6cef96e36fba2ebfabd8ea72720910debee55,ETH,usdt_frozen_illicit,usdt_banned,Tether AddedBlackList,frozen by Tether,
0xb521d013b2613162220cdc87c92c84deacc12601,ETH,usdt_frozen_illicit,usdt_banned,Tether AddedBlackList,frozen by Tether,
0xb52a91ad78b2c83b48ecc0ed0ddf7658a0447b20,ETH,usdt_frozen_illicit,usdt_banned,Tether AddedBlackList,frozen by Tether,
0xb5451661101c45ba4bbc89abd0b30c254a90e85a,ETH,usdt_frozen_illicit,usdt_banned,Tether AddedBlackList,frozen by Tether,
0xb5576ff4e911fa444bf6fee8954e317e01de5457,ETH,usdt_frozen_illicit,usdt_banned,Tether AddedBlackList,frozen by Tether,
0xb55b5dffd9d45b0563e644e47773d4f283137164,ETH,usdt_frozen_illicit,usdt_banned,Tether AddedBlackList,frozen by Tether,
0xb60fbba496bed5dfc3be19b90a892351b07abb2b,ETH,usdt_frozen_illicit,usdt_banned,Tether AddedBlackList,frozen by Tether,
0xb6212b3f09b822928c6bd5b71fe9a024c8b1a318,ETH,usdt_frozen_illicit,usdt_banned,Tether AddedBlackList,frozen by Tether,
0xb648ad8e063ddaf2892d0d05eee6db5ce7188326,ETH,usdt_frozen_illicit,usdt_banned,Tether AddedBlackList,frozen by Tether,
0xb66a58e0aaa66b2ef9822c75cb577d336acb00bd,ETH,usdt_frozen_illicit,usdt_banned,Tether AddedBlackList,frozen by Tether,
0xb71897709fc66eda3f6097561deace3fd83d9c8f,ETH,usdt_frozen_illicit,usdt_banned,Tether AddedBlackList,frozen by Tether,
0xb73c07aec7949c5ec264ab7d5d85baa63c7b7112,ETH,usdt_frozen_illicit,usdt_banned,Tether AddedBlackList,frozen by Tether,
0xb76978af1d055cb91be91df525f2b0a30ca1d11a,ETH,usdt_frozen_illicit,usdt_banned,Tether AddedBlackList,frozen by Tether,
0xb769b6c8b54c02aff94e81194094b392d095ed69,ETH,usdt_frozen_illicit,usdt_banned,Tether AddedBlackList,frozen by Tether,
0xb78d1edfed9c93d7effd396f95997483f60b869e,ETH,usdt_frozen_illicit,usdt_banned,Tether AddedBlackList,frozen by Tether,
0xb7944bfe170986fd6230b4c18bc7072cb485686e,ETH,usdt_frozen_illicit,usdt_banned,Tether AddedBlackList,frozen by Tether,
0xb7a62b9729034fecfcab7ee4256a4ba983eecf7b,ETH,usdt_frozen_illicit,usdt_banned,Tether AddedBlackList,frozen by Tether,
0xb7b86ac74775b8e77f1fc52f9e7759d6d6b01829,ETH,usdt_frozen_illicit,usdt_banned,Tether AddedBlackList,frozen by Tether,
0xb7bce34ee9c5454e2e4dab980d93a5355c318671,ETH,usdt_frozen_illicit,usdt_banned,Tether AddedBlackList,frozen by Tether,
0xb7d90fb2a5ad389f5714e9bbfe5ec6534e2fe1df,ETH,usdt_frozen_illicit,usdt_banned,Tether AddedBlackList,frozen by Tether,
0xb805c79f03a4230170b4c1d0ff3bb6c070c79d11,ETH,usdt_frozen_illicit,usdt_banned,Tether AddedBlackList,frozen by Tether,
0xb812d73e61e9628e573837b6cdd393a96058d584,ETH,usdt_frozen_illicit,usdt_banned,Tether AddedBlackList,frozen by Tether,
0xb8500fb47adeda3c0262e18e333f432aa6ac8ff1,ETH,usdt_frozen_illicit,usdt_banned,Tether AddedBlackList,frozen by Tether,
0xb85417903d68c0f1a40412a5abeed49e633ff708,ETH,usdt_frozen_illicit,usdt_banned,Tether AddedBlackList,frozen by Tether,
0xb8688f092129680adfb43e17bf81e23655a7ff66,ETH,usdt_frozen_illicit,usdt_banned,Tether AddedBlackList,frozen by Tether,
0xb88d8defad365704722068daf045481f3205cfa6,ETH,usdt_frozen_illicit,usdt_banned,Tether AddedBlackList,frozen by Tether,
0xb89d8a7c56241b550a6f8a0938bbbb2e2fe3166f,ETH,usdt_frozen_illicit,usdt_banned,Tether AddedBlackList,frozen by Tether,
0xb8a509a9716b7e9c0395112734512965cf87819f,ETH,usdt_frozen_illicit,usdt_banned,Tether AddedBlackList,frozen by Tether,
0xb8a886423d63063b67638ca29f849d8df611ef00,ETH,usdt_frozen_illicit,usdt_banned,Tether AddedBlackList,frozen by Tether,
0xb8baa0e4287890a5f79863ab62b7f175cecbd433,ETH,usdt_frozen_illicit,usdt_banned,Tether AddedBlackList,frozen by Tether,
0xb8c348f248ad0493ae2e6640d30ce3986413af23,ETH,usdt_frozen_illicit,usdt_banned,Tether AddedBlackList,frozen by Tether,
0xb8c50b608f20ab84344a8cd10e71bbb658c658b2,ETH,usdt_frozen_illicit,usdt_banned,Tether AddedBlackList,frozen by Tether,
0xb8c77482e45f1f44de1745f52c74426c631bdd52,ETH,usdt_frozen_illicit,usdt_banned,Tether AddedBlackList,frozen by Tether,
0xb8f5405aa6761a814a5016631825de1dd85616e8,ETH,usdt_frozen_illicit,usdt_banned,Tether AddedBlackList,frozen by Tether,
0xb90dabeb22e3b7fa5ba991eb7a901422d0536a62,ETH,usdt_frozen_illicit,usdt_banned,Tether AddedBlackList,frozen by Tether,
0xb91109fb8b46a87fb1895d986b937b5a128aceed,ETH,usdt_frozen_illicit,usdt_banned,Tether AddedBlackList,frozen by Tether,
0xb95c8faf817c5c9385cec66adbeec4c0127659b2,ETH,usdt_frozen_illicit,usdt_banned,Tether AddedBlackList,frozen by Tether,
0xb964bdcf25dea43b9fd0550d4f8b55585a539764,ETH,usdt_frozen_illicit,usdt_banned,Tether AddedBlackList,frozen by Tether,
0xb9e83009aa3e15ac4a6fc255c3642d8f66b9725c,ETH,usdt_frozen_illicit,usdt_banned,Tether AddedBlackList,frozen by Tether,
0xba0a72d6c4912e9cf8f4407e7c469e3afae4fb35,ETH,usdt_frozen_illicit,usdt_banned,Tether AddedBlackList,frozen by Tether,
0xba11d00c5f74255f56a5e366f4f77f5a186d7f55,ETH,usdt_frozen_illicit,usdt_banned,Tether AddedBlackList,frozen by Tether,
0xba6b1e0dbedd00707981a84946cde8e556ce259c,ETH,usdt_frozen_illicit,usdt_banned,Tether AddedBlackList,frozen by Tether,
0xba84ac7b6909416975f9b363ccf870ef91e4b1b9,ETH,usdt_frozen_illicit,usdt_banned,Tether AddedBlackList,frozen by Tether,
0xbb33fd06b7e57126b7ece10242aaf3279040e36e,ETH,usdt_frozen_illicit,usdt_banned,Tether AddedBlackList,frozen by Tether,
0xbb821eee8a84b99a1c88c93913b34895c47d9911,ETH,usdt_frozen_illicit,usdt_banned,Tether AddedBlackList,frozen by Tether,
0xbba2b765ce2a8bd0daf7ac6bffb11659be21b8c0,ETH,usdt_frozen_illicit,usdt_banned,Tether AddedBlackList,frozen by Tether,
0xbbd0e3c8f09fa8b8cf002b569dbff5a0813df177,ETH,usdt_frozen_illicit,usdt_banned,Tether AddedBlackList,frozen by Tether,
0xbc8e08ab22769ec160ceb32632a09ff36b87294c,ETH,usdt_frozen_illicit,usdt_banned,Tether AddedBlackList,frozen by Tether,
0xbc9b209943e2b37be4d92a1e5ad906400c309466,ETH,usdt_frozen_illicit,usdt_banned,Tether AddedBlackList,frozen by Tether,
0xbca3ab082206c053e9133236fd58b530000eda22,ETH,usdt_frozen_illicit,usdt_banned,Tether AddedBlackList,frozen by Tether,
0xbcb9917ee2bbb8908b12de66cb69b868cc5a9b16,ETH,usdt_frozen_illicit,usdt_banned,Tether AddedBlackList,frozen by Tether,
0xbcbfaf2e7fe1d3ea636a9945c225193edad21506,ETH,usdt_frozen_illicit,usdt_banned,Tether AddedBlackList,frozen by Tether,
0xbd2949f67dcdc549c6ebe98696449fa79d988a9f,ETH,usdt_frozen_illicit,usdt_banned,Tether AddedBlackList,frozen by Tether,
0xbd3bd0f937c00486342699c9954df119edb239ae,ETH,usdt_frozen_illicit,usdt_banned,Tether AddedBlackList,frozen by Tether,
0xbd7ebd9bbfac72ad574c46a9b894fa7c0da764a8,ETH,usdt_frozen_illicit,usdt_banned,Tether AddedBlackList,frozen by Tether,
0xbdaf3e422d2cfa10f34c59f7151dd31499a426b5,ETH,usdt_frozen_illicit,usdt_banned,Tether AddedBlackList,frozen by Tether,
0xbdb32e7fb944e89df9cba0d8ba1da9a341fec944,ETH,usdt_frozen_illicit,usdt_banned,Tether AddedBlackList,frozen by Tether,
0xbdd115d14985b24aa0b6a3691ab1d60819984811,ETH,usdt_frozen_illicit,usdt_banned,Tether AddedBlackList,frozen by Tether,
0xbdf543f77a8b76d6beba423bfd60c335ce47b59d,ETH,usdt_frozen_illicit,usdt_banned,Tether AddedBlackList,frozen by Tether,
0xbe2b670936a733d9e4d5c13f9afae74d04ed8832,ETH,usdt_frozen_illicit,usdt_banned,Tether AddedBlackList,frozen by Tether,
0xbe6afbf9a85a65b3c3a77f9e7f4006da11cc82c3,ETH,usdt_frozen_illicit,usdt_banned,Tether AddedBlackList,frozen by Tether,
0xbeb0036bc0939d805bb9fcfec704af3cb7c29ba5,ETH,usdt_frozen_illicit,usdt_banned,Tether AddedBlackList,frozen by Tether,
0xbec6e83486004cc79da9eaecb8654634267cd9d7,ETH,usdt_frozen_illicit,usdt_banned,Tether AddedBlackList,frozen by Tether,
0xbed4b5be9cc218cece461c38bb1693078f1d1abf,ETH,usdt_frozen_illicit,usdt_banned,Tether AddedBlackList,frozen by Tether,
0xbef8e5b489e2eee160f8b244dc33468bf5f02467,ETH,usdt_frozen_illicit,usdt_banned,Tether AddedBlackList,frozen by Tether,
0xbf17ce54e42b00204147f715933618b104f8d232,ETH,usdt_frozen_illicit,usdt_banned,Tether AddedBlackList,frozen by Tether,
0xbf3018e9efeedd69f824f101b183d444f11785ba,ETH,usdt_frozen_illicit,usdt_banned,Tether AddedBlackList,frozen by Tether,
0xbf61c98424f7894b72fdeb8eb0672993e087f717,ETH,usdt_frozen_illicit,usdt_banned,Tether AddedBlackList,frozen by Tether,
0xbf6a4511e4216d80baa72ac06002873505ebaabc,ETH,usdt_frozen_illicit,usdt_banned,Tether AddedBlackList,frozen by Tether,
0xbf936118c714d99ce9f1736743131c9005cb8196,ETH,usdt_frozen_illicit,usdt_banned,Tether AddedBlackList,frozen by Tether,
0xbfb81347b0a4b59f87063632e056c2d9c8858097,ETH,usdt_frozen_illicit,usdt_banned,Tether AddedBlackList,frozen by Tether,
0xbfb9be565c39e9a6966179100c8545ff378c84f4,ETH,usdt_frozen_illicit,usdt_banned,Tether AddedBlackList,frozen by Tether,
0xbfe0ffecc7a73e6dca49244c7485a800f631a480,ETH,usdt_frozen_illicit,usdt_banned,Tether AddedBlackList,frozen by Tether,
0xbfe192bde24d347cb3b7f0175e8003e30f347a28,ETH,usdt_frozen_illicit,usdt_banned,Tether AddedBlackList,frozen by Tether,
0xc0110ab57b38ad0cf225aa713a686436414ef5e3,ETH,usdt_frozen_illicit,usdt_banned,Tether AddedBlackList,frozen by Tether,
0xc0302dc505906e967c333fe31b470a8b76d90602,ETH,usdt_frozen_illicit,usdt_banned,Tether AddedBlackList,frozen by Tether,
0xc0388a58be04564fbab4c21336155c5fe1862629,ETH,usdt_frozen_illicit,usdt_banned,Tether AddedBlackList,frozen by Tether,
0xc07424c8b70d36afc1e6cff2aa3a5b6a11b342c2,ETH,usdt_frozen_illicit,usdt_banned,Tether AddedBlackList,frozen by Tether,
0xc0db456cc0c9d71e793eeaca61148c0473e8bbb2,ETH,usdt_frozen_illicit,usdt_banned,Tether AddedBlackList,frozen by Tether,
0xc10f8f4b135dcf90b35f4fd02398f845ed38c169,ETH,usdt_frozen_illicit,usdt_banned,Tether AddedBlackList,frozen by Tether,
0xc13243044cf19011421a441251fcd18e4945bc27,ETH,usdt_frozen_illicit,usdt_banned,Tether AddedBlackList,frozen by Tether,
0xc156e7612fb9de27bc9ad410e961886af8c81a26,ETH,usdt_frozen_illicit,usdt_banned,Tether AddedBlackList,frozen by Tether,
0xc165ea736ef7fa569771b31ff2fe2584055169d0,ETH,usdt_frozen_illicit,usdt_banned,Tether AddedBlackList,frozen by Tether,
0xc1bec32be8a68346ad9dabbb0a67ce220d43997c,ETH,usdt_frozen_illicit,usdt_banned,Tether AddedBlackList,frozen by Tether,
0xc2111e551c38271931f151ab29aa7af16193899b,ETH,usdt_frozen_illicit,usdt_banned,Tether AddedBlackList,frozen by Tether,
0xc2367cffcd39d7b63e25f8a6c0653fc796559c7a,ETH,usdt_frozen_illicit,usdt_banned,Tether AddedBlackList,frozen by Tether,
0xc33511f09848055957de0846796469940a119b33,ETH,usdt_frozen_illicit,usdt_banned,Tether AddedBlackList,frozen by Tether,
0xc3771d47e2ab5a519e2917e61e23078d0c05ed7f,ETH,usdt_frozen_illicit,usdt_banned,Tether AddedBlackList,frozen by Tether,
0xc390a623aabd2964dc72ed8a8f1bd26a8aabd200,ETH,usdt_frozen_illicit,usdt_banned,Tether AddedBlackList,frozen by Tether,
0xc3ac0cff1966dc56b35e28fbbd19fb0c59350fdc,ETH,usdt_frozen_illicit,usdt_banned,Tether AddedBlackList,frozen by Tether,
0xc3b586bf06eda4ac3ad36ab288f022d5fab1dc8d,ETH,usdt_frozen_illicit,usdt_banned,Tether AddedBlackList,frozen by Tether,
0xc46242e9324097cd7a68b5fb7631ce300c7b5495,ETH,usdt_frozen_illicit,usdt_banned,Tether AddedBlackList,frozen by Tether,
0xc4693885b07fd1ac83f6d5117a2e4583c632c791,ETH,usdt_frozen_illicit,usdt_banned,Tether AddedBlackList,frozen by Tether,
0xc46e4279b6e5b5fca1e83ed071ccc55337e3f245,ETH,usdt_frozen_illicit,usdt_banned,Tether AddedBlackList,frozen by Tether,
0xc4797b1c3d2d7dddfc8a7ace0f52dcacad255c3f,ETH,usdt_frozen_illicit,usdt_banned,Tether AddedBlackList,frozen by Tether,
0xc47f85037499675c54947d56f9309cfdaa9ee632,ETH,usdt_frozen_illicit,usdt_banned,Tether AddedBlackList,frozen by Tether,
0xc4cfd1db3b8aa8c4525941b574350ec7c14e0023,ETH,usdt_frozen_illicit,usdt_banned,Tether AddedBlackList,frozen by Tether,
0xc4d332f6a6a231c049d388c1975eba1c3a7e3c8d,ETH,usdt_frozen_illicit,usdt_banned,Tether AddedBlackList,frozen by Tether,
0xc51952ce615809856e616a7e22302f495359e128,ETH,usdt_frozen_illicit,usdt_banned,Tether AddedBlackList,frozen by Tether,
0xc583b6ad74ee9847d1b9a57754c107469fa24411,ETH,usdt_frozen_illicit,usdt_banned,Tether AddedBlackList,frozen by Tether,
0xc5b501ebdb183e3d278ff052fc905c796473b045,ETH,usdt_frozen_illicit,usdt_banned,Tether AddedBlackList,frozen by Tether,
0xc5f134e2061660a6c8884f47383f2b721e6b7f1d,ETH,usdt_frozen_illicit,usdt_banned,Tether AddedBlackList,frozen by Tether,
0xc64df3b364857330a0c777ce7771e5f180b41456,ETH,usdt_frozen_illicit,usdt_banned,Tether AddedBlackList,frozen by Tether,
0xc64edc677d3356116a7adf73d55891e7031f6f87,ETH,usdt_frozen_illicit,usdt_banned,Tether AddedBlackList,frozen by Tether,
0xc654c7ab9c93beb2482d08a271cfba5768521d13,ETH,usdt_frozen_illicit,usdt_banned,Tether AddedBlackList,frozen by Tether,
0xc66014a30d2ac558beb333db6ab867a2480852c9,ETH,usdt_frozen_illicit,usdt_banned,Tether AddedBlackList,frozen by Tether,
0xc66e7c1ec81f71b4e2c5032f0a33d0f167fec1c6,ETH,usdt_frozen_illicit,usdt_banned,Tether AddedBlackList,frozen by Tether,
0xc68cbf2153a19e691f2687b71ec69d8a69bf9d4a,ETH,usdt_frozen_illicit,usdt_banned,Tether AddedBlackList,frozen by Tether,
0xc6ae333c2703e69046bf7701a0cbf22c8d7fbd74,ETH,usdt_frozen_illicit,usdt_banned,Tether AddedBlackList,frozen by Tether,
0xc6bc4d60f83508c933cafaec515a8f4fa7776ac3,ETH,usdt_frozen_illicit,usdt_banned,Tether AddedBlackList,frozen by Tether,
0xc6e219799eb852f034601d5f00b2cecb3cda1c2e,ETH,usdt_frozen_illicit,usdt_banned,Tether AddedBlackList,frozen by Tether,
0xc6e8afe97649976060e0cf9566dcfc45cc2f2dcd,ETH,usdt_frozen_illicit,usdt_banned,Tether AddedBlackList,frozen by Tether,
0xc6e9047fbc0df3d31176950c262c5f05873e3d0a,ETH,usdt_frozen_illicit,usdt_banned,Tether AddedBlackList,frozen by Tether,
0xc6f9cd74002472400942284bd5866894948d5e75,ETH,usdt_frozen_illicit,usdt_banned,Tether AddedBlackList,frozen by Tether,
0xc7571b79d800ebc979e0bd435790e6b8408002ef,ETH,usdt_frozen_illicit,usdt_banned,Tether AddedBlackList,frozen by Tether,
0xc87573246cdf24e90b84fcabd9d911ba9ceb9432,ETH,usdt_frozen_illicit,usdt_banned,Tether AddedBlackList,frozen by Tether,
0xc8a65fadf0e0ddaf421f28feab69bf6e2e589963,ETH,usdt_frozen_illicit,usdt_banned,Tether AddedBlackList,frozen by Tether,
0xc8d3207ab730e1efe4dcb218993e409d48ed9052,ETH,usdt_frozen_illicit,usdt_banned,Tether AddedBlackList,frozen by Tether,
0xc97277346ddff4549a48b62cf711fd9621d4f86b,ETH,usdt_frozen_illicit,usdt_banned,Tether AddedBlackList,frozen by Tether,
0xc975d1ab6caf6bcba3dd4c5203f74febbef1609f,ETH,usdt_frozen_illicit,usdt_banned,Tether AddedBlackList,frozen by Tether,
0xc9a4a19a99e84f39c15046925d188c45b5cafdb4,ETH,usdt_frozen_illicit,usdt_banned,Tether AddedBlackList,frozen by Tether,
0xc9ce70a381910d0a90b30d408cc9c7705ee882de,ETH,usdt_frozen_illicit,usdt_banned,Tether AddedBlackList,frozen by Tether,
0xc9d665759565d817b461f7426a0b03553cd7712f,ETH,usdt_frozen_illicit,usdt_banned,Tether AddedBlackList,frozen by Tether,
0xca13060a208691e08254e8dcb4f0fd6e864be095,ETH,usdt_frozen_illicit,usdt_banned,Tether AddedBlackList,frozen by Tether,
0xca1e057ce2fedd18c3b9323b64710c89eb5c607c,ETH,usdt_frozen_illicit,usdt_banned,Tether AddedBlackList,frozen by Tether,
0xca48f98a3864f9703cf44438aff40db38e14288c,ETH,usdt_frozen_illicit,usdt_banned,Tether AddedBlackList,frozen by Tether,
0xca830317146bfdde71e7c0b880e2ec1f66e273ee,ETH,usdt_frozen_illicit,usdt_banned,Tether AddedBlackList,frozen by Tether,
0xcb0eab0ba3bf67230d415e5d32a31cd099ac10db,ETH,usdt_frozen_illicit,usdt_banned,Tether AddedBlackList,frozen by Tether,
0xcb24b9db23eeb920949233a0fa2c4f3984de848f,ETH,usdt_frozen_illicit,usdt_banned,Tether AddedBlackList,frozen by Tether,
0xcb3233656fb55dff106de50a4a42d9eb6339de9b,ETH,usdt_frozen_illicit,usdt_banned,Tether AddedBlackList,frozen by Tether,
0xcb406e3b32283617ce088a8aa7937e1864dc7631,ETH,usdt_frozen_illicit,usdt_banned,Tether AddedBlackList,frozen by Tether,
0xcb55cdf44032cfa3e48610749bd60b89fc90dc9d,ETH,usdt_frozen_illicit,usdt_banned,Tether AddedBlackList,frozen by Tether,
0xcb6872567fa0843f5c680e2501f47a076ed85395,ETH,usdt_frozen_illicit,usdt_banned,Tether AddedBlackList,frozen by Tether,
0xcb90a70ec31d874b45c6846e88e5c641973bfc07,ETH,usdt_frozen_illicit,usdt_banned,Tether AddedBlackList,frozen by Tether,
0xcbac404e7ea5ec2dfe71f3fd72c573062addb46d,ETH,usdt_frozen_illicit,usdt_banned,Tether AddedBlackList,frozen by Tether,
0xcbb8514622eab1c3d287b0188a4edcd15dccf232,ETH,usdt_frozen_illicit,usdt_banned,Tether AddedBlackList,frozen by Tether,
0xcbef866c7f5bb8448ce0c70356e820db9601ec97,ETH,usdt_frozen_illicit,usdt_banned,Tether AddedBlackList,frozen by Tether,
0xcc115d21446926f68d5a9537bcb5c2c316a49544,ETH,usdt_frozen_illicit,usdt_banned,Tether AddedBlackList,frozen by Tether,
0xcc6af57f7516fcbb8d2e1d045a61c0358eab64d8,ETH,usdt_frozen_illicit,usdt_banned,Tether AddedBlackList,frozen by Tether,
0xcc7366793937ef8045f5554ba652c5b24b8c12e0,ETH,usdt_frozen_illicit,usdt_banned,Tether AddedBlackList,frozen by Tether,
0xcca89e11cb04e3c4b5aa82de90f9fcec2dc2ef46,ETH,usdt_frozen_illicit,usdt_banned,Tether AddedBlackList,frozen by Tether,
0xccdf467e545577f0f3631796dfdc88df5ccaadfa,ETH,usdt_frozen_illicit,usdt_banned,Tether AddedBlackList,frozen by Tether,
0xcd1faff6e578fa5cac469d2418c95671ba1a62fe,ETH,usdt_frozen_illicit,usdt_banned,Tether AddedBlackList,frozen by Tether,
0xcd649f4123272f7e69d047395688226a715a083c,ETH,usdt_frozen_illicit,usdt_banned,Tether AddedBlackList,frozen by Tether,
0xcd7b4175c5baffe29422fca4dd15615336f25386,ETH,usdt_frozen_illicit,usdt_banned,Tether AddedBlackList,frozen by Tether,
0xcdca2bf4050241ec4a8e5ec2453045c68c1b47f4,ETH,usdt_frozen_illicit,usdt_banned,Tether AddedBlackList,frozen by Tether,
0xce336a5469f096a2b75edd9289663f1434e9a219,ETH,usdt_frozen_illicit,usdt_banned,Tether AddedBlackList,frozen by Tether,
0xce69daf660f84dcf2b222418b7483250798633c7,ETH,usdt_frozen_illicit,usdt_banned,Tether AddedBlackList,frozen by Tether,
0xce75e3d02d3ffffc28e55c96a40032869db386ec,ETH,usdt_frozen_illicit,usdt_banned,Tether AddedBlackList,frozen by Tether,
0xcea4c1f534f3f89fa9212943d13e39a95ab1c83c,ETH,usdt_frozen_illicit,usdt_banned,Tether AddedBlackList,frozen by Tether,
0xced7259bf84fca31561efc35cacc9cd7b07e330a,ETH,usdt_frozen_illicit,usdt_banned,Tether AddedBlackList,frozen by Tether,
0xceee4e511bcccdc127006d9f580ebca45a235a49,ETH,usdt_frozen_illicit,usdt_banned,Tether AddedBlackList,frozen by Tether,
0xcf376f95384f254db7d91f5ddfcf322c7b9a6bf9,ETH,usdt_frozen_illicit,usdt_banned,Tether AddedBlackList,frozen by Tether,
0xcf8a022bf49866c4838cc8298d50780f4ddd74f6,ETH,usdt_frozen_illicit,usdt_banned,Tether AddedBlackList,frozen by Tether,
0xcf929ff85ca273798f55893d1028689758f0cfca,ETH,usdt_frozen_illicit,usdt_banned,Tether AddedBlackList,frozen by Tether,
0xcf95f287e2856c34130b9d31859f3b2c29b45d50,ETH,usdt_frozen_illicit,usdt_banned,Tether AddedBlackList,frozen by Tether,
0xcf96650e31379c5e415ee23fc0f58ff6c5504b85,ETH,usdt_frozen_illicit,usdt_banned,Tether AddedBlackList,frozen by Tether,
0xcfcc52767f28544c5336b600e346eff5fd9ac099,ETH,usdt_frozen_illicit,usdt_banned,Tether AddedBlackList,frozen by Tether,
0xcfdc3640e0feeda6e4900a487a897aea8df6a3a2,ETH,usdt_frozen_illicit,usdt_banned,Tether AddedBlackList,frozen by Tether,
0xd005c14b64970959f485bccbf77324727f414706,ETH,usdt_frozen_illicit,usdt_banned,Tether AddedBlackList,frozen by Tether,
0xd027dc9b973cd75049bb89e91213998f9dfaa28f,ETH,usdt_frozen_illicit,usdt_banned,Tether AddedBlackList,frozen by Tether,
0xd03a4ec546266a66ff8bf0a82744df8417e75bd4,ETH,usdt_frozen_illicit,usdt_banned,Tether AddedBlackList,frozen by Tether,
0xd048dabde927a68113f7e7324937086517e9caef,ETH,usdt_frozen_illicit,usdt_banned,Tether AddedBlackList,frozen by Tether,
0xd058e2e9ae88bc0dc4e7b9414e859fc6061de469,ETH,usdt_frozen_illicit,usdt_banned,Tether AddedBlackList,frozen by Tether,
0xd062436fc966712503874a8f772ed3df1b43857e,ETH,usdt_frozen_illicit,usdt_banned,Tether AddedBlackList,frozen by Tether,
0xd09e586bced1fbfe22de9b99aa04b07eaea7fc45,ETH,usdt_frozen_illicit,usdt_banned,Tether AddedBlackList,frozen by Tether,
0xd1317faa26f02e4558f66a95032bdcd5993a422c,ETH,usdt_frozen_illicit,usdt_banned,Tether AddedBlackList,frozen by Tether,
0xd1359596738c8bb8f4076a6b93e3a6a94d7b0fc1,ETH,usdt_frozen_illicit,usdt_banned,Tether AddedBlackList,frozen by Tether,
0xd16fca52f955187eb7afb9503c6876f094cbdbfa,ETH,usdt_frozen_illicit,usdt_banned,Tether AddedBlackList,frozen by Tether,
0xd18c309acb2345d8ba479da872e3c5cb205a029d,ETH,usdt_frozen_illicit,usdt_banned,Tether AddedBlackList,frozen by Tether,
0xd190ba102f1f2840f96a52d8cbe08197df006258,ETH,usdt_frozen_illicit,usdt_banned,Tether AddedBlackList,frozen by Tether,
0xd23f198525eca09c657557c32b1ffcd8750dbe30,ETH,usdt_frozen_illicit,usdt_banned,Tether AddedBlackList,frozen by Tether,
0xd2872bfd57a85191e6a062b25a440e996b68cc94,ETH,usdt_frozen_illicit,usdt_banned,Tether AddedBlackList,frozen by Tether,
0xd2ff93d2d1e248e3cf43a20ff373cc9fcc8f1820,ETH,usdt_frozen_illicit,usdt_banned,Tether AddedBlackList,frozen by Tether,
0xd37448ad7949c4ad8eba5aad1a0afdd3199971d8,ETH,usdt_frozen_illicit,usdt_banned,Tether AddedBlackList,frozen by Tether,
0xd3daf7b285248d361be5a70a4286017c3c8ea1cd,ETH,usdt_frozen_illicit,usdt_banned,Tether AddedBlackList,frozen by Tether,
0xd4268b450eb95946cd84500ca516bce781464969,ETH,usdt_frozen_illicit,usdt_banned,Tether AddedBlackList,frozen by Tether,
0xd4eeb14bfdf9658c0732f89dc9bc662a2a2ee5d0,ETH,usdt_frozen_illicit,usdt_banned,Tether AddedBlackList,frozen by Tether,
0xd51771b29e14307b89a0239ed34ec13e8e2b46b4,ETH,usdt_frozen_illicit,usdt_banned,Tether AddedBlackList,frozen by Tether,
0xd51ca0d0f7a73ae13f3baf955837c20c7d247f99,ETH,usdt_frozen_illicit,usdt_banned,Tether AddedBlackList,frozen by Tether,
0xd533a949740bb3306d119cc777fa900ba034cd52,ETH,usdt_frozen_illicit,usdt_banned,Tether AddedBlackList,frozen by Tether,
0xd53f28fc0e6789da0b816ecda96d98cd0128cfa9,ETH,usdt_frozen_illicit,usdt_banned,Tether AddedBlackList,frozen by Tether,
0xd54a23ca7627fa3a520b83ef4e1efc8c63c4b8f6,ETH,usdt_frozen_illicit,usdt_banned,Tether AddedBlackList,frozen by Tether,
0xd5d4fe47f66723e45a41c941fd0177449967273d,ETH,usdt_frozen_illicit,usdt_banned,Tether AddedBlackList,frozen by Tether,
0xd5faed37a99373c218a73149f93e47ce1c983dfe,ETH,usdt_frozen_illicit,usdt_banned,Tether AddedBlackList,frozen by Tether,
0xd612e28848a10b0a342bf807e9e256796e8cdba9,ETH,usdt_frozen_illicit,usdt_banned,Tether AddedBlackList,frozen by Tether,
0xd636dda087b9c9bfce3674fd35b20ce69cd36a34,ETH,usdt_frozen_illicit,usdt_banned,Tether AddedBlackList,frozen by Tether,
0xd67ea534d7944b62c532ae4f0ccff03414b134d5,ETH,usdt_frozen_illicit,usdt_banned,Tether AddedBlackList,frozen by Tether,
0xd68dfc32a21910eae4d9cb654df1f737bd7ca2cf,ETH,usdt_frozen_illicit,usdt_banned,Tether AddedBlackList,frozen by Tether,
0xd6b5833c14ae52409edb8de71b4b611f8edfdfd3,ETH,usdt_frozen_illicit,usdt_banned,Tether AddedBlackList,frozen by Tether,
0xd6b821eb4043bf2d6931b1e9027b208458abb8cb,ETH,usdt_frozen_illicit,usdt_banned,Tether AddedBlackList,frozen by Tether,
0xd746be95dc4c4edb4183540781a3ff03e7eddf4f,ETH,usdt_frozen_illicit,usdt_banned,Tether AddedBlackList,frozen by Tether,
0xd769a14f568b6a200a5b50f51c6e0bde61e76836,ETH,usdt_frozen_illicit,usdt_banned,Tether AddedBlackList,frozen by Tether,
0xd79b37ae5ca33e674b979324ec966c152248d6f5,ETH,usdt_frozen_illicit,usdt_banned,Tether AddedBlackList,frozen by Tether,
0xd7c61645a6cf816897272060331b670896370075,ETH,usdt_frozen_illicit,usdt_banned,Tether AddedBlackList,frozen by Tether,
0xd7c76174008c12d98375ae89c837dd2d1078098f,ETH,usdt_frozen_illicit,usdt_banned,Tether AddedBlackList,frozen by Tether,
0xd7d5bd9ed9f5ba99d833164d9e6658be0210ab1e,ETH,usdt_frozen_illicit,usdt_banned,Tether AddedBlackList,frozen by Tether,
0xd7df9c23c7c9905383794a3f3d2692f5ec86c72f,ETH,usdt_frozen_illicit,usdt_banned,Tether AddedBlackList,frozen by Tether,
0xd80b103eba455a433798290b4c20e3024c6648c6,ETH,usdt_frozen_illicit,usdt_banned,Tether AddedBlackList,frozen by Tether,
0xd8108764a3d828435e0d85490b10cee929bad2d4,ETH,usdt_frozen_illicit,usdt_banned,Tether AddedBlackList,frozen by Tether,
0xd82a4b4ac3e994d69a3c605d2a8adb971546aada,ETH,usdt_frozen_illicit,usdt_banned,Tether AddedBlackList,frozen by Tether,
0xd85bfca6afeb50813d41a4a844b1a66843d20e3a,ETH,usdt_frozen_illicit,usdt_banned,Tether AddedBlackList,frozen by Tether,
0xd86592a45dd5c77f233b0422212ff3c1ec304d96,ETH,usdt_frozen_illicit,usdt_banned,Tether AddedBlackList,frozen by Tether,
0xd8707f7027bbbd99485492d68928612dc2d1965a,ETH,usdt_frozen_illicit,usdt_banned,Tether AddedBlackList,frozen by Tether,
0xd87c08671473e506c22a5d809dfff7480f780029,ETH,usdt_frozen_illicit,usdt_banned,Tether AddedBlackList,frozen by Tether,
0xd8a68a256252af18ff209180a0a3b04b8666c7f8,ETH,usdt_frozen_illicit,usdt_banned,Tether AddedBlackList,frozen by Tether,
0xd8aa71b730028c2768ca3f35403d3e3623c0988d,ETH,usdt_frozen_illicit,usdt_banned,Tether AddedBlackList,frozen by Tether,
0xd8d2b364ac240297e85c16523ad29b6eb2a56e2b,ETH,usdt_frozen_illicit,usdt_banned,Tether AddedBlackList,frozen by Tether,
0xd8e3fb3b08eba982f2754988d70d57edc0055ae6,ETH,usdt_frozen_illicit,usdt_banned,Tether AddedBlackList,frozen by Tether,
0xd8e88d58e65180aaf56565fd8b270e52843ea94e,ETH,usdt_frozen_illicit,usdt_banned,Tether AddedBlackList,frozen by Tether,
0xd8ea4a26e5354f8660df8dd24bc46b7f260865cb,ETH,usdt_frozen_illicit,usdt_banned,Tether AddedBlackList,frozen by Tether,
0xd90fe5f016e7b3833b236433c625246dea612fe2,ETH,usdt_frozen_illicit,usdt_banned,Tether AddedBlackList,frozen by Tether,
0xd94bb87e0799222fc1e44fa34fd73b6aff220f82,ETH,usdt_frozen_illicit,usdt_banned,Tether AddedBlackList,frozen by Tether,
0xd9522a7e5f42fcd33828ca2e29d0463a3bae2ce7,ETH,usdt_frozen_illicit,usdt_banned,Tether AddedBlackList,frozen by Tether,
0xd98a26beeb383ea0971916b3eeb0828fcc50400d,ETH,usdt_frozen_illicit,usdt_banned,Tether AddedBlackList,frozen by Tether,
0xd9a330f648dc9073a939774d3f7233ed2a2e79f0,ETH,usdt_frozen_illicit,usdt_banned,Tether AddedBlackList,frozen by Tether,
0xda1759909a1136ac562bfe482946fc6458dd8f6e,ETH,usdt_frozen_illicit,usdt_banned,Tether AddedBlackList,frozen by Tether,
0xda3145d0a373712e036106fc1fa34b1014807e68,ETH,usdt_frozen_illicit,usdt_banned,Tether AddedBlackList,frozen by Tether,
0xda3240dec8afac34c6dd7c84fb64603676142c57,ETH,usdt_frozen_illicit,usdt_banned,Tether AddedBlackList,frozen by Tether,
0xda4b8c2952be2aa9c5466708cf1f3589c185c937,ETH,usdt_frozen_illicit,usdt_banned,Tether AddedBlackList,frozen by Tether,
0xda515e9f2cd0c4709e65aa82605497c3d82068f4,ETH,usdt_frozen_illicit,usdt_banned,Tether AddedBlackList,frozen by Tether,
0xda5c3d1c03c8dcc3a23709b4285d4e5744596e3d,ETH,usdt_frozen_illicit,usdt_banned,Tether AddedBlackList,frozen by Tether,
0xda66146ec41690ed8392869b0238dae5774f2314,ETH,usdt_frozen_illicit,usdt_banned,Tether AddedBlackList,frozen by Tether,
0xda66cabdf85b32c36fc5faa7e31f22ed76157eb0,ETH,usdt_frozen_illicit,usdt_banned,Tether AddedBlackList,frozen by Tether,
0xda926989cf0000bae2b4f53070407b2cd6b4f23e,ETH,usdt_frozen_illicit,usdt_banned,Tether AddedBlackList,frozen by Tether,
0xdab0c23b70da4914d68e643a7a22d8d86217f56a,ETH,usdt_frozen_illicit,usdt_banned,Tether AddedBlackList,frozen by Tether,
0xdab346088fd487581c0a0e08e51a22b5930670f0,ETH,usdt_frozen_illicit,usdt_banned,Tether AddedBlackList,frozen by Tether,
0xdac17f958d2ee523a2206206994597c13d831ec7,ETH,usdt_frozen_illicit,usdt_banned,Tether AddedBlackList,frozen by Tether,
0xdb081438ec8072de81b92f30b9d67ac65616f4ab,ETH,usdt_frozen_illicit,usdt_banned,Tether AddedBlackList,frozen by Tether,
0xdb0888668117ccc47c93635749336736f1a65080,ETH,usdt_frozen_illicit,usdt_banned,Tether AddedBlackList,frozen by Tether,
0xdb1459b75010d6714cb70e02e22d9b769a5497eb,ETH,usdt_frozen_illicit,usdt_banned,Tether AddedBlackList,frozen by Tether,
0xdb1b532af4191f675feada4eea7c0a6962aecc86,ETH,usdt_frozen_illicit,usdt_banned,Tether AddedBlackList,frozen by Tether,
0xdb6a0f4d8a5786ef0a5cc5721070f3c0335b7893,ETH,usdt_frozen_illicit,usdt_banned,Tether AddedBlackList,frozen by Tether,
0xdbee3422ee542e6a9d71bace67a921e70099414e,ETH,usdt_frozen_illicit,usdt_banned,Tether AddedBlackList,frozen by Tether,
0xdbfe34c98ae60347f6d8f3c1bdc0a3cb216a7e33,ETH,usdt_frozen_illicit,usdt_banned,Tether AddedBlackList,frozen by Tether,
0xdc34ff5a249dbc3a17ca4058c9c019c4f6d597e5,ETH,usdt_frozen_illicit,usdt_banned,Tether AddedBlackList,frozen by Tether,
0xdc5691e10386efdc778bd10510e7b8895eb9bb7f,ETH,usdt_frozen_illicit,usdt_banned,Tether AddedBlackList,frozen by Tether,
0xdc599a126a1af8648bdcd36579613e4cf24976d2,ETH,usdt_frozen_illicit,usdt_banned,Tether AddedBlackList,frozen by Tether,
0xdc5bbc3ce9abefb91274eda83e1dc934bd6efde5,ETH,usdt_frozen_illicit,usdt_banned,Tether AddedBlackList,frozen by Tether,
0xdc78e0ab10b4db7ca108ae57dd075801816914e1,ETH,usdt_frozen_illicit,usdt_banned,Tether AddedBlackList,frozen by Tether,
0xdc98d68b2832fedc8628ff62eba2e3494449b4c2,ETH,usdt_frozen_illicit,usdt_banned,Tether AddedBlackList,frozen by Tether,
0xdc9cf4cd400089b618fb78defb9e90fba815273c,ETH,usdt_frozen_illicit,usdt_banned,Tether AddedBlackList,frozen by Tether,
0xdcb56cce2c031751a93e5e74a1bd6abe88cb004f,ETH,usdt_frozen_illicit,usdt_banned,Tether AddedBlackList,frozen by Tether,
0xdcb7a40366e4c3b35cb30026040a4f84e2a94c11,ETH,usdt_frozen_illicit,usdt_banned,Tether AddedBlackList,frozen by Tether,
0xdcb7ecf4e68641904ecb9a6e4e70a6fe691ab9e3,ETH,usdt_frozen_illicit,usdt_banned,Tether AddedBlackList,frozen by Tether,
0xdce043a240980194e03781844640177361533ea5,ETH,usdt_frozen_illicit,usdt_banned,Tether AddedBlackList,frozen by Tether,
0xdceebcc35ef57dc33d35895f3940e0b3f68353aa,ETH,usdt_frozen_illicit,usdt_banned,Tether AddedBlackList,frozen by Tether,
0xdcf5cca716d97a6866ac581a7f6c5b6db265a358,ETH,usdt_frozen_illicit,usdt_banned,Tether AddedBlackList,frozen by Tether,
0xdcfd63238f01adde8edbdd2ed99870de854ebdfb,ETH,usdt_frozen_illicit,usdt_banned,Tether AddedBlackList,frozen by Tether,
0xdd029670c3409d889c977aa9280122ac76498065,ETH,usdt_frozen_illicit,usdt_banned,Tether AddedBlackList,frozen by Tether,
0xdd064d6fd70d736dc773430ac62cb5023cfcc65f,ETH,usdt_frozen_illicit,usdt_banned,Tether AddedBlackList,frozen by Tether,
0xdd1072cd2cb592721085d439baec0130c1208265,ETH,usdt_frozen_illicit,usdt_banned,Tether AddedBlackList,frozen by Tether,
0xdd23f1be094f913dc3833d1cc983b8b4682f722c,ETH,usdt_frozen_illicit,usdt_banned,Tether AddedBlackList,frozen by Tether,
0xdd6a5ab7004131ba9baca921f623da1a303bdfc8,ETH,usdt_frozen_illicit,usdt_banned,Tether AddedBlackList,frozen by Tether,
0xdd8a10df4c86a3584d3ef970bbcd85391c8117ab,ETH,usdt_frozen_illicit,usdt_banned,Tether AddedBlackList,frozen by Tether,
0xdde54bcc6b0a01f9d6481720f3dcc731d6062d64,ETH,usdt_frozen_illicit,usdt_banned,Tether AddedBlackList,frozen by Tether,
0xde9481cc661b6dee7257bd4f4c876627120c8473,ETH,usdt_frozen_illicit,usdt_banned,Tether AddedBlackList,frozen by Tether,
0xdec1bcaa046feb7343cb7292bb1193fa2d4fd68e,ETH,usdt_frozen_illicit,usdt_banned,Tether AddedBlackList,frozen by Tether,
0xdecae032bcde49536e08d257a9ade2230179db3c,ETH,usdt_frozen_illicit,usdt_banned,Tether AddedBlackList,frozen by Tether,
0xdecd53e6edd032bcf19a3679af299a4a24527437,ETH,usdt_frozen_illicit,usdt_banned,Tether AddedBlackList,frozen by Tether,
0xdeef423552055b554dceee741878357e7ae700fd,ETH,usdt_frozen_illicit,usdt_banned,Tether AddedBlackList,frozen by Tether,
0xdef15a2d6508f659359e2210dd0e6b3016ca925e,ETH,usdt_frozen_illicit,usdt_banned,Tether AddedBlackList,frozen by Tether,
0xdef66ecf2768e077777d43b176370b33068b3a7f,ETH,usdt_frozen_illicit,usdt_banned,Tether AddedBlackList,frozen by Tether,
0xdf0ab865c45d1e1cd6933fb405982ebf6a3e03e6,ETH,usdt_frozen_illicit,usdt_banned,Tether AddedBlackList,frozen by Tether,
0xdf53fb4785faeee1c0ca3997ac3bf1543da70dfd,ETH,usdt_frozen_illicit,usdt_banned,Tether AddedBlackList,frozen by Tether,
0xdf57e7b1aa3010850000f878fc8d6a4d1221bca9,ETH,usdt_frozen_illicit,usdt_banned,Tether AddedBlackList,frozen by Tether,
0xdf90ce24ae7fec99810f9169a017769a536b50df,ETH,usdt_frozen_illicit,usdt_banned,Tether AddedBlackList,frozen by Tether,
0xdfa36ee0fcf60ff0202c0d07bf399c0399923b55,ETH,usdt_frozen_illicit,usdt_banned,Tether AddedBlackList,frozen by Tether,
0xdfaa18dd66f2981e9851df191fee407bfdb64200,ETH,usdt_frozen_illicit,usdt_banned,Tether AddedBlackList,frozen by Tether,
0xdfd438220b274d507711b107fb909395ce3824c7,ETH,usdt_frozen_illicit,usdt_banned,Tether AddedBlackList,frozen by Tether,
0xdfdb7f72c1f195c5951a234e8db9806eb0635346,ETH,usdt_frozen_illicit,usdt_banned,Tether AddedBlackList,frozen by Tether,
0xe01df2813742b890d5d7e10e2304ba54f586f93f,ETH,usdt_frozen_illicit,usdt_banned,Tether AddedBlackList,frozen by Tether,
0xe021718e7bd1c9c7d7aed18b5b53fa15ae2d3a1c,ETH,usdt_frozen_illicit,usdt_banned,Tether AddedBlackList,frozen by Tether,
0xe0564d09e4202286107c35d29538361f3ec89a88,ETH,usdt_frozen_illicit,usdt_banned,Tether AddedBlackList,frozen by Tether,
0xe0673ad293b32a86634c38f65402bd5f22d2aade,ETH,usdt_frozen_illicit,usdt_banned,Tether AddedBlackList,frozen by Tether,
0xe09378e4cc630a8809116b97321f4e014942ede5,ETH,usdt_frozen_illicit,usdt_banned,Tether AddedBlackList,frozen by Tether,
0xe0973005c020fb624e7e226ce00138d091dc21f3,ETH,usdt_frozen_illicit,usdt_banned,Tether AddedBlackList,frozen by Tether,
0xe0bf32d6461e8003c0d5a4c1c25de2e998a67f34,ETH,usdt_frozen_illicit,usdt_banned,Tether AddedBlackList,frozen by Tether,
0xe0cf41a7d55c2aa36f21163d59a21a25c31622ab,ETH,usdt_frozen_illicit,usdt_banned,Tether AddedBlackList,frozen by Tether,
0xe0ee037b54e94bd837a476fadf111c9aee82abad,ETH,usdt_frozen_illicit,usdt_banned,Tether AddedBlackList,frozen by Tether,
0xe0fe2b4c9f7d58a05b4a16b71ef8afb42557aef2,ETH,usdt_frozen_illicit,usdt_banned,Tether AddedBlackList,frozen by Tether,
0xe12453f93feff4290ccbca8a82e62c763b93c23d,ETH,usdt_frozen_illicit,usdt_banned,Tether AddedBlackList,frozen by Tether,
0xe14643c54f321a7632d09e71d19ca578f83c889e,ETH,usdt_frozen_illicit,usdt_banned,Tether AddedBlackList,frozen by Tether,
0xe16ea22554b5a99457abfbb79bdc18e3221a00a0,ETH,usdt_frozen_illicit,usdt_banned,Tether AddedBlackList,frozen by Tether,
0xe1c07043104b4bcd3455a20dc804b1c9f8a5da39,ETH,usdt_frozen_illicit,usdt_banned,Tether AddedBlackList,frozen by Tether,
0xe1c63ef1a2f00840cba26d13249a247bc8ad40bf,ETH,usdt_frozen_illicit,usdt_banned,Tether AddedBlackList,frozen by Tether,
0xe1d60fc312d54c4ea9a932aba37441c81c5cf806,ETH,usdt_frozen_illicit,usdt_banned,Tether AddedBlackList,frozen by Tether,
0xe1f7a7e3c5f4e705c5221fe80e754aea9dee2d41,ETH,usdt_frozen_illicit,usdt_banned,Tether AddedBlackList,frozen by Tether,
0xe21e7457ffdee184f540d8e4749ef183504f001c,ETH,usdt_frozen_illicit,usdt_banned,Tether AddedBlackList,frozen by Tether,
0xe22ccea908d5ed8e9c307637f174cc443620a1ea,ETH,usdt_frozen_illicit,usdt_banned,Tether AddedBlackList,frozen by Tether,
0xe233b8ca914ef98918b87d934c879095af71d75d,ETH,usdt_frozen_illicit,usdt_banned,Tether AddedBlackList,frozen by Tether,
0xe24257840b921dc5c4960eb2dd884cf8bce8c5ad,ETH,usdt_frozen_illicit,usdt_banned,Tether AddedBlackList,frozen by Tether,
0xe264de5601c6cbb3c7324473958ed2b255d25fb7,ETH,usdt_frozen_illicit,usdt_banned,Tether AddedBlackList,frozen by Tether,
0xe33947b9dcc3be1b39f2eb0bfa4428e5d5575309,ETH,usdt_frozen_illicit,usdt_banned,Tether AddedBlackList,frozen by Tether,
0xe350708b71243ccd55cdd18833cdee5051ee378e,ETH,usdt_frozen_illicit,usdt_banned,Tether AddedBlackList,frozen by Tether,
0xe37b94909d86d65c4204626136987b3777fd4616,ETH,usdt_frozen_illicit,usdt_banned,Tether AddedBlackList,frozen by Tether,
0xe3a0c6d17d629b49297146a7867ed59de17ae8e6,ETH,usdt_frozen_illicit,usdt_banned,Tether AddedBlackList,frozen by Tether,
0xe3a964d1b440c0a2d5adccc211917f6ec208958d,ETH,usdt_frozen_illicit,usdt_banned,Tether AddedBlackList,frozen by Tether,
0xe430ca14773ff024e245e46aa3a2cb7f993ee20c,ETH,usdt_frozen_illicit,usdt_banned,Tether AddedBlackList,frozen by Tether,
0xe453f4012c868cb25a0b987fa8d2a60f28300082,ETH,usdt_frozen_illicit,usdt_banned,Tether AddedBlackList,frozen by Tether,
0xe47ee22b3e4ea3f1270dd4345eae2f5ca569d0bc,ETH,usdt_frozen_illicit,usdt_banned,Tether AddedBlackList,frozen by Tether,
0xe4815ae53b124e7263f08dcdbbb757d41ed658c6,ETH,usdt_frozen_illicit,usdt_banned,Tether AddedBlackList,frozen by Tether,
0xe4af40b5b6a4c7ba9aacfe86a95f3da924648ac2,ETH,usdt_frozen_illicit,usdt_banned,Tether AddedBlackList,frozen by Tether,
0xe4e02c0e150720a277e6643153f8ed88249e3104,ETH,usdt_frozen_illicit,usdt_banned,Tether AddedBlackList,frozen by Tether,
0xe4f6c77942e64873660a86df34374b19ae2a091f,ETH,usdt_frozen_illicit,usdt_banned,Tether AddedBlackList,frozen by Tether,
0xe5109a2af4da771beb0213fc9c794fb889ccfb92,ETH,usdt_frozen_illicit,usdt_banned,Tether AddedBlackList,frozen by Tether,
0xe53fbe593fb1a7c195661b1a7ecc506ac58590fa,ETH,usdt_frozen_illicit,usdt_banned,Tether AddedBlackList,frozen by Tether,
0xe54d61f5af034b6841d361f205a01834a23a83d1,ETH,usdt_frozen_illicit,usdt_banned,Tether AddedBlackList,frozen by Tether,
0xe573e321170a5419697b6355cb829dd9200ed248,ETH,usdt_frozen_illicit,usdt_banned,Tether AddedBlackList,frozen by Tether,
0xe57da24b649dd48e7cc1a5f31d060ffa3e42a81f,ETH,usdt_frozen_illicit,usdt_banned,Tether AddedBlackList,frozen by Tether,
0xe5a123cc9f196f85e9deeb48d117ad09d4c4915b,ETH,usdt_frozen_illicit,usdt_banned,Tether AddedBlackList,frozen by Tether,
0xe5c660cf163070fc74eca003add633ba19bc211c,ETH,usdt_frozen_illicit,usdt_banned,Tether AddedBlackList,frozen by Tether,
0xe5caef4af8780e59df925470b050fb23c43ca68c,ETH,usdt_frozen_illicit,usdt_banned,Tether AddedBlackList,frozen by Tether,
0xe5d7dee3e3888baf1f9bc765713c0e23ed1a4513,ETH,usdt_frozen_illicit,usdt_banned,Tether AddedBlackList,frozen by Tether,
0xe61ed31891d9fbdcc92d8705fdec92a2482960f7,ETH,usdt_frozen_illicit,usdt_banned,Tether AddedBlackList,frozen by Tether,
0xe627906b3542cacab5b7b7ef054fa12943a48609,ETH,usdt_frozen_illicit,usdt_banned,Tether AddedBlackList,frozen by Tether,
0xe66cbc64165b8ae47ebc936739c1b4047d969344,ETH,usdt_frozen_illicit,usdt_banned,Tether AddedBlackList,frozen by Tether,
0xe6ed97d28155c52dcf337146548f4d144fb267b3,ETH,usdt_frozen_illicit,usdt_banned,Tether AddedBlackList,frozen by Tether,
0xe6fae3973d4c896da87d03482e8c3d3ea66a585a,ETH,usdt_frozen_illicit,usdt_banned,Tether AddedBlackList,frozen by Tether,
0xe74f306bfbff84f675fdceb770b157b70b017169,ETH,usdt_frozen_illicit,usdt_banned,Tether AddedBlackList,frozen by Tether,
0xe75442dca4a6ce1abbf92b0fe1337498ebdf064e,ETH,usdt_frozen_illicit,usdt_banned,Tether AddedBlackList,frozen by Tether,
0xe7875842ab5c44adbd6b82cdf7a14d23cb531e56,ETH,usdt_frozen_illicit,usdt_banned,Tether AddedBlackList,frozen by Tether,
0xe803a8bc090e922aedfcbcdd1efea99582efe3c9,ETH,usdt_frozen_illicit,usdt_banned,Tether AddedBlackList,frozen by Tether,
0xe8138a3a847a25546250046cd7c5a867c2179f94,ETH,usdt_frozen_illicit,usdt_banned,Tether AddedBlackList,frozen by Tether,
0xe81cd28f4dd237f95c73e034ba81af18fb5fc234,ETH,usdt_frozen_illicit,usdt_banned,Tether AddedBlackList,frozen by Tether,
0xe8a5f0c776dbfbc628ebbccbd0fb35096cafeab4,ETH,usdt_frozen_illicit,usdt_banned,Tether AddedBlackList,frozen by Tether,
0xe8a7fcdad1d9cad1bdaed942f0ef91ccc22bc881,ETH,usdt_frozen_illicit,usdt_banned,Tether AddedBlackList,frozen by Tether,
0xe8f762f264a2d4f0c6f3b6f0b3c1926a67962b2f,ETH,usdt_frozen_illicit,usdt_banned,Tether AddedBlackList,frozen by Tether,
0xe927ecdfa01f6efcdafcb29926fbcb9b1d2254dd,ETH,usdt_frozen_illicit,usdt_banned,Tether AddedBlackList,frozen by Tether,
0xe9e9afac38e64728f1afbb2b65dec7be7c704c05,ETH,usdt_frozen_illicit,usdt_banned,Tether AddedBlackList,frozen by Tether,
0xea1343960ec7a7c4e15d9b8dfdff8618cbf347a0,ETH,usdt_frozen_illicit,usdt_banned,Tether AddedBlackList,frozen by Tether,
0xea4e10e577d8b3c749ec2004f84a4b8f849e6155,ETH,usdt_frozen_illicit,usdt_banned,Tether AddedBlackList,frozen by Tether,
0xea582df503a868b0222da3c849e836b6334e1ef4,ETH,usdt_frozen_illicit,usdt_banned,Tether AddedBlackList,frozen by Tether,
0xea7e96d744b2b5a5106902fc615bd351c645b182,ETH,usdt_frozen_illicit,usdt_banned,Tether AddedBlackList,frozen by Tether,
0xea96a3c2dce9ea37a477ebbb892ee67e66e7f808,ETH,usdt_frozen_illicit,usdt_banned,Tether AddedBlackList,frozen by Tether,
0xeae7353b188c7b5787cc2954df0e3203eea01b9b,ETH,usdt_frozen_illicit,usdt_banned,Tether AddedBlackList,frozen by Tether,
0xeaf679018daecf16646be3c7453b26286fdb15a4,ETH,usdt_frozen_illicit,usdt_banned,Tether AddedBlackList,frozen by Tether,
0xeb236e2cf608376309faae0169ae3ca530b8c55d,ETH,usdt_frozen_illicit,usdt_banned,Tether AddedBlackList,frozen by Tether,
0xeb31973e0febf3e3d7058234a5ebbae1ab4b8c23,ETH,usdt_frozen_illicit,usdt_banned,Tether AddedBlackList,frozen by Tether,
0xeb378d1b8f9cafa573494b64156429aad000de0c,ETH,usdt_frozen_illicit,usdt_banned,Tether AddedBlackList,frozen by Tether,
0xeb5882901657e2f0806d1d12ee1f3f81cbacbb5b,ETH,usdt_frozen_illicit,usdt_banned,Tether AddedBlackList,frozen by Tether,
0xeb683e618156de654ed110c06a414bfa5c3c39e4,ETH,usdt_frozen_illicit,usdt_banned,Tether AddedBlackList,frozen by Tether,
0xeb8f94f821f2b478037c59b33cc8bfe29b012fd7,ETH,usdt_frozen_illicit,usdt_banned,Tether AddedBlackList,frozen by Tether,
0xeb9478d602166d3dd9a29c7c45b1287c16ea10cc,ETH,usdt_frozen_illicit,usdt_banned,Tether AddedBlackList,frozen by Tether,
0xeb963da0ea2d53bfb930edc76f994fca2de7fe5f,ETH,usdt_frozen_illicit,usdt_banned,Tether AddedBlackList,frozen by Tether,
0xebc999046542f36502b9ca8844cd3319745cb7f3,ETH,usdt_frozen_illicit,usdt_banned,Tether AddedBlackList,frozen by Tether,
0xebff9038fc52040272cc17d7a99fc903031d8643,ETH,usdt_frozen_illicit,usdt_banned,Tether AddedBlackList,frozen by Tether,
0xec046b20d26aedcaad476e21f22feb00ca0ced5d,ETH,usdt_frozen_illicit,usdt_banned,Tether AddedBlackList,frozen by Tether,
0xec116f70fc7c214d70d90af0b83417f7e0df2578,ETH,usdt_frozen_illicit,usdt_banned,Tether AddedBlackList,frozen by Tether,
0xec13cfe6f132fd976f93ef9cb5f103df0eec694a,ETH,usdt_frozen_illicit,usdt_banned,Tether AddedBlackList,frozen by Tether,
0xec565af969ac889387a73844c2ab07ad17e2793a,ETH,usdt_frozen_illicit,usdt_banned,Tether AddedBlackList,frozen by Tether,
0xed22fabea977b8bbba6f24fe2c3b007d1600d241,ETH,usdt_frozen_illicit,usdt_banned,Tether AddedBlackList,frozen by Tether,
0xed4c4b9142ea883139c7708310955fefd1bd7ecb,ETH,usdt_frozen_illicit,usdt_banned,Tether AddedBlackList,frozen by Tether,
0xed65af79c9a6783563cb40a824d51cb2abbef6c2,ETH,usdt_frozen_illicit,usdt_banned,Tether AddedBlackList,frozen by Tether,
0xed700411613b53911add5a02f0bce9ff51f94a3d,ETH,usdt_frozen_illicit,usdt_banned,Tether AddedBlackList,frozen by Tether,
0xed971ef2f595d3af7e9a90a8c4d3c98b00e96292,ETH,usdt_frozen_illicit,usdt_banned,Tether AddedBlackList,frozen by Tether,
0xeda5066780de29d00dfb54581a707ef6f52d8113,ETH,usdt_frozen_illicit,usdt_banned,Tether AddedBlackList,frozen by Tether,
0xee5e98d9902e8158965c0b87364c3bb418754da1,ETH,usdt_frozen_illicit,usdt_banned,Tether AddedBlackList,frozen by Tether,
0xeebf6a2035500054373b352cb87b9ea48282b859,ETH,usdt_frozen_illicit,usdt_banned,Tether AddedBlackList,frozen by Tether,
0xeedf4d8bc367785ffb4920281b223a2ea8f9acbc,ETH,usdt_frozen_illicit,usdt_banned,Tether AddedBlackList,frozen by Tether,
0xef4e12b51f1e717bbab900b29ba34a1d6b1b37ba,ETH,usdt_frozen_illicit,usdt_banned,Tether AddedBlackList,frozen by Tether,
0xef5b6db813b0b96c069f66e46de58956efdc2f4b,ETH,usdt_frozen_illicit,usdt_banned,Tether AddedBlackList,frozen by Tether,
0xefb87a8226c28a578671fdc578c6d89192133369,ETH,usdt_frozen_illicit,usdt_banned,Tether AddedBlackList,frozen by Tether,
0xefc1c73a3d8728dc4cf2a18ac5705fe93e5914ac,ETH,usdt_frozen_illicit,usdt_banned,Tether AddedBlackList,frozen by Tether,
0xf00b308364971cfca1bf5f134081144bce2a3d70,ETH,usdt_frozen_illicit,usdt_banned,Tether AddedBlackList,frozen by Tether,
0xf00e2387f6d06e79a2666ad22be96e3ab4072f0c,ETH,usdt_frozen_illicit,usdt_banned,Tether AddedBlackList,frozen by Tether,
0xf02a32caebc066c7f55b08da98956bfcba700a9c,ETH,usdt_frozen_illicit,usdt_banned,Tether AddedBlackList,frozen by Tether,
0xf041c501f16891a2b23f7d3fde5105c80453db92,ETH,usdt_frozen_illicit,usdt_banned,Tether AddedBlackList,frozen by Tether,
0xf042f7aa628c1e04d69c7ac39e9de818d990a2f1,ETH,usdt_frozen_illicit,usdt_banned,Tether AddedBlackList,frozen by Tether,
0xf0659d6e8d751159720bd9673f6d946b2ef9b1d7,ETH,usdt_frozen_illicit,usdt_banned,Tether AddedBlackList,frozen by Tether,
0xf09d3387894a1a76d1bd06e46ad45808d0155eb5,ETH,usdt_frozen_illicit,usdt_banned,Tether AddedBlackList,frozen by Tether,
0xf0e2176dd52a019572bf5d9c593df0e209530a34,ETH,usdt_frozen_illicit,usdt_banned,Tether AddedBlackList,frozen by Tether,
0xf123697ee970ae5314c1fbe0a123f329937e3b94,ETH,usdt_frozen_illicit,usdt_banned,Tether AddedBlackList,frozen by Tether,
0xf135242fb5c83cffdbb185a63f1ec48dff4c94ea,ETH,usdt_frozen_illicit,usdt_banned,Tether AddedBlackList,frozen by Tether,
0xf13d79aab5811f4948a3942e6539f9757942514a,ETH,usdt_frozen_illicit,usdt_banned,Tether AddedBlackList,frozen by Tether,
0xf15630eccf1e13508721313ab67422e4897ce008,ETH,usdt_frozen_illicit,usdt_banned,Tether AddedBlackList,frozen by Tether,
0xf1710ca76244b89e47e29c54013ca353f8acf330,ETH,usdt_frozen_illicit,usdt_banned,Tether AddedBlackList,frozen by Tether,
0xf1875f916efa801ee2a2f2fe7bd328acba4b73d0,ETH,usdt_frozen_illicit,usdt_banned,Tether AddedBlackList,frozen by Tether,
0xf192f9cd28aa0e268eed28078a432dd4abfe8269,ETH,usdt_frozen_illicit,usdt_banned,Tether AddedBlackList,frozen by Tether,
0xf1c9d8d440d0edee975f6d525d439c4360492884,ETH,usdt_frozen_illicit,usdt_banned,Tether AddedBlackList,frozen by Tether,
0xf1eb12b77556c03642d882e5241ddaa3f61fe0e0,ETH,usdt_frozen_illicit,usdt_banned,Tether AddedBlackList,frozen by Tether,
0xf228c8029e1c525bc9fd2255f0c5bfcfcef5f72b,ETH,usdt_frozen_illicit,usdt_banned,Tether AddedBlackList,frozen by Tether,
0xf240af30cc65b9900a3c3e5b5990f38125e4095d,ETH,usdt_frozen_illicit,usdt_banned,Tether AddedBlackList,frozen by Tether,
0xf265fff9a24d4a8009b288f3d22069aa3e11db10,ETH,usdt_frozen_illicit,usdt_banned,Tether AddedBlackList,frozen by Tether,
0xf26fa4f2aca8b607755e8620c7163be8e4a73a27,ETH,usdt_frozen_illicit,usdt_banned,Tether AddedBlackList,frozen by Tether,
0xf275d07c3db7e14711290aa4c63cdce17db7bfa9,ETH,usdt_frozen_illicit,usdt_banned,Tether AddedBlackList,frozen by Tether,
0xf2a03f9503e0d754dfe8b93d962db487d20c2178,ETH,usdt_frozen_illicit,usdt_banned,Tether AddedBlackList,frozen by Tether,
0xf2bba03cb436013ceb5bca624ad8a9aa2870a78a,ETH,usdt_frozen_illicit,usdt_banned,Tether AddedBlackList,frozen by Tether,
0xf3ae5d769e153ef72b4e3591ac004e89f48107a1,ETH,usdt_frozen_illicit,usdt_banned,Tether AddedBlackList,frozen by Tether,
0xf400a6f6839ae1baeb26a5fef75a1b4f544c09f3,ETH,usdt_frozen_illicit,usdt_banned,Tether AddedBlackList,frozen by Tether,
0xf4145938a7fad0f8d0359e97a79e3ffbe08ffbd1,ETH,usdt_frozen_illicit,usdt_banned,Tether AddedBlackList,frozen by Tether,
0xf414d11ed88f1b4d86f69cf09f49b69b3e0a0e37,ETH,usdt_frozen_illicit,usdt_banned,Tether AddedBlackList,frozen by Tether,
0xf42f8c3e5e62cc695c07dc54807784bfa7097657,ETH,usdt_frozen_illicit,usdt_banned,Tether AddedBlackList,frozen by Tether,
0xf49cc24bb3d1851c3f3c2a6bd42904ddfc67bb18,ETH,usdt_frozen_illicit,usdt_banned,Tether AddedBlackList,frozen by Tether,
0xf4bac22ed37c2229107f7d6e4cc9d120da456496,ETH,usdt_frozen_illicit,usdt_banned,Tether AddedBlackList,frozen by Tether,
0xf4e52ac88228b596c3044196352eb3e9dcc622b4,ETH,usdt_frozen_illicit,usdt_banned,Tether AddedBlackList,frozen by Tether,
0xf4eaf63f7bad7793f3984fae8334a6994c5f1280,ETH,usdt_frozen_illicit,usdt_banned,Tether AddedBlackList,frozen by Tether,
0xf510e53ef8da4e45ffa59eb554511a7410e5efd3,ETH,usdt_frozen_illicit,usdt_banned,Tether AddedBlackList,frozen by Tether,
0xf53b551dc126e92b01d6a7eb341d350df9ed0321,ETH,usdt_frozen_illicit,usdt_banned,Tether AddedBlackList,frozen by Tether,
0xf543f8d3a82625dbb2d8bf516f2888784caca21b,ETH,usdt_frozen_illicit,usdt_banned,Tether AddedBlackList,frozen by Tether,
0xf56917842f21dde2df09ef1de0974e3d3028bb0e,ETH,usdt_frozen_illicit,usdt_banned,Tether AddedBlackList,frozen by Tether,
0xf57acd6c3fecf737597893a256f6ac4e528af370,ETH,usdt_frozen_illicit,usdt_banned,Tether AddedBlackList,frozen by Tether,
0xf5a7cf1ef787f09eef1fb75d4a0ab9d651fa1da0,ETH,usdt_frozen_illicit,usdt_banned,Tether AddedBlackList,frozen by Tether,
0xf5e0a0577cc200a389ea6147888ee451476bc40f,ETH,usdt_frozen_illicit,usdt_banned,Tether AddedBlackList,frozen by Tether,
0xf5e9f38e559cf86b5eca5e78c4dc71e2268660d0,ETH,usdt_frozen_illicit,usdt_banned,Tether AddedBlackList,frozen by Tether,
0xf5f818ae045aa235a74d3c64ee267ab71ec5899d,ETH,usdt_frozen_illicit,usdt_banned,Tether AddedBlackList,frozen by Tether,
0xf6025dfb3dfeed189d50842dac84dc3939b14b20,ETH,usdt_frozen_illicit,usdt_banned,Tether AddedBlackList,frozen by Tether,
0xf6182f9b5a485110b80ae1eefcb554fe8975abbe,ETH,usdt_frozen_illicit,usdt_banned,Tether AddedBlackList,frozen by Tether,
0xf61bd96a03d49a6dd14e9a19ad1e0b4ec60139ac,ETH,usdt_frozen_illicit,usdt_banned,Tether AddedBlackList,frozen by Tether,
0xf637cd1ebe9f16c193b635c57af3b2b1bff5efe1,ETH,usdt_frozen_illicit,usdt_banned,Tether AddedBlackList,frozen by Tether,
0xf678198e4cdb85680daba0bb940645ee230c1544,ETH,usdt_frozen_illicit,usdt_banned,Tether AddedBlackList,frozen by Tether,
0xf69b88c1f17bd4b1f0f6b306daa1295f4a54a65b,ETH,usdt_frozen_illicit,usdt_banned,Tether AddedBlackList,frozen by Tether,
0xf6a5d0770bf4384c7917b6b92d646acb08fa7739,ETH,usdt_frozen_illicit,usdt_banned,Tether AddedBlackList,frozen by Tether,
0xf6c33d168ba1d464c837f7d1afbe34351ebe0f6a,ETH,usdt_frozen_illicit,usdt_banned,Tether AddedBlackList,frozen by Tether,
0xf6ec8d867a227ff5f84761407da1f85826c17797,ETH,usdt_frozen_illicit,usdt_banned,Tether AddedBlackList,frozen by Tether,
0xf73d8d6f76d5e35ab952f94a6b431a730e5c5c7f,ETH,usdt_frozen_illicit,usdt_banned,Tether AddedBlackList,frozen by Tether,
0xf753b36696b4ebd6030d5c58510dc1ff34de3d07,ETH,usdt_frozen_illicit,usdt_banned,Tether AddedBlackList,frozen by Tether,
0xf768308c448ca951f0fb2487cebe5598c8fb40e2,ETH,usdt_frozen_illicit,usdt_banned,Tether AddedBlackList,frozen by Tether,
0xf7a47cdbb1e01ab40135edb4a81c4b1cbd24ca94,ETH,usdt_frozen_illicit,usdt_banned,Tether AddedBlackList,frozen by Tether,
0xf7cf70461fa385d5344566b71a26b5da09ec54f1,ETH,usdt_frozen_illicit,usdt_banned,Tether AddedBlackList,frozen by Tether,
0xf7ef9fe8e6789cafa6bd7ae6e91949feddad233d,ETH,usdt_frozen_illicit,usdt_banned,Tether AddedBlackList,frozen by Tether,
0xf802f60f538f518ee54e554bdbaac5d1b3acb526,ETH,usdt_frozen_illicit,usdt_banned,Tether AddedBlackList,frozen by Tether,
0xf872ec9eca68ef917afbdb5b2d6d8784275e436a,ETH,usdt_frozen_illicit,usdt_banned,Tether AddedBlackList,frozen by Tether,
0xf8c3527cc04340b208c854e985240c02f7b7793f,ETH,usdt_frozen_illicit,usdt_banned,Tether AddedBlackList,frozen by Tether,
0xf8d7944154b9807e17412379ebbb92f778091bb2,ETH,usdt_frozen_illicit,usdt_banned,Tether AddedBlackList,frozen by Tether,
0xf8e85302bb65e3086f555637757ff0cda241562e,ETH,usdt_frozen_illicit,usdt_banned,Tether AddedBlackList,frozen by Tether,
0xf906360d0ee169760ce94c36592f6894833ece72,ETH,usdt_frozen_illicit,usdt_banned,Tether AddedBlackList,frozen by Tether,
0xf90af2d93ccce53dd28074340addb63782bf1883,ETH,usdt_frozen_illicit,usdt_banned,Tether AddedBlackList,frozen by Tether,
0xf92aaa976ba32451aa6fceff9b61397e02ed7d2a,ETH,usdt_frozen_illicit,usdt_banned,Tether AddedBlackList,frozen by Tether,
0xf93e99907542bd3a5ac5d1f74d9945c2d748e5b2,ETH,usdt_frozen_illicit,usdt_banned,Tether AddedBlackList,frozen by Tether,
0xf9ac9aa10c2b98e8033030691cc2b37fc10b4342,ETH,usdt_frozen_illicit,usdt_banned,Tether AddedBlackList,frozen by Tether,
0xf9be73921e1574e75f4ebb80a303d993db2cd408,ETH,usdt_frozen_illicit,usdt_banned,Tether AddedBlackList,frozen by Tether,
0xf9c348f5713d4cad866d82da2ea10e1bf042a3b7,ETH,usdt_frozen_illicit,usdt_banned,Tether AddedBlackList,frozen by Tether,
0xf9e80a5f300944bfedf2816cbe72b1981c6c5ee2,ETH,usdt_frozen_illicit,usdt_banned,Tether AddedBlackList,frozen by Tether,
0xf9f057f992099734859c2d92dd3e2e0eb5a00f6e,ETH,usdt_frozen_illicit,usdt_banned,Tether AddedBlackList,frozen by Tether,
0xfa436ba95df1674b986d04bc00f3c834386f68a2,ETH,usdt_frozen_illicit,usdt_banned,Tether AddedBlackList,frozen by Tether,
0xfa8c5d0825440881e73ae190099d4a786d8290db,ETH,usdt_frozen_illicit,usdt_banned,Tether AddedBlackList,frozen by Tether,
0xfa9f41620ccf783e7773af6f8439b69be54ca7e1,ETH,usdt_frozen_illicit,usdt_banned,Tether AddedBlackList,frozen by Tether,
0xfabb96915e60653289485af7f49889a00f03b174,ETH,usdt_frozen_illicit,usdt_banned,Tether AddedBlackList,frozen by Tether,
0xfae3ff7e05d921c1d48bbe6676ef5c902e32c801,ETH,usdt_frozen_illicit,usdt_banned,Tether AddedBlackList,frozen by Tether,
0xfae5a6d3bd9bd24a3ed2f2a8a6031c83976c19a2,ETH,usdt_frozen_illicit,usdt_banned,Tether AddedBlackList,frozen by Tether,
0xfaf1a3b662886c0c346afee3f1be7b1181e16dad,ETH,usdt_frozen_illicit,usdt_banned,Tether AddedBlackList,frozen by Tether,
0xfb0a60806cdcd2047517b777398bbea734c727e3,ETH,usdt_frozen_illicit,usdt_banned,Tether AddedBlackList,frozen by Tether,
0xfb1a915a2a8ea147431e87655f867373defc0977,ETH,usdt_frozen_illicit,usdt_banned,Tether AddedBlackList,frozen by Tether,
0xfb2a4dde9bc583f33a262bf108aed3af7cddbdd9,ETH,usdt_frozen_illicit,usdt_banned,Tether AddedBlackList,frozen by Tether,
0xfb3024a054816c9a68469bf0fea62a68614bbc2b,ETH,usdt_frozen_illicit,usdt_banned,Tether AddedBlackList,frozen by Tether,
0xfb3b4c3206767c6557fc60ec6def0b3b80482930,ETH,usdt_frozen_illicit,usdt_banned,Tether AddedBlackList,frozen by Tether,
0xfb896f4ffecfb73f58f023487f26929c40160012,ETH,usdt_frozen_illicit,usdt_banned,Tether AddedBlackList,frozen by Tether,
0xfb9c4ab3f1ea45702b8701151b32413a017b3009,ETH,usdt_frozen_illicit,usdt_banned,Tether AddedBlackList,frozen by Tether,
0xfbf9bd32770c7a3d61be7dbe9ef35283de2ba7f1,ETH,usdt_frozen_illicit,usdt_banned,Tether AddedBlackList,frozen by Tether,
0xfc0ca234123f8492817dbcfad81c32644d919a37,ETH,usdt_frozen_illicit,usdt_banned,Tether AddedBlackList,frozen by Tether,
0xfc2e4db1e01a64384395230d49ac810362895923,ETH,usdt_frozen_illicit,usdt_banned,Tether AddedBlackList,frozen by Tether,
0xfc40b1a13bc7b62a0e8220254eb3d363137fa5bf,ETH,usdt_frozen_illicit,usdt_banned,Tether AddedBlackList,frozen by Tether,
0xfc4e7e1a5508636cd54b5e279c4e2b34eb0675ef,ETH,usdt_frozen_illicit,usdt_banned,Tether AddedBlackList,frozen by Tether,
0xfc938d3fe8dce84a3201aa177046aff2d3cacd02,ETH,usdt_frozen_illicit,usdt_banned,Tether AddedBlackList,frozen by Tether,
0xfcea906c1fc8107e5313f06452c650612c6f650e,ETH,usdt_frozen_illicit,usdt_banned,Tether AddedBlackList,frozen by Tether,
0xfcebd50f0adde74aded059cf1e08a09691c57dbb,ETH,usdt_frozen_illicit,usdt_banned,Tether AddedBlackList,frozen by Tether,
0xfd048960a3dfcabb959f33fd38a00120f547fb02,ETH,usdt_frozen_illicit,usdt_banned,Tether AddedBlackList,frozen by Tether,
0xfd2cb3ace5f59cc3c43c967c326b81c01e051bdf,ETH,usdt_frozen_illicit,usdt_banned,Tether AddedBlackList,frozen by Tether,
0xfd4790985bba508197bd9a2fa8bca40f79af63d9,ETH,usdt_frozen_illicit,usdt_banned,Tether AddedBlackList,frozen by Tether,
0xfd604ca00b610ff2664c1dbae059ca15343c6807,ETH,usdt_frozen_illicit,usdt_banned,Tether AddedBlackList,frozen by Tether,
0xfd846ce81f9566e34790946078221c93f777a419,ETH,usdt_frozen_illicit,usdt_banned,Tether AddedBlackList,frozen by Tether,
0xfdd690dc9be605531cf5921ec09896faa3f0049e,ETH,usdt_frozen_illicit,usdt_banned,Tether AddedBlackList,frozen by Tether,
0xfe378cf98832d6ad982cd498c44c74cd34b9debc,ETH,usdt_frozen_illicit,usdt_banned,Tether AddedBlackList,frozen by Tether,
0xfe43306b8182d1c7af3ea39c324ab5bfd1d74ac2,ETH,usdt_frozen_illicit,usdt_banned,Tether AddedBlackList,frozen by Tether,
0xfe441350d1e7d57b3aec3b41ac8852391e5ac8d5,ETH,usdt_frozen_illicit,usdt_banned,Tether AddedBlackList,frozen by Tether,
0xfe611c837a5a8186ee911ba654f2d3ca36075c1c,ETH,usdt_frozen_illicit,usdt_banned,Tether AddedBlackList,frozen by Tether,
0xfee2f91afdd13b8f57a55bfa9e9a74293ba84fdc,ETH,usdt_frozen_illicit,usdt_banned,Tether AddedBlackList,frozen by Tether,
0xff38e8e5adc384d8b751f6d01327f67d2f0061c3,ETH,usdt_frozen_illicit,usdt_banned,Tether AddedBlackList,frozen by Tether,
0xff96cda04dcb1a4c5be6976fa7911470a706cce7,ETH,usdt_frozen_illicit,usdt_banned,Tether AddedBlackList,frozen by Tether,
0xff99567bde80b50368d83d958568a153ce9b3ff3,ETH,usdt_frozen_illicit,usdt_banned,Tether AddedBlackList,frozen by Tether,
