mint,creator,rugged,score
48k28C8nQAg4hwMu1PNVeMeoRUYdghCYHNyU2mZRpump,TSLvdd1pWpHVjahSpsvCXUbgwsL3JAcvokwaKt1eokM,False,1378
11UWkTuhDK4wkzJzpYu7WnztNcwocNVZFPxVyhEpump,TSLvdd1pWpHVjahSpsvCXUbgwsL3JAcvokwaKt1eokM,False,817
11W8vakvavnP9aryEK8jmDDsdeWE6S6SGu8Fjkipump,TSLvdd1pWpHVjahSpsvCXUbgwsL3JAcvokwaKt1eokM,False,259
123evkMohRQw9X95RpyfM32m8MG6VCB72BhHBhmGpump,TSLvdd1pWpHVjahSpsvCXUbgwsL3JAcvokwaKt1eokM,False,1
123fJ8eJ3KeMaAsSXAaCE1B17xjAYHuGa3Wt7cwkpump,TSLvdd1pWpHVjahSpsvCXUbgwsL3JAcvokwaKt1eokM,False,27
124gpW1VL9PfAFzdGDqtbLspBKXDp2G5MaXNdJMwpump,TSLvdd1pWpHVjahSpsvCXUbgwsL3JAcvokwaKt1eokM,False,576
1254YT9pX4kaczmZi22TF83aAPQ24vyDdoybqPU4pump,TSLvdd1pWpHVjahSpsvCXUbgwsL3JAcvokwaKt1eokM,False,1156
126AB1un49xM3sTfgskpQtvvKeEJ4PNQGd1S6aEcpump,9CT3MCJE91chZvDL4vhVHU4V2ZJHwRDopPPQKVSVD7Vz,False,1276
126UrHYrvCwvgtyNTpLHWAtunfig5HfY3168AW9Mpump,TSLvdd1pWpHVjahSpsvCXUbgwsL3JAcvokwaKt1eokM,False,594
12AhaWh6JxD7HAEZvtGvYi8SE4NGqYgFAJAwcxUEpump,TSLvdd1pWpHVjahSpsvCXUbgwsL3JAcvokwaKt1eokM,False,900
12Na5pfPwc1AZQZdBoLsg2SM6Zp8zFAaVgp8itnJpump,Gge97pV5AqAwH4hEeJX3QzX1hXLWsvPkZaaZ4K1KYe2K,False,2757
12WRu4BdJk1yM3Nk433yg3S9GnxniUdueeu29iMPpump,,False,227
12WnYcuH8DonpxzgLADujkdNHWNBoFXakhLZP9Y2pump,DGoBaBH1ctt5WTNGbyzWq5UAtvVAouxp7c3Rm9FKXSVd,False,1105
12d3KBU8GPk8aoZKceBCmxWXSkEpLNXYNSScS7QTpump,TSLvdd1pWpHVjahSpsvCXUbgwsL3JAcvokwaKt1eokM,False,616
12hZbyqta7k4jEiRkkAMbo92SMyzBRztsnt773q2pump,2py83cwENfTW6c1NgVCha3vmed2zLe8Bz4Cq3QwJYNMc,False,1
12hpdYatPFQQ57kCSZR4YKeBhsKYUPqRCChDVJPzpump,TSLvdd1pWpHVjahSpsvCXUbgwsL3JAcvokwaKt1eokM,False,24600
12m1W7jHMttSMWof9RkmK3rTM3maQWbCH3nRDqQwpump,4r2wzwuRgxCf8fNjgtRvoBJF6qM9fgSpZG2XkDgaAjeB,False,2754
12qQ7NPzEUYspwW7opSRPSXH7Kwj2wU6ezPtWRKtpump,TSLvdd1pWpHVjahSpsvCXUbgwsL3JAcvokwaKt1eokM,False,1142
12s9rrDkaTGpYGSYJrnamkrfTynd1aij5uLsaSCHpump,3uZ4x3a5t78BC2XjtCMSXv74sFwpdFM4NCXFTRxggkP1,False,23248
12sCFPJSfe8PXE1aiW28g6ZskJ7w7kKsiAvVzLUXpump,TSLvdd1pWpHVjahSpsvCXUbgwsL3JAcvokwaKt1eokM,False,178
12z9qhkgdbtKxGQ7cxkDwtTcPRX8RdvC3ZhNETq8pump,TSLvdd1pWpHVjahSpsvCXUbgwsL3JAcvokwaKt1eokM,False,396
12zG45FuFHZRNr7i6wh4cmYVMYS6hhbDSjSJ5VePpump,TSLvdd1pWpHVjahSpsvCXUbgwsL3JAcvokwaKt1eokM,False,1817
13Ak5duCiKqsqB9giqqhrKRqYFGm7HuiHri43Nejpump,TSLvdd1pWpHVjahSpsvCXUbgwsL3JAcvokwaKt1eokM,False,475
13Bzz8Tqm7gtmb897W5pGrKFFgyP842nzQ3J8Fzfpump,TSLvdd1pWpHVjahSpsvCXUbgwsL3JAcvokwaKt1eokM,False,1
13DB6vz6AVBnPkQdA4GbRTTGtpiZutbM47N1arKhpump,TSLvdd1pWpHVjahSpsvCXUbgwsL3JAcvokwaKt1eokM,False,1
13JJzcxF3EKxWM8CMxUSf1zPKZXFyasXrPtdDrUZpump,,False,733
13MdmEP3iSHF4atNK2euNnhKwyP1nSkTebMPKEfPpump,TSLvdd1pWpHVjahSpsvCXUbgwsL3JAcvokwaKt1eokM,False,765
13WbCKd3d87YA5UJvcP8xbjJwgfJdkjYGdF5cb5Dpump,EVeocMKsAar2AXtfyfpVSjvsMuopL7uih9YWtpTMLCjH,False,1986
13Y8V7bPYEhSBh45L8ojw8mK4ksaPKSYyYBYHR4Jpump,5cnbzt7Bjeo8TZteWLLT37zM3HVQNoyWstWhm36MyYDx,False,22129
13ekQtgpnADChUExRX8aFmSz7NxR6k6nSxtisdtkpump,TSLvdd1pWpHVjahSpsvCXUbgwsL3JAcvokwaKt1eokM,False,474
14Ak6KegFHLANKALmpjdn1MFW477yvesX8cdzdVEpump,TSLvdd1pWpHVjahSpsvCXUbgwsL3JAcvokwaKt1eokM,False,1
14CP721J5AUw4RAkydnFcY6PyvV8vuzuBiHAakWSpump,TSLvdd1pWpHVjahSpsvCXUbgwsL3JAcvokwaKt1eokM,False,1321
14RgWPyPeRHsQqDdAX4pJNVhTf5m3kHRJ3Qj465Wpump,TSLvdd1pWpHVjahSpsvCXUbgwsL3JAcvokwaKt1eokM,False,1144
14gZn7BuPnfGN6poTKXvpkkbpmKT1SXrPpg3sEFPpump,TSLvdd1pWpHVjahSpsvCXUbgwsL3JAcvokwaKt1eokM,False,1098
14mJzaZsFcdgHDB1njjz9qYbzgbXYAqzVLPJR6cLpump,TSLvdd1pWpHVjahSpsvCXUbgwsL3JAcvokwaKt1eokM,False,1066
14u5WfqUnbfp7qXjgE7EZCy5Sv3jNnWrirwuDTWhpump,TSLvdd1pWpHVjahSpsvCXUbgwsL3JAcvokwaKt1eokM,False,1021
14wsLiQvpaV5LRibdE54JUVfLh7gzjWEkQwvYXgpump,TSLvdd1pWpHVjahSpsvCXUbgwsL3JAcvokwaKt1eokM,False,1
1FH2vvmpiSEzBgbMVr3D2fcWeUbErC2PLqxDhuCpump,TSLvdd1pWpHVjahSpsvCXUbgwsL3JAcvokwaKt1eokM,False,764
1Pw6GSikUWYsKsiWmg25irLWC5gB32UWTnU7bwRpump,GfgoLq4rzWpE7LoEAAtHey1LorxcQiFPTdEBh9qYPsgs,False,24599
1R2BnyeuuytJBv36d1KfJvg1Wt8KmTShm7Qmdwmpump,ATR9UaJasUHH8GSQsCkNtsS9kY2tLLoHyLrEaNLyZ9n9,False,499
1WDSDtZ4Niv6id8WmB1KsopWEoR2DkKA1sZhp5gpump,8wG6ddTDZ39f2QZP4NXwRmR895T6awuadJPmqdcVtPZz,False,47726
1eStxMfALAfbT2ctPV7yuk9pENB2BHTAqK5xDefpump,TSLvdd1pWpHVjahSpsvCXUbgwsL3JAcvokwaKt1eokM,False,327
1g7uLyGhCx3pw5Wvovn59Hk5LEmhw4pUHomkyqspump,TSLvdd1pWpHVjahSpsvCXUbgwsL3JAcvokwaKt1eokM,False,1213
1hKtRYLSnfp82D8y9YLzmVxYANMV3t8hnht88USpump,N9SyhAXDckG4y2B911paJPpwS7cvxWSxcng53mebXGf,False,2001
1j97BHsuwwiKweSfFEERQRg7aL9d2HSzmTyqXE6pump,TSLvdd1pWpHVjahSpsvCXUbgwsL3JAcvokwaKt1eokM,False,1
1tNTsAGzLEqpxpZafV5oDhoTErMmd9awgBpZYDBpump,4ktDQPHuw5K9cpwYaXZ88jcBb3fdvNyeh1ysDz3nr88J,False,408
218FqBsz1Drt3YCaX3Cu6ifBf9ftec2E6bL1YPSTpump,D6KgVor1xH1eYAbcsfku1M73fYnJAsqpouPJW6r8tgzU,False,1
21AErpiB8uSb94oQKRcwuHqyHF93njAxBSbdUrpupump,TSLvdd1pWpHVjahSpsvCXUbgwsL3JAcvokwaKt1eokM,False,1
21Chh9vxe9qpNi2XQgoQpvfqdpB4g5gb9EXEZHXepump,EweEZoENzK1k9D23ETjPctxfCZQnsiRetcyca63FKMKP,False,1
21GTzMPn4Wiuut3bnAB36FUGPwG7tocSZyJB7x1rpump,BuBMjNCr1UBpnPfywwAYcrjpSySzPDtGU5cNav2Y7SWU,False,1
21GX9Fcc5x38tCqy8F94kNRMaHYA96y7cbwWVAj9pump,EiVtPxXCNdWUCHR1WnLNFqbykpY13orPW2mDQDSVKgvt,False,1
21Wh4Bm9qr2Fn5XkAtaXHK3LvA15t184iz2WoNsFpump,52mXWzgdyhTYx5nBPxZEDCUn8RP6oPszZNrtBRiYAsJs,False,1
21pn2YfW4tqWJppH7x7me2N9gPaKJHtWYPdyW4Y6pump,TSLvdd1pWpHVjahSpsvCXUbgwsL3JAcvokwaKt1eokM,False,952
2228n1BPZuuEdtm36mie5DtftZoqVGKXDKnqzG58pump,TSLvdd1pWpHVjahSpsvCXUbgwsL3JAcvokwaKt1eokM,False,586
225s5y5iLmMTS6P23aYKHvN1d9ymZzuX4a21cbv3pump,TSLvdd1pWpHVjahSpsvCXUbgwsL3JAcvokwaKt1eokM,False,1321
22F6Sv6VnSfMZzc2QnB59q64tB8nUZAMbhs6rPVwpump,TSLvdd1pWpHVjahSpsvCXUbgwsL3JAcvokwaKt1eokM,False,746
22geLqC2RAfXVecu8MQBKewxd1chi66oJtU3bvMkpump,TSLvdd1pWpHVjahSpsvCXUbgwsL3JAcvokwaKt1eokM,False,26601
22s1LMjvaihCu7qwzYqdXZLYpTzLRsNXwuBCt76mpump,493fWZn7g1Yb8GVfUA6EyUNnmbfTCPavL7EpTabm4hpt,False,1
22tekTgH5gP8Cvd5LcwKfj1ohmsgPBqFHrFrmCQtpump,,False,1
22uAX3hk1ovtTCDkAWzVhCSEbFkFpSbVqPBqTSAtpump,2CKzD7LLjGrUsYzRQfisrQBpRUujdEM5U11aWZvNkP3z,False,24601
22xFvyBVYwaVLHkYv1u6qmJ864LMrx89JiLZ6YXXpump,TSLvdd1pWpHVjahSpsvCXUbgwsL3JAcvokwaKt1eokM,False,284
22z2PqDSehzNr2wJg7VBE8uwhxuhcREpmD7w1TJzpump,J1qtAKnNEFfpxmqXf4VNmQiu5hpK5u8usHukdxJjdhMH,False,1
235WEEUyY84DE9ThnTDk9Rt1iTYHRVJUz48VtvrZpump,TSLvdd1pWpHVjahSpsvCXUbgwsL3JAcvokwaKt1eokM,False,853
236kS8hYQbtyQPiR6LF3XH7pAiSu1L5YoFQQVXbRpump,,False,554
23Jh1srVN93KShMKYqxYRoG1x8cYjomjPzgGxVXmpump,TSLvdd1pWpHVjahSpsvCXUbgwsL3JAcvokwaKt1eokM,False,1130
23NRhXcAaJKHDD9BNHUktDcx1UgBTuTJ2EnYur3Npump,FcSDuw1CTCSvzLo5p78upkgWfvDEqPDN9ZAEV8j9iNWA,False,1786
23QxEHZm5HHHbZ4xPYrj3QrGH1VhS1JxZ6vgMWuqpump,DvcLzKeqpeDahQEq2Pd4qoTJpRcemJWmipCBWTDPci2A,False,24601
23TMbsdj2nmwWG24YRfAMycgZ5e8m28z1oNUXmZQpump,CMHGzP2Z46D5ibXKzPUwJX2GU4juzdFoSTX1kqT1Gctz,False,24601
23YjdQAyrjuM9wRaiwd3gwgiSxTYdZZBvpBpPXXQpump,TSLvdd1pWpHVjahSpsvCXUbgwsL3JAcvokwaKt1eokM,False,340
23sHHHaQsEXJpbjuVmZhpM9CQTwfpeHXFWXEBXQgpump,,False,622
241yiGM5WC5cq8RPweo3peQLfLqo2VkM9UAnVnKepump,8gM4gnxdLdkvifM9TCwkGAxrnNw4NiSiHbAdE1RqY96e,False,1
246VzR5hKxTt6gDMUV8JyUvhDN65HXYQgdDFAZDmpump,TSLvdd1pWpHVjahSpsvCXUbgwsL3JAcvokwaKt1eokM,False,981
247x7mn1ny3srDCZJpTTxcYh14Nwh6CtnLgXEdytpump,FfiDvi6xven5ytstnZLqtU17tLqQpk22B9rxhA2cuybX,False,1
24Kqyw51bPrWm7EtPf51jD15hxNEvHDKtM5d6zLCpump,TSLvdd1pWpHVjahSpsvCXUbgwsL3JAcvokwaKt1eokM,False,1257
24YmyjeKkR2mM9WNpHv64cNNfRUM3P88TNhCkbSTpump,TSLvdd1pWpHVjahSpsvCXUbgwsL3JAcvokwaKt1eokM,False,251
24hHaxPLbZXBZQwGis2bqkpCNE2qb83VoVzm7T7Wpump,TSLvdd1pWpHVjahSpsvCXUbgwsL3JAcvokwaKt1eokM,False,615
24ixkECVoA89tmdKU3mr1GDTRB8XwqP14QLsdNq1pump,52mXWzgdyhTYx5nBPxZEDCUn8RP6oPszZNrtBRiYAsJs,False,1
24nb3XQwvE3BBRZ7QwB6F6tyAtEJXvarLq4Rj3XCpump,TSLvdd1pWpHVjahSpsvCXUbgwsL3JAcvokwaKt1eokM,False,1
24sSC4pK7sCRQKuMedmDV9adHmcHHM37zQF7dmCRpump,TSLvdd1pWpHVjahSpsvCXUbgwsL3JAcvokwaKt1eokM,False,2001
24yg89wEw6toQVdmF5YaSYdN6QcrKSP6FAXuhbwJpump,,False,24601
252DUMSA9x3nXF6Egz1y22T5LYggiY5gGUkqcgiapump,TSLvdd1pWpHVjahSpsvCXUbgwsL3JAcvokwaKt1eokM,False,24600
25TBkmj6tMjfTdt6soghu35CqJUnhBH8z9HpoyHzpump,TSLvdd1pWpHVjahSpsvCXUbgwsL3JAcvokwaKt1eokM,False,1332
25csXP6nGdyMdMUXA7KnAbgD1dhGR1kPCVJ7Qv1Lpump,TSLvdd1pWpHVjahSpsvCXUbgwsL3JAcvokwaKt1eokM,False,1
25q5DfJMahoe9LrGjbLZd9w2bBGVGBhWbY7hxnyHpump,TSLvdd1pWpHVjahSpsvCXUbgwsL3JAcvokwaKt1eokM,False,206
25skNZqQeebbGRbpGQNAaESHFxgMYJ4UKQ2VfS3gpump,G23PW9vHVtrL1geQvw8QHaWJ6wyW2madPKw6mprhiwVG,False,12821
25xceWPL1TE6B951LJfE75RMxwHFbdo5CnZpgXWWpump,TSLvdd1pWpHVjahSpsvCXUbgwsL3JAcvokwaKt1eokM,False,1024
25yPXcALwkJQg22yKD9HMjfbP5Pvhjh6XgQu7tcVpump,TSLvdd1pWpHVjahSpsvCXUbgwsL3JAcvokwaKt1eokM,False,1
265sKc6C7wRcEkuLqzPCWUziHCqsp2Q1gXJo2H9Bpump,TSLvdd1pWpHVjahSpsvCXUbgwsL3JAcvokwaKt1eokM,False,2001
26AZi1Np3gunGKRY3pLbdcn15kWboijGBY6uof6jpump,CVzBmYdkH31QvmxQwGExRqNqKGHY4Z6yxVmDDbfzKrWu,False,1190
26CJPUyZpA6PzUbk77u9cZBWz3vcp2PiyjXfZdv3pump,v66FxHrmAtEmuTaPTEUUEWeASh8ZMZ6SDokPfUyQaJb,False,24601
26EsJhaXN4ta3FpFYn9KwcSGRrxd7gBTmBnfaWmwpump,TSLvdd1pWpHVjahSpsvCXUbgwsL3JAcvokwaKt1eokM,False,1168
26LDHcthoC5jeQtYJFyRJ14yFVYqwsrMDznAUhWepump,TSLvdd1pWpHVjahSpsvCXUbgwsL3JAcvokwaKt1eokM,False,1
26MhAs1izhQDbTZTKLCd38SPB5KUdY1HgTuwFdyBpump,TSLvdd1pWpHVjahSpsvCXUbgwsL3JAcvokwaKt1eokM,False,1220
26eVnjGKGVEwBYmKYZoVmCNvMq2WkfbyEkqieUVCpump,HuDyQkZiSht458vQbdX9vdJG3u4QYnDExoKqnSwJE4Yv,False,24601
26sm8XQsfu8qVcuEAKtpAPYc3SepnbHusyffGkZ5pump,TSLvdd1pWpHVjahSpsvCXUbgwsL3JAcvokwaKt1eokM,False,1186
26t8N88FeFSAdMq6bf8ng3Sq7GpU3y6eRms8ohGqpump,DecwyL48aszMtV5DsPjLySxiGM3M6LVWqviHdmeUCmo5,False,807
26uNcuX5wR2kxA5YiE6GPK9GWniB629JjK5RM7cWpump,TSLvdd1pWpHVjahSpsvCXUbgwsL3JAcvokwaKt1eokM,False,1171
274UNQwWb1pAeMyik6Tb41A9a8XpfCa2YmaiUMyvpump,BRkggr1zavi3x8XPwZnayB6fveEVsS9BZfT6bWRWaj8u,False,24600
275gHC7WqaeccZSHJ86mjPYzrKzmTVTXjWeHgttjpump,TSLvdd1pWpHVjahSpsvCXUbgwsL3JAcvokwaKt1eokM,False,2001
277HBru3tNVARSqMuMy6yfTqegupm5jinRdFaZ6apump,TSLvdd1pWpHVjahSpsvCXUbgwsL3JAcvokwaKt1eokM,False,1304
27iDPQCfQUbCZse28kyFjkjejxPr881Jbm17UArwpump,TSLvdd1pWpHVjahSpsvCXUbgwsL3JAcvokwaKt1eokM,False,1088
27qan4oU6FU141WvxascuWBN7G7yWvwp8YqMGVU2pump,5tuec4FJnQQcQYdLh7pAkwVYEhuBD4smFnvoJtR75y9R,False,1
27tkPwt98zL43snkTFp7DsYVYiWpXNVsGzYTgzbipump,J4FRVcuzNMqGAv3MgvcndAaBwksqMUYv6TYJLjf1KyJ2,False,23382
27vMFjJerzLd5iZX2tRWL4eHUTr5Lfh5YWdakU3Zpump,TSLvdd1pWpHVjahSpsvCXUbgwsL3JAcvokwaKt1eokM,False,784
286Vat8FuqihrASZMH4AXVyVM9DrPDQ1fSSaq5XUpump,Cwb4Fp7UgLwdr4VrwSKP8nZw4Cor4qFUz3E6DrbUqt8i,False,1
289W7Wmn7Sv96jDNjFcyh42WuV55MdqEsmQ2By5Qpump,5YX9mL8iuQgUFQh93LemdwGupimcbp5Yc2GbmVhXQ81D,False,1319
28JeRjr6aSXPrA8FXxmdCTj7aUBAoj7Qd8h7evbApump,TSLvdd1pWpHVjahSpsvCXUbgwsL3JAcvokwaKt1eokM,False,1272
28JfVGT92H7NoVUPRda1RkoUzosMc2cki1gkHPqGpump,TSLvdd1pWpHVjahSpsvCXUbgwsL3JAcvokwaKt1eokM,False,898
28LeNJN9V8PGnsNgWbxrzSsek7upZBMQYAMrnE7Cpump,TSLvdd1pWpHVjahSpsvCXUbgwsL3JAcvokwaKt1eokM,False,143
28PTWEwZvfep1GugY9JDkjMuyUVswzFhXwc5pFNapump,TSLvdd1pWpHVjahSpsvCXUbgwsL3JAcvokwaKt1eokM,False,976
28SDypp2snij7m5AfsKpr8vbUkZHm7cVz8ZaHggwpump,TSLvdd1pWpHVjahSpsvCXUbgwsL3JAcvokwaKt1eokM,False,579
28gBfdqoTdbVJnmqZK4hg9rZ7RGJk4Ru37VrbA15pump,TSLvdd1pWpHVjahSpsvCXUbgwsL3JAcvokwaKt1eokM,False,67
28iQnLjgX5FtHbXp13bQHJubtSmKQxhQeUtFWKw5pump,B4XnvaPovToT8tgSSasXmspCxoCJXqmjuSDUJfHMbD2j,False,24601
28wEF6RXtsaNkmEFgvrFsxzv2dN3vzfdyUfh8w71pump,TSLvdd1pWpHVjahSpsvCXUbgwsL3JAcvokwaKt1eokM,False,868
28zCyAYtLrumBCAMHKiXnt3vMnGQ9ng9djRQkkz7pump,DbcPo6aUZioHXSNMo3YQ5AhpJeLdxZpRttoNJGCgwzbG,False,1188
29BY5BHtLCG2mamRtC9hh9283U3QkbYLSCwXXmEJpump,TSLvdd1pWpHVjahSpsvCXUbgwsL3JAcvokwaKt1eokM,False,1
29XMVt6sFF7MadYUcCjWnGKqJvYHP56PkWmCrChUpump,TSLvdd1pWpHVjahSpsvCXUbgwsL3JAcvokwaKt1eokM,False,215
29YvnrCo2LzUXx8n3mzS23vbSEW28SYkcU2TGCFSpump,,False,24599
29bPiMik3DsmaCgSDstHusWtvkMttuZABgqGZS9Epump,,False,1071
29dLoejv4uaxAAps2LKjKyhGimpKUMtdS1JP8wDypump,TSLvdd1pWpHVjahSpsvCXUbgwsL3JAcvokwaKt1eokM,False,24599
2ADp9RV8wqEgQTzZ6CjbCAAA4MpvyioCzVJ3jBhCpump,BMivqhFYUedFeaDtuV3iefhNdcGbvEDAE1PXQqiBhqK8,False,28000
2AESErFZL8U7m6mTVnKuJAVx4EjCJSrVZnEfAHqWpump,8Q1jPNjVUNSgMm5HR92er7V8PgRNkhPPxWYkFqXf9LXk,False,1
2AQP5hQeBz4zUEQg452NpgjiatRkaLJ8nAasDQGkpump,TSLvdd1pWpHVjahSpsvCXUbgwsL3JAcvokwaKt1eokM,False,1
2AVUWwtMitujA2x7dhMxWog4XXMFLiSnHmoEmzkSpump,3q4rTRiYbLQsVcV5aRPHZ4B6y4p5Fvpp6Vwnpg7R8MLg,False,1305
2AVeceW8Z8duJdDgfpC9TrcoGXzew9hVerKJMVxipump,GjvfMYjB6uzKH8VJS7Jon13wkDvWKQNevsgr9Tf2fvaa,False,1
2AWtQUxLyWsWnxy8wk1Q8S93rwqi3qETyngcMh5Xpump,7NdWuCiM8wUMZXpsN9CN1GfEf76cwU5mhRxNp1NUm2Qv,False,24586
2AbqtGrE91qDw513k4UH8o3KguoGKkLY8Te7Tv8dpump,D3DV3LmF5oGWfowst7AC2tGTkGFuhy3aByAv1mR8wjQr,False,1
2AnGjpok28nmGcs1gs24amGDRGnAx8XTTtyPsec8pump,TSLvdd1pWpHVjahSpsvCXUbgwsL3JAcvokwaKt1eokM,False,492
2ApzLG3eUDpMWRkd2JE3aP4ztLZrbQqbiSnVkqhNpump,GYJdoyP5xqFQa7NEtSPhY6sgc85DcG3JHg2g2W7TPiNd,False,12742
2Ato4ENUgSu9VafGhK5v4VoPLTV8cDaHWq9rKR8ppump,TSLvdd1pWpHVjahSpsvCXUbgwsL3JAcvokwaKt1eokM,False,2775
2B4dZwaNRdRkkDoAA1mJd5cvTFrP2VnqcwvGfoLVpump,6DmU9tQ1Xrm17Y8fwhsNrzg5nm5UGm8XehY3LwjPYnf8,False,512
2BNbJemvkUD3cdfzHxRcqWh6PYgVhi35Gvi9EguJpump,TSLvdd1pWpHVjahSpsvCXUbgwsL3JAcvokwaKt1eokM,False,972
2BUZ19fT8TYvPzhuvtCCp9ceu9eNRCmY11S4vSATpump,AH3QRuJFWNhPGd18nEwL7pgssJNc59ZgXxG72PtyqNJ1,False,1
2BcpbpUSCmM8DTKZWisnEHRjGBJqpfFUEjDbiSz6pump,iJLwhBNSvLiQSaFA95vFSq42BfBD3e8aqwMQ65kUJjg,False,19873
2BdrhzorsfqWfd3N9M9U4pLb4uQYw1agTZPMSat2pump,TSLvdd1pWpHVjahSpsvCXUbgwsL3JAcvokwaKt1eokM,False,1249
2Bj3YDphkwBr4PuF3QJPEusyLXwVTgsQ9ezn7PD3pump,TSLvdd1pWpHVjahSpsvCXUbgwsL3JAcvokwaKt1eokM,False,1087
2BvQoi9B7uxiUHmcVTmaJggMLY48Vsa4yz41oX5bpump,TSLvdd1pWpHVjahSpsvCXUbgwsL3JAcvokwaKt1eokM,False,24600
2CYJ9qB6MJN3Tp6pTVjtUsk8hQynvByxbjpm1HDopump,TSLvdd1pWpHVjahSpsvCXUbgwsL3JAcvokwaKt1eokM,False,24600
2CaQiSTwvXVpUkowkD12PzfKFQQbcDcVXq4zejEwpump,TSLvdd1pWpHVjahSpsvCXUbgwsL3JAcvokwaKt1eokM,False,1302
2CnXM8udLCCrFcT93MzW76KcD8qreiD7uwUnY8nApump,TSLvdd1pWpHVjahSpsvCXUbgwsL3JAcvokwaKt1eokM,False,24600
2D81gQK97WvhasfVmgToNsLNaHVURc8jYzWXvwnwpump,6D9CN27M2hxubQPyTFiuJUcKfGrg2zoTmgs7DC4XSijr,False,217
2DPB5w4FTG4moLoR4W49CVJrkhefuSRUBp9aDAUnpump,TSLvdd1pWpHVjahSpsvCXUbgwsL3JAcvokwaKt1eokM,False,36061
2DWYC19ULy5NRBv69NFNtukz1fztrEASzRye9qECpump,TSLvdd1pWpHVjahSpsvCXUbgwsL3JAcvokwaKt1eokM,False,1
2DcMTdaw37pX5Nsyab4zLvKTRUZ3up9KtgyGPEwBpump,Es2K18CYCQUCStzGojb3vyuiu5cPVHPawo8zL75BT8Rc,False,1
2DiSkVasHAzw9zvkCZJqFzYMARopfd9ufvLzQQN5pump,G7xiGaKcFskrBnQQ4PVBZgPdLSzC3hbXEHfYAMcQJwFN,False,24601
2DmhxNf5dG9wY4KqYkzdjGB4qajfgQ4thmbNe7Aipump,TSLvdd1pWpHVjahSpsvCXUbgwsL3JAcvokwaKt1eokM,False,1277
2DnQiJLsqpbs9VMKsrqMsja9ffPySYaF1JAxLgHxpump,,False,729
2DpXfXEfWzcVoA85CYGLRbk8amBmnWbDWWEsapmkpump,TSLvdd1pWpHVjahSpsvCXUbgwsL3JAcvokwaKt1eokM,False,141
2E39M7dCbfk7gxoSpPuLiVuEFmsBAKJ8EEjBr9nMpump,Dgehc8YMv6dHsiPJVoumvq4pSBkMVvrTgTUg7wdcYJPJ,False,24601
2E3qS1oSVbeLxQEhdSrVDMn5ruhCg5JQCqPXKpwWpump,TSLvdd1pWpHVjahSpsvCXUbgwsL3JAcvokwaKt1eokM,False,783
2E4ZwtV14k3Wck3gSZ3PBpL4whkZ37dHsLpjFGKcpump,ATqewRsiCHgbrrYzR4dXvdAXzSURcL5sfbG9FJ9KQhE3,False,2001
2E6SSuVKVrQ6113KpWvzvhfY9yQ647E83V6e656fpump,TSLvdd1pWpHVjahSpsvCXUbgwsL3JAcvokwaKt1eokM,False,1
2EhKhPzvAvvbYajyJxA9MKby9zTWxnNhJNeSqSntpump,TSLvdd1pWpHVjahSpsvCXUbgwsL3JAcvokwaKt1eokM,False,1255
2EkXL7TMGcQkWDowZogVaB7JewSegJQE4vb9H45ppump,TSLvdd1pWpHVjahSpsvCXUbgwsL3JAcvokwaKt1eokM,False,862
2EmHs58HjXbz324fwojWyaE2qKSKN75RMSK2fA5ypump,6M5acALJ6cKGyRMjdn7GyC4Dnn4cNKmZ5ZWti98hnxNZ,False,1
2FKMWYwr17j7AHexcgcQbn5gwZTsYR86qBPrU1BHpump,TSLvdd1pWpHVjahSpsvCXUbgwsL3JAcvokwaKt1eokM,False,1
2FR2ou9sU5RdDSeriyhGS4Z2WcAuPEx24qtaBAZFpump,TSLvdd1pWpHVjahSpsvCXUbgwsL3JAcvokwaKt1eokM,False,1293
2FRdPrJpcHsCHvEfqiGMkhgoD7XyYJbFHA1YaQWXpump,3zjkh9McZiYumrrTkim9Z6v7MsRhEqvJ5bnQD1vUbr87,False,24601
2FUC9QMmzUmJdWWK3AcfXXjZYfLYbrUdQ7VLMidNpump,TSLvdd1pWpHVjahSpsvCXUbgwsL3JAcvokwaKt1eokM,False,545
2FcToeamAnGHyfbHvGRfqcpfQiRz2iPsY9GyLrgTpump,TSLvdd1pWpHVjahSpsvCXUbgwsL3JAcvokwaKt1eokM,False,24601
2FdJAQTJ49Vx4PNFuvtpooZpHHZb2JxTjtFbf6zCpump,TSLvdd1pWpHVjahSpsvCXUbgwsL3JAcvokwaKt1eokM,False,498
2G8LH53fcr3aCrEsmAo73eunbZRbyjKrGH5qmur6pump,TSLvdd1pWpHVjahSpsvCXUbgwsL3JAcvokwaKt1eokM,False,1
2G9WuVy7dYrKbGRS87iES8FycCEkDivigXJGubw9pump,TSLvdd1pWpHVjahSpsvCXUbgwsL3JAcvokwaKt1eokM,False,26561
2GKuH8nrqnKiiNvE6abpTgHX7w5rGsiQTDnNRkZCpump,,False,1253
2GMEDWxPhdBicySMjUky49UHgXutxQ8SJjWyrcKPpump,,False,1
2GUhmMQgResRhaCwT8i3ugHv7eKhV2he5DKdipp3pump,52mXWzgdyhTYx5nBPxZEDCUn8RP6oPszZNrtBRiYAsJs,False,1
2GZdhgzh1DaEzyGyQ7TJ5djqJZjVNkgPEaPbPLknpump,5ZDYZtByFihUr5xXQXbjuRF2B2RSBdhS6dTDk9KbV3XT,False,1
2GZq1BZEjJfXsf9UjjSnZj8pTpTRbLGP1tALsXrBpump,TSLvdd1pWpHVjahSpsvCXUbgwsL3JAcvokwaKt1eokM,False,1
2H1jT3EqxX6W8FAmorLTZDKFgTazxSpgoPSyFzqqpump,7hQMFw7r1m3ywUxbNLjV4Sk3BdkK8Egs9cjGuyueAwVZ,False,24601
2HAWTvXqqTUoQtqdXozebi5nQppc91s5wUwR58zJpump,74mtfgTFwmaGsAUPVjvBcjHaKHLg89GDdbwcMjGgsAyT,False,4820
2HCk88z731nMZB86VJEk474rhmKF7WqK8DpDSbEypump,TSLvdd1pWpHVjahSpsvCXUbgwsL3JAcvokwaKt1eokM,False,1010
2HDuNVotKLb183fxgsmtTjzZnfJhAQaFmrUq3wcCpump,TSLvdd1pWpHVjahSpsvCXUbgwsL3JAcvokwaKt1eokM,False,706
2HQNZnHC5uz9duy3YMWAp75KXQ3nSCymeJR7Yh3Mpump,TSLvdd1pWpHVjahSpsvCXUbgwsL3JAcvokwaKt1eokM,False,268
2HbmjTxp6xzfx8oHmN1nFB1SBJsV7vbpFwrnwu17pump,TSLvdd1pWpHVjahSpsvCXUbgwsL3JAcvokwaKt1eokM,False,1
2Hho2aaZp9cQ93qHbdtBjfcPyq1d7B7P4BsagzX3pump,9NS2SmNxmDxWbFsZbu96xcSVcZWAu6RNBhbYe7s9bm8h,False,24601
2HkzGwhNGiJ5BDZ37hTreteRvHqfUQKQkQBwpeMVpump,9Meu1PW8ciLNMncECvS7j9EPtQvWvC19mb2Zg13GgM27,False,1
2HvkzsGoUybCDwDpvRKB4x4sa6W33kbaZzLCg4YWpump,TSLvdd1pWpHVjahSpsvCXUbgwsL3JAcvokwaKt1eokM,False,1198
2HwQjhTPAqwT1DLkKqwWnWJLZatQot35wfJif55Tpump,TSLvdd1pWpHVjahSpsvCXUbgwsL3JAcvokwaKt1eokM,False,1
2J5uSgqgarWoh7QDBmHSDA3d7UbfBKDZsdy1ypTSpump,TSLvdd1pWpHVjahSpsvCXUbgwsL3JAcvokwaKt1eokM,False,501
2JAZKiJHyShrPmLv2Aid3nLpQRatS6TnxaDURD4apump,6LNdS29dfgRodT7gjrtqoG8S3z9SGGEDM2fkAQba8UxS,False,1
2JVzsQBe4SzHjAwpgy4reJquTxKEUMethdfBR3R8pump,TSLvdd1pWpHVjahSpsvCXUbgwsL3JAcvokwaKt1eokM,False,1253
2Jj6yeKgpiXg7r7b6rNUkSnUJjrrpS7CmHt9fp2Mpump,TSLvdd1pWpHVjahSpsvCXUbgwsL3JAcvokwaKt1eokM,False,35354
2Jy5doXbCaJdHnhbcDabPcG3Z6Znbs9mG36rxtLEpump,TSLvdd1pWpHVjahSpsvCXUbgwsL3JAcvokwaKt1eokM,False,382
2K42QzojBd2f6XPyWe7NHoF8xoxTigeH7SnYv4Edpump,TSLvdd1pWpHVjahSpsvCXUbgwsL3JAcvokwaKt1eokM,False,814
2KAGAKPvVZrfFugtKfWMGWDCuMiXE3qptcmowUUBpump,8EuhzxM3oK54bNJQhysAQNQGfyj6PioYRpCiV7HPnTRU,False,22152
2KAgdxtHzLZdHRhh5W2EL7TxG9fv6xX88WMyW3P1pump,TSLvdd1pWpHVjahSpsvCXUbgwsL3JAcvokwaKt1eokM,False,24601
2KMyqY6iRBeP3g1JTibn1FMnuzuumPEjW1CPvJb2pump,iJLwhBNSvLiQSaFA95vFSq42BfBD3e8aqwMQ65kUJjg,False,3100
2KU9dRBxkCVobKf5A5spuG9f2eAKLZdkUGtna7hypump,48c3pzx2vqQNJE3y9RGc9PF3t27FFctcRTVVnjr7kMBF,False,2001
2KWx4HPrSHXtdzHYgsdJBEhZuap9433mGn6Lv6Szpump,TSLvdd1pWpHVjahSpsvCXUbgwsL3JAcvokwaKt1eokM,False,1567
2KgAN8nLAU74wjiyKi85m4ZT6Z9MtqrUTGfse8Xapump,TSLvdd1pWpHVjahSpsvCXUbgwsL3JAcvokwaKt1eokM,False,1
2KnSjRwejpCVYtS3PkPXoiPVQ6nqc7M9quK2isfYpump,TSLvdd1pWpHVjahSpsvCXUbgwsL3JAcvokwaKt1eokM,False,882
2KqSUxhtNC6b6FVSCLzRjEjphHNTiXLN7M2AxnTrpump,,False,1045
2KsHGeD1NU36vh5AKuvDjnoGiFDeHijuBRkMnRmBpump,TSLvdd1pWpHVjahSpsvCXUbgwsL3JAcvokwaKt1eokM,False,766
2L4bTNiChJ5zmSei3ARXY1jH5n7URgSxNVvPqBTmpump,4LUgiG3N2cAXS6BBnkyU1u3NZasU2ZPFN8N58bVUfYPN,False,24601
2L9p8a8xp2TgUDpwoKwsRHQs7VPxHvz1xpyyd1rEpump,TSLvdd1pWpHVjahSpsvCXUbgwsL3JAcvokwaKt1eokM,False,724
2LAwv9jhe5N8rv2YgrhmbDnqyQGAp2TfTMU7sKRLpump,5MPQsfEdEvSEFcEnj3ST6FwbF43kb91gSoB4hYNLBZqy,False,1
2LCabMNZpSRxhXDFT6tJfqWrLmwnhNgHisUaapk4pump,TSLvdd1pWpHVjahSpsvCXUbgwsL3JAcvokwaKt1eokM,False,488
2LJPEopyxUsYSjvKVFCTJBNTgAnxT9X3S3DgB44Mpump,TSLvdd1pWpHVjahSpsvCXUbgwsL3JAcvokwaKt1eokM,False,1
2LWukANhw6dX9CTezsfMLEG3cNujhzqzgMK6pKhHpump,,False,247
2LXJTqnpCzDcEKAAE7FVSvcM749FRr3WLAbPnyJnpump,BugWh7w76vu8YxBNKVWrJ8AehjTaVj5PsNhdmUiEQLpo,False,24601
2LaLjN3zk2xZYdGmjhjcyyvihSpamHxdVzRpnKH7pump,TSLvdd1pWpHVjahSpsvCXUbgwsL3JAcvokwaKt1eokM,False,931
2LcKiEBrR4BzdB3PLdK5EKNtbBC3KefNtenTwxfkpump,TSLvdd1pWpHVjahSpsvCXUbgwsL3JAcvokwaKt1eokM,False,514
2Lz4xVxfdLjnTD7Kv5wKc1wM9qKBqUsf4UpQCEDMpump,TSLvdd1pWpHVjahSpsvCXUbgwsL3JAcvokwaKt1eokM,False,1207
2M4Nb5dUTRGeTxQBkC3MgKC9JedvwZCPCruT6HNqpump,6uVG4RF5ztDFNKUXkZmLBDTFB1moF8V1eMnaQELsjC9x,False,14443
2MNoaRF7UvrtEPBqri9f5FhgcvYT4mRUnNqNHvQcpump,TSLvdd1pWpHVjahSpsvCXUbgwsL3JAcvokwaKt1eokM,False,269
2MPH24cca51ZG59dDZu3Wwjbvqf3r9H5UM1uFGXVpump,,False,1
2MQAtTdvcCJmdd5xdyAREZUsPYerWX1XSur5nFuVpump,7ufZNUaeprW2pRF8K7uJHPiecynS4NubM2A2Puc9oCK1,False,48150
2MZED4wtor8fJpeWxgBWLLT3V19E7ziSb3gqXfdqpump,TSLvdd1pWpHVjahSpsvCXUbgwsL3JAcvokwaKt1eokM,False,24601
2MgmhZvEdGiX4poyViscBTBavjugPNPaKLvB2ETtpump,D3V3HA21FQXJLrt7U4iUHKSbC2U3SAmpC16gMF9bgH3d,False,34271
2MkcpS2ryuYnPXSU6dM1dfxD2KP4WvVq9XaYK3nEpump,WyFojXf44At8f6xjXpvfUwimaP6NYwXkKJU2d5BFWhU,False,1
2MmhCoD44ae1mF5ToVvCpxF43AxqBJZCUBJGfXtCpump,TSLvdd1pWpHVjahSpsvCXUbgwsL3JAcvokwaKt1eokM,False,24601
2Mn9w3nE236rUnMaf66NzVhtXtBYyUkietkFbd2Qpump,A8Z1ejQGk45EJibBPJviWnM3UvwKSuYun53nSCkWKM52,False,24601
2MozLvs66zMZUvJZfKSSMybJbeaRMSqayyRCTFK4pump,Da3jPVHvxxCAAZRbGm3EF9WyzUYenpkk3RscyB6iHsp4,False,24601
2Mwzja6KyKExFdQbPjUhg1V2XpVcjP4Ap5TYzWvfpump,TSLvdd1pWpHVjahSpsvCXUbgwsL3JAcvokwaKt1eokM,False,20
2N1ie6KA7s53ZkfcdfiQ5KGHXR2ktV5rh8ftyVxSpump,TSLvdd1pWpHVjahSpsvCXUbgwsL3JAcvokwaKt1eokM,False,1327
2NR5tJM7hntX3EnWmF3fkwcTZJtpTtUX31fEVvCYpump,TSLvdd1pWpHVjahSpsvCXUbgwsL3JAcvokwaKt1eokM,False,1
2NSHQxBdSUaJuuF2KoY2RVhhmVPPFa3UGK8rEPxEpump,TSLvdd1pWpHVjahSpsvCXUbgwsL3JAcvokwaKt1eokM,False,1124
2NTa1kxWkccFSqez8adnYgEXgDv9txLrNQnKdT6bpump,TSLvdd1pWpHVjahSpsvCXUbgwsL3JAcvokwaKt1eokM,False,698
2Ng1MZV3hGCVm4zWRjLnsNfomqPwdX5gDQqcc9vTpump,TSLvdd1pWpHVjahSpsvCXUbgwsL3JAcvokwaKt1eokM,False,1232
2Ns9bfJVEMZTCmzfcbwDv4pNbSsSTBkeNJQoSsb1pump,TSLvdd1pWpHVjahSpsvCXUbgwsL3JAcvokwaKt1eokM,False,644
2Nt2qCFNKv4KdWuGqHF9VACA29vR1qwgvE1z4bUMpump,TSLvdd1pWpHVjahSpsvCXUbgwsL3JAcvokwaKt1eokM,False,103
2P4KUH1bvGB3aFVmup9mcGz7YbxeBpKkbEPAgNwFpump,TSLvdd1pWpHVjahSpsvCXUbgwsL3JAcvokwaKt1eokM,False,1
2PCiNfeDQCLiXeSWggPiQA9YMSYxNiJWSJKpGrf9pump,TSLvdd1pWpHVjahSpsvCXUbgwsL3JAcvokwaKt1eokM,False,1194
2PCuGeMR6jZYFengddUEUEDkurDFhSwGcTV9vJ71pump,9LRtNZtFQRd2TGMYmNcRtxDzSuAdcPnNngA1mc6k5AME,False,388
2PEDDm6kL8n75YfzrJhYiqV6HthqdZWcdtPWwoUUpump,7wfER2W7LGyjfdCLHqFEAicicVsGYvjL3ZjvXE4fvse4,False,25101
2PL4N1zFFzYrxHQx8XCNbrVuTjJFJSnvvxcvaGZ3pump,HKL9HHUWb7ZN8TofvwFMMPHAtTdmKhyJyCJvUdAuCvvx,False,24601
2PPXgobaMfWxJf5iyznXsfwtskcYtaKc5aKKo9r4pump,TSLvdd1pWpHVjahSpsvCXUbgwsL3JAcvokwaKt1eokM,False,1
2PTYvSvyjKu1MCtAfqBzYUzXj3GgAKcsihGiA8FNpump,TSLvdd1pWpHVjahSpsvCXUbgwsL3JAcvokwaKt1eokM,False,624
2PfwgKca6ob1ddBEoqLzeRUXRGpmb4ZBuJ9fX5fzpump,TSLvdd1pWpHVjahSpsvCXUbgwsL3JAcvokwaKt1eokM,False,418
2PucxQ2APJwKsxb8Zy6Gy2mfEjWffFzu13BsCNgupump,8sPgWUw1WLJRBZNrZ1dDgqENyYZLMhxHP31yVrbcFwki,False,2001
2PwPFzUEZyENuwcoqxEhJ28Ts5NvfkEsrXQXwpArpump,TSLvdd1pWpHVjahSpsvCXUbgwsL3JAcvokwaKt1eokM,False,1169
2QK1McdhXwZXaYTChAGi2zzAMAM3NAx5ELrxAGufpump,CV9c9RvEFwxGBJzagWzHucYqdqSLre3j1Y3ws1W7tzfG,False,1
2QRjZ12c9JDeoP4LRK1RnWYNeaWFXVFUYag2x9iGpump,,False,1
2QkhD25215JKG6AuMhWbrCYtZ1LHxn6LMPU8fQ3Cpump,TSLvdd1pWpHVjahSpsvCXUbgwsL3JAcvokwaKt1eokM,False,24601
2QtJG2LUpq6xPakNhReBYUbjUrcuPuShMXHvoUEepump,TSLvdd1pWpHVjahSpsvCXUbgwsL3JAcvokwaKt1eokM,False,1275
2QvWRumwVt5xTHmH5kAzZgCVG8dJ9sfcjSN1uKyepump,TSLvdd1pWpHVjahSpsvCXUbgwsL3JAcvokwaKt1eokM,False,1
2R1TzhsSV2dRGqcUGfEvwAwj4BQUHTGv153PsJpxpump,5Dpj415coxWX9kUh1HGgn2FEt8xcEW4gE2PwSKNGmjmG,False,1
2RN4v7pSHR6SwC3LQuCAaxiGWt38JhDeskL67hbopump,,False,912
2RPmLiayL1TzozdK1RNp1ZWz2hQzqkAhQBZJbt36pump,TSLvdd1pWpHVjahSpsvCXUbgwsL3JAcvokwaKt1eokM,False,3001
2RmKYZQe3dsQGFpSMJ7Qd7vhz1kPzZxL25q9pLTkpump,Cyh7uEafoymi8z19SaTXt9HFjbAkP7DJZrtE8o485BZv,False,49158
2RrLvAw6GLtUmP1zhcdgx7hJnzc776PDLXqzfrC8pump,2k7cDbMPphrdn84THZXCXTjAVRsT9TP6uyfiRpJJHfWx,False,24599
2RvRL1wFqTjNhE827qs7PJGGeyN1cnj1KDYzBMRypump,,False,1266
2Rztdr9wJDW8LtJYDofLGhW9yQPdCnQCFa1hRLTxpump,TSLvdd1pWpHVjahSpsvCXUbgwsL3JAcvokwaKt1eokM,False,1
2SLUESx1U274rHwbapyaqbgcEoWygW3eRnNgbqbxpump,TSLvdd1pWpHVjahSpsvCXUbgwsL3JAcvokwaKt1eokM,False,979
2SLk7TyBrZyoEsWqvtMY91Co3HFvucfGhdAAK49hpump,TSLvdd1pWpHVjahSpsvCXUbgwsL3JAcvokwaKt1eokM,False,840
2SauYzM4YVWtfHEgW2zVbrcmY9cjGMeEtD1CHkEupump,7gWqR7A1ya4XMBmsQdNYvQEiqwk2qSjAcvutJZUAQAtK,False,24595
2SbUMHVzAAwyK7wh4ZC335Y3AHXuNybDjruvktWGpump,TSLvdd1pWpHVjahSpsvCXUbgwsL3JAcvokwaKt1eokM,False,1
2Se6tpGxjBPvuvk93LphyvUKVk7M8J5LMQkKEf4Gpump,TSLvdd1pWpHVjahSpsvCXUbgwsL3JAcvokwaKt1eokM,False,1
2SjXuMjLZvG24pfpGUzMKgpGXa5xLs698DuvyDsXpump,TSLvdd1pWpHVjahSpsvCXUbgwsL3JAcvokwaKt1eokM,False,24600
2SjvZvXfrDptP57hn2EvaQtehGhoUmNeEM46HwBkpump,,False,24601
2Svx4SyYDAkAaUu2byo5QopgX9vBTnDG8PV71XvCpump,TSLvdd1pWpHVjahSpsvCXUbgwsL3JAcvokwaKt1eokM,False,1283
2T3UAq9xCP2ceEezryGW25wurx3eLSC43T3xQjGZpump,TSLvdd1pWpHVjahSpsvCXUbgwsL3JAcvokwaKt1eokM,False,1
2T6EHaTkUteUCmwrpiXqbGvbWfu8hMXKSf9Qjrm8pump,mA3iiyDHcYaEyxuHG8AJxzvSw49h31obtfh7sFz7EqT,False,2001
2T6cLUciapdQqVuyE9Wd6Geb2XFLAEAeCbCSKNJhpump,TSLvdd1pWpHVjahSpsvCXUbgwsL3JAcvokwaKt1eokM,False,235
2T8VzQDbvqyUE6yXf6UoP4WNLsBmkGB1nQZkeegcpump,TSLvdd1pWpHVjahSpsvCXUbgwsL3JAcvokwaKt1eokM,False,786
2TK8wp8VTzupBHp4wu93Vecn1Qk4m2K6ynohW12hpump,6Usp1c4T5hE9FG82HWx7dCrbK1g35BjB7vjVCwrDpjH3,False,22969
2TPiax5d168rW959yZeBexYV4kUGz77VWKDRVkBmpump,TSLvdd1pWpHVjahSpsvCXUbgwsL3JAcvokwaKt1eokM,False,727
2TQKW7LpAyKcj3FwRjDPvQWFQNw4LCLqCjERXgvjpump,877SQ9prFB9ieSbcEGv8s2f59iN59WEwbLje2C8qP7j4,False,1226
2TXwAQ3jCicGS4SdoS1huXT3hEk64ybREaqT1jtkpump,TSLvdd1pWpHVjahSpsvCXUbgwsL3JAcvokwaKt1eokM,False,534
2TYhhwG6zCYMue6QHmcxEHnt8tMhnyq8hbXNUbdrpump,,False,1
2TnE8QjjGne17qJaTTMggCnX715kuBeQxkHCUAwJpump,TSLvdd1pWpHVjahSpsvCXUbgwsL3JAcvokwaKt1eokM,False,1
2TnxSM3Rub7cz5pLAzZ5BgXpPxmcPSawn1hS5PoGpump,TSLvdd1pWpHVjahSpsvCXUbgwsL3JAcvokwaKt1eokM,False,1071
2Tt2PuewDKojRizwkPHMzkgnh1bMN4nh21XQJiA1pump,TSLvdd1pWpHVjahSpsvCXUbgwsL3JAcvokwaKt1eokM,False,843
2TvaRg1DryJsFYLRxuCEctFDbDKHET3qedph4YQzpump,2AQJG9raseGKm6pCA48HQvsQQZNHsmi8fEvGNP45vdWT,False,24601
2U3n1t5yauJSW9wq6XLcvR7fzsSD5Mk42JJbk1ukpump,TSLvdd1pWpHVjahSpsvCXUbgwsL3JAcvokwaKt1eokM,False,1198
2UARVSDHwE5bLmAffbwZuyvJKAHmwe5fKTxV7H4xpump,TSLvdd1pWpHVjahSpsvCXUbgwsL3JAcvokwaKt1eokM,False,1366
2UUm14R68eUqRZPvqJ7X7VSw7vapA8E8jTeTVC37pump,8X8xfkUiN8m8d9cRprk1yVx4QN9J3NTuV2QHx5sPXX6n,False,24601
2UXQvRGgZTZywU1TsnYtFy7hqoNwDEEW6XqADsqnpump,TSLvdd1pWpHVjahSpsvCXUbgwsL3JAcvokwaKt1eokM,False,1
2UZ6Wt14AXdKMmdBKvfJLxsJ6Cai22m5KU4tyUDFpump,AbytkYHuB66tA2kWRUToJHKxzEySKZLrt6F2WMNRUNeP,False,34601
2UtHjUDQvx4rZdod7dfFk63Gd8znGggb8c6qVAcnpump,,False,1240
2Uw2HsBmg66hmYU57A4hYS9j8cxCQ4Wp2w8euoH8pump,TSLvdd1pWpHVjahSpsvCXUbgwsL3JAcvokwaKt1eokM,False,1
2UwZo4ct9bUbTvVfVvggSVTcQHuJts8EZFQwWd5Gpump,TSLvdd1pWpHVjahSpsvCXUbgwsL3JAcvokwaKt1eokM,False,1
2Uxegvfpu3mUpTn6kGXJjahLJCuw2JmSXLYovm6spump,TSLvdd1pWpHVjahSpsvCXUbgwsL3JAcvokwaKt1eokM,False,24574
2UyN1Z3ykZQm3Fyo8ZpReTJgTryXwQisMw7fPCmBpump,TSLvdd1pWpHVjahSpsvCXUbgwsL3JAcvokwaKt1eokM,False,679
2VcpxnbbASMgWtVJtLsWp3k6SStBu29cqeWNs3mJpump,TSLvdd1pWpHVjahSpsvCXUbgwsL3JAcvokwaKt1eokM,False,24601
2VinanJv2ADU9RfDtGcp6m4G2hKzzkQqWnbCyyiNpump,8ZZSAKwJMeawPNcBVYqEECSuJusagBmbawbSLywBkCPk,False,1
2Vu11jw9bidytFxQuJmc7QDZBrcGJLyZMB2WNTdWpump,TSLvdd1pWpHVjahSpsvCXUbgwsL3JAcvokwaKt1eokM,False,253
2WJrZr8Z5C7rKNPaiAWW1WxaRyxXezbeXfdBPyd2pump,nKGTC2t7PXtguGZkiGQAPAxiB8hHjDZeThHyMY1NGCb,False,36599
2WSnZiHwJiV3BkdCRyDt1TrS8qjTNDnRmZzDcbZKpump,TSLvdd1pWpHVjahSpsvCXUbgwsL3JAcvokwaKt1eokM,False,612
2WSv3UgCuhd3Pzkak22fL5hUqkiT3mau8eM3Daerpump,TSLvdd1pWpHVjahSpsvCXUbgwsL3JAcvokwaKt1eokM,False,880
2WVQwyqtr2SfaCmha7Ta5cnzy5YpCA8NHni9ejHPpump,TSLvdd1pWpHVjahSpsvCXUbgwsL3JAcvokwaKt1eokM,False,1
2WzPFMovVGwarPJLa6pge7fz7c8QxrpkZvPKS7XDpump,TSLvdd1pWpHVjahSpsvCXUbgwsL3JAcvokwaKt1eokM,False,882
2X1p9UYLx3ep3d2Ek8VAGP2SFifUEewJoDgniNubpump,HndpCr3XFS9mS3t1kPHxKWM1JJaKfhEDtxrv6R9zWw3R,False,78100
2X1pdDuYget2RFt89B7pvyytGPHGwxFS7VkGF9ECpump,TSLvdd1pWpHVjahSpsvCXUbgwsL3JAcvokwaKt1eokM,False,43
2X48AX2SMgMaGd2ywBARjvEqiuNK3NMsgCEQpPSNpump,TSLvdd1pWpHVjahSpsvCXUbgwsL3JAcvokwaKt1eokM,False,1298
2XHEBvXddaVUpvDuALWAzW1YuthQTC8HYyow5sqqpump,CqpmS29Fko1g5memSoFMEJziaxbRNEodEdhSnSR775zV,False,1
2XNttS6pkEHjz2xUL6MpTgsBXTAEMaMhjqiwKEg7pump,TSLvdd1pWpHVjahSpsvCXUbgwsL3JAcvokwaKt1eokM,False,529
2XQ3Psg2fvQgzFC4AdCPJJ7biwE2E13e1WPhYvS3pump,CQSdTDGkQjB1WXbyjN1CpeWaszGRxJawVcSZbfVULBm9,False,24601
2XcviKgx8YCLLBoM9NSFubnc7TFm2jtmeNpy6LvQpump,TSLvdd1pWpHVjahSpsvCXUbgwsL3JAcvokwaKt1eokM,False,315
2XqJtxZWS848y3aoD6tfgXugKgRgciMiqk6kYyBZpump,VJjUVac9aw1E6VeogXyxpJai8ypqxAaP7y2kYVCYTwb,False,1
2YC9q931sKYPg8ULqbkfbkDCeFqtxXAz4BWgtKsdpump,E4xYXYbU9YyeSevT9jP8HC5z8TjwutfyJUKtCFb8XhqZ,False,1
2YR72Qtd4Z4odM9TNXLbdJRCsyYQj13p7FcfNBR8pump,TSLvdd1pWpHVjahSpsvCXUbgwsL3JAcvokwaKt1eokM,False,58
2YVHcu7yPtzTF5QJd4czH66KeLk68jUvPf8AabPSpump,EsfVEg9erpCuvqAGtBvvwPfFJrfzrHHK122n2Xyb2V1J,False,24600
2YcMGqJDAeZ7RVcuvTq2jwSdPyPtxU4HhTcSuyvfpump,TSLvdd1pWpHVjahSpsvCXUbgwsL3JAcvokwaKt1eokM,False,1123
2YoHne7nbU2t9Cbkvj2Du3Gw87XayzTJ8cG8pkrbpump,TSLvdd1pWpHVjahSpsvCXUbgwsL3JAcvokwaKt1eokM,False,463
2Z4FzKBcw48KBD2PaR4wtxo4sYGbS7QqTQCLoQnUpump,,False,1036
2Z4PZS92McYT4km8eqYvNctWFjFspmNmzfTnZMqapump,TSLvdd1pWpHVjahSpsvCXUbgwsL3JAcvokwaKt1eokM,False,1246
2Z6TocWzKtddxVe9kxCB3j3A339Z6CDiut5k3a9Apump,TSLvdd1pWpHVjahSpsvCXUbgwsL3JAcvokwaKt1eokM,False,614
2ZD2G2VhPWRtJvmD74oTWAySYqLvEmVNNj2RyNsipump,TSLvdd1pWpHVjahSpsvCXUbgwsL3JAcvokwaKt1eokM,False,1
2ZaSa7tmx1BRAAHneAREEdoZwFkRJnYDKeg993Srpump,2RFuAjEz2ssZYqomZrvyRmpeZ3PQJdVB2Syp2tDE9FJr,False,24601
2Zm8VK6XVoHY8GveFRCJFjuWCXLpVmtGQW91K2Y4pump,TSLvdd1pWpHVjahSpsvCXUbgwsL3JAcvokwaKt1eokM,False,1311
2ZvcCgSBkgkgyBBkgXVwLBmZSWAFWthVNTdKk58Hpump,TSLvdd1pWpHVjahSpsvCXUbgwsL3JAcvokwaKt1eokM,False,821
2Zwh42gTkCbAPC9XSq5wrDGPduwWmJx9FXa6i14mpump,TSLvdd1pWpHVjahSpsvCXUbgwsL3JAcvokwaKt1eokM,False,867
2aNQvG8mpcb3KZUs6UfQewptYvwjnMhEAciHvLnDpump,DdnLPS5o6CpTXPzt2pYJZi35HwM95GJuTRxyAevLLJ56,False,24600
2acawAPkNgYa7KNb4Ke81TYXCL5gT4eiagdSmWM9pump,TSLvdd1pWpHVjahSpsvCXUbgwsL3JAcvokwaKt1eokM,False,995
2anCxx5pYtMAyFiei83HCTMguzwmoZV5gi3jxjo1pump,TSLvdd1pWpHVjahSpsvCXUbgwsL3JAcvokwaKt1eokM,False,24600
2b3XfvBDmVDR8AEM1DgniHQgBHJgtCvhsCWe6c4Fpump,4MxHQBNud4NvepJ8puLAVtNmXkosFCNtW75Es1T3ByJh,False,1
2b75rFqA3jpSRGkusK9DVUC5HCdZ6ymMTheswMn6pump,TSLvdd1pWpHVjahSpsvCXUbgwsL3JAcvokwaKt1eokM,False,1
2c8gWW2NQTSg9TtDW13Q5wXbCAByDQj5qbK5Wd1Fpump,TSLvdd1pWpHVjahSpsvCXUbgwsL3JAcvokwaKt1eokM,False,541
2cAB68LtPJD1hU5A5sm24HZ74gMBXCpU2zeh6sWPpump,EkWet8byNAspu4FVT7FNx2Zp5fqyeTEFbjELb9sHFJJU,False,24601
2cBwLnG1jwm4B6yFGJ13mKJcUFvuZS8v3bq6JwVmpump,TSLvdd1pWpHVjahSpsvCXUbgwsL3JAcvokwaKt1eokM,False,81
2cN9KpYY8RDax7G8szsNRfZWNNNejSVTHe7SoA1ipump,,False,338
2cv9rBUcg5qtA9wE7QjSVmdVawDs66nZij7WTzchpump,TSLvdd1pWpHVjahSpsvCXUbgwsL3JAcvokwaKt1eokM,False,798
2cxREMhrQFLYQD1Q9W4gefc52B1dLinbKB79GTPGpump,ETLcwHbbNNtPBv7VZDQgF68PLturuX8Kh7yKXa37qV6D,False,24601
2cxsnTbYxRZVse3eGR6GsRCwGyo2W3GEpv7EqNHQpump,HLierjE88dRuXQ3RPVLmXz1id1wnScF9jMKm4dr39gkP,False,24601
2dBSWxp4EWTkaB4rAdDCH3MXuTbBotUXwzs3MY1Mpump,3ENwhwfg8wK69LRDEVMWgq4HnnXGMTthbMCbPJ7gZXAo,False,1
2dctB14dt3ZVUk6BAsUFQYtKBhkYqThPR5cuGo97pump,7Pn9SEQfa9vmb3q3iYLDP4omUAFxfyfGxJXkZq4t5k9P,False,1
2dfsCxDvCBiqnYawRoCDvxjF5TGeT1mnFmjG6PjXpump,TSLvdd1pWpHVjahSpsvCXUbgwsL3JAcvokwaKt1eokM,False,1
2e3q45ZjBKNKMTEx9qH1H2Vhj7xEkjPPVR2ZLeGFpump,,False,1216
2e4hookwoJmyAReeSRcTP5dE4myMnwfVvPSztDrjpump,TSLvdd1pWpHVjahSpsvCXUbgwsL3JAcvokwaKt1eokM,False,1
2e5oyxoJCA8vmohcKifz6vfcmcNomL16uxheqpQVpump,TSLvdd1pWpHVjahSpsvCXUbgwsL3JAcvokwaKt1eokM,False,1080
2eCKzhXd4v9QS4Huic592afTNMgHr5HjwE7Gurbepump,TSLvdd1pWpHVjahSpsvCXUbgwsL3JAcvokwaKt1eokM,False,1
2eCVVZ4tomqn4eyuA9Gh5PSKrjNXGwgMhPALGtAkpump,TSLvdd1pWpHVjahSpsvCXUbgwsL3JAcvokwaKt1eokM,False,1
2eCwKuCxok8GZz7iWyZfs8iKCsfVZdxDfs3bap97pump,TSLvdd1pWpHVjahSpsvCXUbgwsL3JAcvokwaKt1eokM,False,1254
2eFYMcxVhzXzEwbuMaAWx8BGCGMJ3ihPRvpRQ9JUpump,TSLvdd1pWpHVjahSpsvCXUbgwsL3JAcvokwaKt1eokM,False,930
2eHKcmfPTNm8oES8QCjkQr5DSyDb6yh5cT2pBRbWpump,TSLvdd1pWpHVjahSpsvCXUbgwsL3JAcvokwaKt1eokM,False,834
2eRH1xyDK6iF1tmBveZ5vZ9iQw8YWLXaDNAPyNR9pump,JB9gmSBYEE3qus5wMEmwfJ56dvKCkGGdXw6x255L4Nsn,False,3089
2esmZKQr9YvFSMNPAxW51xMGXu48Z1srU6HD9jokpump,TSLvdd1pWpHVjahSpsvCXUbgwsL3JAcvokwaKt1eokM,False,880
2fSoFR1cpNqGxFssqhxVyNMPRAvJFWveJaunGtPrpump,TSLvdd1pWpHVjahSpsvCXUbgwsL3JAcvokwaKt1eokM,False,948
2fUFhZyd47Mapv9wcfXh5gnQwFXtqcYu9xAN4THBpump,TSLvdd1pWpHVjahSpsvCXUbgwsL3JAcvokwaKt1eokM,False,1
2fZTwhbLg3xPquk8CqS3KKYbrNMbhKj7Q5zBKuT2pump,TSLvdd1pWpHVjahSpsvCXUbgwsL3JAcvokwaKt1eokM,False,1
2fgrDf2hmf7tCbh7BDdEe9wojkg86rQHoD1Tf15Ypump,FjhkGWHZjtYkeCVWwmi9eviS6YnyTpcWSwpNzSKv3NyB,False,991
2fk2hVcQAYNX9KYbKuWktHFZ6XvQH25Dieaw6kuBpump,TSLvdd1pWpHVjahSpsvCXUbgwsL3JAcvokwaKt1eokM,False,1167
2fteQnh9Vzi3dxQCgf4gwPwEbbJz691ibiNCzk5ipump,3VJAMSvCozC6q8YV1ohMSjbCUir1P7MaGtuqYVY5xYMr,False,2999
2fxnqa2WVS8UxKwcs7r3xLhmxb2inVYPD8sRJUuQpump,TSLvdd1pWpHVjahSpsvCXUbgwsL3JAcvokwaKt1eokM,False,215
2g9W9AhubYi8cPBxtADN2VEsk3ZTB6HzjHNbnccMpump,,False,600
2gMUuNBwGfmANX8u3RPqK2eUdHHdvPFfrjSkLXVjpump,TSLvdd1pWpHVjahSpsvCXUbgwsL3JAcvokwaKt1eokM,False,1048
2gXB4Pd5vTQFVFq1EXAqKs4rnzeRGZWHSrRfrqXQpump,TSLvdd1pWpHVjahSpsvCXUbgwsL3JAcvokwaKt1eokM,False,3374
2giKTZLCPRs1Yx17eszDwBvpc8EZGBSExmp2wLQJpump,DtUR8bj8sxWEGpM9p7CGzkdq5TqRjxMBWRyvkBrT2JEX,False,1
2gj28N1F3gKsA7PKdfPW2vSk9KFeSWAWnA8Dh2Eipump,TSLvdd1pWpHVjahSpsvCXUbgwsL3JAcvokwaKt1eokM,False,24599
2h2hWAy6CsFYUfWbX9mdJPhC1G5tfG6j3cwKvqrqpump,CV9c9RvEFwxGBJzagWzHucYqdqSLre3j1Y3ws1W7tzfG,False,1
2h3xGkFXCAM9Azb1EW3W3rtwLDixRTdNQTwWkBBTpump,TSLvdd1pWpHVjahSpsvCXUbgwsL3JAcvokwaKt1eokM,False,1132
2hJsGmSrdSvL2XKzzkP2ggStDCLezqJi8FFJUj1Bpump,BzDyjtcsvEsQS6AAWNjjakXV3AxRV52f3Lk1RVmhPKJs,False,24601
2hQgCtwDv2EyMTcZG2iQP9eVH9Kgy5WrxAPZkeHMpump,2NLRxmyM2Te5ZaeLELh1k2B2pFETTT2kNtAGQSbbFajP,False,24601
2hTqgnGVmzVsBRwfcVpyhaQfSZZhBvfiNWWxpPQtpump,52mXWzgdyhTYx5nBPxZEDCUn8RP6oPszZNrtBRiYAsJs,False,117601
2hWBY3PfrJ2nP6rEUCWbmW5nDXPAuYpjASStA6Zepump,HTNWKKWXt5FkYzuUfwMfbKq3uKR7P1CTCeVLXCrobJPL,False,1
2hXcuLXuTe8u16XiKGijfMCWRAfCd9HV4b5QKFLypump,TSLvdd1pWpHVjahSpsvCXUbgwsL3JAcvokwaKt1eokM,False,1112
2hdsVWL83gUXQs28fXsSNXd5BmwvvVdtxvrLajutpump,TSLvdd1pWpHVjahSpsvCXUbgwsL3JAcvokwaKt1eokM,False,1
2hnFpwft7BRhh7fcbkqaLzXubn76jNJNSyTZwdtDpump,TSLvdd1pWpHVjahSpsvCXUbgwsL3JAcvokwaKt1eokM,False,1
2ho4cNvfFV9DWvw7DzCqrN2HMRdvzYJFHTR2Ts8Kpump,TSLvdd1pWpHVjahSpsvCXUbgwsL3JAcvokwaKt1eokM,False,1
2i2269HkF5ce2i8ExJfV8gw1MEmXkVYQNzRbtXZtpump,TSLvdd1pWpHVjahSpsvCXUbgwsL3JAcvokwaKt1eokM,False,1
2i92onHS3o3Hshz8hGXGsDfPvhM6NEQ6dw3ZVbZ5pump,TSLvdd1pWpHVjahSpsvCXUbgwsL3JAcvokwaKt1eokM,False,1125
2icwx24VB68EfmxUMCezKEdfBSTpCSxrAS17rv2ppump,42WXrqT6xSop3LBELUQZSKYgFRTWmVNQ6P34bp7afGGq,False,24601
2in3z2xs5EtwL4YkiKx9dQyzHnBB7txBavkxqRWQpump,TSLvdd1pWpHVjahSpsvCXUbgwsL3JAcvokwaKt1eokM,False,24600
2ipxuDLZty5PsmeSE2dK8t8MDzNguHnbtaUMP7Uepump,TSLvdd1pWpHVjahSpsvCXUbgwsL3JAcvokwaKt1eokM,False,1
2j827esnStpM7b6kfMNfq1vrn2x1F1VqfazMesfVpump,TSLvdd1pWpHVjahSpsvCXUbgwsL3JAcvokwaKt1eokM,False,1306
2jAETKvGa1Bm9DD2cZ13Df9KABEFa8ZE9XKM2LY4pump,TSLvdd1pWpHVjahSpsvCXUbgwsL3JAcvokwaKt1eokM,False,24600
2jNQ7pr9tZwRdgp7jCKHzWuKHj3iZr7ejiumBQFBpump,TSLvdd1pWpHVjahSpsvCXUbgwsL3JAcvokwaKt1eokM,False,869
2jTwqN6GX4KBg3NAjXLQTdKMFHn33S1KVHLaWetZpump,5sisrMcvE8EnFXki5b5PvbfEfmo9VK5c4uLeuFuGrpVZ,False,3100
2jg8SrvnVJQfxD3KBXXWCmReEZ5FiRrdd2RTKMFmpump,TSLvdd1pWpHVjahSpsvCXUbgwsL3JAcvokwaKt1eokM,False,1312
2jmjsuaSpDJTbWgA33orvMWvK2mLhph8rLus8FGxpump,TSLvdd1pWpHVjahSpsvCXUbgwsL3JAcvokwaKt1eokM,False,2328
2jmuXsRAvtPTpnSF3rNN7NkzmBN7aauHH1pj2Q8gpump,TSLvdd1pWpHVjahSpsvCXUbgwsL3JAcvokwaKt1eokM,False,799
2jqbKVopqHEvUoWqLTwSNEFe88MRQAhUuvBV13Jfpump,TSLvdd1pWpHVjahSpsvCXUbgwsL3JAcvokwaKt1eokM,False,1
2jsoWHTqpJNNWH5DBVq3QvWbBiQtaQaxsg59YsBWpump,6S3uTXQRexRbFguHBqdVuYV1CzirNSch2YuanK1nfokY,False,709
2k4ue5hhejRuuMUvFwqTzMj6anrxqhLBYzWBy8bNpump,TSLvdd1pWpHVjahSpsvCXUbgwsL3JAcvokwaKt1eokM,False,24601
2k51pZFuCmYWCMAxVnAubMg7F1xo5hNrRESekz6qpump,,False,354
2k92Xsi7T2kabSXS9kyuBTT2Stk7uFVhdP7bWcVNpump,TSLvdd1pWpHVjahSpsvCXUbgwsL3JAcvokwaKt1eokM,False,829
2kATD4v94ahnHyB8rHywAdLUwWAWAiDq9heMqmVEpump,TSLvdd1pWpHVjahSpsvCXUbgwsL3JAcvokwaKt1eokM,False,1
2kaRSuDcz1V1kqq1sDmP23Wy98jutHQQgr5fGDWRpump,TSLvdd1pWpHVjahSpsvCXUbgwsL3JAcvokwaKt1eokM,False,2001
2kacG7y83xZypfvo9MFqwsf29fmsGEzewt3fkXm1pump,Bp5KBAcYXSY8rvGJohm2fuyhBfkpF6DpJjSVamikcrUy,False,1
2kh55B5SN1nyLmYeRNbhkcs3GgFXAZknzXbVy75mpump,,False,24601
2kiU1ckTpxjJbRau9Z2wGFQ36hzBFjoj7tQpntCWpump,TSLvdd1pWpHVjahSpsvCXUbgwsL3JAcvokwaKt1eokM,False,841
2kteczkLUPsGxttqCrnV6ss4sQpM8v8pDH54qB61pump,TSLvdd1pWpHVjahSpsvCXUbgwsL3JAcvokwaKt1eokM,False,826
2m2DgWaD2r2mrYQxDz9o9KZtahK91dvgEXAWUmHppump,TSLvdd1pWpHVjahSpsvCXUbgwsL3JAcvokwaKt1eokM,False,1
2m2zsQkktkiC96iMtc8X5nXinscXrgLUvAowXvU3pump,TSLvdd1pWpHVjahSpsvCXUbgwsL3JAcvokwaKt1eokM,False,638
2m34ZipdrWc7Joc4HrsqMMZs4k9n3jL8STyaMBR2pump,HaaKhZnPjtQvPuxnuRrwv8UTX4UekUzjFQnmBkvdxzrt,False,24601
2m9Dw7t3d7RvDrJ6UJaTmCKsTppsuJPEoG1ZqqStpump,TSLvdd1pWpHVjahSpsvCXUbgwsL3JAcvokwaKt1eokM,False,1220
2mhY2t6PCDgFA3DWf1D7AdhmJWrWJCgpgemncJLupump,37uM1rp8TK7eVURVRnjtaxGkdJyXjgA9uz83DjApcHvq,False,24601
2mqMEMqNmkd7AwwBw2gyTJm7qR89Ei5qupsJ4sT8pump,BU6jkGics5fjzbVYLhC41ZgJSeQxCBAwVgbzkYWvQcqh,False,24601
2mtUp7vbHSYzWjqhx6go146LmzSq8BK1f7aPRcoFpump,TSLvdd1pWpHVjahSpsvCXUbgwsL3JAcvokwaKt1eokM,False,1
2mxUsLw1QeQcJf1pb1z9xdxpoW4aU3evztb6AgCmpump,,False,1061
2mysC3fDxCUG4T6gBBWn35a8VkykqY1A9Hj7fkiApump,TSLvdd1pWpHVjahSpsvCXUbgwsL3JAcvokwaKt1eokM,False,1
2n6wbpGx4kDTS9FT4rnXLx9ZxjwYQmVVpVTriWjPpump,TSLvdd1pWpHVjahSpsvCXUbgwsL3JAcvokwaKt1eokM,False,1235
2n9nLiE4Fw35fUCLELBxxCRDhcNEMciMJmpzb3wApump,TSLvdd1pWpHVjahSpsvCXUbgwsL3JAcvokwaKt1eokM,False,1041
2nQYTkFmX39Jkqtsuv9UBN4sjtuMzQ7xhTvKSGXUpump,TSLvdd1pWpHVjahSpsvCXUbgwsL3JAcvokwaKt1eokM,False,705
2niLT8fZQi8GDJQWs8SUWu3uxnRMMAwHzFPPZ8C8pump,TSLvdd1pWpHVjahSpsvCXUbgwsL3JAcvokwaKt1eokM,False,488
2nr9QrWmJQHfR9TdAp6bFzBH737wgxF7Pfm1ruBSpump,TSLvdd1pWpHVjahSpsvCXUbgwsL3JAcvokwaKt1eokM,False,35311
2oKDrpj2rnJgf1wE2d9PRrG4GrigMJ5H8tBoHSyapump,TSLvdd1pWpHVjahSpsvCXUbgwsL3JAcvokwaKt1eokM,False,1
2odHeumkiJx46YyNHeZvDjMwsoNhpAgFQuipT96npump,TSLvdd1pWpHVjahSpsvCXUbgwsL3JAcvokwaKt1eokM,False,1
2oppVoxew4TpwmvyjiUCeJ3vxNgeWUUkYxnZgUz6pump,TSLvdd1pWpHVjahSpsvCXUbgwsL3JAcvokwaKt1eokM,False,1242
2oqC6ipYGBumCifv1eaXRg58QMxogMCs5dBXQmi2pump,TSLvdd1pWpHVjahSpsvCXUbgwsL3JAcvokwaKt1eokM,False,24496
2orqxJdCqDLdya8AwNHti4LUt16ysojKW2UMKuYZpump,TSLvdd1pWpHVjahSpsvCXUbgwsL3JAcvokwaKt1eokM,False,3112
2otgtmYTXgYoJDSGctEimQLSviu7FwUwUcjERetGpump,TSLvdd1pWpHVjahSpsvCXUbgwsL3JAcvokwaKt1eokM,False,1101
2p1JBUBD7YbQwyV32wB3b4cd6hw3ZLsZjG4jb4z5pump,TSLvdd1pWpHVjahSpsvCXUbgwsL3JAcvokwaKt1eokM,False,831
2pAQftXqvM1hhUky5mif52scq51RzfQBEGkbvDzepump,8gM4gnxdLdkvifM9TCwkGAxrnNw4NiSiHbAdE1RqY96e,False,2001
2pQq58VAjeUzf6zvzpUsXGoUbqVejQRRj9iJpDNjpump,8Tfh8quswgxLvCaTFtPRxxrZ5tQnEym1BwJf1VQesmYs,False,1
2pWaGCMWRZRc2H6D7Lk5TE7cPMe8g6PZ3Lj7ngNjpump,TSLvdd1pWpHVjahSpsvCXUbgwsL3JAcvokwaKt1eokM,False,1
2pbQKb4SPxVhXZRBxoyzbAbJNtVU1hDSQJqHjGdDpump,TSLvdd1pWpHVjahSpsvCXUbgwsL3JAcvokwaKt1eokM,False,1
2pePMAYUUfCQ4GrwzX5PJvo2fGQkqLxqNwc5no4Jpump,TSLvdd1pWpHVjahSpsvCXUbgwsL3JAcvokwaKt1eokM,False,1305
2q1g6fV1zExqAFfynyF2ouGgXDgMXSvbu3CfhKyApump,9JLMTpPKuK16bctLBwUBwHnCVB73UxunYzEM2ACAoL2W,False,1
2qAx8nkVedYNNff19N4CZZJT66etYgSyWcYvNasGpump,TSLvdd1pWpHVjahSpsvCXUbgwsL3JAcvokwaKt1eokM,False,1
2qBqQCB5jjg5FGRkPsjEbztupdvXSkBzZMo8xWtzpump,TSLvdd1pWpHVjahSpsvCXUbgwsL3JAcvokwaKt1eokM,False,24600
2qEHjDLDLbuBgRYvsxhc5D6uDWAivNFZGan56P1tpump,TSLvdd1pWpHVjahSpsvCXUbgwsL3JAcvokwaKt1eokM,False,3673
2qQDjHvgEWocyhqzp56aFK7LRhBYQWSHqQAwWvujpump,TSLvdd1pWpHVjahSpsvCXUbgwsL3JAcvokwaKt1eokM,False,315
2qU8LH6hxNZVL6M1AKYsPeuVZ3eJwP6x2HveFUAKpump,TSLvdd1pWpHVjahSpsvCXUbgwsL3JAcvokwaKt1eokM,False,1106
2qYuPd799Uz6QHGCDbRdsuM8Gb37d9HgY6HRHGV9pump,TSLvdd1pWpHVjahSpsvCXUbgwsL3JAcvokwaKt1eokM,False,930
2qrPgmRXeKV9AQQxAVhQBq3i8TJiu5isL3LwysDMpump,,False,762
2r1GXFq47kHC49toPFBwdxgRDfZMLm1sB1UgFYe6pump,TSLvdd1pWpHVjahSpsvCXUbgwsL3JAcvokwaKt1eokM,False,24600
2rVuzqyj71DiooCxiSAe9yz8DYC7REa4rifuPPxmpump,TSLvdd1pWpHVjahSpsvCXUbgwsL3JAcvokwaKt1eokM,False,414
2rbbT2kA8ACSKedVQbRvHGqyoSjDSB8H6utYQKG6pump,TSLvdd1pWpHVjahSpsvCXUbgwsL3JAcvokwaKt1eokM,False,1
2rnXZEkHumSbp6tHqNfeorHM8TWmMagiS3AtzpJBpump,FjJXzhos8cnEtnkT5za4C6izinYTsRGhdbPA753w8aBK,False,24601
2rp92hstqCHb6BFtEXeJbn2qYCgThiWAS2bctAdqpump,8U5fY57UVXfitKVVe4NRrnWimJjXV6mJKieBymoJEgW7,False,3088
2rwjbGywTmHkTKF4GRe2tAckntzh8m2WxqQLxbaxpump,52mXWzgdyhTYx5nBPxZEDCUn8RP6oPszZNrtBRiYAsJs,False,117601
2s8AT36jzHfYDnkT1rTTFZti7EkVHhXon6ptAi8cpump,TSLvdd1pWpHVjahSpsvCXUbgwsL3JAcvokwaKt1eokM,False,1
2sgwLoZYyaFcWqv6VmEUvouk4CqAPGDStxo7ZjAzpump,GJSFnDAqxGF8FtPCikfce6gr4gxNQJN3m2zMwEcMWQDt,False,24601
2siNVXDL6Zh585SPhvUa6Va8GTbhbToqXzUbnpEppump,TSLvdd1pWpHVjahSpsvCXUbgwsL3JAcvokwaKt1eokM,False,452
2sjYUQhKVtgTTmRmxxJXb5hY3qc515rBzqJFrJJypump,TSLvdd1pWpHVjahSpsvCXUbgwsL3JAcvokwaKt1eokM,False,1193
2szW59JjYfZBzNzjpD3gnwGmZz6Y34qJ3X6hbA8cpump,TSLvdd1pWpHVjahSpsvCXUbgwsL3JAcvokwaKt1eokM,False,1046
2t1oERUaeZTY93gJx9xZmh8m1vAsYVaMDFjhorA4pump,TSLvdd1pWpHVjahSpsvCXUbgwsL3JAcvokwaKt1eokM,False,942
2tBPEZp3uChtKvdKhWgaA8AsqK3J6Mvt8w7XQo39pump,TSLvdd1pWpHVjahSpsvCXUbgwsL3JAcvokwaKt1eokM,False,501
2tHNCy3e14aNgTkNA77v66QxAqjiVAmJQsQL9Tnhpump,TSLvdd1pWpHVjahSpsvCXUbgwsL3JAcvokwaKt1eokM,False,1372
2tHiLePAVfS3UBhuT6ZGDzqjdTaHAQJY7gK5fMf1pump,E3ruWdwe7U5yCr7mihBE7LyX2jfrSQ6422K1iar39bFR,False,1
2tQcoj33f6t8V2ADi6Ecb1kanX7kHSAs1yvV4kDvpump,9dbddH9zXk2Ro4sfUcH17L8rrQ7ffhieAALgTmJkwjEd,False,461
2tT3Am3XhjR55KFsuQ7TWz23Cck2TvdvvK4Fp16npump,TSLvdd1pWpHVjahSpsvCXUbgwsL3JAcvokwaKt1eokM,False,196
2tUS7AK6V9eLHYLZNuNkRiskw1L2sFe9Rvgo1Jr8pump,TSLvdd1pWpHVjahSpsvCXUbgwsL3JAcvokwaKt1eokM,False,1
2td1bHBqS43UrAGUu3bdV7U1bW5JNwv3VAxT23Yepump,,False,2653
2tkCRAES3AkeGLTv8aNhySsRxUX4ygvhnjnFYvFqpump,TSLvdd1pWpHVjahSpsvCXUbgwsL3JAcvokwaKt1eokM,False,784
2tncTKn2E2Jzg8mFuPBFGWAjso2GLjFLPD6Ubai9pump,TSLvdd1pWpHVjahSpsvCXUbgwsL3JAcvokwaKt1eokM,False,388
2tsNhfLiD6SY7VTchCBMfAVMqV6EAQN37pS9ugcEpump,TSLvdd1pWpHVjahSpsvCXUbgwsL3JAcvokwaKt1eokM,False,976
2tvQMBiB4aoxsXhgAPWSUpE1Cas5eSU3bNWa6p6Rpump,TSLvdd1pWpHVjahSpsvCXUbgwsL3JAcvokwaKt1eokM,False,1
2tvhCBYkHAqUVawF7iCALL4oU84jGfedAYXTumW2pump,3vC15g1VvbMhVtUgAi6TbEKrBM5ZDXRYgAHzR4WLGpMD,False,24601
2txkokG8a6Kjgy7LkBAApCH3pgfgXHz3QAjWHXZ4pump,64ybcBJRBdHHS6YsT2anQa965MnnWfPnGZnZaQH9jo9b,False,24601
2u1GMZBtQrtZoSfUrbZbxPNs1bD7kCLpmg3tSQnVpump,8a26A4BTeT5XDSwWzp4YxYsAGKwA6y42e1xMPEaE8yWu,False,24601
2u8EsL1xvfvzUUytWyk7YepjJaDGtjd4Zy8otpbXpump,TSLvdd1pWpHVjahSpsvCXUbgwsL3JAcvokwaKt1eokM,False,36068
2uG2f7A3x8kCUpa82LxF5QtRNNSqayVSMui9JyuGpump,TSLvdd1pWpHVjahSpsvCXUbgwsL3JAcvokwaKt1eokM,False,1810
2uykRsypqFF9F3a1UDfQNbxgCHmWKPAy6Uv3eEA3pump,TSLvdd1pWpHVjahSpsvCXUbgwsL3JAcvokwaKt1eokM,False,1052
2v19nEjBqp2mqCThfeMymcFWo6a5Qs8tSKhkJaQepump,TSLvdd1pWpHVjahSpsvCXUbgwsL3JAcvokwaKt1eokM,False,24601
2v7DHzp3qDmGgJWHTqPeePfVZ9j4dAd9YgFPJwbzpump,TSLvdd1pWpHVjahSpsvCXUbgwsL3JAcvokwaKt1eokM,False,1057
2v8miZH14QnLPa8EWvHh8mxWUYC7GxFEmhSxacBvpump,,False,24601
2vAdsdKG6S3BNZSwunjPxRZBAdYbWDXZdKqZEpC6pump,TSLvdd1pWpHVjahSpsvCXUbgwsL3JAcvokwaKt1eokM,False,1153
2vSJ9QqNq1H7SvawiDYdLm9Zv8MRHULqzbBCJxRqpump,TSLvdd1pWpHVjahSpsvCXUbgwsL3JAcvokwaKt1eokM,False,1142
2vptVrnkgieJPdnMCHaLSR68ZX9UgyhcFSg2ArFkpump,A7qj21n3fFNjajJGaetAnneLRnph8oU5Dk8qsK9qGrfo,False,49901
2vq5NXyXNzCQ5Q6qQXtndEo6CHQd3qnCcy7nTAZFpump,TSLvdd1pWpHVjahSpsvCXUbgwsL3JAcvokwaKt1eokM,False,24600
2vyPCxHX72KwLo2dTCTERH9fMVz9zHb7md51cas9pump,TSLvdd1pWpHVjahSpsvCXUbgwsL3JAcvokwaKt1eokM,False,1
2wEJM4z5kpeopynnarJhe1Uic6jo2gwitNsbHpHcpump,JBrFM9Vft1QKhQjYCGmbqFYyi41EymcRHN8rgmKAJ255,False,24601
2wKgEEXEYHgqLQHQe6nrYKDwGKwr8DPVnjeiKTrJpump,6jZBDtZheDS9oG1z5CBfAEh8h8jY84sE1YZsaA37K2Vr,False,24601
2wKnCWEVAXn79DTpn2Zdxokhg3vNxGUBARC2PD1epump,TSLvdd1pWpHVjahSpsvCXUbgwsL3JAcvokwaKt1eokM,False,1279
2wUqkd7xLoVBaSPxSUXBbW1QDXQV1itWHVqp8GTPpump,EkGXFgxQELMkXNFoXXJyy5xsepHuZ8ohciMTYNZBH4va,False,1
2xJgagfHqfEVUzZjH1XnNHuuxxUr4SUtZ3Pjxhgnpump,Hnv5SFpaeyndBHgkeC1Vo7xxXr5oR2oTRUVgMCj7kCQ9,False,24601
2xa7LwXp3exxSmu9Fc9w94VGfEju9hkrX88ZaRe6pump,FdKX3ZRfBVecpKzmbMYQwov3YWZxpmpdB7GUhtHyYHEj,False,24601
2xkZR6vuNPwPgyswtZHhAubkHZC5o92Ba2ueArz1pump,22geNWz4HTj5u6BydB2UYjMoZoJLarGAS25QEcnaL27C,False,3079
2xtF1kZQQ14dvVjTsAASPM5Jxax9Gpat8tMETegqpump,TSLvdd1pWpHVjahSpsvCXUbgwsL3JAcvokwaKt1eokM,False,1
2xyoTZzNVvbWABQmaDwYb1mhuvutQkGuCPTSMqicpump,,False,2001
2ymAjUoJdiNZgKy6vKfJ2WQ6AExck3cZbAX26g6Qpump,TSLvdd1pWpHVjahSpsvCXUbgwsL3JAcvokwaKt1eokM,False,1
2yvPcJv1Q2fbdaBL4E5BQnRPsyMHq3o44dbMjjcHpump,TSLvdd1pWpHVjahSpsvCXUbgwsL3JAcvokwaKt1eokM,False,792
2yw5PTeLRDZR5yABtKG4C6aW59tfmTxUr3fxRjCBpump,Co6WUr4JCm8suZvX7cPvoYF7kht3AmQh3i43anQw3XWE,False,24601
2z4djkqmj8oEQDSaS3WGrsyTJeaWqnrukL8ccgJPpump,TSLvdd1pWpHVjahSpsvCXUbgwsL3JAcvokwaKt1eokM,False,1132
2z7jrwJfNvg3tMUPhvX9z1HpYykqCXBTzCKRw5rPpump,TSLvdd1pWpHVjahSpsvCXUbgwsL3JAcvokwaKt1eokM,False,2510
2zJW5hNdQ9Ui8TmywW7sVzT5g2mraj9hbBCe1CB1pump,Dg2ugcG7a74MT8FxhsNr9712mPZpV9uDhVNCXr6L8BUw,False,2001
2zSKuz5fK1ysEzFDTMA994Dv2vaSAcoECqMaH4mwpump,CZutgB7w4WbkeCEwFv1qxhkeGyjVGn9XXPYxjwQo3NaM,False,1
2zrH2jE542mzB4HABgBjdWMQPtNC5H12pwo1iLpfpump,TSLvdd1pWpHVjahSpsvCXUbgwsL3JAcvokwaKt1eokM,False,1
2zrdombofzJJk2YWUTVYGTUUeia9JKgJ3kAhszdzpump,TSLvdd1pWpHVjahSpsvCXUbgwsL3JAcvokwaKt1eokM,False,1128
2zxYmMwkMvrDrHXQWD4fz4UBXtiC8V5yFdLVBZZ6pump,TSLvdd1pWpHVjahSpsvCXUbgwsL3JAcvokwaKt1eokM,False,24600
312E4zu9DsWfoU1j4EZd7yrwQZuZZFv14QZQePzxpump,TSLvdd1pWpHVjahSpsvCXUbgwsL3JAcvokwaKt1eokM,False,754
317MaDAU5eoHrjsZ7Ecdd4xnw4nEkB3HzVEfxXNspump,EbsyZKUdieWZRhGViZuaaEBSbFXNBGmjApk1E5DQMVUB,False,24600
31C4URBjBj7TzdVDdLP49mYPjc3yyr2Uk6k8re6Rpump,Fvxewh5FCMeDy7EMJeygs1yQzwvXn8BAwgQYsf1Eg3ez,False,24414
31Hs2q65PzU2iNteMPSTTLNk4zt1Jw5qo9qxg9aXpump,TSLvdd1pWpHVjahSpsvCXUbgwsL3JAcvokwaKt1eokM,False,1110
31NLrGmHS1RFbZmQ5YtRVP7d4PnDgDhHwQztMqutpump,TSLvdd1pWpHVjahSpsvCXUbgwsL3JAcvokwaKt1eokM,False,756
31TtZJAtqjkWFX7uiJUFjKxrntVv1HEQyxZE4yqZpump,TSLvdd1pWpHVjahSpsvCXUbgwsL3JAcvokwaKt1eokM,False,501
31i89o54vwDmsFTGuTVUcgkRntiJfz9znRnyG7P3pump,,False,983
31iDU7tkgzY8qbWnxT1LmZ7ZHXrfKaBUx8yGETiapump,TSLvdd1pWpHVjahSpsvCXUbgwsL3JAcvokwaKt1eokM,False,566
31n9Do8vj8Lu8EFSPGo5xBK8AAcycqTYKmNSM4bQpump,TSLvdd1pWpHVjahSpsvCXUbgwsL3JAcvokwaKt1eokM,False,1
31ufchxnq4fjyyCxiScqRqudM6ruyoGUN42mQzLRpump,TSLvdd1pWpHVjahSpsvCXUbgwsL3JAcvokwaKt1eokM,False,1122
321tt4d8ZCGAdUB9PdB2cMtEL3uaJV4MaCzY2pTQpump,,False,1
322KA6w8ahzms91d8h1gBvqorRhjbZ9dagcUd1Jhpump,TSLvdd1pWpHVjahSpsvCXUbgwsL3JAcvokwaKt1eokM,False,945
32RVgp2Te774TpgugGKmT46S6WsohQh1MQc7Bvg4pump,TSLvdd1pWpHVjahSpsvCXUbgwsL3JAcvokwaKt1eokM,False,1
32XVcBdA9ixE74JwG35YzZXswKDUjAkUCABr8aTQpump,VtUr3tQsFP2ce2Kw8Fy5RE3Djs6Stfevh6qXy6hnCSt,False,24601
32eFgsiA3cnf63zo9KrFqjjKdpwjVTCpWYCGD2kWpump,7hQAJBmxHEExAnTDsGAVCkiT7AbV7F1Tcio7krndssKq,False,26601
32hUYG6DVZ92N9N839D2Hc5bUWGQTSVdYUPNBHNLpump,TSLvdd1pWpHVjahSpsvCXUbgwsL3JAcvokwaKt1eokM,False,1
32i3VKoMrkY1sszZSsYF3o6zejiiTs1xh5jgqMHDpump,TSLvdd1pWpHVjahSpsvCXUbgwsL3JAcvokwaKt1eokM,False,1
335cuik3yQNLrTpa2NdhSTZLaMTttzhvMzBXb9Dbpump,TSLvdd1pWpHVjahSpsvCXUbgwsL3JAcvokwaKt1eokM,False,1059
338tsdGyyMHR6Bjc983tA8Xoi4kDX33qP6SWtGD1pump,TSLvdd1pWpHVjahSpsvCXUbgwsL3JAcvokwaKt1eokM,False,1163
33Kd6aZC657fnLmcFPyTjiHZmhjnjeme8schmLS2pump,TSLvdd1pWpHVjahSpsvCXUbgwsL3JAcvokwaKt1eokM,False,443
33VeWgVU3GnsEXZr7JggotGPjWq6kP3ZVG5xh82Wpump,TSLvdd1pWpHVjahSpsvCXUbgwsL3JAcvokwaKt1eokM,False,668
33Y4nkgKfJ2pqqzWtPNRUp6jRQWm3kQZRwbUhypmpump,TSLvdd1pWpHVjahSpsvCXUbgwsL3JAcvokwaKt1eokM,False,1185
33aY2XDYFfbANyBKGiAGUb7kYb4sY9SqPcUZPrwRpump,TSLvdd1pWpHVjahSpsvCXUbgwsL3JAcvokwaKt1eokM,False,1
33ihhsv2zxE1uxRQTpKKkLzFq1gL514G11brfgqGpump,TSLvdd1pWpHVjahSpsvCXUbgwsL3JAcvokwaKt1eokM,False,215
33rVymHHPxfMvg4EHKBRF3h8a37cG7Et3eQWZzAkpump,TSLvdd1pWpHVjahSpsvCXUbgwsL3JAcvokwaKt1eokM,False,1
33ut9nJafj5RS4JPd3UJ4oiYYRfkqrWkxgSeforHpump,TSLvdd1pWpHVjahSpsvCXUbgwsL3JAcvokwaKt1eokM,False,491
34a8ALsPmbWxp7D3bQ6erERrCLz1ahr6u6o66Udmpump,TSLvdd1pWpHVjahSpsvCXUbgwsL3JAcvokwaKt1eokM,False,1
34bWVdieoWMtXYwJPER79gKZp9AUHzQqQxVN6jPYpump,8bEiPhmSKCLhhTJZVyXd6bCugqQsTT5D1PGZRG7ddJzz,False,24601
34oR9kWg93VytH1qLGTM21ozLjErhm3yuU2zbhmKpump,TSLvdd1pWpHVjahSpsvCXUbgwsL3JAcvokwaKt1eokM,False,1243
34zpktJQAxKhBYDVaibXoJFQe5PQrYBrYjobkp3fpump,HoEmYTD1sgUZgLcELKZd2yCet4Pp3objBnFf2jLPN8kH,False,1
352zTgVBEuAt5fXgLz56gC71QSEJggPcrL7MSFMhpump,TSLvdd1pWpHVjahSpsvCXUbgwsL3JAcvokwaKt1eokM,False,888
353PtFeGuercg78RV8PW1PFbQKShcc7gcsNRbvQ2pump,8cDPjY1R9YUCMxkQVeH7wW1WsmWYHrDiVdMdUXzoRNb7,False,1
356K3qNH4KPgy7y5SgV4ANvPsmm1v3VkQ6NhQS8ipump,TSLvdd1pWpHVjahSpsvCXUbgwsL3JAcvokwaKt1eokM,False,24601
358PuxphAQ26nktpniGzcooT1u3TZEsE2HmWgQUMpump,AheVRmQh8wZAg9CzJEK8g9irWeH6JmWiq2X1iyDVof7E,False,1
35DCqEezokWoZTEk4BZJrNX54jG4PdmD61Vf8q9Gpump,C5xGj7knfV51AzRpJrNa4jPWJPE4EHHrtxcgsLwE9M8R,False,24583
35JJinUgjXSoP8CBj1jNRxF5nT5gdJHpLgzYxtC1pump,3Ywq9J6ZjgkdrwmHnYcifUaUesAKymEGwZrFJ9GWPSS3,False,1300
35ZVuCfjJ8DpFXWzNBeWW2q399R6SKRcbePFhv9npump,TSLvdd1pWpHVjahSpsvCXUbgwsL3JAcvokwaKt1eokM,False,1017
35zWvtkz6QL8fmeP8DDsD4gmUDVD8FnfcrxsAXmupump,9UX4zzxfj5mL8RH5aeVbgSWFMKJJ3CMN7Wdk1vWaeiax,False,24601
364sqDSJtJyNQLgNMF1PyH2kCuVDkwzW6JQzmUd1pump,TSLvdd1pWpHVjahSpsvCXUbgwsL3JAcvokwaKt1eokM,False,1358
366J4EfpgkTKhoKkdoLKCfCmcAYBrAxebYx8KK1kpump,TSLvdd1pWpHVjahSpsvCXUbgwsL3JAcvokwaKt1eokM,False,1220
36JYMyt2DZC8LrCNZAUMLRzYRWS2c1FUZSjVGqnWpump,TSLvdd1pWpHVjahSpsvCXUbgwsL3JAcvokwaKt1eokM,False,1237
36fM7GyR3rWe36vxvokhXM3kn8kw2hEzf7NS6z2Epump,6Q4SvRjp5Bhtv8swWT1jv6tVfieCggrYL4bcvsk2eKg4,False,1
36gmCN9HLE5s6j8FdEYUCywByZU2KKKYy3UnAShmpump,TSLvdd1pWpHVjahSpsvCXUbgwsL3JAcvokwaKt1eokM,False,616
36qPkdq3PgsvYqEsc6zRjpPoZ6fTLokr3UMoCnpqpump,TSLvdd1pWpHVjahSpsvCXUbgwsL3JAcvokwaKt1eokM,False,1091
36zN53i2sBUZV1SuUtpe66aC8kh8WbJTanhsBkRJpump,TSLvdd1pWpHVjahSpsvCXUbgwsL3JAcvokwaKt1eokM,False,1086
376kKRPZf5uvVyxdjPdZ56oQtgkfhWHi2sCs9t3Hpump,TSLvdd1pWpHVjahSpsvCXUbgwsL3JAcvokwaKt1eokM,False,161
37Yd8iMsC1zU1mepZCQnZRcP45iEdtHv1XVoxUm8pump,TSLvdd1pWpHVjahSpsvCXUbgwsL3JAcvokwaKt1eokM,False,637
37pMYSpqquvEDzT4QmaTqbpnnpZa2W9oJHhfqV5Mpump,TSLvdd1pWpHVjahSpsvCXUbgwsL3JAcvokwaKt1eokM,False,476
384VFouyU2K6hwpcN9QCsB2yWn7kXDekBbGQhDcYpump,FJ2A1qJ5yh6UhGpjBuN9pykVJxU8QGmoQk9j8QDqAQvG,False,1
385uv7V87WNoszgDajcQ6SYsDSgEv8pFSrC4S3oRpump,,False,1
3889yL1S1zuDrY7e2xgjbQaCAXSCwNfwJ76tLPbSpump,TSLvdd1pWpHVjahSpsvCXUbgwsL3JAcvokwaKt1eokM,False,24513
38BGRjHGSGMZchSngmiTTLxwtsd3Tm83T3ukYYUEpump,TSLvdd1pWpHVjahSpsvCXUbgwsL3JAcvokwaKt1eokM,False,761
38ET4sqkX8p3H5fvoMTLUSsdzXZ91447xqHHmLg3pump,GEMUM1QJuj7MUFb25on9gM12kc7ortUN6vQ74LTSqfp6,False,57220
38PnzmNXht1YBFPFEj4FipNAZM2er2x3g3Hjo7Sapump,TSLvdd1pWpHVjahSpsvCXUbgwsL3JAcvokwaKt1eokM,False,879
38hra5Pcp5VmDxXqTqSXoBRtGrdLfmdNSCx6n3Prpump,TSLvdd1pWpHVjahSpsvCXUbgwsL3JAcvokwaKt1eokM,False,1163
38iV4QakjFHBJLZbWaJAEyJiKanRdVFUwrYHVSGgpump,TSLvdd1pWpHVjahSpsvCXUbgwsL3JAcvokwaKt1eokM,False,882
38nBDcor3onWbxC8mjNN53xHibgXGrJmPBiP27Zhpump,TSLvdd1pWpHVjahSpsvCXUbgwsL3JAcvokwaKt1eokM,False,1
38zQXntHN6StV8c3vnZzpkYF83ViZJj1jtEC3ERXpump,TSLvdd1pWpHVjahSpsvCXUbgwsL3JAcvokwaKt1eokM,False,24601
3934MtxGcGzxvPdx3NiFbYbFCxiHs8pGorGfBhkzpump,4LXuAPTnnbhByRQGPiAGKPVh5bcgCXhhDeUJwJJU2BhZ,False,2001
39AUQBPTwCb4Dw8K75zNnPvigsj8TD5PN22SseaYpump,TSLvdd1pWpHVjahSpsvCXUbgwsL3JAcvokwaKt1eokM,False,515
39LeswCXKeEGESiBPNUUEkvRyMp5UeqC7dGw1uT5pump,TSLvdd1pWpHVjahSpsvCXUbgwsL3JAcvokwaKt1eokM,False,1110
39Mzpdw7NDGiXmZZGWiCdR6Nzoc7muWuYkPsVDV4pump,TSLvdd1pWpHVjahSpsvCXUbgwsL3JAcvokwaKt1eokM,False,1
39bQtjWQiG1m3WTkRmfGN5J3Q9rNVBTGWUeBTSPgpump,Cxyew6VutbX78A8NjGe3Mp9h7mphbXVpkGcPa7zGDDex,False,1
39dF8hxv3qJYSZcrhRLGYhaoEbH1juaUWCvijgZWpump,9eci1QWYMwdJcXr6ghojnPFY64EpLXnCCSMctsT751P1,False,247
39fT82WA6T465CJPbcmtNVPSqNqndRVPVGP1En74pump,,False,851
39mFQ17g6fj9SMQqtbE5LzDpDzTWVVKoQ5RVcb9gpump,TSLvdd1pWpHVjahSpsvCXUbgwsL3JAcvokwaKt1eokM,False,2978
39mp4M95uDVfRjzmiKxfjvcyviGsEUbBxqpUTPUupump,TSLvdd1pWpHVjahSpsvCXUbgwsL3JAcvokwaKt1eokM,False,1
39qibQxVzemuZTEvjSB7NePhw9WyyHdQCqP8xmBMpump,,False,1
39rJmwtGGuvEHWSjFdxiH5uSDsDz3YAX6vvuQLqwpump,TSLvdd1pWpHVjahSpsvCXUbgwsL3JAcvokwaKt1eokM,False,1086
39tEJxpwXMeb7np18UJAtYciaLZBQ6xrtNvRonYZpump,TSLvdd1pWpHVjahSpsvCXUbgwsL3JAcvokwaKt1eokM,False,601
3AWMB9i7KLCBLkeBi2aW6v361pCBkKz7ms1tvsDhpump,G5k4P7oCSpfjgFGB3nVaQs3EbB6JKhR2mMMNE36ifs4g,False,24600
3AdyZoMiUz1oHuoPDiFmaPo1NwpQvj8YAwY9sxWWpump,6XvUMd5CvqZMvj6pQx6H2nj8HtPvrFohb8kfbYNfXAsP,False,24593
3B1zoded3LWvaHwTHK3N8wATLJSfAoYfUB9AJnB6pump,FTkF8RXp7P1wnqNkfnJur1UchK9QH6piFscDT3YDpiN7,False,541
3B5wuUrMEi5yATD7on46hKfej3pfmd7t1RKgrsN3pump,TSLvdd1pWpHVjahSpsvCXUbgwsL3JAcvokwaKt1eokM,False,1
3B7pbxkfXyoqqET6hK83MgK8RiyVTepTATYekvz2pump,Ft3o6shURzX1jVz6UVGZBpKMN3LZVjpgXiMv2NcCyHwU,False,24601
3B9imeeJC8QACKsGxJcheMcqC6xzN6Eg6R14QbMupump,7S9oAAJZRtXgtQWoY7y19eXRRRBMz799BKKEnVRwbEM2,False,25101
3BM8oYdwfNADzd5vTKpAYrJpPWDkkg5M2TzhyFKPpump,39a2aV8qApBsFuifStDMhPRV5pcmLdvpuAYMGPfmjuTe,False,1
3BRk5VYKaCYKewQDPovBrWzHybcb7PGf6ZiusqRDpump,TSLvdd1pWpHVjahSpsvCXUbgwsL3JAcvokwaKt1eokM,False,1001
3BYA7BQjwyfJBJonaMbNGk7Tx8g2YHttsQT6L4mapump,BWgyEmA599jbnFcVoZtWVsDtKKjYqcf4aQZr8r4sd7Wu,False,22996
3BaxJ5tuBS5ttHyMi9tnVLotxyUCAfNAm8yN5Qdwpump,TSLvdd1pWpHVjahSpsvCXUbgwsL3JAcvokwaKt1eokM,False,1
3Bb9jaUspwUGuJNickgtaMaK5dTPifiTJxgYjjzapump,7CuNbxuVH5aTyRrX5ZwVxXV2u3q53hDD1rofibWFKg1V,False,1
3BbXLmyMgw5heMMxW8ffeZNTp2D7NHArw5ic4Qwrpump,TSLvdd1pWpHVjahSpsvCXUbgwsL3JAcvokwaKt1eokM,False,936
3BeJ9zCgQhaqKMu2HgKJ79yQBChD1Pf3hPwRX44fpump,,False,1
3BmyB1EFpM8cL1xfig7vYgvFnMsMzmNTFsUjy9ENpump,TSLvdd1pWpHVjahSpsvCXUbgwsL3JAcvokwaKt1eokM,False,24601
3C12mFcegk39oXHocowANaWoxwcbaNjYXFEU9eWGpump,2b88wQm7HWBgcJeVHW9PmMJDauFgahXRVqinzBAoT1Z3,False,24600
3C9cb8q5Ye3wK4DNDFqUwsN3txNebR2frPd6yhzVpump,J2MiqASNsknjb9nwz9sZpgZqpacUsK1Y7Zc6TSHCN4nU,False,2001
3CKcg3UA3U1ETVjCJDvSePLSWssdcgCeCGPZPx63pump,TSLvdd1pWpHVjahSpsvCXUbgwsL3JAcvokwaKt1eokM,False,768
3Cox68tWmdCXdUYhAWFFiRmr8G8ghjvyCXNhRPxmpump,8Q1jPNjVUNSgMm5HR92er7V8PgRNkhPPxWYkFqXf9LXk,False,1
3D2pvthZLgvHpMx96NS4gUYkEjNAx3ZTeVVVxTRfpump,HaQTbZgp3J1sNrbagxmpYhZech8gzQMGDyVyxf6dbswV,False,24601
3DSuWjnM9e4ajHZCSC9c9aeYo8iJDsFjtohr9S9Kpump,TSLvdd1pWpHVjahSpsvCXUbgwsL3JAcvokwaKt1eokM,False,1259
3DTiH4LP9Zq7gr3HHtfe6ir73vjDFXSPKgvdp9vcpump,FGTW8PnFyxp8y4ZpSAqC8v2ADreoFkhhnU7envkTJNaG,False,24600
3Di3FpHqrvLw1RsLvGDQWrK2FLmtMY7sSZs3hM9Dpump,TSLvdd1pWpHVjahSpsvCXUbgwsL3JAcvokwaKt1eokM,False,1189
3Djw1S1SgYJxAT3nCY8W8m8kdkdfsoYtEWbsaorDpump,,False,24601
3DkUiHA4kq82d7tyVveY1Famb1x5SRLTG813iF6Ypump,4giMGk59adJuKsfYaeriks7uEUrP3WoZwf8PZcM1EvKU,False,24601
3DkVGaNSMTcxFkgGDAm299FaVxgnCw2411vxZTmRpump,TSLvdd1pWpHVjahSpsvCXUbgwsL3JAcvokwaKt1eokM,False,1
3DxxSnE7zQ4CZEWKgGWrzs58aUe74ivJVVUDWGrKpump,TSLvdd1pWpHVjahSpsvCXUbgwsL3JAcvokwaKt1eokM,False,2435
3E13rzqimh6oPVUU3CqV77n3akvrhDFfiSVrY6dbpump,CxS4qFVwVdr5hitYxzNzn3UN3iWGR6tyfCM2NxXWzwq4,False,24601
3EB3qhecNSbRTnG3gkYNw2F8xzdaancguRGpaHy7pump,TSLvdd1pWpHVjahSpsvCXUbgwsL3JAcvokwaKt1eokM,False,393
3ETBmPtkanxsK8cvDrQuz9MKtX8vzGT23iJmrWTYpump,TSLvdd1pWpHVjahSpsvCXUbgwsL3JAcvokwaKt1eokM,False,981
3Ei8SaoL4JWZv1XsWePqiAjVtb7QtpJbV2TSuURmpump,TSLvdd1pWpHVjahSpsvCXUbgwsL3JAcvokwaKt1eokM,False,1
3EzZ9ddnKBiTmvf4inQMk5MRedy7pwhQpaUNQm8Dpump,TSLvdd1pWpHVjahSpsvCXUbgwsL3JAcvokwaKt1eokM,False,24601
3F3b9B3bnJJjpfGsMKfWNMffamVVn37XyJgHL2xLpump,4WibHYwCn42GgnYeQMftE3yzqPWYLtStucXNgFzjknwN,False,59994
3F6nTDLViDWvMq9KDazvF7LX4HWGPGKNbas9ST7Bpump,9wkpEPvmJgUgmAUDVdMESkNT9NxJj1G349g4cJBqK2QV,False,24601
3FQ5sNiJu6nWPepeafPyeBT6rph8wCyqEBzDdwRPpump,6qfBX1W8bJ7F6s8RHC855adX1YBmGezDfMSjsLjMyhy7,False,24601
3FQdKmXauAQ555jB6NguoTWhFaVzMdjVj8WvQyBEpump,TSLvdd1pWpHVjahSpsvCXUbgwsL3JAcvokwaKt1eokM,False,674
3Fby6vXNt4Qan8DFcNiUfhL1V3TR18iKLfUhbKFspump,TSLvdd1pWpHVjahSpsvCXUbgwsL3JAcvokwaKt1eokM,False,24600
3FqUxpfbC3ydbmzh1tTZDga8JoZYC99oRaMCiLuApump,TSLvdd1pWpHVjahSpsvCXUbgwsL3JAcvokwaKt1eokM,False,400
3G6pL48hfKAkCGSmf2n9gUY7gBDX214keXJy6E3zpump,,False,1
3GNuVJi6NPP91gxiZ2vENM6b2yE5ZDpsrVWhFkzCpump,BMX8dqbu9ahrM5PzNoqkNrVQQLbHPioXr8nmm2sjSTt1,False,24596
3GSaze75NHmssaAET3yBCu7T68q7pbhaTv83Kx1Xpump,,False,1263
3GcumwM22ajcYeoyHx657RiATjiGsvbCb12qAgDgpump,TSLvdd1pWpHVjahSpsvCXUbgwsL3JAcvokwaKt1eokM,False,1190
3Gji93o8SeAvYa9aVSLDGRWNP3LKN48RobLqqAk2pump,TSLvdd1pWpHVjahSpsvCXUbgwsL3JAcvokwaKt1eokM,False,560
3GrYFYqNHnDN1vrD9AwHuaQ1Ebe5Lg837K4yhTvKpump,TSLvdd1pWpHVjahSpsvCXUbgwsL3JAcvokwaKt1eokM,False,24600
3H4srZRfFDkp1MxsVcRreMYVmKizFz6B8YcXWv5ppump,TSLvdd1pWpHVjahSpsvCXUbgwsL3JAcvokwaKt1eokM,False,33
3HWqSB1qioh37EkyTU1NYY3E9GE5tsZ4AR7k4HzPpump,Hd7vrBKJtBtiY8B3uwz6Bz8PV4CoGxi3e2m15DUvbnNe,False,1121
3HXUdiMPfx6vfJ9AQznWrw9BWvVkLUC1KrUB5mTepump,TSLvdd1pWpHVjahSpsvCXUbgwsL3JAcvokwaKt1eokM,False,1207
3HYx6a9whu5a4dnzE62WNXg46MrEmu9LFxutR2YBpump,TSLvdd1pWpHVjahSpsvCXUbgwsL3JAcvokwaKt1eokM,False,1
3HgBiumYQZ7YybYMCLuGQPL8zrZWcGoqW3gXBes9pump,TSLvdd1pWpHVjahSpsvCXUbgwsL3JAcvokwaKt1eokM,False,1174
3JAiPhE1PKAc5z9WBpYqT8vxbKeLt2sVAYuCtZ8Dpump,TSLvdd1pWpHVjahSpsvCXUbgwsL3JAcvokwaKt1eokM,False,1
3JFhE2eoyHbAeXXfErERC8JiEHTTg6fw1tMK4czPpump,TSLvdd1pWpHVjahSpsvCXUbgwsL3JAcvokwaKt1eokM,False,742
3JQR4DRn9ao1fPtj7Kzr4Xs864H96HVeQh2D17WUpump,TSLvdd1pWpHVjahSpsvCXUbgwsL3JAcvokwaKt1eokM,False,1050
3JXq16mWyo1uboEK9QCGcjjgCB3DXKWWcF1yySC7pump,TSLvdd1pWpHVjahSpsvCXUbgwsL3JAcvokwaKt1eokM,False,1
3JcpW8UNXW1VyT8twxhmf1nvrSMbxfvYE6ydf1WWpump,TSLvdd1pWpHVjahSpsvCXUbgwsL3JAcvokwaKt1eokM,False,1278
3Jjt8QhbqNoYfSQYHWf8ZsTJwE2CyvmUrzgzJD5Jpump,TSLvdd1pWpHVjahSpsvCXUbgwsL3JAcvokwaKt1eokM,False,1
3JsKWXZ5rcjq8BkjuPdeTpABVSJgsCNQGe2iNBBtpump,TSLvdd1pWpHVjahSpsvCXUbgwsL3JAcvokwaKt1eokM,False,710
3JtfvzFVzkPh1we7DPDGW5xPsrPB5nX5dbAVgTeVpump,TSLvdd1pWpHVjahSpsvCXUbgwsL3JAcvokwaKt1eokM,False,1
3JxHLz993egRB7ch4H3kHecTcUCspnocXdhdckPxpump,TSLvdd1pWpHVjahSpsvCXUbgwsL3JAcvokwaKt1eokM,False,1220
3KDsuwo3f8bAd2mS4EVJtqBb5jzr6VKq2729DoNspump,TSLvdd1pWpHVjahSpsvCXUbgwsL3JAcvokwaKt1eokM,False,670
3KDvwAuSFMUiRNhd6FZgHKXsd6qkoeRuHvpKV2vBpump,TSLvdd1pWpHVjahSpsvCXUbgwsL3JAcvokwaKt1eokM,False,14500
3KV1CJzx5tXHV7u2Jp2zNn7vw5f3NeuxAxCeLexkpump,TSLvdd1pWpHVjahSpsvCXUbgwsL3JAcvokwaKt1eokM,False,307
3KojMBrg1CEBbYokTxH3o7TwSgUs5AcWJ9XWjg4ppump,TSLvdd1pWpHVjahSpsvCXUbgwsL3JAcvokwaKt1eokM,False,1
3LEPVCsNJBqzpNXWriaEeooJ2S9KK98sAMauLMiZpump,Bofnw5Yu6Bp6rPFLFWdRobW7HUj4YYfoNq1mUeg3sQwg,False,24496
3LLKbqfZeU9bfsxwbaS6ZmHXpe5q9m5rtRyt95Fcpump,3VJAMSvCozC6q8YV1ohMSjbCUir1P7MaGtuqYVY5xYMr,False,2999
3Lc1Cn4wMzFYqKGFngWvXiPYL8gsKcWxKFnBnCCBpump,TSLvdd1pWpHVjahSpsvCXUbgwsL3JAcvokwaKt1eokM,False,1
3LhJ2ckBCPn2Ma7EkENtWSVNDSjEgdiBCj8H5SNLpump,TSLvdd1pWpHVjahSpsvCXUbgwsL3JAcvokwaKt1eokM,False,1049
3LiStshvoyU5qV8eb74RYTowGLPCyqba1R1qqBnnpump,TSLvdd1pWpHVjahSpsvCXUbgwsL3JAcvokwaKt1eokM,False,517
3LibnhRZgCh1DUsHBndNgWhX9NRtFi21FosZPwk1pump,TSLvdd1pWpHVjahSpsvCXUbgwsL3JAcvokwaKt1eokM,False,564
3M1t49FpyULfGEiEWowHyHjthWyfL7RpHgQ7mDbBpump,TSLvdd1pWpHVjahSpsvCXUbgwsL3JAcvokwaKt1eokM,False,1
3M2vepByfZTG6xUSmFidvSCFzHWFoVw7cPvyRDnUpump,TSLvdd1pWpHVjahSpsvCXUbgwsL3JAcvokwaKt1eokM,False,1
3MLHabhudSKEwPU4wQuECWWv3ZDZhenEvEZRvtU6pump,bwammMmTCz63P1LoCf3eafDhACPSF6tGG6vdrm9T8Hk,False,24601
3N9gsW1dyw232n4eZNNGjAUMNV7weWDckFs5miUMpump,Eaqe4reLighhLNW8uLxmhMd7gXcHQuE9QrkJZKj8qMxv,False,661
3NMK55CqJXh6YnZJ4W1g4yHqEjSQtNK79sfKoGsPpump,,False,369
3NamJWyE5CWoPXFBs6AEeXm1G7PJz2SjP9768xEBpump,TSLvdd1pWpHVjahSpsvCXUbgwsL3JAcvokwaKt1eokM,False,35594
3NiacqbMpCbPr1NdUSZ6LDvqbTtCqEgnJn6dhdGzpump,TSLvdd1pWpHVjahSpsvCXUbgwsL3JAcvokwaKt1eokM,False,1
3NoKgoa5VcEJCoGeQk343NUhBEbWvfV86GmTMzkrpump,BgrN4DFjdmRHobeQyG5mnpR9ZA6W9kMMRNvNVdCVwpxN,False,1
3Ns9ZzFUANXw6CZJfpF9Qye322oWLyuZHQADAzT8pump,TSLvdd1pWpHVjahSpsvCXUbgwsL3JAcvokwaKt1eokM,False,1042
3PAMmi3HQRNK9uRdUGSVGwP2WPp6PmAJbmVAJkh3pump,TSLvdd1pWpHVjahSpsvCXUbgwsL3JAcvokwaKt1eokM,False,24601
3PC3YS5QatuoFKdY2wqWLSiRj4bdZEr5TtjxWtqZpump,TSLvdd1pWpHVjahSpsvCXUbgwsL3JAcvokwaKt1eokM,False,389
3PHVsKAy6eudwtK41jKjUzNcg8gDkeTTaQpTxB7tpump,TSLvdd1pWpHVjahSpsvCXUbgwsL3JAcvokwaKt1eokM,False,797
3PTWTzJb8xu73XXzb85UNLiqB2griZcehP4EEDLGpump,TSLvdd1pWpHVjahSpsvCXUbgwsL3JAcvokwaKt1eokM,False,1160
3Pamvx9nidNDzr4mJapp8GykGDRuoMAzgrKAGxjipump,TSLvdd1pWpHVjahSpsvCXUbgwsL3JAcvokwaKt1eokM,False,3001
3Pom6hQA8p82ioNcUyVzCh7JeUfMx64g2fvr5xdepump,3RiA9sfh6L4UyGa1zt7wq9S5qfo47kLEixL3Ds9fdBg7,False,1
3PunTmfntzAdFTFHYQ5SEpyuTWZ9ZMciu56hYhwfpump,EPq4D7aTcpoeyLURPEN67yDJSLiSXiaNY4gzgKc4pgRC,False,24601
3PzeDkedp6WFpaTH1dUTCacRy7RDqKs5jUuQCkvfpump,AegfBH5rUyFVSznuRmVHX6xK8RVE6daLEHuQo8iJ6gQ8,False,24601
3Q1Ti3opoZtZEHGgpixNYwkRzRsGifSdMW482Fjepump,TSLvdd1pWpHVjahSpsvCXUbgwsL3JAcvokwaKt1eokM,False,1
3QCf8rb4bjQzSKC58wagLK5i4SaM3N27jE147mw4pump,TSLvdd1pWpHVjahSpsvCXUbgwsL3JAcvokwaKt1eokM,False,1
3QJzpi68a3CUVPGVUjYLWziGKCAvbNXmC5VFNy1ypump,TSLvdd1pWpHVjahSpsvCXUbgwsL3JAcvokwaKt1eokM,False,1
3QNC7JWaNChRyk3DrLsdfUmFrxwtokh5a7a6Nxtspump,EpqF9moRpcTV41tjCH3nfZvXaEDZTKJJ3zBxJufMViSU,False,24601
3QeaN5aZXqAkhh5BYmG29ETRPU2QqjWVre56QGJLpump,TSLvdd1pWpHVjahSpsvCXUbgwsL3JAcvokwaKt1eokM,False,24599
3QodpDhKw5U4yK2igExSEwVvhFfdEkiTYjr5oNNvpump,TSLvdd1pWpHVjahSpsvCXUbgwsL3JAcvokwaKt1eokM,False,1225
3R739d625nwW3XJBmycs4eCV87VLQFBJsVbpMHcEpump,Zo4bpvpRDjmxVhRDVGhATW9hBQjKW2DPFcb1QBEWU5a,False,3100
3RBTVSQwMJ27sSYxNFEDwzyqFsM5FgpL3BGq6b8jpump,TSLvdd1pWpHVjahSpsvCXUbgwsL3JAcvokwaKt1eokM,False,26601
3S2z8REyBsAyYf6pWmPe4Bs4bT467mfcpzRSQJWdpump,DpcgbZT3tEbyPrPhMKHVLsAm9mUkMXeDe3TuKh4Ak5qQ,False,24600
3S9eD7qoejgrbNkn12NzW2MUvdofTJJ3noecx1DZpump,TSLvdd1pWpHVjahSpsvCXUbgwsL3JAcvokwaKt1eokM,False,488
3SSyoCF12wvZuvnso7jS94nJrpCpqffAS8vgYzYDpump,TSLvdd1pWpHVjahSpsvCXUbgwsL3JAcvokwaKt1eokM,False,1110
3SZ6juZSRmom3VoULj4Nj4ZUCD2Ly3n1H5919WNrpump,AUEYERKGaEcTWk8KyjS1UCLfz7xqs9JumhfyCws2m4dt,False,1080
3SiHgF658vTS7X8Q4jipTyqJCBZhbLRSKPvQvB59pump,,False,1
3SuQWfBeDCWwQcyPE8YYSKomeBT4MzSy3Nst4VB5pump,TSLvdd1pWpHVjahSpsvCXUbgwsL3JAcvokwaKt1eokM,False,3136
3Sx6ZuHGbzi24mhR8QfRNyXQXgJFH5H295rzELwRpump,TSLvdd1pWpHVjahSpsvCXUbgwsL3JAcvokwaKt1eokM,False,1
3SzByaRdsXcrEGUdK1g5HMmnhBLuBY2UMji2Sn2Epump,TSLvdd1pWpHVjahSpsvCXUbgwsL3JAcvokwaKt1eokM,False,115
3T3NnSZ8GSpZFmf9e3ER49eeVzGemRzFMPpVFCvMpump,TSLvdd1pWpHVjahSpsvCXUbgwsL3JAcvokwaKt1eokM,False,873
3T557L68ZgBvjvuSuNQXcxH9JkJZieSEggdtWDf2pump,TSLvdd1pWpHVjahSpsvCXUbgwsL3JAcvokwaKt1eokM,False,437
3TCoCK7xYK7jSB6S84uvYpJXQrJXSUMCQ1cXtRgepump,TSLvdd1pWpHVjahSpsvCXUbgwsL3JAcvokwaKt1eokM,False,1
3TJrSgRqTdonvtPtP9eqZwQfH49D6TmtABisLcdYpump,TSLvdd1pWpHVjahSpsvCXUbgwsL3JAcvokwaKt1eokM,False,1038
3TSeqBTTjDH2v7RCbzo9QnJpqPFHNzR3Py95KCzapump,TSLvdd1pWpHVjahSpsvCXUbgwsL3JAcvokwaKt1eokM,False,1160
3TYL1xYwABi1gaDTzSyjjrtKo8HimAkmegN3CRowpump,TSLvdd1pWpHVjahSpsvCXUbgwsL3JAcvokwaKt1eokM,False,176
3Tti1bMtQfd2ri1nuuSKLkUvqMkn8tYLs3d1zberpump,SHeDoqBR4oYoZy2PiscbHz4E13Axx1jdqwZg6xfFd8M,False,1
3U3a3C2tUwKUzvdudbXDPzYtY1QrHYtnWAL3Nos5pump,TSLvdd1pWpHVjahSpsvCXUbgwsL3JAcvokwaKt1eokM,False,898
3U421Rk6fRZtoFr2NiL31ecpXYoGYyz6CMbqLxPfpump,3VNCeXMV6tK38uQjr9VK5nVundcZBDgTRU8qiH1cJ8dP,False,24597
3U81fFW9iq3a4gcErLzGar8a3LmoFGs4NBLEq5UXpump,,False,1
3UQqrQjMJxWz1CNAWbjFBt8pkupSaA8hmtZU7wQLpump,TSLvdd1pWpHVjahSpsvCXUbgwsL3JAcvokwaKt1eokM,False,728
3UXGgzBL932N28HYY9JaUdBx3f66A1kmLy3wNgCxpump,BtR97jExQAG6nirTGd43WA6az9K3fVWrW3Y1QZvm36ji,False,24601
3Ubw3KY2Z5yKUd5ZoanAhmPc57SKd8bLHdYjN7C4pump,TSLvdd1pWpHVjahSpsvCXUbgwsL3JAcvokwaKt1eokM,False,685
3UhxA8jBKYEhJQxG9VzNYFFGkZ5brZtWMuTvbb4rpump,,False,735
3UqtRftzsVHCxDBHh4qMudnmdiYphLU9jkmk1pmypump,52mXWzgdyhTYx5nBPxZEDCUn8RP6oPszZNrtBRiYAsJs,False,117601
3Uy1XJzkhWP1P3xFHKVUFgiGCxthVGdWH9HPzguFpump,8KZvX7DpskY3cUVbUTGphJm8BwgHJb6vTngyrohsdtVU,False,2513
3UyhzLnUsrVSmDVp98KjZvxjC94sJ4NPRn7m2KmZpump,,False,700
3V42ddKaAwuEhSyHuGBBMxEorCRc3k9eTy2yYqA6pump,TSLvdd1pWpHVjahSpsvCXUbgwsL3JAcvokwaKt1eokM,False,24601
3V5PvXs5iPToXzUFgSoZonKbr3BFhbTvT4xsRPkYpump,TSLvdd1pWpHVjahSpsvCXUbgwsL3JAcvokwaKt1eokM,False,807
3V9KFwFJn9pScbnSCFyr2qTibpbWExV1nMryES2Ppump,TSLvdd1pWpHVjahSpsvCXUbgwsL3JAcvokwaKt1eokM,False,1
3VSNBHXPpwgWtjjYjtwpQYJzBGk9tzzK9V7u8CXvpump,TSLvdd1pWpHVjahSpsvCXUbgwsL3JAcvokwaKt1eokM,False,1267
3VbV8BNqFAhHVFDsoDBXBamLVMSHz28xK78eFenApump,9SUQZnWEyt1DsdGuWWwz2eKim8uRbuvMCtUdTARq4tWN,False,1
3VfVkbCAJJUtCQXjWTiYC167XZNGra4uun5NbbhFpump,FWymgf7GwMXczUmqQ6jeeE4MukdZNuaRom4twz3U45nz,False,24601
3W4r4x5T1Ai2bX9ytEyEKgsBKQMcsTzn3vbJr1qApump,3rJmX6rynyYsGqhsnfxXrbJ4PkqAnC6YMYqY9d2JNaTx,False,1
3W6pf2z6woxB9f7QkjueKFsrR4o2EjEeAwtcGDiVpump,,False,24601
3WAth488Z5JAKDoWqqEsvd8e4XeLzJh2SjK8hifNpump,TSLvdd1pWpHVjahSpsvCXUbgwsL3JAcvokwaKt1eokM,False,1
3WBpnH5vsJZVCL2AyBcCJAijXFJdurVyagHML33Zpump,H9ip1s5dT871RrRrBBS7rLyKFkqGD6jycqQQdJKoNCTA,False,1
3WTmwa8aKrNZkhT55PTkiSkpp9t8BAr2819pM26qpump,TSLvdd1pWpHVjahSpsvCXUbgwsL3JAcvokwaKt1eokM,False,734
3WXnaXnqeqF5NxyjhRosVqs4jPM8XXEVJbMmkD69pump,TSLvdd1pWpHVjahSpsvCXUbgwsL3JAcvokwaKt1eokM,False,1
3WbrCewV45Xf4bvyrvo5SPz4xjwD2adtUHzH4UkRpump,TSLvdd1pWpHVjahSpsvCXUbgwsL3JAcvokwaKt1eokM,False,24600
3Wc8bqikUndYaQ3kUvEAj1XUH2UjGvfwtSiEE99Zpump,BBpZT8m2D6VhupZkVanGHbRkNzsEoKvwTP7asKWFezPU,False,5432
3WhyqA6zEoyCKzy1LjKm279TTao1hg5MsMNGWcqspump,CmJnYTjAncmKxuzngkeomc5PRgiSnSmWgX7TKuR8EMQ4,False,3100
3Wp5z1GtPqKwyiaicXa7nyXhBVJJ5JgAwzWXuPXqpump,TSLvdd1pWpHVjahSpsvCXUbgwsL3JAcvokwaKt1eokM,False,1
3X36yhq35MJnt2JjwodeFDfv2MFPb99RC53yUyNrpump,BTbuA1ej7mzA8WGswWqNb31QB5mVpXv2JJpuWRJVZbXz,False,1
3X8U8RVGCoXUNrqpngCTbY4VbYwWLKTzn5SHpotjpump,TSLvdd1pWpHVjahSpsvCXUbgwsL3JAcvokwaKt1eokM,False,597
3XFiHA2gexzBjqtM5Z7FjJhP6f28D2m79UihBCfkpump,TSLvdd1pWpHVjahSpsvCXUbgwsL3JAcvokwaKt1eokM,False,1
3XUvA4z3aif285VFikJ948H5PxiFTJSDU7PMnuYCpump,TSLvdd1pWpHVjahSpsvCXUbgwsL3JAcvokwaKt1eokM,False,1175
3XWnA1mtZeEk8hAyQv2xCWdDCvVShVRLgKav9WTDpump,TSLvdd1pWpHVjahSpsvCXUbgwsL3JAcvokwaKt1eokM,False,1057
3XcJTtZazf3Jy9Szk6SfkgbD7ToBtm3WxtAtcsP7pump,TSLvdd1pWpHVjahSpsvCXUbgwsL3JAcvokwaKt1eokM,False,1
3XpDKEcrEVBDfvnpMr418jFQVneTZQZmgmiYcoDhpump,FjLdRnSGEDcJkRR1tSFVEezTFpFESXiYGJPqdk3F5DWc,False,1
3Y2Nnu5EDAQHurxmiv2sgpxtZtYV8eNnKNXacWgDpump,TSLvdd1pWpHVjahSpsvCXUbgwsL3JAcvokwaKt1eokM,False,405
3YG6591aJ1KzyYDGXzSsYQBzByTmtkyfUHDYjUaqpump,TSLvdd1pWpHVjahSpsvCXUbgwsL3JAcvokwaKt1eokM,False,2007
3YwhvHaLcajCn43L87rkHjLjgenB7kaVz75KmARxpump,TSLvdd1pWpHVjahSpsvCXUbgwsL3JAcvokwaKt1eokM,False,24601
3Z4jcSxMZeTzBiSAcRfA6qfhVLLU5QYE4rjfM8ehpump,TSLvdd1pWpHVjahSpsvCXUbgwsL3JAcvokwaKt1eokM,False,24601
3ZAnPuLauZ7qK9itmYLVmt7HrMBx6oKHaJA4YMJzpump,TSLvdd1pWpHVjahSpsvCXUbgwsL3JAcvokwaKt1eokM,False,26601
3ZNUocHdj8QXi59xKXNoJ8Yn1CMEiQMvRWf5Ubqppump,TSLvdd1pWpHVjahSpsvCXUbgwsL3JAcvokwaKt1eokM,False,1133
3ZQLNKd8JMCwch5Es8wfdWmyhKvUy7Gu83zeoaZTpump,TSLvdd1pWpHVjahSpsvCXUbgwsL3JAcvokwaKt1eokM,False,1036
3ZcyC6QbPgwrs7rpiMgJLdjoYDEB3Pen4VXn7nMopump,TSLvdd1pWpHVjahSpsvCXUbgwsL3JAcvokwaKt1eokM,False,1061
3a368tqbVCJC6oosQrwzEubyjbR7SeJ2ymnEbPJUpump,TSLvdd1pWpHVjahSpsvCXUbgwsL3JAcvokwaKt1eokM,False,606
3aQDiWsibBMV5dtNVKSBp2yNveV6Junp7CxuWUdKpump,52mXWzgdyhTYx5nBPxZEDCUn8RP6oPszZNrtBRiYAsJs,False,117601
3aSnAfNmqL4WM8esAjRw61q7X998VqhFb5k97EY2pump,TSLvdd1pWpHVjahSpsvCXUbgwsL3JAcvokwaKt1eokM,False,516
3aWcFpkpQonLVmWmH7758YMQTuEq4i6K7ryQqV4Xpump,TSLvdd1pWpHVjahSpsvCXUbgwsL3JAcvokwaKt1eokM,False,24601
3adRrkuJmUWb1bCwZDavvewURgZqCnSFhDQPNS8hpump,2GVXkaCF19JZgpF8Dcz47G4u8cX6Q7BuFb4C6UqTQ3F9,False,361
3afCLrsso6rzuG8LMqUy5edGdhKnoUcZEDYpodUTpump,,False,757
3afCap8N77NW4SCLeP1MMqpKfBQ5n3m9qwL6aTgwpump,TSLvdd1pWpHVjahSpsvCXUbgwsL3JAcvokwaKt1eokM,False,1313
3b1n4XdhtnnNRTyp3UhHNTcb6QaUtLUUrydKnjHNpump,TSLvdd1pWpHVjahSpsvCXUbgwsL3JAcvokwaKt1eokM,False,1
3b31kG6BD54V6RhRBySJuPc3Edg46tdNFxVW8FHGpump,6G9qzWKMKMtvjrsAtwn566WuEwzN7kCnXjG4ybahA2oz,False,1
3bSCLcLt81tFgQoMNz6PK8RvLGD9bMPLC96YW9Cfpump,54JqcF4LoLEQGwzApmSCLQtGo7ac9BPx9u2CgvvD2RHv,False,1
3bbFLsRPF4mnM9w6Je3RRGyxoyuF6zV6SWd5idTXpump,TSLvdd1pWpHVjahSpsvCXUbgwsL3JAcvokwaKt1eokM,False,53
3bqnPCJwaLJ167MsupS6ZAXjyLo36BbzqzZEYDAjpump,TSLvdd1pWpHVjahSpsvCXUbgwsL3JAcvokwaKt1eokM,False,538
3bwShqmqNsoUsUP1sReD6vDGQdhDacC5e9xfTDzDpump,FjhoVGzSjcWy9tEBNFycd36ftiPaVgLAS8L9TAyT82AP,False,24601
3bzx3Qi2REGDzcb3jm4X4N3sYoYG7FtSyQTCs6Yjpump,CXiCne3Q1s1BJ8FHHQYHFQtFTipVoTWvSoaz8oiAEdvm,False,26601
3cFVS5jQNVgFQxBJiuuZL1jKa3fs7uhCetjKHSSipump,TSLvdd1pWpHVjahSpsvCXUbgwsL3JAcvokwaKt1eokM,False,501
3cFbWbuon3ZeB9Sd2VyFUxK4K9tEAKmrXxF245Unpump,TSLvdd1pWpHVjahSpsvCXUbgwsL3JAcvokwaKt1eokM,False,24600
3cKryQr5NfBD12gE3r3MAiGvARUY7SA9pWqtyRb1pump,TSLvdd1pWpHVjahSpsvCXUbgwsL3JAcvokwaKt1eokM,False,965
3ccK2c5c8zJcjUjsPoqB3jTpfJFxVnMsCP7dWE5fpump,TSLvdd1pWpHVjahSpsvCXUbgwsL3JAcvokwaKt1eokM,False,2671
3cmy7z8vfGw7VnjNmn9i4qVW1FrPw3AuScFZjZsGpump,TSLvdd1pWpHVjahSpsvCXUbgwsL3JAcvokwaKt1eokM,False,438
3dRRjL9tN11QEvTX5tqzsLnfGGLdffQT6r9CgDzVpump,TSLvdd1pWpHVjahSpsvCXUbgwsL3JAcvokwaKt1eokM,False,1
3dj7LQupbUJdLwvafZF3jidJMmsfZAQELyZWVjhRpump,TSLvdd1pWpHVjahSpsvCXUbgwsL3JAcvokwaKt1eokM,False,1301
3dwu2tw7kBFZvWEdJMbPCGm7MBwgziABChLV1kGspump,,False,1
3dzxdhAyK2Y5G4jfzLdAS9UVSXAexALgP7cWiA1spump,TSLvdd1pWpHVjahSpsvCXUbgwsL3JAcvokwaKt1eokM,False,1068
3e95EouvSSeDvgPzGifaAuAEy4gnGqSHmumLJqnmpump,,False,1110
3e9tN37UGcRcagpCdqXBcXMze4SUNR1qXpBuAUz8pump,TSLvdd1pWpHVjahSpsvCXUbgwsL3JAcvokwaKt1eokM,False,1
3eDnvymKXxTtRKycoeV49epFjgCjix9bxZAJeqGppump,TSLvdd1pWpHVjahSpsvCXUbgwsL3JAcvokwaKt1eokM,False,646
3einv8VqfmyqESXFYDZahupJ1mSCZdif2YRSqdTgpump,TSLvdd1pWpHVjahSpsvCXUbgwsL3JAcvokwaKt1eokM,False,880
3eoeonytUsFqF53YawM7QbZo9m8HwA6QTYHK1wr1pump,TSLvdd1pWpHVjahSpsvCXUbgwsL3JAcvokwaKt1eokM,False,919
3f3HXEVAq3hFe8Y7xkriQy5SFPJzknGQnPHvPY4hpump,G2em6gn74KQuQXtZf266HiTxP5Pch7326iSF5Ag2GvGe,False,24601
3fPH9qQNdouzW17xwrvkDZegSyHmMAY995tgLz55pump,TSLvdd1pWpHVjahSpsvCXUbgwsL3JAcvokwaKt1eokM,False,830
3fVTgzxrLBJm4vxbTHWK6LwgsgfuMaGhY8qwVjPKpump,TSLvdd1pWpHVjahSpsvCXUbgwsL3JAcvokwaKt1eokM,False,1254
3fVztFjFnrgrYWRpEzEZj6GjhGManGgJoQ86Crcupump,E9dAkhh6e4h71DNbDjZvBYB348gcuFH7qfefG3FBkpJ2,False,1
3fXE7HYivLnBSouR6tNYKKoCr62jjuPXPJA3dpFLpump,TSLvdd1pWpHVjahSpsvCXUbgwsL3JAcvokwaKt1eokM,False,1
3fZDLEQeefy78Z4jVQU4Aoc9unM6EoGhgsWdn8PHpump,4dnWLzmdkLeuDe6hwRBpPqrDbQZ59hpoBu8JLztAescf,False,24601
3fZQ67okXZBMzHfqqEQmxaDSRoX3fxs5Uxbbvw26pump,8Q1jPNjVUNSgMm5HR92er7V8PgRNkhPPxWYkFqXf9LXk,False,1
3fqgbrQupLV7fNp7Mt55W6LR8hwqF7NuoVSs2RN7pump,TSLvdd1pWpHVjahSpsvCXUbgwsL3JAcvokwaKt1eokM,False,1045
3fsCH4qptTYaZXmbDdgrTdJ4A2ZYQGaKcC1BUPY3pump,TSLvdd1pWpHVjahSpsvCXUbgwsL3JAcvokwaKt1eokM,False,996
3g1E7y4HcSnXZ9DAGbS4wszv5svU1WkG3hBB3hKkpump,HpVJAa6k92axsAuXaAemeqTk7sRzfqF8YDbPszj7Km6J,False,24594
3gBKmZs27DFhXLcfciRD34k9dnUPXFAEZPG964rgpump,8tdUcdbbz3u6GCpKu9n2gwi4LDME2mvqEtzxMnFw2LFB,False,1
3gDFiq4YxUw9MfezZJ7JTTrrfMBRUCeiZ2D8o2G4pump,TSLvdd1pWpHVjahSpsvCXUbgwsL3JAcvokwaKt1eokM,False,542
3gHRrUuXnRGvafFs7FJxg5v7mdVWQxPMZkTgsTBopump,TSLvdd1pWpHVjahSpsvCXUbgwsL3JAcvokwaKt1eokM,False,24600
3gKCLBNYzAMhFB5pZVBPHj88mgmR3TozoPpW26Lkpump,DiswZ7LLMgkfLDq7rNuneMvKNxmuMDFutTYghbbWC23y,False,1
3ghuCkbkAmRCondvyHzAdhBrogjBfoFQzhE5U7Wtpump,TSLvdd1pWpHVjahSpsvCXUbgwsL3JAcvokwaKt1eokM,False,1180
3gjdAp18YRb2bdKVy54SwxXdiZK795Np2cZzMqmVpump,TSLvdd1pWpHVjahSpsvCXUbgwsL3JAcvokwaKt1eokM,False,404
3gqBzYggchmzxCBq5v4BGT4TfmZcm8agsaRqv8bkpump,TSLvdd1pWpHVjahSpsvCXUbgwsL3JAcvokwaKt1eokM,False,1
3h2Xy1ivqUvUhNZXPFozx5MGbL2DQaRRh2PuNW2tpump,TSLvdd1pWpHVjahSpsvCXUbgwsL3JAcvokwaKt1eokM,False,1
3h4wqrDMxrdxj3Bfe7M9saSoPLfmUBFafLppuAmipump,8gM4gnxdLdkvifM9TCwkGAxrnNw4NiSiHbAdE1RqY96e,False,1
3hQ6dukWncp1xaBk3KW2xm1Qnv2MDgsw18Q2VVjbpump,,,
3hRfnpSWsdajPohJDbzfPY4aEjPEV5ZnMFUiVNEspump,TSLvdd1pWpHVjahSpsvCXUbgwsL3JAcvokwaKt1eokM,False,957
3hV89TLf7s4TDYtGbjF3TganW8RSSjdaBqTSp1JSpump,TSLvdd1pWpHVjahSpsvCXUbgwsL3JAcvokwaKt1eokM,False,1
3heCeKrsD5wunvxDLZaqF91Tu1ZaihdXMe6PEueQpump,TSLvdd1pWpHVjahSpsvCXUbgwsL3JAcvokwaKt1eokM,False,1
3hheJUxUiH4QCqyLfBshv8SrHir3D5C6ExqfGQkppump,TSLvdd1pWpHVjahSpsvCXUbgwsL3JAcvokwaKt1eokM,False,25101
3hnxJuK7fNoBGcJVx6kTojZN5KHZiErxtwMRLyjzpump,TSLvdd1pWpHVjahSpsvCXUbgwsL3JAcvokwaKt1eokM,False,24601
3iFPL4kNBEu1nFz6QRGikobrFaTj1i3VedpLo7QEpump,9ZazZzvtd5D5yceeejat41SYaiybFszGAnTRfgZFR1ic,False,24600
3iTzzHWH4LScDqFgARKmRRKJkpbYnbhJGNB6xaSTpump,TSLvdd1pWpHVjahSpsvCXUbgwsL3JAcvokwaKt1eokM,False,971
3iU9iYQ88v5GxaRRDntiwAgd9KzDspX2LKVG5euppump,TSLvdd1pWpHVjahSpsvCXUbgwsL3JAcvokwaKt1eokM,False,706
3iWBKXLAkSsCfJv2bKJtydBhHwWGX2A3ML2EQjhtpump,866h6ysfQL7zAhEEt3RMNebNrsdHbvhrminrSWi2kBXe,False,1
3iY5ZSkRnevSMu4h8nZyywyeY46osdmC1LAosmv3pump,TSLvdd1pWpHVjahSpsvCXUbgwsL3JAcvokwaKt1eokM,False,1
3iiREwfoYYGF4aAv2C87vXGqxJBBSK6LnHyDV9XUpump,TSLvdd1pWpHVjahSpsvCXUbgwsL3JAcvokwaKt1eokM,False,330
3iv78RcgNhwagFt5dDjiqDKFBNuHDaFM3M6hgACHpump,TSLvdd1pWpHVjahSpsvCXUbgwsL3JAcvokwaKt1eokM,False,24601
3ixq33xusRhG1DrWz8Mdz6yPSEmd9pdHmDoiRwRopump,TSLvdd1pWpHVjahSpsvCXUbgwsL3JAcvokwaKt1eokM,False,1172
3j2yXp2gdctBCJSaEusv6isWqPftrhawvxZYPbJwpump,3m81yqukzA5PPjYNF1toJXQQCcveUf8Jfb9gTC1c1sWX,False,24600
3jBo8JqMYEmjAgnjGUmL33b4hjoADkkGacRPw7yxpump,TSLvdd1pWpHVjahSpsvCXUbgwsL3JAcvokwaKt1eokM,False,940
3jFctVyFCyTAKaxsS8V9Nwb8CebMuqtqMTYyXUc2pump,TSLvdd1pWpHVjahSpsvCXUbgwsL3JAcvokwaKt1eokM,False,1251
3jPAnkFEN9tDh3vLPJKc5nf7TD8g7eqy2Zq9Pm6Tpump,TSLvdd1pWpHVjahSpsvCXUbgwsL3JAcvokwaKt1eokM,False,862
3jg8dpbGd9bm3MELMxeu7m7yCGNgiWCn7JUeYTk9pump,TSLvdd1pWpHVjahSpsvCXUbgwsL3JAcvokwaKt1eokM,False,565
3jgcY1JWh9ULfvdD7iDfapaneWs16MgV9VK8jZhopump,TSLvdd1pWpHVjahSpsvCXUbgwsL3JAcvokwaKt1eokM,False,1097
3jhe2HGWVk1S33tohRTTuwtDkSXGoWPTd8gPV7o4pump,TSLvdd1pWpHVjahSpsvCXUbgwsL3JAcvokwaKt1eokM,False,1
3jik9c8wcB9xLJQyJJqNnabcRsbudZzFFYogaAaupump,,False,27
3jmjFCtmAnxjZP9jhqvHhXWnesCAPpxtxNFDW46Vpump,TSLvdd1pWpHVjahSpsvCXUbgwsL3JAcvokwaKt1eokM,False,196
3jomnFdA6kVMKzjRDrrxbei3njEJShFKCS2C7A6Upump,,False,782
3jvnWgxpGpyLDWubHSm2DB6DTFJxjtRienaYUiDHpump,TSLvdd1pWpHVjahSpsvCXUbgwsL3JAcvokwaKt1eokM,False,1
3jyiXJ9zi4B8j6EXvdH6pCKTJsYHWvzN5nY8Mecbpump,,False,1
3k6jycPQHYNYNvcbAGFLzgSfXwvFysCnPGj2f8r6pump,TSLvdd1pWpHVjahSpsvCXUbgwsL3JAcvokwaKt1eokM,False,858
3kEeXXSjPmLzuTmmTJGDCBbdB8Ng87opae5xg4iSpump,TSLvdd1pWpHVjahSpsvCXUbgwsL3JAcvokwaKt1eokM,False,101
3kFpo4AM6sjR6vU61U8crCqRvNAtrFaVu6J2qD9upump,TSLvdd1pWpHVjahSpsvCXUbgwsL3JAcvokwaKt1eokM,False,977
3kP9gxAH7bs8vTkUDjogkXHjMz79XxNJnZs74iRppump,TSLvdd1pWpHVjahSpsvCXUbgwsL3JAcvokwaKt1eokM,False,480
3kfsP1t4zC1haSDRR6WLqsJ3bnjCLTfHq2P5xQ2Zpump,5UVDLxfejsUMQoWjGB1htxosoZUxgsm6rjskvZxqmSAK,False,1
3kko11QHuyFK84C5egEjzCM2ZYQCA2vgWS1QeJzbpump,BipAFcJY5D1EjfdLH4E4DtZifgstCszK4BKnFAcCvLFH,False,1
3mDvTQnC4GTRNHQLsQ88vn9WDFjyAhyrpawGWPCPpump,8Q1jPNjVUNSgMm5HR92er7V8PgRNkhPPxWYkFqXf9LXk,False,1
3mEZWKxk9ChABLmwGsw3YmHLMnnQhYL6tbRnLY4Epump,,False,998
3mJq67c5wJxS4QHaZ3mnq9jbMcNVtSbLm5QLbKpspump,6wWGkFoCqiUZDktfvWHieeo8tFf2aR3KuSZmoZN3kpFF,False,418
3mXNzmJ3eTAR8fapz4JwzLDkiafan42RDGGBrr6Zpump,TSLvdd1pWpHVjahSpsvCXUbgwsL3JAcvokwaKt1eokM,False,951
3mZj9BXvTaUCB4QFNXj8EhsAZdtpwYPfgKz9DMENpump,FbMxP3GVq8TQ36nbYgx4NP9iygMpwAwFWJwW81ioCiSF,False,1
3mqSi6tWpykS1Tck58eWwrJrTtdsm8fjMxAquEfSpump,TSLvdd1pWpHVjahSpsvCXUbgwsL3JAcvokwaKt1eokM,False,1220
3n1snvdM7Sif72tQEW9evxoYcmRpei9yjTeFu3Gtpump,TSLvdd1pWpHVjahSpsvCXUbgwsL3JAcvokwaKt1eokM,False,1089
3n1xUaWFVV1s8WTzpwSdn2Ku5MJ2w1uC8RXWxBZxpump,TSLvdd1pWpHVjahSpsvCXUbgwsL3JAcvokwaKt1eokM,False,390
3nFCe8YZhAWGpXb54muVencXoaM1t36DBbynTfjepump,TSLvdd1pWpHVjahSpsvCXUbgwsL3JAcvokwaKt1eokM,False,1
3nMQMnsn5mzcMMt3jEP2NpKmb5nmYjrLEXmiXb6Mpump,TSLvdd1pWpHVjahSpsvCXUbgwsL3JAcvokwaKt1eokM,False,1247
3nQmFiNvG8gBMaNxKdhV1mt7XYoVYUpPwoW9Xr8mpump,EAh7xZCKHn2jPo9TgczsnFcoriKaNURPQJoce8Fg22Xu,False,1
3nUJ6an6Q95oSnntsfbdkzb39wd434p5xDFVcYTSpump,,False,529
3nh4AYBcNDUmXPZ9eaF4j22cqpMi593PVeXv1sMUpump,TSLvdd1pWpHVjahSpsvCXUbgwsL3JAcvokwaKt1eokM,False,1046
3ntPQtfmLA1UVqFnRdXgxCB29Dx3hXWMz7fnz2s7pump,GU3UxURmLhnrdUDajWVMnCvuZinJSZZKoaAquXz1RzZj,False,48826
3omE6uvekcdM716wFS4mUchgB9n11maAVyAh5raspump,TSLvdd1pWpHVjahSpsvCXUbgwsL3JAcvokwaKt1eokM,False,1
3omRAa2jxVeDfxN4nRnEvR2bvSSoyzijmUyfp9MPpump,,False,531
3oyGGpT7geqqm2XGja4BehXrc9RC9mY1dNngc2UGpump,77oegXvU6VbnvpEMeeVtPoy38Mm38WtjFhVWpRMnjD68,False,1
3p7eCgdQx1RiJUfr4t7Z8w6DpVbP7CMa9Z6Ff69tpump,,False,1
3p9FkDbZKykn9ZYRexwXNuENv6XvaKkas8sB8CAvpump,8gM4gnxdLdkvifM9TCwkGAxrnNw4NiSiHbAdE1RqY96e,False,2001
3pPHAhKGrtm94ZWGp3SwNNbB2JMnAZEZAY9ZtCmJpump,TSLvdd1pWpHVjahSpsvCXUbgwsL3JAcvokwaKt1eokM,False,523
3pnp5EPLWWZjTaqQkr9SPTXoZmSfhWtpqSv3Mpk3pump,TSLvdd1pWpHVjahSpsvCXUbgwsL3JAcvokwaKt1eokM,False,1
3pugzeXTFXwfFkJkqFv6XeavsVR7NQqTDSpKrrPVpump,TSLvdd1pWpHVjahSpsvCXUbgwsL3JAcvokwaKt1eokM,False,1149
3pwyHgeGaMfywbH6afRLj1gQpvZ97Ft1XeiVFX3Upump,DK5pY31Cxwvzw45ddHK1iQ6shafZzMxAYnMUtHVj3DW3,False,24601
3q5vUCrsDnHQuqnsAERSZhZVpqRJuTSvNj5UieXDpump,3Q6447GwrYxx6c8xJyUwqZhBaYjTjh6izRuYfRQ6kbzU,False,1
3qBxVGRRmbyqiDzgH937nu2rtiUkP2JAnnyehF9Npump,TSLvdd1pWpHVjahSpsvCXUbgwsL3JAcvokwaKt1eokM,False,1
3qFAFJLxCWxRAyFBxeYtVrpyEyfN6Jmoc4qfMXAypump,7n3s74aF66PTwem3Kj1Taf9n12Zxpk7UN5MJiHHN4YCT,False,24506
3qMTsK8sUg4LzVUmFemqaYNUN2x1ZZK9PnovSxSspump,TSLvdd1pWpHVjahSpsvCXUbgwsL3JAcvokwaKt1eokM,False,24601
3qSfQvYdSWh7hvZxyHM6ZPd3aMBLMTm5AFHeRoUypump,TSLvdd1pWpHVjahSpsvCXUbgwsL3JAcvokwaKt1eokM,False,463
3qU4tnBXcMWpBAAU65tocUtPwYCSRa87F6zjJE4opump,FmzKdUEbbCDQwUQvKuBWH2E1Xq1MiKH8FGU9qocDyqKX,False,88801
3qWHhJWLDTT4ci2WKgCp5xahVFYV654nnkwiGB61pump,8jNF9TxzxAKiURcAQbZXKf8541Spp9FgSHQtjt4UEiXh,False,24600
3qknHy32Edog7pgaDESxafyEU3oEnJkasW2W551Epump,9wFS2Hai2iJ6eZ6bZMsUjUBHPHQCeJwtbVrYq29Zp7qe,False,24601
3qq54YqAKG3TcrwNHXFSpMCWoL8gmMuPceJ4FG9npump,TSLvdd1pWpHVjahSpsvCXUbgwsL3JAcvokwaKt1eokM,False,1
3qqrPQdRXa4pjrsEpe3MAcyTHKZkT9vcnEH4UjJxpump,TSLvdd1pWpHVjahSpsvCXUbgwsL3JAcvokwaKt1eokM,False,715
3qsqfToQAA3Te4Qa9bJnMX7UYiva5SGrsQeWumxcpump,TSLvdd1pWpHVjahSpsvCXUbgwsL3JAcvokwaKt1eokM,False,781
3qu3H3nmFw29vPfgdSLD1h5ehQemyVpRxnEXa6NZpump,AbNAb4u6yiTC6TLN8xvVcPt48dyZxFa3447W5mpJxWdr,False,2001
3r2hS5E9TrjUV48vNjDBc5AamRyKopJ231rQqjtopump,D6bTtoSgLknJ9KrgDFUtB5WpqomrNEjBJipVVRoFh2DC,False,2001
3r47KcqjfQDyG1PvC1UfNbApCDeZsaufw6hWnPGVpump,TSLvdd1pWpHVjahSpsvCXUbgwsL3JAcvokwaKt1eokM,False,993
3rgPisEcCDXYTfxWYPSrgjWYuLuXvHXRP7BEFrVMpump,BXUXVDSS69y8usM3e66NqJwtvcMFWYLGifYmgHLbxpw3,False,1
3rikqCWZ6RmDhJT2kM2TjAPLUuBcDhcqqADsJoVqpump,TSLvdd1pWpHVjahSpsvCXUbgwsL3JAcvokwaKt1eokM,False,504
3rsLopLpKA926Ckq5unv2XUixSAC2Z1hJXVJrDQapump,TSLvdd1pWpHVjahSpsvCXUbgwsL3JAcvokwaKt1eokM,False,1
3sBJvb6sLQcQsBPSmiQKFTuq1D6wSpmn2kHbJXSppump,TSLvdd1pWpHVjahSpsvCXUbgwsL3JAcvokwaKt1eokM,False,467
3sC7JbFpucPsow13ihQmCgM5PEfkK8z5HLp82xBzpump,G8VtMD6gTZXuLiLVQjuVeoFVRMZZCLYVis9FNghqPmQ8,False,1
3sCrAAjgrY7jXd82Qn3LmLqrgCAfcTFExhwpb7aPpump,2vCCutwJsKn7GETEyLiUL9XrSWXUfBTPgFpUDkS71uV2,False,24601
3sfcaZL9cqfjR6tEVahZwidgLpSbzLxusjDgeJz5pump,TSLvdd1pWpHVjahSpsvCXUbgwsL3JAcvokwaKt1eokM,False,1007
3si45iysTCBXFn8jz3PnR3qL1bwGSuBMT7mViHL7pump,TSLvdd1pWpHVjahSpsvCXUbgwsL3JAcvokwaKt1eokM,False,1047
3sk6T5gzpvPcvGDqXC4erFvrB9yeJrRJniXLaH6Cpump,TSLvdd1pWpHVjahSpsvCXUbgwsL3JAcvokwaKt1eokM,False,1
3tU9kFcvG9RAdZUDykRqe1whZv6yvUNgCXMhg5Xzpump,TSLvdd1pWpHVjahSpsvCXUbgwsL3JAcvokwaKt1eokM,False,1
3tXhY2j4qV75AKWEapZho3MuSJxMdiFz5SHmKKYtpump,TSLvdd1pWpHVjahSpsvCXUbgwsL3JAcvokwaKt1eokM,False,437
3tjYEojjq5yD5ask6MKC2nA4Ben5bAYeheMbSRVjpump,TSLvdd1pWpHVjahSpsvCXUbgwsL3JAcvokwaKt1eokM,False,1
3tpbcxSggJDweShf2WBRDBpmsPUq2pvCuvpSR1bApump,TSLvdd1pWpHVjahSpsvCXUbgwsL3JAcvokwaKt1eokM,False,1
3u71eCa7bnL6h8WeAzoMtLVJN1TxwXpctHUNpqXUpump,TSLvdd1pWpHVjahSpsvCXUbgwsL3JAcvokwaKt1eokM,False,1
3uACFSBwdR3rKpG8TSnMWVievWJvSJifWXGoET5dpump,TSLvdd1pWpHVjahSpsvCXUbgwsL3JAcvokwaKt1eokM,False,24601
3uDKiEg7BofYnBFWqtXvFvRbzYJVgVd8ur1Lyzrrpump,TSLvdd1pWpHVjahSpsvCXUbgwsL3JAcvokwaKt1eokM,False,24601
3uHqdUgHvvXTpNN4nLemCueazKMTNtwBHeA83fUzpump,TSLvdd1pWpHVjahSpsvCXUbgwsL3JAcvokwaKt1eokM,False,674
3uNxf2hcggao54SBopACzsUV4VeDUxY15NbmUv1kpump,TSLvdd1pWpHVjahSpsvCXUbgwsL3JAcvokwaKt1eokM,False,1
3uPW1mS73MsFahwTacQb3anDRRVsuNxJfswzMAsZpump,TSLvdd1pWpHVjahSpsvCXUbgwsL3JAcvokwaKt1eokM,False,24598
3uPg7L1n575iWD6kKGGGg7etcGurS9UsR1tcs7b3pump,TSLvdd1pWpHVjahSpsvCXUbgwsL3JAcvokwaKt1eokM,False,1
3uhTiRkZXCdM6mz22t3chUh3hFpJizoRGXqwX4FYpump,7VqtRLJnbfTpjtj9tXdSobcjm9uzWMRFXWwh3DSKEiYs,False,1
3ujDC8hzAzh2PPSNrK8ZuSzji9YpMmNafTMcqsTCpump,,False,324
3ukzVXdDBwyPP3vDFMq952iGZC3B792FqMsE4WXcpump,4Q1mftLTedn1GpiAUTqtMyAbgh9Co32dK9ycMLo6qjSH,False,22859
3uqjKwjE8zck5NLr8Q9gcFYq3jHAnMgveQDQig5epump,8wsi9TnodcpuLXQEYiMP2wLhkB1scGACocBBdXAzHVi,False,24601
3v6p7vVrwRpn36bJU4eTmoqcLcD8jRXWLEWT3kUmpump,TSLvdd1pWpHVjahSpsvCXUbgwsL3JAcvokwaKt1eokM,False,56
3v9rGfCdw316M1NXiQUJejfZzyhAEyDemS1F6rK3pump,TSLvdd1pWpHVjahSpsvCXUbgwsL3JAcvokwaKt1eokM,False,255
3vGjQ4GeLmBmdQ84YHWzc3pL8he9ykgpXA6Hy9R8pump,TSLvdd1pWpHVjahSpsvCXUbgwsL3JAcvokwaKt1eokM,False,1003
3vGs1dmiidggWcPgJvFotGeWpeuyJE3qVEVnhHqupump,TSLvdd1pWpHVjahSpsvCXUbgwsL3JAcvokwaKt1eokM,False,3720
3vQrMByMk3iuidz7LKsGXxb5CZtVbVqq6gRC1qvbpump,TSLvdd1pWpHVjahSpsvCXUbgwsL3JAcvokwaKt1eokM,False,1
3vY5xXt92WsyG6j3DerXNVcJWmcGdZ8BGAQCPv3ppump,9QncS9eLWZxcjSfYpQ5s3JrUqTg2M2wwf2BWzi94eCjH,False,24597
3vbGujksP6Em6QusQtZf8v9NV1Goqbn93cohuxZfpump,TSLvdd1pWpHVjahSpsvCXUbgwsL3JAcvokwaKt1eokM,False,732
3vbKBHY6MwfyxAsJ27okp4ydx1hxrvGMz9Rq3vxjpump,BzZAu2gRietbf1hziENk4JPFGEnAAQ3fWFt4UdR44GKw,False,2001
3vqVdScEVGf6UfZ7UyAaRvMFufJUap3Q4dpZcMDspump,TSLvdd1pWpHVjahSpsvCXUbgwsL3JAcvokwaKt1eokM,False,651
3vrC3YS5V7Dctb9VmETPKdJffKoVbtxo3ECQg98Spump,,False,250
3vzLGVuVxVJYAmjd4jT2n4zh6DZbQhm198pfEQJopump,TSLvdd1pWpHVjahSpsvCXUbgwsL3JAcvokwaKt1eokM,False,1
3w7FiYj14PX9veCsaJ4pCPgDqbjDsL5uRXwNSwmhpump,CpysPkQecQLDE67anQ15UyUscEHUmRjWyuU6cqwvbqEn,False,1
3wJ8vbpzdXnWL2SkB3fzkdKgyAUPaK98BD9C9B2bpump,TSLvdd1pWpHVjahSpsvCXUbgwsL3JAcvokwaKt1eokM,False,1
3wLSMqYbKdTrkuUqbiR511rjAVCBSM4VJCz1iia3pump,H4ydQC4TcrUtGoMGCqZJxz8L8aeSDPJCsDPpEcwNWSNm,False,1
3wRJVAPJhPnxow8guuvcAxgzBJqbRm3DH7BSa2zppump,TSLvdd1pWpHVjahSpsvCXUbgwsL3JAcvokwaKt1eokM,False,468
3wprogsPCgHH7YpcsBfujfj3a5Kz8Lunx9HxtZSupump,52mXWzgdyhTYx5nBPxZEDCUn8RP6oPszZNrtBRiYAsJs,False,1
3x3voLjP3DE6QnyjrbTvFrfWPrD5DGzdeE2dWXt8pump,TSLvdd1pWpHVjahSpsvCXUbgwsL3JAcvokwaKt1eokM,False,24601
3xVRXiLeoCDrWvCPFobdrEorrGc4RSddckbUiunfpump,8gM4gnxdLdkvifM9TCwkGAxrnNw4NiSiHbAdE1RqY96e,False,1
3xZoug5Kt3Tyx8Cro9fb7otWr335Sih94Q61RhGXpump,,False,12
3xckQouCi1rTmdqY8AsMymhFfkY4KEryxRDK6iaopump,TSLvdd1pWpHVjahSpsvCXUbgwsL3JAcvokwaKt1eokM,False,865
3xgGLzZQ5DH6DTXgsCRYuCkCgHQaPQdLB4SpMVhVpump,TSLvdd1pWpHVjahSpsvCXUbgwsL3JAcvokwaKt1eokM,False,36095
3xhDkG9BgTBnwM5D3PACpJxwtmJ1Py9LzpvmkD67pump,TSLvdd1pWpHVjahSpsvCXUbgwsL3JAcvokwaKt1eokM,False,1
3xv6pWP1oVENMkZAASxoiAF4dFH9PGVtDnVw8xrbpump,,False,1
3yNWL7kmuwVW2fLNfHD8w1yqxKv8LNF4abCrM3zBpump,TSLvdd1pWpHVjahSpsvCXUbgwsL3JAcvokwaKt1eokM,False,1
3yRUnUfba3KB3BnXQDy9iaR9Pn6cguY8Ug5RV44epump,,False,1
3yRv5NsdUMffhri9rhcoiccqBbWYf5XfoTDqomgRpump,TSLvdd1pWpHVjahSpsvCXUbgwsL3JAcvokwaKt1eokM,False,24600
3ySwvrJaiNshXxAHYWRYr4wKmo8Y1NR2ER4UwrQTpump,TSLvdd1pWpHVjahSpsvCXUbgwsL3JAcvokwaKt1eokM,False,1100
3yk1JVt1WKt8hKsjy3mF5kgx35ew5fP1FNdi9CSUpump,TSLvdd1pWpHVjahSpsvCXUbgwsL3JAcvokwaKt1eokM,False,9
3ykfVTBhroDFKUxA648R116VX7gn5Cob91VLkM3Fpump,TSLvdd1pWpHVjahSpsvCXUbgwsL3JAcvokwaKt1eokM,False,608
3ymdPBp3LjxEsJpytVAKwzUAt7jSdVgCoHVXXBZMpump,TSLvdd1pWpHVjahSpsvCXUbgwsL3JAcvokwaKt1eokM,False,218
3ytQ1uY1XVJMuXcA5ndjpjA1aQ7etcHQCyqzuZxupump,TSLvdd1pWpHVjahSpsvCXUbgwsL3JAcvokwaKt1eokM,False,1
3zBtwmHzT9zyBRvTH6cr2sGDRvFenFBmHoR2u6Dspump,TSLvdd1pWpHVjahSpsvCXUbgwsL3JAcvokwaKt1eokM,False,1089
3zCmsp5KgbB1eiuwLRjM38RjT1fWVjwn3FaNwHzipump,8gM4gnxdLdkvifM9TCwkGAxrnNw4NiSiHbAdE1RqY96e,False,2001
3zmTDxKuANbHWtkLCKLXEByrrP1PqCgN9wCqk2ePpump,TSLvdd1pWpHVjahSpsvCXUbgwsL3JAcvokwaKt1eokM,False,1
413KAV5kzA1t7ThLUbzHMv97sndwP8V3swM6YZ4Epump,TSLvdd1pWpHVjahSpsvCXUbgwsL3JAcvokwaKt1eokM,False,1050
416N3SBcLsTvPqiP84YDGXzCK3Av7BHGcRFEYC42pump,TSLvdd1pWpHVjahSpsvCXUbgwsL3JAcvokwaKt1eokM,False,1289
418QJC9cHmUXYFDEg78bAZE765WS4PX9Kxwznx2Hpump,TSLvdd1pWpHVjahSpsvCXUbgwsL3JAcvokwaKt1eokM,False,537
418topx1oFJp6h1nm1VmfKbRBKoapDoJ28bMbPfXpump,TSLvdd1pWpHVjahSpsvCXUbgwsL3JAcvokwaKt1eokM,False,35875
41AqLKGzecdnvkcGYy99Z5zSLWo5MTgcVPA6jVEjpump,TSLvdd1pWpHVjahSpsvCXUbgwsL3JAcvokwaKt1eokM,False,24600
41BkV65rJDvxZcLaFwMuewsiQ2G8eyjbigSnYxL7pump,5jbJLRyHWPXN6p9S2VtvaB9yXAHRhd8QGGwSzEgDDvG2,False,2984
41DQrwTf7QtceSoXSnHH4PbUoeRkWCoNKVBHaYEnpump,TSLvdd1pWpHVjahSpsvCXUbgwsL3JAcvokwaKt1eokM,False,565
41QCKGk3EMdchNZyC3AePSFJjmto7HtM8wt9UroGpump,TSLvdd1pWpHVjahSpsvCXUbgwsL3JAcvokwaKt1eokM,False,599
41W1AatR6LdjRz46kqm1dXLkHJRQkMdQ5kd4JPDdpump,4JhB5ip7rugPvhJtPaMfx11CdLp8HrZoEKs2evwNiWZZ,False,1326
41bebSEFcBAY4Pk5k3uT7ZMYAjJJUrUb3gdEWvt3pump,TSLvdd1pWpHVjahSpsvCXUbgwsL3JAcvokwaKt1eokM,False,255
41jR1mZw9N78srX24fkFzmzGBn7xy7vtTZgVNTfjpump,TSLvdd1pWpHVjahSpsvCXUbgwsL3JAcvokwaKt1eokM,False,342
41k1ZPS2vzjLadeeSkJ4qTMbK9k61rGDBXHv8FEspump,TSLvdd1pWpHVjahSpsvCXUbgwsL3JAcvokwaKt1eokM,False,868
41ogcpM8btW6s33SVNM7spBAQQm1ZVdmuDabLLi9pump,TSLvdd1pWpHVjahSpsvCXUbgwsL3JAcvokwaKt1eokM,False,1
41revsxLUZnoiUQoMT9eBVCzi4cs8Xbs48rp53gcpump,TSLvdd1pWpHVjahSpsvCXUbgwsL3JAcvokwaKt1eokM,False,1
423yKbP5Uoz1nseTd3pgbSnZ7C6QbuvVTbaLPajApump,TSLvdd1pWpHVjahSpsvCXUbgwsL3JAcvokwaKt1eokM,False,305
425rDUqu1jvVYznJiLteUftm4pGV7mZQicgMWvJKpump,E7DY6obGmjFGnC4iNc2wvSxEy74xcprKeLtqzDf7j4B5,False,24601
425uGp1Y2zs5RbZxz6LpZktwwyyP8fkYB7spFQoxpump,TSLvdd1pWpHVjahSpsvCXUbgwsL3JAcvokwaKt1eokM,False,1154
42J187iNjH7r7tEXwwz3QQaCfeqExUW5E4NpBf89pump,TSLvdd1pWpHVjahSpsvCXUbgwsL3JAcvokwaKt1eokM,False,765
42foAVMuVrRKLFUbFGEhox8SQqqitQzrWtTojnxLpump,TSLvdd1pWpHVjahSpsvCXUbgwsL3JAcvokwaKt1eokM,False,94
42kQcSb1gkrqfMHs4gjjid4q3x5nhJ3ypHTHNZ1apump,TSLvdd1pWpHVjahSpsvCXUbgwsL3JAcvokwaKt1eokM,False,1
42rVpDE4bafataiidy9HVSJxukdB7UJNhS7STJUmpump,TSLvdd1pWpHVjahSpsvCXUbgwsL3JAcvokwaKt1eokM,False,1246
434NsHiQ2sAhF2JPP2JmHwSFenck86tGdbTvrXrCpump,8ZBthcveCCKsVaAoCxU5XLdQVUidiCWUJpAm5Zwqm8dW,False,1
43BFhQSbvXUFSDwBiNbTKSVgwkT7JGmbwGsgJszqpump,TSLvdd1pWpHVjahSpsvCXUbgwsL3JAcvokwaKt1eokM,False,1011
43LyexXpJtFKrr2S2cB2U9ykVygpzYLAazF7MJ7cpump,38rc27bLd73QUDKmiDBQjsmbXpxinx8metaPFsRPSCWi,False,24597
43SCZ3dDQZ29BKq5uyozYf6wxgJiV73APKM9S2jepump,TSLvdd1pWpHVjahSpsvCXUbgwsL3JAcvokwaKt1eokM,False,992
43SEuyqsUmyKiKVQMLHKA1mcosKQ12tiYPQn5oBupump,TSLvdd1pWpHVjahSpsvCXUbgwsL3JAcvokwaKt1eokM,False,24600
43UKTULPFkHd9K6a8nWjjwtisEgWRWPoD6ocEmH8pump,TSLvdd1pWpHVjahSpsvCXUbgwsL3JAcvokwaKt1eokM,False,898
43W3kda48Cxi2Xhxz3yHUtwgJnD89o2rQgptEXDopump,TSLvdd1pWpHVjahSpsvCXUbgwsL3JAcvokwaKt1eokM,False,24600
43Xrj6bpoA3T1WFugPGbV37EpBD2L9eHWPC2XWTNpump,TSLvdd1pWpHVjahSpsvCXUbgwsL3JAcvokwaKt1eokM,False,377
43b2WtokZQTt8wJ2Z6xDvq3uaBcZPdp2bvxBXfg3pump,TSLvdd1pWpHVjahSpsvCXUbgwsL3JAcvokwaKt1eokM,False,131
43h2z1BgBp9rGyRZePsVsVSVoWdWSv32sLWzKuodpump,TSLvdd1pWpHVjahSpsvCXUbgwsL3JAcvokwaKt1eokM,False,1506
43kDpYJVBx8ctbyvGPzfBdrLq57w8m4JYibd8tUfpump,Cci7GLZGMxYtyzTuDeWAtrHnppouvwJRrKjBPt6kASbD,False,647
43sHukKdcHswwGE8NVjucvEkuqahSaTaX2LGv4yppump,TSLvdd1pWpHVjahSpsvCXUbgwsL3JAcvokwaKt1eokM,False,1184
44DU99qpTde742CqSqasvcMi6i7zVZipbCzkbs61pump,77AnWmATbGbHhx1p7kdie7VHq7bvWEPHfwQTvVqGzj41,False,24579
44MyuCTePMk5aLBrR5gV9Nc9hiPaBhKdk1Ltm9bzpump,91xszAXY7SPcCuFk6UycfXbARAb7fKU1JDef5MVJc6KW,False,14597
44T9jZdUnKpuDHWaBB87JmxXJsdoxJSWXjCXxdx2pump,TSLvdd1pWpHVjahSpsvCXUbgwsL3JAcvokwaKt1eokM,False,1
44cdaSsGYWAU1HxosBzkBRVcq22TtAQ4windjxr8pump,TSLvdd1pWpHVjahSpsvCXUbgwsL3JAcvokwaKt1eokM,False,984
44ez81AdhpJoog1ArPE16qLnrh5iEJRR81gEhdg5pump,TSLvdd1pWpHVjahSpsvCXUbgwsL3JAcvokwaKt1eokM,False,934
44uPypuyR3TSzfvXeKEcKfrBkc9oFeGeX5o92Nyapump,TSLvdd1pWpHVjahSpsvCXUbgwsL3JAcvokwaKt1eokM,False,1
44vUT784AtRVzS7Yxp8en5LuHa1HibECKpTkrRespump,TSLvdd1pWpHVjahSpsvCXUbgwsL3JAcvokwaKt1eokM,False,323
44xU5EtqPdHkzuZXTFzFhFYkJGrPu8qVmhbQWCe5pump,TSLvdd1pWpHVjahSpsvCXUbgwsL3JAcvokwaKt1eokM,False,1136
451zhKaaoX9jt68s5rWpmSKp8uKSu9LZwNmsj5XLpump,TSLvdd1pWpHVjahSpsvCXUbgwsL3JAcvokwaKt1eokM,False,1
457PbiajA8Tsh7FqS2Y68ncdXcGobkeLT7GP4mYQpump,TSLvdd1pWpHVjahSpsvCXUbgwsL3JAcvokwaKt1eokM,False,1
4585qPCgEq4cN9nYMm7dqhfMwuVzqrQyGnQFMD2Cpump,FYxryXMqxvj8ZJNhSbXkZoXjZ6b1eTmATmuVfmmXBfZD,False,1
45F22Qsvn4qvRu1mYC7jUfBEQbSshN8tySsCkcz2pump,TSLvdd1pWpHVjahSpsvCXUbgwsL3JAcvokwaKt1eokM,False,816
45KazKCKmd1ztNnLBubB6MxEUw6zai4ZY1wpFCuNpump,8LEJ6v1SvMQDwJedPwfBDcruATHsAfZFverWGXPqk5z,False,53097
45Lyj9mAFftxGivG8ytbFHkEYkAqU4mGcqruVys1pump,6BGpEMyyv4Af37s57PrtuWCmrihyeZziA3e9ub288wyk,False,1
45PfAFkRYNAE8fHDrjPZAFJBNQXB9HZjQiiKzVZbpump,TSLvdd1pWpHVjahSpsvCXUbgwsL3JAcvokwaKt1eokM,False,349
45QasSARsH1hYhm37ryQKoxxUUdDRAvZaehiKS34pump,6c4EVmZMeHNpkhRTsEmPmiueTT9nsqgyjaYDkcmTA1D5,False,1
45SbFRyLqF4ixURt9LEqqedPHxrnh3VbGdVTmQ3zpump,TSLvdd1pWpHVjahSpsvCXUbgwsL3JAcvokwaKt1eokM,False,1129
45Ydy3MMVjmhF7R7kZ1j1BT9Zz7JCaspp27tkG5upump,3vuHc54VhYe4gzD6az22KcfN5bErXTPgD7eF5SbhUJUj,False,24601
45mBwezkxNN7R5zQHwNmrbw5wu2UDMQ4rGM62G5tpump,TSLvdd1pWpHVjahSpsvCXUbgwsL3JAcvokwaKt1eokM,False,539
45p464XsobFHW4jjaLK93SoSoHod8yDwHzZGmn4Epump,TSLvdd1pWpHVjahSpsvCXUbgwsL3JAcvokwaKt1eokM,False,24599
45qtxSm6L1J1RPRrcyLgdjjjgESZ9M6abrzpEG2Lpump,TSLvdd1pWpHVjahSpsvCXUbgwsL3JAcvokwaKt1eokM,False,1249
45rpJUMN39M2QfjCJsas5iqmdF61ByD4Wmn6oSMTpump,TSLvdd1pWpHVjahSpsvCXUbgwsL3JAcvokwaKt1eokM,False,783
45xUQHpV9fF8iN3j4uyYKz4UwNNDcUfTZHRvKgB7pump,TSLvdd1pWpHVjahSpsvCXUbgwsL3JAcvokwaKt1eokM,False,1
46KirRwaHxiVhLCapkqPj1M7urYChzmkGLRNyuuzpump,TSLvdd1pWpHVjahSpsvCXUbgwsL3JAcvokwaKt1eokM,False,776
46RN3PxRWtoPhu4jeA7WxWR5MAaLh6cm3S1kYmu8pump,TSLvdd1pWpHVjahSpsvCXUbgwsL3JAcvokwaKt1eokM,False,1
46rUTKS5y7tLBAhsedScMPULXSnFFZpoJTXwfQavpump,TSLvdd1pWpHVjahSpsvCXUbgwsL3JAcvokwaKt1eokM,False,320
47F8NBNSJ3XnckW2XW9eSD658PkVpSk7XJV5LCZtpump,TSLvdd1pWpHVjahSpsvCXUbgwsL3JAcvokwaKt1eokM,False,1177
47iiJzWmt2fSBko81qzYWCyAZrJURMBFMVTZeWTfpump,6p2YyFhhWYQLnJfhWZK48Kz8Njjw9Mzo9TnLYX8Yu19b,False,24600
47uYAPNpAMJrLLxQZ7QQ9F1T6XBHqfPHLTfLsCCapump,TSLvdd1pWpHVjahSpsvCXUbgwsL3JAcvokwaKt1eokM,False,1
48UE1jHd1YRR2EpTnRXi6dA15eboq92jm1YusW2epump,TSLvdd1pWpHVjahSpsvCXUbgwsL3JAcvokwaKt1eokM,False,1
48dCUfTgRVFgzM1CWNeC1sokmcBtMAc2e3f7wPJGpump,6hZaddmXGuLQMABr5H2Byu74YbjwyfNbS8jazLQPDmXN,False,24601
48yNDqabAvGNfnkhadsV1MAvtp44fFDdHBRBdFhvpump,TSLvdd1pWpHVjahSpsvCXUbgwsL3JAcvokwaKt1eokM,False,1
4994XJ88RjBS5SKv7qSe4fM3qtPRYzqYBQLe4NRDpump,TSLvdd1pWpHVjahSpsvCXUbgwsL3JAcvokwaKt1eokM,False,1
49HfsYrFpBp4hqp9YAvaKvPDCS1NtbdbmzKriWYGpump,TSLvdd1pWpHVjahSpsvCXUbgwsL3JAcvokwaKt1eokM,False,2418
49JTBLngcyajewHqW3PhqNSbPf7HQN26esXWoV7Fpump,TSLvdd1pWpHVjahSpsvCXUbgwsL3JAcvokwaKt1eokM,False,811
49V1xDGTBzFLrvizZu2gg2dGu19SK8fbxdjmMP5Rpump,TSLvdd1pWpHVjahSpsvCXUbgwsL3JAcvokwaKt1eokM,False,325
49a9AB5YgsdwsPiHhbyUiU5iZvQKKJanZXpBLxW2pump,TSLvdd1pWpHVjahSpsvCXUbgwsL3JAcvokwaKt1eokM,False,213
49fatGDezfDdJPuLphbpEahD26RMMKN5kvNBvdMQpump,TSLvdd1pWpHVjahSpsvCXUbgwsL3JAcvokwaKt1eokM,False,927
4AAmyhuio2bi7wGaPh1W47BD44o2YHrqr4WUSGpSpump,TSLvdd1pWpHVjahSpsvCXUbgwsL3JAcvokwaKt1eokM,False,1106
4AKYKa4JLKQau7m8B7hmFdN8ur1SvqUDqJt6D44Npump,TSLvdd1pWpHVjahSpsvCXUbgwsL3JAcvokwaKt1eokM,False,1
4ALtFjC3M3Cg8RiooUoqzDGXCpgwb9csDEHiRaT9pump,TSLvdd1pWpHVjahSpsvCXUbgwsL3JAcvokwaKt1eokM,False,1
4AM2LPxSmDxD1c8WyPWN2i9dKo87SaYHP1fPSdCopump,TSLvdd1pWpHVjahSpsvCXUbgwsL3JAcvokwaKt1eokM,False,1
4AZ3WFnLtMt4XmK21Fsu6SWgtgCifBxPMWDKzxYLpump,GEJ2kXnVeiFpYKbWxRdcvmJkmr8wNzbrQtTnGJjaXJBD,False,6949
4AjCRbHcAf7didh7EHBdWqqeECwH9LJqUYBhmgqtpump,TSLvdd1pWpHVjahSpsvCXUbgwsL3JAcvokwaKt1eokM,False,26601
4AoUaXuSmTrq8jRktFkubqWkxSWXR4DqH8xNgek8pump,TSLvdd1pWpHVjahSpsvCXUbgwsL3JAcvokwaKt1eokM,False,88
4B1Jc1mzd5TzhDABZhyX2853u7MnyKFYdvTq8xRwpump,TSLvdd1pWpHVjahSpsvCXUbgwsL3JAcvokwaKt1eokM,False,1143
4B3NXEKgsT9hsadpCKNEwSXj6aDqwR7iqe5GzvgKpump,TSLvdd1pWpHVjahSpsvCXUbgwsL3JAcvokwaKt1eokM,False,1
4B9XcS9pq8Dz5Xji5M8hSMssme7ScNab4crAuLeYpump,EzePKE3cQA9mzTEN2EcFSxWfA8w283eqpND9s1Wnvb27,False,6713
4BRWKX3b8Kne17qtaVyvYNWgZPTiNTdEiz1uW2mgpump,,False,1257
4BRummYdfvoEGQwYzTSmn5F6RyAFdrHUTFkeagobpump,TSLvdd1pWpHVjahSpsvCXUbgwsL3JAcvokwaKt1eokM,False,1
4BixQEY95hsjDXWEPgXfAKFnGV34dNZAjrPef3kkpump,,False,1259
4BxdvsJJkxJC4Cz4XLgJCuRkJVidQRV9H3CXBAmkpump,EvjBJmARLxo9HQGjvGrV4AW58dY5pNHkmwrTKar24W6s,False,24600
4ByDSSiRjxHJMJj5jFgk4p9XB3Suxi3Lf8DWMW8upump,TSLvdd1pWpHVjahSpsvCXUbgwsL3JAcvokwaKt1eokM,False,1
4CAf9VYx6jsMUiENHtu6TvQdGfjt4FWMrPCYkknfpump,TSLvdd1pWpHVjahSpsvCXUbgwsL3JAcvokwaKt1eokM,False,24593
4CJ1bsJpYpbssGbmDxf5EcWBBg4eijbzmn46a2svpump,,False,24601
4CKWBjXfAZNDyMDeMBPDx5gfcuHdFYDu2QfuqwWSpump,TSLvdd1pWpHVjahSpsvCXUbgwsL3JAcvokwaKt1eokM,False,1
4CUiCWuAsVn4nCMf6ocNAwFxiJTcgpsN83P9MJwHpump,2VQqPaMnzrJozDpSgGuNdLMqYoNWrpp4P3EuVoY2TMDq,False,24601
4Cnk9EPnW5ixfLZatCPJjDB1PUtcRpVVgTQukm9epump,TSLvdd1pWpHVjahSpsvCXUbgwsL3JAcvokwaKt1eokM,False,1
4CrXYGNCwWGr2MjhJJMkxk5ghx5NDTV8KAzyjhEmpump,TSLvdd1pWpHVjahSpsvCXUbgwsL3JAcvokwaKt1eokM,False,26600
4DBgRWs63QzBwj71Qxiiz49DUZJi2QgUha7cbadepump,TSLvdd1pWpHVjahSpsvCXUbgwsL3JAcvokwaKt1eokM,False,1
4DEFCb5t4Ww2YScco6mUhQNCpkB76ps1ev8nbNfvpump,TSLvdd1pWpHVjahSpsvCXUbgwsL3JAcvokwaKt1eokM,False,1
4DQK2qavwTx7yH22QcUAQa13QcuTqjXXPDPhqbUapump,GTtEDgRKYU6Sw8YPeh8TbbFgdahUt6u5zScqdKTtrzsQ,False,24601
4DQmv2z4s8kMyZRnx44kWxzZ4qsmB6WwWPvRFk1gpump,9xTgXdgwdrYUjGxNFpNXEehbsKUiCCa6VKQqfB6uYRr5,False,24601
4DUMGk8R9YXCmuv22AvFTDRyusrEwj3bKcVzfajwpump,TSLvdd1pWpHVjahSpsvCXUbgwsL3JAcvokwaKt1eokM,False,333
4DZDcJhePBwcoyp7AzY4vMo8391Az6LC1W3YdyCYpump,TSLvdd1pWpHVjahSpsvCXUbgwsL3JAcvokwaKt1eokM,False,200
4DqJg1jvmXnG54PTcXY97zbEELBFNte8AU5ttjD4pump,TSLvdd1pWpHVjahSpsvCXUbgwsL3JAcvokwaKt1eokM,False,649
4E6r1gFfeS4ESRR8hdgSB7dJ9HbiFzB1tJ7dYM1Rpump,TSLvdd1pWpHVjahSpsvCXUbgwsL3JAcvokwaKt1eokM,False,1155
4E71o3tpn1PyUHMTjt3eYgkwswBUq1ZYwd4eP3erpump,CsPmNmZd35yuymLhkDcZtc8RApRhK8M8EqQiJ2LPytn,False,3089
4EFD2ro4cS3iRgnqtFJTVvCh8GiCGHDa5hjGmVz4pump,TSLvdd1pWpHVjahSpsvCXUbgwsL3JAcvokwaKt1eokM,False,1199
4ENXgmtjzrjC7JjodA7VUToAPLjW1SMEhkT5uZjspump,TSLvdd1pWpHVjahSpsvCXUbgwsL3JAcvokwaKt1eokM,False,935
4ERBJKY3NnF2z718fQcFm9Q6MnHirZHXVrdpVbhwpump,TSLvdd1pWpHVjahSpsvCXUbgwsL3JAcvokwaKt1eokM,False,1
4EV5J6yQ3RDRGxQaD9DM6Kahi7CkNXp1z81nZmCTpump,AZonYneuTpmRz3ZFSQm43qMNX78jxqhQjL6vNnshxmTa,False,2001
4EaP94xmUctWPMDVh2GpvDsr4Uu18inEzM85VNqZpump,TSLvdd1pWpHVjahSpsvCXUbgwsL3JAcvokwaKt1eokM,False,521
4F179EXXA5qahQkHjTABYi5Ci9UFcQTZfa9jogUBpump,2B4xV27efg5iHQcMk7j3Cj3aa7GtQm6aoqVwpkYBNyFj,False,1008
4F62j1QX4uotvMihctmMPNe6NbLnnZUU2dAv7yHHpump,TSLvdd1pWpHVjahSpsvCXUbgwsL3JAcvokwaKt1eokM,False,661
4FGx4d8jG9eXLX7Ag5T5BTcx6brpnxzXMgjrQN2fpump,7i8EENrs9nL37TzTX14EbRJGS1joYLQL6HeQbjJskXrP,False,24601
4FRzvry7yzqE4Jsf17376c9XDLJZsvgw4WQGAgjqpump,HNfwYzjzd2KJpabUhzHgkPeY9e31YxTnXUPfpewrTVyq,False,1
4FVjgGkFhmjWGrfvKeJy4fUn2LZj3XZUFT9jf3Bopump,TSLvdd1pWpHVjahSpsvCXUbgwsL3JAcvokwaKt1eokM,False,1069
4FXm3uodVkE5Gsm6xFiCsuhx1yhCixszVypraeAfpump,TSLvdd1pWpHVjahSpsvCXUbgwsL3JAcvokwaKt1eokM,False,433
4FdqyFg3rYs9NRjC7shGmSH7YG4iQgAPSUyzDkWxpump,TSLvdd1pWpHVjahSpsvCXUbgwsL3JAcvokwaKt1eokM,False,1
4FfQt1aTyarX3wLDBW1J42LAnuG8QyEhZuWY43dGpump,,False,1102
4Fja9vH5HaSJPPfj2dD6zBm9sMZPMEmmrXQk1xRVpump,TSLvdd1pWpHVjahSpsvCXUbgwsL3JAcvokwaKt1eokM,False,878
4FrXUwfQ7zp56N87ac8BX2aqmFoKmvo6Jp7SuTMZpump,TSLvdd1pWpHVjahSpsvCXUbgwsL3JAcvokwaKt1eokM,False,1
4FxtVVjQSkwKghNXnGBxx3iSoN3XQcsZ4fmjAbLPpump,TSLvdd1pWpHVjahSpsvCXUbgwsL3JAcvokwaKt1eokM,False,1
4GFe6MBDorSy5bLbiUMrgETr6pZcjyfxMDm5ehSgpump,TSLvdd1pWpHVjahSpsvCXUbgwsL3JAcvokwaKt1eokM,False,5423
4GPrFRNYRg1iQQ6G5eiav9CJuczGNGNo3aVgGZCApump,TSLvdd1pWpHVjahSpsvCXUbgwsL3JAcvokwaKt1eokM,False,939
4GRMYGTSQ2giVmCzY1fWoq9QZtcBepvVU9zKWUBkpump,t4jhPH88XoFzhuiYP6pPJKUvPoJPtNxyhrD7qpNbhmG,False,41398
4GULMPKBJLruChBZWksZzukAg1AjSCmCTMn9ny2Xpump,TSLvdd1pWpHVjahSpsvCXUbgwsL3JAcvokwaKt1eokM,False,1
4GtCWmoxuMg6w1qEF8wBCusScbhLeaTJeUpsyRE4pump,TSLvdd1pWpHVjahSpsvCXUbgwsL3JAcvokwaKt1eokM,False,1146
4HA9EPvyVG9TuQC9kEvpixpA8ReikpW6gVQ1PiZcpump,TSLvdd1pWpHVjahSpsvCXUbgwsL3JAcvokwaKt1eokM,False,1
4HEN6QcmzjGfhSgpyyfTsE7ohdamb5jMPHRg2RXapump,TSLvdd1pWpHVjahSpsvCXUbgwsL3JAcvokwaKt1eokM,False,1
4HHeecDRA8rDkxjzyRn3QQwPEkxotZKKENJUFCsspump,TSLvdd1pWpHVjahSpsvCXUbgwsL3JAcvokwaKt1eokM,False,1
4HNKmYz1cPPRecztwMj5QZbhu6AEdtaVcCNLcwM1pump,BQ4af7Rtbd8MccNEWmKv1vENDyD2Tvx3aL4CMMRzqYfp,False,24601
4HT1b2ysGXdyD5vxemDKq25G2sj3xeh2SvE6XMhNpump,TSLvdd1pWpHVjahSpsvCXUbgwsL3JAcvokwaKt1eokM,False,1
4Hq1qGjnMXAHVwfBS5dZPAh8MJoRKV2XhRpj2v9Fpump,EZSgngUKS8q3MXdAR3ar2piDZgqyhCumw4oPN1ncKAG2,False,218
4Ht3Ve8L8PUqHCtr77ZmjGfeGUACWTrM2CvwD4gMpump,TSLvdd1pWpHVjahSpsvCXUbgwsL3JAcvokwaKt1eokM,False,1
4J5HoZWoKcbo2JQxEEVCKRBfUQtEroY1QdRrKtZFpump,TSLvdd1pWpHVjahSpsvCXUbgwsL3JAcvokwaKt1eokM,False,1
4JCaUehMpcpqZEwuuiDc6tVBKo9HaqrKDJf6NVSjpump,,False,2001
4JJZiF3pVTvgyjMtH52JrzSXHweZAnmFZqsgy37rpump,Cvgq5S94MbAMvbgNKZKTCcWy3moVunQXMyF2zUxz26uL,False,956
4JKWbNe2J8vnzpXRQoVhhesd77YUa3HDViXTLiedpump,Aj138FJ8L2dnSuYV7uvPokwznqevdQKX8MosBZogRVch,False,1
4JVYRv7uZTyCUZzuj1kwUDxBvJTw3Nzy7MN2VM11pump,TSLvdd1pWpHVjahSpsvCXUbgwsL3JAcvokwaKt1eokM,False,2895
4JYGCWhzHtsMsPCTbfGo2hpYvEF4eXPwi3keeJR8pump,TSLvdd1pWpHVjahSpsvCXUbgwsL3JAcvokwaKt1eokM,False,1
4JjyRH3DFvtwAQP7GAeysAWxJHUNwkwb9korKJbzpump,5mV2aqgbRjPkKxGTbeJyUCKThYpwp6eviiYw9DkjXo54,False,24600
4JmpJXH18uCFfrfhQPPSk74j1MkGNHFzRkdARDacpump,CzFwLGEwoYQDxDiwQCz9as8tSrZ3DgVnWUbpKuJHAddv,False,24600
4KTkSPQTdefQhrKyr5pb4cdQ7bVSUNi5VstJx7HZpump,,,
4KW2dYGRdxFaeMWVKh1STeyGnG8KyREbK66J6RKMpump,TSLvdd1pWpHVjahSpsvCXUbgwsL3JAcvokwaKt1eokM,False,1
4KbSgmcm3YKQTyy1PmG5i2m1BY48A7J1XeY5PoLXpump,TSLvdd1pWpHVjahSpsvCXUbgwsL3JAcvokwaKt1eokM,False,1
4KfB2v3g1sRQ6htHfm3yi9TffXcZ56YZWskKEMbLpump,TSLvdd1pWpHVjahSpsvCXUbgwsL3JAcvokwaKt1eokM,False,903
4KxDJ9rrS5Reh5T8VS9JnrcrXEP5VTwJeoEcMwMopump,TSLvdd1pWpHVjahSpsvCXUbgwsL3JAcvokwaKt1eokM,False,1
4L4FU9jwtMdCzbQ7VLY8xetqVsJa8TBu5LgBwp9dpump,TSLvdd1pWpHVjahSpsvCXUbgwsL3JAcvokwaKt1eokM,False,212
4LCYJSiy132RdhrsTVPqRuBrB24SdEGDQFwJRCGYpump,TSLvdd1pWpHVjahSpsvCXUbgwsL3JAcvokwaKt1eokM,False,917
4LDT8u5BcVf2acdWJsqz45yaFsXBCsjY79ERLXX6pump,6N7gbGVrWG5rUzXunimBM1rfZhFjeBkKbfFoL6mAkasr,False,1
4LPhGhMNxohovfR4od2AdDyC3LxJYUBCLzzCV5Papump,TSLvdd1pWpHVjahSpsvCXUbgwsL3JAcvokwaKt1eokM,False,469
4LXL5F54cuKnjx9qGNWfYuz3vX5eAYqrwYe5X32bpump,TSLvdd1pWpHVjahSpsvCXUbgwsL3JAcvokwaKt1eokM,False,32
4LmvdjiWHfumC3Q2xGUVco7XWSyaNYPgsZDNKzCTpump,CzJ7S8UJRPXGfETSF4RcgVbn9RtTJvPDpEzvJpVfw9Xb,False,54716
4Lr97JgZ7SFBjrgCEHX3muHkUW44QQfHMMV4r381pump,TSLvdd1pWpHVjahSpsvCXUbgwsL3JAcvokwaKt1eokM,False,24595
4LrpADiBzWJKtCxfNrPpQ6DYbf9CLFDeCyUYHDg4pump,TSLvdd1pWpHVjahSpsvCXUbgwsL3JAcvokwaKt1eokM,False,740
4Luvg77ta3WMwjekLvWxp3XfUkY6sSeV8HYNsKogpump,,False,1
4LzqcMvVM56wSDVpnRfK6VwLKyxJkcDCJuQMaEDkpump,TSLvdd1pWpHVjahSpsvCXUbgwsL3JAcvokwaKt1eokM,False,1
4M3EgoMtstUM91Lrzt7iZBDCpDBuTu2Jy8NCYrtSpump,5nRDMCnuz43JBW8BXMHr8zUzQsyr3Y1xqznAhEvwZtPY,False,1265
4M3TNVrYGyCwEaHzwWovTAjfzAKw1yDDFt637q5Ypump,GmecSWvpJEhj7zkaF53S9zwGCib3hLnWv9tnBChxVBGY,False,24600
4M79Qjv2Jfjmcq19M41V8QFYohBv2KrgEn9dJhVtpump,,False,1
4M9xuFs5rxVTfaEbBdRswxzppmb1U75BA5x8FuyZpump,TSLvdd1pWpHVjahSpsvCXUbgwsL3JAcvokwaKt1eokM,False,512
4Mct99a6HrKWTqZH86n3YocbZRX64iGGTxiUeAUqpump,TSLvdd1pWpHVjahSpsvCXUbgwsL3JAcvokwaKt1eokM,False,24600
4MkR8w8BarWghrtaA1qVvQqHqvXnVA6wNprP2uhipump,TSLvdd1pWpHVjahSpsvCXUbgwsL3JAcvokwaKt1eokM,False,76
4MwaCFKUr6MudFidZ7RpvHRnPwcB4eECYAwp1XK1pump,3SbFY33n5UokykcKdgMKvBovAF38MrpTBdKqQU5CTTxF,False,2973
4N85aLJ65oNGQDgoY4qJ8taW7aaP49j7wdpGkkFTpump,TSLvdd1pWpHVjahSpsvCXUbgwsL3JAcvokwaKt1eokM,False,878
4NAPf5JaWt2wd2SCSNmhUctaGq86jAZy2t74PWfppump,TSLvdd1pWpHVjahSpsvCXUbgwsL3JAcvokwaKt1eokM,False,984
4NJg5b3YSyj1rapAmyqmJoT3eamQFL1AZFiH4Wfrpump,TSLvdd1pWpHVjahSpsvCXUbgwsL3JAcvokwaKt1eokM,False,715
4NeReJyNNq928JG7XkLpauepqNjVZqEiV7QAULcnpump,TSLvdd1pWpHVjahSpsvCXUbgwsL3JAcvokwaKt1eokM,False,805
4NfBFGkmfeETJib72T8tUWoVBekfwhRXDsmVNACgpump,TSLvdd1pWpHVjahSpsvCXUbgwsL3JAcvokwaKt1eokM,False,412
4NxnhKViNC3wJEdkWr4venJykFErjjUimbkEKCRopump,TSLvdd1pWpHVjahSpsvCXUbgwsL3JAcvokwaKt1eokM,False,979
4PC2RnYyMVCMBiUBUtXLqZoZwMc5C1xLSkj6moXjpump,TSLvdd1pWpHVjahSpsvCXUbgwsL3JAcvokwaKt1eokM,False,24601
4PVq4edYHSmTZ9nC32LntZcoJeFDDpMCWQMVvP5Jpump,TSLvdd1pWpHVjahSpsvCXUbgwsL3JAcvokwaKt1eokM,False,455
4Pg4bBzdHa9HE8QuyUPRJxhcRp8qb6hCVHLrFJ3Lpump,TSLvdd1pWpHVjahSpsvCXUbgwsL3JAcvokwaKt1eokM,False,1231
4Q9snUPq4MHptR8JVG6XXon1owX2k9VBwsRJbnnNpump,TSLvdd1pWpHVjahSpsvCXUbgwsL3JAcvokwaKt1eokM,False,1130
4QErWhRh3vJPCMMBndmh7mA8So5NBpczCkBY9ngcpump,6k4o84whRHTfaXYWGuKLDJYDkkJLFRpvCsV4uehnS9dt,False,47447
4QPp2fKk6Ta1Q1vKZSCyZCRWir5BY62r6CWEYvsUpump,TSLvdd1pWpHVjahSpsvCXUbgwsL3JAcvokwaKt1eokM,False,1
4QaB6mCRCK4sngsV24dEtcXg7Khq7boav1ZzbBcYpump,TSLvdd1pWpHVjahSpsvCXUbgwsL3JAcvokwaKt1eokM,False,589
4QeK5x94xw6PrqJE6jjsVhswXN8qvsgCeqVyfokgpump,TSLvdd1pWpHVjahSpsvCXUbgwsL3JAcvokwaKt1eokM,False,1
4QjntzEQECpbSWAm9VQ7hgS2yRPGzK9MUeGvVy12pump,CHy4LWKNTMgutXUBXpud8EGjL25XyzD1JqzXB9dsnTq6,False,1
4QmvAPffMFAvDPfHPJg4aepGqCqHKfASGRAUqicSpump,TSLvdd1pWpHVjahSpsvCXUbgwsL3JAcvokwaKt1eokM,False,1
4Qop1uSgxbTnWU5WTb95da4zf1WRC5qWhzadGQaYpump,DdfGNaQXfezg6uzyJ5ZF64MnrPX1DL2FEcyukGw9PEFT,False,1
4RMsDuJmkthitLuGMVCsQKLec8EKms8G8sqh8nPspump,TSLvdd1pWpHVjahSpsvCXUbgwsL3JAcvokwaKt1eokM,False,1016
4RT2MCD8jS7SojvWzkChKLm4jPY4DjAFAbkhYRnnpump,TSLvdd1pWpHVjahSpsvCXUbgwsL3JAcvokwaKt1eokM,False,901
4Rp4PZpR53SDu6xf1EEB53diPbc6iA36NCEp4v4Fpump,TSLvdd1pWpHVjahSpsvCXUbgwsL3JAcvokwaKt1eokM,False,894
4Ru8tZjuuYSamNpc51zmMxrekwELmEWWEc5V83vRpump,TSLvdd1pWpHVjahSpsvCXUbgwsL3JAcvokwaKt1eokM,False,794
4Rvq4c5gGawKp1wGovYLnevKoSv4yFFmqYeaNLzgpump,7AARTVZjqAHVdWtGFgnUbGNu6FQq6ZtqY4T25stsWbpU,False,24601
4S7y4y3dobPj3VEqPtu9bitPJZeQswEq1eGLuhWUpump,TSLvdd1pWpHVjahSpsvCXUbgwsL3JAcvokwaKt1eokM,False,18495
4S9LSJX35A7rKDntgBup3vjYkiaVUKWa3PRDJm92pump,TSLvdd1pWpHVjahSpsvCXUbgwsL3JAcvokwaKt1eokM,False,1
4SAaqfpGgYdTqkySrsooZGezHQwWSXU9yt6dQMBFpump,TSLvdd1pWpHVjahSpsvCXUbgwsL3JAcvokwaKt1eokM,False,24601
4SJ6mLY5E6WvwdD2bdBjKUk6zRfDA2Jrs2f33iWopump,TSLvdd1pWpHVjahSpsvCXUbgwsL3JAcvokwaKt1eokM,False,1478
4SRGc2WdBmCsRUGMkGyJcBMdQ5hmq1ZYtsihvYffpump,6Ed4398Cwu6NpJZjamVNAcYPBj9mjfdfX9qzBFC4PceB,False,24597
4STA3H5ASp68bpLgVNmymuhazwEpWSa5vteE6BJ1pump,9EmkhXHc9ULHv2KHePWkgR81FQ7KTrmdWVjyLpSQDNHD,False,1304
4StCQha2DHVe9egmLthzmg3N2uU9vLFAqqBrrfJBpump,4SAdzudbWMfsvTvUmLX4jdPWBUFtk6M69hR3uiF7fiHw,False,24601
4SttZwB3GrEkFWnLfLSksm9fCi2tHmWCiquVEzmupump,TSLvdd1pWpHVjahSpsvCXUbgwsL3JAcvokwaKt1eokM,False,631
4Swh6SkgFotuVFJoukCP1YcStLkR8QxkZ6RVCsLTpump,TSLvdd1pWpHVjahSpsvCXUbgwsL3JAcvokwaKt1eokM,False,1222
4T1d5M8X8dfKL2JbZaosQGbc7WqwL1McWGCJP6fVpump,TSLvdd1pWpHVjahSpsvCXUbgwsL3JAcvokwaKt1eokM,False,497
4T7Uq3mJbR1RMGcTh9ReJ3FjixQLr3Pi88qsiYitpump,,False,723
4TC9sF6NTKFjUiSzojWnnRZ8peoxUjNePJrnTid6pump,FE5XQmvSQfpMn3RMVTCvBHzehDaqfscZzSuj6ta5f52Y,False,137
4TGVGqg37sprNZcsncr3qZcPDQdTeQNqLPkshHQppump,,False,1
4TMNVeTqVc5dkHeXy2aYiPGex8pJrbGBgn1f1hCdpump,TSLvdd1pWpHVjahSpsvCXUbgwsL3JAcvokwaKt1eokM,False,234
4TQ8Grmh3HUtBDpzoA9fS6xL8HQtAKpUZ5ByaUttpump,TSLvdd1pWpHVjahSpsvCXUbgwsL3JAcvokwaKt1eokM,False,1
4TcL1qkzwpjW55HrmXoBL8UKC2tKEHkr7AkCxYjCpump,TSLvdd1pWpHVjahSpsvCXUbgwsL3JAcvokwaKt1eokM,False,676
4TcqMXdZBjxirf2vtYikWt1ix3YoHJoFAZwrqe39pump,TSLvdd1pWpHVjahSpsvCXUbgwsL3JAcvokwaKt1eokM,False,1
4TfaCXu6khTRJA5ZYwGTFbLg8Tzx8qXvbvAxWkbWpump,TSLvdd1pWpHVjahSpsvCXUbgwsL3JAcvokwaKt1eokM,False,1335
4UCqUrsCyRWga6b3REG718dAp1c3jzwSCXDxY3Bjpump,TSLvdd1pWpHVjahSpsvCXUbgwsL3JAcvokwaKt1eokM,False,1
4UTEFQjNMvfQF5NT8mVfXdMAKoL7hS7i9U4mMVAzpump,TSLvdd1pWpHVjahSpsvCXUbgwsL3JAcvokwaKt1eokM,False,1
4Uama8kiAhtsBcwpx4wrPnPPkfTNt5xau3LBBDfYpump,4hATjaj3XJ9bp3roLaRwrxKLDxsbDt4KAvipjFL9fvPt,False,24601
4Ugnio5HbTmJcbVEg2suZzsx77mct2BQpejkfYuppump,TSLvdd1pWpHVjahSpsvCXUbgwsL3JAcvokwaKt1eokM,False,1229
4UoUohoyHUvhoEQTfHEKprL5p2HonXuUaZsoN157pump,GNgkwPxgL6tkhBfPksZcAYiCvwXXQG9QvvKTP6LHXUuz,False,1
4Ur2YTuChfPFEsfyswnpEm6mjCj3R6Mq4F9ZtLA1pump,669QsYediqu5ErtzDYCd6b3aZ59tk8ZCKzcS7dWcMQaK,False,1
4UvtzdxkXgii9fnnPhddiKHXoLbKHAmEtHLwas6Gpump,CTF3nDRQsLNPeuC5n6bo68hRaBBVfqA2M5vnmGcEBGrz,False,24601
4V5AJRB4Wk1VJjeyRjErHoY9nhahM4FW3UdFKEHepump,FG8WMQwPpo2Tcy1DYXpHEztW1bPokmp7HN5HnaaapWDT,False,24601
4VFDPNNtccrL7qkTMZSJRELj71876rLSqvTEGMHppump,TSLvdd1pWpHVjahSpsvCXUbgwsL3JAcvokwaKt1eokM,False,560
4VcY33JzwRihjAMqMaBkc9Zx1tZarozmqcm8H21Gpump,,False,753
4Wa5XVdbxRTWR2S3HiqFenctTJBiQcc28YWe6vRupump,8ayqQxtDHUg6AHCV8KSgSvDockvhQbCFP2wKp1jDJuqi,False,24601
4WqCZAGvgouqiWrLWeCrd6HeBnm6oX6b3SBhgvh6pump,TSLvdd1pWpHVjahSpsvCXUbgwsL3JAcvokwaKt1eokM,False,1
4WrcHLoiND7D62PAtJEk4E8XUchmUk2v8qpDrsdBpump,3zHqNT3QaTQ1MVjtfvRdJYj9kKxgANYeBh5sebUxuDpT,False,24601
4WzLp3sV5uReVvxatfYmxoJWH7fY65QZBbcSAF76pump,TSLvdd1pWpHVjahSpsvCXUbgwsL3JAcvokwaKt1eokM,False,1
4X2nBPEiTqF6okL9EL4N545Fp4XypbYReisY9XDxpump,TSLvdd1pWpHVjahSpsvCXUbgwsL3JAcvokwaKt1eokM,False,863
4XBbCEfakD2jQJu1qfWud7xuR6qbMFt8Ng2sgzsspump,TSLvdd1pWpHVjahSpsvCXUbgwsL3JAcvokwaKt1eokM,False,24601
4XSyGaasVcZzZhYut9zUoqrAJ4u7J7L8uy5dooGkpump,TSLvdd1pWpHVjahSpsvCXUbgwsL3JAcvokwaKt1eokM,False,876
4XX9qQo5PNatn9YMLHR6DL5wvdmwi5KJCgKh7gd8pump,TSLvdd1pWpHVjahSpsvCXUbgwsL3JAcvokwaKt1eokM,False,1
4XxruSLCtxJTfhibCKE2exW4fUyTgDKVDmzFKa3fpump,,False,1220
4XyfFPYTKbfAPTe2azy54g8APJpGtKXzKGy5iAKRpump,Bibr9qZQZiLzfVTXJTzCnVWjJHxu4Ntg4Km4gpLBYiri,False,24599
4Y19srd4Z7gMCNgVESRotVtKcNF7PEyq9o2AELVFpump,,False,1
4YNJ9ihdQxWBwSxf6YvgYv7yuprZHW6Bm1K32hwGpump,Byz8s6LY5bHaUFb16UQ2F4wQSejgJm1qg2EyvYoJxrVR,False,24601
4YQbWGCiReL6qRmiewng9a8t5vzmyFijWPVaAxNapump,9dZUT19Sjrt24k4ptZq4JDdiigczHuEQPnKrTb4hZJ8g,False,24601
4YX6Axwb5C53tE4NSJRr6hrM6To6Mn5Ez6BJb8XEpump,TSLvdd1pWpHVjahSpsvCXUbgwsL3JAcvokwaKt1eokM,False,1300
4YZaJh1hVDsFSrjvrcs2KrpjP7yKtfeXxPvgQW6tpump,TSLvdd1pWpHVjahSpsvCXUbgwsL3JAcvokwaKt1eokM,False,1101
4Yu4nAQVW7v4uJkuDMr3VGSF6bxNRnMSQWytyiCepump,CpM3cycjGG12vz4Mh38zHCxALfGc3tkhycTTBijhr2AP,False,24599
4YxV9kBRu6RzaHQ7xR3JpSUfNS88KCVT9Fr3TL4gpump,TSLvdd1pWpHVjahSpsvCXUbgwsL3JAcvokwaKt1eokM,False,1
4Z21n55iUWJMAartHHGA3JDxSZ971vv6A78d3yphpump,6Fy8LxPMdETrkaU1xMF3uvz4w6ofJC5dHsk1LqAPUP5r,False,4163
4ZDFnVXL2ED9htVnLTNMwCwVttp8TbBJcwzFePZwpump,TSLvdd1pWpHVjahSpsvCXUbgwsL3JAcvokwaKt1eokM,False,1
4ZWMG3WCcguNknjjLvp7wWpR4jg8xtswnGa6eSjBpump,TSLvdd1pWpHVjahSpsvCXUbgwsL3JAcvokwaKt1eokM,False,24601
4ZhXLkaDpEr7x2jjXtb6SLXzxrNFSJzULFLXzyiUpump,TSLvdd1pWpHVjahSpsvCXUbgwsL3JAcvokwaKt1eokM,False,1038
4aL5GLRuzsnJjJWNdXK7TPTVpGhP6PyV4ZhyQiyxpump,TSLvdd1pWpHVjahSpsvCXUbgwsL3JAcvokwaKt1eokM,False,1
4aPWTfQc6sADABnh1e2rRRbpsMRnritJ35jpDspcpump,TSLvdd1pWpHVjahSpsvCXUbgwsL3JAcvokwaKt1eokM,False,346
4aQqRAzHXzTNsWm7LtoXKNQW1SUzTXNtw4RU3Vdtpump,9JyuijJTMLzkXTXnhm2SwnQ4aLRs4nXhz3VKJ6rskxfK,False,27998
4ajSqSVyw6Bdea2EGL8Jk74ENSNMqicoEbYMTVsrpump,3Q56mdgqrGjNRbdhkyXFvJ2GxL6ZUKRLkuRiyyQDUK2w,False,24601
4b2hG4WM3U6kj996oxKEEgxaYQA4rDj4XdVWKoevpump,TSLvdd1pWpHVjahSpsvCXUbgwsL3JAcvokwaKt1eokM,False,749
4b8i6Uy2kyzjxGBPjQAZU5jWkz7s8muR4CT7oNvipump,9uxQduGGm2G9WxfsTKbmwg8s4zhBFYgmxwsaAX5ECxD7,False,24601
4bqHju4gdAYukSYHZkNi5MNzneSqDkkonPRjNhLGpump,TSLvdd1pWpHVjahSpsvCXUbgwsL3JAcvokwaKt1eokM,False,1268
4cGgVsTxohvq6uWspF4CVLHA8JQedhDnKDSaEXzbpump,TSLvdd1pWpHVjahSpsvCXUbgwsL3JAcvokwaKt1eokM,False,545
4cRV9zxxf3BfUxYCMCxcoFgqLfeJ448YyNo8Cgt2pump,TSLvdd1pWpHVjahSpsvCXUbgwsL3JAcvokwaKt1eokM,False,24600
4cbk4UzG5WbJyuwpqXoQAL4H2iNXroPNVUqtbHK1pump,TSLvdd1pWpHVjahSpsvCXUbgwsL3JAcvokwaKt1eokM,False,514
4cdYdNSPyRLkphWyCKqz14kegG7BWso3RXtUFUP7pump,TSLvdd1pWpHVjahSpsvCXUbgwsL3JAcvokwaKt1eokM,False,479
4cxcyDPXCyULAf7ViuCjrsBdKsSsiqYJQdh7HRBcpump,DES7Vbu23ubgrdCKrtCLfJhn13n8UhyTSrNN5VtY2ZHu,False,24596
4dEYWwqckJdDFL2EboPmk9hwidqaK6zMZVFF6GWvpump,TSLvdd1pWpHVjahSpsvCXUbgwsL3JAcvokwaKt1eokM,False,1
4dL4fs7TNNJ2cCchPhvH9VptLH2NPjKViKrLBNi9pump,TSLvdd1pWpHVjahSpsvCXUbgwsL3JAcvokwaKt1eokM,False,270
4dbLyw96A4q3PPjguNBCCcgfS7abJkJa4bWEz138pump,TSLvdd1pWpHVjahSpsvCXUbgwsL3JAcvokwaKt1eokM,False,764
4dmCK9qSAdJPNU7Uy4Ft5oES3Pm2zV4oNa2K7CSmpump,DRgYXckoFxNxyWunjHUDLj4ypovSw2c8FkUFFWnNqpVp,False,2001
4dnjGJ9tNUXmzskXW1VsZAFxcQ9D6bYGNcqs3sVipump,TSLvdd1pWpHVjahSpsvCXUbgwsL3JAcvokwaKt1eokM,False,688
4dqS8owsEAJV3r4QR9UCXYEMGFgzDBpx3TJFs6PNpump,657kgJYLuXMpWLqKtDPfLyHrkuBEb6pBmxpWyApSFmw4,False,1
4drdawrzjEhfEtuH8CT8mSVsyMZvGm87vghpCFffpump,,False,1
4dx69VLhJGpswMGdVb2thWsuykyhWRZrrVjLZ1mgpump,6FLw6xhbhGsPX26UAsyb8oxZckVc8LN2vg3XQfTa2EHB,False,14500
4e4pi2xRnNqVvNfLUcLCbXNiFfgNQuBCedUeJgE4pump,,False,1
4eRJxNEkHZgJwACpbwJQqq7kcgth2ctARoDnYCBSpump,TSLvdd1pWpHVjahSpsvCXUbgwsL3JAcvokwaKt1eokM,False,1
4eRUR3Mrzx9Tm7xh2VfhS8DB2Pbsse89yfp26LVBpump,TSLvdd1pWpHVjahSpsvCXUbgwsL3JAcvokwaKt1eokM,False,907
4eZNbWfZJ79h76rum9FQ5ko5iWfNbt18wQNjRVALpump,TSLvdd1pWpHVjahSpsvCXUbgwsL3JAcvokwaKt1eokM,False,1147
4ecbH2Q6K8mLT5WbrM14vCLPiA7gTt4gRm9ViSvqpump,8FzhgZMH8XbzhB4cHuYzoYZ8rkL4sURhrW5Bt1JgAq5W,False,910
4eg9q44p4r81f1jBMbPmJt8Bcf1i1bFP9QZnzdDmpump,TSLvdd1pWpHVjahSpsvCXUbgwsL3JAcvokwaKt1eokM,False,764
4eh7uX6XFp7227aNLJh87dv2SviFPcCPNMmjPzW2pump,TSLvdd1pWpHVjahSpsvCXUbgwsL3JAcvokwaKt1eokM,False,731
4ezU3V9TShRFBwoKWLdZJtUrDswnKnP7RsUv8HRNpump,58QyHFwNnyy2mweNEjuPRiqx7xmhyQ5DwJSNGKWoMgRc,False,1198
4f8zH7PxnCkX7tZWJD4PGNLdJTx3RzvfynatW24tpump,52mXWzgdyhTYx5nBPxZEDCUn8RP6oPszZNrtBRiYAsJs,False,117601
4fA3eVA5CqJ3Euo17t3JoviKnvWrq4xwZX2mS7tSpump,TSLvdd1pWpHVjahSpsvCXUbgwsL3JAcvokwaKt1eokM,False,1270
4fBwjcKoxWQQjntzmxnWjauUyTi5mfRCmcB7jpY9pump,2KSgqjyJDzhQ6ohReeaQat4cWWh7czXwwm47Ph9fLRdm,False,24601
4fRd7AL3vzFiqLC9enc9hYaDTYfAtkXdFyMcFMuGpump,DJED9KiSQ7fwK9gKV5WWdGEtJbyDXLbLcKJNpQXEYUFE,False,1068
4fSNRcMri18ahpE5qsjxX26gQKJaxDs484FbGvyhpump,F9n2VhQxE3hN1hL8eaS1JsQ96Aixm4x7FSbqpU8aCsSt,False,16160
4fbVLyJCj6Qaf9YgfjuV78C1mzmfv9eKzyxhxVQ7pump,TSLvdd1pWpHVjahSpsvCXUbgwsL3JAcvokwaKt1eokM,False,1036
4fqn1Q3T4MT4cMSkmXtuyNQJAbsYYMRJEbqPPde3pump,TSLvdd1pWpHVjahSpsvCXUbgwsL3JAcvokwaKt1eokM,False,609
4frxeZRX6RqbmRKL3rrKZMz28FH4Ce3ehdMHg7c3pump,TSLvdd1pWpHVjahSpsvCXUbgwsL3JAcvokwaKt1eokM,False,1117
4fyqgQwzNGXhRghY4kcLVuUpLiiwQJHUvQUSm2BApump,tww6CWjuNhdu7DxLyCQgsBCv9WD2nwhANnyzmBBfzz2,False,2001
4fzmtdkaXLPatzLq4jw5RVbvu482Kp2cT5tXko9npump,TSLvdd1pWpHVjahSpsvCXUbgwsL3JAcvokwaKt1eokM,False,464
4g1T5S6J3Dyy2N37THuXHNYnissnE9QFwjHp3ntVpump,B7q5Bqe9VfrjYXLF1sSpT5EhGdn7nLxWP9ErqC8AUYMs,False,3100
4gBDhgCqTtzyJocskewXARgcLoAfSxkmmoUwwfhbpump,TSLvdd1pWpHVjahSpsvCXUbgwsL3JAcvokwaKt1eokM,False,1
4gDCHK6jsPsdZi84N4rY6ACecxBJWsYkcfHhf8bHpump,TSLvdd1pWpHVjahSpsvCXUbgwsL3JAcvokwaKt1eokM,False,1
4gJY2oubWXsa6KG8QtdBFwkfy9VEPYfRc9gJTB6Ppump,7J6qkE6SvFp89NdvrWWh1wShEoGveUBXqPmvdfmaRKfK,False,24601
4gQ3kSg5xdyvxpy5tEKSCmCLLoVjURiV9tLW1uJTpump,5d5RFtNR9HYJ4SSg5kotiNntz2Lv13j1BezG6Vb6yvjc,False,462
4gdCzneuscYSDXGv3jExNWct3hVgaNqfXSAFr3eJpump,TSLvdd1pWpHVjahSpsvCXUbgwsL3JAcvokwaKt1eokM,False,24590
4gokKNcTm7snjJh3p1Dqt5CvhvHL19aKSKQ3J2jipump,,False,1199
4h2vi79q9siXMgFBm1FomNpS3fEfoyamZxoGTyTHpump,TSLvdd1pWpHVjahSpsvCXUbgwsL3JAcvokwaKt1eokM,False,1
4hXit8rZSEfyvWwtK6boaAiBCLXh3CYWfoTfyenZpump,88TRfvMYVPShW3YYcUAkm8Vf7GcwnPDovwJESzSnReyJ,False,24600
4hwdpsMBFdPHBV7fFrEdHzE3BBQSyQhg9QcRLJrUpump,CVkfM75doCa24VgxjZbWsqAg2FmfNvQru8BmazM5dpbv,False,1
4i1aejsaW9cA59iPYs2uFfjxTcLv33TfBN5MBmyLpump,5YVU26CbavatLDvRnaUfefdixismtEbji5FSmgKLzWvq,False,718
4i9EwS4wH5mX4d7t9n2m5fToddMuthzR1Stdb4nqpump,TSLvdd1pWpHVjahSpsvCXUbgwsL3JAcvokwaKt1eokM,False,673
4iEkSPpXxjsD6fRY9UmCGX73NJch5yakPzYt6McLpump,TSLvdd1pWpHVjahSpsvCXUbgwsL3JAcvokwaKt1eokM,False,1
4iLKj7fkZF2rSpgSD8W6UFq4fkKXkkbJMGXMz3B8pump,FxVRTXNtxueXczWUomZwT2bbEaoRedMtmL2EspNGVYEr,False,3712
4idH4ve1izbtgxhLDXCjGt4dQ9TB5HYQT9dkmYRKpump,TSLvdd1pWpHVjahSpsvCXUbgwsL3JAcvokwaKt1eokM,False,508
4irSWbZoW1FJZ9vUJ9AoNshFhdNASZadDNqhMBcepump,TSLvdd1pWpHVjahSpsvCXUbgwsL3JAcvokwaKt1eokM,False,619
4j2gUEmfbSAacvSSd6yXo8yEzXCAUVeoXrqLVV3apump,TSLvdd1pWpHVjahSpsvCXUbgwsL3JAcvokwaKt1eokM,False,1
4j8qGC9JDfo1n5GX3DX1eetXe9Ge557gpp8Z4LHkpump,TSLvdd1pWpHVjahSpsvCXUbgwsL3JAcvokwaKt1eokM,False,838
4jAtpFGaXP8v941rGoS6becaUi3mVM9TDyk3VvqSpump,TSLvdd1pWpHVjahSpsvCXUbgwsL3JAcvokwaKt1eokM,False,922
4jfzEgBuoNXQWtYVUQ1HWuCNy8WyLG7Jtq1efwZGpump,TSLvdd1pWpHVjahSpsvCXUbgwsL3JAcvokwaKt1eokM,False,624
4jvTh4E87au2Qi2Qc1EMxoRTsVyyuRZ1WvDTnmjNpump,TSLvdd1pWpHVjahSpsvCXUbgwsL3JAcvokwaKt1eokM,False,800
4kHu4VktgzpZW9i8LEsHZrNLJcTV98nGhyZE5JSEpump,TSLvdd1pWpHVjahSpsvCXUbgwsL3JAcvokwaKt1eokM,False,1
4kPysSNeWJvt8J6Gh1FAzpQsQhtRcP6fuQSTGedQpump,CfQUxPNu7pJZZ6XSgrgUtSidYUptbh9dm12iVyiVngCn,False,1
4kZbb2TdgQqa7DqXy4tEbkBXsb2Zn3AgrHXRUK5npump,TSLvdd1pWpHVjahSpsvCXUbgwsL3JAcvokwaKt1eokM,False,1
4kgBzCJsxes6FBtMjSYgjFFBR2BM3S4YRHTPWdLcpump,,False,890
4km1g57N7nZJTPT8JNBSKtW7rQTwArQbgf8wuPaupump,4KgWxUFQmzmfyjwKGysDXJ1poZzv5xV3V1JMdXJgSZwY,False,1344
4kpSQf8msHCAWYeaDKAGpBeQqUUBzA88gsb8XCCRpump,DT6SD7Lb6aZuVpX29GhpzowUnoAJT7Jp7sHJW8gbVbAB,False,24599
4kuFjXskChH8aHSPmHY5BJ6L7ZmWTKq7En9yNNYNpump,6pd9DE8FuBwaxhRirXWuHCFCLM3rNTt22LKMRpYGMomB,False,3080
4kuMpwzisi9qq4jgb2xSDnj1NfUr9ETXoxLtYxwzpump,2ZdpXnFQsWdopF3UzEZssbuM6entgLuqFAPMWF77AKd3,False,24601
4mHozdAvytNPsD6nBFrvBHT55ep43mLjqeR61KT3pump,TSLvdd1pWpHVjahSpsvCXUbgwsL3JAcvokwaKt1eokM,False,1
4mJEfs2N1XraKkhd5dEo4MnMt5h5qR5oyP7x8sRSpump,TSLvdd1pWpHVjahSpsvCXUbgwsL3JAcvokwaKt1eokM,False,1
4mJtgqVAGfNm5qpSFAmMbLm4KucAzMRAcisR7X35pump,TSLvdd1pWpHVjahSpsvCXUbgwsL3JAcvokwaKt1eokM,False,1143
4mRuT3FC2Lb1yZ6FTTET3bZDABqasvafbjtU5pF2pump,TSLvdd1pWpHVjahSpsvCXUbgwsL3JAcvokwaKt1eokM,False,466
4mV1Cpm6psQ6485LcPoujeM2CTLWyoQ6wnW8vh9Wpump,TSLvdd1pWpHVjahSpsvCXUbgwsL3JAcvokwaKt1eokM,False,1
4mVvrWJEbabNUCnWUuN4uNs3gKpndZu26Jch6Dgvpump,TSLvdd1pWpHVjahSpsvCXUbgwsL3JAcvokwaKt1eokM,False,1096
4mtLH4N6HbYwyHsSub1cJrnf1q8aSR38nRdmcqXPpump,TSLvdd1pWpHVjahSpsvCXUbgwsL3JAcvokwaKt1eokM,False,184
4nQE37ARcQpWHRmBvvsnjmDisf8XYT9m8eMDQjNVpump,AbXyMQ6SwWXJc1ZF3SykiQMwu21F3q13DF43mUbhRRTg,False,71270
4nSFaUZp4KTLfYz5UxtWvxBP4AyEbp21CKxYxUVdpump,2hM1wRCv4zqKnau5AqoyaApzXD8T1ZZJ1gbdQwPTcjvV,False,24600
4nSu8G7efJWhd5Q6cbQrE5McK2Eab3Whgeh1khY5pump,3ykDQwMJZWZug81VTZQj8iDtug5ibrwHjVR7KziHRjxN,False,24597
4nY5QFttevUYeiXdhZ8SQ1RSmSyikiiFTtipCvzBpump,TSLvdd1pWpHVjahSpsvCXUbgwsL3JAcvokwaKt1eokM,False,24435
4njrU9RsAGzeYgkRRRX281xBgmxkMFoTXbquMy8Mpump,TSLvdd1pWpHVjahSpsvCXUbgwsL3JAcvokwaKt1eokM,False,24588
4o1z3f4zYBDBKTWwf8bkejsExLGWsEsnnJWrWHvApump,GWF9mRN7F5Q8jFMqqHZefrYY917eMPq2se98i3RzCARD,False,1
4ofdJMbDdvxjG2jh7qi5WfuoQDy72r62APyAWHGbpump,TSLvdd1pWpHVjahSpsvCXUbgwsL3JAcvokwaKt1eokM,False,912
4on3hQmc6VeByQYvb6XsRydYXWfVTUqqsCvoqznRpump,Duc2JrqbpZzuiiixncck3vXGQUsdm2oxEVCvivqxkNcv,False,1
4ozjX25cv9RDSuCwCuhUv5gTNRihUL6sKGczHSHtpump,TSLvdd1pWpHVjahSpsvCXUbgwsL3JAcvokwaKt1eokM,False,1142
4p219WWUu4HSHc8rGzHLY8ohskgxSbnZtWMH3C78pump,,False,24598
4p3yhGbpu4KVdFeHKXvxs1cnaL3MdUAmWN7CgGJwpump,TSLvdd1pWpHVjahSpsvCXUbgwsL3JAcvokwaKt1eokM,False,1002
4p5GVnMZYrwzp3qJfAenvcQVNzfCQxbd5QsRuRgvpump,,False,1046
4p8hhAg7ctKokxVFKDShg5E4abfTxCZCo3gBJpUPpump,TSLvdd1pWpHVjahSpsvCXUbgwsL3JAcvokwaKt1eokM,False,225
4pBUemRDqH5NhHauKzyvhYKqgDdQ2czDDdXytewNpump,TSLvdd1pWpHVjahSpsvCXUbgwsL3JAcvokwaKt1eokM,False,1309
4pCn6rk4biZehcYeA9jiJbHoPsoGPQcF4aNeqwdjpump,TSLvdd1pWpHVjahSpsvCXUbgwsL3JAcvokwaKt1eokM,False,24601
4pL2PeJQ4V3gy2Xup3DkqMf7iWWvBrCB86hEHxo7pump,TSLvdd1pWpHVjahSpsvCXUbgwsL3JAcvokwaKt1eokM,False,1076
4pffVvH1tM2guAHxQkNtSrC764Vd56PtZc2KGXsRpump,TSLvdd1pWpHVjahSpsvCXUbgwsL3JAcvokwaKt1eokM,False,455
4pt9eH4mgswV9BvaE9wgs8rAYb7LDemCaWVsPN5Kpump,7UBwYkkgm8SUPU5m8Fcz7Uw7zLQJHp9hiouAyBgppk1Y,False,21542
4qNX615pV1oufdodNoiBzUsrUE3ww57DYg6LsUtupump,,False,1
4qe5LzsmEJwr2rusq2Q4tvtEB1wdtpH6CokuCmAKpump,,False,1
4quRcwUSvpqu9b8y4pfwEsbST1sGgnJUJR3M3it5pump,TSLvdd1pWpHVjahSpsvCXUbgwsL3JAcvokwaKt1eokM,False,1134
4rADanunB9UnWfEdP5VsVAJ9WTCEpvixYA2k9Gxrpump,52mXWzgdyhTYx5nBPxZEDCUn8RP6oPszZNrtBRiYAsJs,False,117601
4rJiKUt3nLHqgGfzrKWgakXBjamhxMzDpKybhosbpump,TSLvdd1pWpHVjahSpsvCXUbgwsL3JAcvokwaKt1eokM,False,1278
4rRbXorLc9qWmXA4v6WXqWT42rUxAnV4Fx8V4cfWpump,HcikFwcYQCRSoYEsL2PUvpmcY11G19NSSNQ8o57qNNaW,False,1
4rfeKk6mh9cv4nWCUZW91BAfmz67FmVRiLVoRCNJpump,TSLvdd1pWpHVjahSpsvCXUbgwsL3JAcvokwaKt1eokM,False,14500
4rixjNwcuV7fg4pxD3m7wX4jEBiKU3p1cMi37xgWpump,CkjsVuf8JZHH8xHkAV7wUEa888XscsKSMnz7wmxt4voK,False,2001
4s9nmcQ4ACHP18kfwQdEH1fEcciBsx3ntNthsEDUpump,TSLvdd1pWpHVjahSpsvCXUbgwsL3JAcvokwaKt1eokM,False,2854
4s9p3LsmLcUqwXX8PF3brfyQTsaH43s5FpC1Hthfpump,,False,24601
4sAPg3M6bEHrNinqfvfdSTAzCvmaG5Ao799bAt3Bpump,,False,1
4sAj5j6bpbVkus8qW3Tpkxj56to78KDyrYxtqoifpump,,False,1024
4sNbsEQuGQpFDVnyVNRrGaRMHPLpMqmuYsTLzTokpump,TSLvdd1pWpHVjahSpsvCXUbgwsL3JAcvokwaKt1eokM,False,1
4sRYwygQLqS2j5yJpx1HGULWjQWzCBPsMdVuEXERpump,Ak44bDfkAjXShB8KfCi5RkR7TqUi2KcCYj2n4HL7wgY5,False,24600
4sUfXLDqP4WogDa7bs5QZcQLqTA3C8YnquHibuHYpump,TSLvdd1pWpHVjahSpsvCXUbgwsL3JAcvokwaKt1eokM,False,856
4sW7SdDoeifZUxDx9cudhVEwvDkWnmEzy6nB5T4Xpump,Aky1MBS1vNGH2cCeZah5P6TCMZs8Kv74EZ1kC9bmUBGC,False,24601
4seLXr2ngqsNDSGT4Ke9n23x64zdaNtMTV6fK8t1pump,TSLvdd1pWpHVjahSpsvCXUbgwsL3JAcvokwaKt1eokM,False,1
4sh67gb9P1upzR8GxRXLHgNdHWWDxucQ8oJD7De1pump,TSLvdd1pWpHVjahSpsvCXUbgwsL3JAcvokwaKt1eokM,False,1
4skeYAEsqCfceSdUw9a8tikwNqKeNcC1kew7ufVApump,TSLvdd1pWpHVjahSpsvCXUbgwsL3JAcvokwaKt1eokM,False,840
4soGrgpuUFVYDQki8CLTzR6ghzQVhLt6Qyu1PgRppump,TSLvdd1pWpHVjahSpsvCXUbgwsL3JAcvokwaKt1eokM,False,947
4sx9a8c81cPWYPy3QVptKcgZu87ncixZp5d2cxeVpump,,False,1
4t8cP8su2yVDb7LhYvANMJoDTTXCFTxrFTqSyBRapump,TSLvdd1pWpHVjahSpsvCXUbgwsL3JAcvokwaKt1eokM,False,1
4tJBYy2cZEfv9Rf8pmpswmyyRgb3zQ5JK5bnRfqipump,TSLvdd1pWpHVjahSpsvCXUbgwsL3JAcvokwaKt1eokM,False,1
4tLmejzQtVxDf3tpexKHMZXjjVwRvd5EQAMcFz3ppump,TSLvdd1pWpHVjahSpsvCXUbgwsL3JAcvokwaKt1eokM,False,1195
4thdFM2xatUgzjHS5q4VW3Bc6ETcUQj7YKTSSm5Ypump,49HxmNSU4DwvGP1WKsp2cLuQf1x244k8oqonbiB2YV3F,False,1
4uFcuQVvsT5mJx7XZsrsLUv146YNmmFCSsxyRNJ5pump,TSLvdd1pWpHVjahSpsvCXUbgwsL3JAcvokwaKt1eokM,False,932
4uVUUUpQLH7kGwajV8BXM5mtEh1UkhWm1wnih5Yypump,TSLvdd1pWpHVjahSpsvCXUbgwsL3JAcvokwaKt1eokM,False,1149
4uWLsvqRTCNzFCsnSa7NqCPUEyCPqSg7rZme3J1cpump,TSLvdd1pWpHVjahSpsvCXUbgwsL3JAcvokwaKt1eokM,False,1011
4ufHBcBw1iD3okdK3gWxUAPqchevtE9xWbkATtnJpump,TSLvdd1pWpHVjahSpsvCXUbgwsL3JAcvokwaKt1eokM,False,24601
4uhafATQjBvEBEKCGMNhpTBWWes4ehP18UhZdfTCpump,TSLvdd1pWpHVjahSpsvCXUbgwsL3JAcvokwaKt1eokM,False,1
4um5Pj55RAuruiEBEkUN8yTAJX61i9cicHtBYEsQpump,HPSgohiCt8g42jxwx7pmpg6vnFG9JytaNtdXijkNGvUG,False,24601
4uqTjXZtQcYUdVXePR8vGMw35S7sEpurgaumkrr7pump,672eYbaBKeE88a9gygzxcLFF7GEhnENyxGhX28NgDFZK,False,11601
4usu4g19kd1WoYpC8Q2NPt3gtRo7Y9SMd2xM87XXpump,TSLvdd1pWpHVjahSpsvCXUbgwsL3JAcvokwaKt1eokM,False,24601
4v14k2vBuoNSDLnMa12qK2pqokp8K7ZpVU7uWjZgpump,TSLvdd1pWpHVjahSpsvCXUbgwsL3JAcvokwaKt1eokM,False,441
4vBbyi5QQqcuCRFMob5tQoWcsZTmH55xEqe6AqSwpump,EMSMKAxW1h9gccBm2DfcPRExeK1tQ45k82eST4Nob8AN,False,24601
4vSyiUcyMtpgUuWoUaKoBTRQ2pcvgCYU38wS1iSGpump,89Xr74EQDxq46f3Wk1c5C642aiC6SAvGvi6nKd9CqfGF,False,32088
4vXLZN2w2osJPxv2HLYxHGJrLfE5dxNm6dnJ1o15pump,TSLvdd1pWpHVjahSpsvCXUbgwsL3JAcvokwaKt1eokM,False,858
4vmyfboNxNNWZ6jfLoL7cYYaFtFJB9m4aKUWusR1pump,TSLvdd1pWpHVjahSpsvCXUbgwsL3JAcvokwaKt1eokM,False,1119
4vrdHaWCJNUtHFSdj88VV8aZbALwye9tcqf2bSU6pump,GDXybjQDteN5TXSr7QHX2bRVZwu27UefsKrg8EcnBprY,False,15358
4vvn98wCKNpm8DnftdA6bQAczS7RwDoJd5JSYYi7pump,,False,1
4w4XdD1Ci8aJhKn2ghXsJXThCwmpGpti1eF1Vt9Xpump,TSLvdd1pWpHVjahSpsvCXUbgwsL3JAcvokwaKt1eokM,False,1312
4wBBczNCU9xoPHvueSjc4kJ7aUWWBnEYbjv9Gy1npump,TSLvdd1pWpHVjahSpsvCXUbgwsL3JAcvokwaKt1eokM,False,158
4wTXWCLdjFu1dEcdCLLRY859mfjJJfb7TVHZ1i4gpump,ATwaXoS3EwScrbRkW8PuMr3qHzQyLKoLx9qQQ7zQUehX,False,24601
4wZa1saQyU35tUMxy498jz9BmsbhH88N6Pwdu2QEpump,Czpbq3QBaYbBTWpcrTigHT3TJ9gCaSbSYuPBYJZHjQB2,False,1
4x71BnGFLSqNdSYQcLZk9rjLjfSULvVCSVJYHLZ1pump,TSLvdd1pWpHVjahSpsvCXUbgwsL3JAcvokwaKt1eokM,False,1176
4x7xoqc6ogyBpQ9jKAWRsNJnUkBzAmXsE7nTa3a4pump,TSLvdd1pWpHVjahSpsvCXUbgwsL3JAcvokwaKt1eokM,False,857
4xFMY5FrKTDqNfkPiRN4emV9u2xjYGRXPUgxPgthpump,3MV12RJ9HLvcmMDHL2temAKYMSrPNvJ3FFckmtU9KXYE,False,2001
4xFtGrJmvqSQrcWD14QBFvU5zYJFFdEntHYJoroGpump,TSLvdd1pWpHVjahSpsvCXUbgwsL3JAcvokwaKt1eokM,False,1046
4xKMaXFe9nny7LxKNEijhzxZoUt2Ahr4yJ99oSf9pump,TSLvdd1pWpHVjahSpsvCXUbgwsL3JAcvokwaKt1eokM,False,792
4xfw9KK6d4SXVw1fyYdGQKKandQRnrpAFgvMpVvvpump,TSLvdd1pWpHVjahSpsvCXUbgwsL3JAcvokwaKt1eokM,False,576
4xn469xr2TLb4JFk91sDAuSksx8LJEDuAp1mJmU8pump,3szq3H8iCnjbLULRDLwvu5K6JThPCJdYhZBY4tr24rXY,False,820
4xnffUM2FC8PWibVUzpWJxvoykc6hUhnbrYHWWpGpump,BCRPxScKdyJGEJzthEPYmSgUACRrT9HJPorbQQyCS4V8,False,24592
4xp8Ysi2oEHjBWocqrgm8w8kUFQvExCmjaYUxuwzpump,TSLvdd1pWpHVjahSpsvCXUbgwsL3JAcvokwaKt1eokM,False,1
4xxAfpsjPP5xeMDknGibHpSbExzDiFmaK9zYZDTipump,C5h4udhB248t61YSxwinnfnoV86BaUwTTKU2D4GGjYVj,False,24601
4y5fknXiRc8pJSTiNAzLmCum7LmzctRjxZWc1qtmpump,TSLvdd1pWpHVjahSpsvCXUbgwsL3JAcvokwaKt1eokM,False,1
4yCuUMPFvaqxK71CK6SZc3wmtC2PDpDN9mcBzUkepump,TSLvdd1pWpHVjahSpsvCXUbgwsL3JAcvokwaKt1eokM,False,1
4yWpnX5WLdBjCRdhfLQNvMz8LKMesU4dUp7dChdopump,TSLvdd1pWpHVjahSpsvCXUbgwsL3JAcvokwaKt1eokM,False,1186
4ymAbAZ1C2s4Ky2h7Fm2otkVD2wHdWA747gMRkrXpump,TSLvdd1pWpHVjahSpsvCXUbgwsL3JAcvokwaKt1eokM,False,1027
4ypVdMXvsfi4GfE2pMmmMEf1W1oszav9ZPc4B7zvpump,2UAFZeqCqC61zt88KJQzDoKpwDrKP5DyFMY6h6CBYVDp,False,24601
4ypWk4W2bo4Ghswz6us8PTvZi2HALMUBz4ao2Ggcpump,6o7aj57BYdq7HitzRZ4ZWnqsv8ZfGV3CwbKWqjQY2Prk,False,24601
4ytpWfVCpJ2nSjahbioPkejnLVBsc7FGZi2hCojppump,,False,1
4ytpZgVoNB66bFs6NRCUaAVsLdtYk2fHq4U92Jnjpump,,False,1
4zWTeUFXu8TAm3PK26YFPBFy7x9qFCyj4272WHtkpump,BWsTorJ7q2M5rRnWvQe7kCcQFmVnZuuypYNrvMe2fZPs,False,942
4zb65btUm6QnQuJkcwoQLSFFnfEy3XxSatnCU8uhpump,E29CdzgxP14RP9K1NhwNsKXsnnKtdWFKdDjSJNBw9Mjw,False,24601
4zbzug6uYACxPq4wyy9GBxHNEuNnPRy6ZwNu7SKUpump,TSLvdd1pWpHVjahSpsvCXUbgwsL3JAcvokwaKt1eokM,False,597
4zdAbkyoYoT2F8ZSt6va4WZrmAwgFCfQsTEUo8zNpump,TSLvdd1pWpHVjahSpsvCXUbgwsL3JAcvokwaKt1eokM,False,1
4ziVYYcy4Gej4GPeX36Z9vR1U7ku7dGcmeyq4jAdpump,8oZiaf74SwU9YufXNWHHZj6kih6RrqaZ3T38exYD27jw,False,1
4znuiWsXxG7bfEavApbUoaxxnTXYEtpbGyENxm1Vpump,TSLvdd1pWpHVjahSpsvCXUbgwsL3JAcvokwaKt1eokM,False,1313
4zrWJVoPFfVrSs6Bt7YDm5Lbwt86FeHZUJJ8p9GXpump,TSLvdd1pWpHVjahSpsvCXUbgwsL3JAcvokwaKt1eokM,False,316
4zz3EUjjPZZ59kERXSFQ7aQb3rKa3A1ZN4GBzguBpump,HQgHbZBNbYEtfrW5eHAFe3AWBpgpDnKApDtyQCq9gnxb,False,10110
51GN9wmJXzDzNTrDQpMNrebFF4dCQikkmYjxUoPypump,TSLvdd1pWpHVjahSpsvCXUbgwsL3JAcvokwaKt1eokM,False,943
51iTu14hk87kZSALgmRkFufpeePc4HfMgnCjiEw3pump,6meqD6qzHX1XDVyzWCmkzZpFXHC4uaHUPfXi5GHMdUAP,False,293
51nuY9zbJkVa5Aw4XnuB5HbY1RMnU3AmbwAU3vLQpump,TSLvdd1pWpHVjahSpsvCXUbgwsL3JAcvokwaKt1eokM,False,1266
521wjo7EiMBgMHL2Rkimr72ncwjdmZFhWX6jzTQVpump,TSLvdd1pWpHVjahSpsvCXUbgwsL3JAcvokwaKt1eokM,False,24565
522MXsrq2fPp8gpDA6uDpJBZtYeUR1Wt8hQgcnyipump,,False,247
52Bo8L4Sa1oiKHCQAARP4KsEdqRwTo3xV3T39rfzpump,,False,645
52SNo8gyaYrpuPfLctRm32Sv9p8unxjBG71gXrWnpump,3DQFfzHwaXTtyTgXZ8J1QHx9YKhThpveRB1ypUFUpguG,False,24601
52Sw8g83WcjsSDCeX1bvnBAPJzj5FmQY1sLHfsXjpump,AaGz1WFpc3zFoorQX72cavg7xm6DkCKjTCQqwwXX4UM7,False,24601
52bscamMwyqkNeqa2L3TR55bNrFL3y8wP4ussAuTpump,TSLvdd1pWpHVjahSpsvCXUbgwsL3JAcvokwaKt1eokM,False,967
52cjsvhHXUvATHnpmVCEZsf5uJPsRocZJk6zJBuhpump,TSLvdd1pWpHVjahSpsvCXUbgwsL3JAcvokwaKt1eokM,False,1079
52obtPhGYosnBQkq5BrGRjeUjATXWnS93bjAtsqSpump,TSLvdd1pWpHVjahSpsvCXUbgwsL3JAcvokwaKt1eokM,False,824
52pcAFSdGqfuAvso9KUQDkmm4e6ud5w19RaN6zcypump,7j9KCpsAd3u8NeceHArpij25MrGv3MdrgPndHbBM1WP,False,2001
52uooUN2zbK2yifYR6FjUcHpDrok33SFj1T5Peumpump,TSLvdd1pWpHVjahSpsvCXUbgwsL3JAcvokwaKt1eokM,False,1
52xVvKFSxv8aFXkBVMs6bH1ZMkL7JmruqgoVyDxppump,TSLvdd1pWpHVjahSpsvCXUbgwsL3JAcvokwaKt1eokM,False,433
533hSGQcfdytuasohAz3oUAADKTDRo3dovcem7MYpump,TSLvdd1pWpHVjahSpsvCXUbgwsL3JAcvokwaKt1eokM,False,26601
53CNwZZbP8WfnA1oTnX4S5AcGggvJignK2QWXtZ9pump,TSLvdd1pWpHVjahSpsvCXUbgwsL3JAcvokwaKt1eokM,False,1
53Q9gM5CcL7nq5AvvhJZhEjggNeStwSAeAPoBu1Vpump,VpKokoE5tjjWzu2PA5ZWcYx2kbCwUns7LKzVv7PW3Tm,False,16503
53RHpxQEhY9FxxQ2VmRrAWKa9UGPEL4xdL7XF7DYpump,TSLvdd1pWpHVjahSpsvCXUbgwsL3JAcvokwaKt1eokM,False,24601
53zwPCmaRYGaoZmoZmqqRk9iR2k9zWfqSoFUYmHbpump,CV9c9RvEFwxGBJzagWzHucYqdqSLre3j1Y3ws1W7tzfG,False,1
549mmsVtdxYHvRXFM6VmjHbx1DjhZzTcmABdf99npump,TSLvdd1pWpHVjahSpsvCXUbgwsL3JAcvokwaKt1eokM,False,24601
54A7rix3sh5n3hKpZ1VMABLAqrnod8PUCs5AXVsGpump,TSLvdd1pWpHVjahSpsvCXUbgwsL3JAcvokwaKt1eokM,False,326
54FeSp1Sy9jnNsPxKpzVPiKw1fVpSKLb3vZ5rTJTpump,TSLvdd1pWpHVjahSpsvCXUbgwsL3JAcvokwaKt1eokM,False,1
54JCZwAThrPRfr1gUEoNLKz8VLA6DPDBLoSdDcL7pump,,False,480
54apHSaZCrHtPuMjt9QuVLhJYj1e5MWg8hGeLMYGpump,5Y5bZdjrnmuVQQhtCNXZzPbivFpJz5CM8c75UuLdXp1p,False,1
54m25RvkDPi3MdYntqtDC9mgdaUpreZc9LarLHXepump,TSLvdd1pWpHVjahSpsvCXUbgwsL3JAcvokwaKt1eokM,False,695
54mRYUmrKyvVD538pLi2GPS9jUXwwaejXRbh8qMppump,TSLvdd1pWpHVjahSpsvCXUbgwsL3JAcvokwaKt1eokM,False,1
54pxpq5hWj6fkys5VQH2MxGS6vM8RTTUuGf14WgWpump,TSLvdd1pWpHVjahSpsvCXUbgwsL3JAcvokwaKt1eokM,False,902
54qgSRNy9CCw84aEqiLFiZi4kYRpTmNQjEKhPe6Ppump,,False,3000
54sRNw257oQTCiPc78Eh46yyK2h5HkeUdMkdCFBKpump,TSLvdd1pWpHVjahSpsvCXUbgwsL3JAcvokwaKt1eokM,False,656
54vo5TYdqq918gKfX2i7PCqquMRuuPyKg6guJuR4pump,TSLvdd1pWpHVjahSpsvCXUbgwsL3JAcvokwaKt1eokM,False,26597
551K28ak9ZytizQxTHTwmBW9zE6CT9y9MMCFqbHUpump,,False,24583
552ZLd9vb8pp6CCJWDBs58mi1iGWKg2oE1koS65spump,,False,2619
553zUBdHtVNgLLNLxjeVbES1PNrv7r1KYRAG8BSDpump,,False,25
55BFqkqzcADMdgm38Aq8tDCAzWvqAikDngrCbD8xpump,APt6u6A339s2ZAcisQTCKXCMUTRr6XhvG5R8Jj4PgY1f,False,2001
55o4RJvZR5zaVXXwKF78ncR7TNxgDUy1qgxkdT1Upump,DszdVmXqsJh1fgbY3kKZpTBuYBCBBsigHgjutps3uBQd,False,1
55z2eLziifWAFbuXU9Amwn86nRX6reMZd1A6QLoqpump,TSLvdd1pWpHVjahSpsvCXUbgwsL3JAcvokwaKt1eokM,False,24600
566AvdL1TmAnDnXpkqGHZ5RNMQBYizJMLtgBmBBWpump,4sKXCzH4GkHZBSSbwp4hqaEih8SZZFgdq9Qx9GxUghya,False,1180
56LqCTVACxRmwfN7WfRr9kGaREwLpYzDL72qQPrEpump,mcmmzcxoxMuEs8j5HtfDZbtJ4cH8WbxqiQdSN8LQ1Xx,False,24600
56SBgdCWqHH9D3mt8pmtLUaV7Gm4PyUCBP7yYrQLpump,TSLvdd1pWpHVjahSpsvCXUbgwsL3JAcvokwaKt1eokM,False,1
56VNAVkUN8nPjHf44S2gvZxGYeU6ZrYvVySW7DLXpump,TSLvdd1pWpHVjahSpsvCXUbgwsL3JAcvokwaKt1eokM,False,950
56WZH3575m3xfk5quqqx3Uhg9171AwtfXnfp8kxwpump,,False,1381
56sDqbDNaRwP6HK1o9wpYtzE5PAkNePsQe52oPx1pump,TSLvdd1pWpHVjahSpsvCXUbgwsL3JAcvokwaKt1eokM,False,1
572CVtzp3HySAYG2ok1iWt1tgVWupdj9bqmfGXLzpump,,False,696
57AbP4As48xY22MbqPZJxDPp98BGRUD7ZzrNbATrpump,8jBzeTBviRzdmpn4myVN91C2Pk3bYcfF7ZdERZPCVNF4,False,24601
57Lra1PcEeVUw5SrhMNa4csmZzDWJS9kmBPHCK2ppump,TSLvdd1pWpHVjahSpsvCXUbgwsL3JAcvokwaKt1eokM,False,1018
57Nf8xLJD8cmAfHaRdajjw4rczBp22jnoivbocfgpump,TSLvdd1pWpHVjahSpsvCXUbgwsL3JAcvokwaKt1eokM,False,1164
57Rj3JNFin36BLmMNDkXDEYBCs6xK4KWAgxMrNCbpump,,False,943
57ZZrKtSyywUW9wgyQedGYfm32UxyLSp8kUcm8Tupump,3KCENzm5PQgzRhBTXXVL49SBNdq9MrgtszZqaDC65XvW,False,2001
57i3mvjVXN73XW6gZ3ADGgKyKvL6P8gMawLRxywdpump,H4XuSNtTdz8NbPrmkunKmLszsrz5YC84zWr3uFtxn5YZ,False,1
57kGHgEoJSDZEYBuFQJKUQgDGM6EiyPRBBjQFU7mpump,FUqsGmRDUbWAjRBudwwYc1XSAiCNt96wNs6c2J5TUJjg,False,3082
57oKFu8yXheaUAZfqaqqykb9hhPRcJxpkfPa1XETpump,DFfQPkki5XxpQGSb12JsmA3nNJMHykHmqoo1swzJP7Ci,False,24601
57rnYikhsbsxPKb57NjSJctKiJQjYXSP338jphwVpump,TSLvdd1pWpHVjahSpsvCXUbgwsL3JAcvokwaKt1eokM,False,1149
583QMhCFU7bsewfgmsaPR5jtfzska4N78XBYidmUpump,3DkfuJFa7VDquQVbvSa2U4eewScmpBgHiSMU8EFCHWey,False,24600
58SDTEZUYzMutwMVNyhecujE2JB1vjFq5JtKAmfEpump,TSLvdd1pWpHVjahSpsvCXUbgwsL3JAcvokwaKt1eokM,False,1205
58bjiznHHQpuLVHSMHva9XbV2dQXnmZxk1aTUGxxpump,2ZzZjZAn7aMnc8vB8cXC6mrBAMdfiNfEA58rhyVpZgR9,False,24601
58grmA6mEtudH6CyTedF312TvH2t9LYuw4UXq2CEpump,TSLvdd1pWpHVjahSpsvCXUbgwsL3JAcvokwaKt1eokM,False,1099
58ioiL2YnMNhiV2P1XLnAx55o2DhvJiBFHKDpZMepump,2og6TTUaGvN9QwHwM8wYtNspx9Jug9CcdnQ4tt4A3hQG,False,1
58kRyX3298PvpXYHTif4ZBGaURSn67N6o1HaZDXApump,TSLvdd1pWpHVjahSpsvCXUbgwsL3JAcvokwaKt1eokM,False,1
58yjHn8mGdgGYCu5A6WiE1MbBHidZqC9N6b3trwupump,TSLvdd1pWpHVjahSpsvCXUbgwsL3JAcvokwaKt1eokM,False,31188
598ma43wPSnzjnWGPsX1BxmrUHpPr6rRvmRaM2AVpump,6d22FozaKK239PoBYVffkYKA1QPQZE8fC7AQkpmHQfjp,False,24601
599QcRGqpAYzTNBkQu3jVtgzKmYWH2DbuCEvtqCnpump,tGp47fdx4vQzLgKDJmseHLiQngr9TB22gbSHaHjE1x5,False,23282
59T3dRJabZRVkFo1AVCzr7AXKoDMfj7r8Bt5v63Hpump,TSLvdd1pWpHVjahSpsvCXUbgwsL3JAcvokwaKt1eokM,False,1258
59YACSfMBZj3JDbh8uwmzipPdhxvmA94JowyzYJtpump,EdvxKo5DsfTCSRQKRgXyM6vCvEaxHDKpRtYQjPAoa74R,False,1
59f6QczJJsDGup5nrYnWcyz8idJsSyUMAVvZXNmnpump,TSLvdd1pWpHVjahSpsvCXUbgwsL3JAcvokwaKt1eokM,False,1220
59ksz46Z1M24uqVERqBLVacw2wF1xgWVoSjFKKopump,8WEK7s7qp8RGJYppNsnJizfHBEKV9WSEkafHDaDTLtXX,False,2001
5A1q1zgxHKim7JauF1sbbFWRchzrKYbWVyaJFqmVpump,TSLvdd1pWpHVjahSpsvCXUbgwsL3JAcvokwaKt1eokM,False,1294
5AFpf9H8CPpmHe9gmwZYQPtup3MDZ887PUxvY1yapump,TSLvdd1pWpHVjahSpsvCXUbgwsL3JAcvokwaKt1eokM,False,1
5ALyj6YHFG3gr5vg2NoyHewf4qNcoEjcfEegj1Mxpump,2FZ2tkcdGHviDCBe1QxZqb9ZF2yjV7imv4ShBbtVDVZ1,False,24601
5AaWXBFbRJRdqozgwLdbiDmW3uk7PbDxFNebqcR5pump,TSLvdd1pWpHVjahSpsvCXUbgwsL3JAcvokwaKt1eokM,False,134
5AnPDx9GposBi9jSW2dFfE5QQD3FmXbudoquMNDxpump,TSLvdd1pWpHVjahSpsvCXUbgwsL3JAcvokwaKt1eokM,False,1
5Aq2s2h9u13appKHdcEjPC9RLvKVp12oehKhx15pump,Bc2EotXpir6UzRvwmXbuLYYrD8zBnJt398UKd16geSYG,False,1
5BLatRwxXqXi6sNtt6i3Drwnb6oU6Vwzu38xsNCQpump,CmWhBmS9s47HFCTzcCtpGyTiZtz3dh65rVda1yxqs4zK,False,24600
5BTwJ5agCyY6phWARGaeUTrtTPpddfeD1kATQTGypump,TSLvdd1pWpHVjahSpsvCXUbgwsL3JAcvokwaKt1eokM,False,271
5BVmczgmJZUM2UTjto1LxQHQ7f5KsvZPdjuydTnJpump,TSLvdd1pWpHVjahSpsvCXUbgwsL3JAcvokwaKt1eokM,False,24545
5BcypcSTzVSJNjHJLahngfkY6Ktp7JQVuoA9N7Xrpump,TSLvdd1pWpHVjahSpsvCXUbgwsL3JAcvokwaKt1eokM,False,92
5BspCkuyqYNoexjsMHFiv8LFLGq34RcQXCnaRt1Cpump,TSLvdd1pWpHVjahSpsvCXUbgwsL3JAcvokwaKt1eokM,False,1123
5CCnUzGNZ4PBZx3sx4t7RNyUb5qwF8NTrUSnG7FWpump,,False,1224
5CJumoFSKr4M6MvTyFyW4VQogNVyxDgKsfRuksoepump,TSLvdd1pWpHVjahSpsvCXUbgwsL3JAcvokwaKt1eokM,False,665
5CX2BkpuKcAzyLH1dd2MtSb647duA8xM2VULu93Cpump,TSLvdd1pWpHVjahSpsvCXUbgwsL3JAcvokwaKt1eokM,False,886
5CqY95EnUUr8eJJ6JgGbtiKqPZEv9TSmU86zsuarpump,2ffnQX17XZfvTxXCvXcPeEDqTxRG1L4szpZzdNfVAGTZ,False,24601
5CzgWaALiMCMFR3tzgszrajSQFEfbVQRsShNostRpump,TSLvdd1pWpHVjahSpsvCXUbgwsL3JAcvokwaKt1eokM,False,24601
5DBxco3E9hKAtrAZ8LwXR7uep6FJqHuRZPnqQgWupump,52mXWzgdyhTYx5nBPxZEDCUn8RP6oPszZNrtBRiYAsJs,False,1
5DFW66LaVRNURQgpKoEXcbtXwh1HDdFup3dvgtzxpump,TSLvdd1pWpHVjahSpsvCXUbgwsL3JAcvokwaKt1eokM,False,1144
5DGMJXDbQzQZwviDFqXyp1fTrb4PXc2szjSWrpLEpump,8Nrz1YxpL9vg8Bq9bzHMiHfAFM8axcVGiU8zhhCWUPYa,False,1
5DGUwEkXvSux7QmEZXAoUV1HU3FFRQMRF6VQxQCVpump,ByrGVmUbwo6p4ma7QhH4NSZjBPBubZvoLbnMBYHWyTBF,False,24601
5DJgSaEgVLdZQ3fSv7hKCUqVuRJ41ZwtXsJ8TczBpump,BN3N3GKAXQjj5jxt3euoXzo5xoG49ARgcHPA1T12LSwS,False,24583
5DUgLqBJjniagXYyXUGsftuJQSuG8ZH6XzWD5YRpump,CV9c9RvEFwxGBJzagWzHucYqdqSLre3j1Y3ws1W7tzfG,False,1
5DX1VUCGPB8QhePvb3kSDbanquWRxK1EiZJuvjqppump,TSLvdd1pWpHVjahSpsvCXUbgwsL3JAcvokwaKt1eokM,False,360
5DhbESbbG8foBhDYax9N8CbozKU7iQSeNWpVx9GZpump,TSLvdd1pWpHVjahSpsvCXUbgwsL3JAcvokwaKt1eokM,False,36097
5Dia5QJAy7Qa5qoWQNdp7FyDTPY115U9C6a5H8qKpump,TSLvdd1pWpHVjahSpsvCXUbgwsL3JAcvokwaKt1eokM,False,823
5DwjXARq4K9HtfDpAbH3tHbnZ8cA8Ysi1syu9hzFpump,TSLvdd1pWpHVjahSpsvCXUbgwsL3JAcvokwaKt1eokM,False,24601
5E4cppid8BSqgdsa4aKHu45rCUspuVqEty4Wa95ipump,TSLvdd1pWpHVjahSpsvCXUbgwsL3JAcvokwaKt1eokM,False,1
5ENMsAru7reMkWJJd78cGThBtjVVKVbWJBhabrA8pump,TSLvdd1pWpHVjahSpsvCXUbgwsL3JAcvokwaKt1eokM,False,1
5EgzypuMLFUBDacgZqJcuL7eKtpSJuKgNu7i7Kdypump,TSLvdd1pWpHVjahSpsvCXUbgwsL3JAcvokwaKt1eokM,False,1
5EtBFZbuGb1mRwnZm8vMstCuGStG6RxZBNvNuHP5pump,TSLvdd1pWpHVjahSpsvCXUbgwsL3JAcvokwaKt1eokM,False,349
5FCmXBYhq99GGWijGxi4t2JEWCbWnkoEzrzdPxJWpump,TSLvdd1pWpHVjahSpsvCXUbgwsL3JAcvokwaKt1eokM,False,1309
5FCnf4M1L8ND3ojP9eFCb8emXRtySFWQ9dFX9wBSpump,TSLvdd1pWpHVjahSpsvCXUbgwsL3JAcvokwaKt1eokM,False,720
5FDJ5NpDaBiQ5aq9hJwnD8xbXmMCZ8KzjGppawr2pump,EVAPXm4uEshQBbd7svPmpikedLGEfJCEF281CXAJued,False,970
5FHDNzVh1Scm2ZgWXychAATTzMFwiZwvN3rDMuhzpump,TSLvdd1pWpHVjahSpsvCXUbgwsL3JAcvokwaKt1eokM,False,1110
5FLZZodapBCYyD8BsX3LBMPiXCMgGpTkybtufu3Kpump,GtUej7NeaYSYQeRPtrMbdTLqh2ecVnhkBqmuyrYnnHkV,False,1
5FLhsyhKtmwzopW6AVxHDA9VP1HuB8oBCJxSXkoUpump,TSLvdd1pWpHVjahSpsvCXUbgwsL3JAcvokwaKt1eokM,False,1129
5FMjMuiAdgwF3REQogMqrdLRBF9pKs5wfJ9hW71Fpump,TSLvdd1pWpHVjahSpsvCXUbgwsL3JAcvokwaKt1eokM,False,973
5FPkH8FZDBwRrmbr5VDyH6DHWVKrak3Fih27CXcNpump,TSLvdd1pWpHVjahSpsvCXUbgwsL3JAcvokwaKt1eokM,False,1036
5FZr2pfBEuLSuMbDo7gCYKL37JjZndFwHoBUo7BVpump,9oA3yzWCB8raRLHQWpmNr38UgzFWLrJWixocoe4sQmeX,False,24601
5FjehCaJxfNf7ZtyniSt5nNBMmNAuUXCa2ZnZrsTpump,4k4u7Dz7xm5wUJp8Am8b4t3komDYEML2tZFZPzx837Ki,False,24592
5Fnpcg85eztE831JGL8WkQbSbeeL9gaUSfvj5uRpump,A8vKvkBEp1SviENtKJJCP3opCLXEfbyq3MGGNvbAot5o,False,1
5FrTBGAnQafvD4qbr5y9eqsasWvX8VqFJhYn3B17pump,TSLvdd1pWpHVjahSpsvCXUbgwsL3JAcvokwaKt1eokM,False,864
5FwRU9A6xPjFrHV58xVCyjSZ7tGXsWqFgJtmKhc4pump,,False,839
5FzEyGxzdqMfUkDurkMHyEHa3namf3Fd2jKT3zP1pump,,False,24600
5GCn2Y8kwxynD7syLLX3QcC8VBDCQevGmy1hSnmdpump,TSLvdd1pWpHVjahSpsvCXUbgwsL3JAcvokwaKt1eokM,False,1
5GKK9UcJ6WB6YdjsdXMvEjak6TRLJ8bE8mkZvSkHpump,TSLvdd1pWpHVjahSpsvCXUbgwsL3JAcvokwaKt1eokM,False,844
5GN9WMtqyyympQQ4SDcmJNwwPd3pg7upRNUwtfYspump,TSLvdd1pWpHVjahSpsvCXUbgwsL3JAcvokwaKt1eokM,False,24600
5GQpeFo75vHvNBe2FAMMVtFj9kbsNtcDDVozwKCgpump,TSLvdd1pWpHVjahSpsvCXUbgwsL3JAcvokwaKt1eokM,False,1
5GSr6M56gbua1hBmxqDeb8kGNDaiYRSGcELzAnT1pump,33sGE4P2e9oPtKvHJ4rC1U3MxaLbFX9YFbauuCQZiEGh,False,24601
5GU3obvKKCbdvSJUhRxbNGq3gNcxJepah8azyxbLpump,52mXWzgdyhTYx5nBPxZEDCUn8RP6oPszZNrtBRiYAsJs,False,1
5GVsRyDAGo6ovENaxBx4HvVeDAxDpPXZmJgXoNYrpump,,False,917
5GejeHFsM2NQ67QVGArYNj9iUTr3HacSDr1E4zeupump,TSLvdd1pWpHVjahSpsvCXUbgwsL3JAcvokwaKt1eokM,False,1
5GfEp9kbyTC8M5SB1LhqH5sHwDiX2LpKpZu1TzzJpump,TSLvdd1pWpHVjahSpsvCXUbgwsL3JAcvokwaKt1eokM,False,729
5GfaJqXCysTRhwxCMYdE9rCi91Lv8b7SzN4hCByupump,52mXWzgdyhTYx5nBPxZEDCUn8RP6oPszZNrtBRiYAsJs,False,1
5GqjByiUWDYptsxGZAaggwKBT5YzZNxmDphVSA4rpump,ACweW5tLeSVqwP89cqn8y6QiW2xqs9pEyHZdVjvTWuid,False,2318
5Gw2SboaCeKWPE9YErGMkoJ9eETq13EkeFV3ee8rpump,TSLvdd1pWpHVjahSpsvCXUbgwsL3JAcvokwaKt1eokM,False,1
5H1UP7Z4fPpNezarvpbjgMdhVBzpDtdMpx1uDYSGpump,884LJZ6zFrrHfgbnb1H9xe7cqWMvgu5xgDqwBsc3UJvV,False,26600
5H3nbrLqv2LhCy69PVEuGvcpjYTj9EgDwS16pMwKpump,TSLvdd1pWpHVjahSpsvCXUbgwsL3JAcvokwaKt1eokM,False,576
5H5Hos2D4A52KPPnZAUXvYzbGCvxjJGBZXjBnHwVpump,TSLvdd1pWpHVjahSpsvCXUbgwsL3JAcvokwaKt1eokM,False,987
5H6s17mooXuwtqq43Zyi2E43LkRgKf6yEo8fpMiGpump,TSLvdd1pWpHVjahSpsvCXUbgwsL3JAcvokwaKt1eokM,False,913
5HCCL79BnZgPzCTykH1Vr1FUsCq9y5Y58gUkRXx2pump,TSLvdd1pWpHVjahSpsvCXUbgwsL3JAcvokwaKt1eokM,False,1186
5HKUKotP6o6NETnk4JLBRLnT8N9CXWDk8wyq2VXNpump,TSLvdd1pWpHVjahSpsvCXUbgwsL3JAcvokwaKt1eokM,False,523
5HRdK5xnCo4pZDCsyR9RcUXqYyEVvvmTUNA9y6Wopump,TSLvdd1pWpHVjahSpsvCXUbgwsL3JAcvokwaKt1eokM,False,1
5HRxj5tsWEEZ6dJF8LREcEG91eFWtTnF2ut3BPFBpump,TSLvdd1pWpHVjahSpsvCXUbgwsL3JAcvokwaKt1eokM,False,1173
5HSAn2oZJ6k6YvXZ2rbpMtqyYYK4p4wS3gVd2VPypump,TSLvdd1pWpHVjahSpsvCXUbgwsL3JAcvokwaKt1eokM,False,1081
5HbFJwdSuwUF9pXEDvrxUbjxwSDDJbQph4HqSGaYpump,3oXp3vX1dHcqhWPbXcHKhEWwx887kswDdwKW24pyoTv9,False,1
5HkbYej6mQu1xfk2kB3kuxL4sUSAZBqVaSDMkU75pump,TSLvdd1pWpHVjahSpsvCXUbgwsL3JAcvokwaKt1eokM,False,1
5J547zFvNgyCSbUxUeJWwrTgVCqitxooMwLsVPwwpump,TSLvdd1pWpHVjahSpsvCXUbgwsL3JAcvokwaKt1eokM,False,584
5J8ruPAnhwShxRUdVGfduBA1uev3N9GYPndJb2Hjpump,92g8R2K77nQBRGeF7XiRKdKR2cHuW2xQjTSoDfrDEB9a,False,3081
5J98jMVft1tJjxdmbN8oXyTJ7q7uHKJ8pUCrLeg8pump,TSLvdd1pWpHVjahSpsvCXUbgwsL3JAcvokwaKt1eokM,False,3113
5JLvm5P1mCS3u3EkVgpB8hzHGLZ3GDKJvHbEyhkZpump,B1XvtbBKtXeS5mBzfSKacZJjvxfkMroSUzoF6yEgitFo,False,24599
5Jo2jyY1o54dt1oLUM95hWqGzP3X32VRxHabbGUgpump,TSLvdd1pWpHVjahSpsvCXUbgwsL3JAcvokwaKt1eokM,False,932
5JsjzuBvSKLAbLMmm5S1MAzZQ8nEs6HjBXi5MM9Bpump,TSLvdd1pWpHVjahSpsvCXUbgwsL3JAcvokwaKt1eokM,False,1241
5KDQYAhkp1HP7mKs8dQBZ7EjZNffzMupq2ga6XJMpump,TSLvdd1pWpHVjahSpsvCXUbgwsL3JAcvokwaKt1eokM,False,19
5KHmj9gu5ww2y7NGUcsN1Lnyy2XuYjfahCvaWfaupump,TSLvdd1pWpHVjahSpsvCXUbgwsL3JAcvokwaKt1eokM,False,721
5KMg2TW7Efyee2xp1BPQVmYw3yMvBMWwyVPZbgxupump,DjuK1Zowbe7mw2dNyqHD52a2pBCCMPwyoMRXTDw1yfWq,False,1
5KRQyL2NJr55LgNAwQjnL7hzz6gHfd4G66LoXD5Bpump,,False,490
5KRznHKjifn72CUKbLRTtaiiH79KnxBt4bpaH5k5pump,TSLvdd1pWpHVjahSpsvCXUbgwsL3JAcvokwaKt1eokM,False,1275
5KWa9F2CqrE95hgb7wEcCNKp99HHVk4DrjdEDZgWpump,TSLvdd1pWpHVjahSpsvCXUbgwsL3JAcvokwaKt1eokM,False,26601
5Kbf3ZfZB6HXbrt25wspKshhQbWTGxRd1SwkekYEpump,FaBGrHWjcJ8vKnbgUtsdpZjvF7YAAajtQTWmmEHiKtQr,False,24601
5Kc2DLwqEWRtnASx1Sh5e53Vqy27cw7EisbAekg8pump,TSLvdd1pWpHVjahSpsvCXUbgwsL3JAcvokwaKt1eokM,False,883
5KuqY1mu1sn7f2U6L53idr2Ht5vk4513H6o5T2Vupump,TSLvdd1pWpHVjahSpsvCXUbgwsL3JAcvokwaKt1eokM,False,327
5L9vRvbooqBFTzN4Jhb9HdGxDkzgYcDZ6tmZEYzrpump,TSLvdd1pWpHVjahSpsvCXUbgwsL3JAcvokwaKt1eokM,False,1333
5LAw6QmH9uFCGULA9s4c27kTs9JUBPw8gmLF4SF8pump,HQEVADQCQrUrzUE6Mg9V46EBDAzVU3VsfQhaTbvNUcq,False,350
5LBfhnZ2n37gQPVmZK7dKppQH2mKyrkWJtQ5cKQQpump,7HvRpY5K59j7MSPU1NudwJHGKQbY7PZVW1GVXMk7tDoA,False,24601
5LDoAGxTwTPhkdLPBdGkounXhPbHPwN2pNMfsh3Vpump,TSLvdd1pWpHVjahSpsvCXUbgwsL3JAcvokwaKt1eokM,False,519
5LGSb2sNAekH26RxQ6KS9G4Z8wVHiXyzARANNT3Fpump,TSLvdd1pWpHVjahSpsvCXUbgwsL3JAcvokwaKt1eokM,False,1
5LLy7t8iHYM7WjDuuycmqs24Y5bt7vhaNEnz74pWpump,6wVzZG67U9RsqiKe7V63KkLoTZVv7bg1jZKNuDgLZwa1,False,24532
5LQkL9582qoxDkgshJz5bcU6qtkQH5wXiYiUcgf6pump,2Lhp3j5GXiQUqFtCLY9aLrqFJCSmbsy2qtYPpMRXEtXg,False,24601
5LbEZWxePVBh8gF5prs6qR6kQxLKzGkNp6jzGCLXpump,,False,964
5LcQiT9dk3sK3MiUmkvtRWfDPnDHPFCbVbcZruY5pump,,False,24601
5LgNLDTvjV6nKQHBEZ783VDoYN2PqGNAKDWPg8wCpump,TSLvdd1pWpHVjahSpsvCXUbgwsL3JAcvokwaKt1eokM,False,1
5LoDeqMsSeh1j9YZWkFcXSKcJEKcA8iQsiBvMz6pump,,False,1113
5LoSxFcfeG6YaZEeZU1dWPTxV6QoRSb6d8GxqAhypump,TSLvdd1pWpHVjahSpsvCXUbgwsL3JAcvokwaKt1eokM,False,24600
5MUQvJGunpiYoDrGkFa7bQ3B8cbby5KvmHSuWRVypump,DEVsZnwbqtjDyn5kJyvP4YFcfnqQdbS1u5jDyeFVy1fQ,False,1
5MZsumh33s7mhrVyvNwmBmVXm3WSeKJBx2yJqEVapump,TSLvdd1pWpHVjahSpsvCXUbgwsL3JAcvokwaKt1eokM,False,1042
5Meq6emcSGcLVq4i9CfWPiPxmisg3B6fw2j6s84Mpump,TSLvdd1pWpHVjahSpsvCXUbgwsL3JAcvokwaKt1eokM,False,1363
5NBgu3MXn4DXJKc15vauZR7cAYRZpNyWE2w3KyEpump,3EDyVPsTiAwVS4UuYuTeBVF5HKz1bmHW7oTgsru8d6gi,False,4500
5NC7g9NzZCD5kg4gCLzHUVZo7SpBAhLKh58HZ8xapump,TSLvdd1pWpHVjahSpsvCXUbgwsL3JAcvokwaKt1eokM,False,24601
5NEkv24A28WQbnuCRa5NN1SiozUYEzfBhZoJuHTrpump,TSLvdd1pWpHVjahSpsvCXUbgwsL3JAcvokwaKt1eokM,False,493
5NHd3MsP6dXi9r1saPkeB2DoZyXLvPiqv4n9J54Cpump,5cWGQJQ8pyUDnYrYBw8efcZRqHhGYxb6XS6x794ur3c6,False,1
5NHytQKCDDmUfia5mjhXfBXHdoXjkKVSfQERh8mApump,TSLvdd1pWpHVjahSpsvCXUbgwsL3JAcvokwaKt1eokM,False,1262
5NN6TBKsyfrBxvJ6ubaVfCk5oePcBKu1YN2uKqLspump,7aaCi2if5MEprSN9YgNWgeY5GEvJvDB5ZKTaxzN6Ebsr,False,24599
5NNMXDjcoigaiFAAfr2UzXJmwJXMjNYi13o4P7Uhpump,8gM4gnxdLdkvifM9TCwkGAxrnNw4NiSiHbAdE1RqY96e,False,2001
5NSLkhKomR9YUE99W9i9xbxwuoCvqEXwEhAAeN2mpump,TSLvdd1pWpHVjahSpsvCXUbgwsL3JAcvokwaKt1eokM,False,1
5Npd2q286eqm8MM25kUR7VMuKsDU2Y3CEp7kEpXDpump,GG8SEAxuWCkfpKc7wcS1cSpwavNhhJ3Q4ghCqetXXyU8,False,144599
5Nvo3o9h3WQy1LnLUfPTMuNCSTssi1WaW6ZJ8kuapump,TSLvdd1pWpHVjahSpsvCXUbgwsL3JAcvokwaKt1eokM,False,226
5PFYWqWPLBWoVfaywV2fjNKigyWZq7JziVhbGTCepump,TSLvdd1pWpHVjahSpsvCXUbgwsL3JAcvokwaKt1eokM,False,844
5PHGgTLR82QS66HGbRrJDr6GxbgNFHLJ4fwJD3rdpump,TSLvdd1pWpHVjahSpsvCXUbgwsL3JAcvokwaKt1eokM,False,1
5PHHeQMeqg8zn4yQcocSv8JxupWaLcU5uZR9Cn1tpump,TSLvdd1pWpHVjahSpsvCXUbgwsL3JAcvokwaKt1eokM,False,24601
5PJTp6m3VDrks4Gx9uoi2hcwtEZMpUxZf242Gm5Spump,ELbEBm4UPGSxXgDsCWkHNbmXqjRaqFHFXaxM9fEieJB4,False,24601
5PQ9K3NA7Hf8ZYwB5TuUfMiD9mNzd8P1S1fkc8rmpump,TSLvdd1pWpHVjahSpsvCXUbgwsL3JAcvokwaKt1eokM,False,1
5Pce1jd2gCAx6jvm1fN9PuDq6gZuDcptEFxqC9gWpump,TSLvdd1pWpHVjahSpsvCXUbgwsL3JAcvokwaKt1eokM,False,3151
5Pg61QqS23Zk3dYo3bWMXVmUsT27tdFTzSPsnXnLpump,TSLvdd1pWpHVjahSpsvCXUbgwsL3JAcvokwaKt1eokM,False,1
5PvBDKj6jfA5d7s7K9C4cJLRT7Fj6cQ6tneGL2Adpump,TSLvdd1pWpHVjahSpsvCXUbgwsL3JAcvokwaKt1eokM,False,1
5Q8thKrE2M2LWgvLU2onAWjHkYoNavp8wkGYSme9pump,9uimyyvcQRhsRyRymCi2xDWRmHTrX4anDPowVue3VHmJ,False,24601
5QPK6AHkeVjCF8x1YjVBZo1aLUJKNZSDcgg28wMYpump,TSLvdd1pWpHVjahSpsvCXUbgwsL3JAcvokwaKt1eokM,False,24600
5QQRKwnJsoy5MHbYvUe1zgtNUGhesQ5SErQvnAZgpump,TSLvdd1pWpHVjahSpsvCXUbgwsL3JAcvokwaKt1eokM,False,1
5QTmXNG8E9cCu5i6hAoxMUpvdC4U7zQNyrPN94YYpump,34ck7aQFvMbRaa4c5wCLdsHFwtjePJs4qnC7qEyFSLLj,False,1284
5QfS38mf2ziqK9bX37qLhSqanj3PqSDggg6ER8cFpump,8ZHUD6BdwrALnDBz3ZhkoUqQBUC2EzxjqfrEbLVMFJRq,False,26601
5QnVj3R2528eydecgpM8GFjKCkimDybaMEhQCHyCpump,CCz8cf6vASLEtD1iddWtN4EgMLBgf8SbomSHhytXa3xS,False,1
5QnzgQDVXqhXwHxU8Yu1C6ugiTejX4hhKBPys8HHpump,TSLvdd1pWpHVjahSpsvCXUbgwsL3JAcvokwaKt1eokM,False,589
5Qyg1Q9DH9mv7CdFn2Qe1go2BFXe1MgVSvkEnf6Fpump,TSLvdd1pWpHVjahSpsvCXUbgwsL3JAcvokwaKt1eokM,False,161
5R9tKhGSP7Rbx4PYmn1QxNqegss2AQRMeNa82Lpnpump,,False,762
5RPdyYBgVjddFfoau9dEzVwwBMjA727EPFVdPJVjpump,TSLvdd1pWpHVjahSpsvCXUbgwsL3JAcvokwaKt1eokM,False,263
5RTVimNdLGuTUenMnyQzS3BuF58RyPuBAiyFXVCNpump,TSLvdd1pWpHVjahSpsvCXUbgwsL3JAcvokwaKt1eokM,False,1
5RaoNsNzFUGKFnpaWqbzY5S2FaXAtg3btVgekGDNpump,TSLvdd1pWpHVjahSpsvCXUbgwsL3JAcvokwaKt1eokM,False,842
5Rhy2jBoWjbHoZfN5HCjBqPNjf637FuVnscSbq3epump,TSLvdd1pWpHVjahSpsvCXUbgwsL3JAcvokwaKt1eokM,False,1351
5RstArePQESMiU3LQZJQoo4unYPpdDNcsAo27qgspump,AWNY6ZxipVLQ6PXp7gLH3GsocRYKszTdWmEG2ikFmv51,False,24594
5RtJeN4iggJeS2KTN9Ep5FEfMLTjSTtkpDZH8huHpump,5TrJWa9LBU3HB2Lcd93ixVHFjvo4EqPsiEtE8BbSaESY,False,24601
5SG1UvRTGPGG5PmUSxzyEUgKrhZghPGFFLS2x7PRpump,TSLvdd1pWpHVjahSpsvCXUbgwsL3JAcvokwaKt1eokM,False,1
5SQT6GwWndnzYtkL14eApJ3KhZNeKQyqAj88sMEdpump,TSLvdd1pWpHVjahSpsvCXUbgwsL3JAcvokwaKt1eokM,False,1173
5SQmnFiAVPHKUFcrD8yLhkreftWuHseyqUHzkGdxpump,dye93Cra1L4kHyikRRikWf8S2pE3X79aEW46ZvPUUzw,False,24601
5SVG3T9CNQsm2kEwzbRq6hASqh1oGfjqTtLXYUibpump,TSLvdd1pWpHVjahSpsvCXUbgwsL3JAcvokwaKt1eokM,False,1
5SnuLTMf7M9u3AKxpNjAd2afRRwYyeZED1v1AgDmpump,CCBiXsMAjKS9LosnBtAxQqdjRbFR1xcESZ29kfnLh3n2,False,24601
5Sxhiyv1TATki256rCZ367H5QAN8qVQ7DHs8Qtf8pump,TSLvdd1pWpHVjahSpsvCXUbgwsL3JAcvokwaKt1eokM,False,1164
5T77NjqoHyEaCVD9sGwQ8Yo4ppJiP8ZGzM4SU5kVpump,TSLvdd1pWpHVjahSpsvCXUbgwsL3JAcvokwaKt1eokM,False,432
5TAJy6JhnXpQUgRWyFJeQtZeMv3XkcWTKe5W4zDJpump,TSLvdd1pWpHVjahSpsvCXUbgwsL3JAcvokwaKt1eokM,False,790
5TBWWKQ97ZUsosKTcbu9mPwQKAR17SvMVTx8gqeypump,5JkXEr6m5MsjCpV6Kf1ap5GnuBMer5kGmkqNBrLYn3Sp,False,1
5THF8vScgCFBGsNLKvTipwhtPxDk4deY5s47PeL3pump,3hBLiPJ1kUMyMzYm9qkATZ8p2AHgFfTvm5QBLJTS7jxB,False,1
5TNwmK7BS5XP6pEF2USjMsNLXU3BJP7DLZzSxPtpump,DjKJEHxL5op6mbPEULAkKNoERV7TjGo3H8SaovAwqtmt,False,1
5TVBhzrpJFhisfi82Qo55oVZbb6AbUXAXDk68AJYpump,2Z5Tp7UjNtzPkKzac7QT467dkUacuwiuC3A51tHVEiTy,False,20381
5TVeS5w1BYE6RwddLwdFDatr4om8XvqMMaEjv9HLpump,TSLvdd1pWpHVjahSpsvCXUbgwsL3JAcvokwaKt1eokM,False,827
5TXyAyvrpdcuSZhGjb5eSYDxKVK79DCcnxKBpqG1pump,TSLvdd1pWpHVjahSpsvCXUbgwsL3JAcvokwaKt1eokM,False,954
5TaBg4NqwcnPnoLa2pVeoS4xK2QENBQdKBSEy23pump,89Xr74EQDxq46f3Wk1c5C642aiC6SAvGvi6nKd9CqfGF,False,78000
5TdKAsaPHGXseELRbSZZkL9v69jKn8qkuqXhdviHpump,TSLvdd1pWpHVjahSpsvCXUbgwsL3JAcvokwaKt1eokM,False,832
5TkWeRH6ZQ3mgpdFfHjNjpVDNwuHuRHot5Mm3Fdpump,,False,1224
5Tv5aqR3E2QNwx9J8KRhrzEGvirxbZyK4s4KYustpump,TSLvdd1pWpHVjahSpsvCXUbgwsL3JAcvokwaKt1eokM,False,1
5UBHWVnNp3EkVybEYgcmmKujEduMQj1jQFkn3CgJpump,TSLvdd1pWpHVjahSpsvCXUbgwsL3JAcvokwaKt1eokM,False,1
5UC3DEYyUidMJEpp91jd6WfAhuNdmmp1aDG1J8xwpump,DyfLmJzm9Hn3j4bPNYTQaaiXiwdtvUCovJmo5r48XAtF,False,1
5UKqxuNdHARRpH9jyoQuMqyA1fVs6ThnxmsGAVgZpump,,False,1276
5Ue9q5Bogsdq7yZipQdmG2j9J3y1u2VpGxzfi42gpump,TSLvdd1pWpHVjahSpsvCXUbgwsL3JAcvokwaKt1eokM,False,1
5UeaxTbiipJSNgkdx8ySsk49pRuATMMFuNGhoNEwpump,TSLvdd1pWpHVjahSpsvCXUbgwsL3JAcvokwaKt1eokM,False,1
5UyNbYw5CFsZN3MLCTxif93VdsckTBM96YoW5Dd2pump,7CuNbxuVH5aTyRrX5ZwVxXV2u3q53hDD1rofibWFKg1V,False,1
5V8Sfw5183ozxYcWcqLZwgZxtxUcMmLQX4nfTCVspump,4sk2eq5cUrt7hXyoTVFo6BCAu4ib5VarP8VutAGFKzDi,False,24601
5V9HBdoEpcLP5mGKi6onhUbp4Mkdzo8oeCXtArLCpump,TSLvdd1pWpHVjahSpsvCXUbgwsL3JAcvokwaKt1eokM,False,1
5VKzpfN2XRyKfV3QmeCgQJderxzP8QtDFTei7tG8pump,TSLvdd1pWpHVjahSpsvCXUbgwsL3JAcvokwaKt1eokM,False,1204
5VZfp9xnGc4Z4tysMkStBKpPQFCVTvFCdGAf4NA4pump,TSLvdd1pWpHVjahSpsvCXUbgwsL3JAcvokwaKt1eokM,False,738
5VaPFKEAzyxoWUz9PgvpnsCdT3x6q4YpnHm5zcvPpump,TSLvdd1pWpHVjahSpsvCXUbgwsL3JAcvokwaKt1eokM,False,848
5VhkgBvDREeJwjtBGv5crBuMTuDKwudjujahKsSbpump,TSLvdd1pWpHVjahSpsvCXUbgwsL3JAcvokwaKt1eokM,False,938
5VhrD34MxUhect76Ys5HCzgvXpq2DA15MWrmbHyqpump,TSLvdd1pWpHVjahSpsvCXUbgwsL3JAcvokwaKt1eokM,False,24601
5VvzXybL3Zdz8DaCi7QqbFh1hDP9g3gNiKoPoeqBpump,,False,1
5WKE3WtLCEoL8tuKPn9UGc6psFGMCpBtPiURstUEpump,D9tQGtpBWzWwRMqk11fJ3ENY8njyoZ8e2b6WS7g8gGfe,False,24594
5WLUe2Q2KR8RmMqXcBXrBnYyN8n15kwzS1oT8rsRpump,TSLvdd1pWpHVjahSpsvCXUbgwsL3JAcvokwaKt1eokM,False,35733
5WXBNjWYbQnQg4rv4NUgsdDnj21huinHfvwpSZqHpump,GT82ZTARTR2Wkd2RBHZe6voaFmibqFGi3fFCgozTRraT,False,5267
5WXZwdbn4mA1oet66tgV249s6Px9mZkrFM8KcPBbpump,TSLvdd1pWpHVjahSpsvCXUbgwsL3JAcvokwaKt1eokM,False,837
5WkoGr8UExZBtKNwdfAs9Zc7qbZSSxww3dx59EdJpump,TSLvdd1pWpHVjahSpsvCXUbgwsL3JAcvokwaKt1eokM,False,549
5WksMZVjKSm1A9rnQizxayRmVZHYNm2QZJPDJVTNpump,TSLvdd1pWpHVjahSpsvCXUbgwsL3JAcvokwaKt1eokM,False,1347
5WwSgqBkvks6ZbMJRPUCmja4ih2VqrCcx4Unw82Kpump,TSLvdd1pWpHVjahSpsvCXUbgwsL3JAcvokwaKt1eokM,False,777
5X4dSnrRDpw6k9qvsj8Vhw133xwRwRsBVfGqXL1cpump,8gM4gnxdLdkvifM9TCwkGAxrnNw4NiSiHbAdE1RqY96e,False,2001
5XEv2dSELgD35N3DsC7DQYmn6iNrnjjN6YQMB3gtpump,TSLvdd1pWpHVjahSpsvCXUbgwsL3JAcvokwaKt1eokM,False,931
5XVtZd1knTruc4KNmPL7KdQH5xU3XUUHMwCipSeqpump,TSLvdd1pWpHVjahSpsvCXUbgwsL3JAcvokwaKt1eokM,False,1005
5YVdpadRgqi7ZrEPSqmCmVhnNwqdd1ezpLtqtAbFpump,,False,1259
5YYwZ3AzjKbVf8cew3YTz6hnqU4FDTGtq269uXBYpump,TSLvdd1pWpHVjahSpsvCXUbgwsL3JAcvokwaKt1eokM,False,1
5Yh1A9FTH6WwoVTGzoFC9SzUr5SRRSbNsBJDjwdkpump,TSLvdd1pWpHVjahSpsvCXUbgwsL3JAcvokwaKt1eokM,False,957
5YhE5v7eCsi2Stuok4k8DW9LL44okii1pYpX4p9gpump,TSLvdd1pWpHVjahSpsvCXUbgwsL3JAcvokwaKt1eokM,False,24600
5Yjki9AcE32Y5SY2R4hDaNmkLqxP7tAbbfTxX5rkpump,TSLvdd1pWpHVjahSpsvCXUbgwsL3JAcvokwaKt1eokM,False,371
5YvsYQA4b49TW7yRa2PGmV3sh8AEd7kB4LJSXgfapump,9RG3YAuiQBDdG1esnzSXQ55o265to8nVriQhpwcbK6S2,False,982
5YwYfcjFs4Zi5GsTMnTeoFe38w8reFotzEfkZQyVpump,TSLvdd1pWpHVjahSpsvCXUbgwsL3JAcvokwaKt1eokM,False,1030
5Yz6UUgciYErJPWYSWRRQhbRCG955n4dhfm3dF6rpump,4QLTR3k3VpdwFRRRsTAnqUK2kA849uGKoA5wzgdhKiFB,False,24601
5Z29umuNHwt4JCK1pLBCf9myty1oKxnRYDxN7W6Dpump,TSLvdd1pWpHVjahSpsvCXUbgwsL3JAcvokwaKt1eokM,False,740
5Z4nbk9hPHAHUkfzKBe75uRitorttzitnWHSoHTUpump,DvEqzxsA5Zn28Y8gDyGMgof19srfqs9BXmz9PEH4pLjk,False,78100
5ZMBJezsvSE1UnKdAJUAcXVzSm8QhqH8bfqkGALDpump,TSLvdd1pWpHVjahSpsvCXUbgwsL3JAcvokwaKt1eokM,False,1003
5ZQGLVAcx7HzQaRhKwvBQRMHze5GCLw49SPpsbQvpump,TSLvdd1pWpHVjahSpsvCXUbgwsL3JAcvokwaKt1eokM,False,397
5ZUHgzZW127LgXCPd25NTcttGiSxjepM9Dz42xyxpump,7UXdipPBLbdAqNDWXTFC2bwhownCSiQNTC1F9Lx8hqH8,False,1010
5ZdyT3hkZPKA2oTH1YKRup8uRXXGJoSmKzNX276pump,,False,1089
5ZhKMpjTR2ibCV72wARba9YBgbcB4hvBh1jT1Gqupump,TSLvdd1pWpHVjahSpsvCXUbgwsL3JAcvokwaKt1eokM,False,1170
5ZjMmafgvqLJSqTsUwrrcP2hpWgJkGL6HFaS2GRupump,5DtDFi7ET23tTFdwBYx8DFfkQHAe5UZemLxqa2jRyXSu,False,24601
5Zkip6ysWgXvHPwBBaaq64ECRD1VKx9ko41WxNu1pump,5SwVX19GyRKMw5nmy2cjTu3CXziepRy7g9AWVUqLD1SQ,False,1
5ZqPs7FK9EQwXHqdygfqHCV2r7VEYBcd5qVH9vU9pump,TSLvdd1pWpHVjahSpsvCXUbgwsL3JAcvokwaKt1eokM,False,719
5a7N7EAaAN7Q7mowAeZRgi6VRsmTj4kH2k9P6EHdpump,TSLvdd1pWpHVjahSpsvCXUbgwsL3JAcvokwaKt1eokM,False,24601
5aro9XJzjW6MWNEFXE4nrpCryMbfvaFtBDe9AA8Zpump,TSLvdd1pWpHVjahSpsvCXUbgwsL3JAcvokwaKt1eokM,False,1
5awNe63QjMp5icfBdV8ogsaZxV5eFEHCzXGMYyBJpump,,False,26599
5bBpRuo1MupB5U3j6J53NJgGUp3wjmxBwjypAfCqpump,TSLvdd1pWpHVjahSpsvCXUbgwsL3JAcvokwaKt1eokM,False,893
5bLr3T9NfbHghfMCLV7G3RQ9D1x4V3ZyEYLasADmpump,52mXWzgdyhTYx5nBPxZEDCUn8RP6oPszZNrtBRiYAsJs,False,1
5bcCPTvXTLfhRZudogu8fAQhaLqzHAe8bV3Zfah6pump,,False,962
5bieYjbQzh9tAPE8aJdpmCRSk495Jbb9192WUKZ7pump,G2qyoi7niKNN3y1tep3qSAkYcYDxD8dpeqtJSfXHjuZ9,False,20100
5bmwv8rNGWiEP5jVLazrj1xLoUMVaHcWrmpCw5ikpump,CYTRrnMKgJiP9ZvKGvB5Jt8Q7LNwuJHjp3oCnf46ePjR,False,24601
5bpj3W9zC2Y5Zn2jDBcYVscGnCBUN5RD7152cfL9pump,TSLvdd1pWpHVjahSpsvCXUbgwsL3JAcvokwaKt1eokM,False,1
5bsfaZE3U8hsSqS6qZK9UythhFkNvwUaThy3SQ7Cpump,,False,1
5bw2ahDFzwbW1MAKwTQjWHJuSdxS8RjZWPv5xKvpump,A5Kqt5RwyxYfuKxBuzFhcvUzKpCPcReGooVuUA97oFVz,False,24601
5by1rLKohdmUtzuU93eJor3WzYYcp6RKaHjo84uxpump,TSLvdd1pWpHVjahSpsvCXUbgwsL3JAcvokwaKt1eokM,False,1043
5cXZCTJzJ232cgixESrZn8E4rgZFCLR26b9mfWtipump,TSLvdd1pWpHVjahSpsvCXUbgwsL3JAcvokwaKt1eokM,False,1033
5cdU1CWGFxcgAG3vLbrTi48AsH1ZL2oMRAGDJLrWpump,TSLvdd1pWpHVjahSpsvCXUbgwsL3JAcvokwaKt1eokM,False,878
5cgFA1tTbWjGRhoGcemgCBHcaxf3G5c4wVpuAFTbpump,TSLvdd1pWpHVjahSpsvCXUbgwsL3JAcvokwaKt1eokM,False,358
5ci6Gbo3md56SG8qm6JRSG4wC5SfRPCwXyRzUZ9Vpump,BPepkqraQhqr9r8yqWXBgDUz5XvMkrtzeD4Ht7ashLGr,False,24586
5cpRQFHLcECN9oBG2hvboWBQM9FMbAD7QdmVgxqcpump,TSLvdd1pWpHVjahSpsvCXUbgwsL3JAcvokwaKt1eokM,False,3165
5d1dp72xQetmjtuhVzRwXPxAJcRz54skB7oiP6RNpump,HDEhsMFVTjYP8hjQTNhHEMQ2vPCFPzCSt9Wpq195jzWR,False,26601
5d7Zh9eUN4VaUAJTveQZGE7hxQSmmCoxs8UwrogGpump,TSLvdd1pWpHVjahSpsvCXUbgwsL3JAcvokwaKt1eokM,False,949
5dQTX95E4QEFcbCcshPitGQKjTjzHUyYxd4vGMNKpump,TSLvdd1pWpHVjahSpsvCXUbgwsL3JAcvokwaKt1eokM,False,783
5dvdy1VUoxjZ6WBe2eVVFQF9UQFtiWugKmdd2jGipump,TSLvdd1pWpHVjahSpsvCXUbgwsL3JAcvokwaKt1eokM,False,1131
5eGcRk6dEXFZj3PLXUhU9nVi13RE8YdE1pQQr5tApump,TSLvdd1pWpHVjahSpsvCXUbgwsL3JAcvokwaKt1eokM,False,1
5eUra5EUTvpw37zYTLo4W3j8JLfv5NNQHvLQrvWgpump,6j8cYproP5wXwp1f7opbAdTyqzN3bVuasnPpsvy8SCEn,False,897
5eafqp6ic7WpxUsKJLhnLxthUcEYatjhXPNLBRZCpump,TSLvdd1pWpHVjahSpsvCXUbgwsL3JAcvokwaKt1eokM,False,1
5eavz7ZaG74uKgPw8rwejGiHCgaWcrixAaTxaBpjpump,TSLvdd1pWpHVjahSpsvCXUbgwsL3JAcvokwaKt1eokM,False,1263
5ebKzU2pNya5QDjqEcE47zc1EuMiHs1NvJomWePkpump,TSLvdd1pWpHVjahSpsvCXUbgwsL3JAcvokwaKt1eokM,False,1347
5fPKTddp5svj248QoqZEjZC7bcZYWRMuo68BDhFMpump,Em5m9mKoiSpiKS1B76oKX8eEsbDp23yHF9XwnpgVeeYu,False,24601
5fWUYE4KHTZt4AfNjHqHWtfkhhQSk7yf5R9nT6VEpump,Fz4MRZ5BEP7C6zpLFn3G7aUL2oF7LBBKmzWeB8G2cKnj,False,98971
5fY5zn1HNVXnStXKDk5qYv7ZM9MaktEXioBmG7wQpump,TSLvdd1pWpHVjahSpsvCXUbgwsL3JAcvokwaKt1eokM,False,1046
5fzxT4p7Y1dfZeCuj1QRP5nmbkZPqRoFfuBUrpyppump,,False,1165
5gBBJDyL1kBubEnKt4oMpntKQufBuEF15uD9xaVapump,8EtTuouEFrqQfwjtQ6oPA2ZS6fQcew83kFH9zEYB9PJV,False,1
5gUQ9FjdrZ9AwXapDK2SvcRBCmyXvRafnVFs5qNYpump,TSLvdd1pWpHVjahSpsvCXUbgwsL3JAcvokwaKt1eokM,False,109
5gW2DKMWnk1urPz6PwZ3eUgPBUsZvSHBe5aBfjZEpump,TSLvdd1pWpHVjahSpsvCXUbgwsL3JAcvokwaKt1eokM,False,1220
5gdyZKYfAFNsJSR246Y6Kv6L6Jwu8S5Q6JHvRU3tpump,TSLvdd1pWpHVjahSpsvCXUbgwsL3JAcvokwaKt1eokM,False,14000
5gg4qBjdw749C5mtewcWiXMxZDRGi4GZRr4yhUMTpump,TSLvdd1pWpHVjahSpsvCXUbgwsL3JAcvokwaKt1eokM,False,1124
5grKC4tdGUQo2R3HcnWhHdykfwatc9oveXtiszfwpump,2pC8CnLbHMWvxkgpTqyPS4FUfJxJAPPHq9EHFUtjRo4m,False,24600
5gxBrzztnnNcZeVkw5njc5W6hodfcBjEmQbgC9V9pump,,False,955
5hEgAPvYaZ3htLNh1fQza3cqqHhMkKuQjECDqwN7pump,TSLvdd1pWpHVjahSpsvCXUbgwsL3JAcvokwaKt1eokM,False,1
5hGTnpQA9DiKs5mh1TuLVTskVA64V6oWoDE9h8zEpump,DG7JbVuC1vWf3yvBhrotnFd7wJGQqr1oJtjWVAw7BVvi,False,2942
5hNH9FH4AgQ9AVp7vVxydyvSH6MXUpqAFvss1YgZpump,TSLvdd1pWpHVjahSpsvCXUbgwsL3JAcvokwaKt1eokM,False,1072
5hNVxZef5iEmeYWiUyWXqJiUe4yfzTSo6xBQC3rYpump,8cMroiXo7ycPgELemEP4DF3z9CjwLESk7EmpNCENToHx,False,24601
5hRcqzK55d6QcLAwuNmByXnrE6yutu8Pc6oBCdSTpump,6n1mhjUwHX4uo4vgER67HTgLQbpLrvcxmkdnU1jfoVsS,False,24601
5hpkKeRxsd2uzNwtkJqcWWd522HxSk6Mmrb1cFmEpump,7fV7gU4BB3e2on3gnHYUAizgHfdeFr4KGWuhTxSGcwKi,False,24601
5htv8bLTNX3Q4SVpKZMCW2CYnxuT23CavsMjWBTFpump,TSLvdd1pWpHVjahSpsvCXUbgwsL3JAcvokwaKt1eokM,False,531
5hztXLPUMcngjf4eq6oPVvSqQ6LUCxWdAQE4AGo1pump,DhvZGnVkLVBk87y2rrFHmNWJcavjKVmkt7KrhXw8Xs9D,False,1
5iELXWbgyS6CfeakY1K2cGSoTqfvVKrzogb5y5FQpump,H6Jj6Lc1oymbG9E76niTf2fZEmE2RBiYPFawCMr5MXqb,False,24601
5iRihKcktckx8gLPdP8qA1k2GThc8trEX3duHuJfpump,TSLvdd1pWpHVjahSpsvCXUbgwsL3JAcvokwaKt1eokM,False,1230
5iU4t2eZNrnVZyiikvVAWpm3Wqg9nbVLfVRo92V3pump,TSLvdd1pWpHVjahSpsvCXUbgwsL3JAcvokwaKt1eokM,False,921
5iZBbeAVtRYDfwduHkgbPbuAbLuperzBh8veJQb1pump,TSLvdd1pWpHVjahSpsvCXUbgwsL3JAcvokwaKt1eokM,False,857
5iaeeV5r8pX6E6GVJUaCFgm7CFTztcSbe8attjWXpump,CTXL4sHvZ56kisuht4AZXCrpj8TT5rojwXw3ELyEu1nt,False,24601
5igPsKHquNAYitDfDxwZFbr7iVPfuw3LVzwjX17zpump,TSLvdd1pWpHVjahSpsvCXUbgwsL3JAcvokwaKt1eokM,False,1
5ipyFvwL2aV7hA9mUXaK1ZvRpRYeJyciRdrS7dvrpump,TSLvdd1pWpHVjahSpsvCXUbgwsL3JAcvokwaKt1eokM,False,308
5ir7Kq5cNYTW5opBgeoH2MAcpEH6U1XKHJDGLGttpump,8Tti3z82LfoonUWVCWDxUbSr2oNwtiznyCUFysiURPew,False,1
5isu1NHaUm4oEngVRCfNnC2ybK9tQa8FXcwtTiR2pump,TSLvdd1pWpHVjahSpsvCXUbgwsL3JAcvokwaKt1eokM,False,24537
5iy4zKEA3HKLp2WTMnTRp3MuWzaRCak8oz5PHKdepump,TSLvdd1pWpHVjahSpsvCXUbgwsL3JAcvokwaKt1eokM,False,24600
5j1wWnDNiQepDvaMM3oh8dYdDtFjfEe4p8jar9gypump,TSLvdd1pWpHVjahSpsvCXUbgwsL3JAcvokwaKt1eokM,False,1
5jfvrKKhqm6tsfJrddFAP2qg7zjhZBo7E9XpYGRcpump,,False,1
5jiZkSgsyj85cXxmWCBHdRx8Cxrft5Y2p7tNWpeNpump,TSLvdd1pWpHVjahSpsvCXUbgwsL3JAcvokwaKt1eokM,False,963
5ju2R51gVkQbM5V8RS9FjxVJ7oCrAr9u9sSBivXVpump,TSLvdd1pWpHVjahSpsvCXUbgwsL3JAcvokwaKt1eokM,False,1
5jvYb87G6TpffUEzH7gJk9kqdAnbxvsNWsYLkAiUpump,7xhogoDsrKcoEUNpCKNducEmnW9ApRHZa22CUgAjTYns,False,1035
5k2sHvp1a5nrekYZv8XtznAb468Ki6C99nUBnmQqpump,3cSJhvjqzYU2LkeMTGhDkCUpfYhRbuiF1sT2TZYiix75,False,1
5kds4n1KZSNhWprfNdSbYqkTt5mxzs1ieUNZvCWXpump,TSLvdd1pWpHVjahSpsvCXUbgwsL3JAcvokwaKt1eokM,False,932
5m6rFmP28HSsmmNC6ngmNwbT2FKg1j2n9QT1vYeqpump,TSLvdd1pWpHVjahSpsvCXUbgwsL3JAcvokwaKt1eokM,False,146
5mQgm6tLdnFxVGEGFE87h7BVBmVNpoWDazmEzAkUpump,TSLvdd1pWpHVjahSpsvCXUbgwsL3JAcvokwaKt1eokM,False,1
5mSH3YMv7q6gPYmwGXoVYEG3pKTpDUbC3YF7XMtapump,TSLvdd1pWpHVjahSpsvCXUbgwsL3JAcvokwaKt1eokM,False,689
5mVQ51eqXQasrTTwpnuDA4tY35uDRUjqxxyAkRQpump,TSLvdd1pWpHVjahSpsvCXUbgwsL3JAcvokwaKt1eokM,False,649
5mXAnC2LWxvNF6und1Mokrv4WnPDP9uxzRsyWATYpump,TSLvdd1pWpHVjahSpsvCXUbgwsL3JAcvokwaKt1eokM,False,1
5mZq6ViYsJbQACPCZqMKu7QdFrq56tABPVqeUM2Ppump,,False,24598
5maA8GCYHxwr9R9zTXwVgC3Eh7ahFF6hcLpi86y4pump,Aj138FJ8L2dnSuYV7uvPokwznqevdQKX8MosBZogRVch,False,1
5mqf5ePgBTK2DvRcBePqXujpkKQyyFAP1xPn8Y57pump,TSLvdd1pWpHVjahSpsvCXUbgwsL3JAcvokwaKt1eokM,False,314
5mtn54ADesci5HT7rCxkg5FCBY5k1gSo5Dc1ph4Tpump,TSLvdd1pWpHVjahSpsvCXUbgwsL3JAcvokwaKt1eokM,False,1295
5n5GbtWvuMSLnpxntScyrKmsstjceYpXH8mEzSr9pump,TSLvdd1pWpHVjahSpsvCXUbgwsL3JAcvokwaKt1eokM,False,55
5n6LSP5zQcTrd9eyQDmZ2RHCxbuHK88SzNmkGJkypump,TSLvdd1pWpHVjahSpsvCXUbgwsL3JAcvokwaKt1eokM,False,1064
5nNcGp6L3tLbdkNtxd7XKobQfZTP6ywhc5cToUozpump,TSLvdd1pWpHVjahSpsvCXUbgwsL3JAcvokwaKt1eokM,False,860
5nQ7yjbQQacXUFg6vm4PkguizC4Rps55kzZsf6c3pump,TSLvdd1pWpHVjahSpsvCXUbgwsL3JAcvokwaKt1eokM,False,706
5nZTEtgd9pyehq7Yz1mtf9EJBrsLwqoHqS9R9by9pump,TSLvdd1pWpHVjahSpsvCXUbgwsL3JAcvokwaKt1eokM,False,1267
5njPgyEfBDvGxHtMTN86yQnNr1XTd3zy9D2eb84zpump,TSLvdd1pWpHVjahSpsvCXUbgwsL3JAcvokwaKt1eokM,False,1092
5npxkLCJB55AoUNm2v6uzrdcTeqRt1gem3YjdAqTpump,TSLvdd1pWpHVjahSpsvCXUbgwsL3JAcvokwaKt1eokM,False,24601
5nuMnG4isvpsJdFebzviqgVNCKBpodQC3uVvwKrrpump,TSLvdd1pWpHVjahSpsvCXUbgwsL3JAcvokwaKt1eokM,False,24600
5nw76FdiCLXM2PFhYFqavct6Rs4MuEZeo5SUQZFTpump,TSLvdd1pWpHVjahSpsvCXUbgwsL3JAcvokwaKt1eokM,False,24600
5o91YZjN1HgWzgZpMQBzR8HV75xvrGu6fzD6p6e6pump,2YERqUR1rt83dP2hrFKQz41QJY7QtVxdhBv8Yck2nPBE,False,24601
5oRkacgs3i7ZPVomAqd6DAkRe36x6xaj1tNksEkspump,82cqdWhF2CEnXxs86yYM9Nuvuq5aM9W8Dt3n2JBeeExD,False,1
5oSdehrNUuhDbxUVpkDEXRAykhYQeD2L1D8S99SLpump,Eg74kPN2juNSFfzEv2ghU1HGxQUi8bsYmn5BQybMasX6,False,2006
5oiQzdUWtt8z2ArzoZsyz2LXmCcz3GguBLSEASsopump,TSLvdd1pWpHVjahSpsvCXUbgwsL3JAcvokwaKt1eokM,False,1
5ojc3AtCfeq4K81jthxTiQ4HiLJD6Xw8rQU74LB6pump,FYeDNwsUqMgcTaQaCc1Qn8RTZEDGHQHJveZGXdbSNA4B,False,1
5oteiV3YZ81aJ7ByZXJzediXrQRQV6RGXS22DBhtpump,TSLvdd1pWpHVjahSpsvCXUbgwsL3JAcvokwaKt1eokM,False,857
5pArRJFWZYbrMquLfKKEf8xGfn7xfN1DqjaHF4mypump,TSLvdd1pWpHVjahSpsvCXUbgwsL3JAcvokwaKt1eokM,False,601
5pF5Lax9PJgayatUddHr857B7A3oaFxSaVmyhvj5pump,C6K63myZy2NpKGYrGzg2528Pbiyby6rRcohPc4S1waC4,False,1385
5pKzD7VCY27no9cN31dYvgzZMAWRPUUHL4xK75FYpump,TSLvdd1pWpHVjahSpsvCXUbgwsL3JAcvokwaKt1eokM,False,1
5pLiirzjDgRA8MjLHV4G6EGvLv1VtwVREXyJ8hC8pump,,False,1063
5pMjmxmcV5Q7YfHEMfFq7o4VgwHmUvHiNHXeNgjmpump,TSLvdd1pWpHVjahSpsvCXUbgwsL3JAcvokwaKt1eokM,False,869
5pQSTDfeUppb6tV415RWygL8n3ctyakBTV7QzBn5pump,TSLvdd1pWpHVjahSpsvCXUbgwsL3JAcvokwaKt1eokM,False,1
5q6mECBEriNQy4ALLQ21yq6N8pgn2bE32QjZPjiqpump,TSLvdd1pWpHVjahSpsvCXUbgwsL3JAcvokwaKt1eokM,False,1097
5qArTiQY4hhudpN6rMYitG7AmMNRtW9XcVwNXc8Gpump,,False,644
5qBYKmfMvYycn2AuYXXGbeH6RmWgwhSW7eh46tbApump,TSLvdd1pWpHVjahSpsvCXUbgwsL3JAcvokwaKt1eokM,False,24601
5qCdjGQx6HCdfHTB16WvGw48LyJtY8Fx39p1a5dupump,TSLvdd1pWpHVjahSpsvCXUbgwsL3JAcvokwaKt1eokM,False,1300
5qi9mkRaLGPiD3Xqy1wigVSnwW7Nmd95qCWkMAnApump,TSLvdd1pWpHVjahSpsvCXUbgwsL3JAcvokwaKt1eokM,False,1097
5qmL9rCSfZ7pBYAsaoeG8SP76ZELeRCK8XtMmYZvpump,TSLvdd1pWpHVjahSpsvCXUbgwsL3JAcvokwaKt1eokM,False,1
5qn16SqEcpDTs3ZusxYsM8whiF8pN9iQrUgEEVH2pump,6DjUJBBgkp3mp1d6D8b8bwgmkEnmoP5Yx8DpQQHaFkVD,False,123185
5qrEpGbcNaLk9JXJoxqf1NtQ2ic1EhmTN8oLNiuapump,TSLvdd1pWpHVjahSpsvCXUbgwsL3JAcvokwaKt1eokM,False,1
5rPeYECXQNvUYESNBUWrQgoKT6NAKJvg2zbv2Eefpump,AZQeHutymuB8e9SouurTTsm1MUDXvv58qguW54i84Gw1,False,24600
5rSeUGDPGrxkygP5sqJzvsztkrhF5E6VTMb6GkHRpump,TSLvdd1pWpHVjahSpsvCXUbgwsL3JAcvokwaKt1eokM,False,549
5rTp9dW8ZQL4AKRmGLHhPu7vb14ZXXX5Gb2qF1Vnpump,TSLvdd1pWpHVjahSpsvCXUbgwsL3JAcvokwaKt1eokM,False,562
5rgy88o8BnFpahFYkTvwcgLMdAoSNY2KnvZxFME2pump,ExNK8tt8Kec8VLmA6Xi8cCRWfz7CpWHGLrUHvy92ZFwz,False,24601
5s9nZpYW4veb66FektvzTQmK3fp2Uu9De77xPB6ypump,JAEhfNd52Za6jC16P4KKNHQcsfLdFvFu2UZcF8SX5Bh5,False,1010
5sFKzSqduRtSfJukiGWo9JjetFexA2FNCZaoaKkhpump,TSLvdd1pWpHVjahSpsvCXUbgwsL3JAcvokwaKt1eokM,False,581
5sTSm6BCqVSMPaTJsGtvaf94b2yeBxeywzCD6iY2pump,TSLvdd1pWpHVjahSpsvCXUbgwsL3JAcvokwaKt1eokM,False,1162
5sYp2ygdJwbv1ETyrsn68yUyJKGSBPE4VLChxo4npump,TSLvdd1pWpHVjahSpsvCXUbgwsL3JAcvokwaKt1eokM,False,682
5sb2VHyP9bawbg4xp9stVGxr2MyP5jhKamTQgzwHpump,TSLvdd1pWpHVjahSpsvCXUbgwsL3JAcvokwaKt1eokM,False,776
5smePgnkQ7bfyef9zvn9Nt2mtZE3d9sCyUvip2pBpump,TSLvdd1pWpHVjahSpsvCXUbgwsL3JAcvokwaKt1eokM,False,1
5tAL1cRR5YfQLyLaw4hG93bQJGtZseKgbJXNYmG9pump,TSLvdd1pWpHVjahSpsvCXUbgwsL3JAcvokwaKt1eokM,False,24599
5tEdotrj2bt1Z7FZxvXHuTiELDHF8KKFWoEzPNMfpump,7f7qhFQKnVVqAymLbCasSwqhTMtjTK9rMAsrK7SfM1WM,False,702
5thndejnfy8RsH3zCoJ7VztXRRhViE5mFA9oxyZMpump,TSLvdd1pWpHVjahSpsvCXUbgwsL3JAcvokwaKt1eokM,False,1143
5tx4pu166oSybsRF7sR1bF3o61SsSnfTfpLFRShHpump,TSLvdd1pWpHVjahSpsvCXUbgwsL3JAcvokwaKt1eokM,False,917
5tzUF7PrEf8qtkAwjmngBzXbhCVBN7oD1mgZfiUkpump,GabPYEeowEUiSXJkBqsc13ouu7XHXnMvkzX6oigkJXrw,False,2568
5tzkqRo8XjHefzuJumij7suA6N7nTZA1FSLtzM8Bpump,2d4WVTTJpqJtb2VmpkAYhZcvwDRZVsTBA6AUTAZJKTcE,False,14977
5uFNnjoUUjfHqbiNFociDzZBsYi2Xk6wMbXQskSCpump,TSLvdd1pWpHVjahSpsvCXUbgwsL3JAcvokwaKt1eokM,False,1317
5uHD8iFzLSraJJSYsNK52kP8WDZAdos76PLqKiPrpump,TSLvdd1pWpHVjahSpsvCXUbgwsL3JAcvokwaKt1eokM,False,1058
5uSx4M8MJJ4Rsh6jPu93Tx9eyUArVi6p8fFSY3uspump,TSLvdd1pWpHVjahSpsvCXUbgwsL3JAcvokwaKt1eokM,False,2001
5uWiPF7dFjWwbdRNbCEAbEjd5U5TkmTUhBNKGLBdpump,TSLvdd1pWpHVjahSpsvCXUbgwsL3JAcvokwaKt1eokM,False,696
5uruKnnHAPgaX1SdfxHT1QYipb94o6pKat6pitpGpump,BJhdsY6myeMj6keSxKdqZbR4VrGwGydbRSezSmX7tHUQ,False,1
5utukhUAisYqysjKa4V1mK7hjZKkHjKG27nRwqB8pump,BWgyEmA599jbnFcVoZtWVsDtKKjYqcf4aQZr8r4sd7Wu,False,24595
5uyCj7wS9cVGBCpDqCWitRNbbRp9ARqfUZFRTrWHpump,9JyuijJTMLzkXTXnhm2SwnQ4aLRs4nXhz3VKJ6rskxfK,False,28000
5v4w5ifjtqidU45FtX3kyGBdXZ6ZuXJ8Vc35bizgpump,TSLvdd1pWpHVjahSpsvCXUbgwsL3JAcvokwaKt1eokM,False,335
5vFdNxZ2ckTyAfzJK7RniWuMuUZr9hfSmJEPeuUUpump,TSLvdd1pWpHVjahSpsvCXUbgwsL3JAcvokwaKt1eokM,False,24601
5vH9naS4wh7Q9HpHJRwQTuQdbJpAYWGmV9tFUvGtpump,E3BYuiRZUGzkDiAJgY2vF5tH7ubtX79p3ZNxiso4kRZZ,False,24601
5vHFaW2f16gkpxcfDp7J3a3cjtrdJH7ErJVShFXCpump,,False,228
5vPCrioCAqDJLk4oGrVSnuvkkv6Y4WBR2iwMKK5kpump,TSLvdd1pWpHVjahSpsvCXUbgwsL3JAcvokwaKt1eokM,False,3519
5vYbajEitcbmFggKtoZ4QGFuhEYzGSJ7w9NEZxPepump,2bvKhD7WKgVPYvKhiCn6s5RgZ7pi1XP7fx8wqcNHt7dB,False,24601
5vnLdMSqJ6Th1x2PgdnNh1JZSF4RUUGRQVK4bBy2pump,TSLvdd1pWpHVjahSpsvCXUbgwsL3JAcvokwaKt1eokM,False,823
5wJ6gd727G84S8E9YvMPTdQ9F56UNpZMcCZ4TenDpump,DYnCqZoAgQHCksNq8yaBvHH5bPzmdBJhjVuyboyk4ob6,False,24601
5wTAHiuhtdwNnF4YegWbu1AqNKhAVA6QU8iAjwDopump,TSLvdd1pWpHVjahSpsvCXUbgwsL3JAcvokwaKt1eokM,False,1
5wVtmYfYeMu3KY3WfwdV7vQhE9ikUM8nyhbLqHH2pump,TSLvdd1pWpHVjahSpsvCXUbgwsL3JAcvokwaKt1eokM,False,1
5xTJ788tLh43GsyAcMKDYtoLJw6ARThxUaPPx5EApump,TSLvdd1pWpHVjahSpsvCXUbgwsL3JAcvokwaKt1eokM,False,1294
5xTuYGzLY4BZgPDn6WYNfKHYMuEj4J7giBioTmDtpump,CZf2Es42gAjYBeZWVqbPZJVWbYoRgJATsPRRvamCoi6C,False,1087
5xWb3BxpiZZGGeF3zwx4s3L7MiwVocNN5HygKkepump,,False,906
5xYca3dgBBeLtxg9aZuzQuXxGjn8zxsSG2yp1nvspump,TSLvdd1pWpHVjahSpsvCXUbgwsL3JAcvokwaKt1eokM,False,753
5xf3CWbsksDKfyYTPcfajPuCSKokQ1GUpTi3drVwpump,,False,970
5xhfJe9Q7yCnoxZ9egjPCoQoPpDBeVRgpRAiMHUspump,,False,1080
5xi82LyRRvcXFtoZTBw96L8VptwysDVfPSn7tZFMpump,TSLvdd1pWpHVjahSpsvCXUbgwsL3JAcvokwaKt1eokM,False,1
5xsf7ZfZ1oecnfy2CCDpZvJGnBPMWYs4fWSpmSYepump,TSLvdd1pWpHVjahSpsvCXUbgwsL3JAcvokwaKt1eokM,False,721
5xyLM4on1vcqcPy1KTWcxSPXjLWL2zTSQAtVdPb3pump,TSLvdd1pWpHVjahSpsvCXUbgwsL3JAcvokwaKt1eokM,False,833
5yKscqqNThgs3voGVjA5us2e4Yp7yjMf7Ddv6827pump,TSLvdd1pWpHVjahSpsvCXUbgwsL3JAcvokwaKt1eokM,False,1183
5ypYC2phNSBCNvepsTuHcDvJhFbHtvBpZFSU4qzPpump,TSLvdd1pWpHVjahSpsvCXUbgwsL3JAcvokwaKt1eokM,False,944
5yrYbwRCQwgMRe9MF9uQrUtCEgCMZYNyMUHXTEiLpump,TSLvdd1pWpHVjahSpsvCXUbgwsL3JAcvokwaKt1eokM,False,1091
5z1a2UkekwkrzoVfAyt8jLBiNuApzqQyryjihV11pump,TSLvdd1pWpHVjahSpsvCXUbgwsL3JAcvokwaKt1eokM,False,24600
5z4JrTmkv8XsLvwWQaDpL2jm4ERhzFCytHFFykjFpump,TSLvdd1pWpHVjahSpsvCXUbgwsL3JAcvokwaKt1eokM,False,1153
5z7QnUSwwtJvjXeGgi9DPKAXTPYKni4rLxvBehTqpump,TSLvdd1pWpHVjahSpsvCXUbgwsL3JAcvokwaKt1eokM,False,1245
5zMvT1ACQj7Qt9sum2hwv59mzXz3NThyisufaf4Jpump,TSLvdd1pWpHVjahSpsvCXUbgwsL3JAcvokwaKt1eokM,False,1162
5zSDDWmrejaoZ5hMKtZA1bEE3we1Z7RvN4aiWZqKpump,TSLvdd1pWpHVjahSpsvCXUbgwsL3JAcvokwaKt1eokM,False,1
5zaTtLRBQgfQGbW2z6VrRXLy2UKYLVX8xkHuBGhepump,DXNf9vviQiPP2xoCyiLJpVsi7why4pBTRCE7b7iaLbv9,False,21391
5zdipu84f9ZvYnUkPM24X2ECCvJ7sWWsPKiatXhNpump,9gUGp9j1D2FNgGkCABej3gQWP7cBxP9fL3kSommzMBbR,False,1074
5zgTYTDK836G2Fc4ZLQp4rsyi78pAbuDr4qaQUE1pump,TSLvdd1pWpHVjahSpsvCXUbgwsL3JAcvokwaKt1eokM,False,1
5ziiof5SVgSgzemFn6VTwpYVP9mEk8DUtU9FaiYpump,89Xr74EQDxq46f3Wk1c5C642aiC6SAvGvi6nKd9CqfGF,False,54448
613kqHEoHu1z85fV3eLEn1GwFpCPhi7VhS4HNmr6pump,TSLvdd1pWpHVjahSpsvCXUbgwsL3JAcvokwaKt1eokM,False,1122
61AbMUfxusAz8yL2GnpyzTSdzfduUkppFKqtUAqApump,TSLvdd1pWpHVjahSpsvCXUbgwsL3JAcvokwaKt1eokM,False,1208
61UUVbghhTbDDTSnZwbYLZ9xWXTRvDik9kwnCYVdpump,TSLvdd1pWpHVjahSpsvCXUbgwsL3JAcvokwaKt1eokM,False,1086
61dX4k4fKsQ96rCgm6THLGMUysjRpBRJYR9Cvmxkpump,9Tv7Hrf3idWjUukYpgPRwjLbbieihSrnaEp6xJv1mKEj,False,1
61rumdVBGUh3bDZNzjsRNPf9Uu1fG3VyvVBTVW9tpump,6GjVmnFDhebTNuRgMHsv9s9rqVnG2JkYV8KYNys26Exw,False,2001
61tQHzDU1j5aiSKAWpMbEMd7dm7mdY5LNTfvtamxpump,TSLvdd1pWpHVjahSpsvCXUbgwsL3JAcvokwaKt1eokM,False,310
623wA3wTxGDe5CqCVRr1Vc2QjYTbfPnEh9J33kdipump,TSLvdd1pWpHVjahSpsvCXUbgwsL3JAcvokwaKt1eokM,False,1309
62C1w9gaZinfVgLKK2DbRwSzgSb5UE3XsP5Tcxagpump,TSLvdd1pWpHVjahSpsvCXUbgwsL3JAcvokwaKt1eokM,False,141
62CGp1npmxMTuUA4p8kKrWeNj9TURu12MVgPPZwMpump,TSLvdd1pWpHVjahSpsvCXUbgwsL3JAcvokwaKt1eokM,False,1
62CsquahdQ3J286G9UTqV6whxryfihdV4yg7kSJnpump,TSLvdd1pWpHVjahSpsvCXUbgwsL3JAcvokwaKt1eokM,False,1
62GYxgZidEjndAeaUf8RKVjT7LJLs6T4k55TLc87pump,TSLvdd1pWpHVjahSpsvCXUbgwsL3JAcvokwaKt1eokM,False,1142
62LhRi6aoLeCejFsHQ2J2ERMJvjt2zHwk3kpnDuJpump,TSLvdd1pWpHVjahSpsvCXUbgwsL3JAcvokwaKt1eokM,False,618
62PCrp3egZr4gSpr8WRT3M6WPdHhz6HZ4syC7TDhpump,TSLvdd1pWpHVjahSpsvCXUbgwsL3JAcvokwaKt1eokM,False,520
62WcbfQABWD24iX91DPnGJAgz6x7KBR9dcy3Ayuapump,EFaQQTGywnD4CjQQvTugUiyVT4LV9G6MsWqiub8X6unN,False,24503
62jLq821596S9xhYr3h13wRT7rzLEyGDijYGkmuopump,TSLvdd1pWpHVjahSpsvCXUbgwsL3JAcvokwaKt1eokM,False,858
62jW3NU4EMYV4N8bxhdRFA6MUuwtZPDzbjBeDc2ypump,TSLvdd1pWpHVjahSpsvCXUbgwsL3JAcvokwaKt1eokM,False,72
62mALBEzUQWS3r8EzjnX1C2ricdTy9hkv8gs7mLtpump,TSLvdd1pWpHVjahSpsvCXUbgwsL3JAcvokwaKt1eokM,False,1
638NzSaMWBsNcC2PbEzrRj8bR5Bjhn9gyBkQT9AFpump,G4FvpVM4CcYgYBZuiafPTETGK1DHFUQq28HHmqm2s8Vx,False,1
63BaLJAwDzxK8D7Esvq3bQZRSbSgwLcmatnaSYJqpump,TSLvdd1pWpHVjahSpsvCXUbgwsL3JAcvokwaKt1eokM,False,1239
63MWJ3taxhAhYsQvvT84z7YXKhs2Cavz6xRXKgdspump,2co5qBH7nCV23Fo2hgosC7cPqLm3LveVTWGZx32aeT8P,False,24601
63XV2J4B7d73d7d1nxqXVbNnAGkvcosKjqTZ6sjhpump,EJjNbS3sRrXmfz5sBFXEyDaKg4xpcQvv5RbmHj6FAhgz,False,24601
646JqWNiwHA4ckrR8m5QotGrT8GupCUGcn42v8Lwpump,TSLvdd1pWpHVjahSpsvCXUbgwsL3JAcvokwaKt1eokM,False,1243
648AtrKSfMiYGVVAew82BEiBrEowD5ujtWaPBVGapump,TSLvdd1pWpHVjahSpsvCXUbgwsL3JAcvokwaKt1eokM,False,1
648muWT9xhfVPmee5BnFN5coBWQhRv6wG2KV6LoMpump,TSLvdd1pWpHVjahSpsvCXUbgwsL3JAcvokwaKt1eokM,False,795
64WN5fF6VTnXnHA4zLKnTnpzMRD9s7X8H9BEzVwypump,JDX4p9aGPYGort6z781kGiNUGCqvUco3wub9zZmeX59c,False,1
64wYxUxoHoHw7mRXvcQJBoLvTbuKCcu1e1Re5yHopump,TSLvdd1pWpHVjahSpsvCXUbgwsL3JAcvokwaKt1eokM,False,1273
64yVrvFNZobUBn9khJ8LNKudCmmUAjPNxJuH2UYwpump,TSLvdd1pWpHVjahSpsvCXUbgwsL3JAcvokwaKt1eokM,False,225
64yWoTV28BWuuzSesTxbSoSzDShv7FY7xarm9zYpump,TSLvdd1pWpHVjahSpsvCXUbgwsL3JAcvokwaKt1eokM,False,91
655Jywgb8V2xCJeL7h73cs4eqCNQh8kMR2toUHmzpump,TSLvdd1pWpHVjahSpsvCXUbgwsL3JAcvokwaKt1eokM,False,1
658gVRm3K3kGTwKyGhsJ2akKgE7zjDFHTDsscaWtpump,TSLvdd1pWpHVjahSpsvCXUbgwsL3JAcvokwaKt1eokM,False,1
65Pk5RiiNfB6cJ7mQchgkEBxx3AZaKhxmfyfrag4pump,TSLvdd1pWpHVjahSpsvCXUbgwsL3JAcvokwaKt1eokM,False,1031
65SR698egCL4qR5HNYqLHvu2vyA1popRYahXFjYBpump,2vYxyRRH5Mk3z7fXd89iHJheGXUbdDtKgTdSkikH78m1,False,21794
65SipL9Tx4rnEz8XBUgpZXMWneXW31MR5Gvjk6D5pump,TSLvdd1pWpHVjahSpsvCXUbgwsL3JAcvokwaKt1eokM,False,939
65jY1botppeWYuDmr7wrWFa2VJSo4UHau3oypAdFpump,TSLvdd1pWpHVjahSpsvCXUbgwsL3JAcvokwaKt1eokM,False,404
664bQnTAYNCchAk5JHwtwoMW3Cb2v3hBVpGpv4JBpump,TSLvdd1pWpHVjahSpsvCXUbgwsL3JAcvokwaKt1eokM,False,1
66PSH14RMYvmvkzoJBjqB3QEBJGdM4r62WsoSF5zpump,2Y11BeiYPTXVwt9KX6EoAcBnzYvjeKhhRhqwG6ESjeti,False,2881
66QxijqyVcyvfrjnqajm1Y1ud3sQUASStnwzav4Tpump,TSLvdd1pWpHVjahSpsvCXUbgwsL3JAcvokwaKt1eokM,False,1
66TNhmxcMiRhSUJKSKbnBgUHmHAGdgiqE7FHPw2Spump,Ehv6kz6FUkMtaKZbssCnWkQAd1EjmpMEUgCTmiFZFnLS,False,78100
66VraYw6ApD9cHNU9rJkCu7RNe6mVDJQDbQVmwDepump,TSLvdd1pWpHVjahSpsvCXUbgwsL3JAcvokwaKt1eokM,False,1211
66VxWqaP7cE3emPERbm3wJM6YEPZNds4FkcRyh73pump,TSLvdd1pWpHVjahSpsvCXUbgwsL3JAcvokwaKt1eokM,False,621
66ZQbsfqQX7t8B9WcK3dCgG2qggBm3oHGTgXSPphpump,97VgCKMmUWBuNxDDd9Dhsf3ju1acMbo8SM6LDn3q7gTq,False,2001
66gVyTPbuYuzxsXGKpPifEhpNK4WjSpWneGiLVLJpump,EDU9KWTdRLZY57GfmTiL2ytc7dsxH5p4LywG8Rz2NJbL,False,1
66gsTs88mXJ5L4AtJnWqFW6H2L5YQDRy4W41y6zbpump,TSLvdd1pWpHVjahSpsvCXUbgwsL3JAcvokwaKt1eokM,False,1
66hFf86vS4NU1ED3mYqA82bUuwU8PvQzH8S2Dffbpump,TSLvdd1pWpHVjahSpsvCXUbgwsL3JAcvokwaKt1eokM,False,36078
66qku7XnxE3yb5WjTmfKEpL2wNpPH7gFPgkuiaSvpump,TSLvdd1pWpHVjahSpsvCXUbgwsL3JAcvokwaKt1eokM,False,1301
66rz3G1NZWXTkXVSXJsntzKSQAVoLDaMPR3UBBhopump,TSLvdd1pWpHVjahSpsvCXUbgwsL3JAcvokwaKt1eokM,False,24601
677jK6xujhRFtBcD7Szn32tt2MSv4k6qZ4v3nGMgpump,TSLvdd1pWpHVjahSpsvCXUbgwsL3JAcvokwaKt1eokM,False,2176
67HckfhhE6cZf9iPgpxF1n1XfxCaxq8PTvf4t9dKpump,TSLvdd1pWpHVjahSpsvCXUbgwsL3JAcvokwaKt1eokM,False,343
67U5Feh6GjgA5oP8qYts6PfVurPNjkMw7ZK1cD84pump,iJLwhBNSvLiQSaFA95vFSq42BfBD3e8aqwMQ65kUJjg,False,22504
67VbHPNbpQy91yynyBejJxE9jh4iLcK9ZhbawCyEpump,2hnEXrfEmGLHq9NX9EaTXV4T59bLCjYCDFentGs2beqw,False,31678
67YagsyV1GWyT8Yq3wdZpLWE4RWYJP24SFF6PCFSpump,TSLvdd1pWpHVjahSpsvCXUbgwsL3JAcvokwaKt1eokM,False,881
67p68fQBqAeKEt1jEM5bKMLR5mfiDKgEcoDxKfZpump,A7VWopVsEu4fgE9VRvf6AGHUdyof5jsbbw44JmjT82gZ,False,1
67sBja33hGRCPt4Fjx46Rf1FEn3V2Xcy1qeJPG33pump,TSLvdd1pWpHVjahSpsvCXUbgwsL3JAcvokwaKt1eokM,False,1300
67ynShyuRcJeLM5wJuTAtUPU43suKambojHvD6oApump,4qLyTkmu1H2WYHSNr7NdBe8rqqBRSsuAUfiZ5r94ykjo,False,1168
686bkLBij3GkEnEL8Q162vyzNboCDXzDVEXYMwpJpump,TSLvdd1pWpHVjahSpsvCXUbgwsL3JAcvokwaKt1eokM,False,1
68SPEjPyP54XL6vwPSRkrrtUSVd4hqRUZ7PnUp4Hpump,8i5U2uNBEuTc4zskYP14zbebDg2RSwrrG8REhEnJb97K,False,26601
68Zs6KYys1iRZ6xgZadufWcqbyiiT1TErmozssHLpump,TSLvdd1pWpHVjahSpsvCXUbgwsL3JAcvokwaKt1eokM,False,1072
68cfCNeJaQs9zdSJ1rEeX2xVdvZx2RYbeGKsGRdupump,TSLvdd1pWpHVjahSpsvCXUbgwsL3JAcvokwaKt1eokM,False,1009
68ctj2SY7MuHzxd5Ts9Y4HC8NWMzmJzkzVg5ZoPgpump,TSLvdd1pWpHVjahSpsvCXUbgwsL3JAcvokwaKt1eokM,False,1138
68fFBeEYtpGzUmYghjUdysmoWj78hetJ8NczfnEhpump,EfhSzZbf3uZqdA6X1z7DXHpKc8Pi6dmRqsN1uuMdjetb,False,53000
68hkN844WXdcmJdw3rVj9eN1VGhxoCm8Bg1HJV9dpump,TSLvdd1pWpHVjahSpsvCXUbgwsL3JAcvokwaKt1eokM,False,1206
68oxMPtzx77oDzacyjMk7oQ23KqvH2wqpwohtHA4pump,TSLvdd1pWpHVjahSpsvCXUbgwsL3JAcvokwaKt1eokM,False,1218
6914wtkfdBujoFM6nhHeGRzMSekc4MHTLEKRR2whpump,TSLvdd1pWpHVjahSpsvCXUbgwsL3JAcvokwaKt1eokM,False,1098
693b4tjqqoZGCfM5QBevLMosFTJxu4H8TH9HgFhNpump,TSLvdd1pWpHVjahSpsvCXUbgwsL3JAcvokwaKt1eokM,False,659
695Q2Phfwe5mX7iHUbncLN5on2RBDhpSZZJPzo3xpump,TSLvdd1pWpHVjahSpsvCXUbgwsL3JAcvokwaKt1eokM,False,705
697h6q14xRzjg7d1TKQna3hTUVzEtbxKAxbaye32pump,AgAmhHiHhPMFrpA3g1QnpLNxpE3FF6VR1tDLMYQNgkYe,False,32287
69G8CpUVZAxbPMiEBrfCCCH445NwFxH6PzVL693Xpump,TSLvdd1pWpHVjahSpsvCXUbgwsL3JAcvokwaKt1eokM,False,1
69WD5ws4DCyWskc6NbcDCdeKcREMwAVNybhUtGG1pump,TSLvdd1pWpHVjahSpsvCXUbgwsL3JAcvokwaKt1eokM,False,24601
69bFMZDAvyPU9hLAjSsBBDWMvg88S2fa19gKpZmwpump,TSLvdd1pWpHVjahSpsvCXUbgwsL3JAcvokwaKt1eokM,False,1
69oYr1k4rFJahhzstBQJR4umKitC5viVXW1wvLkppump,TSLvdd1pWpHVjahSpsvCXUbgwsL3JAcvokwaKt1eokM,False,1086
69ohEp54SZpkukVDyA6uowFaCeyxbFfMtQQVRxM2pump,TSLvdd1pWpHVjahSpsvCXUbgwsL3JAcvokwaKt1eokM,False,1272
69ps5HiKaXBdoFKQVseKs4rdLddDAsG8rXPR4Q41pump,TSLvdd1pWpHVjahSpsvCXUbgwsL3JAcvokwaKt1eokM,False,994
6AEr16wXbxcCWMr61YQLWQv5NRY6GzFvKvTWmtwHpump,TSLvdd1pWpHVjahSpsvCXUbgwsL3JAcvokwaKt1eokM,False,1
6AFk3JFhWBZissahY7m4eCJzWJASpd1H2TZg6Wdxpump,GLJr7BJQRBHnVVQDydWZbbptQvBZyDzpWxWvgupLNJXr,False,24601
6APnaLJaNtmXzqjfp8anVTYyG7ZVfuHaX5h3yR94pump,TSLvdd1pWpHVjahSpsvCXUbgwsL3JAcvokwaKt1eokM,False,501
6AQN8mMFenyQAXVDssQntPWj2dK2R4PZM1nu5x59pump,GSrTqLjQVBvHj4ADdFSDNCLRhtgMjDogotmzTd1fPk7g,False,1
6ATLJdAmcQBpFpvr2XFpnsErZKPRWiUUvYdMq3Y6pump,TSLvdd1pWpHVjahSpsvCXUbgwsL3JAcvokwaKt1eokM,False,24601
6AoxsMbL345mfap8dcLvKoiWaXUUag2UQPGyiiTbpump,TSLvdd1pWpHVjahSpsvCXUbgwsL3JAcvokwaKt1eokM,False,1092
6AsH5yJBvrPDGEVCXPN9Lxvi6AZ4rFHvT4aZucTApump,Fj1oLy15sojQVuqLaW4WJ6YaB7zv4bGS8FzW1CFro2va,False,1381
6B17XemHCYMjY2dUgTbsiwu6FNZJugoA5aY3apripump,G5Qpfz6k2khM6xuQqbYZKTApjysEs92Do69kFYWA1Ud6,False,24601
6BQJV72cYEo4ysjtwFPh3yZM8kbdFnP6E4oJWNzipump,TSLvdd1pWpHVjahSpsvCXUbgwsL3JAcvokwaKt1eokM,False,1
6BQjp7nPMZNkstxdw2UFH1gf76cGmNuR3bTmSbgxpump,TSLvdd1pWpHVjahSpsvCXUbgwsL3JAcvokwaKt1eokM,False,1
6Bd38ZAD3NmXcpnZk4Li7eTAfY8KWSaZbtvnTS7Ypump,TSLvdd1pWpHVjahSpsvCXUbgwsL3JAcvokwaKt1eokM,False,24601
6Bk1QK824tfYM7CEVNRB35gS7Phe7AjGoTMEiBWXpump,TSLvdd1pWpHVjahSpsvCXUbgwsL3JAcvokwaKt1eokM,False,1258
6BkMZxYR5EzLrNdbthZZvSo5mqNDjmoBD9Tnqqqpump,TSLvdd1pWpHVjahSpsvCXUbgwsL3JAcvokwaKt1eokM,False,467
6BxtBNwjeKkuByXf4nqX6NUjd5cUUYePx59qxZ3epump,TSLvdd1pWpHVjahSpsvCXUbgwsL3JAcvokwaKt1eokM,False,1001
6BzV3Q4hvV18eyG4PgTYme8yp2noyQiMBKVLt86wpump,8gCV7A2KmssQXhV8Ss2E4NQYyFzY2GYK9vrVxPFsHQnQ,False,24601
6C6ZyM9KJ3NX6Ktkw3pDDkdXdpgGDQUhnXn1Zy91pump,TSLvdd1pWpHVjahSpsvCXUbgwsL3JAcvokwaKt1eokM,False,1
6CEjCg7Jo5RV9kFSgKx66rpW19nrsCmccD2bxfwpump,TSLvdd1pWpHVjahSpsvCXUbgwsL3JAcvokwaKt1eokM,False,1
6CGDEMkGQy7FM4TNShjJMfp2b1SVYkkZs1Wx9zBvpump,TSLvdd1pWpHVjahSpsvCXUbgwsL3JAcvokwaKt1eokM,False,831
6CHjeTtxM6cLsF2ktcYSSyQcD3Tr9qiGCBmfL2K2pump,5ozRoXnURbwmuDuXvSLVQcSFNwVauSgmrQSJLaKD9ut3,False,117601
6CZE9od6ew6cjv2xqqZyiDG4yvm5ThQg3VUuEC87pump,TSLvdd1pWpHVjahSpsvCXUbgwsL3JAcvokwaKt1eokM,False,24601
6CeGQiryXzB6K5nBUzagwCkE77aNdDUchWJFK1pSpump,TSLvdd1pWpHVjahSpsvCXUbgwsL3JAcvokwaKt1eokM,False,24567
6Cftf8znV9DqYkjNTRxkNijc899yiwMzi36bdqpUpump,TSLvdd1pWpHVjahSpsvCXUbgwsL3JAcvokwaKt1eokM,False,811
6CgqwJZEJH7Xerqj3utx3mgFt5X9Rexu5Q97ewDypump,TSLvdd1pWpHVjahSpsvCXUbgwsL3JAcvokwaKt1eokM,False,796
6CtMormnpQGSQM89AsBxgeu93cousT5Qdyai4Rjvpump,CxqjwP6y3qEsTDpJGEvtqVYbei5d2jQnzbzbG11sapbP,False,456
6DVYrrLuTXxRF7FG2RG1n2dxTPyBwf6H8nWmejbpump,TSLvdd1pWpHVjahSpsvCXUbgwsL3JAcvokwaKt1eokM,False,1300
6DoMhu61y1wH5FUYEU1KNmscnMJo8RvEpDes4P8bpump,6KpBEUGinrXAcQEEinTAnU5b3eMo46Z3779AoQPdsy1e,False,24270
6Dr4bP2hnA9JgrC67Av4QbNGs2bKxdYTwgcNnnp4pump,,False,933
6DxuX3XnqjkYX17yEaTHiNAHLWyazncWDq6JfChbpump,TSLvdd1pWpHVjahSpsvCXUbgwsL3JAcvokwaKt1eokM,False,1212
6DyPg5xCcc7P4MKTNBxHJZhU6S66HuD84f7afMEvpump,TSLvdd1pWpHVjahSpsvCXUbgwsL3JAcvokwaKt1eokM,False,25101
6E65W9PgQKpuJGvnAtJk3uPYgzy3G56g7zMa9GR1pump,TSLvdd1pWpHVjahSpsvCXUbgwsL3JAcvokwaKt1eokM,False,1141
6EHuS4foypRAkhB5Q4BzeFmB2VsH8zaziHSkQNK9pump,TSLvdd1pWpHVjahSpsvCXUbgwsL3JAcvokwaKt1eokM,False,24453
6EUy82qVj2nN5TBDRPwavUZNeDj93uDcdKLgoyPtpump,BwG46fYDjazVR4Qb34aY4NkqRrXb2JF3swFDu7wMoueU,False,24601
6EVCqTPSA6dNs8pnWJVhffxZunZsEngU1mHwT8DJpump,TSLvdd1pWpHVjahSpsvCXUbgwsL3JAcvokwaKt1eokM,False,24601
6EXW1uMsNWX9e69Apw6DfFgnX3cc1AWjsQo75zDepump,TSLvdd1pWpHVjahSpsvCXUbgwsL3JAcvokwaKt1eokM,False,1
6EuFgGVz34mSk1ijrs2rg9P54HAyn68daX5Q2apHpump,TSLvdd1pWpHVjahSpsvCXUbgwsL3JAcvokwaKt1eokM,False,557
6F1NgrMuAri5Cihs58rzyDvdq6ynUnVuzUfJasv1pump,TSLvdd1pWpHVjahSpsvCXUbgwsL3JAcvokwaKt1eokM,False,1223
6F2G6WLNjrLD3RqZHQEM2kzLoKmxGp59rSyaAe9Epump,TSLvdd1pWpHVjahSpsvCXUbgwsL3JAcvokwaKt1eokM,False,1021
6F5xDE1bXYuBJxzLdYYpZQoRaipbjJ7S6UCDKLiSpump,TSLvdd1pWpHVjahSpsvCXUbgwsL3JAcvokwaKt1eokM,False,1
6F7qQkgZogMxr2gYNo7FyFZpWR8ftnB59ZHPu7Umpump,TSLvdd1pWpHVjahSpsvCXUbgwsL3JAcvokwaKt1eokM,False,24402
6FC5FWyDXDJMfKrbBGHXr8YDpsXRVJMKLh7ZE6Vzpump,,False,603
6FyAUFeYg1rD6Gi3AoEAGu7kH8YN2qVd9Da5JnP5pump,CvDwFACo7QU8Z4Ph2StvkP4q9sbc1dFyUGxesys51xvr,False,24601
6FyfbHJozYVsx8fLZfgzTvaK6dY7zeFMqudKHvWhpump,,False,1
6G9UoNmvtpgdwzwNQuqCrTD4Bz3j8VyKVJPsjKnrpump,TSLvdd1pWpHVjahSpsvCXUbgwsL3JAcvokwaKt1eokM,False,1
6G9iD8AiK4V1m9MivngfpUEniML14MJDPi1WpEzcpump,TSLvdd1pWpHVjahSpsvCXUbgwsL3JAcvokwaKt1eokM,False,54
6GDTMz6dzG29J5fBGHq2tSTbVT1aDV2wfiPp9zDxpump,7cRjwRCjsiMFqSWLmkY75G6hKGHGp3Mb7QgmfDmD47ce,False,1
6GHmoCmqEk2AG2GyoeviV4P1G82rHbUCQ4vgZU7ppump,TSLvdd1pWpHVjahSpsvCXUbgwsL3JAcvokwaKt1eokM,False,654
6GLvHngRdP5dUpbt721dSi8p3TJAm7BhjRkagdUDpump,TSLvdd1pWpHVjahSpsvCXUbgwsL3JAcvokwaKt1eokM,False,1
6GQTcf3D4srcnjCcdpEdpSKXnT9qR8gYAMjK4QLppump,TSLvdd1pWpHVjahSpsvCXUbgwsL3JAcvokwaKt1eokM,False,3317
6GRZsc2uHYXASCLixGTD48KxfQnLAjFZaW1ooPqTpump,8AcZBvDXSwayFvAy8sb5ZD3PwqVHbnwNb2F3Fp2pdQmt,False,2001
6GiLSDkgGhFigiDtmcn1gc7z5zE3vz2Gj5Wv6cfPpump,9JyuijJTMLzkXTXnhm2SwnQ4aLRs4nXhz3VKJ6rskxfK,False,44818
6GivTnsquS4eLJd2eXrwDAoG4Ps4scK3rMs1BgSipump,,False,24601
6GkaNFJiHHFSBhPg5Ros7RwBgzmrV5cvHRSsxQRypump,TSLvdd1pWpHVjahSpsvCXUbgwsL3JAcvokwaKt1eokM,False,218
6HGd1fRw6MVZMRNmDPB9XAjvcaYw4SbXP92YhUfYpump,TSLvdd1pWpHVjahSpsvCXUbgwsL3JAcvokwaKt1eokM,False,1267
6HKys1qY2YayjVQisxGfPXiRKa5xBug8JuAk5mqjpump,TSLvdd1pWpHVjahSpsvCXUbgwsL3JAcvokwaKt1eokM,False,863
6HW16iKuTVyrSehq8YK3dCCTTvBbX6NuxFLMnJjepump,4AQSfXsMm3rywjRjjDQ8mNjPN7NcPKg1ke2nVruEZuGR,False,9494
6HdTJa3rkaZg3bCqzKD1QkMEkJGe4pGt5mBcJut4pump,7eYx4kuCHLsSvyPuc5EG61kUkS8zCNxg98SduTb44wsC,False,1
6HekQuhS6rTGCVPw7dANHtQwT1ootSYupcfdceSFpump,TSLvdd1pWpHVjahSpsvCXUbgwsL3JAcvokwaKt1eokM,False,854
6J77EXHvLKqCwXWZyUeH6VKCLytqSi6bNHPeD6R1pump,AbYYPrBpACC2ZP2Di26doNXRJ4muGFefa16jpSzvaKV7,False,24537
6JCK7Cq1Bmr6trQWBLrUncBxuBmdvzQUPDcY64uvpump,,False,1
6JGSHS9GrE9uG8ix63w3DPMYHrgrJ6J4QyHbBhAepump,TSLvdd1pWpHVjahSpsvCXUbgwsL3JAcvokwaKt1eokM,False,1
6JHPZjfToMqaZB39VSmbfL3DpDoRZLAixheFVYU2pump,TSLvdd1pWpHVjahSpsvCXUbgwsL3JAcvokwaKt1eokM,False,798
6JMBhHBeJ83PxQc5pFUvq2upoFU3qjvSNDCkijWApump,8gM4gnxdLdkvifM9TCwkGAxrnNw4NiSiHbAdE1RqY96e,False,2001
6Jb1VNhXKYQvrPGwyY9cAMCPG7DfreDv3HUM23mpump,GYakeG2C4bbqZw3mvqQYK5H6CM6ox7QFC2FgAFxoyPfk,False,24601
6JbWGPupwGW32gzHp789ba9WgKaCeePg5aaPnoJdpump,TSLvdd1pWpHVjahSpsvCXUbgwsL3JAcvokwaKt1eokM,False,24600
6JmKaRHWM6CQpsJSe4ZXMyzAvPbxPfyyAqk2qsExpump,TSLvdd1pWpHVjahSpsvCXUbgwsL3JAcvokwaKt1eokM,False,792
6K1xgUxGTBWeuzEN4zHaWFZkQALmS6XbDN5cc7j4pump,TSLvdd1pWpHVjahSpsvCXUbgwsL3JAcvokwaKt1eokM,False,872
6K3cWn5GyGC99UPAE5i337aScCYvWiu1tcuLXLd5pump,TSLvdd1pWpHVjahSpsvCXUbgwsL3JAcvokwaKt1eokM,False,1
6K41nVWq9qeWdzav5BPjdon6rEQEGd2UffxURQJdpump,,False,1213
6KCv16wFU6sx8dXJeNswE9AXd4ibGKHkewqB5zLRpump,,False,1311
6KLDxSgH5KRJunHHrUfe4AEkTnPohbczGjki84U6pump,6FSuvyAwYQNGBLcR9W3BfjNCmeP63RuAH9fZ9K2aRF7Y,False,1316
6KPot7PSLzoFYHXo3Muom3fTd1bnxWRHiVMBpKfipump,TSLvdd1pWpHVjahSpsvCXUbgwsL3JAcvokwaKt1eokM,False,24561
6KREGU7unPDoqTgDT2bApUQfVokE1eTvUMpwEtzGpump,TSLvdd1pWpHVjahSpsvCXUbgwsL3JAcvokwaKt1eokM,False,711
6KSpzps3JwdPde2rE2LDJSJ4rKBDbr2cH5bqxg9wpump,TSLvdd1pWpHVjahSpsvCXUbgwsL3JAcvokwaKt1eokM,False,24599
6KXBYUrWZwGEDUUJnJprB4DSyQ9QNbThAmirqRqqpump,TSLvdd1pWpHVjahSpsvCXUbgwsL3JAcvokwaKt1eokM,False,1344
6KbiwNS9o1yTH4RKdeE5VsdfKkEumHmJR4EJErk1pump,TSLvdd1pWpHVjahSpsvCXUbgwsL3JAcvokwaKt1eokM,False,979
6KxH7QoHnohpUjWxuGzCBXCR1HhbEkkTAXyjhddvpump,HsF2R17VbMBzQpPHw7TaZL7m2xvT5h5PrphcCrZ3qxD1,False,18632
6L1K5AN8wq9rwk4QnKfXhC4bwa3VVrLUTswmd2Zipump,G7gccR5e4dV7qUp8mhLps15PobT1ucANPqg97j2VmU5t,False,24601
6LJaNpynfDj5dX1dJ2sdGDqmUzkqsVGCza5WLr5Npump,TSLvdd1pWpHVjahSpsvCXUbgwsL3JAcvokwaKt1eokM,False,501
6LRHCKvqCX9JuQj8Fkx8yEM3c1PpyrV9NuPujc9Qpump,TSLvdd1pWpHVjahSpsvCXUbgwsL3JAcvokwaKt1eokM,False,1
6LjL6RcXmvqApans6xgeVdELZMbiTtezPuCHYHW5pump,TSLvdd1pWpHVjahSpsvCXUbgwsL3JAcvokwaKt1eokM,False,1
6LkzKeAnQv5nMbeM2U7XtggywrUtyBuBfPkAbARDpump,TSLvdd1pWpHVjahSpsvCXUbgwsL3JAcvokwaKt1eokM,False,1067
6Ly1PAATodiSxE1PTkBPnaFkS6C9mRtxFQBJAJGEpump,52mXWzgdyhTYx5nBPxZEDCUn8RP6oPszZNrtBRiYAsJs,False,1
6LyBHh95USGve7S4RTzPkrxr76FN3A1xNT9QmtmTpump,TSLvdd1pWpHVjahSpsvCXUbgwsL3JAcvokwaKt1eokM,False,235
6MAWnfagDCzqmHQh88FVt9F1zzLqXpwGJpaL7zUTpump,,False,1
6MLQcYAdk2SwYB2vuH2yg8okd4L1TLpJSUj19ZVpump,BEQcyjDafrZvbyLP3XAxzztjjh27wkVDRzG7U6PdBpn8,False,1
6MQ8D4XgoLTPGgkz7sbJdFzA6F6iuepFXE2BtV9npump,TSLvdd1pWpHVjahSpsvCXUbgwsL3JAcvokwaKt1eokM,False,1
6MU3dAYz44RsaUruFeMXzHtUEpBd9ACWSc9kEo2apump,,False,1213
6MVjvwMbBM6KonM3pACFUGzKBbeQyBFpEpZpZA7Gpump,TSLvdd1pWpHVjahSpsvCXUbgwsL3JAcvokwaKt1eokM,False,945
6MawjTSbkVDzyUKXgZLrPosSpFUUcb3zKzz8yr6Wpump,TSLvdd1pWpHVjahSpsvCXUbgwsL3JAcvokwaKt1eokM,False,137
6MoMfV1mFkGbbKMnQvKmv3jGqs4ts2ej8emUZ3sbpump,TSLvdd1pWpHVjahSpsvCXUbgwsL3JAcvokwaKt1eokM,False,489
6MsuX4Fc7aQ9FFwnBFnA9oQZhUsFKhnjritV8Hu1pump,TSLvdd1pWpHVjahSpsvCXUbgwsL3JAcvokwaKt1eokM,False,486
6MuXxydagkqmVehKphr7ejwRW5gKPfFAJthzvmaBpump,TSLvdd1pWpHVjahSpsvCXUbgwsL3JAcvokwaKt1eokM,False,24598
6MzGTRdkwekokXTBjhH5SqCoQGUVTEaLa8H33NCfpump,8gM4gnxdLdkvifM9TCwkGAxrnNw4NiSiHbAdE1RqY96e,False,30801
6N2L1hQsrpaNKt41CU19cjMmFzsYqpuSQYM6maJfpump,TSLvdd1pWpHVjahSpsvCXUbgwsL3JAcvokwaKt1eokM,False,1022
6N43MrHhvApBsbfC3hmHvTE1YekEyQ2FY4nzKiGnpump,TSLvdd1pWpHVjahSpsvCXUbgwsL3JAcvokwaKt1eokM,False,25
6NK9tUwu84T7S3bCQx3a8e7Y4gQXjSpuDr9sKccSpump,TSLvdd1pWpHVjahSpsvCXUbgwsL3JAcvokwaKt1eokM,False,1143
6NLjcs1jFhZCWwGZty5f1Cm3L5XmHP7ZGocHJ5z1pump,2b5xzxMxywfH9VvNhN3BnB6F8jhQzXxoo3XXeXXRxocx,False,1
6NQQBqwRop9RNzmHPj6CE2EKHErkBjWbqS6LpX8Ppump,9p9kKEkyh4TNQ9b7UkDqwoBLUwodFXchFjwJ4KE924nb,False,24601
6NS1kovudykoKqDPFLrE3nvMuvtoNDCq59XyJW4pump,TSLvdd1pWpHVjahSpsvCXUbgwsL3JAcvokwaKt1eokM,False,905
6Nc4x2cCarACkQznheFxwGM4yRxiCsFSc4QHpaP1pump,TSLvdd1pWpHVjahSpsvCXUbgwsL3JAcvokwaKt1eokM,False,24567
6NcY9HZGx4dWFqAnVeuARkhNosz9zYrnUz45Xbb7pump,TSLvdd1pWpHVjahSpsvCXUbgwsL3JAcvokwaKt1eokM,False,3001
6NjzZfTwt2ceJzUHxvtjRcS2VDKQPTCufzYBU8vBpump,Edc8wihNoCohpzgd4LAubCGnA1mc2JaxDwgNW85ojkv6,False,24600
6NkptizNCKfX2wN7W9FQiCRWysvHzp7Cu6Vrg3k7pump,TSLvdd1pWpHVjahSpsvCXUbgwsL3JAcvokwaKt1eokM,False,863
6Nqr7T8fiyJUFLDUAsfnv2o4cxAM5hYf9agcs75ypump,zHnmyPmj1ZWb9pBMRZXDbQyrgsGhZki5JCU2DZgoDLA,False,24601
6P7xxdfAZzY4AYZuZCwcfgQLaXpDnkxYjPjrBN3Zpump,TSLvdd1pWpHVjahSpsvCXUbgwsL3JAcvokwaKt1eokM,False,1
6P9RW17am9s56uAQAdhPdCexrUMfoinrqcaqfwAApump,TSLvdd1pWpHVjahSpsvCXUbgwsL3JAcvokwaKt1eokM,False,888
6PfemVoW14xgFywcnhc9zrAW9hV8gGZKCTSe3Ns3pump,TSLvdd1pWpHVjahSpsvCXUbgwsL3JAcvokwaKt1eokM,False,1
6PqDMmqJLEMXfWsQD3JBgspJKmgXjBR9taZM3JDppump,TSLvdd1pWpHVjahSpsvCXUbgwsL3JAcvokwaKt1eokM,False,665
6Q5FUteNxVFcvxcZWzqqwCmVmcycU7jLRFqfVz6rpump,TSLvdd1pWpHVjahSpsvCXUbgwsL3JAcvokwaKt1eokM,False,1184
6Q8uQDts1tfThPEdqQbJnoJvcfPnAXJzYhv1StgEpump,9gqh5UAXcvbMaBYTQTvNyBpMRovgzh4EgeLtkXXHHBx4,False,1
6QF8i2k9JhPUms3BJvtm42f2W49ZRQf1LyG4gewppump,TSLvdd1pWpHVjahSpsvCXUbgwsL3JAcvokwaKt1eokM,False,24601
6QaZjD1aRmfyCWS31r4GTMq5ULKNLHDkPudUd3oYpump,TSLvdd1pWpHVjahSpsvCXUbgwsL3JAcvokwaKt1eokM,False,2001
6QfqtCrMX7JuzwfProRHGagKNb6TL1psSz1YtPaBpump,TSLvdd1pWpHVjahSpsvCXUbgwsL3JAcvokwaKt1eokM,False,904
6QpR2h624ZsNG46sghyoPXEBBT3bFyeHPPMJkq17pump,TSLvdd1pWpHVjahSpsvCXUbgwsL3JAcvokwaKt1eokM,False,869
6QwQd4qFL6eBEQUM46rSf99P3hJzB2oRgi9aPuYypump,TSLvdd1pWpHVjahSpsvCXUbgwsL3JAcvokwaKt1eokM,False,899
6R3cyLUa8PmYo3Xk29bRXxGeVHSYF8RYrAsikeSwpump,TSLvdd1pWpHVjahSpsvCXUbgwsL3JAcvokwaKt1eokM,False,1
6R5D4XN2F9ffCmbgfp9418qZRHpuqgb8Z6KvaTrbpump,7R2cpgpuBGEU22rg1SqfBnxirrPXpZAPynmLcJdjiC4N,False,24593
6R7paTHpahekk6MJAQVkHABWWt1P1J4SS43WMiezpump,TSLvdd1pWpHVjahSpsvCXUbgwsL3JAcvokwaKt1eokM,False,1039
6R8zAjNzeSXPhgGEDcQ4cx2LM4F4jRvWez7q3UoXpump,AhPPbkr4fdFNxdJStYNifS9hapcbMa2k1o7FAhamyigP,False,3085
6RKFco2ZstPx5mUnVLpVM7dYupzYFkGRgufJefxxpump,TSLvdd1pWpHVjahSpsvCXUbgwsL3JAcvokwaKt1eokM,False,528
6RRnPHdDZgqQMpZwWAaYzm5LAH46qcg7VpUUpz9qpump,FvzVfgt1kgMeECYzHh2E1YuxWeVYQMqEvsr9FbGPPnRR,False,24601
6RTHVBGHs4heaU498xyfH6hU6HHrG4YhtsQRS8Vfpump,,False,1
6Rb53kKFfR9JeYX5USdFAKfbe9hWMj2jKxn66vPfpump,TSLvdd1pWpHVjahSpsvCXUbgwsL3JAcvokwaKt1eokM,False,920
6RhW4JzUrxyNjtfHuzjqLrQKuYuiUndK728GgqHVpump,TSLvdd1pWpHVjahSpsvCXUbgwsL3JAcvokwaKt1eokM,False,24562
6Rx89EvU1fNGv5htXGTUs3HPoQjcYSLh8KDd5RPwpump,TSLvdd1pWpHVjahSpsvCXUbgwsL3JAcvokwaKt1eokM,False,1
6S8LBtMiAjC1sAHoesHrVhFU9mdPqwznxq2aCeN1pump,TSLvdd1pWpHVjahSpsvCXUbgwsL3JAcvokwaKt1eokM,False,1
6S9p3tgzH9NznwhTyoZXQeMVFS2sznpFhsFS719rpump,DXq2nz7p9pwsHs63cJAzqHtUAUS5bcsvLJe7Yk7LBW4m,False,24601
6SAS1A4zaCYk879p63WLJ4KEQCuMAPyET93NvrFMpump,TSLvdd1pWpHVjahSpsvCXUbgwsL3JAcvokwaKt1eokM,False,221
6SC4UkMTU1nNsEwyMh18QnHpjTzBvkGqKBFv5trzpump,TSLvdd1pWpHVjahSpsvCXUbgwsL3JAcvokwaKt1eokM,False,1256
6SDeUL3x3DiWyUiXaHT7ftzYkb8t6YAeHxXigtyapump,TSLvdd1pWpHVjahSpsvCXUbgwsL3JAcvokwaKt1eokM,False,320
6SF5jUhtrmgUXviEePDdeMqnA4R4EF4XD7ystsQepump,TSLvdd1pWpHVjahSpsvCXUbgwsL3JAcvokwaKt1eokM,False,333
6SFcGTXPhwjy4QSNTLGNXFrM6zAzKTH2qCcE2CSDpump,TSLvdd1pWpHVjahSpsvCXUbgwsL3JAcvokwaKt1eokM,False,1040
6SNF42gEu3WkEVy7JgmMb1wTNxeGWY5UXfRjQKUzpump,4qyJGbgLbxUrW7N5QgDBos5L5vGKpwXZUywTickEf9d6,False,894
6SPzNKfVFpTmK2wmySBRmW8di6ec9VRhKm8kcAvHpump,BTpT6brxKqYaQq3cLV9JhwmoLJ7fygfhorMxfMeN7eL6,False,3428
6SUryVEuDz5hqAxab6QrGfbzWvjN8dC7m29ezSvDpump,BQxu6KyVuMDqf1z948aBNZAaNw46ExMbCGbWTDdcD29a,False,7201
6SVQk45gZvmzDxXLQ5NWbaeNegWDVQiuEszUX7Fppump,TSLvdd1pWpHVjahSpsvCXUbgwsL3JAcvokwaKt1eokM,False,967
6SWx5P4LknSKx56fCPqsD5M8PmQVHYpgbDYbmsZSpump,TSLvdd1pWpHVjahSpsvCXUbgwsL3JAcvokwaKt1eokM,False,24601
6SfbYzsuXVdTfTd6Hq81tBN1GRPjF6MTxAudhdZHpump,TSLvdd1pWpHVjahSpsvCXUbgwsL3JAcvokwaKt1eokM,False,825
6ShbpQPb53TUPAimKq2neUnp39mgeKx5aHGkq2MJpump,,False,642
6Sr87Q5WFQvhnGhjCLF29tcdre7S6Fv16RyDFKC9pump,9JyuijJTMLzkXTXnhm2SwnQ4aLRs4nXhz3VKJ6rskxfK,False,48750
6T23QKJ7q5fhu1niudJqHjHXQTPrxKiY82PRyb3pump,TSLvdd1pWpHVjahSpsvCXUbgwsL3JAcvokwaKt1eokM,False,1261
6T44rfi9BDUdZbEvVddZWVfsGrpC6N1sSSKYnCsLpump,TSLvdd1pWpHVjahSpsvCXUbgwsL3JAcvokwaKt1eokM,False,1
6TnDjATfJeBUjW5SkF6mCxiD8qEWGfHPu6Xa4L45pump,TSLvdd1pWpHVjahSpsvCXUbgwsL3JAcvokwaKt1eokM,False,789
6TsyZ4fCNGYr8p5bWApzywjKaLNZrUjVBXqjiHtcpump,5dZB2ggY3wvZw9Bo19bgBA3zsfTYTEBWP9NKH1dRrigp,False,2001
6TvpcaTfD4KdSuT2hTQGdoeznq5rq77dNKXieWYapump,TSLvdd1pWpHVjahSpsvCXUbgwsL3JAcvokwaKt1eokM,False,1146
6UJhdy6BpN8ymgWd1LJjqCMsoSJPptvx3fRnP9Zfpump,5U8rS9mdmZRWxAHC9SymfCCv1RJps9hyxMiuTRFgKY3X,False,1
6ULCHv7UfwRpVVZ42WGauxAhaUDgneaKWHA7VYazpump,FXAxZBVMV4BjMjuE6UJm1pRGFth2i91gKX1Z9m31RX3J,False,24601
6UaBXHo66aMBk82hR2xzB466sv4vNc9dnJdHtrBmpump,TSLvdd1pWpHVjahSpsvCXUbgwsL3JAcvokwaKt1eokM,False,1
6UmMAjSYeA5vR94Bn2qD7n2jWpQdd3nW22Vo95RSpump,TSLvdd1pWpHVjahSpsvCXUbgwsL3JAcvokwaKt1eokM,False,1
6V5PrbZ49P22B54W2KtoGrNXWzRFpiC9kzu7SCDMpump,6P3iNFwFuxnUANAPJsxfQcyurHrRQPtuS9jdjLoLZ3w5,False,24601
6VDCnhwwotkispNUhcJQB6DJi9kxJ399d1B6Wuq5pump,TSLvdd1pWpHVjahSpsvCXUbgwsL3JAcvokwaKt1eokM,False,981
6VDi6XibVKuuF7maLszH2Goci55WKWY1P96mS5Stpump,TSLvdd1pWpHVjahSpsvCXUbgwsL3JAcvokwaKt1eokM,False,1248
6VNEbPzedicZBTRpRnctgrSuUgE9PRRixJACxbPipump,874vMYC6CCjgXwmEJDskAL7ztv1Do3amWY8S4rD6CeAM,False,1
6VYJTN7nRjF4DtSkHH1Yop5TU8jYUfpxrutLwQknpump,57wVVVvYEUe56CPcPSkDGveQ5axScwBuv7sUEPZfTDf2,False,24601
6VdB81wks8iLcuRfw668FJQYPeYfUcftXM9Bu4T7pump,TSLvdd1pWpHVjahSpsvCXUbgwsL3JAcvokwaKt1eokM,False,820
6VeSg58mGb8SGuJ8VPq8JcrD8WdfHemCvvUJrfK8pump,TSLvdd1pWpHVjahSpsvCXUbgwsL3JAcvokwaKt1eokM,False,1
6Vgu4i62gscfVL918DiiWs28j9K9C4nMK5T4GzRopump,2qK3QTuNo9z61yGwC6CXRnihm59RFreMBTepYgwXouj8,False,1070
6VmaEgZ54WnJJFLChdNN8CdFi2FmDmJDxDtCQECupump,TSLvdd1pWpHVjahSpsvCXUbgwsL3JAcvokwaKt1eokM,False,853
6VqnXEzDirxvqaHNB1VbzbaNB8MKiUJ6fG39A3Dupump,TSLvdd1pWpHVjahSpsvCXUbgwsL3JAcvokwaKt1eokM,False,1
6WErZ2aMZYLUyzbP9n5gm4fwHJbv9Ln8yimSQRwZpump,38Wpz4rN5NH5uBB1iDqKm63nFJbCSxq5Qrxagmzqk5Fn,False,1
6WJnu8Ho7sUYk4cPXc2phuFrGRQA7aqM9Hizog1Lpump,TSLvdd1pWpHVjahSpsvCXUbgwsL3JAcvokwaKt1eokM,False,1155
6WNva7iLjTvxSfXPSmbjceW5Yc41LUH4SJNqKom5pump,TSLvdd1pWpHVjahSpsvCXUbgwsL3JAcvokwaKt1eokM,False,1
6WSFPhM1NffHz5VPG6tkibmC4TcqytdPvWK7GrpPpump,ESBQmwpwQr5BCmxL5XKyP2SSDNi9uccntXBAsKArTJha,False,24601
6WSppYPevaDEZxdmW2WoHLoSnJMeVyqz8Rqkm8MCpump,TSLvdd1pWpHVjahSpsvCXUbgwsL3JAcvokwaKt1eokM,False,1
6Wbze9WjRGVbVE2jygmJkVCrZGsSFPNpw4VvE46kpump,TSLvdd1pWpHVjahSpsvCXUbgwsL3JAcvokwaKt1eokM,False,24583
6Wg8kwi6RyQbbtEjCFQGmK6eW6d57NUoMqhitJD6pump,8uLq7Q2ykA4oDxZPvabgkASfa74Ma8ddtmCnWshN9fKG,False,24601
6WhyN46nWbuhHTBCrTJUNLv9f1rGieCPaDUeUdqYpump,TSLvdd1pWpHVjahSpsvCXUbgwsL3JAcvokwaKt1eokM,False,1078
6X7piECVcBHLh7UsZS89Z7PSZ2hL1esatXR9oijupump,,False,1060
6XAPGvfdnHVgXmFGu9wWxxAY3KDU5cFMPCG8GUiLpump,TSLvdd1pWpHVjahSpsvCXUbgwsL3JAcvokwaKt1eokM,False,1
6XNTxD62aQCTLczCuD8XAx2zc9mx5Pash4TGeZm3pump,8zrqCeUjV9KFXn8Wq75DZ3yKtPYsEPGb5JzC8KoSysXf,False,1
6XTcCkzXdX69nvJhR3nft9YfKZAMcbR9fB4qs7k6pump,TSLvdd1pWpHVjahSpsvCXUbgwsL3JAcvokwaKt1eokM,False,816
6XYXpmCNnRQaZcKid92LfgADj3zWq3ukZ9Ks9aKpump,TSLvdd1pWpHVjahSpsvCXUbgwsL3JAcvokwaKt1eokM,False,1
6Xx8p2WmY1Uk2GD35uxhEyuniNrVEeSu3CUThb8Upump,TSLvdd1pWpHVjahSpsvCXUbgwsL3JAcvokwaKt1eokM,False,1
6Y6CMUsR7tagDToikKVVM2BfHCn6f8u6Grj2yk9spump,TSLvdd1pWpHVjahSpsvCXUbgwsL3JAcvokwaKt1eokM,False,1288
6YNwKwYPqgrCSyo1bUG3jj3kpQmWgnhYYnutoJDrpump,TSLvdd1pWpHVjahSpsvCXUbgwsL3JAcvokwaKt1eokM,False,898
6YPVWNNgEYEmrRqv7QohMG41XuTBRnBrqwSbWEc1pump,7KKXibiPRJLFTor9fx9AZ1y3ZkN9DgaEACPRSSBZRWkK,False,1227
6YjuogEuCbRPEoKdcqHjPzMHGBDSq5bsSv7X5WqDpump,TSLvdd1pWpHVjahSpsvCXUbgwsL3JAcvokwaKt1eokM,False,1
6YkqqFiV4p2sRB5tYaAJUvwmG2zHiWrAcR76i9ZEpump,TSLvdd1pWpHVjahSpsvCXUbgwsL3JAcvokwaKt1eokM,False,943
6Ymv8Mmzj1uSyBhDXPoXTJRR3nHGP3goDbrfHGW7pump,TSLvdd1pWpHVjahSpsvCXUbgwsL3JAcvokwaKt1eokM,False,1373
6YtL25aoR9cgXkQ3D637tXN84ncuV8NKp5wmdeFVpump,TSLvdd1pWpHVjahSpsvCXUbgwsL3JAcvokwaKt1eokM,False,1215
6Z1LUSf5jK8FgF3hrUVtXNuyXeaGSou8qfDLCtfJpump,ELTF249xFW1VwfeTo1vVAXt5XRdybu4qeaC6GKg2z8Ru,False,24601
6ZUQAjQsAr3JQRRmbf5wXVgpCxD8vuq6jZGfRpTspump,TSLvdd1pWpHVjahSpsvCXUbgwsL3JAcvokwaKt1eokM,False,1
6ZayvWJbfXP4c2PYU2vJjpXV347ogG4sBV5oCDUcpump,TSLvdd1pWpHVjahSpsvCXUbgwsL3JAcvokwaKt1eokM,False,523
6ZkwjrLAbQCABxvqkJHsqgqaAwBgWU2DWvCiKGrmpump,BVUzo5FsHHdb1bxoPrbUdGh8cKuyiKrLHMHL9j6j1Rjm,False,315
6ZrYhkwvoYE4QqzpdzJ7htEHwT2u2546EkTNJ7qepump,TSLvdd1pWpHVjahSpsvCXUbgwsL3JAcvokwaKt1eokM,False,1
6ZxLdzmkBzakxKRKHMakLKXY9GidW2KJc9Lf2M6Fpump,TSLvdd1pWpHVjahSpsvCXUbgwsL3JAcvokwaKt1eokM,False,1176
6a4SqYVNjLHoM5W23uXSuVumRHhQLKusoTrpzC4mpump,TSLvdd1pWpHVjahSpsvCXUbgwsL3JAcvokwaKt1eokM,False,404
6agxJ2Xcj1px7sUs1PZWVmdVDYy36m4nsMwAcj4Cpump,GAw2YWsbZ3dLXQMEDUu4i6PbAHVeqLsPU2XkkHhBpJyZ,False,1256
6aik7Crb4TGK1CqGrPUx6JGbWaCoTudvY1Sajsfcpump,TSLvdd1pWpHVjahSpsvCXUbgwsL3JAcvokwaKt1eokM,False,24600
6ankmURHg2te1Yv2FHEfTT6hm9DytjwwQDoMWWgspump,TSLvdd1pWpHVjahSpsvCXUbgwsL3JAcvokwaKt1eokM,False,878
6asRuqr7yJtqDaqRcPBL5A3J8Q5LyuQt6tqy1N5cpump,TSLvdd1pWpHVjahSpsvCXUbgwsL3JAcvokwaKt1eokM,False,2001
6atKZkgmc4iCYfATg6Ewc7NQQCF4fwi2TGapExtHpump,3TXvszJtRuQ5jUz5gd48nicYGzgcQqgUwU25yNff7yKc,False,24588
6aueNedzSBtfXqAfniLH6vQAKeGWBeSFKMx1biPopump,,False,1269
6aztDNKLD5uecvnPGX7KQHJXkbp47kwUsRQwKKFJpump,TSLvdd1pWpHVjahSpsvCXUbgwsL3JAcvokwaKt1eokM,False,1008
6bGoEbuDDJ77eJk3oX9CT7DfdhPBGtk8saRDgFsnpump,BzyDSk5UP7Gv7VabQWDVoPqGTXiML6hiDjyUQgw95QoK,False,1
6bUk4Xg2swgGatYjQrCU4mC7xmCkQ7pFXpeg7KfXpump,BzXNYZW1nxrJiB6HvmvmoTmP8cYX4oehSXckkh5ax2HG,False,24601
6bbATbj5XDYBoS8LFzQmDSRoGwfZZvNaAUA5WKuapump,,False,1
6bevHNZJieNJDwUf2KCsdWdRJkNCgxUFcJtQErjdpump,6tcGnHruPboHs6u2fwi2r2xr9pZqo41AgVdyw2RFuUpT,False,24601
6bucfFjhGQ3eYMx8fS5v9N4XvxnqE12PztTNSdxzpump,TSLvdd1pWpHVjahSpsvCXUbgwsL3JAcvokwaKt1eokM,False,1318
6c1AmJpfsRLZrhrz3rJbvkLbWHPcLcra8932GsUYpump,77xLd1E2MfeLHPsDEQQqQ4duwYuBr1fs7uT4BBnwvB3E,False,2988
6c1dUwKi49kbEQLubirFgrPLfcRbF3a6tQmESsXbpump,TSLvdd1pWpHVjahSpsvCXUbgwsL3JAcvokwaKt1eokM,False,1
6c3hkM7Dsf9DkHFjdEgRDTKfiJPgLptUQGfxycekpump,TSLvdd1pWpHVjahSpsvCXUbgwsL3JAcvokwaKt1eokM,False,24601
6c9KKYcpRZXmUTWwG3bxSsU3Mh1KFexScspkQyuSpump,37Wn5gvB7LhQZUzNwvVxpZodsTid4zd2h4PYRq1peXv8,False,24599
6cLLXCTW48EdneJKWhc7vzE4VB3XMcJVEjsocQRHpump,TSLvdd1pWpHVjahSpsvCXUbgwsL3JAcvokwaKt1eokM,False,949
6cTEBTDzHGQmTohf52DRhHVMiuuwbeCwpfm1oH54pump,TSLvdd1pWpHVjahSpsvCXUbgwsL3JAcvokwaKt1eokM,False,1248
6cWMGmJQqe9M8BopWNZrwXxKAA1dUQojv2FHkZyrpump,TSLvdd1pWpHVjahSpsvCXUbgwsL3JAcvokwaKt1eokM,False,687
6cZNtjTmRVR9wKPFfeXi9h6N7ZVpD6jLZvEz5LaWpump,TSLvdd1pWpHVjahSpsvCXUbgwsL3JAcvokwaKt1eokM,False,775
6ckvVXDUfXRQ4btBfUqP1fdLLcynaTvf3mXxbLNmpump,E6N5LtFjFm9Ts61ZjSPoPb9ydX5wvRw4uyx4ogQ17wvc,False,82118
6cvrZWgEUkr82yKAmxp5cQu7wgYYBPULf16EUBp4pump,TSLvdd1pWpHVjahSpsvCXUbgwsL3JAcvokwaKt1eokM,False,1
6d5zHW5B8RkGKd51Lpb9RqFQSqDudr9GJgZ1SgQZpump,TSLvdd1pWpHVjahSpsvCXUbgwsL3JAcvokwaKt1eokM,False,1
6dBbB5vrCtNvwZx5UAwNGP9Gpyo98Uez3VTTgpnQpump,,False,24597
6dC8y49qqogktNvnYecEszwuDAgkVsj19UP7dziZpump,TSLvdd1pWpHVjahSpsvCXUbgwsL3JAcvokwaKt1eokM,False,716
6dDdaqnP5CYD3rNRRu2yq7guDh2WXJth5pgaXzX1pump,TSLvdd1pWpHVjahSpsvCXUbgwsL3JAcvokwaKt1eokM,False,549
6dbZYBohnxLPJb9zujR89B64Lm74tbfqRYyaghHbpump,TSLvdd1pWpHVjahSpsvCXUbgwsL3JAcvokwaKt1eokM,False,356
6dqAH4qnBtjDyHuGJZtLC4Ny8VMS3rxat2W6EgVGpump,125mvSiCruFdyKtvLDzz1uJfAV7LUXo3s5scajANNwiy,False,24601
6du8Ag9A4oXtXWoiV4ApYt6m9TeX68s5Vna7s2ybpump,FxwArENkKBx4QyfoEU1vkBnDzMfZV9Z1b8GBzpT9zb5k,False,24601
6duzFzaB6B6fJnq2j5GhUkqqXM1DqnWoyKoNZoxrpump,DGmtSdQU6m3kbKCmSfC3thExxX7AMDCaGHdiR4MaFLDw,False,24
6eMGbcEfAYV1HgvSnJavgzTCYqsRLoUmnAuB9FAcpump,,False,1
6eN1RvN5xo8najYpou5tjJ7hcLweontu5EHPqSJBpump,TSLvdd1pWpHVjahSpsvCXUbgwsL3JAcvokwaKt1eokM,False,1
6ehL2VqmPAtn4c3pLkAJd2ah4sAzKEL4nmwxh2b7pump,TSLvdd1pWpHVjahSpsvCXUbgwsL3JAcvokwaKt1eokM,False,1
6ezKoQSP36hbUrvDsDyU5i6zRa7dsQv7KBjDirMfpump,TSLvdd1pWpHVjahSpsvCXUbgwsL3JAcvokwaKt1eokM,False,1288
6f8sLoi21dJmo5d3Ju3F7mkKPmLKHt7ieKJjeJuWpump,TSLvdd1pWpHVjahSpsvCXUbgwsL3JAcvokwaKt1eokM,False,1068
6fDxhnnX3YTY1Gs935gbbbGqitB7BJeMAPZPB59Wpump,TSLvdd1pWpHVjahSpsvCXUbgwsL3JAcvokwaKt1eokM,False,1167
6fGh4BwKqQD7SoHWKBQaLJcrU3fjxogtu4ELyciNpump,TSLvdd1pWpHVjahSpsvCXUbgwsL3JAcvokwaKt1eokM,False,983
6fGqy6sjVMttJQRRZ951DSU73EVYQWpdoorLEGobpump,,False,24601
6fUwECXzRQeh2wYuTg3xeQHGt4wSbiUbsdd1PYw3pump,TSLvdd1pWpHVjahSpsvCXUbgwsL3JAcvokwaKt1eokM,False,1
6fnYdoJhYkifvt52pfNtUDr31ZYXmof7JiL9SFrMpump,TSLvdd1pWpHVjahSpsvCXUbgwsL3JAcvokwaKt1eokM,False,1
6fpy3RstqTnMZYqHRaSXvjoMGUyEqBEsFs9G6j1opump,TSLvdd1pWpHVjahSpsvCXUbgwsL3JAcvokwaKt1eokM,False,1243
6fqw6GyccQtTNWDS4Sp3K5Uhs8U7NY7J4PCr4fogpump,TSLvdd1pWpHVjahSpsvCXUbgwsL3JAcvokwaKt1eokM,False,937
6fuzUuqHtCs33ZStcsVGqEpWAkRrywmCjG6Vy1CNpump,TSLvdd1pWpHVjahSpsvCXUbgwsL3JAcvokwaKt1eokM,False,437
6fvQH6Ffv7uoSNK8QkegErCTYGW4oXQuw5aGBvEFpump,6SRoS4KY3cYQUzkB9qQnHCinNjMkCFsvDgyJnMDuSj6L,False,24585
6gJcJWycWgw1urzNq5vMegQZ8gJqtFsDPJbkaYPhpump,PQLBTZkVarrm6QXZpqWG5xJMNoiN4QPxWy5gYnb4xBx,False,24600
6gPyiXD1bDo8jze2BUX8giBLCjJgk2r3NwepnbFFpump,TSLvdd1pWpHVjahSpsvCXUbgwsL3JAcvokwaKt1eokM,False,1239
6gVJwfHxWov8HxdAZ4v4tt2RpZZst6du74y4bUCdpump,TSLvdd1pWpHVjahSpsvCXUbgwsL3JAcvokwaKt1eokM,False,1
6gXqYpc6E8HJPnicUvHiVyn1MYca4qKoGAoJodTJpump,TSLvdd1pWpHVjahSpsvCXUbgwsL3JAcvokwaKt1eokM,False,2432
6gY6dWZYENo7k8vkX3dLNmfnvtiXowcxzxTthX3fpump,GnXDEEBKoVeJyYjCw3nMT1jsQPCWcTLwex3mopcYdbYW,False,24597
6ggzBLdU7ZeRoeng4VzYWWHRiNQdxNzFYmg7NmjTpump,TSLvdd1pWpHVjahSpsvCXUbgwsL3JAcvokwaKt1eokM,False,915
6h5QZc6MoMyZL471g2K5WCyQVpBaeh8AhUXGK6fTpump,TSLvdd1pWpHVjahSpsvCXUbgwsL3JAcvokwaKt1eokM,False,1
6hBzsZvEx33qyVxTABkHUjE97bzgeXhcwznTiQwvpump,TSLvdd1pWpHVjahSpsvCXUbgwsL3JAcvokwaKt1eokM,False,914
6hFvvk3Q8fD9WcFnVHawrdZ8Yh62opH6nPySqMRgpump,TSLvdd1pWpHVjahSpsvCXUbgwsL3JAcvokwaKt1eokM,False,1
6hMDbQP2J6NT8qo1uragfQZ5FDCiMbrrmtRTiJJvpump,85GdSnQ4no3ZHmgEUnn5rLDsu5e6je361c7cBEgYgZQT,False,1
6hjK1RNYFtZfTEWbn6aPzCeynABGtkZ8wEezKFhcpump,TSLvdd1pWpHVjahSpsvCXUbgwsL3JAcvokwaKt1eokM,False,1
6hzeugwVNhPQT48f4WKGtSHB15mmd6WehBVq8byLpump,TSLvdd1pWpHVjahSpsvCXUbgwsL3JAcvokwaKt1eokM,False,811
6i3Gagt4MmRDPJxA5kNzm2vu8BXAJCz4HaJ8AXTmpump,TSLvdd1pWpHVjahSpsvCXUbgwsL3JAcvokwaKt1eokM,False,24601
6iSnkYXL2WSevHcNd7Tkp2Rx9azRcrs1wtYjpgY1pump,CrYdud5k2uXnAoLYkz6qzDtysvLbrVcww6hHLAfDi8Xy,False,24601
6iSxupoCQyiGwufKpvxjwntpxDCvmhnizBN3JYECpump,,False,1
6iZ2EM821mqPmHaPpLaf1mxS5Uja5dNwiVpprDbKpump,TSLvdd1pWpHVjahSpsvCXUbgwsL3JAcvokwaKt1eokM,False,1198
6iezmEdeiUCzGGq4kjgyWvFDuajTPNWZqjzV3G2Qpump,TSLvdd1pWpHVjahSpsvCXUbgwsL3JAcvokwaKt1eokM,False,1
6ikfHLEkWCUZf2i2woB6rtLojcjBBouKBwVcT7Eppump,TSLvdd1pWpHVjahSpsvCXUbgwsL3JAcvokwaKt1eokM,False,937
6iue1uadTiyhzRp9aZc9sMKk9yqTkTqKLYKvLhaipump,GUueNng5smDCZjddkYaz5mUpzdTfgP7CTi2h8nxMjcn9,False,24600
6j33JYXyyiTyAbszUe77JYWNUAVPe9UeeGixY82Lpump,TSLvdd1pWpHVjahSpsvCXUbgwsL3JAcvokwaKt1eokM,False,1
6j4CdAHae3n7hJ47bKkL2qAngXmVop6anqNCC1s2pump,4WzYJAkBnFeQV26L6J6iqzrLxY7cjr4YpAweSqJN6CZ8,False,24601
6jC6ErcJ4Guinx2NjAZAb83kzB2FCHR9CALhpS3ppump,3bzfzwcmupDnd4fyJNA9zZrqQqjFyMDtXVTzmehXMrHr,False,24599
6jHwTzVcX148maKphVzE9N2BzvWrgDXN6hRsbUMxpump,,False,1198
6jJf4G7sYzU6UJe2odrBDZWsxLV3kQM6JKutVt6cpump,TSLvdd1pWpHVjahSpsvCXUbgwsL3JAcvokwaKt1eokM,False,24601
6jLRzB2RFKtyTK9YDxpY7KXkm284e4Eqwce4fqPapump,TSLvdd1pWpHVjahSpsvCXUbgwsL3JAcvokwaKt1eokM,False,1
6jVpU1P17afbWFVigAruFD78jrgaTWF1C7n9bx2Spump,TSLvdd1pWpHVjahSpsvCXUbgwsL3JAcvokwaKt1eokM,False,690
6kAmPHzNYB2ufaAXbGDqZJ6apVZ19GkNwZt5uZzmpump,TSLvdd1pWpHVjahSpsvCXUbgwsL3JAcvokwaKt1eokM,False,430
6kEm34GjDbYett6HeTY1qhUyMBLUQfBgtjfdtG9Kpump,TSLvdd1pWpHVjahSpsvCXUbgwsL3JAcvokwaKt1eokM,False,998
6kJhG826LGowg7zG6PLd6tg7mqvVSdq2WzHhsfc7pump,TSLvdd1pWpHVjahSpsvCXUbgwsL3JAcvokwaKt1eokM,False,1
6kRF5N2GzKvGRWZa5JYbn6LcHunpm2d3phkwzmmepump,,False,501
6kSL9K4iEAg4fgpBXyxRE8Z88HgDbecp18BtZgy6pump,TSLvdd1pWpHVjahSpsvCXUbgwsL3JAcvokwaKt1eokM,False,1183
6kVNNN3aVJ8XFWKUKUGS83Ne1hAEEt5AoBWr5uWRpump,TSLvdd1pWpHVjahSpsvCXUbgwsL3JAcvokwaKt1eokM,False,24600
6kfgKVgL9sQ6J6B34xFKM7pu7S42ptPFiRbB4EMipump,6z51o3BNbYLJTL7SeGeHJQNpoc7rcWt8f6mzUg533uYe,False,24601
6kgCV7MoYdNrL693BJoYSZWFhMe9q3nK23bUEQsXpump,TSLvdd1pWpHVjahSpsvCXUbgwsL3JAcvokwaKt1eokM,False,315
6kh61NRDxmiUVyTGVEiMbMqXDMjCZvs4eRQYTbBvpump,TSLvdd1pWpHVjahSpsvCXUbgwsL3JAcvokwaKt1eokM,False,1
6knS2iQca2b7r6uNxEh65CG5Wpt9g7vy5nNmTLk6pump,GynhUa7zNuNQkB933Sco7GyL3PJw2i6oz2deiPY7dG4C,False,227
6kuh3nVdQWQFKMZhgaE43kuX6hpJQhT9ad1U9aJrpump,TSLvdd1pWpHVjahSpsvCXUbgwsL3JAcvokwaKt1eokM,False,312
6kv2qQssWk7uaMm9M8MfHGTJcfaojECWyduoFPTvpump,BZTgShrkC6TwsXVc4Qb6TC5bW84rDuDG6e3FjGTE6uT2,False,24601
6mC34FodVq5BPgenhHrjveTEuv8TuqEnwMjnH1RDpump,TSLvdd1pWpHVjahSpsvCXUbgwsL3JAcvokwaKt1eokM,False,2986
6mEy6kcV9LHFkSXip3MwvZzfkMpvsJLPaZ1NGBfHpump,TSLvdd1pWpHVjahSpsvCXUbgwsL3JAcvokwaKt1eokM,False,577
6mF2ACRGCreqSBTh3q76F6ogcNLPdJDw4WkvNkNypump,zsRUVUHyA5F1PumB261cqJgkA5kfkaC6MrhhfgGt54m,False,24599
6mNatMzEcCSpZQu6D94YkrXjaLRu8tdTsr6jQtrTpump,TSLvdd1pWpHVjahSpsvCXUbgwsL3JAcvokwaKt1eokM,False,1024
6mUmrDnAGdgVjAqxCHnc7HGt7GMFz6YerqUu5zewpump,TSLvdd1pWpHVjahSpsvCXUbgwsL3JAcvokwaKt1eokM,False,491
6maqHZiGS28NjZZHzQLYSoQ5NaNcfiWVFBbxTk5Hpump,TSLvdd1pWpHVjahSpsvCXUbgwsL3JAcvokwaKt1eokM,False,879
6meqxD7ADK3MT1p7d6u81hiN7VDg22f2WwWJG3cepump,TSLvdd1pWpHVjahSpsvCXUbgwsL3JAcvokwaKt1eokM,False,1255
6mv5U2o8eZvm1stKkujmQ3yg9gEGyCoNz7AK7mLSpump,TSLvdd1pWpHVjahSpsvCXUbgwsL3JAcvokwaKt1eokM,False,240
6n9tCWSJdipUk3NtBSbnPJzCHUyaSAnR6gLyZ2Arpump,TSLvdd1pWpHVjahSpsvCXUbgwsL3JAcvokwaKt1eokM,False,1328
6nDppUc3EPxmM8WCwsDHXYtk3JiHoUxgDyYGY962pump,TSLvdd1pWpHVjahSpsvCXUbgwsL3JAcvokwaKt1eokM,False,624
6nTFeymkigBZ6u28LWJcNGFFe98HqpHWvrg1Gu6Kpump,TSLvdd1pWpHVjahSpsvCXUbgwsL3JAcvokwaKt1eokM,False,75
6nVs35kce2CW5bvnXjTNFVQ6Vjqy9DkDK2Up66Nupump,TSLvdd1pWpHVjahSpsvCXUbgwsL3JAcvokwaKt1eokM,False,1
6nZMybzxq2MWX3PfQDMJgTfvxounspLhLa8RXTGipump,BMivqhFYUedFeaDtuV3iefhNdcGbvEDAE1PXQqiBhqK8,False,28000
6nhq1hgfSyrHp5BCF4TiVzDgc5CorsqZ6PWc3tnkpump,TSLvdd1pWpHVjahSpsvCXUbgwsL3JAcvokwaKt1eokM,False,678
6nikrLjnc7FkrsNz4pA3EbLygZLssVwjNzA3XyQTpump,TSLvdd1pWpHVjahSpsvCXUbgwsL3JAcvokwaKt1eokM,False,1297
6nppYoqoAHXXAVaYcAKv76fTVsv2bmqBZdcbLGqEpump,TSLvdd1pWpHVjahSpsvCXUbgwsL3JAcvokwaKt1eokM,False,24600
6ntDycEQLBtR8yDnwWz7nU7AsSzin4brim9E63JUpump,TSLvdd1pWpHVjahSpsvCXUbgwsL3JAcvokwaKt1eokM,False,959
6nytSXN2EdktHumxqurGzSpV3zJQ4UYq6MeygB1gpump,EbaUSoPJZ6zfd77R8YVJhYeLgUXzTCnZB7eBysNmy2Ua,False,1110
6o22uYs8Y72xM3BvbbiSrz9k8PX3B2gNfPbf4FgJpump,,False,858
6o8xT9GreuH4H8PbLgRqsiPoS5kxyS63yfqqAA9Xpump,TSLvdd1pWpHVjahSpsvCXUbgwsL3JAcvokwaKt1eokM,False,702
6oHw5zKL3hYrPaqjJNbXLApuVW37t6PWyBFmSCvHpump,TSLvdd1pWpHVjahSpsvCXUbgwsL3JAcvokwaKt1eokM,False,35747
6oKzz8WNGZkox6dRhVJ58yVwX1XdfSy8EjkKLYRGpump,TSLvdd1pWpHVjahSpsvCXUbgwsL3JAcvokwaKt1eokM,False,1340
6oSW9ChYzwVD2wZyVy8SvdR2y84dgDCjt2J5rrvtpump,TSLvdd1pWpHVjahSpsvCXUbgwsL3JAcvokwaKt1eokM,False,951
6oXQE9haR8kkipinGU8Lr7tqwo4WxYMBzGPu8vbupump,TSLvdd1pWpHVjahSpsvCXUbgwsL3JAcvokwaKt1eokM,False,751
6okqbHNxXrBJVVKkmDZRsmNW3uYQtjcatXFZVsF8pump,TSLvdd1pWpHVjahSpsvCXUbgwsL3JAcvokwaKt1eokM,False,1217
6oreFhmnBnjHCPSd7zkgwzbLo43VU4X7xqYmU1eypump,8yhycHasJdSzuTEcTybpEFjjt9suPnwjEyJ3uTMZkz7R,False,1
6otL5J2RrJNGsBNEymYNAXihycUz93JNmxRZroLdpump,EVmchgiVXBMAZBNyj5QBNW6duDWLUtsvH6Rk8yofXxDa,False,26601
6owp4gnotQUrWbLXCR2JgtARwh5uUxCyxW5XqP3Ppump,TSLvdd1pWpHVjahSpsvCXUbgwsL3JAcvokwaKt1eokM,False,24600
6p2SRCAKWTvDsF2v5uEqMeQq83o9Bu3FvcMSva9Wpump,TSLvdd1pWpHVjahSpsvCXUbgwsL3JAcvokwaKt1eokM,False,1181
6p7RxPh9drU9H3kBwcQKGeifMNW7DAkSoM8HxUdqpump,TSLvdd1pWpHVjahSpsvCXUbgwsL3JAcvokwaKt1eokM,False,744
6pPDqg4pKkCx8N2TBmJTbbRsX6QCqK6h3zbcoXEppump,TSLvdd1pWpHVjahSpsvCXUbgwsL3JAcvokwaKt1eokM,False,904
6pam8eDYy5sVw6Y2BULuo5JqnficGGLYHieqmHvWpump,TSLvdd1pWpHVjahSpsvCXUbgwsL3JAcvokwaKt1eokM,False,320
6pbDZAiWnfXRyRmKR2N73gSKkzXr5dgmk7ApbZLpump,TSLvdd1pWpHVjahSpsvCXUbgwsL3JAcvokwaKt1eokM,False,1299
6pbqbtHqGrnkNYuTgebJKbfrSUnqY7tEghCpiFp5pump,TSLvdd1pWpHVjahSpsvCXUbgwsL3JAcvokwaKt1eokM,False,807
6pbwaW2EUmvbtZP5ys1gPZZBcZdTHLZpnzGCaQBEpump,TSLvdd1pWpHVjahSpsvCXUbgwsL3JAcvokwaKt1eokM,False,24598
6pn3f9LSbc3dUmZjhrP3ouaeCejzZ2z3uWrCAc1ppump,,False,1
6pwEZXfcatFXz5FZJcVTRhJKKfmrnCivsJ2TgtGXpump,2jAE9dSeGn1kfGRVpZWirDzsY3FDpBDH3Lez4yB2QTvk,False,24601
6q1qiyHogNQ5U9oHFa1X27trAyvRTEYGCWTo5bKnpump,TSLvdd1pWpHVjahSpsvCXUbgwsL3JAcvokwaKt1eokM,False,1
6q387cQFB2bobtdJGAMVVW5NoVL94KKmHXmEPgwUpump,TSLvdd1pWpHVjahSpsvCXUbgwsL3JAcvokwaKt1eokM,False,1
6qD9C8t9qBKzAPYU41Z1GqPEzDuGMBQY4hvTh5xTpump,52mXWzgdyhTYx5nBPxZEDCUn8RP6oPszZNrtBRiYAsJs,False,1
6qHM4yt9pW2t1FTekhdwPAzbYUir3oaUEQkz9c8pump,TSLvdd1pWpHVjahSpsvCXUbgwsL3JAcvokwaKt1eokM,False,1084
6qUDy6Ta5bopfMWiTQp71eeoc9sE6YFc74bFvLe9pump,6Q4SvRjp5Bhtv8swWT1jv6tVfieCggrYL4bcvsk2eKg4,False,1
6qiyCqjwAui15idM9XiJN4WJEq9aACxnyDgzvfappump,Ef9A1BEmEUgH82AcoZiHNX57SMDgoZDQ1tA6eNxjPQGJ,False,24601
6qkB73cvhj3BZKVhn5evDim5CZuz2mBWKXiARrYBpump,TSLvdd1pWpHVjahSpsvCXUbgwsL3JAcvokwaKt1eokM,False,1216
6qvCordpoTnSAiyxN64FKfKDkdRnw4umFcmjvhuYpump,D8aMqsvVLfVzvovtU7oK9B1df7bZxGmm1vyycFekC2Z6,False,24600
6qwmo29JQoN1jfWRMqqy6TpLDP4Rq8ty5xLcTqVJpump,TSLvdd1pWpHVjahSpsvCXUbgwsL3JAcvokwaKt1eokM,False,1160
6rAhQ8WM4QvK66DEDhoVAB2dGFkd3ddes3Af5N6Kpump,ASpV3iiy8jjnkvNp9sPKPPTH4xWoVo1ZyX7bwj62T1J3,False,1
6rQ96DQA453SfH4ucomQPfWNEdC6pU5Aao6A789epump,TSLvdd1pWpHVjahSpsvCXUbgwsL3JAcvokwaKt1eokM,False,1
6rQwDmkWAM9YoPHjuQH4cMb5KQj8TUVTtcUYmPbopump,TSLvdd1pWpHVjahSpsvCXUbgwsL3JAcvokwaKt1eokM,False,211
6rRHwTdDAJwFYNdU4Z6CVGSwgTjBAaqMAj1w1kpopump,TSLvdd1pWpHVjahSpsvCXUbgwsL3JAcvokwaKt1eokM,False,350
6rSLeXz5P52QrRCGg3Dsa1ZieR1gjpHr3kCjkzPppump,E4sufJvQY6rPECissBLddFcAZSiLivxtnoRCuX1ASrLB,False,24601
6rTGsNUXu89Ej9sUt5xTStG1ogumQLDoC83pT21gpump,TSLvdd1pWpHVjahSpsvCXUbgwsL3JAcvokwaKt1eokM,False,512
6rVy5oRuLzwgJP82KYHKaVNvdwCeWAa74WZrtKUSpump,TSLvdd1pWpHVjahSpsvCXUbgwsL3JAcvokwaKt1eokM,False,2001
6rYXZn19JJ5Cs4328EHnX6FsDq6w85etJuoRZ52Wpump,9hN1Cv6HhVyTGGdP3sftnA3f7173KGmwdDjRPSaizMDf,False,7137
6rbMzLY6ZjoEXLpsQGRYKzgjbPUdYQPcA8BYJfgQpump,AVCASapSzXBRBX2oM2NYxejuHQyZoy1hiwpjGVYZV8ov,False,24599
6rtUiQm3vaqaiRxmx8fQQtcn18D9t5SMnPasMkg3pump,9KFSjohGZ2Zt477Uq5ysCCpzTKRukJwqJ6ZY1HFZG82U,False,24547
6rykXnEj9cjT8zDhAyMKyfVZ4cYiXmCX5sgoPeVupump,TSLvdd1pWpHVjahSpsvCXUbgwsL3JAcvokwaKt1eokM,False,882
6s1fW2roZxwynL9NEWaTpfnvnqHbwR7EtR8opXwNpump,TSLvdd1pWpHVjahSpsvCXUbgwsL3JAcvokwaKt1eokM,False,460
6s687jFczAQ95YYYXNGLdki6u9mAH4DUwPXtYpD3pump,TSLvdd1pWpHVjahSpsvCXUbgwsL3JAcvokwaKt1eokM,False,501
6s6rJ5jtR83grNKcqPRgW7graRyr4QCBahoajw9Hpump,TSLvdd1pWpHVjahSpsvCXUbgwsL3JAcvokwaKt1eokM,False,1009
6sC6nzTzDLaxK33fxcz7cnpXYuK3PXiRQ3tU6HtApump,TSLvdd1pWpHVjahSpsvCXUbgwsL3JAcvokwaKt1eokM,False,1137
6sGyR74jspy7ywftq5GeBuZVZrmBNiQ2yYDSGrr6pump,A4ySqjxzFkChEUrBMi4oA6vF3v474Ekv5rHr45PjjSoq,False,7201
6sMNfiHH48Jcx9gwA2FxyfZgRpkgpENnzD2uFpNWpump,8VQWUbZWR3vmx2XAg1a3TQf9so9ZBcwaFwABmBZKWKoD,False,26601
6sXAr7fiyZh9jFLvLNNdh3NXSCFEKM7U2Ew8Lyuapump,TSLvdd1pWpHVjahSpsvCXUbgwsL3JAcvokwaKt1eokM,False,24601
6sdzuuHRQUMVecBk1v8nDBKSKVUnRReCN6KvQqUrpump,TSLvdd1pWpHVjahSpsvCXUbgwsL3JAcvokwaKt1eokM,False,1192
6t1bkfEc3pqAec7kQtSpBa28Mw7xmaDehZ5muKfEpump,4nNLjWrK6epS9myJNKdLfVgfGqcaAoyzMRKL6XXfUptq,False,24601
6t5Q9s928XkQXrqhYAtjSBY3pKuV9RXGUzwbM4VQpump,TSLvdd1pWpHVjahSpsvCXUbgwsL3JAcvokwaKt1eokM,False,966
6tVZVjcppH2BZ9Xj5yFU1Zt34m2rYcyDqqpSeMDZpump,TSLvdd1pWpHVjahSpsvCXUbgwsL3JAcvokwaKt1eokM,False,1
6tyYyooYFXKcRMLpFRH1h1aJRt6wdEgcYj8f2jqDpump,2gncDyq25N6nvhXiUMCJsoRuXRKsDRApd8DCAirGwyhH,False,1
6tzitwaiCLUVCoar8inJpHGZ9Zf4phMN55QybP8ppump,TSLvdd1pWpHVjahSpsvCXUbgwsL3JAcvokwaKt1eokM,False,24600
6u7cAnozkjA6cCVa3kJXWZx5c7RVxeuhryuJpTthpump,,False,2962
6uPHUMfDG4Li1m4kUah6tXWm9sNvd3ajyQ1fVZsvpump,2CMz31hHjCyQnZoTMsapnsc3PMLBcg4kyquJcESvgvQX,False,26582
6uT7cm76Tg649DzR2xkqXXb1vcunNZ91Zbxs6u6cpump,8HE6QAtWhWsJKMNgU8CX4CVjpF8dZ8Y5MgomG1vmbvjK,False,1
6ud7Jkq2TZiHTtAJBeLvW1AbAm9rkiiUuwFZx6S7pump,TSLvdd1pWpHVjahSpsvCXUbgwsL3JAcvokwaKt1eokM,False,1095
6ukNEcgujKyLyX5yqQ5tY8V12q9DNkCLBvYhLgpZpump,TSLvdd1pWpHVjahSpsvCXUbgwsL3JAcvokwaKt1eokM,False,355
6uyVSvseRD2tNpBgyQH29ojtVPH89uKJc94fMaKtpump,TSLvdd1pWpHVjahSpsvCXUbgwsL3JAcvokwaKt1eokM,False,1
6v6k5vYmqrhFgjQFGBzseX3H4QWL9Wh5DXxYetXZpump,TSLvdd1pWpHVjahSpsvCXUbgwsL3JAcvokwaKt1eokM,False,976
6vFKAcVM3UFX8QxTmewDk9aMGULEPofsQhe6b7oGpump,EpqF9moRpcTV41tjCH3nfZvXaEDZTKJJ3zBxJufMViSU,False,24597
6vVfbQVRSXcfyQamPqCzcqmA86vCzb2d7B7gmDDqpump,TSLvdd1pWpHVjahSpsvCXUbgwsL3JAcvokwaKt1eokM,False,1
6vc12DnvXPaaLtWwZdQ3AnjChjYvhJp9dNY466XVpump,7wzt3YhEDYYctaP24ztGpyAPnnjtQ7i5qzrrmYasZ4xT,False,1017
6vmoejeSzxHFHQ3nZSCD9PC6cuYbEYP9DKfY9RQxpump,5eywpter1XpTqNHdNwKwKXuwhzXJykuDbrEZeb5RdYth,False,24601
6voyFFZYdZcdwbzRxd6jsX1NTHfCDqVugLMNHqvwpump,TSLvdd1pWpHVjahSpsvCXUbgwsL3JAcvokwaKt1eokM,False,1
6w3CzZsMqU9NqJc4TdoST7j7L3DViZeXesH5qR7Bpump,TSLvdd1pWpHVjahSpsvCXUbgwsL3JAcvokwaKt1eokM,False,835
6wFf57jotwxxdvGcMQeDq2mWLqzTm7AtSgF16Fo3pump,8gM4gnxdLdkvifM9TCwkGAxrnNw4NiSiHbAdE1RqY96e,False,28801
6wHLVBGDEELZMoGXuDspvEBmtmvs1yorR79Vc7yxpump,2Dwvy9bCxgkdrCc5abMRwXsvS5xum93oUSa3uFJLNWhP,False,26601
6wTm15XAGNZUXuN9V5byJiQNe3pyidrk9Gh3GPn9pump,TSLvdd1pWpHVjahSpsvCXUbgwsL3JAcvokwaKt1eokM,False,1214
6wUhSXotMtbroHJyvjP373Bge7hJGo5yx6JJ8eHapump,EcUfibbesFm34rTMcAtrqdKfCu9vfoJ6muXHSf8ykb9s,False,26598
6wcWwpKPfoET39X6YVWwA1ukNmEETvgNGiSG1Nkwpump,TSLvdd1pWpHVjahSpsvCXUbgwsL3JAcvokwaKt1eokM,False,1153
6wgiQ1uTCQaApE5go7n5FfMxnx3Hnw7uiCVndp9Ypump,TSLvdd1pWpHVjahSpsvCXUbgwsL3JAcvokwaKt1eokM,False,1185
6wo6TKVebW8RRxyT9CUFGFNHhoV8nwqwdZzm2QJXpump,TSLvdd1pWpHVjahSpsvCXUbgwsL3JAcvokwaKt1eokM,False,1
6x1tkUgaiq3Jxnt5N68UxR4JmGUx5h5Fmd3puucMpump,5pRRToLoWrezhsjy5LUefPDNXbNrZKxuGTbkqdYugkBj,False,24601
6xJv5nVWXMnJ3EbLNL9X2yPM6wtDkMLkWzcbbrqxpump,77JjkaY2e3ZJ1max96LUbhWhmo7hfcATXPJXQbGu2P4U,False,24601
6xKAviCfmPLnCRYxdXH2bXTbuEXtqfaXwQxXj6aapump,,False,1
6xLHGjvBBBSGuTv8dj45SRhnSSHeJgENV7AJCeCopump,TSLvdd1pWpHVjahSpsvCXUbgwsL3JAcvokwaKt1eokM,False,953
6xVL4SCp7QKz6SVop3YV2UFAc6MqK3XhSxBU8E2mpump,Dg34Qo3KSDuPxoy6fMnzDRycbXfZ3bhf1K82JoNDfrtm,False,207
6xdf1pfTzu9fWZCEupWb5QjLTqrS2fg9oUefhmbRpump,TSLvdd1pWpHVjahSpsvCXUbgwsL3JAcvokwaKt1eokM,False,862
6xkTkq6e5CbeFySM7ZH7atYnGDMCynAnpWeLMcC7pump,AmNMqM5VbPwtG14gLBdtrqZpQrhSzavLkQPufS8CQ7LB,False,1
6xmnYp3J6DbLZDyUnJ2fa7YHa6k8fTTqhWYbaUqpump,7pSZw8UL2vA5rnzMD7FWHLqP1D3FYZAURWzZ9w213hnT,False,740
6xs4Xrhpju62Q17aT8swkG4CRkFamabZETt9Bg3hpump,DTmHCB9fBTfrYsnyYctP6uPzmsc3m1Rr1i5JRdR3RB4c,False,24601
6xtdB32yaaUfmdoHjPBZCBkN8rfjipFGJcSfeqbzpump,,False,1
6y4rgKVoPUc8HMcnWfca8siuBa3gAjxNaRrHxVmMpump,TSLvdd1pWpHVjahSpsvCXUbgwsL3JAcvokwaKt1eokM,False,1
6y7S5kvWjBBVaofHFCa147nvdBgyYSghiP5weS43pump,TSLvdd1pWpHVjahSpsvCXUbgwsL3JAcvokwaKt1eokM,False,619
6yDq43NrbnGeVChQv9iPqcAP3uNCc5K459nLeMYbpump,TSLvdd1pWpHVjahSpsvCXUbgwsL3JAcvokwaKt1eokM,False,100
6yL98T7WmUdrbEibjWfZ4UM7zxLYPfxHz4qgtaerpump,HPaFcGzeCXmghwAiAFMEaHDEygJ74hDyRRaHNVCkJp5V,False,1077
6yffKWsZNMU7HQbWJKLFYBJBKjX9tSjKUcGRvA4xpump,a3cKVw2iwWpZR7AS4Z6meWFVh43xXMAs1Em3MynWfun,False,26601
6ygynzK842A7BtE3dHGhJucBDRQa6M1BbCn8PUbZpump,TSLvdd1pWpHVjahSpsvCXUbgwsL3JAcvokwaKt1eokM,False,1117
6yr2ZPaz1rmL6V16RV73rQZ3Hhz61tj22GaHjbi6pump,TSLvdd1pWpHVjahSpsvCXUbgwsL3JAcvokwaKt1eokM,False,206
6yrV7LFncFTLSdSkDUFnbcfEiwZdN1hjcooVcjoYpump,TSLvdd1pWpHVjahSpsvCXUbgwsL3JAcvokwaKt1eokM,False,1
6ywHy3jfAotykMfCuFqgDLGQR5JxXXG2KJLuLWSypump,4LXuAPTnnbhByRQGPiAGKPVh5bcgCXhhDeUJwJJU2BhZ,False,2001
6z1Xd73Zddknob4yVU3Xs4LjBtoYK8Qqmk8nLHWgpump,,False,491
6z1v6TBfoLUQPoMQMaNHnQW7C96J1aVXSTrwX6Hdpump,TSLvdd1pWpHVjahSpsvCXUbgwsL3JAcvokwaKt1eokM,False,1217
6zHqmh8qB8MiXacQjSmvYXu493upzTad5GfrfsbFpump,TSLvdd1pWpHVjahSpsvCXUbgwsL3JAcvokwaKt1eokM,False,867
6zPhNvAHpvbSeEx5akLut846chwz5haYwCqLqDJMpump,4UteGXMMmtkBHkHLbQUDhGZf2BMXGFRJMQ2EkGnoVH49,False,24800
6zgbwgsiQkNP6EXHx7gEXqgKGK4RPpFWvW2HFwi7pump,TSLvdd1pWpHVjahSpsvCXUbgwsL3JAcvokwaKt1eokM,False,1
6zhqQ6cjUF7gcom8HAtcyQrucYyXx9FAmJ4WiqK9pump,,False,1
6zwnA3YaNZAbmje6KYTBPsE8FUukUv6Fs1aTnpiBpump,TSLvdd1pWpHVjahSpsvCXUbgwsL3JAcvokwaKt1eokM,False,1165
712Q48RX8g9hXK8DnLbvNjUpXsfhhvTakyneRoh5pump,29zpxaxkb7FyF8RG3WjVfWCuqu4g4RSswDNqHgmtCS84,False,1
71FqyeLTgw6xushf7nWRkRwkm3pqqAsD8CCjcjaapump,TSLvdd1pWpHVjahSpsvCXUbgwsL3JAcvokwaKt1eokM,False,1
71avUfscekZ8WHJE1Uz2YWcrcZrAU4Ku9AjibaXTpump,CaZE1r9vUWAe8Dmwsx33ZRRXj2kdLybSzdRoaMYW2cyN,False,1
71d8YGeWmdcFYYGbEwrH87VPuKsejoXTw173JoQpump,TSLvdd1pWpHVjahSpsvCXUbgwsL3JAcvokwaKt1eokM,False,477
71fU7McvZUsKX2QtDTeKDEvGxDSd18zdbTNs6djMpump,DFMfqYVpV7BDU9n7Rri3qJP5YGk73Dehmz54QiPHXEVF,False,24601
71gSnDo5vqite4mVpbKnaqoa6FsuXpamn8jCYZsApump,TSLvdd1pWpHVjahSpsvCXUbgwsL3JAcvokwaKt1eokM,False,1
71iohMFyQSrrcXDFYXvb5eW4PWQiA6ekGYgyNxHmpump,6kegji1B63kAnQ4FbNdF1PhdenSW8gdJDxLwAVka3Cd5,False,1125
71kpAzPk6pWP2YRpDoWDw3DU58y8cH92gR7kAC7Epump,D42XBT13bVt4Ph1TDrUhVUgheYJGVSF2tG3GQX5qFRCT,False,1
71qKBxzxg4Y4q8awdJEodtfnop8Sgf8fX1sGULHMpump,TSLvdd1pWpHVjahSpsvCXUbgwsL3JAcvokwaKt1eokM,False,845
72LTryHMb1m9j4NEcn673sXkFMXMmHvmB8grYcVspump,TSLvdd1pWpHVjahSpsvCXUbgwsL3JAcvokwaKt1eokM,False,1
72Mxi5AsAQ6fRqQSrqfRbtctib1XHQVamkhKLfP7pump,TSLvdd1pWpHVjahSpsvCXUbgwsL3JAcvokwaKt1eokM,False,266
72QVCH7a8weYNrZo2bxb3zejj77GMT34aPwBXtjGpump,Avp7LN5ECmR95Hf4LXEaqcnXmvYVe2GUfhDNpTu4Hgnx,False,24599
72f1HwiksAhAzSNn8o295gxc2pqeHCVFFHEd2f9bpump,,False,26600
72nbrXx6jd9BBC54xN1oWZTsfP82Hifqb3R2tgrqpump,TSLvdd1pWpHVjahSpsvCXUbgwsL3JAcvokwaKt1eokM,False,971
72qG4mReLpR3Z6pRXX8pYTgHK4LhdjFxtiBqQT4pump,FEaCnv49FWbjJ2wjGoVGxaeMdHmS4a5vzFV7xD3PLn8J,False,23900
72vdXRNy9VgppJzFZdsC1JuuLC56g1qHjuQtT1Z2pump,GgAuKX4PZKANcMTeqLoQ7zdwKuDg66KDnTB5vL1THxRG,False,24601
733YiGWSFs8AZjEXbpTTJLovNEz35arotkod4Ljfpump,TSLvdd1pWpHVjahSpsvCXUbgwsL3JAcvokwaKt1eokM,False,387
733eWDyQr2RhNkufBb7PKsoXG3LdLJaxSPLPfY5Hpump,TSLvdd1pWpHVjahSpsvCXUbgwsL3JAcvokwaKt1eokM,False,857
739DL5AH1EShT6jRCifbkPRBVfDiwhR8BFYATmWApump,TSLvdd1pWpHVjahSpsvCXUbgwsL3JAcvokwaKt1eokM,False,108
73JGvPswxTsz54M4CLXkKxL7yQ3zDvMfXCmzy6SRpump,TSLvdd1pWpHVjahSpsvCXUbgwsL3JAcvokwaKt1eokM,False,982
73LsT1ay85UgSvbUB3p9ZDxknB7UaWwATGXcg9rMpump,TSLvdd1pWpHVjahSpsvCXUbgwsL3JAcvokwaKt1eokM,False,903
73aSiBpJBAXQPNjFPFoWx2EDjrgquh27ky1DBsMkpump,,False,111
73hctAbSsQQS79pRQhKrhT7YdHYrXK3GQtjQHuz6pump,TSLvdd1pWpHVjahSpsvCXUbgwsL3JAcvokwaKt1eokM,False,863
73sU8gipYLvxnTKJrRedPdVKAVWmKevi3Us1WspNpump,TSLvdd1pWpHVjahSpsvCXUbgwsL3JAcvokwaKt1eokM,False,1300
745QhkJ3e9Yhc9NKtbFAdwMV9VCZiUdSEX8ptkFCpump,3D6GXxfrNkWFfQ86sTn6Se139mHZDAxTSiaySBbgEHqs,False,24601
74MzsrfZB8T6pNVbXUjSgTHvrXPVSJY2uAjEtKJ8pump,TSLvdd1pWpHVjahSpsvCXUbgwsL3JAcvokwaKt1eokM,False,459
74Rq6Bmckiq8qvARhdqxPfQtkQsxsqVKCbDQL5PKpump,TSLvdd1pWpHVjahSpsvCXUbgwsL3JAcvokwaKt1eokM,False,1
74UV5osocdAH4TLpncTPsaups1tnyQE8b4w7onWhpump,TSLvdd1pWpHVjahSpsvCXUbgwsL3JAcvokwaKt1eokM,False,1
74Xv7WyoxktAWxoduHxWfjSkdwRP3WrQM5bwY3VHpump,GeHUxVeqzfQyd3xv9oh5nArh17t9RCX1gh8oSV9kv7JR,False,2934
74fZxkY11JtPyhabpfcW7LSHLFVFJRQPkfPPcEfxpump,TSLvdd1pWpHVjahSpsvCXUbgwsL3JAcvokwaKt1eokM,False,200
74tG5vj276dKTCRAvF3roBjtgBDVRrxX8WbHsEzmpump,4aJ6qbKZw31kXb5pdA6V3LKmcyCwd79V8tqxsz4f9dKK,False,2001
75ATWwj9rueT7Wzwdb3PCPrMDy3GmbSmJVWimFB2pump,TSLvdd1pWpHVjahSpsvCXUbgwsL3JAcvokwaKt1eokM,False,1014
75GuNrwxQPdeLRuiCLQavjZvHWQY1yJv5aAZcMBhpump,TSLvdd1pWpHVjahSpsvCXUbgwsL3JAcvokwaKt1eokM,False,892
75dh1aVyE88DiDDqN396Lkbcf4Kxj2KNGJRCTkcUpump,TSLvdd1pWpHVjahSpsvCXUbgwsL3JAcvokwaKt1eokM,False,1
75dqUyDn2t4gF7FeQoSntCygVGtzNSJCAawb128Upump,,False,695
75iFoATFHoB6Np8Eo8QRHpFX8dRfD7V6fHJVyMfrpump,7gbVXdBUiNAwB5TMt7f4PbA5kkcmS5bAU2N1kThTaFm1,False,24588
75jnYggHJfuF6mHHM46QyeD1XeCBfFrHzdckiJpapump,TSLvdd1pWpHVjahSpsvCXUbgwsL3JAcvokwaKt1eokM,False,1163
75kL3NCW4ekaDMdkPEdTjkUgLzyB2S3n5rxNztdXpump,TSLvdd1pWpHVjahSpsvCXUbgwsL3JAcvokwaKt1eokM,False,24601
75vq3ZhQZmkdvZZi1a4xS3Gs8muifwf9AXn3q62Xpump,TSLvdd1pWpHVjahSpsvCXUbgwsL3JAcvokwaKt1eokM,False,1
75vs46xJPva9TqP8vomh2vmw4LCBW9avR16NdBqNpump,TSLvdd1pWpHVjahSpsvCXUbgwsL3JAcvokwaKt1eokM,False,1304
75zPoqrSMf45QbGxDPXWRmaGGSxyWBAPd31cKh3apump,TSLvdd1pWpHVjahSpsvCXUbgwsL3JAcvokwaKt1eokM,False,586
76SeAWPMr33x58ybFiHfh9EhhiYHMtuZzcRxbHczpump,TSLvdd1pWpHVjahSpsvCXUbgwsL3JAcvokwaKt1eokM,False,24600
77JPHH7uZCh1tngfNvNWkyywZ5ivC6xF3oeCWjCMpump,TSLvdd1pWpHVjahSpsvCXUbgwsL3JAcvokwaKt1eokM,False,24599
77LKDoPrsWZSQXqrkSd5F8gCT93hG2P5PU563HEepump,pT4FsyRsag1Ewyds79jhohmUC96afm773qxiqysGvNo,False,24601
77RBCP95AFT9XRsx4xuGUHjBQsjcatGYCZ2VXx8Epump,TSLvdd1pWpHVjahSpsvCXUbgwsL3JAcvokwaKt1eokM,False,1
781FPrecjXtNdgGz2ar3e7r4V13Uun6kZhJWWUbRpump,TSLvdd1pWpHVjahSpsvCXUbgwsL3JAcvokwaKt1eokM,False,935
783i6s2RcQxA7zfR2ULzSuXfTbBwDaXqEejyqeRhpump,9TR42W4yZu9NFC4ChgF2vm1THAGmSngXEL1AQrL1uPpV,False,28000
784VBrpFx9oSVZBuJaLWemmK55SMZEhLzZYjiMG9pump,TSLvdd1pWpHVjahSpsvCXUbgwsL3JAcvokwaKt1eokM,False,399
78DCYcQymwbUegmbKSCdYHoLC647jgTiGGo56nDDpump,TSLvdd1pWpHVjahSpsvCXUbgwsL3JAcvokwaKt1eokM,False,249
78Fu2kKqCtZ1MkLkwTK5XwqxhErpv7971DMYfL3epump,12MjYbkmxku7RSTjVWg6Ec7iPEGzhmdEwX38qSQkKuj6,False,3100
78PFcG83Vmf5zspcfTEHAzRKvqZ7hM7VEDqQJ8i1pump,TSLvdd1pWpHVjahSpsvCXUbgwsL3JAcvokwaKt1eokM,False,1
78PPxCJsdXZBsEMUvsGN7Xa3Abnkvs37jfBBtHpCpump,TSLvdd1pWpHVjahSpsvCXUbgwsL3JAcvokwaKt1eokM,False,1296
78U2G3aCmiEbaHVw5y2tRTJVsCJGYLR1x1h7HdNupump,2bF6u2WLnzyXD7omEYs1rwLQAJUzCNJQHMd51GVLridw,False,24601
78dvTAqSk9twXwTJ51z9oodrkPqGooRUV2j9Lx8Wpump,TSLvdd1pWpHVjahSpsvCXUbgwsL3JAcvokwaKt1eokM,False,894
78fLEykoLq7tgFAptyt3Pa747a2Dwyee5H9dS5QHpump,TSLvdd1pWpHVjahSpsvCXUbgwsL3JAcvokwaKt1eokM,False,24599
78vZeHWbPQW4bM8HuL846Z1KSyUcdv1sVfeQHPQEpump,H6n1KNumUV3FfXiBMFLW463UCk7nCo66ns11bnG83bfj,False,24388
791ECgcTXWjSiw6kLoHBFsYoVCpfaCXmjBoxGkbWpump,TSLvdd1pWpHVjahSpsvCXUbgwsL3JAcvokwaKt1eokM,False,24601
79GPw1b72wFjZPauqmPmoktPPzkUoEznS328xkHKpump,2FteHk71gfbxFy6Bd9mvYCxwq4hcVpGtYwKfdhTtVYrz,False,24601
79MMMbH1rWGR1WVhsPu5aqQeACTcn1awrybDBwiRpump,TSLvdd1pWpHVjahSpsvCXUbgwsL3JAcvokwaKt1eokM,False,925
79NoabJwEfa6D8YKzabfK9n93hHodpmmLz8jkVk1pump,TSLvdd1pWpHVjahSpsvCXUbgwsL3JAcvokwaKt1eokM,False,1332
79UByd1h7aZ67u94vzi1p5uDUWxF1ToaSNgvEXDcpump,TSLvdd1pWpHVjahSpsvCXUbgwsL3JAcvokwaKt1eokM,False,580
79WBBZSMAks7d3rbCYBb2rcehCGnGKauuXBheDQSpump,7kWk5psFg4Ww2xUDsmiMfeXAHwpNcTbWBUMWFa8Pgwcy,False,24601
79oC7Uq6jiZdkzZWcPvS8rmVLj2DJk8XUiiTcuaRpump,9x8ntp2EgPg5wn9KEuUsNHSLHo57oXCdjuAieiucuaFv,False,1
79qoopakSQCYJjwCLRNE2JLmEBsQUA9XuKZp9hsTpump,TSLvdd1pWpHVjahSpsvCXUbgwsL3JAcvokwaKt1eokM,False,23796
79yTpy8uwmAkrdgZdq6ZSBTvxKsgPrNqTLvYQBh1pump,TSLvdd1pWpHVjahSpsvCXUbgwsL3JAcvokwaKt1eokM,False,1
7A2mMcJ7NdGqwaehseNZrqXrB8sQTip9LVecEENVpump,pcpoGSyXGTSqhFAJmRe7ThBSHb6uvC7GnJBik2iqhNg,False,24601
7AH1idoJMBEQtSUt4cmsrvAS1m6DwzniJh3jC1pxpump,TSLvdd1pWpHVjahSpsvCXUbgwsL3JAcvokwaKt1eokM,False,1
7Aa3Ypk1x48d2Se8ddTWr56HMdfhL1AzRRPK1DYspump,TSLvdd1pWpHVjahSpsvCXUbgwsL3JAcvokwaKt1eokM,False,1
7AfC7G8txH7jspT6T3EFj1J6dhKXUhsY4VzBw8Upump,3RZzd2JidZ8P7GwgeQJnYxHkHoW1GocvcNoS3fXVQoqt,False,24600
7AqpoREsq1mB3KXcmfzmQCGqkRo27rznhCtXGQoMpump,TSLvdd1pWpHVjahSpsvCXUbgwsL3JAcvokwaKt1eokM,False,1
7B1YsHQmtZ3qYKKdHJctCVZzPfLvNyG7Cy9P55W5pump,EdNcBDUFQaTxuaaiFfp5Ss4EanvuXtpGV9ZZvFFVRayd,False,24601
7B9tN49zW3tLWsySm1MTnmncDMZZqt37iw7FDhTWpump,TSLvdd1pWpHVjahSpsvCXUbgwsL3JAcvokwaKt1eokM,False,1251
7BDUgH1PigcST4LjF5ziEk8LHLxW4QurXRB9cUGKpump,6c1TeAQpweZSBRbZjqVusWpmMPGw6ic1unovjm24gB2m,False,1
7BMb4jNt2tQG81jX7W22H2h2UyL4SW9QJgz25HRhpump,TSLvdd1pWpHVjahSpsvCXUbgwsL3JAcvokwaKt1eokM,False,1
7BRsnDaedNcpocTVFbB7vpuHJvDAi6rs5pL1Shyfpump,HSVRhXD6YVWTp43sgLrWQmxbZ7nvwLe6E68usJurCC9h,False,1
7BVGearctNoHLRStnbkXP5j5YWLsjAQATijcgF4Ppump,7UfoNMpLmNV4szcZjBffiH636f17FFagUyhuNtCC7YoF,False,24601
7BgPsAGkLuEDSnJA2AtMBxiYtTwMFrwwBirFPr4jpump,TSLvdd1pWpHVjahSpsvCXUbgwsL3JAcvokwaKt1eokM,False,288
7Bx7pq9E1X2r96L57iokroavFnVoyyJ91x4L6ne1pump,TSLvdd1pWpHVjahSpsvCXUbgwsL3JAcvokwaKt1eokM,False,575
7C56ato1ahVtSZeU2jccq7ank4NRAeEXfPpBWBHopump,TSLvdd1pWpHVjahSpsvCXUbgwsL3JAcvokwaKt1eokM,False,1223
7CAEgfbzJXj9Mo6D9kRYxiJRXaSVPyhUQW9BJ6cbpump,TSLvdd1pWpHVjahSpsvCXUbgwsL3JAcvokwaKt1eokM,False,1
7CCCwcyjrNv4mHjgv8fVx95MqpV7224CKnAQrcLwpump,TSLvdd1pWpHVjahSpsvCXUbgwsL3JAcvokwaKt1eokM,False,1
7CRvhAJTbCEvQQMUb6kdaWKh2mj3mqoxsHH9KR6Ppump,TSLvdd1pWpHVjahSpsvCXUbgwsL3JAcvokwaKt1eokM,False,171
7CSWFsrB3gPc5o5hxKTJCUbFDq4QyTWpjVG76S1Xpump,TSLvdd1pWpHVjahSpsvCXUbgwsL3JAcvokwaKt1eokM,False,1
7Cfwrq2BaFTEaPR1u2RQYKdMpuE3GmVkb1Q89jLRpump,BYKkmxcWinWcQMPveH5a7WfBBwqDG4auJQjxFvyRMH6b,False,67939
7CgKnUxxHB5HG598hyhJfqbB47gN2Fdr7TN7WrTjpump,TSLvdd1pWpHVjahSpsvCXUbgwsL3JAcvokwaKt1eokM,False,1088
7CuyVDu3QVZg7Q6EgDPLbTzka5AuYXFsriSevHsVpump,C6dUysmmgd85uPc96oK4xRX7xfQFiPWnZt1KzLLA4Cp,False,906
7D7BRcBYepfi77vxySapmeqRNN1wsBBxnFPJGbH5pump,TSLvdd1pWpHVjahSpsvCXUbgwsL3JAcvokwaKt1eokM,False,1
7DDasfwQgHSDqw1SkhMi3K52XkcD1N6BmAu3ZZnkpump,GF2F9qvLyni3UvBpKxrQ7fpSHvHM18zP1zW7Riyvkojw,False,24601
7DM9EqciKMyLnzafGo2423eVFy4dRx8hd67bFi8Jpump,HrmjuRgdbi75kni14MjktxrYSUctkDcrXwieZom7yb5C,False,24601
7DMiPkqKLRHacnb3fQKZSTNWKmpaXjLUKty2eJbTpump,TSLvdd1pWpHVjahSpsvCXUbgwsL3JAcvokwaKt1eokM,False,967
7DRXLGvo88vUaHfrmPPqzoKCtZKtD34xrNP9vK28pump,22GaU5EwikZJx3RYzEjtie2Rq9oz15o8rLSs7gZMXNqP,False,1
7DY9fEwtNLxQfc3SEUQwWvUou7fVWk8mRwZazXSgpump,,False,1
7DYizwJFL34wUhk2p6Xz3uS1RHrtCa822Wt2sBqjpump,TSLvdd1pWpHVjahSpsvCXUbgwsL3JAcvokwaKt1eokM,False,1054
7Dcp2bpTNCSvDEwWja39rC4fWW3XuJje6f95sVs3pump,75GMVrr2xfgAeybuNg1VMHqFE3GTFJLzEHo6xC4MwUzF,False,1207
7DkvrYEbUn6LX2ZhoLWSwbvhiqLFG346nYwnidXxpump,,,
7DtTAcVMBC59eWSEeRW9VY5zareehRVFQuiGSEYcpump,39a2aV8qApBsFuifStDMhPRV5pcmLdvpuAYMGPfmjuTe,False,1
7DwvHiFVDqq44j9HC6XKuDn7iaunQqk4ds6YThhpump,93dpaDghUor1oqe9Xm5pku73w8gEG5EKv6eGVPHKoZGR,False,552
7E8Wn2Epjfi5oncS2GucFqZDE251RQmaQo6AzMPopump,6xeX2epifzGMkQXWF6NsWRkYpkmMuWNEkEX1MwJRPmCn,False,24601
7EEfJEK4ofmotyA2gcnfQLqjY3PnVgsjiyAX6BfYpump,Dq998pN7qWy9P2gjKAXhXcZderaSbzvN6xUReaBckKhF,False,24580
7EVcd9Mpq1Q52pDKTG5GostarK4445CnzxfkYT3cpump,,False,773
7EWAfKMbpR7TkhrZpiz8Aa3FSBhcXEEuzWz76JTpump,AEeVLfP51kFFXyqEyJiGAHAqR93j7g8N4aMrdwxiN8W9,False,29329
7EYYwH9iKzLRxZYD2ruMQXYVB2fx8rYzWVjFfQEtpump,yHCxHBEaJW5tbndqC8JciSThr7U1cqLpdcsvHcx6PRe,False,7658
7EfWqQMBZf2Mx9cSANAxeqk5WrcrGK1cn9tdzh1hpump,6ios2PAJtAPxMbCk2QGdpTaC2acDmfx9wzkyRB8GUKh9,False,24601
7EpHZLykLEJ4FBEjWFdhYG7He3frZKrMegzWE98Ypump,9JyuijJTMLzkXTXnhm2SwnQ4aLRs4nXhz3VKJ6rskxfK,False,27996
7Eqs2zX6nE4b1BvyWa9EVp4ZxKqm7mC9UG9s6jsHpump,TSLvdd1pWpHVjahSpsvCXUbgwsL3JAcvokwaKt1eokM,False,24600
7ErHYpFfX5J3jHSTP5aVok7Fk6gHERu6QEz4TgpKpump,G9WqBARBve9aBWYJ8THZYzALRFbK7SQXhU2BWfQh8hfm,False,24601
7F1h2ry7vTWXbpRtfujKpXWVoayYqFuawVg5sa3Upump,TSLvdd1pWpHVjahSpsvCXUbgwsL3JAcvokwaKt1eokM,False,1066
7FS4iUbG1KpTA7xzG4Er7H6Nj22PZgonY8N9ERZbpump,TSLvdd1pWpHVjahSpsvCXUbgwsL3JAcvokwaKt1eokM,False,224
7FYDohPbqfi2cpAkSTGSSxQ5Sdwt4sd2SgPGdxo8pump,TSLvdd1pWpHVjahSpsvCXUbgwsL3JAcvokwaKt1eokM,False,741
7FqbUMfC9QwR3uySiXjhkPSna9oDgw1NisBY4e7Rpump,BgeUikrX1BybmDshuiBkoSSKd6ogfWwhQQPftp9HYuMU,False,3100
7FzYDUjZKPyxArWATtf7Y8Sh2QR4X76j1ybYa1Ahpump,,False,902
7G5yXFbqHE6uApLLX9En2sYy6dRmbfvptCoASsUYpump,GBxNZrHgZP79zZ4AsD6zYdgcqj44TvsZrpU3TUEogjZT,False,1
7GSXFN14FR5EPiq6JT9CXzp6M4CWdWgnUAT7FU9Qpump,9VxNx7gxUD3yxXuqLq16BYVHVHWmVk5tFjNZzKh6dU9v,False,24601
7Ga17NepJ1HZAGBonmccE6tKXM25RRyJfs31MAirpump,3V9PaW5hxUMqjZz37w9JCXJ5Q3NiaaApwJ7FidRyhpVX,False,24601
7Ge1CPpF3aH1hNxWggsxhVw25PVW3B8tGbXcxkG3pump,DBSKUS51oysvm9LX81kT3vypKQNjSZMchhubPECMzhcV,False,1193
7GndHQr4aQzjpbc5LenxhaqR7VVMifoMxXafkH4bpump,TSLvdd1pWpHVjahSpsvCXUbgwsL3JAcvokwaKt1eokM,False,1
7Gse5Rt7zWP8Xs4NxQVdCgyUSepc8LDQEeRsmNH8pump,TSLvdd1pWpHVjahSpsvCXUbgwsL3JAcvokwaKt1eokM,False,1
7Gspm8KMkF7GauN4EWVgvMoAZ4zNSTU29AC96rUjpump,TSLvdd1pWpHVjahSpsvCXUbgwsL3JAcvokwaKt1eokM,False,1
7Gx3UCnu9duiEToYfjhk8smqMgd4LpCdN4zL1n7Xpump,CvriJd4kWG2fPXzarrEm4GkW9FjHupHduKQpaFnhKK63,False,24601
7H33wJUJSKZEP6d9wpiojmVEU3MPWshMh8beirMMpump,5BWCSKFbsyoDnyt19tSZL6sgiwk6QbEeb2gds1majxQP,False,24601
7HSiceXdTvqsvZiXUqbZs6LLK9xaPmhqHMDKBrKdpump,TSLvdd1pWpHVjahSpsvCXUbgwsL3JAcvokwaKt1eokM,False,1
7HbE2TtZXMaso3iLxPifprizjgfX3nZZwUaDv8pSpump,TSLvdd1pWpHVjahSpsvCXUbgwsL3JAcvokwaKt1eokM,False,1342
7HfBC2Jq6dXoVs6gKCGHh4GA6EUrUDU6p8BoKhxQpump,TSLvdd1pWpHVjahSpsvCXUbgwsL3JAcvokwaKt1eokM,False,319
7Hi3h2MsnjiGzJxsDrrnt3FXvDPFt4KARuCcoNsGpump,TSLvdd1pWpHVjahSpsvCXUbgwsL3JAcvokwaKt1eokM,False,1181
7HiSM2hkmqzhZMLuKtGMWkhvDi2LpMBepWRFYjXXpump,TSLvdd1pWpHVjahSpsvCXUbgwsL3JAcvokwaKt1eokM,False,1
7HjVueTUBQ8EaucNa2bhpszRTbpnWcJMLWaLr3vjpump,7mtfHxsboMe27yF3y1qPPk1VC4ZyM8nutHQvocvvyrb4,False,24601
7Hq4rpDPLqTrxuey4vpqZ8tCQJZBUAZ1NBpxNiafpump,TSLvdd1pWpHVjahSpsvCXUbgwsL3JAcvokwaKt1eokM,False,1
7J3FRKz5PSzQS1uUBATgBY6qtfNwBQwyRmZZFC7Tpump,TSLvdd1pWpHVjahSpsvCXUbgwsL3JAcvokwaKt1eokM,False,265
7JEGwvgXwzEDnN1wtBx32h3nje3cU5a4eepsvTT4pump,TSLvdd1pWpHVjahSpsvCXUbgwsL3JAcvokwaKt1eokM,False,439
7JSFrvakoxkuGNmE2dk1aVLd3JakbackZot9gbJspump,DuupU5z4kAM7716JuZH13ssN42Ztd9zya6fCgx6FPmZP,False,24601
7JTUbuGeHCrdZ2muJ4wN55Sz2TNwxnYyT3xs7ecXpump,TSLvdd1pWpHVjahSpsvCXUbgwsL3JAcvokwaKt1eokM,False,1228
7K3U84zcg3kvNRJJ5nYWi263a5WhYsjET9ULQJ1Mpump,,False,881
7K3xCLaHt7R5XWy74iEjdZw2qBhpMWC7dsJLkDMpump,TSLvdd1pWpHVjahSpsvCXUbgwsL3JAcvokwaKt1eokM,False,1
7KC5LowyR6vhYo6CUoXjm23zfCZWTnG4ccr7iaXdpump,52mXWzgdyhTYx5nBPxZEDCUn8RP6oPszZNrtBRiYAsJs,False,117601
7KSuzQJxFyZm8KLEEvEJtcNhtSCMmom5Q6GiTRXxpump,TSLvdd1pWpHVjahSpsvCXUbgwsL3JAcvokwaKt1eokM,False,1
7KV867yRwdRP8xT4GCrjvKkz447LgdLFGfTRvzLCpump,TSLvdd1pWpHVjahSpsvCXUbgwsL3JAcvokwaKt1eokM,False,687
7KXJouu7ET4CLiBEd83RpuUGPhWgsHNsSRr5WFCgpump,TSLvdd1pWpHVjahSpsvCXUbgwsL3JAcvokwaKt1eokM,False,691
7KgdodNJJiZjqPoxntsZkEdCStQBpcdgCwAYdn8Ypump,2YKuPh6zRTvWBiEhHEWrVSiVKkgQPE95WhANZ96cajyf,False,1
7KxxhoaRbApahY2VdfzWjscmppyZFThbP9SsGnWPpump,TSLvdd1pWpHVjahSpsvCXUbgwsL3JAcvokwaKt1eokM,False,1325
7KyfKQvCmoh7uP9JcPZpW2uyCxQAES6PPRZSfwLUpump,9LWAMeSNZubjbG69FcaMMp3xgiGufr5pDUNMo1rS22QN,False,14500
7L2ohCdEzbuMQAD7X6jsECepSoJVQxi3CyUodGR2pump,4ndDSkEMfs3hAsgMon6qKvMoyXLTMhqk8WyWXpo8AvBi,False,1330
7L4B6wYn4ScRgB1sAZnZBrse7PCTx23ETfPDXFSPpump,TSLvdd1pWpHVjahSpsvCXUbgwsL3JAcvokwaKt1eokM,False,24599
7L9M2o26R8G9poY8PQD9GPhiL14sabsFk6MVeW1opump,TSLvdd1pWpHVjahSpsvCXUbgwsL3JAcvokwaKt1eokM,False,1043
7LDJ9uXRCEkTUNNAwDPXqxss3TUM3cpN3b2Y3uWepump,TSLvdd1pWpHVjahSpsvCXUbgwsL3JAcvokwaKt1eokM,False,24601
7LGu2hDVnpsN3MbQj2eCYjkt3vGxRdpyRYEHxEoXpump,AMA9RG2P6MbHL5GTyX4Q9m69HvLsoB57EyD8dzZUKndr,False,24601
7LMF28hFiExWoMUw4SEvCWSBmYH4nn1ZyHKjvxDKpump,TSLvdd1pWpHVjahSpsvCXUbgwsL3JAcvokwaKt1eokM,False,1040
7LSLvYMfUrpmSY5AoRoQccFKPL8ixiSEqGgHd3cepump,Au1TwFjXBWZVDZeKfiCchNEMGS4rwdoPoRLNzDA3igZx,False,24600
7LTpcQMo1d6MtEvewgy6wtgWQsNSfyhruyBLVWgrpump,TSLvdd1pWpHVjahSpsvCXUbgwsL3JAcvokwaKt1eokM,False,1
7LU5sbjR3psNJpvWgKLU8QTVtc7q1igE48g8PoX6pump,TSLvdd1pWpHVjahSpsvCXUbgwsL3JAcvokwaKt1eokM,False,592
7La3E4GirXEvhg89PEcnRrQVx2g9Rx9bdkb12Vm6pump,TSLvdd1pWpHVjahSpsvCXUbgwsL3JAcvokwaKt1eokM,False,24598
7Lj65iT9sRqBU8Pb6kSSawvQwBYYP2gkhPpddEnvpump,HHHB25kQqb6s8WXxzy3XZmeZj48p3p14HQPmimAvtut9,False,1
7LkfjE8xMeeTzBa6fvsvvHWFDd8s3U1HkCNtd7aPpump,F3y9pmLf8wYZARyczNDztAQa5ZREnhJPZBqKcMs6yWPU,False,24601
7LnRALi3SsH4kw6Xy2UUxnptVkiVC5M4CsvjkY55pump,TSLvdd1pWpHVjahSpsvCXUbgwsL3JAcvokwaKt1eokM,False,606
7LqbAwyfNLqPssbSbP6ztVKcJwabn54s2zt9LEMupump,TSLvdd1pWpHVjahSpsvCXUbgwsL3JAcvokwaKt1eokM,False,1094
7Lv8CtMMBoaTp92P61qftFnN76Xth3xVHEu9BNkFpump,TSLvdd1pWpHVjahSpsvCXUbgwsL3JAcvokwaKt1eokM,False,981
7LzF7BgpmXapBUMmJMwyP5o4uC2rr7T8keRc4R3kpump,TSLvdd1pWpHVjahSpsvCXUbgwsL3JAcvokwaKt1eokM,False,752
7M3ieFsS397J924iPZUHZT4vkX5mVpueoVB5RbzTpump,TSLvdd1pWpHVjahSpsvCXUbgwsL3JAcvokwaKt1eokM,False,1
7M77R9TCgNjHbW4QvTT2ajQJZpChDTd3oZJWXb9ypump,,False,1087
7MCd54iD7wyEiwwFSnGcjyfBHU75US7NwxRd7u7qpump,TSLvdd1pWpHVjahSpsvCXUbgwsL3JAcvokwaKt1eokM,False,1
7MEWDZ5czD5AzBm1UYwFEFeTRwVdA721uVDf8VQrpump,7Zt66SNRKMEQRMtdS8LV349VzTJRNegjNaAiHm39Apib,False,24600
7MRj6QSPHcNVtxQkzxsVzfXvfT1tqEW8oFDDV2Pipump,TSLvdd1pWpHVjahSpsvCXUbgwsL3JAcvokwaKt1eokM,False,539
7MyoDrAr4FmY1FyqZB3jdgmoUB3TYjeMJKYbFFcGpump,CrzU7vwFoFUpSiYmkWC6kXMuo6MQfytkQbBUWaury2k7,False,1396
7NBC6jAf2d2oSiA8FhXj4qv7buZLoM8HGu7arz3Lpump,TSLvdd1pWpHVjahSpsvCXUbgwsL3JAcvokwaKt1eokM,False,3000
7NDL9bvEdDpRprmstoZCpkj9j3RYhvSzMRoCssgspump,TSLvdd1pWpHVjahSpsvCXUbgwsL3JAcvokwaKt1eokM,False,1219
7NoocuVMvow2R8mfqv9PGLyfg8u642E29kDHYXCopump,,False,492
7P4TKdBAg5VjNeMZQZvZYKfG3MRbwbjNfzYY5d93pump,94QEyZaAorjDMVtTqSS9kk2SrNFWf8pNhCq7xHMibKTz,False,24601
7PCmCGuPnRbJZVvwCLkjfNnfsRu3xjqqK2RiLuUppump,TSLvdd1pWpHVjahSpsvCXUbgwsL3JAcvokwaKt1eokM,False,26600
7PLFUMueEkMDc9dNoCnL5kG3aoLixML1iG5nA9ojpump,TSLvdd1pWpHVjahSpsvCXUbgwsL3JAcvokwaKt1eokM,False,1
7PQcDySCeAReAwNoqt8rBPKjbZqUnETmpbB62ZQvpump,TSLvdd1pWpHVjahSpsvCXUbgwsL3JAcvokwaKt1eokM,False,595
7PkAUw9sYRhLbKm31aMqabd8WYTPJjpuFQCsYX1apump,TSLvdd1pWpHVjahSpsvCXUbgwsL3JAcvokwaKt1eokM,False,135
7Pn1htyhP1ecSAtmDZyoJZzjCNhsMAFr37VeZkdvpump,TSLvdd1pWpHVjahSpsvCXUbgwsL3JAcvokwaKt1eokM,False,293
7PrD83NuMYWSUJG6s2BeJv2nRkV3giy9XkAMFfD6pump,TSLvdd1pWpHVjahSpsvCXUbgwsL3JAcvokwaKt1eokM,False,1008
7PrRkPh4nohBW9fTafdzA6Pwoovsixvoe9y2nsBrpump,,False,794
7PywoskpqgNTGEFVAqZLxgqriEL3wduQzAXo8R1Mpump,DzXGdP2Z4L798b3FRJaxuWt85CjbLbjc7LdL3L2KDyhR,False,24601
7PzA1tBc2aTu37N2p7xWRZ69hTYtuPJ8zkHgwuqmpump,TSLvdd1pWpHVjahSpsvCXUbgwsL3JAcvokwaKt1eokM,False,24341
7QUitJFrjELnEqq4nJHX8E2Nxmcd2w3K58uvKR9Apump,TSLvdd1pWpHVjahSpsvCXUbgwsL3JAcvokwaKt1eokM,False,1317
7QW6iK9XotUnrK11RZyqZyHTowZcSw2jM5xvK9q5pump,9JyuijJTMLzkXTXnhm2SwnQ4aLRs4nXhz3VKJ6rskxfK,False,67905
7QZDyjhfmoBHvKAQuppW8znGSCvtVQXwkU18kKLqpump,TSLvdd1pWpHVjahSpsvCXUbgwsL3JAcvokwaKt1eokM,False,1180
7QZwMyGjZgb52qowRG8mat8UYShztNoPBNEqh6dNpump,TSLvdd1pWpHVjahSpsvCXUbgwsL3JAcvokwaKt1eokM,False,521
7QhxW4Ucf5v1F6SHDPkFMjBaEdfQjc3vF97KAXzMpump,TSLvdd1pWpHVjahSpsvCXUbgwsL3JAcvokwaKt1eokM,False,389
7R7UmdcUapuhLF1H995KBLVd1t4AP7YBCPTLvYwmpump,A3M2QEfYnazeeLi9145j3crD4svvtuvzVUugJE3CGuoh,False,24565
7RSwX9BqJFpEh1Qz7bu97rwHE8XhwofZ3St99pH2pump,TSLvdd1pWpHVjahSpsvCXUbgwsL3JAcvokwaKt1eokM,False,1
7RVntPLpY5jatkd2P7YkW3B7vAjTbAziaZj116J8pump,TSLvdd1pWpHVjahSpsvCXUbgwsL3JAcvokwaKt1eokM,False,1010
7RyiZd3wrQiMpmF7CY6prrTTKCfcHwMHqNakHPBvpump,TSLvdd1pWpHVjahSpsvCXUbgwsL3JAcvokwaKt1eokM,False,1004
7RzWAPJvaiLZkgZYGLEaHzKS5pcw7s6GLuW48NDTpump,GqPVjWFX6Hs3vpNRTJmqWtHcDBsjAeGiDUj8ArnLrosM,False,1
7S2xgxEmWdFuzdB2jnAwzCdhpC7cX6quRmmVw8Jcpump,HVtaTPzapjSeBgaY7qT9eEneE8sAppqnJYvbdtK3NVW3,False,14500
7S5w5X6rGNjGZ3b9mAUPhuY839944WwgNa2j1WaKpump,3UsbKnQTzL2ehoemzPyhefx8Fod5o33GrKqNCxrWfq7P,False,24601
7SHTnUiuTgJujWBHkt79yQgKnSNykj349hm2aBWqpump,4QYA1tTwUBXnJr7neji6HcpLa6WddpBfpA28gXUEURtx,False,24601
7SV7rAj9CLPvZ1Kc8aMWDdDozwRincPMktjRfTErpump,TSLvdd1pWpHVjahSpsvCXUbgwsL3JAcvokwaKt1eokM,False,122
7SY9Y8mMKdhHFqGhpb6t2V9FgL1P6CDR1Cc7Ca9Epump,TSLvdd1pWpHVjahSpsvCXUbgwsL3JAcvokwaKt1eokM,False,1046
7SZPLN7SiUBsYDk8MTducjGCcFgG7pTbiw8JoLyopump,52mXWzgdyhTYx5nBPxZEDCUn8RP6oPszZNrtBRiYAsJs,False,117601
7SbQwzmvp86kgbkdY7tS7EAce5X6mzHP1Ab8hgXUpump,,False,1156
7SwC3oCHApAfbj4QhybEhKemqGUevhzVx3JqsSVqpump,TSLvdd1pWpHVjahSpsvCXUbgwsL3JAcvokwaKt1eokM,False,1180
7T1dBbremnkU8FGN3jrZFxxJrvgi3sSQeKBwMGRqpump,,False,948
7TM7nzyhef5WJfsSjFFuoU2KnP3cocBcXpY1VP8jpump,TSLvdd1pWpHVjahSpsvCXUbgwsL3JAcvokwaKt1eokM,False,1
7TebiJuUyGdJFrqUj449xp8E9uuwvpdvFmjxkeLZpump,EdNcBDUFQaTxuaaiFfp5Ss4EanvuXtpGV9ZZvFFVRayd,False,24601
7Texf8T2jMLQg4AB81YnsbT6yjWhMPgTVzNpjTAdpump,TSLvdd1pWpHVjahSpsvCXUbgwsL3JAcvokwaKt1eokM,False,799
7Th1pF1fkpCqB8pKNQnHggMmTSm8JxTU6v9qMWHmpump,,False,1
7TqCk8Sr5figrYuu288G3n5DWppjAvWAtEAgAkmhpump,6xKz9kVXe9kVneM5983BeJ1u9H5dwaUPujdhqsT49eGu,False,968
7Ty9nszNNR1eXM5xCADcrqts3afQ25Ut8zRa2o5Mpump,TSLvdd1pWpHVjahSpsvCXUbgwsL3JAcvokwaKt1eokM,False,1212
7U4kmmB6rPW786fx3kayMf1XDhtPLyxMqQcGRZk6pump,Cz5SymDkAUfuuGuzWVYoUDXCHxx8UyFWS8fioPrncf1f,False,24601
7Uboac43Ncf2M7hajnEeg7AShe6sbVz6ixzMSuRNpump,TSLvdd1pWpHVjahSpsvCXUbgwsL3JAcvokwaKt1eokM,False,1301
7Uex36is7YQjvCt6dvfaT5eKLBWDdUdv8f73nDLpump,3RcRUpCnLD6fenL2oEhbpTCqcBPSpyTNRGoG5mNM4Bc9,False,24584
7Uu5x2BXGe9NzTn9oUnEPvCKNYx12VP2mPUewNetpump,TSLvdd1pWpHVjahSpsvCXUbgwsL3JAcvokwaKt1eokM,False,1
7VCJgTwbxMYMtF7W17MWyej4DH5rUZvdcv99HpcHpump,EwSfA8M7756hY2jCfD8s1GbhvcKhFdeeaQSZBkgUeqge,False,501
7VCTBTTy27dK6hi9xGVG3tmS99v9LyYGmnbCJBKnpump,TSLvdd1pWpHVjahSpsvCXUbgwsL3JAcvokwaKt1eokM,False,803
7VKwiinVpZSiBmErwC975ZDLYMuP7CTXq1pDS2jXpump,BUE6mD9qSDAx3JowTEgjVTsFgBadBSao9W57v3hEdo2g,False,1
7VLmqqHQbP6gkAxRL8o5Qua5MckL86YHDB3PoLm3pump,TSLvdd1pWpHVjahSpsvCXUbgwsL3JAcvokwaKt1eokM,False,1313
7VNuspmaSwjeVAgCSgPjwyma4ZV74jQcpm8mQv5wpump,TSLvdd1pWpHVjahSpsvCXUbgwsL3JAcvokwaKt1eokM,False,1
7VQnrD2345cCND6t85AqtZkpuos5xdjo5qbP88H4pump,TSLvdd1pWpHVjahSpsvCXUbgwsL3JAcvokwaKt1eokM,False,1
7Vb4Q2f3B5KV3W6Y3qGpDP4TPVxrsrzSugns2sM3pump,TSLvdd1pWpHVjahSpsvCXUbgwsL3JAcvokwaKt1eokM,False,1
7VfKBapXE9USk7kZWFhZJVj3wR17ssHW7QZoDerPpump,TSLvdd1pWpHVjahSpsvCXUbgwsL3JAcvokwaKt1eokM,False,1147
7W1NXpH4VfT1W3jjkXJKeAaPbPAJySotgBhtXCaapump,TSLvdd1pWpHVjahSpsvCXUbgwsL3JAcvokwaKt1eokM,False,1
7W23fvQ9ugzqBazJevLfYbFYmaSmzyf7g6jK1fKupump,DbkVQ5M2R52EFt7nqwM7XFK4ukrqHGjmNf7ya9eLC7cE,False,1
7WKV854wEXTPywYE9UTECtVRLkH9Cqf86PEBzRfgpump,TSLvdd1pWpHVjahSpsvCXUbgwsL3JAcvokwaKt1eokM,False,578
7WMh8NGrjgqQGUF8UX6GRwAAAfVJ57EvgzvDsgEmpump,TSLvdd1pWpHVjahSpsvCXUbgwsL3JAcvokwaKt1eokM,False,1
7WYvRVh2TT48aw7WviBNJiS5YnuZ2qQ4fVrDf8GSpump,EYCCAkDE26uTdUvX38jkJzCSyUWaygRgHiiq3Kv7y9Q9,False,32376
7WcxSCWQPNucewLmD9Rab6AmtxeDChuy31dxbTW2pump,TSLvdd1pWpHVjahSpsvCXUbgwsL3JAcvokwaKt1eokM,False,24601
7WdDyHa7GDuAvYZAGFGEbDoBUka1S8YvbPgTW2WPpump,TSLvdd1pWpHVjahSpsvCXUbgwsL3JAcvokwaKt1eokM,False,106
7Wm8jAjSQXhM3cthRLyWb4mNCvEzesQEABpRqNjPpump,FUYCryJ1FaNBk7HTmPhCsQNYf7C9vAFXCxNFevMY6wKQ,False,24601
7WmAcii4KpvcfVX3VZLwfP5v492N4PnLX5Jviqjgpump,TSLvdd1pWpHVjahSpsvCXUbgwsL3JAcvokwaKt1eokM,False,36059
7WrzEaE6VKBCru6DzQPp6QLePN7wAG7fcPtcE5yRpump,TSLvdd1pWpHVjahSpsvCXUbgwsL3JAcvokwaKt1eokM,False,1
7X19KesnUtZtme78Km8pm4cN8pfRRLT2SXNsubfipump,TSLvdd1pWpHVjahSpsvCXUbgwsL3JAcvokwaKt1eokM,False,595
7X75WmFwnEL6H5sjMrBAeXHPFQK5yGatPNbrNPkfpump,iJLwhBNSvLiQSaFA95vFSq42BfBD3e8aqwMQ65kUJjg,False,10376
7XCbVGuXgS4jc3RtYGeQWVNbF1JnyK3dVhPzXekkpump,TSLvdd1pWpHVjahSpsvCXUbgwsL3JAcvokwaKt1eokM,False,970
7XFXYYiqrEQLLkAGvvxaoh6iYkVYQ4K7XXtKoRShpump,TSLvdd1pWpHVjahSpsvCXUbgwsL3JAcvokwaKt1eokM,False,1
7XJfoEjP1S2T9uBvkYFWUYymqa8UxtD5ypCEgYpCpump,3aDcMEimz41K8HAvSrcWnEFwScCh6XF5J18xf966i1ZN,False,2970
7XJuwN27TU2Gt5yKHRvUBQynQ1Vr8uG8X5To1qZRpump,,False,1124
7XMgP9n79NcNZhnzpPMqcEAo5Qtdc6yGCm9pzDYfpump,GDTMqe1pdWtKEavVExFdcGYgezmz7xaEJ23b7cbfSuE8,False,2001
7XPhvoXC3rQc8GfnwxGqX3yTbWNGfW1m5YTB2DPnpump,4TtVQs91zaFFvPPsvgmEt5xz5pjixUsoQY6yYuNNAtXs,False,24600
7XSXXWNd1RfdhAYqHbMWqpUueU2gzND6bw39LgWQpump,TSLvdd1pWpHVjahSpsvCXUbgwsL3JAcvokwaKt1eokM,False,2201
7Xnxv6HEGxSQwmXFAeJ4yJd7zPXpabMoR2qkTScspump,TSLvdd1pWpHVjahSpsvCXUbgwsL3JAcvokwaKt1eokM,False,24601
7Y5p9YxsjhJDya9Uz7cFo5t6DhSuE6DUQLgWne29pump,TSLvdd1pWpHVjahSpsvCXUbgwsL3JAcvokwaKt1eokM,False,701
7YQm4UcsDqvwmy3urhNG3oueWRj18j3PHf4p635dpump,TSLvdd1pWpHVjahSpsvCXUbgwsL3JAcvokwaKt1eokM,False,1145
7Yh6JdG9RE9uE2b3zzvtcw49RJRcAM4QJMjLYeadpump,TSLvdd1pWpHVjahSpsvCXUbgwsL3JAcvokwaKt1eokM,False,1006
7YkFL38TE7JxnzBsywXyYm5SgW5bVKWDDZCS5rHzpump,TSLvdd1pWpHVjahSpsvCXUbgwsL3JAcvokwaKt1eokM,False,1181
7YvfVcDeE9xNVnSRiwu9FFkm2W7BKjxvVkJQhKdmpump,TSLvdd1pWpHVjahSpsvCXUbgwsL3JAcvokwaKt1eokM,False,980
7YxE74FfeZ8qU7gLUeeteHkJa7PS197QRRqp6kGJpump,FUqsGmRDUbWAjRBudwwYc1XSAiCNt96wNs6c2J5TUJjg,False,46908
7ZYEmobNiqa6kJv8MapbgQrNd2PC2fc8SXVczkXupump,F92bT3iZJQkFnwZv5tp48kKFpvB234115eMAdE8bJdsK,False,24601
7Zgcy7kPBFVddeuJpmQA2BmxuNQPyZEihuWiLs8Bpump,TSLvdd1pWpHVjahSpsvCXUbgwsL3JAcvokwaKt1eokM,False,527
7Zot2U7xDcjH6Hxs4geAUbFkWPpJtAtqxdMRUghSpump,TSLvdd1pWpHVjahSpsvCXUbgwsL3JAcvokwaKt1eokM,False,451
7a2WyRsFbARvsc8RsYLqLnBkyTqoJxfgMf9p3n22pump,TSLvdd1pWpHVjahSpsvCXUbgwsL3JAcvokwaKt1eokM,False,1
7aNoD2ZmbPRwdYyEP8fpNLH8JVTqy29XRJGagbZMpump,TSLvdd1pWpHVjahSpsvCXUbgwsL3JAcvokwaKt1eokM,False,24600
7ai1RTLePShNz4cS57BqWP2eRYNEkbf2ucDNqZ3Kpump,G8v4PKi24rDq2BcJBaW61tmN5WNW7DE7TwvjVgTSmxg7,False,41000
7ay4X2zcHQRSSZd8NtzNwxqzLtwxoCCRnH2daWn3pump,TSLvdd1pWpHVjahSpsvCXUbgwsL3JAcvokwaKt1eokM,False,1
7b36cKRYFZsMp3vLByVwfVQxW2ndcYth5rhPnyypump,TSLvdd1pWpHVjahSpsvCXUbgwsL3JAcvokwaKt1eokM,False,1
7b7uX4ddWJ4zPxpAoZBVWEJKu93yKVBJBrn4eWeApump,TSLvdd1pWpHVjahSpsvCXUbgwsL3JAcvokwaKt1eokM,False,1
7b9eW4hFE1ua9JtBFXC96hmNtXvVEuLEXjdvtNeDpump,76FMHjerxs1m3zmUEX3BPxZ6Z3EzUjMxjcohSp2zDTc8,False,24601
7bRw2TUnhoNrmkterXcGeJVb6cadqibYNcRztcVEpump,sfU4eumRXQ3REAfrQkk9SoYmhfVgpJfBVKChg1brceV,False,1240
7bYVYg2TVoqUxbp1agZqoZrAVsCTzRFTWLozjAyKpump,,False,1
7babpTm23mpjWDyGtgecu5NqjKrvmhUtY4Z6jiqzpump,37u9Vvtfac2K2xMQQfeMLrmGX2FWBhsAfS7YZc5MB4cp,False,24601
7bkcNPoP7Ytn3F7KHtHb7NQVvsA7YGFZGVEzmS3ipump,,False,2475
7boiX4jbNHGQ3A8Tmyj1o4Yic7hr6o7jY9u82qi9pump,TSLvdd1pWpHVjahSpsvCXUbgwsL3JAcvokwaKt1eokM,False,24599
7cACLfEgCYgKKezXy7v9uSFXb7tYbWSVpxRymKRwpump,TSLvdd1pWpHVjahSpsvCXUbgwsL3JAcvokwaKt1eokM,False,1023
7cLQdq8oQ9muPBdv5KysN4AJeHziyaKFVV6yVZwZpump,2xZ8hz9vD5mzNMsdDmb1i9k9ism9awGoeWmXjzTQhtLH,False,24601
7cUW8pVLSRFgGTsmrBXTmdZ6HpPQi2H6R6CDFPH3pump,TSLvdd1pWpHVjahSpsvCXUbgwsL3JAcvokwaKt1eokM,False,36095
7cWC5Y4umTDLE83YCjiHnpM2tpWsq2z4pg4deunQpump,GwfeCHKUbx4cU4wGpqCLRhWFC2mF1ESzyuwTz2EATK6V,False,24601
7cZVjca87D2b8MRF4z4BB8CDTPc2Sw4UzgQ8xKTupump,TSLvdd1pWpHVjahSpsvCXUbgwsL3JAcvokwaKt1eokM,False,1144
7cbBjwJ7eu9wUaPwwn1BkeD5QyGwq8yDrZMjervLpump,TSLvdd1pWpHVjahSpsvCXUbgwsL3JAcvokwaKt1eokM,False,24600
7crBW2CjnJGm56UVS2VRQydPSUyAcKkhRbM1F9kDpump,TSLvdd1pWpHVjahSpsvCXUbgwsL3JAcvokwaKt1eokM,False,1
7dDeJQRiGVJG7wCvDL8LYmmAXocQsbtJdkgAcRMXpump,TSLvdd1pWpHVjahSpsvCXUbgwsL3JAcvokwaKt1eokM,False,586
7dDpUJTtxjeAQaQeoJqnL9wcLp2pQ2w9aXCYjaSApump,TSLvdd1pWpHVjahSpsvCXUbgwsL3JAcvokwaKt1eokM,False,1
7dmKTxy7F8VY2t1to1487W6d6L58FvttdrV47qXdpump,TSLvdd1pWpHVjahSpsvCXUbgwsL3JAcvokwaKt1eokM,False,1012
7dzjwNqnpjFLTYLsQBZkANAk15SoRBLKfCYmF37Cpump,TSLvdd1pWpHVjahSpsvCXUbgwsL3JAcvokwaKt1eokM,False,1072
7e119vBUfGoWUgA2NEE2eiW1zfX5r5G9VkcCL9a5pump,TSLvdd1pWpHVjahSpsvCXUbgwsL3JAcvokwaKt1eokM,False,1145
7e2xQfJLnqpnrbPgdgAXPhJ9HotJS1CanbyJ5cxmpump,TSLvdd1pWpHVjahSpsvCXUbgwsL3JAcvokwaKt1eokM,False,421
7e7pvHn4TL2MzNBQUP4JRLNw19Vjd5X8sq6T2hXWpump,HHHB25kQqb6s8WXxzy3XZmeZj48p3p14HQPmimAvtut9,False,24601
7e9XGTotQkMqXC6r1cBEinM4Xc4fxt8vdZ8mdb2cpump,7eqruEYmx5hKxAS6HuvmMbFxRVveTnxXSaps8Xe2P5ZS,False,24599
7eRS96gvVAED4AbKTu6qSMtsu96Vj4PmxL3aMBsZpump,TSLvdd1pWpHVjahSpsvCXUbgwsL3JAcvokwaKt1eokM,False,984
7eg7oYHTWV6ruARDKpoFjNcXKxrWEzrAEmhTTmkapump,8gM4gnxdLdkvifM9TCwkGAxrnNw4NiSiHbAdE1RqY96e,False,30801
7f4kFyKthGt1xab55RCJu1fXwXzhjupW8Rt9iLs8pump,,False,287
7fMP2Ez2j1wzvoFnVF9WEQkbpeeFjhvHtzx4fUCcpump,TSLvdd1pWpHVjahSpsvCXUbgwsL3JAcvokwaKt1eokM,False,1
7fS9TUWeyudwkTcyD3R78yNsPB1978Eb4MmnjutXpump,TSLvdd1pWpHVjahSpsvCXUbgwsL3JAcvokwaKt1eokM,False,1280
7fTRr26zMW5rUFhGSFq71WDHB8221aDeNdNNnUMvpump,ePiX9CSCRJd2z1RMJpYgGYKwe7A6DBJMoFymevf55Bf,False,1
7fVGVFCS95wph6WqyrpvVHxF3AMiKoXCAe4UR2Nxpump,TSLvdd1pWpHVjahSpsvCXUbgwsL3JAcvokwaKt1eokM,False,579
7fhoevmQGrLX3RGE7GHEr2aDkZ333LBsHiwDBaAXpump,TSLvdd1pWpHVjahSpsvCXUbgwsL3JAcvokwaKt1eokM,False,534
7fnYi394mvN8XH2vsDoeF8ZiKtpT5N3pRH7vkKXtpump,TSLvdd1pWpHVjahSpsvCXUbgwsL3JAcvokwaKt1eokM,False,611
7fz53ciRgpDsXYx3rv3QxEzVwZKwRSskxhFJC6HTpump,TSLvdd1pWpHVjahSpsvCXUbgwsL3JAcvokwaKt1eokM,False,1252
7g275SxXv9Fohgva452tuRD3npsMBZCJvt3eLYW5pump,TSLvdd1pWpHVjahSpsvCXUbgwsL3JAcvokwaKt1eokM,False,1091
7gDo12QzBYUmiS3aVJL3SKKTpfVyaJSN5NGqaECZpump,TSLvdd1pWpHVjahSpsvCXUbgwsL3JAcvokwaKt1eokM,False,24599
7gFGAkQDNpMnptAwLZdNJwEh6DRhH8Fdm9H3hMcvpump,TSLvdd1pWpHVjahSpsvCXUbgwsL3JAcvokwaKt1eokM,False,861
7gGvGrGNPfmiB7GZjjZ465bfo1Ca56mWaDq2XmBDpump,TSLvdd1pWpHVjahSpsvCXUbgwsL3JAcvokwaKt1eokM,False,1179
7gn4bwTUeo86sio3z7eTR3HP9XzhqWyauTU6KBuPpump,7B3APgzn9s7RJp4nSkHWBsHXThM8pFqfqnapaJGpEjUJ,False,24598
7h1TWkbtsusqbcrSBAa5AJ2He88DpXxPwcTNKY9kpump,5vNAbb4uebhCnNZ6cGy2gYBkSRrUnSM9BJxBiuAvvEBa,False,24600
7h1nCCQiBoq99fRpjJZFnyyY4AhFNHTLMHgxFM5Apump,BgF1J178xispiKvwyBsekWNsq6W3WwAwUqyk92KRgVGo,False,2769
7h4T3UmF4gYn7ZjmyQ1NjEmCd4pM4GNw46onLGypump,,False,550
7h6vcSdAj9HQ4opWhepP5mLkDjvZNBzfPd8hFH5Cpump,68jvU94rRYiFfbuExswWhCaNtc9Ln186rH15FyK53cDy,False,24601
7hB65T8fRkXu4VpxzqsBqTahtELsEGwEXPeVT9Nkpump,TSLvdd1pWpHVjahSpsvCXUbgwsL3JAcvokwaKt1eokM,False,1012
7hEhPnZsZQKAVRnhAH8ebnwufpYkgHk6YHCj1ADapump,DvcpiA8NsH8VDJ5tgguqER7CiPmTFihxT755KHT4PqNH,False,24601
7hSutBnh5jeuy7usk2m5iEibzkX8U4p8UpTkUUT9pump,TSLvdd1pWpHVjahSpsvCXUbgwsL3JAcvokwaKt1eokM,False,722
7hXwaMKjUWv3wPjBbfzw8vsSfkZ6XMEcqgBMWUAkpump,GpTXmkdvrTajqkzX1fBmC4BUjSboF9dHgfnqPqj8WAc4,False,24601
7hkCEr97pjD5TBV896PiUwwHcj5V8CwAGymPFnQzpump,TSLvdd1pWpHVjahSpsvCXUbgwsL3JAcvokwaKt1eokM,False,887
7hnHxaMBUecYKf3N5VH4CDqrcsPM3SuLz43vNfwspump,TSLvdd1pWpHVjahSpsvCXUbgwsL3JAcvokwaKt1eokM,False,24599
7hue8yfWzurm3r5bdVxwukCGQ7rNfE3GunPxCkjipump,TSLvdd1pWpHVjahSpsvCXUbgwsL3JAcvokwaKt1eokM,False,1305
7iK7ewnavVcsCW3c2cbwq7zVn8R3h6PtaxtdHPrupump,TSLvdd1pWpHVjahSpsvCXUbgwsL3JAcvokwaKt1eokM,False,928
7iLZU9KVb7t2DHyP6Z3nWTgmcvqZYZ2cCn6kL1qBpump,TSLvdd1pWpHVjahSpsvCXUbgwsL3JAcvokwaKt1eokM,False,1307
7iMgmm3E7kjtWaZXB6Y1ZdpcELjT7KiNdw775na1pump,TSLvdd1pWpHVjahSpsvCXUbgwsL3JAcvokwaKt1eokM,False,3258
7iRMRsTWLUaaih3ubdaSJZTFiyebP5KoT7LMjTqipump,TSLvdd1pWpHVjahSpsvCXUbgwsL3JAcvokwaKt1eokM,False,1
7iWGZSDkHrCtFaH9JMch6xg7YkZuVoJ2MQePriuHpump,2XQzsSQYXGx9YcWjt2LGhRu7xjYb6wRaKGpsXcMqMTFM,False,24592
7iWaBNygKwJGUSqGCUd8WFjszWfmQYLkCtCiupfKpump,TSLvdd1pWpHVjahSpsvCXUbgwsL3JAcvokwaKt1eokM,False,24601
7ij5esLPHU8zprHAMUHR1Bu8MEJX6cT5hzG1bBEcpump,TSLvdd1pWpHVjahSpsvCXUbgwsL3JAcvokwaKt1eokM,False,1
7iuxs2L6Xoyh83Mjh3tKKDxrbRynPHRzWFwxmsptpump,9DV9ASGAMijuNa7rbehwCyTkhfjoinUwHDGA3iqKysXV,False,24601
7iysot6EF4AmZenKi5mr9yakczbf3HRgHh8GKLuipump,TSLvdd1pWpHVjahSpsvCXUbgwsL3JAcvokwaKt1eokM,False,669
7j2GAornHDeGB27XQ1SSmh7RFuuF3LUt9yCfM7bLpump,APm9fxkRmis8cp4Y2zVMZe4tvCXtNo6y5dvmQ3F34tee,False,24601
7j8H7PNxiaKuTTY1HHxt8jZp38gGzfUsHUQh4pkFpump,TSLvdd1pWpHVjahSpsvCXUbgwsL3JAcvokwaKt1eokM,False,1120
7jRiBQL5CkiXybo5cJWTeatmJZ5ffka8SpuVF5Vhpump,TSLvdd1pWpHVjahSpsvCXUbgwsL3JAcvokwaKt1eokM,False,1075
7jbA5guuuv8tWxS8Po1CQE7TdxK6JrUPaC92Ptwfpump,4SK6kAQFSEnB2LJJUBSsHE4ZDacruLYwdK4JkUZJHJfQ,False,24599
7jdrr6DNEfmYRaL7zB4YDUiV4GwaAHiJnEZmUcXGpump,52mXWzgdyhTYx5nBPxZEDCUn8RP6oPszZNrtBRiYAsJs,False,1
7je3Br7iKUr19ivsLYUpn91Pege57R1ysv9mQZUupump,GHYt2Ba8JPM4nAo6JUbgbQv9hQGiwFXHNwCdMdUTepvZ,False,17508
7jjSb9pviiZkodsKkBtX3DqDs6vTGwPCztEZM71npump,TSLvdd1pWpHVjahSpsvCXUbgwsL3JAcvokwaKt1eokM,False,105
7k3G8FG3jNiBULiwNpnkSuL8p8qXCJoxmtWGAiK3pump,TSLvdd1pWpHVjahSpsvCXUbgwsL3JAcvokwaKt1eokM,False,14171
7kW8PjZXdYJW3MjUafpPPAbHVpmtjNJcsppFmg1opump,52mXWzgdyhTYx5nBPxZEDCUn8RP6oPszZNrtBRiYAsJs,False,117601
7kk36BDqKc7QtjKDz95YUDd6vri2x8uqjUYYdGjepump,uRBubhTFG7x1gxu53CbHJmaZ1Yre8AQKrMWAbYXhGCn,False,1
7m6W5iH3ymBAdhWw8EAg4RUr5exsC4x78PXcYimvpump,TSLvdd1pWpHVjahSpsvCXUbgwsL3JAcvokwaKt1eokM,False,1
7mXS2yjUCCzed8vAS71a8XGhre2d3hFCQbSnFx6Fpump,TSLvdd1pWpHVjahSpsvCXUbgwsL3JAcvokwaKt1eokM,False,1
7mZYk5wR6BiWyxNUuQsjPHtDU8j9WpWVbq7ro7iMpump,TSLvdd1pWpHVjahSpsvCXUbgwsL3JAcvokwaKt1eokM,False,15
7mrM47kyyQB9Fq5vkzyqVNkRe9p4EB7vvZjTTY3Tpump,ApB4PCenvCTBF9v6oUwGJzRfESx2zAmCpNr6jTtXDsrC,False,1
7mrcMt3fXbDakHgixLxn4GUWi2h1VeAQZFfSUBy7pump,5exooATXSK2ixs1QkVmbYg7CHjkg7jQ145U86FwBUtt,False,24601
7n5dmgLtdCpL8qbZ1UBzPUezAosLvXntwXiuR5qXpump,7Gu3Cm389SDWRrBdaynbiNJ3vDZG62vj9738DYBXLqkz,False,1
7nGC6LuSLYWdoNoPZzNqdLb7LmPDGT7ERDUpsU7Ppump,DRAgT2aGt5RyA585A493rLkqKv5b4NArAB7mKhQG3MnY,False,26601
7npJiCS3bECfeyUNRwDCm6sESQk8cfwZds1UhRxEpump,Am1Wn9cGJf4ju438g9sbmHrfo2dQoefZzsAHn5eQu1Lp,False,2890
7o3dEmSi1ZHH2ZBgqcBWi6fC8ifwVZwvf4TnqaBopump,TSLvdd1pWpHVjahSpsvCXUbgwsL3JAcvokwaKt1eokM,False,746
7ocsGWgT6S7yvwLs8vtzxAx8WrHjkcoyoNG452uPpump,GU2qsN9angfbepDgQbFui4QxjpuGtVqR1r5y4moxt116,False,24593
7ootaAeTTNeqJAcCByMrVuw1tsi4KmD61bZtKhAvpump,TSLvdd1pWpHVjahSpsvCXUbgwsL3JAcvokwaKt1eokM,False,586
7p4CMCdETxQgSBiPqKsefFLVQgd8yHd1VQqQKEAzpump,TSLvdd1pWpHVjahSpsvCXUbgwsL3JAcvokwaKt1eokM,False,1
7p5C7p8XU1gdtY6tTKKjMPR2mtYH1xwVi2EyvFxcpump,TSLvdd1pWpHVjahSpsvCXUbgwsL3JAcvokwaKt1eokM,False,1149
7pGBRpBCnPbCEy2Xc9k3SjDypTWYERSneJf2KoBYpump,CxdA8vUGdrfmnXvYh3DQkpNB2roiJz4hciM8DqK6CYih,False,24601
7pP9GtwQh4VeJJA8nrZYSUyw5QuorXm91isBRZxjpump,TSLvdd1pWpHVjahSpsvCXUbgwsL3JAcvokwaKt1eokM,False,24601
7pbPR49fft9qR1ujeYXhPykMjdRkppJ6NrSeFpeupump,UsZShWVHf7FS9UUsgKz41zbGdf8FJPEWsSYSjFcPcqG,False,24601
7pecwjrTx7ZB2GzkkMMD2umJRryKaUKELWCd8FQCpump,52mXWzgdyhTYx5nBPxZEDCUn8RP6oPszZNrtBRiYAsJs,False,117601
7pzSRDSGpgZt217kS6i6FoxWjcmayU58ht5vrLCopump,TSLvdd1pWpHVjahSpsvCXUbgwsL3JAcvokwaKt1eokM,False,821
7qBKePC5SqZKDRNsbNhqD6Y6S8JW2CM3KoRv3ztDpump,,False,1
7qaerHoLQkBp6neMnqHDjWD2aCixHfFVgKKLAPRRpump,TSLvdd1pWpHVjahSpsvCXUbgwsL3JAcvokwaKt1eokM,False,24601
7qntnnfgNmVGsT3Zoq9a7HvLZogYtVYN6YTDzvWmpump,TSLvdd1pWpHVjahSpsvCXUbgwsL3JAcvokwaKt1eokM,False,24601
7qpKH1bkvoZPDGbtmjHa9opCGnzfeycD34iuDrJBpump,,False,1
7rB3DQJoL7CpuKKVTu2SiqfFu2UK3s1woJoeUCwRpump,TSLvdd1pWpHVjahSpsvCXUbgwsL3JAcvokwaKt1eokM,False,136
7rHkp4hUV7UfER7Ng7m6FqKkq5oviFcijsya79tPpump,TSLvdd1pWpHVjahSpsvCXUbgwsL3JAcvokwaKt1eokM,False,544
7rP5JhwfdgmwPVCCo9cDznidYP22PUuHKThJ11U6pump,7g5XdsunYzd1hctpzLaFuQR4w4rDu3CJJvnRkHtXEGci,False,24601
7rRfJ5tdUjFPCWZRyYM7UNnfrpK1dqwzfpMYDknspump,TSLvdd1pWpHVjahSpsvCXUbgwsL3JAcvokwaKt1eokM,False,1
7rVWM6UkrcNPFLQK2MFiyAU5Dy9YHDHcgskuu5ZRpump,TSLvdd1pWpHVjahSpsvCXUbgwsL3JAcvokwaKt1eokM,False,24599
7rdeLkyfmxujFthUNYZM7jWGEKZnT9mkeSGG1c9hpump,EruPyCkAXP5m8zcaeMaG3Sa4dVnngcXpnz9RVtJVzioD,False,1
7rqXPaJQytbAWmcK1bfBEW2CV3Azffo3RLqwvGuKpump,TSLvdd1pWpHVjahSpsvCXUbgwsL3JAcvokwaKt1eokM,False,1
7s1ViE24kV2nAS4r6XBwDa3etPRRg84xNB4ooDazpump,CHqT82a6tc8drbnbsH53hMMhXQMxCQPPCyoLeNe3oAy6,False,3084
7s2E3dvrniSxaPdfx5GF3JKw7ingn14Bpfw9jA76pump,TSLvdd1pWpHVjahSpsvCXUbgwsL3JAcvokwaKt1eokM,False,1
7s8TCGtENGZWDNQ9mvmrFTV9fuqJc4yw3FRZn4Dipump,TSLvdd1pWpHVjahSpsvCXUbgwsL3JAcvokwaKt1eokM,False,854
7sFkV9Naouhm8tws55AKg6uwuuysBSbRRFzWeZmJpump,TSLvdd1pWpHVjahSpsvCXUbgwsL3JAcvokwaKt1eokM,False,1031
7sNg5i7r9RRiQqSJmswKuADsnnhPmRyDZNNjKf5npump,TSLvdd1pWpHVjahSpsvCXUbgwsL3JAcvokwaKt1eokM,False,558
7sXdAgpLBk3zxj6JnCApSWFJr96FXEa5LJM8s14Bpump,EnTxiArTUCaASrnGSzJa9PDumPryhWYMavpetnGqvhx5,False,25101
7sXrZfuKESsQguYstCuYsZQ9yzEhMZgpy4z782F5pump,TSLvdd1pWpHVjahSpsvCXUbgwsL3JAcvokwaKt1eokM,False,1
7sdEd9CBTH8yasfsSeUfVGmzu7ABJomKcBfeyTSCpump,TSLvdd1pWpHVjahSpsvCXUbgwsL3JAcvokwaKt1eokM,False,24599
7sqC7pZMT5UMcxNtpbKN5DTo8cAF7sqyNobSDtVJpump,TSLvdd1pWpHVjahSpsvCXUbgwsL3JAcvokwaKt1eokM,False,822
7t3gRJFjr2qQi6CSz6PcdHKdsbLwgkH21wCnmB5Rpump,2pxyqNbyuoLTYsEmijBCPoqYF4e8U6dwcCHUstmU41g6,False,813
7t5BbCDZVNbME5bkWbeB5wxaDf6h1XMwMcFqaKwipump,TSLvdd1pWpHVjahSpsvCXUbgwsL3JAcvokwaKt1eokM,False,681
7tCyUv7dzfuznX5RPizZxxrmhzXryEJ7jMiFmUF5pump,TSLvdd1pWpHVjahSpsvCXUbgwsL3JAcvokwaKt1eokM,False,888
7tURDeK1VLgQVHwTV3MgrwYorFiBUvqGSAYvGjaSpump,,False,834
7tcjutqibKbNTCWEgP3e32XqZ8SK1iyxqTvx6pSUpump,D7nSLcc6PYAaWnJoL7qTw8jXEC6HneTh4A8NdVU8YftJ,False,1
7teGGyBmrCb8twtbwD6V7xW5DbSrCK1zo4nmGHcYpump,TSLvdd1pWpHVjahSpsvCXUbgwsL3JAcvokwaKt1eokM,False,1
7teKEjSrMZbBzyWYpruCNin7P5KGvttxZcQmpTB1pump,TSLvdd1pWpHVjahSpsvCXUbgwsL3JAcvokwaKt1eokM,False,1343
7tjJLPw8Gf7A9D4VcgC3SYdZuyikgVNUHyGEdCsUpump,TSLvdd1pWpHVjahSpsvCXUbgwsL3JAcvokwaKt1eokM,False,949
7u6WirUYbf3kJdZQoPTCYjgU5rpVg21LuXLKmmCUpump,TSLvdd1pWpHVjahSpsvCXUbgwsL3JAcvokwaKt1eokM,False,15713
7uBPP56neXLhRyT5mWecRbiQNCpb9phqvnQqDf8vpump,TSLvdd1pWpHVjahSpsvCXUbgwsL3JAcvokwaKt1eokM,False,1046
7uJC8azmzGjTQriRnjhzeZjkTDGho6WqL9sixttxpump,TSLvdd1pWpHVjahSpsvCXUbgwsL3JAcvokwaKt1eokM,False,1
7uNsJ439a2x1AnbY1CNNLfdvFTacfDSM6hmBYfidpump,,False,910
7uX9x565mUgNMSmHivVFw1WZx97C86JrADbHwuG9pump,TSLvdd1pWpHVjahSpsvCXUbgwsL3JAcvokwaKt1eokM,False,378
7uZ6t5siKDGUBPcoHcQ4LboEE1MEHuc3qWPgB2zrpump,7HvRpY5K59j7MSPU1NudwJHGKQbY7PZVW1GVXMk7tDoA,False,24601
7uZmU9s76z1ES4LcnsquJ9JRe4thY5Nd9DgXqJqmpump,TSLvdd1pWpHVjahSpsvCXUbgwsL3JAcvokwaKt1eokM,False,674
7utEBE4sDfXkv9snmPJnMY75dkianRmPTRdUR4ibpump,6tEaKQyNTBF5bp5b4pnkizRpfCZtK3on2jtvZ8sv4PoA,False,1
7uwF1fgfatRGSCd75nXSbj6oiU5p9Yn29oM2T624pump,TSLvdd1pWpHVjahSpsvCXUbgwsL3JAcvokwaKt1eokM,False,542
7v6usFEr5qEmHAQ1vdTrgKvgndmbstKrtQKxrU4wpump,,False,24601
7vD2GBSkQ9VyBGaxfAi3xAtUfzBQcaK3uiroPNuJpump,7FoiKXc4aCNcwKFpMwXHQkybmwbw3s9G7VBdjPe9Rh8K,False,24601
7vDJeLVtGZ97uKuSQXx6BNNVn8dHgUqUs5rsK5KNpump,TSLvdd1pWpHVjahSpsvCXUbgwsL3JAcvokwaKt1eokM,False,917
7vFtPUjn7wmsY2NcVyxjNUHiGgRpGudpP5YbH5x1pump,TSLvdd1pWpHVjahSpsvCXUbgwsL3JAcvokwaKt1eokM,False,249
7varXsxzia6s3fh16UbREcVKVvdrwQqLS7vm6ufapump,TSLvdd1pWpHVjahSpsvCXUbgwsL3JAcvokwaKt1eokM,False,1287
7vbxFUMB35X41JNr7JKT85RxEq9X4G6SYSY8nsEupump,B3dxSmro2akNMpMQR2sd8LX29qZGz6tGredJAs9YczGW,False,1
7vgnnnNk8T1JJw1eN5XX5MK8N2DgCk3fg54oQd68pump,TSLvdd1pWpHVjahSpsvCXUbgwsL3JAcvokwaKt1eokM,False,7420
7w5897D6jjE4Hjsz6ZNYsPzWewHYJHBvi8HvSNQEpump,52mXWzgdyhTYx5nBPxZEDCUn8RP6oPszZNrtBRiYAsJs,False,1
7w59dvaYFS7WzZhRSmy3wVUhk1TgLSBG48cFis8pump,BK92SpDw8Tkj6odfwu48cqH7Ps6TQTezcE5hmSYUkKUn,False,22998
7w9DeAjUfFqrbyMQFHSykAtSohveBW8npaWHPeGmpump,TSLvdd1pWpHVjahSpsvCXUbgwsL3JAcvokwaKt1eokM,False,1
7wDC5fGsV6oDwWxTqyL4UmgQYyzMXRo8Vwhip63Npump,TSLvdd1pWpHVjahSpsvCXUbgwsL3JAcvokwaKt1eokM,False,1096
7wGBS29HCU7zpd8wVJpk7R8RGYqjwf6CWq8rqb6upump,TSLvdd1pWpHVjahSpsvCXUbgwsL3JAcvokwaKt1eokM,False,1
7wMJdRNJaoA1EUu8DYNyPdjz9BmJ5eDSbnQCCEtwpump,Gigmq8G4hYcUrSZpwH1UvDoHqrxJZG9gtkJmMDRCW3yL,False,1
7wU4MxJmHN8kvUTf6JEWPSAK55ShWcZDJNmkGkq5pump,8HeDT75s5g4CtCimH5B5nySqCiQhtWii8UnZhxBtFo38,False,24601
7wU64AbsCqQKYqvdGEZsdyLRX3zrtwKdSNw1Ze6Rpump,TSLvdd1pWpHVjahSpsvCXUbgwsL3JAcvokwaKt1eokM,False,41
7wUwkXo8Qjt3cYM8BaHHHeyfDY7ZSn7qvod92pNupump,TSLvdd1pWpHVjahSpsvCXUbgwsL3JAcvokwaKt1eokM,False,5137
7wcgEm7Lm5BmsvMJsNPFjfdYNCUmbavSZQoiGDd2pump,,False,755
7wdAK4YSW58aarNX3wzPpP6AscgqkBtMitdWeUoQpump,TSLvdd1pWpHVjahSpsvCXUbgwsL3JAcvokwaKt1eokM,False,24601
7wr37DaTbLe2qxBb24gEaBL93XRrY2GQoj8GkCVdpump,TSLvdd1pWpHVjahSpsvCXUbgwsL3JAcvokwaKt1eokM,False,1
7wrUhxLa6XNQRBQiJGh6ijfxNLYbXEm1MPKMkzrcpump,TSLvdd1pWpHVjahSpsvCXUbgwsL3JAcvokwaKt1eokM,False,1111
7wyazwytoUR9dF5nLYzhRCyHKFXbS5wasqBjQ7NYpump,TSLvdd1pWpHVjahSpsvCXUbgwsL3JAcvokwaKt1eokM,False,36096
7x7AUYreUWrHicWaYosZKpDjk9YHj3uqryEytvH8pump,TSLvdd1pWpHVjahSpsvCXUbgwsL3JAcvokwaKt1eokM,False,747
7xHG1MFFEBGUej4oKbiPoRoaDwSwTjedCsvvz8y8pump,TSLvdd1pWpHVjahSpsvCXUbgwsL3JAcvokwaKt1eokM,False,658
7xLWR6Tqnog2Ahb7VVr7wz1wseze142mXkvCcF7spump,TSLvdd1pWpHVjahSpsvCXUbgwsL3JAcvokwaKt1eokM,False,1
7xP1LLLqdo7u7u2gSYC4GMtprrrJN6SiCEMvWdBbpump,TSLvdd1pWpHVjahSpsvCXUbgwsL3JAcvokwaKt1eokM,False,24599
7xQbj5mPXopEbqUpxpZ2kgUrVz5NAxXy4taiwokbpump,TSLvdd1pWpHVjahSpsvCXUbgwsL3JAcvokwaKt1eokM,False,1070
7xY1wifEGKdxVVb75iMfDTpc6qye4yYJ7LHZxt5Vpump,TSLvdd1pWpHVjahSpsvCXUbgwsL3JAcvokwaKt1eokM,False,24601
7xn2T1x7xw5quHmzy2YvFWyFUNwp75fsw5bxiXGRpump,TSLvdd1pWpHVjahSpsvCXUbgwsL3JAcvokwaKt1eokM,False,2001
7y5LU25nzW1w9C1gwfZgvxxMMEUG9etegrc7XFNapump,58vzwEPgTEmTVHmRisNFHoEVJFo3CLh1u5wBoVT4h2rZ,False,24601
7y5RDq2FAg4FQyetb6RKGHad3fYhDcT6Jbhj4QR5pump,TSLvdd1pWpHVjahSpsvCXUbgwsL3JAcvokwaKt1eokM,False,912
7yFKTJSiNHkZzAZJqPmZoDsMzgmvgQghT1ZMDryrpump,TSLvdd1pWpHVjahSpsvCXUbgwsL3JAcvokwaKt1eokM,False,1
7yNoQoXhqrgMvxykTHAtwEY1fC5aL8ZyuUaBnEs9pump,FTpFTiyxM37n8hFy9EgRYBnDY3WhwAqsJFe71z5Ler87,False,24601
7yQJ7wRga82XPS4SxtL1QhDaYPPcfL3B6EAyXogfpump,TSLvdd1pWpHVjahSpsvCXUbgwsL3JAcvokwaKt1eokM,False,1
7ySPRztwxzQZXwVqn3dQCFUWusdJ8Z2QQWsHD2VHpump,TSLvdd1pWpHVjahSpsvCXUbgwsL3JAcvokwaKt1eokM,False,828
7yUvWghicy7TZoZ5SavuSU7wwDUVeTfUwWDzdBtYpump,TSLvdd1pWpHVjahSpsvCXUbgwsL3JAcvokwaKt1eokM,False,1114
7yb7ejK1ci7XdUduVrmepARyzc1m87gcKk3wRTiXpump,F43UqgJc3YXmSWeYELW4Jg6XQxdQu2wgmizEe2pgUmK3,False,937
7ybKUMNTuK9it2mFd7y5P4RMk7dUU3EqSffRm24Vpump,TSLvdd1pWpHVjahSpsvCXUbgwsL3JAcvokwaKt1eokM,False,1
7yeADPH2zc8yoQFcK6ef4VtCPwT9X4Mk712bHn2Hpump,TSLvdd1pWpHVjahSpsvCXUbgwsL3JAcvokwaKt1eokM,False,1226
7z7KPxafRcdbdNXoxNmHTwc5zWT6DueMtdk6b4Yfpump,,False,2926
7zLjCqQ8Kx2WagRQGdd6isjVd86jQAa2y5CBLoTgpump,6zJuukYQzFW9QC9w55LjawrYidPnD8J2EEa4XQcp8JCK,False,24601
7zPMRdDbs9nEHtRdJvNFTwaYnw6N8h6N9Vges5Qrpump,,False,8
7zaQb3Sqpisqw3JZnUT5qnx7PWCwGcVPK84goy5vpump,TSLvdd1pWpHVjahSpsvCXUbgwsL3JAcvokwaKt1eokM,False,4
7zc6yHqPhHsXs6zKYTT2XkovP7i6KuD2Hbf6k59ypump,35jeBXd5GNiUwzn4Wj8HUWfpsNWt1d1dNeRKVpQ3aeSF,False,24601
7zcW8UQ7UzwsXChwd35PPovibjzexcGE4Bd6N9bgpump,TSLvdd1pWpHVjahSpsvCXUbgwsL3JAcvokwaKt1eokM,False,1240
7zmAetMBCV8sGdPsGbXHM74pnnkrMoPNJAkGS3HZpump,TSLvdd1pWpHVjahSpsvCXUbgwsL3JAcvokwaKt1eokM,False,24599
7zrz3AgKDNQ6TxsfTSFU26NKjoRhFFHbPdkqhbhFpump,5Th9w12qqJkZBBV9uBy26egZQ9mjBWGJo68few3o9tCG,False,1308
817BRVsKCsMMPMKzvNardXUXaHQtuboQmNQfMBwPpump,TSLvdd1pWpHVjahSpsvCXUbgwsL3JAcvokwaKt1eokM,False,1042
81SJ6vAWCMehUhFeiJjqER48dkiNcRwE7767TPaWpump,7gPxgafJLVnrfuzfQ48ufHVgxtNJxEaefJBrNLD1LH4x,False,24601
81X9vLkoWRpKqdTpG8zGim7V3nP6x5dKovH2njWmpump,TSLvdd1pWpHVjahSpsvCXUbgwsL3JAcvokwaKt1eokM,False,410
81dYjhk2BqTGBhRD2jUQb3tFccAVnvfajNBVd4HHpump,9tUWpcP5yHFxoEsCi4Jf38fMr7NdZHveFTLbyn3XUGXp,False,24601
81obpq7GqEXTiyKbHJw6BuEvffrbhqx6v8nsZy3opump,5ZvAWqRHZoBZGvJF361NirFFqYY16Fh4AckNapbDXpgr,False,24579
81pL2NdU4rDomY4xB6MWrzr3UcTotuPUk5Xxqfh4pump,TSLvdd1pWpHVjahSpsvCXUbgwsL3JAcvokwaKt1eokM,False,1
81rAqVMUAEXwgzPhZbn3BuJmuKBDM8WMHutHiRbPpump,TSLvdd1pWpHVjahSpsvCXUbgwsL3JAcvokwaKt1eokM,False,940
81u251ZH4NCUe2h2ob8N2WE2cqUjnR5bybEXhMH5pump,TSLvdd1pWpHVjahSpsvCXUbgwsL3JAcvokwaKt1eokM,False,1096
823Yd6oHQRvow8duH8P9RPuAVaurZLsHu4gxW54Dpump,TSLvdd1pWpHVjahSpsvCXUbgwsL3JAcvokwaKt1eokM,False,931
826MSR3ktVG778xjiEUTCLg3wf8XvKjPFST5nhMapump,TSLvdd1pWpHVjahSpsvCXUbgwsL3JAcvokwaKt1eokM,False,736
82QjqWG4Fyk2FGQF8j1qzKRdr6416J6KLWtmeWbSpump,TSLvdd1pWpHVjahSpsvCXUbgwsL3JAcvokwaKt1eokM,False,1
82Rc22mnyHrmBGwj15rhYhFzVrU3bgFkjNtV3iHjpump,TSLvdd1pWpHVjahSpsvCXUbgwsL3JAcvokwaKt1eokM,False,1
82SP62Q6VL8Tuy5akaNVicvfJVgwDtjL7JqyBhcKpump,TSLvdd1pWpHVjahSpsvCXUbgwsL3JAcvokwaKt1eokM,False,1
82Ty8igUoYq54rh2ftJFmhLeiQ3cwYn1QqUpsHakpump,TSLvdd1pWpHVjahSpsvCXUbgwsL3JAcvokwaKt1eokM,False,24599
82YuiGYAjRKuyRDVLXwe7DfEwd8uX6YAjDryvwq1pump,TSLvdd1pWpHVjahSpsvCXUbgwsL3JAcvokwaKt1eokM,False,757
82jE2mJaHvkUruxzkkyiVFSs2qWeHengLv6Qmycmpump,TSLvdd1pWpHVjahSpsvCXUbgwsL3JAcvokwaKt1eokM,False,1
82jzhnSQCancVCCxta8psYEcwHgosmXdv9kPhtGzpump,TSLvdd1pWpHVjahSpsvCXUbgwsL3JAcvokwaKt1eokM,False,988
82qt3HNBkvqpo46FYcBcHXNnUf3tMq6GNBkoARt3pump,TSLvdd1pWpHVjahSpsvCXUbgwsL3JAcvokwaKt1eokM,False,2502
82whKEfFHDZVwfzFGtiTRCPWbHryp2vzrrVeHXWopump,9ZmtanZo1xKHeNZny6E3wxRqWrvFENXAKaWZ4PgJYewr,False,24594
82zJt2MhzxHejfUDyubm8Qvhko6BGdgUcZnVZvKrpump,TSLvdd1pWpHVjahSpsvCXUbgwsL3JAcvokwaKt1eokM,False,1
83FxLvKaRaCSTvF6wMLKds7GayxMvAVrgVRGZ4AFpump,DSyzNxTYYDrhrjgL4SmpV14FmFhjZ4K6uwMAMuUWcup2,False,24599
83TGR7FaLQbLPew4vpgMUgNkDEhNthye6NF7tydDpump,TSLvdd1pWpHVjahSpsvCXUbgwsL3JAcvokwaKt1eokM,False,1
83ZGHLc2FMN817dPTo8VbTCQiMic6gfYzc9hhfKdpump,H2YVfRWuxik21JbHXZraHwm4fWDLVoQusXB7ECPKF8h4,False,24601
83aKwkmBGcatyL59psts2eDu1uzDZ7daQNbvnBedpump,2Mkv7yc8DDTVHVjcKLnpvzBXPow1KzHTEgwhZry3XP1r,False,24601
83f4Sfv96pi3jBTzDpEWBqD8L42UXd2Kjo658T3epump,TSLvdd1pWpHVjahSpsvCXUbgwsL3JAcvokwaKt1eokM,False,24601
83sjxMqcV9ynx4sSEjwL3NqNB7AoyiQLqdnuNHFXpump,TSLvdd1pWpHVjahSpsvCXUbgwsL3JAcvokwaKt1eokM,False,1
842FK7G2wxFDgNToxFXFETizmNMJTfKrrJ2kUP6qpump,TSLvdd1pWpHVjahSpsvCXUbgwsL3JAcvokwaKt1eokM,False,1
8465iACTghSR2aEweXS2i4idgCrHmFTVen2kcmfPpump,TSLvdd1pWpHVjahSpsvCXUbgwsL3JAcvokwaKt1eokM,False,1
84Nw2dB5f4FvkwEEDkGJgH7Hg4UPjF5crZTcrrbBpump,2oS7ZCSkHCPDSw58yiqH9E5f5i46G5WzptrQEp81bgFr,False,3100
84UfSNQ52oHvU2xuCtQ5sn6V46BKQiXjyatt33wGpump,TSLvdd1pWpHVjahSpsvCXUbgwsL3JAcvokwaKt1eokM,False,1
84gd5BJHFv23ThE21cmh3xKZD74PbVU1PX5iZG8vpump,8ugYDBmK6Lsdy5H6FpzASx22abUC7rzdJXKZvgivz75c,False,2001
84gwenoTSAYvnepRnd15VzQsuWYcoi3RW3kjx2gepump,TSLvdd1pWpHVjahSpsvCXUbgwsL3JAcvokwaKt1eokM,False,25101
84iLy84EjHyZLCkejaFjtsFFqbkB1vWwa6haQshNpump,TSLvdd1pWpHVjahSpsvCXUbgwsL3JAcvokwaKt1eokM,False,804
84jSNghit6KExtmCiAyjSGpLYfFacxCHaaqw6s1Zpump,Aczxcj7EimiS2r5w7yjec7uC6YaSVWGGKp8K8HBWAzrJ,False,24580
84tyNa6989vRCKuS3fWV5WjpUzhqDghMxiBSg8Tgpump,TSLvdd1pWpHVjahSpsvCXUbgwsL3JAcvokwaKt1eokM,False,1258
84zPRST14Nna469aVpBURErAZc4wEPKB1jHKY4epump,3YgLmhUevhe6yLes5Z4oj9FzdZctt9n7kSjgX7s81fCd,False,24137
853YSecyubMjVdw8x2AZtgmMyqG6PeSNgzvnPsPBpump,H3WSHm31PLehz2jRy1fHGE8NsJ7qk1XbCZt4Y9V641Ur,False,1
855JHN6BdvYhC1zK8Mchg2Ny3r9zKDxPVLGRYJetpump,FNGXfA5yFfVPFqw6UHaJqft3oNFNnkxPZdSdoUqjWrMj,False,24601
858TR9Ag1gUcVQjMajoheo8Lv6HTA4Tktcm6RJiQpump,TSLvdd1pWpHVjahSpsvCXUbgwsL3JAcvokwaKt1eokM,False,1275
85T9uzQ2vkb6Rn6bBq6su6WuUBD7JvKcrS2r87SDpump,TSLvdd1pWpHVjahSpsvCXUbgwsL3JAcvokwaKt1eokM,False,1
85r16FhTxvjDEbPs5mY8cYUMFHcgBsWrNUHxHsN2pump,TSLvdd1pWpHVjahSpsvCXUbgwsL3JAcvokwaKt1eokM,False,24601
85uEGEZEKV6nAsfn9do762SWwN73tBqNXbaK8gPDpump,HbRGnPB99TE3x1QHMuu6wnb2LbibBkhgkdotL6MAEwUu,False,1289
85y19AmkRFYMEKtSWQi5oWWixbNDy5rteHoFdbHYpump,2og6TTUaGvN9QwHwM8wYtNspx9Jug9CcdnQ4tt4A3hQG,False,1
86DTwX1M7xt4HnDZNuVUXyMLTsdGKFwuLyLBpTpBpump,TSLvdd1pWpHVjahSpsvCXUbgwsL3JAcvokwaKt1eokM,False,584
86FMngwijeQhTGfSZqj1rNkKVsmS7uXJ3y13qqDupump,,False,1
86KhJUvXLKBWrcvSMT5P7NC3vUUQ3KSh5V2jyL69pump,TSLvdd1pWpHVjahSpsvCXUbgwsL3JAcvokwaKt1eokM,False,1079
86L3aUE8Mh2gwQTHw8ZTd3scs2Ln4gfhWA7fRKsFpump,TSLvdd1pWpHVjahSpsvCXUbgwsL3JAcvokwaKt1eokM,False,1218
86P2U88Xz3F215XhRrSBxQEEV7L5aUz4kgU7SvXFpump,TSLvdd1pWpHVjahSpsvCXUbgwsL3JAcvokwaKt1eokM,False,924
86UnR2QNZLm4oscgJTdfwK3zNHr7LiS3cSZuGtzypump,TSLvdd1pWpHVjahSpsvCXUbgwsL3JAcvokwaKt1eokM,False,1150
86qE5dLrWwFoVLMsNgjUX3iTeohdEa3pvr8G8BLppump,TSLvdd1pWpHVjahSpsvCXUbgwsL3JAcvokwaKt1eokM,False,1000
87L6q4cArPNHFLsuzMD6J8j6jDVo2fcbdq8BD4yupump,TSLvdd1pWpHVjahSpsvCXUbgwsL3JAcvokwaKt1eokM,False,534
87VAKzvjPtiQ22Xj1J9xuqoA3jSKDogfgSSjmKrkpump,E2oZyxs39hFGBPbmZVEk6UnRH7LNzqXEcyMdG5CsFZiN,False,1
87hwoyaGKUFmbRpVADgyW8qL3tXuL6sZXpnUScWupump,TSLvdd1pWpHVjahSpsvCXUbgwsL3JAcvokwaKt1eokM,False,1265
87w8kTUBJRxrs1BB8bQF1WEh3QFpdZA4dap2vUDUpump,TSLvdd1pWpHVjahSpsvCXUbgwsL3JAcvokwaKt1eokM,False,593
87zEa4xdKjhs1oaA7inabHaX9QZEKu4LJmrofVCcpump,TSLvdd1pWpHVjahSpsvCXUbgwsL3JAcvokwaKt1eokM,False,24601
884mU8Nhhy5NdRT8UHkkawdzLBa2sdm4fry7v6nTpump,TSLvdd1pWpHVjahSpsvCXUbgwsL3JAcvokwaKt1eokM,False,1310
887tnctUgSxTxTGcdVMYbNEvmq4DrjUHZNHFwqnRpump,TSLvdd1pWpHVjahSpsvCXUbgwsL3JAcvokwaKt1eokM,False,1
887uMPSQJf9QDNgXVZBG31sY1JifhsWQ4iSTHXZwpump,TSLvdd1pWpHVjahSpsvCXUbgwsL3JAcvokwaKt1eokM,False,852
88DKgtykLGvzAMGx44mdgUTxNUosovxNjHfZyxc5pump,GvNHAzrSDKohRYbFo84wvDkKid6ckbUS4AmZczseibQ6,False,24600
88Hy4BntcWRkmrLWEXbjk5fr1mnxoMnhZhR19uVHpump,TSLvdd1pWpHVjahSpsvCXUbgwsL3JAcvokwaKt1eokM,False,681
88LJgtPootkSfkAQmrNz6htNLuypoNxzCC5NQc2Spump,TSLvdd1pWpHVjahSpsvCXUbgwsL3JAcvokwaKt1eokM,False,36059
88c1GJ52aeaTZVRhtx1vedtqtkLg1XBnNK847U7dpump,TSLvdd1pWpHVjahSpsvCXUbgwsL3JAcvokwaKt1eokM,False,24601
88edezkEi41oyFpi1RXbuEqNez2RSQgdGmr3FsQBpump,TSLvdd1pWpHVjahSpsvCXUbgwsL3JAcvokwaKt1eokM,False,891
88tSXRzkSyHwRVJG1KEa86bg5VNzAfbHc2TPgKz3pump,TSLvdd1pWpHVjahSpsvCXUbgwsL3JAcvokwaKt1eokM,False,35916
88wq51PwE2uc85iK8FkCFt2PdVNst7Nq5edAkzXrpump,TSLvdd1pWpHVjahSpsvCXUbgwsL3JAcvokwaKt1eokM,False,24600
89A6y6BggkFQ7Vk3HqSGDbvaWizungmwraD6kpfBpump,TSLvdd1pWpHVjahSpsvCXUbgwsL3JAcvokwaKt1eokM,False,1
89LTFGMXoNwREBf3hzFuFzw1JqiLR14fYNvnEFfFpump,TSLvdd1pWpHVjahSpsvCXUbgwsL3JAcvokwaKt1eokM,False,1
89SDvBNx6msHBKwGzfvSe5qDuBwfodQD4kQrg2M1pump,TSLvdd1pWpHVjahSpsvCXUbgwsL3JAcvokwaKt1eokM,False,1
89VoH6kGA9sqEJP6T42V34gq3i7mpiVB5UsDDT1Vpump,TSLvdd1pWpHVjahSpsvCXUbgwsL3JAcvokwaKt1eokM,False,426
89h9wEZCSLncAEZEU5oc3HnBt9F8k628NqznCnDwpump,22dxDn21No6vsG9Nw9evJKFUDzEsfyBaqpKBtetThN1Z,False,24598
89k2bhBdjP1bpndJR6QCpRuYw5RM288Xdve8AHTvpump,FKyPCbVHJm88dze7d964xXkfyCyBF7CFN3jcsxjkXsRh,False,24601
89ruCQ1yKRs4GZDvCKceSaVx8VZpUC3wT7P1mwwSpump,87v8tKff6Na569MMWGz5t5rewQGFzkxLnCaMavUVCwQm,False,3079
89vSFaSruitekJvYMTQqoZPpgzzGLKduBJjQ3nGvpump,TSLvdd1pWpHVjahSpsvCXUbgwsL3JAcvokwaKt1eokM,False,24601
89yPE2pLfJwNYzBUnC7ZGr9SxfDFEyHUoNc8z868pump,HAAKYyrN5spuu3JMGCc1jPNyWLAkWjZWWFvRZxtxdAUy,False,24601
89zuXtRXt1gApAaJrk6kyrj1STBmxyGLLyyJ84w6pump,TSLvdd1pWpHVjahSpsvCXUbgwsL3JAcvokwaKt1eokM,False,1030
8A2X1TxVvXaDUTZFHpA28Bb6SozARtuURYmWVYCCpump,7Y3NcTDeKdM2yZ2muKP7yciivMgS7QR8zErrzDnkuRe8,False,24601
8A2a91yjUvx2avHRMruQtsrLiTX6WuNeVyTXuW3Gpump,FUqsGmRDUbWAjRBudwwYc1XSAiCNt96wNs6c2J5TUJjg,False,3086
8A8VqoXgYYY4t7vZxz9bFkqy4M5HkiouTq84abKqpump,,False,24601
8AKumw3aFE2p9aY4pe35dbiE3uQPBmV9vGKFaDp2pump,52mXWzgdyhTYx5nBPxZEDCUn8RP6oPszZNrtBRiYAsJs,False,117601
8ANPJgPfM8JiVUGLCUG2VK2a6nLkTYXQr1qb4FHBpump,TSLvdd1pWpHVjahSpsvCXUbgwsL3JAcvokwaKt1eokM,False,1
8AS9yeGsAwvTs9gCDKMmB2MgX8NiSvv4uppH61yqpump,TSLvdd1pWpHVjahSpsvCXUbgwsL3JAcvokwaKt1eokM,False,1
8AoWUUc7Kxc7mRfSCTbN4LtsbJ5gysWXbY3UVhoEpump,TSLvdd1pWpHVjahSpsvCXUbgwsL3JAcvokwaKt1eokM,False,1
8B9bkG2FanMCVpxxMsUREqokGmnJQeYcKMoEXt7Kpump,,False,334
8Bn864F5AkghQVLxthwUz9N4HbLgYf7Ei7VSY9Fipump,TSLvdd1pWpHVjahSpsvCXUbgwsL3JAcvokwaKt1eokM,False,1
8C3sRWnqToyjM7enYzatQBf1eyUbiGqHueXT8E7opump,TSLvdd1pWpHVjahSpsvCXUbgwsL3JAcvokwaKt1eokM,False,831
8C5wsKz682s8ByYLxVpY8J3GHSAHTsT4fJPfT97Npump,TSLvdd1pWpHVjahSpsvCXUbgwsL3JAcvokwaKt1eokM,False,1
8C86ehaJGfYQzhFqgAEJkNMYvKs6SeFkovnYSyAppump,256QCtiG6idMxV2cWyGmjcu5sSqYWtzggTZd6pPpCXvk,False,24600
8C8dDCN2XLuGC8ydP4y9SEhrRcTKZEAdPjwpNQ8Mpump,TSLvdd1pWpHVjahSpsvCXUbgwsL3JAcvokwaKt1eokM,False,1
8CG1iMWWbfddko4iV6zt5cWNcxs4KSXNWeZ6162mpump,6wdwwES8RqjVaaskzAA5AzqkA9RWENGmjrWUqJerbxFM,False,24601
8CJqru4XL2y9eZ1nN6MTeEiN31E9649bmb1DMemupump,TSLvdd1pWpHVjahSpsvCXUbgwsL3JAcvokwaKt1eokM,False,1
8CVbQxskfGQqRCtp3Am32KGkbwsL9RspmJJt17rypump,TSLvdd1pWpHVjahSpsvCXUbgwsL3JAcvokwaKt1eokM,False,24601
8CkqrS1qJPND3ezyQM1DvreE9LSyacoYPzNHdMiSpump,PTSh1Gzc3ULJtCy1piYyxRd5Gif8aGit7p8TELKtz3J,False,447
8CoVCfTdNTKLM2dTt8nuYo3ZVfNAXYn3u5JDAH7Bpump,TSLvdd1pWpHVjahSpsvCXUbgwsL3JAcvokwaKt1eokM,False,24601
8D7E9CkQTkneHQpRqh2U8RBTcSHYadq24zRZ1JkApump,,False,24600
8DJFdAgWWVgTs3vurYyjVhCPZ6TEeiR3KjC18DaSpump,TSLvdd1pWpHVjahSpsvCXUbgwsL3JAcvokwaKt1eokM,False,1
8DdAmMGHWkZDsHCyac8kGmmtfYhhzdMQxyuqQdNMpump,v9VNXxwAG5tPvthfYujrVUGxLMzbruQPwyGipSWqete,False,1
8E8ABwh52jx8nfmREyRJhPXUMiF1Z41mv7HwvwUdpump,BuHpQAP823NCffUHpZevE3MBcqghNy5PCTK6MTfiErGr,False,23405
8EBLZwYjs3emXqrjeDt2JHzYvUvEDtBx69DoD8F1pump,FDHSRCcYDFPpNoJwDbm62Ss2et63QSbaVyMiGJof6gKJ,False,262
8EF2XnXdhiMS46zkUvKcPwYyPB8RR9xNvL1TrcZDpump,TSLvdd1pWpHVjahSpsvCXUbgwsL3JAcvokwaKt1eokM,False,24601
8EGvU9isbZa9CNXPsNSAJArZsk5r6V1g3fjA79uxpump,,False,1250
8EQeemcUppYMH1T4JQSh4UNE6DLhJZV7ap6Y7k38pump,TSLvdd1pWpHVjahSpsvCXUbgwsL3JAcvokwaKt1eokM,False,223
8EbAyAyKvZdmN7nFHXE6gKMnoxBnPBvpRHE7xfGppump,TSLvdd1pWpHVjahSpsvCXUbgwsL3JAcvokwaKt1eokM,False,24601
8EcZQxpd4mUH6kdfrrUjzoqzqRoHpDYsE4xM7Mvopump,3xYLXznzC9QZexq4LTXtjUJGYYMbC3whgJ1WbGPsg9Ud,False,2501
8Eesb1HpC9D8cZqMV8W1sz9jxvc1n4y6ha2KwHEUpump,,False,858
8EhBnXiGBP284kfZfiWrQUqX1WJhohGDxytA2uDhpump,TSLvdd1pWpHVjahSpsvCXUbgwsL3JAcvokwaKt1eokM,False,858
8Enq25PySVYb2JaypU5f83fz6QQoiz3CSNY2MZArpump,TSLvdd1pWpHVjahSpsvCXUbgwsL3JAcvokwaKt1eokM,False,1252
8EqghJVSALugqbBXhJpYezjwQwf8s1GEwUuBieoopump,EGuWMpT423XXwxtSooPNeJik6svNRWM9EHufuBPvdv3Y,False,24601
8EykU1yooRwFVWHryP7hskb4w4uZDppeRRzFhkjMpump,AxiBsTiFfGuLdqtBuDkru29R9VzTMoE52SR1D8gRaHjh,False,24597
8F33gyzohfDS6a8mfY2sF1GkrX8T37H51CkxKwsqpump,BiMyqpZCTXYUegtJEMK1trok6aM4D2g8p9pymvDqeDTh,False,26601
8F3r15FB3d48UWTG6A9hgCmH2XKxdV9iZYZW9zGwpump,TSLvdd1pWpHVjahSpsvCXUbgwsL3JAcvokwaKt1eokM,False,14500
8FDs8a31n7iVY8fAY1eFR2k2Zpq7bjRFV1xiMtQzpump,TSLvdd1pWpHVjahSpsvCXUbgwsL3JAcvokwaKt1eokM,False,743
8FKpWbY79BYyE9zhD5DFQYYHtxTDvX1WH8DfNm9Hpump,TSLvdd1pWpHVjahSpsvCXUbgwsL3JAcvokwaKt1eokM,False,384
8FWbU3kgRLC4J4eEMVr1nAjsFGXsnwfwmD8PZfipump,TSLvdd1pWpHVjahSpsvCXUbgwsL3JAcvokwaKt1eokM,False,1219
8GQnRnsNfauuaDtnxa1iAc3UgaLC2ePTHpqvHwr4pump,8gM4gnxdLdkvifM9TCwkGAxrnNw4NiSiHbAdE1RqY96e,False,2001
8GaTmgsXibjyYiKN1XHuNzn84PKY7Ei4oUewGdPzpump,TSLvdd1pWpHVjahSpsvCXUbgwsL3JAcvokwaKt1eokM,False,335
8GfUC46VsCGBfEKrWdNg6uxp3FBP7hCGFH9sDNNupump,TSLvdd1pWpHVjahSpsvCXUbgwsL3JAcvokwaKt1eokM,False,24599
8GhEKazb15obAJBTv1DpXwuQDta28ghTMbvsjaFHpump,4mMZSnudnAzFCEyey1rRL8dCSjGZnTnj817HpMHJ97nm,False,24601
8Gzt96hA6Q2QPEVpB7zJqt32XWGFUY4bs4FU4tjdpump,TSLvdd1pWpHVjahSpsvCXUbgwsL3JAcvokwaKt1eokM,False,701
8H9EMox9QXeh4Y1sbf5kN67L7bX6rTkjUqsiU627pump,TSLvdd1pWpHVjahSpsvCXUbgwsL3JAcvokwaKt1eokM,False,1182
8HEtX62ga2HEGLFukShzT76o5Lp78mxtBKUySsfapump,,False,779
8HJGesBQbwkVEqL9F3ERnoSj5gpfD6Bh8z8a5BR8pump,TSLvdd1pWpHVjahSpsvCXUbgwsL3JAcvokwaKt1eokM,False,1113
8HQxrVJkRSDz6D7QFr5PxQwWmgQjcxE4hwJfEg4opump,HWJ3aPHgBn5Jir9ppSPVt6fv9i93u6wGLVmsjYDniMtk,False,540
8HXGSf7jux4Ss3xf955HffhEzCJWpDN47RMKM5XYpump,TSLvdd1pWpHVjahSpsvCXUbgwsL3JAcvokwaKt1eokM,False,289
8HYyFGJWTf3J5uv7NRCaUJMVFfKjxsCXZJDrwjJdpump,784z7XX7FhzG6DBtCMeLwjw1sTNUex78K8YJx3PqGa2T,False,1095
8HfFvgutvKBjdbTqm8h6qZ2VSJ3TxwrZxHT3m34Cpump,TSLvdd1pWpHVjahSpsvCXUbgwsL3JAcvokwaKt1eokM,False,1
8HtfJc49kCpR8JtPJktBeniQVxBoi2L6Y7tWRafHpump,TSLvdd1pWpHVjahSpsvCXUbgwsL3JAcvokwaKt1eokM,False,1205
8HvjPKnCPaCXxQD4gBR4AtJWvsXhA7FRiSFGkuGkpump,TSLvdd1pWpHVjahSpsvCXUbgwsL3JAcvokwaKt1eokM,False,26600
8J8Qk7vT51ocArEzsjqD5yiEWgMqjKBf6d1P5RmWpump,TSLvdd1pWpHVjahSpsvCXUbgwsL3JAcvokwaKt1eokM,False,1031
8JEo82gbnGwQre494d4rqP7R5NNvpmq7YiuiKDdupump,,False,1089
8JMf6Wkq6eFziBJTACLduZd9CiPCX6FX6tzLNSifpump,TSLvdd1pWpHVjahSpsvCXUbgwsL3JAcvokwaKt1eokM,False,337
8JT3enHmQKzn1VguHYoHGrDSvDrqHVkYZBwGCiNGpump,TSLvdd1pWpHVjahSpsvCXUbgwsL3JAcvokwaKt1eokM,False,541
8JYjoQKyW1kaTJQGvVxThWbWz77cg3FFE3geusaTpump,TSLvdd1pWpHVjahSpsvCXUbgwsL3JAcvokwaKt1eokM,False,24549
8JrsqS5H7gcCKZghFFT4D6KMwojeZebt85E5t3KKpump,TSLvdd1pWpHVjahSpsvCXUbgwsL3JAcvokwaKt1eokM,False,1263
8K5TdqGkPJeXAA7768oJxmgAef2khz9NiGnD8mxdpump,BW4jnktmRiPEkJM5GMrnRRPxLXkrjvyE4r9VS6ayzNe8,False,24577
8K7znWtNbwpnug7dJMxaeKFNy2Qi6aZeDXqXWqr1pump,AicFZCA1rCvNLNb2MHQVgSzFSKqSESYpPV6H7Y7auSLQ,False,24601
8KDsEUE3NdafcCVPqKrMrPfqh3oT4FzcxsYjwbMqpump,TSLvdd1pWpHVjahSpsvCXUbgwsL3JAcvokwaKt1eokM,False,1
8KHFGoFke7Xp3HR3MMeQnJtFDfusTDyczDumaFpjpump,TSLvdd1pWpHVjahSpsvCXUbgwsL3JAcvokwaKt1eokM,False,1489
8KLTCvVTobeFumMJUTM2q9VoddW913NbpnB4DEi4pump,TSLvdd1pWpHVjahSpsvCXUbgwsL3JAcvokwaKt1eokM,False,1221
8KY5mwW2paUREpzQxWtp116avA5XweVsrX7q9uWBpump,Mq45XUH8TQv7hAsJRrZ8nptDNAVGYL4bcqJXuFuwo9H,False,24601
8KgcGePh4yb6jrafy6FRzYBbuCRche8nQxeBdPXdpump,TSLvdd1pWpHVjahSpsvCXUbgwsL3JAcvokwaKt1eokM,False,1187
8Khc6WsYe7psBKMA7vbSVQ68oa4qrKa6hPdccKQpump,TSLvdd1pWpHVjahSpsvCXUbgwsL3JAcvokwaKt1eokM,False,649
8Krg5nPpSeQgE1ropSHePfr7SNEQBFYCzgPEX6ZZpump,3fJ8cmN3owcqrRdzizNAKLxjAUHTfE2gHy8NDCijHAEU,False,24601
8Ktk4DYwsM6ZH733wE9meYNSTdnAszzswiAZQxugpump,TSLvdd1pWpHVjahSpsvCXUbgwsL3JAcvokwaKt1eokM,False,1164
8L7eHjzRJzoe3RKFLkDuW8y4gKVUXrZ8cZzk74S8pump,TSLvdd1pWpHVjahSpsvCXUbgwsL3JAcvokwaKt1eokM,False,833
8LCnEr1PLEFdQj77fk7yMEh4zQSRd866YuKKK8eqpump,5U6WNR5ZvpmNnvqEuULfWB55eBG8G6UvBacCxZkoP6QX,False,24601
8LRZGbQjvZdtv4BHLxZraK41Fevds2B3MhdU3PMBpump,TSLvdd1pWpHVjahSpsvCXUbgwsL3JAcvokwaKt1eokM,False,949
8LVGTQwYiEReyLJSrh1Wb9CxAHoy3dLZ7gBy5Fmtpump,TSLvdd1pWpHVjahSpsvCXUbgwsL3JAcvokwaKt1eokM,False,1120
8LbAiTyJsqo2Ngupi8bMMmbss43wnwd4QuZG5iRzpump,TSLvdd1pWpHVjahSpsvCXUbgwsL3JAcvokwaKt1eokM,False,24600
8LqMCs9CAHu86by2CQhQVoeRQWKdL2J8XfK4A1ghpump,TSLvdd1pWpHVjahSpsvCXUbgwsL3JAcvokwaKt1eokM,False,935
8Lqgcs9hhbu49iwwFReDhNWQVJfnENpG4JGx9Afvpump,TSLvdd1pWpHVjahSpsvCXUbgwsL3JAcvokwaKt1eokM,False,1
8LvBqPF9m9QT1TUxBXGvRxR4xTFdwuWqtuYw3ZSBpump,TSLvdd1pWpHVjahSpsvCXUbgwsL3JAcvokwaKt1eokM,False,217
8M14kbDuqjupYktJxLaHn52TTyYJyXDoTJAbpSAXpump,,False,24601
8MWsKSJZaobhBYsmZsVKgQwfDswm6GaXok29XJA8pump,TSLvdd1pWpHVjahSpsvCXUbgwsL3JAcvokwaKt1eokM,False,1298
8Map1BFq6gBwEa12iTat1a171jPff8SQfHxxpYrzpump,TSLvdd1pWpHVjahSpsvCXUbgwsL3JAcvokwaKt1eokM,False,1056
8Mer4odYQuFbwpqnMqdFMgHVbSyst7d7tNHQX5mEpump,TSLvdd1pWpHVjahSpsvCXUbgwsL3JAcvokwaKt1eokM,False,1189
8MtxgaMuGvqAsYcLpPLBhYdRaCVEtVuoWU1w7tN9pump,GvJ1gwGbsvXTVjrtCYqMSfhqFtZfcanyjMhwMzf2EQAX,False,2979
8NBpJwduHowes2ryCJyZHF9Lh8UrDenAYE2B6QAApump,8skMe6EhtgaRgvpV9dr1fzGbzgCQEMM5mcFDc7bpLK6N,False,24601
8NCirckdDyajtaA6BJ5a17CvaxbKx1PtpPYh9acApump,7nS5bqb65pRUCxwxAxQFEjYXwPrZadKJRvpQD7pnxLtH,False,97915
8NH3AfwkizHmbVd83SSxc2YbsFmFL4m2BeepvL6upump,TSLvdd1pWpHVjahSpsvCXUbgwsL3JAcvokwaKt1eokM,False,1
8NU78gfQYTByNTD3xjU4pespz62nk2vgcsPuBCAvpump,TSLvdd1pWpHVjahSpsvCXUbgwsL3JAcvokwaKt1eokM,False,1313
8NfqNuQAX8a1HqxPJT4sp2iVzT2T8sGnNezqgDjupump,TSLvdd1pWpHVjahSpsvCXUbgwsL3JAcvokwaKt1eokM,False,519
8NgzjYGYQmtsBryuXFJakfSsA6xmdmf9YgbA5v7cpump,TSLvdd1pWpHVjahSpsvCXUbgwsL3JAcvokwaKt1eokM,False,24601
8NxTWCmbJGZ1PWcaKkJeYSyi1pZUo7KbLiPJaZ4Wpump,TSLvdd1pWpHVjahSpsvCXUbgwsL3JAcvokwaKt1eokM,False,1300
8PFWyg1QrpjDWiC6SgzsRDZ5w7VtwFFFy9NWG4J2pump,TSLvdd1pWpHVjahSpsvCXUbgwsL3JAcvokwaKt1eokM,False,432
8Pa281ygrppnAd3NGdJecGUva4WKPQ6QYgjW8hVRpump,TSLvdd1pWpHVjahSpsvCXUbgwsL3JAcvokwaKt1eokM,False,785
8PhfimKQs5nmuN1vFXLBktmVcAFpBWHTFUTRtUSipump,TSLvdd1pWpHVjahSpsvCXUbgwsL3JAcvokwaKt1eokM,False,1259
8Pqi4eMRErpwKG7kzxEryh3uHoEjnp7Vqgw329RHpump,TSLvdd1pWpHVjahSpsvCXUbgwsL3JAcvokwaKt1eokM,False,151
8Q9VDdrd1rNczTEL3ivPhwsYrYXVuSAdHuY7gFJGpump,TSLvdd1pWpHVjahSpsvCXUbgwsL3JAcvokwaKt1eokM,False,1
8QLTsTnPN4XxTP4ZU7osE4j5XpTmJWRDNQmjLzncpump,TSLvdd1pWpHVjahSpsvCXUbgwsL3JAcvokwaKt1eokM,False,1
8QZh4Z2quPzHDXtZNkexg9LfTiDh1MfYCLTcxNGzpump,TSLvdd1pWpHVjahSpsvCXUbgwsL3JAcvokwaKt1eokM,False,401
8QcG3xxcPqBPoFCTKFpHSKPkfqVW7fncVJxwiT9cpump,TSLvdd1pWpHVjahSpsvCXUbgwsL3JAcvokwaKt1eokM,False,174
8Qp4VrHc3TBLMdmV3vB4V1A4MEULCVhjscSiEmLUpump,,False,1092
8Qp6KM9rjySGj3WSbpVSam8xvoZzWYcWMnnXU1ypump,TSLvdd1pWpHVjahSpsvCXUbgwsL3JAcvokwaKt1eokM,False,1
8QxF7E8QFnacBy6rhBEo9Sc3ZYY8rhD1iQShEcifpump,TSLvdd1pWpHVjahSpsvCXUbgwsL3JAcvokwaKt1eokM,False,1151
8R3D8EMUEA4J9MAa19D1h9Z1RPViacjrucb2S1FDpump,DFZEgx1sRqCph9fMnmWStmx3vmBVYfxFZaFeheGu6ZN4,False,24601
8RD8jCYhBSAcRw1wBykANWMad96uNdsbn6nbzkvepump,CqJYYDcuNge13N6X1i2ZchJ88KdAxxyDFSYktd27ki6d,False,1
8RTeJqkNHcNLMKmu3cyC6giVdkCQgg5rE7ApSvw1pump,TSLvdd1pWpHVjahSpsvCXUbgwsL3JAcvokwaKt1eokM,False,24601
8RVZdv2K1Sr4SMkHFyXAx51g5eYFTnmpNnCpi7xcpump,2ngQ1H3CTtrfucE2Z5Ppsex3worfsbqsu3nmi3jyZo6c,False,24601
8RvN43AaYtYaFfQmgQEUiyyL16Yqs1f8tCKb7BMZpump,TSLvdd1pWpHVjahSpsvCXUbgwsL3JAcvokwaKt1eokM,False,24040
8SJHvukeqYDyGi64zdv4AM4GrktUtaB7wPMgM3EHpump,TSLvdd1pWpHVjahSpsvCXUbgwsL3JAcvokwaKt1eokM,False,1
8SQ8meJP3dcMqavXyKc6PbFsXY7UbcVWgk58EAyApump,3i2umfrqm5veuuxNvhhSSv4179aFWG6w5FaFAWvidbs1,False,31798
8SbLcSSmVeJQyP2yqo1ya24zV6wa1iMwdZykT8A9pump,TSLvdd1pWpHVjahSpsvCXUbgwsL3JAcvokwaKt1eokM,False,806
8SgNwESovnbG1oNEaPVhg6CR9mTMSK7jPvcYRe3wpump,TSLvdd1pWpHVjahSpsvCXUbgwsL3JAcvokwaKt1eokM,False,1
8Sk2EJ9oo25b7Mmf4qd5gJw6z3738AXvAbkuSSpQpump,TSLvdd1pWpHVjahSpsvCXUbgwsL3JAcvokwaKt1eokM,False,1
8SuMAjoZeLGaaekNHP235Dv4soXsrcseFXefT3A9pump,TSLvdd1pWpHVjahSpsvCXUbgwsL3JAcvokwaKt1eokM,False,1
8TYUnpKJmMeXfw2feRZJnUzHnzMkXbFK5jfpP6zGpump,,False,1
8TZ6uXGsbufgq9DmkK69z4vHfP7X1nhfnJcyz4EVpump,GfDHmGziswfyZemZQxP4tRCZiEyTXq73PtD7esjz9nqC,False,24600
8Tcnh9mLb2ALkCTib4WPURqPdaghrvNM7jAKjoEapump,TSLvdd1pWpHVjahSpsvCXUbgwsL3JAcvokwaKt1eokM,False,501
8ThSrRA6qpkva4bGE6DNfFKnuKuCPM22Db16zS1Mpump,TSLvdd1pWpHVjahSpsvCXUbgwsL3JAcvokwaKt1eokM,False,1
8TjWKo7Ng9JfKo8F7g8Mpd2gCxejZb4CLy4dXGcspump,TSLvdd1pWpHVjahSpsvCXUbgwsL3JAcvokwaKt1eokM,False,1332
8Tn255xQMVBusPFo4ZjLKgfVYW8K8oqREzbaavLmpump,TSLvdd1pWpHVjahSpsvCXUbgwsL3JAcvokwaKt1eokM,False,24601
8Ts9fXQdu1iPdFukL2x5rs6dPLvgzzHPCe8XtHLXpump,TSLvdd1pWpHVjahSpsvCXUbgwsL3JAcvokwaKt1eokM,False,1288
8Tv8fcA8bDjCvUPMpcCgXHuwjBgLahieKTmeWBWSpump,TSLvdd1pWpHVjahSpsvCXUbgwsL3JAcvokwaKt1eokM,False,983
8TzXJHzx16hHRzqBkoAbz7chyiWYEa9EvkRcdBWTpump,,False,24601
8TzfHZa6ZnvvGsQfnFC5wGrCiqbN9nD2KMjyabfrpump,TSLvdd1pWpHVjahSpsvCXUbgwsL3JAcvokwaKt1eokM,False,1
8U7ebc4E4VWorRBKba3pUywgsA1zrhiEpnCqUwaipump,TSLvdd1pWpHVjahSpsvCXUbgwsL3JAcvokwaKt1eokM,False,1
8UEGeT6iSbLZtqx3FSgjDfFTJexwscs8UxeffLy2pump,TSLvdd1pWpHVjahSpsvCXUbgwsL3JAcvokwaKt1eokM,False,362
8UghhB9kPKC6LsfFwifS18VfMcWR7uy7H8U1U38kpump,FPfD8T9WNg2C4nZ6B9PiQX7Yu4pNM9aavw2QjjwckWbH,False,24601
8Uih1cGLQMDZnDA7gDVCtVa7Nqe1tZXQQLNZYAB1pump,,False,910
8UjBEPAQDRtqgZocPD6ApbqxzWZMYYa5rmhPSk8hpump,72upNGaBj5hkGiPvU7hk6jrYVumn1riJNfdFu2kV2p5B,False,769
8UqQadPnnKEmyppcr6WcrhMo1t1o4VsohRBV7DCipump,TSLvdd1pWpHVjahSpsvCXUbgwsL3JAcvokwaKt1eokM,False,24600
8UrVveYPXM2Zbc1SYTcWeG3MHG87bro9yseJAFm6pump,F3o8H7SAFC1YeLdfyzibNgZNsRRRzAMFV24TrHie6rd1,False,26601
8UtjAmZqqTD5x835ZzyxfH2PR7fEsWJEvX5SeRiRpump,TSLvdd1pWpHVjahSpsvCXUbgwsL3JAcvokwaKt1eokM,False,548
8UzSrHEkoPofAFSmUh5k2pnxJrX1FV68bNXsQH7fpump,,False,1130
8V4RtPRHdAjuSE5cPijYoAnTEUk3NHJp3RoxCCqppump,5cFWHxtwyWhzLtdQtVz3oS2hx1Z8A55gy5hNsx2TKPgV,False,1
8VAMYjPoYCVAKahFeJacKMCPpqToDBXewg8ALrAWpump,TSLvdd1pWpHVjahSpsvCXUbgwsL3JAcvokwaKt1eokM,False,1276
8VKfndnsHmqydUJcZ2kw8WrWbA1iSEKqPPC6Vexpump,TSLvdd1pWpHVjahSpsvCXUbgwsL3JAcvokwaKt1eokM,False,1
8VRfgKJY5CnfgGkstisB3QgLPWM6xYBK4esrfN5Hpump,TSLvdd1pWpHVjahSpsvCXUbgwsL3JAcvokwaKt1eokM,False,1
8Vb11fvr9f7k74hrhNJEqjGq1hzgBH7FnuwGFbPppump,TSLvdd1pWpHVjahSpsvCXUbgwsL3JAcvokwaKt1eokM,False,1
8VghwydDTwvjPVpSezsWZP1vGM2ALwwxWHNeuJpwpump,TSLvdd1pWpHVjahSpsvCXUbgwsL3JAcvokwaKt1eokM,False,24600
8WDM8F1Yxo6ucPVkWuf8atKBNVrVfHppn2KCpVDmpump,TSLvdd1pWpHVjahSpsvCXUbgwsL3JAcvokwaKt1eokM,False,1358
8WQXU9zpoPiUy4VRXjruGtyXHfu2ZUhzFzuX8ByEpump,TSLvdd1pWpHVjahSpsvCXUbgwsL3JAcvokwaKt1eokM,False,550
8WQyeUMjVkkmpG4p2VWP3oqUJBsDGnWukKqu6vBQpump,TSLvdd1pWpHVjahSpsvCXUbgwsL3JAcvokwaKt1eokM,False,1
8WTo7oeoKpecCsE9ZjJdPHpBSC4wFUb12khTXyrcpump,TSLvdd1pWpHVjahSpsvCXUbgwsL3JAcvokwaKt1eokM,False,1280
8WYMTECsRTfYmSyHFvEHNk7o9PotUdCLfLudtJTXpump,TSLvdd1pWpHVjahSpsvCXUbgwsL3JAcvokwaKt1eokM,False,791
8WvwbNU7yuZs3Sg96Lnrfji3gg7ZTNf8vG9xwAQapump,TSLvdd1pWpHVjahSpsvCXUbgwsL3JAcvokwaKt1eokM,False,543
8X31jY5iE5tk3ogNzo84XWxFCb2Q4evJkC91Fdvgpump,TSLvdd1pWpHVjahSpsvCXUbgwsL3JAcvokwaKt1eokM,False,1259
8X9qhDd6dm6c8ePse7aXGaiJzSJENHak2LKVu3fYpump,TSLvdd1pWpHVjahSpsvCXUbgwsL3JAcvokwaKt1eokM,False,194
8XDUbw3joM4kBX9piyDHrh2AkYH5HZbeEqXpycnPpump,TSLvdd1pWpHVjahSpsvCXUbgwsL3JAcvokwaKt1eokM,False,388
8XKsdYetB2JWtATrmWv7St3PNpSkxUjWNn6ADEGUpump,TSLvdd1pWpHVjahSpsvCXUbgwsL3JAcvokwaKt1eokM,False,873
8XR2ac7DgVcGWuESFDcP7CAXAjcJNYfJJv2ztXivpump,FnZm9gzc9RzXs53KyzH4mUjKDkuuMVjCcZD9VvRNQtZg,False,13290
8Xd4srvN8jNDKzCqTVW9ALM8nWk9q4wRMoAdCXJbpump,EDtbPubsgG7RSSCkXKiEZTTuyE5prcrmqRHWMhjUtghT,False,24600
8XgSvP4iMbBeQDnC9i4odSGeG4h3QoLJ58avjLBnpump,TSLvdd1pWpHVjahSpsvCXUbgwsL3JAcvokwaKt1eokM,False,1
8Xx95fTY6zzb4Lqv1n4Mw3gdvQYoDaeek1an3Mjepump,TSLvdd1pWpHVjahSpsvCXUbgwsL3JAcvokwaKt1eokM,False,806
8Y7LBcxvR6Uj85g4sJr94nmZRy3kGbES2RZyyckpump,TSLvdd1pWpHVjahSpsvCXUbgwsL3JAcvokwaKt1eokM,False,299
8YGNACGaFimaFGwfZs5sZFhxrQfxc7F3ZSHKHZvCpump,TSLvdd1pWpHVjahSpsvCXUbgwsL3JAcvokwaKt1eokM,False,1029
8YZQXLrhojm73WZEAP1E3V4KLUE9LDFzYBokQP5Jpump,TSLvdd1pWpHVjahSpsvCXUbgwsL3JAcvokwaKt1eokM,False,174
8YzoSYXRMSf4GEVQ8wt2WUPfwji7YYFz5T586Dxfpump,Cg9phWQXbh7LPuH4j1M9BTL7V5JEtqKV9Uz8qHmtE9w1,False,24599
8Z2h8VsYqUoExZNwrtGQ1LQiHru6nnUsPSpvCwNapump,TSLvdd1pWpHVjahSpsvCXUbgwsL3JAcvokwaKt1eokM,False,1
8ZBUZABjyvPqaNGy5bx3BKXF5cQJLLv5gfzGryiopump,TSLvdd1pWpHVjahSpsvCXUbgwsL3JAcvokwaKt1eokM,False,150
8ZJVMuCiixttgHq4Ra16p5ANezVnbgZm3UCVxVbmpump,TSLvdd1pWpHVjahSpsvCXUbgwsL3JAcvokwaKt1eokM,False,4239
8ZPbKYHRpJiFBP3BJ3wAvwnHyQCQt6Xk499mxZt4pump,,False,35459
8ZbB7esgm6q3ErRJFRLhcW8SKYtJqVBmcTu6eoXnpump,TSLvdd1pWpHVjahSpsvCXUbgwsL3JAcvokwaKt1eokM,False,222
8ZnuuBuuuB7BGNxUJHAzbjKWao8rYbFJgPMKjNbypump,TSLvdd1pWpHVjahSpsvCXUbgwsL3JAcvokwaKt1eokM,False,1
8Zoe1Z9HSDYFoP9RitDmZexsbnvWdWgmDy6XaxvZpump,,False,822
8afnLWPRCjvNfPPT8jP3R9DMiwE89pizGVtRw36Apump,TSLvdd1pWpHVjahSpsvCXUbgwsL3JAcvokwaKt1eokM,False,619
8b8drekA735TUH5DQGCimNVm5b9L7LFaRPWxuoEwpump,91mffZeK6rC4GcMmXesrqgN8RBPSQkNn7wzsLvFcCwpG,False,1335
8bRjTSp7mdoHgneFwAZXvTWnVRKUfb4Hr36skQKBpump,TSLvdd1pWpHVjahSpsvCXUbgwsL3JAcvokwaKt1eokM,False,975
8bUVv4r1YfXuDzpyXcTTtKuGdogcLQuEsaXZZaSupump,TSLvdd1pWpHVjahSpsvCXUbgwsL3JAcvokwaKt1eokM,False,14000
8bgpT53ayFfvDS2csrQf2ERLKcrMpYc3tNFUiMVBpump,TSLvdd1pWpHVjahSpsvCXUbgwsL3JAcvokwaKt1eokM,False,1
8biKsCPszqkewzHd8fUVu2iQmEq77TkbbLJBzmiypump,6jCz14Vd3TywdtM1mCJdj1E7Z6YZ2EMBpS7EMoLHWmPT,False,1
8byCGXr8L3yS1ihNPn9QSiq8SadK7F8UPwr4oPegpump,TSLvdd1pWpHVjahSpsvCXUbgwsL3JAcvokwaKt1eokM,False,1
8cDJdBQ2uxTHc9r9K4CpK8CCPpkwhaiS6ZhDR2ywpump,TSLvdd1pWpHVjahSpsvCXUbgwsL3JAcvokwaKt1eokM,False,982
8cGWLGUmnpmwD6DKc4QJnLnDhYSLsuwed9rJ6GQPpump,,False,1354
8cJ5dF2ZnUhk93THjFKpZnAv5HHbViEoPRw5Ckrvpump,TSLvdd1pWpHVjahSpsvCXUbgwsL3JAcvokwaKt1eokM,False,807
8cb1j7NxFdZnLtmDoEJVMFA738jZa5Kr2TyRuSXTpump,TSLvdd1pWpHVjahSpsvCXUbgwsL3JAcvokwaKt1eokM,False,622
8cvjcGD1CcSHXfc82FfHSrLzeooJJmjB2Dp1pV81pump,,False,111
8d5jmxedi5N9XBw7yv7MbqfNXdWuSHg3jka83BGbpump,TSLvdd1pWpHVjahSpsvCXUbgwsL3JAcvokwaKt1eokM,False,138
8dEN3Xdex5zhRmxdRZKq2HojpJ1NNJQN8kvbHzYupump,TSLvdd1pWpHVjahSpsvCXUbgwsL3JAcvokwaKt1eokM,False,1105
8dPTVYUJK4FJ3mJbugZdi6tAGydgKxGDnXnqyMZpump,B4B519e4n2MTAezcGQPgQ9ULeeLaAArTWGwgfPyY1jno,False,2001
8dSN3oyQ2pGxUXbcK96vapEo2uZZGjdgXANsRG3fpump,TSLvdd1pWpHVjahSpsvCXUbgwsL3JAcvokwaKt1eokM,False,24601
8di77m3WgDZWyFgnaHbhJ9WvrETYxg3uxNaEhzs7pump,TSLvdd1pWpHVjahSpsvCXUbgwsL3JAcvokwaKt1eokM,False,1128
8dmzAr6N5ZE9G6DQFj6osTxnejSLfTtzU1hoWB1Ppump,TSLvdd1pWpHVjahSpsvCXUbgwsL3JAcvokwaKt1eokM,False,675
8duYAQUNL95DDMKLYAXPwdGFRwre4xVsXL8gcn4Npump,TSLvdd1pWpHVjahSpsvCXUbgwsL3JAcvokwaKt1eokM,False,1
8dyNLpSBgb41q3f1YiENecb6PCoVDMjVZdtb91WKpump,TSLvdd1pWpHVjahSpsvCXUbgwsL3JAcvokwaKt1eokM,False,1237
8e5tPgTxK1KQQyuu5vSb8Pm8mkLgcFtQeMURePj4pump,TSLvdd1pWpHVjahSpsvCXUbgwsL3JAcvokwaKt1eokM,False,1
8e7K1DP9vZPrUdcvRDtuWToGZkjGeC5ymDpaGW3Bpump,TSLvdd1pWpHVjahSpsvCXUbgwsL3JAcvokwaKt1eokM,False,1190
8eR1v6m4bktcjtu5thv2xLWPXmAPNdb6gWcQgiwrpump,6keQRwh1NPyViY3Tm7UHPjh2yTiVAjBNNfiTHe4DJYyp,False,24601
8eRuyWK617yt3cu1jdKR1yECS4CsMMAr5R2Q43zspump,8HeDT75s5g4CtCimH5B5nySqCiQhtWii8UnZhxBtFo38,False,1
8ed1atmV8B2kVeZCr6DzSjBAkMtT95U4qmQ9wQE3pump,TSLvdd1pWpHVjahSpsvCXUbgwsL3JAcvokwaKt1eokM,False,1
8eqWBbU6EH4PzM2DnayNVxiLNVXJfQ5hu5HCo9vXpump,TSLvdd1pWpHVjahSpsvCXUbgwsL3JAcvokwaKt1eokM,False,569
8fBP6JSkaS25dXB1714tBtu3pGFuJGg8i4pfhGagpump,TSLvdd1pWpHVjahSpsvCXUbgwsL3JAcvokwaKt1eokM,False,24601
8fS8Xa4BXu6DbSP9ebEuMaa9115nqFsLYyP1cAzdpump,Cwb4Fp7UgLwdr4VrwSKP8nZw4Cor4qFUz3E6DrbUqt8i,False,1
8fe9EHcC67gPx4GhXQjjeonwB26QdXiVyzmhnoiGpump,TSLvdd1pWpHVjahSpsvCXUbgwsL3JAcvokwaKt1eokM,False,898
8fgDWpQvDQJABP6fN7fDLte9hH4bAppPtxpNG2i3pump,TSLvdd1pWpHVjahSpsvCXUbgwsL3JAcvokwaKt1eokM,False,1
8fkXhZ7rNnRGNjyChQzsh54p9G89KkkXaymBzXQupump,,False,1118
8fmw3kfM2BsYrsX5TMDJukY2vfTx5dAdVzqGqYrNpump,HrdHVUsFkDZpLZWHnxJDdCUAEYogHyq3g999v69GtbSx,False,20534
8gJx5cUVC6KCsuNwgUpQZL9oTMyqKqwhR99J7GqDpump,TSLvdd1pWpHVjahSpsvCXUbgwsL3JAcvokwaKt1eokM,False,584
8gvNZS4FfC9kc2sAeGjcvx9UpgS61b9Ej1LpzFWxpump,TSLvdd1pWpHVjahSpsvCXUbgwsL3JAcvokwaKt1eokM,False,647
8gwCu1yzEwSCTY4Vg9Ymxsi3G1byNc7iH4g5qYX9pump,52mXWzgdyhTYx5nBPxZEDCUn8RP6oPszZNrtBRiYAsJs,False,117601
8hB5Wj9pZrnK58y2xBm6FVcyQ35rTxdavv9fVHgopump,TSLvdd1pWpHVjahSpsvCXUbgwsL3JAcvokwaKt1eokM,False,1
8hXLyTJRaS9HdRY1yrYfLYrjDk2XvomVmVuMeTcupump,5FqUo9aBjsp7QeeyN6Vi2ZmF2fjS4H5EU7wnAQwPy17z,False,26598
8hejzRtYd1aUextmapQJFbBWpETE2JLrUDp8XDxHpump,TSLvdd1pWpHVjahSpsvCXUbgwsL3JAcvokwaKt1eokM,False,964
8i1ESQNFfCvB6ECKBGx6K7zGzc5ZS7Edc9NpLagMpump,TSLvdd1pWpHVjahSpsvCXUbgwsL3JAcvokwaKt1eokM,False,1326
8i42xysrXvs7yn786MgAyokBkDtVpskt5LTpKaMYpump,TSLvdd1pWpHVjahSpsvCXUbgwsL3JAcvokwaKt1eokM,False,605
8i8F9bhyjHjTKh6Eq5NuCR1VCrwgwa4T33BpLGNpump,3EpicEzCfXPqEN3aB1Vc99yD23rdSHh3keXh3Hq9A3LV,False,2001
8iDEJpEphn4baJLAoHw9rYQ22wMZ4vtPryBM612vpump,TSLvdd1pWpHVjahSpsvCXUbgwsL3JAcvokwaKt1eokM,False,941
8iKpSeTuV2RZ2JiDZgcN9yv5iQxCuNRxpt3AAsu5pump,VpKokoE5tjjWzu2PA5ZWcYx2kbCwUns7LKzVv7PW3Tm,False,7543
8iPPou487fACRRwPvLhvuGQPAzBb1piHesdpvZqupump,pV7BsJiab8cj5h3CBzeAb7ZBT67UYU9tofK94nWB6tR,False,1
8iWsK2WH3AGviQwAnt43zvc8yLy6QMUSuv8PK2A7pump,TSLvdd1pWpHVjahSpsvCXUbgwsL3JAcvokwaKt1eokM,False,1
8iZquyQEtH7aXJdh5DcKJumfjyiXD5kEjefotfaPpump,TSLvdd1pWpHVjahSpsvCXUbgwsL3JAcvokwaKt1eokM,False,1273
8ie4qoVThi6Y3KAfpz8Gtqys59ZHVwaSKaitftmnpump,TSLvdd1pWpHVjahSpsvCXUbgwsL3JAcvokwaKt1eokM,False,1002
8iiovvmDpbsRrmbbTcLo565opHRuAm5cdtAXUFsepump,TSLvdd1pWpHVjahSpsvCXUbgwsL3JAcvokwaKt1eokM,False,1064
8injr6odmgL7YJzFfswgJx2UHWVcM9m53KkxWFWpump,,False,326
8iu2Vr9HKJ7djuMx8DwzF3MhLp5LgPevYL64pkw5pump,9imWNtpiVBQRE5JSMdUkJW1GCuFX14CqaH8P3vSbm5zw,False,24601
8jNVFNBSp9p1AU24wKD5BeVZfkfntCrfPdHTy6Yfpump,52mXWzgdyhTYx5nBPxZEDCUn8RP6oPszZNrtBRiYAsJs,False,117601
8jT2uVGpC6PbsPcQJ5bmEH9D8pQq41WEUMaUpo9Npump,TSLvdd1pWpHVjahSpsvCXUbgwsL3JAcvokwaKt1eokM,False,1
8jTTDzFVraWK6wH1SXLUVrKMU7eXD7Pir3N81Txqpump,TSLvdd1pWpHVjahSpsvCXUbgwsL3JAcvokwaKt1eokM,False,1107
8jUkoqxZdmLZU7tRAYKaz7W5Fdk1PETLKVT4MqYGpump,TSLvdd1pWpHVjahSpsvCXUbgwsL3JAcvokwaKt1eokM,False,1128
8jeRAaH2Ebon1cPbEJMbYeyi4CEse77SdCEmnc3pump,TSLvdd1pWpHVjahSpsvCXUbgwsL3JAcvokwaKt1eokM,False,1145
8jeiV9KiMbsG5xG5oGAWJe2JPntfQC7nCz3wLJjQpump,TSLvdd1pWpHVjahSpsvCXUbgwsL3JAcvokwaKt1eokM,False,501
8ju6pnwWrT6PUcfr3Dr6EswDNEAxT5tLLHRtPQBpump,8rD3tJmBR4H51QGxLa6GVvQoybbB2NErCmipoT1zPEjo,False,24352
8jv1q4Z1jbd22A5MSWruC77DhHESwMr6Er3D8hBXpump,TSLvdd1pWpHVjahSpsvCXUbgwsL3JAcvokwaKt1eokM,False,1
8jwXPKgYnE7V2gKdNLbQiUKKCb4cbJKNzQY6i8Dtpump,TSLvdd1pWpHVjahSpsvCXUbgwsL3JAcvokwaKt1eokM,False,1299
8k1vZC5iv7sYCkWeecwPXhqfHQswVB5UXcdyubnPpump,TSLvdd1pWpHVjahSpsvCXUbgwsL3JAcvokwaKt1eokM,False,1
8kB5UMUBmtMpHsHHZHu4mvHY7En2sD2fnixWe2NApump,CzGFweEeXkNWhsVG8vB8MULGbe8H8jWDfeZhf9ZwphX1,False,2001
8kgvTZnVxZQmQaPTaY1CzmHv6fr6iE9MBtzxUJhUpump,TSLvdd1pWpHVjahSpsvCXUbgwsL3JAcvokwaKt1eokM,False,1
8kiRByqMffVP4wftoEzKybeaucn5KytqGh2e4V9Ypump,TSLvdd1pWpHVjahSpsvCXUbgwsL3JAcvokwaKt1eokM,False,24601
8kjszEBTNuFKroHPaCUfzvfPuUvby4cZPbWX5uq2pump,TSLvdd1pWpHVjahSpsvCXUbgwsL3JAcvokwaKt1eokM,False,587
8kp7gVCTWVbNP257A7MHgsYheshqYGnqWbApS6f3pump,TSLvdd1pWpHVjahSpsvCXUbgwsL3JAcvokwaKt1eokM,False,1
8m8UNpkQHGmMKcHCRJWQHUwjzSjeJqMGXmHDDmx8pump,TSLvdd1pWpHVjahSpsvCXUbgwsL3JAcvokwaKt1eokM,False,935
8mEgRMwrkgfsuddDTktooesgUbcPTgAz4SbfoskKpump,TSLvdd1pWpHVjahSpsvCXUbgwsL3JAcvokwaKt1eokM,False,760
8mGGyGLSkdPP3q5nbHUwPGuVpjDRAXarmqHNeH4Hpump,GQpvrvhoHMdziJTuYiJcQXKjZ4Fe7kZN78NASqyyKJTE,False,24593
8mGuMviDHWeMPL2HaF5rJYiYuETCA2Ja4oE2w42Wpump,9CPfZ8pRfnA9ZZbKBofyodqYdA1XJJLwucwX6MhSUq1j,False,24601
8mLZtMR5j6wVLKQf8V6cyLPsnXyomWmvAy3ckjvNpump,F2D4bg7yPE8XrNjpv76AVF2TZEKD5E3MMErBD5LRgY2Y,False,2974
8mQvv5KQy4kDNhhS2zpUf3GPezDY95LqbxQK3UFopump,TSLvdd1pWpHVjahSpsvCXUbgwsL3JAcvokwaKt1eokM,False,390
8mmoSMCSwfV4XzU3nSqnVyc3q86vg7ogWwzfv3htpump,TSLvdd1pWpHVjahSpsvCXUbgwsL3JAcvokwaKt1eokM,False,1252
8mnNnQYoXY5Xnp5xp7uM68MkdLBcHcnUuE2HiRtBpump,G8K9Qf9Hy8NnpEQ2vw3nRcHsQk26ZG1urnxTD6uc9uEM,False,1
8mqv9itJzPwuTHo78bu9tTBLwMWta1GgmpcCJWuSpump,6NcHNGELycBHQfSGQgonKqmdwBsPpphkYJww3Fygr3Uj,False,2001
8mt88VHP2wyTyWRxgnbDkiZAS5X9DkX4sSyc6gERpump,TSLvdd1pWpHVjahSpsvCXUbgwsL3JAcvokwaKt1eokM,False,444
8mxzJd4ExNqGHokiMXZ2ogszAnyCrXf9VhttHf4upump,TSLvdd1pWpHVjahSpsvCXUbgwsL3JAcvokwaKt1eokM,False,1208
8nQK8znsxfUdTQajfHKqFcLiJwMmVeMxUGgRG5oHpump,TSLvdd1pWpHVjahSpsvCXUbgwsL3JAcvokwaKt1eokM,False,30
8nV1A94UnmoidK3ujRMmxdgBZzeJTrezz4Hd2nRMpump,8BvxbeRbTpjTDhVYpEoVWonumafDW6H7on4LKEFaWEot,False,1134
8ngXh7AAqbFZ4MuQwGPjCtgkr8d2Q5ixZzxcdxsEpump,TSLvdd1pWpHVjahSpsvCXUbgwsL3JAcvokwaKt1eokM,False,376
8ntr4ffhNmDAnpda2xr2KPjmnz26kKVWTBwwwUXdpump,52mXWzgdyhTYx5nBPxZEDCUn8RP6oPszZNrtBRiYAsJs,False,117601
8nvm3E7nitWd4qynkFrg1xc3TrJmHSYQqaVRFG5rpump,TSLvdd1pWpHVjahSpsvCXUbgwsL3JAcvokwaKt1eokM,False,1179
8o5EWiQYrg4xqT4E1zTkMKBGMjjLs2p3cMcojWQfpump,,False,952
8o5cB6MgfctiMHw9DRux29AUdwUVxQUDZBfx1Kdmpump,TSLvdd1pWpHVjahSpsvCXUbgwsL3JAcvokwaKt1eokM,False,24600
8o7YACJjA1t4tw3XNT3wNTVDYR8jm8MhrrCQiKJvpump,HLLFLAnvwikAwaDD58zYXpgT5nahzhuAGGRpoWXmtuL3,False,24597
8o8YN18B9jWQt7hy7UMBFhG6C33x4DBhcFCk2w55pump,TSLvdd1pWpHVjahSpsvCXUbgwsL3JAcvokwaKt1eokM,False,1157
8oAiUkC1gpr4Tuz3ZA7YUntWE47sop1fYmGWo4Zrpump,TSLvdd1pWpHVjahSpsvCXUbgwsL3JAcvokwaKt1eokM,False,1
8oD721crRp8YTSj6RoUgqeugNrU9sg8xd9Qv9jBmpump,TSLvdd1pWpHVjahSpsvCXUbgwsL3JAcvokwaKt1eokM,False,1254
8oJxWUdExZvsRz7otHnAiPqvuepJ2a5ux2o1tCgMpump,TSLvdd1pWpHVjahSpsvCXUbgwsL3JAcvokwaKt1eokM,False,936
8oSym7ksitdzNH6om6kCMr3vagKUpxjeF3ofCMMUpump,TSLvdd1pWpHVjahSpsvCXUbgwsL3JAcvokwaKt1eokM,False,1344
8oViGKb77HxMqFP3rrxuFbQHevyqhctERqxjMLDHpump,TSLvdd1pWpHVjahSpsvCXUbgwsL3JAcvokwaKt1eokM,False,1132
8oXHf1bsHwHZBjdYdRomuDYxrdn77v3PTNZ4exc2pump,Hs4SNV8F7ug3RXsiT6vQSCH3XvRfDvmto8Z4KEe6gjbC,False,24600
8ocw313ch4zcG5RQ4yVq4iCpVy65TNqrdqDCkpqYpump,TSLvdd1pWpHVjahSpsvCXUbgwsL3JAcvokwaKt1eokM,False,1241
8ogKrqm6ZWChpGjysSFXe1fexfjWQAREqA9Fw9pwpump,52mXWzgdyhTYx5nBPxZEDCUn8RP6oPszZNrtBRiYAsJs,False,1
8ohVchoScsH4vRkgrX1rNzPZsZrBcp8WphYPuDUMpump,8gM4gnxdLdkvifM9TCwkGAxrnNw4NiSiHbAdE1RqY96e,False,2001
8owa3h16Ds17sGXMRMsK7FuZ7Z4xfNR2YvGcR83qpump,TSLvdd1pWpHVjahSpsvCXUbgwsL3JAcvokwaKt1eokM,False,24601
8p2HuMsiiDA82gACB1bwA45QSURpU8JxzdFbTwXkpump,TSLvdd1pWpHVjahSpsvCXUbgwsL3JAcvokwaKt1eokM,False,256
8pMqUa1cUnJVAAzcbhCX87xFSkyrop1j66MnXgSkpump,TSLvdd1pWpHVjahSpsvCXUbgwsL3JAcvokwaKt1eokM,False,1
8pmg917yaguyLJ6YVKQdqD9p4hb5nuC4aUMpePzQpump,,False,24563
8purxeMHmU1Uu1v1Vb5Bnq2JLt7dznoK6fsZdKCFpump,,False,844
8q3PiifMQxnjs1NAETVXw8xMVN8q3Zfuoops9BSjpump,TSLvdd1pWpHVjahSpsvCXUbgwsL3JAcvokwaKt1eokM,False,867
8q3QFhKKjtTmMdcYp2axKS5HrdEg3k21NT9Nztr2pump,TSLvdd1pWpHVjahSpsvCXUbgwsL3JAcvokwaKt1eokM,False,899
8qSakk6mSV5SxJRFhdjE9ZCARrfuHeEdRfaLWMCupump,TSLvdd1pWpHVjahSpsvCXUbgwsL3JAcvokwaKt1eokM,False,24601
8qSzR4bSD8p4nZBQXwCGh2J7nSr9TrRbwMHHxtGupump,TSLvdd1pWpHVjahSpsvCXUbgwsL3JAcvokwaKt1eokM,False,1
8qYH37jFCVbGSjQPdMsf8TDwp1JHTjU1McA8GoCCpump,TSLvdd1pWpHVjahSpsvCXUbgwsL3JAcvokwaKt1eokM,False,1
8qzXeMaFDDV2N29TjhC5e17CvjBPGAPFQirgCSmhpump,CV9c9RvEFwxGBJzagWzHucYqdqSLre3j1Y3ws1W7tzfG,False,1
8r4a7VUFrkusAdPdbPDdujEGvq7PBpZqLiYDW48pump,TSLvdd1pWpHVjahSpsvCXUbgwsL3JAcvokwaKt1eokM,False,24599
8r7TsSAfFn6E5Cdw7fP4rW973dv4c7L4DtFPKRoopump,52mXWzgdyhTYx5nBPxZEDCUn8RP6oPszZNrtBRiYAsJs,False,1
8r8xXP3eHgn19HYRX9Qe2AzSaSXrWCj6URAmFpvUpump,TSLvdd1pWpHVjahSpsvCXUbgwsL3JAcvokwaKt1eokM,False,506
8rAqjfiL4E9ik2ZpJADGF4ufNvgUQN3LV4yk3wEKpump,zvePL54xzs12MRd88WtxMWbkGMhznF8PWxuF7yEV3iJ,False,24599
8rY4S2LkE9Cf9wY3xHdRr4pHXmBEqCVLgMzqHt3Mpump,TSLvdd1pWpHVjahSpsvCXUbgwsL3JAcvokwaKt1eokM,False,973
8rYNqE2GS3G3jusfscSYRzEay7WQ5LAfNfRsGJoepump,TSLvdd1pWpHVjahSpsvCXUbgwsL3JAcvokwaKt1eokM,False,628
8rb6Zh31GzCFYhMWaLhCovdYdYxfYB52ECL2xYmxpump,TSLvdd1pWpHVjahSpsvCXUbgwsL3JAcvokwaKt1eokM,False,908
8rigbtSuuDyDBsFF92UgRNBDkg7u7vSRPS4R42aipump,9TR42W4yZu9NFC4ChgF2vm1THAGmSngXEL1AQrL1uPpV,False,27998
8rkH3j5qLGyBDmkJcGNYmH6TxGZwEnhz4rUFNVaGpump,,False,737
8sD8MfsDENU7fR6Hz5t5RFPbwPKKy3HC22psgBi8pump,TSLvdd1pWpHVjahSpsvCXUbgwsL3JAcvokwaKt1eokM,False,1288
8sJjwz4sGobJnddVuokT3aFYUSM8anSMJKmBj4fBpump,TSLvdd1pWpHVjahSpsvCXUbgwsL3JAcvokwaKt1eokM,False,915
8sUY1bHHNC7Ystya9cAKtH2RrLssaUfnj34kiyGbpump,TSLvdd1pWpHVjahSpsvCXUbgwsL3JAcvokwaKt1eokM,False,647
8sWKTMrh9bWUrvykK4H3jzEzGbEqvJNpS2f7joYKpump,TSLvdd1pWpHVjahSpsvCXUbgwsL3JAcvokwaKt1eokM,False,1
8sZjNXtA14MEuGU33YHnEAbi3hymEje3V98UYmh7pump,TSLvdd1pWpHVjahSpsvCXUbgwsL3JAcvokwaKt1eokM,False,631
8siHS1MecRVqUfPBLnofuRq4d9uoMRidGeho9RC1pump,6RfVTm7oVBch7iAnwWr6fR3kRt4cBn7FPJZWhqv977A5,False,1253
8sj2XUGqn8aEYvxTCoCr76ZnAwgQwbTSim9N6NMupump,4wLeJtUhyqxbnprjbGN7R2NZpK1VrYQ2bGGHbtDfVgVv,False,1
8sj6CvKd8tZttApYFpDKfTrA2osx1eemhemK1YMbpump,9XvPyHs4PQQyZZTyFqYbsvdKXhZTUbshgqKSd2AuHhfs,False,563
8sqd9AMcf4H7G8TDbYW32vSTDKkqCV9STh3RYGRrpump,8gM4gnxdLdkvifM9TCwkGAxrnNw4NiSiHbAdE1RqY96e,False,2001
8sxB441b5DL9KeV9UXNqhdDGbHSmjnnBerbRvErrpump,HYK8zDFtSq4w5z9J5JcB6CXARW8NgrmEGDEKtnwsvZnQ,False,24601
8sypxKdP5j4EJz3dAjtPN4soeWNGLcoyQbZ77eL9pump,TSLvdd1pWpHVjahSpsvCXUbgwsL3JAcvokwaKt1eokM,False,1114
8t1gvbXHHisAVek6pLgNemRNySFig4De9nmK9jNmpump,TSLvdd1pWpHVjahSpsvCXUbgwsL3JAcvokwaKt1eokM,False,1357
8t3biiYFeeDUorGFp6n87c8Z5RomRgW4YmcwvXLRpump,TSLvdd1pWpHVjahSpsvCXUbgwsL3JAcvokwaKt1eokM,False,24601
8t6QwoeAGHKY2bMu4zFDiXKr7fUEhHs9yGknntXppump,,False,1311
8tPYz4ZRmzycYu35R63AGEFvQFJTryYTQSixbzZypump,AQonq8ZUnfd3tgkfAMvw5mA4D1WSLRAxnWHT1r4CNvag,False,24599
8taF42wQWFk891V96TMWLx3wZFWc1txHksshpkxzpump,C1fxEJim6hjPBhUhfAGxD3hbZzRhU8ouJY2Y21bfSBi1,False,1
8tvectMMvDAwkumSaLrfUJp7qGPzHVF2Bs9piW8Cpump,TSLvdd1pWpHVjahSpsvCXUbgwsL3JAcvokwaKt1eokM,False,755
8uB6uRF2vFg4PHrQopXwwATiGVVZDDT5kpoRJ4Jvpump,TSLvdd1pWpHVjahSpsvCXUbgwsL3JAcvokwaKt1eokM,False,1054
8uEoXw88ogvKahebfDzsedFCpGqAXo62WHCrr8zPpump,TSLvdd1pWpHVjahSpsvCXUbgwsL3JAcvokwaKt1eokM,False,1207
8uJXAnq6zp1nrT2FXK74GJgb36yzQsaNZxaQ7wdqpump,TSLvdd1pWpHVjahSpsvCXUbgwsL3JAcvokwaKt1eokM,False,1
8uMhihLzJ9LxH8awi1DegiXE33iQz7dgnJF2FsVPpump,52mXWzgdyhTYx5nBPxZEDCUn8RP6oPszZNrtBRiYAsJs,False,1
8uMog1pwQJirvrRvFgYwnM4sbnqDXFZiPtyRYstzpump,52mXWzgdyhTYx5nBPxZEDCUn8RP6oPszZNrtBRiYAsJs,False,1
8uVJmqeUmWTfsw2NP9yketuCoWD93TxrhicsRUbLpump,TSLvdd1pWpHVjahSpsvCXUbgwsL3JAcvokwaKt1eokM,False,2974
8uVXNsuqQpZwPV2aKdTmSpWwyQ9UesmwAPJ2xGJxpump,TSLvdd1pWpHVjahSpsvCXUbgwsL3JAcvokwaKt1eokM,False,681
8uYPAsHy177CuF1MXpFWyAKhBEBnEGaV9f9CXaHJpump,FAqJG2gdAvLNKTsMpvueNXux6tdCfiKfEPzFcjMDsGLF,False,24601
8unVvwASRwZPJP6YRkpD4kTrrwKLyw8zS1yyHFadpump,TSLvdd1pWpHVjahSpsvCXUbgwsL3JAcvokwaKt1eokM,False,2583
8v9cxysferhd54kQDniEpTYWUyJHJ6474F2ebmZupump,TSLvdd1pWpHVjahSpsvCXUbgwsL3JAcvokwaKt1eokM,False,1037
8vCzsdoss5g9naVRtuVD34jfSmLwM28ucWujrWyppump,,False,6045
8vQz34Yy4WE7zENWdhWqQd3dH9u1mSiSL6caKSS4pump,TSLvdd1pWpHVjahSpsvCXUbgwsL3JAcvokwaKt1eokM,False,703
8vR5xu37gUAW4nQQVNM5oLE9ATVfhoaiwn8qcZoypump,AvcWA3ngM55sSpjh1FZthmqA7V6BHo4f555a8w3Wv3ij,False,1
8vVx5SXsb4WyphqYiiwVnuBK8ukJNBuXK5vhPf8wpump,TSLvdd1pWpHVjahSpsvCXUbgwsL3JAcvokwaKt1eokM,False,1341
8vX3UzQxPkqTt6rf1NumNJMPfPLfCB32q7xLzSz5pump,TSLvdd1pWpHVjahSpsvCXUbgwsL3JAcvokwaKt1eokM,False,1085
8vfCjcJHcs3pgLDENbYsA3nxUNpYnwTizAoQxakgpump,TSLvdd1pWpHVjahSpsvCXUbgwsL3JAcvokwaKt1eokM,False,713
8viUpMVsPRwuxnT2zpARSyAgtuUTKEGMGiKDkRapump,TSLvdd1pWpHVjahSpsvCXUbgwsL3JAcvokwaKt1eokM,False,1297
8vsW2YaS2eHdKNTrqVn3uJxGmvNdgoG37bFb2qsvpump,TSLvdd1pWpHVjahSpsvCXUbgwsL3JAcvokwaKt1eokM,False,1
8vtqnEMAjmTaaLdUDj2TzRRHzHSLHKJ7wrLx42kSpump,TSLvdd1pWpHVjahSpsvCXUbgwsL3JAcvokwaKt1eokM,False,24601
8vzFbk1du1XGuyewRPzDiS1FCw9zhLv3Hsjffkvjpump,59niRjbaXdVgwKtSUTyMSL9Zj5vCBqdd8Jm8fDN8BM6T,False,24601
8w5PGKXL5rFFyU9ohW4G4JMNf7MHKMHTA9h7bMiTpump,TSLvdd1pWpHVjahSpsvCXUbgwsL3JAcvokwaKt1eokM,False,383
8wJZpmvohx4K9pXcDc2Rz1BobS5isaVXvA9XkMHnpump,TSLvdd1pWpHVjahSpsvCXUbgwsL3JAcvokwaKt1eokM,False,1
8wPsp2wuuTMJKK3rrTPzb1HkxDezNmkJKGEJBoEppump,6zp3fJE38cDT27kN9onY2PnjCguq3uazv2DMpo5ykncd,False,24601
8wSSYSzc2KkiJ4uUSmi7sSWHvdsxmC3M63RtejdBpump,3XiqfeNhsxw3gASzFRfPDxSXM6k19egCRkzzN2nU5kMA,False,1
8wThJ3KAyGWKbZMUg7Pna9SstayjXCvfiwhf75WLpump,TSLvdd1pWpHVjahSpsvCXUbgwsL3JAcvokwaKt1eokM,False,175
8wVQXVPjMmQUn3xfDe4kXcrvXp5cD4YTG7zpjKG1pump,TSLvdd1pWpHVjahSpsvCXUbgwsL3JAcvokwaKt1eokM,False,24600
8wXQXxZctmQd5QsmhHDypZ7heNS1Q7VHCNZe2ZyTpump,TSLvdd1pWpHVjahSpsvCXUbgwsL3JAcvokwaKt1eokM,False,1205
8wa8cYPkgptU5jfY1HdcV3bqfonAU5y456d8FJ9dpump,TSLvdd1pWpHVjahSpsvCXUbgwsL3JAcvokwaKt1eokM,False,796
8wbsnpjmcAatYR4DhbvRNwJJCmN3NzgvDhQuYVJppump,TSLvdd1pWpHVjahSpsvCXUbgwsL3JAcvokwaKt1eokM,False,1265
8wj2JV1St7oLmYBHzVwGASS36qfytbwsgUquagwopump,TSLvdd1pWpHVjahSpsvCXUbgwsL3JAcvokwaKt1eokM,False,449
8wmhpQZDazuf9Y2KwJfmK1C73KJXTVKbKQV9wF9Fpump,TSLvdd1pWpHVjahSpsvCXUbgwsL3JAcvokwaKt1eokM,False,996
8x1FwaLduSBF6VD1rHtbsdnv7SHaMvTAsomLNKZnpump,7CuNbxuVH5aTyRrX5ZwVxXV2u3q53hDD1rofibWFKg1V,False,1
8x1VMnPCSFn2TJGCTu96KufcLbbZq6XCK1XqpYH5pump,TSLvdd1pWpHVjahSpsvCXUbgwsL3JAcvokwaKt1eokM,False,1
8xGxyQwWZGfFo3YafYP7bq8Y6UsuVZ6XE9BRogPdpump,FLZqbZdrGdtYpSNwP6zpMe2ff4QNr3spWvvC7LuZ7Tzr,False,1
8xHxDabr1EfZnPJeKeBXP8f7BbrjwsCANkVafDKRpump,95z8aefESVq6181q6XLvqaQtjEt2PDcHiFTgfc6jwzC4,False,1
8xPgm4snnEvThKhRgnuULrNY45DBoZp9ZTNwg9Fkpump,TSLvdd1pWpHVjahSpsvCXUbgwsL3JAcvokwaKt1eokM,False,1048
8xPw94s4EXxmhUd6t8ddJ45a23f3f596Y9tbVe9zpump,EQqsvnR6wUqsE3NZq7raBe3DJP3xzex6D5A9Y1xbm7HQ,False,1172
8xR2rGgFHdarkExTq1weeJggyfxumh5jfqKS8x8upump,TSLvdd1pWpHVjahSpsvCXUbgwsL3JAcvokwaKt1eokM,False,958
8xSYkY914RJxt9UdpHcFtdPSCTTR77crW67uZ1Xspump,BuW1wsLQn6kacqm3mU1qNoho6HXzMCb4hDiX1ok1QnVH,False,26601
8xVcNZ9KGVq5dMzdCvo7TY3YFWD9ocTQ7D7R8taHpump,8PgdacmLudZVPavDtfRQe3JxKNav7r2jXAwgf15QpV8B,False,1
8xZ98xDTse7oWGt19CKV6q7AtVMhWccnhJKUrP3ppump,8KopbdV7ji3Co4ZqCc8cRLE4yp9DTzBdg4ZAm1gsXqia,False,1
8yTkQSViFbH7wU7VX7kURK9HqLEnSR1iGfopKoEYpump,TSLvdd1pWpHVjahSpsvCXUbgwsL3JAcvokwaKt1eokM,False,657
8yU1zPdX6V8gsjgMqpHPQqxZtbJ2ZWyDHAWu6V7Rpump,TSLvdd1pWpHVjahSpsvCXUbgwsL3JAcvokwaKt1eokM,False,3523
8yfq2V7Xt9URQkcrix1BqiAwdrxhaDxTo9BUnHLhpump,TSLvdd1pWpHVjahSpsvCXUbgwsL3JAcvokwaKt1eokM,False,24600
8ykSJefWiTdAqrYcz9jxYFHpPN1MzYceoR9m1KB2pump,D3Y2c5upA6XHvTFHf5nDbLbsM3qDBJYdWtEi3sAQvCy2,False,943
8ypJK8k7mYR14sfmiQzuF68mvamu84KtMn1tvcrjpump,TSLvdd1pWpHVjahSpsvCXUbgwsL3JAcvokwaKt1eokM,False,340
8z84Rja6Rm6A2J43uVcgKvAtiiPtqnUkH178Rbrepump,8gsW3AYSXNYiznt4dnbKxHGsypdpQ6nGFjxF9FKVqaYx,False,1
8zCwMFcVurmeHytdzv9NkzNnLNNqrJaYkKjtgLDrpump,TSLvdd1pWpHVjahSpsvCXUbgwsL3JAcvokwaKt1eokM,False,24601
8zGjsa4j81DCzD9DbkJqhH4xXaQTWua2FcyfS7eypump,TSLvdd1pWpHVjahSpsvCXUbgwsL3JAcvokwaKt1eokM,False,24600
8zRJXjLbmWiuBo28LP5cdkUg92T93BarkAJ2etN8pump,8qZ47RP3yjvWDtSZ54B2VAmvf7eKCTQLSKfE9zfSw4vR,False,24601
8zVrSVErF87k6WLdJUK2JyTyDzFUN8mBvK8Hg5cYpump,TSLvdd1pWpHVjahSpsvCXUbgwsL3JAcvokwaKt1eokM,False,1305
8zZT1wsj1FusRf8BqdJj8c8Thp1ZN1HWEttz9Rtrpump,9c22pGT7J5NduYJVcPgsa7wkQKXusbpyNwVB5HVa5mvP,False,962
8znSBKscE4rZ4orEims9QFNxzi7qzs5KDxtGiGq8pump,TSLvdd1pWpHVjahSpsvCXUbgwsL3JAcvokwaKt1eokM,False,2328
8zrgJrFt6PW4QJSoHCFXn2uAMtWPNAGasSbGmNpXpump,TSLvdd1pWpHVjahSpsvCXUbgwsL3JAcvokwaKt1eokM,False,485
917XB8vMQcHsjcgRfYVRhrtZ3jJQAWqMFQgsiai7pump,C6H3jKLym9nUkc6QHFRGysv6yQ3tc11tJvfDHcGgwLgz,False,994
91HLYc6NWHk9vVrz9aWv87BgPgMAqJDyMeQMiDrqpump,cy4T7jteaXqUQLeLL9WE9FEEThAsHTUbdkjbBNpzFVt,False,24601
91KvRpXUgdFyHsrsL1kWjs17oKfZ2gARC24fuf3epump,TSLvdd1pWpHVjahSpsvCXUbgwsL3JAcvokwaKt1eokM,False,1323
91QvRZNA1U4cfDB959zNxtCoqdYddqaJ1eN5zvdpump,TSLvdd1pWpHVjahSpsvCXUbgwsL3JAcvokwaKt1eokM,False,1094
91RJmFJDHaSiRJDyh6Khi5KEb7ae8cP5zyxBgA6Apump,Hu2mw1oArJBaSJFYnrshmrFqa6HVFHGSCZKPxtFKkAWT,False,24600
91RcpJemsS5tMmbCuW9uq8giz3u1ZMm4pZDjXNtHpump,,False,920
91eUZ2Pt3Cm57WyvrXmGo5FNPDxWDAV6B9WnJNy3pump,6W25SSpoBF8Jz1eKfbKPdZhY21Kp3AA6dgiPKv44dDVH,False,1
91g8Qj7E76w3eoLogNqmb3jVkDCNz6zVeQHgkx1ypump,TSLvdd1pWpHVjahSpsvCXUbgwsL3JAcvokwaKt1eokM,False,24599
91oBzETvpZQQR6Qhs43xQVTV4Am6RMQSGDQSiJh4pump,TSLvdd1pWpHVjahSpsvCXUbgwsL3JAcvokwaKt1eokM,False,1
91zBQrYLwZS2MfNKvHpn5CMydHvEwrmvphvNdx35pump,TSLvdd1pWpHVjahSpsvCXUbgwsL3JAcvokwaKt1eokM,False,1
92Pkv2Da4oq5i5J2pQ7rpi1yFdgdfUNswquSf2unpump,EdNcBDUFQaTxuaaiFfp5Ss4EanvuXtpGV9ZZvFFVRayd,False,24601
92ZyuS561trSyxufvuAXWejqXCDFnBR9mTMEKrj5pump,TSLvdd1pWpHVjahSpsvCXUbgwsL3JAcvokwaKt1eokM,False,1343
92obneiUDwW2d6gmWU8xxf5MKrYm7ZaE4wYwdQXgpump,TSLvdd1pWpHVjahSpsvCXUbgwsL3JAcvokwaKt1eokM,False,1262
92tGqHmerAsmgpHFHyw8w7fUPBExT4V5eAqXdtMvpump,TSLvdd1pWpHVjahSpsvCXUbgwsL3JAcvokwaKt1eokM,False,681
92wf5vnG5vY7BorxwgnAMsTj1SG7ohpmBvXkKtWRpump,54vxAYUgdEPskDoEGEMAPTR8ayfU7vTDXXVDL44ZKKGn,False,175
92wuGwwgHHNCXMCxrPsWHsCsECcDAdxQzXeLq5rNpump,TSLvdd1pWpHVjahSpsvCXUbgwsL3JAcvokwaKt1eokM,False,2663
93CRzwgrZsHmXjS7T9GadUzZkyCoXerF9AgAcMZ3pump,83EetidgE4gLk2c3cCmaf8TdtqkCpLjgpMh4gFFe7JKf,False,2996
93DBCPN5uGFpXeUS6KTZeqteyr9X4oGgKP9NW9k7pump,Ez547Qh8r2Z6KLBvAbogxaMG8K4PD94gpEbKRVr31eo4,False,24601
93DkJWEKQtZht2MeXXZ5L1YMXRyUMsbEpvptGcFCpump,TSLvdd1pWpHVjahSpsvCXUbgwsL3JAcvokwaKt1eokM,False,842
93MCjhxe56soTv4Hb5gTDCXeN7T86t3ojt21GppYpump,,False,90
93zhFHqtGZ9239SjorXAzC9kEvG9zykYAWhH6LyYpump,TSLvdd1pWpHVjahSpsvCXUbgwsL3JAcvokwaKt1eokM,False,1066
943HYgvQe1Y4ov2Nubgug3kjU5dzyGzNSMBX41ospump,DRAgT2aGt5RyA585A493rLkqKv5b4NArAB7mKhQG3MnY,False,26601
94UepnJxemCGTq53UFECFn8g3o9EVJP4hgB36hZQpump,TSLvdd1pWpHVjahSpsvCXUbgwsL3JAcvokwaKt1eokM,False,972
94aep4mhCTyVjW9GfCh2tooek26TkV8UQhQfLXs3pump,TSLvdd1pWpHVjahSpsvCXUbgwsL3JAcvokwaKt1eokM,False,302
94mHGERTPtFqD1bxtJnM2RcrTrk4sg2SsJtVrC5mpump,TSLvdd1pWpHVjahSpsvCXUbgwsL3JAcvokwaKt1eokM,False,1209
94nSdEPSxcyqSx3qbm11YnSgEBteghvCg54VAJmzpump,TSLvdd1pWpHVjahSpsvCXUbgwsL3JAcvokwaKt1eokM,False,1
94wUndHFyNvse4jzEPonbTfCNXEkdiub4WXUdxgEpump,TSLvdd1pWpHVjahSpsvCXUbgwsL3JAcvokwaKt1eokM,False,1304
94zczHm8beQ4ToTSCpngqMxEDvvwpxk5EnAt7cuBpump,TSLvdd1pWpHVjahSpsvCXUbgwsL3JAcvokwaKt1eokM,False,1
953r9QXBvGFkfQQvkwM3TQTmQgv2huo8d8BYo9etpump,7oyoGVf8yMN6hYCMvVYA1LGpfQCe8eZPa5vmuxuPLYvq,False,24599
95MtexuHqwL792A5Bk8iff33ha2RwdD4W41ALJsvpump,TSLvdd1pWpHVjahSpsvCXUbgwsL3JAcvokwaKt1eokM,False,823
95tAkSbe6ASp7UajCpjuECCeHAkfNswWpHexGL5Tpump,TSLvdd1pWpHVjahSpsvCXUbgwsL3JAcvokwaKt1eokM,False,44
964ssiZnVnZJrjCDvCbBuwgsozW13gmGtJdPWTAwpump,TSLvdd1pWpHVjahSpsvCXUbgwsL3JAcvokwaKt1eokM,False,1
96EcAL5NEDHcNpUF5gk7n8JGUM1afn8QPiWbcUZhpump,TSLvdd1pWpHVjahSpsvCXUbgwsL3JAcvokwaKt1eokM,False,484
96PqfC2aKhQZxNuZJdxzNP37ZKWt7fcHQ24FzHfzpump,DmcHdCpL6U1Mc2W8zNhbG54ftzsSxF1PLqtBMHWYvq7W,False,1270
96eQY5eYZ8jobUyEvu2cS8mmBvnMHTKKcQsAJp3zpump,CCu2CZGzX4ns23cCsYL9QY2WuUd5gZPVmPeMKbACgGGw,False,16909
96hj47MzSpZgVcT1v4nwpbQNEU59f6ys48PArGivpump,ExUxxmeGFc7HVgoSiMS2YYn4DWJvQyhKdnq4ctMp4Eka,False,1
96pVfBphb7MymA8TW2o3LN3MQ4ZEUWcNNQgSzdgLpump,TSLvdd1pWpHVjahSpsvCXUbgwsL3JAcvokwaKt1eokM,False,2969
96zNUNe1t9eh7q2tpQySx9H76twh87SfqBKcf1YGpump,7qsh3WZLr8tVRsbaXb7HF1cR2qckDrwXty7PN74fwRZr,False,24274
974QTeEmhF8xy4vJ3nfzumkPKMdJhdrtT6A7xvbipump,TSLvdd1pWpHVjahSpsvCXUbgwsL3JAcvokwaKt1eokM,False,1119
97C3UQf2GVsN1PkRu37f8iKG3wFeVKb5iZR3WAabpump,TSLvdd1pWpHVjahSpsvCXUbgwsL3JAcvokwaKt1eokM,False,24601
97E77f7qpZ8KQZemTF5A7675QA9nF4CKkz9rnFRipump,TSLvdd1pWpHVjahSpsvCXUbgwsL3JAcvokwaKt1eokM,False,753
97KKCdD9rBX9eZjzXr9cqTeqetuCHrrM2Aumx1xzpump,TSLvdd1pWpHVjahSpsvCXUbgwsL3JAcvokwaKt1eokM,False,24601
97ZBmZsnzo8yTenHDr7ykrxx4Vf4YRjGm6oNvMMLpump,TSLvdd1pWpHVjahSpsvCXUbgwsL3JAcvokwaKt1eokM,False,1
97dAijvoX9WXFXCoXNTMbvVHBGpGrSZUzQssfaxipump,98gGZYRY1kx5yerHzJpacA7FoNrK3UdAkejNCDChLRA3,False,24601
97eF82Gxzzz2MUZZGcvbhN4jzBhwqy8AGUX1dwv3pump,TSLvdd1pWpHVjahSpsvCXUbgwsL3JAcvokwaKt1eokM,False,1166
97vo2os2e22ZgseapQpWRVtH9TZfisw4dNHViYCtpump,3qq4fJyUiKuWAibj6eLysDgJxkQxHfNpwmPoyiRXozFg,False,1
97y1UnhmnE16h4tT2jKXC3Zivr6Fw1abHbrYXQWpump,TSLvdd1pWpHVjahSpsvCXUbgwsL3JAcvokwaKt1eokM,False,2001
97yDMn1sWrNei6R4qFUUKkHwNtr6kJ2TFhBt36bspump,7AUZKXzqSmu3cZ3635AofSbB2XTxhP1aGTHkTUk7ofp1,False,24600
981kFeCX38fdNS3qsjsDXWxCEXWdGu2W1mfx4FANpump,9FwWboAkpNkDoALGxW26DSUNhfPK7apVs2NYkkAf4Ubw,False,24601
9842n1ga6SCZWA49stmdX7WoN3dw3FaDeJjNfxFzpump,TSLvdd1pWpHVjahSpsvCXUbgwsL3JAcvokwaKt1eokM,False,1027
984GBL7PhceChtN64NWLdBb49rSQXX7ozpdkEbR1pump,TSLvdd1pWpHVjahSpsvCXUbgwsL3JAcvokwaKt1eokM,False,1
98CdcBjcf83PUvRr5vPpvhy596TDdT74ksjccueMpump,TSLvdd1pWpHVjahSpsvCXUbgwsL3JAcvokwaKt1eokM,False,1
98H4v6Sn4sF2fDiai547bww3vQe8euifb7mAw294pump,TSLvdd1pWpHVjahSpsvCXUbgwsL3JAcvokwaKt1eokM,False,1199
98JbJ8zzca8nwsM3Z9Ex1Fz6zNAbpp3LM5vA8Tqrpump,TSLvdd1pWpHVjahSpsvCXUbgwsL3JAcvokwaKt1eokM,False,108
98KzLGK2wobwYuJ2RyM9SJSyvizTLN2XhKHm5MR7pump,TSLvdd1pWpHVjahSpsvCXUbgwsL3JAcvokwaKt1eokM,False,1
98qUpRvsxH2PyvF1Yxzat5frgcPSN4WLiBSYP7nNpump,SRxPaPWNSMYqJV8tEGBFfdxnrLohgnBtsFiaLjNq1rU,False,24601
98qyySYccfiNXXdYK5oTwwLkr2CLAuHPdTLV2K5xpump,TSLvdd1pWpHVjahSpsvCXUbgwsL3JAcvokwaKt1eokM,False,871
98tL5oJt2n9yqaxnfpJY8ePsnj9ZMbevBn8LaiYzpump,TSLvdd1pWpHVjahSpsvCXUbgwsL3JAcvokwaKt1eokM,False,1146
98vyHoVW7NqyzYjBXHKqbJVaJrer9nj7qijQXcVApump,8hdEZFFGYrNsTGv8Hmg8PEXcRkMWJmVYitDDGrATTCWA,False,12001
998LxiNKfBG4c7NZ8QGQjyMBeKCVoj3ufohQy9A3pump,TSLvdd1pWpHVjahSpsvCXUbgwsL3JAcvokwaKt1eokM,False,1229
99DMfh9Fzk4zmVFQduTn5nUb4e2PTQF98mzFsCFxpump,TSLvdd1pWpHVjahSpsvCXUbgwsL3JAcvokwaKt1eokM,False,1242
99myne1mVnsSv2kAkzZDfNnwf5Xb4SASJnaCRXdbpump,TSLvdd1pWpHVjahSpsvCXUbgwsL3JAcvokwaKt1eokM,False,1
99nE58L9QT2X43bmrnvkEa2VQFAHJrU2Dk8HXNZKpump,TSLvdd1pWpHVjahSpsvCXUbgwsL3JAcvokwaKt1eokM,False,35974
9A9zx8yWGg8atWJFLpgBNQDdrkh9WNHcbDzy7k8Wpump,TSLvdd1pWpHVjahSpsvCXUbgwsL3JAcvokwaKt1eokM,False,587
9AE2GDSB8buSSrbA5BHEhUKhKTjG68xZgXXGUEATpump,TSLvdd1pWpHVjahSpsvCXUbgwsL3JAcvokwaKt1eokM,False,1108
9AFYES5V9ijNrkKiq9FAuJez4dw14namTBYm8ES7pump,TSLvdd1pWpHVjahSpsvCXUbgwsL3JAcvokwaKt1eokM,False,1171
9AVBtLcG7WsFugBQeCrCuB7q9FyC3LJ3XXFyEp7mpump,TSLvdd1pWpHVjahSpsvCXUbgwsL3JAcvokwaKt1eokM,False,305
9AZ5sZPx1Q64rSCatSosXkqiBgLuGTfSRN7i9JY9pump,BHR4y8oEq5q4wtXkvekVcWYJaFUkVyMrsDzxVr1JjsFD,False,29220
9AZWLHAR2iLreowZcEcvB1ihFFVoB4C2WmvoGfeupump,E1DXKqmj8Z3Uaef2eysrnXcCFPVtVTVCXg5yqp78T1Qf,False,2001
9BB6NFEcjBCtnNLFko2FqVQBq8HHM13kCyYcdQbgpump,TSLvdd1pWpHVjahSpsvCXUbgwsL3JAcvokwaKt1eokM,False,1
9BHB7cU8nbV1h7hXQQY4UTS9rh59MRziJUyVTcTLpump,TSLvdd1pWpHVjahSpsvCXUbgwsL3JAcvokwaKt1eokM,False,910
9BPeJkKqn1h7KmriR6iiwRzm8USszaeJiGsV6YqKpump,TSLvdd1pWpHVjahSpsvCXUbgwsL3JAcvokwaKt1eokM,False,1
9BbgSnxUPFntHxJhNpTohjvCQ7CkXe4MtjtvTpQMpump,TSLvdd1pWpHVjahSpsvCXUbgwsL3JAcvokwaKt1eokM,False,1012
9BbtbEyPaG7qWU5Rrsy433HT9drsTYtFzzbEG5Nwpump,TSLvdd1pWpHVjahSpsvCXUbgwsL3JAcvokwaKt1eokM,False,1326
9BdNZzYLuKeiN892zvz84B7X9JHgcaMH3ANHpDU2pump,TSLvdd1pWpHVjahSpsvCXUbgwsL3JAcvokwaKt1eokM,False,191
9BrGJXPhiZGkQKG5E6PWcbryy4Awj5RymmGKE1uhpump,,False,1039
9BxKNP7sTHnT6HdFPDaWg6yXKZ9Uxm55Z8bBc3Dxpump,TSLvdd1pWpHVjahSpsvCXUbgwsL3JAcvokwaKt1eokM,False,24601
9C1aEmt32LhMxQdVnXYXyQhxRPT234Aat32VxtGpump,TSLvdd1pWpHVjahSpsvCXUbgwsL3JAcvokwaKt1eokM,False,1330
9CHgYxTCuLVLTXURLKLASK2mMFK3ET7ygzrqE8Kppump,TSLvdd1pWpHVjahSpsvCXUbgwsL3JAcvokwaKt1eokM,False,1229
9CJ7VnoLfJfHX3AW1NbJUqMX9nqwckEHvncexPAEpump,TSLvdd1pWpHVjahSpsvCXUbgwsL3JAcvokwaKt1eokM,False,1122
9CS5Gwk8m9KHoESFMsY6XWXGuhznP3vXmRNQpzUypump,A71cQxR5qWu8RbwNNir3JzsoGCinnPiiGtk59Pfp7srs,False,24601
9CZXH5dUEJan5R3jotyAWzZiWgSRR1kM7UP3EsW8pump,TSLvdd1pWpHVjahSpsvCXUbgwsL3JAcvokwaKt1eokM,False,1096
9CeeqYimCHcnCFyuKbFLKhbgKmYRrJNcDZaWLeFFpump,TSLvdd1pWpHVjahSpsvCXUbgwsL3JAcvokwaKt1eokM,False,1
9CnvEnQ7N7SGCbKiPEo6gsvi5AYbTCaZd1S959ftpump,TSLvdd1pWpHVjahSpsvCXUbgwsL3JAcvokwaKt1eokM,False,693
9D3ZyYHyxLVHrXhJ6S1wzVgG2vpZWY5pTnPsY7CApump,TSLvdd1pWpHVjahSpsvCXUbgwsL3JAcvokwaKt1eokM,False,1
9DDXJQxvDci2EfSVvbuNaZqhJT7YsHjWKC6DXDDzpump,TSLvdd1pWpHVjahSpsvCXUbgwsL3JAcvokwaKt1eokM,False,24601
9DEBxWCQ936NDAjsDbyD4hRzZkgbALUriZNxcPJpump,AP6HWqvrHE3gP574UaCK1K7KXkcaJJo6853pp3mfFTDC,False,24601
9DZvu8yahirm6NagRa7Cm484VbUwZYKRm3xvpMrbpump,TSLvdd1pWpHVjahSpsvCXUbgwsL3JAcvokwaKt1eokM,False,1
9Ds34Nr1NkKVdmJKbpyFDFCTz5Nkh38r1eELReuGpump,TSLvdd1pWpHVjahSpsvCXUbgwsL3JAcvokwaKt1eokM,False,1242
9DwrZweFWrRxYhjW8hwTRJoBQ3A1hM6kcnAWp51Xpump,TSLvdd1pWpHVjahSpsvCXUbgwsL3JAcvokwaKt1eokM,False,287
9Dx75unZAWamhAop3b3HxeZ5bHBfRk9j827aYw5Wpump,,False,1329
9Dy8dbenSc5PHmcoxMM7kPofgxgvJAjyYKEwAVeGpump,TSLvdd1pWpHVjahSpsvCXUbgwsL3JAcvokwaKt1eokM,False,2001
9E5GuvUrs4MbJ5jRhDoMEy67fGrHSbphjCnoALcTpump,5a7tTpib6fZAspsJvcbigkxHf7YHrtwbovaWNbCaN7rz,False,2801
9EY4jcZPhWGyoCFTidSxpNxouVZBUArQBn9Jepfmpump,TSLvdd1pWpHVjahSpsvCXUbgwsL3JAcvokwaKt1eokM,False,801
9EscCuQDEcHcu2K7sjebsa28V6s14cM396xR3MAspump,TSLvdd1pWpHVjahSpsvCXUbgwsL3JAcvokwaKt1eokM,False,646
9EwV8jVbLRn25fRDFuErz76j5SsWM4bcYY2BeZV6pump,GxJ1ENT28E11GeodJsYSBzc2J8bPew9UEbtJkSVKZVBi,False,1
9ExgTi7Cynhgs8bDcs2cXcb2jYjHQZiyKA3QLrQTpump,BvXfMpgvLvFffQtR2gmxwJCXE25GG7WtmhriceBWnFfx,False,1
9F8JfdmMehhMw8k4kUvZzM1EGf4UyLGCwS7Wug57pump,7HTteg1Uw2kLqZGg2onSp1Z2d7ywvmfSuSJdmGsnpsE6,False,684
9FESBC9zP2zaQBSLP8ut7GoTSNsmvYakHQ8q41m7pump,7h2ZXg7Edxym7GGHpoBU5pPNUkBpKnbN2gJ7vfJMmTwz,False,2073
9FUbhTkjXBP43y1eLLQa12WsM9CW1BPkTNUzWbSVpump,TSLvdd1pWpHVjahSpsvCXUbgwsL3JAcvokwaKt1eokM,False,1
9FnYGKigudg65u4rx9GDGra45e8Gma8EhpQ9oUyipump,TSLvdd1pWpHVjahSpsvCXUbgwsL3JAcvokwaKt1eokM,False,973
9FqgLV8f43AEqsLCi1FqmqCtacS91X3rxdLfFavwpump,3cG7d6GmX47HKSX5nWRX9MJpruCojbzUkak92gSXGtG5,False,1
9FyvApf4t4BXhtT35LqHCeX2oewR1tcP2cNBbqkhpump,TSLvdd1pWpHVjahSpsvCXUbgwsL3JAcvokwaKt1eokM,False,926
9G9Rtb3aHWyxgjvgcvuUazJMK6Yiz3J732GJnAywpump,TSLvdd1pWpHVjahSpsvCXUbgwsL3JAcvokwaKt1eokM,False,868
9GBByfZfB9MksLKBqs25GCSHpncB3PsikPkLuZMzpump,TSLvdd1pWpHVjahSpsvCXUbgwsL3JAcvokwaKt1eokM,False,1
9GXpjNqi84cCjsH342ugztTgvrLBJkMvt9bCghH5pump,TSLvdd1pWpHVjahSpsvCXUbgwsL3JAcvokwaKt1eokM,False,1221
9GpthvTPDpN19HeyvExoyazRhtq3agtg2nbcS7Topump,TSLvdd1pWpHVjahSpsvCXUbgwsL3JAcvokwaKt1eokM,False,1
9Gtss9HWbJBX4bw2m1Hos6yggnAcZrUdQL6xwXrZpump,TSLvdd1pWpHVjahSpsvCXUbgwsL3JAcvokwaKt1eokM,False,962
9Gy4q1YtZpE7Ph9FLYFi8ZE78Zmxc5o4ympGhSz7pump,TSLvdd1pWpHVjahSpsvCXUbgwsL3JAcvokwaKt1eokM,False,1201
9H1Gqb13UHAcyaGL2dqYqCqzxvoAu716qpzhGmDbpump,TSLvdd1pWpHVjahSpsvCXUbgwsL3JAcvokwaKt1eokM,False,446
9H6t1ao2XP2ZeNKRo2gQ3ckrxcUTXgjDmSY1ZB6fpump,TSLvdd1pWpHVjahSpsvCXUbgwsL3JAcvokwaKt1eokM,False,1
9H9zq8ZSGsfNpEJrXVL1jQcx8PttEKz92CBJcJgepump,GbPnLbBnrNGZ4r88i7gY1A8E7tHKrfbqjfbAewevtkAt,False,1
9HRNMkaGxD1bQqVDB6ZLWYB6J77G4XC1X6YRA8W8pump,GyQ8xSvWugaYiooMoSgRfYvBs8d5bXTmT38Lm4pruFRD,False,2001
9HSMssrVecFSs494Zw1QBZL5m3Wjtnic4o1nX6u7pump,TSLvdd1pWpHVjahSpsvCXUbgwsL3JAcvokwaKt1eokM,False,1083
9HVdZTiPZ3EEKdDHozSNWG3wxZw6N2MKt6JWsasjpump,9zeySuCqUmfyyNZNHhV81wJyV54DEMXcH2QZDHVfDEKi,False,24600
9HX37VD86rcXAxscM1AA68vbF8hcHECApSwvYeJQpump,TSLvdd1pWpHVjahSpsvCXUbgwsL3JAcvokwaKt1eokM,False,254
9HYTCgHEoqs5GNf8TFnFpTwQ1vzGcHNpN73D4jWepump,TSLvdd1pWpHVjahSpsvCXUbgwsL3JAcvokwaKt1eokM,False,24601
9HaTLPpMWRibGC9WFnipaYsSgowagVJp47XHezZApump,HGib5CvZQwdsrPnUWJD99HXna6gpL7wRRXgtfUwYwcsL,False,6672
9HjsPutyGGPpxnRn4ibH1hTfPvitAY5EPvtAwGFkpump,TSLvdd1pWpHVjahSpsvCXUbgwsL3JAcvokwaKt1eokM,False,1
9HoqD2Y7PhrfuYjspth4wFPqvVNqnGwCgPbNtHp3pump,TSLvdd1pWpHVjahSpsvCXUbgwsL3JAcvokwaKt1eokM,False,898
9JAqnBBhxg8wKHN2TpswSL7dMnDtMoRXHB64zNmgpump,TSLvdd1pWpHVjahSpsvCXUbgwsL3JAcvokwaKt1eokM,False,1
9JLsnxCqZju5ymLhMkTW6acnUxgrARqz5NAR7Acdpump,TSLvdd1pWpHVjahSpsvCXUbgwsL3JAcvokwaKt1eokM,False,388
9JhFqCA21MoAXs2PTaeqNQp2XngPn1PgYr2rsEVCpump,TSLvdd1pWpHVjahSpsvCXUbgwsL3JAcvokwaKt1eokM,False,1
9Jq9MX7btFDTtsSp2eCR7HzxBar8QR5qZCsJrRb4pump,TSLvdd1pWpHVjahSpsvCXUbgwsL3JAcvokwaKt1eokM,False,1303
9K4aJUdqfZhs6hZXY3P296HoxyPJeC6wRDKK3dzbpump,8i5U2uNBEuTc4zskYP14zbebDg2RSwrrG8REhEnJb97K,False,1049
9K6jn2usb1YJGcTpFVLwkUvsroKyDLVY6amgDEoMpump,TSLvdd1pWpHVjahSpsvCXUbgwsL3JAcvokwaKt1eokM,False,454
9KBr2P7zWFmKjebtczsV8SBmn1aSipod4VwPu2pjpump,9JyuijJTMLzkXTXnhm2SwnQ4aLRs4nXhz3VKJ6rskxfK,False,64458
9KCR9DcLNgMiPcTXebLPVy3NLNHJ8tTyCZPUfKQKpump,TSLvdd1pWpHVjahSpsvCXUbgwsL3JAcvokwaKt1eokM,False,1044
9KRXddfHPTjqHmbNSStvzPTbWQyp8JJocofXJNeXpump,TSLvdd1pWpHVjahSpsvCXUbgwsL3JAcvokwaKt1eokM,False,1
9KSTwFUXiBhkpSgzNoaa5MZ1kRJ2bcvuCfdSSjiBpump,23Lg3eE6TDseCy8xTZ5cauWb9kEiKvPqyivMgTmKEFp4,False,24601
9KepQf6VU8qs6Fe1tHxJCdwSMJPbGu9upWAxh3Gypump,TSLvdd1pWpHVjahSpsvCXUbgwsL3JAcvokwaKt1eokM,False,720
9KhBNo1FoYyWbU8WdrPVzA1z1MVSEZ9VCVBEqWzrpump,TSLvdd1pWpHVjahSpsvCXUbgwsL3JAcvokwaKt1eokM,False,760
9KnfYknBhQ76oQpKEUqR69qbj4Y7r96YH9xxu7bapump,4LXuAPTnnbhByRQGPiAGKPVh5bcgCXhhDeUJwJJU2BhZ,False,2001
9LE4zEtRhFLZBc3StJW8ssZ3ghivZd4ZSiaUk1rzpump,,False,65
9LGXN5tLAAjj1WyeWVUCgNZM9di2sEgE1WroqueQpump,TSLvdd1pWpHVjahSpsvCXUbgwsL3JAcvokwaKt1eokM,False,1209
9LSPo3AxVCJcRQTNK5pqai4t5UyNN9TvGFaYZ13cpump,TSLvdd1pWpHVjahSpsvCXUbgwsL3JAcvokwaKt1eokM,False,813
9LZmD16W9Mw7jJAg8WG5EBpkCoLYJsTPopR6VnTCpump,TSLvdd1pWpHVjahSpsvCXUbgwsL3JAcvokwaKt1eokM,False,642
9LaiwfwkNFHTPaJtNxdzh5M87zo3iSsFReZ4u8Aspump,TSLvdd1pWpHVjahSpsvCXUbgwsL3JAcvokwaKt1eokM,False,24601
9Ln1MHdd4ChtBH5XHQW1ChXMJKpH32dzzndF3wqypump,TSLvdd1pWpHVjahSpsvCXUbgwsL3JAcvokwaKt1eokM,False,24601
9LxcGBTc6knEM4c3eu8cURUTchJW5YqRHXVpj632pump,TSLvdd1pWpHVjahSpsvCXUbgwsL3JAcvokwaKt1eokM,False,1097
9Lz8q9YMryWzwsrUZeM9cedQmeTeLTuXusx2pzZppump,TSLvdd1pWpHVjahSpsvCXUbgwsL3JAcvokwaKt1eokM,False,612
9M53sMUqbZKyBhqrfPW6erZModxadJMFUtRJahJFpump,TSLvdd1pWpHVjahSpsvCXUbgwsL3JAcvokwaKt1eokM,False,1
9MK8SuyCnhVPbYmLG1u3pCJdShNhmyMhMe7i7Wjpump,CGNi4vovYQ1gd8P6yMgRXNjAP3PBhmQgd8JCQsiGc6if,False,1
9MVHRw7hMTqmftr1wF5MGvWdd7SKtRraWDmrWF9dpump,TSLvdd1pWpHVjahSpsvCXUbgwsL3JAcvokwaKt1eokM,False,1
9MYo6386Tj9jj2xUY5b9JW4J4NsAFbfUJTFFSVPspump,TSLvdd1pWpHVjahSpsvCXUbgwsL3JAcvokwaKt1eokM,False,1209
9MagYiUoyNGXBgnSpzLfNtfBsSw8yUVgjLpx9eZ3pump,67uWjuXiWBhzZx8k5Qb1eLM9xw14Wv9Z19Tt9YtUxFH2,False,24600
9MnKTgwFyXJgnZumHGT9NdHuzm98ACjkNwpLniLhpump,TSLvdd1pWpHVjahSpsvCXUbgwsL3JAcvokwaKt1eokM,False,1
9MnymBFQxMseWjBRq21ZMCCEyxkTRpTPJKjFwPv9pump,HFH9wvktgyRdk5T2hwPUDJxgaUw6uT6e7tgotrYN24c4,False,649
9N7McNXf2UdARJc1b7shAB5pRpew3SuQBCcLD7H1pump,TSLvdd1pWpHVjahSpsvCXUbgwsL3JAcvokwaKt1eokM,False,863
9N8oGkUqQur69F8AdTyTv8yjStgNg9NniuRAUe5hpump,TSLvdd1pWpHVjahSpsvCXUbgwsL3JAcvokwaKt1eokM,False,381
9NA5n2YeuH9JLebT7xEcbXem4DfzSVbA5WAXbGowpump,Gcy5azTDLrNZGYFa4DFMGuSAH7aVtt5xwp6czJWfaDqT,False,2967
9NDb1789b6KNEiyJAs7P9Fw2KHQHtn3fdGjfunRkpump,Cpj9fWQhPNoXnhJSdSiARqCkbd9muWZRJVWaKqqunhbH,False,1050
9NPNKEjuWEsGaZvQtJK1zgyQEprEAsGjmrMh159rpump,TSLvdd1pWpHVjahSpsvCXUbgwsL3JAcvokwaKt1eokM,False,1291
9NuSGCFCbqwFb1aXtimX5dJ3xrt94GJiDGf6PRZspump,TSLvdd1pWpHVjahSpsvCXUbgwsL3JAcvokwaKt1eokM,False,1249
9PJEJ4XZPJ4MFnk9h2V7KCY1mgFJ1n9J1Sv2JY7Ppump,AbWH13zsFwFVLtum4Tm6iZHgmKN3xsRwF7tWRYXGdJ5L,False,1
9PP58VWp8pSySZb6MXuKpxQtBRyyvJsSpqioWt3dpump,TSLvdd1pWpHVjahSpsvCXUbgwsL3JAcvokwaKt1eokM,False,561
9PPv7UEfDfaiQsPUioBaGuKNjQcHwAfADnMyJsZdpump,TSLvdd1pWpHVjahSpsvCXUbgwsL3JAcvokwaKt1eokM,False,596
9PR7nCP9DpcUotnDPVLUBUZKu5WAYkwrCUx9wDnSpump,TSLvdd1pWpHVjahSpsvCXUbgwsL3JAcvokwaKt1eokM,False,6101
9PudoyBRxtcsw9b2uLWMWf3r9bLph8f9TiBfdvzrpump,5d6Uu8gvEqCe4zFoWdGS8dTx9ccF6TJaKNg7C7RyH8Wk,False,1
9Q8BNPzujkGcrGnybA2BqB5xh3Q3cYUGYmfnz2bYpump,TSLvdd1pWpHVjahSpsvCXUbgwsL3JAcvokwaKt1eokM,False,1
9Q99nno92Giotm7SH17nGm69z48ookhBt93jrfZ2pump,TSLvdd1pWpHVjahSpsvCXUbgwsL3JAcvokwaKt1eokM,False,2746
9QXTMJUXP1SgpHTCjmNRU8JtX4kfJBtXwcdic347pump,TSLvdd1pWpHVjahSpsvCXUbgwsL3JAcvokwaKt1eokM,False,1200
9R5eiBDM7LcHH3hYFJdpFbHoj76S5MaZhiUxp5TNpump,7iirttBm7YwKnJ97gZPdPy5PK6ADPAiFAehGaPKHZTcx,False,20895
9RLS414pwe1RvCQDFNMU31jtPAnLUVULPqzSM1ipump,TSLvdd1pWpHVjahSpsvCXUbgwsL3JAcvokwaKt1eokM,False,1
9RmfT6MDXrS25AVQHbnsZFqD8UnpdQSQVfjyW2Yppump,BkpWy8tQAJVP8HLbpUVrQZyU1P3STUXQPrJmUmZ798m,False,1
9SbDeAhHt1TjPNwhg8de88jhstymAn4A4KPDzdJvpump,,False,1
9SeNpNxwQ8LkTXNwHfE5g5e88Ad3KPKGwhTd2trppump,7vtufDQ299goLNesFTjUeTCJ9Giie82pxA65ysTCeqog,False,24600
9SjV6FgdVwZzy9QXw7xrHNrA6C8ALDVWe6q5HhSVpump,6UA3iPmFSiQxMczodKANCVZq1bWjTv7uZuXK7YPMNJrY,False,1
9SxjDNtxGkZsYzKbK6ELsCJEbLsoK74ryEKMt4bopump,TSLvdd1pWpHVjahSpsvCXUbgwsL3JAcvokwaKt1eokM,False,24582
9T3NSWMxVtjQfnADvd1ogCixSGELurjyH66yiYBTpump,,False,16755
9T8NC8Uouorwh417kQgvBX7NsasdFGc94cbzpEMCpump,TSLvdd1pWpHVjahSpsvCXUbgwsL3JAcvokwaKt1eokM,False,1
9T9ZBxLgVPgyz5Z18N57WZ5Hbbv3taiJWPDqQJBbpump,4ChFwnoDzB5zetjstf4imHmVRCE4LHFVXw8aFToUqYfC,False,933
9TWJUqC5TM8ingYUm6x5cXCvisCdYTxqV1beFZFJpump,DEVsZnwbqtjDyn5kJyvP4YFcfnqQdbS1u5jDyeFVy1fQ,False,1
9TWa7NPkeqEojoY9Kue7A38AvJV1QTfjKScvqGsEpump,,False,1
9TrFuzWfnWZvqVi9cLuGLnr6xqx2Gqv527W56Mn1pump,TSLvdd1pWpHVjahSpsvCXUbgwsL3JAcvokwaKt1eokM,False,512
9U36ffVnFZoPaEFxW7j7iEnS9o3M7ABmLe2sDYj5pump,6bUcxGsdvsfMettknhPWsdkF2VHzNANgdHgo3NPcV2u7,False,2001
9U7pn4QKKEXZEcydAF1tbBfjh9mWmy1qkkupkg19pump,TSLvdd1pWpHVjahSpsvCXUbgwsL3JAcvokwaKt1eokM,False,174
9UA5kKfeRkMZuh6qE3koZRzLE26sojmzCrBr95Mpump,ECEAhibc1z8DT1hqi6QkF8q2h3D5MocNvERJmLg49baM,False,1361
9UFJCfJSb7mSSX9mmpDtLcW1vKCd7Jp4d1RKYwd1pump,89Xr74EQDxq46f3Wk1c5C642aiC6SAvGvi6nKd9CqfGF,False,49638
9ULSsCGyBWYaykYJsHwsZdH6YrW4m8gnZJRvxKbYpump,TSLvdd1pWpHVjahSpsvCXUbgwsL3JAcvokwaKt1eokM,False,1091
9VBhKuR9DxDP1wQCi9MPFY5q8fkYb62CPUYpx4Gppump,TSLvdd1pWpHVjahSpsvCXUbgwsL3JAcvokwaKt1eokM,False,1
9VFbEsoF1ry2ENtjsDGpgrtSVjr5gu7qSJnMzyCLpump,TSLvdd1pWpHVjahSpsvCXUbgwsL3JAcvokwaKt1eokM,False,612
9VZNY1ozzDjShdjpwjbz4ryMYjgry2E1PrDZ79q7pump,TSLvdd1pWpHVjahSpsvCXUbgwsL3JAcvokwaKt1eokM,False,951
9VtLvFKMZppbY2jbgF8r6KD5kiaR2G9kZ6Fj4oGWpump,TSLvdd1pWpHVjahSpsvCXUbgwsL3JAcvokwaKt1eokM,False,1
9VtTaSPb8oizq9Yq3tuw19nXR2oVgLguuwcRhDT8pump,DRAgT2aGt5RyA585A493rLkqKv5b4NArAB7mKhQG3MnY,False,26601
9Vwhq9ayoxkQiki8oohLHNsMdwtSnXiPkWctx4d7pump,TSLvdd1pWpHVjahSpsvCXUbgwsL3JAcvokwaKt1eokM,False,756
9W3PK4EqFDAcYzVncCvnKWrgNiT9ozJbqfAa7rq7pump,TSLvdd1pWpHVjahSpsvCXUbgwsL3JAcvokwaKt1eokM,False,66
9WEC5KsQtN8BJzkhPFD5LLqNWZfMSaPjBUVK7LkJpump,TSLvdd1pWpHVjahSpsvCXUbgwsL3JAcvokwaKt1eokM,False,950
9WXNvkvub2Fvg88n8mLD3iywpLmfhRZHZmdf8CGhpump,TSLvdd1pWpHVjahSpsvCXUbgwsL3JAcvokwaKt1eokM,False,1
9WbdXf8QN3x7nwnvzFU5zY4V2Yc9M65Wiru2UgDdpump,TSLvdd1pWpHVjahSpsvCXUbgwsL3JAcvokwaKt1eokM,False,333
9WuADsQtSPQCA18xan5PJj8m1t82bQeUkLoLssS2pump,TSLvdd1pWpHVjahSpsvCXUbgwsL3JAcvokwaKt1eokM,False,1
9WwQBoPS38sv5ZPXaGy6kTzdYbNeHZzm27hkfXrJpump,TSLvdd1pWpHVjahSpsvCXUbgwsL3JAcvokwaKt1eokM,False,1
9WzAvvjQ7nH6jkPKMRmnTbooyQpbkyCqRHyZX1Nzpump,TSLvdd1pWpHVjahSpsvCXUbgwsL3JAcvokwaKt1eokM,False,1
9XtBrwW3wn44pv4yZtBfcydfrqzRS1FXH7bwT9eHpump,FaPByELH1kQ4Ku5ApPLaq666c2xTpjazkMVDkWXxaT8e,False,24601
9YDSKLv6vAaXhKECNVwjiFrTe3KsFPRqXyd3D2Qdpump,TSLvdd1pWpHVjahSpsvCXUbgwsL3JAcvokwaKt1eokM,False,1091
9YYVuyCTVqRJwqAcCF58ZpYy6mSYH3p33ciLpfHNpump,TSLvdd1pWpHVjahSpsvCXUbgwsL3JAcvokwaKt1eokM,False,1028
9YqXMnwMnNk2JbK5PVffsRKTJ3GxuMn36u3TQKT9pump,TSLvdd1pWpHVjahSpsvCXUbgwsL3JAcvokwaKt1eokM,False,1067
9YugDJb5rxenUF6HHDUC4poHyuN9Lzf3VJ783wtnpump,TSLvdd1pWpHVjahSpsvCXUbgwsL3JAcvokwaKt1eokM,False,1051
9YyxgRKnVCEUB74DuvY7wLPzTA6WhfJFXHA7UP7Tpump,TSLvdd1pWpHVjahSpsvCXUbgwsL3JAcvokwaKt1eokM,False,919
9Z2yE1J3VTVRo7a6HcZWuG4DdXgNgPMJWsxHWTgJpump,Fh317sy8eVPCDhM8LNercvnonJtrjPY4QiCZiYV1kAbJ,False,1250
9Z3LF3ymEVwCPLd9uBda9ieySYKVK7MzukPRGHDPpump,TSLvdd1pWpHVjahSpsvCXUbgwsL3JAcvokwaKt1eokM,False,1
9Z3bpnCkppwgpPKSSagt3DZuytbDi5HTn2bqU7nppump,TSLvdd1pWpHVjahSpsvCXUbgwsL3JAcvokwaKt1eokM,False,563
9ZJR2essd4d7Kf4duQoHkrk7d8xhXRcfQqeCiyypump,6oLMHHuwb3jm1TuWRhipStcgZjHf5XSgfwHv2m7AYPEG,False,24600
9ZMZZum8AWdK4oM4koeeHbtEqe3fVMoP2u7TevRHpump,4kP6FPCevoFSgqP9CUj9pgzhgAHVspxVcWQFYQQ8cE3P,False,1358
9ZMtG7TadSXSiWuC7YYuSj41Rms1TAgSJfbt1UJJpump,7zL8k31NcGx7Yi7wZw51Kuv6AtLqetWiFgtj6Ddvtj3k,False,26601
9ZPYtZHtaWkRU6UeBbxjcqgZtkffyzeEkdrt7XGKpump,TSLvdd1pWpHVjahSpsvCXUbgwsL3JAcvokwaKt1eokM,False,916
9Zhx4N6UFhasVxCS8B4NkdWFq1cAAE6mS621Sm9Rpump,8SSXJRvQqgezronXjJETz5gR8fUHH8Kc6mrhjZp4529W,False,1
9ZmGhnw9CC9rgY8b6nRsn9cqeomKVPfBCB9TaeFDpump,EFcDpz9mozFmxd3YTCxu3xsDnEaSyCZinvLoXAUGGiCB,False,24530
9a2g9MSecgw27da58BGW4LHDaPba9rzNLf7DAAq1pump,TSLvdd1pWpHVjahSpsvCXUbgwsL3JAcvokwaKt1eokM,False,508
9aUNntPPmkwBDUwGvBP4MZxMezQK9tiondm2VKCxpump,TSLvdd1pWpHVjahSpsvCXUbgwsL3JAcvokwaKt1eokM,False,1
9abuY91zSYh8RN86KuQbaFxMCssJrWx8NTV5oMLQpump,TSLvdd1pWpHVjahSpsvCXUbgwsL3JAcvokwaKt1eokM,False,2400
9aceZ8WkXuizzxB7ogvDVE16Ya925EvAixSn6swXpump,,False,24599
9bEQia5FyE3bLRYVGbCn78cmJ5RvzpfYHsV4BFx1pump,TSLvdd1pWpHVjahSpsvCXUbgwsL3JAcvokwaKt1eokM,False,1191
9bGdajCUQAyz7tLtX7Lxq7LJTBT8eDdSo7wRpmtCpump,BsDup5rukUsCqt13csJWrdieQacbQHstwyo46SHZu5pL,False,24601
9bUYmXSFHygWvJbvWVbY5QqiXKhE8MvkavedqS6gpump,TSLvdd1pWpHVjahSpsvCXUbgwsL3JAcvokwaKt1eokM,False,1265
9bXSBLPB8ESHTTZZhZqbS1TV1Z4DfXJwcVkyouNzpump,TSLvdd1pWpHVjahSpsvCXUbgwsL3JAcvokwaKt1eokM,False,1108
9bhvamYqCpGEN9dEpQ9X5MrX1RWVNhPoUA9Pytgbpump,TSLvdd1pWpHVjahSpsvCXUbgwsL3JAcvokwaKt1eokM,False,407
9boD3Ji6RXtfL5DoXh7FbdE7nQqyUw2CuwXjTozApump,GGo2cCTAjnW2hkFSZi5gjLhymkv4bXuAd3Zcy2S112ov,False,24601
9c1Yz8RFekx4Jx17QekGxtYGNV8y5AL2aDMVkbf6pump,TSLvdd1pWpHVjahSpsvCXUbgwsL3JAcvokwaKt1eokM,False,1
9c5QrW2y9GTRmhM6FFXQBPkmS7w2kiwbjU9yzQqgpump,TSLvdd1pWpHVjahSpsvCXUbgwsL3JAcvokwaKt1eokM,False,1329
9c6cecJavALyer9nr5kryUpUjvHAXcrQ992N1tyHpump,,False,615
9c9i4DkUFRkq8113SPAJCiMDdn8SAQbz2VxeHU5pump,3Sk8Sr4u4gn4AhNYqchxVzd2pbecpjBoMYnLTgPk72Ww,False,53397
9cEeKokQNvQT3VxE6dw3XcYP88h3BvpHVkMS4PuQpump,8gM4gnxdLdkvifM9TCwkGAxrnNw4NiSiHbAdE1RqY96e,False,2001
9cLi4HZeiAePtyHGakLR284dN7L4eakty4dmLk9Apump,TSLvdd1pWpHVjahSpsvCXUbgwsL3JAcvokwaKt1eokM,False,668
9cZb3DZA33T9gm7xqk7Fpbe3cK6vTT2YGHbcfRrkpump,TSLvdd1pWpHVjahSpsvCXUbgwsL3JAcvokwaKt1eokM,False,1278
9cZuFXqbX8g1aixfjLre6MN1HGSoPy3rFGrs1vSipump,,False,847
9cpSEmScegcVZuHfeUd9zi9DCFpZczyVBd1Nc8n4pump,TSLvdd1pWpHVjahSpsvCXUbgwsL3JAcvokwaKt1eokM,False,1
9d3XcYgBVoiBNCbiaAaVU9sM4p7GuYKuGQG1oa7qpump,TSLvdd1pWpHVjahSpsvCXUbgwsL3JAcvokwaKt1eokM,False,24601
9d6ThJqBoWj6o5cyc3J6Ys8X1SsC4jzRyrxrGgC8pump,EqBfBgyJBPzrJ8yiiiSTdt48oGKcbos5YjWH5Npk7VmL,False,24601
9dDGfHXmuucpdEVQpCZ5fVJMJpxeSB2FP4MJh8LRpump,TSLvdd1pWpHVjahSpsvCXUbgwsL3JAcvokwaKt1eokM,False,24599
9dJ1Qio1ANMg1Tej5xLbZ6A8MRpGZiwdXobGd34mpump,8nfZkq9NyduiwzweSp6RGyD7Cs7r4ptrz4JnDmJNEdrd,False,4126
9dKiXJnPpFiBXwt9pnYtorkSLohkTjHZj8GezUMZpump,TSLvdd1pWpHVjahSpsvCXUbgwsL3JAcvokwaKt1eokM,False,1307
9dV5wyv4U9MHtz8r28JNmkVimrE7mAGDiddyK9e3pump,Dso3S2peE6FskDZJmTvLzHoUVLxWvrvtqBzffn5ovqXN,False,31843
9dmRjKrzUGYnsfoEUUoWpRiKrwSXBKLK2sMo4qkBpump,TSLvdd1pWpHVjahSpsvCXUbgwsL3JAcvokwaKt1eokM,False,882
9dsAP4hb4qveYjcZfqvjK1U74cP3nTMV3xE5H4g5pump,TSLvdd1pWpHVjahSpsvCXUbgwsL3JAcvokwaKt1eokM,False,580
9eLRcHw2G4Ugrnp1p5165PuZsQ2YSc9GnBpGZS7Cpump,TSLvdd1pWpHVjahSpsvCXUbgwsL3JAcvokwaKt1eokM,False,2140
9efUfbWJkNLiEqkmymT7ANJeUNZG4ZF4cbX4TqZQpump,BzMF6Yq4iPHx9KWt2pkpVVjc3d1XDQk9tDY96wM9AJhg,False,24601
9eqWnDF35m79nBjfaY8isDTUiuPdfQNmKASw377xpump,TSLvdd1pWpHVjahSpsvCXUbgwsL3JAcvokwaKt1eokM,False,1032
9ex7onJ7i3aizoqVqR1QsMrY4BjZdRQQT19FZzYnpump,TSLvdd1pWpHVjahSpsvCXUbgwsL3JAcvokwaKt1eokM,False,1
9fSsMFKNsJ6n7XRUtQQbp4QatnWiKtA7dSbRBsMMpump,DNbuZxeitvzfn4RhqYKzsop2kMeeJ2dtd3wLmpXkhhgn,False,2001
9fURVh8YkzXDch2KmiBK7YT1zPYGC9UcWfXATvcupump,TSLvdd1pWpHVjahSpsvCXUbgwsL3JAcvokwaKt1eokM,False,1
9fhTuJjSMwbTfZ4Ls89vN49896sHZMp3bmtBQSobpump,7xPutNghPJFtsK9RvZH8LkuRP3LvmuDrq7B3xwTkdmn1,False,2573
9fik8wwNqj9mxKAYUYFkW77nAN7oGpZtnCUcjMP6pump,TSLvdd1pWpHVjahSpsvCXUbgwsL3JAcvokwaKt1eokM,False,1237
9fvrVzXMCTcy25Si6JLJzg6fRqdaK2tJ9EA75pWepump,TSLvdd1pWpHVjahSpsvCXUbgwsL3JAcvokwaKt1eokM,False,1032
9fvvnUfgqeCKiA5Z3VnDcRdpWZciyzT1oMMTki7apump,BzZAu2gRietbf1hziENk4JPFGEnAAQ3fWFt4UdR44GKw,False,2001
9gb5tStmiXAEM4n8sGXJXMqMx65LfcjvWGct3rbPpump,TSLvdd1pWpHVjahSpsvCXUbgwsL3JAcvokwaKt1eokM,False,307
9gkPWyn3MKoq5hEYfJSN3nVKmBBTMfgpg49WdcjGpump,FxicoxtwsC8ENkoWxvKkpJpjSRtYA3v8eahC9YtJSDg5,False,1
9gm7GoFihZPQ1wzVsEGEqe81ymhkZ95hWdDNtDEopump,52mXWzgdyhTYx5nBPxZEDCUn8RP6oPszZNrtBRiYAsJs,False,117601
9grH3qznXs1jrxu9qHWYc3mTmxGugryVxKhuG6Yypump,TSLvdd1pWpHVjahSpsvCXUbgwsL3JAcvokwaKt1eokM,False,492
9guvZuxhsWRPmotwBBHx26Uj5yBjuAjvuHxq2QsDpump,EX7KHHkJt2aRn4FReizr2ZKPKT8xY41c9tyVRC8rZCV4,False,24601
9h48uZjXF6c6vFAiwnVbTGqPgicEaZHjyCwvPk7bpump,CkLdk54fEL5uQ2gbaeg1ESKtFgVVLJU1jCVFKESEPCBt,False,24601
9hFKorpbp4LHQ2gtaS71X8qkghoL1Ya9sz4yuordpump,CKr5AK5PYb63qKmWCDgbMMZ9Hn9dAwVFnHUuKj9JVPiX,False,24601
9hcN1Gb7Ahuc72NnXTCGwQXjuiPgGKAsdoAavgX7pump,TSLvdd1pWpHVjahSpsvCXUbgwsL3JAcvokwaKt1eokM,False,844
9hxQkBzTQJqsWcQGBS5Vz423vviyQji4uom7uewCpump,TSLvdd1pWpHVjahSpsvCXUbgwsL3JAcvokwaKt1eokM,False,1162
9i3PGc5Vwd4JWtixQL7kG59gDfp7keU9EbTfHaJipump,TSLvdd1pWpHVjahSpsvCXUbgwsL3JAcvokwaKt1eokM,False,1169
9i8yiUkwod1qDKU4yFVoNLxguYVoRJ7Sfntkfyujpump,TSLvdd1pWpHVjahSpsvCXUbgwsL3JAcvokwaKt1eokM,False,1254
9i9DcXYpmfVCAYg8tqBKShz5yZk3VTWnsn66fcTApump,TSLvdd1pWpHVjahSpsvCXUbgwsL3JAcvokwaKt1eokM,False,1
9iGN6PNN9zjmFd7syvVwfdSimFMeamqKuzFwprRMpump,DhKCTzsCCJ95ZeDdL7Rikh4fQNtYuCat6WfckkcuHxRt,False,24601
9iKrtmbuAxGKwtMa8Jr6jwdLtAkhjgw6qaT8T7Eqpump,J15mCwMU8EeSvaiFTTyM8teCoxXf82aLUh6FgtDy5q1g,False,24601
9ibewRtF2yGBNumg3K3uL2GahsUeQ1zsBjb76Eypump,TSLvdd1pWpHVjahSpsvCXUbgwsL3JAcvokwaKt1eokM,False,1
9iiSsWWgjKYuAR725C9goKJEZvTfWXyZ3zgrkeXYpump,TSLvdd1pWpHVjahSpsvCXUbgwsL3JAcvokwaKt1eokM,False,24601
9iuze1ULYZhfVyBwuNu2B2opAWphD5XYsyrfWV5Gpump,TSLvdd1pWpHVjahSpsvCXUbgwsL3JAcvokwaKt1eokM,False,1
9j4pXBi9VVbAsxung1tpDXRxNGZJ83Gu7Qz99ybapump,TSLvdd1pWpHVjahSpsvCXUbgwsL3JAcvokwaKt1eokM,False,942
9jchMvvpkk1ven7yiVnTEnC8Y6XJkemRhmojEjTHpump,DSBDmWz4NKqcxap3rfUgyHir8KMNR1W9GyzC1GdSxbgb,False,1
9jp36vFSTq3mZB3RZH7FGW1m38KgNe9DHDfeN9BPpump,TSLvdd1pWpHVjahSpsvCXUbgwsL3JAcvokwaKt1eokM,False,24600
9jsXZ35tfbQF9Smjc52pVmgYbNJbVzDX9mDvctQGpump,TSLvdd1pWpHVjahSpsvCXUbgwsL3JAcvokwaKt1eokM,False,1315
9jso3Fzdp8xuLXXbRuMAzZqpnp9U2Dn5s17Bxr11pump,TSLvdd1pWpHVjahSpsvCXUbgwsL3JAcvokwaKt1eokM,False,829
9ju3YFcvJP5uaeMYPYxTEqRzepk4KYnwjBd1BCurpump,TSLvdd1pWpHVjahSpsvCXUbgwsL3JAcvokwaKt1eokM,False,1
9juJn8VFjp3gVnSr4sRqy2ZppeQCQq71kXYkgFp4pump,TSLvdd1pWpHVjahSpsvCXUbgwsL3JAcvokwaKt1eokM,False,716
9k1Np3fYChXqsAdLLd6MVtvv6WSKWUVSgk9JLk19pump,TSLvdd1pWpHVjahSpsvCXUbgwsL3JAcvokwaKt1eokM,False,979
9k3tccNLbEnjj6FbVrGSAqxmvaik92dZLVcYS1dLpump,TSLvdd1pWpHVjahSpsvCXUbgwsL3JAcvokwaKt1eokM,False,1114
9kHSast4ZWVi3J9SD2FLXQnMvTdwFbUCRftPvNNxpump,TSLvdd1pWpHVjahSpsvCXUbgwsL3JAcvokwaKt1eokM,False,1058
9kUekPHTM8Wy7YLmmM5b7iLEuqBDsCNA1knq2eG2pump,TSLvdd1pWpHVjahSpsvCXUbgwsL3JAcvokwaKt1eokM,False,980
9kUfmza4WaswnrPgyqQzRKfKvXfh4MkBjGvj9qZcpump,EMNhEgeRJP4Gft2WkTrHmBHnHwovGgkTG6obWJTWKiCm,False,1
9kVa8cK3vWyhFXeQW192PQzo2uyZS8ujzZBRKCUHpump,FUqsGmRDUbWAjRBudwwYc1XSAiCNt96wNs6c2J5TUJjg,False,43166
9kahs6tASfXb8wXhC9g54mYA7e33XzmksYdpjQBDpump,TSLvdd1pWpHVjahSpsvCXUbgwsL3JAcvokwaKt1eokM,False,1
9kbXLEz9whoN1NCYZh7n3HpHXp75wJ1zG2Dfoys1pump,TSLvdd1pWpHVjahSpsvCXUbgwsL3JAcvokwaKt1eokM,False,801
9kdGDpLcG1D7gtuSrX41QxmiESzTjzKz9tW7ogzPpump,TSLvdd1pWpHVjahSpsvCXUbgwsL3JAcvokwaKt1eokM,False,807
9koJWK1JQRsvTCgMH9X3txrbjVfSMvzrzFa8uRyzpump,TSLvdd1pWpHVjahSpsvCXUbgwsL3JAcvokwaKt1eokM,False,745
9kqDEqHGKsP6rwEMv3G5E3y9X5T88qRzme5bv4pepump,Fo5ujGAjd1yte6PoQ6T83neXmcMiFr3vK757UZw4oywr,False,1
9kskv67c4URmBKhpWLsL1UZZjeR8KYm3sRCrh9jBpump,TSLvdd1pWpHVjahSpsvCXUbgwsL3JAcvokwaKt1eokM,False,994
9kuapAHFfXb1r5sTci6Br2kFfW9NWoHCZJ1zqYVFpump,TSLvdd1pWpHVjahSpsvCXUbgwsL3JAcvokwaKt1eokM,False,1136
9kwvtVoosgttMNeVkiPLrtH361kUDxWHjtq44kvCpump,3db6xuy8JPg5Cohgfnw4pPEYmQWHsGB2zJqcfSeA1iHj,False,24601
9mKCdSuj7MfnQZJX6gAiBdndBuaRFXcFtkRPg6HSpump,TSLvdd1pWpHVjahSpsvCXUbgwsL3JAcvokwaKt1eokM,False,39
9mQEkFVqmRJLMPUJT25qriKXi2sH8RiuMBrzLeLupump,,False,1
9mhnc6MqjPG2vhTzSqKJEtMxwHDABifed9veNi8Wpump,9PJynx484D3HDeUWpgL1aod3gVfD3X1oTKTYefeB4bEa,False,1
9msZEmi15JWB75gkx5imE72Fptw2bUNB1Z4axRhmpump,TSLvdd1pWpHVjahSpsvCXUbgwsL3JAcvokwaKt1eokM,False,24593
9mt4LkTG28B1mQKPjCKkGwMjGywS9q3v59XBomFNpump,TSLvdd1pWpHVjahSpsvCXUbgwsL3JAcvokwaKt1eokM,False,501
9nJVEmiNFqLkueCGTsYtqAgx6v7wvckQEH5jzhBopump,TSLvdd1pWpHVjahSpsvCXUbgwsL3JAcvokwaKt1eokM,False,982
9nX5Wd82J6VmTvEgq47XrbJucoWRFgGDEEkp526Qpump,D8Q2BmoGEkUvgGFAQZSNZLGcByFHDGmnMSESZkLnZesT,False,1093
9ndeVSdS7wif4zCmDWd9kvC2HtjHzzZJJi2QUSvEpump,TSLvdd1pWpHVjahSpsvCXUbgwsL3JAcvokwaKt1eokM,False,811
9nj92MjhAKKYyVmoNKeqN7rVDre6H49MuBq8XMmUpump,TSLvdd1pWpHVjahSpsvCXUbgwsL3JAcvokwaKt1eokM,False,1
9nmu7zbf1kKNb52cAohAzyjD3yRdG8Pszw15Umsupump,TSLvdd1pWpHVjahSpsvCXUbgwsL3JAcvokwaKt1eokM,False,1
9oH8xmNTfrBtJSy9XmjZUKRweLnZmQJ5DZteCRdZpump,9SUMhU4MfRVPCiQpFYfQ5YtVgduRay5NqVPDLPGrgRUE,False,1
9oJDwqmge1HEcrP5CTcuqtc13xsroeZ1214mNaVypump,6KHMTf6kskNk97dugpvBGGTnBQJWP7WZ5gByPuJrUHeA,False,24601
9odTJiL7RbBY3EDHhLs9iTsDu4LB81oFJAboLFtFpump,,False,1264
9opxF7mK2HB3z4VxExC81exUbkShTZxhPGJcde8xpump,TSLvdd1pWpHVjahSpsvCXUbgwsL3JAcvokwaKt1eokM,False,24601
9oswXoLd3iWNM3ncyqNaLtDTSyEaj8mZR1Qu3SoGpump,TSLvdd1pWpHVjahSpsvCXUbgwsL3JAcvokwaKt1eokM,False,1
9p4MMz59V4S3TxP87hcAepxF5mq9iqN1jif9Jj9bpump,TSLvdd1pWpHVjahSpsvCXUbgwsL3JAcvokwaKt1eokM,False,832
9pEUAjXyuaPpcrAbtHXKyUrEDxmWzU4bN12P6kRupump,TSLvdd1pWpHVjahSpsvCXUbgwsL3JAcvokwaKt1eokM,False,1131
9pJ2SaBgN4k3pH1Ygj2Tu16WeDaptVcTcqqXfDNDpump,TSLvdd1pWpHVjahSpsvCXUbgwsL3JAcvokwaKt1eokM,False,435
9pJxbL3DWoPCfJ76qSywKZsLk6USpXSVzzbVNW23pump,TSLvdd1pWpHVjahSpsvCXUbgwsL3JAcvokwaKt1eokM,False,24409
9pWPUXoZKWNPWyaegPQeR3Kn8aFz9nrGtm5jeAFzpump,TSLvdd1pWpHVjahSpsvCXUbgwsL3JAcvokwaKt1eokM,False,1
9pYnTwcU816imcfpi5TdrbHKTmA8jux4pyqXNJwWpump,TSLvdd1pWpHVjahSpsvCXUbgwsL3JAcvokwaKt1eokM,False,937
9paFtMPuijLSRP9CQm7v6e77SpNHNxdW5rP3QSpGpump,TSLvdd1pWpHVjahSpsvCXUbgwsL3JAcvokwaKt1eokM,False,963
9piT8Hf7UZ8sr3MQFDhG3JEduYREpdsaGh1hmLVUpump,TSLvdd1pWpHVjahSpsvCXUbgwsL3JAcvokwaKt1eokM,False,1
9pvH8ZNp55RVjeeQT5qJrAK3shhLNRvL23CuF6JMpump,TSLvdd1pWpHVjahSpsvCXUbgwsL3JAcvokwaKt1eokM,False,1262
9qCkJWfA7T6Ds5SemVTwwJJTq8zSZjHcukKfR1vzpump,9EoJY684FCcY4F6aqpoebrvRgCX73vEc57UQRk8uvwi,False,24601
9qEJwC56n9YjppaQLjGcuQ39tx86DnkdVS5R9RDtpump,TSLvdd1pWpHVjahSpsvCXUbgwsL3JAcvokwaKt1eokM,False,1
9qGKumCjK4iNuY4je1nxpt7xb3q7wBa2NZSzJRvEpump,,False,784
9qKJHu4rWSKvK8uEG6N691uhvSaGmT1ymAtHZJcRpump,TSLvdd1pWpHVjahSpsvCXUbgwsL3JAcvokwaKt1eokM,False,1077
9qksaMSubFamHzgKPcCJ6BXQMLKXAAESP3uiomA5pump,TSLvdd1pWpHVjahSpsvCXUbgwsL3JAcvokwaKt1eokM,False,1
9qoh9ys4eJ1WGupDrTownUS4SXQtuA28NF5j62eHpump,,False,24601
9qriMjPPAJTMCtfQnz7Mo9BsV2jAWTr2ff7yc3JWpump,TSLvdd1pWpHVjahSpsvCXUbgwsL3JAcvokwaKt1eokM,False,1
9r9ismnn9Vc16huXHk3mCNEz1LV6FaXcDwQBZ531pump,TSLvdd1pWpHVjahSpsvCXUbgwsL3JAcvokwaKt1eokM,False,2980
9rDX1TGXH6yuunm4uYJM6A7vTWQ1PVeursi7nXAPpump,TSLvdd1pWpHVjahSpsvCXUbgwsL3JAcvokwaKt1eokM,False,24598
9rLGTvxXEhhdyZtJA34pFV21oZhsi3MRho9hv54vpump,TSLvdd1pWpHVjahSpsvCXUbgwsL3JAcvokwaKt1eokM,False,325
9rMDuDLzaEopMTtucFhSSDvsADCEE66j9dZFvFdTpump,2J5gnWa6LMDzpznPzRbLs7GGwzB5JEQCcDamJKGJ4cUL,False,24601
9rR8j1SL5deLZrACcEVjgntqya9LAbEDkSiU6DCRpump,8pm9XdSpEUBTxtuiFMXd6nkzo4fNksLz5jK43UqeW5As,False,24601
9rT7aWiSBmVuEp5mJz8TAPt7tyR7cqpVKTGpbEq5pump,GG8SEAxuWCkfpKc7wcS1cSpwavNhhJ3Q4ghCqetXXyU8,False,144445
9rijonvzmSDrhFieqKQvgdr2drauvhuQukg31vpvpump,TSLvdd1pWpHVjahSpsvCXUbgwsL3JAcvokwaKt1eokM,False,1
9rqUBfsJZiwTx89LqeRBdfDsPHhKpauzA6GRFbfFpump,TSLvdd1pWpHVjahSpsvCXUbgwsL3JAcvokwaKt1eokM,False,24600
9rvuSjUE8kd9NRzLXmgpdxEAE1bTM8Tr5qgNe93Fpump,TSLvdd1pWpHVjahSpsvCXUbgwsL3JAcvokwaKt1eokM,False,24599
9rvunbw4RtL56T7yG3zG6KkFcEWCPprnATVf6av1pump,,False,985
9sGzsnBic9JfFJ1STeEEnKPHBAngXUXHDRG5TNRQpump,TSLvdd1pWpHVjahSpsvCXUbgwsL3JAcvokwaKt1eokM,False,611
9sQSbk1a1j5kUcndXvBjQVHhNuxFM6UYdjz8FexTpump,2gzukpejqt9JgRBxC6fv9o89pWjJSiqTDLRcqDR9zHKj,False,24601
9sRqXvK9J4nWxCA3sUEXhUnqVAKmdPC6Mn91vLk1pump,TSLvdd1pWpHVjahSpsvCXUbgwsL3JAcvokwaKt1eokM,False,366
9shuzr4M9Qyn4jwVkm6pBF8WZiBc2n92eEJgiR6ppump,5oPbAqVw1XkJzCG3JPBdBNszZpJqEWSr6HycXCm9kko5,False,1121
9skZyj6nbqCLfCQtFaGC4kwvkBQWKLYB7PztX1NBpump,,False,931
9st54fK8roCrpZ4WFPfug2YbD9gGD411tEHKcNjypump,TSLvdd1pWpHVjahSpsvCXUbgwsL3JAcvokwaKt1eokM,False,24530
9t6jCyNTWxqdmQzsKYH7Ptx8YsvYLi6D1xy2YRZGpump,TSLvdd1pWpHVjahSpsvCXUbgwsL3JAcvokwaKt1eokM,False,945
9tCBo3RWnHmbCYW6d3214cddmENMMUveVFZPQtH2pump,9TR42W4yZu9NFC4ChgF2vm1THAGmSngXEL1AQrL1uPpV,False,53893
9tF4vuYRQY3d5GPnE9pjUevukgo6vHiepe3E1w8Jpump,TSLvdd1pWpHVjahSpsvCXUbgwsL3JAcvokwaKt1eokM,False,1
9tcz9iAKWLxsZA2YrRWepkfXEwURhuhqq7qpa12epump,TSLvdd1pWpHVjahSpsvCXUbgwsL3JAcvokwaKt1eokM,False,1130
9tfvk9yCRV2sjFmWJPsGWrKLh2kAxX4jka2oAnvGpump,TSLvdd1pWpHVjahSpsvCXUbgwsL3JAcvokwaKt1eokM,False,1168
9tufCiHtYn4N9zZNy1bDL32bJUbAxNkxUcMoy3jrpump,TSLvdd1pWpHVjahSpsvCXUbgwsL3JAcvokwaKt1eokM,False,24600
9u1TfvgNP5j6nF22H72ZVG7a9oPc38Y7e9a4rSDLpump,TSLvdd1pWpHVjahSpsvCXUbgwsL3JAcvokwaKt1eokM,False,1162
9u321XmFWk6MTTkkaMYs4njb6LXKR3PPWihsQ135pump,TSLvdd1pWpHVjahSpsvCXUbgwsL3JAcvokwaKt1eokM,False,2703
9uEb6KBSwThaUygiEGa4wdZB3LPQhpgvHEtkzWeVpump,TSLvdd1pWpHVjahSpsvCXUbgwsL3JAcvokwaKt1eokM,False,1174
9uaGA576fBzDU7KiDDsNe7rVMc7VT9esRnubZoWdpump,6mTHXDAfG6wU2m6gUTV21WP8DtZneMviG9fWMunperh4,False,24599
9uchKgkKUuePuCqtAjRCt8FYemqASCQEZmdbyNMkpump,8gM4gnxdLdkvifM9TCwkGAxrnNw4NiSiHbAdE1RqY96e,False,2001
9uzc5Nb5eGRLHhR1xHL9QxMTc19jSpxsbVTJ48Zupump,9ybZfG6XdBjmgudNCw2wTRhpQTJDPw7jJAU39YQjccFJ,False,24601
9vDD6WB4Y63ZP7Sf9oaaFVKJezuJvdLi2sKwzVsgpump,G1Lenn2jG34zPcKyaDNUe9qgp8xPhqBQuAQNHwYkjJnU,False,24601
9vFcCstRtVCbQ3Z2vygggDK3gcjEFCkWTEFiH69Npump,HyZ2nPL19eVRN8fGYbG4sMaWQMJpoQCGgvqr2znYKyPm,False,24600
9vpzVDzLqUmSQVSCcTviYfgjFDKiFdTbdggLJRdKpump,GKaFUTJV2nGfg8hXz3tUrLfkP88ki4MHzVcmfJLCqATz,False,1055
9vqsBhx1jPoKokZfCY8JMU7ob5ZFm7XtkwY3T2hapump,TSLvdd1pWpHVjahSpsvCXUbgwsL3JAcvokwaKt1eokM,False,319
9vuq46kYextwYHNPxEdXQNzKM55i3K412CsmKt6gpump,TSLvdd1pWpHVjahSpsvCXUbgwsL3JAcvokwaKt1eokM,False,24599
9vzoc5K27f4zWt6s4yiG5BqwQTwqPZbRieJJJcMHpump,TSLvdd1pWpHVjahSpsvCXUbgwsL3JAcvokwaKt1eokM,False,892
9w1aD3RnGQnjFkNPKDBtEmP3ECsiwHVwX2z22r2Wpump,TSLvdd1pWpHVjahSpsvCXUbgwsL3JAcvokwaKt1eokM,False,24601
9w3ACAZdjV3r1vnqArEojkdTEVc1ZgJ5gLaxLQATpump,TSLvdd1pWpHVjahSpsvCXUbgwsL3JAcvokwaKt1eokM,False,538
9w3sq9qgzn4ZaqzTLtHfCHCDY9KB39k6MhwqY33Upump,3bZ8eZLM3ZQad399YDrhGJMXXLZaFMWAfLgkA3FPaHdf,False,50599
9wDfaTg6Sqh1BGT4D85pq5KxkaHmFSYRun5EuDe2pump,TSLvdd1pWpHVjahSpsvCXUbgwsL3JAcvokwaKt1eokM,False,682
9wTdqLnAiTb7LFJpXJr4tweR1geseQ3j5wRzzEE3pump,TSLvdd1pWpHVjahSpsvCXUbgwsL3JAcvokwaKt1eokM,False,24600
9wmYNWEHhiMqKZrYtyH1hCJZRob77o8va1n7EWdHpump,TSLvdd1pWpHVjahSpsvCXUbgwsL3JAcvokwaKt1eokM,False,310
9ws8Y4Q67AM6cCGL3CGbaiC58EBkM1WxBPMv6ZKfpump,52mXWzgdyhTYx5nBPxZEDCUn8RP6oPszZNrtBRiYAsJs,False,117601
9x2jXegNvBogzWpbdpjB6Na42AMwRqAk3yXJWkL9pump,TSLvdd1pWpHVjahSpsvCXUbgwsL3JAcvokwaKt1eokM,False,656
9xBwxakXet9SRvMR6Dv9UZwPhUNs7V4BJxgoy1Yppump,TSLvdd1pWpHVjahSpsvCXUbgwsL3JAcvokwaKt1eokM,False,1537
9xEfTd7eumB8bSdijoEqipEUB8UNCLFzWuxKv7cFpump,TSLvdd1pWpHVjahSpsvCXUbgwsL3JAcvokwaKt1eokM,False,517
9xQYsyhncS5Tbd37wUBzoGNUaUBXTgAvxy5vrBpnpump,TSLvdd1pWpHVjahSpsvCXUbgwsL3JAcvokwaKt1eokM,False,1069
9xW7zsW73GHrz62c64RADgnJ3icTxfQcDzkfv5L3pump,TSLvdd1pWpHVjahSpsvCXUbgwsL3JAcvokwaKt1eokM,False,527
9xj1Q2Feo2QozPoZBhuRatncm6ahJCXPvAgfh6Lipump,TSLvdd1pWpHVjahSpsvCXUbgwsL3JAcvokwaKt1eokM,False,1
9xpTQ1Zgb5BL2vKjmwaWRnfhNyDpScP7PhknThBCpump,TSLvdd1pWpHVjahSpsvCXUbgwsL3JAcvokwaKt1eokM,False,1028
9xqqZmfjgRPozr4NS793twbJSydu6H314HCvuPUPpump,TSLvdd1pWpHVjahSpsvCXUbgwsL3JAcvokwaKt1eokM,False,1
9xyMQCsGAvs6oZS3vhH9dNMb3R3ToWU8A3dvQhyHpump,TSLvdd1pWpHVjahSpsvCXUbgwsL3JAcvokwaKt1eokM,False,2001
9yPfrBhDjDHwez6fL4fcGfZtVXSeB3rStRHv6GRhpump,TSLvdd1pWpHVjahSpsvCXUbgwsL3JAcvokwaKt1eokM,False,756
9yWwUwvEskTVqs8MuaLhXzRwiCzcfoUsco8LSaDpump,3i3NXzVWVWKLwv7d5Rj9BiqgnZtmFAz4sz2sivsRzQML,False,24467
9ydx4tErxwqdFs2tLd2SZdWMcJFz24TTdqxmeweKpump,TSLvdd1pWpHVjahSpsvCXUbgwsL3JAcvokwaKt1eokM,False,1201
9ymXBbHGyibN2n78sScc7qXHmy4MwEawM2dk3jiYpump,TSLvdd1pWpHVjahSpsvCXUbgwsL3JAcvokwaKt1eokM,False,788
9z189rVtuNDhVZCXKnVKetw8d3VEZNqaKyHYM3Gqpump,8Lzeb1o6NqLpY38JFb4Xjq3KyyfCdQbazPhHjafkH33b,False,1031
9z42TUfRrHD33FinHepWBjhEAMArS1vdreGaDs74pump,TSLvdd1pWpHVjahSpsvCXUbgwsL3JAcvokwaKt1eokM,False,671
9z7nmYEcGfFEGty1399VsBRptmjcxmWd37NSWE53pump,HikS113Thp8BQexoQEHziJyFdTbjkDfLoR7bmHPAEkmm,False,24597
9zGMUB4Ygf3eHqgQ8P87hfgheoumyBBrAjqog77apump,5UWe8G3c6P6o9wqhdiGkCv6CmSLMuwJS66iDbeVw6yVn,False,1
9zGjSYsr44zi6kjYbSoKsPx9YQ5y6xFZRhj2nignpump,TSLvdd1pWpHVjahSpsvCXUbgwsL3JAcvokwaKt1eokM,False,673
9zN5dNe8K1372i6U52u4hQkdYg2ZsQfxsyRopUNrpump,9PgFbTxvSwERDkHqg2V9HE1XM4DHSVi4s2fHCNHx2114,False,2970
9zt9qBmXdvcDksAoctyTtW2Logg5NGeQU46Zhsfppump,TSLvdd1pWpHVjahSpsvCXUbgwsL3JAcvokwaKt1eokM,False,668
9zvdCadyov6qrr49y4h4H4seEiykFFZ2xPiF48gGpump,8gM4gnxdLdkvifM9TCwkGAxrnNw4NiSiHbAdE1RqY96e,False,2001
A11P4YzikysrP8KAwhiT2xTuGMHpH6i9oHSZnntapump,TSLvdd1pWpHVjahSpsvCXUbgwsL3JAcvokwaKt1eokM,False,250
A17gzfib2UaxteKXzMK37G4AtVqYKRqRLT54aDjYpump,TSLvdd1pWpHVjahSpsvCXUbgwsL3JAcvokwaKt1eokM,False,1
A1AJeGQeNvqKhaD1HoYS8JxFkuW9tf3sJHYVqRkDpump,5NxoMy8Qd1WRJM2sef2by2yKaYJq23ZMQijfwWBJWWcA,False,24600
A1DYPFeLmWwZN1oz4TKM7d4U87CQgxN6smeCEaQSpump,BMivqhFYUedFeaDtuV3iefhNdcGbvEDAE1PXQqiBhqK8,False,60420
A1FVZMHUQdStJvsLNsmy12d32c59ASmi8x4jJrmSpump,TSLvdd1pWpHVjahSpsvCXUbgwsL3JAcvokwaKt1eokM,False,580
A1VW4WZVQxBvwyxMXdaXp3vYez9ULfFBiTHCVLHapump,TSLvdd1pWpHVjahSpsvCXUbgwsL3JAcvokwaKt1eokM,False,588
A1WpmBTaVFbsKSm4Ab2oqaj6D6uAKmA7vSgpiQD6pump,,False,713
A1iiBpJPsYtuneg6PPhGRHxuaRjoJLuB7fP8oS5pump,TSLvdd1pWpHVjahSpsvCXUbgwsL3JAcvokwaKt1eokM,False,502
A1scDTGMbZsffacfMN43YpskQQbzjpLP8PYus2Z8pump,TSLvdd1pWpHVjahSpsvCXUbgwsL3JAcvokwaKt1eokM,False,1318
A1vpcbAuQSD3acPx6EeMkMBeFeaS74qkufiCVpjtpump,TSLvdd1pWpHVjahSpsvCXUbgwsL3JAcvokwaKt1eokM,False,1064
A2P7XHHcagHCL8kQwyvGH9VcfVAuNrXRMeBPxSCpump,,False,1325
A2p8FDzDnh3BN2HCWDnYzDLeRKRhNbXdt6C9ZWVEpump,TSLvdd1pWpHVjahSpsvCXUbgwsL3JAcvokwaKt1eokM,False,1207
A2rfE47ZXBr3gwZimjrDDfZ1LFXotW48u4hfyrpgpump,TSLvdd1pWpHVjahSpsvCXUbgwsL3JAcvokwaKt1eokM,False,863
A32cceWLXHaj6RHNHfxdoZAxmv5QCJa6FFun9yQKpump,TSLvdd1pWpHVjahSpsvCXUbgwsL3JAcvokwaKt1eokM,False,24600
A3D5Wdoszrxp9RqeBpEhUTXwPg7aA87Wk1ZrWNw6pump,,False,24600
A3dgn47MytozEyWviRfTynFjaecvf6RdTp8bbNS7pump,TSLvdd1pWpHVjahSpsvCXUbgwsL3JAcvokwaKt1eokM,False,46
A3qEgXQoQ7gA97U5vA9AVLWj7DASykdtpuuxSZs8pump,TSLvdd1pWpHVjahSpsvCXUbgwsL3JAcvokwaKt1eokM,False,1238
A3vbAXeksb24fzG4EJ4DT9csFPkaJ8ZZW5irp6ZVpump,AABiC8agtiYWLdnQx8yQwDS2chiv3hdXM2gvVjY6MLJp,False,26682
A3ya2ejsHPREvCACaKNx5krSvuUHiQ1AwkNZFdnfpump,TSLvdd1pWpHVjahSpsvCXUbgwsL3JAcvokwaKt1eokM,False,1336
A45WjCWdBToZv6ejGn33Cg7JystuhbK5YXvmbxGypump,A7AvvmiZUT7NDeHdTdaLw9oEBnSZ7Pr1pYEm3KusbYHq,False,24601
A4CdB6hvdUsSRQxXotJ4dqEL5PNjMNu7ZDgJyBXSpump,HdRXS32BhCmBjCkvYnrgdE5eCW7aUrmfdgvzJupeFCgE,False,24601
A4HxBotFkkAycZQ22boe1hAxYTpYAgKfVLoavWZnpump,TSLvdd1pWpHVjahSpsvCXUbgwsL3JAcvokwaKt1eokM,False,1336
A4LzeMb2UqHzb43QuVt8N64rxxK5xQ6VLRiCW4mnpump,,False,1300
A4pWyWYBaUiUSjgzGrGCNS6YSzfxHsBahbpCefEhpump,FKfJTjG1c9SBjtmdR2zM53g8gmeUesAzYrqwm91PJHsF,False,395
A4rzneHtfYGMsJtusaH6grGbaNVimxuBK4UVRsZFpump,Hee848qBHTbeMQ6aGMu3e271Y4Z7TRSeHnUzTpw79nPF,False,28801
A5YquzXtCnqkSNwrSEiqjZQPi7SR2PtbfP5FevAtpump,TSLvdd1pWpHVjahSpsvCXUbgwsL3JAcvokwaKt1eokM,False,937
A5ck2iW8LanfYSTgn9iea9wPKJGnQ2ypqeB4JMWpump,TSLvdd1pWpHVjahSpsvCXUbgwsL3JAcvokwaKt1eokM,False,869
A5zepzm1yboW8Rqv7vmSypVkL6j936ugeV4E5DxXpump,6CGBNomh4rSiPwQ3CB7gJGh1q3z4kNM6JeEPHrs4XNmT,False,24600
A6BF2iypxgawY56URzAWr97d7GitXku86nbpWKF6pump,6h37cKt2zEgwZR1RN4gkiN5YP78d2ha2CU2BkJCyFkS6,False,24601
A6EjZ7vd8iaoWQ6Sixm3o1txbShbBrPFqqerh7AYpump,TSLvdd1pWpHVjahSpsvCXUbgwsL3JAcvokwaKt1eokM,False,931
A6Ny11mGgW5ar5hKStdytBPFJgfNLFY5RY9jW2e5pump,TSLvdd1pWpHVjahSpsvCXUbgwsL3JAcvokwaKt1eokM,False,35541
A6Qo1VJt6gM3acjbFZ4XhSNn34mSreEyvLrUfuwnpump,TSLvdd1pWpHVjahSpsvCXUbgwsL3JAcvokwaKt1eokM,False,1107
A6U6PxqQQrUGQA8L3qsnEHq4iMpYEYToFJfRebuzpump,TSLvdd1pWpHVjahSpsvCXUbgwsL3JAcvokwaKt1eokM,False,1
A6cwvLw5hb2sZugoxyL1zE5AdNbSc9ZfGt6b5VoGpump,TSLvdd1pWpHVjahSpsvCXUbgwsL3JAcvokwaKt1eokM,False,1
A6jYYUKaoxVo5uQtQNLUmfzrHBWL6vJFoFHdE17Jpump,TSLvdd1pWpHVjahSpsvCXUbgwsL3JAcvokwaKt1eokM,False,1
A74em7jNRDNg4rYLsFdnogNjRN9oXp1T2fSWx2Pqpump,BoYHJoKntk3pjkaV8qFojEonSPWmWMfQocZTwDd1bcGG,False,26573
A76FTo2HPbwVRD3acRpxNop9vKWXXcPEs7TQWpuJpump,Fko9f9QWSTk8ciMj1daYqVWVU6jwAC9dpjQ1XRxxMeQh,False,24601
A7EbRDA3SF7vEBFsuKrnmg5CgRErPpV1vrJFXFMPpump,TSLvdd1pWpHVjahSpsvCXUbgwsL3JAcvokwaKt1eokM,False,3001
A7VHPPPufdAZHsockGec2nqjuBnepULWaEgyv13ypump,TSLvdd1pWpHVjahSpsvCXUbgwsL3JAcvokwaKt1eokM,False,919
A7X2zDrGDz3qycDmKLynrR8hM95Ta1WvtJyZXeJ6pump,TSLvdd1pWpHVjahSpsvCXUbgwsL3JAcvokwaKt1eokM,False,1107
A7wrGhW1AQaxNXhQQ7qfR2YktLS74Go633hLRU9xpump,BYqV1bHrjkMXW7RMWVjiLz29FRqp6surr1EyucdVGknG,False,22457
A7ziTBUfNJjWE2EA84EbdUL9Ks8KiTnK92vvWvJXpump,TSLvdd1pWpHVjahSpsvCXUbgwsL3JAcvokwaKt1eokM,False,1170
A86trys5hGZEiGMrkC9NWpvi7AAS5EZq1Aznuwxgpump,52vdahx5XXTkKmbtfk5XX9Qw3rprYcoGHAZegUe1X4pz,False,108001
A8C3xuqscfmyLrte3VmTqrAq8kgMASius9AFNANwpump,TSLvdd1pWpHVjahSpsvCXUbgwsL3JAcvokwaKt1eokM,False,1
A8WcfEQ1ryZuNXDG4wz5XtXCdEHJQa3xC9UUg1QQpump,EjCNEdYCMACxNYMwML9tkaPEnf9tDR7v6YiSveFHM5h2,False,24592
A8XqsH6D8aMaKQnK64f8eGA3ogiRD457seLHwnb6pump,TSLvdd1pWpHVjahSpsvCXUbgwsL3JAcvokwaKt1eokM,False,1
A8bTGQcEqfynPQsJnM1WVi6GhQYz8as1VNHUQQt6pump,TSLvdd1pWpHVjahSpsvCXUbgwsL3JAcvokwaKt1eokM,False,1
A8h78muegtuonUxqAhpmWcM8pJskYsTW4Xp5C33ipump,TSLvdd1pWpHVjahSpsvCXUbgwsL3JAcvokwaKt1eokM,False,1
A8iVH9ZpvVhXDqtbEpWfrvRd4fvZcQSGH2zmtAqEpump,,False,1
A8rnTyqWyM6bPYqFTxA37YcwwXdQARP9AeL1XznQpump,TSLvdd1pWpHVjahSpsvCXUbgwsL3JAcvokwaKt1eokM,False,1098
A8vJzs6ygbZQyYLf9FKund8j3pDfUzxBeje8rJiypump,TSLvdd1pWpHVjahSpsvCXUbgwsL3JAcvokwaKt1eokM,False,1
A8w2mggmq1oTcjH6JKXJnu1DRRAaysmtXdTEXQkXpump,3dm5kDZrpGYQJVNnKUmpBomLbcX7e9GqsoKYoH5NaSXD,False,24598
A8ycuWPwrFRA8E7gtStJK3EpfZtqyrRnsHkrKTeupump,C1riAte36NeUScnE4vAiXHXeSu2xo8gzksKpnvc2ipDr,False,1
A8zAEJTMgbe6bMXWxUaD9yUVaHtXfWjmuDHHXbUMpump,TSLvdd1pWpHVjahSpsvCXUbgwsL3JAcvokwaKt1eokM,False,1
A94928b11byX3cxordY4fy9EpM4iHSMFoEPwkoRpump,TSLvdd1pWpHVjahSpsvCXUbgwsL3JAcvokwaKt1eokM,False,1
A9FFYjRPbKSgVe4qTxMqiQfGHEaV7TnNisjumYsbpump,TSLvdd1pWpHVjahSpsvCXUbgwsL3JAcvokwaKt1eokM,False,14500
A9LGYefYUs67MM7GY87nnBF1jbMF2JXY9CQf6ZvKpump,52mXWzgdyhTYx5nBPxZEDCUn8RP6oPszZNrtBRiYAsJs,False,117601
A9r4Nw558Abdg1kGQ2hqiuYgGhyPmc8au6gZuhzMpump,TSLvdd1pWpHVjahSpsvCXUbgwsL3JAcvokwaKt1eokM,False,1258
A9xbrMNmpKfoqwNcTRmBv6NXUukv9ixKXhZL1iLCpump,TSLvdd1pWpHVjahSpsvCXUbgwsL3JAcvokwaKt1eokM,False,1
AA6gMf6wg5ejcXAftFeAAaiTAZTyVjTcnBDSqV1Zpump,TSLvdd1pWpHVjahSpsvCXUbgwsL3JAcvokwaKt1eokM,False,1
AAHkuoKeFAvTocDnVPK8wzpBxrQg34rr7wETqGwKpump,3JtfTJpLUaat3dTmt7EMTKcvTwdhAefmZvpPopjEJs6D,False,2001
AATrmzeApiQ7NUfwLbMUggUXTwtmiw1sXqJ5RjxPpump,Hee848qBHTbeMQ6aGMu3e271Y4Z7TRSeHnUzTpw79nPF,False,28801
AAUbocPSqZ6PunRxQdLbWtfCZpqHbUwwdTkyp1VHpump,TSLvdd1pWpHVjahSpsvCXUbgwsL3JAcvokwaKt1eokM,False,1293
AAXDoQmYzydJ2c8TEHkicgnnnLxYqePPtcJiRHPYpump,TSLvdd1pWpHVjahSpsvCXUbgwsL3JAcvokwaKt1eokM,False,1062
AAYoquVHbXqTUFgeeD2qFmHhEjAhADCsTjMdL8zvpump,TSLvdd1pWpHVjahSpsvCXUbgwsL3JAcvokwaKt1eokM,False,1
AB49PseFv7wqeDZxKBFEnMwZ4N7sD65bPHru8Dc2pump,,False,1
ABASgetVRnkkC1HyPht78sLzFaM6w6bSCPJRyo6Zpump,TSLvdd1pWpHVjahSpsvCXUbgwsL3JAcvokwaKt1eokM,False,975
ABHQGzXNoRbJ1sjUsCJ2TmTAo1uMx4EUpV1qYiSVpump,TSLvdd1pWpHVjahSpsvCXUbgwsL3JAcvokwaKt1eokM,False,1
ABSLrvYqSfJKhXJGnigaNaEB7rmgsGQH4VZY8Nf2pump,TSLvdd1pWpHVjahSpsvCXUbgwsL3JAcvokwaKt1eokM,False,1
ABTaoBtL8mBUCv9TmPHf1BvmpybGfCtsSPNrPowqpump,TSLvdd1pWpHVjahSpsvCXUbgwsL3JAcvokwaKt1eokM,False,810
ABX2n8BcRRZSM651FRELALrUaBw5JTQCrhbXgFD2pump,TSLvdd1pWpHVjahSpsvCXUbgwsL3JAcvokwaKt1eokM,False,24601
ABjgybYjegX9tEbSXJuF5cnH8MoMtDMbzwsnwCMgpump,TSLvdd1pWpHVjahSpsvCXUbgwsL3JAcvokwaKt1eokM,False,693
AC4fXuuhFvaACyjQrHxWpiWWrLGXMN4sSzHcwsUUpump,TSLvdd1pWpHVjahSpsvCXUbgwsL3JAcvokwaKt1eokM,False,911
ACL9GVjDnSLWEZyoc3UxubqwW1EySKdpz4R4AEyppump,TSLvdd1pWpHVjahSpsvCXUbgwsL3JAcvokwaKt1eokM,False,1101
ACPEMcv2U3Xwe1WNLajt32ZSaxaLei2TENcKz7Bdpump,FF8wmZeepmyuv2diHiCUkzucmeDaTrkqwWySoLsoyYSy,False,21328
ACRYbmMEiam4S7DGcbF5Deuk77i6BbPrMxRoARnopump,TSLvdd1pWpHVjahSpsvCXUbgwsL3JAcvokwaKt1eokM,False,24601
ACne85bayvoh71g6NDQgu9rot8WcZmy5T5v5YMC4pump,Fprpny2BfadVaYBCavKbgvo7YjHGcdPofkbmAkWgS8qw,False,24600
ACv51sJj43UmcwaRA976U1p1uELs3Lm8TAsRheMRpump,TSLvdd1pWpHVjahSpsvCXUbgwsL3JAcvokwaKt1eokM,False,564
ADHNaCaEkTdRGr2wbxcwcJMLidwLM6pGZagbS7oHpump,TSLvdd1pWpHVjahSpsvCXUbgwsL3JAcvokwaKt1eokM,False,956
ADKxgx6sEJUBBHjcjjSMqXudCM4hNQQw2ptTyGrtpump,TSLvdd1pWpHVjahSpsvCXUbgwsL3JAcvokwaKt1eokM,False,843
ADSauFysa6zi1aDF1UegFF4cmUa2EGLrwg4LqRhnpump,,False,932
ADYJVDpnnxCHizvtXn97w3txxauvEDTu2dfBESAHpump,FkYqoUJkJQYG2y2kSkQc9tf5MVin5rHWS6HHVpXdAgx,False,24601
ADcBomijtxfBJBwvyYLmLGLVZEFt74e2E3uoXiTSpump,TSLvdd1pWpHVjahSpsvCXUbgwsL3JAcvokwaKt1eokM,False,3001
ADcQwDqjpaBjzy4uArG6Ci2ERRVXpMu4ip419czvpump,GPpKyEHW6CrtkP8zmJWQaQ3hhfSLSBH7LpoyEHPM9mrw,False,24599
ADchquUgQTWgnsEUU9WP59KyihTs7QJjcHCpnuq3pump,TSLvdd1pWpHVjahSpsvCXUbgwsL3JAcvokwaKt1eokM,False,850
ADhVygsGvw9hJrUbTD9m69kZ3yw5b77AybNNen76pump,7Np5tf39tpvFSzWnGpwa54NeFkocGdr8DzWVHLktGZGp,False,24601
ADo5GnATeAaX4a2rGTpj8fEcQYw6jWKqo2zPQb1Jpump,TSLvdd1pWpHVjahSpsvCXUbgwsL3JAcvokwaKt1eokM,False,740
ADyKC67AYEJWJdjRikq9XAMMFz3UC75ah3z8kQBMpump,FYi4QJw2SiwbcTP1WF8xPkohZuoC2M6F76nq3YfWvUMG,False,24601
AE2ogmoudB1PN6UkgaPRocxsHWeJEoAJ6ukg8nLdpump,TSLvdd1pWpHVjahSpsvCXUbgwsL3JAcvokwaKt1eokM,False,1
AE5UE6hAfsTD9iurHrZzLMyoduHGuPAJZ9FcYjBxpump,4VwgnMVWPCMk5oo3KLUyfcYi9FS5Rwfg91o7zozZhbce,False,24601
AE5xVhspFJuhVy8acknjJLFeCRdYn7DZNuWzFXN9pump,TSLvdd1pWpHVjahSpsvCXUbgwsL3JAcvokwaKt1eokM,False,1327
AE74fgC3q4zbRXJzX52KZfpXgi2qD8jwE2UUEF76pump,TSLvdd1pWpHVjahSpsvCXUbgwsL3JAcvokwaKt1eokM,False,1
AE8aZyFRS9guuZT4WvKxtKiqYXybYgKEvhZi1mTEpump,TSLvdd1pWpHVjahSpsvCXUbgwsL3JAcvokwaKt1eokM,False,1189
AEBoaBeR3TENtuAVKf5EhDrwtUZ4ZozVMyS1HDZdpump,DViWcrviyRtGwMkoiYdhaVuFfgu8etwc1kFp29emcaJy,False,24601
AEE5j2LcQWVqYX9LT4Vg2LWVrL19KwJWtVqosB3Hpump,TSLvdd1pWpHVjahSpsvCXUbgwsL3JAcvokwaKt1eokM,False,24600
AEJvMPEf8xa6u5HNnZ42usczf7Z39hnpacYtztHrpump,TSLvdd1pWpHVjahSpsvCXUbgwsL3JAcvokwaKt1eokM,False,923
AEKUy9xPYaUPPbuh2K1koBCLrvyFTjD89xa3M9eRpump,TSLvdd1pWpHVjahSpsvCXUbgwsL3JAcvokwaKt1eokM,False,1
AEXbqWmEHY4wXS1XeLfieBDh3ZEvVqkAdDzdaMAwpump,,False,1
AEeBJrquvgjuZhEJss5V3M3UsBwQMXdwYsYzzTQqpump,6fkkfBhSxqFHfKcMR5vRwK7wn7WJ68xy5y39GshSvwQg,False,29580
AEkR2P2DyhLCaWCk9geHBoQXq7Chv2K6Mnb8S9yTpump,TSLvdd1pWpHVjahSpsvCXUbgwsL3JAcvokwaKt1eokM,False,688
AEmAVdWZYdwdN3moZqtW3pve9mkUfwnr2wQCjgbhpump,TSLvdd1pWpHVjahSpsvCXUbgwsL3JAcvokwaKt1eokM,False,788
AF319ZwbPWJHK93Ma572uuEezAXWnyGq9bb62AiBpump,TSLvdd1pWpHVjahSpsvCXUbgwsL3JAcvokwaKt1eokM,False,847
AF3xS9p9XqzJTF7YMLQZkWH4cEgB6tqpNqVMt9phpump,TSLvdd1pWpHVjahSpsvCXUbgwsL3JAcvokwaKt1eokM,False,24601
AF9SsNF5oxvpfH9YWUf3Cw35p8rjJ7f7Dqs4pYeKpump,TSLvdd1pWpHVjahSpsvCXUbgwsL3JAcvokwaKt1eokM,False,745
AFi4dzdVRsZPprKuNBFLjv6Hgti5diMYo3W8sgjgpump,52mXWzgdyhTYx5nBPxZEDCUn8RP6oPszZNrtBRiYAsJs,False,1
AFpTj3U5EXME5WxMT1jMJtuf2QWEqGCsLmxpnuuTpump,TSLvdd1pWpHVjahSpsvCXUbgwsL3JAcvokwaKt1eokM,False,179
AFpYDDdisnQvinY8i238EUCUoSgu3QeFVUhvB9oGpump,TSLvdd1pWpHVjahSpsvCXUbgwsL3JAcvokwaKt1eokM,False,702
AFsjLWptEg6pTSEAkX35ebQJLdbs54boiDrzFQ6mpump,AnPUKwW81nRQtBFrrqjTuV4fz4XoP3EosEfDp5yUCpaT,False,1
AFzttkUBWrXAXHnrMWcTFY1FRwckkRN4NABjceoHpump,TSLvdd1pWpHVjahSpsvCXUbgwsL3JAcvokwaKt1eokM,False,1262
AG2vwKEJm9JnrJDFKbu2yxAB4giUpzq4gTm2D2Lupump,TSLvdd1pWpHVjahSpsvCXUbgwsL3JAcvokwaKt1eokM,False,24599
AG9kg2H85yuStBGx2dCct7bkbyDwec5jiiix1FzApump,TSLvdd1pWpHVjahSpsvCXUbgwsL3JAcvokwaKt1eokM,False,1285
AGLsGEYqNHxkZomHMo1jESRGZ98kfuaLGgNHgT92pump,,False,1
AGPyh2ggcbvfNXE1snYiW2NYnmyH4i9zn8KXMAxHpump,TSLvdd1pWpHVjahSpsvCXUbgwsL3JAcvokwaKt1eokM,False,1
AGSFKsaB9pyw6xaKzh1vFJ3QwdLk268Tmf4yjwmvpump,TSLvdd1pWpHVjahSpsvCXUbgwsL3JAcvokwaKt1eokM,False,1
AGj4ay1wX2cZa7swyr3noQevs3anH3M2fM1eYnXnpump,TSLvdd1pWpHVjahSpsvCXUbgwsL3JAcvokwaKt1eokM,False,1
AGoTj8FZ1NR6UwyWdhwMDxAZNzQ6a4McVv9KAQdspump,TSLvdd1pWpHVjahSpsvCXUbgwsL3JAcvokwaKt1eokM,False,376
AGqyvxpgUffZMojfe98P5kM6GhbzBtxx4RKBFtQzpump,TSLvdd1pWpHVjahSpsvCXUbgwsL3JAcvokwaKt1eokM,False,24600
AGshNAgkqR11sgRLckTFRAqvi4qBPoVovQxRzmbXpump,TSLvdd1pWpHVjahSpsvCXUbgwsL3JAcvokwaKt1eokM,False,1114
AH7nv8UwWjo6Q6SB3rKt8Xx8zBbwar7jSaMAYFiUpump,TSLvdd1pWpHVjahSpsvCXUbgwsL3JAcvokwaKt1eokM,False,1391
AHTJwd2bdewpBqXEihrtzfenJHCGEDBiFwEPZP5pump,TSLvdd1pWpHVjahSpsvCXUbgwsL3JAcvokwaKt1eokM,False,1238
AHf7kfRnDSMMNxZBq9W3SRMznsLH7NkbfrvPoPpCpump,TSLvdd1pWpHVjahSpsvCXUbgwsL3JAcvokwaKt1eokM,False,617
AHjResM2HjCSPJBXsmX68nzWet5rbebJBMpHUJy2pump,TSLvdd1pWpHVjahSpsvCXUbgwsL3JAcvokwaKt1eokM,False,1373
AHmwHxwd3S7MLv413uGhS4SVLr7sGTYAVHbJcZTLpump,TSLvdd1pWpHVjahSpsvCXUbgwsL3JAcvokwaKt1eokM,False,100
AHxAnQJwqS34FAhYLg9w6eDc4aWFoZkwmngnsJg1pump,TSLvdd1pWpHVjahSpsvCXUbgwsL3JAcvokwaKt1eokM,False,752
AHyxrbDaL3MErAiHnhpeUKLriKFszs346UPxv5gZpump,TSLvdd1pWpHVjahSpsvCXUbgwsL3JAcvokwaKt1eokM,False,497
AJ6o76mCUMhbwme2ve3gahtoGDf6JUqGuXXf8Thxpump,TSLvdd1pWpHVjahSpsvCXUbgwsL3JAcvokwaKt1eokM,False,807
AJASqFZxU8Kw3Sg4wQTAARACgfhsJoZGMMmHgYigpump,TSLvdd1pWpHVjahSpsvCXUbgwsL3JAcvokwaKt1eokM,False,1
AJEJD16MaREMaVToCyZbv1mXEGyTemQ14BhpPRh6pump,TSLvdd1pWpHVjahSpsvCXUbgwsL3JAcvokwaKt1eokM,False,14500
AJbc1fuCX17Tbx5JXE5KX3L1APECG8CLdhCz2xpepump,TSLvdd1pWpHVjahSpsvCXUbgwsL3JAcvokwaKt1eokM,False,24601
AJczhLzrJn2mKV8Exkyz1L6pPGAEMmeY5KB7Tbf2pump,TSLvdd1pWpHVjahSpsvCXUbgwsL3JAcvokwaKt1eokM,False,1
AJra6b12SGwQa11bNSyjrk6XaVC1kT5MNgCDM131pump,TSLvdd1pWpHVjahSpsvCXUbgwsL3JAcvokwaKt1eokM,False,707
AJuHGdyQ5aZJCDo6nUN28w1j6Cz3qnG2AwmACTwspump,TSLvdd1pWpHVjahSpsvCXUbgwsL3JAcvokwaKt1eokM,False,831
AK1ZuRHkb4aBZGDwyNWwb5KaJsCvXpiZUDQkUEsqpump,,False,351
AKMuEQtsYBqD5t9jq3GvTsnEMfrTRB2PFNGtAxHSpump,GEMUM1QJuj7MUFb25on9gM12kc7ortUN6vQ74LTSqfp6,False,55112
AKkjv2xfyJfE6CnQReMRcevdvrrk57WkK8id8y7Tpump,TSLvdd1pWpHVjahSpsvCXUbgwsL3JAcvokwaKt1eokM,False,24601
AL796gr2mWjUqcSgYTLcEe1WYyztaf1yAwVfM5Qapump,TSLvdd1pWpHVjahSpsvCXUbgwsL3JAcvokwaKt1eokM,False,24601
ALNCwJKnpQvKXwEDnkvrphq3h4UitFRsJwtz2Ekrpump,6MchkmDTpa5aKoZoUn8LNEdwTnxN1oJ6n8BWyrdscf7f,False,1
ALPn8MY1RymnR9ZQNu617bvJuMsnjGiwWi3mqRNpump,G833EeR3iZR2ys5QYsWeX95kpdttG5NUxJiUKukuSFxb,False,838
ALPqEzpinvKWviSwkXpwt2FzhBxNTxTDvQAQ6pfcpump,A9a4oMYmj9vH98LMaMqYUGYXMDU53WGWkH3krpQ8k1uH,False,1333
ALSKWMXPHUfFhS8HUNAmzrY86UeDZsvd8hKXTnNCpump,TSLvdd1pWpHVjahSpsvCXUbgwsL3JAcvokwaKt1eokM,False,1
ALW1DD65EtewCiRz65gUDvYYAqQWLwjo68XAnsR7pump,TSLvdd1pWpHVjahSpsvCXUbgwsL3JAcvokwaKt1eokM,False,857
ALrtJFDy2ctTU1jdy9JAr13R12rpyLKdSDRcdgmcpump,TSLvdd1pWpHVjahSpsvCXUbgwsL3JAcvokwaKt1eokM,False,1225
ALyWK83DSA9GqRp9ZM6HWFFHFjVG5c2B69LamGdepump,TSLvdd1pWpHVjahSpsvCXUbgwsL3JAcvokwaKt1eokM,False,1
AMe3LQndgx2kWCbnVjL9A3X5N7YoXotJ6hVzLqNXpump,J5D6jkgXNQ3L1sEutxB7ohMKA6U2xiJVD9J8Cvpawrwc,False,33810
AMqejjoENFAvqemKPSZn3StEdz5KmGJgmMYrBw4Upump,4HRPzCKYjyjppJFmMD43K5hKVrAbWCix1Kmvwo3p45zk,False,24601
ANAuiz2JjRvNtyW8cd7UsQ4LRWB1PTGhyrgMWPxtpump,7wukCdUqwtbbhMqTR1RvekN33oBPdvkhguNzYNSVwMWY,False,14401
ANnNsvcEDuJSpWxPFinuhJk4mLUTiR1ApbKELh7gpump,52mXWzgdyhTYx5nBPxZEDCUn8RP6oPszZNrtBRiYAsJs,False,1
ANt56o9HqiFxD4SfPCLUejKbaC6XCKmYGjU1Xakapump,,False,1024
ANy97c2ToA9GkNbRdNVMr2p91uAafPp2DsEnA1Ekpump,AV4zBZSeFqHtFfN64ZUFRGJJN7z6n6GRBMCNN8dTHn8K,False,24601
AP2ULSfBz5ZthG51mrzSPsxTnWiAgvJZ1aXuA85ppump,TSLvdd1pWpHVjahSpsvCXUbgwsL3JAcvokwaKt1eokM,False,1
APHkHYyNM24osRxvJyXuKookhUYhqBBsuGrC22E9pump,TSLvdd1pWpHVjahSpsvCXUbgwsL3JAcvokwaKt1eokM,False,912
APUzhR3HwhSH1DZQk5r8Frm2MSMbyN7FUMFE9WCYpump,TSLvdd1pWpHVjahSpsvCXUbgwsL3JAcvokwaKt1eokM,False,719
APVoYVySze5E1mfooLvoByyLKXdnean3A6CtYsjwpump,6yRAQHqgNSR1HL9Hn3dDZsfeQMCyJDJnb9k2TAWhLnLS,False,24601
APXEzWaC12YAejZr1v4sBhTcJMosGSA6oV5aTn9Jpump,TSLvdd1pWpHVjahSpsvCXUbgwsL3JAcvokwaKt1eokM,False,1
APXQ1sVVwhYeiW2r8G8Ud6veSz9XShMLoiPfiCgPpump,TSLvdd1pWpHVjahSpsvCXUbgwsL3JAcvokwaKt1eokM,False,1312
APa3QKbkUBZa8qM9ejgwEkJfvdZtSckeU1g1mmEopump,TSLvdd1pWpHVjahSpsvCXUbgwsL3JAcvokwaKt1eokM,False,1
APoUuz1f4KSb52ifFYgbeghXxPDNx7GkxgYyp83Kpump,TSLvdd1pWpHVjahSpsvCXUbgwsL3JAcvokwaKt1eokM,False,187
APqWaYfkkYfPDTyNuiQLKChSdoYbBarjTJ9h2Nw4pump,Hh7A6TnyycBkPaaVLPJ8EpS3SgjSCtFXJiB9cmYaiXEb,False,24593
APs7sD15c7t4YRBcMeLymLHfZBDySbX6afF7sFZwpump,EQ8FFvU14QCAeLnWyiAjPjhqQVj15SmgnVpLiXHa8Ktv,False,1
AQMXSTCJWccf1MsMtpgH8MvExh8LMMCsYKUU5dT7pump,8gM4gnxdLdkvifM9TCwkGAxrnNw4NiSiHbAdE1RqY96e,False,1
AQQ5EK3h8THvrucp1rnwpN4amQT7wKfF1AcaGEXgpump,GKKNekRXu58AyrxBt4YWNPZbX6J1BnsDoN5sqDioZo1g,False,1
AQfAecxHsYcTS8H9Y2t1Jy3kFpC6ZtqEf2LFqkbQpump,TSLvdd1pWpHVjahSpsvCXUbgwsL3JAcvokwaKt1eokM,False,1
AR3CXKKmpKBr9Cq9VnVucJc7GXE9uhL3NFs4YvHvpump,BJDCzJUgMrMQNPKAfg9tZvJGapYszfH9XFRABFWYEayQ,False,1
AR8T3anUthdK2x5L5DG7ck4P8G7yWhvTXz32nkqtpump,HwkAXvYtJ1UVN2d86UoGA8PX3ET4Att8McH9CawxPje2,False,1306
ARmr3aRYq1LCJz1tw5Xy9Caf99B6sgXzRzvVUEVpump,TSLvdd1pWpHVjahSpsvCXUbgwsL3JAcvokwaKt1eokM,False,62
ARoBdU1H8FpKkC4zSK2x3JDFbmcg3F7YhcJ5gUQapump,52mXWzgdyhTYx5nBPxZEDCUn8RP6oPszZNrtBRiYAsJs,False,117601
AS4D5qrnF3RMkgxbhwPAVzYv8gqdcRPrd1PKVSHzpump,TSLvdd1pWpHVjahSpsvCXUbgwsL3JAcvokwaKt1eokM,False,846
ASNGfnfnTbgZ4FDhnZ4Rwus38p4Y1i7qn9PxHqZrpump,TSLvdd1pWpHVjahSpsvCXUbgwsL3JAcvokwaKt1eokM,False,1332
AScrhkW2GohYy57rek2YVRc4J9UyXwmbAbEEKkoFpump,TSLvdd1pWpHVjahSpsvCXUbgwsL3JAcvokwaKt1eokM,False,1
ASorhNHg9hxcAWpBpHMGBxWaCfpnXjUJWjKAe4ofpump,9EqicXfn1CZnZWBnTzEnqBeQufdZBsXSL6hQPTi5HVE2,False,714
AT574xSGQgcfv54BWjitFYxLR4Dpwspe29jWHFP6pump,TSLvdd1pWpHVjahSpsvCXUbgwsL3JAcvokwaKt1eokM,False,1326
AT5kuPn6i8sujmqAgY8MiSeehe8cMuXfy4c3j8ZHpump,CXuDEdkX3XGGJcu5NobhXqbd98FJzXx1dkDGr16oYxLt,False,3089
AT7RRrFhBU1Dw1WghdgAqeNKNXKomDFXm77owQgppump,TSLvdd1pWpHVjahSpsvCXUbgwsL3JAcvokwaKt1eokM,False,1
ATQ2TsvsLV9NFvTuMWoYAjarPgiF1ZXEGDrs5hdepump,TSLvdd1pWpHVjahSpsvCXUbgwsL3JAcvokwaKt1eokM,False,1
ATaHChcJE5AEBHy6AQHx6eGAe1isGPdWGJs1GcxMpump,FXeZoyvoPhehjX3Viy6KDZf2TBdfALgTKci6QCp5QzZx,False,1
ATeTQcUkWGs7AZ15mCiFUWCW9EUL7KpDZEHCN1Y8pump,TSLvdd1pWpHVjahSpsvCXUbgwsL3JAcvokwaKt1eokM,False,1
ATi48FLNs3vqU4ojCBfjPN6SZDd5z43HL9ignZmDpump,TSLvdd1pWpHVjahSpsvCXUbgwsL3JAcvokwaKt1eokM,False,1
ATrDCVpGvgeMnNugLq1BArqNrvnbz3n95SLkdzHGpump,TSLvdd1pWpHVjahSpsvCXUbgwsL3JAcvokwaKt1eokM,False,24601
ATunnLrZ8grxBvywz8urBbTJEG6NEXt4RDovdRjapump,TSLvdd1pWpHVjahSpsvCXUbgwsL3JAcvokwaKt1eokM,False,910
ATwARw6QqWNUTRL4qnAaS4883vWKc1fDwS661M8Dpump,TSLvdd1pWpHVjahSpsvCXUbgwsL3JAcvokwaKt1eokM,False,1155
ATy8wkWG9B31BD3nJHQ22z2hpBsgiBHB8QZcLLAxpump,TSLvdd1pWpHVjahSpsvCXUbgwsL3JAcvokwaKt1eokM,False,1048
AU4Ba1KVt6r26GWb3qjCqXbsaU9X4QnUzbXrGrNKpump,TSLvdd1pWpHVjahSpsvCXUbgwsL3JAcvokwaKt1eokM,False,894
AU6z1iY7Jt8kLzybWvSzj6jFEqVvXBZaA8VJmK83pump,TSLvdd1pWpHVjahSpsvCXUbgwsL3JAcvokwaKt1eokM,False,1
AUGKjyErqFb8jLQaqw9DSSzqkAPmWdjMHUZ8umctpump,TSLvdd1pWpHVjahSpsvCXUbgwsL3JAcvokwaKt1eokM,False,754
AUQJgYup1m2LFj5Ed3aSfxAwJpbxq9VWqdWbS8twpump,TSLvdd1pWpHVjahSpsvCXUbgwsL3JAcvokwaKt1eokM,False,961
AUVtwSnuSb4DkUixSKKa92z9BXrkRK3B1DvVQFTqpump,TSLvdd1pWpHVjahSpsvCXUbgwsL3JAcvokwaKt1eokM,False,1322
AUvaBBKyFGc9RPxwkg5U1DKQzayLRoryQf4AbxYepump,TSLvdd1pWpHVjahSpsvCXUbgwsL3JAcvokwaKt1eokM,False,818
AV7GhyCdVvPvdKa8JEfdwi3NMthD4CiUoMxg8HTjpump,TSLvdd1pWpHVjahSpsvCXUbgwsL3JAcvokwaKt1eokM,False,988
AV7USHBNFJ93kNPQFEwHbfim55ZNjWFtCxwn6gAEpump,TSLvdd1pWpHVjahSpsvCXUbgwsL3JAcvokwaKt1eokM,False,1254
AVVVfE47FpVisjVpU2GEAgVgR8DfhSFYpSDpizJpump,GBap2iy2P7iEfGijk9jpi4b7umWiGi2JnpMiQdN8DF5c,False,1321
AVXeBo7hEAjVXvfiSWez1L3nhPDj5KxKkgM3RwBBpump,TSLvdd1pWpHVjahSpsvCXUbgwsL3JAcvokwaKt1eokM,False,24599
AVevYR4Ban5oG5AMzJsRVEZsdgw5aQeDp8gM8qtRpump,TSLvdd1pWpHVjahSpsvCXUbgwsL3JAcvokwaKt1eokM,False,649
AVgAdcSh7Wba3shmCML9Amo1wKk52zQnrGfqGMufpump,TSLvdd1pWpHVjahSpsvCXUbgwsL3JAcvokwaKt1eokM,False,885
AVsD9DBDWwJZjsPgoWUmjTL8xuGFmNx6dSqt3TWppump,DUKdPELuB1q1o6ZV7th2ACUfadk8bvWoGh62WWw68pPC,False,24600
AVv1zXEgspkuYUQb17fUwLQtntJAPNiUUjwH9sYJpump,8gM4gnxdLdkvifM9TCwkGAxrnNw4NiSiHbAdE1RqY96e,False,2001
AWLbawaGxCL5hJk5JDn2iZmr6FoPx9wPZ8G19hmwpump,TSLvdd1pWpHVjahSpsvCXUbgwsL3JAcvokwaKt1eokM,False,353
AWQFbvEgJPn2PXhhSCm5zKYPqy1Ya41Q5YvxMV5epump,,False,242
AWZ9wdUGjBPiYRAwGRTxrkX91amWZKmcfq91cwBPpump,TSLvdd1pWpHVjahSpsvCXUbgwsL3JAcvokwaKt1eokM,False,33
AX4Ryopn5LMHiYWZAh3G17B9ZaFLUfYdwSqKCRAjpump,TSLvdd1pWpHVjahSpsvCXUbgwsL3JAcvokwaKt1eokM,False,3001
AX5DwdXKYXEdzoSDMcCpVNiHxh3jw9WTswyLPkmcpump,TSLvdd1pWpHVjahSpsvCXUbgwsL3JAcvokwaKt1eokM,False,26601
AXH4bXjZoHuEPxawJ1G3M5jDe5A499FKpEvyaoYTpump,TSLvdd1pWpHVjahSpsvCXUbgwsL3JAcvokwaKt1eokM,False,794
AXgfmnMwnkbfMdpXqXMn6oJCQ7sQKvX2PmkXfJSRpump,TSLvdd1pWpHVjahSpsvCXUbgwsL3JAcvokwaKt1eokM,False,1
AXwXnZnohhNRETxzBqWMRsQ6zaUoP8voZjkktN7Xpump,TSLvdd1pWpHVjahSpsvCXUbgwsL3JAcvokwaKt1eokM,False,24601
AY172Up96H27W49a11xULyqnBjvJRrvw4aReUJu3pump,TSLvdd1pWpHVjahSpsvCXUbgwsL3JAcvokwaKt1eokM,False,643
AY4AxLZaqZ6XAt3GhUnqreBH1DM7YzqAsoqQ8KmJpump,FpcTURyXwAzJ4NhEDHqZ5LXzMsLxTLu2prtaCcgKWeEH,False,48
AYC2NUb4bQNtPaUZd8rjZ5wmt2i3ZE6jE5gDndpBpump,TSLvdd1pWpHVjahSpsvCXUbgwsL3JAcvokwaKt1eokM,False,863
AYMwf7uvzTMnnDrw64zcMjLBGaqrVcSGP8eNKXtdpump,TSLvdd1pWpHVjahSpsvCXUbgwsL3JAcvokwaKt1eokM,False,661
AYUewvuRDDAHtuX3D6wEwHGCM2yhMiJFMYQgKvZnpump,52mXWzgdyhTYx5nBPxZEDCUn8RP6oPszZNrtBRiYAsJs,False,1
AYXvcJQgpqAnumAjSdyQHy2aaxX2hXSc75fHRTmGpump,TSLvdd1pWpHVjahSpsvCXUbgwsL3JAcvokwaKt1eokM,False,1019
AYctUswNQavt4ksi271FgYSq8m88zQNgQAD2NYcupump,TSLvdd1pWpHVjahSpsvCXUbgwsL3JAcvokwaKt1eokM,False,1059
AYhFJk9ZyKN5aCRwrG78iTvuxnrrLp5q4fGfyBM7pump,TSLvdd1pWpHVjahSpsvCXUbgwsL3JAcvokwaKt1eokM,False,501
AZ5rAqoujXNSzgueBKRoxmTWDT9Qobkw3gcRGtFBpump,Ep8v1LaKkrwxGz9Gb5LPjkDs3rB2TXYjCPYg3u2HxdgJ,False,1261
AZLjDo8fDcHMuYaR3pBPWRL9hCNmFa68G8a915Xbpump,TSLvdd1pWpHVjahSpsvCXUbgwsL3JAcvokwaKt1eokM,False,1300
AZUb9UB4MVbAjoVjvJ7EDN7BPijAmLgcddo8gTEFpump,TSLvdd1pWpHVjahSpsvCXUbgwsL3JAcvokwaKt1eokM,False,608
AZdqafkooSwUPz9ouLP8pPaXjv3hNRjcKXLZRxwNpump,TSLvdd1pWpHVjahSpsvCXUbgwsL3JAcvokwaKt1eokM,False,1079
AZkX7RYCdmxp6nF9ZuePMvKD9Z2LZCcwCWGm32dXpump,TSLvdd1pWpHVjahSpsvCXUbgwsL3JAcvokwaKt1eokM,False,1229
AZnZjNctmBwzPb5aS2GYWhGVzv658Ae2e6X3yFMSpump,TSLvdd1pWpHVjahSpsvCXUbgwsL3JAcvokwaKt1eokM,False,277
AZncyvd8dAMzwMQQ9BLoJ6yBNmj4oUadATwnkqf3pump,TSLvdd1pWpHVjahSpsvCXUbgwsL3JAcvokwaKt1eokM,False,24601
AZu9VUzYvTxnt7sz5s65MPeyJonTWtQoAtqsKxX6pump,TSLvdd1pWpHVjahSpsvCXUbgwsL3JAcvokwaKt1eokM,False,1033
Aa8ejtU3JnNET5mCSJ7DzTNMPc7FdrjYfnNbUgXspump,TSLvdd1pWpHVjahSpsvCXUbgwsL3JAcvokwaKt1eokM,False,25101
AaEiARsPgEzJp4LeyWgAJZcbCQM84R9qzRtU83Jmpump,TSLvdd1pWpHVjahSpsvCXUbgwsL3JAcvokwaKt1eokM,False,985
AaFvZHnEMQ2CCNkzxeEyUB8bx2QKCuN4ud8m1k82pump,TSLvdd1pWpHVjahSpsvCXUbgwsL3JAcvokwaKt1eokM,False,24601
AaPGxxVzExCq8bDQSuVFLAjDPxNqdu1ntx1Sxfqnpump,TSLvdd1pWpHVjahSpsvCXUbgwsL3JAcvokwaKt1eokM,False,369
AaTH9X9W66EHogeYvDDuqoLNqii8MXqVodEvBwW8pump,TSLvdd1pWpHVjahSpsvCXUbgwsL3JAcvokwaKt1eokM,False,443
AbTxHocNTfiyWorhyiFUGwk3FpLmmGEgerNHv9Kepump,6k4o84whRHTfaXYWGuKLDJYDkkJLFRpvCsV4uehnS9dt,False,58779
AbUX1XWUTc1TnVuR5rELBcnP2p6j9LHSQzetHAsypump,TSLvdd1pWpHVjahSpsvCXUbgwsL3JAcvokwaKt1eokM,False,481
AbeZxA5fD8HsPQsyAYchjuXB8to86BYjhEMPegkqpump,TSLvdd1pWpHVjahSpsvCXUbgwsL3JAcvokwaKt1eokM,False,977
Ac15XvBjRFxsa8HP9fGRU7ZoCX9qyTUJTXVQovNzpump,,False,944
AcAMPMnf7dQy5sQDgSakshDwLfYf2jHffb8Tizb5pump,TSLvdd1pWpHVjahSpsvCXUbgwsL3JAcvokwaKt1eokM,False,1312
AcKhHNsKJeMmoJQvjXH3bub1zLwSVsEHY7hoHsoipump,TSLvdd1pWpHVjahSpsvCXUbgwsL3JAcvokwaKt1eokM,False,1363
AcPYiTfY7bhy7i3mr8bEAgewUYm8vdPfk5Pz944Mpump,TSLvdd1pWpHVjahSpsvCXUbgwsL3JAcvokwaKt1eokM,False,14968
AcZgTwHgS5V45r16VastZBjrFrfKNnoLh6XYSMx5pump,TSLvdd1pWpHVjahSpsvCXUbgwsL3JAcvokwaKt1eokM,False,763
Acg7KdALxwHZHwJNQiA48TadcgpKQnh66pWDxFgKpump,TSLvdd1pWpHVjahSpsvCXUbgwsL3JAcvokwaKt1eokM,False,1482
Acj6xak6xj8huUDZpDmox3wmCWqkQycmMM3LeBFtpump,TSLvdd1pWpHVjahSpsvCXUbgwsL3JAcvokwaKt1eokM,False,3001
Acyp7WLEyDDgX6XzUu7B17gbuooLHbgfB7M8mgeopump,,False,1054
Acze6KGwihrzHPZS1RPYNvfUtm2MZ7YSDHiuxLuRpump,TSLvdd1pWpHVjahSpsvCXUbgwsL3JAcvokwaKt1eokM,False,1
Ad9SuSpxuaLfusS9rgc3oxcHAkpgintBoaTxG8Y3pump,TSLvdd1pWpHVjahSpsvCXUbgwsL3JAcvokwaKt1eokM,False,24601
AdC99RHJhMmF7yLuj1v4TJ6r3RAq3mGEuo2zQe1fpump,TSLvdd1pWpHVjahSpsvCXUbgwsL3JAcvokwaKt1eokM,False,519
AdKzRJoVKdJ8BNwPy2DiYiujimLr9GQQdc32sQhHpump,TSLvdd1pWpHVjahSpsvCXUbgwsL3JAcvokwaKt1eokM,False,124
AdQz4mu8iQLdu98QskxTuCyNFWqR9SDWkcZkZJEcpump,TSLvdd1pWpHVjahSpsvCXUbgwsL3JAcvokwaKt1eokM,False,725
Adg3Ak3GsTJq23wBoGwvEQyyUuVafzURBTB2ipropump,TSLvdd1pWpHVjahSpsvCXUbgwsL3JAcvokwaKt1eokM,False,381
AdnFCiHpJgxQJVZqgUSGLToRbgpkbozT6Ynpic9ipump,TSLvdd1pWpHVjahSpsvCXUbgwsL3JAcvokwaKt1eokM,False,1
AdqidmBg3SvJ2UFWiYMnP8oZUE5fJdoN4aGua7kcpump,TSLvdd1pWpHVjahSpsvCXUbgwsL3JAcvokwaKt1eokM,False,885
AdsCT1jcY7hWzeEkkph6kUVCqTCPLu5qZC759gJmpump,TSLvdd1pWpHVjahSpsvCXUbgwsL3JAcvokwaKt1eokM,False,1
AdvjzHW4PgZcbwrUcRq45uTHA8DnRpq9ikQ11TaGpump,TSLvdd1pWpHVjahSpsvCXUbgwsL3JAcvokwaKt1eokM,False,471
Ae2QQKNy4n2nyzM7E44jsNFBLP5Ets7YSispqyQPpump,,False,30
AeGBjPhBYWf1rMHMMXZmJGWJe4nQ21L5wcY2gbMapump,TSLvdd1pWpHVjahSpsvCXUbgwsL3JAcvokwaKt1eokM,False,24520
AeNc7ZW2fbYtc7CcVqujE5s3WWnsHBkfzmj7yxhapump,FLKmEMNjFD5UM1oT48uCjnTLZHtv1VTzQAsPEr2Jq2TT,False,1
AeZcHGQJtWAGLUGKhxYEHM2suH6c58Uz8rF6e6ZVpump,TSLvdd1pWpHVjahSpsvCXUbgwsL3JAcvokwaKt1eokM,False,1
Af9TADUSFdFnUZtdjre5ER7QxWu81Uo63fmvj45Epump,TSLvdd1pWpHVjahSpsvCXUbgwsL3JAcvokwaKt1eokM,False,969
AfR8kzgJwJKtZB4A6JzaVa1bmfbQfXE4JJie1aejpump,TSLvdd1pWpHVjahSpsvCXUbgwsL3JAcvokwaKt1eokM,False,669
AfWVQCc8k8jHJWHdoGcTGsMCsNcwAFnziq8ZgCWVpump,TSLvdd1pWpHVjahSpsvCXUbgwsL3JAcvokwaKt1eokM,False,1052
AfdqZyCWYinfCS2wU9XqCWy4rcBDpvwnFx251HBApump,TSLvdd1pWpHVjahSpsvCXUbgwsL3JAcvokwaKt1eokM,False,320
Ag8wL3xGHmfrJrSW7VkWqLDv4dhEdhWHsZeW9Zvfpump,TSLvdd1pWpHVjahSpsvCXUbgwsL3JAcvokwaKt1eokM,False,1
AgDbSPmPjeVvZccG6oEhVbsuomqNLiVd1hRs3X3Dpump,,False,1335
AgKWb4j4EXV3jLogV9PgMfw9wxBC2jg2NSBRs2uzpump,TSLvdd1pWpHVjahSpsvCXUbgwsL3JAcvokwaKt1eokM,False,1256
AgLzeo799sFPB1xYepkeDyRoGRtoDzVHo26WensCpump,TSLvdd1pWpHVjahSpsvCXUbgwsL3JAcvokwaKt1eokM,False,770
Agamjju3F23UQ7khd8pFZtFxL4DtrHSSb5mpJbXxpump,BsbqBgw66uDYwt248BhbmA9Dfp5RVhzn4Nng2zF9F4hP,False,24601
Ah2YgegSQj3QLmmVmG8q5Sn1AjTNgV2GD5fK5uwtpump,TSLvdd1pWpHVjahSpsvCXUbgwsL3JAcvokwaKt1eokM,False,869
Ah7J1AqAHuE25JkUJns6bk3gTvn4TQzV5tcLnUX1pump,TSLvdd1pWpHVjahSpsvCXUbgwsL3JAcvokwaKt1eokM,False,596
Ah98UjauGR2QcGd2KiRzV7yB3iLT8NksArGDx4Ubpump,TSLvdd1pWpHVjahSpsvCXUbgwsL3JAcvokwaKt1eokM,False,1317
AhS287ip3cWuL5of4eiP9biDbQMj1efWrDoT9iCppump,4YwgB3ddMHgbtyt22JokqNxbvzm1vRRhieogSUZjfevr,False,24601
AhiwirfuWUJsffxirfGGpiJhqXbnkbNB6qJ9cjZSpump,BEJBdJrzEYsThuC1S47MSbWDuf9efetxTFbYKCS6GYXk,False,2001
Ai1RPtcxjx7T2XrUQmcKE6xAe3y29RkLs6WAxCFrpump,TSLvdd1pWpHVjahSpsvCXUbgwsL3JAcvokwaKt1eokM,False,1061
Ai6j6UBGBjkwt5bqcChmGAqs6XdzUtpkn4bGcWMRpump,TSLvdd1pWpHVjahSpsvCXUbgwsL3JAcvokwaKt1eokM,False,3193
AiBzNK11bJZ9ApkC8BTsk3KqScywGCDz3mbcfq7xpump,TSLvdd1pWpHVjahSpsvCXUbgwsL3JAcvokwaKt1eokM,False,736
AiLMt6uGiWq4EkLmXfQgM4FhnbQBesJAvcB37VmHpump,TSLvdd1pWpHVjahSpsvCXUbgwsL3JAcvokwaKt1eokM,False,1088
AiQcnL5gPjEXVH1E1FGUdN1WhPz4qXAZfQJxpGrJpump,TSLvdd1pWpHVjahSpsvCXUbgwsL3JAcvokwaKt1eokM,False,1
AiYhnwWiqbdSiEHgAzqrurcdoZx4V21mnuMt5ps2pump,,False,1
Aj1sUmhsPnWb1i9pxKATEkvStZMa9MsLeHuvJG1ypump,4FsspJuW5A6vmRvoZF324qpzKoMEUitLtXewBkogPftT,False,24601
Aj8EQFxhVNbFLRTGJveBYt7p65QfY6YZtXLgjqUbpump,HiGubor64QLtuHSd8Zk6MihFxB5wYMd9z9mChgjPYiEN,False,1
AjCvvxNidnqzAscGab9U8cdhD2NoyP9DCmYrGXkwpump,TSLvdd1pWpHVjahSpsvCXUbgwsL3JAcvokwaKt1eokM,False,24601
AjJY9Xcz79aM8ZyGorj9Wz9cixJrBg4tkRtNsS4Jpump,TSLvdd1pWpHVjahSpsvCXUbgwsL3JAcvokwaKt1eokM,False,422
AjQ64aLrBZU4mzbqRDCkHianCEGx5fkEKptCnqhxpump,TSLvdd1pWpHVjahSpsvCXUbgwsL3JAcvokwaKt1eokM,False,1062
AjQfiJ12xW1ePY2pKchphqpaWn6PPn5ffUgVLgaRpump,8Dk83pUYcmipAnHbLchLLRBAxsCecwpnjq7rBiPC9c2j,False,1
AjXCV2HfwXEg7VprYysVGFCmJh7DACEzZXDPjjM2pump,TSLvdd1pWpHVjahSpsvCXUbgwsL3JAcvokwaKt1eokM,False,825
Ajo3Li51QCmSQcTXb3NCNbDWgG66KBmDAJmN6umSpump,TSLvdd1pWpHVjahSpsvCXUbgwsL3JAcvokwaKt1eokM,False,994
AkQnfcSrNj2Hw1dQDWVcxTPgVtWhXWFACYHYQoP5pump,TSLvdd1pWpHVjahSpsvCXUbgwsL3JAcvokwaKt1eokM,False,1324
AkaURBsD3nVB4YSNjMQK1DRWxRSmU3SGzKnPf2WTpump,TSLvdd1pWpHVjahSpsvCXUbgwsL3JAcvokwaKt1eokM,False,1010
AkftQuSfuUyLRLw7ymRcLWR9y6c3oBegK5Hh53w4pump,TSLvdd1pWpHVjahSpsvCXUbgwsL3JAcvokwaKt1eokM,False,1
Akg3PGWZYGRzxBk6LzJ874QSempjHy1mRKaRJByZpump,TSLvdd1pWpHVjahSpsvCXUbgwsL3JAcvokwaKt1eokM,False,260
Am1QNmAEW6VvfwNHtqkNZZB9qfzj9ZVhXPSLZHGDpump,TSLvdd1pWpHVjahSpsvCXUbgwsL3JAcvokwaKt1eokM,False,618
Am7FpyK4hCxrZhURfnFLRiu7nCttNRCSM61EWciapump,D5BQbW5yT1wDURb6zzvxbh92aeshTcEyPr7aWEwEpgn4,False,28100
AmCxD22H26LTSB7GSpur9m5yUVGRboyntuBTaYiXpump,TSLvdd1pWpHVjahSpsvCXUbgwsL3JAcvokwaKt1eokM,False,992
AmQAvvBMYDsefySX7E5Wn2GHnVsAub5Bu5mqJSVcpump,TSLvdd1pWpHVjahSpsvCXUbgwsL3JAcvokwaKt1eokM,False,1181
AmU2tftrH1phR6bD27eY2tqCE4YibRdoaeUPqwCTpump,TSLvdd1pWpHVjahSpsvCXUbgwsL3JAcvokwaKt1eokM,False,24598
AmXoXkTmLvwoQSVqgRnEXA5mLg7f5D7gpJ4wJVGCpump,TSLvdd1pWpHVjahSpsvCXUbgwsL3JAcvokwaKt1eokM,False,1
AmdkSqf2EFYXouiHS46KnuikeewWvuz3hxh5PrvMpump,,,
AmiVUY16RnBtz1BbXgbAthQgfvPvnHqDw4jWv5GQpump,GErZmn5wwAdeJkAgB46Lvo5GpfgFjoyqzYSgwBwDmKwu,False,1
AminyTTRX9HEMBNFdB7afYPUjZQJ4tpAGvv1VRXzpump,,False,1024
Amk6dQvqCuYHF9hVPjKqEWk32NKiuej1MQtxJwy3pump,DjJutdswcJbXouB4dLN2Z1oHL8oCKsD4z3xgNhwYkGsW,False,24601
AmoR3GBKZew3DHFXF7wTDa9YSeZtXBraiufKgb7spump,4cEQRbZXVS4SV2DPdBf1LMc18q5sKiVaPGEG8ZDkbK4z,False,3084
AmonPTx29aqnjXwdsqV7nXTK7tqHoeZmxFp3W3UTpump,,False,1
AmreBjtHgU1CMPGMUfq6cbSa6t4ptjX1per5HJ7Dpump,TSLvdd1pWpHVjahSpsvCXUbgwsL3JAcvokwaKt1eokM,False,1027
AmuJBLbTERhULZtid6CUcmEDCj4XQs7CWbaWmCgLpump,TSLvdd1pWpHVjahSpsvCXUbgwsL3JAcvokwaKt1eokM,False,1
An7mU9gsWyk9DEzHRssxyQp7QF67nqxudwYwA1wSpump,TSLvdd1pWpHVjahSpsvCXUbgwsL3JAcvokwaKt1eokM,False,24601
AnLQDZ8jAuFCohsPWisgWqkfkG5iw7zUfBC7imrdpump,TSLvdd1pWpHVjahSpsvCXUbgwsL3JAcvokwaKt1eokM,False,1
AnLV6URRUi6gSaRunA141ZuBySuNMTvaWpSXbgLXpump,TSLvdd1pWpHVjahSpsvCXUbgwsL3JAcvokwaKt1eokM,False,943
AnM6bkqJy3D4douPgp1keUTmQNygP2KKiM7bVw9qpump,TSLvdd1pWpHVjahSpsvCXUbgwsL3JAcvokwaKt1eokM,False,937
AnU7Ep3FYqfeHD8qjyLiAqpvkDZBJTjCbTz1r2Vppump,TSLvdd1pWpHVjahSpsvCXUbgwsL3JAcvokwaKt1eokM,False,1325
AnVLi7Cqb93DK7Z1jtNVyhvWhnJQiGt5pgwfymdUpump,TSLvdd1pWpHVjahSpsvCXUbgwsL3JAcvokwaKt1eokM,False,2001
AnhgubzLLFy8QdLu2wEQVX5PrZFcoiAaJpw4QDtHpump,9JyuijJTMLzkXTXnhm2SwnQ4aLRs4nXhz3VKJ6rskxfK,False,54236
AnsvmdYfDTg2yhgLRmNPgDk9X19wjoAB1pTphRDdpump,TSLvdd1pWpHVjahSpsvCXUbgwsL3JAcvokwaKt1eokM,False,732
Anu4rvCZiyjAQPut85MTWBXCMCt54cz52TyFQfi1pump,TSLvdd1pWpHVjahSpsvCXUbgwsL3JAcvokwaKt1eokM,False,850
Ao3iz64BMUkMj9aJ26KNBbwc3D1CMWcvPundgA1hpump,TSLvdd1pWpHVjahSpsvCXUbgwsL3JAcvokwaKt1eokM,False,965
AoHZb8CpRycx2Ra3h2Ke3zpci8xzpDA7w6wiojwpump,HdxW2FVa7WYbpJe2RzGVkxhZXkiHBzeknjwc4srsQFdZ,False,1
AoHrtj4JaXXoHvaGC4TB9qGq3NPxN4pQvNzQzoJUpump,TSLvdd1pWpHVjahSpsvCXUbgwsL3JAcvokwaKt1eokM,False,907
AoXEBwwGfwHxjQmBKKTADYLQXRPm8MRBKbaSEyzppump,TSLvdd1pWpHVjahSpsvCXUbgwsL3JAcvokwaKt1eokM,False,419
AoeAh1Cu2qBFVAPRuKxUkn275sTksT6nFWPrt8Twpump,TSLvdd1pWpHVjahSpsvCXUbgwsL3JAcvokwaKt1eokM,False,1210
Aoo8bQNU2iCKmRNTMcikuKiucv4FwyNYUu7mULMFpump,AhKFZkpiCeituiVwLLcUPGLJBszMKbaWY2HEiB715UNp,False,24601
Ap2X5ChcuuZ9ouHS3YMdU8WpEPB9FeypnjsfdYu1pump,AuBSxXXHwT9gD5r4YHj9an4aXeXU59wPPp7pudYKgMau,False,1
Ap4DHrnVybF2wXoKxBdFEEJ1Yew8KhZtMUShusHfpump,TSLvdd1pWpHVjahSpsvCXUbgwsL3JAcvokwaKt1eokM,False,1
ApSyVXJLRm1mF4hEdcRvaHcKiZmBG2YhariaDcvtpump,TSLvdd1pWpHVjahSpsvCXUbgwsL3JAcvokwaKt1eokM,False,622
ApYQgaJeDEStBoowPa1MVvZfmrM1RwZHF2PYU8bipump,TSLvdd1pWpHVjahSpsvCXUbgwsL3JAcvokwaKt1eokM,False,1
Apa5K6sxnHEFNW6LcXdaNvAFD1HwCcwsi6C58dLRpump,TSLvdd1pWpHVjahSpsvCXUbgwsL3JAcvokwaKt1eokM,False,923
ApdfUSvTURghtNPCcNmDv6X2yTv3oBZizBcJzWC5pump,TSLvdd1pWpHVjahSpsvCXUbgwsL3JAcvokwaKt1eokM,False,863
ApdjMxu7xcLTajTxrivmHaJDVLPYaeTeBeUQmz4qpump,31YtvSmtCBjwas15unSxqUWtCAxBwUonD2j2YV5RL44t,False,3081
ApgdL1kUr3rcbbDkQsBKAbcShuAisKrPHDqEiKUqpump,TSLvdd1pWpHVjahSpsvCXUbgwsL3JAcvokwaKt1eokM,False,1320
ApswSnVkwcv9rFfYfdSMySq9qVcxBuCN6S55ceWGpump,TSLvdd1pWpHVjahSpsvCXUbgwsL3JAcvokwaKt1eokM,False,24601
AqJSYqJUaiovR3SzDdSHko4phnmS3jMou3pDV4hapump,TSLvdd1pWpHVjahSpsvCXUbgwsL3JAcvokwaKt1eokM,False,910
AqM83ndbXzckRD1E3aGLWro23zsSBQ5Mdr7iNP64pump,F99GW13dTw16nif8b6zdGDyEqnGGpNKMQCCWCcwi9pFG,False,24601
AqWYALCAVwKbu7wHxM2YhHr2XrFQ1ukw1TV5Ntanpump,TSLvdd1pWpHVjahSpsvCXUbgwsL3JAcvokwaKt1eokM,False,1
AqYqcTgKqPVaMMjK9niKR4C5gLgU3RuNs5FHDQahpump,TSLvdd1pWpHVjahSpsvCXUbgwsL3JAcvokwaKt1eokM,False,798
AqZcyCfawEdcoTvZAyHYTyhRc9X5XtMwY8mtEnpXpump,TSLvdd1pWpHVjahSpsvCXUbgwsL3JAcvokwaKt1eokM,False,24600
AqbVs6pJpvadvz3t4bFqBBY9zPBFgnsWgpnkjSfbpump,FmGZ7aZCW5ywXj3T6hGnQHioZh8tSzxfuTZPAGzzaTKE,False,1
AqfTfg8GettaT9hA4pdi42sGHWDbTEokA2Qfq8Pqpump,TSLvdd1pWpHVjahSpsvCXUbgwsL3JAcvokwaKt1eokM,False,675
AqmQmf3q5YTYFv4ywmscrbzmN8YPTBmyGHXNjLVQpump,4LXuAPTnnbhByRQGPiAGKPVh5bcgCXhhDeUJwJJU2BhZ,False,2001
AquEdp1x9sAtBJMXjggNojqADhck9ff5yR12pcK8pump,TSLvdd1pWpHVjahSpsvCXUbgwsL3JAcvokwaKt1eokM,False,953
AqvZYBPgAw6td3dnXMz6hbd6dJCDfNaTgdybvjn8pump,DqtoG8vBtGwCeQYsQe6Hidq1rao2N8j7V9DqGEPLdoej,False,24601
AqxPZrK8gduLdhaeR4vyF9PVBAjuuCkDWWRUjV4Qpump,TSLvdd1pWpHVjahSpsvCXUbgwsL3JAcvokwaKt1eokM,False,813
Ar57mMFLGarV4H7ycejtE6eHhUHwYrVusqn9ms61pump,TSLvdd1pWpHVjahSpsvCXUbgwsL3JAcvokwaKt1eokM,False,24601
ArNF1SUt4SbWzDzQu26nifHftjqEck4Autr91Mvrpump,TSLvdd1pWpHVjahSpsvCXUbgwsL3JAcvokwaKt1eokM,False,24601
ArRRhsbZMhCaTmTD1xKURSpPja2tJh6jf2oZnisMpump,TSLvdd1pWpHVjahSpsvCXUbgwsL3JAcvokwaKt1eokM,False,1055
ArRg6TYTgv2idYKJxzb45qzXSCpw6anoV19HZuirpump,,False,1137
ArtYM6q8VKAfZT8KPKhtpiffvPoB4GuR27Vegimvpump,TSLvdd1pWpHVjahSpsvCXUbgwsL3JAcvokwaKt1eokM,False,1157
As3FEDpy7pE7KdimQZZbfBnBirXrwdyN1UCsENMjpump,TSLvdd1pWpHVjahSpsvCXUbgwsL3JAcvokwaKt1eokM,False,1028
AsDz6pFEZn7unPV8kC2kwetNNPbysVrreyhsUxNFpump,,False,1173
AsRUg9H44D681khzpJdG9pS4DGEXg5FbudJ5S8Jspump,TSLvdd1pWpHVjahSpsvCXUbgwsL3JAcvokwaKt1eokM,False,1
AsaDEnAPRaYZen4r6WKNC8tLjV2AcyLpy1NsvS3Cpump,,False,678
AshCp63UfAaagrGmiuuMTAotvNeGUWwmnPSsqW7mpump,TSLvdd1pWpHVjahSpsvCXUbgwsL3JAcvokwaKt1eokM,False,941
AskE9Jtj6gN7Sk8zdzRJTZn71VYUGhCLgR8334nKpump,TSLvdd1pWpHVjahSpsvCXUbgwsL3JAcvokwaKt1eokM,False,831
AsmKCysufJvzLiMu5BXPn2ENsLx6DKsRSxstDk4Epump,TSLvdd1pWpHVjahSpsvCXUbgwsL3JAcvokwaKt1eokM,False,1
Aso39cjyYg1oPJdABSaFDZd6gQEa2E2ffogVfmvfpump,3DmYL3oSngaLsrHG28qGa4dckTQhpGE4EyxenosroD2P,False,652
AsqkZV7KUd9qpFnBLVyL9hVnTiTuP9AJmUiYgCUapump,H1yYGVKS4SmRqKbjCpqpgjgkuA2XDrdu5WPaHEhRd3aA,False,36200
AsyfR3e5JcPqWot4H5MMhQUm7DZ4zwQrcp2zbB7vpump,TSLvdd1pWpHVjahSpsvCXUbgwsL3JAcvokwaKt1eokM,False,1
At29uSLVVDa5DeCoVWTw2LhnbP4gx7K83y9qwpHZpump,52mXWzgdyhTYx5nBPxZEDCUn8RP6oPszZNrtBRiYAsJs,False,117601
AtTUzJVrPkBTXwiMZivVRKvWmCnVpRfnKq3cc5fopump,,False,1
AtakVE4hj5KgbS58YzmCYrUwRqMNCnwaamUckk2Zpump,TSLvdd1pWpHVjahSpsvCXUbgwsL3JAcvokwaKt1eokM,False,1
AthDuPMH3NxrYacmFW7atD4mv6K2ZhmDrLq7EAAXpump,DPNPVvoGdwNBY849ryx2JZzakWuWbDTfSUYr8aNfKLwA,False,1204
AtpjXjJTCMks4wPdwGhQ2qQW9gNbRfrmsq4PUrZ3pump,TSLvdd1pWpHVjahSpsvCXUbgwsL3JAcvokwaKt1eokM,False,157
AtqGzZeByYfguQMkZ4k7cfDSLe9VeZtBeaeet3A8pump,HxeMJkbpukKqi8R9kjzSC59DR8kMxcuAb6R8F2RB3VrZ,False,1
AuHEn3JoxQQgbj76AasaU2F5wv87ADUn5UXoxC3upump,TSLvdd1pWpHVjahSpsvCXUbgwsL3JAcvokwaKt1eokM,False,1320
AuP11Ejstita164vjV1VT6kLMjWtuHhaboSM1GjDpump,TSLvdd1pWpHVjahSpsvCXUbgwsL3JAcvokwaKt1eokM,False,1060
AuQBtr9jDReRzc16g2asKm9xvt2gSqchzxAGK6bPpump,TSLvdd1pWpHVjahSpsvCXUbgwsL3JAcvokwaKt1eokM,False,918
AucYJEN8zPHwbZGUgAf8s6Vq5GhjRw2VutCXahqmpump,7hFxsbQTK5gSMwNZQvWXsid4uysPnHjhcicKfWCBa8z9,False,1
AudFvjMXQsV2G5k6fv4RsHmUKtS8QDGtY8K3Bqpnpump,TSLvdd1pWpHVjahSpsvCXUbgwsL3JAcvokwaKt1eokM,False,2824
Av4w2ccZVpnu2UmaupGpoYYSKT5wkS1HmA7HeyX2pump,JBkuYy5h1pf9XobLmqTPcz3drB5ppQd7uPtwsmYjPYwX,False,1
Av67SYEwmfaPmS3Yc9gJSrGu71EQHn7PyLvEFDxtpump,TSLvdd1pWpHVjahSpsvCXUbgwsL3JAcvokwaKt1eokM,False,1
Av6FWu9e6qLihhrUFEJeVxB2VMnFVF1df742Wy4mpump,,False,598
Avf8N2wuD2kVFTqaz1UDmQSRDhSMqxQaNxf6bGpFpump,DibjpPiTA5b3QBtYJHJPR95v34pQvu6HjbbAPsXbPy83,False,24600
AvkfKcnakXmntm2gtdje9txxavwZjYBqk7iqPer3pump,C2H7Za1FQxX4kPedvP1GXpVuAYoWzbuUhMjWjC2qrMQw,False,24392
Avr3NYAGNuraf2uSC1Zza8nga77CELoi3trFCH2Lpump,TSLvdd1pWpHVjahSpsvCXUbgwsL3JAcvokwaKt1eokM,False,1
AvyDgk3sKMTNkrV6fswMUsj1722nqaEC7NLNCxnapump,BkbEFdYuCbCxTkwG741fFQ6vZufVEDJZ9M26NwkhSMPs,False,24598
Aw1dZ35UEFGEekgSP9cC65BoqnLTRsJzDxCaeMxbpump,4xH6cNTWG2Fyvs49nCCZay4bYnQsuSZMQLPKVgKAsrjL,False,35754
AwFmvMDvP26AypmrPPS5NBy4dsoWLet2LkujARR6pump,TSLvdd1pWpHVjahSpsvCXUbgwsL3JAcvokwaKt1eokM,False,295
AwU9dsHztu6tbTByWpTGpQLKbKywK8DmtewfhVZ5pump,TSLvdd1pWpHVjahSpsvCXUbgwsL3JAcvokwaKt1eokM,False,336
AwcCFuJgUYNYHXm6tHhr7DsXDY6FKvXUt2DFjmgHpump,,False,1
AwhWbnkYXFHD1o1e6vFHvHwEdBysb93Aenb8F2wipump,TSLvdd1pWpHVjahSpsvCXUbgwsL3JAcvokwaKt1eokM,False,24598
AwiHtYJ9TTyLt2ArrfGZBFoRMrA7PbT5mTdf8ECqpump,TSLvdd1pWpHVjahSpsvCXUbgwsL3JAcvokwaKt1eokM,False,24520
Awif5iQnv1J2x6RHJrh3cNyaH2ghu47DsJfRgFwSpump,TSLvdd1pWpHVjahSpsvCXUbgwsL3JAcvokwaKt1eokM,False,347
AwptL2WRgSKXYpgg7vkKKw5GmRr8SjW8vDYFoYoUpump,TSLvdd1pWpHVjahSpsvCXUbgwsL3JAcvokwaKt1eokM,False,1
Ax6TrTpSthzu1RNptH5VBRR53atgvK75fCSV4zQpump,TSLvdd1pWpHVjahSpsvCXUbgwsL3JAcvokwaKt1eokM,False,982
AxABP6cNo97yRE7HkfXeV4bqdXRLMG2Qf5gzaXdQpump,TSLvdd1pWpHVjahSpsvCXUbgwsL3JAcvokwaKt1eokM,False,24601
AxAmknc3VQWSi561yF62km91obc9Gick1mx1C8eEpump,TSLvdd1pWpHVjahSpsvCXUbgwsL3JAcvokwaKt1eokM,False,487
AxCaHE6qpvUC4Uhfhh3sXp9wZgEi8cvuP39kjq8mpump,TSLvdd1pWpHVjahSpsvCXUbgwsL3JAcvokwaKt1eokM,False,1197
AxD8cajEA5Z9XfZhpe3dn11k7ULpUamiVPQQ5CG4pump,TSLvdd1pWpHVjahSpsvCXUbgwsL3JAcvokwaKt1eokM,False,1
AxDSaHb75wHdsWuJaacn3F1asQpuzsxYbLnUGrgqpump,DNGBr9Fp875y6jJjUrUmknpLubcNx8kpE58ZXDriEQAV,False,24601
AxGAbdFtdbj2oNXa4dKqFvwHzgFtW9mFHWmd7vQfpump,TSLvdd1pWpHVjahSpsvCXUbgwsL3JAcvokwaKt1eokM,False,1
AxNsMrNx3M45UgWyCdcfPGtzCUuMsF7Y3YoCJf1Epump,TSLvdd1pWpHVjahSpsvCXUbgwsL3JAcvokwaKt1eokM,False,683
AxUx31tmanQ2r8xG3nBvW1L9miHHZNqMfALzc1ygpump,TSLvdd1pWpHVjahSpsvCXUbgwsL3JAcvokwaKt1eokM,False,1
AxV9QTzQCt5Jwg7Zaxg4szKGnJ8YPXt7iEizKWa1pump,EK23JQKB5csmBJgv34RVeoXWb9KkQMKUdhdLBrzVdHKy,False,24600
AxYWMzuc4b1xFHU3LZvDAXYGz7Vsv39q7fdNFyjZpump,TSLvdd1pWpHVjahSpsvCXUbgwsL3JAcvokwaKt1eokM,False,642
AxkJXrLaN2q2amG8QUCw2mByDbVpSVVS5RqiGHntpump,TSLvdd1pWpHVjahSpsvCXUbgwsL3JAcvokwaKt1eokM,False,1117
AxpMnAXBsGfwX6LXGn221Q4ZXULUvTmMNfX8SkZGpump,TSLvdd1pWpHVjahSpsvCXUbgwsL3JAcvokwaKt1eokM,False,1036
Axprarc5dAgqvRV62A8B8nKy6Q7StEn6VTZm4ZqZpump,TSLvdd1pWpHVjahSpsvCXUbgwsL3JAcvokwaKt1eokM,False,1182
AxszcHmkydAUEiKuKxrLY3awuu87XF1ErfnzyCm3pump,,False,872
AyC6U71x9E2rTq1yhm6JcJnu4Ej7L1jaEGBtR8U8pump,TSLvdd1pWpHVjahSpsvCXUbgwsL3JAcvokwaKt1eokM,False,1126
AyFh2KFfMYCmZWiJcf25vmLktbJFWYYKxg7216Fipump,87TfCHoRWhsiJX3ECy4EoGhzcHaeLPUgWfUo99upGnX3,False,1
AyH5efYDk3a2iptDC1fWghbJYBn66RFWTmzMRayQpump,,False,140
AyLPSTFedcckTch9Bg45wYwJfXZm44bnfj7g4U4apump,,False,432
AyUjRmZck2PBM5Lrsti2ySYe3vqQ6Z2Gd5QNqg1Vpump,4ANaskxWZBk24sApS7y8EPwWCRuLS4AR5uwqM2jMNU4e,False,24601
AyXfUUCqZH4TmfvqpDXm6jgu4AHnV7kGVVjiAn5Fpump,TSLvdd1pWpHVjahSpsvCXUbgwsL3JAcvokwaKt1eokM,False,1363
AykKugnUqdke2zTYcewJkcAfqdMYTzXY3v6QV7K9pump,9MTtTGDKHZCbsCNcC5v9wM7EaVDKRrg3NJmLfMJztr4o,False,1151
Az4CMUYvBC6J3vpda9URZLtth1sjVZvR9KD2xE4Gpump,,False,1
AzC1u8NPdpS6DVBs8Mv3P6egZ2AhN9KaGaY64xVMpump,TSLvdd1pWpHVjahSpsvCXUbgwsL3JAcvokwaKt1eokM,False,1
AzJWzXtMm9nxKrBz1GXKStAYsz3dynLFV9YPqtz1pump,TSLvdd1pWpHVjahSpsvCXUbgwsL3JAcvokwaKt1eokM,False,24601
AzN2kJgSpkK5TXz9cg8MKWYgr27xaQ1N71oRGRj2pump,TSLvdd1pWpHVjahSpsvCXUbgwsL3JAcvokwaKt1eokM,False,1173
AzXBTvmitt6b1NKizj7hULvVsnKHAsMKFndqWUTspump,TSLvdd1pWpHVjahSpsvCXUbgwsL3JAcvokwaKt1eokM,False,1037
Azh3QVZE6xJRn1iMQXmKbAHBPTbZd1wyiTQRjHcppump,TSLvdd1pWpHVjahSpsvCXUbgwsL3JAcvokwaKt1eokM,False,1162
AziRdGhvX1ePaBxUzRPB5GJScfw6BVCaRi8zAsjvpump,VcagjnREupWak6QNC1jEKcpkMGeUyv4E4h4Xi31feNJ,False,533
AzstBdnepeCtHkhtyFToFTGzP6itnF3fpU5hG9F4pump,TSLvdd1pWpHVjahSpsvCXUbgwsL3JAcvokwaKt1eokM,False,737
AztnbFUSwGCAaeTFDYqyUqKi8qGbZiGUeJsage6dpump,GoX9RMeyVitGQHTZaQXW55rc1k4KqgoNusFWjhzXZUJQ,False,24601
AzzF8xUfHG2YvmtpD92Xw9wQ5VBqajp53n59ws93pump,TSLvdd1pWpHVjahSpsvCXUbgwsL3JAcvokwaKt1eokM,False,24601
B1Ahew3dZeamHmz3eMjGWScLKmavN4SqM4p1rwnpump,D2F2A1RyDHDtAQZmdDBiUYzL3imb6gxCcAAMVxA9hkDW,False,2503
B1BfPeWLDRmX5QV4zuuTJW3dXea5X1sG8UcrtcTkpump,TSLvdd1pWpHVjahSpsvCXUbgwsL3JAcvokwaKt1eokM,False,717
B1PC7L8LE2j8txjhtd1qWKAcJ8i5M5S4Nt5vekmKpump,TSLvdd1pWpHVjahSpsvCXUbgwsL3JAcvokwaKt1eokM,False,1242
B1aa56R4FJegCMDLDVZPyA5w4GcRwXTp2GVrQNb2pump,,False,670
B1bNphYd11rfFmbBxHLJDFhZ3zWqwHJ275PxpbeSpump,3KM6CBRBmcTeYmJLsfShABHFCiBkLjgqSHxbVWsSmAHy,False,2679
B1c1b2mYS88PrXzFntPQhSFnPxTYRYVStKYVaqNDpump,6Q4SvRjp5Bhtv8swWT1jv6tVfieCggrYL4bcvsk2eKg4,False,1
B21p62As5Mu6AoLLNYR7LkvpHNyq9mk7gZKZzP5pump,5XLvYsAaCUwJ2MoJ3q7fMBHbUVMZ8XQSBYQYsUKbm3sW,False,2080
B2MWQnPXG4BrajDMkN7UKXw6DhUxhBbYKaU6xVtypump,TSLvdd1pWpHVjahSpsvCXUbgwsL3JAcvokwaKt1eokM,False,158
B2RRN4nfvLh8agK9CjAVomQA5DyUKZDdyGcfWRCcpump,TSLvdd1pWpHVjahSpsvCXUbgwsL3JAcvokwaKt1eokM,False,1233
B2aDbn9LuMHVNxcLnXsrP8SwE83W39w7UbkiMmVrpump,TSLvdd1pWpHVjahSpsvCXUbgwsL3JAcvokwaKt1eokM,False,719
B2g4BWLkgvseE96AYoPJT5XDakR1BWz65khzj8jipump,TSLvdd1pWpHVjahSpsvCXUbgwsL3JAcvokwaKt1eokM,False,996
B2oEUCmCGktPXPkQEzFTPYjnWpUPCotqzaT2eoPopump,TSLvdd1pWpHVjahSpsvCXUbgwsL3JAcvokwaKt1eokM,False,1
B2rZRPN6CdxsjK9ccLeDMvQjRYfVeuhAXBZL8YZ9pump,Gspo35zvFNuNU2RLtomVD3fgfVvsExxUKBCHbePZoqAF,False,24601
B2tYnJU2exRVqWKbJABMmHnYTdqcK6oVyy7dY1uGpump,9V5qKXEZmVmumKFQ8GweeoSG7zrv4YgSP8VaL9fGrwWQ,False,2001
B32qJe3JDVxCD6HsbNpqx3BH5cxFrAuj9qU8CzhEpump,DrvUedosW94xbp7srUp59MuXgDicqVQUx5X4u3YVhZn7,False,2971
B3755QnrF5XPct7XTKCifm23rAqbaoJsekqLMgGZpump,TSLvdd1pWpHVjahSpsvCXUbgwsL3JAcvokwaKt1eokM,False,1
B37KG7jHv1TkhJwe9xTuLuQyzTXvgQjAmBaxLeCrpump,TSLvdd1pWpHVjahSpsvCXUbgwsL3JAcvokwaKt1eokM,False,1
B3EWWcd6n8afueTnn9cZ4b6c3MceSeocsEerV6ARpump,TSLvdd1pWpHVjahSpsvCXUbgwsL3JAcvokwaKt1eokM,False,24454
B3dGERBrKUGLawc4jvgPQgj6SiNtmRYf7ZuydLfrpump,TSLvdd1pWpHVjahSpsvCXUbgwsL3JAcvokwaKt1eokM,False,1219
B3fqhizu56MChAtW6FvPMRpBRCzReSTPWHD6y26Epump,TSLvdd1pWpHVjahSpsvCXUbgwsL3JAcvokwaKt1eokM,False,1
B3nRQgGEp5ijG2vNUQXA7hruhrwnqoHjD1ZWAqo7pump,TSLvdd1pWpHVjahSpsvCXUbgwsL3JAcvokwaKt1eokM,False,24601
B3yRNBd5RzutinaMffLxzDd2DBjQbZSNpNmmiTvMpump,BMivqhFYUedFeaDtuV3iefhNdcGbvEDAE1PXQqiBhqK8,False,38265
B45XJ8UGdgEfVj1Lbjxw1QDd5UxerZaDjUdjE81Ypump,TSLvdd1pWpHVjahSpsvCXUbgwsL3JAcvokwaKt1eokM,False,24599
B49kTk6c9tVf8eCTXZwtsJgPybJYGfde1gKMwmf1pump,FWRwcVnemJAwx15uyC49msKkAJi5HMfRC4gWSW67zcoA,False,26600
B4MDqsPuCUpGhGtDpjBJEJZKj7NZU7RvnfhkSs44pump,TSLvdd1pWpHVjahSpsvCXUbgwsL3JAcvokwaKt1eokM,False,24599
B4qJnZy5aCiFuGUXZmeQG8xbdboWRfoT6mxEiXnRpump,7PnqFzNjQuiUmC8e8RBjWHSZg9oEpKMkWPLkepeTiE4a,False,1263
B4wCa3RyTJhQZXGrnq8PugAggcX6UTmZ52qR1Ryhpump,BcCQbayJBgTQLNZfnd5Y49GreSAfM6N9mvHK6LK8MH3y,False,24601
B4yDJrpgfDEX6iVcJMKpUuLKFz2Ni38KBZAU6ZJbpump,TSLvdd1pWpHVjahSpsvCXUbgwsL3JAcvokwaKt1eokM,False,1224
B52DtwFKVN2eAsFkwRBSA2AtWaLvNFnh4Nb2h29Tpump,TSLvdd1pWpHVjahSpsvCXUbgwsL3JAcvokwaKt1eokM,False,581
B57eZa9A6dbYgi8HbhSsK7DE8MMp3rr75uJziBtFpump,7aJHRUvtuXo4xuhDHkFBxbtd5AhEFN7n8bGJFbHDHVaG,False,24600
B5JagTF7ppggnQcTL5Lxh8fCtrH2xZfg3qHLs29npump,TSLvdd1pWpHVjahSpsvCXUbgwsL3JAcvokwaKt1eokM,False,1
B5M5p2AeKKSzocuPN4M3wRqBc5CkzAKGXXceGaVgpump,Hvwmj2pCA3bWmugSr8rnvbo2LzroxDJhN9CQY89SZk9W,False,24601
B5MfYDpBg4hj5tCDhjJzJ1xeGbnorieD5YakJ2tkpump,Ao9D9xuKxhHfTGCd3ZeBPJ3aBRUAicKKnXZ3feH6uuGC,False,1
B5QiCod1SDx8Z8WtKNP5gK2Y1x96ah6kbCqxLNoSpump,TSLvdd1pWpHVjahSpsvCXUbgwsL3JAcvokwaKt1eokM,False,1
B5SkRH7ER5GgN64ueZBw5b6xviAB4ZbkSc3QnuzXpump,2KG8K1NPcNE78ZA3JrF4USht2g4i6UK2ecs5EfhJqMLo,False,24601
B5SnaRE59eaMvjfzo88wAUaD2ZZ6v64kATvHyj6Epump,TSLvdd1pWpHVjahSpsvCXUbgwsL3JAcvokwaKt1eokM,False,776
B5dYoryPshBD5hQxfWe1e6iDLHtcyn3R6orzypxEpump,TSLvdd1pWpHVjahSpsvCXUbgwsL3JAcvokwaKt1eokM,False,829
B5eSyNyinHRhDSrSyJLjwxuaJHeEM393R9tWRT6Tpump,TSLvdd1pWpHVjahSpsvCXUbgwsL3JAcvokwaKt1eokM,False,946
B5jwKLqAX9x8Y7AZKyEJs9zmSyBM2DotMyRYJxpupump,TSLvdd1pWpHVjahSpsvCXUbgwsL3JAcvokwaKt1eokM,False,773
B5maxw4sryhu1HrsaQXFZa36AhhSnHeBhCbHuz7Cpump,TSLvdd1pWpHVjahSpsvCXUbgwsL3JAcvokwaKt1eokM,False,1333
B5qg2ayu8g8pNNbn8TjiSDjSWKMTDkSeUFzzecTapump,TSLvdd1pWpHVjahSpsvCXUbgwsL3JAcvokwaKt1eokM,False,791
B5x1pynf7i2FU39akFsWUtEPCbYm3S836kd711LXpump,TSLvdd1pWpHVjahSpsvCXUbgwsL3JAcvokwaKt1eokM,False,1594
B6NoD4YPoamDLyz3R5A9v8gtaJq8qgHua4Xbn56opump,TSLvdd1pWpHVjahSpsvCXUbgwsL3JAcvokwaKt1eokM,False,1133
B6PBcnEkK4WK5okJgnuG9BwmXDdoex4tgAWPJhD9pump,,False,1
B6RWezVn9ZZo9QDwZBUEQxS9XXLmQxGFf6ozvT6Ppump,,False,726
B6ivPDN1yfmB6NU1mcxn49fNh5dTVcGXxXWUHwCcpump,TSLvdd1pWpHVjahSpsvCXUbgwsL3JAcvokwaKt1eokM,False,905
B6msm3392xeDmz9E4Yp7cJk2LpxxmiXBKDbcnhF2pump,TSLvdd1pWpHVjahSpsvCXUbgwsL3JAcvokwaKt1eokM,False,36069
B77WDWdC7SnC4BJCwMWjdD1rTX3U57qwTg77utN1pump,,False,1287
B78DSFahHE7vj82JRjK69zNWsBvuKe8fWP7n6mF7pump,TSLvdd1pWpHVjahSpsvCXUbgwsL3JAcvokwaKt1eokM,False,679
B7GLsVwhRf4GmwiXMZJMtUvYR1mB6T4GMXND5DeTpump,Fd7Udr2wr7Htscuv2WvysCUna4NC2UjgVXjeY5htMqwe,False,1
B7fSNEaHpnDsRoe3LUjwgLvejbZogq1f6puM4XKPpump,TSLvdd1pWpHVjahSpsvCXUbgwsL3JAcvokwaKt1eokM,False,1
B7hx74SWaVF5wVDiFhxRPzR4iVP4tcxqUNf9SNb6pump,,False,306
B7kVD2BzoRz5o3NhiK8k1BHM74ZJCudZryzBFDK4pump,TSLvdd1pWpHVjahSpsvCXUbgwsL3JAcvokwaKt1eokM,False,36037
B7ph82yVGiuiZjLVfVN7TYHM62KNRtJ9nxmfpvBdpump,,False,1157
B7sn8nJZtGSQzR7dUwSuLALGWMG16PmASRTqC2Pspump,8cvKyqSxMKVTdb6XqxQvhZa8iRRyg3fqe3Wn7xkLqxQQ,False,466
B7xP8QyqE9N3TK59Cs9trBfvfdLcanLB52buohB5pump,TSLvdd1pWpHVjahSpsvCXUbgwsL3JAcvokwaKt1eokM,False,1051
B8JaJQv3bhnWL9cRLvW6Voz1ayA9zBaxGGYEnqtSpump,TSLvdd1pWpHVjahSpsvCXUbgwsL3JAcvokwaKt1eokM,False,962
B8YbkrW8ePnc4S3iRktAeMVCgTrfxn8qWUNAQNVNpump,AQVZeha8Lmhv2hZu3b3e7hR3mY43T3YwuJSQEYSvY9FP,False,1
B8bdXseeGjBidH8MtBAvKVerkbuNPvn8NUHx16aBpump,TSLvdd1pWpHVjahSpsvCXUbgwsL3JAcvokwaKt1eokM,False,513
B8kwBEU5TMJQcXHVz1kf1dk9dALk65rSpcDfQtbvpump,CZ6wNSqPdZPnNazbcsJFSpvY9VJUyiFJKqYb3UnLLCC3,False,24564
B8rewgn27navW3tBXuzErWPBHEb8gKZhrGkx7NuUpump,TSLvdd1pWpHVjahSpsvCXUbgwsL3JAcvokwaKt1eokM,False,1
B8uhPqBqHSBhqC1Mdr4bN8fdsuoD9SBfTXAEEBUQpump,TSLvdd1pWpHVjahSpsvCXUbgwsL3JAcvokwaKt1eokM,False,1292
B8whh26yir2ser4csXi6TTx9cmWFJkt2iViLKwJ8pump,TSLvdd1pWpHVjahSpsvCXUbgwsL3JAcvokwaKt1eokM,False,1
B8yefN1YgeQqhaw5pwximBAz5oG6yAwWAeecQhsZpump,6C2mpcWKRNYzWGRHX6syVYBXuh7abhWXigyQdfgKHnCg,False,24596
B92CDP3Pf1PZABZvya1dY8XNDpfXTafg4M8s72NBpump,TSLvdd1pWpHVjahSpsvCXUbgwsL3JAcvokwaKt1eokM,False,1
B94gYjJWCx15RsSL949mwdrzX4aV3ne4F4DuExWCpump,TSLvdd1pWpHVjahSpsvCXUbgwsL3JAcvokwaKt1eokM,False,1163
B9BVoX3ZnruqERTxT3EoyVEhrMunyDHtdb4YvtAZpump,8mCtas2Cck9pnGeNtH5sQ1BNWW1aRNpNrs34TaRV1h9g,False,43201
B9JcDhj3o5rpiHNr1GNFuHQ2redNh6fRXV8C56HHpump,89Xr74EQDxq46f3Wk1c5C642aiC6SAvGvi6nKd9CqfGF,False,56077
B9Kf44fWSh5eFiKDbY2MLBJC7PeFK1NarSWsuNzZpump,D2VXTgPv5jXxa28Yf7eDpZpJin1fqd7PfWk3a36PnneJ,False,24601
B9L1Q9FPs2eSQzgjG5QtEqRDJnbtaVq7m3zGar6cpump,4uHgNALpMNMMSX1NzzLRfyYGAYtYaykFxENrmpmgtst6,False,24600
B9RHZsygoq8AW5EWiBA5yQmEEb9m1ZZWLPSCzfLpump,,False,3221
B9pCDjJbEc5khctUFrq3JU3VtmndYec9RJQJnbsFpump,TSLvdd1pWpHVjahSpsvCXUbgwsL3JAcvokwaKt1eokM,False,503
BAG4XN7HRAyzJ6pJt7kR7oYGx64wSNqAPGnmMRTapump,TSLvdd1pWpHVjahSpsvCXUbgwsL3JAcvokwaKt1eokM,False,1310
BAJhSPYrNyP5hZT8872Huz3uq7jti2J1Fdwwu7u1pump,TSLvdd1pWpHVjahSpsvCXUbgwsL3JAcvokwaKt1eokM,False,169
BAUhDeNaazjkqrsWygqwMo1wvxmHAuAWu6vHCU4Tpump,TSLvdd1pWpHVjahSpsvCXUbgwsL3JAcvokwaKt1eokM,False,920
BAmHS42JqR51sZ6oqPhj4pcqi6dFFYDka77P4Q22pump,TSLvdd1pWpHVjahSpsvCXUbgwsL3JAcvokwaKt1eokM,False,1
BAmqiw5XcKP4ftEwxJC4bQicmXHjJgr9USnDryxBpump,TSLvdd1pWpHVjahSpsvCXUbgwsL3JAcvokwaKt1eokM,False,1363
BAnWqQNquMtJCBVgu9xVWkHTmozWzHiLMMjtsco7pump,TSLvdd1pWpHVjahSpsvCXUbgwsL3JAcvokwaKt1eokM,False,381
BAtCUz9mkNZhsCZ9jNfAMjcu2QJSzv7Qe8HQZXvepump,TSLvdd1pWpHVjahSpsvCXUbgwsL3JAcvokwaKt1eokM,False,581
BB9hcmpW6sP26imPwHSon2oxai9ZF3diNA33czK5pump,Gi6udQCFetwBRP43JsifrTC86ZvgeL7qy3NhoT4psagg,False,24601
BBD77Hu2FJGtKzQsQsdyWiaTPmHZSumTYqKwHF7Bpump,52mXWzgdyhTYx5nBPxZEDCUn8RP6oPszZNrtBRiYAsJs,False,1
BBFhrCT6ZxJjjM4YZ7WfYzjJzHwnc6T4gptZW9a5pump,TSLvdd1pWpHVjahSpsvCXUbgwsL3JAcvokwaKt1eokM,False,555
BBUyyawTkLHoDimoaWbbmw1fZKkEGrxrLDLoeBYjpump,TSLvdd1pWpHVjahSpsvCXUbgwsL3JAcvokwaKt1eokM,False,24529
BBXesGnWKF8Xy8wr1bZbjfyogVqC4egzTY4o3kw6pump,TSLvdd1pWpHVjahSpsvCXUbgwsL3JAcvokwaKt1eokM,False,1203
BBhmss7WDYaBud8PWyVAL2hEpgfLmxRczsRPNaNHpump,,False,1
BBn1p7Jgj1sWvAywVqhTG5mLtZQqRW6xF3r9seGypump,TSLvdd1pWpHVjahSpsvCXUbgwsL3JAcvokwaKt1eokM,False,1290
BC2nboYnY6eg4VXUutdfW1NxomdAdkEUnhovunUppump,TSLvdd1pWpHVjahSpsvCXUbgwsL3JAcvokwaKt1eokM,False,982
BC7VWD4HowHYkg7MufS5EzNLHPtbdfMtVjBsLTNppump,,False,989
BCCNcC5R9e2MpNEUrKkuPzjc5LMM2fZYU58bK3E4pump,TSLvdd1pWpHVjahSpsvCXUbgwsL3JAcvokwaKt1eokM,False,1310
BCFsD5d7HKmrknYqmxBXQi7Bt9TeCF2szsdAMTeCpump,TSLvdd1pWpHVjahSpsvCXUbgwsL3JAcvokwaKt1eokM,False,628
BCM3oMDMALMRjHCDfaUy8uqWxZKtq1JBGPDoRfWmpump,TSLvdd1pWpHVjahSpsvCXUbgwsL3JAcvokwaKt1eokM,False,1181
BCNCCuXRzT9MuQyQYgmFBxQUqaNZhgXohueq4kpJpump,HKU82Tr5DMWainmZU7Uy6G416kcyRZ7NGiQD9QJkcx5C,False,24601
BCP3tdCpDGyNzcgi8s2abF4EqVzjGQWkhx6xJFDApump,TSLvdd1pWpHVjahSpsvCXUbgwsL3JAcvokwaKt1eokM,False,1
BCY66dx1c2keCRcbqnbqfx6yf6fuyU4Rit5dHDzzpump,TSLvdd1pWpHVjahSpsvCXUbgwsL3JAcvokwaKt1eokM,False,1167
BChiUfGBVwEs2SPf66A3YdCf9WYnWLTR2nJma1ispump,TSLvdd1pWpHVjahSpsvCXUbgwsL3JAcvokwaKt1eokM,False,466
BCwFqbvtwBw5HC36nzgED43EoughUCdJGHSGUCjZpump,FzM1oY4Z9n9J7zFJjDNXZd4L1pvnr56AJoEzuYtWwMkc,False,1
BCwXKTM8Jew3RBTn3wp7uRxdu1tj7D6SYNci7uakpump,,False,1
BCzSJeyX2uVcDrTHzq49Do4vCyL4ZKM4DDo4VhVxpump,TSLvdd1pWpHVjahSpsvCXUbgwsL3JAcvokwaKt1eokM,False,1
BD5edTYv78HL73uabV154GF782abjknr9MdoA14Hpump,TSLvdd1pWpHVjahSpsvCXUbgwsL3JAcvokwaKt1eokM,False,899
BD7jNnt6uYDp9rVRBTjJhkweGxYQppRe8CXLnAJspump,2cQPnPUpTWDrapPq6MZzpZkntmiGwvPuLPSnztSpbnzu,False,96
BDDQ2ijnK6sLqJeU4XEWRsWvdAcLfkiY3suboFSapump,BoeYwC7GwGr9pTuC1j8L2tYzYh1ptu32TZ8SddsgWdYz,False,24601
BDF9vxbCbsRZS2DBCSgBQvb45uA2wjKmTHNXcfK7pump,,False,591
BDRMoQ3KfHqKoRocAbwKpBgJxMwjJcX6JrDPpmFWpump,TSLvdd1pWpHVjahSpsvCXUbgwsL3JAcvokwaKt1eokM,False,1
BDcJS2p3xgitfGaVpnUtxEPjrXMzBWYqBtB35b9Xpump,TSLvdd1pWpHVjahSpsvCXUbgwsL3JAcvokwaKt1eokM,False,1
BDduXzfSM5R1SgLHXqLng6aFSbanYqqSTA1nQt3epump,,False,3191
BDnJtVNk4UUaWbhP7bnPAanrVkAsx6RV3CK5Z2nepump,GHpAgNrbzFoWpKnSK14uB6hCWHiUwUDAVf9o8uAq7LGB,False,24601
BE2PrEkT9eq2zaDby3oxd9FA2J8or2oWnvW2Fm7Tpump,,False,1216
BE9WCtE9p36RX4kmsN5VDd8MSc5QwJQcARbSL3R8pump,TSLvdd1pWpHVjahSpsvCXUbgwsL3JAcvokwaKt1eokM,False,1
BEFwum5Foqs6V547MHZCNDuoDcaqDms7T7gmmq5gpump,TSLvdd1pWpHVjahSpsvCXUbgwsL3JAcvokwaKt1eokM,False,30
BEXKKiTPfoSP2H4VRWGYuuAMjyngUpNL6ExR4as5pump,4H2XstzxZc6Ui25cCr9MmSiorEjy4UvGMDAbR7eiS7dE,False,24601
BEaiwYA87vCHicdeAm9JY6uKNb8yFq9mRdyhsFHypump,TSLvdd1pWpHVjahSpsvCXUbgwsL3JAcvokwaKt1eokM,False,1182
BEbkJRh1LbSdNqvoTq2CcUZkpMSGVtH7xTYqkkXspump,TSLvdd1pWpHVjahSpsvCXUbgwsL3JAcvokwaKt1eokM,False,1284
BEk5erCFDjoVEZYUJV2gJAVrp6CERSEgtY7CsWFYpump,TSLvdd1pWpHVjahSpsvCXUbgwsL3JAcvokwaKt1eokM,False,296
BF3bFzJ673A6csffgoFc6NQnzhGtss5kCyu1E4H7pump,8gM4gnxdLdkvifM9TCwkGAxrnNw4NiSiHbAdE1RqY96e,False,30801
BFBuggvTcexm4nZ8ZXc6UL9Pj8yNZjFzhY4FJtXBpump,TSLvdd1pWpHVjahSpsvCXUbgwsL3JAcvokwaKt1eokM,False,1397
BFHYLGYj59a7tq1hWZvy7hF5FtfZxFDD1bGxCFjGpump,EvaBHYznt1kyA8RUa8J37wnAJidvEsdU7pLPtmDuLVUt,False,24601
BFUadco9hktp8wrLas34DL5jmVYE17qYmfxZykV7pump,TSLvdd1pWpHVjahSpsvCXUbgwsL3JAcvokwaKt1eokM,False,1
BFmv2z1JwzmPoVYHatKBJf2msAqBkxi2gec74DP4pump,AiJEL2bdQrYz2ULbBwPyxv35KzuKfc3BE3PLNjKriQuu,False,24600
BG9hcetdStWRD8hYsk76daE2gUMYs2RYa7uDkwfRpump,FAzVRL76WQRSJRoVSt9LgvpAe26oKxXLRSQGzGvkH9S3,False,1005
BGMcGQee1J7GuxvLq3cZisnzbZGPSrtsArHRR5Y6pump,TSLvdd1pWpHVjahSpsvCXUbgwsL3JAcvokwaKt1eokM,False,1252
BGVeapWPaf3cZtWEjNHUbFJ5ksyhN8Dtw62Rs1PApump,HsxQMFvt9FS1NAHarh3psmzEHusBXpBw1MjLroqpBcid,False,1111
BGVjPQkv91GcM2wGETuF9MS35oUwuVGQLQCkAi61pump,TSLvdd1pWpHVjahSpsvCXUbgwsL3JAcvokwaKt1eokM,False,853
BGaumRqjesfv7jHecTG4cZJNJKt4eJGpTPeFqt3rpump,TSLvdd1pWpHVjahSpsvCXUbgwsL3JAcvokwaKt1eokM,False,1
BGzKeCc7ge35JWuVZu4gx8KSZpBdLVBLrwekJhRnpump,TSLvdd1pWpHVjahSpsvCXUbgwsL3JAcvokwaKt1eokM,False,1105
BH55fdWWa3sx7L7N7rqh29CqFJEgyHaH1Gx7BS9pump,TSLvdd1pWpHVjahSpsvCXUbgwsL3JAcvokwaKt1eokM,False,1313
BHGyMSq4B4JtDjGDvaZ24heWBaunqgBLEMUK8793pump,,False,1
BHNpZPTiGHjxouF3Sanatmdc5RmSsX2Hv8JaVcTEpump,TSLvdd1pWpHVjahSpsvCXUbgwsL3JAcvokwaKt1eokM,False,24454
BHWHPFjYE5J73vMLJoC4yQqERjxwbcE7eUHQSyQ6pump,TSLvdd1pWpHVjahSpsvCXUbgwsL3JAcvokwaKt1eokM,False,1
BHknpip7ca6UeATDTRRSXtuuoBpBxZtVJp1SS9GRpump,TSLvdd1pWpHVjahSpsvCXUbgwsL3JAcvokwaKt1eokM,False,1
BHndNaFzUt8p3DrTXxG2kHwyMXd9SpGhma2RF8v5pump,TSLvdd1pWpHVjahSpsvCXUbgwsL3JAcvokwaKt1eokM,False,867
BHneEj79vQxb2vF15883KH8UDSkoudxk7DS7QYE2pump,TSLvdd1pWpHVjahSpsvCXUbgwsL3JAcvokwaKt1eokM,False,828
BHpcmgW7YGrw4Cqi6pvaG7Y7tnkm51LLVhKFmT6pump,TSLvdd1pWpHVjahSpsvCXUbgwsL3JAcvokwaKt1eokM,False,24600
BJ2GoKXvQz2UPmoHdZLZruJEhSk7Le4xr5f9u5X1pump,TSLvdd1pWpHVjahSpsvCXUbgwsL3JAcvokwaKt1eokM,False,1169
BJ8jZYDAUxUX9tbL1xc2pK28tK5KLp7S93CywiUDpump,TSLvdd1pWpHVjahSpsvCXUbgwsL3JAcvokwaKt1eokM,False,1051
BJF3HJKYtDidNsakkuTdrcb2acgrJABKjed2SNE1pump,TSLvdd1pWpHVjahSpsvCXUbgwsL3JAcvokwaKt1eokM,False,24601
BJUEZSLufVunBknwsjBz3hUZZYPDBpR5EAvB6U2Wpump,5Lf45S3RSUptS2CRpTn6unVYCacHLBKNF5YxCsnpcyhY,False,2001
BJWyKVWrBxdwmn9vPP7HndJTQa31BtSYX6fXivTJpump,TSLvdd1pWpHVjahSpsvCXUbgwsL3JAcvokwaKt1eokM,False,850
BJaKkbTMEe7c9QiPwaWymApeWvY3druVLWN9YQyRpump,7xPutNghPJFtsK9RvZH8LkuRP3LvmuDrq7B3xwTkdmn1,False,2507
BJmRxUP4RRdoxjReY8sGW3WVX9tTKc1Tm1yfHgd2pump,48xJXNor5qQAzDL5WuTSYGPDTMNTPve94mWhPVFoVWLJ,False,1
BJnJAG1mx1DtWHkbvP1cx3DC1B4sXfMQpftNVDdGpump,FCyjcfAcg4haAgq8v9FncPago6hr5ZFF75LBqFKfv5hP,False,24600
BJowxCMNHdXzchdKJaVWHUrQAZekpWMqUUgMMHqopump,TSLvdd1pWpHVjahSpsvCXUbgwsL3JAcvokwaKt1eokM,False,737
BJrVmAAoecogr4fV5HFpfvTSyqDkPJLfy9pYbDBnpump,TSLvdd1pWpHVjahSpsvCXUbgwsL3JAcvokwaKt1eokM,False,947
BJwcvCgxFrvkSKEo9U96JNtCAXA6KV74NbQfVvs4pump,TSLvdd1pWpHVjahSpsvCXUbgwsL3JAcvokwaKt1eokM,False,1127
BJwtQRj9vqV5PjXSjeYGbCzwJnZJewQrC7XdisFBpump,,False,32825
BK1ARSHBTDZSq2NmdRbQjEASs5oFccot2S1NeXcipump,5SwVX19GyRKMw5nmy2cjTu3CXziepRy7g9AWVUqLD1SQ,False,1
BK8bnU5rFJ5K1zu2potVr9DK9P5zqHJtsXLyhuU7pump,TSLvdd1pWpHVjahSpsvCXUbgwsL3JAcvokwaKt1eokM,False,24600
BKAXwhxf2Ch2PJjRmToWMCYToxgx8g4eLZPkQjv6pump,TSLvdd1pWpHVjahSpsvCXUbgwsL3JAcvokwaKt1eokM,False,1
BKMHt9gQ5Qna9JnW34JaaGapSDLTCiSwVzh2bBgypump,4LXuAPTnnbhByRQGPiAGKPVh5bcgCXhhDeUJwJJU2BhZ,False,2001
BKagqWtMznrijft77wCB7F9VmHLRX9vohGc5mopgpump,TSLvdd1pWpHVjahSpsvCXUbgwsL3JAcvokwaKt1eokM,False,24600
BKgYrhM8r8k1pZfsAEUp56jCYkDDWHznjmL5QwnEpump,TSLvdd1pWpHVjahSpsvCXUbgwsL3JAcvokwaKt1eokM,False,1164
BKhYJuVUohKPgBDgsQtB8PZD335u1M2TLcQHD3nYpump,TSLvdd1pWpHVjahSpsvCXUbgwsL3JAcvokwaKt1eokM,False,1132
BKkh2rhnnUK4dCznGzake9ec3rtQoTdLEV6hrwgXpump,TSLvdd1pWpHVjahSpsvCXUbgwsL3JAcvokwaKt1eokM,False,24600
BKsYn98jKUqWkiJDZctpmJNnXUgekxvSCFbwe7q8pump,TSLvdd1pWpHVjahSpsvCXUbgwsL3JAcvokwaKt1eokM,False,533
BKv4TZ8vgTQLCgxqAW2cv9RNof7ivtEBh5KWAgeNpump,TSLvdd1pWpHVjahSpsvCXUbgwsL3JAcvokwaKt1eokM,False,995
BL3B23KtJmLFxQ42xNDMFnttfdhKAGveDksi3vg2pump,DrSJe9LQSpNS1n6RkT1aeeMBJcc8gD3icXj2NaLZ1L4T,False,24600
BL6cxSy6jPNNApPERE9akyy2YiUTDThxyyWVSrG7pump,TSLvdd1pWpHVjahSpsvCXUbgwsL3JAcvokwaKt1eokM,False,963
BLU6UD2PYWCMY6cwtqdsyoyRDFHpBAgjFzgNYYJLpump,5XQib9yoweAuc9r9XWgGcdc5cRYZwGFc3855iFeCTQjS,False,24601
BLVKW2uQp8k2CeNWCLJC6ed3cVHn6KR6aDR7v2Xapump,GpRWXzNBdbipXXq6xkdKih1GgXFPmVDXYa4gX23fbFxB,False,24601
BLVtBvs65UGa2sCGrSJ4oequP8GNw3VW7CyjSVZ7pump,TSLvdd1pWpHVjahSpsvCXUbgwsL3JAcvokwaKt1eokM,False,332
BLdVQLXEzFzRJe9bXV9YoPEq4GKsGtgzGEefK9g7pump,TSLvdd1pWpHVjahSpsvCXUbgwsL3JAcvokwaKt1eokM,False,1
BLkRZsddWznKp2egihPYmfHjkJNDPpS5nT94UF9zpump,TSLvdd1pWpHVjahSpsvCXUbgwsL3JAcvokwaKt1eokM,False,1268
BLsQrnPmbVTQ1VcAyTuRWbRLsSiJPdnpjVbFGuYcpump,TSLvdd1pWpHVjahSpsvCXUbgwsL3JAcvokwaKt1eokM,False,496
BLuFdjs86MHNZYDGdnGYU2TBfuLt56cXwNZDoabkpump,65qwGbvYj9cKADQMYfc8aBU6HzUbNavhbn2VXwQEW2h9,False,1255
BLuYi5WtwCkAVEgxwAL119GwzFHzjq6me3eWPW95pump,TSLvdd1pWpHVjahSpsvCXUbgwsL3JAcvokwaKt1eokM,False,298
BLwGLroeD3NNoMvKYrZ8jB3WaEqiZ8bfpXo7Q7srpump,TSLvdd1pWpHVjahSpsvCXUbgwsL3JAcvokwaKt1eokM,False,1
BMH9PCU1PVtdZPet2Hmhkq6gP1R59GNLi9eVVcsVpump,TSLvdd1pWpHVjahSpsvCXUbgwsL3JAcvokwaKt1eokM,False,932
BMJKL7brPC8dNf45JYCuh46ekNUkygpKMcen6xAXpump,TSLvdd1pWpHVjahSpsvCXUbgwsL3JAcvokwaKt1eokM,False,479
BMPo3jjLgAvXNeq1eVcXfnpBKstEPF4HLqqCuN71pump,TSLvdd1pWpHVjahSpsvCXUbgwsL3JAcvokwaKt1eokM,False,1238
BMQtSJ5ZBTgZWsA6oUitYuhgeKUMRopjkqwenyYipump,TSLvdd1pWpHVjahSpsvCXUbgwsL3JAcvokwaKt1eokM,False,1040
BMocPvavt5CLXvJpQohTRbg17WhPMfkFxibHEQpSpump,TSLvdd1pWpHVjahSpsvCXUbgwsL3JAcvokwaKt1eokM,False,1
BMpFQJXd7KBLJBp174fKCFcDxyrd1cTXaFvcudJLpump,,False,1
BMyJVxVBL93MaeRqKW7KKYxbQrzax62LdPe86uiXpump,TSLvdd1pWpHVjahSpsvCXUbgwsL3JAcvokwaKt1eokM,False,24600
BMzi1USc7bpgTg9cmQsSfY1ENupFi8vtM9ixpD98pump,TSLvdd1pWpHVjahSpsvCXUbgwsL3JAcvokwaKt1eokM,False,1214
BNSnYfmw9QU5SpTMyhTa7qEuW4uXLKNKu3wmz255pump,TSLvdd1pWpHVjahSpsvCXUbgwsL3JAcvokwaKt1eokM,False,24600
BNTwcKTLTRQers6wtwbHimjVXFMj66sTbcTqdHPLpump,4ZuBfpXAN9y7qGg1ud1DtD8BT5vF9zLcBLVEAco5gnmv,False,1
BNojPfwrPSPGupZU9uAxE6wHNcc2ajvbuKBt59YFpump,TSLvdd1pWpHVjahSpsvCXUbgwsL3JAcvokwaKt1eokM,False,411
BNzEi4TpMDUjC1ejzfRZgKHak5ZB6QWC8dT7uLBXpump,TSLvdd1pWpHVjahSpsvCXUbgwsL3JAcvokwaKt1eokM,False,1076
BNzYj3F6gCsq3t1k5BooYbAwsdmKBEkyHH4QffmBpump,,False,718
BP3mJ3C9XXcuewUranJj5xuMJSkJS6C4aiG2L34qpump,8kQGk7Bdqj2mnoBc2Qew4F66XC5XqJ3yCiVVTFGmdNfQ,False,24601
BP7aRdR55cqWG8CeYMLtS4bciYtGjMj97s4wSQ8Ypump,TSLvdd1pWpHVjahSpsvCXUbgwsL3JAcvokwaKt1eokM,False,893
BP9uo1NFoh8dh7TeeDswyCwj2BUaNL57U8tPCCRFpump,TSLvdd1pWpHVjahSpsvCXUbgwsL3JAcvokwaKt1eokM,False,1141
BPnTp4SToj9899ynRWL9SnaxDuEjSq6bX9VYQsC5pump,TSLvdd1pWpHVjahSpsvCXUbgwsL3JAcvokwaKt1eokM,False,24601
BPuow17yNYr5LKqquVTGnomNEA9UmHc5bYSWRQyZpump,8gM4gnxdLdkvifM9TCwkGAxrnNw4NiSiHbAdE1RqY96e,False,2001
BPwpomV8hV7Wo16aH1QEAPQTmrJ22vfd9jNny9Fxpump,TSLvdd1pWpHVjahSpsvCXUbgwsL3JAcvokwaKt1eokM,False,3635
BQ2cJxXLyWgtsFcmJSue2b46cHypEYPwK1JMURP8pump,TSLvdd1pWpHVjahSpsvCXUbgwsL3JAcvokwaKt1eokM,False,1192
BQHzSp5x6f5oFsE9jg3DWkFxpJ1uADXcNBKkeByqpump,Cwb4Fp7UgLwdr4VrwSKP8nZw4Cor4qFUz3E6DrbUqt8i,False,1
BQPg5peyfnu1qvu3vdoUwutCwMt2dMW9jLpcrPk3pump,TSLvdd1pWpHVjahSpsvCXUbgwsL3JAcvokwaKt1eokM,False,1
BQnpMsBDNAKxM2qt8XMScm14heiFHGLuh5zqbHVUpump,3RzDHbB9LZUXSFYgU43SYJZtCK1nNMCbvfpjiQkMiGVY,False,24601
BQp4fqvf3cUE4CVH9FmueDnmvyMMoVa4mSLrS4ejpump,TSLvdd1pWpHVjahSpsvCXUbgwsL3JAcvokwaKt1eokM,False,670
BQpGv6LVWG1JRm1NdjerNSFdChMdAULJr3x9t2Swpump,TSLvdd1pWpHVjahSpsvCXUbgwsL3JAcvokwaKt1eokM,False,1
BR75ur2ZK3ivXoiuh4uzho1pBzXakXjz1T4C2q7epump,TSLvdd1pWpHVjahSpsvCXUbgwsL3JAcvokwaKt1eokM,False,1
BRDRpySxyHAJR5cb4eRwdq97hvPGqujwc9nytCXBpump,5TqMrQV9sPF8vJwbL2tf97Qs8MXFJYHD2WZfCQUrNE9j,False,1
BRDsXXhZu8gRQi6yZA3UJ3qGrGkC23rUvU4NiJcupump,TSLvdd1pWpHVjahSpsvCXUbgwsL3JAcvokwaKt1eokM,False,515
BRKBmMreW97tPTsEB4Zr3HpMRjaGi3TPBxaCdfczpump,7PdDfkSEqTLhRhWeVTpJBBUmJDrXUiZ6mnaA3ArSDv2t,False,24601
BRYxV8xZBv4NRa4SiHFekTUWgvRutpiLiRBm11espump,TSLvdd1pWpHVjahSpsvCXUbgwsL3JAcvokwaKt1eokM,False,916
BRd8F16kCcbKmTYQgPK61onbb5M53JvEyes67KP8pump,TSLvdd1pWpHVjahSpsvCXUbgwsL3JAcvokwaKt1eokM,False,14500
BReSxAuENKLu9ywQuacupjDy5qPzoZQ5HfcoYgVipump,TSLvdd1pWpHVjahSpsvCXUbgwsL3JAcvokwaKt1eokM,False,169
BRkfhLhq1m7BnYRUDRTugxGwJUoXQ8gbUmwo4W6xpump,TSLvdd1pWpHVjahSpsvCXUbgwsL3JAcvokwaKt1eokM,False,991
BRnqHaRjvkhsvwT95Gsu4WfSPYbUW1EidK1KLpiwpump,TSLvdd1pWpHVjahSpsvCXUbgwsL3JAcvokwaKt1eokM,False,1
BRpiE4Ubo6Di4BvCfGmDJhbFYNVawZ7YDDTnbhQspump,TSLvdd1pWpHVjahSpsvCXUbgwsL3JAcvokwaKt1eokM,False,1167
BRsovoQE6Q3HQLkF8b3hsQ6J1im76t9rhQ3x5Hf4pump,TSLvdd1pWpHVjahSpsvCXUbgwsL3JAcvokwaKt1eokM,False,250
BS1K7qhK7FWXuJbjeStX9HzxSwpUJV6kZJJ82hFHpump,TSLvdd1pWpHVjahSpsvCXUbgwsL3JAcvokwaKt1eokM,False,24601
BSBu5icVT1ynAK4zhMa6Rma4uNR56t5PDjJxpsaupump,TSLvdd1pWpHVjahSpsvCXUbgwsL3JAcvokwaKt1eokM,False,1
BSTPcW6tF528YGd4ws2A31RokMDbwWmxcTEpEqbjpump,TSLvdd1pWpHVjahSpsvCXUbgwsL3JAcvokwaKt1eokM,False,24543
BSUTPseuaYdHYhEffR9EfTsUen8ctLKbmL21166xpump,9r7PeL82ycGLAVU2AoRfqk48Qc3jipx2PRpcQyqD2LK5,False,22372
BSfHiYJLdDGEMagyR7rTSrdQ7QoHJmn4LLZU4f5Rpump,TSLvdd1pWpHVjahSpsvCXUbgwsL3JAcvokwaKt1eokM,False,634
BSj9KiyQDhgG8wMFaxRjqji895VaAPe7xpjBffMmpump,,False,3820
BSpuhcR4o9DpPEwRCeyrJCDq2GcBRutH2yvdiA3ipump,TSLvdd1pWpHVjahSpsvCXUbgwsL3JAcvokwaKt1eokM,False,1109
BSqMUYb6ePwKsby85zrXaDa4SNf6AgZ9YfA2c4mZpump,TSLvdd1pWpHVjahSpsvCXUbgwsL3JAcvokwaKt1eokM,False,1
BSysrEMzdixF1dS5JsTJjqcnenxZmH4SxHxa3WN4pump,3E1DXzaqN3ajHShwpwznKsXfRfuyW7ZjsuvUCqM1MUZm,False,24597
BT3w74Q4SCwGnCJFazfsyXgyvc62bM56pjD2s8CQpump,TSLvdd1pWpHVjahSpsvCXUbgwsL3JAcvokwaKt1eokM,False,1116
BTDMKY9t4TjXAAHZMeqaonykegP15kEjeR2ZWVypump,TSLvdd1pWpHVjahSpsvCXUbgwsL3JAcvokwaKt1eokM,False,1074
BTJxWN5xNfn3xyJBNY3quseqhLrwTStBeyrSxY8Xpump,TSLvdd1pWpHVjahSpsvCXUbgwsL3JAcvokwaKt1eokM,False,1266
BTc4dYjp1vyJ2NiK12DcNruk5q9jhUpRonUESXV4pump,ATvCGRDTWtoUuLK8MAzNnr5Nw8Xzs5Mpjsdb6G4m25ha,False,1197
BTdGTUjHz5FUSf91Ufo9L9r4LFMTRhE1qDtvUUfypump,,False,1
BTnK8Mx3ri2xEaA6WKiZ8ku2fmoXMQrBmRj2MQyhpump,7yCS68sk5T8LEgsL4JWWCdEBm2ZphNdnSDmU1zqCiCtj,False,24601
BTuxQAitBV97ToisLZ41j3LmUUN8uBXhRPQf1Uujpump,TSLvdd1pWpHVjahSpsvCXUbgwsL3JAcvokwaKt1eokM,False,26601
BU363VDxqWziQTUB3SfAqk67xbimUGHpsNxmQGi6pump,,False,1
BU7zw2GvabhqGnrqMMH1m2KabafehanDmtnrCSZipump,TSLvdd1pWpHVjahSpsvCXUbgwsL3JAcvokwaKt1eokM,False,1
BUEK5njZjXMb7oNjzknBGzAHALsZxHmFnMiseCvpump,TSLvdd1pWpHVjahSpsvCXUbgwsL3JAcvokwaKt1eokM,False,858
BUFwTy6qGVU4ivgxrQt4h4CFJctKLXeaPD2LGq1Zpump,TSLvdd1pWpHVjahSpsvCXUbgwsL3JAcvokwaKt1eokM,False,3110
BUUX7NhqxdTAv7TG8ds8LWLzCMb7fgpFY5a7GNVbpump,TSLvdd1pWpHVjahSpsvCXUbgwsL3JAcvokwaKt1eokM,False,1
BUVCPxMdJAUhQhJC4gQk1pbWdiNTTFw9ZJ9iZcrQpump,HCVYbrpfEAprETiSQbsxW1qtiip8e4vhTzFfQVeSF9ec,False,1
BUf5Msz5J5MCjXmTp4KCHukXoCcUYUuVGTGZEBQwpump,,False,24601
BUhKum32LdwybN8vRLVLbUkhBGW2tQv4uDRudnvQpump,TSLvdd1pWpHVjahSpsvCXUbgwsL3JAcvokwaKt1eokM,False,492
BVG3BJH4ghUPJT9mCi7JbziNwx3dqRTzgo9x5poGpump,TSLvdd1pWpHVjahSpsvCXUbgwsL3JAcvokwaKt1eokM,False,1
BVJpGbQ5R5DhZCZXdtx8gJaXDKuuMoV48ZJ4U8Z7pump,TSLvdd1pWpHVjahSpsvCXUbgwsL3JAcvokwaKt1eokM,False,908
BVSzADoP2ep29WrLj2QmLqK7axWTfPHXiJPfjhSrpump,3ikPyw1jr9sRRF8GWE6vhexc2Uz2wcoZr2bPHMJJ9Rmx,False,1196
BVdpdjYZPGK2vP9Ty1ae5DgJDVX2Vw19PBAJ7yzLpump,Dtohe6vgVTBLV7TFTCBw3urt33j7ibbRB9nXkG2mR81w,False,24587
BVeZxL8uQw4QWpNc73Br1Vd2DRmMVzA6AdCxChUqpump,TSLvdd1pWpHVjahSpsvCXUbgwsL3JAcvokwaKt1eokM,False,1233
BVhVgtWyywAXc5E9Yhx8AJWBnEz9nVYCFxQiWwKdpump,TSLvdd1pWpHVjahSpsvCXUbgwsL3JAcvokwaKt1eokM,False,1148
BVoFXcjNSQ8fHGNc2aeS52rLXwag52PHK2aQJsrkpump,TSLvdd1pWpHVjahSpsvCXUbgwsL3JAcvokwaKt1eokM,False,1
BVxi7Le7GDcdiHg5teDQZKHhUC1aaQjy48La9yMPpump,TSLvdd1pWpHVjahSpsvCXUbgwsL3JAcvokwaKt1eokM,False,1
BW2CTev9vM821NsEZYZifbdyMMY122eq827xr6G8pump,TSLvdd1pWpHVjahSpsvCXUbgwsL3JAcvokwaKt1eokM,False,1054
BW5fhqwnFhg7cfYnW4ueGYaCPfjDZRGJZq21fdTtpump,8gM4gnxdLdkvifM9TCwkGAxrnNw4NiSiHbAdE1RqY96e,False,2001
BWFKLaEYDoMDYzZRB2bYLPhMJTycD9voNihvSL34pump,TSLvdd1pWpHVjahSpsvCXUbgwsL3JAcvokwaKt1eokM,False,1
BWKyFgvQSfjNRbidRJ5CtuphashZNr3ba7oe9cjZpump,,False,1
BWL1QKFPU4TDovo9ixctdxQmfjJtADLHCmQkrDDCpump,TSLvdd1pWpHVjahSpsvCXUbgwsL3JAcvokwaKt1eokM,False,1217
BWUNdqDYWZz6sWrDRkxaupa4Dv4kBgi4DENT3i4spump,TSLvdd1pWpHVjahSpsvCXUbgwsL3JAcvokwaKt1eokM,False,823
BWWWurbodjGbovFetc3FC6oSbqkdoE62E1XqZ7X4pump,TSLvdd1pWpHVjahSpsvCXUbgwsL3JAcvokwaKt1eokM,False,1
BWZTsjVfLRcMVXpWxDFHHX7yQJw8aZ9Yq7PhbUWxpump,TSLvdd1pWpHVjahSpsvCXUbgwsL3JAcvokwaKt1eokM,False,498
BWbPMroFZPshDDmmZBVsYHB594LoqxGvnWiLefDDpump,TSLvdd1pWpHVjahSpsvCXUbgwsL3JAcvokwaKt1eokM,False,24600
BWeF3qp2o1zHfpt85UcdnXKYJFsS23MMLtmdJd3Jpump,TSLvdd1pWpHVjahSpsvCXUbgwsL3JAcvokwaKt1eokM,False,1
BWhdJ8EEksG2kKD1yJE3tjpvVcqgQpY9gegANP16pump,TSLvdd1pWpHVjahSpsvCXUbgwsL3JAcvokwaKt1eokM,False,518
BWn9CDHu9xrZmdQym6NACHjuBw6hJEDGnTgxudgJpump,8gVngaB89nZHNxiaev61X1z9ekQXkFtDLJ6FktZNfgRX,False,10960
BWnQqgY4nbBxuLr3r9mtLXNAqMcRg6DGwxCZJjjApump,TSLvdd1pWpHVjahSpsvCXUbgwsL3JAcvokwaKt1eokM,False,713
BWnRJRRSXjYFTeNFhH2WLMJYD1gZDEJqWD78vMptpump,TSLvdd1pWpHVjahSpsvCXUbgwsL3JAcvokwaKt1eokM,False,1279
BWqHBfYUo8pgPRFYKFjS5HXQuZwJpsHaaRcfyrihpump,TSLvdd1pWpHVjahSpsvCXUbgwsL3JAcvokwaKt1eokM,False,428
BWqfX3zdf444ebqgRZ4Rjpvt8rYXEVfmQ5Cyb41ipump,TSLvdd1pWpHVjahSpsvCXUbgwsL3JAcvokwaKt1eokM,False,797
BWy6ai3ZN9E1gunLQYsAt5zitGMZDuZ4fZqfKWMjpump,,False,1
BWzZQswJRUh5aHQ5P6txtgC2GwYdmJ58ukwriUFFpump,TSLvdd1pWpHVjahSpsvCXUbgwsL3JAcvokwaKt1eokM,False,1
BX9u8C8rn61PFu2Daam8AoczvgpwzvqNbC9mXHDPpump,TSLvdd1pWpHVjahSpsvCXUbgwsL3JAcvokwaKt1eokM,False,1
BXEapawFFdP9iRv3LGhXC9kfRY91pevzpZnUqsmZpump,TSLvdd1pWpHVjahSpsvCXUbgwsL3JAcvokwaKt1eokM,False,69
BXFD1Dd1AT87MADC6SYZ95QQQjrTKEnDRwvVhAiLpump,TSLvdd1pWpHVjahSpsvCXUbgwsL3JAcvokwaKt1eokM,False,1
BXHPjMMg1w7re5CcAumtCfhAQ1SzLexeqeA7Mh4Vpump,TSLvdd1pWpHVjahSpsvCXUbgwsL3JAcvokwaKt1eokM,False,1005
BXKpcs9iHeZYvGtm9iessQ8Egdt8MVJXE9Y7jcPMpump,TSLvdd1pWpHVjahSpsvCXUbgwsL3JAcvokwaKt1eokM,False,36066
BYMCXiiA4om347ChR4t6bYHzkKJwnULLAg72BeDdpump,TSLvdd1pWpHVjahSpsvCXUbgwsL3JAcvokwaKt1eokM,False,1
BYRqBasySaH6ppDtG1H4rs7fcmtbRnbDvZCc58zypump,TSLvdd1pWpHVjahSpsvCXUbgwsL3JAcvokwaKt1eokM,False,539
BYmt51oZ1UQKSMdTQTpUXL1JZhyv8hAfWD9st33tpump,TSLvdd1pWpHVjahSpsvCXUbgwsL3JAcvokwaKt1eokM,False,2350
BYps739kxjZfAck8wnh4fqa1MKcjHTgg11rhPC9tpump,TSLvdd1pWpHVjahSpsvCXUbgwsL3JAcvokwaKt1eokM,False,826
BZ5hNBbKrrNPxVwKFmosuLwpGDFMKUJ9RiWrCXBTpump,AQ77RGmD2TaYJTyBwvxkL9fghk6Ma2puczVgo3ttuMie,False,1348
BZGqY1o6jRbwSWuRHSgJptaJZ3Nn6rhsqzCEg8Ppump,TSLvdd1pWpHVjahSpsvCXUbgwsL3JAcvokwaKt1eokM,False,1057
BZLt17zCJwbyHmNxyEhNsTkhhohYbd1zATFSGiippump,Bnh5FUngzxB2fyBGmSWgf5UBZLsjkJKZpFKCL64EQQ5y,False,24601
BZUTP3S9gfNggGjAyaVBwgLYjbtTo6cjTZJ98s8Xpump,TSLvdd1pWpHVjahSpsvCXUbgwsL3JAcvokwaKt1eokM,False,1
BZVZFqfUaV2uEsBU9QCcVgsLJVMy9UCcSVbryzAFpump,TSLvdd1pWpHVjahSpsvCXUbgwsL3JAcvokwaKt1eokM,False,1
BZW215nxTGpbw87TUQJJpABGTBXeXqfjxjDYyrjCpump,TSLvdd1pWpHVjahSpsvCXUbgwsL3JAcvokwaKt1eokM,False,527
BZaCC1NHAPsByYLpLQ3CQF4vQJt3sShjNWLLAKFipump,EdNcBDUFQaTxuaaiFfp5Ss4EanvuXtpGV9ZZvFFVRayd,False,24601
BZda5Z1696daohyT6VFcBy4nmPEVF2Kba4gSAYekpump,6nHFBYETHHaAxfmukLRFLHdEwCgKL8dYZZvFxuzYPPJr,False,24599
BaUe7Q7m7CddH9NpT4WsumDJx9K6Hn4KoquDHgLgpump,TSLvdd1pWpHVjahSpsvCXUbgwsL3JAcvokwaKt1eokM,False,24601
BaY1AKJhocqamC8vxXYYZWgB5CWwC73XFoXny9K5pump,,False,297
BaYqxPMmduCb6whaFWkaEUxQNeUhC42gP42RFtT5pump,7kbyyBBX3JCw2eAUsTCyun8qC1rGkFU8MDTKsZCmgxAd,False,1
BagRaxgBcE6b8kTvakZ2mcaX4AMXk42uLBcP7RW3pump,TSLvdd1pWpHVjahSpsvCXUbgwsL3JAcvokwaKt1eokM,False,36096
BavQwE7ResVDtbCmcBGnzPEFCqGejB5SatyUaqcMpump,TSLvdd1pWpHVjahSpsvCXUbgwsL3JAcvokwaKt1eokM,False,1098
Bb5VbXeoHGrmddNAAFvoTUucTEHsmC4kpVfnNxVSpump,TSLvdd1pWpHVjahSpsvCXUbgwsL3JAcvokwaKt1eokM,False,24601
BbQbAoML7FJTyk45N9hXdp883NzB8WvHFCesEeAppump,TSLvdd1pWpHVjahSpsvCXUbgwsL3JAcvokwaKt1eokM,False,239
Bbaj9k5S1Us2RepTMrejjaPYDtLdmqGNZT11puQCpump,,False,457
Bc7p8FNGrMzdraTJRUbed1z7FA6ZArSXhCvndL22pump,TSLvdd1pWpHVjahSpsvCXUbgwsL3JAcvokwaKt1eokM,False,988
BcjQVMVXwUjsKU9mccvqiVog1gW5rh3gWhQnxxcNpump,TSLvdd1pWpHVjahSpsvCXUbgwsL3JAcvokwaKt1eokM,False,443
BcrrsA8ictWnY6aZVRS1cTnJ6JxoLHBntYuawpvmpump,,False,24597
BczBHAJ7Q4bCZJDyyrwFFrgyYPg2KN91MG41LsxDpump,TSLvdd1pWpHVjahSpsvCXUbgwsL3JAcvokwaKt1eokM,False,1292
BczpzyFFQB7ydB6A1pQeHDmtja2zcxk6NzCUK63Vpump,TSLvdd1pWpHVjahSpsvCXUbgwsL3JAcvokwaKt1eokM,False,1011
BdNKUUo8vnvdhwi1Ejn4PXNfeeQF2374hCK3m91ppump,TSLvdd1pWpHVjahSpsvCXUbgwsL3JAcvokwaKt1eokM,False,1
BdYqxVbfofR5SrwwDdMhf6P7oGWQnbydFjY3ySpppump,TSLvdd1pWpHVjahSpsvCXUbgwsL3JAcvokwaKt1eokM,False,1
BdZ166jQNf7dzRKf7ZTbwKZVFi2unfedjcJs31Tipump,TSLvdd1pWpHVjahSpsvCXUbgwsL3JAcvokwaKt1eokM,False,299
BdhskhNymvECsP3QqpTcyMBNrLmQLGS41Dez5aj9pump,TSLvdd1pWpHVjahSpsvCXUbgwsL3JAcvokwaKt1eokM,False,1046
BdohrmB3NrE6c2yuZE5mipVutTD3uUAKPScxDHeKpump,TSLvdd1pWpHVjahSpsvCXUbgwsL3JAcvokwaKt1eokM,False,557
Bdpoziz793iwBUzzw2YDcPapdccrgNJ1ds5SZf1ppump,TSLvdd1pWpHVjahSpsvCXUbgwsL3JAcvokwaKt1eokM,False,168
BdsdmtvDgvqV3X4zWV2um3FoY8vRnuKydjfPTivXpump,,False,1027
BdtKbv8opzxTarjxGRQ35ztWC2uFNnAiAYMzxuGpump,,False,1019
BdxGZFfeAXuhKWUAF9NWXDcayKiB7UsANzapFHjtpump,TSLvdd1pWpHVjahSpsvCXUbgwsL3JAcvokwaKt1eokM,False,750
BdyH6GWrMtszjC92AN9jDwbHkdwzcccV8PGxLWoupump,8UEE5NgQTQqbjnfqxvDvZFgtERLQbQzrY3CtmqhsZeyU,False,24600
Be3g4V3y8X3aCv2tHyYChpxUVHv3b71zpXnz4qTDpump,TSLvdd1pWpHVjahSpsvCXUbgwsL3JAcvokwaKt1eokM,False,1
Be5PqfkmrYefd4Z6Raqf5DmihNdRdFmi7L4KdTGQpump,TSLvdd1pWpHVjahSpsvCXUbgwsL3JAcvokwaKt1eokM,False,1002
Be63Mpktk95oaSnYaWN5siPBoZDohpNGxc4WNLGupump,TSLvdd1pWpHVjahSpsvCXUbgwsL3JAcvokwaKt1eokM,False,1
Be6BL1r54zDokjDEPhEM6AE7xD9DcDZB3Bc2Tedfpump,TSLvdd1pWpHVjahSpsvCXUbgwsL3JAcvokwaKt1eokM,False,1193
BeDR8pw1xiBceucUS1xp2GsmnCW8bJg3ULTKbEdfpump,TSLvdd1pWpHVjahSpsvCXUbgwsL3JAcvokwaKt1eokM,False,1
BeF4e5FRLE2jyrLVERyAF8UJ7VMpKCNDUJat9pmkpump,TSLvdd1pWpHVjahSpsvCXUbgwsL3JAcvokwaKt1eokM,False,331
BeHV1rDGi1ZSxLUvsK2TENXa35PgZtuKLsFJxnfMpump,AdYGhr7wAZcLPALZuPhY11oyaS5xhePhEv3cg7x6NZ8t,False,461
BePMr7MsbLThoJRdokLEX1iDDhmzioKUtJhVqiFQpump,TSLvdd1pWpHVjahSpsvCXUbgwsL3JAcvokwaKt1eokM,False,640
BesnSTyMDSu3UBb4c6EuLZxHTcja7tYK6oDVYmtNpump,TSLvdd1pWpHVjahSpsvCXUbgwsL3JAcvokwaKt1eokM,False,661
Bf4GhWHHhUQ8tkinaYFEHJrw8JKr7CkTCnCuo4EBpump,TSLvdd1pWpHVjahSpsvCXUbgwsL3JAcvokwaKt1eokM,False,180
BfH59VqyCgG4z1a4VoBVe9EJXbWR5VaAVeSmAnqkpump,TSLvdd1pWpHVjahSpsvCXUbgwsL3JAcvokwaKt1eokM,False,1296
BfK4D5JzCtxA65WCfPgqRdFyjJ2qrxCqW591FXydpump,TSLvdd1pWpHVjahSpsvCXUbgwsL3JAcvokwaKt1eokM,False,1221
BfLgztQUXLG4eUeSXRW3UgDxWXsUC2fBwo7R1t4Zpump,TSLvdd1pWpHVjahSpsvCXUbgwsL3JAcvokwaKt1eokM,False,1
BfQqg5LExyT6DaoEGVV19UdzpQCD6zV4r4pY2sFipump,8gM4gnxdLdkvifM9TCwkGAxrnNw4NiSiHbAdE1RqY96e,False,2001
BfR85571aW39rkSwLgD5yYHApyijDuNRFSkGuYogpump,TSLvdd1pWpHVjahSpsvCXUbgwsL3JAcvokwaKt1eokM,False,727
BfUfnLMCNwKYamhJXzaxgUmFjrGFHdkjRLAxeaxqpump,TSLvdd1pWpHVjahSpsvCXUbgwsL3JAcvokwaKt1eokM,False,711
BfdVHnbt9LSNAFCZU9kvTjbrH3jX78sv2siLKGQ7pump,,False,1
BfnaaezMrwjmq5baqXbhuvonn7Cw35LgjKJydf6xpump,TSLvdd1pWpHVjahSpsvCXUbgwsL3JAcvokwaKt1eokM,False,474
BfpAdvKCWEAEwuSEx64Z4QgPh4inFsPS8e1sSbZxpump,TSLvdd1pWpHVjahSpsvCXUbgwsL3JAcvokwaKt1eokM,False,932
BfxD6YEm9nNMyAZNcW6MtqLzbwKQngRqFnv5eTiZpump,TSLvdd1pWpHVjahSpsvCXUbgwsL3JAcvokwaKt1eokM,False,1010
Bg4ogLJ7ScZRMv8pqhJnwajnDJ21zva4ZMDwZVu8pump,TSLvdd1pWpHVjahSpsvCXUbgwsL3JAcvokwaKt1eokM,False,929
BgGTwYuujbcGU9LvY9CBW6G596ATpeXbA5hFXNcnpump,TSLvdd1pWpHVjahSpsvCXUbgwsL3JAcvokwaKt1eokM,False,985
BgKXsoqMcrTYzhbBQaXg19Rc5zcsgwPv61CRz31Zpump,,False,239
BgTjvs4q3zN1ZuGqCk8QX36j1T6mcPoBNtZHeSdQpump,Ag31UFrAB9vWaQChDJNZsn48pgtZTNgsckdihQzpFbSo,False,1
BgUySsip2x8xJYKJjSPfiJjnDs6sR1LkLzv4cbm8pump,6vs8q5XLQtGJbxj734Re8k72aKVJZRktuEatgzT79nsc,False,2801
BgaUEtMKQrEoxH2NFN7uGgQJq1yp4LjtfPa4NJSvpump,HWTB2hE7Qj4M9ztQGRz77yHXiEYrCYYtyWUuPuaa1SuA,False,1
BgmCnJMcM925oHoRW8ogwDcTLA87Pr11ymcwv36Vpump,,False,210
Bgpd1YJujLAWgGYAykUV4eqDv74NKaXCBKhaYWbYpump,TSLvdd1pWpHVjahSpsvCXUbgwsL3JAcvokwaKt1eokM,False,1143
BgvbpJZU9yTg8RCdUwtGz5iipgDXjXnYb4CFf2tqpump,TSLvdd1pWpHVjahSpsvCXUbgwsL3JAcvokwaKt1eokM,False,1033
Bgyg36rorw7abKeeWPypwbGoZWPP5bdZ4MbwGf6bpump,TSLvdd1pWpHVjahSpsvCXUbgwsL3JAcvokwaKt1eokM,False,24601
BhJEJ66MjsUgJvqA4UFMyBJPEekHcPfYNi8yGUCqpump,2UEtvz596Hgwg2FCaXxJ1ffP24BGABu4wJfJAUizViWD,False,1041
BhLjkEiCESszXvhyyUG68ZZZ3w1GnjUjCdeZRgEmpump,TSLvdd1pWpHVjahSpsvCXUbgwsL3JAcvokwaKt1eokM,False,1296
BhRhWKfVGt2oZ84BqDpujVXsDZrVaroeH4ovKBcFpump,TSLvdd1pWpHVjahSpsvCXUbgwsL3JAcvokwaKt1eokM,False,974
BhbfgSh5P742DE5eMx24iZXNZeD2vNRFBZe3EP9Mpump,TSLvdd1pWpHVjahSpsvCXUbgwsL3JAcvokwaKt1eokM,False,1
BhdpYthT5V1m5cV79MxVRqsqUEysAURmawBJJJEvpump,4SS8Kfq8ojPxjRKn6kC5vXH6qWxnf6LpJhed2Fa1nTeg,False,24601
BhgPz5sj1kp74pffTDZgxkxaSV1acPAQN7vg5F68pump,TSLvdd1pWpHVjahSpsvCXUbgwsL3JAcvokwaKt1eokM,False,24572
BhowmvJm7cWQY2AgZ7NZLfuuW7Fju6rHV6AEpUTpump,TSLvdd1pWpHVjahSpsvCXUbgwsL3JAcvokwaKt1eokM,False,1
Bi591XyVi2eTiZVFEyh1uG63XZ3eA1DV9WpKEGACpump,TSLvdd1pWpHVjahSpsvCXUbgwsL3JAcvokwaKt1eokM,False,1063
BiFEjbpEs7zvafJm8degxvJM6RaENzdZbD4JFDkBpump,TSLvdd1pWpHVjahSpsvCXUbgwsL3JAcvokwaKt1eokM,False,419
BiLKZ9Sf9ucK1ssRP6HW5eiS3Bn2BtaDQ1CQSMDzpump,TSLvdd1pWpHVjahSpsvCXUbgwsL3JAcvokwaKt1eokM,False,1331
BiMSd23LfXg2RBW5tMNJYCbwNmjspT7qyJ1Zkyxkpump,TSLvdd1pWpHVjahSpsvCXUbgwsL3JAcvokwaKt1eokM,False,24600
BiXA33BnJe1HuU1rL59U9sAfrVp9NQvhuSu9LLaVpump,TSLvdd1pWpHVjahSpsvCXUbgwsL3JAcvokwaKt1eokM,False,1214
BiXfcLuwLpyPCKZpjyNxL6ozc6ZXAoHZ52A3fxFpump,TSLvdd1pWpHVjahSpsvCXUbgwsL3JAcvokwaKt1eokM,False,1
BigaGMpcCq3iBp62RcoJw1w2aLGYtqPsPRguYH3xpump,TSLvdd1pWpHVjahSpsvCXUbgwsL3JAcvokwaKt1eokM,False,725
BiuXru2Nvkd2KrMhPw1DmGVrp1ZWDyHeBe5q45chpump,TSLvdd1pWpHVjahSpsvCXUbgwsL3JAcvokwaKt1eokM,False,1
Bj2KukQQEZsznqpqs2uFVeqcYiVRaM7cviT8wEUpump,TSLvdd1pWpHVjahSpsvCXUbgwsL3JAcvokwaKt1eokM,False,813
Bj3YecUXCo1pyPejVwfxwMD7PRMiEo8GYcsi3a6rpump,3VJAMSvCozC6q8YV1ohMSjbCUir1P7MaGtuqYVY5xYMr,False,15579
BjAmkT3nMxDebVQbz48NBbtbeZNd92RjT3V1SFGzpump,TSLvdd1pWpHVjahSpsvCXUbgwsL3JAcvokwaKt1eokM,False,1116
BjapiXFWF6Sh1cAxwAHW4uaMwKZCeMgLWk2BqDVHpump,TSLvdd1pWpHVjahSpsvCXUbgwsL3JAcvokwaKt1eokM,False,1
BjjvKX5k7gQoGRmvQAA5WMr7EkQ2cirGTSGxAznDpump,,False,1
BjotV424H4UBvrAiGFGjQGztLxoafxM4HSdCXZR6pump,TSLvdd1pWpHVjahSpsvCXUbgwsL3JAcvokwaKt1eokM,False,1
Bjp7pbvtbdYe75WJrfyAWA7AFC4Ha6ZuCB1pLFH6pump,GUdgarbnRmo7L9VuVZzeCHkgDbPV4DRmmm2fp7DBpLZS,False,24601
BjtV6pZWuQ8sxVwsKa7Q8uruJqd2NdWEfvk7oiUkpump,TSLvdd1pWpHVjahSpsvCXUbgwsL3JAcvokwaKt1eokM,False,1
Bk14ph79BqP9qHCxBG4LdHQrQCgGVs227AxA8Ujppump,TSLvdd1pWpHVjahSpsvCXUbgwsL3JAcvokwaKt1eokM,False,24601
BkVeSP2GsXV3AYoRJBSZTpFE8sXmcuGnRQcFgoWspump,TSLvdd1pWpHVjahSpsvCXUbgwsL3JAcvokwaKt1eokM,False,1
BkkX9PBMZhsaAgTd3vLDz2TwgrTWnGjft8pHrxWQpump,HMgDMs7BraxAzJj7E3KcmwxMy8Ke9k1cHbnUkR19UgM7,False,24601
BkuhUp224bBip4BS5mLMLG781dxDzFJGc3QPQfDDpump,TSLvdd1pWpHVjahSpsvCXUbgwsL3JAcvokwaKt1eokM,False,1
BkwZdm2dC6u4rxM2D3KJBshz1pFScfuM6SfVivAVpump,TSLvdd1pWpHVjahSpsvCXUbgwsL3JAcvokwaKt1eokM,False,851
Bm6j7qobDbd1QPbVYfXex76n2M9pupbRfvD7uuvGpump,8bksn1rJj1pNWGjKWWWPqn8ZVnjUmKjb8HUtQwWn8UTy,False,1
Bm7YmswVseLW8RSiMiXAY9HASu9atjrpWBvB6cn3pump,TSLvdd1pWpHVjahSpsvCXUbgwsL3JAcvokwaKt1eokM,False,959
BmBmN4KAAPYXyNafZo3sFPGfwd65sK4bWNBzVCk1pump,TSLvdd1pWpHVjahSpsvCXUbgwsL3JAcvokwaKt1eokM,False,1275
BmM7AHSyUuk8mXDn5xtVNkSr3ZrnDL1YfcABVvPpump,TSLvdd1pWpHVjahSpsvCXUbgwsL3JAcvokwaKt1eokM,False,1240
BmgyTwwy2rDXMC8YA7YfauFgDdphVqVARVQTBjzXpump,GhJfghSMFgcgSGxVEfFjqKQ1uwAc36J39dMukKc4YZD1,False,26601
BmrweWNNLKVG1tovKejGwLJRxfjFRB3gT76TWqMspump,9HHyBmfdbHUxpU7JDKsKR48jnv7rburFa4FtsPz9bwNx,False,24601
Bn23zeD6dotVVRiPbtTGehFSKosP2YiS6Vbcapj5pump,,False,26599
Bn46cLSasTPWhwHLGySRsKtoGhj5S2tJiQPJAdbVpump,EpfmoiBoNFEofbACjZo1vpyqXUy5Fq9ZtPrGVwok5fb3,False,12449
Bn7QAQpthEse5RsP4SikbKAR4F7P9kBkyzC7myo5pump,C8rLpLSU7uoLvFjBeEYgR6Q4FGxJTTPMmdwsf7mEjFAL,False,24601
BnEjAgprHsEjeAKg6rR8DdcJPERzJwzTJuuWXvb5pump,TSLvdd1pWpHVjahSpsvCXUbgwsL3JAcvokwaKt1eokM,False,3297
BnM3rgqHkb4AruCu4V7zzyrxeCq2mLmiy5owmSq4pump,8Dk83pUYcmipAnHbLchLLRBAxsCecwpnjq7rBiPC9c2j,False,1
Bo2CeDaNAW4pqf73H3p6DCQvFV1aaSquy55kPTGypump,TSLvdd1pWpHVjahSpsvCXUbgwsL3JAcvokwaKt1eokM,False,1267
Bo8ojkKSuEJr2JL11KsY4gH72Go8dU2WFccuGTzSpump,,False,750
Bo8qygFPPvDXdtzD4HXn9NxMFvCnKMX6FVFJKiNppump,TSLvdd1pWpHVjahSpsvCXUbgwsL3JAcvokwaKt1eokM,False,1121
BoAQaykj3LtkM2Brevc7cQcRAzpqcsP47nJ2rkyopump,TSLvdd1pWpHVjahSpsvCXUbgwsL3JAcvokwaKt1eokM,False,1
BoBj68cWnCvzMNUKzJyR7Jq7tLM3v76D1pYL1E8rpump,TSLvdd1pWpHVjahSpsvCXUbgwsL3JAcvokwaKt1eokM,False,1
BoV8wsiFajPZ4R9snZh58R1qbMS7vfXNj4bnP1CHpump,HVsge5N7X9KcBnsWGpynyerVTyLs7rbXThRL3ZoGAW1R,False,24601
BouNUQGt1m2LqacDmhLGg4JNUX87z2AkaMDsQtqYpump,TSLvdd1pWpHVjahSpsvCXUbgwsL3JAcvokwaKt1eokM,False,110
BoxMxjToxQjRdKQdZwpcHcC8QHbTb6hDEp6H7Q2zpump,TSLvdd1pWpHVjahSpsvCXUbgwsL3JAcvokwaKt1eokM,False,24601
BoxnFjJWbLTD2N7RMjojuefCX7eTyq1Y6jFdvcWwpump,TSLvdd1pWpHVjahSpsvCXUbgwsL3JAcvokwaKt1eokM,False,852
BoyDvnMiyCmstidnUyb7XP1ndR2D2zBGq6dh4g1Rpump,TSLvdd1pWpHVjahSpsvCXUbgwsL3JAcvokwaKt1eokM,False,569
Bp2KgefjvRDhvuLGjXHsSFxmqkJEXk3ZAa1FQ4rWpump,TSLvdd1pWpHVjahSpsvCXUbgwsL3JAcvokwaKt1eokM,False,1
Bp6DNaVtnXriJADvrpAhAipGTyjRLXTeTe838Brcpump,TSLvdd1pWpHVjahSpsvCXUbgwsL3JAcvokwaKt1eokM,False,36083
Bp8BJj6VYuuJYBhF8Qv3QyXCm78nQBoM4cbGHmG2pump,TSLvdd1pWpHVjahSpsvCXUbgwsL3JAcvokwaKt1eokM,False,4307
BpZ5E6VYe9yCEKxxinX8k15a8NZxrNbF7xziDHcSpump,,False,449
BpkTfxEAKoAXm5YDo6mAqtTBpfZqhjRQnG76fJb5pump,TSLvdd1pWpHVjahSpsvCXUbgwsL3JAcvokwaKt1eokM,False,476
BptzzrvbTAEYQPX3d2ZAcvtCyhSeXEk6w1YY9nSCpump,TSLvdd1pWpHVjahSpsvCXUbgwsL3JAcvokwaKt1eokM,False,609
BqBNzfqeAPHMLU8gTj5AusGmHzhV46KFexZxHLkUpump,DzVuVH4z7D8M4tSM6QxC2Q4pKbRVo513TeESFYLNQDBu,False,24601
BqJyEmXDw6oGQLzHM6MsBZjpip6BRe1MyeZJAfK8pump,TSLvdd1pWpHVjahSpsvCXUbgwsL3JAcvokwaKt1eokM,False,1
BqN67jacmbKuTVBfmZDumyBwzEDWe4xrFHa5mDwapump,F9QE1r1A796i4isGGZVjCwrmvYyC9s1q1rcbP9YWpzP4,False,1
BqYx3qUQzensnA6irsfHnCf1oyiN6cxcCu5X6pTgpump,TSLvdd1pWpHVjahSpsvCXUbgwsL3JAcvokwaKt1eokM,False,1326
BqZk8iuTQiAsKPtc6wQeyMCaPSrc6pMgWmDcmNBLpump,TSLvdd1pWpHVjahSpsvCXUbgwsL3JAcvokwaKt1eokM,False,786
Bqcmjz2Mrr7pEVjZccZpt2tLHcUoXeYMdu9AcUHtpump,TSLvdd1pWpHVjahSpsvCXUbgwsL3JAcvokwaKt1eokM,False,197
BqdiV9b8NMNACNG57YFxQvk44Da4WrZ8N11Uig9wpump,TSLvdd1pWpHVjahSpsvCXUbgwsL3JAcvokwaKt1eokM,False,24601
BqhKCHP2xBisns276hNK44DCU4bgtoG7QRzc9hxgpump,TSLvdd1pWpHVjahSpsvCXUbgwsL3JAcvokwaKt1eokM,False,24600
BqmmS79fwm3J7NK9sGYLQJCxTMd6XvsYXPzM1vRRpump,FZt2R8haxvyTTmdbJyQvB2sq2aAe92XQW8zksC7vGtr7,False,24601
BqoaVpQUua1o8zHLdfpvMWuXFfJZMyvRHTWaZXtCpump,5k1nWSDTA615eUwvt1if9g2YtKZPxVWUAwKweSgse9dc,False,1
BqqzzwgH2S8QqEziVSnWumiDHwV1NtbB1pYD3wbApump,,False,12
BqwfopZeBjgoNXEoEu9aHW25JxGW9uDEk2SqZQsipump,TSLvdd1pWpHVjahSpsvCXUbgwsL3JAcvokwaKt1eokM,False,1003
BqxMnhnwPKJTWeTHSXWz3UcTQWL2bfzB7BCSuSowpump,EdNcBDUFQaTxuaaiFfp5Ss4EanvuXtpGV9ZZvFFVRayd,False,24601
Br1JxELQYP34YdRW4gbEPLasHEtyz8eCmT2FvmnYpump,9qosuq2u8E4tirvYWtgyRbWbcbUMRCGUuM6SYkw51cy1,False,1
Br4i4Xr98QkTpDDkzN1E8fDKLJdKoFwNiRBK5LKipump,TSLvdd1pWpHVjahSpsvCXUbgwsL3JAcvokwaKt1eokM,False,35828
Br7vcrMTeAk298te3v9suaiEqeAjUw79q14FFrzopump,,False,24601
BrHcFxdrvzFNo5TsL8N6x4JXM51HAAMHfxoGKgsdpump,DfAYu4j2tzrC3VUUm9Tp4StnjoezKhHdqTg75oMQQqUV,False,24601
BrLmtbdXQVcDSrdaxz9yAmCXskrruMXqfXLfB5Yrpump,TSLvdd1pWpHVjahSpsvCXUbgwsL3JAcvokwaKt1eokM,False,1070
BreuhVohXX5fv6q41uyb3sojtAuGoGaiAhKBMtcrpump,TSLvdd1pWpHVjahSpsvCXUbgwsL3JAcvokwaKt1eokM,False,9062
BrmikRsDFfiCsAT7MmngaWZpBu4twUKk1rM8Ywnxpump,TSLvdd1pWpHVjahSpsvCXUbgwsL3JAcvokwaKt1eokM,False,1054
BrrDApoyVB3GJaypAcZqZF8dmNwgz9FfWmL5s7fbpump,4W2nwVxm9K9GNmy5fpahcDQzorFY5HBXWX4A9HM3nsCy,False,1
Bs8bvy1FnwTpZkMHsJxzipRPxXtFWtj5uvaNrCLKpump,TSLvdd1pWpHVjahSpsvCXUbgwsL3JAcvokwaKt1eokM,False,908
BsAnKEGTSmdzAqPzaZV44NH4WZTizkN8YH37ELCpump,,False,24601
BsE5ng26dV3FDRAW49MS1bLpSHDUPYB4V98QFjYApump,TSLvdd1pWpHVjahSpsvCXUbgwsL3JAcvokwaKt1eokM,False,1168
BsVqUhRMpaSYmgHhPSxU3GM4iF3NZcdijrnsZjVYpump,2eb1pvPdaFdVYAFiyvEjCHStJVJBn3jCrcdzhJGv7nAR,False,1
BsdWKB7o57xz8uTszksS8Rj81d9p3av7LXA3CCogpump,2sJA13qMSKySGYyqP3AcuUBbUzxXr21Hz6pyuXrrRADp,False,24601
BsjcdsZGq2myoCQEv1v7MMvjfUxkpNoqH6WaXWUzpump,TSLvdd1pWpHVjahSpsvCXUbgwsL3JAcvokwaKt1eokM,False,1
Bsn6QCiXicw2Lyyx5KtQCeyVp1PZDhauHkYMpdQRpump,TSLvdd1pWpHVjahSpsvCXUbgwsL3JAcvokwaKt1eokM,False,1032
BsnVVamJByfdK3h31F79XgQ6gstHDePLQj1sj2Skpump,TSLvdd1pWpHVjahSpsvCXUbgwsL3JAcvokwaKt1eokM,False,24599
BsvrN4e76s3yY9J7YXNZC6bqiaafvjmxt5MKcnn1pump,,False,1
Bt3YiA6r2DA62SZbxBTcvxCz7ru23kobAsfYjYSmpump,TSLvdd1pWpHVjahSpsvCXUbgwsL3JAcvokwaKt1eokM,False,1282
BtGiNPGqw8mmmhGuZ12VAa1b1Kam9Apt9Fijzvfcpump,CUMW42BfT9vBicyz2JRBT6ViMAYLhtnzXkSbWwcWUiy,False,1
BtJgzfho2ua9MwdqqFSUaExPQx3CBsJA8Gmd792Ppump,TSLvdd1pWpHVjahSpsvCXUbgwsL3JAcvokwaKt1eokM,False,1257
Bu4tm4gdpFXWakMiTVSBtDp77Mia7tEe8cU4H23Vpump,,False,1
BuQ6Rp73PYNxi9TR47zmANNecnpY1mZ7Rtxp5WHApump,2wERKkTFNcYpq3PSBtiLyxoBmKBaFatUwJ4MDGEuviMq,False,3100
BuadyWzMJ7XpUemyji3TTM1maT43b3uxFewb572opump,Cp95kGGgP4ZSDmpHWiT1Dv8xt9uvxpGsaQD9vgpRuHyA,False,24601
BueZaTj9ZZq1Rsh9bNkPHCYBbXSdKHYbeMHTFxEWpump,TSLvdd1pWpHVjahSpsvCXUbgwsL3JAcvokwaKt1eokM,False,24600
BuixEce4Xs3LAaZebxap9ZNcnYhqD6z4M7fgCDktpump,EgWG4qHznHz7ENRfsTaN4W8VY5HfFe8fB4uPWCQByEEH,False,24601
Bv97cfdekxvJf52tfZJnZo1dazuhpi7tzj96E8ALpump,TSLvdd1pWpHVjahSpsvCXUbgwsL3JAcvokwaKt1eokM,False,761
BvSyXBvy76mUgzLSbvvT4NQw5rSM4P5zAsdnvqUJpump,TSLvdd1pWpHVjahSpsvCXUbgwsL3JAcvokwaKt1eokM,False,1
BvU4AvXYJY97T3YSuMkGAXd9SCWtkj9CwyrPBdNopump,TSLvdd1pWpHVjahSpsvCXUbgwsL3JAcvokwaKt1eokM,False,833
BvbJgfB3de8uxw8zT2zxiF1nKSjP3MAEoKFq1iEUpump,89Xr74EQDxq46f3Wk1c5C642aiC6SAvGvi6nKd9CqfGF,False,53725
BvqEDCSnQG9N5muFgsgds5w9M9m8ow1WeZ4XeF7tpump,TSLvdd1pWpHVjahSpsvCXUbgwsL3JAcvokwaKt1eokM,False,884
Bvx292d6oZFiGiWeyUEb7iLppMSztKRSRjLYp1z4pump,TSLvdd1pWpHVjahSpsvCXUbgwsL3JAcvokwaKt1eokM,False,953
BvzfyyuALfZzVTJAA8rR6TyFzi6NyT4hS4UFZDA5pump,,False,766
Bw1xwhp9LMGjhyqtvz94oa42CQNYnJThQUn5EUdHpump,TSLvdd1pWpHVjahSpsvCXUbgwsL3JAcvokwaKt1eokM,False,1051
Bw9bMDAdw5u7gJ5YY5NVjQbA5qpmeBE8KAbkPGELpump,G7Rbdawca8EE3k8jLTp4TgTJNttnfk6aushVHd2SojEe,False,852
Bw9zhugg7T1Cny6rpCBrjJ1TkmseFuYMgHW4eBbFpump,52mXWzgdyhTYx5nBPxZEDCUn8RP6oPszZNrtBRiYAsJs,False,1
BwDjtyW1gAcbvqVdGQpEeHnT2NSNgpCf4gJwSVqcpump,TSLvdd1pWpHVjahSpsvCXUbgwsL3JAcvokwaKt1eokM,False,1
BwFLAzM1syXYCN7AjgAcHWvtsUzKjsyFGm7osxgXpump,TSLvdd1pWpHVjahSpsvCXUbgwsL3JAcvokwaKt1eokM,False,485
BwHZEG96CrUrMHve29Xj3rkhCpHB38cPoMrSDMLTpump,TSLvdd1pWpHVjahSpsvCXUbgwsL3JAcvokwaKt1eokM,False,1102
BwHyjg6NjrVUMf58wCpfira3m695aaSuXNjV1hQ8pump,TSLvdd1pWpHVjahSpsvCXUbgwsL3JAcvokwaKt1eokM,False,1243
BwLLSuViFWS6gVuXWjq2fNqrpccn8AYqQWWxU6D4pump,B8eVcM9BsB4rgLTY9izvfsXbJ7VrZraR4o9TEmNrGnb7,False,34479
BwLS1TLvwb771PyNuyktWyxUDdxpziZ5oGYKgQfNpump,iPUp3qkm39ycMGbywWFMUyvaDhiiPGXeWXaDtmHNe6C,False,1103
BwM8Ahp2T29bCmE4LHHFDmnPooijaoXJhFsM5mqzpump,TSLvdd1pWpHVjahSpsvCXUbgwsL3JAcvokwaKt1eokM,False,885
BwfSJ8Hi4VP9oNFKK5LhqCPAXaZPWb8AHwVE3k9Epump,TSLvdd1pWpHVjahSpsvCXUbgwsL3JAcvokwaKt1eokM,False,850
BwqZsjxF37uXb3V5nHJzdkNumsssqrC3VzbM4QzSpump,TSLvdd1pWpHVjahSpsvCXUbgwsL3JAcvokwaKt1eokM,False,745
Bx4655sFV54KFZZvXU84DtNmzfrJHAPM7627jTJwpump,9eYPn4oMfAKfPbW7rbvkoyrztBJjZGqCnD7vinPY8cCn,False,26600
BxBLESXdBoAyYiZgLa1fMwbUCeYzdpHGdoERY5rspump,TSLvdd1pWpHVjahSpsvCXUbgwsL3JAcvokwaKt1eokM,False,24600
BxBReZ7gTa4HBC29A3KtmsjqnobvRu9g59gBMbTUpump,TSLvdd1pWpHVjahSpsvCXUbgwsL3JAcvokwaKt1eokM,False,1
BxDWXVuw15sXhL3tqZi8PkkvRCUBf5JRy1wC86Ekpump,52mXWzgdyhTYx5nBPxZEDCUn8RP6oPszZNrtBRiYAsJs,False,1
BxSw86C6uzfaofhR87PMYT2EbirDtjQLfPAC8E1Epump,TSLvdd1pWpHVjahSpsvCXUbgwsL3JAcvokwaKt1eokM,False,1345
By1ExmbUDgN78ZYs4CBGZGc6fc6c2ptiqEXbiX8upump,,False,1248
ByhSRkRyttcx3XAxRP6dvSEwP5tsjS7L1XApBi62pump,whamNNP9tHoxLg92yHvJPdYhghEoCg1qYTsh5a2oLbx,False,24601
Byw1NwFwy5a6mfCrMfCiubKmAHR8c3z6GRUNbmxjpump,TSLvdd1pWpHVjahSpsvCXUbgwsL3JAcvokwaKt1eokM,False,1032
Bz4MhmVRQENiCou7ZpJ575wpjNFjBjVBSiVhuNg1pump,TSLvdd1pWpHVjahSpsvCXUbgwsL3JAcvokwaKt1eokM,False,1
Bz6gZDcjfcBNS9x3SbtxuQanaK2kzNaGAQsTBzLMpump,TSLvdd1pWpHVjahSpsvCXUbgwsL3JAcvokwaKt1eokM,False,1222
BzGJHCL5UZBAg6X1DiJuDH6Uqu8SJPJehmnKjUepump,iJLwhBNSvLiQSaFA95vFSq42BfBD3e8aqwMQ65kUJjg,False,5986
BzRJGSG1MYq5rb1AnGzJ9hNpejkLv5SoGv3NrkMopump,,False,607
BzW7Gnm32KTn82a1yCiYFooBLzi37MvEXFF8soQVpump,TSLvdd1pWpHVjahSpsvCXUbgwsL3JAcvokwaKt1eokM,False,1
BzaRtWPmHNoapxmU67oNzDo6oWNVTr4UneYUVLJ6pump,F8JnjWR1egfoeMKGWC7hGNGQppVZonjRLcTHXEekyAHa,False,1349
BzdjzqjpL4ruBTduR9zzu8BCR8MaKWEtBb5KK9Uxpump,,False,742
Bzu1nWVKRFEn7FRumTNrTC4qqxtBaMCMBNY1z7ejpump,,False,1
C1KG6bSVvBHMWAbKU1Bx5HHx2hm4YtMQf4EWnZSRpump,TSLvdd1pWpHVjahSpsvCXUbgwsL3JAcvokwaKt1eokM,False,24599
C1XU84iJUs2WiPy4G25VmSsSFCY1G9uj6TDyAXmRpump,TSLvdd1pWpHVjahSpsvCXUbgwsL3JAcvokwaKt1eokM,False,588
C1aUK5VpDoEKqsvDpc7gQf1HVdgbrw3kwXE7KEbJpump,,False,1
C1jXwDMkaLEpFUAJ8yrr7tLavCeNdZgbHC8rvcG1pump,TSLvdd1pWpHVjahSpsvCXUbgwsL3JAcvokwaKt1eokM,False,134
C24azrvfgYJ88YDQduWAx953qaqxpKWq3mXGncuCpump,FqZ1ERDKPbZ4xhXn9piS2befjSAG7fqmwd3fWN4myn1R,False,24597
C2A8tQWaREK6Y8tDbgKzcxBaTk7BqEiGMxHoiBMxpump,HszEK5iqM8oJLZu8u8uyaebqvvsKSW9T63rLpbSJVo73,False,24601
C2CQ3k2BpZbKW46FQB7dVArbVu6ofQ4bJ9TzZpyWpump,TSLvdd1pWpHVjahSpsvCXUbgwsL3JAcvokwaKt1eokM,False,546
C2LuB5y5AJ1pZvsPihwfL52x9q9MaVQeWB4bQacnpump,TSLvdd1pWpHVjahSpsvCXUbgwsL3JAcvokwaKt1eokM,False,572
C2Tfxi3qhAHKjUHWG5TJCkavZ3DwzX3RNbPja4RNpump,TSLvdd1pWpHVjahSpsvCXUbgwsL3JAcvokwaKt1eokM,False,1
C2WSZJQEjhS6TXFqGFNRip4qRgMw1NDuMEmd3ruKpump,8FsBHHsiFQ6NUJDvFhaQx7wqzcsnuRCAvciiTGY6NSnx,False,1
C2XdPjLv7cXovpVyTuLVqjzDtYHbxTxLv1RUtxcwpump,C3uLVHYMwdAhvhC3XXTk5TyVNqM2ottQhVY6ZdK4SUtg,False,26601
C2gRfAt8A5vowLtZfprXLTfMZPr3UcdA8tDX7YX5pump,TSLvdd1pWpHVjahSpsvCXUbgwsL3JAcvokwaKt1eokM,False,850
C2mMrapGNKxbeYRkvoSu6njg7QzdqWkRSBh7K3Ktpump,TSLvdd1pWpHVjahSpsvCXUbgwsL3JAcvokwaKt1eokM,False,1142
C2nLP9yRnvFFqeWdzi1Qh39mMVVKy8qDP5oS3dJRpump,TSLvdd1pWpHVjahSpsvCXUbgwsL3JAcvokwaKt1eokM,False,558
C2pBfmWMj1M3FwhGTQqEFpAfKfhXAuz4YJwrUU15pump,TSLvdd1pWpHVjahSpsvCXUbgwsL3JAcvokwaKt1eokM,False,1194
C2r2tjddZRQaH2bnPd1BfsDBc5A4uFGuyApf6Tripump,,False,929
C2x2aT7VVEE4BUrxWfK2xjLtdSk5g1xRL9PHw7qxpump,TSLvdd1pWpHVjahSpsvCXUbgwsL3JAcvokwaKt1eokM,False,1
C2yeiwJFwvPez2DXnxMnen6bHtRsTJueQ3TWtW5hpump,Fj7TB6znowXh44UtKZhCQE8JzHSNmD3WvGkFpm9CqG4S,False,39000
C3YBjaivX99gzMdeQ1PCpVP3o5kNoaKkT2yAKFqRpump,TSLvdd1pWpHVjahSpsvCXUbgwsL3JAcvokwaKt1eokM,False,548
C3uTdHmRUBbBzheAgdcuoGE7cJsMKYiBxGUitQYjpump,91vKXBGZGA4DxzF8GowRsAMRr6FkAxwTVjVu8icoehUS,False,24601
C3wR2EyVcdk79BN2k3jdu91s2tiEArbCa77avJv2pump,TSLvdd1pWpHVjahSpsvCXUbgwsL3JAcvokwaKt1eokM,False,24601
C42QfQAhS8wyNoPYe8vHttrUrbuB1ejoiypNrxxLpump,TSLvdd1pWpHVjahSpsvCXUbgwsL3JAcvokwaKt1eokM,False,641
C48GAKLa3GEvW4TDHXxNKGanaAzvMroHF2iR6jvhpump,,False,1150
C4CfAMhiKsAD9Rw8m8vAzbCgAtJSVQdJgR9jXk9Gpump,TSLvdd1pWpHVjahSpsvCXUbgwsL3JAcvokwaKt1eokM,False,832
C4cvPTNKBN2Fb1a1hDGUjCSViHPxZvLiVW4wAsc5pump,TSLvdd1pWpHVjahSpsvCXUbgwsL3JAcvokwaKt1eokM,False,708
C4eczExaWkt4Mg4owUL3xENRYjdwCxjBMg3D7KaPpump,TSLvdd1pWpHVjahSpsvCXUbgwsL3JAcvokwaKt1eokM,False,836
C4j7kPx9PqDnfvxe2uycJQRTAeyGwmU4DyGf21Xgpump,TSLvdd1pWpHVjahSpsvCXUbgwsL3JAcvokwaKt1eokM,False,1
C4p2n3FXrW5F3yPAy3toXvhien2SeM2T2RtzaRFQpump,TSLvdd1pWpHVjahSpsvCXUbgwsL3JAcvokwaKt1eokM,False,697
C4pCEBJXMEe23V4FSNxKiysASF77vMTtUSKw7vEppump,3TpSniRUGWhtSbfBaYjK3heWRCaDBtiJnk9yxZBHDq7f,False,1
C4u9GYmTvtaGa1a7q6iijn5DK2GYe78fqEeoPwrpump,TSLvdd1pWpHVjahSpsvCXUbgwsL3JAcvokwaKt1eokM,False,1
C4zNLzmCp5aDkYEpxwcLAdmGTAT3fE3YxA2kTdSRpump,TSLvdd1pWpHVjahSpsvCXUbgwsL3JAcvokwaKt1eokM,False,1
C52ic7Tf7HxJcv6K7U2UWMJSngofZWQ7DXtpWU4hpump,5sNLkA5ZBUNMyE1TNZViiJmxKKxvP1ADixevv8ShNtyi,False,1
C52svWnbfGwG9579FUeGY3VcFL7EzX38UFvY8n6xpump,TSLvdd1pWpHVjahSpsvCXUbgwsL3JAcvokwaKt1eokM,False,905
C55LTkuSnV8i2xZQYyhiQW724uSP1woVNgg5UNe9pump,TSLvdd1pWpHVjahSpsvCXUbgwsL3JAcvokwaKt1eokM,False,559
C57PMKgMZFhiYhGM6tA5HsTMosRH22ET3HhE6HJKpump,TSLvdd1pWpHVjahSpsvCXUbgwsL3JAcvokwaKt1eokM,False,1
C58RvZN17j5SABdwEFDZQvEq4vChk611XPte1GjUpump,TSLvdd1pWpHVjahSpsvCXUbgwsL3JAcvokwaKt1eokM,False,981
C5CMr2QoxbUz9onpDRdVj7atoMou1XDazuxEVsN3pump,,False,369
C5ZsgmuDcV7oiudyyHAp7D5h2o59PwfQNZ4e56FZpump,TSLvdd1pWpHVjahSpsvCXUbgwsL3JAcvokwaKt1eokM,False,1297
C65t4Bd52R1ZdV1GVzzSyLqphoPrShiajsK5nJBrpump,TSLvdd1pWpHVjahSpsvCXUbgwsL3JAcvokwaKt1eokM,False,357
C6DjtE9srgmU2EYmVy5DSp6THRoQi5ij2j8b8k5ppump,FZUnR5QjVhhvCi23DU5T5EvG7YvUK6jy6vnGr9z3msP1,False,942
C6G4dkycF8ydf3adxsQRsJU2XeYXhxa8ABcVgZ9xpump,3DeGjMXsF6fbHM56cQYkyeZaNAQ6xeDiGyt9kTLRKgPu,False,24601
C6aKMB1myrBMUQYUnvsvuUnhJKVRAtiQ7EVgkkBipump,TSLvdd1pWpHVjahSpsvCXUbgwsL3JAcvokwaKt1eokM,False,1
C6zLUXumWDB1du9H6LGMQMntECYUyCZXXtywv8vMpump,,False,1
C72eaok99QE47Nr2EgmMnGxq8L3ivMtMAfhjLeqTpump,TSLvdd1pWpHVjahSpsvCXUbgwsL3JAcvokwaKt1eokM,False,722
C75XDvzWLKvjMHUAAFPNsYMFsmtG4eCVpkseeXBpump,TSLvdd1pWpHVjahSpsvCXUbgwsL3JAcvokwaKt1eokM,False,56
C7fdVopJF1e8TjCbuNMBDLhnW5dcG6mhqvfwCxCvpump,TSLvdd1pWpHVjahSpsvCXUbgwsL3JAcvokwaKt1eokM,False,1
C7hPjHP6BeskCQ96Ao5wi8vsQMYX23ZNX946YNH2pump,TSLvdd1pWpHVjahSpsvCXUbgwsL3JAcvokwaKt1eokM,False,1186
C7qVbp83qvoVd8NPaL9drAeSLBRfLgq89n8P5NwZpump,34NJxefKYeBJWjgNWWEpncuougCuDtT9Ay4AYji95izB,False,24601
C7xGvy9yE6FF2AYgJi2CCdRoUnPZLPhADRJgAQP3pump,TSLvdd1pWpHVjahSpsvCXUbgwsL3JAcvokwaKt1eokM,False,630
C82w36a9CtjYeHJqMPXNwEMFwtuu43kpnjym6dBApump,HCJKnwErKeCRkn2oQ5kqoWYbLnETqn8Bh5cyFYEsRbxh,False,499
C8FSQ2e1roL8cd8R6cy7zzRsZBcGvdbqfeEpWCHApump,TSLvdd1pWpHVjahSpsvCXUbgwsL3JAcvokwaKt1eokM,False,610
C8Fy3RzVeekLi4DPpSdKzAwfS5AbA8bxZaKg2GVPpump,TSLvdd1pWpHVjahSpsvCXUbgwsL3JAcvokwaKt1eokM,False,907
C8Hurc9sCPukY37EHm6YnKkMrTbYrRuifXSusvppump,TSLvdd1pWpHVjahSpsvCXUbgwsL3JAcvokwaKt1eokM,False,732
C8JUUPy43w8TksBKwaE1FfhhqquNaSzRzJEXqnhjpump,8VySsSAuKvbuuTV5cyx5RPXBmkgVF6QSQqZDWSddA7S6,False,24597
C8LXMRuzECVxmMrh6DJPAia2d2nfPYj9wW1rbT6ipump,TSLvdd1pWpHVjahSpsvCXUbgwsL3JAcvokwaKt1eokM,False,24600
C8RHbZyfbRkYfMa3iGnDMmZNgHuToj4NKPm9NC3Jpump,,False,1
C8T9UwQRazNYgrsM5iBR8G1aSkLempFYQNPXmGgSpump,TSLvdd1pWpHVjahSpsvCXUbgwsL3JAcvokwaKt1eokM,False,1
C8qkCe9UXW3rwNMpT9jf1yv2Q1taZCC1eVNH3oxzpump,TSLvdd1pWpHVjahSpsvCXUbgwsL3JAcvokwaKt1eokM,False,24601
C8tEY82inN7mgCoBatacvVyeufBd1f1wEdPPtsL4pump,TSLvdd1pWpHVjahSpsvCXUbgwsL3JAcvokwaKt1eokM,False,1265
C9AoH2Tga79MsWquQ4LUScqk2wk9qJCdQKwacDEkpump,Bv1D8NukTbhvNtETNsY2Kfz5uGoP8SdMQcu12gNV8ewv,False,22567
C9FTn7hQddPTmZQxvygBk2LVGwWriBvRGU4x2UEkpump,TSLvdd1pWpHVjahSpsvCXUbgwsL3JAcvokwaKt1eokM,False,1
C9GctjGuiLLrYkfRaXPUik7rTazH6XSXi6mevugSpump,WMQ6mmC4g4Fv5Y5SVrWbjncbjcS8cuhpitdUXFDvR3f,False,343
C9VLPqeA7QWNRtXRJnqCgCdwPgFAoufHTDhTVEgYpump,BzZAu2gRietbf1hziENk4JPFGEnAAQ3fWFt4UdR44GKw,False,2001
C9mktDa1Q4CgJ4HHwyxCyaZ6ZLgDrW1DqJdgjuxgpump,TSLvdd1pWpHVjahSpsvCXUbgwsL3JAcvokwaKt1eokM,False,1303
C9nkAep4fyz11yPCGCwfmSY5JYErBivB7qfjD8eppump,EFC6pUjicL6JTpHt8KEoLirV9zzvQG9wGhC6KtG3itYF,False,24529
CA6L25ZJEwritZj88g9meJcVaSt3UFAGsuc5GuSQpump,TSLvdd1pWpHVjahSpsvCXUbgwsL3JAcvokwaKt1eokM,False,974
CA82B1TUhceRvhN9UTgjDNEmxv4AvgrmoUdEoBt9pump,3YFnAT9GHb1GKzdbPmam7kG29b9Rr6cWbCQjVDd6gNm2,False,1388
CA89PB58wEga6W3YbK6Km97TaarrA6kq3q5CiQEpump,TSLvdd1pWpHVjahSpsvCXUbgwsL3JAcvokwaKt1eokM,False,1
CANuCBXArcrcFZt8jcZCAaHzqVCc2mPTKHWCk55Qpump,TSLvdd1pWpHVjahSpsvCXUbgwsL3JAcvokwaKt1eokM,False,24590
CAe6jQ4czJkVkYfg44TinV7VWs8aT2yJPwH3Smvbpump,,False,3072
CAsWN1Vpz7a2oDG7CB43cD4MgThUccT2wf1a2kZPpump,,False,1344
CAvESHYBC3GeyJ5DoDkUhXcFYf1rLhxG3dRDFxZmpump,TSLvdd1pWpHVjahSpsvCXUbgwsL3JAcvokwaKt1eokM,False,569
CAyes1DDmHL33iBLYmRdmy2tC1VYacZtSiT1JmXppump,TSLvdd1pWpHVjahSpsvCXUbgwsL3JAcvokwaKt1eokM,False,474
CB7ADX2QpiCKfkv3LNU1ro5J37b77qs5zYfcqRfqpump,TSLvdd1pWpHVjahSpsvCXUbgwsL3JAcvokwaKt1eokM,False,1263
CBFZKWM3qiz2nxNivZtJEypFWDK8CaKTKS235Evtpump,6Fqwoo4eWwvYp7gZgc3CJSUyE4bJ9Hz6Rf3Vi6fHue24,False,1049
CBVyaHfxMrcZuraP5GfGAYkTSXmiNDs28QdXrpKvpump,TSLvdd1pWpHVjahSpsvCXUbgwsL3JAcvokwaKt1eokM,False,1
CBdCxKo9QavR9hfShgpEBG3zekorAeD7W1jfq2o3pump,TSLvdd1pWpHVjahSpsvCXUbgwsL3JAcvokwaKt1eokM,False,1
CBhTvgSQtz7CPWq8js8VSnfDcGkr3XR5NZf3q1Cpump,Aw7ZmPRxsgua3X1kuuExobpTYiswnVRRsASg3gBhVQdV,False,24601
CC3KFyf394XCzXHhpkRauRJ7HdgycqTfhvTF2Suypump,TSLvdd1pWpHVjahSpsvCXUbgwsL3JAcvokwaKt1eokM,False,1160
CCEmLiB7qJP59q5PbqHerP3th7bUAG9kPft9ePwYpump,TSLvdd1pWpHVjahSpsvCXUbgwsL3JAcvokwaKt1eokM,False,1
CCKoTEvXCp4x9TmvVvPay8Sqtj7BPFfpugQ6RTX3pump,EeCQgjG5FTs25yBN7WxJpXQW5KBuV2gKtVQktsGPgdro,False,44943
CCSK5PU5SKioAJZnJpFkWKsnj6upNzdQ5GYNA4jYpump,TSLvdd1pWpHVjahSpsvCXUbgwsL3JAcvokwaKt1eokM,False,1
CCVi5pbyGuHauqpMSprsG4CmeGNXC2xL1SW5iiigpump,6Ht52J6HJb6CMWGyPjUt5EBuPUPzsNYVpeS2kfw34C8h,False,24601
CCWH1483HCr7PV5FRZsy3hpj63qk4cERCx5zBP5Spump,TSLvdd1pWpHVjahSpsvCXUbgwsL3JAcvokwaKt1eokM,False,961
CCg4VvjC3uziNr9K2cvzYvW8vGHjHuihL63t3Qv8pump,TSLvdd1pWpHVjahSpsvCXUbgwsL3JAcvokwaKt1eokM,False,731
CCmj4BjWf1TywkBBKj1J9zND8rNGWL6oY9FbRgM8pump,5GGmPcr8TRQEVQdmE6nBxBGnwy88QyqG2yQnYdekjoSu,False,24601
CCs9UBgek7esou5GX9xvr23AnHxJG8tpG5RQWo1gpump,J53p2cgCPeg5dpMmd7r7qTgUJFB9owFZsro2sW281tVB,False,1
CCt5SK3K8QKxeJJf7xf3nMLRPsWHvcG2sG7MDwMPpump,TSLvdd1pWpHVjahSpsvCXUbgwsL3JAcvokwaKt1eokM,False,1
CD3MxRWGfFatTRkLbsZHVSL839UJfFagq6MShwuupump,TSLvdd1pWpHVjahSpsvCXUbgwsL3JAcvokwaKt1eokM,False,1243
CD6DDkpELk1DHwfH87VxsqQiYL1mXQBgk7KSn4wLpump,TSLvdd1pWpHVjahSpsvCXUbgwsL3JAcvokwaKt1eokM,False,24600
CDA3CFpoJgyu8Zg4UV94G8nXeveGTHaSyquaK34fpump,TSLvdd1pWpHVjahSpsvCXUbgwsL3JAcvokwaKt1eokM,False,545
CDHzgwMHV6yFi4G1EzPk7mnn3Ahw8t5FaFKnMFaQpump,4cJ9hfGaskZT5QqFHdKVZ6uYeMer6RBK3B1RxHLs276h,False,24601
CDnxs2VHaZwa7YuxeUAFyw47DsFGmF4mwELaFgrwpump,TSLvdd1pWpHVjahSpsvCXUbgwsL3JAcvokwaKt1eokM,False,1
CDwMaZ5zFhSVeP1m8iGsBwyu3GAX65MpLrh1kYNzpump,52vdahx5XXTkKmbtfk5XX9Qw3rprYcoGHAZegUe1X4pz,False,132600
CDwYjsDMq6NpUVeRqPhZ5kbTCxA96MqTCPY4BhU6pump,TSLvdd1pWpHVjahSpsvCXUbgwsL3JAcvokwaKt1eokM,False,910
CDxmcAhJF5HKWNjJYZshqXR5612p9oqUXQz1VTG9pump,TSLvdd1pWpHVjahSpsvCXUbgwsL3JAcvokwaKt1eokM,False,26601
CDz1WStXCQhTA5cW8N8HKMauuXGwwVELYP4PS9QWpump,TSLvdd1pWpHVjahSpsvCXUbgwsL3JAcvokwaKt1eokM,False,856
CE4rYmFXgmFzF99tta6s8y7RjzfUdH6ZnttTsyeRpump,AyxeVzFZ1xV6rQGFL8FJYHLN2fGEFws3VkMqnXRki7c1,False,24601
CEEznzZrXAFNB7ex9DDFLJd24n1X5STxti8peN5vpump,8ugYDBmK6Lsdy5H6FpzASx22abUC7rzdJXKZvgivz75c,False,2001
CEF1fyNXT3kqHurcadhAFqa2GkC5SnmGeBgdfGWgpump,TSLvdd1pWpHVjahSpsvCXUbgwsL3JAcvokwaKt1eokM,False,8
CEMob6eUjVe4MWhcbs6ybNdTCcbU7Y4Yq736bLfLpump,TSLvdd1pWpHVjahSpsvCXUbgwsL3JAcvokwaKt1eokM,False,183
CEaMvzDPESe3DHMKw7y5kuehqytZzL6qNMCZybyBpump,TSLvdd1pWpHVjahSpsvCXUbgwsL3JAcvokwaKt1eokM,False,1
CEtXUssSVH8FVKZiB6kZeccxKZpymbNMvdVVhP7Bpump,TSLvdd1pWpHVjahSpsvCXUbgwsL3JAcvokwaKt1eokM,False,889
CF3kPSRHCLS5w1M3aU5o9KJnv6Uww43wkS2L1FGxpump,,False,765
CF979RUmDDFCMQ21J2HwYxDR7jJ3Nt6kBQL5TzVepump,TSLvdd1pWpHVjahSpsvCXUbgwsL3JAcvokwaKt1eokM,False,1
CFBYjzT357obRmihT9F5uyCY3kqgksRvXKM3RJN1pump,,False,491
CFSUJdHQs1B1vVVcovcNZx7vyzsEhd6nkXM8jG4zpump,CV9c9RvEFwxGBJzagWzHucYqdqSLre3j1Y3ws1W7tzfG,False,1
CFXaV1vqAuQ4L4sV3GsL5Po5xgYWzEtRCWcc1MS8pump,TSLvdd1pWpHVjahSpsvCXUbgwsL3JAcvokwaKt1eokM,False,1
CFa7dKA5NSuVzC6nvwL7NdnP4n2wNpUy8GnQEwJYpump,,False,1
CFu57yL7xraXPR1zqERRCdXatzRpEY9fMgcccQtjpump,52mXWzgdyhTYx5nBPxZEDCUn8RP6oPszZNrtBRiYAsJs,False,1
CFyaDC9yjmE71wYw633HavRN3VQ3aq37sYujARR1pump,TSLvdd1pWpHVjahSpsvCXUbgwsL3JAcvokwaKt1eokM,False,1
CFzLTtAJEAZDBo7ikwirgkoEQm4vrb5n1WoJaZ8zpump,4nxGt2M7PqhC7UPh5yUPihmycdme3z7USgTSx7cDUfLY,False,3097
CFzhqSNqYZRsUszCGwZ3SJ9iPHLvSumffaS6gWuupump,TSLvdd1pWpHVjahSpsvCXUbgwsL3JAcvokwaKt1eokM,False,1
CG5e8otTfszRTZRTNy4WQq5VaLsZW7tuDKMGHJVZpump,TSLvdd1pWpHVjahSpsvCXUbgwsL3JAcvokwaKt1eokM,False,1
CGdD943TAU3oEKwRTTJ6VPhXqLPZ8UMrfh1AiWr8pump,2rsSLbUERysZ5MDdTdg7MzPTAWnFDGAmZfb1woESziJE,False,14896
CGfvddVnP48uHbeK8fVdqWPEzfkQEW26hThYkA8Kpump,GUALAHD7NCs2pBmfmMbF4c4xv5kC4dfxgJ8caYmiMSGT,False,1
CGt6sgLSjuDNSn8SFBLsThi8ikUB1UUMnRQ2rSFvpump,TSLvdd1pWpHVjahSpsvCXUbgwsL3JAcvokwaKt1eokM,False,940
CHBTizL12ev7PASm943e4WPqFGjdsJvsB9786Fuppump,TSLvdd1pWpHVjahSpsvCXUbgwsL3JAcvokwaKt1eokM,False,1128
CHC8rKmAoXvnyaZhwjtsieQ3DcjC8oBdtWEhok42pump,ASjn7ZvQUvFjCsCoGHBj4Sd7bKeYcfeN4cUBHGLvZx3d,False,26601
CHDV5MEVk9HBARHKdkratwFv1wgF3XuRBGNvoYaVpump,TSLvdd1pWpHVjahSpsvCXUbgwsL3JAcvokwaKt1eokM,False,1267
CHRAnVEiG2rkN8en9vh9mvey9uTXJerX8Jud7FUzpump,,False,24600
CHVggq5Bu2UKLB1MQtLciDV3UKv5hwLkJwA14egApump,TSLvdd1pWpHVjahSpsvCXUbgwsL3JAcvokwaKt1eokM,False,1
CJ7Me823RBYFqTAkHU4LGqr468UwotmxNkdG82oopump,TSLvdd1pWpHVjahSpsvCXUbgwsL3JAcvokwaKt1eokM,False,1
CJJbVYyrX92FjZGWn6Ckg9SnszxGF33C6okcKsmFpump,TSLvdd1pWpHVjahSpsvCXUbgwsL3JAcvokwaKt1eokM,False,1
CJMzsCjdpbhVubQUWojED2MhZo9FWLz653kVdp2apump,TSLvdd1pWpHVjahSpsvCXUbgwsL3JAcvokwaKt1eokM,False,1
CJVLxZ7ks8iGWcoEK6J9vtDYG4ovRgYswFDynnPLpump,2Go7LhRhm1STH7WjJCViZ9xkKTq77poEVWVHu9Wkd6qH,False,24601
CJjCVqQUA1DfzAZeVBSwniWSqevGbipc1W6qyKM2pump,7cRjwRCjsiMFqSWLmkY75G6hKGHGp3Mb7QgmfDmD47ce,False,24601
CJodLFMHrgxoZCa5eXZJgi4H2UUgfJ7oSA8rW28tpump,PHXKKio9HPkaKPp4bXruVZhYhmcz4fuAwXYA6cR1ELy,False,24599
CJssUXJNwxzbWue5SpWW1fVcePRDmYwRY3ey2Nobpump,TSLvdd1pWpHVjahSpsvCXUbgwsL3JAcvokwaKt1eokM,False,486
CJvntLDFY1bQCcc2Y8u5BwcqZJuHfcLs3cFnizp4pump,TSLvdd1pWpHVjahSpsvCXUbgwsL3JAcvokwaKt1eokM,False,447
CK7UwtyYTo4CmBohCF9RhF6mCNDxnLMcZsCqouP9pump,TSLvdd1pWpHVjahSpsvCXUbgwsL3JAcvokwaKt1eokM,False,1
CK8jBy1R7JKr6FMSmaHJGi8GS3XPryWFJ1ebX3Uvpump,TSLvdd1pWpHVjahSpsvCXUbgwsL3JAcvokwaKt1eokM,False,2001
CKAK1sLTFkGPD8LFGhjsVS3633gFfUweFrjKPVZopump,CRQgkt9eGVpwynFmFb6vkEd7AxSSQjmgZ5J4fU1K6q3N,False,24590
CKJtqbzTtGJCFZHdZ1G5jHhHhUAcexwfmFX6HjJpump,TSLvdd1pWpHVjahSpsvCXUbgwsL3JAcvokwaKt1eokM,False,962
CKKeToQEUK6vY74eACPjwrZrdYVPUDUn9ZxREm8Wpump,E4oNAocv8T6MTDwnosQun8jU4YyvrbEqEia652BnNiGP,False,26601
CKM6XguP62ekpKk4fvo6rdxJSKnmN9CU7FFDhaatpump,EVjEz66UowPE7MTNg2ocwoU5SW1do62MdjVXFq4jga8d,False,1
CKMYq8fN5NyqEhttWr8xj4Q2fyEJv686QANnT7dopump,TSLvdd1pWpHVjahSpsvCXUbgwsL3JAcvokwaKt1eokM,False,211
CKNiBTRPM4Fq3zPVT4pt7tcDG7ErDQSL3DuQBQbHpump,TSLvdd1pWpHVjahSpsvCXUbgwsL3JAcvokwaKt1eokM,False,958
CKQYMeJBR8nLJWDs7du56fv1i3uhViT7eBdWJ61fpump,CPnRCmLmxFtg8ZmtHnK7iRnEG14vnYqxyKvLHYCE3rsQ,False,24601
CKo735MqGw4xUNW49fWA8XFYm2wCYugfX1vXVtz6pump,TSLvdd1pWpHVjahSpsvCXUbgwsL3JAcvokwaKt1eokM,False,24599
CKw26H6QKh1J46eLGx9g9tfsviKTHZWryZXyHbUmpump,TSLvdd1pWpHVjahSpsvCXUbgwsL3JAcvokwaKt1eokM,False,24599
CKwr2BLGRq9r8ZrwQb2WjkXM5Lr5ggYouDzAneZApump,G21JY4HUxWNmNpzFbHXJ1J3JqVVttm3V1GxG2kTQuwUW,False,24601
CL5gcnQ2icaQZeJ6pyQMU1tVaCx3s8RvNsRphe2qpump,TSLvdd1pWpHVjahSpsvCXUbgwsL3JAcvokwaKt1eokM,False,1150
CL5pEu8RgEm38gFAbtcto8BYXYSyEGiE1E9G78VUpump,TSLvdd1pWpHVjahSpsvCXUbgwsL3JAcvokwaKt1eokM,False,1107
CL91AXGBqTPjx8UUNF79JXnsemDwU6txRVNQvevspump,TSLvdd1pWpHVjahSpsvCXUbgwsL3JAcvokwaKt1eokM,False,1
CLBquYp6ehn8kBcmkHtnGVTBKyvo8G3zcfxnw76Gpump,TSLvdd1pWpHVjahSpsvCXUbgwsL3JAcvokwaKt1eokM,False,828
CLC8aNAZ8PuSnB9YzYqHd784ktDSpMixzTFDxfvXpump,TSLvdd1pWpHVjahSpsvCXUbgwsL3JAcvokwaKt1eokM,False,49
CLDmorzFpwoJXq4FNaY8tB3axYMWCqJyFNUosL1Epump,TSLvdd1pWpHVjahSpsvCXUbgwsL3JAcvokwaKt1eokM,False,1268
CLFiA3hqhV39GfLcomXts65eRCUkpGjnEoRrCFkjpump,TSLvdd1pWpHVjahSpsvCXUbgwsL3JAcvokwaKt1eokM,False,409
CLLNTfuCHWAfRzo7utGPcZ6qjcwkDrSVyPVywCUSpump,TSLvdd1pWpHVjahSpsvCXUbgwsL3JAcvokwaKt1eokM,False,767
CLUctX9roCJ6hQ8cEVPEnk1kUKopzCTWVAGbpeX4pump,TSLvdd1pWpHVjahSpsvCXUbgwsL3JAcvokwaKt1eokM,False,1
CLXPjdHA2ikfQVPeQJiy4vomAZseVVMuowUtngRMpump,,False,364
CLcjwVm9cfH2sca2TQ2i9u6VURuQANcWpYWw4HWBpump,TSLvdd1pWpHVjahSpsvCXUbgwsL3JAcvokwaKt1eokM,False,965
CLfK5EiyZRQxf6jcNUPMapy5KjeqLLodVwtgMYyjpump,7EkZgSNNG3Ev8j2D4Rh4u2EzWaj6LWXucEj83awcMGwc,False,1
CLgpvqwEtHz7Gy8VFUh1qv2Am8Ksb9RQuEMswKxApump,TSLvdd1pWpHVjahSpsvCXUbgwsL3JAcvokwaKt1eokM,False,963
CLmDjDg3t3TWMGNup6Tu9iXR91wGhVzRGUikcT9vpump,TSLvdd1pWpHVjahSpsvCXUbgwsL3JAcvokwaKt1eokM,False,1127
CLmkmdeeDqZRciDPrpVS8JtFj2g1hh8U4XQmQishpump,TSLvdd1pWpHVjahSpsvCXUbgwsL3JAcvokwaKt1eokM,False,1
CLwUUmrHaGHpGQmvNcAoWos5rBru5DscA6qiSFB2pump,TSLvdd1pWpHVjahSpsvCXUbgwsL3JAcvokwaKt1eokM,False,1
CLyx4yQWPFbRqMib6xAfjC6kn4VPeJopAk9TVcVwpump,TSLvdd1pWpHVjahSpsvCXUbgwsL3JAcvokwaKt1eokM,False,1312
CMABnJb9pvUQWxCbsYPGVcyFgF5dDREvYDytnctrpump,TSLvdd1pWpHVjahSpsvCXUbgwsL3JAcvokwaKt1eokM,False,927
CMCBNLcMCTryTbNYBeoAh8kgbc3aebxU9EdaPVLCpump,8gM4gnxdLdkvifM9TCwkGAxrnNw4NiSiHbAdE1RqY96e,False,1
CMEpJbd6HyZsRKJH4cJD8BuzvMHixZYFxUPgM6Gmpump,7sR5edsSpgxnvod3gWw37JrngRsZdjUqZUC2o2MjeqCi,False,24601
CMNdVT9XGAtKuAYBMAwhnzRWrqp2caq9Supdg1Wnpump,TSLvdd1pWpHVjahSpsvCXUbgwsL3JAcvokwaKt1eokM,False,1132
CMceGRojbcCCzx4mUga5CKtekE4NEEZs1HfojyB4pump,AgKMSFwynjfqbKX84xMQGUGQ9LAE7oB3mGEujTaU2awB,False,1
CMzgHhgrL4PtFz1hrMjtCd7rKjwdfzvUP5CfVXxXpump,TSLvdd1pWpHVjahSpsvCXUbgwsL3JAcvokwaKt1eokM,False,1277
CN5tudow5NoDaMBrZEbsf86acQu9uZQAcqPggUPvpump,9V94qQ9ULepWWAc4kBg5oZyR22roL68UmBvuY2xZV1FD,False,1
CN6XyZP6huth2ss8WiRnFFWzTK7eSigp7hDzsAV8pump,TSLvdd1pWpHVjahSpsvCXUbgwsL3JAcvokwaKt1eokM,False,1197
CNbTutidA7Bsu2qx8j98YYDm7zuxZNTAJicLvt9Vpump,TSLvdd1pWpHVjahSpsvCXUbgwsL3JAcvokwaKt1eokM,False,1165
CNeis4VmGY6Gtwx1RUgPVwbxfN5BT9rifidHWD7Tpump,TSLvdd1pWpHVjahSpsvCXUbgwsL3JAcvokwaKt1eokM,False,375
CNppMUF3ELZcUePUBERy98CFiG4qYe9nqEmwQiG9pump,TSLvdd1pWpHVjahSpsvCXUbgwsL3JAcvokwaKt1eokM,False,1
CNt18MTzabRvD3w43GLmhR3WQhUXPqfLKMd3KSc6pump,52mXWzgdyhTYx5nBPxZEDCUn8RP6oPszZNrtBRiYAsJs,False,1
CNvp6bEyJsGkGb9EjgbjMQ6sgFNb9y4DosZNyv4vpump,D1SoYU3SsFzta4UQ38QKCDw7F82Tnc7XdkBwnZEZfEKp,False,2001
CP31YMYo4RH3j1htubYsFLfxVjATzcicHBpWT8n9pump,,False,24599
CP4AK1sZfucyM7LBFr2eMJqd9wYcfR9nay8QgiC2pump,TSLvdd1pWpHVjahSpsvCXUbgwsL3JAcvokwaKt1eokM,False,1
CP6xhCQw5x4KJdcD3WLnnqA6naMRxeQcfQeVTWBhpump,TSLvdd1pWpHVjahSpsvCXUbgwsL3JAcvokwaKt1eokM,False,464
CPCd7iEztRBCsJoyPhC2yArnx5EH8MqxbC4jXJCqpump,TSLvdd1pWpHVjahSpsvCXUbgwsL3JAcvokwaKt1eokM,False,1
CPEqJmYLcVidqHf9JFfDFKCGgCh9n5CCU4Su3DDSpump,TSLvdd1pWpHVjahSpsvCXUbgwsL3JAcvokwaKt1eokM,False,1051
CPcf58MNikQw2G23kTVWQevRDeFDpdxMH7KkR7Lhpump,TSLvdd1pWpHVjahSpsvCXUbgwsL3JAcvokwaKt1eokM,False,1
CPkCDgQ7Ya6zsPpwHKmD3spwcWKy9eH7vTaLN4QUpump,9BNHJaQxENHGU5Re7U5SLE4717zc3HvEcn9obAy8bUTT,False,24601
CPx6vEEAsk4NTLau19LC2KqdDwvs2DAwnjEYUL6ypump,TSLvdd1pWpHVjahSpsvCXUbgwsL3JAcvokwaKt1eokM,False,9
CQ6rkzPpAtd9uKuxmmGyyQr4VyyYX8fjtg9v9oepump,TSLvdd1pWpHVjahSpsvCXUbgwsL3JAcvokwaKt1eokM,False,1265
CQLdxehYmVCTa4duuovkD4aL93xU1vwkRbgps7gKpump,ArkdCAPErAo6KdVDTFA32YKnqaD7jfXsESFoyxQzDgnu,False,1
CQiB9opEQKzPdQ3MnVMwRbkWsmzde583SrYJh7Z9pump,6BK68wbYpWV9Y6JTTWJDr5HwyvGLDh35m2taUELw1bm4,False,24600
CQo4QmsiuoyzPKPpwSXYfG9yTu3PuTgzGj3t1xDpump,5bqkCj41uMBtyxDwfrPppSCDZWTyaAW3C1j5rBe3wp4x,False,24597
CR6xyMB1dxGGpM8TNVEii4BVXyiTwXTUq4Yvp1B3pump,,False,941
CR9h6cT7jFq8kgdqqZNL7m2NonXsZLfkZy3qcU5kpump,TSLvdd1pWpHVjahSpsvCXUbgwsL3JAcvokwaKt1eokM,False,23433
CRHpEZJym1wA9auDYrGzEZ9US7P8fSAEs8HJz52npump,TSLvdd1pWpHVjahSpsvCXUbgwsL3JAcvokwaKt1eokM,False,1138
CRKH8N84iHiE1StwPooiyRwj8GKf1j8cViE5jktjpump,TSLvdd1pWpHVjahSpsvCXUbgwsL3JAcvokwaKt1eokM,False,1115
CRQdQmb9TDmG9FFTPEL9gqDvfyF6HxGaHwiq5eybpump,TSLvdd1pWpHVjahSpsvCXUbgwsL3JAcvokwaKt1eokM,False,1
CRUzah1Pr7VfqrXnEiCfPy95tKiLeFT2kUA2Zrjpump,TSLvdd1pWpHVjahSpsvCXUbgwsL3JAcvokwaKt1eokM,False,1111
CRd4Lt6LBRwmMJthhmkyR6Zygn2MxUqo3VbtT7j5pump,TSLvdd1pWpHVjahSpsvCXUbgwsL3JAcvokwaKt1eokM,False,592
CS73bwFqKwnmo3GezWweRR8nVQhwieixxk5qePvJpump,TSLvdd1pWpHVjahSpsvCXUbgwsL3JAcvokwaKt1eokM,False,24601
CS7XyRKRgmJ3tKTx5Lh2UvLBoZYcTdTmjSGZ7VA3pump,MBvRevv22LMsmNgHFRpmqq14RbX4zUsigjbYzbsVSLa,False,1
CS8JFYh2L5FuiLtHTktmcnArrJTbWvCiBCujgGjepump,,False,1
CSEkG3mT5P1GUf4HZTHdVk1syKFN6gQWokbZ4jDWpump,TSLvdd1pWpHVjahSpsvCXUbgwsL3JAcvokwaKt1eokM,False,1
CSGB1SJtMtzFAKcmMVCnACRFBwgExnRK9F5jpWSDpump,TSLvdd1pWpHVjahSpsvCXUbgwsL3JAcvokwaKt1eokM,False,1
CSRqZHKsoiawVJC6EFYg2tpmxjf27NHMRqPwsRg1pump,9QTHeFTWysTe4NEriJoQSbMP7enGFGKKUkrD4JJUFDxx,False,1
CSdWn1rEa2tGKYfHdiVQPSex53V9R1SwYUATT7fqpump,2BG5rp5qztfWdvdzKFhX9HL4HsoYcdALj3Fmrd1CUuRy,False,24601
CSessya3gyr7tDiuF65Dg3YkVWdcFi3AYFfo695epump,4nxGt2M7PqhC7UPh5yUPihmycdme3z7USgTSx7cDUfLY,False,9944
CSmFtxbo5MuekYqbbKWGeQr8cVqA6iQQKk9dPPuUpump,TSLvdd1pWpHVjahSpsvCXUbgwsL3JAcvokwaKt1eokM,False,24574
CT1J2YLkksx2TmoqiaywP9hJPV9p5grpWWDds8yBpump,3yKnhU5iaJhRu3njsPFYavfozdZMbP9KVDvutHrvfBBB,False,24600
CT6AWpRfyYpqiTSzBBjw9vpLAL73kf16sL89jvVipump,TSLvdd1pWpHVjahSpsvCXUbgwsL3JAcvokwaKt1eokM,False,443
CT8BZfSi7Y6eZ7UNr6i5eAT7NL1JzYAkgNcnSCk2pump,5ZwLTa19txhFD5MEAaXN2Re5BaLWvYdoLzB4fPmyK4No,False,24601
CTJsCEZLertJUJMfX93Ze7EdgcaoPSXcUVA2L2F4pump,TSLvdd1pWpHVjahSpsvCXUbgwsL3JAcvokwaKt1eokM,False,1188
CTMJZBMrLEszx7HA4MhENiBgx8nSwnczZeuW1FgEpump,DRAgT2aGt5RyA585A493rLkqKv5b4NArAB7mKhQG3MnY,False,26601
CTNeyrrzJQiruvgF9TEknBivStwznMquNSr3PgULpump,JC1irmi7bWUEjPvqCbZbAoJ9JXh6htDC9uP5tAC2w4k,False,1
CTg3ZgYx79zrE1MteDVkmkcGniiFrK1hJ6yiabropump,TSLvdd1pWpHVjahSpsvCXUbgwsL3JAcvokwaKt1eokM,False,1
CU3JzZibJVpH1t5PMzGTEgEbS7u3PVPQVQKV6ci2pump,TSLvdd1pWpHVjahSpsvCXUbgwsL3JAcvokwaKt1eokM,False,564
CUAQfgRRKJN9xwcvkMpEy7c8dHGGR97JJbRVotBopump,TSLvdd1pWpHVjahSpsvCXUbgwsL3JAcvokwaKt1eokM,False,1310
CUNWkUw9xtpmZ7ekLynHXx8RntfNKbYuPaerNriwpump,6JwXFf6o8gFQCKboiHH2FvZnFA3EuoHsN4iFdv7WX93H,False,1
CUQrpNQJYWRLM2UqLzHfDWbwUmEjDJmbeyg3LzFfpump,TSLvdd1pWpHVjahSpsvCXUbgwsL3JAcvokwaKt1eokM,False,36054
CURXBHq3AtGasqUUYM5nUHNs5ahf4XRsDRz9g4USpump,TSLvdd1pWpHVjahSpsvCXUbgwsL3JAcvokwaKt1eokM,False,1
CUTdPUYaeW3hDUquvTwpkiT4UqACmt5JXxXJ3oX6pump,TSLvdd1pWpHVjahSpsvCXUbgwsL3JAcvokwaKt1eokM,False,1182
CUots31KNMDbswxamS4fYQD3g4L3i4g2smT1djitpump,TSLvdd1pWpHVjahSpsvCXUbgwsL3JAcvokwaKt1eokM,False,1
CUzSRjBvqFFq45mg6j9oyQrDxyUTHEKM2xqKzDkZpump,TSLvdd1pWpHVjahSpsvCXUbgwsL3JAcvokwaKt1eokM,False,1
CV1t1Msub23QFfHR36iU4c9LoZVnjDvrZG3pyjUopump,5nCUGFvFd1UhSVcfxpTPSBGaPb6qB71xohpxDa2zpPpf,False,26601
CV5UzxukRgAccsFNNifbGWjvNX57z6bhh6dTHkU4pump,3dPrQeS6ase61ffanaBb3DuWiyMcTQEYfCBdyGruvRWY,False,26601
CVrWi5MdkYJ2ttojuZbLo6f2TtWYjPptxRS7JSTWpump,TSLvdd1pWpHVjahSpsvCXUbgwsL3JAcvokwaKt1eokM,False,25101
CW2mhsBffYgrojqsuPU1qLSNMEYxm1hzhffqrWuFpump,6aNgQVqWb73aSxd1Bc7maFfB1shK8vV1eYUP3vUDfrou,False,2001
CW6L4bwQEDw3qrVwd4PCpsx1KZ1ivJBKdfs4yawkpump,TSLvdd1pWpHVjahSpsvCXUbgwsL3JAcvokwaKt1eokM,False,109
CWd9eRdMtXQ4fdZwtuJ9UhZzH573kPvMsaaQV1s4pump,TSLvdd1pWpHVjahSpsvCXUbgwsL3JAcvokwaKt1eokM,False,64
CWf7gNKtTTnbhhkSsB4oDn1ovyewV8KzZHekPkAZpump,TSLvdd1pWpHVjahSpsvCXUbgwsL3JAcvokwaKt1eokM,False,1259
CWnrYuxs5Lw1jmVGAjNB4jzqSQLoJyfTozCPPdo1pump,TSLvdd1pWpHVjahSpsvCXUbgwsL3JAcvokwaKt1eokM,False,1012
CWobBUw4rdUE1JPgTTjM7jWgNAQdWkNh22RZcwkopump,TSLvdd1pWpHVjahSpsvCXUbgwsL3JAcvokwaKt1eokM,False,24600
CWqbChwsUDdEipViUfwKsBbtVLWwqQzZRCVUuHMfpump,3TP5h1BNfr94CroTagyBJcPbSmWhLPB4CcJiqasv1EME,False,24601
CXAtTTTyrHYt1B7pc8CJThygsTLWszd9ASffCE1Npump,TSLvdd1pWpHVjahSpsvCXUbgwsL3JAcvokwaKt1eokM,False,1
CXLJXHVELib877F8aeVg21gfLSktTEZkXuSU3u82pump,8gQbdPKusUJ7mMmEZ9n36ma8vsemo2EvkgGRP5rgemCQ,False,24601
CXTmGKtsuZxQmg2eooXdhYea9neFG6ByLmcHN7g3pump,,False,753
CXfErCqD2ufoZZ7791sRetSiMkeFSH6oKAjW7ERdpump,TSLvdd1pWpHVjahSpsvCXUbgwsL3JAcvokwaKt1eokM,False,1
CXfzQ1nbs8uTowtd2ni34xBbJz9ewGY7XCQ7agXHpump,898VqcG9qCZkXqcea8RoSgvtDmKjZP87WheEiX3iwjNB,False,24601
CXnxXcNQWi2cV6qKEJyf7WNBWZfztcU9yHs2WSyYpump,TSLvdd1pWpHVjahSpsvCXUbgwsL3JAcvokwaKt1eokM,False,421
CXpAZfK9EyUVtGn7aM3XQxe4grESGMcQXqeRJkz4pump,C4LnA9EJQQTv54X1YvW3fEVKPm51NSrV3fXdM9Ft9QmZ,False,375
CXrYUdQ76FXaHgt5VQd8CP5fAC3pvrx7TnAAGfqepump,TSLvdd1pWpHVjahSpsvCXUbgwsL3JAcvokwaKt1eokM,False,819
CXujSsTpX4bPSz9czSgWqzU726R6tw863P7kt7fGpump,TSLvdd1pWpHVjahSpsvCXUbgwsL3JAcvokwaKt1eokM,False,1162
CXwcR1oPSRwHKnPPEVwWuWxDuHezQPD2tEwn4rvnpump,4vRbGzZcNVhHSSw2fdFaT6eKVnGxkUX1JZhVyQRGNALW,False,1
CXzofPSu2KVyRRRugmQdLKSQX1FaF22NNS9yKd2ppump,TSLvdd1pWpHVjahSpsvCXUbgwsL3JAcvokwaKt1eokM,False,1713
CY4sCmZ9gvYtDoPi4A7XpypCQxua2hDpK35egNJspump,TSLvdd1pWpHVjahSpsvCXUbgwsL3JAcvokwaKt1eokM,False,24600
CY9LZhUfi895K6xHXAFgjJKqbPVUa2A8UoxqJcyipump,AFo9kEf4u64R1qxAiTinxcq5dajQ6CT2wmwMnjP2LY3k,False,24599
CYWpvipDRvqoVP58W8LBPkD8foBJ8yWLgBiNG4Wrpump,TSLvdd1pWpHVjahSpsvCXUbgwsL3JAcvokwaKt1eokM,False,1330
CYYjPwTer1GGY4y5u8P7GGAoDV5E7WJJAE5Q3DmFpump,8duKMKCN7WWYZK2VDN4Xfm7w4rJJdAU55Y542gnWZWUg,False,24600
CYykggFRkcWk8xLiEHvs1snGDLSATsLEsaUWdnhpump,TSLvdd1pWpHVjahSpsvCXUbgwsL3JAcvokwaKt1eokM,False,1
CZBYBV2e1x1ZuZ2qkwU5mPNVLFKfVvjSssSNHzSepump,TSLvdd1pWpHVjahSpsvCXUbgwsL3JAcvokwaKt1eokM,False,1
CZRjWZmZqovS3aCxezPTM1BraGwYTNo22ixf4uxnpump,TSLvdd1pWpHVjahSpsvCXUbgwsL3JAcvokwaKt1eokM,False,1172
CZV28UR7oVe9XpJz1htqBGFtb7CsavpWoKGqFKZTpump,TSLvdd1pWpHVjahSpsvCXUbgwsL3JAcvokwaKt1eokM,False,534
CZVy47wqDQ89qP3NwmxDxKXnt3RZwyduMLVM3tbbpump,TSLvdd1pWpHVjahSpsvCXUbgwsL3JAcvokwaKt1eokM,False,13998
CZWbuXQgW96qFNB1LizsgVt3g5wCLcGzygP7T6uPpump,DM9fH4KxyiqCdwx2kzZdtKeMzT6qZThoZu8v4EGZGGkW,False,843
CZZSiF7CpqZmBrLeV4YbcdwDFUnf4vUF17PTTKuipump,TSLvdd1pWpHVjahSpsvCXUbgwsL3JAcvokwaKt1eokM,False,1
CZcArp1tnaw6NJ6pquyCA2c7RygRRBeN1PkA2bGPpump,TSLvdd1pWpHVjahSpsvCXUbgwsL3JAcvokwaKt1eokM,False,624
CZjvGEepY6pvKfs4RgrbQRMQDSQWcN4VwoaukZ1hpump,9NAekG9h4XSjuGULwR2hc1VcKKsuavKoGnZnQtZXmG2S,False,1
Ca6SY4x9xKf9gNMfe3DWuuiPgNVYqcgF7EDKf6S7pump,TSLvdd1pWpHVjahSpsvCXUbgwsL3JAcvokwaKt1eokM,False,1
CaEzCo7emJMETCayeWCbZCXdH6KAuFqZR1b1Fyg9pump,TSLvdd1pWpHVjahSpsvCXUbgwsL3JAcvokwaKt1eokM,False,1
CaF7S1uFwgX72cEacTKPuX5PxGrdvTyyfKSyDGEqpump,TSLvdd1pWpHVjahSpsvCXUbgwsL3JAcvokwaKt1eokM,False,24598
CaFZA6scXKRBW4mGqYTcGbVnkWZgesSFMghNPnsbpump,TSLvdd1pWpHVjahSpsvCXUbgwsL3JAcvokwaKt1eokM,False,251
CaPS8EpC78RsnDdjNfZGd7Wjdg9156ijvC1aFcA1pump,TSLvdd1pWpHVjahSpsvCXUbgwsL3JAcvokwaKt1eokM,False,1
CaWBygDnn2rAonbxjsLGttyNbqfp9YRYFkcPvkBdpump,TSLvdd1pWpHVjahSpsvCXUbgwsL3JAcvokwaKt1eokM,False,595
CaWca9bSxYrmPb8DKabFGcotQFL6hQkbcbD8MGopump,TSLvdd1pWpHVjahSpsvCXUbgwsL3JAcvokwaKt1eokM,False,1075
CaX3SRFjdqWfDMpTvXKtqsPK833inSMAKsMpRjkMpump,,False,1
CapQVo8pgtkKAPkHG8LfMKR5cB48v7sRp7WouCm5pump,TSLvdd1pWpHVjahSpsvCXUbgwsL3JAcvokwaKt1eokM,False,899
CauybpUD3sjHVC5UEUXVCwxpMTXnrgn3AEF9bE3xpump,TSLvdd1pWpHVjahSpsvCXUbgwsL3JAcvokwaKt1eokM,False,1
Cb6XkLJvKxyWFdeLW8bsSAG3vAYoBV5udKmjSWxcpump,Bmk8t9m9tLXtvkmapYQcmbosb5o47EaBDdtGg2arUxs,False,24601
Cb76iMcfW18fWfg8bAgAWezpHPZpEcSp9eja22ZYpump,TSLvdd1pWpHVjahSpsvCXUbgwsL3JAcvokwaKt1eokM,False,6022
Cb8oG15BGLxDQbNaCgnxbhK2Uw3hRyF1uA7gz95qpump,8euApaqTheiJJS6gmrjMMaVWUqJphceT1obeKsKCP2Tm,False,24601
CbM95hzw5MCYkQtVvZMABjCUrZchwRdiAHB6Fc8Upump,9JyuijJTMLzkXTXnhm2SwnQ4aLRs4nXhz3VKJ6rskxfK,False,46424
CbMP7j1vCybSrVoBZGCWXMtjFdq6dHf6Y1Ave58jpump,TSLvdd1pWpHVjahSpsvCXUbgwsL3JAcvokwaKt1eokM,False,1251
CbUBfV9KnkJFUKT3jTL7s5UpcrSsFtRznfYb92HNpump,TSLvdd1pWpHVjahSpsvCXUbgwsL3JAcvokwaKt1eokM,False,370
Cbi6xxJZQkBTdzBsLfAPR8JzAWCnpowAf1cbsEUMpump,TSLvdd1pWpHVjahSpsvCXUbgwsL3JAcvokwaKt1eokM,False,836
Cbuey8raZChznU1XzftS8kvoR4BVryDf4bgYieu1pump,TSLvdd1pWpHVjahSpsvCXUbgwsL3JAcvokwaKt1eokM,False,606
Cbw9mS82baza8iNDqPxeDS54ijD15dzxV1MLCmokpump,TSLvdd1pWpHVjahSpsvCXUbgwsL3JAcvokwaKt1eokM,False,1097
CbyPNQmBbVFbGecGrcfViTMX1mzJcSBoxcaekonipump,9b6i8A6UYTwL6z7bWLncyyHpxi47FFFWkNmfFrZpjXV,False,24600
Cbz2MNdYBfZb3TWuuwQLnbu1mBVVnd3qx68pm9kgpump,TSLvdd1pWpHVjahSpsvCXUbgwsL3JAcvokwaKt1eokM,False,1
Cc1o1B51f6exthGAAoXPYg3E5YyuJtbwhhUhXTc3pump,TSLvdd1pWpHVjahSpsvCXUbgwsL3JAcvokwaKt1eokM,False,1
Cc4sinjiaruP69C7Eotftsu2AjFHAaKZyGtpaLbApump,TSLvdd1pWpHVjahSpsvCXUbgwsL3JAcvokwaKt1eokM,False,1
CcHqih3prc15BX31Mk4iqV5pNSEhqrzhvpk5ZLjcpump,3YPaHSasEGzXQyJW1tyypmRWeJCYu439k8jRFYtXNJNw,False,24601
CcKxHs1nau5RWN4XDfHMZZ535XQpwycCKhvuLSbjpump,TSLvdd1pWpHVjahSpsvCXUbgwsL3JAcvokwaKt1eokM,False,1023
CcTxy8iD42BR4PGA3MV3SdMfa8snn2rRgvXJfdDypump,TSLvdd1pWpHVjahSpsvCXUbgwsL3JAcvokwaKt1eokM,False,1
Cd35Zsee8atgY14q47mgN4N7xa2VpJG57ygtAXL7pump,TSLvdd1pWpHVjahSpsvCXUbgwsL3JAcvokwaKt1eokM,False,436
Cd9e68vrTG7EKFAaUmfZC8gm2Q2esAyGxj1DUb5Ppump,FJUn8sgwLQVxtcKwcH6r9THThUrDztzZyg4Zo5RSyB4D,False,24601
Cdhs8mqj4FY5BAUdyGV1ixEGiY5wexH8QCn551wbpump,TSLvdd1pWpHVjahSpsvCXUbgwsL3JAcvokwaKt1eokM,False,24598
Cdr3fQiDyFyMv9psAmZUQnkw6yQ2yzTnkFToXNTtpump,7DfwP8Zkhn2ekTJTHj2eEq19Tzb8jeCAVGm5A5QK9aky,False,2001
CduQHdRkxgSN1JicYYp28BV4RQkbymVGDodjaw4epump,TSLvdd1pWpHVjahSpsvCXUbgwsL3JAcvokwaKt1eokM,False,317
CduZmDMKx8VeKYQcKeCPwH8WoQvKZmQ6acmpvkzppump,F6s13tBQBUWny35rzGv5y4miCMorWLJJ9ezKWceBFTmq,False,1
Cdv2BE1tTt3TcE39G7VK7oPpmdiBJcn5UXaVyNKSpump,TSLvdd1pWpHVjahSpsvCXUbgwsL3JAcvokwaKt1eokM,False,869
CdvkSLTZjBcZLUmVMcGd28jD4HdHk2H5LzaqQLnHpump,Bqk6kWXwVmQTjDyhqmJ3gEd2uAoF2DpGrZphJkAx6S26,False,24573
CdxpACLD8yfHVpkYAuVdXnRMbnAdDtP2qeMeJaNbpump,TSLvdd1pWpHVjahSpsvCXUbgwsL3JAcvokwaKt1eokM,False,717
Ce2svhUaR85m2juCD6UWaL9jmx7iPpXpZBwxtAoopump,TSLvdd1pWpHVjahSpsvCXUbgwsL3JAcvokwaKt1eokM,False,537
CeR9Moh5HGXR2ThTm9GMGLKBKdMr1UbJ41BjFwcYpump,TSLvdd1pWpHVjahSpsvCXUbgwsL3JAcvokwaKt1eokM,False,899
CeRM5SrWLSpytkqD8pfmJoN6Fk9rjt1kquc5qLaVpump,TSLvdd1pWpHVjahSpsvCXUbgwsL3JAcvokwaKt1eokM,False,647
CeWmkmfMWqdodyPpkbu97gncTfpRNPmfhQsEh48pump,AX7RCXmkaheZytX8M7Y24FqJUEArYAXrU3X915p5m6ue,False,24600
CefZxozhhxK88XPJoeWBczYSaBPd35tsKnziTH6Cpump,,False,1
Cf4mQePeip6ZsqZnB6KaaWCEd7s9uwzApEaBEc3bpump,TSLvdd1pWpHVjahSpsvCXUbgwsL3JAcvokwaKt1eokM,False,1
Cf756Vf8FMz5sGpbh2SZQBPYox7BRrmauX9Me6bDpump,TSLvdd1pWpHVjahSpsvCXUbgwsL3JAcvokwaKt1eokM,False,1
CfE5QjpvYcK3Cj7mHLSJMe2pJpTZW1Jq5cetxUnDpump,TSLvdd1pWpHVjahSpsvCXUbgwsL3JAcvokwaKt1eokM,False,292
CfQ7rniFanxNR69gXRcXRq98evdvWvtSEVfj1cSkpump,Ew8a1LXFTs7xY99EmEamNUy9kAhqW3fj16tKu3XV4q75,False,24598
CffQDuWG5JEiFD1noro8qMiQqBnP2H5urbueqsytpump,G2hnSxRhx1uDcw8sJFCxcWoHhuFu6mAUMKMff79i8ofk,False,1
CfncjnnDxcVGCs9afQsjJvkhd96JnE5qa5nKTBGHpump,64wmnySEQfME3FaKodd1RZWBhTHqiiW3TxXPkG9uZcqP,False,1
CfuWKwkHn1qQE18eCx6iabF9c5nxPN9v3sC1sMH3pump,TSLvdd1pWpHVjahSpsvCXUbgwsL3JAcvokwaKt1eokM,False,964
CfxH3eD5mhonuTzjf8UEGXvvQRH1u3u2zZtg3p7Kpump,AeWSi9pHGJ447EurFiqQKtCEC6ehYV4CUDwjZQt6rpn2,False,24601
Cg9BCSoYWC6W9TA9BJtBByNo5oWRLsDyJSigxcbJpump,Bb7JuS3saCtKneen4QcctHbJNAjCve75KHWFJtQmFGHE,False,24583
CgE4P7DuHyxCveixfuXbqUrC2KYLWMBwsTDPTQGspump,TSLvdd1pWpHVjahSpsvCXUbgwsL3JAcvokwaKt1eokM,False,835
CgHMVGY5M9Sq7mQSMgerpaowWzJJkcTxvHDmz3pDpump,TSLvdd1pWpHVjahSpsvCXUbgwsL3JAcvokwaKt1eokM,False,1179
CgLLkorh336M7odreKtSrYvDLuWwbvu5LJi6nFukpump,TSLvdd1pWpHVjahSpsvCXUbgwsL3JAcvokwaKt1eokM,False,306
CgMh3naYCdBoqt9yMvWirp7AwfgaM5SMn8HBNPVTpump,TSLvdd1pWpHVjahSpsvCXUbgwsL3JAcvokwaKt1eokM,False,1
CgNMpt1Q9tnsS4DAv5v6jYDG7HtvJh38yBtspB75pump,4VmwK5RBkcGynuF7k5jwp8GkWntZBEChAqfbw6WPn1bf,False,2975
CgNpVRZUreSmGBmUB4rueTtr8xRtK99BuCotWmevpump,TSLvdd1pWpHVjahSpsvCXUbgwsL3JAcvokwaKt1eokM,False,2833
CgaBF2AkhhV5oEA7bM2ffF7Hstf25e1Vw8D6tu1mpump,,False,814
CgceaqeC66NTMRReKfPxBvQdKY48qQpC7kvXFP2ipump,TSLvdd1pWpHVjahSpsvCXUbgwsL3JAcvokwaKt1eokM,False,1
CgxezHrGAp5uH11XqrkuzuhtWLb1VKvpq2XuNyrtpump,TSLvdd1pWpHVjahSpsvCXUbgwsL3JAcvokwaKt1eokM,False,809
ChFnaE9EEHZZrQF79iKAis8nWkCWqmBcNnpWQwkrpump,2swHdrDHeeKVC6ZiBNbbMBh3dywpDEALMj1aFzVKg3qi,False,24601
ChQX4wajFU13mA9AJ1t7tdwVJfyR4cnviEQautnypump,TSLvdd1pWpHVjahSpsvCXUbgwsL3JAcvokwaKt1eokM,False,1254
Chp9pGGSDAv97mdkCGC2ZMfgZYMwFJrTR4kDReTCpump,HrswvPbRf8U4ZgKM3PJHkM47NPz2PnKW47km5gnjG69q,False,1796
Ci6Y1UX8bY4jxn6YiogJmdCxFEu2jmZhCcG65PStpump,TSLvdd1pWpHVjahSpsvCXUbgwsL3JAcvokwaKt1eokM,False,1
CiKp1EYJt6npXJaFu5WUee8nY7bWEJ4MoXCw44nypump,iJLwhBNSvLiQSaFA95vFSq42BfBD3e8aqwMQ65kUJjg,False,30582
CiMnMVTMmmbo3i5HHJKWHfWFfab1GL67aFJJLSfGpump,2R8RYgC3DXGvDqiD13C8BkdBLNqHDGWdTAnbU2y6awoF,False,1
CiW5cEmgePqLECqw8SypWUMZVVj4Txvks53K14rrpump,2ybvFNNTbA8gBMWxovRRzm5GxYTaWdZQcaq9FWr2qPSw,False,1
CiWzzwJGdqfZnhPACgAstjPjkg5Q9gbQvRTXNKNopump,EWpC3e1qVKDhP3xbTMbmc5nDrT1oENoR8WUfuJbbpTWJ,False,24599
CibLKYsoX7T1ejghRUSR4nES6rVUNm7GP8PZZaF1pump,TSLvdd1pWpHVjahSpsvCXUbgwsL3JAcvokwaKt1eokM,False,24600
CimKEuqpZntruzkMhNDFcm3xC66wAu76cRpUsUpvpump,FUqsGmRDUbWAjRBudwwYc1XSAiCNt96wNs6c2J5TUJjg,False,3081
CjM3TV26tffTaTMQoaXs87ewH6H7wjGUUAuYcNR5pump,TSLvdd1pWpHVjahSpsvCXUbgwsL3JAcvokwaKt1eokM,False,290
CjbLGTG3bG48d1EfpgzYdngFJJxDBBPHVD3siCcTpump,TSLvdd1pWpHVjahSpsvCXUbgwsL3JAcvokwaKt1eokM,False,1
Cjg3ajwtQbTQm3XRkAfG9x3fr5DZEPNvyUALS4qLpump,TSLvdd1pWpHVjahSpsvCXUbgwsL3JAcvokwaKt1eokM,False,24601
CjkKBZwGSiJ9GcU8kDQ4pudMnRzAPNFjSWyVJMMfpump,TSLvdd1pWpHVjahSpsvCXUbgwsL3JAcvokwaKt1eokM,False,24601
CjnoMF25S8wCruGxaRNYV27sudY9HVJ9Ea2t4zaTpump,6NQCr9unqghaZFvts9CuXKhPeNA6RaVsgA7ZtKuSuGJg,False,26601
CjtSjyx71587hcahBrV4HBuH4kLb6zsG55kvLtnqpump,D4ErKXFNMLJ9kSnEPGAwwxbTdDb9smFy4UYXzjLdsaUm,False,25100
Ck1t6BZxAoHP4L7xvy1kvPw1ceFjnUMxwqcaBu2Qpump,TSLvdd1pWpHVjahSpsvCXUbgwsL3JAcvokwaKt1eokM,False,964
Ck1wtSv9QEUJ4YuYwUUuBgSqPELJJ2HicJ4gT4ALpump,TSLvdd1pWpHVjahSpsvCXUbgwsL3JAcvokwaKt1eokM,False,980
Ck2jGhyMC9nBPUAotGmSwfVYy5Djiet14o9yfcyCpump,TSLvdd1pWpHVjahSpsvCXUbgwsL3JAcvokwaKt1eokM,False,852
Ck5fucpgB7AGcsiXbC7YaUu5MtSnQfZU4BPq7X2ipump,TSLvdd1pWpHVjahSpsvCXUbgwsL3JAcvokwaKt1eokM,False,24601
Ck6xZ4awxaRHCgVnR8CgRMBUuZnJXJniEsze4UXupump,4wefyTpYWGMkbroo8LeRiCZmxcWVbyB1Xr3wTJpXw9gX,False,1
Ck876u4cxkfxHwKrPhJdXoECsbvMMEoP4BwkrV4qpump,TSLvdd1pWpHVjahSpsvCXUbgwsL3JAcvokwaKt1eokM,False,212
CkK5Qg5xfpK69XQDSicmiE4wPYJ4Cxy3Sbebdr9fpump,TSLvdd1pWpHVjahSpsvCXUbgwsL3JAcvokwaKt1eokM,False,1325
CkSt5FC7gE5cSYYBoLEVgMew6X2F2eDWtjmBeHGbpump,TSLvdd1pWpHVjahSpsvCXUbgwsL3JAcvokwaKt1eokM,False,861
CkXMc7jucs85oPfFsE4N51TgKWttSPuFuu6AAGZYpump,TSLvdd1pWpHVjahSpsvCXUbgwsL3JAcvokwaKt1eokM,False,441
CkcZm1DmujJGSffrAVrCP7NbniMmtYJ7ZendnJnpump,,False,927
CkeNBmbCCmGEPvZk3AR5NCv1t6j3pwmiiJWyR4kxpump,HunPqDz9EYPKhs29WPPXE1LA5PM9c8Si6SKVWx9AbnzK,False,1243
CkjNG3oL6C974LyK4ZidMtiGphFVPZdt7bETj7WEpump,TSLvdd1pWpHVjahSpsvCXUbgwsL3JAcvokwaKt1eokM,False,1092
CkmUW8Sp4PF5Gn54RUFHdyTFet53xwcyt4NV6dRhpump,JBtzKc3BPQRtBUHTgSb8DzyPQx7MyMc1Jt85L2wKuphY,False,1183
CkuMHK2YNntSmFCQbr9thJD1778XXkuag8eRs3Jwpump,4NfDfwBp3JkNLZUZm7c69V8uXpWVNYAHUCNsQt8wxac3,False,928
CkwV1ZG7YrjhtfrywGTR8ukxHdqqiXPGQj3qA3xEpump,TSLvdd1pWpHVjahSpsvCXUbgwsL3JAcvokwaKt1eokM,False,1
CkzoigMcee2xRCJgpHcPSCt9HzHeKeg4dwPEzFDxpump,6CdFiQPsjgN7ECT5vzGKeYUGmhHaxfcwgeoD9TKBmTD9,False,24562
CmLfUYD69N4cdthVJBAcojPhZvFTwEz3Xo2TuBzLpump,TSLvdd1pWpHVjahSpsvCXUbgwsL3JAcvokwaKt1eokM,False,1
CmMuw76YWxgyBtbs35tPMAAQKh3gMbG2abdDAZktpump,TSLvdd1pWpHVjahSpsvCXUbgwsL3JAcvokwaKt1eokM,False,1043
CmNRBmtupiqJKxBcTcpLtvBewxPf5D93uEwQnDkCpump,9TR42W4yZu9NFC4ChgF2vm1THAGmSngXEL1AQrL1uPpV,False,32984
CmWz4FHroSbAR9HfogF2U2fvrQS1c65X7Ackqttrpump,GQVp6iKzwuDhbyLhrXRuRemSS4W33uYqP2gPzBAziB58,False,24601
CnDRaZZYXc5Y6vQ4PC5xu4qndGrLFH4wkcJUrZ2kpump,TSLvdd1pWpHVjahSpsvCXUbgwsL3JAcvokwaKt1eokM,False,1104
CnERJqb1Sa6XgbRrFjExyfDqWaC25k9mu9LJcJScpump,BBGGo1ShrsvtPeCjhzq8VsU5btcWPv6coXkxT75WaX4r,False,474
CnGb7hJsGdsFyQP2uXNWrUgT5K1tovBA3mNnUZcTpump,7irDRXCsfhhbYydWQGKtytRTaqvcxde4TjEVkoaAx3XM,False,1
CnQvzUsEtP2jYCFLo3xHP3MtdjeJjwv4SAcWrNeFpump,8gM4gnxdLdkvifM9TCwkGAxrnNw4NiSiHbAdE1RqY96e,False,1
CniH76w462A1b7Umjk75sCG1fE4jt24nV2qrKZwRpump,TSLvdd1pWpHVjahSpsvCXUbgwsL3JAcvokwaKt1eokM,False,24600
Cnq1JTo9MAbX2EnNtgQ75RpvrJQ7d843MnNtotoTpump,GztrbtDqfc3MSiZCUjDJPjiereNFB4NPhCDWE1duUbFt,False,1
CnsuL8w7WJzfzBUqbkUqQpmLdEr9yLpY1BZ62X9xpump,AEJM1zwZRiFtTm1iXfm6YRUTGxfL8DdDPc6EqXwiYfXQ,False,24601
CntSSr1NQ66gktDhatjrW3LwJs3J82pKNXmJXjAhpump,TSLvdd1pWpHVjahSpsvCXUbgwsL3JAcvokwaKt1eokM,False,1153
CoFzMg1MSXpuXm1mAjVpq9nXeovwu4DSn4HZzoK6pump,TSLvdd1pWpHVjahSpsvCXUbgwsL3JAcvokwaKt1eokM,False,988
CoHKSArBifzEuXQ9y1uCxSKDbQUNTUApohFhWaCbpump,5XajXb2DLgn5F88vQAN1X34vXSP2AjvDHeAP85t3r48u,False,24601
CoLRYWvrdtrFwwXJuTBRbUUhbubDvUbNeFwbNpeepump,2KaDzVmHsSG42GTbQPU2eMAj9rkxveMmhRfD1sf8CVgX,False,24599
CoS5LWSuKjzBJGnpT5cjX63mFe3v26PRVwJV3UVHpump,TSLvdd1pWpHVjahSpsvCXUbgwsL3JAcvokwaKt1eokM,False,508
CoVHTmy5SrNbu4tG25qHPKk6FXJR11BqqZ3Nhd21pump,TSLvdd1pWpHVjahSpsvCXUbgwsL3JAcvokwaKt1eokM,False,1
CobAcxoJaEwmuUf1gymwzThP15XPVAWpnE147Prmpump,GXc1DSbTsXAFL9JZuPnAbitWgQsxVU86FPZv7RwCyYdh,False,1
CodRDaPjZUait5BHPGWC48zF1NxizZ4A2PXHFvKypump,TSLvdd1pWpHVjahSpsvCXUbgwsL3JAcvokwaKt1eokM,False,585
CovcDCLajoWWvQvK8MdYKGYTz2UxS5X6Em3irqKkpump,TSLvdd1pWpHVjahSpsvCXUbgwsL3JAcvokwaKt1eokM,False,610
CoxDPhWErEUtG6eQxCj49cRfE9VA7kAjrMwxfPBcpump,TSLvdd1pWpHVjahSpsvCXUbgwsL3JAcvokwaKt1eokM,False,501
CoydDvTvMnNeK4r4FqUCL1zjLHNY3YFNx5AQ3ny3pump,TSLvdd1pWpHVjahSpsvCXUbgwsL3JAcvokwaKt1eokM,False,1
CoyryJ266kdZvgtHSwzjHKs2F16X491muo4ndxBqpump,TSLvdd1pWpHVjahSpsvCXUbgwsL3JAcvokwaKt1eokM,False,1231
Cp9r5r15QuwzwHt3EEr4mnYkgZdigs2sNPnTPdERpump,TSLvdd1pWpHVjahSpsvCXUbgwsL3JAcvokwaKt1eokM,False,24600
CpBPwzDsUPKdGngBnMGMeRwpKVv3Hi9K6MPipTDtpump,TSLvdd1pWpHVjahSpsvCXUbgwsL3JAcvokwaKt1eokM,False,917
CpDpxJbe14gRruWMqbesDmSm3bmbiEoPbUjncprNpump,2egmzVnVsmHDmS72VzQthAwUYy6EqyvoXpQPqnWZCCk6,False,1
CpMTAqyMP4F3ybDsMFfQm5MqLr8uraF6e1E19BmUpump,TSLvdd1pWpHVjahSpsvCXUbgwsL3JAcvokwaKt1eokM,False,1289
CpQhMuJgDKgJu5KjviQQ6UDxZipxwtjLkMj8ib9gpump,TSLvdd1pWpHVjahSpsvCXUbgwsL3JAcvokwaKt1eokM,False,24592
CpfJLrcKurohU6C8t9TxkpbFtFohja2YKGfjwpzXpump,,False,479
Cpr4TaJqQfM82hFNH93GLpHNBF6vcsw9xq4L9SGLpump,TSLvdd1pWpHVjahSpsvCXUbgwsL3JAcvokwaKt1eokM,False,14500
CpygZ7uV6Nqr9QfTxQhF4tfmxMZ9Vs9EynqE6oDwpump,TSLvdd1pWpHVjahSpsvCXUbgwsL3JAcvokwaKt1eokM,False,1
Cq16t8jRSxtQDcPyANothLYemBDkN6SVKjqSDZ99pump,,False,1
Cq7FHAoySqFitw6GpT51173Wu1EPU7Q8Aa8WTY3spump,5snb9Kr4zacskXrTf7UTe4qcKeatSnTzFcfzHabEnVCG,False,9994
Cq7sgzwy4wop3qQUJRpRxfJuFvZmUF1EZ8XZp61ypump,CBaV8pxy1zdzqkwwxZemRHN625un8qNcFrft2E93Awpc,False,1
CqGDQdHr8sH5UZbwiBqoTCsQrhPMmURWH5JQMyuMpump,TSLvdd1pWpHVjahSpsvCXUbgwsL3JAcvokwaKt1eokM,False,1289
CqYeGYDePJxpWrmt6udvrH13Pf7WuP5Dh6Dycg3vpump,TSLvdd1pWpHVjahSpsvCXUbgwsL3JAcvokwaKt1eokM,False,564
CqkuYbmExfNPErqmzJ986PJtEydnK7xp8KmnFnwJpump,HdQF8oWfg6HQc6cqZKhQgGuqv5hBBz3VccD4pn6K5pVx,False,558
CqpmoKZMje9irc3FVwJ2kAZvHBneCUEUaVaJ2VRqpump,5D4rwAWsJ9N1Xh5JUpnrwtPDx78Ar37EFG1rGcyyMznX,False,26601
Cqy3AkBqP866vkw7p7ioK6h6VTfQT6tFUW1dzUezpump,TSLvdd1pWpHVjahSpsvCXUbgwsL3JAcvokwaKt1eokM,False,1
CqzRDXBtCe4WFbkrcPnPfvgrSxW3B8fHjm4tttgvpump,G9mvcwjeFht1yyzADbrpZ3Uwok37QwR9M3JqUwWLzcxz,False,24600
Cr2xFEcwP8xGn8UmBBSUL5gz24Uvj34F2a9Y13YPpump,BF8iPepzocDbVFmLWGBtcxZeJv5VbTJmGnrXwpDS8hku,False,1
CrCP6NDVjQhZJ46zMJzWdbw7cKZijtk9XZJfe7DHpump,TSLvdd1pWpHVjahSpsvCXUbgwsL3JAcvokwaKt1eokM,False,153
CrWCcC2k83YWj3j5cuPmQrNDvyRKaZG743ddBKHFpump,TSLvdd1pWpHVjahSpsvCXUbgwsL3JAcvokwaKt1eokM,False,1239
Cs1trGdJmdJLYVc5svdSZ1nuVZ159uf5tNTH87Bgpump,TSLvdd1pWpHVjahSpsvCXUbgwsL3JAcvokwaKt1eokM,False,1
Cs2ERueuYaRXUJxYHbGaFRH1uoiMnubyad1vUcvppump,,False,891
Cs3MjduEWiCoCemQbw5UogtbmajLXTSGn43yNRqYpump,TSLvdd1pWpHVjahSpsvCXUbgwsL3JAcvokwaKt1eokM,False,1068
CsKAwCzTCB4RSEuKNVXnJdchK8779KWm458Af78Hpump,TSLvdd1pWpHVjahSpsvCXUbgwsL3JAcvokwaKt1eokM,False,547
CsVQzsVzgneS8GGDM1bNfWw5Lg1Z1FjVKstwbBdapump,5FLVHVFbmZRna8TrSZ2x91PgaHhtuhAye8aJzTgaAeS2,False,25101
Csxittekuk8pssDs3AHTx24f8zjywrRb9o8jPixdpump,TSLvdd1pWpHVjahSpsvCXUbgwsL3JAcvokwaKt1eokM,False,1204
Ct7P7cgCAYJta1MeT1GNsp4jZyJ4THmpP7Hn5ZN8pump,TSLvdd1pWpHVjahSpsvCXUbgwsL3JAcvokwaKt1eokM,False,2932
CtWcV2KoinZvmBGSVtjhrHhBPjdNjXYaU2QzTmwwpump,TSLvdd1pWpHVjahSpsvCXUbgwsL3JAcvokwaKt1eokM,False,228
Ctdkcb3qVuPkrKmZLfZspuQ8XnN83ahC4WjVQfAypump,TSLvdd1pWpHVjahSpsvCXUbgwsL3JAcvokwaKt1eokM,False,24601
CtomcyTbp6RisYwh2YCbJmsedh4MMRmLzVv53u2kpump,52mXWzgdyhTYx5nBPxZEDCUn8RP6oPszZNrtBRiYAsJs,False,117601
CtsoHbz3Png1CF6joKDpF9mkU1CcNtz7rPQGiPN4pump,TSLvdd1pWpHVjahSpsvCXUbgwsL3JAcvokwaKt1eokM,False,1
CuKZsHkT8ACY6F34aHPZyTLKcMzDHcnKQsHmPT7tpump,TSLvdd1pWpHVjahSpsvCXUbgwsL3JAcvokwaKt1eokM,False,865
CuvmJM51zPQ9pEBVFF2xWqaBvwXCJGMc6foKU6cHpump,3x45SHTnpcNRaFfmEqFCscaC77dpkK1FytCryZfZqpmE,False,24601
Cv4GSCoCeGf36HcpuSkeaqWHNGFbSASGrF2T2T4Xpump,TSLvdd1pWpHVjahSpsvCXUbgwsL3JAcvokwaKt1eokM,False,24599
CvARs26ujuCphpnFQZ1Lxsk5R6YaHZ5uKUJoRnoLpump,TSLvdd1pWpHVjahSpsvCXUbgwsL3JAcvokwaKt1eokM,False,104
CvBBZMR2CJXa4k9oWjA4d9B3zsLvM7Z33HHd8uY2pump,TSLvdd1pWpHVjahSpsvCXUbgwsL3JAcvokwaKt1eokM,False,550
CvLmRUjfhWgdSAu8Uceo9HjfJod7LSwTKg78YSTMpump,,False,1
CvM4hkeWFY7h5BYqeo7HvyKwi9qi8KqVipv41ieopump,TSLvdd1pWpHVjahSpsvCXUbgwsL3JAcvokwaKt1eokM,False,1
CvV21JnmN1CMT8iaJoFWGuzzqsEwqY8k1SRNFYM9pump,2ortTSHxJPCKDMnVRct5KwrUj6YDVBSGcTH5xu1s3Vce,False,24601
CvYLrPvvD8axycYBPDntKiSBA4L842tTpazn97tgpump,6oABnktxmqBX7S3aF64nzD3zYj7Dt6bjYDt8xTwYj6oY,False,24601
CvaDW3AKURbkKFSZ9UCrNCvRgoLAPFfAVShxVpd3pump,TSLvdd1pWpHVjahSpsvCXUbgwsL3JAcvokwaKt1eokM,False,1143
CvdUQhYJALYCSDZWHBXgb6EYpDJvvBvqpcHGSoCepump,TSLvdd1pWpHVjahSpsvCXUbgwsL3JAcvokwaKt1eokM,False,24600
CvhPDoYtaYnuKCNMXJLpazuc4X3Vx76MASdpgBtUpump,TSLvdd1pWpHVjahSpsvCXUbgwsL3JAcvokwaKt1eokM,False,1111
Cvw3bsgb4FM2gNX45kBaxxuYT1xWEwjwiki7wvexpump,,False,754
Cw3MfSfKksX1DZr98XuWgcZMfQvuSr7QSWiVw9WFpump,TSLvdd1pWpHVjahSpsvCXUbgwsL3JAcvokwaKt1eokM,False,485
Cwa6QNeNP2Qh7zR34hdzJdgtDDmaD2Y96m7c9HBdpump,TSLvdd1pWpHVjahSpsvCXUbgwsL3JAcvokwaKt1eokM,False,2001
CwdjzK3XhAubTKrT2RrxNg3nWQcVNg3QUZgYoEdipump,TSLvdd1pWpHVjahSpsvCXUbgwsL3JAcvokwaKt1eokM,False,471
CwkGxm8n8r9C8LMfcHxpqcFFXuzfchZQPW9hTMU6pump,8RRrWRzgwUwSqxidy1MhjYbpyTfXYYVa1Xvj5fqkvXzN,False,1
Cwo338vu4cxiep1Rsd1aCuE4tTuWTwaUXkzGBpbpump,TSLvdd1pWpHVjahSpsvCXUbgwsL3JAcvokwaKt1eokM,False,788
CwoevCMPLMWpeBBAajujSFVYLAotsrZVWJTjmw2tpump,4H1DbTWnHPNQ9nNvdf2Qgqo4b3VST2NH6YWQCdkeUgFB,False,24600
Cx1P22Km6AGXCzXXZBGmUJ1L1bUZBJ8niE71zvJdpump,TSLvdd1pWpHVjahSpsvCXUbgwsL3JAcvokwaKt1eokM,False,455
CxAVQDKrGFpBbUmeCtrFwGhMeQWEQr18fgxrbZCBpump,TSLvdd1pWpHVjahSpsvCXUbgwsL3JAcvokwaKt1eokM,False,24601
CxJLgYnPZ6J3dbHtrmJ1rT2CbeGynJtB5ETcsLvpump,8UjLmjeg9xARoZ2BqAcFVG4jgURwSZPdFiSdYVNuefD7,False,24601
CxcUKZLneM34Cs8AApxsLJoM2kT6DtgLnYayYzdEpump,TSLvdd1pWpHVjahSpsvCXUbgwsL3JAcvokwaKt1eokM,False,1242
CxdUMyq6Zyynetex6LdyWdJrMqrPk6hzmJWfTRcqpump,GT23bAQYBhDhQ6Dxtij8Q1LsttJBPsun3R7Rq78YF12v,False,24601
CxjRs6uJzJJUgujH6KUERHTjXoJ8gcmzS3YEoGuTpump,TSLvdd1pWpHVjahSpsvCXUbgwsL3JAcvokwaKt1eokM,False,24599
CxpaEh1wdkgkEc8W5QXNpJkwJLVrwy5hYyTBK6mcpump,TSLvdd1pWpHVjahSpsvCXUbgwsL3JAcvokwaKt1eokM,False,24601
CxtXnjRYxQPKWwDeWhDgFuMY562gLP2Jp5WoMeZZpump,TSLvdd1pWpHVjahSpsvCXUbgwsL3JAcvokwaKt1eokM,False,1
Cy4DSbZW4CE6cG6HDqQFhXxpHTdm41SY9hBB1JG6pump,TSLvdd1pWpHVjahSpsvCXUbgwsL3JAcvokwaKt1eokM,False,1
CyDibcgGPpjqKBYtxxMnYKfHwiec2MonigBzjsGqpump,TSLvdd1pWpHVjahSpsvCXUbgwsL3JAcvokwaKt1eokM,False,1
CyPCGymYAEdRNZ28ezQCVyAkyB6C3skfL571FTi2pump,TSLvdd1pWpHVjahSpsvCXUbgwsL3JAcvokwaKt1eokM,False,1
CymAEsmuXuGKStpYtdWfEeUn48cFm9QWKMnhKm8ipump,TSLvdd1pWpHVjahSpsvCXUbgwsL3JAcvokwaKt1eokM,False,795
CzFjtyyTucuL4ijGvNvwnd7svmJzQyxdkCxPYbKbpump,TSLvdd1pWpHVjahSpsvCXUbgwsL3JAcvokwaKt1eokM,False,202
CzLSujWBLFsSjncfkh59rUFqvafWcY5tzedWJSuypump,TSLvdd1pWpHVjahSpsvCXUbgwsL3JAcvokwaKt1eokM,False,1
CzNeHKSn1JKpVRsU78HBFxHzqKmbHmtjxe5qr47Epump,HA3bnBGLSphRsctkUH5Q9f6fZaWJkCecYzmTXEVvZPNa,False,1337
CzQes1BCyevt5b6Ye4nEEuvEqEMCFFoJJKmnqEzBpump,TSLvdd1pWpHVjahSpsvCXUbgwsL3JAcvokwaKt1eokM,False,854
CzZERqaniBNkqfJTvNM4TFe1z5SnKjBkc4n2ePZMpump,TSLvdd1pWpHVjahSpsvCXUbgwsL3JAcvokwaKt1eokM,False,1281
D13cdwBqjRY9Y3eKuvCFbt69g24w872WLko6FGdopump,,False,1235
D174YFRH2MTVoc15jrwoXCV6v7SMC5JknkVczc4upump,TSLvdd1pWpHVjahSpsvCXUbgwsL3JAcvokwaKt1eokM,False,1115
D1FiLmFNps3ggAZ8fxgWejJt3ooUQnXDGveqLBYTpump,D1Y2c3uyBauK6b9j8wPSNM8tFdU821kgj2sjqkCcKizR,False,891
D1NeXPou7if1hgdhwt29sZdDdRPApJKaB34QxJqZpump,8eAm3ZKwN8W9QpbZCm2KLrJL7S7HgHAuvLC5FvzvB9mg,False,24599
D1NuwvG2rtM5Z7bCSsVemiMD2Kiz5jcrhF6qUjeFpump,TSLvdd1pWpHVjahSpsvCXUbgwsL3JAcvokwaKt1eokM,False,331
D1mrK23SqxJQi9ZYpRhnzK9F2PjFN1PmPGvC627Qpump,EnC5bXQtmpDrURjt5xr1zxBchpbNfEmVnodqjVxZ8oAX,False,24601
D1nj2nyuVLHtL1Fd96hXzhUgaet9c9LTvXRs7E2Rpump,TSLvdd1pWpHVjahSpsvCXUbgwsL3JAcvokwaKt1eokM,False,669
D1rUsesmhqyS53mg9kqM79cB8PxBZ6b14Ce63iVdpump,AknpQHyqgdjEzSc85Ee3xuMFkAbDyiYNkEMVZgigJ6w5,False,1
D22J2Sdi8UjDwD13emMgXmbVg4kwdPCC6RsVt4gopump,618Ly3PhKJ86MiE4TP5t72oBtPaFgXjZDjB6i3BkRK1f,False,24601
D25BsvGPRaVNmPzucyAmt1YzE4R55m3ci1DVa9Ywpump,TSLvdd1pWpHVjahSpsvCXUbgwsL3JAcvokwaKt1eokM,False,1272
D29DeYpFHBH9d95WusxPnbUoAdkfcNBz1fjh2ogBpump,TSLvdd1pWpHVjahSpsvCXUbgwsL3JAcvokwaKt1eokM,False,595
D2G8xFQ8qPqAJNTRtpwtZ1ZMH69xtytPnpuAmGUGpump,TSLvdd1pWpHVjahSpsvCXUbgwsL3JAcvokwaKt1eokM,False,1
D2LfaZsu4f8vdW1ZbKNPNq6MM3v5Rw9PU39cXoVspump,TSLvdd1pWpHVjahSpsvCXUbgwsL3JAcvokwaKt1eokM,False,747
D2WgVsM5YycKd9w8oxf7zCDvwYCcYCvhmuj29SWgpump,TSLvdd1pWpHVjahSpsvCXUbgwsL3JAcvokwaKt1eokM,False,883
D2aqQGW8Wkmh46rCkxBJeyiTgR29B2EUftpGRB8ipump,TSLvdd1pWpHVjahSpsvCXUbgwsL3JAcvokwaKt1eokM,False,3056
D2fBhwigTe4yzMwWuAQNN2recggzbSf3SjZmSGdYpump,,False,1
D2kES6c6T5BuiVmVN1WZ8YTbMjtGSUDTv8r8zypTpump,TSLvdd1pWpHVjahSpsvCXUbgwsL3JAcvokwaKt1eokM,False,24601
D2zyoRc3gJxvP2JKaFNHcB4Uhi43YnvV9heBGU1pump,TSLvdd1pWpHVjahSpsvCXUbgwsL3JAcvokwaKt1eokM,False,341
D33SPBDgfrYFYaSKNRzPhh2ULMRBGEyzSgEv7dsapump,41NixVkJj2zmVftj23ckKC8CfQu8yghmBuQapDXhcLxo,False,1
D3K3ejgSVxfEuEsSCiJMJz8mx6osQfriMZDmomBRpump,TSLvdd1pWpHVjahSpsvCXUbgwsL3JAcvokwaKt1eokM,False,1
D3MnPf7WxkJUwNWH1j5gwTjDPL3QTEJTS897mACXpump,TSLvdd1pWpHVjahSpsvCXUbgwsL3JAcvokwaKt1eokM,False,1319
D3XMofqHGTz3zYqbtg5dyAPazGdQGJvPUJdhRpmcpump,4Mvd9ewd3kfU4dRMuuWt9YxUWf519YdSkLrQvFZq7HWq,False,1
D3ogxATknBx1zJae3uvYKk5NHF8RgbNSQiUUDfXppump,TSLvdd1pWpHVjahSpsvCXUbgwsL3JAcvokwaKt1eokM,False,36039
D3sjstAjtDTWwovWnUXZvcjs5iuhQVDRE1vvsZLfpump,TSLvdd1pWpHVjahSpsvCXUbgwsL3JAcvokwaKt1eokM,False,540
D3t8GGFoqS1GnaRumYdpAQUDqjKbHVKottuRUq37pump,TSLvdd1pWpHVjahSpsvCXUbgwsL3JAcvokwaKt1eokM,False,349
D4N5vcpdxysThXZqT1VEJYcQzvp59Eff4fHQvbL9pump,TSLvdd1pWpHVjahSpsvCXUbgwsL3JAcvokwaKt1eokM,False,706
D4UgoxTmfPwMbXMnXP314P6vAteRUqKJpkDdCxiEpump,TSLvdd1pWpHVjahSpsvCXUbgwsL3JAcvokwaKt1eokM,False,24601
D4VkrKjuuKD84ot64WaVkDfVjpHrGbfxCs3ocXDgpump,TSLvdd1pWpHVjahSpsvCXUbgwsL3JAcvokwaKt1eokM,False,1093
D4cDRzgSm78vu3sMJfmBW9RC2WmLH7LWUwGmgV8Rpump,H8fcxtCzk76pA7Rnu5w38jW91bHGKa5rM9HS7q9GEpvG,False,466
D4fvk5SpCAFMkqdxWqPQcMoQT18KUxsm4f24QpgJpump,TSLvdd1pWpHVjahSpsvCXUbgwsL3JAcvokwaKt1eokM,False,24601
D57CP6MA7G5idNmxAuigU6W8uPeiGvDVuuwh4z2ypump,TSLvdd1pWpHVjahSpsvCXUbgwsL3JAcvokwaKt1eokM,False,1
D5BD9DGd95cqop5MV1Ph5v24MLTSB26RYcwUizSpump,TSLvdd1pWpHVjahSpsvCXUbgwsL3JAcvokwaKt1eokM,False,577
D5S1nXXaMnJui8rCnMbP1GZQnL9TxzbF92hXvgkVpump,TSLvdd1pWpHVjahSpsvCXUbgwsL3JAcvokwaKt1eokM,False,1
D5YZ4YCVr2d2WDducbrXfeeaDqU5b3FwKqP7WSTzpump,TSLvdd1pWpHVjahSpsvCXUbgwsL3JAcvokwaKt1eokM,False,925
D5eRgzMxS98wX8HE2sag8umRixzHuBUaAyWbKnnqpump,TSLvdd1pWpHVjahSpsvCXUbgwsL3JAcvokwaKt1eokM,False,1
D5hJ3wEricZSM3kEGpCbWviQmk1CrPYhsvtLuqt5pump,TSLvdd1pWpHVjahSpsvCXUbgwsL3JAcvokwaKt1eokM,False,435
D5i9Tm8hUQPwBL7g5gzeqXeGdCSbBRgwVbWvK7f3pump,TSLvdd1pWpHVjahSpsvCXUbgwsL3JAcvokwaKt1eokM,False,243
D5jxER1eH1ucU4Uhxi9QRuuCsPvsjKT7CaodddqCpump,DmjyddJ62g1ymDKagbgWqThnHk96tmbkx2NLQriUSxaF,False,24601
D5uvk8nRxnNBkdc5UPYEVdhMbANVoJojUH6Fns3mpump,TSLvdd1pWpHVjahSpsvCXUbgwsL3JAcvokwaKt1eokM,False,882
D5ynAEUcd8TK8c6DcbN6A9oC1uGhCjgsUqKxWNHApump,2155KkoC5Xz7ukiK4Ewg1wqbfoTGwkVebZkJLVVK9E6k,False,24601
D64iG9igR1v1eUFfW6WeQSRZRGTPffy3ZV9BW4JUpump,TSLvdd1pWpHVjahSpsvCXUbgwsL3JAcvokwaKt1eokM,False,602
D6aKyjUrKY1ycj4S66KptiRD1K4wEQDyaPZ5K3v6pump,8ykus1pZ6P6xWgHDCA4GT3yWfMe4pzKJbXBY1B1ysrGu,False,24601
D6fHgvxGMHvHvfLsLXNdN3R4XzMqxNbgKFsjf5umpump,AFrMCCqUiYPzMYgvSF1faHGnybidBWFVtQ17tXzHwpW9,False,24601
D6pLS898SHobDUgbuvpKpyA9u14WT31BiAegLaAJpump,TSLvdd1pWpHVjahSpsvCXUbgwsL3JAcvokwaKt1eokM,False,734
D6vHQDZKJunHA3NZtkpc4HMHKdUo8U9Ktgeorta3pump,TSLvdd1pWpHVjahSpsvCXUbgwsL3JAcvokwaKt1eokM,False,700
D6wDteUbVZptCvhay3ch4iqqKCNvrN4eNPNUZRp6pump,TSLvdd1pWpHVjahSpsvCXUbgwsL3JAcvokwaKt1eokM,False,14500
D78HeoYCwchhmx2Hoo5nkyMo3BCX1saoJy32sYipump,EsjQn1EKCShmHPSDFvi1t3tJb7Ek7jwscP8yyvYyZpfu,False,29563
D7CVNcyArctAdZNaer3J9fsVKV55tZbHZNrNhTCYpump,TSLvdd1pWpHVjahSpsvCXUbgwsL3JAcvokwaKt1eokM,False,387
D7DQbv4jU5wC5qHozTJ3bFSMFC9ZYsVZRGK9cftpump,GPhds1yZa2kRtDT93FzVcy3YK4bMXrbBmt6YuHMg6dMs,False,24601
D7MWcrgfDELBM6rJW2bkwEqKrGbiSRdASUJ8epj4pump,TSLvdd1pWpHVjahSpsvCXUbgwsL3JAcvokwaKt1eokM,False,1214
D7N11PaPjP2bSJRaw9h9Hd4r4fkyPnvNxSeJP78ipump,TSLvdd1pWpHVjahSpsvCXUbgwsL3JAcvokwaKt1eokM,False,568
D7UnXhhaxxX41GgmEmFuKDGwMo2AueJ3eXoHHof1pump,TSLvdd1pWpHVjahSpsvCXUbgwsL3JAcvokwaKt1eokM,False,695
D7bJVzsQ1qrqHME6R4tTh7wDJ8oW7tNDRH6iWcZWpump,TSLvdd1pWpHVjahSpsvCXUbgwsL3JAcvokwaKt1eokM,False,869
D7chaSQQUes2GfB6mj6jXRfMd3UMHoa3PzvvsPBNpump,TSLvdd1pWpHVjahSpsvCXUbgwsL3JAcvokwaKt1eokM,False,18
D7g5upY7socizqFA4d7hYHNF5PTaHutyyPnn7Xb3pump,TSLvdd1pWpHVjahSpsvCXUbgwsL3JAcvokwaKt1eokM,False,643
D7tMcvyAGthKzFHk8E9gMTWwSRFB816HF2zckyMPpump,5MUU5TFjxib5GnPv6CE6v1SUACcuxWjoeyTae5KFVKVZ,False,24601
D8HKEZphiQdxtAqmZT8dGwkKdkJBShredtCTf2dBpump,TSLvdd1pWpHVjahSpsvCXUbgwsL3JAcvokwaKt1eokM,False,457
D8Ju97fPab1DNDnJ6Ajq34hNhTYoFuRNZezKFo3bpump,,False,930
D8LaLJ9imyMJrXzUgMZD3aT2K3J7QKAiCY6c7EqLpump,TSLvdd1pWpHVjahSpsvCXUbgwsL3JAcvokwaKt1eokM,False,1
D8SArKUu3CaDWuWDkFB74AC2tkgqnfZD3LG2HvGhpump,CzGFweEeXkNWhsVG8vB8MULGbe8H8jWDfeZhf9ZwphX1,False,2001
D8TNDi8er4Psm8Z31SEm5yFmmiHMMdguUSLohN1Gpump,TSLvdd1pWpHVjahSpsvCXUbgwsL3JAcvokwaKt1eokM,False,454
D8Uf5HeqqJDACDSdrVTq262UDHZUppEjFEGsBXxppump,TSLvdd1pWpHVjahSpsvCXUbgwsL3JAcvokwaKt1eokM,False,1114
D8UsMeRt3Lc5vsA16DyNmQdo1wcRu8H1i4gvgkjBpump,,False,24350
D8bfoZyXETUA4viCTww9zMa5NDUJJXYuCaJUDN5npump,TSLvdd1pWpHVjahSpsvCXUbgwsL3JAcvokwaKt1eokM,False,12
D8kgv5BRyfxUgTJGhkPJcw1Neo1eaneENC5XxC99pump,TSLvdd1pWpHVjahSpsvCXUbgwsL3JAcvokwaKt1eokM,False,1
D92gs4FzAKarcQtmA1Y1Kmitp6AqikwA79NdBY3fpump,HSdDvkoRnGjcboay8zBNjjHW4C9J88gjSQZnjJAkPbLj,False,185
D92hHTHhUCxmHZJgsdw8PksmrhSa6uaPhTHq37erpump,TSLvdd1pWpHVjahSpsvCXUbgwsL3JAcvokwaKt1eokM,False,1063
D9G1vBB5ip9uq3bxsQs1ikZNMj6HVahhfqhys3a7pump,BytH41b28StC886VL9WD3m431VFcofr6pR27khtyixHw,False,1
D9NZacLrBFMg4eRMoQvxY5Xooen5hH1V2x3kDH4ipump,TSLvdd1pWpHVjahSpsvCXUbgwsL3JAcvokwaKt1eokM,False,1234
D9mHMRnDPuVKE6rfMAaDY4go5SvhzQyGzmqsy1zbpump,TSLvdd1pWpHVjahSpsvCXUbgwsL3JAcvokwaKt1eokM,False,24600
D9sK3TMCBv1X8RdU4fCnkubNfJHiVE38v7JvJHMppump,DZuys2hm6CSPhSyeJRbC6Qv1YxysR9xmSehyAscia928,False,26601
D9wcFuQJ77VJFh6HuePLvHg8ZMPuvfAoYnXfp6TKpump,3uihSD95EBDaFbsgtU17nVbHyZhSUkdbgcQW3HG7eU55,False,24601
D9y1Na6HJ6if729tyKngc21FKurRaEfcPVswgwvCpump,,False,24601
DAFdakKAEvB6GtJgnDk1LC1QK4gQrtTK3eKUZtAJpump,4GfFq6LHCXMvEu2jpzosyJAkpsQzsymLhTDQMny7Ke87,False,1
DAGSe6vgNDw3n3aHmd38AtePooK475FA3YnsuCN5pump,TSLvdd1pWpHVjahSpsvCXUbgwsL3JAcvokwaKt1eokM,False,1
DAGnwe6AJykNPENi56csn8xXzF3BPTufJE8GHTUcpump,Cq8PzZNyXyc1qbNkvbRjYKxjRCg1AvXW1yW8JFcq4eTT,False,1
DAKmzcYhjXMHabqNdP65Ahzv3wJtvVqNcBXz8AKhpump,6uVG4RF5ztDFNKUXkZmLBDTFB1moF8V1eMnaQELsjC9x,False,15770
DAKoSM5aV8HfBuo2FQfAhYduq8vUxJkKUDcHMXcnpump,GZVSEAajExLJEvACHHQcujBw7nJq98GWUEZtood9LM9b,False,24601
DAcksPiuhqiYyC6iUesbiYXePRtdSAvNctDDR7fRpump,8ZBthcveCCKsVaAoCxU5XLdQVUidiCWUJpAm5Zwqm8dW,False,1
DAmKsUs98GCeTGyEarKLKG27dKHBKEZAbN1NydPApump,TSLvdd1pWpHVjahSpsvCXUbgwsL3JAcvokwaKt1eokM,False,274
DAqbhuurcghayj6CZHmdPyDsiyTiyS72ei73VUdgpump,TSLvdd1pWpHVjahSpsvCXUbgwsL3JAcvokwaKt1eokM,False,885
DAvq6Hegfez2XFPU6n4pCVUBP51ypUXwVnRmx9ZFpump,CYve5xZd2AUj1xBEWJnt9Swcm2oUAAitUrdtCtPy5xa1,False,24601
DB3jJiH6h4DUYf7NXVocA8mqrxhb19V79wnAkDxNpump,9APow868ncxUVT6kVVKudUwNgHhodkG9FFZjGHxuBXUV,False,2001
DB4aNrmNiNeSVeCwRKaAM9NxpWdPvm9TXUW8nsAgpump,TSLvdd1pWpHVjahSpsvCXUbgwsL3JAcvokwaKt1eokM,False,608
DBBNhs2pzSHcjDfMkn7sdY4WVVetDESVgo2PRjiwpump,,False,1
DBMb3qbvmB4YWkjGkhFPWNtsH81vo489fwnqoY4Mpump,TSLvdd1pWpHVjahSpsvCXUbgwsL3JAcvokwaKt1eokM,False,987
DCEZEZfpKwbkKhywiPV3qajmgvVFuGyuuK2z3HRopump,4ne5QfHivuiitANwWuAdKRWsDuwAFBQb7HaoxAt2ad69,False,24601
DCXCz9JRkKCCxU3YpkhGiCjNXd7uBVLHK1YBmHdepump,,False,961
DCaQQcjAH46BCWhtZoUyh5opEVHeVkRocdxsCSw9pump,TSLvdd1pWpHVjahSpsvCXUbgwsL3JAcvokwaKt1eokM,False,595
DCmgqQH6V6AzMKTre5DSsvxckLnGYJqHr3UMJN8Rpump,J4J5zBp4RuNZCRzmR8GA4qmAxzumnWqtJVpRYH3hyGdm,False,24601
DCytmrbDe7fp5WzgXwMZ5KZBsBhSysx5daKKbmypump,4urbCGFgBUzomJZBMpgmMMHYVguduMdSQbBdVKQ62StB,False,335
DCzNb9o99hfaFaKZzZnuC8VP2N2Ebta1Zr9gk1gHpump,TSLvdd1pWpHVjahSpsvCXUbgwsL3JAcvokwaKt1eokM,False,14500
DD2KWzdTf7SNVQi9JvzdwquWEqL361xaSeK855ZBpump,TSLvdd1pWpHVjahSpsvCXUbgwsL3JAcvokwaKt1eokM,False,1038
DDAWb5ybq4TmCTGanLpxFHYRjmbxSFqGLFsm3gVGpump,TSLvdd1pWpHVjahSpsvCXUbgwsL3JAcvokwaKt1eokM,False,1035
DDaBNkri1q9KkfzrJpYKekUePZ56XgDMB99sHdTwpump,TSLvdd1pWpHVjahSpsvCXUbgwsL3JAcvokwaKt1eokM,False,1359
DDgbqbYGrkaQNEA7i4tZ7qHKq2TFRZ1scPTFG85Ppump,TSLvdd1pWpHVjahSpsvCXUbgwsL3JAcvokwaKt1eokM,False,24601
DDtNp3A7rF1ULNLHyb9Jeumzv9nwf6ZNDZ7dcEUCpump,8gM4gnxdLdkvifM9TCwkGAxrnNw4NiSiHbAdE1RqY96e,False,2001
DDuHLRyb2DBpzoeMZBKQWSqaK1GPbVxNoDNUVmdZpump,TSLvdd1pWpHVjahSpsvCXUbgwsL3JAcvokwaKt1eokM,False,24482
DDx5JAMUxeLFx6u28f8FmxRnfdQkYVBYhqipPc8Kpump,TSLvdd1pWpHVjahSpsvCXUbgwsL3JAcvokwaKt1eokM,False,633
DDxS3mzbFiwPgmpK7j573MDvD7EQj5stPHZ8K8Wppump,TSLvdd1pWpHVjahSpsvCXUbgwsL3JAcvokwaKt1eokM,False,1
DEBmQ8WD4gSDTKfPk7My99YJfEHdGbmxsanbCgCRpump,E2fQHHwgz6jKLN7ZNedrprLWzdKSmpSKC8A8nEC4P5bz,False,12701
DEtwgFT1iFKzdBP1RRvRNunPqp2Kg42eqcW5QypWpump,,,
DExfr1me1GrRQp8zF8KwQuLFfoYMqsgCJkpXUUv3pump,TSLvdd1pWpHVjahSpsvCXUbgwsL3JAcvokwaKt1eokM,False,24601
DF89rihNGuMAH53hAvh96CyczCq2fYUzUijX6BJ7pump,TSLvdd1pWpHVjahSpsvCXUbgwsL3JAcvokwaKt1eokM,False,24601
DFGUMHSqT8y6DcofaRobzCER8XQh4KhUXU4iELPxpump,TSLvdd1pWpHVjahSpsvCXUbgwsL3JAcvokwaKt1eokM,False,738
DFPnaugi8SrHRr31STb2LpYfepmxSUXkq37W6qqLpump,B6gMHcxm44Rrj5Wyew6DanXK12QxXT8TCEDMw6VhRqWY,False,24601
DFa9VZZCTbAhAomb1bwEpvVSMS5ae8A5GRcVdy9Hpump,TSLvdd1pWpHVjahSpsvCXUbgwsL3JAcvokwaKt1eokM,False,1
DFaAKiXKA9jXdkqRg6eB3xz5nTyX8qaYs1kdTGfypump,,False,3023
DFbuGxKmXdWPtk9M8PyvUDtcuKq642zuRWqssvEwpump,TSLvdd1pWpHVjahSpsvCXUbgwsL3JAcvokwaKt1eokM,False,1240
DFohEfpZeC3dcByPR9E7R2mvs4xvLb7Vu2DuZqhopump,TSLvdd1pWpHVjahSpsvCXUbgwsL3JAcvokwaKt1eokM,False,929
DFwxYdmfLJsPTyrNJCapGadF58Y74e2TFpVAyhbgpump,TSLvdd1pWpHVjahSpsvCXUbgwsL3JAcvokwaKt1eokM,False,1
DFy12AkbxKnR2s2gaYz1AvxgxqGDrMEjjzK1GG3Ypump,TSLvdd1pWpHVjahSpsvCXUbgwsL3JAcvokwaKt1eokM,False,1
DFznLDuGfFYkR8jVsUBUXMDFc57mguz2mY1D7vAmpump,TSLvdd1pWpHVjahSpsvCXUbgwsL3JAcvokwaKt1eokM,False,25101
DG7dZHv6taKxMCweEn39Ub442wvFwXAFo3s1RQespump,5cm4GTWp1oWu3cDE8hQadNPSXBo5hLipg8J1fnikjb5v,False,24601
DGGrRzQ1QWxrwrYfhFj7wcUq1xGp9hYneeYSQtc1pump,89Xr74EQDxq46f3Wk1c5C642aiC6SAvGvi6nKd9CqfGF,False,31287
DGZ6mAMtnxBiEJKoQk314eLckdoW9iyjowZhBs4Npump,TSLvdd1pWpHVjahSpsvCXUbgwsL3JAcvokwaKt1eokM,False,1
DGecnyWS4vszL9Tqkr6UqnDnmUG7wpw5ZzHPuJgZpump,,False,337
DGv1SskQbd7tvBFnrUkUGabsV4hz2FbbyZEhNEsUpump,TSLvdd1pWpHVjahSpsvCXUbgwsL3JAcvokwaKt1eokM,False,1204
DGv7zeWAXdM9aGpG5XGeJuMkPM2fQ5UrC2SNtAQapump,TSLvdd1pWpHVjahSpsvCXUbgwsL3JAcvokwaKt1eokM,False,1162
DHAHgAsjYQsvRXQf5pNGXM16XiwzyR5JT43Hffnapump,TSLvdd1pWpHVjahSpsvCXUbgwsL3JAcvokwaKt1eokM,False,1117
DHL3hCA5t11BygSfEXg9G3ZHp8NYwg3bGWPCBV8Bpump,,False,788
DHRRpSYoAuZfWrbowsV8VSteUvS8ahRfjaC48aSXpump,,False,1000
DHRuLKT1vR5KDB5UUhfrMacieu6m5oQ6keFuCbShpump,86NCj5Lp85eXBoTmMbTBM5Rx6uxDYuMRhDJDgrNW74d3,False,1
DHeh3wF5QjgSvQCMWZdL9W67kJYk74JPCmU8GE2Epump,TSLvdd1pWpHVjahSpsvCXUbgwsL3JAcvokwaKt1eokM,False,535
DHhUMQDzB4UqFMcvSpnnY1QxNg2uEV1j43Y9CYipump,TSLvdd1pWpHVjahSpsvCXUbgwsL3JAcvokwaKt1eokM,False,739
DHjJrqjUJCLrPFAnHnLXCegpgJWme1ApXbmaFE3spump,Eq99aTVgTbSCFBgDNGicTbyVah56vPsYRT1VncFSH1po,False,24601
DHoadXCbf6TcadkcMGJ8kFRdDa2sXPQ1KrgodUDRpump,TSLvdd1pWpHVjahSpsvCXUbgwsL3JAcvokwaKt1eokM,False,1
DHq331uawyPxzYzp1HauWr7F9xry79wAyV9f9WKxpump,7ZznVwUFNtWB27aHWGet6FrQmyVD22xf4k7VzaaVGeKF,False,1
DJ5bS9krKQT3Zsm7AxMGnkkYNnieQc73X5MRqnFNpump,TSLvdd1pWpHVjahSpsvCXUbgwsL3JAcvokwaKt1eokM,False,1300
DJ6LcNb18sTQMnvCZo1ATB1k2g4CNaRSUcDHRtiopump,TSLvdd1pWpHVjahSpsvCXUbgwsL3JAcvokwaKt1eokM,False,1268
DJGdDmaUmXxYWrfDB2BUB5JfF5JegE5FDuSLH19kpump,TSLvdd1pWpHVjahSpsvCXUbgwsL3JAcvokwaKt1eokM,False,488
DJUzgqK2iJfYq7kpgc9eii2T28NgdsGfQo6mhaR9pump,,False,1
DJY9z4FFjSXFxMuZC9H8uGzk9dGUe1WnqkCCFR1kpump,6zUwSGsETQQTRtFPH6KpJ3tjPWC77RYSdZHht6c6b2Zz,False,1
DJcHfVFRaVENbq4qV6jX9kvefA7Ubeo7E9JoQD3Dpump,B4mnVZ3RfLup7ztGwh8yZyFXSS5XXVUV8Yrqzm2G8Ftr,False,1
DJdVxBmcwQxz82rbZUSRCS8pM3qwNZ3oeB3J7KpUpump,TSLvdd1pWpHVjahSpsvCXUbgwsL3JAcvokwaKt1eokM,False,1
DJfrje1JscN1fJMB3aUTBh8SsYxiDZ88GJDPStMbpump,TSLvdd1pWpHVjahSpsvCXUbgwsL3JAcvokwaKt1eokM,False,1
DK2ek99RSHBbPgvqbkzUdGbNM8wrmwdXsuMtZYFYpump,TSLvdd1pWpHVjahSpsvCXUbgwsL3JAcvokwaKt1eokM,False,1187
DK7CJL7zhVtWa8UqtGKcK7bCY4ZKsZmZdMxZf5Nmpump,TSLvdd1pWpHVjahSpsvCXUbgwsL3JAcvokwaKt1eokM,False,377
DKFXNK5gPaJjWhv2SSmaQTWA6U2gqeW4Uxwyehqypump,TKv4Hn6sPxsijqoGx5YgSs5uNZEr1pRNE4znhpUczvZ,False,9577
DKQpAd288VT4pLS4qiZvoqHqRgqm72PTfxBCwahjpump,TSLvdd1pWpHVjahSpsvCXUbgwsL3JAcvokwaKt1eokM,False,365
DKYeSkZaGpj67deDU3zZdJAQ1hgqZq2KYiqUcrnEpump,TSLvdd1pWpHVjahSpsvCXUbgwsL3JAcvokwaKt1eokM,False,920
DKesxvSoWbyfG46axJPtVqFNoNZThGq4sLrL4Bsmpump,TSLvdd1pWpHVjahSpsvCXUbgwsL3JAcvokwaKt1eokM,False,735
DKfi7KWgXG2LbK3yTKgFtY9DPkX1CK9SqBNSYcCMpump,78F57GSEVRNhNm4Vts1qnZAMDb1kR2EJ4A4dg2K255e3,False,24601
DKmyUDy8tWhSWXFtduBddULyepuSjYczkurYMMF9pump,TSLvdd1pWpHVjahSpsvCXUbgwsL3JAcvokwaKt1eokM,False,1
DKoFRWJb1qY37ume6PJZk9ngj9Wgx3FcwrcFPSSzpump,6u2LmHrsQcLAKDxKgzHTj2vNM3Es6Q8SJoQu58bKrL4x,False,24601
DKxbESuFpvGyXyhBhpEK8nhzKcF9X6eCAdcFg5YYpump,TSLvdd1pWpHVjahSpsvCXUbgwsL3JAcvokwaKt1eokM,False,1350
DL7wnCZpWa479uX1S5FQYQavdvex2zAtzw4ZXgkWpump,TSLvdd1pWpHVjahSpsvCXUbgwsL3JAcvokwaKt1eokM,False,869
DLArJxqibcTCDnjjrhvU6MQibRp9cXdju7CVbayWpump,TSLvdd1pWpHVjahSpsvCXUbgwsL3JAcvokwaKt1eokM,False,1158
DLFZFAM8DDs1QBKbynuoKBKQQvcCrTdV4VZqMfqQpump,TSLvdd1pWpHVjahSpsvCXUbgwsL3JAcvokwaKt1eokM,False,199
DLGpvQAQx3Vto6W25CWPCywQiFczmfpg3GmRPccMpump,TSLvdd1pWpHVjahSpsvCXUbgwsL3JAcvokwaKt1eokM,False,3001
DLH4vRNm4DBm66ZXFKWCzxz6TJkKak87UJ2jn6Gpump,TSLvdd1pWpHVjahSpsvCXUbgwsL3JAcvokwaKt1eokM,False,1181
DLMHPy6AcB36Ljic8WZm5R8i8TSWvegRwNZna8zJpump,TSLvdd1pWpHVjahSpsvCXUbgwsL3JAcvokwaKt1eokM,False,760
DLMbs2E11UhHhYTbjzPypFWDnUidFXV5J3Wo7EU3pump,TSLvdd1pWpHVjahSpsvCXUbgwsL3JAcvokwaKt1eokM,False,750
DLScRnWofxiYGqnvZWGy9Gt98MPqKdznaK4TRukxpump,TSLvdd1pWpHVjahSpsvCXUbgwsL3JAcvokwaKt1eokM,False,1
DLYsoqDtDRt7AT3xkEWNs3jrUgNpYoo73h6Frbv7pump,TSLvdd1pWpHVjahSpsvCXUbgwsL3JAcvokwaKt1eokM,False,26209
DLjiAFxcCpYoNe5JR7JZjRNZXr8ReyoL3cv1BtJzpump,HRvBKtpUZ393LGzwc4FAM31YoxMzSzVFVWKS21VZNCAL,False,24601
DLsspbdDrhBXjT5x8sApK3FFg3QSiiophjPubqyLpump,Ax7MkUy5ZF6RGv87VabyH3CCrMdc6rbMWKPsxqZyRpV9,False,1
DM2TN9JXWxKayGP2futiHK2Hvhm9BYeFGesi9uNhpump,TSLvdd1pWpHVjahSpsvCXUbgwsL3JAcvokwaKt1eokM,False,3226
DMAjaBMyDSDCoFS3EcuZwARwTWLmDLbWooAmcntPpump,FTNZAJ9yRcqB23Z8Rh9JguYymUY9DJpeLeKecdQdwJA9,False,19500
DMBvAFwVc2UNp7QKyojUjHKZiLcxpNud83JB8ZE8pump,8DPvxmvj42ksy7MwMULtTjgcpEemtxtabkGxPRdW5bLW,False,1
DMEqhwyzoNmRNjgsVPp596xLYMK8ecYTYFX4Zobfpump,99XFDsPAmzdhFHARSonrSEyrrXKwNThKpuoxjidfCo3m,False,24601
DMF7dX8Qg6HknTuh7xD64daPLDShJMM5aZd8oLHepump,TSLvdd1pWpHVjahSpsvCXUbgwsL3JAcvokwaKt1eokM,False,494
DMMskmDUZ7FoDCrCJjbEN3KtQhdDs9zrTgXc15XKpump,TSLvdd1pWpHVjahSpsvCXUbgwsL3JAcvokwaKt1eokM,False,1221
DMYn4koiTN4wePfMEffGPb2ZYsKDRpm4pHqJ3Fdtpump,2LTkFGxaskvDQmAzvHE1GbXVhqzvXN3FF1Lju9vijDNL,False,24601
DMat33pN7YhJeoHZ22K9g9PLgQpWcdUrLtxhC8UPpump,TSLvdd1pWpHVjahSpsvCXUbgwsL3JAcvokwaKt1eokM,False,947
DMfyLEryPEgTSWNYRgrisPg74fwFMgBDUFw7sQjdpump,TSLvdd1pWpHVjahSpsvCXUbgwsL3JAcvokwaKt1eokM,False,733
DMoKoppQu88gJTKSAMtXRoKC3pxXxtsvtvgrTZ2ypump,ADD9zvAdyq4DjYNAcjjRoHjuYtpn1CynSPfgUWmJo9Ca,False,894
DN4E216HPejULNnWJT8Sizr7xhFRGovbkmyR5QdNpump,TSLvdd1pWpHVjahSpsvCXUbgwsL3JAcvokwaKt1eokM,False,1622
DNSD5bQEL527bwiTETxPj1aMGJYvruFbcrE61rF2pump,TSLvdd1pWpHVjahSpsvCXUbgwsL3JAcvokwaKt1eokM,False,326
DNaM76cXHfSAakRbDbJC16UGfTRyug3LgV5E8oECpump,TSLvdd1pWpHVjahSpsvCXUbgwsL3JAcvokwaKt1eokM,False,857
DNck3PgYKA6dxbH49qHkFUu6Tp2ab52ZSe2Ej7anpump,7JjUDSD89VpVDqGkx9bbbBEB3ewKNHen54jJ8HgrAjBA,False,24600
DNeyWozvBpj4CBiZcBxqc867VsghuGKojMBCEr7dpump,4xxBGBnXqfCyUpsKRix1VaWm15uND2P83ForEzYDngbD,False,9662
DNg97fk1cfoHU6sdc9quQNXTjnobrsoD63N3iksgpump,TSLvdd1pWpHVjahSpsvCXUbgwsL3JAcvokwaKt1eokM,False,1142
DNqBnzCef5tiNGAosqaJdv4qkb7LD84Pa9US8iXgpump,TSLvdd1pWpHVjahSpsvCXUbgwsL3JAcvokwaKt1eokM,False,807
DNrMfHzp2rUMH4zb642uK8FndyK6tVPXkCXJ8uxQpump,TSLvdd1pWpHVjahSpsvCXUbgwsL3JAcvokwaKt1eokM,False,24601
DNvNG1mjnswb1EQ9hiJVdbeJaXBd4vuFdPjknXGtpump,TSLvdd1pWpHVjahSpsvCXUbgwsL3JAcvokwaKt1eokM,False,1363
DNyxufTEwqNCgGruJ4W2ue6u1RTFcH61H4sa42LGpump,TSLvdd1pWpHVjahSpsvCXUbgwsL3JAcvokwaKt1eokM,False,1
DP6bEWKRuj5RfSqhwFceFuCUz46Tr7o5iThwnzp9pump,TSLvdd1pWpHVjahSpsvCXUbgwsL3JAcvokwaKt1eokM,False,1
DPEPsFbcwLhNQP9RWZDCaQUnDtdRjRCAom5gLWa5pump,TSLvdd1pWpHVjahSpsvCXUbgwsL3JAcvokwaKt1eokM,False,1
DPQS4VDENvT4s6ULr9NMSF8g9Ez2qF96Gk3bJpx6pump,TSLvdd1pWpHVjahSpsvCXUbgwsL3JAcvokwaKt1eokM,False,1080
DPfhZt2wjTYTsA3JjNEJCDyX3Rn1ef8sbje6AMGDpump,TSLvdd1pWpHVjahSpsvCXUbgwsL3JAcvokwaKt1eokM,False,1
DPgE6QS9DBYEGPDBFBKCuGoCimHv2mroN5Kp3tB3pump,C181JdCp6MpTs5HzHwyCdtkj3LL27VbxNCeobTcf7QCa,False,1
DPvS23fqX3rxSUHhWojT4aK9MEoUyKF5Bx4nEo2tpump,TSLvdd1pWpHVjahSpsvCXUbgwsL3JAcvokwaKt1eokM,False,1018
DQ6kQ2AJ6bhkjGdXEDQi4asJJAhqyqgACePwS8B5pump,TSLvdd1pWpHVjahSpsvCXUbgwsL3JAcvokwaKt1eokM,False,879
DQ9RnT1N5vsuRr6ekUD5wJSK5oxkLGgqKHRLbMDDpump,DEkfjpnQxXuPRuoYVm2cH3URE7HHw1CQP4EufudPd69s,False,7201
DQ9ecb5Pxgz9YTUBaB4PyhRkmM2jSK4P4j6kTZUFpump,TSLvdd1pWpHVjahSpsvCXUbgwsL3JAcvokwaKt1eokM,False,2001
DQ9rptx5eYqoNgRoHTP29UMz87fjunDVN4YpezB5pump,TSLvdd1pWpHVjahSpsvCXUbgwsL3JAcvokwaKt1eokM,False,24505
DQPq9oRZm5tRRQKU7nGNd5kngDgr1RdaWVeFjafypump,,False,1249
DQdUuWPi752f3VHZoGkRLcf1SCNquxp6TBTfYdWTpump,TSLvdd1pWpHVjahSpsvCXUbgwsL3JAcvokwaKt1eokM,False,24601
DQhA9PnVNbXLEML9dmBYnK6Ru5UuUeiXZK9Mp55Jpump,TSLvdd1pWpHVjahSpsvCXUbgwsL3JAcvokwaKt1eokM,False,1083
DR15BmihFLQofSKWkf7D8EET672t24g1hv2w2ZQmpump,8gM4gnxdLdkvifM9TCwkGAxrnNw4NiSiHbAdE1RqY96e,False,1
DR5mJqXm49ZZXAKyUfSdg9auhsA7npmbXYYBPFGEpump,TSLvdd1pWpHVjahSpsvCXUbgwsL3JAcvokwaKt1eokM,False,3088
DR62qNTkq4t1BzFMARsvs2XyvwVHZwN1oh9sYshLpump,TSLvdd1pWpHVjahSpsvCXUbgwsL3JAcvokwaKt1eokM,False,731
DR8TKPs72FLzr1brpiF3GRJcy8K9pH8hJAh9LCRmpump,TSLvdd1pWpHVjahSpsvCXUbgwsL3JAcvokwaKt1eokM,False,1
DRBb6RQySSbs9YPmD67KVUSgexM2sBWezSKZ1K1cpump,,False,1211
DRfWE7woViDT8z2QzD51eNPL1FVtRd7NoJUBbqAzpump,F1CMGTGnRcAefwUq3zN8WkL6etcnyoYxuACqduJ6pQYR,False,1
DRywkq2ibSwgoZEdfLTzSFshcBnLffa6ge9RPyGepump,TSLvdd1pWpHVjahSpsvCXUbgwsL3JAcvokwaKt1eokM,False,3315
DSDWPKQMgQs7fGdKeHMQaLvZ9MWKM5RWJquwv9N4pump,TSLvdd1pWpHVjahSpsvCXUbgwsL3JAcvokwaKt1eokM,False,1000
DSEia2EZz494sf2zEfHaLL9r6vH5As2TLUpUYv9Xpump,TSLvdd1pWpHVjahSpsvCXUbgwsL3JAcvokwaKt1eokM,False,1267
DSd41MJtXAAvfMceEmfmqPVST1F9KL657Aysvv25pump,4tRTbsctyeuPQ51tTKSy5Go2gxS3m12KHBEMmMAzTU2D,False,2994
DSjVcLX7yc7fnhBPen2LrEHK4rQQ2WPz9B5gBs3Gpump,B18DiwK1Cuwq6yWF5s1acYVFVdjHjasEXQCHXNu5CVKu,False,1
DSwbouSwbby837hbXyFUL5AhrMh5BsMTFii2AKPJpump,TSLvdd1pWpHVjahSpsvCXUbgwsL3JAcvokwaKt1eokM,False,1170
DTCyxJUurBeJDsCwTPbDHGLY9k8V67vDNCdeYUiEpump,6gnoxaAuiaWQUeuL4HxyfP6sMzCzgjwb4trsMyDXWbio,False,1
DTJQTLLgxCzaoXopfmGKj2isxyekXg2U2AJpigFKpump,TSLvdd1pWpHVjahSpsvCXUbgwsL3JAcvokwaKt1eokM,False,1296
DTX5pjnbZVmHoBrNqCSBzcPwzkqHc8wiUe9fp1yppump,4nxGt2M7PqhC7UPh5yUPihmycdme3z7USgTSx7cDUfLY,False,23062
DTZhKWmpnf7DKgVPhHpkMQi5Zhg9dg8sUVetNhUbpump,AyS2vz6YCzc3QEaZSdv3wTt6xhJ5wvuPHQgJvffE3TQ3,False,710
DTctSosWeCwGpn6Q25ydnXftmVxccgqwTUr6jkKVpump,A8xA2f72D94afQyUpTA6j8njRphnH3yyeyUmWGiGBkDN,False,1
DTh7CuuiPHfegmbUwkxVdpWbdSZsnhJTsmbnWcqpump,TSLvdd1pWpHVjahSpsvCXUbgwsL3JAcvokwaKt1eokM,False,1
DTi1AVjyeYdSeBRN6jxpLK7ry99pgAMazMrXmSK3pump,TSLvdd1pWpHVjahSpsvCXUbgwsL3JAcvokwaKt1eokM,False,1170
DUNXM3LyTthrfFdCPyLPPQQTMUswvShdqxLeH1HWpump,4wzUX12nAHcZz14oGWJyDkFiuYiuxFmfKpvnMCWMAQ56,False,24601
DUp2qMMGuACziKeyZRtH9cuKyqtYpqJ24iZg6tVLpump,TSLvdd1pWpHVjahSpsvCXUbgwsL3JAcvokwaKt1eokM,False,1
DUpQprMZ44mUSDb82tVPZ4kHLDEKM4DDdN5zjm1ypump,TSLvdd1pWpHVjahSpsvCXUbgwsL3JAcvokwaKt1eokM,False,1
DV5BYjSxLyct3wP57LH2YVvbvD9YhuMThpSKgzhDpump,TSLvdd1pWpHVjahSpsvCXUbgwsL3JAcvokwaKt1eokM,False,1122
DV7x71i7dCvL2SzbUQ591KJwaNSf4s2VGusoWLz7pump,TSLvdd1pWpHVjahSpsvCXUbgwsL3JAcvokwaKt1eokM,False,1110
DVCWwDPHTLkVFSeVQ3DRHWUUkMWEPCzAhbVAJEWXpump,TSLvdd1pWpHVjahSpsvCXUbgwsL3JAcvokwaKt1eokM,False,1
DVXpKNx5NmbuntX5qhnMiax47ScjVruDbZc1S468pump,TSLvdd1pWpHVjahSpsvCXUbgwsL3JAcvokwaKt1eokM,False,24574
DViRMJ5FyhnMz6ahfwS5qbr5Uy3S6kfySwoQiPbupump,TSLvdd1pWpHVjahSpsvCXUbgwsL3JAcvokwaKt1eokM,False,1226
DW2fhKZUGHXWc9Ze4tKGnEusQy6ChgWnRS41hurtpump,TSLvdd1pWpHVjahSpsvCXUbgwsL3JAcvokwaKt1eokM,False,1
DWDwufUpkwRNDtBaViW5S48nmS4MeaquZVQf92YNpump,TSLvdd1pWpHVjahSpsvCXUbgwsL3JAcvokwaKt1eokM,False,712
DWGCob3GUYrRf96uQ1mYWL7edo3EHkPHjGcqYi69pump,TSLvdd1pWpHVjahSpsvCXUbgwsL3JAcvokwaKt1eokM,False,1
DWKScU3qJvo3he2qtuULDHWq726aEhvCuuCu266opump,TSLvdd1pWpHVjahSpsvCXUbgwsL3JAcvokwaKt1eokM,False,1
DWNfhFpikybDGg4Xg28gA8Kv2VQ58N9YM2UE5B43pump,TSLvdd1pWpHVjahSpsvCXUbgwsL3JAcvokwaKt1eokM,False,1
DWWvFytF5jof4aaQRTsHh5q1p13JSKVQXFZEc5Jopump,TSLvdd1pWpHVjahSpsvCXUbgwsL3JAcvokwaKt1eokM,False,36093
DWbyc3cCWZ7y5SVvXpCmYrwAzBYLBX546AhEdQbEpump,TSLvdd1pWpHVjahSpsvCXUbgwsL3JAcvokwaKt1eokM,False,1
DWhh2foMboEHEdodzWN9NZFdf3CbKRE82BxF8NBpump,96TqBgt9rv1SeTw3x1gvHs66RG4WdsbPfCRoVHcEZBQ,False,280
DWoUx3k6WXk9FqqFfF1YqS2XjA2263MyJheLS6gvpump,TSLvdd1pWpHVjahSpsvCXUbgwsL3JAcvokwaKt1eokM,False,899
DX4Q9cp9h7psbm6uESiHWoLMrD9xRktxuny9yeGDpump,TSLvdd1pWpHVjahSpsvCXUbgwsL3JAcvokwaKt1eokM,False,1123
DXAwkEmb2qaVpQMWjD4abQteP2442Fp6SPWeqJy7pump,8cyMqdTQyF9QtMJQo3uCoFYnH19gNTTRqLpMV1spJdM8,False,2001
DXFQZR1DaGHxEKDRDT2Na7EU4CnNDYJBAhL1rddKpump,TSLvdd1pWpHVjahSpsvCXUbgwsL3JAcvokwaKt1eokM,False,749
DXc8pEGF652F94J9TMxLFfyiN8UrtVnZe57gFoNmpump,,False,960
DXosCdCssL4AcgeFTEqrD99g9pS85yhntJETPdnjpump,TSLvdd1pWpHVjahSpsvCXUbgwsL3JAcvokwaKt1eokM,False,711
DXsnXqYSGNLuG7pixcZ7BER6kjfxdxnxb87RP2ZTpump,TSLvdd1pWpHVjahSpsvCXUbgwsL3JAcvokwaKt1eokM,False,1113
DY5ej84zjafMCi3ruyJ5wD9c775YfdeG18MHgyXJpump,7TaQk3dbgZ8CbNFV4mrPA8j8CBoQji8JWzU47uPenx1z,False,1
DYRwCcX8C2dHPB1vJrQTLYvfxLW6CwoRVoCPGqGRpump,TSLvdd1pWpHVjahSpsvCXUbgwsL3JAcvokwaKt1eokM,False,1220
DYTXhyjK9K3rbT1BNwMxujW68supMDwp8tLu3Yybpump,C5X5zbmT2owXsFqCP6Wc92dXxjmijpjJeEFNs2D9atRo,False,24601
DYygo9qxB5CFx2Hf9Rr638JeEVkqsjpxZMfs2wtRpump,TSLvdd1pWpHVjahSpsvCXUbgwsL3JAcvokwaKt1eokM,False,1031
DZBLcXYRr3mGa3qqLcWzFmkSEf63F13nrHhY79sLpump,TSLvdd1pWpHVjahSpsvCXUbgwsL3JAcvokwaKt1eokM,False,608
DZBztmgHuuY49pVkwCTzusg6SXCpbj16ZeSFfQLapump,TSLvdd1pWpHVjahSpsvCXUbgwsL3JAcvokwaKt1eokM,False,1
DZM5CXzHXzUaxQVdf4LVFXTgAR7XBMpXxoyakPJVpump,5SeXdyFQpCtRgEAbgi1F6Xav6d1vEPCbuDHefncEocyw,False,1
DZSQALJVcZJCL2B6E8D3wB7GEAG3ukSPY7ZKXEYxpump,9JyuijJTMLzkXTXnhm2SwnQ4aLRs4nXhz3VKJ6rskxfK,False,55733
DZb5U7eNxfHmewBQPWakm4TPCQycttYs4EazsCETpump,TSLvdd1pWpHVjahSpsvCXUbgwsL3JAcvokwaKt1eokM,False,1275
DZgytT78kkN9p3tGXGTpT6T4JNnwG7cB5epLmRAgpump,,False,815
DZn2b8gsV8SLVmeMxEirCzee4zk4EEK9iccpQFqdpump,TSLvdd1pWpHVjahSpsvCXUbgwsL3JAcvokwaKt1eokM,False,24601
DZqhD9uQepVvLefDV7hJ68LDNigDtGU9C22Bt3URpump,EYsJVQU5igQNaNMptsyL2A6h6QWso34MYxTriAkdQqWj,False,820
Da2KADkNtxafYbp1MpV9JwcrrjGg5wC1cPgKisoYpump,TSLvdd1pWpHVjahSpsvCXUbgwsL3JAcvokwaKt1eokM,False,913
DaLKV6LHw1WbZ4fyyLR3rY2f8JKs57DMC6kZQXXspump,G4mn5DBo5JYZD8QY8mhdQVyv52N5q3Ks2dFYcKWCS4ai,False,1
DaYYrQTtKqGCBiPtnXSUT5d8nDXBrtW5LoJHsg4opump,TSLvdd1pWpHVjahSpsvCXUbgwsL3JAcvokwaKt1eokM,False,1
DaxQcyxV3ShrcHJemZykQpxhNMSRGb2um6qazgs9pump,TSLvdd1pWpHVjahSpsvCXUbgwsL3JAcvokwaKt1eokM,False,539
Db4aevUN1WQKb1SvSQSwdsLyWsZbP7cMffXs8B7Apump,TSLvdd1pWpHVjahSpsvCXUbgwsL3JAcvokwaKt1eokM,False,968
Db5GTXfUH88qHyCBnLCpCmWZMHHhVdHFbxM92Xeypump,8HqauxrzVEM5eTUG5bbt4MvMnfomiB7FhdkscoJJcPUg,False,1340
Db7ZUaWTThwZy7bVhjn5Dda8D3fbbAhihcxPV4m9pump,TSLvdd1pWpHVjahSpsvCXUbgwsL3JAcvokwaKt1eokM,False,1
DbAEqZ53rGBvSrQyeLc7uTqLvKaaGY31gBSd5tu9pump,TSLvdd1pWpHVjahSpsvCXUbgwsL3JAcvokwaKt1eokM,False,24601
DbAKFVySBiavgkFK3D1EPSMmpRps9tHYj2SKPSjapump,7pYBVdomeFVMw6mfSREuNLgHaHdpHFSfNeBWs7YCc1kN,False,24601
DbHzijtbYcbTRTdLJRCngxzYQMFr6PdP4rkmwgAhpump,7GumxBbjMP6jv1QVRwgnNkr8tMw2S9u5299xejSbTk9p,False,24601
DbSNAKTsJkoW3Li3CVaDn1Mqn5hMjY3cUBHLGohJpump,TSLvdd1pWpHVjahSpsvCXUbgwsL3JAcvokwaKt1eokM,False,1124
DbXMoGXjs5tXRJiMhjE5CkEcLF6PYD1Sam7nGhfEpump,BgLG8R1UksTjP9cJ2MaLTrWW8jbeSkPibKogiLNoCrAE,False,2970
DbaSVQ87gQumixFumMHCrMKFpq5dSYNtKiVNDw3Vpump,TSLvdd1pWpHVjahSpsvCXUbgwsL3JAcvokwaKt1eokM,False,1
DbkpJ1T6FzEAawLGKaUQ27NubR7Kfg6VhEAqy3DTpump,TSLvdd1pWpHVjahSpsvCXUbgwsL3JAcvokwaKt1eokM,False,823
DbtMsJh8HGDdxy9EPVMnBQpk9ZhQ11T4gxmvUYjtpump,TSLvdd1pWpHVjahSpsvCXUbgwsL3JAcvokwaKt1eokM,False,770
DcFBQ6YrmUPQzH63E6aYF7XqaMTb299NKoGAXsdLpump,TSLvdd1pWpHVjahSpsvCXUbgwsL3JAcvokwaKt1eokM,False,1209
DcFpi1crczMkZJGUFFY1PPm3Ab5SSJdUjyQWabXLpump,TSLvdd1pWpHVjahSpsvCXUbgwsL3JAcvokwaKt1eokM,False,24600
DcG8RGYgFt4PGz2UqMaDFN8Em5RcTTZSq2zvbA5gpump,TSLvdd1pWpHVjahSpsvCXUbgwsL3JAcvokwaKt1eokM,False,24600
DcNk7J66FR2zbhWXQDF7XdkDFGtcEUoZoaKoC36vpump,TSLvdd1pWpHVjahSpsvCXUbgwsL3JAcvokwaKt1eokM,False,398
DcmUzRDHdQcMmdbaEGeiuaKRoUoM7HvMvKnsS9NFpump,TSLvdd1pWpHVjahSpsvCXUbgwsL3JAcvokwaKt1eokM,False,5338
Dcqw3uV12Jry23rdFNQUzjjaT8mjx4Nd8kBr8SBWpump,5FsvuDa2fw4abLMYs8Ar77Ly6Ddnv8qr7xwsWq98DwM1,False,19401
Ddcf7T46BQBKAoJEHXyKHsGaRKMKsv3N9EUrWFk7pump,Aa83rVvGGa3RUPMUjN3XXVwCMqg34g5i1ziH1K9TwK6q,False,1
Dduqk2s6HARtFbJ1RJXXzEWfyWJ4jDLi9hfRr4JHpump,C9foN82AyuB2jEfB82hygwZLxKfA9kpH5aNaf9VE6sWk,False,24599
De46TR1cNTF5D4GxVHMQkTnmZ6oUXHyXkxqWvUdwpump,,False,780
DeTUi1JbC2q31jfR9Qc1zoJjaNFmw1hgWBXxGQKvpump,TSLvdd1pWpHVjahSpsvCXUbgwsL3JAcvokwaKt1eokM,False,975
DeadK9u1RCkt4gnthe5a7BCVtj7vQktmxpU2MES2pump,5LFNmcU4wHgcLSuyv6cXpoets7eCDqbDvEjgirScD23Z,False,24601
DemKRpsVv1xdcMPp3GYt7383cbG8Roh5Hh5q5R3Jpump,,False,24601
Df2QeTcAiEmJ5DtjCugju485nyME9K69m4tbb852pump,TSLvdd1pWpHVjahSpsvCXUbgwsL3JAcvokwaKt1eokM,False,1
Df4rV2AMLGs6vXPXqoDUCLkathMDAXbYaBg1XKaupump,J4FRVcuzNMqGAv3MgvcndAaBwksqMUYv6TYJLjf1KyJ2,False,21387
DfdVEHzRzTVSty4TiAXGgtvV7VWiC1nJn3cB6ntfpump,TSLvdd1pWpHVjahSpsvCXUbgwsL3JAcvokwaKt1eokM,False,669
DfeQheaKFhV4TE3MPheF1qDKHNH4QBJXSFEui7Q7pump,TSLvdd1pWpHVjahSpsvCXUbgwsL3JAcvokwaKt1eokM,False,973
DffMdSxiPjfmE9q1TqKpSqRsNgrmekMxa5Vmbj5rpump,HfuoCMQQVug9BRAse7bHrvtiyU91w8L6WPGwP5X8W4sK,False,24601
Dfh5DzRgSvvCFDoYc2ciTkMrbDfRKybA4SoFbPmApump,TSLvdd1pWpHVjahSpsvCXUbgwsL3JAcvokwaKt1eokM,False,4053
DfoeXgCUFP48FnCXNWMt9QZ5DqbcxYpUNP23qwkopump,TSLvdd1pWpHVjahSpsvCXUbgwsL3JAcvokwaKt1eokM,False,1116
Dg8AhpUtnbLDAhdMXx1NkUyBTmUqGc5as6aQFVdwpump,sprNqP9sg6dG7i2pEbmn5mJkBB25WkWddJpTo8d8Nxb,False,1344
DgEPtjyxtKtpULfR5woVrcT9ojjv4AWg8Xio6JXYpump,TSLvdd1pWpHVjahSpsvCXUbgwsL3JAcvokwaKt1eokM,False,1171
DgJKaLKhjnnYpWHHUAMiF9ySkF3dhX6sQTmhHk2Upump,TSLvdd1pWpHVjahSpsvCXUbgwsL3JAcvokwaKt1eokM,False,333
DgcL4dELAnGidC546PSjP9mY6tzh63o8qPModL29pump,TSLvdd1pWpHVjahSpsvCXUbgwsL3JAcvokwaKt1eokM,False,2071
DgcVQHEEChpLDmEMEPAEreLSuUjRcGeDDnfJdN6npump,TSLvdd1pWpHVjahSpsvCXUbgwsL3JAcvokwaKt1eokM,False,1035
DgtHKnyVwzg8rjcZa8b6A1q5WokADUcJFXf4TBdpump,DvZLV7ToFtFtjiBcn5aCG8zsQWeBQLxyqsies4NyAfb6,False,24601
Dh3gYNWxRe87Cj2Nw4RvCS8cC21GC1Y1rEyahRgcpump,BAxsKVwPY2fwXd5HwzHnFa5HdZmdF9LgPv85VnuQFoXX,False,24601
DhFTtmQ1ymhWWabzViW1Ewf43iaqaVuriSsw5HF8pump,TSLvdd1pWpHVjahSpsvCXUbgwsL3JAcvokwaKt1eokM,False,924
DhHa9V9HaEKSksU3qQup1LwXjrPEhc2DU1oRLsRbpump,TSLvdd1pWpHVjahSpsvCXUbgwsL3JAcvokwaKt1eokM,False,595
DhncHp7VRouug7f7D7PXGvZhAHDi7tuMbbmY24MVpump,TSLvdd1pWpHVjahSpsvCXUbgwsL3JAcvokwaKt1eokM,False,966
DhqViYG2T1N3B4xziTx22aPW4rwGKkvpcF5shrD8pump,TSLvdd1pWpHVjahSpsvCXUbgwsL3JAcvokwaKt1eokM,False,1
DhvQNF5GdHjTEFBHRYNQ5XdFJLPUwHr3gXq1xmKKpump,GzgF8qvHCWNFzP6Gbzoe4WZNFUSaAe6hjg5kzzfZDGya,False,24600
Di46aNLordi5vJxL2ohZ1vHMgE5LMz7bPKPCWa4Lpump,3maLtnt6gUkrT8sV9f7Knm8BBEzherfQiyfDU42esvDt,False,24601
DiGHHu2R4R5fF8nNubN27ULWi51aaN3Q9HAJwzAipump,BcDxGY1TUCLvtcc7otcurbnt98w62adJbBnedZwfpiuh,False,26598
DiNC7ZUdaS6bhURBv6TBwgn1m6TqPGpaToh13VAHpump,TSLvdd1pWpHVjahSpsvCXUbgwsL3JAcvokwaKt1eokM,False,945
DiQNo3dKrLK3VibTFH8hK9suPBMQLRXRfNkNFLtLpump,AUFFRz12F1HQk7KksUCiRkwtA7CyVEgbmAXMRKBZxDwx,False,1
DiQoqjX8QMziChe3XpzjEcRnoLc3Re4XdmtmKb9Jpump,TSLvdd1pWpHVjahSpsvCXUbgwsL3JAcvokwaKt1eokM,False,1245
DiQwWpbPg9HP8M3qGHNueySZyNasMnDiTn1n8Ruvpump,EUtaG1tKB9hShWuCLzTorFYskoGWxuLcRPXudtMf2kDP,False,1
DiVdD5yfwQ3v2aHwUU6VUQEaLn89BpPWXaveMY1Wpump,TSLvdd1pWpHVjahSpsvCXUbgwsL3JAcvokwaKt1eokM,False,119
DinAiBMMbiM2UVT8ASe5HUDdZqi7zUXLXzbEnzPtpump,GG8SEAxuWCkfpKc7wcS1cSpwavNhhJ3Q4ghCqetXXyU8,False,144600
DinLLSw8nTpGPHZTxncxAw2hPsE8xA8JtS6EvJW1pump,TSLvdd1pWpHVjahSpsvCXUbgwsL3JAcvokwaKt1eokM,False,1135
DjDXdxR99MKyu22qZLiuVeo1hj3g47DYPtM3TYrapump,TSLvdd1pWpHVjahSpsvCXUbgwsL3JAcvokwaKt1eokM,False,1206
DjHFyTGgKWFDkSy9jrczYotxnepSmE5ny2fBhaoDpump,TSLvdd1pWpHVjahSpsvCXUbgwsL3JAcvokwaKt1eokM,False,1
DjN8GkWDdyvRjD8HYayDaSCexXhtLUYfzTXhXn8bpump,TSLvdd1pWpHVjahSpsvCXUbgwsL3JAcvokwaKt1eokM,False,1
DjW9BcWdpqohQgPVTasmBCnSupkcW12rEMLCsTJepump,TSLvdd1pWpHVjahSpsvCXUbgwsL3JAcvokwaKt1eokM,False,24601
DjYNHUB4aE7mVJNPHkYAB69YzHy6ps54BA7Ehr7epump,TSLvdd1pWpHVjahSpsvCXUbgwsL3JAcvokwaKt1eokM,False,1
DjYrvmmY6ojf2f62TckYxBtCCHCJNbr9A4EXFwH3pump,TSLvdd1pWpHVjahSpsvCXUbgwsL3JAcvokwaKt1eokM,False,1
DjmRY56Kv6bJC4x24XVjPYRPiqiS64HGrwJzPgQrpump,7gRgFE531zymDuzmK72zimTHz5yJ6sVyKMxEX29ok9Rj,False,1
Djmg7MZSgacEUVKgrN3tZG4n5kHLyU54xBJWowGzpump,,False,1240
DjxhPRrMSG8Aym5tc7UFJ7jNVJSX2FydUbymBbJWpump,TSLvdd1pWpHVjahSpsvCXUbgwsL3JAcvokwaKt1eokM,False,1079
Dk1gzfVtwF18vb5ptaaj66XomzvBGQ2fesK7btntpump,TSLvdd1pWpHVjahSpsvCXUbgwsL3JAcvokwaKt1eokM,False,836
DkF67cMd141dK1ZxDGPBJctXNakLZKB8QUa7KaL4pump,,False,24601
DknbGnV1coAMAHznQMYuEN7FHeYSmu4E3ZnFnUqUpump,TSLvdd1pWpHVjahSpsvCXUbgwsL3JAcvokwaKt1eokM,False,1192
DkrxndeXc59zPukzWT8p5oxBBB9wLyPUQK9BfDf3pump,AbuFci4mCbkX5v1vC7hcEaz4whc7QrqEAimjwk1M1fhf,False,24575
Dkt6zeTA6pJBmPpS5TvcvChrjxpMfZdUtNEMBs5spump,TSLvdd1pWpHVjahSpsvCXUbgwsL3JAcvokwaKt1eokM,False,1
Dm98jkD9yAwJFdvdzc9bcVFEdJu7sznMoGGzWavapump,B9TKrdkmda1TsarUteV6RuZWWA9LdymsRKvefNFuChWW,False,27337
DmGfqvcqWwbeY8NU5sL8XvcxRwMNtK5fX2iKneGspump,,False,1
DmTg6qLiUiJJED6tXnHMMVrrHEaYRBxuME6d7pmqpump,,,
DmbpL2aobddFDTdiXfhH1skbSh1GUJWA16HyEBqfpump,TSLvdd1pWpHVjahSpsvCXUbgwsL3JAcvokwaKt1eokM,False,24601
DmdtkK4R9QXVBi2VQEJNEjuj9X3k9x8Cm8YRTADhpump,TSLvdd1pWpHVjahSpsvCXUbgwsL3JAcvokwaKt1eokM,False,1032
DmnGzjsEoUT3okETvJvsXKoG8ZBbdafPEDELmbgqpump,,False,427
Dn7h9tsXxk1DpQwCZc5fqrXMrZeHW5yXgGskFerdpump,TSLvdd1pWpHVjahSpsvCXUbgwsL3JAcvokwaKt1eokM,False,706
DnQTwDtX3UfqhUEDzphDSrjy1ZGNLdNE4Ta929Bupump,TSLvdd1pWpHVjahSpsvCXUbgwsL3JAcvokwaKt1eokM,False,766
DnfehabLvHTDGrXaL6QzcqwsBh9itNGrrDuNfYo9pump,TSLvdd1pWpHVjahSpsvCXUbgwsL3JAcvokwaKt1eokM,False,984
DngHggmR6Sg3nXY2iL5gat8ZczMuX2FVHmeN8zkNpump,TSLvdd1pWpHVjahSpsvCXUbgwsL3JAcvokwaKt1eokM,False,1
DnsjxbaLRJmLqgrqssc9CU74gkwwQYJQ7vPY5w8Npump,3rYj2dThkPHXxX8UNyT6361dqpeQaAU2g3mpZrEwRbnM,False,24601
Do4yGWjCDjopJr4trcg6JhZ2hn6w9W6kvhTiD7gfpump,2WdSzxRVrEhDJdK8AaJSzCzs3npwUyvWxTtEfkNHGGad,False,1
Do655b5qCAAE8LiErDaXUt2RWWMfVAoHC4iEYp7Tpump,TSLvdd1pWpHVjahSpsvCXUbgwsL3JAcvokwaKt1eokM,False,708
DoBUhWXnGngkYYTPs856THiwpzUvqLQ8v6v1qaFapump,TSLvdd1pWpHVjahSpsvCXUbgwsL3JAcvokwaKt1eokM,False,1300
DoNvPVo4QrtXAdbj4VdCn6eqSpNjyeYhcLdVMpTZpump,,False,1
DoYmz71w9NixUA5gwqHdWJbMqgEw1XjwRZkusNcNpump,Bw9rFUnuYRkeW4tRTsGymigvfzbagRGK5dd36NLGfwKu,False,1
Dp6op4Z7KFaDYtgLqqPdw6obRrypGVquidnDrr5jpump,TSLvdd1pWpHVjahSpsvCXUbgwsL3JAcvokwaKt1eokM,False,872
Dp7mnnSVnkBZQyh4qxRiaKcxjqKjvXAdFNSCrNbhpump,Mwk6ehsH4EDNAX3fYmo5pxRXBDM9qqGiQiqByZd565w,False,825
Dp9itqPKgF4tUeKGPm8U3T4eBHZ8DqpaP7ZaLGHQpump,3D6NJWfEkXwkKoNu6uj4DWgiheH3EA4D4hVr2epbnUE5,False,1
DpKYkE3t4QstBCE1ccdkKR5urcf9H9s1rJ2vbZhppump,TSLvdd1pWpHVjahSpsvCXUbgwsL3JAcvokwaKt1eokM,False,1
DpLz3zj6JFoaTEcGoTFjgJhQZ7y1CbuYfv9sMZz5pump,TSLvdd1pWpHVjahSpsvCXUbgwsL3JAcvokwaKt1eokM,False,1099
DpSj3j666t8zPh6npTacHujz8bwAfMgGWPZPAUZmpump,TSLvdd1pWpHVjahSpsvCXUbgwsL3JAcvokwaKt1eokM,False,1176
DpT8euiFa63iwjYzVur2JpzS1KTowhWxKHJZFfFjpump,,False,1358
DpUkJhM2XS3dzTf2APofBLhpYrvbw9M1Bzj93pFfpump,Fyeo54jGxaVHYezBKBvBE1aEENjcDbzb8GBP1WDV5cKK,False,24601
DpcyaBKTiUcFsvdgWxY82KnWvWLBbVNfWXzFSouZpump,TSLvdd1pWpHVjahSpsvCXUbgwsL3JAcvokwaKt1eokM,False,1023
DpqGBmkc6SrY2vA1Yb5KuH571WW1oQJjJdD3d2kupump,51jNNh8c5NhTs8Wvjvrhwv2CbHwPrVXAHZe2RrbGyL2d,False,1
Dq7fRe74r52aaC927sThF4qdbEjpm7UBqvUUuteapump,TSLvdd1pWpHVjahSpsvCXUbgwsL3JAcvokwaKt1eokM,False,907
DqFD8LkJE3RkaF4uRND6BuTMseN98oCXdLUta3zqpump,TSLvdd1pWpHVjahSpsvCXUbgwsL3JAcvokwaKt1eokM,False,1116
DqW4QpQ1xdrmoYNAN7GHPGpN9G7QGL9eVnPsQr4jpump,,False,1086
DqWf9DDK6H5c7KmEHkNJxnzNPSM6mzxonZJjK6yxpump,TSLvdd1pWpHVjahSpsvCXUbgwsL3JAcvokwaKt1eokM,False,1
DqX7uimLn3vUyuf7jXGyAZkjDfvtxVrvPzZ2q7xypump,TSLvdd1pWpHVjahSpsvCXUbgwsL3JAcvokwaKt1eokM,False,24601
DqaGEvVXCQb7axnQGsFk4yMbyD8cTyrMj97ea6Uepump,4ehwXWpy4y3YHEnatMcYXTH8aQf8xsmv6aWoQiGPM56z,False,26593
DqcLSYRL4DF6EFUsWkyEmvnZqYG7qP12YVQwCbFypump,CCSn3d5PCh1LWf5R7uLoMemwm9kEvpwr43FDoJudpXhx,False,24600
DqjZhZfAwCpeouaQvv6swtUu6NkRshfetFVNvCRRpump,TSLvdd1pWpHVjahSpsvCXUbgwsL3JAcvokwaKt1eokM,False,35991
Dqpaxd6c5RHTRkUWS7FHK256HaLWhTWz5sVPw7gbpump,TSLvdd1pWpHVjahSpsvCXUbgwsL3JAcvokwaKt1eokM,False,24601
DqwYJXj2oDY545oAQgfh6x6cMKqEM97BoErdF3hSpump,TSLvdd1pWpHVjahSpsvCXUbgwsL3JAcvokwaKt1eokM,False,212
Dr3PpamGMYP1WGLncq9foyATNAQTVLVUCJgHRuVupump,TSLvdd1pWpHVjahSpsvCXUbgwsL3JAcvokwaKt1eokM,False,975
Dr6oQ8dMgbuE4TjAHZxYkXHkKqrgLhG9CCbumLWPpump,CgHyYMmS2UxfnxzLHvvg5n45vBGCBx7vXUYopGP6cmCH,False,24599
DrDevzHA2A5AmtwqmVtNUe3oDLUYVypx37HCXMgApump,TSLvdd1pWpHVjahSpsvCXUbgwsL3JAcvokwaKt1eokM,False,1253
DrGedrG35ngQbzQboNYuToHCacLknMgpKMKBk84Kpump,2DxFF3tsKhF2ashUqnkfazkUxMHGNdVaSweXQRtmdmGd,False,24601
Drc4HGtbSroJWu5kjP2MgRfNS88BH1doniqn9KZZpump,TSLvdd1pWpHVjahSpsvCXUbgwsL3JAcvokwaKt1eokM,False,685
DrjDuiiqYpvJjNnL1WS64RXbXYyBwcGHKe86NcqDpump,5HkPqTxBYFwTkPpozJLMnsdeXDH6u3U3LdJ6o3hyCqsX,False,1
DryBz59g6orQFr9PZgEhbuJaXesmq1361fipSp4Fpump,TSLvdd1pWpHVjahSpsvCXUbgwsL3JAcvokwaKt1eokM,False,994
DsAdj2TyfNKWYzYo34MD4VpocUuxMdwrtqLBAo4mpump,TSLvdd1pWpHVjahSpsvCXUbgwsL3JAcvokwaKt1eokM,False,1110
Dsfm3ym1jEUUiJXD42jqmshRpVnvt887XzGntHsipump,9Wdoe7W3ZfoUo93hxgeCuDN9CJhuUgmussj8ebCXqrpG,False,2973
DspDMH9G461p6TRc5ekMYMEyiQPpXceHEarxZfzcpump,TSLvdd1pWpHVjahSpsvCXUbgwsL3JAcvokwaKt1eokM,False,1144
Dt4ZyiMvqyzu8NMwKPL2bbNsYSvGjuJuz1QkBYcvpump,TSLvdd1pWpHVjahSpsvCXUbgwsL3JAcvokwaKt1eokM,False,781
Dt6vESocrRixuFz2taZunygpKcNQwxAjUMgYUxvNpump,TSLvdd1pWpHVjahSpsvCXUbgwsL3JAcvokwaKt1eokM,False,1
DtCmtfrLsrycKpkvx9hTb9a3YYwkToYRvFmd1Anepump,TSLvdd1pWpHVjahSpsvCXUbgwsL3JAcvokwaKt1eokM,False,1260
DtUEZk6YWBFGDhYq9qTrkF2zwmKjYGENiWbAsdpTpump,2z11JqYeZoAUdicpwFESW5PQR9YxoEMim5NKV8eLHW68,False,1
DtUfXg1mfLdUiRP76iDQHGSWeup7mKpsqi9cHV2Qpump,4tUmTtVvN2MTzNzKvq7oRAW4Sg7v84qQ7L2tcfUqhL26,False,1
DtVEQoBf4RDXyeedQqVM3TqKXPtyjVuWg6ycQJckpump,Ep2feLc4KShAeNgHr119ZMaaxcvs4RmGavBx1BSqmwSa,False,24599
DtWz93pDUZe5cYqBFmZjXq1wzZqZPygCeox5d3ajpump,TSLvdd1pWpHVjahSpsvCXUbgwsL3JAcvokwaKt1eokM,False,1
DtXMnWu88hdJP1feXv6QWWFtc5fmU7jXJzmy3kXtpump,TSLvdd1pWpHVjahSpsvCXUbgwsL3JAcvokwaKt1eokM,False,1
Dtf6usHoRUgSrCjXk5QV4epXBtcn8BXJ9Hd6VdSZpump,9JyuijJTMLzkXTXnhm2SwnQ4aLRs4nXhz3VKJ6rskxfK,False,46323
DtzWSnQaQMHKJwW5tJgtMsGSVivLeWNzXZXWctERpump,TSLvdd1pWpHVjahSpsvCXUbgwsL3JAcvokwaKt1eokM,False,1
Du1AQPxZjWQRRjVg5DBcR6ezfHU7RMpD7SsSX1YLpump,,False,1
DuCmAYsoBAGsoU9epxbjZb66qAr7Xyu6EvkPxks3pump,EVkQbGNHATwxZ3SLjZpaMznAppXvDTWHNmN6goZWX6yg,False,1322
DuLuUb4QegcAEbDYgnuaz9BJhJFTfvDbJDdJ3q9Mpump,TSLvdd1pWpHVjahSpsvCXUbgwsL3JAcvokwaKt1eokM,False,1126
DuWLVXFacXYV53u68mU6QhmHcxk65Ws5xSTvbKkzpump,TSLvdd1pWpHVjahSpsvCXUbgwsL3JAcvokwaKt1eokM,False,452
DujC6Q2fzySoDiQKc7611yumXEg6UDj79kifgprKpump,TSLvdd1pWpHVjahSpsvCXUbgwsL3JAcvokwaKt1eokM,False,26601
Dv355HGdhrpF2PFphXEDuTcmEKnHupdoPH7XttSmpump,CQi3oVP95cXYZiqyJiK2k5zvRmNdtVD5f2cx6mNcNapC,False,24601
Dv4FD3WksCDjF8W5r2wU5onnPQzRgpb2hJ3gpQx4pump,TSLvdd1pWpHVjahSpsvCXUbgwsL3JAcvokwaKt1eokM,False,1
Dv8tpw7D2ajw63ABMcPzu25eNwFzS86x9DwoURWDpump,TSLvdd1pWpHVjahSpsvCXUbgwsL3JAcvokwaKt1eokM,False,3001
DvEjtdQMZR3FXANfmDPpq3U3kZjrubQHJ5bcP3bVpump,TSLvdd1pWpHVjahSpsvCXUbgwsL3JAcvokwaKt1eokM,False,1
DvVou1vGrorKah4jWQqXkHojNnaWJWT7iEKv7udApump,TSLvdd1pWpHVjahSpsvCXUbgwsL3JAcvokwaKt1eokM,False,53
DvcUihZoFL1diNvYyAyysfz8s46rnw3v9UADc75wpump,TSLvdd1pWpHVjahSpsvCXUbgwsL3JAcvokwaKt1eokM,False,1
DvgsqgQ3GNeyT28EQecnBcyoUJDjLxKEohN7jnkWpump,TSLvdd1pWpHVjahSpsvCXUbgwsL3JAcvokwaKt1eokM,False,2760
Dvi5JAn8NrUg4q4Q9vJtg5fFpF1Wz8ArfbScNhsapump,TSLvdd1pWpHVjahSpsvCXUbgwsL3JAcvokwaKt1eokM,False,1037
DvyMnWH5soQUgpbHP9jZbNVn4ZiNrXZiVkva499Bpump,FsqGEsgyRE8CWudD9MiiSsH8XJtTdnArUdRebg2sCVfD,False,24601
Dw6diXFm8WzAqVGDr5SzpJDs7KHHHAsAb2ioG3oTpump,6nVLT8PpseUAe8iQQD5kLzcRsS8qh25waZZzAcGmRWu4,False,24600
DwPuX9wnuDZ8JPbe9mvpgUxzt3hBAF6skpVeHomqpump,TSLvdd1pWpHVjahSpsvCXUbgwsL3JAcvokwaKt1eokM,False,1014
DwS2xMvTCwbZHk1W257eh1LVV7o96vhJUspzoTCapump,TSLvdd1pWpHVjahSpsvCXUbgwsL3JAcvokwaKt1eokM,False,1055
DwbtLD3DrjyYtRsAyuT7AL7TFsfcgnTGDeSXHFVJpump,Dxebwikji4wFpP8dSc6r9MK11Bpwd97b1t1oMjqWGQPi,False,24601
Dwi6xKmaQoHsJjDVigNRfrygjL7Mz3gb5hZYarwapump,,False,997
DxFBd7fCdDG1uBT2VLG5AL8DgUoDUT1Prb3SRNuZpump,TSLvdd1pWpHVjahSpsvCXUbgwsL3JAcvokwaKt1eokM,False,24601
Dxa7iZGXDQ2eFLkVeCvZUMiEm9sRQx3cXad3iGARpump,TSLvdd1pWpHVjahSpsvCXUbgwsL3JAcvokwaKt1eokM,False,1
DxmcUzXfx4f4tgLXYEZ5SbY6B5Ly3aeieNNi2ao7pump,52mXWzgdyhTYx5nBPxZEDCUn8RP6oPszZNrtBRiYAsJs,False,117601
DxmmXGrUNXZhtd4oxQXwyUS9n76983tRGHsMdG7rpump,TSLvdd1pWpHVjahSpsvCXUbgwsL3JAcvokwaKt1eokM,False,1251
DxsnK8wDQJMAzd4DYtJkuGQS3RXeporY7RTK9pvUpump,TSLvdd1pWpHVjahSpsvCXUbgwsL3JAcvokwaKt1eokM,False,940
DxuDg49EpoyWgLD88yHsrG8RAZpQ5MXajEN2i1k6pump,TSLvdd1pWpHVjahSpsvCXUbgwsL3JAcvokwaKt1eokM,False,53
Dy2ki1Cj3GTTxxFdyWwAFzngubr4est6kDgqJkbGpump,TSLvdd1pWpHVjahSpsvCXUbgwsL3JAcvokwaKt1eokM,False,1
DyEjDBv6v2LWZwvP5cw2dbjtMDhrpZUBqZXLhaTrpump,TSLvdd1pWpHVjahSpsvCXUbgwsL3JAcvokwaKt1eokM,False,1092
DyQKBXF132Tcp1mX7mXQw4R4m75SSBQWfDxKQjhxpump,TSLvdd1pWpHVjahSpsvCXUbgwsL3JAcvokwaKt1eokM,False,26118
DyarzvpJ4zMqAiKEr5YbPLMg4D4XMgBwgcTFGDMnpump,8DKK1CHD9Yoy2xXY92RdMJk3W5tsBe2HpYJ6M72byiiC,False,2980
DybvMT2hXx9GNdaTPqT7P5t5RM2WzatYBKrcE2SWpump,TSLvdd1pWpHVjahSpsvCXUbgwsL3JAcvokwaKt1eokM,False,1094
Dyg9HthwdkenToccZQM76TjWFoqSPfQd5d8iR8vspump,,False,1
DymKQD2jLwg6zcopXGNsR1uv57bPDJGHi4nW8KQZpump,TSLvdd1pWpHVjahSpsvCXUbgwsL3JAcvokwaKt1eokM,False,1
Dz1geaDapxkWpxDHy2TgfHiPaPoD6tbJUVRFy42pump,TSLvdd1pWpHVjahSpsvCXUbgwsL3JAcvokwaKt1eokM,False,1
DzBTcjCRaK524YZVaR84j92MH1yUWtqLxYrEAVjapump,TSLvdd1pWpHVjahSpsvCXUbgwsL3JAcvokwaKt1eokM,False,155
DzWi4BNwd3hFZYQpQWbKwXtxMJqjuUQQpnChX5pXpump,TSLvdd1pWpHVjahSpsvCXUbgwsL3JAcvokwaKt1eokM,False,691
DzjGAiPx488iLnt8eSrDshvpt4VGhm8zmBGyjttRpump,HW2YiXrKYAbREuHAWXbz6Rb77c5r4S2pNk3qNpyjJDJs,False,24598
Dzn3qFnCZ9AdxAgVSzrYathsvpsXrAbgyAZEcMF1pump,TSLvdd1pWpHVjahSpsvCXUbgwsL3JAcvokwaKt1eokM,False,1129
DztroDVaThoTxE7q9Mrg5rXTATqTPCm2uijXwUUDpump,TSLvdd1pWpHVjahSpsvCXUbgwsL3JAcvokwaKt1eokM,False,1164
DzuZqXyVzyBYFvjSeAQDHKbzgyxUXVC5AuU2fmw6pump,TSLvdd1pWpHVjahSpsvCXUbgwsL3JAcvokwaKt1eokM,False,1
E13A4JMYDo3yovChntF68V6LcZyNeBeXVUPYnDmUpump,TSLvdd1pWpHVjahSpsvCXUbgwsL3JAcvokwaKt1eokM,False,24601
E1ALQqvGkQcW33aTiGJt87fLNi1xEJEensa5pXHFpump,FJSbFmRwMgLapapkPYStK3ZURLbxYP93Lz2U5yk7vDhF,False,24601
E1Jm7M4a9zwowUPsJEnufvSGEbwVDcVrG1dgVbygpump,52mXWzgdyhTYx5nBPxZEDCUn8RP6oPszZNrtBRiYAsJs,False,1
E1KD5GK2xRCGqyajBw3aBh8Ffngtnjpb3otXdEBLpump,TSLvdd1pWpHVjahSpsvCXUbgwsL3JAcvokwaKt1eokM,False,24601
E1NahZ4psbNdBCzMQmRoWreQNi4b1scQUsQ755zWpump,TSLvdd1pWpHVjahSpsvCXUbgwsL3JAcvokwaKt1eokM,False,1
E1vpyG4Yy7FV4Y1aGvGkRV5PH38JrEZv2QUm8PEdpump,TSLvdd1pWpHVjahSpsvCXUbgwsL3JAcvokwaKt1eokM,False,1
E2BLSv4tXo7qA4Pr3nkJqxyn6743peC7x8E9D5s8pump,,False,1
E2Zmd6LyiKLfqoaXoumzMShTrj4y4QhR6pE6YdMHpump,TSLvdd1pWpHVjahSpsvCXUbgwsL3JAcvokwaKt1eokM,False,1
E2o8VQPcr9cjPmrgnB4fomAXTnfLU6VetyF2yKzzpump,TSLvdd1pWpHVjahSpsvCXUbgwsL3JAcvokwaKt1eokM,False,720
E2pqf2nW8jnow3kjmvj3p4JsYVjwt9NvasRSkKyfpump,TSLvdd1pWpHVjahSpsvCXUbgwsL3JAcvokwaKt1eokM,False,24601
E3c8icbPpDjy8JYeo4o1tRqNKWzgP1gh3m3CnEpepump,TSLvdd1pWpHVjahSpsvCXUbgwsL3JAcvokwaKt1eokM,False,1
E3dTBr4YHMBgMSjJQn9CnbW3kqbU82vQLi4UXRfopump,TSLvdd1pWpHVjahSpsvCXUbgwsL3JAcvokwaKt1eokM,False,797
E3n6PJ4WVBihgfNcCiVRURmoHaxXJcCmFckSYxCTpump,CtcgovVqiiZoeL9Lp619Zgf6wLo5Ue7me18CXEERDQkz,False,24601
E3pAiPcTsR1evE9BSNyhrzQnazTmFSfriGEKzXycpump,TSLvdd1pWpHVjahSpsvCXUbgwsL3JAcvokwaKt1eokM,False,1242
E3pU9piMVEubx3YH4msN826cpaKdAga9zjTQc2dxpump,TSLvdd1pWpHVjahSpsvCXUbgwsL3JAcvokwaKt1eokM,False,1052
E4HveXsrmcwSWjsECFUjfc5cTW39gnYfAU3ZWZ7hpump,TSLvdd1pWpHVjahSpsvCXUbgwsL3JAcvokwaKt1eokM,False,699
E4PwDXy9p9dAfoV9xvWDSkHHDVPWFawxGhmkGbYfpump,,False,1129
E4Y2PPDmznXqdWoUVwuZyyWitB2jwzeG66QkJQzJpump,TSLvdd1pWpHVjahSpsvCXUbgwsL3JAcvokwaKt1eokM,False,1269
E4wkNW5UVH5TGMSjRxdGU5bLrZEmH5KJSsws6XBxpump,BEnGowz22N6QtVdBCqG53FzYGdPhBqSZmPD3aCgnq4NM,False,24601
E4xaqq3DXh1VQ9xDHYXPQeu7Yau5bAXm7qgveFAUpump,JAoVK3y46PY3UQSB3Ggd7wCWU6svYtsYNPNC3yQv36M8,False,24601
E5JbCES5nRhwjE5oaZxS1XUeYwryoW6XAF9kRcTpump,CjGXhRAbQ8oXzikjLQ2Co3iYfmsEf1gud2Vb4G3aA6vo,False,24601
E5LNFX8C53w6B9wnfRvo45Dy5PHVQYGRWDTWxgrUpump,TSLvdd1pWpHVjahSpsvCXUbgwsL3JAcvokwaKt1eokM,False,959
E5PbbvR8KsZjxaXRM1c7kGoHc17kKpkTocngfHvFpump,TSLvdd1pWpHVjahSpsvCXUbgwsL3JAcvokwaKt1eokM,False,1
E5c98SdBGad2TVpkSZ7Lct1RqtVU4bErpdX31GZDpump,TSLvdd1pWpHVjahSpsvCXUbgwsL3JAcvokwaKt1eokM,False,828
E5knUm5QpP5Q8X1hS4K6oomzU9CPusBpHBtm465Upump,TSLvdd1pWpHVjahSpsvCXUbgwsL3JAcvokwaKt1eokM,False,499
E6AujzX54E1ZoPDFP2CyG3HHUVKygEkp6DRqig61pump,TSLvdd1pWpHVjahSpsvCXUbgwsL3JAcvokwaKt1eokM,False,1
E6L9YxLdB2MkKMZXYc9aziSV4EUPp4G1bbYqA2TTpump,,False,323
E6M3kFT7LyepyXpVSdZ46uQBoGJqDewZa5fECj4Epump,TSLvdd1pWpHVjahSpsvCXUbgwsL3JAcvokwaKt1eokM,False,1173
E6N1aagrUTAqtAe6DnV4bctib37tCERbr2TPiHzrpump,TSLvdd1pWpHVjahSpsvCXUbgwsL3JAcvokwaKt1eokM,False,1
E6RvfQEqmWqDGieMtBXLn7Ar1i38pA6sLDLX331tpump,74BkbxHX28w446LFZZoXyp29TNZXPWN9RvZusZwHtx2a,False,1309
E6TcHMDKz8e2sVDfGNU9VmwawvKWBzaqLPAphRYapump,BSPau3Xjywsn5GyMNRDfgoaayLB8Jrk2uGgYnFtyku89,False,24600
E6hawBNLniT1S4h26wzvqBQhbCi1B1GvQrc7a21Hpump,TSLvdd1pWpHVjahSpsvCXUbgwsL3JAcvokwaKt1eokM,False,513
E6pBvDQAX31UzJD9cqqFx6j8Lfvo1q42FD6PAMNRpump,,False,337
E73sf6AWGbPbJNiUw9NEVTMr4L38ZYg3n3vEP2mLpump,CRBdfRkKaHv5yquRd2PX69GQYqsXHTsA2odXe7KSoR1S,False,1
E7GZmsg1ruXzwXHCTHVm1kfC7PHpZSzRsNSxze1Wpump,TSLvdd1pWpHVjahSpsvCXUbgwsL3JAcvokwaKt1eokM,False,24601
E7MzhPoCdDZuLUmwckqVkCtyWNpP1q3iEnn3vE3npump,TSLvdd1pWpHVjahSpsvCXUbgwsL3JAcvokwaKt1eokM,False,1
E7R5MhXZHjm1Pzg3W9VpPY7gWo2pfWacxrPVc1T6pump,TSLvdd1pWpHVjahSpsvCXUbgwsL3JAcvokwaKt1eokM,False,24600
E7hxtFsRQj7842oGpnHLrZrE4EeTnQLv2yjowvpqpump,TSLvdd1pWpHVjahSpsvCXUbgwsL3JAcvokwaKt1eokM,False,805
E7saHtwrZ3i6QNNB15Kq4R8e4mLz5J5XMtJybHNhpump,,,
E7xfKSEs2rq776TbWeBnfoUngnbTjaR5hwzKKFcbpump,3hLnwt8DCU1gsh6x1HeVce5qH7RteZ3aouqXVwqM6Gz9,False,1
E8BVa9VikHbWyxSqUM57i2GTtaBim1D86S4yhjtQpump,TSLvdd1pWpHVjahSpsvCXUbgwsL3JAcvokwaKt1eokM,False,1
E8F25YPZv8128TheGJxfa2XMAZZyTQRYBfSaVfszpump,,False,316
E8WwVYsWJzCFt9QPK3gMEB64y5WtPt5gxsK7c8gspump,TSLvdd1pWpHVjahSpsvCXUbgwsL3JAcvokwaKt1eokM,False,701
E8cxtZH4ivfrZTHXKtVmcEqkyKX5EKKFWW9X8jy8pump,TSLvdd1pWpHVjahSpsvCXUbgwsL3JAcvokwaKt1eokM,False,1
E8h41JVACEiePCdbccFb9mRUvcJc9aR2RCT6hnDCpump,TSLvdd1pWpHVjahSpsvCXUbgwsL3JAcvokwaKt1eokM,False,413
E8y4PPNfyRWs693TXYs9mzi4qWFYbchyxwaPPff1pump,52mXWzgdyhTYx5nBPxZEDCUn8RP6oPszZNrtBRiYAsJs,False,1
E8yBUD4AGdxK7MbQEf85oaAvVBuSoRsGCvX2sMxSpump,TSLvdd1pWpHVjahSpsvCXUbgwsL3JAcvokwaKt1eokM,False,363
E92UoGA8dz8Jt16yt6YCC6zub7QECKYg8m6t72xMpump,EcR7zSJ8Vxy5RUa24xvj9e6j2P9T8Lk3RhJNfpnNSEKW,False,24600
E93sVfsPGKS6W1HSUfXCT9kfVQs8QoZjm5RLV2jdpump,2m9f8JjMA7LNF3TzuE5BjTkrqjqMpZKHPJskv8FV18WF,False,24601
E992zFfKCMLeQU8icMc7H1um8KJzd8fuvWgz3PBppump,CzbN6T1gKkKutvuPXcxNmV8FLqzjsDWebWmg9o8e2ZbU,False,1201
E9YSL4HPQGeM7Zc6RWQSFAoBTkTeNNAMLuf5wWPNpump,TSLvdd1pWpHVjahSpsvCXUbgwsL3JAcvokwaKt1eokM,False,1153
E9cw2Xx3j23JnnmBZNFinTkmnFC7ch1xB4zJ8QPapump,TSLvdd1pWpHVjahSpsvCXUbgwsL3JAcvokwaKt1eokM,False,1134
E9jnkxHKKURapGJBTWJmi8LeTeizbHpq1KP9nndVpump,,False,1216
E9koa8EjkJHyGhj965eVdhaGtVCZZSk8dYjfhCJMpump,TSLvdd1pWpHVjahSpsvCXUbgwsL3JAcvokwaKt1eokM,False,24550
E9pqwP37fggDQ4L5hQdAJkgxjwrXZjv6rwMfiu7fpump,TSLvdd1pWpHVjahSpsvCXUbgwsL3JAcvokwaKt1eokM,False,1
E9tYtHz7LbWb3fxMpRCnb9jiL7EMv1QxSzif1hCJpump,GzrAQq3fKXu48FGnmEW14UcpQJWBc17bJrYNkB1ew7Nm,False,262
E9v9VXWfTHcKQ8dACpHjsnP86XDfT6J72YXZrJgDpump,8eA8sPd9SdARvA5aNZdzi1aXpHf8rEvgAxF6D5yuZvsN,False,283
E9vHCAZGxLdpvFPLEyZYTENvNy4JqPiFLdehvAtMpump,TSLvdd1pWpHVjahSpsvCXUbgwsL3JAcvokwaKt1eokM,False,811
E9yqqhyrQgm8mhALW5ad5L7gmsFRahDAtpgjSsn2pump,TSLvdd1pWpHVjahSpsvCXUbgwsL3JAcvokwaKt1eokM,False,1382
EA7vffEBFg6Kc5wbtmRZAUjJ3BbH4diw1czE4BdNpump,TSLvdd1pWpHVjahSpsvCXUbgwsL3JAcvokwaKt1eokM,False,1115
EAbfd5zEE5vCLjEwQDCaDt6h6AvNtGTgmTDC6KdCpump,,,
EAfsmr78BCRn1qVEesS4hyHfV9NFyPmczsKvygvYpump,TSLvdd1pWpHVjahSpsvCXUbgwsL3JAcvokwaKt1eokM,False,1077
EAn8ByQ2b1pbMRzQg4jbT2yz1nPB8m4tKC1Q9R2Vpump,,False,1145
EB3fE2oAjfY3w84Cif7A9mdGZbH38e3kW8YfTKwtpump,TSLvdd1pWpHVjahSpsvCXUbgwsL3JAcvokwaKt1eokM,False,1318
EB8Sc1KxB8sKg4ug6XjEMVZwaBRG5Xekp2FRmrmApump,TSLvdd1pWpHVjahSpsvCXUbgwsL3JAcvokwaKt1eokM,False,1082
EB8uJb7PfZhEGgLxzTURemxoXMHAEvAnbNi48JQhpump,TSLvdd1pWpHVjahSpsvCXUbgwsL3JAcvokwaKt1eokM,False,1
EBM9YALZBeD9Ds56zNZngZuvjhvkc6ihJpYwVjxNpump,77JKYyvd1Z1GZCEcdaH7ixpi4L9Uo1aKTgjAY7E4PjBR,False,24601
EBPD8hHgY2nHztmgfvzm7oeyPXvh1jpRAGBGets6pump,,False,1290
EBUUX9tMAtm3Ng1utWVJB5K2n1bjv4WWmueQmLo9pump,TSLvdd1pWpHVjahSpsvCXUbgwsL3JAcvokwaKt1eokM,False,1
EBdawfhzt4Zhr8YKUJUqTbfCZgU4KfoPbgj8ZzDvpump,TSLvdd1pWpHVjahSpsvCXUbgwsL3JAcvokwaKt1eokM,False,1211
EBrMDHMAnXPef1fFwrzVPJiRBQ3GR8CSGZEbijL3pump,Rh1NWJSDp1jUFiPtim3bY8ddt9XfUi3Q2bwqLyaTEQR,False,2830
EBt3jjVkoyWiCJ6HTU7pyJH6iwqUpoRkENyTMpKmpump,TSLvdd1pWpHVjahSpsvCXUbgwsL3JAcvokwaKt1eokM,False,227
EC1qmp7LYB4NnsUxd4baiTvmUyqR69wPYF27GJ7Ypump,Cgig2DcVCmAM6H523mvsQxJqkUZCwnretujz3X2gg1H9,False,24565
EC2XDgj7NwxRpBfGd8oE2EzYLGN1Lp9hep7AoDthpump,mA3iiyDHcYaEyxuHG8AJxzvSw49h31obtfh7sFz7EqT,False,2001
EC4t98EG3SxHwjdX2EbtBvDkeDvRiGQKgCsRLR7zpump,,False,1
EC7dLWZ6EYPFS6WhSBLcDPQ3ytrWagiLPNSrnrxDpump,TSLvdd1pWpHVjahSpsvCXUbgwsL3JAcvokwaKt1eokM,False,1
EC86LVdNCSn5BvTSPuX1mG8MMVKu7SjfCbqovoggpump,TSLvdd1pWpHVjahSpsvCXUbgwsL3JAcvokwaKt1eokM,False,825
EC8LV7qe1gcvgwkWsCF12fM7bzxkv5PWSruNMVmZpump,TSLvdd1pWpHVjahSpsvCXUbgwsL3JAcvokwaKt1eokM,False,24557
ECJDjVqW65PCayQQWSPEWD1B74zLX2n4eBQEnSQ1pump,EdNcBDUFQaTxuaaiFfp5Ss4EanvuXtpGV9ZZvFFVRayd,False,24601
ECKBz4Z5gi8T6fXz7btU8tYXivngdYfixXhMm9oqpump,TSLvdd1pWpHVjahSpsvCXUbgwsL3JAcvokwaKt1eokM,False,26601
ECLg1WNdaFCKZggU9rd72mCpH2D6iZjnYiewKYREpump,TSLvdd1pWpHVjahSpsvCXUbgwsL3JAcvokwaKt1eokM,False,859
ECY31gWwxy4s2VnMkYhmqDkrV75KrwR2yTtsnrnSpump,TSLvdd1pWpHVjahSpsvCXUbgwsL3JAcvokwaKt1eokM,False,1
ECbbgVcPcgbG1rJidrpDmKzZpfGKH7Bpcmam8o1vpump,TSLvdd1pWpHVjahSpsvCXUbgwsL3JAcvokwaKt1eokM,False,504
ECijk58xo71mFYwZcM4xC4rRh2EiYpxST92z6ZDCpump,GBVpVZwAuDPF74sHjKxBiV96288sW99pfbTTDwoYu6Kr,False,1
ED6gaTMG4z7AN8vrz6C32oK4CUD17wHQJiKpmfZtpump,JDg7UHGoFTjnj7EGqkC5MhYK2ZhXkGy6aasMsWyhLS1U,False,1014
EDD36voh7TReG8tYL26yA5JCHdAaVf63pEZdGsS3pump,9GBEKZdw769ZG6LiXzHcxVEbmtNUHKMSq37uy9UJqL4,False,1088
EDHrQBSssKYGNht9FZMhB9zzf52MZaBe4N35iyRgpump,TSLvdd1pWpHVjahSpsvCXUbgwsL3JAcvokwaKt1eokM,False,1
EDJEh83Epjcc5gBUsMoVUErkpAKfcE7irmb9kPkqpump,TSLvdd1pWpHVjahSpsvCXUbgwsL3JAcvokwaKt1eokM,False,1000
EDPL6LGZzTe1KQxeb5JXG9s1ExBWk9QgEJk2GKJvpump,TSLvdd1pWpHVjahSpsvCXUbgwsL3JAcvokwaKt1eokM,False,1
EDTgs8cZxtQu1FrhGhHpsua6voBEvU1vCnWXwUdupump,TSLvdd1pWpHVjahSpsvCXUbgwsL3JAcvokwaKt1eokM,False,24601
EDnF2Spd8B9Sw6RSACaUZ2fyWBuXniMiXd7tJKRRpump,5Rup9REQF3YcSWXbh1VSHS2QUmq79neUJoWPKRpuaEGX,False,24601
EE1JYjpo1croL7awdhu1PGys4WthumnWX5WT6uTDpump,TSLvdd1pWpHVjahSpsvCXUbgwsL3JAcvokwaKt1eokM,False,271
EE3hEc8HTvVAwMeRxmqvmJpWGXx6p5YSx8DMKCTEpump,TSLvdd1pWpHVjahSpsvCXUbgwsL3JAcvokwaKt1eokM,False,1
EE5df72ENbjs4YJ1RF5jcyoPe51kwigShXg1za88pump,TSLvdd1pWpHVjahSpsvCXUbgwsL3JAcvokwaKt1eokM,False,1
EEAy5QjPS5F3Jqqd51MYfHo8enAKtgFZxNnFjbeVpump,3MzocyRW1Cnomhnp9mF47Vo6CpahXFUNNekcbXaD1bY5,False,1
EEBA6E69rhvGgLSs633u5qVeNjo77fp2wY3yj8Aipump,TSLvdd1pWpHVjahSpsvCXUbgwsL3JAcvokwaKt1eokM,False,1
EELU55zVCwTzm75UdgeAXJsBKDavjSGe6KdLRLnZpump,TSLvdd1pWpHVjahSpsvCXUbgwsL3JAcvokwaKt1eokM,False,1
EEPyp9ELjTCUzeteBDXyuRvb2nEVZeMVjJuHi3Kcpump,TSLvdd1pWpHVjahSpsvCXUbgwsL3JAcvokwaKt1eokM,False,732
EETapG1ANcUM4Eq1QDLVAM2QYb49H5bkdkCwf4GFpump,JC797oJnTrDDDw68MWK1PN2jFw5RwZtngasGuvUkNVxQ,False,24601
EEUbuZ9byfrXki1fYJB4yzVWnF3PsBShRZXEy7eUpump,TSLvdd1pWpHVjahSpsvCXUbgwsL3JAcvokwaKt1eokM,False,678
EEwnvxqxupTuAsAE9i7GrJpRd5ynsXYLAv5uYcAYpump,ABNwTeoUWZHDeEDFVGp8Xud5J32EEhydZ6ERoBUGbfYw,False,595
EF3DjQPQzvepid5yMQ41HSL4zdBNGBeUceYHszfrpump,TSLvdd1pWpHVjahSpsvCXUbgwsL3JAcvokwaKt1eokM,False,360
EF6BHf9cFdTWtETpwa42Ca4h9D7hdnLm3JKBxt56pump,TSLvdd1pWpHVjahSpsvCXUbgwsL3JAcvokwaKt1eokM,False,768
EFDAZU2vDQKBpphZi7iYzRNG33k39eV13qeRSRPrpump,TSLvdd1pWpHVjahSpsvCXUbgwsL3JAcvokwaKt1eokM,False,193
EFGkPZSFAwJfDMNNpXWeLFkckKQEKfbaWKax6kyQpump,TSLvdd1pWpHVjahSpsvCXUbgwsL3JAcvokwaKt1eokM,False,526
EFKdhXHkNPVZErGo9vjDGLkJHck6KpRvQge87Zt4pump,TSLvdd1pWpHVjahSpsvCXUbgwsL3JAcvokwaKt1eokM,False,1054
EFa6vSJjretwpcZxb5QuVQ62xRmMJehLtNPhG9pApump,TSLvdd1pWpHVjahSpsvCXUbgwsL3JAcvokwaKt1eokM,False,24601
EFkrnR3xmmwAJDgaFkmzEBrkVoeSSCYqMYGWQhU3pump,TSLvdd1pWpHVjahSpsvCXUbgwsL3JAcvokwaKt1eokM,False,1010
EG1gtwco4rsUbSkRWdy9w3rxdY5YuVjyPXf9X7a1pump,CAYAFk8PJpZDtukE2NPVRzQaCZm7LnF8Tfe8dYbxa4Cs,False,24601
EG1iPWKoE5LSo4HiFdoSY1UjgrqvJFNJXBncZZ3Kpump,TSLvdd1pWpHVjahSpsvCXUbgwsL3JAcvokwaKt1eokM,False,1
EG2KJdFNQFzupB49HUeyWbQpxz14NDn3ZDZdKrH1pump,TSLvdd1pWpHVjahSpsvCXUbgwsL3JAcvokwaKt1eokM,False,1200
EGL797u6PFfApYF3JS7mp5amBW97M3X7wcePguwopump,BqjCqYDWdw6SVN97pv2Pht4nXFd94pcU9FEEqLjSyik5,False,24601
EGMAb9cZawkqdnATSMqAxwevuwTLcE6JcVJjAcSppump,TSLvdd1pWpHVjahSpsvCXUbgwsL3JAcvokwaKt1eokM,False,639
EGMNLGp2J45bUGfK8Xs5FkYx1qmqbgyzwEEDbK9xpump,TSLvdd1pWpHVjahSpsvCXUbgwsL3JAcvokwaKt1eokM,False,474
EGji5RcgQ6635yUT5ctJ37Ti8LBDEYDg76hz8b57pump,TSLvdd1pWpHVjahSpsvCXUbgwsL3JAcvokwaKt1eokM,False,1
EGxRBwjoC99LtLznAyLFcSxaiCrzPiXW3gHmemq4pump,TSLvdd1pWpHVjahSpsvCXUbgwsL3JAcvokwaKt1eokM,False,354
EGxWoteoTqwyzgXFZSxagKBUkoVbqtyRmnDewQNEpump,TSLvdd1pWpHVjahSpsvCXUbgwsL3JAcvokwaKt1eokM,False,1
EH2tRrNn2TfD2c1vNLMrNaxa4wskzEnzb1Vo5YDRpump,TSLvdd1pWpHVjahSpsvCXUbgwsL3JAcvokwaKt1eokM,False,501
EH8qsvapyvN6WKGDvpaMEPD78QogYafdYEKJiqaVpump,TSLvdd1pWpHVjahSpsvCXUbgwsL3JAcvokwaKt1eokM,False,656
EHGkBNRbY6nTB1Fcp15166cQ1LQe4cvCruP3dAcrpump,CfyjfkdfVchdvtKyPbBxBoScfSUPBVMwnGbYeXBs5uKw,False,26590
EHQzNYCetupwF7e8zutsWoqYQBvsZRqf93TfWZxrpump,EwHCvPcTAj8yDJzpxdSuKZ52EUjH2SYkKDwcjZMCkrDi,False,1252
EHSKoK73h25NABsogseisBbZbM8Jctc4KU7MghGdpump,TSLvdd1pWpHVjahSpsvCXUbgwsL3JAcvokwaKt1eokM,False,1040
EHb5aQHohcYNaYQGGCpEGPktrkXH8ppuputvdD3Cpump,,False,357
EHgaf5i9f1q8aVugUKjpaYbf1ncnfn7gP9Sv8JLVpump,TSLvdd1pWpHVjahSpsvCXUbgwsL3JAcvokwaKt1eokM,False,540
EHu6jyk7uMxyMYC43YN98PSbeJxFZjmpucCCCf3Jpump,TSLvdd1pWpHVjahSpsvCXUbgwsL3JAcvokwaKt1eokM,False,24601
EHwxCnHrK3ysDkJkscqNjJJrd9UqYmFxUvt3jykEpump,,False,337
EHxyHB7n18guE7ca36sYFr1tLTuVc2qERw8MgmSpump,GqegmrAtPvt7dzZMtmK4xtUncTv4za192FFbmHJuPeMh,False,22656
EJ1RbQZs1r1eTAnMTVfgGekgWt6nbHjNGqcn8prxpump,TSLvdd1pWpHVjahSpsvCXUbgwsL3JAcvokwaKt1eokM,False,1
EJDzFUZHpZt7HMy7kLbKq9EdfshBKDDHdS2aFnDpump,TSLvdd1pWpHVjahSpsvCXUbgwsL3JAcvokwaKt1eokM,False,694
EJMNLsLodt9ytfE5E8oKksdgnkDdU8gGYCKFpSUMpump,TSLvdd1pWpHVjahSpsvCXUbgwsL3JAcvokwaKt1eokM,False,1
EJPNv3u6Z7y3STGH8NE7toSZQEXtUAi2n9yCYXw8pump,2eJDbGVnWDPn1VpWrcYaySMygXxjXPAoXipMLXMDttsQ,False,24599
EJnDq5rBMtjN13wu2mZwTXeQNwoyCt2Mf6zwKUgrpump,TSLvdd1pWpHVjahSpsvCXUbgwsL3JAcvokwaKt1eokM,False,145
EJoM1QogHbTuegV6MFSf8dJ8fUH4GuNQv8aCU3Chpump,TSLvdd1pWpHVjahSpsvCXUbgwsL3JAcvokwaKt1eokM,False,3001
EJyjdFx9ww6Desx5Z7cQpTGLVyJyz4HjeH9q8n67pump,TSLvdd1pWpHVjahSpsvCXUbgwsL3JAcvokwaKt1eokM,False,1196
EK1Y2PPYPqP2itpjKFdZom2BBtpB9TfHRzYWyEsxpump,TSLvdd1pWpHVjahSpsvCXUbgwsL3JAcvokwaKt1eokM,False,1
EKSuhPJ9SjiEieMeKxwJ3BnF849cTZC4ZEPYvYpWpump,TSLvdd1pWpHVjahSpsvCXUbgwsL3JAcvokwaKt1eokM,False,1
EKVjfBLUo4M4AxFYo9hEZWDEH6WzuZSHboWXY9wDpump,TSLvdd1pWpHVjahSpsvCXUbgwsL3JAcvokwaKt1eokM,False,414
EKXwip4RjxoEUaneDkP8nrun3pwjAVWafcw8ZuVWpump,7ZpXzYX9AYLMr8zZi8NJonECtjtVA7R5FRgfCxAE7Zoo,False,455
EKhcfUzjB7KVvsxPbkragW8FcdEppjQhzEbgSAqopump,TSLvdd1pWpHVjahSpsvCXUbgwsL3JAcvokwaKt1eokM,False,24461
EKjYU9SbkK1GAbx1Rhi2htLGtK7RFBtDrPoqaoivpump,TSLvdd1pWpHVjahSpsvCXUbgwsL3JAcvokwaKt1eokM,False,431
EKkKSWHXox7hH28WX6oKWr3wck8xC28HPuuuq4GXpump,C7oHMtDbMRuUgbYbztqgoiAjpb34HPyXw2hk4TtY5so2,False,1
EL36YoYyYvhkn79ZSfTtCh4fzX1wzjZ9BEcTSfeTpump,TSLvdd1pWpHVjahSpsvCXUbgwsL3JAcvokwaKt1eokM,False,441
EL8tDCUCCkcYpfMQKVghcc8yWSRHJFtnRYBtfJjgpump,TSLvdd1pWpHVjahSpsvCXUbgwsL3JAcvokwaKt1eokM,False,1
EL9pEwohmKCgKsFHMzRWrAa2Fsq9mCzRCMq2W4o2pump,7M9Ncpnnx3k5U8tMKwVTDzbu6VGT1zAjzERF2Jcs6NRn,False,1
ELCtSnwg1E7wxhd1rUSfWiodfxnm22n1vEZSoAnbpump,8V1CSXRR7aPJy3sgSHSFPq3AvTYgQJBCkAMiT9Qsz6iB,False,35758
ELNNMuvEt5heBUsKkgi6uzSFscPWfBWGJotGFAFdpump,TSLvdd1pWpHVjahSpsvCXUbgwsL3JAcvokwaKt1eokM,False,1201
ELfCwPa2UXTNzMaoF76LqKFKwZx3yoV5jXheTEMWpump,TSLvdd1pWpHVjahSpsvCXUbgwsL3JAcvokwaKt1eokM,False,227
ELn1AFgYNKdcMG6gfjwRqksP9PCGz7s3TgNxhiV6pump,TSLvdd1pWpHVjahSpsvCXUbgwsL3JAcvokwaKt1eokM,False,1
ELupUCAL4ZRKggz33FkHygnHjMyWPqi14MfBL1zQpump,TSLvdd1pWpHVjahSpsvCXUbgwsL3JAcvokwaKt1eokM,False,660
EM5XFHRjzDexTbrw9uEfMGeZRUU7qnngN5rToEb2pump,TSLvdd1pWpHVjahSpsvCXUbgwsL3JAcvokwaKt1eokM,False,1
EMNdTqUnKuVsMnZX69ALzzZhjxzXnHXMgFvTgjLGpump,CXoUJHtBGnuNR6zJ3zm8nTnNzCwXxFViXh29d1kTJQmK,False,24589
EMor7ZPQiB8oFJqHvQftywNrvHexQC6LCMc3MT2dpump,TSLvdd1pWpHVjahSpsvCXUbgwsL3JAcvokwaKt1eokM,False,418
EMt1demHMbWstzVYUFucAH1HZMgNvwFgeCF8ggBpump,64eP8rTxArf2xJKBCZLXx1U4GzUUXDpQyDkJs4J414y,False,1
EMy5aQgfobdmPnWvMoqN7ArcVaoWXfE2vD2HtkaVpump,Gi1LGi78bsLTGggZ2xEje6ew4RKZcp9ya3W3LnGxhDBR,False,78100
EMzSUfXSVKtFKXRiX8pu1DFhujPu9g4hDz9Lisqkpump,TSLvdd1pWpHVjahSpsvCXUbgwsL3JAcvokwaKt1eokM,False,1
EN8YG7UW8r1gt2UXecStgVyjigm9neDAJnBBXoX5pump,TSLvdd1pWpHVjahSpsvCXUbgwsL3JAcvokwaKt1eokM,False,444
ENEr9k5mvYJc77rEkkePFs3Re7rYkwk1vPGQKjsZpump,Cd5ifoCFV46dBfxLpFUXgFCBXmd2wxA46FxKsQjcoxos,False,24601
ENFcR4n3TTSzwDLxuCst3dUq8HvA1czhDB98cj8Ppump,TSLvdd1pWpHVjahSpsvCXUbgwsL3JAcvokwaKt1eokM,False,1
ENkjpWiooKmYidcpaLMpg72723QEYLERhXeqnZq2pump,TSLvdd1pWpHVjahSpsvCXUbgwsL3JAcvokwaKt1eokM,False,1291
ENzKWXSXdn7Z1sMk1cL7TZmtmnbt7Lney5tK2QSWpump,TSLvdd1pWpHVjahSpsvCXUbgwsL3JAcvokwaKt1eokM,False,1
EP5yVqjBSrHLvEuAkJdh7ga2uEAYB8SBthG676n6pump,,False,1306
EPDoWeeKdgQk9yY19qt7WMK1ZYJXMKMtyNCWyzk8pump,52mXWzgdyhTYx5nBPxZEDCUn8RP6oPszZNrtBRiYAsJs,False,1
EPKSZaLCjU5wVyMPH3N2rrNDgmJsuQQtFDiTEP1Jpump,TSLvdd1pWpHVjahSpsvCXUbgwsL3JAcvokwaKt1eokM,False,1170
EPLWNRkzRUuuWJA2NuvDnamgkFrvXg7MmEp7BowLpump,TSLvdd1pWpHVjahSpsvCXUbgwsL3JAcvokwaKt1eokM,False,620
EPLWRBbwXEioRgVaePXz2MbcLFbW4oAp2dgMNUBspump,B6ZYdQCpeTNQg6urGuzXduxExbPTDvBv4YCepemnUJrS,False,24601
EPZjS3gVxHsJpSunVA5JZENJ5GWknNusojTfAEiopump,,False,24469
EPtGK4deG13EmxhkrM3uQFay5txx3hRT4ipQpKsfpump,TSLvdd1pWpHVjahSpsvCXUbgwsL3JAcvokwaKt1eokM,False,1
EQ1DqeCwYSsGAdEdouGcCtaie6XLVaF35CUovshapump,TSLvdd1pWpHVjahSpsvCXUbgwsL3JAcvokwaKt1eokM,False,906
EQqQVg2kp7kcvydu7xYG2DJFFZLjwToWHAq7JZtrpump,TSLvdd1pWpHVjahSpsvCXUbgwsL3JAcvokwaKt1eokM,False,1105
EQunAumPrLwbnYBLRQwpEZ8iMotAZ3Ctyo5x7jDspump,TSLvdd1pWpHVjahSpsvCXUbgwsL3JAcvokwaKt1eokM,False,24588
ER3aycyPbigXu53gEnLzP4mqXtkFNtFU2ibWwr6Spump,TSLvdd1pWpHVjahSpsvCXUbgwsL3JAcvokwaKt1eokM,False,1001
ERBCfLZxeqeSYfZXcEb2fDgEpZJbsWpFaaNbH9Vbpump,TSLvdd1pWpHVjahSpsvCXUbgwsL3JAcvokwaKt1eokM,False,24600
ERBZ2tgcbkmVzxkNmW9dKWvc45j8GY3p7s5Xb3Y6pump,DuPGu43nJMPx7bishwQQZQ4n9SLjEk3WyMvMtwxXiwtB,False,3084
ERBeYFBP2oA1MpcpMAGEEpzBZVmBhjQu1BG4yML5pump,TSLvdd1pWpHVjahSpsvCXUbgwsL3JAcvokwaKt1eokM,False,1
ERGoWbB2ZPCPhAYta19qhQWWPRfDpo4aVMPWPW5Bpump,CgeHy6ofykNoMkuTmVUu593FTmuovnbCNGbEWttrkiTU,False,1
ERLqGWMsmyuRAmHWBM8MUGbokAj94GDX65dvKWxmpump,,False,1
ERwNWCBSc3u5AvY14Qxd1KzxcZgQkRs2gYmxqN85pump,6Q4SvRjp5Bhtv8swWT1jv6tVfieCggrYL4bcvsk2eKg4,False,1
ES1eaoQqjJpJsktxSJGH8XhmMkLmps9xgV3vJ5rLpump,TSLvdd1pWpHVjahSpsvCXUbgwsL3JAcvokwaKt1eokM,False,1
ESMbwwUbyCz1zjbZkP1of2XwrSW3YiaSC7JB3HFapump,TSLvdd1pWpHVjahSpsvCXUbgwsL3JAcvokwaKt1eokM,False,927
ESVRQ6phc55VCw7sWB6JgW3PeTB6N68kvwjfsMPcpump,TSLvdd1pWpHVjahSpsvCXUbgwsL3JAcvokwaKt1eokM,False,1
ESiH7htFwV39fV2ZFB5qj2UeaDV5JAFYWxMGG4Anpump,AegjNxkedfpaVoobpFUJj5Dsya6nihJvkRP1Gckh5EUB,False,24569
ESit97vs1Lo3Py96kVpb7t52QMdvvs5nUXyM1owbpump,D4PtEHh9iDTheygnErXigjXmFpAhdftNpVV8qeJFHtDu,False,3100
ESoB6NAEtGTfftPRNFdVPYAVPiVmuPs6UZL919jNpump,,False,24601
ESsJ2J7Ev2UUvnUDMYGVaz6gfzCSBHjFjsEnuPhspump,fnbD1X9cehGZWiVfuwgadcLaUHYQ9pp4XgvHSMJqC14,False,24599
ETAj3NasRaACu9JHhhzz1JhBWQBYEjtFpBBCBgTUpump,TSLvdd1pWpHVjahSpsvCXUbgwsL3JAcvokwaKt1eokM,False,998
ETPiH3icFJGixibaegS6SvrRXhp7PcyR3xqvQREqpump,TSLvdd1pWpHVjahSpsvCXUbgwsL3JAcvokwaKt1eokM,False,787
ETQ1eizmor3uMnPByaRDdzqVDa67XBdxNuWB61t5pump,,False,754
ETXvsLFsMM5A1gcv295wMg8x9cyFR1Hjz9FDzJ8Vpump,TSLvdd1pWpHVjahSpsvCXUbgwsL3JAcvokwaKt1eokM,False,1362
ETZDTrZp1tWSTPHf22cyUXiv5xGzXuBFEwJAsE8ypump,,False,1
ETkibggUmzFDDbj1aaZJJ1o6ftoiJ69BcWh6mpfjpump,TSLvdd1pWpHVjahSpsvCXUbgwsL3JAcvokwaKt1eokM,False,1
ETsWsdCo1Je3U3sGjoVny4ehspFnYumXWiNk3hpzpump,GjFrmHGVMa62ELtxJJtHPgdaphQBd1vXvi7Y2caUNSgQ,False,1
EU7ai241yUNtwvfakBbN8VPnCjmUXQv5uDzN3uehpump,HFcjBsgmM224GPKXeBK8FmTM5qvHXiKc2NbFecArfuCn,False,24598
EUF7uu2mJkSZ3NT8XDiXAyVR7fzoTexg9bgqBFrdpump,7KTtqY4ABNHw5AJcDFC6pYPoiUYUPntNyBRP7hrZLZbz,False,1
EUFekH6McFL2Eg4ti7s7hKLGeupYe4wKax139qSQpump,TSLvdd1pWpHVjahSpsvCXUbgwsL3JAcvokwaKt1eokM,False,24601
EUNev5ZzXVf7WUUDEpyf3vm274XrHGchY57UNA1vpump,TSLvdd1pWpHVjahSpsvCXUbgwsL3JAcvokwaKt1eokM,False,1
EUZ7aBJu8sQLXhW3AX3K93SGtTF4FCKU3pnZJj5opump,TSLvdd1pWpHVjahSpsvCXUbgwsL3JAcvokwaKt1eokM,False,1
EUnQZQYGnbvzuYwQrVQFVByTfT6wuBrhS5bPeWs6pump,TSLvdd1pWpHVjahSpsvCXUbgwsL3JAcvokwaKt1eokM,False,889
EUpCnpVXfLmZ1fwNSNjArK6yeiYUKPLfq8NiKteUpump,TSLvdd1pWpHVjahSpsvCXUbgwsL3JAcvokwaKt1eokM,False,1219
EUrUpTA428WaWCcRnuAFgCq8jefD3cjVAH5mG3UEpump,TSLvdd1pWpHVjahSpsvCXUbgwsL3JAcvokwaKt1eokM,False,1052
EUvBHnxzcA4NP6pTkuFYyRHZhonQD3a3kf84ApUwpump,CthgGz2qqBXQqJweqH9BBZbgAnQuDodRYde98md8XvEp,False,24601
EV5dUxV8ecER3wbpWdgFw9vX9PE1SVJ9EZo8LkWUpump,TSLvdd1pWpHVjahSpsvCXUbgwsL3JAcvokwaKt1eokM,False,1
EV79kchLetBaU7uazwQWQuSHSHLciAtVEo3iBSnLpump,FBDrJSGQ4yMwtpXfqqGoBgewqTpbftSmXtaynu9G7PMw,False,22434
EVMwsVikohcFaG2C4m1EsvWMVKsifVfAWcWxtke6pump,ALo6PHmBu1nLsEWxgAX9RS33zneE2ZyZkrZj6F4DrnDM,False,3100
EVdrCikJ5nkdfYZpGMUVazAkPxxePuvFp43hp88gpump,,False,338
EVgPUtiE6Fg7T6RY16ACmydX7uucpCaqsK3es3u2pump,TSLvdd1pWpHVjahSpsvCXUbgwsL3JAcvokwaKt1eokM,False,1
EVmz3FbPr1apbx5S6knTpCW3dnV5hAQ8BQ5higxzpump,FAKZCH3eEVMTavREgLhpFN1JT2s9Ujvj5QYdJLUt2Smb,False,1
EVn5ycqGZvQQtGwf81e1nriSAsmmhxoW17Mf5iS5pump,TSLvdd1pWpHVjahSpsvCXUbgwsL3JAcvokwaKt1eokM,False,1256
EWBdpQoBLLACQJhSHYxv3BufBnZR9g4Q89PLEDwLpump,TSLvdd1pWpHVjahSpsvCXUbgwsL3JAcvokwaKt1eokM,False,1214
EWKki7aVE1JzkwH9X5s9bUgGQBiujiQvYqQVo7rUpump,DdZG8dw12CsHjj2Ytfo1vKNPPoU4DEYSMSxdhPjo5U6N,False,24601
EWStpX3pYoMkjhmQkZFHUF5ob5Qda7Jgvy1ut5T3pump,,False,53
EWaHMxYFSUnpmx9FBPEzVYKvRyZ3BDE7E4eqpAKXpump,TSLvdd1pWpHVjahSpsvCXUbgwsL3JAcvokwaKt1eokM,False,1185
EWaTSjGSs4TasWbBh4sWha6EKnmkw7ymTHKzZ1HYpump,TSLvdd1pWpHVjahSpsvCXUbgwsL3JAcvokwaKt1eokM,False,36095
EWpSHgsRaKX89csVzSdQfrepUnCL22k5VRAqCXv5pump,TSLvdd1pWpHVjahSpsvCXUbgwsL3JAcvokwaKt1eokM,False,514
EWqTQDh4ummPW7cwTSPEjizACh5AXxDWGXhud6dvpump,TSLvdd1pWpHVjahSpsvCXUbgwsL3JAcvokwaKt1eokM,False,112
EWx3xDR76YfxF3VHwTLgwU9WYrwANw3yxX5vvk8Kpump,TSLvdd1pWpHVjahSpsvCXUbgwsL3JAcvokwaKt1eokM,False,6076
EWy1HPEUq4Lgm6H4pQ8augEuJ7WRwJgENZMTAUzrpump,,False,1
EXAmmisHH7aTJWf8fsiBEbiXEKruugNu5j1LkiJzpump,TSLvdd1pWpHVjahSpsvCXUbgwsL3JAcvokwaKt1eokM,False,174
EXeGCENYky5sYXVLGmASPGCyuXRHf41UUsdDt3oUpump,,False,892
EXha4aGf5EZd8mK1hBfkxhs4CckxAZHLMCG454CUpump,TSLvdd1pWpHVjahSpsvCXUbgwsL3JAcvokwaKt1eokM,False,24601
EXjcnPNhz4oEP4235ZRGRDuKpzU6fGshDmAnyTZzpump,,False,1123
EXmcKAFQ8Ay3dfKjfrw8unYeHRGV633nedP3SVrXpump,F5Ue6NKAZwRqhHjRN3u6feLdEuuXqV2q6bhMuaB9w1Jk,False,2001
EXqybXi4Rf7qZVDXAgAv6zDjGMUXBHgPzFFowEmkpump,TSLvdd1pWpHVjahSpsvCXUbgwsL3JAcvokwaKt1eokM,False,24600
EY6za54F1sCj2UasUFET2PcppCYg2iMsNd4udQvpump,TSLvdd1pWpHVjahSpsvCXUbgwsL3JAcvokwaKt1eokM,False,998
EY8C8NsFuQ3CHjEYkT82nESkx4wiycmEBso2grt8pump,TSLvdd1pWpHVjahSpsvCXUbgwsL3JAcvokwaKt1eokM,False,854
EYAS69UsF7nh8jptB9366WCWpV9C7RdUMf9smbdpump,TSLvdd1pWpHVjahSpsvCXUbgwsL3JAcvokwaKt1eokM,False,1
EYJ1t79xtcYR8TsFfmVejhXF6noarYHHJyjEGPLjpump,TSLvdd1pWpHVjahSpsvCXUbgwsL3JAcvokwaKt1eokM,False,1224
EYPUeUwmWXJ54YXYHoAUfbdbcfM8GwuKP9ektMA8pump,7kJcz6KD1aGiwBEGWHGZ9Dy687SAfUd6t7tYRuZTSNS6,False,1
EYPrKeSUXxcwd2nAbmv7aGwwJWsTXafacbBHZ7NBpump,4ggSFo79TaNwHbyidYUVZBzbVz7xLP4EATtPFdsgoBVF,False,1237
EYRKPZSXk3nXitXZ2p53DkRCZqVa8rnidGu4s4Z4pump,TSLvdd1pWpHVjahSpsvCXUbgwsL3JAcvokwaKt1eokM,False,1111
EYbMYFevPgF3dWGKVa9FDy5BpfGJuKfRHqdP7tghpump,TSLvdd1pWpHVjahSpsvCXUbgwsL3JAcvokwaKt1eokM,False,24599
EYmuLAEhEWTuyjxP8EJBvd4yAZB2P99NfnWt3EqHpump,TSLvdd1pWpHVjahSpsvCXUbgwsL3JAcvokwaKt1eokM,False,248
EYpUaSfpdwrMS4ug2RnKmDk39yJ8S7ktLcjGJ8vApump,TSLvdd1pWpHVjahSpsvCXUbgwsL3JAcvokwaKt1eokM,False,14500
EYrci5wDqErWHXjKPLxeWtbXq36JcFKzCC7JoMi1pump,,False,1
EYsTgGpKUzuqJa6QF45mUxPXdhcscELEeRrJkgJqpump,TSLvdd1pWpHVjahSpsvCXUbgwsL3JAcvokwaKt1eokM,False,1
EYtV6vqtg5mtVdZkMBcpJ96w7sVjyNqK8sQgnzj9pump,TSLvdd1pWpHVjahSpsvCXUbgwsL3JAcvokwaKt1eokM,False,1
EYwNqD3BrrmHYFC5xfEsELZmKapsQbjv3xHsNdg4pump,,False,418
EYwekqw9wncwxwAD8tq3khcko17XN2eUYayM1xWCpump,GrzFpqVoYQuampcZd34JH1i3nu5H67uzBNkXe7U5ufvG,False,434
EZ3nYqBAejGTkfsHw9oQ6TyghxKinApCvMP8dBFKpump,TSLvdd1pWpHVjahSpsvCXUbgwsL3JAcvokwaKt1eokM,False,24593
EZ9GEGdfeDs5rWHWPdQL3Wr6SWhRVrGK2CPNyPTGpump,TSLvdd1pWpHVjahSpsvCXUbgwsL3JAcvokwaKt1eokM,False,575
EZDwvexi9tWuduXTsqCNmgQNPpLPpXJySHCX3PNrpump,TSLvdd1pWpHVjahSpsvCXUbgwsL3JAcvokwaKt1eokM,False,1
EZYTAxEJZqNr7misE9uzQRrSQVmNryyisABRy2WVpump,TSLvdd1pWpHVjahSpsvCXUbgwsL3JAcvokwaKt1eokM,False,1
EZYiumHbAJFpjSBdAP8eJRUMG3XzrdHryhbP1JS2pump,TSLvdd1pWpHVjahSpsvCXUbgwsL3JAcvokwaKt1eokM,False,1077
EZZ3eiPi6N98gw5WVpg3mdTaETDknSUxtJYzrQE1pump,TSLvdd1pWpHVjahSpsvCXUbgwsL3JAcvokwaKt1eokM,False,1182
EZg4jFUBAkpdXC8wobNyVcZ4P5UdeSSEPU2S9t4cpump,TSLvdd1pWpHVjahSpsvCXUbgwsL3JAcvokwaKt1eokM,False,446
EZhGaCkb1mrHGPCBD7Dpz188vdTtKVM7FnvmkWqFpump,52mXWzgdyhTYx5nBPxZEDCUn8RP6oPszZNrtBRiYAsJs,False,1
EZkgXnL4PAEQNNX9SfvjAkxXJHkd4mUcUgopLs4pump,8wG6ddTDZ39f2QZP4NXwRmR895T6awuadJPmqdcVtPZz,False,28000
EZqF6CDg2BiLB6hF3tcZ8V9u21V9353nGhT3Kz1Ypump,TSLvdd1pWpHVjahSpsvCXUbgwsL3JAcvokwaKt1eokM,False,100
EZyyjjeAMCBiBcemJNfW1bCZZvbz5WKCRCLyKUC4pump,4ogHkkzDYJ3D3petkK5vZ79ybLC7RiZ9A48AAQeTBRbR,False,24601
Ea8wZRzamzLwPHyfeLRQsx424oy4BDSGBsFA3YMHpump,TSLvdd1pWpHVjahSpsvCXUbgwsL3JAcvokwaKt1eokM,False,269
EaEQT3gJnUfeXNwigth29BSdv9oR4YtPzLTkEDzrpump,TSLvdd1pWpHVjahSpsvCXUbgwsL3JAcvokwaKt1eokM,False,1
EaGdChF86ZsyNBoJZ5pRSEux6PKj2VtfD3iA64p9pump,BmsoPKEWfuCGpTXMstcL6ULQhjv3pm66XgPFoWAFnSQd,False,2001
EaLJrqbYHfSycfeiXBQFp6mwJYzJdszKPzxoAAbSpump,TSLvdd1pWpHVjahSpsvCXUbgwsL3JAcvokwaKt1eokM,False,24601
EaQe6h4aQy5gkrWJUxS8eeM5YtFFZ8Epc7Akd436pump,TSLvdd1pWpHVjahSpsvCXUbgwsL3JAcvokwaKt1eokM,False,798
EaVwRAXqe2Cbesm9dQs4AeeQP1X6VB8dczZHmXuDpump,TSLvdd1pWpHVjahSpsvCXUbgwsL3JAcvokwaKt1eokM,False,132
EacVvKTDwEgzm4MhsnCVHqcTLedGpg215DQkEiy1pump,TSLvdd1pWpHVjahSpsvCXUbgwsL3JAcvokwaKt1eokM,False,337
EaeU6b94XAGnQ96EhGHHXC9XdKDu4nutzWArDsdFpump,9Ash3iRQUR4Yy5UpsZ6v1cmWrS5U68cQ9pRtfr1KhvDo,False,24601
EarBHXni9dcGTLuUMuWgYJ5s7qDKwzA16WuUdBBXpump,TSLvdd1pWpHVjahSpsvCXUbgwsL3JAcvokwaKt1eokM,False,799
EaxAUcXxNnVwcqm2BBocbows7D1XVY2Q63V38NEypump,Afx8Y8XufX4nPWrNxAQ2WKMDnYmaeJ5MQUzLySdNjgnr,False,1
Eb4PUaF4rFFqmgjbu2yXkohA1UwHGrQaCZSrtqgNpump,95wPoN3FVq9Vd7ijqcYZiD3Zac7YAZLVgeuHgY6TBSFR,False,1
Eb6sLj2MoeAkdDEtVEugzsmnTh4yJedEfj9UrFMLpump,TSLvdd1pWpHVjahSpsvCXUbgwsL3JAcvokwaKt1eokM,False,1
EbLgAMDUGyss3KMjWREgCfJsAZYtihnX1CLDzi5Qpump,H74gBLuknT9yc9Hn3jkKisq3RwNL8bByhi2z2cP4MRGQ,False,447
EbQZJ1pHdUKSyDXhHeXTEbjHtfmbmqqrp4AgDRqkpump,BHR4y8oEq5q4wtXkvekVcWYJaFUkVyMrsDzxVr1JjsFD,False,28922
EbWqJLKpicsJV4uNTUAeuRvx4HV2vB28GAtA1zTSpump,TSLvdd1pWpHVjahSpsvCXUbgwsL3JAcvokwaKt1eokM,False,501
EbYfZZqaHCi78XJ6aQhcBrcvaJ9THUmtsajYB7Wzpump,TSLvdd1pWpHVjahSpsvCXUbgwsL3JAcvokwaKt1eokM,False,1243
EbZh3FDVcgnLNbh1ooatcDL1RCRhBgTKirFKNoGPpump,TSLvdd1pWpHVjahSpsvCXUbgwsL3JAcvokwaKt1eokM,False,1
Ebdpyq5kJSzCRRjAzhJWik8kEadEnh5tr6jfrC6tpump,TSLvdd1pWpHVjahSpsvCXUbgwsL3JAcvokwaKt1eokM,False,24601
Ec1idHf7G96518V6cTvAqtGxzCJv5GPEVo2gGaTCpump,TSLvdd1pWpHVjahSpsvCXUbgwsL3JAcvokwaKt1eokM,False,24601
Ec22M2bADX5hYCEsxmU3G83sVe9t1prjj54mfQsApump,8GeKaA7UZgB3mGG522ig3FwFHTvfpfs5WKEycY96epsZ,False,24601
EcKgiVnS6DUg99eyUFFotFT88aoasyZfFpADttCapump,TSLvdd1pWpHVjahSpsvCXUbgwsL3JAcvokwaKt1eokM,False,2221
Ece6xH1aDi3y9w1BZViwJiZeZ52j96Z8aEr16daGpump,TSLvdd1pWpHVjahSpsvCXUbgwsL3JAcvokwaKt1eokM,False,1038
EcnSdTzY13fRmABpXqqA5DxXktzbVeUHvHWHBvkypump,TSLvdd1pWpHVjahSpsvCXUbgwsL3JAcvokwaKt1eokM,False,24601
Eco3zg3xaULRLehme5c1wB8xhvd6Km9abcdBvA8Zpump,FUYCryJ1FaNBk7HTmPhCsQNYf7C9vAFXCxNFevMY6wKQ,False,24601
Ed1yisBEAo8UXToSswvVFgzyJKpF48HEdq5kvz2zpump,TSLvdd1pWpHVjahSpsvCXUbgwsL3JAcvokwaKt1eokM,False,1
EdMHqvnXgr47HUPWNHNLXWUW1PaeVWV11DBBAUNcpump,TSLvdd1pWpHVjahSpsvCXUbgwsL3JAcvokwaKt1eokM,False,24600
EdMqhzZ55ZsWg5qzDtdFywmNyYyGPqhdecY9o51bpump,DBBpMKjsb46eCj21YmAJcqcfkTK4PAEL7wpTUZj9j2Ht,False,24601
EdNbFnpj6RvgXkMgnztkh6grJCYkDQQ68c3kQPMapump,TSLvdd1pWpHVjahSpsvCXUbgwsL3JAcvokwaKt1eokM,False,1333
Eda9kfeBquJ2ua3c2MY797VRfvfrQdH7UosdcQzGpump,TSLvdd1pWpHVjahSpsvCXUbgwsL3JAcvokwaKt1eokM,False,1110
Edic4yx8UF6zeDpGdzyzMjYrNqQWbkubJjEWfW3bpump,TSLvdd1pWpHVjahSpsvCXUbgwsL3JAcvokwaKt1eokM,False,1101
Edp5hqg5Kyg6LuATS3a7NK7Dui3RXLgfEixz1NoKpump,TSLvdd1pWpHVjahSpsvCXUbgwsL3JAcvokwaKt1eokM,False,349
EduG789eA4SU8gm2ZgrnoKZ6gsTcmHUz4cQSiQgepump,GcvrPaptJ2fFVzM4pDM4FtiuTSB5frTVT2bWE9Z84gji,False,1
Ee76aAmxgxpfi7TypYWyXBr1eehrRjudDbkqFgC9pump,TSLvdd1pWpHVjahSpsvCXUbgwsL3JAcvokwaKt1eokM,False,305
Ee8bk6vi6Mz2tkPAnQU3XDvDi6VQDwdYFN1mMYsZpump,EFrwj8VxGJtzqrLCUCfczGU8UqqpgNmcggbbBVLxaptU,False,1
EeUQvp8yi2Mnkk6ueDxZ5Z71WbYT2wT9fcAuQgNQpump,,False,295
EeayBUFrDnXAcwEQS4rPznhTFk5eaGJEhXgRYWRBpump,TSLvdd1pWpHVjahSpsvCXUbgwsL3JAcvokwaKt1eokM,False,1
Eez4tx6ZMZ6y8wge4ktVyoPiV2o7p7vXAcixvPLupump,TSLvdd1pWpHVjahSpsvCXUbgwsL3JAcvokwaKt1eokM,False,24601
EfNuJ8BqdaXk9Pa3kUQR4Bjwjtn8VKPshVfiqZ9ppump,TSLvdd1pWpHVjahSpsvCXUbgwsL3JAcvokwaKt1eokM,False,659
EffRNu6PUxqBCfWQjKh8CXBLjrtXyoZRUQgWRsgZpump,TSLvdd1pWpHVjahSpsvCXUbgwsL3JAcvokwaKt1eokM,False,670
EfkmW91KFAvsBn7r5hFncWUU624ZcKzEbDZyzR4Rpump,52mXWzgdyhTYx5nBPxZEDCUn8RP6oPszZNrtBRiYAsJs,False,117601
Eg1xa5wPaf45KvShJwahKZnrdDt7ABDgTUyuf1bJpump,TSLvdd1pWpHVjahSpsvCXUbgwsL3JAcvokwaKt1eokM,False,1172
EgC4vTz83Kpjs9D5FwukvuR63Gc7599HeM2gdxENpump,8jNMcT2qekiPLr1VPUaHtJBYzRewCNUcfY3rM5oerJTD,False,24601
EgH7MSJtKwR4Daukq5aCzXxwduwetgvGzbzKMJwapump,TSLvdd1pWpHVjahSpsvCXUbgwsL3JAcvokwaKt1eokM,False,24601
EgRuzGR8PAhasmy1PdbdygGiNAfSYtWX3mu9WAGipump,5ZDoj84tipdpjkP9D8xtoaFcdWXDE8rsA3zvo7RbsNG5,False,24600
Egaymg3jxxQCgqr8nVgcM1mYatBMJfrp86rBwJkGpump,TSLvdd1pWpHVjahSpsvCXUbgwsL3JAcvokwaKt1eokM,False,24600
Egb1S8sQT5dFGXhgn8kV4SJCKEFj9VZ3JcmHfByApump,CZL7Sg2TEZnPwe2dxhgevcuHuYdRjzHzJWwCbu9vidZw,False,24600
EgdyD1oFjvFi8itjBz7iz9AKkFojjoZRifnwnFQpump,TSLvdd1pWpHVjahSpsvCXUbgwsL3JAcvokwaKt1eokM,False,760
EgunB9EZnVyoKaUQTNn7kDzwpx1WFQaULbQxF1WHpump,4LXuAPTnnbhByRQGPiAGKPVh5bcgCXhhDeUJwJJU2BhZ,False,2001
EgwYEb98u7ZSAnF6DXFFNtVG5TDP1gnib26Ubc29pump,9eZXnqHTRmAafPT7WdsE8szHEj6rRCgZy46fGBTr1RN4,False,1
EhGyC3CCQ8xW1V2rz1w1HENCaSrEa7B59DiiPMrpump,TSLvdd1pWpHVjahSpsvCXUbgwsL3JAcvokwaKt1eokM,False,1305
EhHrXxjf9MWxLNTsLGYCYNtLTJU7M7cYMuo5pCs2pump,TSLvdd1pWpHVjahSpsvCXUbgwsL3JAcvokwaKt1eokM,False,1048
EhfWizYuubxt3BWHGKzu7UdVPvkAaBQbe4SCMX9Rpump,TSLvdd1pWpHVjahSpsvCXUbgwsL3JAcvokwaKt1eokM,False,178
Ehr9Mn5wtEx4BkZJR8MKy7mKaUuGDxWMworvz5Vvpump,TSLvdd1pWpHVjahSpsvCXUbgwsL3JAcvokwaKt1eokM,False,703
Ei24CWC5bCH4EEiMHnH6QPVSdetLTurTbU1J8wupump,TSLvdd1pWpHVjahSpsvCXUbgwsL3JAcvokwaKt1eokM,False,1190
Ei4KqSstUZtKuJkRXQgoQuSjWcPyv9gtiJSdsqw2pump,TSLvdd1pWpHVjahSpsvCXUbgwsL3JAcvokwaKt1eokM,False,1004
EiAGGPa3Y1MLMNhWFonGc7QN127urTNfLSkaonrTpump,5qacrv2z7mkKjTu5NeLPfu79yVGfzNHA6zjWsfC5n55r,False,1
Eib2FtEAkdZwCJodJHFZYZpUTYv5PcsdeVczBCoxpump,4Em3byteQKw4d9y8V9mSGtt4coU6CS2bpnCh2nkvTFwy,False,24601
EifwJFf41W3wmfX5FUuR3PDu82KExJC165DkBZKEpump,TSLvdd1pWpHVjahSpsvCXUbgwsL3JAcvokwaKt1eokM,False,24601
EigNtVBFFWrsiskZq88byYCASoAta49PEAW5ENpYpump,TSLvdd1pWpHVjahSpsvCXUbgwsL3JAcvokwaKt1eokM,False,24600
Ej6Lz2Cje5iRziDKnmfpd9Y3bpGe6HDQJGxVbxu4pump,TSLvdd1pWpHVjahSpsvCXUbgwsL3JAcvokwaKt1eokM,False,3009
Ej7LnikbSRncegytJnKVNEp5jcPHmWRhEef8rauPpump,TSLvdd1pWpHVjahSpsvCXUbgwsL3JAcvokwaKt1eokM,False,540
Ej9FEL59eK5WEGaRanj5whuyoytdinMMmieVzAMcpump,F3ufyRbQjCt3RT9EeDpFL8c76hgKW4mq1RwLs3q9BFXS,False,1
EjM5bUMLvYfc7kJoKWncjCo3ANuXFi1KeKUiRN7Upump,,False,24601
EjTePVtuosSxn1bPbdk97WRZL7uVx6NYKDma6iMvpump,TSLvdd1pWpHVjahSpsvCXUbgwsL3JAcvokwaKt1eokM,False,1
EjYm7bAPPkeYQoUBRf2HF8xEqNbztahJBHuPxGPkpump,TSLvdd1pWpHVjahSpsvCXUbgwsL3JAcvokwaKt1eokM,False,1
EjtQieM58SZYe5pZdJm2aTLX8KvgBCfcQpd4aDmvpump,TSLvdd1pWpHVjahSpsvCXUbgwsL3JAcvokwaKt1eokM,False,333
EjupAdzFUzQ8URPyQDcZbL8RWQTF5t6DUmkQaqcJpump,3jh5uNV5KqVqWVx3pbGc8fFcAxjnhzVUeZsst4UUv4As,False,24601
Ek81YYpoowq26kYMURPsUbgg5vB4c654rgraJfympump,TSLvdd1pWpHVjahSpsvCXUbgwsL3JAcvokwaKt1eokM,False,1
EkLkKeH1PTszVSgyZwM2GMySBz6EuuP8MKuZjL2jpump,A1QUV85PESForNUTKdVXYaoQyanStKKTKvQnvYf7Yajg,False,1
EkUiF3AfixPHtgPsYC1zoHQouXq3WuanW1C29431pump,2AHMoN9AKTrqaCTL56yV8DCbzd1NNbFkmShkKJttTHnH,False,1279
EkVzNErKZ6zm3fgcqkjfgm5wMKJN4WEMCZ9cKd3epump,82vHzMrsmAtXvBzaTGusonWPKRyNjKpzDd3JGqmjDczh,False,1
Ekm8sJSm7G9zE8Q8BtzspouiNxZrvPEFdwK7PgHQpump,TSLvdd1pWpHVjahSpsvCXUbgwsL3JAcvokwaKt1eokM,False,1177
EkqHK2MYQsGy5gdDSUavsu17kcvMGxEj9vRJUAqtpump,6Bcs736hbTwMYieQ4M4vgDgSjnPsGbfxAGV4U2dJ6gTB,False,24601
EkuJ67dmiZ6XWKKDqGJVG3SBdE2Y3tvDSgVZgUbrpump,TSLvdd1pWpHVjahSpsvCXUbgwsL3JAcvokwaKt1eokM,False,726
Ekv3L9XAMp1a4tTa9W4sKTBoxvtfBCBpLaRCLUgFpump,CQhbsgr1NG6KuvuiF8udNwFXHQbUWx7EMirJe6guwCQg,False,1
EkzaxBnBmPtrdLJeE8hbzw5eiUen2HcaQAdBMyWxpump,BzcNF4gMBHm9G5Nz2rE24M94pQNwJSi5qwYcBExbjroQ,False,935
Em2dfep6ENV5fh7KBxnWoYHarRfcCKpfN4YYruhEpump,TSLvdd1pWpHVjahSpsvCXUbgwsL3JAcvokwaKt1eokM,False,1
Em4rcuhX6STfB7mxb66dUXDmZPYCjDiQFthvzSzpump,TSLvdd1pWpHVjahSpsvCXUbgwsL3JAcvokwaKt1eokM,False,1
Em6JwNZN8U6ixHPAbrquXaMVSHHbYkfhcqVezoEGpump,,False,1
EmGgkjzNMvadEK8XiTtouQ1iVxQE4Lnx7pbosoE9pump,B33mrUxYHcEf4zTD8tJGePnb1UgtHiNEdJfXQ6jNXrD2,False,24597
EmHzkaW7d3wQdwcY5jKpnN6KKMhVM67ZBjynu13ypump,TSLvdd1pWpHVjahSpsvCXUbgwsL3JAcvokwaKt1eokM,False,1124
EmN2aLqwLDops5Ezb32WV4uQos4B1JMUhrdx4E7cpump,TSLvdd1pWpHVjahSpsvCXUbgwsL3JAcvokwaKt1eokM,False,1
EmeDMFB7eDDr9ycoWTG8xyXLrftqYbc25xQM9uLJpump,276Ywin3fojUgUszeKsr9RbvW3hRidaeaokMr5JBEXEA,False,24601
EmmBWBj9P4cjWscaw1WRMPXgr7gPY5hZKcYbMVt2pump,TSLvdd1pWpHVjahSpsvCXUbgwsL3JAcvokwaKt1eokM,False,1305
En3kViAo4ezri6eaA2qVdA41SJJn6pKJuxA74oPvpump,TSLvdd1pWpHVjahSpsvCXUbgwsL3JAcvokwaKt1eokM,False,905
En7YWR3qc7PyPeZD8KSaJAPXgNcm7FJW44b4hWcvpump,TSLvdd1pWpHVjahSpsvCXUbgwsL3JAcvokwaKt1eokM,False,804
EnAjiw5s1AzeuBb6gMS81zk2T39QoT6dbtmsZDvkpump,J5shot3WoAtw8LhUDKfWRBrFeuTnF3Bv3nHhEY1EG3fL,False,24601
EnF58efttWMJdvcueNVTsthsek8WycZbGwnvjqErpump,TSLvdd1pWpHVjahSpsvCXUbgwsL3JAcvokwaKt1eokM,False,822
EnFiNj7y3QkZbBfvorJNKPC6W214hmk3yEVdfNF6pump,TSLvdd1pWpHVjahSpsvCXUbgwsL3JAcvokwaKt1eokM,False,1144
EnNCgGDVYGQJFmWkQ4e132oXcK7VBMqZjeyHhnbppump,,False,1
EnUmHrA2EH7RNPJbesw891LAW4eLqyiHXJDdKZgwpump,a4pQ1D4u89ew45jFehQZdopu7sDoiAhErpTtccBixfi,False,24600
Eo1vGJooC1qkFw95JBqi1AWQekD6roa3JFxjN4E2pump,D9EEnWKQg5q5rqWbYnPnLbMH3VhFFZe24VAWAHFFbFLQ,False,1
EoEHXguYK1dGExQjUpeBRnEXgboP2m5DpFLD29wHpump,TSLvdd1pWpHVjahSpsvCXUbgwsL3JAcvokwaKt1eokM,False,24758
EoEUWaxcJqK22XzwdcY8kziFkKz4eKXLUJnZrD2bpump,TSLvdd1pWpHVjahSpsvCXUbgwsL3JAcvokwaKt1eokM,False,34652
EoZNGjHQWXR1WkpWjvwRjAUHsFGgKbesJ7hFU2eCpump,TSLvdd1pWpHVjahSpsvCXUbgwsL3JAcvokwaKt1eokM,False,1205
EojxybFU7aXXJuoRmnCLTzio1Wx44rA43aZd7o6Epump,BzZAu2gRietbf1hziENk4JPFGEnAAQ3fWFt4UdR44GKw,False,2001
Eom8HUP8b85tLtZshWQRiPQ6zYQ19LS9sz7K8pbgpump,TSLvdd1pWpHVjahSpsvCXUbgwsL3JAcvokwaKt1eokM,False,24600
EomytuA2t9F14xqDPexwRsVtehv2rcCne6FhqjTapump,,False,676
Eoo3LNvzyMm5K1jfwY7PkSdxBSBgXYJJ7DERTdFBpump,TSLvdd1pWpHVjahSpsvCXUbgwsL3JAcvokwaKt1eokM,False,1
EotPLzeKE9W9SByZHZ6VbiaCHHzdyWT3ZcEzH9mZpump,TSLvdd1pWpHVjahSpsvCXUbgwsL3JAcvokwaKt1eokM,False,2550
EoxaWNZJ4EEeHY3i2WnPZ6JrgZgc3wfCzk3g8A79pump,TSLvdd1pWpHVjahSpsvCXUbgwsL3JAcvokwaKt1eokM,False,1168
Ep1r1aAVKp2g87Y3TNgNoTZmtjCGFdN4bgRZauFLpump,52mXWzgdyhTYx5nBPxZEDCUn8RP6oPszZNrtBRiYAsJs,False,117601
Ep5tnKTSkLDeQ12ctS3RhQNcbcApkcyJcGPgHh4dpump,TSLvdd1pWpHVjahSpsvCXUbgwsL3JAcvokwaKt1eokM,False,1
EpHwoiUMALCGAi7YUhdhAqUkqzxmFJh6d1thrXgpump,TSLvdd1pWpHVjahSpsvCXUbgwsL3JAcvokwaKt1eokM,False,258
EpJs7EokrCgLja99wDArecTYLYEByVfvL7BQbiy4pump,TSLvdd1pWpHVjahSpsvCXUbgwsL3JAcvokwaKt1eokM,False,24601
EpaKUqScyksLnLN9PqgTqQVuC2SXUA1876mZCWhbpump,TSLvdd1pWpHVjahSpsvCXUbgwsL3JAcvokwaKt1eokM,False,24521
EpmYw96bUMKbemkseEtYt99Wc9p2a2WJXHPzNn4Epump,TSLvdd1pWpHVjahSpsvCXUbgwsL3JAcvokwaKt1eokM,False,496
EpngFgZ5vsbrPr1hqx52EvPWnsnR5TmEEdEzLsd8pump,GbwHrTiqZbeLfHHEjHTwY59dAwTJMGuowThPnNySBHrf,False,24596
EpsuqMsp43yM7AbFKJ1Bh8oiu3XEGqB9RP55qZArpump,TSLvdd1pWpHVjahSpsvCXUbgwsL3JAcvokwaKt1eokM,False,1196
EpvwZ75jycGTU8w3qQgq8Ws1uUZsXXZSJJYW6B9gpump,,False,1
Epzw4nDDNHQSZjgSew5aumvd46dFYmqHwHRLqmNVpump,TSLvdd1pWpHVjahSpsvCXUbgwsL3JAcvokwaKt1eokM,False,895
Eq1iwVH2oF3ERX7vT6pvvUNGTAX9AFaKfzyLwDf3pump,TSLvdd1pWpHVjahSpsvCXUbgwsL3JAcvokwaKt1eokM,False,1167
Eq7be76LnyiF1B7AY169dvuuHW2W2kigxbJFPhnDpump,TSLvdd1pWpHVjahSpsvCXUbgwsL3JAcvokwaKt1eokM,False,616
Eq8mSRVbfoBnAiGMmUU3C4iFgWHkQg8yCcgCeeF2pump,,False,460
EqCv11ma29k9EWKC3JC1SdtVgFEWnbKV3djS2DRUpump,TSLvdd1pWpHVjahSpsvCXUbgwsL3JAcvokwaKt1eokM,False,751
EqGMz1o1KiBs1wtotR4rnDADEHvUu39Emv46ZjBEpump,TSLvdd1pWpHVjahSpsvCXUbgwsL3JAcvokwaKt1eokM,False,1
EqfSRUTrFREhFFUoLNztHsFNYuX3At7uKydGmqitpump,TSLvdd1pWpHVjahSpsvCXUbgwsL3JAcvokwaKt1eokM,False,694
Eqpzipvwv8iptjvm91rebVv1g143czCykL6uKVZypump,TSLvdd1pWpHVjahSpsvCXUbgwsL3JAcvokwaKt1eokM,False,1140
Eqz2e5a8NjpePQnE86wacA4M3Aa31JSutr99dqHupump,TSLvdd1pWpHVjahSpsvCXUbgwsL3JAcvokwaKt1eokM,False,24601
Er2mtAhfbZUWbLhxY3ShN5Prj2DrnGjy6d8FYoMXpump,TSLvdd1pWpHVjahSpsvCXUbgwsL3JAcvokwaKt1eokM,False,383
Er35UBPc3xpECrrj11fvYFinNx5F2NXfvxPg73ebpump,TSLvdd1pWpHVjahSpsvCXUbgwsL3JAcvokwaKt1eokM,False,720
ErRFrNGQfZd4cJvrx7q8MJRVVnSyW52RapHcZfEYpump,TSLvdd1pWpHVjahSpsvCXUbgwsL3JAcvokwaKt1eokM,False,1
ErTHXaggUGQa9rKw5zbMqyU1Ke3dQw8NDmZgqw8Apump,TSLvdd1pWpHVjahSpsvCXUbgwsL3JAcvokwaKt1eokM,False,511
ErUhvKtfeJ6M6ZepUQkzt4PPZXJZSf5aVim9LUp3pump,TSLvdd1pWpHVjahSpsvCXUbgwsL3JAcvokwaKt1eokM,False,1135
ErYFHuqGc8cKavajNePfB9FXwdBKwtyyWxCcSSakpump,TSLvdd1pWpHVjahSpsvCXUbgwsL3JAcvokwaKt1eokM,False,1118
ErkqHeoxZCS91Zym624kA9sn7bCdyV6pWcEVJGKupump,,False,1179
EryxLqzJqAUi1m5A5vnrsfutnh9KLqRCciKorGJJpump,iJLwhBNSvLiQSaFA95vFSq42BfBD3e8aqwMQ65kUJjg,False,7816
Es4JwyFq5kXemuQQWDktRsjmzTfHTnBr1dCL2Y94pump,TSLvdd1pWpHVjahSpsvCXUbgwsL3JAcvokwaKt1eokM,False,652
EsNwBBJS7yR5ieUfsL5YrEFoVTmvL1Jk9MqcXxqEpump,TSLvdd1pWpHVjahSpsvCXUbgwsL3JAcvokwaKt1eokM,False,974
EsQH1EH1L8HYzargwnarSA8AwAywWPrGNLWbZQ6dpump,TSLvdd1pWpHVjahSpsvCXUbgwsL3JAcvokwaKt1eokM,False,27
EsaUxSHndS88eoc8pysD6AgfL2sA8iWoN1iDkr27pump,9PJynx484D3HDeUWpgL1aod3gVfD3X1oTKTYefeB4bEa,False,7201
EsqvmZZECtq3VEqtk4ghngXrNciHv1ejLQyF4gFZpump,TSLvdd1pWpHVjahSpsvCXUbgwsL3JAcvokwaKt1eokM,False,588
EswvJvhPy8A8rWPdLJ5ATYW6cY5x483oS4QWWroZpump,TSLvdd1pWpHVjahSpsvCXUbgwsL3JAcvokwaKt1eokM,False,1
EtFbECvyYF2o4Ne1K9KVpHFsufqNTnrJwLPBecJspump,TSLvdd1pWpHVjahSpsvCXUbgwsL3JAcvokwaKt1eokM,False,959
EtGHPVSAH1rLFvMKNBu5ueepR16szUvyS88qpZ77pump,,False,1287
EtGwmqV1Z7evwtLP6zZJhw7SJ1eFD5VB9GMq5cePpump,ECKJP1H9wNzsuMLqKabqfAvM9y8habz5ReaWy3i4MzAY,False,1
EtL84ek6gaAMms6AkinFaqa3XHFCEKekq2A6ofdupump,,False,2973
EtkqPPJ8Kq5ypsFLQn7TUFpwxiJHsV4sr4ZbK3Sspump,TSLvdd1pWpHVjahSpsvCXUbgwsL3JAcvokwaKt1eokM,False,3001
EtuVZkwXFHjcBXabVfJzgssMnq6DfACbGN9xiWA4pump,TSLvdd1pWpHVjahSpsvCXUbgwsL3JAcvokwaKt1eokM,False,1300
EuDpiSaxxtBzVSp75NNpM1xa4YBX3tcFuKJNnZbnpump,TSLvdd1pWpHVjahSpsvCXUbgwsL3JAcvokwaKt1eokM,False,987
EuJfsBCrNKdxGnLFUS9b6WDKzYcMsAkL5NwbCJtSpump,TSLvdd1pWpHVjahSpsvCXUbgwsL3JAcvokwaKt1eokM,False,534
EucWa4gZ5PbqghHMsqQPy7PTTaS2FFR8chSnvVxmpump,TSLvdd1pWpHVjahSpsvCXUbgwsL3JAcvokwaKt1eokM,False,1266
EukooRBR1iWontvxzU9tXVtZxz3bWDVQvpiPhnxhpump,TSLvdd1pWpHVjahSpsvCXUbgwsL3JAcvokwaKt1eokM,False,634
Ev447YSTWX3P4dD2GnHCgRnvsrpJoCEjGZCrRVSVpump,TSLvdd1pWpHVjahSpsvCXUbgwsL3JAcvokwaKt1eokM,False,955
Ev5nopVUzjS1yzSSVARLMTVNFFHS8veis3Ljwr9fpump,TSLvdd1pWpHVjahSpsvCXUbgwsL3JAcvokwaKt1eokM,False,1206
EvNBoWwZFF6pPpjTnNSzrurxkDfw1PGUmih1eAStpump,TSLvdd1pWpHVjahSpsvCXUbgwsL3JAcvokwaKt1eokM,False,1
EvWn7oQnt22kSuAutjX4AANMprbJBVd8FjBDCg8ppump,TSLvdd1pWpHVjahSpsvCXUbgwsL3JAcvokwaKt1eokM,False,1254
EvbKdk94XqPz3ReEiAz34qdHAjCSUE79MZSN7Dtppump,TSLvdd1pWpHVjahSpsvCXUbgwsL3JAcvokwaKt1eokM,False,1
EvhyHuuGbftuUMAyTASM54A4F8Hta5FKRQBgv5zupump,TSLvdd1pWpHVjahSpsvCXUbgwsL3JAcvokwaKt1eokM,False,24600
Ew8dubRCFZSscMrWC3jVmAGBErxyGGwnaTVcR899pump,TSLvdd1pWpHVjahSpsvCXUbgwsL3JAcvokwaKt1eokM,False,571
EwUW9LuwXCWVKqvP1ygzQtHkNp4qbWdygpS6U1bVpump,AKT8TvKeayxEN17sYaoobLy1RCxyzxNbBwwcZsA6Q53q,False,24601
EwbQZ9giEvEigDiCWLTvx91zQbkEJDxiDmsUz7Tcpump,TSLvdd1pWpHVjahSpsvCXUbgwsL3JAcvokwaKt1eokM,False,1094
EwfopGvWoUL1ciK65Tz7nmmUysRgktjhCgFgmhjApump,TSLvdd1pWpHVjahSpsvCXUbgwsL3JAcvokwaKt1eokM,False,1003
Ewn6vUKmp7L7vFZdoSsqco3gkTBF8D7FgKidFLuApump,TSLvdd1pWpHVjahSpsvCXUbgwsL3JAcvokwaKt1eokM,False,1289
EwqrgNDu91YPcEFtkGPscZ7MJ73YyneuzJsoKfHZpump,TSLvdd1pWpHVjahSpsvCXUbgwsL3JAcvokwaKt1eokM,False,24599
EwscfYmB2Km1VPJEy5VFSikFcfpTr8zVBpotLzf3pump,TSLvdd1pWpHVjahSpsvCXUbgwsL3JAcvokwaKt1eokM,False,671
EwwkULTPVuVSrZwup3x9JyGEnAaNPZqUbxH86qTpump,,False,1
Ex5ufQUQYonAkRg9xaUndAyBt7NhefoTMQdoU6YLpump,TSLvdd1pWpHVjahSpsvCXUbgwsL3JAcvokwaKt1eokM,False,917
ExAmXuCUGSJArR9cFYHTRr3TiA7Jn9cfFZgJcL4Kpump,TSLvdd1pWpHVjahSpsvCXUbgwsL3JAcvokwaKt1eokM,False,696
ExGgUQ9xjKH5YmfrwDv4h97HofwVcbjBvsDEX1vpump,4uux7NwEUJQsJXKMZxf8LL5d2rE1ciBYyRtyW2WqSvQF,False,935
ExVerFZyMnTSfyCShtFDwVgY1BxePAppfK6AyCZ6pump,,False,163
Ey2zpSAJ5gVLfYDD5WjccbksJD3E9jPFMPaJ8wxvpump,EE61QgnaaLjHfQg4ZkeK4Fx6wHPA96duKXrj5AkBLkoB,False,1
Ey3fqTdSfQHGNqhcp5L11qSXT7QS69Lg6bqcNyPypump,TSLvdd1pWpHVjahSpsvCXUbgwsL3JAcvokwaKt1eokM,False,1
EyACiQdDPRsekwB8BtbXCdnf16rqA9BSiMkgmv7ypump,TSLvdd1pWpHVjahSpsvCXUbgwsL3JAcvokwaKt1eokM,False,885
EyVpWuxegaFCpHBXbXLwK6rTL7cT6VyrfteJrnSspump,TSLvdd1pWpHVjahSpsvCXUbgwsL3JAcvokwaKt1eokM,False,569
EymysjSG1NuYXDKzEmYYoj9GJvGX7PHt3Eon5gv9pump,4qqafbg3VBXyo6h4hWg1rpApfnLHRBnZBdcB6S9Xh1e2,False,24597
EyoGxoiFXHv9N6WzyCRvxxNmx9a5KX8Kw9MyFGLrpump,EvjBJmARLxo9HQGjvGrV4AW58dY5pNHkmwrTKar24W6s,False,24601
EytFLfSh31iCk7J2tabppifQuJebsemtH32tDnMapump,TSLvdd1pWpHVjahSpsvCXUbgwsL3JAcvokwaKt1eokM,False,1
EzM2d8JVpzfhV7km3tUsR1U1S4xwkrPnWkM4QFeTpump,TSLvdd1pWpHVjahSpsvCXUbgwsL3JAcvokwaKt1eokM,False,1154
EzhG6Az2p4hsPhd8MGBNfpDUckN2LyUo94YZn1xgpump,TSLvdd1pWpHVjahSpsvCXUbgwsL3JAcvokwaKt1eokM,False,1095
F13T2uotPsQR5toCDfHpUntAdXFek6AFKFw8r691pump,TSLvdd1pWpHVjahSpsvCXUbgwsL3JAcvokwaKt1eokM,False,24600
F19VcFeWAkxfRVe5NhvgAsKrjoDioxh5QCFF2my3pump,,False,915
F1RnzMY6BS4Pc6VX9QsRKLfG1BnQYkYGwt2KjBuypump,TSLvdd1pWpHVjahSpsvCXUbgwsL3JAcvokwaKt1eokM,False,1279
F1gCcdkrJURows4MmRnsi42k7J9XkTUPvwWAySLfpump,,False,1218
F25FKZ2GTEkGJDgX9s5jqh4RrLr2ZARbaCsUMUjVpump,TSLvdd1pWpHVjahSpsvCXUbgwsL3JAcvokwaKt1eokM,False,894
F27359G2p4ybq5JhFknFSGoGP7BsJjhqhadiQKAzpump,DJcGjfXiWTcaUm13EiA8fneBNXsPXxpzHuACkNFxBweK,False,24601
F2DKC8H9UDdBMsBZQBixLBACe5dteEkFvK5rqZ42pump,TSLvdd1pWpHVjahSpsvCXUbgwsL3JAcvokwaKt1eokM,False,860
F2GVPgWyN4yBSv8zmSw9TmgunQcv7K7MzceFVZzxpump,TSLvdd1pWpHVjahSpsvCXUbgwsL3JAcvokwaKt1eokM,False,1
F2GVoAC48FouHyk6dNYFJNJ8Cxczi6nJuP7ZpYQJpump,,False,837
F2Nmf8T77Hn8F8Goy8GURE2GKfee1JnmRN6HeQVjpump,TSLvdd1pWpHVjahSpsvCXUbgwsL3JAcvokwaKt1eokM,False,1056
F2VjVq1pVfk3inZ7j3i9aSVrBvfCkxYis4BesJFBpump,,False,24601
F2dK9nAciAQJ56yWC1BTSyaEpUpAi1KhA29B2Dw2pump,5haETgNxJgnqHPvgFeAWW47dHNbAh72dUYBxC8dxJCrB,False,24601
F2pWEJ5MXy7QaoMW7HAuFxBFek6wEQYrqTUNcAGqpump,TSLvdd1pWpHVjahSpsvCXUbgwsL3JAcvokwaKt1eokM,False,990
F2qh7uvWbcrttoeXZr7bgZGvCxohmEVdoN4FSuUHpump,TSLvdd1pWpHVjahSpsvCXUbgwsL3JAcvokwaKt1eokM,False,2507
F2wdtRpXq5QerpwsfzpXbg8WxZ82W6rRV5Hj3Svypump,TSLvdd1pWpHVjahSpsvCXUbgwsL3JAcvokwaKt1eokM,False,382
F2xBLb6jj39LJ5rg6wh8VaTq9CLEvDqLFL9gxmEapump,TSLvdd1pWpHVjahSpsvCXUbgwsL3JAcvokwaKt1eokM,False,1
F2yrYr3r5JiWGLK2E1qHRp6FbfbYuG2ogvTvcMn8pump,BexX9JbuU5RhdVex3gGaZmWTVN1d8zyqQiQbCoanon1R,False,24601
F2yzQEaVPxS2qnYmAmPZY6SRu53fQvLcQVoPwNw6pump,TSLvdd1pWpHVjahSpsvCXUbgwsL3JAcvokwaKt1eokM,False,24601
F3KvVHTgPcBPyozgLA3d249DcCH38aFZFxA7pPGspump,HCw2u4DKhzsAkf45gu4U7691JW3pZaGhRQcRr6N8S3rC,False,1
F3vzuq4vZNGyzdaNeyKScUg7eN9Tf74gPkSjcsskpump,TSLvdd1pWpHVjahSpsvCXUbgwsL3JAcvokwaKt1eokM,False,628
F44vcHVcwmx9sxFrXESBDSWSJRu81CXJGq3kHMaapump,Qt2SPb7PdRG6QBbaWQWYjgKRbtNMk951iTNNBSf5Tsb,False,1
F4To6ZsSxfbxS2f7GtV6zn6SXuQSFuXGhWnaFBCVpump,TSLvdd1pWpHVjahSpsvCXUbgwsL3JAcvokwaKt1eokM,False,1130
F4aLcMxQy6CPcXAuER3J5QgB89n4fqBMs2bcrqQBpump,TSLvdd1pWpHVjahSpsvCXUbgwsL3JAcvokwaKt1eokM,False,1
F4i5ygoFKKjgbGK1U9tBDxd4uZaJu3XDRoehUhoCpump,912kspVUFKRxTBAVRjZ2ikbiVHj6ahgewkHQqViehJf,False,1
F4vKb15KLB5qWpKXF3bqeKCEoLoyzDzFAt91FBGepump,TSLvdd1pWpHVjahSpsvCXUbgwsL3JAcvokwaKt1eokM,False,1224
F4y5pWGLQbKvLWZrvG7yEPqCv5EmSqLJUKEhNFRKpump,TSLvdd1pWpHVjahSpsvCXUbgwsL3JAcvokwaKt1eokM,False,415
F51eYDSmMB7GUwqNxMEsJkqkoZzsggh1KDiLbBPppump,TSLvdd1pWpHVjahSpsvCXUbgwsL3JAcvokwaKt1eokM,False,1173
F56CBPrnvvbs88zqnno97r9ybnh58RSeSxz63eoapump,TSLvdd1pWpHVjahSpsvCXUbgwsL3JAcvokwaKt1eokM,False,910
F5XeTTCkAcEgMo2WVeEdiSWtMD9YCkzgJNyhxfN1pump,TSLvdd1pWpHVjahSpsvCXUbgwsL3JAcvokwaKt1eokM,False,863
F5Z6T2Y47DpQ7NLAuCkB4Uz27jCfwRaT2Mg3CDD5pump,TSLvdd1pWpHVjahSpsvCXUbgwsL3JAcvokwaKt1eokM,False,124
F5Z6aiYjLvmkkDnCt9qF3JvKfJuMLqaaofXJG41ipump,TSLvdd1pWpHVjahSpsvCXUbgwsL3JAcvokwaKt1eokM,False,970
F5bi5jLoLEUfcPQFmCjSFJfDPLC2CwZpRo4bjSEypump,TSLvdd1pWpHVjahSpsvCXUbgwsL3JAcvokwaKt1eokM,False,24601
F5hNjZ9eZNcSH8Uy9qMAbtUhTENCK4UCjJhbuC7wpump,TSLvdd1pWpHVjahSpsvCXUbgwsL3JAcvokwaKt1eokM,False,1169
F5kjdCySFc9MirkFxxsi2eNdACAaJrrGcVTdfxfBpump,TSLvdd1pWpHVjahSpsvCXUbgwsL3JAcvokwaKt1eokM,False,509
F5qibZ5rkorY34YZ1Ld3vFjeqsUUejqNV9GFi8ndpump,7Mqyq4KEVCD6jdNqz6gTeEGXwYLiiwasv9i2affBgU1n,False,24601
F66AYg3HH5vLtLJDDJ2Zn7AssiErgAaob3KfFsxopump,cWSbDo2ciz2Xbs5N6tbG2rD7UkZKUV1XbGoArgYVnwY,False,24600
F6BfPCU6xDfv8F8qRNTKGEiPBQXEcJaTCjs3x5X8pump,4LXuAPTnnbhByRQGPiAGKPVh5bcgCXhhDeUJwJJU2BhZ,False,2001
F6ExBzKdLRcJkCAknQgfbhRXX78EhqoNxPnegJWPpump,TSLvdd1pWpHVjahSpsvCXUbgwsL3JAcvokwaKt1eokM,False,1
F6HxV3wqehcW97QQ3cyZhD747m14HBMpnUN51AmCpump,TSLvdd1pWpHVjahSpsvCXUbgwsL3JAcvokwaKt1eokM,False,396
F6PqnazH6oJF5MPRwnVYbsacyqq1QqvGH8NAzF4Cpump,FXwXvxoRL2gdR51KZs3UdHLCoHiHua6Ti7fDZFaiG9Ui,False,1
F6TsRcjtLBzkdtZYqjTPVq9WtnwHMMc1WcQguEgCpump,TSLvdd1pWpHVjahSpsvCXUbgwsL3JAcvokwaKt1eokM,False,1
F6UBEWDp7azxgq8DKcx37xK9VMVorDRtY8esNT5Epump,9h3wQQZCEDfkRa4nADq4Brtux3DTo37m7Rm9n2Pebzjd,False,24601
F6UT7uDc4LJwVFS4BNWj538E5qwcCq9QVtgxNXT5pump,TSLvdd1pWpHVjahSpsvCXUbgwsL3JAcvokwaKt1eokM,False,537
F6k8tQ6x4XkUVo8Qh642CsNsQW182skcroH48hfMpump,,False,938
F6njf6qM3ggYi3WqpeK6HE3pogzXSaBpALYvTacKpump,BxiCiCMAD4nbk9bXQfMyYTZYZVavgsitWqqvTorintUh,False,589
F6rQKkvWUHyyWVisB3cCy3YmekgyNofYNdM8mkV5pump,TSLvdd1pWpHVjahSpsvCXUbgwsL3JAcvokwaKt1eokM,False,712
F6s6hxSW6yWF4h5YBbW28JHLFEGXKYbEmungaTPtpump,TSLvdd1pWpHVjahSpsvCXUbgwsL3JAcvokwaKt1eokM,False,1
F7Hwf8ib5DVCoiuyGr618Y3gon429Rnd1r5F9R5upump,TSLvdd1pWpHVjahSpsvCXUbgwsL3JAcvokwaKt1eokM,False,2044
F7JY2ypzBD7XY5X6K1Tm5CRgUBEbuU48Pzfiirf8pump,TSLvdd1pWpHVjahSpsvCXUbgwsL3JAcvokwaKt1eokM,False,1130
F7b2Y175NnxuDCoiqwiwQWpmJycumdNndmJGhHKMpump,TSLvdd1pWpHVjahSpsvCXUbgwsL3JAcvokwaKt1eokM,False,1359
F7pB3ZdfBnyFw2LRHydWEn9BmhEa5XihXLjhySFRpump,GHgSVNjsWXyTc3ZNEEaEowF5xMT4wptUKFcerKSgSVtB,False,1
F7zkrq4yexYpKoZkfmHtBFaUKDVmZpFzmN87kEm9pump,TSLvdd1pWpHVjahSpsvCXUbgwsL3JAcvokwaKt1eokM,False,1193
F87d3uwBN7epMt89bUaFdoQmw24Eggo1jjmH5Zpnpump,7cXgLAaAjvgFwV7JpZuJh9EaE2qbsUvEhniuKYf95D2v,False,1
F8WmL5bU7WhkW7vYQEsBFELoYHxYGJpELXrBKgKbpump,TSLvdd1pWpHVjahSpsvCXUbgwsL3JAcvokwaKt1eokM,False,607
F8paWqLL2GeJrzPb9MnoxCKcBbnQkWZPWz5kFkx2pump,TSLvdd1pWpHVjahSpsvCXUbgwsL3JAcvokwaKt1eokM,False,1
F953FcqeENiqootE43NjDJhme8ASViTd7KrEerTspump,TSLvdd1pWpHVjahSpsvCXUbgwsL3JAcvokwaKt1eokM,False,588
F9B3Yu3MLhDyJHXXFe6QMDq6Fvxqqf3JJT7cYcRRpump,TSLvdd1pWpHVjahSpsvCXUbgwsL3JAcvokwaKt1eokM,False,294
F9b2wjM5nEewzQk6Lv88tAea1qNt4murb9feUqfMpump,TSLvdd1pWpHVjahSpsvCXUbgwsL3JAcvokwaKt1eokM,False,24601
F9bMHjS2NqwE4wi7VdHtfs7Eyd9xQV7mW5quVorVpump,,False,521
F9cixsdmPvAUFWFvE6a5DStMNwgLKQHyh2ennyJkpump,TSLvdd1pWpHVjahSpsvCXUbgwsL3JAcvokwaKt1eokM,False,853
F9f6ZEnysRHZEk9QaNEH3Lk2qsp5eqFUQ3Fs3tq4pump,4XjXfapJnqdeKSAebPrDbf5D85yuzdUKQFsQRuHdyRa6,False,1
F9hECjjEPJa8NJJcv62iv87jbbP7ny8FR5n2vNQcpump,ACSyD7n2tVPC7FoUNrxYXRRuYmd922ed1B9aDqK2Tys4,False,24601
F9yiB9kPzCQKE8vP9jZfHXXuTL9z1FKTaZvqqKXdpump,TSLvdd1pWpHVjahSpsvCXUbgwsL3JAcvokwaKt1eokM,False,630
FAFsDv1vtw2kr29ANqDXiULpnZepHx9RnNhxKN99pump,TSLvdd1pWpHVjahSpsvCXUbgwsL3JAcvokwaKt1eokM,False,24601
FAJW358HjJ2mHXSHbHyxghfVGzX5SBoupdjRr2y9pump,TSLvdd1pWpHVjahSpsvCXUbgwsL3JAcvokwaKt1eokM,False,1
FANE3jKJrqC3edxUMzh5PyvyWnpEM5SMVeGesqSypump,TSLvdd1pWpHVjahSpsvCXUbgwsL3JAcvokwaKt1eokM,False,1297
FAP6tqpQSFnWYdKcBb2RJFLHCMsoWqdxv791MC42pump,TSLvdd1pWpHVjahSpsvCXUbgwsL3JAcvokwaKt1eokM,False,860
FAUhE6XJU7Vj3te8i19fMHG85DyheLmcytdS4Gbmpump,HPcxztuf3nD715fpmAd3GCdkgAAri53CUFpVWpfzU2mB,False,24601
FAVwsjCnEvSDTCJXmvyeSBX3RrYH8dTYSyFQH9SApump,4LAu82M45CggQmtqirUqa4dBNTBFqUqBQJ7qqy4eBpUT,False,1
FAjkuK36fGVY4C8MTZUdQqzxYaQtGZuCekJxcstJpump,TSLvdd1pWpHVjahSpsvCXUbgwsL3JAcvokwaKt1eokM,False,24601
FAwBi2GiJGAtUWK11H83sffSeZcAdpAbVMRpTfnYpump,TSLvdd1pWpHVjahSpsvCXUbgwsL3JAcvokwaKt1eokM,False,1095
FB3gKGThzPa59dYPp9t5HiyCNx6DxLdCfZtgaqSkpump,54owqECTpp9h7qV3yVB7sRWerg1iatbnCG4HFcEN5AND,False,12514
FB6vGMGyoyXeFrLKdWMX8FgH2ReDDDscYQAmmvN5pump,TSLvdd1pWpHVjahSpsvCXUbgwsL3JAcvokwaKt1eokM,False,978
FBHkVKvFcbqp2HzsfzvijtqGV7M8cLRBJTMYCAYopump,TSLvdd1pWpHVjahSpsvCXUbgwsL3JAcvokwaKt1eokM,False,24496
FBKMs4TLHuL4ytT2sRVF2TraQJB6fk12eFhYeVwwpump,FaJxvj5rCHhm6PukLf4QnWrw31gQ9Z2hsuzacW8QyrQ5,False,1
FBjW9V5Mc5TVx7k3tvE2VYn1AzxEyfnBwZaEcHoUpump,TSLvdd1pWpHVjahSpsvCXUbgwsL3JAcvokwaKt1eokM,False,1164
FBtw294GbUA2Gu3Kmj8mYZUTkgCAKCruDhngqLBLpump,TSLvdd1pWpHVjahSpsvCXUbgwsL3JAcvokwaKt1eokM,False,1253
FC3YBhTPxXyp14R1T4MQxjtorzQfLrxvcX3dmpSapump,TSLvdd1pWpHVjahSpsvCXUbgwsL3JAcvokwaKt1eokM,False,24601
FC4MKZNBEJMykLgq2ZBd2chKgCLtnuVW4tuL88xqpump,TSLvdd1pWpHVjahSpsvCXUbgwsL3JAcvokwaKt1eokM,False,24601
FCGDDio5DuhujHcRQCDbXHnrcSA4pUGg2haNt7S2pump,,False,457
FCHgHNQb1NVA5RpYFyxeYBEnpveMXsfRYxxn7ahbpump,TSLvdd1pWpHVjahSpsvCXUbgwsL3JAcvokwaKt1eokM,False,388
FCKjCZ8VZUnR2gL5EGNVKWp96yXepf2dfZ2XhfK5pump,3CYCu3dPPdBKMhqnjBNTAfEVedb2XAR3sde4xZdZqKJu,False,1260
FCLkfH3ceBnPnx1cXSYSkw2aLvuFG1dg7hUUKw8qpump,8gM4gnxdLdkvifM9TCwkGAxrnNw4NiSiHbAdE1RqY96e,False,2001
FCT3H22FZRrVWK6aPomvKv7K3qU2i6pv5io77sSppump,TSLvdd1pWpHVjahSpsvCXUbgwsL3JAcvokwaKt1eokM,False,1197
FDDoP5quih8PJAkQ4kdnRTkayMBrjpmhNUunUg48pump,9MjWyBTzaZC89P4sPSmozqGKG4QSkETKB6WUJdeQAHmr,False,24601
FDQCFnWw4FUGjTbSy1xHPmo9BYwsPzZzUjb2uD5wpump,TSLvdd1pWpHVjahSpsvCXUbgwsL3JAcvokwaKt1eokM,False,498
FDTJzoVQ7rHPFyKhyJzdHh1nbX66sBKPzmknWsobpump,TSLvdd1pWpHVjahSpsvCXUbgwsL3JAcvokwaKt1eokM,False,24
FDUssRfZA7dAiaHDvBu7Q9rWLiAvU86Ho4U67cAZpump,TSLvdd1pWpHVjahSpsvCXUbgwsL3JAcvokwaKt1eokM,False,916
FDeJ14fPm3XsPYapFKUDh2sFrMSKAqu8d49FvDLmpump,TSLvdd1pWpHVjahSpsvCXUbgwsL3JAcvokwaKt1eokM,False,1058
FDgKJGmPej8CkjuvVzQxsTRZoxW2wUVwyotiT1tVpump,7CuNbxuVH5aTyRrX5ZwVxXV2u3q53hDD1rofibWFKg1V,False,1
FDgyVDmSy1HHBcUX5Ur59T5iVo9VdUHvpNTZrYzCpump,TSLvdd1pWpHVjahSpsvCXUbgwsL3JAcvokwaKt1eokM,False,1161
FDr8BoPC1CLsEH4XoMtqorMnirGJMtuXhsFjNCU9pump,TSLvdd1pWpHVjahSpsvCXUbgwsL3JAcvokwaKt1eokM,False,856
FDzdypPaj7EzELUygxZNgJFCpTnd8QAsf1n65Tkypump,TSLvdd1pWpHVjahSpsvCXUbgwsL3JAcvokwaKt1eokM,False,1113
FE15UhBZJ31wJ6afFmiYGwpKi46uD8B1AXfpkaKapump,9JyuijJTMLzkXTXnhm2SwnQ4aLRs4nXhz3VKJ6rskxfK,False,48068
FECQbV6vUAum3t7AbyMiRzTMWXf8PJnkMEaAuao5pump,TSLvdd1pWpHVjahSpsvCXUbgwsL3JAcvokwaKt1eokM,False,1030
FEN72JRg6uxbE4sXVJa4kJCWgvEBA5yqeQ1iCu1Npump,TSLvdd1pWpHVjahSpsvCXUbgwsL3JAcvokwaKt1eokM,False,1
FEYRcbm82kjMXP3v6vvXwk84EdDA2Zqx96zw3dUrpump,TSLvdd1pWpHVjahSpsvCXUbgwsL3JAcvokwaKt1eokM,False,1
FEaZke7nTiNQc6e1qT6biW4HYJ4aMFzyh86naZ87pump,,False,931
FF5YWSuUzbpyLV6XMLyj1gcFHyTwCMoK6xt2pFAdpump,TSLvdd1pWpHVjahSpsvCXUbgwsL3JAcvokwaKt1eokM,False,983
FF5o7ks2BG8QTkdfMaENRBMdXP7ECrkbAYCwwL5Bpump,TSLvdd1pWpHVjahSpsvCXUbgwsL3JAcvokwaKt1eokM,False,1147
FFJUaj3D52uczULKrKCj8gSzaRYQNmGr6PVq5JGLpump,TSLvdd1pWpHVjahSpsvCXUbgwsL3JAcvokwaKt1eokM,False,366
FFJmAiMg5v2e56cSMhdnfY8mvRix8vr2DSoZF5FLpump,Cj3zUW19xm7M2dkuYXUSjCDfEebfAJ6bZ5n4oLBi2rK9,False,24600
FFN99oFMXsCe9nF9UFEDkXX822536z6YLMcqL2eapump,Hch82t5sLg81Dn5MhYX6oKCxu4EN5DNzRqaRc8ELVQKA,False,24601
FFUqMLqYuSjKr19r6NDpYSoHu5Qzg51cUmgwnSyipump,TSLvdd1pWpHVjahSpsvCXUbgwsL3JAcvokwaKt1eokM,False,735
FFWUigQszjLEczKax2Y6cZTiwhG6ChtPvRH8gaVepump,,False,942
FFjEgUj1ppm4GMiijZx9adhGPW2WtSAuBW3VNLEkpump,TSLvdd1pWpHVjahSpsvCXUbgwsL3JAcvokwaKt1eokM,False,315
FFqb9Cj4fSdDX3BFYUAH92mjP6Wqci6XqFq8u3Zqpump,,False,311
FFuU4US2WSfQbpkqrZzkpLdwgNckbk68VDRq3RHfpump,8HCzwiR1Xd8RgYv8yEz9fVwR7r575222613W3XPTLBXx,False,24601
FFzbbB933CQW4wWpVHwJHMnd3puEU3zsoKVmayfgpump,GuVECfDZtPxrXVyqHfvbHTKbfQpEdFeLGifsNTDADeHd,False,24600
FGB45QFSFhhu9ft58dWP3ygFAR5Q13Munu5Ks53cpump,TSLvdd1pWpHVjahSpsvCXUbgwsL3JAcvokwaKt1eokM,False,469
FGREvpsycPAxbN3MMqkVWVgNSJ72BFndwy4dcVk4pump,HFbdU3vnnVoruLuUm9DMDbkxRzkEXE5yi9hyZjaFmqdy,False,24601
FGSheu4NuiGqf8zjP9Na5BtdQTmd1SzfcdYZAHHNpump,TSLvdd1pWpHVjahSpsvCXUbgwsL3JAcvokwaKt1eokM,False,1
FGZGcmL7RwrxTch7xv7aArmLCB9WmAzqtyBLq4Nmpump,TSLvdd1pWpHVjahSpsvCXUbgwsL3JAcvokwaKt1eokM,False,976
FGuLPKNYKWRDamQL2QsBTjdXgY2qEJgxWf9Q8tXDpump,TSLvdd1pWpHVjahSpsvCXUbgwsL3JAcvokwaKt1eokM,False,1
FGw8zrcTXYc5R2hfQ83v5YK9PgkiX5zmdtG9Jqqopump,TSLvdd1pWpHVjahSpsvCXUbgwsL3JAcvokwaKt1eokM,False,1159
FGzRsi4ZtRcywS7RRcTZZFEYCxLNc9ZHgEM7NQMJpump,TSLvdd1pWpHVjahSpsvCXUbgwsL3JAcvokwaKt1eokM,False,1048
FH6Ksp8AkTHvT7rfSzyHTiJM4JVDQBucr1JgkyQjpump,TSLvdd1pWpHVjahSpsvCXUbgwsL3JAcvokwaKt1eokM,False,501
FH6etDTsBum39jSph8R1vBZ6fQ9o3dvgNkmmTawupump,3KFT9Nvr14DiZWVYLwRBc6R4QUsTSYabLk2BEofZxkjf,False,24598
FHHeb1ji8Qm5Nq68S8zPV9HCPbE7YBdBmV7fgqYRpump,TSLvdd1pWpHVjahSpsvCXUbgwsL3JAcvokwaKt1eokM,False,1
FHJoPDz1narUpU7NVsqphrX5oa8FU61APAUhR2BDpump,Fw1ALzhd8Z1B9GQHqBR9MqF4iYQdhwnk4siWiyVmJjZc,False,12896
FHSTU8fGBvrsNkNxeY8qmRdA2FgaxVFyBVz3fAc6pump,TSLvdd1pWpHVjahSpsvCXUbgwsL3JAcvokwaKt1eokM,False,6081
FHdrHBS7KiRGHEzDdkgDPbtHBgoJHzdAgk3sZ8AUpump,TSLvdd1pWpHVjahSpsvCXUbgwsL3JAcvokwaKt1eokM,False,1280
FHmfSftTDrdhaPRmKkwHZYvB8bnRE18CTQX19v9hpump,TSLvdd1pWpHVjahSpsvCXUbgwsL3JAcvokwaKt1eokM,False,297
FHn5aXZskCJZU9hjcPycTdM1mmcxJDdxiQ2R4dRZpump,8pRBhwTW6ZA8skrhrKeXHq6Qqp2Q4r62CGNZML3R9GSW,False,24601
FHvhdenKH315NDeVTzhH7GbRucbY1kV77wShmNwUpump,CbM2my6DUK3miqqDQZ6SNDEYrtixHq5WtRew16E8Sqv1,False,3097
FJGfVcH92TSNsxZUm7qMYkPz3H1RcPnQcUmbfmEapump,8R4uFJSni8LicbYdNWZHZrcfWo4u769dUqv3bsSsEH4f,False,24600
FJLehYsTWsdXP42tgixCvNzMN5PiWkHKNKfFPcCmpump,TSLvdd1pWpHVjahSpsvCXUbgwsL3JAcvokwaKt1eokM,False,2828
FJRtY4GoThZwGM92eTNziwsTXBiZs3brtFfmDj53pump,TSLvdd1pWpHVjahSpsvCXUbgwsL3JAcvokwaKt1eokM,False,951
FJr5FH4HEUjRWFmNiby8sqaMVmnAd6YvZGENJXkapump,TSLvdd1pWpHVjahSpsvCXUbgwsL3JAcvokwaKt1eokM,False,1478
FJvmeqEf8HkQVatYiMV57wN4q8tML1Hg5M7ze87Fpump,TSLvdd1pWpHVjahSpsvCXUbgwsL3JAcvokwaKt1eokM,False,911
FK2W2pDpVdwC5KooBBXKLDG4mhXEBP67a9YxReJ7pump,GQaVrLjey9TM2MNfgrUZ75jouT95Bc1S7esS5HRKoE81,False,24601
FK52jGwcTeHLdT4yV9vjbTMpgV94FhH1EKNzV5Ujpump,TSLvdd1pWpHVjahSpsvCXUbgwsL3JAcvokwaKt1eokM,False,1012
FK5FP649AcfCE5vW1x7AvGYv2yoayp74MbLuneJXpump,7HfrF32JqP7GDGoVZgvMcsBxxqBp5zNx8u6oK42pj9cX,False,1
FKf78LFvtZiQgrqQ86QaDdzjL5SLzuyvzsK1gGHdpump,89Xr74EQDxq46f3Wk1c5C642aiC6SAvGvi6nKd9CqfGF,False,37999
FKnYRFgqU6jANZutxcbhfykg6SEUiPNqe6aZq3fgpump,4goTmNLF2AuELKUm3SXMTUsSrCHQy1E8QjJeodtBaW7r,False,24601
FKpQJa9bAsaGEhWhcuNTpKmU3iechaqnNprz6Ccjpump,TSLvdd1pWpHVjahSpsvCXUbgwsL3JAcvokwaKt1eokM,False,1
FKr33gGt2PXMKxacTDzQn75sigGXTnFeuwF246nwpump,TSLvdd1pWpHVjahSpsvCXUbgwsL3JAcvokwaKt1eokM,False,24518
FLB6LGK1KEK4VMyLLCd8nqLw3JsjthahrhevQwkapump,TSLvdd1pWpHVjahSpsvCXUbgwsL3JAcvokwaKt1eokM,False,3001
FLEFfGcYNwbdXNcP3hyvEX2xwwZGEFrpn4yPHmAcpump,TSLvdd1pWpHVjahSpsvCXUbgwsL3JAcvokwaKt1eokM,False,1
FLHucG78WkUVRN7Lf8dS54H3dECC7qwaE3VphmwFpump,TSLvdd1pWpHVjahSpsvCXUbgwsL3JAcvokwaKt1eokM,False,24599
FLLNAjZMsMwKb7ki6fjBYoY8yrvL12M6yfNWybYNpump,mA3iiyDHcYaEyxuHG8AJxzvSw49h31obtfh7sFz7EqT,False,1
FLT8aMvVmARgcXrfonrhi1FqUNpgY6Pg2xxVyYrNpump,TSLvdd1pWpHVjahSpsvCXUbgwsL3JAcvokwaKt1eokM,False,1
FLX2CvPWxbZeEAKQ2FVQhC9XV96PzcsYxzrtN3PRpump,TSLvdd1pWpHVjahSpsvCXUbgwsL3JAcvokwaKt1eokM,False,24601
FLYFfrUAKFAw96hxc6o3ShCTP9mNY74ynhx4h7Yipump,,False,450
FLayaUPfFxmC1Vz3i4ebKT9uwEVv4ribyCqENnQ9pump,TSLvdd1pWpHVjahSpsvCXUbgwsL3JAcvokwaKt1eokM,False,461
FLcPDfEdzwB1Z3NgMB1FWqbiUhCLMXUzKt6i5C1Ypump,TSLvdd1pWpHVjahSpsvCXUbgwsL3JAcvokwaKt1eokM,False,96
FLuxaik9EoUh4ZwTT8ZhMmNh27XbTcabTMRGSXHvpump,TSLvdd1pWpHVjahSpsvCXUbgwsL3JAcvokwaKt1eokM,False,1
FM1hAJiDHH5sfJD5xNsrNS2wKfUt3x6ZsW6WtbmEpump,TSLvdd1pWpHVjahSpsvCXUbgwsL3JAcvokwaKt1eokM,False,1123
FMURm5Baxa1sRQpVDxQw1LGYRVqaZquATpYogZc3pump,vUr8ZoHZgFGcHSzUfwncBPhBwvDj2vPJiSkEkWQGVh6,False,24601
FMVNN2E4jMU6CfcoG7TgiEU7kuga1sKMbTgZkzqUpump,579brzi3x3BVk5TC7SNhAc4E6WExyc1jufUCPCRPheAY,False,3080
FMrvDE9mtoaebQz2EpLe5MQFCmz5jwpy5gLn6fVopump,TSLvdd1pWpHVjahSpsvCXUbgwsL3JAcvokwaKt1eokM,False,24268
FNA6CPuw3LHA2rN41ACS8qHYUtbWtrQdiEqU5rqepump,,False,24601
FNLK4bSwHNrVCeCXCKjY5y6ZCbYM25saKLD6cHhBpump,TSLvdd1pWpHVjahSpsvCXUbgwsL3JAcvokwaKt1eokM,False,1
FNq1pLyRcQEfFoYiRnCutMWUvyHTpUYPWcFuX2wypump,Bf2yNBQJcdn1u3yKR7LhCVUwXUUG5QZbsVJJiffhJwcV,False,24600
FNu7a7yK4vF8ssc6pPa2x12d3cnKPxABatjedgUpump,CykBTLcfEWLncH11cujyCC8ZZxjdYZrTJRq976dCfmM5,False,2985
FNx1jtsNgRxnm231zKQx2xK7TLFmLEKNR6pbdNNvpump,TSLvdd1pWpHVjahSpsvCXUbgwsL3JAcvokwaKt1eokM,False,982
FNyryJqndRYk4MaUGhgRnRwjEFfG8QejFPGNn8rypump,TSLvdd1pWpHVjahSpsvCXUbgwsL3JAcvokwaKt1eokM,False,24600
FPgBdvAqqLZk67W921m3g83gsxTZMjcfprmydBi3pump,TSLvdd1pWpHVjahSpsvCXUbgwsL3JAcvokwaKt1eokM,False,529
FPgaiCM3RSCQJC1NAJkVGDxy5M6hVxpb7BZFDvBipump,TSLvdd1pWpHVjahSpsvCXUbgwsL3JAcvokwaKt1eokM,False,24601
FPkYkvqfaLXTV1MneB4MRBXu1wiuSg3CNN417gJRpump,LKj9iErdowCqYpBpxTTekJ3e27XFGZusg1eqk54kCzn,False,24587
FPoLmznhpcEcFg4nZ2wKLXe5ph5ef79xsSChCtTKpump,Hc3D9Zr9gcokmhtjyWwKRyQWPxEon5tRP7aBSweHh9bp,False,24601
FPqHPBT8ekmR8e7JqbskhPKe8vXXF4w8cff5pcrupump,52mXWzgdyhTYx5nBPxZEDCUn8RP6oPszZNrtBRiYAsJs,False,1
FPrqbQYZmGZuqC3WvyHMMaV1DPpZbDWHuo1gWfcdpump,TSLvdd1pWpHVjahSpsvCXUbgwsL3JAcvokwaKt1eokM,False,538
FPwM5sf4fZ1emHA6FrHzApvb8xKjLgq4QR6ohk7epump,TSLvdd1pWpHVjahSpsvCXUbgwsL3JAcvokwaKt1eokM,False,24550
FQ32Asn6CkLj3uNdz6ie4NGDPj176YyuoQKj29xPpump,TSLvdd1pWpHVjahSpsvCXUbgwsL3JAcvokwaKt1eokM,False,771
FQCaSWADj6dwHqyWTba7DKfWYwo5ZmQxQCSyT5nypump,TSLvdd1pWpHVjahSpsvCXUbgwsL3JAcvokwaKt1eokM,False,912
FQNCqpD1CxLvaWJZo9jzaWwJnkkUfbK9AGYpiZjRpump,TSLvdd1pWpHVjahSpsvCXUbgwsL3JAcvokwaKt1eokM,False,257
FQPMFmJkhbfkfrX3gJVqahARhJEFkhjvb9CQmHdypump,TSLvdd1pWpHVjahSpsvCXUbgwsL3JAcvokwaKt1eokM,False,24584
FQg4BYYnQ9MCWMhRMPcEzYHpXyioaRqyGDh5vdzpump,3SW2zquY2mVTbNuw1ZCGgtoehq2evfU36PFd6TTqSXdK,False,1
FQnBw2qq5kmHYDUBoaEDFmoAbDRehzjfF3LENu5Npump,HMCksz7MqdgyEJjotxoLExZTy7dUFV4292dKpdRAXj2e,False,24601
FQoLtYdgZEfBZaZfZT6EN6AwxAj5JsX7mJ4WAt4vpump,TSLvdd1pWpHVjahSpsvCXUbgwsL3JAcvokwaKt1eokM,False,841
FR8DVbU9Qgg4qQBBs1fqQyW2fd8XN8eWeKctmaZfpump,,False,1
FRC8m6F8bVBLLbs2kqZeYRT2DZNNV6ULs8E4uvL4pump,EvdJRftBq9gDKsKodLxHeNiLC7RpTaod86mY3KJMMJdF,False,1
FRCHHiJJ7gaskFkd6mABujpaaqNRHcMApRsCwf58pump,GRzf9mb8RvTYTqfEjPGoz6aEfzmYqT7wvWqstZBDJYQ9,False,1
FRD6HpHLYY8Sfkz5J4zFrDWu8WsdXjugBUsseYd9pump,TSLvdd1pWpHVjahSpsvCXUbgwsL3JAcvokwaKt1eokM,False,403
FRDaQWszuFbG7ReUAgqsgrg3iubMQDAQKGGAbLLUpump,TSLvdd1pWpHVjahSpsvCXUbgwsL3JAcvokwaKt1eokM,False,362
FRWbEQr7Qy9BoLd9DjADXhTyBkZbCPV1xnc4vhFhpump,TSLvdd1pWpHVjahSpsvCXUbgwsL3JAcvokwaKt1eokM,False,1088
FRhGCBV8f3FHHAKWQKoePsVmP8XYNgUwSkAZiVQKpump,GUsrdRnW4LntLBaebhutAW4MjV5dMREJRn3tU2D6CJyt,False,24601
FRhT9b4u4TUhRNkDh23HgAxGSQiCwhhkm7VSbGh1pump,TSLvdd1pWpHVjahSpsvCXUbgwsL3JAcvokwaKt1eokM,False,3313
FRmySqvKu17yuj8HuppukAGnhQbngWpyjFjo2zkqpump,TSLvdd1pWpHVjahSpsvCXUbgwsL3JAcvokwaKt1eokM,False,940
FRsxjugMST57bepDqurKjsNZr7iTW4RDXYXtSFMHpump,TSLvdd1pWpHVjahSpsvCXUbgwsL3JAcvokwaKt1eokM,False,16
FSARUzppMfpbQgJ7UpQe3iBAtgJk9TRvPKxe79JFpump,DuRzf5o4q6VYtXe4MTjNGqzBgTGTGfZSm8pCThdSW997,False,24600
FSWPGpdnmgjFtvYZfTUo3UmagiaiZpP9aH5GMWYnpump,TSLvdd1pWpHVjahSpsvCXUbgwsL3JAcvokwaKt1eokM,False,1045
FSsvKYeBv2MFGspE7XtMwapa8NqcF7XNJqigozwFpump,TSLvdd1pWpHVjahSpsvCXUbgwsL3JAcvokwaKt1eokM,False,652
FStMfWXryYdA3aedDRXfXrBVWu4tbHGJZSwPyT6upump,TSLvdd1pWpHVjahSpsvCXUbgwsL3JAcvokwaKt1eokM,False,549
FSzAQmghC6yMARBmm6kHUZTDqi9B4TECP8T4NXg9pump,,False,968
FSzLVU7jo3ucJqaS5wXjaAHxubPQtzUmEqXcuMbcpump,TSLvdd1pWpHVjahSpsvCXUbgwsL3JAcvokwaKt1eokM,False,792
FT3Wzve1ZQtQb4FrYk5Em3wu8ByK48TxzuMSYEpFpump,TSLvdd1pWpHVjahSpsvCXUbgwsL3JAcvokwaKt1eokM,False,922
FT47yNrjLv4ZhH2RpEYNh6JfVLiS43KSe7ow3F9kpump,7i4rdVysGEydGi52fVN1bSKHS6MDocvvqHPPwpV9Xr37,False,24601
FTBvjbP8VRJWVGzob8CPPkh5moTqvYPmocd6Kjvbpump,TSLvdd1pWpHVjahSpsvCXUbgwsL3JAcvokwaKt1eokM,False,1
FTCpRgRCy6y3SrLSDzU2714feri5nSZRgrZdqtrnpump,8WRPvpiX8uyhQmj1do2uTRPJM47bzsfmVhP3RvUbj12T,False,24601
FTJ5xx7EhYRr9ryf6T8M2WBiMHYkC7CzhJ4i9mX4pump,DqiqMxAPZwZuqC1pio7kN9CHeXH9EyRHcgjujGfY5ffL,False,24601
FTKwUvSpWqVee2XaGaCDdakpEVBzNAQEwHuWP7pWpump,TSLvdd1pWpHVjahSpsvCXUbgwsL3JAcvokwaKt1eokM,False,1014
FTugWk3sqjLJYbsxbTEdbnenYRPaqGJAC8JXriUspump,,False,630
FTyr4aoR52GY5EWGuxSzEAY6szaYKzi3WAmHmeYppump,,False,1
FUFexTDhAXoXNrjbFuTqb96e91mxopc6BKGQdBwdpump,TSLvdd1pWpHVjahSpsvCXUbgwsL3JAcvokwaKt1eokM,False,1218
FUGEBoyL5tpnMdHxHoeAU4QvYWabbD7826djUrHxpump,TSLvdd1pWpHVjahSpsvCXUbgwsL3JAcvokwaKt1eokM,False,623
FUPkufDzrbE8egNEL9mqEpSBu9aiiNsdBxpokLNopump,TSLvdd1pWpHVjahSpsvCXUbgwsL3JAcvokwaKt1eokM,False,871
FUTBYcnpCibhRR99eBuGC1X9pnyFBZAsp68uDCUApump,,False,923
FV3moLidvdsqJt9BUKyx7jCQFWjxofibyHu4TYKypump,TSLvdd1pWpHVjahSpsvCXUbgwsL3JAcvokwaKt1eokM,False,1205
FV57xx2HXe2TgtAgaYG9HJjsXdZapQ4uRJkKnRjgpump,TSLvdd1pWpHVjahSpsvCXUbgwsL3JAcvokwaKt1eokM,False,24601
FVT2rsTswXKnSjp1uUeJBcUoPf1JdqSgvaLUxGwmpump,8S1u5hW1qf1rChJQLGVxiF1V9dv6Ynb6oba5UfAQ98L3,False,24601
FVUeoA7gk12R2X9nYqo6WN4SEj45Wt2URaeFBA6xpump,TSLvdd1pWpHVjahSpsvCXUbgwsL3JAcvokwaKt1eokM,False,850
FVZsHvWfZJcdQQeKKoAqjynWykikC9HhhBRfMEFWpump,TSLvdd1pWpHVjahSpsvCXUbgwsL3JAcvokwaKt1eokM,False,1276
FVqxVaSLbRjw99QFqVkbx1TgrURVmW67ckDw6un9pump,CR73VghD6kewxuSNUpsqLoxsPJRT72PmpYXDSicdZYDA,False,902
FVua7GngEQRWWiJ65W3KquUZmqMwPYVdygBoa3Jpump,52mXWzgdyhTYx5nBPxZEDCUn8RP6oPszZNrtBRiYAsJs,False,1
FVztRxaenSsDKC6YWhJjWaaJXT51APWE3QLFyxtWpump,TSLvdd1pWpHVjahSpsvCXUbgwsL3JAcvokwaKt1eokM,False,890
FW3g9uA6rfZTkgf79RK2zBTd8Es6guSRSiXiHKErpump,TSLvdd1pWpHVjahSpsvCXUbgwsL3JAcvokwaKt1eokM,False,1
FW7aAw92HWnWrUmGe4HHrdHjqshQ2CnyFMqBkSDnpump,2uE5yRmYGjEWHvm7akbXEciRUFA52oLJb5XQBd5LLCYG,False,1
FWA5e6e2CkNRWdngJicReDjwXREZBAp4bSumTzFYpump,GpTXmkdvrTajqkzX1fBmC4BUjSboF9dHgfnqPqj8WAc4,False,24601
FWFEKXi3rj9UjiW4X32P3F4h5qipcCxqqHQCkgFLpump,TSLvdd1pWpHVjahSpsvCXUbgwsL3JAcvokwaKt1eokM,False,1
FWJMYRt45Hc5fquJaHnEnMTNPjkhatEBRr172jhQpump,,False,1005
FWRJrFppbx6TxMtzcjDBkXMqyv3W7co7nvvHmD5Ypump,TSLvdd1pWpHVjahSpsvCXUbgwsL3JAcvokwaKt1eokM,False,724
FWTDhadCpbrq38rBx2H7TKHhYeApJEMkFnWsnHecpump,DWnCVyZmaD6qrHT1iqawBFm41ikeuWyr9gC8iqLqxz8C,False,24601
FWW6K2GLEqfWDPHLoi3zJDGE2zfi9K8BFwyzmG9Qpump,TSLvdd1pWpHVjahSpsvCXUbgwsL3JAcvokwaKt1eokM,False,41
FWjEmYA4ip7Uf4CokgKwYFJngQaBWwaQYnQn5pDYpump,DR7ghPiRVBJ3YeP3FUJRuSa4XaWq4Pkw8ZM4JYs1PyJ9,False,24601
FWqBgGe4fYT2SFyxxVZm833GKgSzGw7T5RhzsAwupump,TSLvdd1pWpHVjahSpsvCXUbgwsL3JAcvokwaKt1eokM,False,1000
FWtkjiFvL35dyDeb8hQ5GV85CvPutSsF46HjC47rpump,2ny2zB83hr3QiXW96TBb5LbYFA7nrwZ4h4XSccKknynS,False,1
FWucHu8ZZ2khqgD4HxYfxV67sgTTWg6A5Kd71MK1pump,TSLvdd1pWpHVjahSpsvCXUbgwsL3JAcvokwaKt1eokM,False,314
FWz4KZGDkcHxhaFaBbtHXQ5JSGvNfbKuQWA9tDMBpump,8wf6V4rWTDA8xTGu4scQ8sy7iMeMHVY6QG2YtyPX4YYc,False,24600
FXJAdx38aXJdQd3ABAVu7fQ7Bjh9oMN92eTxszFNpump,,False,1
FXJZSf8UPKUo8pNxEAMadZhFcoqeSxPmeT4B5ViXpump,TSLvdd1pWpHVjahSpsvCXUbgwsL3JAcvokwaKt1eokM,False,60
FXJd42ZZsyquRaU96XNvo67jDZQJ1dHgo4zRa3oXpump,Ds49tkqPPokxbGkVimb9NrkwtQUGnBiesAof4Pcu1Cva,False,24597
FXPn4kM8M252tbRXV4mvdqSQvY6jrg3J5cuRCphXpump,C7MVNHpbXpZghhsKvoNZ7WvCSq6yWUt5YHUKxHgXYnYD,False,1
FXeHau1iVtRQJr3WQV3fnDD29Dbh4CCvtXtGsFFupump,JCsn2tKa7Dpe3pfNhFcmrzdb9cLHhaVRwYK8gQvqEm1Z,False,24599
FXtuH7EPhsikr6UKF2Jp7zkaCrFzfduVe6LcsRFtpump,,False,583
FXuC9X6NDyNfm3PYuM1QEVaEGoXsCuCDMLrmYSW2pump,3kaGNCts18H5Hp84Sqcn8idGtyDHcqCN1GTXhNxHhCBm,False,1
FYGrvQrv4kxE4tRC7jt2ndePRYkvxv359V4msc68pump,DZjF83sHVkUvYz8LNhRCDfJo8zKaz4DrDLhX5B5H9fur,False,1
FYPjWkmFNHX8nXx1pkfJuzwacQCVZ9HaVKiPJNgpump,TSLvdd1pWpHVjahSpsvCXUbgwsL3JAcvokwaKt1eokM,False,1332
FYRaX8bR9Cw1UrjfjzaS4kVgmRLbzt8qyysyAoTfpump,TSLvdd1pWpHVjahSpsvCXUbgwsL3JAcvokwaKt1eokM,False,2001
FYa6YFPL7dhgYrX2XppQM2WeFn6azku2SGEuoHyKpump,,False,873
FYbGjCmpnhoQ5CyD7uR6mDZyEYs9jxZJ7LejzrDdpump,TSLvdd1pWpHVjahSpsvCXUbgwsL3JAcvokwaKt1eokM,False,24600
FYc5oMdkUBzcQwXkC9ec2s9fccTP8R5UhLkVhsSLpump,TSLvdd1pWpHVjahSpsvCXUbgwsL3JAcvokwaKt1eokM,False,793
FYeMgnmnFfuK4aT3PYp4kWQRb28T8zuK29CqFeVYpump,TSLvdd1pWpHVjahSpsvCXUbgwsL3JAcvokwaKt1eokM,False,664
FYjD5nkT9TjPSSZfPLxcDUw8VZBzNdcHzzUAt24Rpump,,False,1197
FYjkDrFFuUZJ56kSrktEMLS2Mv7eGoabLYbuCXuopump,9LxEYZ9TVNE2wmSriKGSKJRuEkyLspq3xLFWN9mGGuko,False,2922
FYmL6ssPTfQa5H4QHrVs3ggoERwKBJ4vMR9a3i4Qpump,TSLvdd1pWpHVjahSpsvCXUbgwsL3JAcvokwaKt1eokM,False,851
FYosKM5Gw5uLhB2KyaWBurXgZ2KJZX99V7kxiRjupump,EpbPsPbgqqcaMGU662KCGTsvEpu992aUzignvQgEts2C,False,1
FYs3kU6Q1jwRF5oQV6UvHgjyuuW3bGdz2iJD7JCNpump,TSLvdd1pWpHVjahSpsvCXUbgwsL3JAcvokwaKt1eokM,False,438
FYzAWUYqmu8kFzERPKkTgVYd4BSbedMjVhYPyLPdpump,TSLvdd1pWpHVjahSpsvCXUbgwsL3JAcvokwaKt1eokM,False,1
FZ2Wo4CRz1opufm7JK2JdHoFjjFB4kQwfw1kWDQ3pump,,False,1
FZ5Zeb15vikNZVDNnvgdFhzJVY1oekXQXVfydvt7pump,2tdA18DimYVkzjjGEuveLmkg3hRx7foQwpzwugkX1Mi1,False,1
FZeJ6zspBLixBefHWue5zEEUsZcD3GnRHNpAeAVwpump,TSLvdd1pWpHVjahSpsvCXUbgwsL3JAcvokwaKt1eokM,False,941
FZkg65tevtEMw79ms96GdtxPB85zWNTd15wTrpzopump,BTDpk334mZVQiR9FKj2gzRC9HSouh44WcVWyALbRtPL,False,1
FZmgER1tsHcsRG59iEL4FF6Pd7JSWHCGoxXoDZPxpump,TSLvdd1pWpHVjahSpsvCXUbgwsL3JAcvokwaKt1eokM,False,388
FZzLHBhPfiz2Y8Zjfc3aXaZzyvjiS4xSLLr1ZkNpump,,False,1
Fa3GTNddUqnzqWz2TSh8GEGCku3dokgQeQskXew9pump,TSLvdd1pWpHVjahSpsvCXUbgwsL3JAcvokwaKt1eokM,False,14500
Fa5WjXiVVGRhayjquFZCUyEgXMUGCrDe2foUExcApump,TSLvdd1pWpHVjahSpsvCXUbgwsL3JAcvokwaKt1eokM,False,1112
FaLqW5yzT94Xzo5CZ2DR9FmeujR22JqRap3Pg5Kdpump,7CuNbxuVH5aTyRrX5ZwVxXV2u3q53hDD1rofibWFKg1V,False,1
FaZwrtepqwBf2TMHVaxRWt4U3Zjv4LxmcisQXYy1pump,TSLvdd1pWpHVjahSpsvCXUbgwsL3JAcvokwaKt1eokM,False,1
FagmG1EQDgaLVXtHRCaH4bRqxJ521RQtskXtcKGrpump,TSLvdd1pWpHVjahSpsvCXUbgwsL3JAcvokwaKt1eokM,False,842
FasDuHib4j5vSgSnkCCccEWd7nNS9UnPpNMXuLRKpump,TSLvdd1pWpHVjahSpsvCXUbgwsL3JAcvokwaKt1eokM,False,1816
Fb15qsPq6mxugfBVTqLzijurEbgEoG54bbFz1mANpump,Fw46Bt6z7PyPWY6nGHE2tVJnbtzPkKvQZWP6bpaj4TFk,False,24599
FbSFFRznEfPc4tcUZDpUqfqYkPqDT2BSmb2iofCgpump,9aDa1f74EFaA1U7t9LXGgqqoaG7jd5REVeEi5F3r7USM,False,25101
Fbep9TkaN7EDsk7JFmCmddn3SSYX2prQwquWddyQpump,TSLvdd1pWpHVjahSpsvCXUbgwsL3JAcvokwaKt1eokM,False,1
FbgJxKXtQbRyWP4N5uRFELY4ya4g72WFzdkd8eRZpump,TSLvdd1pWpHVjahSpsvCXUbgwsL3JAcvokwaKt1eokM,False,1199
FbiRKXerMqsrbK3dgB97pxV4d9sWtsHmtTRKnffqpump,TSLvdd1pWpHVjahSpsvCXUbgwsL3JAcvokwaKt1eokM,False,24601
FbksEZd6ne4b5wRY1Ryj7Kvza7e3ryS3ireB3umtpump,6NcHNGELycBHQfSGQgonKqmdwBsPpphkYJww3Fygr3Uj,False,2001
FbyF62A69XPrTKLL7QVdZ1L5dPKR2kfrRh8npX7Gpump,TSLvdd1pWpHVjahSpsvCXUbgwsL3JAcvokwaKt1eokM,False,26600
FcEbzrhrq4EvkPxtaj5zVo4CqBKuqadjbbHxFxK3pump,8gM4gnxdLdkvifM9TCwkGAxrnNw4NiSiHbAdE1RqY96e,False,1
FcGwQqx5UBQYc7kgHWvFP1HWJ3S4YCFmwFmbTy1Xpump,TSLvdd1pWpHVjahSpsvCXUbgwsL3JAcvokwaKt1eokM,False,2547
FcHwsKxC8nuQCCWG3YGtGebaCDchpZ6T1xbDgwfapump,TSLvdd1pWpHVjahSpsvCXUbgwsL3JAcvokwaKt1eokM,False,1
FcTNFmknmKXbaY36vS4nQycCkdtkNhajoUVguvQEpump,TSLvdd1pWpHVjahSpsvCXUbgwsL3JAcvokwaKt1eokM,False,816
FcTQLH1TBnxpBMKgSgVeswY8SCRv4B28nMKF88jWpump,TSLvdd1pWpHVjahSpsvCXUbgwsL3JAcvokwaKt1eokM,False,1
FcgmHM5DoQBVGEhfCnSAJFSMnkcQ1RJvGwhNuDv7pump,TSLvdd1pWpHVjahSpsvCXUbgwsL3JAcvokwaKt1eokM,False,1054
FcuQPrM3KhwEKzr7ppjBCAkg1Uhr7cxFEiKRYX1ipump,TSLvdd1pWpHVjahSpsvCXUbgwsL3JAcvokwaKt1eokM,False,1
FdPMKU3nQH8wXYmemJDo41De6bxqA7uQaSFQ2Cu2pump,TSLvdd1pWpHVjahSpsvCXUbgwsL3JAcvokwaKt1eokM,False,1
FdbzcxC8Nkx6CTARXUrW58a8LvzBXJk2XgaJbiBDpump,napgijiDsCGLG7G1KfJgY4HWKrFeiuWKqGRqRgw9DrC,False,1057
FeDoseFzNa2qDrQsiBtWsmaqvTxWPMXYDVdBL93apump,8gM4gnxdLdkvifM9TCwkGAxrnNw4NiSiHbAdE1RqY96e,False,2001
FeQtaFmYbwUiW2r2aZhwkpcPqtTbTKAXkZaWSmypump,FDXMvYhU4NW2TwznnvdFuVFyQEHph3kyHD5msaFnBxw8,False,23665
FeYQWQL1s9kYVvNTb8ZnwamoZV8hTWxcAVNNfWadpump,TSLvdd1pWpHVjahSpsvCXUbgwsL3JAcvokwaKt1eokM,False,107
FexaKC7j1RNxTYfqvf4Je9z3ETEkvtebuBBq6gtqpump,TSLvdd1pWpHVjahSpsvCXUbgwsL3JAcvokwaKt1eokM,False,1137
FfKbf617RoZZLdngUntSNDSGx8bwxfNhW5acpJQSpump,TSLvdd1pWpHVjahSpsvCXUbgwsL3JAcvokwaKt1eokM,False,1
FfYt5hjC4yXQoe4BpHiL9YT3xUWKLsw44XKDkMthpump,TSLvdd1pWpHVjahSpsvCXUbgwsL3JAcvokwaKt1eokM,False,24601
Ffbk7xXqoKdFCe8exjvt9yeJKajDG16RQJtfGUkXpump,TSLvdd1pWpHVjahSpsvCXUbgwsL3JAcvokwaKt1eokM,False,704
FfhENRtsudrPbWaJhuMnYq2fKchHqU1Erd7vK9Gzpump,TSLvdd1pWpHVjahSpsvCXUbgwsL3JAcvokwaKt1eokM,False,674
Ffz1g1TDgDcQZ4nDhA7ArVf2M6mkgjcLPFCVLVCxpump,FMiSAekGazGqY4jAe1nns4GjEJ3gMdVZ4aDSwg6o9Dmf,False,1
Fg4TfyY9WEp75QLkdoK936xNz656iEY2CHM6nnompump,TSLvdd1pWpHVjahSpsvCXUbgwsL3JAcvokwaKt1eokM,False,1
FgNWS3212fmN9dfHwoMHByPSNkTmuhbgJ9nZ5Trtpump,TSLvdd1pWpHVjahSpsvCXUbgwsL3JAcvokwaKt1eokM,False,24599
FgWJbp66diKJGQP8G8GmTMqyk9X6dZnmVncv375wpump,5oYDDzpG4xQTVko39ZhXQhJcQEjbqWR89WUBmeiZ7MNi,False,1
FgauohHhcQkAJhS5M4RjkeZbmisqPUrdPbhh7SrSpump,7dtHUvVLuMN6ajHK6Tr5B38uzixrVA9HBjtGzAxZZSBY,False,1
FgbKLaFnjqsipwLP3exFxyyKckGnuTRgzYgXm4vJpump,5gURcqKgUXkNTWiQQciRkRuEnXP73P4J8dhFin8eCoJe,False,24601
Fgn3y5zLZTfi5UxP59yHbLmryWgWnHS4BFJHcsuVpump,TSLvdd1pWpHVjahSpsvCXUbgwsL3JAcvokwaKt1eokM,False,1
Fh6zGR1ocY25T8dzHyL5cTTR2b1afB7h4eEa2hTypump,TSLvdd1pWpHVjahSpsvCXUbgwsL3JAcvokwaKt1eokM,False,173
FhLo73Gdfrgu9BCat5gpuBqvebvD7xNkwPj6Kn6ypump,9ACas5oaNcBBNWEoC5GBgs3VjTcWeLkeC9HXAFfnen3q,False,24600
FhrnQVPcb12imjuKY1YcBhMQnETQfnhsYVZ6Gy5Upump,8pYJjGzNoz3gsSwe7KaTS4sqa1TLbmzueXKHnxzpp5cJ,False,1
Fi4poNJEnu6FtCGDzCMLfkFHhyWBVywHpqbPpaJ1pump,7SSK3E33xB5RZ6pjkSmcTeWNtaLLfLhMTGoyxH2xQfZn,False,1
FiBSKnRpjNHChN1BANpr3dsVFQuuHhETMen4xUDgpump,TSLvdd1pWpHVjahSpsvCXUbgwsL3JAcvokwaKt1eokM,False,1
FiDqSyqETYmGgGLaUCUkucgGEpZg6kFgtHYBMnx6pump,TSLvdd1pWpHVjahSpsvCXUbgwsL3JAcvokwaKt1eokM,False,127
FiJ47AZayGrs2XcmSn8y1DWqAmt2ieiHJMjgNmympump,3mJXMZ4TMCXbRyCguVQaACHyqQJLzMXPPiTewHyFZiMs,False,1
FiQSxRdBzBgskvWcxFYZUrYdcZ55Qzci9dtrSH54pump,GqGWyvvezbKGHhwFgvSELFg9SgS7h28LSjw42p5Pbo2a,False,1
FicxUjmjMweJFNKaXJWGFUgeSEQFqqyE19PPdEdDpump,7xPutNghPJFtsK9RvZH8LkuRP3LvmuDrq7B3xwTkdmn1,False,2579
FigPk2qX3XzTRnbTGmmX4b6ToVfRTMJ3TPwfjWMppump,TSLvdd1pWpHVjahSpsvCXUbgwsL3JAcvokwaKt1eokM,False,532
Fihfo4UFAZrtyW6EYLEaWwqaujZEzQ9Q1FP2qMj4pump,GHLpV49NaQBRfnd5o4LtXFwxoTmfw9HqwUrDAeaQvM9k,False,24593
FixmuiYmynLMhZ3nBhHZVyFZjBXL9Wem4oK6fKbGpump,BgwcEmkNupLpsne36n4atKfZMyu91eeVphioDFeTqPFm,False,24600
Fj96bmox6x3GdN5peNTB2UMkDwYxk2SDgY692bKbpump,8gM4gnxdLdkvifM9TCwkGAxrnNw4NiSiHbAdE1RqY96e,False,28801
FjQ7wtDKxxE87Yfy2KunYUvjVU8UsQmPU5aZbVqdpump,TSLvdd1pWpHVjahSpsvCXUbgwsL3JAcvokwaKt1eokM,False,1345
FjQi3PR1YCGBHa9EJCemmExyS9xbMAwYEnpduCgqpump,TSLvdd1pWpHVjahSpsvCXUbgwsL3JAcvokwaKt1eokM,False,1007
FjReDbpdnsPVtEjVSUKfD5ierDVdkLnXPVQqogkwpump,,False,632
FjgXCL8ov5BkvZGoY2QthvhUmx82mVkSmhni6nCJpump,Fvy68EMpNPUMijjZvcjgWN6EWGQFU3eTmEAMrF8MHgVN,False,1
Fk9vXoeCj4EBdJpZ4buartPsSrgoTitXzMfUNxzhpump,TSLvdd1pWpHVjahSpsvCXUbgwsL3JAcvokwaKt1eokM,False,1073
FkGLNGDpyqdyRPBq9Gct3aTxv9264npYthRB1AWApump,TSLvdd1pWpHVjahSpsvCXUbgwsL3JAcvokwaKt1eokM,False,1126
FkJDv75u37igkb7safRWV5qS4cpwrTQfpuiRiihepump,TSLvdd1pWpHVjahSpsvCXUbgwsL3JAcvokwaKt1eokM,False,1
FkRt5raVLaSebdBGmNifRhg6jFoDVS5HzrRRsAHBpump,TSLvdd1pWpHVjahSpsvCXUbgwsL3JAcvokwaKt1eokM,False,1164
FkcpdCYamD6vDy1K7ZsqpJEuASQ6ozRjDHiGatnFpump,TSLvdd1pWpHVjahSpsvCXUbgwsL3JAcvokwaKt1eokM,False,162
FkeWnGoe9LHwjQi6xC1JGgApSMuyKzu4zXjBi73Bpump,TSLvdd1pWpHVjahSpsvCXUbgwsL3JAcvokwaKt1eokM,False,708
FkgWQP1D58rLT5mVMYVf1XJSV7YnHxFuC7znh9FLpump,7gRgFE531zymDuzmK72zimTHz5yJ6sVyKMxEX29ok9Rj,False,2001
FkhDua761MF8oDXEfiCKsmMm2v45aFNZCTnKVtrLpump,HtucFepgUkMpHdrYsxMqjBNN6qVBdjmFaLZneNXopuJm,False,1
FkwRJ1Ai5RzYx4pdqDjMq86D5cq4o7fF4N42r6D4pump,TSLvdd1pWpHVjahSpsvCXUbgwsL3JAcvokwaKt1eokM,False,24596
Fm3UwnSNY1QzzkBA8i5vGT5oXik4DQe1ZiEUEw2Mpump,,False,1202
Fm645243c7F7uTpHCYe29aaQhZ6SNXKrBomj8Uqqpump,52mXWzgdyhTYx5nBPxZEDCUn8RP6oPszZNrtBRiYAsJs,False,117601
FmNakUkyqemAEMA4CPEq2WU61aEpwWyLNt5oREczpump,TSLvdd1pWpHVjahSpsvCXUbgwsL3JAcvokwaKt1eokM,False,929
FmTZRUSLHeUy6ZiEwcTcLbCbhjXC95haHSBniyWqpump,TSLvdd1pWpHVjahSpsvCXUbgwsL3JAcvokwaKt1eokM,False,1
Fmc9g6bL1Y8Szhn3pFqRnoEhaopbJNXHMdcxqHsUpump,TSLvdd1pWpHVjahSpsvCXUbgwsL3JAcvokwaKt1eokM,False,107
FmjijgwEHpe32VPvHy1s7u7TLthh9yu1j75djVbWpump,AqiiY6cR2FGTnRcoUFh6RbVHQUVKgneaoRvM4wNV6U41,False,1
FmuCEDs6wdzWYVrpRDsc9azLFqFQ9QW9NWpq5VEfpump,TSLvdd1pWpHVjahSpsvCXUbgwsL3JAcvokwaKt1eokM,False,24582
FmyC2dzZiVb7PuvcdhiwfCsEiFVwHib9NNgUh1xVpump,Eej27pHYCMQSxMnZNjWZvNy31tED8DdZMXVeFAJPYmoE,False,24600
Fn4i18Qv68zH6nM8vKkJksjKw2srYLNonbwwMHghpump,7gnQQZaViF4HZgteaWRa2qPXcBMMFNjWQZ6WyxvZVtMF,False,1
FnHNo7D3VSg7V1SGPCtqhhkq7ViwqGqZnd9vJVf8pump,TSLvdd1pWpHVjahSpsvCXUbgwsL3JAcvokwaKt1eokM,False,24601
FnLCkLX8VYDy7yaWHzsuyBi33mVafCi3aYcgACEspump,DwJMqqJr9VVrimv5Ye1LM3LzfgguLmzUePmFG8a2nC4j,False,25101
FnQMnE5aC59t3obZK1qfDKHVYKtU2tCPHN63ovuypump,TSLvdd1pWpHVjahSpsvCXUbgwsL3JAcvokwaKt1eokM,False,550
FnahwTHXmrPYv3uViT7wZP8jTirxJt84YRSLR3NCpump,TSLvdd1pWpHVjahSpsvCXUbgwsL3JAcvokwaKt1eokM,False,1
FnjvTjBvBkgnkVxp8kkpdCr3BBvq5y9zYut9HHjFpump,TSLvdd1pWpHVjahSpsvCXUbgwsL3JAcvokwaKt1eokM,False,638
FnzoUDwey3zpW6HhBKh7mF28tuj9JcXUD7VW7UzCpump,3V9VM1VbV7Ar6jNWCq5JTNi49pbYhPkTvs2HHYph2UGP,False,1
Fo7pJ8jAzVbGAcig7N4jReEkquEYowb1dcETgK5bpump,TSLvdd1pWpHVjahSpsvCXUbgwsL3JAcvokwaKt1eokM,False,24601
Fo8FBd7v3bJ4g1YvRPEsUDrNz2RHBH8fDHAHcrqVpump,TSLvdd1pWpHVjahSpsvCXUbgwsL3JAcvokwaKt1eokM,False,228
FoQ4yi9FgpMocZ1syE4XGKEw3yAeDx9PK2TKn6SQpump,TSLvdd1pWpHVjahSpsvCXUbgwsL3JAcvokwaKt1eokM,False,1
FoeFu2gnaJpHXXbB4RKHTHAx1YZ4umgB7FTh7kc9pump,TSLvdd1pWpHVjahSpsvCXUbgwsL3JAcvokwaKt1eokM,False,1
Fom6jAuQj4oPsaezWEhm7q7ySjPMYnxuN9bJaKJRpump,TSLvdd1pWpHVjahSpsvCXUbgwsL3JAcvokwaKt1eokM,False,24597
FonbancLo4uoENhHB6Zc9WFgb9gFndWF3Yjy81Kipump,3LpHbM7dhVmVQwPKqtei3PoUJP1nrobR6XgDiQuq7xFe,False,24601
Foth1khUc3rGs4wKacCicHsEqU2p7HwPtYPyjGTpump,TSLvdd1pWpHVjahSpsvCXUbgwsL3JAcvokwaKt1eokM,False,1122
FowDbZNH9o7x3SKgXEudQu2U1k59XpP7TzHYrrckpump,,False,1
Fp43tAp5cuipvbJawF3mahaMFpNQaP3tRvMJ1ooxpump,TSLvdd1pWpHVjahSpsvCXUbgwsL3JAcvokwaKt1eokM,False,577
FpPgEpaeLknHwURynCjj9UJt9SpXDcTQyGC56NBupump,TSLvdd1pWpHVjahSpsvCXUbgwsL3JAcvokwaKt1eokM,False,675
FpTEQdi4gZ1DfoNGnNHKYzwUWsUQHuCa7tEwC1Efpump,TSLvdd1pWpHVjahSpsvCXUbgwsL3JAcvokwaKt1eokM,False,1
FpZvHSwUq2oknrki6tQNo4CkZP8R5B8wF85kPHWCpump,E8tEMFtRLbGmadSHtvgTfuy2YpmbypZtQs3fFEAuNczn,False,24591
Fpqqbb1R1hG4Y7K1SrkSXyv1yFeKP7YwiBpEQmdGpump,TSLvdd1pWpHVjahSpsvCXUbgwsL3JAcvokwaKt1eokM,False,705
FqAmeQ8S5WG94C2bodF7AEugoxWfjxdqWN5GB6Sipump,TSLvdd1pWpHVjahSpsvCXUbgwsL3JAcvokwaKt1eokM,False,1
FqMSm4Ws2RhcivfSgF3e7mMfXvyfCbSzDu9RZrLHpump,TSLvdd1pWpHVjahSpsvCXUbgwsL3JAcvokwaKt1eokM,False,648
FqRRDtq4oMJ1bDEJocuYZmRx4WsmUj8YCsUeuMPnpump,TSLvdd1pWpHVjahSpsvCXUbgwsL3JAcvokwaKt1eokM,False,1748
FqgGhgQ98CCTEAwjGptHdMuBXj9CypCn3FPwGXM9pump,TSLvdd1pWpHVjahSpsvCXUbgwsL3JAcvokwaKt1eokM,False,1287
FqnqT1GKi8S4Gyk5wnSKvJjXW48HqGtKJt9WS4o2pump,TSLvdd1pWpHVjahSpsvCXUbgwsL3JAcvokwaKt1eokM,False,1
FqvtZ2UFR9we82Ni4LeacC1zyTiQ77usDo31DUokpump,TSLvdd1pWpHVjahSpsvCXUbgwsL3JAcvokwaKt1eokM,False,1
FqxcEjpFGKkLsPHfNc3fLtsrvRbE7L9teqpVeGHxpump,,False,1248
Fr8qtGHhsXrPrNm7tA117wLbuQ12Lf8kRrCfLQD8pump,TSLvdd1pWpHVjahSpsvCXUbgwsL3JAcvokwaKt1eokM,False,1
Frc2B6utWRuEaJJUt76GJzuxaD7XPT4G2CNi7pKBpump,7CuNbxuVH5aTyRrX5ZwVxXV2u3q53hDD1rofibWFKg1V,False,1
FrwBWcxmqjpFUyKpkMU75ZWhfjmfeyMr2R7V5B3Dpump,TSLvdd1pWpHVjahSpsvCXUbgwsL3JAcvokwaKt1eokM,False,577
FsBPYiGZ4bhUxVSPP7XPJYfTPm5PsLJc2WGZaFaDpump,,False,2201
FsHk9DeVV3yL45KVdSay87qLRU9Y2zr6HZRfqhhspump,TSLvdd1pWpHVjahSpsvCXUbgwsL3JAcvokwaKt1eokM,False,1
FscRAJH7yUTYnoVBsawqB7a1Pid5bqUSDAm49v6Dpump,TSLvdd1pWpHVjahSpsvCXUbgwsL3JAcvokwaKt1eokM,False,2001
FsdxPycbNXJ1nbWPKQxootbBMDfxxDUhSYeCx7pppump,TSLvdd1pWpHVjahSpsvCXUbgwsL3JAcvokwaKt1eokM,False,1041
FskzSqy7Pi1f3nWorr4WhhQboxzyv8fv6Q2e8xyDpump,TSLvdd1pWpHVjahSpsvCXUbgwsL3JAcvokwaKt1eokM,False,1
FsoV2kk1wHdkVpZeGYS4dRXhFARSMeFqkGBEBUiypump,6DSZonamwMCNWtnE87YhWPNTGnVXpucK2DirX9wovkQS,False,78099
Ft7gUgXZ7p8DiMyrj3XZhsqaJCbXVHMGq9prRRb3pump,TSLvdd1pWpHVjahSpsvCXUbgwsL3JAcvokwaKt1eokM,False,1043
FtNnXDGwXcr69kkjDpyUTmfvxReWhdpdAndeh4Svpump,,False,933
FtTJ9iHkFNue8jvnGfSGuFSZF8rnqxxnzjar2eEJpump,TSLvdd1pWpHVjahSpsvCXUbgwsL3JAcvokwaKt1eokM,False,863
FtUEW73K6vEYHfbkfpdBZfWpxgQar2HipGdbutEhpump,,False,1
FtahtGQHz3yN1S5tNRj7q2PjCUabhWGR7UWSPmDVpump,TSLvdd1pWpHVjahSpsvCXUbgwsL3JAcvokwaKt1eokM,False,951
FtbcqWeuK3kv13mwQRcUHnxRzHYRLbbGDi5odySxpump,TSLvdd1pWpHVjahSpsvCXUbgwsL3JAcvokwaKt1eokM,False,925
FteEuM1LBsvsrQKWy8TpkAMWUkbL2Q9KrgPtpos6pump,26Fdun7Sy68V8Qh2aMrt7jsm7EHiHLin2ZmyDZWe1jbn,False,59
Fu4AuCD6buA1hATc42frTucfV2sWBGvLNfw5Sfsspump,TSLvdd1pWpHVjahSpsvCXUbgwsL3JAcvokwaKt1eokM,False,917
FuKNjgFzVKp8foGPUzoQWgMPR2F9eVmG1tMfPqUPpump,TSLvdd1pWpHVjahSpsvCXUbgwsL3JAcvokwaKt1eokM,False,1010
FuKjVm5xPrKtRiuZTTmaEwcN99NqpnE867PjLogEpump,AiF1Sg8aqHNcnvZWohxBGLnBr7QsDG4hgiNBwrZ9TwyV,False,1
FuPYeXwDz8gVpad3QuFf1JftCCyjkW7uMDgKZeJMpump,8BDc38dBM5HQP5CVBLtx8gVqM2zm9PJAuPNBL7V6j9uM,False,24601
FuPqqEHTZzCrYNArKperAnrDt25jNEBfu9rAJDKZpump,4V4K95tb394VbKSSnYp59c6NTrAJes8CCLSiHgVbTtdg,False,24601
FuRvy6z2ypLXefHtuBXyrASf7pDKjUea6nzFssVrpump,TSLvdd1pWpHVjahSpsvCXUbgwsL3JAcvokwaKt1eokM,False,1338
FuTVyUDjat6CpYdrUb4ZavbEtrVHVvAkeySKKNiSpump,FbAggp2eLx58LnnRdZ2CpQK1TcqQyzy47tirp7sLG1RV,False,26601
FuUms3imZ2RGmTxSUK4GjdqV3AaSGreciEmZbacLpump,TSLvdd1pWpHVjahSpsvCXUbgwsL3JAcvokwaKt1eokM,False,1264
FuaHsSeCvNNbDETFmUBwQW7kVEMcyjMCfc5ugSkcpump,TSLvdd1pWpHVjahSpsvCXUbgwsL3JAcvokwaKt1eokM,False,1033
FueRQG7Pe1EmMGtcevu95YwtCKNMQg1zRbreLsw3pump,TSLvdd1pWpHVjahSpsvCXUbgwsL3JAcvokwaKt1eokM,False,899
FuxGyAnvbkvMWMzSJ4wEREuwARS5k1Q621S6jizcpump,TSLvdd1pWpHVjahSpsvCXUbgwsL3JAcvokwaKt1eokM,False,103
Fv4FYb2YnPWsLnk4wtYXZebTVYAHX22wkp2w3a7fpump,TSLvdd1pWpHVjahSpsvCXUbgwsL3JAcvokwaKt1eokM,False,74
Fv4Sz23SA8tysoryzym7Nnq4hDRhwXCQBeUdV95tpump,TSLvdd1pWpHVjahSpsvCXUbgwsL3JAcvokwaKt1eokM,False,286
FvBD7M1Nf63jY3Sy3oJTSy13Z1gSZeLUXocdEdC9pump,TSLvdd1pWpHVjahSpsvCXUbgwsL3JAcvokwaKt1eokM,False,1
FvLjA1gxFgYSGdxjBgjJBchD5XRdrwvfZaCMyTBdpump,TSLvdd1pWpHVjahSpsvCXUbgwsL3JAcvokwaKt1eokM,False,232
FviYGy3M6BLHQwAmPGf83Qu8oep3mWU9TYhUuzuapump,TSLvdd1pWpHVjahSpsvCXUbgwsL3JAcvokwaKt1eokM,False,1
Fvws7YzMjJLTdcXuCfSTwWtNmzueo6efotXoRv3hpump,TSLvdd1pWpHVjahSpsvCXUbgwsL3JAcvokwaKt1eokM,False,908
FwLcKcJH1EjFZwEYbZbPDKjrNC9ECmECjoz3MLwapump,TSLvdd1pWpHVjahSpsvCXUbgwsL3JAcvokwaKt1eokM,False,730
FwVNiTVWj4dbpX4UGXDJzfubpusvXSRTLPBCdZ5Kpump,TSLvdd1pWpHVjahSpsvCXUbgwsL3JAcvokwaKt1eokM,False,321
Fwd1Aa9LGtrsHDDKrYkpm81P7ct3bLxDiVK2KXxwpump,4RePs4EchMosyRENfkUFwZcjgMsdTt9SzYMZomtvRQEi,False,24601
FwhkKfUyYwMazbVvXNqyDeRZGqiAouBKQUx4TuKhpump,7VzAGhWYF7UXq5bB7aH5mdHUtZiU3Ux5XZbEgk54CCVK,False,24597
Fws8KngZmYyfzA5jKTMpC4PX1Q1mAEnzh4NrBXs6pump,TSLvdd1pWpHVjahSpsvCXUbgwsL3JAcvokwaKt1eokM,False,856
FxLJDMXmU2J6DF65dZNPMK3DbFo2srN1Z9S6kBobpump,8gM4gnxdLdkvifM9TCwkGAxrnNw4NiSiHbAdE1RqY96e,False,30801
FxNnJLqVdN59rXDa2Nzh7GXUmzT62tDjWBs6ivfgpump,TSLvdd1pWpHVjahSpsvCXUbgwsL3JAcvokwaKt1eokM,False,1129
FxWmbXDrEVgz1tft5KtxsbBJfKA4ESeh9d1UZMqspump,T7SwXatiXo1huFhD2VpdxFu9fFyjL9sf4P25AUBLG9t,False,24601
Fxxep5jHragtJZFbvpy1piHMjWjJ2B5ysLA84SWEpump,5pRRToLoWrezhsjy5LUefPDNXbNrZKxuGTbkqdYugkBj,False,1
Fy2AhzbnrjqNf8wkeZssoP2MVS5Rh6i8drnMBzUopump,Cdk8DUrZFkrgKw2dixonX1tmds9HrgQrMDbVysJhQzH9,False,1
Fy3FJRMC3N2nfZHKd96cG1X1jxpUzVCBc79xFqeZpump,TSLvdd1pWpHVjahSpsvCXUbgwsL3JAcvokwaKt1eokM,False,1
Fy4DC1btDJnDtqs7zaEoxTyeZWsGBNPcmnFANFgmpump,TSLvdd1pWpHVjahSpsvCXUbgwsL3JAcvokwaKt1eokM,False,1
Fy5KxxZPcEifF7suUS2b1VhgM48XbD6tWPcroge3pump,TSLvdd1pWpHVjahSpsvCXUbgwsL3JAcvokwaKt1eokM,False,1096
FyEUKDB7DjfANVJTwSWPkta3yK8bRjSn2nB9y41Qpump,TSLvdd1pWpHVjahSpsvCXUbgwsL3JAcvokwaKt1eokM,False,1
FyMpMaBDebi6UZ861Gvah24C3rcJgS61v8A6im52pump,BNoRfsFTarHjD6d41Ppq3DB96oKBzDK5n3uERp7USYLm,False,24586
FyX4tyc4j8FGyHsk4xbShVEwcWtk7xMEGswjtmQzpump,TSLvdd1pWpHVjahSpsvCXUbgwsL3JAcvokwaKt1eokM,False,697
Fydx7jRPVT7iJi8VNLCdXp1iH7KeqLj1bsuFHUAPpump,TSLvdd1pWpHVjahSpsvCXUbgwsL3JAcvokwaKt1eokM,False,1
Fz6etmymYh1UPmMjmSTUfBq45oP6ARJFNDqd1dQSpump,HUTi74X1pjgRjDhXfGwB2u2DZvzGRUSDjwGYFRrpTB5n,False,24601
FzArsz1nW4CFRpJYXAeKpzTCeAb6qVqpwrQfXozCpump,TSLvdd1pWpHVjahSpsvCXUbgwsL3JAcvokwaKt1eokM,False,1
FzQectckWX1XLxUHNh9PfepacRG1sz8PQh4tBY5xpump,TSLvdd1pWpHVjahSpsvCXUbgwsL3JAcvokwaKt1eokM,False,1
FzRuGfJmgTdFzUmXaubaxCQhfPvB1xd11fFgHBsupump,TSLvdd1pWpHVjahSpsvCXUbgwsL3JAcvokwaKt1eokM,False,1024
FzVjdAPdJ3hKDSBhRGHNoPD1EzTtzP598ynoWfBZpump,TSLvdd1pWpHVjahSpsvCXUbgwsL3JAcvokwaKt1eokM,False,480
FzvT6gkXFzbngUhjr3S91bJFug88yBHQMbPHqyCUpump,,False,380
FzzHmha7Ukhw4NmmXuMhUqA2mkxQBemdxzf84PQUpump,Dg3oFnB4mqsSZXjdGJdbUGEjV4oa6zZN48GrB8AXqrpu,False,26597
G1FGtCYSAyvhVmDxNGNAU3tMmHgnbRrEKUPNuvT1pump,TSLvdd1pWpHVjahSpsvCXUbgwsL3JAcvokwaKt1eokM,False,24601
G1MYmjtKUPevNj9FFwfgHHKZGGyqNpJZwayDtSDApump,TSLvdd1pWpHVjahSpsvCXUbgwsL3JAcvokwaKt1eokM,False,1
G1Q6j8CH5LAFPTmdfSJaMhuKPsLCE6h2uMzFLWTTpump,3ZXQ69C1CvanE2Bg8jk3Tg1jLZJhH7vEYVDDEVABJnNd,False,24601
G1QGzMf5P4LPocefdZw6MwAYbUwq2K4b1fbdWuonpump,TSLvdd1pWpHVjahSpsvCXUbgwsL3JAcvokwaKt1eokM,False,604
G1d4iN4bmNjEhkZWAq129eAcDW7dHKkVdMQPD4N9pump,TSLvdd1pWpHVjahSpsvCXUbgwsL3JAcvokwaKt1eokM,False,941
G1pKojoCJopPDVMMLUowsyXTaPzKPnBfNWQhraqvpump,TSLvdd1pWpHVjahSpsvCXUbgwsL3JAcvokwaKt1eokM,False,1
G1tMTiNqcddSEWzrGsVw5x1xQ6Nim6jojdGZLKeRpump,TSLvdd1pWpHVjahSpsvCXUbgwsL3JAcvokwaKt1eokM,False,748
G2sVhbVDLmeHfHJ9o6BFRTXwk2NwWYxyo3JHmqQEpump,TSLvdd1pWpHVjahSpsvCXUbgwsL3JAcvokwaKt1eokM,False,717
G3ERvSCbfKqJirYYtitJa7pfLK4zTf129ZgN1a8Tpump,CWFJkCNQMvk4zxuvzPhkEY9ujqaEni27RWcHuYwXsApf,False,24601
G3KRQNY4bF6ysaa7QJXauMYZzt8BrDb5hUY9knU7pump,TSLvdd1pWpHVjahSpsvCXUbgwsL3JAcvokwaKt1eokM,False,1
G3Kzy6mbETc4AnhL32pLzyR2Tu2U7fRCUdDeBqXJpump,TSLvdd1pWpHVjahSpsvCXUbgwsL3JAcvokwaKt1eokM,False,1
G3s49agBGCXqqhLXGXFtasQgAAMPvXQifyWL5M2Wpump,TSLvdd1pWpHVjahSpsvCXUbgwsL3JAcvokwaKt1eokM,False,1
G44RmRx9JoQbmfihhtiNuNAmvVtbfsZiesPneRjapump,6HRYv2KJVZgbtdUw3psH3UuMzyFoA9QzE79zGHZVZLNw,False,2900
G44SuiTHPMfquqEXJyFzcnpySXnxFxDUt3xUFPivpump,GiKub6NZDfEYzuSshF4NdxVqXtrRNvmLPKECsfqvj1Zk,False,24601
G46uX4QuYwWR16BC5xabHVunqqHtydaZ8qKzLUd2pump,TSLvdd1pWpHVjahSpsvCXUbgwsL3JAcvokwaKt1eokM,False,657
G46yFYDNPDeHsmnJhaZfsYnAm2VEcn6tmPTMHhFgpump,TSLvdd1pWpHVjahSpsvCXUbgwsL3JAcvokwaKt1eokM,False,1
G4A5da43abPuwmiLDqCDhNX9YTUrwidP7mTS4HHppump,TSLvdd1pWpHVjahSpsvCXUbgwsL3JAcvokwaKt1eokM,False,701
G4LJcPktZLrgsxu8VSJiBvm2mUVkYvPWzTHSAQ1spump,TSLvdd1pWpHVjahSpsvCXUbgwsL3JAcvokwaKt1eokM,False,1
G4QtA1bwbrvegKMSN7JrfY2Tq7EXc4hrkwwirutwpump,TSLvdd1pWpHVjahSpsvCXUbgwsL3JAcvokwaKt1eokM,False,919
G4ZbC2XTN6jXc1GLZhetwP3vDwAcRHhc2jTGiPcCpump,TSLvdd1pWpHVjahSpsvCXUbgwsL3JAcvokwaKt1eokM,False,1004
G5BD6snU3WStAYq3Pw796voMoZCF7U2CkNF61tDqpump,TSLvdd1pWpHVjahSpsvCXUbgwsL3JAcvokwaKt1eokM,False,1
G5S4yf9TQYrBhm8DkA18Fc1kMn5fDezFUZxD5Qshpump,TSLvdd1pWpHVjahSpsvCXUbgwsL3JAcvokwaKt1eokM,False,1
G5bz7J6vmoiZVAHDU8k6ExdNeByMhwcme8gj6Ummpump,TSLvdd1pWpHVjahSpsvCXUbgwsL3JAcvokwaKt1eokM,False,2001
G5mFoRRtxT9on4AmiUMVxcu6GbmNyoGTsxvqXVoMpump,TSLvdd1pWpHVjahSpsvCXUbgwsL3JAcvokwaKt1eokM,False,633
G5o4Cn7BR1wjZah2fmx2U1HPEvmAEbyr5vgo691npump,TSLvdd1pWpHVjahSpsvCXUbgwsL3JAcvokwaKt1eokM,False,24601
G61a25KiFAXBGHY773KyhFLKVXD42NKeFfAsGjYipump,Fc9vmPzK7wn8d6XpFLn7e991jnSRmbgC3ecLy1bXXnaa,False,24601
G6qHMeC6SJfwV7AVZsHpwrnrxe6AJLGrPFUJEQT3pump,TSLvdd1pWpHVjahSpsvCXUbgwsL3JAcvokwaKt1eokM,False,1096
G6tjARH6sFHfFrYgpkd7U7ktc14vJrPfXMEHhZJHpump,TSLvdd1pWpHVjahSpsvCXUbgwsL3JAcvokwaKt1eokM,False,1243
G6vNbKUBvH1iwxjjiXL2k98654G7qJLdyRJWpsjSpump,FUYCryJ1FaNBk7HTmPhCsQNYf7C9vAFXCxNFevMY6wKQ,False,24601
G793GvF3r95uSs5THNwTnqWd1GcEwF1GSBJqDSUApump,TSLvdd1pWpHVjahSpsvCXUbgwsL3JAcvokwaKt1eokM,False,374
G7AfdS9E98c9GieQF135EVHMFwd1AjDoUppRQKoDpump,8nRW7LstUH3fP9kT4pYbBmCFggYdW7pUheMkSi811SQM,False,1
G7FHa9R6wfX3ciw9P2M839ZxdDpsMLQErZR1z2Epump,BeJGXLTp7Y3iwiiYwK3R4Q1AiM5fGG7bHPZC6zfcCJtC,False,754
G7MyDWxMVXL6R4sa9efxDnqMXBogcb6EPNC4Y8eDpump,TSLvdd1pWpHVjahSpsvCXUbgwsL3JAcvokwaKt1eokM,False,88
G7YVLUYbhiqBXFt4uhKF4Ejs1eC7yvbDhr2syFKWpump,TSLvdd1pWpHVjahSpsvCXUbgwsL3JAcvokwaKt1eokM,False,2646
G7e5LGjeAUGMcpVy9DRZcu6Q9LNpyVGViX7Tt9G5pump,6k4o84whRHTfaXYWGuKLDJYDkkJLFRpvCsV4uehnS9dt,False,48492
G7vX5L2aHA7XFM9aPLKzNVybAmF3D4shMgisDHi9pump,TSLvdd1pWpHVjahSpsvCXUbgwsL3JAcvokwaKt1eokM,False,24601
G7xAWRxrGjyVt8JHC7uNF3ymDA8mnSv5XKoKnuvnpump,Dku8s2EgRDaMunY8n8kiZwnEuaEEpEfUBN6eW5CaY5wB,False,1212
G88K3woaYw9P5crBz9sDbhkkoNYPifc5QJMLXBhSpump,TSLvdd1pWpHVjahSpsvCXUbgwsL3JAcvokwaKt1eokM,False,1116
G8AuKmEwdkvqYbgsDtjSoeUdfxwJhaJLU8iCeXWcpump,,False,1144
G8QB16MHmh7Lq7e1Rfv4t8Gn5rNzK2GUxHaPfgkPpump,TSLvdd1pWpHVjahSpsvCXUbgwsL3JAcvokwaKt1eokM,False,1263
G8aVC4nk5oPWzTHp4PDm3kAuixCebv9WRQMD93h9pump,TSLvdd1pWpHVjahSpsvCXUbgwsL3JAcvokwaKt1eokM,False,1
G8uyKFWR7F7p9GZyeXBvVTFA195R2j2ey7NZttjGpump,TSLvdd1pWpHVjahSpsvCXUbgwsL3JAcvokwaKt1eokM,False,622
G93p8yTMQwHtg6qGZE4VpwTQKrXWhSs7GsDuXp6Xpump,TSLvdd1pWpHVjahSpsvCXUbgwsL3JAcvokwaKt1eokM,False,1
G94Nt3LuLjWLm24hgcKTj6svoDMbTfvXbVSsV7s3pump,TSLvdd1pWpHVjahSpsvCXUbgwsL3JAcvokwaKt1eokM,False,471
G9M5Sj1MRVjJ4BYE7ZvwHtmzTKvvpQiDaAhfz1knpump,TSLvdd1pWpHVjahSpsvCXUbgwsL3JAcvokwaKt1eokM,False,24601
G9Xo9SKhzRmoZxQsTqGX8bmMXBg6eT7z4YwkupZEpump,9wnGccgsugnEcmYPzz96BVWVSoSG5gd9jGeTZEEfss6Y,False,8222
G9ucRNb58h2AgpgWVYnyfLGMMnxgj2UmtULRdh8Vpump,6NMXvMSc1qxXXqmKSaA4uH4za2S2DHiaxCC3y1CPv227,False,24601
GA1t9zVUVaTjN1sTy7RYrEYV2zCsJvD8oWNxuuJJpump,6Qh65HAiogHX9oJStZNBaXfyz1Rkdb9RwNWRQfT8wHjt,False,1
GA4nP6wMXcoPjw8TQQRucKQ78u676GarLUV6n7ACpump,AXU4ehboCG7uHivRrw45efhREWebXifeRp8u3zBqqLed,False,24601
GA5mzD7YSC27ELL9kXKAUeMxw7ayHwcDcocePDUMpump,7aFpXMhxCzB4FvN3uMUy2Kx2Ju8KzjfoT4PDRJsuuWtk,False,24601
GAMvB4rhco369BrLnf81jm2YZdjYforrxFMh1pSXpump,TSLvdd1pWpHVjahSpsvCXUbgwsL3JAcvokwaKt1eokM,False,2799
GAjKMTwqoSGixkE86MAcucjbFcHPf5CVnsDbfJ1apump,,False,24601
GAjotmPd1qjYkn613mZzfE476P6psLV91ZjSK88bpump,CgwkH2JrTRpwVUExEWdjLchW4HPUDmJrXkka591Lq6ZQ,False,2001
GBAmmnATZpCsbyLBKkoM3A7PQQtB3EPmRkM6cGt2pump,3vTy67SDLcAwNH4c1NPqb4xFiorN9E7DDLUPXVLSsNhC,False,24601
GBDiFGKzKkj7ZhkHyTEHAJk3beoGQmc38Gbo22oPpump,79qELPNxTkTcmBhGjECB1XGRMgQTZcqDC11nQct4Hwvb,False,1
GBHhhkuKKPr71ob37NjoKdsmDsvP4WHN9xQRfvYpump,3Tj8GKoM1MzYtQzcqpePQFEBRzab9vHjXUk7HBCxMYYV,False,392
GBJEVEHbn8FswxNgDCMh5GzWyTscHz5LRFK74wvspump,,False,24601
GBUwhRbCGEwdPRV7DJ6n6n1WWvtzNqy1C3C43NyEpump,TSLvdd1pWpHVjahSpsvCXUbgwsL3JAcvokwaKt1eokM,False,549
GBVkba2ggjdZLCj7zFuNPNM5gJ8PMqZM65P9RLh2pump,TSLvdd1pWpHVjahSpsvCXUbgwsL3JAcvokwaKt1eokM,False,824
GBXT5Le8Uzr2oiVJMt7WYSgnu8HfPLZe1PMTaLazpump,5SJwTbXbNZZVsYavcsE5AAALFKs5ADeovt7duKxMTJcJ,False,24675
GBeRbFsD9trCxcXZR9SKPUDF7CV6CNM1ahoVcn44pump,TSLvdd1pWpHVjahSpsvCXUbgwsL3JAcvokwaKt1eokM,False,1
GBiHzuVyWgCJP5HPcoyXTqPrMefuSuMZtKw24F5Rpump,TSLvdd1pWpHVjahSpsvCXUbgwsL3JAcvokwaKt1eokM,False,1109
GBv5nNah9h3qzaVEsX976vGzjFAyuHLfr31vo3t2pump,TSLvdd1pWpHVjahSpsvCXUbgwsL3JAcvokwaKt1eokM,False,580
GBw3yP1DvXwjn4ngZXeZPrJevPWJWgqBcGfiMP88pump,nvPAZeofiH3r624k1X1Cp4hJRhtuTbLQz9dyntBwCmn,False,23987
GCU4WmVPar9bPpEyxWBCYD71KbZ2P59iSMCJgs4dpump,TSLvdd1pWpHVjahSpsvCXUbgwsL3JAcvokwaKt1eokM,False,24600
GCUqVdTH9QjPPCyjHQe33FuuaEV5dVfcpYhK1wFTpump,,False,914
GCawbvfoYd5fgGF6tYopcBC48GMmkiGUApAP8jGQpump,FrpiivqAsMqfvL8GAcNy9xPkrEUAaF9Gm4e3wDrP3cnk,False,23441
GCcHTwN5YJ4jGYqJwWWaSghwnacTLVi1NLt514KVpump,CikJEGkGXHQtejwy5JbDrx8De4mTpFx773yjnTUoGSEV,False,25100
GCpHRSMFo2i9hXN7n59Wvith2KZhSqFT4MDek1Cgpump,TSLvdd1pWpHVjahSpsvCXUbgwsL3JAcvokwaKt1eokM,False,1095
GCuQt9D3SkLGmZpkX6r13A6iCZYwXfvsr6dWBchHpump,TSLvdd1pWpHVjahSpsvCXUbgwsL3JAcvokwaKt1eokM,False,1101
GCvLbJQZEQ7Ned6ytJ1mUzWHTjSdkuynu8GEdSX9pump,DuSeea5WmQHSucCmvFFGyta3bBdLuMaSXxrX3nZcQhT2,False,1
GCvTSrimjmVQUDNX3ZPJ5GevwSgWCGopwe84dLapump,B2Rf2YSH7z91nPNqVXZWqfGe9CLCcGF6WcWBBVaVeYAh,False,24601
GCzPh1Rcg8WAoLTMxYW2nj5BZVF9XsMXGZLfi2Nxpump,BBkVbMzbpMpeogbwv2mDuJy7mLa3U2f31NMgAVLeT72u,False,473
GD9v6b5W7Z7xZhWtCG7YyhDvTBFgcaTuyku9jLftpump,TSLvdd1pWpHVjahSpsvCXUbgwsL3JAcvokwaKt1eokM,False,1273
GDCk7Za1D8tT9qi9m2ZKe9sMhesuEyeA3Q7HzCi9pump,TSLvdd1pWpHVjahSpsvCXUbgwsL3JAcvokwaKt1eokM,False,24601
GDEuw8cG6TyAE3hwbFYmTEGVSHWHohLVPkQ3anTBpump,,False,1
GDYt3FKR22qUf9nowkEqZ5puk4gKcAC5bp554Gxqpump,ArkdCAPErAo6KdVDTFA32YKnqaD7jfXsESFoyxQzDgnu,False,24601
GDhjqPxQSSZidYp7SwiYvAqsanzd4eLqiZPDncyipump,7yWL74ZccFLBjZ7sf4ZmZFTEdNA2p1YRNKQSqvbQFAH7,False,24601
GEpKxmMkeXycPkBV7AnTozVhoSvAha8XggRrPnzppump,8wnsbBq8FRtpoZiwkA7CMNozKeNHTtqHU1TtjdLzpDGE,False,2001
GFCtYkQvJv5HXiC3v4FGTwE7Ncnv4qcyKZNyQcYfpump,TSLvdd1pWpHVjahSpsvCXUbgwsL3JAcvokwaKt1eokM,False,3050
GFGSBt8NUqXa6w33dScPXoJQsq7iNpjLXaB7FNj5pump,TSLvdd1pWpHVjahSpsvCXUbgwsL3JAcvokwaKt1eokM,False,1
GFNQHAAo1j4cQ1YndybxBKNiXzCLMk69bGDADCVFpump,TSLvdd1pWpHVjahSpsvCXUbgwsL3JAcvokwaKt1eokM,False,796
GFRKjkdSDCs8W9U2LHUDvhi75rj6peYxjUVXcThapump,TSLvdd1pWpHVjahSpsvCXUbgwsL3JAcvokwaKt1eokM,False,990
GFaG6SWuuQ2uuFuiSP6cbn4xK8oTnzSp83cr12yvpump,TSLvdd1pWpHVjahSpsvCXUbgwsL3JAcvokwaKt1eokM,False,805
GGFNJcgy3qMppc6LtB5mW8c62EiLUAejFedtitbpump,TSLvdd1pWpHVjahSpsvCXUbgwsL3JAcvokwaKt1eokM,False,433
GGHga4iRCxEvq9Ky4MNwk9amTbLLg53bBHcSjpJLpump,TSLvdd1pWpHVjahSpsvCXUbgwsL3JAcvokwaKt1eokM,False,1
GGK3zaEBMDWdpjS1EvsXUQZdbDeLhMvhfFEwcvwQpump,TSLvdd1pWpHVjahSpsvCXUbgwsL3JAcvokwaKt1eokM,False,231
GGMZ3Z2ohGY4CyZa7ZKK3PSCRCi6ZrFFhoVa2akhpump,ArkdCAPErAo6KdVDTFA32YKnqaD7jfXsESFoyxQzDgnu,False,24601
GGSrzfq7AZBfiZdhcXF2PTJhGFiTgWUxGk3yW3JApump,TSLvdd1pWpHVjahSpsvCXUbgwsL3JAcvokwaKt1eokM,False,423
GGdDhvAQqPKFWLsEo6e2pLcY2LeRvwBiba5qEQBmpump,TSLvdd1pWpHVjahSpsvCXUbgwsL3JAcvokwaKt1eokM,False,24600
GGouWKkn5SvDcmKjQCTpFurGsbkM3G2WUPAGBdHupump,TSLvdd1pWpHVjahSpsvCXUbgwsL3JAcvokwaKt1eokM,False,1
GGq376AQ1KSmp1KuttdWHy5FggzMQveNUiNWgGJopump,TSLvdd1pWpHVjahSpsvCXUbgwsL3JAcvokwaKt1eokM,False,26600
GGxksMqzV74ddDPwSPZzFD6qGmA3P7nngWjoMphpump,,False,1087
GH8HnmzDQ93zJjtinbCZYRRhPAGwMrcFbroZeEUZpump,3VJAMSvCozC6q8YV1ohMSjbCUir1P7MaGtuqYVY5xYMr,False,55119
GHWoSDTbiXie3y3FqWmg7F2kh53W4UJWXRXHMbq6pump,E47J2Tf2Wi6w4d1ntaKyEDbpRbzBWUT1ffoxF1WPHens,False,56544
GHZEh4WFy1vkJRpkLBtaKSX9AWJADqEze6Sex8T5pump,TSLvdd1pWpHVjahSpsvCXUbgwsL3JAcvokwaKt1eokM,False,470
GHhKvAwx8Bd2dWQnnthM7ZfUauUNeMcVZMYvgXVppump,TSLvdd1pWpHVjahSpsvCXUbgwsL3JAcvokwaKt1eokM,False,310
GHm8iMaomR49M6vAvUvSSQ1wM1XPBFJcDaBUUav1pump,TSLvdd1pWpHVjahSpsvCXUbgwsL3JAcvokwaKt1eokM,False,1
GHmbiaxMXBbfpRtJNC5yagMtdAHcd4ZG6ydJpYeGpump,,False,435
GHxSUiRKdA4i5uVHrxz92BfMHjsoJkQibc7qLZJMpump,TSLvdd1pWpHVjahSpsvCXUbgwsL3JAcvokwaKt1eokM,False,485
GHzCQNgPE5MdJVase7eYGjJYTkoxVrX3rsKLRXCSpump,Du6rp4JywM8ceFdzsLeDgGRKWXxm6cQsXKB8Rezaw5zi,False,24555
GJ1a9qzU3oSNFD9GnfY4D2dV1ctUyV7S7MtfnXsXpump,7MFcxCPXpHYzxsB7dqxBbksVzQ91xKcaNXGUSgtV84zB,False,24601
GJ7AeRCC4UghkJsqZKjzzjqgi6Y6zk7wHXHxaNFWpump,,False,1
GJAFwWjJ3vnTsrQVabjBVK2TYB1YtRCQXRDfDgUnpump,,False,11448
GJCZPansrqnb7Rt3FYUb6Na5moTmwCr5MP862Cicpump,2oS7ZCSkHCPDSw58yiqH9E5f5i46G5WzptrQEp81bgFr,False,21108
GJGvHe6abaoiNYTNwNYeFXm6GPxTx5CvwbACqw2Vpump,TSLvdd1pWpHVjahSpsvCXUbgwsL3JAcvokwaKt1eokM,False,1
GJLiErro8cbWeDngDMWJug9dkwwckYZg4Lvb79F3pump,TSLvdd1pWpHVjahSpsvCXUbgwsL3JAcvokwaKt1eokM,False,1
GJUfwKtU3LMgt4yhtDY6Vo9BcfaecD3d14CiFEL6pump,5yxcxaCGyxEu6N9fGFjZwYrwHkz1fCUiFsENnJcm87Ai,False,26601
GJdjmbZ5utrTe8Zx7vP6DLw2WrC9X4ZzJJfRr1N6pump,5wWs13b5eZAf3GLTj3J39X1cM9Q4YGsdczCniwa8XTgu,False,22523
GJgG5DN3pL77FBnNJHSSVKNGHnxjAyBxSX4aBfQ9pump,TSLvdd1pWpHVjahSpsvCXUbgwsL3JAcvokwaKt1eokM,False,24601
GJo7pP7LLdLHvEJrFEcU7ZiKwBL1RXXURfQVV9PPpump,TSLvdd1pWpHVjahSpsvCXUbgwsL3JAcvokwaKt1eokM,False,1142
GJtJuWD9qYcCkrwMBmtY1tpapV1sKfB2zUv9Q4aqpump,TSLvdd1pWpHVjahSpsvCXUbgwsL3JAcvokwaKt1eokM,False,1
GJtRkqwa5DcsqigofkxU4peoPiCKBcgb7L1ys4N4pump,8P1mGNJVSobfyMFLC5NmwFesavCCDzhVQzEcZ1kDq3fU,False,12600
GJuz9K3eAGWjjDTARtsSXuyGNUXnvAyrGSMdEYk1pump,TSLvdd1pWpHVjahSpsvCXUbgwsL3JAcvokwaKt1eokM,False,681
GJxY6qWDW6153p4BCRab5naEVQf12penqVryjbx3pump,TSLvdd1pWpHVjahSpsvCXUbgwsL3JAcvokwaKt1eokM,False,809
GJxw2CxnfufAGGgmMn36TyufEx1aqJhWPJjMPdPapump,TSLvdd1pWpHVjahSpsvCXUbgwsL3JAcvokwaKt1eokM,False,959
GJxzVGRFoUor89keT1Amoi5LYV2FQXVf2VaqzMKapump,TSLvdd1pWpHVjahSpsvCXUbgwsL3JAcvokwaKt1eokM,False,517
GJy3dXeuXp53EbPkiHGMDKhs6SchvmVcW2RDBCuCpump,3skZRd5NkGZSMLjd2s4XRaHF3kbCYQZbQ46Nf2edXAhz,False,1
GJzxQEKL5NtS7Qqi4ctCaojXbNoDNtac2JxiCmjpump,TSLvdd1pWpHVjahSpsvCXUbgwsL3JAcvokwaKt1eokM,False,1211
GK7TPZKpd8ZsXfipzcEaPnoSp2bDCZg5BU4GZwVzpump,TSLvdd1pWpHVjahSpsvCXUbgwsL3JAcvokwaKt1eokM,False,791
GKW5sKHdd4GKpDRRG5p59hAiAgkNshVVWzGXLs9apump,TSLvdd1pWpHVjahSpsvCXUbgwsL3JAcvokwaKt1eokM,False,1008
GKdxZqHe1QJutRAR4nGPmDKQxVkh1cPWHCWkrCJUpump,TSLvdd1pWpHVjahSpsvCXUbgwsL3JAcvokwaKt1eokM,False,1066
GKswUL4FNrPrVJ8DDrSfq5VqD1v9vRKWqQNPV9Z3pump,,False,1277
GLLYbzSPLnRXKxfmxTxAj278cwvE1AzRqhHG4DLBpump,2Sfu7jUD5cwNGX9TfePi9bgn7Np3G7i72dKnUqXWmwNX,False,1
GLV3wWo7hEsW6qv55rqhDZZzvh6fcAjcfHaFb8EPpump,BMCrk11Z5Y3ShvyBW1eCWLAzz5xYUwjhkkdb1yANVUbW,False,1
GLW2LG9uZnYPPFWnXUQH4pQvkZssKWqefpEjq2aDpump,TSLvdd1pWpHVjahSpsvCXUbgwsL3JAcvokwaKt1eokM,False,1
GLZjTGYxtAbD5vR2MavKScFh8nLogzuMmCfBKUCYpump,TSLvdd1pWpHVjahSpsvCXUbgwsL3JAcvokwaKt1eokM,False,928
GLf7TajFD7V8SoHBWXKAYz9cHVPf2uQDMWmoV2nkpump,37G7mA5uwsJrSDaGa3V4fTnoU7beKj4MKeu259iQ2wha,False,24601
GLgHgf6inq3f8dzNS3A4W6DytTN9KiR9b9Sg1Hzvpump,TSLvdd1pWpHVjahSpsvCXUbgwsL3JAcvokwaKt1eokM,False,991
GLyHmSSoN47nqDXzj4b5HvvwGRXj5UQzhCZXrFQqpump,,False,190
GMAab1ZRZUaqU5PJj8uTU8VZJVDtt1xtjc548J5hpump,TSLvdd1pWpHVjahSpsvCXUbgwsL3JAcvokwaKt1eokM,False,987
GMMk8SyDCA5y5mJKA7pohkdhyLaSN2zSk2ChHDmrpump,TSLvdd1pWpHVjahSpsvCXUbgwsL3JAcvokwaKt1eokM,False,501
GMQVtb14p17x8TqULGnXQscGFTv2PDLozhQRzeizpump,Dvjaby1jKuxNkdj5XBp5oSyum1niXCWAUJ2Y3gASiJLo,False,26601
GMnhjDNYXKvGrG1gSkpTU4JGpUVSFGkss7bcR4bepump,7ZW58bF7AYsSJ7LDRaJpwGpetsurtZnJeE4gUSLLRzC3,False,24589
GN3UF4WATJhP8DTJ4WzzsHAp6fdfNyVAMth7E9tepump,TSLvdd1pWpHVjahSpsvCXUbgwsL3JAcvokwaKt1eokM,False,24599
GNUutL66HTjrFzBQoxW8iGTf61cGjSkoRZPHnoYapump,TSLvdd1pWpHVjahSpsvCXUbgwsL3JAcvokwaKt1eokM,False,657
GNhj24RSWnn34RgHogorwTJTWGgPq2HS9DPjfsu3pump,TSLvdd1pWpHVjahSpsvCXUbgwsL3JAcvokwaKt1eokM,False,1329
GNo3p12BbmaXwKjNfRWfKDhKEdSqmoL3cc49KPM9pump,97Gbd87PXbiFPzL6Ur9Ga7tvKmrjZ4awChYnmvMvagXu,False,24599
GNp3Yjthyc4rm4z7MsvJBdj8XBKVyjrhJX5Ff4Edpump,TSLvdd1pWpHVjahSpsvCXUbgwsL3JAcvokwaKt1eokM,False,3001
GNu1F4dyaubRsf49maco3Gjb34EA2VREddaYFDi2pump,,False,185
GP328ajrq7g28QwFmMJMcQa4whxzzEkjqHfonjT3pump,EPFGXu3ZfB8n4EmXMqynKdEUoG26i6rsVCbULE6hvLLc,False,1
GP4z8tGksbhPK4k9QYaDvrxMjfVJoqKQjgdDsnGXpump,G5Fgk9zrz8C98qY33NLRtwwvodR54zamKSiUDx9iT95Z,False,24600
GPF3b1vrWJfpaNNAXqTDLLnSRHTMG6auWonK3LAWpump,TSLvdd1pWpHVjahSpsvCXUbgwsL3JAcvokwaKt1eokM,False,14
GPNKAdyTHnyRRygTpG3WaZaNcbjautRrqS1EpbwNpump,TSLvdd1pWpHVjahSpsvCXUbgwsL3JAcvokwaKt1eokM,False,850
GPjhv2AFgcz9ovDDDq1EujuGHUJH9kjhrPzsjPJLpump,TSLvdd1pWpHVjahSpsvCXUbgwsL3JAcvokwaKt1eokM,False,519
GPrF7LXiQAY8Y9Fci7et2C7a9JsrCBDRvEAKLCjLpump,TSLvdd1pWpHVjahSpsvCXUbgwsL3JAcvokwaKt1eokM,False,664
GQ5eNgktucRoKm7jM6JNz3x3dgn8tR4vLzKVTY5Cpump,TSLvdd1pWpHVjahSpsvCXUbgwsL3JAcvokwaKt1eokM,False,1164
GQ6x4duENNVqALeJv78MShAkbJzPKPe15VGnxkpYpump,TSLvdd1pWpHVjahSpsvCXUbgwsL3JAcvokwaKt1eokM,False,1
GQGZsNTpFr3ubvinpsUaG5SvwkJWWuYawQMcJNJipump,TSLvdd1pWpHVjahSpsvCXUbgwsL3JAcvokwaKt1eokM,False,637
GQHpdF2ysvKxQj4xrta19CEaGCMZnn4VZWvZrT7Tpump,TSLvdd1pWpHVjahSpsvCXUbgwsL3JAcvokwaKt1eokM,False,367
GQdF6BctM9JsoUqxjgMBpnzRDhvVEBPJK9SG7ykopump,TSLvdd1pWpHVjahSpsvCXUbgwsL3JAcvokwaKt1eokM,False,1
GQmim76hymsYKKKFUZxFXUe71GU6J2iCP9EPpBQ9pump,8i5U2uNBEuTc4zskYP14zbebDg2RSwrrG8REhEnJb97K,False,24601
GQtMzW8MwMbXEW9kU2V7YerzQK1h6uVWahaMnguHpump,,False,24600
GRFK7sv4KhkMzJ7BXDUBy4PLyZVBeXuW1FeaT6Mnpump,TSLvdd1pWpHVjahSpsvCXUbgwsL3JAcvokwaKt1eokM,False,1
GRkAQsphKwc5PPMmi2bLT2aG9opmnHqJPN7spmjLpump,,False,1
GRpS5quvyxPCx3nARqyyNSyd51D8MwWw1Rb5GT6Zpump,TSLvdd1pWpHVjahSpsvCXUbgwsL3JAcvokwaKt1eokM,False,143
GS7zD7QyBRpFoMsVZ8HxfBiFAUPqZHNzC7SHydNxpump,2bLPDzcsJwXssAqNaESyscKSCD5ZiJx7UhWp9h2Az2a7,False,19223
GS9Xa2Nroc7FfNZSz5UbmyvyekxwBtFQD2273FFgpump,,False,149
GSCQSRrgXH8tBHYqfAw2uJwpmXBHUburkyzZEYeVpump,TSLvdd1pWpHVjahSpsvCXUbgwsL3JAcvokwaKt1eokM,False,1070
GSE3YNQSegja83jNCGGn65fjQnBgeGkx2xs1gebnpump,EvokWfPKUccdn5fSdcvJFGEc9tfqLbaU1bnHdZahPkth,False,1
GSFvzyczBmq56fHDue4hygBHckz7ooB5MRhtc8fApump,TSLvdd1pWpHVjahSpsvCXUbgwsL3JAcvokwaKt1eokM,False,1209
GSGGAaR9aSefKveQWX1DJi9LueBgi43wZSK8oZmipump,4ANB3RWRcST95dDu9b4Q11YnfBrm3pC1xB9SMmFn2WrC,False,24601
GSHfEbqXbUfWg7vHhQFHdPkyiQNh47mehGDh5NeNpump,TSLvdd1pWpHVjahSpsvCXUbgwsL3JAcvokwaKt1eokM,False,26
GSXvsGygcMcbByTnGZqBtML9Ntj373bJtNXEfRrppump,,False,1
GSoDwrkpz51Bd7jUJWB1bHjLMu2y9J1SmmhjGPwnpump,TSLvdd1pWpHVjahSpsvCXUbgwsL3JAcvokwaKt1eokM,False,1049
GSwLCmgLtxzqZFwMd8xiz9iAEgxnYsgSf1VgunVBpump,TSLvdd1pWpHVjahSpsvCXUbgwsL3JAcvokwaKt1eokM,False,2672
GT1jji4gqNgigvtwmjyQWiv5wNooWCXjn5aokXJEpump,TSLvdd1pWpHVjahSpsvCXUbgwsL3JAcvokwaKt1eokM,False,829
GT2LQFrhS24MDfhisSnkKRKjmeA4t2jaZTa6ma9npump,9tG9xHq38K4p9v7WLbzRgCaPDHXUg2yP9b3s2XJ9jY6N,False,351
GT7ksoBf5XpceDEitBNbay7U13zqwbh6HtDiMpU9pump,TSLvdd1pWpHVjahSpsvCXUbgwsL3JAcvokwaKt1eokM,False,533
GTCTCfZ7NUsG3dwgzdZiwxTDmZwNa39BJk533dUApump,TSLvdd1pWpHVjahSpsvCXUbgwsL3JAcvokwaKt1eokM,False,1
GTFG1GsGVBc6RF2d18XrjJvY2Q7cjL187g96nxL1pump,TSLvdd1pWpHVjahSpsvCXUbgwsL3JAcvokwaKt1eokM,False,1050
GTFWEVQy5BwQsZJWS4Y6KaZ3or6Yhysh2EEUp8bgpump,TSLvdd1pWpHVjahSpsvCXUbgwsL3JAcvokwaKt1eokM,False,1
GTGcAYuTg3WEYyoyirGn8NVwvssWqCriKurvG9iwpump,52mXWzgdyhTYx5nBPxZEDCUn8RP6oPszZNrtBRiYAsJs,False,1
GTTFrykH7uerXyyGp5URdEZWZ4MzRUp5wMKmZUiPpump,TSLvdd1pWpHVjahSpsvCXUbgwsL3JAcvokwaKt1eokM,False,1099
GTed1gXEeNrHXmhE3FwLWTFAMNRc7LEUsLn229AEpump,TSLvdd1pWpHVjahSpsvCXUbgwsL3JAcvokwaKt1eokM,False,1069
GTfbBH98N9Pgnp1FPuFuKFzVzJtaGtPtARRtfm5Cpump,,False,998
GTginyzVJi3Hwp3p5FLm4RCBREGQ4kDHrkMm2tzrpump,zPUrfmNJ73qzx7Jj8DhwvD9j4e5QYLxaq7Uu58Q91mM,False,1
GTiMaW6FNPLrWNVLYk5KkLApxiHvCwbGr9KdueGypump,TSLvdd1pWpHVjahSpsvCXUbgwsL3JAcvokwaKt1eokM,False,1
GTx4mhJv1z2kJszmfKrqztvCBo2GNum781vaRx2npump,TSLvdd1pWpHVjahSpsvCXUbgwsL3JAcvokwaKt1eokM,False,994
GTyPVXLyVyBwZbQguaiH3EFrFD8vR3XCYeD2AVdDpump,TSLvdd1pWpHVjahSpsvCXUbgwsL3JAcvokwaKt1eokM,False,857
GUHZxRtarCVNaH3hSzVvRWSjpSAHDPJK38d79aHapump,GiXJpQtuAKtvyrdN787mJBingdpztQdVueMQkdQsswRH,False,1129
GUJznRQz7jcSGFA7pT3X7RpoLgazUAX8UhpJQQ8Fpump,TSLvdd1pWpHVjahSpsvCXUbgwsL3JAcvokwaKt1eokM,False,637
GUudsmtbQ9BaJMbWf4gN5p6JamJZChvvA5fYneKypump,8H3LdoYAYcLdBVLYieKMYQZonwvgRNZ5NtR1STK3Jk7z,False,24601
GUw3okzzypPQxnKAAWU8ene2AYXXHCTBohRhivXKpump,TSLvdd1pWpHVjahSpsvCXUbgwsL3JAcvokwaKt1eokM,False,24600
GUwiZNC85eT6BJzxttGSCjcBPstAmSbRFfBCMW5Mpump,ACweW5tLeSVqwP89cqn8y6QiW2xqs9pEyHZdVjvTWuid,False,2029
GV4pBbdAp1Apvf6PPFR4VvL6BtNg4E7VY91GmkHqpump,TSLvdd1pWpHVjahSpsvCXUbgwsL3JAcvokwaKt1eokM,False,114
GV6zDJDmoAk2KKBKRfzLjptvV5hJtfYFCHoc6jPwpump,TSLvdd1pWpHVjahSpsvCXUbgwsL3JAcvokwaKt1eokM,False,1
GVJpNscYfEJvwyfXV811aBoFeTRvN1FT7nWx6YoBpump,TSLvdd1pWpHVjahSpsvCXUbgwsL3JAcvokwaKt1eokM,False,988
GVLSg3T5wTBaL8ARbBCdu6DcKutB6h67hP4mJQWhpump,52mXWzgdyhTYx5nBPxZEDCUn8RP6oPszZNrtBRiYAsJs,False,1
GVPCjNDep9BXfFNbyR8kZPmBTkyoyqYRYxWDHbPspump,TSLvdd1pWpHVjahSpsvCXUbgwsL3JAcvokwaKt1eokM,False,1
GVQMtnYNVbUQsJe3qU65e36eAS98KPVZHxAJm4Fzpump,DYrbnTsgbRqU1zjp2JSykasuBKdGGAKCrDZfrH8xFLki,False,24601
GVmFmB4KW8uXRfjiwbh9JcCRCBFtKy5SQ2BFvdoipump,,False,1
GVvmZn7csA9wpcKPpongophh2HdKEvrexfLtCxhypump,iNv5SqqgnT9vKRV3kRVznewbwkk3J7ybc3DdqRqN9qv,False,21701
GVwpWU5PtJFHS1mH35sHmsRN1XWUwRV3Qo94h5Lepump,TSLvdd1pWpHVjahSpsvCXUbgwsL3JAcvokwaKt1eokM,False,1
GVyaiCU6L8HC57h5ZEygKeP2RdkmJQr6eD4qNsJdpump,TSLvdd1pWpHVjahSpsvCXUbgwsL3JAcvokwaKt1eokM,False,918
GW2xLszZe3po2e436xQ59CnFyFQk6xg9qvkYtxGypump,TSLvdd1pWpHVjahSpsvCXUbgwsL3JAcvokwaKt1eokM,False,599
GW6Qsp1oHi2iCN3BVf9tzAAX5vzoLXSJ1kbqMqy3pump,C7vN3vqsz2NU6vd4CZoHFgNimnryUKXGFfjKUeYx3xrj,False,24601
GW7GfjksRNFydXFEAeHzwxbYWUXAT79Tr5jVkmGgpump,TSLvdd1pWpHVjahSpsvCXUbgwsL3JAcvokwaKt1eokM,False,116
GWKWYkyPqHSGdT7Kbcmfpr38pHP1gCeEVGQRxUiJpump,4kSRqiNDGAQcp6beGUgtv3UM8jRvq7pXNZJFCWYWLyHJ,False,1
GWPpXHaYSE6wz27HLALY4D2JF2GZgUdAv6S59yiepump,TSLvdd1pWpHVjahSpsvCXUbgwsL3JAcvokwaKt1eokM,False,195
GWRUv7ptKpsj42PmnZeUoLBLfyx1TzPTx6oAZ6uKpump,TSLvdd1pWpHVjahSpsvCXUbgwsL3JAcvokwaKt1eokM,False,436
GWYN7YJuWR8KUbFAqHnS8vrXxUET1LkLXZRNpSw4pump,HJ9Da8wcsrbD89yQEjzbVyTGdSA6a4vNDbKp4GfEQcLH,False,24601
GWda1y43ZYmNXRr6A5y99xXGqhumc7yW3YJE28vFpump,7MU8UEwNez44PU3NBKEMU1cRpbearRPa7CrCZG7QybBn,False,24601
GWjdTcfgXHKL6qqFQXQufYSTkcfEGYJRkbyYSA2kpump,zvTQQ4P7oyURjmbW2eUUD2pbB8QSaxfrTifLDYGi6pf,False,1256
GX2MNeBg2N3b3w9smYsxCRk3sLzVfXsPGXe4uGoVpump,DaRwhSNkUyJjoEdppGBorfNJjXsMXoNPgNNNsFMUK3kG,False,1
GXDSgxcGwJhTEZnCQkXpKUKVL8rmK9UYPXbNPszPpump,TSLvdd1pWpHVjahSpsvCXUbgwsL3JAcvokwaKt1eokM,False,1
GXDzV6mTbBXPnyjRQqr3aeexyjvBjBEFfZa3gYQopump,TSLvdd1pWpHVjahSpsvCXUbgwsL3JAcvokwaKt1eokM,False,937
GXE1qXxuU9F6r7WmapuWhP5nqYeia9pDW9G3gqmipump,4DMLiLbqC9BKLh83JVBn957unG1QRmYCz4dpxworDGW8,False,299
GXKWRz1aZMaAaTd2SWCAnH12Pp3PABBm5MdZ2sN1pump,TSLvdd1pWpHVjahSpsvCXUbgwsL3JAcvokwaKt1eokM,False,615
GXPqL1SKuv4NrTgd12DfLj6KZnDVEmdhoZL8sN8Mpump,CHBi6ZJpsn3FGGXo3FqTFDCeSRUCHc6vnBNDz2V1aRZr,False,1221
GXV2wJk8b87mdVsznWV4MhriCRp3Su3TbiNJuqEFpump,TSLvdd1pWpHVjahSpsvCXUbgwsL3JAcvokwaKt1eokM,False,24601
GXeVK11wi4nSptFSGn9GWCi5oS8iVserK95xWydNpump,8qrPDxRELG3hMsquPiVmdhiDN55Wr78pzaMzY7NGd6v4,False,24601
GXxjguEbCEDs8uR9XtjqPDbiPxKsNZjGjLvPwUNSpump,TSLvdd1pWpHVjahSpsvCXUbgwsL3JAcvokwaKt1eokM,False,24601
GYKmdfcUmZVrqfcH1g579BGjuzSRijj3LBuwv79rpump,TSLvdd1pWpHVjahSpsvCXUbgwsL3JAcvokwaKt1eokM,False,1
GYRM78FvJwmuxGkw98DcnAvs5ptHAgoDDj9ra4gypump,TSLvdd1pWpHVjahSpsvCXUbgwsL3JAcvokwaKt1eokM,False,831
GYVz9FGjmVBQp3dQDdyqLWbxTkL9Qouryuk16cDYpump,D9gQ6RhKEpnobPBUdWY5bPQt2p3zGk3iVz6ChpUi2ArA,False,24589
GYeGsWZ2q7T4YWrRYVYCV1xvg6n9d1AAoMoPwqppump,TSLvdd1pWpHVjahSpsvCXUbgwsL3JAcvokwaKt1eokM,False,360
GYtKDbpdpkc6AaZGC15yVXZh4zCCRR4kaasrzsmypump,,False,1174
GZ3biuP8NiwEhq5psifW6uPHd56Z16gvcLzQ6ydPpump,TSLvdd1pWpHVjahSpsvCXUbgwsL3JAcvokwaKt1eokM,False,821
GZ4Z8PYXJ7gwrn4w4ug8x3Ho95igu2ZSbT81aJC1pump,,False,14500
GZAnrzjEysjQbhpwfCzA42BPAey8MhEhziHTEe3zpump,8K4APG7rDcvMyUGWjcbdC2UUdQh4hkCRoz2UL4TUoqvF,False,24053
GZBwGGgmj3PGSkb8qgsLYkJAQexRVrxNKVZG8xYUpump,TSLvdd1pWpHVjahSpsvCXUbgwsL3JAcvokwaKt1eokM,False,732
GZhnvrJ3EiKD1hkfWjBbgK5aLwzadLSPi3qCE8ympump,CYm5Dqmnfham8FDhfPvXRScCVPLmAr9EJTsyhWLq3ytu,False,24583
GZnA8QNNWXzFJRbkZLrJYpC1e1ptvuPyqy8ZjB3spump,TSLvdd1pWpHVjahSpsvCXUbgwsL3JAcvokwaKt1eokM,False,1
GZv3qcCmBXtdcwCe4j5ZrsRexxMbRLJdtv1dWXKZpump,TSLvdd1pWpHVjahSpsvCXUbgwsL3JAcvokwaKt1eokM,False,153
Ga1xKR9HhHMEmqpTLNKGby38QXWcaDjmDBuQEsYWpump,TSLvdd1pWpHVjahSpsvCXUbgwsL3JAcvokwaKt1eokM,False,375
Ga6GvFZYA7xxJe5kpR8Re1GDDTDgj6v48aAQSEtcpump,TSLvdd1pWpHVjahSpsvCXUbgwsL3JAcvokwaKt1eokM,False,1151
GaMFHMPXWb5upzZUuKYNXCBTr8rmBCR34FkC9H1xpump,DGEJQqfMJy6M4m5fzUqg4him1yegLnY1gRoazxS1VRW9,False,2771
GaNxinz4pda3Lt4mmYzubPD7J5qnReJU3Dru8B8jpump,TSLvdd1pWpHVjahSpsvCXUbgwsL3JAcvokwaKt1eokM,False,940
GaWEZD6azUwLcEqtR12gTs2QxgTQf6L1JwkGztJhpump,5nEu8VtVThEsFdQUMYUTXaGjsyguifuEm1eo1w2Z96Aq,False,2984
GakTSP4CsvHjdcxsCm2dwFBc5RYgYhbDQrTnVCgUpump,TSLvdd1pWpHVjahSpsvCXUbgwsL3JAcvokwaKt1eokM,False,565
GbLtKVQiY21Bo2SeCSnmExobQj5NGD89uM5BTSkxpump,qgnECFw9tcp74ePcFdZHgfVmtuk4nWbpBSETVrLAUWw,False,1
GbM86ZU8UhcSwiwkB7uLqWaPnGnQXNKExJebzDBspump,TSLvdd1pWpHVjahSpsvCXUbgwsL3JAcvokwaKt1eokM,False,330
GbgvbeKhJS9NGyRq1ZgCBzXpKw3HoeafRwzqNPQpump,TSLvdd1pWpHVjahSpsvCXUbgwsL3JAcvokwaKt1eokM,False,1
GbkwhcTKzFGP4bZVcnwX1H5N4gwk7mPrNyf5p9apump,TSLvdd1pWpHVjahSpsvCXUbgwsL3JAcvokwaKt1eokM,False,43
Gbq6x1Q1fgtHGjESwh4rcbdtcVMEqUMx7eFmjwGBpump,iJLwhBNSvLiQSaFA95vFSq42BfBD3e8aqwMQ65kUJjg,False,13566
GbwanZf6fp47iEK2HrmFQWC5XHzy3G1dnXrS3BJYpump,TSLvdd1pWpHVjahSpsvCXUbgwsL3JAcvokwaKt1eokM,False,417
Gc3rrVRXoMpC953hzbKKqtByz1Yo7QAgTm8HhEBWpump,52mXWzgdyhTYx5nBPxZEDCUn8RP6oPszZNrtBRiYAsJs,False,117601
Gc5DBdD6DEbTQ8gUKEyAsMgq7dbyqF11kqLyw4Copump,TSLvdd1pWpHVjahSpsvCXUbgwsL3JAcvokwaKt1eokM,False,703
GcKPQ56ZwKURWXnmi8F9bnFcyYHDc7nDUxSHweqrpump,TSLvdd1pWpHVjahSpsvCXUbgwsL3JAcvokwaKt1eokM,False,953
Gcc6JpuJ9TA7c2LQDVm6Jm2A5Qp66xBWDpYvN9Phpump,52mXWzgdyhTYx5nBPxZEDCUn8RP6oPszZNrtBRiYAsJs,False,1
GcmSxp8u7SVwH9UVDbcuR9T4jD5S8xrY81Qs8BYYpump,TSLvdd1pWpHVjahSpsvCXUbgwsL3JAcvokwaKt1eokM,False,1
GcmnUcbEq3T6dkbi7HGNLj5tNGWsVL8PVmFbyX4wpump,TSLvdd1pWpHVjahSpsvCXUbgwsL3JAcvokwaKt1eokM,False,794
GcrHKVed6YU9SWgGPQZyB5hzLtukY3aEoeJdVGvtpump,8AbDcfe7UDUDMWszrJZ1ErESH3MsNv6aepoVbLXQjrFr,False,24601
Gd5K3PM9SWQxc2xDaPnFfqR4ddxH4kXBRBir8PsKpump,TSLvdd1pWpHVjahSpsvCXUbgwsL3JAcvokwaKt1eokM,False,24601
Gd5cit7podcovho62aU6rgsw2NafCa4gducVZinApump,TSLvdd1pWpHVjahSpsvCXUbgwsL3JAcvokwaKt1eokM,False,24600
GdGbMSQ9E8sU8GYGGJaEZYWxuDxHBv7T2w79o5FApump,TSLvdd1pWpHVjahSpsvCXUbgwsL3JAcvokwaKt1eokM,False,1
GdMw3DZvtHjzfom3HwKbc4JqLcjG3JSoNzvJxsaYpump,,False,35194
GdNoBTQPHxkabzfS3Rpcw9SS9KqKXp4e5j41dSgFpump,7yNfSPw4fZbYLRwh4NSpGck4XD7Z4cCmjc7oz2ygvLsc,False,24601
GdQXH3JT9DUNbEk7ygPYTFDf33CXGWy9psxFRBmWpump,TSLvdd1pWpHVjahSpsvCXUbgwsL3JAcvokwaKt1eokM,False,954
GdTp34pZERrsAFzrP1rB6g78VeXH57fZisKWGpMcpump,TSLvdd1pWpHVjahSpsvCXUbgwsL3JAcvokwaKt1eokM,False,309
GdUAYnK1LZLZi3qzU17Cz5VRtf1SdFwmnFhr1YxCpump,TSLvdd1pWpHVjahSpsvCXUbgwsL3JAcvokwaKt1eokM,False,24
GdgJbkKxRCnKVFWdAiNkxq3NXefLpqxkDDnYmVoopump,,False,1
GdhHnvqHNMdCMnKquWQNBzPut3newHPudRk15GxUpump,TSLvdd1pWpHVjahSpsvCXUbgwsL3JAcvokwaKt1eokM,False,1096
Gdqc5KAfq3a6S91FjkcfzY1QHuxnBw5s1jANAR1Jpump,TSLvdd1pWpHVjahSpsvCXUbgwsL3JAcvokwaKt1eokM,False,806
GeDgE8X11ZH4aWtBNrnJtALDkFHEoaNWWnLKHYW2pump,AARXqxq94xdZcNorGgemM6QDxCbP1scfMpukjStD6kfE,False,24597
GeX8v1iD9RNdKvXHp6SDr4oCegL4t3S5MmihYtnQpump,AFr2ccrJ97qWtKmSkxVcF9qmS5iLrj8wPRN41XtfzE5,False,1
GeXuoUvLwnZsm9FC9TDDS76PsRjBdpDqAsrzXbKdpump,8gM4gnxdLdkvifM9TCwkGAxrnNw4NiSiHbAdE1RqY96e,False,2001
GegBq6qGirNSVPbDcHNbG89xUcFTqNDwfSKt85T8pump,TSLvdd1pWpHVjahSpsvCXUbgwsL3JAcvokwaKt1eokM,False,1
Gegfweqns6NY6n7d2zWQtbjYJhyvhjDXXdb8surXpump,TSLvdd1pWpHVjahSpsvCXUbgwsL3JAcvokwaKt1eokM,False,1242
GevMhaMtYtvv44pnkaoyBewrTuAK9x532xo55MTjpump,TSLvdd1pWpHVjahSpsvCXUbgwsL3JAcvokwaKt1eokM,False,1
GeyP2iB9gmU2r4AfNBw8Fi2TpLBPwJ8XZq6SihnLpump,6dq3yZNdWdRpXTG5AHkAWtLCK43BHsonWk6H7VNbYX9m,False,24601
Gf2b9hhSGHaSUD2TVtTuTPpd8ZpoCdCC4QftEc2ipump,TSLvdd1pWpHVjahSpsvCXUbgwsL3JAcvokwaKt1eokM,False,1
Gf5pJj1U1oZHjaWbKYVE7bn6YL6K4G2aD2zRH6vApump,TSLvdd1pWpHVjahSpsvCXUbgwsL3JAcvokwaKt1eokM,False,946
Gf6NJxpMj4JMLJ5F62oF3ZRR2a7KHzRda3JZyqHVpump,TSLvdd1pWpHVjahSpsvCXUbgwsL3JAcvokwaKt1eokM,False,24601
GfDPaHQsMYQNKmX4HvhxTaiV6pm7znBwLYk47Pp2pump,TSLvdd1pWpHVjahSpsvCXUbgwsL3JAcvokwaKt1eokM,False,25098
GfGGPXuH7PLihQpeSJkcRqLJeqGrY7XyZLMiexAgpump,TSLvdd1pWpHVjahSpsvCXUbgwsL3JAcvokwaKt1eokM,False,480
GfWKxMz9iz57ZhSJzpwbwk69zNryns97WY4SBCimpump,TSLvdd1pWpHVjahSpsvCXUbgwsL3JAcvokwaKt1eokM,False,1
Gfa5y33bhNvvf8Zrw4WxpCgoVvPDseXxpiRDjtDopump,TSLvdd1pWpHVjahSpsvCXUbgwsL3JAcvokwaKt1eokM,False,24601
Gfa7MxAq71pgtQztcS53gE31B1ANMuK5tzKQZ7b6pump,TSLvdd1pWpHVjahSpsvCXUbgwsL3JAcvokwaKt1eokM,False,652
Gfai13fg4SEVSgnFddUA123oYy1ZnvidD7QgcASfpump,4um4Qitvpsv7oH2XRQ5GQUyPK26Y4yZx8GGd4bfwFg6j,False,1
GfbcPEhUcrMHJ2vqwbSvEAWVFR5owwAD8mRrKhUzpump,TSLvdd1pWpHVjahSpsvCXUbgwsL3JAcvokwaKt1eokM,False,1
Gfcr2oLwtZefC3tCzXWDBsuRFdKZWtbwsei2WfjMpump,TSLvdd1pWpHVjahSpsvCXUbgwsL3JAcvokwaKt1eokM,False,470
Gfe1SXgWLMn1ZZS7UiiYcDikpnErr2VavubEJbEFpump,TSLvdd1pWpHVjahSpsvCXUbgwsL3JAcvokwaKt1eokM,False,1211
Gfq8iTggJ1GsXmMYtQkudyZVEuXCCAqVb1mFdd23pump,TSLvdd1pWpHVjahSpsvCXUbgwsL3JAcvokwaKt1eokM,False,24601
Gfriw8UxGEfaie5iJxJcVqQ86korXPpCbdXBun73pump,87sy1Pwzx5d23gCcMyYda6QZRBde5HMASsu33zsuMqAF,False,3081
Gg1W2uPBbVzcWPtnjpxxVjLFR4pronSzXZbEWBbFpump,27zuojGSXBJX9VbYxYJMQUF3RUQ9D63YbJ5KuNf49eon,False,24601
Gg7pSzqV97EU7NyaJLBs4JnmPB15KEnhdVoZRcBVpump,BTHrYkUjcYWPpjfYaYN1AjqptX2CJv9Zskx8fgsFSMod,False,24600
Gg8KY2S9dgQ3kjyRofKz4jXQmKJC6LXw42uAkAUZpump,843bar7tjynoG9ysYYiH2ANopnWYYKZorASLyShbejZP,False,1
GgiiempyXB27jfRZVf42TeKgNXpLKcB1WsJGWw4kpump,9gmg9wFVcMS2m6jekeV1YZgScHTJmgB2NQWjtr4vCoYW,False,2998
GgjMy3WkZAgBbsdLrEQ8phM2SzeUF4MGQqxQG88Spump,TSLvdd1pWpHVjahSpsvCXUbgwsL3JAcvokwaKt1eokM,False,24599
Ggp5ZVX1or25RBdnS9UbNK3whCU7pGtr7mX2SNZfpump,TSLvdd1pWpHVjahSpsvCXUbgwsL3JAcvokwaKt1eokM,False,845
GgpGK5zevLg7CtQNK3XEsEVYyybqariVAG5iLvQCpump,9V94qQ9ULepWWAc4kBg5oZyR22roL68UmBvuY2xZV1FD,False,1
Ggqqxbmo69PZTW8TP8TFxQaLPPDazMiJdHgevK1bpump,TSLvdd1pWpHVjahSpsvCXUbgwsL3JAcvokwaKt1eokM,False,24597
GhFv698n2K3parBj9DhzRkaNn5ACSxBtKzb1Wjrppump,TSLvdd1pWpHVjahSpsvCXUbgwsL3JAcvokwaKt1eokM,False,1060
GhLazEiTPS6qWoUBGNtzuG84xRBdz8XqSukiWyEApump,TSLvdd1pWpHVjahSpsvCXUbgwsL3JAcvokwaKt1eokM,False,1249
GhM45MjZrzMyYFbQRS7NtfGdiwKLU2RCc2gms3spump,43KgKaKrKsJ5rd8VL269fVph14FtW4gJGv8Tjzqfgx6c,False,404
GhMTEANTneUFLjZkKFJPqQ1ukSnZAAtUaYXiCxp6pump,,False,24601
GhewfWFPV4SndkHzRV5GcxJ8BSZe9acZnFAdwZPpump,9FNeJp1hqJHTMqwhhKedYHY2VeW6YjEyypjaKUXJ6UyQ,False,24601
GhktxPP483eyJoiGm46PjZqwkkvo6nKVCddJvGoJpump,TSLvdd1pWpHVjahSpsvCXUbgwsL3JAcvokwaKt1eokM,False,24423
GiFdGJvjZfyBkFfRzmJJ4Nkx8CDvxF6oyE8iBwaTpump,TSLvdd1pWpHVjahSpsvCXUbgwsL3JAcvokwaKt1eokM,False,765
GiG7Hr61RVm4CSUxJmgiCoySFQtdiwxtqf64MsRppump,TSLvdd1pWpHVjahSpsvCXUbgwsL3JAcvokwaKt1eokM,False,1
GiJGj7VczFFrSTMJUgH1Fk3Bu1gJKF2gu6Ynw3kSpump,Eq1AqK2ZXoTkcZU15HLBecGFrmHZiVMaRAdP1oUspnAw,False,1
GiS2sCo4AUnwyvJLsKWQoGMZ5fhTGKFV9xecrSAupump,BWtLAUFSvRYGxKnY4CFsipGHp9rq5MsEDeH1mY37cATd,False,3067
GiSC3EA7C2kZwESb53cJybcmeRRExM4gqzV5UTz9pump,TSLvdd1pWpHVjahSpsvCXUbgwsL3JAcvokwaKt1eokM,False,1
GieqvcNRFJ1KRKyK2VrDWeCLa53TCh6fdtgF3Qc4pump,TSLvdd1pWpHVjahSpsvCXUbgwsL3JAcvokwaKt1eokM,False,693
GijwjpW7D3rKt8snm9oqCTT2vm1kmXQ4KSMTDwD3pump,TSLvdd1pWpHVjahSpsvCXUbgwsL3JAcvokwaKt1eokM,False,24601
GivH24mCorEh5e3feNPLCo19Rxaeb3WnhPVNBfJ2pump,EG8VMXEeT2TdUxbTpUdJgWkB4u5T4WjEkx7XPRYfaEjY,False,21601
Gj6PVLoFUUt7CM1CaamLJKW9mGEnzhotDP7its7Vpump,TSLvdd1pWpHVjahSpsvCXUbgwsL3JAcvokwaKt1eokM,False,1
GjYQhiD9W66wb6xtWirLfvUgpF6DM5eReo3zRsqJpump,TSLvdd1pWpHVjahSpsvCXUbgwsL3JAcvokwaKt1eokM,False,748
GjhtTBMNyMT3Wh4DaDziXLc9EDgcJEXJZUV8cANtpump,TSLvdd1pWpHVjahSpsvCXUbgwsL3JAcvokwaKt1eokM,False,1308
GjjDzSuRzbzf8bQbcZR1RgEpPmmHKyTMqksQJhx5pump,TSLvdd1pWpHVjahSpsvCXUbgwsL3JAcvokwaKt1eokM,False,1
GjtrocP2FEWYAu7KCNop4mt4qX5bjkeazrM8r8CNpump,TSLvdd1pWpHVjahSpsvCXUbgwsL3JAcvokwaKt1eokM,False,663
Gjysnz9xhgfHjcqHbwg1x2zi1kyQ8onpzRLri326pump,TSLvdd1pWpHVjahSpsvCXUbgwsL3JAcvokwaKt1eokM,False,1
Gk68fzwMj9sT1wu2sdtmatsVsKALoy2i2ZKtHT4Gpump,8WT8J1xhE8UaiiMUxpJC88JU1nZPY3M3HG8gUPmQdQfB,False,3100
GkJxELgJXpQRm7dfc2yS18vBDRxP5SjVJgbrmTGgpump,TSLvdd1pWpHVjahSpsvCXUbgwsL3JAcvokwaKt1eokM,False,1
Gkh1Np1cpTTof21iJP7awLcnk1YjsG2aV6p4SxPZpump,H3VeSErPYyMfmFMp6n2BsWp5KDrywMuVPNJD8636YBRB,False,24601
GkkGTNF5F4Ad1vbiw1pLc91JQXtoqCGSDe3RjnPTpump,TSLvdd1pWpHVjahSpsvCXUbgwsL3JAcvokwaKt1eokM,False,429
GkoBG4DAPRRguAoeYLgv2jocEhGmrdRKUGpQn117pump,TSLvdd1pWpHVjahSpsvCXUbgwsL3JAcvokwaKt1eokM,False,626
Gkv1QaHfbQeViYdEcpdykbw74N8GetHfczAJq4UTpump,9YdtQaDhsNwxSJaZ39HLCCMCVjgMNQscbd9f3UbqmFfB,False,1
GkvSPb9FGKJcxqPp7Tb55tAsuWgjEszwL4UAvcHgpump,TSLvdd1pWpHVjahSpsvCXUbgwsL3JAcvokwaKt1eokM,False,628
GkxnVYMREq7XUNmVUZda8c9zWsM9jWHJCV3bho1vpump,TSLvdd1pWpHVjahSpsvCXUbgwsL3JAcvokwaKt1eokM,False,883
GkyBJxTXkgxLCVwVcVt6DGwMTzAHxMAkTmT8yvKupump,TSLvdd1pWpHVjahSpsvCXUbgwsL3JAcvokwaKt1eokM,False,809
GmAFtYi1QFC8sYnJYtxdDTJ5pf1ygvqV78NMAMmQpump,7dnAnkLxZXoYEtrwniQLyw5GXaqj4bp7AQNV9VsLPGZ4,False,1
GmTH6V13rHVXeNdmDfh7VQeS2Lj9YWRKT5XjDEA2pump,TSLvdd1pWpHVjahSpsvCXUbgwsL3JAcvokwaKt1eokM,False,1
GmVstndqubU1GvdByqdML8QUiokRA9tEhc99Upa6pump,2CmfUYAxzFSTuatsha3QBqADL6y8hud8Auirwq22Tj91,False,1130
GmbC2HgWpHpq9SHnmEXZNT5e1zgcU9oASDqbAkGTpump,TSLvdd1pWpHVjahSpsvCXUbgwsL3JAcvokwaKt1eokM,False,1
GmbDvrr2NVEQSycbudpcZm3EZDEt3Sj4VdhTQNkLpump,TSLvdd1pWpHVjahSpsvCXUbgwsL3JAcvokwaKt1eokM,False,1
Gn1haSB4Jkh3E9PXSC2BRYrh97ReruvTqf13jd5Jpump,TSLvdd1pWpHVjahSpsvCXUbgwsL3JAcvokwaKt1eokM,False,54
Gn26maeXKMdmuSseFw11ym4G8MWfpRcprriQtDckpump,TSLvdd1pWpHVjahSpsvCXUbgwsL3JAcvokwaKt1eokM,False,960
GnDeUtaCx7BMj4sMTks5nqEVwmRDtsAdQzbQykwwpump,TSLvdd1pWpHVjahSpsvCXUbgwsL3JAcvokwaKt1eokM,False,808
GnE6WaXieZeaefztg8gnCBogKK7Ex8HuCKJabmLzpump,TSLvdd1pWpHVjahSpsvCXUbgwsL3JAcvokwaKt1eokM,False,1
GnH8A25P2XT8p2w6K4k88xoPLgKKZajrNVyVzT4npump,U471fABTbYbDBDysWaQXFtsLtDW2m1KnNXay9RczG6m,False,1
GnfDNt2aejVH3JZ683p45cRtyT3rrAUXY4wmwjUbpump,TSLvdd1pWpHVjahSpsvCXUbgwsL3JAcvokwaKt1eokM,False,268
GnsZoseEySaVzY4Da5SW2MAiPegTBkZ7DyANwD9Kpump,,False,1156
Gnugby3qRrBmyuACyZWJbRfUVWYzFyFZabDrAW5xpump,TSLvdd1pWpHVjahSpsvCXUbgwsL3JAcvokwaKt1eokM,False,14500
Go2uncRSkQP4t3DQHdKdPQ7XcgrHSkA8AbUAkbAZpump,,False,425
GoC5QEeKSDoMpq3uoWnvq4PMfPE38qpZQUHBB4pbpump,TSLvdd1pWpHVjahSpsvCXUbgwsL3JAcvokwaKt1eokM,False,1078
GoCV8S1Q6vP7zNfjUFUZx1Pm3kQGwgb2vKVzg4Bmpump,TSLvdd1pWpHVjahSpsvCXUbgwsL3JAcvokwaKt1eokM,False,24514
GoQaFtVDXswqZjNj5ozBuGqQMX2AdcrohufxGpnvpump,TSLvdd1pWpHVjahSpsvCXUbgwsL3JAcvokwaKt1eokM,False,1258
GoRnxWR5h4HMYAbCWhfPxsTF6N27jTRkBDFpAsvLpump,TSLvdd1pWpHVjahSpsvCXUbgwsL3JAcvokwaKt1eokM,False,1
GoXmefExDsEeDGeHjkWSxTGeg1aTPzr6cNVtTme5pump,TSLvdd1pWpHVjahSpsvCXUbgwsL3JAcvokwaKt1eokM,False,24600
Goi7V2ArUunrQnxcwVoujj3nGipd3HgMzUrSBptSpump,TSLvdd1pWpHVjahSpsvCXUbgwsL3JAcvokwaKt1eokM,False,1153
Gp5PYbvVkF5LqqwwPP1UazFExvnnUekjqZG7x9vkpump,TSLvdd1pWpHVjahSpsvCXUbgwsL3JAcvokwaKt1eokM,False,1
GpBPAukyhdTNgLkTRWZSJuUJRy3wi93CYu9XNX8jpump,TSLvdd1pWpHVjahSpsvCXUbgwsL3JAcvokwaKt1eokM,False,1184
GpFPrZ9bQrc9UewwnRP99AMDFxEVo9WpEDBEbefrpump,TSLvdd1pWpHVjahSpsvCXUbgwsL3JAcvokwaKt1eokM,False,751
GpJsFzwMzDahW5vTYaprEb4yxcdeCEirvRU8np51pump,TSLvdd1pWpHVjahSpsvCXUbgwsL3JAcvokwaKt1eokM,False,1
GpLF6vGzZvn2ZPdVxP7m1LTuAndbiKrpAbnFNVSEpump,TSLvdd1pWpHVjahSpsvCXUbgwsL3JAcvokwaKt1eokM,False,1
GpQ73SzS2gpaxs95FUhq4UKJVU7cHi1KpUBQeuoQpump,TSLvdd1pWpHVjahSpsvCXUbgwsL3JAcvokwaKt1eokM,False,24601
GpYSufAikawWSjVX2bDjAcuR2MqxQJYgLYoszCsFpump,TSLvdd1pWpHVjahSpsvCXUbgwsL3JAcvokwaKt1eokM,False,1128
GpmmQBjXxoppbELykD2PGQ4wwVR74o5sSZXVW6hVpump,9GfPnp8dmJq8qEEK8vTp8ZoNEuMaoLf39TNPBKPDLzgQ,False,1
GpzTUBLEPTFL6S8L8rDY2ABXS9FaXq13cy8UtdYppump,TSLvdd1pWpHVjahSpsvCXUbgwsL3JAcvokwaKt1eokM,False,737
GqhittGxwhmX5qYdsKUv4CSMqFiQ4rsy9WBHaRaQpump,4it43B7Cd2h9cMVhes3HGHhfRAwx3WQymtshKURGhWE2,False,1
GqiruKnxavyvLFLY3gXPcYhkBPRQRCdgb7eqTwSRpump,FgmKvrdS9DGy7zw1D9N44SrNJRKXDdyojXYbd355G7HL,False,24601
GqmEdRD3zGUZdYPeuDeXxCc8Cj1DBmGSYK97TCwSpump,TSLvdd1pWpHVjahSpsvCXUbgwsL3JAcvokwaKt1eokM,False,1
Gqon2k62PD1uVJ9f9pamhPSrf2BeWGEAzDfxkWdXpump,TSLvdd1pWpHVjahSpsvCXUbgwsL3JAcvokwaKt1eokM,False,1
GqpChSBNJ2dxKrtwFHyXtNM72Lm7S7LzfCSx5cHFpump,TSLvdd1pWpHVjahSpsvCXUbgwsL3JAcvokwaKt1eokM,False,1073
Gqqdgfkn7bcsuBQZEk9oMBkqCv1bRXvPmTLs3sQ9pump,Drg5iA12g59L6uzCqAfWvYjXPtYKmFWbuFnjaoTpe8pQ,False,1
GqrN42RCJat6A1nc28i8BCT16q6g2crk49LrfDXppump,TSLvdd1pWpHVjahSpsvCXUbgwsL3JAcvokwaKt1eokM,False,1052
GqwTmzjwg4MpBPm9tCWidvgEdeqf3dTRn2djZZ4Cpump,TSLvdd1pWpHVjahSpsvCXUbgwsL3JAcvokwaKt1eokM,False,1226
GqwrHJeRJnUy8pKkYMMu6ocQpq66xPZ2FVnUQyS6pump,jEWiQfpj9CkjBn7TQE7PfD6hZ5P5KfNN6MGyHCDKxzu,False,1
GqxiEy6iCUGCAXvjhHY7xyY9F59pSvABGYUiEhgFpump,52mXWzgdyhTYx5nBPxZEDCUn8RP6oPszZNrtBRiYAsJs,False,1
GrLBjyCNzoa8k6q2mKAL6MuAe5vFK9VcN8xhcMhxpump,By6dXrCsgKnwx62iKL4sySzvFQJ35XwZEB5Q6bjvyFAT,False,480
GrMXu43cpzwBwut7TuELumnvV38wq3iNjha5mnRUpump,TSLvdd1pWpHVjahSpsvCXUbgwsL3JAcvokwaKt1eokM,False,1281
GrWS4WMYqkZvq36BpEopyvRffKSLmsen9qBHsXRgpump,TSLvdd1pWpHVjahSpsvCXUbgwsL3JAcvokwaKt1eokM,False,1
GreCEUHQvBQmCLkbnJ5csNmPQ6XKQyRfj1iSDcGGpump,C1kWoGRJhnKyB6WDSFKEpmE78i98fBckbEWJy99UH8Q3,False,2974
Grznenwm9wYatDMzTcNejRD6pPQ1i2ph4Wo3LDwypump,,False,450
Gs4bQmMx5u7ae1kxDRWnKJDEkTNrmaVNQLmouxWmpump,TSLvdd1pWpHVjahSpsvCXUbgwsL3JAcvokwaKt1eokM,False,593
GsL6xKMfaKATM8iL8ssdmgpd1ApBHJ9gKLD3MsXypump,TSLvdd1pWpHVjahSpsvCXUbgwsL3JAcvokwaKt1eokM,False,1
GsQDuNu6gmDDp6n6ecMgx3YUyCBcMcmMbiw6ns2Gpump,FAUihQ3ntg7ZPL2rJwDhipc45koaQ7FRLaAD39eEt4f8,False,1
GsRWpXVrLE4W194cGPc6XMcg1JNScYYUc78kMCiepump,TSLvdd1pWpHVjahSpsvCXUbgwsL3JAcvokwaKt1eokM,False,260
GsRcrzn9u4ayWoueweWUzURb2spUwXYJi4tALDVNpump,TSLvdd1pWpHVjahSpsvCXUbgwsL3JAcvokwaKt1eokM,False,1325
GssUmZRnHBKYrfLkdTPeFgNZFz6paxuHrA6sXmBtpump,TSLvdd1pWpHVjahSpsvCXUbgwsL3JAcvokwaKt1eokM,False,360
GstczcspWbhePskfxKqgdCYV3z2utpnnDs2mqpVBpump,iJLwhBNSvLiQSaFA95vFSq42BfBD3e8aqwMQ65kUJjg,False,25652
Gsw3iHPHuGTszZcDMngTeCJYCq5VDw8w63J4uvJEpump,GR6uHBG61hWHBXmHUNwUAdmzJEmAKQmu1drmY9Nxu32G,False,24601
Gt7bcR6x7iSyvKDaC5Jh2CC7vKU7NPAS2eNjASHspump,9AqTbZTmxvJwNxsMP52bwQzxLB5LhGqQqJDtQqrhvoUu,False,24601
GtG3R4sntYQgUmuF46VgY7Z5CHDW1UoqfjWnwWrnpump,8oZiaf74SwU9YufXNWHHZj6kih6RrqaZ3T38exYD27jw,False,1
GtP2LHezTktCCV1yDbFJVSMFgRVWLGTPnyrirqHqpump,,False,574
GtWJpuTgyQBzo9kPbM7MBUa7UXJfTtPbWpsvXDEJpump,,False,669
GtXSjug5bCWtdv7oGVfPpWwFzZruHWt62qxFdM2dpump,TSLvdd1pWpHVjahSpsvCXUbgwsL3JAcvokwaKt1eokM,False,1
GtbU2KauqdLsxZJdQjjcx8ApX1DPTE6TZobxFeWGpump,DsNjpgE31TQaHKUYrVPPDRjSSvS9fuNmNFJmkP8CQx37,False,1
GteLJFwyXi9XXTsVx9xsBmNZTPNyG5LyJsBXxQKEpump,9RVwuCUYW6BaMaNvZw8tbKwJtg5nvKKRfNcLX5E2KR7j,False,24601
Gtg3TN8cKi5GmUvHS6CNrP8vzmYm1SU2yjTgbH5Cpump,,False,898
GtkeERywrVhdFgcnLoRsw7zyqrkXkHgYwp1AhPhhpump,TSLvdd1pWpHVjahSpsvCXUbgwsL3JAcvokwaKt1eokM,False,1283
Gu3LDkn7Vx3bmCzLafYNKcDxv2mH7YN44NJZFXnypump,TSLvdd1pWpHVjahSpsvCXUbgwsL3JAcvokwaKt1eokM,False,1
Gu9WMwpH38mLzyrM15QrXiQDq7tiC7xHUwBvyif5pump,7xPutNghPJFtsK9RvZH8LkuRP3LvmuDrq7B3xwTkdmn1,False,2512
GuDHZxQaCrSbuuYe28fhTvMLjVnNZxkktkHW9REvpump,,False,24601
GuFmsJrhxo9iVX7WpKGQ4kYg6yofMJLpWPypHM44pump,TSLvdd1pWpHVjahSpsvCXUbgwsL3JAcvokwaKt1eokM,False,361
GuehoWU8zi1tfPy62VCcLgRBpETBFcHYNZbMs6oZpump,TSLvdd1pWpHVjahSpsvCXUbgwsL3JAcvokwaKt1eokM,False,101
GusshvnxcNz632ZnvtQDBdfnscVCfv2SGS55yBZ3pump,,False,837
GuwRqNESB6rjuWJa8YsJzoc9WinvWiti7bz3gqUqpump,TSLvdd1pWpHVjahSpsvCXUbgwsL3JAcvokwaKt1eokM,False,1
Gv3DG3H8JfM8V6PebpeY9Lb6XfwehCJMUXY7tAgVpump,TSLvdd1pWpHVjahSpsvCXUbgwsL3JAcvokwaKt1eokM,False,1
GvLpc3ncn5q1DQaEfzDkyKWWCdfbVqzKfHK8xE8tpump,TSLvdd1pWpHVjahSpsvCXUbgwsL3JAcvokwaKt1eokM,False,605
GvPcTx6TTA1YGiMrikTjohFEHuFvDoxgUiFMp41vpump,AHcNnkmhickN8uvxq74Wt14CBLiQNXXF65LezA8zCy2v,False,24601
GvRcbkfdDWhQ3MJzpNsJ2WmgaczALVh3L6ShSDbGpump,TSLvdd1pWpHVjahSpsvCXUbgwsL3JAcvokwaKt1eokM,False,1151
GvgcrC7c8LFff42WN6YRD51uZj4LkpR1KDH4nfRdpump,9y9CCTwqqatP8ZMvfUmkt8ADePvVJ67Vm5mRQtGoYp5m,False,2001
Gvm3W9aS4rzo9dHUSYddzyRHuLKQ4KWC8jzgadbpump,4dNgQDAU1v44SGBywBkDGvM5ueLnH5Ckr5hpW8kVbEVN,False,29602
GvpCUtEg2a7i3qws5b8T1YcHmdoj97TnQ5Ea781ipump,GDcT9JCrGYeutEkVxZqHDEH47x6SpepyiigP1j6nBJ7W,False,501
GwMvgYXjrr8vpX3PYJuU5TGK5UaPFiiQUVXuiDMTpump,TSLvdd1pWpHVjahSpsvCXUbgwsL3JAcvokwaKt1eokM,False,3213
GwNMNTBgNwXiMmvj6j9vchcxRdMWVDX93rWNbbZLpump,,False,3001
GwfU66GfZzZkbQrfUVeZi3WJM6aWMWzoG3zQARJ4pump,TSLvdd1pWpHVjahSpsvCXUbgwsL3JAcvokwaKt1eokM,False,498
GwkAbCeYtPvnuHz6pcN7tbpnaPd49agq2Bf3idvspump,TSLvdd1pWpHVjahSpsvCXUbgwsL3JAcvokwaKt1eokM,False,964
Gwq8i3c1CMYdQibo4u48nX5B3jDyYnKmLNWEKFq7pump,TSLvdd1pWpHVjahSpsvCXUbgwsL3JAcvokwaKt1eokM,False,1
Gx3jYBPFCKzDZmg466yHtEuCXKUpYuXTUWFwq9etpump,TSLvdd1pWpHVjahSpsvCXUbgwsL3JAcvokwaKt1eokM,False,1
Gx8jR2sT6mJCgxcLV3DAXpVKLtf3dHiQfHqwhrhtpump,TSLvdd1pWpHVjahSpsvCXUbgwsL3JAcvokwaKt1eokM,False,433
GxEuQcfuBLJ1DLZvAwhLMuYHr15tqmaB1tH6Pk6apump,TSLvdd1pWpHVjahSpsvCXUbgwsL3JAcvokwaKt1eokM,False,917
GxEuT3U92d1E93N97KgAov5H9G1genAFjz3xsPhnpump,TSLvdd1pWpHVjahSpsvCXUbgwsL3JAcvokwaKt1eokM,False,1
GxLUhe7UfH2Z8wruTmVJifDvy7z65Cpr5tPXVmAHpump,,False,1119
GxN3q4zUyZCUAYyQP3iaksiX8wcw7Ufk5SFL1RXZpump,TSLvdd1pWpHVjahSpsvCXUbgwsL3JAcvokwaKt1eokM,False,24601
GxQoXUBMwPbJm46vcWV59in6QAzGDufYug6D56Jopump,TSLvdd1pWpHVjahSpsvCXUbgwsL3JAcvokwaKt1eokM,False,92
GxbgErWdsqxBd1NePp2VLdGT3AWBqCFJRUNYhcNhpump,TSLvdd1pWpHVjahSpsvCXUbgwsL3JAcvokwaKt1eokM,False,774
GxdTh6udNstGmLLk9ztBb6bkrms7oLbrJp5yzUaVpump,TSLvdd1pWpHVjahSpsvCXUbgwsL3JAcvokwaKt1eokM,False,4021
GxsgmDngk3chXJqtbpXH2uHB6StjkvzfYvR6xHM5pump,52mXWzgdyhTYx5nBPxZEDCUn8RP6oPszZNrtBRiYAsJs,False,117601
Gy9vZEJZoBKoNaRbPesg9ggBG3FASyV8cXnvsgBmpump,2hV68aiV5s25yAVstpjSBNhAFWwutFHDYpYiE5YP8bTh,False,24601
GyJVQoHsKwodqBtpxDWkGbBmAv3BmeANRGHam8fqpump,8YcdrD8wtd5R8vjJqZzTTtMnUfvYMDJp4CrwvsVKPmiC,False,1039
GySF9jZeKPriKih1rAew7EmbsboVYdUVEowfrVPppump,GmyMzdeT3sxb8dTxF2DxDkBvwK6dqv5VC9hkLTGAAF2r,False,1
GyrivAxdwmWBKCDkvYnNz53vxdtcQRTZQLmLHPNDpump,TSLvdd1pWpHVjahSpsvCXUbgwsL3JAcvokwaKt1eokM,False,1039
Gz3J7H79NJt9aSNC9KQ9XWoPBX3L9pF47LztExgkpump,TSLvdd1pWpHVjahSpsvCXUbgwsL3JAcvokwaKt1eokM,False,959
Gz8VfVaYgsgsorbm9AwcMWn57gyxeR6uubXScaJepump,8zgWWPxhDJYQkjnVvfQWVthvP11y5CMH2nFfjQ8MChte,False,1
GzKUXGLsMaFFdLJSPEbGNTHePB3YDNvpCD64rWPnpump,TSLvdd1pWpHVjahSpsvCXUbgwsL3JAcvokwaKt1eokM,False,24600
GzcgxeXQDM7qK8fN7fzQCWaSPiyCkmGpXzF8jiiTpump,TSLvdd1pWpHVjahSpsvCXUbgwsL3JAcvokwaKt1eokM,False,1
Gzmd8q5WAWiaBLbx9QFknxrFtN2HifQgaHNWTiPNpump,TSLvdd1pWpHVjahSpsvCXUbgwsL3JAcvokwaKt1eokM,False,491
GzxQfRyWccTrSoCrxz3fUhthE9PhDN71RL79nYS4pump,,False,975
H1F481d6LBXoE4viPWen29gjUysCXBZTX1TCNroWpump,PedogrytwGsPYxV4nM3KV8UGDteqZLnwRkcjwYAwXGs,False,501
H1hSjQXs9PHeRF2MsqDfzsAzJQcw9NR3UMjU5ipEpump,TSLvdd1pWpHVjahSpsvCXUbgwsL3JAcvokwaKt1eokM,False,855
H22AbbKUnGXRtD9FbTkJQYKch1fLJTZEhNTD34Ytpump,6tpaxZxYRomXWV9U21ZUTUNX8i7X7j9Th3XMMLZ6aUDJ,False,24601
H2E8jg8EmUuwEC1ZSh6iqGQvkb6ohCeC79W8xjJ4pump,TSLvdd1pWpHVjahSpsvCXUbgwsL3JAcvokwaKt1eokM,False,1196
H2Tx71nr5eVUet7jq3eeZueZqVxqAyWzTRrd35oppump,TSLvdd1pWpHVjahSpsvCXUbgwsL3JAcvokwaKt1eokM,False,987
H2X4ZYDhtPquYrkGUzEHFRgd6BCeEFK7nYkXtF1upump,Ebmkat1o9AeR963szg7oULv8zK7c1eWMy9GraH2HgWqR,False,1204
H2c31USxu35MDkBrGph8pUDUnmzo2e4Rf4hnvL2Upump,TSLvdd1pWpHVjahSpsvCXUbgwsL3JAcvokwaKt1eokM,False,1
H2d3TqusShRqhgwekS3PDT7f87hodxYA8w6wqWdspump,,False,36094
H2rqCXTa8rGQoiwGcKUy2yJ7sftpgWy2oYyE1K5Apump,CthUHdwcXV9yb3CfkH2dhQif6WXqQzAwxsXZAXeqdPRr,False,3098
H2zb37x5nyW1yeCzVn2RecQFCdt8JK9ZioxqSNsFpump,TSLvdd1pWpHVjahSpsvCXUbgwsL3JAcvokwaKt1eokM,False,628
H3X8zzZhW7QT1Zk1MGDbNgesGqjwStSChWm3MCZBpump,TSLvdd1pWpHVjahSpsvCXUbgwsL3JAcvokwaKt1eokM,False,2041
H3Zh6Lq8SnwoZMQCic3omRvxHGbvv5z1hcZ4fGxhpump,TSLvdd1pWpHVjahSpsvCXUbgwsL3JAcvokwaKt1eokM,False,736
H3gdd7R6PbnCuJz6QQXiWdw8kptgjiaDU6f17QGTpump,TSLvdd1pWpHVjahSpsvCXUbgwsL3JAcvokwaKt1eokM,False,24601
H4as6Btk8xycJSSES4hhLEYvcbEnHiqD1xGsMU8Bpump,TSLvdd1pWpHVjahSpsvCXUbgwsL3JAcvokwaKt1eokM,False,1
H4gD1R7jp4J2QqbzKd2Znk9fN2kpcc9M3GVCQq7rpump,Fh34dou6a4sWnUCYVrU9ZwbFssqg92NF7Ua5eWrKsyEM,False,1
H4iSABxCygF5caEvqZeVY4ELqqXAUBkMhGh1z4GEpump,TSLvdd1pWpHVjahSpsvCXUbgwsL3JAcvokwaKt1eokM,False,1
H4n83K5jwQaUA5ULj5iaQ76Kq9KjxW27CxR22ycjpump,TSLvdd1pWpHVjahSpsvCXUbgwsL3JAcvokwaKt1eokM,False,1022
H4oX83HpwxfuvZEU8JYeDtVfZbM6LdszRCzBWTR8pump,TSLvdd1pWpHVjahSpsvCXUbgwsL3JAcvokwaKt1eokM,False,832
H51vmoTbxbKKeh2B2BKPAioK5bZALLHEWXVNUZAUpump,CUb9RU4BS3cPYGoqxjUKansAwYj1kFuCuNNjttVNGYpS,False,3089
H52CAqEJXY9dmPJChvi86cUR3vLEobUhu7B9wBMppump,TSLvdd1pWpHVjahSpsvCXUbgwsL3JAcvokwaKt1eokM,False,1
H52dcexYgv8ZxGPFpzp8oDYHyyLUwGUUbTJ2XJNRpump,2TzBAYe3WpDyJJ1XMFxUvmzHymWdCW5HU6H3MFJqjzsb,False,24601
H5Cr4Kf7jmnCHuFN7H4bJYT5pfKAhHtU1JaRMzBspump,TSLvdd1pWpHVjahSpsvCXUbgwsL3JAcvokwaKt1eokM,False,747
H5JGCZgmZvgfGZefWqGcGgJQAyvFqxPLcVq4FGRopump,TSLvdd1pWpHVjahSpsvCXUbgwsL3JAcvokwaKt1eokM,False,1185
H5R8XCexQZZZizRp1FyVQKZEezje78GfcmdBJBqnpump,TSLvdd1pWpHVjahSpsvCXUbgwsL3JAcvokwaKt1eokM,False,1
H5ZLGfACTLDUT2fLCqRppofqhhMu6dM8xDW9U7G6pump,TSLvdd1pWpHVjahSpsvCXUbgwsL3JAcvokwaKt1eokM,False,648
H5ctunWZubsvHRh8uqmPjwHRBuMEwfuZU2kD6v1mpump,TSLvdd1pWpHVjahSpsvCXUbgwsL3JAcvokwaKt1eokM,False,1036
H5dFEtBxj5VTWUaMAkE68vMrdXMMqZTJefKrPD9pump,Ar64mMinp5gA4sRgAvirJ9opTg1RFUPGkVCrKJRfQ7Ez,False,24076
H5onnRVYn58wr4Uw74NqToY5eTuCv6dP8AohxE5Upump,TSLvdd1pWpHVjahSpsvCXUbgwsL3JAcvokwaKt1eokM,False,1186
H5pXgGpG92iyzUWUffCNZxZNknU6xWKBXUDLEW5dpump,TSLvdd1pWpHVjahSpsvCXUbgwsL3JAcvokwaKt1eokM,False,606
H5yfyUKD9FhxDyFedakt1ujZ3tKJEM7YToAhr8DJpump,TSLvdd1pWpHVjahSpsvCXUbgwsL3JAcvokwaKt1eokM,False,754
H61NMtcUiTRFF9rBdzJ5gEAqAebS7goEt4Sb4nBspump,TSLvdd1pWpHVjahSpsvCXUbgwsL3JAcvokwaKt1eokM,False,1090
H69ewqAwHqFbgXxN8oxdfEnkcKQDfmM8twnziggXpump,CUJfrHwgTeggY7bfsTcFFv2hkPny2wJB8ougbC9okL2x,False,24600
H6M3nycmXLnVWuXjX7rZv7MPSQ3Rhkp9AeFG7Jo8pump,TSLvdd1pWpHVjahSpsvCXUbgwsL3JAcvokwaKt1eokM,False,913
H6QCVKV7eSQn5XTRvSPyrZnJ54VgK6pJvHcWR5xjpump,C1fxEJim6hjPBhUhfAGxD3hbZzRhU8ouJY2Y21bfSBi1,False,1
H6QvmSwAEfpG2r7K7PJK7yCM2b42oWnWte7jZP6cpump,TSLvdd1pWpHVjahSpsvCXUbgwsL3JAcvokwaKt1eokM,False,1
H6VmKygE9CZSERCrbZz3fLrCSw3Pw9iN98kNwyPJpump,TSLvdd1pWpHVjahSpsvCXUbgwsL3JAcvokwaKt1eokM,False,869
H6fQB2Pm5z1oxQ3AVXdHnxRPpguLkZ5HDH5oLtHhpump,TSLvdd1pWpHVjahSpsvCXUbgwsL3JAcvokwaKt1eokM,False,1280
H6i53yx2ueDxvQtVGbaasUHawZU5fFWov21Neof5pump,ATdJqsUYSLF29HQpQoVjfwMR9GZTbTt6EYEj15aEPwCx,False,24601
H6oLiqcZ2B4ELbyViMuUjsH4KyrQBonfY3mRcQZypump,BMivqhFYUedFeaDtuV3iefhNdcGbvEDAE1PXQqiBhqK8,False,45293
H6oVZMYQR28YGQawruspEN9RwhhR1ZnRxUBtfctxpump,TSLvdd1pWpHVjahSpsvCXUbgwsL3JAcvokwaKt1eokM,False,643
H6w5MQT5bSqyD7aBPzXAZuS28kGzHBVdSwHjwnHVpump,TSLvdd1pWpHVjahSpsvCXUbgwsL3JAcvokwaKt1eokM,False,1092
H7AiwkjmWXVu294sdWicHoPZE4e9u43FoApvwoyFpump,5nCYxtR3MUdhmAUaXRF1kkQeRAxgd9UrxKjjkSHVcpJT,False,36096
H7JvMvHU5KkCMN1bABMDTUNbBr98iVYDHbpPoZMnpump,TSLvdd1pWpHVjahSpsvCXUbgwsL3JAcvokwaKt1eokM,False,1
H7N1jv2eh22fmDqZNh41XHk3pg97uSakPJu5bBcspump,TSLvdd1pWpHVjahSpsvCXUbgwsL3JAcvokwaKt1eokM,False,1114
H7TATuhFjvGpRdTNT8Ai3GsZZ9VdSUgyAwH1J9jSpump,,False,24586
H7bq53cz9b7xKVCexhA7YrG61QUR9sk4eKPYvQRBpump,,False,532
H7cfzxL6UNGu3nrAyHC57HSnS7tMu6NqSWJm1Xvfpump,TSLvdd1pWpHVjahSpsvCXUbgwsL3JAcvokwaKt1eokM,False,964
H7fFqhBMjKmv7CZmjEAam9g16EG5yHP3R3GVbjWQpump,Thx36Aqv5g24gVdxyqMnkwTGoA7swBdcrufTvWfB1Di,False,24601
H7ia4objd38ajiDMzMb1chGXa8qyFtSg2yGBcoESpump,TSLvdd1pWpHVjahSpsvCXUbgwsL3JAcvokwaKt1eokM,False,1
H7jW4gcoCcTwXzZ5vZxp9CDizE5NtwRpnPWfQrdbpump,TSLvdd1pWpHVjahSpsvCXUbgwsL3JAcvokwaKt1eokM,False,24601
H7nJm2fJwFfSgCufVKLNnbSdBiZXWLSA2LmSWAYEpump,TSLvdd1pWpHVjahSpsvCXUbgwsL3JAcvokwaKt1eokM,False,3239
H84bMba8PHdhCM7CDWhKxCkamZZubqae9pxEaciNpump,TSLvdd1pWpHVjahSpsvCXUbgwsL3JAcvokwaKt1eokM,False,1267
H84u8rCdp2BbWHCz8gGbEz4Ag8huK9CHcv3Gvsumpump,TSLvdd1pWpHVjahSpsvCXUbgwsL3JAcvokwaKt1eokM,False,1293
H8QXwzYJXwnnA6gBbD6v1Gmv3pfinfkaFPvULLo7pump,TSLvdd1pWpHVjahSpsvCXUbgwsL3JAcvokwaKt1eokM,False,24598
H8TLccgXdPj2fpyUrtXi3Srq4nUtNdoy5fGFMdLkpump,TSLvdd1pWpHVjahSpsvCXUbgwsL3JAcvokwaKt1eokM,False,915
H8dCVbufRaxJdFAaN29yoL5royuc8j7N2ghGoUePpump,9Y8yiPMDR73Bh3n1tGUHVV6jgL6xCeupZd8TiN9pgzH7,False,1
H8eK75hXWrZRtUSuewapGQPbyHhVKHppErs468vcpump,TSLvdd1pWpHVjahSpsvCXUbgwsL3JAcvokwaKt1eokM,False,632
H8qkL7nzapZ7JdE3FRn1tYC4Fz2gvpew3MaciLKypump,HKeMUqxdxrnneRdBR7quvfP5LBrcyq27dmYLLsFCm65c,False,24601
H8reopGZbDYD7WmS6wz1GTP7qFr3ZU4XK81evyz8pump,4mMZSnudnAzFCEyey1rRL8dCSjGZnTnj817HpMHJ97nm,False,24601
H8yTNoEFiPa9WBKWHxBUC9gRCYufdmcwafjccKLupump,TSLvdd1pWpHVjahSpsvCXUbgwsL3JAcvokwaKt1eokM,False,752
H94XEqeDemXULgDnwYqmjRxs2puou4XyRiRgkHTBpump,,False,14500
H99Sb6zgsAEgtJnDWSZh8iEpTxqnLozoSzJxuNRVpump,FgqryjwC22Fa2FFB5kQMJCBuX3UdyHzCeEr55ogv9ddK,False,1
H9D6zuYzL35aZZV4MxRc3H5nAJb8M4kxK38HCUGypump,TSLvdd1pWpHVjahSpsvCXUbgwsL3JAcvokwaKt1eokM,False,1
H9G3pEdKuRdyAg7ytxexJ1o4nTnyem4JkC1w6AsSpump,TSLvdd1pWpHVjahSpsvCXUbgwsL3JAcvokwaKt1eokM,False,1
H9Hmyua6r5dfVtRQHAgKZNCqgxBfQvoudqja3Ha7pump,TSLvdd1pWpHVjahSpsvCXUbgwsL3JAcvokwaKt1eokM,False,347
H9SvgwsBJxK9yHVcgMuvhauvRntkaEvuLsCb9yNvpump,TSLvdd1pWpHVjahSpsvCXUbgwsL3JAcvokwaKt1eokM,False,35198
H9mpnF2o7QLiPAx1bDcyqMoF2FVgdeUNipiQtU8opump,TSLvdd1pWpHVjahSpsvCXUbgwsL3JAcvokwaKt1eokM,False,3248
H9q4dDHPtyPx4Mt5idJckc63tbLnXgVNPJn9ipTApump,81eqC1u2iFwwUWZyAoNUZYH6ciYfA4s35DpCMPxL9yzD,False,1
HA5CufhtFRcMaCZnvkw1M8m3DLo93WRfjPHzHzapump,,False,340
HALjtyYYcBj91LXNHJjo1VLJDKUhz81448GJdAuZpump,TSLvdd1pWpHVjahSpsvCXUbgwsL3JAcvokwaKt1eokM,False,928
HAPwu7wfXfSmATpcM6X9mSi8dcocA2iFRfyr1d4Bpump,9tJS1RRywRSL4FAQWMxQeMcGW61ryeBrTSrze8dRFFTQ,False,2001
HATa4iscH4Av8LhroJRsrL66pX3sZXZt4gJFvr7opump,TSLvdd1pWpHVjahSpsvCXUbgwsL3JAcvokwaKt1eokM,False,24539
HAVUrTHqHNs1JTdVdXHAd2LKWjoRC6pDGD3bVF9Fpump,TSLvdd1pWpHVjahSpsvCXUbgwsL3JAcvokwaKt1eokM,False,208
HAZFwe9Mu6CrH3hhGT5Vs9c4pnoiA542SFGrzdPrpump,TSLvdd1pWpHVjahSpsvCXUbgwsL3JAcvokwaKt1eokM,False,514
HAanx5Py7HqCUzfg2RAb2X2DNBrXTmAoio3t4DCkpump,TSLvdd1pWpHVjahSpsvCXUbgwsL3JAcvokwaKt1eokM,False,504
HAnwjuZhPE7aCWtdVpahtrACgV9wgQfHBvea56Fypump,TSLvdd1pWpHVjahSpsvCXUbgwsL3JAcvokwaKt1eokM,False,1
HB11W1tN6GFhuQ5io5gMHjDTzJ887CQAHjfpWnppump,TSLvdd1pWpHVjahSpsvCXUbgwsL3JAcvokwaKt1eokM,False,35756
HB1G2mjg4FMbh7q3z8kaaMmsGvW9TmUbfYFVFu8apump,,False,25
HBBPyXX7fyqHJj7SwZ9wH7QM5PyDowgLPf42jDJ2pump,TSLvdd1pWpHVjahSpsvCXUbgwsL3JAcvokwaKt1eokM,False,1162
HBFv7QA1hzq4DHdKJJAQ7Hi5YpPuUHkCJHdcXuudpump,3msaVv631m5h4r9f4K2jLKyRsinRqigTg2ASANxQEc65,False,24529
HBNxaTX1xy4W7WRZyQrTVXfZbboWa7hWWXbUZ6SSpump,TSLvdd1pWpHVjahSpsvCXUbgwsL3JAcvokwaKt1eokM,False,1288
HBSeBiSVXeZRny53kt3vkeHR3MohoNvRUoVPcViMpump,TSLvdd1pWpHVjahSpsvCXUbgwsL3JAcvokwaKt1eokM,False,1
HBpyr8bFb9Krzcu7UQKdrV6gv7ashLCw5uUbN2jXpump,TSLvdd1pWpHVjahSpsvCXUbgwsL3JAcvokwaKt1eokM,False,689
HByNFngwXWDWwLZRUhrqYkTE7KaNPzS9XPgs9enfpump,TSLvdd1pWpHVjahSpsvCXUbgwsL3JAcvokwaKt1eokM,False,786
HC5vowc9wqc6vUtrqDSfy9bWKtN6FAc1SDCZcbTxpump,2SjXgpN83Y9GkypkLCjV7NXtWQZEvy1y35Rb9ngRtndh,False,1
HCW6wen8siVqtGp27vbNeBaDa8CF4W16YHPj1piKpump,TSLvdd1pWpHVjahSpsvCXUbgwsL3JAcvokwaKt1eokM,False,487
HCgvhLRDFVQGdPz54P4QMHyLPqop8vcGjuPh4L9Bpump,CidDPgGceZiq8vhsKn6fTcGGakkPm6THSquvkG2z9fWA,False,24601
HCk4VG66A8EWYyYz3ksyVgAsZqKk8x1eg8oPdNz4pump,BcoUvPakdewbG7rKRU6s3VAZtVGVUgL5qQjmkYgD6Pm6,False,24416
HCq9orwso55TowciCZkD3Yb7c74iHYRGvQrubz4ppump,TSLvdd1pWpHVjahSpsvCXUbgwsL3JAcvokwaKt1eokM,False,1
HCstUukt4BB69gJpF8HMYCbxT12eod27zVbKt5BWpump,FeJQsjSyqG2iv6ToY2dHHZkLmTUXWJ9B6nJDsqBhnsHD,False,1
HD69yabUJzRN1BpLqeuTymA2DvsstFsvmhX61Ygzpump,TSLvdd1pWpHVjahSpsvCXUbgwsL3JAcvokwaKt1eokM,False,1046
HDC4sq8PMkTfc1dGKidUJEgtyJdFjV7wHfYF8MGfpump,CmGqWUEF2NCtBB3YwrUoQtAfFp3gFMLVFqwpwniyzZzN,False,24521
HDrQeAophZ2fT1vsowFDCSbbmRAo8P9ZaHZcCVphpump,H6zpaY14WgkEmB3MJTvC7Wb5PQJkBVLd4KwLD2ktVgop,False,1219
HE3bra2UhdhBrCX1yzLHFVjFaFp591zSMvYzo3ropump,TSLvdd1pWpHVjahSpsvCXUbgwsL3JAcvokwaKt1eokM,False,1
HE5qQiUNb83chT79yfeiHhukm7NH3WP9wCLcTDAVpump,TSLvdd1pWpHVjahSpsvCXUbgwsL3JAcvokwaKt1eokM,False,24591
HE6sNJQhEbEgEFyFFFb6XJf6Gf48U7QGyzV34VaZpump,5XsCEheiEig1Ci5WLfJLayQAk8xpoZPCgGXXMGck9qQW,False,24601
HE7MHxciKwoaFRvCohkuDQ9Wk7dxfnpbd5g6Hnbepump,TSLvdd1pWpHVjahSpsvCXUbgwsL3JAcvokwaKt1eokM,False,1004
HEYEkK75ZTh5CBbozwWbxJBsjUVygtzuetCxXUjmpump,TSLvdd1pWpHVjahSpsvCXUbgwsL3JAcvokwaKt1eokM,False,934
HEhASqptQ3BqRz3TFL2NHV2z1D98QF4Hms2vN5q1pump,TSLvdd1pWpHVjahSpsvCXUbgwsL3JAcvokwaKt1eokM,False,817
HEmzqKb3szbvvqDLPxpKVhzWvkkpE7nfSAHEfyk4pump,TSLvdd1pWpHVjahSpsvCXUbgwsL3JAcvokwaKt1eokM,False,992
HEvSQNuXVhNaYyoW1N8gG6BcMxJBGgiTQ2VfoNFipump,7y4SV6KsQr5C3hDYQX7izKXza1zovSQYPVShQasxh2Hk,False,1
HFHkPuirz5Wz6pADpGzwijmDByAU2vrPexrcWTwmpump,TSLvdd1pWpHVjahSpsvCXUbgwsL3JAcvokwaKt1eokM,False,2035
HFVnDJocPMsFHUWEBiciAwWkdWanBexdxpMUHE9npump,TSLvdd1pWpHVjahSpsvCXUbgwsL3JAcvokwaKt1eokM,False,241
HFYL64N3p7ubgbKREb5o4Gv97pZfNN8AWXbzSnQipump,4vvpXwG9K4kESQcB5JyvjqeoTGwRDfsW6qoErfkp7KaE,False,24601
HFejneeVmWgrCqzJsDRbQozacc6DCtMTna5GuZFhpump,CybPvtHxy1F1FP3emzXnXok2U6q7pJBohM1tdwYbzVTL,False,1306
HFjZXFVGW1uiao3LkUtMepcthUjRPfrcPwvvFKc3pump,sBvTBVwq2cCW1D18GQ23tCBj8nPdKuj3WwU91JT29tY,False,24601
HFqAGTPExw3US7uBR25jZqETAFvvEVh4iGiCsSUDpump,TSLvdd1pWpHVjahSpsvCXUbgwsL3JAcvokwaKt1eokM,False,987
HG7XDU9NQzt6kF5yc11pGLjSgKmMTM7ftWoY6nTwpump,TSLvdd1pWpHVjahSpsvCXUbgwsL3JAcvokwaKt1eokM,False,873
HG8WeppsuFdiEF27HGBzFBwGCMdFYW3oom8xsVfgpump,TSLvdd1pWpHVjahSpsvCXUbgwsL3JAcvokwaKt1eokM,False,1382
HGYB5WJsFbx9C7Fcub2bhbNxAjwr7MXcgPBmajGupump,BXCga9ksAjxM3mSV6iJ4rvAiVaStNgez7iYe6MUeSaTh,False,1346
HGyJdCggoistzH4Zr7pN8xkv6GCauWNSe4T1rTjQpump,TSLvdd1pWpHVjahSpsvCXUbgwsL3JAcvokwaKt1eokM,False,1213
HGznytDd9ewnT4nTJWzMgWxL14xvtc6x5NKW1qVxpump,FXiqSxKQMY1EP6SEV6psKi16wZyf42nkHZvxUidu7eV3,False,1
HHQ98gZXvfaNPuvGhT9mn4zB4brwCBP5TeKAQQ7Epump,27aq5YT2gmCi43eFK7veLgMAxPEZjS7SMCfbWLm8ae7a,False,926
HHeWfvPCh5UziDV4emy2zRZ3eQSE4Dxny6eZUcLmpump,8gM4gnxdLdkvifM9TCwkGAxrnNw4NiSiHbAdE1RqY96e,False,2001
HHgUgU1QtQ2v5aeSNQpfztZ93vMhStfCDHiKaNkMpump,TSLvdd1pWpHVjahSpsvCXUbgwsL3JAcvokwaKt1eokM,False,1
HHm6gMFJzsAHvmRbB2XGpbmMzh5op1iNHZL9u82epump,GG8SEAxuWCkfpKc7wcS1cSpwavNhhJ3Q4ghCqetXXyU8,False,145100
HHphSsafjxLjDWa4kPobBp78q7dAMm45RwGWvqCBpump,TSLvdd1pWpHVjahSpsvCXUbgwsL3JAcvokwaKt1eokM,False,24601
HHxvrGFZb4MQvidAwV4fMqF2sBuND9xYx3ugGN5Gpump,4YUWsrLe8K2DsJiSyDUViKbUZ7AttRVknPjX8iU54JWs,False,1037
HHyqD6kLviJzTHxrNzgzjXLr2WLprbJBbzwziybKpump,TSLvdd1pWpHVjahSpsvCXUbgwsL3JAcvokwaKt1eokM,False,1
HJ7kmpVNc19i3xDtwBNDTJb9AxGci7N9jY6QAz6wpump,TSLvdd1pWpHVjahSpsvCXUbgwsL3JAcvokwaKt1eokM,False,1331
HJBHJPL6QZ5wq5sXEsEmMNPLZqxJKsQBHiRF3Hj3pump,TSLvdd1pWpHVjahSpsvCXUbgwsL3JAcvokwaKt1eokM,False,1
HJDX5wVmK59qx8s1q34E1gzUjgmpPU5niv47eVWSpump,TSLvdd1pWpHVjahSpsvCXUbgwsL3JAcvokwaKt1eokM,False,1
HJXFkZ5bXEKzvNCYVKkoWSsZ2JJZfqNcNZztaoa3pump,TSLvdd1pWpHVjahSpsvCXUbgwsL3JAcvokwaKt1eokM,False,578
HJXh1XULVe2Mdp6mTKd5K7of1uFqBTbmcWzvBv6cpump,,False,1
HJnrVW8XfjAYkpKb5RjvUHufZ6WPRFWb89DtrL1epump,TSLvdd1pWpHVjahSpsvCXUbgwsL3JAcvokwaKt1eokM,False,475
HKGtJXqfpyRmcPGQdQWh584UnQcjVaKRU8wJKyg3pump,TSLvdd1pWpHVjahSpsvCXUbgwsL3JAcvokwaKt1eokM,False,360
HKKtetikUkvRD8g1kRfDt2yKcmrbPC8Q4PoZTJMrpump,,False,24600
HKjAzdghQxo5fRb7n8RAwoEgoSgQFiuDMdFCd1s6pump,TSLvdd1pWpHVjahSpsvCXUbgwsL3JAcvokwaKt1eokM,False,1060
HKv9jA7VREs68BA3PZMREiwuQKzfLUjr9azgrzbNpump,TSLvdd1pWpHVjahSpsvCXUbgwsL3JAcvokwaKt1eokM,False,1
HLNvfiJ4KMYqCeuojY3qLW4zb7Zwd1TfGaTHgqKbpump,TSLvdd1pWpHVjahSpsvCXUbgwsL3JAcvokwaKt1eokM,False,1088
HLRfbcJcqQy2kZ6d2A4yZTxqgcikdq3kNqMGVEWVpump,TSLvdd1pWpHVjahSpsvCXUbgwsL3JAcvokwaKt1eokM,False,84
HLbBEBUXCy8wq6v6R1oLj6UEtYYK9bj2F7TZNQbKpump,TSLvdd1pWpHVjahSpsvCXUbgwsL3JAcvokwaKt1eokM,False,987
HLd7d1fovMX3Ho9n9uGjkS5z3Vmu13CJpur5t4kpump,9xfL6vxqzemgKExrrAyvtrKS2pwaw6pNuiTesnqcn9VF,False,1
HLexNJ1BRRuBDA9gMvZWz9EY1Aes1wN1RMFE6YJWpump,TSLvdd1pWpHVjahSpsvCXUbgwsL3JAcvokwaKt1eokM,False,1212
HLgo3P6qf3b98pBabnWtfS9mbiXz8dRoM9KkcBcspump,TSLvdd1pWpHVjahSpsvCXUbgwsL3JAcvokwaKt1eokM,False,1151
HLxHyQ3WMbjK5ZpdUFSPgQje7omxZseQ7sGe9DUTpump,TSLvdd1pWpHVjahSpsvCXUbgwsL3JAcvokwaKt1eokM,False,885
HMHZBcFFi1n7QMDxazU6RZVCt9tU6DNr4s2FAzVFpump,BYjFine4cTKEzhLJdbsSZMLu7yLV7QNoSVt7NJm9RXdH,False,29774
HMQbVJ8z73AdXtx18mAs2WhEx4ap4nroWCPMLk2rpump,AxmFqz3pbhj6HDK9dC1u7LsYP3rbsTJyKkeCMSpAxrgU,False,1
HMWkK4mvu2MtwgTRxv794x7TYS8ukGASe2KpYysGpump,DrdZ7XmiiSTaJPZ89KxNKQN3hMyfL9PdkzBHtSTPZf7j,False,847
HMap37T9dSRofRfExsxP4kHJgkWFaCuNzKZkP2VXpump,TSLvdd1pWpHVjahSpsvCXUbgwsL3JAcvokwaKt1eokM,False,470
HMnPizivxK9u8V9cpj2KuqX4Xx8jZdkvthVDjztSpump,4LXuAPTnnbhByRQGPiAGKPVh5bcgCXhhDeUJwJJU2BhZ,False,2001
HMpR9VmkBgY8AVTqMCC6uKEzyQjXaajpjQUafaz3pump,TSLvdd1pWpHVjahSpsvCXUbgwsL3JAcvokwaKt1eokM,False,435
HMyEgMa8gvqMbqSWZ5Ed3WhfJ9trK2iFLFdfrK6rpump,bUtmjykk6wYWehenmKhEtXxDCHeb8wUrHXHp8sLVtna,False,24598
HN3DmDtUnsGzeuLJepBgfTv4LnrmeJm1EH7Cni96pump,TSLvdd1pWpHVjahSpsvCXUbgwsL3JAcvokwaKt1eokM,False,511
HNWWdNpUuXvKYJVT5E9zGHWPyzbEKn4LDSotUVoBpump,TSLvdd1pWpHVjahSpsvCXUbgwsL3JAcvokwaKt1eokM,False,611
HNZsUXyFjBejqdUfNWWvLmxPifHEFbzhAodbzAc2pump,TSLvdd1pWpHVjahSpsvCXUbgwsL3JAcvokwaKt1eokM,False,1070
HP1VbTsqi2K5fKV5BZM3L5G1mqbgPDuau9R5Rw7spump,33JxVgYCnXfECQpVnxqpxkjCfmxXGxDjZKgNah95ax5w,False,24601
HP7zdYEncjBLEi4ACWvgvW4R8CTmCL1DbJRzPBMgpump,FVtJQVbafpeiFoB6eSV8pG7LvTWyiAkmzXE6p1VDZtZ9,False,24599
HP8y1qAHoG3NzUL6GPLy6LTsCi4oKouV6kDAirs3pump,TSLvdd1pWpHVjahSpsvCXUbgwsL3JAcvokwaKt1eokM,False,1072
HPEuArjrUccrXWZhcQUhC2nhN7XgGyaogjy4BLN8pump,,False,286
HPW7qGNPFy9BnJYX5sqXP1U4GtfE74RU74v65zZupump,wcBqeL3eSuDD7sdHmcnHb1prRRKd5HXMR1LpfV3yeXt,False,188
HPX93hasSWiRa3NuDr2p7QcfJnQ9y5hdgu5tWjLCpump,J4gmMCdZkuVfrQKWXtvUmohhuEyxuWS3JfJKtD5Bufim,False,24599
HPbTnpxK2Xa4GXaWbppRY9xGsVCLkigbz6QzfEirpump,TSLvdd1pWpHVjahSpsvCXUbgwsL3JAcvokwaKt1eokM,False,1030
HPbifkeq2CDCz3qQGC5xWzyBGD9Zie9t6Abs1GAgpump,Hf2qnoqaXVEp1zcj5cKbd1YJApsZTF9PtuwXiWFcxK5V,False,4976
HPfY3VCj1twecf556rDFWLJpDfh1vPoTtBjPehzKpump,TSLvdd1pWpHVjahSpsvCXUbgwsL3JAcvokwaKt1eokM,False,1
HPfbh9FRkgBFueAaQj2CGpW21Qic7c4XLDRc31aepump,TSLvdd1pWpHVjahSpsvCXUbgwsL3JAcvokwaKt1eokM,False,24487
HQXwjVBUU2fvvrM7xNq6gfX3vsACkqHtZo7mwKwUpump,,False,1
HQfxnnRbaSRj74GHApfM1jDJRi7XUFBRUFPRC8MNpump,TSLvdd1pWpHVjahSpsvCXUbgwsL3JAcvokwaKt1eokM,False,546
HQg76BZxk1uBNvL24zTeeLDeDE8qLMNEuTVTPsFfpump,TSLvdd1pWpHVjahSpsvCXUbgwsL3JAcvokwaKt1eokM,False,1391
HQh1Ar8bsJBfXwm3aB9qwpkYUjXKZJFG2ktiFmnpump,TSLvdd1pWpHVjahSpsvCXUbgwsL3JAcvokwaKt1eokM,False,429
HQiGRpuyVbxgnPNVHhCkmPeVb7UZ4t6NPVSwVCtupump,TSLvdd1pWpHVjahSpsvCXUbgwsL3JAcvokwaKt1eokM,False,717
HRK3YqaZyQqSM9FQYH4kEZmsDQNAf2mtPvgUjwKmpump,TSLvdd1pWpHVjahSpsvCXUbgwsL3JAcvokwaKt1eokM,False,1
HRiALt5uPXTHe4YRVeTSY7ngch2HUNzksVDYrcGSpump,TSLvdd1pWpHVjahSpsvCXUbgwsL3JAcvokwaKt1eokM,False,987
HRjHS6FEyk7unh3QJ13Af3miSiCCUPv8h6ahJ5wEpump,2MhK8RaxQm3Uv42a6QTjVcjWWgHR6nWZbJAwmUrAhbmD,False,3089
HRv4ha7f8uugPEfMUx89vpyGxqSJkzmEuf78AnJHpump,52mXWzgdyhTYx5nBPxZEDCUn8RP6oPszZNrtBRiYAsJs,False,1
HS4M6xxyAp9rVgjvT7bTnrH8WtmdRhDhi4p9BCdmpump,TSLvdd1pWpHVjahSpsvCXUbgwsL3JAcvokwaKt1eokM,False,1304
HS9Vjy3DgArks8j3svYrfGeMFyjPn64e3jHYBKtWpump,TSLvdd1pWpHVjahSpsvCXUbgwsL3JAcvokwaKt1eokM,False,24601
HSQMD74zGiEGRFK4skh4obq4nh2aM6zVoZ4BTMuWpump,TSLvdd1pWpHVjahSpsvCXUbgwsL3JAcvokwaKt1eokM,False,646
HSTPHLzKLSKumrCZMMbf4BFD97wdWCVvvZkvTD6vpump,AHXLksWjcHs5jec4P2ss4v414cGXCReKA72N8XRkD2q5,False,1085
HSoVrreBZ5i6GRgn6RKP1qy2yMgBC2e7dzFyzFE4pump,ArgGeLjG1uj42DucWt1LC2Z3J1HxQjmMkgj6s1u6VQ6g,False,24601
HSpwt7Z4Hb3139FWZR8W9q17yWpxffm47a3g63bQpump,TSLvdd1pWpHVjahSpsvCXUbgwsL3JAcvokwaKt1eokM,False,1
HStSwUgygugqq8WxUiqGxXFfgiQfLZ6SwwBxVPSnpump,5iunqDYapuzv3q2CBNm1sm77hL9SUKMQaBjqRqeqNrXC,False,1
HT3VHLEUtFguc7rqRjicYegwPC4VUCMSheseuZ9Gpump,TSLvdd1pWpHVjahSpsvCXUbgwsL3JAcvokwaKt1eokM,False,1
HTAXShEvhycL2u3UugKXyjHjFZQi8PmuC9bvbQ3Gpump,TSLvdd1pWpHVjahSpsvCXUbgwsL3JAcvokwaKt1eokM,False,24600
HTUAg7u9g7WHtncoWEAezQn1seUaeRYQNPUPwF7Zpump,2eVq1M6byfHL6QqWPr15FwhfZCCb2DxJYDfoJ24a1uhG,False,4100
HTnYJGbfBNbNVZEo3vD11A7cpDMBDZowjN78Q235pump,5zoHd3cNttU7JG6gmrUYv4D75sWDkCXzEjKYRy8ddXTq,False,211
HTtCLFcrzrAncDdGVeYbVMDepqB83MGkwy76HDiipump,TSLvdd1pWpHVjahSpsvCXUbgwsL3JAcvokwaKt1eokM,False,1120
HU3MHYsdLUJZoCB9RkPTieGtLXbPXqxssDPEXicapump,GHFuZXLqrXhZnuENveEEE2ZXNfe2tGayJkZd8edCYr9d,False,1
HU3MwE852ZkLDGXturPx1UsZBjvJ3iTba2nzecUcpump,TSLvdd1pWpHVjahSpsvCXUbgwsL3JAcvokwaKt1eokM,False,1196
HU8qDGcbkZ6QJhvwnQzkkk5CZYZGz2NRQppvbKDZpump,FvYFWvEKT9QxnahmdWBc2erCrVdfjZPtaeRQM5mJvuC5,False,1
HUBp82sA99cMidSEtgoTQ432sn7s2M6kiDACB92Lpump,4PU2NtsasicUu2AEcTwdzCEfDT2ZiHuC1DuxiEgGpuJn,False,24601
HUCXhZ3gvax7umq8gRZeRcjMkBmfUVgPxfUtbdftpump,TSLvdd1pWpHVjahSpsvCXUbgwsL3JAcvokwaKt1eokM,False,1
HUUAFBa8dywvQEtARS7SSqA6ar383uJkq8CcWfXxpump,TSLvdd1pWpHVjahSpsvCXUbgwsL3JAcvokwaKt1eokM,False,24601
HUVQfbtGgLeKB1Vobg4HY2gKQT4RDtBT6XfbQUiwpump,TSLvdd1pWpHVjahSpsvCXUbgwsL3JAcvokwaKt1eokM,False,1180
HVC5FdcNT7ViBEiaq9wnboWNyKEGSBFuVTDybm3xpump,TSLvdd1pWpHVjahSpsvCXUbgwsL3JAcvokwaKt1eokM,False,1221
HVFJvVHY8muTRGhD5BZ6p2TZ5TozSWyTcs9CDJo3pump,TSLvdd1pWpHVjahSpsvCXUbgwsL3JAcvokwaKt1eokM,False,1
HVVGqPvnqEPgZGtCeuwc6iiJHVBywSbYj8xhZpWcpump,TSLvdd1pWpHVjahSpsvCXUbgwsL3JAcvokwaKt1eokM,False,1
HVbPwta84gXrxFPTAqmNzg2oH3siohuXoAfj8Lqtpump,25kW7A5qbhncuDWvktto547ExM9y6tJnNTWaMACiYDRW,False,2001
HViqg8xTykNsc334Y2pvVZSoNiX4v6wNNP5TD5vjpump,TSLvdd1pWpHVjahSpsvCXUbgwsL3JAcvokwaKt1eokM,False,1005
HVoZT5bju1pbruM8ryKgqjzCC82sfkbWaDsTtHBEpump,TSLvdd1pWpHVjahSpsvCXUbgwsL3JAcvokwaKt1eokM,False,1
HVpsW3uvqf5vq1onTQZ4VMRmkY5sioHyPSEidyj4pump,TSLvdd1pWpHVjahSpsvCXUbgwsL3JAcvokwaKt1eokM,False,1
HVqkGQhJZdL1NK15TCipwooDV7TQ1mSfjfUW6fMBpump,,False,359
HW3V7hu5UxEaCYAEmKmCV1UYvbwzLGXpJL4PEBmfpump,GC2SdCtraU7ULJ9ib3p9R3brqpqAAm2tVRBwm4XrkXR,False,24601
HW8YL52yTUJ4romUoc1PYcqEfFGwY4atArhEeKQwpump,TSLvdd1pWpHVjahSpsvCXUbgwsL3JAcvokwaKt1eokM,False,398
HWJahUZ151vsdTgJwyPQCC3v4ofogQhenp41Hx4bpump,TSLvdd1pWpHVjahSpsvCXUbgwsL3JAcvokwaKt1eokM,False,25100
HWWhMkdnnMnDgQX5uS6fWn763mogrqYsQR97JU3xpump,Aeij6YkPC5Jg5h81TZdS1nMj2Kc7isCo45iFvQJqCtY9,False,24601
HWeYVWp8u6gjAFvBSjqHv263bkNkrSCgfmmu3ca7pump,TSLvdd1pWpHVjahSpsvCXUbgwsL3JAcvokwaKt1eokM,False,139
HWhmEAFjtHK35b4CjRSbdbhh2muqUpgeW4vzZZcbpump,TSLvdd1pWpHVjahSpsvCXUbgwsL3JAcvokwaKt1eokM,False,141
HWig776axn3cPigD96sLiDHtJitj2F77SFM2yK3Npump,TSLvdd1pWpHVjahSpsvCXUbgwsL3JAcvokwaKt1eokM,False,1
HWoKE9LURBjtXyNyfBLmLAHwgB9WXm61TuzAjzQJpump,TSLvdd1pWpHVjahSpsvCXUbgwsL3JAcvokwaKt1eokM,False,1153
HWtA7WouQRSCpkbWad2NFuM2kka1Wkg1NCo96F3tpump,TSLvdd1pWpHVjahSpsvCXUbgwsL3JAcvokwaKt1eokM,False,1131
HXHombKMg9LSAf9bpYf6WuE7FyLZiDSJnbcpT7Jpump,9FNeJp1hqJHTMqwhhKedYHY2VeW6YjEyypjaKUXJ6UyQ,False,24601
HXYXnQhgAe7YYioM85xCgTzNXoe6rjMaVFddqsXXpump,,False,698
HXeBwt7Pih23yh8BsmPKyBnTrmfCJPqWzJweUmqypump,GvDkccEhLN1ainAkw8sfxKakRuraHrjZUmAeK4CYNAY9,False,1
HXjurDbokdosxsmVezh5XUJsCb9uRufvr3aXr4KLpump,iJLwhBNSvLiQSaFA95vFSq42BfBD3e8aqwMQ65kUJjg,False,78099
HXpEPzcPBqzvzgLifMxM4KbTpzBHSCfFe9BBdULNpump,TSLvdd1pWpHVjahSpsvCXUbgwsL3JAcvokwaKt1eokM,False,1
HXuer9YvGoaK7DmDokGCemRo61xpPZ4a3iSoaG3Ypump,6Q4SvRjp5Bhtv8swWT1jv6tVfieCggrYL4bcvsk2eKg4,False,2001
HY3NUf1j6AHw1HTp9JtXZTc1wBZ5ae6ntfEay2CPpump,H7Uo9Tc5mSadEZ4G71eQdwrFWBCaWXPLpgNf26WwyeFM,False,1
HY5a622vSTGxz87cLZwf3BPHcr4hdVGnxoy6WJsjpump,BMivqhFYUedFeaDtuV3iefhNdcGbvEDAE1PXQqiBhqK8,False,28000
HY8owkZQmQT1Ren1ioWjGgBm96bP3Qqah7idNUjopump,TSLvdd1pWpHVjahSpsvCXUbgwsL3JAcvokwaKt1eokM,False,846
HYJmcJ8pJtsUYEwwF46nn4ixTuYmx6zjCGcoU4GKpump,TSLvdd1pWpHVjahSpsvCXUbgwsL3JAcvokwaKt1eokM,False,747
HYNGzEMyihGHnMzc44J665wP2UYhA4K7hyLi2WCGpump,8ErtJikgzWHCX9QiSDDZaCdtLaLPYuWgNBkjwe8AiT4s,False,24601
HYPxJt6EoEjgjPVvqrTmxa6GjeveDJmYFMY88P9bpump,84z2QKY7uLpPqTgftB18ra2VdBdG2Q46EvhagHVjs9zC,False,24601
HYWrJGbcLKB8ocTaCvZYrMe7NYzv6itFTSv5Rbn1pump,3bGNNpUUXkKSjGHrKqXYehVmsMNaoXm4WQNUADET1Jku,False,3074
HYYCETsQhHGFw9wpFvi1uKJSfJCUCZQtKWxCsHTCpump,TSLvdd1pWpHVjahSpsvCXUbgwsL3JAcvokwaKt1eokM,False,1060
HYYs87JEwvMmr9GFkAmfdeZ2DKwi6EEwNKwKzqPbpump,GG8SEAxuWCkfpKc7wcS1cSpwavNhhJ3Q4ghCqetXXyU8,False,144600
HYc2CTsDWtZjK32pYGppJJRY1M6DcnD2h6726JWhpump,5fCXoaRmVPjG8ixAaGHykZZ5jktZVMSJjAHbZYxSyaja,False,1
HYjHFeVeJaS2pMnzoz4UAzEt3AbBFMbaKzqHzNjdpump,TSLvdd1pWpHVjahSpsvCXUbgwsL3JAcvokwaKt1eokM,False,1204
HYkWvEqGtCF9ddeFaGfLZoBPJ1b6rybD5MNybzKopump,TSLvdd1pWpHVjahSpsvCXUbgwsL3JAcvokwaKt1eokM,False,1051
HYwtwze7JxMmV8L4h95GEn9bQ6HECGa3MupzFwmjpump,TSLvdd1pWpHVjahSpsvCXUbgwsL3JAcvokwaKt1eokM,False,1261
HZJ1GiyQWk3P5YuqP4pZQfvFcrSXFi2iqxFQmx2Epump,TSLvdd1pWpHVjahSpsvCXUbgwsL3JAcvokwaKt1eokM,False,1303
HZNnmhAY6xfq2iKRyBTEvTVeoTYJzpkK8mfnfG8Ppump,TSLvdd1pWpHVjahSpsvCXUbgwsL3JAcvokwaKt1eokM,False,1
HZUG7U9woTPtLcMsq7xXQKC87qbatzkt5poXwsMNpump,EV67mWgM7UigqLmedafYEe2Vw4uVM2VKB9qaG2tfenao,False,1
HZeUDiKfHDsyNEkqcQigkuPD9xeq7nXDKXoYyGFtpump,TSLvdd1pWpHVjahSpsvCXUbgwsL3JAcvokwaKt1eokM,False,782
HZk4BYzWaJMMcypzpVUccqqbUQ6rr9XzB5vXWzX6pump,TSLvdd1pWpHVjahSpsvCXUbgwsL3JAcvokwaKt1eokM,False,24600
HZtvRgroQxQG3QE22jERCNW1bKSHqYZ6C3PLPzLapump,TSLvdd1pWpHVjahSpsvCXUbgwsL3JAcvokwaKt1eokM,False,1148
Ha5yB7qL9tvmJzo6yYAwAA2NWvQMoWz8ziHwiAtpump,TSLvdd1pWpHVjahSpsvCXUbgwsL3JAcvokwaKt1eokM,False,1149
Ha8eutW84CRHSfsCUjXsE1kVrsArLrxwxEEEEwaFpump,TSLvdd1pWpHVjahSpsvCXUbgwsL3JAcvokwaKt1eokM,False,421
HaWYGDFYeGMo4Wpa8aSEQaw4ikpKpraD9qTazGv8pump,TSLvdd1pWpHVjahSpsvCXUbgwsL3JAcvokwaKt1eokM,False,13999
HajdNT6Y8upR894G71xwnFqZjaec7Kw27veK1A8pump,pfAw183zHJx94irXCSkkDbUz4MEiQAHVjvAQpfm9RTX,False,792
HaqNyHMwCP1YGCYgjY7kJNVd6gv4mz1Y75A4xKVUpump,,False,956
Hb4DNY8B9rZ5CpTA98mjTJqYXWtaKfwk879zYTdEpump,TSLvdd1pWpHVjahSpsvCXUbgwsL3JAcvokwaKt1eokM,False,81
Hb5GRetQ5Cain6iiTqZikiLaRpohTQ23vqtMPmnupump,,False,1325
HbWDb8QA3iNHo23dVqYHNFJipftCuzJ995TYvTJypump,6gmQo9CJAxojNtE9fK4m1zfvMyBgzyS3DHLF3ZAs2t6Z,False,24601
HbefKczpEHcvmx4YBAvx2KYumsTft2pbk5TpMrgApump,EuKbiJuzfnwTkWnSFCsrV58PcD5CAzEo25pZAZJP6649,False,1
HbsgsphC7eotJvy8TMRzXJWxt8XqbVvWeXdbWH81pump,TSLvdd1pWpHVjahSpsvCXUbgwsL3JAcvokwaKt1eokM,False,1240
Hc1mKFEtNEvR6gsuXqnpqX5MT7xSvH6FUMTFQV4rpump,44U4N2K69Q9q4ZomNYTAZEkRXfLm8vDGJnwPyz2REupM,False,1
Hc5oUkbMAmLHRmyxzxNkkVhsqSAn5A9LEjcCqZH7pump,TSLvdd1pWpHVjahSpsvCXUbgwsL3JAcvokwaKt1eokM,False,1
Hc8RxQoXiCfgpJs8hRnRDT1TqFE1GNb9jFEYdS8hpump,TSLvdd1pWpHVjahSpsvCXUbgwsL3JAcvokwaKt1eokM,False,1245
HcBLALZKGUGSsiGCiw8nNgBUFiwaBALm87nYNSqqpump,TSLvdd1pWpHVjahSpsvCXUbgwsL3JAcvokwaKt1eokM,False,1321
HcD1UJc2KK48DfuYCi1wh4Ccn4d7L19gt661SMgQpump,,False,853
HcMAvkMwAGLsuXsxaMdEPHcZEYKpnq6wKur8MMBQpump,TSLvdd1pWpHVjahSpsvCXUbgwsL3JAcvokwaKt1eokM,False,946
HcSHefAEHNtxbDASQEeMrjjF26FFjMFV7pqfifBXpump,TSLvdd1pWpHVjahSpsvCXUbgwsL3JAcvokwaKt1eokM,False,3058
HcboEt3WL3ZRjXgLZhZ4zVSxUvKjvY8tFh5LUS2hpump,TSLvdd1pWpHVjahSpsvCXUbgwsL3JAcvokwaKt1eokM,False,24601
HcdyHNZFg4yEYfj4o9X2watw8u7iDAAum4EtCuEApump,C1fxEJim6hjPBhUhfAGxD3hbZzRhU8ouJY2Y21bfSBi1,False,1
Hci6KCyjx1Ft1Zk2hyCm8SXVR1u55NWHSV8w9b6epump,TSLvdd1pWpHVjahSpsvCXUbgwsL3JAcvokwaKt1eokM,False,1218
HcisYtXpJ9r4uUjPadfaJQiKCyT21wuQ1hNg2NAypump,TSLvdd1pWpHVjahSpsvCXUbgwsL3JAcvokwaKt1eokM,False,447
HdMcSN1KH3Qz5bkZu19Q84UsS9n1K9G5FT9FAs5pump,DuujEkEDMkYLKYa127eon4EtbLvwsbvUZaUe62sUQBed,False,26599
HdR1PNvW1v6t2hG3nZeYXQdPr9huVf17kG5Mwz71pump,5wzU5i2gfkKsqqVqTyJjHRUVxvMHittR1aEnA1xKTCKH,False,24601
HdbiosWqNWdMRJ1Tt2LTrctyqCMWbnE3M58Ci9AYpump,HYVd4mfmPBXDZ58vPtso8VpxeWp5cgTYGaw62rUGKN3D,False,24600
HdgrSekmNdLFg5REpWZbb8VWUNTu9PnwKqau7rBkpump,TSLvdd1pWpHVjahSpsvCXUbgwsL3JAcvokwaKt1eokM,False,729
HdsuGiX8xjgpRZBm54jzM8PfK9sm63xpFH9z3eaBpump,TSLvdd1pWpHVjahSpsvCXUbgwsL3JAcvokwaKt1eokM,False,24601
Hdt68n4uzAZzy1C6YJjo5Qb1hj6QNwEzb44w7Lp5pump,TSLvdd1pWpHVjahSpsvCXUbgwsL3JAcvokwaKt1eokM,False,1
Hdw3oH63KErX3DeM6iMErVmX58RyAg2j4T51tLyYpump,,False,22526
He2EL8hzZKZEQPZw3TvHCRoBeuh4rQzCBxvv3uCCpump,TSLvdd1pWpHVjahSpsvCXUbgwsL3JAcvokwaKt1eokM,False,1
HeBGfZrkwX5QMmRXS13NddovxPqhspQmUXpC4F7ppump,669QsYediqu5ErtzDYCd6b3aZ59tk8ZCKzcS7dWcMQaK,False,24601
HeCFQ5hiDZRKVYEuDF1LYBfbYfqAg98CQtbrTR7ipump,TSLvdd1pWpHVjahSpsvCXUbgwsL3JAcvokwaKt1eokM,False,1
HeFerL4QAQnuf6ZtnEcfUfYVcXqSKUridWoDZ9hEpump,CzY4RQ5h6cjfo6ogDFxWrYsNsCEGtPYQnHx868WyK5pZ,False,24601
HeHUfWW3EJhyK4uCHuE1cmzGJTUVrAMYb2i5upQvpump,TSLvdd1pWpHVjahSpsvCXUbgwsL3JAcvokwaKt1eokM,False,1312
HeJUFDxfJSzYFUuHLxkMqCgytU31G6mjP4wKviwqpump,TSLvdd1pWpHVjahSpsvCXUbgwsL3JAcvokwaKt1eokM,False,1
HePWL5DPErqnTTT2v6bLWGGc49oHMgjoWNriDjARpump,TSLvdd1pWpHVjahSpsvCXUbgwsL3JAcvokwaKt1eokM,False,1099
HeRWUhBXmQccMPt8qo3DwqmtrjWTwjxd9ejHw92Kpump,TSLvdd1pWpHVjahSpsvCXUbgwsL3JAcvokwaKt1eokM,False,24600
HeWdnJqjmmFbs6ACUHuPTR8diasBjNRiyKumFvyypump,TSLvdd1pWpHVjahSpsvCXUbgwsL3JAcvokwaKt1eokM,False,1
Hef9NtmykeScagHHarVwdCf8NHQ1qXPGJk9WbPkWpump,ZxvYgTNtqYijxASMegLRBa7t71VmF3kdwAn8Vyg9hfQ,False,24600
HegVARsSCQdMev7FXGYofHG7SdJXmwZSMrFiqNbVpump,TSLvdd1pWpHVjahSpsvCXUbgwsL3JAcvokwaKt1eokM,False,1
Hei9Ua5EZmUFKKnNrbF8mDpuoh3sks8e1szYyoqupump,TSLvdd1pWpHVjahSpsvCXUbgwsL3JAcvokwaKt1eokM,False,2225
HeoE9PUy5gZuBUZK4nbZovzS4omcDVs4zG8NXFJYpump,DwGpWpkaUaf4MwcAF73qVdmYciARbYYqSpMDnQiUY5Rj,False,1
Hf9yBiG1B5Dm9WmfhmqYy5yq9gz29jeBFRdqmY1Wpump,TSLvdd1pWpHVjahSpsvCXUbgwsL3JAcvokwaKt1eokM,False,1150
HfWfmNncpYeKRQiriwHewgp2tZktbqVFJThhm3aqpump,7y4SV6KsQr5C3hDYQX7izKXza1zovSQYPVShQasxh2Hk,False,1
HfyR1kFHFeUcSaPwST1MnhyRTmxDejfBZvmhaDnDpump,TSLvdd1pWpHVjahSpsvCXUbgwsL3JAcvokwaKt1eokM,False,1
HgBRWfYxEfvPhtqkaeymCQtHCrKE46qQ43pKe8HCpump,TSLvdd1pWpHVjahSpsvCXUbgwsL3JAcvokwaKt1eokM,False,1
HgGLf9qJtCgt14c6jYrLwUbcCUa1uVA8h1VwPAvupump,TSLvdd1pWpHVjahSpsvCXUbgwsL3JAcvokwaKt1eokM,False,1065
HgMsg4zAdbBFVBww3KKwRi833vS6tex9B4VmjtA2pump,ADDFE19fHEnMV3ZHBj2z1jHgpaPyiLTdq8imJcnobeGK,False,2001
HgPY41TDjduvHru1RhQDwLdKw3yDfqtQpPZFZPznpump,TSLvdd1pWpHVjahSpsvCXUbgwsL3JAcvokwaKt1eokM,False,649
HgWNi6z2pTiqzyVWsPe6d5VfHv4ky2a2RbJHw1Lupump,gGRpdiDzxS8dLfXj95FKXJ2LnJNYKSpqtWVtCcwEjSD,False,24601
HhCUxpFg3pcK3yoxPNBsYupn2vqebHHvBpZwiStXpump,TSLvdd1pWpHVjahSpsvCXUbgwsL3JAcvokwaKt1eokM,False,1
HhH9xgnDF5bHvSNDgmUirzFxJvJoTR6kTvZQ1t8wpump,22LpL9Uyi9Ur594YNZpWr7izCvVnknEDop5JfpLowj5Y,False,26601
HhPuFtyFqohMauGuDdN4mm5krizRZVzHRMv3PtJWpump,TSLvdd1pWpHVjahSpsvCXUbgwsL3JAcvokwaKt1eokM,False,24601
HhrRRQk78WwSmtM7WmtQ1dXV7YsD35VnCzKSiBR1pump,TSLvdd1pWpHVjahSpsvCXUbgwsL3JAcvokwaKt1eokM,False,24590
HhsULQzrasML6wPxECcxsgVfPyG4wsVJgUCdkVfEpump,TSLvdd1pWpHVjahSpsvCXUbgwsL3JAcvokwaKt1eokM,False,958
HhuNLvutiT7v6fACB4CeLhB5pzeK8ztaLKkfjsNfpump,TSLvdd1pWpHVjahSpsvCXUbgwsL3JAcvokwaKt1eokM,False,1
Hi4hgbB3JKRb9mxLgfLmsJR2k6NJ4d5qbt9ETStBpump,iJLwhBNSvLiQSaFA95vFSq42BfBD3e8aqwMQ65kUJjg,False,27460
HiDsycajDwZUrcw2y4mDCgbnZgu9kGzYFkumtJ9apump,FU1gf3PrYRfncyd1wnWZhjkiWWn8pFEN63nxpMcv9vHr,False,6468
HiFj3PCiuoQPpuFFYVqjxgaJDgpwWNPxPXrW62Jmpump,TSLvdd1pWpHVjahSpsvCXUbgwsL3JAcvokwaKt1eokM,False,1097
HiHULk2EEF6kGfMar19QywmaTJLUr3LA1em8DyW1pump,TSLvdd1pWpHVjahSpsvCXUbgwsL3JAcvokwaKt1eokM,False,1
HiNFFUEMCeBV6DpfYokfcRuhjNPpwEuVny4c1JCipump,TSLvdd1pWpHVjahSpsvCXUbgwsL3JAcvokwaKt1eokM,False,796
HiTiS2eDKYKBh2DZu3zNxfJbHMdU34TgQKUHWAKgpump,HK6YiARcFM9mTPGWaDWmeSPQmjNfVcKSzL4HapUxv6BC,False,24601
HiUyLhpkqhy5HpKkJj78jgeQuaZLGYKRzMk2Qxiqpump,TSLvdd1pWpHVjahSpsvCXUbgwsL3JAcvokwaKt1eokM,False,869
HiY4vS1KT7wb9mpXHTyDqAVUR1hfgfBQBxphVH5rpump,3yjvmTPcLQbG4y4AXpZUPMTRScB7aTNiqVV7YAD8twfQ,False,39000
HiZtgjwNhrPPKw2aXsnY7FVvc5MdvVVRcVTSTfnZpump,JDQKDrc1TQgBRvdFh56tkta5sYcDj1SoP52Eiu64rSrT,False,1
HinFkqnAwqunGPYZzkY3hfU7rojANasyi8ammKw5pump,TSLvdd1pWpHVjahSpsvCXUbgwsL3JAcvokwaKt1eokM,False,1259
HivpBf2rDgELiUi963Jupo41pc5cewEgwxrSKkD5pump,GumGZynCgkUoyfDcxALinAeYxBowjmSDZzhQfMPd9HGk,False,24600
Hj5SmbS4NMJZF2EseTZbMQYbi4BdEvYLfVEZcD4Hpump,TSLvdd1pWpHVjahSpsvCXUbgwsL3JAcvokwaKt1eokM,False,607
HjbVJCYXKukvMf3PHjvK9FoJjzmgZPkXgtNiMkxapump,,False,768
HjqNHgFcEPQjHZAzGrZF2kfVetg6nh3fHwYQZqHipump,AWTzGQQkBuzTtDQLk27uzGAvYHfzrjXTfm6KduPsUhZ2,False,1113
Hk2gPxY8NVPJ17Edb3MqDVVYrFiCc8DK3ja9iYSBpump,TSLvdd1pWpHVjahSpsvCXUbgwsL3JAcvokwaKt1eokM,False,657
Hk3X4HkmBuwidJiM9RQwWZgqiih27oQgFSymPyPRpump,,False,616
Hk4zBnEkLhWvwvoiYcMeY4QwNj2wnTJm5DcuxEMDpump,TSLvdd1pWpHVjahSpsvCXUbgwsL3JAcvokwaKt1eokM,False,1336
Hk8PYXdvyabpwZqysnv5C7P2RVLNYXypjdLetdmXpump,BTnrKknXzJvuS3verqx8JKuBrdWXdgQeRLiP8mFMb4Fz,False,13663
HkD8enuPVmNqMSaUitsCgPBKec2DQTDbMBc7XojSpump,3xzZJmtCx55RPpBg6FAsKd3VTRtPMzKeWHLqMSwtvrD4,False,24601
HkQG16qVhc6hnyJzpwTAZ1GKucJDCHcvhLbvKqKvpump,TSLvdd1pWpHVjahSpsvCXUbgwsL3JAcvokwaKt1eokM,False,1292
HkWY12bT4LXw1CPCDw39KGhPH55Hj5vcWaaoWY7Cpump,TSLvdd1pWpHVjahSpsvCXUbgwsL3JAcvokwaKt1eokM,False,1177
HkoSUeHyAoy2P9odh5F1wirYYxPJmjtdTGVvywb1pump,TSLvdd1pWpHVjahSpsvCXUbgwsL3JAcvokwaKt1eokM,False,1209
Hkp2fjD4hiAAh6S9DubSEQ7YwdcmtTpVKKdXaqQzpump,C1fxEJim6hjPBhUhfAGxD3hbZzRhU8ouJY2Y21bfSBi1,False,1
Hkq1eUz3LCyt2qetS43twtHQ4zqtVGLLJ7QFwy3Vpump,TSLvdd1pWpHVjahSpsvCXUbgwsL3JAcvokwaKt1eokM,False,1064
HkrHFHWToKa6e3ynMRB4YB5uPSnNESUMua2WRHMNpump,TSLvdd1pWpHVjahSpsvCXUbgwsL3JAcvokwaKt1eokM,False,1038
HksXbqouGNP6RijZv8siixkwpkGZzJoViN5zpSLZpump,TSLvdd1pWpHVjahSpsvCXUbgwsL3JAcvokwaKt1eokM,False,1336
HkxPCCECREE6rnZ15ouXLuYphLeTeNFbvKGqvQD4pump,TSLvdd1pWpHVjahSpsvCXUbgwsL3JAcvokwaKt1eokM,False,606
Hm4dVV7PtackAn2ePAv4kPNVxfhFahxndCJHCYqdpump,TSLvdd1pWpHVjahSpsvCXUbgwsL3JAcvokwaKt1eokM,False,1
HmBy8JFSwQq3KmcQHs4WKwMv1R1GbGz8ajpeFuA9pump,TSLvdd1pWpHVjahSpsvCXUbgwsL3JAcvokwaKt1eokM,False,1
HmHbSfwCMnk3esmtsBy6mFwp9S1vsnXEkBMwnfZDpump,TSLvdd1pWpHVjahSpsvCXUbgwsL3JAcvokwaKt1eokM,False,26597
HmLKSjPu7LQdbaz9RES1XR1okjXpVbjiEbx3eGrrpump,2ThSEwtAoEkDsYa4coD6HY9CZv6WsoM1pAD4yb4PHaAd,False,24601
HmMkt9xQmB6HEHiK6dTyspm2E83Y5CKp7Sb5hNWppump,TSLvdd1pWpHVjahSpsvCXUbgwsL3JAcvokwaKt1eokM,False,1078
HmP7gAWucokzHHCszEreBx2H8oxcrhpH39sNyDKFpump,TSLvdd1pWpHVjahSpsvCXUbgwsL3JAcvokwaKt1eokM,False,1
HmmvvrWziSSd7haqixYfEeqnVqeFqB9oJxRcdsWjpump,TSLvdd1pWpHVjahSpsvCXUbgwsL3JAcvokwaKt1eokM,False,726
HmwyGJDbJCxF2HxbRb7Wi9iqZZGxnhv7h6BR5o6Qpump,TSLvdd1pWpHVjahSpsvCXUbgwsL3JAcvokwaKt1eokM,False,1
HnXaSH8bcorbpm6ZKyYW1VFavX64u8c38pAk54xopump,6Q4SvRjp5Bhtv8swWT1jv6tVfieCggrYL4bcvsk2eKg4,False,1
HnZ9fYoBZdVBMYnpC7ZmFznXDWa3u6bNDfcL5gnxpump,GZd3BGEAeNiU7Av14FVCctyaMJkBCk9U6RBMUxuGYQYz,False,24601
HndJuKhw6Dfw6N4yWWNA7mLSGBSXAdsNSgmePsKnpump,Fjr9xMNZ1pyR2tYCu5WUJAWf6xALR42kTR8Zvbxan3gZ,False,31800
HoCunqcWb8b3PtuX8aPvvF3R2nCmfjmTj32zSgSvpump,TSLvdd1pWpHVjahSpsvCXUbgwsL3JAcvokwaKt1eokM,False,1
HoFgU9m7KhsxcDzX1QaTVdoSHtuENRULVLUeyBappump,TSLvdd1pWpHVjahSpsvCXUbgwsL3JAcvokwaKt1eokM,False,788
HoSaTitZkXDuRiaXkXRx9KcyZP6iWsRce5bPJ4s5pump,3mYK72hTtBfqDacfmwdb1WqXaLiyZYfvQPwfu7zvGYu3,False,24601
HoTrCJX4Emz2QJt6LRSCXg9Xy8rchxbPBwAUNcgwpump,7ypAGCHe2pLwc4o3Q8coMmxFmK7dqbfoWCPhXYJgFvbk,False,2759
Hoy7YBe39sGmXd5qeDQpvKmSPyH7ayTz1oXgC4cXpump,TSLvdd1pWpHVjahSpsvCXUbgwsL3JAcvokwaKt1eokM,False,24601
Hp3WCQE2gfVBYxyXa3RMFeiudSM1KMANnqQbmDLVpump,TSLvdd1pWpHVjahSpsvCXUbgwsL3JAcvokwaKt1eokM,False,1
Hp6yqGfSxKsnhvqeW7tx3zpxFnbJNkT4tiP15J8opump,TSLvdd1pWpHVjahSpsvCXUbgwsL3JAcvokwaKt1eokM,False,671
Hp8GN4WFr8n6ZinFuLm2DujHgjbUinEHYYBbsZZ1pump,,False,24587
HptSR8c5pqggvhQyDVz3cctchMAb4QWsPCbNFjCJpump,9VnmejXBw3XcCokcxCLkuJi91CemqxmkkCQaupVNHdLP,False,24600
HpxXzdh4nDpaDkdda8dNsMxQLsFXTBZhdJQV3UUXpump,GggsbhUczpEdsreR5d6vS6k2kywPg7gJd1VKms7HnGyq,False,1044
HpzzHA5hXjkZSDXAiTj7w6DfrActA3y3w4ah91bLpump,TSLvdd1pWpHVjahSpsvCXUbgwsL3JAcvokwaKt1eokM,False,548
Hq5rroHytWZp4C6EAmT7qKStRJgSASYojEDhcz8Ypump,TSLvdd1pWpHVjahSpsvCXUbgwsL3JAcvokwaKt1eokM,False,1
Hq84HoErNiqawqzKZ5W1PzmtxApJCdJnjp6599wGpump,TSLvdd1pWpHVjahSpsvCXUbgwsL3JAcvokwaKt1eokM,False,438
HqH81vJiUqsiYgLbu6t2MRwY1XJBVhNXy2kuBM2Epump,TSLvdd1pWpHVjahSpsvCXUbgwsL3JAcvokwaKt1eokM,False,1047
Hqei7ekPmmigco5UUZTSyNfJm778iCbKGszTEkNRpump,7cT5jdgjPeEaWb582ZFDA9q1sjzdTAyyE4Bv1o4N4hQH,False,1
HqrAGvyVPMfCKRX2V4UixyW7t7biVSvJPr8me5JTpump,TSLvdd1pWpHVjahSpsvCXUbgwsL3JAcvokwaKt1eokM,False,1032
HqrpmnqYadVNcCKaik36WLsFFP1aeteFTJ51xJfEpump,DizJ6FbV9GoE1dpfYHagV1wMubvBGcwGSn5eCp5i1LXo,False,24601
Hr8TUDPrbdpKbVbwoBttSG2gfZUH8qrb8PeH7it1pump,TSLvdd1pWpHVjahSpsvCXUbgwsL3JAcvokwaKt1eokM,False,24601
Hr9FW7tE4EWThuBvjqSMxmkxJTpjxGYXA9WNBazdpump,TSLvdd1pWpHVjahSpsvCXUbgwsL3JAcvokwaKt1eokM,False,1
HrAidh2MTgNbdayG4bzRhEPyxrxmErnyhcwD9pTgpump,TSLvdd1pWpHVjahSpsvCXUbgwsL3JAcvokwaKt1eokM,False,14500
HrCHaNUzRvZpkNoxs32vjK5sHdekTkF2qGD1P7DWpump,3nGR4oRBYuKDtvhM6Js8KCmcBqz2DJ6W6AaVro5oe7MC,False,24600
HrRH8QbY3rYs6qS29wUFcqkBZM79GrjUdEueH9rfpump,TSLvdd1pWpHVjahSpsvCXUbgwsL3JAcvokwaKt1eokM,False,2916
HrhPNJFPsYuZ1LDAS9R9XQzqo2UTo8isV74ikFQGpump,4LXuAPTnnbhByRQGPiAGKPVh5bcgCXhhDeUJwJJU2BhZ,False,2001
Hro2cifDf5FDcp6p6JKuAmJA3yaJmv3Ss3Z1cdY4pump,DPdbiNvj1gSjkQyjEZDPHZYm1KNioNrcWxSAJArKGfch,False,24600
Hrro7XsywzNy5bcuvqvZBocuKtu2rwKDW385RowNpump,P4juT2ezxWjB4hDhiQK4YPSsGYGGbhqbrQw1usy29LQ,False,947
HsAhSWGx82SJ4C1Sj1v3QuEVRa22Rw2JK5vG9k6Spump,,False,961
HsVtno6rEVB7Y89hjmCaqhSUnqhUXWCLurydCDCSpump,DYg92cvmRF9HDm2w7XeqDLZYtoYaNsgqH5ok3PGsBry2,False,24597
HsZ94hEGV6DkDmLeXkQk2QAP6Es9oUXaspBTaVcPpump,8j14LEtjRXdbXRra2icG675zoSqPjjsbGUGZz9BMJHG7,False,141
HsZfTtm1w84Aena7GwrXsZFGtYi1hAZzYVnbG1wgpump,TSLvdd1pWpHVjahSpsvCXUbgwsL3JAcvokwaKt1eokM,False,1
HscgTEJrUjZmEDRMXjMAM4uemR6KB58hL6y1tZyYpump,8KgULoUNMR1zMieYk9cnaosS4oq1uvZouB5cWW4gYzns,False,1
Hse9CH1WtDy6nmiGtkbpYQw2gGA8Tt3d9n89mYLjpump,FUqsGmRDUbWAjRBudwwYc1XSAiCNt96wNs6c2J5TUJjg,False,54613
Ht3ZRNnZrPtVgZY8vFkwq5N7BYKvYz5KNmediTKNpump,TSLvdd1pWpHVjahSpsvCXUbgwsL3JAcvokwaKt1eokM,False,971
Ht8gxUd8s6KJHxs4yqWmmR5JJRtvpYaLWu4KAwC4pump,,False,1
HtCqD3o5aF1RXcyGi6AW11PoB3bZmFdA8kvVyhJrpump,,False,1
HtHNmTSrTeobQt4NpuwRQ9cjr5gjKBF1SZMNcML5pump,TSLvdd1pWpHVjahSpsvCXUbgwsL3JAcvokwaKt1eokM,False,1153
HtPx4EtyXdyYB85qP7C1NjtW6gwY6KBitQKnkb6mpump,F9cE3Z3KA7wdTREwxLZeQVwdKsjQP2bjXtKKj6K4F7n2,False,24601
HtSPT2fzgeTZbYX7yTjYQwSmafqxN29LYMAhqXBLpump,TSLvdd1pWpHVjahSpsvCXUbgwsL3JAcvokwaKt1eokM,False,526
HtavxkEN8XVRJqJULTUXSCkTNJM8vyKwPAuJCs38pump,TSLvdd1pWpHVjahSpsvCXUbgwsL3JAcvokwaKt1eokM,False,405
HtdZJb3eBJ5fYZwsLVaxRiE7sW8ix39fVJEa6pSYpump,TSLvdd1pWpHVjahSpsvCXUbgwsL3JAcvokwaKt1eokM,False,898
HthQKKW6M9Q8pb27r9xoqjfviiJ3kzdojP8TKqjJpump,EMnk8tfPo74jJqTiviLsqdXCMx59z4KbxjKJjXPAAjAn,False,87
HtidRbCx2GY9pguj7ZU5j638ixNWPMhtf4hDCmvwpump,52mXWzgdyhTYx5nBPxZEDCUn8RP6oPszZNrtBRiYAsJs,False,1
HtpMfWQELCfCCeG6nHQDPfxLPrr2BNkZ2YVa9hKqpump,,False,1
HttowoboXSiPhWGntk2MxG95xNjwM68G3afLMN5epump,Dz67RoWkWJQgr6fUzdfPvWRTuWTrCxNXriQ6n7dVzshM,False,1
Hu3aEHTcaYFNjfF2duX9ycSpEGYFUeGmvsWAbJyWpump,GBApnNnKvPKn4X7eXMBim3QydsdPRaypAVe3EFn2Zcf3,False,24601
Hu9oBqAdSDu7ry77F49gT84rHfoHY8ZJxa6vJJUdpump,GAHsgkmheqsJdwq9CuS4btogGLQpKFGwjKNEbrk91dtv,False,1043
HuBAB1UwCz6JZhwsE3PTjYnFNSmvjWFFzzWY3E2Kpump,2FnPwrpf7KAu9j7i3z86DFXBADr77EhbDpimGKVHkozx,False,24601
HuiVprCHCucHUb5bX6EXFJd7wuwvdASFzzge4ahXpump,TSLvdd1pWpHVjahSpsvCXUbgwsL3JAcvokwaKt1eokM,False,1
HumCv4UDZYqbAvtjdEjhn1ZQupxJHUej8QF87B43pump,52mXWzgdyhTYx5nBPxZEDCUn8RP6oPszZNrtBRiYAsJs,False,1
Huz7DeiAJKATSEofkS1Bry2NkCwkfcQuZFE2wRqRpump,,False,381
HuzMdRTxWtKSxsc752GAAVxt21358ekhqF82LD66pump,TSLvdd1pWpHVjahSpsvCXUbgwsL3JAcvokwaKt1eokM,False,24598
HvDC4Y6no4dNgWQPKmDxDcJ1V7mU4sojsysmM3jYpump,,False,1225
HvHo9DSJrHjdZfYH58cmkQ5qzVpmGehbsY7aB6Lpump,FozA4pY5GrkHcdwL4Jpq1K2fbjR8GSaoZWENMKTvw24P,False,24601
HvNiAvQNhY1rDQzMh16bY99VFBH5oiYAk2KsriqFpump,TSLvdd1pWpHVjahSpsvCXUbgwsL3JAcvokwaKt1eokM,False,1100
HvWFxe8UzcmDS9nFGzZpuFC7RcxgT98N5rsEh6mDpump,TSLvdd1pWpHVjahSpsvCXUbgwsL3JAcvokwaKt1eokM,False,1600
HvYWpp68pp4vWRMQAnSvdYPqz7JsxwLbRdWdr2uUpump,TSLvdd1pWpHVjahSpsvCXUbgwsL3JAcvokwaKt1eokM,False,771
Hvbt9RuaaFg84wjTByZTDHdS2Wij9GjeV1SjekHjpump,TSLvdd1pWpHVjahSpsvCXUbgwsL3JAcvokwaKt1eokM,False,35
HveYL1jJbzAx4mrp1FpEFHY5T4pe9WRJZ1YaNKyPpump,TSLvdd1pWpHVjahSpsvCXUbgwsL3JAcvokwaKt1eokM,False,871
HvjJJ5Z3NVrLzqneBWtTVwBTCKumShUWuWGfZFBepump,2KLhBSAEoJrhmwsHtu9EKcHEwU3SiTkyfyp4q8zZ776U,False,24601
HwEhWyEpWvELT7H8apzCGyCPq6QtPMyxhNxB5Tgzpump,TSLvdd1pWpHVjahSpsvCXUbgwsL3JAcvokwaKt1eokM,False,1
HwGVnJcxZ8rMQaKn41R3p27fUBB8mz82j5rBhKNcpump,TSLvdd1pWpHVjahSpsvCXUbgwsL3JAcvokwaKt1eokM,False,1
HwJvLzcRr7rdkQ4Vfvjuwt325vh6vxWscBW9FUJGpump,BnSJys7v985tCpKBa1vAD1Vy24JqJ6J9fAabUjfm8Tya,False,1
HwLhBZzimGD3jhqsFfuN54MtxTeGEjcNBVmQP1nZpump,CGafmV1t7LGsBJrKLKudQqehEH32PGbUQqDhpRnGass2,False,24601
HwR4zGc8B8bgXdYuGPHA2iDJD3iPjQKVkm7ZxVGEpump,FMaUFGKC3cVkbrtBPsyc8DyAMBDZixFLR49Leo2NK2XT,False,24601
Hwa1LcRRzhsi8K1H3yB4FiNf4AAC8U7CPzxUpeHMpump,TSLvdd1pWpHVjahSpsvCXUbgwsL3JAcvokwaKt1eokM,False,771
Hwm9BxrF4NoXuuRTSGbg2h1iGrB6KboDMc3aY2oMpump,ARPHdDv38pNMchkFKWLZ5Umis7G8U3hd8WTPrRCGY4g,False,542
Hx2u67DY8EgtZppfCYQyWz68Syp8xJsRX1nDAMRbpump,TSLvdd1pWpHVjahSpsvCXUbgwsL3JAcvokwaKt1eokM,False,902
HxAAwh4Lx58AarKt61Ui52V14wbhVkwYUg2AnQ9Lpump,TSLvdd1pWpHVjahSpsvCXUbgwsL3JAcvokwaKt1eokM,False,1
HxAcfV7XPUD8dsWt4gUvwXww8ULfkaPrAMaskrJgpump,HNwYXd8eg9q5JS3AQmKaAvJegpwxaJ9tgtXz4dUPBN8Y,False,1
HxBxPZ8CXi1BeGj1hNHoBCbHdL4UiT2zZJrjQtivpump,TSLvdd1pWpHVjahSpsvCXUbgwsL3JAcvokwaKt1eokM,False,17813
HxyAjioHtx3xL3ytxAMJg3AgWWXghXx2zgZFk59pump,,False,1
Hy5oTUBM2fEFjtDqcAFPzvdqP1wbj5H9LrPuW39vpump,E7voBKbNBa1xZaMmtcL9dyqjgudCzVqApDhSVtmWx1WP,False,24601
Hyq8T52RFbuF5moJi39yBV8gWUhMdvXRask2hzbqpump,TSLvdd1pWpHVjahSpsvCXUbgwsL3JAcvokwaKt1eokM,False,24597
HyzUwAJu7mBZZjaKTYSMqzoSSgwU2H27irPaN5VDpump,TSLvdd1pWpHVjahSpsvCXUbgwsL3JAcvokwaKt1eokM,False,181
HyzzRjGw9Qsmat7nXtaBXexFSYBoX5XryQjR5VnQpump,TSLvdd1pWpHVjahSpsvCXUbgwsL3JAcvokwaKt1eokM,False,1015
HzJqfPbwYBoHiuCCm3vi5aFp8cuzD6XA53Uj2zXvpump,TSLvdd1pWpHVjahSpsvCXUbgwsL3JAcvokwaKt1eokM,False,859
HzKYfv2QtYCayF1SrQErqJ8fJoMejfx1giFoK158pump,TSLvdd1pWpHVjahSpsvCXUbgwsL3JAcvokwaKt1eokM,False,1
HzMiBNxMhtyKomjtoq3vj2srQXF6DfwjtK7KU3Ycpump,TSLvdd1pWpHVjahSpsvCXUbgwsL3JAcvokwaKt1eokM,False,484
HzU4WWZwtbC1N6cg3kHDZ9Ux8NbEDAEnmYTrsKEkpump,AxMM4jU9cjdJyCrPhjXKR8YsaP5qPoZt32ibycdtFqQK,False,24601
HzaZfQyAFdZqG2E3gKXFmkjjVjtjQEWvmWBg8FKTpump,TSLvdd1pWpHVjahSpsvCXUbgwsL3JAcvokwaKt1eokM,False,1158
HzhGr945HZhyvcYCmzXFYHd8S5s4tJgv1Ask2su4pump,TSLvdd1pWpHVjahSpsvCXUbgwsL3JAcvokwaKt1eokM,False,536
HzhhfexEbj3dnVr55mBhiq4Zzh7kSQdDWdjxrMX3pump,TSLvdd1pWpHVjahSpsvCXUbgwsL3JAcvokwaKt1eokM,False,1
HzkBrfPPkqk6mwNNSYhjkw1AkfNZA6zwvKzQMacapump,TSLvdd1pWpHVjahSpsvCXUbgwsL3JAcvokwaKt1eokM,False,1
HzpfTu225CNB9NxPKx7asAmcjBPsn6cbrXG6ReTPpump,TSLvdd1pWpHVjahSpsvCXUbgwsL3JAcvokwaKt1eokM,False,1680
J1641vnYeixCqWuBvTf9UfL2ZWgZozYfaVorHHX3pump,TSLvdd1pWpHVjahSpsvCXUbgwsL3JAcvokwaKt1eokM,False,781
J1DaLELkWxug3LNSb5sWAZQHPNis1yp5PHmz75bTpump,,False,24590
J1JsNoJ4VBT9pTjiCPJKnhpE3orZd4TvdzngiJonpump,BgjmCMmpwwnf2frTzmf6JzNL9d8oHu4omTrmGuY8MSHZ,False,24601
J1NKqZrXXpjanbKgyr6Lp8iUYt34bHzUkgPY99mppump,sv2DSNJESgM93sDVaF8VPnhy857i2WWzBttWFFGbahW,False,24601
J1RKxbpFA8LG79eBZAFVvnjbX8deLWs4GQ27qsbppump,TSLvdd1pWpHVjahSpsvCXUbgwsL3JAcvokwaKt1eokM,False,1109
J1Wpmugrooj1yMyQKrdZ2vwRXG5rhfx3vTnYE39gpump,,False,1
J1bQ76oT3bxpFUn6Tg7rFxvfLb6u9cof43W6XpxYpump,TSLvdd1pWpHVjahSpsvCXUbgwsL3JAcvokwaKt1eokM,False,1287
J1mz4CzMTMEZK6Rekxenyf323jzZQC6RnQbaTZaNpump,TSLvdd1pWpHVjahSpsvCXUbgwsL3JAcvokwaKt1eokM,False,1148
J1ow1c3ExcJYQmgNFRPfCp1LMYRf6P3A33isDcBmpump,TSLvdd1pWpHVjahSpsvCXUbgwsL3JAcvokwaKt1eokM,False,1
J1pMBvUyeKtpGLfxNsFgetsJTP6fVinFgDYMz94zpump,28uqYgEuei73CwdHNhqPkjnX6eu24R5vBTVpSAwFreiv,False,837
J1zDKcpUv3ZkkWfsQEkfBNnQcixHrfGMuoM5Bc3jpump,,False,1076
J2Biy4Du88wdbECkpiU8S4xsgZ24kUUbd6AX3rKVpump,,False,1265
J2P9AriuYGTDSuaLypXExnGa3ptZZm6W9AvUZmEdpump,TSLvdd1pWpHVjahSpsvCXUbgwsL3JAcvokwaKt1eokM,False,24601
J2SGgapQgDoedrJiFbB1jgqW5dn6iaMci7TMwnSDpump,,False,280
J2XzFTMW4Pk72ktR3EScp6tjK27vE7oXuEzgykLdpump,TSLvdd1pWpHVjahSpsvCXUbgwsL3JAcvokwaKt1eokM,False,1
J2ebYZEuoVMAMXCBBVEiZCEqEFTDmph9kPVsEEuhpump,J2c3ycGcFibHc8UfyLUBHR4kh29tj2f8r4JzwM9HYiLK,False,1
J2fJnxvmM4TmFJUW16gQdg5sbPeiwAV3KAhbNnvkpump,TSLvdd1pWpHVjahSpsvCXUbgwsL3JAcvokwaKt1eokM,False,994
J2fvDMkVhyX6WK8JicLG1RnKqA4y5AjLWLiHdEUnpump,,False,24601
J2iTarJXDmci4kfA8ag28sYv7UiDQRwcdqmrD84Mpump,,False,1135
J2m5CMjWZZPSUqh6Fxrmv15GnVt1HzF2CptwJ1Pvpump,TSLvdd1pWpHVjahSpsvCXUbgwsL3JAcvokwaKt1eokM,False,667
J2p7FPicsRCi6bbZXNRbVswoBnjkwc5boBk3bLxDpump,CpzWHUVaoieE3nHbKWYzN5UQKu6WsvM4wDSDvxc73pcS,False,36073
J2pE8dA9wvU21x48MyWSg6YUieJqD1mVoq9pun99pump,TSLvdd1pWpHVjahSpsvCXUbgwsL3JAcvokwaKt1eokM,False,1309
J2pWpjbnVWgC4n1eDBYE72qgJeKGj2jsaiP9MPb1pump,TSLvdd1pWpHVjahSpsvCXUbgwsL3JAcvokwaKt1eokM,False,25099
J2zf61mQdUTaS5NEacMjJCqBQmiWjepC9fiAPN9upump,,False,895
J3FKcAr8cUBMcbAL2ZiXfj1DipPVowZiM9z8EBBNpump,GWTiwjnkjeGP2vLQCjDy3YTZDPwR4bbzMp2h7hDSvpVc,False,24601
J3PtRrtFD55vnY3MgAUbx8rKYtSKfYa28aDh3Q5Bpump,TSLvdd1pWpHVjahSpsvCXUbgwsL3JAcvokwaKt1eokM,False,1273
J3VhxNgkv4MNrbWSyoa2woy2TMToiFcusR8ZyHDNpump,TSLvdd1pWpHVjahSpsvCXUbgwsL3JAcvokwaKt1eokM,False,1
J3YaSn6i2My995og7m14PJoFhctYGSHBLPzbyiTppump,8gM4gnxdLdkvifM9TCwkGAxrnNw4NiSiHbAdE1RqY96e,False,2001
J3eoMzKBLyCsknt3fz1QBAFCW6nmVpB4rG39E6p6pump,TSLvdd1pWpHVjahSpsvCXUbgwsL3JAcvokwaKt1eokM,False,1
J3qNjffDhh8vHWdjM56JtbotcQjxjTAGRDSNsKwPpump,TSLvdd1pWpHVjahSpsvCXUbgwsL3JAcvokwaKt1eokM,False,953
J3qbNegEGrURs8bK92c9rJDcvuVd2egVadYcHQFnpump,TSLvdd1pWpHVjahSpsvCXUbgwsL3JAcvokwaKt1eokM,False,264
J3uHWF2FFsWrMAfF7JSzeViqhXTVNq8aKE1xdKrupump,,False,715
J3vWopFfAKuMPoicUgqmFpzQoTyM4Was9CuGa8sApump,TSLvdd1pWpHVjahSpsvCXUbgwsL3JAcvokwaKt1eokM,False,1
J42kGeqpzwApcW4dnCfibF6Q9JyeByCQ3FEqu2Bopump,Fbtbcf38t8zyBUS4oofzW9GzEJq9CQygZjQ2a4uYYUtH,False,1
J44jCQz2ZkQxBMRoeAPL3fu83VKYHdnsSWHSNRKZpump,CV9c9RvEFwxGBJzagWzHucYqdqSLre3j1Y3ws1W7tzfG,False,1
J4MxeX9Wt87jpJKcDhr64B8gsdcQHpXezEwqzt1Kpump,TSLvdd1pWpHVjahSpsvCXUbgwsL3JAcvokwaKt1eokM,False,173
J4kisnm6yA9gHXhyCmmoFEV8C4eTnHDKBC4Tcd6upump,TSLvdd1pWpHVjahSpsvCXUbgwsL3JAcvokwaKt1eokM,False,534
J4rDnYFsgvv5vo3PcVEBpMFPgu4uGLpvLzk3xvv9pump,TSLvdd1pWpHVjahSpsvCXUbgwsL3JAcvokwaKt1eokM,False,1
J57SryZGyYt3qhsa3s9HAJCfHH8h3KGtFyYbVUhPpump,TSLvdd1pWpHVjahSpsvCXUbgwsL3JAcvokwaKt1eokM,False,1
J5DSHRKa6rbdjkXt5kCb9tE86mSbJb9KnwXGPHGHpump,B66muiyP8nHQvzRBeX27uHxMoZ8eoNSdadNRBjHyS2r6,False,1
J5Dd6PbopYkNSxrsUMV1Lqa7Jk6RQkQTwPYg1VN4pump,4LXuAPTnnbhByRQGPiAGKPVh5bcgCXhhDeUJwJJU2BhZ,False,2001
J5J6t9fvtA5eteMtMWLom8HzN62GxMrHELqZXBN2pump,TSLvdd1pWpHVjahSpsvCXUbgwsL3JAcvokwaKt1eokM,False,817
J5QivhvugVzAmaTRwamLfSfizax54cwU11fkB3JLpump,TSLvdd1pWpHVjahSpsvCXUbgwsL3JAcvokwaKt1eokM,False,1526
J5rHNp3ELo5z9pj96ZPeVhmaXCo5jn2nNnGNBDhPpump,TSLvdd1pWpHVjahSpsvCXUbgwsL3JAcvokwaKt1eokM,False,1
J5tXLKfpQtGwtpkUfgghmtvfMbcAairCXR8KuDhipump,TSLvdd1pWpHVjahSpsvCXUbgwsL3JAcvokwaKt1eokM,False,64
J5uwRS2MQ4Gkz4EzES3toKGCUvguWjZVZzBQdRt8pump,TSLvdd1pWpHVjahSpsvCXUbgwsL3JAcvokwaKt1eokM,False,24601
J5wMCab9sYGqEP9RphwwMMtnJX6KgWMYwGpHtoispump,TSLvdd1pWpHVjahSpsvCXUbgwsL3JAcvokwaKt1eokM,False,1006
J5yAUPAHFd2u96c7zyT4b91wFVB9GDx4XcVYgQB2pump,TSLvdd1pWpHVjahSpsvCXUbgwsL3JAcvokwaKt1eokM,False,1198
J6DT34NMW8U5q3NWHNRGbGNG3SqPJbrdpWtFtPzxpump,2ctAmPswH4ZuHJ17tTBev5g8uXwPgvkD2hqzdToAQsFV,False,1
J6RkWkwYKN9YuURHJZXPMR7rAr4ErZzry1zYgXcPpump,TSLvdd1pWpHVjahSpsvCXUbgwsL3JAcvokwaKt1eokM,False,24600
J6YpLrVuE2AAe3zsrPrBUhFD64sypP74JVFTrBeVpump,TSLvdd1pWpHVjahSpsvCXUbgwsL3JAcvokwaKt1eokM,False,1311
J77QFCMjAwsZkrzFeES3YVVD4bmWHqfxjcyz8ttKpump,8TpmXqTXrZSRtsV3AHyVaF9x4jVy2xMnbmqnm5s8UEin,False,24601
J79CyDc2D4eCvi4tf2HcmnSUgCqyMmPsNy5CRncFpump,TSLvdd1pWpHVjahSpsvCXUbgwsL3JAcvokwaKt1eokM,False,532
J7Cf3uxG8nW76VfUiRrRkM1oy3Adm4obtpM7hd6opump,TSLvdd1pWpHVjahSpsvCXUbgwsL3JAcvokwaKt1eokM,False,365
J7MWia5fP9Rf8UmGAWSnwMMdriphXtyBjBBeKS1epump,TSLvdd1pWpHVjahSpsvCXUbgwsL3JAcvokwaKt1eokM,False,1021
J7QoEcvcpieuDcuqrA9GZjunGQ3ofkGx4MzgyPmrpump,TSLvdd1pWpHVjahSpsvCXUbgwsL3JAcvokwaKt1eokM,False,1
J7YSNJde7u8t5nnGc3UAP37JFrocFUFbnmWRdzkupump,DTcCgoKfenrFGAT2ZYyGnn7TJWYWmQtsHPFTtThwh473,False,3083
J7pN6A1f4cFFXQkqDuEP5k1hds5ej1E3aMPt6NCWpump,TSLvdd1pWpHVjahSpsvCXUbgwsL3JAcvokwaKt1eokM,False,14500
J7sc2CqVTNNfcDqY6WeoFHRiPBaxmre62xiLJ1Z3pump,FVNvh9sxt5Tmd6hN8E8gankc9E1raQ9BxqVnsuzEaP1W,False,1
J8KoJi7LFNdJiGt8qavfpu2R5jXfiZxeKukhHGXgpump,,False,832
J8LVXTpQtnPjUSvyEudWHbBL9sYnYCafHKuLM6Kspump,7DS3nwrzCTWPYUGDSTUCczcvoHUhCCeYrj3Q2LtrrFWF,False,1
J8MHihgisKAZhynAnqdLcP452MZnHwB6cHRcsha7pump,TSLvdd1pWpHVjahSpsvCXUbgwsL3JAcvokwaKt1eokM,False,969
J8iUcGQgi6Rc1Uu2mM8NZx3XT9UwYhS3FHW7u2FRpump,TSLvdd1pWpHVjahSpsvCXUbgwsL3JAcvokwaKt1eokM,False,1020
J8kV5QgJ7twqqKGRmCph8NMLdC5dWrtXpaMQZZQPpump,TSLvdd1pWpHVjahSpsvCXUbgwsL3JAcvokwaKt1eokM,False,24601
J8koYvyddHGnjw4W5Xk1vnZxmKdtUeVJup7ghhzVpump,,False,1
J8xQyfH2pG7jQod18a1KsAqXGmBWtn3VmGMEuGqCpump,TSLvdd1pWpHVjahSpsvCXUbgwsL3JAcvokwaKt1eokM,False,1
J9GLzdsbLDQRmrCjYFEymBJtDwqsMuCYXHr3Unv7pump,TSLvdd1pWpHVjahSpsvCXUbgwsL3JAcvokwaKt1eokM,False,996
J9NjNX5Y2mH8uaEa1JLgGGcfoGjZavcnvw8bQGidpump,TSLvdd1pWpHVjahSpsvCXUbgwsL3JAcvokwaKt1eokM,False,1
J9P9zNwnCB7FKY71zxjFrM5vshYGXP6UU8FHxJCGpump,35eQonfgcHEX43YcoR2RkNM7EDwuftpHVZ4b2cbZicQ4,False,9651
J9RY5NrR3i6jxJctdy955Dc4tjCF5PHyh7BQZb6Cpump,TSLvdd1pWpHVjahSpsvCXUbgwsL3JAcvokwaKt1eokM,False,448
J9V1Dw6eUvzUE27TnJJx3KsUfhFvJG3bZNzS5f4epump,TSLvdd1pWpHVjahSpsvCXUbgwsL3JAcvokwaKt1eokM,False,2441
J9e1QSP5EVLD9HsaV1hSDkuCwuVbzepuQULviTXFpump,Br9oW5M25JzTgpVa2CGpTtvU2k75iLdMHFpuzYVYvDER,False,24601
J9qBLdnzeQk9xFsrBujqWmQtP7wK7jPZbR42UEvMpump,HCSYvDRMb1azWd5LZGKVQgocAyBsaHZ66hiGdaSHGRjW,False,24601
J9vY586trX1sPZD53Uhs7ynPs58j3DuZaVKA8XTXpump,4gt8tTnGupzYaM9KNjs3idSfzCxntsH1C3HKw38YEoBk,False,24601
J9zjM2nn4DBYpFy3qrReaUzY66g4EFMwLa61YSGCpump,TSLvdd1pWpHVjahSpsvCXUbgwsL3JAcvokwaKt1eokM,False,1
JA3Ud3YU86qXP7U7a49PArDKXhK28eAfSopp2Sz3pump,7JtmTbZWgRfHPHmmELGdXMqh843vdF8CChzimvVCzAC5,False,902
JA6BUiR8WReXD7oF3GKBNRbhGXzY4ipcanX7GW3ypump,9APow868ncxUVT6kVVKudUwNgHhodkG9FFZjGHxuBXUV,False,33201
JAC8fo5b2dim3V21RAwjxfJzmU9KVkDGgt9tY9xGpump,TSLvdd1pWpHVjahSpsvCXUbgwsL3JAcvokwaKt1eokM,False,363
JANLJd9fM3BJJR1hiEKiV4our37GHZqE7izmKDDMpump,TSLvdd1pWpHVjahSpsvCXUbgwsL3JAcvokwaKt1eokM,False,1
JAVqtw83AskRh5EC5HDCew8hFbakLrbYSmqgdqvUpump,TSLvdd1pWpHVjahSpsvCXUbgwsL3JAcvokwaKt1eokM,False,1
JAZJ31A9FrJzWBsWRXgofocE7fV1Emk3zYdtPEoNpump,6X87BriyVaDuVL6HVpwxUZpAyqRb9fdQUKGQfoSY4b76,False,1
JAcm8o2RbSrd948ZsgApyodiufmhfHG5iFV5bGwYpump,GQ26cBDdYfTVyvwFAex9CbkTPezAqfeGz2JmxCpPuBqs,False,1
JAeExEshxocWW2ifoC54Dkj337ebFvUNC2d18WSopump,TSLvdd1pWpHVjahSpsvCXUbgwsL3JAcvokwaKt1eokM,False,984
JAem7azn9B6ddpgSTYM2GvMSyRfDqKvayYjgUsULpump,7EjcoUdsNQV3CqFUVXHuhc7hYSXjAfn3ZTawAZJ2USRY,False,1
JAiNQcrQZzVTsyShGLHvTGneQfhVYFDVc86XR7Mzpump,TSLvdd1pWpHVjahSpsvCXUbgwsL3JAcvokwaKt1eokM,False,1083
JAwSmRGpMsT7USzHh5e9hMkFE6sFyXEzUwgHRsRBpump,TSLvdd1pWpHVjahSpsvCXUbgwsL3JAcvokwaKt1eokM,False,1
JB2wezZLdzWfnaCfHxLg193RS3Rh51ThiXxEDWQDpump,TSLvdd1pWpHVjahSpsvCXUbgwsL3JAcvokwaKt1eokM,False,1
JBSVUpKgYNHt4GLtNebQxTJmZgftTMWENQrziHtGpump,TSLvdd1pWpHVjahSpsvCXUbgwsL3JAcvokwaKt1eokM,False,1
JBX47jAqUqoXT9wCKJAb3hyG14CmGHyHG7VrcAYopump,3rNyAxSj9BzFLSqza51wRZczsSqCxFr2ASDVfKqxYdS9,False,24599
JBX5jNRoPM5qDyyE25EXDo8QyXJ4XYZtSys3Jdx6pump,TSLvdd1pWpHVjahSpsvCXUbgwsL3JAcvokwaKt1eokM,False,271
JBvasBMWmrS8LPEgLYZfWG1ZDu7bBXNqADMpHA2zpump,TSLvdd1pWpHVjahSpsvCXUbgwsL3JAcvokwaKt1eokM,False,294
JBxJtmLhadopDRgJFSKfQ5wjYLMzRry79tsX574Rpump,TSLvdd1pWpHVjahSpsvCXUbgwsL3JAcvokwaKt1eokM,False,1157
JBxKKnAa3BPwNMwjCVXdsCWhCbGFN1VLV2C5agfZpump,TSLvdd1pWpHVjahSpsvCXUbgwsL3JAcvokwaKt1eokM,False,928
JByzAidDNKxx2Z257uMge17AomzRuHP7U4EK52Vfpump,TSLvdd1pWpHVjahSpsvCXUbgwsL3JAcvokwaKt1eokM,False,583
JC1WWYCZEppkGt74p9rkYhQc8Tt1BJLcpssWYUEQpump,TSLvdd1pWpHVjahSpsvCXUbgwsL3JAcvokwaKt1eokM,False,59
JC4D8FAE2r8GBHpAvi9Gsgrik6jTfQ7hfZRQaKBqpump,,False,1167
JC5YouJvvAd3ox5f2yMqvBVUHYJ78ocsJy4karApump,6AoTLBZHYpSEpJR7QZcVvg6UdCN9RboJiMfBjRHpqvCd,False,24601
JCSQqPfYTScPBHg21sLWbG4zQUSoHTtHT56HHegXpump,TSLvdd1pWpHVjahSpsvCXUbgwsL3JAcvokwaKt1eokM,False,388
JCTR9LNpRbhBjdFMeiZmnybkADsAE29ybPVaeQJCpump,TSLvdd1pWpHVjahSpsvCXUbgwsL3JAcvokwaKt1eokM,False,967
JCamTWqaWz2Y4DhJ3JTNGRSqwr82684WrGhHLUzHpump,,False,1
JCbL7zcMoW2kSscSM8qwapRy7ASrExwV6KnxsPdopump,TSLvdd1pWpHVjahSpsvCXUbgwsL3JAcvokwaKt1eokM,False,1092
JCe5mxZigWFywQaQrWuHeVuaSdqPs1ebkyDs829Lpump,TSLvdd1pWpHVjahSpsvCXUbgwsL3JAcvokwaKt1eokM,False,24515
JCizAnRgnLcZjF65u8ww6myvL8n6mnfXsHFDaYeupump,TSLvdd1pWpHVjahSpsvCXUbgwsL3JAcvokwaKt1eokM,False,24479
JCjzKNSyMFBaSEqEJx4Y5d1aTWJVPD3ETyKexdFapump,TSLvdd1pWpHVjahSpsvCXUbgwsL3JAcvokwaKt1eokM,False,1
JCmiuEvazeTRhmL57NjjFedQYbQLYeRDDua9dSohpump,TSLvdd1pWpHVjahSpsvCXUbgwsL3JAcvokwaKt1eokM,False,1
JCuYnjhoKHdHNgaQJ2xqANxj5Fndte2MhgvR411npump,TSLvdd1pWpHVjahSpsvCXUbgwsL3JAcvokwaKt1eokM,False,382
JCvoYMKAUvuojnExPCWsCK5KgjnTxw6gqmn7EmwHpump,TSLvdd1pWpHVjahSpsvCXUbgwsL3JAcvokwaKt1eokM,False,1
JCzepcyxMrXF4vJp7PBJPNWns8DRWA8Fm5LR3Dsypump,36x3ZA4aK7ddDXgW8Z2UB63rrZ4nwyNKjCiFfEQY5qzB,False,24601
JD7w2RzHH3qM47DfwPgmE4PWsAQoPDkTTyZyYaLhpump,TSLvdd1pWpHVjahSpsvCXUbgwsL3JAcvokwaKt1eokM,False,1119
JDEa9GDCxTH41mCMSw8wuqSyp2gPys6EMY6qUjTWpump,TSLvdd1pWpHVjahSpsvCXUbgwsL3JAcvokwaKt1eokM,False,832
JDHjLTiVhd5acX8dJFJHWtbcyNoNxCn5ASTBRf9hpump,82Lo1AXGAFdMC29BdhZTJgq1nZ5j9PQpR9xRBXukLzZa,False,24600
JDMyamgzRPn89pnSpaCEFNSH4XACRjaJAJnZMZMbpump,TSLvdd1pWpHVjahSpsvCXUbgwsL3JAcvokwaKt1eokM,False,1116
JDNkknsAWxqRDGC4sT21iPe4Lv8DhmPZegFWXCvipump,TSLvdd1pWpHVjahSpsvCXUbgwsL3JAcvokwaKt1eokM,False,1165
JDgWswMJq4WmQipseGPvb7am7CdP9VEPCzvaQUekpump,9raR3SmUmwy5my52eqJup8q7MnfunWQAakUEka17RyQF,False,24601
JDt3pTWMzjvCMGPjwiqBCRnWgb8QhFjvJ6ryuk8Jpump,BkUBnkZCJ1c3hD4hggKJYWdyuWQhUJ52MwVuhABdsaJc,False,24600
JDyXs3GcbJ13Cy4r7ateV6VLL6gvnthwuEj6MKEdpump,TSLvdd1pWpHVjahSpsvCXUbgwsL3JAcvokwaKt1eokM,False,1
JE9eVLopsLk3mCVj9hr76HFTcKSeeDLnZfKfY85Npump,DtDrXSF4A1iTaYPVtKia6pVtKzDjS4RtvKJnvQZ1nqps,False,24601
JEAa68R1amaeCeM4vWbJv29FGaCUWBp3mYGY1sQRpump,pe1ywLExQR2L6wSM9bfJjpYDAkYZsKTv3jmyzry4gWE,False,1
JEHYnb3BcTHT62iJhNobMgJfuGr4LCdpUz5nMQsNpump,TSLvdd1pWpHVjahSpsvCXUbgwsL3JAcvokwaKt1eokM,False,548
JEUQsPRo5qZLVS8eZoJWZNA6d2wZ5UASCCktYohpump,TSLvdd1pWpHVjahSpsvCXUbgwsL3JAcvokwaKt1eokM,False,358
JKRsSWiwTsQJNQzFJgxYzWjoEEYKUTLV2krChZkpump,Gzg1GPPppZgxMYs4w8dnz8wpCa7PBnDWc8M8zqyGjSLz,False,24600
JPKWSoVowF8JZNL8zyMpJS9sxwHG6jPg48BiGK1pump,TSLvdd1pWpHVjahSpsvCXUbgwsL3JAcvokwaKt1eokM,False,1151
JS1HTA6E1UQj2maz8Gfk5tBycukT7KdEwY64XgEpump,TSLvdd1pWpHVjahSpsvCXUbgwsL3JAcvokwaKt1eokM,False,24601
JXL9547qPmBhutuVcFWownV6opuAkgxutvc6KCfpump,TSLvdd1pWpHVjahSpsvCXUbgwsL3JAcvokwaKt1eokM,False,487
JsKpSWEugzuFdgmFZrJia4XL2dSacZxgXbSHZzgpump,8jdAy26dSB1LYrktfwmcNqhDyMWcJJqkoNv3hDuEJfrb,False,1
JtFMGVJDET462z9LAUgyWq6Bh5kYBQuY9UiR5hbpump,26Wkzr3XDkRBMBsWVb7VVPmFqUwXKyLMBpU6WizHuouL,False,24600
Jtcj9U2BGmUx6o2kjVZrcHY4ope6BzqpDmy5NQ3pump,AyYhMvm2EbmhEESesLiHGyGAd3vhpnA2GGGYB1JLFHR2,False,24601
KBFs8Zb1V1tT9x7Ba3AWQo8jSNyL6GLuXjBx6kHpump,TSLvdd1pWpHVjahSpsvCXUbgwsL3JAcvokwaKt1eokM,False,883
KE6P33RZj3BCYvWxzSefPz7xcP76tpcCtZz14e2pump,TSLvdd1pWpHVjahSpsvCXUbgwsL3JAcvokwaKt1eokM,False,1160
KMnDBXcPXoz6oMJW5XG4tXdwSWpmWEP2RQM1Uujpump,TSLvdd1pWpHVjahSpsvCXUbgwsL3JAcvokwaKt1eokM,False,1
KZH9YLoNSAsdGN9LS7jU6teQgVgiywFHH15XNsvpump,,False,24601
Kc4mmnnEdBbu4ydoDicsXK3qGgdYkwyjR2DXWrSpump,TSLvdd1pWpHVjahSpsvCXUbgwsL3JAcvokwaKt1eokM,False,342
KkqCJwRvyoGmMQ93p8U4Kr6t9NTXWr1PehFYFzPpump,TSLvdd1pWpHVjahSpsvCXUbgwsL3JAcvokwaKt1eokM,False,1
Kn2gWpQxnPPkUiEQy2nY23XPEnCqeD6cbTVkug2pump,FUwBg3eSSbar7yUChNSoLyyZpDFPJm8p5nCvSCsz1mjj,False,1
KsJH5QeHpCCBeSEtzdBiu8jYDFgrhUVRcNHkfoLpump,49GwghaZxX68pcQyMS4uC9Rjb2jNRDnDXw9UFBsekL57,False,2010
KzCqgKiBxWNwpvYKmc4KrWL1sabV8VWdGVdBfrypump,TSLvdd1pWpHVjahSpsvCXUbgwsL3JAcvokwaKt1eokM,False,24601
LE2EMjWYxarrCh6RREMntsbYPEJC8CfZMMAJcxcpump,,False,385
LRVGmtrte3wt3jpzGUzBbUZWeyDd3UmoNeVs9oEpump,BQ1o9WFL2PJxemwN3NoVqMEqCtgQ2yp2VcMg6Uafp4g7,False,24601
LVCQ1YmeK6DECKqcwmscyDRxUYJpiGth9ppGKtopump,TSLvdd1pWpHVjahSpsvCXUbgwsL3JAcvokwaKt1eokM,False,1
LVohyHQ8Yb57JUNi2yDQzxHPea8HNZJjaEy6dt1pump,TSLvdd1pWpHVjahSpsvCXUbgwsL3JAcvokwaKt1eokM,False,1345
LX2mJPsutHkUc6iXNFgumSC6LVKyc66xpy2zDTZpump,TSLvdd1pWpHVjahSpsvCXUbgwsL3JAcvokwaKt1eokM,False,501
LZ1kBxMEtGiwfv3u1YFvkgHibcndUXQ74Tagq6cpump,TSLvdd1pWpHVjahSpsvCXUbgwsL3JAcvokwaKt1eokM,False,1
LfyfjXyzLjshc4JMYeXp24dLDrk4b9VMnxj4ATypump,TSLvdd1pWpHVjahSpsvCXUbgwsL3JAcvokwaKt1eokM,False,462
LhHnRC97iFdayH7Ww2rGLwTvtZq3wgrChuravMbpump,TSLvdd1pWpHVjahSpsvCXUbgwsL3JAcvokwaKt1eokM,False,1
LhrxhfhLVnwounwzNT6WcLYKhGV5Eq2P2qJ5dWUpump,TSLvdd1pWpHVjahSpsvCXUbgwsL3JAcvokwaKt1eokM,False,1032
LmbYUbe7pAiWEikAsAgwudsnNfUMZvaGUVGTjMMpump,2JhMkHqem9Bh2SEwgxCzpUu2YmyCZgFYXRkpCfhaTAwT,False,24600
Lx78QK2GnaGSPxXvu4CKLa3uueZXpXs1kmJuw8Gpump,2zixnRLHtKFxmBsoAeNZESM2UnCcHuqPdG6NDSgRRQ5i,False,31002
Lx9aDjiBjNmzmnCXVmQERpNEY63b4hivwMqD6qTpump,9692JFYaRV9auFLwPc5GTVDh7XotXdbR5Vp32CFfM8D7,False,24052
LyQ69FqnnyzxLCWRSCPKxnudP12S8PmjdT87BBTpump,GedtAaSs7AttPCzCwUFmUm6jaT9Qn891RZywRhgsaqTm,False,2001
LzgtUEUEfSFSycua5BAsooY3iwKLR2cfzVd7oVLpump,ExCVT9dJ1Ex5V3zHG4ZZ82vqVkCyxFKMwKESH4VX1Du4,False,1
M3Gac5vej8B4Fzuama5FJ1iGafvgKFj9DzQvkyVpump,TSLvdd1pWpHVjahSpsvCXUbgwsL3JAcvokwaKt1eokM,False,434
M7cu6qCfkoEBGr3NkgFVhmcMxYrFkRxo9WuVc5Epump,8DMhb3jKSRDazfQukQfNHx8zYPri659EK54akQzvf76U,False,3100
M8vL33WbwGPp1ci3X9U9dYzqLV4sUaVDnhVjzYJpump,5Th1hFGDs4AzkFY3sSDawLNBrEQ1aqo4MEGF7S8Xxm4i,False,2003
MBfZmX3dCVK2HhVGXiEGfHZFtcCsdS5DuV9TdFhpump,2sgykdyQ3R1uCRUzwxwf9mR62khiLiQDoU9aretX6chx,False,24601
MKdw3MKL5Vdo48Ybfcbt9KR7kDCfkkXhcmmhJHNpump,TSLvdd1pWpHVjahSpsvCXUbgwsL3JAcvokwaKt1eokM,False,1103
MMq7scGxf2oAKgSQwFhzxgD35LSc8d2EPCE8H7upump,TSLvdd1pWpHVjahSpsvCXUbgwsL3JAcvokwaKt1eokM,False,916
MQ6gH8AEeAJHLiJeW11g1AAKxaaMJGbbCDEKZBWpump,TSLvdd1pWpHVjahSpsvCXUbgwsL3JAcvokwaKt1eokM,False,908
MRyALEUxn86kH5BqMXkpyTWFTPNviqj45hvm7b1pump,HcLFNNTDrGotbHAojPJ5q288BbXKFihWxdPNfiRA1K1i,False,1343
MSZHXbgW7jdb9TdTXbLT3KhZcR7jPGv6xmkrWXYpump,TSLvdd1pWpHVjahSpsvCXUbgwsL3JAcvokwaKt1eokM,False,35965
MURWJpF9hunDnaqrwY1hKXL5sNjgaoyYyuqfgrspump,2FUWg8sEkcuhy63gAc7QxDhrZBwMv19NKq2Duczx51Wa,False,1
MWEutzuMmma3DrujJZzGFPysJGZpGe88e6WMkC2pump,,False,903
MZbVGZ4vt9rKtcJwZJax9F4NffXWkr6esAo6qj5pump,Fv1zzu6NBNKzKDdsyAjgsjWVtFi4wwxzBjfpVhQFRG5F,False,1
MaaaPuxbm6oe9DnCt3HrHPyc3oxe4GLBHhXUCT5pump,2bRoascfGCKkRnyZLmzJh7cKpiD45zyEzUmg9XPZzueC,False,819
MeUheYf7MxjE88XEK8yUMhJMEciNEPikRtWW5Xhpump,8gM4gnxdLdkvifM9TCwkGAxrnNw4NiSiHbAdE1RqY96e,False,1
Mkinsw832yk4NVj2WahEXHznFgVAsoasgLze2QYpump,TSLvdd1pWpHVjahSpsvCXUbgwsL3JAcvokwaKt1eokM,False,1
MoahWnsQPFtQUxmfkMuHYvPGLSFaZtNtH7gdynBpump,TSLvdd1pWpHVjahSpsvCXUbgwsL3JAcvokwaKt1eokM,False,882
N2faGE8j6vn2cJevgmw4XfPeVpGvtw4iPUghLvPpump,TSLvdd1pWpHVjahSpsvCXUbgwsL3JAcvokwaKt1eokM,False,1
N2jAJu9ymjNwvKuSWJ4EvmS94MsxkNGL64g2xPPpump,TSLvdd1pWpHVjahSpsvCXUbgwsL3JAcvokwaKt1eokM,False,2001
NCNwMrmRcJvD7BpsZmF3XRmJqgc6qpwf7MCindspump,TSLvdd1pWpHVjahSpsvCXUbgwsL3JAcvokwaKt1eokM,False,3501
NhBkEq6VCY8YETDpz3kriHUWw8fSgFs5jFwfKzYpump,H7zszXRzFAhUGzRWA5QJgxztHh3JbjNhq6wGbrMV6aHm,False,29308
NhRGXB5a2PYQpfHdS2vz27ZkXLP8vsuMceyNGLApump,GW8XSe6bp8MGtFbjtkMyoo6iFpqVMwxuWL3cAm8xgJAV,False,22937
NmpfpJ7s7UBA4dLbrHVe8utkZqGjCEf2w552uZ5pump,TSLvdd1pWpHVjahSpsvCXUbgwsL3JAcvokwaKt1eokM,False,232
NpPeUGXDTaN4WMD8MPKj15QJyALP4m5ZyqMw5sypump,TSLvdd1pWpHVjahSpsvCXUbgwsL3JAcvokwaKt1eokM,False,1026
Nt1Ge7ek3HzUHdXJQYbg9jYkRbkJGH68R1cRL8Ppump,TSLvdd1pWpHVjahSpsvCXUbgwsL3JAcvokwaKt1eokM,False,863
NtNVdb5sG3WrVx2vHsgyjGeCcsSaSNS1XjB7HfBpump,4Lpjru5QRLDu5q4BCwCEQCfYsAvZFmaH9G4YHF5ZqEZh,False,24376
NuPMmFznCkLBtcgwYDUzyFPPoVpchwTHmDnt9Urpump,TSLvdd1pWpHVjahSpsvCXUbgwsL3JAcvokwaKt1eokM,False,1330
P5wLU6FA6y9QpKbfCoFSnYyMJsvDXQnj9cQtWG5pump,DFhsNYDWQpiF91g1vk9MZvBWARRiSC5RTsDBBN9ZN3cw,False,196
P8HVX2WsFdX1ASaC1F99rzYkDKBpJFJt9E4xxPZpump,9JyuijJTMLzkXTXnhm2SwnQ4aLRs4nXhz3VKJ6rskxfK,False,54950
P8mq9UTZyQjz1SPCqXQ9yaFubDenUMGWan4jLYxpump,TSLvdd1pWpHVjahSpsvCXUbgwsL3JAcvokwaKt1eokM,False,70
P9ZFce5E1L4U5aRYLLxqBXorFqZeTJDGerdG3bWpump,BfAgS1vsK2Wja56zxcBrMMdn6sFgTnMmZu3wi4XwiAt3,False,24601
P9anJD1xV2w5vAYeDjLtJKVBtV5pfnUqkbYudygpump,AU6pq3BBgPt3G7yyd389XhXuZY5i4csKQX1M9xeEYuF6,False,1
PD11M8MB8qQUAiWzyEK4JwfS8rt7Set6av6a5JYpump,TSLvdd1pWpHVjahSpsvCXUbgwsL3JAcvokwaKt1eokM,False,1
PGh8LKHY3YtZbZwoJhNTejxzvA8PDG5pUbZ2azVpump,TSLvdd1pWpHVjahSpsvCXUbgwsL3JAcvokwaKt1eokM,False,795
PJ77dB7RsntCuvw89ZJxx2XTWByiDQq5XRmRhYFpump,TSLvdd1pWpHVjahSpsvCXUbgwsL3JAcvokwaKt1eokM,False,353
PKhr75BedL3CZsBa8YVeh9F4Qtdu1DoMhPBdTUypump,8wG6ddTDZ39f2QZP4NXwRmR895T6awuadJPmqdcVtPZz,False,28000
PQSZTMsagcMjcrTfX69mJxbwZWXyj2KdhCJpawypump,TSLvdd1pWpHVjahSpsvCXUbgwsL3JAcvokwaKt1eokM,False,924
PToSxxxWXKQFy21Qg8P71fnCPPpauFJME3qPBpZpump,TSLvdd1pWpHVjahSpsvCXUbgwsL3JAcvokwaKt1eokM,False,1272
PV9JpX7XgnNYYZVHNEt3g3SQ8oeBE2n8J1KTDVspump,8wG6ddTDZ39f2QZP4NXwRmR895T6awuadJPmqdcVtPZz,False,28000
PeSuezqPQbB5k8F4Ew2hWoSjZxf1qKdEbri35s1pump,TSLvdd1pWpHVjahSpsvCXUbgwsL3JAcvokwaKt1eokM,False,1
PkGtNQ1WtLj3sYYDcg9GtPCzoQtyvF6gaND9SyApump,TSLvdd1pWpHVjahSpsvCXUbgwsL3JAcvokwaKt1eokM,False,1282
PpDoHFEp3XgXbheNsRjKjMnFX5jQdyJxedbR43Tpump,TSLvdd1pWpHVjahSpsvCXUbgwsL3JAcvokwaKt1eokM,False,1
PrsARm8CKbv5osQ33absu47rEnpfYUyBaUckbD7pump,TSLvdd1pWpHVjahSpsvCXUbgwsL3JAcvokwaKt1eokM,False,204
Pt6GNHSYEAZ72acBEq5JPY35DzU1i3A2u7o3iqopump,GziHQMKbR2DR1E8P4i8QKJKycPQ5BFE6Dc5nWRqC7jmA,False,29183
PtcK5r6WeFKbjtccbU1fgHu2wWqqBuu9PC4Qnaspump,,False,881
QBdmoN61mM1VSFCahoTWLRLrWww4jbJkQs2DTmwpump,TSLvdd1pWpHVjahSpsvCXUbgwsL3JAcvokwaKt1eokM,False,24599
QPe2dxbsedq8UU238Jzh87CkdTdDwWe1acSpm8ipump,TSLvdd1pWpHVjahSpsvCXUbgwsL3JAcvokwaKt1eokM,False,1229
QTvCs9ejsz6kue2xqd7eTfjK4kosAM1Dr3VvLYXpump,Dw3HKYihEPXMWHzvhixABez9Sqws1dGg4ZYWLt9aGKHW,False,3100
QVUoNsBPfLdx8YU7N9NoB2c9GChRNzsgMCTaTBQpump,,False,1148
Qum6Fs8KaSbszez8FJtYSS5Zm3VAq3MakzBkKZ7pump,AKpH5YiaRiCof36U3BHFMsd38L3q9a8MzS7JGxHG1uA6,False,29799
QwBmQbPpXz5um4dFufPgkSJ7SDrHLBmdf3nMBMLpump,4p91q3hCsWTmemM3zCTbxwMnJoGYCrsK4YSj8fok85vv,False,24600
R3tf9gHpHZjoAF6YWFdYK66zaAS8mJVtTvUAA6ypump,TSLvdd1pWpHVjahSpsvCXUbgwsL3JAcvokwaKt1eokM,False,889
R4Uymb3HhtBws9e8XsxRuyGTP7hBvSqVTnTgLerpump,TSLvdd1pWpHVjahSpsvCXUbgwsL3JAcvokwaKt1eokM,False,1
RQhoyDYHfTNR7ntaePqkTaAAkGzqkocsJ9cKBQqpump,BNvFkFi59zR7PRyZQWQknf86mnLD7W5j5CTYUTRuHj8K,False,24601
RT75LDJhUkHbW9Gv4T5Gd8Foos7eUS6i99tqqocpump,TSLvdd1pWpHVjahSpsvCXUbgwsL3JAcvokwaKt1eokM,False,1274
RcUeqR6erRwZjT3FJgWUebpbB1t6Tt3REkstm8Mpump,TSLvdd1pWpHVjahSpsvCXUbgwsL3JAcvokwaKt1eokM,False,25101
RvCafkgVR3M1L7W4wj1ftnZDzan9nZwMtHfsUm1pump,8wG6ddTDZ39f2QZP4NXwRmR895T6awuadJPmqdcVtPZz,False,48581
RzELnKoeNvZjSPF5rbDRz7ay3TehqepNjRBRrpspump,TSLvdd1pWpHVjahSpsvCXUbgwsL3JAcvokwaKt1eokM,False,1
S2gSaHKabtrQPCAwuvmJaJVSBgJgY4YRKCCYbYapump,BN4kwAzBmzW6mCG1iG3jMmZUH4jYirWERN1xR6thJDQ9,False,1
S5hAoMsapkdNUPVgBNfJn48TyhvvjZ946DnktuYpump,TSLvdd1pWpHVjahSpsvCXUbgwsL3JAcvokwaKt1eokM,False,24601
S5z9ZYiTYBTAdmRhTWtN545YKQ9HhYZynnyyvUtpump,Cy6aUbGQqF7UuPfzEQLueb3qyUzVf2xmiQXK5sFTzTET,False,31196
S9RUPs7iqhMCpjyGq9xE8P9pDSto47vkKWSRgSPpump,TSLvdd1pWpHVjahSpsvCXUbgwsL3JAcvokwaKt1eokM,False,666
SKwiEtjJ96T41mb9rywB4V4ssMeSY31UFAapuBrpump,B8QTMRNmjfbi8g2RPN4g8EZPYeiN1FEcAXrDArQs6ZdD,False,4982
SUHZpzGG8r7tj1Ce6UchEzoZiKHN97cwSveM2oypump,TSLvdd1pWpHVjahSpsvCXUbgwsL3JAcvokwaKt1eokM,False,1148
SbBmM8R9QQr4yoKnJ16uUAs2QMf5wSXrGTvHaHdpump,5fHP9SZjfU8TSb6qpvM1mjyEiyVaHZzYzsJNYMHgCLDU,False,2840
ScsgRfGfaHe57ht3ZWsCs8YLKzNmjC9ANNpRRHSpump,mA3iiyDHcYaEyxuHG8AJxzvSw49h31obtfh7sFz7EqT,False,2001
SdPDWszK5fjArgi27kwnjnjFjDa5hznPVSr8Cu7pump,2NJhNpMthJ5AcRQ7dHXYaSF9CGDes11UN6LLq7mpzBCX,False,2978
SdXyNu741DWage1kA3mnwnbfAd6QZtdZCjX1oGjpump,TSLvdd1pWpHVjahSpsvCXUbgwsL3JAcvokwaKt1eokM,False,1027
Sfekg3kPPNH3dSSxmzyK9VvbfYCSEpkr3CVXPpopump,TSLvdd1pWpHVjahSpsvCXUbgwsL3JAcvokwaKt1eokM,False,892
SgGD5m5TyBm1fUJuLxEfZTwJxhyLo7qEXzwQit1pump,TSLvdd1pWpHVjahSpsvCXUbgwsL3JAcvokwaKt1eokM,False,785
Sk6guKzy99SyPixxDmGavgGbaxv49az4Rk5NMGbpump,TSLvdd1pWpHVjahSpsvCXUbgwsL3JAcvokwaKt1eokM,False,35995
Sp4gv3DnpQ2sLmxSaT9QkfSerk4bvF76NqN1MuQpump,,False,983
Spc5hci4W1MGALk4xUFrN4y7iNFt1SJ6GkYsB34pump,TSLvdd1pWpHVjahSpsvCXUbgwsL3JAcvokwaKt1eokM,False,164
Sv6wUsdmKyGgmoHsjEG9BNo8Asv6X2pfBCDgtuwpump,TSLvdd1pWpHVjahSpsvCXUbgwsL3JAcvokwaKt1eokM,False,1
T13vAsb3FNNCc8Dro6HvX4NaPHYNRcf85fn2nJMpump,TSLvdd1pWpHVjahSpsvCXUbgwsL3JAcvokwaKt1eokM,False,2097
T3AFHu3qKYKNDVrx5Rdx5jQboSMSM1xTE8myxyopump,GCY3Z1y3pj9LrqdsYMtVpaEkbtsmDcU6yTCgTgnVxFGT,False,2865
TCnjMBzWYBsSVpZLxwJejG1DEsHL5PvBPFUWcnypump,TSLvdd1pWpHVjahSpsvCXUbgwsL3JAcvokwaKt1eokM,False,1027
TDjz5Mz3wej2zJnJiHDEpXWX14YrY9DeB3bzbNZpump,TSLvdd1pWpHVjahSpsvCXUbgwsL3JAcvokwaKt1eokM,False,1
THWj3myhZNxhLy9evJ9ysxybeRrxC6NHW2sor8bpump,6qBpqqq4V72XVpJaJi33QEvJTSjLbDEesQvHGurDafc1,False,3000
TKVGC7BjsgG3U4xsNFLB3eBp8CkNs48yebhGvEJpump,TSLvdd1pWpHVjahSpsvCXUbgwsL3JAcvokwaKt1eokM,False,1089
Tcfg3RVEUjD5YEndtRf8KqrRbopn7AqgjeyKskepump,TSLvdd1pWpHVjahSpsvCXUbgwsL3JAcvokwaKt1eokM,False,198
TivtcZd5h1kPCK8SonbVQpXTfiHGDekVNgsi5Vxpump,TSLvdd1pWpHVjahSpsvCXUbgwsL3JAcvokwaKt1eokM,False,1041
TrnnxPQvYkMtakCYGToFHs1uYMqumpWeE93W9fFpump,TSLvdd1pWpHVjahSpsvCXUbgwsL3JAcvokwaKt1eokM,False,1
Tse1CmwaKD1811wiWNTmK2L8A1KQv5eW93xspeNpump,TSLvdd1pWpHVjahSpsvCXUbgwsL3JAcvokwaKt1eokM,False,878
TtrY77Dyp6CbGYUre25Y2mgDT1uGAJ5i7CbpVHEpump,TSLvdd1pWpHVjahSpsvCXUbgwsL3JAcvokwaKt1eokM,False,1153
Tu4RpCjguV1Y6MPBUj9QkYXSzoVAJpzThM1MwvWpump,TSLvdd1pWpHVjahSpsvCXUbgwsL3JAcvokwaKt1eokM,False,1140
U2wZP8TsYAFc3DWR8fjYuvbPRHsU9EsqzNZ6jw2pump,6txvbRtFd6DbHCjGRQnZCZFMEX9iMnN5Zbhf9Sb369FU,False,1
U6cNQxcVA22N7YGVAhJy11v5QgmH2Xe11PVypgXpump,TSLvdd1pWpHVjahSpsvCXUbgwsL3JAcvokwaKt1eokM,False,895
UDm8Zw91rFZQ9CZ6aq4Bk91LEqTEXgZu4TaK11opump,GWCieFRz94myCFyZ7fc5hEMtU6QBRtcS2SRwdWC11fwN,False,18011
UM3u4fLcc6U8D8N8nA9mFs9xkCnhrvFA6Zk5THHpump,8gM4gnxdLdkvifM9TCwkGAxrnNw4NiSiHbAdE1RqY96e,False,30801
UgaPkMVkmo21Z8drrWH9jsyXb3ryk2TwpZgb453pump,9NyrmYofUVbEKyq88uzWJfeWCxVYZikb8cmADBAbXZNi,False,3100
VF229R5wg6m9Ts184KRLtBWRiA6LWZqj7FugGiYpump,6fVtSoLfCKKZ6BBuZcx19RzQcoi3rwwo88t8G4cX1Xk3,False,131
VFa3Z3vXer89vtSaL368d2VKVTRj8sjVcq8LJddpump,DTF2SnhNpvhW2YGbgb7sGfCwiZGLyK6T7xkq8sc8xvX2,False,47799
VJUCJ6R8H5DQvokDdWbsMYgCk47vSMz2NgQ65JTpump,TSLvdd1pWpHVjahSpsvCXUbgwsL3JAcvokwaKt1eokM,False,794
VYtxhqzE65hQ6xUnHAGsexXyao3tzw14n5u4FG8pump,TSLvdd1pWpHVjahSpsvCXUbgwsL3JAcvokwaKt1eokM,False,646
VZNqxs6sYMAT7R8EFPYvEmNtmoSSwDf4bjZTHA1pump,FBznQRR7XMdxgJDGhgVGC1ymY9GTm14rRhe591omLxB1,False,847
VaxZxmFXV8tmsd72hUn22ex6GFzZ5uq9DVJ5wA5pump,TSLvdd1pWpHVjahSpsvCXUbgwsL3JAcvokwaKt1eokM,False,1
VjNJ84FNjtJp36gDtFKP4bNdrwZfciYyjRybCxqpump,TSLvdd1pWpHVjahSpsvCXUbgwsL3JAcvokwaKt1eokM,False,24601
Vjpgj565UACJxtRR84GGoo8R8LpydhJoapzmisCpump,TSLvdd1pWpHVjahSpsvCXUbgwsL3JAcvokwaKt1eokM,False,1147
VuX8Ptw3pe2Rqum9VUXxkLq5DEeKcjTH1TLMLdipump,TSLvdd1pWpHVjahSpsvCXUbgwsL3JAcvokwaKt1eokM,False,24600
VxAn31j1599ityyEf6HRTMWEcJgWUbbcsKPyogHpump,TSLvdd1pWpHVjahSpsvCXUbgwsL3JAcvokwaKt1eokM,False,1
W2V7FdzV5convBb2eVoCYFjyg3KW7KCLnMgWqDBpump,TSLvdd1pWpHVjahSpsvCXUbgwsL3JAcvokwaKt1eokM,False,1383
W9uzy5xyhN4hCY477XoVSJaWYrsAN1YHXeoaJCZpump,TSLvdd1pWpHVjahSpsvCXUbgwsL3JAcvokwaKt1eokM,False,1283
WBP7r8V36Zut6TsZj3CTSKbMUamA5oS5fPMcakMpump,TSLvdd1pWpHVjahSpsvCXUbgwsL3JAcvokwaKt1eokM,False,24601
WETwLm227oa7Y4UBWaPxPS4SqQ5ML8oQign3f2jpump,9GoAFmCZ92eeDYMcK7SazBUph7d2zp2oBGaFAEkiuQ6i,False,28747
WEV7VXxRKu42g1XqVfC2HXriBiZyqDitkCsvWXdpump,7QyqBDfBoDNCCDk8mtvSteepE9Y4qbyPzg4hkFsbumWd,False,23556
WPgmcrani3ZybubqiZmMRP4XWGyUkMu8DeBTq8Kpump,TSLvdd1pWpHVjahSpsvCXUbgwsL3JAcvokwaKt1eokM,False,1
WX7rPi7jx96Dkpq434KteQecuRfaRYcxSh99j7Dpump,TSLvdd1pWpHVjahSpsvCXUbgwsL3JAcvokwaKt1eokM,False,821
WaKYCFHbHdetsQUvcPCTDkxRf4G4axv4B4rmwsTpump,TSLvdd1pWpHVjahSpsvCXUbgwsL3JAcvokwaKt1eokM,False,1129
WhUa8NG4sUPsdJsmQZ8r2zm34uQWdcA28PQksSvpump,TSLvdd1pWpHVjahSpsvCXUbgwsL3JAcvokwaKt1eokM,False,1001
WqEwHim2ap9jedL79ydUKF2chD3sgLHCVWDocvVpump,TSLvdd1pWpHVjahSpsvCXUbgwsL3JAcvokwaKt1eokM,False,1249
WqtvdEgnGdnPBf3jVGBPWjzzaYG2iWt2VbgB4XVpump,TSLvdd1pWpHVjahSpsvCXUbgwsL3JAcvokwaKt1eokM,False,837
WxQ45oSzwFC2fdx3HRUKLD1xeJxuqP33wdkHh66pump,TSLvdd1pWpHVjahSpsvCXUbgwsL3JAcvokwaKt1eokM,False,666
X4AD32AeTT8YvYbcf8iqbA1Q4NJUFRXVPrqGtDypump,TSLvdd1pWpHVjahSpsvCXUbgwsL3JAcvokwaKt1eokM,False,1229
X8szRJUVDNKBegUsJbE2pjkhNbrZFHFHvuwcbeZpump,TSLvdd1pWpHVjahSpsvCXUbgwsL3JAcvokwaKt1eokM,False,430
XWr82MPZGJ7pFpswbTTb2hdAoyZbjJVtkm967aEpump,TSLvdd1pWpHVjahSpsvCXUbgwsL3JAcvokwaKt1eokM,False,24599
XYdA7pejqn5bMcjXKfPLMjWMiLRB7SmYLg1WbAqpump,TSLvdd1pWpHVjahSpsvCXUbgwsL3JAcvokwaKt1eokM,False,24601
XbK3GXWkvYnjTucxd837HkkfbGTK1TZgmAvbMv8pump,TSLvdd1pWpHVjahSpsvCXUbgwsL3JAcvokwaKt1eokM,False,1022
Xnb3wz3rezSrPhdbey7uKJxLrUdgaZQtsGVb6eApump,Fz3AEPtioErabFBcbCMDiygMTsaVFSMmAM5BL4hqQCFQ,False,1
XqSM67W9zPMgYmcAPjRzkh2JaGatPibxC6M58pZpump,,False,839
Xqf3iKcihfoRSQgLmYz2NW8xvBQQfV9gks14sbopump,TSLvdd1pWpHVjahSpsvCXUbgwsL3JAcvokwaKt1eokM,False,830
XrJs9cMt48poHWupQAFUXNGuzy41qt2hVKuRktBpump,TSLvdd1pWpHVjahSpsvCXUbgwsL3JAcvokwaKt1eokM,False,1
XukVnsfkpRru4eLXHpL5fEfhWiqBR7HWdq1awXKpump,,False,748
XxJ1LxMibqjTorX7DERrL7dRwmKZe68ZpJJF72Lpump,,False,1020
Y3F9qRT6jgarvbeYhNAVAV2XmWafQeVJwbEwcwppump,TSLvdd1pWpHVjahSpsvCXUbgwsL3JAcvokwaKt1eokM,False,441
YK19fLzagwPEsDqamz3avQ4mHcCxs6P1FiNgC8Cpump,TSLvdd1pWpHVjahSpsvCXUbgwsL3JAcvokwaKt1eokM,False,602
YQpjsByBu4hX3PFA3fow3HsT2A3TKoq4rGJpRCLpump,TSLvdd1pWpHVjahSpsvCXUbgwsL3JAcvokwaKt1eokM,False,877
YTnHXpen3ZqzM5wejKFU2J7C3z9qCJp6syyRxBppump,TSLvdd1pWpHVjahSpsvCXUbgwsL3JAcvokwaKt1eokM,False,995
YTtDEEoVNdK4UCRawafyoVsKyR2iPxRgaPfAGn9pump,EWiWR5Yeb7gwmVCXmLi4QRbqEiujhVPTbkFzJJiSdSNM,False,24600
YWW8QJsueeTVH67mJbnp64FomaBHDPYStaUkERMpump,DSXy4bFDgsNFg2im4dSYcR6UKwiFxqtKEGPJLNZwGskF,False,24652
YhbiGNLq2UcVVAQWHeMGiU99MChXtdQsL78njJ9pump,TSLvdd1pWpHVjahSpsvCXUbgwsL3JAcvokwaKt1eokM,False,24600
YuRK387nTV6Nf8Dr6UiWoAwvmkWxwkGsP4JjeNJpump,7AMRK5vMBpwj7bJ6UnUJSr5vfwWp2FSrXppDWN5w2UPu,False,9919
YyAxVcxttuuQcwGMt9c3Kv4pSMCn9rCbAp3jU5kpump,ArgGeLjG1uj42DucWt1LC2Z3J1HxQjmMkgj6s1u6VQ6g,False,24601
YzqMHJuXU4xXk25JqaPSzuCozTS76Vxm6PaMML6pump,TSLvdd1pWpHVjahSpsvCXUbgwsL3JAcvokwaKt1eokM,False,1
Z6TpfVZySS4vWcHrF22yzsa7nZRXQBKu2qjF9bNpump,TSLvdd1pWpHVjahSpsvCXUbgwsL3JAcvokwaKt1eokM,False,710
ZGdhWrYSqijD2bh9tQXxNEWn1RpPt5grYth5q6tpump,TSLvdd1pWpHVjahSpsvCXUbgwsL3JAcvokwaKt1eokM,False,24601
ZGtjn3mW8vNwn8hYRUWuRV8awWgZ1LxrqQcvBQYpump,TSLvdd1pWpHVjahSpsvCXUbgwsL3JAcvokwaKt1eokM,False,1218
ZK8z8cvqpsGcxY6A5QdA7u1GAmdpcQudX9YFDq7pump,TSLvdd1pWpHVjahSpsvCXUbgwsL3JAcvokwaKt1eokM,False,1
ZL79W2Z7aUjrZnyx8FkSkQjrd8iJYyuANzZPnXHpump,Ae5Bok5Ky5MUkbBAyXwuRnJJJqccKBZta5XiW9ra2wwP,False,24601
ZRGWoSdQg9jajfdXUnkZnnkRxiibCzATj5XYkJspump,TSLvdd1pWpHVjahSpsvCXUbgwsL3JAcvokwaKt1eokM,False,840
ZTEsGZXMwLkuBKTFLT6ypAUPHS7txFzM5xVQAospump,2sVJE1hW7mw19TPJLXhCT4R5Hpt3JMBCu8LZLmuFzxtb,False,30232
ZUu8Wtk5rEWC28ND7ZDwvgVk4pB2Wr9vfu945Rfpump,kZX2nvGjaiEj43tFNfbNL6deb2esR2TrP5hFjAqN3zR,False,1
ZWqs3c41mZd68DWErW61BGTE1Mwue4nP95Ja7zSpump,J1y7Nd4nyY7xGzZmqiR4uTt1r7T5s3djtCyim5wRPXcV,False,619
Zixwt6Dq8BvLE1EtTV82FJFBi6DkhZdvqH6UmHRpump,BxDoKDfVkb9Megp6TiqgL6owYdB3ZwMK7ceRLenrSfWV,False,2889
ZjhswbKGdwpFND9XQgkknHv3TrBt3xiCUX4UG42pump,ApxEWZy2LypXf5FmfmPWJSdHjTSTdPMj4VkzUZAKmQx,False,24601
ZpXcEXDvM5GQPSbBFpds8brgXKyQrGihYsT2jropump,TSLvdd1pWpHVjahSpsvCXUbgwsL3JAcvokwaKt1eokM,False,1
Zu1wntdLK8e61JMyX6BCTYBMUKDdbkwtFtwLABepump,TSLvdd1pWpHVjahSpsvCXUbgwsL3JAcvokwaKt1eokM,False,636
ZvXyRA94MAWUetJDoeKqvma6921MWH66iYqRFpspump,TSLvdd1pWpHVjahSpsvCXUbgwsL3JAcvokwaKt1eokM,False,655
ZzNWiE7zkkVi5kco2WfvGwXHGghKwfXuVELim3Vpump,TSLvdd1pWpHVjahSpsvCXUbgwsL3JAcvokwaKt1eokM,False,1239
a24a2KQr2h4YH1Xbpe1HqqY8i5anM3UaT5izfXRpump,TSLvdd1pWpHVjahSpsvCXUbgwsL3JAcvokwaKt1eokM,False,1
a6PE8qzEiDBvNAYztChRVasszTwYTgQ2C8nvQ5ypump,TSLvdd1pWpHVjahSpsvCXUbgwsL3JAcvokwaKt1eokM,False,1109
a7FibrfPxp19RKWrakXj37QHVyZXVZGdbbK4aAcpump,TSLvdd1pWpHVjahSpsvCXUbgwsL3JAcvokwaKt1eokM,False,24600
aJdrjm2o9wNPX88hG1R1WESDebM6KuxzEYuYvSSpump,TSLvdd1pWpHVjahSpsvCXUbgwsL3JAcvokwaKt1eokM,False,273
aNjdosfyRqtxVVb65za5hri6CCdz2FiWXiTwUftpump,TSLvdd1pWpHVjahSpsvCXUbgwsL3JAcvokwaKt1eokM,False,882
aPig1huDbdDTR9HmJBSHK5jiHrG3o2ZThdG4xPDpump,TSLvdd1pWpHVjahSpsvCXUbgwsL3JAcvokwaKt1eokM,False,1
aSF8r5dYLqQ6kqerxzRM1AUJfA2rZsUm5EK4sHipump,MQBqWQWNfv5SWqXbUmKw6zyyvj3XQcHXNvmkcps13z5,False,24601
aVtFB2oEBizaDhuyuWYzLyric5gfypx18ZtpXDApump,6ZnydvtUFJcNChwvuqVKKdens45r3au7dnFcQVKp77a4,False,24600
ac4bhAzgDW7PBV4vmpbPzgpzAG25RYNY46aucQzpump,3iMH1m9xsfu4vNP4BxojWYBwQmAzhX59bAFMCj8Qu2td,False,10328
aeAFefDk8CZeyjvP3nZ5yRutB6oAfQnhvoh9jZMpump,TSLvdd1pWpHVjahSpsvCXUbgwsL3JAcvokwaKt1eokM,False,1
ahhoDxMy9TLW5QLXEpFhygnuk6VnZSg1Ruu7rhxpump,TSLvdd1pWpHVjahSpsvCXUbgwsL3JAcvokwaKt1eokM,False,902
ak15jGiq8nBzzNPYddgHxUyA9r1Jnmfu7VVqnC9pump,TSLvdd1pWpHVjahSpsvCXUbgwsL3JAcvokwaKt1eokM,False,1041
asAtAvhuWNT9VKNkPhVNFRv8kqeMGnfUBiahGQ4pump,TSLvdd1pWpHVjahSpsvCXUbgwsL3JAcvokwaKt1eokM,False,3001
b4AkrkKA4hA8tabZQSKbEJEZJaPqbLnQa62pNG6pump,9SC2S3aqV7KiShZ72otq1id8PicUig1Ng54EAoqJRAMT,False,22442
bDhmifF5LhR8mLUcvbiGkWsG935mdAQcoSJ67tXpump,BLjrWM7zkKEEb472GFzijuaz5snDDHVXfk4H5x2NtxNj,False,24601
bF61B872fKSLXGRDzcT8RpE1PeZsfeggTGBfjX5pump,TSLvdd1pWpHVjahSpsvCXUbgwsL3JAcvokwaKt1eokM,False,1
bH4TTsaCmdSTdrbF6sPKeA88K27LamHrfV9Qz6Vpump,TSLvdd1pWpHVjahSpsvCXUbgwsL3JAcvokwaKt1eokM,False,1141
bPXHvvemj3x42ci6zPt2kxLCAgyUUynvfRkiEFJpump,3F1TMQcwm5nJxUcB4ug7iM1wKuD5ozswRd1d7RFDbiwq,False,22903
bYZozdeMwQdSWUikHXq3ShzHSrTvdm1wipkkYhkpump,ARASM5TxYSYhh5RjaRGUMtoE3iYMTXjzFvFTZv7uk8aQ,False,29996
bfTHwXHeTMiv7eXMFkHR9ZuajvFNWVzpxMYM487pump,TSLvdd1pWpHVjahSpsvCXUbgwsL3JAcvokwaKt1eokM,False,1086
bwruST5gBXDV5y6iYcRtqUocWuThETC2aRSWEWUpump,TSLvdd1pWpHVjahSpsvCXUbgwsL3JAcvokwaKt1eokM,False,24600
cS4VyngtsHzGsWy3nUQVGEUKKNYedmLcwgzNQ8Gpump,TSLvdd1pWpHVjahSpsvCXUbgwsL3JAcvokwaKt1eokM,False,1104
cdrnipiPz7LLJ4AuRFPH984oyjQ4TqsFhNUd1mupump,TSLvdd1pWpHVjahSpsvCXUbgwsL3JAcvokwaKt1eokM,False,883
cj1sCbJq2woCtSqPyQfG3abn19uv83RyQ1es3a3pump,,False,3014
cwihFmaqtYufoyjmHqS3XCMPH29hvUg92k6S6DUpump,Gho2A9bp9vcj2FDv3TwL3QkTx3xESig6rSyq9M6RW3oW,False,22645
d6a7tfqy5kR354WNYJUv1GNB8wDKn99GLz7tAu5pump,TSLvdd1pWpHVjahSpsvCXUbgwsL3JAcvokwaKt1eokM,False,1085
dD7B4n65RY1fQontdieUFJWRyUeKittfykfUfRZpump,TSLvdd1pWpHVjahSpsvCXUbgwsL3JAcvokwaKt1eokM,False,798
dFVMDELpHeSL4CfCmNiuGS6XRyxSAgP7AwW266Lpump,TSLvdd1pWpHVjahSpsvCXUbgwsL3JAcvokwaKt1eokM,False,1
dGW3wh9njNbvhZNGhpZShzMQkUZMPRw3iFTB6ZQpump,TSLvdd1pWpHVjahSpsvCXUbgwsL3JAcvokwaKt1eokM,False,873
dMwkRTV71GoUBA5dGfLDZouhQHd1BMyge8UuWcLpump,4LXuAPTnnbhByRQGPiAGKPVh5bcgCXhhDeUJwJJU2BhZ,False,2001
dVUd3G5LFDVnReLCrDdfcmaoygyyBhy2tn3trYvpump,3er5Aw7ZxPQWUhGPUa3Mjgz6ja87MnfRPc87TtqwvBRg,False,24601
dfcT6qdMJhUkP9mpXhtDFjh8SPbbnQLYdqcFGe2pump,TSLvdd1pWpHVjahSpsvCXUbgwsL3JAcvokwaKt1eokM,False,658
dgDEC96xyswSzmvZRcmFhPX2KkLzFVycKso9mdBpump,TSLvdd1pWpHVjahSpsvCXUbgwsL3JAcvokwaKt1eokM,False,1220
dn3ypfEqJLMH2Aqh33GChVygR6kbX3Jxewn7BQwpump,TSLvdd1pWpHVjahSpsvCXUbgwsL3JAcvokwaKt1eokM,False,1
doz1hovtz4kqicobWmK9rtBDYjoi1QSuMBCiaB9pump,67jZx4NpukKMtMwd7PNJcMpSTGyURdtDduoH297noAiN,False,23914
dy8jRnotMnzqFsEkvxqYUVPBmKWHzLTCMowcFNLpump,TSLvdd1pWpHVjahSpsvCXUbgwsL3JAcvokwaKt1eokM,False,1043
e1rmVRte8msftQPT1imLrWS3CKpLusMxc5BP44spump,EFzUMtv9VkFj592GoZsA1x4Rbzt2DGtJ5dZRnRCtjJn7,False,24583
e5yv776NxRmAP2FygDxTMzwzzD3FPKQRHbHQvFwpump,TSLvdd1pWpHVjahSpsvCXUbgwsL3JAcvokwaKt1eokM,False,935
e6hn6GH1MNdHwSo2dN888yxQ8ZUf1Ri398aJGDrpump,TSLvdd1pWpHVjahSpsvCXUbgwsL3JAcvokwaKt1eokM,False,15
e8qiMitUja8Gb4XHA95imNjFKrQNSGKmw2vX9NPpump,TSLvdd1pWpHVjahSpsvCXUbgwsL3JAcvokwaKt1eokM,False,1180
eDwWA7mDC9bEM7jr5JsiDv3zgX5mr7Q7Wetqiyrpump,8wG6ddTDZ39f2QZP4NXwRmR895T6awuadJPmqdcVtPZz,False,28000
eHFhDCYhGNZePg3Mr87hK4MnmWmtfYtETVsbXXApump,TSLvdd1pWpHVjahSpsvCXUbgwsL3JAcvokwaKt1eokM,False,24600
ePJTwNSPnPUQL61y3sjK26Ff6JzSBTRtiJuLn3Vpump,TSLvdd1pWpHVjahSpsvCXUbgwsL3JAcvokwaKt1eokM,False,36097
eQGKYGWRc1u9A6B8omMXmWAEmePrSUyNVMmX9swpump,9PwMQak8LFpPq1pM9udpjZgJAGZe2GuztjVpmhngXg27,False,26601
eSKEaSVP4fZRSbsZD4yVoRKbSWaTbmpMDq2dUQ9pump,TSLvdd1pWpHVjahSpsvCXUbgwsL3JAcvokwaKt1eokM,False,1
eSZ88nkKrUBuvrWANFEkA9b1qLM5Xx8zsyMe7kVpump,,False,24601
eUUniWrRUY4WbbNumwgEmvMr2AUScj6sjBWasS7pump,TSLvdd1pWpHVjahSpsvCXUbgwsL3JAcvokwaKt1eokM,False,666
eYYLMuZHfeTp78pFvu83sBUwhVfDRZfnqRwAMBhpump,TSLvdd1pWpHVjahSpsvCXUbgwsL3JAcvokwaKt1eokM,False,1077
efE8jRRxwZjswzaUa9vWspw5KfLPwhQCb6HdTHBpump,37uM1rp8TK7eVURVRnjtaxGkdJyXjgA9uz83DjApcHvq,False,24601
exRqAuXs967fDkymNXo4eqZEQihEubstBCXPXxwpump,TSLvdd1pWpHVjahSpsvCXUbgwsL3JAcvokwaKt1eokM,False,1
ezk3nwHdpohYwukZiMCWgwEqqsnfBM7WL1xdmZ9pump,,False,420
f4NMCNnGR7qiCxDfGgFoXp6B4JFTHsHVn7eDYJ9pump,TSLvdd1pWpHVjahSpsvCXUbgwsL3JAcvokwaKt1eokM,False,187
f7Kq46Co8PbDqmFHJK8ZhEjjXKrNM4RNPPqiL2Ypump,TSLvdd1pWpHVjahSpsvCXUbgwsL3JAcvokwaKt1eokM,False,1118
fDJVuPCzsi4pfc5wBEan5PEUDPvtvcTWm5gjLAtpump,TSLvdd1pWpHVjahSpsvCXUbgwsL3JAcvokwaKt1eokM,False,1
fEYuNefXis1LBkYTxEgCMHSupuyuDTvn5SMCxYRpump,9EoGMPEAoeGivhUFpJxLD7UG89t1VkXPhmF6u9bZtaEM,False,1
fGPECwy5qkJPb4fnePAxn349oW6ZnYTofGQZMS4pump,6fGhNjZKJmAiwJLUKTdKLr1Xi9iQtdRLxszm4znw5dpF,False,24601
fLpzyukWFvniDyy4rWL5GL722w6nTzRhviFfWJApump,,False,964
fNxSE6syJcHxV7YLLK7tSi2wB6Sm9hgjwcvRfgqpump,6iVoJcW4zmvDRqRYwtTmfz2LFtwhgDbXTnWLAfMDRg7d,False,24601
fWwmDuDxqBAVaxVYjfghrQHXBtDnrPttECMw1Zgpump,TSLvdd1pWpHVjahSpsvCXUbgwsL3JAcvokwaKt1eokM,False,1390
fZgXsS1MEtTdbe3xxXaLKX5ojjPQjUyv2evLvhTpump,TSLvdd1pWpHVjahSpsvCXUbgwsL3JAcvokwaKt1eokM,False,958
fkCr7SKXtXxKFJ2ivfHE5s9j267xcdYx9E8gRdSpump,TSLvdd1pWpHVjahSpsvCXUbgwsL3JAcvokwaKt1eokM,False,923
fvbkXgV3tc9xTs5ddpKtYN9h9aEqPHssFNgkt5spump,AfBkpCpo5p1yiubcts9bF5ciJGdDuWm2Sg9SjeUW3Ers,False,24601
gCuViPqAZUivDBeeWzK1thUAPyJPbCbq4becYMcpump,TSLvdd1pWpHVjahSpsvCXUbgwsL3JAcvokwaKt1eokM,False,1149
gHktYWXmHEfNraKe6pUxbMxVNgWCEZDWLRoctCfpump,TSLvdd1pWpHVjahSpsvCXUbgwsL3JAcvokwaKt1eokM,False,524
gNeheaSkp9zWpseX6SAnx4tZSje8Vu6ejZcapXipump,AdXxEq2Ri8KhALzGJ3GfWwThRmF3zJzuxAF79Z4QHoMN,False,23784
gVjogZYnqBd8jxqhKdV64TcAoiFDcjH1iYZCPfCpump,TSLvdd1pWpHVjahSpsvCXUbgwsL3JAcvokwaKt1eokM,False,9
gWY1ZvKXBipNTKAwtotRe81r6xEK5fzLM9DBFnDpump,TSLvdd1pWpHVjahSpsvCXUbgwsL3JAcvokwaKt1eokM,False,1
gYgUiBNGMgHiKC2aReo12JTp5rJP4WpR892hFcbpump,TSLvdd1pWpHVjahSpsvCXUbgwsL3JAcvokwaKt1eokM,False,766
giSM3pvVCpjhVXwhJA2GEG9r4MQ7WuXUwUaLhfUpump,TSLvdd1pWpHVjahSpsvCXUbgwsL3JAcvokwaKt1eokM,False,653
gj5S7YFCXuAvrtAsrGDHQT5UNxCUdfgatP16FHapump,TSLvdd1pWpHVjahSpsvCXUbgwsL3JAcvokwaKt1eokM,False,36097
gnRDzze2qwuonoquQRxr5FmnDPfD1Jo1D8oZZvXpump,,False,104
gqn7jN4cZjXSM4veCi8uQCUtfNHzTiJFjX3drgvpump,4iY1C2152fGc213E4UfnWCCGzyQGEnxg7TK9C9XnCbJQ,False,24601
hNL2g7b6KnzNvZbbNSF3KWX5btkyVtgzggBp3w3pump,CSdrBHASHDfuBMUGgFLvfGG831rdhFtFSobMF5BUKjCp,False,24601
hNTKziK3hTjyBvFtR7TbMJ7yfaSrFSSeGnDphLxpump,87rM7pH6PsUQ7zE7458XoD5K7od1heEuv1FyTguxenex,False,24601
hNtNeQ6Mj3Pjn4sqiSEu9f9Dd2icWYd3RoJHUphpump,CcYCwaAbjpdMX68d4DZGq3QexyPfq3rdYxkW8FYB7gaz,False,24601
haJQRq2V7QShpjvJq3m8e9oLzquQTpeJp2hMEkppump,TSLvdd1pWpHVjahSpsvCXUbgwsL3JAcvokwaKt1eokM,False,1028
hf8aYwMK2cYv7t4uUhUAqpdwTS3sja2z9RJMQZ2pump,,False,1
hntbnGZXK1RR2tLsz99QHaHQV76d46QxuCoWqsApump,FzTbHnxwuXpsP2aBFP9ep7V6edHafDJrdev8WFxVrFX9,False,23702
hrDPNSGWyx4xW2h19JsFdK2eLSaFa4A5spEM9qGpump,CY9CkibVodiTpiy2nEcW4sAyjg2RvjyC1mS81dQAyfpL,False,24413
htBnJFm5inyiGAS3hnUvVW7WkHX2iDXJmDYPQTApump,TSLvdd1pWpHVjahSpsvCXUbgwsL3JAcvokwaKt1eokM,False,919
hthV4BUGpBzfpHYhGq7vE1vGgou5DEuTrEwZWSSpump,TSLvdd1pWpHVjahSpsvCXUbgwsL3JAcvokwaKt1eokM,False,512
hxsXhAGAoCDGNCdnjekjd9igsWFiB726crs23pTpump,TSLvdd1pWpHVjahSpsvCXUbgwsL3JAcvokwaKt1eokM,False,1055
hzBhvgM6P8P8ymjXExwx2psh43ZuENVbu2aH7pKpump,,False,2846
i6C937akYwQvj5P979ikpRqf2VVEgYRi4QZmXjipump,,False,972
iAevfRNAuFR32Hdj6F3cpcCungJ9qymdRoSxeK5pump,TSLvdd1pWpHVjahSpsvCXUbgwsL3JAcvokwaKt1eokM,False,1043
iFM8DtxFw84nndPSYELRovzZBDatYUzSmk2iTgepump,TSLvdd1pWpHVjahSpsvCXUbgwsL3JAcvokwaKt1eokM,False,1
iKTRRmF3WSd4HEbHfyiRcA2e4vdbtEDkjmCLs3Hpump,TSLvdd1pWpHVjahSpsvCXUbgwsL3JAcvokwaKt1eokM,False,1
iLnbZKJkV8kYNnEARGWQWpAtwC56MXNrdLbsTAHpump,TSLvdd1pWpHVjahSpsvCXUbgwsL3JAcvokwaKt1eokM,False,3240
iMLrdXnr9uctBPNQS35VE7h55Gte9NtE7nUknMgpump,TSLvdd1pWpHVjahSpsvCXUbgwsL3JAcvokwaKt1eokM,False,2596
iYYXT927UvY95KtSi2PVhjd3wM7W9hBiD4EuHnVpump,TSLvdd1pWpHVjahSpsvCXUbgwsL3JAcvokwaKt1eokM,False,24601
ijQqoY7L8ieKTrj2wLKTDyjW7b4xmnxExMuwDuHpump,TSLvdd1pWpHVjahSpsvCXUbgwsL3JAcvokwaKt1eokM,False,141
ijRkcwZ3gTeF5msPAkuhyDzMk5xaQ9hhPLN1NHopump,TSLvdd1pWpHVjahSpsvCXUbgwsL3JAcvokwaKt1eokM,False,1275
ijpYWu67ktfmA6r2YPbRsaHDwui5vS8xJA66hqcpump,82iTM2gcKpVw7YAQMdyEL6Vf7fmE7XmpADSyfPP5wj33,False,22398
itWxVSrEz6mBQo62TgHanNCHLYNdzjN39zXZLVkpump,TSLvdd1pWpHVjahSpsvCXUbgwsL3JAcvokwaKt1eokM,False,1075
itwjnbfMj8UAPXEVq1ayJpqXEZ5ZkXj8iZMeb6Gpump,TSLvdd1pWpHVjahSpsvCXUbgwsL3JAcvokwaKt1eokM,False,282
jD2fJtE68jJVCYA94gjCysCwywe4sZ6Pt9atBVmpump,AmQ9ph6cNeXeUJvfgGpDdb3eSjoayBMyF3UwggwrKnmS,False,24601
jKUo4bdgLggxhimCYuVZK1kx8faVsQBjG9sQ4oBpump,TSLvdd1pWpHVjahSpsvCXUbgwsL3JAcvokwaKt1eokM,False,1
jNw3UW47CkLwmrF4gQzD6GrW7DhnJVBr6H3hZZBpump,TSLvdd1pWpHVjahSpsvCXUbgwsL3JAcvokwaKt1eokM,False,1
jUiTwZrBfqUqFAT66TFNDEenDjYoVHQ8TCUyWLbpump,TSLvdd1pWpHVjahSpsvCXUbgwsL3JAcvokwaKt1eokM,False,798
jXrawach3wu1jqhAkxksmSkNUytiKMgt6MNfZTqpump,TSLvdd1pWpHVjahSpsvCXUbgwsL3JAcvokwaKt1eokM,False,792
jZ6iwVk5t9znbdMwna3gt3LdqRJaQQ49dfTmUgDpump,Ea9HRn2UuCV7TGbhjETUKU9RZSkja5A5Y3HM325SYs1t,False,3100
jasQQD17WWgFhiCZVZDyik35XEd3SVqza5godvopump,TSLvdd1pWpHVjahSpsvCXUbgwsL3JAcvokwaKt1eokM,False,1
jcKsDtwDfHV62M3G9xm3JKUFKyeHPVzSD6oZSVBpump,HmriVW8zoGpWopfYrF1Sp6mRFt6Y8HoN3FEGR45yvzGU,False,23213
jhCwGqzmH14di2C2DxuFBuPgpWhda1gmVYiA2PApump,TSLvdd1pWpHVjahSpsvCXUbgwsL3JAcvokwaKt1eokM,False,953
jyaaBzZatwE2wrBuwRt6w9bsnKGEU3KqefZx5PYpump,,False,1266
k2aqej491fiUUw6bWy78VPMquiqUw6bEL3Xs7rJpump,,False,242
k7ESWMPV2b8x4nUyA9TJCcB53SLhJ35iSuFuWxXpump,GqzxxdMFVbNnR9wrgNG7MvZumVdGXYmtuChg4VSiPyUi,False,1799
kGo9MFzNuraBHTSsMXS55uNn4oYcaJVs8RRmdWNpump,3oNvKq6yj41RXwGaTPmMAyXkQcmJu4iHrs2LrJR5FnRE,False,81821
kGtKsa4PCqo4QfcTXKwP81XAPXM96U9wKg8ee4tpump,TSLvdd1pWpHVjahSpsvCXUbgwsL3JAcvokwaKt1eokM,False,24601
kMgksepugY3syMjvLsttnvGZmLzAaRbjnJwxjjCpump,3vKvb9pTArySKNxpBWKCdroXcHu4VtgRWRBr2VYVvXca,False,24601
kP6fLVBMQg7H7nGs1pUy15L2dgR6pd8HcczvmNzpump,TSLvdd1pWpHVjahSpsvCXUbgwsL3JAcvokwaKt1eokM,False,1146
ke7MBNmmhXDegLgAbaVboquYiPYb1SagGpSazDapump,TSLvdd1pWpHVjahSpsvCXUbgwsL3JAcvokwaKt1eokM,False,1
keE9SBRapLV2oUMzwy9htNZoZqRVNAJvYgioKVHpump,TSLvdd1pWpHVjahSpsvCXUbgwsL3JAcvokwaKt1eokM,False,1
kfKtoG3UfSBQcCrjsHMMs5Hb3NbZYtv1ev2ziC4pump,TSLvdd1pWpHVjahSpsvCXUbgwsL3JAcvokwaKt1eokM,False,598
khDgKAP8mRb8PbZnVhLyMhLtaRWvgciAzB2XiSLpump,TSLvdd1pWpHVjahSpsvCXUbgwsL3JAcvokwaKt1eokM,False,354
knaVp42RJxx6rB2AAfYu1WdJjQ8uerXQ2euckD4pump,TSLvdd1pWpHVjahSpsvCXUbgwsL3JAcvokwaKt1eokM,False,1033
kq6Hb9AUTqVDGwBTPBtU83zQgJq9y4D9ieudaTypump,7qqaUC7SBk4o68YuLhfYsEZDyWgGabU95ZN7EaLi93ES,False,3000
ksFTC3AK6dWvs2W4PRaZxkMJNRoPBxexHxRvYoDpump,TSLvdd1pWpHVjahSpsvCXUbgwsL3JAcvokwaKt1eokM,False,1
kxLV5cgzENvoL7urtd8pwVwL2K4PunoHhYXzxGqpump,,False,14500
kyKfGjFCekidjPPxcwaosmAXEotM9j7oN6tVhiHpump,,False,1
kyMRfTmBxLeUvYGM89zjP3Me8tfy85BQGAE8PRZpump,TSLvdd1pWpHVjahSpsvCXUbgwsL3JAcvokwaKt1eokM,False,1136
m11mLNNLot5kN8rZmS9kPQiGkVXiXB1f9qL2Yx8pump,4xY9T1Q7foJzJsJ6YZDSsfp9zkzeZsXnxd45SixduMmr,False,1
m9dGbABkpjhgs8XBuKkeApXqde3oemjMx9jgfZFpump,TSLvdd1pWpHVjahSpsvCXUbgwsL3JAcvokwaKt1eokM,False,670
mFYxqpQfxsXVUUokAcWTLtuCXPvkp9c9HcaMwrxpump,TSLvdd1pWpHVjahSpsvCXUbgwsL3JAcvokwaKt1eokM,False,1369
mLZnWwJtYjU6kN3PrXHCiacStwnKyX8j6jZvTJvpump,CQXXF5xPCZonDJzkCenfDcEruJiPC1YyykHetb1rKzjz,False,6488
mSfH1p7nmWExYGLdUc5t2Cv2LcsBrbWhi1uQMsUpump,TSLvdd1pWpHVjahSpsvCXUbgwsL3JAcvokwaKt1eokM,False,1250
mTEAro5WhhxUvAXmyK5yr1VQhkTRBZHhRQXS1ZTpump,TSLvdd1pWpHVjahSpsvCXUbgwsL3JAcvokwaKt1eokM,False,1
mchXra9PGqbMPuJ5FW9YxkkoSVKWAhyu5xP5tk4pump,TSLvdd1pWpHVjahSpsvCXUbgwsL3JAcvokwaKt1eokM,False,1
mkvXiNBpa8uiSApe5BrhWVJaT87pJFTZxRy7zFapump,TSLvdd1pWpHVjahSpsvCXUbgwsL3JAcvokwaKt1eokM,False,1
mnSRJTJtvDLxWVWQQRhDBsFHiSjCfWER1U9fJbfpump,CifiJRuCNQ5exhKBGobtueEZXK8qKivv64M6wbC7xVNM,False,353
mqq7mJMhD6upLnLVFok6gZ6Ajk3s1qTpzFvmu2hpump,,False,1
mxnh8rW84UMTwowXTTCbR277gW1DYbh6JEW58eypump,5JYn9gUzFBcizKAyoXVo7LDRkChcqnBQ4DXrmgQmp6CU,False,2063
nLDQddG6G3okCJ2TULHSoEmeykUsE1kYsYQRk4wpump,6Tz8tPx3MHGCrnjzqL5FymWpXsV6CSi2hWaBufCc1skt,False,1310
nMLCZ4CUGypT1T3DzDwXmWwcdvpxD5FJG4sa2Uypump,6VWtP8Veuxa74mJeHbLvi62UjswP3iqQrfbb2pvHcMqb,False,23992
nMmBC9SgCkCFyEwv4Lhjm6wmwWyUnki8hhapx9dpump,TSLvdd1pWpHVjahSpsvCXUbgwsL3JAcvokwaKt1eokM,False,24601
nR4yhTpvHbcXhzngSxKWVXoXBd3Y7TkdyhC45fbpump,GPZznK5JBfShanhpp1MkLtCaEPr4g5h714MxQE7K3uS6,False,24601
nR8caFH9hwujxCZnPYFXX61pmXBJoptP5k1WzAGpump,942kvxyx14CifBVUgbywKcmd6x8vQs2SriZ2w5PMxF2t,False,32072
nZuEp76CPtVFy7SsRh9DhTin2uCEPceEnKbLaWcpump,TSLvdd1pWpHVjahSpsvCXUbgwsL3JAcvokwaKt1eokM,False,1
njjQ6guoe9kkF7cF1vZum27rjboJqaVEVjGsoTqpump,UsZdpq5gukDAkLwGu6LnUAXY6i4uDdR3c4wva1fSADo,False,56637
nsS3B6JPYjkZjMvd1BB8H39u95SyC7Vt9iQkPrEpump,8jyTHf5dLZaSmwsZtfjsbT5VVyz75WSm5m8uZYf273rF,False,23268
nutAxftPAXh2JUDDBhixdPAe9sZXVRZiwrtSXsvpump,TSLvdd1pWpHVjahSpsvCXUbgwsL3JAcvokwaKt1eokM,False,24599
ny1koxaJ7hYdZk5KGgbCL4DiUWpmpr5aQH5NJwKpump,TSLvdd1pWpHVjahSpsvCXUbgwsL3JAcvokwaKt1eokM,False,1
nyXNeczmJkGunBiMh9fWuhym1WpnJYAtp6n21Fxpump,HrSryRxe6LRjueB2a8efjYjQP8MvX6kg53jQfXStN4Vn,False,30978
nyhHXjMjBXtEvXkB49Ap11eQUU3bJ1y6yQbDaBTpump,8Lr2uMumqVgV8TspqJ39mc5zW2TS2S5FoHSU2GyKKga1,False,2981
o7P4PZdPMEhikDt2NwHfezeSVxzncu8LhBmSdwhpump,TSLvdd1pWpHVjahSpsvCXUbgwsL3JAcvokwaKt1eokM,False,24493
oJ4EYgeDfviyFYDNmyXSjpMqjuXwq7wpGP1rm1Hpump,TSLvdd1pWpHVjahSpsvCXUbgwsL3JAcvokwaKt1eokM,False,399
oKk5RtebBfARF2HDUQcA6cPWp4hz3xWDimoTA6Gpump,FUqsGmRDUbWAjRBudwwYc1XSAiCNt96wNs6c2J5TUJjg,False,3088
oUggAqViu9hg7b1693FzG3MtAsAjJHNUQvqJtEApump,8vrPi9RxTYFPHM4uQBeC3CfM6WAXxhdzHanKnhmiFUtC,False,2993
oUrWyKrJYykYw6ThBt3FHeX3AM9hQZEu6ZDZHR1pump,AUQWiVSUAC8QNsJW6CBmbt9FsuJNZWH4E1iqiUAhpP4t,False,6117
oX5byHYP7PSch6AQCQFdhgmACDWt6PiBagTTDHZpump,TSLvdd1pWpHVjahSpsvCXUbgwsL3JAcvokwaKt1eokM,False,735
oZ1i4FxzNWMH3z5b56zSNToES24JTrcbdbruF2Mpump,,False,1176
oc43uSNgcQ93AEXsNQEMKcY9gGey4KmBNTKBbSNpump,TSLvdd1pWpHVjahSpsvCXUbgwsL3JAcvokwaKt1eokM,False,1305
ocCxa3Z24FSGBVwCDTMxfvEvXyc3gJLCH4DxcsJpump,,False,388
ocoYozogDtHuxApt4aotBxBn1G1EgCo57LcQ8UKpump,FENxJccbCv6ZC8w2oGVEoSvUFNTuqhKfnsGssG5EoXuk,False,1
oeU1Dx314CJ3ag9TZ524Xoii1UsfEXh5BfTgnxqpump,6oemxy2j2p7fokPisTkHsxGEY84rVfEBxV7pub2soLgn,False,18704
of28WzrGVqVKCC35zjkQBrndCCDzErtzg7cj2mypump,TSLvdd1pWpHVjahSpsvCXUbgwsL3JAcvokwaKt1eokM,False,1
og4fME9KV8ukbEJ5GQgvNakUSNZ8UYrusruQPgbpump,TSLvdd1pWpHVjahSpsvCXUbgwsL3JAcvokwaKt1eokM,False,1233
ogAiuaPFGJB2vNDMUpV3A76thkD75aC9tuBDrEApump,TSLvdd1pWpHVjahSpsvCXUbgwsL3JAcvokwaKt1eokM,False,853
oh7aRwFCeMT3ozjNSidAZnHrR3e6VjqekQTuQqWpump,Da41ojdubS44JY4YecEwv8KQfaiwVbiwxgtst615RPZS,False,18504
ohyRE8Gj46Y9JeVe6CuRgateGewCJgPi2pNAu5Npump,TSLvdd1pWpHVjahSpsvCXUbgwsL3JAcvokwaKt1eokM,False,1
omC8P6Ck8tkZ2XdD1zXQe4eget63FsPBJhsskVrpump,TSLvdd1pWpHVjahSpsvCXUbgwsL3JAcvokwaKt1eokM,False,1008
ono5f6DMfFSQsEah2GhjfJupXpjogUvfpES1GDppump,52mXWzgdyhTYx5nBPxZEDCUn8RP6oPszZNrtBRiYAsJs,False,1
oqAgUAdeEmgruYq14entC3euaXp4ZtwhYMKAgAGpump,,False,56
p1fBLzPuBS7qoA2ipgCWtxK7SNrMDabhcd8z3s7pump,TSLvdd1pWpHVjahSpsvCXUbgwsL3JAcvokwaKt1eokM,False,1299
p2niQeJVj2vnevYnheBWujVyfzzGURpBTjap3gipump,TSLvdd1pWpHVjahSpsvCXUbgwsL3JAcvokwaKt1eokM,False,1
p32eovgW8wSHGEhxmrh54vcEjKK54ugeby9TpVFpump,Gigmq8G4hYcUrSZpwH1UvDoHqrxJZG9gtkJmMDRCW3yL,False,1
pEHgiMpfKMYtv6Pq68a7XWuMBEJr2F69vFxEyRXpump,TSLvdd1pWpHVjahSpsvCXUbgwsL3JAcvokwaKt1eokM,False,1307
pMgfGRaCDD8dRfKSdXvaKTFxY4Xq5Gp8cn76Jvopump,TSLvdd1pWpHVjahSpsvCXUbgwsL3JAcvokwaKt1eokM,False,494
pNiRivfUujP5uafVU5oKJCLkHxQnt4jttXZKz74pump,TSLvdd1pWpHVjahSpsvCXUbgwsL3JAcvokwaKt1eokM,False,197
pY6FfgosAdNAw8PktTy5JfTq4aLFuF43P53nrAjpump,TSLvdd1pWpHVjahSpsvCXUbgwsL3JAcvokwaKt1eokM,False,567
piJgLh8axY1Q5bsgovRB3Nr4aVbHSHmpCbsTLahpump,TSLvdd1pWpHVjahSpsvCXUbgwsL3JAcvokwaKt1eokM,False,1
pmCRCbngAiHGyrwfKHWMPpeKJR6ZxKENN7BFe6Hpump,7ApUv6pfSguQDLYFdpqwe2Je2kJiWd3Dod2h4BBdjx9R,False,1
pmoUmddeDXF39uYBfibk6ioJmZbrSsj3y2Z9bnPpump,,False,1
poD87aHhy2TCfREdC5syQoUTjYd5u5BX4rYLYcvpump,TSLvdd1pWpHVjahSpsvCXUbgwsL3JAcvokwaKt1eokM,False,24601
q181ST7rmrrZrXgKButYmTb7Wt2p34BvLuvPWaypump,TSLvdd1pWpHVjahSpsvCXUbgwsL3JAcvokwaKt1eokM,False,1
q29o9fhTYvXbgbCiNacBNDRFErpvRvjbWHZ8GLEpump,TSLvdd1pWpHVjahSpsvCXUbgwsL3JAcvokwaKt1eokM,False,355
q3KpiHZ8G1NS3XzVsyczGWhpggzB8yQ63LxPYkKpump,TSLvdd1pWpHVjahSpsvCXUbgwsL3JAcvokwaKt1eokM,False,761
q8BbQ4bFssfpCra5krgAp9bFELTy1ZGZawLrsT9pump,TSLvdd1pWpHVjahSpsvCXUbgwsL3JAcvokwaKt1eokM,False,1
qDfZahKZsESymCMHSceAnCz4wrg2vkacRHontZSpump,BMivqhFYUedFeaDtuV3iefhNdcGbvEDAE1PXQqiBhqK8,False,50016
qKN4ZJDiA8YKYABfm3kAJXzMKVnv5YnTkfPdnbapump,4T99qGfsyJ1Yhwsf6MV9mXTy11e6gAbTLd6sG8H7q3r7,False,34399
qQkRz3BeTQMpFNxmt8w7ZQnpXV9bgtF2JHGnSpppump,,False,1
qVvJe4H4tjhDZMrptRJ2xZmYGnGgaNJsuiXzwJbpump,TSLvdd1pWpHVjahSpsvCXUbgwsL3JAcvokwaKt1eokM,False,1154
qXT8wZ6fvBgpozvR3o8fbNdZLQ3V4bKpftDXCC3pump,TSLvdd1pWpHVjahSpsvCXUbgwsL3JAcvokwaKt1eokM,False,894
qYcuH48G7CH73J5EmHuDY88NgoSi7FYRCWYZdD3pump,6wHKRGKPo7PX2NVc8z1TxifZLdqHU9PYyBhPJ2AtMR5a,False,28641
qeCF5gNsXCk7zsoTvSQjb5EzDbmYEtFJovbGx6ipump,74VWQnACt3ELdBErf8j7G7Pg29j2jkxCE4wp3WZk2yBb,False,2577
qjaxPBRrrnfT3h1EtbJazreGYFaR2cJe62mmbVnpump,TSLvdd1pWpHVjahSpsvCXUbgwsL3JAcvokwaKt1eokM,False,981
qm7sy3qzeN8ph3YYzw18mpkZvJHfT4EGuUri5ecpump,TSLvdd1pWpHVjahSpsvCXUbgwsL3JAcvokwaKt1eokM,False,49
qngniwkpKyvAdXWAvaHnSkEPhFCf9UyUJ14E77zpump,TSLvdd1pWpHVjahSpsvCXUbgwsL3JAcvokwaKt1eokM,False,70
qq1WDTeU4mYt3LrQvEEN5u9pJgFuXF24yZg76SYpump,TSLvdd1pWpHVjahSpsvCXUbgwsL3JAcvokwaKt1eokM,False,1089
qrf1QhqscwqB3e76KpEbKSagwoDAWQaWfrKegoJpump,3PhA6LgzeXZGxKYYJuU6YiN7nGwAZHvoDyrTy6U7NASx,False,881
qrfNri2mBaEPUPNAcX1ZtfFkUqLyLBnVRgJwMiPpump,TSLvdd1pWpHVjahSpsvCXUbgwsL3JAcvokwaKt1eokM,False,684
r4QvQGZbKHc4bLxGP6SueRyYDzuvMVdTqXeuWSipump,TSLvdd1pWpHVjahSpsvCXUbgwsL3JAcvokwaKt1eokM,False,1
r7cAkicWRENC3Pavg5CqTR2qJ78aB4H8T3FUWcYpump,5QkTveQynpcfujBuh1RNY684cz76ZQkp5sWDE6YGBxQE,False,24601
rAJ52YzBpixLb8hE1L6CGDuheLVnngTUXRptofzpump,TSLvdd1pWpHVjahSpsvCXUbgwsL3JAcvokwaKt1eokM,False,1
rRj71UGE6RDHpS3hiPij7yGgipzGtGj1XWVjkv9pump,TSLvdd1pWpHVjahSpsvCXUbgwsL3JAcvokwaKt1eokM,False,933
rTCBB7CWz3iNLFpPofCjuckWbxpq3UgqZoonWZPpump,TSLvdd1pWpHVjahSpsvCXUbgwsL3JAcvokwaKt1eokM,False,24597
rXh5mrA9pMcGjzeqFTvWXDaVfTdK9UVDcGiod7kpump,,False,24184
reAZwormetQAZ91WX1iaLRCYAKgKKu2w2uJS2qCpump,TSLvdd1pWpHVjahSpsvCXUbgwsL3JAcvokwaKt1eokM,False,1
reTfz5xtwM91ew4kByz1fu5ybZdsr4zAVduq49Gpump,TSLvdd1pWpHVjahSpsvCXUbgwsL3JAcvokwaKt1eokM,False,1
rjyT9DdKu47fsX9JfozX4z6Qk25y12kFaVuV7cFpump,,False,1019
rs5KL7r3ez7f37tKzkcDCZFUSpV64ceei8paMnEpump,TSLvdd1pWpHVjahSpsvCXUbgwsL3JAcvokwaKt1eokM,False,893
s7UHgekzhgD8H1HjRqMbYbTdz18HSmSWac1vw7dpump,TSLvdd1pWpHVjahSpsvCXUbgwsL3JAcvokwaKt1eokM,False,1
s88MQrEmdBgaFMskQW2jKvm1Spfoe1bVyYMKbc1pump,ADg1V8vAxpD4DJfhEq8MuakiYA3WmmBHsp5zcq6DmaGr,False,476
sG6rR3N36HBB5xq1jazC4zLYGc4o5DsZPeX48fTpump,,False,1038
sLqXBuKj1y1ZVwdHqJgE3Rs6JQNdB4vtA2BCMRcpump,Ftt6kCMTVoS5v1QC58nZQFpUsm4kxxtR4WXuwCQtFqHC,False,1
sQFP6ER6XgSgrjxf3LUS4XZtiuyoyGFyaAjsKvppump,TSLvdd1pWpHVjahSpsvCXUbgwsL3JAcvokwaKt1eokM,False,1
sRiUVkHbe3u4w3ApR1pDJjvQ3WP44mofY3GEJLrpump,TSLvdd1pWpHVjahSpsvCXUbgwsL3JAcvokwaKt1eokM,False,791
sSjvRk8FY7mAyysa3NrKS9fKhnYH1xDkdg3jjj3pump,ErjDyLaTEVgzPEsZAGbHkZtPqxxyaVhUbcEqVigmjG4k,False,1
sZBzbez5KiFmudB4V6EQkg87F44MZN8aeqwQPv5pump,HCjCgAAboGZrDJBgRiMbPN5DQXw4UUvYbUnuJh9QMqGM,False,409
scWCyX1MYViKL4SrERB89DKgnyTgLNB46uUHwpGpump,G8pUMac2X8rYHc9vJP9PiZbsrZM8E3MbxqamFEJyJEoL,False,29142
sfpKcf5dkDYQ5KvjhcoJQ1QjQck4ebvBH6TXg2kpump,29uWQ3ooMeB9xJbWV1QdMpDiiVSoXfx7Dp3uQvMQW9Xp,False,18045
sjCGtwQMPdnAcdNattthpiArZxxXTi8vkxrdrWWpump,TSLvdd1pWpHVjahSpsvCXUbgwsL3JAcvokwaKt1eokM,False,1
sxfDSstj6Bbpqt6z7nNVN3sGJbqEARduuewT99hpump,ArkdCAPErAo6KdVDTFA32YKnqaD7jfXsESFoyxQzDgnu,False,24593
t3T6HeyGqwtaTPQWaWwvVjsPjy7YLE9gLwCAt9Lpump,8sUzYYv7enrLmqEBQgbCEpkWrUx9cmzet6RU1UFR7jqF,False,5783
t88xfKdU2RnKAoo3Y8FcQaBjKTChdD7ixRLrRFYpump,GRYxcTj2kUudu38imMULqK3wkz7STtCA56Wh4CWgxbSe,False,23311
tK9hTbPGacU3gS8EkpSUZnQG51MNHmHM7kkYvDRpump,ACweW5tLeSVqwP89cqn8y6QiW2xqs9pEyHZdVjvTWuid,False,2349
tR3raH1rR7UNxrwB5NKbXH8ag7poGs2mu3KL3ESpump,TSLvdd1pWpHVjahSpsvCXUbgwsL3JAcvokwaKt1eokM,False,387
tS5rx5g7Chf8EE9bHrjfVtjmL2hBCKG22tsw41epump,AAaiSXdnobxRrRLMkMvARFpUJJNQY6nEmZ3EWVYjFhZy,False,24601
tSKH5SFxvawipUZ3PJA3tApZvRM3iHqf5jhUwCzpump,TSLvdd1pWpHVjahSpsvCXUbgwsL3JAcvokwaKt1eokM,False,713
tU5JWEtp5Ly7FkqpJEn81WZY1A4AUrtQLUUX2mNpump,2oR1sXfRKRBQZ7wH59WxA6SAoJL7f3Bpnr5EJdh22ufU,False,22784
tYdZ68tqPUssW1Xy2ZiTshAVmM1k6Z5NYzN6V2vpump,TSLvdd1pWpHVjahSpsvCXUbgwsL3JAcvokwaKt1eokM,False,1
thah8XiackGtVSApNcq9zBT7DdbrVUkGB5dHPizpump,TSLvdd1pWpHVjahSpsvCXUbgwsL3JAcvokwaKt1eokM,False,114
tpy1bxaYFf7eCaB4jEeKJCfPKW5p5wYg69CLf4Wpump,TSLvdd1pWpHVjahSpsvCXUbgwsL3JAcvokwaKt1eokM,False,1
tqASj1rKvf8sReaDQt1z2mMc58UrYAA8E7eq7i4pump,,False,1
uBR78nzmdk1W6wRxETznhW9jEuunn7ZTc9W3MGqpump,TSLvdd1pWpHVjahSpsvCXUbgwsL3JAcvokwaKt1eokM,False,14500
uP8JJj8swJCHpWkYJtuWHH8uhXTMWdKbcypjmckpump,C8b4YDkMwZfuXN2vCoxPTg3qsmFG2jJsUQvUeZw97iGR,False,708
uQpp5Beupw8xBev8WSxgyeUdgPT6hDBCEHjMjWspump,TSLvdd1pWpHVjahSpsvCXUbgwsL3JAcvokwaKt1eokM,False,468
uV5A5HPppZg2NNhrEXF21TVdUP8Z8NrhewRN12Gpump,TSLvdd1pWpHVjahSpsvCXUbgwsL3JAcvokwaKt1eokM,False,1189
umgcPr2uQHzmCerCu6kSPBiaUdMWZewRRQmQ54Apump,TSLvdd1pWpHVjahSpsvCXUbgwsL3JAcvokwaKt1eokM,False,1
unMk4NhEDPZSQsBt5xUFKKW1QM84hJpq8BrDHCMpump,8NeGUgg2WN5SJeFZQQ38REwa5Qm2NvTUPBnmbCQaXs19,False,988
upXq7eWbGq4AX7SATEoxzT7dKG5F3Xju88VbjKBpump,CL2uykUTPERekoYWDfthT6AiKpDQAUyVoewtpZrnFqza,False,24601
urWpDu9ngMDaDnhmRMs4DMAmki74wH8aVMtDNjSpump,TSLvdd1pWpHVjahSpsvCXUbgwsL3JAcvokwaKt1eokM,False,1121
uy1mw482h68XDAokGYh6G4m3xgyWXEqjmxPYxCppump,DSUsuMn7DgM28ewGsbuU7HCrGubuPRt5breakFLE4izP,False,108186
v8A95gsaLMdtjC5a7ioZTz1t29SKjQGoHVvJUhGpump,TSLvdd1pWpHVjahSpsvCXUbgwsL3JAcvokwaKt1eokM,False,1053
v8ZjLZmq4R5A1JWf2FyucMR9ADoQaKfjncyanKUpump,TSLvdd1pWpHVjahSpsvCXUbgwsL3JAcvokwaKt1eokM,False,1136
v9rPj3Z5x8f1VZ2kfP2yHDXMuewYvTSB8VsTXM4pump,TSLvdd1pWpHVjahSpsvCXUbgwsL3JAcvokwaKt1eokM,False,1097
vC5Mt7aPNPMAUgpRn1Csyjvggf2WMk9M9itgcfJpump,TSLvdd1pWpHVjahSpsvCXUbgwsL3JAcvokwaKt1eokM,False,1032
vK6gbziBMaSUH1R9bgC6QP7zMbqvanG2sd3kkcspump,TSLvdd1pWpHVjahSpsvCXUbgwsL3JAcvokwaKt1eokM,False,1222
vVBCW3d5z3Fi5nYKFRvqe1N2zS6gKB81XrCMGZdpump,HUeQE5xSYRV5HkS7wty1dZ5WUHycrmC13tS8byHrtvpg,False,21588
vVe16q1aGVSnZtK8PCXFnsh45VW6HCVrJPKCBSbpump,TSLvdd1pWpHVjahSpsvCXUbgwsL3JAcvokwaKt1eokM,False,1
vZDndYjfRiEPqPQDFs56ZZ1uMSH2xtp3vzYYCWEpump,AkhVs6Gq5dL71D7hr3VsjR9e6J5fLd5BKBA4ggPdCr38,False,24329
vZz4CG7njSwnVHCh8neWPY6tSxXHXvAwL5U2J2Epump,TSLvdd1pWpHVjahSpsvCXUbgwsL3JAcvokwaKt1eokM,False,1
vaBHTJ4SF4g4LKVF63cywvbxToZqicGhNcW3Mggpump,TSLvdd1pWpHVjahSpsvCXUbgwsL3JAcvokwaKt1eokM,False,1
vf86UfJXnoG9n4XQFyLxm49EXA9Adz3ZiCaMgwspump,TSLvdd1pWpHVjahSpsvCXUbgwsL3JAcvokwaKt1eokM,False,536
vh5zZ1RwNaJ8NFbk88rKPExzQKZutemxVzqQyCjpump,75NRhJrq6LzbJnQXPkfzdNsGvsJtCw3rRep8J7ENR9UB,False,535
vrp2WKE1jL3Mwkz93PzDQ17Mi54SinZQMGhhcdqpump,2ygzgr21hie39zXLFiSzcUrjqYheTpT64hvqwP8MQmja,False,207
vtM1M9oBVFWVxL1uHBYEFojtvLGRAbFVoPyTTDnpump,TSLvdd1pWpHVjahSpsvCXUbgwsL3JAcvokwaKt1eokM,False,2785
vyPu3cip3jEDPqkigX92LcLdwyaFxmbg7UJmSVipump,TSLvdd1pWpHVjahSpsvCXUbgwsL3JAcvokwaKt1eokM,False,304
w1qRJro4Z9jDL5T1xdMxWj5VJDKMdXkTh42VqoSpump,TSLvdd1pWpHVjahSpsvCXUbgwsL3JAcvokwaKt1eokM,False,968
w7yPvxbJfkCZzMXBWMRRZWWHr6acPupFC3bsSzVpump,TSLvdd1pWpHVjahSpsvCXUbgwsL3JAcvokwaKt1eokM,False,766
w9kuc5AD44wFYuaaXBbxcMPwVLocMpW2BuxuAZmpump,TSLvdd1pWpHVjahSpsvCXUbgwsL3JAcvokwaKt1eokM,False,1113
wGVjXYciac5tNkq1sPreutUTYwTAkkwxnsLKkjTpump,TSLvdd1pWpHVjahSpsvCXUbgwsL3JAcvokwaKt1eokM,False,30
wJKaQEDxnBXwj4RCqNKE3K8NZaG992bZYnottcupump,TSLvdd1pWpHVjahSpsvCXUbgwsL3JAcvokwaKt1eokM,False,574
wNz2fSKGuCqbYWaTN5rjnXcAumUs4qgYqeNucaLpump,66BYzY5pVogGbCtCZ6mfvy5sxm9iiwWc7YpsnGUmUrjQ,False,24601
wWFReHgDP3Jq8LAsPXVrAH64SJM9P2KkbbttwTCpump,TSLvdd1pWpHVjahSpsvCXUbgwsL3JAcvokwaKt1eokM,False,24601
wa7uPfXZMt1SXvN64hz7aANaH9EwFCRr8FrAMe1pump,,False,736
wnPkmRPF2qwmWs3hQsBUMo2fVt6uy7fAUMsPCtapump,TSLvdd1pWpHVjahSpsvCXUbgwsL3JAcvokwaKt1eokM,False,718
woSEkZ3zyjvdsy8iA8nE3ieBjZku4bLiQCfsA7tpump,TSLvdd1pWpHVjahSpsvCXUbgwsL3JAcvokwaKt1eokM,False,24601
wpU56BR9qLyA9bxxF2uLtULERVZFvtuLtcXdL9xpump,TSLvdd1pWpHVjahSpsvCXUbgwsL3JAcvokwaKt1eokM,False,1
wprGjttAFhYoQpLak8HTXxmnTqTBhWNGqP1ftX5pump,TSLvdd1pWpHVjahSpsvCXUbgwsL3JAcvokwaKt1eokM,False,688
wyuvCdPWqVRTZBZWkWzAiU5do7viCKFtrHZU34epump,TSLvdd1pWpHVjahSpsvCXUbgwsL3JAcvokwaKt1eokM,False,36
x1Qrcg7N1HG8PsRMAJdUqQYX7FRMDVxgTaJj3CMpump,HGkF8dBsgmMYyhBpvVwjh8W5Y6C7WQCAxN4EbNMsMmee,False,24041
xPTxS7LmrdVQFYvR2zpq1VKiFrXNA8btU9RqSvbpump,TSLvdd1pWpHVjahSpsvCXUbgwsL3JAcvokwaKt1eokM,False,2796
xWRagCxtatP2hoCnbmJ1EtyjpTHNcLSRFk91fGVpump,C4tAoT6j8eCJWpXirKmnd9Wpy3WBSj1ifgT57CZiSo4d,False,24601
xeq8wHPsiZyyz7HbHzzbhSjSBybWtM1bG3ptga4pump,TSLvdd1pWpHVjahSpsvCXUbgwsL3JAcvokwaKt1eokM,False,1
xhwAYVbw1qhEmNshrhSs5hzJU3EMSfVrWVyrf9hpump,Gge97pV5AqAwH4hEeJX3QzX1hXLWsvPkZaaZ4K1KYe2K,False,2878
xo1iraTXVnypMXiFeXxsdoAoertdm9kG4e2PtMipump,EGf2Jqs96ApRixSg5heQ4CSDhoZRH2GzHB35BAbEeXYW,False,24601
xsrvMzs8LtJ54bUfstx3CJPYi26xaTpjSUpiHtMpump,TSLvdd1pWpHVjahSpsvCXUbgwsL3JAcvokwaKt1eokM,False,24601
xtHkjFK2PaYcGkxwWsTSraP2ME3Cz6SQFkZvLKfpump,TSLvdd1pWpHVjahSpsvCXUbgwsL3JAcvokwaKt1eokM,False,2577
xzWxo26ZMjCb488E42qkBFZhzQTvQ2dBpQypo6Vpump,9dEA8vdWxBUPKYiGTmpJ2RdGTC32jPYKbQx1JSVPE5N1,False,23773
y6okqaU24hmSVLnsJL5rpa8pUbQKUfRMz5cnJq7pump,TSLvdd1pWpHVjahSpsvCXUbgwsL3JAcvokwaKt1eokM,False,515
yG6bXPEFaUnGAEHHqH9H7t1VSfaK7YrggCqHy35pump,TSLvdd1pWpHVjahSpsvCXUbgwsL3JAcvokwaKt1eokM,False,1
yJcC48AWnaFQxb4CfZY6U19aQr3Pw6RKVhuGCLVpump,TSLvdd1pWpHVjahSpsvCXUbgwsL3JAcvokwaKt1eokM,False,1
yLyR8w5yQj4pGm8P1Ta9LMFMEHSBypoWBq4bR4ipump,FgzmdjRHJioujswsxy7mc6E4Miw2Ws8iHk2B2YEGZERX,False,2001
yQhWVpCchn2jGeMVqAqBLdi4EGcT7dutLhJNBTWpump,Bbs1uBqdReuw3BFdFHRMXHqhcVszirxJ5Ghai6SNkpCM,False,24600
yUoN5AC3RrHkXUuuvjcWGkitMSBdC1e4zxcDTY7pump,TSLvdd1pWpHVjahSpsvCXUbgwsL3JAcvokwaKt1eokM,False,1367
yVvhbLA1p4ojvDVxr4VSUQDpRRJFfRmMxK6PTxypump,DWuBWu1oJ3N5EU9YdeCpuKsgLAkew6GDqNkmLhZ6mzJS,False,31587
yXRJp616d3wNaRkTEQHEX6GAzbspP6C9BQHLs7wpump,BosLRnCXG693xH6p7S3enyHxBPHnx56h7aBWtWegAzTn,False,24601
yYKHM9X9y3Py9XVrxCqEVxF5iESsr9YqQzRWAQ9pump,HZzvkhNh7KgTcMPPJhsXbuZRGWnKgv1aLGky6de1TVAi,False,22599
yi5fD4HwUztSrFc5yfzqkyF6cWhzNxwXuoRz3C6pump,,False,24601
ytB7iAXsK7jgidKExXJoYmR8ZDX9ihM5DknyXoTpump,TSLvdd1pWpHVjahSpsvCXUbgwsL3JAcvokwaKt1eokM,False,192
yvpg1YuXgjUNH4uGsfCqmhSX3YrNXNqtc31utTZpump,TSLvdd1pWpHVjahSpsvCXUbgwsL3JAcvokwaKt1eokM,False,843
yw1qQQ8Y1o1QMd4binGzyDxgwQZfrKATgvNS2azpump,TSLvdd1pWpHVjahSpsvCXUbgwsL3JAcvokwaKt1eokM,False,923
ywF84vf9CtLQ9vcowKxpzrFVAZtMvcewRBBWXWPpump,D5oL6eLL1DArgruab1SRdooCgKLSvgdQ8wpcbm93aPXo,False,23689
z2L3JxoLJi2Vm7BqcKKz1ydybSmYxsYGULkybwppump,TSLvdd1pWpHVjahSpsvCXUbgwsL3JAcvokwaKt1eokM,False,192
z9VR7P6fQWYmeAhv9ExKgz76Hc344W31nQxYBs8pump,TSLvdd1pWpHVjahSpsvCXUbgwsL3JAcvokwaKt1eokM,False,893
zCiopGuwMcZGf2FE2asfKyEn1aASJzYjDPyhFVCpump,TSLvdd1pWpHVjahSpsvCXUbgwsL3JAcvokwaKt1eokM,False,1069
zDPG1gWiT91HRXKThyib4qWkfWGAogWJmCyhcBhpump,TSLvdd1pWpHVjahSpsvCXUbgwsL3JAcvokwaKt1eokM,False,757
zGh48JtNHVBb5evgoZLXwgPD2Qu4MhkWdJLGDAupump,,False,1
zX33wHXxNau6kUbfah3dtJcaEiRA5YYmLRAbyiTpump,52mXWzgdyhTYx5nBPxZEDCUn8RP6oPszZNrtBRiYAsJs,False,117601
zZZnYd34JnnmCAzWtZFNWYLDb1VGsWGxtrxgV8mpump,TSLvdd1pWpHVjahSpsvCXUbgwsL3JAcvokwaKt1eokM,False,1334
zatHUKJXCvgYBkbDMFn6Q8FukeLQkywroBw5Uv4pump,TSLvdd1pWpHVjahSpsvCXUbgwsL3JAcvokwaKt1eokM,False,722
zbVZVKpWGUSJ66yyXDFkUdS5Cmv88ZCqE8asahGpump,TSLvdd1pWpHVjahSpsvCXUbgwsL3JAcvokwaKt1eokM,False,90
zcvZ4aSknHqgHHfxPd6iLH2zFEsTLsSdLuZtiMRpump,TSLvdd1pWpHVjahSpsvCXUbgwsL3JAcvokwaKt1eokM,False,666
zezJya1acNmn2VeyvUPc9jFgUzk5Eip5h9TDVQxpump,TSLvdd1pWpHVjahSpsvCXUbgwsL3JAcvokwaKt1eokM,False,983
zgj2ioZiyY9kiuv1VuKVepqQutoWxqAdVPKYQYCpump,TSLvdd1pWpHVjahSpsvCXUbgwsL3JAcvokwaKt1eokM,False,1221
zkMcRAizFLrB1w3jN2hAF2supEjPFJZdaoqahzdpump,TSLvdd1pWpHVjahSpsvCXUbgwsL3JAcvokwaKt1eokM,False,1064
znPpFUHDMqhJYZ2XMguj3CygtdA3dG7fuUQCp2Wpump,FPQdv2TNZBxKgp8EHSXDMP89dPrVA9LPtc41B5UcrKNN,False,9630
zpuZPYnuiRnqBwpArEjkFQ7DvdLp2WDDnr9dTt8pump,TSLvdd1pWpHVjahSpsvCXUbgwsL3JAcvokwaKt1eokM,False,464
zqKrzBEwTVfyFhUdLArjcan4F4kRSc4gu7gZvzLpump,EbMSamTsMtsM4AtLSnGrdiKx3icTa7Hg4VvZcpPSYFYG,False,24601
zv7sPWi2CKH7CfDcsRY6TUnsupAHaWJypfCLeMnpump,TSLvdd1pWpHVjahSpsvCXUbgwsL3JAcvokwaKt1eokM,False,24600
