mint,label,status,top1_pct,top5_pct,top10_pct,top20_pct,hhi,n_holders,mint_auth_live,freeze_auth_live,is_token2022,risky_ext,decimals
123yP1S39uv8EdfA3oJMRw4X7QNhPbsfPQC2DwJxLqbi,1,ok,99.995,100.0,100.0,100.0,0.99989,9,0,1,0,0,7
11UWkTuhDK4wkzJzpYu7WnztNcwocNVZFPxVyhEpump,0,ok,86.518,95.582,97.776,99.308,0.75156,20,0,0,0,0,6
12fhde7Sur7DBXwCjKRbfR9H3fAsc1MKHMdqaEnqa1kf,1,ok,19.75,42.439,47.73,55.334,0.05731,20,0,0,0,0,7
12Xzs3mXthpCZHc5wd6KN8aFBAbrzN2jZuCPMq2mi77B,0,ok,41.097,87.452,90.1,92.689,0.32002,20,0,0,0,0,6
13ZJyctFnbGcPeqtPujZ8BEQq6yKZ4h2KWS6eauD29h4,1,ok,99.69,100.0,100.0,100.0,0.99381,20,0,0,0,0,8
13mDz2buSTfEeum6XhTCBCx2aToq84XZQbL631N4FS5f,0,ok,26.48,36.808,44.066,56.849,0.0764,20,1,0,0,0,6
14WgmYoWB3ord3kNKfqozb8RjyuYtaE26BRF7Zcss6uk,1,ok,97.475,100.0,100.0,100.0,0.95077,5,1,1,0,0,6
14pFLh6Cqcp4mkU8YmZvRas7JF5khDJfuTKdcMvJXT4d,0,ok,73.434,99.286,99.989,100.0,0.58411,20,1,0,0,0,9
1SSBwC8hxB4GXzKKU4ENNpST7zgpTmucDe9NoAopWXX,1,ok,26.865,66.067,92.122,99.743,0.13653,20,0,0,0,0,9
1jcCHdraURCKJZkNAPgKFqQAiJzssCzEiXjzoMkxLBo,0,ok,33.147,85.526,95.218,100.0,0.19046,20,0,0,0,0,9
218zQjzBFXQ4HovbrhtMMUK8BwBXWTVN16y4LkFiW5ht,1,ok,99.916,100.0,100.0,100.0,0.99831,15,0,0,0,0,6
2228n1BPZuuEdtm36mie5DtftZoqVGKXDKnqzG58pump,0,ok,98.736,99.396,99.604,99.801,0.97489,20,0,0,0,0,6
223rLjkQ2Z985NrXJmFYtw7FEdNwsbqPHTLMEZodhsNF,1,ok,90.101,100.0,100.0,100.0,0.82162,15,1,1,0,0,6
22yDK1KQMmWh5mU5JD9XiFMKBnpt1DVoWfPYcDs8dd3f,0,ok,90.442,93.039,94.256,96.002,0.81823,20,0,0,0,0,6
23GVdLP8KxpKSUUR6BVz9cptUYYn6rgSwTiAjckJuMbF,1,ok,68.733,99.989,100.0,100.0,0.5304,10,0,0,0,0,6
24a1k6wSDQUSwoRXJyvkr25kF5do8f6Ddff6A2fTc1pM,0,ok,93.734,96.775,97.847,98.978,0.8789,20,0,0,0,0,9
24LZN9xZDuykKD5PdLYKiecSyAVX4UUQQunBsoBa5Qyd,1,ok,28.905,88.551,100.0,100.0,0.19632,20,1,1,0,0,6
25f4SEFpExeZTmorMvDi7zWAx9h2zxM7Q7SgkSra9mYz,0,ok,60.07,71.481,80.207,90.959,0.36688,20,0,0,0,0,6
256WDysVG4P6GYUqDDnoLdyEGrzqim1B4Py5Uaof8Ms1,1,ok,57.511,82.404,93.91,99.908,0.35314,20,0,0,0,0,9
26MhAs1izhQDbTZTKLCd38SPB5KUdY1HgTuwFdyBpump,0,ok,97.789,98.967,99.402,99.76,0.95634,20,0,0,0,0,6
25yPcyqSpSv8T2JWyoKKRiU622Sr7LoMk9S3FmuBFt8S,1,ok,81.732,92.422,96.874,98.372,0.67163,20,1,0,0,0,2
275gHC7WqaeccZSHJ86mjPYzrKzmTVTXjWeHgttjpump,0,ok,91.606,93.427,94.302,95.302,0.83929,20,0,0,0,0,6
277weWTiKSc3uRk1B4zMqiib2AXnuisUDFCXVWXUC6a7,1,ok,71.335,100.0,100.0,100.0,0.55072,11,0,0,0,0,6
289W7Wmn7Sv96jDNjFcyh42WuV55MdqEsmQ2By5Qpump,0,ok,98.32,99.258,99.643,99.916,0.96671,20,0,0,0,0,6
28ER9oWz6w8bweHxAwhm1mio4m6z34L5pbtK9WTcBxmm,1,ok,72.277,94.286,99.78,99.988,0.53678,20,1,1,0,0,6
28wq1Tt6Xtzh9HJ1q4pWLHJnge2aNfsw5c81PinN9b5C,0,ok,83.608,87.943,91.177,94.016,0.69982,20,0,0,0,0,6
29Fy8aZ9fk4aJT599wdus2rcQhs5L4sFoGLrpHNsrgxJ,1,ok,86.372,94.442,97.058,98.351,0.74816,20,0,0,0,0,9
29bPiMik3DsmaCgSDstHusWtvkMttuZABgqGZS9Epump,0,ok,96.933,98.994,99.413,99.789,0.93975,20,0,0,0,0,6
2ADp9RV8wqEgQTzZ6CjbCAAA4MpvyioCzVJ3jBhCpump,1,ok,92.581,99.183,99.788,99.998,0.85884,20,0,1,0,0,6
2B4dZwaNRdRkkDoAA1mJd5cvTFrP2VnqcwvGfoLVpump,0,ok,94.841,96.872,97.76,98.62,0.89963,20,0,0,0,0,6
2BEdvDmMvkzzBGSXpJkinq37X2fUkKbyKuowq6XAGt27,1,ok,90.949,98.539,98.857,99.063,0.83177,20,0,0,0,0,8
2Bu9X3qVimc7LGBnc1bZQkLtXWFgnPdTdu79fqqdu5V4,0,ok,90.429,93.384,94.702,96.232,0.81806,20,0,0,0,0,9
2D1uvMNh5FgjDyuTvhfwdD9ALZPoDNBqzr9f6k8sFhAx,1,ok,42.057,97.559,100.0,100.0,0.32098,20,1,0,0,0,9
2DZGTcRTe43xmmXqTDNCWELkG3AYSq6QZyhiAv2F9yNq,0,ok,85.126,95.297,96.368,97.447,0.7305,20,0,0,0,0,6
2DwDk3zYpPTGLJh1orywMS2MirpDrHj7GeHQP8Cj4LrK,1,ok,72.31,85.611,90.191,94.585,0.52954,20,0,0,0,0,9
2Eb2d8QA2z1YQG7JGPxfwr7Si3HxmFTGxihDkCTyzbSo,0,ok,65.251,84.517,85.728,86.654,0.45505,20,0,0,0,0,6
2FLDXgNLwffZgMGvPBLc4ABS2Z3MhWXK4EjnvUGW6sZi,1,ok,93.96,98.406,99.473,99.87,0.88346,20,0,0,0,0,9
2FTwT1MYmAeUhCZaVkxBVcqBL86K8Hgdx7NAmM99eUow,0,ok,77.477,88.728,93.109,97.397,0.60539,20,0,0,0,0,9
2GTEst8DRuE4Zb8rF7zvLznJz95MAucQ1eUngXgDGiwK,1,ok,85.083,93.077,95.533,97.638,0.72615,20,0,0,0,0,9
2GMEDWxPhdBicySMjUky49UHgXutxQ8SJjWyrcKPpump,0,ok,66.967,73.949,78.154,84.391,0.45058,20,0,0,0,0,6
2HgTaR757aYPj1gbYykZpEPdhjHVu1fisdFBiLsXswAf,1,ok,32.122,84.334,93.979,99.544,0.17952,20,1,1,0,0,6
2HKQa8VwWK8C6VnJeUp4GePY3YgtXCbRxNZnuFtnLnJ6,0,ok,98.818,99.974,100.0,100.0,0.9766,20,0,0,0,0,9
2JtKb28ZZ747q6vuEurcRCuCkSiAa6iMJVTzdGT7PCCF,1,ok,68.688,100.0,100.0,100.0,0.56985,14,0,0,0,0,9
2J5uSgqgarWoh7QDBmHSDA3d7UbfBKDZsdy1ypTSpump,0,ok,84.79,90.797,92.331,93.732,0.72039,20,0,0,0,0,6
2KpNqQneeCxKxj7JeKWfvLYX3KP1CMu3TZfeapddYwtU,1,ok,99.702,99.877,99.931,99.977,0.99405,20,0,1,0,0,6
2KWx4HPrSHXtdzHYgsdJBEhZuap9433mGn6Lv6Szpump,0,ok,93.177,94.029,94.712,95.716,0.86824,20,0,0,0,0,6
2LdAXe3mVZZAKPFNjkYp5ZudQXadgpuAASpx7ivGmXSY,1,ok,26.117,57.208,73.534,92.378,0.10805,20,1,0,0,0,9
2LWukANhw6dX9CTezsfMLEG3cNujhzqzgMK6pKhHpump,0,ok,93.916,95.832,97.046,98.071,0.88215,20,0,0,0,0,6
2MtZwWpgSShBCNZvsSHgzsg6pcnyeB5369EA8H5q5t73,1,ok,89.487,94.647,96.481,98.149,0.80166,20,0,0,0,0,9
2MQAtTdvcCJmdd5xdyAREZUsPYerWX1XSur5nFuVpump,0,ok,85.68,98.68,99.855,99.999,0.73959,20,0,1,0,0,9
2P68w6AU5gB1m5tKUU7XrG99oehGyStA1dCcbTXuDHo4,1,ok,90.768,99.981,100.0,100.0,0.83156,20,0,0,0,0,9
2NVghefqf3M2WHJGd2opN6jVCa24yCXhsR2V1YmUkt3U,0,ok,85.784,92.355,95.704,97.103,0.7374,20,0,0,0,0,6
2Q88DmD6pdEFbhozxmPiWVwxFSfYGEsFdMNyh4XT2jpW,1,ok,98.097,98.878,99.169,99.547,0.96233,20,0,0,0,0,6
2PaCt7G3L1Q2UoiSfRKDbREvM9RTticm4iEMXtJUoyPQ,0,ok,97.089,97.793,98.462,98.912,0.94266,20,0,0,0,0,9
2RApkeZ7e58PFs2EG7gFsuH5uPtQ7oPr5h9JrFiRA253,1,ok,99.244,99.872,99.999,100.0,0.98496,20,0,0,0,0,6
2QZ37M2shSm5Kkg78ndq9BiXiSwCu16fmmoKD61VYYv5,0,ok,89.249,93.15,96.089,98.536,0.79718,20,0,0,0,0,9
2SLk7TyBrZyoEsWqvtMY91Co3HFvucfGhdAAK49hpump,1,ok,93.586,98.966,99.489,99.749,0.87713,20,0,0,0,0,6
2RuaDUgeHV28Y5eNmAWFsxZgPjrCLwE9DjWy2TXxjZ99,0,ok,66.121,96.009,97.918,99.115,0.47798,20,0,0,0,0,1
2TDP4BUfsT8vopYqwvpnED8T65QgFbMa6fHeKx7mquS4,1,ok,73.004,98.479,99.813,100.0,0.55224,20,0,0,0,0,9
2T8VzQDbvqyUE6yXf6UoP4WNLsBmkGB1nQZkeegcpump,0,ok,96.204,98.113,98.571,99.046,0.92573,20,0,0,0,0,6
2U9zSd3LJvoYdNs1G85eufq8F7Wt1jawokVBTPxAuF57,1,ok,99.999,100.0,100.0,100.0,0.99998,20,0,0,0,0,6
2TnxSM3Rub7cz5pLAzZ5BgXpPxmcPSawn1hS5PoGpump,0,ok,90.563,94.136,95.62,97.117,0.8206,20,0,0,0,0,6
2V7L7fPq7Y8G42hrCZ8RYrRPDPAQMuQpuNNebUKUTuXB,1,ok,99.915,100.0,100.0,100.0,0.9983,8,0,0,0,0,8
2URMNdncyCuLD4djrMR7amjDVf5pQbk3H8z9zG3R3gKb,0,ok,76.177,90.063,92.284,94.346,0.58736,20,0,0,0,0,9
2Va7TEcENnAHi71ZrnxPRhGnjNGVED4qs2nQKaxCQ9Xc,1,ok,21.22,66.749,79.885,90.298,0.11452,20,1,1,0,0,6
2VU3VPAyKtF73wRGQ725U58XzzhRfkHzU3Wqsq8Pu1d1,0,ok,93.181,95.879,97.292,98.278,0.86851,20,0,0,0,0,6
2WuHDANnd3Cu9U3myTe94MFyLqRTnTrnbjHD7KBeXqoR,1,ok,34.349,99.721,100.0,100.0,0.31584,20,1,0,0,0,5
2WSv3UgCuhd3Pzkak22fL5hUqkiT3mau8eM3Daerpump,0,ok,93.828,98.379,99.103,99.656,0.88121,20,0,0,0,0,6
2XnUMLpFVNK3cvuDKFePwCHjmMGv4TdQXXb7m1BwGgZo,1,ok,96.89,100.0,100.0,100.0,0.9394,20,0,0,0,0,6
2XFyjCNQLqDUhMo4GtfjGvMdB5xpAdA59ZqyvE7QPUmp,0,ok,84.655,96.264,97.692,98.587,0.72455,20,0,0,0,0,6
2YiCV4ErrJkKhZvTSW8hmmm2zAW7Ptojdi1RU52CTcEA,1,ok,38.932,99.855,100.0,100.0,0.30459,20,0,0,0,0,9
2YR72Qtd4Z4odM9TNXLbdJRCsyYQj13p7FcfNBR8pump,0,ok,96.088,96.73,97.218,97.906,0.9233,20,0,0,0,0,6
2ZpSuvaUYt1fedtCQ9GkJFuxqZG66moVPEgtWT7Puwr1,1,ok,95.479,99.521,99.552,99.614,0.91219,20,0,0,0,0,6
2ZZaE2gNQSPZLEFiNzBewgQhj3wGpx4oDzuAawh4DHBB,0,ok,73.913,88.535,91.009,94.138,0.55901,20,0,0,0,0,9
2bJqYB2Fyfci1XyhXGxKBDLBBRARu4MXouajLYBpyMLP,1,ok,92.055,99.271,100.0,100.0,0.84914,20,0,0,0,0,9
2aZGrXhBbWmeeEKR9R3uUBQFjiHbo6i3MPyk4JkGehiF,0,ok,57.107,78.618,91.025,99.979,0.34298,20,0,1,0,0,9
2cMfaPNGWxYWpqfVTAXB7dtBuHnq5z6pDrpGKMCuJo3Z,1,ok,93.442,98.875,99.831,100.0,0.87423,20,0,0,0,0,6
2cN9KpYY8RDax7G8szsNRfZWNNNejSVTHe7SoA1ipump,0,ok,81.494,88.719,92.962,96.489,0.66601,20,0,0,0,0,6
2dMKWJq3TwiVdsHo2St1bJxXFyLocTCYyeVdWxLqQYtt,1,ok,85.103,90.502,93.907,96.231,0.72533,20,0,0,0,0,9
2eB9uG2eBwcBDuccHjDv8kM3fwMYYaTfnTqC8dYzKbSy,0,ok,87.585,97.627,98.384,98.972,0.77121,20,0,0,0,0,6
2eN9kz6fd7fVBFVP7rgE6QVWpYToXMaL468AMrhBoQMM,1,ok,63.729,76.049,78.782,82.904,0.41212,20,0,0,0,0,9
2ez1pFrqmsXa4688qMQezgxGq7cDWhKPebJTHPSdUXDY,0,ok,92.28,95.356,96.535,97.602,0.8519,20,0,0,0,0,6
2f1xPMPgLuq5jwSMDnHrug1cH4uQQjojbNaVBUpS8ZRF,1,ok,76.614,95.844,96.702,97.202,0.61392,20,1,0,0,0,3
2g1ikRgMiosqMJDTrTfp2BQ6nJww3eE2GqL5EUcKveb1,0,ok,81.6,91.832,95.337,97.984,0.66904,20,0,0,0,0,9
2fgYu8vYZhvVsocNM4y4HcrZCCPXYcoo8mZof5hJ3miw,1,ok,39.819,99.953,100.0,100.0,0.35625,19,1,0,0,0,2
2hAq66QHMbpQSNAAoQa15ecAnbNKtJjJwvSZLPbfTBvo,0,ok,84.182,94.041,96.715,98.778,0.71169,20,0,0,0,0,5
2gfnfn8uEGVWcuhF6wFxcYPurKixL18kNHWQjn5UAbkE,1,ok,97.653,99.671,99.934,99.979,0.95377,20,0,0,0,0,8
2inGgHUX5pBRhMTyHpSsHeSP658ofKR4i5r7G9nopDJQ,0,ok,95.485,97.609,98.46,99.136,0.91189,20,0,0,0,0,9
2hfqGSRpkDkKXtp86Hk7WqwDG7DReZBCVjX7ADA9k6tC,1,ok,98.7,100.0,100.0,100.0,0.97427,20,1,1,0,0,6
2jTrC3QB9fzNxG2jbDFMtSjLyqk1NtdhydV3Km8zETBd,0,ok,86.44,94.878,97.362,99.277,0.74931,20,0,0,0,0,6
2ipCRr7wmnRRXyqwsJWQzzVNhHSLSkxZrWwB5MuQghUE,1,ok,91.437,99.357,99.983,100.0,0.83839,20,0,0,0,0,1
2kaRSuDcz1V1kqq1sDmP23Wy98jutHQQgr5fGDWRpump,0,ok,46.383,56.853,61.849,69.372,0.22037,20,0,0,0,0,6
2jcrkSkNqBaBkxiyqZDEshDE3aMqLsaahuo1qrJQDXgC,1,ok,99.903,100.0,100.0,100.0,0.99806,12,1,0,0,0,9
2mnGSkXH1h6x5qmhwoQzAZDKa83vnRf8wNkNWVbdv7w5,0,ok,51.145,67.162,80.075,90.696,0.27304,20,0,0,0,0,2
2kvP29UfcR4dANBaVZvRapRbK2xgikbp62nZ5zDSMsG7,1,ok,38.806,46.535,56.173,75.39,0.15764,20,1,0,0,0,2
2ndiaU8reQhzGGtf4kvPf2wNiPCgeFVkhopGdVRXNmC1,0,ok,78.291,87.68,89.884,91.821,0.61656,20,0,0,0,0,6
2n1ZCHCjKT5dB3iMR3ALdAXHghQQuW6dwNuGYnq2xMDH,1,ok,97.264,99.088,99.563,99.838,0.94618,20,0,0,0,0,6
2oMw96FHHz1iPVusVFjoyhvAJCMHdG5JSRoBrfL8RSfb,0,ok,100.0,100.0,100.0,100.0,1.0,10,0,0,0,0,6
2o4LatpT79muKf9Hn1uAezzbzKRENFZhPvE5spPRuz7j,1,no_data,,,,,,,0,0,0,0,9
2pngLT6YDApMFLV6uzhffDLR4aLJXTD3AenpkJNrrZZB,0,ok,69.65,77.084,81.503,85.764,0.48719,20,0,0,0,0,9
2pDPRsmHo9rP8dYqgimEPxpAbazDjc3Cd4YQb7TH3Z5h,1,ok,27.246,93.949,100.0,100.0,0.20158,20,1,1,0,0,6
2qX8eZXbTxFYr7QdmUtmEfxMRGHpBNX4BiA1RjsjKJ5Q,0,ok,98.424,99.417,99.629,99.829,0.96876,20,0,0,0,0,6
2qKUhaJ9Wkzv4nStkt9uPfUSHivUejtcqY1fN6s4wYJc,1,ok,89.814,92.532,94.152,96.088,0.80695,20,0,0,0,0,6
2rEfiHYvhheH823ir8EjSi78BPHBbnrRKgcdASx15Wh2,0,ok,46.36,82.863,99.382,100.0,0.25446,20,0,0,0,0,9
2qxFHxLhBxaKPHCCnSYujHanvhW2tp3L6kiMVbecnqbf,1,ok,95.336,99.864,100.0,100.0,0.90977,10,0,0,0,0,5
2sGrkjfcp6VYBahpWLLM1Atq5j8cUffsbiGikShguygh,0,ok,95.238,98.049,98.831,99.363,0.90728,20,0,0,0,0,6
2s4usVWYom2JpmDi7RwqzWdPHKamnQ5NwqJE16NfR2FZ,1,ok,22.39,55.741,70.039,88.01,0.10545,20,0,0,0,0,9
2tQcoj33f6t8V2ADi6Ecb1kanX7kHSAs1yvV4kDvpump,0,ok,93.466,96.103,97.694,98.696,0.87383,20,0,0,0,0,6
2tBXWaHvVgJYPirMScFwbboadkA6gZFSrJ3bd34fAJac,1,ok,98.697,99.911,99.987,100.0,0.97417,20,0,0,0,0,6
2twniGDWiibKXDKeFUaeomAUXfcET9YdsRxst4XZf3E8,0,ok,49.854,64.005,74.678,87.365,0.25801,20,0,0,0,0,9
2u5bEpkZ4QeR4CcFZJKwiNgDDJnXmzRj35JCiEU91muQ,1,ok,44.171,95.213,100.0,100.0,0.27125,20,1,0,0,0,6
2vCyYfX9FNiUXa4LkfmMiJjB3FJPirXroXZwyDVHaM4A,0,ok,34.268,63.71,72.568,84.639,0.15583,20,0,0,0,0,6
2v3DaQuXT6RSanmxcRZA4LZ12M4GqXsL2RwFwA3HrECb,1,ok,87.547,93.935,95.861,97.95,0.76769,20,0,0,0,0,9
2wcMKxQjXwDKA2W7Tbgxd8B2Nqg1Zb8X9unvDH4Liaqa,0,ok,67.141,84.553,94.681,99.93,0.46163,20,0,0,0,0,9
2w1tXAH1ywxYCwx1PLyC2NX7CUnhhF5x4iNrM19VKiNb,1,ok,100.0,100.0,100.0,100.0,1.0,5,1,1,0,0,6
2xzqvAzbECqJHxHuXyUb1T9QRjQawAHFzBYfcj1sNF4M,0,ok,98.714,99.388,99.632,99.857,0.97447,20,0,0,0,0,6
2xWD61igWtcaGeq7AJ2qmmoQwX49e6XrKSZhNizXsmQh,1,ok,99.488,99.978,99.986,99.998,0.9898,20,0,0,0,0,9
2zcGjrs2eTw3rqpND9jaaXGcW45mTvbFLVWZSKu7Mz8K,0,ok,28.607,67.906,83.78,89.652,0.12962,20,0,0,0,0,9
2yvvk449XhGPAEk13Xx9iGo7MVKuH39ohosQ4dhqxHQx,1,ok,91.5,96.517,98.905,99.965,0.83804,20,0,0,0,0,9
31LHWxWCaprZFP8KhsXU18LX3iZ84bcJJ3aQfjUVrY1n,0,ok,90.794,95.615,96.869,98.227,0.82538,20,0,0,0,0,6
31Hs2q65PzU2iNteMPSTTLNk4zt1Jw5qo9qxg9aXpump,1,ok,91.124,97.878,99.02,99.815,0.83165,20,0,0,0,0,6
323BzjV8QtikfoRSiftgXdnhGrEzWCh2Trtzgb1V4XQD,0,ok,98.514,98.764,98.801,98.835,0.97051,20,0,0,0,0,6
32ZQ7U6eUUkriDj62252pw2ZAQaw8F7rU27BSYNf1mJE,1,ok,95.521,97.593,98.875,99.573,0.91259,20,0,0,0,0,9
32hUYG6DVZ92N9N839D2Hc5bUWGQTSVdYUPNBHNLpump,0,ok,45.374,54.666,62.555,70.634,0.21006,20,0,0,0,0,6
33WHCXsrofSQSfR7EuQ6Xb6ENnb4vNTdSCiKnyNm73UY,1,ok,93.894,97.669,98.732,99.294,0.88207,20,0,0,0,0,6
33enRUFdUDj2deYT28cJyhapY3bQ15xMLH6dqQC9pXeJ,0,ok,90.358,97.53,99.83,100.0,0.81827,20,1,0,0,0,1
34xVTYiiLC9TiU37sVxKGiLN6gYgMX37BfUcA3GLZwSw,1,ok,80.969,88.143,92.46,95.484,0.65742,20,0,0,0,0,9
34Sg7q8qXAGPyRGgRCLbw8wv1gh4fGX3qMu7E8N4db9A,0,ok,81.103,88.934,93.273,97.226,0.66018,20,0,0,0,0,9
35gUydvujQtcBGJN9bQDDzyt6dtQfTBMRTpwsakJGhm9,1,ok,41.239,99.834,100.0,100.0,0.30853,19,0,0,0,0,9
35ZVuCfjJ8DpFXWzNBeWW2q399R6SKRcbePFhv9npump,0,ok,83.74,86.807,88.346,90.28,0.70169,20,0,0,0,0,6
36XgBJVR9UK4CLmn3YhdE7mEsyMLS97t7Ca1rKjVkHNd,1,ok,98.836,99.788,99.914,99.979,0.97689,20,0,0,0,0,9
36qPkdq3PgsvYqEsc6zRjpPoZ6fTLokr3UMoCnpqpump,0,ok,98.78,99.563,99.762,99.943,0.97576,20,0,0,0,0,6
37Puu7Wp8F4KyJWWbXzWt3qgVYvTGpPMsKfXGrhnP3BS,1,ok,62.9,100.0,100.0,100.0,0.50817,14,1,0,0,0,5
382stwqaL4TztEZpu8pYa97xkMECtdy8DW3qBn5wAo4W,0,ok,78.824,82.643,85.467,89.163,0.62203,20,0,0,0,0,9
38PnzmNXht1YBFPFEj4FipNAZM2er2x3g3Hjo7Sapump,1,ok,93.532,97.351,98.679,99.516,0.87526,20,0,0,0,0,6
39AUQBPTwCb4Dw8K75zNnPvigsj8TD5PN22SseaYpump,0,ok,93.88,95.944,97.585,98.531,0.88152,20,0,0,0,0,6
39rJmwtGGuvEHWSjFdxiH5uSDsDz3YAX6vvuQLqwpump,1,ok,94.762,96.677,97.436,98.183,0.89813,20,0,0,0,0,6
39sWhYJ292cVyDtJxGV5q4dBRsPm2qhPfcGtm38kBHUy,0,ok,98.498,99.18,99.63,99.835,0.9702,20,0,0,0,0,9
3AyF43SeyWnxi1B7Tm8mjvVCHm6Te2MgxRZdcrTyp9be,1,ok,85.117,99.957,99.983,99.99,0.74624,20,0,0,0,0,9
3B5zMda3mNv8zDHayfZiyRgF7NBzVgVSKgrAiQgz1AZC,0,ok,70.217,79.216,84.85,91.221,0.4962,20,0,0,0,0,6
3CBSUD7VaRfEPCvrmVjxSKTMv4jz5spND2LpbiQwHSkM,1,ok,66.526,99.985,99.999,99.999,0.5526,20,0,0,0,0,6
3CJwbGDf6A5obCYa53k3t4BQdTjYX5qU2fyk4bLBRW1q,0,ok,98.145,98.793,99.161,99.538,0.96327,20,0,0,0,0,6
3DGyKoxZj9zqrSLPhoZ9pR5yxxdwtpvctKAQvcTkY9Dn,1,ok,93.36,98.505,99.314,99.758,0.87258,20,0,0,0,0,6
3DH8WZ6C2HdDR4J9ekYnTfai8Tx8mxn92mW8zcYmP4px,0,ok,35.699,62.451,67.813,71.876,0.14879,20,0,0,0,0,9
3E5GfTAzCThUA4wjipvJiTgLjFqwFjoABE9nGs7nptwU,1,ok,57.253,99.674,99.934,100.0,0.48856,20,0,0,0,0,6
3ER4YD8xEBCHqQKTLprVqK4Giu7uhbiiHQhd6oXcnPMb,0,ok,90.726,93.514,94.868,96.762,0.8234,20,0,0,0,0,6
3FJru4Rht4x5X1V8HLjJndzRn2RpeeW4z2kjq3nMh2Dq,1,ok,99.896,99.958,99.983,99.993,0.99793,20,0,0,0,0,9
3Fbmn8wNd25j3hpnMoS8LGtrUVPUQedZJP4FGfBBoLwq,0,ok,94.659,97.874,98.885,99.694,0.89636,20,0,0,0,0,6
3GQiHS8Ddos2cyFV4piwc3BjHuquMMif5vfJw5HBTJNK,1,ok,99.254,99.796,99.969,100.0,0.98514,20,0,0,0,0,6
3GEznP41VaAGv9yRdBiuYdA8zkffNc8b7DzNJgFbH4Kh,0,ok,87.602,91.31,92.906,94.628,0.76784,20,0,0,0,0,6
3HMJeaQfbQGNX7E5zBqiyFmSGrFU4zJbRZawXHicqAT4,1,ok,99.739,100.0,100.0,100.0,0.99479,20,0,0,0,0,6
3H9MhGWRBoZTmPbwiUwTKBeTPXZ5iEFfi3E5RWPCW9sd,0,ok,95.962,98.426,99.01,99.514,0.92116,20,0,0,0,0,1
3JQhFv7CdTKjg9hQZR5YJ7PmDmeqa6pdykofhPRksa1H,1,ok,81.432,94.582,96.983,98.994,0.67131,20,0,0,0,0,4
3J6ZAHwGvqhCYkBzeMjTBRhC56QnT7zcMPxYV4GAPjxu,0,ok,23.877,54.83,62.443,71.881,0.09353,20,0,0,0,0,6
3KUEp4iEVjupvVFr4qeNwBn3n646cKVYYU8jUy5q1jTc,1,ok,79.957,97.499,98.856,99.748,0.64958,20,0,0,0,0,9
3JtfvzFVzkPh1we7DPDGW5xPsrPB5nX5dbAVgTeVpump,0,ok,68.61,77.058,83.713,90.91,0.47407,20,0,0,0,0,6
3McWetSpu8ho8L4Mpbq5odAtbLawbnBw98H5aq8KxH2T,1,ok,61.672,97.853,99.604,99.918,0.4588,20,0,0,0,0,8
3LF9jF1UrUSt8EdXGhy83tYZE8uFNpten2zKL2BRRKF1,0,ok,97.175,98.525,99.18,99.789,0.94438,20,0,0,0,0,7
3P29e9LSkhKgmkgaYnN9vrZD29WA5318V4sFifw8ZwBN,1,ok,76.205,83.442,88.577,91.912,0.58274,20,0,0,0,0,6
3MNdg52oAdyEQ3Frixp7325MSXgiNL6KJPKMmB7PUwyh,0,ok,98.052,98.702,99.052,99.431,0.96144,20,0,0,0,0,6
3Q1Ti3opoZtZEHGgpixNYwkRzRsGifSdMW482Fjepump,1,ok,95.181,97.612,98.356,99.0,0.90617,20,0,0,0,0,6
3NiacqbMpCbPr1NdUSZ6LDvqbTtCqEgnJn6dhdGzpump,0,ok,68.072,77.968,84.216,92.395,0.4674,20,0,0,0,0,6
3Qsv55356w26zJuTsEouvAkycZkoHp3UGEqYkapG1Lvh,1,ok,97.657,99.994,100.0,100.0,0.95387,20,0,0,0,0,2
3QGV31PZkV4BL8RtrVNuN57HCUDfYHmX8BRN1jFmTx5P,0,ok,97.872,99.451,99.976,100.0,0.95797,20,0,0,0,0,6
3Rube6iM6Zeg7rNKLHzfQeR13WvyHDACDeno7r5qTLYq,1,ok,94.551,96.477,97.623,98.666,0.89414,20,0,0,0,0,9
3R22skBbugGj8T2m2rm99HCv1tvLDZ8pFcc1H33i5UWj,0,ok,89.13,94.786,96.048,97.1,0.79532,20,0,0,0,0,9
3St4gUoHFniBtM788xLAGdCgesQdRs8mgTFr5smHqQAG,1,ok,24.395,67.374,88.692,99.606,0.12176,20,0,0,0,0,6
3StvQMsTPd9q8Pd4dvAiHzA4XUsWBV3Kd2TV9ygG7fgb,0,ok,99.422,99.978,100.0,100.0,0.98849,13,0,0,0,0,3
3TMdBbnXKASdx9rBcZ5HQsyqCky7Gt2ea44gYB6Ro15A,1,ok,26.456,62.607,74.522,83.364,0.11919,20,0,0,0,0,9
3TWgDvYBL2YPET2LxnWAwsMeoA8aL4DutNuwat2pKCjC,0,ok,22.503,36.992,44.199,54.598,0.05904,20,0,0,0,0,8
3USF6YabqSqF5nwtbDEs3P496Q9cDbEbDG64jXR3oB6a,1,ok,80.958,100.0,100.0,100.0,0.67358,20,1,0,0,0,5
3Ubw3KY2Z5yKUd5ZoanAhmPc57SKd8bLHdYjN7C4pump,0,ok,87.234,93.634,96.557,98.4,0.7624,20,0,0,0,0,6
3VeL8cAxsbYWzNU5PbrGh2NEMCv7vUZmAJzQp8bMV3x6,1,ok,100.0,100.0,100.0,100.0,1.0,13,1,0,0,0,3
3VNGFNXqN5ZgqoBBc7pG8ByagRhyjVaF5kKC45hK7jEp,0,ok,89.816,99.129,99.81,99.967,0.81311,20,0,0,0,0,9
3Wiz3kY61CsSd7F4wZJwwAcaxK9Jc3swED38fqUD98Cy,1,ok,98.62,99.995,100.0,100.0,0.97274,20,0,1,0,0,8
3WKzqdh3ZW3tP2PhAtAuDu4e1XsEzFhk7qnN8mApm3S2,0,ok,89.409,93.666,95.176,96.551,0.80017,20,0,0,0,0,9
3Y4tr5dJV7YJYMNMwETkMgndvqhDVoBSfVEBGrzg3R64,1,ok,99.311,99.797,99.922,99.985,0.98627,20,0,0,0,0,9
3X8GcLiH2HttjyqePg7MazpMbwbgq5URUMTyDz5tkmdE,0,ok,75.001,78.788,82.371,89.022,0.56358,20,0,0,0,0,6
3ZMG9yjL3ywMt7ScwUY1cDZpFk4ZVRAVPhJktEradMDS,1,ok,78.716,90.762,97.847,99.988,0.6245,20,1,0,0,0,6
3XdupAdUrteHAYMJd2WHbqzLZhGmksN6tTrK8Z45Geax,0,ok,84.844,100.0,100.0,100.0,0.73737,20,0,0,0,0,6
3aAYh35n81F8HPG2QBdE48aYdzGFj2fsLccg91X4AcRc,1,ok,41.197,71.821,88.931,96.073,0.20202,20,1,1,0,0,9
3YaKBKoCe7d2FMCDmuZXYQMhJ5TRN1gZKWuQfS1Z2zx6,0,ok,73.286,84.723,90.312,94.853,0.54168,20,0,0,0,0,6
3b3C8EbKQ4TJBC1NTWD4rk8QS1GY8yjAYXhqwyy4q24i,1,ok,78.104,99.99,100.0,100.0,0.65172,20,1,0,0,0,2
3ZkzcYco6K7joBLRgZYG1fCHkzdk3tk41V7q135zjwfE,0,ok,46.959,97.844,99.2,99.965,0.34702,20,0,0,0,0,9
3bwq2VucSdTbXqy7E8T2QRb9hY5WXii4BXs3pmNsM1kh,1,ok,74.212,99.863,100.0,100.0,0.56786,20,1,1,0,0,6
3aqdPYiMT2N5pRn552q3oW2hqSJo8zGN9GG7V3Zy9g7o,0,ok,58.912,90.569,99.04,100.0,0.38614,20,0,0,0,0,9
3dNgqN3twcWVeKFWTC9vECSDQKx6p3D8HwxMyagvyjSy,1,ok,95.43,98.414,99.689,99.947,0.91097,20,0,0,0,0,9
3boRKAxWR6weV6kufr9ykdLcm9cL5q2p469tCqeCAnHy,0,ok,68.728,75.9,79.695,84.682,0.47443,20,0,0,0,0,6
3eXMBj67QHveiFvhjfPX4Ap22Qfi7SaWA83LP8LAfxF7,1,ok,90.216,99.615,100.0,100.0,0.81789,20,0,0,0,0,9
3chDEeS9sFbvo5nyjCqA63euFQ6LbPD1cAUyy7FVm9Kq,0,ok,72.437,90.183,94.055,96.358,0.53379,20,0,0,0,0,9
3ffwRBmWTyyiyrEitcRoNVfJDbU8ELrJmY1UK3q7U9vH,1,ok,94.762,100.0,100.0,100.0,0.90074,20,1,1,0,0,6
3dszoi3ge8r3yihQYUQLwct9FomXi7wsQRFtdhWcfczV,0,ok,98.104,99.026,99.467,99.837,0.96246,20,0,0,0,0,9
3gj8rj6rzuCFqLid4kdU6euGDf5tawqsdwJZnyzYxarp,1,ok,98.776,99.998,100.0,100.0,0.97574,20,0,0,0,0,6
3eYCkdqCFfqGYfgLNeqELjgDxykwQUBKKuQ83bmPLBr3,0,ok,96.248,98.559,99.073,99.455,0.92659,20,0,0,0,0,6
3hfkjMbj3B1M2QUVDHjnBkkLuyS9Ts6x1C9pVxvHh79U,1,ok,50.003,99.97,100.0,100.0,0.49024,9,1,0,0,0,5
3fTP5njhs3QtnHKGM4E5pWyhcBAhREuEnSzqC7N7n9hQ,0,ok,50.892,100.0,100.0,100.0,0.40698,10,0,1,0,0,9
3ic6DyWCE6fB6JXczFEeKgwP4P1BhtK5FS1wP9qhLraB,1,ok,51.133,99.936,100.0,100.0,0.44986,16,1,0,0,0,9
3gQ7ZM4erHHwimuxD1aU8FWekbEEWAiFMV9FJhDkQibT,0,ok,84.831,94.46,96.61,98.367,0.72278,20,0,0,0,0,9
3jmhYWdoRcua8yUP3HVDNihZhHbhrBTUeXo5W1etHTFf,1,ok,99.999,100.0,100.0,100.0,0.99998,10,1,0,0,0,9
3h9PpY8dTGFesZ4mGSMfZXqhhHtV9Dg1RGUWs6QSJiZD,0,ok,87.331,95.634,99.649,99.966,0.76503,20,0,0,0,0,9
3kTyEHWsBZRv1JYD9cpqXszxN9QKQcGwatZypc8Jd1rJ,1,ok,24.086,67.47,84.172,92.884,0.1338,20,1,0,0,0,6
3iBZV8gvUFxp333FFogUPVi6MP9dEZ74xUxVzEQvNPii,0,ok,30.008,85.023,97.052,99.846,0.18712,20,0,0,0,0,9
3mmJ6eqrjsYSjbaxXjnpx6NWRFA8HiEcuNTMqCdbUgqs,1,ok,64.929,91.108,99.712,100.0,0.44872,20,0,0,0,0,9
3j9UXxMy9xg11nyjzwMjkvc47mX3fKMzvxfcYUeCoR4L,0,ok,92.284,98.467,99.213,99.536,0.85293,20,0,0,0,0,8
3nqjGroZGXUr4FFe1jg22QL7a8YUkgGRPT87uJKzTBXE,1,ok,69.708,99.739,100.0,100.0,0.51599,13,0,0,0,0,9
3jik9c8wcB9xLJQyJJqNnabcRsbudZzFFYogaAaupump,0,ok,83.119,89.678,94.75,96.694,0.69258,20,0,0,0,0,6
3omg3v1hTq9bgDY85fgrU57ymtDknfYN8pQAPMyVFPcX,1,ok,76.456,83.052,89.064,96.598,0.58701,20,0,0,0,0,4
3kFpo4AM6sjR6vU61U8crCqRvNAtrFaVu6J2qD9upump,0,ok,96.393,98.769,99.248,99.657,0.92935,20,0,0,0,0,6
3pnVnWHctmvUfHzcL4CzRraxf5Mki5puCyzviTwjSnPS,1,ok,96.006,100.0,100.0,100.0,0.92331,20,1,0,0,0,6
3mHtNPRg9pR9im793Hpk2icGTYTEUUzysbsM4GMstjHy,0,ok,54.843,99.888,100.0,100.0,0.41121,20,1,0,0,0,6
3qkxtfDaQJdJYfL7kKzpdXiwhM9ZANvsUVXBDYJBtrSN,1,ok,43.268,96.543,99.799,100.0,0.27645,20,1,1,0,0,6
3n1xUaWFVV1s8WTzpwSdn2Ku5MJ2w1uC8RXWxBZxpump,0,ok,87.458,93.359,95.194,96.763,0.7662,20,0,0,0,0,6
3rjbmPxM1STBWLBqiYNwQSdL9RSDVKko9koffuUE27rj,1,ok,64.303,99.974,100.0,100.0,0.51952,20,1,1,0,0,6
3oLQN6zWUQPZsR99ujxtPgDtF5BxfCvmygteR9iaoPBs,0,ok,100.0,100.0,100.0,100.0,0.99999,20,0,1,0,0,8
3spukw2M4AeJrdNXN2GRrSjsZhmziqTPVcWynCnDpueH,1,ok,81.669,95.098,100.0,100.0,0.67292,20,1,1,0,0,6
3pNKZuzJmDA2svkWrab6WjzWV1U7N6g7r2fyr2U9KQC9,0,ok,59.827,76.839,90.641,99.998,0.3721,20,0,0,0,0,4
3u2L16TELvbfAWtvnQPMk4mXhS8QmQJJYCbEZzKmkkDD,1,ok,55.42,98.458,99.87,99.911,0.38609,20,0,0,0,0,1
3qoTtADADXdUAVf8W83jeM3KVThtv29WKcWED3sx132H,0,ok,93.042,95.469,96.636,97.745,0.86588,20,0,0,0,0,6
3vgnATQ8ec2DAvpN9kxq6MEDRe5bqUjLEyXnFzDye6ER,1,ok,40.508,100.0,100.0,100.0,0.33662,20,1,0,0,0,5
3s8aPrgT5PAdQ5wNWMZHBYXpKhAGAfWxWCTCGYX38YQZ,0,ok,92.791,98.054,98.884,99.612,0.86227,20,0,0,0,0,9
3wvQnM6Aqtnq4sXHjpoVQsUvcyxk2R9FUzvcSfednLdj,1,ok,65.057,85.703,93.002,96.031,0.43738,20,0,0,0,0,6
3tS6fbLh2P8tzxXuqCiHZpZhsxJpmrR3Xb9psmypnp69,0,ok,45.595,56.327,63.029,71.446,0.2125,20,0,0,0,0,9
3xkAnBJ8SaizHhwhtGj4qGVp8xDHZSg4Dh8VToMwLhb2,1,ok,78.397,88.123,92.015,95.451,0.61796,20,0,0,0,0,6
3u8ACDXx65kNcoT17T7C2bUqCKGUGbFVAmi1FdBNcSK6,0,ok,18.919,81.015,96.62,98.586,0.14741,20,0,0,0,0,6
3yoQX9Bmh7SHgttGX6ssgd9CkfZa4KsSEJVrDdBXVjaV,1,ok,30.281,41.497,49.07,64.17,0.09831,20,0,0,0,0,2
3ujDC8hzAzh2PPSNrK8ZuSzji9YpMmNafTMcqsTCpump,0,ok,94.111,96.168,97.08,97.992,0.88587,20,0,0,0,0,6
3ziNXSvXmUcTq5CpUzDtMHMbH5Qikm7AU5uWu1pDPGty,1,ok,68.56,82.689,88.159,94.292,0.47663,20,0,0,0,0,9
3vkhGiDaZrb2rzTtEa4zP7e61DVMTcD5RJZEv4iKRDvd,0,ok,89.749,97.601,98.675,99.436,0.80872,20,0,0,0,0,9
42EoUjijedAvFvqLiaAeK4ALKw3a242DH23uRDPgC6TV,1,ok,71.048,98.205,99.37,99.708,0.5704,20,0,0,0,0,8
3wNmRxyZPzDWVAydsF3VuNKCNk89A8uSo7EzTnubDJcR,0,ok,77.798,87.339,89.403,91.911,0.6085,20,0,0,0,0,9
43BFhQSbvXUFSDwBiNbTKSVgwkT7JGmbwGsgJszqpump,1,ok,97.019,98.128,98.8,99.288,0.94133,20,0,0,0,0,6
3xQ3h9pAFWYnkyUp8hfuQPnQCoBtNiLxDM8FxJoeVbrB,0,ok,53.852,89.314,97.855,99.879,0.32828,20,0,0,0,0,6
4434id3rdxdEur1EP4jo4yM6udQYF2JWmxKN2U8X9rQZ,1,ok,95.626,99.835,99.984,100.0,0.91504,20,0,0,0,0,6
3yRUnUfba3KB3BnXQDy9iaR9Pn6cguY8Ug5RV44epump,0,ok,73.593,87.106,91.684,95.77,0.54851,20,0,0,0,0,6
44qzLVmgMUBJqwjWLsXSQEczhKdsQXSRJHbMjPCXkaXq,1,ok,23.044,55.975,65.586,74.653,0.08639,20,0,1,0,0,9
3zBtwmHzT9zyBRvTH6cr2sGDRvFenFBmHoR2u6Dspump,0,ok,96.588,97.843,98.552,99.275,0.93298,20,0,0,0,0,6
45omkfbZn2LcpSBv9rnWB5b1oyza7rP4u8EBTZiab6n9,1,ok,53.188,93.463,99.021,100.0,0.35857,20,1,1,0,0,6
41RSME2MQiBRNhSqzEnAPSbm9nr3FNvk84j89VQ8prgC,0,ok,97.538,99.531,99.801,99.961,0.95158,20,0,0,0,0,6
46mhuSE3MNXRUs9DqWPKXYEUxRfmk93ptxDtP69rY57d,1,ok,98.709,100.0,100.0,100.0,0.97447,10,0,0,0,0,9
4234mVWcfnuecjndDjah4fw5a7Vivq7WbGeLi2TtccDp,0,ok,56.791,98.566,99.915,100.0,0.45157,20,0,0,0,0,6
47izAH424UpPGiyrh1xrkxN2L9WrF6zbJF7geVsXVyQq,1,ok,34.889,91.172,94.692,98.485,0.21937,20,1,0,0,0,1
42o42KH1dzEDjqijWpWHcNtpmW42Hxzg7YbMs1h6A5r1,0,ok,61.038,78.158,84.596,88.414,0.38452,20,0,0,0,0,6
48krGELudcUMYxQpMskPJme288UEWJHjdKzibRNhLqRi,1,ok,98.96,100.0,100.0,100.0,0.97942,9,1,0,0,0,8
43eeGP8k9AZKBSyd9iahhThNtE3vcZvBWMaHNd2akM5s,0,ok,80.554,86.131,89.427,93.259,0.65015,20,0,0,0,0,6
4APE9MSkPGaSTnRcUv1RRtR9iVu563BHJebie1hsSU94,1,ok,38.487,85.309,93.386,99.229,0.22423,20,0,0,0,0,6
44k93bokW8XAySS1f9yXNpKhTEuPwfzwpeVDSMAsVRVr,0,ok,98.22,99.923,99.977,100.0,0.96498,20,0,0,0,0,9
4BXJmKKLqM51eLqVTWNXx3LzKrzdJGKjw8phtaGUGp7e,1,ok,74.838,100.0,100.0,100.0,0.59785,12,0,0,0,0,9
45QasSARsH1hYhm37ryQKoxxUUdDRAvZaehiKS34pump,0,ok,72.292,82.981,87.304,90.577,0.52611,20,0,0,0,0,6
4D9QeeBsiF2mxKKaFt2MAKrC5Q85dqHkLqrxps1uVY9M,1,ok,90.277,94.555,96.26,97.635,0.81554,20,0,0,0,0,6
46KirRwaHxiVhLCapkqPj1M7urYChzmkGLRNyuuzpump,0,ok,95.642,97.481,98.272,98.988,0.9149,20,0,0,0,0,6
4EEzTYJ61KsA9L17d9QKCSwkPvQizEohwAorUMjdtNC3,1,ok,38.079,82.591,98.34,100.0,0.21351,20,1,1,0,0,6
47nD9F5syjaD21XeY5N6UqKzNUmtvHyg1TACjKWnM1gp,0,ok,81.584,90.35,96.561,99.911,0.66857,20,0,0,0,0,9
4F6Nq9nthRNRZFWNTki971coTRVXSrSJGaYbdnHnssnZ,1,ok,97.718,98.769,99.338,99.762,0.95492,20,0,0,0,0,6
48dwxqC6mod14WFKVPHt7FV7ccuAsKMikJtAHsqhpo8Z,0,ok,87.727,91.378,94.625,96.886,0.77021,20,0,0,0,0,6
4FopmFzz2s3mkfY9tdUAakrqDK4WYCFKCwSvMuiKuTez,1,ok,100.0,100.0,100.0,100.0,1.0,3,1,1,0,0,6
49c7WuCZkQgc3M4qH8WuEUNXfgwupZf1xqWkDQ7gjRGt,0,ok,21.684,34.222,42.684,53.291,0.05373,20,1,0,0,0,8
4H8jSowzBRHqrbgSHLp1P7MzeLetbcWd7W7E2ZhGxb45,1,ok,66.765,82.419,94.211,99.94,0.45565,20,0,0,0,0,9
4A5sRvZeu2iFhwkEnF4d5CdxkGg7bUxk5wZ8bEhXL2jp,0,ok,87.188,92.533,94.226,95.397,0.7611,20,0,0,0,0,9
4JNYWzBdz4jjcsuxPV3BWbwhgKuYFDDkoh9oSk4iLF4L,1,ok,86.341,97.405,98.249,99.132,0.75463,20,0,0,0,0,6
4BP1AACM2Kb9aP3bxhPgrHZR2h1Rx5p75nN3fY8TPFV7,0,ok,74.187,85.031,91.894,95.856,0.55475,20,0,0,0,0,9
4KQLgUkFyTjjB7Rpq7T7u6X2cLo2Jfp5TbwfeW7yMJwu,1,ok,45.481,99.908,99.999,100.0,0.33859,20,0,0,0,0,9
4C7iSs4yzgcejyAibfLfsDXWfvuGXTvzP6NnSVvjKnA8,0,ok,99.242,99.561,99.73,99.915,0.9849,20,0,0,0,0,9
4L9V88tEZK6rFh4xSMufmQRAC3fQ1aTSEM1UJ5bUK4Bv,1,ok,56.189,99.369,100.0,100.0,0.39402,14,1,0,0,0,6
4DKzWpYPPBhSa4yCEkX66qYJ6XtXHSmGdw4MzwXVU3T2,0,ok,73.203,84.737,90.777,93.46,0.5403,20,0,0,0,0,6
4LnVM3ShNK5AV6aLFUSbEDHmYNjBz6pJukmNXm54AEvH,1,ok,49.404,94.901,99.999,100.0,0.32613,20,1,1,0,0,6
4ENXgmtjzrjC7JjodA7VUToAPLjW1SMEhkT5uZjspump,0,ok,95.9,97.274,98.017,98.977,0.91976,20,0,0,0,0,6
4MWtPDw4pGmaJMvG4wVUbTXUU7NsdnQyuhVXyeuNRtzs,1,ok,93.288,97.608,98.722,99.443,0.87081,20,0,0,0,0,9
4FVjgGkFhmjWGrfvKeJy4fUn2LZj3XZUFT9jf3Bopump,0,ok,95.974,99.034,99.507,99.754,0.92153,20,0,0,0,0,6
4NRqEEr2qNL22FvKv6B1RdAYer9wWEGy61N8t8tA1MKk,1,ok,96.61,99.641,99.989,100.0,0.93369,20,0,0,0,0,1
4GBDvRCLYgU247tzBY9sFGdCZAxgdEuSANrkp7BLtmRL,0,ok,99.733,99.988,100.0,100.0,0.99466,20,0,0,0,0,6
4PFo67AACtcWJuoucXMyFw6wf9izR5c5GyiCpkQsD9Do,1,ok,78.25,90.311,98.677,100.0,0.61758,20,1,1,0,0,6
4GztxdKD2ikEAyqvyqTRVyud9uKA34ckkNgQwFJ1KQsX,0,ok,92.059,95.019,96.635,98.354,0.84784,20,0,0,0,0,9
4PqHDB6UovVqupTJy3yoRiK7VxDP68oHy6EhtYhBbw1J,1,ok,98.666,99.648,99.937,100.0,0.97353,20,0,0,0,0,9
4HqgNkg8V532ZRkQcRnNoTL2NK8o62Hyho4oU5Lf2kuc,0,ok,75.626,87.844,91.356,95.55,0.57753,20,0,0,0,0,6
4QviQWbVS286y5Cte4virPnmMQ2hHsAzUMUzCJffCa84,1,ok,84.187,96.331,98.084,99.427,0.71437,20,0,0,0,0,9
4KJaJJxZRdeX9L8sZbPfGMCGex9LgmXr2wtyncFiv58P,0,ok,76.881,87.653,93.341,97.328,0.59533,20,0,0,0,0,6
4SJu39fU7Af7tpXXfnKW2PwU3kAXQya2LBBMLucUzNMT,1,ok,12.872,45.045,58.56,70.331,0.05096,20,0,1,0,0,7
4L2ES9EPD3oqE1cpxEzir73DTwVQv3erGym4KTzkpCkJ,0,ok,99.889,100.0,100.0,100.0,0.99778,14,0,0,0,0,9
4TEi7C11G99qKaeerUxMJSRftaxgA7fidtP5hVVZE8Ax,1,ok,97.496,99.901,100.0,100.0,0.95091,20,1,0,0,0,9
4LmvdjiWHfumC3Q2xGUVco7XWSyaNYPgsZDNKzCTpump,0,ok,52.203,99.874,99.999,100.0,0.49171,16,0,1,0,0,9
4UEeNzUzQkz4YdgitmWVJw67m3ipAGHhvKcGNQDqTC2z,1,ok,88.759,97.888,99.239,99.858,0.79156,20,0,0,0,0,9
4MVAPc82Gw6gugLtTjQzvA3SAs5fDxRx3tQr1X9FrMDA,0,ok,96.034,98.454,98.909,99.399,0.9225,20,0,0,0,0,6
4UtytbgQ9zhthHR6FKsav8hDf2KKyvJjTuiApqaSqzLh,1,ok,72.151,99.233,100.0,100.0,0.54984,20,0,0,0,0,9
4NAPf5JaWt2wd2SCSNmhUctaGq86jAZy2t74PWfppump,0,ok,97.309,98.376,98.816,99.257,0.94694,20,0,0,0,0,6
4W8zNF7956JZywsvAMF3YvfpFvaM9inmW8LtSqV83trR,1,ok,98.96,99.867,100.0,100.0,0.97932,20,1,1,0,0,6
4NxnhKViNC3wJEdkWr4venJykFErjjUimbkEKCRopump,0,ok,93.787,95.426,96.182,97.124,0.87972,20,0,0,0,0,6
4X5eexV9tZppz7YQFMZ6CYzEEHKiCv7RuBs4KDz2Bgg2,1,ok,99.999,100.0,100.0,100.0,0.99998,5,0,0,0,0,9
4QEMf7ZbZoXVk2DPSwZUkcxXazPL3qccfovxv6A1GfqP,0,ok,38.089,55.579,68.191,79.856,0.15785,20,0,0,0,0,9
4YFUpdyGnbYQUFT8wTaysp2dkMN7msfehtCyU8vy5i4q,1,ok,98.37,99.974,100.0,100.0,0.96776,15,0,0,0,0,9
4QtCzuS1m8tPjTWUQPrGNL66747GnGed16jJ1TE71zLa,0,ok,8.774,43.678,85.039,99.641,0.08119,20,0,0,0,0,9
4ZJkuixCH276LYzyr3wJy8RbCJhKSp6B11STNgAD37k6,1,ok,73.122,98.101,100.0,100.0,0.55825,20,0,0,0,0,6
4S9LSJX35A7rKDntgBup3vjYkiaVUKWa3PRDJm92pump,0,ok,88.876,96.259,97.675,98.713,0.7916,20,0,0,0,0,6
4a3gse47yF3ypHshQLW7scqzfskDwysUP23WkmcNo8Xs,1,ok,38.242,75.337,94.833,99.993,0.19668,20,1,1,0,0,6
4TC9sF6NTKFjUiSzojWnnRZ8peoxUjNePJrnTid6pump,0,ok,72.541,82.076,88.124,93.855,0.52971,20,0,0,0,0,6
4ax9eSynBeoVZ3xbDaZziiAvN3RuRjv2hrGG6JSunbdV,1,ok,44.866,95.415,99.835,100.0,0.32609,20,1,1,0,0,6
4ThReWAbAVZjNVgs5Ui9Pk3cZ5TYaD9u6Y89fp6EFzoF,0,ok,57.52,73.318,78.838,83.205,0.33912,20,1,0,0,0,8
4bqzVzJj3N4UCJ8NZMekVVvztNnS3asMx6yB7T8FPXSw,1,ok,97.6,99.961,99.999,99.999,0.9528,20,0,0,0,0,7
4V6ymgApBUSjrgxdFoDfQQxe5tqNvcm5oYgSWFKZ2wVJ,0,ok,72.732,80.882,84.867,88.419,0.53177,20,1,0,0,0,9
4cTiWSmT7zqbuopZjJGB4b1FHUyMZtfXqy8GUnDotCGc,1,ok,33.335,85.517,100.0,100.0,0.19179,15,1,0,0,0,9
4WQ81e9XgPNvHMRZJ9ttWNnQpWxetDWBW8Aspgt9KcFo,0,ok,25.771,95.61,100.0,100.0,0.21362,20,1,1,0,0,6
4da3fbxja6rnvz5hiAQv81BYqRUCKvwrg5MwXFGmZCTC,1,ok,49.952,63.174,65.728,67.878,0.25985,20,0,0,0,0,9
4Y19srd4Z7gMCNgVESRotVtKcNF7PEyq9o2AELVFpump,0,ok,75.877,82.239,86.218,91.52,0.57752,20,0,0,0,0,6
4eZCJoL8kFdA1sRMes21KvGwtCiNX2bLndH1rWRFJU5R,1,ok,100.0,100.0,100.0,100.0,1.0,20,0,0,0,0,6
4YaEWfZgcJ7uWaGACmQBJUXzCJoKyqhLqHBjFrtXg3QP,0,ok,93.98,98.25,99.514,100.0,0.88377,20,0,0,0,0,8
4fTD65Ye7uTwWd1pRaxfcysk1uaQd8W2e4knUoF3QvHr,1,ok,50.863,100.0,100.0,100.0,0.39879,11,1,0,0,0,6
4ZaoSoN7bHu3AdXMSdBa7V8CrdFB6dFemoJqYXgk9huF,0,ok,99.999,100.0,100.0,100.0,0.99999,20,0,0,0,0,6
4gnvu6Y3N6Y1fRMEUs5ywAReiMnArJHpwxUDF4RD4UnT,1,ok,83.948,93.84,97.126,98.921,0.70766,20,0,0,0,0,11
4aqzJyTavMWcdhL1ihht1DZsMjBQW3gjDo18qQLYjsAX,0,ok,99.999,100.0,100.0,100.0,0.99998,20,0,1,0,0,8
4hiHyzuWNBjhLXDaWa7i6PiHJhopmZTKdK5ig9LK33DB,1,ok,100.0,100.0,100.0,100.0,1.0,13,1,0,0,0,9
4cGgVsTxohvq6uWspF4CVLHA8JQedhDnKDSaEXzbpump,0,ok,96.393,98.36,98.847,99.369,0.92938,20,0,0,0,0,6
4igbVn3nWF5TGRfXCHgfprVTasvTFctSrdPQthEJRhbE,1,ok,92.812,99.517,100.0,100.0,0.863,20,0,0,0,0,9
4dEYWwqckJdDFL2EboPmk9hwidqaK6zMZVFF6GWvpump,0,ok,97.561,98.765,99.044,99.326,0.95187,20,0,0,0,0,6
4juqXPMPsTVarEvqWjtBx5RcYvh8r4H5247dVHNVoLCx,1,ok,71.851,99.848,99.99,99.999,0.54785,20,0,0,0,0,6
4eFtZs7Y2dVNTFwSh8Nv6zjQvnHFAUs6whxb7KivYGAp,0,ok,78.871,87.116,92.19,96.295,0.6246,20,0,0,0,0,9
4mFsYoJEkAsyNCSGrWR1KKUQeUV9hhSFSc2zxLe9jB3s,1,ok,70.474,92.927,100.0,100.0,0.51206,20,1,1,0,0,6
4eg9q44p4r81f1jBMbPmJt8Bcf1i1bFP9QZnzdDmpump,0,ok,93.452,97.785,98.804,99.468,0.87401,20,0,0,0,0,6
4nW473snbJmBuHjzBuZHtfuNu5mxBm8iNmA7rvvXTyGJ,1,ok,31.853,99.834,100.0,100.0,0.25267,16,0,0,0,0,9
4frxeZRX6RqbmRKL3rrKZMz28FH4Ce3ehdMHg7c3pump,0,ok,95.769,99.295,99.745,99.907,0.91791,20,0,0,0,0,6
4oXZcHEBCfsEwLbxMZG6jEuuJqnCKrSjJHLt2EYToqv6,1,ok,94.209,99.769,99.945,100.0,0.88894,20,0,0,0,0,9
4gxJY3L3WhGurffkBisGzDZ6m6G7KZR4demZdM2VgT31,0,ok,73.817,83.757,88.526,92.055,0.54802,20,0,0,0,0,6
4p5GVnMZYrwzp3qJfAenvcQVNzfCQxbd5QsRuRgvpump,1,ok,99.18,99.812,99.958,99.988,0.98369,20,0,0,0,0,6
4iEkSPpXxjsD6fRY9UmCGX73NJch5yakPzYt6McLpump,0,ok,64.479,83.124,89.936,93.617,0.42707,20,0,0,0,0,6
4pmZnQ4WHBpAXwzAUinUHvBbSJsMbcBsnPBZqZ6Jb3Ry,1,ok,83.831,100.0,100.0,100.0,0.71156,20,1,1,0,0,6
4jfzEgBuoNXQWtYVUQ1HWuCNy8WyLG7Jtq1efwZGpump,0,ok,94.06,96.708,97.873,98.684,0.88504,20,0,0,0,0,6
4qmaohegMfXzJ714E9LdttWMXLyvJkWpxrKB9LepqCSR,1,ok,86.005,93.83,96.601,98.445,0.74282,20,1,0,0,0,9
4mRuT3FC2Lb1yZ6FTTET3bZDABqasvafbjtU5pF2pump,0,ok,92.429,94.564,95.913,97.507,0.8545,20,0,0,0,0,6
4rii94eJ9oh2rPNQY4y11gz4g7CtTfH9pULqFoCHFeCC,1,ok,81.0,99.293,99.948,100.0,0.66521,20,1,0,0,0,4
4nSoxJPfBo5PPVBMnXQYYTUfhdFbir85CicJViZ1jA6a,0,ok,87.49,98.337,99.794,100.0,0.76861,20,0,0,0,0,6
4t9pcJDPQuvaMscsxPK575B5e6n294mWBwfs5d4J3jcv,1,ok,78.404,97.049,99.948,100.0,0.63042,20,0,0,0,0,5
4pKLDWLAELVRDr9Lit7KvwRkt7XrmhBoen7EM4CoDQ1v,0,ok,75.938,87.219,91.821,95.322,0.58084,20,0,0,0,0,6
4u39sHM35AaXbK4nBB1emUA1exX4J3dtV5hqLCpq6qZc,1,ok,91.472,96.217,97.851,98.996,0.83764,20,0,0,0,0,6
4qLmn1dYTgWJ3x3uCSpBQir1b2M5ckLRj6gvFGDwkjFF,0,ok,96.564,99.598,99.867,100.0,0.93282,20,0,0,0,0,6
4vHBV9VVHbfi4DiziXeDWoqJbNZfenzZ4NkXQ2AVxXke,1,ok,60.083,74.071,77.273,80.842,0.36961,20,0,0,0,0,5
4rVJEV6FFkoT2HcWMo4Kswh8YaajP965ZF2vNwoaNvsg,0,ok,68.954,96.049,100.0,100.0,0.49662,20,1,1,0,0,6
4wBxVumKnzxNstAeraVuLAdRXKNShm4UQjqdYDF7bhWA,1,ok,57.815,88.483,95.853,97.737,0.36984,20,0,0,0,0,2
4seLXr2ngqsNDSGT4Ke9n23x64zdaNtMTV6fK8t1pump,0,ok,85.253,92.325,95.067,96.93,0.72838,20,0,0,0,0,6
4x4oyYFsKV5ftDfCBicbbfrwT1jcMC6CjVTbUA2XXjjZ,1,ok,91.506,99.94,100.0,100.0,0.8413,15,1,0,0,0,8
4tJBYy2cZEfv9Rf8pmpswmyyRgb3zQ5JK5bnRfqipump,0,ok,76.775,84.893,89.15,92.539,0.59188,20,0,0,0,0,6
4y8Sit5EFk2PrSDkjANw49GF53Rh41auMCcgHJiJfJZf,1,ok,93.03,99.869,100.0,100.0,0.86793,20,0,0,0,0,9
4v14k2vBuoNSDLnMa12qK2pqokp8K7ZpVU7uWjZgpump,0,ok,79.693,97.731,98.444,99.07,0.66187,20,0,0,0,0,6
4zBNPFDXrVAMEugVQyeN1vRqkep6wVMnryHeniirEA54,1,ok,99.887,99.996,100.0,100.0,0.99773,9,1,1,0,0,6
4w4u6qFzmPvm4gZYHVgrkoTmCBZuqeN1tkHghmvqNwzA,0,ok,96.469,98.637,99.529,100.0,0.93078,20,0,0,0,0,3
519unRD2jNiaFESTnW81ZUT1NKMCD9NhkV1WRk7tSEaM,1,ok,92.037,99.988,99.99,99.993,0.85302,20,0,0,0,0,6
4x7xoqc6ogyBpQ9jKAWRsNJnUkBzAmXsE7nTa3a4pump,0,ok,94.996,97.049,97.435,97.948,0.90267,20,0,0,0,0,6
51mLZmyt4DRMbAGuSCWoC2S2VpMvdT2aYaXp3wNNPyVX,1,ok,30.0,99.349,100.0,100.0,0.25111,14,1,0,0,0,5
4y9E3tJpGNzRr1592oWTPECgyp2VDSc1Bf3DqAm5FZsK,0,ok,29.666,54.922,61.17,69.751,0.12381,20,0,0,0,0,6
52WzejLsyEZSQVqSQQox7UMnjbesxhbDNxCDpjcDVssf,1,ok,97.463,99.975,100.0,100.0,0.9502,20,0,0,0,0,9
4zPVu48xLuFoPSYLLBBbgadKzCmGTzEviuNxe77Vd8q,0,ok,99.999,100.0,100.0,100.0,0.99998,13,0,0,0,0,9
53KRVifusDxL3c3U5PtDJcdzB5NHQE4wiWjM5FYsGQck,1,ok,99.206,99.779,99.885,99.963,0.98421,20,0,1,0,0,6
527rGhm2iBD4ogEk89MX7SA3NdpCwyBZ3fA8pKaoHg6E,0,ok,79.575,88.313,90.47,92.329,0.6361,20,0,0,0,0,6
54Zx9tYyw4nL4hP7FdNcM5pVSMSN2Dpt1pTMWzu3N7Eh,1,ok,99.412,99.834,99.998,100.0,0.98828,20,0,0,0,0,1
53ctv3wwFXQbXruKWsbQcCe7sefowyu96pXK6FRLTjfv,0,ok,54.994,68.199,75.032,80.726,0.30821,20,0,0,0,0,4
55HumD6KgjoLfc5QKKj6Ah9PLwYP9mhD7fKjYiyQmZGP,1,ok,18.519,42.22,51.184,62.234,0.05691,20,0,1,0,0,9
54gCkTZSd3BLCaLp6LVvUYKtg4zVEyQ7o3cRDBmp5hnP,0,ok,53.728,73.883,81.226,87.452,0.30413,20,0,0,0,0,7
56PqeE9pPVYRRTfJSa2fyJdnSgfwXMxpgTeeqr2e46UG,1,ok,80.566,94.622,96.97,98.971,0.65566,20,0,0,0,0,9
55CBaRQHioViqrMx16ZuvbrRNVkhLXdFWmKaKJA83pdx,0,ok,99.999,100.0,100.0,100.0,0.99998,17,0,0,0,0,6
57Hui7bvUvnvd71Y9xzphpPweH9NBt5EcxXHxWw7pxJt,1,ok,73.622,80.357,83.859,89.688,0.54405,20,0,0,0,0,9
56mFmMWJNuVQNbkAKJgnNZXzFNYvNL37ZpiHruSEz4fX,0,ok,81.691,86.691,89.589,93.722,0.66845,20,0,0,0,0,6
57oyAM1JEyCuawQ6NDaZHxKS9pL11owdEc4WjkZf42b3,1,ok,64.245,68.601,72.261,77.192,0.41375,20,0,0,0,0,6
57Q1Yz84qAjpBYb4PAayPP2Ftdc4NoVsaWH14wHqVc65,0,ok,64.929,100.0,100.0,100.0,0.52803,12,1,0,0,0,9
58ocodGiBrNsdQo9RPn7NJ4mJJAxZ6bLuYicnoAc8eMV,1,ok,94.92,98.527,99.104,99.557,0.90148,20,0,0,0,0,6
58umQaDx3duQNwUCTbGAE5k6VaqLi8EcFgjFiXPTRjzM,0,ok,70.225,91.104,98.423,99.84,0.50702,20,0,0,0,0,9
59f6QczJJsDGup5nrYnWcyz8idJsSyUMAVvZXNmnpump,1,ok,98.245,99.037,99.519,99.833,0.96522,20,0,0,0,0,6
59u8qAD2S2gEtsY5Vs7dJ95YspnHavyHEtRfzCEb9F7G,0,ok,20.984,28.744,33.329,40.491,0.04734,20,0,0,0,0,6
5AgxGp7Z29jYoheCahhNhwYJHov5tUTTRJoTHEEb98Gv,1,ok,79.612,99.066,99.291,99.517,0.66821,20,0,0,0,0,9
5B4A9DantbD6eq8hdjqRrVJmHErU3PwUhRKAfGyj2gL1,0,ok,91.3,95.333,96.992,98.315,0.8341,20,0,0,0,0,6
5BUTracU4qv1Qk4kLjkftVKwhyAVdgBY11jfs5raHWgt,1,ok,80.684,98.794,99.815,99.997,0.67516,20,0,0,0,0,9
5BnnjaYohy7FTustb9xHtmC7NEUNBzbcBxhnhPTaauAG,0,ok,83.187,95.636,97.562,98.818,0.69947,20,0,0,0,0,9
5CmYvAEfQkQLckmJ6WD5Uo548AjJLnmB4oD1gd1YQXKZ,1,ok,86.886,98.341,99.054,99.555,0.76605,20,0,0,0,0,6
5CLSw4viyMLfnRHHxZpDF8CuZt5e1ceq1AJqd4GjAJNX,0,ok,32.184,41.133,48.821,59.32,0.10793,20,0,0,0,0,6
5DXFVK7RQNyvhxH6gu1oDeWtPVHmWgLb9yCeCMGEznzN,1,ok,88.54,99.941,99.964,99.982,0.79594,20,0,0,0,0,6
5DaaNycucxW9SVFQmKWKFaFE5S21Bk1EdJnN4cR5bcHC,0,ok,99.061,99.767,99.96,100.0,0.98133,20,0,0,0,0,6
5EgzDqn75zRc1xyxUqHiC2YCWYoAbnwbx2zA4mp3KsPm,1,ok,78.382,100.0,100.0,100.0,0.63374,20,0,0,0,0,6
5ENMsAru7reMkWJJd78cGThBtjVVKVbWJBhabrA8pump,0,ok,54.211,61.791,68.237,79.16,0.29736,20,0,0,0,0,6
5FRehsLp5uGTZN66MRPpUmDsq7KkjNYhnQ1RCrojMdTg,1,ok,90.999,100.0,100.0,100.0,0.83214,11,0,0,0,0,6
5FPkH8FZDBwRrmbr5VDyH6DHWVKrak3Fih27CXcNpump,0,ok,94.723,97.39,98.066,98.897,0.89752,20,0,0,0,0,6
5GMSHX3TKqdpjwVSZvRewoNxdpEUJkKpvCW8L5ffgpVQ,1,ok,16.309,72.127,100.0,100.0,0.13292,16,0,0,0,0,9
5Gd5vzFS31oSb52Jegvncrhr5Bt4MGRHqz2NepyJZcHh,0,ok,76.39,86.73,91.881,95.239,0.58714,20,0,0,0,0,9
5Hp8Mi7cCrvGmpjL3MsCJG2SDmWMG4HoUTAuFsHWP6jf,1,ok,99.0,100.0,100.0,100.0,0.9802,10,0,0,0,0,6
5H76n6pgkYCmvpWoSvhSL8yeUc3bXQvRQB9rJdb1hpj1,0,ok,87.26,93.415,96.681,99.37,0.76279,20,0,0,0,0,9
5JmJFTHAkGvLMi29rCeseoP6WSaUJULRb4WuGwjq8HVF,1,ok,95.227,99.745,99.95,100.0,0.90789,20,0,0,0,0,9
5J2Q975h2L3A51UMBpSc3hLW9ubdPF1nURhukyJnscCx,0,ok,96.129,98.033,98.827,99.48,0.9242,20,0,0,0,0,6
5Ku3dXMhkct6i9e4U3z3x7g32YmQP5mgtZFbpA8pHgKU,1,ok,82.371,99.855,100.0,100.0,0.70354,20,0,0,0,0,9
5K6T5MAPmpzxxJyyofYWG8kqNW3hcm873af63d9yfyix,0,ok,64.228,100.0,100.0,100.0,0.54049,7,0,0,0,0,9
5LxU5BNXGNP67Yx5ZM1284e4MdwqDvBGAATbTAtUhs5P,1,ok,92.793,99.894,99.997,100.0,0.86265,20,0,0,0,0,6
5L1j785CKZrUgDKMeFRETQe75sVEJNMjzfNRXcibVX1Z,0,ok,83.096,94.312,100.0,100.0,0.69478,20,1,1,0,0,6
5Mf4ro33BSnS6UNYAAuszvZGx11pycSnrZUwjJH7Nn9Q,1,ok,97.375,99.629,99.913,99.988,0.94838,20,0,0,0,0,9
5Le2o3ryQYHqzhSsNgzWr2eNCUhR71HfJ11eEN4yMDHw,0,ok,61.137,99.887,100.0,100.0,0.45623,12,0,0,0,0,6
5NhbDrmG4DtAN6HZAieUuF9azEk6qZrfCvt5xth8Xu2u,1,ok,97.158,99.573,99.884,99.988,0.9442,20,0,0,0,0,6
5MkgWmmBbjoPgfZFKk5nUyxMd4MuKVLYPoFXGe3bmrBq,0,ok,52.863,99.474,99.988,99.998,0.3922,20,0,0,0,0,9
5PtJSvYydk3ucqWXp6atrMJpTbaAzxK4kZu73JRDRbAY,1,ok,92.94,97.415,99.263,99.784,0.86446,20,0,0,0,0,6
5PQ9K3NA7Hf8ZYwB5TuUfMiD9mNzd8P1S1fkc8rmpump,0,ok,63.679,78.816,84.053,90.141,0.41317,20,0,0,0,0,6
5QcFV32Nn4vAwU6LfWTgoRYAMDfnR3DCuckQ9mSbUpmh,1,ok,92.106,97.127,99.038,99.956,0.84912,20,0,0,0,0,9
5QG2RnNmQTuTyY54qQYfAaZA5PYF8tAL6koAUtFNY9Mb,0,ok,64.164,89.741,94.585,97.424,0.45548,20,0,0,0,0,9
5RtLokos5AB8N1RTwDDzWC1L7mPttKn2H3znwAdWzGfz,1,ok,97.971,99.66,99.92,99.968,0.95994,20,0,0,0,0,8
5RPdyYBgVjddFfoau9dEzVwwBMjA727EPFVdPJVjpump,0,ok,92.723,96.214,97.811,98.903,0.86014,20,0,0,0,0,6
5SupXmNTNGA24om5xGK5aKnbXwLjcDtj48MNDwVX7dtR,1,ok,62.898,96.934,100.0,100.0,0.43366,20,0,0,0,0,6
5SJhqz42ngq5CnQ9TWdVcvFdfFdxzK65UJmVF9vK78Aw,0,ok,96.679,98.173,98.632,99.11,0.9348,20,0,0,0,0,9
5TiugM6t44cWAKvaJN6x8LzXXevn6jWwxcJ992LW6ni,1,ok,87.494,95.438,97.857,99.006,0.7679,20,0,0,0,0,9
5TVeS5w1BYE6RwddLwdFDatr4om8XvqMMaEjv9HLpump,0,ok,94.945,97.121,97.88,98.587,0.90164,20,0,0,0,0,6
5UqW9U1G4EtZt8wASfxqPhu7U2DCfcKXB3KUQVstYcnh,1,ok,98.816,100.0,100.0,100.0,0.97661,20,1,1,0,0,6
5UBHWVnNp3EkVybEYgcmmKujEduMQj1jQFkn3CgJpump,0,ok,86.342,91.509,93.796,95.615,0.74668,20,0,0,0,0,6
5VwC6TLvgRNA6PaqbDfNNijckWkdTxHKReQ2eVpJxRPq,1,ok,99.968,100.0,100.0,100.0,0.99936,14,1,1,0,0,9
5VQU99fFZrzuhLcp6qkUjKz5UPPteNKhQngHGyeF24V1,0,ok,47.799,63.883,72.248,81.592,0.24,20,0,0,0,0,6
5WZiQKB3icVUMA8a4KuHGmozAF4dYmZo3QQcpcStSQeB,1,ok,60.0,100.0,100.0,100.0,0.485,5,0,0,0,0,9
5WQKEtAPJhCXdpVepZPE6QoDPnhtwuSSyWSyG3tznSBP,0,ok,76.22,95.081,95.85,96.703,0.61326,20,0,0,0,0,6
5Xisjhj2dbYVHM3FpDdqnZPkDdHJvc1UMx4wEjkuWhf6,1,ok,96.474,99.92,100.0,100.0,0.9311,13,0,0,0,0,9
5XDTPDmeSc3Prj8RVoEZwAFPByMyUEWQz8SUL8upT7X9,0,ok,95.565,99.542,99.965,100.0,0.91383,20,0,0,0,0,9
5YeSS6J8Sb7UvxAoFkpTv2D7CaGvuB239aCy1aZWE4vq,1,ok,72.003,99.185,99.729,99.906,0.58693,20,0,0,0,0,8
5YcFMa46zbLxtJKuvM7umMDuskTYzszYKPVZVkr5wQNW,0,ok,81.474,94.814,97.282,98.841,0.67617,20,0,0,0,0,9
5ZfksAj47e64Zg1nTymSFMQFxeNu43Q21xKiChnT3dPf,1,ok,12.552,48.587,74.167,99.369,0.06959,20,0,0,0,0,9
5aGH75WbN5m7qFrYFfxuaoDBjC5QkKun8qgb8M3znY9t,0,ok,76.273,83.256,88.476,91.965,0.5837,20,1,0,0,0,9
5aprWkAFJgjKDMixDTARJVo73PXMqQ7pvYdWK9gnwpmZ,1,ok,48.095,91.969,100.0,100.0,0.2926,20,1,1,0,0,6
5bpj3W9zC2Y5Zn2jDBcYVscGnCBUN5RD7152cfL9pump,0,ok,76.391,82.127,86.826,91.122,0.5851,20,0,0,0,0,6
5bgQ6ZzAFAFBDDQAdQnfaj3MeMScuFjPnY29uYuL89Zx,1,ok,93.861,99.03,99.958,100.0,0.88182,20,0,0,0,0,6
5cgFA1tTbWjGRhoGcemgCBHcaxf3G5c4wVpuAFTbpump,0,ok,85.348,93.933,96.464,98.186,0.73113,20,0,0,0,0,6
5cje7ZDd7yVLkGYtrsENk6S3UREftrdxEbPXUZN2eCBS,1,ok,96.88,99.689,99.989,100.0,0.9389,20,0,0,0,0,9
5e6afnSCx72Kt7CawogKrQQoHTg3BKweKy62EZEo4pni,0,ok,93.752,98.545,99.278,99.685,0.87974,20,0,0,0,0,8
5dheDHXHzPvhLSxZyNUC44MVevEuQd1Frcfr1yst3C3U,1,ok,95.74,99.998,100.0,100.0,0.91772,10,0,0,0,0,9
5fcADuekg2kN4dzSgQWurhdFH5DrXpmVaTgwbf661At5,0,ok,84.209,92.249,94.444,96.795,0.71138,20,0,0,0,0,6
5ehV2Ctasx5WF8duJ54LYnP5No2W5iYo1WFsDDLEctw,1,ok,91.98,98.593,99.449,99.736,0.84773,20,0,0,0,0,8
5gg4qBjdw749C5mtewcWiXMxZDRGi4GZRr4yhUMTpump,0,ok,95.57,97.318,98.31,99.149,0.91348,20,0,0,0,0,6
5frH7hgcEBnsPdpRfBcbNny3v5n81jTZpBk9QzJvSt6u,1,ok,25.044,74.633,92.87,97.26,0.13941,20,1,0,0,0,6
5iCHP6GP7c179Dskd2gBQ8QxsbcgEdNPwiNnJVsoPLPj,0,ok,100.0,100.0,100.0,100.0,1.0,20,0,0,0,0,2
5gbfiV8mGAkfMMJoFXJTGi6gcuQRQt2F7wuDT8GS4Win,1,ok,97.287,99.378,99.682,99.956,0.9466,20,0,0,0,0,9
5iyHX9ocokUZot5naHSSRCNkaBGp9sZaJmqSKZz2K8un,0,ok,93.245,94.735,95.432,96.436,0.86955,20,0,0,0,0,9
5hY2tT1a8bNpkb4zvNgWiJ7wWQLSpMCHVXiP3Wxpo7qi,1,ok,99.998,100.0,100.0,100.0,0.99997,8,0,0,0,0,9
5ju2R51gVkQbM5V8RS9FjxVJ7oCrAr9u9sSBivXVpump,0,ok,87.86,92.482,94.649,96.361,0.77272,20,0,0,0,0,6
5iA4oZ4goNRK7RkuUxSMztHCcAPwQP1YWyG7u71KztqT,1,ok,51.955,100.0,100.0,100.0,0.50071,7,0,0,0,0,1
5mMEEXh6SXNK1QX7jXbLVVNrKexM2ZW5JT4Ndf8QZAnz,0,ok,84.293,98.794,99.808,99.985,0.71987,20,1,0,0,0,8
5jDeSjE3PSsz7BxhNKmVYuUtX9kCgUtRL6pxb7AMfaSB,1,ok,99.982,100.0,100.0,100.0,0.99963,20,0,0,0,0,6
5n5GbtWvuMSLnpxntScyrKmsstjceYpXH8mEzSr9pump,0,ok,87.427,93.366,95.179,97.161,0.76546,20,0,0,0,0,6
5kANAUeHsoambmdV317Nhs8puVxfukyChr9j9TZ8ZeQq,1,ok,72.58,99.989,99.999,99.999,0.56604,20,1,0,0,0,9
5oEaTGKY1AqBgkzyfWaAJXB92Gy2uAXewLTzk3zUVdyE,0,ok,93.413,97.546,98.865,99.495,0.87312,20,0,0,0,0,9
5m3asxiRmoWACtpU6hqfoQFrVCmpwtKqC1dWDrmiifVo,1,ok,80.369,97.245,100.0,100.0,0.65401,8,0,0,0,0,9
5pDmiiTWr3qu6Kq4PD6pBY3cnxNiyqf7gP8gqv19f47f,0,ok,48.764,66.831,78.606,87.747,0.25026,20,1,0,0,0,2
5n836pYzhw4tPVh6hMoF9GKU23pLpwaqD1U5XMEumYDH,1,ok,35.167,86.981,98.534,99.973,0.2032,20,0,0,0,0,9
5qKDWkBejLtRh1UGFV7e58QEkdn2fRyH5ehVXqUYujNW,0,ok,81.043,93.582,95.711,97.257,0.66198,20,0,0,0,0,9
5oZ1tg434Bt7cEMFpzDcUfnb7gecW2qhXrW6uixd4sky,1,ok,44.92,79.031,93.269,97.818,0.23784,20,1,0,0,0,6
5rSeUGDPGrxkygP5sqJzvsztkrhF5E6VTMb6GkHRpump,0,ok,95.056,97.026,97.835,98.423,0.90369,20,0,0,0,0,6
5pVmZtNYGJkPagb8985yjHvPD2hAKbyUD3C2uVniAwMQ,1,ok,88.261,97.178,99.636,100.0,0.78128,20,0,0,0,0,9
5sYrXzzSsBbheqkQ5D33CewFuALbjJTMKT2YPkv6fUne,0,ok,66.178,82.706,85.743,91.044,0.45729,20,0,0,0,0,7
5qRmBHnwHKdmbqWz6mPajjSHMgg4Yy1enxhjRJSMtnyF,1,ok,15.32,45.306,63.867,82.078,0.05949,20,0,0,0,0,9
5u2X5wDqLuXENA5m1nRQGVPEW5JABvaKkAA548RP5Hoy,0,ok,59.959,97.576,98.426,99.276,0.47862,20,0,0,0,0,9
5rGPmC9PnrEDrCwDHtEVyLZXUZERU9f55BbKEgSFKu9o,1,ok,99.7,100.0,100.0,100.0,0.99402,7,0,0,0,0,6
5v2EvyZduu6TJUVCibXtBLwFmboZGQFVxKukf2TcPSk1,0,ok,78.459,94.133,98.186,99.857,0.6239,20,0,0,0,0,6
5sSersUkZnEbZPFiqLBKQVZuWdGr3dj3CHPrcDJ3NFg3,1,ok,78.162,96.224,98.74,99.813,0.62143,20,0,0,0,0,6
5vnLdMSqJ6Th1x2PgdnNh1JZSF4RUUGRQVK4bBy2pump,0,ok,89.382,93.912,96.135,98.315,0.7996,20,0,0,0,0,6
5tmmB1f3gsZv9wR3DbPokv5Eh6uFTP3mNKB4PX5qP2AM,1,ok,99.79,100.0,100.0,100.0,0.9958,8,1,1,0,0,9
5xTuYGzLY4BZgPDn6WYNfKHYMuEj4J7giBioTmDtpump,0,ok,98.185,99.147,99.506,99.83,0.96407,20,0,0,0,0,6
5uMRrGSd6K4Vv99pXTuu6arYPD5jTEECsPJT8SCepAKc,1,ok,48.577,52.063,55.852,62.683,0.23703,20,0,0,0,0,9
5xq4HMTnfjcUWgyBN1FQ4fgotBCLRsA2QTZKMTMzu7zJ,0,ok,87.481,90.634,92.279,94.671,0.76575,20,0,0,0,0,6
5vRvBZ3knkckxuo2ZmC19emMM9AkjkareJuR4zeCrLtW,1,ok,91.111,99.867,99.97,100.0,0.83327,17,0,1,0,0,6
5ypYC2phNSBCNvepsTuHcDvJhFbHtvBpZFSU4qzPpump,0,ok,95.608,98.022,98.892,99.39,0.91429,20,0,0,0,0,6
5vx6n2F9eqhnoHM4KqFURwoJ1ugbZT9WGpxoBLb2HTHe,1,ok,99.994,99.999,100.0,100.0,0.99988,11,1,1,0,0,9
5zgTYTDK836G2Fc4ZLQp4rsyi78pAbuDr4qaQUE1pump,0,ok,87.029,91.02,93.184,94.501,0.75796,20,0,0,0,0,6
5xemgy3dytGwb8YMeKwAEKwwN8LPpe7A58tCDTWb1zQ8,1,ok,71.317,97.575,99.916,99.972,0.53359,20,0,0,0,0,1
61wgvSvxv4NrCizCn5NrGTgLkvXqsxfsXKDfVyqzGV8i,0,ok,31.946,77.222,84.495,90.681,0.17362,20,0,0,0,0,6
5yoznT9DMcjzmP5wSwkcyAq6VcGygeWyg26VX9NFR7fD,1,ok,84.192,90.95,92.759,94.965,0.71032,20,0,0,0,0,9
62hptRGxtnRnDQEH8QxnR3oMDz3XrsiGDTK2vmBLoYPo,0,ok,94.11,98.125,99.322,99.921,0.88619,20,0,0,0,0,1
5zaTtLRBQgfQGbW2z6VrRXLy2UKYLVX8xkHuBGhepump,1,ok,69.106,88.108,98.015,99.997,0.48954,20,0,0,0,0,6
643nJqDDFbVszi4RMAxzCduyBTVmaE3TLJ88q448VfPU,0,ok,21.592,52.37,57.786,67.82,0.08656,20,0,0,0,0,9
61so1vkmY9cHMsCEpB3Z33w1apYAe4QRaGzMpwYTzRL3,1,ok,99.835,100.0,100.0,100.0,0.9967,20,0,0,0,0,6
64yWoTV28BWuuzSesTxbSoSzDShv7FY7xarm9zYpump,0,ok,94.591,97.593,98.308,98.93,0.89515,20,0,0,0,0,6
634iccJSsp2uw7cA1zPhw5gX5ya7CN1pUsNZ14Bg56kA,1,ok,66.766,98.064,98.725,99.295,0.53592,20,1,1,0,0,9
65uhw49tmxR2bQXLkRNfx42aff92hzmhPHC5iDCewj3z,0,ok,57.638,89.822,91.669,93.472,0.38122,20,0,0,0,0,9
64Hw4Hm4WLC1Ty6p8g5vLZNCS37msb9Qq8ZFJE6UConN,1,ok,100.0,100.0,100.0,100.0,1.0,20,1,0,0,0,6
66WvTbmn6PFZDhJcXzsJdwDCQAqb1qLgtvz2vSZSdhZe,0,ok,97.128,100.0,100.0,100.0,0.94381,10,0,0,0,0,9
65hWFVPsw1CYTwFArSPjUv62wxxKw17V4G1js7nTvHj3,1,ok,74.924,90.894,96.901,99.948,0.57078,20,1,0,0,0,9
67VcrASAt3MPjf2tbiXJvoLf2p7kQHZUQ1UHwxFzzzCV,0,ok,87.059,96.374,98.143,98.72,0.76077,20,0,0,0,0,6
66bt6DRDDHFMs4s6fZ5HzyS2fwZp3YTYwDvDDHgU9jVL,1,ok,26.792,71.742,89.749,97.309,0.13917,20,0,0,0,0,6
68w7Rve7isTcFYEfb3hD95BJmaA4sF1PiK6vuKR4P5JJ,0,ok,90.433,96.424,97.834,98.987,0.81954,20,0,0,0,0,9
67U5Feh6GjgA5oP8qYts6PfVurPNjkMw7ZK1cD84pump,1,ok,79.9,96.474,100.0,100.0,0.64682,20,0,0,0,0,6
69i85qNFnuEYi3dHdRbHdmkMf9svH9fJ7cqufavnzu3B,0,ok,96.318,99.537,99.878,99.975,0.92803,20,0,0,0,0,9
68TBbiKEQU3VrG66ubz9X3iTULXps5KjsMEPpyq6muZ5,1,ok,90.632,98.3,99.586,99.981,0.82337,20,0,1,0,0,6
6AY9rvbPGufhjofUPg3Qg53pN9xqDYKDP1gEzM7KY1Gn,0,ok,91.401,94.355,95.426,96.691,0.83578,20,0,0,0,0,6
69dbSY5YCA9f8PWQg1fW8RGUq3KSw1Cry9JYjuoRzcqc,1,ok,34.598,97.132,100.0,100.0,0.23548,20,1,0,0,0,3
6Bk1QK824tfYM7CEVNRB35gS7Phe7AjGoTMEiBWXpump,0,ok,97.845,99.008,99.58,99.875,0.95742,20,0,0,0,0,6
6Adrh992fP6F8DLqRFktppdCaDXJdWwSwJkwhQf6xFjB,1,ok,92.828,97.986,98.851,99.286,0.86266,20,0,0,0,0,3
6CgqwJZEJH7Xerqj3utx3mgFt5X9Rexu5Q97ewDypump,0,ok,90.447,95.154,96.596,98.212,0.81874,20,0,0,0,0,6
6BitaPktTckdWivsWVf1m5Ar9W74poeCVRy8w1erLmxG,1,ok,90.411,98.005,100.0,100.0,0.81905,20,1,1,0,0,6
6DSqVXg9WLTWgz6LACqxN757QdHe1sCqkUfojWmxWtok,0,ok,43.117,54.686,64.645,75.116,0.19252,20,0,0,0,0,7
6D3Zfhv7MSG29bWgR9vtwdKVA8DWhhzEx6d9Aq913Md6,1,ok,98.155,99.59,99.801,99.979,0.96354,20,0,1,0,0,8
6EnjwPAnaPx3TGTpmAfTVhbEMbxehQQZShHixatLuk4J,0,ok,84.715,89.419,92.347,94.711,0.71849,20,0,0,0,0,6
6E1imgQBccEL2i6TL96HcdvE4SAcN3kx89498FUBV2ry,1,ok,99.241,100.0,100.0,100.0,0.98494,11,0,0,0,0,6
6Fyb45BEf3CrTAh3A2gRVy342Zznz6wxM4AyBvTgpycA,0,ok,54.735,89.566,98.966,99.999,0.33518,20,1,0,0,0,6
6EsufBBNSC1D6Jz3ZD8LzDhPC3jDDbqGXotg2vyysfSL,1,ok,63.807,97.561,98.646,99.988,0.45078,20,0,0,0,0,9
6H7zAsGudsKXUWAVgucXxQgT5Q5yfqd9abHzFFf1casJ,0,ok,84.841,90.216,94.707,97.583,0.72106,20,0,0,0,0,9
6FvXnBxHdEhaJGTDgc2gZftKskREVJ8FSh5xXn9EguvW,1,ok,50.509,96.048,97.645,98.85,0.42432,20,0,0,0,0,9
6HekQuhS6rTGCVPw7dANHtQwT1ootSYupcfdceSFpump,0,ok,93.654,96.165,97.705,98.969,0.87735,20,0,0,0,0,6
6GxhE9uTK2QB9SYGxACFgwVyrPpiZ7Nd6ZfySdXJeXmn,1,ok,80.577,97.763,99.625,100.0,0.66203,20,0,0,0,0,6
6JdaUhBGWkDwg5DCMgz9UiHbM4DT9CgRgunK2Xa59cE1,0,ok,90.694,95.97,97.37,98.521,0.82395,20,0,0,0,0,9
6Hs23JmeMiZSiw3kXSQMxdMwdKRakTTRMaG5AJa8C2zm,1,ok,92.459,100.0,100.0,100.0,0.86042,14,0,0,0,0,5
6KREGU7unPDoqTgDT2bApUQfVokE1eTvUMpwEtzGpump,0,ok,92.169,95.602,96.899,97.855,0.84987,20,0,0,0,0,6
6JpxxdnGsfc9w2HXeUXL1u6csbjcKL19cv53MPyRAH6D,1,ok,93.064,99.89,100.0,100.0,0.86774,20,0,0,0,0,9
6LfwPxEneB9uYFMurcKTgFyXtWRu5Z8yFXyUSzVGPb3U,0,ok,89.781,94.612,95.651,96.775,0.80716,20,0,0,0,0,6
6KpLErKera63jM4ok2YCyvJGREs9Rr5oF16uXHWC4RQH,1,ok,79.538,83.91,88.516,95.016,0.63397,20,0,0,0,0,6
6MVjvwMbBM6KonM3pACFUGzKBbeQyBFpEpZpZA7Gpump,0,ok,94.522,97.336,98.365,99.158,0.89377,20,0,0,0,0,6
6LSR413ydhqosZYk88cTT2d1fZow6V8gnfyU65eajMp9,1,ok,93.981,96.507,97.827,99.017,0.88349,20,0,0,0,0,9
6NqWczCsFJmsKD44Cgb8q2U3Q9aa3iBXYGojVDpbiCWW,0,ok,87.733,90.133,91.427,93.077,0.77,20,0,0,0,0,2
6MgoQ9xQgtifL1bxS2mhucXf3YVAuJwoxeVqzXk5yn3M,1,ok,80.282,93.015,96.69,99.227,0.6494,20,0,0,0,0,9
6Pv3DtUuiPmc3B2GSctSmj1McMgVCaFRJ7supnjn9nzi,0,ok,20.504,72.678,90.383,99.979,0.12231,20,0,0,0,0,6
6NkGAQU8uaNZfX3Wz6b6RAcYALQNcJybBGYDuH83Ksrt,1,ok,87.028,91.939,94.617,97.394,0.75842,20,0,0,0,0,6
6RTHVBGHs4heaU498xyfH6hU6HHrG4YhtsQRS8Vfpump,0,ok,69.903,80.94,86.327,91.111,0.49268,20,0,0,0,0,6
6PsKP2KTkDDVpqnmYw6nt68UHvHqW15n4Khb1uKn4Ajb,1,ok,99.888,100.0,100.0,100.0,0.99776,4,0,0,0,0,6
6SDeUL3x3DiWyUiXaHT7ftzYkb8t6YAeHxXigtyapump,0,ok,70.541,88.885,97.132,99.023,0.50823,20,0,0,0,0,6
6R7paTHpahekk6MJAQVkHABWWt1P1J4SS43WMiezpump,1,ok,96.95,99.432,99.767,99.953,0.94027,20,0,0,0,0,6
6SpuQEYJ4GwwZWWSg96sowwJLTLHiJit92KJVrBrJrVi,0,ok,74.619,86.211,91.051,94.573,0.561,20,0,0,0,0,6
6RpNjHZe6NuG6EZdD8R8QyDaU458eeUccxZF5HRSb2S1,1,ok,55.026,100.0,100.0,100.0,0.49794,18,0,0,0,0,6
6UaBXHo66aMBk82hR2xzB466sv4vNc9dnJdHtrBmpump,0,ok,84.634,90.557,92.917,95.213,0.71749,20,0,0,0,0,6
6SdfsHw2wGV9v7aTMgj3bWacsJEgNzT5LK895WVvsDj9,1,ok,99.344,99.861,99.931,99.988,0.98693,20,1,0,0,0,1
6VYF5jXq6rfq4QRgGMG6co7b1Ev1Lj7KSbHBxfQ9e1L3,0,ok,19.714,40.899,55.093,72.024,0.05865,20,1,0,0,0,8
6TgvYd7eApfcZ7K5Mur7MaUQ2xT7THB4cLHWuMkQdU5Z,1,ok,30.461,98.009,98.916,99.211,0.23897,20,0,0,0,0,9
6WJnu8Ho7sUYk4cPXc2phuFrGRQA7aqM9Hizog1Lpump,0,ok,98.417,99.189,99.506,99.8,0.96862,20,0,0,0,0,6
6URhGk7zCPDwCpR2Y7NNKHEVfyvnsSft7cwCA6ZyCEDj,1,ok,100.0,100.0,100.0,100.0,1.0,20,1,0,0,0,6
6XTcCkzXdX69nvJhR3nft9YfKZAMcbR9fB4qs7k6pump,0,ok,88.563,96.81,97.61,98.558,0.78713,20,0,0,0,0,6
6VSfUqtaucSrDo1zRc2aNEYMxUhG3NCJsKQzeTges2y2,1,ok,67.388,72.912,79.227,89.722,0.45678,20,0,0,0,0,6
6YPVWNNgEYEmrRqv7QohMG41XuTBRnBrqwSbWEc1pump,0,ok,99.436,99.847,99.95,100.0,0.98876,20,0,0,0,0,6
6WLj3BWtP5AZRBPb4Hqgy5SBZ8JxiEraXg3sE54ghF3D,1,ok,100.0,100.0,100.0,100.0,1.0,5,0,0,0,0,9
6ZT7hoeMNfYua5oJ67EQJbFJHUBVLuFBbCKduRuk1rXr,0,ok,75.08,82.687,87.36,90.961,0.56601,20,0,0,0,0,9
6XYKzfecahVStd5ujYPTgHpgZAS6MvRewyPu1hcJfq25,1,ok,88.334,99.939,99.998,99.999,0.79276,20,0,0,0,0,6
6ajijkbggSTp8frj4N79tWwgJyRPZNLMU7qoL2HwaEeu,0,ok,95.594,99.966,100.0,100.0,0.91504,20,1,0,0,0,9
6YfUUHrWG3v2wZWLTMqrYhSHn2g1tMEBQaQNV2iqg2zF,1,ok,64.573,71.608,77.02,84.794,0.41943,20,0,0,0,0,6
6bmgHbuYtcegU83QWUb9a6ZxBHCA5wJzPfmJMHLCgydT,0,ok,75.509,83.52,87.921,92.576,0.57276,20,0,0,0,0,6
6ZYAugb3AeRoZubTYzMfYKAqKwZuPW8Tf25QMZjoJHAX,1,ok,79.705,87.409,90.628,95.063,0.63776,20,0,0,0,0,6
6cvrZWgEUkr82yKAmxp5cQu7wgYYBPULf16EUBp4pump,0,ok,24.733,34.792,43.12,53.047,0.06633,20,0,0,0,0,6
6b3vopgexVTXA91WJSAqUGMCvJZdXZ5D8QJKEDgeY38Q,1,ok,99.867,99.993,100.0,100.0,0.99734,18,0,0,0,0,9
6duzFzaB6B6fJnq2j5GhUkqqXM1DqnWoyKoNZoxrpump,0,ok,94.366,96.565,97.599,98.348,0.89066,20,0,0,0,0,6
6c5jQtDr4fE7g5dvdkpEs8T6o82UBCGF2Yetnwhxvva3,1,ok,100.0,100.0,100.0,100.0,1.0,9,0,1,0,0,4
6f8jC1PMsVXcnaPhENM6jNrZa6uiLzhACsrJ1YdxNFyf,0,ok,31.747,55.762,70.604,84.332,0.12276,20,0,0,0,0,9
6cvy9vZnSwMkrwP7gfAqkcLqBZMh5kCg79xtwQPZoZbY,1,ok,63.419,92.992,99.667,100.0,0.4333,20,1,1,0,0,6
6fpLdCLfVid3AAdAmU3QfjWJFm8zjSW7j7xasXpiJd7K,0,ok,80.184,84.221,86.618,89.935,0.6437,20,0,0,0,0,6
6e3SRiTZW9mmLwmAKGPshZD5dkF3FCww8TygUZb8CdRy,1,ok,100.0,100.0,100.0,100.0,1.0,5,0,0,0,0,6
6gnCPhXtLnUD76HjQuSYPENLSZdG8RvDB1pTLM5aLSJA,0,ok,18.62,43.592,58.473,77.327,0.05927,20,0,0,0,0,5
6f67rPMb4nrmWgpccmmgxhBwjD7YnWkmibCyZfQKNZn7,1,ok,99.91,100.0,100.0,100.0,0.9982,20,0,0,0,0,9
6hRAFttdbBvf4ZcoCVk8xJnstu1ys3b3zHrod8xBVT8H,0,ok,77.471,88.424,93.038,96.201,0.60578,20,0,0,0,0,6
6fyVxagdYGtYv1u117cctvrYGJQwEYmg8LivELTT5yZL,1,ok,49.19,99.024,100.0,100.0,0.34072,13,0,1,0,0,3
6iB4CZDBAXxGiGuVuo2e1sa7cAHbfB1dpWVi9dmiACrs,0,ok,76.668,89.715,97.361,99.75,0.59366,20,0,0,0,0,9
6hBKEo9vid5oaL73jrhAFyt8EM2Ae1BEN3gjLhCeeXei,1,ok,35.745,98.723,99.992,100.0,0.31114,20,1,1,0,0,6
6iezmEdeiUCzGGq4kjgyWvFDuajTPNWZqjzV3G2Qpump,0,ok,68.263,75.778,82.403,90.753,0.46902,20,0,0,0,0,6
6iKNfLRJeA2o3Y7nqHm6YE72NgdqTPE9ADxHM8qaAZFK,1,ok,69.452,90.945,96.225,99.289,0.51185,20,0,0,0,0,9
6jk2amgXPdUwiFV4aULZTHy9coEXXdZjoXLC881EVD7J,0,ok,55.124,74.505,87.406,94.567,0.3184,20,0,0,0,0,9
6jY8WkGqSg3SoLZznTsm9BzsZTPyfjHonjY53fEoLvkE,1,ok,81.791,99.177,100.0,100.0,0.69058,20,0,0,0,0,9
6ktDB8pro2WTCW1WkuevBWs4Jm4B9Y11iJL6TLvmEBey,0,ok,67.737,76.901,83.499,90.21,0.46241,20,0,0,0,0,9
6kQc2ok7ANqyj4r77TcYgEDXHB4d4ZJb4KYuiveLwhRN,1,ok,81.638,89.136,93.642,99.147,0.66865,20,1,0,0,0,2
6mzEAt61mCdZqhMXMk6tUVBttwHMq6nSxjsDJRGHTCtx,0,ok,80.926,97.217,98.688,99.475,0.6653,20,0,0,0,0,9
6myQBbFS4ii66W6QviabC1JNEJH5uAkUjhFyrX9YpkmJ,1,ok,84.732,99.933,99.998,100.0,0.73113,20,0,0,0,0,6
6oFzbcdt6FTMBnuvA4ik2RNSY22kU2Q5jBSJ1kYcD6Mm,0,ok,93.138,95.533,96.685,98.175,0.86771,20,0,0,0,0,0
6npXXFmhgWVYYB72oqfqwFVFmkG7D8CpjWxHVC7pQiek,1,ok,82.733,97.697,99.973,100.0,0.69159,20,0,0,0,0,9
6ouRmNFECtQgjwbwWqjiWGGZxY4DBAttoGtor5CWjTNm,0,ok,79.804,85.307,88.611,91.227,0.63798,20,0,0,0,0,6
6oVsrtrcgE4i7tBBs1z1WCuRtDJwdjfiQXZuanZTtx4V,1,ok,98.638,99.997,99.998,99.999,0.97309,20,0,0,0,0,6
6q1qiyHogNQ5U9oHFa1X27trAyvRTEYGCWTo5bKnpump,0,ok,78.346,92.092,95.759,98.144,0.6233,20,0,0,0,0,6
6pPDqg4pKkCx8N2TBmJTbbRsX6QCqK6h3zbcoXEppump,1,ok,93.141,97.882,98.596,99.29,0.86897,20,0,0,0,0,6
6r7NoiHB5V6dA8PXKcXLDWjJMRLbQwr3ArASsUKvGZPX,0,ok,94.146,98.268,99.454,99.943,0.88689,20,0,0,0,0,9
6qQEwkkmwRU6bZLA7rVHciY3WgeEVNjvp71uy4xVGh9f,1,ok,100.0,100.0,100.0,100.0,1.0,20,1,1,0,0,8
6s687jFczAQ95YYYXNGLdki6u9mAH4DUwPXtYpD3pump,0,ok,52.407,77.77,84.769,91.792,0.31377,20,0,0,0,0,6
6rSK1QodCyrjGScXGtQFR5qTMp1fwhx1xLfJfkn6zN1W,1,ok,95.744,97.46,98.265,99.203,0.91679,20,0,0,0,0,9
6tgkQozhde1PzgzYtqEta6uVe6gg4QFa9321HcN91MYy,0,ok,100.0,100.0,100.0,100.0,1.0,20,0,0,0,0,6
6sh87DYXsjeM1aYfLSxEkZpKWyhhfzskhSLB38fwCeSS,1,ok,55.553,95.767,99.504,100.0,0.39212,20,0,0,0,0,1
6ukNEcgujKyLyX5yqQ5tY8V12q9DNkCLBvYhLgpZpump,0,ok,84.127,98.263,98.944,99.398,0.71711,20,0,0,0,0,6
6tx3CxVEwQ8LP9HaLK8D8CTXESfRbGrcuZmH8RCgVMLQ,1,ok,63.778,92.956,99.604,100.0,0.43244,20,0,0,0,0,9
6wSFdpAddmw6sM8zJoiRdL1AMZYz2szdKGT3A4cBa31X,0,ok,74.516,85.075,89.209,93.24,0.56001,20,0,0,0,0,6
6uueH5zURTYcoGz4wYNHVwMvwocYgbdyfbCJ92kuqLq1,1,ok,84.243,91.105,95.144,98.133,0.71165,20,0,0,0,0,6
6xLHGjvBBBSGuTv8dj45SRhnSSHeJgENV7AJCeCopump,0,ok,92.528,99.463,99.674,99.845,0.8604,20,0,0,0,0,6
6w2xBHWCiMPE6mS5b286tUdoBVFzQt9D1gABWm6h3aaM,1,ok,99.989,100.0,100.0,100.0,0.99979,8,0,0,0,0,9
6y7S5kvWjBBVaofHFCa147nvdBgyYSghiP5weS43pump,0,ok,95.215,98.306,98.758,99.151,0.90716,20,0,0,0,0,6
6x8Vm6uiBeoBcXygTcTr5Mx9NBqkKzU8AGvrzGT5bKCd,1,ok,98.314,99.49,99.758,99.966,0.96661,20,0,1,0,0,8
6ytBN9WLSWeZtf7ij8c6245Pe3v7hu49gBKdejkhP14Y,0,ok,85.719,90.736,92.717,93.844,0.73563,20,0,0,0,0,9
6y6opEkLXroG33CQqRmqRp9mcoSAVR66o4sHw1AC6b4n,1,ok,45.274,86.59,97.548,99.979,0.25206,20,0,0,0,0,9
6zmrmNUGdRwrqcchshVkBgAyLhLwZ7QvJRQiKktqVQLV,0,ok,47.222,74.077,84.358,91.106,0.24974,20,0,0,0,0,7
6z6qYvbU1ZTcKXhUto2FUSEuJPZmVNQmPQjxJzmJ1rbQ,1,ok,100.0,100.0,100.0,100.0,1.0,20,0,0,0,0,9
71dnethMh5zx1V8zzNizxkywvhR8VWZ1VX6rt5KApmSw,0,ok,78.872,98.085,98.933,99.51,0.65588,20,0,0,0,0,6
6ztpk66ufp9gqY7g68DySryRox3VczJRssJrQGM4fAr4,1,ok,78.125,89.949,93.672,97.213,0.61488,20,0,0,0,0,9
72VMbkfBskHUTS7adZ3egwitXbD5X85g5ggrrfvUuQQk,0,ok,74.565,94.161,99.941,100.0,0.56955,20,0,0,0,0,6
724ZWv2wMjCZFMLzRygniBL5zV5kKX6ZSBqnR3W2tGsS,1,ok,98.485,100.0,100.0,100.0,0.9701,13,1,0,0,0,5
73WeSq6AfrqXdjUenKep9YPBqZWk9SXmWFfY9d3aL423,0,ok,33.837,95.664,100.0,100.0,0.23899,14,0,0,0,0,9
73AtZK4RmHzmdnkoDuoDr9gMgLCJoJLpyNPywwoafpj7,1,ok,92.906,97.366,98.56,99.426,0.8638,20,0,0,0,0,9
74SwSGwmNSuTP9a2FNWnW5or571dkU2Z3TtCT2f2edam,0,ok,73.645,86.68,91.091,95.2,0.55054,20,0,0,0,0,6
74JQUtBZS41N6TovoyEHRmWV3MVogMjgwJwG67VkXYHm,1,ok,97.732,100.0,100.0,100.0,0.95537,17,1,0,0,0,9
75vs46xJPva9TqP8vomh2vmw4LCBW9avR16NdBqNpump,0,ok,95.577,97.739,98.742,99.625,0.91371,20,0,0,0,0,6
75M9nnYH99anXmDR3CSwCYwYfrV5EEmKRRZQjyVg1p3P,1,ok,98.948,99.984,100.0,100.0,0.9791,15,0,0,0,0,6
77KxtoRTXDperZpSkohH88ETyi5RUphZPpmGyk7UyCKA,0,ok,72.837,81.993,86.828,92.771,0.53373,20,0,0,0,0,9
75yhYFPGMLo6GhScwGMwLzPZ7rzt4316kwPcPcyZQuXa,1,ok,92.624,97.123,98.387,99.203,0.85894,20,0,0,0,0,6
78XLqFvnRAAsjPEFVMfzBeMy1qkxbzNRrWtLuivP6VVX,0,ok,84.52,92.056,94.928,97.556,0.71618,20,0,0,0,0,6
76pSqG4EsE5n5vp7NrEqZAX4Zsbu48UWFQ7ycSu7BQFH,1,ok,97.928,99.198,99.546,99.856,0.95904,20,0,0,0,0,6
79DSZnvKdTeyxVXKFYFxLW9fW6gB6xjCFUBoyRHWjK8w,0,ok,88.719,93.204,95.006,97.242,0.78807,20,0,0,0,0,9
781FPrecjXtNdgGz2ar3e7r4V13Uun6kZhJWWUbRpump,1,ok,98.222,98.944,99.23,99.556,0.96477,20,0,0,0,0,6
7AGHebp1RhbroBAnsebGFPUPLjE3175jP93HUKRUfubW,0,ok,68.152,92.555,99.866,100.0,0.48192,20,0,0,0,0,9
79MYXz4653a1LbhPtMDBQbUpUtpPnvn3WEwsyvsbwtZk,1,ok,69.443,100.0,100.0,100.0,0.52865,16,0,0,0,0,4
7BEv5LEBKQHAYuk6wu25xdXb6zhJ3kHyc6wmyYFZKW4u,0,ok,46.256,81.972,93.577,99.716,0.26011,20,0,0,0,0,6
7A8ji7C5R1qKZofivboTh7Jf645m3mMHsptsvvmSeEj8,1,ok,91.061,96.237,98.764,99.297,0.83005,20,0,0,0,0,6
7CDSedgHumkMB1iLwkKTuAvTi6iHjA5EmEv8SAdBJxD3,0,ok,50.481,60.768,69.176,80.192,0.26024,20,0,0,0,0,6
7BYiASUqt1C3kU9863qgoJwaw2e5zB8yJLpbPxwrnBSt,1,ok,93.456,95.856,97.696,99.643,0.87371,20,0,0,0,0,9
7DHJrhWBHfDcMZqZ1ua38FZXuwBt2se2vSzT4p4Tv7d8,0,ok,43.904,68.115,83.811,91.818,0.21456,20,1,0,0,0,5
7CjvjddoACtNv35vRistrAjS4nwgEZDdyxEkUbJpcwQd,1,ok,100.0,100.0,100.0,100.0,1.0,4,0,0,0,0,6
7EYnhQoR9YM3N7UoaKRoA44Uy8JeaZV3qyouov87awMs,0,ok,28.516,49.725,57.204,64.537,0.095,20,0,0,0,0,9
7DZmmvoY7UwVHLmEMfRTMUhhiBREAormFgHnYfXWTU2W,1,ok,68.249,96.153,99.723,100.0,0.49405,20,1,0,0,0,9
7FqcC67T6d6dc8PRu5sXQpvp3TJtURfZyAqrNDmcCmxH,0,ok,99.53,100.0,100.0,100.0,0.99064,9,0,0,0,0,6
7EdDHGdRivL9wjddDHKKcGqSk1ZDrfHtey4gqUPty8zz,1,ok,58.485,69.506,79.64,93.005,0.349,20,0,0,0,0,9
7H3hdSFGUVW94UhmrcJ4m1rqtX1JZ2SVPX1wxGjmRGML,0,ok,88.265,99.999,100.0,100.0,0.7928,19,0,0,0,0,9
7FTECLd9wkVKrdqMVsdCPmLDDH3mJumrWefZHf23XKPG,1,ok,100.0,100.0,100.0,100.0,1.0,9,0,0,0,0,3
7HiDGH8eBf9NsjCAM6Uuu3MuwkH92xvfXSk3MyYk5zjY,0,ok,96.516,99.964,99.997,100.0,0.93222,20,0,0,0,0,6
7G9zcGZHxJTzZUTugRVnFP5fUVAiNvG1TCyDo8nmpwBB,1,ok,88.234,100.0,100.0,100.0,0.79168,17,1,0,0,0,9
7JhmUcZrrfhyt5nTSu3AfsrUq2L9992a7AhwdSDxdoL2,0,ok,68.253,73.572,76.77,80.794,0.46697,20,0,0,0,0,0
7Gt1zS88J5wptPTbGSDSNfPHHYDwcL5QUvK2mqsobX5S,1,ok,5.349,16.303,27.124,44.546,0.01127,20,0,0,0,0,9
7KhMizRZWzZZytUbm1wem3nDKpTPt1u4HFCS6uGQdXxq,0,ok,95.07,99.21,99.784,99.956,0.90434,20,0,0,0,0,9
7HtbK4XPgTSgkD7pG2dgQ1kEXP3v9j67dATxmLk67ggQ,1,ok,21.492,77.703,89.729,98.166,0.1484,20,0,0,0,0,9
7LZLkdxisoHRSTWNDzBWYiFMzPPRJKzrUYHzem5jLGXX,0,ok,82.56,91.987,94.521,97.289,0.68553,20,0,0,0,0,6
7K1VQWWPbvpGixqS7113zAqGyNmTVtq653J9q9y3Fv4N,1,ok,57.816,99.616,100.0,100.0,0.402,20,0,0,0,0,9
7M9KJcPNC65ShLDmJmTNhVFcuY95Y1VMeYngKgt67D1t,0,ok,41.504,50.433,57.434,65.584,0.17599,20,0,0,0,0,6
7L7aXiMRbynqAPUzehkx6tBQMmaUhzDK958XPfrFmVYS,1,ok,96.599,99.335,99.86,100.0,0.93344,20,0,0,0,0,4
7NY6ocsf8eM9qFFa2Mqf9479EMTh7yYqi7wiQ1PCPaYX,0,ok,65.057,99.861,99.947,99.964,0.47461,20,1,0,0,0,9
7Mm6JkJtXi4vym9jcWHkW98GBEL1LPbgyDCwnmLE8n37,1,ok,95.002,100.0,100.0,100.0,0.90419,14,1,0,0,0,9
7Q2afV64in6N6SeZsAAB81TJzwDoD6zpqmHkzi9Dcavn,0,ok,52.201,91.468,94.948,97.721,0.35625,20,1,0,0,0,9
7NbRTQjzhqYsLPebtTWBfHRvcBqf59Ey68F47fyaUpu3,1,ok,65.373,99.925,100.0,100.0,0.47757,18,0,0,0,0,6
7RLkUSdTqWh5s2omyNvDhG2fR8dcM6hSenRdgBRqus5e,0,ok,73.139,86.155,93.016,97.424,0.54061,20,0,0,0,0,5
7PeYQzCSEeq4juqFMoJvm7hYc4hNG8sKwrfZEBbS2D4t,1,ok,71.59,99.772,99.992,100.0,0.53998,19,0,0,0,0,4
7SCs1ayvipbNAvWZgCM2ibbzP6hJ8rALsHTFzApjBShw,0,ok,95.617,98.26,98.95,99.474,0.91447,20,0,0,0,0,9
7QUE4uywLL2bxw1oRFQWpWfsPiqUz59etBpfpeAng9Yv,1,ok,99.751,100.0,100.0,100.0,0.99502,20,0,0,0,0,6
7T974qt1B9SamNbFk11sbRWzPtT6dNDaLCbokFph7BRJ,0,ok,55.385,65.093,72.104,83.379,0.31139,20,0,0,0,0,9
7RT9vHDCBokdhz7zPHdneKQMex68EDMHaXD8Vg5jZBHZ,1,ok,76.948,81.667,85.772,92.708,0.59351,20,0,0,0,0,6
7UNNKuiR3kedVcrgjTSCLHofBqHcQ3H8WAnKu7gCViZh,0,ok,54.714,94.897,99.224,100.0,0.41613,20,1,0,0,0,9
7SZUnH7H9KptyJkUhJ5L4Kee5fFAbqVgCHvt7B6wg4Xc,1,ok,26.607,49.295,53.699,60.717,0.09341,20,1,0,0,0,5
7VRUiog5gmuCn65Nt3amci9KYrba9AgvFuN3a1SodoMD,0,ok,83.032,88.012,89.538,91.402,0.69057,20,0,0,0,0,9
7TidyfwBJm3sMX4Evk1pGjCTMYCXukqvdX4VNuy5PSEs,1,ok,98.146,99.988,100.0,100.0,0.96346,20,1,0,0,0,9
7Wcwj1MVfEqp7zL5djGiFuUkUcGrbK675KN6LoAknzM2,0,ok,58.884,99.176,100.0,100.0,0.41074,16,0,0,0,0,9
7UZH4qRriJaoPB4p3wBTYRrPXUqJMSsRpvUHZvQ3HgE5,1,ok,98.987,99.982,99.995,100.0,0.9799,20,1,0,0,0,9
7XJiwLDrjzxDYdZipnJXzpr1iDTmK55XixSFAa7JgNEL,0,ok,19.579,33.19,43.902,55.315,0.04673,20,0,0,0,0,6
7VfaG7qAyK1rDEBK6WobtR7dbZR1YrEosqMxs1y5qzxB,1,ok,94.842,99.575,99.974,99.999,0.90026,20,0,0,0,0,6
7YPLAjUKFbRLUbdonDc7RQ7c7n4NncyHMh2ZKvRv8f5q,0,ok,90.594,94.174,95.8,97.595,0.82122,20,0,0,0,0,9
7WRC93SAefPDNC9rdZfW5bnuEWGdGtFLgtqNLLegWuFY,1,ok,12.458,45.767,73.733,98.182,0.0666,20,1,1,0,0,7
7Zom14WJMawcVSXwEJnh9SCG4zR1eTYUCfK39w6FLc4n,0,ok,63.377,100.0,100.0,100.0,0.52831,20,0,0,0,0,9
7XNdFAPQ8dEjuM3SuTpCAE4KQKXdaD251wY3NQ6sNDAx,1,ok,80.992,98.425,99.984,100.0,0.66818,20,1,0,0,0,6
7abMjwmZvQNKQ4xM2G6ijwK4LnqnUBHqb4WD7LYfGGoF,0,ok,98.941,99.611,99.923,100.0,0.97896,20,0,0,0,0,6
7YSv98s374XVLpbDD6Yz9z9BUkWbKYukh5GbnbKDBB7F,1,ok,85.191,93.507,97.091,99.041,0.72844,20,0,0,0,0,9
7bYVYg2TVoqUxbp1agZqoZrAVsCTzRFTWLozjAyKpump,0,ok,78.978,88.047,91.267,94.87,0.6278,20,0,0,0,0,6
7ZcHUNmQsJpSodGRZEgMi3fpUSL43exw4VQVU3483poj,1,ok,99.952,100.0,100.0,100.0,0.99904,11,1,0,0,0,9
7ccvuebgaH1MEEPtLFHZ6n9Fqvkf6qsJRn9ckGPadiSV,0,ok,62.489,73.183,83.456,91.568,0.39623,20,0,0,0,0,6
7amm9rhykrhLD9JZeXSXEiUUrM3o3ApcSFCVUrb8jGXW,1,ok,21.124,26.764,30.778,38.805,0.04682,20,0,0,0,0,9
7dySSeW5rDYAHsV8k9NK2Pi3BXAHDx7CyM1HUV6BsunK,0,ok,82.733,85.333,87.088,89.196,0.68477,20,0,0,0,0,6
7bq28wkJW7jy1x6Eq43vK7q9CsfMXUDoHE7wjypvXUXe,1,ok,100.0,100.0,100.0,100.0,1.0,18,1,1,0,0,2
7f4kFyKthGt1xab55RCJu1fXwXzhjupW8Rt9iLs8pump,0,ok,91.244,94.692,96.103,97.266,0.83297,20,0,0,0,0,6
7cxbF8rzYdqfgMxLew37Wv84tJ3RfMoKnoKGcKLEEMs1,1,ok,73.19,100.0,100.0,100.0,0.56605,12,1,0,0,0,6
7fjwnsiL555Lv51m93nVkktHDnATjoa7QFSYVo83ZMGB,0,ok,91.395,97.849,98.748,99.768,0.83656,20,0,0,0,0,9
7duNbxWdTUwbFDrK34iQaUyvjhRqos7uSFdGN778iuBn,1,ok,32.477,97.892,100.0,100.0,0.24329,16,0,0,0,0,9
7gYuMHFhDqq6wFp6pL7PbFkyBBNHLMrvi2ueKaY8uPPi,0,ok,97.614,99.589,99.945,100.0,0.95302,20,0,0,0,0,9
7f2sKVusg9eeMhp563VQcHANQs6jCvvBxNzb1Y3VbwuR,1,ok,89.252,93.473,95.198,96.986,0.79726,20,0,0,0,0,6
7hivRARbcwd6dS4ZgXLm235koLjuKf1RpvzYe6AyFKPD,0,ok,26.676,100.0,100.0,100.0,0.24715,9,0,0,0,0,9
7fqu2bLPWYjDE6NsosTqn2jwFp8tk3gy1LPj8MB5CNy,1,ok,84.283,100.0,100.0,100.0,0.73507,20,1,1,0,0,6
7iT9P1cvoDBRrRSy4ZvYZDXfMdMSbkT1CsAAL2LZz9et,0,ok,88.201,92.278,95.213,97.258,0.77859,20,0,0,0,0,9
7ghxLYRBqycvMLhoxLWQQ5gNRhqHKfABxQZYe9WoeXL,1,ok,94.467,99.81,100.0,100.0,0.89368,18,0,0,0,0,7
7jmaTFBooHkaSrBJDftu3LcK85KPtqWTCaFZCDxQV7ZW,0,ok,18.229,33.859,43.055,53.325,0.04243,20,0,0,0,0,6
7ht6h3dkHQupJ4LBMi18WRhHiKZhtiP3hVXoddGExHZs,1,ok,94.496,98.783,99.608,99.914,0.89356,20,0,0,0,0,9
7m5Mz5PRMAEUGdGrX4aGGcF2Bpy17D5Aye6xD4hy5o78,0,ok,76.914,83.043,85.883,88.885,0.59293,20,0,0,0,0,8
7j1iYXRec9ofAFQFRnhnr2BR7rD9uUR1AwXUTCfjM8Rr,1,ok,12.269,34.398,47.303,68.971,0.03684,20,0,0,0,0,9
7nErZV74Y8L7zz1thKUczBniWMnLc74gQMdzbWnhr95e,0,ok,25.064,49.468,64.876,79.368,0.08615,20,0,0,0,0,9
7k2qv9EAbdN2TW3y4Ubkr6CMNfKFMCLDVshZdUHdohH,1,ok,48.85,100.0,100.0,100.0,0.45703,11,0,0,0,0,9
7okPYisaUFvpTKu96KJcPLLwGB9ZyCZJjxyKr8CdEooM,0,ok,67.366,85.916,88.833,92.169,0.47082,20,0,0,0,0,6
7mE3CZ6nFgxZbAFYja4vqPfsXUDxqzhaAv5bgfC1XNFq,1,ok,77.418,95.673,97.666,98.861,0.621,20,0,0,0,0,6
7puG5H5Mc6QpvaXjAVLr6GnL5hhUMnpLcUm8G3mEsgHQ,0,ok,67.811,85.942,90.421,93.074,0.47154,20,0,0,0,0,9
7n8UZCHHtZJEz5a5bj1x22b1NEW7mD5dJkJNegMpng3C,1,ok,49.991,100.0,100.0,100.0,0.49983,5,1,1,0,0,9
7qvaWYSZgzx2ingvoLpHPJVDBDKDzRfBtRrFdjzJwLeH,0,ok,90.157,100.0,100.0,100.0,0.82252,20,1,1,0,0,6
7oNByKA6hUKx6q9hEmVyBfStge2mBM93SHnADXsHc2Qn,1,ok,70.975,91.674,96.526,99.166,0.52482,20,1,0,0,0,9
7rqXPaJQytbAWmcK1bfBEW2CV3Azffo3RLqwvGuKpump,0,ok,75.459,82.23,86.831,91.746,0.57128,20,0,0,0,0,6
7pHhGohPYmRjKND1qBdSSqoFWNfxoeuaqaa3PVKwAe8x,1,ok,99.572,99.83,99.929,99.983,0.99147,20,0,0,0,0,9
7sqZVLhTyLuzNF4Fgat3PnQzQmV7xLmHqQ9iFezbs1TY,0,ok,97.541,99.544,99.76,99.933,0.95162,20,0,0,0,0,9
7qWtmCn8TdUYaidhC6iPJJ6V7BLEx7Rc2dU7nQAe35is,1,ok,98.246,99.94,100.0,100.0,0.96534,14,0,0,0,0,6
7tsFrXk2KkY31HLu6UCuVS1R2n5xACikP541yFfKy3Kn,0,ok,91.87,96.008,98.132,99.399,0.84458,20,0,0,0,0,9
7rPfLCcHzWL6SwSTigWHpLHhftVcccbo3Jzsi7YKLV5S,1,ok,73.622,93.962,100.0,100.0,0.55442,20,1,1,0,0,6
7uu2DLPq4ZumFSJaPYA9rg1EZFYmyzEMXN1NUJirpAEN,0,ok,46.567,99.988,100.0,100.0,0.35938,20,1,0,0,0,6
7s8TnaUZAx3bdKpfD1ckxun1K9vtqRJPb1oMg2rVfeZS,1,ok,62.729,99.996,99.999,100.0,0.52821,20,0,0,0,0,6
7vb7Tm9MkRr2kVGH9EqZXsuKvzgYXXRgKbdH2VCjzriH,0,ok,91.286,99.002,99.997,100.0,0.8359,20,0,0,0,0,0
7tKfQMnu3Ggv45cvnKmhQbFm2qsaqzUUKETR91NhyTr7,1,ok,51.816,99.725,99.997,100.0,0.38822,20,0,0,0,0,0
7wXiLMmRzD21cDR1pvgneiYGqr5ZRbuwehccGKexEnzr,0,ok,71.801,88.086,94.831,98.053,0.52562,20,0,0,0,0,6
7uHUbutQaajXQk6Ji1ty3hnYQjdrygCNw26KTtxicZhK,1,no_data,,,,,,,0,0,0,0,9
7xBkaSXj9gneJhvjmjwUCjFBPUXRuQR1KxobLs7GhvEd,0,ok,95.667,97.077,98.145,99.0,0.9153,20,0,0,0,0,9
7vPVrdqRVHBhcwqmQ6XTj5MDsCanzmByu86mEbzT7Ezk,1,ok,16.032,67.333,100.0,100.0,0.12163,18,0,0,0,0,9
7y1TrdzE1cEeCgBvgdNB9DViMYdQ7UU2FKhnPDLYa7ae,0,ok,58.503,77.799,82.693,87.861,0.35768,20,0,0,0,0,6
7wixJVLFoZDRNq3SJkzvGn7QqYfQsifec9gSD49hs1ee,1,ok,66.18,99.992,100.0,100.0,0.49463,17,0,0,0,0,9
7yjWAASx7Qc5N5Ezg8Nqd2prjm4zPFK93tf2GJTp3GpN,0,ok,96.027,99.224,99.596,99.775,0.9225,20,0,0,0,0,9
7xYbBLdju4UixjnQuMCb9Rzh3NrtuqUnymgUubAMQZdK,1,ok,93.417,100.0,100.0,100.0,0.87438,16,0,0,0,0,9
7ziY138J4Ujqh3Gw5SzHCqr92jRrorQwnsyGTSchnVnT,0,ok,95.826,98.099,99.244,99.785,0.91843,20,0,0,0,0,6
7yVhmBg3dnvV9P5zT2y1XeYSCmFdHEAdCwDG4HaKaezB,1,ok,49.883,99.567,100.0,100.0,0.36876,20,1,0,0,0,6
81u251ZH4NCUe2h2ob8N2WE2cqUjnR5bybEXhMH5pump,0,ok,99.013,99.456,99.665,99.857,0.98036,20,0,0,0,0,6
7zGXdiBA4h7PyBVrLzWws3MtGLk9h4ndRM535EL6CBdT,1,ok,92.757,99.47,99.999,100.0,0.86196,20,1,1,0,0,6
82owMeqrf69bSHC1qLW1S9FLb6RCV42A1ASnz4PMtXoW,0,ok,56.965,73.576,81.746,89.858,0.33405,20,0,0,0,0,6
815rR4cpjw92qksKsGDNAvBzZNZxMwRymNGZHxXsLAP,1,ok,82.681,99.649,100.0,100.0,0.69544,20,0,0,0,0,6
8465iACTghSR2aEweXS2i4idgCrHmFTVen2kcmfPpump,0,ok,84.18,90.538,93.551,96.517,0.71034,20,0,0,0,0,6
82Sx6VKUrLUGUvEL8ymSaTZHRyEmGSfw1N6qNtUGefPa,1,ok,87.561,97.828,100.0,100.0,0.76971,20,0,0,0,0,9
85HYmfukknmDrED7G5yt8ZrDTgZJq2UMm4Cmg7MC6ar4,0,ok,14.72,48.169,75.342,96.854,0.07056,20,1,0,0,0,9
83BPtEGp57Lv2DHvPqZxRrKCgTreqA39XQHWxcbicwCd,1,ok,83.217,89.408,94.033,98.502,0.69418,20,0,0,0,0,9
86DTwX1M7xt4HnDZNuVUXyMLTsdGKFwuLyLBpTpBpump,0,ok,86.288,92.468,94.767,96.969,0.7458,20,0,0,0,0,6
84ResdQGeVJhYa51q6BhP2SH6ujTMmBBSAjUAHgxAZib,1,ok,33.672,68.743,79.768,91.706,0.15814,20,0,0,0,0,9
874mHtP579VYPxjthdrVU286Qk9fDPaZkw6KPnpZqPJf,0,ok,30.0,99.973,99.994,99.998,0.25054,20,0,0,0,0,6
85P7Q2H2hJnBdga5rzr3HZMUY3az83tavWheR3u2WUmx,1,ok,70.889,97.962,99.844,100.0,0.52891,20,0,0,0,0,6
887tnctUgSxTxTGcdVMYbNEvmq4DrjUHZNHFwqnRpump,0,ok,83.889,89.617,91.635,94.031,0.7054,20,0,0,0,0,6
86K13sKcdyPx5khHjjop4o39uh1RP9rnm5xonRYrMq4r,1,ok,23.001,57.404,80.867,99.904,0.1012,20,1,1,0,0,6
89BkQcCSRVnq6NdtyrXyN9j2qCv26VrNSBm6nHNH1ndr,0,ok,82.353,93.64,96.537,98.417,0.68259,20,0,0,0,0,9
87iYAbBTWi3Gksn27Uc1BXwf9ksers5rdnnNGmt7McdE,1,ok,25.751,36.528,45.815,58.89,0.0727,20,0,0,0,0,9
8ANPJgPfM8JiVUGLCUG2VK2a6nLkTYXQr1qb4FHBpump,0,ok,90.227,94.153,95.669,97.334,0.81468,20,0,0,0,0,6
88JTNBJqpyqdJNVHhnEdB4k2qXSzWKCj2dXqPgrTtiee,1,ok,74.376,99.972,100.0,100.0,0.57509,20,0,0,0,0,6
8BLiujyxu5gJajWBXoZQkwSsamdeHNKWQbu1ApAao8Ps,0,ok,70.136,88.956,92.606,95.536,0.50291,20,0,0,0,0,6
88yMJ9NBya9BLoRwNfvt2xPQAy2d74ua571Z6d1N1NML,1,ok,92.872,97.151,97.916,98.613,0.86338,20,0,0,0,0,8
8C3sRWnqToyjM7enYzatQBf1eyUbiGqHueXT8E7opump,0,ok,88.73,92.14,94.408,96.268,0.78775,20,0,0,0,0,6
8A2a91yjUvx2avHRMruQtsrLiTX6WuNeVyTXuW3Gpump,1,ok,98.133,99.999,100.0,100.0,0.96333,15,0,0,0,0,6
8D1nUMJQam54o34Kj2knFhSTaWoehEr4mBc7LfiDdCqq,0,ok,19.198,28.672,37.363,49.13,0.04214,20,0,0,0,0,8
8BRKEC28uzJmdJuPjud2VC9GXL8RznJvxPake9kHESkK,1,ok,40.695,98.42,99.745,100.0,0.27524,20,0,0,0,0,5
8E4A7y9YjhmJ2K4bm8jBo5F5Kaef6yQdNdfMR7XUJqH9,0,ok,96.178,98.435,98.926,99.413,0.92524,20,0,0,0,0,6
8CHgA32Ht7AXjCGV53JFJZrHrA4fZXzohqdhJGWxCKKb,1,ok,99.969,100.0,100.0,100.0,0.99938,11,1,0,0,0,6
8EzBvhGTpnT13pQjaxxvgGPfJJo9HSBU7JA6687p2Nij,0,ok,86.078,91.178,93.445,95.617,0.74193,20,0,0,0,0,9
8D57qvtW4XbPCMhSSyAg2HyFJEzvTjmLGNHK5wDU2zKS,1,ok,58.511,68.386,77.022,88.104,0.3476,20,0,0,0,0,9
8GD3LrVYSEA7PPPcb5by8bGDe5aePHxaSMXALCitQ4b5,0,ok,87.277,92.2,94.387,96.744,0.76268,20,0,0,0,0,9
8EGJCUjP5okhSgGEzyhaCz9TwarUAu3kNsidek2ZMutN,1,ok,55.201,99.709,100.0,100.0,0.48716,19,1,0,0,0,3
8H4eH19o9yYWCGFQLe37fQhn9Jkb5TUVw8bwW9cmHNfu,0,ok,83.143,99.837,100.0,100.0,0.71688,20,1,1,0,0,2
8FCuwYAVhfSMP1c5U7GacRLcxQipSLeraBvvDqfCdScE,1,ok,34.751,96.903,99.946,100.0,0.29316,20,0,0,0,0,9
8HpGNw96EbNojdDLjLpPC6EQKXB4aYvzFzYPqdT4UNu1,0,ok,86.33,93.473,95.469,97.373,0.74748,20,0,0,0,0,6
8GBi3n36RDVbQsrbA6Kbr7wz6nNBy7gF9VdZYRWpxcft,1,ok,82.683,99.571,99.806,99.839,0.70056,20,0,0,0,0,1
8JXFn8cpsQ34z554s2DH6sHXpGRKboehdtsoxWxHSg1R,0,ok,98.072,98.69,99.198,99.598,0.96183,20,0,0,0,0,9
8H4Fwksdi7Svztrzu7CBKHnpo89VyWYrkCZqnMYPRYEx,1,ok,39.988,90.491,100.0,100.0,0.24587,20,1,1,0,0,6
8KLoB2KNTsuenBmcKBta4HKnSuv3mUfhbWiz7qnAJVHL,0,ok,24.249,84.585,99.971,100.0,0.17975,20,1,1,0,0,6
8HqJxbBvBSLJBFxrBHt3Kxz87HBhcwDRMZPTeJZGAG14,1,ok,92.852,96.009,97.164,98.175,0.86244,20,0,0,0,0,6
8LqMCs9CAHu86by2CQhQVoeRQWKdL2J8XfK4A1ghpump,0,ok,89.727,98.593,99.581,99.912,0.80726,20,0,0,0,0,6
8JonKuoD1o4G98rPADibWC44Hq7MhhRZVSvd3hbfdgek,1,ok,42.827,83.184,99.994,100.0,0.23511,20,1,1,0,0,6
8NGgmXzBzhsXz46pTC3ioSBxeE3w2EXpc741N3EQ8E6r,0,ok,6.975,23.052,35.526,45.987,0.01597,20,1,0,0,0,9
8Km7NcxU1avYSqwCaEHHHAbYMitLAzcv3r753h43huAN,1,ok,83.557,95.538,97.406,98.692,0.70559,20,0,0,0,0,9
8PH1XWXyhvFWXWeixSbcWmfHX4uRJHQtcjnwkCgzfTkY,0,ok,30.757,64.507,68.027,72.562,0.14433,20,0,0,0,0,6
8LhRXC3fyEa6isJ6rcVsFR9Z2tAPDFnXTpMtFiW5F5fn,1,ok,82.473,86.074,89.125,92.33,0.68081,20,0,0,0,0,9
8QNPYbKjZ27AHact8BPZc98jPHH9CTcw64K6VU43HB9o,0,ok,83.597,87.897,90.313,92.526,0.69951,20,0,0,0,0,5
8Mb5YvVgBP2C2ZGZriURcrdnhJfRQf4CUQmhgczRYPkK,1,ok,26.243,90.912,100.0,100.0,0.1772,20,0,0,0,0,4
8RtMwBUXyZsPhe13YYCrz8yGheX7XBVdVVFDKzo5fGQU,0,ok,84.421,88.799,92.385,95.631,0.71357,20,0,0,0,0,9
8NCWjCWSmes6WB4fxDrLAQLg54NWptQWSXbW6HeU8rv,1,ok,83.878,95.756,97.767,99.155,0.70832,20,0,0,0,0,8
8SuMAjoZeLGaaekNHP235Dv4soXsrcseFXefT3A9pump,0,ok,66.301,76.122,81.504,87.266,0.44315,20,0,0,0,0,6
8PkWxA92wWMYUeUPS4f6p3RYKKjWKCsZcECvRb9fqTPL,1,ok,99.79,100.0,100.0,100.0,0.99582,20,0,0,0,0,9
8Tv8fcA8bDjCvUPMpcCgXHuwjBgLahieKTmeWBWSpump,0,ok,88.68,95.383,97.673,98.755,0.78812,20,0,0,0,0,6
8RFGnRWsGtwLKFpZwAysbrZHmrPgRc9fi9qZPYe48cNv,1,ok,94.289,97.567,98.455,99.227,0.88963,20,0,0,0,0,9
8VD5tqzgVPNHAMT4s5pSHUc9G6CgpxWJSDX4jnKLko3L,0,ok,82.277,87.305,88.967,90.872,0.67786,20,0,0,0,0,9
8SLRFX7DVDUz8rzxiDfmVhSYzEioSr7ecMfNRnMEuSWG,1,ok,98.069,99.067,99.55,99.772,0.9618,20,0,0,0,0,9
8W4TyJPBDpLdDJH2YKT19CcrNMdxg8KMvfvfdYhEyinH,0,ok,97.578,99.344,99.606,99.912,0.95228,20,0,0,0,0,6
8Tcnh9mLb2ALkCTib4WPURqPdaghrvNM7jAKjoEapump,1,ok,97.514,98.502,99.079,99.527,0.95093,20,0,0,0,0,6
8WrW81AnZxcW6gDaM8J9XnqEwt3WX9Bskw8nmRCt66PA,0,ok,45.285,62.042,72.605,87.18,0.21686,20,0,0,0,0,6
8UmnueT7hWbbUHQGK8qXyW7wiji32KXeNvyA2j6gAmFy,1,ok,90.173,95.228,97.632,99.632,0.81397,20,0,0,0,0,6
8XbKcxdZGmDTnut4WmsMxEyU6411coWWGB4gERdn7wtw,0,ok,92.256,99.363,99.943,100.0,0.8531,20,0,0,0,0,6
8VPGXZohsFjSxSKYMDqrT1QiZKT59UGkrN9p6kKfuGLv,1,ok,31.244,82.231,97.807,100.0,0.18391,20,0,1,0,0,6
8Yv9Jz4z7BUHP68dz8E8m3tMe6NKgpMUKn8KVqrPA6Fr,0,ok,44.898,91.005,95.632,98.542,0.2629,20,1,0,0,0,9
8Wg8BtLcUqS1zFWV6rmAFkm5NW9DWgnoNLxAa7HjxRzN,1,ok,34.284,80.556,92.894,99.18,0.17953,20,0,0,0,0,6
8ZperFA2cciv2rN2YC1QC3YjkuGcTQYiq9vc9aKmdoWM,0,ok,53.445,99.901,99.998,100.0,0.45487,20,0,0,0,0,6
8X97n7UReWqXNnQoNsvUmFEyo9wZHTRP6rWqPqaRn2TR,1,ok,47.814,83.554,95.201,99.991,0.27357,20,0,0,0,0,9
8b2Sa561RP2UHjBvyv4uMUcZ9d5EVkMEnpjnuYKffaFN,0,ok,84.133,98.829,99.72,99.985,0.72237,20,0,0,0,0,9
8XrvZk86sZKSNqbFxxB1sD9Nw8QYWRaSDGfL5NvjPNE8,1,ok,51.156,100.0,100.0,100.0,0.49639,16,0,0,0,0,8
8baLivqv3VmB2CW6vAZCZAacbec8zGhfTAN1Lp8K2T9S,0,ok,59.374,78.296,87.914,96.162,0.36457,20,0,0,0,0,9
8Yy9LvBYyGaQoXQ2M27Zz3UF5cPMthPHWGU6setDgbGk,1,ok,98.842,99.968,99.999,100.0,0.97702,20,0,0,0,0,8
8ccRcWMKmh211KJazYNKFTyAwbJQJKjSDVGd3cbpjYBx,0,ok,66.17,68.19,69.285,70.807,0.438,20,0,0,0,0,5
8ZwzEW6Rybpa46yVdYczHbQCroDNzLPQqH32Djx3vhVs,1,ok,89.139,96.517,98.735,99.757,0.79614,20,0,0,0,0,9
8dPD9FeRXUpf4Z521ra8YxfXHrFcgiTpzTQy1c4vK9Ro,0,ok,56.889,99.741,100.0,100.0,0.39918,20,0,0,0,0,6
8asUGTnGZnZ9quqDNAgPsVAXLqhui72GWJaPQqdWdMQk,1,ok,95.744,100.0,100.0,100.0,0.91756,10,0,0,0,0,6
8e2G3tCTvKAosq4BnYbDczboRVhy7xaXwbTSJeXEefJX,0,ok,85.315,99.91,99.987,100.0,0.74076,20,1,0,0,0,2
8bwNumXLR1ac6D4qteZFVLXcxehtk4iYPWWRNmcFqtXE,1,ok,93.415,99.632,99.955,99.994,0.87415,20,1,0,0,0,6
8fYyNkXdpDQF8kCV6gvEnvej2fM2UifT3D1etY1J11ZC,0,ok,20.099,68.993,92.661,99.909,0.11967,20,0,0,0,0,6
8d7HvgyrxnDJMAgPWz5ossekzYC9zHkRHjPkXeLyQArr,1,ok,76.408,100.0,100.0,100.0,0.6173,15,1,0,0,0,5
8gTaMJJ2x87mjaKffZfJNAfFoU5haH9aBMLs7c8ZovF5,0,ok,93.234,95.197,96.443,97.703,0.86942,20,0,0,0,0,6
8dzscL1SQzS3WEckH6MPdhmvPTfsaQkmEepNnAEE6Wx6,1,ok,99.767,100.0,100.0,100.0,0.99534,9,0,0,0,0,8
8hhXLZvRda1wsF2ZUXua4kv9T3rKmDkSfsNkbJSizj5A,0,ok,81.987,89.595,92.81,95.463,0.67403,20,0,0,0,0,6
8fGhGL7ztELrCkfT1FXS6GKd6oFyqoH9xoZEL5bkfu5m,1,ok,99.087,99.982,100.0,100.0,0.98186,20,0,0,0,0,6
8ioJhdRHo3fQAjkmQ1kRsU3BvGTBBRx96Q3gUcwDopRg,0,ok,20.818,74.279,87.545,98.0,0.12685,20,0,0,0,0,6
8gpGWLyaT4azTRGxuspanjjVFE6iyhui8iso96Cs6CKT,1,ok,27.727,88.595,95.292,95.766,0.18749,20,1,0,0,0,5
8jeiV9KiMbsG5xG5oGAWJe2JPntfQC7nCz3wLJjQpump,0,ok,93.825,96.709,97.791,98.522,0.88058,20,0,0,0,0,6
8iBXHNpN3kZphnVevHS2hz4WurEp841UJ2QP8MZSDzhN,1,ok,99.67,100.0,100.0,100.0,0.99342,12,1,0,0,0,9
8kxnXU1ZDXKpfvEbPaae32DFfQKMhT4xNDLA65tyoWMk,0,ok,70.998,93.242,96.858,98.363,0.52253,20,0,0,0,0,9
8iwyz64wbauFLJP2czD7zjGcks4ZuXcpMJiTQ2omsy5t,1,ok,92.475,100.0,100.0,100.0,0.86083,16,1,0,0,0,6
8mxzJd4ExNqGHokiMXZ2ogszAnyCrXf9VhttHf4upump,0,ok,96.532,99.31,99.727,99.926,0.93215,20,0,0,0,0,6
8jys3fiEfJdWTrFUZERbiouuZpVyNno4BQNE5A4FHR6z,1,ok,83.794,88.936,92.143,95.775,0.70317,20,0,0,0,0,9
8o3Dd4eUSY4xLari5Pc5aGpEwPvHnef7tNBZXMpD4iKB,0,ok,91.865,97.675,98.597,99.132,0.8448,20,0,0,0,0,6
8kidvHC4acp7J4u21kXUXhiSWAYY5gMEHrVgAtpYSKqk,1,ok,95.915,99.694,99.931,99.998,0.92048,20,0,0,0,0,6
8obD69qDVrxVBCydT4BJTob7HrweKsKc7zZCnsLn9yaf,0,ok,93.746,97.284,98.05,98.898,0.87925,20,0,0,0,0,9
8mgeCL7k2cB2KTN8NhD5biqvcbkfrmBogDpYoHmn5cKQ,1,ok,42.57,77.367,82.511,88.49,0.26442,20,0,0,0,0,9
8pHXzRofsnG9c9bG7LHtuxAz7NhJ3HJankp4PugTYdqp,0,ok,77.474,83.046,87.1,91.418,0.60155,20,0,0,0,0,6
8nYkSPhu3PREFamMK2kcxnCEnpLQL2rL1oAFfkpGuSEq,1,ok,57.849,94.11,99.409,100.0,0.3892,20,1,0,0,0,9
8qYH37jFCVbGSjQPdMsf8TDwp1JHTjU1McA8GoCCpump,0,ok,78.801,88.427,93.444,95.703,0.62405,20,0,0,0,0,6
8oSgyo9GQRKgMmA8HaH4zBs8bd3aHUnjxBLmAoMW3fjA,1,ok,53.656,100.0,100.0,100.0,0.49676,7,0,0,0,0,6
8rTgAShsiFwQyKyWmgXCkVxSpAjrdSWHdGaGZZiAHDxf,0,ok,85.048,90.129,93.377,95.934,0.7243,20,0,0,0,0,9
8pVMgoxBa2fECBNZ2wBnyj7NHcECZMcDGSFkxaCWpUua,1,ok,96.006,100.0,100.0,100.0,0.92305,10,0,0,0,0,6
8shTEDxbwvM2C9ELXNHsh8pmkoWovzJ3xgazQFWFapMx,0,ok,78.726,83.207,86.257,90.446,0.62069,20,0,0,0,0,6
8qkRrF5RayyirsCshnj7ubcXFHEcqPAfwmM9MhJrLev3,1,ok,97.914,99.924,100.0,100.0,0.95884,20,1,0,0,0,9
8tN8pCre24UNhDx6pQLexjDahUMo3xyVmcAwcyMpV3kr,0,ok,39.453,67.011,79.803,91.101,0.18263,20,0,0,0,0,9
8rLmjev9SiYN7UtAKYvxGrp5aT1vBN6uo9U6Di7XheT7,1,ok,53.309,95.423,99.336,99.991,0.36884,20,0,0,0,0,9
8uZJwYW9gwJY3DL31LURrakx8TVSxyVrgXhBPueACCbf,0,ok,78.1,84.274,89.776,95.373,0.61191,20,0,0,0,0,9
8rzMhGtnBtQwQYPKzMDZqe3sZDXRGQ2qV96niGmq8H6h,1,ok,99.252,99.999,100.0,100.0,0.98514,20,0,0,0,0,6
8vRnnknwERunJEEDtEFoxzaxbxGnEY61FPbx8uTVKsUD,0,ok,32.041,58.634,66.329,73.606,0.13147,20,0,0,0,0,6
8tMeDLYMZ5YLtouCLCdHGQexpiT8tzuQZYxJeFj5H8Cv,1,ok,95.02,98.28,99.808,99.921,0.90323,20,0,0,0,0,6
8wNdW2KXbfeFxMpzjHwDgJwiTALwodAUpVeAJqrHkHbC,0,ok,98.821,99.513,99.777,99.981,0.97657,20,0,0,0,0,9
8uB6uRF2vFg4PHrQopXwwATiGVVZDDT5kpoRJ4Jvpump,1,ok,96.047,97.581,98.055,98.665,0.92265,20,0,0,0,0,6
8wzYfqeqkjBwYBHMacBVen8tSuJqXiDtsCgmjnUJDSKM,0,ok,48.163,66.061,73.33,79.737,0.24472,20,0,0,0,0,6
8vWL1uvgBcXuAK8LC2TYozFWMx9W6UZjZe1qjdbryWTx,1,ok,94.203,100.0,100.0,100.0,0.89042,19,0,0,0,0,9
8yU1zPdX6V8gsjgMqpHPQqxZtbJ2ZWyDHAWu6V7Rpump,0,ok,49.284,92.149,96.932,99.449,0.37017,20,0,0,0,0,6
8wFd1dcmH3oJxWrBHG8aaFL5TFXT93AbXoeHkGMr1Kbz,1,ok,99.653,99.999,100.0,100.0,0.99308,20,0,0,0,0,6
8zSZBewodzvTk1zH8CEV6iyoNBbaajkHsehbX5GTyHAX,0,ok,100.0,100.0,100.0,100.0,1.0,20,1,0,0,0,2
8x5qGLrpFFpDYNsLHQJ6Q9LC3ZTGQ2uG6Aps9qYLFnj6,1,ok,95.471,99.908,100.0,100.0,0.91291,20,1,0,0,0,9
91TvTGezE1YtEBeKWht7LSkQXfrWdhFkNyhwxSAGFcUs,0,ok,88.989,95.447,97.576,98.926,0.79316,20,0,0,0,0,6
8y5eXeNF8RzmBBvDNmdsuneLvqp8Ua8Vytb49gFAZrtn,1,ok,94.857,99.959,100.0,100.0,0.90086,20,1,0,0,0,2
92obneiUDwW2d6gmWU8xxf5MKrYm7ZaE4wYwdQXgpump,0,ok,97.721,99.175,99.49,99.743,0.95502,20,0,0,0,0,6
8ycCtaGR6K4rKzh21XKdK3caee22vqUB5Q1Hm714FHY3,1,ok,100.0,100.0,100.0,100.0,1.0,20,1,0,0,0,5
93ez8ocQ3DdpuT8H3s7z1o71fw17Bf8KdDzQaKnMDrED,0,ok,66.34,99.995,100.0,100.0,0.53775,20,0,0,0,0,9
8zRV8xpzCTa8z75nf1WSfgSZyzgRNn4Z8vY8pAnmF1VU,1,ok,100.0,100.0,100.0,100.0,1.0,20,0,1,0,0,6
94aep4mhCTyVjW9GfCh2tooek26TkV8UQhQfLXs3pump,0,ok,85.987,92.18,97.035,98.716,0.74087,20,0,0,0,0,6
91iaTU7r7x6Ke6GF14VxnRvEbqaoe7Y2YwAeCRtfoGX7,1,ok,86.784,99.552,100.0,100.0,0.75742,20,0,0,0,0,4
95KN8q3qubEVjPf9trgyur2nHx8T5RCmztRbLuQ5E5i,0,ok,48.471,60.189,67.587,74.135,0.24011,20,1,0,0,0,0
92fJ7VF2G4CLjXXj2kPCoQ6bLzv4cL2dgtBM3b1j5rJp,1,ok,50.249,97.588,99.998,100.0,0.36244,20,1,0,0,0,2
96pVfBphb7MymA8TW2o3LN3MQ4ZEUWcNNQgSzdgLpump,0,ok,93.691,96.855,98.197,99.083,0.87826,20,0,0,0,0,6
93Fqz3Vp1gQ2SgojR4ZfWxBxzpVwutqR4C7cZu6evntf,1,ok,92.304,99.989,99.991,99.992,0.8579,20,0,0,0,0,9
97oWtQfbZMdDbn1jdNciDHm2vnPBR8VT3Ns7vSS7i9cm,0,ok,90.875,94.637,96.712,97.966,0.82633,20,0,0,0,0,6
94AprF1RqGRb6nyqv2mGUcagaUggbhqcCwHHRS58fKhR,1,ok,99.768,99.995,99.998,99.999,0.99536,20,0,0,0,0,8
98ZmjtNLjTr1yih6D7fdFm8ViU1jEYDcBU1wjc2k9imV,0,ok,39.645,50.89,61.836,76.151,0.16489,20,0,0,0,0,9
95BEHiqHA7D2tmkLmyHmeQBVCr4UJctmD8iJ9LfT4oH8,1,ok,81.824,84.963,86.749,88.959,0.6699,20,0,0,0,0,9
99qE9JQSXTbpT3qdZPWFP55MGScmVmFCv7FSzPEZdm9z,0,ok,69.995,92.864,99.973,100.0,0.50547,20,1,1,0,0,6
96Pq1nBVSqwB39rLpzMaATpxLcXDxXATLd8WgSKwLgmC,1,ok,98.909,99.94,99.978,100.0,0.97839,20,1,0,0,0,9
9B2XvPFbXApCbuGhS28BcXpauY3xyvCkKfs6xmjjZ8fg,0,ok,52.715,69.689,77.218,86.948,0.29038,20,1,0,0,0,9
97hQg5CzjiYTENfrKN1nvVqAy4nuhZPkqwcCHk2Q6E7M,1,ok,79.299,96.287,98.722,99.933,0.64067,20,0,0,0,0,8
9Bh7uCLVVWNK8akjY2SuqiM3mhc9KuLQPzCdSfKojPed,0,ok,84.135,97.12,98.411,99.086,0.71344,20,0,0,0,0,9
98tH2cDKzTnWS77oJS697sHhjU1oz1ny18W9BWPYT3wp,1,ok,75.966,100.0,100.0,100.0,0.63372,20,0,0,0,0,9
9ChKb2QbDjhAkpGZDhTEN3KvQWjwAx5PbLLs9R2FgFSQ,0,ok,64.035,86.759,91.777,95.027,0.42579,20,0,0,0,0,9
99SzMMPcLszFxxBfuk9151sgTBrEECdEWaZG4S8zkz8P,1,ok,95.822,96.83,97.565,98.391,0.91823,20,0,0,0,0,6
9Dy8dbenSc5PHmcoxMM7kPofgxgvJAjyYKEwAVeGpump,0,ok,86.102,93.801,96.022,97.483,0.74314,20,0,0,0,0,6
9AfQnCVECMNZqnY5sA2oamLvzVMqDv5oT34FGjMCM1zZ,1,ok,99.299,100.0,100.0,100.0,0.98605,20,0,0,0,0,9
9FJKN5RNCrpc8o41GWfCVn7UzJciCtFFrUa62g66u5pp,0,ok,69.08,83.522,88.089,93.674,0.48481,20,0,0,0,0,6
9BRp3CvdryWJ9Uemk8w3CtUvrJ9x8NJWDQWSiiav28ae,1,ok,31.47,97.203,100.0,100.0,0.2277,20,1,1,0,0,6
9G9Rtb3aHWyxgjvgcvuUazJMK6Yiz3J732GJnAywpump,0,ok,93.694,96.518,97.648,98.839,0.87814,20,0,0,0,0,6
9CMh8FFyiLFMyK4Ke41PaVZ1RS36pGKVGyhFzMePVaD6,1,ok,48.484,92.764,95.933,98.826,0.39856,20,0,0,0,0,9
9H5bSR9kaUiXJ9HqzmU5gwPuDXvQMPmnmyeZxEStVDSq,0,ok,42.257,50.347,55.348,65.065,0.18201,20,0,0,0,0,9
9DnBW1XMWRpeFNzXuamzcGnZtLaL2pvUgMU1AiryS6Zp,1,ok,41.825,81.314,98.761,100.0,0.2365,20,1,1,0,0,6
9HvfXgxRtju5NaK3HA1TY9QqtUPYRuASgLNqw8Pjd1gw,0,ok,53.802,90.652,96.206,99.793,0.32937,20,0,0,0,0,6
9EnYYtvdnJCSLWZEZRorQ2JDMRvBnBWfqtutnis6a1Cc,1,ok,97.659,99.639,99.92,99.994,0.95388,20,1,0,0,0,9
9KekD2v25udsgGQ1pXvwx4zMQNsHkPGEZVESt5vgPvzP,0,ok,93.529,100.0,100.0,100.0,0.87813,7,1,0,0,0,6
9Ft2ZisWZknSHTRsgdBTWYeM1M2Gvt2Ps6TB6zktSZj6,1,ok,62.166,100.0,100.0,100.0,0.51594,20,0,0,0,0,6
9LNfyi3LaECsz144TFmmGWqiMJ2DgujDuc9NXYD9uxdv,0,ok,94.287,99.994,100.0,100.0,0.89022,20,0,0,0,0,6
9H7Eii8h8bgqjd5e6NY76uUzjEQkTUm8e2yrHpRSpHnD,1,ok,84.157,96.851,99.813,99.996,0.71285,20,0,0,0,0,6
9M53sMUqbZKyBhqrfPW6erZModxadJMFUtRJahJFpump,0,ok,87.434,94.95,96.411,97.997,0.76625,20,0,0,0,0,6
9JK2GjUZzC2a8b6Pf8PSycRbLMjC2685EX5LMxE8fzu9,1,ok,75.137,88.196,92.288,95.457,0.57059,20,0,1,0,0,8
9N7McNXf2UdARJc1b7shAB5pRpew3SuQBCcLD7H1pump,0,ok,86.567,95.311,98.149,99.311,0.75224,20,0,0,0,0,6
9KUJuWkkrsvFqfkfNfW9SXNW7qeQmvhF56ssi1nzvQkx,1,ok,93.318,99.593,99.834,99.943,0.87344,20,1,0,0,0,9
9Nn6G3UrKf46GjYJERZdBNRa6oiZBvcQzWfkV2aHTwUe,0,ok,62.049,75.061,83.796,90.253,0.39187,20,0,0,0,0,6
9LstZ7fHLayyWmWfttP9bQan98MKQqu93NYwx7BAgyGL,1,ok,98.66,99.478,99.831,99.977,0.9734,20,0,0,0,0,9
9QGro8A8G1yEKZSUHxYoDQQY22Fq9uegMw5421DKQPDZ,0,ok,89.146,92.704,93.597,94.452,0.79511,20,0,0,0,0,6
9MmsSe3yXVtTYgtGxTbUv7AkzwpNQcNXa1RHCt61V7xH,1,ok,98.876,99.999,100.0,100.0,0.97775,20,0,0,0,0,6
9Rs8MzZa3WwLsYPRfBKP5Ncc28Hn1ssErxDPdrk9otza,0,ok,63.933,75.308,82.035,88.826,0.41352,20,0,0,0,0,6
9NvCToGgKYvuD8ajaUBiMWVn2MC4dexXCbNijvVBrDwm,1,ok,82.958,91.326,95.068,98.719,0.69101,20,0,0,0,0,9
9SjV6FgdVwZzy9QXw7xrHNrA6C8ALDVWe6q5HhSVpump,0,ok,79.619,92.685,96.833,98.429,0.63963,20,0,0,0,0,6
9Q1ZGUuJbK32hjkyiQDh9GuS2doqn4MYdK1RfNWzc2CV,1,ok,100.0,100.0,100.0,100.0,1.0,3,0,0,0,0,9
9TY6DUg1VSssYH5tFE95qoq5hnAGFak4w3cn72sJNCoV,0,ok,37.125,44.084,49.035,55.216,0.13993,20,0,0,0,0,9
9R1MdpXqcCn3H9RMqfzkZfAjZNGnBXrE4Lik3uYENwF7,1,ok,85.261,100.0,100.0,100.0,0.73806,10,0,0,0,0,8
9UonkA5LLqs6EXbQvhu1UwBFQgEvpmPS28eeCpBgfbxR,0,ok,99.995,100.0,100.0,100.0,0.9999,6,1,0,0,0,9
9RrxPQfjoLPBjjJRanzLrhuxk7J3XBdHi4iMi7EXtyUL,1,ok,50.24,99.992,100.0,100.0,0.49636,9,1,0,0,0,6
9W2f1XcQrMqcDpfzXL9kjBtjNwCkpFq27X7eqtBynieS,0,ok,43.638,68.42,79.342,90.059,0.21257,20,0,0,0,0,9
9SkZw19u9f9tnMqjdVphjBBsM3u5nH79aRFnb1RdCAva,1,ok,92.473,98.897,99.929,100.0,0.85665,20,0,0,0,0,9
9WzAvvjQ7nH6jkPKMRmnTbooyQpbkyCqRHyZX1Nzpump,0,ok,69.759,80.726,87.198,92.823,0.49107,20,0,0,0,0,6
9TgbXPZqBoXum2Dqbm8DGh3M5MT9x5dHNsso1v8sEgWH,1,ok,86.082,99.608,100.0,100.0,0.74672,17,1,0,0,0,9
9YUyM4oSfBLqu5aSdphJ4Z2c1VDZhJJqj4vKGqmhHv7X,0,ok,98.799,99.679,99.835,99.914,0.97617,20,0,0,0,0,9
9Uw9J4ge3kHwUVNPfusyd1TcFcvweCkN6y9DqB1ne3eG,1,ok,99.912,100.0,100.0,100.0,0.99824,20,1,0,0,0,6
9ZMZZum8AWdK4oM4koeeHbtEqe3fVMoP2u7TevRHpump,0,ok,99.464,99.757,99.882,99.991,0.98931,20,0,0,0,0,6
9WCQLC6Mu5nM4AkYGRtxvZSW5h8bPaUbkQwuSKHaktPQ,1,ok,78.288,98.916,99.995,100.0,0.6261,20,1,0,0,0,8
9aUNntPPmkwBDUwGvBP4MZxMezQK9tiondm2VKCxpump,0,ok,80.583,88.831,93.166,95.863,0.6517,20,0,0,0,0,6
9X6rs97wL5iiyzo6sMgSdU7HKjn3X2J1HX5jrzyKWNUo,1,ok,99.999,100.0,100.0,100.0,0.99998,20,1,0,0,0,9
9bhvamYqCpGEN9dEpQ9X5MrX1RWVNhPoUA9Pytgbpump,0,ok,84.971,90.085,94.67,97.767,0.72321,20,0,0,0,0,6
9YR4L1F9eW6329GNCXNJSAPyY3SsHLHyvUAFm76pFvZc,1,ok,83.931,93.873,95.937,98.024,0.70755,20,0,0,0,0,9
9cZb3DZA33T9gm7xqk7Fpbe3cK6vTT2YGHbcfRrkpump,0,ok,98.057,99.327,99.736,99.988,0.9616,20,0,0,0,0,6
9Z7sMghoenq1mQcnc2uTMPMY6aipzXvJ4SMLXvZ1kLB4,1,ok,99.396,99.741,99.814,99.829,0.98796,20,0,0,0,0,1
9dV5wyv4U9MHtz8r28JNmkVimrE7mAGDiddyK9e3pump,0,ok,80.525,91.147,94.637,97.682,0.65209,20,0,0,0,0,6
9aDBnZevk1jff66zaRvjm5zsu2MtijKJ85xBTK62KVCx,1,ok,78.018,100.0,100.0,100.0,0.64651,14,1,0,0,0,6
9f7JTzFSodi5foyBVcrv77srVrFVWwQQkhHd7dug7zaV,0,ok,99.984,100.0,100.0,100.0,0.99969,12,1,1,0,0,9
9awv6SmMmg3LBnAkNFx5vsRWK939kLgen4YsQRX65GDm,1,ok,85.944,98.983,99.464,99.794,0.74895,20,0,0,0,0,8
9gP2kCy3wA1ctvYWQk75guqXuHfrEomqydHLtcTCqiLa,0,ok,12.83,31.844,43.112,53.341,0.02942,20,1,0,0,0,8
9c1xHfavkqNZXJpo6fU5jcjHKFjfBLCFCjrvZ4SVoqqw,1,ok,80.656,99.17,99.499,99.687,0.67697,20,0,0,0,0,6
9hdFtZ23Vd2W6naJGtUpBdrF1thKz6y3mnDw1nfiavkd,0,ok,65.022,76.061,83.687,88.777,0.42744,20,0,0,0,0,2
9cyjirZbSUaYx1kEELb7nD84yf37f2GXRthBR5279gtG,1,ok,77.992,100.0,100.0,100.0,0.62174,20,1,1,0,0,6
9ihuaebHjvKwpWHXcnQoYjvxA4qHX1fy2SuYyCZ7Rokh,0,ok,31.357,92.45,100.0,100.0,0.22102,20,1,0,0,0,9
9e1ijZj3LFdAMBScnmoH8S5DRNmB1XRJUYsBBapVRody,1,ok,7.819,24.668,40.624,62.586,0.02327,20,0,0,0,0,6
9jso3Fzdp8xuLXXbRuMAzZqpnp9U2Dn5s17Bxr11pump,0,ok,93.686,95.888,96.563,97.39,0.87788,20,0,0,0,0,6
9ex7onJ7i3aizoqVqR1QsMrY4BjZdRQQT19FZzYnpump,1,ok,67.896,90.866,95.471,98.806,0.47622,20,0,0,0,0,6
9kap1wvbrKuyozxw6RqhkCrTT4ZFPsf4Seg5FNZpha8q,0,ok,77.095,83.839,89.473,96.289,0.59664,20,0,0,0,0,9
9fsQ1euTfK8UheopAWCddZe8mL3JXkVkuh6Ahs5yVVct,1,ok,80.055,99.443,100.0,100.0,0.65609,17,0,0,0,0,9
9mV4WUukVsva5wYcYW4veo34CNDiF44sh3Ji65JNdvh5,0,ok,34.905,94.57,95.858,97.218,0.29977,20,1,0,0,0,8
9h5Z5BvYG3XXBLTQEjbRtMnhiaCQu6C9MTog7y784Ms2,1,ok,91.538,99.835,100.0,100.0,0.84313,18,0,0,0,0,9
9nUNHBoq5h9CGvUdGy1639bpqEWoD1GPqgRhyqSZmjVe,0,ok,78.082,85.363,89.138,93.05,0.61166,20,0,0,0,0,6
9iD6qqgnjUf699qSZ5EW3aQ7s9X8cFgTUS3EgUftuAi9,1,ok,94.8,100.0,100.0,100.0,0.90119,5,1,1,0,0,9
9o2cZ5ojwdkrToHmkV9vLQKUP316YYH2jJUs71X4s8ur,0,ok,64.908,77.909,86.571,93.651,0.42802,20,0,0,0,0,6
9jGSaePdfQsLs97kQcyA1T1mpH1qBEGsaAMPDRLLT3QZ,1,ok,99.684,100.0,100.0,100.0,0.99369,6,0,0,0,0,9
9pEUAjXyuaPpcrAbtHXKyUrEDxmWzU4bN12P6kRupump,0,ok,92.085,96.246,98.018,99.17,0.84878,20,0,0,0,0,6
9kRJcgnjo64sbNSTNd91Y3eAnb7zutN8RDjKXMXQFFLW,1,ok,38.344,72.161,87.942,99.83,0.18585,20,0,0,0,0,6
9qDzfUTi88EJKJcUCqtQFASzCnp4aefCoe1YEfox7YAy,0,ok,74.903,83.937,89.143,93.72,0.56483,20,0,0,0,0,6
9mCJBYvC2K7c8sr3fRJUqbnfQmQoimgLKVqwFXnRZXRK,1,ok,52.863,69.343,70.288,71.288,0.28942,20,0,0,0,0,9
9rLGTvxXEhhdyZtJA34pFV21oZhsi3MRho9hv54vpump,0,ok,81.702,86.04,89.859,93.038,0.66842,20,0,0,0,0,6
9nXwZcDwj3VdYrHDScwZtuEDhdPahdoV44qRg45peYu8,1,ok,61.411,99.233,100.0,100.0,0.43257,20,0,0,0,0,5
9sc3hXm3HrwdpNuPiAJ5BGJn5aRXPmC77Rpo5oqgtN6R,0,ok,94.371,97.398,98.039,98.58,0.8909,20,0,0,0,0,6
9p46UX6rsuYVgaeuPb7yLsijWSwM474myb4BRuM3Ex4c,1,ok,74.963,94.03,95.523,97.118,0.59046,20,0,0,0,0,9
9tnkusLJaycWpkzojAk5jmxkdkxBHRkFNVSsa7tPUgLb,0,ok,62.062,66.408,69.624,72.503,0.38596,20,0,0,0,0,5
9qdNao7yg3akN3oSw16riKBPxHzMNMobyF2SCz4xSirn,1,ok,99.89,100.0,100.0,100.0,0.99781,20,0,1,0,0,6
9uhHjyfc5tKdaZnjstLLKoLGcF889ub8zX9wtwhtzgK6,0,ok,99.036,99.731,99.819,99.892,0.98084,20,0,0,0,0,8
9rF85mtauBgHASkGMA9VR6997ah2ccmsz5boc4xCJcA6,1,ok,99.966,100.0,100.0,100.0,0.99931,20,0,0,0,0,6
9vqsBhx1jPoKokZfCY8JMU7ob5ZFm7XtkwY3T2hapump,0,ok,92.223,95.731,96.808,97.756,0.85096,20,0,0,0,0,6
9sF5AxnGR9tZqukBku6bP6n8JyJdLTe8EUNDZo9AEjCY,1,ok,99.225,99.972,100.0,100.0,0.98458,20,0,0,0,0,6
9xE2rvDVuH2AAvHQAYFdjVffYUqjDMKmkYH6ZsWLmxu4,0,ok,98.002,99.455,99.878,99.987,0.96051,20,0,0,0,0,8
9tQhCmFtCh56qqf9szLQ8dNjYcd4TTv6MWPpw6MqLubu,1,ok,91.37,98.472,99.096,99.429,0.83663,20,0,0,0,0,6
9yDVbLA5fNV5mdGKPU1QvXaETU6Q3WKacJXVKgvGZaci,0,ok,100.0,100.0,100.0,100.0,1.0,20,1,1,0,0,6
9u7t45d4pmeh84VwjSqW4rSnce8AwxDtmGp54y2j2sL6,1,ok,60.29,99.998,100.0,100.0,0.52102,20,0,0,0,0,6
9yxeeW9Kh6svF4PGPGK1WtPBDMhVxEZmLBjKXYD3wwib,0,ok,84.098,87.192,89.636,93.303,0.70775,20,0,0,0,0,8
9v449EUjdLpeErjCvwP2PgbxrnhcRUV2JCepPE3zt93t,1,ok,28.939,84.439,100.0,100.0,0.1781,17,0,0,0,0,11
A17gzfib2UaxteKXzMK37G4AtVqYKRqRLT54aDjYpump,0,ok,73.386,79.449,83.897,89.374,0.54028,20,0,0,0,0,6
9wHmboZmhb2BRx9WvPkpiTdpJhgBypje5MvaKhagkiHc,1,ok,97.859,99.642,99.936,100.0,0.9578,20,0,0,0,0,9
A2T2jDe2bxyEHkKtS8AtrTRmJ9VZRwyY8Kr7oQ8xNyfb,0,ok,65.506,98.716,98.976,99.181,0.53111,20,0,0,0,0,9
9x2jXegNvBogzWpbdpjB6Na42AMwRqAk3yXJWkL9pump,1,ok,92.69,96.753,97.53,98.252,0.85989,20,0,0,0,0,6
A3oxjeMiPgLNwb7CjzMFGRJTXVehPRvf1sWE1ysff73m,0,ok,71.808,77.334,81.854,86.318,0.51705,20,0,0,0,0,9
9xrwsNS9u6sAZnWDtJuihJcLCBSgoNzQzjnxAcb5rcwR,1,ok,99.633,99.998,100.0,100.0,0.99268,20,1,0,0,0,9
A53BzB7297SXdF6mguQQ8kzqjVYt8pUeHW5m1i8pD6hf,0,ok,22.424,35.616,49.616,65.318,0.06132,20,0,0,0,0,6
9yxvzGqBdJShaEjFfvGffJ2wfKL4rBFtgVZKyacE7F5e,1,ok,80.157,84.23,87.9,94.255,0.64362,20,0,0,0,0,6
A6EjZ7vd8iaoWQ6Sixm3o1txbShbBrPFqqerh7AYpump,0,ok,97.28,98.089,98.463,98.923,0.94637,20,0,0,0,0,6
A1ApexoMVQf3TJ9NGjZzGTkp83nyUF5UsLZVbRu4o6Q3,1,ok,96.418,99.82,99.991,100.0,0.93037,20,1,0,0,0,2
A7ACprtKfosYoh3zUzzLDDD6V1AsYJUdg2Eyt8nJCgaY,0,ok,98.003,99.358,99.87,100.0,0.96051,20,0,0,0,0,6
A2D3bJMrar7HdCjKbSDfMNEfBCSTAj5CRfML9kpUchBt,1,ok,71.876,95.543,99.457,100.0,0.54276,20,1,1,0,0,6
A8TkqHS9oUzuq1WYCHE4bcLxxtKD9TQJhe55onXXwb18,0,ok,64.614,82.809,89.561,94.94,0.43233,20,0,0,0,0,8
A3BAoDujAXUDZj4F8TwuDAeEcS448d4pUXQ823s7bdig,1,ok,88.115,94.953,97.828,99.054,0.77787,20,0,0,0,0,9
A98UDy7z8MfmWnTQt6cKjje7UfqV3pTLf4yEbuwL2HrH,0,ok,36.648,59.742,68.975,77.64,0.1507,20,0,0,0,0,9
A4ACiMHyBt9AqEC5qouaos8HfHgY36URXZiitZafN6Lg,1,ok,28.317,92.692,98.968,99.785,0.19403,20,0,0,0,0,9
A9zo6y9QFLaSrB9yWdr9WgK7oAbxvi8cFmzE1DAhyNBg,0,ok,97.174,99.79,99.881,99.956,0.9447,20,0,0,0,0,8
A5FzPP6smgHkHDhkRbTqzZpEDYhpbhhhJ68NqZAbZCEX,1,ok,90.683,99.798,100.0,100.0,0.82791,20,0,0,0,0,9
AB1e1rTGF8xSoYzXEwNWohuMHLCMrBoaSxT6AARmQksd,0,ok,45.408,55.984,62.449,72.443,0.21136,20,0,0,0,0,6
A65tGU9o6yk8mMESbncDubimxKretoMk2kLFZoqUgRL2,1,ok,43.647,99.356,99.999,99.999,0.39122,20,0,0,0,0,1
ABi8gk6c7dQHVtSqNeny7YQNsgRXJon6vqx3uGzBFR8g,0,ok,96.826,99.864,100.0,100.0,0.93777,11,0,1,0,0,6
A7CTpG1Rr23iLSUCQ9Y9Bqu9eFvHGd6j7dSbBby3tYwY,1,ok,97.364,99.118,99.526,99.94,0.94811,20,0,0,0,0,9
ACs7mDWhxk6FYvKgPNSjgn6YacPJ66E9djJaWjf9Tdj8,0,ok,66.232,99.985,99.994,100.0,0.5515,20,1,0,0,0,9
A7rqejP8LKN8syXMr4tvcKjs2iJ4WtZjXNs1e6qP3m9g,1,ok,15.886,43.567,55.24,66.676,0.0573,20,0,0,0,0,9
ADhTSZTVRWZkVLfZaooCpLHh2CiV5xL8unvd4ASVUj11,0,ok,92.575,93.568,94.322,95.435,0.85707,20,0,0,0,0,6
A8i2e6d1ZdEhRdj3uUy6HC2QV8JBrK4cCUYztwqr9b9A,1,ok,98.49,100.0,100.0,100.0,0.97026,20,0,0,0,0,9
AEytJ8i2jTWtVJx58FVrBrTTCchcDBzss4YdYLaVeVF8,0,ok,56.145,67.863,75.544,83.995,0.32091,20,0,0,0,0,6
A9hrvq7b47FXPH6q93Gb8ftmYHFBTAXS5FRtwx8htfzs,1,ok,98.666,99.96,100.0,100.0,0.97358,20,0,0,0,0,6
AFzttkUBWrXAXHnrMWcTFY1FRwckkRN4NABjceoHpump,0,ok,99.253,99.651,99.859,99.999,0.98513,20,0,0,0,0,6
AAap4178s62oehYMyoPJSvkaXcCauTwb2cpkWTvtQSnk,1,ok,67.61,79.775,85.755,89.987,0.46186,20,0,0,0,0,9
AGkFkKgXUEP7ZXazza5a25bSKbz5dDpgafPhqywuQnpf,0,ok,69.649,96.036,99.261,99.819,0.5207,20,1,0,0,0,9
ABormr4MMvmWoMQatknUZoCZvdrzYq1MS3tADxfH7Dgq,1,ok,93.207,95.608,96.57,97.668,0.86894,20,0,0,0,0,6
AHmwHxwd3S7MLv413uGhS4SVLr7sGTYAVHbJcZTLpump,0,ok,89.041,97.045,98.175,98.858,0.7961,20,0,0,0,0,6
ACkoRLsS5erUxfCG9H63y4x5C2K3F1uK33LwukSoW4Fh,1,ok,95.94,97.287,98.173,99.014,0.92052,20,0,0,0,0,9
AJczhLzrJn2mKV8Exkyz1L6pPGAEMmeY5KB7Tbf2pump,0,ok,88.415,92.187,93.833,95.453,0.78235,20,0,0,0,0,6
ADayGfFQsuCDYuXHPqBFvT1C46QL2V4hrVuTTAX7wWdG,1,ok,70.041,84.089,95.222,99.565,0.49874,20,0,0,0,0,9
AKRsUuY13oQ3KZ3hHBAUfbpd1AK3ZVyaSAmobFQGKbeh,0,ok,72.907,81.154,85.269,90.86,0.53426,20,0,0,0,0,1
AEeFagwsvBoG5bDkQZeFtFbeSBcGaFEbj4wb3mpRrqaz,1,ok,97.555,99.203,99.915,100.0,0.95179,20,0,0,0,0,3
ALRG1ZsPjK9S2WYbL1K627rb6zYK8nGhLTwCQbsXV96,0,ok,52.851,67.464,76.467,88.75,0.29015,20,0,0,0,0,9
AFpLYTKtYqeqTtMrojfzuUSsGQtiXwioaedGpDHHsGFd,1,ok,89.999,97.499,100.0,100.0,0.81182,18,1,0,0,0,9
AMB4JC5Q28JvuQmZJkhWUuWQnhbKRxDcDRPrE1YmRSjX,0,ok,93.442,96.479,97.506,98.5,0.87344,20,0,0,0,0,6
AGsPo9SigH9wBa3ewsJGcFFuSunrn5fwtxY87YHm29Az,1,ok,58.65,99.557,99.794,99.958,0.48824,20,0,0,0,0,6
AMzb4Tc7gDGHrsz1zUQzjtmQS2AXWuejveAKXKSpsoPU,0,ok,32.709,80.756,97.621,99.615,0.18601,20,1,0,0,0,9
AJ2GXjVhGy6NA7GCdYbVWZ43kCpBfTcwihtux6Ag1Zia,1,ok,96.356,100.0,100.0,100.0,0.9291,20,0,0,0,0,6
ANmvRReZLAcsdvGQNJQL1CJVKdzjuF44MUaYoejDD8ER,0,ok,59.524,100.0,100.0,100.0,0.45338,12,1,0,0,0,6
AJz88bj9WT5mz1tzmDCAVCZdcuD2bYY8qsCNcVz8s8SB,1,ok,43.214,92.153,99.168,100.0,0.31843,20,1,0,0,0,5
APTtJyaRX5yGTsJU522N4VYWg3vCvSb65eam5GrPT5Rt,0,ok,27.004,71.959,85.723,90.353,0.14514,20,1,0,0,0,6
AL2wK47yJTRm7hyfPodbg1innvj1aBYXrqUhYPd4LkhU,1,ok,77.978,85.517,90.898,95.729,0.61033,20,0,0,0,0,6
APoM2sXUzdRHTkUjXSsdUheX1wPPdP4HFLotmtRNMU8P,0,ok,28.275,41.057,47.344,56.711,0.08605,20,0,0,0,0,6
AM3iQN6yQVDR9oGwi53wBkySkC5SNprAcmQimMLT8em9,1,ok,23.132,33.35,41.855,54.157,0.05933,20,0,0,0,0,6
AQuuQ4xktyzGBFnbKHnYsXHxsKVQetAoiPeCEG97NUJw,0,ok,16.981,27.914,38.225,52.866,0.03622,20,0,0,0,0,9
AN9fEaX8s9ewi8uF9DXJKSvQ2S73uu157JAoKwdwjCrX,1,ok,95.949,99.875,100.0,100.0,0.92108,20,1,0,0,0,2
ARt4N4WY4PEdYUuBG7qENwuYSSiQUqP1RXFiahhwfzH9,0,ok,39.501,50.972,58.425,69.649,0.16203,20,0,0,0,0,9
APXQbxfweukSx5KvfGVdUkYcLTXNYpnTrDYFbFAZJq9U,1,ok,89.667,93.481,95.554,98.051,0.80454,20,0,0,0,0,9
ASorhNHg9hxcAWpBpHMGBxWaCfpnXjUJWjKAe4ofpump,0,ok,96.271,97.585,98.224,98.823,0.92687,20,0,0,0,0,6
AQes6rWJ3yQaQVYz68rvWgrpLMMLmkcseQQY5p3JhNSs,1,ok,66.38,81.708,92.235,97.523,0.44943,20,0,0,0,0,6
ATRLuHph8dxnPny4WSNW7fxkhbeivBrtWbY6BfB4xpLj,0,ok,10.103,37.784,49.079,56.545,0.03432,20,0,0,0,0,9
ARf9cohfgSVr4mCfUjP3nBmFMQvvoeRtFaexwMq763WK,1,ok,20.422,68.899,87.215,99.215,0.11731,20,0,0,0,0,6
AURYydfxJib1ZkTir1Jn1J9ECYUtjb6rKQVmtYaixWPP,0,ok,27.288,69.566,81.46,87.907,0.12873,20,0,1,0,0,9
ASsRyHS6h1hY74H5Mm1x2RRoxoNQqu1sNpXgYDvCnPCL,1,ok,25.83,84.895,97.404,100.0,0.17822,20,1,0,0,0,5
AVVAVwmhoziPgr13c2wZt3nUn6iuSPAY6NdvoPCwaHQH,0,ok,23.864,35.45,46.05,66.167,0.06665,20,0,0,0,0,9
AUZSdBvWsWda1BdtvMZH38e92FMuomqfDZWFUyZoixk4,1,ok,67.572,98.214,100.0,100.0,0.49907,20,0,0,0,0,9
AWXtRFNu2FnuuqGWFUpbkXUa75NTMGcHCsXacrB9yhdq,0,ok,88.262,90.717,92.605,95.202,0.7793,20,0,0,0,0,4
AVhC9X6T9fxsK1EgaxxuH3XRMGUSf4gqRcop97rKLf58,1,ok,94.7,99.858,100.0,100.0,0.89891,14,0,0,0,0,6
AY172Up96H27W49a11xULyqnBjvJRrvw4aReUJu3pump,0,ok,89.592,93.526,94.913,96.085,0.80314,20,0,0,0,0,6
AWaCDKtbSEVCov92Y8CFCdFEino9d9jJuXQXYfwZGLrg,1,ok,96.045,99.148,99.902,100.0,0.92294,20,0,0,0,0,9
AYhFJk9ZyKN5aCRwrG78iTvuxnrrLp5q4fGfyBM7pump,0,ok,40.158,49.063,55.94,65.508,0.16533,20,0,0,0,0,6
AXgDf9ftQ1M6c5Tkrjr8VfMzczEnYtCtJbnVQktMgdi,1,ok,98.99,100.0,100.0,100.0,0.98,11,0,0,0,0,8
AZu9VUzYvTxnt7sz5s65MPeyJonTWtQoAtqsKxX6pump,0,ok,92.572,98.023,98.771,99.427,0.85891,20,0,0,0,0,6
AYnk3A1S8KpxUfaShLc65KLLptSzrLhCzSN52o58n3yP,1,ok,87.124,96.838,98.855,99.871,0.76357,20,1,1,0,0,6
Aaku3Vy5m3eBXXcogGQzvhKNJzWEGMcfosQUVyiN82LF,0,ok,66.112,75.558,82.558,89.085,0.44093,20,0,0,0,0,6
AZgZ14kSR69Qq5S5eQBzrETFcqAg8HR2pgeJmTb8Mq4L,1,ok,94.9,99.993,100.0,100.0,0.90288,9,0,1,0,0,6
AbktLHcNzEoZc9qfVgNaQhJbqDTEmLwsARY7JcTndsPg,0,ok,35.894,55.396,65.352,77.54,0.14994,20,0,0,0,0,6
Aap9dQYcoTfq1Q6CsjL7UehdY4vAk2FMfo6VqwpmbdAS,1,ok,88.553,98.826,99.291,99.724,0.78878,20,0,0,0,0,9
Acg7KdALxwHZHwJNQiA48TadcgpKQnh66pWDxFgKpump,0,ok,97.318,98.947,99.451,99.768,0.94717,20,0,0,0,0,6
AbzLxF6DcroMz9Q16Z6BRmXGm6ULkBfbxp28MPS5VukF,1,ok,78.328,98.567,99.978,100.0,0.63214,20,0,1,0,0,6
AdTeR6h2mfoNgJ9ZxyGWLuGXqgMrreznauwqFdh1rope,0,ok,94.775,96.69,97.495,98.525,0.89839,20,0,0,0,0,6
AcxcfUhZthuvuz58DQvrR3jVChXbUKzpmZP9adK3Z21Q,1,ok,99.407,99.889,99.972,100.0,0.98819,20,0,0,0,0,6
Ae8Y9b1G99XfF7LcdboBJY8rmSfzyZjdXmu7hrNuysSx,0,ok,51.857,99.996,99.998,99.998,0.3751,20,1,1,0,0,6
AdzsLtr7tsXKPCmEWzeRqhzxWUU9Mf34snoLrXuEzTT,1,ok,80.667,92.566,94.514,96.603,0.65641,20,0,0,0,0,6
AexmTpjDy5yz9nVW493FRTFVhoT2kjMFtxmpUBMPtSfV,0,ok,95.988,99.359,99.959,100.0,0.92177,20,0,0,0,0,5
Aey56r5iPpMqtVaYcN6dU9Gw4Z2sTwNera7HPCygzvmK,1,ok,91.105,100.0,100.0,100.0,0.83557,20,1,0,0,0,5
AfkUkcoJ5Yt7eU9BwnF1RjRqt4fQG5zYV1eS1ytDk7FE,0,ok,62.608,73.397,78.808,84.08,0.39618,20,0,0,0,0,9
AfxgYwPzTS51HzkQywZnc8tPfuNocGGx635gAvy7r1Ue,1,ok,87.532,90.993,93.118,95.197,0.76666,20,0,0,0,0,6
AgbUVqwXp5NeqTuRKRsDU13KsejTqbSnXrBu6fqCUY7e,0,ok,69.718,74.864,79.51,87.312,0.48788,20,0,0,0,0,9
Agi25qJyTe2dPNcGavDs53h1dSxsV5LPBzuqY6kKFx5T,1,ok,30.178,97.51,99.984,100.0,0.23504,20,1,0,0,0,8
Ahtw7kE19VYeLh8tAhJY59GZjjKHtwMVnHBHG51fJ1us,0,ok,91.938,98.039,99.054,99.731,0.84669,20,0,0,0,0,9
AiBJMLUEGgQvyYBkBEvJSF28XtYBSGBGrCfMRjheqCbE,1,ok,35.144,69.012,79.543,90.092,0.16048,20,1,0,0,0,5
AiYhnwWiqbdSiEHgAzqrurcdoZx4V21mnuMt5ps2pump,0,ok,81.132,87.116,90.211,92.895,0.65952,20,0,0,0,0,6
Ajxa6NXrRTJYiNTRmQYx3pzPGPBdVKnGiWeiUEg6pGPF,1,ok,39.18,99.086,100.0,100.0,0.32611,20,0,0,0,0,1
AjpRhVsJN6gWipM926q4vz58FVgKxoErfDa3ru7PnsiL,0,ok,82.469,87.349,91.131,94.477,0.68116,20,0,0,0,0,6
AkoPkr5wQT2ezMzEp2qgENb2WK88krU59hhEUqjNh9pq,1,ok,98.086,100.0,100.0,100.0,0.96234,20,1,1,0,0,6
Akrk8gGB4Nu4vreQxixq6GFs1eFwPj8N9gwQYc7cz9RD,0,ok,72.982,75.921,79.52,86.554,0.53361,20,0,0,0,0,9
AmiBax26Zcd8sFnLGFE5eynHFTLru5zLZPvf53cmxFg4,1,ok,94.638,96.628,98.267,99.783,0.89582,20,0,0,0,0,6
AmgUMQeqW8H74trc8UkKjzZWtxBdpS496wh4GLy2mCpo,0,ok,17.5,46.951,58.235,74.56,0.07057,20,0,0,0,0,3
Anfi21ZzsDGroG4bTHK22aH3bMV1wREFEBmSYQTCcmJV,1,ok,85.964,93.807,95.945,98.198,0.74165,20,0,0,0,0,6
AntsWM42N8R9iHcY6JQc7s34WSUqASYreoa9wcpvXw3L,0,ok,62.566,79.157,82.641,86.764,0.40483,20,0,0,0,0,9
AoiL9HvRqLrfiY11UckVjhWhwoVy8rSNFnVAPMResPnb,1,ok,53.286,100.0,100.0,100.0,0.39795,8,0,0,0,0,9
AoqXWaVrYDymzvCEgSJJkrLxUbEdiXyUyyK3dJZwbj8v,0,ok,80.645,88.492,92.816,96.504,0.65259,20,0,0,0,0,9
ApHiYBJ2NiKpwXuNdsbFb2mPKoC8bawZomua7WhkGcFH,1,ok,48.375,85.337,98.266,100.0,0.28293,20,0,0,0,0,9
ApuiTo4pJQatGGLFEo4kmJQNGQhn5ojWKt6gCAtRKUfE,0,ok,97.569,98.432,98.926,99.544,0.952,20,0,0,0,0,6
AqCpg4YjjwKf7CSgPiTeXN6n6xxCN6pQktd2sPaSwbLr,1,ok,99.991,100.0,100.0,100.0,0.99982,15,0,0,0,0,7
Aqjju8gCv3Uc2XsmF5x92ZarDo3hCnP7EgUeDkv1i7jK,0,ok,80.405,90.027,92.067,94.409,0.6517,20,0,0,0,0,9
ArcCpnwrTMSLjv4q3AnM7fiVquqDcEpBQBgmS13w4kGr,1,ok,28.536,93.79,100.0,100.0,0.20551,20,1,1,0,0,6
AruJ9fJr1eCk3jEdGR1BcZ8Z3SUbvAZJ7EvCQUj89EJ9,0,ok,98.851,99.5,99.788,100.0,0.97717,20,0,0,0,0,6
AsuV7WtF5faWTRRnHp3GwdXNi6sECw2ZJrtCEZVwgX1w,1,ok,50.504,100.0,100.0,100.0,0.49942,20,0,0,0,0,2
At43MpG7H3YqVnoVCMReZu8v95SDkuVBwQJrLcf6vcRT,0,ok,81.812,88.872,90.786,92.815,0.67109,20,0,0,0,0,6
Au1bNRj5JvhGiLYNy8iYy45B3hJ6esDqhh6jmVp9wdgJ,1,ok,83.625,98.378,100.0,100.0,0.70753,20,1,0,0,0,6
AtqGzZeByYfguQMkZ4k7cfDSLe9VeZtBeaeet3A8pump,0,ok,86.046,93.531,95.689,97.527,0.74272,20,0,0,0,0,6
Auk2MjzjhPWtw4djRRYxyubYnba1qcZbkatZrhfgRZFQ,1,ok,27.537,100.0,100.0,100.0,0.24982,20,0,0,0,0,9
Auke9FCfLf58hqqL8mb7nvp9P3v1y4iS9kbopstcxsWX,0,ok,36.236,74.426,82.064,92.98,0.20189,20,0,0,0,0,9
AvYNeXhAw3ziysLVLMdEGL4yLYV9R7jd5UnxRqdDWBBn,1,ok,10.203,42.845,72.644,93.535,0.06088,20,1,0,0,0,9
AvsnRGt1Xdp2SehdwHWH3aKWUGjcqed8GMVosi4KgoZN,0,ok,97.755,100.0,100.0,100.0,0.95582,8,0,0,0,0,6
AwRjK3bSAD8haNEBJGyb4zvbfTgepQyuJGtffn6HEj6x,1,ok,29.589,78.184,91.117,99.855,0.18228,20,0,0,0,0,9
AweDwsryZJygkDrjYZrq7n1mzPQbFVUi9dfhLLKuaXiJ,0,ok,95.756,100.0,100.0,100.0,0.91867,16,0,0,0,0,9
Ax6y8tcKTHFu2Fv5qnZNNp5EVn9wenhszBPW8HU73XUv,1,ok,57.104,100.0,100.0,100.0,0.39734,20,1,0,0,0,9
AxYWMzuc4b1xFHU3LZvDAXYGz7Vsv39q7fdNFyjZpump,0,ok,83.101,90.636,95.917,98.838,0.69283,20,0,0,0,0,6
AxxpDbwLtXHU7uD6jFYqqWbpF375fFPKeFM5nYRhdZwX,1,ok,40.085,97.23,99.093,99.959,0.30842,20,0,0,0,0,6
AyHbBpAu1XiQwMFGja4S4UXwTKtfGphndiXa9CGGL2d7,0,ok,90.431,92.97,94.149,95.458,0.81803,20,0,0,0,0,9
Az5ux9MCXio6DJRoAhSpXa8ApDjbeEkrQ4EKKd6Caw4B,1,ok,27.18,78.582,96.069,99.916,0.15895,20,0,0,0,0,9
Az1HjB7Kejek7hr36R7MCvqUwySdwndnyBqBYTpNaT8F,0,ok,29.438,84.515,96.366,99.742,0.19367,20,0,0,0,0,6
B11EeKHknrJYkrwFanCRD3ubmBdQDKhP3UjkfC5SEwTj,1,ok,85.763,94.382,98.069,99.404,0.73814,20,0,0,0,0,9
B1N5LcA9xAt2DrsQpqYE543XS2NoBPQPiDF2bboyk26p,0,ok,35.049,44.794,52.699,62.017,0.12743,20,0,0,0,0,6
B1qnxyR9BoWx8EAekjNw2vF4zTdQgHKanNAb3whVGygi,1,ok,33.86,97.329,99.942,100.0,0.27122,20,1,1,0,0,6
B2eRhHW1fbvYCkhRWhKJ9EoeZH8Dcq89njzvujmaHJmz,0,ok,83.807,87.951,93.13,99.869,0.70398,20,0,0,0,0,6
B2jaLPRn4E6wBZWaPGiPmMPoxnTdZyQSvgBPszME8MS6,1,ok,34.613,100.0,100.0,100.0,0.27861,11,0,0,0,0,6
B3RpjwWDqv8T32nRJwsx6Ld6XWnHDathdh3p968ma1dk,0,ok,59.113,67.827,73.005,78.142,0.35241,20,0,0,0,0,7
B3i5i6wDy8SVyGe4BS5XsLXecP5rPEHpXuDHa3Yfgpd9,1,ok,99.618,100.0,100.0,100.0,0.99238,20,0,0,0,0,6
B582oxHHy41ijxaGem3GksSWAVBfr2fJxNKrL7mpC1z1,0,ok,71.506,78.117,83.253,88.456,0.51325,20,0,0,0,0,6
B4hmx88WGTv6wXmjE5DMArFxtcBmBU1kV5Cy3xfwUxqp,1,ok,99.97,100.0,100.0,100.0,0.9994,8,0,0,0,0,9
B65Fv4wrnDnfBtt8Ryt8XoN6dMch39q9MALUYxAj3mHF,0,ok,80.121,96.465,99.758,100.0,0.65945,20,0,0,0,0,9
B5S5hfWbQdf7TPjiJFgWWvw1JUdVTzBNcfZEFVNcnmNW,1,ok,94.604,97.201,98.483,99.502,0.89523,20,0,1,0,0,7
B734p4QmYDkHycuUcatdsyTABMZh3vZjpuFhem2NccWz,0,ok,83.353,93.985,96.085,97.545,0.69927,20,0,0,0,0,5
B6w7YdnB98bp1WyFBZpnU6C4MRVnUAxVHQP9kLdpM4CQ,1,ok,85.483,99.329,100.0,100.0,0.73673,20,0,0,0,0,6
B8AmDZRJeHuq8CPciey6jocq9p4ivc4ZurDXPwtqs2Qg,0,ok,41.567,50.172,57.183,67.62,0.17683,20,0,0,0,0,6
B7mNSYkzeVYYeNShySDR1ma5XQAapswBeHdhBegaPdMZ,1,ok,100.0,100.0,100.0,100.0,1.0,2,1,0,0,0,9
B8rhn9fer7GmivNsXVuKbgW6iGNKfvBgNGDdg7x25zC2,0,ok,87.925,93.697,96.021,98.047,0.77414,20,0,0,0,0,6
B8SyMmrkJn9zWA7CaKLmDB1VLN6BriALCW8Z151Y14Di,1,ok,94.274,99.957,100.0,100.0,0.88996,20,1,0,0,0,8
BA8td9xZNhNEXmhX6Bqau4tCsQSJPaPKJHuE14aE1XSh,0,ok,87.28,98.356,99.547,99.897,0.76544,20,0,0,0,0,9
B9UyBRhLFNEm4uHC418kjSdzUBCS6qAZMKvTm5kW92J6,1,ok,61.452,94.034,96.273,97.38,0.42075,20,1,0,0,0,2
BAnWqQNquMtJCBVgu9xVWkHTmozWzHiLMMjtsco7pump,0,ok,85.844,93.327,97.475,98.361,0.73878,20,0,0,0,0,6
BAexggGFsiLCKr17cSZF12wkHd8BkR1DBhzuSb78WTR2,1,ok,37.693,93.672,98.97,100.0,0.25744,20,1,0,0,0,9
BBkGWg3QyA9r6cayRJT3zJYXdj5QSqTvNSUkR4WzkcG,0,ok,80.0,100.0,100.0,100.0,0.66,12,1,0,0,0,5
BBjeMySxj3AdUFEdf97ZdR9GigeWLMJHPQB7Xa9FJ2Sp,1,ok,77.215,100.0,100.0,100.0,0.62296,7,1,0,0,0,6
BCqTynMqcPCod7s7BdjW2nQ1R3YZbrqTfs9MnB4ayQ6R,0,ok,80.505,88.626,93.726,97.343,0.65059,20,0,0,0,0,6
BCeaxm3iJDsQsYWwd8wCcRSkZYryfKoLZoCMrzX8QRvv,1,ok,98.611,99.998,100.0,100.0,0.9726,20,0,0,0,0,9
BDcJS2p3xgitfGaVpnUtxEPjrXMzBWYqBtB35b9Xpump,0,ok,69.533,81.517,87.12,93.925,0.48882,20,0,0,0,0,6
BDwBvvXiqDBoFBWbRUYSoLUFq5cw8ue5cjbMLrnNWthp,1,ok,99.895,99.999,100.0,100.0,0.9979,20,0,0,0,0,9
BEDuJKSVx4fiRK9gQub1XvWWuRToEicTK9Rv6VETQsjz,0,ok,91.088,95.659,97.515,98.532,0.8304,20,0,0,0,0,6
BEi6cmo6mdbxDBAq8HLMAGEJ7MaBw38hRDGs3CDQz3r2,1,ok,96.104,99.995,100.0,100.0,0.92433,9,0,1,0,0,6
BF7X548qRxzetMNPeEX3ydBfB47KrUGTwqpWJbUA8GtL,0,ok,15.101,54.317,88.582,99.993,0.08813,20,0,0,0,0,9
BFnP8jC3Zfhkaz4FViwD7qeLxAaTeEU9diJvA8ty3RAe,1,ok,86.245,94.583,97.409,99.338,0.74633,20,0,0,0,0,8
BGGgLQupKAwRSUKQNe7FjqP1hbG5goZxkURVrTejadoM,0,ok,98.247,99.636,99.973,99.998,0.96532,20,0,0,0,0,6
BGeUhYmug1jpgJLDcm7phab3gfc3x5UaCb5iUyXdp6pz,1,ok,60.021,73.741,80.53,89.082,0.36903,20,0,0,0,0,6
BHSTv1nsz57fsXZzcsYWXhEygyqAaQu63DUJd3Rcp5Jo,0,ok,46.525,74.318,89.89,95.726,0.24291,20,1,0,0,0,9
BHfgh76L4tq32qgYYJAHvVydFSvdgUepGZkVptDZpbxH,1,ok,79.701,99.212,99.998,100.0,0.65062,20,1,0,0,0,9
BJaKkbTMEe7c9QiPwaWymApeWvY3druVLWN9YQyRpump,0,ok,93.894,99.422,99.906,99.99,0.88333,20,0,0,0,0,9
BJwuN3tACy73uZfPHiXy9RKkvo1d1viu4LTgrbHGkiEB,1,ok,88.091,99.376,99.842,99.995,0.78361,20,0,0,0,0,1
BKRD9m2WgLNdCriVTNXdoWHcTvV94fp3SeFKsWdc31vS,0,ok,94.916,97.006,97.99,98.845,0.90105,20,0,0,0,0,9
BL5tH9vk3BAG237DrDAfdqSkyUANgotSJxX1mRrFsZSS,1,ok,87.127,96.262,97.552,98.877,0.76146,20,0,0,0,0,6
BLVtBvs65UGa2sCGrSJ4oequP8GNw3VW7CyjSVZ7pump,0,ok,89.881,94.02,96.155,97.448,0.80843,20,0,0,0,0,6
BM3SWqg8DVstmPrACG4v8Lp4KqjFqYKXNwYR7aUBKo1L,1,ok,63.104,94.649,100.0,100.0,0.43509,20,1,1,0,0,6
BM83DZoPqZCyE7msSPHibs5PWWgGgTRasFYVbrZ7H9qz,0,ok,71.532,99.999,100.0,100.0,0.58963,20,1,0,0,0,6
BNCUVsAfgaiPcy4xuMcgaBL5gAzf6TxUdJEDZnxc8BxG,1,ok,81.53,91.955,96.311,99.026,0.66816,20,0,0,0,0,9
BMvJ87LCrxbSujvophfLkUwGpUSgtTEweCDZXmw1GuY6,0,ok,93.308,95.692,97.025,98.37,0.87085,20,0,0,0,0,6
BP38kC8w1bpc2g3vQ4N7TP9hkqBZ8T4P9roMiDAUaLbE,1,ok,99.831,100.0,100.0,100.0,0.99663,16,1,0,0,0,8
BNojPfwrPSPGupZU9uAxE6wHNcc2ajvbuKBt59YFpump,0,ok,92.433,97.053,97.676,98.289,0.85591,20,0,0,0,0,6
BQ77Ebs3Seef7D9KKKrYMwuhDasLS3wVXtPAZXBNJJ3S,1,ok,55.285,93.505,98.265,99.978,0.39909,20,1,0,0,0,9
BPqfM53Q5WVsKtoyAeDNeexiL6iEHj6Qnu7RHpY5JkAw,0,ok,94.786,99.82,99.986,100.0,0.90077,20,0,0,0,0,5
BRAJdY4PR7QFSZbkAhxhjmHmxBPcpTyeZmKzUQLrhXDu,1,ok,39.311,71.333,90.882,100.0,0.1919,20,0,0,0,0,5
BQXDKEC5QgiAG7swzV6o2dtds9RJj8ur7A4URXTJVEaX,0,ok,94.663,98.762,99.455,99.866,0.89672,20,0,0,0,0,4
BSFjg8wpS8ZNvn4us4jwARw6XhxnGqE7z2EwDohR1Thh,1,ok,14.621,28.09,42.426,64.646,0.03531,20,0,0,0,0,6
BRS9MYL2j5iFUD71GQXcbYvzaCGN26zjiaX79j1gWQyo,0,ok,98.008,99.863,99.948,100.0,0.96073,20,0,0,0,0,8
BT4RWjWWdcUUKhWnTecrncg9tRsvjgU436aLtgibxZsD,1,ok,55.156,98.121,100.0,100.0,0.35426,20,0,0,0,0,9
BSEJXiDT12GhrkUXS5fHfLV9wtcpEhAwYUfa9gPsiG22,0,ok,93.457,96.379,97.493,98.471,0.87368,20,0,0,0,0,6
BU54DCPKZMcP5t1Seo28CccpRDJ378kx3j94QrisJBJH,1,ok,87.059,99.906,100.0,100.0,0.76909,16,0,0,0,0,6
BT5aUvJft5XcBZ1s8ZPrC6MBk56Rg9EZTit35o9yzXo6,0,ok,99.482,99.958,99.999,100.0,0.98968,20,0,1,0,0,9
BUmUubbFGAVVNNWsegb9WU5sNP1XFzTva9Q3khmjn9cs,1,ok,97.601,99.411,99.752,99.974,0.9527,20,0,0,0,0,6
BTv8PTWJJkn6pqvyjBAF3GMSXoXJVqc3EiFyagVBqnpw,0,ok,85.916,93.411,96.779,99.077,0.74035,20,0,0,0,0,9
BVq3HWHfoNXykMmdpxspYrnx3wL6tFPUbsLagGqgk9aZ,1,ok,70.246,98.989,100.0,100.0,0.52126,20,1,0,0,0,4
BUhS5coXEt9hcxN3JSpGYUWSKbNo96RsKu52LcMo12rf,0,ok,3.333,16.667,33.334,66.667,0.02222,20,0,0,0,0,8
BWjZkjCQ9AMa7ALVBUev9UpPs9qGDg38U8FatNtABkhJ,1,ok,82.051,90.515,96.883,99.257,0.67594,20,0,0,0,0,6
BVoFXcjNSQ8fHGNc2aeS52rLXwag52PHK2aQJsrkpump,0,ok,78.091,83.156,86.305,89.581,0.611,20,0,0,0,0,6
BXgH6APKUECKKHKuwPjziqBtKxYUfXaKfGo46c1HkMck,1,ok,12.069,36.108,49.42,62.713,0.03717,20,0,0,0,0,6
BWUNdqDYWZz6sWrDRkxaupa4Dv4kBgi4DENT3i4spump,0,ok,88.307,94.368,96.699,98.487,0.78171,20,0,0,0,0,6
BYm4snBxv6Pu2ibNjy4MuoUCP8Vcpz7Wps1eguKKNUxm,1,ok,45.446,93.768,98.015,100.0,0.31303,20,0,0,0,0,9
BWsFYRBG6AFFcyJSGLY4FyozU4Z783mRoTWzwFXYZiYT,0,ok,83.886,89.174,93.247,96.46,0.70486,20,0,0,0,0,3
BZosmsyzRXjgw7xRxMGMbfxUNW4ASof1S8miNLfQ4Tsd,1,ok,57.8,94.002,99.891,100.0,0.41911,20,1,1,0,0,6
BXg1LkAHk9rWWbF2tquDsZrVJSWDPK69M7HjfDgkGXSL,0,ok,97.128,98.211,98.734,99.245,0.94342,20,0,0,0,0,6
BavA286QwduuZccfdMUKmUKPXoK2i96MRye8qmKhfUWw,1,ok,100.0,100.0,100.0,100.0,1.0,3,0,1,0,0,9
BYZZEqRzXBi6kUa3b6jPxb49AaxXRkXzbCEiXWUCUh2B,0,ok,86.249,92.775,96.095,98.196,0.74529,20,0,0,0,0,9
BbpV6BRwg34UGKKUB4kTmgMh49GSfF2N7aaod5DVvrLU,1,ok,98.932,99.221,99.443,99.659,0.97876,20,0,0,0,0,9
BZnTtP85NeCePLoCgC9Rd9pr9fKBjinztWxtdTU6sWRd,0,ok,84.847,91.114,93.685,96.488,0.72125,20,0,0,0,0,6
BdHHGtGkHaJiAmpyTr9rDc9snZ8Fom7f66iCWsy8VrJP,1,ok,88.813,99.961,100.0,100.0,0.79394,20,0,0,0,0,9
Bbaj9k5S1Us2RepTMrejjaPYDtLdmqGNZT11puQCpump,0,ok,84.033,90.293,93.291,95.641,0.70747,20,0,0,0,0,6
Be3FFbe4z1DHuibtiLQJnfr4yNY8Gnvekw75GHupd9Uy,1,ok,90.497,97.302,98.434,99.847,0.82108,20,0,0,0,0,7
Bd9kFeRE2rX9ZoAb2iq69bTa6mc5bc9qGLNeKVuGU6xy,0,ok,99.907,99.996,100.0,100.0,0.99813,20,1,0,0,0,9
BetjFbv4FFzit9b4HajbGpUKvKJcWuVkhWLAJyccS5xU,1,ok,49.747,63.331,80.312,99.939,0.26385,20,1,0,0,0,9
BdkzEoYo7BTodFkgxcRirRgyKWSmozPotD2GFYMLFrhE,0,ok,86.709,89.819,91.239,92.844,0.75218,20,0,0,0,0,6
Bfm4AMT89nJ6ZtU47qBwUoEq5EjUji5iAm1G89gtKtWn,1,ok,100.0,100.0,100.0,100.0,1.0,3,1,0,0,0,9
BeGY8KqKxboEwRbJd1q9H2K829jS4Rc5dEyNMYXCbV5p,0,ok,15.68,38.562,44.842,52.644,0.05192,20,1,0,0,0,8
Bh49KYRUjZnGkvwZk1TsMAzu5KTVc5Rt8gBrRjgp3rXy,1,ok,100.0,100.0,100.0,100.0,1.0,2,0,1,0,0,8
BfHkvKMEYjwPXnL36uiM8RnAoMFy8aqNyTJXYU3ZnZtz,0,ok,66.566,76.268,81.434,85.965,0.44637,20,0,0,0,0,6
BiA2KmgVs7RLJi8413sC3w46PUZtTWVY6tZysqrojBsU,1,ok,95.606,98.753,99.702,99.931,0.91438,20,0,0,0,0,9
BfxuNhQGxECz6dDnWtRtD1HfnVsYcS3RDw52SFoMokuQ,0,ok,99.755,100.0,100.0,100.0,0.99511,9,1,0,0,0,6
BjGQvjrF1VYuaXWRyBmZ2yWg5JG8JDAJMfBBbJVoo9Nf,1,ok,92.289,99.052,100.0,100.0,0.85301,20,1,1,0,0,6
BgqjQdnnjRtcELAgkYpfKAxWRqSReWercDdRTH6uLoer,0,ok,59.553,71.659,80.651,87.895,0.36066,20,0,0,0,0,6
BkGRRtuk8nCe8FAdyD3YAQeGoCBbXTuMuj1gYeRGoZAW,1,ok,81.279,91.324,95.125,97.421,0.66418,20,0,0,0,0,9
Bi11gRGC5vLuDSUr4wPDGAKNRcBxP2EvGBRPjLQxHUXk,0,ok,80.499,99.985,100.0,100.0,0.68528,20,1,0,0,0,6
Bm9U8ZPBc1JLYfEzoZzPWKkcvZJohuyTkXXcs2LMJqZz,1,ok,20.148,71.77,98.74,100.0,0.12631,20,1,0,0,0,0
BjAmkT3nMxDebVQbz48NBbtbeZNd92RjT3V1SFGzpump,0,ok,93.401,99.745,99.908,99.988,0.87513,20,0,0,0,0,6
Bn7M1LFkdvePFniXxuwaNaK4yuftGxK4wvXrjrdwscs8,1,ok,89.76,99.992,100.0,100.0,0.81541,20,0,0,0,0,9
BjrDE6XUG7mYbZXMvypDtrx8AeWuFCofZDHN3Qd6G43c,0,ok,78.366,85.954,88.743,91.633,0.61609,20,0,0,0,0,5
BnwT5mjLdwxWxq9vL33cT1FtjLJN4Y9QcTU8h9vDkA1J,1,ok,67.713,97.052,98.803,99.798,0.49149,20,0,0,0,0,6
Bm7YmswVseLW8RSiMiXAY9HASu9atjrpWBvB6cn3pump,0,ok,97.309,98.323,98.794,99.302,0.94694,20,0,0,0,0,6
Bocm5HgDbEpwLCXfXi931WHs9WndvzFsk6cdU2fhiJFq,1,ok,87.665,99.361,99.955,99.956,0.77288,20,0,0,0,0,2
BnN2evaaQR7Qo7Vp7PvRGqLFh8eXKTVbQXpSR4cR4tKS,0,ok,97.749,98.739,99.132,99.465,0.95553,20,0,0,0,0,6
Bpa4vovAPdaxvCYCB6yaDzsYG66wE7iXf3rdKtizvmrG,1,ok,3.633,18.163,36.325,72.651,0.02639,20,0,0,0,0,6
BoTqar9bsJjd1aroqYvAimxW5ADy59VgfBpCFQ47TRet,0,ok,61.842,80.809,86.916,91.323,0.39622,20,0,0,0,0,6
BqUHy9jJL7ASkDjDwMotYDYcdUUgs1iU32mKwXTBbJof,1,ok,17.556,63.38,82.491,99.371,0.1098,20,0,0,0,0,8
Bp2KgefjvRDhvuLGjXHsSFxmqkJEXk3ZAa1FQ4rWpump,0,ok,82.262,89.649,91.91,93.859,0.67842,20,0,0,0,0,6
BrUdB3D1TjdB8Zjh9CqtQmwFYaquQPnWkBctj6RBjV5c,1,ok,49.1,96.46,100.0,100.0,0.3015,20,1,1,0,0,6
BpsJie825CaHkAVNwFCN1rvfFPEfKpQ7eFfCoXD5cFK5,0,ok,80.354,99.479,100.0,100.0,0.66479,13,0,1,0,0,9
BsSNF2523WYyGeSk94YUbdj9qj6yejb1YNdBdpeLkVho,1,ok,95.664,100.0,100.0,100.0,0.91679,12,0,0,0,0,1
BqZk8iuTQiAsKPtc6wQeyMCaPSrc6pMgWmDcmNBLpump,0,ok,94.681,96.395,97.177,98.039,0.89657,20,0,0,0,0,6
BtJgzfho2ua9MwdqqFSUaExPQx3CBsJA8Gmd792Ppump,1,ok,98.511,99.372,99.636,99.896,0.97048,20,0,0,0,0,6
BriXYhFVy3aXLiuVUfeG6ZMwHvifJLtxSuS5zgozDnAJ,0,ok,63.654,89.751,91.521,93.569,0.44905,20,0,0,0,0,9
BubkbYcmQJhT53Wzp87o2vWwVJHaefpLhoJwEFS2rCq,1,ok,95.565,99.546,99.856,99.992,0.91456,20,0,0,0,0,6
BtScH52vDgKqcFizTpGoW5jfLU1YGP6bW8Z5NUePrFze,0,ok,83.619,94.181,96.98,99.466,0.7037,20,0,0,0,0,9
BvRtbKpk3jdTVARZQKuitHLcq3HMQKH8APCRnvryHVN,1,ok,96.019,99.969,99.973,99.976,0.92313,20,0,0,0,0,1
BuuzcbEf5gqqMEMGEBGBDfXf9FSTTvy2Nzv13ngExBfS,0,ok,92.133,95.974,97.314,98.161,0.84931,20,0,0,0,0,9
BwRU49p5FWwXvFqUXjbQqbnKvgpymxQKTJE2tQQCgLzJ,1,ok,79.895,97.952,99.978,100.0,0.64965,20,1,0,0,0,6
BvqHcuGMDDuyTfrMLGef9E7UhfEbmBkhxEVnnADwuGJP,0,ok,17.602,20.809,22.969,25.983,0.03145,20,0,0,0,0,6
BxJVZ2LX4xxm3BT5M7jHm3YLjwaAYhsiKjRrrZQV9eDk,1,ok,23.469,80.571,99.383,100.0,0.15294,20,1,0,0,0,9
BwM8Ahp2T29bCmE4LHHFDmnPooijaoXJhFsM5mqzpump,0,ok,89.698,95.922,98.052,99.331,0.80597,20,0,0,0,0,6
By2KcxuXiaqkxNrMQkMEPSfPiYhx6YCuunYPZ85rs3oB,1,ok,52.724,99.101,99.889,99.996,0.45919,20,0,1,0,0,6
BxJ1rwhiiLfWQ9DFfsu8DVUHLkfkW3VH1hnJQP1xDcpq,0,ok,91.348,94.088,95.017,96.055,0.83485,20,0,0,0,0,6
BzaneYJWFAgkjxPbEpRW7n1VvfTDusQ8YTQN9XNrBdEY,1,ok,100.0,100.0,100.0,100.0,1.0,14,0,0,0,0,9
Bybit2vBJGhPF52GBdNaQfUJ6ZpThSgHBobjWZpLPb4B,0,ok,27.256,92.36,98.283,99.16,0.20862,20,1,0,0,0,9
C1fscqagUd86PFhzNKPeod978Xkde8ayktr4AzWXK7zZ,1,ok,22.402,82.076,93.233,99.581,0.14844,20,0,0,0,0,9
Bz7Nx1F3Mti1BVS7ZAVDLSKGEaejufxvX2DPdjpf8PqT,0,ok,28.203,46.402,54.662,64.938,0.09156,20,0,0,0,0,6
C2mMrapGNKxbeYRkvoSu6njg7QzdqWkRSBh7K3Ktpump,1,ok,98.855,99.616,99.819,99.976,0.97726,20,0,0,0,0,6
BzvMviYWyXRFWy469qhK649X7b5ZmtNzgDpxbmwmjkxw,0,ok,96.139,97.435,98.25,99.238,0.92434,20,0,0,0,0,9
C46jBmVTMhTRDcHDNj42G5ZqSr7dYkBUff6dXukPr3qN,1,ok,50.344,91.161,99.726,100.0,0.33316,20,1,1,0,0,6
C1zbYRGs2kXKxuFxf1Nb4VrXy2x6e1bYpVUxLDBgiwgk,0,ok,54.354,65.133,72.54,80.821,0.30056,20,0,0,0,0,6
C5ZsgmuDcV7oiudyyHAp7D5h2o59PwfQNZ4e56FZpump,1,ok,99.395,99.68,99.846,99.952,0.98794,20,0,0,0,0,6
C2x2aT7VVEE4BUrxWfK2xjLtdSk5g1xRL9PHw7qxpump,0,ok,54.095,68.005,79.001,92.49,0.30194,20,0,0,0,0,6
C6Z4NYaurv5emsxAzdJd7Z9qVgwDHR8QXK9trz6eMkkS,1,ok,48.657,89.694,95.145,98.791,0.3289,20,0,0,0,0,9
C48bYff1Py1hqBRqhLBbx515GzeVhywBAxH2JvxUwRkR,0,ok,35.325,91.007,100.0,100.0,0.22947,19,1,0,0,0,8
C7dagMX4ei96gPksZjcA5FF6T3vczKFeygWRLidnaNSi,1,ok,49.553,88.795,96.749,99.482,0.29523,20,1,0,0,0,9
C52svWnbfGwG9579FUeGY3VcFL7EzX38UFvY8n6xpump,0,ok,95.124,97.2,98.059,99.122,0.90503,20,0,0,0,0,6
C8ayLsQibQhrtAS2GtH77BDaKjwWCyWoz9TMHJgX4Uwq,1,ok,99.517,100.0,100.0,100.0,0.99039,6,1,0,0,0,8
C5xtJBKm24WTt3JiXrvguv7vHCe7CknDB7PNabp4eYX6,0,ok,91.853,97.687,98.465,99.131,0.84619,20,1,0,0,0,9
C9StUejLQFoa1fBERCBN1ZUdpw2ZueAZnW5YonUEKzrj,1,ok,87.117,99.884,100.0,100.0,0.76435,19,0,0,0,0,7
C7K4Tot6fnnNwhWpqw9H277QPcP56vHAEeXubRHDyCo9,0,ok,60.081,78.221,82.25,87.063,0.38382,20,0,0,0,0,6
CARP9NBf72xkzuWBdFLyeDvdYwFSZDvdPrD31GkpNEgo,1,ok,17.357,48.719,81.408,99.932,0.08519,20,1,0,0,0,9
C8NrZ67Eawk5PAcnnJi7XtPEcGmesZhcNinv3jcE3M4g,0,ok,89.429,96.337,97.664,98.714,0.80163,20,0,0,0,0,6
CB32qD7rTpzb5Z6Sa6eKjqLF1TD51ZWNj6FvmwTnfJem,1,ok,72.923,100.0,100.0,100.0,0.60509,17,0,0,0,0,9
C8w46V4sR4yph3JajsdV75wwpsAoxncrPUfkiJCtTUjM,0,ok,94.236,98.472,98.768,99.085,0.88869,20,0,0,0,0,6
CC25mdLvBrnnEnaisKGZthUXynPTgdhjXnE53GDxfJ7A,1,ok,93.719,99.976,100.0,100.0,0.88036,20,0,0,0,0,6
C9uT2bhbw7ZKdbsPwwDBbSGB2o1qyAJFHxS45WDxKw1Q,0,ok,58.478,99.465,100.0,100.0,0.43167,15,0,0,0,0,9
CCnoSXW1rbAqEJf1V3E3v6SxSpMxhjjYjEZVWjmf3Acm,1,ok,97.886,99.593,99.909,100.0,0.95833,20,0,0,0,0,9
CAvkAD9yAqfBiXqyrX186qnA6sFvchfCUGaxYF3Hoxbp,0,ok,76.12,84.556,87.867,91.486,0.58182,20,0,0,0,0,9
CDwUQRuLsVVEAo5PfCsxXvhqR86FCcRHrNJMwmWZHfvg,1,ok,87.195,94.261,95.322,96.726,0.76175,20,1,0,0,0,7
CBxbrWxRvASd3NKk31ofWsEixKg96CTSwpha4mLtRBF2,0,ok,97.429,98.372,98.948,99.426,0.94926,20,0,0,0,0,6
CF1JquiHSrzRmTVdyX2hKTWm9TgxvH7RBTuyiC8jYrLf,1,ok,32.593,91.282,97.059,99.476,0.22213,20,0,0,0,0,3
CDA3CFpoJgyu8Zg4UV94G8nXeveGTHaSyquaK34fpump,0,ok,93.235,96.543,97.444,98.398,0.86965,20,0,0,0,0,6
CFtavaLVzux1CQSYbX1SdcuCEQdnkmJQu7sdXoi5aUSp,1,ok,85.884,91.368,93.291,95.442,0.73893,20,0,0,0,0,9
CDyo2XH9tnXyEaLs13mZu6aG2an3NDrxmQdv1xYGLVtN,0,ok,76.004,84.314,89.314,93.077,0.58013,20,0,0,0,0,9
CGt6sgLSjuDNSn8SFBLsThi8ikUB1UUMnRQ2rSFvpump,1,ok,98.988,99.606,99.78,99.911,0.97988,20,0,0,0,0,6
CEaMvzDPESe3DHMKw7y5kuehqytZzL6qNMCZybyBpump,0,ok,82.155,91.185,94.888,97.746,0.67765,20,0,0,0,0,6
CHVyqqKzX2QhHdub5zSMWwhgiSNM2NXdjvq9vF5pSwSo,1,ok,57.502,99.881,99.998,99.998,0.3964,20,1,1,0,0,6
CFCidcK2cKmDfpVDJzVqKMRA485JRnvcQ1kfPiKwK33g,0,ok,87.778,94.719,95.316,95.911,0.77221,20,0,0,0,0,9
CJLNaifHfGyvRd5SpicgDmMHPqgav9MyxPHv4Ykyb5f7,1,ok,100.0,100.0,100.0,100.0,1.0,7,1,1,0,0,4
CGGp32gHgnayrxS6HVjfSvv9K5HQtYbpa5qGkvZXNkkD,0,ok,26.326,63.839,77.872,89.989,0.11891,20,0,0,0,0,9
CKFuWoyrK8AExJHwqEkQq9tbgapoFgpeWf8PNPNZHyoq,1,ok,95.308,98.369,99.766,100.0,0.90865,20,0,0,0,0,6
CHDV5MEVk9HBARHKdkratwFv1wgF3XuRBGNvoYaVpump,0,ok,96.397,99.12,99.565,99.893,0.92961,20,0,0,0,0,6
CLZPzPDy7Hwrne3gjzm63mNu8PvRPBRq8WRdNctJoPN2,1,ok,42.902,99.993,100.0,100.0,0.32006,20,1,0,0,0,6
CJG9TZKVtfsoNTGPEj6i3vYdxa9WRSRKuymkmHY1BUmW,0,ok,98.639,100.0,100.0,100.0,0.97313,16,1,1,0,0,9
CMhNtZpkLfrU7oDVx6HrQp6cK3Wn3npjXMegS9tD2FWE,1,ok,97.061,99.614,99.932,100.0,0.94236,20,0,0,0,0,9
CKMYq8fN5NyqEhttWr8xj4Q2fyEJv686QANnT7dopump,0,ok,91.117,93.123,94.36,95.686,0.83039,20,0,0,0,0,6
CNa9LWFdwTiarq9avGjTAHExuMoo97mhqq4PMPxLUfBz,1,ok,21.812,86.883,100.0,100.0,0.16347,16,0,0,0,0,6
CL5pEu8RgEm38gFAbtcto8BYXYSyEGiE1E9G78VUpump,0,ok,94.486,97.949,98.979,99.507,0.8932,20,0,0,0,0,6
CPFpJTqUdKyrwGNQc7bEgVnRVb2Svn1ZQBcFKkZicoSJ,1,ok,99.78,99.96,100.0,100.0,0.99561,20,0,0,0,0,9
CLXPjdHA2ikfQVPeQJiy4vomAZseVVMuowUtngRMpump,0,ok,87.512,90.352,92.951,95.981,0.76628,20,0,0,0,0,6
CPrC6YGJ1HF37EwheE5Zz1a2jDsF3H4tQw9rLFDpeqEH,1,ok,92.139,96.2,97.195,98.122,0.84943,20,0,0,0,0,8
CMABnJb9pvUQWxCbsYPGVcyFgF5dDREvYDytnctrpump,0,ok,89.393,97.345,98.687,99.253,0.80138,20,0,0,0,0,6
CQo4QmsiuoyzPKPpwSXYfG9yTu3PuTgzGj3t1xDpump,1,ok,100.0,100.0,100.0,100.0,0.99999,5,0,0,0,0,9
CN7t4Xxw2RSzEXpyYaG54fi5gKpdd9NTEw61biUW767y,0,ok,90.217,98.462,99.135,99.507,0.81753,20,0,0,0,0,9
CRctBCm958of7CDeGBZCyH3WhCQZmWyapUgSych6djq8,1,ok,99.666,100.0,100.0,100.0,0.99334,20,0,0,0,0,1
CP6wS4nXkefr6UggvUCp1W72eEpKXhjqXHE5GReWHcxC,0,ok,85.829,89.383,91.355,92.966,0.73713,20,0,0,0,0,9
CSPLytFmMEq2ax53H1gAeeEACTiAQDgoDz8CRHDQFBud,1,ok,93.416,99.053,99.499,99.965,0.87492,20,0,0,0,0,9
CPx6vEEAsk4NTLau19LC2KqdDwvs2DAwnjEYUL6ypump,0,ok,92.83,94.827,95.561,96.521,0.86189,20,0,0,0,0,6
CT9fdZzpQBS79KyDUnn4MXf78aYsLiEfTstQ57LzQmnL,1,ok,56.648,99.695,99.929,99.996,0.46794,20,0,0,0,0,6
CR14FvRMRNZkay5esHakzpSVLTXPa7i3SESaFZtih4Lk,0,ok,97.82,99.49,99.997,100.0,0.95696,20,0,0,0,0,6
CUP8CeuDxPg5Rja9PePuPUdDXtcBjege5KF83AJkksuX,1,ok,94.571,100.0,100.0,100.0,0.89731,8,0,0,0,0,1
CRYPTi2V87Tu6aLc9gSwXM1wSLc6rjZh3TGC4GDRCecq,0,ok,73.903,82.912,85.798,89.354,0.54934,20,1,0,0,0,9
CVhmsBLwx6fCpGowTNNnzNKcHyRrdnpBbx8t6a4ciadP,1,ok,93.377,99.585,99.873,99.89,0.87347,20,0,0,0,0,1
CSSFYjzNYM8GnSwqbEbKpB4dHicaQynHMhza87p5anaN,0,ok,85.298,90.385,92.989,95.613,0.72859,20,0,0,0,0,6
CWVZqSjAibrMUur6KpTWManKKkam6t9BasvYbNtFmbRk,1,ok,71.952,87.63,98.861,100.0,0.52693,20,0,0,0,0,5
CTYiHf58UGShfHtpkTwx7vjPDA779dd6iVaeD281fEVx,0,ok,95.616,97.593,98.259,99.075,0.91441,20,0,0,0,0,9
CXL7AAheUM8AnSyBvf9b2TtPeqTTALJVqDDdfwNdKZHt,1,ok,70.368,84.033,92.512,98.614,0.50197,20,0,0,0,0,9
CUTdPUYaeW3hDUquvTwpkiT4UqACmt5JXxXJ3oX6pump,0,ok,95.75,98.722,99.205,99.664,0.91745,20,0,0,0,0,6
CYNZoiyXiXRunKYj1UQZT7MBVFceEhQwtQMZvnE52c1Z,1,ok,11.009,27.766,40.964,59.327,0.02671,20,1,1,0,0,6
CUzSRjBvqFFq45mg6j9oyQrDxyUTHEKM2xqKzDkZpump,0,ok,66.856,75.403,80.444,85.445,0.44963,20,0,0,0,0,6
CZniW9FkthxgABJgum8xZS15gYTucUFVJwH76SCHThvT,1,ok,100.0,100.0,100.0,100.0,0.99999,20,1,1,0,0,6
CWf7gNKtTTnbhhkSsB4oDn1ovyewV8KzZHekPkAZpump,0,ok,97.787,99.168,99.643,99.948,0.95629,20,0,0,0,0,6
CaShXJE31oxKnNLSspHefkFfRdnZQ2KmKenmttRscsDA,1,ok,99.962,100.0,100.0,100.0,0.99924,20,1,0,0,0,9
CXnxXcNQWi2cV6qKEJyf7WNBWZfztcU9yHs2WSyYpump,0,ok,91.137,96.163,97.799,98.74,0.83137,20,0,0,0,0,6
CbMpALSVohMjna9vcXLxcT24yEkqQwuamoJrqVWWkL5Z,1,ok,91.929,97.956,99.725,100.0,0.84653,20,0,0,0,0,2
CYYM4aVf8SPoQ6SZwAuJPLKbMvs4K3NdGmGb2LWptTPN,0,ok,97.077,99.999,100.0,100.0,0.94321,20,0,0,0,0,6
Cc4CZoMd2oyvzLDck5BkPKU9eWgRkggDz1kQYLQHteRj,1,ok,98.998,99.601,99.824,99.942,0.98008,20,0,0,0,0,8
CZBKtDbJmwamBnUe99sroQsfGLqNDY348whoZR4iQgPA,0,ok,64.754,94.317,97.927,99.943,0.447,20,0,0,0,0,6
CdGCMaAkBeLVNT49pGqYXa6qjoHfeXtqhgyxTzqqQzp6,1,ok,55.575,99.125,99.806,100.0,0.48527,20,1,0,0,0,9
CZcArp1tnaw6NJ6pquyCA2c7RygRRBeN1PkA2bGPpump,0,ok,88.015,92.424,95.067,97.443,0.77538,20,0,0,0,0,6
CeG7WfkctqndqSh6wQ28tMVK3M2yvi1BR6LSnuoJWoSH,1,ok,99.311,100.0,100.0,100.0,0.9863,20,1,0,0,0,7
CaPS8EpC78RsnDdjNfZGd7Wjdg9156ijvC1aFcA1pump,0,ok,78.402,83.647,87.807,92.006,0.61597,20,0,0,0,0,6
CfC5aQUNArrcC2XiGYFoRHCni1Ctc9mFtvG74EzpLc2B,1,ok,45.504,100.0,100.0,100.0,0.38086,8,0,1,0,0,9
Cbuey8raZChznU1XzftS8kvoR4BVryDf4bgYieu1pump,0,ok,85.263,93.774,95.814,97.24,0.7305,20,0,0,0,0,6
CfxpddFuiviDo3mru5Z1ECdaQ5K1uiXg4srBUAq5gJQ1,1,ok,66.354,99.235,100.0,100.0,0.48276,19,0,0,0,0,9
CcN3itNxQNaQnkKa6k4a2u3UMVb7YRR34H3ZLi3dngEf,0,ok,17.504,45.817,63.311,88.316,0.0664,20,1,1,0,0,9
Ch2SfuKwYM3vdoEXkvugZLP5S7fGQqjS9so5oHW63HFx,1,ok,89.341,98.148,99.772,99.99,0.80069,20,0,0,0,0,6
CdxpACLD8yfHVpkYAuVdXnRMbnAdDtP2qeMeJaNbpump,0,ok,84.089,92.413,95.626,97.906,0.70972,20,0,0,0,0,6
Ci2AhQxfeX2LBsh8raj65F4V8WyBtsWBSQhTu4WauoR8,1,ok,94.979,99.789,100.0,100.0,0.90274,20,0,0,0,0,7
CewjVS9FWE7q5NsX7baqstady2GgqJBVeZmJjj6NQ9m1,0,ok,96.57,97.591,98.304,98.971,0.93263,20,0,0,0,0,9
CjHcUKdniXnURWnWfS6tjREZncjKpNFPrKwU8AHCm528,1,ok,61.56,99.592,99.997,100.0,0.48921,20,0,0,0,0,6
CgMh3naYCdBoqt9yMvWirp7AwfgaM5SMn8HBNPVTpump,0,ok,65.006,79.441,83.284,86.304,0.42998,20,0,0,0,0,6
CkK5Qg5xfpK69XQDSicmiE4wPYJ4Cxy3Sbebdr9fpump,1,ok,98.981,99.584,99.868,99.998,0.97973,20,0,0,0,0,6
CgzdCjj5YNH51uFfQftFbuJKMrwgdWheVjwqjU84MV8y,0,ok,70.092,78.362,82.0,86.213,0.49403,20,0,0,0,0,6
CmL11AvvMGbVAp8SjKt4bABN8qUwXQbwHXGSTBeiUUio,1,ok,99.997,100.0,100.0,100.0,0.99993,11,1,0,0,0,6
ChywntqwNRzaoWYUcDQ3iALqcwSAVtjM2dPshz5AETMm,0,ok,90.917,97.286,97.779,98.337,0.8298,20,0,0,0,0,9
CnQabhL8EShgA3wtfRkPrtgrQkUwV77c8NXGP5VjkcW9,1,ok,97.783,99.983,100.0,100.0,0.95636,20,1,0,0,0,9
CjM3TV26tffTaTMQoaXs87ewH6H7wjGUUAuYcNR5pump,0,ok,89.556,94.251,95.563,96.696,0.80315,20,0,0,0,0,6
CockfXX5P58ZcBQGQa4FGodUc9yA2V7RNmheGmTzSZe1,1,ok,98.324,99.371,99.76,99.992,0.9668,20,0,0,0,0,5
CkRD57mfVXDkb4XbHnJ2bpByHNYJXJyqShagBxaWhCkx,0,ok,79.818,91.512,95.522,98.008,0.64177,20,0,0,0,0,9
CpZ4ctGQTVqcgDdRvQgiq4wMfBpx7paG5sM2h6KBnwv5,1,ok,98.514,99.632,99.751,99.912,0.9706,20,0,0,0,0,9
CmnhaQS9jgxyLQr4ezUk992P8wvvM1dWwYpjHG41pJn,0,ok,96.039,96.761,96.963,97.223,0.92237,20,0,0,0,0,9
CqmxZ5J7ccNQKxFnic79VZ48p4EeoR8S7m5rtvGxdQjP,1,ok,59.141,97.861,99.971,100.0,0.4224,20,0,0,0,0,9
Co59UKqjPTJvDyDyT73GK6NBGqTzEzvYeHU6vpbK11Uw,0,ok,100.0,100.0,100.0,100.0,1.0,9,0,0,0,0,9
CrgRN6Qn36DoUgGLMDtuUD7pCYHw8VawvULZKcYWSup4,1,ok,50.679,98.758,99.982,100.0,0.33761,20,1,0,0,0,8
CooKrc8eaU4E6AxBtNqA14V5HWCtxqeY7tZ7k2rS6QGP,0,ok,71.996,85.135,89.334,92.442,0.52347,20,0,0,0,0,2
Csjt96NXf6RFN2kWZerwDp1kFSJvVCHV5RVp1peHZdUS,1,ok,82.579,94.294,96.542,98.782,0.69084,20,0,0,0,0,9
CpQ2NShfdPufoWRnRY2S1efqmQmHLbi7n4pW3BqFJBd9,0,ok,96.09,99.429,99.783,99.993,0.92386,20,0,0,0,0,9
Ctrqn6aLTBnXGQ4DGiNxyYhVAHWmJSvbiJr8T9ERFmY5,1,ok,91.396,98.011,99.016,99.972,0.83687,20,0,0,0,0,9
Cqy3AkBqP866vkw7p7ioK6h6VTfQT6tFUW1dzUezpump,0,ok,84.489,93.991,96.137,98.067,0.71881,20,0,0,0,0,6
Cv1kX87uAXWof6fs8ALrkXJcJtDkYnZxexCivQKn1Jwo,1,ok,98.201,99.47,99.86,99.992,0.9644,20,0,1,0,0,8
CrwgfDsf6ypYTiGPGv7sMyLosuCNrmEVJRvJtUbCV6nS,0,ok,91.145,99.786,99.989,100.0,0.83542,20,0,1,0,0,9
CvsZ4b4aHAtgwYjZoNKxhURfHWdf5ft7QU5cJtDj5xfc,1,ok,81.07,100.0,100.0,100.0,0.69307,17,1,1,0,0,9
Ct6mKc7t4deipRuNoXigPoLv5x7XErv6zg4yKougrrXa,0,ok,92.182,99.812,99.999,100.0,0.85168,20,0,0,0,0,6
CwvSEujbsZZDAFjA1jKiKtdJmteut3bVxPYMiEoRfYRJ,1,ok,99.999,100.0,100.0,100.0,0.99998,20,1,0,0,0,9
CvBBZMR2CJXa4k9oWjA4d9B3zsLvM7Z33HHd8uY2pump,0,ok,95.616,96.931,97.798,98.745,0.91432,20,0,0,0,0,6
Cxudwu4yj8pJHwdZmqW9xAQCLL9kaVzswGxBAt7HoT1a,1,ok,73.229,100.0,100.0,100.0,0.60784,20,1,1,0,0,6
CvzmN4HEMt2R9tsLyCV26yV2sT5tgD6nAHd7TNtWvHXq,0,ok,94.188,96.548,97.35,97.656,0.88732,20,1,0,0,0,9
Cymo8sEiFEVQjbaqA4aCnPiuM1PFQPEF7b7rKjBM4qmW,1,ok,93.423,99.914,99.973,100.0,0.87685,20,0,0,0,0,6
CxRbwsHQTXwnMiYBQm93BoPYz4wFZJod462v4AMQgfta,0,ok,44.474,95.738,97.956,99.178,0.27164,20,0,0,0,0,9
Czsqp6SVXvGfnJ4TmkTRFLNpXrukvnZsJbpP1MDRDge7,1,ok,82.065,97.047,99.061,99.963,0.68928,20,0,0,0,0,9
CyPCGymYAEdRNZ28ezQCVyAkyB6C3skfL571FTi2pump,0,ok,97.059,98.493,98.966,99.293,0.94214,20,0,0,0,0,6
D1phZBWkVnMWNcmDNGnXx61K9AA4t5LYsmX7xbb5wnxn,1,ok,54.412,83.813,97.612,100.0,0.32996,20,1,1,0,0,6
Cz2zMEinK71UgPJYsknSmithE9NZkcxWEY3MFhTGdo7W,0,ok,70.705,82.919,87.632,91.812,0.50808,20,0,0,0,0,6
D33EVuXa5q6AJyVgN7WNgWAsJP4BpwJLNYSMFviAgkFt,1,ok,55.739,94.422,100.0,100.0,0.36569,18,0,0,0,0,9
D1CPyS16zucARCTjGCKrvwxBcgoHwRMfFiPPBKwZHF3o,0,ok,89.629,95.19,96.704,97.866,0.80438,20,0,0,0,0,6
D3taiNpsQxtW8aeVnuZcjMjeQHWmf33DvPfrtzyfnKsx,1,ok,100.0,100.0,100.0,100.0,0.99999,14,0,0,0,0,6
D23y3F1mwbV3QUpM9HGA2z2N5D5HrkFNtWg2DQruGimQ,0,ok,48.891,97.388,99.993,100.0,0.3653,20,1,0,0,0,5
D56ymJNSeNjzdsjT1gmpeW8a8KosH6nt8MWmJb9JCYLj,1,ok,50.042,99.531,99.842,100.0,0.48173,20,0,0,0,0,9
D2tztvQKcmo7PUof8quQWAu3qXKwtiW1pLjvHLsUakv5,0,ok,31.054,38.082,43.697,51.525,0.09894,20,1,0,0,0,8
D6THbUGFdxJ5LzNVHTGjjetpU5JCxy3x2f7dmw2s6vJR,1,ok,98.281,99.772,99.88,99.947,0.96607,20,0,0,0,0,8
D4GHfa75HH3fv9YofTwCfbhZNpVLAGuueWCtkmHR11Mr,0,ok,84.323,99.993,100.0,100.0,0.73508,20,1,1,0,0,6
D7NWxjR51BBBPwdDwS79qgNZAWZ3pfALkE2ZLRZVvQH,1,ok,84.141,90.882,95.177,97.829,0.70964,20,0,0,0,0,9
D4yezxg28WEs4aM9snwDHSfWbqKUvPdrXBDUKwZ4TXLc,0,ok,78.429,83.051,85.581,88.893,0.61593,20,0,0,0,0,5
D8sU6N62WpYS6Aby11kg4BLuJrdyWtUEhuFWf97R7Tw2,1,ok,63.859,71.233,76.485,85.284,0.41051,20,0,0,0,0,9
D5qr7QRGMUmmkt6yeJ6cCWDp6pwE4SCozk4uaR1MyqrM,0,ok,92.642,95.186,97.298,98.603,0.85854,20,0,0,0,0,6
DABa6MunmdJ287RrZ1Pg4ztaPJokqGcyihMbdaHy8piN,1,ok,93.926,97.795,99.011,99.686,0.88265,20,0,0,0,0,5
D6xXCFS6nSr9m1fRkPkQR8dgbXpqf8oaADZNN3xpnh7u,0,ok,36.685,84.566,92.323,99.067,0.23693,20,0,0,0,0,6
DBAzBUXaLj1qANCseUPZz4sp9F8d2sc78C4vKjhbTGMA,1,ok,94.189,99.475,99.782,99.921,0.88919,20,1,1,0,0,9
D7gZUidpNuqz4iCjGTJMAXtSc7ktcYHUiYv3CrmFT8dA,0,ok,87.554,93.566,95.13,97.555,0.76818,20,0,0,0,0,9
DCKp4rVtZrARURJe81zLPh6Ds45L7EhcKwTkmQCaYLnF,1,ok,52.79,92.817,96.991,100.0,0.34929,20,0,0,0,0,9
D8TNDi8er4Psm8Z31SEm5yFmmiHMMdguUSLohN1Gpump,0,ok,95.236,97.432,98.235,99.049,0.90717,20,0,0,0,0,6
DD7cjKWbDBVPHGPoCuPjiGjVn1G98dUt2iY9rNsHeFq8,1,ok,47.265,60.395,66.383,74.88,0.22966,20,0,1,0,0,9
D9paufRCehpk2YGRPkzJPEUDsvQjaTFKNyFDqgd4xqd,0,ok,78.24,81.427,83.799,87.871,0.6127,20,0,0,0,0,6
DEL8F9NJ6PRPk8RcRjcgXrrLLbDffb5zzPFT4obncMA3,1,ok,28.336,88.049,99.953,100.0,0.1902,20,1,0,0,0,5
DBAAvrMw9TXnRcpwc4FmiEWwDwmaLYB4TvLWYqtmr2mE,0,ok,48.341,67.78,76.306,87.345,0.24933,20,0,0,0,0,9
DF8vhyo51Nu3XSKRAMmFPm2WFUkHhxwGVp3SoR77gAdz,1,ok,96.23,99.723,99.916,99.973,0.92656,20,1,0,0,0,2
DCyZPE55UhzB8VvFNDNa1AFUhxR6cEVQa39S94QcaLRX,0,ok,64.637,73.159,77.778,83.243,0.4205,20,0,0,0,0,9
DGUsF5UYJLmCUVSnNTkyBXqqFZG3KmVifCYsrCgVdrFi,1,ok,31.807,69.049,89.491,100.0,0.14909,20,0,0,0,0,6
DDxS3mzbFiwPgmpK7j573MDvD7EQj5stPHZ8K8Wppump,0,ok,89.075,92.319,93.764,95.425,0.79385,20,0,0,0,0,6
DHLQRpBSY8DnZub56EqHdYXRK4FLefMTGpPiN7pSgAHD,1,ok,92.676,96.6,98.461,99.563,0.8594,20,0,0,0,0,9
DEspKUuYowz5975pGL157TVWghoDzXh5MuxxbDEwNyde,0,ok,95.885,99.987,100.0,100.0,0.92099,20,0,0,0,0,9
DJafV9qemGp7mLMEn5wrfqaFwxsbLgUsGVS16zKRk9kc,1,ok,68.221,91.393,95.583,98.389,0.48517,20,1,0,0,0,6
DFzqqccRbiF4VWLv6mFE6tbyiawKNQM4qn1rndrDs8QS,0,ok,91.866,98.893,99.499,99.973,0.8472,20,0,0,0,0,6
DL9Hm7CMYWuwBpr8ZNyZSA1zN1rDZRTK8mUK61W8BzHH,1,ok,74.393,99.802,100.0,100.0,0.58971,20,0,0,0,0,9
DGmafKsSg8HsJYUCgFR1N47PrHcaMB1WAdzztavKnR9X,0,ok,79.188,85.696,89.403,92.496,0.62861,20,0,0,0,0,9
DMA6rg5gx6PhVjgw632WEwR8R7SrU1AkS38qax6qbQq8,1,ok,99.911,100.0,100.0,100.0,0.99822,18,0,0,0,0,9
DHjnmpK291uUpFVPitU8ZbGTQHPR4ymHaBtvz78qUyvx,0,ok,89.992,97.22,98.81,99.629,0.81241,20,0,0,0,0,6
DMvMihxJmLEXriHKPUsEipGLkayhyTxVSvC7AVYGiv1k,1,ok,96.448,100.0,100.0,100.0,0.93136,13,0,0,0,0,9
DK5grLstXHhL2zyzEXyb8ZvS6bbZrc82VZTUQE786c5i,0,ok,87.344,92.779,94.685,97.118,0.76389,20,0,0,0,0,6
DNhZkUaxHXYvpxZ7LNnHtss8sQgdAfd1ZYS1fB7LKWUZ,1,ok,78.039,89.396,92.99,95.818,0.614,20,1,0,0,0,6
DKnXmFGBcpYEnPsoHLrdj5cbZdEq9DV9z6bVfYrrDEBE,0,ok,84.651,90.244,93.302,95.779,0.71779,20,0,0,0,0,9
DPabcJK87txGvys8wiUiRoHFohimPmPFMve4WUcmDdHB,1,ok,97.382,99.242,99.689,99.976,0.94843,20,0,1,0,0,7
DLWhyXU9WDgQRefkhhR7gnTJdkzFqsFaAcJ1q4ZAXeRq,0,ok,57.282,78.704,82.758,85.668,0.34455,20,1,0,0,0,1
DQhdfMHjVdaW1m33yVpKzjZiDdbXJpLAG8AsF48v1vY5,1,ok,97.371,100.0,100.0,100.0,0.94871,8,0,0,0,0,9
DMbb79fgxR3fKKVKWcbetMCuxNNtJnfjY3qqAE4G4wJf,0,ok,50.246,95.157,97.597,99.078,0.34824,20,1,0,0,0,3
DRYghhXrJWK63QSwKbM8LuGJj4XT26ue8Y38CGvMSprE,1,ok,88.554,100.0,100.0,100.0,0.79728,13,0,0,0,0,9
DNR8uFgUt8Sz1q1vphMoAEU5uNcVhEHyq4fqiXadXjtK,0,ok,36.409,85.201,94.501,99.69,0.21755,20,0,0,0,0,6
DSG12cDp4i2oDXtCaYkL4GbBKXrUuiERVjqmQHo8C1ne,1,ok,65.041,85.221,97.274,100.0,0.43965,20,0,0,0,0,8
DPFhWqSgR2Sd8j1rBgZKr3LUGqeFbtN4qfdMTQkNHNK8,0,ok,95.442,97.418,98.056,98.603,0.91112,20,0,0,0,0,6
DT7QQ7bTdktDncVVuiS7hCtnmWBJhD5Pc8ZU3DnbKB9z,1,ok,100.0,100.0,100.0,100.0,1.0,7,1,0,0,0,9
DQLLBAuoL8LCTo1JaHC9hmFG4iJtLFEy6Ryg9qb1YFXn,0,ok,90.776,92.042,92.761,93.599,0.82409,20,0,0,0,0,5
DU8bVYDve4UVQ7MY7xVPavma9ez5eksAvNrvCxTuwNut,1,ok,96.821,99.845,99.943,99.975,0.93822,20,1,1,0,0,9
DRTeDJXZYYZxmq3tmgSPvLi3ef5E51cRH1KzzwXvC5M7,0,ok,87.763,89.265,89.485,89.747,0.77037,20,0,0,0,0,6
DV454wgn379yoZeRpet9nNCbHqoKfKzAjaq1H7693k2M,1,ok,48.632,95.043,99.81,100.0,0.36259,20,0,0,0,0,9
DSWLmsSHg63YxvC8FtHfAA8G2AeYJshC5ciCcy3oNMsD,0,ok,95.485,99.591,99.95,100.0,0.91282,20,0,0,0,0,9
DW7gKRGtBJbJJKx17mQJoaey1rUcQV2GaB9SzdwyLLf1,1,ok,52.587,66.635,75.998,84.995,0.28544,20,1,0,0,0,6
DTjnZkb2b3JsssKvSnp55KQFRReUTt3DoMmosw9N3dkw,0,ok,85.451,92.064,95.548,97.347,0.73162,20,0,0,0,0,6
DWtnph7PvJ8hYcJ4G8YEh6MeDY269SrHQkQ4SgisYRiy,1,ok,71.286,93.675,100.0,100.0,0.52998,20,1,1,0,0,6
DUpQprMZ44mUSDb82tVPZ4kHLDEKM4DDdN5zjm1ypump,0,ok,75.79,93.886,95.749,97.463,0.58599,20,0,0,0,0,6
DXmv9Y89hxoZtVpCm9p4p2EmwRtjXvQYk4HB1mvK8Zw4,1,ok,22.913,64.677,85.177,98.03,0.11229,20,0,0,0,0,6
DViRMJ5FyhnMz6ahfwS5qbr5Uy3S6kfySwoQiPbupump,0,ok,98.336,99.032,99.353,99.652,0.96702,20,0,0,0,0,6
DYcL4DFdKuGaBTtGj5CvfFPnsnm74Cc92wYUn1Eabb4Q,1,ok,93.242,99.729,100.0,100.0,0.87067,10,1,0,0,0,9
DWQvCxhSge9KzfRkmSE3Pq9Pus2G8wVao2Nc9QxyXNWs,0,ok,83.058,95.315,100.0,100.0,0.69452,20,1,1,0,0,6
DZY9ym3rQtvLDBaW4FmiF3Rjj2H7xRbcNieX558iJYQF,1,ok,59.448,100.0,100.0,100.0,0.43344,7,0,0,0,0,9
DXc8pEGF652F94J9TMxLFfyiN8UrtVnZe57gFoNmpump,0,ok,98.978,99.386,99.613,99.791,0.97967,20,0,0,0,0,6
DacNDWbJccyzBzWNmAMgbKL2EaxUGW9QicmEeyX5SJhk,1,ok,89.993,96.841,99.289,99.876,0.81129,20,0,0,0,0,9
DZBztmgHuuY49pVkwCTzusg6SXCpbj16ZeSFfQLapump,0,ok,73.846,94.534,97.299,98.297,0.56227,20,0,0,0,0,6
DbRA7Jp8p3tztoPWrDQeJqpKLKXJpotUzJoeiiCdxewz,1,ok,54.0,97.597,99.977,100.0,0.35999,20,0,0,0,0,9
DahmfqhqZQcZXC3RsR8m1sboCwtMtKNWvA2mDxbg6e58,0,ok,62.538,99.936,100.0,100.0,0.45067,20,0,0,0,0,9
DcRAfJ2rQqdxRzozN1Q6tEmgELNqvxiRAVCtqwBVsHGY,1,ok,83.884,99.907,99.971,99.978,0.71837,20,0,0,0,0,1
DbtMsJh8HGDdxy9EPVMnBQpk9ZhQ11T4gxmvUYjtpump,0,ok,96.788,97.977,98.502,98.979,0.93684,20,0,0,0,0,6
DdBFjF88okBF57XVWP9cpDGJGMdeitKfrqfa2tcCHw7Y,1,ok,68.731,83.992,92.342,98.251,0.48177,20,0,0,0,0,9
DciR3FxDUqKxnndzJdjrvPjJ38wrRx6uoBorGGbXCNyq,0,ok,87.88,93.766,96.62,98.735,0.77351,20,0,0,0,0,6
DeChheDUyCiLsoztDsMFzqy3n25X8p1C6StndMMr8Z5Y,1,ok,93.456,98.31,99.595,99.995,0.87409,20,0,0,0,0,6
DeTUi1JbC2q31jfR9Qc1zoJjaNFmw1hgWBXxGQKvpump,0,ok,98.814,99.572,99.837,99.976,0.97643,20,0,0,0,0,6
DerZQ7uMPMngYiUqbhwm69w58mxKyzztghP6dSmhmeT1,1,ok,100.0,100.0,100.0,100.0,1.0,13,0,0,0,0,8
DfEkgwWQJ2rMi6E1UrzvQu8ZgyndEfruSXYky6bemM1S,0,ok,91.084,95.256,97.149,98.644,0.83024,20,0,0,0,0,6
DfztJmxziRRBS89AAo6N51sVBtVLDg9LTfiCtmCwhCRP,1,ok,98.568,100.0,100.0,100.0,0.97171,20,0,0,0,0,9
DgYnhJGgEPA23SnofrvqmksrbZc1vvzGqtZWA2DfdzuL,0,ok,97.827,99.057,99.441,99.709,0.95708,20,0,0,0,0,9
DgfeWgAXtcnEjL9sAWir8QKfZmqUxiEBJQZeuXkfWLd7,1,ok,88.277,99.858,99.991,100.0,0.78803,20,0,0,0,0,6
Dhg9XnzJWzSQqH2aAnhPTEJHGQAkALDfD98MA499A7pa,0,ok,50.595,76.203,81.215,84.337,0.27868,20,0,0,0,0,9
DhfF81uahANRYQ4rn8VZKSGVmLE4k2nzccgfZMazmLJ2,1,ok,25.64,71.36,78.228,84.297,0.1595,20,0,0,0,0,9
DidCsxAvTpSe1YfsREaKMoKuWMTCZU6vAFMo62j4sh4L,0,ok,96.432,99.856,99.961,99.999,0.93043,20,0,0,0,0,9
DiMqKrb8wTC5tE5TmbiDw3EifHAHfiAuJiQvYXvkd1P5,1,ok,98.315,99.986,99.995,99.998,0.96683,20,0,0,0,0,8
DjYNHUB4aE7mVJNPHkYAB69YzHy6ps54BA7Ehr7epump,0,ok,92.021,95.147,96.707,98.244,0.84715,20,0,0,0,0,6
DjKXdLpTTJKRXmjWb2WWthUSyppHaxVbtLa3aq1XZJju,1,ok,86.405,93.746,96.131,97.481,0.74883,20,0,0,0,0,6
DkkUHS31mNkbyeT6nxsSgAL84fPCmqhvePs8QRb8KSg1,0,ok,89.359,92.493,94.32,96.281,0.79891,20,0,0,0,0,6
DkGCSjkUHKDPM1hjcMM8dGNDPnf5nrQU8fvsqvQkVixx,1,ok,99.999,100.0,100.0,100.0,0.99999,20,0,0,0,0,9
Dn4nNFJMHhzokBegq9QJv1k6N9A3hm8eTGnCPuJc8kqU,0,ok,68.392,76.198,82.831,92.303,0.4711,20,0,0,0,0,9
DmLFCZaT3tcusTBdyfVnc7fzzjJEFqgW7sRjWube6pEz,1,ok,97.184,99.986,99.996,100.0,0.94502,20,0,0,0,0,2
DnunnoUA2PeUQXxkKgDWvVvZMRKWzk8Si4SR8J1iM8aR,0,ok,87.245,96.608,98.334,99.372,0.7656,20,0,0,0,0,5
DnEL3cjqvunMmHF7DjTNoUSRat4wBKnXuNQBypRApvjn,1,ok,35.575,89.46,99.901,100.0,0.22068,20,0,0,0,0,6
Dogg6xWSgkF8KbsHkTWD3Et4J9a8VBLZjrASURXGiLe1,0,ok,20.24,34.847,43.748,58.341,0.05069,20,0,0,0,0,9
DoKnEQ7V4TNrNhfWhahKfj5GXxYFA1rByZtPVpwEVaZp,1,ok,27.624,86.684,100.0,100.0,0.18845,13,0,0,0,0,6
DpXgThazbyfa3raEjm52hgiN8LEMjdd8PsAwVistoN1i,0,ok,65.101,93.68,95.795,97.057,0.46962,20,0,0,0,0,3
DontWTiLwoaJu8fKA492NyrRp1DeamQRoRrd717FBUY,1,ok,74.414,99.945,100.0,100.0,0.61461,20,0,0,0,0,6
DqWf9DDK6H5c7KmEHkNJxnzNPSM6mzxonZJjK6yxpump,0,ok,66.59,76.141,81.119,87.696,0.44686,20,0,0,0,0,6
Dq4gmcV6yKBpxyq4qr3Lp5AvAY6y7XxFpNcPgZubP8S4,1,ok,92.216,99.058,99.773,100.0,0.85235,20,0,0,0,0,9
Drc4HGtbSroJWu5kjP2MgRfNS88BH1doniqn9KZZpump,0,ok,91.233,95.039,96.718,97.851,0.83281,20,0,0,0,0,6
DqoyiCma1TvcKyVANzwDDzMuPtbQK8D1rmGE2rg5gdHz,1,ok,28.692,67.664,86.609,99.795,0.15193,20,0,0,0,0,9
DsRtYE7MmYNSVQEUn9gR4EKCs6Tcey6Xu7CRtBPLknZ,0,ok,41.51,99.987,100.0,100.0,0.3433,20,1,0,0,0,3
DrncodVTTSrwF6uo58P8Egh4QYFYH43JMuY5ZZsb7cfD,1,ok,88.05,93.505,96.74,99.38,0.7764,20,0,0,0,0,6
DtChfd66f6RYp155VxjQ3qYKRNPWZhcupDpYQSFPUcU3,0,ok,36.582,55.815,60.851,67.087,0.14743,20,0,0,0,0,6
Dsfy4b6AfU3Q8EMA7avVBSLxrTe1QhJ7tVtw7LdTyDvc,1,ok,97.011,98.552,99.342,99.928,0.9412,20,0,1,0,0,8
DuCmAYsoBAGsoU9epxbjZb66qAr7Xyu6EvkPxks3pump,0,ok,97.874,99.442,99.775,99.976,0.95804,20,0,0,0,0,6
Du9dt4YSUh2bECpqJ6uRqUPxdebF2vyv6vKE49LdmxvQ,1,ok,100.0,100.0,100.0,100.0,1.0,3,0,0,0,0,9
DvcUihZoFL1diNvYyAyysfz8s46rnw3v9UADc75wpump,0,ok,84.421,91.107,93.4,95.403,0.71425,20,0,0,0,0,6
DvMzvhUqdnap3S1xcLhipc3t7e1hZhhsAiwHd82jBEKN,1,ok,45.059,98.219,100.0,100.0,0.29893,20,1,1,0,0,6
DwaSYP31CwC3qJnywc1Ras3mFugivwaxf6ySASbSTgR2,0,ok,66.743,69.874,73.788,81.616,0.44663,20,0,0,0,0,9
DwBWS44bgJRyDsGG2eMfTWpm3sCjdNt7aWvFuDBBeceG,1,ok,27.585,81.958,95.911,99.996,0.16549,20,0,0,0,0,9
DxtssVdyYe4wWE5f5zEgx2NqtDFbVL3ABGY62WCycHWg,0,ok,24.171,35.861,40.218,45.584,0.06307,20,0,0,0,0,9
Dx3WLeqqh4J5YDGG8whzweaFr9TgbKCTeLm1KFzcsoTK,1,ok,97.989,99.823,99.997,100.0,0.96033,20,1,0,0,0,9
DzUEfD3dYnC1pD3G5o2LKFhrZnNUTMxdhfhHF4fw7rUT,0,ok,90.344,93.633,96.206,98.803,0.81668,20,0,0,0,0,8
Dy3KymHdz1RdF4Jc2mu2Npdyp7pCiVPrmPCpCKq5LPbi,1,ok,91.726,99.775,100.0,100.0,0.8433,20,1,0,0,0,9
E1kvzJNxShvvWTrudokpzuc789vRiDXfXG3duCuY6ooE,0,ok,9.349,23.445,34.761,48.545,0.01843,20,0,0,0,0,9
Dz32zfqF2RB5TRGGEquXGjCtjCS1bnQSURaVKSQcpuTJ,1,ok,99.278,99.825,99.923,99.981,0.98563,20,0,1,0,0,6
E3HZ6aCjLm61L7tKN3C9MNktV8fbj77PRurgQxv9qmTm,0,ok,85.317,99.999,100.0,100.0,0.73987,10,0,0,0,0,6
E14wxarEy1onG5g9d29g5oNnvx2phFGoem8fpSbdsraC,1,ok,90.667,94.639,97.032,100.0,0.82278,20,0,0,0,0,9
E4BvY2D1jTj2hD1rtrdHoRs96kSrVKjqW68YHHrk7n7X,0,ok,79.289,95.21,98.101,99.97,0.64577,20,0,0,0,0,6
E2JYUVTyxXP1Tq8cZrBqkjoonogXQ2nhAjz2HbZsPBvA,1,ok,87.8,92.309,93.818,95.679,0.77153,20,0,0,0,0,6
E4jVYMPqtDL1xeGEnC6u826rUnqM77673jkt1L49daiP,0,ok,57.192,64.396,68.954,75.107,0.32931,20,0,0,0,0,9
E3DwTBd7qSdun8rrFxeLvD6uSfd7pJxgsrnkj6duQc8U,1,ok,40.134,60.952,73.878,86.641,0.17909,20,0,0,0,0,9
E5c1ZLiMkSt46W9tvWbSR6DMQRUpkxUpkEdLRcPr9akC,0,ok,91.719,95.612,96.582,97.662,0.84179,20,0,0,0,0,6
E4X1ziv14x38tB7ytqxE7ax4DD4xSKw9gKFNtBdBiZHe,1,ok,86.013,90.825,93.63,96.521,0.74072,20,0,0,0,0,9
E6RvfQEqmWqDGieMtBXLn7Ar1i38pA6sLDLX331tpump,0,ok,98.536,99.824,99.959,100.0,0.97105,20,0,0,0,0,6
E5nxmYp5yEs1nHviZ1rLAHn8ismoxjULtbvfFPYg1Bkp,1,ok,87.4,96.389,99.108,100.0,0.76636,20,0,0,0,0,6
E7ScdcVk8Xz8jeCoZUSscAbuR96ZADqJkajRWZ3fPkcK,0,ok,79.715,89.005,92.556,95.318,0.63834,20,1,0,0,0,9
E6R1ejntLSwT5oMWVdXniLhkSGdCPutLsryGTCehC5Ve,1,ok,54.0,100.0,100.0,100.0,0.3986,17,0,0,0,0,5
E8cxtZH4ivfrZTHXKtVmcEqkyKX5EKKFWW9X8jy8pump,0,ok,84.743,90.133,93.511,96.144,0.71923,20,0,0,0,0,6
E7c2awNXZ3f7HsVJb8XnbLZZhy6Xug98miHEBTZ2cPLp,1,ok,65.0,100.0,100.0,100.0,0.545,10,0,0,0,0,8
E9cZqo6jLKkU1N44vqvRx4JDB2iiCG9BWdbtKtLGpLDu,0,ok,32.685,51.436,67.193,80.05,0.12265,20,0,0,0,0,9
E8U6NBbzvAs62u9WZUsRRRGvLjZTdZdvmexoevr2oDbT,1,ok,47.81,94.023,97.078,98.356,0.32852,20,0,0,0,0,6
EAQPs36Adjog88uNcLfRhHV3jGEZRKU9V2QjCemLK4f7,0,ok,74.137,81.644,87.815,93.358,0.55226,20,0,0,0,0,9
E9MtFVNVzKq92MqkczSNFhw6kMLhNgShUrYimsSTZHRT,1,ok,99.295,99.984,99.991,99.997,0.98596,20,0,0,0,0,8
EB3ArM2EjE4D46fy7twLrxLd3ZU5yYqhGJgvRBfJVG5g,0,ok,49.99,99.999,100.0,100.0,0.47602,20,1,0,0,0,7
E9ubci1sGfFJqgaWuWD6JCxQ9KGAPPnPGpw7jJUguZdK,1,ok,100.0,100.0,100.0,100.0,1.0,18,1,1,0,0,9
EC86LVdNCSn5BvTSPuX1mG8MMVKu7SjfCbqovoggpump,0,ok,91.085,94.151,96.17,97.094,0.82999,20,0,0,0,0,6
EB4CER7sx6PyGPc3TMFXxT84ifrYrYUi8gmUnAFqksBG,1,ok,27.117,75.429,89.97,98.729,0.15726,20,0,0,0,0,6
EDRjuR1B45uzivTW8s5tbsh2gigJJFzGnN6wWMws4fme,0,ok,98.755,99.705,99.985,100.0,0.97528,20,0,0,0,0,9
ECNqvimEWdPpRcBMgYgEKagYRAgKksS1YQGMHLuZs6S7,1,ok,99.867,100.0,100.0,100.0,0.99735,20,0,0,0,0,9
EEBA6E69rhvGgLSs633u5qVeNjo77fp2wY3yj8Aipump,0,ok,93.474,94.876,95.804,96.631,0.87382,20,0,0,0,0,6
EDSMEAiKGZh8Bf9fS6uETFLeS9XbKBtq46RfQ5sCp92y,1,ok,89.798,97.596,99.81,100.0,0.80838,20,0,0,0,0,6
EF5fze79mUm6wGm9Ut1fFmPBEoPSjFghWzXed9w2ncha,0,ok,70.374,83.431,87.579,93.13,0.50191,20,0,0,0,0,6
EEP2VmX7dSbdTB8jdfjeyFqQ8eBhMF4YiV81gRbMgcq,1,ok,12.853,47.718,72.026,90.778,0.06601,20,0,0,0,0,6
EG4YR4KAyvhGdhHD8EgJmPMJ1ygWvyoXJkkRjzG1jZCc,0,ok,52.165,86.052,92.971,96.991,0.31073,20,0,0,0,0,6
EFMpiBPYpC75L4tWJhCfAGGqTji5JnDsSubejNRD3KXC,1,ok,92.43,100.0,100.0,100.0,0.86002,20,1,0,0,0,9
EH2tRrNn2TfD2c1vNLMrNaxa4wskzEnzb1Vo5YDRpump,0,ok,66.191,76.345,80.741,85.285,0.44159,20,0,0,0,0,6
EGskQ4nNP8rMqZmaL9FWp1tXkyftCdgvfsTLNmT2XxjF,1,ok,99.821,100.0,100.0,100.0,0.99643,20,0,0,0,0,5
EHiGnstjsXUheCD8WawoupEZ9mWGwDnCBSxCacWQWasD,0,ok,92.573,98.258,99.587,100.0,0.85808,20,0,0,0,0,1
EJ1zdz7RqiwrCYQU9hCEgKiDhqFkqTzKCM3WqDykJ6qb,1,ok,99.27,99.863,99.999,100.0,0.98547,20,0,0,0,0,6
EK1Y2PPYPqP2itpjKFdZom2BBtpB9TfHRzYWyEsxpump,0,ok,93.669,96.333,97.193,97.979,0.87761,20,0,0,0,0,6
EKDgnX3fwD4z3PtQtP4FjhuWRV2NdBSFRgkTDqTVwVdp,1,ok,45.119,100.0,100.0,100.0,0.34487,11,0,0,0,0,9
EKiwUg6K1aAyfF1uugHxEYPQksVTkCeHorkr8XwsoNAa,0,ok,88.271,97.32,98.295,98.975,0.78516,20,0,0,0,0,9
EL2YF6s5HY7FK7k3WV3vQ39RYw6bYevrh5n14HBKAR91,1,ok,44.888,85.253,96.584,100.0,0.25669,20,1,1,0,0,6
ELYeh7XEdPzsksPUSnPDdL3KDwefekHKn5iSnxh2xp5Y,0,ok,74.031,87.282,90.939,93.698,0.55724,20,0,0,0,0,6
ELjh6bvX17iUkHzabGA2hnbStoA2mPG2DJ9BnS1tMqRr,1,ok,97.494,99.281,99.766,99.997,0.95061,20,0,0,0,0,9
EMgqamyr5EhGD51x8eUDSh9uoYpnzc6yPv3pNAbjCG8T,0,ok,25.774,66.245,93.786,99.928,0.12523,20,0,0,0,0,5
EMx5zEaDKFYqAi6xmUMgJRS2tnpEbZGwfydPbnh79f6e,1,ok,100.0,100.0,100.0,100.0,0.99999,20,1,1,0,0,8
ENoD8J2J6wNHkcJkvVBkwq5JMiR1oNBfBZRkoHCQogyT,0,ok,19.395,30.71,38.766,49.823,0.04361,20,1,0,0,0,6
ENwNBmXGDNKGGGs4LMyCFK4dZZoR9oByjDnxJ5n4nK2o,1,ok,59.983,75.542,87.903,98.07,0.3706,20,0,0,0,0,9
EPtGK4deG13EmxhkrM3uQFay5txx3hRT4ipQpKsfpump,0,ok,84.061,89.223,91.636,93.818,0.70753,20,0,0,0,0,6
EQ1u8DsCZRJKZMG7AshgTg4EfMaeBEhuUS1raYtUAGPn,1,ok,70.955,78.716,84.727,93.466,0.5065,20,0,0,0,0,8
EQqQVg2kp7kcvydu7xYG2DJFFZLjwToWHAq7JZtrpump,0,ok,95.778,98.028,98.956,99.493,0.91749,20,0,0,0,0,6
ER2UVPC2Y1uBq4kCZH4SKVN1MYfao4jhY1XjYCvSMAfY,1,ok,35.369,88.179,94.654,98.557,0.25949,20,1,0,0,0,8
ERyohC12uzjcXi8CTKhqsZsqgLXQx4E47shzGEAhrba3,0,ok,45.853,57.658,64.3,74.234,0.21605,20,0,0,0,0,6
ERvwpWXKsgsBKmJHjj3fvwqznAAaGeQ3byeYdpoH6kEC,1,ok,30.349,76.234,90.335,99.98,0.18036,20,0,0,0,0,6
ETQ1eizmor3uMnPByaRDdzqVDa67XBdxNuWB61t5pump,0,ok,91.694,95.256,97.114,98.377,0.84121,20,0,0,0,0,6
ESit97vs1Lo3Py96kVpb7t52QMdvvs5nUXyM1owbpump,1,ok,95.531,99.979,100.0,100.0,0.91395,20,0,0,0,0,6
EUnEHuFuSgXSPPLMFuF9Lx5DX3QdNoVYpUqZvG4AAZoB,0,ok,79.713,95.022,97.509,98.914,0.6441,20,1,0,0,0,9
EThtLy2XCDzskfA1GcHCvbQDQHr4CudVU45LRWpv52my,1,ok,31.464,44.181,59.824,90.708,0.11747,20,0,0,0,0,8
EVcLppxi4vF3ah3Gc5qppFtmnoSNtAkDRWqJUqvmNJcN,0,ok,15.427,49.04,59.952,73.471,0.06624,20,0,0,0,0,8
EUcAW8ZfTGEFj9RA1YJxiqvchgVgthDGKr1LTSXmsYpf,1,ok,21.499,56.096,70.345,80.768,0.08413,20,0,0,0,0,9
EWQPEuiaZWv8TXSMsw8pfYvn5uQP1S2HzEvPxJMTroLb,0,ok,86.002,89.681,92.155,94.204,0.74016,20,0,0,0,0,9
EVRvLT2Wd7F8EgHdD3iDq3ETZotgPrW3vs9yQoejGrdZ,1,ok,95.76,99.662,99.951,100.0,0.91826,20,1,0,0,0,5
EXNtu1598RCwTonfCBDMhuZ2Jgjr62LVHUcDW2KrKuHZ,0,ok,71.002,85.769,90.943,94.93,0.5112,20,0,0,0,0,8
EWAPQyjJ1ZxhKdqjFoFrX12Lde5xDvWXvfJjzWCx1dmZ,1,ok,71.275,99.998,100.0,100.0,0.55305,20,1,0,0,0,6
EYKcjpfwFiGUupmZCoT4UYnuefKMTZYqSP8rtLZqorih,0,ok,94.679,98.389,98.995,99.661,0.89699,20,0,0,0,0,9
EX6fdkGb6ZskP4m5xUUa3Z9uDQNb5qDjkSnZ7A5uoUXn,1,ok,95.861,100.0,100.0,100.0,0.91969,20,1,1,0,0,6
EYwekqw9wncwxwAD8tq3khcko17XN2eUYayM1xWCpump,0,ok,92.286,94.539,96.099,97.91,0.85189,20,0,0,0,0,6
EY8mn9NHZHhE4y1peMJMV2r423KxJEaawDDvpnEBcJEy,1,ok,60.77,87.263,97.464,99.961,0.39549,20,0,0,0,0,9
EZusuwKDpi4hX1NFqpi74JZTFa3sq5D67vDtLzHS7qhZ,0,ok,95.929,98.477,99.524,100.0,0.92046,20,0,0,0,0,9
EZGKA1LdCH18nuXMwYppJtxG9JxL5KHSV8TBpuREDqiQ,1,ok,90.225,96.775,98.121,99.063,0.81554,20,0,0,0,0,6
EaoaGA29T4BqYnomvzvriYMq1gah4ruPVx4xBFVmAENQ,0,ok,76.683,81.308,85.348,90.104,0.58916,20,0,0,0,0,8
EaCrLbuw5cmBn2MmJuwRE4PAdYZiba7KGGntWYr9DwoA,1,ok,89.951,99.404,99.716,99.922,0.81692,20,0,0,0,0,0
EbZyvKoeGR8CMtFsox4XNdMNkJtPrEA4JyHhJ19VDvqz,0,ok,91.195,95.202,96.631,98.035,0.83232,20,0,0,0,0,5
Eb1cWB2bJ92MzizFdX4qGYPecRfrhCa1i7kbobvVp7Xn,1,ok,91.5,100.0,100.0,100.0,0.84445,20,0,0,0,0,9
EchesyfXePKdLtoiZSL8pBe8Myagyy8ZRqsACNCFGnvp,0,ok,25.181,67.041,81.822,92.5,0.11947,20,0,0,0,0,6
EbsemRUkidn1b2VZiEnepSEYT9dH87Fm1dALpuw3LaCF,1,ok,99.795,100.0,100.0,100.0,0.9959,6,1,1,0,0,6
EdemxjodDCT7qAfUHean215Kqag5MKAHr9HwvHGCWB9W,0,ok,7.292,32.549,50.148,70.124,0.032,20,1,1,0,0,5
EdAUnK3bq2aXJz86HfxQueZGWdy52PBWG6Kwg7Szpg2w,1,ok,98.304,100.0,100.0,100.0,0.96663,10,0,0,0,0,9
EeYhcd2QPPjgC4fV4h2sm4kFT4xb3FFRo3sQy7AatPUf,0,ok,93.515,95.314,96.601,97.979,0.87464,20,0,0,0,0,6
Ee8oRAAoK762ykyBxp2F5qmJRmr1fFM5ReK17foUAJDc,1,ok,99.954,100.0,100.0,100.0,0.99907,20,1,0,0,0,1
EffQZReGmKomSPER71F3KDjHWFJ6a1wtwfEUCqboVPfW,0,ok,76.082,86.692,88.987,91.824,0.58506,20,0,0,0,0,6
EeqRs6TdbnVks9ZMC7W8Y2YU3THMXdeKUcN2vJqG2kYR,1,ok,98.806,99.098,99.354,99.657,0.97627,20,0,0,0,0,6
EgVcnD826XFAW49teUQvL6k5njCX7pxuRzKFmg7prMRn,0,ok,57.128,98.17,99.898,100.0,0.43233,20,0,0,0,0,3
Eg6dpMZ7YypXhxQaUkyNujBsw4m5FzXBk7FSA3pL9n5C,1,ok,66.755,99.784,100.0,100.0,0.52838,17,0,1,0,0,6
EhkDgP8e5sz16AFCWUCYJzVug1zvpDLTEHxH4WAFpBFA,0,ok,29.353,35.237,41.221,51.567,0.08884,20,0,0,0,0,5
EhGyC3CCQ8xW1V2rz1w1HENCaSrEa7B59DiiPMrpump,1,ok,97.676,99.183,99.572,99.908,0.95418,20,0,0,0,0,6
EioMYbMgJ939agyMGehfiQYoYqLLPFFRtAyj3UMhtR4D,0,ok,80.442,99.906,99.996,100.0,0.66467,20,0,0,0,0,9
EiAyn7i69LgmMcN9gc1YmPgjvMkv4WJm7JFSQZwt2rF,1,ok,83.74,97.075,98.544,99.403,0.71208,20,0,0,0,0,7
EjmDTt8G3T725eFSV7oWmGD8J848guo3LZ1EB3RfwGSw,0,ok,26.588,35.245,42.567,52.893,0.07473,20,0,0,0,0,9
EiwozixmJnyDJUDSH4TSye4yDeso9Dvrx98vyaxRUdWP,1,ok,98.122,100.0,100.0,100.0,0.96296,20,0,0,0,0,6
EkZ7KAfr9rSBfsBRHXBNkfxVu6QL89VsJZjUS3FBtHMv,0,ok,32.429,89.022,100.0,100.0,0.19414,20,1,1,0,0,6
EjjgXW7cyhztXdnSsQMimrM2jrCRvZQKMqYKcHLk1avZ,1,ok,83.347,99.894,99.999,100.0,0.70906,20,0,0,0,0,9
Em9zr2tgSmGgRbz3kxyQeRXjRi9oc13wMu6cKam4zWFW,0,ok,58.307,72.917,78.49,83.906,0.34913,20,0,0,0,0,6
Ekgk93TYqxKdUrbWbK5t6YSqxHD9oLuGGVDEYdKnVB8E,1,ok,99.9,99.997,100.0,100.0,0.99799,14,0,0,0,0,6
EnF58efttWMJdvcueNVTsthsek8WycZbGwnvjqErpump,0,ok,93.265,97.806,98.691,99.412,0.87051,20,0,0,0,0,6
EmgjERMuZD7ozvHRyUWHNGr6E5vWyLkkVQk7Zv3V7RnW,1,ok,98.919,99.977,99.994,99.999,0.97856,20,0,0,0,0,8
Eoftcce1q1ueuXU46zzRVuxcRaVFQtSR1uvSE5df8tg3,0,ok,79.935,100.0,100.0,100.0,0.64945,20,1,1,0,0,6
EnH4JEqqzD9gYHkAkBDBy8Tjx9YHhfXHuYQeYjZi1v8g,1,ok,9.004,24.494,36.737,53.77,0.02121,20,0,0,0,0,9
EpPtathNtBLh4Xn6vJxoaekRpCfhNK4sDhqiaDJfEQ8R,0,ok,65.504,76.286,84.72,90.498,0.43389,20,0,0,0,0,6
EoRjJMmJmZ6u3RJ4g9dhNHVZ5wpYUzJQCUNzjLfKZ4HL,1,ok,26.504,91.992,100.0,100.0,0.19536,20,1,1,0,0,6
Eq83UwKh5P7RLFhwEg3DRT8ZxNybSCPu7NVHW27E7Xmx,0,ok,88.212,93.514,94.638,95.983,0.77978,20,0,0,0,0,9
EphmxhQwGYtC3qMBLjywoF7PcCp6XnbBhUVLzz966UR7,1,ok,89.666,99.998,99.999,100.0,0.81424,20,0,0,0,0,6
Eqpzipvwv8iptjvm91rebVv1g143czCykL6uKVZypump,0,ok,96.535,98.423,99.009,99.565,0.93201,20,0,0,0,0,6
