mint,label,pool,reached_start,total_tx_seen,lifetime_h,first_gap_s,n_tx_10m,n_slots_10m,max_per_slot_10m,err_rate_10m,active_min_10m,n_tx_1h,n_slots_1h,max_per_slot_1h,err_rate_1h,active_min_1h,n_tx_6h,n_slots_6h,max_per_slot_6h,err_rate_6h,active_min_6h,n_tx_24h,n_slots_24h,max_per_slot_24h,err_rate_24h,active_min_24h
123yP1S39uv8EdfA3oJMRw4X7QNhPbsfPQC2DwJxLqbi,1,CcHZi5SbEuyHAZqLeMitkRGRYdRb3wU5wzeJx3dE4ZU7,1,84,14887.959,39,13,13,1,0.0,8,21,21,1,0.0,13,34,34,1,0.0,22,34,34,1,0.0,22
11UWkTuhDK4wkzJzpYu7WnztNcwocNVZFPxVyhEpump,0,EaYz5x7wbAtt1RWV4YX4oUTu6YVeSgx8jff9BdSaW1z1,1,729,14216.433,63,4,4,1,0.0,3,77,48,11,0.8312,15,537,271,11,0.8696,58,720,394,11,0.8306,104
12fhde7Sur7DBXwCjKRbfR9H3fAsc1MKHMdqaEnqa1kf,1,7m8ud24nECVthr7xSHNsWAh1e8P11gCCb6U7JaS6Kyhp,0,15000,,,,,,,,,,,,,,,,,,,,,,
12Xzs3mXthpCZHc5wd6KN8aFBAbrzN2jZuCPMq2mi77B,0,2vHPjydfmyXXN1yDGn1BrvyKk9rpduxQq8PTZb1NEhka,0,15000,,,,,,,,,,,,,,,,,,,,,,
13ZJyctFnbGcPeqtPujZ8BEQq6yKZ4h2KWS6eauD29h4,1,FU1wPqzJprqpMBhRMbEMeaKmxBGmMuYUz2nYwVQeagHe,1,1126,24533.11,1,24,4,14,0.9583,3,24,4,14,0.9583,3,1074,777,65,0.4413,164,1100,803,65,0.4345,189
13mDz2buSTfEeum6XhTCBCx2aToq84XZQbL631N4FS5f,0,9s41RoZSthXGMkvjpGcoH7JNk9sHAwsHbPEK4f11rejE,1,12814,20436.369,0,1117,552,13,0.6168,11,4089,2725,13,0.2563,61,12478,8909,13,0.1948,230,12599,9018,13,0.1937,304
14WgmYoWB3ord3kNKfqozb8RjyuYtaE26BRF7Zcss6uk,1,6b4tMNFpS66QJHprAznZq3KWy69ytzE4i7jkvdVccsSu,1,16,15693.968,104,5,5,1,0.0,4,8,8,1,0.0,7,8,8,1,0.0,7,8,8,1,0.0,7
14pFLh6Cqcp4mkU8YmZvRas7JF5khDJfuTKdcMvJXT4d,0,G5uvRzdEUGMKZiQpkGeAGaABnvHXxstUYZSnRABoncwy,1,626,8131.748,4,4,4,1,0.75,2,602,238,18,0.5515,16,613,243,18,0.5579,18,619,248,18,0.559,22
1SSBwC8hxB4GXzKKU4ENNpST7zgpTmucDe9NoAopWXX,1,66ruKUbWdJyZwBgDMkjeoBYCjY9yfkibbXaTGwbENHsS,1,1415,31799.542,3,10,8,3,0.9,2,13,11,3,0.6923,5,435,424,3,0.5379,149,731,719,3,0.4186,339
1jcCHdraURCKJZkNAPgKFqQAiJzssCzEiXjzoMkxLBo,0,ATBJRJKRb2scNtxiW7BwPkGSkSep6A37mxigUNXcP6iu,1,383,8762.792,1015,1,1,1,0.0,1,348,194,26,0.408,30,365,206,26,0.4082,39,366,207,26,0.4071,40
218zQjzBFXQ4HovbrhtMMUK8BwBXWTVN16y4LkFiW5ht,1,BraUd6jafjZaeQ1QZkgKSqHQiu5s2S93jbSMX51iYvYu,1,35,15750.68,38,4,4,1,0.0,3,19,18,2,0.0,15,29,28,2,0.0,24,29,28,2,0.0,24
2228n1BPZuuEdtm36mie5DtftZoqVGKXDKnqzG58pump,0,6LWFeP7GXRt2DmCX7Kto25h44BXU3VH3RZkkz61iNAzA,1,24,13846.871,60,8,8,1,0.375,4,18,17,2,0.5,6,18,17,2,0.5,6,18,17,2,0.5,6
223rLjkQ2Z985NrXJmFYtw7FEdNwsbqPHTLMEZodhsNF,1,Acic56bE7B2w423jdm1823ixmUUucWdf8534Dzq8MxgX,1,13,14541.037,93,4,4,1,0.0,4,4,4,1,0.0,4,6,6,1,0.0,6,6,6,1,0.0,6
22yDK1KQMmWh5mU5JD9XiFMKBnpt1DVoWfPYcDs8dd3f,0,HPvMv19KUbr3pGa4vJCS89gEnvaS1DYfScWkhVEYE8oQ,1,55,16953.269,103,12,9,3,0.5833,3,29,26,3,0.3793,15,45,37,5,0.4667,21,47,39,5,0.4468,23
23GVdLP8KxpKSUUR6BVz9cptUYYn6rgSwTiAjckJuMbF,1,3YQ8JzQSGe8ciZB7QY3apT8MArBrif7GEtrZXiXcLJba,1,4635,5743.717,3,3162,468,311,0.895,11,4118,1143,311,0.8339,40,4500,1189,311,0.8407,47,4501,1190,311,0.8405,48
24a1k6wSDQUSwoRXJyvkr25kF5do8f6Ddff6A2fTc1pM,0,FcJni2ZpCGTWX8qkQkUXfkN5HzqFyGYJg7SLRSne7dzJ,1,1376,23502.335,303,3,3,1,0.0,2,3,3,1,0.0,2,3,3,1,0.0,2,3,3,1,0.0,2
24LZN9xZDuykKD5PdLYKiecSyAVX4UUQQunBsoBa5Qyd,1,4tGMDkj3zXv5LVN17ZAfRQMCjYmLBepGVUnn8YYw2H5y,0,15000,,,,,,,,,,,,,,,,,,,,,,
25f4SEFpExeZTmorMvDi7zWAx9h2zxM7Q7SgkSra9mYz,0,7oPuSp3P9b41CmsTtsZ1F8cAWB5cEL5sFraKHmNKUUtB,1,322,10177.433,42901,1,1,1,0.0,1,1,1,1,0.0,1,1,1,1,0.0,1,308,262,4,0.6916,46
256WDysVG4P6GYUqDDnoLdyEGrzqim1B4Py5Uaof8Ms1,1,711EDexgLUAATX6UJ5QvxxjkV1GtKXji2ydRGHM5wY98,1,4378,19188.108,6,3499,706,36,0.9791,11,3836,843,36,0.9481,27,4061,1062,36,0.901,134,4193,1182,36,0.876,223
26MhAs1izhQDbTZTKLCd38SPB5KUdY1HgTuwFdyBpump,0,E1PZYZ7shHFsRrXDyGVWxpHViKds5ixmQifBpFWQaADr,1,30,15645.672,225,11,9,2,0.7273,4,25,19,4,0.72,9,25,19,4,0.72,9,25,19,4,0.72,9
25yPcyqSpSv8T2JWyoKKRiU622Sr7LoMk9S3FmuBFt8S,1,sHoRQFTFYkAgGQiEdciNDVkmJaG1So1xWLXrF9kMQdb,1,8727,33702.5,1,32,25,3,0.4688,10,44,37,3,0.3636,22,57,50,3,0.3158,33,75,68,3,0.2933,50
275gHC7WqaeccZSHJ86mjPYzrKzmTVTXjWeHgttjpump,0,ERr5NW62evmBGg33as3HTgnV3yDKk2K13H8od6z4Tzsd,1,1175,13812.267,85,89,71,5,0.5843,10,860,483,30,0.8186,44,1167,756,30,0.7421,154,1169,758,30,0.7408,156
277weWTiKSc3uRk1B4zMqiib2AXnuisUDFCXVWXUC6a7,1,BFuJNJ9BdDA4eWvNnHYoU2NaUKqq2YonvNGHKW4NtnJb,1,476,11379.009,131,396,25,56,0.9596,4,447,47,56,0.9485,10,454,49,56,0.9471,11,454,49,56,0.9471,11
289W7Wmn7Sv96jDNjFcyh42WuV55MdqEsmQ2By5Qpump,0,HXa1pdSWrdMYMMW7niVLkA4TQvDZ8TKRqmdJtdN2nMrY,1,2744,16085.696,1,725,436,20,0.2207,11,1361,980,20,0.1954,59,1505,1110,20,0.1834,136,1681,1264,20,0.1707,257
28ER9oWz6w8bweHxAwhm1mio4m6z34L5pbtK9WTcBxmm,1,AzqbJs35c4phRMhaRa7XZ7hdbonQqfU6Vg8DVLYA9aHb,1,1487,58.679,1,1056,309,29,0.7983,9,1472,406,29,0.5822,16,1475,409,29,0.5817,18,1485,419,29,0.5838,27
28wq1Tt6Xtzh9HJ1q4pWLHJnge2aNfsw5c81PinN9b5C,0,q788YGzPSEwitwbNmHWDp1NPXp1SUqRCStWwh5Y5fsj,1,6853,18079.841,1,1562,186,112,0.9437,10,1592,212,112,0.9372,20,1643,258,112,0.9124,54,1694,309,112,0.8872,100
29Fy8aZ9fk4aJT599wdus2rcQhs5L4sFoGLrpHNsrgxJ,1,7Ym3MKvjmDxceAjS7qzVGnxwzhN2ypnR9thT7HsWBfq5,1,14829,19376.445,0,6099,1138,76,0.9198,11,11499,4184,76,0.6368,61,14235,6243,76,0.5682,315,14598,6557,76,0.5593,502
29bPiMik3DsmaCgSDstHusWtvkMttuZABgqGZS9Epump,0,Ahd4kP71wYcRyAPU2V1JdWhbbRVMY87CE4KPjfTEVC3C,0,15000,,,,,,,,,,,,,,,,,,,,,,
2ADp9RV8wqEgQTzZ6CjbCAAA4MpvyioCzVJ3jBhCpump,1,CKRpS5zFTcKbQkJpRJ6op4cYS2tj11Te9YBXv6bhMUG9,1,2289,4117.172,0,939,496,23,0.0224,11,2274,1159,46,0.2845,31,2278,1163,46,0.284,35,2280,1165,46,0.2838,36
2B4dZwaNRdRkkDoAA1mJd5cvTFrP2VnqcwvGfoLVpump,0,E6RoZKdjrZURonqSXU6r5VUV8GgGep8oZDvqcLEdn6Ww,1,869,15976.007,62195,1,1,1,0.0,1,1,1,1,0.0,1,1,1,1,0.0,1,292,248,5,0.4897,114
2BEdvDmMvkzzBGSXpJkinq37X2fUkKbyKuowq6XAGt27,1,DwT13w3QMUw62EK8y7ngzuw8C4xdf4RQr5udsAh3dVhF,0,15000,,,,,,,,,,,,,,,,,,,,,,
2Bu9X3qVimc7LGBnc1bZQkLtXWFgnPdTdu79fqqdu5V4,0,8i5xrn7tbmV8UM8aTCU1QtNimxVUEHEsn7rX8KbSxVJU,0,15000,,,,,,,,,,,,,,,,,,,,,,
2D1uvMNh5FgjDyuTvhfwdD9ALZPoDNBqzr9f6k8sFhAx,1,6ofve3aLKsVpA5yw2bPy5HyUgMAJREecMosf9DfhJYyh,1,2146,8232.136,81,7,7,1,0.8571,6,2125,355,169,0.8273,21,2125,355,169,0.8273,21,2125,355,169,0.8273,21
2DZGTcRTe43xmmXqTDNCWELkG3AYSq6QZyhiAv2F9yNq,0,B5VrvEPQNV5BrZMFgy1YtP6ZzUaX62wnVCRac2KVrjzZ,0,15000,,,,,,,,,,,,,,,,,,,,,,
2DwDk3zYpPTGLJh1orywMS2MirpDrHj7GeHQP8Cj4LrK,1,FLJo5ELdYkbSA7V9eGZ8qjruFMb2XhxA5dCFKNPK8BJz,0,15000,,,,,,,,,,,,,,,,,,,,,,
2Eb2d8QA2z1YQG7JGPxfwr7Si3HxmFTGxihDkCTyzbSo,0,AcbmD3F4WA7v3MmMVR2vNDQRdLWvto1oCw8SvZ5jpQdP,0,15000,,,,,,,,,,,,,,,,,,,,,,
2FLDXgNLwffZgMGvPBLc4ABS2Z3MhWXK4EjnvUGW6sZi,1,7ZwcbQCjKzxRLgyTeTSXErrvmaiaQy9uJb9umEccBKa7,1,728,16573.632,1,194,135,31,0.0979,11,446,370,31,0.1121,58,600,523,31,0.09,151,649,572,31,0.0847,194
2FTwT1MYmAeUhCZaVkxBVcqBL86K8Hgdx7NAmM99eUow,0,FG7P1sFTXj3Lw5GpxmmThzT9Zq1NvqakZMSV1G5bmrDM,0,15000,,,,,,,,,,,,,,,,,,,,,,
2GTEst8DRuE4Zb8rF7zvLznJz95MAucQ1eUngXgDGiwK,1,G9A1RKuNznf7dJpzcCoHgwx1gW5yFF55wqQ5TdBoeF2,0,15000,,,,,,,,,,,,,,,,,,,,,,
2GMEDWxPhdBicySMjUky49UHgXutxQ8SJjWyrcKPpump,0,F86ZSPuopNYPcTmkfFcUuedbpH347JTnGWEiEHF6xgXs,1,2257,13753.464,26,22,21,2,0.4545,9,32,30,2,0.4688,12,153,115,7,0.6732,44,673,489,8,0.6865,162
2HgTaR757aYPj1gbYykZpEPdhjHVu1fisdFBiLsXswAf,1,8S8yXvySnq8MUSiHCy87CBA3ZW34uZN5SxUpGiCfzZeU,1,13936,6451.89,82,2074,416,22,0.04,10,9897,2407,27,0.0092,60,13647,3393,27,0.0618,85,13683,3412,27,0.0634,91
2HKQa8VwWK8C6VnJeUp4GePY3YgtXCbRxNZnuFtnLnJ6,0,ugu5E9pZyvUSpxnhH92aB1RbaEKh1RDV7qy2j4oQkso,0,15000,,,,,,,,,,,,,,,,,,,,,,
2JtKb28ZZ747q6vuEurcRCuCkSiAa6iMJVTzdGT7PCCF,1,ExA1kCL37NPjrdoHP2jH7nk2h4rf9PRWEJPwVPExsCm5,1,12121,3679.835,0,6109,1211,37,1.0,11,11557,3330,37,0.9819,61,11785,3525,37,0.9629,203,11908,3586,37,0.9625,214
2J5uSgqgarWoh7QDBmHSDA3d7UbfBKDZsdy1ypTSpump,0,41pDehJrubics7Ah19SN8E3UqQNWB2ivLZuXEnTiJKco,1,74,16787.684,255,23,14,7,0.6522,4,56,44,7,0.4643,14,68,50,7,0.5588,16,68,50,7,0.5588,16
2KpNqQneeCxKxj7JeKWfvLYX3KP1CMu3TZfeapddYwtU,1,6QG3yRbWHnsDpYjm2eMrh9zdv1zKeQacs37rGQEjsT88,1,2301,5547.383,1,1327,584,21,0.6654,11,2212,1112,21,0.4941,37,2219,1119,21,0.4948,44,2228,1128,21,0.4951,49
2KWx4HPrSHXtdzHYgsdJBEhZuap9433mGn6Lv6Szpump,0,7AUXmp8kj638bU5NRnLMTqZnmdAy4TV2HBGXfZUPX5Zr,1,305,16696.406,28,126,83,14,0.6667,10,297,177,14,0.734,22,298,178,14,0.7315,23,298,178,14,0.7315,23
2LdAXe3mVZZAKPFNjkYp5ZudQXadgpuAASpx7ivGmXSY,1,B4ZuzB4LLh7ktA5ZW3mVMFgUKgcrcPCC5RCbWmbVC1Mn,1,5888,8075.512,0,5233,650,205,0.9671,11,5422,763,205,0.9567,44,5526,863,205,0.9443,100,5753,1055,205,0.9176,230
2LWukANhw6dX9CTezsfMLEG3cNujhzqzgMK6pKhHpump,0,Effub2NM1FZe4AG2FHEPEtkJ9N68qBvS4udZvTr6Wyz9,1,671,16008.544,49,254,154,7,0.7205,11,662,387,12,0.7976,44,662,387,12,0.7976,44,662,387,12,0.7976,44
2MtZwWpgSShBCNZvsSHgzsg6pcnyeB5369EA8H5q5t73,1,2hHg6Wby55Ec6xqjr4apeNUbFBwPBLhTQV84t12dw6Cs,0,15000,,,,,,,,,,,,,,,,,,,,,,
2MQAtTdvcCJmdd5xdyAREZUsPYerWX1XSur5nFuVpump,0,5oiHmVsGKXjxu32gyYSCH2hGQnL59oeuvuQC3MBfmZyq,1,545,4524.91,1,91,28,15,0.4505,4,104,32,15,0.5,8,109,37,15,0.4771,13,273,116,15,0.2161,38
2P68w6AU5gB1m5tKUU7XrG99oehGyStA1dCcbTXuDHo4,1,BbUcmKiXCz9dhQ3RR2Qv4x4RgQEEfXE8XoNLxJDVqSLs,1,6343,7544.744,0,5507,566,127,0.9889,8,6305,1088,127,0.9523,31,6313,1096,127,0.9512,37,6323,1106,127,0.9497,44
2NVghefqf3M2WHJGd2opN6jVCa24yCXhsR2V1YmUkt3U,0,74NA3mycTZN3PHe8bigJk1xxwQY9JL8yesPeAdE7y3o4,0,15000,,,,,,,,,,,,,,,,,,,,,,
2Q88DmD6pdEFbhozxmPiWVwxFSfYGEsFdMNyh4XT2jpW,1,AzUkzScNDkWxKvku4y48QCZ5dneWiQZZRVdQP5Y7w1pX,0,15000,,,,,,,,,,,,,,,,,,,,,,
2PaCt7G3L1Q2UoiSfRKDbREvM9RTticm4iEMXtJUoyPQ,0,ArzxF8dHHsUpSKxw3VhHUc7voyLbAYrfJ1jBcBX9iM4k,1,42,14745.406,1071,1,1,1,0.0,1,11,10,2,0.3636,5,23,22,2,0.1739,16,35,34,2,0.1143,28
2RApkeZ7e58PFs2EG7gFsuH5uPtQ7oPr5h9JrFiRA253,1,6NoF79dGaume4KgN6nRH3jTZ2ArTRo8g6ZSE5TnKNV4u,1,937,7769.717,5,323,66,20,0.8669,7,908,329,20,0.8722,19,916,337,20,0.8723,23,925,346,20,0.8638,32
2QZ37M2shSm5Kkg78ndq9BiXiSwCu16fmmoKD61VYYv5,0,GkXXRmZKwpmYxfbLUBf2RdiQUdD1RhBH8D2cXFUFY69m,1,9521,18676.761,1,997,274,46,0.7442,11,5145,1817,46,0.4692,61,5476,2057,46,0.4569,145,8658,3131,46,0.4593,316
2SLk7TyBrZyoEsWqvtMY91Co3HFvucfGhdAAK49hpump,1,ANPPhDG5USf4VveH9qWarDYp6TVgGk7GBwRB6f7Zsr1K,1,1747,16569.143,90,153,115,7,0.5621,9,1633,915,39,0.6871,52,1734,987,39,0.6805,57,1734,987,39,0.6805,57
2RuaDUgeHV28Y5eNmAWFsxZgPjrCLwE9DjWy2TXxjZ99,0,GnV6D3aLAcvBAxkpbRKGMwox9o3SpSJwX4VKzutD6y1u,1,2089,31470.447,0,50,29,7,0.74,8,63,40,7,0.6349,18,385,267,7,0.6831,91,994,726,8,0.5835,247
2TDP4BUfsT8vopYqwvpnED8T65QgFbMa6fHeKx7mquS4,1,3K3jENCkmpUwKPf8xEqrG7gCvYuGyo3EKEB6WKFGry7K,1,3751,36.951,0,2168,860,21,1.0,11,2187,868,21,1.0,11,3747,1544,21,0.9376,64,3747,1544,21,0.9376,64
2T8VzQDbvqyUE6yXf6UoP4WNLsBmkGB1nQZkeegcpump,0,9MuNpCkRDJffZa9UxYPVj2NiudYxGo4pdByDQKM9V3A7,1,294,16246.86,39,57,40,4,0.7193,10,254,180,12,0.7402,46,281,203,12,0.7295,57,281,203,12,0.7295,57
2U9zSd3LJvoYdNs1G85eufq8F7Wt1jawokVBTPxAuF57,1,BRD6uzBDc2Yy5SoDfdoKmX24Awfu6aqUN6ezFBWBaMjT,1,8,14776.16,14,3,3,1,0.0,2,3,3,1,0.0,2,3,3,1,0.0,2,3,3,1,0.0,2
2TnxSM3Rub7cz5pLAzZ5BgXpPxmcPSawn1hS5PoGpump,0,DKJvoigEG3AcDndxH7w3ih5m9ywDzPCJHpyeYon9Zch8,1,77,13449.119,29,45,24,9,0.7556,7,72,46,9,0.6528,14,72,46,9,0.6528,14,72,46,9,0.6528,14
2V7L7fPq7Y8G42hrCZ8RYrRPDPAQMuQpuNNebUKUTuXB,1,7QFcishfBR2FuNgfdjJVePiNPbHje43Xs3hg2GW1ko12,1,3916,6833.267,0,2445,664,12,1.0,8,2901,843,12,0.971,20,2944,867,12,0.9691,25,3907,1546,25,0.9593,71
2URMNdncyCuLD4djrMR7amjDVf5pQbk3H8z9zG3R3gKb,0,4qvDUt6KNjh9dHZNRurrvbj1pXSZcCMbHyMrZdsdTf9H,0,15000,,,,,,,,,,,,,,,,,,,,,,
2Va7TEcENnAHi71ZrnxPRhGnjNGVED4qs2nQKaxCQ9Xc,1,Ge31zkNJRtF6Yo6tf6HHSXyWDwZ9Q1iYRgksYSAEZrNR,0,15000,,,,,,,,,,,,,,,,,,,,,,
2VU3VPAyKtF73wRGQ725U58XzzhRfkHzU3Wqsq8Pu1d1,0,BeZUeRztgjdqZBcJo3YnPtMAcE7bPxXExkn5j89fUwnq,0,15000,,,,,,,,,,,,,,,,,,,,,,
2WuHDANnd3Cu9U3myTe94MFyLqRTnTrnbjHD7KBeXqoR,1,Aevw1C63haFP8YfSQv1W8eG8yV1GVaHCeSeTmHGHzzKq,1,171,26235.027,111,37,35,2,0.1622,9,109,101,3,0.3119,25,111,103,3,0.3063,27,115,107,3,0.2957,31
2WSv3UgCuhd3Pzkak22fL5hUqkiT3mau8eM3Daerpump,0,49X4T7EduPpRWWJxD241DdHBgeUkQ1Aax1hEiiyCRvLa,0,15000,,,,,,,,,,,,,,,,,,,,,,
2XnUMLpFVNK3cvuDKFePwCHjmMGv4TdQXXb7m1BwGgZo,1,9C2xkx3bTLLXiNviy9j4kjYVRrKPyYbViwfnidPhunYE,1,273,15053.337,124,36,31,2,0.8056,9,154,130,4,0.7078,33,268,177,15,0.709,48,268,177,15,0.709,48
2XFyjCNQLqDUhMo4GtfjGvMdB5xpAdA59ZqyvE7QPUmp,0,741z8rRogd752skXxKRQvn2YH2ukQxHP2AMBZCsUfcE9,1,1585,14900.315,13,39,35,2,0.5385,9,303,254,4,0.6403,46,896,719,9,0.6239,178,1402,1010,12,0.6476,276
2YiCV4ErrJkKhZvTSW8hmmm2zAW7Ptojdi1RU52CTcEA,1,FmEjCs57gCLkcFGVQWzPvLJw512m3guGYvLyTFrHnNQN,1,2044,5981.257,0,657,368,14,0.8874,9,893,497,14,0.8757,19,1216,649,14,0.8092,31,1922,1008,14,0.8637,74
2YR72Qtd4Z4odM9TNXLbdJRCsyYQj13p7FcfNBR8pump,0,Cs4bvSi1JT2XgzpxTDHApmty7oFB7dEQP7GM1zkztkMu,1,423,14205.096,51,79,64,3,0.7089,11,326,270,5,0.7454,55,415,349,5,0.6964,81,415,349,5,0.6964,81
2ZpSuvaUYt1fedtCQ9GkJFuxqZG66moVPEgtWT7Puwr1,1,9ftz61TbgNWEfScb4GHvEb7DEEyZnR1CdtNdHfHDGZ41,1,121,4507.84,58,33,10,13,0.8182,4,63,40,13,0.4286,22,71,48,13,0.3803,29,71,48,13,0.3803,29
2ZZaE2gNQSPZLEFiNzBewgQhj3wGpx4oDzuAawh4DHBB,0,9pbedJCd1mLxZAkjEyicajjgwXJXcM4sWXENVLpsJjZD,1,7745,5696.185,16450,1,1,1,0.0,1,1,1,1,0.0,1,15,14,2,0.6,6,238,182,6,0.8782,36
2bJqYB2Fyfci1XyhXGxKBDLBBRARu4MXouajLYBpyMLP,1,FnDfQZ8RRKno8UTASJTNz2jYiHMQ2KnEDcDPQHau6iXT,1,9952,2328.921,0,6729,1120,43,0.9999,11,9879,1678,93,0.9889,25,9901,1698,93,0.9883,34,9925,1720,93,0.988,48
2aZGrXhBbWmeeEKR9R3uUBQFjiHbo6i3MPyk4JkGehiF,0,EeFzNLkAUQdT9CzDx8KkB11z3dnBXMj5GxUPcAsG8MM1,1,1594,2119.285,2,91,55,11,0.3846,10,129,89,11,0.3023,33,358,297,11,0.1145,156,1179,1074,11,0.0416,585
2cMfaPNGWxYWpqfVTAXB7dtBuHnq5z6pDrpGKMCuJo3Z,1,3Xy7QaHJm5ijABZt6qqbx4DKwvK8e6pNw7HjvAieKE8Z,1,3400,15504.962,0,2622,578,53,0.9443,10,2668,618,53,0.9295,29,2935,841,53,0.8651,108,3034,931,53,0.8484,155
2cN9KpYY8RDax7G8szsNRfZWNNNejSVTHe7SoA1ipump,0,D5grAT3mxHYEzLwdn1AtkVTjrZMpW7vjLaJjHzfA7MrU,1,1349,13769.582,74,6,6,1,0.0,4,8,8,1,0.0,5,73,65,3,0.4932,30,422,304,8,0.6256,104
2dMKWJq3TwiVdsHo2St1bJxXFyLocTCYyeVdWxLqQYtt,1,3JwcV1dYpUDkCjY2Lc75fyB1deJiPGZWgZ1HByz5b4jD,1,5140,17798.091,10,3,3,1,0.0,2,2192,847,28,0.8549,40,5055,2047,30,0.8208,143,5091,2083,30,0.8158,176
2eB9uG2eBwcBDuccHjDv8kM3fwMYYaTfnTqC8dYzKbSy,0,6RNGRrX2cRk8pidBf3zH4fpPius6ZLr7Nhz8QdG3eptq,0,15000,,,,,,,,,,,,,,,,,,,,,,
2eN9kz6fd7fVBFVP7rgE6QVWpYToXMaL468AMrhBoQMM,1,8bNP2x5R6182sF7Uqr6k1Zn26wnJDb8RFqeyamcs7CSc,0,15000,,,,,,,,,,,,,,,,,,,,,,
2ez1pFrqmsXa4688qMQezgxGq7cDWhKPebJTHPSdUXDY,0,FM329Vua4spt9zQupBp3Sd8VP42DHzc9195K8JJ4bCWc,1,8205,18083.899,1467,1,1,1,0.0,1,827,514,10,0.8343,35,5532,3736,11,0.8373,284,8193,5821,11,0.8506,530
2f1xPMPgLuq5jwSMDnHrug1cH4uQQjojbNaVBUpS8ZRF,1,4cKBQY7TRnY7Aoy4t7mDqN9p7XQ6j3dHkiPrCbyq9wYL,1,3699,7985.322,0,2810,1022,12,1.0,11,2960,1111,12,1.0,13,2960,1111,12,1.0,13,3678,1350,34,0.9407,124
2g1ikRgMiosqMJDTrTfp2BQ6nJww3eE2GqL5EUcKveb1,0,6FHSPRjDEYFUPqZfveTB7TGB8Zteogj77fPWtUbx4N6r,1,8026,4849.658,0,239,92,54,0.7406,10,903,667,54,0.4352,60,3292,2892,54,0.2667,354,7069,6278,130,0.2319,1088
2fgYu8vYZhvVsocNM4y4HcrZCCPXYcoo8mZof5hJ3miw,1,EccDHEaV7rU41CxZx1Dx2h8An5V2KAYtjA3EqAz8bfDQ,1,317,24305.407,5,19,11,4,0.6842,5,22,14,4,0.6364,7,22,14,4,0.6364,7,23,15,4,0.6087,8
2hAq66QHMbpQSNAAoQa15ecAnbNKtJjJwvSZLPbfTBvo,0,8SNu9vXBKbtJ336x6KZTUqcGEeiBYWjPiMFAqufrc8vf,1,9,16145.758,8,3,3,1,0.0,1,5,5,1,0.0,3,6,6,1,0.0,4,6,6,1,0.0,4
2gfnfn8uEGVWcuhF6wFxcYPurKixL18kNHWQjn5UAbkE,1,CBKnFqb3ySBrGjmxg59ko3JXKaks8RpXHD2tiHQBfAz1,1,75,16412.779,25,10,8,2,0.4,3,68,45,13,0.5147,14,68,45,13,0.5147,14,68,45,13,0.5147,14
2inGgHUX5pBRhMTyHpSsHeSP658ofKR4i5r7G9nopDJQ,0,H4Ztv998qgNyhLPTpxF32HBy79B7wFezVte4EjCZaxEp,1,5470,18607.776,23,1075,333,53,0.5042,10,3631,1983,53,0.3145,60,4600,2770,53,0.2754,192,4674,2843,53,0.2745,251
2hfqGSRpkDkKXtp86Hk7WqwDG7DReZBCVjX7ADA9k6tC,1,G7WsP3bCAiW3ytcRLL8p88sTJV2bkSnmz3BzWNVitx2y,0,15000,,,,,,,,,,,,,,,,,,,,,,
2jTrC3QB9fzNxG2jbDFMtSjLyqk1NtdhydV3Km8zETBd,0,4xaWeTDvUGsLPe228r26rW2fsEpYbia1rT9Jc7KdkM5X,1,6,6330.35,1855,1,1,1,0.0,1,2,2,1,0.0,2,2,2,1,0.0,2,2,2,1,0.0,2
2ipCRr7wmnRRXyqwsJWQzzVNhHSLSkxZrWwB5MuQghUE,1,6rR3MjYW7S4zZV7GsPudcQ1icsnG3jFZ7ULct3k5zxsB,1,6878,6902.049,0,444,151,47,0.6622,11,3033,2012,47,0.1055,61,6867,4802,47,0.0615,141,6869,4804,47,0.0614,143
2kaRSuDcz1V1kqq1sDmP23Wy98jutHQQgr5fGDWRpump,0,6i1dqhhWgjgnWhNg9DB87fYhJnr3vcD7h7kBeMThR9Qx,0,15000,,,,,,,,,,,,,,,,,,,,,,
2jcrkSkNqBaBkxiyqZDEshDE3aMqLsaahuo1qrJQDXgC,1,4ecFhGzJwp1eeGDTQwmWXzLcy8kg1N7Sejzqc6YQXTVy,1,13927,8641.038,0,13877,181,282,0.9963,9,13900,192,282,0.9958,13,13911,199,282,0.9955,17,13913,201,282,0.9953,19
2mnGSkXH1h6x5qmhwoQzAZDKa83vnRf8wNkNWVbdv7w5,0,7H5ijbPvBqRVBoDMtJhgQetxS9e2KFikP18JrabkctAS,0,15000,,,,,,,,,,,,,,,,,,,,,,
2kvP29UfcR4dANBaVZvRapRbK2xgikbp62nZ5zDSMsG7,1,9UBKDGmomyFphtxrN8ynN9BGnfQ4sfafb9bV4FShrMn7,0,15000,,,,,,,,,,,,,,,,,,,,,,
2ndiaU8reQhzGGtf4kvPf2wNiPCgeFVkhopGdVRXNmC1,0,7bHap8paxJn3KQoEDbrczQ4FsziYdznLhzjgqQqNNYJC,0,15000,,,,,,,,,,,,,,,,,,,,,,
2n1ZCHCjKT5dB3iMR3ALdAXHghQQuW6dwNuGYnq2xMDH,1,2wiJT1DebcWVAmWa82tDBCgNWxXJtmwjMFafvN1Cwpiz,0,15000,,,,,,,,,,,,,,,,,,,,,,
2oMw96FHHz1iPVusVFjoyhvAJCMHdG5JSRoBrfL8RSfb,0,7LfRsayT3QW9WhWwFV73F2nk1D24pBDq2Ndffs8ZjvY2,1,260,8401.374,0,206,42,21,0.8689,5,236,61,21,0.8856,7,250,75,21,0.844,15,253,78,21,0.8379,17
2pngLT6YDApMFLV6uzhffDLR4aLJXTD3AenpkJNrrZZB,0,382t6ihJCjR9zxscXsJWaKCdYL5qxgVK8f1tKL4MQyPq,0,15000,,,,,,,,,,,,,,,,,,,,,,
2pDPRsmHo9rP8dYqgimEPxpAbazDjc3Cd4YQb7TH3Z5h,1,DCgQkhHmgz8rvcJY2pdzT97PGiQTumPeKPZoN8hjirVk,0,15000,,,,,,,,,,,,,,,,,,,,,,
2qX8eZXbTxFYr7QdmUtmEfxMRGHpBNX4BiA1RjsjKJ5Q,0,DBHeeVvcyi8z8ZE12nWWkkVzKAFsiis5PpkaqcLbcUhK,1,2173,15238.222,50,113,54,10,0.885,6,769,248,24,0.9103,33,1563,662,24,0.8996,102,2167,946,24,0.898,159
2qKUhaJ9Wkzv4nStkt9uPfUSHivUejtcqY1fN6s4wYJc,1,3Ta3JXdKqrdLRRXS3Qvd1SN6zzmsszBBg82v5jMsr1Ci,0,15000,,,,,,,,,,,,,,,,,,,,,,
2rEfiHYvhheH823ir8EjSi78BPHBbnrRKgcdASx15Wh2,0,BS4fteQnb41QNiWUbpZcjNnYFSorLcY36GdCPphmx3q5,1,13884,6339.151,2581,1,1,1,1.0,1,5728,513,191,0.1994,19,13781,1907,220,0.6123,78,13794,1920,220,0.6118,89
2qxFHxLhBxaKPHCCnSYujHanvhW2tp3L6kiMVbecnqbf,1,ALE79skDXGPFBP1oB5sGvUziNfy8HX2uuuwGsq66vgDC,1,12919,4297.149,0,9148,1316,58,1.0,11,12512,2252,58,0.9658,58,12833,2397,58,0.9603,70,12837,2401,58,0.96,74
2sGrkjfcp6VYBahpWLLM1Atq5j8cUffsbiGikShguygh,0,4TW6ZUwfii2zVNmJ5oxXh9gHcu1GXM27KwYZfTmdhQUF,1,2405,6672.892,14,424,210,27,0.842,11,863,474,27,0.8505,24,2403,1418,27,0.8489,122,2403,1418,27,0.8489,122
2s4usVWYom2JpmDi7RwqzWdPHKamnQ5NwqJE16NfR2FZ,1,FWkP5yQKoSqKKCpNgXv7G4UQFhstVDHeVRGF3yjv6G6F,0,15000,,,,,,,,,,,,,,,,,,,,,,
2tQcoj33f6t8V2ADi6Ecb1kanX7kHSAs1yvV4kDvpump,0,Ajw4N459m1Yd6KMg5pX9YQCsmeu3fmqgpRF1181XYDj9,1,767,16270.696,49,151,105,6,0.6225,11,657,482,6,0.653,58,754,561,6,0.6631,80,754,561,6,0.6631,80
2tBXWaHvVgJYPirMScFwbboadkA6gZFSrJ3bd34fAJac,1,6dsgQUJzvoTzPRKdxPL55vKmPEaCkEMXXVVswhKDKBDN,0,15000,,,,,,,,,,,,,,,,,,,,,,
2twniGDWiibKXDKeFUaeomAUXfcET9YdsRxst4XZf3E8,0,C8MQCeKfFvwkLyeSLLt1XCJwivcv8UKU1D8K9KbG5iJZ,1,147,16777.528,31,2,2,1,0.0,2,4,4,1,0.0,4,85,74,4,0.7412,21,137,118,4,0.6642,42
2u5bEpkZ4QeR4CcFZJKwiNgDDJnXmzRj35JCiEU91muQ,1,HQCdvKx1GCKsTiBJaJwW9445dao3Nk5xkhcQgBisA7aq,0,15000,,,,,,,,,,,,,,,,,,,,,,
2vCyYfX9FNiUXa4LkfmMiJjB3FJPirXroXZwyDVHaM4A,0,28UaRBYtMdPFuYGU9YoSfESUGzQhGJBLyS4DxvweirhE,0,15000,,,,,,,,,,,,,,,,,,,,,,
2v3DaQuXT6RSanmxcRZA4LZ12M4GqXsL2RwFwA3HrECb,1,8Je9U5j9zNui8feXtMTwkYBDS7HsJKX6tbTaXAKa6YN8,0,15000,,,,,,,,,,,,,,,,,,,,,,
2wcMKxQjXwDKA2W7Tbgxd8B2Nqg1Zb8X9unvDH4Liaqa,0,3eGH7YhagkSQg9NVAXjkL53CYXmgsu9wbLrEV4aofHTM,1,2321,16925.77,0,1582,132,285,0.8319,11,1665,199,285,0.8024,39,1672,206,285,0.8002,44,2130,547,285,0.7047,178
2w1tXAH1ywxYCwx1PLyC2NX7CUnhhF5x4iNrM19VKiNb,1,3tRRbRSiJ95fyUVFdSZDdLnvNjjw8mNbKniDRRYEhFkZ,1,38,15016.885,3127,1,1,1,0.0,1,2,2,1,0.0,2,31,31,1,0.0323,26,32,32,1,0.0312,27
2xzqvAzbECqJHxHuXyUb1T9QRjQawAHFzBYfcj1sNF4M,0,83YDoVDoU97TTKuez8JKsD5Cjrv3gXazjJCgFsAJrbQU,1,3591,18478.769,2,1308,438,29,0.6514,11,1846,909,29,0.4919,60,2595,1613,29,0.3877,293,2709,1725,29,0.375,386
2xWD61igWtcaGeq7AJ2qmmoQwX49e6XrKSZhNizXsmQh,1,HXUDUjPVPsZLsZAsQMgJZdnK5TTJ7j4ShA3ivmWjRLNy,1,581,6744.965,1,478,247,17,0.8808,7,483,252,17,0.8716,12,486,255,17,0.8663,15,569,329,17,0.8102,33
2zcGjrs2eTw3rqpND9jaaXGcW45mTvbFLVWZSKu7Mz8K,0,AzaL1asDMvigv33gNJFEvnp79ZfLHfGbCak5A8PdB4Ln,1,7295,19343.993,12,6,6,1,0.3333,2,6,6,1,0.3333,2,8,8,1,0.25,4,13,13,1,0.3077,6
2yvvk449XhGPAEk13Xx9iGo7MVKuH39ohosQ4dhqxHQx,1,2eeasVUhXmPgtR1eLSaikAYA9pJGwdrHcKHu7X5CuQrM,1,5292,10707.258,0,3531,919,34,0.8921,11,4401,1665,34,0.771,59,5244,2261,34,0.7542,140,5255,2272,34,0.7526,151
31LHWxWCaprZFP8KhsXU18LX3iZ84bcJJ3aQfjUVrY1n,0,7MxvPWsvgjtspkspN8bq623C695K8WBMBNmh1Y3pU48Y,0,15000,,,,,,,,,,,,,,,,,,,,,,
31Hs2q65PzU2iNteMPSTTLNk4zt1Jw5qo9qxg9aXpump,1,GBnhBbqjmKrkP3HW5viTANhAH8M667SusjdL8WZqhei1,1,39,15489.755,55,13,13,1,0.0,8,14,14,1,0.0714,9,25,25,1,0.08,20,26,26,1,0.0769,21
323BzjV8QtikfoRSiftgXdnhGrEzWCh2Trtzgb1V4XQD,0,JD1MjwArrP1qKNWFg9csb8qYrqyNB4TZVMAhfQ3HSkMV,1,23,13492.343,512,14,9,5,0.5714,2,17,12,5,0.4706,5,17,12,5,0.4706,5,17,12,5,0.4706,5
32ZQ7U6eUUkriDj62252pw2ZAQaw8F7rU27BSYNf1mJE,1,2weJmhN3vZpdPmEPJZBtjfPANSmGXjJCb1949AsP9Lxr,0,15000,,,,,,,,,,,,,,,,,,,,,,
32hUYG6DVZ92N9N839D2Hc5bUWGQTSVdYUPNBHNLpump,0,5qchtLFKzmaVu87tJ8mv713M7CYUFZufT6epzzUg6AEc,1,1606,6714.221,143,5,5,1,0.4,4,33,19,6,0.7576,10,75,55,6,0.6933,28,148,115,6,0.6081,63
33WHCXsrofSQSfR7EuQ6Xb6ENnb4vNTdSCiKnyNm73UY,1,6mRJpua8dq8QG9fR1gtSujJSkHr6rYMzJG1zvaQi89hQ,1,971,14292.675,15,3,3,1,0.0,2,3,3,1,0.0,2,164,94,8,0.75,30,433,298,8,0.6744,101
33enRUFdUDj2deYT28cJyhapY3bQ15xMLH6dqQC9pXeJ,0,JAm2WYDFhb65DNkkFA9wjcvizqZG2bYkVqfnkmupQZe6,1,423,19501.651,1,66,45,6,0.5758,10,171,149,6,0.3099,29,174,152,6,0.3046,32,175,153,6,0.3029,33
34xVTYiiLC9TiU37sVxKGiLN6gYgMX37BfUcA3GLZwSw,1,CqBGuEDeUhHG1nxCXVXGCRriCpPvkfQbA8XKFXdsqP5W,1,11904,16384.321,17,6,6,1,0.0,4,630,474,7,0.7492,48,8757,5552,22,0.8626,334,11854,7841,22,0.864,544
34Sg7q8qXAGPyRGgRCLbw8wv1gh4fGX3qMu7E8N4db9A,0,wxS98tdmQmexnAb7Wm335QYdTyPjKU7SKwRb7nF75RV,0,15000,,,,,,,,,,,,,,,,,,,,,,
35gUydvujQtcBGJN9bQDDzyt6dtQfTBMRTpwsakJGhm9,1,Ed3hsJ2HBZPSJhHP7dm3eti8twxDDiGDZ62bhfo3tADc,1,294,4824.324,20734,1,1,1,0.0,1,1,1,1,0.0,1,11,11,1,0.0,9,245,245,1,0.0,162
35ZVuCfjJ8DpFXWzNBeWW2q399R6SKRcbePFhv9npump,0,BCH2YxDANoxa94AV6RtugccU7MvzEP3KUQHXmKgUPczt,0,15000,,,,,,,,,,,,,,,,,,,,,,
36XgBJVR9UK4CLmn3YhdE7mEsyMLS97t7Ca1rKjVkHNd,1,8tgH2vfgvYvsdzC67ojYALizQDr4rsNwT5MH2x4XkzYA,1,322,7151.662,31,8,8,1,0.0,6,16,16,1,0.0,13,107,101,2,0.2243,40,313,300,2,0.1821,152
36qPkdq3PgsvYqEsc6zRjpPoZ6fTLokr3UMoCnpqpump,0,BPMtUCP9k3Gxys16nbhm6pv2QLZqAKU6iZjyvKoGdd4o,0,15000,,,,,,,,,,,,,,,,,,,,,,
37Puu7Wp8F4KyJWWbXzWt3qgVYvTGpPMsKfXGrhnP3BS,1,GneuZaWzgQK9k1eqt4YjYsFnaFWUodCJkg5XytFQTwDB,1,265,17678.335,84029,1,1,1,0.0,1,1,1,1,0.0,1,1,1,1,0.0,1,2,2,1,0.0,2
382stwqaL4TztEZpu8pYa97xkMECtdy8DW3qBn5wAo4W,0,7sG5X9f22tXDpdadX159ZY6FsRSzQmnbkcbmaAPY7t2M,0,15000,,,,,,,,,,,,,,,,,,,,,,
38PnzmNXht1YBFPFEj4FipNAZM2er2x3g3Hjo7Sapump,1,2qjQ5wbSzZV4kWiHJx5vDkRUGY1nzXqBx4e6JX7os4mt,1,86,15366.402,766,1,1,1,0.0,1,4,3,2,0.25,2,36,26,3,0.3056,16,57,45,3,0.2982,28
39AUQBPTwCb4Dw8K75zNnPvigsj8TD5PN22SseaYpump,0,9t6wtBg1ENUeAzFYoswcBixn2a2TnnSqikvRpfwsQ3p9,0,15000,,,,,,,,,,,,,,,,,,,,,,
39rJmwtGGuvEHWSjFdxiH5uSDsDz3YAX6vvuQLqwpump,1,4PmHjTRfgjwQp3dGqdymTezZvew6Cxa9AQLRUhFZBT3B,1,9,14268.152,20,3,3,1,0.0,2,3,3,1,0.0,2,3,3,1,0.0,2,3,3,1,0.0,2
39sWhYJ292cVyDtJxGV5q4dBRsPm2qhPfcGtm38kBHUy,0,CxBLHeJHNoNSi8ymkQc2tL83VryYxTkDteEAyqGh9HQE,0,15000,,,,,,,,,,,,,,,,,,,,,,
3AyF43SeyWnxi1B7Tm8mjvVCHm6Te2MgxRZdcrTyp9be,1,CZNX1juXFEfmo1gk8mdj6FB8RWuVvjVufjzHRxcCvsdu,1,1227,14101.467,10,12,12,1,0.0,4,42,42,1,0.0238,24,66,66,1,0.1515,40,102,102,1,0.1078,65
3B5zMda3mNv8zDHayfZiyRgF7NBzVgVSKgrAiQgz1AZC,0,5g8QoL8hVkx3jfzC3TmWQLabj32ckY2Le2JE2kPLZ47T,1,47,7862.991,254,4,4,1,0.0,3,5,5,1,0.0,4,8,8,1,0.125,6,14,14,1,0.0714,10
3CBSUD7VaRfEPCvrmVjxSKTMv4jz5spND2LpbiQwHSkM,1,26vVKKJ9kv2YyGkMFHra5ywbjLgZxAGvFnrVXnstDvwx,0,15000,,,,,,,,,,,,,,,,,,,,,,
3CJwbGDf6A5obCYa53k3t4BQdTjYX5qU2fyk4bLBRW1q,0,82r4go5m6guiusNnzpos9tjYtMvBsZ8XRnkWHiTjzaZP,1,678,18748.193,10,150,125,6,0.52,11,647,533,6,0.5317,51,660,546,6,0.5212,61,660,546,6,0.5212,61
3DGyKoxZj9zqrSLPhoZ9pR5yxxdwtpvctKAQvcTkY9Dn,1,9UujfGMsNU47suSUF9RHhRFQEHewfGKqukSrWqrS8puM,1,8738,20589.452,0,6257,755,82,0.9313,11,7399,1664,82,0.8135,61,7915,2113,82,0.7781,161,7956,2154,82,0.7745,200
3DH8WZ6C2HdDR4J9ekYnTfai8Tx8mxn92mW8zcYmP4px,0,8HGBwmAuZqjnEsAcsYnYZeFxe2M8m1vSM7QPNsT1UjrQ,1,16,16023.084,610160,1,1,1,0.0,1,1,1,1,0.0,1,1,1,1,0.0,1,1,1,1,0.0,1
3E5GfTAzCThUA4wjipvJiTgLjFqwFjoABE9nGs7nptwU,1,F86o7BMsFR7BLGyxkJWH2q4e7DAGjJeUKCLQykB2gFpw,1,1681,18773.251,0,209,94,10,1.0,4,1175,235,77,0.6843,32,1361,406,77,0.6062,137,1620,564,77,0.5191,193
3ER4YD8xEBCHqQKTLprVqK4Giu7uhbiiHQhd6oXcnPMb,0,C1XXPRMUNmwb4pVYRTWhFdBUHuLzwWokbSz3TXzQhqye,1,12869,20189.779,1,2646,1096,11,1.0,11,8461,3820,85,0.6796,61,12291,6866,85,0.5398,299,12542,7116,85,0.5312,504
3FJru4Rht4x5X1V8HLjJndzRn2RpeeW4z2kjq3nMh2Dq,1,92wbD2Dgmgbp3R8HtGscX6kgbgSr1SvcztSYs2LXKGLq,1,2416,19787.835,1,424,152,23,0.809,9,445,165,23,0.8112,12,447,167,23,0.8076,14,447,167,23,0.8076,14
3Fbmn8wNd25j3hpnMoS8LGtrUVPUQedZJP4FGfBBoLwq,0,HXwtsrVyzTLjYMdYpBZYv3k3WW1Q9w4EcJyPrqRskots,0,15000,,,,,,,,,,,,,,,,,,,,,,
3GQiHS8Ddos2cyFV4piwc3BjHuquMMif5vfJw5HBTJNK,1,AhyYjifiLDP5dxUhi5L3fM4PSjrL4cKt8PeZ6cPyRmJ2,0,15000,,,,,,,,,,,,,,,,,,,,,,
3GEznP41VaAGv9yRdBiuYdA8zkffNc8b7DzNJgFbH4Kh,0,68UmteaUaMJstRmoELZJJxqrFLMgjYKzbh5y5F762wZw,1,53,16550.476,769459,1,1,1,0.0,1,1,1,1,0.0,1,1,1,1,0.0,1,1,1,1,0.0,1
3HMJeaQfbQGNX7E5zBqiyFmSGrFU4zJbRZawXHicqAT4,1,D75UDTZLRyfbYVBjMbbC2PMcG4LXVA6FPKjXQPy8YVhE,1,787,7393.703,0,531,89,24,0.8738,9,705,207,24,0.8894,18,705,207,24,0.8894,18,711,213,24,0.8833,21
3H9MhGWRBoZTmPbwiUwTKBeTPXZ5iEFfi3E5RWPCW9sd,0,AHcvdFPPH1kZwLWgZyBUKKYR3rEfNnz1j3bnzPQ4vb8R,0,15000,,,,,,,,,,,,,,,,,,,,,,
3JQhFv7CdTKjg9hQZR5YJ7PmDmeqa6pdykofhPRksa1H,1,7xD6bVF7XByWfByUMBXzFPWUWHVu9D6jmcKAg1FCgJt,1,1711,20911.213,12,3,3,1,0.0,2,4,4,1,0.0,3,4,4,1,0.0,3,4,4,1,0.0,3
3J6ZAHwGvqhCYkBzeMjTBRhC56QnT7zcMPxYV4GAPjxu,0,GYrgCrnXfMbcc5LZHRwLrQCFUag76XdpTR4eLGTkB92z,0,15000,,,,,,,,,,,,,,,,,,,,,,
3KUEp4iEVjupvVFr4qeNwBn3n646cKVYYU8jUy5q1jTc,1,3nARN8nzpN7QH8pZy9ahGSa4B2Xb57TCopZbdJQUeTxL,0,15000,,,,,,,,,,,,,,,,,,,,,,
3JtfvzFVzkPh1we7DPDGW5xPsrPB5nX5dbAVgTeVpump,0,3FdNYaxE8UydAptgBaT5TVZzcR7iW4qAFwp2c2zsMYVz,1,228,14864.459,49,130,105,3,0.4846,11,213,183,3,0.4742,20,214,184,3,0.472,21,214,184,3,0.472,21
3McWetSpu8ho8L4Mpbq5odAtbLawbnBw98H5aq8KxH2T,1,ByrKLwg51W6Zwb4JFiKu5GdVaA3YUGD8UbBPmPXT8XZs,1,10439,9736.705,4,4332,646,96,1.0,11,4630,754,96,1.0,14,4630,754,96,1.0,14,10398,3792,96,0.6366,179
3LF9jF1UrUSt8EdXGhy83tYZE8uFNpten2zKL2BRRKF1,0,GHqEuNFJJnqk1jX1CLDLtbLhQExg5V8TZom8hJfGdKim,1,10587,15523.829,192,2,2,1,0.5,2,7,4,3,0.8571,3,107,102,3,0.9907,13,10024,4048,279,0.5848,561
3P29e9LSkhKgmkgaYnN9vrZD29WA5318V4sFifw8ZwBN,1,iormRJFR4piUNCrJEpHFX4nxJypds9xNus8wxVvWeaw,0,15000,,,,,,,,,,,,,,,,,,,,,,
3MNdg52oAdyEQ3Frixp7325MSXgiNL6KJPKMmB7PUwyh,0,38QRXTtG9iDv4PFkLvVmMoYtsK86PW9pZx2Mp51p6SLP,1,123,17209.872,29,71,49,5,0.6479,7,118,85,5,0.6949,14,118,85,5,0.6949,14,118,85,5,0.6949,14
3Q1Ti3opoZtZEHGgpixNYwkRzRsGifSdMW482Fjepump,1,4Byy95jM9MoFZUb9qy6zqAC8jMfKNxndLeV1tk1K4tNg,1,1160,16242.978,319,2,2,1,0.0,2,2,2,1,0.0,2,618,407,21,0.6634,131,1151,681,21,0.7576,219
3NiacqbMpCbPr1NdUSZ6LDvqbTtCqEgnJn6dhdGzpump,0,3ANJ3w8UwJGwVQcCtC2K7BXHfKPZfnxYmmz3g6i51qkD,0,15000,,,,,,,,,,,,,,,,,,,,,,
3Qsv55356w26zJuTsEouvAkycZkoHp3UGEqYkapG1Lvh,1,CSkgc7V1Y6kftwJ2Zx5sVz4A5aTtRzKRHxEUAqrdgf4p,1,1372,14476.57,2,333,168,8,0.2553,11,1152,631,17,0.1042,60,1312,791,17,0.1448,141,1336,815,17,0.1504,159
3QGV31PZkV4BL8RtrVNuN57HCUDfYHmX8BRN1jFmTx5P,0,6K6C76Ch3F7M29jQEComvRXrhzXjZHsdKcVzo17Lfpoc,1,5250,10592.176,0,1914,407,40,0.86,11,5092,1905,40,0.8146,61,5165,1978,40,0.8041,112,5178,1991,40,0.8022,124
3Rube6iM6Zeg7rNKLHzfQeR13WvyHDACDeno7r5qTLYq,1,8uKk6tcNYSMKupX9tCDwxn1Yyvz8dWRjw2LNGKqAPSEM,0,15000,,,,,,,,,,,,,,,,,,,,,,
3R22skBbugGj8T2m2rm99HCv1tvLDZ8pFcc1H33i5UWj,0,6fUSLdRxLDU7wYFf1HefrAHE1fVcNkH7FvGk643ip5sR,1,13524,17604.442,79,228,152,5,0.8596,11,1670,1016,11,0.9162,56,8306,5377,12,0.9399,279,13505,9179,15,0.9217,684
3St4gUoHFniBtM788xLAGdCgesQdRs8mgTFr5smHqQAG,1,AWnPvUyAak1jtbNwd2U7KQZr9AF7Y7Vkj9NsvWz9YPbB,0,15000,,,,,,,,,,,,,,,,,,,,,,
3StvQMsTPd9q8Pd4dvAiHzA4XUsWBV3Kd2TV9ygG7fgb,0,2sUtjaH6UMdAowmDPTeTbDyB19bSJGDPijtpduAguVQx,1,196,8268.195,38,3,3,1,0.6667,3,173,49,35,0.7341,16,183,55,35,0.7486,17,184,56,35,0.75,18
3TMdBbnXKASdx9rBcZ5HQsyqCky7Gt2ea44gYB6Ro15A,1,9fWfbJ92CMCxC4C6d7iFGPw7DuFf4baucJ59g5jy167h,0,15000,,,,,,,,,,,,,,,,,,,,,,
3TWgDvYBL2YPET2LxnWAwsMeoA8aL4DutNuwat2pKCjC,0,H8wZW2QNvfXuAVzcYArVyhcX97jiBR3evWurPt1ESRBA,1,1375,13669.843,69,3,3,1,0.0,2,3,3,1,0.0,2,3,3,1,0.0,2,6,6,1,0.0,4
3USF6YabqSqF5nwtbDEs3P496Q9cDbEbDG64jXR3oB6a,1,3ruUdQeovv4ZBALDWmXcnbnMRLKUc3AbxRnCDNx6VPf2,1,181,16336.725,2,86,65,6,0.3721,9,148,123,6,0.3581,23,151,126,6,0.351,26,153,128,6,0.3464,28
3Ubw3KY2Z5yKUd5ZoanAhmPc57SKd8bLHdYjN7C4pump,0,HH5uoFmNf3zP8cvNzN8YrjgW3dcuWtVNh7ShcAm89uY9,0,15000,,,,,,,,,,,,,,,,,,,,,,
3VeL8cAxsbYWzNU5PbrGh2NEMCv7vUZmAJzQp8bMV3x6,1,DAwtfJQqjYreM4M5ny2ujNGmfU1gr7svEEMiJtwb5krS,1,28,14483.023,18,20,20,1,0.0,7,22,22,1,0.0,9,22,22,1,0.0,9,22,22,1,0.0,9
3VNGFNXqN5ZgqoBBc7pG8ByagRhyjVaF5kKC45hK7jEp,0,6oYbJWH39LBq8RZE15LFgD1FxfSWrp7ZD1Bs65R4z5Zy,0,15000,,,,,,,,,,,,,,,,,,,,,,
3Wiz3kY61CsSd7F4wZJwwAcaxK9Jc3swED38fqUD98Cy,1,AqjX8tK3c57u6Hm9zi53vDAsKuZKpmKSWasVJAWLejEm,0,15000,,,,,,,,,,,,,,,,,,,,,,
3WKzqdh3ZW3tP2PhAtAuDu4e1XsEzFhk7qnN8mApm3S2,0,3rBqnSHa2jvPkmej6g8g97DQdGEjZGp8YUxBzqiRt5FS,1,74,17660.064,90,2,2,1,0.0,2,7,7,1,0.0,6,41,39,2,0.4634,27,63,61,2,0.3968,47
3Y4tr5dJV7YJYMNMwETkMgndvqhDVoBSfVEBGrzg3R64,1,5v3eEYEgRqPRfpyiGdqL4d3kycPjGe5a6aDtqC4jtUyJ,1,13725,9998.654,1,5535,1175,76,0.9998,10,13172,3881,122,0.8135,60,13218,3927,122,0.8108,93,13557,3970,122,0.8142,103
3X8GcLiH2HttjyqePg7MazpMbwbgq5URUMTyDz5tkmdE,0,3GNn2zd44VBTa9jFvtX4Vh6His2AJ3aCyriLshrYBmix,1,748,19837.55,14,23,22,2,0.0,10,136,128,3,0.2132,48,718,667,4,0.5348,163,718,667,4,0.5348,163
3ZMG9yjL3ywMt7ScwUY1cDZpFk4ZVRAVPhJktEradMDS,1,Cv6g9eZtNWEoBJ6CsJEQBQ3aKkMXndMgTJjDdFWRjeDi,0,15000,,,,,,,,,,,,,,,,,,,,,,
3XdupAdUrteHAYMJd2WHbqzLZhGmksN6tTrK8Z45Geax,0,DiMd1c1LPoUbDnfqRSqwEqVZMypfAeKrbxiErVaNnhFA,0,15000,,,,,,,,,,,,,,,,,,,,,,
3aAYh35n81F8HPG2QBdE48aYdzGFj2fsLccg91X4AcRc,1,BQhc4uUc32om6J1xJ2wpE99v2aHvbq58eC5ua4hbnwHc,1,4197,33384.22,10,18,18,1,0.3889,9,27,27,1,0.2593,16,85,84,2,0.2235,56,110,109,2,0.1909,79
3YaKBKoCe7d2FMCDmuZXYQMhJ5TRN1gZKWuQfS1Z2zx6,0,5mVv7Mn6ZZcngbXsUJqECuBEXnTnrunpXnfBNqQ7dfUB,1,490,19183.488,35,3,3,1,0.0,3,45,43,2,0.2,23,168,151,4,0.4762,72,353,306,6,0.5666,134
3b3C8EbKQ4TJBC1NTWD4rk8QS1GY8yjAYXhqwyy4q24i,1,BVS9ix8T7tQMyesEXb65k72GnLW7hQdWSTeaWk3NQvKy,1,359,6153.155,1,47,17,13,0.4681,7,153,108,13,0.1699,32,234,171,13,0.1282,56,244,179,13,0.123,63
3ZkzcYco6K7joBLRgZYG1fCHkzdk3tk41V7q135zjwfE,0,FmE3BxhHCdyVDS6wWJTt6MEGTGaVRswaDSox3yW7iYMi,1,5749,17624.492,0,3413,549,29,1.0,11,4270,938,32,0.9644,23,4316,978,32,0.9597,38,4359,1018,32,0.9553,56
3bwq2VucSdTbXqy7E8T2QRb9hY5WXii4BXs3pmNsM1kh,1,AUCX93rVfUXeoZ953yuTzj8qr5ErMyF4HJkQpWLYVpCp,0,15000,,,,,,,,,,,,,,,,,,,,,,
3aqdPYiMT2N5pRn552q3oW2hqSJo8zGN9GG7V3Zy9g7o,0,AExWvSh4cZg38fqSNj7F57UqAwcBPUhBQmJe5bMEuRd1,1,10250,12107.028,0,7802,1112,30,1.0,11,9881,1537,61,0.9761,31,10056,1617,61,0.974,48,10082,1634,61,0.9732,59
3dNgqN3twcWVeKFWTC9vECSDQKx6p3D8HwxMyagvyjSy,1,7ARhkPydmbmrBrgpdvYJuu5NoZM5p8Ua5taajBddML5y,0,15000,,,,,,,,,,,,,,,,,,,,,,
3boRKAxWR6weV6kufr9ykdLcm9cL5q2p469tCqeCAnHy,0,HVF8N2JKGTEv9uNdR5dPHm4USEwek1WueE37PCYGGprn,1,1059,15026.655,58,11,10,2,0.4545,4,11,10,2,0.4545,4,79,39,13,0.8861,9,258,92,36,0.9302,20
3eXMBj67QHveiFvhjfPX4Ap22Qfi7SaWA83LP8LAfxF7,1,HjB3andPKyHjaECAn1wsf683vtrpdk9E9sQfDnmhCPzM,0,15000,,,,,,,,,,,,,,,,,,,,,,
3chDEeS9sFbvo5nyjCqA63euFQ6LbPD1cAUyy7FVm9Kq,0,ETFcX3BSJA3apA4SUpbWJ5fgSz28ntv49GLmKFu8xBrZ,0,15000,,,,,,,,,,,,,,,,,,,,,,
3ffwRBmWTyyiyrEitcRoNVfJDbU8ELrJmY1UK3q7U9vH,1,Feav3kxzd7i6xC496hhkrMPLp1Vs7h3kr9SthLeX7TcE,0,15000,,,,,,,,,,,,,,,,,,,,,,
3dszoi3ge8r3yihQYUQLwct9FomXi7wsQRFtdhWcfczV,0,HSLndqVvvBmVogrAimS51WsyJP7fm9CQjpq5atowwRFo,0,15000,,,,,,,,,,,,,,,,,,,,,,
3gj8rj6rzuCFqLid4kdU6euGDf5tawqsdwJZnyzYxarp,1,6LYqxQZ9nrJhRFYVCxbumAs2a5tUq1YmZQE5VxDdKx4,1,742,22274.212,1,373,33,68,0.9303,3,517,79,68,0.8917,21,621,183,68,0.7665,69,630,192,68,0.7556,78
3eYCkdqCFfqGYfgLNeqELjgDxykwQUBKKuQ83bmPLBr3,0,8hu4L8Awomn5NWoWSfJ4Upkw6JfBCK2C3f3vW7THLEAz,1,570,17520.254,76,289,199,6,0.7751,10,563,389,6,0.7744,20,563,389,6,0.7744,20,563,389,6,0.7744,20
3hfkjMbj3B1M2QUVDHjnBkkLuyS9Ts6x1C9pVxvHh79U,1,45qeSezfFH1dTjT5NWt722cqRN5txpKdYXz7FX1Zf4F2,1,10,13530.302,4,3,3,1,0.0,2,3,3,1,0.0,2,3,3,1,0.0,2,3,3,1,0.0,2
3fTP5njhs3QtnHKGM4E5pWyhcBAhREuEnSzqC7N7n9hQ,0,DcK8eqcD5sjSVCuWT159vtvqbQsTUSa4Laf74yfHox7p,1,35,13651.586,2277,1,1,1,0.0,1,7,7,1,0.0,7,7,7,1,0.0,7,14,14,1,0.0,11
3ic6DyWCE6fB6JXczFEeKgwP4P1BhtK5FS1wP9qhLraB,1,XKfUvKxDRUrQvnc3GXpnG72jNEGUaY6AQwaB3KDbwSE,1,4918,5494.534,1,4605,810,28,0.9776,10,4881,882,28,0.9783,14,4908,904,28,0.9729,18,4911,907,28,0.9727,19
3gQ7ZM4erHHwimuxD1aU8FWekbEEWAiFMV9FJhDkQibT,0,EtcoA6FogXZnwjHowbuoYanbYkqCBJxcrzBR3sQLyhfo,0,15000,,,,,,,,,,,,,,,,,,,,,,
3jmhYWdoRcua8yUP3HVDNihZhHbhrBTUeXo5W1etHTFf,1,EQE7WWaxCHnzjpmGDkaq9XtgiiENSDJK5HVDLAU28mSs,1,34,13832.99,141,18,13,3,0.6667,4,23,18,3,0.5217,9,26,21,3,0.4615,12,26,21,3,0.4615,12
3h9PpY8dTGFesZ4mGSMfZXqhhHtV9Dg1RGUWs6QSJiZD,0,6T7LbQD3hUByqtbgi8MQvpKXfAJmMmwcRDVFpbFkPE77,0,15000,,,,,,,,,,,,,,,,,,,,,,
3kTyEHWsBZRv1JYD9cpqXszxN9QKQcGwatZypc8Jd1rJ,1,j9m3YiZ6aYSN33qEcFxXWof6ogGaCxdKsYDMFraAoHi,1,491,31113.36,85481,1,1,1,0.0,1,1,1,1,0.0,1,1,1,1,0.0,1,5,5,1,0.0,4
3iBZV8gvUFxp333FFogUPVi6MP9dEZ74xUxVzEQvNPii,0,FrZ3Nu73BLq3JrEqiUeYDXFThQQYQhdCdNYeuBSxagCs,1,5067,28533.99,3,8,8,1,0.125,6,157,155,2,0.3439,37,1366,1341,2,0.1552,182,1559,1531,2,0.1674,290
3mmJ6eqrjsYSjbaxXjnpx6NWRFA8HiEcuNTMqCdbUgqs,1,FrAvxdNVx4rBm56BKiRPxrUbgGzG6MqHPnmS4NqDJ8Qt,0,15000,,,,,,,,,,,,,,,,,,,,,,
3j9UXxMy9xg11nyjzwMjkvc47mX3fKMzvxfcYUeCoR4L,0,9uKSbn1u3zobyQ4uhxWaY4sawGF9jaZ77erZsumEZXMN,0,15000,,,,,,,,,,,,,,,,,,,,,,
3nqjGroZGXUr4FFe1jg22QL7a8YUkgGRPT87uJKzTBXE,1,6GMk2Tx4yV2yct3u8EpzW5omLR68zf7gojKyx3p6uSsh,1,26,15972.903,19,2,2,1,0.0,1,10,10,1,0.0,8,20,20,1,0.0,16,20,20,1,0.0,16
3jik9c8wcB9xLJQyJJqNnabcRsbudZzFFYogaAaupump,0,3RDcqvLYPsM13n3ykvEmTU94XdCst2XJAhkKSNx7MoEm,1,324,14297.877,43,103,75,5,0.6699,10,168,121,8,0.6488,24,316,243,8,0.5949,56,316,243,8,0.5949,56
3omg3v1hTq9bgDY85fgrU57ymtDknfYN8pQAPMyVFPcX,1,46hEHuB55Re48pVjG7qjNK3MH3tot4zV57mgH2wzw2WX,1,10290,6589.425,0,6299,860,63,0.9754,11,7125,1564,63,0.918,61,8135,2492,63,0.8194,237,10047,4134,63,0.7815,639
3kFpo4AM6sjR6vU61U8crCqRvNAtrFaVu6J2qD9upump,0,6vCP4Ch43hPuaTi1X1kajygGS7qMGps7RfzACSVxcKnY,1,48,13912.498,24,38,30,4,0.6053,6,38,30,4,0.6053,6,40,32,4,0.575,8,40,32,4,0.575,8
3pnVnWHctmvUfHzcL4CzRraxf5Mki5puCyzviTwjSnPS,1,HYD5K22YdmqSD938EAR83GspPdn7Q95BeUsExAd7CScJ,0,15000,,,,,,,,,,,,,,,,,,,,,,
3mHtNPRg9pR9im793Hpk2icGTYTEUUzysbsM4GMstjHy,0,5FeGh9dLpBmJvSJc654kWoHXVzUQqf1z7gPF4cvtSHV5,0,15000,,,,,,,,,,,,,,,,,,,,,,
3qkxtfDaQJdJYfL7kKzpdXiwhM9ZANvsUVXBDYJBtrSN,1,GyDUDZCN1b9ss7PfMmGkVWeiN8o7hkX6R2ZDketFsnqD,0,15000,,,,,,,,,,,,,,,,,,,,,,
3n1xUaWFVV1s8WTzpwSdn2Ku5MJ2w1uC8RXWxBZxpump,0,8PkHwCMkK2cerEhYBwRXu1nocRrfng9a22pM43RPW8Wo,1,298,13550.09,37,278,116,24,0.8273,10,288,126,24,0.7986,19,290,128,24,0.7931,21,290,128,24,0.7931,21
3rjbmPxM1STBWLBqiYNwQSdL9RSDVKko9koffuUE27rj,1,6chb9CgyeUSDCre12hoR2ZV49s9x8M4VHVJnAWPGPETe,0,15000,,,,,,,,,,,,,,,,,,,,,,
3oLQN6zWUQPZsR99ujxtPgDtF5BxfCvmygteR9iaoPBs,0,G14WDo5my7q8mpEjTvcVbaZRN1Fh8SJQzcA2dmUjREiz,1,26,13746.619,74,9,9,1,0.0,5,12,12,1,0.0,8,18,18,1,0.0,13,20,20,1,0.0,15
3spukw2M4AeJrdNXN2GRrSjsZhmziqTPVcWynCnDpueH,1,7uiEFLd7YTZRJXFJ78MC7QtPX5bZotatvuucYQAko91i,0,15000,,,,,,,,,,,,,,,,,,,,,,
3pNKZuzJmDA2svkWrab6WjzWV1U7N6g7r2fyr2U9KQC9,0,5i9A47JAnzS1N8QX5zHGtfunTffB8yS8Dq5uBWDbatCF,1,2376,19608.285,1,2183,372,57,0.8727,11,2229,410,57,0.8672,25,2242,422,57,0.8671,30,2310,465,57,0.868,51
3u2L16TELvbfAWtvnQPMk4mXhS8QmQJJYCbEZzKmkkDD,1,3HrAKcT7bxVwBTP3huz4xr5mEa2Cu4nYoiVBEttPXqyz,1,9001,10373.39,0,146,127,5,0.0616,10,947,825,5,0.0095,60,5708,4936,5,0.0023,360,8975,7778,5,0.0031,581
3qoTtADADXdUAVf8W83jeM3KVThtv29WKcWED3sx132H,0,3TL4EMvr3fi95xPkgHAHosRViSBXgWwqR3MHdV7SMZa3,0,15000,,,,,,,,,,,,,,,,,,,,,,
3vgnATQ8ec2DAvpN9kxq6MEDRe5bqUjLEyXnFzDye6ER,1,Fh9s1K6hwE1kC52NNVMpkXW93xWQu9NcfDKz9ZUdkvnB,1,162,19801.321,2,43,36,4,0.3256,10,137,127,4,0.2044,29,143,133,4,0.1958,34,143,133,4,0.1958,34
3s8aPrgT5PAdQ5wNWMZHBYXpKhAGAfWxWCTCGYX38YQZ,0,Bo5ECDXEKNHjiWJNaVxZbkoX7zRehG5bSQADKunir6cN,0,15000,,,,,,,,,,,,,,,,,,,,,,
3wvQnM6Aqtnq4sXHjpoVQsUvcyxk2R9FUzvcSfednLdj,1,2kzvksz1BcVAq2c1BCTW6u6R9ANzJLQyuP1rS6Sna2vW,1,176,16138.489,12,17,17,1,0.0,6,19,19,1,0.0,8,19,19,1,0.0,8,21,21,1,0.0,10
3tS6fbLh2P8tzxXuqCiHZpZhsxJpmrR3Xb9psmypnp69,0,29HQiirU3QT1Rw7aCUfxsMGM2RKC99cc98eM1krQo1ac,1,145,18034.611,5,5,5,1,0.0,4,5,5,1,0.0,4,5,5,1,0.0,4,5,5,1,0.0,4
3xkAnBJ8SaizHhwhtGj4qGVp8xDHZSg4Dh8VToMwLhb2,1,Aic2sEurJXyiddUHr2mmzpYHAVDr2AML3VUW5Bpwf6J,0,15000,,,,,,,,,,,,,,,,,,,,,,
3u8ACDXx65kNcoT17T7C2bUqCKGUGbFVAmi1FdBNcSK6,0,83sgpRvb2HX8ohwkz17xNyyxwxCwbmBw1RTYmTWcPgRL,1,238,18040.948,161,3,3,1,0.0,3,32,21,5,0.75,7,33,22,5,0.7273,8,45,31,5,0.6222,14
3yoQX9Bmh7SHgttGX6ssgd9CkfZa4KsSEJVrDdBXVjaV,1,GCg1kCXG26m6bqhiE9877qa74SELkviuKhksP7qu5zjD,0,15000,,,,,,,,,,,,,,,,,,,,,,
3ujDC8hzAzh2PPSNrK8ZuSzji9YpMmNafTMcqsTCpump,0,HnKwGGfJ4KMBzA28CmskjBMyHrs8BXMUpMCR2k1X17RB,1,13420,13230.04,51,7,6,2,0.1429,4,5250,895,90,0.9663,43,13297,2520,90,0.9583,182,13372,2578,90,0.9548,229
3ziNXSvXmUcTq5CpUzDtMHMbH5Qikm7AU5uWu1pDPGty,1,C1M9FJ4ZTXwP4HQtnm6PVDFYPUaYA9qVHxkSDqEhtYn6,1,6961,20424.618,1,3181,948,45,0.4901,11,4660,2144,45,0.3985,61,6385,3693,45,0.3447,306,6690,3991,45,0.3306,513
3vkhGiDaZrb2rzTtEa4zP7e61DVMTcD5RJZEv4iKRDvd,0,B1EmwyhM4s1a1xGHeBAPD3zRdBVV2ouH4Ra8b5qgFy7e,1,7739,17508.485,3,898,237,86,0.6047,11,2218,1343,86,0.4044,61,3650,2444,86,0.3005,296,4379,3096,86,0.2651,681
42EoUjijedAvFvqLiaAeK4ALKw3a242DH23uRDPgC6TV,1,BjYpct2oYFnczwTVm4SPgaDvER8p3kxqBYUd4TwYto2r,0,15000,,,,,,,,,,,,,,,,,,,,,,
3wNmRxyZPzDWVAydsF3VuNKCNk89A8uSo7EzTnubDJcR,0,9dBh9JLzwzcUuptEQnaksP1iwV7SFVSe7ThC14J8zpoi,0,15000,,,,,,,,,,,,,,,,,,,,,,
43BFhQSbvXUFSDwBiNbTKSVgwkT7JGmbwGsgJszqpump,1,5unWFoptUyx2SXXfMnzTLiGr9qujSjp27jYGnMg8dAK5,1,8683,16393.776,42,535,213,16,0.8729,11,2549,1008,29,0.8839,59,8444,3397,29,0.9018,260,8672,3569,29,0.8954,324
3xQ3h9pAFWYnkyUp8hfuQPnQCoBtNiLxDM8FxJoeVbrB,0,8DiVz3aEJaWiwADn9v4Ko2gBBfGnvvdvnXb6xxFm3UjC,1,5416,19580.917,0,1689,236,152,0.9047,10,3289,1608,152,0.4679,60,5049,2646,152,0.4767,184,5366,2946,152,0.4588,369
4434id3rdxdEur1EP4jo4yM6udQYF2JWmxKN2U8X9rQZ,1,5CvZsmcSBkcFGQspEDWeLD7qUp6NQ4YxdELG1yGQPSBQ,1,746,4062.612,1,525,221,16,0.5752,10,690,317,16,0.6362,17,706,329,16,0.6445,21,711,334,16,0.647,25
3yRUnUfba3KB3BnXQDy9iaR9Pn6cguY8Ug5RV44epump,0,3KrmuAHxVyfu4u4bFMPrVfgPc4wQr8GLv33ibnrtGi8b,1,1303,15899.271,629,1,1,1,0.0,1,86,73,2,0.6628,24,891,579,15,0.7306,168,1297,898,15,0.7194,260
44qzLVmgMUBJqwjWLsXSQEczhKdsQXSRJHbMjPCXkaXq,1,8xpdmtZ3AEz1HBnAGGZFjV6nQRjeEEq5NcRXPHMZ5NB,1,6006,6736.862,4251,1,1,1,0.0,1,1,1,1,0.0,1,2,2,1,0.0,2,2,2,1,0.0,2
3zBtwmHzT9zyBRvTH6cr2sGDRvFenFBmHoR2u6Dspump,0,HCbojjqwF3KMQqnC9xrLJSEJQS8HdVhUtL2aaJ9aSyUC,1,126,14175.334,358,4,4,1,0.0,4,57,48,5,0.5088,18,121,96,8,0.4876,36,121,96,8,0.4876,36
45omkfbZn2LcpSBv9rnWB5b1oyza7rP4u8EBTZiab6n9,1,DguUWugf4e1ZnTTftpin6xisN8DfoX9TD4SQyWvLx7Hz,1,34,3946.097,20,12,12,1,0.0,4,16,16,1,0.0,8,20,20,1,0.05,11,29,27,3,0.2414,14
41RSME2MQiBRNhSqzEnAPSbm9nr3FNvk84j89VQ8prgC,0,8dXDEi2t5ahVkBFYfhgXk5N2Z3Q9bcu7RhkumJ5QCsvr,1,153,17607.384,284,16,12,3,0.5625,3,140,83,7,0.7571,20,141,84,7,0.7518,21,143,86,7,0.7413,23
46mhuSE3MNXRUs9DqWPKXYEUxRfmk93ptxDtP69rY57d,1,mQHzhJJiwNXnTCRhD5G18Ti36gezYTW6dNKEHgP4hnY,0,15000,,,,,,,,,,,,,,,,,,,,,,
4234mVWcfnuecjndDjah4fw5a7Vivq7WbGeLi2TtccDp,0,FcGxtA2bWQb2HrpjGjFnL6na58BA9PADeCUfzYWN9eZv,1,10938,4141.392,0,449,241,20,0.1425,11,1647,1116,20,0.0577,61,9010,6550,20,0.0151,361,10688,7162,120,0.1245,500
47izAH424UpPGiyrh1xrkxN2L9WrF6zbJF7geVsXVyQq,1,GbmUxvduJWhAyeUMGQ8eZToa7Rwuc2o8Q6H9Jq7gE74y,1,1990,13171.358,2,51,33,15,0.5294,8,165,145,15,0.1758,41,1952,1856,15,0.1209,195,1958,1862,15,0.1205,201
42o42KH1dzEDjqijWpWHcNtpmW42Hxzg7YbMs1h6A5r1,0,AKi9jXLXqdSeGua4vNMARCPQgD3dccsXkMfw1d1wzyeC,1,9,5304.566,23801,1,1,1,0.0,1,1,1,1,0.0,1,1,1,1,0.0,1,2,2,1,0.0,2
48krGELudcUMYxQpMskPJme288UEWJHjdKzibRNhLqRi,1,7JucDketfEdS8m8UJsfVg9Bx6aZwKAjDPUy7J3vL4msB,1,1080,1968.832,2,308,167,9,0.8279,8,1056,320,21,0.9223,22,1069,333,21,0.913,34,1071,335,21,0.9113,36
43eeGP8k9AZKBSyd9iahhThNtE3vcZvBWMaHNd2akM5s,0,ARmLqMsqPQX7kvF19tp6kijhTZU6c5tKH5x564DhmEgQ,0,15000,,,,,,,,,,,,,,,,,,,,,,
4APE9MSkPGaSTnRcUv1RRtR9iVu563BHJebie1hsSU94,1,64bVvRVEnequhrLHjdFyPbVwze5TvaX2uLyqDZGWXGzv,0,15000,,,,,,,,,,,,,,,,,,,,,,
44k93bokW8XAySS1f9yXNpKhTEuPwfzwpeVDSMAsVRVr,0,6byxPvLAsXC3hF5K78LXbhNAghqQzzx6jNUo9ZvyKKe1,1,3804,16806.15,1,828,70,184,0.7766,9,847,86,184,0.771,17,850,89,184,0.7682,20,861,100,184,0.7619,31
4BXJmKKLqM51eLqVTWNXx3LzKrzdJGKjw8phtaGUGp7e,1,Bi3iJ5xShqbGtWxFVV1rGw6G8xvV5FKfSqbur8pUdrya,1,3371,6431.606,0,2719,489,66,0.8827,11,2743,513,66,0.883,14,2747,517,66,0.8821,17,2748,518,66,0.8817,18
45QasSARsH1hYhm37ryQKoxxUUdDRAvZaehiKS34pump,0,3LZpmE4nATbJfcfaPGLC5zKAS12kPKYZdfd3RDaA3JFz,1,409,17354.445,282,3,3,1,0.3333,2,3,3,1,0.3333,2,395,210,11,0.838,17,395,210,11,0.838,17
4D9QeeBsiF2mxKKaFt2MAKrC5Q85dqHkLqrxps1uVY9M,1,67UbiSkPN3Mo2WXuVCqSHCv3rbYd5UQ4HutrWoz5EhZL,1,37,19839.446,11,3,3,1,0.0,1,25,23,3,0.44,8,26,24,3,0.4231,9,26,24,3,0.4231,9
46KirRwaHxiVhLCapkqPj1M7urYChzmkGLRNyuuzpump,0,FY62hPwB4fWRMzDwkww3knDKBP3u61h88MHF4QCHdms2,1,309,13598.482,145,180,90,23,0.8111,8,278,159,23,0.7662,21,303,182,23,0.7228,36,303,182,23,0.7228,36
4EEzTYJ61KsA9L17d9QKCSwkPvQizEohwAorUMjdtNC3,1,FJFsyWN8uuJgZxoYnMWizHfPxiPEFV2ob3Yyxr7iMgLK,1,1263,4301.199,20,1019,312,25,0.6389,9,1020,313,25,0.6382,10,1147,429,25,0.6129,52,1255,494,25,0.5602,66
47nD9F5syjaD21XeY5N6UqKzNUmtvHyg1TACjKWnM1gp,0,7pt2PKQhWUeruKZGgx3esxzxV7izG3WrUmnoRX3PKXxK,1,3665,11358.736,0,515,102,72,0.7087,8,1179,414,72,0.4631,18,1181,416,72,0.4623,19,1188,423,72,0.4604,24
4F6Nq9nthRNRZFWNTki971coTRVXSrSJGaYbdnHnssnZ,1,Fd4t7UcvcdkPz1yNbLbURfVfSjvpmiJqENKvZku7QsKm,1,10,14275.974,63,2,2,1,0.0,2,2,2,1,0.0,2,2,2,1,0.0,2,3,3,1,0.0,3
48dwxqC6mod14WFKVPHt7FV7ccuAsKMikJtAHsqhpo8Z,0,54oRYorEg9wazREotbzzVb7ZvCF5WXnjLsVTVcy7YRyw,1,1172,16246.675,199,5,5,1,0.2,3,24,24,1,0.25,16,265,210,7,0.6226,86,747,565,10,0.6948,213
4FopmFzz2s3mkfY9tdUAakrqDK4WYCFKCwSvMuiKuTez,1,6yC76CbM9WGfdTU2VfXrbjCuV1L63zST6xmM7vEXxJCx,1,17,16232.021,13,2,2,1,0.0,1,14,14,1,0.0,11,14,14,1,0.0,11,16,16,1,0.0,13
49c7WuCZkQgc3M4qH8WuEUNXfgwupZf1xqWkDQ7gjRGt,0,3cmPpX8kKzEra2umtLCDxMfjma82ELtAMaSYVmdaNLxi,0,15000,,,,,,,,,,,,,,,,,,,,,,
4H8jSowzBRHqrbgSHLp1P7MzeLetbcWd7W7E2ZhGxb45,1,DRe2eyWQKfMfa7oh1Z1YC7v1jYcyaoutJ54g4duDo4cU,1,5893,4037.543,1,5423,1278,24,0.9788,11,5784,1513,24,0.9677,23,5786,1515,24,0.9673,25,5787,1516,24,0.9672,26
4A5sRvZeu2iFhwkEnF4d5CdxkGg7bUxk5wZ8bEhXL2jp,0,9GKBbXL8B7oLwSs34n4jLAeEdLmCHxo7QQ78pQs3w3DB,1,12097,19656.832,3,10,9,2,0.9,2,10,9,2,0.9,2,2161,1091,62,0.5382,250,3832,2585,62,0.3434,1006
4JNYWzBdz4jjcsuxPV3BWbwhgKuYFDDkoh9oSk4iLF4L,1,5XrQRNCu46N42j5XgSGgN4ACWAk6GQUtcBYjKdRJHgEu,1,253,7554.794,2,71,47,4,0.8028,7,161,99,6,0.8012,23,252,149,6,0.7976,43,252,149,6,0.7976,43
4BP1AACM2Kb9aP3bxhPgrHZR2h1Rx5p75nN3fY8TPFV7,0,HScxKkLiJrtb7bFi9QdubVbNQy3QbzAcUyyDzKGtq35X,0,15000,,,,,,,,,,,,,,,,,,,,,,
4KQLgUkFyTjjB7Rpq7T7u6X2cLo2Jfp5TbwfeW7yMJwu,1,DAVxF21LeM64Fx6tkY6N7GJcWzGZBvQiBphXnNmCfLSV,1,10799,9733.703,1016,1,1,1,1.0,1,928,96,104,0.7231,11,950,109,104,0.7168,22,1927,369,104,0.8485,40
4C7iSs4yzgcejyAibfLfsDXWfvuGXTvzP6NnSVvjKnA8,0,7fwg4REgzFkcEzKb3oLdsuEos7j1HPDqsMnyPjAk3QoM,1,45,16513.193,146,22,10,6,0.7727,3,36,22,6,0.6667,8,36,22,6,0.6667,8,36,22,6,0.6667,8
4L9V88tEZK6rFh4xSMufmQRAC3fQ1aTSEM1UJ5bUK4Bv,1,Ci6r55yUXBqyawfBoWwFb1aQpt4377bggGvE5EUqYoUd,1,495,9284.276,0,467,66,146,0.8758,9,476,73,146,0.8655,14,478,75,146,0.8619,16,480,77,146,0.8583,18
4DKzWpYPPBhSa4yCEkX66qYJ6XtXHSmGdw4MzwXVU3T2,0,FLu9NxnfYYYitxx25sMet21zBnB1YLY5eyHJnyrNrdAR,0,15000,,,,,,,,,,,,,,,,,,,,,,
4LnVM3ShNK5AV6aLFUSbEDHmYNjBz6pJukmNXm54AEvH,1,3d2fwXyFo3ZHXEJKh3GegSEdt2ZT8RERQc2v2vhkp5Lr,1,3940,3974.024,37,1259,658,11,0.0175,11,3850,1629,43,0.1,28,3853,1632,43,0.1002,31,3853,1632,43,0.1002,31
4ENXgmtjzrjC7JjodA7VUToAPLjW1SMEhkT5uZjspump,0,DsnaRXC8Y4xySURYmtvyBtCL9GhBPgNMFekV7PXzwiSw,0,15000,,,,,,,,,,,,,,,,,,,,,,
4MWtPDw4pGmaJMvG4wVUbTXUU7NsdnQyuhVXyeuNRtzs,1,9vT2ixcsn6gbSbSUCwbksDMHwFbRAZZtwNsVeuKFfRR2,1,79,17576.338,10,3,3,1,0.0,3,39,37,2,0.5641,18,60,57,2,0.6,24,62,59,2,0.5806,26
4FVjgGkFhmjWGrfvKeJy4fUn2LZj3XZUFT9jf3Bopump,0,J5eafG4vUvC8Lbyfr1wPsbnKUxjL5HyJUBwi8ttZy2Mn,1,11603,17006.095,1,1094,674,17,0.1929,11,4513,3127,17,0.1999,61,10716,7740,72,0.2152,353,11232,8248,72,0.2108,618
4NRqEEr2qNL22FvKv6B1RdAYer9wWEGy61N8t8tA1MKk,1,GgRhZz6FeN21eGvriKxBRw52mrVdVMjTjRicaUspvntu,1,203,17758.142,8,89,65,5,0.4831,11,127,103,5,0.3701,34,158,134,5,0.3038,60,181,157,5,0.2873,80
4GBDvRCLYgU247tzBY9sFGdCZAxgdEuSANrkp7BLtmRL,0,jPpEXKCkyLbuYsit2U5uceA6GfQrnoCF7kynTMissZJ,1,226,8563.688,25,124,43,21,0.8548,8,216,112,21,0.6713,23,217,113,21,0.6728,24,218,114,21,0.6697,25
4PFo67AACtcWJuoucXMyFw6wf9izR5c5GyiCpkQsD9Do,1,BdZCJGKdD7VtZSFFEafs9CV9N2RaXZhChBUBQaZVXxsA,0,15000,,,,,,,,,,,,,,,,,,,,,,
4GztxdKD2ikEAyqvyqTRVyud9uKA34ckkNgQwFJ1KQsX,0,5T9ZsNLjPuaCzsq4AkTiJJfTJf5F9gvJ7hxfrAnVSkbc,0,15000,,,,,,,,,,,,,,,,,,,,,,
4PqHDB6UovVqupTJy3yoRiK7VxDP68oHy6EhtYhBbw1J,1,BUPrnCs8E2nyv6myrtZGrR9rBebW1xGvq82FNNncoJ8q,1,1426,10189.01,0,158,51,26,0.4873,8,188,73,26,0.4734,18,839,593,26,0.199,202,1372,951,42,0.2398,446
4HqgNkg8V532ZRkQcRnNoTL2NK8o62Hyho4oU5Lf2kuc,0,A6otAs12ziFm2jHaZbnXnK3FkAiQGZ6SeBHDX9a6DStJ,0,15000,,,,,,,,,,,,,,,,,,,,,,
4QviQWbVS286y5Cte4virPnmMQ2hHsAzUMUzCJffCa84,1,Ahg5G668L4vtEtz7RPkj6oQw7cs1PDrhZT44KF9rnRn5,1,8349,13008.451,0,3825,834,73,0.8894,11,6738,2868,73,0.6584,61,8065,3729,73,0.6322,167,8140,3800,73,0.6285,214
4KJaJJxZRdeX9L8sZbPfGMCGex9LgmXr2wtyncFiv58P,0,Ec3EVV61zNp6j2MML14nNBNzWVhViZHtg47pHyHRvfaV,0,15000,,,,,,,,,,,,,,,,,,,,,,
4SJu39fU7Af7tpXXfnKW2PwU3kAXQya2LBBMLucUzNMT,1,4Kr73S626jUiR6yf54FQp456gSNhC5Gbmt3o5zRnbrCr,0,15000,,,,,,,,,,,,,,,,,,,,,,
4L2ES9EPD3oqE1cpxEzir73DTwVQv3erGym4KTzkpCkJ,0,87jZXYF5Yg6oMFm9KRNnNTTFdjknD67V9UAuXL9fegVU,0,15000,,,,,,,,,,,,,,,,,,,,,,
4TEi7C11G99qKaeerUxMJSRftaxgA7fidtP5hVVZE8Ax,1,GiVRnhYCJoc57GU56SHo1mMN3ggeFEysbmVmfoHpzozR,1,787,19859.293,4,2,2,1,0.5,1,754,258,45,0.6605,30,755,259,45,0.6596,31,771,267,45,0.6602,37
4LmvdjiWHfumC3Q2xGUVco7XWSyaNYPgsZDNKzCTpump,0,DjN4Z1HEQH9zm3nkRf9oHHNZ4tdex2Stx1VbcML1o6oG,1,696,4152.614,1,55,44,5,0.1273,11,145,124,10,0.1586,43,145,124,10,0.1586,43,145,124,10,0.1586,43
4UEeNzUzQkz4YdgitmWVJw67m3ipAGHhvKcGNQDqTC2z,1,88b61LFaSDo3wWcfsfMsHncV94TtcUSMShY5jz2KKmaV,0,15000,,,,,,,,,,,,,,,,,,,,,,
4MVAPc82Gw6gugLtTjQzvA3SAs5fDxRx3tQr1X9FrMDA,0,AgGpZnHTX6hfghTJj4B9NApmsowfz2rWDYiMbJeiwjXe,0,15000,,,,,,,,,,,,,,,,,,,,,,
4UtytbgQ9zhthHR6FKsav8hDf2KKyvJjTuiApqaSqzLh,1,ChDqUBV6WqDFACe6iybpdZuSPgJ9dskQw5ePupTr4Am,1,9167,7702.547,0,8992,894,61,0.9899,11,9155,1003,61,0.9847,29,9157,1005,61,0.9845,30,9157,1005,61,0.9845,30
4NAPf5JaWt2wd2SCSNmhUctaGq86jAZy2t74PWfppump,0,8vTBFj2i97NhMfsNMp7jMGv8t5vdLNeFTdcgyQFqfHxr,1,273,15155.822,18,268,136,11,0.8172,8,268,136,11,0.8172,8,268,136,11,0.8172,8,268,136,11,0.8172,8
4W8zNF7956JZywsvAMF3YvfpFvaM9inmW8LtSqV83trR,1,21SjksYJ2pYCaR47jsafCJh9ZAESr8mioi8NQDhhhCs4,0,15000,,,,,,,,,,,,,,,,,,,,,,
4NxnhKViNC3wJEdkWr4venJykFErjjUimbkEKCRopump,0,AmbRYAFjjTBvbA47PapBfk6uj2d2bVLBTnDLuK2hzpeD,1,12429,15495.714,0,1521,644,27,0.1269,11,8944,3979,27,0.1219,61,11431,6016,27,0.1142,298,11900,6460,27,0.1113,599
4X5eexV9tZppz7YQFMZ6CYzEEHKiCv7RuBs4KDz2Bgg2,1,AStGnjunaXhLR1pu1q1v42g2p8AMb6uJmz31SUKrHGzt,1,9,14382.071,38,2,2,1,0.0,1,5,5,1,0.0,4,5,5,1,0.0,4,5,5,1,0.0,4
4QEMf7ZbZoXVk2DPSwZUkcxXazPL3qccfovxv6A1GfqP,0,A7qgFV1Qo5xuUEY1GnSsfy4vnj3GSARxGL8vWdqw4KcN,1,12,13584.134,3970,1,1,1,0.0,1,1,1,1,0.0,1,2,2,1,0.0,2,2,2,1,0.0,2
4YFUpdyGnbYQUFT8wTaysp2dkMN7msfehtCyU8vy5i4q,1,7RuZ1Zt28m6QYUJ6SbWkBNUExjFxiwSuUwFUfqWDmVBx,1,2333,6359.178,0,813,205,27,1.0,4,1447,521,27,0.9371,14,1840,789,27,0.9082,50,1967,840,27,0.8973,59
4QtCzuS1m8tPjTWUQPrGNL66747GnGed16jJ1TE71zLa,0,JD5YoUVgkg9oBVwA5Roioo3GBrUkecbjpgfffa2633N3,0,15000,,,,,,,,,,,,,,,,,,,,,,
4ZJkuixCH276LYzyr3wJy8RbCJhKSp6B11STNgAD37k6,1,599gkbzQgqoYhg1mbfb8pFnwyaNnFLGpS1knTZ8TA9Si,1,4976,9798.815,0,3626,640,40,0.8985,11,3800,755,40,0.8589,30,3809,764,40,0.8569,39,4596,943,40,0.8671,58
4S9LSJX35A7rKDntgBup3vjYkiaVUKWa3PRDJm92pump,0,5w12ggnwiw3kwK4C1z5FyALWycoG4ubFsLSrYgaqE2dZ,1,13888,17288.356,24,423,166,17,0.8511,11,2024,1022,23,0.8207,61,12506,4109,71,0.8992,274,13875,4540,71,0.9049,318
4a3gse47yF3ypHshQLW7scqzfskDwysUP23WkmcNo8Xs,1,9xYwS4jbak9qSoD1SnezBBY23k49NNfiuM4m6GbQR9hs,0,15000,,,,,,,,,,,,,,,,,,,,,,
4TC9sF6NTKFjUiSzojWnnRZ8peoxUjNePJrnTid6pump,0,9h2ufNCd4gAVAoWuQw4e8eGveVDTNwguTV7bTQDtVY3r,1,32,13637.149,61,22,11,7,0.6818,3,25,14,7,0.6,5,26,15,7,0.5769,6,26,15,7,0.5769,6
4ax9eSynBeoVZ3xbDaZziiAvN3RuRjv2hrGG6JSunbdV,1,9aLsSeCUt9oPSLZt2gN2Na9jpskNmTGKJfJNUk3nfpDy,1,10641,4310.745,20,2701,451,20,0.0307,11,10372,1888,25,0.0438,47,10378,1894,25,0.0438,53,10378,1894,25,0.0438,53
4ThReWAbAVZjNVgs5Ui9Pk3cZ5TYaD9u6Y89fp6EFzoF,0,CKKuMECwW75NBNRKtYJz1svCycRHt4KpXmcNnHXiHY73,0,15000,,,,,,,,,,,,,,,,,,,,,,
4bqzVzJj3N4UCJ8NZMekVVvztNnS3asMx6yB7T8FPXSw,1,Ez5ZeZR7cdnt5hdXNc5JNqGhdyiJbbZefCtPQ5SUk9pT,1,3087,5572.163,0,2953,323,68,0.7501,9,2962,331,68,0.7508,12,3023,374,68,0.7532,28,3047,383,68,0.7535,34
4V6ymgApBUSjrgxdFoDfQQxe5tqNvcm5oYgSWFKZ2wVJ,0,DJbnDwVQn7B6kLV5LqBtRUaFfqi5y7Tjppid3LHsfU7S,1,5309,5811.895,27,3,3,1,0.0,2,7,7,1,0.0,6,31,31,1,0.5484,18,102,102,1,0.4706,71
4cTiWSmT7zqbuopZjJGB4b1FHUyMZtfXqy8GUnDotCGc,1,DUuhedLLuR7ZdJdoPVMrVpGkmhjvd7CYBnwSPV7wGjek,1,44,17553.814,226,10,10,1,0.0,7,40,40,1,0.0,27,40,40,1,0.0,27,40,40,1,0.0,27
4WQ81e9XgPNvHMRZJ9ttWNnQpWxetDWBW8Aspgt9KcFo,0,4YGu2jZW6iZrj29Fo94st6Crkt5a3zrJG2vuBFct5KoN,0,15000,,,,,,,,,,,,,,,,,,,,,,
4da3fbxja6rnvz5hiAQv81BYqRUCKvwrg5MwXFGmZCTC,1,9Q2gvgV4gnqVZTjBFVLArswqhbs59mD15kSjeHCTpoex,0,15000,,,,,,,,,,,,,,,,,,,,,,
4Y19srd4Z7gMCNgVESRotVtKcNF7PEyq9o2AELVFpump,0,ANibLFtjXdAEhvqtoeYSBfVmkTqzSF5Q8aWVDEEKSkSJ,0,15000,,,,,,,,,,,,,,,,,,,,,,
4eZCJoL8kFdA1sRMes21KvGwtCiNX2bLndH1rWRFJU5R,1,AKMkD6JHJAWQvFt3Y3JgH9dZ2sc8aMbBxZpzcrMSLRrF,0,15000,,,,,,,,,,,,,,,,,,,,,,
4YaEWfZgcJ7uWaGACmQBJUXzCJoKyqhLqHBjFrtXg3QP,0,z7TUu57ZeFgfZVZJ4q3zGTwB6ECiPL1jLEfEZ92vayn,1,9704,10410.695,0,8072,971,50,0.8673,11,9551,1523,50,0.8392,46,9582,1550,50,0.8381,55,9621,1589,50,0.8349,79
4fTD65Ye7uTwWd1pRaxfcysk1uaQd8W2e4knUoF3QvHr,1,JDmMsSsxioadfzpBQ9HfBYfW8vxypQnMmhRNe2kHaNvY,1,2386,3651.136,0,1878,649,27,0.9585,11,2210,862,27,0.9529,39,2372,964,27,0.9515,52,2374,966,27,0.9516,54
4ZaoSoN7bHu3AdXMSdBa7V8CrdFB6dFemoJqYXgk9huF,0,DTSn6cKuGsjuKWFjg1P1vyuFX7xeq3kwgMApv2SWHKZD,0,15000,,,,,,,,,,,,,,,,,,,,,,
4gnvu6Y3N6Y1fRMEUs5ywAReiMnArJHpwxUDF4RD4UnT,1,HKU7tCPyrwznPwJd9FU6BhgM8adTGn4B2mSRmd9vuaLv,0,15000,,,,,,,,,,,,,,,,,,,,,,
4aqzJyTavMWcdhL1ihht1DZsMjBQW3gjDo18qQLYjsAX,0,23sXNnjKVatHoTrvqGkeGEbhLyTLCz534DLUGqtLdk1r,1,68,13798.783,96,8,8,1,0.0,6,30,30,1,0.0333,21,30,30,1,0.0333,21,30,30,1,0.0333,21
4hiHyzuWNBjhLXDaWa7i6PiHJhopmZTKdK5ig9LK33DB,1,4wbxLErAeCcYzegBd5psxLYjUQ3NsPiy1bcrQjQAxHcR,1,723,11720.214,0,577,36,60,0.948,4,596,46,60,0.9446,6,643,79,60,0.9285,15,650,85,60,0.9215,19
4cGgVsTxohvq6uWspF4CVLHA8JQedhDnKDSaEXzbpump,0,4jzE9iQpW2KMewQPR1WH9UEZimXpC7KbNBBDuCgceRAP,1,252,13792.294,43,50,47,2,0.5,9,234,180,9,0.6368,33,238,184,9,0.6261,36,238,184,9,0.6261,36
4igbVn3nWF5TGRfXCHgfprVTasvTFctSrdPQthEJRhbE,1,GDw69uoTqFjKEQ5E7D43JiuvZ3nVHXo7BBhHiZhM288g,1,1122,3962.533,2,968,534,16,0.8481,11,1070,605,16,0.8467,20,1076,611,16,0.8457,23,1078,613,16,0.8442,25
4dEYWwqckJdDFL2EboPmk9hwidqaK6zMZVFF6GWvpump,0,7eJ9fJBTuK2hK6jcjXg7bYtpK5p9fxx3fwEg6i2zUkv,0,15000,,,,,,,,,,,,,,,,,,,,,,
4juqXPMPsTVarEvqWjtBx5RcYvh8r4H5247dVHNVoLCx,1,AKuCci9Ya5bMBuVY8cRxop9gJcbbhoVcZMd5BUuCRqST,0,15000,,,,,,,,,,,,,,,,,,,,,,
4eFtZs7Y2dVNTFwSh8Nv6zjQvnHFAUs6whxb7KivYGAp,0,G4uQ76K8PcXWNHUeFMrN7SQbutpAfMVxjTB2e93r9RRA,1,10,15054.237,95,4,4,1,0.0,3,4,4,1,0.0,3,4,4,1,0.0,3,5,5,1,0.0,4
4mFsYoJEkAsyNCSGrWR1KKUQeUV9hhSFSc2zxLe9jB3s,1,AQnLf3WZg46PF9rRpBv8PpDg1jBB8xqwtPtDkE5ceEEh,0,15000,,,,,,,,,,,,,,,,,,,,,,
4eg9q44p4r81f1jBMbPmJt8Bcf1i1bFP9QZnzdDmpump,0,BobdFWzUQ8KN6NDmGthNdCXLbme5bhrasomL7c9jcoY1,1,4098,15889.354,40,141,91,6,0.8085,11,748,494,10,0.758,56,4090,1887,60,0.8482,157,4090,1887,60,0.8482,157
4nW473snbJmBuHjzBuZHtfuNu5mxBm8iNmA7rvvXTyGJ,1,7VLdQhyiRUVomLD15MzqyL87ewTowNmYkJqXpWn2eGbS,1,766,9254.526,2,468,144,48,0.8226,11,730,361,48,0.7932,25,737,367,48,0.7897,29,738,368,48,0.7886,30
4frxeZRX6RqbmRKL3rrKZMz28FH4Ce3ehdMHg7c3pump,0,3Db6i7XxsGW7fCBfxkpC4xLQyv6wDzEGGCPpzpXteDHd,1,8689,8911.111,0,552,394,10,0.2681,11,1065,822,10,0.2404,58,4052,2513,15,0.1029,336,5180,3575,15,0.1079,824
4oXZcHEBCfsEwLbxMZG6jEuuJqnCKrSjJHLt2EYToqv6,1,9ZDsiwaLH3SFUx2SoUc7xfoLfemMSMKjEC2zKs27iAF4,1,4492,5020.559,0,33,29,4,0.9394,6,2872,1105,12,0.0467,41,4409,1836,26,0.2674,108,4462,1873,26,0.2667,130
4gxJY3L3WhGurffkBisGzDZ6m6G7KZR4demZdM2VgT31,0,C5rrfaeYZErRQ1TSBtcgS1zyRDwTaiT9RbTPcYupTZ1,0,15000,,,,,,,,,,,,,,,,,,,,,,
4p5GVnMZYrwzp3qJfAenvcQVNzfCQxbd5QsRuRgvpump,1,EfPkajV2Sv4Xp6SCT45Q6HhvpTMJEGoovXcuWoTZyMVu,0,15000,,,,,,,,,,,,,,,,,,,,,,
4iEkSPpXxjsD6fRY9UmCGX73NJch5yakPzYt6McLpump,0,DeEgv5Z5KG34ReuBwBW4Lyb8JyYnvGPKWMo8kKZz58iq,1,493,16833.66,264,2,2,1,0.0,2,24,18,3,0.8333,5,55,39,4,0.7818,12,233,169,7,0.6996,68
4pmZnQ4WHBpAXwzAUinUHvBbSJsMbcBsnPBZqZ6Jb3Ry,1,6zGDGSPDS3L6LhFHmdPqx4PnuNyZ7njD9Lf5cytUphcq,1,9466,6736.431,12,1784,475,21,0.0611,11,9441,2359,21,0.0493,53,9447,2362,21,0.0492,56,9449,2364,21,0.0492,58
4jfzEgBuoNXQWtYVUQ1HWuCNy8WyLG7Jtq1efwZGpump,0,GAXiJcS7HnvPY5DEPdrxtTHc1MPGt4urCPUiJPHwxWHN,1,281,15343.435,18,234,139,11,0.7521,6,272,162,11,0.7316,11,273,163,11,0.7289,12,273,163,11,0.7289,12
4qmaohegMfXzJ714E9LdttWMXLyvJkWpxrKB9LepqCSR,1,8xtKFoSBnFZTeugaVSVKphiXw3TWA4rU142LjqdXJgkf,1,3499,10042.714,0,344,79,100,0.814,10,1675,1159,100,0.4507,60,3450,2623,100,0.3681,157,3474,2647,100,0.3656,181
4mRuT3FC2Lb1yZ6FTTET3bZDABqasvafbjtU5pF2pump,0,ESoUhpxJE2BmKmXTaeNAhJJYZcWZPMv8jQDVz61JikPy,1,6006,13986.868,42,185,110,7,0.8,11,866,486,16,0.8014,53,5333,2572,40,0.8266,272,5996,2752,60,0.8319,304
4rii94eJ9oh2rPNQY4y11gz4g7CtTfH9pULqFoCHFeCC,1,7uJZ9s5dzQ7zo576dtCTNsChTxMGR29FfW7BbpUrmy8,1,3762,30190.125,4854,1,1,1,0.0,1,1,1,1,0.0,1,258,229,3,0.5078,108,319,285,3,0.4671,154
4nSoxJPfBo5PPVBMnXQYYTUfhdFbir85CicJViZ1jA6a,0,FMCQxtLRc7H6Me3A71sc2TmLA7qyfFbvqoZ4zize5PYT,1,1265,9335.222,0,805,389,9,0.9988,6,1219,590,28,0.8909,40,1245,616,28,0.8723,63,1249,620,28,0.8695,67
4t9pcJDPQuvaMscsxPK575B5e6n294mWBwfs5d4J3jcv,1,EnpsmLdziN4HJcHhrz8d9xd5znTcfyzpymq8LaVWSh8r,1,783,18160.122,3,4,4,1,0.25,3,4,4,1,0.25,3,29,29,1,0.069,22,122,122,1,0.041,83
4pKLDWLAELVRDr9Lit7KvwRkt7XrmhBoen7EM4CoDQ1v,0,9LqFtDnDR8jX1rjSvHCU18zrSW9EHvm21YoibkrBwNDN,1,8026,18413.95,120,54,37,4,0.5185,9,299,223,4,0.5886,43,777,641,4,0.6165,168,2664,2366,6,0.6821,621
4u39sHM35AaXbK4nBB1emUA1exX4J3dtV5hqLCpq6qZc,1,A4ZPsoiRiDsJPMLonbxgAv4x4MwsKazkA7jkBcGsC96y,0,15000,,,,,,,,,,,,,,,,,,,,,,
4qLmn1dYTgWJ3x3uCSpBQir1b2M5ckLRj6gvFGDwkjFF,0,AAgZo9wBX4Ns26NK2hUfQLSfh7Zy64MVjb8AoCHHaU6K,1,301,15653.245,10,3,3,1,0.0,2,3,3,1,0.0,2,157,133,4,0.5478,57,272,235,4,0.5551,109
4vHBV9VVHbfi4DiziXeDWoqJbNZfenzZ4NkXQ2AVxXke,1,GbHDnSnNa6oCAzXu77oUiuKbTzKKxk4aS2wvQD6m9hJF,0,15000,,,,,,,,,,,,,,,,,,,,,,
4rVJEV6FFkoT2HcWMo4Kswh8YaajP965ZF2vNwoaNvsg,0,CU8L2bFYi6a2V8C1QzAAjVcgbXcZzoKn88i2Box7tEaR,0,15000,,,,,,,,,,,,,,,,,,,,,,
4wBxVumKnzxNstAeraVuLAdRXKNShm4UQjqdYDF7bhWA,1,9f477c3GUe1LWhuzQkcsV4dwdZH3Gt7YAbYzGzb3QXu,1,230,21883.267,2,23,17,5,0.4348,6,29,23,5,0.3448,11,33,27,5,0.303,15,38,31,5,0.2632,18
4seLXr2ngqsNDSGT4Ke9n23x64zdaNtMTV6fK8t1pump,0,DhP9hDCtWaNcYSsXLXDGgzFdMfHQgm6Z3qkDeMrHeJ4a,1,107,14231.899,24,88,76,3,0.5114,10,96,84,3,0.5,15,100,88,3,0.48,19,100,88,3,0.48,19
4x4oyYFsKV5ftDfCBicbbfrwT1jcMC6CjVTbUA2XXjjZ,1,mAQ3TgsSnQPwvjvE2YyGkzi1xuCUmMUsFhgkFuAUUWx,1,12669,9647.515,0,11765,1333,41,1.0,11,12527,1523,41,0.9919,24,12542,1528,41,0.9919,26,12595,1561,41,0.9911,43
4tJBYy2cZEfv9Rf8pmpswmyyRgb3zQ5JK5bnRfqipump,0,J3SgGZstp6TtWh7swQnZQ3u2aMGDDxxkdp7J9QDRYpXQ,1,930,15429.146,91,29,25,2,0.6207,7,78,67,3,0.6026,21,924,592,27,0.7706,116,924,592,27,0.7706,116
4y8Sit5EFk2PrSDkjANw49GF53Rh41auMCcgHJiJfJZf,1,GRtzKBpBgFtcAJFwW7U7TjEDh4g3AKqdvZrR9dkWD51L,0,15000,,,,,,,,,,,,,,,,,,,,,,
4v14k2vBuoNSDLnMa12qK2pqokp8K7ZpVU7uWjZgpump,0,6LWFeP7GXRt2DmCX7Kto25h44BXU3VH3RZkkz61iNAzA,1,24,13846.871,60,8,8,1,0.375,4,18,17,2,0.5,6,18,17,2,0.5,6,18,17,2,0.5,6
4zBNPFDXrVAMEugVQyeN1vRqkep6wVMnryHeniirEA54,1,2HprxVg8aLrgMZgZS4UyBxRkd97PFMBkJTB3kaANShcP,1,369,4375.529,0,339,83,28,0.9056,6,360,97,28,0.8778,14,361,98,28,0.8753,15,362,99,28,0.8729,16
4w4u6qFzmPvm4gZYHVgrkoTmCBZuqeN1tkHghmvqNwzA,0,3MykjM9PSfLYM47ytjfJ27zWxPbH8BoJxoguCghbMwEL,1,306,8368.222,13,19,19,1,0.9474,10,269,169,16,0.5279,27,290,180,16,0.5621,33,299,188,16,0.5753,36
519unRD2jNiaFESTnW81ZUT1NKMCD9NhkV1WRk7tSEaM,1,CzLX83Q9xHoaxPgFHevsVdnQv4bdgYQHn2x3gHGngrmz,1,14254,8442.495,5,184,106,10,0.4946,10,771,498,10,0.4228,60,2350,1653,10,0.2923,325,12254,8579,12,0.1559,1382
4x7xoqc6ogyBpQ9jKAWRsNJnUkBzAmXsE7nTa3a4pump,0,689RqfEpq7XEvUqzJEhaDgHtZ9wc4GvAbgB1PT4UFb8S,1,387,14306.193,37,65,57,3,0.6,9,372,303,5,0.672,49,380,311,5,0.6579,54,380,311,5,0.6579,54
51mLZmyt4DRMbAGuSCWoC2S2VpMvdT2aYaXp3wNNPyVX,1,2hqJM83cC5cCdcWwkZMGrHNdVn1Ua7dP8VqVnxr3VZAD,1,110,18018.629,9,8,8,1,0.0,5,82,82,1,0.0122,38,106,106,1,0.0189,50,106,106,1,0.0189,50
4y9E3tJpGNzRr1592oWTPECgyp2VDSc1Bf3DqAm5FZsK,0,8niQsvsagE6VWwBntfrXyuNAkXc25UGoA4NYsthiB5yq,1,294,13491.16,112,3,3,1,0.0,3,5,5,1,0.0,5,105,66,15,0.781,26,288,181,15,0.7951,67
52WzejLsyEZSQVqSQQox7UMnjbesxhbDNxCDpjcDVssf,1,J5AUL7Ly2P8WDDvQhc8278tN7HVpcALa8d1vsN5jSqub,1,230,15196.399,7,103,65,24,0.0583,10,163,125,24,0.0429,30,171,133,24,0.0409,38,189,151,24,0.037,53
4zPVu48xLuFoPSYLLBBbgadKzCmGTzEviuNxe77Vd8q,0,Gg73zff1AjhYYJTD1AWvfiQrVCsE3bxruGntE65UpdxG,1,11155,2216.966,0,8534,1175,29,1.0,11,10899,1737,89,0.9911,32,11063,1801,89,0.9853,57,11111,1829,89,0.9841,71
53KRVifusDxL3c3U5PtDJcdzB5NHQE4wiWjM5FYsGQck,1,CpGufqFz5pbjuKPpzR23eELaphNGvri29jM2g4dg5hPV,1,3728,18599.74,1,1141,527,15,0.5802,11,2337,1253,15,0.3774,43,2391,1307,15,0.3764,87,2608,1457,15,0.4133,143
527rGhm2iBD4ogEk89MX7SA3NdpCwyBZ3fA8pKaoHg6E,0,83NbwaAABHbHuNbAjPvBG4kGeLTdvARzu63Mw7XA4Lxi,1,314,16131.111,96,8,8,1,0.375,5,28,26,2,0.4643,13,190,116,7,0.8947,21,190,116,7,0.8947,21
54Zx9tYyw4nL4hP7FdNcM5pVSMSN2Dpt1pTMWzu3N7Eh,1,BmvXMydry6LzjrTWgugyc78hfg1wRqer3LPyTFYQm2os,1,2098,22054.229,0,798,210,15,0.9436,9,1108,409,15,0.9079,46,2031,826,16,0.8848,146,2077,867,16,0.8724,178
53ctv3wwFXQbXruKWsbQcCe7sefowyu96pXK6FRLTjfv,0,6HbbMzmrk3kD8dQAaRUAUx8iqvsFQuboaFWk5Nvdx5Hh,1,1418,9038.321,2216,1,1,1,0.0,1,4,4,1,0.25,2,56,45,3,0.625,18,391,323,5,0.8389,144
55HumD6KgjoLfc5QKKj6Ah9PLwYP9mhD7fKjYiyQmZGP,1,7ADhW32xsGXDeYJmQeLYAWsEoY17qxzLTgXAky8yx8Uw,0,15000,,,,,,,,,,,,,,,,,,,,,,
54gCkTZSd3BLCaLp6LVvUYKtg4zVEyQ7o3cRDBmp5hnP,0,4UTZfJx9CJb1ctj1PyxTq7apkNWRuekzxLjFhEgD9i3L,1,3929,3039.932,153,5,4,2,0.6,2,62,48,4,0.6452,15,73,58,4,0.6438,22,1172,637,19,0.791,122
56PqeE9pPVYRRTfJSa2fyJdnSgfwXMxpgTeeqr2e46UG,1,FR3ix6rHGeAGwp5rUCJbGer7w4oQSYBuEG6aw9Sb3GQx,0,15000,,,,,,,,,,,,,,,,,,,,,,
55CBaRQHioViqrMx16ZuvbrRNVkhLXdFWmKaKJA83pdx,0,8jSSQdFwYYaY9Subt7iVEXM7xGCVzoFbza4U22eWfPpY,1,2267,6479.374,0,1681,554,23,0.8453,11,1766,627,23,0.8426,19,1770,631,23,0.8418,21,1774,635,23,0.8416,24
57Hui7bvUvnvd71Y9xzphpPweH9NBt5EcxXHxWw7pxJt,1,7Acb4qaEuxggwByuoWYSybNMmVeBS34x9XM1FLf41WCq,1,277,18548.858,658,1,1,1,0.0,1,5,5,1,0.0,4,7,7,1,0.1429,6,28,26,2,0.4643,15
56mFmMWJNuVQNbkAKJgnNZXzFNYvNL37ZpiHruSEz4fX,0,J5xyfaJenDhY6JVcqNnYU2Ew56ASacz2z3pruzi99eh9,0,15000,,,,,,,,,,,,,,,,,,,,,,
57oyAM1JEyCuawQ6NDaZHxKS9pL11owdEc4WjkZf42b3,1,48zVjxHJ8GL6EE88oTy4yHyKNkBd4FAi69SfMVX6ua9u,0,15000,,,,,,,,,,,,,,,,,,,,,,
57Q1Yz84qAjpBYb4PAayPP2Ftdc4NoVsaWH14wHqVc65,0,4kienHnzU5XTFBgvVzX9cPy3pUhb1A5fND9vfV6EJ7Xr,1,1498,12123.074,1,1422,86,105,0.9866,4,1478,105,105,0.977,14,1479,106,105,0.9763,15,1479,106,105,0.9763,15
58ocodGiBrNsdQo9RPn7NJ4mJJAxZ6bLuYicnoAc8eMV,1,BsWDaqB7GgDjmtFXt3nqNY5rvSxGeTfqZYF7hr2CytrY,1,2250,17266.895,53,437,256,6,0.7963,11,1640,957,20,0.797,60,2237,1320,20,0.8073,99,2244,1327,20,0.8048,105
58umQaDx3duQNwUCTbGAE5k6VaqLi8EcFgjFiXPTRjzM,0,GFrcFohbmF2EuusgZbLwiqM7Wf74iysiStv42PTXa3in,0,15000,,,,,,,,,,,,,,,,,,,,,,
59f6QczJJsDGup5nrYnWcyz8idJsSyUMAVvZXNmnpump,1,GFNSBS9MX6SVznX3T4uNLD9BFoZmtMJcbUugfj1zZFya,1,6108,17919.579,1,2416,743,197,0.3986,11,5389,2339,197,0.2828,61,5729,2671,197,0.2732,211,5874,2812,197,0.269,328
59u8qAD2S2gEtsY5Vs7dJ95YspnHavyHEtRfzCEb9F7G,0,J8kcXonqdvBjU8KiXjqNeUsnP9m8zmjCwmrkj8Dmsjxv,1,47,13823.926,43,25,17,4,0.6,8,28,20,4,0.5357,10,41,26,6,0.5854,12,42,27,6,0.5714,13
5AgxGp7Z29jYoheCahhNhwYJHov5tUTTRJoTHEEb98Gv,1,FMZe1U1wfumBeXkQ4Zy4KqK6ZDHjaFLQ1QUdWgufGVH3,1,2564,14795.111,93,7,7,1,0.0,5,42,42,1,0.0,28,82,82,1,0.0488,60,123,123,1,0.0488,95
5B4A9DantbD6eq8hdjqRrVJmHErU3PwUhRKAfGyj2gL1,0,6GNNb8GypKLeJyAheLBnLh73GCMCFQJFPULbuJqhd8Cc,1,11649,23410.6,1,561,208,94,0.7166,11,1190,741,94,0.4958,61,2705,2182,94,0.3257,329,7364,6393,94,0.2402,1178
5BUTracU4qv1Qk4kLjkftVKwhyAVdgBY11jfs5raHWgt,1,GYUMEW2GXhMiGRUBW8TsZdY23wJerU76UnmSwAsGQjiT,1,9969,6750.575,0,7747,736,43,1.0,9,9863,1207,73,0.9458,39,9874,1217,73,0.9447,47,9877,1220,73,0.9444,50
5BnnjaYohy7FTustb9xHtmC7NEUNBzbcBxhnhPTaauAG,0,GCthBL3dn4UQXYPoyHkYrUjd3wMwKeAoaAs4VTYJcYBm,0,15000,,,,,,,,,,,,,,,,,,,,,,
5CmYvAEfQkQLckmJ6WD5Uo548AjJLnmB4oD1gd1YQXKZ,1,8YNJ8u1w1bbuEcZJQE2TgHrEbAvxN7ELtZS2zNvABizH,0,15000,,,,,,,,,,,,,,,,,,,,,,
5CLSw4viyMLfnRHHxZpDF8CuZt5e1ceq1AJqd4GjAJNX,0,52jvV57ca7ePW5guvCs49fA9Tics2vKsM8x2XeKFPE4x,0,15000,,,,,,,,,,,,,,,,,,,,,,
5DXFVK7RQNyvhxH6gu1oDeWtPVHmWgLb9yCeCMGEznzN,1,BLLsBnct7FaTrrRaWbcPxSsxnteXAU6o3efjRQwhSkdv,1,700,13915.169,16,14,14,1,0.0,6,62,62,1,0.0,34,102,102,1,0.0392,60,129,129,1,0.031,85
5DaaNycucxW9SVFQmKWKFaFE5S21Bk1EdJnN4cR5bcHC,0,BTm6QeyKKPyXFxtXpN1TtXWS9rdHguaBNdpGtX8sj2sT,0,15000,,,,,,,,,,,,,,,,,,,,,,
5EgzDqn75zRc1xyxUqHiC2YCWYoAbnwbx2zA4mp3KsPm,1,4L79PbbipEJNcB3bY6p3yjeemeDxmjrWB5cADSGLkw2B,0,15000,,,,,,,,,,,,,,,,,,,,,,
5ENMsAru7reMkWJJd78cGThBtjVVKVbWJBhabrA8pump,0,59V8Je92Fp1cEKw3cytuL2j9Gn5LtkgcuGuywXAWrEmv,1,598,15510.228,34,3,3,1,0.0,3,3,3,1,0.0,3,40,29,5,0.7,7,85,71,5,0.6118,24
5FRehsLp5uGTZN66MRPpUmDsq7KkjNYhnQ1RCrojMdTg,1,FPeoEJYTo3WpWHy5CvqXR8P7MjRaLU8NVxhbG4SKUGZF,1,1629,4216.214,15,699,257,24,0.8913,10,730,271,24,0.8849,16,1618,526,27,0.9234,27,1621,529,27,0.9217,30
5FPkH8FZDBwRrmbr5VDyH6DHWVKrak3Fih27CXcNpump,0,HpjVKS6k9Z8kSSMc7iAuEQiAyvysVprHqvw3fkPFB2a,1,257,15496.56,97,25,25,1,0.28,9,125,110,3,0.504,37,229,197,6,0.4716,76,249,217,6,0.4458,93
5GMSHX3TKqdpjwVSZvRewoNxdpEUJkKpvCW8L5ffgpVQ,1,Hv19iTF73e4oQE2f3asg9iMhDtgFdNZot9UqcxjdFzxH,1,2068,7066.273,760,1,1,1,0.0,1,1903,240,141,0.9159,13,1968,291,141,0.8902,57,1987,302,141,0.8817,68
5Gd5vzFS31oSb52Jegvncrhr5Bt4MGRHqz2NepyJZcHh,0,5SpGAMqPpRN4D8UQn6L7mwBZJraUyC69yWS73rDjLDun,0,15000,,,,,,,,,,,,,,,,,,,,,,
5Hp8Mi7cCrvGmpjL3MsCJG2SDmWMG4HoUTAuFsHWP6jf,1,5irAaiBh6WccyAjvBNkH8aECfaCBWAyhT12oTNqPakzZ,1,27,14255.192,82,5,5,1,0.0,5,8,8,1,0.0,8,20,20,1,0.0,18,20,20,1,0.0,18
5H76n6pgkYCmvpWoSvhSL8yeUc3bXQvRQB9rJdb1hpj1,0,Eo4CT76AEyTxoZmwRsyp8CB3ZE4U28y5R5Jet8XDQu1s,0,15000,,,,,,,,,,,,,,,,,,,,,,
5JmJFTHAkGvLMi29rCeseoP6WSaUJULRb4WuGwjq8HVF,1,6emN1axUUnXg72Ab6ks1ZFEVyxtXb7H1ZPenxf5CPCru,1,482,10346.635,6,105,58,36,0.0571,10,222,172,36,0.0541,53,357,307,36,0.0532,149,420,370,36,0.0452,204
5J2Q975h2L3A51UMBpSc3hLW9ubdPF1nURhukyJnscCx,0,p4RhZTxLdQcjud8WjpJQmWY12vYpToehqgUPwxVCra8,0,15000,,,,,,,,,,,,,,,,,,,,,,
5Ku3dXMhkct6i9e4U3z3x7g32YmQP5mgtZFbpA8pHgKU,1,HRWsWctWV7pNZkmNJLgKYYpo769J2a5FQFyoQ6pRNjNT,1,5638,15251.833,1,5422,918,49,0.8574,11,5534,1000,49,0.8498,21,5545,1011,49,0.8485,30,5550,1016,49,0.8477,35
5K6T5MAPmpzxxJyyofYWG8kqNW3hcm873af63d9yfyix,0,D7HLDfQuoqTJSTnc4tRuHL8CTokmc5EMdmCeR9yXChms,1,8264,5267.965,0,7715,963,115,0.9246,11,7834,1019,115,0.9169,28,8201,1201,115,0.9171,43,8260,1228,115,0.9168,51
5LxU5BNXGNP67Yx5ZM1284e4MdwqDvBGAATbTAtUhs5P,1,EoTQnqpT79dZ5v7H6dZ4PDXZ9jubU8trAnAWv51Gn7QB,1,13283,1167.641,0,296,202,11,0.1824,11,1915,1539,11,0.0883,61,11905,9802,11,0.076,361,13265,10897,11,0.0701,431
5L1j785CKZrUgDKMeFRETQe75sVEJNMjzfNRXcibVX1Z,0,Bgs1Mxg5mgMa6dhLiAA6NsGub3ABdJHzec7VUYarXLrd,1,4380,3994.155,3,1238,595,27,0.0929,11,4357,1616,60,0.3989,34,4370,1624,60,0.4,39,4370,1624,60,0.4,39
5Mf4ro33BSnS6UNYAAuszvZGx11pycSnrZUwjJH7Nn9Q,1,7BD3KmQZ25RHguyqorfSCqcJijCeC934UDmd8digqAAM,1,1439,8182.856,3,1173,546,26,0.5226,11,1339,692,26,0.4944,42,1395,743,26,0.4746,59,1412,755,26,0.4731,70
5Le2o3ryQYHqzhSsNgzWr2eNCUhR71HfJ11eEN4yMDHw,0,EUBvn6vXMRFoBUn8vN6u9SQe3yJvGPhyxBmJoGkMAkHM,1,1193,20013.472,0,683,262,68,0.8302,11,1172,597,68,0.8498,26,1173,598,68,0.8491,27,1184,609,68,0.848,31
5NhbDrmG4DtAN6HZAieUuF9azEk6qZrfCvt5xth8Xu2u,1,DaA55GLSPRMDFvnjvvJXoWFwWXLijDjhMM5mMsoUwgNX,1,23,17072.868,29,18,18,1,0.0556,7,18,18,1,0.0556,7,18,18,1,0.0556,7,18,18,1,0.0556,7
5MkgWmmBbjoPgfZFKk5nUyxMd4MuKVLYPoFXGe3bmrBq,0,5SgBGNuR82vascevMV1r6htHLZ1j9fkPv83f17QEQEQ5,0,15000,,,,,,,,,,,,,,,,,,,,,,
5PtJSvYydk3ucqWXp6atrMJpTbaAzxK4kZu73JRDRbAY,1,7RkyF2o8aGZYjLzye9W8kQf1Vu4RQZ49gFZFzSZWt1vb,1,14840,22464.614,1,7526,672,134,0.8732,11,12520,2848,134,0.6795,61,14335,3941,134,0.6453,181,14369,3975,134,0.6439,213
5PQ9K3NA7Hf8ZYwB5TuUfMiD9mNzd8P1S1fkc8rmpump,0,4ZcT6VysfuATva8YwFrC8jvS147QmkeYoWcEmmXLKFyu,1,1763,14076.104,66,225,111,11,0.8444,7,881,411,11,0.8661,41,1747,731,30,0.8569,123,1756,738,30,0.8536,128
5QcFV32Nn4vAwU6LfWTgoRYAMDfnR3DCuckQ9mSbUpmh,1,8urNe3W4V9oLzvefXJnsYHWyWbB2LaNLgNbwiSaui8L2,0,15000,,,,,,,,,,,,,,,,,,,,,,
5QG2RnNmQTuTyY54qQYfAaZA5PYF8tAL6koAUtFNY9Mb,0,7Jk7yxK7TdFN4SJNtttEEZqFeo4tzPibjBPw8djoHBQN,0,15000,,,,,,,,,,,,,,,,,,,,,,
5RtLokos5AB8N1RTwDDzWC1L7mPttKn2H3znwAdWzGfz,1,3JYDfPBrFNgRb1dk5AApFvHrio7ZGG3diBnNo3H13wwN,1,434,16689.907,30,25,22,3,0.28,10,428,187,43,0.8224,31,428,187,43,0.8224,31,428,187,43,0.8224,31
5RPdyYBgVjddFfoau9dEzVwwBMjA727EPFVdPJVjpump,0,FemP7XQpT5Eb7NFKve1re9jetHRBhgeBZXgByUmXhH4e,0,15000,,,,,,,,,,,,,,,,,,,,,,
5SupXmNTNGA24om5xGK5aKnbXwLjcDtj48MNDwVX7dtR,1,5ELyEMEVsL1eN9mqbVnq3K1z5paQnFF3Xf6r1JcxM64r,0,15000,,,,,,,,,,,,,,,,,,,,,,
5SJhqz42ngq5CnQ9TWdVcvFdfFdxzK65UJmVF9vK78Aw,0,BLNazWofYBMGKbwLPAXmJvTdYPsssSpwXvg58n5an2iL,1,884,18000.081,204,23,20,2,0.6957,7,215,147,6,0.7814,27,837,650,6,0.7611,139,873,681,6,0.7572,152
5TiugM6t44cWAKvaJN6x8LzXXevn6jWwxcJ992LW6ni,1,7ageXxvWZ6XRsz4gtfB8dSQAUZcFaUU47zjr3fRuqpDe,0,15000,,,,,,,,,,,,,,,,,,,,,,
5TVeS5w1BYE6RwddLwdFDatr4om8XvqMMaEjv9HLpump,0,FLZ9dB6xHVJLFHypTyntrcf4NRgHsMrbruDrVaNLpBo2,1,318,16504.583,22,46,41,2,0.2174,9,311,226,7,0.537,42,311,226,7,0.537,42,313,228,7,0.5335,44
5UqW9U1G4EtZt8wASfxqPhu7U2DCfcKXB3KUQVstYcnh,1,CMhA3gWeKj7zt9ABAqYuuJQhojnoa1LnF3uZqELJTd4e,0,15000,,,,,,,,,,,,,,,,,,,,,,
5UBHWVnNp3EkVybEYgcmmKujEduMQj1jQFkn3CgJpump,0,3xHQ5v3aLzdk8p7pmg41sGPEXcikMowhkwc8iVBxk7q5,1,5266,18185.847,18,489,281,10,0.863,11,2440,1539,17,0.8529,61,5256,3120,27,0.8727,125,5256,3120,27,0.8727,125
5VwC6TLvgRNA6PaqbDfNNijckWkdTxHKReQ2eVpJxRPq,1,8jeXkRd8GWyJt7Mp5Kn7uBq5P1LyhpYMDzbwPKFfFZq1,1,50,14646.221,79,22,22,1,0.0,10,22,22,1,0.0,10,22,22,1,0.0,10,22,22,1,0.0,10
5VQU99fFZrzuhLcp6qkUjKz5UPPteNKhQngHGyeF24V1,0,E5B9hYTQ3x2TyigtvKzbM5BFTPXRJcnQN5hcgXLKYrzw,1,1876,15627.666,21,70,54,5,0.6714,9,400,312,5,0.72,51,1866,1269,27,0.7969,232,1871,1273,27,0.7948,236
5WZiQKB3icVUMA8a4KuHGmozAF4dYmZo3QQcpcStSQeB,1,25n6ZFRQVw5SzjDxwr1n5Zbp5okNP1fdBAFFrDRWDBJJ,1,20,18770.257,25,3,3,1,0.0,2,3,3,1,0.0,2,3,3,1,0.0,2,3,3,1,0.0,2
5WQKEtAPJhCXdpVepZPE6QoDPnhtwuSSyWSyG3tznSBP,0,BE1iUXqtS3cAPtmGardCceSvpyE3CcRur1DNwFxQbt9R,0,15000,,,,,,,,,,,,,,,,,,,,,,
5Xisjhj2dbYVHM3FpDdqnZPkDdHJvc1UMx4wEjkuWhf6,1,AaMAQrDKqapxPrAWfV8N2Amj4JeBAM3D7fwEqR8rDDZC,1,4475,6483.779,1,4356,1052,20,0.9747,10,4436,1107,20,0.9633,17,4437,1108,20,0.963,18,4437,1108,20,0.963,18
5XDTPDmeSc3Prj8RVoEZwAFPByMyUEWQz8SUL8upT7X9,0,3G7JhcGyEhdJjriktxwWyPziyjKePBbUvCabQ6aadGgA,1,6360,2386.108,0,3973,600,74,0.9907,10,6088,1323,74,0.8581,54,6308,1436,74,0.844,87,6323,1451,74,0.8422,100
5YeSS6J8Sb7UvxAoFkpTv2D7CaGvuB239aCy1aZWE4vq,1,3ev1qaTpafijrsP3dU4zxN7PcLZx2wdsrDG435b4PkT5,0,15000,,,,,,,,,,,,,,,,,,,,,,
5YcFMa46zbLxtJKuvM7umMDuskTYzszYKPVZVkr5wQNW,0,GphhEZTEorPtPzeCWiEh6e7gyXitA7TmGB3PDk6rsqeZ,1,6571,15537.202,1,858,270,103,0.5723,11,1039,412,103,0.5197,55,1114,487,103,0.4865,118,1187,560,103,0.4608,188
5ZfksAj47e64Zg1nTymSFMQFxeNu43Q21xKiChnT3dPf,1,ErC5vQUswaGbz6B6gSAHB4BSbGLmwmKwwida8Eq2PrKY,0,15000,,,,,,,,,,,,,,,,,,,,,,
5aGH75WbN5m7qFrYFfxuaoDBjC5QkKun8qgb8M3znY9t,0,EXSNtXGFUvb6gLWCnhd8zyMTdbCaP5BZn271JVZtYX2N,1,416,14984.731,13,36,36,1,0.0833,9,100,98,2,0.12,35,231,207,7,0.2684,75,409,365,7,0.3936,139
5aprWkAFJgjKDMixDTARJVo73PXMqQ7pvYdWK9gnwpmZ,1,4DjCMC8iyYW13t53Lj1dpoEyuLf5dZqkWqtALPX3KVQY,0,15000,,,,,,,,,,,,,,,,,,,,,,
5bpj3W9zC2Y5Zn2jDBcYVscGnCBUN5RD7152cfL9pump,0,95RWeWbeLi1QrHMaAGPjQgzwjDrdRyPsvT6Dsunmk54u,0,15000,,,,,,,,,,,,,,,,,,,,,,
5bgQ6ZzAFAFBDDQAdQnfaj3MeMScuFjPnY29uYuL89Zx,1,ApfjVcXUEBtWGDzzMiJyRBzSXk5gay9u8AzSqwFM5fp7,1,130,14391.019,598,8,4,3,0.5,2,114,79,11,0.7456,18,118,83,11,0.7203,20,118,83,11,0.7203,20
5cgFA1tTbWjGRhoGcemgCBHcaxf3G5c4wVpuAFTbpump,0,EDoZiHiVbJZumnspSUUd4fZncP9b4umdHeHy7C98rsLG,1,54,13505.382,183,20,15,4,0.25,6,43,35,4,0.3488,16,44,36,4,0.3409,17,44,36,4,0.3409,17
5cje7ZDd7yVLkGYtrsENk6S3UREftrdxEbPXUZN2eCBS,1,CvLRLfHXm3mgkL4jL5xGTKSubFuBuc8qyspteBuxKCo7,1,6540,7060.387,0,6376,951,44,0.9391,11,6418,987,44,0.9381,21,6447,1014,44,0.9356,31,6515,1062,44,0.9271,37
5e6afnSCx72Kt7CawogKrQQoHTg3BKweKy62EZEo4pni,0,fkuQRhEPvPdd7xCH39RCZNx3RPEJ79vzVACBL7HKsdc,0,15000,,,,,,,,,,,,,,,,,,,,,,
5dheDHXHzPvhLSxZyNUC44MVevEuQd1Frcfr1yst3C3U,1,EP2eVxgDibDrex5x35JEGWJyJX9BFybDqvCv5KonzAN7,1,23,14360.633,8,6,6,1,0.1667,4,12,12,1,0.0833,8,12,12,1,0.0833,8,18,18,1,0.0556,14
5fcADuekg2kN4dzSgQWurhdFH5DrXpmVaTgwbf661At5,0,AM3bE3Me6VTRqZSrk6e2fr1zomkDDKDWGfJicENNPFyC,1,21,17950.303,485,7,7,1,0.5714,2,10,9,2,0.6,3,12,11,2,0.5,5,12,11,2,0.5,5
5ehV2Ctasx5WF8duJ54LYnP5No2W5iYo1WFsDDLEctw,1,Ga7x27u5y4QJcmZbHnKBZ9pVGWYcMGy4C9ozZKfpcUHc,0,15000,,,,,,,,,,,,,,,,,,,,,,
5gg4qBjdw749C5mtewcWiXMxZDRGi4GZRr4yhUMTpump,0,9iv4ndwEy5sPoL5nW7xFP4ufHCwbmTJR2cBsQzTZ3MSo,1,8446,16547.78,3,2837,933,133,0.4032,11,5748,2910,133,0.3067,61,6105,3258,133,0.2917,199,6915,4029,133,0.268,619
5frH7hgcEBnsPdpRfBcbNny3v5n81jTZpBk9QzJvSt6u,1,3fW9kRUuycuMzQkfHpiryKfB5Hot7yggvwS4Wu3Gpt2f,0,15000,,,,,,,,,,,,,,,,,,,,,,
5iCHP6GP7c179Dskd2gBQ8QxsbcgEdNPwiNnJVsoPLPj,0,FTKokABBFYzsSp5nRVN5N11rxWzXDFZaQ94yLcdyGBCL,1,2434,5091.062,1,2137,221,93,0.971,10,2140,224,93,0.9701,13,2143,227,93,0.9697,15,2148,232,93,0.9683,20
5gbfiV8mGAkfMMJoFXJTGi6gcuQRQt2F7wuDT8GS4Win,1,AFZJo7dhx99x4FD3oAky25eYJLRoeK7WXMTcUNzfJ7iD,0,15000,,,,,,,,,,,,,,,,,,,,,,
5iyHX9ocokUZot5naHSSRCNkaBGp9sZaJmqSKZz2K8un,0,8RJ99DN4Snw5vxUTkj1q3gijQqWxnS6kPKgPQj36vciC,0,15000,,,,,,,,,,,,,,,,,,,,,,
5hY2tT1a8bNpkb4zvNgWiJ7wWQLSpMCHVXiP3Wxpo7qi,1,5FNnYM4xEGJ85oGnGBgrm7zDgmzv9sfNP162s6n8BRzh,1,366,17694.362,11,334,15,53,0.994,1,334,15,53,0.994,1,361,42,53,0.9197,24,361,42,53,0.9197,24
5ju2R51gVkQbM5V8RS9FjxVJ7oCrAr9u9sSBivXVpump,0,Hr4LVmzQgdAVmGnSN2pW7gXmvSGKZfFMASBaamCArf2q,1,725,16599.044,41,56,38,5,0.8214,9,658,313,24,0.8617,50,716,348,24,0.8631,62,716,348,24,0.8631,62
5iA4oZ4goNRK7RkuUxSMztHCcAPwQP1YWyG7u71KztqT,1,9YCUKrjZbY7CKx1TB1bQmQQTe2sL5Xcc9V2XhRJ2UiS1,1,1252,69.643,2,229,134,18,0.1878,11,1216,810,18,0.0617,57,1251,845,18,0.06,78,1251,845,18,0.06,78
5mMEEXh6SXNK1QX7jXbLVVNrKexM2ZW5JT4Ndf8QZAnz,0,HHDoMRauCcpo65gne1ucB2p4EFtNxN5d8S2EsY5sMFTd,0,15000,,,,,,,,,,,,,,,,,,,,,,
5jDeSjE3PSsz7BxhNKmVYuUtX9kCgUtRL6pxb7AMfaSB,1,5rAXPeGSkbxPZNJNznXbEYCuqqbX4pEhRHqA4jh8jTsJ,1,13,17250.984,55,6,6,1,0.1667,5,7,7,1,0.1429,6,7,7,1,0.1429,6,7,7,1,0.1429,6
5n5GbtWvuMSLnpxntScyrKmsstjceYpXH8mEzSr9pump,0,6LEvPFZMkCzzcDGfXaMEpvdmzrzQY1qmNaPt6LekYJkE,0,15000,,,,,,,,,,,,,,,,,,,,,,
5kANAUeHsoambmdV317Nhs8puVxfukyChr9j9TZ8ZeQq,1,JE1UqzwWQrSiDMfK5Vg5eEBbeCg6wEn11yadUkQUUGYd,1,1524,35876.572,5,23,18,5,0.3913,8,38,33,5,0.2632,20,75,70,5,0.2533,50,114,109,5,0.1667,88
5oEaTGKY1AqBgkzyfWaAJXB92Gy2uAXewLTzk3zUVdyE,0,7UQDn3KM4qsZN3cxvtN97Y2TH2Lwc5RXtobkemPj4ZFu,0,15000,,,,,,,,,,,,,,,,,,,,,,
5m3asxiRmoWACtpU6hqfoQFrVCmpwtKqC1dWDrmiifVo,1,J3kxTcH3bchpVBr5Vxrs4vXRZ1srtPqRRyUFapbQwh9o,1,14,14548.094,15,2,2,1,0.0,1,2,2,1,0.0,1,8,8,1,0.0,7,10,10,1,0.0,9
5pDmiiTWr3qu6Kq4PD6pBY3cnxNiyqf7gP8gqv19f47f,0,cotv7pmFe5rU7oPGFVr9m7JMuW8QqDCMNxEMGYgjeEn,0,15000,,,,,,,,,,,,,,,,,,,,,,
5n836pYzhw4tPVh6hMoF9GKU23pLpwaqD1U5XMEumYDH,1,8RbPcnTiefyKqJ9wKKD6H5CYvsq2xYmrAFvhPktFmhmD,1,8241,20800.81,0,2288,614,89,0.785,11,2447,766,89,0.7499,56,2707,1021,89,0.6782,200,3032,1257,89,0.6781,255
5qKDWkBejLtRh1UGFV7e58QEkdn2fRyH5ehVXqUYujNW,0,FBfkzUSHVbaAhEQAzQtb6C4i4paSQPdrimYHt1E1ED2T,1,9,19983.905,9,3,3,1,0.0,2,4,4,1,0.0,3,4,4,1,0.0,3,4,4,1,0.0,3
5oZ1tg434Bt7cEMFpzDcUfnb7gecW2qhXrW6uixd4sky,1,GVNdoB6zvVj6YaNmM9XnY6msQv44LfMLFbiipRog1HRU,1,5785,13945.144,1,33,11,8,0.8485,4,890,784,8,0.3933,55,5713,4911,8,0.3525,285,5736,4934,8,0.3513,307
5rSeUGDPGrxkygP5sqJzvsztkrhF5E6VTMb6GkHRpump,0,8pMUdzMw5LbpbkzLnD1bqrqqarmNtLfZbyv62axDrMH2,0,15000,,,,,,,,,,,,,,,,,,,,,,
5pVmZtNYGJkPagb8985yjHvPD2hAKbyUD3C2uVniAwMQ,1,FEmKfwkfiUgEFYU8TvvvWS8vPMFpNXoLFBuNmKCxyM9Y,1,6622,6377.246,0,6397,731,68,0.9611,11,6406,738,68,0.961,14,6415,746,68,0.9607,17,6609,892,68,0.9594,40
5sYrXzzSsBbheqkQ5D33CewFuALbjJTMKT2YPkv6fUne,0,8EzT5qgZrMgy3TYaP8kJ2zFhbhQxvEkvv26HAJz4Wjp7,0,15000,,,,,,,,,,,,,,,,,,,,,,
5qRmBHnwHKdmbqWz6mPajjSHMgg4Yy1enxhjRJSMtnyF,1,6CCnDCQtR3K7TjZ9EGUEVhNc8SmddVcSm28NUNprYCX7,1,3159,17209.396,0,2264,224,79,0.9386,7,2289,244,79,0.9323,21,2394,314,79,0.9185,52,2498,416,79,0.8823,138
5u2X5wDqLuXENA5m1nRQGVPEW5JABvaKkAA548RP5Hoy,0,9HZUEBMveb487nxocKbFCaj2e4US6Zg81ipbdHzkuAVX,1,4220,19433.654,0,447,149,39,0.8076,11,1301,829,39,0.4627,61,2361,1700,39,0.3846,301,3024,2359,39,0.3105,709
5rGPmC9PnrEDrCwDHtEVyLZXUZERU9f55BbKEgSFKu9o,1,783PiNVfW3zUbFjfK6JnKbG1uEK3ksweVZDAzo9YVMZe,1,4578,5972.968,0,4449,452,165,0.6543,11,4517,465,165,0.6588,14,4549,495,165,0.6571,23,4566,512,165,0.6572,27
5v2EvyZduu6TJUVCibXtBLwFmboZGQFVxKukf2TcPSk1,0,8JTncRYTL2G3argFg2fny3Dq5FEkKCREqreFiK5yrx4u,1,9269,13786.802,1,8159,758,193,0.9561,11,8699,939,193,0.9486,29,9024,1139,193,0.9423,91,9202,1244,193,0.9323,136
5sSersUkZnEbZPFiqLBKQVZuWdGr3dj3CHPrcDJ3NFg3,1,3eap8UHRSESjnYPgTD2WYbmSnTxJv4WVhG4MG8afoRLV,1,3184,16067.17,14,4,4,1,0.0,4,5,5,1,0.0,5,217,196,8,0.6544,68,2140,1717,14,0.8164,373
5vnLdMSqJ6Th1x2PgdnNh1JZSF4RUUGRQVK4bBy2pump,0,52DKJpQRJvzcium4H9LBqzNoQzoe1CDJBv7xpVRcXYUq,0,15000,,,,,,,,,,,,,,,,,,,,,,
5tmmB1f3gsZv9wR3DbPokv5Eh6uFTP3mNKB4PX5qP2AM,1,GZY212aZnPMKDYbA1jb3Yz7EfdhBeGJjkKv7rVxfSJW2,1,23,15642.398,8,7,7,1,0.0,5,12,12,1,0.0,10,15,15,1,0.0,12,15,15,1,0.0,12
5xTuYGzLY4BZgPDn6WYNfKHYMuEj4J7giBioTmDtpump,0,2NEZP8taAn4VGsNS4tqsFpHvCdbfsKerFgiEer532oeA,0,15000,,,,,,,,,,,,,,,,,,,,,,
5uMRrGSd6K4Vv99pXTuu6arYPD5jTEECsPJT8SCepAKc,1,6beEtUHHJ32ithSW6Y3CemSJTgbf4Ng5Yt1J2ThsnZjm,0,15000,,,,,,,,,,,,,,,,,,,,,,
5xq4HMTnfjcUWgyBN1FQ4fgotBCLRsA2QTZKMTMzu7zJ,0,52etqaYBRwyjwWYudRT6DG2bQFf22y1szvSLe5rC4eFY,0,15000,,,,,,,,,,,,,,,,,,,,,,
5vRvBZ3knkckxuo2ZmC19emMM9AkjkareJuR4zeCrLtW,1,gWaoHVeH9df6pxa31NFvp5JyUE4oSAB91bUTpDQTPMs,1,6410,5008.985,1,6323,501,329,0.926,11,6357,526,329,0.9264,17,6371,540,329,0.9243,24,6375,544,329,0.9242,27
5ypYC2phNSBCNvepsTuHcDvJhFbHtvBpZFSU4qzPpump,0,H7NTFAPXHKHhbfo24FfJqMsSEJgCymKrBCcupHmEfEmy,0,15000,,,,,,,,,,,,,,,,,,,,,,
5vx6n2F9eqhnoHM4KqFURwoJ1ugbZT9WGpxoBLb2HTHe,1,3qCxeQTB3dqMQwn4KSqc17LofeYgtzjQnzG8rxCkwnV3,1,65,14033.4,58,5,5,1,0.0,5,7,7,1,0.0,6,7,7,1,0.0,6,17,17,1,0.0,14
5zgTYTDK836G2Fc4ZLQp4rsyi78pAbuDr4qaQUE1pump,0,9T1YyhXvhVHy3GAhbf8MAkyXjvKzWHKYn8BgVPH1occj,1,68,17012.616,51,19,16,2,0.1579,5,54,48,2,0.1481,17,61,55,2,0.1639,22,61,55,2,0.1639,22
5xemgy3dytGwb8YMeKwAEKwwN8LPpe7A58tCDTWb1zQ8,1,6eCeXX2nhe4nV2gVzTNHpeyysfQvACbgTN5xT6k2PDQa,0,15000,,,,,,,,,,,,,,,,,,,,,,
61wgvSvxv4NrCizCn5NrGTgLkvXqsxfsXKDfVyqzGV8i,0,BUxB9XUA87ubi5uAFjJviALRVbeVCgUJRe4Au8sm8tPG,1,3276,3263.274,278,10,7,3,0.6,3,140,121,3,0.6643,30,532,476,5,0.6748,129,1051,894,16,0.6641,287
5yoznT9DMcjzmP5wSwkcyAq6VcGygeWyg26VX9NFR7fD,1,2ahH23HUQL7vGwu9oLFKS8J66qfu914dfCzrTWPouHpt,0,15000,,,,,,,,,,,,,,,,,,,,,,
62hptRGxtnRnDQEH8QxnR3oMDz3XrsiGDTK2vmBLoYPo,0,J3eMK4CW9pFaUg5fbQv8RvK6HCMUgjVGDa2v6ZSW96yj,1,4830,23509.511,2,186,94,12,0.8118,9,3371,704,56,0.9674,54,4799,969,56,0.9594,83,4806,975,56,0.9584,89
5zaTtLRBQgfQGbW2z6VrRXLy2UKYLVX8xkHuBGhepump,1,GaCPWvLEhGqz1p4GYjZghCuBR9pQLofsfgFwkorXRPFy,0,15000,,,,,,,,,,,,,,,,,,,,,,
643nJqDDFbVszi4RMAxzCduyBTVmaE3TLJ88q448VfPU,0,GozK78KiNem4qGhwNgUbNJj86Zuc5vF3z2TKWHUqV8tM,1,6308,13759.8,2022,1,1,1,0.0,1,3,3,1,0.0,3,3,3,1,0.0,3,4,4,1,0.0,4
61so1vkmY9cHMsCEpB3Z33w1apYAe4QRaGzMpwYTzRL3,1,7VpD8qCPTCw2DtLPAa2C6nWycXairRUM7gNjEL6t2wWF,1,12,15226.659,17,4,4,1,0.0,3,8,8,1,0.125,7,10,10,1,0.1,9,10,10,1,0.1,9
64yWoTV28BWuuzSesTxbSoSzDShv7FY7xarm9zYpump,0,96aYhuGqNPjvL97RW6zweynxUBev2BzWLnhmSYQg997S,1,15,15609.848,82,2,2,1,0.0,2,10,7,3,0.5,5,10,7,3,0.5,5,10,7,3,0.5,5
634iccJSsp2uw7cA1zPhw5gX5ya7CN1pUsNZ14Bg56kA,1,DFQGuXatSKBxU7NSbaC9W6XehybYkZXyhkaP5wRPHh5W,1,6168,16749.194,0,112,6,70,1.0,1,387,192,70,0.6667,30,4884,832,194,0.6317,116,6123,1116,194,0.6373,180
65uhw49tmxR2bQXLkRNfx42aff92hzmhPHC5iDCewj3z,0,84n2mVWbHW2Gj4rkqQyhggEU548tdu4KtRmoB12eRqZp,0,15000,,,,,,,,,,,,,,,,,,,,,,
64Hw4Hm4WLC1Ty6p8g5vLZNCS37msb9Qq8ZFJE6UConN,1,FHBvrdtb5MwrswptRwuUNXPZ4xnWiwLgSUmFg958Z5A2,1,3769,27477.802,12,12,11,2,0.5,3,208,167,5,0.6731,41,814,743,5,0.5172,196,1095,892,9,0.579,261
66WvTbmn6PFZDhJcXzsJdwDCQAqb1qLgtvz2vSZSdhZe,0,5As1xphWdwnTDgEWgUHsD8v3dzVd73BvX81m2H11z1Mi,1,487,6513.714,0,305,111,19,0.741,9,425,179,19,0.5412,22,442,192,19,0.5204,32,446,194,19,0.5157,34
65hWFVPsw1CYTwFArSPjUv62wxxKw17V4G1js7nTvHj3,1,5TtsbJnofiH2YzgNRRuoX5f3SpGkM1qh1csq21huUBnw,1,7915,8933.449,0,6776,1377,47,0.9699,11,7530,1841,47,0.9401,46,7727,2022,47,0.9183,163,7727,2022,47,0.9183,163
67VcrASAt3MPjf2tbiXJvoLf2p7kQHZUQ1UHwxFzzzCV,0,6c34bUTAp8omBmc7qZn1NEirjEwwHxFMn3Sirs6gtTbA,0,15000,,,,,,,,,,,,,,,,,,,,,,
66bt6DRDDHFMs4s6fZ5HzyS2fwZp3YTYwDvDDHgU9jVL,1,9TRufJovTMT8VuhRESXrqM8KaL7rXqY1naED7YmQFiJZ,1,12930,11498.1,0,3676,614,22,1.0,8,5146,1665,22,0.9015,57,9336,5592,22,0.6181,355,9686,5910,22,0.6213,468
68w7Rve7isTcFYEfb3hD95BJmaA4sF1PiK6vuKR4P5JJ,0,3FAnrRdfLs9SWbVohSmgiJewAGzqAidzHAqgDdY39erm,0,15000,,,,,,,,,,,,,,,,,,,,,,
67U5Feh6GjgA5oP8qYts6PfVurPNjkMw7ZK1cD84pump,1,F8P1bikcwqkmDA7jebEvXzm29Np7SJMvBa1mAwUYWnUX,1,6695,5463.641,0,3586,580,96,0.6578,11,5843,1172,96,0.6849,23,5844,1173,96,0.6848,24,5851,1180,96,0.6843,28
69i85qNFnuEYi3dHdRbHdmkMf9svH9fJ7cqufavnzu3B,0,4efLxSwa2EF45BvNoRmww6gtWcDv4ouyCCqbjotZnQe1,1,811,13375.49,13,149,89,30,0.1007,10,254,194,30,0.0709,46,413,351,30,0.0533,155,520,458,30,0.0442,240
68TBbiKEQU3VrG66ubz9X3iTULXps5KjsMEPpyq6muZ5,1,GFbw5vUykTMDnPdbptWARRMgsk3gRAfEEQUzrHJ88kZZ,1,1544,4348.611,93,421,220,40,0.304,11,1498,569,40,0.476,26,1524,591,40,0.4757,33,1528,595,40,0.4745,35
6AY9rvbPGufhjofUPg3Qg53pN9xqDYKDP1gEzM7KY1Gn,0,fhLDL7bZgBQ5EfbXH8Q3RBvTGQhrxt5Ahr3nnBzX9S9,0,15000,,,,,,,,,,,,,,,,,,,,,,
69dbSY5YCA9f8PWQg1fW8RGUq3KSw1Cry9JYjuoRzcqc,1,HcjKgTFgDWeX1PXxKmnEXHS2msjN2KgJByiRhsGEDHZt,1,86,16503.146,5,34,27,3,0.5588,7,57,50,3,0.3509,20,63,56,3,0.3333,23,66,59,3,0.3182,25
6Bk1QK824tfYM7CEVNRB35gS7Phe7AjGoTMEiBWXpump,0,A5HVcn1siMMk4NXUXg9D66GzmCs9NjrcTHxAhug7sJFN,1,54,1483.049,8,51,47,2,0.0784,5,51,47,2,0.0784,5,52,48,2,0.0769,6,53,49,2,0.0755,7
6Adrh992fP6F8DLqRFktppdCaDXJdWwSwJkwhQf6xFjB,1,EDbpsSP7VmF23zxanTryySCoKErAi7vT7ZY77N64GK6E,1,6,8244.845,37,2,2,1,0.0,1,2,2,1,0.0,1,2,2,1,0.0,1,2,2,1,0.0,1
6CgqwJZEJH7Xerqj3utx3mgFt5X9Rexu5Q97ewDypump,0,44AaAos4Lad65CCLtnSbxkWQmFWghMenteEWCJTpWqea,0,15000,,,,,,,,,,,,,,,,,,,,,,
6BitaPktTckdWivsWVf1m5Ar9W74poeCVRy8w1erLmxG,1,2wKjFrtC9eAFk2NaCzBXsUcKCmdmBjXNNDAckBgMbydt,0,15000,,,,,,,,,,,,,,,,,,,,,,
6DSqVXg9WLTWgz6LACqxN757QdHe1sCqkUfojWmxWtok,0,5Pzq9od9rdkvRQnWFSZESkN2t4uhQc6Vx9NJmX2SMNhn,0,15000,,,,,,,,,,,,,,,,,,,,,,
6D3Zfhv7MSG29bWgR9vtwdKVA8DWhhzEx6d9Aq913Md6,1,731vWc2m4RstTcnzEiD7kJhD2fqnTxN8mRL3FVPDG6UW,0,15000,,,,,,,,,,,,,,,,,,,,,,
6EnjwPAnaPx3TGTpmAfTVhbEMbxehQQZShHixatLuk4J,0,DWBNs8sf7KVuGVgz94BVbd5i4TFXrXhkAGsahSqkSCwg,1,1102,8135.137,395,4,4,1,0.0,4,12,12,1,0.0,11,1101,1023,6,0.8837,149,1101,1023,6,0.8837,149
6E1imgQBccEL2i6TL96HcdvE4SAcN3kx89498FUBV2ry,1,J59MhMq2NCfnknTNhJw7JdgzghZAxNUAFQ5YH3oFbseD,1,2292,1840.839,34,449,122,30,0.6036,9,461,127,30,0.6074,12,2264,534,30,0.7898,21,2270,540,30,0.7877,25
6Fyb45BEf3CrTAh3A2gRVy342Zznz6wxM4AyBvTgpycA,0,AEiMgofsCqXwrtoYGrxM3ZCq9aSeoBUNA4gYJRKVnPaj,0,15000,,,,,,,,,,,,,,,,,,,,,,
6EsufBBNSC1D6Jz3ZD8LzDhPC3jDDbqGXotg2vyysfSL,1,4Fb339DkjKpMJ5fbyT2rL9hJNLjHHYA8ZCH5ydgv54Hh,1,13304,7127.066,0,11216,948,68,1.0,9,11216,948,68,1.0,9,12278,1218,68,0.9889,26,12456,1307,68,0.9879,43
6H7zAsGudsKXUWAVgucXxQgT5Q5yfqd9abHzFFf1casJ,0,GSw3PPSArAhEWbdWTKTcqtUqHmDHwpMmfkznwiMCjB6q,0,15000,,,,,,,,,,,,,,,,,,,,,,
6FvXnBxHdEhaJGTDgc2gZftKskREVJ8FSh5xXn9EguvW,1,EHGR5jyXMSYeyBH57iNkxpGHLaa3YzBzGzDXpwJ7X2QB,1,4560,4508.095,2,204,26,22,1.0,3,595,153,50,0.6723,21,4207,1899,61,0.6211,233,4259,1948,61,0.6149,273
6HekQuhS6rTGCVPw7dANHtQwT1ootSYupcfdceSFpump,0,Kuxi2MMVQgbdAeVNXGxrW4vXkjeozaURjuJUDeMjUep,1,62,14606.162,45,53,39,5,0.4906,5,53,39,5,0.4906,5,53,39,5,0.4906,5,53,39,5,0.4906,5
6GxhE9uTK2QB9SYGxACFgwVyrPpiZ7Nd6ZfySdXJeXmn,1,7TPu5nzgmc3wefF7YEgCyNCTJpAmXQJg4aF1GDmMcdUC,1,166,10679.986,2,21,8,6,0.8095,4,93,22,15,0.8817,9,119,35,15,0.8739,13,132,42,15,0.8788,14
6JdaUhBGWkDwg5DCMgz9UiHbM4DT9CgRgunK2Xa59cE1,0,4NGLcWWT5zyChAPtQ6uQakWf1zWFsW1Eyg1f6gZDH1Sz,1,11,17441.498,18,4,4,1,0.0,3,4,4,1,0.0,3,4,4,1,0.0,3,4,4,1,0.0,3
6Hs23JmeMiZSiw3kXSQMxdMwdKRakTTRMaG5AJa8C2zm,1,6oCsZeGySsBveoBnZfDmTNyLc6guWyonKEj4j8C9Xf9M,1,2279,9630.54,0,1839,273,49,0.9413,11,1897,320,49,0.9352,24,1897,320,49,0.9352,24,1903,326,49,0.9327,28
6KREGU7unPDoqTgDT2bApUQfVokE1eTvUMpwEtzGpump,0,J9JfXGjU2kY4YRUrLgwksQUsKyKJyuYUiwgiV44znVB1,1,24,17291.705,25,16,14,2,0.375,6,16,14,2,0.375,6,16,14,2,0.375,6,16,14,2,0.375,6
6JpxxdnGsfc9w2HXeUXL1u6csbjcKL19cv53MPyRAH6D,1,4joreQCykCmNiDbm5wuy7y2pzwdc7SKnuZGwiLd61TFY,1,7,15977.072,11,2,2,1,0.0,1,3,3,1,0.0,2,4,4,1,0.0,3,4,4,1,0.0,3
6LfwPxEneB9uYFMurcKTgFyXtWRu5Z8yFXyUSzVGPb3U,0,83d8P9ycUYZZVd6Qcid2n8dyDMqU5yupMkenxAMuPxBM,1,2735,5083.052,76,40,36,3,0.625,8,503,433,4,0.67,53,2733,2196,6,0.7556,250,2733,2196,6,0.7556,250
6KpLErKera63jM4ok2YCyvJGREs9Rr5oF16uXHWC4RQH,1,3YmzdxQfXpSev4PRocXnLKsmGVP5XZC5KmevHiFXoBns,0,15000,,,,,,,,,,,,,,,,,,,,,,
6MVjvwMbBM6KonM3pACFUGzKBbeQyBFpEpZpZA7Gpump,0,ExXKoJMaNWBAJv9xYvSF1T6Tjbbk7eqR6Une4d6iUgCt,0,15000,,,,,,,,,,,,,,,,,,,,,,
6LSR413ydhqosZYk88cTT2d1fZow6V8gnfyU65eajMp9,1,9qQPbVZu138pQEn5ttyhHR3KVBFHD5XzQkMgGABX4Tvk,0,15000,,,,,,,,,,,,,,,,,,,,,,
6NqWczCsFJmsKD44Cgb8q2U3Q9aa3iBXYGojVDpbiCWW,0,4nyzL9Vnf11V23ph64gzt4YMqvv2VZkYbQ7w2KD5mtxu,0,15000,,,,,,,,,,,,,,,,,,,,,,
6MgoQ9xQgtifL1bxS2mhucXf3YVAuJwoxeVqzXk5yn3M,1,7KHbB3SXovPw2UTyBg3aQQtkyU5Ko7kv7vsFVg24rotd,0,15000,,,,,,,,,,,,,,,,,,,,,,
6Pv3DtUuiPmc3B2GSctSmj1McMgVCaFRJ7supnjn9nzi,0,HYXh3Vs44mmz2GB9SKL78HtfvGLmfjc9Hr11swVQm1r4,1,269,14514.286,10,12,12,1,0.0833,8,29,29,1,0.0345,19,34,34,1,0.0294,24,41,41,1,0.0244,31
6NkGAQU8uaNZfX3Wz6b6RAcYALQNcJybBGYDuH83Ksrt,1,BF3UQRHEdyrdd42kuZn7qpbPXTpq81jriyVJZ3wrUZC8,1,11533,18418.582,2,1633,550,53,0.7299,11,1768,647,53,0.7183,38,1906,768,53,0.67,96,7726,4476,53,0.2712,438
6RTHVBGHs4heaU498xyfH6hU6HHrG4YhtsQRS8Vfpump,0,An2KhWuM7zmTQwGfKqgxtivTyiGYan1hbRA3EuhYNpht,0,15000,,,,,,,,,,,,,,,,,,,,,,
6PsKP2KTkDDVpqnmYw6nt68UHvHqW15n4Khb1uKn4Ajb,1,FYjYUWvLrnQG8KUfbqyeWVPrjadkWLmJa1azp29QzPaN,1,11,15914.778,30,5,5,1,0.0,2,6,6,1,0.0,3,9,9,1,0.0,6,9,9,1,0.0,6
6SDeUL3x3DiWyUiXaHT7ftzYkb8t6YAeHxXigtyapump,0,GdFGWMRi7AXN9fxFDKDEMVvoVq2f96zrMx7KJajvuM2H,1,11319,18296.389,0,1002,299,170,0.6617,11,1228,494,170,0.57,49,1482,627,170,0.5803,124,2363,1342,170,0.4249,283
6R7paTHpahekk6MJAQVkHABWWt1P1J4SS43WMiezpump,1,HFdyyiToXen15nha5LQbHLHq7LQHxSukqXFFz3xRERx1,1,59,15051.526,24,5,5,1,0.2,3,19,14,4,0.3684,8,53,38,4,0.434,21,54,39,4,0.4259,22
6SpuQEYJ4GwwZWWSg96sowwJLTLHiJit92KJVrBrJrVi,0,AXNstYqUrUgFVzWtJfBEtUdi3mZTYRsdvtD691r7jnsx,1,8113,8121.913,986,1,1,1,0.0,1,30,27,2,0.4,14,382,334,4,0.623,109,4440,3731,8,0.6903,686
6RpNjHZe6NuG6EZdD8R8QyDaU458eeUccxZF5HRSb2S1,1,81CLsMrLfF8zPEWu52HcAE4aVDvjNfSbS7pHQ5HMRSCG,1,4076,6316.839,0,742,360,12,0.9084,8,2810,1464,15,0.9142,52,3492,1900,17,0.9221,85,4037,2425,17,0.923,181
6UaBXHo66aMBk82hR2xzB466sv4vNc9dnJdHtrBmpump,0,CR31ym2PiXieH7XrnjRN4sgKaXNcpx66gwk9mvGfqVsz,1,17,13590.969,96,8,8,1,0.25,5,10,10,1,0.2,7,10,10,1,0.2,7,10,10,1,0.2,7
6SdfsHw2wGV9v7aTMgj3bWacsJEgNzT5LK895WVvsDj9,1,AsQ9LjVdfwc5tjk59ryMi6Jpra12CDjeJkAmjE8vvWUt,1,6750,13050.846,0,5492,330,186,0.9776,11,5633,385,186,0.9716,37,5918,518,186,0.9485,91,6157,752,186,0.9378,207
6VYF5jXq6rfq4QRgGMG6co7b1Ev1Lj7KSbHBxfQ9e1L3,0,DkEa1hKCyWaGUzpZGi5iRYNL9CzzhDJdUHP6pHmfmrw5,0,15000,,,,,,,,,,,,,,,,,,,,,,
6TgvYd7eApfcZ7K5Mur7MaUQ2xT7THB4cLHWuMkQdU5Z,1,CUMR6rEhCr1DMrvtMyzCdoQk72Cy6exkvFARi9hEkTso,1,4539,42252.72,428,2,2,1,0.0,2,32,32,1,0.1875,20,56,56,1,0.125,42,102,102,1,0.1078,86
6WJnu8Ho7sUYk4cPXc2phuFrGRQA7aqM9Hizog1Lpump,0,4xnPtpnUmRs681u3iAcWmgXcYhz39RsVJA3zRbpCZNjy,0,15000,,,,,,,,,,,,,,,,,,,,,,
6URhGk7zCPDwCpR2Y7NNKHEVfyvnsSft7cwCA6ZyCEDj,1,AJGxjmvQJ5XvhiBTEJsn4Kxcq3WdT5B7LMegnjZgE4P9,1,1189,6105.075,2,612,356,8,0.8693,11,1049,583,11,0.8847,38,1099,633,11,0.8444,70,1127,661,11,0.8234,91
6XTcCkzXdX69nvJhR3nft9YfKZAMcbR9fB4qs7k6pump,0,GXnUoWqSbN8CtpH3zAvN8Ni8LPRDHT3VgifX3S7VceBe,0,15000,,,,,,,,,,,,,,,,,,,,,,
6VSfUqtaucSrDo1zRc2aNEYMxUhG3NCJsKQzeTges2y2,1,2yvhumBYmtdUiBVgkRXi9qYFQmgmDW4BPLMTezbuPke9,0,15000,,,,,,,,,,,,,,,,,,,,,,
6YPVWNNgEYEmrRqv7QohMG41XuTBRnBrqwSbWEc1pump,0,4spDkBgq47Emp23NyZyvGBqUB1d4nKg5qs8HmridXkwo,1,156,14079.466,12,103,79,4,0.1942,10,151,127,4,0.1523,29,151,127,4,0.1523,29,151,127,4,0.1523,29
6WLj3BWtP5AZRBPb4Hqgy5SBZ8JxiEraXg3sE54ghF3D,1,7mP3Rpb3a6z1b5PzHGzD1kpdLNj4u3p2DRkFhaZA2KQG,0,15000,,,,,,,,,,,,,,,,,,,,,,
6ZT7hoeMNfYua5oJ67EQJbFJHUBVLuFBbCKduRuk1rXr,0,6EyCxJJvMWjbXMVJWEc4xf1nTyNkHmAE9t53xdL1D41c,1,43,16685.783,18,3,3,1,0.0,2,3,3,1,0.0,2,20,20,1,0.0,14,31,31,1,0.0,24
6XYKzfecahVStd5ujYPTgHpgZAS6MvRewyPu1hcJfq25,1,7XiAwHDcQaVrWQ6vh3kH63Wiw1skKhgDeHyE9xgEqX23,0,15000,,,,,,,,,,,,,,,,,,,,,,
6ajijkbggSTp8frj4N79tWwgJyRPZNLMU7qoL2HwaEeu,0,3t5sj3QATWetuKcSJ6C3MKpNjAuPGTUofZVSER5HbFpW,1,2152,20973.419,0,1772,127,137,0.952,5,1987,260,137,0.9129,30,2077,331,137,0.9052,49,2104,357,137,0.8992,70
6YfUUHrWG3v2wZWLTMqrYhSHn2g1tMEBQaQNV2iqg2zF,1,2bPcTBwVwDKd77pArktFfhzzJUXg6QB51Kh3R3P9icsL,0,15000,,,,,,,,,,,,,,,,,,,,,,
6bmgHbuYtcegU83QWUb9a6ZxBHCA5wJzPfmJMHLCgydT,0,B5kCa8f33isAsYjkqSVR6Rhxvax1g6oHGFkhCpTXKt1H,0,15000,,,,,,,,,,,,,,,,,,,,,,
6ZYAugb3AeRoZubTYzMfYKAqKwZuPW8Tf25QMZjoJHAX,1,9c4HmGxRB6GeabsQimJ2rucEeJcyWZvezyTbq3pW93pi,1,3828,14212.31,0,1116,161,124,0.5717,11,1292,255,124,0.565,38,1824,742,124,0.4507,218,2238,1123,124,0.3905,471
6cvrZWgEUkr82yKAmxp5cQu7wgYYBPULf16EUBp4pump,0,VtmE1UHyKGp4Njf7aQh3ZK3ammqd7xCc3ahzrHYyG9s,1,7281,16516.278,1996,1,1,1,0.0,1,4,4,1,0.0,4,19,19,1,0.0526,16,40,40,1,0.025,36
6b3vopgexVTXA91WJSAqUGMCvJZdXZ5D8QJKEDgeY38Q,1,9fCGiptZ9Dq3CXvjJ5CRemp2aQ6erAk4VrodVfbh2BwB,1,29,4272.699,205,7,7,1,0.0,5,13,13,1,0.0,11,22,22,1,0.0,18,28,28,1,0.0357,23
6duzFzaB6B6fJnq2j5GhUkqqXM1DqnWoyKoNZoxrpump,0,GtDmd8SwowPpJ14aPWNiucFzxPd84ZyhUSHX6QcsY1AC,1,418,16074.302,23,36,28,3,0.6667,8,125,102,4,0.672,36,410,323,6,0.6439,124,410,323,6,0.6439,124
6c5jQtDr4fE7g5dvdkpEs8T6o82UBCGF2Yetnwhxvva3,1,3bqmQJEdWFT5UsfJcxeUv5uAjcHGRViRZr1iGVA4dcRh,1,11,16131.833,319,2,2,1,0.0,2,3,3,1,0.0,3,3,3,1,0.0,3,4,4,1,0.0,4
6f8jC1PMsVXcnaPhENM6jNrZa6uiLzhACsrJ1YdxNFyf,0,CDYdTQbU4DbT9MVkFiLL9sCSVPkB7K83463PvNq664Cz,0,15000,,,,,,,,,,,,,,,,,,,,,,
6cvy9vZnSwMkrwP7gfAqkcLqBZMh5kCg79xtwQPZoZbY,1,2RDGr99kUHFSB4WsU4b9TWhAKNfEekUnmADZJ4wkg5ca,1,508,4209.407,0,422,143,15,0.019,8,424,145,15,0.0189,10,464,185,15,0.0991,33,473,194,15,0.1142,40
6fpLdCLfVid3AAdAmU3QfjWJFm8zjSW7j7xasXpiJd7K,0,8iSRhLWKeix8ddws5osjooQ7XfqGKh7MN3Li9FyMkwCP,1,3298,18225.738,8,461,314,6,0.7722,11,1531,1107,8,0.7629,61,3199,2511,8,0.7593,243,3268,2563,8,0.7564,260
6e3SRiTZW9mmLwmAKGPshZD5dkF3FCww8TygUZb8CdRy,1,AQ5Hyb9JUg8yJMivVKEqw1fNv2YPHAUfAVb2cJUyFSx4,1,29,7242.48,202,7,7,1,0.0,6,9,9,1,0.0,8,9,9,1,0.0,8,15,15,1,0.0,14
6gnCPhXtLnUD76HjQuSYPENLSZdG8RvDB1pTLM5aLSJA,0,ByuuftpQUJPhH2LFtaE3yHTMHuhrRrxEqBeTatzBEKrq,1,1994,18180.145,1324,1,1,1,0.0,1,5,5,1,0.0,4,29,27,2,0.1379,21,109,107,2,0.1651,77
6f67rPMb4nrmWgpccmmgxhBwjD7YnWkmibCyZfQKNZn7,1,56yZ3ABrptp18u3Lm51nhTMGG8MWfnhzLWjtNi55Roj6,1,33,6129.024,189,4,4,1,0.0,4,5,5,1,0.2,5,5,5,1,0.2,5,10,10,1,0.1,10
6hRAFttdbBvf4ZcoCVk8xJnstu1ys3b3zHrod8xBVT8H,0,BLxMgeL8iptpVmNfug8cr6qD1BAQKVeZVfaCufwheGAr,1,255,4806.952,2,111,99,4,0.7297,11,197,177,4,0.736,16,197,177,4,0.736,16,197,177,4,0.736,16
6fyVxagdYGtYv1u117cctvrYGJQwEYmg8LivELTT5yZL,1,JBdMRhuxAtMW754NceSMFPLnpPc2XAwgYZwXNUawSah5,1,24,12493.311,308539,1,1,1,0.0,1,1,1,1,0.0,1,1,1,1,0.0,1,1,1,1,0.0,1
6iB4CZDBAXxGiGuVuo2e1sa7cAHbfB1dpWVi9dmiACrs,0,EcJYckMecPSSfwNEXUbob8LgC3ZN5fQd2FuzeephGnMt,0,15000,,,,,,,,,,,,,,,,,,,,,,
6hBKEo9vid5oaL73jrhAFyt8EM2Ae1BEN3gjLhCeeXei,1,8HQA9MUCUK77oT9bxRTE5y9J2R6LMXz3t5QSscevTNRA,0,15000,,,,,,,,,,,,,,,,,,,,,,
6iezmEdeiUCzGGq4kjgyWvFDuajTPNWZqjzV3G2Qpump,0,4i6UP1jdem7RT5GWSS3zbUpeLMKuWncvxd7Ws6CgP8cf,1,1093,1628.718,521,2,2,1,0.0,2,15,15,1,0.2,14,97,94,3,0.3814,70,372,355,3,0.4731,207
6iKNfLRJeA2o3Y7nqHm6YE72NgdqTPE9ADxHM8qaAZFK,1,3jT7EZmUkxwkUcWkj2mR11AkJzxizGYaFdQAn1ukxL3A,1,7698,4679.54,1,4556,952,20,0.9998,11,7487,1234,136,0.9796,31,7560,1305,136,0.9716,74,7585,1330,136,0.9685,94
6jk2amgXPdUwiFV4aULZTHy9coEXXdZjoXLC881EVD7J,0,F8CxxUtnPFgXU7HkF9YYDe9PriUGC5PwSEdNBPcay6B8,1,104,6582.926,1036,1,1,1,0.0,1,2,2,1,0.0,2,26,22,2,0.4615,9,26,22,2,0.4615,9
6jY8WkGqSg3SoLZznTsm9BzsZTPyfjHonjY53fEoLvkE,1,Ds6BUSsayMsXR8KRHXbGrtub5SkJNCYFqytGxQpEE1An,0,15000,,,,,,,,,,,,,,,,,,,,,,
6ktDB8pro2WTCW1WkuevBWs4Jm4B9Y11iJL6TLvmEBey,0,CnatHisBtpfjCUjzrjdKQK2XeydbMVxxyJhVSjau2Qtz,1,19,18337.213,259056,1,1,1,0.0,1,1,1,1,0.0,1,1,1,1,0.0,1,1,1,1,0.0,1
6kQc2ok7ANqyj4r77TcYgEDXHB4d4ZJb4KYuiveLwhRN,1,DvfnqZ7cJKJrJ2FEtzPWMM5d8a9WXGerLKCUuVq6pD2G,1,1085,20495.359,4,31,28,3,0.3226,6,43,40,3,0.3488,10,50,47,3,0.3,13,57,54,3,0.2807,17
6mzEAt61mCdZqhMXMk6tUVBttwHMq6nSxjsDJRGHTCtx,0,BtabxELpTfVvMj3676MzNPh4MpLMHBcWz3d7fYvrgn1R,1,6720,22860.927,0,443,156,13,0.9977,5,4239,790,105,0.8868,40,6407,2766,105,0.6635,312,6578,2932,105,0.6514,443
6myQBbFS4ii66W6QviabC1JNEJH5uAkUjhFyrX9YpkmJ,1,HTMH65Z5wBRQYsCuQSGHQGBzhjmBKWYtfFWCx1fUicHH,1,128,14237.365,19,6,6,1,0.0,4,20,20,1,0.0,14,31,31,1,0.0,21,77,77,1,0.039,50
6oFzbcdt6FTMBnuvA4ik2RNSY22kU2Q5jBSJ1kYcD6Mm,0,FM99sYuH4DZgWrva4esEoqfFnfqgDskYhdQzXsFWmYvh,1,12653,22938.816,6,5243,879,119,0.868,11,10745,3802,119,0.6003,61,12398,5344,119,0.5386,298,12527,5473,119,0.5345,411
6npXXFmhgWVYYB72oqfqwFVFmkG7D8CpjWxHVC7pQiek,1,2Nkcu9MA7AK3Nt6LSKQgWb6yFrmkeJZbSxM9xJy1ra5i,1,2174,16126.089,21,277,46,25,0.9675,2,290,59,25,0.9379,12,409,155,25,0.7873,75,779,522,25,0.5096,256
6ouRmNFECtQgjwbwWqjiWGGZxY4DBAttoGtor5CWjTNm,0,69zys5Fdawv86AQFCdpLjWy9FtiHpoLVYHw1cesoRfzM,1,142,16627.324,89,20,20,1,0.3,6,39,33,5,0.3846,13,137,103,5,0.562,36,137,103,5,0.562,36
6oVsrtrcgE4i7tBBs1z1WCuRtDJwdjfiQXZuanZTtx4V,1,8Y2oWjMfERLyq4YidD7Nty1aUMGvr5FQa2jcLJXetQ9f,0,15000,,,,,,,,,,,,,,,,,,,,,,
6q1qiyHogNQ5U9oHFa1X27trAyvRTEYGCWTo5bKnpump,0,DkNYN6bko28mw7PYMKBWZKwzBSQ23spuKVptcykbJHHG,1,840,3453.939,6,47,43,3,0.5532,9,462,399,5,0.6385,57,839,683,11,0.6818,91,839,683,11,0.6818,91
6pPDqg4pKkCx8N2TBmJTbbRsX6QCqK6h3zbcoXEppump,1,7gFzh8C5mgTqTV5Ny2u5t2UZzNcDJyhMA1nHuy9EMsfG,1,2752,16576.876,145,102,79,4,0.5686,9,1283,728,18,0.8348,57,2714,1420,30,0.8312,232,2743,1449,30,0.8276,254
6r7NoiHB5V6dA8PXKcXLDWjJMRLbQwr3ArASsUKvGZPX,0,CShWmV5Nh8CCSxnL23ABfTEsWpQ1KEpJtDEzVyhsGsaJ,1,8837,15985.493,0,3886,560,22,0.9997,6,8127,1451,128,0.876,41,8370,1678,128,0.8548,118,8489,1740,128,0.8525,154
6qQEwkkmwRU6bZLA7rVHciY3WgeEVNjvp71uy4xVGh9f,1,FrWfxYV1EDwgV2UqwWC2KnsFpAV4x1ftx2f7qVpB3Abz,1,394,16201.209,304,2,2,1,0.0,2,12,12,1,0.0,10,76,76,1,0.0,57,76,76,1,0.0,57
6s687jFczAQ95YYYXNGLdki6u9mAH4DUwPXtYpD3pump,0,ArJwqXy6FeyvrdvqAHuG3TLq4CEuNrLGWVxptomPdd1s,1,648,13929.246,95,58,32,7,0.7414,8,133,86,8,0.7519,19,217,140,8,0.6728,44,629,414,10,0.6486,170
6rSK1QodCyrjGScXGtQFR5qTMp1fwhx1xLfJfkn6zN1W,1,8tMFiDi4QUM7jwkcGBxpmt8S4Et4rKbKgQLdY287CoVg,1,11998,19648.824,0,4607,1142,27,1.0,11,7802,2517,74,0.847,54,11885,5196,74,0.7463,205,11919,5230,74,0.7442,237
6tgkQozhde1PzgzYtqEta6uVe6gg4QFa9321HcN91MYy,0,Ghk9zF6ea8eYNskVeM3NrQ6ckAfpxFP44LrH11sZYKNb,0,15000,,,,,,,,,,,,,,,,,,,,,,
6sh87DYXsjeM1aYfLSxEkZpKWyhhfzskhSLB38fwCeSS,1,3QQ9tSWSergSjoC13t39R4eMSjoZpo1u8MNmkZGk5DRJ,1,2169,9011.132,0,406,212,99,0.4631,11,1598,1049,99,0.174,61,2156,1466,99,0.2106,94,2157,1467,99,0.2105,95
6ukNEcgujKyLyX5yqQ5tY8V12q9DNkCLBvYhLgpZpump,0,5zamCEEZgCnaoPHEaA6EGx2ASwW89bXrGmCJPKZA7Ur7,0,15000,,,,,,,,,,,,,,,,,,,,,,
6tx3CxVEwQ8LP9HaLK8D8CTXESfRbGrcuZmH8RCgVMLQ,1,8AJDvvEZvaFmwzmDdd7Uij3Nz9TMaNVVeUJNbuXVdjii,1,9408,7069.3,0,8645,669,65,0.9739,11,9071,829,65,0.97,19,9074,832,65,0.9698,21,9134,874,65,0.9685,34
6wSFdpAddmw6sM8zJoiRdL1AMZYz2szdKGT3A4cBa31X,0,CHJi3NJ4Smz1zaCdcL8jRca3QyYbxuHM2XC3xUX7LYxm,0,15000,,,,,,,,,,,,,,,,,,,,,,
6uueH5zURTYcoGz4wYNHVwMvwocYgbdyfbCJ92kuqLq1,1,6XQyH69JWHtrK1P2fUUbxQSsvPTdGZF4Ee86q7bkrriT,0,15000,,,,,,,,,,,,,,,,,,,,,,
6xLHGjvBBBSGuTv8dj45SRhnSSHeJgENV7AJCeCopump,0,GdSWao4w51wLZZzq8V2kAeUU2cCjboE93fxLBBDgj7xS,1,68,14949.241,181,19,15,4,0.3158,7,60,40,8,0.5167,14,60,40,8,0.5167,14,60,40,8,0.5167,14
6w2xBHWCiMPE6mS5b286tUdoBVFzQt9D1gABWm6h3aaM,1,FZBi2oELyEpVL4RzAsanhBm7qiZBMHsLbK3JqvYMTb1o,1,28,20137.287,11,2,2,1,0.0,2,20,20,1,0.0,18,25,25,1,0.0,22,25,25,1,0.0,22
6y7S5kvWjBBVaofHFCa147nvdBgyYSghiP5weS43pump,0,5HQTcGL4K2iTQMCf5yqJu2Nds55rc6W7gQkRFqbQnKr4,1,139,14844.212,102,57,51,5,0.4035,10,129,84,20,0.6279,15,130,85,20,0.6231,16,130,85,20,0.6231,16
6x8Vm6uiBeoBcXygTcTr5Mx9NBqkKzU8AGvrzGT5bKCd,1,8a8Bnrz5UgK12spPom4snAigwW1FZdnRNqVu9CNnYqqG,1,5661,5107.023,0,2220,659,14,0.0329,11,5603,1726,72,0.081,41,5612,1735,72,0.0818,48,5625,1748,72,0.0828,60
6ytBN9WLSWeZtf7ij8c6245Pe3v7hu49gBKdejkhP14Y,0,A4gp12BibtcPNU2bUuTTGGtxqr8HQNte7H1xVxVLnHf4,0,15000,,,,,,,,,,,,,,,,,,,,,,
6y6opEkLXroG33CQqRmqRp9mcoSAVR66o4sHw1AC6b4n,1,CVi5YYCkTKsA4Pvk3Y7kxzCZGJj361K9LAmjK6nrMxgE,1,2420,5436.613,1,37,33,3,0.9459,7,42,38,3,0.9524,8,42,38,3,0.9524,8,45,41,3,0.8889,11
6zmrmNUGdRwrqcchshVkBgAyLhLwZ7QvJRQiKktqVQLV,0,Dxh6fg4QCrLNGANTCngG4TRGF8jtbX1nKZTU3qF3DA3E,0,15000,,,,,,,,,,,,,,,,,,,,,,
6z6qYvbU1ZTcKXhUto2FUSEuJPZmVNQmPQjxJzmJ1rbQ,1,8SSYtP98ukb8qYq6N2V55nJme2LhoyWuvtGByWicBYW1,1,8,13363.756,11,7,7,1,0.1429,3,7,7,1,0.1429,3,7,7,1,0.1429,3,7,7,1,0.1429,3
71dnethMh5zx1V8zzNizxkywvhR8VWZ1VX6rt5KApmSw,0,AqwXfdSSznv3joUmV1aVF8MNP45pgNqXBzQnWfoEq8hF,1,7660,9139.465,0,1194,147,31,1.0,2,2920,1394,31,0.6771,53,7170,4950,31,0.4844,315,7576,5259,31,0.507,373
6ztpk66ufp9gqY7g68DySryRox3VczJRssJrQGM4fAr4,1,78NSRPt9TBLezQoFb9qUiBzt7YSpqLKjbQNQ1dUtpUWj,1,10862,18594.279,0,8365,1162,43,1.0,11,9855,1448,100,0.9739,38,9926,1494,100,0.9703,76,10115,1613,100,0.9613,157
72VMbkfBskHUTS7adZ3egwitXbD5X85g5ggrrfvUuQQk,0,944YziSquxEemJWvmvXfgzcsCn9h9iWSvfJmFA8yBkn1,0,15000,,,,,,,,,,,,,,,,,,,,,,
724ZWv2wMjCZFMLzRygniBL5zV5kKX6ZSBqnR3W2tGsS,1,7r1bRFqismv46qRinUQnYh32cUFM6y9pXURVWxSvjK3C,1,118,16295.249,1,29,23,4,0.4138,8,101,92,4,0.2277,27,107,98,4,0.215,32,107,98,4,0.215,32
73WeSq6AfrqXdjUenKep9YPBqZWk9SXmWFfY9d3aL423,0,CBU24DoFHTPsyTVH1TxjiPETrEkkffQ49zG6TYuHoR9V,1,452,4026.125,0,74,33,14,0.4189,5,82,39,14,0.3902,9,437,149,17,0.6224,23,442,154,17,0.6154,24
73AtZK4RmHzmdnkoDuoDr9gMgLCJoJLpyNPywwoafpj7,1,7H7bheGF2VQSrBNVRhVRsNJNyx3ovrmw19KKnNjoaARj,1,142,13890.091,102,128,87,6,0.625,8,128,87,6,0.625,8,136,95,6,0.5882,14,136,95,6,0.5882,14
74SwSGwmNSuTP9a2FNWnW5or571dkU2Z3TtCT2f2edam,0,FTU4J3iRES6XLiDECcReXueMfGqBRh75WKDftpCipk28,0,15000,,,,,,,,,,,,,,,,,,,,,,
74JQUtBZS41N6TovoyEHRmWV3MVogMjgwJwG67VkXYHm,1,87oSXRsQhgNHj2gtPQGMPZBRCntSKuxtrgoEDoPBd7oP,0,15000,,,,,,,,,,,,,,,,,,,,,,
75vs46xJPva9TqP8vomh2vmw4LCBW9avR16NdBqNpump,0,GVaC78o8rdRx1ncYmv4j43z8C7Y9MeGDFjRALknZ7k55,1,2094,12955.548,3,975,460,37,0.3651,11,1712,1051,37,0.2821,60,1950,1287,37,0.2641,153,1990,1327,37,0.2603,190
75M9nnYH99anXmDR3CSwCYwYfrV5EEmKRRZQjyVg1p3P,1,8nVQ7BvCKYQTAizgeSmnWkvGWMAUFKU6rk5UMCQNkWz4,1,8538,20674.271,0,631,260,26,0.8637,11,960,454,26,0.6604,26,964,458,26,0.6577,28,8524,7498,26,0.9417,235
77KxtoRTXDperZpSkohH88ETyi5RUphZPpmGyk7UyCKA,0,2y7tK83JNzFB1SBDYrqN1V5mWmTnxG81Nn6wHiG4iuYh,1,8816,14115.856,244079,1,1,1,0.0,1,1,1,1,0.0,1,1,1,1,0.0,1,1,1,1,0.0,1
75yhYFPGMLo6GhScwGMwLzPZ7rzt4316kwPcPcyZQuXa,1,3GRbGg6GBm9Zk48jkjPRwe82ZookpnhPEDZQ85nt5N6Q,0,15000,,,,,,,,,,,,,,,,,,,,,,
78XLqFvnRAAsjPEFVMfzBeMy1qkxbzNRrWtLuivP6VVX,0,B7ftk29rkYUNLZyNT7ikkU8JyyjTwdH31QBKGQxhcVBy,0,15000,,,,,,,,,,,,,,,,,,,,,,
76pSqG4EsE5n5vp7NrEqZAX4Zsbu48UWFQ7ycSu7BQFH,1,9jiuZGNsv4ZCzRuRRvMDgt1StbjSuAqPHxqaNpotozM6,1,22,17224.857,39,17,14,3,0.5882,4,17,14,3,0.5882,4,17,14,3,0.5882,4,17,14,3,0.5882,4
79DSZnvKdTeyxVXKFYFxLW9fW6gB6xjCFUBoyRHWjK8w,0,4u9rAVi3SPQ68rxXey9C2kfQmftgYDuT6XCF2FfdePVo,1,101,13578.96,33,19,18,2,0.3158,6,61,57,2,0.2295,21,95,83,4,0.1789,37,95,83,4,0.1789,37
781FPrecjXtNdgGz2ar3e7r4V13Uun6kZhJWWUbRpump,1,834HkgfJQzwNkoco4FAKP657vVgkdd455LXuGmHaHpjv,1,2804,16504.784,45,669,264,22,0.861,10,1866,738,32,0.8741,39,2796,1126,32,0.8784,65,2796,1126,32,0.8784,65
7AGHebp1RhbroBAnsebGFPUPLjE3175jP93HUKRUfubW,0,BuYAkmCF6MQfCr5E5uZiGUXWSx3wnZzHqvt2ckeifEWv,1,2243,2364.335,0,2050,465,47,0.9541,11,2193,533,47,0.9384,32,2212,552,47,0.9326,46,2219,559,47,0.9306,52
79MYXz4653a1LbhPtMDBQbUpUtpPnvn3WEwsyvsbwtZk,1,BDt4eNHTs3U3ejnZuD4v8dpjRY8cBHBEiWsdN4x3CST5,1,237,7710.966,1,137,51,30,0.5985,10,167,81,30,0.509,28,188,102,30,0.4628,49,224,138,30,0.3884,80
7BEv5LEBKQHAYuk6wu25xdXb6zhJ3kHyc6wmyYFZKW4u,0,CZPTyfmowf4eRfTXzytVPcbLHng38uEGhghdebbtWdyk,1,14363,5179.229,0,1582,555,20,0.0398,11,8311,2972,20,0.0108,61,14316,4432,42,0.3194,132,14318,4434,42,0.3193,134
7A8ji7C5R1qKZofivboTh7Jf645m3mMHsptsvvmSeEj8,1,4qNuN9i5GEAJJUmN8aGBJC6gpqLEWXBdbc1dn27c1ewZ,0,15000,,,,,,,,,,,,,,,,,,,,,,
7CDSedgHumkMB1iLwkKTuAvTi6iHjA5EmEv8SAdBJxD3,0,uE7Zt7HemuYaVftjiJUnRn5FjeA8u9xbvJY6uGVoVVc,0,15000,,,,,,,,,,,,,,,,,,,,,,
7BYiASUqt1C3kU9863qgoJwaw2e5zB8yJLpbPxwrnBSt,1,9uH38p9d3sQcrHKGYHLGbtDGJyXoDUt8YTVib9WKP1zx,0,15000,,,,,,,,,,,,,,,,,,,,,,
7DHJrhWBHfDcMZqZ1ua38FZXuwBt2se2vSzT4p4Tv7d8,0,o9zUvHLheK74KSXxNrd62brfLAvY5A94taiSLGHguQ5,1,5025,4892.03,2,74,16,21,0.0,5,109,50,21,0.0,24,273,174,21,0.3443,79,386,262,21,0.386,132
7CjvjddoACtNv35vRistrAjS4nwgEZDdyxEkUbJpcwQd,1,H5iKpDf31MJ2wtaSj4ViZhsQ4HWeVmqJjKHRm5BKViGE,1,13,14155.766,43,5,5,1,0.0,3,7,7,1,0.0,4,7,7,1,0.0,4,7,7,1,0.0,4
7EYnhQoR9YM3N7UoaKRoA44Uy8JeaZV3qyouov87awMs,0,DoYqKGzYkAiKH6TfwFsnTVp2UoHxGXVVSD6gUJ7gF45o,1,10889,17890.788,220,4,4,1,0.0,4,28,22,2,0.7143,8,47,41,2,0.4255,27,311,183,34,0.6463,88
7DZmmvoY7UwVHLmEMfRTMUhhiBREAormFgHnYfXWTU2W,1,99mUFNcyitzWd1M4bJqg2bXhovNQ7iGvyRoih4JEhiuK,1,1654,5059.823,236,1180,263,76,0.9415,8,1418,402,76,0.9196,32,1576,558,76,0.8414,124,1584,566,76,0.8371,131
7FqcC67T6d6dc8PRu5sXQpvp3TJtURfZyAqrNDmcCmxH,0,AUssmnmJRWX9Xdin1WH4hfrsaSJh3GpmwGNDJmkHCHeL,1,6690,6158.542,7,6417,441,140,0.912,10,6667,531,140,0.9091,21,6675,539,140,0.9082,28,6678,542,140,0.9078,31
7EdDHGdRivL9wjddDHKKcGqSk1ZDrfHtey4gqUPty8zz,1,5r88S3gA86JcMpzVoBpnbnr1sMwaJQAqNhqhdGzMxDz,1,1775,5969.587,0,721,333,13,0.8946,8,1757,1166,13,0.9482,42,1758,1167,13,0.9477,43,1764,1173,13,0.9444,47
7H3hdSFGUVW94UhmrcJ4m1rqtX1JZ2SVPX1wxGjmRGML,0,77VGZMvNyCncSBe4TYWy59MD3dvbBWGnJdx43adQx3rz,1,2590,3908.211,0,5,4,2,1.0,4,1381,131,287,0.7248,27,1408,151,287,0.7116,42,1594,198,287,0.7353,53
7FTECLd9wkVKrdqMVsdCPmLDDH3mJumrWefZHf23XKPG,1,6mpnLbxA5EF1p6ucjNR92D1BKWmFi6jwb1CXVpkYajhC,1,245,9255.282,0,207,108,8,0.7585,9,227,128,8,0.7357,19,236,137,8,0.7076,25,239,140,8,0.6987,28
7HiDGH8eBf9NsjCAM6Uuu3MuwkH92xvfXSk3MyYk5zjY,0,5pKuNF41EgGGogkmPYR22HJHShcceiFEsY6W9YyWvCXq,0,15000,,,,,,,,,,,,,,,,,,,,,,
7G9zcGZHxJTzZUTugRVnFP5fUVAiNvG1TCyDo8nmpwBB,1,DwoiggHbsTjpVWKVrAq7woUUATDqWRK1JDLNCWdPrZdp,1,3745,8024.915,0,2937,734,92,0.9448,11,3556,1163,92,0.953,20,3567,1169,92,0.9523,23,3702,1199,92,0.9519,29
7JhmUcZrrfhyt5nTSu3AfsrUq2L9992a7AhwdSDxdoL2,0,GaVqZGhKt2mCJhe5FFdBiL6ot6XAsJCRbS58hQd8vJQm,1,3222,17816.695,34,2,2,1,0.0,1,2,2,1,0.0,1,9,9,1,0.2222,5,59,37,7,0.7458,10
7Gt1zS88J5wptPTbGSDSNfPHHYDwcL5QUvK2mqsobX5S,1,3q21ynkgeu9Vc4na3DwT3RuuDDzPHYj2ehfo7Y9nPSyZ,0,15000,,,,,,,,,,,,,,,,,,,,,,
7KhMizRZWzZZytUbm1wem3nDKpTPt1u4HFCS6uGQdXxq,0,F8j6TJPQ45eEn2FH6XFGjiWy6dGpeL3GK5hYUjwRPaL5,1,75,17271.879,141,5,5,1,0.0,4,41,39,2,0.3902,19,41,39,2,0.3902,19,42,40,2,0.381,20
7HtbK4XPgTSgkD7pG2dgQ1kEXP3v9j67dATxmLk67ggQ,1,8iyXxL5FohNxCWYLWoDwp2pxf57tP6SicSArekVcyaUr,1,14066,7028.694,0,7405,316,192,0.8093,11,7727,595,192,0.7814,61,13276,3184,192,0.6513,187,13364,3243,192,0.647,218
7LZLkdxisoHRSTWNDzBWYiFMzPPRJKzrUYHzem5jLGXX,0,AYHQRCTYWj19h8qDm74awU591E1PQUsWcMuMJZ6fv3JA,0,15000,,,,,,,,,,,,,,,,,,,,,,
7K1VQWWPbvpGixqS7113zAqGyNmTVtq653J9q9y3Fv4N,1,2sHpbjC6ok2AUEy5338YDryHj85Y1X82o5VVXzwcrfCM,1,2675,7290.219,0,2463,524,45,0.9005,8,2497,544,45,0.8947,20,2499,546,45,0.894,22,2542,570,45,0.893,27
7M9KJcPNC65ShLDmJmTNhVFcuY95Y1VMeYngKgt67D1t,0,5PNYmkkGnQgM63UV6UBpXf9Jz46Cgr1pvGAvZ4gqhSHw,1,525,15683.207,3621245,1,1,1,0.0,1,1,1,1,0.0,1,1,1,1,0.0,1,1,1,1,0.0,1
7L7aXiMRbynqAPUzehkx6tBQMmaUhzDK958XPfrFmVYS,1,5zjuKidwtcrQGYZFN2wsMzhZ7uccLHCSsiDzeWwXHJ6D,1,1575,7660.693,1,281,136,44,0.4911,10,1473,996,44,0.1881,41,1480,1003,44,0.1878,47,1565,1087,44,0.1898,91
7NY6ocsf8eM9qFFa2Mqf9479EMTh7yYqi7wiQ1PCPaYX,0,94NcueEgvJRASRN7ySVhuCUawRVLTXzCUYBDLmiCqwkm,1,3220,11320.671,0,2209,63,195,0.9588,6,2269,107,195,0.9467,26,2506,282,195,0.8851,128,2620,386,195,0.858,208
7Mm6JkJtXi4vym9jcWHkW98GBEL1LPbgyDCwnmLE8n37,1,934nd17p5R21geQm6ZG2yzaTv2xRz1SGuRRd7YVL27LD,1,4369,5599.7,0,3749,661,29,0.9891,11,3773,681,29,0.9865,21,3776,684,29,0.9857,24,3806,714,29,0.9779,52
7Q2afV64in6N6SeZsAAB81TJzwDoD6zpqmHkzi9Dcavn,0,JSoLLrxK5bYdHwTEWYaGgmeycBCNXKDiBCTw5hXGBg7,0,15000,,,,,,,,,,,,,,,,,,,,,,
7NbRTQjzhqYsLPebtTWBfHRvcBqf59Ey68F47fyaUpu3,1,4UExUz3XqTqo3Ss2Z3Vi6C8PQDZekUxyxS23wzydemzJ,1,559,15599.097,1253,1,1,1,1.0,1,361,146,36,0.6648,18,457,210,36,0.6477,41,517,247,36,0.6325,63
7RLkUSdTqWh5s2omyNvDhG2fR8dcM6hSenRdgBRqus5e,0,K49wpMovf3DThnqhETBNo1oErBvzs1jwyvcnx23ZyuS,1,11,18009.356,14,2,2,1,0.0,1,2,2,1,0.0,1,2,2,1,0.0,1,3,3,1,0.0,2
7PeYQzCSEeq4juqFMoJvm7hYc4hNG8sKwrfZEBbS2D4t,1,51VwoeDsJtahKzWykAdtR8fSomLRA2TjdEUaKiTc5nWd,1,3166,6385.102,0,2316,494,20,0.9996,6,3049,891,20,0.9695,36,3157,968,20,0.9417,73,3158,969,20,0.9414,74
7SCs1ayvipbNAvWZgCM2ibbzP6hJ8rALsHTFzApjBShw,0,FousPznVz7ZrwJLkLEu2dyKHcZZcmu1QMc7aMpJW7ych,1,13534,28289.99,14,7,7,1,0.0,5,12,12,1,0.0,9,801,772,2,0.3271,190,10490,8776,103,0.3432,1223
7QUE4uywLL2bxw1oRFQWpWfsPiqUz59etBpfpeAng9Yv,1,4uuAgcRNBqXAZ3MiDR1TZ4Kp3Njw7Eax259AVjhNyXit,0,15000,,,,,,,,,,,,,,,,,,,,,,
7T974qt1B9SamNbFk11sbRWzPtT6dNDaLCbokFph7BRJ,0,FFRqCEZrJaeApWxDz9AdsdUiSLikVhXmi4teNF8nXh6j,0,15000,,,,,,,,,,,,,,,,,,,,,,
7RT9vHDCBokdhz7zPHdneKQMex68EDMHaXD8Vg5jZBHZ,1,78MUebFNuQvdMZ5QDifUnYGFtF1vB6PVNJcBRvJ4cAnD,0,15000,,,,,,,,,,,,,,,,,,,,,,
7UNNKuiR3kedVcrgjTSCLHofBqHcQ3H8WAnKu7gCViZh,0,7k5Qg1oURk4haWThDaCaoCHzT4KMYbZ8VFWu7e6sZ8fd,0,15000,,,,,,,,,,,,,,,,,,,,,,
7SZUnH7H9KptyJkUhJ5L4Kee5fFAbqVgCHvt7B6wg4Xc,1,H4QcEhtwH3bWWMMg6QQAwBCHqMnBRn6HciCeKGteX2Bh,0,15000,,,,,,,,,,,,,,,,,,,,,,
7VRUiog5gmuCn65Nt3amci9KYrba9AgvFuN3a1SodoMD,0,2MBUQ5AD8GgbgVP18orWLkwnxpRLCWv1tPRpRBgQPEZK,1,2442,6240.364,373,10,10,1,0.7,6,38,37,2,0.5526,21,131,127,3,0.5038,72,314,307,3,0.4554,182
7TidyfwBJm3sMX4Evk1pGjCTMYCXukqvdX4VNuy5PSEs,1,7iQ4TKp6WwasWTrSFoTgWefz5rK7d3oRdGZMj8gdWp8X,1,156,26874.087,5,6,6,1,0.0,3,56,56,1,0.0536,17,58,58,1,0.0517,19,77,77,1,0.1818,30
7Wcwj1MVfEqp7zL5djGiFuUkUcGrbK675KN6LoAknzM2,0,4QyegBoHiN3tZVozwoMPZxKvb9HFtKP6h9bwNX3Kf4k1,1,2751,8512.401,0,2634,398,132,0.9548,11,2664,424,132,0.9512,26,2684,443,132,0.9486,38,2710,466,132,0.9439,56
7UZH4qRriJaoPB4p3wBTYRrPXUqJMSsRpvUHZvQ3HgE5,1,DNqw1MWcDVjRisxq8aUgEX8qfhh3PtUciLVVeAdvEVDb,1,157,20437.832,2,40,33,3,0.65,10,51,44,3,0.5294,20,76,69,3,0.3816,40,85,78,3,0.3765,49
7XJiwLDrjzxDYdZipnJXzpr1iDTmK55XixSFAa7JgNEL,0,GT2Lr5kcQgpbhpEZvjYYKAEzYrZ339vdsWQm1erZybQ8,0,15000,,,,,,,,,,,,,,,,,,,,,,
7VfaG7qAyK1rDEBK6WobtR7dbZR1YrEosqMxs1y5qzxB,1,C1CHXU3NuKb86B17y6wehsqRvjnNboMYUN95qJWMwcYP,0,15000,,,,,,,,,,,,,,,,,,,,,,
7YPLAjUKFbRLUbdonDc7RQ7c7n4NncyHMh2ZKvRv8f5q,0,F9spEPmbR68WvezBSXRD7HvCvdN5gkPJ9GHBo7SEg4XV,0,15000,,,,,,,,,,,,,,,,,,,,,,
7WRC93SAefPDNC9rdZfW5bnuEWGdGtFLgtqNLLegWuFY,1,8dqL8jJS7H45XRUrccEBgyeYu4tQraUaxY7E1vsq5kgN,1,4495,6331.567,1,2729,882,40,1.0,11,3621,1308,40,0.9348,23,4388,1738,40,0.8963,102,4396,1746,40,0.8954,109
7Zom14WJMawcVSXwEJnh9SCG4zR1eTYUCfK39w6FLc4n,0,7N2WaPr3zEKfwnGMeaom9garosJQSkbjryAoTi2qiDij,1,1352,9032.497,0,1281,393,56,0.9165,9,1308,412,56,0.906,22,1334,428,56,0.8958,34,1334,428,56,0.8958,34
7XNdFAPQ8dEjuM3SuTpCAE4KQKXdaD251wY3NQ6sNDAx,1,3QfXJJrga31rGvGdk4RyCRDVSVV3vfuWP8cH83AjSZy6,1,2954,13649.344,0,2692,194,128,0.9695,6,2897,287,128,0.9386,22,2909,294,128,0.9367,27,2912,297,128,0.9358,30
7abMjwmZvQNKQ4xM2G6ijwK4LnqnUBHqb4WD7LYfGGoF,0,Bo7QNpZiLqKMHYYRojxfY4bWxDsqhYzbWtZaaKRhJ7Pi,1,475,8115.629,16,284,61,34,0.9225,10,432,179,34,0.7014,38,443,190,34,0.6862,49,463,208,34,0.6976,51
7YSv98s374XVLpbDD6Yz9z9BUkWbKYukh5GbnbKDBB7F,1,9hsX5sfSZyS2V7fWEB9374nToCaQW6ferLVyshBxbeBP,0,15000,,,,,,,,,,,,,,,,,,,,,,
7bYVYg2TVoqUxbp1agZqoZrAVsCTzRFTWLozjAyKpump,0,DtS8iHBaZWMjVarddCGZAtzByck5EASNMM4y1MJRbTn8,1,821,15286.791,2864,1,1,1,0.0,1,2,2,1,0.0,2,3,3,1,0.0,3,814,579,14,0.9201,103
7ZcHUNmQsJpSodGRZEgMi3fpUSL43exw4VQVU3483poj,1,FuFm3qP8vRBQTfUeXM9pJ9gCgnRbnXKQvzLeYtExdZR5,1,846,8752.041,0,752,304,164,0.9495,7,828,327,164,0.9312,17,832,328,164,0.9303,18,833,329,164,0.9304,19
7ccvuebgaH1MEEPtLFHZ6n9Fqvkf6qsJRn9ckGPadiSV,0,57aMJQMUhsmAEd45d3qDa8vSivirrhLZN6E4nTaPoXPy,0,15000,,,,,,,,,,,,,,,,,,,,,,
7amm9rhykrhLD9JZeXSXEiUUrM3o3ApcSFCVUrb8jGXW,1,HLgC8HcnZ6XRPCQJrbufsexyeZVQPFcwoKYpxsptSUx4,1,7129,6041.55,0,5373,1058,25,1.0,11,5560,1106,25,0.9998,12,5562,1108,25,0.9998,13,7123,1712,30,0.9725,48
7dySSeW5rDYAHsV8k9NK2Pi3BXAHDx7CyM1HUV6BsunK,0,9m6AeUmRwdF1dWpYL9cFaRvT24GQnobUJSGxv42eCPXM,1,631,13817.3,69,6,6,1,0.3333,3,11,11,1,0.1818,8,52,50,3,0.1346,41,197,185,5,0.1371,150
7bq28wkJW7jy1x6Eq43vK7q9CsfMXUDoHE7wjypvXUXe,1,4MSjG97ENKh9vWiR8Qkc2QtMU1bdNUWogKjiyF3FoKnH,1,9,4439.77,3511,1,1,1,0.0,1,2,2,1,0.0,2,2,2,1,0.0,2,2,2,1,0.0,2
7f4kFyKthGt1xab55RCJu1fXwXzhjupW8Rt9iLs8pump,0,AAtPpvxMrHKPT27V4ByGTKg1utHoCk22zAzcQyZrA2tc,1,10235,14169.517,30,158,98,14,0.7405,11,2646,974,38,0.8802,59,10055,3575,60,0.8827,299,10220,3705,60,0.8781,345
7cxbF8rzYdqfgMxLew37Wv84tJ3RfMoKnoKGcKLEEMs1,1,ixqKKyqEfxsD5q8xxKD3V6L16zkXv7NPyB9x7XzVVPp,1,142,8362.864,5,104,63,5,0.75,6,130,82,5,0.7385,13,131,83,5,0.7328,14,131,83,5,0.7328,14
7fjwnsiL555Lv51m93nVkktHDnATjoa7QFSYVo83ZMGB,0,7NduLQGyUTXCF3J5CqjGW7Km7wGmcxG6SmtvEy9bRqof,0,15000,,,,,,,,,,,,,,,,,,,,,,
7duNbxWdTUwbFDrK34iQaUyvjhRqos7uSFdGN778iuBn,1,6ck9CGAjBZSzTWEYcGaf9C9N3qsS3j5JXvpVUmLNSnRr,1,2658,7575.159,3,10,9,2,0.9,3,2627,300,198,0.9353,15,2635,308,198,0.9347,23,2643,316,198,0.933,29
7gYuMHFhDqq6wFp6pL7PbFkyBBNHLMrvi2ueKaY8uPPi,0,9Lw3Kxc63ibgNtRSD2k8FBvWXN37YxcQdXTinL95tDhJ,1,312,15250.687,5,136,81,36,0.0221,11,232,168,36,0.0345,44,256,192,36,0.0352,64,269,205,36,0.0335,76
7f2sKVusg9eeMhp563VQcHANQs6jCvvBxNzb1Y3VbwuR,1,HPFqGH1GZyUn7Pvtgnjs87C3edDa3aFPa4MJ4aZ5cT2a,1,10749,18148.443,1,4541,988,27,0.8861,11,8579,3464,27,0.5368,61,9852,4535,27,0.5103,258,10091,4722,27,0.5063,401
7hivRARbcwd6dS4ZgXLm235koLjuKf1RpvzYe6AyFKPD,0,6JZqLX5YVA1sm9ef2iV7JZmRHDWFCbNrsAupHGWtxm39,1,5653,6639.955,6,5596,612,165,0.6587,10,5608,618,165,0.6589,13,5615,624,165,0.6584,17,5635,642,165,0.6573,22
7fqu2bLPWYjDE6NsosTqn2jwFp8tk3gy1LPj8MB5CNy,1,FxwrkvP6EweuVuFm8C9cZhATYbboVLJddyzTCjZipd3E,0,15000,,,,,,,,,,,,,,,,,,,,,,
7iT9P1cvoDBRrRSy4ZvYZDXfMdMSbkT1CsAAL2LZz9et,0,Enb8M4b5c83juho2NwoiCUdusLTFcsS16k6729qX12AZ,0,15000,,,,,,,,,,,,,,,,,,,,,,
7ghxLYRBqycvMLhoxLWQQ5gNRhqHKfABxQZYe9WoeXL,1,F3MHuHhgRUbE4zYf2uGvccwmKYdbd6P1T3FUXgW9Ayfv,1,4458,7175.07,0,4413,393,66,0.9658,8,4431,404,66,0.9648,15,4438,411,66,0.9635,22,4447,419,66,0.9622,28
7jmaTFBooHkaSrBJDftu3LcK85KPtqWTCaFZCDxQV7ZW,0,BU6rz3avJfwqw1xX8Si4o4CYgVN5MMLfe6n11fL5ht4H,1,1048,15421.455,514,2,2,1,0.0,2,2,2,1,0.0,2,7,5,2,0.5714,3,23,17,3,0.7826,11
7ht6h3dkHQupJ4LBMi18WRhHiKZhtiP3hVXoddGExHZs,1,3UL9jdeog2oPTVEBg57nT6MgVRBsHZjLwBf14Rdh6J2B,0,15000,,,,,,,,,,,,,,,,,,,,,,
7m5Mz5PRMAEUGdGrX4aGGcF2Bpy17D5Aye6xD4hy5o78,0,3dYcGkGKxHiVinEnwGTZDjzvppHWJXt74LgvqEjURH37,1,20,6930.206,48,15,14,2,0.1333,8,19,18,2,0.1053,12,19,18,2,0.1053,12,19,18,2,0.1053,12
7j1iYXRec9ofAFQFRnhnr2BR7rD9uUR1AwXUTCfjM8Rr,1,GVejUEkjvD9NxqDAxWuaGSKce88jQCfQasnWkSUb3iz6,1,3430,6669.68,0,1898,996,12,0.9995,11,3295,1444,33,0.9305,25,3307,1456,33,0.928,34,3307,1456,33,0.928,34
7nErZV74Y8L7zz1thKUczBniWMnLc74gQMdzbWnhr95e,0,AvFjVU9hJod4eHNYZ9xBfyZnJcqrdHPAuZTeqoYg6QdC,1,11252,20125.033,2,4250,615,90,0.9602,10,4344,699,90,0.9484,40,4471,821,90,0.9266,120,5179,1494,90,0.8932,354
7k2qv9EAbdN2TW3y4Ubkr6CMNfKFMCLDVshZdUHdohH,1,GvgfD8sVSBWydQGcVYcFMUwkBcgv1spXq5xzYJxkyZNY,1,503,9006.864,3,406,24,133,0.9286,5,445,37,133,0.9146,11,446,38,133,0.9126,12,456,47,133,0.8991,19
7okPYisaUFvpTKu96KJcPLLwGB9ZyCZJjxyKr8CdEooM,0,AYZhKUawyGn2C64pZev3VVusAHPYvAuGyx76LThvdPGg,0,15000,,,,,,,,,,,,,,,,,,,,,,
7mE3CZ6nFgxZbAFYja4vqPfsXUDxqzhaAv5bgfC1XNFq,1,FYVyrWvwb5s1eeCjSscq6iq7ViFFVTMeuW8cUqniLhJm,0,15000,,,,,,,,,,,,,,,,,,,,,,
7puG5H5Mc6QpvaXjAVLr6GnL5hhUMnpLcUm8G3mEsgHQ,0,9w7CqRD491maRWGoEdWTEyn86nmUhfzYxuLdD7xidkcS,0,15000,,,,,,,,,,,,,,,,,,,,,,
7n8UZCHHtZJEz5a5bj1x22b1NEW7mD5dJkJNegMpng3C,1,CK4Pq4mgMqkVTf6tw1iPR2P482BD1WV9KvtM9LpaoUyz,1,24,14407.917,64,3,3,1,0.0,3,4,4,1,0.0,4,4,4,1,0.0,4,4,4,1,0.0,4
7qvaWYSZgzx2ingvoLpHPJVDBDKDzRfBtRrFdjzJwLeH,0,F3e18RMawMkWKanDcx3R6Yj8CwDFYzdWMizycjLpxF8h,0,15000,,,,,,,,,,,,,,,,,,,,,,
7oNByKA6hUKx6q9hEmVyBfStge2mBM93SHnADXsHc2Qn,1,5M6qXzquoopY5D9zigCT22oBM5ZM9QskijieE9Ya3m4a,1,958,7971.332,175,5,5,1,0.0,5,5,5,1,0.0,5,9,9,1,0.0,9,20,20,1,0.2,18
7rqXPaJQytbAWmcK1bfBEW2CV3Azffo3RLqwvGuKpump,0,tQsNQuSKq6Afkf3sbjZBfwjEGou2EW4T4qyXu54RpXL,1,897,13882.34,31,276,153,20,0.8152,10,890,517,20,0.8146,45,890,517,20,0.8146,45,890,517,20,0.8146,45
7pHhGohPYmRjKND1qBdSSqoFWNfxoeuaqaa3PVKwAe8x,1,9L2CxW3f3iKZyxVjM6mrooLa6sQn1FoWQZLHm4yV8uMh,1,1211,18587.353,0,783,196,129,0.6501,11,981,374,129,0.5576,56,1008,401,129,0.5446,78,1035,427,129,0.5314,100
7sqZVLhTyLuzNF4Fgat3PnQzQmV7xLmHqQ9iFezbs1TY,0,qUHwmmfaTcFr7rSg4e3hkE3ZH6PYjdTHqkvzkRvEYW3,1,336,8042.359,23,69,20,31,0.0145,8,130,80,31,0.0231,44,215,165,31,0.0558,112,248,198,31,0.0726,142
7qWtmCn8TdUYaidhC6iPJJ6V7BLEx7Rc2dU7nQAe35is,1,AunMptyoKvFhjBRTbNmm8xvtW9DeSKPZx1A8dMovAJB8,1,19,11759.018,74,5,5,1,0.0,4,7,7,1,0.0,6,14,14,1,0.0,13,15,15,1,0.0,14
7tsFrXk2KkY31HLu6UCuVS1R2n5xACikP541yFfKy3Kn,0,FqabeDqk9gLu599HarEwLbCeuozT4WMK8VGV6MnvGcoB,0,15000,,,,,,,,,,,,,,,,,,,,,,
7rPfLCcHzWL6SwSTigWHpLHhftVcccbo3Jzsi7YKLV5S,1,gt71s46nxYikBenciMPazuJEAyWUnYKWnUBKoyJxnHk,0,15000,,,,,,,,,,,,,,,,,,,,,,
7uu2DLPq4ZumFSJaPYA9rg1EZFYmyzEMXN1NUJirpAEN,0,CCsHaVL5hmiSkpqPTrMuwDHetBi1rNV5jaHtKK5epYox,1,3907,2562.221,0,3804,623,153,0.959,7,3807,625,153,0.9585,9,3848,657,153,0.9532,28,3880,683,153,0.949,46
7s8TnaUZAx3bdKpfD1ckxun1K9vtqRJPb1oMg2rVfeZS,1,Dmztne3zciwXVBGygZq8CoisiJL9g37rLyHM3eAHb6nw,1,13345,11533.549,0,740,344,26,0.7054,11,1303,816,26,0.4942,61,3296,2526,26,0.264,359,13299,11650,26,0.139,946
7vb7Tm9MkRr2kVGH9EqZXsuKvzgYXXRgKbdH2VCjzriH,0,C3kSpY1TRfGHc4H6GknNv26vHVdSkGFu6q5Pv3fBFkDs,1,5475,18985.602,0,1328,126,87,0.9239,8,1470,239,87,0.8959,31,1501,258,87,0.8907,40,1545,295,87,0.8861,52
7tKfQMnu3Ggv45cvnKmhQbFm2qsaqzUUKETR91NhyTr7,1,GGXQiivTHsr1cHpnKboj8m5ZFMEabS4Ku4tz6brfyhQH,0,15000,,,,,,,,,,,,,,,,,,,,,,
7wXiLMmRzD21cDR1pvgneiYGqr5ZRbuwehccGKexEnzr,0,28g4wWbonAN3NaHkaTK3aTWJAEyrDHgnMXL7JtC7gd1Z,1,5158,17454.678,0,1481,495,34,0.6496,11,1790,763,34,0.6285,47,1885,855,34,0.6016,77,2358,1292,34,0.517,228
7xBkaSXj9gneJhvjmjwUCjFBPUXRuQR1KxobLs7GhvEd,0,HMT8kttKiuJAayrNWGDGSaHEr5rBN8fX9vTrEVFkcFKH,0,15000,,,,,,,,,,,,,,,,,,,,,,
7vPVrdqRVHBhcwqmQ6XTj5MDsCanzmByu86mEbzT7Ezk,1,2xqMsws77EuPRoKrajczdUtjVijoannkq8ih7T6w6E3A,1,3498,7835.01,0,2335,846,21,0.9996,10,3482,1184,22,0.979,23,3483,1185,22,0.9788,24,3486,1188,22,0.9779,27
7y1TrdzE1cEeCgBvgdNB9DViMYdQ7UU2FKhnPDLYa7ae,0,3H3x1RMKEDwJyGkdCJ7vCkAkJPJPupnAWGc9QHo6Uppx,1,191,17049.014,71,5,5,1,0.0,5,11,10,2,0.1818,9,28,23,3,0.4643,16,184,171,3,0.5272,76
7wixJVLFoZDRNq3SJkzvGn7QqYfQsifec9gSD49hs1ee,1,76UG3mwvjLnHNgijewBz4P2nnvantRy1J9nsmTDip62M,1,5222,7649.492,1,4890,805,50,0.9489,9,5005,887,50,0.9441,28,5192,957,50,0.9216,39,5194,959,50,0.9214,41
7yjWAASx7Qc5N5Ezg8Nqd2prjm4zPFK93tf2GJTp3GpN,0,6oWrCPbRNNYVWqi4wZGy7Vj6DhmuY5LAuUTFqvvrXDmB,1,13350,18422.784,2,8627,1245,52,1.0,11,9008,1412,52,1.0,13,9008,1412,52,1.0,13,9008,1412,52,1.0,13
7xYbBLdju4UixjnQuMCb9Rzh3NrtuqUnymgUubAMQZdK,1,3vqcMBJ6wjes6PrY3r5FZVWs9Knn6omyS7G1VyB9mhEu,1,48,14452.169,50,6,6,1,0.0,5,21,21,1,0.0,19,33,33,1,0.0,29,35,35,1,0.0,31
7ziY138J4Ujqh3Gw5SzHCqr92jRrorQwnsyGTSchnVnT,0,FXPEkkP2SCFnsNpx48ZGxawiC5VbCBRN9GuKMso4FDXi,1,21,17029.849,134,6,6,1,0.3333,3,14,14,1,0.2857,7,14,14,1,0.2857,7,14,14,1,0.2857,7
7yVhmBg3dnvV9P5zT2y1XeYSCmFdHEAdCwDG4HaKaezB,1,Fo3S7eMTe82mbbAMaZainunLhSPAtcGQowsoNFsYMYqq,0,15000,,,,,,,,,,,,,,,,,,,,,,
81u251ZH4NCUe2h2ob8N2WE2cqUjnR5bybEXhMH5pump,0,7Z9X81UHQUPFJejTifY9q5i74AFvJi36biRPpSpwhVpS,0,15000,,,,,,,,,,,,,,,,,,,,,,
7zGXdiBA4h7PyBVrLzWws3MtGLk9h4ndRM535EL6CBdT,1,ELGc1eCBPNkkj3FG8vmvkuUNTEUskioC1K3ZGE6PriSP,1,10,17299.314,13,3,3,1,0.0,2,6,6,1,0.0,5,7,7,1,0.0,6,7,7,1,0.0,6
82owMeqrf69bSHC1qLW1S9FLb6RCV42A1ASnz4PMtXoW,0,8cW5Z3NB7AarUyHBN6eS6tCK2aLEoRf3vbnnMFVPvss,1,1288,20299.463,14,4,4,1,0.0,2,39,39,1,0.2821,19,155,138,4,0.5613,63,887,702,7,0.7148,212
815rR4cpjw92qksKsGDNAvBzZNZxMwRymNGZHxXsLAP,1,h39Kd9Q65o3eqNuhcbr7MmvcR51jpqnypkPDa1CgV7w,1,510,15795.356,47,2,2,1,0.0,1,10,10,1,0.1,8,324,314,2,0.0802,158,449,439,2,0.0757,263
8465iACTghSR2aEweXS2i4idgCrHmFTVen2kcmfPpump,0,4as4TpQredzCSzYxC8a6uBreQEVtoSnRB32QvkPoEjEv,0,15000,,,,,,,,,,,,,,,,,,,,,,
82Sx6VKUrLUGUvEL8ymSaTZHRyEmGSfw1N6qNtUGefPa,1,FWq28VfVnGF4myZ5nLKaQXzAbL8h4qtkjDw9CqJ1aQzF,1,10734,6058.035,0,9035,860,87,0.9852,11,10404,1364,87,0.983,50,10409,1369,87,0.9826,53,10421,1381,87,0.9816,63
85HYmfukknmDrED7G5yt8ZrDTgZJq2UMm4Cmg7MC6ar4,0,6rZifc1K3ChFcYm1q4VqWJR7BnFk4ubuDbfabCVx7BNF,1,1278,8538.303,0,947,102,60,0.9208,11,1168,255,60,0.8142,41,1232,288,60,0.8076,60,1253,299,60,0.8101,62
83BPtEGp57Lv2DHvPqZxRrKCgTreqA39XQHWxcbicwCd,1,zFUH8PAPjaQSkErkXoak3ebr7TqrMhjPKosHGmrhU1u,0,15000,,,,,,,,,,,,,,,,,,,,,,
86DTwX1M7xt4HnDZNuVUXyMLTsdGKFwuLyLBpTpBpump,0,H7PvZPxE3BJEVXGA6EFur8HNb87wYmKdMJCxRSEpCJh9,0,15000,,,,,,,,,,,,,,,,,,,,,,
84ResdQGeVJhYa51q6BhP2SH6ujTMmBBSAjUAHgxAZib,1,2KaQgLS9iUsw1pg4R4wRqDoF5zxFZmYuS5rZkSwJAnhd,0,15000,,,,,,,,,,,,,,,,,,,,,,
874mHtP579VYPxjthdrVU286Qk9fDPaZkw6KPnpZqPJf,0,2tgkQeR3rj6Lp11bkPaVMrm4FyqoSkqoU8YUej38MfAf,1,23,15769.007,689,1,1,1,0.0,1,15,11,2,0.5333,4,17,13,2,0.4706,6,17,13,2,0.4706,6
85P7Q2H2hJnBdga5rzr3HZMUY3az83tavWheR3u2WUmx,1,3yQc7ebx1Gay7pYxQDn8m9NF11qukfZbHYNTeDhADLQc,1,22,15429.312,378,4,4,1,0.0,4,14,14,1,0.0714,10,14,14,1,0.0714,10,14,14,1,0.0714,10
887tnctUgSxTxTGcdVMYbNEvmq4DrjUHZNHFwqnRpump,0,9skx5eQ2QNm9EvYR3y6izcjCnHodGjPZ7hGsxaoVUv2c,1,3385,16943.848,18,106,86,5,0.6887,10,831,643,8,0.7798,56,3332,2441,14,0.8229,189,3379,2481,14,0.8224,198
86K13sKcdyPx5khHjjop4o39uh1RP9rnm5xonRYrMq4r,1,bpHMciUgpvoVUPtUVsQJsSfG8zgCXWQguQ8oVJbbQX4,1,14797,4014.557,0,2011,623,23,0.0368,11,13529,4550,23,0.0063,61,14742,4980,23,0.0375,76,14742,4980,23,0.0375,76
89BkQcCSRVnq6NdtyrXyN9j2qCv26VrNSBm6nHNH1ndr,0,DTTfYQHK3eHWev4ehLboarfFignQ2FdDPizyDzBHQoph,1,7482,18070.443,0,198,11,60,1.0,1,1387,494,148,0.6345,23,6239,3403,148,0.5042,264,6515,3662,148,0.488,414
87iYAbBTWi3Gksn27Uc1BXwf9ksers5rdnnNGmt7McdE,1,4Z94jfmdRMb9qtZNbPaTBjvN5r8RcjEAE6v77vXLkcCc,1,14147,7398.574,0,10356,1372,74,1.0,11,11823,1612,74,0.9912,21,11835,1624,74,0.9903,31,11860,1647,74,0.9891,45
8ANPJgPfM8JiVUGLCUG2VK2a6nLkTYXQr1qb4FHBpump,0,98BxvFAxdH33pYibosQnprEszEJ8hjETnVbdLAHHMXDa,0,15000,,,,,,,,,,,,,,,,,,,,,,
88JTNBJqpyqdJNVHhnEdB4k2qXSzWKCj2dXqPgrTtiee,1,7g4qkhyiRJyWux715dVUCV2JSKQtDadpCqtZ1wqZ5Dc8,1,6042,8564.514,0,5803,448,84,0.9907,9,5880,496,84,0.9854,24,5986,576,84,0.9743,67,5986,576,84,0.9743,67
8BLiujyxu5gJajWBXoZQkwSsamdeHNKWQbu1ApAao8Ps,0,FHGMtwrGpwRxHQCuowP4iRmVvtvZzPCnXPqfSfGQBGqo,0,15000,,,,,,,,,,,,,,,,,,,,,,
88yMJ9NBya9BLoRwNfvt2xPQAy2d74ua571Z6d1N1NML,1,57QnKUsn8T792EHmxpbeegxZeF6Svxeb6SR4Nnv4Q91M,1,2625,15399.678,447,2,2,1,0.0,2,2607,1374,13,0.9053,38,2608,1375,13,0.9049,39,2608,1375,13,0.9049,39
8C3sRWnqToyjM7enYzatQBf1eyUbiGqHueXT8E7opump,0,HEeLSprbKt9nj8gRaH69tnABBNBGTTx7Cqk7sB83c7gK,1,33,16209.767,161,20,8,10,0.8,3,25,13,10,0.68,7,25,13,10,0.68,7,25,13,10,0.68,7
8A2a91yjUvx2avHRMruQtsrLiTX6WuNeVyTXuW3Gpump,1,5QvNupSJcyHaeummx7kjjLXaDzMaoBpaEWoMuhtzArYV,1,2991,4106.136,0,1329,484,57,0.5312,11,2941,1310,57,0.3455,32,2965,1322,57,0.346,37,2972,1328,57,0.3462,41
8D1nUMJQam54o34Kj2knFhSTaWoehEr4mBc7LfiDdCqq,0,28cvXZq2Cwu7ZHuSAuNkHhZN3SNMz9bHh62Qapp1J3xY,0,15000,,,,,,,,,,,,,,,,,,,,,,
8BRKEC28uzJmdJuPjud2VC9GXL8RznJvxPake9kHESkK,1,nLzd4nV7fwjKhjivHtxR5Vm2FExwVmHEn9HFcuQtX8i,1,399,14163.116,2,50,40,3,0.4,8,292,272,3,0.3904,53,374,354,3,0.3235,110,382,362,3,0.3168,117
8E4A7y9YjhmJ2K4bm8jBo5F5Kaef6yQdNdfMR7XUJqH9,0,5hLTGP48ZkXczH4qZULmf2hFXqTLCdaQEko5VykCcrHt,1,44,16868.191,53,26,26,1,0.1154,11,39,39,1,0.1795,15,39,39,1,0.1795,15,39,39,1,0.1795,15
8CHgA32Ht7AXjCGV53JFJZrHrA4fZXzohqdhJGWxCKKb,1,DuypEeVLRvcmDjrymxubAuWDnBjCJFZdPrufGaa1WMMZ,1,152,20656.626,29189,1,1,1,0.0,1,1,1,1,0.0,1,1,1,1,0.0,1,30,30,1,0.0,13
8EzBvhGTpnT13pQjaxxvgGPfJJo9HSBU7JA6687p2Nij,0,F4Fu8uxC4PdFv2XQ9eATvRDczjF9DmicCtn6TGXNyhzp,0,15000,,,,,,,,,,,,,,,,,,,,,,
8D57qvtW4XbPCMhSSyAg2HyFJEzvTjmLGNHK5wDU2zKS,1,3ZmdGzSwbZisMV3SNLff8XiktKqF6HWbZWaEocsrsqpH,0,15000,,,,,,,,,,,,,,,,,,,,,,
8GD3LrVYSEA7PPPcb5by8bGDe5aePHxaSMXALCitQ4b5,0,EJj7Aag8rVomq28JhkLL5manNTEgqNRvcUVXPYcbCeHa,0,15000,,,,,,,,,,,,,,,,,,,,,,
8EGJCUjP5okhSgGEzyhaCz9TwarUAu3kNsidek2ZMutN,1,D9L3oDNicEY4eiuFNNbWEkW8Up2d2skGygASg3pjyB76,1,4193,10035.188,0,2706,1008,10,0.9996,8,4133,1062,189,0.9918,16,4133,1062,189,0.9918,16,4133,1062,189,0.9918,16
8H4eH19o9yYWCGFQLe37fQhn9Jkb5TUVw8bwW9cmHNfu,0,GQ1nQmfne4XQVSPyKzjRdTEbAgGupENMsB3w7sPKrEgK,0,15000,,,,,,,,,,,,,,,,,,,,,,
8FCuwYAVhfSMP1c5U7GacRLcxQipSLeraBvvDqfCdScE,1,6weTZCywkiYMCSQy5Qz16PpujJJj3EqP1N87MJfvvmU2,1,474,19096.153,0,67,29,16,0.6269,5,69,31,16,0.6087,6,69,31,16,0.6087,6,77,39,16,0.5455,10
8HpGNw96EbNojdDLjLpPC6EQKXB4aYvzFzYPqdT4UNu1,0,3VychHXJwuE1Eb8mvk3RdqaXSsFCKo4mV2SH3RDB2sju,0,15000,,,,,,,,,,,,,,,,,,,,,,
8GBi3n36RDVbQsrbA6Kbr7wz6nNBy7gF9VdZYRWpxcft,1,ANrn6HuheNVMmSgVsJo3DSZSC3LEYcfcT3SaHEBDGadx,1,1766,16142.638,1,90,46,13,0.8556,5,298,240,13,0.3255,50,1513,1420,13,0.082,350,1735,1637,13,0.0726,417
8JXFn8cpsQ34z554s2DH6sHXpGRKboehdtsoxWxHSg1R,0,8Cf6AQn4vyCsg4cTYcZiM9D3FiFF7PLWsUp51t6HQVTK,1,408,15895.216,41,123,111,3,0.5691,11,383,345,3,0.4386,46,403,364,3,0.4342,54,403,364,3,0.4342,54
8H4Fwksdi7Svztrzu7CBKHnpo89VyWYrkCZqnMYPRYEx,1,AinPLCw6pxszuqMBNTcj6nLWQKqUPbKdQAFkSm4jZ6Cz,0,15000,,,,,,,,,,,,,,,,,,,,,,
8KLoB2KNTsuenBmcKBta4HKnSuv3mUfhbWiz7qnAJVHL,0,DaxN7foExHHobTB3VrBiHa1Zt53p7V4jH4rPzfASTV4Z,0,15000,,,,,,,,,,,,,,,,,,,,,,
8HqJxbBvBSLJBFxrBHt3Kxz87HBhcwDRMZPTeJZGAG14,1,E9nmgXPRkfHvVw4CFLQtTTuTcW3JL2EBcocr21uVHPQ8,1,23,16097.065,3732,1,1,1,0.0,1,1,1,1,0.0,1,17,11,7,0.5882,6,17,11,7,0.5882,6
8LqMCs9CAHu86by2CQhQVoeRQWKdL2J8XfK4A1ghpump,0,DvJNxrCxLFu1yo2B8Zbr53YELaAa9cLGva7yLKCh8HXr,1,436,14626.013,430,4,4,1,0.25,3,4,4,1,0.25,3,4,4,1,0.25,3,11,11,1,0.0909,8
8JonKuoD1o4G98rPADibWC44Hq7MhhRZVSvd3hbfdgek,1,FJzZa8nUvRbHAHTfyeAdUjCJ74VnJf6gUb5k2pPxwdqi,0,15000,,,,,,,,,,,,,,,,,,,,,,
8NGgmXzBzhsXz46pTC3ioSBxeE3w2EXpc741N3EQ8E6r,0,7uENrspgE6gmosoMra7GZ9jXePYqNE7fF8t7mKN5NxkU,1,6961,45638.262,1426,1,1,1,0.0,1,9,9,1,0.1111,9,27,27,1,0.037,24,35,35,1,0.0286,31
8Km7NcxU1avYSqwCaEHHHAbYMitLAzcv3r753h43huAN,1,8YwV3Zoj6hhmhDpboDt8yrWAX767TNLBWMFKtbz1MmEc,1,7299,17327.272,0,3052,1022,39,0.5632,11,5473,2645,39,0.4619,61,6650,3572,39,0.4158,278,7054,3908,39,0.4063,474
8PH1XWXyhvFWXWeixSbcWmfHX4uRJHQtcjnwkCgzfTkY,0,8orX2fuL6FmgoZXoHBK5eFX5WYCYmHsm1ttWs8iQzqtS,1,13420,13462.465,95,7,7,1,0.0,6,59,50,3,0.3898,24,95,78,5,0.4211,34,102,85,5,0.3922,41
8LhRXC3fyEa6isJ6rcVsFR9Z2tAPDFnXTpMtFiW5F5fn,1,8K8tbSfq7XcnHaBiBhZsJ7smTedSk2yLYaKsYr92iYf7,1,11,17080.892,59,2,2,1,0.0,2,3,3,1,0.0,3,3,3,1,0.0,3,3,3,1,0.0,3
8QNPYbKjZ27AHact8BPZc98jPHH9CTcw64K6VU43HB9o,0,47yEZDuKnRvdf7tSWGxogVkKHYQ5oNeQXoE3FEJuke5Z,0,15000,,,,,,,,,,,,,,,,,,,,,,
8Mb5YvVgBP2C2ZGZriURcrdnhJfRQf4CUQmhgczRYPkK,1,49gHhxYbwYKa18RAqi5kAq3FVZASkFVxMYz3Lax5jso4,1,11,16473.804,27,3,3,1,0.0,3,7,7,1,0.0,7,7,7,1,0.0,7,8,8,1,0.0,8
8RtMwBUXyZsPhe13YYCrz8yGheX7XBVdVVFDKzo5fGQU,0,Hbg8hkxEGRUiakNL2GZLWGgQLMq1uGA3pa2Q8n5EcR9o,0,15000,,,,,,,,,,,,,,,,,,,,,,
8NCWjCWSmes6WB4fxDrLAQLg54NWptQWSXbW6HeU8rv,1,F2Gd5V3tpfnQf7eb9oWKyr75ohY5rGHR6o231cVmPoWH,0,15000,,,,,,,,,,,,,,,,,,,,,,
8SuMAjoZeLGaaekNHP235Dv4soXsrcseFXefT3A9pump,0,4Vn9Vs5CDFCZfCCaa9zxPo3N9WhtDjX6qcxrVn1mR7mV,1,391,13870.071,33,14,14,1,0.2857,6,71,56,8,0.6197,22,202,181,8,0.4851,91,377,342,8,0.4218,185
8PkWxA92wWMYUeUPS4f6p3RYKKjWKCsZcECvRb9fqTPL,1,EQ4KMikS2sJ8L2SVzoYTh5BTH7S8qrzV4UpVpUmBzKoJ,1,2476,12244.943,1501,1,1,1,1.0,1,2295,276,185,0.7185,23,2350,298,185,0.7204,34,2356,304,185,0.719,38
8Tv8fcA8bDjCvUPMpcCgXHuwjBgLahieKTmeWBWSpump,0,4kJwT6rEA12z1bVaqctMyyEJd9RRzbVJdacMbeWcUVW1,1,6692,14351.386,0,532,352,12,0.203,11,1297,996,12,0.1619,61,4470,3448,15,0.1045,337,4861,3802,15,0.1024,538
8RFGnRWsGtwLKFpZwAysbrZHmrPgRc9fi9qZPYe48cNv,1,3iEXj3LVJ3FcdHwr8y4PAoEeTZCJ5Vs6GtzWyiDEXfGi,0,15000,,,,,,,,,,,,,,,,,,,,,,
8VD5tqzgVPNHAMT4s5pSHUc9G6CgpxWJSDX4jnKLko3L,0,4na4ydGitGbkNMcnhQ6iCZVH29qw5eEEc3XfV7oCcTZu,0,15000,,,,,,,,,,,,,,,,,,,,,,
8SLRFX7DVDUz8rzxiDfmVhSYzEioSr7ecMfNRnMEuSWG,1,94djMCUx3bxkqGd4yhSDKPNKhaeyDPPFcy1cquPz2GfG,1,491,4214.491,239,4,4,1,0.0,3,14,14,1,0.0714,12,161,149,3,0.3043,73,485,455,4,0.2825,199
8W4TyJPBDpLdDJH2YKT19CcrNMdxg8KMvfvfdYhEyinH,0,3dkrxegT3CdyjsMDmpuY5HqbppuEbm7H8SQzgMrisztH,1,73,16827.375,65,25,19,2,0.56,6,41,33,2,0.4878,12,66,54,4,0.5152,23,66,54,4,0.5152,23
8Tcnh9mLb2ALkCTib4WPURqPdaghrvNM7jAKjoEapump,1,6UoPtgfLUdGcLwHqsAeSdZAL5yRsR2Pcin63zfbSJ3QC,0,15000,,,,,,,,,,,,,,,,,,,,,,
8WrW81AnZxcW6gDaM8J9XnqEwt3WX9Bskw8nmRCt66PA,0,4r3a3pS8NiXxEJm8Rnbr6imZzpxmHcsCTuc6pMjbVq5c,1,199,14638.686,281,7,7,1,0.4286,4,175,158,3,0.4914,40,179,161,3,0.4916,42,179,161,3,0.4916,42
8UmnueT7hWbbUHQGK8qXyW7wiji32KXeNvyA2j6gAmFy,1,98csaRacFMjsMKxR9jLuAYtcx2jRqhd6MLg6fsyC8nkw,1,3232,11533.464,0,2274,684,36,0.9248,10,2317,718,36,0.9219,20,2319,720,36,0.9211,21,2320,721,36,0.9207,22
8XbKcxdZGmDTnut4WmsMxEyU6411coWWGB4gERdn7wtw,0,CEBMNTvXdhDCpHin88foeDSnJMvwwxXEVs2HRuc47SiH,1,58,16113.383,20,3,3,1,0.0,2,6,6,1,0.0,5,35,35,1,0.0286,32,50,50,1,0.02,47
8VPGXZohsFjSxSKYMDqrT1QiZKT59UGkrN9p6kKfuGLv,1,FBG1obDej4n2ePA2Xu4QhutPbFy5h15VBcFyWCzw5Vzm,1,4398,6408.044,100,1634,350,16,0.06,11,4381,1243,17,0.1328,45,4388,1250,17,0.134,50,4388,1250,17,0.134,50
8Yv9Jz4z7BUHP68dz8E8m3tMe6NKgpMUKn8KVqrPA6Fr,0,KEVpg4SYCVrqFxKijQH6hm4QxsRdoE51ud64bEEFUC9,0,15000,,,,,,,,,,,,,,,,,,,,,,
8Wg8BtLcUqS1zFWV6rmAFkm5NW9DWgnoNLxAa7HjxRzN,1,ASJ8sxmRMJf2bYYEj3gbECaTeAEmywQTLp9xseyymz7y,0,15000,,,,,,,,,,,,,,,,,,,,,,
8ZperFA2cciv2rN2YC1QC3YjkuGcTQYiq9vc9aKmdoWM,0,89icnrbBf5VRLBj8BzkN4DGDi53EnBcQxCd8faEVaKvG,0,15000,,,,,,,,,,,,,,,,,,,,,,
8X97n7UReWqXNnQoNsvUmFEyo9wZHTRP6rWqPqaRn2TR,1,Hfv1F2fLScpPUtcB1s2y3bzvFC5Y6gdgTfj56Z1pYTP6,1,1903,7860.523,0,1240,280,33,0.8855,11,1775,479,52,0.8642,34,1855,504,52,0.8636,47,1878,520,52,0.8594,58
8b2Sa561RP2UHjBvyv4uMUcZ9d5EVkMEnpjnuYKffaFN,0,3j4XwE1aJoCcjuoJ6egLEYeCZZsNse3tuFSPF3cQ57KL,1,3811,18580.135,1,712,123,239,0.7907,11,1014,388,239,0.6154,61,1799,956,239,0.5003,257,3635,2370,239,0.4,699
8XrvZk86sZKSNqbFxxB1sD9Nw8QYWRaSDGfL5NvjPNE8,1,52pVeGy1yQ7xLfR5quLtJEqSzeXANymwsD6T2zaDrxNa,1,3760,7378.807,0,1192,413,29,0.8305,11,1216,433,29,0.8265,17,3470,1165,52,0.6974,38,3739,1309,52,0.6472,51
8baLivqv3VmB2CW6vAZCZAacbec8zGhfTAN1Lp8K2T9S,0,Gy22HkzZvUR8WgpZE8hrWib99A12L9dW4662hD1iT54N,1,13515,19785.028,1,5936,685,78,1.0,11,6404,1011,78,1.0,61,7717,1724,78,0.9784,161,7754,1760,78,0.9755,181
8Yy9LvBYyGaQoXQ2M27Zz3UF5cPMthPHWGU6setDgbGk,1,EDGgyCjqaLmDf3g4YkeuGn8h6DsZUs3vX9ASyMpKwcg5,1,330,16410.408,19,323,32,46,0.9659,4,323,32,46,0.9659,4,323,32,46,0.9659,4,323,32,46,0.9659,4
8ccRcWMKmh211KJazYNKFTyAwbJQJKjSDVGd3cbpjYBx,0,EhKKPfiSU5AvNEJBGov7zdFBVrpBPBnjtEsLZUcP5Dxm,0,15000,,,,,,,,,,,,,,,,,,,,,,
8ZwzEW6Rybpa46yVdYczHbQCroDNzLPQqH32Djx3vhVs,1,AtLTXRk12YudFaX387hXW7RWRysR3r14jCXdXxtge68J,1,4696,15818.097,0,2490,628,53,0.7494,11,2843,814,53,0.7105,45,2998,966,53,0.6741,161,3007,975,53,0.6728,169
8dPD9FeRXUpf4Z521ra8YxfXHrFcgiTpzTQy1c4vK9Ro,0,7GGVtQ7xFJXTiburpJJoQmtVoogk7tBzNtRhjNxdJJbz,1,14997,4069.679,0,1075,602,15,0.147,11,14935,3154,114,0.857,47,14941,3160,114,0.8567,52,14975,3194,114,0.8551,73
8asUGTnGZnZ9quqDNAgPsVAXLqhui72GWJaPQqdWdMQk,1,FQCv6LLDMWBa2QyCGGiabFLxmzhEiAL75CzBQW6JzrfT,1,1793,5931.191,2,871,395,23,0.9242,10,1776,763,47,0.9431,45,1785,772,47,0.9401,46,1786,773,47,0.9395,47
8e2G3tCTvKAosq4BnYbDczboRVhy7xaXwbTSJeXEefJX,0,6HD7LRUwX7bdutzMtF9ZEYhUvd6bS7yMKpLh41z58Y2K,1,546,22703.733,3,18,13,2,0.7222,2,24,18,2,0.5833,7,25,19,2,0.56,8,25,19,2,0.56,8
8bwNumXLR1ac6D4qteZFVLXcxehtk4iYPWWRNmcFqtXE,1,9bmbGTZJHs6qf3x8KC7vXtApMCCr6PkMHUcKgxfuELPk,1,12363,11166.683,1,9652,1374,34,1.0,11,12137,2293,34,0.97,49,12175,2331,34,0.9682,76,12197,2351,34,0.9674,88
8fYyNkXdpDQF8kCV6gvEnvej2fM2UifT3D1etY1J11ZC,0,32BEVyoyu8yVLVfMDFQva45Eemh5NUpnjdmywhcYAdXq,0,15000,,,,,,,,,,,,,,,,,,,,,,
8d7HvgyrxnDJMAgPWz5ossekzYC9zHkRHjPkXeLyQArr,1,D7VBvGUkVh3FLvvTGiWDxNPraRBepMfugzyFv1XVHjwv,1,385,10284.875,4,116,93,4,0.3879,11,373,342,4,0.3083,49,377,346,4,0.305,53,380,349,4,0.3026,56
8gTaMJJ2x87mjaKffZfJNAfFoU5haH9aBMLs7c8ZovF5,0,6JkrRaFDbBNkGNwAAfcga2ToBoaa6vWDsQq2FrTWskgM,1,11355,22002.834,0,2746,847,31,0.5433,11,6272,3385,31,0.3685,61,10745,7298,31,0.3057,336,11050,7601,31,0.3006,579
8dzscL1SQzS3WEckH6MPdhmvPTfsaQkmEepNnAEE6Wx6,1,DvqUpQWp3Rbgy7x56Y7c2ZccaTdCKAdygtSMuxYNjJys,1,53,13703.185,95,8,8,1,0.0,5,8,8,1,0.0,5,8,8,1,0.0,5,9,9,1,0.0,6
8hhXLZvRda1wsF2ZUXua4kv9T3rKmDkSfsNkbJSizj5A,0,CqqkE6cAfZbiKUyAEKzCLrBLEPZvThcNE9cJBD69XUp9,1,236,13132.53,8,28,28,1,0.5357,6,232,207,3,0.5517,44,234,209,3,0.547,46,234,209,3,0.547,46
8fGhGL7ztELrCkfT1FXS6GKd6oFyqoH9xoZEL5bkfu5m,1,AxGbi69f1ThBCmvR6wm22W121uTKURcPiQSaw5Pnnake,1,18,15121.125,209,5,5,1,0.0,4,10,10,1,0.0,8,10,10,1,0.0,8,10,10,1,0.0,8
8ioJhdRHo3fQAjkmQ1kRsU3BvGTBBRx96Q3gUcwDopRg,0,B1xVjKcWhh7EFbhHdMzDkEYDMTiXFg4XeBm69pSe4xDz,1,12882,7291.164,0,1154,137,97,0.7773,10,5719,1169,97,0.8206,29,8155,2061,97,0.8271,89,8190,2092,97,0.8254,98
8gpGWLyaT4azTRGxuspanjjVFE6iyhui8iso96Cs6CKT,1,A3qa7TKRgBW7BxuCd2z5nyiM7ktyDKSWGSW35BWDL7Y9,0,15000,,,,,,,,,,,,,,,,,,,,,,
8jeiV9KiMbsG5xG5oGAWJe2JPntfQC7nCz3wLJjQpump,0,CffbisR4jEbsWmJe6WwqqyFqDstmUz3UqoXQspCAHwvy,0,15000,,,,,,,,,,,,,,,,,,,,,,
8iBXHNpN3kZphnVevHS2hz4WurEp841UJ2QP8MZSDzhN,1,xg1FBE7vGYNeZDPF1hCS9m9sZjJmxtqr9rUH8kN69Ls,1,4479,11559.159,0,1058,484,11,0.9234,11,4431,1773,25,0.9637,52,4434,1776,25,0.9632,55,4439,1781,25,0.9622,60
8kxnXU1ZDXKpfvEbPaae32DFfQKMhT4xNDLA65tyoWMk,0,3fKvMYkpUj6jCiYXChDRLJe8B27EDcUTiDLbbErza15a,1,87,14526.663,533,15,8,5,0.7333,3,82,53,10,0.6098,17,82,53,10,0.6098,17,82,53,10,0.6098,17
8iwyz64wbauFLJP2czD7zjGcks4ZuXcpMJiTQ2omsy5t,1,4HkiNCYds59GHQmroWLS9XtVCyV5AgidZ5XDdRXfaK1a,1,1997,18688.259,1,641,212,43,0.5554,11,1964,566,71,0.4857,27,1964,566,71,0.4857,27,1965,567,71,0.4855,28
8mxzJd4ExNqGHokiMXZ2ogszAnyCrXf9VhttHf4upump,0,51QiiNXKLUwL4oRRGtooVdCDDHrxrzvh563Sn19GpWRH,1,1229,14946.786,63,204,127,8,0.7941,11,1223,664,11,0.816,53,1224,665,11,0.8154,54,1224,665,11,0.8154,54
8jys3fiEfJdWTrFUZERbiouuZpVyNno4BQNE5A4FHR6z,1,Ebo13Vqi8BF2QosFB3jPR1PLFR8nBkXdGRpsPJB2AQFt,0,15000,,,,,,,,,,,,,,,,,,,,,,
8o3Dd4eUSY4xLari5Pc5aGpEwPvHnef7tNBZXMpD4iKB,0,BPRPvJvEheuTUTmKc6PxCpQ7MdVsfjDHjBdjxErYeUBs,0,15000,,,,,,,,,,,,,,,,,,,,,,
8kidvHC4acp7J4u21kXUXhiSWAYY5gMEHrVgAtpYSKqk,1,BFUiB1yWhfH5mrVJMYjeCC7kmb39aanBmDnoSE7qRxEV,1,780,15114.684,16,745,162,56,0.9168,11,774,190,56,0.885,30,775,191,56,0.8839,31,775,191,56,0.8839,31
8obD69qDVrxVBCydT4BJTob7HrweKsKc7zZCnsLn9yaf,0,GPfbmLu4ayrPzXtfXvQASxcTyc8xKh13456Vu6cWjL5m,0,5000,,,,,,,,,,,,,,,,,,,,,,
8mgeCL7k2cB2KTN8NhD5biqvcbkfrmBogDpYoHmn5cKQ,1,EJ1B9H643pgtjLpG6xV2eWBbiKAYhjnfZuxpXuaDoqQ,1,2394,32066.346,9,32,32,1,0.0,9,357,342,2,0.1905,51,817,794,2,0.164,146,973,950,2,0.1398,203
8pHXzRofsnG9c9bG7LHtuxAz7NhJ3HJankp4PugTYdqp,0,5RX3Y78v8d4JH2vHB8TDNu5F5AiKxUVYsdFmrok1CEJv,1,14568,18795.74,1,3661,438,137,0.9462,11,3764,530,137,0.9251,44,3991,746,137,0.8815,177,4279,1030,137,0.8254,396
8nYkSPhu3PREFamMK2kcxnCEnpLQL2rL1oAFfkpGuSEq,1,7VAQyiNpCWjkmLXg2e9znFPF2NiSBjZaF7aAgbS3QsFL,0,15000,,,,,,,,,,,,,,,,,,,,,,
8qYH37jFCVbGSjQPdMsf8TDwp1JHTjU1McA8GoCCpump,0,6ae4KbQpYsrHotAjeSTL3JCYCf22qZpcRy1HKzYL2BCw,0,15000,,,,,,,,,,,,,,,,,,,,,,
8oSgyo9GQRKgMmA8HaH4zBs8bd3aHUnjxBLmAoMW3fjA,1,DFYdbWYNMPwNJjzgnecP5hH3dQQzQXqSYhFRRvVpd4MX,1,36,5519.454,9,19,18,2,0.0526,6,25,24,2,0.04,12,31,30,2,0.0323,16,33,32,2,0.0303,17
8rTgAShsiFwQyKyWmgXCkVxSpAjrdSWHdGaGZZiAHDxf,0,Aub1stcZBpXFfd5mpVrxsFJmTru9HYQ9ej72WThbwsuB,0,15000,,,,,,,,,,,,,,,,,,,,,,
8pVMgoxBa2fECBNZ2wBnyj7NHcECZMcDGSFkxaCWpUua,1,6dKybFLVhKyFrT1JggS5BN4RnZcwjjEnmCx1NM5Ugu43,1,55,13102.389,0,24,22,2,0.2083,8,46,43,2,0.1522,23,49,46,2,0.1429,26,50,47,2,0.14,27
8shTEDxbwvM2C9ELXNHsh8pmkoWovzJ3xgazQFWFapMx,0,59BkjgYjYfoYouZqf4LMiP7sZKDqGajC6dkQoivNQtgJ,1,372,14064.32,15,2,2,1,0.0,2,13,13,1,0.1538,7,65,55,3,0.6,21,353,251,6,0.7592,73
8qkRrF5RayyirsCshnj7ubcXFHEcqPAfwmM9MhJrLev3,1,JAwomZDMJ6eL64u1HjmcvGAQDuLi2Fi71gNciK82qNQF,1,194,19711.825,136,25,24,2,0.24,9,103,102,2,0.1845,42,114,113,2,0.1754,50,117,116,2,0.1709,53
8tN8pCre24UNhDx6pQLexjDahUMo3xyVmcAwcyMpV3kr,0,EZuty5oDtaw58yMEajF5ZdQLyv6arifLX33m26Mfcz7L,1,5540,17508.284,3,373,222,22,1.0,11,2327,1033,212,0.8388,57,2517,1199,212,0.7859,141,2549,1229,212,0.7764,169
8rLmjev9SiYN7UtAKYvxGrp5aT1vBN6uo9U6Di7XheT7,1,7q4D42TgUewCDHCvKMERSdKahnJ1jk5exsuYjSvF5LNh,1,2781,8182.567,2,2051,258,110,0.9391,11,2520,486,110,0.8889,36,2539,502,110,0.8858,46,2740,549,110,0.8854,67
8uZJwYW9gwJY3DL31LURrakx8TVSxyVrgXhBPueACCbf,0,9Ak2Myc7haLGh63PP9uPeFSfR7ozAkpFzWSrLUZtHL6D,1,8247,14605.534,21,99,49,18,0.0101,10,176,126,18,0.0284,48,834,582,18,0.0252,253,2409,2052,18,0.0345,771
8rzMhGtnBtQwQYPKzMDZqe3sZDXRGQ2qV96niGmq8H6h,1,CiMLLX7hZxq2MPTyaPMPGtUUcuyVvT2pWoWqb6BxvVcT,0,15000,,,,,,,,,,,,,,,,,,,,,,
8vRnnknwERunJEEDtEFoxzaxbxGnEY61FPbx8uTVKsUD,0,8HZ7BJAMoBAUyb7n2vB47WygnG66gg3jcKiuraUtkiPz,0,15000,,,,,,,,,,,,,,,,,,,,,,
8tMeDLYMZ5YLtouCLCdHGQexpiT8tzuQZYxJeFj5H8Cv,1,FW25SyzG9WeohzGseb3WKtuWD69PDL3LeK1vYmzmBwkh,0,15000,,,,,,,,,,,,,,,,,,,,,,
8wNdW2KXbfeFxMpzjHwDgJwiTALwodAUpVeAJqrHkHbC,0,CdJytNseoFVkDZzbE9tfToL7tuPLZZTGhzPbcmYg8N48,1,2870,15339.747,1,1486,296,203,0.4973,11,2573,795,203,0.4003,60,2668,885,203,0.3909,107,2702,919,203,0.3912,132
8uB6uRF2vFg4PHrQopXwwATiGVVZDDT5kpoRJ4Jvpump,1,9jXJmUNMCH8P4qx1rEUk3QjHw9SE3fLcb1d43qqUesEs,1,2559,17805.616,35,662,242,26,0.8882,11,2385,814,27,0.9099,53,2551,899,27,0.9145,73,2551,899,27,0.9145,73
8wzYfqeqkjBwYBHMacBVen8tSuJqXiDtsCgmjnUJDSKM,0,BJ82hNg11ck1Ui5q3JdE5v2EB1ghCB3MwT4o1TgbV4EX,1,9496,15981.998,8,6,6,1,0.0,5,58,56,2,0.6897,19,469,436,4,0.7761,94,1801,1669,5,0.7612,423
8vWL1uvgBcXuAK8LC2TYozFWMx9W6UZjZe1qjdbryWTx,1,53WZri5FTAX5Hi8u3pGvP97qNQi3BieaXn8cbGfJBjVg,1,2832,1512.408,0,2793,331,54,0.9603,5,2799,337,54,0.9586,9,2803,341,54,0.9572,13,2809,347,54,0.9551,19
8yU1zPdX6V8gsjgMqpHPQqxZtbJ2ZWyDHAWu6V7Rpump,0,B9N2DVju86HEZhhnQxSmvEwHrG8kULQjhvPYGxcZykfh,1,325,14221.861,172,2,2,1,0.0,2,19,14,5,0.1053,11,49,42,5,0.1837,30,257,195,6,0.3891,103
8wFd1dcmH3oJxWrBHG8aaFL5TFXT93AbXoeHkGMr1Kbz,1,3gSzxFxVJPwDB23j9XxhXj1oxsBkPnoWGU1RJWNRCra2,0,15000,,,,,,,,,,,,,,,,,,,,,,
8zSZBewodzvTk1zH8CEV6iyoNBbaajkHsehbX5GTyHAX,0,4kcrqvCubhVRXsNPyNfW5abuTAjfj3uVFjBcFo2597jZ,1,4608,29264.725,2062,1,1,1,0.0,1,20,19,2,0.05,12,51,50,2,0.1569,35,756,620,12,0.6971,144
8x5qGLrpFFpDYNsLHQJ6Q9LC3ZTGQ2uG6Aps9qYLFnj6,1,66Bd5TJTqXGVZ8S7J6uAZWUJL2HU6jcxmwcuTYGjsJsx,1,222,23500.806,85,23,22,2,0.2174,7,113,111,2,0.2478,44,196,194,2,0.2449,111,207,205,2,0.2415,120
91TvTGezE1YtEBeKWht7LSkQXfrWdhFkNyhwxSAGFcUs,0,822QPDSQuaGVzR6iyAKYUUx7SMgWckn4uzzjECftHJV5,1,350,6225.039,99,20,17,2,0.5,7,141,127,3,0.5035,41,276,251,3,0.5435,88,349,312,4,0.5903,110
8y5eXeNF8RzmBBvDNmdsuneLvqp8Ua8Vytb49gFAZrtn,1,7Le6d9uvzMGGiwkqGEFKKGkVQ6NnHDPcZj2QtTk6jNs9,1,771,19759.562,10,9,6,3,0.5556,5,17,14,3,0.4706,11,17,14,3,0.4706,11,24,21,3,0.375,18
92obneiUDwW2d6gmWU8xxf5MKrYm7ZaE4wYwdQXgpump,0,CBW4orjU7c1Nqfsh4pcySZkmqHrvWqBTQ2REvN1hK7om,1,783,13891.35,21,152,87,8,0.8355,8,565,328,9,0.8142,43,777,468,9,0.7954,65,777,468,9,0.7954,65
8ycCtaGR6K4rKzh21XKdK3caee22vqUB5Q1Hm714FHY3,1,G2Y9N1DaG6HehmgXH5g5zSh7TpcLXMSTAr9f3cEsij8G,1,14,14127.584,6,2,2,1,0.0,1,8,8,1,0.0,4,8,8,1,0.0,4,8,8,1,0.0,4
93ez8ocQ3DdpuT8H3s7z1o71fw17Bf8KdDzQaKnMDrED,0,7RiYtsT2fStVkneC1GFvFoEWU7FHZkdsVdZF6gRTkfFz,1,11108,8204.856,0,9341,1105,32,1.0,11,11060,1326,105,0.9881,27,11070,1333,105,0.9875,33,11084,1346,105,0.987,40
8zRV8xpzCTa8z75nf1WSfgSZyzgRNn4Z8vY8pAnmF1VU,1,CmhBd76Wp7CqcJE5xKRVoFSmNvqsFjBNLtfYkn2A3h8i,1,280,15049.185,313,10,10,1,0.0,6,30,30,1,0.0,12,30,30,1,0.0,12,38,38,1,0.0,17
94aep4mhCTyVjW9GfCh2tooek26TkV8UQhQfLXs3pump,0,9qqatzU4rbxXkGkjfEhTPYT9s9azFTFpD7sthB2TfwUS,1,319,13835.404,24,291,141,13,0.811,11,312,159,13,0.7885,16,313,160,13,0.7859,17,313,160,13,0.7859,17
91iaTU7r7x6Ke6GF14VxnRvEbqaoe7Y2YwAeCRtfoGX7,1,WD65CfYe4ACN8MiKLSoqGBNSXfevWmvkofGpS8sJdrm,0,15000,,,,,,,,,,,,,,,,,,,,,,
95KN8q3qubEVjPf9trgyur2nHx8T5RCmztRbLuQ5E5i,0,3Nu9sKSKfCy6pexCQ9pLMmeED7rgYQGHkDSiqm2QkKPZ,0,15000,,,,,,,,,,,,,,,,,,,,,,
92fJ7VF2G4CLjXXj2kPCoQ6bLzv4cL2dgtBM3b1j5rJp,1,FdTpdwPU1NsfR4ecgZP1qdruYmgwR3eLWFmAAy449oFW,1,139,31734.102,1,18,11,4,0.6111,5,19,12,4,0.5789,6,19,12,4,0.5789,6,20,13,4,0.55,7
96pVfBphb7MymA8TW2o3LN3MQ4ZEUWcNNQgSzdgLpump,0,C7afoQFXkrSYkHncRkBYB49foQEGixUJvvdzfUPgP2wa,1,79,13814.601,109,67,50,4,0.6119,7,69,52,4,0.6087,9,71,54,4,0.5915,11,71,54,4,0.5915,11
93Fqz3Vp1gQ2SgojR4ZfWxBxzpVwutqR4C7cZu6evntf,1,E7814jXq9uW7eNMTGajCg9A4B4YhfoRzvCoKta1LPWPd,0,15000,,,,,,,,,,,,,,,,,,,,,,
97oWtQfbZMdDbn1jdNciDHm2vnPBR8VT3Ns7vSS7i9cm,0,Drj1BcpFo5a2Uspv7v2WJWAJc2yJoxNBQwfVe14V1LS4,1,514,19170.746,18,4,4,1,0.0,1,4,4,1,0.0,1,30,29,2,0.4,12,159,148,3,0.478,58
94AprF1RqGRb6nyqv2mGUcagaUggbhqcCwHHRS58fKhR,1,6zDpHfsxQqoYaqjihdjyNAk11XTxsmz54N3WdTQ2FTxh,0,15000,,,,,,,,,,,,,,,,,,,,,,
98ZmjtNLjTr1yih6D7fdFm8ViU1jEYDcBU1wjc2k9imV,0,AWaQnWX7kXkR4srkMEjGQFqvMJDnC31YodH2Gistaa9e,0,15000,,,,,,,,,,,,,,,,,,,,,,
95BEHiqHA7D2tmkLmyHmeQBVCr4UJctmD8iJ9LfT4oH8,1,3ADvGiaHRsYCuJpA3VCuD3vperw2oQAPczaHnpSiZzkq,0,15000,,,,,,,,,,,,,,,,,,,,,,
99qE9JQSXTbpT3qdZPWFP55MGScmVmFCv7FSzPEZdm9z,0,EUJKDHgvHcew9GmCPNfHUhPeDT1GLWACyALiZsg9df82,1,1360,3914.554,15,979,213,39,0.9377,11,1001,229,39,0.9361,17,1004,232,39,0.9343,20,1352,365,39,0.949,25
96Pq1nBVSqwB39rLpzMaATpxLcXDxXATLd8WgSKwLgmC,1,7m6x5asTpGHrSRXbw2WjWV3RxnQYN2fmb18YBfqNNYnK,1,50,16673.234,11,3,3,1,0.0,2,3,3,1,0.0,2,3,3,1,0.0,2,8,8,1,0.0,7
9B2XvPFbXApCbuGhS28BcXpauY3xyvCkKfs6xmjjZ8fg,0,44gZqv2KTJHeTPREPvhC8V6bAchhe662gL2Z9hXN987s,1,7287,8316.524,1,739,236,28,0.8512,11,1785,1021,39,0.6958,61,3977,2801,39,0.7159,187,5595,4081,39,0.7119,511
97hQg5CzjiYTENfrKN1nvVqAy4nuhZPkqwcCHk2Q6E7M,1,9VK8WjSh5rC5SUnCfHt5EyLmAUfnqJ7SZ6vbwy2T4GZ4,0,15000,,,,,,,,,,,,,,,,,,,,,,
9Bh7uCLVVWNK8akjY2SuqiM3mhc9KuLQPzCdSfKojPed,0,9MD5AqZV8v31be1MGykdBHpNtW8SmdASmazXgGbqs6i7,1,1825,14605.354,59,73,60,7,0.3014,11,362,308,7,0.3425,57,1667,1404,12,0.3371,293,1812,1497,12,0.3582,328
98tH2cDKzTnWS77oJS697sHhjU1oz1ny18W9BWPYT3wp,1,CxQR6Ygau59stFoK5kU7Pcexjznc2ta47LdY4uhq6zR,1,5852,14164.719,0,5623,758,224,0.9868,11,5781,797,224,0.9844,26,5819,819,224,0.9835,34,5823,823,224,0.9828,38
9ChKb2QbDjhAkpGZDhTEN3KvQWjwAx5PbLLs9R2FgFSQ,0,HcttWUBeTCeT51AqEKL8zFaj5f6qM7LHzu7X7K6qhGPT,1,191,8009.064,11167,1,1,1,0.0,1,1,1,1,0.0,1,30,30,1,0.0,29,75,72,2,0.3467,49
99SzMMPcLszFxxBfuk9151sgTBrEECdEWaZG4S8zkz8P,1,k2aJuJWNsz3mmekH9MzYfh7T9iKRpvS7RYTRhq1MGPs,0,15000,,,,,,,,,,,,,,,,,,,,,,
9Dy8dbenSc5PHmcoxMM7kPofgxgvJAjyYKEwAVeGpump,0,EMGNds4k88WUfrv1PRK1RRmYyPcQhJbXU3Jg4NG7yHAW,0,15000,,,,,,,,,,,,,,,,,,,,,,
9AfQnCVECMNZqnY5sA2oamLvzVMqDv5oT34FGjMCM1zZ,1,AwbBpbax6M7qwCbKcu65pnYpeRPtLMJtFFYApNaDWqao,0,15000,,,,,,,,,,,,,,,,,,,,,,
9FJKN5RNCrpc8o41GWfCVn7UzJciCtFFrUa62g66u5pp,0,6WxFHSBXxBu2fujjByUpZUm7ncVR4ctNDF2QVFYFpi5N,0,15000,,,,,,,,,,,,,,,,,,,,,,
9BRp3CvdryWJ9Uemk8w3CtUvrJ9x8NJWDQWSiiav28ae,1,GxHetoTKvooAFhETy3b1Qyjw2VnmBjkdgJKDnzCyQ7vn,0,15000,,,,,,,,,,,,,,,,,,,,,,
9G9Rtb3aHWyxgjvgcvuUazJMK6Yiz3J732GJnAywpump,0,DWZLdNQy5RJ41ehEkUcqswpMfhmowy1ZFuTyEBY6hos5,1,68,14933.413,78,9,7,2,0.5556,3,16,12,3,0.5,4,16,12,3,0.5,4,58,50,3,0.3793,29
9CMh8FFyiLFMyK4Ke41PaVZ1RS36pGKVGyhFzMePVaD6,1,BQ3Bte2y7jXM9Km438Txg4c4J7XRpZxkDzYBdJFD5UHF,0,15000,,,,,,,,,,,,,,,,,,,,,,
9H5bSR9kaUiXJ9HqzmU5gwPuDXvQMPmnmyeZxEStVDSq,0,Ehftf4nEaGixHsW3REZCppwmwvYhWEbLBx2DkQ2Dkpe4,1,60,19831.073,9,2,2,1,0.0,1,4,4,1,0.0,3,4,4,1,0.0,3,6,6,1,0.0,5
9DnBW1XMWRpeFNzXuamzcGnZtLaL2pvUgMU1AiryS6Zp,1,9eUYDej9ST8oAkBjGkpEVU6r69n6zUy8t7BxPmX1m8Uj,0,15000,,,,,,,,,,,,,,,,,,,,,,
9HvfXgxRtju5NaK3HA1TY9QqtUPYRuASgLNqw8Pjd1gw,0,EsoCs3EwkuwRTfBNUyKM2qUZDEKfhinvvwSYe5KcsWb7,1,11596,7235.694,0,2126,625,37,0.1345,11,10265,3243,37,0.157,61,11410,3868,37,0.2283,92,11416,3874,37,0.2283,96
9EnYYtvdnJCSLWZEZRorQ2JDMRvBnBWfqtutnis6a1Cc,1,2Y6N1wKkrhpP6FgzTbT8tyaSPffnnXrp7SGp5fdjNqYb,1,10978,22195.338,0,1750,444,15,1.0,4,10426,2001,212,0.8735,53,10755,2232,212,0.8652,144,10859,2297,212,0.8625,190
9KekD2v25udsgGQ1pXvwx4zMQNsHkPGEZVESt5vgPvzP,0,wrjjXQEvTU7GoeFSrE13ACuxvbyVFYYXXEXydjVSu88,1,931,6207.152,1,605,203,41,0.9157,9,923,376,41,0.9025,20,926,379,41,0.8996,23,928,381,41,0.8976,25
9Ft2ZisWZknSHTRsgdBTWYeM1M2Gvt2Ps6TB6zktSZj6,1,D67vXgUtZP66p9ay7cWrsnhpLMpiszpZnSD1Rcp58FQi,0,15000,,,,,,,,,,,,,,,,,,,,,,
9LNfyi3LaECsz144TFmmGWqiMJ2DgujDuc9NXYD9uxdv,0,CnnygmdsjzgWMMw4N8iZPZKLQ2LVHzGibZ1vnL4LU1Cx,1,2102,2579.791,2,325,148,20,0.3446,10,1009,587,20,0.2745,60,1750,1038,20,0.2669,119,2089,1297,20,0.2508,180
9H7Eii8h8bgqjd5e6NY76uUzjEQkTUm8e2yrHpRSpHnD,1,5SjMk7LnfTRLBRc5q5LVzn8abrqfw6Vmq16xdZPyHTnX,1,3760,7305.383,1,3410,857,70,0.863,11,3431,877,70,0.8578,19,3545,964,70,0.859,32,3553,972,70,0.8573,39
9M53sMUqbZKyBhqrfPW6erZModxadJMFUtRJahJFpump,0,5ftADkTLAxGusEGHBtCip8PDaHmYWSrTXcr13h2TM2Yn,1,18,14692.474,4003,1,1,1,0.0,1,1,1,1,0.0,1,2,2,1,0.0,2,2,2,1,0.0,2
9JK2GjUZzC2a8b6Pf8PSycRbLMjC2685EX5LMxE8fzu9,1,9p2ZXz5unwjmX1vss33rsFf7VnixDEnCfXbTdewaBD5a,0,15000,,,,,,,,,,,,,,,,,,,,,,
9N7McNXf2UdARJc1b7shAB5pRpew3SuQBCcLD7H1pump,0,B7qGe7JqeA6fvjd5XA5CVTQXrVMCLofa75PJdVtZ9zXQ,1,902,17844.202,37,9,9,1,0.5556,4,11,11,1,0.4545,6,114,39,14,0.9035,8,121,46,14,0.8512,14
9KUJuWkkrsvFqfkfNfW9SXNW7qeQmvhF56ssi1nzvQkx,1,2cbcbsB635u4WP5vSMs9BtpNDbttFpMdC9w5taG4jGfZ,1,6726,9969.26,0,200,66,60,0.74,11,574,410,60,0.4512,60,3515,3001,60,0.322,336,4099,3574,60,0.2952,709
9Nn6G3UrKf46GjYJERZdBNRa6oiZBvcQzWfkV2aHTwUe,0,9Xb6FHP4GumoYv4QtdmejEy4EfUUQhk6kZdJEzZoF8db,1,869,13947.947,1421,1,1,1,0.0,1,15,15,1,0.3333,12,349,184,12,0.8453,51,862,516,12,0.7738,141
9LstZ7fHLayyWmWfttP9bQan98MKQqu93NYwx7BAgyGL,1,ESYTn4zY4GMv7uA1pYqczDouQsZLSfVSpgUrceEtBzAf,1,203,4001.117,16,47,42,3,0.0851,10,86,80,3,0.0581,24,140,131,3,0.0571,55,180,169,3,0.0611,74
9QGro8A8G1yEKZSUHxYoDQQY22Fq9uegMw5421DKQPDZ,0,7LdfPWDaiUsvLjSB7hnEmN5R3ovgGKfXB6T1kXC2CNxn,1,95,18132.137,44,26,25,2,0.3846,7,83,78,3,0.4337,27,86,81,3,0.4186,30,86,81,3,0.4186,30
9MmsSe3yXVtTYgtGxTbUv7AkzwpNQcNXa1RHCt61V7xH,1,HmsJMFUi2KG5Ted5g1kbjpDiBcEPLwKMAmH3B9kXksR9,1,11658,5594.689,1141,1,1,1,1.0,1,739,422,29,0.5223,43,4533,2818,29,0.2398,336,11601,7076,71,0.1743,755
9Rs8MzZa3WwLsYPRfBKP5Ncc28Hn1ssErxDPdrk9otza,0,724eQUpTiUE9ys13zWz8CxsTf9e4q8wY5eUtXfCQuZ8i,0,15000,,,,,,,,,,,,,,,,,,,,,,
9NvCToGgKYvuD8ajaUBiMWVn2MC4dexXCbNijvVBrDwm,1,6PrD9r2iaaVfWj8GcwVy8EyCxyVfMfSNx6uLbKhAsm33,0,15000,,,,,,,,,,,,,,,,,,,,,,
9SjV6FgdVwZzy9QXw7xrHNrA6C8ALDVWe6q5HhSVpump,0,HFoCRP455V9xqn6dWDbh76VoKWmEF5tzUvDGBeZRbUuF,0,15000,,,,,,,,,,,,,,,,,,,,,,
9Q1ZGUuJbK32hjkyiQDh9GuS2doqn4MYdK1RfNWzc2CV,1,5gpHhkXp66gHEUzoQbc8Ub9Jodv3mXWSLMCibYMCGLLM,1,10,16807.213,25,3,3,1,0.0,3,6,6,1,0.0,5,6,6,1,0.0,5,6,6,1,0.0,5
9TY6DUg1VSssYH5tFE95qoq5hnAGFak4w3cn72sJNCoV,0,HHNVxynGF5ZaYzsASmZaocxX9Arh9osbuYQqb4WabEdR,0,15000,,,,,,,,,,,,,,,,,,,,,,
9R1MdpXqcCn3H9RMqfzkZfAjZNGnBXrE4Lik3uYENwF7,1,GgEPUjSFVJVhE3uSUBkYDufi5UMBveTkq69seTg5JzDB,1,474,14011.031,976,1,1,1,0.0,1,426,31,163,0.9225,10,450,53,163,0.88,21,452,55,163,0.8761,23
9UonkA5LLqs6EXbQvhu1UwBFQgEvpmPS28eeCpBgfbxR,0,3U5Sq1rVJJsd2AYKNUgwYmautM6oUbiihH96kK4Nr8hX,1,1720,6434.834,1,206,127,7,1.0,4,206,127,7,1.0,4,1714,301,57,0.9107,23,1718,305,57,0.9092,27
9RrxPQfjoLPBjjJRanzLrhuxk7J3XBdHi4iMi7EXtyUL,1,FdyEq6z6KePSuRkvRmrtQSWn4ayDyicnwSJgwyGyj1ox,1,34,8101.6,2,7,7,1,0.0,5,14,14,1,0.0,11,16,16,1,0.0,13,20,20,1,0.0,17
9W2f1XcQrMqcDpfzXL9kjBtjNwCkpFq27X7eqtBynieS,0,4MLUkLzBT3kpGusBf57out7WDs6tKsQ2YFNfRiH5Lpzm,1,361,16251.985,73,72,28,15,0.4306,6,78,34,15,0.3974,10,201,103,15,0.6318,26,286,159,15,0.6399,54
9SkZw19u9f9tnMqjdVphjBBsM3u5nH79aRFnb1RdCAva,1,2WksL2JMZpKyoMFH3m6xfp86Dsi6koeSyC3B9arTsK8x,0,15000,,,,,,,,,,,,,,,,,,,,,,
9WzAvvjQ7nH6jkPKMRmnTbooyQpbkyCqRHyZX1Nzpump,0,E8ricXWskmwsitDGf6H8Ft1mqT4M4JRQUMgZmayNT5Mk,0,15000,,,,,,,,,,,,,,,,,,,,,,
9TgbXPZqBoXum2Dqbm8DGh3M5MT9x5dHNsso1v8sEgWH,1,CUoxZsxjwurzN8T78PDjrpAGaZYuVySix45Nmrc2zto6,1,2977,7994.591,0,2808,543,35,1.0,6,2949,594,35,0.983,13,2965,605,35,0.9808,19,2967,607,35,0.9801,21
9YUyM4oSfBLqu5aSdphJ4Z2c1VDZhJJqj4vKGqmhHv7X,0,9CWM2osQ8xp9uF4PoUneSrTVjxYoFau6nY333WtMwSUi,1,298,16576.261,36,65,49,4,0.4154,9,269,196,7,0.5725,37,293,208,8,0.5802,41,293,208,8,0.5802,41
9Uw9J4ge3kHwUVNPfusyd1TcFcvweCkN6y9DqB1ne3eG,1,G29w6nXZ53Gn19bAC8Rugu2SgBjF3LfL6RgjftgYyFGv,0,15000,,,,,,,,,,,,,,,,,,,,,,
9ZMZZum8AWdK4oM4koeeHbtEqe3fVMoP2u7TevRHpump,0,4XxRnm5xFuPAuVPPEUVZuT5vcUGJ1HoZJ6oXhp6yQpGV,1,649,3939.527,29,54,49,2,0.3148,10,638,493,28,0.4624,58,648,502,28,0.4614,61,648,502,28,0.4614,61
9WCQLC6Mu5nM4AkYGRtxvZSW5h8bPaUbkQwuSKHaktPQ,1,9qJqRVkoAdf3E38A3dTmGryZiF54dNXFcY5jEXo8L5Vj,0,15000,,,,,,,,,,,,,,,,,,,,,,
9aUNntPPmkwBDUwGvBP4MZxMezQK9tiondm2VKCxpump,0,9DZv19ahAo4syPNutme5HWLPamM39gFEguQ9LHWZABZX,1,67,16936.606,185,13,12,2,0.3077,6,59,51,3,0.4407,21,59,51,3,0.4407,21,59,51,3,0.4407,21
9X6rs97wL5iiyzo6sMgSdU7HKjn3X2J1HX5jrzyKWNUo,1,G6EBsMVNMNzghYvzmKJXDCbkBB6zzH48UvJneG2gHU7B,1,11324,6856.94,0,1553,538,28,0.8422,11,2208,906,28,0.6889,33,2210,908,28,0.6882,35,2215,913,28,0.6867,40
9bhvamYqCpGEN9dEpQ9X5MrX1RWVNhPoUA9Pytgbpump,0,6MLJdsCVXGjtKjsm6828BYTgFhM8KVSpvK7C5yH14U8T,1,857,15380.367,18,125,93,6,0.68,11,551,400,7,0.6606,52,846,620,12,0.6418,103,847,621,12,0.6411,104
9YR4L1F9eW6329GNCXNJSAPyY3SsHLHyvUAFm76pFvZc,1,6YBe4Gjxqzu7Qx6XdyiXjEFhUFgLZd3FKBMtva9UsQu7,1,10113,11237.517,0,3024,577,35,0.869,11,3770,1188,35,0.7374,60,5770,2966,35,0.5464,349,7781,4821,35,0.4384,962
9cZb3DZA33T9gm7xqk7Fpbe3cK6vTT2YGHbcfRrkpump,0,9yQNroPeLGraz5K6FSSdTV6QGhZ7LCafuMNaxVnYLbH9,1,4104,16975.379,0,1357,746,16,0.2167,11,2871,1974,16,0.2003,61,3639,2707,16,0.1844,225,3857,2902,16,0.1766,345
9Z7sMghoenq1mQcnc2uTMPMY6aipzXvJ4SMLXvZ1kLB4,1,EYEfXgFUjoK2pmRe6w8F5qkG9417RMcPXLWmsZnP7h7r,0,15000,,,,,,,,,,,,,,,,,,,,,,
9dV5wyv4U9MHtz8r28JNmkVimrE7mAGDiddyK9e3pump,0,E6dWTUixALMqFotjkvg4CeJ8HitruUfSjUudHZaPRRwU,1,689,13603.809,64,11,11,1,0.0,6,19,18,2,0.3158,9,682,508,6,0.7698,114,682,508,6,0.7698,114
9aDBnZevk1jff66zaRvjm5zsu2MtijKJ85xBTK62KVCx,1,zTwFqykRrsMczPZuyNr1VVKP5k1bAd4Fej4GASKqfBC,1,646,19792.69,0,528,220,43,0.9375,6,539,224,43,0.9351,8,542,227,43,0.9299,11,547,232,43,0.9214,13
9f7JTzFSodi5foyBVcrv77srVrFVWwQQkhHd7dug7zaV,0,7eZAETJyYKShYnqExaqxrRFk1atZzBhnMuhUzC9q224j,1,41,14646.031,120,14,14,1,0.0,7,17,17,1,0.0,10,19,19,1,0.0,12,19,19,1,0.0,12
9awv6SmMmg3LBnAkNFx5vsRWK939kLgen4YsQRX65GDm,1,obW5DiQaeF75xD3TLNvjqQh1FkzMSw3kPM63R8ZJK8K,0,15000,,,,,,,,,,,,,,,,,,,,,,
9gP2kCy3wA1ctvYWQk75guqXuHfrEomqydHLtcTCqiLa,0,Fb1WR1kYvG1tHu4pwAxXQpdKT8Grh9i7ES9rZusLg7D6,0,15000,,,,,,,,,,,,,,,,,,,,,,
9c1xHfavkqNZXJpo6fU5jcjHKFjfBLCFCjrvZ4SVoqqw,1,FycFjzbDXJHaPLY7SAcZagY1GjTB5bboQoQ6yE9VNDmF,0,15000,,,,,,,,,,,,,,,,,,,,,,
9hdFtZ23Vd2W6naJGtUpBdrF1thKz6y3mnDw1nfiavkd,0,Cc4pCCuQ7KbfCbFBbMojZw4oWwYk8xs4ak7oEKgNgzUm,1,8305,20908.053,1,5418,665,89,0.9712,10,6077,864,89,0.9434,49,6237,996,89,0.9338,105,6559,1259,89,0.9076,235
9cyjirZbSUaYx1kEELb7nD84yf37f2GXRthBR5279gtG,1,6CorSBTMhLub7da59gPqVU3BXYK41HjeG1aUBPFRXN7X,0,15000,,,,,,,,,,,,,,,,,,,,,,
9ihuaebHjvKwpWHXcnQoYjvxA4qHX1fy2SuYyCZ7Rokh,0,9o1P7zTQcNuky1brYo25TdkoMXcSswTPbKf8BQqngfA3,1,997,27145.701,7,15,11,3,0.6,2,42,38,3,0.2619,21,55,51,3,0.2727,30,63,59,3,0.2698,37
9e1ijZj3LFdAMBScnmoH8S5DRNmB1XRJUYsBBapVRody,1,6ZSh8VZvA4b3hrNFxwwEa7HHmaLPmBeoTGSQZpW37JBC,1,8083,21825.988,0,3214,1205,13,1.0,11,3218,1209,13,1.0,12,7987,3703,43,0.7227,175,8019,3724,43,0.721,187
9jso3Fzdp8xuLXXbRuMAzZqpnp9U2Dn5s17Bxr11pump,0,4PbwqPcErN4eRQq8sccMYtU8AVt6yP9YhqivE32VsVgz,1,335,13481.243,91,147,116,7,0.4354,10,324,270,7,0.4198,42,327,273,7,0.4159,45,327,273,7,0.4159,45
9ex7onJ7i3aizoqVqR1QsMrY4BjZdRQQT19FZzYnpump,1,8tQydvZZxguvgqMUhdJ5AaAvhc3uXa2GoyNs5GtRAgvc,1,13928,14693.707,2,2945,632,51,0.6876,11,4226,1288,62,0.6268,61,6013,2775,62,0.4798,331,7402,3881,62,0.4215,713
9kap1wvbrKuyozxw6RqhkCrTT4ZFPsf4Seg5FNZpha8q,0,Hehgn8EGTEANMXyZu7btwXzxs9qmz5XmqFmEg576FLtg,1,1842,21247.888,0,1619,273,117,0.853,11,1753,370,117,0.8038,32,1775,382,117,0.8039,36,1836,430,117,0.799,53
9fsQ1euTfK8UheopAWCddZe8mL3JXkVkuh6Ahs5yVVct,1,Gv5JQdKBgdoUr6zDgBTEJEAvkFo886xoqz67o3j9NkDU,1,1357,3999.425,0,1130,434,18,0.8796,10,1297,593,18,0.8944,53,1307,603,18,0.8875,62,1309,605,18,0.8862,64
9mV4WUukVsva5wYcYW4veo34CNDiF44sh3Ji65JNdvh5,0,AHVLMfT3Ny1AmzpAzvPkbGaTPF5SbYCuBZ5m4K6aRZ4t,0,15000,,,,,,,,,,,,,,,,,,,,,,
9h5Z5BvYG3XXBLTQEjbRtMnhiaCQu6C9MTog7y784Ms2,1,7DMLfd7tgX38gfH2C7P3U9h569QWBJPivkabhbapiUuA,1,1321,6753.059,8,1023,442,14,0.8886,8,1082,494,14,0.8577,32,1262,599,14,0.8613,37,1262,599,14,0.8613,37
9nUNHBoq5h9CGvUdGy1639bpqEWoD1GPqgRhyqSZmjVe,0,DSNYs4jevcucTpdzAa1TLqnohGNdFyfW6Lh4UaWTWHJe,0,15000,,,,,,,,,,,,,,,,,,,,,,
9iD6qqgnjUf699qSZ5EW3aQ7s9X8cFgTUS3EgUftuAi9,1,8eNKrPe8oEpk3htPU6D5zujiijMijVS5dnzQHaVJtCWZ,1,14,15323.612,65,2,2,1,0.0,2,6,6,1,0.0,5,6,6,1,0.0,5,6,6,1,0.0,5
9o2cZ5ojwdkrToHmkV9vLQKUP316YYH2jJUs71X4s8ur,0,37pWXSkcU1orMoMP8vc7ZbwMFpHMDc6aAB7Yfav3F9mY,1,5031,19301.938,331,29,12,6,0.8276,4,147,72,11,0.8299,21,670,308,20,0.8269,84,1619,883,20,0.7943,288
9jGSaePdfQsLs97kQcyA1T1mpH1qBEGsaAMPDRLLT3QZ,1,H6zngpCnLAnBCm1ifGzuc3px87a4Q3RGEESzvJhQnJMZ,1,30,2964.032,66,28,21,4,0.0714,6,29,22,4,0.069,7,29,22,4,0.069,7,29,22,4,0.069,7
9pEUAjXyuaPpcrAbtHXKyUrEDxmWzU4bN12P6kRupump,0,GtmWV5H8kAf5btzdEBA4PqJLuvS3BYDi1Lf9ikufd8cx,1,13190,16806.429,1,647,275,41,0.5085,11,1303,840,41,0.4398,61,10765,5985,44,0.6586,358,12327,7420,44,0.6061,908
9kRJcgnjo64sbNSTNd91Y3eAnb7zutN8RDjKXMXQFFLW,1,669HVQqEHqGrihoD7iynATYvSA2C8989qvTve9bgLAPS,1,2277,7631.697,1,803,62,117,0.9153,10,2101,361,117,0.8272,36,2108,368,117,0.825,42,2235,398,117,0.8277,48
9qDzfUTi88EJKJcUCqtQFASzCnp4aefCoe1YEfox7YAy,0,FxZFm8hufndHBaAWmLANPNHEdZwHRYGis3pJV1BCuAqS,1,1592,17304.039,134,116,65,7,0.8017,8,440,260,8,0.8136,33,1580,1162,8,0.8304,154,1585,1165,8,0.829,156
9mCJBYvC2K7c8sr3fRJUqbnfQmQoimgLKVqwFXnRZXRK,1,Gc7J2KK5sDDRxNexnnnGegQqDch5isW9bGwYXinRnQXB,1,95,17709.965,20,2,2,1,0.0,1,2,2,1,0.0,1,11,11,1,0.0,10,18,18,1,0.0,17
9rLGTvxXEhhdyZtJA34pFV21oZhsi3MRho9hv54vpump,0,AcW27YUBdLfLqXhmwuEELJXUyghZUR3NcEvzMRS3bcLC,1,79,14184.805,28,43,36,2,0.5581,8,51,44,2,0.4706,13,69,62,2,0.3478,27,69,62,2,0.3478,27
9nXwZcDwj3VdYrHDScwZtuEDhdPahdoV44qRg45peYu8,1,2sqjvszgHqWuicHhNqno5e6rCpEEhxM5TeimkvtadeN1,0,15000,,,,,,,,,,,,,,,,,,,,,,
9sc3hXm3HrwdpNuPiAJ5BGJn5aRXPmC77Rpo5oqgtN6R,0,CDdejFxkHuLaNQ4PAjcWNn7pDuVxtXFBqLDn2xzgevbk,0,15000,,,,,,,,,,,,,,,,,,,,,,
9p46UX6rsuYVgaeuPb7yLsijWSwM474myb4BRuM3Ex4c,1,8T4jCg5Jpx6ikyrtcZfNzRygT4ACoxZmFZEaddGTY2gf,0,15000,,,,,,,,,,,,,,,,,,,,,,
9tnkusLJaycWpkzojAk5jmxkdkxBHRkFNVSsa7tPUgLb,0,54FT9uGxBHFrKr6t2JTQjneBgMUo3QeJNkbzXFFPjgZU,1,5272,19209.717,14,2,2,1,0.0,2,2,2,1,0.0,2,24,20,4,0.3333,15,36,32,4,0.25,26
9qdNao7yg3akN3oSw16riKBPxHzMNMobyF2SCz4xSirn,1,67AZ3xTVE53pTy92cRgLoj38mSWCstr2pgJSd4u4Abvb,1,2161,6145.532,0,235,103,20,0.417,11,1760,472,43,0.7727,32,1767,479,43,0.7702,37,2141,633,43,0.8029,45
9uhHjyfc5tKdaZnjstLLKoLGcF889ub8zX9wtwhtzgK6,0,A1Qyg37Wqpe1CA73oYN7R9ognzd2BrBZDBrkdA1o3BSr,1,1806,5166.218,4644,1,1,1,0.0,1,1,1,1,0.0,1,8,7,2,0.25,6,58,41,6,0.6207,28
9rF85mtauBgHASkGMA9VR6997ah2ccmsz5boc4xCJcA6,1,BovVvGujyNt1m4uv7dix5XMetjmEAXzHjiNJRbcTWEZx,1,454,14182.398,136,32,32,1,0.1875,10,71,71,1,0.1831,26,86,86,1,0.2558,34,92,92,1,0.2391,40
9vqsBhx1jPoKokZfCY8JMU7ob5ZFm7XtkwY3T2hapump,0,Cn8B6vJJc3xeZu8oDpt1HHgM5DxiTXeaLHFgCfTUYTGU,1,55,13708.873,183,43,30,5,0.4651,5,48,35,5,0.4167,9,48,35,5,0.4167,9,48,35,5,0.4167,9
9sF5AxnGR9tZqukBku6bP6n8JyJdLTe8EUNDZo9AEjCY,1,9zywiQn4gRPgwGqNdd35MdYHF1YUVsTFJTmkDuxb2sdh,1,5426,12353.044,0,4390,661,46,0.9262,11,5026,917,46,0.914,45,5321,1131,46,0.8963,98,5374,1180,46,0.8936,123
9xE2rvDVuH2AAvHQAYFdjVffYUqjDMKmkYH6ZsWLmxu4,0,7eYiLoK48sdaHjNHFZ1rv8XLnsawL99X28MREgsgo463,1,39,16245.038,564,2,2,1,0.0,2,33,27,7,0.5152,14,33,27,7,0.5152,14,33,27,7,0.5152,14
9tQhCmFtCh56qqf9szLQ8dNjYcd4TTv6MWPpw6MqLubu,1,2LLU7Jx15T6GgzHJ3rQxxSZv4VWYHfRQnHHvrmuYbJZL,1,14685,28339.443,1617,1,1,1,0.0,1,8,6,2,0.5,3,19,17,2,0.2105,12,31,29,2,0.129,21
9yDVbLA5fNV5mdGKPU1QvXaETU6Q3WKacJXVKgvGZaci,0,2BdCfC9eEzASRfY7wa6uvTMfTCiwn47vBGb8BHGG9NJE,0,15000,,,,,,,,,,,,,,,,,,,,,,
9u7t45d4pmeh84VwjSqW4rSnce8AwxDtmGp54y2j2sL6,1,4vLws7RZiiQUTdC7mW2FFdyaqxCwnUJa9Hjm7Ukr3VVJ,1,163,18142.637,12,11,11,1,0.0,6,39,39,1,0.0513,26,66,66,1,0.0303,52,95,95,1,0.0211,76
9yxeeW9Kh6svF4PGPGK1WtPBDMhVxEZmLBjKXYD3wwib,0,HVs289Wrz4ULTiz9n6BQreBzWTpq5f6Eqyd3ZeHuDRuj,0,15000,,,,,,,,,,,,,,,,,,,,,,
9v449EUjdLpeErjCvwP2PgbxrnhcRUV2JCepPE3zt93t,1,9A8gu3RCzqV5EkGRAxiTwPv8mJm1vWyBvWeBwjR8s819,1,15,15209.081,74,2,2,1,0.0,2,3,3,1,0.0,3,6,6,1,0.0,6,7,7,1,0.0,7
A17gzfib2UaxteKXzMK37G4AtVqYKRqRLT54aDjYpump,0,AY2DKvKGYvuDnLaAeDnmwt9P3sHJHdPW6XkDJPHUPQXS,1,144,14567.631,18,18,18,1,0.3333,8,59,58,2,0.322,30,60,59,2,0.3167,31,71,70,2,0.2817,39
9wHmboZmhb2BRx9WvPkpiTdpJhgBypje5MvaKhagkiHc,1,22ySYi1q6bc331A5L3C24JBTXzfM6wKsboVHS9Qo8Aq5,1,673,14279.812,1,189,119,25,0.1164,11,432,349,25,0.125,57,554,470,25,0.1083,126,611,527,25,0.1015,174
A2T2jDe2bxyEHkKtS8AtrTRmJ9VZRwyY8Kr7oQ8xNyfb,0,z2KxiSejQmNNsyxLFHbrewNLDeGLFZahFNSLYht2FFs,1,9279,38079.305,4373,1,1,1,0.0,1,1,1,1,0.0,1,3,3,1,0.0,3,11,11,1,0.0,11
9x2jXegNvBogzWpbdpjB6Na42AMwRqAk3yXJWkL9pump,1,HY7pYfhefLrjS9zXuiEhMeWhaH8Qw4piewkpgBfDyJX8,0,15000,,,,,,,,,,,,,,,,,,,,,,
A3oxjeMiPgLNwb7CjzMFGRJTXVehPRvf1sWE1ysff73m,0,765x2FLxA5Qt2e5MyHbFVgWMKpftQLU11CpBbcNeRYf2,1,81,16062.327,27,3,3,1,0.0,3,3,3,1,0.0,3,4,4,1,0.25,4,45,40,2,0.4889,20
9xrwsNS9u6sAZnWDtJuihJcLCBSgoNzQzjnxAcb5rcwR,1,A4DZVfVLi1RQdAsBminevSsyVaDjYYPB2AGT3RnNizr5,1,405,14179.056,0,272,32,52,0.9265,3,272,32,52,0.9265,3,272,32,52,0.9265,3,273,33,52,0.9231,4
A53BzB7297SXdF6mguQQ8kzqjVYt8pUeHW5m1i8pD6hf,0,75E1rPyFjRw9TjGNiHRw885DYCgRkvsZsMQbkRm5HHNf,0,15000,,,,,,,,,,,,,,,,,,,,,,
9yxvzGqBdJShaEjFfvGffJ2wfKL4rBFtgVZKyacE7F5e,1,9WdM3Qf8NCYujSkejgj3FUL147LmR6azgdRjpcuTm4XJ,1,5198,6319.001,0,760,429,10,0.8066,11,1493,1099,10,0.4488,61,5164,4175,10,0.5025,271,5179,4189,10,0.5014,283
A6EjZ7vd8iaoWQ6Sixm3o1txbShbBrPFqqerh7AYpump,0,GhnujKCW4hCtYvLk7vq8KC1u2UWGigz8soVKekW8S7UV,0,15000,,,,,,,,,,,,,,,,,,,,,,
A1ApexoMVQf3TJ9NGjZzGTkp83nyUF5UsLZVbRu4o6Q3,1,7AT28524r8Po4sWS9TYXmQA5xc3FNH6zdTU8Kja1j1wG,1,7343,28781.048,3780,1,1,1,0.0,1,1,1,1,0.0,1,6,6,1,0.1667,5,6,6,1,0.1667,5
A7ACprtKfosYoh3zUzzLDDD6V1AsYJUdg2Eyt8nJCgaY,0,E1jAbi1qjaXTRU6dNne5rKXoEHNhSMCiGfzuEwg6qwZ9,0,15000,,,,,,,,,,,,,,,,,,,,,,
A2D3bJMrar7HdCjKbSDfMNEfBCSTAj5CRfML9kpUchBt,1,6N9YthqV93e9VGuFi4ZKknNcmxoW9KwhopTtcz9zLnVu,0,15000,,,,,,,,,,,,,,,,,,,,,,
A8TkqHS9oUzuq1WYCHE4bcLxxtKD9TQJhe55onXXwb18,0,HhCdJCtP7w7Nj5y4VMzGaV92XyAkDEnKEbJoMT8QYpDC,1,11673,14122.167,3,35,24,5,0.4286,8,3624,2284,11,0.5251,57,9715,6919,11,0.4229,348,11066,8234,11,0.4091,977
A3BAoDujAXUDZj4F8TwuDAeEcS448d4pUXQ823s7bdig,1,DQwwZNjqYAhkC2JiTN2GgK7PPkKkibNGK9QPwYcEHCZc,0,15000,,,,,,,,,,,,,,,,,,,,,,
A98UDy7z8MfmWnTQt6cKjje7UfqV3pTLf4yEbuwL2HrH,0,5B2agaTtpqosceH1Z4rP4KMCpAW4tNVcJWNEbqncCFMc,0,15000,,,,,,,,,,,,,,,,,,,,,,
A4ACiMHyBt9AqEC5qouaos8HfHgY36URXZiitZafN6Lg,1,JCsYAdMuzky5oCQPRcdGQguaUWjAy2yPUs8ykjDYYhJF,1,2877,9207.434,36801,1,1,1,0.0,1,1,1,1,0.0,1,1,1,1,0.0,1,2732,861,30,0.8807,150
A9zo6y9QFLaSrB9yWdr9WgK7oAbxvi8cFmzE1DAhyNBg,0,HMmbZ3XrYsz8qYDtobNxU2PsNoeuXZyLeUANSoT5YFCD,1,2450,13692.09,17,4,4,1,0.0,4,14,14,1,0.2143,9,18,18,1,0.1667,13,21,21,1,0.1905,15
A5FzPP6smgHkHDhkRbTqzZpEDYhpbhhhJ68NqZAbZCEX,1,dndkhBqJQxPNvqcAEpukQW7gbBKnVRZvwqfffSgh2b1,1,266,19494.982,126,44,44,1,0.0455,10,221,215,2,0.0814,57,250,244,2,0.128,72,251,245,2,0.1275,73
AB1e1rTGF8xSoYzXEwNWohuMHLCMrBoaSxT6AARmQksd,0,GCDCHdfNTgmP9926DK1YTP6v5w9LdT9nzpXCUcADY14w,1,157,13991.661,63,30,18,8,0.7667,6,53,30,8,0.7547,12,97,59,8,0.732,26,149,99,8,0.698,41
A65tGU9o6yk8mMESbncDubimxKretoMk2kLFZoqUgRL2,1,A2xNwZFnU4GEMU9XCNqxnhSEaL6tYCXySP8zQY9XjhvH,0,15000,,,,,,,,,,,,,,,,,,,,,,
ABi8gk6c7dQHVtSqNeny7YQNsgRXJon6vqx3uGzBFR8g,0,89XDJxbEQECQKy2cD8vf8wEeQ3wvw3wRzgFcFgQRTFXs,1,15,13840.903,154,2,2,1,0.0,2,3,3,1,0.0,3,3,3,1,0.0,3,5,5,1,0.0,5
A7CTpG1Rr23iLSUCQ9Y9Bqu9eFvHGd6j7dSbBby3tYwY,1,FLEf4J4ceQN1dxgAcHZZr1MSyseN7fSMXbv7CubCb311,1,3162,14918.545,9,79,39,22,0.0127,8,375,280,22,0.0533,58,708,574,22,0.0593,173,1283,1101,22,0.0694,368
ACs7mDWhxk6FYvKgPNSjgn6YacPJ66E9djJaWjf9Tdj8,0,euwTSjXVcyASuwToMXP21EM97Yor4VQ4N4bMXJXLJyP,1,8,17941.844,9,3,3,1,0.0,2,3,3,1,0.0,2,3,3,1,0.0,2,3,3,1,0.0,2
A7rqejP8LKN8syXMr4tvcKjs2iJ4WtZjXNs1e6qP3m9g,1,24QrDLKQ8dKrivw2YqLcVwQ9eNBAyTyzqE116hHfraEy,0,15000,,,,,,,,,,,,,,,,,,,,,,
ADhTSZTVRWZkVLfZaooCpLHh2CiV5xL8unvd4ASVUj11,0,6oQN2AkCvFjuxc4jgKG4eA3iZA2MyZEwX9k6JoQRqLss,0,15000,,,,,,,,,,,,,,,,,,,,,,
A8i2e6d1ZdEhRdj3uUy6HC2QV8JBrK4cCUYztwqr9b9A,1,FfpyWy58LuqLHu5PPcDpZ6HruL836T2RbyfshpX8z3vR,1,8807,6268.492,1,7206,1058,138,1.0,11,7789,1292,138,0.9999,24,8699,1867,138,0.9879,56,8704,1872,138,0.9874,57
AEytJ8i2jTWtVJx58FVrBrTTCchcDBzss4YdYLaVeVF8,0,4LkD2SggMfTNshPsXoKBQaqHharMj9Cy18mi6vTWVoMK,0,15000,,,,,,,,,,,,,,,,,,,,,,
A9hrvq7b47FXPH6q93Gb8ftmYHFBTAXS5FRtwx8htfzs,1,3cDtbLxnM4WgfGPPMeiw3NXNSKHq44n9ThiRm9LcCWDo,1,781,9148.547,0,727,141,191,0.8322,10,732,146,191,0.8279,14,740,154,191,0.8203,22,757,171,191,0.8071,35
AFzttkUBWrXAXHnrMWcTFY1FRwckkRN4NABjceoHpump,0,6hG1qiaG6aak3rkAMXW9cDKuSietK47AfDCY2nBHReBC,1,317,16424.735,114,165,82,16,0.8121,10,307,175,16,0.7687,24,311,179,16,0.7588,26,311,179,16,0.7588,26
AAap4178s62oehYMyoPJSvkaXcCauTwb2cpkWTvtQSnk,1,ApXLhkw6YugMrcPUorERJRUQWgzi2x47KNt62K5piFhX,1,6349,16273.549,12,3,3,1,0.0,2,73,49,4,0.6712,14,562,409,6,0.8665,58,2252,1701,7,0.8526,287
AGkFkKgXUEP7ZXazza5a25bSKbz5dDpgafPhqywuQnpf,0,FuSVni88QEcviphDUrRhosYEH5hMHUB8Emi6QjafnBc4,0,15000,,,,,,,,,,,,,,,,,,,,,,
ABormr4MMvmWoMQatknUZoCZvdrzYq1MS3tADxfH7Dgq,1,Ce4sQPuQotkNwtRc1Ra6UskDdhtawoCS2VC3ibDbxJDh,1,9462,16564.912,9,15,15,1,0.0,8,638,345,14,0.7931,43,7646,3376,77,0.8956,287,9435,4273,77,0.885,488
AHmwHxwd3S7MLv413uGhS4SVLr7sGTYAVHbJcZTLpump,0,4zUb6G2wBrvB9ihttgjn1JDid2hCtu6LeY5kpkKMNStc,1,5727,15676.451,6422,1,1,1,0.0,1,1,1,1,0.0,1,5672,2810,45,0.8604,165,5714,2844,45,0.8612,182
ACkoRLsS5erUxfCG9H63y4x5C2K3F1uK33LwukSoW4Fh,1,4Yd4EQyEwn9Ypg4EZvL36Hbv7KnzWSCKsz31RmWfdide,0,15000,,,,,,,,,,,,,,,,,,,,,,
AJczhLzrJn2mKV8Exkyz1L6pPGAEMmeY5KB7Tbf2pump,0,4128MTVyzfnEex7AuKBMVc575NUpSVgkaCsNMYGb4F5r,1,956,13560.528,71,557,242,15,0.851,10,943,382,39,0.8441,24,948,387,39,0.8397,29,948,387,39,0.8397,29
ADayGfFQsuCDYuXHPqBFvT1C46QL2V4hrVuTTAX7wWdG,1,CCdDpbyyCUgxd5iypYh2gpztA1Lbm4T4819mjrdg2kbC,0,15000,,,,,,,,,,,,,,,,,,,,,,
AKRsUuY13oQ3KZ3hHBAUfbpd1AK3ZVyaSAmobFQGKbeh,0,4WHvM5cVzBu8o89RULjcLY9gir1LmZugfRupRP4TLuRT,1,297,6396.58,71,3,3,1,0.3333,3,9,9,1,0.1111,7,67,60,3,0.4328,36,153,139,3,0.4575,77
AEeFagwsvBoG5bDkQZeFtFbeSBcGaFEbj4wb3mpRrqaz,1,FbhbqKJN4BfVgiux8K72WMw6zXgKbR8smex1iZci4HMe,1,11800,13392.112,1,1759,879,11,0.6276,11,8065,3479,17,0.5425,61,11736,6426,17,0.479,237,11766,6456,17,0.4789,260
ALRG1ZsPjK9S2WYbL1K627rb6zYK8nGhLTwCQbsXV96,0,3Mvn5L8NsCHq9hU3DzvSfDPBf1SsKYUuGg64MqghxvjF,1,4519,13985.57,0,4032,322,271,0.9459,11,4397,583,271,0.902,37,4446,622,271,0.8992,54,4460,635,271,0.8987,64
AFpLYTKtYqeqTtMrojfzuUSsGQtiXwioaedGpDHHsGFd,1,3stHXUnRbSQHkSmYwF3hRCUem5VTfQkpgTX8GcA4xvfA,0,15000,,,,,,,,,,,,,,,,,,,,,,
AMB4JC5Q28JvuQmZJkhWUuWQnhbKRxDcDRPrE1YmRSjX,0,8jkqbJtyhBhTfhrk7v3GnqsZ9yjxUugtkQgKfX2CcqxH,0,15000,,,,,,,,,,,,,,,,,,,,,,
AGsPo9SigH9wBa3ewsJGcFFuSunrn5fwtxY87YHm29Az,1,nRcEzUhta1byh8QSxheHyed3qWzFvEeD7A1m5t7qBqa,1,4594,8371.626,0,913,171,45,0.7766,2,921,179,45,0.7785,4,923,181,45,0.7768,6,924,182,45,0.776,7
AMzb4Tc7gDGHrsz1zUQzjtmQS2AXWuejveAKXKSpsoPU,0,6DX194ZeSQ3627aABmcuC6tWUb2UFhVXnxaZKVMsZkFQ,1,3166,27915.892,1,7,7,1,0.0,3,39,39,1,0.0,14,420,418,2,0.0167,108,1067,1063,2,0.0122,270
AJ2GXjVhGy6NA7GCdYbVWZ43kCpBfTcwihtux6Ag1Zia,1,4cmrCUwDQjgn7w4HrxycUfjPfbLtxn9xTVXHtfgftSUD,1,10012,12351.254,0,370,260,8,0.2054,11,2061,1629,8,0.0611,61,9444,7604,8,0.0292,306,9471,7631,8,0.0297,330
ANmvRReZLAcsdvGQNJQL1CJVKdzjuF44MUaYoejDD8ER,0,3w96nkrHAG6QfArnG4bbfLm4bzQmgzaoSu1v1ZNQbjYV,1,5,16821.182,7,3,3,1,0.0,1,3,3,1,0.0,1,4,4,1,0.0,2,4,4,1,0.0,2
AJz88bj9WT5mz1tzmDCAVCZdcuD2bYY8qsCNcVz8s8SB,1,7q6CK96aRFk34senzvFAVMAFk8kQWLbJ4cKWpL6KKkvj,1,495,24664.644,2,15,4,10,0.9333,1,186,160,10,0.2903,31,224,197,10,0.2411,59,242,215,10,0.2273,75
APTtJyaRX5yGTsJU522N4VYWg3vCvSb65eam5GrPT5Rt,0,Fg3UabVqnfycMtkiTVoaia9eNafehtT9Y4TicH2iBtvK,0,15000,,,,,,,,,,,,,,,,,,,,,,
AL2wK47yJTRm7hyfPodbg1innvj1aBYXrqUhYPd4LkhU,1,5D4gZC2r8aYC8DY4iAtNSoGtxZyyAbTgS4zFnsxnYkH1,1,2846,3719.529,41,5,4,2,0.6,2,27,24,2,0.3704,15,176,164,2,0.375,98,1561,971,18,0.7354,359
APoM2sXUzdRHTkUjXSsdUheX1wPPdP4HFLotmtRNMU8P,0,Hz3brg46soxk4YD6fWjj8cMTk11JtXMCZut3APEqcbB2,1,26,16565.615,377,2,2,1,0.0,2,3,3,1,0.0,3,4,4,1,0.0,4,4,4,1,0.0,4
AM3iQN6yQVDR9oGwi53wBkySkC5SNprAcmQimMLT8em9,1,7WnpmpDFiW5MhV7cQZMmU9pgyjwTscfWzcrVRDA4GJfE,0,15000,,,,,,,,,,,,,,,,,,,,,,
AQuuQ4xktyzGBFnbKHnYsXHxsKVQetAoiPeCEG97NUJw,0,2QA7bQsGhfA27iNfihtJpyCFycA7pQoEfuoNGdrwKwSj,0,15000,,,,,,,,,,,,,,,,,,,,,,
AN9fEaX8s9ewi8uF9DXJKSvQ2S73uu157JAoKwdwjCrX,1,6bBXGTtfvjXyZzD5YAydaciU91fY5gvezL5L1NpUYHzz,1,809,17009.294,0,47,15,12,0.9149,2,111,79,12,0.3964,23,550,506,12,0.2727,176,570,526,12,0.2632,192
ARt4N4WY4PEdYUuBG7qENwuYSSiQUqP1RXFiahhwfzH9,0,Bvsc3cXQL4epGbhryAuWRHqsRE1ro56XGPLnZGpj7E8u,1,5944,15325.358,0,3589,736,23,1.0,10,3735,769,23,0.9997,13,4272,1152,23,0.9562,130,4993,1532,23,0.9271,293
APXQbxfweukSx5KvfGVdUkYcLTXNYpnTrDYFbFAZJq9U,1,6g9AqPt43YQTJ5GTdMMincjATY2NThqjz5vgN8jz4rka,0,15000,,,,,,,,,,,,,,,,,,,,,,
ASorhNHg9hxcAWpBpHMGBxWaCfpnXjUJWjKAe4ofpump,0,E9KGhhNNCVtvX1Z2psPJ5hd87gB84utEBX8M3BJhb5Ec,0,15000,,,,,,,,,,,,,,,,,,,,,,
AQes6rWJ3yQaQVYz68rvWgrpLMMLmkcseQQY5p3JhNSs,1,Hwp7egoGsHUqzMsajZLQciGxxY6hSG4B46xEaRxFgcvK,0,15000,,,,,,,,,,,,,,,,,,,,,,
ATRLuHph8dxnPny4WSNW7fxkhbeivBrtWbY6BfB4xpLj,0,5emjHeNgYQ555QN7FxuEFHnfAgFxnFYffGVQX41N7JTy,1,5562,14981.039,41,6,5,2,0.3333,5,64,51,4,0.5,23,792,252,37,0.8485,83,911,333,37,0.8342,118
ARf9cohfgSVr4mCfUjP3nBmFMQvvoeRtFaexwMq763WK,1,rnBP2TtamaWSxrWqPFbkSdy1qKc1yq4Lw6R5LJbF5HZ,1,10850,2019.826,2,1319,464,24,0.0409,11,7751,2651,24,0.0098,61,10831,3479,61,0.2145,131,10836,3484,61,0.2145,133
AURYydfxJib1ZkTir1Jn1J9ECYUtjb6rKQVmtYaixWPP,0,6HSguUukDH9zqJBm6oAAmFkg1WK9dJ5iLgnppTCM6jHm,0,15000,,,,,,,,,,,,,,,,,,,,,,
ASsRyHS6h1hY74H5Mm1x2RRoxoNQqu1sNpXgYDvCnPCL,1,rAKR9Puwd9GVzBP6Ne9U8aR2vQMgfD1UrxPpPivfDKg,1,491,25811.301,1601,1,1,1,0.0,1,6,6,1,0.0,6,57,57,1,0.1579,35,312,312,1,0.0609,129
AVVAVwmhoziPgr13c2wZt3nUn6iuSPAY6NdvoPCwaHQH,0,2xmn5Q17ix2Y2FitQPp387pxkGeBvhdAHRkkt9XECHbX,0,15000,,,,,,,,,,,,,,,,,,,,,,
AUZSdBvWsWda1BdtvMZH38e92FMuomqfDZWFUyZoixk4,1,3FfBDmsPWVnaS4VCeQF4kzp1CpzRqJMDLPykNnVXZP9E,1,4874,7696.997,0,4291,455,109,0.9753,10,4523,572,109,0.9653,22,4531,580,109,0.9636,28,4803,650,109,0.9577,41
AWXtRFNu2FnuuqGWFUpbkXUa75NTMGcHCsXacrB9yhdq,0,7WTudZKgRdf9XPJwsE3neeK36A5SMrtvT8i81V35b5SS,0,15000,,,,,,,,,,,,,,,,,,,,,,
AVhC9X6T9fxsK1EgaxxuH3XRMGUSf4gqRcop97rKLf58,1,DMr8CyCFF9NnvKQgctvJVpEzRNPaUumoHADy6mKTuWyb,1,775,7699.182,14,724,234,21,0.8936,7,748,250,21,0.8917,11,750,252,21,0.8893,13,754,255,21,0.8859,14
AY172Up96H27W49a11xULyqnBjvJRrvw4aReUJu3pump,0,BWHQUK81aN5JorhF6r4KFvxVprvdat6g4yDAFtAsPg6Z,0,15000,,,,,,,,,,,,,,,,,,,,,,
AWaCDKtbSEVCov92Y8CFCdFEino9d9jJuXQXYfwZGLrg,1,A2Gu3cqghZNuSgXof8ZUe6UmF5eCT122Wa7jPUEZYd5k,1,11825,14185.41,0,7173,1276,32,1.0,11,9502,1916,54,0.9711,40,10689,2722,54,0.9246,176,11084,2971,54,0.9082,288
AYhFJk9ZyKN5aCRwrG78iTvuxnrrLp5q4fGfyBM7pump,0,7qphG9aPb2c7V8wcRFmyDohJF76ojDn6htfZ4hEjiDMR,1,64,16720.683,7810665,1,1,1,0.0,1,1,1,1,0.0,1,1,1,1,0.0,1,1,1,1,0.0,1
AXgDf9ftQ1M6c5Tkrjr8VfMzczEnYtCtJbnVQktMgdi,1,Hb5XWeyoo42wesT8K6GVPjsNKcLj7cXGn2JHxhmbgjyw,1,199,727.447,1,177,79,9,0.6893,8,187,89,9,0.6524,16,191,93,9,0.6387,20,191,93,9,0.6387,20
AZu9VUzYvTxnt7sz5s65MPeyJonTWtQoAtqsKxX6pump,0,3oza9N7R5ESPd8Gj1M1SdSyySu1H8hRJm5j6QJuVdq1E,1,10509,14014.655,2,2145,781,22,0.3758,11,5977,3014,22,0.2941,61,9596,5763,22,0.2269,347,10264,6382,22,0.2171,669
AYnk3A1S8KpxUfaShLc65KLLptSzrLhCzSN52o58n3yP,1,5jp95nt6C9RUZpoQeProDbyYQgZDArDVDmZwhfH4XuMM,1,12495,44.473,2,76,20,20,0.5526,6,4906,1526,20,0.0124,30,11675,4318,23,0.0551,89,12442,4565,23,0.0524,106
Aaku3Vy5m3eBXXcogGQzvhKNJzWEGMcfosQUVyiN82LF,0,48gdiY8YszS9H9EzQFt5iCeaJgubsAd9YUZAXPGgkKey,1,36,15085.954,14,31,24,3,0.5484,9,31,24,3,0.5484,9,31,24,3,0.5484,9,31,24,3,0.5484,9
AZgZ14kSR69Qq5S5eQBzrETFcqAg8HR2pgeJmTb8Mq4L,1,EGxbQ9MxgU7tyefecGaM6q5nnaqTdQp4KGon9eDaB6aQ,1,1925,6452.666,128,1535,326,54,0.8189,9,1543,328,54,0.8192,11,1546,331,54,0.8176,13,1909,470,54,0.6621,25
AbktLHcNzEoZc9qfVgNaQhJbqDTEmLwsARY7JcTndsPg,0,FLD9LKfR75j9bx475HCUNEWnu9Ar74eUV9TAAhYyrbaH,0,15000,,,,,,,,,,,,,,,,,,,,,,
Aap9dQYcoTfq1Q6CsjL7UehdY4vAk2FMfo6VqwpmbdAS,1,8pFobwHM9FgfGead71BExkAWETyMzB56m3gTyDzspKcb,0,15000,,,,,,,,,,,,,,,,,,,,,,
Acg7KdALxwHZHwJNQiA48TadcgpKQnh66pWDxFgKpump,0,3dwoxjm8tijdi2AWkV2itiGbsNRt6CMAyGAErq8AR3BN,1,3100,14544.671,149,2,2,1,0.0,2,15,14,2,0.2,11,470,250,12,0.7064,106,1220,723,12,0.6213,333
AbzLxF6DcroMz9Q16Z6BRmXGm6ULkBfbxp28MPS5VukF,1,8NtVfcSDQ7PsZ6TDA6yJw5vSmLfqqoHFh2QQWFdfq4nK,1,806,4229.946,0,663,264,11,0.1252,10,790,337,11,0.1443,20,793,340,11,0.145,23,799,346,11,0.1452,26
AdTeR6h2mfoNgJ9ZxyGWLuGXqgMrreznauwqFdh1rope,0,91JsehdBhKxojjzq3Ne2KxhbEVao8p1c7V7Sw1LHtG3,1,37,17181.128,189,5,4,2,0.0,4,15,10,5,0.6,8,30,22,5,0.5333,14,30,22,5,0.5333,14
AcxcfUhZthuvuz58DQvrR3jVChXbUKzpmZP9adK3Z21Q,1,FDT3CChegLqZXku26czzmhGk87gRyYnmjtvtMRZshgFM,1,6321,15869.332,0,1839,712,58,0.0968,11,6195,2532,110,0.0668,50,6215,2548,110,0.0668,64,6229,2562,110,0.0668,77
Ae8Y9b1G99XfF7LcdboBJY8rmSfzyZjdXmu7hrNuysSx,0,JCfduj2d1f14yKKDKgQiMSLU7WK7Tp6cj6CLtPfhpTmN,0,15000,,,,,,,,,,,,,,,,,,,,,,
AdzsLtr7tsXKPCmEWzeRqhzxWUU9Mf34snoLrXuEzTT,1,FFzGhduuYDz3P4wQMniL4dRPJsrA4bPsjk9Nz2vgRXTL,1,2808,16705.673,4,23,23,1,0.0,10,1275,587,28,0.8471,60,2806,1322,30,0.8542,125,2806,1322,30,0.8542,125
AexmTpjDy5yz9nVW493FRTFVhoT2kjMFtxmpUBMPtSfV,0,HJtvn5NgUdbyJR9eEmDYtAVL2x17bxH8VtxoMdBHwVMM,1,3603,24645.566,1,2480,298,31,0.9996,5,2814,365,31,0.9851,23,2829,380,31,0.9799,35,2881,432,31,0.9625,74
Aey56r5iPpMqtVaYcN6dU9Gw4Z2sTwNera7HPCygzvmK,1,3NvN1F9uwTcFadh5FFeUNfHeQQi8mtWDFbTqS8SQFtHR,1,1281,13275.222,1,470,90,125,0.8553,11,906,502,125,0.5464,61,1254,846,125,0.4163,163,1260,852,125,0.4143,167
AfkUkcoJ5Yt7eU9BwnF1RjRqt4fQG5zYV1eS1ytDk7FE,0,9gEpR2kX49y2N7WvFT2evMmGmAJDmwp5tSvQDxCcPSWa,0,15000,,,,,,,,,,,,,,,,,,,,,,
AfxgYwPzTS51HzkQywZnc8tPfuNocGGx635gAvy7r1Ue,1,ADrpwtapT91A4SPAfnFSNd6b91hNvqs3CQt8ztzHvpH7,1,4905,19276.133,170,126,44,12,0.873,8,668,320,16,0.8234,46,2473,1305,21,0.7881,259,4857,2998,22,0.7575,696
AgbUVqwXp5NeqTuRKRsDU13KsejTqbSnXrBu6fqCUY7e,0,BoSgc2kDh26vAo6rf1ZNcR2sdPzjL8MHyrfq1z9BifqV,0,15000,,,,,,,,,,,,,,,,,,,,,,
Agi25qJyTe2dPNcGavDs53h1dSxsV5LPBzuqY6kKFx5T,1,EWHVQ7uUtY4h3UPLanbGqdLf5czC28Y4kWygZ37bzCHF,1,367,569.498,0,274,78,19,0.865,8,298,100,19,0.8154,19,356,157,19,0.6994,70,360,161,19,0.6917,74
Ahtw7kE19VYeLh8tAhJY59GZjjKHtwMVnHBHG51fJ1us,0,AfHFSqGdu48tTWfhjfGcYLfjqjCrop2FWxTBNCGqUo2G,1,183,14535.305,16,110,49,17,0.8364,9,176,89,17,0.8352,16,177,90,17,0.8305,17,177,90,17,0.8305,17
AiBJMLUEGgQvyYBkBEvJSF28XtYBSGBGrCfMRjheqCbE,1,H9fGzURUTaRAPnrZAAd8BTbn2pPCjEMx73HPRXMXbZdC,1,4032,28891.281,5,20,13,3,0.65,5,42,35,3,0.5714,16,1427,799,17,0.8423,145,3661,1654,27,0.9036,279
AiYhnwWiqbdSiEHgAzqrurcdoZx4V21mnuMt5ps2pump,0,CncvE1khpWqekwVgG12ncqhxqjH52QnWHTMw1S8ZLHth,0,15000,,,,,,,,,,,,,,,,,,,,,,
Ajxa6NXrRTJYiNTRmQYx3pzPGPBdVKnGiWeiUEg6pGPF,1,4Ji1MXGzbkH8SEJtXJx1uAboSpUd9X3BEkxrpSsKNn2p,0,15000,,,,,,,,,,,,,,,,,,,,,,
AjpRhVsJN6gWipM926q4vz58FVgKxoErfDa3ru7PnsiL,0,G686TzpKar5kxzHNnp2rmmA5s4Qzpt17q2iVQczJaEZk,0,15000,,,,,,,,,,,,,,,,,,,,,,
AkoPkr5wQT2ezMzEp2qgENb2WK88krU59hhEUqjNh9pq,1,38hakz1FhYbw7gtbzTjXuR17QnAMz3vPUbUW7ad7U6Tv,0,15000,,,,,,,,,,,,,,,,,,,,,,
Akrk8gGB4Nu4vreQxixq6GFs1eFwPj8N9gwQYc7cz9RD,0,9foCN5dKiMyG22qi7gdYyjvMCVCy76oa9JoPhiPQ6aWM,1,6001,17992.758,760,1,1,1,0.0,1,1003,510,8,0.987,25,5989,2637,19,0.9978,65,5989,2637,19,0.9978,65
AmiBax26Zcd8sFnLGFE5eynHFTLru5zLZPvf53cmxFg4,1,BsY8fQEti9wS6xTNWrSdkRohWnzSkHeyJWPuHhjJadK6,0,15000,,,,,,,,,,,,,,,,,,,,,,
AmgUMQeqW8H74trc8UkKjzZWtxBdpS496wh4GLy2mCpo,0,6aXbv3Ygr5iJuMoqxd5dRxnEdLyB1j6qQ1dqo2GSq8k3,1,66,23217.528,498,2,2,1,0.0,2,3,3,1,0.0,3,3,3,1,0.0,3,12,11,2,0.1667,9
Anfi21ZzsDGroG4bTHK22aH3bMV1wREFEBmSYQTCcmJV,1,5X4GwEvWBfLcGaY2y4AoLppcUQFHjEBojwYDAYmukkDQ,0,15000,,,,,,,,,,,,,,,,,,,,,,
AntsWM42N8R9iHcY6JQc7s34WSUqASYreoa9wcpvXw3L,0,3sMxABcp5c9FMPpTxJGsgvt4ZpqVA7R1qAb3pXSk1veu,1,4230,18977.609,22,8,8,1,0.0,7,20,20,1,0.05,15,909,890,2,0.3223,247,2105,2065,3,0.2418,817
AoiL9HvRqLrfiY11UckVjhWhwoVy8rSNFnVAPMResPnb,1,271Z6M7criG9NXychK8sauo9JDoz2fVuf8hYpCpnZkLg,1,626,2887.368,1,442,79,31,0.8281,3,456,93,31,0.8202,8,607,109,41,0.855,12,612,114,41,0.8497,17
AoqXWaVrYDymzvCEgSJJkrLxUbEdiXyUyyK3dJZwbj8v,0,7fRtSkqkjYEfHgYFExBk2sTvQMU587K4VhFEsuAUcD7h,0,15000,,,,,,,,,,,,,,,,,,,,,,
ApHiYBJ2NiKpwXuNdsbFb2mPKoC8bawZomua7WhkGcFH,1,FNoDMwzV7QYjyJdPcHNXAS288iuJ9YUYyn6GLYbVRxyi,1,4873,15802.148,0,4722,1061,62,0.9651,11,4843,1129,62,0.963,21,4843,1129,62,0.963,21,4848,1134,62,0.9627,26
ApuiTo4pJQatGGLFEo4kmJQNGQhn5ojWKt6gCAtRKUfE,0,6DBVrbYgHSR7d4HSo65JkRDBcJrYVnTdWrPrEEbkZZyT,0,15000,,,,,,,,,,,,,,,,,,,,,,
AqCpg4YjjwKf7CSgPiTeXN6n6xxCN6pQktd2sPaSwbLr,1,BPxQRZHTbNGSNYYLKTGwzEoEwpN9JafrcGNxxubszmHZ,1,77,9279.67,183,15,14,2,0.0667,8,40,39,2,0.05,27,52,51,2,0.0385,39,59,58,2,0.0339,46
Aqjju8gCv3Uc2XsmF5x92ZarDo3hCnP7EgUeDkv1i7jK,0,DEnNad3EpZ7chJ8HsCtco2KVLpGZLmm8B6wV57uNFhK7,0,15000,,,,,,,,,,,,,,,,,,,,,,
ArcCpnwrTMSLjv4q3AnM7fiVquqDcEpBQBgmS13w4kGr,1,JDw4xrW44q9cZBqv7SWMTRBkG7DuZwD52eGhC973QdWp,0,15000,,,,,,,,,,,,,,,,,,,,,,
AruJ9fJr1eCk3jEdGR1BcZ8Z3SUbvAZJ7EvCQUj89EJ9,0,Bpp3giFVwPLkitYEtYu4XDUobiQmNTm4ZajUk3QYZ8ET,0,15000,,,,,,,,,,,,,,,,,,,,,,
AsuV7WtF5faWTRRnHp3GwdXNi6sECw2ZJrtCEZVwgX1w,1,8gtH1e35K6nkgPcrvC9XJ5HDkzrRkaQNNYc9WjKX35Hf,1,5143,10448.221,0,4983,200,264,0.987,11,5076,240,264,0.9823,13,5077,241,264,0.9821,14,5080,244,264,0.9819,16
At43MpG7H3YqVnoVCMReZu8v95SDkuVBwQJrLcf6vcRT,0,3oJgxcXVDdLfqPPSdhijt2E48ZkZRV2GnLtBXD6yD19k,0,15000,,,,,,,,,,,,,,,,,,,,,,
Au1bNRj5JvhGiLYNy8iYy45B3hJ6esDqhh6jmVp9wdgJ,1,DvTGxRDNrZpyY42WDqHcdJYCVoyaP9LWUKrBXUCah4hs,1,3609,7271.139,0,3418,388,61,0.9506,10,3514,460,61,0.9357,28,3527,470,61,0.9351,33,3573,497,61,0.9345,39
AtqGzZeByYfguQMkZ4k7cfDSLe9VeZtBeaeet3A8pump,0,5dqCeJom977BqH4fLTv3duVJE46MrLL8qjosunRzSC3T,1,32,15995.29,36,16,15,2,0.5,8,22,21,2,0.5,12,22,21,2,0.5,12,22,21,2,0.5,12
Auk2MjzjhPWtw4djRRYxyubYnba1qcZbkatZrhfgRZFQ,1,51Vhg6UXgAC5V5CiFzVLRmsFCKKMaxwb5zGDHoGTH4Ut,1,4977,5860.629,0,4873,498,76,0.92,10,4942,556,76,0.9152,33,4944,558,76,0.9148,35,4947,561,76,0.9143,38
Auke9FCfLf58hqqL8mb7nvp9P3v1y4iS9kbopstcxsWX,0,62n4VE3ami5w7dKWxwjwsi5oGhDxiHaaYRdzKYRRXvjq,0,15000,,,,,,,,,,,,,,,,,,,,,,
AvYNeXhAw3ziysLVLMdEGL4yLYV9R7jd5UnxRqdDWBBn,1,2fnZnNfTMj2wmtLb85b2Wj8aFZmSoW1sAX6Mvx6Fqz9d,1,9313,7740.931,0,7398,734,144,0.9528,11,9246,1970,144,0.9593,37,9254,1977,144,0.9587,43,9275,1992,144,0.9583,49
AvsnRGt1Xdp2SehdwHWH3aKWUGjcqed8GMVosi4KgoZN,0,AS9Q2AiUCA4teBMasL7zW7Dbamv1rQBemtacoJTCEvTD,1,34,4643.031,0,14,13,2,0.0714,8,25,24,2,0.08,17,30,29,2,0.0667,22,31,30,2,0.0645,23
AwRjK3bSAD8haNEBJGyb4zvbfTgepQyuJGtffn6HEj6x,1,4kQU4h7CdXcF9NMvYnL6iXrGqrFxoGrmTMMF2XAFsosX,1,2386,18397.616,2,1703,722,33,0.8467,11,2345,1062,33,0.8307,32,2346,1063,33,0.8303,33,2349,1066,33,0.8293,36
AweDwsryZJygkDrjYZrq7n1mzPQbFVUi9dfhLLKuaXiJ,0,DJNpXZmrJYJ7mNybxiyLyiUEmz8fDJgVXqs5kkUYJSGN,1,4818,8261.626,0,4721,228,96,0.9767,8,4725,230,96,0.9763,9,4743,243,96,0.9747,18,4761,258,96,0.9735,28
Ax6y8tcKTHFu2Fv5qnZNNp5EVn9wenhszBPW8HU73XUv,1,3dnUqPc6HLZ7cdyrVX1487iAEukScxauZtRrxVaYVwcX,1,620,7230.564,1,528,139,25,0.8674,6,542,149,25,0.845,14,576,175,25,0.8316,22,602,197,25,0.8239,32
AxYWMzuc4b1xFHU3LZvDAXYGz7Vsv39q7fdNFyjZpump,0,DHqnSBurdZ6tAxV7qQ1cbtTP7zyStneRxma9t2WEGx9A,1,3063,15772.627,42,2,2,1,0.0,2,2,2,1,0.0,2,2,2,1,0.0,2,1551,637,36,0.9026,89
AxxpDbwLtXHU7uD6jFYqqWbpF375fFPKeFM5nYRhdZwX,1,CxVpXKPdRmtL1e5DmPvSYATT9iTAwv5bGLtNYUqvLa2A,0,15000,,,,,,,,,,,,,,,,,,,,,,
AyHbBpAu1XiQwMFGja4S4UXwTKtfGphndiXa9CGGL2d7,0,BJPc1JpEE1g5Gfw2B44jLyWYQ5sDVrbpTDZ4vpfKoQq7,1,20,18273.945,24787,1,1,1,0.0,1,1,1,1,0.0,1,1,1,1,0.0,1,7,6,2,0.4286,3
Az5ux9MCXio6DJRoAhSpXa8ApDjbeEkrQ4EKKd6Caw4B,1,6NMnZYeDQD27upTZPDDWfUSTEJVHz9qTknh7iryi9KSw,1,137,15049.643,25,18,17,2,0.6111,4,49,39,4,0.6939,8,67,56,4,0.6269,17,87,74,4,0.6322,24
Az1HjB7Kejek7hr36R7MCvqUwySdwndnyBqBYTpNaT8F,0,5yXtrSht24WZxJCzvCR8jJVtSHsfWheNzGtWRfvh3eju,1,2239,15210.62,109767,1,1,1,0.0,1,1,1,1,0.0,1,1,1,1,0.0,1,1,1,1,0.0,1
B11EeKHknrJYkrwFanCRD3ubmBdQDKhP3UjkfC5SEwTj,1,3inbLvHfrhDLWxjgaQhvrm8Xcrss65gfTyMrnYFmCKHb,0,15000,,,,,,,,,,,,,,,,,,,,,,
B1N5LcA9xAt2DrsQpqYE543XS2NoBPQPiDF2bboyk26p,0,As4XUmEg6UtMKWFAUZktusJnuLfLSu9zqqYsTscfWJfS,1,7,16719.466,12,3,3,1,0.0,2,3,3,1,0.0,2,4,4,1,0.0,3,4,4,1,0.0,3
B1qnxyR9BoWx8EAekjNw2vF4zTdQgHKanNAb3whVGygi,1,sbfieNrmq4hgt42At7b6v53fhxFpqGV2BAjfWai8Jsi,0,15000,,,,,,,,,,,,,,,,,,,,,,
B2eRhHW1fbvYCkhRWhKJ9EoeZH8Dcq89njzvujmaHJmz,0,FhKrR1Z7XsgNGPBHSzxsH6GJwzLfZfvKvNvtD5zj9ps3,1,615,8334.874,15,354,61,50,0.9209,7,420,97,50,0.8833,25,497,144,50,0.841,45,596,243,50,0.7315,128
B2jaLPRn4E6wBZWaPGiPmMPoxnTdZyQSvgBPszME8MS6,1,D2GDwvDNPxmrxWANqW7fiFQ13jZ4prXw3ctSPnVZkQ4j,1,2143,6645.551,0,1327,382,29,0.7513,11,1834,569,29,0.7252,22,1837,572,29,0.724,25,2134,751,29,0.6232,49
B3RpjwWDqv8T32nRJwsx6Ld6XWnHDathdh3p968ma1dk,0,EugMF84jqhNYG1QtjSRxAorwQU9BTHfgrcEobUHZPnhR,0,15000,,,,,,,,,,,,,,,,,,,,,,
B3i5i6wDy8SVyGe4BS5XsLXecP5rPEHpXuDHa3Yfgpd9,1,BcqA2QGLFsJRfT5SSb9w1MHTtgxXmCdTMqLUUCZtKD4c,1,6478,7364.514,0,4063,1080,25,0.9461,11,4471,1308,25,0.9414,30,5801,1701,25,0.8566,46,6460,2118,25,0.8577,76
B582oxHHy41ijxaGem3GksSWAVBfr2fJxNKrL7mpC1z1,0,9htEyKgvKhcmqtN1CmCKhemQc8j3mZez36Sqt1w7FBVA,1,29,15232.966,116,3,3,1,0.0,3,12,12,1,0.0,12,12,12,1,0.0,12,16,16,1,0.0,16
B4hmx88WGTv6wXmjE5DMArFxtcBmBU1kV5Cy3xfwUxqp,1,GDsvY6h3WKwqtDBHpyJXx1aoPHeoMXLjhGxPEvUzjk4z,1,10,15429.481,31,3,3,1,0.0,3,3,3,1,0.0,3,4,4,1,0.0,4,4,4,1,0.0,4
B65Fv4wrnDnfBtt8Ryt8XoN6dMch39q9MALUYxAj3mHF,0,72H4622KR7Wv5z43GeJC54UEHEtJufLRjPGUjidBnYkF,1,11128,5952.266,1,4782,829,84,0.6861,11,5502,1020,84,0.7212,23,10974,1969,84,0.8147,70,11004,1996,84,0.8129,80
B5S5hfWbQdf7TPjiJFgWWvw1JUdVTzBNcfZEFVNcnmNW,1,5PLc8JuYLAoo2RFd37FQiVQUAgDiNEEfGRe13XEjzwud,0,15000,,,,,,,,,,,,,,,,,,,,,,
B734p4QmYDkHycuUcatdsyTABMZh3vZjpuFhem2NccWz,0,8Jt1iUBeY9C3v32xjdqFeiVjKyPBCniLkr7tKX8wgyJZ,0,15000,,,,,,,,,,,,,,,,,,,,,,
B6w7YdnB98bp1WyFBZpnU6C4MRVnUAxVHQP9kLdpM4CQ,1,FyUeCWYxfPJcDZp8hhvU6Cip3CGvbMJra1qSrbhEvuQR,1,4343,10770.247,0,2354,493,45,0.9541,8,2368,501,45,0.9535,11,2418,541,45,0.9516,18,2424,547,45,0.9501,22
B8AmDZRJeHuq8CPciey6jocq9p4ivc4ZurDXPwtqs2Qg,0,D45fzbiGkTUz6vcMQBKq9yvWoDu4qeQiEsG9sn2u2JPr,1,1235,18345.424,250,3,3,1,0.3333,3,26,25,2,0.5,15,163,150,6,0.4663,82,430,392,6,0.5093,200
B7mNSYkzeVYYeNShySDR1ma5XQAapswBeHdhBegaPdMZ,1,mjEyYjuMvi8sbxsDVt4mUMChm6du5zr85SooqSwfEkh,1,119,18353.317,5,114,4,66,0.9825,1,115,5,66,0.9739,2,115,5,66,0.9739,2,115,5,66,0.9739,2
B8rhn9fer7GmivNsXVuKbgW6iGNKfvBgNGDdg7x25zC2,0,EHGmQX9Ce5EQKKDeZ1j1rAuGv4DvgemkmM9nbxX6YWEE,0,15000,,,,,,,,,,,,,,,,,,,,,,
B8SyMmrkJn9zWA7CaKLmDB1VLN6BriALCW8Z151Y14Di,1,633DnaVT4aovgXi2EMExbPcFLvka45yZeBcdtJNutMwc,1,9458,7758.047,1,1075,398,20,0.814,9,9356,3204,55,0.5922,56,9372,3220,55,0.5919,71,9412,3243,55,0.5925,90
BA8td9xZNhNEXmhX6Bqau4tCsQSJPaPKJHuE14aE1XSh,0,3HbF7ipmT3EQNqUqrENNzsyVFgnVgigWdu5AM7hAe9cm,1,1975,16224.084,1,1242,545,75,0.186,11,1778,984,75,0.1507,59,1849,1055,75,0.1471,113,1873,1079,75,0.1452,135
B9UyBRhLFNEm4uHC418kjSdzUBCS6qAZMKvTm5kW92J6,1,9qhdTX8E8sVtQaefbQuXDjCcTa2N5YZSfNxFEXz4CKzJ,1,1460,33857.319,5,27,17,8,0.6667,4,59,49,8,0.3898,23,80,69,8,0.325,41,108,97,8,0.2685,68
BAnWqQNquMtJCBVgu9xVWkHTmozWzHiLMMjtsco7pump,0,Gp2h5RKLxGgypR27HtquKAhT4dY1s5QFoVDaicBzeiJp,1,11,16457.236,407,3,3,1,0.0,2,4,4,1,0.0,3,4,4,1,0.0,3,4,4,1,0.0,3
BAexggGFsiLCKr17cSZF12wkHd8BkR1DBhzuSb78WTR2,1,FEiWZLDDFthHtFHhavYwdmF8RThgTNt8vzBqAwV4hTar,1,2781,26029.152,245797,1,1,1,0.0,1,1,1,1,0.0,1,1,1,1,0.0,1,1,1,1,0.0,1
BBkGWg3QyA9r6cayRJT3zJYXdj5QSqTvNSUkR4WzkcG,0,D8jUSjLZueyGggnVnRitQMPX2JWpvUudcdYBzTwQfu81,1,35,17894.206,13,6,6,1,0.0,5,27,27,1,0.0,16,30,30,1,0.0,19,30,30,1,0.0,19
BBjeMySxj3AdUFEdf97ZdR9GigeWLMJHPQB7Xa9FJ2Sp,1,EfprnRpwVDdXvm1vpRsG9Xhv2L7EsCAmJdiegdo7ceCU,1,670,4329.398,0,579,218,12,0.9361,8,644,277,12,0.9161,22,646,279,12,0.9164,24,652,285,12,0.9095,30
BCqTynMqcPCod7s7BdjW2nQ1R3YZbrqTfs9MnB4ayQ6R,0,7X8hNWqTgeYkaKDWoANgfp1LdNMTDyeJcQms3XQN1Ds,1,14218,20102.487,1,3158,472,116,0.8721,11,4691,1652,116,0.6459,61,6878,3427,116,0.5033,293,8001,4212,116,0.4978,593
BCeaxm3iJDsQsYWwd8wCcRSkZYryfKoLZoCMrzX8QRvv,1,44G6EPviFC7pkEiLzL6U59NnaZBa1mMfrVw3YWvEPow4,1,314,17875.678,42,10,10,1,0.1,6,162,160,2,0.2284,48,208,206,2,0.1827,88,231,229,2,0.1645,108
BDcJS2p3xgitfGaVpnUtxEPjrXMzBWYqBtB35b9Xpump,0,4TnZpQJgybey7YNAgmaKeKoKootqpJs1S3eGpzZXME75,1,700,15866.773,83,2,2,1,0.0,2,2,2,1,0.0,2,2,2,1,0.0,2,3,3,1,0.0,3
BDwBvvXiqDBoFBWbRUYSoLUFq5cw8ue5cjbMLrnNWthp,1,5Znkybho9ixF1kRqALXUbmUYRV7zJjksc46UokeavPLh,1,472,15063.845,128,4,4,1,0.0,4,16,16,1,0.0,14,25,25,1,0.0,22,46,46,1,0.0,43
BEDuJKSVx4fiRK9gQub1XvWWuRToEicTK9Rv6VETQsjz,0,54JB1KSD5tMkU957tHde17AEYjyp1vAMCBgrRg1ovaYr,1,5180,16105.526,46,102,72,5,0.7157,11,652,429,10,0.7837,56,1306,868,14,0.8461,127,5157,2457,31,0.8846,334
BEi6cmo6mdbxDBAq8HLMAGEJ7MaBw38hRDGs3CDQz3r2,1,4TC1VX9XGywWWptTjPTnvn3AY4KVQPxFbTxycaXQQooK,1,2112,6413.314,88,113,44,20,0.7876,10,1510,426,31,0.8219,20,1516,432,31,0.8186,22,2097,633,31,0.5918,33
BF7X548qRxzetMNPeEX3ydBfB47KrUGTwqpWJbUA8GtL,0,4aXQNT5GzT5BbWBchCD2d1RmP2gAXD2UjSeMshDBj3Lv,1,5141,13827.96,0,776,155,18,0.9987,5,3826,404,91,0.8847,12,3854,420,91,0.8838,22,3865,429,91,0.8838,26
BFnP8jC3Zfhkaz4FViwD7qeLxAaTeEU9diJvA8ty3RAe,1,AdqC1fLG5om8RCnca2HzNpZSAPz9Qh55AkrruMQTqwyt,0,15000,,,,,,,,,,,,,,,,,,,,,,
BGGgLQupKAwRSUKQNe7FjqP1hbG5goZxkURVrTejadoM,0,9pTfdcnCYEyD3q89eXb8oga5J2BUUh93XTPaxZe4FEUW,1,8762,19511.533,2,2904,568,49,0.6584,11,4212,987,86,0.736,21,4243,1018,86,0.7309,44,4355,1118,86,0.7224,106
BGeUhYmug1jpgJLDcm7phab3gfc3x5UaCb5iUyXdp6pz,1,Cv3PeMU8RsZB9euvuKwMqoVAYFKmMXWE4DwD9NtYWNT5,0,15000,,,,,,,,,,,,,,,,,,,,,,
BHSTv1nsz57fsXZzcsYWXhEygyqAaQu63DUJd3Rcp5Jo,0,9r2JyQh95itdJCL7kJyprQAGwUnSjRUnynSfdBkeo7CS,0,15000,,,,,,,,,,,,,,,,,,,,,,
BHfgh76L4tq32qgYYJAHvVydFSvdgUepGZkVptDZpbxH,1,Dy5njqmZMgsuYTX3vxAUgZucYnYVWkTvmjjoC5LVSiAq,1,943,7268.22,1,808,125,33,0.9356,6,818,135,33,0.9242,16,827,144,33,0.9166,24,829,146,33,0.9144,26
BJaKkbTMEe7c9QiPwaWymApeWvY3druVLWN9YQyRpump,0,GT4ThLDRZTNFjkvELVdKGMCMkYiskyTQTj4oDuNZf4T9,1,2975,13724.715,57,3,3,1,0.0,3,8,8,1,0.0,8,188,172,5,0.1596,96,501,451,5,0.2395,246
BJwuN3tACy73uZfPHiXy9RKkvo1d1viu4LTgrbHGkiEB,1,8LHaJiTwtKjmQadX9Vvki6d1UYz92gitFooKbenS2rNQ,0,15000,,,,,,,,,,,,,,,,,,,,,,
BKRD9m2WgLNdCriVTNXdoWHcTvV94fp3SeFKsWdc31vS,0,3BxJsfvGHNfTv8K8erd3vWtZP5fKH2tAC3HMJtw7kraP,1,229,17078.556,51,4,4,1,0.0,4,32,27,3,0.6875,10,211,164,5,0.6445,48,220,172,5,0.6273,54
BL5tH9vk3BAG237DrDAfdqSkyUANgotSJxX1mRrFsZSS,1,ApvqWK2vKQUSJPVqFRyqcJsFuDoESfNFMShvhE9nQzmV,0,15000,,,,,,,,,,,,,,,,,,,,,,
BLVtBvs65UGa2sCGrSJ4oequP8GNw3VW7CyjSVZ7pump,0,AaMrN3cwfDNJyQHGMYUNZSs7HoBgDBpy6YNWCd3BHj4U,0,15000,,,,,,,,,,,,,,,,,,,,,,
BM3SWqg8DVstmPrACG4v8Lp4KqjFqYKXNwYR7aUBKo1L,1,EGKUCNWLER7teL8M17rL5miH4Q7q6VaHc7o3xGMpSsRW,0,15000,,,,,,,,,,,,,,,,,,,,,,
BM83DZoPqZCyE7msSPHibs5PWWgGgTRasFYVbrZ7H9qz,0,A9o21t1nXZ5eEtMQHYRUFeH5uCmgHg39xBVna9SmeM7R,1,2186,20798.678,1,1769,191,164,0.9192,7,1998,270,164,0.9244,25,2040,308,164,0.9157,51,2101,366,164,0.8972,101
BNCUVsAfgaiPcy4xuMcgaBL5gAzf6TxUdJEDZnxc8BxG,1,Di8fUtjGJENCKRBFgbdiixdFfAPYrS6fXep9Nv83G5Ra,0,15000,,,,,,,,,,,,,,,,,,,,,,
BMvJ87LCrxbSujvophfLkUwGpUSgtTEweCDZXmw1GuY6,0,4NzChVMSK7StJoYMs3pPFTyBWGvGkmx24o59k2TtuiPN,1,1024,15134.565,11,332,148,16,0.8072,10,733,387,16,0.7708,44,1014,628,16,0.7298,94,1014,628,16,0.7298,94
BP38kC8w1bpc2g3vQ4N7TP9hkqBZ8T4P9roMiDAUaLbE,1,2upfT8LhMQpWZqccpGkJLBP1f1PDRYcmW9GtC2xGXJu1,1,67,4946.311,139,5,5,1,0.0,5,11,11,1,0.0,10,14,14,1,0.0,13,17,17,1,0.0,16
BNojPfwrPSPGupZU9uAxE6wHNcc2ajvbuKBt59YFpump,0,4nn3FLjFF3NCTJWPZGNbBhorYppGXsfpdxGFuLZkW6rN,0,15000,,,,,,,,,,,,,,,,,,,,,,
BQ77Ebs3Seef7D9KKKrYMwuhDasLS3wVXtPAZXBNJJ3S,1,rttCW6kX6Qn9T23r1CoxyTMZzPk6RXwRP6TX6Ktuov9,0,15000,,,,,,,,,,,,,,,,,,,,,,
BPqfM53Q5WVsKtoyAeDNeexiL6iEHj6Qnu7RHpY5JkAw,0,2dZf3wUiGVPsHpBW4s7jeYbfvN85seD85p2WYUxHdXeg,1,3002,21050.444,0,649,169,203,0.792,11,2189,1381,203,0.4331,61,2872,2036,203,0.3555,205,2942,2105,203,0.347,256
BRAJdY4PR7QFSZbkAhxhjmHmxBPcpTyeZmKzUQLrhXDu,1,zStpNNsQF4tmg1wRWwthNfCLL5d8aTXmAYQtr4mNKnJ,1,1157,9296.414,0,24,21,3,0.9583,4,1125,623,114,0.7813,36,1130,628,114,0.7788,41,1135,633,114,0.7753,46
BQXDKEC5QgiAG7swzV6o2dtds9RJj8ur7A4URXTJVEaX,0,5fykpPwv4fkxWCkdRieMCEbdFFUGbFESmL5AkxVBdun5,1,6337,23595.665,1,503,182,114,0.5865,11,3194,1868,114,0.454,61,5770,3641,114,0.4303,201,5813,3684,114,0.4277,239
BSFjg8wpS8ZNvn4us4jwARw6XhxnGqE7z2EwDohR1Thh,1,3m7oTxgZnsKMQrYQwgEEf1detZk6gcEthJKrqtYf6wxu,1,8294,6769.049,0,5045,715,62,0.955,11,5927,1529,62,0.949,60,6941,2354,62,0.8597,172,7936,3149,62,0.8741,246
BRS9MYL2j5iFUD71GQXcbYvzaCGN26zjiaX79j1gWQyo,0,95CGErfWaxBhcDdezNqY9ys8q8vznATAgHQCt5go6N98,1,5677,10256.569,26,324,109,40,0.2099,11,2375,467,66,0.6442,28,2525,514,66,0.6622,38,2533,522,66,0.6601,45
BT4RWjWWdcUUKhWnTecrncg9tRsvjgU436aLtgibxZsD,1,98uCEe5c2EKwW1JZA4ZDaY2vgoH17h1pyQPgD9oRw9YD,1,217,14330.131,116,110,97,3,0.2818,10,169,154,3,0.2959,32,173,158,3,0.3006,35,181,166,3,0.2873,43
BSEJXiDT12GhrkUXS5fHfLV9wtcpEhAwYUfa9gPsiG22,0,5SGGSyHsa2t8JWo8ut4bCTaXjfxoG8ti7c3ZcoTScsnh,1,62,17945.619,96,2,2,1,0.0,2,47,41,5,0.5106,11,51,44,5,0.5294,13,51,44,5,0.5294,13
BU54DCPKZMcP5t1Seo28CccpRDJ378kx3j94QrisJBJH,1,ECj9PzCYmRZhoU7CUeiKNwiDrqLNC6pv5tojz6QXMCUy,1,6584,7824.753,0,6239,1231,45,0.988,11,6473,1315,45,0.9879,17,6480,1320,45,0.9872,22,6513,1342,45,0.9862,30
BT5aUvJft5XcBZ1s8ZPrC6MBk56Rg9EZTit35o9yzXo6,0,CK44RSvFMxMX4VG9k1W4KwppQhWJh71dHMPrFkrqLYsv,1,2242,5844.557,0,309,60,25,0.0,3,318,67,25,0.0189,5,877,610,25,0.0103,207,2230,1379,89,0.1157,556
BUmUubbFGAVVNNWsegb9WU5sNP1XFzTva9Q3khmjn9cs,1,43cmUDzcJkM3qs9PezBZz8kqHpkkvco26nvGRPknERod,1,3367,10638.951,2,1545,461,65,0.6693,11,2364,1203,65,0.5169,61,3226,2015,65,0.4675,206,3267,2056,65,0.4628,244
BTv8PTWJJkn6pqvyjBAF3GMSXoXJVqc3EiFyagVBqnpw,0,5hvGgNb4xeshcAoDJXV28cfugaTRQCPWKbQodp6natmA,1,10038,4232.783,2,44,32,6,0.9773,4,44,32,6,0.9773,4,44,32,6,0.9773,4,10005,2868,118,0.7402,141
BVq3HWHfoNXykMmdpxspYrnx3wL6tFPUbsLagGqgk9aZ,1,2jE6vDAgqgJF3PQe5G6afmEjGMegMgUGgKXjKWHCeDC2,1,4328,17602.515,776,1,1,1,0.0,1,84,41,9,0.8452,9,592,533,9,0.3818,126,1607,1512,9,0.3578,354
BUhS5coXEt9hcxN3JSpGYUWSKbNo96RsKu52LcMo12rf,0,GPQSTcZnmKY4SRRbon8y9itz1oHpCRstnmeU7UWot5Rr,0,15000,,,,,,,,,,,,,,,,,,,,,,
BWjZkjCQ9AMa7ALVBUev9UpPs9qGDg38U8FatNtABkhJ,1,dSfiiButiByBLaQ5cpKt3NQBnn7pRxBX5de3b55C25J,0,15000,,,,,,,,,,,,,,,,,,,,,,
BVoFXcjNSQ8fHGNc2aeS52rLXwag52PHK2aQJsrkpump,0,BqNY1BHA2AQj9x8BVUXb1hNu4yUNzwmi8865NWRrcFSB,1,123,13651.931,171,20,17,2,0.45,7,51,46,2,0.3922,24,115,108,2,0.3565,59,115,108,2,0.3565,59
BXgH6APKUECKKHKuwPjziqBtKxYUfXaKfGo46c1HkMck,1,72b9MiSpmB7vEev8pwPfWnWubbjJDQh3g2EBXk8xAETc,1,892,20694.755,110,2,2,1,0.0,2,2,2,1,0.0,2,14,14,1,0.0,11,104,100,3,0.0,50
BWUNdqDYWZz6sWrDRkxaupa4Dv4kBgi4DENT3i4spump,0,9ZwGE8RYbg7yjgjRGBx57JKVD6iUFuJ93rsv9aCrJ1Rx,1,10,14269.03,268,2,2,1,0.0,2,2,2,1,0.0,2,3,3,1,0.0,3,4,4,1,0.0,4
BYm4snBxv6Pu2ibNjy4MuoUCP8Vcpz7Wps1eguKKNUxm,1,4EifWnXG9tCJzWGQK6PtFDXU7UpvEZgZ2zfAdx3WjHwN,1,1087,7464.545,1,291,154,16,1.0,7,930,536,21,0.6473,45,1069,669,21,0.58,162,1075,675,21,0.5777,168
BWsFYRBG6AFFcyJSGLY4FyozU4Z783mRoTWzwFXYZiYT,0,zJc3qAoAe35XYVas5xSQtxjsp78M9REyMPDSEMurT4N,0,15000,,,,,,,,,,,,,,,,,,,,,,
BZosmsyzRXjgw7xRxMGMbfxUNW4ASof1S8miNLfQ4Tsd,1,HBAR5iVh41TuuPKgj1FZ19iGPgDcJNBpmDidnwHedLhM,0,15000,,,,,,,,,,,,,,,,,,,,,,
BXg1LkAHk9rWWbF2tquDsZrVJSWDPK69M7HjfDgkGXSL,0,FYQBstk6rLkvQQ6gK8zXHb163nYUcPoGJ5muHspAFbvw,1,9771,18745.801,0,1224,118,85,1.0,11,5766,2350,85,0.4424,58,8153,4194,85,0.3526,316,9396,5176,85,0.3202,707
BavA286QwduuZccfdMUKmUKPXoK2i96MRye8qmKhfUWw,1,AP8tUvUVV3j7prcVyQJU6GZYvN4F9YmCeJwN19K1vyH7,1,13,15006.039,431,3,3,1,0.0,3,7,7,1,0.0,6,7,7,1,0.0,6,7,7,1,0.0,6
BYZZEqRzXBi6kUa3b6jPxb49AaxXRkXzbCEiXWUCUh2B,0,HEXL8twXEK4v7NkNoaddM6hRC4CEa5bbCSrv98zj9Umc,0,15000,,,,,,,,,,,,,,,,,,,,,,
BbpV6BRwg34UGKKUB4kTmgMh49GSfF2N7aaod5DVvrLU,1,8XTTJpM5H85QV9mG2uJiQcdsuKC4BdjM9zaykDpKuSgf,1,411,4187.391,31,66,57,4,0.4697,9,195,175,4,0.3538,42,378,351,4,0.3042,110,410,383,4,0.2805,138
BZnTtP85NeCePLoCgC9Rd9pr9fKBjinztWxtdTU6sWRd,0,8BeVofjGe2GUV6hJhVT18iR9aB4ANNJ6q9E2rS8huFgg,0,15000,,,,,,,,,,,,,,,,,,,,,,
BdHHGtGkHaJiAmpyTr9rDc9snZ8Fom7f66iCWsy8VrJP,1,FLRwnq3PWqLy75Bn74SPugP4hTsNDAFgxNUqU7G1NLw8,1,9944,1511.55,0,5380,1194,24,1.0,11,9569,3258,42,0.9574,42,9732,3388,42,0.951,102,9893,3517,42,0.9411,154
Bbaj9k5S1Us2RepTMrejjaPYDtLdmqGNZT11puQCpump,0,BXJrZC59p2MM1JCVCvoEwYz7HvBwL2YFD8d2saM8c92u,1,1876,17002.527,29,62,50,6,0.5806,10,134,109,6,0.6119,29,990,713,13,0.7313,168,1845,1336,13,0.7079,390
Be3FFbe4z1DHuibtiLQJnfr4yNY8Gnvekw75GHupd9Uy,1,BLWdtohTgMhuXmx1Vd4P3Mi4AC5WK6PicRNWE8CQVeqm,1,5925,16670.876,2,256,107,42,0.625,10,435,257,42,0.4138,45,1448,1118,42,0.2376,217,1527,1192,42,0.2266,277
Bd9kFeRE2rX9ZoAb2iq69bTa6mc5bc9qGLNeKVuGU6xy,0,FsvYQK9tSsvQ6EZoJYhqo2hxP9KfFJpsm3KNGPUz7vgs,1,3788,1292.388,2,3259,558,46,0.9997,7,3768,631,86,0.9809,15,3772,635,86,0.9799,18,3778,641,86,0.9783,22
BetjFbv4FFzit9b4HajbGpUKvKJcWuVkhWLAJyccS5xU,1,9xgsSp76uZn3nuHX5WgvrRqE2ZZJiTgziUy2kce82b2u,1,1393,10625.984,0,112,94,3,1.0,3,1363,272,133,0.9142,17,1364,273,133,0.9135,18,1366,275,133,0.9122,20
BdkzEoYo7BTodFkgxcRirRgyKWSmozPotD2GFYMLFrhE,0,CTrmz3J3L7BMAWGiXfvZ47WfogVtihC7uH3k3YK3jAzY,1,110,16790.641,53,5,5,1,0.0,5,59,53,2,0.0678,24,103,91,3,0.0485,43,103,91,3,0.0485,43
Bfm4AMT89nJ6ZtU47qBwUoEq5EjUji5iAm1G89gtKtWn,1,G4YCeoNd4w5mABnvZP9CZ51piJQZ68YSCbGhrzU3RfZb,1,6,17684.061,11,3,3,1,0.0,3,3,3,1,0.0,3,3,3,1,0.0,3,3,3,1,0.0,3
BeGY8KqKxboEwRbJd1q9H2K829jS4Rc5dEyNMYXCbV5p,0,4hXf9v3nkfFJhdd8F8C8Udde2T1QEQte9hvH3gHyRPSR,1,4513,15384.173,950,1,1,1,0.0,1,4,4,1,0.25,4,36,25,8,0.5833,12,130,90,8,0.6615,39
Bh49KYRUjZnGkvwZk1TsMAzu5KTVc5Rt8gBrRjgp3rXy,1,BmvWHPdULngKLeT7xZPR9NKcakN5JwGFXkJmz1KtXz2v,1,13,14438.747,976,1,1,1,0.0,1,6,6,1,0.0,6,7,7,1,0.0,7,7,7,1,0.0,7
BfHkvKMEYjwPXnL36uiM8RnAoMFy8aqNyTJXYU3ZnZtz,0,AagQqWiMZzZycLamBx1jPF5MSCmaeMFLBTa8mtwHUQn6,1,11538,6277.853,405,3,3,1,0.3333,2,125,114,4,0.76,28,1063,899,7,0.8269,177,4065,3509,10,0.8418,691
BiA2KmgVs7RLJi8413sC3w46PUZtTWVY6tZysqrojBsU,1,JCfYfquikCEMirexhagWX41nQt5ZQPW9otysAKh1XKZS,1,170,3498.215,51,35,29,5,0.1429,8,58,49,5,0.0862,17,82,71,5,0.122,29,169,154,5,0.0947,89
BfxuNhQGxECz6dDnWtRtD1HfnVsYcS3RDw52SFoMokuQ,0,9bdQpyeKXZKLhpRgii8XE2LzJZ5n4rTLAiaX7HeBpE1e,1,62,15808.009,522,35,12,6,0.8286,2,49,26,6,0.6531,9,49,26,6,0.6531,9,49,26,6,0.6531,9
BjGQvjrF1VYuaXWRyBmZ2yWg5JG8JDAJMfBBbJVoo9Nf,1,Ec7HnEhyFZwDiGMDg4yPtN314LMWBNTjwPFxN68yXVA7,0,15000,,,,,,,,,,,,,,,,,,,,,,
BgqjQdnnjRtcELAgkYpfKAxWRqSReWercDdRTH6uLoer,0,3BYdTzJAdS1BkXakmYC6Dm2bi5BHXxTu6ERAUmkr2E59,0,15000,,,,,,,,,,,,,,,,,,,,,,
BkGRRtuk8nCe8FAdyD3YAQeGoCBbXTuMuj1gYeRGoZAW,1,6mKXnpnUGdTYBpEavDpu71Qe2vKqTEh2Z2nefX59qb5t,0,15000,,,,,,,,,,,,,,,,,,,,,,
Bi11gRGC5vLuDSUr4wPDGAKNRcBxP2EvGBRPjLQxHUXk,0,2nJE6FbAvZcwNZiaupBbUQE49uP7vPK4acXgghwqahxc,0,15000,,,,,,,,,,,,,,,,,,,,,,
Bm9U8ZPBc1JLYfEzoZzPWKkcvZJohuyTkXXcs2LMJqZz,1,CbssGNGK6EZe9VfzzwDaBWgGQ2yFqGLYCZ7maA4AJejd,1,412,16628.584,150,33,33,1,0.3939,8,92,92,1,0.3696,38,120,120,1,0.325,57,127,127,1,0.3071,64
BjAmkT3nMxDebVQbz48NBbtbeZNd92RjT3V1SFGzpump,0,8dV1JSRPxTWzdZFNEKJbKxTqFqfP6nsomdg2rdX2Xd9N,1,123,15263.744,250,40,22,5,0.625,4,116,80,5,0.5862,16,116,80,5,0.5862,16,116,80,5,0.5862,16
Bn7M1LFkdvePFniXxuwaNaK4yuftGxK4wvXrjrdwscs8,1,EirBNm1EHcDhSPgsRY3PzBPqwRMyCyPP54VbcCTHn96d,1,1013,7742.905,0,864,132,35,0.6134,8,998,193,35,0.5451,18,998,193,35,0.5451,18,1000,195,35,0.544,20
BjrDE6XUG7mYbZXMvypDtrx8AeWuFCofZDHN3Qd6G43c,0,9omaShSyH3CDzHUfBXvQEFFoxj39bHZRgWD4U64GdSFW,1,5233,7058.57,1583,1,1,1,0.0,1,13,11,3,0.6923,4,185,165,3,0.6486,67,2221,1868,6,0.7857,405
BnwT5mjLdwxWxq9vL33cT1FtjLJN4Y9QcTU8h9vDkA1J,1,9g6cYfaqjxa1VCuimHkru3vGbVnqsbnnye77teQeMf2m,1,2136,13287.711,1,1451,249,62,0.907,9,1554,283,62,0.8996,25,1603,306,62,0.8977,35,1689,387,62,0.9005,101
Bm7YmswVseLW8RSiMiXAY9HASu9atjrpWBvB6cn3pump,0,4pV1bd344XnDwgCmvbKMmr6XVXmSu3vvrzHJbydw82pR,1,890,16561.967,23,56,42,5,0.6607,9,615,293,30,0.8813,50,881,373,30,0.9171,57,881,373,30,0.9171,57
Bocm5HgDbEpwLCXfXi931WHs9WndvzFsk6cdU2fhiJFq,1,41qsmcye15tQGZ1gCM4S5DZxh5fwdKqaTpNDvTKWbdjB,1,231,16642.847,118,51,51,1,0.0392,10,160,160,1,0.1875,48,199,199,1,0.1709,81,206,206,1,0.1699,88
BnN2evaaQR7Qo7Vp7PvRGqLFh8eXKTVbQXpSR4cR4tKS,0,GrGSfpkHNZS2mPQyLs5hdSYtKqGAGj1hYjGSi3998R64,1,154,15189.602,177,5,5,1,0.0,4,98,71,4,0.7449,17,146,107,4,0.6918,27,146,107,4,0.6918,27
Bpa4vovAPdaxvCYCB6yaDzsYG66wE7iXf3rdKtizvmrG,1,BJ4E6bxUw41gbbjQkhWH6vHuECKTYCPRbsmCDLsLkg3t,1,1203,2056.975,1,287,71,11,1.0,2,287,71,11,1.0,2,1164,311,52,0.9046,44,1174,321,52,0.9037,51
BoTqar9bsJjd1aroqYvAimxW5ADy59VgfBpCFQ47TRet,0,Cu13k2KK7wA3fk2wm58vhJrcv63x1vMRrj96tBTPa91F,0,15000,,,,,,,,,,,,,,,,,,,,,,
BqUHy9jJL7ASkDjDwMotYDYcdUUgs1iU32mKwXTBbJof,1,G1qSeiSgrCsX5p4uzVSeKCmq9qy4pud1p12qQ4wHPp3Z,1,7863,4381.689,0,7708,904,160,0.9467,11,7754,944,160,0.9445,24,7810,971,160,0.9444,27,7836,990,160,0.944,35
Bp2KgefjvRDhvuLGjXHsSFxmqkJEXk3ZAa1FQ4rWpump,0,9PWHfRrLCou9NjTexm4KpXiUMHxoa2FWRgDEwDruyy1T,1,23,13961.746,167,11,9,2,0.4545,5,18,16,2,0.3333,10,18,16,2,0.3333,10,18,16,2,0.3333,10
BrUdB3D1TjdB8Zjh9CqtQmwFYaquQPnWkBctj6RBjV5c,1,7RKtLzYaERwjoRqe5zDCTTffE9EJ4DtJqq6bbt1Z7r16,0,15000,,,,,,,,,,,,,,,,,,,,,,
BpsJie825CaHkAVNwFCN1rvfFPEfKpQ7eFfCoXD5cFK5,0,47Zm2H3cqAvY6Kb3X1NYtv2ShMbNYztpr5CBFjCne1u5,0,15000,,,,,,,,,,,,,,,,,,,,,,
BsSNF2523WYyGeSk94YUbdj9qj6yejb1YNdBdpeLkVho,1,r5BVhrb7LNem78GRfhjuu1AGLcjX3pCwZyLat173QRy,1,4096,10033.474,1,114,63,15,0.2018,9,758,457,15,0.0383,59,3748,2635,15,0.0128,359,4082,2939,15,0.0159,416
BqZk8iuTQiAsKPtc6wQeyMCaPSrc6pMgWmDcmNBLpump,0,7RqSe22hcTXB8yEyJjNq2c1AgDktonfoVrbsFHTvxGEG,1,490,16842.234,76,102,69,4,0.7941,10,148,102,4,0.75,17,485,344,8,0.7629,40,485,344,8,0.7629,40
BtJgzfho2ua9MwdqqFSUaExPQx3CBsJA8Gmd792Ppump,1,CdkEWWXSgyPXGXJ8VsfmqdXC5yc5KEYvn9KBmtyL4gAL,1,14368,17693.666,2,1775,784,29,0.3059,11,4056,2266,29,0.2808,61,4795,2721,29,0.3393,175,4946,2864,29,0.3322,253
BriXYhFVy3aXLiuVUfeG6ZMwHvifJLtxSuS5zgozDnAJ,0,4TdWr7w86FXta6jGmFEe7N5ZUWhgHzniZUnq48iu3rvL,0,15000,,,,,,,,,,,,,,,,,,,,,,
BubkbYcmQJhT53Wzp87o2vWwVJHaefpLhoJwEFS2rCq,1,9HQxytvaCZMtyDJRhUgXyDkZMbBSbt6K2WvHwgHNdTQf,0,15000,,,,,,,,,,,,,,,,,,,,,,
BtScH52vDgKqcFizTpGoW5jfLU1YGP6bW8Z5NUePrFze,0,JBPmFQmmnFnVVkPz5DiBdUkay9gYh73Cp6kXxShF9GLs,0,15000,,,,,,,,,,,,,,,,,,,,,,
BvRtbKpk3jdTVARZQKuitHLcq3HMQKH8APCRnvryHVN,1,AsdAX7YvUSdMm9VJP41Y288QBTZzdiMmm9bavsFg31TE,1,7736,24414.431,1,98,78,5,0.1122,8,873,681,5,0.016,58,5204,4172,5,0.0058,359,7599,6146,5,0.0051,560
BuuzcbEf5gqqMEMGEBGBDfXf9FSTTvy2Nzv13ngExBfS,0,3ePmsYfHrFhzTdeGfFfEZrHdJnbugjy6LEBDxUVorF7X,1,466,16339.02,19,37,29,4,0.7027,9,242,151,12,0.7107,39,459,331,12,0.7081,82,459,331,12,0.7081,82
BwRU49p5FWwXvFqUXjbQqbnKvgpymxQKTJE2tQQCgLzJ,1,4z2miJAhhTQTUSficTixpBA8ZZLKXxrjqHPns3BUTBuZ,1,134,30943.893,233,2,2,1,0.0,2,2,2,1,0.0,2,2,2,1,0.0,2,2,2,1,0.0,2
BvqHcuGMDDuyTfrMLGef9E7UhfEbmBkhxEVnnADwuGJP,0,3GFD8QPBASEh4rHM4fPYRtdbMpcbVPk2Bi4Nddn5txe4,1,1864,17304.316,218,6,6,1,0.1667,5,17,16,2,0.1765,13,217,175,4,0.7327,60,446,387,4,0.7511,148
BxJVZ2LX4xxm3BT5M7jHm3YLjwaAYhsiKjRrrZQV9eDk,1,95tW8iv8KkwSnptte4VRsf66dHYDH1HH7ZaLLpwaMWDL,1,325,20222.617,96,157,139,2,0.4713,10,171,153,2,0.4678,17,188,170,2,0.4415,32,245,227,2,0.3429,84
BwM8Ahp2T29bCmE4LHHFDmnPooijaoXJhFsM5mqzpump,0,5MiTwcaP52zfW4RA8WHR1Wzmn2Q8pXDqmLEgQbiCS1gt,0,15000,,,,,,,,,,,,,,,,,,,,,,
By2KcxuXiaqkxNrMQkMEPSfPiYhx6YCuunYPZ85rs3oB,1,J69kUZa9mN8CoggVirnVdHrpdoQGMZABtaEA91zhodWH,1,2852,1640.452,0,336,162,20,0.375,11,2814,1326,20,0.409,61,2839,1341,20,0.4097,64,2841,1343,20,0.4094,65
BxJ1rwhiiLfWQ9DFfsu8DVUHLkfkW3VH1hnJQP1xDcpq,0,7TSRhddNgr7ragguz9JwZU74iMtms9Aeg8qfp6YcpsHj,1,321,14696.262,31,34,20,6,0.6471,4,267,194,6,0.5318,44,300,224,6,0.4933,63,305,229,6,0.4852,68
BzaneYJWFAgkjxPbEpRW7n1VvfTDusQ8YTQN9XNrBdEY,1,F5oR155yBDRgBu2PD3MUMURLiNmkAv5C1Mm4piuf5qso,1,23,16773.851,125,2,2,1,0.0,2,7,7,1,0.2857,6,7,7,1,0.2857,6,9,9,1,0.2222,7
Bybit2vBJGhPF52GBdNaQfUJ6ZpThSgHBobjWZpLPb4B,0,GY7QrYKkNSyBLT2RXSmewyxtijDS1nTp5cp33ekD2cYu,1,6526,13527.631,383,3,3,1,0.0,3,7,7,1,0.1429,6,145,139,3,0.2759,87,1016,833,8,0.497,423
C1fscqagUd86PFhzNKPeod978Xkde8ayktr4AzWXK7zZ,1,3fczvo2kmpBXP4XU5jSPGLF1C5L7q9HXDASXAYxDgq1q,1,815,25049.298,1,57,14,34,0.8246,4,64,21,34,0.7344,10,64,21,34,0.7344,10,67,23,34,0.7463,11
Bz7Nx1F3Mti1BVS7ZAVDLSKGEaejufxvX2DPdjpf8PqT,0,3ncUKQ2G6aX5GcfzMc8t6EUfpGwsvgGVGQkfYvGBHhak,1,288,17056.248,206,3,3,1,0.0,3,3,3,1,0.0,3,264,145,8,0.8977,29,264,145,8,0.8977,29
C2mMrapGNKxbeYRkvoSu6njg7QzdqWkRSBh7K3Ktpump,1,2aXDX4o5Mxj58NfQBezsFtPhPod63p7ZhSWHh1aqouQT,1,194,16611.854,167,60,33,7,0.75,7,189,131,7,0.6138,27,189,131,7,0.6138,27,189,131,7,0.6138,27
BzvMviYWyXRFWy469qhK649X7b5ZmtNzgDpxbmwmjkxw,0,DySGDczEgherCsDv5g4RBvJeTCDAx38sd1ggTCKBzLCr,0,15000,,,,,,,,,,,,,,,,,,,,,,
C46jBmVTMhTRDcHDNj42G5ZqSr7dYkBUff6dXukPr3qN,1,Gve5zomByMF5tYeYVWsV36d671VG5SXSomNYdccqdpFv,0,15000,,,,,,,,,,,,,,,,,,,,,,
C1zbYRGs2kXKxuFxf1Nb4VrXy2x6e1bYpVUxLDBgiwgk,0,Gms6XGFFaHbpcqCrtxZHAEF7c2hAhCKufZNgqVr3DcLo,1,225,3101.394,51,13,11,3,0.3846,7,40,37,3,0.45,17,118,99,5,0.6186,35,178,151,5,0.6292,56
C5ZsgmuDcV7oiudyyHAp7D5h2o59PwfQNZ4e56FZpump,1,AjizDPXSFp8nEifyUSjBbu3LzniRszapFJw2ma8Ub3bt,1,90,3578.032,5,51,45,3,0.3922,9,75,68,3,0.3067,26,81,74,3,0.284,32,85,78,3,0.2706,35
C2x2aT7VVEE4BUrxWfK2xjLtdSk5g1xRL9PHw7qxpump,0,7GEa76sbF2P4SmsbuFPCokf9nLTZz5ugh7hnXWHwDyjG,1,69,14974.62,9,5,5,1,0.4,3,57,18,19,0.8772,5,60,21,19,0.8333,7,60,21,19,0.8333,7
C6Z4NYaurv5emsxAzdJd7Z9qVgwDHR8QXK9trz6eMkkS,1,F3zxxJ1yBfba3HLDFucehuqKZ36BDXv2hwqmxfSQUrYK,1,126,17125.716,80,81,75,4,0.3951,10,95,88,4,0.3684,18,107,99,4,0.3738,23,109,101,4,0.367,25
C48bYff1Py1hqBRqhLBbx515GzeVhywBAxH2JvxUwRkR,0,DE5PtJEE9fkPwrU73zh1ruef1XNr7KTpYf5R1CW4HqJF,1,5961,8857.786,0,4174,814,87,0.9777,11,5014,1354,87,0.9801,20,5064,1384,87,0.9781,32,5474,1654,87,0.9662,59
C7dagMX4ei96gPksZjcA5FF6T3vczKFeygWRLidnaNSi,1,2FdK6tk5DMQhJou1dkJuALFUmTkUdfmudBxRZX6fGrc9,1,4681,21896.524,1,27,14,5,0.4444,5,51,34,5,0.2941,14,60,43,5,0.25,21,74,57,5,0.2027,34
C52svWnbfGwG9579FUeGY3VcFL7EzX38UFvY8n6xpump,0,5gFmRbGAPr5Yjc3wmTc3hk2MJ7tgLPLJHat8irpSxgVH,1,1273,14371.269,142,83,33,10,0.8916,8,170,115,10,0.9471,40,717,653,10,0.9874,251,888,823,10,0.9899,389
C8ayLsQibQhrtAS2GtH77BDaKjwWCyWoz9TMHJgX4Uwq,1,4m123xhYkoseabedw6ixpFyoZSwQc7GN79GffbmmZcDv,1,11,16337.021,14,4,4,1,0.0,4,7,7,1,0.0,7,10,10,1,0.0,10,10,10,1,0.0,10
C5xtJBKm24WTt3JiXrvguv7vHCe7CknDB7PNabp4eYX6,0,GkfWbTTtEjbHZjq6c7RhGNhGnnpRLpcDu2NSJetbetp9,0,15000,,,,,,,,,,,,,,,,,,,,,,
C9StUejLQFoa1fBERCBN1ZUdpw2ZueAZnW5YonUEKzrj,1,Dr95SZ2wMbZSbb9C9s4cLcAepThwQ8e5kNBN9i2JRPjC,1,8077,8834.825,0,5249,1119,38,1.0,11,7466,2158,38,0.9815,42,7887,2430,38,0.9707,93,8053,2499,38,0.9579,109
C7K4Tot6fnnNwhWpqw9H277QPcP56vHAEeXubRHDyCo9,0,9vCtCuNhiAwAt2o9KJL66iYPx9pGgBXeNACUa1peqJpJ,1,1998,7203.669,1280,1,1,1,0.0,1,11,11,1,0.3636,6,106,91,7,0.6887,34,981,817,8,0.7768,246
CARP9NBf72xkzuWBdFLyeDvdYwFSZDvdPrD31GkpNEgo,1,4pf9HBVEK26Vi3iHJG2w2KyX3aiCn5TURQdycEJJdD3r,1,11726,7541.266,0,11246,1039,252,0.9755,11,11674,1151,252,0.971,34,11689,1158,252,0.9707,39,11697,1163,252,0.9704,42
C8NrZ67Eawk5PAcnnJi7XtPEcGmesZhcNinv3jcE3M4g,0,6936FDgKXHtpg2nemsmVtLDAGMXndb5ZF38q8krusGAa,0,1000,,,,,,,,,,,,,,,,,,,,,,
CB32qD7rTpzb5Z6Sa6eKjqLF1TD51ZWNj6FvmwTnfJem,1,HhX3mEgrTrHkq9gh96RJidoNwWHYDeErRCYGpY1z9Ba3,1,90,7918.994,1,29,18,5,0.4828,5,47,35,5,0.4894,13,78,65,5,0.5,36,80,67,5,0.4875,38
C8w46V4sR4yph3JajsdV75wwpsAoxncrPUfkiJCtTUjM,0,2PhJFvDrLVDQRfzPqoPwmxRJKqdo5gG2QtfwPoMd9B1C,1,113,13840.062,33,48,40,4,0.3542,11,101,88,4,0.3564,21,101,88,4,0.3564,21,102,89,4,0.3529,22
CC25mdLvBrnnEnaisKGZthUXynPTgdhjXnE53GDxfJ7A,1,GEDVnk7uYMPfMuHMBvQuBAqDbcFHiSLGsA6fTPB3okG4,1,350,14226.162,0,30,29,2,0.0,10,307,287,3,0.1075,51,319,299,3,0.1034,61,327,307,3,0.1009,69
C9uT2bhbw7ZKdbsPwwDBbSGB2o1qyAJFHxS45WDxKw1Q,0,CDxdgtwGEDUMxdp16wBFo8A5edNXUnoNFncbvEaK73Dr,1,5022,10263.918,37,3141,408,116,0.5326,11,4135,699,116,0.6428,39,4592,990,116,0.6217,100,4597,995,116,0.6211,105
CCnoSXW1rbAqEJf1V3E3v6SxSpMxhjjYjEZVWjmf3Acm,1,5xJrgKNiCRtPkEq9Kr8JUN9tSccasw9uGXHR91nMwoua,1,2166,8688.917,1,564,274,31,0.8298,8,604,314,31,0.7831,31,1166,855,31,0.4271,260,2098,1784,31,0.2421,613
CAvkAD9yAqfBiXqyrX186qnA6sFvchfCUGaxYF3Hoxbp,0,6vw5nujwnaE2DZauznYvFtgsKzg1wRDbvUxpx8csmWWE,0,15000,,,,,,,,,,,,,,,,,,,,,,
CDwUQRuLsVVEAo5PfCsxXvhqR86FCcRHrNJMwmWZHfvg,1,AuPgeotm5xNrJCHZsqMnkmkTUDS9Fwbuggz1FgQwaqk3,0,15000,,,,,,,,,,,,,,,,,,,,,,
CBxbrWxRvASd3NKk31ofWsEixKg96CTSwpha4mLtRBF2,0,496SXPFaDyPZjovyJdSwVuaQFPB4FxhLjU7rqbiHDVpf,1,10,17389.899,116,3,3,1,0.0,3,3,3,1,0.0,3,3,3,1,0.0,3,3,3,1,0.0,3
CF1JquiHSrzRmTVdyX2hKTWm9TgxvH7RBTuyiC8jYrLf,1,Ds86vwRR8hcEJLLu3812Cfc56ygX2ZqC9hUDYeMTNe9R,1,3946,28187.499,2,57,45,4,0.4386,9,318,294,4,0.4119,58,2038,1908,4,0.3395,337,3811,3645,4,0.445,843
CDA3CFpoJgyu8Zg4UV94G8nXeveGTHaSyquaK34fpump,0,ETVthpdxeKVRGj4ACDYagigX5cywWsDWFCJxWyszXo2e,1,1081,13785.226,116,25,19,3,0.76,5,76,51,9,0.7632,14,411,280,13,0.7299,81,1062,668,15,0.7533,223
CFtavaLVzux1CQSYbX1SdcuCEQdnkmJQu7sdXoi5aUSp,1,7fQhGx1sXYDzXWwuQ7Yy65t2FmvzDARPMSVqcxVJcbn2,0,15000,,,,,,,,,,,,,,,,,,,,,,
CDyo2XH9tnXyEaLs13mZu6aG2an3NDrxmQdv1xYGLVtN,0,F7AftwBvqxKC15dAjMAAwr4su8WiG4U65hfsMoNxnn5h,0,15000,,,,,,,,,,,,,,,,,,,,,,
CGt6sgLSjuDNSn8SFBLsThi8ikUB1UUMnRQ2rSFvpump,1,EfNcnVNc6UYZvKL6cSaS7aQfb652gaZ5SYzZR7gLK2ni,0,15000,,,,,,,,,,,,,,,,,,,,,,
CEaMvzDPESe3DHMKw7y5kuehqytZzL6qNMCZybyBpump,0,FeifxF6pYUK3DjztWM71ce93hzhEs1NaBtp9BMNvFSpV,1,5,12848.546,12,3,3,1,0.0,2,3,3,1,0.0,2,3,3,1,0.0,2,3,3,1,0.0,2
CHVyqqKzX2QhHdub5zSMWwhgiSNM2NXdjvq9vF5pSwSo,1,6SpMCJshmCjUmdQxUMbELxSYkfGVp6TXg84v5oUMjHLz,0,15000,,,,,,,,,,,,,,,,,,,,,,
CFCidcK2cKmDfpVDJzVqKMRA485JRnvcQ1kfPiKwK33g,0,6wfhiSXtTtbKyQUCun81N7Cf49FaeWAdjSJyshfb8z2m,1,67,18227.556,59315,1,1,1,0.0,1,1,1,1,0.0,1,1,1,1,0.0,1,4,4,1,0.0,3
CJLNaifHfGyvRd5SpicgDmMHPqgav9MyxPHv4Ykyb5f7,1,EAPwUFsST3qnHetB8yb6dNaCWiUD7tnB2BTXvG4QubRR,1,7,10019.126,740,1,1,1,0.0,1,3,3,1,0.0,3,3,3,1,0.0,3,5,5,1,0.0,5
CGGp32gHgnayrxS6HVjfSvv9K5HQtYbpa5qGkvZXNkkD,0,8bVGf5w5YyjcExFXLHUu3Dc53yEszPoZBuQYtoK17gyk,0,15000,,,,,,,,,,,,,,,,,,,,,,
CKFuWoyrK8AExJHwqEkQq9tbgapoFgpeWf8PNPNZHyoq,1,EYMjfW56ssuaYSapmYhwHjQwhFm53UxYKpEpJorfxbpW,0,15000,,,,,,,,,,,,,,,,,,,,,,
CHDV5MEVk9HBARHKdkratwFv1wgF3XuRBGNvoYaVpump,0,Ba2XKLYCVgBjNxwm6Ad3PDvCxZsAF539p6Du2BXkNfYa,1,3406,16274.422,2,1538,594,151,0.3973,11,2903,1656,151,0.2811,61,3262,1994,151,0.267,166,3314,2046,151,0.2655,209
CLZPzPDy7Hwrne3gjzm63mNu8PvRPBRq8WRdNctJoPN2,1,7L44fXjBA3e1yxz9gCi8ZKboKtw74GWjLttk4aFT93vd,1,8547,16296.485,4,227,171,6,0.4449,11,2060,1581,6,0.3772,61,5191,4335,6,0.278,352,7931,6995,6,0.2301,1197
CJG9TZKVtfsoNTGPEj6i3vYdxa9WRSRKuymkmHY1BUmW,0,3RoTZTtFRPFQRy1WfmrvvmkSGfBquCgsnvUFCnKaZmPE,1,10,13486.678,44,3,3,1,0.0,2,4,4,1,0.0,3,4,4,1,0.0,3,4,4,1,0.0,3
CMhNtZpkLfrU7oDVx6HrQp6cK3Wn3npjXMegS9tD2FWE,1,EcbGMyuFE7JwcmP5n4pKw8qgPsR7HvUjzoUBunTVSYv2,0,15000,,,,,,,,,,,,,,,,,,,,,,
CKMYq8fN5NyqEhttWr8xj4Q2fyEJv686QANnT7dopump,0,42cf4rH3mF2TZDFoT626Cnfh1qjgWCSPzdBBjJpPu6gN,1,241,13891.688,34,29,20,3,0.7586,4,34,25,3,0.7059,8,34,25,3,0.7059,8,35,26,3,0.6857,9
CNa9LWFdwTiarq9avGjTAHExuMoo97mhqq4PMPxLUfBz,1,B3pYSjssVmaXbJqPM6K57smCATic12zTp5zbU8trPGka,1,2754,6794.421,0,2697,572,20,0.9577,10,2730,593,20,0.9571,14,2738,601,20,0.9543,20,2745,608,20,0.953,25
CL5pEu8RgEm38gFAbtcto8BYXYSyEGiE1E9G78VUpump,0,8Ja6hyVLJufrd1hTodY6oWfymyfsCUxZjJY5fjZfexSu,1,9332,17779.779,3,2139,417,483,0.7452,11,4219,1981,483,0.462,61,6920,4311,483,0.3303,314,7921,5245,483,0.3022,747
CPFpJTqUdKyrwGNQc7bEgVnRVb2Svn1ZQBcFKkZicoSJ,1,CHQqUWgVtErxAArcKHDhQm8n23u4xWKy5QsUXcSzHLgu,1,5293,5848.521,2,5070,780,63,0.9647,11,5094,795,63,0.9607,15,5105,805,63,0.9589,19,5105,805,63,0.9589,19
CLXPjdHA2ikfQVPeQJiy4vomAZseVVMuowUtngRMpump,0,CYkB7e8FmuakPovx5EAx62ef1JahJdu6hnf6zNVuMwfS,0,15000,,,,,,,,,,,,,,,,,,,,,,
CPrC6YGJ1HF37EwheE5Zz1a2jDsF3H4tQw9rLFDpeqEH,1,AUbjN8mXq2EBWAL5Yqix1jiVZbqunEG79aSHwnrmewNL,1,213,18088.956,97,26,23,3,0.6538,7,196,142,5,0.8214,22,196,142,5,0.8214,22,196,142,5,0.8214,22
CMABnJb9pvUQWxCbsYPGVcyFgF5dDREvYDytnctrpump,0,7WYjd5SrqtJmJ1iu7QFnwhyGoj5B9u7RVsMfobLwqAgu,1,47,15671.686,128,41,26,5,0.7317,7,42,27,5,0.7143,8,42,27,5,0.7143,8,42,27,5,0.7143,8
CQo4QmsiuoyzPKPpwSXYfG9yTu3PuTgzGj3t1xDpump,1,7LMXH5NJ3xt3NMNDKKWqy6Smpf6PwvPeyr1p76X8ZZN6,1,733,4248.071,1,483,113,25,0.8944,8,719,184,25,0.911,16,723,188,25,0.9059,19,724,189,25,0.9047,20
CN7t4Xxw2RSzEXpyYaG54fi5gKpdd9NTEw61biUW767y,0,7x61MFBvc8GGmvfai82yJYfQABxKeprmjsrxVGtERLaJ,1,7364,16226.997,1,1864,733,70,0.1153,11,5618,2768,70,0.1023,61,5895,3026,70,0.102,167,5989,3120,70,0.1012,252
CRctBCm958of7CDeGBZCyH3WhCQZmWyapUgSych6djq8,1,DnPkD8aeeZT8NG4CpFLqRhrfi5unZiDZVEkRWFbiMkbr,1,3763,7875.121,0,3658,239,123,0.9743,8,3705,267,123,0.9711,19,3720,279,123,0.9696,25,3732,288,123,0.9676,31
CP6wS4nXkefr6UggvUCp1W72eEpKXhjqXHE5GReWHcxC,0,3KY8NnB2Fcg8DTp1a6qyekjHwqxwrkkzERafckUQwRR4,0,15000,,,,,,,,,,,,,,,,,,,,,,
CSPLytFmMEq2ax53H1gAeeEACTiAQDgoDz8CRHDQFBud,1,94HggvEdybnPv93Jx4xvU9ZnLPBBvDgGMHjcXfo5weEf,0,15000,,,,,,,,,,,,,,,,,,,,,,
CPx6vEEAsk4NTLau19LC2KqdDwvs2DAwnjEYUL6ypump,0,89UYC9LUshjPGRuJH6ZArC2C5qBw1JcFuds7pAgf4XTg,1,1253,13753.918,230,22,15,4,0.5,5,262,209,7,0.6298,47,1245,899,7,0.6956,188,1247,901,7,0.6945,190
CT9fdZzpQBS79KyDUnn4MXf78aYsLiEfTstQ57LzQmnL,1,5ZHbgLdQDkspDeZjC152Yw7n1Mi9LoxT8E4C8nHf5GMZ,1,1242,11944.595,1,756,190,29,0.9378,6,767,200,29,0.9296,13,792,222,29,0.9091,30,811,238,29,0.8952,44
CR14FvRMRNZkay5esHakzpSVLTXPa7i3SESaFZtih4Lk,0,iWDMwC8zERYJLkcGjh97yH5LSDKXSoEXtVfqNytm31a,1,11956,2417.701,0,10715,1033,224,0.9917,11,11888,1352,224,0.9649,38,11913,1373,224,0.9642,47,11918,1377,224,0.9639,51
CUP8CeuDxPg5Rja9PePuPUdDXtcBjege5KF83AJkksuX,1,FcX5vTQeSv7qehZknmaaTvX84p2dDS7UMJWpEEU7mm9y,1,375,13259.168,0,27,4,20,0.963,1,351,50,100,0.9003,14,360,59,100,0.8778,22,363,62,100,0.8705,25
CRYPTi2V87Tu6aLc9gSwXM1wSLc6rjZh3TGC4GDRCecq,0,HaRoDQGzbVUXJZpKftPZPsK9gckLy9XMCM7pwcYNSz6k,1,12,25881.341,285204,1,1,1,0.0,1,1,1,1,0.0,1,1,1,1,0.0,1,1,1,1,0.0,1
CVhmsBLwx6fCpGowTNNnzNKcHyRrdnpBbx8t6a4ciadP,1,DbRr3EWErJbVGFLj3seVjY7PYGaKMgPfeDJAPEUjPxQf,1,8835,16698.232,1,276,36,45,0.8804,8,2280,1724,45,0.125,58,8774,7217,45,0.0368,236,8810,7253,45,0.0376,262
CSSFYjzNYM8GnSwqbEbKpB4dHicaQynHMhza87p5anaN,0,7nH33GsbcjrvP7X4d4XhJk3BC3ZjJ8sD66WShECToKf8,0,15000,,,,,,,,,,,,,,,,,,,,,,
CWVZqSjAibrMUur6KpTWManKKkam6t9BasvYbNtFmbRk,1,CJj9iXqT9JbvH3hRcHdyHp2jPqMf8UeLy512fwkwPW1s,0,15000,,,,,,,,,,,,,,,,,,,,,,
CTYiHf58UGShfHtpkTwx7vjPDA779dd6iVaeD281fEVx,0,6wwuc5fWEGwgFXWgjgZR1W3SpMk7EjF8FHQKVUjACVNY,1,1531,31876.84,11,18,12,5,0.6667,3,32,26,5,0.4375,14,34,28,5,0.4118,16,48,42,5,0.2917,29
CXL7AAheUM8AnSyBvf9b2TtPeqTTALJVqDDdfwNdKZHt,1,6k3huTEYKWpUr1T5wKavLxLnJS4GFuGR3TQf2sGmybxC,0,15000,,,,,,,,,,,,,,,,,,,,,,
CUTdPUYaeW3hDUquvTwpkiT4UqACmt5JXxXJ3oX6pump,0,AA4Fw3ATS6d8mukyVffotjt3MFQw4FdQwN55XLLzLFN8,1,79,17044.148,36,70,50,5,0.7143,11,73,53,5,0.6986,14,73,53,5,0.6986,14,73,53,5,0.6986,14
CYNZoiyXiXRunKYj1UQZT7MBVFceEhQwtQMZvnE52c1Z,1,EKmcYNnL7FacvhECchfyjueu6Q9JNGbGpzrk3zopLTx7,0,15000,,,,,,,,,,,,,,,,,,,,,,
CUzSRjBvqFFq45mg6j9oyQrDxyUTHEKM2xqKzDkZpump,0,5GAvamRAWDKdcgxRm9veLsggDz9cXUy4Xg7gjNo5aoZM,1,79,13636.371,410,7,7,1,0.4286,3,18,17,2,0.1667,11,70,66,3,0.3429,42,70,66,3,0.3429,42
CZniW9FkthxgABJgum8xZS15gYTucUFVJwH76SCHThvT,1,47Z3erFfBkk5Q3h8iFkfdhP2GvNdMA7nJFCuDtFMow9T,0,15000,,,,,,,,,,,,,,,,,,,,,,
CWf7gNKtTTnbhhkSsB4oDn1ovyewV8KzZHekPkAZpump,0,CegcgG2US6vX3kusbWjSkAEp5LGNkBbd7H5wVhAqRArw,1,54,3736.286,212,9,9,1,0.4444,3,10,10,1,0.4,4,18,17,2,0.5,6,24,23,2,0.5,8
CaShXJE31oxKnNLSspHefkFfRdnZQ2KmKenmttRscsDA,1,Bf5GrCLjuVi5uzwsMoYckNkPvBR1Rj3gNjmvK55RLCB4,1,22,2625.915,969,1,1,1,0.0,1,7,7,1,0.0,6,7,7,1,0.0,6,7,7,1,0.0,6
CXnxXcNQWi2cV6qKEJyf7WNBWZfztcU9yHs2WSyYpump,0,699VVnnYNDYdT7uJuFUnqp2bv9vDYfZJ1hk7RqgBzvWB,1,1231,15217.303,33,97,60,8,0.8247,8,1220,365,50,0.927,33,1224,369,50,0.924,36,1224,369,50,0.924,36
CbMpALSVohMjna9vcXLxcT24yEkqQwuamoJrqVWWkL5Z,1,GvgcFCYeP38Q2WyeNs5avJTyvvNh9rVSZkV4LVWgdvV6,1,1970,20372.281,0,1658,203,102,0.9306,9,1762,284,102,0.912,31,1764,286,102,0.9121,33,1894,338,102,0.9071,47
CYYM4aVf8SPoQ6SZwAuJPLKbMvs4K3NdGmGb2LWptTPN,0,Et2TS6msu4GW47sidXsR8wFmHVgi6jAwxMUYaSQHzo59,1,2200,10782.179,0,2041,279,89,0.9388,8,2054,292,89,0.9348,15,2055,293,89,0.9348,16,2059,297,89,0.933,20
Cc4CZoMd2oyvzLDck5BkPKU9eWgRkggDz1kQYLQHteRj,1,CT1n4nHm8Y62aMaJuz5oJg8HJaxe88DWw7jG2WM4Wzgg,0,15000,,,,,,,,,,,,,,,,,,,,,,
CZBKtDbJmwamBnUe99sroQsfGLqNDY348whoZR4iQgPA,0,YzkweaeKvwX5biDb6H4mfUvW7rx7o2jcE2rbBroFUdd,1,499,8705.619,340,3,3,1,0.6667,3,444,191,28,0.714,29,482,218,28,0.7282,52,482,218,28,0.7282,52
CdGCMaAkBeLVNT49pGqYXa6qjoHfeXtqhgyxTzqqQzp6,1,N25rbm299zCUAzBxh3XqDZ2heEBJzNVRFnfWBr5Z7vU,1,2579,4883.08,46,276,65,50,0.558,6,472,244,50,0.447,49,580,336,50,0.4086,115,2473,673,60,0.4517,136
CZcArp1tnaw6NJ6pquyCA2c7RygRRBeN1PkA2bGPpump,0,3RBqgmUu5gsQd5r9arpEN7zvLWNgZt7ZXAKegTYFk84F,1,526,15067.843,49,19,17,2,0.6842,7,203,161,5,0.67,44,461,372,5,0.5922,122,511,417,5,0.5773,145
CeG7WfkctqndqSh6wQ28tMVK3M2yvi1BR6LSnuoJWoSH,1,AZP8Q7pVJfkfsUpCG4NkvRH4c4a7nhYgCoyPHagtLRcm,1,2012,8630.423,0,1879,168,89,0.9707,8,1949,203,89,0.9661,20,1965,210,89,0.9664,22,2000,233,89,0.9665,29
CaPS8EpC78RsnDdjNfZGd7Wjdg9156ijvC1aFcA1pump,0,BXRrmyXy6BLypcgEZTgScZ5BhXH5D8BraAQM27Jfnzjs,1,22,13448.443,103,6,4,3,0.5,3,16,14,3,0.5,10,16,14,3,0.5,10,16,14,3,0.5,10
CfC5aQUNArrcC2XiGYFoRHCni1Ctc9mFtvG74EzpLc2B,1,4JCj6ycLEsrp4D5VyV1RpTRrqfJiExndLujCiSD44txK,1,16,13919.945,27,2,2,1,0.0,2,8,8,1,0.0,8,8,8,1,0.0,8,12,12,1,0.0,12
Cbuey8raZChznU1XzftS8kvoR4BVryDf4bgYieu1pump,0,H1kXDcm39NkQ6vQTSTUjsMDyJNoVHMQshx9GYpcE3Tp5,1,20,16908.381,527,2,2,1,0.0,2,13,11,2,0.6923,3,13,11,2,0.6923,3,13,11,2,0.6923,3
CfxpddFuiviDo3mru5Z1ECdaQ5K1uiXg4srBUAq5gJQ1,1,CV1JLGGmLqvF52u6wsBX72wY3J3fQVXE32oSY7sep3Gq,1,2217,1908.34,0,297,67,15,0.9966,4,2194,214,79,0.9521,21,2197,217,79,0.9513,24,2205,220,79,0.951,26
CcN3itNxQNaQnkKa6k4a2u3UMVb7YRR34H3ZLi3dngEf,0,3VdPY6VoQndGH69gXtEArbwW7MJrEjEw6TAnKRs4hcRZ,1,3631,14233.712,83684,1,1,1,0.0,1,1,1,1,0.0,1,1,1,1,0.0,1,27,27,1,0.0,24
Ch2SfuKwYM3vdoEXkvugZLP5S7fGQqjS9so5oHW63HFx,1,Fskmv9cLimRdx9Ab8M5SwAXEM4vrLgMXzc7AJnnWEGMV,1,468,19801.663,23,17,17,1,0.2941,3,32,28,3,0.5,8,43,38,3,0.6279,9,43,38,3,0.6279,9
CdxpACLD8yfHVpkYAuVdXnRMbnAdDtP2qeMeJaNbpump,0,Db1TBfQzYaKS9uftajdU5QSjquaNuERVmFPQEpkDrhSR,1,312,13618.595,64,60,42,6,0.6,6,174,147,6,0.5057,42,267,232,6,0.3895,88,304,267,6,0.3586,111
Ci2AhQxfeX2LBsh8raj65F4V8WyBtsWBSQhTu4WauoR8,1,48Vm15uNU1shfyrCVsqept19L2d6p5UBnTEwbUNbfkTu,1,5597,6537.409,0,5414,677,37,0.9806,9,5451,700,37,0.9796,16,5471,715,37,0.9782,23,5491,732,37,0.9765,33
CewjVS9FWE7q5NsX7baqstady2GgqJBVeZmJjj6NQ9m1,0,74e9WTHNxEnGapf2ZDq8bdSyhBKco5XxJaqYM29XxhNx,0,15000,,,,,,,,,,,,,,,,,,,,,,
CjHcUKdniXnURWnWfS6tjREZncjKpNFPrKwU8AHCm528,1,G3RpZcAm168H1brRuWZTn3YVq1UVFW5TBJnZSCNtHJsR,0,15000,,,,,,,,,,,,,,,,,,,,,,
CgMh3naYCdBoqt9yMvWirp7AwfgaM5SMn8HBNPVTpump,0,Gfrz3V8WGJkHUubHizhEM48zUqRJJ4m3i9xiD4NieWGy,0,15000,,,,,,,,,,,,,,,,,,,,,,
CkK5Qg5xfpK69XQDSicmiE4wPYJ4Cxy3Sbebdr9fpump,1,3uKwc8tibiZUMiwVreAPBT9ckjnMoG35nZjpvNUsHrqp,1,2948,17092.152,2,1078,360,90,0.5353,11,1532,778,90,0.4197,61,1842,1078,90,0.3719,201,2147,1358,90,0.3493,397
CgzdCjj5YNH51uFfQftFbuJKMrwgdWheVjwqjU84MV8y,0,GK9V3T77zvJz8CSzbcEyWcHzKfLrdELD2HQpNCMpkYZL,1,4,7477.586,540,2,2,1,0.0,2,3,3,1,0.0,3,3,3,1,0.0,3,3,3,1,0.0,3
CmL11AvvMGbVAp8SjKt4bABN8qUwXQbwHXGSTBeiUUio,1,ByA6Ypo1jVKxH7gTfFZanbkBAugu8wwR5NGcYDoYMuLx,1,274,7243.42,2,250,51,23,0.86,4,254,55,23,0.8465,7,257,58,23,0.8366,8,266,67,23,0.8083,16
ChywntqwNRzaoWYUcDQ3iALqcwSAVtjM2dPshz5AETMm,0,3Npweu67NdWaiLhQHo2NYxykz5hZpELPR9y596MeiRGR,0,15000,,,,,,,,,,,,,,,,,,,,,,
CnQabhL8EShgA3wtfRkPrtgrQkUwV77c8NXGP5VjkcW9,1,2wXc4Pake9pW7q6evQy11sDeaX7FsD9PVXYBcFS5DJuA,1,543,28411.114,1,110,93,4,0.4636,11,197,178,4,0.3503,36,203,184,4,0.3448,41,223,204,4,0.3139,61
CjM3TV26tffTaTMQoaXs87ewH6H7wjGUUAuYcNR5pump,0,B3XBa5cB2HKbejaKuiiH8hQu6cCNohc23atvA3XNMPGb,1,21,16649.725,88,12,11,2,0.3333,7,15,14,2,0.3333,10,15,14,2,0.3333,10,15,14,2,0.3333,10
CockfXX5P58ZcBQGQa4FGodUc9yA2V7RNmheGmTzSZe1,1,EsGZmDb6Cohx2Tb2R5ck4EGstceM6Gg2XSx69Zo7sPs6,0,15000,,,,,,,,,,,,,,,,,,,,,,
CkRD57mfVXDkb4XbHnJ2bpByHNYJXJyqShagBxaWhCkx,0,7eqVBfQfvmfWDCcQpH98DCEP3fV6iW6EHAHtjgiM7WB4,0,15000,,,,,,,,,,,,,,,,,,,,,,
CpZ4ctGQTVqcgDdRvQgiq4wMfBpx7paG5sM2h6KBnwv5,1,4ES2Xx4P8gEubjtspxr4u3xAcdi4rqQ4XZnAWHLkjb4y,1,11960,10375.011,0,11029,558,237,0.9679,11,11119,636,237,0.9632,30,11323,836,237,0.9482,146,11882,1352,237,0.9081,310
CmnhaQS9jgxyLQr4ezUk992P8wvvM1dWwYpjHG41pJn,0,As1TR5qyiZBg2HFS358oe8ZLY8KMbcshDap8egJ6eVFX,0,15000,,,,,,,,,,,,,,,,,,,,,,
CqmxZ5J7ccNQKxFnic79VZ48p4EeoR8S7m5rtvGxdQjP,1,2SdZvygztrZA8QqScbt5BhKiKrmv6emeGNeQM4ovq55g,0,15000,,,,,,,,,,,,,,,,,,,,,,
Co59UKqjPTJvDyDyT73GK6NBGqTzEzvYeHU6vpbK11Uw,0,9K7G3V3rZ649R5jYj2AqkihcPpmxAhx8RjKEEx6d97X7,1,16,13493.399,34,6,6,1,0.0,4,11,11,1,0.0,8,11,11,1,0.0,8,11,11,1,0.0,8
CrgRN6Qn36DoUgGLMDtuUD7pCYHw8VawvULZKcYWSup4,1,2vC1o3J8TaK3i1sKuNi26Mr6jupAC71esin1iAr7uLB6,1,6737,15678.928,2,21,21,1,0.0,9,56,56,1,0.0714,36,151,146,2,0.1656,71,6606,1408,96,0.8467,260
CooKrc8eaU4E6AxBtNqA14V5HWCtxqeY7tZ7k2rS6QGP,0,9uXcu5urKAaLYAaLJXfUkx1k12XB1NpcLm2w2WZwTg43,1,1084,28993.477,0,626,54,28,0.9936,4,659,80,28,0.9681,20,758,87,35,0.9683,23,828,110,35,0.965,29
Csjt96NXf6RFN2kWZerwDp1kFSJvVCHV5RVp1peHZdUS,1,AoofsrkhiwVDPtxUv3BkVZANwjFcRE7zphB5qnpCrmrT,1,9754,20229.202,0,1931,634,48,0.6867,11,6527,3451,48,0.5301,61,9358,5319,48,0.5564,265,9556,5506,48,0.5468,389
CpQ2NShfdPufoWRnRY2S1efqmQmHLbi7n4pW3BqFJBd9,0,2BBvaeJ64J2rc3TFssNzhStMzQcHUJUBrxJGiZMTgyQS,1,588,15999.047,1,283,190,22,0.1095,11,458,360,22,0.107,48,509,411,22,0.1002,82,543,445,22,0.0994,112
Ctrqn6aLTBnXGQ4DGiNxyYhVAHWmJSvbiJr8T9ERFmY5,1,AiyYVdnVdzykpFJUng3fQz2jKYYVTQ2XVKis5R85JEFG,1,2186,4971.084,0,2144,614,86,0.7146,9,2158,628,86,0.7113,20,2165,635,86,0.709,27,2166,636,86,0.7087,28
Cqy3AkBqP866vkw7p7ioK6h6VTfQT6tFUW1dzUezpump,0,9dWvW9mCTVtcZ4ntqA4SgBM6B6QQirG66tS4q5KhT9nZ,0,15000,,,,,,,,,,,,,,,,,,,,,,
Cv1kX87uAXWof6fs8ALrkXJcJtDkYnZxexCivQKn1Jwo,1,ByX3F9DCfnyECbHFxUKmPzuebd4UBmDQs1d8WYJgA6oj,1,11740,5182.732,0,2309,733,92,0.3534,11,8210,2263,103,0.1713,45,11257,4528,103,0.2279,149,11293,4563,103,0.2278,171
CrwgfDsf6ypYTiGPGv7sMyLosuCNrmEVJRvJtUbCV6nS,0,Aw9Cjd3VXxbMAVTzNHimct26GitXJ4FfmVtTcLwCKNfk,1,5361,3597.637,0,316,88,24,0.0253,7,317,89,24,0.0284,8,623,389,24,0.0209,87,2674,2379,24,0.0052,1013
CvsZ4b4aHAtgwYjZoNKxhURfHWdf5ft7QU5cJtDj5xfc,1,A9SZQwDy6uV7pYNStxUxZRMwsbgCj9FXJeLDP1Z6YmBU,1,12,20773.799,582,2,2,1,0.0,2,2,2,1,0.0,2,2,2,1,0.0,2,2,2,1,0.0,2
Ct6mKc7t4deipRuNoXigPoLv5x7XErv6zg4yKougrrXa,0,ATLGRHiSEeGkUARkE6QZN3z9W16GzPve4TxeNR5Wiao3,1,12696,4736.192,0,485,273,29,0.2289,11,3452,2172,29,0.2378,61,12375,9283,29,0.0789,354,12439,9334,29,0.0806,382
CwvSEujbsZZDAFjA1jKiKtdJmteut3bVxPYMiEoRfYRJ,1,AYEn72oVaPQ8JavxS7BfqB1pnHT52WHQWMxT5isEVFmS,1,3297,6552.614,1,3100,878,71,0.9558,11,3119,896,71,0.9535,16,3126,899,71,0.9527,19,3133,905,71,0.9508,25
CvBBZMR2CJXa4k9oWjA4d9B3zsLvM7Z33HHd8uY2pump,0,EXEtT4EUBzDbzEqcALe8udRspxrWHTxHg5fT8B1z7hJx,1,134,15964.618,34,7,7,1,0.4286,4,29,25,3,0.6897,13,129,105,9,0.6512,56,129,105,9,0.6512,56
Cxudwu4yj8pJHwdZmqW9xAQCLL9kaVzswGxBAt7HoT1a,1,1ZBdq3RSUkw3CBbk2u6bgFYG87SYotXcWyuCCEuuLXV,0,15000,,,,,,,,,,,,,,,,,,,,,,
CvzmN4HEMt2R9tsLyCV26yV2sT5tgD6nAHd7TNtWvHXq,0,964g4rpzKAybdCcvjfw9LzdwoZwZ2mASHLrXQxD7LjZw,1,641,34723.902,7,39,34,2,0.3077,10,87,81,2,0.3218,29,133,126,2,0.2932,68,234,227,2,0.2778,147
Cymo8sEiFEVQjbaqA4aCnPiuM1PFQPEF7b7rKjBM4qmW,1,4JcLA2hK5hkS1oqfc9ovsAnRCS5qh4cYkNecRvXaYruK,1,1849,14095.691,0,754,214,20,0.9111,11,779,239,20,0.8819,27,814,274,20,0.8452,54,863,320,20,0.7995,99
CxRbwsHQTXwnMiYBQm93BoPYz4wFZJod462v4AMQgfta,0,GQBTrraWx5inwCV5oDVAckNiNmvFjYWP7zbDdpyz1EQ6,1,241,15778.897,158,2,2,1,0.0,2,2,2,1,0.0,2,2,2,1,0.0,2,59,47,7,0.4746,31
Czsqp6SVXvGfnJ4TmkTRFLNpXrukvnZsJbpP1MDRDge7,1,EJAEVjdsfvGGu8r9knTrCPXXivAF4U74AKstpoy3xRNA,1,9763,17163.624,0,3620,665,90,0.9279,11,6970,2063,90,0.8293,58,9304,3499,90,0.7607,207,9365,3554,90,0.7565,253
CyPCGymYAEdRNZ28ezQCVyAkyB6C3skfL571FTi2pump,0,EMyQLggC4fgovypH9CDWQHwpqXG6LFoXbzTvQgtBMKgB,1,78,15728.369,25,29,27,2,0.4828,7,63,60,2,0.4286,19,63,60,2,0.4286,19,63,60,2,0.4286,19
D1phZBWkVnMWNcmDNGnXx61K9AA4t5LYsmX7xbb5wnxn,1,3ysrVEBLy1H3LbHYtQPvoVu2dk956jxqsHRbSdWfetJ1,0,15000,,,,,,,,,,,,,,,,,,,,,,
Cz2zMEinK71UgPJYsknSmithE9NZkcxWEY3MFhTGdo7W,0,4QTojDYG74t6TzPcFmybKcoM18Rvarx7so4P7aa7cBzb,1,267,18611.01,10,2,2,1,0.0,2,2,2,1,0.0,2,46,29,3,0.8478,8,248,202,4,0.746,57
D33EVuXa5q6AJyVgN7WNgWAsJP4BpwJLNYSMFviAgkFt,1,HFG5ZMqX4q6XNbjxGthQ69N8yemFHS9H1ks6r1UFL1Cr,1,3949,6150.391,3,2663,393,47,0.6485,11,3149,531,47,0.6011,37,3808,920,47,0.5906,78,3859,959,47,0.5877,87
D1CPyS16zucARCTjGCKrvwxBcgoHwRMfFiPPBKwZHF3o,0,7uXouYGPWdyBNGj73QHrvLo1YdkNnam6h9GeMPEZizS6,1,579,17267.295,29,6,6,1,0.5,4,35,28,3,0.6857,12,154,94,5,0.8506,24,500,269,8,0.9,56
D3taiNpsQxtW8aeVnuZcjMjeQHWmf33DvPfrtzyfnKsx,1,6VxjUYJvrn3ymjxok8nkhPundZfYMGjq1RdjC9uJyMbs,1,592,8824.942,0,552,151,75,0.8551,10,582,166,75,0.8402,21,582,166,75,0.8402,21,583,167,75,0.8388,22
D23y3F1mwbV3QUpM9HGA2z2N5D5HrkFNtWg2DQruGimQ,0,8DnDhKYbaaXvkaQSSgeq5AFnwfoEaQvTVLN33azdyxy1,0,15000,,,,,,,,,,,,,,,,,,,,,,
D56ymJNSeNjzdsjT1gmpeW8a8KosH6nt8MWmJb9JCYLj,1,GwDD2ZGi3Kwdcrf4ffpgBnuAyMdJARZf1ZyrrWJpptd9,1,241,18990.009,3,29,17,6,0.7241,3,36,24,6,0.6944,7,36,24,6,0.6944,7,39,27,6,0.641,10
D2tztvQKcmo7PUof8quQWAu3qXKwtiW1pLjvHLsUakv5,0,2FF4TrpTDWi5NmCM6wqcjkPskHispujFbFBhpR8dMNd9,1,55,13483.001,173,8,7,2,0.25,4,42,38,3,0.0714,15,45,41,3,0.0667,17,45,41,3,0.0667,17
D6THbUGFdxJ5LzNVHTGjjetpU5JCxy3x2f7dmw2s6vJR,1,686VAoRXhpeHQj9Y4QmXoyBPcQMjKAoR7xXMKArkmk57,0,15000,,,,,,,,,,,,,,,,,,,,,,
D4GHfa75HH3fv9YofTwCfbhZNpVLAGuueWCtkmHR11Mr,0,A2VCTocyQzhPM4Rg9TF2GCADhrRA8nejLyynFZZxrKNV,1,4119,4092.403,20,2275,730,21,0.1024,11,4105,1340,34,0.1988,25,4108,1343,34,0.1989,28,4108,1343,34,0.1989,28
D7NWxjR51BBBPwdDwS79qgNZAWZ3pfALkE2ZLRZVvQH,1,8kogMJLD8b1JrXYbTb8MgaLBoNzCmtauncycc1SWDY1V,0,15000,,,,,,,,,,,,,,,,,,,,,,
D4yezxg28WEs4aM9snwDHSfWbqKUvPdrXBDUKwZ4TXLc,0,AfAbung9jj2nf82Tu4yATQnchfw92u89oDe6XmGFc2MT,0,15000,,,,,,,,,,,,,,,,,,,,,,
D8sU6N62WpYS6Aby11kg4BLuJrdyWtUEhuFWf97R7Tw2,1,FH16xeLzaiHeENnLH9JcaEZHN8E5TuVMnkpd46RxuTfA,0,15000,,,,,,,,,,,,,,,,,,,,,,
D5qr7QRGMUmmkt6yeJ6cCWDp6pwE4SCozk4uaR1MyqrM,0,8uFWBTDunW4KkTqMz77cnCgD65UvpM7rBkzATK7ucBP9,1,756,14887.273,145,2,2,1,0.0,2,2,2,1,0.0,2,290,123,15,0.7586,50,744,342,15,0.8185,100
DABa6MunmdJ287RrZ1Pg4ztaPJokqGcyihMbdaHy8piN,1,GB4ik8weV8LTg7jPEQyxWKsrirvKAHnUn5QsGzLurYGe,0,15000,,,,,,,,,,,,,,,,,,,,,,
D6xXCFS6nSr9m1fRkPkQR8dgbXpqf8oaADZNN3xpnh7u,0,AqxVeMUhyFeEPcBWGSrEgtNk2AFzzwpF3cvRjTB9yQmw,1,78,1556.686,3,20,19,2,0.2,6,29,27,2,0.1724,12,34,32,2,0.1765,17,55,53,2,0.1273,32
DBAzBUXaLj1qANCseUPZz4sp9F8d2sc78C4vKjhbTGMA,1,6qBVw2qtSsf4cAT572dKS629SMWCLjnFX4d4WkySLFZ7,0,15000,,,,,,,,,,,,,,,,,,,,,,
D7gZUidpNuqz4iCjGTJMAXtSc7ktcYHUiYv3CrmFT8dA,0,AS2xWwhPLhCVHe7nomTPteyHJi1G295jqqEpWBXuAtEa,1,143,15342.371,43,16,16,1,0.0,8,54,54,1,0.2037,30,134,125,3,0.3806,66,139,130,3,0.3885,71
DCKp4rVtZrARURJe81zLPh6Ds45L7EhcKwTkmQCaYLnF,1,6sgGpfWzRX53QE9Lg91s58HTvuXF2X96UjbNpZRqVPPJ,0,15000,,,,,,,,,,,,,,,,,,,,,,
D8TNDi8er4Psm8Z31SEm5yFmmiHMMdguUSLohN1Gpump,0,HnRa4kWs1PMzHvsUBYwzVXAxrFTxfRUWRnj4DEW6qxc1,0,15000,,,,,,,,,,,,,,,,,,,,,,
DD7cjKWbDBVPHGPoCuPjiGjVn1G98dUt2iY9rNsHeFq8,1,BgCmFDz9A59odE2s5Yg3kzBHmeRHaD7CMpPEN8duJCrf,0,15000,,,,,,,,,,,,,,,,,,,,,,
D9paufRCehpk2YGRPkzJPEUDsvQjaTFKNyFDqgd4xqd,0,CPZd5Qtf1xFsPdrEmEcMNXGf1fjfi1SvjD5hcMu1BGHc,1,12,14891.817,278917,1,1,1,0.0,1,1,1,1,0.0,1,1,1,1,0.0,1,1,1,1,0.0,1
DEL8F9NJ6PRPk8RcRjcgXrrLLbDffb5zzPFT4obncMA3,1,7GCZEByNc4nHeY8MWmsspNa8MqnXckypZhCKEuzWgkJR,1,5804,10835.775,478,309,18,69,0.9612,4,318,27,69,0.934,12,456,140,69,0.7675,50,1304,798,69,0.5245,240
DBAAvrMw9TXnRcpwc4FmiEWwDwmaLYB4TvLWYqtmr2mE,0,6KqHnLpbVYtf5NF7AgZxdyqUeaUrBJWrJ61SaKAnz95P,1,9694,17886.322,0,1056,204,90,0.7557,11,4953,820,90,0.8296,56,8145,1581,90,0.7681,174,8167,1603,90,0.7665,196
DF8vhyo51Nu3XSKRAMmFPm2WFUkHhxwGVp3SoR77gAdz,1,CLohh68rwGZpEwUtWmp1cwMB9gLV5taTa6D9NnDFRWtC,1,3003,20281.562,2,26,16,4,0.7692,5,37,27,4,0.5405,16,69,59,4,0.3333,42,109,99,4,0.2569,75
DCyZPE55UhzB8VvFNDNa1AFUhxR6cEVQa39S94QcaLRX,0,BjtYSegtZmDjSV7AnUR4cU5jjgD8Bo4kHRijLnfMDx8S,0,15000,,,,,,,,,,,,,,,,,,,,,,
DGUsF5UYJLmCUVSnNTkyBXqqFZG3KmVifCYsrCgVdrFi,1,4TyndzK6dhDg8qwfeV37LdQnQJ19huBzFsoieiYj39pC,1,443,9194.081,241,263,128,80,0.6084,8,434,241,80,0.5783,22,435,242,80,0.577,23,435,242,80,0.577,23
DDxS3mzbFiwPgmpK7j573MDvD7EQj5stPHZ8K8Wppump,0,Dq1ZgpJspFPNrPFcVWoviMDysGLzh5iDT17eSMFYkL6R,0,15000,,,,,,,,,,,,,,,,,,,,,,
DHLQRpBSY8DnZub56EqHdYXRK4FLefMTGpPiN7pSgAHD,1,EW8tfqHX8XH2MYyEwEer31xi9ZTyhjYdh591nVypFd1x,1,6471,19541.584,0,2218,481,44,0.7701,11,4411,2075,44,0.6656,61,6258,3501,44,0.5948,222,6295,3538,44,0.5919,256
DEspKUuYowz5975pGL157TVWghoDzXh5MuxxbDEwNyde,0,CuEmLtnivxVm9DHhXjdZQmgMTx5tsEjbiff3wpCjoVwG,1,3578,2318.431,0,3365,290,111,0.9712,8,3373,297,111,0.9701,14,3405,323,111,0.9689,31,3476,371,111,0.9692,51
DJafV9qemGp7mLMEn5wrfqaFwxsbLgUsGVS16zKRk9kc,1,EU766cQ9GopWyRHXa12NpdjwhiiGyn2jRR9Gk4K4Cb1d,0,15000,,,,,,,,,,,,,,,,,,,,,,
DFzqqccRbiF4VWLv6mFE6tbyiawKNQM4qn1rndrDs8QS,0,7ffdTviEcmhmUTyrHYAmgNWiV8h68UHJThuyVjY4wNA,1,1615,20069.546,1,943,230,35,0.9682,10,1057,339,35,0.8912,35,1060,342,35,0.8887,38,1080,362,35,0.875,54
DL9Hm7CMYWuwBpr8ZNyZSA1zN1rDZRTK8mUK61W8BzHH,1,4DGpt5RkHZQEhihde1TXxUrhfV3JNzCorkD6Hmr53uH1,1,1718,11782.651,0,1610,471,32,0.9342,11,1683,537,32,0.9055,16,1694,548,32,0.9002,26,1704,558,32,0.895,34
DGmafKsSg8HsJYUCgFR1N47PrHcaMB1WAdzztavKnR9X,0,93CXqoMFhpgFQidZJ14aDZYr5nooN1AkDEEvS6iL7voJ,1,9981,17206.37,41,129,74,11,0.7287,11,2644,1468,14,0.8771,61,9941,5965,31,0.8827,306,9965,5989,31,0.8815,320
DMA6rg5gx6PhVjgw632WEwR8R7SrU1AkS38qax6qbQq8,1,7DumEbZNWdbdBzExPP3cu4Bp2Gi5L62RaQK9a5xQ2oZh,1,34,13897.062,3,8,8,1,0.0,6,12,12,1,0.0,10,12,12,1,0.0,10,17,17,1,0.0,15
DHjnmpK291uUpFVPitU8ZbGTQHPR4ymHaBtvz78qUyvx,0,DtiVL68mu36fFhoE3rFKGLN51Dn42k3W32cstexvJDUc,1,9,14792.964,241,4,4,1,0.0,4,4,4,1,0.0,4,4,4,1,0.0,4,4,4,1,0.0,4
DMvMihxJmLEXriHKPUsEipGLkayhyTxVSvC7AVYGiv1k,1,3QXYZxjw3gRLPVUqUbBGSdEsawkLn37MS4rKZU5j7296,1,5642,6465.335,0,4843,902,127,0.9599,9,5504,1187,127,0.9577,20,5532,1198,127,0.957,26,5584,1217,127,0.9567,32
DK5grLstXHhL2zyzEXyb8ZvS6bbZrc82VZTUQE786c5i,0,9MQby22uqewhhZqzkYnuRqVd1Zis31cqzu8KyzUtSUeK,1,3292,17883.685,25,218,180,4,0.7569,11,1026,791,5,0.7856,54,3278,2540,7,0.7807,247,3281,2543,7,0.7799,250
DNhZkUaxHXYvpxZ7LNnHtss8sQgdAfd1ZYS1fB7LKWUZ,1,ALBpShJ9NLpE739pcHDF2LNVk5J4VYPvvKuV6jMPitZi,0,15000,,,,,,,,,,,,,,,,,,,,,,
DKnXmFGBcpYEnPsoHLrdj5cbZdEq9DV9z6bVfYrrDEBE,0,2PNY3dxZ8L6CcY3TvzpZmS5s1V4bgCUXr92Fsfx2dFeL,1,23,14250.509,61,4,4,1,0.0,3,4,4,1,0.0,3,4,4,1,0.0,3,17,15,2,0.0,7
DPabcJK87txGvys8wiUiRoHFohimPmPFMve4WUcmDdHB,1,Brn9ZqZwmhMtk1uWo4J1dbxC4xBRN9qMG4Bmx1idBB7V,0,15000,,,,,,,,,,,,,,,,,,,,,,
DLWhyXU9WDgQRefkhhR7gnTJdkzFqsFaAcJ1q4ZAXeRq,0,tJuUjZvxYdF8c7m8fXPCv8N7DyVJZapXJen7iy6GSg1,1,942,26787.614,12,68,67,2,0.0735,10,125,119,3,0.056,27,143,137,3,0.049,35,190,184,3,0.0579,68
DQhdfMHjVdaW1m33yVpKzjZiDdbXJpLAG8AsF48v1vY5,1,H1pV14N6spRuQQkun9mmSAqecvbhQP4KWYrijiBgfaUH,1,267,16894.973,4,27,5,18,0.963,1,247,73,41,0.8583,17,250,76,41,0.848,20,251,77,41,0.8446,21
DMbb79fgxR3fKKVKWcbetMCuxNNtJnfjY3qqAE4G4wJf,0,FjX21mcerMd7FNsajcctkkaWRSKQdUb4kcLzNHWwmWrB,0,15000,,,,,,,,,,,,,,,,,,,,,,
DRYghhXrJWK63QSwKbM8LuGJj4XT26ue8Y38CGvMSprE,1,2VcKuMq7buzkTqCTgQxk8WrJea7f8RyASg7NUrPvoZF3,1,2685,16345.384,1,7,3,5,0.8571,1,7,3,5,0.8571,1,2672,96,262,0.9884,10,2672,96,262,0.9884,10
DNR8uFgUt8Sz1q1vphMoAEU5uNcVhEHyq4fqiXadXjtK,0,EvtJfDkdND2bQMjuN19CkVd6UJ3ZvyDpsBoowHJsmd95,0,15000,,,,,,,,,,,,,,,,,,,,,,
DSG12cDp4i2oDXtCaYkL4GbBKXrUuiERVjqmQHo8C1ne,1,CfCzx9p4Uhd8e4QxQzSdWJwHmRKjkfcGq4jq99mNeBdq,1,6736,7939.61,0,6323,486,103,0.9771,8,6411,562,103,0.966,41,6707,842,103,0.9256,132,6724,857,103,0.9247,138
DPFhWqSgR2Sd8j1rBgZKr3LUGqeFbtN4qfdMTQkNHNK8,0,HVL4ZtzFDpg4aHR2GJ9oSKuJ8VzQ6KuBzVB4Kb3EZZ5g,1,824,16141.128,126,164,106,4,0.7317,10,617,406,7,0.7585,47,817,518,29,0.7687,68,818,519,29,0.7677,69
DT7QQ7bTdktDncVVuiS7hCtnmWBJhD5Pc8ZU3DnbKB9z,1,3rfUCe9cCKJ5c5oqzTZ6Nky9ta9cT8Gx31LjEBWJ55Ee,1,8,17812.586,13,2,2,1,0.0,1,3,3,1,0.0,2,3,3,1,0.0,2,3,3,1,0.0,2
DQLLBAuoL8LCTo1JaHC9hmFG4iJtLFEy6Ryg9qb1YFXn,0,3ua8RVH6kNhMCgBKSF5aSNmjV14HQdtPozoDwuUX9ZkH,1,598,19838.637,172,6,6,1,0.0,5,74,73,2,0.0946,31,253,251,2,0.1502,123,366,361,2,0.1475,215
DU8bVYDve4UVQ7MY7xVPavma9ez5eksAvNrvCxTuwNut,1,2r42MJGCUkuMFr9UG9VfVJFyb4zpJNXRDxAxNW6w3MBt,1,190,14256.131,33,5,5,1,0.0,3,5,5,1,0.0,3,5,5,1,0.0,3,13,13,1,0.0,11
DRTeDJXZYYZxmq3tmgSPvLi3ef5E51cRH1KzzwXvC5M7,0,8sCk65pr7w9HEJ3XfUWjqccf1xKvVTxzWKa2gSZkqFcW,0,15000,,,,,,,,,,,,,,,,,,,,,,
DV454wgn379yoZeRpet9nNCbHqoKfKzAjaq1H7693k2M,1,CqPf9STaXjqtCXPMZW5dU9xiSVALSMGzCbZjo8fgZ7eU,1,7238,18452.184,0,7010,624,83,0.9516,11,7195,724,83,0.9521,30,7195,724,83,0.9521,30,7203,731,83,0.952,33
DSWLmsSHg63YxvC8FtHfAA8G2AeYJshC5ciCcy3oNMsD,0,BaA9HKuKaMkxFJk9YULxfCc8ZjRhzMCHazhvE3PEoWDu,1,3202,3132.948,1,1121,331,115,0.7128,11,2421,1204,115,0.5609,61,3140,1761,115,0.5226,150,3158,1779,115,0.5196,168
DW7gKRGtBJbJJKx17mQJoaey1rUcQV2GaB9SzdwyLLf1,1,CfYQbgAw4NDKT4RR6d76HfoBUEZYpSf6hiBLoPFaAAyD,0,15000,,,,,,,,,,,,,,,,,,,,,,
DTjnZkb2b3JsssKvSnp55KQFRReUTt3DoMmosw9N3dkw,0,BFHFd2WnmydUZdpkbub4GhSwvAZPhckqmJeiGvM8P8vh,0,15000,,,,,,,,,,,,,,,,,,,,,,
DWtnph7PvJ8hYcJ4G8YEh6MeDY269SrHQkQ4SgisYRiy,1,BUWGxjSmcBweVrAwpAi25kfq7svj26tY9QRth16bbArw,0,15000,,,,,,,,,,,,,,,,,,,,,,
DUpQprMZ44mUSDb82tVPZ4kHLDEKM4DDdN5zjm1ypump,0,7kVjRRAFP1HtuuofhuJpy1m2e3pJch48KpczDch8y5Ms,0,15000,,,,,,,,,,,,,,,,,,,,,,
DXmv9Y89hxoZtVpCm9p4p2EmwRtjXvQYk4HB1mvK8Zw4,1,CC9dvvNBVcax6yKdkBXMXYaUoq5XwKXnfZZFvNieFe81,1,6576,13883.232,1,202,54,42,0.7574,11,1140,803,42,0.4474,61,4609,4034,42,0.376,357,6328,5686,42,0.3508,876
DViRMJ5FyhnMz6ahfwS5qbr5Uy3S6kfySwoQiPbupump,0,823qADHMJ1jWdXdnk8EMYrXJda8KoMTVeBfudrZwc6Tw,1,44,16569.999,95,36,16,11,0.7222,5,39,19,11,0.6667,8,39,19,11,0.6667,8,39,19,11,0.6667,8
DYcL4DFdKuGaBTtGj5CvfFPnsnm74Cc92wYUn1Eabb4Q,1,FQ8mwShvSjSsc4sEqwiULvNmZtvXHzgc497zzxQAcCQf,1,2401,6696.879,48,1643,385,61,0.9282,9,2335,606,61,0.7824,21,2336,607,61,0.7821,22,2345,616,61,0.7812,25
DWQvCxhSge9KzfRkmSE3Pq9Pus2G8wVao2Nc9QxyXNWs,0,AyKHjJefnnR1LurbrxDowKM1yaz84p1hmQtRnBfzSXL1,0,15000,,,,,,,,,,,,,,,,,,,,,,
DZY9ym3rQtvLDBaW4FmiF3Rjj2H7xRbcNieX558iJYQF,1,A71L6hrUKsFPz7ssADiDhJQcWpLbDApdVCFtTnYtppaF,1,10,16211.773,17,2,2,1,0.0,1,6,6,1,0.0,4,7,7,1,0.0,5,8,8,1,0.0,6
DXc8pEGF652F94J9TMxLFfyiN8UrtVnZe57gFoNmpump,0,Ga4SbNXFNNuv5stv6RZsNxXPaK6eegYng91g2KzUptNc,1,170,15659.432,42,164,116,5,0.628,6,164,116,5,0.628,6,164,116,5,0.628,6,164,116,5,0.628,6
DacNDWbJccyzBzWNmAMgbKL2EaxUGW9QicmEeyX5SJhk,1,Bf6d1MYAEsyrtEmmgNF6jV5abjEkwYDw5J1qfA64QXEG,1,497,17836.021,25,200,145,21,0.185,11,346,290,21,0.1387,55,409,353,21,0.1198,107,431,375,21,0.116,129
DZBztmgHuuY49pVkwCTzusg6SXCpbj16ZeSFfQLapump,0,2Jr3i7aw9uxh5YcNEmYNnfCRCyBAZqGz279SqG2kuMxh,1,1150,1748.266,28,19,17,2,0.4737,9,83,77,4,0.5542,35,574,475,5,0.6847,154,1038,900,5,0.6618,342
DbRA7Jp8p3tztoPWrDQeJqpKLKXJpotUzJoeiiCdxewz,1,7hwzgzK1xq3978Fro7XJdQaPVcDYX3yvE7PQ8zMyRqgZ,1,132,34450.586,17,3,3,1,0.3333,1,8,8,1,0.375,6,13,13,1,0.3077,11,13,13,1,0.3077,11
DahmfqhqZQcZXC3RsR8m1sboCwtMtKNWvA2mDxbg6e58,0,EWbMjKTb2zenBc4uKhLhzzRn6sgGn6JAACMBxA6sht6t,1,1786,2183.58,0,1621,219,94,0.8674,7,1694,275,94,0.8501,29,1725,299,94,0.8446,47,1764,327,94,0.8413,61
DcRAfJ2rQqdxRzozN1Q6tEmgELNqvxiRAVCtqwBVsHGY,1,6Vb8hveSrBuFptrGG6fVdxH1kz1HCG9VTiVf6f7a3dgS,1,1462,26056.946,1,68,53,5,0.0588,10,938,713,5,0.0043,60,1337,1046,5,0.0217,88,1339,1048,5,0.0217,89
DbtMsJh8HGDdxy9EPVMnBQpk9ZhQ11T4gxmvUYjtpump,0,5GcpeotqWmz9QqcyURJ8vMR4ovJKNk9SYXHjpiyGE1TQ,1,62,15906.209,39,57,45,5,0.7193,8,57,45,5,0.7193,8,57,45,5,0.7193,8,57,45,5,0.7193,8
DdBFjF88okBF57XVWP9cpDGJGMdeitKfrqfa2tcCHw7Y,1,BSzJBvMsnRiLLGFzG4nbbdLRhZgoLrvNFbEQ327XAktk,0,15000,,,,,,,,,,,,,,,,,,,,,,
DciR3FxDUqKxnndzJdjrvPjJ38wrRx6uoBorGGbXCNyq,0,9vXdBLT2WSvXN8MAL5C63P1qQKpQ2615JAAyRbgfCFnA,0,15000,,,,,,,,,,,,,,,,,,,,,,
DeChheDUyCiLsoztDsMFzqy3n25X8p1C6StndMMr8Z5Y,1,5kvmc9XWYk5Y6AxoGCDpmfJAgbABdB1mgwsXFcmBh2pm,1,3887,16000.035,0,87,20,14,0.5402,6,97,22,14,0.5773,7,97,22,14,0.5773,7,183,107,14,0.3333,69
DeTUi1JbC2q31jfR9Qc1zoJjaNFmw1hgWBXxGQKvpump,0,5Xcysb7nMZMcmcVccjqrTDFb9TML8EVY3r5yoGodiLq9,0,15000,,,,,,,,,,,,,,,,,,,,,,
DerZQ7uMPMngYiUqbhwm69w58mxKyzztghP6dSmhmeT1,1,BZzspz7vwFbWPvfNJceWUUCuHBoY4e7j7btZmiqpUk6x,1,392,4107.716,58,9,9,1,0.0,8,33,33,1,0.0,25,92,92,1,0.0217,68,184,184,1,0.0109,132
DfEkgwWQJ2rMi6E1UrzvQu8ZgyndEfruSXYky6bemM1S,0,9wNhRtm37vyepHCTCi3XHRtKVvCqnG8SVEE8ebFQk5tc,0,15000,,,,,,,,,,,,,,,,,,,,,,
DfztJmxziRRBS89AAo6N51sVBtVLDg9LTfiCtmCwhCRP,1,BkUnbnnVhdACQFeUDvaGVnMe1C1bpTwkZu7pCAJ44ZNu,0,15000,,,,,,,,,,,,,,,,,,,,,,
DgYnhJGgEPA23SnofrvqmksrbZc1vvzGqtZWA2DfdzuL,0,9q2tKnhvmSxdHs4xmKhg6G3CJ3BqGqSuQDoEhFDYHcWN,1,273,3953.961,18,10,10,1,0.2,5,26,23,3,0.2308,10,62,57,3,0.129,34,272,229,12,0.3603,92
DgfeWgAXtcnEjL9sAWir8QKfZmqUxiEBJQZeuXkfWLd7,1,82sV9wERJHGgk5qLUdZJ5bt2vKQbXMZjGE9nLAov4Zez,0,15000,,,,,,,,,,,,,,,,,,,,,,
Dhg9XnzJWzSQqH2aAnhPTEJHGQAkALDfD98MA499A7pa,0,7Kf4rUuUPEQ8ABeuWSrHF7KZJmrAdcdx83wQnK4vvT8,0,15000,,,,,,,,,,,,,,,,,,,,,,
DhfF81uahANRYQ4rn8VZKSGVmLE4k2nzccgfZMazmLJ2,1,6wKyWstu6VkvUYHWnADVd81vZhbNaWd9qvhbi5T6Gocd,1,5803,38803.423,7,2,2,1,0.5,1,3,3,1,0.3333,2,3,3,1,0.3333,2,3,3,1,0.3333,2
DidCsxAvTpSe1YfsREaKMoKuWMTCZU6vAFMo62j4sh4L,0,F4JknnK93WSZE4htsoesyfAe13dt1K5TeeXzf7wd3Zzy,1,11766,5482.151,1,10891,895,126,0.964,11,11655,1277,126,0.9246,38,11683,1304,126,0.9229,59,11714,1332,126,0.9215,80
DiMqKrb8wTC5tE5TmbiDw3EifHAHfiAuJiQvYXvkd1P5,1,3hfzGfexbarjjGhb8EF9t4PgzsUZb8LPLp43iZqedxPv,1,13009,7469.959,1,2835,872,38,0.4695,11,12919,3778,53,0.4561,58,12970,3827,53,0.4544,85,12978,3835,53,0.4542,93
DjYNHUB4aE7mVJNPHkYAB69YzHy6ps54BA7Ehr7epump,0,6zt6UHMDg3cZj1V4x8q3Gs5scKACFu9wSFpricf5v72Y,0,15000,,,,,,,,,,,,,,,,,,,,,,
DjKXdLpTTJKRXmjWb2WWthUSyppHaxVbtLa3aq1XZJju,1,GaxYgkoyUcKwZYFuS2XWNVsfPFgWhjF8AU66afDyvEab,0,15000,,,,,,,,,,,,,,,,,,,,,,
DkkUHS31mNkbyeT6nxsSgAL84fPCmqhvePs8QRb8KSg1,0,Eihb2VozbLsaC6xMaopkL1eYpu5kBQLq4eKkpGW2CFBb,1,242,14118.928,5,2,2,1,0.0,1,2,2,1,0.0,1,43,40,3,0.6047,20,84,75,4,0.7024,30
DkGCSjkUHKDPM1hjcMM8dGNDPnf5nrQU8fvsqvQkVixx,1,Hwuq1NhGNzw9NvbfTtc12oVKXPQHh3xgvJ7MpRKcL7ed,1,1920,24859.138,4,8,7,2,0.875,2,1733,198,132,0.9631,32,1748,213,132,0.9559,46,1748,213,132,0.9559,46
Dn4nNFJMHhzokBegq9QJv1k6N9A3hm8eTGnCPuJc8kqU,0,8YRYRjK1iQQpneHUz7mX3w6b4Ts1dRq8UYYr2TL2QDkL,0,15000,,,,,,,,,,,,,,,,,,,,,,
DmLFCZaT3tcusTBdyfVnc7fzzjJEFqgW7sRjWube6pEz,1,74CN2We6xVp95zjz7nWQ2jkPAvMYpz59yMACtG4S6Gko,1,6956,11212.472,2,331,183,14,0.0665,11,3514,1479,52,0.0139,59,6935,2559,116,0.11,124,6940,2564,116,0.1101,128
DnunnoUA2PeUQXxkKgDWvVvZMRKWzk8Si4SR8J1iM8aR,0,944X4L8zF3fKWnTs2yJdNGmDxWHfDGNsYqhBQ7JJb7Ev,1,14033,23334.406,1,10931,859,77,0.9868,11,11226,1008,77,0.9784,52,13307,2554,77,0.8937,316,13682,2903,77,0.8738,563
DnEL3cjqvunMmHF7DjTNoUSRat4wBKnXuNQBypRApvjn,1,BvhSzWjadaHVyLovw7jb76La41jyf3eoDQsxXMtXqYEU,1,7493,8562.251,0,7251,456,316,0.9901,10,7292,493,316,0.9866,30,7428,581,316,0.9767,91,7431,584,316,0.9763,94
Dogg6xWSgkF8KbsHkTWD3Et4J9a8VBLZjrASURXGiLe1,0,FmTWxK7goqczafo1ZE9WMAapo1DnVNe3YiTFXZL3qWy4,1,62,14051.067,374,2,2,1,0.0,2,26,23,2,0.3846,10,36,33,2,0.3889,18,43,40,2,0.3256,25
DoKnEQ7V4TNrNhfWhahKfj5GXxYFA1rByZtPVpwEVaZp,1,6DbS6uAvP7pcUcLqEEQrLUz2bXqHVsSbTrgnHuFKwGTE,1,3694,6215.424,1,3325,814,26,0.9702,11,3406,874,26,0.9706,16,3411,879,26,0.9692,21,3688,1083,26,0.9669,33
DpXgThazbyfa3raEjm52hgiN8LEMjdd8PsAwVistoN1i,0,7jo1TEiByUBN8sqxP78h3caSw33tFsaofWXMWgBCXneM,0,15000,,,,,,,,,,,,,,,,,,,,,,
DontWTiLwoaJu8fKA492NyrRp1DeamQRoRrd717FBUY,1,2ZaHeq7X8v9pDHp2xhJ3gVgBjkSNt9i6YqEm8SmAcVpA,1,12368,7450.701,0,5516,475,125,0.9862,8,5559,509,125,0.982,25,7627,2379,125,0.8998,206,7903,2520,125,0.8909,264
DqWf9DDK6H5c7KmEHkNJxnzNPSM6mzxonZJjK6yxpump,0,5qiar34ukntTcHh9FYgkKtHzVShQyP29vf9tECNVKooi,1,248,14217.384,28,204,110,9,0.8529,11,239,136,9,0.8285,16,239,136,9,0.8285,16,239,136,9,0.8285,16
Dq4gmcV6yKBpxyq4qr3Lp5AvAY6y7XxFpNcPgZubP8S4,1,7PgxGDWzVT5Y7biTxigUqFMGBTevbiXzaeyN9QxbiYdg,0,15000,,,,,,,,,,,,,,,,,,,,,,
Drc4HGtbSroJWu5kjP2MgRfNS88BH1doniqn9KZZpump,0,GHrB3eBzpmRYB81XqhWj9ajrKQ6HcXpGGPqp8KVHN9GM,1,40,15879.776,204,8,7,2,0.25,6,27,26,2,0.1481,17,35,32,2,0.3429,22,35,32,2,0.3429,22
DqoyiCma1TvcKyVANzwDDzMuPtbQK8D1rmGE2rg5gdHz,1,Exwocgp42QcjMv3xNKQgYGLZbgxYKt3xg9uMxvPEhu6k,1,11883,7802.506,1,8555,1179,55,0.9999,11,11829,1626,118,0.9828,24,11830,1627,118,0.9828,25,11835,1632,118,0.9824,29
DsRtYE7MmYNSVQEUn9gR4EKCs6Tcey6Xu7CRtBPLknZ,0,2D9QeT1ut4xtm6eWm4nashgxmiWW2r6CW5hj6QNEtaAj,1,1742,9718.436,0,1448,285,57,0.8702,11,1541,327,57,0.8741,14,1545,331,57,0.8744,18,1662,444,57,0.8231,110
DrncodVTTSrwF6uo58P8Egh4QYFYH43JMuY5ZZsb7cfD,1,e7WDH8DQYBeBshH9GoEN4bMehqH7dUhw1tt6PvdUnur,1,8812,17932.646,719,1,1,1,0.0,1,53,46,2,0.7736,12,873,693,5,0.8442,102,8796,5830,20,0.9192,342
DtChfd66f6RYp155VxjQ3qYKRNPWZhcupDpYQSFPUcU3,0,DVwYoAj7ZkDn9GgvDC6TLAezaReWyFyYWrSQeTJgMjk,0,15000,,,,,,,,,,,,,,,,,,,,,,
Dsfy4b6AfU3Q8EMA7avVBSLxrTe1QhJ7tVtw7LdTyDvc,1,8jTQmY8pxJtNSGnTPNZkL45tnzwiuML5UrDp48rF6NLU,1,8066,5098.609,0,2016,632,26,0.1865,11,6031,2251,26,0.0728,61,8010,3106,53,0.115,125,8029,3125,53,0.1161,142
DuCmAYsoBAGsoU9epxbjZb66qAr7Xyu6EvkPxks3pump,0,4chWzqdBYBJT6qPMMDofe9RjoTXawVMemZ3tUy37cCyp,1,67,14098.715,506,14,10,3,0.6429,2,58,43,8,0.569,11,61,45,8,0.5574,13,62,46,8,0.5484,14
Du9dt4YSUh2bECpqJ6uRqUPxdebF2vyv6vKE49LdmxvQ,1,CQr5cLHTsNCkKtjK6scqRcruQR9yt3VoZQ3vDtyTiccQ,1,5,16001.524,22,3,3,1,0.0,3,3,3,1,0.0,3,4,4,1,0.0,4,4,4,1,0.0,4
DvcUihZoFL1diNvYyAyysfz8s46rnw3v9UADc75wpump,0,4aNZxkATV6tdoQ3KK1sjg7UATJQQT8im9dQ9cwfPrYZy,0,15000,,,,,,,,,,,,,,,,,,,,,,
DvMzvhUqdnap3S1xcLhipc3t7e1hZhhsAiwHd82jBEKN,1,Bens4Vn7tvfWNzGovnWshseuJKad7B7r14YsxM7GLsPM,1,5320,4141.819,65,1906,351,22,0.0488,11,5305,1085,24,0.2021,32,5307,1087,24,0.202,34,5308,1088,24,0.202,35
DwaSYP31CwC3qJnywc1Ras3mFugivwaxf6ySASbSTgR2,0,3bjDe2mpFdiRPS6cN77gD3KdTMtnYPsN1Z2vkAnuKn4y,1,22,15678.352,11,4,4,1,0.0,3,12,12,1,0.0833,8,15,15,1,0.2,11,20,20,1,0.15,16
DwBWS44bgJRyDsGG2eMfTWpm3sCjdNt7aWvFuDBBeceG,1,HJVC2dmxqP7jMyLiv2Cuqgx7y4fBmJXVgJ4oE5kpLYDK,0,15000,,,,,,,,,,,,,,,,,,,,,,
DxtssVdyYe4wWE5f5zEgx2NqtDFbVL3ABGY62WCycHWg,0,pr5LY8hQRZX8CSQsG4E98c7anKvhfTR4G4HJj8eyA6c,0,15000,,,,,,,,,,,,,,,,,,,,,,
Dx3WLeqqh4J5YDGG8whzweaFr9TgbKCTeLm1KFzcsoTK,1,DBdki1WCVBEmUE7g9rKbCwp2cWzfLR5s22r1dcuG6F7j,1,610,7486.403,0,565,154,50,0.7027,10,587,158,50,0.707,14,590,161,50,0.7034,17,591,162,50,0.7022,18
DzUEfD3dYnC1pD3G5o2LKFhrZnNUTMxdhfhHF4fw7rUT,0,Eq8TmoX1esSPx7eFc1x8QBzGiuN3bpv6tHcDgpxKtrDv,0,15000,,,,,,,,,,,,,,,,,,,,,,
Dy3KymHdz1RdF4Jc2mu2Npdyp7pCiVPrmPCpCKq5LPbi,1,CvuRAQSGhMtCTjwn4HiH8EuvfH9bjbCDQ1coJ6DSbpMJ,1,13130,16198.173,0,12501,970,91,0.995,11,12889,1168,91,0.9844,55,13008,1279,91,0.9769,127,13064,1319,91,0.9757,145
E1kvzJNxShvvWTrudokpzuc789vRiDXfXG3duCuY6ooE,0,EX8eURMB6b3ngxLho3BFbEC9uSgtAQbB4nkCUYdvaoGf,0,15000,,,,,,,,,,,,,,,,,,,,,,
Dz32zfqF2RB5TRGGEquXGjCtjCS1bnQSURaVKSQcpuTJ,1,4Psdpt3UfHjk2bdLZWk1M64scYxLbT3KPycNBB1sbCZV,1,3044,18836.785,1,1132,519,25,0.5256,11,2595,1222,53,0.3746,53,2616,1243,53,0.3758,65,2824,1297,53,0.42,74
E3HZ6aCjLm61L7tKN3C9MNktV8fbj77PRurgQxv9qmTm,0,FTDsYx6S6gPvUCwy7xi2eyM6JMVEKekPcf1PLvnnx5mg,1,44,13685.737,116,3,3,1,0.0,3,8,8,1,0.0,8,12,12,1,0.0,12,12,12,1,0.0,12
E14wxarEy1onG5g9d29g5oNnvx2phFGoem8fpSbdsraC,1,8XWkHWULTbMeHqTDs8REEWMwv57eovvwLih8jWxGfcso,1,494,3815.696,1,443,137,16,0.8014,10,456,149,16,0.7917,17,472,159,16,0.7691,24,487,174,16,0.7495,37
E4BvY2D1jTj2hD1rtrdHoRs96kSrVKjqW68YHHrk7n7X,0,GTBojFFnWjCGZncHiZPQVANVKwGEfr7WPjq4BL2txY4g,1,370,23508.473,18,4,4,1,0.0,4,5,5,1,0.0,5,5,5,1,0.0,5,5,5,1,0.0,5
E2JYUVTyxXP1Tq8cZrBqkjoonogXQ2nhAjz2HbZsPBvA,1,AnxAiAKgvVMzxP9Sm7m1syVyH5xzPGMMhberUeUyWYBD,0,15000,,,,,,,,,,,,,,,,,,,,,,
E4jVYMPqtDL1xeGEnC6u826rUnqM77673jkt1L49daiP,0,5u8iYT9gKN5gAFPDCNphxzH199dRQJ5qcUb3fQgddfXm,1,12581,6487.029,11,3,3,1,0.3333,1,116,108,3,0.6466,34,2533,2041,7,0.7793,255,8155,6435,15,0.8059,896
E3DwTBd7qSdun8rrFxeLvD6uSfd7pJxgsrnkj6duQc8U,1,DG96kA3MshyNSSXhrVEn3GiHSJb1b1tyYTVG8Yon9bmZ,0,15000,,,,,,,,,,,,,,,,,,,,,,
E5c1ZLiMkSt46W9tvWbSR6DMQRUpkxUpkEdLRcPr9akC,0,HddYLyYEwQkfNiw2Wx482qjntEmTRrGcru4RB5GAf1rm,1,6571,18777.521,27,2,2,1,0.5,1,1311,892,8,0.6568,46,5914,4184,9,0.788,306,6553,4721,9,0.7778,418
E4X1ziv14x38tB7ytqxE7ax4DD4xSKw9gKFNtBdBiZHe,1,3bDA9qPy1sMEtKKLDXJrhqQoLRJ2ijmN13trGzsrdBML,0,15000,,,,,,,,,,,,,,,,,,,,,,
E6RvfQEqmWqDGieMtBXLn7Ar1i38pA6sLDLX331tpump,0,9HpPRoV1xxsbWuBfP7QC1rqJqoY7bpRbTHzxHnr1b5Sk,1,68,1930.764,14,25,24,2,0.4,4,57,55,2,0.2105,25,67,65,2,0.1791,35,67,65,2,0.1791,35
E5nxmYp5yEs1nHviZ1rLAHn8ismoxjULtbvfFPYg1Bkp,1,52PBsB3HHHqebyGVUMFsvHru4cS6MezAhbaCcmBbQDuW,1,10347,7976.499,0,10271,1001,96,0.985,10,10304,1020,96,0.9844,16,10312,1028,96,0.9837,23,10322,1036,96,0.9833,28
E7ScdcVk8Xz8jeCoZUSscAbuR96ZADqJkajRWZ3fPkcK,0,BXiS13ndBudJcGRWLqTXJNCbg4h6mA5GUmfRbLGFsFaB,0,15000,,,,,,,,,,,,,,,,,,,,,,
E6R1ejntLSwT5oMWVdXniLhkSGdCPutLsryGTCehC5Ve,1,x6cBhf6nzDnL4n3QFshEX7fpHhK7dG5RJQiLbPoetNo,1,26,13178.842,2138,1,1,1,0.0,1,2,2,1,0.0,2,2,2,1,0.0,2,2,2,1,0.0,2
E8cxtZH4ivfrZTHXKtVmcEqkyKX5EKKFWW9X8jy8pump,0,5esxShYbqa9RDB9X1e8YEyZNCt5WvCituVjiJ5MyiPtV,0,15000,,,,,,,,,,,,,,,,,,,,,,
E7c2awNXZ3f7HsVJb8XnbLZZhy6Xug98miHEBTZ2cPLp,1,Ev2s2NbVPbnpXkD5aHeXxy9NoGsGVt56g3UXjut2DF8f,1,18,15318.308,225,2,2,1,0.0,2,4,4,1,0.0,4,7,7,1,0.0,7,9,9,1,0.0,8
E9cZqo6jLKkU1N44vqvRx4JDB2iiCG9BWdbtKtLGpLDu,0,5eWZwcCAn4yFLgca7aFZvKzgYVoPEjChc5ceWMUfuur5,1,6740,13945.593,1,36,19,7,0.7222,8,63,46,7,0.4603,27,6432,5321,7,0.4397,255,6695,5550,7,0.439,308
E8U6NBbzvAs62u9WZUsRRRGvLjZTdZdvmexoevr2oDbT,1,Hy5cvaVJ7a4BDfiJ7q6p3ZuEariichkroQCucW5SW4Qa,0,15000,,,,,,,,,,,,,,,,,,,,,,
EAQPs36Adjog88uNcLfRhHV3jGEZRKU9V2QjCemLK4f7,0,BdeFojXiaTyLesN59m6NWx7rLq8ACokP8Syd73iu4nKk,0,15000,,,,,,,,,,,,,,,,,,,,,,
E9MtFVNVzKq92MqkczSNFhw6kMLhNgShUrYimsSTZHRT,1,9CqoTNr7Aeod2nAevQxByjWUeqPGyuPHJaes4ZhQQ1HF,1,11,16668.209,51,5,4,2,0.0,4,5,4,2,0.0,4,5,4,2,0.0,4,5,4,2,0.0,4
EB3ArM2EjE4D46fy7twLrxLd3ZU5yYqhGJgvRBfJVG5g,0,2oCxxm3waEVxSa4agE98SuNunc3vLSgihRXZfQ9JRJFL,0,15000,,,,,,,,,,,,,,,,,,,,,,
E9ubci1sGfFJqgaWuWD6JCxQ9KGAPPnPGpw7jJUguZdK,1,CEsyP2b6oa9dTLJrFUCccP7hEd4aK4mNmdK6EjagzeX7,1,11,17536.416,17,3,3,1,0.0,3,5,5,1,0.0,5,6,6,1,0.0,6,6,6,1,0.0,6
EC86LVdNCSn5BvTSPuX1mG8MMVKu7SjfCbqovoggpump,0,8r6zEuLVW3mbFM7winPWD7i6bSAWLpJ53z42vTyyqiNY,1,315,16670.155,22,60,39,5,0.6833,8,232,146,10,0.7026,27,305,203,10,0.6393,53,305,203,10,0.6393,53
EB4CER7sx6PyGPc3TMFXxT84ifrYrYUi8gmUnAFqksBG,1,svBGPMD6pNzZSBh7VvVksx3p4GEkk8xdhqyYRFGL8PJ,0,15000,,,,,,,,,,,,,,,,,,,,,,
EDRjuR1B45uzivTW8s5tbsh2gigJJFzGnN6wWMws4fme,0,2MKLYDKn8kdSJHWeqecpvFhsXseBcYfKiZ71wbPdHvAk,1,6446,8051.863,0,2056,135,61,0.9995,4,4378,802,131,0.8666,54,6300,1797,131,0.8233,224,6371,1852,131,0.8153,254
ECNqvimEWdPpRcBMgYgEKagYRAgKksS1YQGMHLuZs6S7,1,DQqCVGgzo1eZRwbwifqPCrjJ41u5cak8bEQzK5SwnUYK,0,15000,,,,,,,,,,,,,,,,,,,,,,
EEBA6E69rhvGgLSs633u5qVeNjo77fp2wY3yj8Aipump,0,8fV1MK57SK7xDaavVnwHe6JzmirM8U5u6jJPjb5rTJ6G,0,15000,,,,,,,,,,,,,,,,,,,,,,
EDSMEAiKGZh8Bf9fS6uETFLeS9XbKBtq46RfQ5sCp92y,1,9bkftmffxBLVFUtEchCizpLqULBiNNHFnphHsC1vHL4G,1,59,19643.691,1008,1,1,1,0.0,1,30,30,1,0.0,15,38,38,1,0.0,23,39,39,1,0.0,24
EF5fze79mUm6wGm9Ut1fFmPBEoPSjFghWzXed9w2ncha,0,AUXJzLqeq5ALVWXUpUFVsdkjYvmurtfHRBdqo3223dhK,1,842,10159.245,8,21,19,2,0.4286,8,192,162,4,0.6146,42,665,546,6,0.7038,127,818,677,6,0.6932,180
EEP2VmX7dSbdTB8jdfjeyFqQ8eBhMF4YiV81gRbMgcq,1,Fs2HHWd5BKKLXqRtMkpN3ob5hCqjrSv7ZsbcyahVPTJK,1,6042,7941.623,0,534,46,140,0.7996,6,545,50,140,0.8,8,555,60,140,0.7856,17,564,67,140,0.773,24
EG4YR4KAyvhGdhHD8EgJmPMJ1ygWvyoXJkkRjzG1jZCc,0,8vJRx91r79r3evAnv6U3BBTu95sJEVKuysnGd562rHwV,0,15000,,,,,,,,,,,,,,,,,,,,,,
EFMpiBPYpC75L4tWJhCfAGGqTji5JnDsSubejNRD3KXC,1,5bts1gz6x72AoNdXymux7DQPyx6TJiX3reyRnt9nuGUA,1,207,7961.209,200,156,46,21,0.8654,2,177,63,21,0.8475,8,180,66,21,0.8389,11,180,66,21,0.8389,11
EH2tRrNn2TfD2c1vNLMrNaxa4wskzEnzb1Vo5YDRpump,0,BXBYdZoRHakAkN2BdsbhCxLu27Dg3WfaXqG9xu9sACgj,1,1119,13773.974,43,40,31,3,0.875,8,126,90,9,0.8651,27,1096,603,17,0.8896,153,1113,608,17,0.8904,155
EGskQ4nNP8rMqZmaL9FWp1tXkyftCdgvfsTLNmT2XxjF,1,bU5ojaYSaqB8jHXgWj9wJaaG5gUma49miguomEcVMAc,1,12126,13105.458,23,688,542,29,0.939,11,3739,3570,29,0.9802,61,12104,11931,29,0.9917,220,12104,11931,29,0.9917,220
EHiGnstjsXUheCD8WawoupEZ9mWGwDnCBSxCacWQWasD,0,8q1j7o1EkKk8MNGDF8EbgotFvkaWJDV3RjG9D6RHjohG,1,7548,11144.254,1,1779,605,38,0.9713,10,3134,1152,38,0.948,56,7507,2279,38,0.9762,72,7523,2295,38,0.9757,86
EJ1zdz7RqiwrCYQU9hCEgKiDhqFkqTzKCM3WqDykJ6qb,1,3Nc3BTRCKrbgH7JYy9tDsxm1HifovJyg3X9CX6Dzm5mS,1,2027,8118.963,0,1058,431,26,0.6966,11,1276,613,26,0.5823,60,1937,1189,26,0.4775,324,2013,1265,26,0.4605,397
EK1Y2PPYPqP2itpjKFdZom2BBtpB9TfHRzYWyEsxpump,0,FRaJjpjFiZaqPmxw7XsHBeQD9BeUHUBfuLeYr4fKp5Tx,1,238,16663.564,163,2,2,1,0.0,2,2,2,1,0.0,2,2,2,1,0.0,2,231,165,6,0.5065,43
EKDgnX3fwD4z3PtQtP4FjhuWRV2NdBSFRgkTDqTVwVdp,1,7C5Vwxg6kJC6t42dSXKuJJEUhLzqDNE1w1rQBRhv2UDW,1,586,2484.934,0,304,46,30,0.9112,3,307,49,30,0.9023,6,325,57,30,0.8985,10,562,91,31,0.9181,15
EKiwUg6K1aAyfF1uugHxEYPQksVTkCeHorkr8XwsoNAa,0,AnPDgTeeifGFzuGbGjhYps3Dypj8Q7ngQXUTDEkvJVoN,0,15000,,,,,,,,,,,,,,,,,,,,,,
EL2YF6s5HY7FK7k3WV3vQ39RYw6bYevrh5n14HBKAR91,1,5M2zYGGJeP4u6BkYTwn75yeHSSu1EW3TPoYiTdSNfH34,1,1877,4052.004,4,1867,547,42,0.3567,10,1868,548,42,0.3565,11,1870,550,42,0.3567,12,1872,552,42,0.3563,13
ELYeh7XEdPzsksPUSnPDdL3KDwefekHKn5iSnxh2xp5Y,0,5pbZ25pwZ4mXm5733pPYL2XMTasdp7RqAYuD6iCSgS8b,0,15000,,,,,,,,,,,,,,,,,,,,,,
ELjh6bvX17iUkHzabGA2hnbStoA2mPG2DJ9BnS1tMqRr,1,5WbdeHHe5tjoDYHktnJjh7LMXGYFYqW39nmiSwPZteZL,0,15000,,,,,,,,,,,,,,,,,,,,,,
EMgqamyr5EhGD51x8eUDSh9uoYpnzc6yPv3pNAbjCG8T,0,ARtjBJcQnbqfaFxPRePG4UKuvtSfQT78sZ7AUp7DaFbQ,1,1705,28457.856,163,11,11,1,0.0,5,19,19,1,0.1053,11,70,70,1,0.0286,52,124,116,3,0.129,88
EMx5zEaDKFYqAi6xmUMgJRS2tnpEbZGwfydPbnh79f6e,1,G9vymn1LBM5XwVA1FBMsSZD9JU8HRQBhD1PhvgDNQHKE,1,36,14018.417,42,3,3,1,0.0,2,3,3,1,0.0,2,3,3,1,0.0,2,3,3,1,0.0,2
ENoD8J2J6wNHkcJkvVBkwq5JMiR1oNBfBZRkoHCQogyT,0,FZBt8GUmbuJatRiJ6n4zm7g6CHuaU18ivV3Hz6vWamYz,1,30,13701.746,597,2,2,1,0.0,2,6,6,1,0.0,5,6,6,1,0.0,5,6,6,1,0.0,5
ENwNBmXGDNKGGGs4LMyCFK4dZZoR9oByjDnxJ5n4nK2o,1,FjgfzTve3nUz69SiJSp9fNxH77F5UJRmTB9kmbe3DroX,0,15000,,,,,,,,,,,,,,,,,,,,,,
EPtGK4deG13EmxhkrM3uQFay5txx3hRT4ipQpKsfpump,0,HxAXXUG9RBSbZoJ14chWDS54SpHe64jiz77zk9Mrbaw3,1,128,13627.434,54,38,34,2,0.2368,10,63,58,2,0.254,21,121,113,2,0.3306,42,121,113,2,0.3306,42
EQ1u8DsCZRJKZMG7AshgTg4EfMaeBEhuUS1raYtUAGPn,1,2tuRHapWzbtGBYGUZ5LcbCijWf5WZG6cAunbDxVyYCZ3,0,15000,,,,,,,,,,,,,,,,,,,,,,
EQqQVg2kp7kcvydu7xYG2DJFFZLjwToWHAq7JZtrpump,0,AXhopVG6QsmjxqUyqdYkuNT3SQuMnnv24Kx6zSeDigHW,1,128,13758.974,82,27,17,6,0.7778,7,27,17,6,0.7778,7,116,88,7,0.681,33,118,90,7,0.6695,34
ER2UVPC2Y1uBq4kCZH4SKVN1MYfao4jhY1XjYCvSMAfY,1,4A9Xzxyg8mmC4pQ58NNciqGHZk9yMLWXiwRD2BgqBWbp,1,644,16044.327,34,3,3,1,0.0,3,4,4,1,0.0,4,7,7,1,0.0,7,23,23,1,0.087,22
ERyohC12uzjcXi8CTKhqsZsqgLXQx4E47shzGEAhrba3,0,Drj8WBwev4ndiFXwmnE3Y7aPzaH2MTUx1SMtQvGwnahd,0,15000,,,,,,,,,,,,,,,,,,,,,,
ERvwpWXKsgsBKmJHjj3fvwqznAAaGeQ3byeYdpoH6kEC,1,BzzYGPoXid6TiWmLc3BevAhHWFBwRubeKd8A3nJvzDaz,1,13921,6249.465,1,1512,720,26,0.4868,11,2833,1784,26,0.2612,60,11996,8267,26,0.5909,319,12941,9158,26,0.5738,489
ETQ1eizmor3uMnPByaRDdzqVDa67XBdxNuWB61t5pump,0,CBGAGshF9okyyjDwgDE8QGJi1waXjsJPkcfrj3wShiZ5,0,15000,,,,,,,,,,,,,,,,,,,,,,
ESit97vs1Lo3Py96kVpb7t52QMdvvs5nUXyM1owbpump,1,GF5KTcTgucMBLM2M3U1MbwrSBj72iBKYoyKfSFkueJe4,1,9704,2750.414,0,959,495,15,0.0667,11,1766,937,15,0.047,32,2639,1407,15,0.0356,56,9580,3083,160,0.5305,104
EUnEHuFuSgXSPPLMFuF9Lx5DX3QdNoVYpUqZvG4AAZoB,0,BGPh5ivznvdsc6VPRKTWwrFbeNy4S6n5D7xZjpQqoNRW,0,15000,,,,,,,,,,,,,,,,,,,,,,
EThtLy2XCDzskfA1GcHCvbQDQHr4CudVU45LRWpv52my,1,HPfSvLJeBYaXSYqpVkrBmvLSinpnvWqDJUBd4NArF9m8,0,15000,,,,,,,,,,,,,,,,,,,,,,
EVcLppxi4vF3ah3Gc5qppFtmnoSNtAkDRWqJUqvmNJcN,0,9HThStoME3ScrC6JpE6NTrzx8WbptNhaGQUZpJeGfpGX,0,15000,,,,,,,,,,,,,,,,,,,,,,
EUcAW8ZfTGEFj9RA1YJxiqvchgVgthDGKr1LTSXmsYpf,1,BKWbmRmoQgzusqU6xVTVC2wtcVfudWY453x7zELnXenZ,0,15000,,,,,,,,,,,,,,,,,,,,,,
EWQPEuiaZWv8TXSMsw8pfYvn5uQP1S2HzEvPxJMTroLb,0,2U9VpCMQDP7DHmnP8XY7GMiLJpqbtcrecvNqVbbz9bdC,1,76,19593.081,175,2,2,1,0.0,2,51,39,3,0.7059,7,51,39,3,0.7059,7,51,39,3,0.7059,7
EVRvLT2Wd7F8EgHdD3iDq3ETZotgPrW3vs9yQoejGrdZ,1,CJVznMtrvLMNDvEh9GgzX6x1putDBfccvC8bX7sPy8Tb,1,381,27015.763,1,85,66,6,0.3412,10,282,253,6,0.3617,50,299,270,6,0.3411,64,328,299,6,0.3201,89
EXNtu1598RCwTonfCBDMhuZ2Jgjr62LVHUcDW2KrKuHZ,0,CpySMfkmBnWH6kg3ebVZadCYTiMKYKgVFdh7BXRFLiJQ,1,11715,20969.445,0,750,322,134,0.5707,11,2378,1574,134,0.3423,61,4687,3765,134,0.2524,354,5756,4821,134,0.2267,749
EWAPQyjJ1ZxhKdqjFoFrX12Lde5xDvWXvfJjzWCx1dmZ,1,4hM79i8kfEYpKBLJwDRCH88VaEXPSxecYmNsJRBhhMNM,1,178,20037.886,262,14,12,2,0.1429,8,117,111,2,0.2222,36,146,140,2,0.2192,59,148,142,2,0.2162,61
EYKcjpfwFiGUupmZCoT4UYnuefKMTZYqSP8rtLZqorih,0,EAdb9C7RHr5N2cuoPKfgHh8MurZVHqdidDZiE7M4jsXK,1,3771,16504.807,1,83,30,46,0.0602,10,115,62,46,0.0783,30,211,158,46,0.0474,98,489,436,46,0.0409,308
EX6fdkGb6ZskP4m5xUUa3Z9uDQNb5qDjkSnZ7A5uoUXn,1,D99JczAG5m8YzT51rNygBZZRgsuzxNqdTXHj5wgu66pY,1,5774,6027.048,0,1894,793,13,0.028,11,5761,2762,26,0.0989,40,5762,2763,26,0.0989,41,5764,2765,26,0.0989,43
EYwekqw9wncwxwAD8tq3khcko17XN2eUYayM1xWCpump,0,DRqgGfCkLmqLUA31AyxVtuwVxnHBh7gpMRwjSZSWDP91,1,3011,14028.257,14,127,65,9,0.7874,6,233,143,10,0.6609,23,2813,1338,68,0.7913,204,2967,1470,68,0.8008,310
EY8mn9NHZHhE4y1peMJMV2r423KxJEaawDDvpnEBcJEy,1,22U9KBpN9jY8Mu7oNqEjg9edzAZjccvq3vSURwvYuwvf,1,2451,7657.019,3,1467,642,15,1.0,11,1747,786,15,1.0,14,1747,786,15,1.0,14,1747,786,15,1.0,14
EZusuwKDpi4hX1NFqpi74JZTFa3sq5D67vDtLzHS7qhZ,0,4ERc7cvjGNXR4sS9fbg2aJy64r73EYRNuYjf5V2hii6c,1,3037,16476.616,0,1269,340,160,0.6706,11,2601,1363,160,0.4264,60,2650,1407,160,0.4226,94,2662,1419,160,0.4207,106
EZGKA1LdCH18nuXMwYppJtxG9JxL5KHSV8TBpuREDqiQ,1,3jVnRasRn7qexHCqmVBvas7jpVJxfmT6TR8SayVFmbYo,0,15000,,,,,,,,,,,,,,,,,,,,,,
EaoaGA29T4BqYnomvzvriYMq1gah4ruPVx4xBFVmAENQ,0,Htkxke11iA5YJTvDYB1kHLmDsW1mas7mZcfvYNYPvpwM,1,409,16542.175,141,10,10,1,0.0,5,18,17,2,0.1667,7,70,43,8,0.6714,15,289,128,22,0.8304,31
EaCrLbuw5cmBn2MmJuwRE4PAdYZiba7KGGntWYr9DwoA,1,Gyh229qbMLynSFmnqqiRTtHxz2U3htrwDVnwS5rEvRuw,1,137,7629.638,612,1,1,1,0.0,1,4,4,1,0.0,4,34,34,1,0.0588,26,56,56,1,0.0714,44
EbZyvKoeGR8CMtFsox4XNdMNkJtPrEA4JyHhJ19VDvqz,0,2LLVGfAk2932tPodcxCv4pdVztex2BStt9Y324husrVu,1,1409,16384.565,17,3,3,1,0.0,2,47,42,3,0.0213,24,1160,947,9,0.7802,173,1401,1149,9,0.7823,217
Eb1cWB2bJ92MzizFdX4qGYPecRfrhCa1i7kbobvVp7Xn,1,5SDkqsq1xt5kii3ptjco6NYwKTt15gJz5iArh4qvYJnM,1,10786,756.698,0,10462,636,74,0.9849,10,10550,702,74,0.9789,22,10590,726,74,0.9786,27,10660,786,74,0.9769,48
EchesyfXePKdLtoiZSL8pBe8Myagyy8ZRqsACNCFGnvp,0,4SUBbivGMvMhem3ajVtkmuPvL4GuQ8kfYTJFuQfG4F8t,0,15000,,,,,,,,,,,,,,,,,,,,,,
EbsemRUkidn1b2VZiEnepSEYT9dH87Fm1dALpuw3LaCF,1,GF3fY3C5on1z59SBy2fKZ8rwizczjNpEqz7r8TWETX6C,1,14,16005.037,20,3,3,1,0.0,3,3,3,1,0.0,3,5,5,1,0.0,5,9,9,1,0.1111,9
EdemxjodDCT7qAfUHean215Kqag5MKAHr9HwvHGCWB9W,0,7XXp8CoHv6jAg96dmyH97Fc6zAM72tLN9RFDvkdfHAj3,1,1086,15118.998,25,3,3,1,0.0,2,6,6,1,0.0,5,13,13,1,0.0,12,15,15,1,0.0,14
EdAUnK3bq2aXJz86HfxQueZGWdy52PBWG6Kwg7Szpg2w,1,CHfp3u4TouVjvaaWXUhzoyqp9GYxvMxKz5NrH9QepTVV,1,15,6443.759,76,5,5,1,0.0,5,5,5,1,0.0,5,5,5,1,0.0,5,12,12,1,0.0,12
EeYhcd2QPPjgC4fV4h2sm4kFT4xb3FFRo3sQy7AatPUf,0,CdjYaR9UrswpB9yk84RdwyuyaCjkbzSkzytEfX8U8aju,1,8002,21469.966,0,5131,732,42,0.9429,11,5637,1212,42,0.8808,61,6207,1750,42,0.8194,215,6916,2349,42,0.7775,541
Ee8oRAAoK762ykyBxp2F5qmJRmr1fFM5ReK17foUAJDc,1,A3UzmqVmxhZ6dW4GnJutY4FJu6FT1oUQ4oFVSxT5ym6Q,0,15000,,,,,,,,,,,,,,,,,,,,,,
EffQZReGmKomSPER71F3KDjHWFJ6a1wtwfEUCqboVPfW,0,AQ27FW5jCUgrLkDQXhjzUfKd1tK8xVZaQw5rfSDHSxut,0,15000,,,,,,,,,,,,,,,,,,,,,,
EeqRs6TdbnVks9ZMC7W8Y2YU3THMXdeKUcN2vJqG2kYR,1,2FsGeDeNZyJF1phvB1CSRF75V2j28ntmAmUnty6F6As9,1,44,8100.068,54,24,18,4,0.7083,3,42,36,4,0.6905,8,42,36,4,0.6905,8,42,36,4,0.6905,8
EgVcnD826XFAW49teUQvL6k5njCX7pxuRzKFmg7prMRn,0,3SYfWN3HVSbsLixBrvG64F41kP4GavZPP9HbnWDmWXcK,1,7553,8394.276,0,7283,699,172,0.9815,9,7344,727,172,0.9812,16,7400,762,172,0.9811,32,7477,824,172,0.9813,64
Eg6dpMZ7YypXhxQaUkyNujBsw4m5FzXBk7FSA3pL9n5C,1,FVioMoK8yjy3hEzCEmggsoF9HCZGpHxf6ygYc58XYVw2,0,15000,,,,,,,,,,,,,,,,,,,,,,
EhkDgP8e5sz16AFCWUCYJzVug1zvpDLTEHxH4WAFpBFA,0,4RJ3K3JRPYyFpmEYboFoMbpQfravq8TVfmgcCEsmVvvs,0,15000,,,,,,,,,,,,,,,,,,,,,,
EhGyC3CCQ8xW1V2rz1w1HENCaSrEa7B59DiiPMrpump,1,7CMxhHo7DWCVQ5nzExonoc2n3THYxkAAJVaC4TEC58cY,1,2754,10116.176,1,1608,510,74,0.5373,11,2250,1078,74,0.432,61,2647,1461,74,0.3831,230,2693,1506,74,0.3784,271
EioMYbMgJ939agyMGehfiQYoYqLLPFFRtAyj3UMhtR4D,0,HkfVTbCGFTXbTfSbX5UQt9QRMSNj4Md6cca8eeWXnDvp,0,15000,,,,,,,,,,,,,,,,,,,,,,
EiAyn7i69LgmMcN9gc1YmPgjvMkv4WJm7JFSQZwt2rF,1,26wBbsNTFEmyatMGCuTZb93YmEQcJqvU6qgK9XHuu2LY,0,15000,,,,,,,,,,,,,,,,,,,,,,
EjmDTt8G3T725eFSV7oWmGD8J848guo3LZ1EB3RfwGSw,0,C2Y7mJeaCxGhqSHUdB81efcZtrvZYLX79DwPy2MnkQ2z,1,4938,15329.721,17,2,2,1,0.0,1,3,3,1,0.0,2,4,4,1,0.0,3,26,25,2,0.3077,18
EiwozixmJnyDJUDSH4TSye4yDeso9Dvrx98vyaxRUdWP,1,FiayaYMrxYa2k36ZDHJbqzMZDd4tJM36PCAEDdxXdUQc,1,13503,12043.45,0,403,198,43,0.335,11,1880,1336,43,0.1904,61,5603,4612,43,0.0648,326,10190,8697,43,0.038,930
EkZ7KAfr9rSBfsBRHXBNkfxVu6QL89VsJZjUS3FBtHMv,0,5hHt2ir8ddX3jPuyyJGDEpfKuL6oEKGQZLHfk4ymcQ8o,1,3374,3915.682,0,2428,783,23,0.0548,11,3361,990,77,0.3073,19,3363,992,77,0.3072,21,3363,992,77,0.3072,21
EjjgXW7cyhztXdnSsQMimrM2jrCRvZQKMqYKcHLk1avZ,1,8Rd8k2yFkKNsxrJ6KisRqWQpKrZ5BefYMVbb5BCyAqqT,1,379,23592.433,1443,1,1,1,0.0,1,210,37,34,0.8619,13,211,38,34,0.8578,14,213,40,34,0.8498,16
Em9zr2tgSmGgRbz3kxyQeRXjRi9oc13wMu6cKam4zWFW,0,12rYgVN9SbsMHdQHg2fhme1SyjCtPgLAoB9X7V6DRhge,1,131,13985.887,37,2,2,1,0.0,1,2,2,1,0.0,1,2,2,1,0.0,1,2,2,1,0.0,1
Ekgk93TYqxKdUrbWbK5t6YSqxHD9oLuGGVDEYdKnVB8E,1,J7mGDZE2GQE6yoRj6jazkDoT4zJAvzAjjr3PmEUb1XFa,1,2899,6884.115,2,2605,484,83,0.8438,11,2867,597,83,0.857,19,2871,601,83,0.8558,23,2888,612,83,0.8535,29
EnF58efttWMJdvcueNVTsthsek8WycZbGwnvjqErpump,0,Hbx11gxR3zd2stZ2M6GWozwSfH7BzPk8P9WhaxEEKhTu,0,15000,,,,,,,,,,,,,,,,,,,,,,
EmgjERMuZD7ozvHRyUWHNGr6E5vWyLkkVQk7Zv3V7RnW,1,HpAzp3HUknhi1M5E3CydPzNvdmkYSfz5ktzN21EvKB4U,1,10746,5190.954,1,3009,792,28,0.5912,11,10648,3139,30,0.4743,60,10707,3192,30,0.474,88,10718,3203,30,0.4737,98
Eoftcce1q1ueuXU46zzRVuxcRaVFQtSR1uvSE5df8tg3,0,94MiXwnNfSDxwVmBoVDTGbfa1L28wafqpNMDXcsrsoaJ,0,15000,,,,,,,,,,,,,,,,,,,,,,
EnH4JEqqzD9gYHkAkBDBy8Tjx9YHhfXHuYQeYjZi1v8g,1,HE8rbjREgJbFijnDE8DE3Yg6iRh7BqqpBi7qv5wDLeNy,0,15000,,,,,,,,,,,,,,,,,,,,,,
EpPtathNtBLh4Xn6vJxoaekRpCfhNK4sDhqiaDJfEQ8R,0,2b9UWXrYQXuYAv6Hdz4pPQQ7DZVioUJ24p33xrBKX2LU,1,183,13855.621,37,3,3,1,0.0,3,6,6,1,0.0,6,20,18,2,0.0,14,103,87,3,0.4757,42
EoRjJMmJmZ6u3RJ4g9dhNHVZ5wpYUzJQCUNzjLfKZ4HL,1,ComhSjdVoXCAkWMZdrrr3Am72dG93XZoWwW5nUb7BDdL,0,15000,,,,,,,,,,,,,,,,,,,,,,
Eq83UwKh5P7RLFhwEg3DRT8ZxNybSCPu7NVHW27E7Xmx,0,Cd56apJhCrF4JzcS4k53PWes2qdfaJXpqA9zuQnivKLm,1,2882,17532.927,24,39,35,2,0.4615,10,773,562,8,0.868,52,2871,1567,10,0.9606,75,2871,1567,10,0.9606,75
EphmxhQwGYtC3qMBLjywoF7PcCp6XnbBhUVLzz966UR7,1,Gg4WwvFHr5cRaT8UXVMonUvX9Sae6M8uMUq1tz8nVvg4,1,13919,6861.955,1,346,107,47,0.6965,11,1020,637,47,0.3843,61,4820,3022,47,0.1456,360,13909,9577,47,0.2485,1093
Eqpzipvwv8iptjvm91rebVv1g143czCykL6uKVZypump,0,8oe6vr1Lsseud5diUwT9xBm8tjxcJ11K8y1katMZWacv,1,1071,14727.002,0,668,203,22,0.7081,11,987,471,22,0.6008,47,1003,487,22,0.5942,56,1007,491,22,0.5919,59
